run,scenario,algorithm,flow_id,role,src,dst,link,size_bytes,app_start_ns,application_ready_ns,network_release_ns,first_data_tx_ns,last_ack_ns,FCT_us,BCT_ms,CCT_ms,goodput_gbps,completed
mx_s1_dcqcn,S1,dcqcn,4,incast,3,64,0,262144,1899999999,2000000000,2000000000,2000000000,2003625526,3625.5,3.6255,3.6255,0.5784,1
mx_s1_dcqcn,S1,dcqcn,9,incast,8,64,0,262144,1899999999,2000000000,2000000000,2000000000,2003627355,3627.4,3.6274,3.6274,0.5781,1
mx_s1_dcqcn,S1,dcqcn,10,incast,9,64,0,262144,1899999999,2000000000,2000000000,2000000000,2003630022,3630.0,3.63,3.63,0.5777,1
mx_s1_dcqcn,S1,dcqcn,13,incast,12,64,0,262144,1899999999,2000000000,2000000000,2000000000,2003632689,3632.7,3.6327,3.6327,0.5773,1
mx_s1_dcqcn,S1,dcqcn,15,incast,14,64,0,262144,1899999999,2000000000,2000000000,2000000000,2003633680,3633.7,3.6337,3.6337,0.5771,1
mx_s1_dcqcn,S1,dcqcn,6,incast,5,64,0,262144,1899999999,2000000000,2000000000,2000000000,2003696683,3696.7,3.6967,3.6967,0.5673,1
mx_s1_dcqcn,S1,dcqcn,7,incast,6,64,0,262144,1899999999,2000000000,2000000000,2000000000,2003697674,3697.7,3.6977,3.6977,0.5672,1
mx_s1_dcqcn,S1,dcqcn,5,incast,4,64,0,262144,1899999999,2000000000,2000000000,2000000000,2003759839,3759.8,3.7598,3.7598,0.5578,1
mx_s1_dcqcn,S1,dcqcn,11,incast,10,64,0,262144,1899999999,2000000000,2000000000,2000000000,2003760830,3760.8,3.7608,3.7608,0.5576,1
mx_s1_dcqcn,S1,dcqcn,14,incast,13,64,0,262144,1899999999,2000000000,2000000000,2000000000,2003760983,3761.0,3.761,3.761,0.5576,1
mx_s1_dcqcn,S1,dcqcn,8,incast,7,64,0,262144,1899999999,2000000000,2000000000,2000000000,2003761136,3761.1,3.7611,3.7611,0.5576,1
mx_s1_dcqcn,S1,dcqcn,12,incast,11,64,0,262144,1899999999,2000000000,2000000000,2000000000,2003762965,3763.0,3.763,3.763,0.5573,1
mx_s1_dcqcn,S1,dcqcn,16,incast,15,64,0,262144,1899999999,2000000000,2000000000,2000000000,2003763118,3763.1,3.7631,3.7631,0.5573,1
mx_s1_dcqcn,S1,dcqcn,1,incast,0,64,0,262144,1899999999,2000000000,2000000000,2000000000,2003777517,3777.5,3.7775,3.7775,0.5552,1
mx_s1_dcqcn,S1,dcqcn,2,incast,1,64,0,262144,1899999999,2000000000,2000000000,2000000000,2003777670,3777.7,3.7777,3.7777,0.5551,1
mx_s1_dcqcn,S1,dcqcn,3,incast,2,64,0,262144,1899999999,2000000000,2000000000,2000000000,2003777823,3777.8,3.7778,3.7778,0.5551,1
mx_s1_dcqcn,S1,dcqcn,0,background,65,64,0,4000000000,NA,NA,NA,NA,NA,NA,NA,NA,7.617,0
mx_s1_dctcp,S1,dctcp,4,incast,3,64,0,262144,1899999999,2000000000,2000000000,2000000000,2003625526,3625.5,3.6255,3.6255,0.5784,1
mx_s1_dctcp,S1,dctcp,9,incast,8,64,0,262144,1899999999,2000000000,2000000000,2000000000,2003627355,3627.4,3.6274,3.6274,0.5781,1
mx_s1_dctcp,S1,dctcp,10,incast,9,64,0,262144,1899999999,2000000000,2000000000,2000000000,2003630022,3630.0,3.63,3.63,0.5777,1
mx_s1_dctcp,S1,dctcp,13,incast,12,64,0,262144,1899999999,2000000000,2000000000,2000000000,2003632689,3632.7,3.6327,3.6327,0.5773,1
mx_s1_dctcp,S1,dctcp,15,incast,14,64,0,262144,1899999999,2000000000,2000000000,2000000000,2003633680,3633.7,3.6337,3.6337,0.5771,1
mx_s1_dctcp,S1,dctcp,6,incast,5,64,0,262144,1899999999,2000000000,2000000000,2000000000,2003696683,3696.7,3.6967,3.6967,0.5673,1
mx_s1_dctcp,S1,dctcp,7,incast,6,64,0,262144,1899999999,2000000000,2000000000,2000000000,2003697674,3697.7,3.6977,3.6977,0.5672,1
mx_s1_dctcp,S1,dctcp,5,incast,4,64,0,262144,1899999999,2000000000,2000000000,2000000000,2003759839,3759.8,3.7598,3.7598,0.5578,1
mx_s1_dctcp,S1,dctcp,11,incast,10,64,0,262144,1899999999,2000000000,2000000000,2000000000,2003760830,3760.8,3.7608,3.7608,0.5576,1
mx_s1_dctcp,S1,dctcp,14,incast,13,64,0,262144,1899999999,2000000000,2000000000,2000000000,2003760983,3761.0,3.761,3.761,0.5576,1
mx_s1_dctcp,S1,dctcp,8,incast,7,64,0,262144,1899999999,2000000000,2000000000,2000000000,2003761136,3761.1,3.7611,3.7611,0.5576,1
mx_s1_dctcp,S1,dctcp,12,incast,11,64,0,262144,1899999999,2000000000,2000000000,2000000000,2003762965,3763.0,3.763,3.763,0.5573,1
mx_s1_dctcp,S1,dctcp,16,incast,15,64,0,262144,1899999999,2000000000,2000000000,2000000000,2003763118,3763.1,3.7631,3.7631,0.5573,1
mx_s1_dctcp,S1,dctcp,1,incast,0,64,0,262144,1899999999,2000000000,2000000000,2000000000,2003777517,3777.5,3.7775,3.7775,0.5552,1
mx_s1_dctcp,S1,dctcp,2,incast,1,64,0,262144,1899999999,2000000000,2000000000,2000000000,2003777670,3777.7,3.7777,3.7777,0.5551,1
mx_s1_dctcp,S1,dctcp,3,incast,2,64,0,262144,1899999999,2000000000,2000000000,2000000000,2003777823,3777.8,3.7778,3.7778,0.5551,1
mx_s1_dctcp,S1,dctcp,0,background,65,64,0,4000000000,NA,NA,NA,NA,NA,NA,NA,NA,7.617,0
mx_s1_timely,S1,timely,13,incast,12,64,0,262144,1899999999,2000000000,2000000000,2000000000,2004766795,4766.8,4.7668,4.7668,0.44,1
mx_s1_timely,S1,timely,14,incast,13,64,0,262144,1899999999,2000000000,2000000000,2000000000,2004871269,4871.3,4.8713,4.8713,0.4305,1
mx_s1_timely,S1,timely,7,incast,6,64,0,262144,1899999999,2000000000,2000000000,2000000000,2004897592,4897.6,4.8976,4.8976,0.4282,1
mx_s1_timely,S1,timely,2,incast,1,64,0,262144,1899999999,2000000000,2000000000,2000000000,2004972023,4972.0,4.972,4.972,0.4218,1
mx_s1_timely,S1,timely,8,incast,7,64,0,262144,1899999999,2000000000,2000000000,2000000000,2004978934,4978.9,4.9789,4.9789,0.4212,1
mx_s1_timely,S1,timely,3,incast,2,64,0,262144,1899999999,2000000000,2000000000,2000000000,2004982469,4982.5,4.9825,4.9825,0.4209,1
mx_s1_timely,S1,timely,12,incast,11,64,0,262144,1899999999,2000000000,2000000000,2000000000,2004996976,4997.0,4.997,4.997,0.4197,1
mx_s1_timely,S1,timely,9,incast,8,64,0,262144,1899999999,2000000000,2000000000,2000000000,2005019923,5019.9,5.0199,5.0199,0.4178,1
mx_s1_timely,S1,timely,1,incast,0,64,0,262144,1899999999,2000000000,2000000000,2000000000,2005021770,5021.8,5.0218,5.0218,0.4176,1
mx_s1_timely,S1,timely,15,incast,14,64,0,262144,1899999999,2000000000,2000000000,2000000000,2005052313,5052.3,5.0523,5.0523,0.4151,1
mx_s1_timely,S1,timely,4,incast,3,64,0,262144,1899999999,2000000000,2000000000,2000000000,2005053316,5053.3,5.0533,5.0533,0.415,1
mx_s1_timely,S1,timely,5,incast,4,64,0,262144,1899999999,2000000000,2000000000,2000000000,2005071199,5071.2,5.0712,5.0712,0.4135,1
mx_s1_timely,S1,timely,6,incast,5,64,0,262144,1899999999,2000000000,2000000000,2000000000,2005116232,5116.2,5.1162,5.1162,0.4099,1
mx_s1_timely,S1,timely,10,incast,9,64,0,262144,1899999999,2000000000,2000000000,2000000000,2005167562,5167.6,5.1676,5.1676,0.4058,1
mx_s1_timely,S1,timely,16,incast,15,64,0,262144,1899999999,2000000000,2000000000,2000000000,2005172681,5172.7,5.1727,5.1727,0.4054,1
mx_s1_timely,S1,timely,11,incast,10,64,0,262144,1899999999,2000000000,2000000000,2000000000,2005207907,5207.9,5.2079,5.2079,0.4027,1
mx_s1_timely,S1,timely,0,background,65,64,0,4000000000,NA,NA,NA,NA,NA,NA,NA,NA,7.5488,0
mx_s1_hpcc,S1,hpcc,2,incast,1,64,0,262144,1899999999,2000000000,2000000000,2000000000,2003747697,3747.7,3.7477,3.7477,0.5596,1
mx_s1_hpcc,S1,hpcc,16,incast,15,64,0,262144,1899999999,2000000000,2000000000,2000000000,2003765009,3765.0,3.765,3.765,0.557,1
mx_s1_hpcc,S1,hpcc,11,incast,10,64,0,262144,1899999999,2000000000,2000000000,2000000000,2003769981,3770.0,3.77,3.77,0.5563,1
mx_s1_hpcc,S1,hpcc,1,incast,0,64,0,262144,1899999999,2000000000,2000000000,2000000000,2003771542,3771.5,3.7715,3.7715,0.556,1
mx_s1_hpcc,S1,hpcc,8,incast,7,64,0,262144,1899999999,2000000000,2000000000,2000000000,2003776462,3776.5,3.7765,3.7765,0.5553,1
mx_s1_hpcc,S1,hpcc,3,incast,2,64,0,262144,1899999999,2000000000,2000000000,2000000000,2003815494,3815.5,3.8155,3.8155,0.5496,1
mx_s1_hpcc,S1,hpcc,14,incast,13,64,0,262144,1899999999,2000000000,2000000000,2000000000,2003825107,3825.1,3.8251,3.8251,0.5483,1
mx_s1_hpcc,S1,hpcc,5,incast,4,64,0,262144,1899999999,2000000000,2000000000,2000000000,2003875556,3875.6,3.8756,3.8756,0.5411,1
mx_s1_hpcc,S1,hpcc,12,incast,11,64,0,262144,1899999999,2000000000,2000000000,2000000000,2003949138,3949.1,3.9491,3.9491,0.531,1
mx_s1_hpcc,S1,hpcc,6,incast,5,64,0,262144,1899999999,2000000000,2000000000,2000000000,2004035223,4035.2,4.0352,4.0352,0.5197,1
mx_s1_hpcc,S1,hpcc,7,incast,6,64,0,262144,1899999999,2000000000,2000000000,2000000000,2004065871,4065.9,4.0659,4.0659,0.5158,1
mx_s1_hpcc,S1,hpcc,13,incast,12,64,0,262144,1899999999,2000000000,2000000000,2000000000,2004066929,4066.9,4.0669,4.0669,0.5157,1
mx_s1_hpcc,S1,hpcc,9,incast,8,64,0,262144,1899999999,2000000000,2000000000,2000000000,2004093472,4093.5,4.0935,4.0935,0.5123,1
mx_s1_hpcc,S1,hpcc,4,incast,3,64,0,262144,1899999999,2000000000,2000000000,2000000000,2004096546,4096.5,4.0965,4.0965,0.5119,1
mx_s1_hpcc,S1,hpcc,15,incast,14,64,0,262144,1899999999,2000000000,2000000000,2000000000,2004118649,4118.6,4.1186,4.1186,0.5092,1
mx_s1_hpcc,S1,hpcc,10,incast,9,64,0,262144,1899999999,2000000000,2000000000,2000000000,2004136218,4136.2,4.1362,4.1362,0.507,1
mx_s1_hpcc,S1,hpcc,0,background,65,64,0,4000000000,NA,NA,NA,NA,NA,NA,NA,NA,7.3207,0
mx_s1_cbapsba,S1,cbapsba,1,incast,0,64,0,262144,1899999999,2000000000,2000005000,2000005000,2003581625,3576.6,3.5766,3.5816,0.5863,1
mx_s1_cbapsba,S1,cbapsba,16,incast,15,64,0,262144,1899999999,2000000000,2000005000,2000005000,2003581778,3576.8,3.5768,3.5818,0.5863,1
mx_s1_cbapsba,S1,cbapsba,2,incast,1,64,0,262144,1899999999,2000000000,2000005000,2000005959,2003581931,3576.0,3.5769,3.5819,0.5865,1
mx_s1_cbapsba,S1,cbapsba,3,incast,2,64,0,262144,1899999999,2000000000,2000005000,2000006918,2003582084,3575.2,3.5771,3.5821,0.5866,1
mx_s1_cbapsba,S1,cbapsba,4,incast,3,64,0,262144,1899999999,2000000000,2000005000,2000007877,2003582237,3574.4,3.5772,3.5822,0.5867,1
mx_s1_cbapsba,S1,cbapsba,5,incast,4,64,0,262144,1899999999,2000000000,2000005000,2000008836,2003582390,3573.6,3.5774,3.5824,0.5869,1
mx_s1_cbapsba,S1,cbapsba,6,incast,5,64,0,262144,1899999999,2000000000,2000005000,2000009795,2003582543,3572.7,3.5775,3.5825,0.587,1
mx_s1_cbapsba,S1,cbapsba,7,incast,6,64,0,262144,1899999999,2000000000,2000005000,2000010754,2003582696,3571.9,3.5777,3.5827,0.5871,1
mx_s1_cbapsba,S1,cbapsba,8,incast,7,64,0,262144,1899999999,2000000000,2000005000,2000011713,2003582849,3571.1,3.5778,3.5828,0.5873,1
mx_s1_cbapsba,S1,cbapsba,9,incast,8,64,0,262144,1899999999,2000000000,2000005000,2000012672,2003583002,3570.3,3.578,3.583,0.5874,1
mx_s1_cbapsba,S1,cbapsba,10,incast,9,64,0,262144,1899999999,2000000000,2000005000,2000013631,2003583155,3569.5,3.5782,3.5832,0.5875,1
mx_s1_cbapsba,S1,cbapsba,11,incast,10,64,0,262144,1899999999,2000000000,2000005000,2000014590,2003583308,3568.7,3.5783,3.5833,0.5876,1
mx_s1_cbapsba,S1,cbapsba,12,incast,11,64,0,262144,1899999999,2000000000,2000005000,2000015549,2003583461,3567.9,3.5785,3.5835,0.5878,1
mx_s1_cbapsba,S1,cbapsba,13,incast,12,64,0,262144,1899999999,2000000000,2000005000,2000016508,2003583614,3567.1,3.5786,3.5836,0.5879,1
mx_s1_cbapsba,S1,cbapsba,14,incast,13,64,0,262144,1899999999,2000000000,2000005000,2000017467,2003583767,3566.3,3.5788,3.5838,0.588,1
mx_s1_cbapsba,S1,cbapsba,15,incast,14,64,0,262144,1899999999,2000000000,2000005000,2000018426,2003583920,3565.5,3.5789,3.5839,0.5882,1
mx_s1_cbapsba,S1,cbapsba,0,background,65,64,0,4000000000,NA,NA,NA,NA,NA,NA,NA,NA,7.61,0
mx_s2_dcqcn,S2,dcqcn,4,incast,3,64,0,262144,1899999999,2000000000,2000000000,2000000000,2013804712,13804.7,13.8047,13.8047,0.1519,1
mx_s2_dcqcn,S2,dcqcn,10,incast,9,64,0,262144,1899999999,2000000000,2000000000,2000000000,2013807379,13807.4,13.8074,13.8074,0.1519,1
mx_s2_dcqcn,S2,dcqcn,13,incast,12,64,0,262144,1899999999,2000000000,2000000000,2000000000,2013808370,13808.4,13.8084,13.8084,0.1519,1
mx_s2_dcqcn,S2,dcqcn,32,incast,31,64,0,262144,1899999999,2000000000,2000000000,2000000000,2013814389,13814.4,13.8144,13.8144,0.1518,1
mx_s2_dcqcn,S2,dcqcn,31,incast,30,64,0,262144,1899999999,2000000000,2000000000,2000000000,2013814542,13814.5,13.8145,13.8145,0.1518,1
mx_s2_dcqcn,S2,dcqcn,30,incast,29,64,0,262144,1899999999,2000000000,2000000000,2000000000,2013815533,13815.5,13.8155,13.8155,0.1518,1
mx_s2_dcqcn,S2,dcqcn,37,incast,36,64,0,262144,1899999999,2000000000,2000000000,2000000000,2013815686,13815.7,13.8157,13.8157,0.1518,1
mx_s2_dcqcn,S2,dcqcn,60,incast,59,64,0,262144,1899999999,2000000000,2000000000,2000000000,2013825895,13825.9,13.8259,13.8259,0.1517,1
mx_s2_dcqcn,S2,dcqcn,57,incast,56,64,0,262144,1899999999,2000000000,2000000000,2000000000,2013826048,13826.0,13.826,13.826,0.1517,1
mx_s2_dcqcn,S2,dcqcn,59,incast,58,64,0,262144,1899999999,2000000000,2000000000,2000000000,2013827039,13827.0,13.827,13.827,0.1517,1
mx_s2_dcqcn,S2,dcqcn,43,incast,42,64,0,262144,1899999999,2000000000,2000000000,2000000000,2013828030,13828.0,13.828,13.828,0.1517,1
mx_s2_dcqcn,S2,dcqcn,63,incast,62,64,0,262144,1899999999,2000000000,2000000000,2000000000,2013828183,13828.2,13.8282,13.8282,0.1517,1
mx_s2_dcqcn,S2,dcqcn,15,incast,14,64,0,262144,1899999999,2000000000,2000000000,2000000000,2013848448,13848.4,13.8484,13.8484,0.1514,1
mx_s2_dcqcn,S2,dcqcn,39,incast,38,64,0,262144,1899999999,2000000000,2000000000,2000000000,2013853629,13853.6,13.8536,13.8536,0.1514,1
mx_s2_dcqcn,S2,dcqcn,9,incast,8,64,0,262144,1899999999,2000000000,2000000000,2000000000,2013858810,13858.8,13.8588,13.8588,0.1513,1
mx_s2_dcqcn,S2,dcqcn,58,incast,57,64,0,262144,1899999999,2000000000,2000000000,2000000000,2013859801,13859.8,13.8598,13.8598,0.1513,1
mx_s2_dcqcn,S2,dcqcn,34,incast,33,64,0,262144,1899999999,2000000000,2000000000,2000000000,2013869172,13869.2,13.8692,13.8692,0.1512,1
mx_s2_dcqcn,S2,dcqcn,45,incast,44,64,0,262144,1899999999,2000000000,2000000000,2000000000,2013963181,13963.2,13.9632,13.9632,0.1502,1
mx_s2_dcqcn,S2,dcqcn,41,incast,40,64,0,262144,1899999999,2000000000,2000000000,2000000000,2014024508,14024.5,14.0245,14.0245,0.1495,1
mx_s2_dcqcn,S2,dcqcn,48,incast,47,64,0,262144,1899999999,2000000000,2000000000,2000000000,2014030527,14030.5,14.0305,14.0305,0.1495,1
mx_s2_dcqcn,S2,dcqcn,26,incast,25,64,0,262144,1899999999,2000000000,2000000000,2000000000,2014047440,14047.4,14.0474,14.0474,0.1493,1
mx_s2_dcqcn,S2,dcqcn,38,incast,37,64,0,262144,1899999999,2000000000,2000000000,2000000000,2014052621,14052.6,14.0526,14.0526,0.1492,1
mx_s2_dcqcn,S2,dcqcn,36,incast,35,64,0,262144,1899999999,2000000000,2000000000,2000000000,2014054450,14054.5,14.0544,14.0544,0.1492,1
mx_s2_dcqcn,S2,dcqcn,40,incast,39,64,0,262144,1899999999,2000000000,2000000000,2000000000,2014063821,14063.8,14.0638,14.0638,0.1491,1
mx_s2_dcqcn,S2,dcqcn,56,incast,55,64,0,262144,1899999999,2000000000,2000000000,2000000000,2014069002,14069.0,14.069,14.069,0.1491,1
mx_s2_dcqcn,S2,dcqcn,7,incast,6,64,0,262144,1899999999,2000000000,2000000000,2000000000,2014069155,14069.2,14.0692,14.0692,0.1491,1
mx_s2_dcqcn,S2,dcqcn,6,incast,5,64,0,262144,1899999999,2000000000,2000000000,2000000000,2014094448,14094.4,14.0944,14.0944,0.1488,1
mx_s2_dcqcn,S2,dcqcn,5,incast,4,64,0,262144,1899999999,2000000000,2000000000,2000000000,2014099629,14099.6,14.0996,14.0996,0.1487,1
mx_s2_dcqcn,S2,dcqcn,11,incast,10,64,0,262144,1899999999,2000000000,2000000000,2000000000,2014099782,14099.8,14.0998,14.0998,0.1487,1
mx_s2_dcqcn,S2,dcqcn,14,incast,13,64,0,262144,1899999999,2000000000,2000000000,2000000000,2014099935,14099.9,14.0999,14.0999,0.1487,1
mx_s2_dcqcn,S2,dcqcn,52,incast,51,64,0,262144,1899999999,2000000000,2000000000,2000000000,2014105116,14105.1,14.1051,14.1051,0.1487,1
mx_s2_dcqcn,S2,dcqcn,8,incast,7,64,0,262144,1899999999,2000000000,2000000000,2000000000,2014109459,14109.5,14.1095,14.1095,0.1486,1
mx_s2_dcqcn,S2,dcqcn,12,incast,11,64,0,262144,1899999999,2000000000,2000000000,2000000000,2014110450,14110.5,14.1105,14.1105,0.1486,1
mx_s2_dcqcn,S2,dcqcn,44,incast,43,64,0,262144,1899999999,2000000000,2000000000,2000000000,2014110603,14110.6,14.1106,14.1106,0.1486,1
mx_s2_dcqcn,S2,dcqcn,17,incast,16,64,0,262144,1899999999,2000000000,2000000000,2000000000,2014112432,14112.4,14.1124,14.1124,0.1486,1
mx_s2_dcqcn,S2,dcqcn,62,incast,61,64,0,262144,1899999999,2000000000,2000000000,2000000000,2014116775,14116.8,14.1168,14.1168,0.1486,1
mx_s2_dcqcn,S2,dcqcn,49,incast,48,64,0,262144,1899999999,2000000000,2000000000,2000000000,2014134526,14134.5,14.1345,14.1345,0.1484,1
mx_s2_dcqcn,S2,dcqcn,50,incast,49,64,0,262144,1899999999,2000000000,2000000000,2000000000,2014134679,14134.7,14.1347,14.1347,0.1484,1
mx_s2_dcqcn,S2,dcqcn,64,incast,63,64,0,262144,1899999999,2000000000,2000000000,2000000000,2014134832,14134.8,14.1348,14.1348,0.1484,1
mx_s2_dcqcn,S2,dcqcn,47,incast,46,64,0,262144,1899999999,2000000000,2000000000,2000000000,2014139175,14139.2,14.1392,14.1392,0.1483,1
mx_s2_dcqcn,S2,dcqcn,35,incast,34,64,0,262144,1899999999,2000000000,2000000000,2000000000,2014151060,14151.1,14.1511,14.1511,0.1482,1
mx_s2_dcqcn,S2,dcqcn,16,incast,15,64,0,262144,1899999999,2000000000,2000000000,2000000000,2014183057,14183.1,14.1831,14.1831,0.1479,1
mx_s2_dcqcn,S2,dcqcn,54,incast,53,64,0,262144,1899999999,2000000000,2000000000,2000000000,2014185724,14185.7,14.1857,14.1857,0.1478,1
mx_s2_dcqcn,S2,dcqcn,22,incast,21,64,0,262144,1899999999,2000000000,2000000000,2000000000,2014188391,14188.4,14.1884,14.1884,0.1478,1
mx_s2_dcqcn,S2,dcqcn,3,incast,2,64,0,262144,1899999999,2000000000,2000000000,2000000000,2014198600,14198.6,14.1986,14.1986,0.1477,1
mx_s2_dcqcn,S2,dcqcn,55,incast,54,64,0,262144,1899999999,2000000000,2000000000,2000000000,2014202105,14202.1,14.2021,14.2021,0.1477,1
mx_s2_dcqcn,S2,dcqcn,24,incast,23,64,0,262144,1899999999,2000000000,2000000000,2000000000,2014209800,14209.8,14.2098,14.2098,0.1476,1
mx_s2_dcqcn,S2,dcqcn,18,incast,17,64,0,262144,1899999999,2000000000,2000000000,2000000000,2014214143,14214.1,14.2141,14.2141,0.1475,1
mx_s2_dcqcn,S2,dcqcn,61,incast,60,64,0,262144,1899999999,2000000000,2000000000,2000000000,2014221838,14221.8,14.2218,14.2218,0.1475,1
mx_s2_dcqcn,S2,dcqcn,29,incast,28,64,0,262144,1899999999,2000000000,2000000000,2000000000,2014229533,14229.5,14.2295,14.2295,0.1474,1
mx_s2_dcqcn,S2,dcqcn,42,incast,41,64,0,262144,1899999999,2000000000,2000000000,2000000000,2014229686,14229.7,14.2297,14.2297,0.1474,1
mx_s2_dcqcn,S2,dcqcn,23,incast,22,64,0,262144,1899999999,2000000000,2000000000,2000000000,2014234029,14234.0,14.234,14.234,0.1473,1
mx_s2_dcqcn,S2,dcqcn,19,incast,18,64,0,262144,1899999999,2000000000,2000000000,2000000000,2014255970,14256.0,14.256,14.256,0.1471,1
mx_s2_dcqcn,S2,dcqcn,33,incast,32,64,0,262144,1899999999,2000000000,2000000000,2000000000,2014256123,14256.1,14.2561,14.2561,0.1471,1
mx_s2_dcqcn,S2,dcqcn,28,incast,27,64,0,262144,1899999999,2000000000,2000000000,2000000000,2014260466,14260.5,14.2605,14.2605,0.1471,1
mx_s2_dcqcn,S2,dcqcn,1,incast,0,64,0,262144,1899999999,2000000000,2000000000,2000000000,2014281569,14281.6,14.2816,14.2816,0.1468,1
mx_s2_dcqcn,S2,dcqcn,2,incast,1,64,0,262144,1899999999,2000000000,2000000000,2000000000,2014285074,14285.1,14.2851,14.2851,0.1468,1
mx_s2_dcqcn,S2,dcqcn,53,incast,52,64,0,262144,1899999999,2000000000,2000000000,2000000000,2014287741,14287.7,14.2877,14.2877,0.1468,1
mx_s2_dcqcn,S2,dcqcn,27,incast,26,64,0,262144,1899999999,2000000000,2000000000,2000000000,2014291246,14291.2,14.2912,14.2912,0.1467,1
mx_s2_dcqcn,S2,dcqcn,21,incast,20,64,0,262144,1899999999,2000000000,2000000000,2000000000,2014298103,14298.1,14.2981,14.2981,0.1467,1
mx_s2_dcqcn,S2,dcqcn,51,incast,50,64,0,262144,1899999999,2000000000,2000000000,2000000000,2014707564,14707.6,14.7076,14.7076,0.1426,1
mx_s2_dcqcn,S2,dcqcn,25,incast,24,64,0,262144,1899999999,2000000000,2000000000,2000000000,2015007111,15007.1,15.0071,15.0071,0.1397,1
mx_s2_dcqcn,S2,dcqcn,20,incast,19,64,0,262144,1899999999,2000000000,2000000000,2000000000,2015133757,15133.8,15.1338,15.1338,0.1386,1
mx_s2_dcqcn,S2,dcqcn,46,incast,45,64,0,262144,1899999999,2000000000,2000000000,2000000000,2015642236,15642.2,15.6422,15.6422,0.1341,1
mx_s2_dcqcn,S2,dcqcn,0,background,65,64,0,4000000000,NA,NA,NA,NA,NA,NA,NA,NA,7.5261,0
mx_s2_dctcp,S2,dctcp,10,incast,9,64,0,262144,1899999999,2000000000,2000000000,2000000000,2013818958,13819.0,13.819,13.819,0.1518,1
mx_s2_dctcp,S2,dctcp,32,incast,31,64,0,262144,1899999999,2000000000,2000000000,2000000000,2013824977,13825.0,13.825,13.825,0.1517,1
mx_s2_dctcp,S2,dctcp,52,incast,51,64,0,262144,1899999999,2000000000,2000000000,2000000000,2013838538,13838.5,13.8385,13.8385,0.1515,1
mx_s2_dctcp,S2,dctcp,34,incast,33,64,0,262144,1899999999,2000000000,2000000000,2000000000,2013850423,13850.4,13.8504,13.8504,0.1514,1
mx_s2_dctcp,S2,dctcp,4,incast,3,64,0,262144,1899999999,2000000000,2000000000,2000000000,2013864822,13864.8,13.8648,13.8648,0.1513,1
mx_s2_dctcp,S2,dctcp,39,incast,38,64,0,262144,1899999999,2000000000,2000000000,2000000000,2013868327,13868.3,13.8683,13.8683,0.1512,1
mx_s2_dctcp,S2,dctcp,15,incast,14,64,0,262144,1899999999,2000000000,2000000000,2000000000,2013893620,13893.6,13.8936,13.8936,0.1509,1
mx_s2_dctcp,S2,dctcp,59,incast,58,64,0,262144,1899999999,2000000000,2000000000,2000000000,2013916399,13916.4,13.9164,13.9164,0.1507,1
mx_s2_dctcp,S2,dctcp,29,incast,28,64,0,262144,1899999999,2000000000,2000000000,2000000000,2013919066,13919.1,13.9191,13.9191,0.1507,1
mx_s2_dctcp,S2,dctcp,57,incast,56,64,0,262144,1899999999,2000000000,2000000000,2000000000,2013972013,13972.0,13.972,13.972,0.1501,1
mx_s2_dctcp,S2,dctcp,45,incast,44,64,0,262144,1899999999,2000000000,2000000000,2000000000,2013978032,13978.0,13.978,13.978,0.15,1
mx_s2_dctcp,S2,dctcp,43,incast,42,64,0,262144,1899999999,2000000000,2000000000,2000000000,2014041873,14041.9,14.0419,14.0419,0.1493,1
mx_s2_dctcp,S2,dctcp,38,incast,37,64,0,262144,1899999999,2000000000,2000000000,2000000000,2014046216,14046.2,14.0462,14.0462,0.1493,1
mx_s2_dctcp,S2,dctcp,40,incast,39,64,0,262144,1899999999,2000000000,2000000000,2000000000,2014059777,14059.8,14.0598,14.0598,0.1492,1
mx_s2_dctcp,S2,dctcp,60,incast,59,64,0,262144,1899999999,2000000000,2000000000,2000000000,2014069986,14070.0,14.07,14.07,0.1491,1
mx_s2_dctcp,S2,dctcp,28,incast,27,64,0,262144,1899999999,2000000000,2000000000,2000000000,2014073491,14073.5,14.0735,14.0735,0.149,1
mx_s2_dctcp,S2,dctcp,13,incast,12,64,0,262144,1899999999,2000000000,2000000000,2000000000,2014073644,14073.6,14.0736,14.0736,0.149,1
mx_s2_dctcp,S2,dctcp,19,incast,18,64,0,262144,1899999999,2000000000,2000000000,2000000000,2014074635,14074.6,14.0746,14.0746,0.149,1
mx_s2_dctcp,S2,dctcp,9,incast,8,64,0,262144,1899999999,2000000000,2000000000,2000000000,2014088196,14088.2,14.0882,14.0882,0.1489,1
mx_s2_dctcp,S2,dctcp,48,incast,47,64,0,262144,1899999999,2000000000,2000000000,2000000000,2014097567,14097.6,14.0976,14.0976,0.1488,1
mx_s2_dctcp,S2,dctcp,37,incast,36,64,0,262144,1899999999,2000000000,2000000000,2000000000,2014101072,14101.1,14.1011,14.1011,0.1487,1
mx_s2_dctcp,S2,dctcp,35,incast,34,64,0,262144,1899999999,2000000000,2000000000,2000000000,2014101225,14101.2,14.1012,14.1012,0.1487,1
mx_s2_dctcp,S2,dctcp,6,incast,5,64,0,262144,1899999999,2000000000,2000000000,2000000000,2014108920,14108.9,14.1089,14.1089,0.1486,1
mx_s2_dctcp,S2,dctcp,7,incast,6,64,0,262144,1899999999,2000000000,2000000000,2000000000,2014111587,14111.6,14.1116,14.1116,0.1486,1
mx_s2_dctcp,S2,dctcp,61,incast,60,64,0,262144,1899999999,2000000000,2000000000,2000000000,2014114254,14114.3,14.1143,14.1143,0.1486,1
mx_s2_dctcp,S2,dctcp,47,incast,46,64,0,262144,1899999999,2000000000,2000000000,2000000000,2014127815,14127.8,14.1278,14.1278,0.1484,1
mx_s2_dctcp,S2,dctcp,55,incast,54,64,0,262144,1899999999,2000000000,2000000000,2000000000,2014131320,14131.3,14.1313,14.1313,0.1484,1
mx_s2_dctcp,S2,dctcp,25,incast,24,64,0,262144,1899999999,2000000000,2000000000,2000000000,2014132311,14132.3,14.1323,14.1323,0.1484,1
mx_s2_dctcp,S2,dctcp,42,incast,41,64,0,262144,1899999999,2000000000,2000000000,2000000000,2014133302,14133.3,14.1333,14.1333,0.1484,1
mx_s2_dctcp,S2,dctcp,27,incast,26,64,0,262144,1899999999,2000000000,2000000000,2000000000,2014140159,14140.2,14.1402,14.1402,0.1483,1
mx_s2_dctcp,S2,dctcp,56,incast,55,64,0,262144,1899999999,2000000000,2000000000,2000000000,2014146178,14146.2,14.1462,14.1462,0.1482,1
mx_s2_dctcp,S2,dctcp,53,incast,52,64,0,262144,1899999999,2000000000,2000000000,2000000000,2014147169,14147.2,14.1472,14.1472,0.1482,1
mx_s2_dctcp,S2,dctcp,8,incast,7,64,0,262144,1899999999,2000000000,2000000000,2000000000,2014163244,14163.2,14.1632,14.1632,0.1481,1
mx_s2_dctcp,S2,dctcp,23,incast,22,64,0,262144,1899999999,2000000000,2000000000,2000000000,2014181833,14181.8,14.1818,14.1818,0.1479,1
mx_s2_dctcp,S2,dctcp,20,incast,19,64,0,262144,1899999999,2000000000,2000000000,2000000000,2014187852,14187.9,14.1879,14.1879,0.1478,1
mx_s2_dctcp,S2,dctcp,36,incast,35,64,0,262144,1899999999,2000000000,2000000000,2000000000,2014192195,14192.2,14.1922,14.1922,0.1478,1
mx_s2_dctcp,S2,dctcp,31,incast,30,64,0,262144,1899999999,2000000000,2000000000,2000000000,2014207432,14207.4,14.2074,14.2074,0.1476,1
mx_s2_dctcp,S2,dctcp,51,incast,50,64,0,262144,1899999999,2000000000,2000000000,2000000000,2014231887,14231.9,14.2319,14.2319,0.1474,1
mx_s2_dctcp,S2,dctcp,1,incast,0,64,0,262144,1899999999,2000000000,2000000000,2000000000,2014240420,14240.4,14.2404,14.2404,0.1473,1
mx_s2_dctcp,S2,dctcp,22,incast,21,64,0,262144,1899999999,2000000000,2000000000,2000000000,2014242249,14242.2,14.2422,14.2422,0.1472,1
mx_s2_dctcp,S2,dctcp,21,incast,20,64,0,262144,1899999999,2000000000,2000000000,2000000000,2014243240,14243.2,14.2432,14.2432,0.1472,1
mx_s2_dctcp,S2,dctcp,50,incast,49,64,0,262144,1899999999,2000000000,2000000000,2000000000,2014243393,14243.4,14.2434,14.2434,0.1472,1
mx_s2_dctcp,S2,dctcp,2,incast,1,64,0,262144,1899999999,2000000000,2000000000,2000000000,2014262820,14262.8,14.2628,14.2628,0.147,1
mx_s2_dctcp,S2,dctcp,54,incast,53,64,0,262144,1899999999,2000000000,2000000000,2000000000,2014263811,14263.8,14.2638,14.2638,0.147,1
mx_s2_dctcp,S2,dctcp,14,incast,13,64,0,262144,1899999999,2000000000,2000000000,2000000000,2014268154,14268.2,14.2682,14.2682,0.147,1
mx_s2_dctcp,S2,dctcp,5,incast,4,64,0,262144,1899999999,2000000000,2000000000,2000000000,2014268307,14268.3,14.2683,14.2683,0.147,1
mx_s2_dctcp,S2,dctcp,11,incast,10,64,0,262144,1899999999,2000000000,2000000000,2000000000,2014268460,14268.5,14.2685,14.2685,0.147,1
mx_s2_dctcp,S2,dctcp,44,incast,43,64,0,262144,1899999999,2000000000,2000000000,2000000000,2014270289,14270.3,14.2703,14.2703,0.147,1
mx_s2_dctcp,S2,dctcp,58,incast,57,64,0,262144,1899999999,2000000000,2000000000,2000000000,2014272118,14272.1,14.2721,14.2721,0.1469,1
mx_s2_dctcp,S2,dctcp,46,incast,45,64,0,262144,1899999999,2000000000,2000000000,2000000000,2014273109,14273.1,14.2731,14.2731,0.1469,1
mx_s2_dctcp,S2,dctcp,12,incast,11,64,0,262144,1899999999,2000000000,2000000000,2000000000,2014284156,14284.2,14.2842,14.2842,0.1468,1
mx_s2_dctcp,S2,dctcp,49,incast,48,64,0,262144,1899999999,2000000000,2000000000,2000000000,2014286823,14286.8,14.2868,14.2868,0.1468,1
mx_s2_dctcp,S2,dctcp,16,incast,15,64,0,262144,1899999999,2000000000,2000000000,2000000000,2014288652,14288.7,14.2887,14.2887,0.1468,1
mx_s2_dctcp,S2,dctcp,41,incast,40,64,0,262144,1899999999,2000000000,2000000000,2000000000,2014302213,14302.2,14.3022,14.3022,0.1466,1
mx_s2_dctcp,S2,dctcp,24,incast,23,64,0,262144,1899999999,2000000000,2000000000,2000000000,2014304042,14304.0,14.304,14.304,0.1466,1
mx_s2_dctcp,S2,dctcp,3,incast,2,64,0,262144,1899999999,2000000000,2000000000,2000000000,2014304195,14304.2,14.3042,14.3042,0.1466,1
mx_s2_dctcp,S2,dctcp,33,incast,32,64,0,262144,1899999999,2000000000,2000000000,2000000000,2014315242,14315.2,14.3152,14.3152,0.1465,1
mx_s2_dctcp,S2,dctcp,17,incast,16,64,0,262144,1899999999,2000000000,2000000000,2000000000,2014315395,14315.4,14.3154,14.3154,0.1465,1
mx_s2_dctcp,S2,dctcp,62,incast,61,64,0,262144,1899999999,2000000000,2000000000,2000000000,2014318900,14318.9,14.3189,14.3189,0.1465,1
mx_s2_dctcp,S2,dctcp,64,incast,63,64,0,262144,1899999999,2000000000,2000000000,2000000000,2014323243,14323.2,14.3232,14.3232,0.1464,1
mx_s2_dctcp,S2,dctcp,18,incast,17,64,0,262144,1899999999,2000000000,2000000000,2000000000,2014333452,14333.5,14.3335,14.3335,0.1463,1
mx_s2_dctcp,S2,dctcp,26,incast,25,64,0,262144,1899999999,2000000000,2000000000,2000000000,2014341147,14341.1,14.3411,14.3411,0.1462,1
mx_s2_dctcp,S2,dctcp,30,incast,29,64,0,262144,1899999999,2000000000,2000000000,2000000000,2014341300,14341.3,14.3413,14.3413,0.1462,1
mx_s2_dctcp,S2,dctcp,63,incast,62,64,0,262144,1899999999,2000000000,2000000000,2000000000,2014345643,14345.6,14.3456,14.3456,0.1462,1
mx_s2_dctcp,S2,dctcp,0,background,65,64,0,4000000000,NA,NA,NA,NA,NA,NA,NA,NA,7.5696,0
mx_s2_timely,S2,timely,4,incast,3,64,0,262144,1899999999,2000000000,2000000000,2000000000,2013902171,13902.2,13.9022,13.9022,0.1509,1
mx_s2_timely,S2,timely,34,incast,33,64,0,262144,1899999999,2000000000,2000000000,2000000000,2013950438,13950.4,13.9504,13.9504,0.1503,1
mx_s2_timely,S2,timely,32,incast,31,64,0,262144,1899999999,2000000000,2000000000,2000000000,2014001237,14001.2,14.0012,14.0012,0.1498,1
mx_s2_timely,S2,timely,37,incast,36,64,0,262144,1899999999,2000000000,2000000000,2000000000,2014014900,14014.9,14.0149,14.0149,0.1496,1
mx_s2_timely,S2,timely,52,incast,51,64,0,262144,1899999999,2000000000,2000000000,2000000000,2014050507,14050.5,14.0505,14.0505,0.1493,1
mx_s2_timely,S2,timely,59,incast,58,64,0,262144,1899999999,2000000000,2000000000,2000000000,2014052354,14052.4,14.0524,14.0524,0.1492,1
mx_s2_timely,S2,timely,13,incast,12,64,0,262144,1899999999,2000000000,2000000000,2000000000,2014072769,14072.8,14.0728,14.0728,0.149,1
mx_s2_timely,S2,timely,31,incast,30,64,0,262144,1899999999,2000000000,2000000000,2000000000,2014154796,14154.8,14.1548,14.1548,0.1482,1
mx_s2_timely,S2,timely,9,incast,8,64,0,262144,1899999999,2000000000,2000000000,2000000000,2014154955,14155.0,14.155,14.155,0.1482,1
mx_s2_timely,S2,timely,43,incast,42,64,0,262144,1899999999,2000000000,2000000000,2000000000,2014155958,14156.0,14.156,14.156,0.1481,1
mx_s2_timely,S2,timely,57,incast,56,64,0,262144,1899999999,2000000000,2000000000,2000000000,2014156117,14156.1,14.1561,14.1561,0.1481,1
mx_s2_timely,S2,timely,63,incast,62,64,0,262144,1899999999,2000000000,2000000000,2000000000,2014156276,14156.3,14.1563,14.1563,0.1481,1
mx_s2_timely,S2,timely,23,incast,22,64,0,262144,1899999999,2000000000,2000000000,2000000000,2014159811,14159.8,14.1598,14.1598,0.1481,1
mx_s2_timely,S2,timely,10,incast,9,64,0,262144,1899999999,2000000000,2000000000,2000000000,2014172630,14172.6,14.1726,14.1726,0.148,1
mx_s2_timely,S2,timely,15,incast,14,64,0,262144,1899999999,2000000000,2000000000,2000000000,2014172789,14172.8,14.1728,14.1728,0.148,1
mx_s2_timely,S2,timely,58,incast,57,64,0,262144,1899999999,2000000000,2000000000,2000000000,2014174636,14174.6,14.1746,14.1746,0.148,1
mx_s2_timely,S2,timely,29,incast,28,64,0,262144,1899999999,2000000000,2000000000,2000000000,2014185767,14185.8,14.1858,14.1858,0.1478,1
mx_s2_timely,S2,timely,33,incast,32,64,0,262144,1899999999,2000000000,2000000000,2000000000,2014195210,14195.2,14.1952,14.1952,0.1477,1
mx_s2_timely,S2,timely,39,incast,38,64,0,262144,1899999999,2000000000,2000000000,2000000000,2014198745,14198.7,14.1987,14.1987,0.1477,1
mx_s2_timely,S2,timely,2,incast,1,64,0,262144,1899999999,2000000000,2000000000,2000000000,2014235196,14235.2,14.2352,14.2352,0.1473,1
mx_s2_timely,S2,timely,38,incast,37,64,0,262144,1899999999,2000000000,2000000000,2000000000,2014240419,14240.4,14.2404,14.2404,0.1473,1
mx_s2_timely,S2,timely,18,incast,17,64,0,262144,1899999999,2000000000,2000000000,2000000000,2014251550,14251.5,14.2515,14.2515,0.1472,1
mx_s2_timely,S2,timely,7,incast,6,64,0,262144,1899999999,2000000000,2000000000,2000000000,2014255929,14255.9,14.2559,14.2559,0.1471,1
mx_s2_timely,S2,timely,20,incast,19,64,0,262144,1899999999,2000000000,2000000000,2000000000,2014261152,14261.2,14.2612,14.2612,0.1471,1
mx_s2_timely,S2,timely,28,incast,27,64,0,262144,1899999999,2000000000,2000000000,2000000000,2014263843,14263.8,14.2638,14.2638,0.147,1
mx_s2_timely,S2,timely,36,incast,35,64,0,262144,1899999999,2000000000,2000000000,2000000000,2014266534,14266.5,14.2665,14.2665,0.147,1
mx_s2_timely,S2,timely,40,incast,39,64,0,262144,1899999999,2000000000,2000000000,2000000000,2014266693,14266.7,14.2667,14.2667,0.147,1
mx_s2_timely,S2,timely,17,incast,16,64,0,262144,1899999999,2000000000,2000000000,2000000000,2014268540,14268.5,14.2685,14.2685,0.147,1
mx_s2_timely,S2,timely,25,incast,24,64,0,262144,1899999999,2000000000,2000000000,2000000000,2014269543,14269.5,14.2695,14.2695,0.147,1
mx_s2_timely,S2,timely,6,incast,5,64,0,262144,1899999999,2000000000,2000000000,2000000000,2014278986,14279.0,14.279,14.279,0.1469,1
mx_s2_timely,S2,timely,64,incast,63,64,0,262144,1899999999,2000000000,2000000000,2000000000,2014279145,14279.1,14.2791,14.2791,0.1469,1
mx_s2_timely,S2,timely,19,incast,18,64,0,262144,1899999999,2000000000,2000000000,2000000000,2014280148,14280.1,14.2801,14.2801,0.1469,1
mx_s2_timely,S2,timely,48,incast,47,64,0,262144,1899999999,2000000000,2000000000,2000000000,2014281151,14281.2,14.2812,14.2812,0.1468,1
mx_s2_timely,S2,timely,26,incast,25,64,0,262144,1899999999,2000000000,2000000000,2000000000,2014281310,14281.3,14.2813,14.2813,0.1468,1
mx_s2_timely,S2,timely,35,incast,34,64,0,262144,1899999999,2000000000,2000000000,2000000000,2014284845,14284.8,14.2848,14.2848,0.1468,1
mx_s2_timely,S2,timely,45,incast,44,64,0,262144,1899999999,2000000000,2000000000,2000000000,2014290912,14290.9,14.2909,14.2909,0.1467,1
mx_s2_timely,S2,timely,56,incast,55,64,0,262144,1899999999,2000000000,2000000000,2000000000,2014291071,14291.1,14.2911,14.2911,0.1467,1
mx_s2_timely,S2,timely,14,incast,13,64,0,262144,1899999999,2000000000,2000000000,2000000000,2014296294,14296.3,14.2963,14.2963,0.1467,1
mx_s2_timely,S2,timely,11,incast,10,64,0,262144,1899999999,2000000000,2000000000,2000000000,2014296453,14296.5,14.2965,14.2965,0.1467,1
mx_s2_timely,S2,timely,5,incast,4,64,0,262144,1899999999,2000000000,2000000000,2000000000,2014296612,14296.6,14.2966,14.2966,0.1467,1
mx_s2_timely,S2,timely,53,incast,52,64,0,262144,1899999999,2000000000,2000000000,2000000000,2014306055,14306.1,14.3061,14.3061,0.1466,1
mx_s2_timely,S2,timely,22,incast,21,64,0,262144,1899999999,2000000000,2000000000,2000000000,2014310434,14310.4,14.3104,14.3104,0.1465,1
mx_s2_timely,S2,timely,21,incast,20,64,0,262144,1899999999,2000000000,2000000000,2000000000,2014317465,14317.5,14.3175,14.3175,0.1465,1
mx_s2_timely,S2,timely,54,incast,53,64,0,262144,1899999999,2000000000,2000000000,2000000000,2014322111,14322.1,14.3221,14.3221,0.1464,1
mx_s2_timely,S2,timely,16,incast,15,64,0,262144,1899999999,2000000000,2000000000,2000000000,2014327273,14327.3,14.3273,14.3273,0.1464,1
mx_s2_timely,S2,timely,30,incast,29,64,0,262144,1899999999,2000000000,2000000000,2000000000,2014342935,14342.9,14.3429,14.3429,0.1462,1
mx_s2_timely,S2,timely,42,incast,41,64,0,262144,1899999999,2000000000,2000000000,2000000000,2014367926,14367.9,14.3679,14.3679,0.146,1
mx_s2_timely,S2,timely,27,incast,26,64,0,262144,1899999999,2000000000,2000000000,2000000000,2014371132,14371.1,14.3711,14.3711,0.1459,1
mx_s2_timely,S2,timely,44,incast,43,64,0,262144,1899999999,2000000000,2000000000,2000000000,2014376506,14376.5,14.3765,14.3765,0.1459,1
mx_s2_timely,S2,timely,60,incast,59,64,0,262144,1899999999,2000000000,2000000000,2000000000,2014379743,14379.7,14.3797,14.3797,0.1458,1
mx_s2_timely,S2,timely,8,incast,7,64,0,262144,1899999999,2000000000,2000000000,2000000000,2014380018,14380.0,14.38,14.38,0.1458,1
mx_s2_timely,S2,timely,61,incast,60,64,0,262144,1899999999,2000000000,2000000000,2000000000,2014381159,14381.2,14.3812,14.3812,0.1458,1
mx_s2_timely,S2,timely,62,incast,61,64,0,262144,1899999999,2000000000,2000000000,2000000000,2014384327,14384.3,14.3843,14.3843,0.1458,1
mx_s2_timely,S2,timely,12,incast,11,64,0,262144,1899999999,2000000000,2000000000,2000000000,2014384613,14384.6,14.3846,14.3846,0.1458,1
mx_s2_timely,S2,timely,49,incast,48,64,0,262144,1899999999,2000000000,2000000000,2000000000,2014386407,14386.4,14.3864,14.3864,0.1458,1
mx_s2_timely,S2,timely,41,incast,40,64,0,262144,1899999999,2000000000,2000000000,2000000000,2014387204,14387.2,14.3872,14.3872,0.1458,1
mx_s2_timely,S2,timely,50,incast,49,64,0,262144,1899999999,2000000000,2000000000,2000000000,2014406437,14406.4,14.4064,14.4064,0.1456,1
mx_s2_timely,S2,timely,51,incast,50,64,0,262144,1899999999,2000000000,2000000000,2000000000,2014418073,14418.1,14.4181,14.4181,0.1455,1
mx_s2_timely,S2,timely,1,incast,0,64,0,262144,1899999999,2000000000,2000000000,2000000000,2014467767,14467.8,14.4678,14.4678,0.145,1
mx_s2_timely,S2,timely,3,incast,2,64,0,262144,1899999999,2000000000,2000000000,2000000000,2014486244,14486.2,14.4862,14.4862,0.1448,1
mx_s2_timely,S2,timely,24,incast,23,64,0,262144,1899999999,2000000000,2000000000,2000000000,2014496453,14496.5,14.4965,14.4965,0.1447,1
mx_s2_timely,S2,timely,46,incast,45,64,0,262144,1899999999,2000000000,2000000000,2000000000,2014508582,14508.6,14.5086,14.5086,0.1445,1
mx_s2_timely,S2,timely,55,incast,54,64,0,262144,1899999999,2000000000,2000000000,2000000000,2014537249,14537.2,14.5372,14.5372,0.1443,1
mx_s2_timely,S2,timely,47,incast,46,64,0,262144,1899999999,2000000000,2000000000,2000000000,2014574696,14574.7,14.5747,14.5747,0.1439,1
mx_s2_timely,S2,timely,0,background,65,64,0,4000000000,NA,NA,NA,NA,NA,NA,NA,NA,7.5093,0
mx_s2_hpcc,S2,hpcc,36,incast,35,64,0,262144,1899999999,2000000000,2000000000,2000000000,2014142406,14142.4,14.1424,14.1424,0.1483,1
mx_s2_hpcc,S2,hpcc,43,incast,42,64,0,262144,1899999999,2000000000,2000000000,2000000000,2014323833,14323.8,14.3238,14.3238,0.1464,1
mx_s2_hpcc,S2,hpcc,9,incast,8,64,0,262144,1899999999,2000000000,2000000000,2000000000,2014379764,14379.8,14.3798,14.3798,0.1458,1
mx_s2_hpcc,S2,hpcc,13,incast,12,64,0,262144,1899999999,2000000000,2000000000,2000000000,2014414791,14414.8,14.4148,14.4148,0.1455,1
mx_s2_hpcc,S2,hpcc,11,incast,10,64,0,262144,1899999999,2000000000,2000000000,2000000000,2014426301,14426.3,14.4263,14.4263,0.1454,1
mx_s2_hpcc,S2,hpcc,33,incast,32,64,0,262144,1899999999,2000000000,2000000000,2000000000,2014455610,14455.6,14.4556,14.4556,0.1451,1
mx_s2_hpcc,S2,hpcc,4,incast,3,64,0,262144,1899999999,2000000000,2000000000,2000000000,2014478443,14478.4,14.4784,14.4784,0.1448,1
mx_s2_hpcc,S2,hpcc,44,incast,43,64,0,262144,1899999999,2000000000,2000000000,2000000000,2014479501,14479.5,14.4795,14.4795,0.1448,1
mx_s2_hpcc,S2,hpcc,53,incast,52,64,0,262144,1899999999,2000000000,2000000000,2000000000,2014538437,14538.4,14.5384,14.5384,0.1442,1
mx_s2_hpcc,S2,hpcc,54,incast,53,64,0,262144,1899999999,2000000000,2000000000,2000000000,2014554302,14554.3,14.5543,14.5543,0.1441,1
mx_s2_hpcc,S2,hpcc,47,incast,46,64,0,262144,1899999999,2000000000,2000000000,2000000000,2014555360,14555.4,14.5554,14.5554,0.1441,1
mx_s2_hpcc,S2,hpcc,14,incast,13,64,0,262144,1899999999,2000000000,2000000000,2000000000,2014563386,14563.4,14.5634,14.5634,0.144,1
mx_s2_hpcc,S2,hpcc,32,incast,31,64,0,262144,1899999999,2000000000,2000000000,2000000000,2014568799,14568.8,14.5688,14.5688,0.1439,1
mx_s2_hpcc,S2,hpcc,23,incast,22,64,0,262144,1899999999,2000000000,2000000000,2000000000,2014585535,14585.5,14.5855,14.5855,0.1438,1
mx_s2_hpcc,S2,hpcc,48,incast,47,64,0,262144,1899999999,2000000000,2000000000,2000000000,2014597045,14597.0,14.597,14.597,0.1437,1
mx_s2_hpcc,S2,hpcc,31,incast,30,64,0,262144,1899999999,2000000000,2000000000,2000000000,2014634430,14634.4,14.6344,14.6344,0.1433,1
mx_s2_hpcc,S2,hpcc,15,incast,14,64,0,262144,1899999999,2000000000,2000000000,2000000000,2014662733,14662.7,14.6627,14.6627,0.143,1
mx_s2_hpcc,S2,hpcc,63,incast,62,64,0,262144,1899999999,2000000000,2000000000,2000000000,2014668146,14668.1,14.6681,14.6681,0.143,1
mx_s2_hpcc,S2,hpcc,41,incast,40,64,0,262144,1899999999,2000000000,2000000000,2000000000,2014675301,14675.3,14.6753,14.6753,0.1429,1
mx_s2_hpcc,S2,hpcc,45,incast,44,64,0,262144,1899999999,2000000000,2000000000,2000000000,2014697263,14697.3,14.6973,14.6973,0.1427,1
mx_s2_hpcc,S2,hpcc,30,incast,29,64,0,262144,1899999999,2000000000,2000000000,2000000000,2014724451,14724.5,14.7245,14.7245,0.1424,1
mx_s2_hpcc,S2,hpcc,38,incast,37,64,0,262144,1899999999,2000000000,2000000000,2000000000,2014752510,14752.5,14.7525,14.7525,0.1422,1
mx_s2_hpcc,S2,hpcc,34,incast,33,64,0,262144,1899999999,2000000000,2000000000,2000000000,2014760479,14760.5,14.7605,14.7605,0.1421,1
mx_s2_hpcc,S2,hpcc,7,incast,6,64,0,262144,1899999999,2000000000,2000000000,2000000000,2014787667,14787.7,14.7877,14.7877,0.1418,1
mx_s2_hpcc,S2,hpcc,8,incast,7,64,0,262144,1899999999,2000000000,2000000000,2000000000,2014792209,14792.2,14.7922,14.7922,0.1418,1
mx_s2_hpcc,S2,hpcc,56,incast,55,64,0,262144,1899999999,2000000000,2000000000,2000000000,2014793267,14793.3,14.7933,14.7933,0.1418,1
mx_s2_hpcc,S2,hpcc,64,incast,63,64,0,262144,1899999999,2000000000,2000000000,2000000000,2014811416,14811.4,14.8114,14.8114,0.1416,1
mx_s2_hpcc,S2,hpcc,6,incast,5,64,0,262144,1899999999,2000000000,2000000000,2000000000,2014839475,14839.5,14.8395,14.8395,0.1413,1
mx_s2_hpcc,S2,hpcc,28,incast,27,64,0,262144,1899999999,2000000000,2000000000,2000000000,2014852727,14852.7,14.8527,14.8527,0.1412,1
mx_s2_hpcc,S2,hpcc,25,incast,24,64,0,262144,1899999999,2000000000,2000000000,2000000000,2014853785,14853.8,14.8538,14.8538,0.1412,1
mx_s2_hpcc,S2,hpcc,17,incast,16,64,0,262144,1899999999,2000000000,2000000000,2000000000,2014869650,14869.6,14.8697,14.8697,0.141,1
mx_s2_hpcc,S2,hpcc,49,incast,48,64,0,262144,1899999999,2000000000,2000000000,2000000000,2014871579,14871.6,14.8716,14.8716,0.141,1
mx_s2_hpcc,S2,hpcc,18,incast,17,64,0,262144,1899999999,2000000000,2000000000,2000000000,2014872637,14872.6,14.8726,14.8726,0.141,1
mx_s2_hpcc,S2,hpcc,24,incast,23,64,0,262144,1899999999,2000000000,2000000000,2000000000,2014877179,14877.2,14.8772,14.8772,0.141,1
mx_s2_hpcc,S2,hpcc,19,incast,18,64,0,262144,1899999999,2000000000,2000000000,2000000000,2014882801,14882.8,14.8828,14.8828,0.1409,1
mx_s2_hpcc,S2,hpcc,1,incast,0,64,0,262144,1899999999,2000000000,2000000000,2000000000,2014885717,14885.7,14.8857,14.8857,0.1409,1
mx_s2_hpcc,S2,hpcc,27,incast,26,64,0,262144,1899999999,2000000000,2000000000,2000000000,2014890417,14890.4,14.8904,14.8904,0.1408,1
mx_s2_hpcc,S2,hpcc,20,incast,19,64,0,262144,1899999999,2000000000,2000000000,2000000000,2014900718,14900.7,14.9007,14.9007,0.1407,1
mx_s2_hpcc,S2,hpcc,5,incast,4,64,0,262144,1899999999,2000000000,2000000000,2000000000,2014915193,14915.2,14.9152,14.9152,0.1406,1
mx_s2_hpcc,S2,hpcc,35,incast,34,64,0,262144,1899999999,2000000000,2000000000,2000000000,2014922183,14922.2,14.9222,14.9222,0.1405,1
mx_s2_hpcc,S2,hpcc,39,incast,38,64,0,262144,1899999999,2000000000,2000000000,2000000000,2014929351,14929.4,14.9294,14.9294,0.1405,1
mx_s2_hpcc,S2,hpcc,62,incast,61,64,0,262144,1899999999,2000000000,2000000000,2000000000,2014936506,14936.5,14.9365,14.9365,0.1404,1
mx_s2_hpcc,S2,hpcc,61,incast,60,64,0,262144,1899999999,2000000000,2000000000,2000000000,2014944478,14944.5,14.9445,14.9445,0.1403,1
mx_s2_hpcc,S2,hpcc,57,incast,56,64,0,262144,1899999999,2000000000,2000000000,2000000000,2014956193,14956.2,14.9562,14.9562,0.1402,1
mx_s2_hpcc,S2,hpcc,46,incast,45,64,0,262144,1899999999,2000000000,2000000000,2000000000,2014962910,14962.9,14.9629,14.9629,0.1402,1
mx_s2_hpcc,S2,hpcc,29,incast,28,64,0,262144,1899999999,2000000000,2000000000,2000000000,2014971523,14971.5,14.9715,14.9715,0.1401,1
mx_s2_hpcc,S2,hpcc,16,incast,15,64,0,262144,1899999999,2000000000,2000000000,2000000000,2014974005,14974.0,14.974,14.974,0.1401,1
mx_s2_hpcc,S2,hpcc,42,incast,41,64,0,262144,1899999999,2000000000,2000000000,2000000000,2014982747,14982.7,14.9827,14.9827,0.14,1
mx_s2_hpcc,S2,hpcc,51,incast,50,64,0,262144,1899999999,2000000000,2000000000,2000000000,2014993224,14993.2,14.9932,14.9932,0.1399,1
mx_s2_hpcc,S2,hpcc,12,incast,11,64,0,262144,1899999999,2000000000,2000000000,2000000000,2014995153,14995.2,14.9952,14.9952,0.1399,1
mx_s2_hpcc,S2,hpcc,52,incast,51,64,0,262144,1899999999,2000000000,2000000000,2000000000,2015007645,15007.6,15.0076,15.0076,0.1397,1
mx_s2_hpcc,S2,hpcc,2,incast,1,64,0,262144,1899999999,2000000000,2000000000,2000000000,2015011955,15012.0,15.012,15.012,0.1397,1
mx_s2_hpcc,S2,hpcc,55,incast,54,64,0,262144,1899999999,2000000000,2000000000,2000000000,2015015626,15015.6,15.0156,15.0156,0.1397,1
mx_s2_hpcc,S2,hpcc,21,incast,20,64,0,262144,1899999999,2000000000,2000000000,2000000000,2015031548,15031.5,15.0315,15.0315,0.1395,1
mx_s2_hpcc,S2,hpcc,40,incast,39,64,0,262144,1899999999,2000000000,2000000000,2000000000,2015046735,15046.7,15.0467,15.0467,0.1394,1
mx_s2_hpcc,S2,hpcc,10,incast,9,64,0,262144,1899999999,2000000000,2000000000,2000000000,2015051348,15051.3,15.0513,15.0513,0.1393,1
mx_s2_hpcc,S2,hpcc,60,incast,59,64,0,262144,1899999999,2000000000,2000000000,2000000000,2015057430,15057.4,15.0574,15.0574,0.1393,1
mx_s2_hpcc,S2,hpcc,26,incast,25,64,0,262144,1899999999,2000000000,2000000000,2000000000,2015059359,15059.4,15.0594,15.0594,0.1393,1
mx_s2_hpcc,S2,hpcc,50,incast,49,64,0,262144,1899999999,2000000000,2000000000,2000000000,2015065115,15065.1,15.0651,15.0651,0.1392,1
mx_s2_hpcc,S2,hpcc,37,incast,36,64,0,262144,1899999999,2000000000,2000000000,2000000000,2015066893,15066.9,15.0669,15.0669,0.1392,1
mx_s2_hpcc,S2,hpcc,22,incast,21,64,0,262144,1899999999,2000000000,2000000000,2000000000,2015080906,15080.9,15.0809,15.0809,0.1391,1
mx_s2_hpcc,S2,hpcc,59,incast,58,64,0,262144,1899999999,2000000000,2000000000,2000000000,2015117632,15117.6,15.1176,15.1176,0.1387,1
mx_s2_hpcc,S2,hpcc,58,incast,57,64,0,262144,1899999999,2000000000,2000000000,2000000000,2015162890,15162.9,15.1629,15.1629,0.1383,1
mx_s2_hpcc,S2,hpcc,3,incast,2,64,0,262144,1899999999,2000000000,2000000000,2000000000,2015207300,15207.3,15.2073,15.2073,0.1379,1
mx_s2_hpcc,S2,hpcc,0,background,65,64,0,4000000000,NA,NA,NA,NA,NA,NA,NA,NA,7.2737,0
mx_s2_cbapsba,S2,cbapsba,1,incast,0,64,0,262144,1899999999,2000000000,2000005000,2000005000,2014224793,14219.8,14.2198,14.2248,0.1475,1
mx_s2_cbapsba,S2,cbapsba,2,incast,1,64,0,262144,1899999999,2000000000,2000005000,2000005959,2014225784,14219.8,14.2208,14.2258,0.1475,1
mx_s2_cbapsba,S2,cbapsba,3,incast,2,64,0,262144,1899999999,2000000000,2000005000,2000006918,2014225937,14219.0,14.2209,14.2259,0.1475,1
mx_s2_cbapsba,S2,cbapsba,4,incast,3,64,0,262144,1899999999,2000000000,2000005000,2000007877,2014226928,14219.1,14.2219,14.2269,0.1475,1
mx_s2_cbapsba,S2,cbapsba,5,incast,4,64,0,262144,1899999999,2000000000,2000005000,2000008836,2014227919,14219.1,14.2229,14.2279,0.1475,1
mx_s2_cbapsba,S2,cbapsba,6,incast,5,64,0,262144,1899999999,2000000000,2000005000,2000009795,2014228072,14218.3,14.2231,14.2281,0.1475,1
mx_s2_cbapsba,S2,cbapsba,7,incast,6,64,0,262144,1899999999,2000000000,2000005000,2000010754,2014228225,14217.5,14.2232,14.2282,0.1475,1
mx_s2_cbapsba,S2,cbapsba,8,incast,7,64,0,262144,1899999999,2000000000,2000005000,2000011713,2014228378,14216.7,14.2234,14.2284,0.1475,1
mx_s2_cbapsba,S2,cbapsba,9,incast,8,64,0,262144,1899999999,2000000000,2000005000,2000012672,2014228531,14215.9,14.2235,14.2285,0.1475,1
mx_s2_cbapsba,S2,cbapsba,10,incast,9,64,0,262144,1899999999,2000000000,2000005000,2000013631,2014228684,14215.1,14.2237,14.2287,0.1475,1
mx_s2_cbapsba,S2,cbapsba,11,incast,10,64,0,262144,1899999999,2000000000,2000005000,2000014590,2014228837,14214.2,14.2238,14.2288,0.1475,1
mx_s2_cbapsba,S2,cbapsba,12,incast,11,64,0,262144,1899999999,2000000000,2000005000,2000015549,2014228990,14213.4,14.224,14.229,0.1475,1
mx_s2_cbapsba,S2,cbapsba,13,incast,12,64,0,262144,1899999999,2000000000,2000005000,2000016508,2014229143,14212.6,14.2241,14.2291,0.1476,1
mx_s2_cbapsba,S2,cbapsba,14,incast,13,64,0,262144,1899999999,2000000000,2000005000,2000017467,2014229296,14211.8,14.2243,14.2293,0.1476,1
mx_s2_cbapsba,S2,cbapsba,15,incast,14,64,0,262144,1899999999,2000000000,2000005000,2000018426,2014229449,14211.0,14.2244,14.2294,0.1476,1
mx_s2_cbapsba,S2,cbapsba,16,incast,15,64,0,262144,1899999999,2000000000,2000005000,2000019385,2014229602,14210.2,14.2246,14.2296,0.1476,1
mx_s2_cbapsba,S2,cbapsba,17,incast,16,64,0,262144,1899999999,2000000000,2000005000,2000020344,2014229755,14209.4,14.2248,14.2298,0.1476,1
mx_s2_cbapsba,S2,cbapsba,18,incast,17,64,0,262144,1899999999,2000000000,2000005000,2000021303,2014229908,14208.6,14.2249,14.2299,0.1476,1
mx_s2_cbapsba,S2,cbapsba,19,incast,18,64,0,262144,1899999999,2000000000,2000005000,2000022262,2014230061,14207.8,14.2251,14.2301,0.1476,1
mx_s2_cbapsba,S2,cbapsba,20,incast,19,64,0,262144,1899999999,2000000000,2000005000,2000023221,2014230214,14207.0,14.2252,14.2302,0.1476,1
mx_s2_cbapsba,S2,cbapsba,21,incast,20,64,0,262144,1899999999,2000000000,2000005000,2000024180,2014230367,14206.2,14.2254,14.2304,0.1476,1
mx_s2_cbapsba,S2,cbapsba,22,incast,21,64,0,262144,1899999999,2000000000,2000005000,2000025139,2014230520,14205.4,14.2255,14.2305,0.1476,1
mx_s2_cbapsba,S2,cbapsba,23,incast,22,64,0,262144,1899999999,2000000000,2000005000,2000026099,2014230673,14204.6,14.2257,14.2307,0.1476,1
mx_s2_cbapsba,S2,cbapsba,24,incast,23,64,0,262144,1899999999,2000000000,2000005000,2000027058,2014230826,14203.8,14.2258,14.2308,0.1476,1
mx_s2_cbapsba,S2,cbapsba,25,incast,24,64,0,262144,1899999999,2000000000,2000005000,2000028017,2014230979,14203.0,14.226,14.231,0.1477,1
mx_s2_cbapsba,S2,cbapsba,26,incast,25,64,0,262144,1899999999,2000000000,2000005000,2000028976,2014231132,14202.2,14.2261,14.2311,0.1477,1
mx_s2_cbapsba,S2,cbapsba,27,incast,26,64,0,262144,1899999999,2000000000,2000005000,2000029935,2014231448,14201.5,14.2264,14.2314,0.1477,1
mx_s2_cbapsba,S2,cbapsba,28,incast,27,64,0,262144,1899999999,2000000000,2000005000,2000030894,2014232407,14201.5,14.2274,14.2324,0.1477,1
mx_s2_cbapsba,S2,cbapsba,29,incast,28,64,0,262144,1899999999,2000000000,2000005000,2000031853,2014233320,14201.5,14.2283,14.2333,0.1477,1
mx_s2_cbapsba,S2,cbapsba,30,incast,29,64,0,262144,1899999999,2000000000,2000005000,2000032812,2014234246,14201.4,14.2292,14.2342,0.1477,1
mx_s2_cbapsba,S2,cbapsba,31,incast,30,64,0,262144,1899999999,2000000000,2000005000,2000033771,2014235205,14201.4,14.2302,14.2352,0.1477,1
mx_s2_cbapsba,S2,cbapsba,32,incast,31,64,0,262144,1899999999,2000000000,2000005000,2000034730,2014236163,14201.4,14.2312,14.2362,0.1477,1
mx_s2_cbapsba,S2,cbapsba,33,incast,32,64,0,262144,1899999999,2000000000,2000005000,2000035689,2014237122,14201.4,14.2321,14.2371,0.1477,1
mx_s2_cbapsba,S2,cbapsba,34,incast,33,64,0,262144,1899999999,2000000000,2000005000,2000036648,2014238370,14201.7,14.2334,14.2384,0.1477,1
mx_s2_cbapsba,S2,cbapsba,35,incast,34,64,0,262144,1899999999,2000000000,2000005000,2000037607,2014238523,14200.9,14.2335,14.2385,0.1477,1
mx_s2_cbapsba,S2,cbapsba,36,incast,35,64,0,262144,1899999999,2000000000,2000005000,2000038566,2014239030,14200.5,14.234,14.239,0.1477,1
mx_s2_cbapsba,S2,cbapsba,37,incast,36,64,0,262144,1899999999,2000000000,2000005000,2000039525,2014239965,14200.4,14.235,14.24,0.1477,1
mx_s2_cbapsba,S2,cbapsba,38,incast,37,64,0,262144,1899999999,2000000000,2000005000,2000040484,2014242800,14202.3,14.2378,14.2428,0.1477,1
mx_s2_cbapsba,S2,cbapsba,39,incast,38,64,0,262144,1899999999,2000000000,2000005000,2000041443,2014242953,14201.5,14.238,14.243,0.1477,1
mx_s2_cbapsba,S2,cbapsba,41,incast,40,64,0,262144,1899999999,2000000000,2000005000,2000043361,2014243106,14199.7,14.2381,14.2431,0.1477,1
mx_s2_cbapsba,S2,cbapsba,43,incast,42,64,0,262144,1899999999,2000000000,2000005000,2000045279,2014243259,14198.0,14.2383,14.2433,0.1477,1
mx_s2_cbapsba,S2,cbapsba,45,incast,44,64,0,262144,1899999999,2000000000,2000005000,2000047198,2014243412,14196.2,14.2384,14.2434,0.1477,1
mx_s2_cbapsba,S2,cbapsba,46,incast,45,64,0,262144,1899999999,2000000000,2000005000,2000048157,2014243565,14195.4,14.2386,14.2436,0.1477,1
mx_s2_cbapsba,S2,cbapsba,40,incast,39,64,0,262144,1899999999,2000000000,2000005000,2000042402,2014243718,14201.3,14.2387,14.2437,0.1477,1
mx_s2_cbapsba,S2,cbapsba,42,incast,41,64,0,262144,1899999999,2000000000,2000005000,2000044320,2014243871,14199.6,14.2389,14.2439,0.1477,1
mx_s2_cbapsba,S2,cbapsba,44,incast,43,64,0,262144,1899999999,2000000000,2000005000,2000046239,2014244024,14197.8,14.239,14.244,0.1477,1
mx_s2_cbapsba,S2,cbapsba,47,incast,46,64,0,262144,1899999999,2000000000,2000005000,2000049116,2014244177,14195.1,14.2392,14.2442,0.1477,1
mx_s2_cbapsba,S2,cbapsba,48,incast,47,64,0,262144,1899999999,2000000000,2000005000,2000050075,2014244330,14194.3,14.2393,14.2443,0.1477,1
mx_s2_cbapsba,S2,cbapsba,49,incast,48,64,0,262144,1899999999,2000000000,2000005000,2000051034,2014245270,14194.2,14.2403,14.2453,0.1477,1
mx_s2_cbapsba,S2,cbapsba,50,incast,49,64,0,262144,1899999999,2000000000,2000005000,2000051993,2014246229,14194.2,14.2412,14.2462,0.1477,1
mx_s2_cbapsba,S2,cbapsba,51,incast,50,64,0,262144,1899999999,2000000000,2000005000,2000052952,2014247188,14194.2,14.2422,14.2472,0.1477,1
mx_s2_cbapsba,S2,cbapsba,52,incast,51,64,0,262144,1899999999,2000000000,2000005000,2000053911,2014247800,14193.9,14.2428,14.2478,0.1478,1
mx_s2_cbapsba,S2,cbapsba,53,incast,52,64,0,262144,1899999999,2000000000,2000005000,2000054870,2014247953,14193.1,14.243,14.248,0.1478,1
mx_s2_cbapsba,S2,cbapsba,54,incast,53,64,0,262144,1899999999,2000000000,2000005000,2000055829,2014248106,14192.3,14.2431,14.2481,0.1478,1
mx_s2_cbapsba,S2,cbapsba,57,incast,56,64,0,262144,1899999999,2000000000,2000005000,2000058706,2014248259,14189.6,14.2433,14.2483,0.1478,1
mx_s2_cbapsba,S2,cbapsba,59,incast,58,64,0,262144,1899999999,2000000000,2000005000,2000060624,2014248412,14187.8,14.2434,14.2484,0.1478,1
mx_s2_cbapsba,S2,cbapsba,58,incast,57,64,0,262144,1899999999,2000000000,2000005000,2000059665,2014248565,14188.9,14.2436,14.2486,0.1478,1
mx_s2_cbapsba,S2,cbapsba,60,incast,59,64,0,262144,1899999999,2000000000,2000005000,2000061583,2014248718,14187.1,14.2437,14.2487,0.1478,1
mx_s2_cbapsba,S2,cbapsba,56,incast,55,64,0,262144,1899999999,2000000000,2000005000,2000057747,2014248871,14191.1,14.2439,14.2489,0.1478,1
mx_s2_cbapsba,S2,cbapsba,61,incast,60,64,0,262144,1899999999,2000000000,2000005000,2000062542,2014249024,14186.5,14.244,14.249,0.1478,1
mx_s2_cbapsba,S2,cbapsba,55,incast,54,64,0,262144,1899999999,2000000000,2000005000,2000056788,2014249177,14192.4,14.2442,14.2492,0.1478,1
mx_s2_cbapsba,S2,cbapsba,62,incast,61,64,0,262144,1899999999,2000000000,2000005000,2000063501,2014249330,14185.8,14.2443,14.2493,0.1478,1
mx_s2_cbapsba,S2,cbapsba,63,incast,62,64,0,262144,1899999999,2000000000,2000005000,2000064460,2014249483,14185.0,14.2445,14.2495,0.1478,1
mx_s2_cbapsba,S2,cbapsba,64,incast,63,64,0,262144,1899999999,2000000000,2000005000,2000065419,2014249636,14184.2,14.2446,14.2496,0.1479,1
mx_s2_cbapsba,S2,cbapsba,0,background,65,64,0,4000000000,NA,NA,NA,NA,NA,NA,NA,NA,7.5459,0
mx_s3_dcqcn,S3,dcqcn,60,incast,59,64,0,1048576,1899999999,2000000000,2000000000,2000000000,2047764170,47764.2,47.7642,47.7642,0.1756,1
mx_s3_dcqcn,S3,dcqcn,34,incast,33,64,0,1048576,1899999999,2000000000,2000000000,2000000000,2048046237,48046.2,48.0462,48.0462,0.1746,1
mx_s3_dcqcn,S3,dcqcn,7,incast,6,64,0,1048576,1899999999,2000000000,2000000000,2000000000,2048453166,48453.2,48.4532,48.4532,0.1731,1
mx_s3_dcqcn,S3,dcqcn,62,incast,61,64,0,1048576,1899999999,2000000000,2000000000,2000000000,2049262335,49262.3,49.2623,49.2623,0.1703,1
mx_s3_dcqcn,S3,dcqcn,45,incast,44,64,0,1048576,1899999999,2000000000,2000000000,2000000000,2049995246,49995.2,49.9952,49.9952,0.1678,1
mx_s3_dcqcn,S3,dcqcn,8,incast,7,64,0,1048576,1899999999,2000000000,2000000000,2000000000,2050370331,50370.3,50.3703,50.3703,0.1665,1
mx_s3_dcqcn,S3,dcqcn,44,incast,43,64,0,1048576,1899999999,2000000000,2000000000,2000000000,2050482284,50482.3,50.4823,50.4823,0.1662,1
mx_s3_dcqcn,S3,dcqcn,6,incast,5,64,0,1048576,1899999999,2000000000,2000000000,2000000000,2050721613,50721.6,50.7216,50.7216,0.1654,1
mx_s3_dcqcn,S3,dcqcn,56,incast,55,64,0,1048576,1899999999,2000000000,2000000000,2000000000,2051053122,51053.1,51.0531,51.0531,0.1643,1
mx_s3_dcqcn,S3,dcqcn,4,incast,3,64,0,1048576,1899999999,2000000000,2000000000,2000000000,2052085199,52085.2,52.0852,52.0852,0.1611,1
mx_s3_dcqcn,S3,dcqcn,48,incast,47,64,0,1048576,1899999999,2000000000,2000000000,2000000000,2052119218,52119.2,52.1192,52.1192,0.161,1
mx_s3_dcqcn,S3,dcqcn,41,incast,40,64,0,1048576,1899999999,2000000000,2000000000,2000000000,2052142343,52142.3,52.1423,52.1423,0.1609,1
mx_s3_dcqcn,S3,dcqcn,50,incast,49,64,0,1048576,1899999999,2000000000,2000000000,2000000000,2052393404,52393.4,52.3934,52.3934,0.1601,1
mx_s3_dcqcn,S3,dcqcn,23,incast,22,64,0,1048576,1899999999,2000000000,2000000000,2000000000,2052484407,52484.4,52.4844,52.4844,0.1598,1
mx_s3_dcqcn,S3,dcqcn,64,incast,63,64,0,1048576,1899999999,2000000000,2000000000,2000000000,2052838542,52838.5,52.8385,52.8385,0.1588,1
mx_s3_dcqcn,S3,dcqcn,30,incast,29,64,0,1048576,1899999999,2000000000,2000000000,2000000000,2052888483,52888.5,52.8885,52.8885,0.1586,1
mx_s3_dcqcn,S3,dcqcn,24,incast,23,64,0,1048576,1899999999,2000000000,2000000000,2000000000,2053080046,53080.0,53.08,53.08,0.158,1
mx_s3_dcqcn,S3,dcqcn,33,incast,32,64,0,1048576,1899999999,2000000000,2000000000,2000000000,2053371331,53371.3,53.3713,53.3713,0.1572,1
mx_s3_dcqcn,S3,dcqcn,42,incast,41,64,0,1048576,1899999999,2000000000,2000000000,2000000000,2053437194,53437.2,53.4372,53.4372,0.157,1
mx_s3_dcqcn,S3,dcqcn,43,incast,42,64,0,1048576,1899999999,2000000000,2000000000,2000000000,2053451101,53451.1,53.4511,53.4511,0.1569,1
mx_s3_dcqcn,S3,dcqcn,5,incast,4,64,0,1048576,1899999999,2000000000,2000000000,2000000000,2053526182,53526.2,53.5262,53.5262,0.1567,1
mx_s3_dcqcn,S3,dcqcn,47,incast,46,64,0,1048576,1899999999,2000000000,2000000000,2000000000,2053631431,53631.4,53.6314,53.6314,0.1564,1
mx_s3_dcqcn,S3,dcqcn,29,incast,28,64,0,1048576,1899999999,2000000000,2000000000,2000000000,2053669640,53669.6,53.6696,53.6696,0.1563,1
mx_s3_dcqcn,S3,dcqcn,19,incast,18,64,0,1048576,1899999999,2000000000,2000000000,2000000000,2053820141,53820.1,53.8201,53.8201,0.1559,1
mx_s3_dcqcn,S3,dcqcn,57,incast,56,64,0,1048576,1899999999,2000000000,2000000000,2000000000,2053878462,53878.5,53.8785,53.8785,0.1557,1
mx_s3_dcqcn,S3,dcqcn,3,incast,2,64,0,1048576,1899999999,2000000000,2000000000,2000000000,2053922537,53922.5,53.9225,53.9225,0.1556,1
mx_s3_dcqcn,S3,dcqcn,18,incast,17,64,0,1048576,1899999999,2000000000,2000000000,2000000000,2054080580,54080.6,54.0806,54.0806,0.1551,1
mx_s3_dcqcn,S3,dcqcn,15,incast,14,64,0,1048576,1899999999,2000000000,2000000000,2000000000,2054082755,54082.8,54.0828,54.0828,0.1551,1
mx_s3_dcqcn,S3,dcqcn,35,incast,34,64,0,1048576,1899999999,2000000000,2000000000,2000000000,2054195546,54195.5,54.1955,54.1955,0.1548,1
mx_s3_dcqcn,S3,dcqcn,40,incast,39,64,0,1048576,1899999999,2000000000,2000000000,2000000000,2054236269,54236.3,54.2363,54.2363,0.1547,1
mx_s3_dcqcn,S3,dcqcn,39,incast,38,64,0,1048576,1899999999,2000000000,2000000000,2000000000,2054278668,54278.7,54.2787,54.2787,0.1545,1
mx_s3_dcqcn,S3,dcqcn,58,incast,57,64,0,1048576,1899999999,2000000000,2000000000,2000000000,2054301793,54301.8,54.3018,54.3018,0.1545,1
mx_s3_dcqcn,S3,dcqcn,31,incast,30,64,0,1048576,1899999999,2000000000,2000000000,2000000000,2054427992,54428.0,54.428,54.428,0.1541,1
mx_s3_dcqcn,S3,dcqcn,10,incast,9,64,0,1048576,1899999999,2000000000,2000000000,2000000000,2054543297,54543.3,54.5433,54.5433,0.1538,1
mx_s3_dcqcn,S3,dcqcn,38,incast,37,64,0,1048576,1899999999,2000000000,2000000000,2000000000,2054713910,54713.9,54.7139,54.7139,0.1533,1
mx_s3_dcqcn,S3,dcqcn,53,incast,52,64,0,1048576,1899999999,2000000000,2000000000,2000000000,2054885361,54885.4,54.8854,54.8854,0.1528,1
mx_s3_dcqcn,S3,dcqcn,26,incast,25,64,0,1048576,1899999999,2000000000,2000000000,2000000000,2054975526,54975.5,54.9755,54.9755,0.1526,1
mx_s3_dcqcn,S3,dcqcn,49,incast,48,64,0,1048576,1899999999,2000000000,2000000000,2000000000,2055020439,55020.4,55.0204,55.0204,0.1525,1
mx_s3_dcqcn,S3,dcqcn,12,incast,11,64,0,1048576,1899999999,2000000000,2000000000,2000000000,2055106414,55106.4,55.1064,55.1064,0.1522,1
mx_s3_dcqcn,S3,dcqcn,11,incast,10,64,0,1048576,1899999999,2000000000,2000000000,2000000000,2055258591,55258.6,55.2586,55.2586,0.1518,1
mx_s3_dcqcn,S3,dcqcn,36,incast,35,64,0,1048576,1899999999,2000000000,2000000000,2000000000,2055305180,55305.2,55.3052,55.3052,0.1517,1
mx_s3_dcqcn,S3,dcqcn,17,incast,16,64,0,1048576,1899999999,2000000000,2000000000,2000000000,2055471603,55471.6,55.4716,55.4716,0.1512,1
mx_s3_dcqcn,S3,dcqcn,22,incast,21,64,0,1048576,1899999999,2000000000,2000000000,2000000000,2055588584,55588.6,55.5886,55.5886,0.1509,1
mx_s3_dcqcn,S3,dcqcn,51,incast,50,64,0,1048576,1899999999,2000000000,2000000000,2000000000,2055750817,55750.8,55.7508,55.7508,0.1505,1
mx_s3_dcqcn,S3,dcqcn,55,incast,54,64,0,1048576,1899999999,2000000000,2000000000,2000000000,2055996012,55996.0,55.996,55.996,0.1498,1
mx_s3_dcqcn,S3,dcqcn,59,incast,58,64,0,1048576,1899999999,2000000000,2000000000,2000000000,2056036735,56036.7,56.0367,56.0367,0.1497,1
mx_s3_dcqcn,S3,dcqcn,27,incast,26,64,0,1048576,1899999999,2000000000,2000000000,2000000000,2056166286,56166.3,56.1663,56.1663,0.1494,1
mx_s3_dcqcn,S3,dcqcn,2,incast,1,64,0,1048576,1899999999,2000000000,2000000000,2000000000,2056201143,56201.1,56.2011,56.2011,0.1493,1
mx_s3_dcqcn,S3,dcqcn,14,incast,13,64,0,1048576,1899999999,2000000000,2000000000,2000000000,2056248570,56248.6,56.2486,56.2486,0.1491,1
mx_s3_dcqcn,S3,dcqcn,25,incast,24,64,0,1048576,1899999999,2000000000,2000000000,2000000000,2056298511,56298.5,56.2985,56.2985,0.149,1
mx_s3_dcqcn,S3,dcqcn,32,incast,31,64,0,1048576,1899999999,2000000000,2000000000,2000000000,2056526946,56526.9,56.5269,56.5269,0.1484,1
mx_s3_dcqcn,S3,dcqcn,37,incast,36,64,0,1048576,1899999999,2000000000,2000000000,2000000000,2056565155,56565.2,56.5652,56.5652,0.1483,1
mx_s3_dcqcn,S3,dcqcn,1,incast,0,64,0,1048576,1899999999,2000000000,2000000000,2000000000,2056624314,56624.3,56.6243,56.6243,0.1481,1
mx_s3_dcqcn,S3,dcqcn,52,incast,51,64,0,1048576,1899999999,2000000000,2000000000,2000000000,2056633193,56633.2,56.6332,56.6332,0.1481,1
mx_s3_dcqcn,S3,dcqcn,46,incast,45,64,0,1048576,1899999999,2000000000,2000000000,2000000000,2056720006,56720.0,56.72,56.72,0.1479,1
mx_s3_dcqcn,S3,dcqcn,21,incast,20,64,0,1048576,1899999999,2000000000,2000000000,2000000000,2057025362,57025.4,57.0254,57.0254,0.1471,1
mx_s3_dcqcn,S3,dcqcn,28,incast,27,64,0,1048576,1899999999,2000000000,2000000000,2000000000,2057130128,57130.1,57.1301,57.1301,0.1468,1
mx_s3_dcqcn,S3,dcqcn,13,incast,12,64,0,1048576,1899999999,2000000000,2000000000,2000000000,2057217709,57217.7,57.2177,57.2177,0.1466,1
mx_s3_dcqcn,S3,dcqcn,9,incast,8,64,0,1048576,1899999999,2000000000,2000000000,2000000000,2057400499,57400.5,57.4005,57.4005,0.1461,1
mx_s3_dcqcn,S3,dcqcn,16,incast,15,64,0,1048576,1899999999,2000000000,2000000000,2000000000,2057669607,57669.6,57.6696,57.6696,0.1455,1
mx_s3_dcqcn,S3,dcqcn,20,incast,19,64,0,1048576,1899999999,2000000000,2000000000,2000000000,2057753871,57753.9,57.7539,57.7539,0.1452,1
mx_s3_dcqcn,S3,dcqcn,61,incast,60,64,0,1048576,1899999999,2000000000,2000000000,2000000000,2057929956,57930.0,57.93,57.93,0.1448,1
mx_s3_dcqcn,S3,dcqcn,63,incast,62,64,0,1048576,1899999999,2000000000,2000000000,2000000000,2058192546,58192.5,58.1925,58.1925,0.1442,1
mx_s3_dcqcn,S3,dcqcn,54,incast,53,64,0,1048576,1899999999,2000000000,2000000000,2000000000,2058372997,58373.0,58.373,58.373,0.1437,1
mx_s3_dcqcn,S3,dcqcn,0,background,65,64,0,4000000000,NA,NA,NA,NA,NA,NA,NA,NA,7.398,0
mx_s3_dctcp,S3,dctcp,43,incast,42,64,0,1048576,1899999999,2000000000,2000000000,2000000000,2054877114,54877.1,54.8771,54.8771,0.1529,1
mx_s3_dctcp,S3,dctcp,28,incast,27,64,0,1048576,1899999999,2000000000,2000000000,2000000000,2055190187,55190.2,55.1902,55.1902,0.152,1
mx_s3_dctcp,S3,dctcp,21,incast,20,64,0,1048576,1899999999,2000000000,2000000000,2000000000,2055593764,55593.8,55.5938,55.5938,0.1509,1
mx_s3_dctcp,S3,dctcp,19,incast,18,64,0,1048576,1899999999,2000000000,2000000000,2000000000,2055610185,55610.2,55.6102,55.6102,0.1508,1
mx_s3_dctcp,S3,dctcp,1,incast,0,64,0,1048576,1899999999,2000000000,2000000000,2000000000,2055683590,55683.6,55.6836,55.6836,0.1506,1
mx_s3_dctcp,S3,dctcp,45,incast,44,64,0,1048576,1899999999,2000000000,2000000000,2000000000,2055721799,55721.8,55.7218,55.7218,0.1505,1
mx_s3_dctcp,S3,dctcp,29,incast,28,64,0,1048576,1899999999,2000000000,2000000000,2000000000,2055735706,55735.7,55.7357,55.7357,0.1505,1
mx_s3_dctcp,S3,dctcp,48,incast,47,64,0,1048576,1899999999,2000000000,2000000000,2000000000,2055772239,55772.2,55.7722,55.7722,0.1504,1
mx_s3_dctcp,S3,dctcp,38,incast,37,64,0,1048576,1899999999,2000000000,2000000000,2000000000,2055780280,55780.3,55.7803,55.7803,0.1504,1
mx_s3_dctcp,S3,dctcp,57,incast,56,64,0,1048576,1899999999,2000000000,2000000000,2000000000,2055789159,55789.2,55.7892,55.7892,0.1504,1
mx_s3_dctcp,S3,dctcp,44,incast,43,64,0,1048576,1899999999,2000000000,2000000000,2000000000,2055849994,55850.0,55.85,55.85,0.1502,1
mx_s3_dctcp,S3,dctcp,46,incast,45,64,0,1048576,1899999999,2000000000,2000000000,2000000000,2055885689,55885.7,55.8857,55.8857,0.1501,1
mx_s3_dctcp,S3,dctcp,5,incast,4,64,0,1048576,1899999999,2000000000,2000000000,2000000000,2055928088,55928.1,55.9281,55.9281,0.15,1
mx_s3_dctcp,S3,dctcp,9,incast,8,64,0,1048576,1899999999,2000000000,2000000000,2000000000,2056070209,56070.2,56.0702,56.0702,0.1496,1
mx_s3_dctcp,S3,dctcp,11,incast,10,64,0,1048576,1899999999,2000000000,2000000000,2000000000,2056078250,56078.2,56.0782,56.0782,0.1496,1
mx_s3_dctcp,S3,dctcp,61,incast,60,64,0,1048576,1899999999,2000000000,2000000000,2000000000,2056181823,56181.8,56.1818,56.1818,0.1493,1
mx_s3_dctcp,S3,dctcp,39,incast,38,64,0,1048576,1899999999,2000000000,2000000000,2000000000,2056289586,56289.6,56.2896,56.2896,0.149,1
mx_s3_dctcp,S3,dctcp,6,incast,5,64,0,1048576,1899999999,2000000000,2000000000,2000000000,2056391483,56391.5,56.3915,56.3915,0.1488,1
mx_s3_dctcp,S3,dctcp,47,incast,46,64,0,1048576,1899999999,2000000000,2000000000,2000000000,2056417960,56418.0,56.418,56.418,0.1487,1
mx_s3_dctcp,S3,dctcp,14,incast,13,64,0,1048576,1899999999,2000000000,2000000000,2000000000,2056432705,56432.7,56.4327,56.4327,0.1486,1
mx_s3_dctcp,S3,dctcp,10,incast,9,64,0,1048576,1899999999,2000000000,2000000000,2000000000,2056449126,56449.1,56.4491,56.4491,0.1486,1
mx_s3_dctcp,S3,dctcp,20,incast,19,64,0,1048576,1899999999,2000000000,2000000000,2000000000,2056457167,56457.2,56.4572,56.4572,0.1486,1
mx_s3_dctcp,S3,dctcp,60,incast,59,64,0,1048576,1899999999,2000000000,2000000000,2000000000,2056461018,56461.0,56.461,56.461,0.1486,1
mx_s3_dctcp,S3,dctcp,34,incast,33,64,0,1048576,1899999999,2000000000,2000000000,2000000000,2056502579,56502.6,56.5026,56.5026,0.1485,1
mx_s3_dctcp,S3,dctcp,31,incast,30,64,0,1048576,1899999999,2000000000,2000000000,2000000000,2056533246,56533.2,56.5332,56.5332,0.1484,1
mx_s3_dctcp,S3,dctcp,54,incast,53,64,0,1048576,1899999999,2000000000,2000000000,2000000000,2056547153,56547.2,56.5472,56.5472,0.1483,1
mx_s3_dctcp,S3,dctcp,24,incast,23,64,0,1048576,1899999999,2000000000,2000000000,2000000000,2056556870,56556.9,56.5569,56.5569,0.1483,1
mx_s3_dctcp,S3,dctcp,37,incast,36,64,0,1048576,1899999999,2000000000,2000000000,2000000000,2056607649,56607.6,56.6076,56.6076,0.1482,1
mx_s3_dctcp,S3,dctcp,55,incast,54,64,0,1048576,1899999999,2000000000,2000000000,2000000000,2056624070,56624.1,56.6241,56.6241,0.1481,1
mx_s3_dctcp,S3,dctcp,42,incast,41,64,0,1048576,1899999999,2000000000,2000000000,2000000000,2056702503,56702.5,56.7025,56.7025,0.1479,1
mx_s3_dctcp,S3,dctcp,15,incast,14,64,0,1048576,1899999999,2000000000,2000000000,2000000000,2056708030,56708.0,56.708,56.708,0.1479,1
mx_s3_dctcp,S3,dctcp,30,incast,29,64,0,1048576,1899999999,2000000000,2000000000,2000000000,2056768865,56768.9,56.7689,56.7689,0.1478,1
mx_s3_dctcp,S3,dctcp,26,incast,25,64,0,1048576,1899999999,2000000000,2000000000,2000000000,2056777744,56777.7,56.7777,56.7777,0.1477,1
mx_s3_dctcp,S3,dctcp,8,incast,7,64,0,1048576,1899999999,2000000000,2000000000,2000000000,2056805897,56805.9,56.8059,56.8059,0.1477,1
mx_s3_dctcp,S3,dctcp,2,incast,1,64,0,1048576,1899999999,2000000000,2000000000,2000000000,2056811424,56811.4,56.8114,56.8114,0.1477,1
mx_s3_dctcp,S3,dctcp,4,incast,3,64,0,1048576,1899999999,2000000000,2000000000,2000000000,2056847957,56848.0,56.848,56.848,0.1476,1
mx_s3_dctcp,S3,dctcp,18,incast,17,64,0,1048576,1899999999,2000000000,2000000000,2000000000,2056851808,56851.8,56.8518,56.8518,0.1476,1
mx_s3_dctcp,S3,dctcp,52,incast,51,64,0,1048576,1899999999,2000000000,2000000000,2000000000,2056901749,56901.7,56.9017,56.9017,0.1474,1
mx_s3_dctcp,S3,dctcp,53,incast,52,64,0,1048576,1899999999,2000000000,2000000000,2000000000,2056912304,56912.3,56.9123,56.9123,0.1474,1
mx_s3_dctcp,S3,dctcp,62,incast,61,64,0,1048576,1899999999,2000000000,2000000000,2000000000,2056915317,56915.3,56.9153,56.9153,0.1474,1
mx_s3_dctcp,S3,dctcp,50,incast,49,64,0,1048576,1899999999,2000000000,2000000000,2000000000,2056922520,56922.5,56.9225,56.9225,0.1474,1
mx_s3_dctcp,S3,dctcp,40,incast,39,64,0,1048576,1899999999,2000000000,2000000000,2000000000,2056929723,56929.7,56.9297,56.9297,0.1474,1
mx_s3_dctcp,S3,dctcp,59,incast,58,64,0,1048576,1899999999,2000000000,2000000000,2000000000,2056934412,56934.4,56.9344,56.9344,0.1473,1
mx_s3_dctcp,S3,dctcp,35,incast,34,64,0,1048576,1899999999,2000000000,2000000000,2000000000,2056953347,56953.3,56.9533,56.9533,0.1473,1
mx_s3_dctcp,S3,dctcp,58,incast,57,64,0,1048576,1899999999,2000000000,2000000000,2000000000,2056971444,56971.4,56.9714,56.9714,0.1472,1
mx_s3_dctcp,S3,dctcp,22,incast,21,64,0,1048576,1899999999,2000000000,2000000000,2000000000,2057007139,57007.1,57.0071,57.0071,0.1472,1
mx_s3_dctcp,S3,dctcp,13,incast,12,64,0,1048576,1899999999,2000000000,2000000000,2000000000,2057031940,57031.9,57.0319,57.0319,0.1471,1
mx_s3_dctcp,S3,dctcp,17,incast,16,64,0,1048576,1899999999,2000000000,2000000000,2000000000,2057039143,57039.1,57.0391,57.0391,0.1471,1
mx_s3_dctcp,S3,dctcp,51,incast,50,64,0,1048576,1899999999,2000000000,2000000000,2000000000,2057084056,57084.1,57.0841,57.0841,0.147,1
mx_s3_dctcp,S3,dctcp,41,incast,40,64,0,1048576,1899999999,2000000000,2000000000,2000000000,2057096287,57096.3,57.0963,57.0963,0.1469,1
mx_s3_dctcp,S3,dctcp,36,incast,35,64,0,1048576,1899999999,2000000000,2000000000,2000000000,2057098462,57098.5,57.0985,57.0985,0.1469,1
mx_s3_dctcp,S3,dctcp,63,incast,62,64,0,1048576,1899999999,2000000000,2000000000,2000000000,2057127453,57127.5,57.1275,57.1275,0.1468,1
mx_s3_dctcp,S3,dctcp,23,incast,22,64,0,1048576,1899999999,2000000000,2000000000,2000000000,2057130466,57130.5,57.1305,57.1305,0.1468,1
mx_s3_dctcp,S3,dctcp,27,incast,26,64,0,1048576,1899999999,2000000000,2000000000,2000000000,2057135155,57135.2,57.1352,57.1352,0.1468,1
mx_s3_dctcp,S3,dctcp,16,incast,15,64,0,1048576,1899999999,2000000000,2000000000,2000000000,2057135654,57135.7,57.1357,57.1357,0.1468,1
mx_s3_dctcp,S3,dctcp,3,incast,2,64,0,1048576,1899999999,2000000000,2000000000,2000000000,2057136991,57137.0,57.137,57.137,0.1468,1
mx_s3_dctcp,S3,dctcp,25,incast,24,64,0,1048576,1899999999,2000000000,2000000000,2000000000,2057148384,57148.4,57.1484,57.1484,0.1468,1
mx_s3_dctcp,S3,dctcp,7,incast,6,64,0,1048576,1899999999,2000000000,2000000000,2000000000,2057180727,57180.7,57.1807,57.1807,0.1467,1
mx_s3_dctcp,S3,dctcp,33,incast,32,64,0,1048576,1899999999,2000000000,2000000000,2000000000,2057182902,57182.9,57.1829,57.1829,0.1467,1
mx_s3_dctcp,S3,dctcp,64,incast,63,64,0,1048576,1899999999,2000000000,2000000000,2000000000,2057183401,57183.4,57.1834,57.1834,0.1467,1
mx_s3_dctcp,S3,dctcp,32,incast,31,64,0,1048576,1899999999,2000000000,2000000000,2000000000,2057203174,57203.2,57.2032,57.2032,0.1466,1
mx_s3_dctcp,S3,dctcp,56,incast,55,64,0,1048576,1899999999,2000000000,2000000000,2000000000,2057218757,57218.8,57.2188,57.2188,0.1466,1
mx_s3_dctcp,S3,dctcp,12,incast,11,64,0,1048576,1899999999,2000000000,2000000000,2000000000,2057240206,57240.2,57.2402,57.2402,0.1466,1
mx_s3_dctcp,S3,dctcp,49,incast,48,64,0,1048576,1899999999,2000000000,2000000000,2000000000,2057247409,57247.4,57.2474,57.2474,0.1465,1
mx_s3_dctcp,S3,dctcp,0,background,65,64,0,4000000000,NA,NA,NA,NA,NA,NA,NA,NA,7.427,0
mx_s3_timely,S3,timely,10,incast,9,64,0,1048576,1899999999,2000000000,2000000000,2000000000,2055545477,55545.5,55.5455,55.5455,0.151,1
mx_s3_timely,S3,timely,31,incast,30,64,0,1048576,1899999999,2000000000,2000000000,2000000000,2056068418,56068.4,56.0684,56.0684,0.1496,1
mx_s3_timely,S3,timely,37,incast,36,64,0,1048576,1899999999,2000000000,2000000000,2000000000,2056089179,56089.2,56.0892,56.0892,0.1496,1
mx_s3_timely,S3,timely,15,incast,14,64,0,1048576,1899999999,2000000000,2000000000,2000000000,2056339508,56339.5,56.3395,56.3395,0.1489,1
mx_s3_timely,S3,timely,32,incast,31,64,0,1048576,1899999999,2000000000,2000000000,2000000000,2056578614,56578.6,56.5786,56.5786,0.1483,1
mx_s3_timely,S3,timely,9,incast,8,64,0,1048576,1899999999,2000000000,2000000000,2000000000,2056747075,56747.1,56.7471,56.7471,0.1478,1
mx_s3_timely,S3,timely,4,incast,3,64,0,1048576,1899999999,2000000000,2000000000,2000000000,2056799908,56799.9,56.7999,56.7999,0.1477,1
mx_s3_timely,S3,timely,39,incast,38,64,0,1048576,1899999999,2000000000,2000000000,2000000000,2056803789,56803.8,56.8038,56.8038,0.1477,1
mx_s3_timely,S3,timely,20,incast,19,64,0,1048576,1899999999,2000000000,2000000000,2000000000,2056832146,56832.1,56.8321,56.8321,0.1476,1
mx_s3_timely,S3,timely,30,incast,29,64,0,1048576,1899999999,2000000000,2000000000,2000000000,2056860503,56860.5,56.8605,56.8605,0.1475,1
mx_s3_timely,S3,timely,59,incast,58,64,0,1048576,1899999999,2000000000,2000000000,2000000000,2056877044,56877.0,56.877,56.877,0.1475,1
mx_s3_timely,S3,timely,34,incast,33,64,0,1048576,1899999999,2000000000,2000000000,2000000000,2056884301,56884.3,56.8843,56.8843,0.1475,1
mx_s3_timely,S3,timely,27,incast,26,64,0,1048576,1899999999,2000000000,2000000000,2000000000,2056912658,56912.7,56.9127,56.9127,0.1474,1
mx_s3_timely,S3,timely,33,incast,32,64,0,1048576,1899999999,2000000000,2000000000,2000000000,2056933419,56933.4,56.9334,56.9334,0.1473,1
mx_s3_timely,S3,timely,42,incast,41,64,0,1048576,1899999999,2000000000,2000000000,2000000000,2056947428,56947.4,56.9474,56.9474,0.1473,1
mx_s3_timely,S3,timely,1,incast,0,64,0,1048576,1899999999,2000000000,2000000000,2000000000,2056958905,56958.9,56.9589,56.9589,0.1473,1
mx_s3_timely,S3,timely,46,incast,45,64,0,1048576,1899999999,2000000000,2000000000,2000000000,2057020782,57020.8,57.0208,57.0208,0.1471,1
mx_s3_timely,S3,timely,36,incast,35,64,0,1048576,1899999999,2000000000,2000000000,2000000000,2057042107,57042.1,57.0421,57.0421,0.1471,1
mx_s3_timely,S3,timely,56,incast,55,64,0,1048576,1899999999,2000000000,2000000000,2000000000,2057055272,57055.3,57.0553,57.0553,0.147,1
mx_s3_timely,S3,timely,12,incast,11,64,0,1048576,1899999999,2000000000,2000000000,2000000000,2057062529,57062.5,57.0625,57.0625,0.147,1
mx_s3_timely,S3,timely,22,incast,21,64,0,1048576,1899999999,2000000000,2000000000,2000000000,2057066410,57066.4,57.0664,57.0664,0.147,1
mx_s3_timely,S3,timely,53,incast,52,64,0,1048576,1899999999,2000000000,2000000000,2000000000,2057120931,57120.9,57.1209,57.1209,0.1469,1
mx_s3_timely,S3,timely,63,incast,62,64,0,1048576,1899999999,2000000000,2000000000,2000000000,2057121436,57121.4,57.1214,57.1214,0.1469,1
mx_s3_timely,S3,timely,40,incast,39,64,0,1048576,1899999999,2000000000,2000000000,2000000000,2057171737,57171.7,57.1717,57.1717,0.1467,1
mx_s3_timely,S3,timely,50,incast,49,64,0,1048576,1899999999,2000000000,2000000000,2000000000,2057173086,57173.1,57.1731,57.1731,0.1467,1
mx_s3_timely,S3,timely,21,incast,20,64,0,1048576,1899999999,2000000000,2000000000,2000000000,2057182031,57182.0,57.182,57.182,0.1467,1
mx_s3_timely,S3,timely,17,incast,16,64,0,1048576,1899999999,2000000000,2000000000,2000000000,2057199416,57199.4,57.1994,57.1994,0.1467,1
mx_s3_timely,S3,timely,54,incast,53,64,0,1048576,1899999999,2000000000,2000000000,2000000000,2057200765,57200.8,57.2008,57.2008,0.1467,1
mx_s3_timely,S3,timely,26,incast,25,64,0,1048576,1899999999,2000000000,2000000000,2000000000,2057215618,57215.6,57.2156,57.2156,0.1466,1
mx_s3_timely,S3,timely,57,incast,56,64,0,1048576,1899999999,2000000000,2000000000,2000000000,2057265075,57265.1,57.2651,57.2651,0.1465,1
mx_s3_timely,S3,timely,51,incast,50,64,0,1048576,1899999999,2000000000,2000000000,2000000000,2057294276,57294.3,57.2943,57.2943,0.1464,1
mx_s3_timely,S3,timely,38,incast,37,64,0,1048576,1899999999,2000000000,2000000000,2000000000,2057342045,57342.0,57.342,57.342,0.1463,1
mx_s3_timely,S3,timely,61,incast,60,64,0,1048576,1899999999,2000000000,2000000000,2000000000,2057363650,57363.7,57.3636,57.3636,0.1462,1
mx_s3_timely,S3,timely,19,incast,18,64,0,1048576,1899999999,2000000000,2000000000,2000000000,2057387787,57387.8,57.3878,57.3878,0.1462,1
mx_s3_timely,S3,timely,60,incast,59,64,0,1048576,1899999999,2000000000,2000000000,2000000000,2057391668,57391.7,57.3917,57.3917,0.1462,1
mx_s3_timely,S3,timely,43,incast,42,64,0,1048576,1899999999,2000000000,2000000000,2000000000,2057400767,57400.8,57.4008,57.4008,0.1461,1
mx_s3_timely,S3,timely,6,incast,5,64,0,1048576,1899999999,2000000000,2000000000,2000000000,2057401272,57401.3,57.4013,57.4013,0.1461,1
mx_s3_timely,S3,timely,48,incast,47,64,0,1048576,1899999999,2000000000,2000000000,2000000000,2057422865,57422.9,57.4229,57.4229,0.1461,1
mx_s3_timely,S3,timely,7,incast,6,64,0,1048576,1899999999,2000000000,2000000000,2000000000,2057472931,57472.9,57.4729,57.4729,0.146,1
mx_s3_timely,S3,timely,45,incast,44,64,0,1048576,1899999999,2000000000,2000000000,2000000000,2057530095,57530.1,57.5301,57.5301,0.1458,1
mx_s3_timely,S3,timely,52,incast,51,64,0,1048576,1899999999,2000000000,2000000000,2000000000,2057534820,57534.8,57.5348,57.5348,0.1458,1
mx_s3_timely,S3,timely,13,incast,12,64,0,1048576,1899999999,2000000000,2000000000,2000000000,2057557043,57557.0,57.557,57.557,0.1457,1
mx_s3_timely,S3,timely,16,incast,15,64,0,1048576,1899999999,2000000000,2000000000,2000000000,2057621027,57621.0,57.621,57.621,0.1456,1
mx_s3_timely,S3,timely,23,incast,22,64,0,1048576,1899999999,2000000000,2000000000,2000000000,2057637834,57637.8,57.6378,57.6378,0.1455,1
mx_s3_timely,S3,timely,29,incast,28,64,0,1048576,1899999999,2000000000,2000000000,2000000000,2057655327,57655.3,57.6553,57.6553,0.1455,1
mx_s3_timely,S3,timely,3,incast,2,64,0,1048576,1899999999,2000000000,2000000000,2000000000,2057658422,57658.4,57.6584,57.6584,0.1455,1
mx_s3_timely,S3,timely,2,incast,1,64,0,1048576,1899999999,2000000000,2000000000,2000000000,2057658927,57658.9,57.6589,57.6589,0.1455,1
mx_s3_timely,S3,timely,64,incast,63,64,0,1048576,1899999999,2000000000,2000000000,2000000000,2057668743,57668.7,57.6687,57.6687,0.1455,1
mx_s3_timely,S3,timely,62,incast,61,64,0,1048576,1899999999,2000000000,2000000000,2000000000,2057694399,57694.4,57.6944,57.6944,0.1454,1
mx_s3_timely,S3,timely,58,incast,57,64,0,1048576,1899999999,2000000000,2000000000,2000000000,2057696592,57696.6,57.6966,57.6966,0.1454,1
mx_s3_timely,S3,timely,44,incast,43,64,0,1048576,1899999999,2000000000,2000000000,2000000000,2057699633,57699.6,57.6996,57.6996,0.1454,1
mx_s3_timely,S3,timely,25,incast,24,64,0,1048576,1899999999,2000000000,2000000000,2000000000,2057719504,57719.5,57.7195,57.7195,0.1453,1
mx_s3_timely,S3,timely,14,incast,13,64,0,1048576,1899999999,2000000000,2000000000,2000000000,2057745080,57745.1,57.7451,57.7451,0.1453,1
mx_s3_timely,S3,timely,41,incast,40,64,0,1048576,1899999999,2000000000,2000000000,2000000000,2057757918,57757.9,57.7579,57.7579,0.1452,1
mx_s3_timely,S3,timely,18,incast,17,64,0,1048576,1899999999,2000000000,2000000000,2000000000,2057776396,57776.4,57.7764,57.7764,0.1452,1
mx_s3_timely,S3,timely,55,incast,54,64,0,1048576,1899999999,2000000000,2000000000,2000000000,2057780277,57780.3,57.7803,57.7803,0.1452,1
mx_s3_timely,S3,timely,35,incast,34,64,0,1048576,1899999999,2000000000,2000000000,2000000000,2057783910,57783.9,57.7839,57.7839,0.1452,1
mx_s3_timely,S3,timely,47,incast,46,64,0,1048576,1899999999,2000000000,2000000000,2000000000,2057803180,57803.2,57.8032,57.8032,0.1451,1
mx_s3_timely,S3,timely,11,incast,10,64,0,1048576,1899999999,2000000000,2000000000,2000000000,2057811160,57811.2,57.8112,57.8112,0.1451,1
mx_s3_timely,S3,timely,49,incast,48,64,0,1048576,1899999999,2000000000,2000000000,2000000000,2057822263,57822.3,57.8223,57.8223,0.1451,1
mx_s3_timely,S3,timely,28,incast,27,64,0,1048576,1899999999,2000000000,2000000000,2000000000,2057830340,57830.3,57.8303,57.8303,0.1451,1
mx_s3_timely,S3,timely,24,incast,23,64,0,1048576,1899999999,2000000000,2000000000,2000000000,2057852141,57852.1,57.8521,57.8521,0.145,1
mx_s3_timely,S3,timely,8,incast,7,64,0,1048576,1899999999,2000000000,2000000000,2000000000,2057853490,57853.5,57.8535,57.8535,0.145,1
mx_s3_timely,S3,timely,5,incast,4,64,0,1048576,1899999999,2000000000,2000000000,2000000000,2057865671,57865.7,57.8657,57.8657,0.145,1
mx_s3_timely,S3,timely,0,background,65,64,0,4000000000,NA,NA,NA,NA,NA,NA,NA,NA,7.3675,0
mx_s3_hpcc,S3,hpcc,36,incast,35,64,0,1048576,1899999999,2000000000,2000000000,2000000000,2058390165,58390.2,58.3902,58.3902,0.1437,1
mx_s3_hpcc,S3,hpcc,33,incast,32,64,0,1048576,1899999999,2000000000,2000000000,2000000000,2058625133,58625.1,58.6251,58.6251,0.1431,1
mx_s3_hpcc,S3,hpcc,62,incast,61,64,0,1048576,1899999999,2000000000,2000000000,2000000000,2058636988,58637.0,58.637,58.637,0.1431,1
mx_s3_hpcc,S3,hpcc,1,incast,0,64,0,1048576,1899999999,2000000000,2000000000,2000000000,2058687167,58687.2,58.6872,58.6872,0.1429,1
mx_s3_hpcc,S3,hpcc,18,incast,17,64,0,1048576,1899999999,2000000000,2000000000,2000000000,2058953170,58953.2,58.9532,58.9532,0.1423,1
mx_s3_hpcc,S3,hpcc,56,incast,55,64,0,1048576,1899999999,2000000000,2000000000,2000000000,2058995286,58995.3,58.9953,58.9953,0.1422,1
mx_s3_hpcc,S3,hpcc,15,incast,14,64,0,1048576,1899999999,2000000000,2000000000,2000000000,2059022819,59022.8,59.0228,59.0228,0.1421,1
mx_s3_hpcc,S3,hpcc,13,incast,12,64,0,1048576,1899999999,2000000000,2000000000,2000000000,2059093031,59093.0,59.093,59.093,0.142,1
mx_s3_hpcc,S3,hpcc,4,incast,3,64,0,1048576,1899999999,2000000000,2000000000,2000000000,2059225242,59225.2,59.2252,59.2252,0.1416,1
mx_s3_hpcc,S3,hpcc,46,incast,45,64,0,1048576,1899999999,2000000000,2000000000,2000000000,2059308519,59308.5,59.3085,59.3085,0.1414,1
mx_s3_hpcc,S3,hpcc,6,incast,5,64,0,1048576,1899999999,2000000000,2000000000,2000000000,2059383957,59384.0,59.384,59.384,0.1413,1
mx_s3_hpcc,S3,hpcc,31,incast,30,64,0,1048576,1899999999,2000000000,2000000000,2000000000,2059418458,59418.5,59.4185,59.4185,0.1412,1
mx_s3_hpcc,S3,hpcc,64,incast,63,64,0,1048576,1899999999,2000000000,2000000000,2000000000,2059437281,59437.3,59.4373,59.4373,0.1411,1
mx_s3_hpcc,S3,hpcc,16,incast,15,64,0,1048576,1899999999,2000000000,2000000000,2000000000,2059467502,59467.5,59.4675,59.4675,0.1411,1
mx_s3_hpcc,S3,hpcc,11,incast,10,64,0,1048576,1899999999,2000000000,2000000000,2000000000,2059504616,59504.6,59.5046,59.5046,0.141,1
mx_s3_hpcc,S3,hpcc,54,incast,53,64,0,1048576,1899999999,2000000000,2000000000,2000000000,2059512116,59512.1,59.5121,59.5121,0.141,1
mx_s3_hpcc,S3,hpcc,7,incast,6,64,0,1048576,1899999999,2000000000,2000000000,2000000000,2059530068,59530.1,59.5301,59.5301,0.1409,1
mx_s3_hpcc,S3,hpcc,5,incast,4,64,0,1048576,1899999999,2000000000,2000000000,2000000000,2059534084,59534.1,59.5341,59.5341,0.1409,1
mx_s3_hpcc,S3,hpcc,32,incast,31,64,0,1048576,1899999999,2000000000,2000000000,2000000000,2059534616,59534.6,59.5346,59.5346,0.1409,1
mx_s3_hpcc,S3,hpcc,26,incast,25,64,0,1048576,1899999999,2000000000,2000000000,2000000000,2059561278,59561.3,59.5613,59.5613,0.1408,1
mx_s3_hpcc,S3,hpcc,57,incast,56,64,0,1048576,1899999999,2000000000,2000000000,2000000000,2059567907,59567.9,59.5679,59.5679,0.1408,1
mx_s3_hpcc,S3,hpcc,63,incast,62,64,0,1048576,1899999999,2000000000,2000000000,2000000000,2059691133,59691.1,59.6911,59.6911,0.1405,1
mx_s3_hpcc,S3,hpcc,53,incast,52,64,0,1048576,1899999999,2000000000,2000000000,2000000000,2059717795,59717.8,59.7178,59.7178,0.1405,1
mx_s3_hpcc,S3,hpcc,44,incast,43,64,0,1048576,1899999999,2000000000,2000000000,2000000000,2059724424,59724.4,59.7244,59.7244,0.1405,1
mx_s3_hpcc,S3,hpcc,10,incast,9,64,0,1048576,1899999999,2000000000,2000000000,2000000000,2059751957,59752.0,59.752,59.752,0.1404,1
mx_s3_hpcc,S3,hpcc,21,incast,20,64,0,1048576,1899999999,2000000000,2000000000,2000000000,2059782103,59782.1,59.7821,59.7821,0.1403,1
mx_s3_hpcc,S3,hpcc,61,incast,60,64,0,1048576,1899999999,2000000000,2000000000,2000000000,2059786153,59786.2,59.7862,59.7862,0.1403,1
mx_s3_hpcc,S3,hpcc,14,incast,13,64,0,1048576,1899999999,2000000000,2000000000,2000000000,2059802960,59803.0,59.803,59.803,0.1403,1
mx_s3_hpcc,S3,hpcc,41,incast,40,64,0,1048576,1899999999,2000000000,2000000000,2000000000,2059819170,59819.2,59.8192,59.8192,0.1402,1
mx_s3_hpcc,S3,hpcc,34,incast,33,64,0,1048576,1899999999,2000000000,2000000000,2000000000,2059822315,59822.3,59.8223,59.8223,0.1402,1
mx_s3_hpcc,S3,hpcc,48,incast,47,64,0,1048576,1899999999,2000000000,2000000000,2000000000,2059837843,59837.8,59.8378,59.8378,0.1402,1
mx_s3_hpcc,S3,hpcc,19,incast,18,64,0,1048576,1899999999,2000000000,2000000000,2000000000,2059849698,59849.7,59.8497,59.8497,0.1402,1
mx_s3_hpcc,S3,hpcc,28,incast,27,64,0,1048576,1899999999,2000000000,2000000000,2000000000,2059865908,59865.9,59.8659,59.8659,0.1401,1
mx_s3_hpcc,S3,hpcc,9,incast,8,64,0,1048576,1899999999,2000000000,2000000000,2000000000,2059877307,59877.3,59.8773,59.8773,0.1401,1
mx_s3_hpcc,S3,hpcc,8,incast,7,64,0,1048576,1899999999,2000000000,2000000000,2000000000,2059903969,59904.0,59.904,59.904,0.14,1
mx_s3_hpcc,S3,hpcc,43,incast,42,64,0,1048576,1899999999,2000000000,2000000000,2000000000,2059924928,59924.9,59.9249,59.9249,0.14,1
mx_s3_hpcc,S3,hpcc,38,incast,37,64,0,1048576,1899999999,2000000000,2000000000,2000000000,2059931557,59931.6,59.9316,59.9316,0.14,1
mx_s3_hpcc,S3,hpcc,25,incast,24,64,0,1048576,1899999999,2000000000,2000000000,2000000000,2059946025,59946.0,59.946,59.946,0.1399,1
mx_s3_hpcc,S3,hpcc,45,incast,44,64,0,1048576,1899999999,2000000000,2000000000,2000000000,2059949170,59949.2,59.9492,59.9492,0.1399,1
mx_s3_hpcc,S3,hpcc,40,incast,39,64,0,1048576,1899999999,2000000000,2000000000,2000000000,2059990643,59990.6,59.9906,59.9906,0.1398,1
mx_s3_hpcc,S3,hpcc,59,incast,58,64,0,1048576,1899999999,2000000000,2000000000,2000000000,2060007724,60007.7,60.0077,60.0077,0.1398,1
mx_s3_hpcc,S3,hpcc,35,incast,34,64,0,1048576,1899999999,2000000000,2000000000,2000000000,2060014353,60014.4,60.0144,60.0144,0.1398,1
mx_s3_hpcc,S3,hpcc,23,incast,22,64,0,1048576,1899999999,2000000000,2000000000,2000000000,2060017498,60017.5,60.0175,60.0175,0.1398,1
mx_s3_hpcc,S3,hpcc,17,incast,16,64,0,1048576,1899999999,2000000000,2000000000,2000000000,2060021514,60021.5,60.0215,60.0215,0.1398,1
mx_s3_hpcc,S3,hpcc,49,incast,48,64,0,1048576,1899999999,2000000000,2000000000,2000000000,2060035111,60035.1,60.0351,60.0351,0.1397,1
mx_s3_hpcc,S3,hpcc,2,incast,1,64,0,1048576,1899999999,2000000000,2000000000,2000000000,2060053054,60053.1,60.0531,60.0531,0.1397,1
mx_s3_hpcc,S3,hpcc,3,incast,2,64,0,1048576,1899999999,2000000000,2000000000,2000000000,2060061584,60061.6,60.0616,60.0616,0.1397,1
mx_s3_hpcc,S3,hpcc,58,incast,57,64,0,1048576,1899999999,2000000000,2000000000,2000000000,2060065939,60065.9,60.0659,60.0659,0.1397,1
mx_s3_hpcc,S3,hpcc,60,incast,59,64,0,1048576,1899999999,2000000000,2000000000,2000000000,2060073439,60073.4,60.0734,60.0734,0.1396,1
mx_s3_hpcc,S3,hpcc,12,incast,11,64,0,1048576,1899999999,2000000000,2000000000,2000000000,2060074306,60074.3,60.0743,60.0743,0.1396,1
mx_s3_hpcc,S3,hpcc,29,incast,28,64,0,1048576,1899999999,2000000000,2000000000,2000000000,2060078112,60078.1,60.0781,60.0781,0.1396,1
mx_s3_hpcc,S3,hpcc,30,incast,29,64,0,1048576,1899999999,2000000000,2000000000,2000000000,2060083668,60083.7,60.0837,60.0837,0.1396,1
mx_s3_hpcc,S3,hpcc,55,incast,54,64,0,1048576,1899999999,2000000000,2000000000,2000000000,2060086813,60086.8,60.0868,60.0868,0.1396,1
mx_s3_hpcc,S3,hpcc,47,incast,46,64,0,1048576,1899999999,2000000000,2000000000,2000000000,2060101490,60101.5,60.1015,60.1015,0.1396,1
mx_s3_hpcc,S3,hpcc,20,incast,19,64,0,1048576,1899999999,2000000000,2000000000,2000000000,2060108088,60108.1,60.1081,60.1081,0.1396,1
mx_s3_hpcc,S3,hpcc,27,incast,26,64,0,1048576,1899999999,2000000000,2000000000,2000000000,2060137405,60137.4,60.1374,60.1374,0.1395,1
mx_s3_hpcc,S3,hpcc,37,incast,36,64,0,1048576,1899999999,2000000000,2000000000,2000000000,2060143493,60143.5,60.1435,60.1435,0.1395,1
mx_s3_hpcc,S3,hpcc,24,incast,23,64,0,1048576,1899999999,2000000000,2000000000,2000000000,2060150829,60150.8,60.1508,60.1508,0.1395,1
mx_s3_hpcc,S3,hpcc,22,incast,21,64,0,1048576,1899999999,2000000000,2000000000,2000000000,2060169376,60169.4,60.1694,60.1694,0.1394,1
mx_s3_hpcc,S3,hpcc,51,incast,50,64,0,1048576,1899999999,2000000000,2000000000,2000000000,2060177899,60177.9,60.1779,60.1779,0.1394,1
mx_s3_hpcc,S3,hpcc,42,incast,41,64,0,1048576,1899999999,2000000000,2000000000,2000000000,2060181266,60181.3,60.1813,60.1813,0.1394,1
mx_s3_hpcc,S3,hpcc,52,incast,51,64,0,1048576,1899999999,2000000000,2000000000,2000000000,2060206093,60206.1,60.2061,60.2061,0.1393,1
mx_s3_hpcc,S3,hpcc,39,incast,38,64,0,1048576,1899999999,2000000000,2000000000,2000000000,2060227198,60227.2,60.2272,60.2272,0.1393,1
mx_s3_hpcc,S3,hpcc,50,incast,49,64,0,1048576,1899999999,2000000000,2000000000,2000000000,2060326700,60326.7,60.3267,60.3267,0.1391,1
mx_s3_hpcc,S3,hpcc,0,background,65,64,0,4000000000,NA,NA,NA,NA,NA,NA,NA,NA,7.1292,0
mx_s3_cbapsba,S3,cbapsba,1,incast,0,64,0,1048576,1899999999,2000000000,2000005000,2000005000,2056807271,56802.3,56.8023,56.8073,0.1477,1
mx_s3_cbapsba,S3,cbapsba,2,incast,1,64,0,1048576,1899999999,2000000000,2000005000,2000005959,2056808608,56802.6,56.8036,56.8086,0.1477,1
mx_s3_cbapsba,S3,cbapsba,3,incast,2,64,0,1048576,1899999999,2000000000,2000005000,2000006918,2056809107,56802.2,56.8041,56.8091,0.1477,1
mx_s3_cbapsba,S3,cbapsba,4,incast,3,64,0,1048576,1899999999,2000000000,2000005000,2000007877,2056810444,56802.6,56.8054,56.8104,0.1477,1
mx_s3_cbapsba,S3,cbapsba,5,incast,4,64,0,1048576,1899999999,2000000000,2000005000,2000008836,2056810943,56802.1,56.8059,56.8109,0.1477,1
mx_s3_cbapsba,S3,cbapsba,6,incast,5,64,0,1048576,1899999999,2000000000,2000005000,2000009795,2056811442,56801.6,56.8064,56.8114,0.1477,1
mx_s3_cbapsba,S3,cbapsba,7,incast,6,64,0,1048576,1899999999,2000000000,2000005000,2000010754,2056811941,56801.2,56.8069,56.8119,0.1477,1
mx_s3_cbapsba,S3,cbapsba,8,incast,7,64,0,1048576,1899999999,2000000000,2000005000,2000011713,2056812440,56800.7,56.8074,56.8124,0.1477,1
mx_s3_cbapsba,S3,cbapsba,9,incast,8,64,0,1048576,1899999999,2000000000,2000005000,2000012672,2056813777,56801.1,56.8088,56.8138,0.1477,1
mx_s3_cbapsba,S3,cbapsba,10,incast,9,64,0,1048576,1899999999,2000000000,2000005000,2000013631,2056814276,56800.6,56.8093,56.8143,0.1477,1
mx_s3_cbapsba,S3,cbapsba,11,incast,10,64,0,1048576,1899999999,2000000000,2000005000,2000014590,2056814775,56800.2,56.8098,56.8148,0.1477,1
mx_s3_cbapsba,S3,cbapsba,12,incast,11,64,0,1048576,1899999999,2000000000,2000005000,2000015549,2056815274,56799.7,56.8103,56.8153,0.1477,1
mx_s3_cbapsba,S3,cbapsba,13,incast,12,64,0,1048576,1899999999,2000000000,2000005000,2000016508,2056815773,56799.3,56.8108,56.8158,0.1477,1
mx_s3_cbapsba,S3,cbapsba,14,incast,13,64,0,1048576,1899999999,2000000000,2000005000,2000017467,2056816272,56798.8,56.8113,56.8163,0.1477,1
mx_s3_cbapsba,S3,cbapsba,15,incast,14,64,0,1048576,1899999999,2000000000,2000005000,2000018426,2056816771,56798.3,56.8118,56.8168,0.1477,1
mx_s3_cbapsba,S3,cbapsba,16,incast,15,64,0,1048576,1899999999,2000000000,2000005000,2000019385,2056817270,56797.9,56.8123,56.8173,0.1477,1
mx_s3_cbapsba,S3,cbapsba,17,incast,16,64,0,1048576,1899999999,2000000000,2000005000,2000020344,2056817769,56797.4,56.8128,56.8178,0.1477,1
mx_s3_cbapsba,S3,cbapsba,18,incast,17,64,0,1048576,1899999999,2000000000,2000005000,2000021303,2056818268,56797.0,56.8133,56.8183,0.1477,1
mx_s3_cbapsba,S3,cbapsba,19,incast,18,64,0,1048576,1899999999,2000000000,2000005000,2000022262,2056818767,56796.5,56.8138,56.8188,0.1477,1
mx_s3_cbapsba,S3,cbapsba,20,incast,19,64,0,1048576,1899999999,2000000000,2000005000,2000023221,2056819266,56796.0,56.8143,56.8193,0.1477,1
mx_s3_cbapsba,S3,cbapsba,21,incast,20,64,0,1048576,1899999999,2000000000,2000005000,2000024180,2056819765,56795.6,56.8148,56.8198,0.1477,1
mx_s3_cbapsba,S3,cbapsba,22,incast,21,64,0,1048576,1899999999,2000000000,2000005000,2000025139,2056820264,56795.1,56.8153,56.8203,0.1477,1
mx_s3_cbapsba,S3,cbapsba,23,incast,22,64,0,1048576,1899999999,2000000000,2000005000,2000026099,2056820763,56794.7,56.8158,56.8208,0.1477,1
mx_s3_cbapsba,S3,cbapsba,24,incast,23,64,0,1048576,1899999999,2000000000,2000005000,2000027058,2056821262,56794.2,56.8163,56.8213,0.1477,1
mx_s3_cbapsba,S3,cbapsba,25,incast,24,64,0,1048576,1899999999,2000000000,2000005000,2000028017,2056821761,56793.7,56.8168,56.8218,0.1477,1
mx_s3_cbapsba,S3,cbapsba,26,incast,25,64,0,1048576,1899999999,2000000000,2000005000,2000028976,2056822260,56793.3,56.8173,56.8223,0.1477,1
mx_s3_cbapsba,S3,cbapsba,27,incast,26,64,0,1048576,1899999999,2000000000,2000005000,2000029935,2056822759,56792.8,56.8178,56.8228,0.1477,1
mx_s3_cbapsba,S3,cbapsba,28,incast,27,64,0,1048576,1899999999,2000000000,2000005000,2000030894,2056823258,56792.4,56.8183,56.8233,0.1477,1
mx_s3_cbapsba,S3,cbapsba,29,incast,28,64,0,1048576,1899999999,2000000000,2000005000,2000031853,2056823757,56791.9,56.8188,56.8238,0.1477,1
mx_s3_cbapsba,S3,cbapsba,30,incast,29,64,0,1048576,1899999999,2000000000,2000005000,2000032812,2056824256,56791.4,56.8193,56.8243,0.1477,1
mx_s3_cbapsba,S3,cbapsba,31,incast,30,64,0,1048576,1899999999,2000000000,2000005000,2000033771,2056824755,56791.0,56.8198,56.8248,0.1477,1
mx_s3_cbapsba,S3,cbapsba,32,incast,31,64,0,1048576,1899999999,2000000000,2000005000,2000034730,2056825254,56790.5,56.8203,56.8253,0.1477,1
mx_s3_cbapsba,S3,cbapsba,33,incast,32,64,0,1048576,1899999999,2000000000,2000005000,2000035689,2056825753,56790.1,56.8208,56.8258,0.1477,1
mx_s3_cbapsba,S3,cbapsba,34,incast,33,64,0,1048576,1899999999,2000000000,2000005000,2000036648,2056826252,56789.6,56.8213,56.8263,0.1477,1
mx_s3_cbapsba,S3,cbapsba,35,incast,34,64,0,1048576,1899999999,2000000000,2000005000,2000037607,2056826751,56789.1,56.8218,56.8268,0.1477,1
mx_s3_cbapsba,S3,cbapsba,36,incast,35,64,0,1048576,1899999999,2000000000,2000005000,2000038566,2056827250,56788.7,56.8222,56.8272,0.1477,1
mx_s3_cbapsba,S3,cbapsba,37,incast,36,64,0,1048576,1899999999,2000000000,2000005000,2000039525,2056827749,56788.2,56.8227,56.8277,0.1477,1
mx_s3_cbapsba,S3,cbapsba,38,incast,37,64,0,1048576,1899999999,2000000000,2000005000,2000040484,2056828248,56787.8,56.8232,56.8282,0.1477,1
mx_s3_cbapsba,S3,cbapsba,39,incast,38,64,0,1048576,1899999999,2000000000,2000005000,2000041443,2056828747,56787.3,56.8237,56.8287,0.1477,1
mx_s3_cbapsba,S3,cbapsba,40,incast,39,64,0,1048576,1899999999,2000000000,2000005000,2000042402,2056829246,56786.8,56.8242,56.8292,0.1477,1
mx_s3_cbapsba,S3,cbapsba,41,incast,40,64,0,1048576,1899999999,2000000000,2000005000,2000043361,2056829745,56786.4,56.8247,56.8297,0.1477,1
mx_s3_cbapsba,S3,cbapsba,42,incast,41,64,0,1048576,1899999999,2000000000,2000005000,2000044320,2056830244,56785.9,56.8252,56.8302,0.1477,1
mx_s3_cbapsba,S3,cbapsba,43,incast,42,64,0,1048576,1899999999,2000000000,2000005000,2000045279,2056830743,56785.5,56.8257,56.8307,0.1477,1
mx_s3_cbapsba,S3,cbapsba,44,incast,43,64,0,1048576,1899999999,2000000000,2000005000,2000046239,2056831242,56785.0,56.8262,56.8312,0.1477,1
mx_s3_cbapsba,S3,cbapsba,45,incast,44,64,0,1048576,1899999999,2000000000,2000005000,2000047198,2056831741,56784.5,56.8267,56.8317,0.1477,1
mx_s3_cbapsba,S3,cbapsba,46,incast,45,64,0,1048576,1899999999,2000000000,2000005000,2000048157,2056832240,56784.1,56.8272,56.8322,0.1477,1
mx_s3_cbapsba,S3,cbapsba,47,incast,46,64,0,1048576,1899999999,2000000000,2000005000,2000049116,2056832739,56783.6,56.8277,56.8327,0.1477,1
mx_s3_cbapsba,S3,cbapsba,48,incast,47,64,0,1048576,1899999999,2000000000,2000005000,2000050075,2056833238,56783.2,56.8282,56.8332,0.1477,1
mx_s3_cbapsba,S3,cbapsba,49,incast,48,64,0,1048576,1899999999,2000000000,2000005000,2000051034,2056833737,56782.7,56.8287,56.8337,0.1477,1
mx_s3_cbapsba,S3,cbapsba,50,incast,49,64,0,1048576,1899999999,2000000000,2000005000,2000051993,2056834236,56782.2,56.8292,56.8342,0.1477,1
mx_s3_cbapsba,S3,cbapsba,52,incast,51,64,0,1048576,1899999999,2000000000,2000005000,2000053911,2056834735,56780.8,56.8297,56.8347,0.1477,1
mx_s3_cbapsba,S3,cbapsba,51,incast,50,64,0,1048576,1899999999,2000000000,2000005000,2000052952,2056835234,56782.3,56.8302,56.8352,0.1477,1
mx_s3_cbapsba,S3,cbapsba,53,incast,52,64,0,1048576,1899999999,2000000000,2000005000,2000054870,2056835733,56780.9,56.8307,56.8357,0.1477,1
mx_s3_cbapsba,S3,cbapsba,54,incast,53,64,0,1048576,1899999999,2000000000,2000005000,2000055829,2056836232,56780.4,56.8312,56.8362,0.1477,1
mx_s3_cbapsba,S3,cbapsba,55,incast,54,64,0,1048576,1899999999,2000000000,2000005000,2000056788,2056836731,56779.9,56.8317,56.8367,0.1477,1
mx_s3_cbapsba,S3,cbapsba,56,incast,55,64,0,1048576,1899999999,2000000000,2000005000,2000057747,2056837230,56779.5,56.8322,56.8372,0.1477,1
mx_s3_cbapsba,S3,cbapsba,57,incast,56,64,0,1048576,1899999999,2000000000,2000005000,2000058706,2056837729,56779.0,56.8327,56.8377,0.1477,1
mx_s3_cbapsba,S3,cbapsba,58,incast,57,64,0,1048576,1899999999,2000000000,2000005000,2000059665,2056838228,56778.6,56.8332,56.8382,0.1477,1
mx_s3_cbapsba,S3,cbapsba,59,incast,58,64,0,1048576,1899999999,2000000000,2000005000,2000060624,2056838727,56778.1,56.8337,56.8387,0.1477,1
mx_s3_cbapsba,S3,cbapsba,60,incast,59,64,0,1048576,1899999999,2000000000,2000005000,2000061583,2056839226,56777.6,56.8342,56.8392,0.1477,1
mx_s3_cbapsba,S3,cbapsba,63,incast,62,64,0,1048576,1899999999,2000000000,2000005000,2000064460,2056839725,56775.3,56.8347,56.8397,0.1478,1
mx_s3_cbapsba,S3,cbapsba,64,incast,63,64,0,1048576,1899999999,2000000000,2000005000,2000065419,2056840224,56774.8,56.8352,56.8402,0.1478,1
mx_s3_cbapsba,S3,cbapsba,61,incast,60,64,0,1048576,1899999999,2000000000,2000005000,2000062542,2056840723,56778.2,56.8357,56.8407,0.1477,1
mx_s3_cbapsba,S3,cbapsba,62,incast,61,64,0,1048576,1899999999,2000000000,2000005000,2000063501,2056841222,56777.7,56.8362,56.8412,0.1477,1
mx_s3_cbapsba,S3,cbapsba,0,background,65,64,0,4000000000,NA,NA,NA,NA,NA,NA,NA,NA,7.3924,0
mx_s4_dcqcn,S4,dcqcn,60,incast,59,64,0,1048576,1899999999,2000000000,2000000000,2000000000,2046857475,46857.5,46.8575,46.8575,0.179,1
mx_s4_dcqcn,S4,dcqcn,41,incast,40,64,0,1048576,1899999999,2000000000,2000000000,2000000000,2046945126,46945.1,46.9451,46.9451,0.1787,1
mx_s4_dcqcn,S4,dcqcn,38,incast,37,64,0,1048576,1899999999,2000000000,2000000000,2000000000,2046957357,46957.4,46.9574,46.9574,0.1786,1
mx_s4_dcqcn,S4,dcqcn,14,incast,13,64,0,1048576,1899999999,2000000000,2000000000,2000000000,2048375752,48375.8,48.3758,48.3758,0.1734,1
mx_s4_dcqcn,S4,dcqcn,32,incast,31,64,0,1048576,1899999999,2000000000,2000000000,2000000000,2048799441,48799.4,48.7994,48.7994,0.1719,1
mx_s4_dcqcn,S4,dcqcn,30,incast,29,64,0,1048576,1899999999,2000000000,2000000000,2000000000,2049025362,49025.4,49.0254,49.0254,0.1711,1
mx_s4_dcqcn,S4,dcqcn,24,incast,23,64,0,1048576,1899999999,2000000000,2000000000,2000000000,2050330627,50330.6,50.3306,50.3306,0.1667,1
mx_s4_dcqcn,S4,dcqcn,44,incast,43,64,0,1048576,1899999999,2000000000,2000000000,2000000000,2050562414,50562.4,50.5624,50.5624,0.1659,1
mx_s4_dcqcn,S4,dcqcn,36,incast,35,64,0,1048576,1899999999,2000000000,2000000000,2000000000,2050695317,50695.3,50.6953,50.6953,0.1655,1
mx_s4_dcqcn,S4,dcqcn,35,incast,34,64,0,1048576,1899999999,2000000000,2000000000,2000000000,2051057832,51057.8,51.0578,51.0578,0.1643,1
mx_s4_dcqcn,S4,dcqcn,29,incast,28,64,0,1048576,1899999999,2000000000,2000000000,2000000000,2051391017,51391.0,51.391,51.391,0.1632,1
mx_s4_dcqcn,S4,dcqcn,42,incast,41,64,0,1048576,1899999999,2000000000,2000000000,2000000000,2051739286,51739.3,51.7393,51.7393,0.1621,1
mx_s4_dcqcn,S4,dcqcn,61,incast,60,64,0,1048576,1899999999,2000000000,2000000000,2000000000,2051740623,51740.6,51.7406,51.7406,0.1621,1
mx_s4_dcqcn,S4,dcqcn,18,incast,17,64,0,1048576,1899999999,2000000000,2000000000,2000000000,2052127440,52127.4,52.1274,52.1274,0.1609,1
mx_s4_dcqcn,S4,dcqcn,47,incast,46,64,0,1048576,1899999999,2000000000,2000000000,2000000000,2052627387,52627.4,52.6274,52.6274,0.1594,1
mx_s4_dcqcn,S4,dcqcn,4,incast,3,64,0,1048576,1899999999,2000000000,2000000000,2000000000,2052635428,52635.4,52.6354,52.6354,0.1594,1
mx_s4_dcqcn,S4,dcqcn,55,incast,54,64,0,1048576,1899999999,2000000000,2000000000,2000000000,2052798499,52798.5,52.7985,52.7985,0.1589,1
mx_s4_dcqcn,S4,dcqcn,21,incast,20,64,0,1048576,1899999999,2000000000,2000000000,2000000000,2052824976,52825.0,52.825,52.825,0.1588,1
mx_s4_dcqcn,S4,dcqcn,53,incast,52,64,0,1048576,1899999999,2000000000,2000000000,2000000000,2053554535,53554.5,53.5545,53.5545,0.1566,1
mx_s4_dcqcn,S4,dcqcn,40,incast,39,64,0,1048576,1899999999,2000000000,2000000000,2000000000,2053578498,53578.5,53.5785,53.5785,0.1566,1
mx_s4_dcqcn,S4,dcqcn,15,incast,14,64,0,1048576,1899999999,2000000000,2000000000,2000000000,2053847157,53847.2,53.8472,53.8472,0.1558,1
mx_s4_dcqcn,S4,dcqcn,9,incast,8,64,0,1048576,1899999999,2000000000,2000000000,2000000000,2053918048,53918.0,53.918,53.918,0.1556,1
mx_s4_dcqcn,S4,dcqcn,31,incast,30,64,0,1048576,1899999999,2000000000,2000000000,2000000000,2053992291,53992.3,53.9923,53.9923,0.1554,1
mx_s4_dcqcn,S4,dcqcn,13,incast,12,64,0,1048576,1899999999,2000000000,2000000000,2000000000,2054015416,54015.4,54.0154,54.0154,0.1553,1
mx_s4_dcqcn,S4,dcqcn,26,incast,25,64,0,1048576,1899999999,2000000000,2000000000,2000000000,2054224577,54224.6,54.2246,54.2246,0.1547,1
mx_s4_dcqcn,S4,dcqcn,5,incast,4,64,0,1048576,1899999999,2000000000,2000000000,2000000000,2054288764,54288.8,54.2888,54.2888,0.1545,1
mx_s4_dcqcn,S4,dcqcn,45,incast,44,64,0,1048576,1899999999,2000000000,2000000000,2000000000,2054366359,54366.4,54.3664,54.3664,0.1543,1
mx_s4_dcqcn,S4,dcqcn,46,incast,45,64,0,1048576,1899999999,2000000000,2000000000,2000000000,2054813512,54813.5,54.8135,54.8135,0.153,1
mx_s4_dcqcn,S4,dcqcn,39,incast,38,64,0,1048576,1899999999,2000000000,2000000000,2000000000,2054864291,54864.3,54.8643,54.8643,0.1529,1
mx_s4_dcqcn,S4,dcqcn,23,incast,22,64,0,1048576,1899999999,2000000000,2000000000,2000000000,2054875684,54875.7,54.8757,54.8757,0.1529,1
mx_s4_dcqcn,S4,dcqcn,20,incast,19,64,0,1048576,1899999999,2000000000,2000000000,2000000000,2055041269,55041.3,55.0413,55.0413,0.1524,1
mx_s4_dcqcn,S4,dcqcn,25,incast,24,64,0,1048576,1899999999,2000000000,2000000000,2000000000,2055066908,55066.9,55.0669,55.0669,0.1523,1
mx_s4_dcqcn,S4,dcqcn,51,incast,50,64,0,1048576,1899999999,2000000000,2000000000,2000000000,2055176347,55176.3,55.1763,55.1763,0.152,1
mx_s4_dcqcn,S4,dcqcn,48,incast,47,64,0,1048576,1899999999,2000000000,2000000000,2000000000,2055191930,55191.9,55.1919,55.1919,0.152,1
mx_s4_dcqcn,S4,dcqcn,28,incast,27,64,0,1048576,1899999999,2000000000,2000000000,2000000000,2055266173,55266.2,55.2662,55.2662,0.1518,1
mx_s4_dcqcn,S4,dcqcn,49,incast,48,64,0,1048576,1899999999,2000000000,2000000000,2000000000,2055321142,55321.1,55.3211,55.3211,0.1516,1
mx_s4_dcqcn,S4,dcqcn,27,incast,26,64,0,1048576,1899999999,2000000000,2000000000,2000000000,2055338401,55338.4,55.3384,55.3384,0.1516,1
mx_s4_dcqcn,S4,dcqcn,57,incast,56,64,0,1048576,1899999999,2000000000,2000000000,2000000000,2055472980,55473.0,55.473,55.473,0.1512,1
mx_s4_dcqcn,S4,dcqcn,63,incast,62,64,0,1048576,1899999999,2000000000,2000000000,2000000000,2055615101,55615.1,55.6151,55.6151,0.1508,1
mx_s4_dcqcn,S4,dcqcn,6,incast,5,64,0,1048576,1899999999,2000000000,2000000000,2000000000,2055678450,55678.4,55.6784,55.6784,0.1507,1
mx_s4_dcqcn,S4,dcqcn,19,incast,18,64,0,1048576,1899999999,2000000000,2000000000,2000000000,2055792079,55792.1,55.7921,55.7921,0.1504,1
mx_s4_dcqcn,S4,dcqcn,33,incast,32,64,0,1048576,1899999999,2000000000,2000000000,2000000000,2055885596,55885.6,55.8856,55.8856,0.1501,1
mx_s4_dcqcn,S4,dcqcn,43,incast,42,64,0,1048576,1899999999,2000000000,2000000000,2000000000,2055939727,55939.7,55.9397,55.9397,0.15,1
mx_s4_dcqcn,S4,dcqcn,3,incast,2,64,0,1048576,1899999999,2000000000,2000000000,2000000000,2055967042,55967.0,55.967,55.967,0.1499,1
mx_s4_dcqcn,S4,dcqcn,12,incast,11,64,0,1048576,1899999999,2000000000,2000000000,2000000000,2055975083,55975.1,55.9751,55.9751,0.1499,1
mx_s4_dcqcn,S4,dcqcn,52,incast,51,64,0,1048576,1899999999,2000000000,2000000000,2000000000,2056092064,56092.1,56.0921,56.0921,0.1496,1
mx_s4_dcqcn,S4,dcqcn,64,incast,63,64,0,1048576,1899999999,2000000000,2000000000,2000000000,2056193961,56194.0,56.194,56.194,0.1493,1
mx_s4_dcqcn,S4,dcqcn,22,incast,21,64,0,1048576,1899999999,2000000000,2000000000,2000000000,2056224628,56224.6,56.2246,56.2246,0.1492,1
mx_s4_dcqcn,S4,dcqcn,58,incast,57,64,0,1048576,1899999999,2000000000,2000000000,2000000000,2056255295,56255.3,56.2553,56.2553,0.1491,1
mx_s4_dcqcn,S4,dcqcn,2,incast,1,64,0,1048576,1899999999,2000000000,2000000000,2000000000,2056372953,56373.0,56.373,56.373,0.1488,1
mx_s4_dcqcn,S4,dcqcn,59,incast,58,64,0,1048576,1899999999,2000000000,2000000000,2000000000,2056448399,56448.4,56.4484,56.4484,0.1486,1
mx_s4_dcqcn,S4,dcqcn,7,incast,6,64,0,1048576,1899999999,2000000000,2000000000,2000000000,2056494849,56494.8,56.4948,56.4948,0.1485,1
mx_s4_dcqcn,S4,dcqcn,50,incast,49,64,0,1048576,1899999999,2000000000,2000000000,2000000000,2056512957,56513.0,56.513,56.513,0.1484,1
mx_s4_dcqcn,S4,dcqcn,54,incast,53,64,0,1048576,1899999999,2000000000,2000000000,2000000000,2056752578,56752.6,56.7526,56.7526,0.1478,1
mx_s4_dcqcn,S4,dcqcn,37,incast,36,64,0,1048576,1899999999,2000000000,2000000000,2000000000,2057041171,57041.2,57.0412,57.0412,0.1471,1
mx_s4_dcqcn,S4,dcqcn,56,incast,55,64,0,1048576,1899999999,2000000000,2000000000,2000000000,2057241086,57241.1,57.2411,57.2411,0.1465,1
mx_s4_dcqcn,S4,dcqcn,8,incast,7,64,0,1048576,1899999999,2000000000,2000000000,2000000000,2057289138,57289.1,57.2891,57.2891,0.1464,1
mx_s4_dcqcn,S4,dcqcn,11,incast,10,64,0,1048576,1899999999,2000000000,2000000000,2000000000,2057463987,57464.0,57.464,57.464,0.146,1
mx_s4_dcqcn,S4,dcqcn,17,incast,16,64,0,1048576,1899999999,2000000000,2000000000,2000000000,2058044027,58044.0,58.044,58.044,0.1445,1
mx_s4_dcqcn,S4,dcqcn,16,incast,15,64,0,1048576,1899999999,2000000000,2000000000,2000000000,2058094747,58094.7,58.0947,58.0947,0.1444,1
mx_s4_dcqcn,S4,dcqcn,62,incast,61,64,0,1048576,1899999999,2000000000,2000000000,2000000000,2058122813,58122.8,58.1228,58.1228,0.1443,1
mx_s4_dcqcn,S4,dcqcn,34,incast,33,64,0,1048576,1899999999,2000000000,2000000000,2000000000,2058302876,58302.9,58.3029,58.3029,0.1439,1
mx_s4_dcqcn,S4,dcqcn,10,incast,9,64,0,1048576,1899999999,2000000000,2000000000,2000000000,2058451522,58451.5,58.4515,58.4515,0.1435,1
mx_s4_dcqcn,S4,dcqcn,1,incast,0,64,0,1048576,1899999999,2000000000,2000000000,2000000000,2059069245,59069.2,59.0692,59.0692,0.142,1
mx_s4_dcqcn,S4,dcqcn,0,background,65,64,0,4000000000,500000000,2000000000,1000000000,1000000000,4596599514,3596599.5,3596.5995,2596.5995,8.8973,1
mx_s4_dcqcn,S4,dcqcn,0,background,65,64,0,4000000000,NA,NA,NA,NA,NA,NA,NA,NA,7.1111,1
mx_s4_dctcp,S4,dctcp,13,incast,12,64,0,1048576,1899999999,2000000000,2000000000,2000000000,2055521557,55521.6,55.5216,55.5216,0.1511,1
mx_s4_dctcp,S4,dctcp,47,incast,46,64,0,1048576,1899999999,2000000000,2000000000,2000000000,2055545520,55545.5,55.5455,55.5455,0.151,1
mx_s4_dctcp,S4,dctcp,53,incast,52,64,0,1048576,1899999999,2000000000,2000000000,2000000000,2055696859,55696.9,55.6969,55.6969,0.1506,1
mx_s4_dctcp,S4,dctcp,59,incast,58,64,0,1048576,1899999999,2000000000,2000000000,2000000000,2055722498,55722.5,55.7225,55.7225,0.1505,1
mx_s4_dctcp,S4,dctcp,43,incast,42,64,0,1048576,1899999999,2000000000,2000000000,2000000000,2055785009,55785.0,55.785,55.785,0.1504,1
mx_s4_dctcp,S4,dctcp,33,incast,32,64,0,1048576,1899999999,2000000000,2000000000,2000000000,2055786346,55786.3,55.7863,55.7863,0.1504,1
mx_s4_dctcp,S4,dctcp,35,incast,34,64,0,1048576,1899999999,2000000000,2000000000,2000000000,2055811147,55811.1,55.8111,55.8111,0.1503,1
mx_s4_dctcp,S4,dctcp,42,incast,41,64,0,1048576,1899999999,2000000000,2000000000,2000000000,2055834272,55834.3,55.8343,55.8343,0.1502,1
mx_s4_dctcp,S4,dctcp,16,incast,15,64,0,1048576,1899999999,2000000000,2000000000,2000000000,2055931979,55932.0,55.932,55.932,0.15,1
mx_s4_dctcp,S4,dctcp,5,incast,4,64,0,1048576,1899999999,2000000000,2000000000,2000000000,2055938344,55938.3,55.9383,55.9383,0.15,1
mx_s4_dctcp,S4,dctcp,36,incast,35,64,0,1048576,1899999999,2000000000,2000000000,2000000000,2055946385,55946.4,55.9464,55.9464,0.1499,1
mx_s4_dctcp,S4,dctcp,55,incast,54,64,0,1048576,1899999999,2000000000,2000000000,2000000000,2056020628,56020.6,56.0206,56.0206,0.1497,1
mx_s4_dctcp,S4,dctcp,23,incast,22,64,0,1048576,1899999999,2000000000,2000000000,2000000000,2056060513,56060.5,56.0605,56.0605,0.1496,1
mx_s4_dctcp,S4,dctcp,24,incast,23,64,0,1048576,1899999999,2000000000,2000000000,2000000000,2056131404,56131.4,56.1314,56.1314,0.1494,1
mx_s4_dctcp,S4,dctcp,17,incast,16,64,0,1048576,1899999999,2000000000,2000000000,2000000000,2056165423,56165.4,56.1654,56.1654,0.1494,1
mx_s4_dctcp,S4,dctcp,38,incast,37,64,0,1048576,1899999999,2000000000,2000000000,2000000000,2056309220,56309.2,56.3092,56.3092,0.149,1
mx_s4_dctcp,S4,dctcp,60,incast,59,64,0,1048576,1899999999,2000000000,2000000000,2000000000,2056365865,56365.9,56.3659,56.3659,0.1488,1
mx_s4_dctcp,S4,dctcp,8,incast,7,64,0,1048576,1899999999,2000000000,2000000000,2000000000,2056370554,56370.6,56.3706,56.3706,0.1488,1
mx_s4_dctcp,S4,dctcp,1,incast,0,64,0,1048576,1899999999,2000000000,2000000000,2000000000,2056389489,56389.5,56.3895,56.3895,0.1488,1
mx_s4_dctcp,S4,dctcp,32,incast,31,64,0,1048576,1899999999,2000000000,2000000000,2000000000,2056479654,56479.7,56.4797,56.4797,0.1485,1
mx_s4_dctcp,S4,dctcp,7,incast,6,64,0,1048576,1899999999,2000000000,2000000000,2000000000,2056481829,56481.8,56.4818,56.4818,0.1485,1
mx_s4_dctcp,S4,dctcp,31,incast,30,64,0,1048576,1899999999,2000000000,2000000000,2000000000,2056484004,56484.0,56.484,56.484,0.1485,1
mx_s4_dctcp,S4,dctcp,9,incast,8,64,0,1048576,1899999999,2000000000,2000000000,2000000000,2056485341,56485.3,56.4853,56.4853,0.1485,1
mx_s4_dctcp,S4,dctcp,63,incast,62,64,0,1048576,1899999999,2000000000,2000000000,2000000000,2056499248,56499.2,56.4992,56.4992,0.1485,1
mx_s4_dctcp,S4,dctcp,54,incast,53,64,0,1048576,1899999999,2000000000,2000000000,2000000000,2056535781,56535.8,56.5358,56.5358,0.1484,1
mx_s4_dctcp,S4,dctcp,20,incast,19,64,0,1048576,1899999999,2000000000,2000000000,2000000000,2056627622,56627.6,56.6276,56.6276,0.1481,1
mx_s4_dctcp,S4,dctcp,51,incast,50,64,0,1048576,1899999999,2000000000,2000000000,2000000000,2056671697,56671.7,56.6717,56.6717,0.148,1
mx_s4_dctcp,S4,dctcp,30,incast,29,64,0,1048576,1899999999,2000000000,2000000000,2000000000,2056693146,56693.1,56.6931,56.6931,0.148,1
mx_s4_dctcp,S4,dctcp,6,incast,5,64,0,1048576,1899999999,2000000000,2000000000,2000000000,2056696159,56696.2,56.6962,56.6962,0.148,1
mx_s4_dctcp,S4,dctcp,34,incast,33,64,0,1048576,1899999999,2000000000,2000000000,2000000000,2056717608,56717.6,56.7176,56.7176,0.1479,1
mx_s4_dctcp,S4,dctcp,41,incast,40,64,0,1048576,1899999999,2000000000,2000000000,2000000000,2056719783,56719.8,56.7198,56.7198,0.1479,1
mx_s4_dctcp,S4,dctcp,14,incast,13,64,0,1048576,1899999999,2000000000,2000000000,2000000000,2056731176,56731.2,56.7312,56.7312,0.1479,1
mx_s4_dctcp,S4,dctcp,40,incast,39,64,0,1048576,1899999999,2000000000,2000000000,2000000000,2056740893,56740.9,56.7409,56.7409,0.1478,1
mx_s4_dctcp,S4,dctcp,2,incast,1,64,0,1048576,1899999999,2000000000,2000000000,2000000000,2056766532,56766.5,56.7665,56.7665,0.1478,1
mx_s4_dctcp,S4,dctcp,52,incast,51,64,0,1048576,1899999999,2000000000,2000000000,2000000000,2056775411,56775.4,56.7754,56.7754,0.1478,1
mx_s4_dctcp,S4,dctcp,4,incast,3,64,0,1048576,1899999999,2000000000,2000000000,2000000000,2056790156,56790.2,56.7902,56.7902,0.1477,1
mx_s4_dctcp,S4,dctcp,19,incast,18,64,0,1048576,1899999999,2000000000,2000000000,2000000000,2056814119,56814.1,56.8141,56.8141,0.1477,1
mx_s4_dctcp,S4,dctcp,25,incast,24,64,0,1048576,1899999999,2000000000,2000000000,2000000000,2056855680,56855.7,56.8557,56.8557,0.1475,1
mx_s4_dctcp,S4,dctcp,62,incast,61,64,0,1048576,1899999999,2000000000,2000000000,2000000000,2056872101,56872.1,56.8721,56.8721,0.1475,1
mx_s4_dctcp,S4,dctcp,27,incast,26,64,0,1048576,1899999999,2000000000,2000000000,2000000000,2056898578,56898.6,56.8986,56.8986,0.1474,1
mx_s4_dctcp,S4,dctcp,44,incast,43,64,0,1048576,1899999999,2000000000,2000000000,2000000000,2056938463,56938.5,56.9385,56.9385,0.1473,1
mx_s4_dctcp,S4,dctcp,50,incast,49,64,0,1048576,1899999999,2000000000,2000000000,2000000000,2056940638,56940.6,56.9406,56.9406,0.1473,1
mx_s4_dctcp,S4,dctcp,64,incast,63,64,0,1048576,1899999999,2000000000,2000000000,2000000000,2056952031,56952.0,56.952,56.952,0.1473,1
mx_s4_dctcp,S4,dctcp,49,incast,48,64,0,1048576,1899999999,2000000000,2000000000,2000000000,2056957558,56957.6,56.9576,56.9576,0.1473,1
mx_s4_dctcp,S4,dctcp,37,incast,36,64,0,1048576,1899999999,2000000000,2000000000,2000000000,2056963085,56963.1,56.9631,56.9631,0.1473,1
mx_s4_dctcp,S4,dctcp,61,incast,60,64,0,1048576,1899999999,2000000000,2000000000,2000000000,2056969450,56969.4,56.9695,56.9695,0.1472,1
mx_s4_dctcp,S4,dctcp,39,incast,38,64,0,1048576,1899999999,2000000000,2000000000,2000000000,2056990061,56990.1,56.9901,56.9901,0.1472,1
mx_s4_dctcp,S4,dctcp,56,incast,55,64,0,1048576,1899999999,2000000000,2000000000,2000000000,2057004806,57004.8,57.0048,57.0048,0.1472,1
mx_s4_dctcp,S4,dctcp,10,incast,9,64,0,1048576,1899999999,2000000000,2000000000,2000000000,2057006981,57007.0,57.007,57.007,0.1472,1
mx_s4_dctcp,S4,dctcp,45,incast,44,64,0,1048576,1899999999,2000000000,2000000000,2000000000,2057014184,57014.2,57.0142,57.0142,0.1471,1
mx_s4_dctcp,S4,dctcp,11,incast,10,64,0,1048576,1899999999,2000000000,2000000000,2000000000,2057030605,57030.6,57.0306,57.0306,0.1471,1
mx_s4_dctcp,S4,dctcp,22,incast,21,64,0,1048576,1899999999,2000000000,2000000000,2000000000,2057049540,57049.5,57.0495,57.0495,0.147,1
mx_s4_dctcp,S4,dctcp,46,incast,45,64,0,1048576,1899999999,2000000000,2000000000,2000000000,2057096967,57097.0,57.097,57.097,0.1469,1
mx_s4_dctcp,S4,dctcp,58,incast,57,64,0,1048576,1899999999,2000000000,2000000000,2000000000,2057098304,57098.3,57.0983,57.0983,0.1469,1
mx_s4_dctcp,S4,dctcp,26,incast,25,64,0,1048576,1899999999,2000000000,2000000000,2000000000,2057109697,57109.7,57.1097,57.1097,0.1469,1
mx_s4_dctcp,S4,dctcp,12,incast,11,64,0,1048576,1899999999,2000000000,2000000000,2000000000,2057111872,57111.9,57.1119,57.1119,0.1469,1
mx_s4_dctcp,S4,dctcp,18,incast,17,64,0,1048576,1899999999,2000000000,2000000000,2000000000,2057123265,57123.3,57.1233,57.1233,0.1469,1
mx_s4_dctcp,S4,dctcp,28,incast,27,64,0,1048576,1899999999,2000000000,2000000000,2000000000,2057128792,57128.8,57.1288,57.1288,0.1468,1
mx_s4_dctcp,S4,dctcp,48,incast,47,64,0,1048576,1899999999,2000000000,2000000000,2000000000,2057146051,57146.1,57.1461,57.1461,0.1468,1
mx_s4_dctcp,S4,dctcp,21,incast,20,64,0,1048576,1899999999,2000000000,2000000000,2000000000,2057146550,57146.6,57.1465,57.1465,0.1468,1
mx_s4_dctcp,S4,dctcp,29,incast,28,64,0,1048576,1899999999,2000000000,2000000000,2000000000,2057167161,57167.2,57.1672,57.1672,0.1467,1
mx_s4_dctcp,S4,dctcp,57,incast,56,64,0,1048576,1899999999,2000000000,2000000000,2000000000,2057202018,57202.0,57.202,57.202,0.1466,1
mx_s4_dctcp,S4,dctcp,15,incast,14,64,0,1048576,1899999999,2000000000,2000000000,2000000000,2057206707,57206.7,57.2067,57.2067,0.1466,1
mx_s4_dctcp,S4,dctcp,3,incast,2,64,0,1048576,1899999999,2000000000,2000000000,2000000000,2057307766,57307.8,57.3078,57.3078,0.1464,1
mx_s4_dctcp,S4,dctcp,0,background,65,64,0,4000000000,500000000,2000000000,1000000000,1000000000,4584176776,3584176.8,3584.1768,2584.1768,8.9281,1
mx_s4_dctcp,S4,dctcp,0,background,65,64,0,4000000000,NA,NA,NA,NA,NA,NA,NA,NA,7.1111,1
mx_s4_timely,S4,timely,34,incast,33,64,0,1048576,1899999999,2000000000,2000000000,2000000000,2055838370,55838.4,55.8384,55.8384,0.1502,1
mx_s4_timely,S4,timely,5,incast,4,64,0,1048576,1899999999,2000000000,2000000000,2000000000,2056274379,56274.4,56.2744,56.2744,0.1491,1
mx_s4_timely,S4,timely,46,incast,45,64,0,1048576,1899999999,2000000000,2000000000,2000000000,2056381228,56381.2,56.3812,56.3812,0.1488,1
mx_s4_timely,S4,timely,28,incast,27,64,0,1048576,1899999999,2000000000,2000000000,2000000000,2056466977,56467.0,56.467,56.467,0.1486,1
mx_s4_timely,S4,timely,51,incast,50,64,0,1048576,1899999999,2000000000,2000000000,2000000000,2056585642,56585.6,56.5856,56.5856,0.1482,1
mx_s4_timely,S4,timely,41,incast,40,64,0,1048576,1899999999,2000000000,2000000000,2000000000,2056672235,56672.2,56.6722,56.6722,0.148,1
mx_s4_timely,S4,timely,26,incast,25,64,0,1048576,1899999999,2000000000,2000000000,2000000000,2056681180,56681.2,56.6812,56.6812,0.148,1
mx_s4_timely,S4,timely,39,incast,38,64,0,1048576,1899999999,2000000000,2000000000,2000000000,2056731481,56731.5,56.7315,56.7315,0.1479,1
mx_s4_timely,S4,timely,55,incast,54,64,0,1048576,1899999999,2000000000,2000000000,2000000000,2056760682,56760.7,56.7607,56.7607,0.1478,1
mx_s4_timely,S4,timely,4,incast,3,64,0,1048576,1899999999,2000000000,2000000000,2000000000,2056786507,56786.5,56.7865,56.7865,0.1477,1
mx_s4_timely,S4,timely,52,incast,51,64,0,1048576,1899999999,2000000000,2000000000,2000000000,2056827524,56827.5,56.8275,56.8275,0.1476,1
mx_s4_timely,S4,timely,59,incast,58,64,0,1048576,1899999999,2000000000,2000000000,2000000000,2056835625,56835.6,56.8356,56.8356,0.1476,1
mx_s4_timely,S4,timely,13,incast,12,64,0,1048576,1899999999,2000000000,2000000000,2000000000,2056846258,56846.3,56.8463,56.8463,0.1476,1
mx_s4_timely,S4,timely,43,incast,42,64,0,1048576,1899999999,2000000000,2000000000,2000000000,2056923567,56923.6,56.9236,56.9236,0.1474,1
mx_s4_timely,S4,timely,6,incast,5,64,0,1048576,1899999999,2000000000,2000000000,2000000000,2056952137,56952.1,56.9521,56.9521,0.1473,1
mx_s4_timely,S4,timely,53,incast,52,64,0,1048576,1899999999,2000000000,2000000000,2000000000,2056954330,56954.3,56.9543,56.9543,0.1473,1
mx_s4_timely,S4,timely,57,incast,56,64,0,1048576,1899999999,2000000000,2000000000,2000000000,2057006769,57006.8,57.0068,57.0068,0.1472,1
mx_s4_timely,S4,timely,10,incast,9,64,0,1048576,1899999999,2000000000,2000000000,2000000000,2057014026,57014.0,57.014,57.014,0.1471,1
mx_s4_timely,S4,timely,50,incast,49,64,0,1048576,1899999999,2000000000,2000000000,2000000000,2057036371,57036.4,57.0364,57.0364,0.1471,1
mx_s4_timely,S4,timely,32,incast,31,64,0,1048576,1899999999,2000000000,2000000000,2000000000,2057036876,57036.9,57.0369,57.0369,0.1471,1
mx_s4_timely,S4,timely,42,incast,41,64,0,1048576,1899999999,2000000000,2000000000,2000000000,2057067765,57067.8,57.0678,57.0678,0.147,1
mx_s4_timely,S4,timely,12,incast,11,64,0,1048576,1899999999,2000000000,2000000000,2000000000,2057113846,57113.8,57.1138,57.1138,0.1469,1
mx_s4_timely,S4,timely,9,incast,8,64,0,1048576,1899999999,2000000000,2000000000,2000000000,2057128699,57128.7,57.1287,57.1287,0.1468,1
mx_s4_timely,S4,timely,36,incast,35,64,0,1048576,1899999999,2000000000,2000000000,2000000000,2057156212,57156.2,57.1562,57.1562,0.1468,1
mx_s4_timely,S4,timely,21,incast,20,64,0,1048576,1899999999,2000000000,2000000000,2000000000,2057166001,57166.0,57.166,57.166,0.1467,1
mx_s4_timely,S4,timely,3,incast,2,64,0,1048576,1899999999,2000000000,2000000000,2000000000,2057179166,57179.2,57.1792,57.1792,0.1467,1
mx_s4_timely,S4,timely,8,incast,7,64,0,1048576,1899999999,2000000000,2000000000,2000000000,2057194019,57194.0,57.194,57.194,0.1467,1
mx_s4_timely,S4,timely,18,incast,17,64,0,1048576,1899999999,2000000000,2000000000,2000000000,2057235036,57235.0,57.235,57.235,0.1466,1
mx_s4_timely,S4,timely,58,incast,57,64,0,1048576,1899999999,2000000000,2000000000,2000000000,2057250733,57250.7,57.2507,57.2507,0.1465,1
mx_s4_timely,S4,timely,1,incast,0,64,0,1048576,1899999999,2000000000,2000000000,2000000000,2057289218,57289.2,57.2892,57.2892,0.1464,1
mx_s4_timely,S4,timely,15,incast,14,64,0,1048576,1899999999,2000000000,2000000000,2000000000,2057293099,57293.1,57.2931,57.2931,0.1464,1
mx_s4_timely,S4,timely,20,incast,19,64,0,1048576,1899999999,2000000000,2000000000,2000000000,2057323988,57324.0,57.324,57.324,0.1463,1
mx_s4_timely,S4,timely,38,incast,37,64,0,1048576,1899999999,2000000000,2000000000,2000000000,2057333777,57333.8,57.3338,57.3338,0.1463,1
mx_s4_timely,S4,timely,40,incast,39,64,0,1048576,1899999999,2000000000,2000000000,2000000000,2057335970,57336.0,57.336,57.336,0.1463,1
mx_s4_timely,S4,timely,45,incast,44,64,0,1048576,1899999999,2000000000,2000000000,2000000000,2057349135,57349.1,57.3491,57.3491,0.1463,1
mx_s4_timely,S4,timely,47,incast,46,64,0,1048576,1899999999,2000000000,2000000000,2000000000,2057359768,57359.8,57.3598,57.3598,0.1462,1
mx_s4_timely,S4,timely,63,incast,62,64,0,1048576,1899999999,2000000000,2000000000,2000000000,2057380716,57380.7,57.3807,57.3807,0.1462,1
mx_s4_timely,S4,timely,35,incast,34,64,0,1048576,1899999999,2000000000,2000000000,2000000000,2057445519,57445.5,57.4455,57.4455,0.146,1
mx_s4_timely,S4,timely,23,incast,22,64,0,1048576,1899999999,2000000000,2000000000,2000000000,2057484119,57484.1,57.4841,57.4841,0.1459,1
mx_s4_timely,S4,timely,44,incast,43,64,0,1048576,1899999999,2000000000,2000000000,2000000000,2057488000,57488.0,57.488,57.488,0.1459,1
mx_s4_timely,S4,timely,17,incast,16,64,0,1048576,1899999999,2000000000,2000000000,2000000000,2057488505,57488.5,57.4885,57.4885,0.1459,1
mx_s4_timely,S4,timely,30,incast,29,64,0,1048576,1899999999,2000000000,2000000000,2000000000,2057495691,57495.7,57.4957,57.4957,0.1459,1
mx_s4_timely,S4,timely,61,incast,60,64,0,1048576,1899999999,2000000000,2000000000,2000000000,2057526658,57526.7,57.5267,57.5267,0.1458,1
mx_s4_timely,S4,timely,64,incast,63,64,0,1048576,1899999999,2000000000,2000000000,2000000000,2057527163,57527.2,57.5272,57.5272,0.1458,1
mx_s4_timely,S4,timely,25,incast,24,64,0,1048576,1899999999,2000000000,2000000000,2000000000,2057548006,57548.0,57.548,57.548,0.1458,1
mx_s4_timely,S4,timely,7,incast,6,64,0,1048576,1899999999,2000000000,2000000000,2000000000,2057608129,57608.1,57.6081,57.6081,0.1456,1
mx_s4_timely,S4,timely,29,incast,28,64,0,1048576,1899999999,2000000000,2000000000,2000000000,2057618427,57618.4,57.6184,57.6184,0.1456,1
mx_s4_timely,S4,timely,31,incast,30,64,0,1048576,1899999999,2000000000,2000000000,2000000000,2057628238,57628.2,57.6282,57.6282,0.1456,1
mx_s4_timely,S4,timely,22,incast,21,64,0,1048576,1899999999,2000000000,2000000000,2000000000,2057651651,57651.7,57.6517,57.6517,0.1455,1
mx_s4_timely,S4,timely,2,incast,1,64,0,1048576,1899999999,2000000000,2000000000,2000000000,2057681527,57681.5,57.6815,57.6815,0.1454,1
mx_s4_timely,S4,timely,33,incast,32,64,0,1048576,1899999999,2000000000,2000000000,2000000000,2057694217,57694.2,57.6942,57.6942,0.1454,1
mx_s4_timely,S4,timely,37,incast,36,64,0,1048576,1899999999,2000000000,2000000000,2000000000,2057731558,57731.6,57.7316,57.7316,0.1453,1
mx_s4_timely,S4,timely,24,incast,23,64,0,1048576,1899999999,2000000000,2000000000,2000000000,2057756539,57756.5,57.7565,57.7565,0.1452,1
mx_s4_timely,S4,timely,16,incast,15,64,0,1048576,1899999999,2000000000,2000000000,2000000000,2057762108,57762.1,57.7621,57.7621,0.1452,1
mx_s4_timely,S4,timely,19,incast,18,64,0,1048576,1899999999,2000000000,2000000000,2000000000,2057769365,57769.4,57.7694,57.7694,0.1452,1
mx_s4_timely,S4,timely,11,incast,10,64,0,1048576,1899999999,2000000000,2000000000,2000000000,2057773246,57773.2,57.7732,57.7732,0.1452,1
mx_s4_timely,S4,timely,48,incast,47,64,0,1048576,1899999999,2000000000,2000000000,2000000000,2057790631,57790.6,57.7906,57.7906,0.1452,1
mx_s4_timely,S4,timely,54,incast,53,64,0,1048576,1899999999,2000000000,2000000000,2000000000,2057802481,57802.5,57.8025,57.8025,0.1451,1
mx_s4_timely,S4,timely,27,incast,26,64,0,1048576,1899999999,2000000000,2000000000,2000000000,2057807237,57807.2,57.8072,57.8072,0.1451,1
mx_s4_timely,S4,timely,62,incast,61,64,0,1048576,1899999999,2000000000,2000000000,2000000000,2057814634,57814.6,57.8146,57.8146,0.1451,1
mx_s4_timely,S4,timely,60,incast,59,64,0,1048576,1899999999,2000000000,2000000000,2000000000,2057827800,57827.8,57.8278,57.8278,0.1451,1
mx_s4_timely,S4,timely,49,incast,48,64,0,1048576,1899999999,2000000000,2000000000,2000000000,2057828305,57828.3,57.8283,57.8283,0.1451,1
mx_s4_timely,S4,timely,56,incast,55,64,0,1048576,1899999999,2000000000,2000000000,2000000000,2057849147,57849.1,57.8491,57.8491,0.145,1
mx_s4_timely,S4,timely,14,incast,13,64,0,1048576,1899999999,2000000000,2000000000,2000000000,2057899885,57899.9,57.8999,57.8999,0.1449,1
mx_s4_timely,S4,timely,0,background,65,64,0,4000000000,500000000,2000000000,1000000000,1000000000,4612947569,3612947.6,3612.9476,2612.9476,8.857,1
mx_s4_timely,S4,timely,0,background,65,64,0,4000000000,NA,NA,NA,NA,NA,NA,NA,NA,7.1111,1
mx_s4_hpcc,S4,hpcc,14,incast,13,64,0,1048576,1899999999,2000000000,2000000000,2000000000,2058241636,58241.6,58.2416,58.2416,0.144,1
mx_s4_hpcc,S4,hpcc,12,incast,11,64,0,1048576,1899999999,2000000000,2000000000,2000000000,2058273524,58273.5,58.2735,58.2735,0.144,1
mx_s4_hpcc,S4,hpcc,46,incast,45,64,0,1048576,1899999999,2000000000,2000000000,2000000000,2058406159,58406.2,58.4062,58.4062,0.1436,1
mx_s4_hpcc,S4,hpcc,57,incast,56,64,0,1048576,1899999999,2000000000,2000000000,2000000000,2058760361,58760.4,58.7604,58.7604,0.1428,1
mx_s4_hpcc,S4,hpcc,50,incast,49,64,0,1048576,1899999999,2000000000,2000000000,2000000000,2058770474,58770.5,58.7705,58.7705,0.1427,1
mx_s4_hpcc,S4,hpcc,59,incast,58,64,0,1048576,1899999999,2000000000,2000000000,2000000000,2058775361,58775.4,58.7754,58.7754,0.1427,1
mx_s4_hpcc,S4,hpcc,42,incast,41,64,0,1048576,1899999999,2000000000,2000000000,2000000000,2059061249,59061.2,59.0612,59.0612,0.142,1
mx_s4_hpcc,S4,hpcc,54,incast,53,64,0,1048576,1899999999,2000000000,2000000000,2000000000,2059151567,59151.6,59.1516,59.1516,0.1418,1
mx_s4_hpcc,S4,hpcc,56,incast,55,64,0,1048576,1899999999,2000000000,2000000000,2000000000,2059155583,59155.6,59.1556,59.1556,0.1418,1
mx_s4_hpcc,S4,hpcc,58,incast,57,64,0,1048576,1899999999,2000000000,2000000000,2000000000,2059277560,59277.6,59.2776,59.2776,0.1415,1
mx_s4_hpcc,S4,hpcc,39,incast,38,64,0,1048576,1899999999,2000000000,2000000000,2000000000,2059371883,59371.9,59.3719,59.3719,0.1413,1
mx_s4_hpcc,S4,hpcc,63,incast,62,64,0,1048576,1899999999,2000000000,2000000000,2000000000,2059401158,59401.2,59.4012,59.4012,0.1412,1
mx_s4_hpcc,S4,hpcc,33,incast,32,64,0,1048576,1899999999,2000000000,2000000000,2000000000,2059406045,59406.0,59.406,59.406,0.1412,1
mx_s4_hpcc,S4,hpcc,37,incast,36,64,0,1048576,1899999999,2000000000,2000000000,2000000000,2059407448,59407.4,59.4074,59.4074,0.1412,1
mx_s4_hpcc,S4,hpcc,1,incast,0,64,0,1048576,1899999999,2000000000,2000000000,2000000000,2059517339,59517.3,59.5173,59.5173,0.1409,1
mx_s4_hpcc,S4,hpcc,10,incast,9,64,0,1048576,1899999999,2000000000,2000000000,2000000000,2059527452,59527.5,59.5275,59.5275,0.1409,1
mx_s4_hpcc,S4,hpcc,16,incast,15,64,0,1048576,1899999999,2000000000,2000000000,2000000000,2059530597,59530.6,59.5306,59.5306,0.1409,1
mx_s4_hpcc,S4,hpcc,25,incast,24,64,0,1048576,1899999999,2000000000,2000000000,2000000000,2059538968,59539.0,59.539,59.539,0.1409,1
mx_s4_hpcc,S4,hpcc,62,incast,61,64,0,1048576,1899999999,2000000000,2000000000,2000000000,2059539500,59539.5,59.5395,59.5395,0.1409,1
mx_s4_hpcc,S4,hpcc,8,incast,7,64,0,1048576,1899999999,2000000000,2000000000,2000000000,2059593585,59593.6,59.5936,59.5936,0.1408,1
mx_s4_hpcc,S4,hpcc,19,incast,18,64,0,1048576,1899999999,2000000000,2000000000,2000000000,2059601956,59602.0,59.602,59.602,0.1407,1
mx_s4_hpcc,S4,hpcc,61,incast,60,64,0,1048576,1899999999,2000000000,2000000000,2000000000,2059605101,59605.1,59.6051,59.6051,0.1407,1
mx_s4_hpcc,S4,hpcc,55,incast,54,64,0,1048576,1899999999,2000000000,2000000000,2000000000,2059629150,59629.2,59.6292,59.6292,0.1407,1
mx_s4_hpcc,S4,hpcc,48,incast,47,64,0,1048576,1899999999,2000000000,2000000000,2000000000,2059639263,59639.3,59.6393,59.6393,0.1407,1
mx_s4_hpcc,S4,hpcc,34,incast,33,64,0,1048576,1899999999,2000000000,2000000000,2000000000,2059647634,59647.6,59.6476,59.6476,0.1406,1
mx_s4_hpcc,S4,hpcc,43,incast,42,64,0,1048576,1899999999,2000000000,2000000000,2000000000,2059652521,59652.5,59.6525,59.6525,0.1406,1
mx_s4_hpcc,S4,hpcc,31,incast,30,64,0,1048576,1899999999,2000000000,2000000000,2000000000,2059706930,59706.9,59.7069,59.7069,0.1405,1
mx_s4_hpcc,S4,hpcc,7,incast,6,64,0,1048576,1899999999,2000000000,2000000000,2000000000,2059739689,59739.7,59.7397,59.7397,0.1404,1
mx_s4_hpcc,S4,hpcc,40,incast,39,64,0,1048576,1899999999,2000000000,2000000000,2000000000,2059749802,59749.8,59.7498,59.7498,0.1404,1
mx_s4_hpcc,S4,hpcc,60,incast,59,64,0,1048576,1899999999,2000000000,2000000000,2000000000,2059754689,59754.7,59.7547,59.7547,0.1404,1
mx_s4_hpcc,S4,hpcc,64,incast,63,64,0,1048576,1899999999,2000000000,2000000000,2000000000,2059775254,59775.3,59.7753,59.7753,0.1403,1
mx_s4_hpcc,S4,hpcc,29,incast,28,64,0,1048576,1899999999,2000000000,2000000000,2000000000,2059797561,59797.6,59.7976,59.7976,0.1403,1
mx_s4_hpcc,S4,hpcc,53,incast,52,64,0,1048576,1899999999,2000000000,2000000000,2000000000,2059835757,59835.8,59.8358,59.8358,0.1402,1
mx_s4_hpcc,S4,hpcc,15,incast,14,64,0,1048576,1899999999,2000000000,2000000000,2000000000,2059844128,59844.1,59.8441,59.8441,0.1402,1
mx_s4_hpcc,S4,hpcc,45,incast,44,64,0,1048576,1899999999,2000000000,2000000000,2000000000,2059871661,59871.7,59.8717,59.8717,0.1401,1
mx_s4_hpcc,S4,hpcc,26,incast,25,64,0,1048576,1899999999,2000000000,2000000000,2000000000,2059887871,59887.9,59.8879,59.8879,0.1401,1
mx_s4_hpcc,S4,hpcc,35,incast,34,64,0,1048576,1899999999,2000000000,2000000000,2000000000,2059897113,59897.1,59.8971,59.8971,0.1401,1
mx_s4_hpcc,S4,hpcc,11,incast,10,64,0,1048576,1899999999,2000000000,2000000000,2000000000,2059922297,59922.3,59.9223,59.9223,0.14,1
mx_s4_hpcc,S4,hpcc,52,incast,51,64,0,1048576,1899999999,2000000000,2000000000,2000000000,2059935023,59935.0,59.935,59.935,0.14,1
mx_s4_hpcc,S4,hpcc,44,incast,43,64,0,1048576,1899999999,2000000000,2000000000,2000000000,2059941652,59941.7,59.9417,59.9417,0.1399,1
mx_s4_hpcc,S4,hpcc,20,incast,19,64,0,1048576,1899999999,2000000000,2000000000,2000000000,2059942184,59942.2,59.9422,59.9422,0.1399,1
mx_s4_hpcc,S4,hpcc,9,incast,8,64,0,1048576,1899999999,2000000000,2000000000,2000000000,2059972085,59972.1,59.9721,59.9721,0.1399,1
mx_s4_hpcc,S4,hpcc,32,incast,31,64,0,1048576,1899999999,2000000000,2000000000,2000000000,2059986689,59986.7,59.9867,59.9867,0.1398,1
mx_s4_hpcc,S4,hpcc,4,incast,3,64,0,1048576,1899999999,2000000000,2000000000,2000000000,2059991576,59991.6,59.9916,59.9916,0.1398,1
mx_s4_hpcc,S4,hpcc,28,incast,27,64,0,1048576,1899999999,2000000000,2000000000,2000000000,2060007800,60007.8,60.0078,60.0078,0.1398,1
mx_s4_hpcc,S4,hpcc,23,incast,22,64,0,1048576,1899999999,2000000000,2000000000,2000000000,2060038510,60038.5,60.0385,60.0385,0.1397,1
mx_s4_hpcc,S4,hpcc,41,incast,40,64,0,1048576,1899999999,2000000000,2000000000,2000000000,2060039913,60039.9,60.0399,60.0399,0.1397,1
mx_s4_hpcc,S4,hpcc,24,incast,23,64,0,1048576,1899999999,2000000000,2000000000,2000000000,2060042187,60042.2,60.0422,60.0422,0.1397,1
mx_s4_hpcc,S4,hpcc,38,incast,37,64,0,1048576,1899999999,2000000000,2000000000,2000000000,2060042719,60042.7,60.0427,60.0427,0.1397,1
mx_s4_hpcc,S4,hpcc,18,incast,17,64,0,1048576,1899999999,2000000000,2000000000,2000000000,2060047108,60047.1,60.0471,60.0471,0.1397,1
mx_s4_hpcc,S4,hpcc,3,incast,2,64,0,1048576,1899999999,2000000000,2000000000,2000000000,2060089526,60089.5,60.0895,60.0895,0.1396,1
mx_s4_hpcc,S4,hpcc,49,incast,48,64,0,1048576,1899999999,2000000000,2000000000,2000000000,2060119867,60119.9,60.1199,60.1199,0.1395,1
mx_s4_hpcc,S4,hpcc,5,incast,4,64,0,1048576,1899999999,2000000000,2000000000,2000000000,2060133899,60133.9,60.1339,60.1339,0.1395,1
mx_s4_hpcc,S4,hpcc,22,incast,21,64,0,1048576,1899999999,2000000000,2000000000,2000000000,2060155875,60155.9,60.1559,60.1559,0.1394,1
mx_s4_hpcc,S4,hpcc,6,incast,5,64,0,1048576,1899999999,2000000000,2000000000,2000000000,2060191722,60191.7,60.1917,60.1917,0.1394,1
mx_s4_hpcc,S4,hpcc,27,incast,26,64,0,1048576,1899999999,2000000000,2000000000,2000000000,2060210823,60210.8,60.2108,60.2108,0.1393,1
mx_s4_hpcc,S4,hpcc,17,incast,16,64,0,1048576,1899999999,2000000000,2000000000,2000000000,2060215149,60215.1,60.2151,60.2151,0.1393,1
mx_s4_hpcc,S4,hpcc,21,incast,20,64,0,1048576,1899999999,2000000000,2000000000,2000000000,2060222724,60222.7,60.2227,60.2227,0.1393,1
mx_s4_hpcc,S4,hpcc,36,incast,35,64,0,1048576,1899999999,2000000000,2000000000,2000000000,2060227031,60227.0,60.227,60.227,0.1393,1
mx_s4_hpcc,S4,hpcc,2,incast,1,64,0,1048576,1899999999,2000000000,2000000000,2000000000,2060227563,60227.6,60.2276,60.2276,0.1393,1
mx_s4_hpcc,S4,hpcc,30,incast,29,64,0,1048576,1899999999,2000000000,2000000000,2000000000,2060228095,60228.1,60.2281,60.2281,0.1393,1
mx_s4_hpcc,S4,hpcc,47,incast,46,64,0,1048576,1899999999,2000000000,2000000000,2000000000,2060267137,60267.1,60.2671,60.2671,0.1392,1
mx_s4_hpcc,S4,hpcc,13,incast,12,64,0,1048576,1899999999,2000000000,2000000000,2000000000,2060303534,60303.5,60.3035,60.3035,0.1391,1
mx_s4_hpcc,S4,hpcc,51,incast,50,64,0,1048576,1899999999,2000000000,2000000000,2000000000,2060340659,60340.7,60.3407,60.3407,0.139,1
mx_s4_hpcc,S4,hpcc,0,background,65,64,0,4000000000,500000000,2000000000,1000000000,1000000000,4727300772,3727300.8,3727.3008,2727.3008,8.5853,1
mx_s4_hpcc,S4,hpcc,0,background,65,64,0,4000000000,NA,NA,NA,NA,NA,NA,NA,NA,7.1111,1
mx_s4_cbapsba,S4,cbapsba,1,incast,0,64,0,1048576,1899999999,2000000000,2000005000,2000005000,2056810623,56805.6,56.8056,56.8106,0.1477,1
mx_s4_cbapsba,S4,cbapsba,2,incast,1,64,0,1048576,1899999999,2000000000,2000005000,2000005975,2056812798,56806.8,56.8078,56.8128,0.1477,1
mx_s4_cbapsba,S4,cbapsba,3,incast,2,64,0,1048576,1899999999,2000000000,2000005000,2000006951,2056813297,56806.3,56.8083,56.8133,0.1477,1
mx_s4_cbapsba,S4,cbapsba,4,incast,3,64,0,1048576,1899999999,2000000000,2000005000,2000007927,2056814634,56806.7,56.8096,56.8146,0.1477,1
mx_s4_cbapsba,S4,cbapsba,5,incast,4,64,0,1048576,1899999999,2000000000,2000005000,2000008903,2056815133,56806.2,56.8101,56.8151,0.1477,1
mx_s4_cbapsba,S4,cbapsba,6,incast,5,64,0,1048576,1899999999,2000000000,2000005000,2000009878,2056815632,56805.8,56.8106,56.8156,0.1477,1
mx_s4_cbapsba,S4,cbapsba,7,incast,6,64,0,1048576,1899999999,2000000000,2000005000,2000010854,2056816131,56805.3,56.8111,56.8161,0.1477,1
mx_s4_cbapsba,S4,cbapsba,8,incast,7,64,0,1048576,1899999999,2000000000,2000005000,2000011830,2056816630,56804.8,56.8116,56.8166,0.1477,1
mx_s4_cbapsba,S4,cbapsba,9,incast,8,64,0,1048576,1899999999,2000000000,2000005000,2000012806,2056817129,56804.3,56.8121,56.8171,0.1477,1
mx_s4_cbapsba,S4,cbapsba,10,incast,9,64,0,1048576,1899999999,2000000000,2000005000,2000013782,2056817628,56803.8,56.8126,56.8176,0.1477,1
mx_s4_cbapsba,S4,cbapsba,11,incast,10,64,0,1048576,1899999999,2000000000,2000005000,2000014757,2056818127,56803.4,56.8131,56.8181,0.1477,1
mx_s4_cbapsba,S4,cbapsba,12,incast,11,64,0,1048576,1899999999,2000000000,2000005000,2000015733,2056818626,56802.9,56.8136,56.8186,0.1477,1
mx_s4_cbapsba,S4,cbapsba,13,incast,12,64,0,1048576,1899999999,2000000000,2000005000,2000016709,2056819125,56802.4,56.8141,56.8191,0.1477,1
mx_s4_cbapsba,S4,cbapsba,14,incast,13,64,0,1048576,1899999999,2000000000,2000005000,2000017685,2056819624,56801.9,56.8146,56.8196,0.1477,1
mx_s4_cbapsba,S4,cbapsba,15,incast,14,64,0,1048576,1899999999,2000000000,2000005000,2000018660,2056820123,56801.5,56.8151,56.8201,0.1477,1
mx_s4_cbapsba,S4,cbapsba,16,incast,15,64,0,1048576,1899999999,2000000000,2000005000,2000019636,2056820622,56801.0,56.8156,56.8206,0.1477,1
mx_s4_cbapsba,S4,cbapsba,17,incast,16,64,0,1048576,1899999999,2000000000,2000005000,2000020612,2056821121,56800.5,56.8161,56.8211,0.1477,1
mx_s4_cbapsba,S4,cbapsba,18,incast,17,64,0,1048576,1899999999,2000000000,2000005000,2000021588,2056821620,56800.0,56.8166,56.8216,0.1477,1
mx_s4_cbapsba,S4,cbapsba,19,incast,18,64,0,1048576,1899999999,2000000000,2000005000,2000022564,2056822119,56799.6,56.8171,56.8221,0.1477,1
mx_s4_cbapsba,S4,cbapsba,20,incast,19,64,0,1048576,1899999999,2000000000,2000005000,2000023539,2056822618,56799.1,56.8176,56.8226,0.1477,1
mx_s4_cbapsba,S4,cbapsba,21,incast,20,64,0,1048576,1899999999,2000000000,2000005000,2000024515,2056823117,56798.6,56.8181,56.8231,0.1477,1
mx_s4_cbapsba,S4,cbapsba,22,incast,21,64,0,1048576,1899999999,2000000000,2000005000,2000025491,2056823616,56798.1,56.8186,56.8236,0.1477,1
mx_s4_cbapsba,S4,cbapsba,23,incast,22,64,0,1048576,1899999999,2000000000,2000005000,2000026467,2056824115,56797.6,56.8191,56.8241,0.1477,1
mx_s4_cbapsba,S4,cbapsba,24,incast,23,64,0,1048576,1899999999,2000000000,2000005000,2000027442,2056824614,56797.2,56.8196,56.8246,0.1477,1
mx_s4_cbapsba,S4,cbapsba,25,incast,24,64,0,1048576,1899999999,2000000000,2000005000,2000028418,2056825113,56796.7,56.8201,56.8251,0.1477,1
mx_s4_cbapsba,S4,cbapsba,26,incast,25,64,0,1048576,1899999999,2000000000,2000005000,2000029394,2056825612,56796.2,56.8206,56.8256,0.1477,1
mx_s4_cbapsba,S4,cbapsba,27,incast,26,64,0,1048576,1899999999,2000000000,2000005000,2000030370,2056826111,56795.7,56.8211,56.8261,0.1477,1
mx_s4_cbapsba,S4,cbapsba,28,incast,27,64,0,1048576,1899999999,2000000000,2000005000,2000031346,2056826610,56795.3,56.8216,56.8266,0.1477,1
mx_s4_cbapsba,S4,cbapsba,29,incast,28,64,0,1048576,1899999999,2000000000,2000005000,2000032321,2056827109,56794.8,56.8221,56.8271,0.1477,1
mx_s4_cbapsba,S4,cbapsba,30,incast,29,64,0,1048576,1899999999,2000000000,2000005000,2000033297,2056827608,56794.3,56.8226,56.8276,0.1477,1
mx_s4_cbapsba,S4,cbapsba,31,incast,30,64,0,1048576,1899999999,2000000000,2000005000,2000034273,2056828107,56793.8,56.8231,56.8281,0.1477,1
mx_s4_cbapsba,S4,cbapsba,32,incast,31,64,0,1048576,1899999999,2000000000,2000005000,2000035249,2056828606,56793.4,56.8236,56.8286,0.1477,1
mx_s4_cbapsba,S4,cbapsba,33,incast,32,64,0,1048576,1899999999,2000000000,2000005000,2000036225,2056829105,56792.9,56.8241,56.8291,0.1477,1
mx_s4_cbapsba,S4,cbapsba,34,incast,33,64,0,1048576,1899999999,2000000000,2000005000,2000037200,2056829604,56792.4,56.8246,56.8296,0.1477,1
mx_s4_cbapsba,S4,cbapsba,35,incast,34,64,0,1048576,1899999999,2000000000,2000005000,2000038176,2056830103,56791.9,56.8251,56.8301,0.1477,1
mx_s4_cbapsba,S4,cbapsba,36,incast,35,64,0,1048576,1899999999,2000000000,2000005000,2000039152,2056830602,56791.4,56.8256,56.8306,0.1477,1
mx_s4_cbapsba,S4,cbapsba,37,incast,36,64,0,1048576,1899999999,2000000000,2000005000,2000040128,2056831101,56791.0,56.8261,56.8311,0.1477,1
mx_s4_cbapsba,S4,cbapsba,38,incast,37,64,0,1048576,1899999999,2000000000,2000005000,2000041103,2056831600,56790.5,56.8266,56.8316,0.1477,1
mx_s4_cbapsba,S4,cbapsba,39,incast,38,64,0,1048576,1899999999,2000000000,2000005000,2000042079,2056832099,56790.0,56.8271,56.8321,0.1477,1
mx_s4_cbapsba,S4,cbapsba,40,incast,39,64,0,1048576,1899999999,2000000000,2000005000,2000043055,2056832598,56789.5,56.8276,56.8326,0.1477,1
mx_s4_cbapsba,S4,cbapsba,41,incast,40,64,0,1048576,1899999999,2000000000,2000005000,2000044031,2056833097,56789.1,56.8281,56.8331,0.1477,1
mx_s4_cbapsba,S4,cbapsba,42,incast,41,64,0,1048576,1899999999,2000000000,2000005000,2000045007,2056833596,56788.6,56.8286,56.8336,0.1477,1
mx_s4_cbapsba,S4,cbapsba,43,incast,42,64,0,1048576,1899999999,2000000000,2000005000,2000045982,2056834095,56788.1,56.8291,56.8341,0.1477,1
mx_s4_cbapsba,S4,cbapsba,44,incast,43,64,0,1048576,1899999999,2000000000,2000005000,2000046958,2056834594,56787.6,56.8296,56.8346,0.1477,1
mx_s4_cbapsba,S4,cbapsba,45,incast,44,64,0,1048576,1899999999,2000000000,2000005000,2000047934,2056835093,56787.2,56.8301,56.8351,0.1477,1
mx_s4_cbapsba,S4,cbapsba,46,incast,45,64,0,1048576,1899999999,2000000000,2000005000,2000048910,2056835592,56786.7,56.8306,56.8356,0.1477,1
mx_s4_cbapsba,S4,cbapsba,47,incast,46,64,0,1048576,1899999999,2000000000,2000005000,2000049885,2056836091,56786.2,56.8311,56.8361,0.1477,1
mx_s4_cbapsba,S4,cbapsba,48,incast,47,64,0,1048576,1899999999,2000000000,2000005000,2000050861,2056836590,56785.7,56.8316,56.8366,0.1477,1
mx_s4_cbapsba,S4,cbapsba,49,incast,48,64,0,1048576,1899999999,2000000000,2000005000,2000051837,2056837089,56785.3,56.8321,56.8371,0.1477,1
mx_s4_cbapsba,S4,cbapsba,50,incast,49,64,0,1048576,1899999999,2000000000,2000005000,2000052813,2056837588,56784.8,56.8326,56.8376,0.1477,1
mx_s4_cbapsba,S4,cbapsba,51,incast,50,64,0,1048576,1899999999,2000000000,2000005000,2000053789,2056838087,56784.3,56.8331,56.8381,0.1477,1
mx_s4_cbapsba,S4,cbapsba,52,incast,51,64,0,1048576,1899999999,2000000000,2000005000,2000054764,2056838586,56783.8,56.8336,56.8386,0.1477,1
mx_s4_cbapsba,S4,cbapsba,54,incast,53,64,0,1048576,1899999999,2000000000,2000005000,2000056716,2056839085,56782.4,56.8341,56.8391,0.1477,1
mx_s4_cbapsba,S4,cbapsba,53,incast,52,64,0,1048576,1899999999,2000000000,2000005000,2000055740,2056839584,56783.8,56.8346,56.8396,0.1477,1
mx_s4_cbapsba,S4,cbapsba,55,incast,54,64,0,1048576,1899999999,2000000000,2000005000,2000057692,2056840083,56782.4,56.8351,56.8401,0.1477,1
mx_s4_cbapsba,S4,cbapsba,57,incast,56,64,0,1048576,1899999999,2000000000,2000005000,2000059643,2056840582,56780.9,56.8356,56.8406,0.1477,1
mx_s4_cbapsba,S4,cbapsba,56,incast,55,64,0,1048576,1899999999,2000000000,2000005000,2000058667,2056841081,56782.4,56.8361,56.8411,0.1477,1
mx_s4_cbapsba,S4,cbapsba,58,incast,57,64,0,1048576,1899999999,2000000000,2000005000,2000060619,2056841580,56781.0,56.8366,56.8416,0.1477,1
mx_s4_cbapsba,S4,cbapsba,59,incast,58,64,0,1048576,1899999999,2000000000,2000005000,2000061595,2056842079,56780.5,56.8371,56.8421,0.1477,1
mx_s4_cbapsba,S4,cbapsba,60,incast,59,64,0,1048576,1899999999,2000000000,2000005000,2000062571,2056842578,56780.0,56.8376,56.8426,0.1477,1
mx_s4_cbapsba,S4,cbapsba,61,incast,60,64,0,1048576,1899999999,2000000000,2000005000,2000063546,2056843077,56779.5,56.8381,56.8431,0.1477,1
mx_s4_cbapsba,S4,cbapsba,63,incast,62,64,0,1048576,1899999999,2000000000,2000005000,2000065498,2056843576,56778.1,56.8386,56.8436,0.1477,1
mx_s4_cbapsba,S4,cbapsba,64,incast,63,64,0,1048576,1899999999,2000000000,2000005000,2000066474,2056844075,56777.6,56.8391,56.8441,0.1477,1
mx_s4_cbapsba,S4,cbapsba,62,incast,61,64,0,1048576,1899999999,2000000000,2000005000,2000064522,2056844574,56780.1,56.8396,56.8446,0.1477,1
mx_s4_cbapsba,S4,cbapsba,0,background,65,64,0,4000000000,500000000,1000000000,1000005000,1000005000,4607157636,3607152.6,3607.1526,3607.1576,8.8713,1
mx_s4_cbapsba,S4,cbapsba,0,background,65,64,0,4000000000,NA,NA,NA,NA,NA,NA,NA,NA,7.1111,1
mx_s5_dcqcn,S5,dcqcn,59,incast,58,64,0,4194304,1899999999,2000000000,2000000000,2000000000,2208101844,208101.8,208.1018,208.1018,0.1612,1
mx_s5_dcqcn,S5,dcqcn,53,incast,52,64,0,4194304,1899999999,2000000000,2000000000,2000000000,2208350173,208350.2,208.3502,208.3502,0.161,1
mx_s5_dcqcn,S5,dcqcn,62,incast,61,64,0,4194304,1899999999,2000000000,2000000000,2000000000,2212209444,212209.4,212.2094,212.2094,0.1581,1
mx_s5_dcqcn,S5,dcqcn,56,incast,55,64,0,4194304,1899999999,2000000000,2000000000,2000000000,2215007807,215007.8,215.0078,215.0078,0.1561,1
mx_s5_dcqcn,S5,dcqcn,33,incast,32,64,0,4194304,1899999999,2000000000,2000000000,2000000000,2215299712,215299.7,215.2997,215.2997,0.1558,1
mx_s5_dcqcn,S5,dcqcn,34,incast,33,64,0,4194304,1899999999,2000000000,2000000000,2000000000,2216013131,216013.1,216.0131,216.0131,0.1553,1
mx_s5_dcqcn,S5,dcqcn,44,incast,43,64,0,4194304,1899999999,2000000000,2000000000,2000000000,2216059502,216059.5,216.0595,216.0595,0.1553,1
mx_s5_dcqcn,S5,dcqcn,55,incast,54,64,0,4194304,1899999999,2000000000,2000000000,2000000000,2216275987,216276.0,216.276,216.276,0.1551,1
mx_s5_dcqcn,S5,dcqcn,35,incast,34,64,0,4194304,1899999999,2000000000,2000000000,2000000000,2216330738,216330.7,216.3307,216.3307,0.1551,1
mx_s5_dcqcn,S5,dcqcn,48,incast,47,64,0,4194304,1899999999,2000000000,2000000000,2000000000,2216932703,216932.7,216.9327,216.9327,0.1547,1
mx_s5_dcqcn,S5,dcqcn,58,incast,57,64,0,4194304,1899999999,2000000000,2000000000,2000000000,2217282430,217282.4,217.2824,217.2824,0.1544,1
mx_s5_dcqcn,S5,dcqcn,2,incast,1,64,0,4194304,1899999999,2000000000,2000000000,2000000000,2217476289,217476.3,217.4763,217.4763,0.1543,1
mx_s5_dcqcn,S5,dcqcn,4,incast,3,64,0,4194304,1899999999,2000000000,2000000000,2000000000,2217526012,217526.0,217.526,217.526,0.1543,1
mx_s5_dcqcn,S5,dcqcn,31,incast,30,64,0,4194304,1899999999,2000000000,2000000000,2000000000,2218231889,218231.9,218.2319,218.2319,0.1538,1
mx_s5_dcqcn,S5,dcqcn,18,incast,17,64,0,4194304,1899999999,2000000000,2000000000,2000000000,2218646142,218646.1,218.6461,218.6461,0.1535,1
mx_s5_dcqcn,S5,dcqcn,36,incast,35,64,0,4194304,1899999999,2000000000,2000000000,2000000000,2219026037,219026.0,219.026,219.026,0.1532,1
mx_s5_dcqcn,S5,dcqcn,60,incast,59,64,0,4194304,1899999999,2000000000,2000000000,2000000000,2219405094,219405.1,219.4051,219.4051,0.1529,1
mx_s5_dcqcn,S5,dcqcn,5,incast,4,64,0,4194304,1899999999,2000000000,2000000000,2000000000,2219450627,219450.6,219.4506,219.4506,0.1529,1
mx_s5_dcqcn,S5,dcqcn,7,incast,6,64,0,4194304,1899999999,2000000000,2000000000,2000000000,2219658732,219658.7,219.6587,219.6587,0.1528,1
mx_s5_dcqcn,S5,dcqcn,43,incast,42,64,0,4194304,1899999999,2000000000,2000000000,2000000000,2219679963,219680.0,219.68,219.68,0.1527,1
mx_s5_dcqcn,S5,dcqcn,26,incast,25,64,0,4194304,1899999999,2000000000,2000000000,2000000000,2219728010,219728.0,219.728,219.728,0.1527,1
mx_s5_dcqcn,S5,dcqcn,50,incast,49,64,0,4194304,1899999999,2000000000,2000000000,2000000000,2219922707,219922.7,219.9227,219.9227,0.1526,1
mx_s5_dcqcn,S5,dcqcn,64,incast,63,64,0,4194304,1899999999,2000000000,2000000000,2000000000,2220632774,220632.8,220.6328,220.6328,0.1521,1
mx_s5_dcqcn,S5,dcqcn,12,incast,11,64,0,4194304,1899999999,2000000000,2000000000,2000000000,2220917975,220918.0,220.918,220.918,0.1519,1
mx_s5_dcqcn,S5,dcqcn,45,incast,44,64,0,4194304,1899999999,2000000000,2000000000,2000000000,2221441168,221441.2,221.4412,221.4412,0.1515,1
mx_s5_dcqcn,S5,dcqcn,23,incast,22,64,0,4194304,1899999999,2000000000,2000000000,2000000000,2221484187,221484.2,221.4842,221.4842,0.1515,1
mx_s5_dcqcn,S5,dcqcn,30,incast,29,64,0,4194304,1899999999,2000000000,2000000000,2000000000,2221514636,221514.6,221.5146,221.5146,0.1515,1
mx_s5_dcqcn,S5,dcqcn,40,incast,39,64,0,4194304,1899999999,2000000000,2000000000,2000000000,2221767993,221768.0,221.768,221.768,0.1513,1
mx_s5_dcqcn,S5,dcqcn,8,incast,7,64,0,4194304,1899999999,2000000000,2000000000,2000000000,2222342304,222342.3,222.3423,222.3423,0.1509,1
mx_s5_dcqcn,S5,dcqcn,47,incast,46,64,0,4194304,1899999999,2000000000,2000000000,2000000000,2222353479,222353.5,222.3535,222.3535,0.1509,1
mx_s5_dcqcn,S5,dcqcn,49,incast,48,64,0,4194304,1899999999,2000000000,2000000000,2000000000,2222629462,222629.5,222.6295,222.6295,0.1507,1
mx_s5_dcqcn,S5,dcqcn,1,incast,0,64,0,4194304,1899999999,2000000000,2000000000,2000000000,2223358803,223358.8,223.3588,223.3588,0.1502,1
mx_s5_dcqcn,S5,dcqcn,24,incast,23,64,0,4194304,1899999999,2000000000,2000000000,2000000000,2223561042,223561.0,223.561,223.561,0.1501,1
mx_s5_dcqcn,S5,dcqcn,38,incast,37,64,0,4194304,1899999999,2000000000,2000000000,2000000000,2224297925,224297.9,224.2979,224.2979,0.1496,1
mx_s5_dcqcn,S5,dcqcn,39,incast,38,64,0,4194304,1899999999,2000000000,2000000000,2000000000,2224306586,224306.6,224.3066,224.3066,0.1496,1
mx_s5_dcqcn,S5,dcqcn,15,incast,14,64,0,4194304,1899999999,2000000000,2000000000,2000000000,2224425025,224425.0,224.425,224.425,0.1495,1
mx_s5_dcqcn,S5,dcqcn,63,incast,62,64,0,4194304,1899999999,2000000000,2000000000,2000000000,2224452960,224453.0,224.453,224.453,0.1495,1
mx_s5_dcqcn,S5,dcqcn,17,incast,16,64,0,4194304,1899999999,2000000000,2000000000,2000000000,2224672797,224672.8,224.6728,224.6728,0.1493,1
mx_s5_dcqcn,S5,dcqcn,19,incast,18,64,0,4194304,1899999999,2000000000,2000000000,2000000000,2225092916,225092.9,225.0929,225.0929,0.1491,1
mx_s5_dcqcn,S5,dcqcn,11,incast,10,64,0,4194304,1899999999,2000000000,2000000000,2000000000,2225332027,225332.0,225.332,225.332,0.1489,1
mx_s5_dcqcn,S5,dcqcn,6,incast,5,64,0,4194304,1899999999,2000000000,2000000000,2000000000,2225365828,225365.8,225.3658,225.3658,0.1489,1
mx_s5_dcqcn,S5,dcqcn,22,incast,21,64,0,4194304,1899999999,2000000000,2000000000,2000000000,2225369461,225369.5,225.3695,225.3695,0.1489,1
mx_s5_dcqcn,S5,dcqcn,3,incast,2,64,0,4194304,1899999999,2000000000,2000000000,2000000000,2225583432,225583.4,225.5834,225.5834,0.1487,1
mx_s5_dcqcn,S5,dcqcn,27,incast,26,64,0,4194304,1899999999,2000000000,2000000000,2000000000,2225917237,225917.2,225.9172,225.9172,0.1485,1
mx_s5_dcqcn,S5,dcqcn,9,incast,8,64,0,4194304,1899999999,2000000000,2000000000,2000000000,2226274506,226274.5,226.2745,226.2745,0.1483,1
mx_s5_dcqcn,S5,dcqcn,46,incast,45,64,0,4194304,1899999999,2000000000,2000000000,2000000000,2226449091,226449.1,226.4491,226.4491,0.1482,1
mx_s5_dcqcn,S5,dcqcn,20,incast,19,64,0,4194304,1899999999,2000000000,2000000000,2000000000,2226590156,226590.2,226.5902,226.5902,0.1481,1
mx_s5_dcqcn,S5,dcqcn,42,incast,41,64,0,4194304,1899999999,2000000000,2000000000,2000000000,2226659991,226660.0,226.66,226.66,0.148,1
mx_s5_dcqcn,S5,dcqcn,32,incast,31,64,0,4194304,1899999999,2000000000,2000000000,2000000000,2226706362,226706.4,226.7064,226.7064,0.148,1
mx_s5_dcqcn,S5,dcqcn,29,incast,28,64,0,4194304,1899999999,2000000000,2000000000,2000000000,2226785415,226785.4,226.7854,226.7854,0.148,1
mx_s5_dcqcn,S5,dcqcn,54,incast,53,64,0,4194304,1899999999,2000000000,2000000000,2000000000,2226960000,226960.0,226.96,226.96,0.1478,1
mx_s5_dcqcn,S5,dcqcn,14,incast,13,64,0,4194304,1899999999,2000000000,2000000000,2000000000,2227075087,227075.1,227.0751,227.0751,0.1478,1
mx_s5_dcqcn,S5,dcqcn,52,incast,51,64,0,4194304,1899999999,2000000000,2000000000,2000000000,2227854708,227854.7,227.8547,227.8547,0.1473,1
mx_s5_dcqcn,S5,dcqcn,25,incast,24,64,0,4194304,1899999999,2000000000,2000000000,2000000000,2228020075,228020.1,228.0201,228.0201,0.1472,1
mx_s5_dcqcn,S5,dcqcn,37,incast,36,64,0,4194304,1899999999,2000000000,2000000000,2000000000,2228145218,228145.2,228.1452,228.1452,0.1471,1
mx_s5_dcqcn,S5,dcqcn,57,incast,56,64,0,4194304,1899999999,2000000000,2000000000,2000000000,2228178181,228178.2,228.1782,228.1782,0.1471,1
mx_s5_dcqcn,S5,dcqcn,16,incast,15,64,0,4194304,1899999999,2000000000,2000000000,2000000000,2228336006,228336.0,228.336,228.336,0.147,1
mx_s5_dcqcn,S5,dcqcn,10,incast,9,64,0,4194304,1899999999,2000000000,2000000000,2000000000,2228343829,228343.8,228.3438,228.3438,0.1469,1
mx_s5_dcqcn,S5,dcqcn,41,incast,40,64,0,4194304,1899999999,2000000000,2000000000,2000000000,2228366736,228366.7,228.3667,228.3667,0.1469,1
mx_s5_dcqcn,S5,dcqcn,51,incast,50,64,0,4194304,1899999999,2000000000,2000000000,2000000000,2228516181,228516.2,228.5162,228.5162,0.1468,1
mx_s5_dcqcn,S5,dcqcn,13,incast,12,64,0,4194304,1899999999,2000000000,2000000000,2000000000,2228848789,228848.8,228.8488,228.8488,0.1466,1
mx_s5_dcqcn,S5,dcqcn,21,incast,20,64,0,4194304,1899999999,2000000000,2000000000,2000000000,2229130498,229130.5,229.1305,229.1305,0.1464,1
mx_s5_dcqcn,S5,dcqcn,28,incast,27,64,0,4194304,1899999999,2000000000,2000000000,2000000000,2229360585,229360.6,229.3606,229.3606,0.1463,1
mx_s5_dcqcn,S5,dcqcn,61,incast,60,64,0,4194304,1899999999,2000000000,2000000000,2000000000,2230372164,230372.2,230.3722,230.3722,0.1457,1
mx_s5_dcqcn,S5,dcqcn,0,background,65,64,0,4000000000,500000000,2000000000,1000000000,1000000000,5418595193,4418595.2,4418.5952,3418.5952,7.2421,1
mx_s5_dcqcn,S5,dcqcn,0,background,65,64,0,4000000000,NA,NA,NA,NA,NA,NA,NA,NA,6.4,1
mx_s5_dctcp,S5,dctcp,28,incast,27,64,0,4194304,1899999999,2000000000,2000000000,2000000000,2225449282,225449.3,225.4493,225.4493,0.1488,1
mx_s5_dctcp,S5,dctcp,46,incast,45,64,0,4194304,1899999999,2000000000,2000000000,2000000000,2225876943,225876.9,225.8769,225.8769,0.1486,1
mx_s5_dctcp,S5,dctcp,29,incast,28,64,0,4194304,1899999999,2000000000,2000000000,2000000000,2225949292,225949.3,225.9493,225.9493,0.1485,1
mx_s5_dctcp,S5,dctcp,45,incast,44,64,0,4194304,1899999999,2000000000,2000000000,2000000000,2226054323,226054.3,226.0543,226.0543,0.1484,1
mx_s5_dctcp,S5,dctcp,38,incast,37,64,0,4194304,1899999999,2000000000,2000000000,2000000000,2226464386,226464.4,226.4644,226.4644,0.1482,1
mx_s5_dctcp,S5,dctcp,44,incast,43,64,0,4194304,1899999999,2000000000,2000000000,2000000000,2226498187,226498.2,226.4982,226.4982,0.1481,1
mx_s5_dctcp,S5,dctcp,48,incast,47,64,0,4194304,1899999999,2000000000,2000000000,2000000000,2226531988,226532.0,226.532,226.532,0.1481,1
mx_s5_dctcp,S5,dctcp,5,incast,4,64,0,4194304,1899999999,2000000000,2000000000,2000000000,2226575007,226575.0,226.575,226.575,0.1481,1
mx_s5_dctcp,S5,dctcp,1,incast,0,64,0,4194304,1899999999,2000000000,2000000000,2000000000,2226597076,226597.1,226.5971,226.5971,0.1481,1
mx_s5_dctcp,S5,dctcp,60,incast,59,64,0,4194304,1899999999,2000000000,2000000000,2000000000,2226635905,226635.9,226.6359,226.6359,0.1481,1
mx_s5_dctcp,S5,dctcp,4,incast,3,64,0,4194304,1899999999,2000000000,2000000000,2000000000,2226787026,226787.0,226.787,226.787,0.148,1
mx_s5_dctcp,S5,dctcp,11,incast,10,64,0,4194304,1899999999,2000000000,2000000000,2000000000,2226926415,226926.4,226.9264,226.9264,0.1479,1
mx_s5_dctcp,S5,dctcp,43,incast,42,64,0,4194304,1899999999,2000000000,2000000000,2000000000,2226928372,226928.4,226.9284,226.9284,0.1479,1
mx_s5_dctcp,S5,dctcp,19,incast,18,64,0,4194304,1899999999,2000000000,2000000000,2000000000,2227065247,227065.2,227.0652,227.0652,0.1478,1
mx_s5_dctcp,S5,dctcp,20,incast,19,64,0,4194304,1899999999,2000000000,2000000000,2000000000,2227075584,227075.6,227.0756,227.0756,0.1478,1
mx_s5_dctcp,S5,dctcp,9,incast,8,64,0,4194304,1899999999,2000000000,2000000000,2000000000,2227174749,227174.7,227.1747,227.1747,0.1477,1
mx_s5_dctcp,S5,dctcp,22,incast,21,64,0,4194304,1899999999,2000000000,2000000000,2000000000,2227220282,227220.3,227.2203,227.2203,0.1477,1
mx_s5_dctcp,S5,dctcp,31,incast,30,64,0,4194304,1899999999,2000000000,2000000000,2000000000,2227232295,227232.3,227.2323,227.2323,0.1477,1
mx_s5_dctcp,S5,dctcp,10,incast,9,64,0,4194304,1899999999,2000000000,2000000000,2000000000,2227266096,227266.1,227.2661,227.2661,0.1476,1
mx_s5_dctcp,S5,dctcp,34,incast,33,64,0,4194304,1899999999,2000000000,2000000000,2000000000,2227547107,227547.1,227.5471,227.5471,0.1475,1
mx_s5_dctcp,S5,dctcp,53,incast,52,64,0,4194304,1899999999,2000000000,2000000000,2000000000,2227580070,227580.1,227.5801,227.5801,0.1474,1
mx_s5_dctcp,S5,dctcp,25,incast,24,64,0,4194304,1899999999,2000000000,2000000000,2000000000,2227592921,227592.9,227.5929,227.5929,0.1474,1
mx_s5_dctcp,S5,dctcp,37,incast,36,64,0,4194304,1899999999,2000000000,2000000000,2000000000,2227661918,227661.9,227.6619,227.6619,0.1474,1
mx_s5_dctcp,S5,dctcp,24,incast,23,64,0,4194304,1899999999,2000000000,2000000000,2000000000,2227692367,227692.4,227.6924,227.6924,0.1474,1
mx_s5_dctcp,S5,dctcp,8,incast,7,64,0,4194304,1899999999,2000000000,2000000000,2000000000,2227721140,227721.1,227.7211,227.7211,0.1473,1
mx_s5_dctcp,S5,dctcp,13,incast,12,64,0,4194304,1899999999,2000000000,2000000000,2000000000,2227773377,227773.4,227.7734,227.7734,0.1473,1
mx_s5_dctcp,S5,dctcp,61,incast,60,64,0,4194304,1899999999,2000000000,2000000000,2000000000,2227789580,227789.6,227.7896,227.7896,0.1473,1
mx_s5_dctcp,S5,dctcp,54,incast,53,64,0,4194304,1899999999,2000000000,2000000000,2000000000,2227793213,227793.2,227.7932,227.7932,0.1473,1
mx_s5_dctcp,S5,dctcp,23,incast,22,64,0,4194304,1899999999,2000000000,2000000000,2000000000,2227899920,227899.9,227.8999,227.8999,0.1472,1
mx_s5_dctcp,S5,dctcp,47,incast,46,64,0,4194304,1899999999,2000000000,2000000000,2000000000,2227921151,227921.2,227.9212,227.9212,0.1472,1
mx_s5_dctcp,S5,dctcp,26,incast,25,64,0,4194304,1899999999,2000000000,2000000000,2000000000,2227929812,227929.8,227.9298,227.9298,0.1472,1
mx_s5_dctcp,S5,dctcp,42,incast,41,64,0,4194304,1899999999,2000000000,2000000000,2000000000,2227939311,227939.3,227.9393,227.9393,0.1472,1
mx_s5_dctcp,S5,dctcp,39,incast,38,64,0,4194304,1899999999,2000000000,2000000000,2000000000,2227973112,227973.1,227.9731,227.9731,0.1472,1
mx_s5_dctcp,S5,dctcp,41,incast,40,64,0,4194304,1899999999,2000000000,2000000000,2000000000,2228074791,228074.8,228.0748,228.0748,0.1471,1
mx_s5_dctcp,S5,dctcp,6,incast,5,64,0,4194304,1899999999,2000000000,2000000000,2000000000,2228113620,228113.6,228.1136,228.1136,0.1471,1
mx_s5_dctcp,S5,dctcp,35,incast,34,64,0,4194304,1899999999,2000000000,2000000000,2000000000,2228140717,228140.7,228.1407,228.1407,0.1471,1
mx_s5_dctcp,S5,dctcp,56,incast,55,64,0,4194304,1899999999,2000000000,2000000000,2000000000,2228192116,228192.1,228.1921,228.1921,0.147,1
mx_s5_dctcp,S5,dctcp,3,incast,2,64,0,4194304,1899999999,2000000000,2000000000,2000000000,2228224241,228224.2,228.2242,228.2242,0.147,1
mx_s5_dctcp,S5,dctcp,51,incast,50,64,0,4194304,1899999999,2000000000,2000000000,2000000000,2228248824,228248.8,228.2488,228.2488,0.147,1
mx_s5_dctcp,S5,dctcp,57,incast,56,64,0,4194304,1899999999,2000000000,2000000000,2000000000,2228275921,228275.9,228.2759,228.2759,0.147,1
mx_s5_dctcp,S5,dctcp,21,incast,20,64,0,4194304,1899999999,2000000000,2000000000,2000000000,2228283744,228283.7,228.2837,228.2837,0.147,1
mx_s5_dctcp,S5,dctcp,2,incast,1,64,0,4194304,1899999999,2000000000,2000000000,2000000000,2228300785,228300.8,228.3008,228.3008,0.147,1
mx_s5_dctcp,S5,dctcp,16,incast,15,64,0,4194304,1899999999,2000000000,2000000000,2000000000,2228313636,228313.6,228.3136,228.3136,0.147,1
mx_s5_dctcp,S5,dctcp,58,incast,57,64,0,4194304,1899999999,2000000000,2000000000,2000000000,2228322297,228322.3,228.3223,228.3223,0.147,1
mx_s5_dctcp,S5,dctcp,50,incast,49,64,0,4194304,1899999999,2000000000,2000000000,2000000000,2228349394,228349.4,228.3494,228.3494,0.1469,1
mx_s5_dctcp,S5,dctcp,17,incast,16,64,0,4194304,1899999999,2000000000,2000000000,2000000000,2228351351,228351.4,228.3514,228.3514,0.1469,1
mx_s5_dctcp,S5,dctcp,36,incast,35,64,0,4194304,1899999999,2000000000,2000000000,2000000000,2228354146,228354.1,228.3541,228.3541,0.1469,1
mx_s5_dctcp,S5,dctcp,63,incast,62,64,0,4194304,1899999999,2000000000,2000000000,2000000000,2228360293,228360.3,228.3603,228.3603,0.1469,1
mx_s5_dctcp,S5,dctcp,40,incast,39,64,0,4194304,1899999999,2000000000,2000000000,2000000000,2228364764,228364.8,228.3648,228.3648,0.1469,1
mx_s5_dctcp,S5,dctcp,62,incast,61,64,0,4194304,1899999999,2000000000,2000000000,2000000000,2228387671,228387.7,228.3877,228.3877,0.1469,1
mx_s5_dctcp,S5,dctcp,55,incast,54,64,0,4194304,1899999999,2000000000,2000000000,2000000000,2228391304,228391.3,228.3913,228.3913,0.1469,1
mx_s5_dctcp,S5,dctcp,64,incast,63,64,0,4194304,1899999999,2000000000,2000000000,2000000000,2228393261,228393.3,228.3933,228.3933,0.1469,1
mx_s5_dctcp,S5,dctcp,15,incast,14,64,0,4194304,1899999999,2000000000,2000000000,2000000000,2228414492,228414.5,228.4145,228.4145,0.1469,1
mx_s5_dctcp,S5,dctcp,52,incast,51,64,0,4194304,1899999999,2000000000,2000000000,2000000000,2228452483,228452.5,228.4525,228.4525,0.1469,1
mx_s5_dctcp,S5,dctcp,14,incast,13,64,0,4194304,1899999999,2000000000,2000000000,2000000000,2228491312,228491.3,228.4913,228.4913,0.1469,1
mx_s5_dctcp,S5,dctcp,7,incast,6,64,0,4194304,1899999999,2000000000,2000000000,2000000000,2228524275,228524.3,228.5243,228.5243,0.1468,1
mx_s5_dctcp,S5,dctcp,18,incast,17,64,0,4194304,1899999999,2000000000,2000000000,2000000000,2228560590,228560.6,228.5606,228.5606,0.1468,1
mx_s5_dctcp,S5,dctcp,59,incast,58,64,0,4194304,1899999999,2000000000,2000000000,2000000000,2228575955,228576.0,228.576,228.576,0.1468,1
mx_s5_dctcp,S5,dctcp,32,incast,31,64,0,4194304,1899999999,2000000000,2000000000,2000000000,2228579588,228579.6,228.5796,228.5796,0.1468,1
mx_s5_dctcp,S5,dctcp,27,incast,26,64,0,4194304,1899999999,2000000000,2000000000,2000000000,2228604171,228604.2,228.6042,228.6042,0.1468,1
mx_s5_dctcp,S5,dctcp,12,incast,11,64,0,4194304,1899999999,2000000000,2000000000,2000000000,2228611994,228612.0,228.612,228.612,0.1468,1
mx_s5_dctcp,S5,dctcp,30,incast,29,64,0,4194304,1899999999,2000000000,2000000000,2000000000,2228622331,228622.3,228.6223,228.6223,0.1468,1
mx_s5_dctcp,S5,dctcp,33,incast,32,64,0,4194304,1899999999,2000000000,2000000000,2000000000,2228636020,228636.0,228.636,228.636,0.1468,1
mx_s5_dctcp,S5,dctcp,49,incast,48,64,0,4194304,1899999999,2000000000,2000000000,2000000000,2228689095,228689.1,228.6891,228.6891,0.1467,1
mx_s5_dctcp,S5,dctcp,0,background,65,64,0,4000000000,500000000,2000000000,1000000000,1000000000,5412012396,4412012.4,4412.0124,3412.0124,7.2529,1
mx_s5_dctcp,S5,dctcp,0,background,65,64,0,4000000000,NA,NA,NA,NA,NA,NA,NA,NA,6.4,1
mx_s5_timely,S5,timely,20,incast,19,64,0,4194304,1899999999,2000000000,2000000000,2000000000,2226638150,226638.1,226.6381,226.6381,0.1481,1
mx_s5_timely,S5,timely,22,incast,21,64,0,4194304,1899999999,2000000000,2000000000,2000000000,2228021753,228021.8,228.0218,228.0218,0.1472,1
mx_s5_timely,S5,timely,40,incast,39,64,0,4194304,1899999999,2000000000,2000000000,2000000000,2228164676,228164.7,228.1647,228.1647,0.1471,1
mx_s5_timely,S5,timely,42,incast,41,64,0,4194304,1899999999,2000000000,2000000000,2000000000,2228202099,228202.1,228.2021,228.2021,0.147,1
mx_s5_timely,S5,timely,34,incast,33,64,0,4194304,1899999999,2000000000,2000000000,2000000000,2228218422,228218.4,228.2184,228.2184,0.147,1
mx_s5_timely,S5,timely,9,incast,8,64,0,4194304,1899999999,2000000000,2000000000,2000000000,2228232213,228232.2,228.2322,228.2322,0.147,1
mx_s5_timely,S5,timely,12,incast,11,64,0,4194304,1899999999,2000000000,2000000000,2000000000,2228580687,228580.7,228.5807,228.5807,0.1468,1
mx_s5_timely,S5,timely,32,incast,31,64,0,4194304,1899999999,2000000000,2000000000,2000000000,2228602074,228602.1,228.6021,228.6021,0.1468,1
mx_s5_timely,S5,timely,63,incast,62,64,0,4194304,1899999999,2000000000,2000000000,2000000000,2228639497,228639.5,228.6395,228.6395,0.1468,1
mx_s5_timely,S5,timely,36,incast,35,64,0,4194304,1899999999,2000000000,2000000000,2000000000,2228774824,228774.8,228.7748,228.7748,0.1467,1
mx_s5_timely,S5,timely,24,incast,23,64,0,4194304,1899999999,2000000000,2000000000,2000000000,2228780175,228780.2,228.7802,228.7802,0.1467,1
mx_s5_timely,S5,timely,46,incast,45,64,0,4194304,1899999999,2000000000,2000000000,2000000000,2228804094,228804.1,228.8041,228.8041,0.1467,1
mx_s5_timely,S5,timely,41,incast,40,64,0,4194304,1899999999,2000000000,2000000000,2000000000,2228812821,228812.8,228.8128,228.8128,0.1466,1
mx_s5_timely,S5,timely,61,incast,60,64,0,4194304,1899999999,2000000000,2000000000,2000000000,2228842648,228842.6,228.8426,228.8426,0.1466,1
mx_s5_timely,S5,timely,4,incast,3,64,0,4194304,1899999999,2000000000,2000000000,2000000000,2228854751,228854.8,228.8548,228.8548,0.1466,1
mx_s5_timely,S5,timely,7,incast,6,64,0,4194304,1899999999,2000000000,2000000000,2000000000,2229021641,229021.6,229.0216,229.0216,0.1465,1
mx_s5_timely,S5,timely,27,incast,26,64,0,4194304,1899999999,2000000000,2000000000,2000000000,2229043872,229043.9,229.0439,229.0439,0.1465,1
mx_s5_timely,S5,timely,56,incast,55,64,0,4194304,1899999999,2000000000,2000000000,2000000000,2229342935,229342.9,229.3429,229.3429,0.1463,1
mx_s5_timely,S5,timely,23,incast,22,64,0,4194304,1899999999,2000000000,2000000000,2000000000,2229431554,229431.6,229.4316,229.4316,0.1463,1
mx_s5_timely,S5,timely,3,incast,2,64,0,4194304,1899999999,2000000000,2000000000,2000000000,2229455946,229455.9,229.4559,229.4559,0.1462,1
mx_s5_timely,S5,timely,64,incast,63,64,0,4194304,1899999999,2000000000,2000000000,2000000000,2229458765,229458.8,229.4588,229.4588,0.1462,1
mx_s5_timely,S5,timely,15,incast,14,64,0,4194304,1899999999,2000000000,2000000000,2000000000,2229564892,229564.9,229.5649,229.5649,0.1462,1
mx_s5_timely,S5,timely,54,incast,53,64,0,4194304,1899999999,2000000000,2000000000,2000000000,2229602315,229602.3,229.6023,229.6023,0.1461,1
mx_s5_timely,S5,timely,10,incast,9,64,0,4194304,1899999999,2000000000,2000000000,2000000000,2229638894,229638.9,229.6389,229.6389,0.1461,1
mx_s5_timely,S5,timely,55,incast,54,64,0,4194304,1899999999,2000000000,2000000000,2000000000,2229695729,229695.7,229.6957,229.6957,0.1461,1
mx_s5_timely,S5,timely,8,incast,7,64,0,4194304,1899999999,2000000000,2000000000,2000000000,2229701924,229701.9,229.7019,229.7019,0.1461,1
mx_s5_timely,S5,timely,31,incast,30,64,0,4194304,1899999999,2000000000,2000000000,2000000000,2229712339,229712.3,229.7123,229.7123,0.1461,1
mx_s5_timely,S5,timely,13,incast,12,64,0,4194304,1899999999,2000000000,2000000000,2000000000,2229728662,229728.7,229.7287,229.7287,0.1461,1
mx_s5_timely,S5,timely,57,incast,56,64,0,4194304,1899999999,2000000000,2000000000,2000000000,2229863989,229864.0,229.864,229.864,0.146,1
mx_s5_timely,S5,timely,37,incast,36,64,0,4194304,1899999999,2000000000,2000000000,2000000000,2230047215,230047.2,230.0472,230.0472,0.1459,1
mx_s5_timely,S5,timely,44,incast,43,64,0,4194304,1899999999,2000000000,2000000000,2000000000,2230049726,230049.7,230.0497,230.0497,0.1459,1
mx_s5_timely,S5,timely,52,incast,51,64,0,4194304,1899999999,2000000000,2000000000,2000000000,2230075044,230075.0,230.075,230.075,0.1458,1
mx_s5_timely,S5,timely,59,incast,58,64,0,4194304,1899999999,2000000000,2000000000,2000000000,2230117026,230117.0,230.117,230.117,0.1458,1
mx_s5_timely,S5,timely,58,incast,57,64,0,4194304,1899999999,2000000000,2000000000,2000000000,2230117313,230117.3,230.1173,230.1173,0.1458,1
mx_s5_timely,S5,timely,11,incast,10,64,0,4194304,1899999999,2000000000,2000000000,2000000000,2230156424,230156.4,230.1564,230.1564,0.1458,1
mx_s5_timely,S5,timely,62,incast,61,64,0,4194304,1899999999,2000000000,2000000000,2000000000,2230205663,230205.7,230.2057,230.2057,0.1458,1
mx_s5_timely,S5,timely,51,incast,50,64,0,4194304,1899999999,2000000000,2000000000,2000000000,2230256590,230256.6,230.2566,230.2566,0.1457,1
mx_s5_timely,S5,timely,21,incast,20,64,0,4194304,1899999999,2000000000,2000000000,2000000000,2230262785,230262.8,230.2628,230.2628,0.1457,1
mx_s5_timely,S5,timely,45,incast,44,64,0,4194304,1899999999,2000000000,2000000000,2000000000,2230350004,230350.0,230.35,230.35,0.1457,1
mx_s5_timely,S5,timely,18,incast,17,64,0,4194304,1899999999,2000000000,2000000000,2000000000,2230377299,230377.3,230.3773,230.3773,0.1456,1
mx_s5_timely,S5,timely,47,incast,46,64,0,4194304,1899999999,2000000000,2000000000,2000000000,2230382650,230382.6,230.3827,230.3827,0.1456,1
mx_s5_timely,S5,timely,26,incast,25,64,0,4194304,1899999999,2000000000,2000000000,2000000000,2230386313,230386.3,230.3863,230.3863,0.1456,1
mx_s5_timely,S5,timely,43,incast,42,64,0,4194304,1899999999,2000000000,2000000000,2000000000,2230392508,230392.5,230.3925,230.3925,0.1456,1
mx_s5_timely,S5,timely,35,incast,34,64,0,4194304,1899999999,2000000000,2000000000,2000000000,2230400391,230400.4,230.4004,230.4004,0.1456,1
mx_s5_timely,S5,timely,33,incast,32,64,0,4194304,1899999999,2000000000,2000000000,2000000000,2230404054,230404.1,230.4041,230.4041,0.1456,1
mx_s5_timely,S5,timely,60,incast,59,64,0,4194304,1899999999,2000000000,2000000000,2000000000,2230408561,230408.6,230.4086,230.4086,0.1456,1
mx_s5_timely,S5,timely,17,incast,16,64,0,4194304,1899999999,2000000000,2000000000,2000000000,2230416444,230416.4,230.4164,230.4164,0.1456,1
mx_s5_timely,S5,timely,53,incast,52,64,0,4194304,1899999999,2000000000,2000000000,2000000000,2230426859,230426.9,230.4269,230.4269,0.1456,1
mx_s5_timely,S5,timely,29,incast,28,64,0,4194304,1899999999,2000000000,2000000000,2000000000,2230697954,230698.0,230.698,230.698,0.1454,1
mx_s5_timely,S5,timely,6,incast,5,64,0,4194304,1899999999,2000000000,2000000000,2000000000,2230706057,230706.1,230.7061,230.7061,0.1454,1
mx_s5_timely,S5,timely,48,incast,47,64,0,4194304,1899999999,2000000000,2000000000,2000000000,2230791124,230791.1,230.7911,230.7911,0.1454,1
mx_s5_timely,S5,timely,2,incast,1,64,0,4194304,1899999999,2000000000,2000000000,2000000000,2230791411,230791.4,230.7914,230.7914,0.1454,1
mx_s5_timely,S5,timely,19,incast,18,64,0,4194304,1899999999,2000000000,2000000000,2000000000,2230794230,230794.2,230.7942,230.7942,0.1454,1
mx_s5_timely,S5,timely,14,incast,13,64,0,4194304,1899999999,2000000000,2000000000,2000000000,2230804645,230804.6,230.8046,230.8046,0.1454,1
mx_s5_timely,S5,timely,1,incast,0,64,0,4194304,1899999999,2000000000,2000000000,2000000000,2230806620,230806.6,230.8066,230.8066,0.1454,1
mx_s5_timely,S5,timely,38,incast,37,64,0,4194304,1899999999,2000000000,2000000000,2000000000,2230823724,230823.7,230.8237,230.8237,0.1454,1
mx_s5_timely,S5,timely,30,incast,29,64,0,4194304,1899999999,2000000000,2000000000,2000000000,2230844132,230844.1,230.8441,230.8441,0.1454,1
mx_s5_timely,S5,timely,5,incast,4,64,0,4194304,1899999999,2000000000,2000000000,2000000000,2230866485,230866.5,230.8665,230.8665,0.1453,1
mx_s5_timely,S5,timely,28,incast,27,64,0,4194304,1899999999,2000000000,2000000000,2000000000,2230869956,230870.0,230.87,230.87,0.1453,1
mx_s5_timely,S5,timely,50,incast,49,64,0,4194304,1899999999,2000000000,2000000000,2000000000,2230885554,230885.6,230.8856,230.8856,0.1453,1
mx_s5_timely,S5,timely,39,incast,38,64,0,4194304,1899999999,2000000000,2000000000,2000000000,2230937709,230937.7,230.9377,230.9377,0.1453,1
mx_s5_timely,S5,timely,16,incast,15,64,0,4194304,1899999999,2000000000,2000000000,2000000000,2230975151,230975.2,230.9752,230.9752,0.1453,1
mx_s5_timely,S5,timely,25,incast,24,64,0,4194304,1899999999,2000000000,2000000000,2000000000,2230989214,230989.2,230.9892,230.9892,0.1453,1
mx_s5_timely,S5,timely,49,incast,48,64,0,4194304,1899999999,2000000000,2000000000,2000000000,2231002136,231002.1,231.0021,231.0021,0.1453,1
mx_s5_timely,S5,timely,0,background,65,64,0,4000000000,500000000,2000000000,1000000000,1000000000,5446038722,4446038.7,4446.0387,3446.0387,7.1974,1
mx_s5_timely,S5,timely,0,background,65,64,0,4000000000,NA,NA,NA,NA,NA,NA,NA,NA,6.4,1
mx_s5_hpcc,S5,hpcc,15,incast,14,64,0,4194304,1899999999,2000000000,2000000000,2000000000,2236393440,236393.4,236.3934,236.3934,0.1419,1
mx_s5_hpcc,S5,hpcc,46,incast,45,64,0,4194304,1899999999,2000000000,2000000000,2000000000,2236811169,236811.2,236.8112,236.8112,0.1417,1
mx_s5_hpcc,S5,hpcc,48,incast,47,64,0,4194304,1899999999,2000000000,2000000000,2000000000,2236843711,236843.7,236.8437,236.8437,0.1417,1
mx_s5_hpcc,S5,hpcc,1,incast,0,64,0,4194304,1899999999,2000000000,2000000000,2000000000,2237188563,237188.6,237.1886,237.1886,0.1415,1
mx_s5_hpcc,S5,hpcc,4,incast,3,64,0,4194304,1899999999,2000000000,2000000000,2000000000,2237379476,237379.5,237.3795,237.3795,0.1414,1
mx_s5_hpcc,S5,hpcc,13,incast,12,64,0,4194304,1899999999,2000000000,2000000000,2000000000,2237563179,237563.2,237.5632,237.5632,0.1412,1
mx_s5_hpcc,S5,hpcc,22,incast,21,64,0,4194304,1899999999,2000000000,2000000000,2000000000,2238160836,238160.8,238.1608,238.1608,0.1409,1
mx_s5_hpcc,S5,hpcc,5,incast,4,64,0,4194304,1899999999,2000000000,2000000000,2000000000,2238163764,238163.8,238.1638,238.1638,0.1409,1
mx_s5_hpcc,S5,hpcc,54,incast,53,64,0,4194304,1899999999,2000000000,2000000000,2000000000,2238237243,238237.2,238.2372,238.2372,0.1408,1
mx_s5_hpcc,S5,hpcc,14,incast,13,64,0,4194304,1899999999,2000000000,2000000000,2000000000,2238630551,238630.6,238.6306,238.6306,0.1406,1
mx_s5_hpcc,S5,hpcc,34,incast,33,64,0,4194304,1899999999,2000000000,2000000000,2000000000,2238750193,238750.2,238.7502,238.7502,0.1405,1
mx_s5_hpcc,S5,hpcc,25,incast,24,64,0,4194304,1899999999,2000000000,2000000000,2000000000,2238773154,238773.2,238.7732,238.7732,0.1405,1
mx_s5_hpcc,S5,hpcc,33,incast,32,64,0,4194304,1899999999,2000000000,2000000000,2000000000,2238914705,238914.7,238.9147,238.9147,0.1404,1
mx_s5_hpcc,S5,hpcc,64,incast,63,64,0,4194304,1899999999,2000000000,2000000000,2000000000,2239189547,239189.5,239.1895,239.1895,0.1403,1
mx_s5_hpcc,S5,hpcc,16,incast,15,64,0,4194304,1899999999,2000000000,2000000000,2000000000,2239359135,239359.1,239.3591,239.3591,0.1402,1
mx_s5_hpcc,S5,hpcc,28,incast,27,64,0,4194304,1899999999,2000000000,2000000000,2000000000,2239429130,239429.1,239.4291,239.4291,0.1401,1
mx_s5_hpcc,S5,hpcc,51,incast,50,64,0,4194304,1899999999,2000000000,2000000000,2000000000,2239449478,239449.5,239.4495,239.4495,0.1401,1
mx_s5_hpcc,S5,hpcc,36,incast,35,64,0,4194304,1899999999,2000000000,2000000000,2000000000,2239643381,239643.4,239.6434,239.6434,0.14,1
mx_s5_hpcc,S5,hpcc,30,incast,29,64,0,4194304,1899999999,2000000000,2000000000,2000000000,2239675923,239675.9,239.6759,239.6759,0.14,1
mx_s5_hpcc,S5,hpcc,29,incast,28,64,0,4194304,1899999999,2000000000,2000000000,2000000000,2239743302,239743.3,239.7433,239.7433,0.14,1
mx_s5_hpcc,S5,hpcc,45,incast,44,64,0,4194304,1899999999,2000000000,2000000000,2000000000,2239790656,239790.7,239.7907,239.7907,0.1399,1
mx_s5_hpcc,S5,hpcc,41,incast,40,64,0,4194304,1899999999,2000000000,2000000000,2000000000,2239944278,239944.3,239.9443,239.9443,0.1398,1
mx_s5_hpcc,S5,hpcc,60,incast,59,64,0,4194304,1899999999,2000000000,2000000000,2000000000,2239945464,239945.5,239.9455,239.9455,0.1398,1
mx_s5_hpcc,S5,hpcc,50,incast,49,64,0,4194304,1899999999,2000000000,2000000000,2000000000,2239964941,239964.9,239.9649,239.9649,0.1398,1
mx_s5_hpcc,S5,hpcc,56,incast,55,64,0,4194304,1899999999,2000000000,2000000000,2000000000,2240004250,240004.2,240.0043,240.0043,0.1398,1
mx_s5_hpcc,S5,hpcc,26,incast,25,64,0,4194304,1899999999,2000000000,2000000000,2000000000,2240034179,240034.2,240.0342,240.0342,0.1398,1
mx_s5_hpcc,S5,hpcc,17,incast,16,64,0,4194304,1899999999,2000000000,2000000000,2000000000,2240082302,240082.3,240.0823,240.0823,0.1398,1
mx_s5_hpcc,S5,hpcc,62,incast,61,64,0,4194304,1899999999,2000000000,2000000000,2000000000,2240100037,240100.0,240.1,240.1,0.1398,1
mx_s5_hpcc,S5,hpcc,40,incast,39,64,0,4194304,1899999999,2000000000,2000000000,2000000000,2240136934,240136.9,240.1369,240.1369,0.1397,1
mx_s5_hpcc,S5,hpcc,49,incast,48,64,0,4194304,1899999999,2000000000,2000000000,2000000000,2240140733,240140.7,240.1407,240.1407,0.1397,1
mx_s5_hpcc,S5,hpcc,3,incast,2,64,0,4194304,1899999999,2000000000,2000000000,2000000000,2240152371,240152.4,240.1524,240.1524,0.1397,1
mx_s5_hpcc,S5,hpcc,6,incast,5,64,0,4194304,1899999999,2000000000,2000000000,2000000000,2240154428,240154.4,240.1544,240.1544,0.1397,1
mx_s5_hpcc,S5,hpcc,47,incast,46,64,0,4194304,1899999999,2000000000,2000000000,2000000000,2240178260,240178.3,240.1783,240.1783,0.1397,1
mx_s5_hpcc,S5,hpcc,53,incast,52,64,0,4194304,1899999999,2000000000,2000000000,2000000000,2240181055,240181.1,240.1811,240.1811,0.1397,1
mx_s5_hpcc,S5,hpcc,42,incast,41,64,0,4194304,1899999999,2000000000,2000000000,2000000000,2240232510,240232.5,240.2325,240.2325,0.1397,1
mx_s5_hpcc,S5,hpcc,52,incast,51,64,0,4194304,1899999999,2000000000,2000000000,2000000000,2240239793,240239.8,240.2398,240.2398,0.1397,1
mx_s5_hpcc,S5,hpcc,21,incast,20,64,0,4194304,1899999999,2000000000,2000000000,2000000000,2240269722,240269.7,240.2697,240.2697,0.1397,1
mx_s5_hpcc,S5,hpcc,18,incast,17,64,0,4194304,1899999999,2000000000,2000000000,2000000000,2240344564,240344.6,240.3446,240.3446,0.1396,1
mx_s5_hpcc,S5,hpcc,31,incast,30,64,0,4194304,1899999999,2000000000,2000000000,2000000000,2240350105,240350.1,240.3501,240.3501,0.1396,1
mx_s5_hpcc,S5,hpcc,27,incast,26,64,0,4194304,1899999999,2000000000,2000000000,2000000000,2240381776,240381.8,240.3818,240.3818,0.1396,1
mx_s5_hpcc,S5,hpcc,59,incast,58,64,0,4194304,1899999999,2000000000,2000000000,2000000000,2240403944,240403.9,240.4039,240.4039,0.1396,1
mx_s5_hpcc,S5,hpcc,24,incast,23,64,0,4194304,1899999999,2000000000,2000000000,2000000000,2240409485,240409.5,240.4095,240.4095,0.1396,1
mx_s5_hpcc,S5,hpcc,37,incast,36,64,0,4194304,1899999999,2000000000,2000000000,2000000000,2240481677,240481.7,240.4817,240.4817,0.1395,1
mx_s5_hpcc,S5,hpcc,55,incast,54,64,0,4194304,1899999999,2000000000,2000000000,2000000000,2240488960,240489.0,240.489,240.489,0.1395,1
mx_s5_hpcc,S5,hpcc,35,incast,34,64,0,4194304,1899999999,2000000000,2000000000,2000000000,2240553118,240553.1,240.5531,240.5531,0.1395,1
mx_s5_hpcc,S5,hpcc,63,incast,62,64,0,4194304,1899999999,2000000000,2000000000,2000000000,2240571285,240571.3,240.5713,240.5713,0.1395,1
mx_s5_hpcc,S5,hpcc,7,incast,6,64,0,4194304,1899999999,2000000000,2000000000,2000000000,2240573503,240573.5,240.5735,240.5735,0.1395,1
mx_s5_hpcc,S5,hpcc,43,incast,42,64,0,4194304,1899999999,2000000000,2000000000,2000000000,2240580325,240580.3,240.5803,240.5803,0.1395,1
mx_s5_hpcc,S5,hpcc,9,incast,8,64,0,4194304,1899999999,2000000000,2000000000,2000000000,2240595690,240595.7,240.5957,240.5957,0.1395,1
mx_s5_hpcc,S5,hpcc,11,incast,10,64,0,4194304,1899999999,2000000000,2000000000,2000000000,2240598464,240598.5,240.5985,240.5985,0.1395,1
mx_s5_hpcc,S5,hpcc,8,incast,7,64,0,4194304,1899999999,2000000000,2000000000,2000000000,2240607023,240607.0,240.607,240.607,0.1395,1
mx_s5_hpcc,S5,hpcc,19,incast,18,64,0,4194304,1899999999,2000000000,2000000000,2000000000,2240676762,240676.8,240.6768,240.6768,0.1394,1
mx_s5_hpcc,S5,hpcc,32,incast,31,64,0,4194304,1899999999,2000000000,2000000000,2000000000,2240712321,240712.3,240.7123,240.7123,0.1394,1
mx_s5_hpcc,S5,hpcc,23,incast,22,64,0,4194304,1899999999,2000000000,2000000000,2000000000,2240721509,240721.5,240.7215,240.7215,0.1394,1
mx_s5_hpcc,S5,hpcc,39,incast,38,64,0,4194304,1899999999,2000000000,2000000000,2000000000,2240750837,240750.8,240.7508,240.7508,0.1394,1
mx_s5_hpcc,S5,hpcc,57,incast,56,64,0,4194304,1899999999,2000000000,2000000000,2000000000,2240761678,240761.7,240.7617,240.7617,0.1394,1
mx_s5_hpcc,S5,hpcc,44,incast,43,64,0,4194304,1899999999,2000000000,2000000000,2000000000,2240771262,240771.3,240.7713,240.7713,0.1394,1
mx_s5_hpcc,S5,hpcc,2,incast,1,64,0,4194304,1899999999,2000000000,2000000000,2000000000,2240835814,240835.8,240.8358,240.8358,0.1393,1
mx_s5_hpcc,S5,hpcc,38,incast,37,64,0,4194304,1899999999,2000000000,2000000000,2000000000,2240854569,240854.6,240.8546,240.8546,0.1393,1
mx_s5_hpcc,S5,hpcc,10,incast,9,64,0,4194304,1899999999,2000000000,2000000000,2000000000,2240895877,240895.9,240.8959,240.8959,0.1393,1
mx_s5_hpcc,S5,hpcc,20,incast,19,64,0,4194304,1899999999,2000000000,2000000000,2000000000,2240921474,240921.5,240.9215,240.9215,0.1393,1
mx_s5_hpcc,S5,hpcc,61,incast,60,64,0,4194304,1899999999,2000000000,2000000000,2000000000,2240965739,240965.7,240.9657,240.9657,0.1392,1
mx_s5_hpcc,S5,hpcc,12,incast,11,64,0,4194304,1899999999,2000000000,2000000000,2000000000,2240970405,240970.4,240.9704,240.9704,0.1392,1
mx_s5_hpcc,S5,hpcc,58,incast,57,64,0,4194304,1899999999,2000000000,2000000000,2000000000,2241123617,241123.6,241.1236,241.1236,0.1392,1
mx_s5_hpcc,S5,hpcc,0,background,65,64,0,4000000000,500000000,2000000000,1000000000,1000000000,5592368409,4592368.4,4592.3684,3592.3684,6.9681,1
mx_s5_hpcc,S5,hpcc,0,background,65,64,0,4000000000,NA,NA,NA,NA,NA,NA,NA,NA,6.4,1
mx_s5_cbapsba,S5,cbapsba,1,incast,0,64,0,4194304,1899999999,2000000000,2000005000,2000005000,2227242845,227237.8,227.2378,227.2428,0.1477,1
mx_s5_cbapsba,S5,cbapsba,2,incast,1,64,0,4194304,1899999999,2000000000,2000005000,2000005959,2227243964,227238.0,227.239,227.244,0.1477,1
mx_s5_cbapsba,S5,cbapsba,3,incast,2,64,0,4194304,1899999999,2000000000,2000005000,2000006918,2227244245,227237.3,227.2392,227.2442,0.1477,1
mx_s5_cbapsba,S5,cbapsba,4,incast,3,64,0,4194304,1899999999,2000000000,2000005000,2000007877,2227245364,227237.5,227.2404,227.2454,0.1477,1
mx_s5_cbapsba,S5,cbapsba,5,incast,4,64,0,4194304,1899999999,2000000000,2000005000,2000008836,2227246483,227237.6,227.2415,227.2465,0.1477,1
mx_s5_cbapsba,S5,cbapsba,6,incast,5,64,0,4194304,1899999999,2000000000,2000005000,2000009795,2227246764,227237.0,227.2418,227.2468,0.1477,1
mx_s5_cbapsba,S5,cbapsba,7,incast,6,64,0,4194304,1899999999,2000000000,2000005000,2000010754,2227247045,227236.3,227.242,227.247,0.1477,1
mx_s5_cbapsba,S5,cbapsba,8,incast,7,64,0,4194304,1899999999,2000000000,2000005000,2000011713,2227247326,227235.6,227.2423,227.2473,0.1477,1
mx_s5_cbapsba,S5,cbapsba,9,incast,8,64,0,4194304,1899999999,2000000000,2000005000,2000012672,2227247607,227234.9,227.2426,227.2476,0.1477,1
mx_s5_cbapsba,S5,cbapsba,10,incast,9,64,0,4194304,1899999999,2000000000,2000005000,2000013631,2227247888,227234.3,227.2429,227.2479,0.1477,1
mx_s5_cbapsba,S5,cbapsba,11,incast,10,64,0,4194304,1899999999,2000000000,2000005000,2000014590,2227248169,227233.6,227.2432,227.2482,0.1477,1
mx_s5_cbapsba,S5,cbapsba,12,incast,11,64,0,4194304,1899999999,2000000000,2000005000,2000015549,2227248450,227232.9,227.2434,227.2484,0.1477,1
mx_s5_cbapsba,S5,cbapsba,13,incast,12,64,0,4194304,1899999999,2000000000,2000005000,2000016508,2227248731,227232.2,227.2437,227.2487,0.1477,1
mx_s5_cbapsba,S5,cbapsba,14,incast,13,64,0,4194304,1899999999,2000000000,2000005000,2000017467,2227249012,227231.5,227.244,227.249,0.1477,1
mx_s5_cbapsba,S5,cbapsba,15,incast,14,64,0,4194304,1899999999,2000000000,2000005000,2000018426,2227249293,227230.9,227.2443,227.2493,0.1477,1
mx_s5_cbapsba,S5,cbapsba,16,incast,15,64,0,4194304,1899999999,2000000000,2000005000,2000019385,2227249574,227230.2,227.2446,227.2496,0.1477,1
mx_s5_cbapsba,S5,cbapsba,17,incast,16,64,0,4194304,1899999999,2000000000,2000005000,2000020344,2227249855,227229.5,227.2449,227.2499,0.1477,1
mx_s5_cbapsba,S5,cbapsba,18,incast,17,64,0,4194304,1899999999,2000000000,2000005000,2000021303,2227250136,227228.8,227.2451,227.2501,0.1477,1
mx_s5_cbapsba,S5,cbapsba,19,incast,18,64,0,4194304,1899999999,2000000000,2000005000,2000022262,2227250417,227228.2,227.2454,227.2504,0.1477,1
mx_s5_cbapsba,S5,cbapsba,20,incast,19,64,0,4194304,1899999999,2000000000,2000005000,2000023221,2227250698,227227.5,227.2457,227.2507,0.1477,1
mx_s5_cbapsba,S5,cbapsba,21,incast,20,64,0,4194304,1899999999,2000000000,2000005000,2000024180,2227250979,227226.8,227.246,227.251,0.1477,1
mx_s5_cbapsba,S5,cbapsba,22,incast,21,64,0,4194304,1899999999,2000000000,2000005000,2000025139,2227251260,227226.1,227.2463,227.2513,0.1477,1
mx_s5_cbapsba,S5,cbapsba,23,incast,22,64,0,4194304,1899999999,2000000000,2000005000,2000026099,2227251541,227225.4,227.2465,227.2515,0.1477,1
mx_s5_cbapsba,S5,cbapsba,24,incast,23,64,0,4194304,1899999999,2000000000,2000005000,2000027058,2227251822,227224.8,227.2468,227.2518,0.1477,1
mx_s5_cbapsba,S5,cbapsba,25,incast,24,64,0,4194304,1899999999,2000000000,2000005000,2000028017,2227252103,227224.1,227.2471,227.2521,0.1477,1
mx_s5_cbapsba,S5,cbapsba,26,incast,25,64,0,4194304,1899999999,2000000000,2000005000,2000028976,2227252384,227223.4,227.2474,227.2524,0.1477,1
mx_s5_cbapsba,S5,cbapsba,27,incast,26,64,0,4194304,1899999999,2000000000,2000005000,2000029935,2227252665,227222.7,227.2477,227.2527,0.1477,1
mx_s5_cbapsba,S5,cbapsba,28,incast,27,64,0,4194304,1899999999,2000000000,2000005000,2000030894,2227253784,227222.9,227.2488,227.2538,0.1477,1
mx_s5_cbapsba,S5,cbapsba,29,incast,28,64,0,4194304,1899999999,2000000000,2000005000,2000031853,2227254065,227222.2,227.2491,227.2541,0.1477,1
mx_s5_cbapsba,S5,cbapsba,30,incast,29,64,0,4194304,1899999999,2000000000,2000005000,2000032812,2227254346,227221.5,227.2493,227.2543,0.1477,1
mx_s5_cbapsba,S5,cbapsba,31,incast,30,64,0,4194304,1899999999,2000000000,2000005000,2000033771,2227254627,227220.9,227.2496,227.2546,0.1477,1
mx_s5_cbapsba,S5,cbapsba,32,incast,31,64,0,4194304,1899999999,2000000000,2000005000,2000034730,2227254908,227220.2,227.2499,227.2549,0.1477,1
mx_s5_cbapsba,S5,cbapsba,33,incast,32,64,0,4194304,1899999999,2000000000,2000005000,2000035689,2227255189,227219.5,227.2502,227.2552,0.1477,1
mx_s5_cbapsba,S5,cbapsba,34,incast,33,64,0,4194304,1899999999,2000000000,2000005000,2000036648,2227255470,227218.8,227.2505,227.2555,0.1477,1
mx_s5_cbapsba,S5,cbapsba,35,incast,34,64,0,4194304,1899999999,2000000000,2000005000,2000037607,2227255751,227218.1,227.2508,227.2558,0.1477,1
mx_s5_cbapsba,S5,cbapsba,36,incast,35,64,0,4194304,1899999999,2000000000,2000005000,2000038566,2227256032,227217.5,227.251,227.256,0.1477,1
mx_s5_cbapsba,S5,cbapsba,37,incast,36,64,0,4194304,1899999999,2000000000,2000005000,2000039525,2227256313,227216.8,227.2513,227.2563,0.1477,1
mx_s5_cbapsba,S5,cbapsba,38,incast,37,64,0,4194304,1899999999,2000000000,2000005000,2000040484,2227256594,227216.1,227.2516,227.2566,0.1477,1
mx_s5_cbapsba,S5,cbapsba,39,incast,38,64,0,4194304,1899999999,2000000000,2000005000,2000041443,2227256875,227215.4,227.2519,227.2569,0.1477,1
mx_s5_cbapsba,S5,cbapsba,40,incast,39,64,0,4194304,1899999999,2000000000,2000005000,2000042402,2227257156,227214.8,227.2522,227.2572,0.1477,1
mx_s5_cbapsba,S5,cbapsba,41,incast,40,64,0,4194304,1899999999,2000000000,2000005000,2000043361,2227257437,227214.1,227.2524,227.2574,0.1477,1
mx_s5_cbapsba,S5,cbapsba,42,incast,41,64,0,4194304,1899999999,2000000000,2000005000,2000044320,2227257718,227213.4,227.2527,227.2577,0.1477,1
mx_s5_cbapsba,S5,cbapsba,43,incast,42,64,0,4194304,1899999999,2000000000,2000005000,2000045279,2227257999,227212.7,227.253,227.258,0.1477,1
mx_s5_cbapsba,S5,cbapsba,44,incast,43,64,0,4194304,1899999999,2000000000,2000005000,2000046239,2227258280,227212.0,227.2533,227.2583,0.1477,1
mx_s5_cbapsba,S5,cbapsba,45,incast,44,64,0,4194304,1899999999,2000000000,2000005000,2000047198,2227258561,227211.4,227.2536,227.2586,0.1477,1
mx_s5_cbapsba,S5,cbapsba,46,incast,45,64,0,4194304,1899999999,2000000000,2000005000,2000048157,2227258842,227210.7,227.2538,227.2588,0.1477,1
mx_s5_cbapsba,S5,cbapsba,47,incast,46,64,0,4194304,1899999999,2000000000,2000005000,2000049116,2227259123,227210.0,227.2541,227.2591,0.1477,1
mx_s5_cbapsba,S5,cbapsba,48,incast,47,64,0,4194304,1899999999,2000000000,2000005000,2000050075,2227259404,227209.3,227.2544,227.2594,0.1477,1
mx_s5_cbapsba,S5,cbapsba,49,incast,48,64,0,4194304,1899999999,2000000000,2000005000,2000051034,2227259685,227208.7,227.2547,227.2597,0.1477,1
mx_s5_cbapsba,S5,cbapsba,50,incast,49,64,0,4194304,1899999999,2000000000,2000005000,2000051993,2227259966,227208.0,227.255,227.26,0.1477,1
mx_s5_cbapsba,S5,cbapsba,51,incast,50,64,0,4194304,1899999999,2000000000,2000005000,2000052952,2227260247,227207.3,227.2552,227.2602,0.1477,1
mx_s5_cbapsba,S5,cbapsba,52,incast,51,64,0,4194304,1899999999,2000000000,2000005000,2000053911,2227260528,227206.6,227.2555,227.2605,0.1477,1
mx_s5_cbapsba,S5,cbapsba,53,incast,52,64,0,4194304,1899999999,2000000000,2000005000,2000054870,2227260809,227205.9,227.2558,227.2608,0.1477,1
mx_s5_cbapsba,S5,cbapsba,54,incast,53,64,0,4194304,1899999999,2000000000,2000005000,2000055829,2227261090,227205.3,227.2561,227.2611,0.1477,1
mx_s5_cbapsba,S5,cbapsba,55,incast,54,64,0,4194304,1899999999,2000000000,2000005000,2000056788,2227261371,227204.6,227.2564,227.2614,0.1477,1
mx_s5_cbapsba,S5,cbapsba,56,incast,55,64,0,4194304,1899999999,2000000000,2000005000,2000057747,2227261652,227203.9,227.2567,227.2617,0.1477,1
mx_s5_cbapsba,S5,cbapsba,57,incast,56,64,0,4194304,1899999999,2000000000,2000005000,2000058706,2227261933,227203.2,227.2569,227.2619,0.1477,1
mx_s5_cbapsba,S5,cbapsba,58,incast,57,64,0,4194304,1899999999,2000000000,2000005000,2000059665,2227262214,227202.5,227.2572,227.2622,0.1477,1
mx_s5_cbapsba,S5,cbapsba,59,incast,58,64,0,4194304,1899999999,2000000000,2000005000,2000060624,2227262495,227201.9,227.2575,227.2625,0.1477,1
mx_s5_cbapsba,S5,cbapsba,60,incast,59,64,0,4194304,1899999999,2000000000,2000005000,2000061583,2227262776,227201.2,227.2578,227.2628,0.1477,1
mx_s5_cbapsba,S5,cbapsba,61,incast,60,64,0,4194304,1899999999,2000000000,2000005000,2000062542,2227263057,227200.5,227.2581,227.2631,0.1477,1
mx_s5_cbapsba,S5,cbapsba,62,incast,61,64,0,4194304,1899999999,2000000000,2000005000,2000063501,2227263338,227199.8,227.2583,227.2633,0.1477,1
mx_s5_cbapsba,S5,cbapsba,63,incast,62,64,0,4194304,1899999999,2000000000,2000005000,2000064460,2227263619,227199.2,227.2586,227.2636,0.1477,1
mx_s5_cbapsba,S5,cbapsba,64,incast,63,64,0,4194304,1899999999,2000000000,2000005000,2000065419,2227263900,227198.5,227.2589,227.2639,0.1477,1
mx_s5_cbapsba,S5,cbapsba,0,background,65,64,0,4000000000,500000000,1000000000,1000005000,1000005000,5442827851,4442822.9,4442.8229,4442.8279,7.2026,1
mx_s5_cbapsba,S5,cbapsba,0,background,65,64,0,4000000000,NA,NA,NA,NA,NA,NA,NA,NA,6.4,1
mx_s6_dcqcn,S6,dcqcn,5,incast,3,64,0,262144,1899999999,2000000000,2000000000,2000000000,2006531710,6531.7,6.5317,6.5317,0.3211,1
mx_s6_dcqcn,S6,dcqcn,24,incast,22,64,0,262144,1899999999,2000000000,2000000000,2000000000,2006545271,6545.3,6.5453,6.5453,0.3204,1
mx_s6_dcqcn,S6,dcqcn,14,incast,12,64,0,262144,1899999999,2000000000,2000000000,2000000000,2006633414,6633.4,6.6334,6.6334,0.3161,1
mx_s6_dcqcn,S6,dcqcn,39,incast,37,60,1,262144,1899999999,2000000000,2000000000,2000000000,2006661600,6661.6,6.6616,6.6616,0.3148,1
mx_s6_dcqcn,S6,dcqcn,43,incast,41,60,1,262144,1899999999,2000000000,2000000000,2000000000,2006664267,6664.3,6.6643,6.6643,0.3147,1
mx_s6_dcqcn,S6,dcqcn,55,incast,53,60,1,262144,1899999999,2000000000,2000000000,2000000000,2006671124,6671.1,6.6711,6.6711,0.3144,1
mx_s6_dcqcn,S6,dcqcn,10,incast,8,64,0,262144,1899999999,2000000000,2000000000,2000000000,2006682171,6682.2,6.6822,6.6822,0.3138,1
mx_s6_dcqcn,S6,dcqcn,16,incast,14,64,0,262144,1899999999,2000000000,2000000000,2000000000,2006684000,6684.0,6.684,6.684,0.3138,1
mx_s6_dcqcn,S6,dcqcn,30,incast,28,64,0,262144,1899999999,2000000000,2000000000,2000000000,2006691695,6691.7,6.6917,6.6917,0.3134,1
mx_s6_dcqcn,S6,dcqcn,33,incast,31,60,1,262144,1899999999,2000000000,2000000000,2000000000,2006703959,6704.0,6.704,6.704,0.3128,1
mx_s6_dcqcn,S6,dcqcn,36,incast,34,60,1,262144,1899999999,2000000000,2000000000,2000000000,2006705788,6705.8,6.7058,6.7058,0.3127,1
mx_s6_dcqcn,S6,dcqcn,49,incast,47,60,1,262144,1899999999,2000000000,2000000000,2000000000,2006707617,6707.6,6.7076,6.7076,0.3127,1
mx_s6_dcqcn,S6,dcqcn,61,incast,59,60,1,262144,1899999999,2000000000,2000000000,2000000000,2006713636,6713.6,6.7136,6.7136,0.3124,1
mx_s6_dcqcn,S6,dcqcn,40,incast,38,60,1,262144,1899999999,2000000000,2000000000,2000000000,2006728873,6728.9,6.7289,6.7289,0.3117,1
mx_s6_dcqcn,S6,dcqcn,42,incast,40,60,1,262144,1899999999,2000000000,2000000000,2000000000,2006729864,6729.9,6.7299,6.7299,0.3116,1
mx_s6_dcqcn,S6,dcqcn,35,incast,33,60,1,262144,1899999999,2000000000,2000000000,2000000000,2006742587,6742.6,6.7426,6.7426,0.311,1
mx_s6_dcqcn,S6,dcqcn,48,incast,46,60,1,262144,1899999999,2000000000,2000000000,2000000000,2006748606,6748.6,6.7486,6.7486,0.3108,1
mx_s6_dcqcn,S6,dcqcn,57,incast,55,60,1,262144,1899999999,2000000000,2000000000,2000000000,2006752111,6752.1,6.7521,6.7521,0.3106,1
mx_s6_dcqcn,S6,dcqcn,59,incast,57,60,1,262144,1899999999,2000000000,2000000000,2000000000,2006753940,6753.9,6.7539,6.7539,0.3105,1
mx_s6_dcqcn,S6,dcqcn,7,incast,5,64,0,262144,1899999999,2000000000,2000000000,2000000000,2006762240,6762.2,6.7622,6.7622,0.3101,1
mx_s6_dcqcn,S6,dcqcn,20,incast,18,64,0,262144,1899999999,2000000000,2000000000,2000000000,2006764069,6764.1,6.7641,6.7641,0.31,1
mx_s6_dcqcn,S6,dcqcn,27,incast,25,64,0,262144,1899999999,2000000000,2000000000,2000000000,2006765898,6765.9,6.7659,6.7659,0.31,1
mx_s6_dcqcn,S6,dcqcn,8,incast,6,64,0,262144,1899999999,2000000000,2000000000,2000000000,2006767727,6767.7,6.7677,6.7677,0.3099,1
mx_s6_dcqcn,S6,dcqcn,21,incast,19,64,0,262144,1899999999,2000000000,2000000000,2000000000,2006769556,6769.6,6.7696,6.7696,0.3098,1
mx_s6_dcqcn,S6,dcqcn,29,incast,27,64,0,262144,1899999999,2000000000,2000000000,2000000000,2006771385,6771.4,6.7714,6.7714,0.3097,1
mx_s6_dcqcn,S6,dcqcn,26,incast,24,64,0,262144,1899999999,2000000000,2000000000,2000000000,2006779080,6779.1,6.7791,6.7791,0.3094,1
mx_s6_dcqcn,S6,dcqcn,19,incast,17,64,0,262144,1899999999,2000000000,2000000000,2000000000,2006780071,6780.1,6.7801,6.7801,0.3093,1
mx_s6_dcqcn,S6,dcqcn,28,incast,26,64,0,262144,1899999999,2000000000,2000000000,2000000000,2006781062,6781.1,6.7811,6.7811,0.3093,1
mx_s6_dcqcn,S6,dcqcn,54,incast,52,60,1,262144,1899999999,2000000000,2000000000,2000000000,2006783423,6783.4,6.7834,6.7834,0.3092,1
mx_s6_dcqcn,S6,dcqcn,18,incast,16,64,0,262144,1899999999,2000000000,2000000000,2000000000,2006790433,6790.4,6.7904,6.7904,0.3088,1
mx_s6_dcqcn,S6,dcqcn,50,incast,48,60,1,262144,1899999999,2000000000,2000000000,2000000000,2006817934,6817.9,6.8179,6.8179,0.3076,1
mx_s6_dcqcn,S6,dcqcn,51,incast,49,60,1,262144,1899999999,2000000000,2000000000,2000000000,2006821439,6821.4,6.8214,6.8214,0.3074,1
mx_s6_dcqcn,S6,dcqcn,6,incast,4,64,0,262144,1899999999,2000000000,2000000000,2000000000,2006822430,6822.4,6.8224,6.8224,0.3074,1
mx_s6_dcqcn,S6,dcqcn,12,incast,10,64,0,262144,1899999999,2000000000,2000000000,2000000000,2006822583,6822.6,6.8226,6.8226,0.3074,1
mx_s6_dcqcn,S6,dcqcn,15,incast,13,64,0,262144,1899999999,2000000000,2000000000,2000000000,2006822736,6822.7,6.8227,6.8227,0.3074,1
mx_s6_dcqcn,S6,dcqcn,56,incast,54,60,1,262144,1899999999,2000000000,2000000000,2000000000,2006823268,6823.3,6.8233,6.8233,0.3074,1
mx_s6_dcqcn,S6,dcqcn,52,incast,50,60,1,262144,1899999999,2000000000,2000000000,2000000000,2006823421,6823.4,6.8234,6.8234,0.3073,1
mx_s6_dcqcn,S6,dcqcn,31,incast,29,64,0,262144,1899999999,2000000000,2000000000,2000000000,2006823727,6823.7,6.8237,6.8237,0.3073,1
mx_s6_dcqcn,S6,dcqcn,53,incast,51,60,1,262144,1899999999,2000000000,2000000000,2000000000,2006825250,6825.2,6.8252,6.8252,0.3073,1
mx_s6_dcqcn,S6,dcqcn,9,incast,7,64,0,262144,1899999999,2000000000,2000000000,2000000000,2006825556,6825.6,6.8256,6.8256,0.3072,1
mx_s6_dcqcn,S6,dcqcn,13,incast,11,64,0,262144,1899999999,2000000000,2000000000,2000000000,2006826547,6826.5,6.8265,6.8265,0.3072,1
mx_s6_dcqcn,S6,dcqcn,17,incast,15,64,0,262144,1899999999,2000000000,2000000000,2000000000,2006826700,6826.7,6.8267,6.8267,0.3072,1
mx_s6_dcqcn,S6,dcqcn,38,incast,36,60,1,262144,1899999999,2000000000,2000000000,2000000000,2006842163,6842.2,6.8422,6.8422,0.3065,1
mx_s6_dcqcn,S6,dcqcn,44,incast,42,60,1,262144,1899999999,2000000000,2000000000,2000000000,2006843154,6843.2,6.8432,6.8432,0.3065,1
mx_s6_dcqcn,S6,dcqcn,41,incast,39,60,1,262144,1899999999,2000000000,2000000000,2000000000,2006844145,6844.1,6.8441,6.8441,0.3064,1
mx_s6_dcqcn,S6,dcqcn,45,incast,43,60,1,262144,1899999999,2000000000,2000000000,2000000000,2006845136,6845.1,6.8451,6.8451,0.3064,1
mx_s6_dcqcn,S6,dcqcn,34,incast,32,60,1,262144,1899999999,2000000000,2000000000,2000000000,2006848641,6848.6,6.8486,6.8486,0.3062,1
mx_s6_dcqcn,S6,dcqcn,46,incast,44,60,1,262144,1899999999,2000000000,2000000000,2000000000,2006848794,6848.8,6.8488,6.8488,0.3062,1
mx_s6_dcqcn,S6,dcqcn,58,incast,56,60,1,262144,1899999999,2000000000,2000000000,2000000000,2006848947,6848.9,6.8489,6.8489,0.3062,1
mx_s6_dcqcn,S6,dcqcn,32,incast,30,60,1,262144,1899999999,2000000000,2000000000,2000000000,2006849100,6849.1,6.8491,6.8491,0.3062,1
mx_s6_dcqcn,S6,dcqcn,37,incast,35,60,1,262144,1899999999,2000000000,2000000000,2000000000,2006849253,6849.3,6.8493,6.8493,0.3062,1
mx_s6_dcqcn,S6,dcqcn,47,incast,45,60,1,262144,1899999999,2000000000,2000000000,2000000000,2006849406,6849.4,6.8494,6.8494,0.3062,1
mx_s6_dcqcn,S6,dcqcn,60,incast,58,60,1,262144,1899999999,2000000000,2000000000,2000000000,2006849559,6849.6,6.8496,6.8496,0.3062,1
mx_s6_dcqcn,S6,dcqcn,2,incast,0,64,0,262144,1899999999,2000000000,2000000000,2000000000,2006850317,6850.3,6.8503,6.8503,0.3061,1
mx_s6_dcqcn,S6,dcqcn,22,incast,20,64,0,262144,1899999999,2000000000,2000000000,2000000000,2006850470,6850.5,6.8505,6.8505,0.3061,1
mx_s6_dcqcn,S6,dcqcn,3,incast,1,64,0,262144,1899999999,2000000000,2000000000,2000000000,2006850623,6850.6,6.8506,6.8506,0.3061,1
mx_s6_dcqcn,S6,dcqcn,23,incast,21,64,0,262144,1899999999,2000000000,2000000000,2000000000,2006851614,6851.6,6.8516,6.8516,0.3061,1
mx_s6_dcqcn,S6,dcqcn,4,incast,2,64,0,262144,1899999999,2000000000,2000000000,2000000000,2006851767,6851.8,6.8518,6.8518,0.3061,1
mx_s6_dcqcn,S6,dcqcn,25,incast,23,64,0,262144,1899999999,2000000000,2000000000,2000000000,2006852758,6852.8,6.8528,6.8528,0.306,1
mx_s6_dcqcn,S6,dcqcn,11,incast,9,64,0,262144,1899999999,2000000000,2000000000,2000000000,2006852911,6852.9,6.8529,6.8529,0.306,1
mx_s6_dcqcn,S6,dcqcn,0,background,65,64,0,4000000000,NA,NA,NA,NA,NA,NA,NA,NA,7.6063,0
mx_s6_dcqcn,S6,dcqcn,1,background,61,60,1,4000000000,NA,NA,NA,NA,NA,NA,NA,NA,7.5657,0
mx_s6_dctcp,S6,dctcp,5,incast,3,64,0,262144,1899999999,2000000000,2000000000,2000000000,2006549308,6549.3,6.5493,6.5493,0.3202,1
mx_s6_dctcp,S6,dctcp,11,incast,9,64,0,262144,1899999999,2000000000,2000000000,2000000000,2006554489,6554.5,6.5545,6.5545,0.32,1
mx_s6_dctcp,S6,dctcp,24,incast,22,64,0,262144,1899999999,2000000000,2000000000,2000000000,2006559670,6559.7,6.5597,6.5597,0.3197,1
mx_s6_dctcp,S6,dctcp,14,incast,12,64,0,262144,1899999999,2000000000,2000000000,2000000000,2006639433,6639.4,6.6394,6.6394,0.3159,1
mx_s6_dctcp,S6,dctcp,39,incast,37,60,1,262144,1899999999,2000000000,2000000000,2000000000,2006661600,6661.6,6.6616,6.6616,0.3148,1
mx_s6_dctcp,S6,dctcp,43,incast,41,60,1,262144,1899999999,2000000000,2000000000,2000000000,2006664267,6664.3,6.6643,6.6643,0.3147,1
mx_s6_dctcp,S6,dctcp,55,incast,53,60,1,262144,1899999999,2000000000,2000000000,2000000000,2006671124,6671.1,6.6711,6.6711,0.3144,1
mx_s6_dctcp,S6,dctcp,10,incast,8,64,0,262144,1899999999,2000000000,2000000000,2000000000,2006686514,6686.5,6.6865,6.6865,0.3136,1
mx_s6_dctcp,S6,dctcp,16,incast,14,64,0,262144,1899999999,2000000000,2000000000,2000000000,2006688343,6688.3,6.6883,6.6883,0.3136,1
mx_s6_dctcp,S6,dctcp,30,incast,28,64,0,262144,1899999999,2000000000,2000000000,2000000000,2006696038,6696.0,6.696,6.696,0.3132,1
mx_s6_dctcp,S6,dctcp,33,incast,31,60,1,262144,1899999999,2000000000,2000000000,2000000000,2006703959,6704.0,6.704,6.704,0.3128,1
mx_s6_dctcp,S6,dctcp,36,incast,34,60,1,262144,1899999999,2000000000,2000000000,2000000000,2006705788,6705.8,6.7058,6.7058,0.3127,1
mx_s6_dctcp,S6,dctcp,49,incast,47,60,1,262144,1899999999,2000000000,2000000000,2000000000,2006707617,6707.6,6.7076,6.7076,0.3127,1
mx_s6_dctcp,S6,dctcp,61,incast,59,60,1,262144,1899999999,2000000000,2000000000,2000000000,2006713636,6713.6,6.7136,6.7136,0.3124,1
mx_s6_dctcp,S6,dctcp,40,incast,38,60,1,262144,1899999999,2000000000,2000000000,2000000000,2006728873,6728.9,6.7289,6.7289,0.3117,1
mx_s6_dctcp,S6,dctcp,42,incast,40,60,1,262144,1899999999,2000000000,2000000000,2000000000,2006729864,6729.9,6.7299,6.7299,0.3116,1
mx_s6_dctcp,S6,dctcp,35,incast,33,60,1,262144,1899999999,2000000000,2000000000,2000000000,2006742587,6742.6,6.7426,6.7426,0.311,1
mx_s6_dctcp,S6,dctcp,48,incast,46,60,1,262144,1899999999,2000000000,2000000000,2000000000,2006749444,6749.4,6.7494,6.7494,0.3107,1
mx_s6_dctcp,S6,dctcp,57,incast,55,60,1,262144,1899999999,2000000000,2000000000,2000000000,2006752111,6752.1,6.7521,6.7521,0.3106,1
mx_s6_dctcp,S6,dctcp,59,incast,57,60,1,262144,1899999999,2000000000,2000000000,2000000000,2006753940,6753.9,6.7539,6.7539,0.3105,1
mx_s6_dctcp,S6,dctcp,7,incast,5,64,0,262144,1899999999,2000000000,2000000000,2000000000,2006765745,6765.7,6.7657,6.7657,0.31,1
mx_s6_dctcp,S6,dctcp,20,incast,18,64,0,262144,1899999999,2000000000,2000000000,2000000000,2006766736,6766.7,6.7667,6.7667,0.3099,1
mx_s6_dctcp,S6,dctcp,27,incast,25,64,0,262144,1899999999,2000000000,2000000000,2000000000,2006769403,6769.4,6.7694,6.7694,0.3098,1
mx_s6_dctcp,S6,dctcp,8,incast,6,64,0,262144,1899999999,2000000000,2000000000,2000000000,2006770394,6770.4,6.7704,6.7704,0.3098,1
mx_s6_dctcp,S6,dctcp,21,incast,19,64,0,262144,1899999999,2000000000,2000000000,2000000000,2006772223,6772.2,6.7722,6.7722,0.3097,1
mx_s6_dctcp,S6,dctcp,29,incast,27,64,0,262144,1899999999,2000000000,2000000000,2000000000,2006773214,6773.2,6.7732,6.7732,0.3096,1
mx_s6_dctcp,S6,dctcp,18,incast,16,64,0,262144,1899999999,2000000000,2000000000,2000000000,2006780071,6780.1,6.7801,6.7801,0.3093,1
mx_s6_dctcp,S6,dctcp,26,incast,24,64,0,262144,1899999999,2000000000,2000000000,2000000000,2006781062,6781.1,6.7811,6.7811,0.3093,1
mx_s6_dctcp,S6,dctcp,19,incast,17,64,0,262144,1899999999,2000000000,2000000000,2000000000,2006782053,6782.1,6.7821,6.7821,0.3092,1
mx_s6_dctcp,S6,dctcp,54,incast,52,60,1,262144,1899999999,2000000000,2000000000,2000000000,2006785937,6785.9,6.7859,6.7859,0.309,1
mx_s6_dctcp,S6,dctcp,56,incast,54,60,1,262144,1899999999,2000000000,2000000000,2000000000,2006791118,6791.1,6.7911,6.7911,0.3088,1
mx_s6_dctcp,S6,dctcp,28,incast,26,64,0,262144,1899999999,2000000000,2000000000,2000000000,2006812374,6812.4,6.8124,6.8124,0.3078,1
mx_s6_dctcp,S6,dctcp,50,incast,48,60,1,262144,1899999999,2000000000,2000000000,2000000000,2006818087,6818.1,6.8181,6.8181,0.3076,1
mx_s6_dctcp,S6,dctcp,51,incast,49,60,1,262144,1899999999,2000000000,2000000000,2000000000,2006821592,6821.6,6.8216,6.8216,0.3074,1
mx_s6_dctcp,S6,dctcp,52,incast,50,60,1,262144,1899999999,2000000000,2000000000,2000000000,2006823421,6823.4,6.8234,6.8234,0.3073,1
mx_s6_dctcp,S6,dctcp,6,incast,4,64,0,262144,1899999999,2000000000,2000000000,2000000000,2006824259,6824.3,6.8243,6.8243,0.3073,1
mx_s6_dctcp,S6,dctcp,53,incast,51,60,1,262144,1899999999,2000000000,2000000000,2000000000,2006825250,6825.2,6.8252,6.8252,0.3073,1
mx_s6_dctcp,S6,dctcp,12,incast,10,64,0,262144,1899999999,2000000000,2000000000,2000000000,2006825250,6825.2,6.8252,6.8252,0.3073,1
mx_s6_dctcp,S6,dctcp,15,incast,13,64,0,262144,1899999999,2000000000,2000000000,2000000000,2006825403,6825.4,6.8254,6.8254,0.3073,1
mx_s6_dctcp,S6,dctcp,31,incast,29,64,0,262144,1899999999,2000000000,2000000000,2000000000,2006826394,6826.4,6.8264,6.8264,0.3072,1
mx_s6_dctcp,S6,dctcp,9,incast,7,64,0,262144,1899999999,2000000000,2000000000,2000000000,2006828223,6828.2,6.8282,6.8282,0.3071,1
mx_s6_dctcp,S6,dctcp,13,incast,11,64,0,262144,1899999999,2000000000,2000000000,2000000000,2006828376,6828.4,6.8284,6.8284,0.3071,1
mx_s6_dctcp,S6,dctcp,17,incast,15,64,0,262144,1899999999,2000000000,2000000000,2000000000,2006828529,6828.5,6.8285,6.8285,0.3071,1
mx_s6_dctcp,S6,dctcp,38,incast,36,60,1,262144,1899999999,2000000000,2000000000,2000000000,2006842163,6842.2,6.8422,6.8422,0.3065,1
mx_s6_dctcp,S6,dctcp,44,incast,42,60,1,262144,1899999999,2000000000,2000000000,2000000000,2006843154,6843.2,6.8432,6.8432,0.3065,1
mx_s6_dctcp,S6,dctcp,41,incast,39,60,1,262144,1899999999,2000000000,2000000000,2000000000,2006844145,6844.1,6.8441,6.8441,0.3064,1
mx_s6_dctcp,S6,dctcp,45,incast,43,60,1,262144,1899999999,2000000000,2000000000,2000000000,2006845136,6845.1,6.8451,6.8451,0.3064,1
mx_s6_dctcp,S6,dctcp,34,incast,32,60,1,262144,1899999999,2000000000,2000000000,2000000000,2006848641,6848.6,6.8486,6.8486,0.3062,1
mx_s6_dctcp,S6,dctcp,46,incast,44,60,1,262144,1899999999,2000000000,2000000000,2000000000,2006848794,6848.8,6.8488,6.8488,0.3062,1
mx_s6_dctcp,S6,dctcp,58,incast,56,60,1,262144,1899999999,2000000000,2000000000,2000000000,2006848947,6848.9,6.8489,6.8489,0.3062,1
mx_s6_dctcp,S6,dctcp,32,incast,30,60,1,262144,1899999999,2000000000,2000000000,2000000000,2006849100,6849.1,6.8491,6.8491,0.3062,1
mx_s6_dctcp,S6,dctcp,37,incast,35,60,1,262144,1899999999,2000000000,2000000000,2000000000,2006849253,6849.3,6.8493,6.8493,0.3062,1
mx_s6_dctcp,S6,dctcp,47,incast,45,60,1,262144,1899999999,2000000000,2000000000,2000000000,2006849406,6849.4,6.8494,6.8494,0.3062,1
mx_s6_dctcp,S6,dctcp,60,incast,58,60,1,262144,1899999999,2000000000,2000000000,2000000000,2006849559,6849.6,6.8496,6.8496,0.3062,1
mx_s6_dctcp,S6,dctcp,2,incast,0,64,0,262144,1899999999,2000000000,2000000000,2000000000,2006852146,6852.1,6.8521,6.8521,0.3061,1
mx_s6_dctcp,S6,dctcp,22,incast,20,64,0,262144,1899999999,2000000000,2000000000,2000000000,2006853137,6853.1,6.8531,6.8531,0.306,1
mx_s6_dctcp,S6,dctcp,3,incast,1,64,0,262144,1899999999,2000000000,2000000000,2000000000,2006853290,6853.3,6.8533,6.8533,0.306,1
mx_s6_dctcp,S6,dctcp,23,incast,21,64,0,262144,1899999999,2000000000,2000000000,2000000000,2006853443,6853.4,6.8534,6.8534,0.306,1
mx_s6_dctcp,S6,dctcp,4,incast,2,64,0,262144,1899999999,2000000000,2000000000,2000000000,2006853596,6853.6,6.8536,6.8536,0.306,1
mx_s6_dctcp,S6,dctcp,25,incast,23,64,0,262144,1899999999,2000000000,2000000000,2000000000,2006853749,6853.7,6.8537,6.8537,0.306,1
mx_s6_dctcp,S6,dctcp,0,background,65,64,0,4000000000,NA,NA,NA,NA,NA,NA,NA,NA,7.6077,0
mx_s6_dctcp,S6,dctcp,1,background,61,60,1,4000000000,NA,NA,NA,NA,NA,NA,NA,NA,7.6077,0
mx_s6_timely,S6,timely,57,incast,55,60,1,262144,1899999999,2000000000,2000000000,2000000000,2004748692,4748.7,4.7487,4.7487,0.4416,1
mx_s6_timely,S6,timely,32,incast,30,60,1,262144,1899999999,2000000000,2000000000,2000000000,2004789363,4789.4,4.7894,4.7894,0.4379,1
mx_s6_timely,S6,timely,60,incast,58,60,1,262144,1899999999,2000000000,2000000000,2000000000,2004819062,4819.1,4.8191,4.8191,0.4352,1
mx_s6_timely,S6,timely,34,incast,32,60,1,262144,1899999999,2000000000,2000000000,2000000000,2004954261,4954.3,4.9543,4.9543,0.4233,1
mx_s6_timely,S6,timely,37,incast,35,60,1,262144,1899999999,2000000000,2000000000,2000000000,2004999152,4999.2,4.9992,4.9992,0.4195,1
mx_s6_timely,S6,timely,44,incast,42,60,1,262144,1899999999,2000000000,2000000000,2000000000,2005221923,5221.9,5.2219,5.2219,0.4016,1
mx_s6_timely,S6,timely,47,incast,45,60,1,262144,1899999999,2000000000,2000000000,2000000000,2005242684,5242.7,5.2427,5.2427,0.4,1
mx_s6_timely,S6,timely,58,incast,56,60,1,262144,1899999999,2000000000,2000000000,2000000000,2005268852,5268.9,5.2689,5.2689,0.398,1
mx_s6_timely,S6,timely,38,incast,36,60,1,262144,1899999999,2000000000,2000000000,2000000000,2005369447,5369.4,5.3694,5.3694,0.3906,1
mx_s6_timely,S6,timely,45,incast,43,60,1,262144,1899999999,2000000000,2000000000,2000000000,2005379734,5379.7,5.3797,5.3797,0.3898,1
mx_s6_timely,S6,timely,59,incast,57,60,1,262144,1899999999,2000000000,2000000000,2000000000,2005400993,5401.0,5.401,5.401,0.3883,1
mx_s6_timely,S6,timely,46,incast,44,60,1,262144,1899999999,2000000000,2000000000,2000000000,2005404528,5404.5,5.4045,5.4045,0.388,1
mx_s6_timely,S6,timely,41,incast,39,60,1,262144,1899999999,2000000000,2000000000,2000000000,2005408907,5408.9,5.4089,5.4089,0.3877,1
mx_s6_timely,S6,timely,15,incast,13,64,0,262144,1899999999,2000000000,2000000000,2000000000,2006299582,6299.6,6.2996,6.2996,0.3329,1
mx_s6_timely,S6,timely,17,incast,15,64,0,262144,1899999999,2000000000,2000000000,2000000000,2006329905,6329.9,6.3299,6.3299,0.3313,1
mx_s6_timely,S6,timely,31,incast,29,64,0,262144,1899999999,2000000000,2000000000,2000000000,2006355384,6355.4,6.3554,6.3554,0.33,1
mx_s6_timely,S6,timely,48,incast,46,60,1,262144,1899999999,2000000000,2000000000,2000000000,2006393057,6393.1,6.3931,6.3931,0.328,1
mx_s6_timely,S6,timely,23,incast,21,64,0,262144,1899999999,2000000000,2000000000,2000000000,2006460199,6460.2,6.4602,6.4602,0.3246,1
mx_s6_timely,S6,timely,6,incast,4,64,0,262144,1899999999,2000000000,2000000000,2000000000,2006461202,6461.2,6.4612,6.4612,0.3246,1
mx_s6_timely,S6,timely,4,incast,2,64,0,262144,1899999999,2000000000,2000000000,2000000000,2006465581,6465.6,6.4656,6.4656,0.3244,1
mx_s6_timely,S6,timely,25,incast,23,64,0,262144,1899999999,2000000000,2000000000,2000000000,2006469960,6470.0,6.47,6.47,0.3241,1
mx_s6_timely,S6,timely,12,incast,10,64,0,262144,1899999999,2000000000,2000000000,2000000000,2006474339,6474.3,6.4743,6.4743,0.3239,1
mx_s6_timely,S6,timely,3,incast,1,64,0,262144,1899999999,2000000000,2000000000,2000000000,2006490534,6490.5,6.4905,6.4905,0.3231,1
mx_s6_timely,S6,timely,13,incast,11,64,0,262144,1899999999,2000000000,2000000000,2000000000,2006498289,6498.3,6.4983,6.4983,0.3227,1
mx_s6_timely,S6,timely,2,incast,0,64,0,262144,1899999999,2000000000,2000000000,2000000000,2006529676,6529.7,6.5297,6.5297,0.3212,1
mx_s6_timely,S6,timely,22,incast,20,64,0,262144,1899999999,2000000000,2000000000,2000000000,2006548403,6548.4,6.5484,6.5484,0.3203,1
mx_s6_timely,S6,timely,9,incast,7,64,0,262144,1899999999,2000000000,2000000000,2000000000,2006565442,6565.4,6.5654,6.5654,0.3194,1
mx_s6_timely,S6,timely,14,incast,12,64,0,262144,1899999999,2000000000,2000000000,2000000000,2007625198,7625.2,7.6252,7.6252,0.275,1
mx_s6_timely,S6,timely,42,incast,40,60,1,262144,1899999999,2000000000,2000000000,2000000000,2007718525,7718.5,7.7185,7.7185,0.2717,1
mx_s6_timely,S6,timely,54,incast,52,60,1,262144,1899999999,2000000000,2000000000,2000000000,2007773357,7773.4,7.7734,7.7734,0.2698,1
mx_s6_timely,S6,timely,7,incast,5,64,0,262144,1899999999,2000000000,2000000000,2000000000,2007776433,7776.4,7.7764,7.7764,0.2697,1
mx_s6_timely,S6,timely,18,incast,16,64,0,262144,1899999999,2000000000,2000000000,2000000000,2007776592,7776.6,7.7766,7.7766,0.2697,1
mx_s6_timely,S6,timely,16,incast,14,64,0,262144,1899999999,2000000000,2000000000,2000000000,2007777595,7777.6,7.7776,7.7776,0.2696,1
mx_s6_timely,S6,timely,49,incast,47,60,1,262144,1899999999,2000000000,2000000000,2000000000,2007811793,7811.8,7.8118,7.8118,0.2685,1
mx_s6_timely,S6,timely,33,incast,31,60,1,262144,1899999999,2000000000,2000000000,2000000000,2007817016,7817.0,7.817,7.817,0.2683,1
mx_s6_timely,S6,timely,26,incast,24,64,0,262144,1899999999,2000000000,2000000000,2000000000,2007834838,7834.8,7.8348,7.8348,0.2677,1
mx_s6_timely,S6,timely,8,incast,6,64,0,262144,1899999999,2000000000,2000000000,2000000000,2007856718,7856.7,7.8567,7.8567,0.2669,1
mx_s6_timely,S6,timely,35,incast,33,60,1,262144,1899999999,2000000000,2000000000,2000000000,2007861063,7861.1,7.8611,7.8611,0.2668,1
mx_s6_timely,S6,timely,50,incast,48,60,1,262144,1899999999,2000000000,2000000000,2000000000,2007862910,7862.9,7.8629,7.8629,0.2667,1
mx_s6_timely,S6,timely,43,incast,41,60,1,262144,1899999999,2000000000,2000000000,2000000000,2007881637,7881.6,7.8816,7.8816,0.2661,1
mx_s6_timely,S6,timely,36,incast,34,60,1,262144,1899999999,2000000000,2000000000,2000000000,2007882640,7882.6,7.8826,7.8826,0.266,1
mx_s6_timely,S6,timely,61,incast,59,60,1,262144,1899999999,2000000000,2000000000,2000000000,2007897147,7897.1,7.8971,7.8971,0.2656,1
mx_s6_timely,S6,timely,56,incast,54,60,1,262144,1899999999,2000000000,2000000000,2000000000,2007907434,7907.4,7.9074,7.9074,0.2652,1
mx_s6_timely,S6,timely,21,incast,19,64,0,262144,1899999999,2000000000,2000000000,2000000000,2007910378,7910.4,7.9104,7.9104,0.2651,1
mx_s6_timely,S6,timely,51,incast,49,60,1,262144,1899999999,2000000000,2000000000,2000000000,2007916033,7916.0,7.916,7.916,0.2649,1
mx_s6_timely,S6,timely,55,incast,53,60,1,262144,1899999999,2000000000,2000000000,2000000000,2007921256,7921.3,7.9213,7.9213,0.2647,1
mx_s6_timely,S6,timely,40,incast,38,60,1,262144,1899999999,2000000000,2000000000,2000000000,2007947223,7947.2,7.9472,7.9472,0.2639,1
mx_s6_timely,S6,timely,52,incast,50,60,1,262144,1899999999,2000000000,2000000000,2000000000,2007952283,7952.3,7.9523,7.9523,0.2637,1
mx_s6_timely,S6,timely,39,incast,37,60,1,262144,1899999999,2000000000,2000000000,2000000000,2007965889,7965.9,7.9659,7.9659,0.2633,1
mx_s6_timely,S6,timely,10,incast,8,64,0,262144,1899999999,2000000000,2000000000,2000000000,2007976261,7976.3,7.9763,7.9763,0.2629,1
mx_s6_timely,S6,timely,53,incast,51,60,1,262144,1899999999,2000000000,2000000000,2000000000,2007988430,7988.4,7.9884,7.9884,0.2625,1
mx_s6_timely,S6,timely,20,incast,18,64,0,262144,1899999999,2000000000,2000000000,2000000000,2008061032,8061.0,8.061,8.061,0.2602,1
mx_s6_timely,S6,timely,19,incast,17,64,0,262144,1899999999,2000000000,2000000000,2000000000,2008108522,8108.5,8.1085,8.1085,0.2586,1
mx_s6_timely,S6,timely,11,incast,9,64,0,262144,1899999999,2000000000,2000000000,2000000000,2008114676,8114.7,8.1147,8.1147,0.2584,1
mx_s6_timely,S6,timely,24,incast,22,64,0,262144,1899999999,2000000000,2000000000,2000000000,2008121960,8122.0,8.122,8.122,0.2582,1
mx_s6_timely,S6,timely,5,incast,3,64,0,262144,1899999999,2000000000,2000000000,2000000000,2008144045,8144.0,8.144,8.144,0.2575,1
mx_s6_timely,S6,timely,29,incast,27,64,0,262144,1899999999,2000000000,2000000000,2000000000,2008198691,8198.7,8.1987,8.1987,0.2558,1
mx_s6_timely,S6,timely,30,incast,28,64,0,262144,1899999999,2000000000,2000000000,2000000000,2008205490,8205.5,8.2055,8.2055,0.2556,1
mx_s6_timely,S6,timely,28,incast,26,64,0,262144,1899999999,2000000000,2000000000,2000000000,2008217508,8217.5,8.2175,8.2175,0.2552,1
mx_s6_timely,S6,timely,27,incast,25,64,0,262144,1899999999,2000000000,2000000000,2000000000,2008239557,8239.6,8.2396,8.2396,0.2545,1
mx_s6_timely,S6,timely,0,background,65,64,0,4000000000,NA,NA,NA,NA,NA,NA,NA,NA,7.5425,0
mx_s6_timely,S6,timely,1,background,61,60,1,4000000000,NA,NA,NA,NA,NA,NA,NA,NA,7.544,0
mx_s6_hpcc,S6,hpcc,55,incast,53,60,1,262144,1899999999,2000000000,2000000000,2000000000,2006688790,6688.8,6.6888,6.6888,0.3135,1
mx_s6_hpcc,S6,hpcc,28,incast,26,64,0,262144,1899999999,2000000000,2000000000,2000000000,2006741335,6741.3,6.7413,6.7413,0.3111,1
mx_s6_hpcc,S6,hpcc,43,incast,41,60,1,262144,1899999999,2000000000,2000000000,2000000000,2006796640,6796.6,6.7966,6.7966,0.3086,1
mx_s6_hpcc,S6,hpcc,15,incast,13,64,0,262144,1899999999,2000000000,2000000000,2000000000,2006838203,6838.2,6.8382,6.8382,0.3067,1
mx_s6_hpcc,S6,hpcc,23,incast,21,64,0,262144,1899999999,2000000000,2000000000,2000000000,2006853197,6853.2,6.8532,6.8532,0.306,1
mx_s6_hpcc,S6,hpcc,52,incast,50,60,1,262144,1899999999,2000000000,2000000000,2000000000,2006872297,6872.3,6.8723,6.8723,0.3052,1
mx_s6_hpcc,S6,hpcc,7,incast,5,64,0,262144,1899999999,2000000000,2000000000,2000000000,2006924050,6924.1,6.9241,6.9241,0.3029,1
mx_s6_hpcc,S6,hpcc,3,incast,1,64,0,262144,1899999999,2000000000,2000000000,2000000000,2006981723,6981.7,6.9817,6.9817,0.3004,1
mx_s6_hpcc,S6,hpcc,40,incast,38,60,1,262144,1899999999,2000000000,2000000000,2000000000,2006990493,6990.5,6.9905,6.9905,0.3,1
mx_s6_hpcc,S6,hpcc,61,incast,59,60,1,262144,1899999999,2000000000,2000000000,2000000000,2006992422,6992.4,6.9924,6.9924,0.2999,1
mx_s6_hpcc,S6,hpcc,45,incast,43,60,1,262144,1899999999,2000000000,2000000000,2000000000,2006994351,6994.4,6.9944,6.9944,0.2998,1
mx_s6_hpcc,S6,hpcc,6,incast,4,64,0,262144,1899999999,2000000000,2000000000,2000000000,2007005427,7005.4,7.0054,7.0054,0.2994,1
mx_s6_hpcc,S6,hpcc,30,incast,28,64,0,262144,1899999999,2000000000,2000000000,2000000000,2007010840,7010.8,7.0108,7.0108,0.2991,1
mx_s6_hpcc,S6,hpcc,50,incast,48,60,1,262144,1899999999,2000000000,2000000000,2000000000,2007018940,7018.9,7.0189,7.0189,0.2988,1
mx_s6_hpcc,S6,hpcc,9,incast,7,64,0,262144,1899999999,2000000000,2000000000,2000000000,2007030145,7030.1,7.0301,7.0301,0.2983,1
mx_s6_hpcc,S6,hpcc,35,incast,33,60,1,262144,1899999999,2000000000,2000000000,2000000000,2007032379,7032.4,7.0324,7.0324,0.2982,1
mx_s6_hpcc,S6,hpcc,5,incast,3,64,0,262144,1899999999,2000000000,2000000000,2000000000,2007050373,7050.4,7.0504,7.0504,0.2975,1
mx_s6_hpcc,S6,hpcc,59,incast,57,60,1,262144,1899999999,2000000000,2000000000,2000000000,2007075984,7076.0,7.076,7.076,0.2964,1
mx_s6_hpcc,S6,hpcc,8,incast,6,64,0,262144,1899999999,2000000000,2000000000,2000000000,2007075987,7076.0,7.076,7.076,0.2964,1
mx_s6_hpcc,S6,hpcc,47,incast,45,60,1,262144,1899999999,2000000000,2000000000,2000000000,2007077913,7077.9,7.0779,7.0779,0.2963,1
mx_s6_hpcc,S6,hpcc,12,incast,10,64,0,262144,1899999999,2000000000,2000000000,2000000000,2007092723,7092.7,7.0927,7.0927,0.2957,1
mx_s6_hpcc,S6,hpcc,11,incast,9,64,0,262144,1899999999,2000000000,2000000000,2000000000,2007101181,7101.2,7.1012,7.1012,0.2953,1
mx_s6_hpcc,S6,hpcc,16,incast,14,64,0,262144,1899999999,2000000000,2000000000,2000000000,2007111602,7111.6,7.1116,7.1116,0.2949,1
mx_s6_hpcc,S6,hpcc,4,incast,2,64,0,262144,1899999999,2000000000,2000000000,2000000000,2007112660,7112.7,7.1127,7.1127,0.2948,1
mx_s6_hpcc,S6,hpcc,33,incast,31,60,1,262144,1899999999,2000000000,2000000000,2000000000,2007119632,7119.6,7.1196,7.1196,0.2946,1
mx_s6_hpcc,S6,hpcc,2,incast,0,64,0,262144,1899999999,2000000000,2000000000,2000000000,2007123787,7123.8,7.1238,7.1238,0.2944,1
mx_s6_hpcc,S6,hpcc,10,incast,8,64,0,262144,1899999999,2000000000,2000000000,2000000000,2007135155,7135.2,7.1352,7.1352,0.2939,1
mx_s6_hpcc,S6,hpcc,32,incast,30,60,1,262144,1899999999,2000000000,2000000000,2000000000,2007136368,7136.4,7.1364,7.1364,0.2939,1
mx_s6_hpcc,S6,hpcc,22,incast,20,64,0,262144,1899999999,2000000000,2000000000,2000000000,2007153425,7153.4,7.1534,7.1534,0.2932,1
mx_s6_hpcc,S6,hpcc,42,incast,40,60,1,262144,1899999999,2000000000,2000000000,2000000000,2007166343,7166.3,7.1663,7.1663,0.2926,1
mx_s6_hpcc,S6,hpcc,44,incast,42,60,1,262144,1899999999,2000000000,2000000000,2000000000,2007166530,7166.5,7.1665,7.1665,0.2926,1
mx_s6_hpcc,S6,hpcc,41,incast,39,60,1,262144,1899999999,2000000000,2000000000,2000000000,2007166717,7166.7,7.1667,7.1667,0.2926,1
mx_s6_hpcc,S6,hpcc,57,incast,55,60,1,262144,1899999999,2000000000,2000000000,2000000000,2007167290,7167.3,7.1673,7.1673,0.2926,1
mx_s6_hpcc,S6,hpcc,36,incast,34,60,1,262144,1899999999,2000000000,2000000000,2000000000,2007171944,7171.9,7.1719,7.1719,0.2924,1
mx_s6_hpcc,S6,hpcc,46,incast,44,60,1,262144,1899999999,2000000000,2000000000,2000000000,2007193240,7193.2,7.1932,7.1932,0.2915,1
mx_s6_hpcc,S6,hpcc,54,incast,52,60,1,262144,1899999999,2000000000,2000000000,2000000000,2007199805,7199.8,7.1998,7.1998,0.2913,1
mx_s6_hpcc,S6,hpcc,17,incast,15,64,0,262144,1899999999,2000000000,2000000000,2000000000,2007200725,7200.7,7.2007,7.2007,0.2912,1
mx_s6_hpcc,S6,hpcc,29,incast,27,64,0,262144,1899999999,2000000000,2000000000,2000000000,2007209126,7209.1,7.2091,7.2091,0.2909,1
mx_s6_hpcc,S6,hpcc,56,incast,54,60,1,262144,1899999999,2000000000,2000000000,2000000000,2007209910,7209.9,7.2099,7.2099,0.2909,1
mx_s6_hpcc,S6,hpcc,31,incast,29,64,0,262144,1899999999,2000000000,2000000000,2000000000,2007225075,7225.1,7.2251,7.2251,0.2903,1
mx_s6_hpcc,S6,hpcc,14,incast,12,64,0,262144,1899999999,2000000000,2000000000,2000000000,2007230073,7230.1,7.2301,7.2301,0.2901,1
mx_s6_hpcc,S6,hpcc,25,incast,23,64,0,262144,1899999999,2000000000,2000000000,2000000000,2007232459,7232.5,7.2325,7.2325,0.29,1
mx_s6_hpcc,S6,hpcc,39,incast,37,60,1,262144,1899999999,2000000000,2000000000,2000000000,2007238998,7239.0,7.239,7.239,0.2897,1
mx_s6_hpcc,S6,hpcc,49,incast,47,60,1,262144,1899999999,2000000000,2000000000,2000000000,2007245627,7245.6,7.2456,7.2456,0.2894,1
mx_s6_hpcc,S6,hpcc,26,incast,24,64,0,262144,1899999999,2000000000,2000000000,2000000000,2007251314,7251.3,7.2513,7.2513,0.2892,1
mx_s6_hpcc,S6,hpcc,38,incast,36,60,1,262144,1899999999,2000000000,2000000000,2000000000,2007261122,7261.1,7.2611,7.2611,0.2888,1
mx_s6_hpcc,S6,hpcc,60,incast,58,60,1,262144,1899999999,2000000000,2000000000,2000000000,2007266448,7266.4,7.2664,7.2664,0.2886,1
mx_s6_hpcc,S6,hpcc,53,incast,51,60,1,262144,1899999999,2000000000,2000000000,2000000000,2007271904,7271.9,7.2719,7.2719,0.2884,1
mx_s6_hpcc,S6,hpcc,13,incast,11,64,0,262144,1899999999,2000000000,2000000000,2000000000,2007276150,7276.1,7.2762,7.2762,0.2882,1
mx_s6_hpcc,S6,hpcc,19,incast,17,64,0,262144,1899999999,2000000000,2000000000,2000000000,2007278918,7278.9,7.2789,7.2789,0.2881,1
mx_s6_hpcc,S6,hpcc,27,incast,25,64,0,262144,1899999999,2000000000,2000000000,2000000000,2007280847,7280.8,7.2808,7.2808,0.288,1
mx_s6_hpcc,S6,hpcc,34,incast,32,60,1,262144,1899999999,2000000000,2000000000,2000000000,2007282213,7282.2,7.2822,7.2822,0.288,1
mx_s6_hpcc,S6,hpcc,24,incast,22,64,0,262144,1899999999,2000000000,2000000000,2000000000,2007284933,7284.9,7.2849,7.2849,0.2879,1
mx_s6_hpcc,S6,hpcc,21,incast,19,64,0,262144,1899999999,2000000000,2000000000,2000000000,2007286086,7286.1,7.2861,7.2861,0.2878,1
mx_s6_hpcc,S6,hpcc,48,incast,46,60,1,262144,1899999999,2000000000,2000000000,2000000000,2007289773,7289.8,7.2898,7.2898,0.2877,1
mx_s6_hpcc,S6,hpcc,58,incast,56,60,1,262144,1899999999,2000000000,2000000000,2000000000,2007294498,7294.5,7.2945,7.2945,0.2875,1
mx_s6_hpcc,S6,hpcc,20,incast,18,64,0,262144,1899999999,2000000000,2000000000,2000000000,2007295584,7295.6,7.2956,7.2956,0.2875,1
mx_s6_hpcc,S6,hpcc,51,incast,49,60,1,262144,1899999999,2000000000,2000000000,2000000000,2007303361,7303.4,7.3034,7.3034,0.2871,1
mx_s6_hpcc,S6,hpcc,37,incast,35,60,1,262144,1899999999,2000000000,2000000000,2000000000,2007307100,7307.1,7.3071,7.3071,0.287,1
mx_s6_hpcc,S6,hpcc,18,incast,16,64,0,262144,1899999999,2000000000,2000000000,2000000000,2007325398,7325.4,7.3254,7.3254,0.2863,1
mx_s6_hpcc,S6,hpcc,0,background,65,64,0,4000000000,NA,NA,NA,NA,NA,NA,NA,NA,7.3118,0
mx_s6_hpcc,S6,hpcc,1,background,61,60,1,4000000000,NA,NA,NA,NA,NA,NA,NA,NA,7.3118,0
mx_s6_cbapsba,S6,cbapsba,2,incast,0,64,0,262144,1899999999,2000000000,2000005000,2000005000,2006845880,6840.9,6.8409,6.8459,0.3066,1
mx_s6_cbapsba,S6,cbapsba,3,incast,1,64,0,262144,1899999999,2000000000,2000005000,2000005479,2006846033,6840.6,6.841,6.846,0.3066,1
mx_s6_cbapsba,S6,cbapsba,4,incast,2,64,0,262144,1899999999,2000000000,2000005000,2000005959,2006846186,6840.2,6.8412,6.8462,0.3066,1
mx_s6_cbapsba,S6,cbapsba,5,incast,3,64,0,262144,1899999999,2000000000,2000005000,2000006438,2006846339,6839.9,6.8413,6.8463,0.3066,1
mx_s6_cbapsba,S6,cbapsba,6,incast,4,64,0,262144,1899999999,2000000000,2000005000,2000006918,2006846747,6839.8,6.8417,6.8467,0.3066,1
mx_s6_cbapsba,S6,cbapsba,7,incast,5,64,0,262144,1899999999,2000000000,2000005000,2000007397,2006847096,6839.7,6.8421,6.8471,0.3066,1
mx_s6_cbapsba,S6,cbapsba,8,incast,6,64,0,262144,1899999999,2000000000,2000005000,2000007877,2006847577,6839.7,6.8426,6.8476,0.3066,1
mx_s6_cbapsba,S6,cbapsba,9,incast,7,64,0,262144,1899999999,2000000000,2000005000,2000008356,2006848339,6840.0,6.8433,6.8483,0.3066,1
mx_s6_cbapsba,S6,cbapsba,10,incast,8,64,0,262144,1899999999,2000000000,2000005000,2000008836,2006848803,6840.0,6.8438,6.8488,0.3066,1
mx_s6_cbapsba,S6,cbapsba,11,incast,9,64,0,262144,1899999999,2000000000,2000005000,2000009315,2006849187,6839.9,6.8442,6.8492,0.3066,1
mx_s6_cbapsba,S6,cbapsba,12,incast,10,64,0,262144,1899999999,2000000000,2000005000,2000009795,2006849667,6839.9,6.8447,6.8497,0.3066,1
mx_s6_cbapsba,S6,cbapsba,14,incast,12,64,0,262144,1899999999,2000000000,2000005000,2000010754,2006849820,6839.1,6.8448,6.8498,0.3066,1
mx_s6_cbapsba,S6,cbapsba,15,incast,13,64,0,262144,1899999999,2000000000,2000005000,2000011233,2006849973,6838.7,6.845,6.85,0.3067,1
mx_s6_cbapsba,S6,cbapsba,13,incast,11,64,0,262144,1899999999,2000000000,2000005000,2000010274,2006850126,6839.9,6.8451,6.8501,0.3066,1
mx_s6_cbapsba,S6,cbapsba,16,incast,14,64,0,262144,1899999999,2000000000,2000005000,2000011713,2006850279,6838.6,6.8453,6.8503,0.3067,1
mx_s6_cbapsba,S6,cbapsba,17,incast,15,64,0,262144,1899999999,2000000000,2000005000,2000012192,2006850549,6838.4,6.8455,6.8505,0.3067,1
mx_s6_cbapsba,S6,cbapsba,18,incast,16,64,0,262144,1899999999,2000000000,2000005000,2000012672,2006851029,6838.4,6.846,6.851,0.3067,1
mx_s6_cbapsba,S6,cbapsba,19,incast,17,64,0,262144,1899999999,2000000000,2000005000,2000013151,2006851496,6838.3,6.8465,6.8515,0.3067,1
mx_s6_cbapsba,S6,cbapsba,20,incast,18,64,0,262144,1899999999,2000000000,2000005000,2000013631,2006851898,6838.3,6.8469,6.8519,0.3067,1
mx_s6_cbapsba,S6,cbapsba,21,incast,19,64,0,262144,1899999999,2000000000,2000005000,2000014110,2006852377,6838.3,6.8474,6.8524,0.3067,1
mx_s6_cbapsba,S6,cbapsba,22,incast,20,64,0,262144,1899999999,2000000000,2000005000,2000014590,2006852856,6838.3,6.8479,6.8529,0.3067,1
mx_s6_cbapsba,S6,cbapsba,23,incast,21,64,0,262144,1899999999,2000000000,2000005000,2000015069,2006853538,6838.5,6.8485,6.8535,0.3067,1
mx_s6_cbapsba,S6,cbapsba,32,incast,30,60,1,262144,1899999999,2000000000,2000005000,2000019385,2006853681,6834.3,6.8487,6.8537,0.3069,1
mx_s6_cbapsba,S6,cbapsba,33,incast,31,60,1,262144,1899999999,2000000000,2000005000,2000019865,2006853834,6834.0,6.8488,6.8538,0.3069,1
mx_s6_cbapsba,S6,cbapsba,34,incast,32,60,1,262144,1899999999,2000000000,2000005000,2000020344,2006853987,6833.6,6.849,6.854,0.3069,1
mx_s6_cbapsba,S6,cbapsba,24,incast,22,64,0,262144,1899999999,2000000000,2000005000,2000015549,2006854007,6838.5,6.849,6.854,0.3067,1
mx_s6_cbapsba,S6,cbapsba,35,incast,33,60,1,262144,1899999999,2000000000,2000005000,2000020824,2006854233,6833.4,6.8492,6.8542,0.3069,1
mx_s6_cbapsba,S6,cbapsba,25,incast,23,64,0,262144,1899999999,2000000000,2000005000,2000016028,2006854236,6838.2,6.8492,6.8542,0.3067,1
mx_s6_cbapsba,S6,cbapsba,26,incast,24,64,0,262144,1899999999,2000000000,2000005000,2000016508,2006854389,6837.9,6.8494,6.8544,0.3067,1
mx_s6_cbapsba,S6,cbapsba,36,incast,34,60,1,262144,1899999999,2000000000,2000005000,2000021303,2006854711,6833.4,6.8497,6.8547,0.3069,1
mx_s6_cbapsba,S6,cbapsba,27,incast,25,64,0,262144,1899999999,2000000000,2000005000,2000016987,2006854787,6837.8,6.8498,6.8548,0.3067,1
mx_s6_cbapsba,S6,cbapsba,37,incast,35,60,1,262144,1899999999,2000000000,2000005000,2000021783,2006854864,6833.1,6.8499,6.8549,0.3069,1
mx_s6_cbapsba,S6,cbapsba,28,incast,26,64,0,262144,1899999999,2000000000,2000005000,2000017467,2006854940,6837.5,6.8499,6.8549,0.3067,1
mx_s6_cbapsba,S6,cbapsba,38,incast,36,60,1,262144,1899999999,2000000000,2000005000,2000022262,2006855262,6833.0,6.8503,6.8553,0.3069,1
mx_s6_cbapsba,S6,cbapsba,29,incast,27,64,0,262144,1899999999,2000000000,2000005000,2000017946,2006855324,6837.4,6.8503,6.8553,0.3067,1
mx_s6_cbapsba,S6,cbapsba,39,incast,37,60,1,262144,1899999999,2000000000,2000005000,2000022742,2006855696,6833.0,6.8507,6.8557,0.3069,1
mx_s6_cbapsba,S6,cbapsba,30,incast,28,64,0,262144,1899999999,2000000000,2000005000,2000018426,2006855804,6837.4,6.8508,6.8558,0.3067,1
mx_s6_cbapsba,S6,cbapsba,40,incast,38,60,1,262144,1899999999,2000000000,2000005000,2000023221,2006855897,6832.7,6.8509,6.8559,0.3069,1
mx_s6_cbapsba,S6,cbapsba,31,incast,29,64,0,262144,1899999999,2000000000,2000005000,2000018905,2006856220,6837.3,6.8512,6.8562,0.3067,1
mx_s6_cbapsba,S6,cbapsba,41,incast,39,60,1,262144,1899999999,2000000000,2000005000,2000023701,2006856368,6832.7,6.8514,6.8564,0.3069,1
mx_s6_cbapsba,S6,cbapsba,42,incast,40,60,1,262144,1899999999,2000000000,2000005000,2000024180,2006856847,6832.7,6.8518,6.8568,0.3069,1
mx_s6_cbapsba,S6,cbapsba,43,incast,41,60,1,262144,1899999999,2000000000,2000005000,2000024660,2006857283,6832.6,6.8523,6.8573,0.3069,1
mx_s6_cbapsba,S6,cbapsba,44,incast,42,60,1,262144,1899999999,2000000000,2000005000,2000025139,2006857762,6832.6,6.8528,6.8578,0.3069,1
mx_s6_cbapsba,S6,cbapsba,45,incast,43,60,1,262144,1899999999,2000000000,2000005000,2000025619,2006858387,6832.8,6.8534,6.8584,0.3069,1
mx_s6_cbapsba,S6,cbapsba,46,incast,44,60,1,262144,1899999999,2000000000,2000005000,2000026098,2006858866,6832.8,6.8539,6.8589,0.3069,1
mx_s6_cbapsba,S6,cbapsba,47,incast,45,60,1,262144,1899999999,2000000000,2000005000,2000026578,2006859346,6832.8,6.8543,6.8593,0.3069,1
mx_s6_cbapsba,S6,cbapsba,48,incast,46,60,1,262144,1899999999,2000000000,2000005000,2000027057,2006859552,6832.5,6.8546,6.8596,0.3069,1
mx_s6_cbapsba,S6,cbapsba,49,incast,47,60,1,262144,1899999999,2000000000,2000005000,2000027537,2006859705,6832.2,6.8547,6.8597,0.307,1
mx_s6_cbapsba,S6,cbapsba,50,incast,48,60,1,262144,1899999999,2000000000,2000005000,2000028016,2006859858,6831.8,6.8549,6.8599,0.307,1
mx_s6_cbapsba,S6,cbapsba,51,incast,49,60,1,262144,1899999999,2000000000,2000005000,2000028496,2006860011,6831.5,6.855,6.86,0.307,1
mx_s6_cbapsba,S6,cbapsba,52,incast,50,60,1,262144,1899999999,2000000000,2000005000,2000028975,2006860247,6831.3,6.8552,6.8602,0.307,1
mx_s6_cbapsba,S6,cbapsba,53,incast,51,60,1,262144,1899999999,2000000000,2000005000,2000029455,2006860727,6831.3,6.8557,6.8607,0.307,1
mx_s6_cbapsba,S6,cbapsba,54,incast,52,60,1,262144,1899999999,2000000000,2000005000,2000029934,2006861175,6831.2,6.8562,6.8612,0.307,1
mx_s6_cbapsba,S6,cbapsba,55,incast,53,60,1,262144,1899999999,2000000000,2000005000,2000030414,2006861655,6831.2,6.8567,6.8617,0.307,1
mx_s6_cbapsba,S6,cbapsba,56,incast,54,60,1,262144,1899999999,2000000000,2000005000,2000030893,2006862134,6831.2,6.8571,6.8621,0.307,1
mx_s6_cbapsba,S6,cbapsba,57,incast,55,60,1,262144,1899999999,2000000000,2000005000,2000031373,2006862614,6831.2,6.8576,6.8626,0.307,1
mx_s6_cbapsba,S6,cbapsba,58,incast,56,60,1,262144,1899999999,2000000000,2000005000,2000031852,2006862952,6831.1,6.858,6.863,0.307,1
mx_s6_cbapsba,S6,cbapsba,59,incast,57,60,1,262144,1899999999,2000000000,2000005000,2000032332,2006863243,6830.9,6.8582,6.8632,0.307,1
mx_s6_cbapsba,S6,cbapsba,60,incast,58,60,1,262144,1899999999,2000000000,2000005000,2000032811,2006864709,6831.9,6.8597,6.8647,0.307,1
mx_s6_cbapsba,S6,cbapsba,61,incast,59,60,1,262144,1899999999,2000000000,2000005000,2000033291,2006865185,6831.9,6.8602,6.8652,0.307,1
mx_s6_cbapsba,S6,cbapsba,0,background,65,64,0,4000000000,NA,NA,NA,NA,NA,NA,NA,NA,7.5827,0
mx_s6_cbapsba,S6,cbapsba,1,background,61,60,1,4000000000,NA,NA,NA,NA,NA,NA,NA,NA,7.5826,0
