time_ns,total_queue_bytes,max_port_queue_bytes
0,0,0
2000,0,0
4000,0,0
6000,0,0
8000,0,0
10000,0,0
12000,0,0
14000,0,0
16000,0,0
18000,0,0
20000,0,0
22000,0,0
24000,0,0
26000,0,0
28000,0,0
30000,0,0
32000,0,0
34000,0,0
36000,0,0
38000,0,0
40000,0,0
42000,0,0
44000,0,0
46000,0,0
48000,0,0
50000,0,0
52000,0,0
54000,0,0
56000,0,0
58000,0,0
60000,0,0
62000,0,0
64000,0,0
66000,0,0
68000,0,0
70000,0,0
72000,0,0
74000,0,0
76000,0,0
78000,0,0
80000,0,0
82000,0,0
84000,0,0
86000,0,0
88000,0,0
90000,0,0
92000,0,0
94000,0,0
96000,0,0
98000,0,0
100000,0,0
102000,0,0
104000,0,0
106000,0,0
108000,0,0
110000,0,0
112000,0,0
114000,0,0
116000,0,0
118000,0,0
120000,0,0
122000,0,0
124000,0,0
126000,0,0
128000,0,0
130000,0,0
132000,0,0
134000,0,0
136000,0,0
138000,0,0
140000,0,0
142000,0,0
144000,0,0
146000,0,0
148000,0,0
150000,0,0
152000,0,0
154000,0,0
156000,0,0
158000,0,0
160000,0,0
162000,0,0
164000,0,0
166000,0,0
168000,0,0
170000,0,0
172000,0,0
174000,0,0
176000,0,0
178000,0,0
180000,0,0
182000,0,0
184000,0,0
186000,0,0
188000,0,0
190000,0,0
192000,0,0
194000,0,0
196000,0,0
198000,0,0
200000,0,0
202000,0,0
204000,0,0
206000,0,0
208000,0,0
210000,0,0
212000,0,0
214000,0,0
216000,0,0
218000,0,0
220000,0,0
222000,0,0
224000,0,0
226000,0,0
228000,0,0
230000,0,0
232000,0,0
234000,0,0
236000,0,0
238000,0,0
240000,0,0
242000,0,0
244000,0,0
246000,0,0
248000,0,0
250000,0,0
252000,0,0
254000,0,0
256000,0,0
258000,0,0
260000,0,0
262000,0,0
264000,0,0
266000,0,0
268000,0,0
270000,0,0
272000,0,0
274000,0,0
276000,0,0
278000,0,0
280000,0,0
282000,0,0
284000,0,0
286000,0,0
288000,0,0
290000,0,0
292000,0,0
294000,0,0
296000,0,0
298000,0,0
300000,0,0
302000,0,0
304000,0,0
306000,0,0
308000,0,0
310000,0,0
312000,0,0
314000,0,0
316000,0,0
318000,0,0
320000,0,0
322000,0,0
324000,0,0
326000,0,0
328000,0,0
330000,0,0
332000,0,0
334000,0,0
336000,0,0
338000,0,0
340000,0,0
342000,0,0
344000,0,0
346000,0,0
348000,0,0
350000,0,0
352000,0,0
354000,0,0
356000,0,0
358000,0,0
360000,0,0
362000,0,0
364000,0,0
366000,0,0
368000,0,0
370000,0,0
372000,0,0
374000,0,0
376000,0,0
378000,0,0
380000,0,0
382000,0,0
384000,0,0
386000,0,0
388000,0,0
390000,0,0
392000,0,0
394000,0,0
396000,0,0
398000,0,0
400000,0,0
402000,0,0
404000,0,0
406000,0,0
408000,0,0
410000,0,0
412000,0,0
414000,0,0
416000,0,0
418000,0,0
420000,0,0
422000,0,0
424000,0,0
426000,0,0
428000,0,0
430000,0,0
432000,0,0
434000,0,0
436000,0,0
438000,0,0
440000,0,0
442000,0,0
444000,0,0
446000,0,0
448000,0,0
450000,0,0
452000,0,0
454000,0,0
456000,0,0
458000,0,0
460000,0,0
462000,0,0
464000,0,0
466000,0,0
468000,0,0
470000,0,0
472000,0,0
474000,0,0
476000,0,0
478000,0,0
480000,0,0
482000,0,0
484000,0,0
486000,0,0
488000,0,0
490000,0,0
492000,0,0
494000,0,0
496000,0,0
498000,0,0
500000,0,0
502000,0,0
504000,0,0
506000,0,0
508000,0,0
510000,0,0
512000,0,0
514000,0,0
516000,0,0
518000,0,0
520000,0,0
522000,0,0
524000,0,0
526000,0,0
528000,0,0
530000,0,0
532000,0,0
534000,0,0
536000,0,0
538000,0,0
540000,0,0
542000,0,0
544000,0,0
546000,0,0
548000,0,0
550000,0,0
552000,0,0
554000,0,0
556000,0,0
558000,0,0
560000,0,0
562000,0,0
564000,0,0
566000,0,0
568000,0,0
570000,0,0
572000,0,0
574000,0,0
576000,0,0
578000,0,0
580000,0,0
582000,0,0
584000,0,0
586000,0,0
588000,0,0
590000,0,0
592000,0,0
594000,0,0
596000,0,0
598000,0,0
600000,0,0
602000,0,0
604000,0,0
606000,0,0
608000,0,0
610000,0,0
612000,0,0
614000,0,0
616000,0,0
618000,0,0
620000,0,0
622000,0,0
624000,0,0
626000,0,0
628000,0,0
630000,0,0
632000,0,0
634000,0,0
636000,0,0
638000,0,0
640000,0,0
642000,0,0
644000,0,0
646000,0,0
648000,0,0
650000,0,0
652000,0,0
654000,0,0
656000,0,0
658000,0,0
660000,0,0
662000,0,0
664000,0,0
666000,0,0
668000,0,0
670000,0,0
672000,0,0
674000,0,0
676000,0,0
678000,0,0
680000,0,0
682000,0,0
684000,0,0
686000,0,0
688000,0,0
690000,0,0
692000,0,0
694000,0,0
696000,0,0
698000,0,0
700000,0,0
702000,0,0
704000,0,0
706000,0,0
708000,0,0
710000,0,0
712000,0,0
714000,0,0
716000,0,0
718000,0,0
720000,0,0
722000,0,0
724000,0,0
726000,0,0
728000,0,0
730000,0,0
732000,0,0
734000,0,0
736000,0,0
738000,0,0
740000,0,0
742000,0,0
744000,0,0
746000,0,0
748000,0,0
750000,0,0
752000,0,0
754000,0,0
756000,0,0
758000,0,0
760000,0,0
762000,0,0
764000,0,0
766000,0,0
768000,0,0
770000,0,0
772000,0,0
774000,0,0
776000,0,0
778000,0,0
780000,0,0
782000,0,0
784000,0,0
786000,0,0
788000,0,0
790000,0,0
792000,0,0
794000,0,0
796000,0,0
798000,0,0
800000,0,0
802000,0,0
804000,0,0
806000,0,0
808000,0,0
810000,0,0
812000,0,0
814000,0,0
816000,0,0
818000,0,0
820000,0,0
822000,0,0
824000,0,0
826000,0,0
828000,0,0
830000,0,0
832000,0,0
834000,0,0
836000,0,0
838000,0,0
840000,0,0
842000,0,0
844000,0,0
846000,0,0
848000,0,0
850000,0,0
852000,0,0
854000,0,0
856000,0,0
858000,0,0
860000,0,0
862000,0,0
864000,0,0
866000,0,0
868000,0,0
870000,0,0
872000,0,0
874000,0,0
876000,0,0
878000,0,0
880000,0,0
882000,0,0
884000,0,0
886000,0,0
888000,0,0
890000,0,0
892000,0,0
894000,0,0
896000,0,0
898000,0,0
900000,0,0
902000,0,0
904000,0,0
906000,0,0
908000,0,0
910000,0,0
912000,0,0
914000,0,0
916000,0,0
918000,0,0
920000,0,0
922000,0,0
924000,0,0
926000,0,0
928000,0,0
930000,0,0
932000,0,0
934000,0,0
936000,0,0
938000,0,0
940000,0,0
942000,0,0
944000,0,0
946000,0,0
948000,0,0
950000,0,0
952000,0,0
954000,0,0
956000,0,0
958000,0,0
960000,0,0
962000,0,0
964000,0,0
966000,0,0
968000,0,0
970000,0,0
972000,0,0
974000,0,0
976000,0,0
978000,0,0
980000,0,0
982000,0,0
984000,0,0
986000,0,0
988000,0,0
990000,0,0
992000,0,0
994000,0,0
996000,0,0
998000,0,0
1000000,0,0
1002000,0,0
1004000,0,0
1006000,0,0
1008000,0,0
1010000,0,0
1012000,0,0
1014000,0,0
1016000,0,0
1018000,0,0
1020000,0,0
1022000,0,0
1024000,0,0
1026000,0,0
1028000,0,0
1030000,0,0
1032000,0,0
1034000,0,0
1036000,0,0
1038000,0,0
1040000,0,0
1042000,0,0
1044000,0,0
1046000,0,0
1048000,0,0
1050000,0,0
1052000,0,0
1054000,0,0
1056000,0,0
1058000,0,0
1060000,0,0
1062000,0,0
1064000,0,0
1066000,0,0
1068000,0,0
1070000,0,0
1072000,0,0
1074000,0,0
1076000,0,0
1078000,0,0
1080000,0,0
1082000,0,0
1084000,0,0
1086000,0,0
1088000,0,0
1090000,0,0
1092000,0,0
1094000,0,0
1096000,0,0
1098000,0,0
1100000,0,0
1102000,0,0
1104000,0,0
1106000,0,0
1108000,0,0
1110000,0,0
1112000,0,0
1114000,0,0
1116000,0,0
1118000,0,0
1120000,0,0
1122000,0,0
1124000,0,0
1126000,0,0
1128000,0,0
1130000,0,0
1132000,0,0
1134000,0,0
1136000,0,0
1138000,0,0
1140000,0,0
1142000,0,0
1144000,0,0
1146000,0,0
1148000,0,0
1150000,0,0
1152000,0,0
1154000,0,0
1156000,0,0
1158000,0,0
1160000,0,0
1162000,0,0
1164000,0,0
1166000,0,0
1168000,0,0
1170000,0,0
1172000,0,0
1174000,0,0
1176000,0,0
1178000,0,0
1180000,0,0
1182000,0,0
1184000,0,0
1186000,0,0
1188000,0,0
1190000,0,0
1192000,0,0
1194000,0,0
1196000,0,0
1198000,0,0
1200000,0,0
1202000,0,0
1204000,0,0
1206000,0,0
1208000,0,0
1210000,0,0
1212000,0,0
1214000,0,0
1216000,0,0
1218000,0,0
1220000,0,0
1222000,0,0
1224000,0,0
1226000,0,0
1228000,0,0
1230000,0,0
1232000,0,0
1234000,0,0
1236000,0,0
1238000,0,0
1240000,0,0
1242000,0,0
1244000,0,0
1246000,0,0
1248000,0,0
1250000,0,0
1252000,0,0
1254000,0,0
1256000,0,0
1258000,0,0
1260000,0,0
1262000,0,0
1264000,0,0
1266000,0,0
1268000,0,0
1270000,0,0
1272000,0,0
1274000,0,0
1276000,0,0
1278000,0,0
1280000,0,0
1282000,0,0
1284000,0,0
1286000,0,0
1288000,0,0
1290000,0,0
1292000,0,0
1294000,0,0
1296000,0,0
1298000,0,0
1300000,0,0
1302000,0,0
1304000,0,0
1306000,0,0
1308000,0,0
1310000,0,0
1312000,0,0
1314000,0,0
1316000,0,0
1318000,0,0
1320000,0,0
1322000,0,0
1324000,0,0
1326000,0,0
1328000,0,0
1330000,0,0
1332000,0,0
1334000,0,0
1336000,0,0
1338000,0,0
1340000,0,0
1342000,0,0
1344000,0,0
1346000,0,0
1348000,0,0
1350000,0,0
1352000,0,0
1354000,0,0
1356000,0,0
1358000,0,0
1360000,0,0
1362000,0,0
1364000,0,0
1366000,0,0
1368000,0,0
1370000,0,0
1372000,0,0
1374000,0,0
1376000,0,0
1378000,0,0
1380000,0,0
1382000,0,0
1384000,0,0
1386000,0,0
1388000,0,0
1390000,0,0
1392000,0,0
1394000,0,0
1396000,0,0
1398000,0,0
1400000,0,0
1402000,0,0
1404000,0,0
1406000,0,0
1408000,0,0
1410000,0,0
1412000,0,0
1414000,0,0
1416000,0,0
1418000,0,0
1420000,0,0
1422000,0,0
1424000,0,0
1426000,0,0
1428000,0,0
1430000,0,0
1432000,0,0
1434000,0,0
1436000,0,0
1438000,0,0
1440000,0,0
1442000,0,0
1444000,0,0
1446000,0,0
1448000,0,0
1450000,0,0
1452000,0,0
1454000,0,0
1456000,0,0
1458000,0,0
1460000,0,0
1462000,0,0
1464000,0,0
1466000,0,0
1468000,0,0
1470000,0,0
1472000,0,0
1474000,0,0
1476000,0,0
1478000,0,0
1480000,0,0
1482000,0,0
1484000,0,0
1486000,0,0
1488000,0,0
1490000,0,0
1492000,0,0
1494000,0,0
1496000,0,0
1498000,0,0
1500000,0,0
1502000,0,0
1504000,0,0
1506000,0,0
1508000,0,0
1510000,0,0
1512000,0,0
1514000,0,0
1516000,0,0
1518000,0,0
1520000,0,0
1522000,0,0
1524000,0,0
1526000,0,0
1528000,0,0
1530000,0,0
1532000,0,0
1534000,0,0
1536000,0,0
1538000,0,0
1540000,0,0
1542000,0,0
1544000,0,0
1546000,0,0
1548000,0,0
1550000,0,0
1552000,0,0
1554000,0,0
1556000,0,0
1558000,0,0
1560000,0,0
1562000,0,0
1564000,0,0
1566000,0,0
1568000,0,0
1570000,0,0
1572000,0,0
1574000,0,0
1576000,0,0
1578000,0,0
1580000,0,0
1582000,0,0
1584000,0,0
1586000,0,0
1588000,0,0
1590000,0,0
1592000,0,0
1594000,0,0
1596000,0,0
1598000,0,0
1600000,0,0
1602000,0,0
1604000,0,0
1606000,0,0
1608000,0,0
1610000,0,0
1612000,0,0
1614000,0,0
1616000,0,0
1618000,0,0
1620000,0,0
1622000,0,0
1624000,0,0
1626000,0,0
1628000,0,0
1630000,0,0
1632000,0,0
1634000,0,0
1636000,0,0
1638000,0,0
1640000,0,0
1642000,0,0
1644000,0,0
1646000,0,0
1648000,0,0
1650000,0,0
1652000,0,0
1654000,0,0
1656000,0,0
1658000,0,0
1660000,0,0
1662000,0,0
1664000,0,0
1666000,0,0
1668000,0,0
1670000,0,0
1672000,0,0
1674000,0,0
1676000,0,0
1678000,0,0
1680000,0,0
1682000,0,0
1684000,0,0
1686000,0,0
1688000,0,0
1690000,0,0
1692000,0,0
1694000,0,0
1696000,0,0
1698000,0,0
1700000,0,0
1702000,0,0
1704000,0,0
1706000,0,0
1708000,0,0
1710000,0,0
1712000,0,0
1714000,0,0
1716000,0,0
1718000,0,0
1720000,0,0
1722000,0,0
1724000,0,0
1726000,0,0
1728000,0,0
1730000,0,0
1732000,0,0
1734000,0,0
1736000,0,0
1738000,0,0
1740000,0,0
1742000,0,0
1744000,0,0
1746000,0,0
1748000,0,0
1750000,0,0
1752000,0,0
1754000,0,0
1756000,0,0
1758000,0,0
1760000,0,0
1762000,0,0
1764000,0,0
1766000,0,0
1768000,0,0
1770000,0,0
1772000,0,0
1774000,0,0
1776000,0,0
1778000,0,0
1780000,0,0
1782000,0,0
1784000,0,0
1786000,0,0
1788000,0,0
1790000,0,0
1792000,0,0
1794000,0,0
1796000,0,0
1798000,0,0
1800000,0,0
1802000,0,0
1804000,0,0
1806000,0,0
1808000,0,0
1810000,0,0
1812000,0,0
1814000,0,0
1816000,0,0
1818000,0,0
1820000,0,0
1822000,0,0
1824000,0,0
1826000,0,0
1828000,0,0
1830000,0,0
1832000,0,0
1834000,0,0
1836000,0,0
1838000,0,0
1840000,0,0
1842000,0,0
1844000,0,0
1846000,0,0
1848000,0,0
1850000,0,0
1852000,0,0
1854000,0,0
1856000,0,0
1858000,0,0
1860000,0,0
1862000,0,0
1864000,0,0
1866000,0,0
1868000,0,0
1870000,0,0
1872000,0,0
1874000,0,0
1876000,0,0
1878000,0,0
1880000,0,0
1882000,0,0
1884000,0,0
1886000,0,0
1888000,0,0
1890000,0,0
1892000,0,0
1894000,0,0
1896000,0,0
1898000,0,0
1900000,0,0
1902000,0,0
1904000,0,0
1906000,0,0
1908000,0,0
1910000,0,0
1912000,0,0
1914000,0,0
1916000,0,0
1918000,0,0
1920000,0,0
1922000,0,0
1924000,0,0
1926000,0,0
1928000,0,0
1930000,0,0
1932000,0,0
1934000,0,0
1936000,0,0
1938000,0,0
1940000,0,0
1942000,0,0
1944000,0,0
1946000,0,0
1948000,0,0
1950000,0,0
1952000,0,0
1954000,0,0
1956000,0,0
1958000,0,0
1960000,0,0
1962000,0,0
1964000,0,0
1966000,0,0
1968000,0,0
1970000,0,0
1972000,0,0
1974000,0,0
1976000,0,0
1978000,0,0
1980000,0,0
1982000,0,0
1984000,0,0
1986000,0,0
1988000,0,0
1990000,0,0
1992000,0,0
1994000,0,0
1996000,0,0
1998000,0,0
2000000,0,0
2002000,0,0
2004000,0,0
2006000,0,0
2008000,0,0
2010000,0,0
2012000,0,0
2014000,0,0
2016000,0,0
2018000,0,0
2020000,0,0
2022000,0,0
2024000,0,0
2026000,0,0
2028000,0,0
2030000,0,0
2032000,0,0
2034000,0,0
2036000,0,0
2038000,0,0
2040000,0,0
2042000,0,0
2044000,0,0
2046000,0,0
2048000,0,0
2050000,0,0
2052000,0,0
2054000,0,0
2056000,0,0
2058000,0,0
2060000,0,0
2062000,0,0
2064000,0,0
2066000,0,0
2068000,0,0
2070000,0,0
2072000,0,0
2074000,0,0
2076000,0,0
2078000,0,0
2080000,0,0
2082000,0,0
2084000,0,0
2086000,0,0
2088000,0,0
2090000,0,0
2092000,0,0
2094000,0,0
2096000,0,0
2098000,0,0
2100000,0,0
2102000,0,0
2104000,0,0
2106000,0,0
2108000,0,0
2110000,0,0
2112000,0,0
2114000,0,0
2116000,0,0
2118000,0,0
2120000,0,0
2122000,0,0
2124000,0,0
2126000,0,0
2128000,0,0
2130000,0,0
2132000,0,0
2134000,0,0
2136000,0,0
2138000,0,0
2140000,0,0
2142000,0,0
2144000,0,0
2146000,0,0
2148000,0,0
2150000,0,0
2152000,0,0
2154000,0,0
2156000,0,0
2158000,0,0
2160000,0,0
2162000,0,0
2164000,0,0
2166000,0,0
2168000,0,0
2170000,0,0
2172000,0,0
2174000,0,0
2176000,0,0
2178000,0,0
2180000,0,0
2182000,0,0
2184000,0,0
2186000,0,0
2188000,0,0
2190000,0,0
2192000,0,0
2194000,0,0
2196000,0,0
2198000,0,0
2200000,0,0
2202000,0,0
2204000,0,0
2206000,0,0
2208000,0,0
2210000,0,0
2212000,0,0
2214000,0,0
2216000,0,0
2218000,0,0
2220000,0,0
2222000,0,0
2224000,0,0
2226000,0,0
2228000,0,0
2230000,0,0
2232000,0,0
2234000,0,0
2236000,0,0
2238000,0,0
2240000,0,0
2242000,0,0
2244000,0,0
2246000,0,0
2248000,0,0
2250000,0,0
2252000,0,0
2254000,0,0
2256000,0,0
2258000,0,0
2260000,0,0
2262000,0,0
2264000,0,0
2266000,0,0
2268000,0,0
2270000,0,0
2272000,0,0
2274000,0,0
2276000,0,0
2278000,0,0
2280000,0,0
2282000,0,0
2284000,0,0
2286000,0,0
2288000,0,0
2290000,0,0
2292000,0,0
2294000,0,0
2296000,0,0
2298000,0,0
2300000,0,0
2302000,0,0
2304000,0,0
2306000,0,0
2308000,0,0
2310000,0,0
2312000,0,0
2314000,0,0
2316000,0,0
2318000,0,0
2320000,0,0
2322000,0,0
2324000,0,0
2326000,0,0
2328000,0,0
2330000,0,0
2332000,0,0
2334000,0,0
2336000,0,0
2338000,0,0
2340000,0,0
2342000,0,0
2344000,0,0
2346000,0,0
2348000,0,0
2350000,0,0
2352000,0,0
2354000,0,0
2356000,0,0
2358000,0,0
2360000,0,0
2362000,0,0
2364000,0,0
2366000,0,0
2368000,0,0
2370000,0,0
2372000,0,0
2374000,0,0
2376000,0,0
2378000,0,0
2380000,0,0
2382000,0,0
2384000,0,0
2386000,0,0
2388000,0,0
2390000,0,0
2392000,0,0
2394000,0,0
2396000,0,0
2398000,0,0
2400000,0,0
2402000,0,0
2404000,0,0
2406000,0,0
2408000,0,0
2410000,0,0
2412000,0,0
2414000,0,0
2416000,0,0
2418000,0,0
2420000,0,0
2422000,0,0
2424000,0,0
2426000,0,0
2428000,0,0
2430000,0,0
2432000,0,0
2434000,0,0
2436000,0,0
2438000,0,0
2440000,0,0
2442000,0,0
2444000,0,0
2446000,0,0
2448000,0,0
2450000,0,0
2452000,0,0
2454000,0,0
2456000,0,0
2458000,0,0
2460000,0,0
2462000,0,0
2464000,0,0
2466000,0,0
2468000,0,0
2470000,0,0
2472000,0,0
2474000,0,0
2476000,0,0
2478000,0,0
2480000,0,0
2482000,0,0
2484000,0,0
2486000,0,0
2488000,0,0
2490000,0,0
2492000,0,0
2494000,0,0
2496000,0,0
2498000,0,0
2500000,0,0
2502000,0,0
2504000,0,0
2506000,0,0
2508000,0,0
2510000,0,0
2512000,0,0
2514000,0,0
2516000,0,0
2518000,0,0
2520000,0,0
2522000,0,0
2524000,0,0
2526000,0,0
2528000,0,0
2530000,0,0
2532000,0,0
2534000,0,0
2536000,0,0
2538000,0,0
2540000,0,0
2542000,0,0
2544000,0,0
2546000,0,0
2548000,0,0
2550000,0,0
2552000,0,0
2554000,0,0
2556000,0,0
2558000,0,0
2560000,0,0
2562000,0,0
2564000,0,0
2566000,0,0
2568000,0,0
2570000,0,0
2572000,0,0
2574000,0,0
2576000,0,0
2578000,0,0
2580000,0,0
2582000,0,0
2584000,0,0
2586000,0,0
2588000,0,0
2590000,0,0
2592000,0,0
2594000,0,0
2596000,0,0
2598000,0,0
2600000,0,0
2602000,0,0
2604000,0,0
2606000,0,0
2608000,0,0
2610000,0,0
2612000,0,0
2614000,0,0
2616000,0,0
2618000,0,0
2620000,0,0
2622000,0,0
2624000,0,0
2626000,0,0
2628000,0,0
2630000,0,0
2632000,0,0
2634000,0,0
2636000,0,0
2638000,0,0
2640000,0,0
2642000,0,0
2644000,0,0
2646000,0,0
2648000,0,0
2650000,0,0
2652000,0,0
2654000,0,0
2656000,0,0
2658000,0,0
2660000,0,0
2662000,0,0
2664000,0,0
2666000,0,0
2668000,0,0
2670000,0,0
2672000,0,0
2674000,0,0
2676000,0,0
2678000,0,0
2680000,0,0
2682000,0,0
2684000,0,0
2686000,0,0
2688000,0,0
2690000,0,0
2692000,0,0
2694000,0,0
2696000,0,0
2698000,0,0
2700000,0,0
2702000,0,0
2704000,0,0
2706000,0,0
2708000,0,0
2710000,0,0
2712000,0,0
2714000,0,0
2716000,0,0
2718000,0,0
2720000,0,0
2722000,0,0
2724000,0,0
2726000,0,0
2728000,0,0
2730000,0,0
2732000,0,0
2734000,0,0
2736000,0,0
2738000,0,0
2740000,0,0
2742000,0,0
2744000,0,0
2746000,0,0
2748000,0,0
2750000,0,0
2752000,0,0
2754000,0,0
2756000,0,0
2758000,0,0
2760000,0,0
2762000,0,0
2764000,0,0
2766000,0,0
2768000,0,0
2770000,0,0
2772000,0,0
2774000,0,0
2776000,0,0
2778000,0,0
2780000,0,0
2782000,0,0
2784000,0,0
2786000,0,0
2788000,0,0
2790000,0,0
2792000,0,0
2794000,0,0
2796000,0,0
2798000,0,0
2800000,0,0
2802000,0,0
2804000,0,0
2806000,0,0
2808000,0,0
2810000,0,0
2812000,0,0
2814000,0,0
2816000,0,0
2818000,0,0
2820000,0,0
2822000,0,0
2824000,0,0
2826000,0,0
2828000,0,0
2830000,0,0
2832000,0,0
2834000,0,0
2836000,0,0
2838000,0,0
2840000,0,0
2842000,0,0
2844000,0,0
2846000,0,0
2848000,0,0
2850000,0,0
2852000,0,0
2854000,0,0
2856000,0,0
2858000,0,0
2860000,0,0
2862000,0,0
2864000,0,0
2866000,0,0
2868000,0,0
2870000,0,0
2872000,0,0
2874000,0,0
2876000,0,0
2878000,0,0
2880000,0,0
2882000,0,0
2884000,0,0
2886000,0,0
2888000,0,0
2890000,0,0
2892000,0,0
2894000,0,0
2896000,0,0
2898000,0,0
2900000,0,0
2902000,0,0
2904000,0,0
2906000,0,0
2908000,0,0
2910000,0,0
2912000,0,0
2914000,0,0
2916000,0,0
2918000,0,0
2920000,0,0
2922000,0,0
2924000,0,0
2926000,0,0
2928000,0,0
2930000,0,0
2932000,0,0
2934000,0,0
2936000,0,0
2938000,0,0
2940000,0,0
2942000,0,0
2944000,0,0
2946000,0,0
2948000,0,0
2950000,0,0
2952000,0,0
2954000,0,0
2956000,0,0
2958000,0,0
2960000,0,0
2962000,0,0
2964000,0,0
2966000,0,0
2968000,0,0
2970000,0,0
2972000,0,0
2974000,0,0
2976000,0,0
2978000,0,0
2980000,0,0
2982000,0,0
2984000,0,0
2986000,0,0
2988000,0,0
2990000,0,0
2992000,0,0
2994000,0,0
2996000,0,0
2998000,0,0
3000000,0,0
3002000,0,0
3004000,0,0
3006000,0,0
3008000,0,0
3010000,0,0
3012000,0,0
3014000,0,0
3016000,0,0
3018000,0,0
3020000,0,0
3022000,0,0
3024000,0,0
3026000,0,0
3028000,0,0
3030000,0,0
3032000,0,0
3034000,0,0
3036000,0,0
3038000,0,0
3040000,0,0
3042000,0,0
3044000,0,0
3046000,0,0
3048000,0,0
3050000,0,0
3052000,0,0
3054000,0,0
3056000,0,0
3058000,0,0
3060000,0,0
3062000,0,0
3064000,0,0
3066000,0,0
3068000,0,0
3070000,0,0
3072000,0,0
3074000,0,0
3076000,0,0
3078000,0,0
3080000,0,0
3082000,0,0
3084000,0,0
3086000,0,0
3088000,0,0
3090000,0,0
3092000,0,0
3094000,0,0
3096000,0,0
3098000,0,0
3100000,0,0
3102000,0,0
3104000,0,0
3106000,0,0
3108000,0,0
3110000,0,0
3112000,0,0
3114000,0,0
3116000,0,0
3118000,0,0
3120000,0,0
3122000,0,0
3124000,0,0
3126000,0,0
3128000,0,0
3130000,0,0
3132000,0,0
3134000,0,0
3136000,0,0
3138000,0,0
3140000,0,0
3142000,0,0
3144000,0,0
3146000,0,0
3148000,0,0
3150000,0,0
3152000,0,0
3154000,0,0
3156000,0,0
3158000,0,0
3160000,0,0
3162000,0,0
3164000,0,0
3166000,0,0
3168000,0,0
3170000,0,0
3172000,0,0
3174000,0,0
3176000,0,0
3178000,0,0
3180000,0,0
3182000,0,0
3184000,0,0
3186000,0,0
3188000,0,0
3190000,0,0
3192000,0,0
3194000,0,0
3196000,0,0
3198000,0,0
3200000,0,0
3202000,0,0
3204000,0,0
3206000,0,0
3208000,0,0
3210000,0,0
3212000,0,0
3214000,0,0
3216000,0,0
3218000,0,0
3220000,0,0
3222000,0,0
3224000,0,0
3226000,0,0
3228000,0,0
3230000,0,0
3232000,0,0
3234000,0,0
3236000,0,0
3238000,0,0
3240000,0,0
3242000,0,0
3244000,0,0
3246000,0,0
3248000,0,0
3250000,0,0
3252000,0,0
3254000,0,0
3256000,0,0
3258000,0,0
3260000,0,0
3262000,0,0
3264000,0,0
3266000,0,0
3268000,0,0
3270000,0,0
3272000,0,0
3274000,0,0
3276000,0,0
3278000,0,0
3280000,0,0
3282000,0,0
3284000,0,0
3286000,0,0
3288000,0,0
3290000,0,0
3292000,0,0
3294000,0,0
3296000,0,0
3298000,0,0
3300000,0,0
3302000,0,0
3304000,0,0
3306000,0,0
3308000,0,0
3310000,0,0
3312000,0,0
3314000,0,0
3316000,0,0
3318000,0,0
3320000,0,0
3322000,0,0
3324000,0,0
3326000,0,0
3328000,0,0
3330000,0,0
3332000,0,0
3334000,0,0
3336000,0,0
3338000,0,0
3340000,0,0
3342000,0,0
3344000,0,0
3346000,0,0
3348000,0,0
3350000,0,0
3352000,0,0
3354000,0,0
3356000,0,0
3358000,0,0
3360000,0,0
3362000,0,0
3364000,0,0
3366000,0,0
3368000,0,0
3370000,0,0
3372000,0,0
3374000,0,0
3376000,0,0
3378000,0,0
3380000,0,0
3382000,0,0
3384000,0,0
3386000,0,0
3388000,0,0
3390000,0,0
3392000,0,0
3394000,0,0
3396000,0,0
3398000,0,0
3400000,0,0
3402000,0,0
3404000,0,0
3406000,0,0
3408000,0,0
3410000,0,0
3412000,0,0
3414000,0,0
3416000,0,0
3418000,0,0
3420000,0,0
3422000,0,0
3424000,0,0
3426000,0,0
3428000,0,0
3430000,0,0
3432000,0,0
3434000,0,0
3436000,0,0
3438000,0,0
3440000,0,0
3442000,0,0
3444000,0,0
3446000,0,0
3448000,0,0
3450000,0,0
3452000,0,0
3454000,0,0
3456000,0,0
3458000,0,0
3460000,0,0
3462000,0,0
3464000,0,0
3466000,0,0
3468000,0,0
3470000,0,0
3472000,0,0
3474000,0,0
3476000,0,0
3478000,0,0
3480000,0,0
3482000,0,0
3484000,0,0
3486000,0,0
3488000,0,0
3490000,0,0
3492000,0,0
3494000,0,0
3496000,0,0
3498000,0,0
3500000,0,0
3502000,0,0
3504000,0,0
3506000,0,0
3508000,0,0
3510000,0,0
3512000,0,0
3514000,0,0
3516000,0,0
3518000,0,0
3520000,0,0
3522000,0,0
3524000,0,0
3526000,0,0
3528000,0,0
3530000,0,0
3532000,0,0
3534000,0,0
3536000,0,0
3538000,0,0
3540000,0,0
3542000,0,0
3544000,0,0
3546000,0,0
3548000,0,0
3550000,0,0
3552000,0,0
3554000,0,0
3556000,0,0
3558000,0,0
3560000,0,0
3562000,0,0
3564000,0,0
3566000,0,0
3568000,0,0
3570000,0,0
3572000,0,0
3574000,0,0
3576000,0,0
3578000,0,0
3580000,0,0
3582000,0,0
3584000,0,0
3586000,0,0
3588000,0,0
3590000,0,0
3592000,0,0
3594000,0,0
3596000,0,0
3598000,0,0
3600000,0,0
3602000,0,0
3604000,0,0
3606000,0,0
3608000,0,0
3610000,0,0
3612000,0,0
3614000,0,0
3616000,0,0
3618000,0,0
3620000,0,0
3622000,0,0
3624000,0,0
3626000,0,0
3628000,0,0
3630000,0,0
3632000,0,0
3634000,0,0
3636000,0,0
3638000,0,0
3640000,0,0
3642000,0,0
3644000,0,0
3646000,0,0
3648000,0,0
3650000,0,0
3652000,0,0
3654000,0,0
3656000,0,0
3658000,0,0
3660000,0,0
3662000,0,0
3664000,0,0
3666000,0,0
3668000,0,0
3670000,0,0
3672000,0,0
3674000,0,0
3676000,0,0
3678000,0,0
3680000,0,0
3682000,0,0
3684000,0,0
3686000,0,0
3688000,0,0
3690000,0,0
3692000,0,0
3694000,0,0
3696000,0,0
3698000,0,0
3700000,0,0
3702000,0,0
3704000,0,0
3706000,0,0
3708000,0,0
3710000,0,0
3712000,0,0
3714000,0,0
3716000,0,0
3718000,0,0
3720000,0,0
3722000,0,0
3724000,0,0
3726000,0,0
3728000,0,0
3730000,0,0
3732000,0,0
3734000,0,0
3736000,0,0
3738000,0,0
3740000,0,0
3742000,0,0
3744000,0,0
3746000,0,0
3748000,0,0
3750000,0,0
3752000,0,0
3754000,0,0
3756000,0,0
3758000,0,0
3760000,0,0
3762000,0,0
3764000,0,0
3766000,0,0
3768000,0,0
3770000,0,0
3772000,0,0
3774000,0,0
3776000,0,0
3778000,0,0
3780000,0,0
3782000,0,0
3784000,0,0
3786000,0,0
3788000,0,0
3790000,0,0
3792000,0,0
3794000,0,0
3796000,0,0
3798000,0,0
3800000,0,0
3802000,0,0
3804000,0,0
3806000,0,0
3808000,0,0
3810000,0,0
3812000,0,0
3814000,0,0
3816000,0,0
3818000,0,0
3820000,0,0
3822000,0,0
3824000,0,0
3826000,0,0
3828000,0,0
3830000,0,0
3832000,0,0
3834000,0,0
3836000,0,0
3838000,0,0
3840000,0,0
3842000,0,0
3844000,0,0
3846000,0,0
3848000,0,0
3850000,0,0
3852000,0,0
3854000,0,0
3856000,0,0
3858000,0,0
3860000,0,0
3862000,0,0
3864000,0,0
3866000,0,0
3868000,0,0
3870000,0,0
3872000,0,0
3874000,0,0
3876000,0,0
3878000,0,0
3880000,0,0
3882000,0,0
3884000,0,0
3886000,0,0
3888000,0,0
3890000,0,0
3892000,0,0
3894000,0,0
3896000,0,0
3898000,0,0
3900000,0,0
3902000,0,0
3904000,0,0
3906000,0,0
3908000,0,0
3910000,0,0
3912000,0,0
3914000,0,0
3916000,0,0
3918000,0,0
3920000,0,0
3922000,0,0
3924000,0,0
3926000,0,0
3928000,0,0
3930000,0,0
3932000,0,0
3934000,0,0
3936000,0,0
3938000,0,0
3940000,0,0
3942000,0,0
3944000,0,0
3946000,0,0
3948000,0,0
3950000,0,0
3952000,0,0
3954000,0,0
3956000,0,0
3958000,0,0
3960000,0,0
3962000,0,0
3964000,0,0
3966000,0,0
3968000,0,0
3970000,0,0
3972000,0,0
3974000,0,0
3976000,0,0
3978000,0,0
3980000,0,0
3982000,0,0
3984000,0,0
3986000,0,0
3988000,0,0
3990000,0,0
3992000,0,0
3994000,0,0
3996000,0,0
3998000,0,0
4000000,0,0
4002000,0,0
4004000,0,0
4006000,0,0
4008000,0,0
4010000,0,0
4012000,0,0
4014000,0,0
4016000,0,0
4018000,0,0
4020000,0,0
4022000,0,0
4024000,0,0
4026000,0,0
4028000,0,0
4030000,0,0
4032000,0,0
4034000,0,0
4036000,0,0
4038000,0,0
4040000,0,0
4042000,0,0
4044000,0,0
4046000,0,0
4048000,0,0
4050000,0,0
4052000,0,0
4054000,0,0
4056000,0,0
4058000,0,0
4060000,0,0
4062000,0,0
4064000,0,0
4066000,0,0
4068000,0,0
4070000,0,0
4072000,0,0
4074000,0,0
4076000,0,0
4078000,0,0
4080000,0,0
4082000,0,0
4084000,0,0
4086000,0,0
4088000,0,0
4090000,0,0
4092000,0,0
4094000,0,0
4096000,0,0
4098000,0,0
4100000,0,0
4102000,0,0
4104000,0,0
4106000,0,0
4108000,0,0
4110000,0,0
4112000,0,0
4114000,0,0
4116000,0,0
4118000,0,0
4120000,0,0
4122000,0,0
4124000,0,0
4126000,0,0
4128000,0,0
4130000,0,0
4132000,0,0
4134000,0,0
4136000,0,0
4138000,0,0
4140000,0,0
4142000,0,0
4144000,0,0
4146000,0,0
4148000,0,0
4150000,0,0
4152000,0,0
4154000,0,0
4156000,0,0
4158000,0,0
4160000,0,0
4162000,0,0
4164000,0,0
4166000,0,0
4168000,0,0
4170000,0,0
4172000,0,0
4174000,0,0
4176000,0,0
4178000,0,0
4180000,0,0
4182000,0,0
4184000,0,0
4186000,0,0
4188000,0,0
4190000,0,0
4192000,0,0
4194000,0,0
4196000,0,0
4198000,0,0
4200000,0,0
4202000,0,0
4204000,0,0
4206000,0,0
4208000,0,0
4210000,0,0
4212000,0,0
4214000,0,0
4216000,0,0
4218000,0,0
4220000,0,0
4222000,0,0
4224000,0,0
4226000,0,0
4228000,0,0
4230000,0,0
4232000,0,0
4234000,0,0
4236000,0,0
4238000,0,0
4240000,0,0
4242000,0,0
4244000,0,0
4246000,0,0
4248000,0,0
4250000,0,0
4252000,0,0
4254000,0,0
4256000,0,0
4258000,0,0
4260000,0,0
4262000,0,0
4264000,0,0
4266000,0,0
4268000,0,0
4270000,0,0
4272000,0,0
4274000,0,0
4276000,0,0
4278000,0,0
4280000,0,0
4282000,0,0
4284000,0,0
4286000,0,0
4288000,0,0
4290000,0,0
4292000,0,0
4294000,0,0
4296000,0,0
4298000,0,0
4300000,0,0
4302000,0,0
4304000,0,0
4306000,0,0
4308000,0,0
4310000,0,0
4312000,0,0
4314000,0,0
4316000,0,0
4318000,0,0
4320000,0,0
4322000,0,0
4324000,0,0
4326000,0,0
4328000,0,0
4330000,0,0
4332000,0,0
4334000,0,0
4336000,0,0
4338000,0,0
4340000,0,0
4342000,0,0
4344000,0,0
4346000,0,0
4348000,0,0
4350000,0,0
4352000,0,0
4354000,0,0
4356000,0,0
4358000,0,0
4360000,0,0
4362000,0,0
4364000,0,0
4366000,0,0
4368000,0,0
4370000,0,0
4372000,0,0
4374000,0,0
4376000,0,0
4378000,0,0
4380000,0,0
4382000,0,0
4384000,0,0
4386000,0,0
4388000,0,0
4390000,0,0
4392000,0,0
4394000,0,0
4396000,0,0
4398000,0,0
4400000,0,0
4402000,0,0
4404000,0,0
4406000,0,0
4408000,0,0
4410000,0,0
4412000,0,0
4414000,0,0
4416000,0,0
4418000,0,0
4420000,0,0
4422000,0,0
4424000,0,0
4426000,0,0
4428000,0,0
4430000,0,0
4432000,0,0
4434000,0,0
4436000,0,0
4438000,0,0
4440000,0,0
4442000,0,0
4444000,0,0
4446000,0,0
4448000,0,0
4450000,0,0
4452000,0,0
4454000,0,0
4456000,0,0
4458000,0,0
4460000,0,0
4462000,0,0
4464000,0,0
4466000,0,0
4468000,0,0
4470000,0,0
4472000,0,0
4474000,0,0
4476000,0,0
4478000,0,0
4480000,0,0
4482000,0,0
4484000,0,0
4486000,0,0
4488000,0,0
4490000,0,0
4492000,0,0
4494000,0,0
4496000,0,0
4498000,0,0
4500000,0,0
4502000,0,0
4504000,0,0
4506000,0,0
4508000,0,0
4510000,0,0
4512000,0,0
4514000,0,0
4516000,0,0
4518000,0,0
4520000,0,0
4522000,0,0
4524000,0,0
4526000,0,0
4528000,0,0
4530000,0,0
4532000,0,0
4534000,0,0
4536000,0,0
4538000,0,0
4540000,0,0
4542000,0,0
4544000,0,0
4546000,0,0
4548000,0,0
4550000,0,0
4552000,0,0
4554000,0,0
4556000,0,0
4558000,0,0
4560000,0,0
4562000,0,0
4564000,0,0
4566000,0,0
4568000,0,0
4570000,0,0
4572000,0,0
4574000,0,0
4576000,0,0
4578000,0,0
4580000,0,0
4582000,0,0
4584000,0,0
4586000,0,0
4588000,0,0
4590000,0,0
4592000,0,0
4594000,0,0
4596000,0,0
4598000,0,0
4600000,0,0
4602000,0,0
4604000,0,0
4606000,0,0
4608000,0,0
4610000,0,0
4612000,0,0
4614000,0,0
4616000,0,0
4618000,0,0
4620000,0,0
4622000,0,0
4624000,0,0
4626000,0,0
4628000,0,0
4630000,0,0
4632000,0,0
4634000,0,0
4636000,0,0
4638000,0,0
4640000,0,0
4642000,0,0
4644000,0,0
4646000,0,0
4648000,0,0
4650000,0,0
4652000,0,0
4654000,0,0
4656000,0,0
4658000,0,0
4660000,0,0
4662000,0,0
4664000,0,0
4666000,0,0
4668000,0,0
4670000,0,0
4672000,0,0
4674000,0,0
4676000,0,0
4678000,0,0
4680000,0,0
4682000,0,0
4684000,0,0
4686000,0,0
4688000,0,0
4690000,0,0
4692000,0,0
4694000,0,0
4696000,0,0
4698000,0,0
4700000,0,0
4702000,0,0
4704000,0,0
4706000,0,0
4708000,0,0
4710000,0,0
4712000,0,0
4714000,0,0
4716000,0,0
4718000,0,0
4720000,0,0
4722000,0,0
4724000,0,0
4726000,0,0
4728000,0,0
4730000,0,0
4732000,0,0
4734000,0,0
4736000,0,0
4738000,0,0
4740000,0,0
4742000,0,0
4744000,0,0
4746000,0,0
4748000,0,0
4750000,0,0
4752000,0,0
4754000,0,0
4756000,0,0
4758000,0,0
4760000,0,0
4762000,0,0
4764000,0,0
4766000,0,0
4768000,0,0
4770000,0,0
4772000,0,0
4774000,0,0
4776000,0,0
4778000,0,0
4780000,0,0
4782000,0,0
4784000,0,0
4786000,0,0
4788000,0,0
4790000,0,0
4792000,0,0
4794000,0,0
4796000,0,0
4798000,0,0
4800000,0,0
4802000,0,0
4804000,0,0
4806000,0,0
4808000,0,0
4810000,0,0
4812000,0,0
4814000,0,0
4816000,0,0
4818000,0,0
4820000,0,0
4822000,0,0
4824000,0,0
4826000,0,0
4828000,0,0
4830000,0,0
4832000,0,0
4834000,0,0
4836000,0,0
4838000,0,0
4840000,0,0
4842000,0,0
4844000,0,0
4846000,0,0
4848000,0,0
4850000,0,0
4852000,0,0
4854000,0,0
4856000,0,0
4858000,0,0
4860000,0,0
4862000,0,0
4864000,0,0
4866000,0,0
4868000,0,0
4870000,0,0
4872000,0,0
4874000,0,0
4876000,0,0
4878000,0,0
4880000,0,0
4882000,0,0
4884000,0,0
4886000,0,0
4888000,0,0
4890000,0,0
4892000,0,0
4894000,0,0
4896000,0,0
4898000,0,0
4900000,0,0
4902000,0,0
4904000,0,0
4906000,0,0
4908000,0,0
4910000,0,0
4912000,0,0
4914000,0,0
4916000,0,0
4918000,0,0
4920000,0,0
4922000,0,0
4924000,0,0
4926000,0,0
4928000,0,0
4930000,0,0
4932000,0,0
4934000,0,0
4936000,0,0
4938000,0,0
4940000,0,0
4942000,0,0
4944000,0,0
4946000,0,0
4948000,0,0
4950000,0,0
4952000,0,0
4954000,0,0
4956000,0,0
4958000,0,0
4960000,0,0
4962000,0,0
4964000,0,0
4966000,0,0
4968000,0,0
4970000,0,0
4972000,0,0
4974000,0,0
4976000,0,0
4978000,0,0
4980000,0,0
4982000,0,0
4984000,0,0
4986000,0,0
4988000,0,0
4990000,0,0
4992000,0,0
4994000,0,0
4996000,0,0
4998000,0,0
5000000,0,0
5002000,0,0
5004000,0,0
5006000,0,0
5008000,0,0
5010000,0,0
5012000,0,0
5014000,0,0
5016000,0,0
5018000,0,0
5020000,0,0
5022000,0,0
5024000,0,0
5026000,0,0
5028000,0,0
5030000,0,0
5032000,0,0
5034000,0,0
5036000,0,0
5038000,0,0
5040000,0,0
5042000,0,0
5044000,0,0
5046000,0,0
5048000,0,0
5050000,0,0
5052000,0,0
5054000,0,0
5056000,0,0
5058000,0,0
5060000,0,0
5062000,0,0
5064000,0,0
5066000,0,0
5068000,0,0
5070000,0,0
5072000,0,0
5074000,0,0
5076000,0,0
5078000,0,0
5080000,0,0
5082000,0,0
5084000,0,0
5086000,0,0
5088000,0,0
5090000,0,0
5092000,0,0
5094000,0,0
5096000,0,0
5098000,0,0
5100000,0,0
5102000,0,0
5104000,0,0
5106000,0,0
5108000,0,0
5110000,0,0
5112000,0,0
5114000,0,0
5116000,0,0
5118000,0,0
5120000,0,0
5122000,0,0
5124000,0,0
5126000,0,0
5128000,0,0
5130000,0,0
5132000,0,0
5134000,0,0
5136000,0,0
5138000,0,0
5140000,0,0
5142000,0,0
5144000,0,0
5146000,0,0
5148000,0,0
5150000,0,0
5152000,0,0
5154000,0,0
5156000,0,0
5158000,0,0
5160000,0,0
5162000,0,0
5164000,0,0
5166000,0,0
5168000,0,0
5170000,0,0
5172000,0,0
5174000,0,0
5176000,0,0
5178000,0,0
5180000,0,0
5182000,0,0
5184000,0,0
5186000,0,0
5188000,0,0
5190000,0,0
5192000,0,0
5194000,0,0
5196000,0,0
5198000,0,0
5200000,0,0
5202000,0,0
5204000,0,0
5206000,0,0
5208000,0,0
5210000,0,0
5212000,0,0
5214000,0,0
5216000,0,0
5218000,0,0
5220000,0,0
5222000,0,0
5224000,0,0
5226000,0,0
5228000,0,0
5230000,0,0
5232000,0,0
5234000,0,0
5236000,0,0
5238000,0,0
5240000,0,0
5242000,0,0
5244000,0,0
5246000,0,0
5248000,0,0
5250000,0,0
5252000,0,0
5254000,0,0
5256000,0,0
5258000,0,0
5260000,0,0
5262000,0,0
5264000,0,0
5266000,0,0
5268000,0,0
5270000,0,0
5272000,0,0
5274000,0,0
5276000,0,0
5278000,0,0
5280000,0,0
5282000,0,0
5284000,0,0
5286000,0,0
5288000,0,0
5290000,0,0
5292000,0,0
5294000,0,0
5296000,0,0
5298000,0,0
5300000,0,0
5302000,0,0
5304000,0,0
5306000,0,0
5308000,0,0
5310000,0,0
5312000,0,0
5314000,0,0
5316000,0,0
5318000,0,0
5320000,0,0
5322000,0,0
5324000,0,0
5326000,0,0
5328000,0,0
5330000,0,0
5332000,0,0
5334000,0,0
5336000,0,0
5338000,0,0
5340000,0,0
5342000,0,0
5344000,0,0
5346000,0,0
5348000,0,0
5350000,0,0
5352000,0,0
5354000,0,0
5356000,0,0
5358000,0,0
5360000,0,0
5362000,0,0
5364000,0,0
5366000,0,0
5368000,0,0
5370000,0,0
5372000,0,0
5374000,0,0
5376000,0,0
5378000,0,0
5380000,0,0
5382000,0,0
5384000,0,0
5386000,0,0
5388000,0,0
5390000,0,0
5392000,0,0
5394000,0,0
5396000,0,0
5398000,0,0
5400000,0,0
5402000,0,0
5404000,0,0
5406000,0,0
5408000,0,0
5410000,0,0
5412000,0,0
5414000,0,0
5416000,0,0
5418000,0,0
5420000,0,0
5422000,0,0
5424000,0,0
5426000,0,0
5428000,0,0
5430000,0,0
5432000,0,0
5434000,0,0
5436000,0,0
5438000,0,0
5440000,0,0
5442000,0,0
5444000,0,0
5446000,0,0
5448000,0,0
5450000,0,0
5452000,0,0
5454000,0,0
5456000,0,0
5458000,0,0
5460000,0,0
5462000,0,0
5464000,0,0
5466000,0,0
5468000,0,0
5470000,0,0
5472000,0,0
5474000,0,0
5476000,0,0
5478000,0,0
5480000,0,0
5482000,0,0
5484000,0,0
5486000,0,0
5488000,0,0
5490000,0,0
5492000,0,0
5494000,0,0
5496000,0,0
5498000,0,0
5500000,0,0
5502000,0,0
5504000,0,0
5506000,0,0
5508000,0,0
5510000,0,0
5512000,0,0
5514000,0,0
5516000,0,0
5518000,0,0
5520000,0,0
5522000,0,0
5524000,0,0
5526000,0,0
5528000,0,0
5530000,0,0
5532000,0,0
5534000,0,0
5536000,0,0
5538000,0,0
5540000,0,0
5542000,0,0
5544000,0,0
5546000,0,0
5548000,0,0
5550000,0,0
5552000,0,0
5554000,0,0
5556000,0,0
5558000,0,0
5560000,0,0
5562000,0,0
5564000,0,0
5566000,0,0
5568000,0,0
5570000,0,0
5572000,0,0
5574000,0,0
5576000,0,0
5578000,0,0
5580000,0,0
5582000,0,0
5584000,0,0
5586000,0,0
5588000,0,0
5590000,0,0
5592000,0,0
5594000,0,0
5596000,0,0
5598000,0,0
5600000,0,0
5602000,0,0
5604000,0,0
5606000,0,0
5608000,0,0
5610000,0,0
5612000,0,0
5614000,0,0
5616000,0,0
5618000,0,0
5620000,0,0
5622000,0,0
5624000,0,0
5626000,0,0
5628000,0,0
5630000,0,0
5632000,0,0
5634000,0,0
5636000,0,0
5638000,0,0
5640000,0,0
5642000,0,0
5644000,0,0
5646000,0,0
5648000,0,0
5650000,0,0
5652000,0,0
5654000,0,0
5656000,0,0
5658000,0,0
5660000,0,0
5662000,0,0
5664000,0,0
5666000,0,0
5668000,0,0
5670000,0,0
5672000,0,0
5674000,0,0
5676000,0,0
5678000,0,0
5680000,0,0
5682000,0,0
5684000,0,0
5686000,0,0
5688000,0,0
5690000,0,0
5692000,0,0
5694000,0,0
5696000,0,0
5698000,0,0
5700000,0,0
5702000,0,0
5704000,0,0
5706000,0,0
5708000,0,0
5710000,0,0
5712000,0,0
5714000,0,0
5716000,0,0
5718000,0,0
5720000,0,0
5722000,0,0
5724000,0,0
5726000,0,0
5728000,0,0
5730000,0,0
5732000,0,0
5734000,0,0
5736000,0,0
5738000,0,0
5740000,0,0
5742000,0,0
5744000,0,0
5746000,0,0
5748000,0,0
5750000,0,0
5752000,0,0
5754000,0,0
5756000,0,0
5758000,0,0
5760000,0,0
5762000,0,0
5764000,0,0
5766000,0,0
5768000,0,0
5770000,0,0
5772000,0,0
5774000,0,0
5776000,0,0
5778000,0,0
5780000,0,0
5782000,0,0
5784000,0,0
5786000,0,0
5788000,0,0
5790000,0,0
5792000,0,0
5794000,0,0
5796000,0,0
5798000,0,0
5800000,0,0
5802000,0,0
5804000,0,0
5806000,0,0
5808000,0,0
5810000,0,0
5812000,0,0
5814000,0,0
5816000,0,0
5818000,0,0
5820000,0,0
5822000,0,0
5824000,0,0
5826000,0,0
5828000,0,0
5830000,0,0
5832000,0,0
5834000,0,0
5836000,0,0
5838000,0,0
5840000,0,0
5842000,0,0
5844000,0,0
5846000,0,0
5848000,0,0
5850000,0,0
5852000,0,0
5854000,0,0
5856000,0,0
5858000,0,0
5860000,0,0
5862000,0,0
5864000,0,0
5866000,0,0
5868000,0,0
5870000,0,0
5872000,0,0
5874000,0,0
5876000,0,0
5878000,0,0
5880000,0,0
5882000,0,0
5884000,0,0
5886000,0,0
5888000,0,0
5890000,0,0
5892000,0,0
5894000,0,0
5896000,0,0
5898000,0,0
5900000,0,0
5902000,0,0
5904000,0,0
5906000,0,0
5908000,0,0
5910000,0,0
5912000,0,0
5914000,0,0
5916000,0,0
5918000,0,0
5920000,0,0
5922000,0,0
5924000,0,0
5926000,0,0
5928000,0,0
5930000,0,0
5932000,0,0
5934000,0,0
5936000,0,0
5938000,0,0
5940000,0,0
5942000,0,0
5944000,0,0
5946000,0,0
5948000,0,0
5950000,0,0
5952000,0,0
5954000,0,0
5956000,0,0
5958000,0,0
5960000,0,0
5962000,0,0
5964000,0,0
5966000,0,0
5968000,0,0
5970000,0,0
5972000,0,0
5974000,0,0
5976000,0,0
5978000,0,0
5980000,0,0
5982000,0,0
5984000,0,0
5986000,0,0
5988000,0,0
5990000,0,0
5992000,0,0
5994000,0,0
5996000,0,0
5998000,0,0
6000000,0,0
6002000,0,0
6004000,0,0
6006000,0,0
6008000,0,0
6010000,0,0
6012000,0,0
6014000,0,0
6016000,0,0
6018000,0,0
6020000,0,0
6022000,0,0
6024000,0,0
6026000,0,0
6028000,0,0
6030000,0,0
6032000,0,0
6034000,0,0
6036000,0,0
6038000,0,0
6040000,0,0
6042000,0,0
6044000,0,0
6046000,0,0
6048000,0,0
6050000,0,0
6052000,0,0
6054000,0,0
6056000,0,0
6058000,0,0
6060000,0,0
6062000,0,0
6064000,0,0
6066000,0,0
6068000,0,0
6070000,0,0
6072000,0,0
6074000,0,0
6076000,0,0
6078000,0,0
6080000,0,0
6082000,0,0
6084000,0,0
6086000,0,0
6088000,0,0
6090000,0,0
6092000,0,0
6094000,0,0
6096000,0,0
6098000,0,0
6100000,0,0
6102000,0,0
6104000,0,0
6106000,0,0
6108000,0,0
6110000,0,0
6112000,0,0
6114000,0,0
6116000,0,0
6118000,0,0
6120000,0,0
6122000,0,0
6124000,0,0
6126000,0,0
6128000,0,0
6130000,0,0
6132000,0,0
6134000,0,0
6136000,0,0
6138000,0,0
6140000,0,0
6142000,0,0
6144000,0,0
6146000,0,0
6148000,0,0
6150000,0,0
6152000,0,0
6154000,0,0
6156000,0,0
6158000,0,0
6160000,0,0
6162000,0,0
6164000,0,0
6166000,0,0
6168000,0,0
6170000,0,0
6172000,0,0
6174000,0,0
6176000,0,0
6178000,0,0
6180000,0,0
6182000,0,0
6184000,0,0
6186000,0,0
6188000,0,0
6190000,0,0
6192000,0,0
6194000,0,0
6196000,0,0
6198000,0,0
6200000,0,0
6202000,0,0
6204000,0,0
6206000,0,0
6208000,0,0
6210000,0,0
6212000,0,0
6214000,0,0
6216000,0,0
6218000,0,0
6220000,0,0
6222000,0,0
6224000,0,0
6226000,0,0
6228000,0,0
6230000,0,0
6232000,0,0
6234000,0,0
6236000,0,0
6238000,0,0
6240000,0,0
6242000,0,0
6244000,0,0
6246000,0,0
6248000,0,0
6250000,0,0
6252000,0,0
6254000,0,0
6256000,0,0
6258000,0,0
6260000,0,0
6262000,0,0
6264000,0,0
6266000,0,0
6268000,0,0
6270000,0,0
6272000,0,0
6274000,0,0
6276000,0,0
6278000,0,0
6280000,0,0
6282000,0,0
6284000,0,0
6286000,0,0
6288000,0,0
6290000,0,0
6292000,0,0
6294000,0,0
6296000,0,0
6298000,0,0
6300000,0,0
6302000,0,0
6304000,0,0
6306000,0,0
6308000,0,0
6310000,0,0
6312000,0,0
6314000,0,0
6316000,0,0
6318000,0,0
6320000,0,0
6322000,0,0
6324000,0,0
6326000,0,0
6328000,0,0
6330000,0,0
6332000,0,0
6334000,0,0
6336000,0,0
6338000,0,0
6340000,0,0
6342000,0,0
6344000,0,0
6346000,0,0
6348000,0,0
6350000,0,0
6352000,0,0
6354000,0,0
6356000,0,0
6358000,0,0
6360000,0,0
6362000,0,0
6364000,0,0
6366000,0,0
6368000,0,0
6370000,0,0
6372000,0,0
6374000,0,0
6376000,0,0
6378000,0,0
6380000,0,0
6382000,0,0
6384000,0,0
6386000,0,0
6388000,0,0
6390000,0,0
6392000,0,0
6394000,0,0
6396000,0,0
6398000,0,0
6400000,0,0
6402000,0,0
6404000,0,0
6406000,0,0
6408000,0,0
6410000,0,0
6412000,0,0
6414000,0,0
6416000,0,0
6418000,0,0
6420000,0,0
6422000,0,0
6424000,0,0
6426000,0,0
6428000,0,0
6430000,0,0
6432000,0,0
6434000,0,0
6436000,0,0
6438000,0,0
6440000,0,0
6442000,0,0
6444000,0,0
6446000,0,0
6448000,0,0
6450000,0,0
6452000,0,0
6454000,0,0
6456000,0,0
6458000,0,0
6460000,0,0
6462000,0,0
6464000,0,0
6466000,0,0
6468000,0,0
6470000,0,0
6472000,0,0
6474000,0,0
6476000,0,0
6478000,0,0
6480000,0,0
6482000,0,0
6484000,0,0
6486000,0,0
6488000,0,0
6490000,0,0
6492000,0,0
6494000,0,0
6496000,0,0
6498000,0,0
6500000,0,0
6502000,0,0
6504000,0,0
6506000,0,0
6508000,0,0
6510000,0,0
6512000,0,0
6514000,0,0
6516000,0,0
6518000,0,0
6520000,0,0
6522000,0,0
6524000,0,0
6526000,0,0
6528000,0,0
6530000,0,0
6532000,0,0
6534000,0,0
6536000,0,0
6538000,0,0
6540000,0,0
6542000,0,0
6544000,0,0
6546000,0,0
6548000,0,0
6550000,0,0
6552000,0,0
6554000,0,0
6556000,0,0
6558000,0,0
6560000,0,0
6562000,0,0
6564000,0,0
6566000,0,0
6568000,0,0
6570000,0,0
6572000,0,0
6574000,0,0
6576000,0,0
6578000,0,0
6580000,0,0
6582000,0,0
6584000,0,0
6586000,0,0
6588000,0,0
6590000,0,0
6592000,0,0
6594000,0,0
6596000,0,0
6598000,0,0
6600000,0,0
6602000,0,0
6604000,0,0
6606000,0,0
6608000,0,0
6610000,0,0
6612000,0,0
6614000,0,0
6616000,0,0
6618000,0,0
6620000,0,0
6622000,0,0
6624000,0,0
6626000,0,0
6628000,0,0
6630000,0,0
6632000,0,0
6634000,0,0
6636000,0,0
6638000,0,0
6640000,0,0
6642000,0,0
6644000,0,0
6646000,0,0
6648000,0,0
6650000,0,0
6652000,0,0
6654000,0,0
6656000,0,0
6658000,0,0
6660000,0,0
6662000,0,0
6664000,0,0
6666000,0,0
6668000,0,0
6670000,0,0
6672000,0,0
6674000,0,0
6676000,0,0
6678000,0,0
6680000,0,0
6682000,0,0
6684000,0,0
6686000,0,0
6688000,0,0
6690000,0,0
6692000,0,0
6694000,0,0
6696000,0,0
6698000,0,0
6700000,0,0
6702000,0,0
6704000,0,0
6706000,0,0
6708000,0,0
6710000,0,0
6712000,0,0
6714000,0,0
6716000,0,0
6718000,0,0
6720000,0,0
6722000,0,0
6724000,0,0
6726000,0,0
6728000,0,0
6730000,0,0
6732000,0,0
6734000,0,0
6736000,0,0
6738000,0,0
6740000,0,0
6742000,0,0
6744000,0,0
6746000,0,0
6748000,0,0
6750000,0,0
6752000,0,0
6754000,0,0
6756000,0,0
6758000,0,0
6760000,0,0
6762000,0,0
6764000,0,0
6766000,0,0
6768000,0,0
6770000,0,0
6772000,0,0
6774000,0,0
6776000,0,0
6778000,0,0
6780000,0,0
6782000,0,0
6784000,0,0
6786000,0,0
6788000,0,0
6790000,0,0
6792000,0,0
6794000,0,0
6796000,0,0
6798000,0,0
6800000,0,0
6802000,0,0
6804000,0,0
6806000,0,0
6808000,0,0
6810000,0,0
6812000,0,0
6814000,0,0
6816000,0,0
6818000,0,0
6820000,0,0
6822000,0,0
6824000,0,0
6826000,0,0
6828000,0,0
6830000,0,0
6832000,0,0
6834000,0,0
6836000,0,0
6838000,0,0
6840000,0,0
6842000,0,0
6844000,0,0
6846000,0,0
6848000,0,0
6850000,0,0
6852000,0,0
6854000,0,0
6856000,0,0
6858000,0,0
6860000,0,0
6862000,0,0
6864000,0,0
6866000,0,0
6868000,0,0
6870000,0,0
6872000,0,0
6874000,0,0
6876000,0,0
6878000,0,0
6880000,0,0
6882000,0,0
6884000,0,0
6886000,0,0
6888000,0,0
6890000,0,0
6892000,0,0
6894000,0,0
6896000,0,0
6898000,0,0
6900000,0,0
6902000,0,0
6904000,0,0
6906000,0,0
6908000,0,0
6910000,0,0
6912000,0,0
6914000,0,0
6916000,0,0
6918000,0,0
6920000,0,0
6922000,0,0
6924000,0,0
6926000,0,0
6928000,0,0
6930000,0,0
6932000,0,0
6934000,0,0
6936000,0,0
6938000,0,0
6940000,0,0
6942000,0,0
6944000,0,0
6946000,0,0
6948000,0,0
6950000,0,0
6952000,0,0
6954000,0,0
6956000,0,0
6958000,0,0
6960000,0,0
6962000,0,0
6964000,0,0
6966000,0,0
6968000,0,0
6970000,0,0
6972000,0,0
6974000,0,0
6976000,0,0
6978000,0,0
6980000,0,0
6982000,0,0
6984000,0,0
6986000,0,0
6988000,0,0
6990000,0,0
6992000,0,0
6994000,0,0
6996000,0,0
6998000,0,0
7000000,0,0
7002000,0,0
7004000,0,0
7006000,0,0
7008000,0,0
7010000,0,0
7012000,0,0
7014000,0,0
7016000,0,0
7018000,0,0
7020000,0,0
7022000,0,0
7024000,0,0
7026000,0,0
7028000,0,0
7030000,0,0
7032000,0,0
7034000,0,0
7036000,0,0
7038000,0,0
7040000,0,0
7042000,0,0
7044000,0,0
7046000,0,0
7048000,0,0
7050000,0,0
7052000,0,0
7054000,0,0
7056000,0,0
7058000,0,0
7060000,0,0
7062000,0,0
7064000,0,0
7066000,0,0
7068000,0,0
7070000,0,0
7072000,0,0
7074000,0,0
7076000,0,0
7078000,0,0
7080000,0,0
7082000,0,0
7084000,0,0
7086000,0,0
7088000,0,0
7090000,0,0
7092000,0,0
7094000,0,0
7096000,0,0
7098000,0,0
7100000,0,0
7102000,0,0
7104000,0,0
7106000,0,0
7108000,0,0
7110000,0,0
7112000,0,0
7114000,0,0
7116000,0,0
7118000,0,0
7120000,0,0
7122000,0,0
7124000,0,0
7126000,0,0
7128000,0,0
7130000,0,0
7132000,0,0
7134000,0,0
7136000,0,0
7138000,0,0
7140000,0,0
7142000,0,0
7144000,0,0
7146000,0,0
7148000,0,0
7150000,0,0
7152000,0,0
7154000,0,0
7156000,0,0
7158000,0,0
7160000,0,0
7162000,0,0
7164000,0,0
7166000,0,0
7168000,0,0
7170000,0,0
7172000,0,0
7174000,0,0
7176000,0,0
7178000,0,0
7180000,0,0
7182000,0,0
7184000,0,0
7186000,0,0
7188000,0,0
7190000,0,0
7192000,0,0
7194000,0,0
7196000,0,0
7198000,0,0
7200000,0,0
7202000,0,0
7204000,0,0
7206000,0,0
7208000,0,0
7210000,0,0
7212000,0,0
7214000,0,0
7216000,0,0
7218000,0,0
7220000,0,0
7222000,0,0
7224000,0,0
7226000,0,0
7228000,0,0
7230000,0,0
7232000,0,0
7234000,0,0
7236000,0,0
7238000,0,0
7240000,0,0
7242000,0,0
7244000,0,0
7246000,0,0
7248000,0,0
7250000,0,0
7252000,0,0
7254000,0,0
7256000,0,0
7258000,0,0
7260000,0,0
7262000,0,0
7264000,0,0
7266000,0,0
7268000,0,0
7270000,0,0
7272000,0,0
7274000,0,0
7276000,0,0
7278000,0,0
7280000,0,0
7282000,0,0
7284000,0,0
7286000,0,0
7288000,0,0
7290000,0,0
7292000,0,0
7294000,0,0
7296000,0,0
7298000,0,0
7300000,0,0
7302000,0,0
7304000,0,0
7306000,0,0
7308000,0,0
7310000,0,0
7312000,0,0
7314000,0,0
7316000,0,0
7318000,0,0
7320000,0,0
7322000,0,0
7324000,0,0
7326000,0,0
7328000,0,0
7330000,0,0
7332000,0,0
7334000,0,0
7336000,0,0
7338000,0,0
7340000,0,0
7342000,0,0
7344000,0,0
7346000,0,0
7348000,0,0
7350000,0,0
7352000,0,0
7354000,0,0
7356000,0,0
7358000,0,0
7360000,0,0
7362000,0,0
7364000,0,0
7366000,0,0
7368000,0,0
7370000,0,0
7372000,0,0
7374000,0,0
7376000,0,0
7378000,0,0
7380000,0,0
7382000,0,0
7384000,0,0
7386000,0,0
7388000,0,0
7390000,0,0
7392000,0,0
7394000,0,0
7396000,0,0
7398000,0,0
7400000,0,0
7402000,0,0
7404000,0,0
7406000,0,0
7408000,0,0
7410000,0,0
7412000,0,0
7414000,0,0
7416000,0,0
7418000,0,0
7420000,0,0
7422000,0,0
7424000,0,0
7426000,0,0
7428000,0,0
7430000,0,0
7432000,0,0
7434000,0,0
7436000,0,0
7438000,0,0
7440000,0,0
7442000,0,0
7444000,0,0
7446000,0,0
7448000,0,0
7450000,0,0
7452000,0,0
7454000,0,0
7456000,0,0
7458000,0,0
7460000,0,0
7462000,0,0
7464000,0,0
7466000,0,0
7468000,0,0
7470000,0,0
7472000,0,0
7474000,0,0
7476000,0,0
7478000,0,0
7480000,0,0
7482000,0,0
7484000,0,0
7486000,0,0
7488000,0,0
7490000,0,0
7492000,0,0
7494000,0,0
7496000,0,0
7498000,0,0
7500000,0,0
7502000,0,0
7504000,0,0
7506000,0,0
7508000,0,0
7510000,0,0
7512000,0,0
7514000,0,0
7516000,0,0
7518000,0,0
7520000,0,0
7522000,0,0
7524000,0,0
7526000,0,0
7528000,0,0
7530000,0,0
7532000,0,0
7534000,0,0
7536000,0,0
7538000,0,0
7540000,0,0
7542000,0,0
7544000,0,0
7546000,0,0
7548000,0,0
7550000,0,0
7552000,0,0
7554000,0,0
7556000,0,0
7558000,0,0
7560000,0,0
7562000,0,0
7564000,0,0
7566000,0,0
7568000,0,0
7570000,0,0
7572000,0,0
7574000,0,0
7576000,0,0
7578000,0,0
7580000,0,0
7582000,0,0
7584000,0,0
7586000,0,0
7588000,0,0
7590000,0,0
7592000,0,0
7594000,0,0
7596000,0,0
7598000,0,0
7600000,0,0
7602000,0,0
7604000,0,0
7606000,0,0
7608000,0,0
7610000,0,0
7612000,0,0
7614000,0,0
7616000,0,0
7618000,0,0
7620000,0,0
7622000,0,0
7624000,0,0
7626000,0,0
7628000,0,0
7630000,0,0
7632000,0,0
7634000,0,0
7636000,0,0
7638000,0,0
7640000,0,0
7642000,0,0
7644000,0,0
7646000,0,0
7648000,0,0
7650000,0,0
7652000,0,0
7654000,0,0
7656000,0,0
7658000,0,0
7660000,0,0
7662000,0,0
7664000,0,0
7666000,0,0
7668000,0,0
7670000,0,0
7672000,0,0
7674000,0,0
7676000,0,0
7678000,0,0
7680000,0,0
7682000,0,0
7684000,0,0
7686000,0,0
7688000,0,0
7690000,0,0
7692000,0,0
7694000,0,0
7696000,0,0
7698000,0,0
7700000,0,0
7702000,0,0
7704000,0,0
7706000,0,0
7708000,0,0
7710000,0,0
7712000,0,0
7714000,0,0
7716000,0,0
7718000,0,0
7720000,0,0
7722000,0,0
7724000,0,0
7726000,0,0
7728000,0,0
7730000,0,0
7732000,0,0
7734000,0,0
7736000,0,0
7738000,0,0
7740000,0,0
7742000,0,0
7744000,0,0
7746000,0,0
7748000,0,0
7750000,0,0
7752000,0,0
7754000,0,0
7756000,0,0
7758000,0,0
7760000,0,0
7762000,0,0
7764000,0,0
7766000,0,0
7768000,0,0
7770000,0,0
7772000,0,0
7774000,0,0
7776000,0,0
7778000,0,0
7780000,0,0
7782000,0,0
7784000,0,0
7786000,0,0
7788000,0,0
7790000,0,0
7792000,0,0
7794000,0,0
7796000,0,0
7798000,0,0
7800000,0,0
7802000,0,0
7804000,0,0
7806000,0,0
7808000,0,0
7810000,0,0
7812000,0,0
7814000,0,0
7816000,0,0
7818000,0,0
7820000,0,0
7822000,0,0
7824000,0,0
7826000,0,0
7828000,0,0
7830000,0,0
7832000,0,0
7834000,0,0
7836000,0,0
7838000,0,0
7840000,0,0
7842000,0,0
7844000,0,0
7846000,0,0
7848000,0,0
7850000,0,0
7852000,0,0
7854000,0,0
7856000,0,0
7858000,0,0
7860000,0,0
7862000,0,0
7864000,0,0
7866000,0,0
7868000,0,0
7870000,0,0
7872000,0,0
7874000,0,0
7876000,0,0
7878000,0,0
7880000,0,0
7882000,0,0
7884000,0,0
7886000,0,0
7888000,0,0
7890000,0,0
7892000,0,0
7894000,0,0
7896000,0,0
7898000,0,0
7900000,0,0
7902000,0,0
7904000,0,0
7906000,0,0
7908000,0,0
7910000,0,0
7912000,0,0
7914000,0,0
7916000,0,0
7918000,0,0
7920000,0,0
7922000,0,0
7924000,0,0
7926000,0,0
7928000,0,0
7930000,0,0
7932000,0,0
7934000,0,0
7936000,0,0
7938000,0,0
7940000,0,0
7942000,0,0
7944000,0,0
7946000,0,0
7948000,0,0
7950000,0,0
7952000,0,0
7954000,0,0
7956000,0,0
7958000,0,0
7960000,0,0
7962000,0,0
7964000,0,0
7966000,0,0
7968000,0,0
7970000,0,0
7972000,0,0
7974000,0,0
7976000,0,0
7978000,0,0
7980000,0,0
7982000,0,0
7984000,0,0
7986000,0,0
7988000,0,0
7990000,0,0
7992000,0,0
7994000,0,0
7996000,0,0
7998000,0,0
8000000,0,0
8002000,0,0
8004000,0,0
8006000,0,0
8008000,0,0
8010000,0,0
8012000,0,0
8014000,0,0
8016000,0,0
8018000,0,0
8020000,0,0
8022000,0,0
8024000,0,0
8026000,0,0
8028000,0,0
8030000,0,0
8032000,0,0
8034000,0,0
8036000,0,0
8038000,0,0
8040000,0,0
8042000,0,0
8044000,0,0
8046000,0,0
8048000,0,0
8050000,0,0
8052000,0,0
8054000,0,0
8056000,0,0
8058000,0,0
8060000,0,0
8062000,0,0
8064000,0,0
8066000,0,0
8068000,0,0
8070000,0,0
8072000,0,0
8074000,0,0
8076000,0,0
8078000,0,0
8080000,0,0
8082000,0,0
8084000,0,0
8086000,0,0
8088000,0,0
8090000,0,0
8092000,0,0
8094000,0,0
8096000,0,0
8098000,0,0
8100000,0,0
8102000,0,0
8104000,0,0
8106000,0,0
8108000,0,0
8110000,0,0
8112000,0,0
8114000,0,0
8116000,0,0
8118000,0,0
8120000,0,0
8122000,0,0
8124000,0,0
8126000,0,0
8128000,0,0
8130000,0,0
8132000,0,0
8134000,0,0
8136000,0,0
8138000,0,0
8140000,0,0
8142000,0,0
8144000,0,0
8146000,0,0
8148000,0,0
8150000,0,0
8152000,0,0
8154000,0,0
8156000,0,0
8158000,0,0
8160000,0,0
8162000,0,0
8164000,0,0
8166000,0,0
8168000,0,0
8170000,0,0
8172000,0,0
8174000,0,0
8176000,0,0
8178000,0,0
8180000,0,0
8182000,0,0
8184000,0,0
8186000,0,0
8188000,0,0
8190000,0,0
8192000,0,0
8194000,0,0
8196000,0,0
8198000,0,0
8200000,0,0
8202000,0,0
8204000,0,0
8206000,0,0
8208000,0,0
8210000,0,0
8212000,0,0
8214000,0,0
8216000,0,0
8218000,0,0
8220000,0,0
8222000,0,0
8224000,0,0
8226000,0,0
8228000,0,0
8230000,0,0
8232000,0,0
8234000,0,0
8236000,0,0
8238000,0,0
8240000,0,0
8242000,0,0
8244000,0,0
8246000,0,0
8248000,0,0
8250000,0,0
8252000,0,0
8254000,0,0
8256000,0,0
8258000,0,0
8260000,0,0
8262000,0,0
8264000,0,0
8266000,0,0
8268000,0,0
8270000,0,0
8272000,0,0
8274000,0,0
8276000,0,0
8278000,0,0
8280000,0,0
8282000,0,0
8284000,0,0
8286000,0,0
8288000,0,0
8290000,0,0
8292000,0,0
8294000,0,0
8296000,0,0
8298000,0,0
8300000,0,0
8302000,0,0
8304000,0,0
8306000,0,0
8308000,0,0
8310000,0,0
8312000,0,0
8314000,0,0
8316000,0,0
8318000,0,0
8320000,0,0
8322000,0,0
8324000,0,0
8326000,0,0
8328000,0,0
8330000,0,0
8332000,0,0
8334000,0,0
8336000,0,0
8338000,0,0
8340000,0,0
8342000,0,0
8344000,0,0
8346000,0,0
8348000,0,0
8350000,0,0
8352000,0,0
8354000,0,0
8356000,0,0
8358000,0,0
8360000,0,0
8362000,0,0
8364000,0,0
8366000,0,0
8368000,0,0
8370000,0,0
8372000,0,0
8374000,0,0
8376000,0,0
8378000,0,0
8380000,0,0
8382000,0,0
8384000,0,0
8386000,0,0
8388000,0,0
8390000,0,0
8392000,0,0
8394000,0,0
8396000,0,0
8398000,0,0
8400000,0,0
8402000,0,0
8404000,0,0
8406000,0,0
8408000,0,0
8410000,0,0
8412000,0,0
8414000,0,0
8416000,0,0
8418000,0,0
8420000,0,0
8422000,0,0
8424000,0,0
8426000,0,0
8428000,0,0
8430000,0,0
8432000,0,0
8434000,0,0
8436000,0,0
8438000,0,0
8440000,0,0
8442000,0,0
8444000,0,0
8446000,0,0
8448000,0,0
8450000,0,0
8452000,0,0
8454000,0,0
8456000,0,0
8458000,0,0
8460000,0,0
8462000,0,0
8464000,0,0
8466000,0,0
8468000,0,0
8470000,0,0
8472000,0,0
8474000,0,0
8476000,0,0
8478000,0,0
8480000,0,0
8482000,0,0
8484000,0,0
8486000,0,0
8488000,0,0
8490000,0,0
8492000,0,0
8494000,0,0
8496000,0,0
8498000,0,0
8500000,0,0
8502000,0,0
8504000,0,0
8506000,0,0
8508000,0,0
8510000,0,0
8512000,0,0
8514000,0,0
8516000,0,0
8518000,0,0
8520000,0,0
8522000,0,0
8524000,0,0
8526000,0,0
8528000,0,0
8530000,0,0
8532000,0,0
8534000,0,0
8536000,0,0
8538000,0,0
8540000,0,0
8542000,0,0
8544000,0,0
8546000,0,0
8548000,0,0
8550000,0,0
8552000,0,0
8554000,0,0
8556000,0,0
8558000,0,0
8560000,0,0
8562000,0,0
8564000,0,0
8566000,0,0
8568000,0,0
8570000,0,0
8572000,0,0
8574000,0,0
8576000,0,0
8578000,0,0
8580000,0,0
8582000,0,0
8584000,0,0
8586000,0,0
8588000,0,0
8590000,0,0
8592000,0,0
8594000,0,0
8596000,0,0
8598000,0,0
8600000,0,0
8602000,0,0
8604000,0,0
8606000,0,0
8608000,0,0
8610000,0,0
8612000,0,0
8614000,0,0
8616000,0,0
8618000,0,0
8620000,0,0
8622000,0,0
8624000,0,0
8626000,0,0
8628000,0,0
8630000,0,0
8632000,0,0
8634000,0,0
8636000,0,0
8638000,0,0
8640000,0,0
8642000,0,0
8644000,0,0
8646000,0,0
8648000,0,0
8650000,0,0
8652000,0,0
8654000,0,0
8656000,0,0
8658000,0,0
8660000,0,0
8662000,0,0
8664000,0,0
8666000,0,0
8668000,0,0
8670000,0,0
8672000,0,0
8674000,0,0
8676000,0,0
8678000,0,0
8680000,0,0
8682000,0,0
8684000,0,0
8686000,0,0
8688000,0,0
8690000,0,0
8692000,0,0
8694000,0,0
8696000,0,0
8698000,0,0
8700000,0,0
8702000,0,0
8704000,0,0
8706000,0,0
8708000,0,0
8710000,0,0
8712000,0,0
8714000,0,0
8716000,0,0
8718000,0,0
8720000,0,0
8722000,0,0
8724000,0,0
8726000,0,0
8728000,0,0
8730000,0,0
8732000,0,0
8734000,0,0
8736000,0,0
8738000,0,0
8740000,0,0
8742000,0,0
8744000,0,0
8746000,0,0
8748000,0,0
8750000,0,0
8752000,0,0
8754000,0,0
8756000,0,0
8758000,0,0
8760000,0,0
8762000,0,0
8764000,0,0
8766000,0,0
8768000,0,0
8770000,0,0
8772000,0,0
8774000,0,0
8776000,0,0
8778000,0,0
8780000,0,0
8782000,0,0
8784000,0,0
8786000,0,0
8788000,0,0
8790000,0,0
8792000,0,0
8794000,0,0
8796000,0,0
8798000,0,0
8800000,0,0
8802000,0,0
8804000,0,0
8806000,0,0
8808000,0,0
8810000,0,0
8812000,0,0
8814000,0,0
8816000,0,0
8818000,0,0
8820000,0,0
8822000,0,0
8824000,0,0
8826000,0,0
8828000,0,0
8830000,0,0
8832000,0,0
8834000,0,0
8836000,0,0
8838000,0,0
8840000,0,0
8842000,0,0
8844000,0,0
8846000,0,0
8848000,0,0
8850000,0,0
8852000,0,0
8854000,0,0
8856000,0,0
8858000,0,0
8860000,0,0
8862000,0,0
8864000,0,0
8866000,0,0
8868000,0,0
8870000,0,0
8872000,0,0
8874000,0,0
8876000,0,0
8878000,0,0
8880000,0,0
8882000,0,0
8884000,0,0
8886000,0,0
8888000,0,0
8890000,0,0
8892000,0,0
8894000,0,0
8896000,0,0
8898000,0,0
8900000,0,0
8902000,0,0
8904000,0,0
8906000,0,0
8908000,0,0
8910000,0,0
8912000,0,0
8914000,0,0
8916000,0,0
8918000,0,0
8920000,0,0
8922000,0,0
8924000,0,0
8926000,0,0
8928000,0,0
8930000,0,0
8932000,0,0
8934000,0,0
8936000,0,0
8938000,0,0
8940000,0,0
8942000,0,0
8944000,0,0
8946000,0,0
8948000,0,0
8950000,0,0
8952000,0,0
8954000,0,0
8956000,0,0
8958000,0,0
8960000,0,0
8962000,0,0
8964000,0,0
8966000,0,0
8968000,0,0
8970000,0,0
8972000,0,0
8974000,0,0
8976000,0,0
8978000,0,0
8980000,0,0
8982000,0,0
8984000,0,0
8986000,0,0
8988000,0,0
8990000,0,0
8992000,0,0
8994000,0,0
8996000,0,0
8998000,0,0
9000000,0,0
9002000,0,0
9004000,0,0
9006000,0,0
9008000,0,0
9010000,0,0
9012000,0,0
9014000,0,0
9016000,0,0
9018000,0,0
9020000,0,0
9022000,0,0
9024000,0,0
9026000,0,0
9028000,0,0
9030000,0,0
9032000,0,0
9034000,0,0
9036000,0,0
9038000,0,0
9040000,0,0
9042000,0,0
9044000,0,0
9046000,0,0
9048000,0,0
9050000,0,0
9052000,0,0
9054000,0,0
9056000,0,0
9058000,0,0
9060000,0,0
9062000,0,0
9064000,0,0
9066000,0,0
9068000,0,0
9070000,0,0
9072000,0,0
9074000,0,0
9076000,0,0
9078000,0,0
9080000,0,0
9082000,0,0
9084000,0,0
9086000,0,0
9088000,0,0
9090000,0,0
9092000,0,0
9094000,0,0
9096000,0,0
9098000,0,0
9100000,0,0
9102000,0,0
9104000,0,0
9106000,0,0
9108000,0,0
9110000,0,0
9112000,0,0
9114000,0,0
9116000,0,0
9118000,0,0
9120000,0,0
9122000,0,0
9124000,0,0
9126000,0,0
9128000,0,0
9130000,0,0
9132000,0,0
9134000,0,0
9136000,0,0
9138000,0,0
9140000,0,0
9142000,0,0
9144000,0,0
9146000,0,0
9148000,0,0
9150000,0,0
9152000,0,0
9154000,0,0
9156000,0,0
9158000,0,0
9160000,0,0
9162000,0,0
9164000,0,0
9166000,0,0
9168000,0,0
9170000,0,0
9172000,0,0
9174000,0,0
9176000,0,0
9178000,0,0
9180000,0,0
9182000,0,0
9184000,0,0
9186000,0,0
9188000,0,0
9190000,0,0
9192000,0,0
9194000,0,0
9196000,0,0
9198000,0,0
9200000,0,0
9202000,0,0
9204000,0,0
9206000,0,0
9208000,0,0
9210000,0,0
9212000,0,0
9214000,0,0
9216000,0,0
9218000,0,0
9220000,0,0
9222000,0,0
9224000,0,0
9226000,0,0
9228000,0,0
9230000,0,0
9232000,0,0
9234000,0,0
9236000,0,0
9238000,0,0
9240000,0,0
9242000,0,0
9244000,0,0
9246000,0,0
9248000,0,0
9250000,0,0
9252000,0,0
9254000,0,0
9256000,0,0
9258000,0,0
9260000,0,0
9262000,0,0
9264000,0,0
9266000,0,0
9268000,0,0
9270000,0,0
9272000,0,0
9274000,0,0
9276000,0,0
9278000,0,0
9280000,0,0
9282000,0,0
9284000,0,0
9286000,0,0
9288000,0,0
9290000,0,0
9292000,0,0
9294000,0,0
9296000,0,0
9298000,0,0
9300000,0,0
9302000,0,0
9304000,0,0
9306000,0,0
9308000,0,0
9310000,0,0
9312000,0,0
9314000,0,0
9316000,0,0
9318000,0,0
9320000,0,0
9322000,0,0
9324000,0,0
9326000,0,0
9328000,0,0
9330000,0,0
9332000,0,0
9334000,0,0
9336000,0,0
9338000,0,0
9340000,0,0
9342000,0,0
9344000,0,0
9346000,0,0
9348000,0,0
9350000,0,0
9352000,0,0
9354000,0,0
9356000,0,0
9358000,0,0
9360000,0,0
9362000,0,0
9364000,0,0
9366000,0,0
9368000,0,0
9370000,0,0
9372000,0,0
9374000,0,0
9376000,0,0
9378000,0,0
9380000,0,0
9382000,0,0
9384000,0,0
9386000,0,0
9388000,0,0
9390000,0,0
9392000,0,0
9394000,0,0
9396000,0,0
9398000,0,0
9400000,0,0
9402000,0,0
9404000,0,0
9406000,0,0
9408000,0,0
9410000,0,0
9412000,0,0
9414000,0,0
9416000,0,0
9418000,0,0
9420000,0,0
9422000,0,0
9424000,0,0
9426000,0,0
9428000,0,0
9430000,0,0
9432000,0,0
9434000,0,0
9436000,0,0
9438000,0,0
9440000,0,0
9442000,0,0
9444000,0,0
9446000,0,0
9448000,0,0
9450000,0,0
9452000,0,0
9454000,0,0
9456000,0,0
9458000,0,0
9460000,0,0
9462000,0,0
9464000,0,0
9466000,0,0
9468000,0,0
9470000,0,0
9472000,0,0
9474000,0,0
9476000,0,0
9478000,0,0
9480000,0,0
9482000,0,0
9484000,0,0
9486000,0,0
9488000,0,0
9490000,0,0
9492000,0,0
9494000,0,0
9496000,0,0
9498000,0,0
9500000,0,0
9502000,0,0
9504000,0,0
9506000,0,0
9508000,0,0
9510000,0,0
9512000,0,0
9514000,0,0
9516000,0,0
9518000,0,0
9520000,0,0
9522000,0,0
9524000,0,0
9526000,0,0
9528000,0,0
9530000,0,0
9532000,0,0
9534000,0,0
9536000,0,0
9538000,0,0
9540000,0,0
9542000,0,0
9544000,0,0
9546000,0,0
9548000,0,0
9550000,0,0
9552000,0,0
9554000,0,0
9556000,0,0
9558000,0,0
9560000,0,0
9562000,0,0
9564000,0,0
9566000,0,0
9568000,0,0
9570000,0,0
9572000,0,0
9574000,0,0
9576000,0,0
9578000,0,0
9580000,0,0
9582000,0,0
9584000,0,0
9586000,0,0
9588000,0,0
9590000,0,0
9592000,0,0
9594000,0,0
9596000,0,0
9598000,0,0
9600000,0,0
9602000,0,0
9604000,0,0
9606000,0,0
9608000,0,0
9610000,0,0
9612000,0,0
9614000,0,0
9616000,0,0
9618000,0,0
9620000,0,0
9622000,0,0
9624000,0,0
9626000,0,0
9628000,0,0
9630000,0,0
9632000,0,0
9634000,0,0
9636000,0,0
9638000,0,0
9640000,0,0
9642000,0,0
9644000,0,0
9646000,0,0
9648000,0,0
9650000,0,0
9652000,0,0
9654000,0,0
9656000,0,0
9658000,0,0
9660000,0,0
9662000,0,0
9664000,0,0
9666000,0,0
9668000,0,0
9670000,0,0
9672000,0,0
9674000,0,0
9676000,0,0
9678000,0,0
9680000,0,0
9682000,0,0
9684000,0,0
9686000,0,0
9688000,0,0
9690000,0,0
9692000,0,0
9694000,0,0
9696000,0,0
9698000,0,0
9700000,0,0
9702000,0,0
9704000,0,0
9706000,0,0
9708000,0,0
9710000,0,0
9712000,0,0
9714000,0,0
9716000,0,0
9718000,0,0
9720000,0,0
9722000,0,0
9724000,0,0
9726000,0,0
9728000,0,0
9730000,0,0
9732000,0,0
9734000,0,0
9736000,0,0
9738000,0,0
9740000,0,0
9742000,0,0
9744000,0,0
9746000,0,0
9748000,0,0
9750000,0,0
9752000,0,0
9754000,0,0
9756000,0,0
9758000,0,0
9760000,0,0
9762000,0,0
9764000,0,0
9766000,0,0
9768000,0,0
9770000,0,0
9772000,0,0
9774000,0,0
9776000,0,0
9778000,0,0
9780000,0,0
9782000,0,0
9784000,0,0
9786000,0,0
9788000,0,0
9790000,0,0
9792000,0,0
9794000,0,0
9796000,0,0
9798000,0,0
9800000,0,0
9802000,0,0
9804000,0,0
9806000,0,0
9808000,0,0
9810000,0,0
9812000,0,0
9814000,0,0
9816000,0,0
9818000,0,0
9820000,0,0
9822000,0,0
9824000,0,0
9826000,0,0
9828000,0,0
9830000,0,0
9832000,0,0
9834000,0,0
9836000,0,0
9838000,0,0
9840000,0,0
9842000,0,0
9844000,0,0
9846000,0,0
9848000,0,0
9850000,0,0
9852000,0,0
9854000,0,0
9856000,0,0
9858000,0,0
9860000,0,0
9862000,0,0
9864000,0,0
9866000,0,0
9868000,0,0
9870000,0,0
9872000,0,0
9874000,0,0
9876000,0,0
9878000,0,0
9880000,0,0
9882000,0,0
9884000,0,0
9886000,0,0
9888000,0,0
9890000,0,0
9892000,0,0
9894000,0,0
9896000,0,0
9898000,0,0
9900000,0,0
9902000,0,0
9904000,0,0
9906000,0,0
9908000,0,0
9910000,0,0
9912000,0,0
9914000,0,0
9916000,0,0
9918000,0,0
9920000,0,0
9922000,0,0
9924000,0,0
9926000,0,0
9928000,0,0
9930000,0,0
9932000,0,0
9934000,0,0
9936000,0,0
9938000,0,0
9940000,0,0
9942000,0,0
9944000,0,0
9946000,0,0
9948000,0,0
9950000,0,0
9952000,0,0
9954000,0,0
9956000,0,0
9958000,0,0
9960000,0,0
9962000,0,0
9964000,0,0
9966000,0,0
9968000,0,0
9970000,0,0
9972000,0,0
9974000,0,0
9976000,0,0
9978000,0,0
9980000,0,0
9982000,0,0
9984000,0,0
9986000,0,0
9988000,0,0
9990000,0,0
9992000,0,0
9994000,0,0
9996000,0,0
9998000,0,0
10000000,0,0
10002000,0,0
10004000,0,0
10006000,0,0
10008000,0,0
10010000,0,0
10012000,0,0
10014000,0,0
10016000,0,0
10018000,0,0
10020000,0,0
10022000,0,0
10024000,0,0
10026000,0,0
10028000,0,0
10030000,0,0
10032000,0,0
10034000,0,0
10036000,0,0
10038000,0,0
10040000,0,0
10042000,0,0
10044000,0,0
10046000,0,0
10048000,0,0
10050000,0,0
10052000,0,0
10054000,0,0
10056000,0,0
10058000,0,0
10060000,0,0
10062000,0,0
10064000,0,0
10066000,0,0
10068000,0,0
10070000,0,0
10072000,0,0
10074000,0,0
10076000,0,0
10078000,0,0
10080000,0,0
10082000,0,0
10084000,0,0
10086000,0,0
10088000,0,0
10090000,0,0
10092000,0,0
10094000,0,0
10096000,0,0
10098000,0,0
10100000,0,0
10102000,0,0
10104000,0,0
10106000,0,0
10108000,0,0
10110000,0,0
10112000,0,0
10114000,0,0
10116000,0,0
10118000,0,0
10120000,0,0
10122000,0,0
10124000,0,0
10126000,0,0
10128000,0,0
10130000,0,0
10132000,0,0
10134000,0,0
10136000,0,0
10138000,0,0
10140000,0,0
10142000,0,0
10144000,0,0
10146000,0,0
10148000,0,0
10150000,0,0
10152000,0,0
10154000,0,0
10156000,0,0
10158000,0,0
10160000,0,0
10162000,0,0
10164000,0,0
10166000,0,0
10168000,0,0
10170000,0,0
10172000,0,0
10174000,0,0
10176000,0,0
10178000,0,0
10180000,0,0
10182000,0,0
10184000,0,0
10186000,0,0
10188000,0,0
10190000,0,0
10192000,0,0
10194000,0,0
10196000,0,0
10198000,0,0
10200000,0,0
10202000,0,0
10204000,0,0
10206000,0,0
10208000,0,0
10210000,0,0
10212000,0,0
10214000,0,0
10216000,0,0
10218000,0,0
10220000,0,0
10222000,0,0
10224000,0,0
10226000,0,0
10228000,0,0
10230000,0,0
10232000,0,0
10234000,0,0
10236000,0,0
10238000,0,0
10240000,0,0
10242000,0,0
10244000,0,0
10246000,0,0
10248000,0,0
10250000,0,0
10252000,0,0
10254000,0,0
10256000,0,0
10258000,0,0
10260000,0,0
10262000,0,0
10264000,0,0
10266000,0,0
10268000,0,0
10270000,0,0
10272000,0,0
10274000,0,0
10276000,0,0
10278000,0,0
10280000,0,0
10282000,0,0
10284000,0,0
10286000,0,0
10288000,0,0
10290000,0,0
10292000,0,0
10294000,0,0
10296000,0,0
10298000,0,0
10300000,0,0
10302000,0,0
10304000,0,0
10306000,0,0
10308000,0,0
10310000,0,0
10312000,0,0
10314000,0,0
10316000,0,0
10318000,0,0
10320000,0,0
10322000,0,0
10324000,0,0
10326000,0,0
10328000,0,0
10330000,0,0
10332000,0,0
10334000,0,0
10336000,0,0
10338000,0,0
10340000,0,0
10342000,0,0
10344000,0,0
10346000,0,0
10348000,0,0
10350000,0,0
10352000,0,0
10354000,0,0
10356000,0,0
10358000,0,0
10360000,0,0
10362000,0,0
10364000,0,0
10366000,0,0
10368000,0,0
10370000,0,0
10372000,0,0
10374000,0,0
10376000,0,0
10378000,0,0
10380000,0,0
10382000,0,0
10384000,0,0
10386000,0,0
10388000,0,0
10390000,0,0
10392000,0,0
10394000,0,0
10396000,0,0
10398000,0,0
10400000,0,0
10402000,0,0
10404000,0,0
10406000,0,0
10408000,0,0
10410000,0,0
10412000,0,0
10414000,0,0
10416000,0,0
10418000,0,0
10420000,0,0
10422000,0,0
10424000,0,0
10426000,0,0
10428000,0,0
10430000,0,0
10432000,0,0
10434000,0,0
10436000,0,0
10438000,0,0
10440000,0,0
10442000,0,0
10444000,0,0
10446000,0,0
10448000,0,0
10450000,0,0
10452000,0,0
10454000,0,0
10456000,0,0
10458000,0,0
10460000,0,0
10462000,0,0
10464000,0,0
10466000,0,0
10468000,0,0
10470000,0,0
10472000,0,0
10474000,0,0
10476000,0,0
10478000,0,0
10480000,0,0
10482000,0,0
10484000,0,0
10486000,0,0
10488000,0,0
10490000,0,0
10492000,0,0
10494000,0,0
10496000,0,0
10498000,0,0
10500000,0,0
10502000,0,0
10504000,0,0
10506000,0,0
10508000,0,0
10510000,0,0
10512000,0,0
10514000,0,0
10516000,0,0
10518000,0,0
10520000,0,0
10522000,0,0
10524000,0,0
10526000,0,0
10528000,0,0
10530000,0,0
10532000,0,0
10534000,0,0
10536000,0,0
10538000,0,0
10540000,0,0
10542000,0,0
10544000,0,0
10546000,0,0
10548000,0,0
10550000,0,0
10552000,0,0
10554000,0,0
10556000,0,0
10558000,0,0
10560000,0,0
10562000,0,0
10564000,0,0
10566000,0,0
10568000,0,0
10570000,0,0
10572000,0,0
10574000,0,0
10576000,0,0
10578000,0,0
10580000,0,0
10582000,0,0
10584000,0,0
10586000,0,0
10588000,0,0
10590000,0,0
10592000,0,0
10594000,0,0
10596000,0,0
10598000,0,0
10600000,0,0
10602000,0,0
10604000,0,0
10606000,0,0
10608000,0,0
10610000,0,0
10612000,0,0
10614000,0,0
10616000,0,0
10618000,0,0
10620000,0,0
10622000,0,0
10624000,0,0
10626000,0,0
10628000,0,0
10630000,0,0
10632000,0,0
10634000,0,0
10636000,0,0
10638000,0,0
10640000,0,0
10642000,0,0
10644000,0,0
10646000,0,0
10648000,0,0
10650000,0,0
10652000,0,0
10654000,0,0
10656000,0,0
10658000,0,0
10660000,0,0
10662000,0,0
10664000,0,0
10666000,0,0
10668000,0,0
10670000,0,0
10672000,0,0
10674000,0,0
10676000,0,0
10678000,0,0
10680000,0,0
10682000,0,0
10684000,0,0
10686000,0,0
10688000,0,0
10690000,0,0
10692000,0,0
10694000,0,0
10696000,0,0
10698000,0,0
10700000,0,0
10702000,0,0
10704000,0,0
10706000,0,0
10708000,0,0
10710000,0,0
10712000,0,0
10714000,0,0
10716000,0,0
10718000,0,0
10720000,0,0
10722000,0,0
10724000,0,0
10726000,0,0
10728000,0,0
10730000,0,0
10732000,0,0
10734000,0,0
10736000,0,0
10738000,0,0
10740000,0,0
10742000,0,0
10744000,0,0
10746000,0,0
10748000,0,0
10750000,0,0
10752000,0,0
10754000,0,0
10756000,0,0
10758000,0,0
10760000,0,0
10762000,0,0
10764000,0,0
10766000,0,0
10768000,0,0
10770000,0,0
10772000,0,0
10774000,0,0
10776000,0,0
10778000,0,0
10780000,0,0
10782000,0,0
10784000,0,0
10786000,0,0
10788000,0,0
10790000,0,0
10792000,0,0
10794000,0,0
10796000,0,0
10798000,0,0
10800000,0,0
10802000,0,0
10804000,0,0
10806000,0,0
10808000,0,0
10810000,0,0
10812000,0,0
10814000,0,0
10816000,0,0
10818000,0,0
10820000,0,0
10822000,0,0
10824000,0,0
10826000,0,0
10828000,0,0
10830000,0,0
10832000,0,0
10834000,0,0
10836000,0,0
10838000,0,0
10840000,0,0
10842000,0,0
10844000,0,0
10846000,0,0
10848000,0,0
10850000,0,0
10852000,0,0
10854000,0,0
10856000,0,0
10858000,0,0
10860000,0,0
10862000,0,0
10864000,0,0
10866000,0,0
10868000,0,0
10870000,0,0
10872000,0,0
10874000,0,0
10876000,0,0
10878000,0,0
10880000,0,0
10882000,0,0
10884000,0,0
10886000,0,0
10888000,0,0
10890000,0,0
10892000,0,0
10894000,0,0
10896000,0,0
10898000,0,0
10900000,0,0
10902000,0,0
10904000,0,0
10906000,0,0
10908000,0,0
10910000,0,0
10912000,0,0
10914000,0,0
10916000,0,0
10918000,0,0
10920000,0,0
10922000,0,0
10924000,0,0
10926000,0,0
10928000,0,0
10930000,0,0
10932000,0,0
10934000,0,0
10936000,0,0
10938000,0,0
10940000,0,0
10942000,0,0
10944000,0,0
10946000,0,0
10948000,0,0
10950000,0,0
10952000,0,0
10954000,0,0
10956000,0,0
10958000,0,0
10960000,0,0
10962000,0,0
10964000,0,0
10966000,0,0
10968000,0,0
10970000,0,0
10972000,0,0
10974000,0,0
10976000,0,0
10978000,0,0
10980000,0,0
10982000,0,0
10984000,0,0
10986000,0,0
10988000,0,0
10990000,0,0
10992000,0,0
10994000,0,0
10996000,0,0
10998000,0,0
11000000,0,0
11002000,0,0
11004000,0,0
11006000,0,0
11008000,0,0
11010000,0,0
11012000,0,0
11014000,0,0
11016000,0,0
11018000,0,0
11020000,0,0
11022000,0,0
11024000,0,0
11026000,0,0
11028000,0,0
11030000,0,0
11032000,0,0
11034000,0,0
11036000,0,0
11038000,0,0
11040000,0,0
11042000,0,0
11044000,0,0
11046000,0,0
11048000,0,0
11050000,0,0
11052000,0,0
11054000,0,0
11056000,0,0
11058000,0,0
11060000,0,0
11062000,0,0
11064000,0,0
11066000,0,0
11068000,0,0
11070000,0,0
11072000,0,0
11074000,0,0
11076000,0,0
11078000,0,0
11080000,0,0
11082000,0,0
11084000,0,0
11086000,0,0
11088000,0,0
11090000,0,0
11092000,0,0
11094000,0,0
11096000,0,0
11098000,0,0
11100000,0,0
11102000,0,0
11104000,0,0
11106000,0,0
11108000,0,0
11110000,0,0
11112000,0,0
11114000,0,0
11116000,0,0
11118000,0,0
11120000,0,0
11122000,0,0
11124000,0,0
11126000,0,0
11128000,0,0
11130000,0,0
11132000,0,0
11134000,0,0
11136000,0,0
11138000,0,0
11140000,0,0
11142000,0,0
11144000,0,0
11146000,0,0
11148000,0,0
11150000,0,0
11152000,0,0
11154000,0,0
11156000,0,0
11158000,0,0
11160000,0,0
11162000,0,0
11164000,0,0
11166000,0,0
11168000,0,0
11170000,0,0
11172000,0,0
11174000,0,0
11176000,0,0
11178000,0,0
11180000,0,0
11182000,0,0
11184000,0,0
11186000,0,0
11188000,0,0
11190000,0,0
11192000,0,0
11194000,0,0
11196000,0,0
11198000,0,0
11200000,0,0
11202000,0,0
11204000,0,0
11206000,0,0
11208000,0,0
11210000,0,0
11212000,0,0
11214000,0,0
11216000,0,0
11218000,0,0
11220000,0,0
11222000,0,0
11224000,0,0
11226000,0,0
11228000,0,0
11230000,0,0
11232000,0,0
11234000,0,0
11236000,0,0
11238000,0,0
11240000,0,0
11242000,0,0
11244000,0,0
11246000,0,0
11248000,0,0
11250000,0,0
11252000,0,0
11254000,0,0
11256000,0,0
11258000,0,0
11260000,0,0
11262000,0,0
11264000,0,0
11266000,0,0
11268000,0,0
11270000,0,0
11272000,0,0
11274000,0,0
11276000,0,0
11278000,0,0
11280000,0,0
11282000,0,0
11284000,0,0
11286000,0,0
11288000,0,0
11290000,0,0
11292000,0,0
11294000,0,0
11296000,0,0
11298000,0,0
11300000,0,0
11302000,0,0
11304000,0,0
11306000,0,0
11308000,0,0
11310000,0,0
11312000,0,0
11314000,0,0
11316000,0,0
11318000,0,0
11320000,0,0
11322000,0,0
11324000,0,0
11326000,0,0
11328000,0,0
11330000,0,0
11332000,0,0
11334000,0,0
11336000,0,0
11338000,0,0
11340000,0,0
11342000,0,0
11344000,0,0
11346000,0,0
11348000,0,0
11350000,0,0
11352000,0,0
11354000,0,0
11356000,0,0
11358000,0,0
11360000,0,0
11362000,0,0
11364000,0,0
11366000,0,0
11368000,0,0
11370000,0,0
11372000,0,0
11374000,0,0
11376000,0,0
11378000,0,0
11380000,0,0
11382000,0,0
11384000,0,0
11386000,0,0
11388000,0,0
11390000,0,0
11392000,0,0
11394000,0,0
11396000,0,0
11398000,0,0
11400000,0,0
11402000,0,0
11404000,0,0
11406000,0,0
11408000,0,0
11410000,0,0
11412000,0,0
11414000,0,0
11416000,0,0
11418000,0,0
11420000,0,0
11422000,0,0
11424000,0,0
11426000,0,0
11428000,0,0
11430000,0,0
11432000,0,0
11434000,0,0
11436000,0,0
11438000,0,0
11440000,0,0
11442000,0,0
11444000,0,0
11446000,0,0
11448000,0,0
11450000,0,0
11452000,0,0
11454000,0,0
11456000,0,0
11458000,0,0
11460000,0,0
11462000,0,0
11464000,0,0
11466000,0,0
11468000,0,0
11470000,0,0
11472000,0,0
11474000,0,0
11476000,0,0
11478000,0,0
11480000,0,0
11482000,0,0
11484000,0,0
11486000,0,0
11488000,0,0
11490000,0,0
11492000,0,0
11494000,0,0
11496000,0,0
11498000,0,0
11500000,0,0
11502000,0,0
11504000,0,0
11506000,0,0
11508000,0,0
11510000,0,0
11512000,0,0
11514000,0,0
11516000,0,0
11518000,0,0
11520000,0,0
11522000,0,0
11524000,0,0
11526000,0,0
11528000,0,0
11530000,0,0
11532000,0,0
11534000,0,0
11536000,0,0
11538000,0,0
11540000,0,0
11542000,0,0
11544000,0,0
11546000,0,0
11548000,0,0
11550000,0,0
11552000,0,0
11554000,0,0
11556000,0,0
11558000,0,0
11560000,0,0
11562000,0,0
11564000,0,0
11566000,0,0
11568000,0,0
11570000,0,0
11572000,0,0
11574000,0,0
11576000,0,0
11578000,0,0
11580000,0,0
11582000,0,0
11584000,0,0
11586000,0,0
11588000,0,0
11590000,0,0
11592000,0,0
11594000,0,0
11596000,0,0
11598000,0,0
11600000,0,0
11602000,0,0
11604000,0,0
11606000,0,0
11608000,0,0
11610000,0,0
11612000,0,0
11614000,0,0
11616000,0,0
11618000,0,0
11620000,0,0
11622000,0,0
11624000,0,0
11626000,0,0
11628000,0,0
11630000,0,0
11632000,0,0
11634000,0,0
11636000,0,0
11638000,0,0
11640000,0,0
11642000,0,0
11644000,0,0
11646000,0,0
11648000,0,0
11650000,0,0
11652000,0,0
11654000,0,0
11656000,0,0
11658000,0,0
11660000,0,0
11662000,0,0
11664000,0,0
11666000,0,0
11668000,0,0
11670000,0,0
11672000,0,0
11674000,0,0
11676000,0,0
11678000,0,0
11680000,0,0
11682000,0,0
11684000,0,0
11686000,0,0
11688000,0,0
11690000,0,0
11692000,0,0
11694000,0,0
11696000,0,0
11698000,0,0
11700000,0,0
11702000,0,0
11704000,0,0
11706000,0,0
11708000,0,0
11710000,0,0
11712000,0,0
11714000,0,0
11716000,0,0
11718000,0,0
11720000,0,0
11722000,0,0
11724000,0,0
11726000,0,0
11728000,0,0
11730000,0,0
11732000,0,0
11734000,0,0
11736000,0,0
11738000,0,0
11740000,0,0
11742000,0,0
11744000,0,0
11746000,0,0
11748000,0,0
11750000,0,0
11752000,0,0
11754000,0,0
11756000,0,0
11758000,0,0
11760000,0,0
11762000,0,0
11764000,0,0
11766000,0,0
11768000,0,0
11770000,0,0
11772000,0,0
11774000,0,0
11776000,0,0
11778000,0,0
11780000,0,0
11782000,0,0
11784000,0,0
11786000,0,0
11788000,0,0
11790000,0,0
11792000,0,0
11794000,0,0
11796000,0,0
11798000,0,0
11800000,0,0
11802000,0,0
11804000,0,0
11806000,0,0
11808000,0,0
11810000,0,0
11812000,0,0
11814000,0,0
11816000,0,0
11818000,0,0
11820000,0,0
11822000,0,0
11824000,0,0
11826000,0,0
11828000,0,0
11830000,0,0
11832000,0,0
11834000,0,0
11836000,0,0
11838000,0,0
11840000,0,0
11842000,0,0
11844000,0,0
11846000,0,0
11848000,0,0
11850000,0,0
11852000,0,0
11854000,0,0
11856000,0,0
11858000,0,0
11860000,0,0
11862000,0,0
11864000,0,0
11866000,0,0
11868000,0,0
11870000,0,0
11872000,0,0
11874000,0,0
11876000,0,0
11878000,0,0
11880000,0,0
11882000,0,0
11884000,0,0
11886000,0,0
11888000,0,0
11890000,0,0
11892000,0,0
11894000,0,0
11896000,0,0
11898000,0,0
11900000,0,0
11902000,0,0
11904000,0,0
11906000,0,0
11908000,0,0
11910000,0,0
11912000,0,0
11914000,0,0
11916000,0,0
11918000,0,0
11920000,0,0
11922000,0,0
11924000,0,0
11926000,0,0
11928000,0,0
11930000,0,0
11932000,0,0
11934000,0,0
11936000,0,0
11938000,0,0
11940000,0,0
11942000,0,0
11944000,0,0
11946000,0,0
11948000,0,0
11950000,0,0
11952000,0,0
11954000,0,0
11956000,0,0
11958000,0,0
11960000,0,0
11962000,0,0
11964000,0,0
11966000,0,0
11968000,0,0
11970000,0,0
11972000,0,0
11974000,0,0
11976000,0,0
11978000,0,0
11980000,0,0
11982000,0,0
11984000,0,0
11986000,0,0
11988000,0,0
11990000,0,0
11992000,0,0
11994000,0,0
11996000,0,0
11998000,0,0
12000000,0,0
12002000,0,0
12004000,0,0
12006000,0,0
12008000,0,0
12010000,0,0
12012000,0,0
12014000,0,0
12016000,0,0
12018000,0,0
12020000,0,0
12022000,0,0
12024000,0,0
12026000,0,0
12028000,0,0
12030000,0,0
12032000,0,0
12034000,0,0
12036000,0,0
12038000,0,0
12040000,0,0
12042000,0,0
12044000,0,0
12046000,0,0
12048000,0,0
12050000,0,0
12052000,0,0
12054000,0,0
12056000,0,0
12058000,0,0
12060000,0,0
12062000,0,0
12064000,0,0
12066000,0,0
12068000,0,0
12070000,0,0
12072000,0,0
12074000,0,0
12076000,0,0
12078000,0,0
12080000,0,0
12082000,0,0
12084000,0,0
12086000,0,0
12088000,0,0
12090000,0,0
12092000,0,0
12094000,0,0
12096000,0,0
12098000,0,0
12100000,0,0
12102000,0,0
12104000,0,0
12106000,0,0
12108000,0,0
12110000,0,0
12112000,0,0
12114000,0,0
12116000,0,0
12118000,0,0
12120000,0,0
12122000,0,0
12124000,0,0
12126000,0,0
12128000,0,0
12130000,0,0
12132000,0,0
12134000,0,0
12136000,0,0
12138000,0,0
12140000,0,0
12142000,0,0
12144000,0,0
12146000,0,0
12148000,0,0
12150000,0,0
12152000,0,0
12154000,0,0
12156000,0,0
12158000,0,0
12160000,0,0
12162000,0,0
12164000,0,0
12166000,0,0
12168000,0,0
12170000,0,0
12172000,0,0
12174000,0,0
12176000,0,0
12178000,0,0
12180000,0,0
12182000,0,0
12184000,0,0
12186000,0,0
12188000,0,0
12190000,0,0
12192000,0,0
12194000,0,0
12196000,0,0
12198000,0,0
12200000,0,0
12202000,0,0
12204000,0,0
12206000,0,0
12208000,0,0
12210000,0,0
12212000,0,0
12214000,0,0
12216000,0,0
12218000,0,0
12220000,0,0
12222000,0,0
12224000,0,0
12226000,0,0
12228000,0,0
12230000,0,0
12232000,0,0
12234000,0,0
12236000,0,0
12238000,0,0
12240000,0,0
12242000,0,0
12244000,0,0
12246000,0,0
12248000,0,0
12250000,0,0
12252000,0,0
12254000,0,0
12256000,0,0
12258000,0,0
12260000,0,0
12262000,0,0
12264000,0,0
12266000,0,0
12268000,0,0
12270000,0,0
12272000,0,0
12274000,0,0
12276000,0,0
12278000,0,0
12280000,0,0
12282000,0,0
12284000,0,0
12286000,0,0
12288000,0,0
12290000,0,0
12292000,0,0
12294000,0,0
12296000,0,0
12298000,0,0
12300000,0,0
12302000,0,0
12304000,0,0
12306000,0,0
12308000,0,0
12310000,0,0
12312000,0,0
12314000,0,0
12316000,0,0
12318000,0,0
12320000,0,0
12322000,0,0
12324000,0,0
12326000,0,0
12328000,0,0
12330000,0,0
12332000,0,0
12334000,0,0
12336000,0,0
12338000,0,0
12340000,0,0
12342000,0,0
12344000,0,0
12346000,0,0
12348000,0,0
12350000,0,0
12352000,0,0
12354000,0,0
12356000,0,0
12358000,0,0
12360000,0,0
12362000,0,0
12364000,0,0
12366000,0,0
12368000,0,0
12370000,0,0
12372000,0,0
12374000,0,0
12376000,0,0
12378000,0,0
12380000,0,0
12382000,0,0
12384000,0,0
12386000,0,0
12388000,0,0
12390000,0,0
12392000,0,0
12394000,0,0
12396000,0,0
12398000,0,0
12400000,0,0
12402000,0,0
12404000,0,0
12406000,0,0
12408000,0,0
12410000,0,0
12412000,0,0
12414000,0,0
12416000,0,0
12418000,0,0
12420000,0,0
12422000,0,0
12424000,0,0
12426000,0,0
12428000,0,0
12430000,0,0
12432000,0,0
12434000,0,0
12436000,0,0
12438000,0,0
12440000,0,0
12442000,0,0
12444000,0,0
12446000,0,0
12448000,0,0
12450000,0,0
12452000,0,0
12454000,0,0
12456000,0,0
12458000,0,0
12460000,0,0
12462000,0,0
12464000,0,0
12466000,0,0
12468000,0,0
12470000,0,0
12472000,0,0
12474000,0,0
12476000,0,0
12478000,0,0
12480000,0,0
12482000,0,0
12484000,0,0
12486000,0,0
12488000,0,0
12490000,0,0
12492000,0,0
12494000,0,0
12496000,0,0
12498000,0,0
12500000,0,0
12502000,0,0
12504000,0,0
12506000,0,0
12508000,0,0
12510000,0,0
12512000,0,0
12514000,0,0
12516000,0,0
12518000,0,0
12520000,0,0
12522000,0,0
12524000,0,0
12526000,0,0
12528000,0,0
12530000,0,0
12532000,0,0
12534000,0,0
12536000,0,0
12538000,0,0
12540000,0,0
12542000,0,0
12544000,0,0
12546000,0,0
12548000,0,0
12550000,0,0
12552000,0,0
12554000,0,0
12556000,0,0
12558000,0,0
12560000,0,0
12562000,0,0
12564000,0,0
12566000,0,0
12568000,0,0
12570000,0,0
12572000,0,0
12574000,0,0
12576000,0,0
12578000,0,0
12580000,0,0
12582000,0,0
12584000,0,0
12586000,0,0
12588000,0,0
12590000,0,0
12592000,0,0
12594000,0,0
12596000,0,0
12598000,0,0
12600000,0,0
12602000,0,0
12604000,0,0
12606000,0,0
12608000,0,0
12610000,0,0
12612000,0,0
12614000,0,0
12616000,0,0
12618000,0,0
12620000,0,0
12622000,0,0
12624000,0,0
12626000,0,0
12628000,0,0
12630000,0,0
12632000,0,0
12634000,0,0
12636000,0,0
12638000,0,0
12640000,0,0
12642000,0,0
12644000,0,0
12646000,0,0
12648000,0,0
12650000,0,0
12652000,0,0
12654000,0,0
12656000,0,0
12658000,0,0
12660000,0,0
12662000,0,0
12664000,0,0
12666000,0,0
12668000,0,0
12670000,0,0
12672000,0,0
12674000,0,0
12676000,0,0
12678000,0,0
12680000,0,0
12682000,0,0
12684000,0,0
12686000,0,0
12688000,0,0
12690000,0,0
12692000,0,0
12694000,0,0
12696000,0,0
12698000,0,0
12700000,0,0
12702000,0,0
12704000,0,0
12706000,0,0
12708000,0,0
12710000,0,0
12712000,0,0
12714000,0,0
12716000,0,0
12718000,0,0
12720000,0,0
12722000,0,0
12724000,0,0
12726000,0,0
12728000,0,0
12730000,0,0
12732000,0,0
12734000,0,0
12736000,0,0
12738000,0,0
12740000,0,0
12742000,0,0
12744000,0,0
12746000,0,0
12748000,0,0
12750000,0,0
12752000,0,0
12754000,0,0
12756000,0,0
12758000,0,0
12760000,0,0
12762000,0,0
12764000,0,0
12766000,0,0
12768000,0,0
12770000,0,0
12772000,0,0
12774000,0,0
12776000,0,0
12778000,0,0
12780000,0,0
12782000,0,0
12784000,0,0
12786000,0,0
12788000,0,0
12790000,0,0
12792000,0,0
12794000,0,0
12796000,0,0
12798000,0,0
12800000,0,0
12802000,0,0
12804000,0,0
12806000,0,0
12808000,0,0
12810000,0,0
12812000,0,0
12814000,0,0
12816000,0,0
12818000,0,0
12820000,0,0
12822000,0,0
12824000,0,0
12826000,0,0
12828000,0,0
12830000,0,0
12832000,0,0
12834000,0,0
12836000,0,0
12838000,0,0
12840000,0,0
12842000,0,0
12844000,0,0
12846000,0,0
12848000,0,0
12850000,0,0
12852000,0,0
12854000,0,0
12856000,0,0
12858000,0,0
12860000,0,0
12862000,0,0
12864000,0,0
12866000,0,0
12868000,0,0
12870000,0,0
12872000,0,0
12874000,0,0
12876000,0,0
12878000,0,0
12880000,0,0
12882000,0,0
12884000,0,0
12886000,0,0
12888000,0,0
12890000,0,0
12892000,0,0
12894000,0,0
12896000,0,0
12898000,0,0
12900000,0,0
12902000,0,0
12904000,0,0
12906000,0,0
12908000,0,0
12910000,0,0
12912000,0,0
12914000,0,0
12916000,0,0
12918000,0,0
12920000,0,0
12922000,0,0
12924000,0,0
12926000,0,0
12928000,0,0
12930000,0,0
12932000,0,0
12934000,0,0
12936000,0,0
12938000,0,0
12940000,0,0
12942000,0,0
12944000,0,0
12946000,0,0
12948000,0,0
12950000,0,0
12952000,0,0
12954000,0,0
12956000,0,0
12958000,0,0
12960000,0,0
12962000,0,0
12964000,0,0
12966000,0,0
12968000,0,0
12970000,0,0
12972000,0,0
12974000,0,0
12976000,0,0
12978000,0,0
12980000,0,0
12982000,0,0
12984000,0,0
12986000,0,0
12988000,0,0
12990000,0,0
12992000,0,0
12994000,0,0
12996000,0,0
12998000,0,0
13000000,0,0
13002000,0,0
13004000,0,0
13006000,0,0
13008000,0,0
13010000,0,0
13012000,0,0
13014000,0,0
13016000,0,0
13018000,0,0
13020000,0,0
13022000,0,0
13024000,0,0
13026000,0,0
13028000,0,0
13030000,0,0
13032000,0,0
13034000,0,0
13036000,0,0
13038000,0,0
13040000,0,0
13042000,0,0
13044000,0,0
13046000,0,0
13048000,0,0
13050000,0,0
13052000,0,0
13054000,0,0
13056000,0,0
13058000,0,0
13060000,0,0
13062000,0,0
13064000,0,0
13066000,0,0
13068000,0,0
13070000,0,0
13072000,0,0
13074000,0,0
13076000,0,0
13078000,0,0
13080000,0,0
13082000,0,0
13084000,0,0
13086000,0,0
13088000,0,0
13090000,0,0
13092000,0,0
13094000,0,0
13096000,0,0
13098000,0,0
13100000,0,0
13102000,0,0
13104000,0,0
13106000,0,0
13108000,0,0
13110000,0,0
13112000,0,0
13114000,0,0
13116000,0,0
13118000,0,0
13120000,0,0
13122000,0,0
13124000,0,0
13126000,0,0
13128000,0,0
13130000,0,0
13132000,0,0
13134000,0,0
13136000,0,0
13138000,0,0
13140000,0,0
13142000,0,0
13144000,0,0
13146000,0,0
13148000,0,0
13150000,0,0
13152000,0,0
13154000,0,0
13156000,0,0
13158000,0,0
13160000,0,0
13162000,0,0
13164000,0,0
13166000,0,0
13168000,0,0
13170000,0,0
13172000,0,0
13174000,0,0
13176000,0,0
13178000,0,0
13180000,0,0
13182000,0,0
13184000,0,0
13186000,0,0
13188000,0,0
13190000,0,0
13192000,0,0
13194000,0,0
13196000,0,0
13198000,0,0
13200000,0,0
13202000,0,0
13204000,0,0
13206000,0,0
13208000,0,0
13210000,0,0
13212000,0,0
13214000,0,0
13216000,0,0
13218000,0,0
13220000,0,0
13222000,0,0
13224000,0,0
13226000,0,0
13228000,0,0
13230000,0,0
13232000,0,0
13234000,0,0
13236000,0,0
13238000,0,0
13240000,0,0
13242000,0,0
13244000,0,0
13246000,0,0
13248000,0,0
13250000,0,0
13252000,0,0
13254000,0,0
13256000,0,0
13258000,0,0
13260000,0,0
13262000,0,0
13264000,0,0
13266000,0,0
13268000,0,0
13270000,0,0
13272000,0,0
13274000,0,0
13276000,0,0
13278000,0,0
13280000,0,0
13282000,0,0
13284000,0,0
13286000,0,0
13288000,0,0
13290000,0,0
13292000,0,0
13294000,0,0
13296000,0,0
13298000,0,0
13300000,0,0
13302000,0,0
13304000,0,0
13306000,0,0
13308000,0,0
13310000,0,0
13312000,0,0
13314000,0,0
13316000,0,0
13318000,0,0
13320000,0,0
13322000,0,0
13324000,0,0
13326000,0,0
13328000,0,0
13330000,0,0
13332000,0,0
13334000,0,0
13336000,0,0
13338000,0,0
13340000,0,0
13342000,0,0
13344000,0,0
13346000,0,0
13348000,0,0
13350000,0,0
13352000,0,0
13354000,0,0
13356000,0,0
13358000,0,0
13360000,0,0
13362000,0,0
13364000,0,0
13366000,0,0
13368000,0,0
13370000,0,0
13372000,0,0
13374000,0,0
13376000,0,0
13378000,0,0
13380000,0,0
13382000,0,0
13384000,0,0
13386000,0,0
13388000,0,0
13390000,0,0
13392000,0,0
13394000,0,0
13396000,0,0
13398000,0,0
13400000,0,0
13402000,0,0
13404000,0,0
13406000,0,0
13408000,0,0
13410000,0,0
13412000,0,0
13414000,0,0
13416000,0,0
13418000,0,0
13420000,0,0
13422000,0,0
13424000,0,0
13426000,0,0
13428000,0,0
13430000,0,0
13432000,0,0
13434000,0,0
13436000,0,0
13438000,0,0
13440000,0,0
13442000,0,0
13444000,0,0
13446000,0,0
13448000,0,0
13450000,0,0
13452000,0,0
13454000,0,0
13456000,0,0
13458000,0,0
13460000,0,0
13462000,0,0
13464000,0,0
13466000,0,0
13468000,0,0
13470000,0,0
13472000,0,0
13474000,0,0
13476000,0,0
13478000,0,0
13480000,0,0
13482000,0,0
13484000,0,0
13486000,0,0
13488000,0,0
13490000,0,0
13492000,0,0
13494000,0,0
13496000,0,0
13498000,0,0
13500000,0,0
13502000,0,0
13504000,0,0
13506000,0,0
13508000,0,0
13510000,0,0
13512000,0,0
13514000,0,0
13516000,0,0
13518000,0,0
13520000,0,0
13522000,0,0
13524000,0,0
13526000,0,0
13528000,0,0
13530000,0,0
13532000,0,0
13534000,0,0
13536000,0,0
13538000,0,0
13540000,0,0
13542000,0,0
13544000,0,0
13546000,0,0
13548000,0,0
13550000,0,0
13552000,0,0
13554000,0,0
13556000,0,0
13558000,0,0
13560000,0,0
13562000,0,0
13564000,0,0
13566000,0,0
13568000,0,0
13570000,0,0
13572000,0,0
13574000,0,0
13576000,0,0
13578000,0,0
13580000,0,0
13582000,0,0
13584000,0,0
13586000,0,0
13588000,0,0
13590000,0,0
13592000,0,0
13594000,0,0
13596000,0,0
13598000,0,0
13600000,0,0
13602000,0,0
13604000,0,0
13606000,0,0
13608000,0,0
13610000,0,0
13612000,0,0
13614000,0,0
13616000,0,0
13618000,0,0
13620000,0,0
13622000,0,0
13624000,0,0
13626000,0,0
13628000,0,0
13630000,0,0
13632000,0,0
13634000,0,0
13636000,0,0
13638000,0,0
13640000,0,0
13642000,0,0
13644000,0,0
13646000,0,0
13648000,0,0
13650000,0,0
13652000,0,0
13654000,0,0
13656000,0,0
13658000,0,0
13660000,0,0
13662000,0,0
13664000,0,0
13666000,0,0
13668000,0,0
13670000,0,0
13672000,0,0
13674000,0,0
13676000,0,0
13678000,0,0
13680000,0,0
13682000,0,0
13684000,0,0
13686000,0,0
13688000,0,0
13690000,0,0
13692000,0,0
13694000,0,0
13696000,0,0
13698000,0,0
13700000,0,0
13702000,0,0
13704000,0,0
13706000,0,0
13708000,0,0
13710000,0,0
13712000,0,0
13714000,0,0
13716000,0,0
13718000,0,0
13720000,0,0
13722000,0,0
13724000,0,0
13726000,0,0
13728000,0,0
13730000,0,0
13732000,0,0
13734000,0,0
13736000,0,0
13738000,0,0
13740000,0,0
13742000,0,0
13744000,0,0
13746000,0,0
13748000,0,0
13750000,0,0
13752000,0,0
13754000,0,0
13756000,0,0
13758000,0,0
13760000,0,0
13762000,0,0
13764000,0,0
13766000,0,0
13768000,0,0
13770000,0,0
13772000,0,0
13774000,0,0
13776000,0,0
13778000,0,0
13780000,0,0
13782000,0,0
13784000,0,0
13786000,0,0
13788000,0,0
13790000,0,0
13792000,0,0
13794000,0,0
13796000,0,0
13798000,0,0
13800000,0,0
13802000,0,0
13804000,0,0
13806000,0,0
13808000,0,0
13810000,0,0
13812000,0,0
13814000,0,0
13816000,0,0
13818000,0,0
13820000,0,0
13822000,0,0
13824000,0,0
13826000,0,0
13828000,0,0
13830000,0,0
13832000,0,0
13834000,0,0
13836000,0,0
13838000,0,0
13840000,0,0
13842000,0,0
13844000,0,0
13846000,0,0
13848000,0,0
13850000,0,0
13852000,0,0
13854000,0,0
13856000,0,0
13858000,0,0
13860000,0,0
13862000,0,0
13864000,0,0
13866000,0,0
13868000,0,0
13870000,0,0
13872000,0,0
13874000,0,0
13876000,0,0
13878000,0,0
13880000,0,0
13882000,0,0
13884000,0,0
13886000,0,0
13888000,0,0
13890000,0,0
13892000,0,0
13894000,0,0
13896000,0,0
13898000,0,0
13900000,0,0
13902000,0,0
13904000,0,0
13906000,0,0
13908000,0,0
13910000,0,0
13912000,0,0
13914000,0,0
13916000,0,0
13918000,0,0
13920000,0,0
13922000,0,0
13924000,0,0
13926000,0,0
13928000,0,0
13930000,0,0
13932000,0,0
13934000,0,0
13936000,0,0
13938000,0,0
13940000,0,0
13942000,0,0
13944000,0,0
13946000,0,0
13948000,0,0
13950000,0,0
13952000,0,0
13954000,0,0
13956000,0,0
13958000,0,0
13960000,0,0
13962000,0,0
13964000,0,0
13966000,0,0
13968000,0,0
13970000,0,0
13972000,0,0
13974000,0,0
13976000,0,0
13978000,0,0
13980000,0,0
13982000,0,0
13984000,0,0
13986000,0,0
13988000,0,0
13990000,0,0
13992000,0,0
13994000,0,0
13996000,0,0
13998000,0,0
14000000,0,0
14002000,0,0
14004000,0,0
14006000,0,0
14008000,0,0
14010000,0,0
14012000,0,0
14014000,0,0
14016000,0,0
14018000,0,0
14020000,0,0
14022000,0,0
14024000,0,0
14026000,0,0
14028000,0,0
14030000,0,0
14032000,0,0
14034000,0,0
14036000,0,0
14038000,0,0
14040000,0,0
14042000,0,0
14044000,0,0
14046000,0,0
14048000,0,0
14050000,0,0
14052000,0,0
14054000,0,0
14056000,0,0
14058000,0,0
14060000,0,0
14062000,0,0
14064000,0,0
14066000,0,0
14068000,0,0
14070000,0,0
14072000,0,0
14074000,0,0
14076000,0,0
14078000,0,0
14080000,0,0
14082000,0,0
14084000,0,0
14086000,0,0
14088000,0,0
14090000,0,0
14092000,0,0
14094000,0,0
14096000,0,0
14098000,0,0
14100000,0,0
14102000,0,0
14104000,0,0
14106000,0,0
14108000,0,0
14110000,0,0
14112000,0,0
14114000,0,0
14116000,0,0
14118000,0,0
14120000,0,0
14122000,0,0
14124000,0,0
14126000,0,0
14128000,0,0
14130000,0,0
14132000,0,0
14134000,0,0
14136000,0,0
14138000,0,0
14140000,0,0
14142000,0,0
14144000,0,0
14146000,0,0
14148000,0,0
14150000,0,0
14152000,0,0
14154000,0,0
14156000,0,0
14158000,0,0
14160000,0,0
14162000,0,0
14164000,0,0
14166000,0,0
14168000,0,0
14170000,0,0
14172000,0,0
14174000,0,0
14176000,0,0
14178000,0,0
14180000,0,0
14182000,0,0
14184000,0,0
14186000,0,0
14188000,0,0
14190000,0,0
14192000,0,0
14194000,0,0
14196000,0,0
14198000,0,0
14200000,0,0
14202000,0,0
14204000,0,0
14206000,0,0
14208000,0,0
14210000,0,0
14212000,0,0
14214000,0,0
14216000,0,0
14218000,0,0
14220000,0,0
14222000,0,0
14224000,0,0
14226000,0,0
14228000,0,0
14230000,0,0
14232000,0,0
14234000,0,0
14236000,0,0
14238000,0,0
14240000,0,0
14242000,0,0
14244000,0,0
14246000,0,0
14248000,0,0
14250000,0,0
14252000,0,0
14254000,0,0
14256000,0,0
14258000,0,0
14260000,0,0
14262000,0,0
14264000,0,0
14266000,0,0
14268000,0,0
14270000,0,0
14272000,0,0
14274000,0,0
14276000,0,0
14278000,0,0
14280000,0,0
14282000,0,0
14284000,0,0
14286000,0,0
14288000,0,0
14290000,0,0
14292000,0,0
14294000,0,0
14296000,0,0
14298000,0,0
14300000,0,0
14302000,0,0
14304000,0,0
14306000,0,0
14308000,0,0
14310000,0,0
14312000,0,0
14314000,0,0
14316000,0,0
14318000,0,0
14320000,0,0
14322000,0,0
14324000,0,0
14326000,0,0
14328000,0,0
14330000,0,0
14332000,0,0
14334000,0,0
14336000,0,0
14338000,0,0
14340000,0,0
14342000,0,0
14344000,0,0
14346000,0,0
14348000,0,0
14350000,0,0
14352000,0,0
14354000,0,0
14356000,0,0
14358000,0,0
14360000,0,0
14362000,0,0
14364000,0,0
14366000,0,0
14368000,0,0
14370000,0,0
14372000,0,0
14374000,0,0
14376000,0,0
14378000,0,0
14380000,0,0
14382000,0,0
14384000,0,0
14386000,0,0
14388000,0,0
14390000,0,0
14392000,0,0
14394000,0,0
14396000,0,0
14398000,0,0
14400000,0,0
14402000,0,0
14404000,0,0
14406000,0,0
14408000,0,0
14410000,0,0
14412000,0,0
14414000,0,0
14416000,0,0
14418000,0,0
14420000,0,0
14422000,0,0
14424000,0,0
14426000,0,0
14428000,0,0
14430000,0,0
14432000,0,0
14434000,0,0
14436000,0,0
14438000,0,0
14440000,0,0
14442000,0,0
14444000,0,0
14446000,0,0
14448000,0,0
14450000,0,0
14452000,0,0
14454000,0,0
14456000,0,0
14458000,0,0
14460000,0,0
14462000,0,0
14464000,0,0
14466000,0,0
14468000,0,0
14470000,0,0
14472000,0,0
14474000,0,0
14476000,0,0
14478000,0,0
14480000,0,0
14482000,0,0
14484000,0,0
14486000,0,0
14488000,0,0
14490000,0,0
14492000,0,0
14494000,0,0
14496000,0,0
14498000,0,0
14500000,0,0
14502000,0,0
14504000,0,0
14506000,0,0
14508000,0,0
14510000,0,0
14512000,0,0
14514000,0,0
14516000,0,0
14518000,0,0
14520000,0,0
14522000,0,0
14524000,0,0
14526000,0,0
14528000,0,0
14530000,0,0
14532000,0,0
14534000,0,0
14536000,0,0
14538000,0,0
14540000,0,0
14542000,0,0
14544000,0,0
14546000,0,0
14548000,0,0
14550000,0,0
14552000,0,0
14554000,0,0
14556000,0,0
14558000,0,0
14560000,0,0
14562000,0,0
14564000,0,0
14566000,0,0
14568000,0,0
14570000,0,0
14572000,0,0
14574000,0,0
14576000,0,0
14578000,0,0
14580000,0,0
14582000,0,0
14584000,0,0
14586000,0,0
14588000,0,0
14590000,0,0
14592000,0,0
14594000,0,0
14596000,0,0
14598000,0,0
14600000,0,0
14602000,0,0
14604000,0,0
14606000,0,0
14608000,0,0
14610000,0,0
14612000,0,0
14614000,0,0
14616000,0,0
14618000,0,0
14620000,0,0
14622000,0,0
14624000,0,0
14626000,0,0
14628000,0,0
14630000,0,0
14632000,0,0
14634000,0,0
14636000,0,0
14638000,0,0
14640000,0,0
14642000,0,0
14644000,0,0
14646000,0,0
14648000,0,0
14650000,0,0
14652000,0,0
14654000,0,0
14656000,0,0
14658000,0,0
14660000,0,0
14662000,0,0
14664000,0,0
14666000,0,0
14668000,0,0
14670000,0,0
14672000,0,0
14674000,0,0
14676000,0,0
14678000,0,0
14680000,0,0
14682000,0,0
14684000,0,0
14686000,0,0
14688000,0,0
14690000,0,0
14692000,0,0
14694000,0,0
14696000,0,0
14698000,0,0
14700000,0,0
14702000,0,0
14704000,0,0
14706000,0,0
14708000,0,0
14710000,0,0
14712000,0,0
14714000,0,0
14716000,0,0
14718000,0,0
14720000,0,0
14722000,0,0
14724000,0,0
14726000,0,0
14728000,0,0
14730000,0,0
14732000,0,0
14734000,0,0
14736000,0,0
14738000,0,0
14740000,0,0
14742000,0,0
14744000,0,0
14746000,0,0
14748000,0,0
14750000,0,0
14752000,0,0
14754000,0,0
14756000,0,0
14758000,0,0
14760000,0,0
14762000,0,0
14764000,0,0
14766000,0,0
14768000,0,0
14770000,0,0
14772000,0,0
14774000,0,0
14776000,0,0
14778000,0,0
14780000,0,0
14782000,0,0
14784000,0,0
14786000,0,0
14788000,0,0
14790000,0,0
14792000,0,0
14794000,0,0
14796000,0,0
14798000,0,0
14800000,0,0
14802000,0,0
14804000,0,0
14806000,0,0
14808000,0,0
14810000,0,0
14812000,0,0
14814000,0,0
14816000,0,0
14818000,0,0
14820000,0,0
14822000,0,0
14824000,0,0
14826000,0,0
14828000,0,0
14830000,0,0
14832000,0,0
14834000,0,0
14836000,0,0
14838000,0,0
14840000,0,0
14842000,0,0
14844000,0,0
14846000,0,0
14848000,0,0
14850000,0,0
14852000,0,0
14854000,0,0
14856000,0,0
14858000,0,0
14860000,0,0
14862000,0,0
14864000,0,0
14866000,0,0
14868000,0,0
14870000,0,0
14872000,0,0
14874000,0,0
14876000,0,0
14878000,0,0
14880000,0,0
14882000,0,0
14884000,0,0
14886000,0,0
14888000,0,0
14890000,0,0
14892000,0,0
14894000,0,0
14896000,0,0
14898000,0,0
14900000,0,0
14902000,0,0
14904000,0,0
14906000,0,0
14908000,0,0
14910000,0,0
14912000,0,0
14914000,0,0
14916000,0,0
14918000,0,0
14920000,0,0
14922000,0,0
14924000,0,0
14926000,0,0
14928000,0,0
14930000,0,0
14932000,0,0
14934000,0,0
14936000,0,0
14938000,0,0
14940000,0,0
14942000,0,0
14944000,0,0
14946000,0,0
14948000,0,0
14950000,0,0
14952000,0,0
14954000,0,0
14956000,0,0
14958000,0,0
14960000,0,0
14962000,0,0
14964000,0,0
14966000,0,0
14968000,0,0
14970000,0,0
14972000,0,0
14974000,0,0
14976000,0,0
14978000,0,0
14980000,0,0
14982000,0,0
14984000,0,0
14986000,0,0
14988000,0,0
14990000,0,0
14992000,0,0
14994000,0,0
14996000,0,0
14998000,0,0
15000000,0,0
15002000,0,0
15004000,0,0
15006000,0,0
15008000,0,0
15010000,0,0
15012000,0,0
15014000,0,0
15016000,0,0
15018000,0,0
15020000,0,0
15022000,0,0
15024000,0,0
15026000,0,0
15028000,0,0
15030000,0,0
15032000,0,0
15034000,0,0
15036000,0,0
15038000,0,0
15040000,0,0
15042000,0,0
15044000,0,0
15046000,0,0
15048000,0,0
15050000,0,0
15052000,0,0
15054000,0,0
15056000,0,0
15058000,0,0
15060000,0,0
15062000,0,0
15064000,0,0
15066000,0,0
15068000,0,0
15070000,0,0
15072000,0,0
15074000,0,0
15076000,0,0
15078000,0,0
15080000,0,0
15082000,0,0
15084000,0,0
15086000,0,0
15088000,0,0
15090000,0,0
15092000,0,0
15094000,0,0
15096000,0,0
15098000,0,0
15100000,0,0
15102000,0,0
15104000,0,0
15106000,0,0
15108000,0,0
15110000,0,0
15112000,0,0
15114000,0,0
15116000,0,0
15118000,0,0
15120000,0,0
15122000,0,0
15124000,0,0
15126000,0,0
15128000,0,0
15130000,0,0
15132000,0,0
15134000,0,0
15136000,0,0
15138000,0,0
15140000,0,0
15142000,0,0
15144000,0,0
15146000,0,0
15148000,0,0
15150000,0,0
15152000,0,0
15154000,0,0
15156000,0,0
15158000,0,0
15160000,0,0
15162000,0,0
15164000,0,0
15166000,0,0
15168000,0,0
15170000,0,0
15172000,0,0
15174000,0,0
15176000,0,0
15178000,0,0
15180000,0,0
15182000,0,0
15184000,0,0
15186000,0,0
15188000,0,0
15190000,0,0
15192000,0,0
15194000,0,0
15196000,0,0
15198000,0,0
15200000,0,0
15202000,0,0
15204000,0,0
15206000,0,0
15208000,0,0
15210000,0,0
15212000,0,0
15214000,0,0
15216000,0,0
15218000,0,0
15220000,0,0
15222000,0,0
15224000,0,0
15226000,0,0
15228000,0,0
15230000,0,0
15232000,0,0
15234000,0,0
15236000,0,0
15238000,0,0
15240000,0,0
15242000,0,0
15244000,0,0
15246000,0,0
15248000,0,0
15250000,0,0
15252000,0,0
15254000,0,0
15256000,0,0
15258000,0,0
15260000,0,0
15262000,0,0
15264000,0,0
15266000,0,0
15268000,0,0
15270000,0,0
15272000,0,0
15274000,0,0
15276000,0,0
15278000,0,0
15280000,0,0
15282000,0,0
15284000,0,0
15286000,0,0
15288000,0,0
15290000,0,0
15292000,0,0
15294000,0,0
15296000,0,0
15298000,0,0
15300000,0,0
15302000,0,0
15304000,0,0
15306000,0,0
15308000,0,0
15310000,0,0
15312000,0,0
15314000,0,0
15316000,0,0
15318000,0,0
15320000,0,0
15322000,0,0
15324000,0,0
15326000,0,0
15328000,0,0
15330000,0,0
15332000,0,0
15334000,0,0
15336000,0,0
15338000,0,0
15340000,0,0
15342000,0,0
15344000,0,0
15346000,0,0
15348000,0,0
15350000,0,0
15352000,0,0
15354000,0,0
15356000,0,0
15358000,0,0
15360000,0,0
15362000,0,0
15364000,0,0
15366000,0,0
15368000,0,0
15370000,0,0
15372000,0,0
15374000,0,0
15376000,0,0
15378000,0,0
15380000,0,0
15382000,0,0
15384000,0,0
15386000,0,0
15388000,0,0
15390000,0,0
15392000,0,0
15394000,0,0
15396000,0,0
15398000,0,0
15400000,0,0
15402000,0,0
15404000,0,0
15406000,0,0
15408000,0,0
15410000,0,0
15412000,0,0
15414000,0,0
15416000,0,0
15418000,0,0
15420000,0,0
15422000,0,0
15424000,0,0
15426000,0,0
15428000,0,0
15430000,0,0
15432000,0,0
15434000,0,0
15436000,0,0
15438000,0,0
15440000,0,0
15442000,0,0
15444000,0,0
15446000,0,0
15448000,0,0
15450000,0,0
15452000,0,0
15454000,0,0
15456000,0,0
15458000,0,0
15460000,0,0
15462000,0,0
15464000,0,0
15466000,0,0
15468000,0,0
15470000,0,0
15472000,0,0
15474000,0,0
15476000,0,0
15478000,0,0
15480000,0,0
15482000,0,0
15484000,0,0
15486000,0,0
15488000,0,0
15490000,0,0
15492000,0,0
15494000,0,0
15496000,0,0
15498000,0,0
15500000,0,0
15502000,0,0
15504000,0,0
15506000,0,0
15508000,0,0
15510000,0,0
15512000,0,0
15514000,0,0
15516000,0,0
15518000,0,0
15520000,0,0
15522000,0,0
15524000,0,0
15526000,0,0
15528000,0,0
15530000,0,0
15532000,0,0
15534000,0,0
15536000,0,0
15538000,0,0
15540000,0,0
15542000,0,0
15544000,0,0
15546000,0,0
15548000,0,0
15550000,0,0
15552000,0,0
15554000,0,0
15556000,0,0
15558000,0,0
15560000,0,0
15562000,0,0
15564000,0,0
15566000,0,0
15568000,0,0
15570000,0,0
15572000,0,0
15574000,0,0
15576000,0,0
15578000,0,0
15580000,0,0
15582000,0,0
15584000,0,0
15586000,0,0
15588000,0,0
15590000,0,0
15592000,0,0
15594000,0,0
15596000,0,0
15598000,0,0
15600000,0,0
15602000,0,0
15604000,0,0
15606000,0,0
15608000,0,0
15610000,0,0
15612000,0,0
15614000,0,0
15616000,0,0
15618000,0,0
15620000,0,0
15622000,0,0
15624000,0,0
15626000,0,0
15628000,0,0
15630000,0,0
15632000,0,0
15634000,0,0
15636000,0,0
15638000,0,0
15640000,0,0
15642000,0,0
15644000,0,0
15646000,0,0
15648000,0,0
15650000,0,0
15652000,0,0
15654000,0,0
15656000,0,0
15658000,0,0
15660000,0,0
15662000,0,0
15664000,0,0
15666000,0,0
15668000,0,0
15670000,0,0
15672000,0,0
15674000,0,0
15676000,0,0
15678000,0,0
15680000,0,0
15682000,0,0
15684000,0,0
15686000,0,0
15688000,0,0
15690000,0,0
15692000,0,0
15694000,0,0
15696000,0,0
15698000,0,0
15700000,0,0
15702000,0,0
15704000,0,0
15706000,0,0
15708000,0,0
15710000,0,0
15712000,0,0
15714000,0,0
15716000,0,0
15718000,0,0
15720000,0,0
15722000,0,0
15724000,0,0
15726000,0,0
15728000,0,0
15730000,0,0
15732000,0,0
15734000,0,0
15736000,0,0
15738000,0,0
15740000,0,0
15742000,0,0
15744000,0,0
15746000,0,0
15748000,0,0
15750000,0,0
15752000,0,0
15754000,0,0
15756000,0,0
15758000,0,0
15760000,0,0
15762000,0,0
15764000,0,0
15766000,0,0
15768000,0,0
15770000,0,0
15772000,0,0
15774000,0,0
15776000,0,0
15778000,0,0
15780000,0,0
15782000,0,0
15784000,0,0
15786000,0,0
15788000,0,0
15790000,0,0
15792000,0,0
15794000,0,0
15796000,0,0
15798000,0,0
15800000,0,0
15802000,0,0
15804000,0,0
15806000,0,0
15808000,0,0
15810000,0,0
15812000,0,0
15814000,0,0
15816000,0,0
15818000,0,0
15820000,0,0
15822000,0,0
15824000,0,0
15826000,0,0
15828000,0,0
15830000,0,0
15832000,0,0
15834000,0,0
15836000,0,0
15838000,0,0
15840000,0,0
15842000,0,0
15844000,0,0
15846000,0,0
15848000,0,0
15850000,0,0
15852000,0,0
15854000,0,0
15856000,0,0
15858000,0,0
15860000,0,0
15862000,0,0
15864000,0,0
15866000,0,0
15868000,0,0
15870000,0,0
15872000,0,0
15874000,0,0
15876000,0,0
15878000,0,0
15880000,0,0
15882000,0,0
15884000,0,0
15886000,0,0
15888000,0,0
15890000,0,0
15892000,0,0
15894000,0,0
15896000,0,0
15898000,0,0
15900000,0,0
15902000,0,0
15904000,0,0
15906000,0,0
15908000,0,0
15910000,0,0
15912000,0,0
15914000,0,0
15916000,0,0
15918000,0,0
15920000,0,0
15922000,0,0
15924000,0,0
15926000,0,0
15928000,0,0
15930000,0,0
15932000,0,0
15934000,0,0
15936000,0,0
15938000,0,0
15940000,0,0
15942000,0,0
15944000,0,0
15946000,0,0
15948000,0,0
15950000,0,0
15952000,0,0
15954000,0,0
15956000,0,0
15958000,0,0
15960000,0,0
15962000,0,0
15964000,0,0
15966000,0,0
15968000,0,0
15970000,0,0
15972000,0,0
15974000,0,0
15976000,0,0
15978000,0,0
15980000,0,0
15982000,0,0
15984000,0,0
15986000,0,0
15988000,0,0
15990000,0,0
15992000,0,0
15994000,0,0
15996000,0,0
15998000,0,0
16000000,0,0
16002000,0,0
16004000,0,0
16006000,0,0
16008000,0,0
16010000,0,0
16012000,0,0
16014000,0,0
16016000,0,0
16018000,0,0
16020000,0,0
16022000,0,0
16024000,0,0
16026000,0,0
16028000,0,0
16030000,0,0
16032000,0,0
16034000,0,0
16036000,0,0
16038000,0,0
16040000,0,0
16042000,0,0
16044000,0,0
16046000,0,0
16048000,0,0
16050000,0,0
16052000,0,0
16054000,0,0
16056000,0,0
16058000,0,0
16060000,0,0
16062000,0,0
16064000,0,0
16066000,0,0
16068000,0,0
16070000,0,0
16072000,0,0
16074000,0,0
16076000,0,0
16078000,0,0
16080000,0,0
16082000,0,0
16084000,0,0
16086000,0,0
16088000,0,0
16090000,0,0
16092000,0,0
16094000,0,0
16096000,0,0
16098000,0,0
16100000,0,0
16102000,0,0
16104000,0,0
16106000,0,0
16108000,0,0
16110000,0,0
16112000,0,0
16114000,0,0
16116000,0,0
16118000,0,0
16120000,0,0
16122000,0,0
16124000,0,0
16126000,0,0
16128000,0,0
16130000,0,0
16132000,0,0
16134000,0,0
16136000,0,0
16138000,0,0
16140000,0,0
16142000,0,0
16144000,0,0
16146000,0,0
16148000,0,0
16150000,0,0
16152000,0,0
16154000,0,0
16156000,0,0
16158000,0,0
16160000,0,0
16162000,0,0
16164000,0,0
16166000,0,0
16168000,0,0
16170000,0,0
16172000,0,0
16174000,0,0
16176000,0,0
16178000,0,0
16180000,0,0
16182000,0,0
16184000,0,0
16186000,0,0
16188000,0,0
16190000,0,0
16192000,0,0
16194000,0,0
16196000,0,0
16198000,0,0
16200000,0,0
16202000,0,0
16204000,0,0
16206000,0,0
16208000,0,0
16210000,0,0
16212000,0,0
16214000,0,0
16216000,0,0
16218000,0,0
16220000,0,0
16222000,0,0
16224000,0,0
16226000,0,0
16228000,0,0
16230000,0,0
16232000,0,0
16234000,0,0
16236000,0,0
16238000,0,0
16240000,0,0
16242000,0,0
16244000,0,0
16246000,0,0
16248000,0,0
16250000,0,0
16252000,0,0
16254000,0,0
16256000,0,0
16258000,0,0
16260000,0,0
16262000,0,0
16264000,0,0
16266000,0,0
16268000,0,0
16270000,0,0
16272000,0,0
16274000,0,0
16276000,0,0
16278000,0,0
16280000,0,0
16282000,0,0
16284000,0,0
16286000,0,0
16288000,0,0
16290000,0,0
16292000,0,0
16294000,0,0
16296000,0,0
16298000,0,0
16300000,0,0
16302000,0,0
16304000,0,0
16306000,0,0
16308000,0,0
16310000,0,0
16312000,0,0
16314000,0,0
16316000,0,0
16318000,0,0
16320000,0,0
16322000,0,0
16324000,0,0
16326000,0,0
16328000,0,0
16330000,0,0
16332000,0,0
16334000,0,0
16336000,0,0
16338000,0,0
16340000,0,0
16342000,0,0
16344000,0,0
16346000,0,0
16348000,0,0
16350000,0,0
16352000,0,0
16354000,0,0
16356000,0,0
16358000,0,0
16360000,0,0
16362000,0,0
16364000,0,0
16366000,0,0
16368000,0,0
16370000,0,0
16372000,0,0
16374000,0,0
16376000,0,0
16378000,0,0
16380000,0,0
16382000,0,0
16384000,0,0
16386000,0,0
16388000,0,0
16390000,0,0
16392000,0,0
16394000,0,0
16396000,0,0
16398000,0,0
16400000,0,0
16402000,0,0
16404000,0,0
16406000,0,0
16408000,0,0
16410000,0,0
16412000,0,0
16414000,0,0
16416000,0,0
16418000,0,0
16420000,0,0
16422000,0,0
16424000,0,0
16426000,0,0
16428000,0,0
16430000,0,0
16432000,0,0
16434000,0,0
16436000,0,0
16438000,0,0
16440000,0,0
16442000,0,0
16444000,0,0
16446000,0,0
16448000,0,0
16450000,0,0
16452000,0,0
16454000,0,0
16456000,0,0
16458000,0,0
16460000,0,0
16462000,0,0
16464000,0,0
16466000,0,0
16468000,0,0
16470000,0,0
16472000,0,0
16474000,0,0
16476000,0,0
16478000,0,0
16480000,0,0
16482000,0,0
16484000,0,0
16486000,0,0
16488000,0,0
16490000,0,0
16492000,0,0
16494000,0,0
16496000,0,0
16498000,0,0
16500000,0,0
16502000,0,0
16504000,0,0
16506000,0,0
16508000,0,0
16510000,0,0
16512000,0,0
16514000,0,0
16516000,0,0
16518000,0,0
16520000,0,0
16522000,0,0
16524000,0,0
16526000,0,0
16528000,0,0
16530000,0,0
16532000,0,0
16534000,0,0
16536000,0,0
16538000,0,0
16540000,0,0
16542000,0,0
16544000,0,0
16546000,0,0
16548000,0,0
16550000,0,0
16552000,0,0
16554000,0,0
16556000,0,0
16558000,0,0
16560000,0,0
16562000,0,0
16564000,0,0
16566000,0,0
16568000,0,0
16570000,0,0
16572000,0,0
16574000,0,0
16576000,0,0
16578000,0,0
16580000,0,0
16582000,0,0
16584000,0,0
16586000,0,0
16588000,0,0
16590000,0,0
16592000,0,0
16594000,0,0
16596000,0,0
16598000,0,0
16600000,0,0
16602000,0,0
16604000,0,0
16606000,0,0
16608000,0,0
16610000,0,0
16612000,0,0
16614000,0,0
16616000,0,0
16618000,0,0
16620000,0,0
16622000,0,0
16624000,0,0
16626000,0,0
16628000,0,0
16630000,0,0
16632000,0,0
16634000,0,0
16636000,0,0
16638000,0,0
16640000,0,0
16642000,0,0
16644000,0,0
16646000,0,0
16648000,0,0
16650000,0,0
16652000,0,0
16654000,0,0
16656000,0,0
16658000,0,0
16660000,0,0
16662000,0,0
16664000,0,0
16666000,0,0
16668000,0,0
16670000,0,0
16672000,0,0
16674000,0,0
16676000,0,0
16678000,0,0
16680000,0,0
16682000,0,0
16684000,0,0
16686000,0,0
16688000,0,0
16690000,0,0
16692000,0,0
16694000,0,0
16696000,0,0
16698000,0,0
16700000,0,0
16702000,0,0
16704000,0,0
16706000,0,0
16708000,0,0
16710000,0,0
16712000,0,0
16714000,0,0
16716000,0,0
16718000,0,0
16720000,0,0
16722000,0,0
16724000,0,0
16726000,0,0
16728000,0,0
16730000,0,0
16732000,0,0
16734000,0,0
16736000,0,0
16738000,0,0
16740000,0,0
16742000,0,0
16744000,0,0
16746000,0,0
16748000,0,0
16750000,0,0
16752000,0,0
16754000,0,0
16756000,0,0
16758000,0,0
16760000,0,0
16762000,0,0
16764000,0,0
16766000,0,0
16768000,0,0
16770000,0,0
16772000,0,0
16774000,0,0
16776000,0,0
16778000,0,0
16780000,0,0
16782000,0,0
16784000,0,0
16786000,0,0
16788000,0,0
16790000,0,0
16792000,0,0
16794000,0,0
16796000,0,0
16798000,0,0
16800000,0,0
16802000,0,0
16804000,0,0
16806000,0,0
16808000,0,0
16810000,0,0
16812000,0,0
16814000,0,0
16816000,0,0
16818000,0,0
16820000,0,0
16822000,0,0
16824000,0,0
16826000,0,0
16828000,0,0
16830000,0,0
16832000,0,0
16834000,0,0
16836000,0,0
16838000,0,0
16840000,0,0
16842000,0,0
16844000,0,0
16846000,0,0
16848000,0,0
16850000,0,0
16852000,0,0
16854000,0,0
16856000,0,0
16858000,0,0
16860000,0,0
16862000,0,0
16864000,0,0
16866000,0,0
16868000,0,0
16870000,0,0
16872000,0,0
16874000,0,0
16876000,0,0
16878000,0,0
16880000,0,0
16882000,0,0
16884000,0,0
16886000,0,0
16888000,0,0
16890000,0,0
16892000,0,0
16894000,0,0
16896000,0,0
16898000,0,0
16900000,0,0
16902000,0,0
16904000,0,0
16906000,0,0
16908000,0,0
16910000,0,0
16912000,0,0
16914000,0,0
16916000,0,0
16918000,0,0
16920000,0,0
16922000,0,0
16924000,0,0
16926000,0,0
16928000,0,0
16930000,0,0
16932000,0,0
16934000,0,0
16936000,0,0
16938000,0,0
16940000,0,0
16942000,0,0
16944000,0,0
16946000,0,0
16948000,0,0
16950000,0,0
16952000,0,0
16954000,0,0
16956000,0,0
16958000,0,0
16960000,0,0
16962000,0,0
16964000,0,0
16966000,0,0
16968000,0,0
16970000,0,0
16972000,0,0
16974000,0,0
16976000,0,0
16978000,0,0
16980000,0,0
16982000,0,0
16984000,0,0
16986000,0,0
16988000,0,0
16990000,0,0
16992000,0,0
16994000,0,0
16996000,0,0
16998000,0,0
17000000,0,0
17002000,0,0
17004000,0,0
17006000,0,0
17008000,0,0
17010000,0,0
17012000,0,0
17014000,0,0
17016000,0,0
17018000,0,0
17020000,0,0
17022000,0,0
17024000,0,0
17026000,0,0
17028000,0,0
17030000,0,0
17032000,0,0
17034000,0,0
17036000,0,0
17038000,0,0
17040000,0,0
17042000,0,0
17044000,0,0
17046000,0,0
17048000,0,0
17050000,0,0
17052000,0,0
17054000,0,0
17056000,0,0
17058000,0,0
17060000,0,0
17062000,0,0
17064000,0,0
17066000,0,0
17068000,0,0
17070000,0,0
17072000,0,0
17074000,0,0
17076000,0,0
17078000,0,0
17080000,0,0
17082000,0,0
17084000,0,0
17086000,0,0
17088000,0,0
17090000,0,0
17092000,0,0
17094000,0,0
17096000,0,0
17098000,0,0
17100000,0,0
17102000,0,0
17104000,0,0
17106000,0,0
17108000,0,0
17110000,0,0
17112000,0,0
17114000,0,0
17116000,0,0
17118000,0,0
17120000,0,0
17122000,0,0
17124000,0,0
17126000,0,0
17128000,0,0
17130000,0,0
17132000,0,0
17134000,0,0
17136000,0,0
17138000,0,0
17140000,0,0
17142000,0,0
17144000,0,0
17146000,0,0
17148000,0,0
17150000,0,0
17152000,0,0
17154000,0,0
17156000,0,0
17158000,0,0
17160000,0,0
17162000,0,0
17164000,0,0
17166000,0,0
17168000,0,0
17170000,0,0
17172000,0,0
17174000,0,0
17176000,0,0
17178000,0,0
17180000,0,0
17182000,0,0
17184000,0,0
17186000,0,0
17188000,0,0
17190000,0,0
17192000,0,0
17194000,0,0
17196000,0,0
17198000,0,0
17200000,0,0
17202000,0,0
17204000,0,0
17206000,0,0
17208000,0,0
17210000,0,0
17212000,0,0
17214000,0,0
17216000,0,0
17218000,0,0
17220000,0,0
17222000,0,0
17224000,0,0
17226000,0,0
17228000,0,0
17230000,0,0
17232000,0,0
17234000,0,0
17236000,0,0
17238000,0,0
17240000,0,0
17242000,0,0
17244000,0,0
17246000,0,0
17248000,0,0
17250000,0,0
17252000,0,0
17254000,0,0
17256000,0,0
17258000,0,0
17260000,0,0
17262000,0,0
17264000,0,0
17266000,0,0
17268000,0,0
17270000,0,0
17272000,0,0
17274000,0,0
17276000,0,0
17278000,0,0
17280000,0,0
17282000,0,0
17284000,0,0
17286000,0,0
17288000,0,0
17290000,0,0
17292000,0,0
17294000,0,0
17296000,0,0
17298000,0,0
17300000,0,0
17302000,0,0
17304000,0,0
17306000,0,0
17308000,0,0
17310000,0,0
17312000,0,0
17314000,0,0
17316000,0,0
17318000,0,0
17320000,0,0
17322000,0,0
17324000,0,0
17326000,0,0
17328000,0,0
17330000,0,0
17332000,0,0
17334000,0,0
17336000,0,0
17338000,0,0
17340000,0,0
17342000,0,0
17344000,0,0
17346000,0,0
17348000,0,0
17350000,0,0
17352000,0,0
17354000,0,0
17356000,0,0
17358000,0,0
17360000,0,0
17362000,0,0
17364000,0,0
17366000,0,0
17368000,0,0
17370000,0,0
17372000,0,0
17374000,0,0
17376000,0,0
17378000,0,0
17380000,0,0
17382000,0,0
17384000,0,0
17386000,0,0
17388000,0,0
17390000,0,0
17392000,0,0
17394000,0,0
17396000,0,0
17398000,0,0
17400000,0,0
17402000,0,0
17404000,0,0
17406000,0,0
17408000,0,0
17410000,0,0
17412000,0,0
17414000,0,0
17416000,0,0
17418000,0,0
17420000,0,0
17422000,0,0
17424000,0,0
17426000,0,0
17428000,0,0
17430000,0,0
17432000,0,0
17434000,0,0
17436000,0,0
17438000,0,0
17440000,0,0
17442000,0,0
17444000,0,0
17446000,0,0
17448000,0,0
17450000,0,0
17452000,0,0
17454000,0,0
17456000,0,0
17458000,0,0
17460000,0,0
17462000,0,0
17464000,0,0
17466000,0,0
17468000,0,0
17470000,0,0
17472000,0,0
17474000,0,0
17476000,0,0
17478000,0,0
17480000,0,0
17482000,0,0
17484000,0,0
17486000,0,0
17488000,0,0
17490000,0,0
17492000,0,0
17494000,0,0
17496000,0,0
17498000,0,0
17500000,0,0
17502000,0,0
17504000,0,0
17506000,0,0
17508000,0,0
17510000,0,0
17512000,0,0
17514000,0,0
17516000,0,0
17518000,0,0
17520000,0,0
17522000,0,0
17524000,0,0
17526000,0,0
17528000,0,0
17530000,0,0
17532000,0,0
17534000,0,0
17536000,0,0
17538000,0,0
17540000,0,0
17542000,0,0
17544000,0,0
17546000,0,0
17548000,0,0
17550000,0,0
17552000,0,0
17554000,0,0
17556000,0,0
17558000,0,0
17560000,0,0
17562000,0,0
17564000,0,0
17566000,0,0
17568000,0,0
17570000,0,0
17572000,0,0
17574000,0,0
17576000,0,0
17578000,0,0
17580000,0,0
17582000,0,0
17584000,0,0
17586000,0,0
17588000,0,0
17590000,0,0
17592000,0,0
17594000,0,0
17596000,0,0
17598000,0,0
17600000,0,0
17602000,0,0
17604000,0,0
17606000,0,0
17608000,0,0
17610000,0,0
17612000,0,0
17614000,0,0
17616000,0,0
17618000,0,0
17620000,0,0
17622000,0,0
17624000,0,0
17626000,0,0
17628000,0,0
17630000,0,0
17632000,0,0
17634000,0,0
17636000,0,0
17638000,0,0
17640000,0,0
17642000,0,0
17644000,0,0
17646000,0,0
17648000,0,0
17650000,0,0
17652000,0,0
17654000,0,0
17656000,0,0
17658000,0,0
17660000,0,0
17662000,0,0
17664000,0,0
17666000,0,0
17668000,0,0
17670000,0,0
17672000,0,0
17674000,0,0
17676000,0,0
17678000,0,0
17680000,0,0
17682000,0,0
17684000,0,0
17686000,0,0
17688000,0,0
17690000,0,0
17692000,0,0
17694000,0,0
17696000,0,0
17698000,0,0
17700000,0,0
17702000,0,0
17704000,0,0
17706000,0,0
17708000,0,0
17710000,0,0
17712000,0,0
17714000,0,0
17716000,0,0
17718000,0,0
17720000,0,0
17722000,0,0
17724000,0,0
17726000,0,0
17728000,0,0
17730000,0,0
17732000,0,0
17734000,0,0
17736000,0,0
17738000,0,0
17740000,0,0
17742000,0,0
17744000,0,0
17746000,0,0
17748000,0,0
17750000,0,0
17752000,0,0
17754000,0,0
17756000,0,0
17758000,0,0
17760000,0,0
17762000,0,0
17764000,0,0
17766000,0,0
17768000,0,0
17770000,0,0
17772000,0,0
17774000,0,0
17776000,0,0
17778000,0,0
17780000,0,0
17782000,0,0
17784000,0,0
17786000,0,0
17788000,0,0
17790000,0,0
17792000,0,0
17794000,0,0
17796000,0,0
17798000,0,0
17800000,0,0
17802000,0,0
17804000,0,0
17806000,0,0
17808000,0,0
17810000,0,0
17812000,0,0
17814000,0,0
17816000,0,0
17818000,0,0
17820000,0,0
17822000,0,0
17824000,0,0
17826000,0,0
17828000,0,0
17830000,0,0
17832000,0,0
17834000,0,0
17836000,0,0
17838000,0,0
17840000,0,0
17842000,0,0
17844000,0,0
17846000,0,0
17848000,0,0
17850000,0,0
17852000,0,0
17854000,0,0
17856000,0,0
17858000,0,0
17860000,0,0
17862000,0,0
17864000,0,0
17866000,0,0
17868000,0,0
17870000,0,0
17872000,0,0
17874000,0,0
17876000,0,0
17878000,0,0
17880000,0,0
17882000,0,0
17884000,0,0
17886000,0,0
17888000,0,0
17890000,0,0
17892000,0,0
17894000,0,0
17896000,0,0
17898000,0,0
17900000,0,0
17902000,0,0
17904000,0,0
17906000,0,0
17908000,0,0
17910000,0,0
17912000,0,0
17914000,0,0
17916000,0,0
17918000,0,0
17920000,0,0
17922000,0,0
17924000,0,0
17926000,0,0
17928000,0,0
17930000,0,0
17932000,0,0
17934000,0,0
17936000,0,0
17938000,0,0
17940000,0,0
17942000,0,0
17944000,0,0
17946000,0,0
17948000,0,0
17950000,0,0
17952000,0,0
17954000,0,0
17956000,0,0
17958000,0,0
17960000,0,0
17962000,0,0
17964000,0,0
17966000,0,0
17968000,0,0
17970000,0,0
17972000,0,0
17974000,0,0
17976000,0,0
17978000,0,0
17980000,0,0
17982000,0,0
17984000,0,0
17986000,0,0
17988000,0,0
17990000,0,0
17992000,0,0
17994000,0,0
17996000,0,0
17998000,0,0
18000000,0,0
18002000,0,0
18004000,0,0
18006000,0,0
18008000,0,0
18010000,0,0
18012000,0,0
18014000,0,0
18016000,0,0
18018000,0,0
18020000,0,0
18022000,0,0
18024000,0,0
18026000,0,0
18028000,0,0
18030000,0,0
18032000,0,0
18034000,0,0
18036000,0,0
18038000,0,0
18040000,0,0
18042000,0,0
18044000,0,0
18046000,0,0
18048000,0,0
18050000,0,0
18052000,0,0
18054000,0,0
18056000,0,0
18058000,0,0
18060000,0,0
18062000,0,0
18064000,0,0
18066000,0,0
18068000,0,0
18070000,0,0
18072000,0,0
18074000,0,0
18076000,0,0
18078000,0,0
18080000,0,0
18082000,0,0
18084000,0,0
18086000,0,0
18088000,0,0
18090000,0,0
18092000,0,0
18094000,0,0
18096000,0,0
18098000,0,0
18100000,0,0
18102000,0,0
18104000,0,0
18106000,0,0
18108000,0,0
18110000,0,0
18112000,0,0
18114000,0,0
18116000,0,0
18118000,0,0
18120000,0,0
18122000,0,0
18124000,0,0
18126000,0,0
18128000,0,0
18130000,0,0
18132000,0,0
18134000,0,0
18136000,0,0
18138000,0,0
18140000,0,0
18142000,0,0
18144000,0,0
18146000,0,0
18148000,0,0
18150000,0,0
18152000,0,0
18154000,0,0
18156000,0,0
18158000,0,0
18160000,0,0
18162000,0,0
18164000,0,0
18166000,0,0
18168000,0,0
18170000,0,0
18172000,0,0
18174000,0,0
18176000,0,0
18178000,0,0
18180000,0,0
18182000,0,0
18184000,0,0
18186000,0,0
18188000,0,0
18190000,0,0
18192000,0,0
18194000,0,0
18196000,0,0
18198000,0,0
18200000,0,0
18202000,0,0
18204000,0,0
18206000,0,0
18208000,0,0
18210000,0,0
18212000,0,0
18214000,0,0
18216000,0,0
18218000,0,0
18220000,0,0
18222000,0,0
18224000,0,0
18226000,0,0
18228000,0,0
18230000,0,0
18232000,0,0
18234000,0,0
18236000,0,0
18238000,0,0
18240000,0,0
18242000,0,0
18244000,0,0
18246000,0,0
18248000,0,0
18250000,0,0
18252000,0,0
18254000,0,0
18256000,0,0
18258000,0,0
18260000,0,0
18262000,0,0
18264000,0,0
18266000,0,0
18268000,0,0
18270000,0,0
18272000,0,0
18274000,0,0
18276000,0,0
18278000,0,0
18280000,0,0
18282000,0,0
18284000,0,0
18286000,0,0
18288000,0,0
18290000,0,0
18292000,0,0
18294000,0,0
18296000,0,0
18298000,0,0
18300000,0,0
18302000,0,0
18304000,0,0
18306000,0,0
18308000,0,0
18310000,0,0
18312000,0,0
18314000,0,0
18316000,0,0
18318000,0,0
18320000,0,0
18322000,0,0
18324000,0,0
18326000,0,0
18328000,0,0
18330000,0,0
18332000,0,0
18334000,0,0
18336000,0,0
18338000,0,0
18340000,0,0
18342000,0,0
18344000,0,0
18346000,0,0
18348000,0,0
18350000,0,0
18352000,0,0
18354000,0,0
18356000,0,0
18358000,0,0
18360000,0,0
18362000,0,0
18364000,0,0
18366000,0,0
18368000,0,0
18370000,0,0
18372000,0,0
18374000,0,0
18376000,0,0
18378000,0,0
18380000,0,0
18382000,0,0
18384000,0,0
18386000,0,0
18388000,0,0
18390000,0,0
18392000,0,0
18394000,0,0
18396000,0,0
18398000,0,0
18400000,0,0
18402000,0,0
18404000,0,0
18406000,0,0
18408000,0,0
18410000,0,0
18412000,0,0
18414000,0,0
18416000,0,0
18418000,0,0
18420000,0,0
18422000,0,0
18424000,0,0
18426000,0,0
18428000,0,0
18430000,0,0
18432000,0,0
18434000,0,0
18436000,0,0
18438000,0,0
18440000,0,0
18442000,0,0
18444000,0,0
18446000,0,0
18448000,0,0
18450000,0,0
18452000,0,0
18454000,0,0
18456000,0,0
18458000,0,0
18460000,0,0
18462000,0,0
18464000,0,0
18466000,0,0
18468000,0,0
18470000,0,0
18472000,0,0
18474000,0,0
18476000,0,0
18478000,0,0
18480000,0,0
18482000,0,0
18484000,0,0
18486000,0,0
18488000,0,0
18490000,0,0
18492000,0,0
18494000,0,0
18496000,0,0
18498000,0,0
18500000,0,0
18502000,0,0
18504000,0,0
18506000,0,0
18508000,0,0
18510000,0,0
18512000,0,0
18514000,0,0
18516000,0,0
18518000,0,0
18520000,0,0
18522000,0,0
18524000,0,0
18526000,0,0
18528000,0,0
18530000,0,0
18532000,0,0
18534000,0,0
18536000,0,0
18538000,0,0
18540000,0,0
18542000,0,0
18544000,0,0
18546000,0,0
18548000,0,0
18550000,0,0
18552000,0,0
18554000,0,0
18556000,0,0
18558000,0,0
18560000,0,0
18562000,0,0
18564000,0,0
18566000,0,0
18568000,0,0
18570000,0,0
18572000,0,0
18574000,0,0
18576000,0,0
18578000,0,0
18580000,0,0
18582000,0,0
18584000,0,0
18586000,0,0
18588000,0,0
18590000,0,0
18592000,0,0
18594000,0,0
18596000,0,0
18598000,0,0
18600000,0,0
18602000,0,0
18604000,0,0
18606000,0,0
18608000,0,0
18610000,0,0
18612000,0,0
18614000,0,0
18616000,0,0
18618000,0,0
18620000,0,0
18622000,0,0
18624000,0,0
18626000,0,0
18628000,0,0
18630000,0,0
18632000,0,0
18634000,0,0
18636000,0,0
18638000,0,0
18640000,0,0
18642000,0,0
18644000,0,0
18646000,0,0
18648000,0,0
18650000,0,0
18652000,0,0
18654000,0,0
18656000,0,0
18658000,0,0
18660000,0,0
18662000,0,0
18664000,0,0
18666000,0,0
18668000,0,0
18670000,0,0
18672000,0,0
18674000,0,0
18676000,0,0
18678000,0,0
18680000,0,0
18682000,0,0
18684000,0,0
18686000,0,0
18688000,0,0
18690000,0,0
18692000,0,0
18694000,0,0
18696000,0,0
18698000,0,0
18700000,0,0
18702000,0,0
18704000,0,0
18706000,0,0
18708000,0,0
18710000,0,0
18712000,0,0
18714000,0,0
18716000,0,0
18718000,0,0
18720000,0,0
18722000,0,0
18724000,0,0
18726000,0,0
18728000,0,0
18730000,0,0
18732000,0,0
18734000,0,0
18736000,0,0
18738000,0,0
18740000,0,0
18742000,0,0
18744000,0,0
18746000,0,0
18748000,0,0
18750000,0,0
18752000,0,0
18754000,0,0
18756000,0,0
18758000,0,0
18760000,0,0
18762000,0,0
18764000,0,0
18766000,0,0
18768000,0,0
18770000,0,0
18772000,0,0
18774000,0,0
18776000,0,0
18778000,0,0
18780000,0,0
18782000,0,0
18784000,0,0
18786000,0,0
18788000,0,0
18790000,0,0
18792000,0,0
18794000,0,0
18796000,0,0
18798000,0,0
18800000,0,0
18802000,0,0
18804000,0,0
18806000,0,0
18808000,0,0
18810000,0,0
18812000,0,0
18814000,0,0
18816000,0,0
18818000,0,0
18820000,0,0
18822000,0,0
18824000,0,0
18826000,0,0
18828000,0,0
18830000,0,0
18832000,0,0
18834000,0,0
18836000,0,0
18838000,0,0
18840000,0,0
18842000,0,0
18844000,0,0
18846000,0,0
18848000,0,0
18850000,0,0
18852000,0,0
18854000,0,0
18856000,0,0
18858000,0,0
18860000,0,0
18862000,0,0
18864000,0,0
18866000,0,0
18868000,0,0
18870000,0,0
18872000,0,0
18874000,0,0
18876000,0,0
18878000,0,0
18880000,0,0
18882000,0,0
18884000,0,0
18886000,0,0
18888000,0,0
18890000,0,0
18892000,0,0
18894000,0,0
18896000,0,0
18898000,0,0
18900000,0,0
18902000,0,0
18904000,0,0
18906000,0,0
18908000,0,0
18910000,0,0
18912000,0,0
18914000,0,0
18916000,0,0
18918000,0,0
18920000,0,0
18922000,0,0
18924000,0,0
18926000,0,0
18928000,0,0
18930000,0,0
18932000,0,0
18934000,0,0
18936000,0,0
18938000,0,0
18940000,0,0
18942000,0,0
18944000,0,0
18946000,0,0
18948000,0,0
18950000,0,0
18952000,0,0
18954000,0,0
18956000,0,0
18958000,0,0
18960000,0,0
18962000,0,0
18964000,0,0
18966000,0,0
18968000,0,0
18970000,0,0
18972000,0,0
18974000,0,0
18976000,0,0
18978000,0,0
18980000,0,0
18982000,0,0
18984000,0,0
18986000,0,0
18988000,0,0
18990000,0,0
18992000,0,0
18994000,0,0
18996000,0,0
18998000,0,0
19000000,0,0
19002000,0,0
19004000,0,0
19006000,0,0
19008000,0,0
19010000,0,0
19012000,0,0
19014000,0,0
19016000,0,0
19018000,0,0
19020000,0,0
19022000,0,0
19024000,0,0
19026000,0,0
19028000,0,0
19030000,0,0
19032000,0,0
19034000,0,0
19036000,0,0
19038000,0,0
19040000,0,0
19042000,0,0
19044000,0,0
19046000,0,0
19048000,0,0
19050000,0,0
19052000,0,0
19054000,0,0
19056000,0,0
19058000,0,0
19060000,0,0
19062000,0,0
19064000,0,0
19066000,0,0
19068000,0,0
19070000,0,0
19072000,0,0
19074000,0,0
19076000,0,0
19078000,0,0
19080000,0,0
19082000,0,0
19084000,0,0
19086000,0,0
19088000,0,0
19090000,0,0
19092000,0,0
19094000,0,0
19096000,0,0
19098000,0,0
19100000,0,0
19102000,0,0
19104000,0,0
19106000,0,0
19108000,0,0
19110000,0,0
19112000,0,0
19114000,0,0
19116000,0,0
19118000,0,0
19120000,0,0
19122000,0,0
19124000,0,0
19126000,0,0
19128000,0,0
19130000,0,0
19132000,0,0
19134000,0,0
19136000,0,0
19138000,0,0
19140000,0,0
19142000,0,0
19144000,0,0
19146000,0,0
19148000,0,0
19150000,0,0
19152000,0,0
19154000,0,0
19156000,0,0
19158000,0,0
19160000,0,0
19162000,0,0
19164000,0,0
19166000,0,0
19168000,0,0
19170000,0,0
19172000,0,0
19174000,0,0
19176000,0,0
19178000,0,0
19180000,0,0
19182000,0,0
19184000,0,0
19186000,0,0
19188000,0,0
19190000,0,0
19192000,0,0
19194000,0,0
19196000,0,0
19198000,0,0
19200000,0,0
19202000,0,0
19204000,0,0
19206000,0,0
19208000,0,0
19210000,0,0
19212000,0,0
19214000,0,0
19216000,0,0
19218000,0,0
19220000,0,0
19222000,0,0
19224000,0,0
19226000,0,0
19228000,0,0
19230000,0,0
19232000,0,0
19234000,0,0
19236000,0,0
19238000,0,0
19240000,0,0
19242000,0,0
19244000,0,0
19246000,0,0
19248000,0,0
19250000,0,0
19252000,0,0
19254000,0,0
19256000,0,0
19258000,0,0
19260000,0,0
19262000,0,0
19264000,0,0
19266000,0,0
19268000,0,0
19270000,0,0
19272000,0,0
19274000,0,0
19276000,0,0
19278000,0,0
19280000,0,0
19282000,0,0
19284000,0,0
19286000,0,0
19288000,0,0
19290000,0,0
19292000,0,0
19294000,0,0
19296000,0,0
19298000,0,0
19300000,0,0
19302000,0,0
19304000,0,0
19306000,0,0
19308000,0,0
19310000,0,0
19312000,0,0
19314000,0,0
19316000,0,0
19318000,0,0
19320000,0,0
19322000,0,0
19324000,0,0
19326000,0,0
19328000,0,0
19330000,0,0
19332000,0,0
19334000,0,0
19336000,0,0
19338000,0,0
19340000,0,0
19342000,0,0
19344000,0,0
19346000,0,0
19348000,0,0
19350000,0,0
19352000,0,0
19354000,0,0
19356000,0,0
19358000,0,0
19360000,0,0
19362000,0,0
19364000,0,0
19366000,0,0
19368000,0,0
19370000,0,0
19372000,0,0
19374000,0,0
19376000,0,0
19378000,0,0
19380000,0,0
19382000,0,0
19384000,0,0
19386000,0,0
19388000,0,0
19390000,0,0
19392000,0,0
19394000,0,0
19396000,0,0
19398000,0,0
19400000,0,0
19402000,0,0
19404000,0,0
19406000,0,0
19408000,0,0
19410000,0,0
19412000,0,0
19414000,0,0
19416000,0,0
19418000,0,0
19420000,0,0
19422000,0,0
19424000,0,0
19426000,0,0
19428000,0,0
19430000,0,0
19432000,0,0
19434000,0,0
19436000,0,0
19438000,0,0
19440000,0,0
19442000,0,0
19444000,0,0
19446000,0,0
19448000,0,0
19450000,0,0
19452000,0,0
19454000,0,0
19456000,0,0
19458000,0,0
19460000,0,0
19462000,0,0
19464000,0,0
19466000,0,0
19468000,0,0
19470000,0,0
19472000,0,0
19474000,0,0
19476000,0,0
19478000,0,0
19480000,0,0
19482000,0,0
19484000,0,0
19486000,0,0
19488000,0,0
19490000,0,0
19492000,0,0
19494000,0,0
19496000,0,0
19498000,0,0
19500000,0,0
19502000,0,0
19504000,0,0
19506000,0,0
19508000,0,0
19510000,0,0
19512000,0,0
19514000,0,0
19516000,0,0
19518000,0,0
19520000,0,0
19522000,0,0
19524000,0,0
19526000,0,0
19528000,0,0
19530000,0,0
19532000,0,0
19534000,0,0
19536000,0,0
19538000,0,0
19540000,0,0
19542000,0,0
19544000,0,0
19546000,0,0
19548000,0,0
19550000,0,0
19552000,0,0
19554000,0,0
19556000,0,0
19558000,0,0
19560000,0,0
19562000,0,0
19564000,0,0
19566000,0,0
19568000,0,0
19570000,0,0
19572000,0,0
19574000,0,0
19576000,0,0
19578000,0,0
19580000,0,0
19582000,0,0
19584000,0,0
19586000,0,0
19588000,0,0
19590000,0,0
19592000,0,0
19594000,0,0
19596000,0,0
19598000,0,0
19600000,0,0
19602000,0,0
19604000,0,0
19606000,0,0
19608000,0,0
19610000,0,0
19612000,0,0
19614000,0,0
19616000,0,0
19618000,0,0
19620000,0,0
19622000,0,0
19624000,0,0
19626000,0,0
19628000,0,0
19630000,0,0
19632000,0,0
19634000,0,0
19636000,0,0
19638000,0,0
19640000,0,0
19642000,0,0
19644000,0,0
19646000,0,0
19648000,0,0
19650000,0,0
19652000,0,0
19654000,0,0
19656000,0,0
19658000,0,0
19660000,0,0
19662000,0,0
19664000,0,0
19666000,0,0
19668000,0,0
19670000,0,0
19672000,0,0
19674000,0,0
19676000,0,0
19678000,0,0
19680000,0,0
19682000,0,0
19684000,0,0
19686000,0,0
19688000,0,0
19690000,0,0
19692000,0,0
19694000,0,0
19696000,0,0
19698000,0,0
19700000,0,0
19702000,0,0
19704000,0,0
19706000,0,0
19708000,0,0
19710000,0,0
19712000,0,0
19714000,0,0
19716000,0,0
19718000,0,0
19720000,0,0
19722000,0,0
19724000,0,0
19726000,0,0
19728000,0,0
19730000,0,0
19732000,0,0
19734000,0,0
19736000,0,0
19738000,0,0
19740000,0,0
19742000,0,0
19744000,0,0
19746000,0,0
19748000,0,0
19750000,0,0
19752000,0,0
19754000,0,0
19756000,0,0
19758000,0,0
19760000,0,0
19762000,0,0
19764000,0,0
19766000,0,0
19768000,0,0
19770000,0,0
19772000,0,0
19774000,0,0
19776000,0,0
19778000,0,0
19780000,0,0
19782000,0,0
19784000,0,0
19786000,0,0
19788000,0,0
19790000,0,0
19792000,0,0
19794000,0,0
19796000,0,0
19798000,0,0
19800000,0,0
19802000,0,0
19804000,0,0
19806000,0,0
19808000,0,0
19810000,0,0
19812000,0,0
19814000,0,0
19816000,0,0
19818000,0,0
19820000,0,0
19822000,0,0
19824000,0,0
19826000,0,0
19828000,0,0
19830000,0,0
19832000,0,0
19834000,0,0
19836000,0,0
19838000,0,0
19840000,0,0
19842000,0,0
19844000,0,0
19846000,0,0
19848000,0,0
19850000,0,0
19852000,0,0
19854000,0,0
19856000,0,0
19858000,0,0
19860000,0,0
19862000,0,0
19864000,0,0
19866000,0,0
19868000,0,0
19870000,0,0
19872000,0,0
19874000,0,0
19876000,0,0
19878000,0,0
19880000,0,0
19882000,0,0
19884000,0,0
19886000,0,0
19888000,0,0
19890000,0,0
19892000,0,0
19894000,0,0
19896000,0,0
19898000,0,0
19900000,0,0
19902000,0,0
19904000,0,0
19906000,0,0
19908000,0,0
19910000,0,0
19912000,0,0
19914000,0,0
19916000,0,0
19918000,0,0
19920000,0,0
19922000,0,0
19924000,0,0
19926000,0,0
19928000,0,0
19930000,0,0
19932000,0,0
19934000,0,0
19936000,0,0
19938000,0,0
19940000,0,0
19942000,0,0
19944000,0,0
19946000,0,0
19948000,0,0
19950000,0,0
19952000,0,0
19954000,0,0
19956000,0,0
19958000,0,0
19960000,0,0
19962000,0,0
19964000,0,0
19966000,0,0
19968000,0,0
19970000,0,0
19972000,0,0
19974000,0,0
19976000,0,0
19978000,0,0
19980000,0,0
19982000,0,0
19984000,0,0
19986000,0,0
19988000,0,0
19990000,0,0
19992000,0,0
19994000,0,0
19996000,0,0
19998000,0,0
20000000,0,0
20002000,1126402,97948
20004000,5176656,479320
20006000,11318204,1469220
20008000,17673362,2469540
20010000,23994134,3459440
20012000,30309696,4449340
20014000,36650266,5439240
20016000,39599126,6439560
20018000,40058648,6879284
20020000,40082614,7227312
20022000,40088866,7923368
20024000,40090950,8628802
20026000,40087824,9324858
20028000,40090950,10021956
20030000,41538288,10719054
20032000,41538288,10838884
20034000,41530994,10955588
20036000,41527868,11071250
20038000,41517448,11186912
20040000,41504944,11302574
20042000,41573716,11419278
20044000,41880064,11498470
20046000,41869644,11420320
20048000,41857140,11342170
20050000,41842552,11262978
20052000,41835258,11184828
20054000,41822754,11105636
20056000,41811292,11027486
20058000,41794620,10948294
20060000,41786284,10870144
20062000,41772738,10791994
20064000,41760234,10713844
20066000,41748772,10635694
20068000,41738352,10556502
20070000,41726890,10478352
20072000,41716470,10699256
20074000,41706050,10999352
20076000,41692504,11299448
20078000,41687294,11602670
20080000,41675832,11899640
20082000,41665412,12197652
20084000,41652908,12495664
20086000,41652908,12797844
20088000,41647698,13094814
20090000,41643530,13392826
20092000,41637278,13690838
20094000,41637278,13993018
20096000,41633110,14289988
20098000,41629984,14588000
20100000,41623732,14886012
20102000,41624774,15188192
20104000,41621648,15485162
20106000,41618522,15783174
20108000,41616438,16081186
20110000,41613312,16382324
20112000,41611228,16680336
20114000,41608102,16977306
20116000,41606018,17275318
20118000,41600808,17573330
20120000,41602892,17875510
20122000,41600808,18172480
20124000,41598724,18470492
20126000,41593514,18768504
20128000,41596640,19070684
20130000,41593514,19367654
20132000,41592472,19665666
20134000,41587262,19963678
20136000,41590388,20265858
20138000,41588304,20562828
20140000,41587262,20860840
20142000,41582052,21158852
20144000,41585178,21461032
20146000,41583094,21758002
20148000,41582052,22056014
20150000,41840468,22354026
20152000,41981138,22396748
20154000,41980096,22298800
20156000,41979054,22199810
20158000,41978012,22101862
20160000,41976970,22002872
20162000,41975928,21904924
20164000,41974886,21805934
20166000,41805040,21707986
20168000,41573716,21774674
20170000,41573716,22072686
20172000,41857140,22369656
20174000,41970718,22386328
20176000,41971760,22288380
20178000,41970718,22190432
20180000,41969676,22091442
20182000,41968634,21993494
20184000,41969676,21895546
20186000,41968634,21797598
20188000,41777948,21698608
20190000,41567464,21786136
20192000,41567464,22089358
20194000,41876938,22387370
20196000,41968634,22381118
20198000,41966550,22282128
20200000,41966550,22184180
20202000,41968634,22087274
20204000,41968634,21989326
20206000,41966550,21890336
20208000,41966550,21792388
20210000,41757108,21694440
20212000,41568506,21803850
20214000,41567464,22100820
20216000,41893610,22398832
20218000,41967592,22373824
20220000,41968634,22276918
20222000,41967592,22177928
20224000,41967592,22079980
20226000,41968634,21982032
20228000,41968634,21884084
20230000,41968634,21786136
20232000,41728974,21688188
20234000,41568506,21829900
20236000,41569548,22127912
20238000,41931122,22426966
20240000,41969676,22367572
20242000,41969676,22269624
20244000,41971760,22172718
20246000,41971760,22074770
20248000,41970718,21975780
20250000,41970718,21877832
20252000,41971760,21779884
20254000,41699798,21682978
20256000,41571632,21852824
20258000,41568506,22150836
20260000,41964466,22453016
20262000,41973844,22364446
20264000,41972802,22265456
20266000,41973844,22167508
20268000,41975928,22070602
20270000,41975928,21972654
20272000,41974886,21873664
20274000,41974886,21775716
20276000,41672706,21677768
20278000,41577884,21878874
20280000,41599766,22176886
20282000,41976970,22456142
20284000,41978012,22359236
20286000,41979054,22261288
20288000,41980096,22163340
20290000,41979054,22064350
20292000,41980096,21967444
20294000,41981138,21869496
20296000,41981138,21771548
20298000,41641446,21672558
20300000,41576842,21910134
20302000,41647698,22213356
20304000,41983222,22450932
20306000,41983222,22351942
20308000,41984264,22255036
20310000,41985306,22157088
20312000,41985306,22059140
20314000,41985306,21960150
20316000,41986348,21863244
20318000,41986348,21765296
20320000,41607060,21667348
20322000,41589346,21946604
20324000,41688336,22244616
20326000,41990516,22448848
20328000,41992600,22350900
20330000,41993642,22252952
20332000,41993642,22153962
20334000,41993642,22056014
20336000,41995726,21958066
20338000,41996768,21860118
20340000,41973844,21761128
20342000,41592472,21681936
20344000,41598724,21984116
20346000,41740436,22282128
20348000,41999894,22442596
20350000,42000936,22344648
20352000,42001978,22246700
20354000,42003020,22148752
20356000,42001978,22048720
20358000,42003020,21950772
20360000,42003020,21852824
20362000,41927996,21754876
20364000,41606018,21729868
20366000,41606018,22026838
20368000,41794620,22324850
20370000,42008230,22438428
20372000,42009272,22340480
20374000,42009272,22241490
20376000,42009272,22143542
20378000,42011356,22045594
20380000,42012398,21947646
20382000,42012398,21848656
20384000,41893610,21750708
20386000,41614354,21767380
20388000,41615396,22065392
20390000,41849846,22362362
20392000,42015524,22430092
20394000,42017608,22332144
20396000,42018650,22234196
20398000,42018650,22135206
20400000,42019692,22037258
20402000,42019692,21939310
20404000,42021776,21841362
20406000,41857140,21742372
20408000,41621648,21803850
20410000,41617480,22101862
20412000,41906114,22404042
20414000,42024902,22423840
20416000,42024902,22324850
20418000,42024902,22226902
20420000,42026986,22128954
20422000,42028028,22031006
20424000,42028028,21932016
20426000,42028028,21834068
20428000,41811292,21736120
20430000,41631026,21852824
20432000,41631026,22149794
20434000,41961340,22447806
20436000,42033238,22419672
20438000,42034280,22321724
20440000,42034280,22222734
20442000,42035322,22124786
20444000,42035322,22026838
20446000,42037406,21928890
20448000,42038448,21830942
20450000,41782116,21731952
20452000,41634152,21886168
20454000,41640404,22188348
20456000,42016566,22485318
20458000,42040532,22410294
20460000,42040532,22312346
20462000,42042616,22214398
20464000,42043658,22116450
20466000,42043658,22017460
20468000,42043658,21919512
20470000,42045742,21821564
20472000,41736268,21723616
20474000,41646656,21930974
20476000,41674790,22228986
20478000,42048868,22503032
20480000,42049910,22405084
20482000,42049910,22306094
20484000,42049910,22208146
20486000,42050952,22110198
20488000,42053036,22012250
20490000,42054078,21914302
20492000,42054078,21815312
20494000,41689378,21717364
20496000,41656034,21979948
20498000,41740436,22277960
20500000,42057204,22495738
20502000,42057204,22397790
20504000,42059288,22299842
20506000,42059288,22200852
20508000,42059288,22101862
20510000,42059288,22003914
20512000,42061372,21905966
20514000,42047826,21808018
20516000,41663328,21720490
20518000,41657076,22017460
20520000,41794620,22319640
20522000,42063456,22489486
20524000,42057204,22390496
20526000,42053036,22292548
20528000,42051994,22194600
20530000,42045742,22096652
20532000,42045742,21998704
20534000,42036364,21899714
20536000,41968634,21801766
20538000,41623732,21760086
20540000,41611228,22058098
20542000,41772738,22355068
20544000,41991558,22485318
20546000,41982180,22387370
20548000,41971760,22289422
20550000,41961340,22190432
20552000,41942584,22092484
20554000,41931122,21993494
20556000,41913408,21895546
20558000,41791494,21796556
20560000,41475768,21800724
20562000,41466390,22102904
20564000,41674790,22400916
20566000,41847762,22474898
20568000,41863392,22376950
20570000,41882148,22279002
20572000,41902988,22181054
20574000,41915492,22083106
20576000,41925912,21984116
20578000,41938416,21886168
20580000,41793578,21788220
20582000,41568506,21846572
20584000,41576842,22143542
20586000,41864434,22441554
20588000,41997810,22467604
20590000,42000936,22369656
20592000,42006146,22270666
20594000,42007188,22172718
20596000,42009272,22074770
20598000,42009272,21976822
20600000,42007188,21877832
20602000,41784200,21779884
20604000,41601850,21895546
20606000,41597682,22193558
20608000,41930080,22490528
20610000,41989474,22455100
20612000,41985306,22357152
20614000,41973844,22259204
20616000,41969676,22161256
20618000,41963424,22062266
20620000,41963424,21964318
20622000,41973844,21866370
20624000,41718554,21768422
20626000,41590388,21929932
20628000,41592472,22227944
20630000,41996768,22530124
20632000,42014482,22441554
20634000,42021776,22342564
20636000,42018650,22244616
20638000,42024902,22146668
20640000,42028028,22048720
20642000,42033238,21949730
20644000,42038448,21851782
20646000,41721680,21753834
20648000,41648740,21974738
20650000,41702924,22271708
20652000,42059288,22524914
20654000,42062414,22425924
20656000,42067624,22327976
20658000,42060330,22230028
20660000,42063456,22131038
20662000,42065540,22033090
20664000,42070750,21935142
20666000,42073876,21837194
20668000,41698756,21738204
20670000,41673748,22012250
20672000,41790452,22314430
20674000,42083254,22508242
20676000,42080128,22409252
20678000,42082212,22311304
20680000,42072834,22213356
20682000,42074918,22115408
20684000,42070750,22016418
20686000,42078044,21918470
20688000,42047826,21820522
20690000,41688336,21753834
20692000,41689378,22050804
20694000,41845678,22348816
20696000,42090548,22494696
20698000,42092632,22396748
20700000,42092632,22298800
20702000,42082212,22199810
20704000,42082212,22100820
20706000,42083254,22002872
20708000,42084296,21904924
20710000,42007188,21805934
20712000,41680000,21780926
20714000,41686252,22083106
20716000,41892568,22381118
20718000,42086380,22476982
20720000,42087422,22379034
20722000,42089506,22281086
20724000,42079086,22183138
20726000,42079086,22084148
20728000,42079086,21986200
20730000,42081170,21888252
20732000,41942584,21790304
20734000,41682084,21826774
20736000,41682084,22124786
20738000,41945710,22426966
20740000,42082212,22466562
20742000,42080128,22368614
20744000,42075960,22269624
20746000,42062414,22171676
20748000,42058246,22073728
20750000,42054078,21975780
20752000,42060330,21876790
20754000,41884232,21777800
20756000,41665412,21852824
20758000,41672706,22150836
20760000,41963424,22447806
20762000,42071792,22457184
20764000,42071792,22359236
20766000,42071792,22261288
20768000,42063456,22162298
20770000,42064498,22064350
20772000,42063456,21966402
20774000,42064498,21868454
20776000,41867560,21769464
20778000,41663328,21865328
20780000,41662286,22167508
20782000,41978012,22465520
20784000,42061372,22453016
20786000,42061372,22354026
20788000,42059288,22256078
20790000,42055120,22158130
20792000,42055120,22060182
20794000,42054078,21961192
20796000,42053036,21863244
20798000,41836300,21765296
20800000,41651866,21882000
20802000,41649782,22178970
20804000,41980096,22475940
20806000,42045742,22445722
20808000,42043658,22347774
20810000,42039490,22248784
20812000,42030112,22150836
20814000,42028028,22052888
20816000,42020734,21954940
20818000,42017608,21855950
20820000,41760234,21758002
20822000,41597682,21908050
20824000,41595598,22206062
20826000,41949878,22504074
20828000,41975928,22442596
20830000,41973844,22344648
20832000,41964466,22246700
20834000,41949878,22148752
20836000,41942584,22049762
20838000,41934248,21951814
20840000,41922786,21853866
20842000,41656034,21755918
20844000,41498692,21913260
20846000,41472642,22211272
20848000,41864434,22513452
20850000,41892568,22437386
20852000,41894652,22337354
20854000,41895694,22239406
20856000,41895694,22141458
20858000,41893610,22043510
20860000,41894652,21944520
20862000,41895694,21846572
20864000,41611228,21748624
20866000,41494524,21932016
20868000,41502860,22230028
20870000,41887358,22522830
20872000,41892568,22430092
20874000,41894652,22332144
20876000,41887358,22234196
20878000,41884232,22135206
20880000,41885274,22037258
20882000,41881106,21939310
20884000,41883190,21841362
20886000,41564338,21742372
20888000,41471600,21954940
20890000,41509112,22257120
20892000,41872770,22523872
20894000,41865476,22424882
20896000,41864434,22326934
20898000,41856098,22228986
20900000,41851930,22131038
20902000,41846720,22031006
20904000,41838384,21933058
20906000,41827964,21835110
20908000,41482020,21737162
20910000,41399702,21970570
20912000,41436172,22267540
20914000,41769612,22515536
20916000,41756066,22417588
20918000,41739394,22319640
20920000,41723764,22220650
20922000,41711260,22122702
20924000,41699798,22024754
20926000,41687294,21926806
20928000,41672706,21827816
20930000,41296544,21729868
20932000,41250696,21992452
20934000,41316342,22290464
20936000,41621648,22509284
20938000,41601850,22411336
20940000,41590388,22313388
20942000,41570590,22215440
20944000,41558086,22116450
20946000,41541414,22018502
20948000,41527868,21920554
20950000,41512238,21822606
20952000,41111068,21724658
20954000,41079808,22005998
20956000,41166294,22304010
20958000,41448676,22503032
20960000,41432004,22405084
20962000,41415332,22306094
20964000,41396576,22208146
20966000,41381988,22110198
20968000,41367400,22012250
20970000,41348644,21913260
20972000,41309048,21815312
20974000,40921424,21740288
20976000,40899542,22034132
20978000,41016246,22331102
20980000,41265284,22496780
20982000,41247570,22398832
20984000,41229856,22300884
20986000,41209016,22201894
20988000,41197554,22103946
20990000,41178798,22005998
20992000,41165252,21908050
20994000,41107942,21810102
20996000,40725528,21746540
20998000,40706772,22044552
21000000,40843274,22346732
21002000,41066262,22490528
21004000,41046464,22391538
21006000,41024582,22293590
21008000,40999574,22195642
21010000,41002700,22097694
21012000,40997490,21998704
21014000,40991238,21900756
21016000,40914130,21802808
21018000,40579648,21773632
21020000,40569228,22070602
21022000,40746368,22368614
21024000,40949558,22482192
21026000,40942264,22384244
21028000,40927676,22285254
21030000,40913088,22187306
21032000,40909962,22089358
21034000,40900584,21991410
21036000,40893290,21893462
21038000,40783880,21794472
21040000,40463986,21790304
21042000,40457734,22092484
21044000,40669260,22390496
21046000,40838064,22473856
21048000,40825560,22375908
21050000,40810972,22277960
21052000,40798468,22178970
21054000,40782838,22079980
21056000,40769292,21982032
21058000,40757830,21884084
21060000,40611950,21786136
21062000,40329568,21818438
21064000,40308728,22116450
21066000,40558808,22418630
21068000,40688016,22464478
21070000,40670302,22365488
21072000,40657798,22267540
21074000,40638000,22169592
21076000,40627580,22071644
21078000,40610908,21973696
21080000,40597362,21874706
21082000,40407718,21776758
21084000,40169100,21851782
21086000,40155554,22149794
21088000,40432726,22446764
21090000,40526506,22454058
21092000,40510876,22356110
21094000,40492120,22258162
21096000,40470238,22159172
21098000,40453566,22061224
21100000,40437936,21962234
21102000,40419180,21864286
21104000,40181604,21765296
21106000,39974246,21882000
21108000,39958616,22184180
21110000,40280594,22482192
21112000,40319148,22439470
21114000,40299350,22341522
21116000,40278510,22243574
21118000,40251418,22145626
21120000,40231620,22047678
21122000,40212864,21948688
21124000,40179520,21850740
21126000,39875256,21752792
21128000,39727292,21923680
21130000,39708536,22220650
21132000,40082614,22518662
21134000,40064900,22426966
21136000,40049270,22329018
21138000,40025304,22230028
21140000,40005506,22132080
21142000,39986750,22034132
21144000,39974246,21936184
21146000,39951322,21837194
21148000,39600168,21739246
21150000,39514724,21967444
21152000,39550152,22265456
21154000,39874214,22512410
21156000,39854416,22414462
21158000,39834618,22316514
21160000,39811694,22218566
21162000,39797106,22120618
21164000,39774182,22021628
21166000,39754384,21923680
21168000,39740838,21825732
21170000,39346962,21727784
21172000,39299030,21997662
21174000,39379264,22295674
21176000,39661646,22499906
21178000,39642890,22401958
21180000,39621008,22302968
21182000,39601210,22205020
21184000,39585580,22107072
21186000,39563698,22009124
21188000,39544942,21910134
21190000,39495968,21812186
21192000,39106260,21741330
21194000,39091672,22039342
21196000,39216712,22336312
21198000,39449078,22489486
21200000,39429280,22390496
21202000,39409482,22292548
21204000,39388642,22194600
21206000,39369886,22095610
21208000,39350088,21997662
21210000,39329248,21899714
21212000,39242762,21801766
21214000,38888482,21771548
21216000,38865558,22069560
21218000,39049992,22371740
21220000,39234426,22476982
21222000,39208376,22377992
21224000,39187536,22280044
21226000,39162528,22182096
21228000,39143772,22084148
21230000,39117722,21985158
21232000,39094798,21887210
21234000,38946834,21789262
21236000,38643612,21812186
21238000,38615478,22109156
21240000,38839508,22407168
21242000,38963506,22463436
21244000,38939540,22365488
21246000,38913490,22267540
21248000,38882230,22168550
21250000,38853054,22069560
21252000,38825962,21971612
21254000,38798870,21873664
21256000,38593596,21774674
21258000,38347684,21853866
21260000,38331012,22156046
21262000,38604016,22454058
21264000,38688418,22463436
21266000,38670704,22365488
21268000,38650906,22267540
21270000,38627982,22169592
21272000,38612352,22070602
21274000,38594638,21972654
21276000,38575882,21874706
21278000,38377902,21776758
21280000,38135116,21849698
21282000,38116360,22147710
21284000,38397700,22449890
21286000,38477934,22453016
21288000,38460220,22355068
21290000,38438338,22256078
21292000,38416456,22158130
21294000,38399784,22060182
21296000,38386238,21962234
21298000,38364356,21863244
21300000,38116360,21764254
21302000,37927758,21889294
21304000,37915254,22187306
21306000,38237232,22484276
21308000,38275786,22443638
21310000,38258072,22345690
21312000,38241400,22247742
21314000,38222644,22148752
21316000,38205972,22050804
21318000,38189300,21952856
21320000,38171586,21854908
21322000,37891288,21755918
21324000,37737072,21917428
21326000,37724568,22219608
21328000,38063218,22512410
21330000,38081974,22450932
21332000,38063218,22351942
21334000,38046546,22253994
21336000,38020496,22156046
21338000,38003824,22058098
21340000,37985068,21959108
21342000,37969438,21861160
21344000,37721442,21763212
21346000,37539092,21892420
21348000,37513042,22188348
21350000,37845440,22486360
21352000,37882952,22437386
21354000,37866280,22339438
21356000,37848566,22240448
21358000,37829810,22142500
21360000,37818348,22044552
21362000,37806886,21946604
21364000,37791256,21847614
21366000,37492202,21749666
21368000,37361952,21936184
21370000,37365078,22234196
21372000,37727694,22520746
21374000,37722484,22431134
21376000,37704770,22333186
21378000,37686014,22235238
21380000,37670384,22137290
21382000,37651628,22038300
21384000,37632872,21940352
21386000,37615158,21842404
21388000,37289012,21744456
21390000,37174392,21947646
21392000,37185854,22245658
21394000,37530756,22516578
21396000,37514084,22419672
21398000,37490118,22319640
21400000,37470320,22221692
21402000,37451564,22123744
21404000,37436976,22025796
21406000,37420304,21926806
21408000,37400506,21828858
21410000,37022260,21730910
21412000,36960782,21992452
21414000,37025386,22290464
21416000,37326524,22511368
21418000,37303600,22413420
21420000,37286928,22315472
21422000,37264004,22217524
21424000,37247332,22118534
21426000,37230660,22020586
21428000,37211904,21922638
21430000,37170224,21824690
21432000,36798230,21745498
21434000,36749256,22017460
21436000,36843036,22319640
21438000,37114998,22509284
21440000,37095200,22410294
21442000,37077486,22312346
21444000,37046226,22214398
21446000,37026428,22116450
21448000,36995168,22016418
21450000,36974328,21918470
21452000,36930564,21820522
21454000,36558570,21744456
21456000,36514806,22017460
21458000,36592956,22314430
21460000,36868044,22514494
21462000,36841994,22416546
21464000,36822196,22318598
21466000,36799272,22219608
21468000,36777390,22121660
21470000,36760718,22023712
21472000,36739878,21925764
21474000,36716954,21826774
21476000,36330372,21728826
21478000,36274104,21995578
21480000,36343918,22293590
21482000,36632552,22504074
21484000,36610670,22406126
21486000,36590872,22308178
21488000,36566906,22210230
21490000,36548150,22111240
21492000,36528352,22013292
21494000,36502302,21915344
21496000,36462706,21817396
21498000,36056326,21732994
21500000,36035486,22029964
21502000,36158442,22327976
21504000,36393934,22488444
21506000,36375178,22390496
21508000,36352254,22291506
21510000,36334540,22193558
21512000,36312658,22095610
21514000,36295986,21997662
21516000,36274104,21898672
21518000,36176156,21800724
21520000,35840632,21779884
21522000,35820834,22077896
21524000,35995890,22374866
21526000,36179282,22480108
21528000,36162610,22382160
21530000,36137602,22284212
21532000,36117804,22185222
21534000,36098006,22087274
21536000,36082376,21989326
21538000,36064662,21891378
21540000,35935454,21793430
21542000,35622854,21800724
21544000,35596804,22098736
21546000,35807288,22400916
21548000,35954210,22469688
21550000,35931286,22370698
21552000,35913572,22272750
21554000,35892732,22174802
21556000,35880228,22076854
21558000,35856262,21977864
21560000,35843758,21879916
21562000,35668702,21781968
21564000,35407160,21831984
21566000,35385278,22128954
21568000,35639526,22426966
21570000,35749978,22459268
21572000,35732264,22361320
21574000,35710382,22262330
21576000,35695794,22164382
21578000,35675996,22066434
21580000,35658282,21968486
21582000,35638484,21870538
21584000,35429042,21771548
21586000,35197718,21863244
21588000,35185214,22165424
21590000,35483226,22463436
21592000,35545746,22445722
21594000,35523864,22347774
21596000,35500940,22248784
21598000,35481142,22150836
21600000,35462386,22051846
21602000,35448840,21953898
21604000,35428000,21855950
21606000,35165416,21758002
21608000,34992444,21902840
21610000,34968478,22200852
21612000,35318590,22503032
21614000,35330052,22435302
21616000,35306086,22336312
21618000,35288372,22238364
21620000,35269616,22140416
21622000,35250860,22042468
21624000,35234188,21944520
21626000,35206054,21845530
21628000,34891370,21747582
21630000,34760078,21939310
21632000,34755910,22237322
21634000,35115400,22520746
21636000,35093518,22422798
21638000,35073720,22324850
21640000,35048712,22226902
21642000,35025788,22127912
21644000,34996612,22029964
21646000,34964310,21930974
21648000,34937218,21833026
21650000,34569392,21734036
21652000,34479780,21971612
21654000,34523544,22273792
21656000,34825724,22509284
21658000,34798632,22410294
21660000,34768414,22312346
21662000,34740280,22214398
21664000,34716314,22116450
21666000,34690264,22018502
21668000,34661088,21919512
21670000,34635038,21821564
21672000,34221364,21724658
21674000,34180726,22011208
21676000,34263044,22308178
21678000,34521460,22498864
21680000,34493326,22400916
21682000,34464150,22302968
21684000,34431848,22203978
21686000,34404756,22106030
21688000,34378706,22008082
21690000,34345362,21910134
21692000,34277632,21811144
21694000,33879588,21744456
21696000,33848328,22045594
21698000,33977536,22343606
21700000,34192188,22487402
21702000,34163012,22389454
21704000,34132794,22291506
21706000,34098408,22193558
21708000,34066106,22095610
21710000,34031720,21996620
21712000,34001502,21898672
21714000,33890008,21800724
21716000,33539896,21779884
21718000,33509678,22076854
21720000,33676398,22374866
21722000,33848328,22480108
21724000,33816026,22382160
21726000,33782682,22283170
21728000,33750380,22185222
21730000,33720162,22087274
21732000,33690986,21989326
21734000,33657642,21890336
21736000,33503426,21792388
21738000,33193952,21813228
21740000,33162692,22111240
21742000,33371092,22408210
21744000,33491964,22466562
21746000,33458620,22367572
21748000,33429444,22269624
21750000,33398184,22171676
21752000,33367966,22072686
21754000,33339832,21974738
21756000,33305446,21876790
21758000,33104340,21778842
21760000,32838630,21844488
21762000,32804244,22142500
21764000,33066828,22444680
21766000,33148104,22459268
21768000,33116844,22360278
21770000,33086626,22262330
21772000,33052240,22164382
21774000,33017854,22066434
21776000,32981384,21967444
21778000,32948040,21869496
21780000,32704212,21771548
21782000,32482266,21879916
21784000,32455174,22176886
21786000,32696918,22467604
21788000,32778194,22484276
21790000,32742766,22386328
21792000,32707338,22288380
21794000,32667742,22189390
21796000,32632314,22090400
21798000,32601054,21992452
21800000,32567710,21894504
21802000,32415578,21795514
21804000,32111314,21813228
21806000,32065466,22101862
21808000,32247816,22399874
21810000,32393696,22483234
21812000,32362436,22385286
21814000,32330134,22287338
21816000,32295748,22189390
21818000,32263446,22090400
21820000,32231144,21992452
21822000,32196758,21894504
21824000,32060256,21796556
21826000,31725774,21795514
21828000,31692430,22093526
21830000,31877906,22395706
21832000,32026912,22479066
21834000,31991484,22381118
21836000,31956056,22282128
21838000,31921670,22184180
21840000,31887284,22086232
21842000,31851856,21988284
21844000,31812260,21889294
21846000,31653876,21790304
21848000,31345444,21811144
21850000,31312100,22109156
21852000,31516332,22406126
21854000,31643456,22471772
21856000,31610112,22373824
21858000,31573642,22275876
21860000,31538214,22176886
21862000,31505912,22078938
21864000,31472568,21980990
21866000,31440266,21883042
21868000,31264168,21784052
21870000,30974492,21825732
21872000,30968240,22127912
21874000,31214152,22398832
21876000,31271462,22392580
21878000,31236034,22293590
21880000,31202690,22195642
21882000,31169346,22097694
21884000,31091196,21999746
21886000,31052642,21943478
21888000,31053684,21892420
21890000,30885922,21805934
21892000,30682732,21848656
21894000,30643136,22057056
21896000,30819234,22267540
21898000,30875502,22271708
21900000,30843200,22187306
21902000,30809856,22101862
21904000,30773386,22017460
21906000,30741084,21933058
21908000,30705656,21848656
21910000,30646262,21762170
21912000,30479542,21699650
21914000,30303444,21772590
21916000,30307612,21985158
21918000,30411812,22162298
21920000,30504550,22203978
21922000,30471206,22119576
21924000,30433694,22035174
21926000,30402434,21950772
21928000,30367006,21863244
21930000,30333662,21778842
21932000,30300318,21694440
21934000,30117968,21610038
21936000,29930408,21668390
21938000,29893938,21880958
21940000,30077330,22094568
21942000,30126304,22091442
21944000,30085666,22001830
21946000,30052322,21916386
21948000,30020020,21831984
21950000,29986676,21747582
21952000,29954374,21662138
21954000,29917904,21577736
21956000,29664698,21493334
21958000,29549036,21624626
21960000,29527154,21835110
21962000,29750142,22035174
21964000,29748058,21982032
21966000,29715756,21897630
21968000,29684496,21813228
21970000,29648026,21726742
21972000,29614682,21642340
21974000,29578212,21557938
21976000,29543826,21473536
21978000,29236436,21388092
21980000,29174958,21574610
21982000,29196840,21790304
21984000,29409408,21952856
21986000,29375022,21867412
21988000,29341678,21783010
21990000,29306250,21697566
21992000,29271864,21613164
21994000,29233310,21523552
21996000,29202050,21440192
21998000,29119732,21355790
22000000,28836308,21317236
22002000,28805048,21529804
22004000,28876946,21742372
22006000,29033246,21849698
22008000,28999902,21765296
22010000,28967600,21680894
22012000,28934256,21595450
22014000,28899870,21511048
22016000,28870694,21428730
22018000,28839434,21344328
22020000,28712310,21257842
22022000,28465356,21260968
22024000,28434096,21477704
22026000,28558094,21690272
22028000,28666462,21747582
22030000,28636244,21665264
22032000,28601858,21580862
22034000,28566430,21496460
22036000,28532044,21411016
22038000,28499742,21327656
22040000,28468482,21244296
22042000,28275712,21158852
22044000,28096488,21224498
22046000,28062102,21434982
22048000,28252788,21650676
22050000,28300720,21646508
22052000,28268418,21562106
22054000,28230906,21476662
22056000,28196520,21392260
22058000,28166302,21310984
22060000,28135042,21227624
22062000,28101698,21142180
22064000,27851618,21058820
22066000,27736998,21188028
22068000,27705738,21400596
22070000,27944356,21613164
22072000,27938104,21556896
22074000,27902676,21472494
22076000,27872458,21389134
22078000,27837030,21302648
22080000,27804728,21218246
22082000,27772426,21136970
22084000,27738040,21052568
22086000,27448364,20970250
22088000,27372298,21140096
22090000,27365004,21354748
22092000,27603622,21545434
22094000,27567152,21457906
22096000,27537976,21375588
22098000,27504632,21291186
22100000,27472330,21206784
22102000,27441070,21124466
22104000,27407726,21042148
22106000,27357710,20956704
22108000,27041984,20886890
22110000,27009682,21098416
22112000,27054488,21309942
22114000,27241006,21445402
22116000,27209746,21361000
22118000,27177444,21275556
22120000,27142016,21190112
22122000,27107630,21105710
22124000,27073244,21021308
22126000,27038858,20934822
22128000,26934658,20849378
22130000,26671032,20830622
22132000,26632478,21043190
22134000,26727300,21258884
22136000,26867970,21348496
22138000,26832542,21262010
22140000,26799198,21177608
22142000,26760644,21090080
22144000,26725216,21003594
22146000,26692914,20918150
22148000,26659570,20833748
22150000,26535572,20749346
22152000,26290702,20752472
22154000,26256316,20963998
22156000,26366768,21175524
22158000,26486598,21244296
22160000,26453254,21158852
22162000,26417826,21072366
22164000,26385524,20987964
22166000,26354264,20903562
22168000,26319878,20818118
22170000,26286534,20733716
22172000,26127108,20648272
22174000,25913498,20681616
22176000,25882238,20895226
22178000,26010404,21106752
22180000,26113562,21158852
22182000,26078134,21074450
22184000,26044790,20990048
22186000,26011446,20905646
22188000,25974976,20819160
22190000,25943716,20734758
22192000,25903078,20646188
22194000,25757198,20560744
22196000,25574848,20585752
22198000,25585268,20760808
22200000,25617570,20892100
22202000,25713434,20959830
22204000,25700930,20895226
22206000,25664460,20809782
22208000,25631116,20725380
22210000,25526916,20639936
22212000,25526916,20624306
22214000,25514412,20575332
22216000,25453976,20506560
22218000,25246618,20464880
22220000,25237240,20595130
22222000,25285172,20701414
22224000,25345608,20724338
22226000,25310180,20652440
22228000,25276836,20582626
22230000,25242450,20512812
22232000,25209106,20442998
22234000,25101780,20372142
22236000,25086150,20373184
22238000,25088234,20356512
22240000,25049680,20303370
22242000,24912136,20249186
22244000,24872540,20297118
22246000,24848574,20352344
22248000,24890254,20398192
22250000,24885044,20371100
22252000,24848574,20315874
22254000,24812104,20259606
22256000,24776676,20204380
22258000,24744374,20151238
22260000,24709988,20097054
22262000,24675602,20043912
22264000,24545352,19989728
22266000,24509924,20033492
22268000,24477622,20080382
22270000,24524512,20125188
22272000,24507840,20088718
22274000,24473454,20033492
22276000,24438026,19978266
22278000,24404682,19925124
22280000,24370296,19871982
22282000,24335910,19817798
22284000,24299440,19763614
22286000,24168148,19711514
22288000,24132720,19755278
22290000,24121258,19800084
22292000,24159812,19818840
22294000,24126468,19764656
22296000,24094166,19712556
22298000,24060822,19658372
22300000,24030604,19605230
22302000,23993092,19550004
22304000,23956622,19493736
22306000,23875346,19438510
22308000,23786776,19429132
22310000,23754474,19476022
22312000,23751348,19520828
22314000,23786776,19535416
22316000,23755516,19483316
22318000,23722172,19430174
22320000,23686744,19375990
22322000,23651316,19320764
22324000,23616930,19265538
22326000,23582544,19211354
22328000,23480428,19158212
22330000,23414782,19172800
22332000,23380396,19217606
22334000,23441874,19263454
22336000,23411656,19213438
22338000,23379354,19160296
22340000,23342884,19104028
22342000,23303288,19044634
22344000,23270986,18991492
22346000,23237642,18938350
22348000,23110518,18885208
22350000,23070922,18924804
22352000,23036536,18969610
22354000,23076132,19012332
22356000,23065712,18982114
22358000,23032368,18927930
22360000,22999024,18874788
22362000,22963596,18820604
22364000,22931294,18767462
22366000,22866690,18714320
22368000,22765616,18692438
22370000,22732272,18738286
22372000,22708306,18779966
22374000,22761448,18812268
22376000,22727062,18758084
22378000,22693718,18704942
22380000,22659332,18651800
22382000,22623904,18596574
22384000,22590560,18543432
22386000,22488444,18488206
22388000,22422798,18500710
22390000,22385286,18542390
22392000,22411336,18584070
22394000,22415504,18567398
22396000,22382160,18514256
22398000,22349858,18460072
22400000,22315472,18406930
22402000,22280044,18350662
22404000,22240448,18295436
22406000,22109156,18242294
22408000,22073728,18287100
22410000,22041426,18333990
22412000,22103946,18379838
22414000,22075812,18330864
22416000,22042468,18277722
22418000,22008082,18223538
22420000,21973696,18170396
22422000,21940352,18115170
22424000,21877832,18059944
22426000,21768422,18030768
22428000,21737162,18078700
22430000,21718406,18124548
22432000,21767380,18153724
22434000,21735078,18100582
22436000,21698608,18045356
22438000,21667348,17992214
22440000,21625668,17931778
22442000,21592324,17877594
22444000,21513132,17824452
22446000,21426646,17817158
22448000,21393302,17861964
22450000,21411016,17906770
22452000,21425604,17899476
22454000,21387050,17843208
22456000,21353706,17789024
22458000,21319320,17734840
22460000,21285976,17681698
22462000,21252632,17628556
22464000,21169272,17576456
22466000,21086954,17573330
22468000,21051526,17618136
22470000,21060904,17665026
22472000,21084870,17667110
22474000,21047358,17610842
22476000,21014014,17557700
22478000,20980670,17505600
22480000,20947326,17452458
22482000,20910856,17396190
22484000,20823328,17343048
22486000,20743094,17343048
22488000,20711834,17388896
22490000,20719128,17426408
22492000,20736842,17423282
22494000,20703498,17370140
22496000,20671196,17316998
22498000,20638894,17262814
22500000,20602424,17207588
22502000,20565954,17151320
22504000,20459670,17097136
22506000,20399234,17114850
22508000,20363806,17158614
22510000,20387772,17204462
22512000,20397150,17193000
22514000,20365890,17140900
22516000,20331504,17086716
22518000,20296076,17032532
22520000,20262732,16979390
22522000,20228346,16924164
22524000,20126230,16867896
22526000,20057458,16879358
22528000,20025156,16927290
22530000,20047038,16972096
22532000,20055374,16960634
22534000,20022030,16907492
22536000,19987644,16853308
22538000,19954300,16799124
22540000,19913662,16738688
22542000,19880318,16684504
22544000,19775076,16632404
22546000,19715682,16651160
22548000,19684422,16697008
22550000,19711514,16739730
22552000,19710472,16718890
22554000,19676086,16664706
22556000,19642742,16610522
22558000,19608356,16556338
22560000,19572928,16502154
22562000,19541668,16450054
22564000,19418712,16397954
22566000,19375990,16434424
22568000,19339520,16479230
22570000,19387452,16525078
22572000,19372864,16489650
22574000,19336394,16433382
22576000,19303050,16380240
22578000,19269706,16328140
22580000,19235320,16273956
22582000,19199892,16218730
22584000,19083188,16164546
22586000,19033172,16193722
22588000,18997744,16237486
22590000,19031088,16277082
22592000,19024836,16249990
22594000,18992534,16197890
22596000,18960232,16144748
22598000,18927930,16090564
22600000,18890418,16034296
22602000,18837276,15979070
22604000,18720572,15941558
22606000,18687228,15986364
22608000,18660136,16031170
22610000,18717446,16069724
22612000,18686186,16017624
22614000,18653884,15964482
22616000,18619498,15910298
22618000,18585112,15857156
22620000,18549684,15801930
22622000,18516340,15747746
22624000,18473618,15692520
22626000,18347536,15645630
22628000,18313150,15692520
22630000,18278764,15737326
22632000,18325654,15783174
22634000,18308982,15746704
22636000,18276680,15693562
22638000,18240210,15637294
22640000,18202698,15579984
22642000,18140178,15525800
22644000,18034936,15500792
22646000,18004718,15547682
22648000,18003676,15593530
22650000,18033894,15602908
22652000,17997424,15547682
22654000,17965122,15494540
22656000,17930736,15440356
22658000,17868216,15385130
22660000,17760890,15358038
22662000,17730672,15405970
22664000,17697328,15451818
22666000,17729630,15495582
22668000,17727546,15474742
22670000,17694202,15419516
22672000,17658774,15365332
22674000,17624388,15311148
22676000,17521230,15258006
22678000,17455584,15273636
22680000,17422240,15319484
22682000,17429534,15365332
22684000,17452458,15369500
22686000,17421198,15316358
22688000,17381602,15258006
22690000,17347216,15202780
22692000,17255520,15148596
22694000,17179454,15152764
22696000,17148194,15199654
22698000,17178412,15244460
22700000,17179454,15223620
22702000,17140900,15167352
22704000,17108598,15114210
22706000,17074212,15060026
22708000,16943962,15005842
22710000,16906450,15047522
22712000,16875190,15095454
22714000,16910618,15141302
22716000,16907492,15118378
22718000,16872064,15064194
22720000,16838720,15008968
22722000,16802250,14953742
22724000,16675126,14900600
22726000,16634488,14940196
22728000,16606354,14986044
22730000,16666790,15026682
22732000,16633446,14972498
22734000,16596976,14917272
22736000,16565716,14864130
22738000,16445886,14803694
22740000,16391702,14827660
22742000,16357316,14872466
22744000,16371904,14918314
22746000,16392744,14918314
22748000,16358358,14864130
22750000,16319804,14805778
22752000,16267704,14751594
22754000,16153084,14716166
22756000,16118698,14760972
22758000,16084312,14806820
22760000,16140580,14851626
22762000,16119740,14809946
22764000,16086396,14756804
22766000,16050968,14702620
22768000,15951978,14648436
22770000,15881122,14656772
22772000,15846736,14701578
22774000,15864450,14747426
22776000,15879038,14743258
22778000,15845694,14690116
22780000,15810266,14634890
22782000,15749830,14581748
22784000,15641462,14553614
22786000,15607076,14598420
22788000,15579984,14639058
22790000,15635210,14673444
22792000,15601866,14620302
22794000,15569564,14567160
22796000,15538304,14514018
22798000,15422642,14458792
22800000,15365332,14480674
22802000,15329904,14524438
22804000,15352828,14569244
22806000,15363248,14559866
22808000,15328862,14506724
22810000,15295518,14452540
22812000,15242376,14400440
22814000,15130882,14368138
22816000,15095454,14412944
22818000,15075656,14457750
22820000,15126714,14487968
22822000,15091286,14432742
22824000,15057942,14379600
22826000,15023556,14326458
22828000,14911020,14272274
22830000,14854752,14295198
22832000,14821408,14341046
22834000,14842248,14384810
22836000,14852668,14374390
22838000,14813072,14314996
22840000,14779728,14260812
22842000,14732838,14208712
22844000,14614050,14168074
22846000,14581748,14213922
22848000,14545278,14257686
22850000,14607798,14301450
22852000,14574454,14248308
22854000,14541110,14194124
22856000,14507766,14140982
22858000,14404608,14086798
22860000,14340004,14100344
22862000,14307702,14147234
22864000,14319164,14194124
22866000,14340004,14196208
22868000,14303534,14139940
22870000,14270190,14085756
22872000,14235804,14031572
22874000,14104512,13978430
22876000,14067000,14021152
22878000,14065958,14065958
22880000,14093050,14078462
22882000,14063874,14029488
22884000,14032614,13977388
22886000,13979472,13920078
22888000,13876314,13876314
22890000,13903406,13903406
22892000,13871104,13871104
22894000,13838802,13837760
22896000,13804416,13804416
22898000,13767946,13767946
22900000,13733560,13733560
22902000,13698132,13698132
22904000,13664788,13664788
22906000,13630402,13630402
22908000,13597058,13597058
22910000,13563714,13563714
22912000,13531412,13531412
22914000,13497026,13497026
22916000,13465766,13464724
22918000,13427212,13426170
22920000,13392826,13392826
22922000,13359482,13359482
22924000,13326138,13326138
22926000,13291752,13291752
22928000,13256324,13256324
22930000,13222980,13222980
22932000,13188594,13188594
22934000,13155250,13154208
22936000,13115654,13115654
22938000,13080226,13080226
22940000,13047924,13047924
22942000,13014580,13014580
22944000,12981236,12981236
22946000,12948934,12948934
22948000,12913506,12912464
22950000,12875994,12875994
22952000,12841608,12841608
22954000,12808264,12808264
22956000,12774920,12774920
22958000,12740534,12740534
22960000,12708232,12708232
22962000,12675930,12675930
22964000,12641544,12641544
22966000,12607158,12607158
22968000,12572772,12571730
22970000,12536302,12536302
22972000,12502958,12502958
22974000,12470656,12470656
22976000,12436270,12436270
22978000,12400842,12400842
22980000,12366456,12366456
22982000,12332070,12332070
22984000,12299768,12298726
22986000,12258088,12258088
22988000,12224744,12224744
22990000,12192442,12192442
22992000,12159098,12159098
22994000,12125754,12125754
22996000,12092410,12092410
22998000,12055940,12055940
23000000,12020512,12020512
23002000,11986126,11986126
23004000,11952782,11952782
23006000,11919438,11919438
23008000,11885052,11885052
23010000,11853792,11853792
23012000,11820448,11820448
23014000,11786062,11786062
23016000,11751676,11751676
23018000,11716248,11716248
23020000,11680820,11680820
23022000,11647476,11647476
23024000,11615174,11615174
23026000,11580788,11580788
23028000,11544318,11544318
23030000,11510974,11510974
23032000,11476588,11476588
23034000,11443244,11443244
23036000,11402606,11402606
23038000,11368220,11368220
23040000,11336960,11336960
23042000,11303616,11303616
23044000,11271314,11270272
23046000,11235886,11235886
23048000,11199416,11199416
23050000,11165030,11165030
23052000,11130644,11130644
23054000,11097300,11097300
23056000,11063956,11063956
23058000,11029570,11029570
23060000,10998310,10998310
23062000,10964966,10964966
23064000,10930580,10930580
23066000,10896194,10896194
23068000,10860766,10860766
23070000,10825338,10825338
23072000,10791994,10791994
23074000,10759692,10759692
23076000,10724264,10724264
23078000,10688836,10688836
23080000,10655492,10655492
23082000,10621106,10621106
23084000,10586720,10586720
23086000,10547124,10547124
23088000,10512738,10512738
23090000,10481478,10481478
23092000,10448134,10448134
23094000,10416874,10415832
23096000,10378320,10378320
23098000,10343934,10343934
23100000,10308506,10308506
23102000,10275162,10275162
23104000,10240776,10240776
23106000,10206390,10206390
23108000,10174088,10174088
23110000,10142828,10142828
23112000,10108442,10108442
23114000,10074056,10074056
23116000,10038628,10038628
23118000,10004242,10004242
23120000,9968814,9968814
23122000,9935470,9935470
23124000,9902126,9902126
23126000,9867740,9867740
23128000,9832312,9832312
23130000,9798968,9798968
23132000,9765624,9764582
23134000,9729154,9729154
23136000,9690600,9690600
23138000,9657256,9657256
23140000,9624954,9624954
23142000,9592652,9592652
23144000,9559308,9559308
23146000,9521796,9521796
23148000,9487410,9487410
23150000,9453024,9453024
23152000,9419680,9419680
23154000,9385294,9385294
23156000,9350908,9350908
23158000,9318606,9318606
23160000,9286304,9286304
23162000,9251918,9251918
23164000,9219616,9218574
23166000,9182104,9181062
23168000,9147718,9147718
23170000,9113332,9113332
23172000,9081030,9079988
23174000,9045602,9045602
23176000,9011216,9011216
23178000,8977872,8977872
23180000,8942444,8942444
23182000,8908058,8908058
23184000,8871588,8871588
23186000,8835118,8835118
23188000,8801774,8801774
23190000,8768430,8768430
23192000,8736128,8736128
23194000,8703826,8703826
23196000,8667356,8666314
23198000,8629844,8629844
23200000,8596500,8596500
23202000,8563156,8563156
23204000,8528770,8528770
23206000,8494384,8494384
23208000,8463124,8463124
23210000,8430822,8430822
23212000,8395394,8395394
23214000,8361008,8361008
23216000,8325580,8325580
23218000,8292236,8292236
23220000,8257850,8257850
23222000,8224506,8224506
23224000,8190120,8190120
23226000,8155734,8155734
23228000,8122390,8122390
23230000,8086962,8086962
23232000,8053618,8052576
23234000,8014022,8014022
23236000,7979636,7979636
23238000,7946292,7946292
23240000,7912948,7912948
23242000,7880646,7880646
23244000,7847302,7847302
23246000,7811874,7810832
23248000,7774362,7774362
23250000,7741018,7741018
23252000,7707674,7707674
23254000,7673288,7673288
23256000,7638902,7638902
23258000,7607642,7607642
23260000,7575340,7575340
23262000,7540954,7540954
23264000,7505526,7505526
23266000,7470098,7470098
23268000,7435712,7435712
23270000,7402368,7402368
23272000,7369024,7369024
23274000,7334638,7334638
23276000,7299210,7299210
23278000,7265866,7265866
23280000,7230438,7230438
23282000,7198136,7197094
23284000,7157498,7157498
23286000,7123112,7123112
23288000,7090810,7090810
23290000,7057466,7057466
23292000,7026206,7025164
23294000,6990778,6990778
23296000,6953266,6953266
23298000,6918880,6918880
23300000,6885536,6885536
23302000,6852192,6852192
23304000,6818848,6818848
23306000,6783420,6783420
23308000,6752160,6752160
23310000,6719858,6719858
23312000,6685472,6685472
23314000,6650044,6650044
23316000,6614616,6614616
23318000,6580230,6580230
23320000,6546886,6546886
23322000,6513542,6513542
23324000,6478114,6478114
23326000,6443728,6443728
23328000,6410384,6410384
23330000,6374956,6374956
23332000,6340570,6340570
23334000,6302016,6302016
23336000,6267630,6267630
23338000,6235328,6235328
23340000,6201984,6201984
23342000,6171766,6169682
23344000,6135296,6135296
23346000,6098826,6098826
23348000,6063398,6063398
23350000,6029012,6029012
23352000,5996710,5996710
23354000,5962324,5962324
23356000,5927938,5927938
23358000,5896678,5896678
23360000,5864376,5864376
23362000,5829990,5829990
23364000,5793520,5793520
23366000,5758092,5758092
23368000,5724748,5724748
23370000,5691404,5691404
23372000,5657018,5657018
23374000,5622632,5622632
23376000,5588246,5588246
23378000,5553860,5553860
23380000,5520516,5519474
23382000,5484046,5484046
23384000,5445492,5445492
23386000,5412148,5412148
23388000,5379846,5379846
23390000,5346502,5346502
23392000,5313158,5313158
23394000,5277730,5277730
23396000,5242302,5242302
23398000,5206874,5206874
23400000,5173530,5173530
23402000,5140186,5140186
23404000,5105800,5105800
23406000,5072456,5072456
23408000,5040154,5040154
23410000,5006810,5006810
23412000,4974508,4973466
23414000,4934912,4934912
23416000,4902610,4902610
23418000,4868224,4868224
23420000,4834880,4834880
23422000,4800494,4800494
23424000,4765066,4765066
23426000,4731722,4731722
23428000,4697336,4697336
23430000,4663992,4662950
23432000,4626480,4626480
23434000,4588968,4588968
23436000,4556666,4556666
23438000,4524364,4524364
23440000,4491020,4489978
23442000,4457676,4457676
23444000,4421206,4421206
23446000,4386820,4386820
23448000,4350350,4350350
23450000,4317006,4317006
23452000,4283662,4283662
23454000,4250318,4250318
23456000,4216974,4216974
23458000,4184672,4184672
23460000,4150286,4150286
23462000,4116942,4116942
23464000,4080472,4079430
23466000,4046086,4046086
23468000,4011700,4011700
23470000,3979398,3979398
23472000,3945012,3945012
23474000,3909584,3909584
23476000,3876240,3876240
23478000,3841854,3841854
23480000,3808510,3807468
23482000,3767872,3767872
23484000,3733486,3733486
23486000,3701184,3701184
23488000,3667840,3667840
23490000,3634496,3634496
23492000,3601152,3601152
23494000,3566766,3565724
23496000,3529254,3529254
23498000,3494868,3494868
23500000,3461524,3461524
23502000,3428180,3428180
23504000,3393794,3393794
23506000,3361492,3361492
23508000,3329190,3329190
23510000,3294804,3294804
23512000,3260418,3260418
23514000,3226032,3224990
23516000,3189562,3189562
23518000,3156218,3156218
23520000,3123916,3123916
23522000,3089530,3089530
23524000,3053060,3053060
23526000,3019716,3019716
23528000,2985330,2985330
23530000,2953028,2951986
23532000,2911348,2911348
23534000,2878004,2878004
23536000,2845702,2845702
23538000,2812358,2812358
23540000,2780056,2779014
23542000,2744628,2744628
23544000,2708158,2708158
23546000,2673772,2673772
23548000,2639386,2639386
23550000,2606042,2606042
23552000,2572698,2572698
23554000,2538312,2538312
23556000,2507052,2507052
23558000,2473708,2473708
23560000,2439322,2439322
23562000,2404936,2404936
23564000,2369508,2369508
23566000,2334080,2334080
23568000,2300736,2300736
23570000,2268434,2268434
23572000,2233006,2233006
23574000,2197578,2197578
23576000,2164234,2164234
23578000,2129848,2129848
23580000,2095462,2095462
23582000,2055866,2055866
23584000,2021480,2021480
23586000,1990220,1990220
23588000,1956876,1956876
23590000,1924574,1923532
23592000,1889146,1889146
23594000,1852676,1852676
23596000,1818290,1818290
23598000,1783904,1783904
23600000,1750560,1750560
23602000,1716174,1716174
23604000,1682830,1682830
23606000,1651570,1651570
23608000,1618226,1618226
23610000,1583840,1583840
23612000,1548412,1548412
23614000,1514026,1514026
23616000,1478598,1478598
23618000,1445254,1445254
23620000,1412952,1412952
23622000,1377524,1377524
23624000,1342096,1342096
23626000,1307710,1307710
23628000,1275408,1274366
23630000,1238938,1238938
23632000,1199342,1199342
23634000,1165998,1165998
23636000,1134738,1134738
23638000,1101394,1101394
23640000,1069092,1068050
23642000,1031580,1031580
23644000,997194,997194
23646000,961766,961766
23648000,928422,928422
23650000,894036,894036
23652000,859650,859650
23654000,827348,827348
23656000,795046,795046
23658000,760660,760660
23660000,727316,727316
23662000,690846,690846
23664000,657502,657502
23666000,622074,622074
23668000,588730,588730
23670000,555386,555386
23672000,519958,519958
23674000,485572,485572
23676000,451186,451186
23678000,417842,416800
23680000,381372,381372
23682000,343860,343860
23684000,310516,310516
23686000,278214,278214
23688000,245912,244870
23690000,212568,212568
23692000,175056,175056
23694000,140670,140670
23696000,106284,106284
23698000,72940,72940
23700000,37512,37512
23702000,4168,4168
23704000,0,0
23706000,0,0
23708000,0,0
23710000,1042,1042
23712000,1042,1042
23714000,0,0
23716000,0,0
23718000,0,0
23720000,0,0
23722000,0,0
23724000,0,0
23726000,0,0
23728000,1042,1042
23730000,2084,2084
23732000,2084,2084
23734000,2084,2084
23736000,3126,3126
23738000,1042,1042
23740000,1042,1042
23742000,0,0
23744000,0,0
23746000,0,0
23748000,0,0
23750000,0,0
23752000,0,0
23754000,0,0
23756000,0,0
23758000,0,0
23760000,0,0
23762000,0,0
23764000,0,0
23766000,0,0
23768000,0,0
23770000,0,0
23772000,1042,1042
23774000,1042,1042
23776000,1042,1042
23778000,0,0
23780000,2084,2084
23782000,0,0
23784000,3126,3126
23786000,1042,1042
23788000,0,0
23790000,1042,1042
23792000,3126,2084
23794000,6252,6252
23796000,2084,2084
23798000,3126,3126
23800000,9378,9378
23802000,1042,1042
23804000,7294,6252
23806000,5210,5210
23808000,5210,3126
23810000,1042,1042
23812000,2084,2084
23814000,4168,4168
23816000,2084,2084
23818000,3126,3126
23820000,1042,1042
23822000,2084,2084
23824000,0,0
23826000,3126,3126
23828000,9378,9378
23830000,0,0
23832000,4168,4168
23834000,0,0
23836000,7294,7294
23838000,8336,8336
23840000,4168,4168
23842000,6252,6252
23844000,4168,4168
23846000,2084,2084
23848000,4168,4168
23850000,2084,2084
23852000,2084,2084
23854000,2084,2084
23856000,0,0
23858000,3126,3126
23860000,4168,4168
23862000,0,0
23864000,6252,6252
23866000,6252,6252
23868000,3126,2084
23870000,7294,7294
23872000,2084,2084
23874000,3126,3126
23876000,2084,2084
23878000,1042,1042
23880000,7294,7294
23882000,3126,3126
23884000,11462,11462
23886000,6252,6252
23888000,2084,2084
23890000,6252,5210
23892000,2084,2084
23894000,11462,10420
23896000,0,0
23898000,6252,6252
23900000,2084,2084
23902000,3126,3126
23904000,7294,7294
23906000,0,0
23908000,6252,6252
23910000,2084,2084
23912000,4168,4168
23914000,4168,4168
23916000,1042,1042
23918000,1042,1042
23920000,2084,2084
23922000,5210,5210
23924000,0,0
23926000,2084,2084
23928000,8336,7294
23930000,1042,1042
23932000,4168,4168
23934000,0,0
23936000,7294,7294
23938000,4168,4168
23940000,0,0
23942000,5210,5210
23944000,2084,2084
23946000,0,0
23948000,6252,6252
23950000,8336,8336
23952000,1042,1042
23954000,9378,9378
23956000,2084,2084
23958000,6252,6252
23960000,2084,2084
23962000,1042,1042
23964000,2084,2084
23966000,6252,6252
23968000,7294,7294
23970000,0,0
23972000,6252,6252
23974000,5210,5210
23976000,3126,3126
23978000,0,0
23980000,4168,4168
23982000,1042,1042
23984000,0,0
23986000,1042,1042
23988000,4168,4168
23990000,0,0
23992000,3126,3126
23994000,3126,2084
23996000,0,0
23998000,2084,1042
24000000,1042,1042
24002000,4168,4168
24004000,2084,1042
24006000,2084,2084
24008000,4168,4168
24010000,4168,4168
24012000,4168,4168
24014000,0,0
24016000,0,0
24018000,3126,3126
24020000,7294,6252
24022000,3126,3126
24024000,2084,2084
24026000,9378,9378
24028000,2084,1042
24030000,2084,2084
24032000,5210,5210
24034000,3126,3126
24036000,1042,1042
24038000,4168,3126
24040000,2084,2084
24042000,2084,2084
24044000,8336,8336
24046000,1042,1042
24048000,3126,3126
24050000,3126,3126
24052000,3126,2084
24054000,2084,2084
24056000,4168,4168
24058000,4168,4168
24060000,0,0
24062000,5210,4168
24064000,0,0
24066000,0,0
24068000,5210,5210
24070000,4168,4168
24072000,3126,3126
24074000,3126,3126
24076000,2084,1042
24078000,3126,3126
24080000,2084,2084
24082000,1042,1042
24084000,3126,3126
24086000,8336,8336
24088000,1042,1042
24090000,3126,3126
24092000,1042,1042
24094000,4168,4168
24096000,4168,4168
24098000,0,0
24100000,11462,11462
24102000,3126,3126
24104000,4168,2084
24106000,4168,4168
24108000,1042,1042
24110000,0,0
24112000,4168,4168
24114000,1042,1042
24116000,2084,2084
24118000,2084,2084
24120000,1042,1042
24122000,7294,7294
24124000,3126,3126
24126000,4168,4168
24128000,3126,3126
24130000,4168,4168
24132000,2084,2084
24134000,7294,7294
24136000,5210,5210
24138000,3126,3126
24140000,5210,5210
24142000,5210,5210
24144000,0,0
24146000,6252,6252
24148000,5210,4168
24150000,0,0
24152000,4168,4168
24154000,4168,3126
24156000,1042,1042
24158000,5210,5210
24160000,0,0
24162000,2084,2084
24164000,1042,1042
24166000,5210,5210
24168000,2084,2084
24170000,1042,1042
24172000,1042,1042
24174000,9378,9378
24176000,3126,3126
24178000,5210,4168
24180000,4168,4168
24182000,3126,3126
24184000,4168,4168
24186000,6252,6252
24188000,2084,2084
24190000,1042,1042
24192000,5210,5210
24194000,2084,2084
24196000,3126,3126
24198000,1042,1042
24200000,6252,6252
24202000,4168,4168
24204000,3126,2084
24206000,3126,3126
24208000,4168,4168
24210000,0,0
24212000,6252,6252
24214000,3126,3126
24216000,3126,3126
24218000,4168,4168
24220000,2084,2084
24222000,4168,4168
24224000,2084,2084
24226000,1042,1042
24228000,3126,2084
24230000,2084,2084
24232000,0,0
24234000,6252,6252
24236000,9378,9378
24238000,1042,1042
24240000,1042,1042
24242000,4168,4168
24244000,1042,1042
24246000,4168,4168
24248000,3126,3126
24250000,3126,3126
24252000,0,0
24254000,3126,3126
24256000,3126,3126
24258000,0,0
24260000,0,0
24262000,6252,5210
24264000,3126,3126
24266000,0,0
24268000,5210,5210
24270000,0,0
24272000,4168,4168
24274000,0,0
24276000,2084,2084
24278000,0,0
24280000,0,0
24282000,6252,6252
24284000,9378,6252
24286000,0,0
24288000,5210,5210
24290000,4168,4168
24292000,4168,4168
24294000,5210,5210
24296000,1042,1042
24298000,1042,1042
24300000,3126,3126
24302000,0,0
24304000,3126,3126
24306000,4168,3126
24308000,7294,7294
24310000,5210,5210
24312000,1042,1042
24314000,4168,4168
24316000,3126,3126
24318000,8336,8336
24320000,2084,2084
24322000,2084,2084
24324000,3126,3126
24326000,4168,4168
24328000,3126,3126
24330000,2084,2084
24332000,2084,2084
24334000,5210,5210
24336000,5210,4168
24338000,2084,2084
24340000,3126,3126
24342000,1042,1042
24344000,0,0
24346000,4168,4168
24348000,3126,3126
24350000,3126,2084
24352000,3126,3126
24354000,1042,1042
24356000,2084,2084
24358000,6252,6252
24360000,5210,5210
24362000,7294,7294
24364000,2084,2084
24366000,3126,2084
24368000,2084,1042
24370000,6252,6252
24372000,1042,1042
24374000,1042,1042
24376000,6252,5210
24378000,2084,2084
24380000,1042,1042
24382000,5210,5210
24384000,5210,5210
24386000,4168,4168
24388000,3126,3126
24390000,2084,2084
24392000,3126,3126
24394000,1042,1042
24396000,5210,5210
24398000,10420,8336
24400000,1042,1042
24402000,11462,11462
24404000,4168,4168
24406000,6252,6252
24408000,5210,5210
24410000,2084,2084
24412000,0,0
24414000,1042,1042
24416000,0,0
24418000,0,0
24420000,0,0
24422000,2084,1042
24424000,1042,1042
24426000,2084,2084
24428000,2084,2084
24430000,2084,1042
24432000,6252,6252
24434000,3126,3126
24436000,1042,1042
24438000,5210,5210
24440000,4168,4168
24442000,3126,3126
24444000,0,0
24446000,6252,6252
24448000,1042,1042
24450000,7294,7294
24452000,6252,5210
24454000,3126,3126
24456000,5210,5210
24458000,0,0
24460000,3126,3126
24462000,2084,2084
24464000,4168,4168
24466000,1042,1042
24468000,6252,6252
24470000,4168,3126
24472000,3126,3126
24474000,1042,1042
24476000,0,0
24478000,1042,1042
24480000,4168,4168
24482000,2084,2084
24484000,5210,5210
24486000,6252,6252
24488000,1042,1042
24490000,0,0
24492000,3126,3126
24494000,7294,7294
24496000,8336,7294
24498000,3126,3126
24500000,6252,6252
24502000,2084,2084
24504000,4168,4168
24506000,6252,6252
24508000,0,0
24510000,7294,7294
24512000,2084,2084
24514000,1042,1042
24516000,2084,2084
24518000,3126,3126
24520000,2084,2084
24522000,4168,4168
24524000,5210,5210
24526000,1042,1042
24528000,6252,6252
24530000,4168,3126
24532000,2084,2084
24534000,6252,6252
24536000,1042,1042
24538000,7294,7294
24540000,2084,2084
24542000,4168,4168
24544000,1042,1042
24546000,7294,7294
24548000,5210,5210
24550000,1042,1042
24552000,7294,6252
24554000,3126,2084
24556000,1042,1042
24558000,2084,1042
24560000,0,0
24562000,0,0
24564000,6252,6252
24566000,2084,2084
24568000,3126,3126
24570000,2084,1042
24572000,3126,3126
24574000,3126,3126
24576000,6252,6252
24578000,2084,2084
24580000,2084,2084
24582000,4168,4168
24584000,2084,2084
24586000,8336,8336
24588000,2084,2084
24590000,5210,5210
24592000,6252,6252
24594000,4168,4168
24596000,0,0
24598000,5210,5210
24600000,0,0
24602000,4168,4168
24604000,2084,2084
24606000,0,0
24608000,5210,5210
24610000,1042,1042
24612000,5210,5210
24614000,4168,3126
24616000,5210,5210
24618000,3126,3126
24620000,2084,2084
24622000,6252,6252
24624000,4168,4168
24626000,1042,1042
24628000,5210,5210
24630000,1042,1042
24632000,2084,1042
24634000,3126,3126
24636000,0,0
24638000,0,0
24640000,0,0
24642000,2084,2084
24644000,3126,3126
24646000,0,0
24648000,5210,5210
24650000,4168,4168
24652000,6252,6252
24654000,10420,8336
24656000,0,0
24658000,7294,7294
24660000,0,0
24662000,6252,6252
24664000,5210,4168
24666000,3126,2084
24668000,2084,2084
24670000,4168,4168
24672000,4168,4168
24674000,10420,10420
24676000,2084,2084
24678000,2084,2084
24680000,6252,6252
24682000,3126,3126
24684000,4168,4168
24686000,0,0
24688000,2084,1042
24690000,4168,4168
24692000,1042,1042
24694000,0,0
24696000,5210,5210
24698000,1042,1042
24700000,5210,4168
24702000,1042,1042
24704000,5210,5210
24706000,6252,6252
24708000,7294,7294
24710000,2084,2084
24712000,6252,6252
24714000,0,0
24716000,6252,6252
24718000,8336,7294
24720000,1042,1042
24722000,5210,5210
24724000,3126,2084
24726000,0,0
24728000,7294,7294
24730000,5210,5210
24732000,4168,4168
24734000,11462,11462
24736000,0,0
24738000,5210,5210
24740000,6252,6252
24742000,0,0
24744000,9378,9378
24746000,2084,2084
24748000,5210,5210
24750000,4168,4168
24752000,3126,2084
24754000,3126,3126
24756000,0,0
24758000,0,0
24760000,5210,5210
24762000,2084,2084
24764000,2084,2084
24766000,8336,8336
24768000,2084,2084
24770000,1042,1042
24772000,6252,6252
24774000,0,0
24776000,4168,4168
24778000,0,0
24780000,4168,4168
24782000,6252,6252
24784000,5210,5210
24786000,4168,4168
24788000,0,0
24790000,2084,2084
24792000,1042,1042
24794000,5210,5210
24796000,2084,2084
24798000,1042,1042
24800000,0,0
24802000,0,0
24804000,6252,5210
24806000,5210,5210
24808000,5210,5210
24810000,5210,4168
24812000,0,0
24814000,4168,4168
24816000,3126,3126
24818000,2084,2084
24820000,10420,10420
24822000,1042,1042
24824000,1042,1042
24826000,6252,6252
24828000,3126,2084
24830000,6252,6252
24832000,4168,3126
24834000,2084,2084
24836000,2084,2084
24838000,3126,3126
24840000,1042,1042
24842000,1042,1042
24844000,0,0
24846000,7294,7294
24848000,3126,3126
24850000,0,0
24852000,3126,3126
24854000,2084,2084
24856000,4168,4168
24858000,4168,3126
24860000,7294,7294
24862000,4168,4168
24864000,3126,3126
24866000,4168,4168
24868000,1042,1042
24870000,3126,3126
24872000,2084,2084
24874000,2084,2084
24876000,3126,3126
24878000,2084,2084
24880000,7294,7294
24882000,10420,7294
24884000,2084,2084
24886000,12504,12504
24888000,3126,2084
24890000,7294,7294
24892000,5210,5210
24894000,1042,1042
24896000,10420,10420
24898000,1042,1042
24900000,1042,1042
24902000,7294,7294
24904000,3126,3126
24906000,0,0
24908000,2084,2084
24910000,2084,2084
24912000,0,0
24914000,9378,9378
24916000,6252,6252
24918000,2084,2084
24920000,5210,5210
24922000,0,0
24924000,10420,9378
24926000,1042,1042
24928000,1042,1042
24930000,3126,2084
24932000,2084,2084
24934000,4168,4168
24936000,1042,1042
24938000,8336,8336
24940000,3126,3126
24942000,0,0
24944000,5210,5210
24946000,1042,1042
24948000,1042,1042
24950000,5210,5210
24952000,3126,3126
24954000,1042,1042
24956000,3126,3126
24958000,4168,4168
24960000,6252,6252
24962000,9378,9378
24964000,2084,2084
24966000,7294,7294
24968000,5210,5210
24970000,1042,1042
24972000,5210,5210
24974000,2084,2084
24976000,0,0
24978000,6252,5210
24980000,2084,2084
24982000,4168,4168
24984000,2084,1042
24986000,4168,4168
24988000,3126,3126
24990000,8336,8336
24992000,3126,3126
24994000,4168,4168
24996000,3126,3126
24998000,1042,1042
25000000,5210,5210
25002000,1042,1042
25004000,7294,7294
25006000,4168,4168
25008000,0,0
25010000,3126,3126
25012000,1042,1042
25014000,11462,11462
25016000,3126,3126
25018000,1042,1042
25020000,4168,4168
25022000,0,0
25024000,6252,6252
25026000,6252,6252
25028000,3126,2084
25030000,3126,3126
25032000,1042,1042
25034000,2084,2084
25036000,4168,4168
25038000,0,0
25040000,6252,6252
25042000,4168,4168
25044000,2084,2084
25046000,5210,5210
25048000,1042,1042
25050000,3126,3126
25052000,3126,3126
25054000,0,0
25056000,4168,4168
25058000,2084,2084
25060000,4168,4168
25062000,3126,3126
25064000,0,0
25066000,8336,8336
25068000,7294,6252
25070000,1042,1042
25072000,6252,6252
25074000,1042,1042
25076000,8336,7294
25078000,0,0
25080000,1042,1042
25082000,1042,1042
25084000,2084,2084
25086000,5210,5210
25088000,1042,1042
25090000,2084,2084
25092000,4168,4168
25094000,4168,4168
25096000,3126,3126
25098000,2084,2084
25100000,1042,1042
25102000,5210,5210
25104000,4168,4168
25106000,6252,6252
25108000,4168,4168
25110000,2084,2084
25112000,5210,5210
25114000,1042,1042
25116000,3126,3126
25118000,5210,5210
25120000,1042,1042
25122000,6252,6252
25124000,0,0
25126000,3126,3126
25128000,5210,5210
25130000,1042,1042
25132000,2084,1042
25134000,5210,5210
25136000,1042,1042
25138000,8336,8336
25140000,4168,3126
25142000,1042,1042
25144000,7294,6252
25146000,3126,2084
25148000,3126,3126
25150000,7294,7294
25152000,3126,3126
25154000,8336,7294
25156000,6252,6252
25158000,2084,1042
25160000,3126,3126
25162000,2084,2084
25164000,3126,3126
25166000,1042,1042
25168000,5210,5210
25170000,5210,5210
25172000,1042,1042
25174000,13546,13546
25176000,1042,1042
25178000,8336,8336
25180000,3126,3126
25182000,1042,1042
25184000,3126,3126
25186000,4168,4168
25188000,4168,4168
25190000,8336,8336
25192000,9378,9378
25194000,0,0
25196000,8336,8336
25198000,1042,1042
25200000,2084,2084
25202000,7294,7294
25204000,0,0
25206000,0,0
25208000,5210,5210
25210000,5210,4168
25212000,4168,4168
25214000,5210,5210
25216000,2084,2084
25218000,2084,2084
25220000,0,0
25222000,2084,2084
25224000,2084,2084
25226000,0,0
25228000,2084,2084
25230000,1042,1042
25232000,5210,5210
25234000,5210,5210
25236000,1042,1042
25238000,7294,7294
25240000,5210,5210
25242000,2084,2084
25244000,1042,1042
25246000,2084,2084
25248000,2084,2084
25250000,2084,1042
25252000,1042,1042
25254000,2084,1042
25256000,5210,5210
25258000,0,0
25260000,7294,7294
25262000,2084,2084
25264000,5210,5210
25266000,2084,2084
25268000,5210,5210
25270000,4168,3126
25272000,3126,3126
25274000,1042,1042
25276000,3126,3126
25278000,2084,2084
25280000,2084,1042
25282000,3126,3126
25284000,1042,1042
25286000,4168,2084
25288000,1042,1042
25290000,4168,4168
25292000,2084,2084
25294000,0,0
25296000,3126,3126
25298000,4168,4168
25300000,4168,4168
25302000,0,0
25304000,4168,4168
25306000,4168,4168
25308000,0,0
25310000,1042,1042
25312000,5210,5210
25314000,3126,3126
25316000,9378,9378
25318000,0,0
25320000,5210,5210
25322000,6252,6252
25324000,5210,3126
25326000,2084,2084
25328000,1042,1042
25330000,4168,4168
25332000,0,0
25334000,5210,5210
25336000,0,0
25338000,6252,6252
25340000,8336,7294
25342000,2084,2084
25344000,6252,6252
25346000,0,0
25348000,3126,3126
25350000,3126,3126
25352000,3126,3126
25354000,2084,2084
25356000,2084,1042
25358000,5210,5210
25360000,0,0
25362000,3126,3126
25364000,3126,2084
25366000,0,0
25368000,0,0
25370000,4168,4168
25372000,9378,9378
25374000,3126,3126
25376000,0,0
25378000,3126,3126
25380000,0,0
25382000,0,0
25384000,3126,3126
25386000,1042,1042
25388000,0,0
25390000,2084,2084
25392000,0,0
25394000,1042,1042
25396000,1042,1042
25398000,3126,3126
25400000,6252,6252
25402000,10420,9378
25404000,2084,1042
25406000,1042,1042
25408000,4168,4168
25410000,1042,1042
25412000,8336,8336
25414000,1042,1042
25416000,6252,6252
25418000,6252,6252
25420000,3126,2084
25422000,0,0
25424000,2084,2084
25426000,5210,5210
25428000,5210,5210
25430000,2084,2084
25432000,4168,4168
25434000,1042,1042
25436000,4168,3126
25438000,1042,1042
25440000,5210,4168
25442000,5210,5210
25444000,0,0
25446000,2084,2084
25448000,4168,4168
25450000,2084,1042
25452000,3126,3126
25454000,9378,9378
25456000,3126,2084
25458000,5210,5210
25460000,4168,4168
25462000,11462,11462
25464000,10420,10420
25466000,1042,1042
25468000,6252,6252
25470000,4168,4168
25472000,5210,5210
25474000,6252,6252
25476000,3126,3126
25478000,2084,2084
25480000,0,0
25482000,2084,1042
25484000,6252,4168
25486000,2084,2084
25488000,0,0
25490000,7294,7294
25492000,1042,1042
25494000,2084,2084
25496000,7294,7294
25498000,1042,1042
25500000,1042,1042
25502000,3126,3126
25504000,0,0
25506000,3126,2084
25508000,3126,3126
25510000,3126,3126
25512000,3126,3126
25514000,3126,3126
25516000,1042,1042
25518000,7294,7294
25520000,6252,5210
25522000,5210,5210
25524000,14588,14588
25526000,2084,2084
25528000,6252,6252
25530000,3126,3126
25532000,1042,1042
25534000,8336,8336
25536000,1042,1042
25538000,4168,4168
25540000,5210,5210
25542000,5210,5210
25544000,9378,9378
25546000,0,0
25548000,8336,8336
25550000,3126,3126
25552000,10420,10420
25554000,4168,4168
25556000,2084,2084
25558000,11462,11462
25560000,0,0
25562000,6252,6252
25564000,1042,1042
25566000,5210,5210
25568000,5210,4168
25570000,4168,4168
25572000,2084,2084
25574000,0,0
25576000,1042,1042
25578000,3126,3126
25580000,0,0
25582000,4168,4168
25584000,8336,8336
25586000,0,0
25588000,7294,7294
25590000,4168,4168
25592000,5210,5210
25594000,4168,4168
25596000,3126,3126
25598000,4168,4168
25600000,2084,2084
25602000,2084,2084
25604000,0,0
25606000,1042,1042
25608000,3126,3126
25610000,2084,1042
25612000,4168,4168
25614000,0,0
25616000,8336,7294
25618000,2084,2084
25620000,3126,3126
25622000,4168,4168
25624000,0,0
25626000,3126,3126
25628000,5210,5210
25630000,3126,3126
25632000,8336,8336
25634000,0,0
25636000,8336,8336
25638000,3126,3126
25640000,7294,7294
25642000,3126,3126
25644000,1042,1042
25646000,4168,4168
25648000,0,0
25650000,5210,5210
25652000,4168,4168
25654000,2084,2084
25656000,0,0
25658000,9378,8336
25660000,2084,2084
25662000,0,0
25664000,5210,5210
25666000,3126,3126
25668000,1042,1042
25670000,0,0
25672000,6252,5210
25674000,0,0
25676000,1042,1042
25678000,1042,1042
25680000,0,0
25682000,8336,8336
25684000,5210,5210
25686000,7294,7294
25688000,5210,5210
25690000,0,0
25692000,6252,6252
25694000,2084,1042
25696000,3126,3126
25698000,6252,5210
25700000,4168,4168
25702000,1042,1042
25704000,4168,4168
25706000,5210,5210
25708000,0,0
25710000,5210,5210
25712000,0,0
25714000,3126,3126
25716000,5210,5210
25718000,1042,1042
25720000,0,0
25722000,5210,5210
25724000,4168,3126
25726000,1042,1042
25728000,6252,6252
25730000,0,0
25732000,8336,7294
25734000,2084,2084
25736000,1042,1042
25738000,4168,4168
25740000,0,0
25742000,2084,2084
25744000,2084,2084
25746000,1042,1042
25748000,7294,6252
25750000,1042,1042
25752000,3126,3126
25754000,1042,1042
25756000,1042,1042
25758000,0,0
25760000,0,0
25762000,0,0
25764000,1042,1042
25766000,1042,1042
25768000,1042,1042
25770000,3126,3126
25772000,5210,5210
25774000,1042,1042
25776000,2084,2084
25778000,1042,1042
25780000,0,0
25782000,4168,4168
25784000,1042,1042
25786000,4168,4168
25788000,2084,1042
25790000,6252,6252
25792000,5210,5210
25794000,3126,2084
25796000,2084,2084
25798000,4168,3126
25800000,7294,7294
25802000,0,0
25804000,4168,4168
25806000,1042,1042
25808000,0,0
25810000,9378,9378
25812000,0,0
25814000,4168,4168
25816000,0,0
25818000,0,0
25820000,4168,4168
25822000,0,0
25824000,2084,2084
25826000,2084,2084
25828000,0,0
25830000,5210,5210
25832000,6252,6252
25834000,2084,2084
25836000,4168,4168
25838000,0,0
25840000,6252,6252
25842000,2084,2084
25844000,0,0
25846000,4168,4168
25848000,3126,2084
25850000,2084,1042
25852000,2084,1042
25854000,3126,3126
25856000,1042,1042
25858000,5210,5210
25860000,0,0
25862000,8336,8336
25864000,11462,10420
25866000,2084,2084
25868000,2084,2084
25870000,5210,5210
25872000,6252,6252
25874000,6252,6252
25876000,1042,1042
25878000,1042,1042
25880000,1042,1042
25882000,1042,1042
25884000,4168,4168
25886000,3126,3126
25888000,5210,5210
25890000,0,0
25892000,4168,4168
25894000,3126,3126
25896000,0,0
25898000,0,0
25900000,3126,3126
25902000,2084,2084
25904000,1042,1042
25906000,4168,4168
25908000,6252,6252
25910000,4168,4168
25912000,1042,1042
25914000,2084,2084
25916000,4168,4168
25918000,1042,1042
25920000,1042,1042
25922000,3126,3126
25924000,4168,3126
25926000,2084,2084
25928000,2084,1042
25930000,0,0
25932000,1042,1042
25934000,1042,1042
25936000,3126,3126
25938000,1042,1042
25940000,3126,3126
25942000,2084,2084
25944000,0,0
25946000,3126,2084
25948000,3960,2918
25950000,3126,3126
25952000,3126,2084
25954000,0,0
25956000,4168,3126
25958000,0,0
25960000,0,0
25962000,0,0
25964000,4168,3126
25966000,2084,2084
25968000,0,0
25970000,3126,3126
25972000,0,0
25974000,0,0
25976000,1042,1042
25978000,0,0
25980000,0,0
25982000,1042,1042
25984000,0,0
25986000,0,0
25988000,0,0
25990000,1042,1042
25992000,2084,1042
25994000,2084,1042
25996000,5210,5210
25998000,4168,4168
26000000,4168,4168
26002000,3126,3126
26004000,0,0
26006000,1042,1042
26008000,4168,4168
26010000,2084,2084
26012000,1042,1042
26014000,1042,1042
26016000,0,0
26018000,0,0
26020000,1042,1042
26022000,2084,2084
26024000,1042,1042
26026000,1042,1042
26028000,0,0
26030000,1042,1042
26032000,1042,1042
26034000,0,0
26036000,2084,2084
26038000,1042,1042
26040000,0,0
26042000,0,0
26044000,2084,1042
26046000,2084,2084
26048000,0,0
26050000,2084,2084
26052000,0,0
26054000,2084,2084
26056000,5210,4168
26058000,0,0
26060000,2084,2084
26062000,1042,1042
26064000,1042,1042
26066000,0,0
26068000,0,0
26070000,2084,2084
26072000,0,0
26074000,1042,1042
26076000,0,0
26078000,0,0
26080000,1042,1042
26082000,1042,1042
26084000,0,0
26086000,0,0
26088000,0,0
26090000,0,0
26092000,0,0
26094000,0,0
26096000,0,0
26098000,0,0
26100000,1042,1042
26102000,1042,1042
26104000,1042,1042
26106000,0,0
26108000,1042,1042
26110000,0,0
26112000,0,0
26114000,0,0
26116000,0,0
26118000,2084,2084
26120000,0,0
26122000,1042,1042
26124000,1042,1042
26126000,0,0
26128000,3126,2084
26130000,1042,1042
26132000,4168,3126
26134000,0,0
26136000,1042,1042
26138000,1042,1042
26140000,0,0
26142000,0,0
26144000,3126,1042
26146000,1042,1042
26148000,1042,1042
26150000,0,0
26152000,1042,1042
26154000,834,834
26156000,0,0
26158000,0,0
26160000,0,0
26162000,1042,1042
26164000,1042,1042
26166000,2084,2084
26168000,1042,1042
26170000,0,0
26172000,1042,1042
26174000,3126,2084
26176000,0,0
26178000,1042,1042
26180000,1042,1042
26182000,1042,1042
26184000,1042,1042
26186000,0,0
26188000,2084,2084
26190000,1042,1042
26192000,1042,1042
26194000,1042,1042
26196000,1042,1042
26198000,1042,1042
26200000,0,0
26202000,1042,1042
26204000,0,0
26206000,1042,1042
26208000,0,0
26210000,1042,1042
26212000,0,0
26214000,1042,1042
26216000,0,0
26218000,0,0
26220000,0,0
26222000,0,0
26224000,0,0
26226000,0,0
26228000,0,0
26230000,0,0
26232000,0,0
26234000,0,0
26236000,0,0
26238000,0,0
26240000,0,0
26242000,0,0
26244000,0,0
26246000,0,0
26248000,0,0
26250000,0,0
26252000,0,0
26254000,0,0
26256000,0,0
26258000,0,0
26260000,0,0
26262000,0,0
26264000,0,0
26266000,0,0
26268000,0,0
26270000,0,0
26272000,0,0
26274000,0,0
26276000,0,0
26278000,0,0
26280000,0,0
26282000,0,0
26284000,0,0
26286000,0,0
26288000,0,0
26290000,0,0
26292000,0,0
26294000,0,0
26296000,0,0
26298000,0,0
26300000,0,0
26302000,0,0
26304000,0,0
26306000,0,0
26308000,0,0
26310000,0,0
26312000,0,0
26314000,0,0
26316000,0,0
26318000,0,0
26320000,0,0
26322000,0,0
26324000,0,0
26326000,0,0
26328000,0,0
26330000,0,0
26332000,0,0
26334000,0,0
26336000,0,0
26338000,0,0
26340000,0,0
26342000,0,0
26344000,0,0
26346000,0,0
26348000,0,0
26350000,0,0
26352000,0,0
26354000,0,0
26356000,0,0
26358000,0,0
26360000,0,0
26362000,0,0
26364000,0,0
26366000,0,0
26368000,0,0
26370000,0,0
26372000,0,0
26374000,0,0
26376000,0,0
26378000,0,0
26380000,0,0
26382000,0,0
26384000,0,0
26386000,0,0
26388000,0,0
26390000,0,0
26392000,0,0
26394000,0,0
26396000,0,0
26398000,0,0
26400000,0,0
26402000,0,0
26404000,0,0
26406000,0,0
26408000,0,0
26410000,0,0
26412000,0,0
26414000,0,0
26416000,0,0
26418000,0,0
26420000,0,0
26422000,0,0
26424000,0,0
26426000,0,0
26428000,0,0
26430000,0,0
26432000,0,0
26434000,0,0
26436000,0,0
26438000,0,0
26440000,0,0
26442000,0,0
26444000,0,0
26446000,0,0
26448000,0,0
26450000,0,0
26452000,0,0
26454000,0,0
26456000,0,0
26458000,0,0
26460000,0,0
26462000,0,0
26464000,0,0
26466000,0,0
26468000,0,0
26470000,0,0
26472000,0,0
26474000,0,0
26476000,0,0
26478000,0,0
26480000,0,0
26482000,0,0
26484000,0,0
26486000,0,0
26488000,0,0
26490000,0,0
26492000,0,0
26494000,0,0
26496000,0,0
26498000,0,0
26500000,0,0
26502000,0,0
26504000,0,0
26506000,0,0
26508000,0,0
26510000,0,0
26512000,0,0
26514000,0,0
26516000,0,0
26518000,0,0
26520000,0,0
26522000,0,0
26524000,0,0
26526000,0,0
26528000,0,0
26530000,0,0
26532000,0,0
26534000,0,0
26536000,0,0
26538000,0,0
26540000,0,0
26542000,0,0
26544000,0,0
26546000,0,0
26548000,0,0
26550000,0,0
26552000,0,0
26554000,0,0
26556000,0,0
26558000,0,0
26560000,0,0
26562000,0,0
26564000,0,0
26566000,0,0
26568000,0,0
26570000,0,0
26572000,0,0
26574000,0,0
26576000,0,0
26578000,0,0
26580000,0,0
26582000,0,0
26584000,0,0
26586000,0,0
26588000,0,0
26590000,0,0
26592000,0,0
26594000,0,0
26596000,0,0
26598000,0,0
26600000,0,0
26602000,0,0
26604000,0,0
26606000,0,0
26608000,0,0
26610000,0,0
26612000,0,0
26614000,0,0
26616000,0,0
26618000,0,0
26620000,0,0
26622000,0,0
26624000,0,0
26626000,0,0
26628000,0,0
26630000,0,0
26632000,0,0
26634000,0,0
26636000,0,0
26638000,0,0
26640000,0,0
26642000,0,0
26644000,0,0
26646000,0,0
26648000,0,0
26650000,0,0
26652000,0,0
26654000,0,0
26656000,0,0
26658000,0,0
26660000,0,0
26662000,0,0
26664000,0,0
26666000,0,0
26668000,0,0
26670000,0,0
26672000,0,0
26674000,0,0
26676000,0,0
26678000,0,0
26680000,0,0
26682000,0,0
26684000,0,0
26686000,0,0
26688000,0,0
26690000,0,0
26692000,0,0
26694000,0,0
26696000,0,0
26698000,0,0
26700000,0,0
26702000,0,0
26704000,0,0
26706000,0,0
26708000,0,0
26710000,0,0
26712000,0,0
26714000,0,0
26716000,0,0
26718000,0,0
26720000,0,0
26722000,0,0
26724000,0,0
26726000,0,0
26728000,0,0
26730000,0,0
26732000,0,0
26734000,0,0
26736000,0,0
26738000,0,0
26740000,0,0
26742000,0,0
26744000,0,0
26746000,0,0
26748000,0,0
26750000,0,0
26752000,0,0
26754000,0,0
26756000,0,0
26758000,0,0
26760000,0,0
26762000,0,0
26764000,0,0
26766000,0,0
26768000,0,0
26770000,0,0
26772000,0,0
26774000,0,0
26776000,0,0
26778000,0,0
26780000,0,0
26782000,0,0
26784000,0,0
26786000,0,0
26788000,0,0
26790000,0,0
26792000,0,0
26794000,0,0
26796000,0,0
26798000,0,0
26800000,0,0
26802000,0,0
26804000,0,0
26806000,0,0
26808000,0,0
26810000,0,0
26812000,0,0
26814000,0,0
26816000,0,0
26818000,0,0
26820000,0,0
26822000,0,0
26824000,0,0
26826000,0,0
26828000,0,0
26830000,0,0
26832000,0,0
26834000,0,0
26836000,0,0
26838000,0,0
26840000,0,0
26842000,0,0
26844000,0,0
26846000,0,0
26848000,0,0
26850000,0,0
26852000,0,0
26854000,0,0
26856000,0,0
26858000,0,0
26860000,0,0
26862000,0,0
26864000,0,0
26866000,0,0
26868000,0,0
26870000,0,0
26872000,0,0
26874000,0,0
26876000,0,0
26878000,0,0
26880000,0,0
26882000,0,0
26884000,0,0
26886000,0,0
26888000,0,0
26890000,0,0
26892000,0,0
26894000,0,0
26896000,0,0
26898000,0,0
26900000,0,0
26902000,0,0
26904000,0,0
26906000,0,0
26908000,0,0
26910000,0,0
26912000,0,0
26914000,0,0
26916000,0,0
26918000,0,0
26920000,0,0
26922000,0,0
26924000,0,0
26926000,0,0
26928000,0,0
26930000,0,0
26932000,0,0
26934000,0,0
26936000,0,0
26938000,0,0
26940000,0,0
26942000,0,0
26944000,0,0
26946000,0,0
26948000,0,0
26950000,0,0
26952000,0,0
26954000,0,0
26956000,0,0
26958000,0,0
26960000,0,0
26962000,0,0
26964000,0,0
26966000,0,0
26968000,0,0
26970000,0,0
26972000,0,0
26974000,0,0
26976000,0,0
26978000,0,0
26980000,0,0
26982000,0,0
26984000,0,0
26986000,0,0
26988000,0,0
26990000,0,0
26992000,0,0
26994000,0,0
26996000,0,0
26998000,0,0
27000000,0,0
27002000,0,0
27004000,0,0
27006000,0,0
27008000,0,0
27010000,0,0
27012000,0,0
27014000,0,0
27016000,0,0
27018000,0,0
27020000,0,0
27022000,0,0
27024000,0,0
27026000,0,0
27028000,0,0
27030000,0,0
27032000,0,0
27034000,0,0
27036000,0,0
27038000,0,0
27040000,0,0
27042000,0,0
27044000,0,0
27046000,0,0
27048000,0,0
27050000,0,0
27052000,0,0
27054000,0,0
27056000,0,0
27058000,0,0
27060000,0,0
27062000,0,0
27064000,0,0
27066000,0,0
27068000,0,0
27070000,0,0
27072000,0,0
27074000,0,0
27076000,0,0
27078000,0,0
27080000,0,0
27082000,0,0
27084000,0,0
27086000,0,0
27088000,0,0
27090000,0,0
27092000,0,0
27094000,0,0
27096000,0,0
27098000,0,0
27100000,0,0
27102000,0,0
27104000,0,0
27106000,0,0
27108000,0,0
27110000,0,0
27112000,0,0
27114000,0,0
27116000,0,0
27118000,0,0
27120000,0,0
27122000,0,0
27124000,0,0
27126000,0,0
27128000,0,0
27130000,0,0
27132000,0,0
27134000,0,0
27136000,0,0
27138000,0,0
27140000,0,0
27142000,0,0
27144000,0,0
27146000,0,0
27148000,0,0
27150000,0,0
27152000,0,0
27154000,0,0
27156000,0,0
27158000,0,0
27160000,0,0
27162000,0,0
27164000,0,0
27166000,0,0
27168000,0,0
27170000,0,0
27172000,0,0
27174000,0,0
27176000,0,0
27178000,0,0
27180000,0,0
27182000,0,0
27184000,0,0
27186000,0,0
27188000,0,0
27190000,0,0
27192000,0,0
27194000,0,0
27196000,0,0
27198000,0,0
27200000,0,0
27202000,0,0
27204000,0,0
27206000,0,0
27208000,0,0
27210000,0,0
27212000,0,0
27214000,0,0
27216000,0,0
27218000,0,0
27220000,0,0
27222000,0,0
27224000,0,0
27226000,0,0
27228000,0,0
27230000,0,0
27232000,0,0
27234000,0,0
27236000,0,0
27238000,0,0
27240000,0,0
27242000,0,0
27244000,0,0
27246000,0,0
27248000,0,0
27250000,0,0
27252000,0,0
27254000,0,0
27256000,0,0
27258000,0,0
27260000,0,0
27262000,0,0
27264000,0,0
27266000,0,0
27268000,0,0
27270000,0,0
27272000,0,0
27274000,0,0
27276000,0,0
27278000,0,0
27280000,0,0
27282000,0,0
27284000,0,0
27286000,0,0
27288000,0,0
27290000,0,0
27292000,0,0
27294000,0,0
27296000,0,0
27298000,0,0
27300000,0,0
27302000,0,0
27304000,0,0
27306000,0,0
27308000,0,0
27310000,0,0
27312000,0,0
27314000,0,0
27316000,0,0
27318000,0,0
27320000,0,0
27322000,0,0
27324000,0,0
27326000,0,0
27328000,0,0
27330000,0,0
27332000,0,0
27334000,0,0
27336000,0,0
27338000,0,0
27340000,0,0
27342000,0,0
27344000,0,0
27346000,0,0
27348000,0,0
27350000,0,0
27352000,0,0
27354000,0,0
27356000,0,0
27358000,0,0
27360000,0,0
27362000,0,0
27364000,0,0
27366000,0,0
27368000,0,0
27370000,0,0
27372000,0,0
27374000,0,0
27376000,0,0
27378000,0,0
27380000,0,0
27382000,0,0
27384000,0,0
27386000,0,0
27388000,0,0
27390000,0,0
27392000,0,0
27394000,0,0
27396000,0,0
27398000,0,0
27400000,0,0
27402000,0,0
27404000,0,0
27406000,0,0
27408000,0,0
27410000,0,0
27412000,0,0
27414000,0,0
27416000,0,0
27418000,0,0
27420000,0,0
27422000,0,0
27424000,0,0
27426000,0,0
27428000,0,0
27430000,0,0
27432000,0,0
27434000,0,0
27436000,0,0
27438000,0,0
27440000,0,0
27442000,0,0
27444000,0,0
27446000,0,0
27448000,0,0
27450000,0,0
27452000,0,0
27454000,0,0
27456000,0,0
27458000,0,0
27460000,0,0
27462000,0,0
27464000,0,0
27466000,0,0
27468000,0,0
27470000,0,0
27472000,0,0
27474000,0,0
27476000,0,0
27478000,0,0
27480000,0,0
27482000,0,0
27484000,0,0
27486000,0,0
27488000,0,0
27490000,0,0
27492000,0,0
27494000,0,0
27496000,0,0
27498000,0,0
27500000,0,0
27502000,0,0
27504000,0,0
27506000,0,0
27508000,0,0
27510000,0,0
27512000,0,0
27514000,0,0
27516000,0,0
27518000,0,0
27520000,0,0
27522000,0,0
27524000,0,0
27526000,0,0
27528000,0,0
27530000,0,0
27532000,0,0
27534000,0,0
27536000,0,0
27538000,0,0
27540000,0,0
27542000,0,0
27544000,0,0
27546000,0,0
27548000,0,0
27550000,0,0
27552000,0,0
27554000,0,0
27556000,0,0
27558000,0,0
27560000,0,0
27562000,0,0
27564000,0,0
27566000,0,0
27568000,0,0
27570000,0,0
27572000,0,0
27574000,0,0
27576000,0,0
27578000,0,0
27580000,0,0
27582000,0,0
27584000,0,0
27586000,0,0
27588000,0,0
27590000,0,0
27592000,0,0
27594000,0,0
27596000,0,0
27598000,0,0
27600000,0,0
27602000,0,0
27604000,0,0
27606000,0,0
27608000,0,0
27610000,0,0
27612000,0,0
27614000,0,0
27616000,0,0
27618000,0,0
27620000,0,0
27622000,0,0
27624000,0,0
27626000,0,0
27628000,0,0
27630000,0,0
27632000,0,0
27634000,0,0
27636000,0,0
27638000,0,0
27640000,0,0
27642000,0,0
27644000,0,0
27646000,0,0
27648000,0,0
27650000,0,0
27652000,0,0
27654000,0,0
27656000,0,0
27658000,0,0
27660000,0,0
27662000,0,0
27664000,0,0
27666000,0,0
27668000,0,0
27670000,0,0
27672000,0,0
27674000,0,0
27676000,0,0
27678000,0,0
27680000,0,0
27682000,0,0
27684000,0,0
27686000,0,0
27688000,0,0
27690000,0,0
27692000,0,0
27694000,0,0
27696000,0,0
27698000,0,0
27700000,0,0
27702000,0,0
27704000,0,0
27706000,0,0
27708000,0,0
27710000,0,0
27712000,0,0
27714000,0,0
27716000,0,0
27718000,0,0
27720000,0,0
27722000,0,0
27724000,0,0
27726000,0,0
27728000,0,0
27730000,0,0
27732000,0,0
27734000,0,0
27736000,0,0
27738000,0,0
27740000,0,0
27742000,0,0
27744000,0,0
27746000,0,0
27748000,0,0
27750000,0,0
27752000,0,0
27754000,0,0
27756000,0,0
27758000,0,0
27760000,0,0
27762000,0,0
27764000,0,0
27766000,0,0
27768000,0,0
27770000,0,0
27772000,0,0
27774000,0,0
27776000,0,0
27778000,0,0
27780000,0,0
27782000,0,0
27784000,0,0
27786000,0,0
27788000,0,0
27790000,0,0
27792000,0,0
27794000,0,0
27796000,0,0
27798000,0,0
27800000,0,0
27802000,0,0
27804000,0,0
27806000,0,0
27808000,0,0
27810000,0,0
27812000,0,0
27814000,0,0
27816000,0,0
27818000,0,0
27820000,0,0
27822000,0,0
27824000,0,0
27826000,0,0
27828000,0,0
27830000,0,0
27832000,0,0
27834000,0,0
27836000,0,0
27838000,0,0
27840000,0,0
27842000,0,0
27844000,0,0
27846000,0,0
27848000,0,0
27850000,0,0
27852000,0,0
27854000,0,0
27856000,0,0
27858000,0,0
27860000,0,0
27862000,0,0
27864000,0,0
27866000,0,0
27868000,0,0
27870000,0,0
27872000,0,0
27874000,0,0
27876000,0,0
27878000,0,0
27880000,0,0
27882000,0,0
27884000,0,0
27886000,0,0
27888000,0,0
27890000,0,0
27892000,0,0
27894000,0,0
27896000,0,0
27898000,0,0
27900000,0,0
27902000,0,0
27904000,0,0
27906000,0,0
27908000,0,0
27910000,0,0
27912000,0,0
27914000,0,0
27916000,0,0
27918000,0,0
27920000,0,0
27922000,0,0
27924000,0,0
27926000,0,0
27928000,0,0
27930000,0,0
27932000,0,0
27934000,0,0
27936000,0,0
27938000,0,0
27940000,0,0
27942000,0,0
27944000,0,0
27946000,0,0
27948000,0,0
27950000,0,0
27952000,0,0
27954000,0,0
27956000,0,0
27958000,0,0
27960000,0,0
27962000,0,0
27964000,0,0
27966000,0,0
27968000,0,0
27970000,0,0
27972000,0,0
27974000,0,0
27976000,0,0
27978000,0,0
27980000,0,0
27982000,0,0
27984000,0,0
27986000,0,0
27988000,0,0
27990000,0,0
27992000,0,0
27994000,0,0
27996000,0,0
27998000,0,0
28000000,0,0
28002000,0,0
28004000,0,0
28006000,0,0
28008000,0,0
28010000,0,0
28012000,0,0
28014000,0,0
28016000,0,0
28018000,0,0
28020000,0,0
28022000,0,0
28024000,0,0
28026000,0,0
28028000,0,0
28030000,0,0
28032000,0,0
28034000,0,0
28036000,0,0
28038000,0,0
28040000,0,0
28042000,0,0
28044000,0,0
28046000,0,0
28048000,0,0
28050000,0,0
28052000,0,0
28054000,0,0
28056000,0,0
28058000,0,0
28060000,0,0
28062000,0,0
28064000,0,0
28066000,0,0
28068000,0,0
28070000,0,0
28072000,0,0
28074000,0,0
28076000,0,0
28078000,0,0
28080000,0,0
28082000,0,0
28084000,0,0
28086000,0,0
28088000,0,0
28090000,0,0
28092000,0,0
28094000,0,0
28096000,0,0
28098000,0,0
28100000,0,0
28102000,0,0
28104000,0,0
28106000,0,0
28108000,0,0
28110000,0,0
28112000,0,0
28114000,0,0
28116000,0,0
28118000,0,0
28120000,0,0
28122000,0,0
28124000,0,0
28126000,0,0
28128000,0,0
28130000,0,0
28132000,0,0
28134000,0,0
28136000,0,0
28138000,0,0
28140000,0,0
28142000,0,0
28144000,0,0
28146000,0,0
28148000,0,0
28150000,0,0
28152000,0,0
28154000,0,0
28156000,0,0
28158000,0,0
28160000,0,0
28162000,0,0
28164000,0,0
28166000,0,0
28168000,0,0
28170000,0,0
28172000,0,0
28174000,0,0
28176000,0,0
28178000,0,0
28180000,0,0
28182000,0,0
28184000,0,0
28186000,0,0
28188000,0,0
28190000,0,0
28192000,0,0
28194000,0,0
28196000,0,0
28198000,0,0
28200000,0,0
28202000,0,0
28204000,0,0
28206000,0,0
28208000,0,0
28210000,0,0
28212000,0,0
28214000,0,0
28216000,0,0
28218000,0,0
28220000,0,0
28222000,0,0
28224000,0,0
28226000,0,0
28228000,0,0
28230000,0,0
28232000,0,0
28234000,0,0
28236000,0,0
28238000,0,0
28240000,0,0
28242000,0,0
28244000,0,0
28246000,0,0
28248000,0,0
28250000,0,0
28252000,0,0
28254000,0,0
28256000,0,0
28258000,0,0
28260000,0,0
28262000,0,0
28264000,0,0
28266000,0,0
28268000,0,0
28270000,0,0
28272000,0,0
28274000,0,0
28276000,0,0
28278000,0,0
28280000,0,0
28282000,0,0
28284000,0,0
28286000,0,0
28288000,0,0
28290000,0,0
28292000,0,0
28294000,0,0
28296000,0,0
28298000,0,0
28300000,0,0
28302000,0,0
28304000,0,0
28306000,0,0
28308000,0,0
28310000,0,0
28312000,0,0
28314000,0,0
28316000,0,0
28318000,0,0
28320000,0,0
28322000,0,0
28324000,0,0
28326000,0,0
28328000,0,0
28330000,0,0
28332000,0,0
28334000,0,0
28336000,0,0
28338000,0,0
28340000,0,0
28342000,0,0
28344000,0,0
28346000,0,0
28348000,0,0
28350000,0,0
28352000,0,0
28354000,0,0
28356000,0,0
28358000,0,0
28360000,0,0
28362000,0,0
28364000,0,0
28366000,0,0
28368000,0,0
28370000,0,0
28372000,0,0
28374000,0,0
28376000,0,0
28378000,0,0
28380000,0,0
28382000,0,0
28384000,0,0
28386000,0,0
28388000,0,0
28390000,0,0
28392000,0,0
28394000,0,0
28396000,0,0
28398000,0,0
28400000,0,0
28402000,0,0
28404000,0,0
28406000,0,0
28408000,0,0
28410000,0,0
28412000,0,0
28414000,0,0
28416000,0,0
28418000,0,0
28420000,0,0
28422000,0,0
28424000,0,0
28426000,0,0
28428000,0,0
28430000,0,0
28432000,0,0
28434000,0,0
28436000,0,0
28438000,0,0
28440000,0,0
28442000,0,0
28444000,0,0
28446000,0,0
28448000,0,0
28450000,0,0
28452000,0,0
28454000,0,0
28456000,0,0
28458000,0,0
28460000,0,0
28462000,0,0
28464000,0,0
28466000,0,0
28468000,0,0
28470000,0,0
28472000,0,0
28474000,0,0
28476000,0,0
28478000,0,0
28480000,0,0
28482000,0,0
28484000,0,0
28486000,0,0
28488000,0,0
28490000,0,0
28492000,0,0
28494000,0,0
28496000,0,0
28498000,0,0
28500000,0,0
28502000,0,0
28504000,0,0
28506000,0,0
28508000,0,0
28510000,0,0
28512000,0,0
28514000,0,0
28516000,0,0
28518000,0,0
28520000,0,0
28522000,0,0
28524000,0,0
28526000,0,0
28528000,0,0
28530000,0,0
28532000,0,0
28534000,0,0
28536000,0,0
28538000,0,0
28540000,0,0
28542000,0,0
28544000,0,0
28546000,0,0
28548000,0,0
28550000,0,0
28552000,0,0
28554000,0,0
28556000,0,0
28558000,0,0
28560000,0,0
28562000,0,0
28564000,0,0
28566000,0,0
28568000,0,0
28570000,0,0
28572000,0,0
28574000,0,0
28576000,0,0
28578000,0,0
28580000,0,0
28582000,0,0
28584000,0,0
28586000,0,0
28588000,0,0
28590000,0,0
28592000,0,0
28594000,0,0
28596000,0,0
28598000,0,0
28600000,0,0
28602000,0,0
28604000,0,0
28606000,0,0
28608000,0,0
28610000,0,0
28612000,0,0
28614000,0,0
28616000,0,0
28618000,0,0
28620000,0,0
28622000,0,0
28624000,0,0
28626000,0,0
28628000,0,0
28630000,0,0
28632000,0,0
28634000,0,0
28636000,0,0
28638000,0,0
28640000,0,0
28642000,0,0
28644000,0,0
28646000,0,0
28648000,0,0
28650000,0,0
28652000,0,0
28654000,0,0
28656000,0,0
28658000,0,0
28660000,0,0
28662000,0,0
28664000,0,0
28666000,0,0
28668000,0,0
28670000,0,0
28672000,0,0
28674000,0,0
28676000,0,0
28678000,0,0
28680000,0,0
28682000,0,0
28684000,0,0
28686000,0,0
28688000,0,0
28690000,0,0
28692000,0,0
28694000,0,0
28696000,0,0
28698000,0,0
28700000,0,0
28702000,0,0
28704000,0,0
28706000,0,0
28708000,0,0
28710000,0,0
28712000,0,0
28714000,0,0
28716000,0,0
28718000,0,0
28720000,0,0
28722000,0,0
28724000,0,0
28726000,0,0
28728000,0,0
28730000,0,0
28732000,0,0
28734000,0,0
28736000,0,0
28738000,0,0
28740000,0,0
28742000,0,0
28744000,0,0
28746000,0,0
28748000,0,0
28750000,0,0
28752000,0,0
28754000,0,0
28756000,0,0
28758000,0,0
28760000,0,0
28762000,0,0
28764000,0,0
28766000,0,0
28768000,0,0
28770000,0,0
28772000,0,0
28774000,0,0
28776000,0,0
28778000,0,0
28780000,0,0
28782000,0,0
28784000,0,0
28786000,0,0
28788000,0,0
28790000,0,0
28792000,0,0
28794000,0,0
28796000,0,0
28798000,0,0
28800000,0,0
28802000,0,0
28804000,0,0
28806000,0,0
28808000,0,0
28810000,0,0
28812000,0,0
28814000,0,0
28816000,0,0
28818000,0,0
28820000,0,0
28822000,0,0
28824000,0,0
28826000,0,0
28828000,0,0
28830000,0,0
28832000,0,0
28834000,0,0
28836000,0,0
28838000,0,0
28840000,0,0
28842000,0,0
28844000,0,0
28846000,0,0
28848000,0,0
28850000,0,0
28852000,0,0
28854000,0,0
28856000,0,0
28858000,0,0
28860000,0,0
28862000,0,0
28864000,0,0
28866000,0,0
28868000,0,0
28870000,0,0
28872000,0,0
28874000,0,0
28876000,0,0
28878000,0,0
28880000,0,0
28882000,0,0
28884000,0,0
28886000,0,0
28888000,0,0
28890000,0,0
28892000,0,0
28894000,0,0
28896000,0,0
28898000,0,0
28900000,0,0
28902000,0,0
28904000,0,0
28906000,0,0
28908000,0,0
28910000,0,0
28912000,0,0
28914000,0,0
28916000,0,0
28918000,0,0
28920000,0,0
28922000,0,0
28924000,0,0
28926000,0,0
28928000,0,0
28930000,0,0
28932000,0,0
28934000,0,0
28936000,0,0
28938000,0,0
28940000,0,0
28942000,0,0
28944000,0,0
28946000,0,0
28948000,0,0
28950000,0,0
28952000,0,0
28954000,0,0
28956000,0,0
28958000,0,0
28960000,0,0
28962000,0,0
28964000,0,0
28966000,0,0
28968000,0,0
28970000,0,0
28972000,0,0
28974000,0,0
28976000,0,0
28978000,0,0
28980000,0,0
28982000,0,0
28984000,0,0
28986000,0,0
28988000,0,0
28990000,0,0
28992000,0,0
28994000,0,0
28996000,0,0
28998000,0,0
29000000,0,0
29002000,0,0
29004000,0,0
29006000,0,0
29008000,0,0
29010000,0,0
29012000,0,0
29014000,0,0
29016000,0,0
29018000,0,0
29020000,0,0
29022000,0,0
29024000,0,0
29026000,0,0
29028000,0,0
29030000,0,0
29032000,0,0
29034000,0,0
29036000,0,0
29038000,0,0
29040000,0,0
29042000,0,0
29044000,0,0
29046000,0,0
29048000,0,0
29050000,0,0
29052000,0,0
29054000,0,0
29056000,0,0
29058000,0,0
29060000,0,0
29062000,0,0
29064000,0,0
29066000,0,0
29068000,0,0
29070000,0,0
29072000,0,0
29074000,0,0
29076000,0,0
29078000,0,0
29080000,0,0
29082000,0,0
29084000,0,0
29086000,0,0
29088000,0,0
29090000,0,0
29092000,0,0
29094000,0,0
29096000,0,0
29098000,0,0
29100000,0,0
29102000,0,0
29104000,0,0
29106000,0,0
29108000,0,0
29110000,0,0
29112000,0,0
29114000,0,0
29116000,0,0
29118000,0,0
29120000,0,0
29122000,0,0
29124000,0,0
29126000,0,0
29128000,0,0
29130000,0,0
29132000,0,0
29134000,0,0
29136000,0,0
29138000,0,0
29140000,0,0
29142000,0,0
29144000,0,0
29146000,0,0
29148000,0,0
29150000,0,0
29152000,0,0
29154000,0,0
29156000,0,0
29158000,0,0
29160000,0,0
29162000,0,0
29164000,0,0
29166000,0,0
29168000,0,0
29170000,0,0
29172000,0,0
29174000,0,0
29176000,0,0
29178000,0,0
29180000,0,0
29182000,0,0
29184000,0,0
29186000,0,0
29188000,0,0
29190000,0,0
29192000,0,0
29194000,0,0
29196000,0,0
29198000,0,0
29200000,0,0
29202000,0,0
29204000,0,0
29206000,0,0
29208000,0,0
29210000,0,0
29212000,0,0
29214000,0,0
29216000,0,0
29218000,0,0
29220000,0,0
29222000,0,0
29224000,0,0
29226000,0,0
29228000,0,0
29230000,0,0
29232000,0,0
29234000,0,0
29236000,0,0
29238000,0,0
29240000,0,0
29242000,0,0
29244000,0,0
29246000,0,0
29248000,0,0
29250000,0,0
29252000,0,0
29254000,0,0
29256000,0,0
29258000,0,0
29260000,0,0
29262000,0,0
29264000,0,0
29266000,0,0
29268000,0,0
29270000,0,0
29272000,0,0
29274000,0,0
29276000,0,0
29278000,0,0
29280000,0,0
29282000,0,0
29284000,0,0
29286000,0,0
29288000,0,0
29290000,0,0
29292000,0,0
29294000,0,0
29296000,0,0
29298000,0,0
29300000,0,0
29302000,0,0
29304000,0,0
29306000,0,0
29308000,0,0
29310000,0,0
29312000,0,0
29314000,0,0
29316000,0,0
29318000,0,0
29320000,0,0
29322000,0,0
29324000,0,0
29326000,0,0
29328000,0,0
29330000,0,0
29332000,0,0
29334000,0,0
29336000,0,0
29338000,0,0
29340000,0,0
29342000,0,0
29344000,0,0
29346000,0,0
29348000,0,0
29350000,0,0
29352000,0,0
29354000,0,0
29356000,0,0
29358000,0,0
29360000,0,0
29362000,0,0
29364000,0,0
29366000,0,0
29368000,0,0
29370000,0,0
29372000,0,0
29374000,0,0
29376000,0,0
29378000,0,0
29380000,0,0
29382000,0,0
29384000,0,0
29386000,0,0
29388000,0,0
29390000,0,0
29392000,0,0
29394000,0,0
29396000,0,0
29398000,0,0
29400000,0,0
29402000,0,0
29404000,0,0
29406000,0,0
29408000,0,0
29410000,0,0
29412000,0,0
29414000,0,0
29416000,0,0
29418000,0,0
29420000,0,0
29422000,0,0
29424000,0,0
29426000,0,0
29428000,0,0
29430000,0,0
29432000,0,0
29434000,0,0
29436000,0,0
29438000,0,0
29440000,0,0
29442000,0,0
29444000,0,0
29446000,0,0
29448000,0,0
29450000,0,0
29452000,0,0
29454000,0,0
29456000,0,0
29458000,0,0
29460000,0,0
29462000,0,0
29464000,0,0
29466000,0,0
29468000,0,0
29470000,0,0
29472000,0,0
29474000,0,0
29476000,0,0
29478000,0,0
29480000,0,0
29482000,0,0
29484000,0,0
29486000,0,0
29488000,0,0
29490000,0,0
29492000,0,0
29494000,0,0
29496000,0,0
29498000,0,0
29500000,0,0
29502000,0,0
29504000,0,0
29506000,0,0
29508000,0,0
29510000,0,0
29512000,0,0
29514000,0,0
29516000,0,0
29518000,0,0
29520000,0,0
29522000,0,0
29524000,0,0
29526000,0,0
29528000,0,0
29530000,0,0
29532000,0,0
29534000,0,0
29536000,0,0
29538000,0,0
29540000,0,0
29542000,0,0
29544000,0,0
29546000,0,0
29548000,0,0
29550000,0,0
29552000,0,0
29554000,0,0
29556000,0,0
29558000,0,0
29560000,0,0
29562000,0,0
29564000,0,0
29566000,0,0
29568000,0,0
29570000,0,0
29572000,0,0
29574000,0,0
29576000,0,0
29578000,0,0
29580000,0,0
29582000,0,0
29584000,0,0
29586000,0,0
29588000,0,0
29590000,0,0
29592000,0,0
29594000,0,0
29596000,0,0
29598000,0,0
29600000,0,0
29602000,0,0
29604000,0,0
29606000,0,0
29608000,0,0
29610000,0,0
29612000,0,0
29614000,0,0
29616000,0,0
29618000,0,0
29620000,0,0
29622000,0,0
29624000,0,0
29626000,0,0
29628000,0,0
29630000,0,0
29632000,0,0
29634000,0,0
29636000,0,0
29638000,0,0
29640000,0,0
29642000,0,0
29644000,0,0
29646000,0,0
29648000,0,0
29650000,0,0
29652000,0,0
29654000,0,0
29656000,0,0
29658000,0,0
29660000,0,0
29662000,0,0
29664000,0,0
29666000,0,0
29668000,0,0
29670000,0,0
29672000,0,0
29674000,0,0
29676000,0,0
29678000,0,0
29680000,0,0
29682000,0,0
29684000,0,0
29686000,0,0
29688000,0,0
29690000,0,0
29692000,0,0
29694000,0,0
29696000,0,0
29698000,0,0
29700000,0,0
29702000,0,0
29704000,0,0
29706000,0,0
29708000,0,0
29710000,0,0
29712000,0,0
29714000,0,0
29716000,0,0
29718000,0,0
29720000,0,0
29722000,0,0
29724000,0,0
29726000,0,0
29728000,0,0
29730000,0,0
29732000,0,0
29734000,0,0
29736000,0,0
29738000,0,0
29740000,0,0
29742000,0,0
29744000,0,0
29746000,0,0
29748000,0,0
29750000,0,0
29752000,0,0
29754000,0,0
29756000,0,0
29758000,0,0
29760000,0,0
29762000,0,0
29764000,0,0
29766000,0,0
29768000,0,0
29770000,0,0
29772000,0,0
29774000,0,0
29776000,0,0
29778000,0,0
29780000,0,0
29782000,0,0
29784000,0,0
29786000,0,0
29788000,0,0
29790000,0,0
29792000,0,0
29794000,0,0
29796000,0,0
29798000,0,0
29800000,0,0
29802000,0,0
29804000,0,0
29806000,0,0
29808000,0,0
29810000,0,0
29812000,0,0
29814000,0,0
29816000,0,0
29818000,0,0
29820000,0,0
29822000,0,0
29824000,0,0
29826000,0,0
29828000,0,0
29830000,0,0
29832000,0,0
29834000,0,0
29836000,0,0
29838000,0,0
29840000,0,0
29842000,0,0
29844000,0,0
29846000,0,0
29848000,0,0
29850000,0,0
29852000,0,0
29854000,0,0
29856000,0,0
29858000,0,0
29860000,0,0
29862000,0,0
29864000,0,0
29866000,0,0
29868000,0,0
29870000,0,0
29872000,0,0
29874000,0,0
29876000,0,0
29878000,0,0
29880000,0,0
29882000,0,0
29884000,0,0
29886000,0,0
29888000,0,0
29890000,0,0
29892000,0,0
29894000,0,0
29896000,0,0
29898000,0,0
29900000,0,0
29902000,0,0
29904000,0,0
29906000,0,0
29908000,0,0
29910000,0,0
29912000,0,0
29914000,0,0
29916000,0,0
29918000,0,0
29920000,0,0
29922000,0,0
29924000,0,0
29926000,0,0
29928000,0,0
29930000,0,0
29932000,0,0
29934000,0,0
29936000,0,0
29938000,0,0
29940000,0,0
29942000,0,0
29944000,0,0
29946000,0,0
29948000,0,0
29950000,0,0
29952000,0,0
29954000,0,0
29956000,0,0
29958000,0,0
29960000,0,0
29962000,0,0
29964000,0,0
29966000,0,0
29968000,0,0
29970000,0,0
29972000,0,0
29974000,0,0
29976000,0,0
29978000,0,0
29980000,0,0
29982000,0,0
29984000,0,0
29986000,0,0
29988000,0,0
29990000,0,0
29992000,0,0
29994000,0,0
29996000,0,0
29998000,0,0
30000000,0,0
30002000,0,0
30004000,0,0
30006000,0,0
30008000,0,0
30010000,0,0
30012000,0,0
30014000,0,0
30016000,0,0
30018000,0,0
30020000,0,0
30022000,0,0
30024000,0,0
30026000,0,0
30028000,0,0
30030000,0,0
30032000,0,0
30034000,0,0
30036000,0,0
30038000,0,0
30040000,0,0
30042000,0,0
30044000,0,0
30046000,0,0
30048000,0,0
30050000,0,0
30052000,0,0
30054000,0,0
30056000,0,0
30058000,0,0
30060000,0,0
30062000,0,0
30064000,0,0
30066000,0,0
30068000,0,0
30070000,0,0
30072000,0,0
30074000,0,0
30076000,0,0
30078000,0,0
30080000,0,0
30082000,0,0
30084000,0,0
30086000,0,0
30088000,0,0
30090000,0,0
30092000,0,0
30094000,0,0
30096000,0,0
30098000,0,0
30100000,0,0
30102000,0,0
30104000,0,0
30106000,0,0
30108000,0,0
30110000,0,0
30112000,0,0
30114000,0,0
30116000,0,0
30118000,0,0
30120000,0,0
30122000,0,0
30124000,0,0
30126000,0,0
30128000,0,0
30130000,0,0
30132000,0,0
30134000,0,0
30136000,0,0
30138000,0,0
30140000,0,0
30142000,0,0
30144000,0,0
30146000,0,0
30148000,0,0
30150000,0,0
30152000,0,0
30154000,0,0
30156000,0,0
30158000,0,0
30160000,0,0
30162000,0,0
30164000,0,0
30166000,0,0
30168000,0,0
30170000,0,0
30172000,0,0
30174000,0,0
30176000,0,0
30178000,0,0
30180000,0,0
30182000,0,0
30184000,0,0
30186000,0,0
30188000,0,0
30190000,0,0
30192000,0,0
30194000,0,0
30196000,0,0
30198000,0,0
30200000,0,0
30202000,0,0
30204000,0,0
30206000,0,0
30208000,0,0
30210000,0,0
30212000,0,0
30214000,0,0
30216000,0,0
30218000,0,0
30220000,0,0
30222000,0,0
30224000,0,0
30226000,0,0
30228000,0,0
30230000,0,0
30232000,0,0
30234000,0,0
30236000,0,0
30238000,0,0
30240000,0,0
30242000,0,0
30244000,0,0
30246000,0,0
30248000,0,0
30250000,0,0
30252000,0,0
30254000,0,0
30256000,0,0
30258000,0,0
30260000,0,0
30262000,0,0
30264000,0,0
30266000,0,0
30268000,0,0
30270000,0,0
30272000,0,0
30274000,0,0
30276000,0,0
30278000,0,0
30280000,0,0
30282000,0,0
30284000,0,0
30286000,0,0
30288000,0,0
30290000,0,0
30292000,0,0
30294000,0,0
30296000,0,0
30298000,0,0
30300000,0,0
30302000,0,0
30304000,0,0
30306000,0,0
30308000,0,0
30310000,0,0
30312000,0,0
30314000,0,0
30316000,0,0
30318000,0,0
30320000,0,0
30322000,0,0
30324000,0,0
30326000,0,0
30328000,0,0
30330000,0,0
30332000,0,0
30334000,0,0
30336000,0,0
30338000,0,0
30340000,0,0
30342000,0,0
30344000,0,0
30346000,0,0
30348000,0,0
30350000,0,0
30352000,0,0
30354000,0,0
30356000,0,0
30358000,0,0
30360000,0,0
30362000,0,0
30364000,0,0
30366000,0,0
30368000,0,0
30370000,0,0
30372000,0,0
30374000,0,0
30376000,0,0
30378000,0,0
30380000,0,0
30382000,0,0
30384000,0,0
30386000,0,0
30388000,0,0
30390000,0,0
30392000,0,0
30394000,0,0
30396000,0,0
30398000,0,0
30400000,0,0
30402000,0,0
30404000,0,0
30406000,0,0
30408000,0,0
30410000,0,0
30412000,0,0
30414000,0,0
30416000,0,0
30418000,0,0
30420000,0,0
30422000,0,0
30424000,0,0
30426000,0,0
30428000,0,0
30430000,0,0
30432000,0,0
30434000,0,0
30436000,0,0
30438000,0,0
30440000,0,0
30442000,0,0
30444000,0,0
30446000,0,0
30448000,0,0
30450000,0,0
30452000,0,0
30454000,0,0
30456000,0,0
30458000,0,0
30460000,0,0
30462000,0,0
30464000,0,0
30466000,0,0
30468000,0,0
30470000,0,0
30472000,0,0
30474000,0,0
30476000,0,0
30478000,0,0
30480000,0,0
30482000,0,0
30484000,0,0
30486000,0,0
30488000,0,0
30490000,0,0
30492000,0,0
30494000,0,0
30496000,0,0
30498000,0,0
30500000,0,0
30502000,0,0
30504000,0,0
30506000,0,0
30508000,0,0
30510000,0,0
30512000,0,0
30514000,0,0
30516000,0,0
30518000,0,0
30520000,0,0
30522000,0,0
30524000,0,0
30526000,0,0
30528000,0,0
30530000,0,0
30532000,0,0
30534000,0,0
30536000,0,0
30538000,0,0
30540000,0,0
30542000,0,0
30544000,0,0
30546000,0,0
30548000,0,0
30550000,0,0
30552000,0,0
30554000,0,0
30556000,0,0
30558000,0,0
30560000,0,0
30562000,0,0
30564000,0,0
30566000,0,0
30568000,0,0
30570000,0,0
30572000,0,0
30574000,0,0
30576000,0,0
30578000,0,0
30580000,0,0
30582000,0,0
30584000,0,0
30586000,0,0
30588000,0,0
30590000,0,0
30592000,0,0
30594000,0,0
30596000,0,0
30598000,0,0
30600000,0,0
30602000,0,0
30604000,0,0
30606000,0,0
30608000,0,0
30610000,0,0
30612000,0,0
30614000,0,0
30616000,0,0
30618000,0,0
30620000,0,0
30622000,0,0
30624000,0,0
30626000,0,0
30628000,0,0
30630000,0,0
30632000,0,0
30634000,0,0
30636000,0,0
30638000,0,0
30640000,0,0
30642000,0,0
30644000,0,0
30646000,0,0
30648000,0,0
30650000,0,0
30652000,0,0
30654000,0,0
30656000,0,0
30658000,0,0
30660000,0,0
30662000,0,0
30664000,0,0
30666000,0,0
30668000,0,0
30670000,0,0
30672000,0,0
30674000,0,0
30676000,0,0
30678000,0,0
30680000,0,0
30682000,0,0
30684000,0,0
30686000,0,0
30688000,0,0
30690000,0,0
30692000,0,0
30694000,0,0
30696000,0,0
30698000,0,0
30700000,0,0
30702000,0,0
30704000,0,0
30706000,0,0
30708000,0,0
30710000,0,0
30712000,0,0
30714000,0,0
30716000,0,0
30718000,0,0
30720000,0,0
30722000,0,0
30724000,0,0
30726000,0,0
30728000,0,0
30730000,0,0
30732000,0,0
30734000,0,0
30736000,0,0
30738000,0,0
30740000,0,0
30742000,0,0
30744000,0,0
30746000,0,0
30748000,0,0
30750000,0,0
30752000,0,0
30754000,0,0
30756000,0,0
30758000,0,0
30760000,0,0
30762000,0,0
30764000,0,0
30766000,0,0
30768000,0,0
30770000,0,0
30772000,0,0
30774000,0,0
30776000,0,0
30778000,0,0
30780000,0,0
30782000,0,0
30784000,0,0
30786000,0,0
30788000,0,0
30790000,0,0
30792000,0,0
30794000,0,0
30796000,0,0
30798000,0,0
30800000,0,0
30802000,0,0
30804000,0,0
30806000,0,0
30808000,0,0
30810000,0,0
30812000,0,0
30814000,0,0
30816000,0,0
30818000,0,0
30820000,0,0
30822000,0,0
30824000,0,0
30826000,0,0
30828000,0,0
30830000,0,0
30832000,0,0
30834000,0,0
30836000,0,0
30838000,0,0
30840000,0,0
30842000,0,0
30844000,0,0
30846000,0,0
30848000,0,0
30850000,0,0
30852000,0,0
30854000,0,0
30856000,0,0
30858000,0,0
30860000,0,0
30862000,0,0
30864000,0,0
30866000,0,0
30868000,0,0
30870000,0,0
30872000,0,0
30874000,0,0
30876000,0,0
30878000,0,0
30880000,0,0
30882000,0,0
30884000,0,0
30886000,0,0
30888000,0,0
30890000,0,0
30892000,0,0
30894000,0,0
30896000,0,0
30898000,0,0
30900000,0,0
30902000,0,0
30904000,0,0
30906000,0,0
30908000,0,0
30910000,0,0
30912000,0,0
30914000,0,0
30916000,0,0
30918000,0,0
30920000,0,0
30922000,0,0
30924000,0,0
30926000,0,0
30928000,0,0
30930000,0,0
30932000,0,0
30934000,0,0
30936000,0,0
30938000,0,0
30940000,0,0
30942000,0,0
30944000,0,0
30946000,0,0
30948000,0,0
30950000,0,0
30952000,0,0
30954000,0,0
30956000,0,0
30958000,0,0
30960000,0,0
30962000,0,0
30964000,0,0
30966000,0,0
30968000,0,0
30970000,0,0
30972000,0,0
30974000,0,0
30976000,0,0
30978000,0,0
30980000,0,0
30982000,0,0
30984000,0,0
30986000,0,0
30988000,0,0
30990000,0,0
30992000,0,0
30994000,0,0
30996000,0,0
30998000,0,0
31000000,0,0
31002000,0,0
31004000,0,0
31006000,0,0
31008000,0,0
31010000,0,0
31012000,0,0
31014000,0,0
31016000,0,0
31018000,0,0
31020000,0,0
31022000,0,0
31024000,0,0
31026000,0,0
31028000,0,0
31030000,0,0
31032000,0,0
31034000,0,0
31036000,0,0
31038000,0,0
31040000,0,0
31042000,0,0
31044000,0,0
31046000,0,0
31048000,0,0
31050000,0,0
31052000,0,0
31054000,0,0
31056000,0,0
31058000,0,0
31060000,0,0
31062000,0,0
31064000,0,0
31066000,0,0
31068000,0,0
31070000,0,0
31072000,0,0
31074000,0,0
31076000,0,0
31078000,0,0
31080000,0,0
31082000,0,0
31084000,0,0
31086000,0,0
31088000,0,0
31090000,0,0
31092000,0,0
31094000,0,0
31096000,0,0
31098000,0,0
31100000,0,0
31102000,0,0
31104000,0,0
31106000,0,0
31108000,0,0
31110000,0,0
31112000,0,0
31114000,0,0
31116000,0,0
31118000,0,0
31120000,0,0
31122000,0,0
31124000,0,0
31126000,0,0
31128000,0,0
31130000,0,0
31132000,0,0
31134000,0,0
31136000,0,0
31138000,0,0
31140000,0,0
31142000,0,0
31144000,0,0
31146000,0,0
31148000,0,0
31150000,0,0
31152000,0,0
31154000,0,0
31156000,0,0
31158000,0,0
31160000,0,0
31162000,0,0
31164000,0,0
31166000,0,0
31168000,0,0
31170000,0,0
31172000,0,0
31174000,0,0
31176000,0,0
31178000,0,0
31180000,0,0
31182000,0,0
31184000,0,0
31186000,0,0
31188000,0,0
31190000,0,0
31192000,0,0
31194000,0,0
31196000,0,0
31198000,0,0
31200000,0,0
31202000,0,0
31204000,0,0
31206000,0,0
31208000,0,0
31210000,0,0
31212000,0,0
31214000,0,0
31216000,0,0
31218000,0,0
31220000,0,0
31222000,0,0
31224000,0,0
31226000,0,0
31228000,0,0
31230000,0,0
31232000,0,0
31234000,0,0
31236000,0,0
31238000,0,0
31240000,0,0
31242000,0,0
31244000,0,0
31246000,0,0
31248000,0,0
31250000,0,0
31252000,0,0
31254000,0,0
31256000,0,0
31258000,0,0
31260000,0,0
31262000,0,0
31264000,0,0
31266000,0,0
31268000,0,0
31270000,0,0
31272000,0,0
31274000,0,0
31276000,0,0
31278000,0,0
31280000,0,0
31282000,0,0
31284000,0,0
31286000,0,0
31288000,0,0
31290000,0,0
31292000,0,0
31294000,0,0
31296000,0,0
31298000,0,0
31300000,0,0
31302000,0,0
31304000,0,0
31306000,0,0
31308000,0,0
31310000,0,0
31312000,0,0
31314000,0,0
31316000,0,0
31318000,0,0
31320000,0,0
31322000,0,0
31324000,0,0
31326000,0,0
31328000,0,0
31330000,0,0
31332000,0,0
31334000,0,0
31336000,0,0
31338000,0,0
31340000,0,0
31342000,0,0
31344000,0,0
31346000,0,0
31348000,0,0
31350000,0,0
31352000,0,0
31354000,0,0
31356000,0,0
31358000,0,0
31360000,0,0
31362000,0,0
31364000,0,0
31366000,0,0
31368000,0,0
31370000,0,0
31372000,0,0
31374000,0,0
31376000,0,0
31378000,0,0
31380000,0,0
31382000,0,0
31384000,0,0
31386000,0,0
31388000,0,0
31390000,0,0
31392000,0,0
31394000,0,0
31396000,0,0
31398000,0,0
31400000,0,0
31402000,0,0
31404000,0,0
31406000,0,0
31408000,0,0
31410000,0,0
31412000,0,0
31414000,0,0
31416000,0,0
31418000,0,0
31420000,0,0
31422000,0,0
31424000,0,0
31426000,0,0
31428000,0,0
31430000,0,0
31432000,0,0
31434000,0,0
31436000,0,0
31438000,0,0
31440000,0,0
31442000,0,0
31444000,0,0
31446000,0,0
31448000,0,0
31450000,0,0
31452000,0,0
31454000,0,0
31456000,0,0
31458000,0,0
31460000,0,0
31462000,0,0
31464000,0,0
31466000,0,0
31468000,0,0
31470000,0,0
31472000,0,0
31474000,0,0
31476000,0,0
31478000,0,0
31480000,0,0
31482000,0,0
31484000,0,0
31486000,0,0
31488000,0,0
31490000,0,0
31492000,0,0
31494000,0,0
31496000,0,0
31498000,0,0
31500000,0,0
31502000,0,0
31504000,0,0
31506000,0,0
31508000,0,0
31510000,0,0
31512000,0,0
31514000,0,0
31516000,0,0
31518000,0,0
31520000,0,0
31522000,0,0
31524000,0,0
31526000,0,0
31528000,0,0
31530000,0,0
31532000,0,0
31534000,0,0
31536000,0,0
31538000,0,0
31540000,0,0
31542000,0,0
31544000,0,0
31546000,0,0
31548000,0,0
31550000,0,0
31552000,0,0
31554000,0,0
31556000,0,0
31558000,0,0
31560000,0,0
31562000,0,0
31564000,0,0
31566000,0,0
31568000,0,0
31570000,0,0
31572000,0,0
31574000,0,0
31576000,0,0
31578000,0,0
31580000,0,0
31582000,0,0
31584000,0,0
31586000,0,0
31588000,0,0
31590000,0,0
31592000,0,0
31594000,0,0
31596000,0,0
31598000,0,0
31600000,0,0
31602000,0,0
31604000,0,0
31606000,0,0
31608000,0,0
31610000,0,0
31612000,0,0
31614000,0,0
31616000,0,0
31618000,0,0
31620000,0,0
31622000,0,0
31624000,0,0
31626000,0,0
31628000,0,0
31630000,0,0
31632000,0,0
31634000,0,0
31636000,0,0
31638000,0,0
31640000,0,0
31642000,0,0
31644000,0,0
31646000,0,0
31648000,0,0
31650000,0,0
31652000,0,0
31654000,0,0
31656000,0,0
31658000,0,0
31660000,0,0
31662000,0,0
31664000,0,0
31666000,0,0
31668000,0,0
31670000,0,0
31672000,0,0
31674000,0,0
31676000,0,0
31678000,0,0
31680000,0,0
31682000,0,0
31684000,0,0
31686000,0,0
31688000,0,0
31690000,0,0
31692000,0,0
31694000,0,0
31696000,0,0
31698000,0,0
31700000,0,0
31702000,0,0
31704000,0,0
31706000,0,0
31708000,0,0
31710000,0,0
31712000,0,0
31714000,0,0
31716000,0,0
31718000,0,0
31720000,0,0
31722000,0,0
31724000,0,0
31726000,0,0
31728000,0,0
31730000,0,0
31732000,0,0
31734000,0,0
31736000,0,0
31738000,0,0
31740000,0,0
31742000,0,0
31744000,0,0
31746000,0,0
31748000,0,0
31750000,0,0
31752000,0,0
31754000,0,0
31756000,0,0
31758000,0,0
31760000,0,0
31762000,0,0
31764000,0,0
31766000,0,0
31768000,0,0
31770000,0,0
31772000,0,0
31774000,0,0
31776000,0,0
31778000,0,0
31780000,0,0
31782000,0,0
31784000,0,0
31786000,0,0
31788000,0,0
31790000,0,0
31792000,0,0
31794000,0,0
31796000,0,0
31798000,0,0
31800000,0,0
31802000,0,0
31804000,0,0
31806000,0,0
31808000,0,0
31810000,0,0
31812000,0,0
31814000,0,0
31816000,0,0
31818000,0,0
31820000,0,0
31822000,0,0
31824000,0,0
31826000,0,0
31828000,0,0
31830000,0,0
31832000,0,0
31834000,0,0
31836000,0,0
31838000,0,0
31840000,0,0
31842000,0,0
31844000,0,0
31846000,0,0
31848000,0,0
31850000,0,0
31852000,0,0
31854000,0,0
31856000,0,0
31858000,0,0
31860000,0,0
31862000,0,0
31864000,0,0
31866000,0,0
31868000,0,0
31870000,0,0
31872000,0,0
31874000,0,0
31876000,0,0
31878000,0,0
31880000,0,0
31882000,0,0
31884000,0,0
31886000,0,0
31888000,0,0
31890000,0,0
31892000,0,0
31894000,0,0
31896000,0,0
31898000,0,0
31900000,0,0
31902000,0,0
31904000,0,0
31906000,0,0
31908000,0,0
31910000,0,0
31912000,0,0
31914000,0,0
31916000,0,0
31918000,0,0
31920000,0,0
31922000,0,0
31924000,0,0
31926000,0,0
31928000,0,0
31930000,0,0
31932000,0,0
31934000,0,0
31936000,0,0
31938000,0,0
31940000,0,0
31942000,0,0
31944000,0,0
31946000,0,0
31948000,0,0
31950000,0,0
31952000,0,0
31954000,0,0
31956000,0,0
31958000,0,0
31960000,0,0
31962000,0,0
31964000,0,0
31966000,0,0
31968000,0,0
31970000,0,0
31972000,0,0
31974000,0,0
31976000,0,0
31978000,0,0
31980000,0,0
31982000,0,0
31984000,0,0
31986000,0,0
31988000,0,0
31990000,0,0
31992000,0,0
31994000,0,0
31996000,0,0
31998000,0,0
32000000,0,0
32002000,0,0
32004000,0,0
32006000,0,0
32008000,0,0
32010000,0,0
32012000,0,0
32014000,0,0
32016000,0,0
32018000,0,0
32020000,0,0
32022000,0,0
32024000,0,0
32026000,0,0
32028000,0,0
32030000,0,0
32032000,0,0
32034000,0,0
32036000,0,0
32038000,0,0
32040000,0,0
32042000,0,0
32044000,0,0
32046000,0,0
32048000,0,0
32050000,0,0
32052000,0,0
32054000,0,0
32056000,0,0
32058000,0,0
32060000,0,0
32062000,0,0
32064000,0,0
32066000,0,0
32068000,0,0
32070000,0,0
32072000,0,0
32074000,0,0
32076000,0,0
32078000,0,0
32080000,0,0
32082000,0,0
32084000,0,0
32086000,0,0
32088000,0,0
32090000,0,0
32092000,0,0
32094000,0,0
32096000,0,0
32098000,0,0
32100000,0,0
32102000,0,0
32104000,0,0
32106000,0,0
32108000,0,0
32110000,0,0
32112000,0,0
32114000,0,0
32116000,0,0
32118000,0,0
32120000,0,0
32122000,0,0
32124000,0,0
32126000,0,0
32128000,0,0
32130000,0,0
32132000,0,0
32134000,0,0
32136000,0,0
32138000,0,0
32140000,0,0
32142000,0,0
32144000,0,0
32146000,0,0
32148000,0,0
32150000,0,0
32152000,0,0
32154000,0,0
32156000,0,0
32158000,0,0
32160000,0,0
32162000,0,0
32164000,0,0
32166000,0,0
32168000,0,0
32170000,0,0
32172000,0,0
32174000,0,0
32176000,0,0
32178000,0,0
32180000,0,0
32182000,0,0
32184000,0,0
32186000,0,0
32188000,0,0
32190000,0,0
32192000,0,0
32194000,0,0
32196000,0,0
32198000,0,0
32200000,0,0
32202000,0,0
32204000,0,0
32206000,0,0
32208000,0,0
32210000,0,0
32212000,0,0
32214000,0,0
32216000,0,0
32218000,0,0
32220000,0,0
32222000,0,0
32224000,0,0
32226000,0,0
32228000,0,0
32230000,0,0
32232000,0,0
32234000,0,0
32236000,0,0
32238000,0,0
32240000,0,0
32242000,0,0
32244000,0,0
32246000,0,0
32248000,0,0
32250000,0,0
32252000,0,0
32254000,0,0
32256000,0,0
32258000,0,0
32260000,0,0
32262000,0,0
32264000,0,0
32266000,0,0
32268000,0,0
32270000,0,0
32272000,0,0
32274000,0,0
32276000,0,0
32278000,0,0
32280000,0,0
32282000,0,0
32284000,0,0
32286000,0,0
32288000,0,0
32290000,0,0
32292000,0,0
32294000,0,0
32296000,0,0
32298000,0,0
32300000,0,0
32302000,0,0
32304000,0,0
32306000,0,0
32308000,0,0
32310000,0,0
32312000,0,0
32314000,0,0
32316000,0,0
32318000,0,0
32320000,0,0
32322000,0,0
32324000,0,0
32326000,0,0
32328000,0,0
32330000,0,0
32332000,0,0
32334000,0,0
32336000,0,0
32338000,0,0
32340000,0,0
32342000,0,0
32344000,0,0
32346000,0,0
32348000,0,0
32350000,0,0
32352000,0,0
32354000,0,0
32356000,0,0
32358000,0,0
32360000,0,0
32362000,0,0
32364000,0,0
32366000,0,0
32368000,0,0
32370000,0,0
32372000,0,0
32374000,0,0
32376000,0,0
32378000,0,0
32380000,0,0
32382000,0,0
32384000,0,0
32386000,0,0
32388000,0,0
32390000,0,0
32392000,0,0
32394000,0,0
32396000,0,0
32398000,0,0
32400000,0,0
32402000,0,0
32404000,0,0
32406000,0,0
32408000,0,0
32410000,0,0
32412000,0,0
32414000,0,0
32416000,0,0
32418000,0,0
32420000,0,0
32422000,0,0
32424000,0,0
32426000,0,0
32428000,0,0
32430000,0,0
32432000,0,0
32434000,0,0
32436000,0,0
32438000,0,0
32440000,0,0
32442000,0,0
32444000,0,0
32446000,0,0
32448000,0,0
32450000,0,0
32452000,0,0
32454000,0,0
32456000,0,0
32458000,0,0
32460000,0,0
32462000,0,0
32464000,0,0
32466000,0,0
32468000,0,0
32470000,0,0
32472000,0,0
32474000,0,0
32476000,0,0
32478000,0,0
32480000,0,0
32482000,0,0
32484000,0,0
32486000,0,0
32488000,0,0
32490000,0,0
32492000,0,0
32494000,0,0
32496000,0,0
32498000,0,0
32500000,0,0
32502000,0,0
32504000,0,0
32506000,0,0
32508000,0,0
32510000,0,0
32512000,0,0
32514000,0,0
32516000,0,0
32518000,0,0
32520000,0,0
32522000,0,0
32524000,0,0
32526000,0,0
32528000,0,0
32530000,0,0
32532000,0,0
32534000,0,0
32536000,0,0
32538000,0,0
32540000,0,0
32542000,0,0
32544000,0,0
32546000,0,0
32548000,0,0
32550000,0,0
32552000,0,0
32554000,0,0
32556000,0,0
32558000,0,0
32560000,0,0
32562000,0,0
32564000,0,0
32566000,0,0
32568000,0,0
32570000,0,0
32572000,0,0
32574000,0,0
32576000,0,0
32578000,0,0
32580000,0,0
32582000,0,0
32584000,0,0
32586000,0,0
32588000,0,0
32590000,0,0
32592000,0,0
32594000,0,0
32596000,0,0
32598000,0,0
32600000,0,0
32602000,0,0
32604000,0,0
32606000,0,0
32608000,0,0
32610000,0,0
32612000,0,0
32614000,0,0
32616000,0,0
32618000,0,0
32620000,0,0
32622000,0,0
32624000,0,0
32626000,0,0
32628000,0,0
32630000,0,0
32632000,0,0
32634000,0,0
32636000,0,0
32638000,0,0
32640000,0,0
32642000,0,0
32644000,0,0
32646000,0,0
32648000,0,0
32650000,0,0
32652000,0,0
32654000,0,0
32656000,0,0
32658000,0,0
32660000,0,0
32662000,0,0
32664000,0,0
32666000,0,0
32668000,0,0
32670000,0,0
32672000,0,0
32674000,0,0
32676000,0,0
32678000,0,0
32680000,0,0
32682000,0,0
32684000,0,0
32686000,0,0
32688000,0,0
32690000,0,0
32692000,0,0
32694000,0,0
32696000,0,0
32698000,0,0
32700000,0,0
32702000,0,0
32704000,0,0
32706000,0,0
32708000,0,0
32710000,0,0
32712000,0,0
32714000,0,0
32716000,0,0
32718000,0,0
32720000,0,0
32722000,0,0
32724000,0,0
32726000,0,0
32728000,0,0
32730000,0,0
32732000,0,0
32734000,0,0
32736000,0,0
32738000,0,0
32740000,0,0
32742000,0,0
32744000,0,0
32746000,0,0
32748000,0,0
32750000,0,0
32752000,0,0
32754000,0,0
32756000,0,0
32758000,0,0
32760000,0,0
32762000,0,0
32764000,0,0
32766000,0,0
32768000,0,0
32770000,0,0
32772000,0,0
32774000,0,0
32776000,0,0
32778000,0,0
32780000,0,0
32782000,0,0
32784000,0,0
32786000,0,0
32788000,0,0
32790000,0,0
32792000,0,0
32794000,0,0
32796000,0,0
32798000,0,0
32800000,0,0
32802000,0,0
32804000,0,0
32806000,0,0
32808000,0,0
32810000,0,0
32812000,0,0
32814000,0,0
32816000,0,0
32818000,0,0
32820000,0,0
32822000,0,0
32824000,0,0
32826000,0,0
32828000,0,0
32830000,0,0
32832000,0,0
32834000,0,0
32836000,0,0
32838000,0,0
32840000,0,0
32842000,0,0
32844000,0,0
32846000,0,0
32848000,0,0
32850000,0,0
32852000,0,0
32854000,0,0
32856000,0,0
32858000,0,0
32860000,0,0
32862000,0,0
32864000,0,0
32866000,0,0
32868000,0,0
32870000,0,0
32872000,0,0
32874000,0,0
32876000,0,0
32878000,0,0
32880000,0,0
32882000,0,0
32884000,0,0
32886000,0,0
32888000,0,0
32890000,0,0
32892000,0,0
32894000,0,0
32896000,0,0
32898000,0,0
32900000,0,0
32902000,0,0
32904000,0,0
32906000,0,0
32908000,0,0
32910000,0,0
32912000,0,0
32914000,0,0
32916000,0,0
32918000,0,0
32920000,0,0
32922000,0,0
32924000,0,0
32926000,0,0
32928000,0,0
32930000,0,0
32932000,0,0
32934000,0,0
32936000,0,0
32938000,0,0
32940000,0,0
32942000,0,0
32944000,0,0
32946000,0,0
32948000,0,0
32950000,0,0
32952000,0,0
32954000,0,0
32956000,0,0
32958000,0,0
32960000,0,0
32962000,0,0
32964000,0,0
32966000,0,0
32968000,0,0
32970000,0,0
32972000,0,0
32974000,0,0
32976000,0,0
32978000,0,0
32980000,0,0
32982000,0,0
32984000,0,0
32986000,0,0
32988000,0,0
32990000,0,0
32992000,0,0
32994000,0,0
32996000,0,0
32998000,0,0
33000000,0,0
33002000,0,0
33004000,0,0
33006000,0,0
33008000,0,0
33010000,0,0
33012000,0,0
33014000,0,0
33016000,0,0
33018000,0,0
33020000,0,0
33022000,0,0
33024000,0,0
33026000,0,0
33028000,0,0
33030000,0,0
33032000,0,0
33034000,0,0
33036000,0,0
33038000,0,0
33040000,0,0
33042000,0,0
33044000,0,0
33046000,0,0
33048000,0,0
33050000,0,0
33052000,0,0
33054000,0,0
33056000,0,0
33058000,0,0
33060000,0,0
33062000,0,0
33064000,0,0
33066000,0,0
33068000,0,0
33070000,0,0
33072000,0,0
33074000,0,0
33076000,0,0
33078000,0,0
33080000,0,0
33082000,0,0
33084000,0,0
33086000,0,0
33088000,0,0
33090000,0,0
33092000,0,0
33094000,0,0
33096000,0,0
33098000,0,0
33100000,0,0
33102000,0,0
33104000,0,0
33106000,0,0
33108000,0,0
33110000,0,0
33112000,0,0
33114000,0,0
33116000,0,0
33118000,0,0
33120000,0,0
33122000,0,0
33124000,0,0
33126000,0,0
33128000,0,0
33130000,0,0
33132000,0,0
33134000,0,0
33136000,0,0
33138000,0,0
33140000,0,0
33142000,0,0
33144000,0,0
33146000,0,0
33148000,0,0
33150000,0,0
33152000,0,0
33154000,0,0
33156000,0,0
33158000,0,0
33160000,0,0
33162000,0,0
33164000,0,0
33166000,0,0
33168000,0,0
33170000,0,0
33172000,0,0
33174000,0,0
33176000,0,0
33178000,0,0
33180000,0,0
33182000,0,0
33184000,0,0
33186000,0,0
33188000,0,0
33190000,0,0
33192000,0,0
33194000,0,0
33196000,0,0
33198000,0,0
33200000,0,0
33202000,0,0
33204000,0,0
33206000,0,0
33208000,0,0
33210000,0,0
33212000,0,0
33214000,0,0
33216000,0,0
33218000,0,0
33220000,0,0
33222000,0,0
33224000,0,0
33226000,0,0
33228000,0,0
33230000,0,0
33232000,0,0
33234000,0,0
33236000,0,0
33238000,0,0
33240000,0,0
33242000,0,0
33244000,0,0
33246000,0,0
33248000,0,0
33250000,0,0
33252000,0,0
33254000,0,0
33256000,0,0
33258000,0,0
33260000,0,0
33262000,0,0
33264000,0,0
33266000,0,0
33268000,0,0
33270000,0,0
33272000,0,0
33274000,0,0
33276000,0,0
33278000,0,0
33280000,0,0
33282000,0,0
33284000,0,0
33286000,0,0
33288000,0,0
33290000,0,0
33292000,0,0
33294000,0,0
33296000,0,0
33298000,0,0
33300000,0,0
33302000,0,0
33304000,0,0
33306000,0,0
33308000,0,0
33310000,0,0
33312000,0,0
33314000,0,0
33316000,0,0
33318000,0,0
33320000,0,0
33322000,0,0
33324000,0,0
33326000,0,0
33328000,0,0
33330000,0,0
33332000,0,0
33334000,0,0
33336000,0,0
33338000,0,0
33340000,0,0
33342000,0,0
33344000,0,0
33346000,0,0
33348000,0,0
33350000,0,0
33352000,0,0
33354000,0,0
33356000,0,0
33358000,0,0
33360000,0,0
33362000,0,0
33364000,0,0
33366000,0,0
33368000,0,0
33370000,0,0
33372000,0,0
33374000,0,0
33376000,0,0
33378000,0,0
33380000,0,0
33382000,0,0
33384000,0,0
33386000,0,0
33388000,0,0
33390000,0,0
33392000,0,0
33394000,0,0
33396000,0,0
33398000,0,0
33400000,0,0
33402000,0,0
33404000,0,0
33406000,0,0
33408000,0,0
33410000,0,0
33412000,0,0
33414000,0,0
33416000,0,0
33418000,0,0
33420000,0,0
33422000,0,0
33424000,0,0
33426000,0,0
33428000,0,0
33430000,0,0
33432000,0,0
33434000,0,0
33436000,0,0
33438000,0,0
33440000,0,0
33442000,0,0
33444000,0,0
33446000,0,0
33448000,0,0
33450000,0,0
33452000,0,0
33454000,0,0
33456000,0,0
33458000,0,0
33460000,0,0
33462000,0,0
33464000,0,0
33466000,0,0
33468000,0,0
33470000,0,0
33472000,0,0
33474000,0,0
33476000,0,0
33478000,0,0
33480000,0,0
33482000,0,0
33484000,0,0
33486000,0,0
33488000,0,0
33490000,0,0
33492000,0,0
33494000,0,0
33496000,0,0
33498000,0,0
33500000,0,0
33502000,0,0
33504000,0,0
33506000,0,0
33508000,0,0
33510000,0,0
33512000,0,0
33514000,0,0
33516000,0,0
33518000,0,0
33520000,0,0
33522000,0,0
33524000,0,0
33526000,0,0
33528000,0,0
33530000,0,0
33532000,0,0
33534000,0,0
33536000,0,0
33538000,0,0
33540000,0,0
33542000,0,0
33544000,0,0
33546000,0,0
33548000,0,0
33550000,0,0
33552000,0,0
33554000,0,0
33556000,0,0
33558000,0,0
33560000,0,0
33562000,0,0
33564000,0,0
33566000,0,0
33568000,0,0
33570000,0,0
33572000,0,0
33574000,0,0
33576000,0,0
33578000,0,0
33580000,0,0
33582000,0,0
33584000,0,0
33586000,0,0
33588000,0,0
33590000,0,0
33592000,0,0
33594000,0,0
33596000,0,0
33598000,0,0
33600000,0,0
33602000,0,0
33604000,0,0
33606000,0,0
33608000,0,0
33610000,0,0
33612000,0,0
33614000,0,0
33616000,0,0
33618000,0,0
33620000,0,0
33622000,0,0
33624000,0,0
33626000,0,0
33628000,0,0
33630000,0,0
33632000,0,0
33634000,0,0
33636000,0,0
33638000,0,0
33640000,0,0
33642000,0,0
33644000,0,0
33646000,0,0
33648000,0,0
33650000,0,0
33652000,0,0
33654000,0,0
33656000,0,0
33658000,0,0
33660000,0,0
33662000,0,0
33664000,0,0
33666000,0,0
33668000,0,0
33670000,0,0
33672000,0,0
33674000,0,0
33676000,0,0
33678000,0,0
33680000,0,0
33682000,0,0
33684000,0,0
33686000,0,0
33688000,0,0
33690000,0,0
33692000,0,0
33694000,0,0
33696000,0,0
33698000,0,0
33700000,0,0
33702000,0,0
33704000,0,0
33706000,0,0
33708000,0,0
33710000,0,0
33712000,0,0
33714000,0,0
33716000,0,0
33718000,0,0
33720000,0,0
33722000,0,0
33724000,0,0
33726000,0,0
33728000,0,0
33730000,0,0
33732000,0,0
33734000,0,0
33736000,0,0
33738000,0,0
33740000,0,0
33742000,0,0
33744000,0,0
33746000,0,0
33748000,0,0
33750000,0,0
33752000,0,0
33754000,0,0
33756000,0,0
33758000,0,0
33760000,0,0
33762000,0,0
33764000,0,0
33766000,0,0
33768000,0,0
33770000,0,0
33772000,0,0
33774000,0,0
33776000,0,0
33778000,0,0
33780000,0,0
33782000,0,0
33784000,0,0
33786000,0,0
33788000,0,0
33790000,0,0
33792000,0,0
33794000,0,0
33796000,0,0
33798000,0,0
33800000,0,0
33802000,0,0
33804000,0,0
33806000,0,0
33808000,0,0
33810000,0,0
33812000,0,0
33814000,0,0
33816000,0,0
33818000,0,0
33820000,0,0
33822000,0,0
33824000,0,0
33826000,0,0
33828000,0,0
33830000,0,0
33832000,0,0
33834000,0,0
33836000,0,0
33838000,0,0
33840000,0,0
33842000,0,0
33844000,0,0
33846000,0,0
33848000,0,0
33850000,0,0
33852000,0,0
33854000,0,0
33856000,0,0
33858000,0,0
33860000,0,0
33862000,0,0
33864000,0,0
33866000,0,0
33868000,0,0
33870000,0,0
33872000,0,0
33874000,0,0
33876000,0,0
33878000,0,0
33880000,0,0
33882000,0,0
33884000,0,0
33886000,0,0
33888000,0,0
33890000,0,0
33892000,0,0
33894000,0,0
33896000,0,0
33898000,0,0
33900000,0,0
33902000,0,0
33904000,0,0
33906000,0,0
33908000,0,0
33910000,0,0
33912000,0,0
33914000,0,0
33916000,0,0
33918000,0,0
33920000,0,0
33922000,0,0
33924000,0,0
33926000,0,0
33928000,0,0
33930000,0,0
33932000,0,0
33934000,0,0
33936000,0,0
33938000,0,0
33940000,0,0
33942000,0,0
33944000,0,0
33946000,0,0
33948000,0,0
33950000,0,0
33952000,0,0
33954000,0,0
33956000,0,0
33958000,0,0
33960000,0,0
33962000,0,0
33964000,0,0
33966000,0,0
33968000,0,0
33970000,0,0
33972000,0,0
33974000,0,0
33976000,0,0
33978000,0,0
33980000,0,0
33982000,0,0
33984000,0,0
33986000,0,0
33988000,0,0
33990000,0,0
33992000,0,0
33994000,0,0
33996000,0,0
33998000,0,0
34000000,0,0
34002000,0,0
34004000,0,0
34006000,0,0
34008000,0,0
34010000,0,0
34012000,0,0
34014000,0,0
34016000,0,0
34018000,0,0
34020000,0,0
34022000,0,0
34024000,0,0
34026000,0,0
34028000,0,0
34030000,0,0
34032000,0,0
34034000,0,0
34036000,0,0
34038000,0,0
34040000,0,0
34042000,0,0
34044000,0,0
34046000,0,0
34048000,0,0
34050000,0,0
34052000,0,0
34054000,0,0
34056000,0,0
34058000,0,0
34060000,0,0
34062000,0,0
34064000,0,0
34066000,0,0
34068000,0,0
34070000,0,0
34072000,0,0
34074000,0,0
34076000,0,0
34078000,0,0
34080000,0,0
34082000,0,0
34084000,0,0
34086000,0,0
34088000,0,0
34090000,0,0
34092000,0,0
34094000,0,0
34096000,0,0
34098000,0,0
34100000,0,0
34102000,0,0
34104000,0,0
34106000,0,0
34108000,0,0
34110000,0,0
34112000,0,0
34114000,0,0
34116000,0,0
34118000,0,0
34120000,0,0
34122000,0,0
34124000,0,0
34126000,0,0
34128000,0,0
34130000,0,0
34132000,0,0
34134000,0,0
34136000,0,0
34138000,0,0
34140000,0,0
34142000,0,0
34144000,0,0
34146000,0,0
34148000,0,0
34150000,0,0
34152000,0,0
34154000,0,0
34156000,0,0
34158000,0,0
34160000,0,0
34162000,0,0
34164000,0,0
34166000,0,0
34168000,0,0
34170000,0,0
34172000,0,0
34174000,0,0
34176000,0,0
34178000,0,0
34180000,0,0
34182000,0,0
34184000,0,0
34186000,0,0
34188000,0,0
34190000,0,0
34192000,0,0
34194000,0,0
34196000,0,0
34198000,0,0
34200000,0,0
34202000,0,0
34204000,0,0
34206000,0,0
34208000,0,0
34210000,0,0
34212000,0,0
34214000,0,0
34216000,0,0
34218000,0,0
34220000,0,0
34222000,0,0
34224000,0,0
34226000,0,0
34228000,0,0
34230000,0,0
34232000,0,0
34234000,0,0
34236000,0,0
34238000,0,0
34240000,0,0
34242000,0,0
34244000,0,0
34246000,0,0
34248000,0,0
34250000,0,0
34252000,0,0
34254000,0,0
34256000,0,0
34258000,0,0
34260000,0,0
34262000,0,0
34264000,0,0
34266000,0,0
34268000,0,0
34270000,0,0
34272000,0,0
34274000,0,0
34276000,0,0
34278000,0,0
34280000,0,0
34282000,0,0
34284000,0,0
34286000,0,0
34288000,0,0
34290000,0,0
34292000,0,0
34294000,0,0
34296000,0,0
34298000,0,0
34300000,0,0
34302000,0,0
34304000,0,0
34306000,0,0
34308000,0,0
34310000,0,0
34312000,0,0
34314000,0,0
34316000,0,0
34318000,0,0
34320000,0,0
34322000,0,0
34324000,0,0
34326000,0,0
34328000,0,0
34330000,0,0
34332000,0,0
34334000,0,0
34336000,0,0
34338000,0,0
34340000,0,0
34342000,0,0
34344000,0,0
34346000,0,0
34348000,0,0
34350000,0,0
34352000,0,0
34354000,0,0
34356000,0,0
34358000,0,0
34360000,0,0
34362000,0,0
34364000,0,0
34366000,0,0
34368000,0,0
34370000,0,0
34372000,0,0
34374000,0,0
34376000,0,0
34378000,0,0
34380000,0,0
34382000,0,0
34384000,0,0
34386000,0,0
34388000,0,0
34390000,0,0
34392000,0,0
34394000,0,0
34396000,0,0
34398000,0,0
34400000,0,0
34402000,0,0
34404000,0,0
34406000,0,0
34408000,0,0
34410000,0,0
34412000,0,0
34414000,0,0
34416000,0,0
34418000,0,0
34420000,0,0
34422000,0,0
34424000,0,0
34426000,0,0
34428000,0,0
34430000,0,0
34432000,0,0
34434000,0,0
34436000,0,0
34438000,0,0
34440000,0,0
34442000,0,0
34444000,0,0
34446000,0,0
34448000,0,0
34450000,0,0
34452000,0,0
34454000,0,0
34456000,0,0
34458000,0,0
34460000,0,0
34462000,0,0
34464000,0,0
34466000,0,0
34468000,0,0
34470000,0,0
34472000,0,0
34474000,0,0
34476000,0,0
34478000,0,0
34480000,0,0
34482000,0,0
34484000,0,0
34486000,0,0
34488000,0,0
34490000,0,0
34492000,0,0
34494000,0,0
34496000,0,0
34498000,0,0
34500000,0,0
34502000,0,0
34504000,0,0
34506000,0,0
34508000,0,0
34510000,0,0
34512000,0,0
34514000,0,0
34516000,0,0
34518000,0,0
34520000,0,0
34522000,0,0
34524000,0,0
34526000,0,0
34528000,0,0
34530000,0,0
34532000,0,0
34534000,0,0
34536000,0,0
34538000,0,0
34540000,0,0
34542000,0,0
34544000,0,0
34546000,0,0
34548000,0,0
34550000,0,0
34552000,0,0
34554000,0,0
34556000,0,0
34558000,0,0
34560000,0,0
34562000,0,0
34564000,0,0
34566000,0,0
34568000,0,0
34570000,0,0
34572000,0,0
34574000,0,0
34576000,0,0
34578000,0,0
34580000,0,0
34582000,0,0
34584000,0,0
34586000,0,0
34588000,0,0
34590000,0,0
34592000,0,0
34594000,0,0
34596000,0,0
34598000,0,0
34600000,0,0
34602000,0,0
34604000,0,0
34606000,0,0
34608000,0,0
34610000,0,0
34612000,0,0
34614000,0,0
34616000,0,0
34618000,0,0
34620000,0,0
34622000,0,0
34624000,0,0
34626000,0,0
34628000,0,0
34630000,0,0
34632000,0,0
34634000,0,0
34636000,0,0
34638000,0,0
34640000,0,0
34642000,0,0
34644000,0,0
34646000,0,0
34648000,0,0
34650000,0,0
34652000,0,0
34654000,0,0
34656000,0,0
34658000,0,0
34660000,0,0
34662000,0,0
34664000,0,0
34666000,0,0
34668000,0,0
34670000,0,0
34672000,0,0
34674000,0,0
34676000,0,0
34678000,0,0
34680000,0,0
34682000,0,0
34684000,0,0
34686000,0,0
34688000,0,0
34690000,0,0
34692000,0,0
34694000,0,0
34696000,0,0
34698000,0,0
34700000,0,0
34702000,0,0
34704000,0,0
34706000,0,0
34708000,0,0
34710000,0,0
34712000,0,0
34714000,0,0
34716000,0,0
34718000,0,0
34720000,0,0
34722000,0,0
34724000,0,0
34726000,0,0
34728000,0,0
34730000,0,0
34732000,0,0
34734000,0,0
34736000,0,0
34738000,0,0
34740000,0,0
34742000,0,0
34744000,0,0
34746000,0,0
34748000,0,0
34750000,0,0
34752000,0,0
34754000,0,0
34756000,0,0
34758000,0,0
34760000,0,0
34762000,0,0
34764000,0,0
34766000,0,0
34768000,0,0
34770000,0,0
34772000,0,0
34774000,0,0
34776000,0,0
34778000,0,0
34780000,0,0
34782000,0,0
34784000,0,0
34786000,0,0
34788000,0,0
34790000,0,0
34792000,0,0
34794000,0,0
34796000,0,0
34798000,0,0
34800000,0,0
34802000,0,0
34804000,0,0
34806000,0,0
34808000,0,0
34810000,0,0
34812000,0,0
34814000,0,0
34816000,0,0
34818000,0,0
34820000,0,0
34822000,0,0
34824000,0,0
34826000,0,0
34828000,0,0
34830000,0,0
34832000,0,0
34834000,0,0
34836000,0,0
34838000,0,0
34840000,0,0
34842000,0,0
34844000,0,0
34846000,0,0
34848000,0,0
34850000,0,0
34852000,0,0
34854000,0,0
34856000,0,0
34858000,0,0
34860000,0,0
34862000,0,0
34864000,0,0
34866000,0,0
34868000,0,0
34870000,0,0
34872000,0,0
34874000,0,0
34876000,0,0
34878000,0,0
34880000,0,0
34882000,0,0
34884000,0,0
34886000,0,0
34888000,0,0
34890000,0,0
34892000,0,0
34894000,0,0
34896000,0,0
34898000,0,0
34900000,0,0
34902000,0,0
34904000,0,0
34906000,0,0
34908000,0,0
34910000,0,0
34912000,0,0
34914000,0,0
34916000,0,0
34918000,0,0
34920000,0,0
34922000,0,0
34924000,0,0
34926000,0,0
34928000,0,0
34930000,0,0
34932000,0,0
34934000,0,0
34936000,0,0
34938000,0,0
34940000,0,0
34942000,0,0
34944000,0,0
34946000,0,0
34948000,0,0
34950000,0,0
34952000,0,0
34954000,0,0
34956000,0,0
34958000,0,0
34960000,0,0
34962000,0,0
34964000,0,0
34966000,0,0
34968000,0,0
34970000,0,0
34972000,0,0
34974000,0,0
34976000,0,0
34978000,0,0
34980000,0,0
34982000,0,0
34984000,0,0
34986000,0,0
34988000,0,0
34990000,0,0
34992000,0,0
34994000,0,0
34996000,0,0
34998000,0,0
35000000,0,0
35002000,0,0
35004000,0,0
35006000,0,0
35008000,0,0
35010000,0,0
35012000,0,0
35014000,0,0
35016000,0,0
35018000,0,0
35020000,0,0
35022000,0,0
35024000,0,0
35026000,0,0
35028000,0,0
35030000,0,0
35032000,0,0
35034000,0,0
35036000,0,0
35038000,0,0
35040000,0,0
35042000,0,0
35044000,0,0
35046000,0,0
35048000,0,0
35050000,0,0
35052000,0,0
35054000,0,0
35056000,0,0
35058000,0,0
35060000,0,0
35062000,0,0
35064000,0,0
35066000,0,0
35068000,0,0
35070000,0,0
35072000,0,0
35074000,0,0
35076000,0,0
35078000,0,0
35080000,0,0
35082000,0,0
35084000,0,0
35086000,0,0
35088000,0,0
35090000,0,0
35092000,0,0
35094000,0,0
35096000,0,0
35098000,0,0
35100000,0,0
35102000,0,0
35104000,0,0
35106000,0,0
35108000,0,0
35110000,0,0
35112000,0,0
35114000,0,0
35116000,0,0
35118000,0,0
35120000,0,0
35122000,0,0
35124000,0,0
35126000,0,0
35128000,0,0
35130000,0,0
35132000,0,0
35134000,0,0
35136000,0,0
35138000,0,0
35140000,0,0
35142000,0,0
35144000,0,0
35146000,0,0
35148000,0,0
35150000,0,0
35152000,0,0
35154000,0,0
35156000,0,0
35158000,0,0
35160000,0,0
35162000,0,0
35164000,0,0
35166000,0,0
35168000,0,0
35170000,0,0
35172000,0,0
35174000,0,0
35176000,0,0
35178000,0,0
35180000,0,0
35182000,0,0
35184000,0,0
35186000,0,0
35188000,0,0
35190000,0,0
35192000,0,0
35194000,0,0
35196000,0,0
35198000,0,0
35200000,0,0
35202000,0,0
35204000,0,0
35206000,0,0
35208000,0,0
35210000,0,0
35212000,0,0
35214000,0,0
35216000,0,0
35218000,0,0
35220000,0,0
35222000,0,0
35224000,0,0
35226000,0,0
35228000,0,0
35230000,0,0
35232000,0,0
35234000,0,0
35236000,0,0
35238000,0,0
35240000,0,0
35242000,0,0
35244000,0,0
35246000,0,0
35248000,0,0
35250000,0,0
35252000,0,0
35254000,0,0
35256000,0,0
35258000,0,0
35260000,0,0
35262000,0,0
35264000,0,0
35266000,0,0
35268000,0,0
35270000,0,0
35272000,0,0
35274000,0,0
35276000,0,0
35278000,0,0
35280000,0,0
35282000,0,0
35284000,0,0
35286000,0,0
35288000,0,0
35290000,0,0
35292000,0,0
35294000,0,0
35296000,0,0
35298000,0,0
35300000,0,0
35302000,0,0
35304000,0,0
35306000,0,0
35308000,0,0
35310000,0,0
35312000,0,0
35314000,0,0
35316000,0,0
35318000,0,0
35320000,0,0
35322000,0,0
35324000,0,0
35326000,0,0
35328000,0,0
35330000,0,0
35332000,0,0
35334000,0,0
35336000,0,0
35338000,0,0
35340000,0,0
35342000,0,0
35344000,0,0
35346000,0,0
35348000,0,0
35350000,0,0
35352000,0,0
35354000,0,0
35356000,0,0
35358000,0,0
35360000,0,0
35362000,0,0
35364000,0,0
35366000,0,0
35368000,0,0
35370000,0,0
35372000,0,0
35374000,0,0
35376000,0,0
35378000,0,0
35380000,0,0
35382000,0,0
35384000,0,0
35386000,0,0
35388000,0,0
35390000,0,0
35392000,0,0
35394000,0,0
35396000,0,0
35398000,0,0
35400000,0,0
35402000,0,0
35404000,0,0
35406000,0,0
35408000,0,0
35410000,0,0
35412000,0,0
35414000,0,0
35416000,0,0
35418000,0,0
35420000,0,0
35422000,0,0
35424000,0,0
35426000,0,0
35428000,0,0
35430000,0,0
35432000,0,0
35434000,0,0
35436000,0,0
35438000,0,0
35440000,0,0
35442000,0,0
35444000,0,0
35446000,0,0
35448000,0,0
35450000,0,0
35452000,0,0
35454000,0,0
35456000,0,0
35458000,0,0
35460000,0,0
35462000,0,0
35464000,0,0
35466000,0,0
35468000,0,0
35470000,0,0
35472000,0,0
35474000,0,0
35476000,0,0
35478000,0,0
35480000,0,0
35482000,0,0
35484000,0,0
35486000,0,0
35488000,0,0
35490000,0,0
35492000,0,0
35494000,0,0
35496000,0,0
35498000,0,0
35500000,0,0
35502000,0,0
35504000,0,0
35506000,0,0
35508000,0,0
35510000,0,0
35512000,0,0
35514000,0,0
35516000,0,0
35518000,0,0
35520000,0,0
35522000,0,0
35524000,0,0
35526000,0,0
35528000,0,0
35530000,0,0
35532000,0,0
35534000,0,0
35536000,0,0
35538000,0,0
35540000,0,0
35542000,0,0
35544000,0,0
35546000,0,0
35548000,0,0
35550000,0,0
35552000,0,0
35554000,0,0
35556000,0,0
35558000,0,0
35560000,0,0
35562000,0,0
35564000,0,0
35566000,0,0
35568000,0,0
35570000,0,0
35572000,0,0
35574000,0,0
35576000,0,0
35578000,0,0
35580000,0,0
35582000,0,0
35584000,0,0
35586000,0,0
35588000,0,0
35590000,0,0
35592000,0,0
35594000,0,0
35596000,0,0
35598000,0,0
35600000,0,0
35602000,0,0
35604000,0,0
35606000,0,0
35608000,0,0
35610000,0,0
35612000,0,0
35614000,0,0
35616000,0,0
35618000,0,0
35620000,0,0
35622000,0,0
35624000,0,0
35626000,0,0
35628000,0,0
35630000,0,0
35632000,0,0
35634000,0,0
35636000,0,0
35638000,0,0
35640000,0,0
35642000,0,0
35644000,0,0
35646000,0,0
35648000,0,0
35650000,0,0
35652000,0,0
35654000,0,0
35656000,0,0
35658000,0,0
35660000,0,0
35662000,0,0
35664000,0,0
35666000,0,0
35668000,0,0
35670000,0,0
35672000,0,0
35674000,0,0
35676000,0,0
35678000,0,0
35680000,0,0
35682000,0,0
35684000,0,0
35686000,0,0
35688000,0,0
35690000,0,0
35692000,0,0
35694000,0,0
35696000,0,0
35698000,0,0
35700000,0,0
35702000,0,0
35704000,0,0
35706000,0,0
35708000,0,0
35710000,0,0
35712000,0,0
35714000,0,0
35716000,0,0
35718000,0,0
35720000,0,0
35722000,0,0
35724000,0,0
35726000,0,0
35728000,0,0
35730000,0,0
35732000,0,0
35734000,0,0
35736000,0,0
35738000,0,0
35740000,0,0
35742000,0,0
35744000,0,0
35746000,0,0
35748000,0,0
35750000,0,0
35752000,0,0
35754000,0,0
35756000,0,0
35758000,0,0
35760000,0,0
35762000,0,0
35764000,0,0
35766000,0,0
35768000,0,0
35770000,0,0
35772000,0,0
35774000,0,0
35776000,0,0
35778000,0,0
35780000,0,0
35782000,0,0
35784000,0,0
35786000,0,0
35788000,0,0
35790000,0,0
35792000,0,0
35794000,0,0
35796000,0,0
35798000,0,0
35800000,0,0
35802000,0,0
35804000,0,0
35806000,0,0
35808000,0,0
35810000,0,0
35812000,0,0
35814000,0,0
35816000,0,0
35818000,0,0
35820000,0,0
35822000,0,0
35824000,0,0
35826000,0,0
35828000,0,0
35830000,0,0
35832000,0,0
35834000,0,0
35836000,0,0
35838000,0,0
35840000,0,0
35842000,0,0
35844000,0,0
35846000,0,0
35848000,0,0
35850000,0,0
35852000,0,0
35854000,0,0
35856000,0,0
35858000,0,0
35860000,0,0
35862000,0,0
35864000,0,0
35866000,0,0
35868000,0,0
35870000,0,0
35872000,0,0
35874000,0,0
35876000,0,0
35878000,0,0
35880000,0,0
35882000,0,0
35884000,0,0
35886000,0,0
35888000,0,0
35890000,0,0
35892000,0,0
35894000,0,0
35896000,0,0
35898000,0,0
35900000,0,0
35902000,0,0
35904000,0,0
35906000,0,0
35908000,0,0
35910000,0,0
35912000,0,0
35914000,0,0
35916000,0,0
35918000,0,0
35920000,0,0
35922000,0,0
35924000,0,0
35926000,0,0
35928000,0,0
35930000,0,0
35932000,0,0
35934000,0,0
35936000,0,0
35938000,0,0
35940000,0,0
35942000,0,0
35944000,0,0
35946000,0,0
35948000,0,0
35950000,0,0
35952000,0,0
35954000,0,0
35956000,0,0
35958000,0,0
35960000,0,0
35962000,0,0
35964000,0,0
35966000,0,0
35968000,0,0
35970000,0,0
35972000,0,0
35974000,0,0
35976000,0,0
35978000,0,0
35980000,0,0
35982000,0,0
35984000,0,0
35986000,0,0
35988000,0,0
35990000,0,0
35992000,0,0
35994000,0,0
35996000,0,0
35998000,0,0
36000000,0,0
36002000,0,0
36004000,0,0
36006000,0,0
36008000,0,0
36010000,0,0
36012000,0,0
36014000,0,0
36016000,0,0
36018000,0,0
36020000,0,0
36022000,0,0
36024000,0,0
36026000,0,0
36028000,0,0
36030000,0,0
36032000,0,0
36034000,0,0
36036000,0,0
36038000,0,0
36040000,0,0
36042000,0,0
36044000,0,0
36046000,0,0
36048000,0,0
36050000,0,0
36052000,0,0
36054000,0,0
36056000,0,0
36058000,0,0
36060000,0,0
36062000,0,0
36064000,0,0
36066000,0,0
36068000,0,0
36070000,0,0
36072000,0,0
36074000,0,0
36076000,0,0
36078000,0,0
36080000,0,0
36082000,0,0
36084000,0,0
36086000,0,0
36088000,0,0
36090000,0,0
36092000,0,0
36094000,0,0
36096000,0,0
36098000,0,0
36100000,0,0
36102000,0,0
36104000,0,0
36106000,0,0
36108000,0,0
36110000,0,0
36112000,0,0
36114000,0,0
36116000,0,0
36118000,0,0
36120000,0,0
36122000,0,0
36124000,0,0
36126000,0,0
36128000,0,0
36130000,0,0
36132000,0,0
36134000,0,0
36136000,0,0
36138000,0,0
36140000,0,0
36142000,0,0
36144000,0,0
36146000,0,0
36148000,0,0
36150000,0,0
36152000,0,0
36154000,0,0
36156000,0,0
36158000,0,0
36160000,0,0
36162000,0,0
36164000,0,0
36166000,0,0
36168000,0,0
36170000,0,0
36172000,0,0
36174000,0,0
36176000,0,0
36178000,0,0
36180000,0,0
36182000,0,0
36184000,0,0
36186000,0,0
36188000,0,0
36190000,0,0
36192000,0,0
36194000,0,0
36196000,0,0
36198000,0,0
36200000,0,0
36202000,0,0
36204000,0,0
36206000,0,0
36208000,0,0
36210000,0,0
36212000,0,0
36214000,0,0
36216000,0,0
36218000,0,0
36220000,0,0
36222000,0,0
36224000,0,0
36226000,0,0
36228000,0,0
36230000,0,0
36232000,0,0
36234000,0,0
36236000,0,0
36238000,0,0
36240000,0,0
36242000,0,0
36244000,0,0
36246000,0,0
36248000,0,0
36250000,0,0
36252000,0,0
36254000,0,0
36256000,0,0
36258000,0,0
36260000,0,0
36262000,0,0
36264000,0,0
36266000,0,0
36268000,0,0
36270000,0,0
36272000,0,0
36274000,0,0
36276000,0,0
36278000,0,0
36280000,0,0
36282000,0,0
36284000,0,0
36286000,0,0
36288000,0,0
36290000,0,0
36292000,0,0
36294000,0,0
36296000,0,0
36298000,0,0
36300000,0,0
36302000,0,0
36304000,0,0
36306000,0,0
36308000,0,0
36310000,0,0
36312000,0,0
36314000,0,0
36316000,0,0
36318000,0,0
36320000,0,0
36322000,0,0
36324000,0,0
36326000,0,0
36328000,0,0
36330000,0,0
36332000,0,0
36334000,0,0
36336000,0,0
36338000,0,0
36340000,0,0
36342000,0,0
36344000,0,0
36346000,0,0
36348000,0,0
36350000,0,0
36352000,0,0
36354000,0,0
36356000,0,0
36358000,0,0
36360000,0,0
36362000,0,0
36364000,0,0
36366000,0,0
36368000,0,0
36370000,0,0
36372000,0,0
36374000,0,0
36376000,0,0
36378000,0,0
36380000,0,0
36382000,0,0
36384000,0,0
36386000,0,0
36388000,0,0
36390000,0,0
36392000,0,0
36394000,0,0
36396000,0,0
36398000,0,0
36400000,0,0
36402000,0,0
36404000,0,0
36406000,0,0
36408000,0,0
36410000,0,0
36412000,0,0
36414000,0,0
36416000,0,0
36418000,0,0
36420000,0,0
36422000,0,0
36424000,0,0
36426000,0,0
36428000,0,0
36430000,0,0
36432000,0,0
36434000,0,0
36436000,0,0
36438000,0,0
36440000,0,0
36442000,0,0
36444000,0,0
36446000,0,0
36448000,0,0
36450000,0,0
36452000,0,0
36454000,0,0
36456000,0,0
36458000,0,0
36460000,0,0
36462000,0,0
36464000,0,0
36466000,0,0
36468000,0,0
36470000,0,0
36472000,0,0
36474000,0,0
36476000,0,0
36478000,0,0
36480000,0,0
36482000,0,0
36484000,0,0
36486000,0,0
36488000,0,0
36490000,0,0
36492000,0,0
36494000,0,0
36496000,0,0
36498000,0,0
36500000,0,0
36502000,0,0
36504000,0,0
36506000,0,0
36508000,0,0
36510000,0,0
36512000,0,0
36514000,0,0
36516000,0,0
36518000,0,0
36520000,0,0
36522000,0,0
36524000,0,0
36526000,0,0
36528000,0,0
36530000,0,0
36532000,0,0
36534000,0,0
36536000,0,0
36538000,0,0
36540000,0,0
36542000,0,0
36544000,0,0
36546000,0,0
36548000,0,0
36550000,0,0
36552000,0,0
36554000,0,0
36556000,0,0
36558000,0,0
36560000,0,0
36562000,0,0
36564000,0,0
36566000,0,0
36568000,0,0
36570000,0,0
36572000,0,0
36574000,0,0
36576000,0,0
36578000,0,0
36580000,0,0
36582000,0,0
36584000,0,0
36586000,0,0
36588000,0,0
36590000,0,0
36592000,0,0
36594000,0,0
36596000,0,0
36598000,0,0
36600000,0,0
36602000,0,0
36604000,0,0
36606000,0,0
36608000,0,0
36610000,0,0
36612000,0,0
36614000,0,0
36616000,0,0
36618000,0,0
36620000,0,0
36622000,0,0
36624000,0,0
36626000,0,0
36628000,0,0
36630000,0,0
36632000,0,0
36634000,0,0
36636000,0,0
36638000,0,0
36640000,0,0
36642000,0,0
36644000,0,0
36646000,0,0
36648000,0,0
36650000,0,0
36652000,0,0
36654000,0,0
36656000,0,0
36658000,0,0
36660000,0,0
36662000,0,0
36664000,0,0
36666000,0,0
36668000,0,0
36670000,0,0
36672000,0,0
36674000,0,0
36676000,0,0
36678000,0,0
36680000,0,0
36682000,0,0
36684000,0,0
36686000,0,0
36688000,0,0
36690000,0,0
36692000,0,0
36694000,0,0
36696000,0,0
36698000,0,0
36700000,0,0
36702000,0,0
36704000,0,0
36706000,0,0
36708000,0,0
36710000,0,0
36712000,0,0
36714000,0,0
36716000,0,0
36718000,0,0
36720000,0,0
36722000,0,0
36724000,0,0
36726000,0,0
36728000,0,0
36730000,0,0
36732000,0,0
36734000,0,0
36736000,0,0
36738000,0,0
36740000,0,0
36742000,0,0
36744000,0,0
36746000,0,0
36748000,0,0
36750000,0,0
36752000,0,0
36754000,0,0
36756000,0,0
36758000,0,0
36760000,0,0
36762000,0,0
36764000,0,0
36766000,0,0
36768000,0,0
36770000,0,0
36772000,0,0
36774000,0,0
36776000,0,0
36778000,0,0
36780000,0,0
36782000,0,0
36784000,0,0
36786000,0,0
36788000,0,0
36790000,0,0
36792000,0,0
36794000,0,0
36796000,0,0
36798000,0,0
36800000,0,0
36802000,0,0
36804000,0,0
36806000,0,0
36808000,0,0
36810000,0,0
36812000,0,0
36814000,0,0
36816000,0,0
36818000,0,0
36820000,0,0
36822000,0,0
36824000,0,0
36826000,0,0
36828000,0,0
36830000,0,0
36832000,0,0
36834000,0,0
36836000,0,0
36838000,0,0
36840000,0,0
36842000,0,0
36844000,0,0
36846000,0,0
36848000,0,0
36850000,0,0
36852000,0,0
36854000,0,0
36856000,0,0
36858000,0,0
36860000,0,0
36862000,0,0
36864000,0,0
36866000,0,0
36868000,0,0
36870000,0,0
36872000,0,0
36874000,0,0
36876000,0,0
36878000,0,0
36880000,0,0
36882000,0,0
36884000,0,0
36886000,0,0
36888000,0,0
36890000,0,0
36892000,0,0
36894000,0,0
36896000,0,0
36898000,0,0
36900000,0,0
36902000,0,0
36904000,0,0
36906000,0,0
36908000,0,0
36910000,0,0
36912000,0,0
36914000,0,0
36916000,0,0
36918000,0,0
36920000,0,0
36922000,0,0
36924000,0,0
36926000,0,0
36928000,0,0
36930000,0,0
36932000,0,0
36934000,0,0
36936000,0,0
36938000,0,0
36940000,0,0
36942000,0,0
36944000,0,0
36946000,0,0
36948000,0,0
36950000,0,0
36952000,0,0
36954000,0,0
36956000,0,0
36958000,0,0
36960000,0,0
36962000,0,0
36964000,0,0
36966000,0,0
36968000,0,0
36970000,0,0
36972000,0,0
36974000,0,0
36976000,0,0
36978000,0,0
36980000,0,0
36982000,0,0
36984000,0,0
36986000,0,0
36988000,0,0
36990000,0,0
36992000,0,0
36994000,0,0
36996000,0,0
36998000,0,0
37000000,0,0
37002000,0,0
37004000,0,0
37006000,0,0
37008000,0,0
37010000,0,0
37012000,0,0
37014000,0,0
37016000,0,0
37018000,0,0
37020000,0,0
37022000,0,0
37024000,0,0
37026000,0,0
37028000,0,0
37030000,0,0
37032000,0,0
37034000,0,0
37036000,0,0
37038000,0,0
37040000,0,0
37042000,0,0
37044000,0,0
37046000,0,0
37048000,0,0
37050000,0,0
37052000,0,0
37054000,0,0
37056000,0,0
37058000,0,0
37060000,0,0
37062000,0,0
37064000,0,0
37066000,0,0
37068000,0,0
37070000,0,0
37072000,0,0
37074000,0,0
37076000,0,0
37078000,0,0
37080000,0,0
37082000,0,0
37084000,0,0
37086000,0,0
37088000,0,0
37090000,0,0
37092000,0,0
37094000,0,0
37096000,0,0
37098000,0,0
37100000,0,0
37102000,0,0
37104000,0,0
37106000,0,0
37108000,0,0
37110000,0,0
37112000,0,0
37114000,0,0
37116000,0,0
37118000,0,0
37120000,0,0
37122000,0,0
37124000,0,0
37126000,0,0
37128000,0,0
37130000,0,0
37132000,0,0
37134000,0,0
37136000,0,0
37138000,0,0
37140000,0,0
37142000,0,0
37144000,0,0
37146000,0,0
37148000,0,0
37150000,0,0
37152000,0,0
37154000,0,0
37156000,0,0
37158000,0,0
37160000,0,0
37162000,0,0
37164000,0,0
37166000,0,0
37168000,0,0
37170000,0,0
37172000,0,0
37174000,0,0
37176000,0,0
37178000,0,0
37180000,0,0
37182000,0,0
37184000,0,0
37186000,0,0
37188000,0,0
37190000,0,0
37192000,0,0
37194000,0,0
37196000,0,0
37198000,0,0
37200000,0,0
37202000,0,0
37204000,0,0
37206000,0,0
37208000,0,0
37210000,0,0
37212000,0,0
37214000,0,0
37216000,0,0
37218000,0,0
37220000,0,0
37222000,0,0
37224000,0,0
37226000,0,0
37228000,0,0
37230000,0,0
37232000,0,0
37234000,0,0
37236000,0,0
37238000,0,0
37240000,0,0
37242000,0,0
37244000,0,0
37246000,0,0
37248000,0,0
37250000,0,0
37252000,0,0
37254000,0,0
37256000,0,0
37258000,0,0
37260000,0,0
37262000,0,0
37264000,0,0
37266000,0,0
37268000,0,0
37270000,0,0
37272000,0,0
37274000,0,0
37276000,0,0
37278000,0,0
37280000,0,0
37282000,0,0
37284000,0,0
37286000,0,0
37288000,0,0
37290000,0,0
37292000,0,0
37294000,0,0
37296000,0,0
37298000,0,0
37300000,0,0
37302000,0,0
37304000,0,0
37306000,0,0
37308000,0,0
37310000,0,0
37312000,0,0
37314000,0,0
37316000,0,0
37318000,0,0
37320000,0,0
37322000,0,0
37324000,0,0
37326000,0,0
37328000,0,0
37330000,0,0
37332000,0,0
37334000,0,0
37336000,0,0
37338000,0,0
37340000,0,0
37342000,0,0
37344000,0,0
37346000,0,0
37348000,0,0
37350000,0,0
37352000,0,0
37354000,0,0
37356000,0,0
37358000,0,0
37360000,0,0
37362000,0,0
37364000,0,0
37366000,0,0
37368000,0,0
37370000,0,0
37372000,0,0
37374000,0,0
37376000,0,0
37378000,0,0
37380000,0,0
37382000,0,0
37384000,0,0
37386000,0,0
37388000,0,0
37390000,0,0
37392000,0,0
37394000,0,0
37396000,0,0
37398000,0,0
37400000,0,0
37402000,0,0
37404000,0,0
37406000,0,0
37408000,0,0
37410000,0,0
37412000,0,0
37414000,0,0
37416000,0,0
37418000,0,0
37420000,0,0
37422000,0,0
37424000,0,0
37426000,0,0
37428000,0,0
37430000,0,0
37432000,0,0
37434000,0,0
37436000,0,0
37438000,0,0
37440000,0,0
37442000,0,0
37444000,0,0
37446000,0,0
37448000,0,0
37450000,0,0
37452000,0,0
37454000,0,0
37456000,0,0
37458000,0,0
37460000,0,0
37462000,0,0
37464000,0,0
37466000,0,0
37468000,0,0
37470000,0,0
37472000,0,0
37474000,0,0
37476000,0,0
37478000,0,0
37480000,0,0
37482000,0,0
37484000,0,0
37486000,0,0
37488000,0,0
37490000,0,0
37492000,0,0
37494000,0,0
37496000,0,0
37498000,0,0
37500000,0,0
37502000,0,0
37504000,0,0
37506000,0,0
37508000,0,0
37510000,0,0
37512000,0,0
37514000,0,0
37516000,0,0
37518000,0,0
37520000,0,0
37522000,0,0
37524000,0,0
37526000,0,0
37528000,0,0
37530000,0,0
37532000,0,0
37534000,0,0
37536000,0,0
37538000,0,0
37540000,0,0
37542000,0,0
37544000,0,0
37546000,0,0
37548000,0,0
37550000,0,0
37552000,0,0
37554000,0,0
37556000,0,0
37558000,0,0
37560000,0,0
37562000,0,0
37564000,0,0
37566000,0,0
37568000,0,0
37570000,0,0
37572000,0,0
37574000,0,0
37576000,0,0
37578000,0,0
37580000,0,0
37582000,0,0
37584000,0,0
37586000,0,0
37588000,0,0
37590000,0,0
37592000,0,0
37594000,0,0
37596000,0,0
37598000,0,0
37600000,0,0
37602000,0,0
37604000,0,0
37606000,0,0
37608000,0,0
37610000,0,0
37612000,0,0
37614000,0,0
37616000,0,0
37618000,0,0
37620000,0,0
37622000,0,0
37624000,0,0
37626000,0,0
37628000,0,0
37630000,0,0
37632000,0,0
37634000,0,0
37636000,0,0
37638000,0,0
37640000,0,0
37642000,0,0
37644000,0,0
37646000,0,0
37648000,0,0
37650000,0,0
37652000,0,0
37654000,0,0
37656000,0,0
37658000,0,0
37660000,0,0
37662000,0,0
37664000,0,0
37666000,0,0
37668000,0,0
37670000,0,0
37672000,0,0
37674000,0,0
37676000,0,0
37678000,0,0
37680000,0,0
37682000,0,0
37684000,0,0
37686000,0,0
37688000,0,0
37690000,0,0
37692000,0,0
37694000,0,0
37696000,0,0
37698000,0,0
37700000,0,0
37702000,0,0
37704000,0,0
37706000,0,0
37708000,0,0
37710000,0,0
37712000,0,0
37714000,0,0
37716000,0,0
37718000,0,0
37720000,0,0
37722000,0,0
37724000,0,0
37726000,0,0
37728000,0,0
37730000,0,0
37732000,0,0
37734000,0,0
37736000,0,0
37738000,0,0
37740000,0,0
37742000,0,0
37744000,0,0
37746000,0,0
37748000,0,0
37750000,0,0
37752000,0,0
37754000,0,0
37756000,0,0
37758000,0,0
37760000,0,0
37762000,0,0
37764000,0,0
37766000,0,0
37768000,0,0
37770000,0,0
37772000,0,0
37774000,0,0
37776000,0,0
37778000,0,0
37780000,0,0
37782000,0,0
37784000,0,0
37786000,0,0
37788000,0,0
37790000,0,0
37792000,0,0
37794000,0,0
37796000,0,0
37798000,0,0
37800000,0,0
37802000,0,0
37804000,0,0
37806000,0,0
37808000,0,0
37810000,0,0
37812000,0,0
37814000,0,0
37816000,0,0
37818000,0,0
37820000,0,0
37822000,0,0
37824000,0,0
37826000,0,0
37828000,0,0
37830000,0,0
37832000,0,0
37834000,0,0
37836000,0,0
37838000,0,0
37840000,0,0
37842000,0,0
37844000,0,0
37846000,0,0
37848000,0,0
37850000,0,0
37852000,0,0
37854000,0,0
37856000,0,0
37858000,0,0
37860000,0,0
37862000,0,0
37864000,0,0
37866000,0,0
37868000,0,0
37870000,0,0
37872000,0,0
37874000,0,0
37876000,0,0
37878000,0,0
37880000,0,0
37882000,0,0
37884000,0,0
37886000,0,0
37888000,0,0
37890000,0,0
37892000,0,0
37894000,0,0
37896000,0,0
37898000,0,0
37900000,0,0
37902000,0,0
37904000,0,0
37906000,0,0
37908000,0,0
37910000,0,0
37912000,0,0
37914000,0,0
37916000,0,0
37918000,0,0
37920000,0,0
37922000,0,0
37924000,0,0
37926000,0,0
37928000,0,0
37930000,0,0
37932000,0,0
37934000,0,0
37936000,0,0
37938000,0,0
37940000,0,0
37942000,0,0
37944000,0,0
37946000,0,0
37948000,0,0
37950000,0,0
37952000,0,0
37954000,0,0
37956000,0,0
37958000,0,0
37960000,0,0
37962000,0,0
37964000,0,0
37966000,0,0
37968000,0,0
37970000,0,0
37972000,0,0
37974000,0,0
37976000,0,0
37978000,0,0
37980000,0,0
37982000,0,0
37984000,0,0
37986000,0,0
37988000,0,0
37990000,0,0
37992000,0,0
37994000,0,0
37996000,0,0
37998000,0,0
38000000,0,0
38002000,0,0
38004000,0,0
38006000,0,0
38008000,0,0
38010000,0,0
38012000,0,0
38014000,0,0
38016000,0,0
38018000,0,0
38020000,0,0
38022000,0,0
38024000,0,0
38026000,0,0
38028000,0,0
38030000,0,0
38032000,0,0
38034000,0,0
38036000,0,0
38038000,0,0
38040000,0,0
38042000,0,0
38044000,0,0
38046000,0,0
38048000,0,0
38050000,0,0
38052000,0,0
38054000,0,0
38056000,0,0
38058000,0,0
38060000,0,0
38062000,0,0
38064000,0,0
38066000,0,0
38068000,0,0
38070000,0,0
38072000,0,0
38074000,0,0
38076000,0,0
38078000,0,0
38080000,0,0
38082000,0,0
38084000,0,0
38086000,0,0
38088000,0,0
38090000,0,0
38092000,0,0
38094000,0,0
38096000,0,0
38098000,0,0
38100000,0,0
38102000,0,0
38104000,0,0
38106000,0,0
38108000,0,0
38110000,0,0
38112000,0,0
38114000,0,0
38116000,0,0
38118000,0,0
38120000,0,0
38122000,0,0
38124000,0,0
38126000,0,0
38128000,0,0
38130000,0,0
38132000,0,0
38134000,0,0
38136000,0,0
38138000,0,0
38140000,0,0
38142000,0,0
38144000,0,0
38146000,0,0
38148000,0,0
38150000,0,0
38152000,0,0
38154000,0,0
38156000,0,0
38158000,0,0
38160000,0,0
38162000,0,0
38164000,0,0
38166000,0,0
38168000,0,0
38170000,0,0
38172000,0,0
38174000,0,0
38176000,0,0
38178000,0,0
38180000,0,0
38182000,0,0
38184000,0,0
38186000,0,0
38188000,0,0
38190000,0,0
38192000,0,0
38194000,0,0
38196000,0,0
38198000,0,0
38200000,0,0
38202000,0,0
38204000,0,0
38206000,0,0
38208000,0,0
38210000,0,0
38212000,0,0
38214000,0,0
38216000,0,0
38218000,0,0
38220000,0,0
38222000,0,0
38224000,0,0
38226000,0,0
38228000,0,0
38230000,0,0
38232000,0,0
38234000,0,0
38236000,0,0
38238000,0,0
38240000,0,0
38242000,0,0
38244000,0,0
38246000,0,0
38248000,0,0
38250000,0,0
38252000,0,0
38254000,0,0
38256000,0,0
38258000,0,0
38260000,0,0
38262000,0,0
38264000,0,0
38266000,0,0
38268000,0,0
38270000,0,0
38272000,0,0
38274000,0,0
38276000,0,0
38278000,0,0
38280000,0,0
38282000,0,0
38284000,0,0
38286000,0,0
38288000,0,0
38290000,0,0
38292000,0,0
38294000,0,0
38296000,0,0
38298000,0,0
38300000,0,0
38302000,0,0
38304000,0,0
38306000,0,0
38308000,0,0
38310000,0,0
38312000,0,0
38314000,0,0
38316000,0,0
38318000,0,0
38320000,0,0
38322000,0,0
38324000,0,0
38326000,0,0
38328000,0,0
38330000,0,0
38332000,0,0
38334000,0,0
38336000,0,0
38338000,0,0
38340000,0,0
38342000,0,0
38344000,0,0
38346000,0,0
38348000,0,0
38350000,0,0
38352000,0,0
38354000,0,0
38356000,0,0
38358000,0,0
38360000,0,0
38362000,0,0
38364000,0,0
38366000,0,0
38368000,0,0
38370000,0,0
38372000,0,0
38374000,0,0
38376000,0,0
38378000,0,0
38380000,0,0
38382000,0,0
38384000,0,0
38386000,0,0
38388000,0,0
38390000,0,0
38392000,0,0
38394000,0,0
38396000,0,0
38398000,0,0
38400000,0,0
38402000,0,0
38404000,0,0
38406000,0,0
38408000,0,0
38410000,0,0
38412000,0,0
38414000,0,0
38416000,0,0
38418000,0,0
38420000,0,0
38422000,0,0
38424000,0,0
38426000,0,0
38428000,0,0
38430000,0,0
38432000,0,0
38434000,0,0
38436000,0,0
38438000,0,0
38440000,0,0
38442000,0,0
38444000,0,0
38446000,0,0
38448000,0,0
38450000,0,0
38452000,0,0
38454000,0,0
38456000,0,0
38458000,0,0
38460000,0,0
38462000,0,0
38464000,0,0
38466000,0,0
38468000,0,0
38470000,0,0
38472000,0,0
38474000,0,0
38476000,0,0
38478000,0,0
38480000,0,0
38482000,0,0
38484000,0,0
38486000,0,0
38488000,0,0
38490000,0,0
38492000,0,0
38494000,0,0
38496000,0,0
38498000,0,0
38500000,0,0
38502000,0,0
38504000,0,0
38506000,0,0
38508000,0,0
38510000,0,0
38512000,0,0
38514000,0,0
38516000,0,0
38518000,0,0
38520000,0,0
38522000,0,0
38524000,0,0
38526000,0,0
38528000,0,0
38530000,0,0
38532000,0,0
38534000,0,0
38536000,0,0
38538000,0,0
38540000,0,0
38542000,0,0
38544000,0,0
38546000,0,0
38548000,0,0
38550000,0,0
38552000,0,0
38554000,0,0
38556000,0,0
38558000,0,0
38560000,0,0
38562000,0,0
38564000,0,0
38566000,0,0
38568000,0,0
38570000,0,0
38572000,0,0
38574000,0,0
38576000,0,0
38578000,0,0
38580000,0,0
38582000,0,0
38584000,0,0
38586000,0,0
38588000,0,0
38590000,0,0
38592000,0,0
38594000,0,0
38596000,0,0
38598000,0,0
38600000,0,0
38602000,0,0
38604000,0,0
38606000,0,0
38608000,0,0
38610000,0,0
38612000,0,0
38614000,0,0
38616000,0,0
38618000,0,0
38620000,0,0
38622000,0,0
38624000,0,0
38626000,0,0
38628000,0,0
38630000,0,0
38632000,0,0
38634000,0,0
38636000,0,0
38638000,0,0
38640000,0,0
38642000,0,0
38644000,0,0
38646000,0,0
38648000,0,0
38650000,0,0
38652000,0,0
38654000,0,0
38656000,0,0
38658000,0,0
38660000,0,0
38662000,0,0
38664000,0,0
38666000,0,0
38668000,0,0
38670000,0,0
38672000,0,0
38674000,0,0
38676000,0,0
38678000,0,0
38680000,0,0
38682000,0,0
38684000,0,0
38686000,0,0
38688000,0,0
38690000,0,0
38692000,0,0
38694000,0,0
38696000,0,0
38698000,0,0
38700000,0,0
38702000,0,0
38704000,0,0
38706000,0,0
38708000,0,0
38710000,0,0
38712000,0,0
38714000,0,0
38716000,0,0
38718000,0,0
38720000,0,0
38722000,0,0
38724000,0,0
38726000,0,0
38728000,0,0
38730000,0,0
38732000,0,0
38734000,0,0
38736000,0,0
38738000,0,0
38740000,0,0
38742000,0,0
38744000,0,0
38746000,0,0
38748000,0,0
38750000,0,0
38752000,0,0
38754000,0,0
38756000,0,0
38758000,0,0
38760000,0,0
38762000,0,0
38764000,0,0
38766000,0,0
38768000,0,0
38770000,0,0
38772000,0,0
38774000,0,0
38776000,0,0
38778000,0,0
38780000,0,0
38782000,0,0
38784000,0,0
38786000,0,0
38788000,0,0
38790000,0,0
38792000,0,0
38794000,0,0
38796000,0,0
38798000,0,0
38800000,0,0
38802000,0,0
38804000,0,0
38806000,0,0
38808000,0,0
38810000,0,0
38812000,0,0
38814000,0,0
38816000,0,0
38818000,0,0
38820000,0,0
38822000,0,0
38824000,0,0
38826000,0,0
38828000,0,0
38830000,0,0
38832000,0,0
38834000,0,0
38836000,0,0
38838000,0,0
38840000,0,0
38842000,0,0
38844000,0,0
38846000,0,0
38848000,0,0
38850000,0,0
38852000,0,0
38854000,0,0
38856000,0,0
38858000,0,0
38860000,0,0
38862000,0,0
38864000,0,0
38866000,0,0
38868000,0,0
38870000,0,0
38872000,0,0
38874000,0,0
38876000,0,0
38878000,0,0
38880000,0,0
38882000,0,0
38884000,0,0
38886000,0,0
38888000,0,0
38890000,0,0
38892000,0,0
38894000,0,0
38896000,0,0
38898000,0,0
38900000,0,0
38902000,0,0
38904000,0,0
38906000,0,0
38908000,0,0
38910000,0,0
38912000,0,0
38914000,0,0
38916000,0,0
38918000,0,0
38920000,0,0
38922000,0,0
38924000,0,0
38926000,0,0
38928000,0,0
38930000,0,0
38932000,0,0
38934000,0,0
38936000,0,0
38938000,0,0
38940000,0,0
38942000,0,0
38944000,0,0
38946000,0,0
38948000,0,0
38950000,0,0
38952000,0,0
38954000,0,0
38956000,0,0
38958000,0,0
38960000,0,0
38962000,0,0
38964000,0,0
38966000,0,0
38968000,0,0
38970000,0,0
38972000,0,0
38974000,0,0
38976000,0,0
38978000,0,0
38980000,0,0
38982000,0,0
38984000,0,0
38986000,0,0
38988000,0,0
38990000,0,0
38992000,0,0
38994000,0,0
38996000,0,0
38998000,0,0
39000000,0,0
39002000,0,0
39004000,0,0
39006000,0,0
39008000,0,0
39010000,0,0
39012000,0,0
39014000,0,0
39016000,0,0
39018000,0,0
39020000,0,0
39022000,0,0
39024000,0,0
39026000,0,0
39028000,0,0
39030000,0,0
39032000,0,0
39034000,0,0
39036000,0,0
39038000,0,0
39040000,0,0
39042000,0,0
39044000,0,0
39046000,0,0
39048000,0,0
39050000,0,0
39052000,0,0
39054000,0,0
39056000,0,0
39058000,0,0
39060000,0,0
39062000,0,0
39064000,0,0
39066000,0,0
39068000,0,0
39070000,0,0
39072000,0,0
39074000,0,0
39076000,0,0
39078000,0,0
39080000,0,0
39082000,0,0
39084000,0,0
39086000,0,0
39088000,0,0
39090000,0,0
39092000,0,0
39094000,0,0
39096000,0,0
39098000,0,0
39100000,0,0
39102000,0,0
39104000,0,0
39106000,0,0
39108000,0,0
39110000,0,0
39112000,0,0
39114000,0,0
39116000,0,0
39118000,0,0
39120000,0,0
39122000,0,0
39124000,0,0
39126000,0,0
39128000,0,0
39130000,0,0
39132000,0,0
39134000,0,0
39136000,0,0
39138000,0,0
39140000,0,0
39142000,0,0
39144000,0,0
39146000,0,0
39148000,0,0
39150000,0,0
39152000,0,0
39154000,0,0
39156000,0,0
39158000,0,0
39160000,0,0
39162000,0,0
39164000,0,0
39166000,0,0
39168000,0,0
39170000,0,0
39172000,0,0
39174000,0,0
39176000,0,0
39178000,0,0
39180000,0,0
39182000,0,0
39184000,0,0
39186000,0,0
39188000,0,0
39190000,0,0
39192000,0,0
39194000,0,0
39196000,0,0
39198000,0,0
39200000,0,0
39202000,0,0
39204000,0,0
39206000,0,0
39208000,0,0
39210000,0,0
39212000,0,0
39214000,0,0
39216000,0,0
39218000,0,0
39220000,0,0
39222000,0,0
39224000,0,0
39226000,0,0
39228000,0,0
39230000,0,0
39232000,0,0
39234000,0,0
39236000,0,0
39238000,0,0
39240000,0,0
39242000,0,0
39244000,0,0
39246000,0,0
39248000,0,0
39250000,0,0
39252000,0,0
39254000,0,0
39256000,0,0
39258000,0,0
39260000,0,0
39262000,0,0
39264000,0,0
39266000,0,0
39268000,0,0
39270000,0,0
39272000,0,0
39274000,0,0
39276000,0,0
39278000,0,0
39280000,0,0
39282000,0,0
39284000,0,0
39286000,0,0
39288000,0,0
39290000,0,0
39292000,0,0
39294000,0,0
39296000,0,0
39298000,0,0
39300000,0,0
39302000,0,0
39304000,0,0
39306000,0,0
39308000,0,0
39310000,0,0
39312000,0,0
39314000,0,0
39316000,0,0
39318000,0,0
39320000,0,0
39322000,0,0
39324000,0,0
39326000,0,0
39328000,0,0
39330000,0,0
39332000,0,0
39334000,0,0
39336000,0,0
39338000,0,0
39340000,0,0
39342000,0,0
39344000,0,0
39346000,0,0
39348000,0,0
39350000,0,0
39352000,0,0
39354000,0,0
39356000,0,0
39358000,0,0
39360000,0,0
39362000,0,0
39364000,0,0
39366000,0,0
39368000,0,0
39370000,0,0
39372000,0,0
39374000,0,0
39376000,0,0
39378000,0,0
39380000,0,0
39382000,0,0
39384000,0,0
39386000,0,0
39388000,0,0
39390000,0,0
39392000,0,0
39394000,0,0
39396000,0,0
39398000,0,0
39400000,0,0
39402000,0,0
39404000,0,0
39406000,0,0
39408000,0,0
39410000,0,0
39412000,0,0
39414000,0,0
39416000,0,0
39418000,0,0
39420000,0,0
39422000,0,0
39424000,0,0
39426000,0,0
39428000,0,0
39430000,0,0
39432000,0,0
39434000,0,0
39436000,0,0
39438000,0,0
39440000,0,0
39442000,0,0
39444000,0,0
39446000,0,0
39448000,0,0
39450000,0,0
39452000,0,0
39454000,0,0
39456000,0,0
39458000,0,0
39460000,0,0
39462000,0,0
39464000,0,0
39466000,0,0
39468000,0,0
39470000,0,0
39472000,0,0
39474000,0,0
39476000,0,0
39478000,0,0
39480000,0,0
39482000,0,0
39484000,0,0
39486000,0,0
39488000,0,0
39490000,0,0
39492000,0,0
39494000,0,0
39496000,0,0
39498000,0,0
39500000,0,0
39502000,0,0
39504000,0,0
39506000,0,0
39508000,0,0
39510000,0,0
39512000,0,0
39514000,0,0
39516000,0,0
39518000,0,0
39520000,0,0
39522000,0,0
39524000,0,0
39526000,0,0
39528000,0,0
39530000,0,0
39532000,0,0
39534000,0,0
39536000,0,0
39538000,0,0
39540000,0,0
39542000,0,0
39544000,0,0
39546000,0,0
39548000,0,0
39550000,0,0
39552000,0,0
39554000,0,0
39556000,0,0
39558000,0,0
39560000,0,0
39562000,0,0
39564000,0,0
39566000,0,0
39568000,0,0
39570000,0,0
39572000,0,0
39574000,0,0
39576000,0,0
39578000,0,0
39580000,0,0
39582000,0,0
39584000,0,0
39586000,0,0
39588000,0,0
39590000,0,0
39592000,0,0
39594000,0,0
39596000,0,0
39598000,0,0
39600000,0,0
39602000,0,0
39604000,0,0
39606000,0,0
39608000,0,0
39610000,0,0
39612000,0,0
39614000,0,0
39616000,0,0
39618000,0,0
39620000,0,0
39622000,0,0
39624000,0,0
39626000,0,0
39628000,0,0
39630000,0,0
39632000,0,0
39634000,0,0
39636000,0,0
39638000,0,0
39640000,0,0
39642000,0,0
39644000,0,0
39646000,0,0
39648000,0,0
39650000,0,0
39652000,0,0
39654000,0,0
39656000,0,0
39658000,0,0
39660000,0,0
39662000,0,0
39664000,0,0
39666000,0,0
39668000,0,0
39670000,0,0
39672000,0,0
39674000,0,0
39676000,0,0
39678000,0,0
39680000,0,0
39682000,0,0
39684000,0,0
39686000,0,0
39688000,0,0
39690000,0,0
39692000,0,0
39694000,0,0
39696000,0,0
39698000,0,0
39700000,0,0
39702000,0,0
39704000,0,0
39706000,0,0
39708000,0,0
39710000,0,0
39712000,0,0
39714000,0,0
39716000,0,0
39718000,0,0
39720000,0,0
39722000,0,0
39724000,0,0
39726000,0,0
39728000,0,0
39730000,0,0
39732000,0,0
39734000,0,0
39736000,0,0
39738000,0,0
39740000,0,0
39742000,0,0
39744000,0,0
39746000,0,0
39748000,0,0
39750000,0,0
39752000,0,0
39754000,0,0
39756000,0,0
39758000,0,0
39760000,0,0
39762000,0,0
39764000,0,0
39766000,0,0
39768000,0,0
39770000,0,0
39772000,0,0
39774000,0,0
39776000,0,0
39778000,0,0
39780000,0,0
39782000,0,0
39784000,0,0
39786000,0,0
39788000,0,0
39790000,0,0
39792000,0,0
39794000,0,0
39796000,0,0
39798000,0,0
39800000,0,0
39802000,0,0
39804000,0,0
39806000,0,0
39808000,0,0
39810000,0,0
39812000,0,0
39814000,0,0
39816000,0,0
39818000,0,0
39820000,0,0
39822000,0,0
39824000,0,0
39826000,0,0
39828000,0,0
39830000,0,0
39832000,0,0
39834000,0,0
39836000,0,0
39838000,0,0
39840000,0,0
39842000,0,0
39844000,0,0
39846000,0,0
39848000,0,0
39850000,0,0
39852000,0,0
39854000,0,0
39856000,0,0
39858000,0,0
39860000,0,0
39862000,0,0
39864000,0,0
39866000,0,0
39868000,0,0
39870000,0,0
39872000,0,0
39874000,0,0
39876000,0,0
39878000,0,0
39880000,0,0
39882000,0,0
39884000,0,0
39886000,0,0
39888000,0,0
39890000,0,0
39892000,0,0
39894000,0,0
39896000,0,0
39898000,0,0
39900000,0,0
39902000,0,0
39904000,0,0
39906000,0,0
39908000,0,0
39910000,0,0
39912000,0,0
39914000,0,0
39916000,0,0
39918000,0,0
39920000,0,0
39922000,0,0
39924000,0,0
39926000,0,0
39928000,0,0
39930000,0,0
39932000,0,0
39934000,0,0
39936000,0,0
39938000,0,0
39940000,0,0
39942000,0,0
39944000,0,0
39946000,0,0
39948000,0,0
39950000,0,0
39952000,0,0
39954000,0,0
39956000,0,0
39958000,0,0
39960000,0,0
39962000,0,0
39964000,0,0
39966000,0,0
39968000,0,0
39970000,0,0
39972000,0,0
39974000,0,0
39976000,0,0
39978000,0,0
39980000,0,0
39982000,0,0
39984000,0,0
39986000,0,0
39988000,0,0
39990000,0,0
39992000,0,0
39994000,0,0
39996000,0,0
39998000,0,0
40000000,0,0
40002000,0,0
40004000,0,0
40006000,0,0
40008000,0,0
40010000,0,0
40012000,0,0
40014000,0,0
40016000,0,0
40018000,0,0
40020000,0,0
40022000,0,0
40024000,0,0
40026000,0,0
40028000,0,0
40030000,0,0
40032000,0,0
40034000,0,0
40036000,0,0
40038000,0,0
40040000,0,0
40042000,0,0
40044000,0,0
40046000,0,0
40048000,0,0
40050000,0,0
40052000,0,0
40054000,0,0
40056000,0,0
40058000,0,0
40060000,0,0
40062000,0,0
40064000,0,0
40066000,0,0
40068000,0,0
40070000,0,0
40072000,0,0
40074000,0,0
40076000,0,0
40078000,0,0
40080000,0,0
40082000,0,0
40084000,0,0
40086000,0,0
40088000,0,0
40090000,0,0
40092000,0,0
40094000,0,0
40096000,0,0
40098000,0,0
40100000,0,0
40102000,0,0
40104000,0,0
40106000,0,0
40108000,0,0
40110000,0,0
40112000,0,0
40114000,0,0
40116000,0,0
40118000,0,0
40120000,0,0
40122000,0,0
40124000,0,0
40126000,0,0
40128000,0,0
40130000,0,0
40132000,0,0
40134000,0,0
40136000,0,0
40138000,0,0
40140000,0,0
40142000,0,0
40144000,0,0
40146000,0,0
40148000,0,0
40150000,0,0
40152000,0,0
40154000,0,0
40156000,0,0
40158000,0,0
40160000,0,0
40162000,0,0
40164000,0,0
40166000,0,0
40168000,0,0
40170000,0,0
40172000,0,0
40174000,0,0
40176000,0,0
40178000,0,0
40180000,0,0
40182000,0,0
40184000,0,0
40186000,0,0
40188000,0,0
40190000,0,0
40192000,0,0
40194000,0,0
40196000,0,0
40198000,0,0
40200000,0,0
40202000,0,0
40204000,0,0
40206000,0,0
40208000,0,0
40210000,0,0
40212000,0,0
40214000,0,0
40216000,0,0
40218000,0,0
40220000,0,0
40222000,0,0
40224000,0,0
40226000,0,0
40228000,0,0
40230000,0,0
40232000,0,0
40234000,0,0
40236000,0,0
40238000,0,0
40240000,0,0
40242000,0,0
40244000,0,0
40246000,0,0
40248000,0,0
40250000,0,0
40252000,0,0
40254000,0,0
40256000,0,0
40258000,0,0
40260000,0,0
40262000,0,0
40264000,0,0
40266000,0,0
40268000,0,0
40270000,0,0
40272000,0,0
40274000,0,0
40276000,0,0
40278000,0,0
40280000,0,0
40282000,0,0
40284000,0,0
40286000,0,0
40288000,0,0
40290000,0,0
40292000,0,0
40294000,0,0
40296000,0,0
40298000,0,0
40300000,0,0
40302000,0,0
40304000,0,0
40306000,0,0
40308000,0,0
40310000,0,0
40312000,0,0
40314000,0,0
40316000,0,0
40318000,0,0
40320000,0,0
40322000,0,0
40324000,0,0
40326000,0,0
40328000,0,0
40330000,0,0
40332000,0,0
40334000,0,0
40336000,0,0
40338000,0,0
40340000,0,0
40342000,0,0
40344000,0,0
40346000,0,0
40348000,0,0
40350000,0,0
40352000,0,0
40354000,0,0
40356000,0,0
40358000,0,0
40360000,0,0
40362000,0,0
40364000,0,0
40366000,0,0
40368000,0,0
40370000,0,0
40372000,0,0
40374000,0,0
40376000,0,0
40378000,0,0
40380000,0,0
40382000,0,0
40384000,0,0
40386000,0,0
40388000,0,0
40390000,0,0
40392000,0,0
40394000,0,0
40396000,0,0
40398000,0,0
40400000,0,0
40402000,0,0
40404000,0,0
40406000,0,0
40408000,0,0
40410000,0,0
40412000,0,0
40414000,0,0
40416000,0,0
40418000,0,0
40420000,0,0
40422000,0,0
40424000,0,0
40426000,0,0
40428000,0,0
40430000,0,0
40432000,0,0
40434000,0,0
40436000,0,0
40438000,0,0
40440000,0,0
40442000,0,0
40444000,0,0
40446000,0,0
40448000,0,0
40450000,0,0
40452000,0,0
40454000,0,0
40456000,0,0
40458000,0,0
40460000,0,0
40462000,0,0
40464000,0,0
40466000,0,0
40468000,0,0
40470000,0,0
40472000,0,0
40474000,0,0
40476000,0,0
40478000,0,0
40480000,0,0
40482000,0,0
40484000,0,0
40486000,0,0
40488000,0,0
40490000,0,0
40492000,0,0
40494000,0,0
40496000,0,0
40498000,0,0
40500000,0,0
40502000,0,0
40504000,0,0
40506000,0,0
40508000,0,0
40510000,0,0
40512000,0,0
40514000,0,0
40516000,0,0
40518000,0,0
40520000,0,0
40522000,0,0
40524000,0,0
40526000,0,0
40528000,0,0
40530000,0,0
40532000,0,0
40534000,0,0
40536000,0,0
40538000,0,0
40540000,0,0
40542000,0,0
40544000,0,0
40546000,0,0
40548000,0,0
40550000,0,0
40552000,0,0
40554000,0,0
40556000,0,0
40558000,0,0
40560000,0,0
40562000,0,0
40564000,0,0
40566000,0,0
40568000,0,0
40570000,0,0
40572000,0,0
40574000,0,0
40576000,0,0
40578000,0,0
40580000,0,0
40582000,0,0
40584000,0,0
40586000,0,0
40588000,0,0
40590000,0,0
40592000,0,0
40594000,0,0
40596000,0,0
40598000,0,0
40600000,0,0
40602000,0,0
40604000,0,0
40606000,0,0
40608000,0,0
40610000,0,0
40612000,0,0
40614000,0,0
40616000,0,0
40618000,0,0
40620000,0,0
40622000,0,0
40624000,0,0
40626000,0,0
40628000,0,0
40630000,0,0
40632000,0,0
40634000,0,0
40636000,0,0
40638000,0,0
40640000,0,0
40642000,0,0
40644000,0,0
40646000,0,0
40648000,0,0
40650000,0,0
40652000,0,0
40654000,0,0
40656000,0,0
40658000,0,0
40660000,0,0
40662000,0,0
40664000,0,0
40666000,0,0
40668000,0,0
40670000,0,0
40672000,0,0
40674000,0,0
40676000,0,0
40678000,0,0
40680000,0,0
40682000,0,0
40684000,0,0
40686000,0,0
40688000,0,0
40690000,0,0
40692000,0,0
40694000,0,0
40696000,0,0
40698000,0,0
40700000,0,0
40702000,0,0
40704000,0,0
40706000,0,0
40708000,0,0
40710000,0,0
40712000,0,0
40714000,0,0
40716000,0,0
40718000,0,0
40720000,0,0
40722000,0,0
40724000,0,0
40726000,0,0
40728000,0,0
40730000,0,0
40732000,0,0
40734000,0,0
40736000,0,0
40738000,0,0
40740000,0,0
40742000,0,0
40744000,0,0
40746000,0,0
40748000,0,0
40750000,0,0
40752000,0,0
40754000,0,0
40756000,0,0
40758000,0,0
40760000,0,0
40762000,0,0
40764000,0,0
40766000,0,0
40768000,0,0
40770000,0,0
40772000,0,0
40774000,0,0
40776000,0,0
40778000,0,0
40780000,0,0
40782000,0,0
40784000,0,0
40786000,0,0
40788000,0,0
40790000,0,0
40792000,0,0
40794000,0,0
40796000,0,0
40798000,0,0
40800000,0,0
40802000,0,0
40804000,0,0
40806000,0,0
40808000,0,0
40810000,0,0
40812000,0,0
40814000,0,0
40816000,0,0
40818000,0,0
40820000,0,0
40822000,0,0
40824000,0,0
40826000,0,0
40828000,0,0
40830000,0,0
40832000,0,0
40834000,0,0
40836000,0,0
40838000,0,0
40840000,0,0
40842000,0,0
40844000,0,0
40846000,0,0
40848000,0,0
40850000,0,0
40852000,0,0
40854000,0,0
40856000,0,0
40858000,0,0
40860000,0,0
40862000,0,0
40864000,0,0
40866000,0,0
40868000,0,0
40870000,0,0
40872000,0,0
40874000,0,0
40876000,0,0
40878000,0,0
40880000,0,0
40882000,0,0
40884000,0,0
40886000,0,0
40888000,0,0
40890000,0,0
40892000,0,0
40894000,0,0
40896000,0,0
40898000,0,0
40900000,0,0
40902000,0,0
40904000,0,0
40906000,0,0
40908000,0,0
40910000,0,0
40912000,0,0
40914000,0,0
40916000,0,0
40918000,0,0
40920000,0,0
40922000,0,0
40924000,0,0
40926000,0,0
40928000,0,0
40930000,0,0
40932000,0,0
40934000,0,0
40936000,0,0
40938000,0,0
40940000,0,0
40942000,0,0
40944000,0,0
40946000,0,0
40948000,0,0
40950000,0,0
40952000,0,0
40954000,0,0
40956000,0,0
40958000,0,0
40960000,0,0
40962000,0,0
40964000,0,0
40966000,0,0
40968000,0,0
40970000,0,0
40972000,0,0
40974000,0,0
40976000,0,0
40978000,0,0
40980000,0,0
40982000,0,0
40984000,0,0
40986000,0,0
40988000,0,0
40990000,0,0
40992000,0,0
40994000,0,0
40996000,0,0
40998000,0,0
