ENABLE_QCN			Yes
USE_DYNAMIC_PFC_THRESHOLD	Yes
CLAMP_TARGET_RATE		No
PAUSE_TIME			5
DATA_RATE			10Gbps
LINK_DELAY			0.001ms
PACKET_PAYLOAD_SIZE		952
L2_CHUNK_SIZE			4000
L2_ACK_INTERVAL			1
L2_BACK_TO_ZERO			No
TOPOLOGY_FILE			/work/v2_400g/configs/topo_200g.txt
FLOW_FILE			/work/v2_400g/configs/fm200g_s1_cbap_flow.txt
TRACE_FILE			/work/v2_400g/results/fm200g_s1_cbap/s1_trace.txt
TRACE_OUTPUT_FILE		/work/v2_400g/results/fm200g_s1_cbap/trace_output.txt
SIMULATOR_STOP_TIME		0.038
CC_MODE		30
ALPHA_RESUME_INTERVAL		55
RATE_DECREASE_INTERVAL		4
RP_TIMER			300
EWMA_GAIN			0.00390625
FAST_RECOVERY_TIMES		5
RATE_AI				50Mb/s
RATE_HAI			100Mb/s
MIN_RATE		2000Mb/s
DCTCP_RATE_AI				1000Mb/s
ERROR_RATE_PER_LINK		0
HAS_WIN		1
GLOBAL_T		1
MI_THRESH		5
VAR_WIN		0
FAST_REACT		1
U_TARGET		0.95
INT_MULTI				1
RATE_BOUND		1
ACK_HIGH_PRIO		0
LINK_DOWN				0 0 0
ENABLE_TRACE				0
BUFFER_SIZE				64
QLEN_MON_FILE				/dev/null
QLEN_MON_START				0
QLEN_MON_END				37665610
KMAX_MAP				 200000000000 1600
KMIN_MAP				 200000000000 400
PMAX_MAP				 200000000000 0.2
MULTI_RATE				1
SAMPLE_FEEDBACK				0
PFC_OUTPUT_FILE				/work/v2_400g/results/fm200g_s1_cbap/pfc_events.csv
CBAP_PHASE_SPREAD_ENABLE		1
CBAP_STEADY_CAP_ENABLE		1
CBAP_STEADY_CAP_FRACTION		1
CBAP_SBA_STEADY_FILL		0
CBAP_HOLD_TRACK_TARGET		0
CBAP_QUEUE_BAND_ENABLE		0
CBAP_QUEUE_BAND_V2_ENABLE		1
CBAP_QB2_BMAX_RATIO		0.02
CBAP_QB2_QTARGET_RATIO		0.07619
SBA_WIRE_DOMAIN_PLANNING		1
QLEN_TS_FILE				/work/v2_400g/results/fm200g_s1_cbap/qlen_ts.csv
QLEN_TS_INTERVAL_NS			2000
TX_TIME_ROUND_NS		1
CBAP_TX_RECORDS_MAX		2000000
CBAP_REALLOC_PARSED migration_enable=1 core_initial_release=1 initial_release_ratio=0.9 migration_trace=1
CBAP_TELEMETRY_LINK link_id=0 node=84 if=1 faces_node=64 dev_rate_bps=200000000000 cfg_capacity_bps=200000000000
maxRtt=12152 maxBdp=303800
Running Simulation.
QB2_MANIFEST link=0 bmax_ratio=0.0200 qtarget_ratio=0.0762 q_abs=2624999 h_eff_us=15.000
SBA_PLAN_AT t=10000000 group=0 application_ready=10000000 common_release=10005000 members=1
SBA_LIFECYCLE batch=0 release_ns=10005000 installed=0 collecting=0 hold=0 startup=0 dcqcn_owned=0 finished=0 new_batch=1 rho_init=0.9000
SBA_LIFECYCLE_CHECK batch=0 link=0 batch_sum=200000000000 old_retained=0 available=200000000000 bound=200000000000 margin=1
CBAP_MIG_REPLAN t=10010000 reason=active_set_grew flow=0 batch=0 newest_batch=0 cur=160000000000 target=160000000000 ceiling=160000000000 old_side_present=0
CBAP_MIG t=10010000 epoch=2002 flow=0 side=new cur=160000000000 next=160000000000 tgt=160000000000 f=0.405 u=0 breach=0 end=converged
SBA_PLAN_AT t=20000000 group=1 application_ready=20000000 common_release=20005000 members=64
SBA_LIFECYCLE batch=1 release_ns=20005000 installed=1 collecting=0 hold=0 startup=0 dcqcn_owned=1 finished=0 new_batch=64 rho_init=0.9000
SBA_LIFECYCLE_LINK batch=1 link=0 old_applied=160000000000 available=200000000000
SBA_LIFECYCLE_CHECK batch=1 link=0 batch_sum=184000000000 old_retained=16000000000 available=200000000000 bound=200000000000 margin=64
CBAP_MIG_REPLAN t=20010000 reason=active_set_grew flow=0 batch=0 newest_batch=1 cur=160000000000 target=15999999999 ceiling=160000000000 old_side_present=1
CBAP_MIG_REPLAN t=20010000 reason=active_set_grew flow=1 batch=1 newest_batch=1 cur=2100840336 target=2875000000 ceiling=200000000000 old_side_present=1
CBAP_MIG_REPLAN t=20010000 reason=active_set_grew flow=2 batch=1 newest_batch=1 cur=2100840336 target=2875000000 ceiling=200000000000 old_side_present=1
CBAP_MIG_REPLAN t=20010000 reason=active_set_grew flow=3 batch=1 newest_batch=1 cur=2100840336 target=2875000000 ceiling=200000000000 old_side_present=1
CBAP_MIG_REPLAN t=20010000 reason=active_set_grew flow=4 batch=1 newest_batch=1 cur=2100840336 target=2875000000 ceiling=200000000000 old_side_present=1
CBAP_MIG_REPLAN t=20010000 reason=active_set_grew flow=5 batch=1 newest_batch=1 cur=2100840336 target=2875000000 ceiling=200000000000 old_side_present=1
CBAP_MIG_REPLAN t=20010000 reason=active_set_grew flow=6 batch=1 newest_batch=1 cur=2100840336 target=2875000000 ceiling=200000000000 old_side_present=1
CBAP_MIG_REPLAN t=20010000 reason=active_set_grew flow=7 batch=1 newest_batch=1 cur=2100840336 target=2875000000 ceiling=200000000000 old_side_present=1
CBAP_MIG_REPLAN t=20010000 reason=active_set_grew flow=8 batch=1 newest_batch=1 cur=2100840336 target=2875000000 ceiling=200000000000 old_side_present=1
CBAP_MIG_REPLAN t=20010000 reason=active_set_grew flow=9 batch=1 newest_batch=1 cur=2100840336 target=2875000000 ceiling=200000000000 old_side_present=1
CBAP_MIG_REPLAN t=20010000 reason=active_set_grew flow=10 batch=1 newest_batch=1 cur=2100840336 target=2875000000 ceiling=200000000000 old_side_present=1
CBAP_MIG_REPLAN t=20010000 reason=active_set_grew flow=11 batch=1 newest_batch=1 cur=2100840336 target=2875000000 ceiling=200000000000 old_side_present=1
CBAP_MIG_REPLAN t=20010000 reason=active_set_grew flow=12 batch=1 newest_batch=1 cur=2100840336 target=2875000000 ceiling=200000000000 old_side_present=1
CBAP_MIG_REPLAN t=20010000 reason=active_set_grew flow=13 batch=1 newest_batch=1 cur=2100840336 target=2875000000 ceiling=200000000000 old_side_present=1
CBAP_MIG_REPLAN t=20010000 reason=active_set_grew flow=14 batch=1 newest_batch=1 cur=2100840336 target=2875000000 ceiling=200000000000 old_side_present=1
CBAP_MIG_REPLAN t=20010000 reason=active_set_grew flow=15 batch=1 newest_batch=1 cur=2100840336 target=2875000000 ceiling=200000000000 old_side_present=1
CBAP_MIG_REPLAN t=20010000 reason=active_set_grew flow=16 batch=1 newest_batch=1 cur=2100840336 target=2875000000 ceiling=200000000000 old_side_present=1
CBAP_MIG_REPLAN t=20010000 reason=active_set_grew flow=17 batch=1 newest_batch=1 cur=2100840336 target=2875000000 ceiling=200000000000 old_side_present=1
CBAP_MIG_REPLAN t=20010000 reason=active_set_grew flow=18 batch=1 newest_batch=1 cur=2100840336 target=2875000000 ceiling=200000000000 old_side_present=1
CBAP_MIG_REPLAN t=20010000 reason=active_set_grew flow=19 batch=1 newest_batch=1 cur=2100840336 target=2875000000 ceiling=200000000000 old_side_present=1
CBAP_MIG_REPLAN t=20010000 reason=active_set_grew flow=20 batch=1 newest_batch=1 cur=2100840336 target=2875000000 ceiling=200000000000 old_side_present=1
CBAP_MIG_REPLAN t=20010000 reason=active_set_grew flow=21 batch=1 newest_batch=1 cur=2100840336 target=2875000000 ceiling=200000000000 old_side_present=1
CBAP_MIG_REPLAN t=20010000 reason=active_set_grew flow=22 batch=1 newest_batch=1 cur=2100840336 target=2875000000 ceiling=200000000000 old_side_present=1
CBAP_MIG_REPLAN t=20010000 reason=active_set_grew flow=23 batch=1 newest_batch=1 cur=2100840336 target=2875000000 ceiling=200000000000 old_side_present=1
CBAP_MIG_REPLAN t=20010000 reason=active_set_grew flow=24 batch=1 newest_batch=1 cur=2100840336 target=2875000000 ceiling=200000000000 old_side_present=1
CBAP_MIG_REPLAN t=20010000 reason=active_set_grew flow=25 batch=1 newest_batch=1 cur=2100840336 target=2875000000 ceiling=200000000000 old_side_present=1
CBAP_MIG_REPLAN t=20010000 reason=active_set_grew flow=26 batch=1 newest_batch=1 cur=2100840336 target=2875000000 ceiling=200000000000 old_side_present=1
CBAP_MIG_REPLAN t=20010000 reason=active_set_grew flow=27 batch=1 newest_batch=1 cur=2100840336 target=2875000000 ceiling=200000000000 old_side_present=1
CBAP_MIG_REPLAN t=20010000 reason=active_set_grew flow=28 batch=1 newest_batch=1 cur=2100840336 target=2875000000 ceiling=200000000000 old_side_present=1
CBAP_MIG_REPLAN t=20010000 reason=active_set_grew flow=29 batch=1 newest_batch=1 cur=2100840336 target=2875000000 ceiling=200000000000 old_side_present=1
CBAP_MIG_REPLAN t=20010000 reason=active_set_grew flow=30 batch=1 newest_batch=1 cur=2100840336 target=2875000000 ceiling=200000000000 old_side_present=1
CBAP_MIG_REPLAN t=20010000 reason=active_set_grew flow=31 batch=1 newest_batch=1 cur=2100840336 target=2875000000 ceiling=200000000000 old_side_present=1
CBAP_MIG_REPLAN t=20010000 reason=active_set_grew flow=32 batch=1 newest_batch=1 cur=2100840336 target=2875000000 ceiling=200000000000 old_side_present=1
CBAP_MIG_REPLAN t=20010000 reason=active_set_grew flow=33 batch=1 newest_batch=1 cur=2100840336 target=2875000000 ceiling=200000000000 old_side_present=1
CBAP_MIG_REPLAN t=20010000 reason=active_set_grew flow=34 batch=1 newest_batch=1 cur=2100840336 target=2875000000 ceiling=200000000000 old_side_present=1
CBAP_MIG_REPLAN t=20010000 reason=active_set_grew flow=35 batch=1 newest_batch=1 cur=2100840336 target=2875000000 ceiling=200000000000 old_side_present=1
CBAP_MIG_REPLAN t=20010000 reason=active_set_grew flow=36 batch=1 newest_batch=1 cur=2100840336 target=2875000000 ceiling=200000000000 old_side_present=1
CBAP_MIG_REPLAN t=20010000 reason=active_set_grew flow=37 batch=1 newest_batch=1 cur=2100840336 target=2875000000 ceiling=200000000000 old_side_present=1
CBAP_MIG_REPLAN t=20010000 reason=active_set_grew flow=38 batch=1 newest_batch=1 cur=2100840336 target=2875000000 ceiling=200000000000 old_side_present=1
CBAP_MIG_REPLAN t=20010000 reason=active_set_grew flow=39 batch=1 newest_batch=1 cur=2100840336 target=2875000000 ceiling=200000000000 old_side_present=1
CBAP_MIG_REPLAN t=20010000 reason=active_set_grew flow=40 batch=1 newest_batch=1 cur=2100840336 target=2875000000 ceiling=200000000000 old_side_present=1
CBAP_MIG_REPLAN t=20010000 reason=active_set_grew flow=41 batch=1 newest_batch=1 cur=2100840336 target=2875000000 ceiling=200000000000 old_side_present=1
CBAP_MIG_REPLAN t=20010000 reason=active_set_grew flow=42 batch=1 newest_batch=1 cur=2100840336 target=2875000000 ceiling=200000000000 old_side_present=1
CBAP_MIG_REPLAN t=20010000 reason=active_set_grew flow=43 batch=1 newest_batch=1 cur=2100840336 target=2875000000 ceiling=200000000000 old_side_present=1
CBAP_MIG_REPLAN t=20010000 reason=active_set_grew flow=44 batch=1 newest_batch=1 cur=2100840336 target=2875000000 ceiling=200000000000 old_side_present=1
CBAP_MIG_REPLAN t=20010000 reason=active_set_grew flow=45 batch=1 newest_batch=1 cur=2100840336 target=2875000000 ceiling=200000000000 old_side_present=1
CBAP_MIG_REPLAN t=20010000 reason=active_set_grew flow=46 batch=1 newest_batch=1 cur=2100840336 target=2875000000 ceiling=200000000000 old_side_present=1
CBAP_MIG_REPLAN t=20010000 reason=active_set_grew flow=47 batch=1 newest_batch=1 cur=2100840336 target=2875000000 ceiling=200000000000 old_side_present=1
CBAP_MIG_REPLAN t=20010000 reason=active_set_grew flow=48 batch=1 newest_batch=1 cur=2100840336 target=2875000000 ceiling=200000000000 old_side_present=1
CBAP_MIG_REPLAN t=20010000 reason=active_set_grew flow=49 batch=1 newest_batch=1 cur=2100840336 target=2875000000 ceiling=200000000000 old_side_present=1
CBAP_MIG_REPLAN t=20010000 reason=active_set_grew flow=50 batch=1 newest_batch=1 cur=2100840336 target=2875000000 ceiling=200000000000 old_side_present=1
CBAP_MIG_REPLAN t=20010000 reason=active_set_grew flow=51 batch=1 newest_batch=1 cur=2100840336 target=2875000000 ceiling=200000000000 old_side_present=1
CBAP_MIG_REPLAN t=20010000 reason=active_set_grew flow=52 batch=1 newest_batch=1 cur=2100840336 target=2875000000 ceiling=200000000000 old_side_present=1
CBAP_MIG_REPLAN t=20010000 reason=active_set_grew flow=53 batch=1 newest_batch=1 cur=2100840336 target=2875000000 ceiling=200000000000 old_side_present=1
CBAP_MIG_REPLAN t=20010000 reason=active_set_grew flow=54 batch=1 newest_batch=1 cur=2100840336 target=2875000000 ceiling=200000000000 old_side_present=1
CBAP_MIG_REPLAN t=20010000 reason=active_set_grew flow=55 batch=1 newest_batch=1 cur=2100840336 target=2875000000 ceiling=200000000000 old_side_present=1
CBAP_MIG_REPLAN t=20010000 reason=active_set_grew flow=56 batch=1 newest_batch=1 cur=2100840336 target=2875000000 ceiling=200000000000 old_side_present=1
CBAP_MIG_REPLAN t=20010000 reason=active_set_grew flow=57 batch=1 newest_batch=1 cur=2100840336 target=2875000000 ceiling=200000000000 old_side_present=1
CBAP_MIG_REPLAN t=20010000 reason=active_set_grew flow=58 batch=1 newest_batch=1 cur=2100840336 target=2875000000 ceiling=200000000000 old_side_present=1
CBAP_MIG_REPLAN t=20010000 reason=active_set_grew flow=59 batch=1 newest_batch=1 cur=2100840336 target=2875000000 ceiling=200000000000 old_side_present=1
CBAP_MIG_REPLAN t=20010000 reason=active_set_grew flow=60 batch=1 newest_batch=1 cur=2100840336 target=2875000000 ceiling=200000000000 old_side_present=1
CBAP_MIG_REPLAN t=20010000 reason=active_set_grew flow=61 batch=1 newest_batch=1 cur=2100840336 target=2875000000 ceiling=200000000000 old_side_present=1
CBAP_MIG_REPLAN t=20010000 reason=active_set_grew flow=62 batch=1 newest_batch=1 cur=2100840336 target=2875000000 ceiling=200000000000 old_side_present=1
CBAP_MIG_REPLAN t=20010000 reason=active_set_grew flow=63 batch=1 newest_batch=1 cur=2100840336 target=2875000000 ceiling=200000000000 old_side_present=1
CBAP_MIG_REPLAN t=20010000 reason=active_set_grew flow=64 batch=1 newest_batch=1 cur=2100840336 target=2875000000 ceiling=200000000000 old_side_present=1
CBAP_MIG t=20010000 epoch=4002 flow=0 side=old cur=160000000000 next=116799999999 tgt=15999999999 f=0.3 u=0 breach=0 end=
CBAP_MIG t=20010000 epoch=4002 flow=1 side=new cur=2100840336 next=2414374999 tgt=2875000000 f=0.405 u=0 breach=0 end=
CBAP_MIG t=20010000 epoch=4002 flow=2 side=new cur=2100840336 next=2414374999 tgt=2875000000 f=0.405 u=0 breach=0 end=
CBAP_MIG t=20010000 epoch=4002 flow=3 side=new cur=2100840336 next=2414374999 tgt=2875000000 f=0.405 u=0 breach=0 end=
CBAP_MIG t=20010000 epoch=4002 flow=4 side=new cur=2100840336 next=2414374999 tgt=2875000000 f=0.405 u=0 breach=0 end=
CBAP_MIG t=20010000 epoch=4002 flow=5 side=new cur=2100840336 next=2414374999 tgt=2875000000 f=0.405 u=0 breach=0 end=
CBAP_MIG t=20010000 epoch=4002 flow=6 side=new cur=2100840336 next=2414374999 tgt=2875000000 f=0.405 u=0 breach=0 end=
CBAP_MIG t=20010000 epoch=4002 flow=7 side=new cur=2100840336 next=2414374999 tgt=2875000000 f=0.405 u=0 breach=0 end=
CBAP_MIG t=20010000 epoch=4002 flow=8 side=new cur=2100840336 next=2414374999 tgt=2875000000 f=0.405 u=0 breach=0 end=
CBAP_MIG t=20010000 epoch=4002 flow=9 side=new cur=2100840336 next=2414374999 tgt=2875000000 f=0.405 u=0 breach=0 end=
CBAP_MIG t=20010000 epoch=4002 flow=10 side=new cur=2100840336 next=2414374999 tgt=2875000000 f=0.405 u=0 breach=0 end=
CBAP_MIG t=20010000 epoch=4002 flow=11 side=new cur=2100840336 next=2414374999 tgt=2875000000 f=0.405 u=0 breach=0 end=
CBAP_MIG t=20010000 epoch=4002 flow=12 side=new cur=2100840336 next=2414374999 tgt=2875000000 f=0.405 u=0 breach=0 end=
CBAP_MIG t=20010000 epoch=4002 flow=13 side=new cur=2100840336 next=2414374999 tgt=2875000000 f=0.405 u=0 breach=0 end=
CBAP_MIG t=20010000 epoch=4002 flow=14 side=new cur=2100840336 next=2414374999 tgt=2875000000 f=0.405 u=0 breach=0 end=
CBAP_MIG t=20010000 epoch=4002 flow=15 side=new cur=2100840336 next=2414374999 tgt=2875000000 f=0.405 u=0 breach=0 end=
CBAP_MIG t=20010000 epoch=4002 flow=16 side=new cur=2100840336 next=2414374999 tgt=2875000000 f=0.405 u=0 breach=0 end=
CBAP_MIG t=20010000 epoch=4002 flow=17 side=new cur=2100840336 next=2414374999 tgt=2875000000 f=0.405 u=0 breach=0 end=
CBAP_MIG t=20010000 epoch=4002 flow=18 side=new cur=2100840336 next=2414374999 tgt=2875000000 f=0.405 u=0 breach=0 end=
CBAP_MIG t=20010000 epoch=4002 flow=19 side=new cur=2100840336 next=2414374999 tgt=2875000000 f=0.405 u=0 breach=0 end=
CBAP_MIG t=20010000 epoch=4002 flow=20 side=new cur=2100840336 next=2414374999 tgt=2875000000 f=0.405 u=0 breach=0 end=
CBAP_MIG t=20010000 epoch=4002 flow=21 side=new cur=2100840336 next=2414374999 tgt=2875000000 f=0.405 u=0 breach=0 end=
CBAP_MIG t=20010000 epoch=4002 flow=22 side=new cur=2100840336 next=2414374999 tgt=2875000000 f=0.405 u=0 breach=0 end=
CBAP_MIG t=20010000 epoch=4002 flow=23 side=new cur=2100840336 next=2414374999 tgt=2875000000 f=0.405 u=0 breach=0 end=
CBAP_MIG t=20010000 epoch=4002 flow=24 side=new cur=2100840336 next=2414374999 tgt=2875000000 f=0.405 u=0 breach=0 end=
CBAP_MIG t=20010000 epoch=4002 flow=25 side=new cur=2100840336 next=2414374999 tgt=2875000000 f=0.405 u=0 breach=0 end=
CBAP_MIG t=20010000 epoch=4002 flow=26 side=new cur=2100840336 next=2414374999 tgt=2875000000 f=0.405 u=0 breach=0 end=
CBAP_MIG t=20010000 epoch=4002 flow=27 side=new cur=2100840336 next=2414374999 tgt=2875000000 f=0.405 u=0 breach=0 end=
CBAP_MIG t=20010000 epoch=4002 flow=28 side=new cur=2100840336 next=2414374999 tgt=2875000000 f=0.405 u=0 breach=0 end=
CBAP_MIG t=20010000 epoch=4002 flow=29 side=new cur=2100840336 next=2414374999 tgt=2875000000 f=0.405 u=0 breach=0 end=
CBAP_MIG t=20010000 epoch=4002 flow=30 side=new cur=2100840336 next=2414374999 tgt=2875000000 f=0.405 u=0 breach=0 end=
CBAP_MIG t=20010000 epoch=4002 flow=31 side=new cur=2100840336 next=2414374999 tgt=2875000000 f=0.405 u=0 breach=0 end=
CBAP_MIG t=20010000 epoch=4002 flow=32 side=new cur=2100840336 next=2414374999 tgt=2875000000 f=0.405 u=0 breach=0 end=
CBAP_MIG t=20010000 epoch=4002 flow=33 side=new cur=2100840336 next=2414374999 tgt=2875000000 f=0.405 u=0 breach=0 end=
CBAP_MIG t=20010000 epoch=4002 flow=34 side=new cur=2100840336 next=2414374999 tgt=2875000000 f=0.405 u=0 breach=0 end=
CBAP_MIG t=20010000 epoch=4002 flow=35 side=new cur=2100840336 next=2414374999 tgt=2875000000 f=0.405 u=0 breach=0 end=
CBAP_MIG t=20010000 epoch=4002 flow=36 side=new cur=2100840336 next=2414374999 tgt=2875000000 f=0.405 u=0 breach=0 end=
CBAP_MIG t=20010000 epoch=4002 flow=37 side=new cur=2100840336 next=2414374999 tgt=2875000000 f=0.405 u=0 breach=0 end=
CBAP_MIG t=20010000 epoch=4002 flow=38 side=new cur=2100840336 next=2414374999 tgt=2875000000 f=0.405 u=0 breach=0 end=
CBAP_MIG t=20010000 epoch=4002 flow=39 side=new cur=2100840336 next=2414374999 tgt=2875000000 f=0.405 u=0 breach=0 end=
CBAP_MIG t=20010000 epoch=4002 flow=40 side=new cur=2100840336 next=2414374999 tgt=2875000000 f=0.405 u=0 breach=0 end=
CBAP_MIG t=20010000 epoch=4002 flow=41 side=new cur=2100840336 next=2414374999 tgt=2875000000 f=0.405 u=0 breach=0 end=
CBAP_MIG t=20010000 epoch=4002 flow=42 side=new cur=2100840336 next=2414374999 tgt=2875000000 f=0.405 u=0 breach=0 end=
CBAP_MIG t=20010000 epoch=4002 flow=43 side=new cur=2100840336 next=2414374999 tgt=2875000000 f=0.405 u=0 breach=0 end=
CBAP_MIG t=20010000 epoch=4002 flow=44 side=new cur=2100840336 next=2414374999 tgt=2875000000 f=0.405 u=0 breach=0 end=
CBAP_MIG t=20010000 epoch=4002 flow=45 side=new cur=2100840336 next=2414374999 tgt=2875000000 f=0.405 u=0 breach=0 end=
CBAP_MIG t=20010000 epoch=4002 flow=46 side=new cur=2100840336 next=2414374999 tgt=2875000000 f=0.405 u=0 breach=0 end=
CBAP_MIG t=20010000 epoch=4002 flow=47 side=new cur=2100840336 next=2414374999 tgt=2875000000 f=0.405 u=0 breach=0 end=
CBAP_MIG t=20010000 epoch=4002 flow=48 side=new cur=2100840336 next=2414374999 tgt=2875000000 f=0.405 u=0 breach=0 end=
CBAP_MIG t=20010000 epoch=4002 flow=49 side=new cur=2100840336 next=2414374999 tgt=2875000000 f=0.405 u=0 breach=0 end=
CBAP_MIG t=20010000 epoch=4002 flow=50 side=new cur=2100840336 next=2414374999 tgt=2875000000 f=0.405 u=0 breach=0 end=
CBAP_MIG t=20010000 epoch=4002 flow=51 side=new cur=2100840336 next=2414374999 tgt=2875000000 f=0.405 u=0 breach=0 end=
CBAP_MIG t=20010000 epoch=4002 flow=52 side=new cur=2100840336 next=2414374999 tgt=2875000000 f=0.405 u=0 breach=0 end=
CBAP_MIG t=20010000 epoch=4002 flow=53 side=new cur=2100840336 next=2414374999 tgt=2875000000 f=0.405 u=0 breach=0 end=
CBAP_MIG t=20010000 epoch=4002 flow=54 side=new cur=2100840336 next=2414374999 tgt=2875000000 f=0.405 u=0 breach=0 end=
CBAP_MIG t=20010000 epoch=4002 flow=55 side=new cur=2100840336 next=2414374999 tgt=2875000000 f=0.405 u=0 breach=0 end=
CBAP_MIG t=20010000 epoch=4002 flow=56 side=new cur=2100840336 next=2414374999 tgt=2875000000 f=0.405 u=0 breach=0 end=
CBAP_MIG t=20010000 epoch=4002 flow=57 side=new cur=2100840336 next=2414374999 tgt=2875000000 f=0.405 u=0 breach=0 end=
CBAP_MIG t=20010000 epoch=4002 flow=58 side=new cur=2100840336 next=2414374999 tgt=2875000000 f=0.405 u=0 breach=0 end=
CBAP_MIG t=20010000 epoch=4002 flow=59 side=new cur=2100840336 next=2414374999 tgt=2875000000 f=0.405 u=0 breach=0 end=
CBAP_MIG t=20010000 epoch=4002 flow=60 side=new cur=2100840336 next=2414374999 tgt=2875000000 f=0.405 u=0 breach=0 end=
CBAP_MIG t=20010000 epoch=4002 flow=61 side=new cur=2100840336 next=2414374999 tgt=2875000000 f=0.405 u=0 breach=0 end=
CBAP_MIG t=20010000 epoch=4002 flow=62 side=new cur=2100840336 next=2414374999 tgt=2875000000 f=0.405 u=0 breach=0 end=
CBAP_MIG t=20010000 epoch=4002 flow=63 side=new cur=2100840336 next=2414374999 tgt=2875000000 f=0.405 u=0 breach=0 end=
CBAP_MIG t=20010000 epoch=4002 flow=64 side=new cur=2100840336 next=2414374999 tgt=2875000000 f=0.405 u=0 breach=0 end=
CBAP_MIG t=20015000 epoch=4003 flow=0 side=old cur=116799999999 next=86559999999 tgt=15999999999 f=0.3 u=0 breach=0 end=
CBAP_MIG t=20015000 epoch=4003 flow=1 side=new cur=2100840336 next=2414374999 tgt=2875000000 f=0.405 u=0 breach=0 end=
CBAP_MIG t=20015000 epoch=4003 flow=2 side=new cur=2100840336 next=2414374999 tgt=2875000000 f=0.405 u=0 breach=0 end=
CBAP_MIG t=20015000 epoch=4003 flow=3 side=new cur=2100840336 next=2414374999 tgt=2875000000 f=0.405 u=0 breach=0 end=
CBAP_MIG t=20015000 epoch=4003 flow=4 side=new cur=2100840336 next=2414374999 tgt=2875000000 f=0.405 u=0 breach=0 end=
CBAP_MIG t=20015000 epoch=4003 flow=5 side=new cur=2100840336 next=2414374999 tgt=2875000000 f=0.405 u=0 breach=0 end=
CBAP_MIG t=20015000 epoch=4003 flow=6 side=new cur=2100840336 next=2414374999 tgt=2875000000 f=0.405 u=0 breach=0 end=
CBAP_MIG t=20015000 epoch=4003 flow=7 side=new cur=2100840336 next=2414374999 tgt=2875000000 f=0.405 u=0 breach=0 end=
CBAP_MIG t=20015000 epoch=4003 flow=8 side=new cur=2100840336 next=2414374999 tgt=2875000000 f=0.405 u=0 breach=0 end=
CBAP_MIG t=20015000 epoch=4003 flow=9 side=new cur=2100840336 next=2414374999 tgt=2875000000 f=0.405 u=0 breach=0 end=
CBAP_MIG t=20015000 epoch=4003 flow=10 side=new cur=2100840336 next=2414374999 tgt=2875000000 f=0.405 u=0 breach=0 end=
CBAP_MIG t=20015000 epoch=4003 flow=11 side=new cur=2100840336 next=2414374999 tgt=2875000000 f=0.405 u=0 breach=0 end=
CBAP_MIG t=20015000 epoch=4003 flow=12 side=new cur=2100840336 next=2414374999 tgt=2875000000 f=0.405 u=0 breach=0 end=
CBAP_MIG t=20015000 epoch=4003 flow=13 side=new cur=2100840336 next=2414374999 tgt=2875000000 f=0.405 u=0 breach=0 end=
CBAP_MIG t=20015000 epoch=4003 flow=14 side=new cur=2100840336 next=2414374999 tgt=2875000000 f=0.405 u=0 breach=0 end=
CBAP_MIG t=20015000 epoch=4003 flow=15 side=new cur=2100840336 next=2414374999 tgt=2875000000 f=0.405 u=0 breach=0 end=
CBAP_MIG t=20015000 epoch=4003 flow=16 side=new cur=2100840336 next=2414374999 tgt=2875000000 f=0.405 u=0 breach=0 end=
CBAP_MIG t=20015000 epoch=4003 flow=17 side=new cur=2100840336 next=2414374999 tgt=2875000000 f=0.405 u=0 breach=0 end=
CBAP_MIG t=20015000 epoch=4003 flow=18 side=new cur=2100840336 next=2414374999 tgt=2875000000 f=0.405 u=0 breach=0 end=
CBAP_MIG t=20015000 epoch=4003 flow=19 side=new cur=2100840336 next=2414374999 tgt=2875000000 f=0.405 u=0 breach=0 end=
CBAP_MIG t=20015000 epoch=4003 flow=20 side=new cur=2100840336 next=2414374999 tgt=2875000000 f=0.405 u=0 breach=0 end=
CBAP_MIG t=20015000 epoch=4003 flow=21 side=new cur=2100840336 next=2414374999 tgt=2875000000 f=0.405 u=0 breach=0 end=
CBAP_MIG t=20015000 epoch=4003 flow=22 side=new cur=2100840336 next=2414374999 tgt=2875000000 f=0.405 u=0 breach=0 end=
CBAP_MIG t=20015000 epoch=4003 flow=23 side=new cur=2100840336 next=2414374999 tgt=2875000000 f=0.405 u=0 breach=0 end=
CBAP_MIG t=20015000 epoch=4003 flow=24 side=new cur=2100840336 next=2414374999 tgt=2875000000 f=0.405 u=0 breach=0 end=
CBAP_MIG t=20015000 epoch=4003 flow=25 side=new cur=2100840336 next=2414374999 tgt=2875000000 f=0.405 u=0 breach=0 end=
CBAP_MIG t=20015000 epoch=4003 flow=26 side=new cur=2100840336 next=2414374999 tgt=2875000000 f=0.405 u=0 breach=0 end=
CBAP_MIG t=20015000 epoch=4003 flow=27 side=new cur=2100840336 next=2414374999 tgt=2875000000 f=0.405 u=0 breach=0 end=
CBAP_MIG t=20015000 epoch=4003 flow=28 side=new cur=2100840336 next=2414374999 tgt=2875000000 f=0.405 u=0 breach=0 end=
CBAP_MIG t=20015000 epoch=4003 flow=29 side=new cur=2100840336 next=2414374999 tgt=2875000000 f=0.405 u=0 breach=0 end=
CBAP_MIG t=20015000 epoch=4003 flow=30 side=new cur=2100840336 next=2414374999 tgt=2875000000 f=0.405 u=0 breach=0 end=
CBAP_MIG t=20015000 epoch=4003 flow=31 side=new cur=2100840336 next=2414374999 tgt=2875000000 f=0.405 u=0 breach=0 end=
CBAP_MIG t=20015000 epoch=4003 flow=32 side=new cur=2100840336 next=2414374999 tgt=2875000000 f=0.405 u=0 breach=0 end=
CBAP_MIG t=20015000 epoch=4003 flow=33 side=new cur=2100840336 next=2414374999 tgt=2875000000 f=0.405 u=0 breach=0 end=
CBAP_MIG t=20015000 epoch=4003 flow=34 side=new cur=2100840336 next=2414374999 tgt=2875000000 f=0.405 u=0 breach=0 end=
CBAP_MIG t=20015000 epoch=4003 flow=35 side=new cur=2100840336 next=2414374999 tgt=2875000000 f=0.405 u=0 breach=0 end=
CBAP_MIG t=20015000 epoch=4003 flow=36 side=new cur=2100840336 next=2414374999 tgt=2875000000 f=0.405 u=0 breach=0 end=
CBAP_MIG t=20015000 epoch=4003 flow=37 side=new cur=2100840336 next=2414374999 tgt=2875000000 f=0.405 u=0 breach=0 end=
CBAP_MIG t=20015000 epoch=4003 flow=38 side=new cur=2100840336 next=2414374999 tgt=2875000000 f=0.405 u=0 breach=0 end=
CBAP_MIG t=20015000 epoch=4003 flow=39 side=new cur=2100840336 next=2414374999 tgt=2875000000 f=0.405 u=0 breach=0 end=
CBAP_MIG t=20015000 epoch=4003 flow=40 side=new cur=2100840336 next=2414374999 tgt=2875000000 f=0.405 u=0 breach=0 end=
CBAP_MIG t=20015000 epoch=4003 flow=41 side=new cur=2100840336 next=2414374999 tgt=2875000000 f=0.405 u=0 breach=0 end=
CBAP_MIG t=20015000 epoch=4003 flow=42 side=new cur=2100840336 next=2414374999 tgt=2875000000 f=0.405 u=0 breach=0 end=
CBAP_MIG t=20015000 epoch=4003 flow=43 side=new cur=2100840336 next=2414374999 tgt=2875000000 f=0.405 u=0 breach=0 end=
CBAP_MIG t=20015000 epoch=4003 flow=44 side=new cur=2100840336 next=2414374999 tgt=2875000000 f=0.405 u=0 breach=0 end=
CBAP_MIG t=20015000 epoch=4003 flow=45 side=new cur=2100840336 next=2414374999 tgt=2875000000 f=0.405 u=0 breach=0 end=
CBAP_MIG t=20015000 epoch=4003 flow=46 side=new cur=2100840336 next=2414374999 tgt=2875000000 f=0.405 u=0 breach=0 end=
CBAP_MIG t=20015000 epoch=4003 flow=47 side=new cur=2100840336 next=2414374999 tgt=2875000000 f=0.405 u=0 breach=0 end=
CBAP_MIG t=20015000 epoch=4003 flow=48 side=new cur=2100840336 next=2414374999 tgt=2875000000 f=0.405 u=0 breach=0 end=
CBAP_MIG t=20015000 epoch=4003 flow=49 side=new cur=2100840336 next=2414374999 tgt=2875000000 f=0.405 u=0 breach=0 end=
CBAP_MIG t=20015000 epoch=4003 flow=50 side=new cur=2100840336 next=2414374999 tgt=2875000000 f=0.405 u=0 breach=0 end=
CBAP_MIG t=20015000 epoch=4003 flow=51 side=new cur=2100840336 next=2414374999 tgt=2875000000 f=0.405 u=0 breach=0 end=
CBAP_MIG t=20015000 epoch=4003 flow=52 side=new cur=2100840336 next=2414374999 tgt=2875000000 f=0.405 u=0 breach=0 end=
CBAP_MIG t=20015000 epoch=4003 flow=53 side=new cur=2100840336 next=2414374999 tgt=2875000000 f=0.405 u=0 breach=0 end=
CBAP_MIG t=20015000 epoch=4003 flow=54 side=new cur=2100840336 next=2414374999 tgt=2875000000 f=0.405 u=0 breach=0 end=
CBAP_MIG t=20015000 epoch=4003 flow=55 side=new cur=2100840336 next=2414374999 tgt=2875000000 f=0.405 u=0 breach=0 end=
CBAP_MIG t=20015000 epoch=4003 flow=56 side=new cur=2100840336 next=2414374999 tgt=2875000000 f=0.405 u=0 breach=0 end=
CBAP_MIG t=20015000 epoch=4003 flow=57 side=new cur=2100840336 next=2414374999 tgt=2875000000 f=0.405 u=0 breach=0 end=
CBAP_MIG t=20015000 epoch=4003 flow=58 side=new cur=2100840336 next=2414374999 tgt=2875000000 f=0.405 u=0 breach=0 end=
CBAP_MIG t=20015000 epoch=4003 flow=59 side=new cur=2100840336 next=2414374999 tgt=2875000000 f=0.405 u=0 breach=0 end=
CBAP_MIG t=20015000 epoch=4003 flow=60 side=new cur=2100840336 next=2414374999 tgt=2875000000 f=0.405 u=0 breach=0 end=
CBAP_MIG t=20015000 epoch=4003 flow=61 side=new cur=2100840336 next=2414374999 tgt=2875000000 f=0.405 u=0 breach=0 end=
CBAP_MIG t=20015000 epoch=4003 flow=62 side=new cur=2100840336 next=2414374999 tgt=2875000000 f=0.405 u=0 breach=0 end=
CBAP_MIG t=20015000 epoch=4003 flow=63 side=new cur=2100840336 next=2414374999 tgt=2875000000 f=0.405 u=0 breach=0 end=
CBAP_MIG t=20015000 epoch=4003 flow=64 side=new cur=2100840336 next=2414374999 tgt=2875000000 f=0.405 u=0 breach=0 end=
CBAP_MIG t=20020000 epoch=4004 flow=0 side=old cur=86559999999 next=65391999999 tgt=15999999999 f=0.3 u=0 breach=0 end=
CBAP_MIG t=20020000 epoch=4004 flow=1 side=new cur=2100840336 next=2414374999 tgt=2875000000 f=0.405 u=0 breach=0 end=
CBAP_MIG t=20020000 epoch=4004 flow=2 side=new cur=2100840336 next=2414374999 tgt=2875000000 f=0.405 u=0 breach=0 end=
CBAP_MIG t=20020000 epoch=4004 flow=3 side=new cur=2100840336 next=2414374999 tgt=2875000000 f=0.405 u=0 breach=0 end=
CBAP_MIG t=20020000 epoch=4004 flow=4 side=new cur=2100840336 next=2414374999 tgt=2875000000 f=0.405 u=0 breach=0 end=
CBAP_MIG t=20020000 epoch=4004 flow=5 side=new cur=2100840336 next=2414374999 tgt=2875000000 f=0.405 u=0 breach=0 end=
CBAP_MIG t=20020000 epoch=4004 flow=6 side=new cur=2100840336 next=2414374999 tgt=2875000000 f=0.405 u=0 breach=0 end=
CBAP_MIG t=20020000 epoch=4004 flow=7 side=new cur=2100840336 next=2414374999 tgt=2875000000 f=0.405 u=0 breach=0 end=
CBAP_MIG t=20020000 epoch=4004 flow=8 side=new cur=2100840336 next=2414374999 tgt=2875000000 f=0.405 u=0 breach=0 end=
CBAP_MIG t=20020000 epoch=4004 flow=9 side=new cur=2100840336 next=2414374999 tgt=2875000000 f=0.405 u=0 breach=0 end=
CBAP_MIG t=20020000 epoch=4004 flow=10 side=new cur=2100840336 next=2414374999 tgt=2875000000 f=0.405 u=0 breach=0 end=
CBAP_MIG t=20020000 epoch=4004 flow=11 side=new cur=2100840336 next=2414374999 tgt=2875000000 f=0.405 u=0 breach=0 end=
CBAP_MIG t=20020000 epoch=4004 flow=12 side=new cur=2100840336 next=2414374999 tgt=2875000000 f=0.405 u=0 breach=0 end=
CBAP_MIG t=20020000 epoch=4004 flow=13 side=new cur=2100840336 next=2414374999 tgt=2875000000 f=0.405 u=0 breach=0 end=
CBAP_MIG t=20020000 epoch=4004 flow=14 side=new cur=2100840336 next=2414374999 tgt=2875000000 f=0.405 u=0 breach=0 end=
CBAP_MIG t=20020000 epoch=4004 flow=15 side=new cur=2100840336 next=2414374999 tgt=2875000000 f=0.405 u=0 breach=0 end=
CBAP_MIG t=20020000 epoch=4004 flow=16 side=new cur=2100840336 next=2414374999 tgt=2875000000 f=0.405 u=0 breach=0 end=
CBAP_MIG t=20020000 epoch=4004 flow=17 side=new cur=2100840336 next=2414374999 tgt=2875000000 f=0.405 u=0 breach=0 end=
CBAP_MIG t=20020000 epoch=4004 flow=18 side=new cur=2100840336 next=2414374999 tgt=2875000000 f=0.405 u=0 breach=0 end=
CBAP_MIG t=20020000 epoch=4004 flow=19 side=new cur=2100840336 next=2414374999 tgt=2875000000 f=0.405 u=0 breach=0 end=
CBAP_MIG t=20020000 epoch=4004 flow=20 side=new cur=2100840336 next=2414374999 tgt=2875000000 f=0.405 u=0 breach=0 end=
CBAP_MIG t=20020000 epoch=4004 flow=21 side=new cur=2100840336 next=2414374999 tgt=2875000000 f=0.405 u=0 breach=0 end=
CBAP_MIG t=20020000 epoch=4004 flow=22 side=new cur=2100840336 next=2414374999 tgt=2875000000 f=0.405 u=0 breach=0 end=
CBAP_MIG t=20020000 epoch=4004 flow=23 side=new cur=2100840336 next=2414374999 tgt=2875000000 f=0.405 u=0 breach=0 end=
CBAP_MIG t=20020000 epoch=4004 flow=24 side=new cur=2100840336 next=2414374999 tgt=2875000000 f=0.405 u=0 breach=0 end=
CBAP_MIG t=20020000 epoch=4004 flow=25 side=new cur=2100840336 next=2414374999 tgt=2875000000 f=0.405 u=0 breach=0 end=
CBAP_MIG t=20020000 epoch=4004 flow=26 side=new cur=2100840336 next=2414374999 tgt=2875000000 f=0.405 u=0 breach=0 end=
CBAP_MIG t=20020000 epoch=4004 flow=27 side=new cur=2100840336 next=2414374999 tgt=2875000000 f=0.405 u=0 breach=0 end=
CBAP_MIG t=20020000 epoch=4004 flow=28 side=new cur=2100840336 next=2414374999 tgt=2875000000 f=0.405 u=0 breach=0 end=
CBAP_MIG t=20020000 epoch=4004 flow=29 side=new cur=2100840336 next=2414374999 tgt=2875000000 f=0.405 u=0 breach=0 end=
CBAP_MIG t=20020000 epoch=4004 flow=30 side=new cur=2100840336 next=2414374999 tgt=2875000000 f=0.405 u=0 breach=0 end=
CBAP_MIG t=20020000 epoch=4004 flow=31 side=new cur=2100840336 next=2414374999 tgt=2875000000 f=0.405 u=0 breach=0 end=
CBAP_MIG t=20020000 epoch=4004 flow=32 side=new cur=2100840336 next=2414374999 tgt=2875000000 f=0.405 u=0 breach=0 end=
CBAP_MIG t=20020000 epoch=4004 flow=33 side=new cur=2100840336 next=2414374999 tgt=2875000000 f=0.405 u=0 breach=0 end=
CBAP_MIG t=20020000 epoch=4004 flow=34 side=new cur=2100840336 next=2414374999 tgt=2875000000 f=0.405 u=0 breach=0 end=
CBAP_MIG t=20020000 epoch=4004 flow=35 side=new cur=2100840336 next=2414374999 tgt=2875000000 f=0.405 u=0 breach=0 end=
CBAP_MIG t=20020000 epoch=4004 flow=36 side=new cur=2100840336 next=2414374999 tgt=2875000000 f=0.405 u=0 breach=0 end=
CBAP_MIG t=20020000 epoch=4004 flow=37 side=new cur=2100840336 next=2414374999 tgt=2875000000 f=0.405 u=0 breach=0 end=
CBAP_MIG t=20020000 epoch=4004 flow=38 side=new cur=2100840336 next=2414374999 tgt=2875000000 f=0.405 u=0 breach=0 end=
CBAP_MIG t=20020000 epoch=4004 flow=39 side=new cur=2100840336 next=2414374999 tgt=2875000000 f=0.405 u=0 breach=0 end=
CBAP_MIG t=20020000 epoch=4004 flow=40 side=new cur=2100840336 next=2414374999 tgt=2875000000 f=0.405 u=0 breach=0 end=
CBAP_MIG t=20020000 epoch=4004 flow=41 side=new cur=2100840336 next=2414374999 tgt=2875000000 f=0.405 u=0 breach=0 end=
CBAP_MIG t=20020000 epoch=4004 flow=42 side=new cur=2100840336 next=2414374999 tgt=2875000000 f=0.405 u=0 breach=0 end=
CBAP_MIG t=20020000 epoch=4004 flow=43 side=new cur=2100840336 next=2414374999 tgt=2875000000 f=0.405 u=0 breach=0 end=
CBAP_MIG t=20020000 epoch=4004 flow=44 side=new cur=2100840336 next=2414374999 tgt=2875000000 f=0.405 u=0 breach=0 end=
CBAP_MIG t=20020000 epoch=4004 flow=45 side=new cur=2100840336 next=2414374999 tgt=2875000000 f=0.405 u=0 breach=0 end=
CBAP_MIG t=20020000 epoch=4004 flow=46 side=new cur=2100840336 next=2414374999 tgt=2875000000 f=0.405 u=0 breach=0 end=
CBAP_MIG t=20020000 epoch=4004 flow=47 side=new cur=2100840336 next=2414374999 tgt=2875000000 f=0.405 u=0 breach=0 end=
CBAP_MIG t=20020000 epoch=4004 flow=48 side=new cur=2100840336 next=2414374999 tgt=2875000000 f=0.405 u=0 breach=0 end=
CBAP_MIG t=20020000 epoch=4004 flow=49 side=new cur=2100840336 next=2414374999 tgt=2875000000 f=0.405 u=0 breach=0 end=
CBAP_MIG t=20020000 epoch=4004 flow=50 side=new cur=2100840336 next=2414374999 tgt=2875000000 f=0.405 u=0 breach=0 end=
CBAP_MIG t=20020000 epoch=4004 flow=51 side=new cur=2100840336 next=2414374999 tgt=2875000000 f=0.405 u=0 breach=0 end=
CBAP_MIG t=20020000 epoch=4004 flow=52 side=new cur=2100840336 next=2414374999 tgt=2875000000 f=0.405 u=0 breach=0 end=
CBAP_MIG t=20020000 epoch=4004 flow=53 side=new cur=2100840336 next=2414374999 tgt=2875000000 f=0.405 u=0 breach=0 end=
CBAP_MIG t=20020000 epoch=4004 flow=54 side=new cur=2100840336 next=2414374999 tgt=2875000000 f=0.405 u=0 breach=0 end=
CBAP_MIG t=20020000 epoch=4004 flow=55 side=new cur=2100840336 next=2414374999 tgt=2875000000 f=0.405 u=0 breach=0 end=
CBAP_MIG t=20020000 epoch=4004 flow=56 side=new cur=2100840336 next=2414374999 tgt=2875000000 f=0.405 u=0 breach=0 end=
CBAP_MIG t=20020000 epoch=4004 flow=57 side=new cur=2100840336 next=2414374999 tgt=2875000000 f=0.405 u=0 breach=0 end=
CBAP_MIG t=20020000 epoch=4004 flow=58 side=new cur=2100840336 next=2414374999 tgt=2875000000 f=0.405 u=0 breach=0 end=
CBAP_MIG t=20020000 epoch=4004 flow=59 side=new cur=2100840336 next=2414374999 tgt=2875000000 f=0.405 u=0 breach=0 end=
CBAP_MIG t=20020000 epoch=4004 flow=60 side=new cur=2100840336 next=2414374999 tgt=2875000000 f=0.405 u=0 breach=0 end=
CBAP_MIG t=20020000 epoch=4004 flow=61 side=new cur=2100840336 next=2414374999 tgt=2875000000 f=0.405 u=0 breach=0 end=
CBAP_MIG t=20020000 epoch=4004 flow=62 side=new cur=2100840336 next=2414374999 tgt=2875000000 f=0.405 u=0 breach=0 end=
CBAP_MIG t=20020000 epoch=4004 flow=63 side=new cur=2100840336 next=2414374999 tgt=2875000000 f=0.405 u=0 breach=0 end=
CBAP_MIG t=20020000 epoch=4004 flow=64 side=new cur=2100840336 next=2414374999 tgt=2875000000 f=0.405 u=0 breach=0 end=
CBAP_MIG t=20025000 epoch=4005 flow=0 side=old cur=65391999999 next=50574399999 tgt=15999999999 f=0.3 u=0 breach=0 end=
CBAP_MIG t=20025000 epoch=4005 flow=1 side=new cur=2103250000 next=2415808749 tgt=2875000000 f=0.405 u=0 breach=0 end=
CBAP_MIG t=20025000 epoch=4005 flow=2 side=new cur=2103250000 next=2415808749 tgt=2875000000 f=0.405 u=0 breach=0 end=
CBAP_MIG t=20025000 epoch=4005 flow=3 side=new cur=2103250000 next=2415808749 tgt=2875000000 f=0.405 u=0 breach=0 end=
CBAP_MIG t=20025000 epoch=4005 flow=4 side=new cur=2103250000 next=2415808749 tgt=2875000000 f=0.405 u=0 breach=0 end=
CBAP_MIG t=20025000 epoch=4005 flow=5 side=new cur=2103250000 next=2415808749 tgt=2875000000 f=0.405 u=0 breach=0 end=
CBAP_MIG t=20025000 epoch=4005 flow=6 side=new cur=2103250000 next=2415808749 tgt=2875000000 f=0.405 u=0 breach=0 end=
CBAP_MIG t=20025000 epoch=4005 flow=7 side=new cur=2103250000 next=2415808749 tgt=2875000000 f=0.405 u=0 breach=0 end=
CBAP_MIG t=20025000 epoch=4005 flow=8 side=new cur=2103250000 next=2415808749 tgt=2875000000 f=0.405 u=0 breach=0 end=
CBAP_MIG t=20025000 epoch=4005 flow=9 side=new cur=2103250000 next=2415808749 tgt=2875000000 f=0.405 u=0 breach=0 end=
CBAP_MIG t=20025000 epoch=4005 flow=10 side=new cur=2103250000 next=2415808749 tgt=2875000000 f=0.405 u=0 breach=0 end=
CBAP_MIG t=20025000 epoch=4005 flow=11 side=new cur=2103250000 next=2415808749 tgt=2875000000 f=0.405 u=0 breach=0 end=
CBAP_MIG t=20025000 epoch=4005 flow=12 side=new cur=2103250000 next=2415808749 tgt=2875000000 f=0.405 u=0 breach=0 end=
CBAP_MIG t=20025000 epoch=4005 flow=13 side=new cur=2103250000 next=2415808749 tgt=2875000000 f=0.405 u=0 breach=0 end=
CBAP_MIG t=20025000 epoch=4005 flow=14 side=new cur=2103250000 next=2415808749 tgt=2875000000 f=0.405 u=0 breach=0 end=
CBAP_MIG t=20025000 epoch=4005 flow=15 side=new cur=2103250000 next=2415808749 tgt=2875000000 f=0.405 u=0 breach=0 end=
CBAP_MIG t=20025000 epoch=4005 flow=16 side=new cur=2103250000 next=2415808749 tgt=2875000000 f=0.405 u=0 breach=0 end=
CBAP_MIG t=20025000 epoch=4005 flow=17 side=new cur=2103250000 next=2415808749 tgt=2875000000 f=0.405 u=0 breach=0 end=
CBAP_MIG t=20025000 epoch=4005 flow=18 side=new cur=2103250000 next=2415808749 tgt=2875000000 f=0.405 u=0 breach=0 end=
CBAP_MIG t=20025000 epoch=4005 flow=19 side=new cur=2103250000 next=2415808749 tgt=2875000000 f=0.405 u=0 breach=0 end=
CBAP_MIG t=20025000 epoch=4005 flow=20 side=new cur=2103250000 next=2415808749 tgt=2875000000 f=0.405 u=0 breach=0 end=
CBAP_MIG t=20025000 epoch=4005 flow=21 side=new cur=2103250000 next=2415808749 tgt=2875000000 f=0.405 u=0 breach=0 end=
CBAP_MIG t=20025000 epoch=4005 flow=22 side=new cur=2103250000 next=2415808749 tgt=2875000000 f=0.405 u=0 breach=0 end=
CBAP_MIG t=20025000 epoch=4005 flow=23 side=new cur=2103250000 next=2415808749 tgt=2875000000 f=0.405 u=0 breach=0 end=
CBAP_MIG t=20025000 epoch=4005 flow=24 side=new cur=2103250000 next=2415808749 tgt=2875000000 f=0.405 u=0 breach=0 end=
CBAP_MIG t=20025000 epoch=4005 flow=25 side=new cur=2103250000 next=2415808749 tgt=2875000000 f=0.405 u=0 breach=0 end=
CBAP_MIG t=20025000 epoch=4005 flow=26 side=new cur=2103250000 next=2415808749 tgt=2875000000 f=0.405 u=0 breach=0 end=
CBAP_MIG t=20025000 epoch=4005 flow=27 side=new cur=2103250000 next=2415808749 tgt=2875000000 f=0.405 u=0 breach=0 end=
CBAP_MIG t=20025000 epoch=4005 flow=28 side=new cur=2103250000 next=2415808749 tgt=2875000000 f=0.405 u=0 breach=0 end=
CBAP_MIG t=20025000 epoch=4005 flow=29 side=new cur=2103250000 next=2415808749 tgt=2875000000 f=0.405 u=0 breach=0 end=
CBAP_MIG t=20025000 epoch=4005 flow=30 side=new cur=2103250000 next=2415808749 tgt=2875000000 f=0.405 u=0 breach=0 end=
CBAP_MIG t=20025000 epoch=4005 flow=31 side=new cur=2103250000 next=2415808749 tgt=2875000000 f=0.405 u=0 breach=0 end=
CBAP_MIG t=20025000 epoch=4005 flow=32 side=new cur=2103250000 next=2415808749 tgt=2875000000 f=0.405 u=0 breach=0 end=
CBAP_MIG t=20025000 epoch=4005 flow=33 side=new cur=2103250000 next=2415808749 tgt=2875000000 f=0.405 u=0 breach=0 end=
CBAP_MIG t=20025000 epoch=4005 flow=34 side=new cur=2103250000 next=2415808749 tgt=2875000000 f=0.405 u=0 breach=0 end=
CBAP_MIG t=20025000 epoch=4005 flow=35 side=new cur=2103250000 next=2415808749 tgt=2875000000 f=0.405 u=0 breach=0 end=
CBAP_MIG t=20025000 epoch=4005 flow=36 side=new cur=2103250000 next=2415808749 tgt=2875000000 f=0.405 u=0 breach=0 end=
CBAP_MIG t=20025000 epoch=4005 flow=37 side=new cur=2103250000 next=2415808749 tgt=2875000000 f=0.405 u=0 breach=0 end=
CBAP_MIG t=20025000 epoch=4005 flow=38 side=new cur=2103250000 next=2415808749 tgt=2875000000 f=0.405 u=0 breach=0 end=
CBAP_MIG t=20025000 epoch=4005 flow=39 side=new cur=2103250000 next=2415808749 tgt=2875000000 f=0.405 u=0 breach=0 end=
CBAP_MIG t=20025000 epoch=4005 flow=40 side=new cur=2103250000 next=2415808749 tgt=2875000000 f=0.405 u=0 breach=0 end=
CBAP_MIG t=20025000 epoch=4005 flow=41 side=new cur=2103250000 next=2415808749 tgt=2875000000 f=0.405 u=0 breach=0 end=
CBAP_MIG t=20025000 epoch=4005 flow=42 side=new cur=2103250000 next=2415808749 tgt=2875000000 f=0.405 u=0 breach=0 end=
CBAP_MIG t=20025000 epoch=4005 flow=43 side=new cur=2103250000 next=2415808749 tgt=2875000000 f=0.405 u=0 breach=0 end=
CBAP_MIG t=20025000 epoch=4005 flow=44 side=new cur=2103250000 next=2415808749 tgt=2875000000 f=0.405 u=0 breach=0 end=
CBAP_MIG t=20025000 epoch=4005 flow=45 side=new cur=2103250000 next=2415808749 tgt=2875000000 f=0.405 u=0 breach=0 end=
CBAP_MIG t=20025000 epoch=4005 flow=46 side=new cur=2103250000 next=2415808749 tgt=2875000000 f=0.405 u=0 breach=0 end=
CBAP_MIG t=20025000 epoch=4005 flow=47 side=new cur=2103250000 next=2415808749 tgt=2875000000 f=0.405 u=0 breach=0 end=
CBAP_MIG t=20025000 epoch=4005 flow=48 side=new cur=2103250000 next=2415808749 tgt=2875000000 f=0.405 u=0 breach=0 end=
CBAP_MIG t=20025000 epoch=4005 flow=49 side=new cur=2103250000 next=2415808749 tgt=2875000000 f=0.405 u=0 breach=0 end=
CBAP_MIG t=20025000 epoch=4005 flow=50 side=new cur=2103250000 next=2415808749 tgt=2875000000 f=0.405 u=0 breach=0 end=
CBAP_MIG t=20025000 epoch=4005 flow=51 side=new cur=2103250000 next=2415808749 tgt=2875000000 f=0.405 u=0 breach=0 end=
CBAP_MIG t=20025000 epoch=4005 flow=52 side=new cur=2103250000 next=2415808749 tgt=2875000000 f=0.405 u=0 breach=0 end=
CBAP_MIG t=20025000 epoch=4005 flow=53 side=new cur=2103250000 next=2415808749 tgt=2875000000 f=0.405 u=0 breach=0 end=
CBAP_MIG t=20025000 epoch=4005 flow=54 side=new cur=2103250000 next=2415808749 tgt=2875000000 f=0.405 u=0 breach=0 end=
CBAP_MIG t=20025000 epoch=4005 flow=55 side=new cur=2103250000 next=2415808749 tgt=2875000000 f=0.405 u=0 breach=0 end=
CBAP_MIG t=20025000 epoch=4005 flow=56 side=new cur=2103250000 next=2415808749 tgt=2875000000 f=0.405 u=0 breach=0 end=
CBAP_MIG t=20025000 epoch=4005 flow=57 side=new cur=2103250000 next=2415808749 tgt=2875000000 f=0.405 u=0 breach=0 end=
CBAP_MIG t=20025000 epoch=4005 flow=58 side=new cur=2103250000 next=2415808749 tgt=2875000000 f=0.405 u=0 breach=0 end=
CBAP_MIG t=20025000 epoch=4005 flow=59 side=new cur=2103250000 next=2415808749 tgt=2875000000 f=0.405 u=0 breach=0 end=
CBAP_MIG t=20025000 epoch=4005 flow=60 side=new cur=2103250000 next=2415808749 tgt=2875000000 f=0.405 u=0 breach=0 end=
CBAP_MIG t=20025000 epoch=4005 flow=61 side=new cur=2103250000 next=2415808749 tgt=2875000000 f=0.405 u=0 breach=0 end=
CBAP_MIG t=20025000 epoch=4005 flow=62 side=new cur=2103250000 next=2415808749 tgt=2875000000 f=0.405 u=0 breach=0 end=
CBAP_MIG t=20025000 epoch=4005 flow=63 side=new cur=2103250000 next=2415808749 tgt=2875000000 f=0.405 u=0 breach=0 end=
CBAP_MIG t=20025000 epoch=4005 flow=64 side=new cur=2103250000 next=2415808749 tgt=2875000000 f=0.405 u=0 breach=0 end=
CBAP_MIG t=20030000 epoch=4006 flow=0 side=old cur=50574399999 next=40202079999 tgt=15999999999 f=0.3 u=0 breach=0 end=
CBAP_MIG t=20030000 epoch=4006 flow=1 side=new cur=2415808749 next=2601781205 tgt=2875000000 f=0.405 u=0 breach=0 end=
CBAP_MIG t=20030000 epoch=4006 flow=2 side=new cur=2415808749 next=2601781205 tgt=2875000000 f=0.405 u=0 breach=0 end=
CBAP_MIG t=20030000 epoch=4006 flow=3 side=new cur=2415808749 next=2601781205 tgt=2875000000 f=0.405 u=0 breach=0 end=
CBAP_MIG t=20030000 epoch=4006 flow=4 side=new cur=2415808749 next=2601781205 tgt=2875000000 f=0.405 u=0 breach=0 end=
CBAP_MIG t=20030000 epoch=4006 flow=5 side=new cur=2415808749 next=2601781205 tgt=2875000000 f=0.405 u=0 breach=0 end=
CBAP_MIG t=20030000 epoch=4006 flow=6 side=new cur=2415808749 next=2601781205 tgt=2875000000 f=0.405 u=0 breach=0 end=
CBAP_MIG t=20030000 epoch=4006 flow=7 side=new cur=2415808749 next=2601781205 tgt=2875000000 f=0.405 u=0 breach=0 end=
CBAP_MIG t=20030000 epoch=4006 flow=8 side=new cur=2415808749 next=2601781205 tgt=2875000000 f=0.405 u=0 breach=0 end=
CBAP_MIG t=20030000 epoch=4006 flow=9 side=new cur=2415808749 next=2601781205 tgt=2875000000 f=0.405 u=0 breach=0 end=
CBAP_MIG t=20030000 epoch=4006 flow=10 side=new cur=2415808749 next=2601781205 tgt=2875000000 f=0.405 u=0 breach=0 end=
CBAP_MIG t=20030000 epoch=4006 flow=11 side=new cur=2415808749 next=2601781205 tgt=2875000000 f=0.405 u=0 breach=0 end=
CBAP_MIG t=20030000 epoch=4006 flow=12 side=new cur=2415808749 next=2601781205 tgt=2875000000 f=0.405 u=0 breach=0 end=
CBAP_MIG t=20030000 epoch=4006 flow=13 side=new cur=2415808749 next=2601781205 tgt=2875000000 f=0.405 u=0 breach=0 end=
CBAP_MIG t=20030000 epoch=4006 flow=14 side=new cur=2415808749 next=2601781205 tgt=2875000000 f=0.405 u=0 breach=0 end=
CBAP_MIG t=20030000 epoch=4006 flow=15 side=new cur=2415808749 next=2601781205 tgt=2875000000 f=0.405 u=0 breach=0 end=
CBAP_MIG t=20030000 epoch=4006 flow=16 side=new cur=2415808749 next=2601781205 tgt=2875000000 f=0.405 u=0 breach=0 end=
CBAP_MIG t=20030000 epoch=4006 flow=17 side=new cur=2415808749 next=2601781205 tgt=2875000000 f=0.405 u=0 breach=0 end=
CBAP_MIG t=20030000 epoch=4006 flow=18 side=new cur=2415808749 next=2601781205 tgt=2875000000 f=0.405 u=0 breach=0 end=
CBAP_MIG t=20030000 epoch=4006 flow=19 side=new cur=2415808749 next=2601781205 tgt=2875000000 f=0.405 u=0 breach=0 end=
CBAP_MIG t=20030000 epoch=4006 flow=20 side=new cur=2415808749 next=2601781205 tgt=2875000000 f=0.405 u=0 breach=0 end=
CBAP_MIG t=20030000 epoch=4006 flow=21 side=new cur=2415808749 next=2601781205 tgt=2875000000 f=0.405 u=0 breach=0 end=
CBAP_MIG t=20030000 epoch=4006 flow=22 side=new cur=2415808749 next=2601781205 tgt=2875000000 f=0.405 u=0 breach=0 end=
CBAP_MIG t=20030000 epoch=4006 flow=23 side=new cur=2415808749 next=2601781205 tgt=2875000000 f=0.405 u=0 breach=0 end=
CBAP_MIG t=20030000 epoch=4006 flow=24 side=new cur=2415808749 next=2601781205 tgt=2875000000 f=0.405 u=0 breach=0 end=
CBAP_MIG t=20030000 epoch=4006 flow=25 side=new cur=2415808749 next=2601781205 tgt=2875000000 f=0.405 u=0 breach=0 end=
CBAP_MIG t=20030000 epoch=4006 flow=26 side=new cur=2415808749 next=2601781205 tgt=2875000000 f=0.405 u=0 breach=0 end=
CBAP_MIG t=20030000 epoch=4006 flow=27 side=new cur=2415808749 next=2601781205 tgt=2875000000 f=0.405 u=0 breach=0 end=
CBAP_MIG t=20030000 epoch=4006 flow=28 side=new cur=2415808749 next=2601781205 tgt=2875000000 f=0.405 u=0 breach=0 end=
CBAP_MIG t=20030000 epoch=4006 flow=29 side=new cur=2415808749 next=2601781205 tgt=2875000000 f=0.405 u=0 breach=0 end=
CBAP_MIG t=20030000 epoch=4006 flow=30 side=new cur=2415808749 next=2601781205 tgt=2875000000 f=0.405 u=0 breach=0 end=
CBAP_MIG t=20030000 epoch=4006 flow=31 side=new cur=2415808749 next=2601781205 tgt=2875000000 f=0.405 u=0 breach=0 end=
CBAP_MIG t=20030000 epoch=4006 flow=32 side=new cur=2415808749 next=2601781205 tgt=2875000000 f=0.405 u=0 breach=0 end=
CBAP_MIG t=20030000 epoch=4006 flow=33 side=new cur=2415808749 next=2601781205 tgt=2875000000 f=0.405 u=0 breach=0 end=
CBAP_MIG t=20030000 epoch=4006 flow=34 side=new cur=2415808749 next=2601781205 tgt=2875000000 f=0.405 u=0 breach=0 end=
CBAP_MIG t=20030000 epoch=4006 flow=35 side=new cur=2415808749 next=2601781205 tgt=2875000000 f=0.405 u=0 breach=0 end=
CBAP_MIG t=20030000 epoch=4006 flow=36 side=new cur=2415808749 next=2601781205 tgt=2875000000 f=0.405 u=0 breach=0 end=
CBAP_MIG t=20030000 epoch=4006 flow=37 side=new cur=2415808749 next=2601781205 tgt=2875000000 f=0.405 u=0 breach=0 end=
CBAP_MIG t=20030000 epoch=4006 flow=38 side=new cur=2415808749 next=2601781205 tgt=2875000000 f=0.405 u=0 breach=0 end=
CBAP_MIG t=20030000 epoch=4006 flow=39 side=new cur=2415808749 next=2601781205 tgt=2875000000 f=0.405 u=0 breach=0 end=
CBAP_MIG t=20030000 epoch=4006 flow=40 side=new cur=2415808749 next=2601781205 tgt=2875000000 f=0.405 u=0 breach=0 end=
CBAP_MIG t=20030000 epoch=4006 flow=41 side=new cur=2415808749 next=2601781205 tgt=2875000000 f=0.405 u=0 breach=0 end=
CBAP_MIG t=20030000 epoch=4006 flow=42 side=new cur=2415808749 next=2601781205 tgt=2875000000 f=0.405 u=0 breach=0 end=
CBAP_MIG t=20030000 epoch=4006 flow=43 side=new cur=2415808749 next=2601781205 tgt=2875000000 f=0.405 u=0 breach=0 end=
CBAP_MIG t=20030000 epoch=4006 flow=44 side=new cur=2415808749 next=2601781205 tgt=2875000000 f=0.405 u=0 breach=0 end=
CBAP_MIG t=20030000 epoch=4006 flow=45 side=new cur=2415808749 next=2601781205 tgt=2875000000 f=0.405 u=0 breach=0 end=
CBAP_MIG t=20030000 epoch=4006 flow=46 side=new cur=2415808749 next=2601781205 tgt=2875000000 f=0.405 u=0 breach=0 end=
CBAP_MIG t=20030000 epoch=4006 flow=47 side=new cur=2415808749 next=2601781205 tgt=2875000000 f=0.405 u=0 breach=0 end=
CBAP_MIG t=20030000 epoch=4006 flow=48 side=new cur=2415808749 next=2601781205 tgt=2875000000 f=0.405 u=0 breach=0 end=
CBAP_MIG t=20030000 epoch=4006 flow=49 side=new cur=2415808749 next=2601781205 tgt=2875000000 f=0.405 u=0 breach=0 end=
CBAP_MIG t=20030000 epoch=4006 flow=50 side=new cur=2415808749 next=2601781205 tgt=2875000000 f=0.405 u=0 breach=0 end=
CBAP_MIG t=20030000 epoch=4006 flow=51 side=new cur=2415808749 next=2601781205 tgt=2875000000 f=0.405 u=0 breach=0 end=
CBAP_MIG t=20030000 epoch=4006 flow=52 side=new cur=2415808749 next=2601781205 tgt=2875000000 f=0.405 u=0 breach=0 end=
CBAP_MIG t=20030000 epoch=4006 flow=53 side=new cur=2415808749 next=2601781205 tgt=2875000000 f=0.405 u=0 breach=0 end=
CBAP_MIG t=20030000 epoch=4006 flow=54 side=new cur=2415808749 next=2601781205 tgt=2875000000 f=0.405 u=0 breach=0 end=
CBAP_MIG t=20030000 epoch=4006 flow=55 side=new cur=2415808749 next=2601781205 tgt=2875000000 f=0.405 u=0 breach=0 end=
CBAP_MIG t=20030000 epoch=4006 flow=56 side=new cur=2415808749 next=2601781205 tgt=2875000000 f=0.405 u=0 breach=0 end=
CBAP_MIG t=20030000 epoch=4006 flow=57 side=new cur=2415808749 next=2601781205 tgt=2875000000 f=0.405 u=0 breach=0 end=
CBAP_MIG t=20030000 epoch=4006 flow=58 side=new cur=2415808749 next=2601781205 tgt=2875000000 f=0.405 u=0 breach=0 end=
CBAP_MIG t=20030000 epoch=4006 flow=59 side=new cur=2415808749 next=2601781205 tgt=2875000000 f=0.405 u=0 breach=0 end=
CBAP_MIG t=20030000 epoch=4006 flow=60 side=new cur=2415808749 next=2601781205 tgt=2875000000 f=0.405 u=0 breach=0 end=
CBAP_MIG t=20030000 epoch=4006 flow=61 side=new cur=2415808749 next=2601781205 tgt=2875000000 f=0.405 u=0 breach=0 end=
CBAP_MIG t=20030000 epoch=4006 flow=62 side=new cur=2415808749 next=2601781205 tgt=2875000000 f=0.405 u=0 breach=0 end=
CBAP_MIG t=20030000 epoch=4006 flow=63 side=new cur=2415808749 next=2601781205 tgt=2875000000 f=0.405 u=0 breach=0 end=
CBAP_MIG t=20030000 epoch=4006 flow=64 side=new cur=2415808749 next=2601781205 tgt=2875000000 f=0.405 u=0 breach=0 end=
CBAP_MIG t=20035000 epoch=4007 flow=0 side=old cur=40202079999 next=32941455999 tgt=15999999999 f=0.3 u=0 breach=0 end=
CBAP_MIG t=20035000 epoch=4007 flow=1 side=new cur=2601781205 next=2712434816 tgt=2875000000 f=0.405 u=0 breach=0 end=
CBAP_MIG t=20035000 epoch=4007 flow=2 side=new cur=2601781205 next=2712434816 tgt=2875000000 f=0.405 u=0 breach=0 end=
CBAP_MIG t=20035000 epoch=4007 flow=3 side=new cur=2601781205 next=2712434816 tgt=2875000000 f=0.405 u=0 breach=0 end=
CBAP_MIG t=20035000 epoch=4007 flow=4 side=new cur=2601781205 next=2712434816 tgt=2875000000 f=0.405 u=0 breach=0 end=
CBAP_MIG t=20035000 epoch=4007 flow=5 side=new cur=2601781205 next=2712434816 tgt=2875000000 f=0.405 u=0 breach=0 end=
CBAP_MIG t=20035000 epoch=4007 flow=6 side=new cur=2601781205 next=2712434816 tgt=2875000000 f=0.405 u=0 breach=0 end=
CBAP_MIG t=20035000 epoch=4007 flow=7 side=new cur=2601781205 next=2712434816 tgt=2875000000 f=0.405 u=0 breach=0 end=
CBAP_MIG t=20035000 epoch=4007 flow=8 side=new cur=2601781205 next=2712434816 tgt=2875000000 f=0.405 u=0 breach=0 end=
CBAP_MIG t=20035000 epoch=4007 flow=9 side=new cur=2601781205 next=2712434816 tgt=2875000000 f=0.405 u=0 breach=0 end=
CBAP_MIG t=20035000 epoch=4007 flow=10 side=new cur=2601781205 next=2712434816 tgt=2875000000 f=0.405 u=0 breach=0 end=
CBAP_MIG t=20035000 epoch=4007 flow=11 side=new cur=2601781205 next=2712434816 tgt=2875000000 f=0.405 u=0 breach=0 end=
CBAP_MIG t=20035000 epoch=4007 flow=12 side=new cur=2601781205 next=2712434816 tgt=2875000000 f=0.405 u=0 breach=0 end=
CBAP_MIG t=20035000 epoch=4007 flow=13 side=new cur=2601781205 next=2712434816 tgt=2875000000 f=0.405 u=0 breach=0 end=
CBAP_MIG t=20035000 epoch=4007 flow=14 side=new cur=2601781205 next=2712434816 tgt=2875000000 f=0.405 u=0 breach=0 end=
CBAP_MIG t=20035000 epoch=4007 flow=15 side=new cur=2601781205 next=2712434816 tgt=2875000000 f=0.405 u=0 breach=0 end=
CBAP_MIG t=20035000 epoch=4007 flow=16 side=new cur=2601781205 next=2712434816 tgt=2875000000 f=0.405 u=0 breach=0 end=
CBAP_MIG t=20035000 epoch=4007 flow=17 side=new cur=2601781205 next=2712434816 tgt=2875000000 f=0.405 u=0 breach=0 end=
CBAP_MIG t=20035000 epoch=4007 flow=18 side=new cur=2601781205 next=2712434816 tgt=2875000000 f=0.405 u=0 breach=0 end=
CBAP_MIG t=20035000 epoch=4007 flow=19 side=new cur=2601781205 next=2712434816 tgt=2875000000 f=0.405 u=0 breach=0 end=
CBAP_MIG t=20035000 epoch=4007 flow=20 side=new cur=2601781205 next=2712434816 tgt=2875000000 f=0.405 u=0 breach=0 end=
CBAP_MIG t=20035000 epoch=4007 flow=21 side=new cur=2601781205 next=2712434816 tgt=2875000000 f=0.405 u=0 breach=0 end=
CBAP_MIG t=20035000 epoch=4007 flow=22 side=new cur=2601781205 next=2712434816 tgt=2875000000 f=0.405 u=0 breach=0 end=
CBAP_MIG t=20035000 epoch=4007 flow=23 side=new cur=2601781205 next=2712434816 tgt=2875000000 f=0.405 u=0 breach=0 end=
CBAP_MIG t=20035000 epoch=4007 flow=24 side=new cur=2601781205 next=2712434816 tgt=2875000000 f=0.405 u=0 breach=0 end=
CBAP_MIG t=20035000 epoch=4007 flow=25 side=new cur=2601781205 next=2712434816 tgt=2875000000 f=0.405 u=0 breach=0 end=
CBAP_MIG t=20035000 epoch=4007 flow=26 side=new cur=2601781205 next=2712434816 tgt=2875000000 f=0.405 u=0 breach=0 end=
CBAP_MIG t=20035000 epoch=4007 flow=27 side=new cur=2601781205 next=2712434816 tgt=2875000000 f=0.405 u=0 breach=0 end=
CBAP_MIG t=20035000 epoch=4007 flow=28 side=new cur=2601781205 next=2712434816 tgt=2875000000 f=0.405 u=0 breach=0 end=
CBAP_MIG t=20035000 epoch=4007 flow=29 side=new cur=2601781205 next=2712434816 tgt=2875000000 f=0.405 u=0 breach=0 end=
CBAP_MIG t=20035000 epoch=4007 flow=30 side=new cur=2601781205 next=2712434816 tgt=2875000000 f=0.405 u=0 breach=0 end=
CBAP_MIG t=20035000 epoch=4007 flow=31 side=new cur=2601781205 next=2712434816 tgt=2875000000 f=0.405 u=0 breach=0 end=
CBAP_MIG t=20035000 epoch=4007 flow=32 side=new cur=2601781205 next=2712434816 tgt=2875000000 f=0.405 u=0 breach=0 end=
CBAP_MIG t=20035000 epoch=4007 flow=33 side=new cur=2601781205 next=2712434816 tgt=2875000000 f=0.405 u=0 breach=0 end=
CBAP_MIG t=20035000 epoch=4007 flow=34 side=new cur=2601781205 next=2712434816 tgt=2875000000 f=0.405 u=0 breach=0 end=
CBAP_MIG t=20035000 epoch=4007 flow=35 side=new cur=2601781205 next=2712434816 tgt=2875000000 f=0.405 u=0 breach=0 end=
CBAP_MIG t=20035000 epoch=4007 flow=36 side=new cur=2601781205 next=2712434816 tgt=2875000000 f=0.405 u=0 breach=0 end=
CBAP_MIG t=20035000 epoch=4007 flow=37 side=new cur=2601781205 next=2712434816 tgt=2875000000 f=0.405 u=0 breach=0 end=
CBAP_MIG t=20035000 epoch=4007 flow=38 side=new cur=2601781205 next=2712434816 tgt=2875000000 f=0.405 u=0 breach=0 end=
CBAP_MIG t=20035000 epoch=4007 flow=39 side=new cur=2601781205 next=2712434816 tgt=2875000000 f=0.405 u=0 breach=0 end=
CBAP_MIG t=20035000 epoch=4007 flow=40 side=new cur=2601781205 next=2712434816 tgt=2875000000 f=0.405 u=0 breach=0 end=
CBAP_MIG t=20035000 epoch=4007 flow=41 side=new cur=2601781205 next=2712434816 tgt=2875000000 f=0.405 u=0 breach=0 end=
CBAP_MIG t=20035000 epoch=4007 flow=42 side=new cur=2601781205 next=2712434816 tgt=2875000000 f=0.405 u=0 breach=0 end=
CBAP_MIG t=20035000 epoch=4007 flow=43 side=new cur=2601781205 next=2712434816 tgt=2875000000 f=0.405 u=0 breach=0 end=
CBAP_MIG t=20035000 epoch=4007 flow=44 side=new cur=2601781205 next=2712434816 tgt=2875000000 f=0.405 u=0 breach=0 end=
CBAP_MIG t=20035000 epoch=4007 flow=45 side=new cur=2601781205 next=2712434816 tgt=2875000000 f=0.405 u=0 breach=0 end=
CBAP_MIG t=20035000 epoch=4007 flow=46 side=new cur=2601781205 next=2712434816 tgt=2875000000 f=0.405 u=0 breach=0 end=
CBAP_MIG t=20035000 epoch=4007 flow=47 side=new cur=2601781205 next=2712434816 tgt=2875000000 f=0.405 u=0 breach=0 end=
CBAP_MIG t=20035000 epoch=4007 flow=48 side=new cur=2601781205 next=2712434816 tgt=2875000000 f=0.405 u=0 breach=0 end=
CBAP_MIG t=20035000 epoch=4007 flow=49 side=new cur=2601781205 next=2712434816 tgt=2875000000 f=0.405 u=0 breach=0 end=
CBAP_MIG t=20035000 epoch=4007 flow=50 side=new cur=2601781205 next=2712434816 tgt=2875000000 f=0.405 u=0 breach=0 end=
CBAP_MIG t=20035000 epoch=4007 flow=51 side=new cur=2601781205 next=2712434816 tgt=2875000000 f=0.405 u=0 breach=0 end=
CBAP_MIG t=20035000 epoch=4007 flow=52 side=new cur=2601781205 next=2712434816 tgt=2875000000 f=0.405 u=0 breach=0 end=
CBAP_MIG t=20035000 epoch=4007 flow=53 side=new cur=2601781205 next=2712434816 tgt=2875000000 f=0.405 u=0 breach=0 end=
CBAP_MIG t=20035000 epoch=4007 flow=54 side=new cur=2601781205 next=2712434816 tgt=2875000000 f=0.405 u=0 breach=0 end=
CBAP_MIG t=20035000 epoch=4007 flow=55 side=new cur=2601781205 next=2712434816 tgt=2875000000 f=0.405 u=0 breach=0 end=
CBAP_MIG t=20035000 epoch=4007 flow=56 side=new cur=2601781205 next=2712434816 tgt=2875000000 f=0.405 u=0 breach=0 end=
CBAP_MIG t=20035000 epoch=4007 flow=57 side=new cur=2601781205 next=2712434816 tgt=2875000000 f=0.405 u=0 breach=0 end=
CBAP_MIG t=20035000 epoch=4007 flow=58 side=new cur=2601781205 next=2712434816 tgt=2875000000 f=0.405 u=0 breach=0 end=
CBAP_MIG t=20035000 epoch=4007 flow=59 side=new cur=2601781205 next=2712434816 tgt=2875000000 f=0.405 u=0 breach=0 end=
CBAP_MIG t=20035000 epoch=4007 flow=60 side=new cur=2601781205 next=2712434816 tgt=2875000000 f=0.405 u=0 breach=0 end=
CBAP_MIG t=20035000 epoch=4007 flow=61 side=new cur=2601781205 next=2712434816 tgt=2875000000 f=0.405 u=0 breach=0 end=
CBAP_MIG t=20035000 epoch=4007 flow=62 side=new cur=2601781205 next=2712434816 tgt=2875000000 f=0.405 u=0 breach=0 end=
CBAP_MIG t=20035000 epoch=4007 flow=63 side=new cur=2601781205 next=2712434816 tgt=2875000000 f=0.405 u=0 breach=0 end=
CBAP_MIG t=20035000 epoch=4007 flow=64 side=new cur=2601781205 next=2712434816 tgt=2875000000 f=0.405 u=0 breach=0 end=
CBAP_MIG t=20040000 epoch=4008 flow=0 side=old cur=32941455999 next=27859019199 tgt=15999999999 f=0.3 u=0 breach=0 end=
CBAP_MIG t=20040000 epoch=4008 flow=1 side=new cur=2712434816 next=2778273715 tgt=2875000000 f=0.405 u=0 breach=0 end=
CBAP_MIG t=20040000 epoch=4008 flow=2 side=new cur=2712434816 next=2778273715 tgt=2875000000 f=0.405 u=0 breach=0 end=
CBAP_MIG t=20040000 epoch=4008 flow=3 side=new cur=2712434816 next=2778273715 tgt=2875000000 f=0.405 u=0 breach=0 end=
CBAP_MIG t=20040000 epoch=4008 flow=4 side=new cur=2712434816 next=2778273715 tgt=2875000000 f=0.405 u=0 breach=0 end=
CBAP_MIG t=20040000 epoch=4008 flow=5 side=new cur=2712434816 next=2778273715 tgt=2875000000 f=0.405 u=0 breach=0 end=
CBAP_MIG t=20040000 epoch=4008 flow=6 side=new cur=2712434816 next=2778273715 tgt=2875000000 f=0.405 u=0 breach=0 end=
CBAP_MIG t=20040000 epoch=4008 flow=7 side=new cur=2712434816 next=2778273715 tgt=2875000000 f=0.405 u=0 breach=0 end=
CBAP_MIG t=20040000 epoch=4008 flow=8 side=new cur=2712434816 next=2778273715 tgt=2875000000 f=0.405 u=0 breach=0 end=
CBAP_MIG t=20040000 epoch=4008 flow=9 side=new cur=2712434816 next=2778273715 tgt=2875000000 f=0.405 u=0 breach=0 end=
CBAP_MIG t=20040000 epoch=4008 flow=10 side=new cur=2712434816 next=2778273715 tgt=2875000000 f=0.405 u=0 breach=0 end=
CBAP_MIG t=20040000 epoch=4008 flow=11 side=new cur=2712434816 next=2778273715 tgt=2875000000 f=0.405 u=0 breach=0 end=
CBAP_MIG t=20040000 epoch=4008 flow=12 side=new cur=2712434816 next=2778273715 tgt=2875000000 f=0.405 u=0 breach=0 end=
CBAP_MIG t=20040000 epoch=4008 flow=13 side=new cur=2712434816 next=2778273715 tgt=2875000000 f=0.405 u=0 breach=0 end=
CBAP_MIG t=20040000 epoch=4008 flow=14 side=new cur=2712434816 next=2778273715 tgt=2875000000 f=0.405 u=0 breach=0 end=
CBAP_MIG t=20040000 epoch=4008 flow=15 side=new cur=2712434816 next=2778273715 tgt=2875000000 f=0.405 u=0 breach=0 end=
CBAP_MIG t=20040000 epoch=4008 flow=16 side=new cur=2712434816 next=2778273715 tgt=2875000000 f=0.405 u=0 breach=0 end=
CBAP_MIG t=20040000 epoch=4008 flow=17 side=new cur=2712434816 next=2778273715 tgt=2875000000 f=0.405 u=0 breach=0 end=
CBAP_MIG t=20040000 epoch=4008 flow=18 side=new cur=2712434816 next=2778273715 tgt=2875000000 f=0.405 u=0 breach=0 end=
CBAP_MIG t=20040000 epoch=4008 flow=19 side=new cur=2712434816 next=2778273715 tgt=2875000000 f=0.405 u=0 breach=0 end=
CBAP_MIG t=20040000 epoch=4008 flow=20 side=new cur=2712434816 next=2778273715 tgt=2875000000 f=0.405 u=0 breach=0 end=
CBAP_MIG t=20040000 epoch=4008 flow=21 side=new cur=2712434816 next=2778273715 tgt=2875000000 f=0.405 u=0 breach=0 end=
CBAP_MIG t=20040000 epoch=4008 flow=22 side=new cur=2712434816 next=2778273715 tgt=2875000000 f=0.405 u=0 breach=0 end=
CBAP_MIG t=20040000 epoch=4008 flow=23 side=new cur=2712434816 next=2778273715 tgt=2875000000 f=0.405 u=0 breach=0 end=
CBAP_MIG t=20040000 epoch=4008 flow=24 side=new cur=2712434816 next=2778273715 tgt=2875000000 f=0.405 u=0 breach=0 end=
CBAP_MIG t=20040000 epoch=4008 flow=25 side=new cur=2712434816 next=2778273715 tgt=2875000000 f=0.405 u=0 breach=0 end=
CBAP_MIG t=20040000 epoch=4008 flow=26 side=new cur=2712434816 next=2778273715 tgt=2875000000 f=0.405 u=0 breach=0 end=
CBAP_MIG t=20040000 epoch=4008 flow=27 side=new cur=2712434816 next=2778273715 tgt=2875000000 f=0.405 u=0 breach=0 end=
CBAP_MIG t=20040000 epoch=4008 flow=28 side=new cur=2712434816 next=2778273715 tgt=2875000000 f=0.405 u=0 breach=0 end=
CBAP_MIG t=20040000 epoch=4008 flow=29 side=new cur=2712434816 next=2778273715 tgt=2875000000 f=0.405 u=0 breach=0 end=
CBAP_MIG t=20040000 epoch=4008 flow=30 side=new cur=2712434816 next=2778273715 tgt=2875000000 f=0.405 u=0 breach=0 end=
CBAP_MIG t=20040000 epoch=4008 flow=31 side=new cur=2712434816 next=2778273715 tgt=2875000000 f=0.405 u=0 breach=0 end=
CBAP_MIG t=20040000 epoch=4008 flow=32 side=new cur=2712434816 next=2778273715 tgt=2875000000 f=0.405 u=0 breach=0 end=
CBAP_MIG t=20040000 epoch=4008 flow=33 side=new cur=2712434816 next=2778273715 tgt=2875000000 f=0.405 u=0 breach=0 end=
CBAP_MIG t=20040000 epoch=4008 flow=34 side=new cur=2712434816 next=2778273715 tgt=2875000000 f=0.405 u=0 breach=0 end=
CBAP_MIG t=20040000 epoch=4008 flow=35 side=new cur=2712434816 next=2778273715 tgt=2875000000 f=0.405 u=0 breach=0 end=
CBAP_MIG t=20040000 epoch=4008 flow=36 side=new cur=2712434816 next=2778273715 tgt=2875000000 f=0.405 u=0 breach=0 end=
CBAP_MIG t=20040000 epoch=4008 flow=37 side=new cur=2712434816 next=2778273715 tgt=2875000000 f=0.405 u=0 breach=0 end=
CBAP_MIG t=20040000 epoch=4008 flow=38 side=new cur=2712434816 next=2778273715 tgt=2875000000 f=0.405 u=0 breach=0 end=
CBAP_MIG t=20040000 epoch=4008 flow=39 side=new cur=2712434816 next=2778273715 tgt=2875000000 f=0.405 u=0 breach=0 end=
CBAP_MIG t=20040000 epoch=4008 flow=40 side=new cur=2712434816 next=2778273715 tgt=2875000000 f=0.405 u=0 breach=0 end=
CBAP_MIG t=20040000 epoch=4008 flow=41 side=new cur=2712434816 next=2778273715 tgt=2875000000 f=0.405 u=0 breach=0 end=
CBAP_MIG t=20040000 epoch=4008 flow=42 side=new cur=2712434816 next=2778273715 tgt=2875000000 f=0.405 u=0 breach=0 end=
CBAP_MIG t=20040000 epoch=4008 flow=43 side=new cur=2712434816 next=2778273715 tgt=2875000000 f=0.405 u=0 breach=0 end=
CBAP_MIG t=20040000 epoch=4008 flow=44 side=new cur=2712434816 next=2778273715 tgt=2875000000 f=0.405 u=0 breach=0 end=
CBAP_MIG t=20040000 epoch=4008 flow=45 side=new cur=2712434816 next=2778273715 tgt=2875000000 f=0.405 u=0 breach=0 end=
CBAP_MIG t=20040000 epoch=4008 flow=46 side=new cur=2712434816 next=2778273715 tgt=2875000000 f=0.405 u=0 breach=0 end=
CBAP_MIG t=20040000 epoch=4008 flow=47 side=new cur=2712434816 next=2778273715 tgt=2875000000 f=0.405 u=0 breach=0 end=
CBAP_MIG t=20040000 epoch=4008 flow=48 side=new cur=2712434816 next=2778273715 tgt=2875000000 f=0.405 u=0 breach=0 end=
CBAP_MIG t=20040000 epoch=4008 flow=49 side=new cur=2712434816 next=2778273715 tgt=2875000000 f=0.405 u=0 breach=0 end=
CBAP_MIG t=20040000 epoch=4008 flow=50 side=new cur=2712434816 next=2778273715 tgt=2875000000 f=0.405 u=0 breach=0 end=
CBAP_MIG t=20040000 epoch=4008 flow=51 side=new cur=2712434816 next=2778273715 tgt=2875000000 f=0.405 u=0 breach=0 end=
CBAP_MIG t=20040000 epoch=4008 flow=52 side=new cur=2712434816 next=2778273715 tgt=2875000000 f=0.405 u=0 breach=0 end=
CBAP_MIG t=20040000 epoch=4008 flow=53 side=new cur=2712434816 next=2778273715 tgt=2875000000 f=0.405 u=0 breach=0 end=
CBAP_MIG t=20040000 epoch=4008 flow=54 side=new cur=2712434816 next=2778273715 tgt=2875000000 f=0.405 u=0 breach=0 end=
CBAP_MIG t=20040000 epoch=4008 flow=55 side=new cur=2712434816 next=2778273715 tgt=2875000000 f=0.405 u=0 breach=0 end=
CBAP_MIG t=20040000 epoch=4008 flow=56 side=new cur=2712434816 next=2778273715 tgt=2875000000 f=0.405 u=0 breach=0 end=
CBAP_MIG t=20040000 epoch=4008 flow=57 side=new cur=2712434816 next=2778273715 tgt=2875000000 f=0.405 u=0 breach=0 end=
CBAP_MIG t=20040000 epoch=4008 flow=58 side=new cur=2712434816 next=2778273715 tgt=2875000000 f=0.405 u=0 breach=0 end=
CBAP_MIG t=20040000 epoch=4008 flow=59 side=new cur=2712434816 next=2778273715 tgt=2875000000 f=0.405 u=0 breach=0 end=
CBAP_MIG t=20040000 epoch=4008 flow=60 side=new cur=2712434816 next=2778273715 tgt=2875000000 f=0.405 u=0 breach=0 end=
CBAP_MIG t=20040000 epoch=4008 flow=61 side=new cur=2712434816 next=2778273715 tgt=2875000000 f=0.405 u=0 breach=0 end=
CBAP_MIG t=20040000 epoch=4008 flow=62 side=new cur=2712434816 next=2778273715 tgt=2875000000 f=0.405 u=0 breach=0 end=
CBAP_MIG t=20040000 epoch=4008 flow=63 side=new cur=2712434816 next=2778273715 tgt=2875000000 f=0.405 u=0 breach=0 end=
CBAP_MIG t=20040000 epoch=4008 flow=64 side=new cur=2712434816 next=2778273715 tgt=2875000000 f=0.405 u=0 breach=0 end=
CBAP_MIG t=20045000 epoch=4009 flow=0 side=old cur=27859019199 next=24301313439 tgt=15999999999 f=0.3 u=0 breach=0 end=
CBAP_MIG t=20045000 epoch=4009 flow=1 side=new cur=2689702825 next=2764748180 tgt=2875000000 f=0.405 u=0 breach=0 end=
CBAP_MIG t=20045000 epoch=4009 flow=2 side=new cur=2689702825 next=2764748180 tgt=2875000000 f=0.405 u=0 breach=0 end=
CBAP_MIG t=20045000 epoch=4009 flow=3 side=new cur=2689702825 next=2764748180 tgt=2875000000 f=0.405 u=0 breach=0 end=
CBAP_MIG t=20045000 epoch=4009 flow=4 side=new cur=2689702825 next=2764748180 tgt=2875000000 f=0.405 u=0 breach=0 end=
CBAP_MIG t=20045000 epoch=4009 flow=5 side=new cur=2689702825 next=2764748180 tgt=2875000000 f=0.405 u=0 breach=0 end=
CBAP_MIG t=20045000 epoch=4009 flow=6 side=new cur=2689702825 next=2764748180 tgt=2875000000 f=0.405 u=0 breach=0 end=
CBAP_MIG t=20045000 epoch=4009 flow=7 side=new cur=2689702825 next=2764748180 tgt=2875000000 f=0.405 u=0 breach=0 end=
CBAP_MIG t=20045000 epoch=4009 flow=8 side=new cur=2689702825 next=2764748180 tgt=2875000000 f=0.405 u=0 breach=0 end=
CBAP_MIG t=20045000 epoch=4009 flow=9 side=new cur=2689702825 next=2764748180 tgt=2875000000 f=0.405 u=0 breach=0 end=
CBAP_MIG t=20045000 epoch=4009 flow=10 side=new cur=2689702825 next=2764748180 tgt=2875000000 f=0.405 u=0 breach=0 end=
CBAP_MIG t=20045000 epoch=4009 flow=11 side=new cur=2689702825 next=2764748180 tgt=2875000000 f=0.405 u=0 breach=0 end=
CBAP_MIG t=20045000 epoch=4009 flow=12 side=new cur=2689702825 next=2764748180 tgt=2875000000 f=0.405 u=0 breach=0 end=
CBAP_MIG t=20045000 epoch=4009 flow=13 side=new cur=2689702825 next=2764748180 tgt=2875000000 f=0.405 u=0 breach=0 end=
CBAP_MIG t=20045000 epoch=4009 flow=14 side=new cur=2689702825 next=2764748180 tgt=2875000000 f=0.405 u=0 breach=0 end=
CBAP_MIG t=20045000 epoch=4009 flow=15 side=new cur=2689702825 next=2764748180 tgt=2875000000 f=0.405 u=0 breach=0 end=
CBAP_MIG t=20045000 epoch=4009 flow=16 side=new cur=2689702825 next=2764748180 tgt=2875000000 f=0.405 u=0 breach=0 end=
CBAP_MIG t=20045000 epoch=4009 flow=17 side=new cur=2689702825 next=2764748180 tgt=2875000000 f=0.405 u=0 breach=0 end=
CBAP_MIG t=20045000 epoch=4009 flow=18 side=new cur=2689702825 next=2764748180 tgt=2875000000 f=0.405 u=0 breach=0 end=
CBAP_MIG t=20045000 epoch=4009 flow=19 side=new cur=2689702825 next=2764748180 tgt=2875000000 f=0.405 u=0 breach=0 end=
CBAP_MIG t=20045000 epoch=4009 flow=20 side=new cur=2689702825 next=2764748180 tgt=2875000000 f=0.405 u=0 breach=0 end=
CBAP_MIG t=20045000 epoch=4009 flow=21 side=new cur=2689702825 next=2764748180 tgt=2875000000 f=0.405 u=0 breach=0 end=
CBAP_MIG t=20045000 epoch=4009 flow=22 side=new cur=2689702825 next=2764748180 tgt=2875000000 f=0.405 u=0 breach=0 end=
CBAP_MIG t=20045000 epoch=4009 flow=23 side=new cur=2689702825 next=2764748180 tgt=2875000000 f=0.405 u=0 breach=0 end=
CBAP_MIG t=20045000 epoch=4009 flow=24 side=new cur=2689702825 next=2764748180 tgt=2875000000 f=0.405 u=0 breach=0 end=
CBAP_MIG t=20045000 epoch=4009 flow=25 side=new cur=2689702825 next=2764748180 tgt=2875000000 f=0.405 u=0 breach=0 end=
CBAP_MIG t=20045000 epoch=4009 flow=26 side=new cur=2689702825 next=2764748180 tgt=2875000000 f=0.405 u=0 breach=0 end=
CBAP_MIG t=20045000 epoch=4009 flow=27 side=new cur=2689702825 next=2764748180 tgt=2875000000 f=0.405 u=0 breach=0 end=
CBAP_MIG t=20045000 epoch=4009 flow=28 side=new cur=2689702825 next=2764748180 tgt=2875000000 f=0.405 u=0 breach=0 end=
CBAP_MIG t=20045000 epoch=4009 flow=29 side=new cur=2689702825 next=2764748180 tgt=2875000000 f=0.405 u=0 breach=0 end=
CBAP_MIG t=20045000 epoch=4009 flow=30 side=new cur=2689702825 next=2764748180 tgt=2875000000 f=0.405 u=0 breach=0 end=
CBAP_MIG t=20045000 epoch=4009 flow=31 side=new cur=2689702825 next=2764748180 tgt=2875000000 f=0.405 u=0 breach=0 end=
CBAP_MIG t=20045000 epoch=4009 flow=32 side=new cur=2689702825 next=2764748180 tgt=2875000000 f=0.405 u=0 breach=0 end=
CBAP_MIG t=20045000 epoch=4009 flow=33 side=new cur=2689702825 next=2764748180 tgt=2875000000 f=0.405 u=0 breach=0 end=
CBAP_MIG t=20045000 epoch=4009 flow=34 side=new cur=2689702825 next=2764748180 tgt=2875000000 f=0.405 u=0 breach=0 end=
CBAP_MIG t=20045000 epoch=4009 flow=35 side=new cur=2689702825 next=2764748180 tgt=2875000000 f=0.405 u=0 breach=0 end=
CBAP_MIG t=20045000 epoch=4009 flow=36 side=new cur=2689702825 next=2764748180 tgt=2875000000 f=0.405 u=0 breach=0 end=
CBAP_MIG t=20045000 epoch=4009 flow=37 side=new cur=2689702825 next=2764748180 tgt=2875000000 f=0.405 u=0 breach=0 end=
CBAP_MIG t=20045000 epoch=4009 flow=38 side=new cur=2689702825 next=2764748180 tgt=2875000000 f=0.405 u=0 breach=0 end=
CBAP_MIG t=20045000 epoch=4009 flow=39 side=new cur=2689702825 next=2764748180 tgt=2875000000 f=0.405 u=0 breach=0 end=
CBAP_MIG t=20045000 epoch=4009 flow=40 side=new cur=2689702825 next=2764748180 tgt=2875000000 f=0.405 u=0 breach=0 end=
CBAP_MIG t=20045000 epoch=4009 flow=41 side=new cur=2689702825 next=2764748180 tgt=2875000000 f=0.405 u=0 breach=0 end=
CBAP_MIG t=20045000 epoch=4009 flow=42 side=new cur=2689702825 next=2764748180 tgt=2875000000 f=0.405 u=0 breach=0 end=
CBAP_MIG t=20045000 epoch=4009 flow=43 side=new cur=2689702825 next=2764748180 tgt=2875000000 f=0.405 u=0 breach=0 end=
CBAP_MIG t=20045000 epoch=4009 flow=44 side=new cur=2689702825 next=2764748180 tgt=2875000000 f=0.405 u=0 breach=0 end=
CBAP_MIG t=20045000 epoch=4009 flow=45 side=new cur=2689702825 next=2764748180 tgt=2875000000 f=0.405 u=0 breach=0 end=
CBAP_MIG t=20045000 epoch=4009 flow=46 side=new cur=2689702825 next=2764748180 tgt=2875000000 f=0.405 u=0 breach=0 end=
CBAP_MIG t=20045000 epoch=4009 flow=47 side=new cur=2689702825 next=2764748180 tgt=2875000000 f=0.405 u=0 breach=0 end=
CBAP_MIG t=20045000 epoch=4009 flow=48 side=new cur=2689702825 next=2764748180 tgt=2875000000 f=0.405 u=0 breach=0 end=
CBAP_MIG t=20045000 epoch=4009 flow=49 side=new cur=2689702825 next=2764748180 tgt=2875000000 f=0.405 u=0 breach=0 end=
CBAP_MIG t=20045000 epoch=4009 flow=50 side=new cur=2689702825 next=2764748180 tgt=2875000000 f=0.405 u=0 breach=0 end=
CBAP_MIG t=20045000 epoch=4009 flow=51 side=new cur=2689702825 next=2764748180 tgt=2875000000 f=0.405 u=0 breach=0 end=
CBAP_MIG t=20045000 epoch=4009 flow=52 side=new cur=2689702825 next=2764748180 tgt=2875000000 f=0.405 u=0 breach=0 end=
CBAP_MIG t=20045000 epoch=4009 flow=53 side=new cur=2689702825 next=2764748180 tgt=2875000000 f=0.405 u=0 breach=0 end=
CBAP_MIG t=20045000 epoch=4009 flow=54 side=new cur=2689702825 next=2764748180 tgt=2875000000 f=0.405 u=0 breach=0 end=
CBAP_MIG t=20045000 epoch=4009 flow=55 side=new cur=2689702825 next=2764748180 tgt=2875000000 f=0.405 u=0 breach=0 end=
CBAP_MIG t=20045000 epoch=4009 flow=56 side=new cur=2689702825 next=2764748180 tgt=2875000000 f=0.405 u=0 breach=0 end=
CBAP_MIG t=20045000 epoch=4009 flow=57 side=new cur=2689702825 next=2764748180 tgt=2875000000 f=0.405 u=0 breach=0 end=
CBAP_MIG t=20045000 epoch=4009 flow=58 side=new cur=2689702825 next=2764748180 tgt=2875000000 f=0.405 u=0 breach=0 end=
CBAP_MIG t=20045000 epoch=4009 flow=59 side=new cur=2689702825 next=2764748180 tgt=2875000000 f=0.405 u=0 breach=0 end=
CBAP_MIG t=20045000 epoch=4009 flow=60 side=new cur=2689702825 next=2764748180 tgt=2875000000 f=0.405 u=0 breach=0 end=
CBAP_MIG t=20045000 epoch=4009 flow=61 side=new cur=2689702825 next=2764748180 tgt=2875000000 f=0.405 u=0 breach=0 end=
CBAP_MIG t=20045000 epoch=4009 flow=62 side=new cur=2689702825 next=2764748180 tgt=2875000000 f=0.405 u=0 breach=0 end=
CBAP_MIG t=20045000 epoch=4009 flow=63 side=new cur=2689702825 next=2764748180 tgt=2875000000 f=0.405 u=0 breach=0 end=
CBAP_MIG t=20045000 epoch=4009 flow=64 side=new cur=2689702825 next=2764748180 tgt=2875000000 f=0.405 u=0 breach=0 end=
CBAP_MIG t=20050000 epoch=4010 flow=0 side=old cur=24301313439 next=21810919407 tgt=15999999999 f=0.3 u=0 breach=0 end=
CBAP_MIG t=20050000 epoch=4010 flow=1 side=new cur=2764748180 next=2809400167 tgt=2875000000 f=0.405 u=0 breach=0 end=
CBAP_MIG t=20050000 epoch=4010 flow=2 side=new cur=2764748180 next=2809400167 tgt=2875000000 f=0.405 u=0 breach=0 end=
CBAP_MIG t=20050000 epoch=4010 flow=3 side=new cur=2764748180 next=2809400167 tgt=2875000000 f=0.405 u=0 breach=0 end=
CBAP_MIG t=20050000 epoch=4010 flow=4 side=new cur=2764748180 next=2809400167 tgt=2875000000 f=0.405 u=0 breach=0 end=
CBAP_MIG t=20050000 epoch=4010 flow=5 side=new cur=2764748180 next=2809400167 tgt=2875000000 f=0.405 u=0 breach=0 end=
CBAP_MIG t=20050000 epoch=4010 flow=6 side=new cur=2764748180 next=2809400167 tgt=2875000000 f=0.405 u=0 breach=0 end=
CBAP_MIG t=20050000 epoch=4010 flow=7 side=new cur=2764748180 next=2809400167 tgt=2875000000 f=0.405 u=0 breach=0 end=
CBAP_MIG t=20050000 epoch=4010 flow=8 side=new cur=2764748180 next=2809400167 tgt=2875000000 f=0.405 u=0 breach=0 end=
CBAP_MIG t=20050000 epoch=4010 flow=9 side=new cur=2764748180 next=2809400167 tgt=2875000000 f=0.405 u=0 breach=0 end=
CBAP_MIG t=20050000 epoch=4010 flow=10 side=new cur=2764748180 next=2809400167 tgt=2875000000 f=0.405 u=0 breach=0 end=
CBAP_MIG t=20050000 epoch=4010 flow=11 side=new cur=2764748180 next=2809400167 tgt=2875000000 f=0.405 u=0 breach=0 end=
CBAP_MIG t=20050000 epoch=4010 flow=12 side=new cur=2764748180 next=2809400167 tgt=2875000000 f=0.405 u=0 breach=0 end=
CBAP_MIG t=20050000 epoch=4010 flow=13 side=new cur=2764748180 next=2809400167 tgt=2875000000 f=0.405 u=0 breach=0 end=
CBAP_MIG t=20050000 epoch=4010 flow=14 side=new cur=2764748180 next=2809400167 tgt=2875000000 f=0.405 u=0 breach=0 end=
CBAP_MIG t=20050000 epoch=4010 flow=15 side=new cur=2764748180 next=2809400167 tgt=2875000000 f=0.405 u=0 breach=0 end=
CBAP_MIG t=20050000 epoch=4010 flow=16 side=new cur=2764748180 next=2809400167 tgt=2875000000 f=0.405 u=0 breach=0 end=
CBAP_MIG t=20050000 epoch=4010 flow=17 side=new cur=2764748180 next=2809400167 tgt=2875000000 f=0.405 u=0 breach=0 end=
CBAP_MIG t=20050000 epoch=4010 flow=18 side=new cur=2764748180 next=2809400167 tgt=2875000000 f=0.405 u=0 breach=0 end=
CBAP_MIG t=20050000 epoch=4010 flow=19 side=new cur=2764748180 next=2809400167 tgt=2875000000 f=0.405 u=0 breach=0 end=
CBAP_MIG t=20050000 epoch=4010 flow=20 side=new cur=2764748180 next=2809400167 tgt=2875000000 f=0.405 u=0 breach=0 end=
CBAP_MIG t=20050000 epoch=4010 flow=21 side=new cur=2764748180 next=2809400167 tgt=2875000000 f=0.405 u=0 breach=0 end=
CBAP_MIG t=20050000 epoch=4010 flow=22 side=new cur=2764748180 next=2809400167 tgt=2875000000 f=0.405 u=0 breach=0 end=
CBAP_MIG t=20050000 epoch=4010 flow=23 side=new cur=2764748180 next=2809400167 tgt=2875000000 f=0.405 u=0 breach=0 end=
CBAP_MIG t=20050000 epoch=4010 flow=24 side=new cur=2764748180 next=2809400167 tgt=2875000000 f=0.405 u=0 breach=0 end=
CBAP_MIG t=20050000 epoch=4010 flow=25 side=new cur=2764748180 next=2809400167 tgt=2875000000 f=0.405 u=0 breach=0 end=
CBAP_MIG t=20050000 epoch=4010 flow=26 side=new cur=2764748180 next=2809400167 tgt=2875000000 f=0.405 u=0 breach=0 end=
CBAP_MIG t=20050000 epoch=4010 flow=27 side=new cur=2764748180 next=2809400167 tgt=2875000000 f=0.405 u=0 breach=0 end=
CBAP_MIG t=20050000 epoch=4010 flow=28 side=new cur=2764748180 next=2809400167 tgt=2875000000 f=0.405 u=0 breach=0 end=
CBAP_MIG t=20050000 epoch=4010 flow=29 side=new cur=2764748180 next=2809400167 tgt=2875000000 f=0.405 u=0 breach=0 end=
CBAP_MIG t=20050000 epoch=4010 flow=30 side=new cur=2764748180 next=2809400167 tgt=2875000000 f=0.405 u=0 breach=0 end=
CBAP_MIG t=20050000 epoch=4010 flow=31 side=new cur=2764748180 next=2809400167 tgt=2875000000 f=0.405 u=0 breach=0 end=
CBAP_MIG t=20050000 epoch=4010 flow=32 side=new cur=2764748180 next=2809400167 tgt=2875000000 f=0.405 u=0 breach=0 end=
CBAP_MIG t=20050000 epoch=4010 flow=33 side=new cur=2764748180 next=2809400167 tgt=2875000000 f=0.405 u=0 breach=0 end=
CBAP_MIG t=20050000 epoch=4010 flow=34 side=new cur=2764748180 next=2809400167 tgt=2875000000 f=0.405 u=0 breach=0 end=
CBAP_MIG t=20050000 epoch=4010 flow=35 side=new cur=2764748180 next=2809400167 tgt=2875000000 f=0.405 u=0 breach=0 end=
CBAP_MIG t=20050000 epoch=4010 flow=36 side=new cur=2764748180 next=2809400167 tgt=2875000000 f=0.405 u=0 breach=0 end=
CBAP_MIG t=20050000 epoch=4010 flow=37 side=new cur=2764748180 next=2809400167 tgt=2875000000 f=0.405 u=0 breach=0 end=
CBAP_MIG t=20050000 epoch=4010 flow=38 side=new cur=2764748180 next=2809400167 tgt=2875000000 f=0.405 u=0 breach=0 end=
CBAP_MIG t=20050000 epoch=4010 flow=39 side=new cur=2764748180 next=2809400167 tgt=2875000000 f=0.405 u=0 breach=0 end=
CBAP_MIG t=20050000 epoch=4010 flow=40 side=new cur=2764748180 next=2809400167 tgt=2875000000 f=0.405 u=0 breach=0 end=
CBAP_MIG t=20050000 epoch=4010 flow=41 side=new cur=2764748180 next=2809400167 tgt=2875000000 f=0.405 u=0 breach=0 end=
CBAP_MIG t=20050000 epoch=4010 flow=42 side=new cur=2764748180 next=2809400167 tgt=2875000000 f=0.405 u=0 breach=0 end=
CBAP_MIG t=20050000 epoch=4010 flow=43 side=new cur=2764748180 next=2809400167 tgt=2875000000 f=0.405 u=0 breach=0 end=
CBAP_MIG t=20050000 epoch=4010 flow=44 side=new cur=2764748180 next=2809400167 tgt=2875000000 f=0.405 u=0 breach=0 end=
CBAP_MIG t=20050000 epoch=4010 flow=45 side=new cur=2764748180 next=2809400167 tgt=2875000000 f=0.405 u=0 breach=0 end=
CBAP_MIG t=20050000 epoch=4010 flow=46 side=new cur=2764748180 next=2809400167 tgt=2875000000 f=0.405 u=0 breach=0 end=
CBAP_MIG t=20050000 epoch=4010 flow=47 side=new cur=2764748180 next=2809400167 tgt=2875000000 f=0.405 u=0 breach=0 end=
CBAP_MIG t=20050000 epoch=4010 flow=48 side=new cur=2764748180 next=2809400167 tgt=2875000000 f=0.405 u=0 breach=0 end=
CBAP_MIG t=20050000 epoch=4010 flow=49 side=new cur=2764748180 next=2809400167 tgt=2875000000 f=0.405 u=0 breach=0 end=
CBAP_MIG t=20050000 epoch=4010 flow=50 side=new cur=2764748180 next=2809400167 tgt=2875000000 f=0.405 u=0 breach=0 end=
CBAP_MIG t=20050000 epoch=4010 flow=51 side=new cur=2764748180 next=2809400167 tgt=2875000000 f=0.405 u=0 breach=0 end=
CBAP_MIG t=20050000 epoch=4010 flow=52 side=new cur=2764748180 next=2809400167 tgt=2875000000 f=0.405 u=0 breach=0 end=
CBAP_MIG t=20050000 epoch=4010 flow=53 side=new cur=2764748180 next=2809400167 tgt=2875000000 f=0.405 u=0 breach=0 end=
CBAP_MIG t=20050000 epoch=4010 flow=54 side=new cur=2764748180 next=2809400167 tgt=2875000000 f=0.405 u=0 breach=0 end=
CBAP_MIG t=20050000 epoch=4010 flow=55 side=new cur=2764748180 next=2809400167 tgt=2875000000 f=0.405 u=0 breach=0 end=
CBAP_MIG t=20050000 epoch=4010 flow=56 side=new cur=2764748180 next=2809400167 tgt=2875000000 f=0.405 u=0 breach=0 end=
CBAP_MIG t=20050000 epoch=4010 flow=57 side=new cur=2764748180 next=2809400167 tgt=2875000000 f=0.405 u=0 breach=0 end=
CBAP_MIG t=20050000 epoch=4010 flow=58 side=new cur=2764748180 next=2809400167 tgt=2875000000 f=0.405 u=0 breach=0 end=
CBAP_MIG t=20050000 epoch=4010 flow=59 side=new cur=2764748180 next=2809400167 tgt=2875000000 f=0.405 u=0 breach=0 end=
CBAP_MIG t=20050000 epoch=4010 flow=60 side=new cur=2764748180 next=2809400167 tgt=2875000000 f=0.405 u=0 breach=0 end=
CBAP_MIG t=20050000 epoch=4010 flow=61 side=new cur=2764748180 next=2809400167 tgt=2875000000 f=0.405 u=0 breach=0 end=
CBAP_MIG t=20050000 epoch=4010 flow=62 side=new cur=2764748180 next=2809400167 tgt=2875000000 f=0.405 u=0 breach=0 end=
CBAP_MIG t=20050000 epoch=4010 flow=63 side=new cur=2764748180 next=2809400167 tgt=2875000000 f=0.405 u=0 breach=0 end=
CBAP_MIG t=20050000 epoch=4010 flow=64 side=new cur=2764748180 next=2809400167 tgt=2875000000 f=0.405 u=0 breach=0 end=
CBAP_MIG t=20055000 epoch=4011 flow=0 side=old cur=21810919407 next=20067643584 tgt=15999999999 f=0.3 u=0 breach=0 end=
CBAP_MIG t=20055000 epoch=4011 flow=1 side=new cur=2809400167 next=2835968099 tgt=2875000000 f=0.405 u=0 breach=0 end=
CBAP_MIG t=20055000 epoch=4011 flow=2 side=new cur=2809400167 next=2835968099 tgt=2875000000 f=0.405 u=0 breach=0 end=
CBAP_MIG t=20055000 epoch=4011 flow=3 side=new cur=2809400167 next=2835968099 tgt=2875000000 f=0.405 u=0 breach=0 end=
CBAP_MIG t=20055000 epoch=4011 flow=4 side=new cur=2809400167 next=2835968099 tgt=2875000000 f=0.405 u=0 breach=0 end=
CBAP_MIG t=20055000 epoch=4011 flow=5 side=new cur=2809400167 next=2835968099 tgt=2875000000 f=0.405 u=0 breach=0 end=
CBAP_MIG t=20055000 epoch=4011 flow=6 side=new cur=2809400167 next=2835968099 tgt=2875000000 f=0.405 u=0 breach=0 end=
CBAP_MIG t=20055000 epoch=4011 flow=7 side=new cur=2809400167 next=2835968099 tgt=2875000000 f=0.405 u=0 breach=0 end=
CBAP_MIG t=20055000 epoch=4011 flow=8 side=new cur=2809400167 next=2835968099 tgt=2875000000 f=0.405 u=0 breach=0 end=
CBAP_MIG t=20055000 epoch=4011 flow=9 side=new cur=2809400167 next=2835968099 tgt=2875000000 f=0.405 u=0 breach=0 end=
CBAP_MIG t=20055000 epoch=4011 flow=10 side=new cur=2809400167 next=2835968099 tgt=2875000000 f=0.405 u=0 breach=0 end=
CBAP_MIG t=20055000 epoch=4011 flow=11 side=new cur=2809400167 next=2835968099 tgt=2875000000 f=0.405 u=0 breach=0 end=
CBAP_MIG t=20055000 epoch=4011 flow=12 side=new cur=2809400167 next=2835968099 tgt=2875000000 f=0.405 u=0 breach=0 end=
CBAP_MIG t=20055000 epoch=4011 flow=13 side=new cur=2809400167 next=2835968099 tgt=2875000000 f=0.405 u=0 breach=0 end=
CBAP_MIG t=20055000 epoch=4011 flow=14 side=new cur=2809400167 next=2835968099 tgt=2875000000 f=0.405 u=0 breach=0 end=
CBAP_MIG t=20055000 epoch=4011 flow=15 side=new cur=2809400167 next=2835968099 tgt=2875000000 f=0.405 u=0 breach=0 end=
CBAP_MIG t=20055000 epoch=4011 flow=16 side=new cur=2809400167 next=2835968099 tgt=2875000000 f=0.405 u=0 breach=0 end=
CBAP_MIG t=20055000 epoch=4011 flow=17 side=new cur=2809400167 next=2835968099 tgt=2875000000 f=0.405 u=0 breach=0 end=
CBAP_MIG t=20055000 epoch=4011 flow=18 side=new cur=2809400167 next=2835968099 tgt=2875000000 f=0.405 u=0 breach=0 end=
CBAP_MIG t=20055000 epoch=4011 flow=19 side=new cur=2809400167 next=2835968099 tgt=2875000000 f=0.405 u=0 breach=0 end=
CBAP_MIG t=20055000 epoch=4011 flow=20 side=new cur=2809400167 next=2835968099 tgt=2875000000 f=0.405 u=0 breach=0 end=
CBAP_MIG t=20055000 epoch=4011 flow=21 side=new cur=2809400167 next=2835968099 tgt=2875000000 f=0.405 u=0 breach=0 end=
CBAP_MIG t=20055000 epoch=4011 flow=22 side=new cur=2809400167 next=2835968099 tgt=2875000000 f=0.405 u=0 breach=0 end=
CBAP_MIG t=20055000 epoch=4011 flow=23 side=new cur=2809400167 next=2835968099 tgt=2875000000 f=0.405 u=0 breach=0 end=
CBAP_MIG t=20055000 epoch=4011 flow=24 side=new cur=2809400167 next=2835968099 tgt=2875000000 f=0.405 u=0 breach=0 end=
CBAP_MIG t=20055000 epoch=4011 flow=25 side=new cur=2809400167 next=2835968099 tgt=2875000000 f=0.405 u=0 breach=0 end=
CBAP_MIG t=20055000 epoch=4011 flow=26 side=new cur=2809400167 next=2835968099 tgt=2875000000 f=0.405 u=0 breach=0 end=
CBAP_MIG t=20055000 epoch=4011 flow=27 side=new cur=2809400167 next=2835968099 tgt=2875000000 f=0.405 u=0 breach=0 end=
CBAP_MIG t=20055000 epoch=4011 flow=28 side=new cur=2809400167 next=2835968099 tgt=2875000000 f=0.405 u=0 breach=0 end=
CBAP_MIG t=20055000 epoch=4011 flow=29 side=new cur=2809400167 next=2835968099 tgt=2875000000 f=0.405 u=0 breach=0 end=
CBAP_MIG t=20055000 epoch=4011 flow=30 side=new cur=2809400167 next=2835968099 tgt=2875000000 f=0.405 u=0 breach=0 end=
CBAP_MIG t=20055000 epoch=4011 flow=31 side=new cur=2809400167 next=2835968099 tgt=2875000000 f=0.405 u=0 breach=0 end=
CBAP_MIG t=20055000 epoch=4011 flow=32 side=new cur=2809400167 next=2835968099 tgt=2875000000 f=0.405 u=0 breach=0 end=
CBAP_MIG t=20055000 epoch=4011 flow=33 side=new cur=2809400167 next=2835968099 tgt=2875000000 f=0.405 u=0 breach=0 end=
CBAP_MIG t=20055000 epoch=4011 flow=34 side=new cur=2809400167 next=2835968099 tgt=2875000000 f=0.405 u=0 breach=0 end=
CBAP_MIG t=20055000 epoch=4011 flow=35 side=new cur=2809400167 next=2835968099 tgt=2875000000 f=0.405 u=0 breach=0 end=
CBAP_MIG t=20055000 epoch=4011 flow=36 side=new cur=2809400167 next=2835968099 tgt=2875000000 f=0.405 u=0 breach=0 end=
CBAP_MIG t=20055000 epoch=4011 flow=37 side=new cur=2809400167 next=2835968099 tgt=2875000000 f=0.405 u=0 breach=0 end=
CBAP_MIG t=20055000 epoch=4011 flow=38 side=new cur=2809400167 next=2835968099 tgt=2875000000 f=0.405 u=0 breach=0 end=
CBAP_MIG t=20055000 epoch=4011 flow=39 side=new cur=2809400167 next=2835968099 tgt=2875000000 f=0.405 u=0 breach=0 end=
CBAP_MIG t=20055000 epoch=4011 flow=40 side=new cur=2809400167 next=2835968099 tgt=2875000000 f=0.405 u=0 breach=0 end=
CBAP_MIG t=20055000 epoch=4011 flow=41 side=new cur=2809400167 next=2835968099 tgt=2875000000 f=0.405 u=0 breach=0 end=
CBAP_MIG t=20055000 epoch=4011 flow=42 side=new cur=2809400167 next=2835968099 tgt=2875000000 f=0.405 u=0 breach=0 end=
CBAP_MIG t=20055000 epoch=4011 flow=43 side=new cur=2809400167 next=2835968099 tgt=2875000000 f=0.405 u=0 breach=0 end=
CBAP_MIG t=20055000 epoch=4011 flow=44 side=new cur=2809400167 next=2835968099 tgt=2875000000 f=0.405 u=0 breach=0 end=
CBAP_MIG t=20055000 epoch=4011 flow=45 side=new cur=2809400167 next=2835968099 tgt=2875000000 f=0.405 u=0 breach=0 end=
CBAP_MIG t=20055000 epoch=4011 flow=46 side=new cur=2809400167 next=2835968099 tgt=2875000000 f=0.405 u=0 breach=0 end=
CBAP_MIG t=20055000 epoch=4011 flow=47 side=new cur=2809400167 next=2835968099 tgt=2875000000 f=0.405 u=0 breach=0 end=
CBAP_MIG t=20055000 epoch=4011 flow=48 side=new cur=2809400167 next=2835968099 tgt=2875000000 f=0.405 u=0 breach=0 end=
CBAP_MIG t=20055000 epoch=4011 flow=49 side=new cur=2809400167 next=2835968099 tgt=2875000000 f=0.405 u=0 breach=0 end=
CBAP_MIG t=20055000 epoch=4011 flow=50 side=new cur=2809400167 next=2835968099 tgt=2875000000 f=0.405 u=0 breach=0 end=
CBAP_MIG t=20055000 epoch=4011 flow=51 side=new cur=2809400167 next=2835968099 tgt=2875000000 f=0.405 u=0 breach=0 end=
CBAP_MIG t=20055000 epoch=4011 flow=52 side=new cur=2809400167 next=2835968099 tgt=2875000000 f=0.405 u=0 breach=0 end=
CBAP_MIG t=20055000 epoch=4011 flow=53 side=new cur=2809400167 next=2835968099 tgt=2875000000 f=0.405 u=0 breach=0 end=
CBAP_MIG t=20055000 epoch=4011 flow=54 side=new cur=2809400167 next=2835968099 tgt=2875000000 f=0.405 u=0 breach=0 end=
CBAP_MIG t=20055000 epoch=4011 flow=55 side=new cur=2809400167 next=2835968099 tgt=2875000000 f=0.405 u=0 breach=0 end=
CBAP_MIG t=20055000 epoch=4011 flow=56 side=new cur=2809400167 next=2835968099 tgt=2875000000 f=0.405 u=0 breach=0 end=
CBAP_MIG t=20055000 epoch=4011 flow=57 side=new cur=2809400167 next=2835968099 tgt=2875000000 f=0.405 u=0 breach=0 end=
CBAP_MIG t=20055000 epoch=4011 flow=58 side=new cur=2809400167 next=2835968099 tgt=2875000000 f=0.405 u=0 breach=0 end=
CBAP_MIG t=20055000 epoch=4011 flow=59 side=new cur=2809400167 next=2835968099 tgt=2875000000 f=0.405 u=0 breach=0 end=
CBAP_MIG t=20055000 epoch=4011 flow=60 side=new cur=2809400167 next=2835968099 tgt=2875000000 f=0.405 u=0 breach=0 end=
CBAP_MIG t=20055000 epoch=4011 flow=61 side=new cur=2809400167 next=2835968099 tgt=2875000000 f=0.405 u=0 breach=0 end=
CBAP_MIG t=20055000 epoch=4011 flow=62 side=new cur=2809400167 next=2835968099 tgt=2875000000 f=0.405 u=0 breach=0 end=
CBAP_MIG t=20055000 epoch=4011 flow=63 side=new cur=2809400167 next=2835968099 tgt=2875000000 f=0.405 u=0 breach=0 end=
CBAP_MIG t=20055000 epoch=4011 flow=64 side=new cur=2809400167 next=2835968099 tgt=2875000000 f=0.405 u=0 breach=0 end=
CBAP_MIG t=20060000 epoch=4012 flow=0 side=old cur=20067643584 next=18847350508 tgt=15999999999 f=0.3 u=0 breach=0 end=
CBAP_MIG t=20060000 epoch=4012 flow=1 side=new cur=2873943069 next=2874371126 tgt=2875000000 f=0.405 u=0 breach=1 end=converged
CBAP_MIG t=20060000 epoch=4012 flow=2 side=new cur=2873943069 next=2874371126 tgt=2875000000 f=0.405 u=0 breach=1 end=converged
CBAP_MIG t=20060000 epoch=4012 flow=3 side=new cur=2873943069 next=2874371126 tgt=2875000000 f=0.405 u=0 breach=1 end=converged
CBAP_MIG t=20060000 epoch=4012 flow=4 side=new cur=2873943069 next=2874371126 tgt=2875000000 f=0.405 u=0 breach=1 end=converged
CBAP_MIG t=20060000 epoch=4012 flow=5 side=new cur=2873943069 next=2874371126 tgt=2875000000 f=0.405 u=0 breach=1 end=converged
CBAP_MIG t=20060000 epoch=4012 flow=6 side=new cur=2873943069 next=2874371126 tgt=2875000000 f=0.405 u=0 breach=1 end=converged
CBAP_MIG t=20060000 epoch=4012 flow=7 side=new cur=2873943069 next=2874371126 tgt=2875000000 f=0.405 u=0 breach=1 end=converged
CBAP_MIG t=20060000 epoch=4012 flow=8 side=new cur=2873943069 next=2874371126 tgt=2875000000 f=0.405 u=0 breach=1 end=converged
CBAP_MIG t=20060000 epoch=4012 flow=9 side=new cur=2873943069 next=2874371126 tgt=2875000000 f=0.405 u=0 breach=1 end=converged
CBAP_MIG t=20060000 epoch=4012 flow=10 side=new cur=2873943069 next=2874371126 tgt=2875000000 f=0.405 u=0 breach=1 end=converged
CBAP_MIG t=20060000 epoch=4012 flow=11 side=new cur=2873943069 next=2874371126 tgt=2875000000 f=0.405 u=0 breach=1 end=converged
CBAP_MIG t=20060000 epoch=4012 flow=12 side=new cur=2873943069 next=2874371126 tgt=2875000000 f=0.405 u=0 breach=1 end=converged
CBAP_MIG t=20060000 epoch=4012 flow=13 side=new cur=2873943069 next=2874371126 tgt=2875000000 f=0.405 u=0 breach=1 end=converged
CBAP_MIG t=20060000 epoch=4012 flow=14 side=new cur=2873943069 next=2874371126 tgt=2875000000 f=0.405 u=0 breach=1 end=converged
CBAP_MIG t=20060000 epoch=4012 flow=15 side=new cur=2873943069 next=2874371126 tgt=2875000000 f=0.405 u=0 breach=1 end=converged
CBAP_MIG t=20060000 epoch=4012 flow=16 side=new cur=2873943069 next=2874371126 tgt=2875000000 f=0.405 u=0 breach=1 end=converged
CBAP_MIG t=20060000 epoch=4012 flow=17 side=new cur=2873943069 next=2874371126 tgt=2875000000 f=0.405 u=0 breach=1 end=converged
CBAP_MIG t=20060000 epoch=4012 flow=18 side=new cur=2873943069 next=2874371126 tgt=2875000000 f=0.405 u=0 breach=1 end=converged
CBAP_MIG t=20060000 epoch=4012 flow=19 side=new cur=2873943069 next=2874371126 tgt=2875000000 f=0.405 u=0 breach=1 end=converged
CBAP_MIG t=20060000 epoch=4012 flow=20 side=new cur=2873943069 next=2874371126 tgt=2875000000 f=0.405 u=0 breach=1 end=converged
CBAP_MIG t=20060000 epoch=4012 flow=21 side=new cur=2873943069 next=2874371126 tgt=2875000000 f=0.405 u=0 breach=1 end=converged
CBAP_MIG t=20060000 epoch=4012 flow=22 side=new cur=2873943069 next=2874371126 tgt=2875000000 f=0.405 u=0 breach=1 end=converged
CBAP_MIG t=20060000 epoch=4012 flow=23 side=new cur=2873943069 next=2874371126 tgt=2875000000 f=0.405 u=0 breach=1 end=converged
CBAP_MIG t=20060000 epoch=4012 flow=24 side=new cur=2873943069 next=2874371126 tgt=2875000000 f=0.405 u=0 breach=1 end=converged
CBAP_MIG t=20060000 epoch=4012 flow=25 side=new cur=2873943069 next=2874371126 tgt=2875000000 f=0.405 u=0 breach=1 end=converged
CBAP_MIG t=20060000 epoch=4012 flow=26 side=new cur=2873943069 next=2874371126 tgt=2875000000 f=0.405 u=0 breach=1 end=converged
CBAP_MIG t=20060000 epoch=4012 flow=27 side=new cur=2873943069 next=2874371126 tgt=2875000000 f=0.405 u=0 breach=1 end=converged
CBAP_MIG t=20060000 epoch=4012 flow=28 side=new cur=2873943069 next=2874371126 tgt=2875000000 f=0.405 u=0 breach=1 end=converged
CBAP_MIG t=20060000 epoch=4012 flow=29 side=new cur=2873943069 next=2874371126 tgt=2875000000 f=0.405 u=0 breach=1 end=converged
CBAP_MIG t=20060000 epoch=4012 flow=30 side=new cur=2873943069 next=2874371126 tgt=2875000000 f=0.405 u=0 breach=1 end=converged
CBAP_MIG t=20060000 epoch=4012 flow=31 side=new cur=2873943069 next=2874371126 tgt=2875000000 f=0.405 u=0 breach=1 end=converged
CBAP_MIG t=20060000 epoch=4012 flow=32 side=new cur=2873943069 next=2874371126 tgt=2875000000 f=0.405 u=0 breach=1 end=converged
CBAP_MIG t=20060000 epoch=4012 flow=33 side=new cur=2873943069 next=2874371126 tgt=2875000000 f=0.405 u=0 breach=1 end=converged
CBAP_MIG t=20060000 epoch=4012 flow=34 side=new cur=2873943069 next=2874371126 tgt=2875000000 f=0.405 u=0 breach=1 end=converged
CBAP_MIG t=20060000 epoch=4012 flow=35 side=new cur=2873943069 next=2874371126 tgt=2875000000 f=0.405 u=0 breach=1 end=converged
CBAP_MIG t=20060000 epoch=4012 flow=36 side=new cur=2873943069 next=2874371126 tgt=2875000000 f=0.405 u=0 breach=1 end=converged
CBAP_MIG t=20060000 epoch=4012 flow=37 side=new cur=2873943069 next=2874371126 tgt=2875000000 f=0.405 u=0 breach=1 end=converged
CBAP_MIG t=20060000 epoch=4012 flow=38 side=new cur=2873943069 next=2874371126 tgt=2875000000 f=0.405 u=0 breach=1 end=converged
CBAP_MIG t=20060000 epoch=4012 flow=39 side=new cur=2873943069 next=2874371126 tgt=2875000000 f=0.405 u=0 breach=1 end=converged
CBAP_MIG t=20060000 epoch=4012 flow=40 side=new cur=2873943069 next=2874371126 tgt=2875000000 f=0.405 u=0 breach=1 end=converged
CBAP_MIG t=20060000 epoch=4012 flow=41 side=new cur=2873943069 next=2874371126 tgt=2875000000 f=0.405 u=0 breach=1 end=converged
CBAP_MIG t=20060000 epoch=4012 flow=42 side=new cur=2873943069 next=2874371126 tgt=2875000000 f=0.405 u=0 breach=1 end=converged
CBAP_MIG t=20060000 epoch=4012 flow=43 side=new cur=2873943069 next=2874371126 tgt=2875000000 f=0.405 u=0 breach=1 end=converged
CBAP_MIG t=20060000 epoch=4012 flow=44 side=new cur=2873943069 next=2874371126 tgt=2875000000 f=0.405 u=0 breach=1 end=converged
CBAP_MIG t=20060000 epoch=4012 flow=45 side=new cur=2873943069 next=2874371126 tgt=2875000000 f=0.405 u=0 breach=1 end=converged
CBAP_MIG t=20060000 epoch=4012 flow=46 side=new cur=2873943069 next=2874371126 tgt=2875000000 f=0.405 u=0 breach=1 end=converged
CBAP_MIG t=20060000 epoch=4012 flow=47 side=new cur=2873943069 next=2874371126 tgt=2875000000 f=0.405 u=0 breach=1 end=converged
CBAP_MIG t=20060000 epoch=4012 flow=48 side=new cur=2873943069 next=2874371126 tgt=2875000000 f=0.405 u=0 breach=1 end=converged
CBAP_MIG t=20060000 epoch=4012 flow=49 side=new cur=2873943069 next=2874371126 tgt=2875000000 f=0.405 u=0 breach=1 end=converged
CBAP_MIG t=20060000 epoch=4012 flow=50 side=new cur=2873943069 next=2874371126 tgt=2875000000 f=0.405 u=0 breach=1 end=converged
CBAP_MIG t=20060000 epoch=4012 flow=51 side=new cur=2873943069 next=2874371126 tgt=2875000000 f=0.405 u=0 breach=1 end=converged
CBAP_MIG t=20060000 epoch=4012 flow=52 side=new cur=2873943069 next=2874371126 tgt=2875000000 f=0.405 u=0 breach=1 end=converged
CBAP_MIG t=20060000 epoch=4012 flow=53 side=new cur=2873943069 next=2874371126 tgt=2875000000 f=0.405 u=0 breach=1 end=converged
CBAP_MIG t=20060000 epoch=4012 flow=54 side=new cur=2873943069 next=2874371126 tgt=2875000000 f=0.405 u=0 breach=1 end=converged
CBAP_MIG t=20060000 epoch=4012 flow=55 side=new cur=2873943069 next=2874371126 tgt=2875000000 f=0.405 u=0 breach=1 end=converged
CBAP_MIG t=20060000 epoch=4012 flow=56 side=new cur=2873943069 next=2874371126 tgt=2875000000 f=0.405 u=0 breach=1 end=converged
CBAP_MIG t=20060000 epoch=4012 flow=57 side=new cur=2873943069 next=2874371126 tgt=2875000000 f=0.405 u=0 breach=1 end=converged
CBAP_MIG t=20060000 epoch=4012 flow=58 side=new cur=2873943069 next=2874371126 tgt=2875000000 f=0.405 u=0 breach=1 end=converged
CBAP_MIG t=20060000 epoch=4012 flow=59 side=new cur=2873943069 next=2874371126 tgt=2875000000 f=0.405 u=0 breach=1 end=converged
CBAP_MIG t=20060000 epoch=4012 flow=60 side=new cur=2873943069 next=2874371126 tgt=2875000000 f=0.405 u=0 breach=1 end=converged
CBAP_MIG t=20060000 epoch=4012 flow=61 side=new cur=2873943069 next=2874371126 tgt=2875000000 f=0.405 u=0 breach=1 end=converged
CBAP_MIG t=20060000 epoch=4012 flow=62 side=new cur=2873943069 next=2874371126 tgt=2875000000 f=0.405 u=0 breach=1 end=converged
CBAP_MIG t=20060000 epoch=4012 flow=63 side=new cur=2873943069 next=2874371126 tgt=2875000000 f=0.405 u=0 breach=1 end=converged
CBAP_MIG t=20060000 epoch=4012 flow=64 side=new cur=2873943069 next=2874371126 tgt=2875000000 f=0.405 u=0 breach=1 end=converged
CBAP_MIG t=20065000 epoch=4013 flow=0 side=old cur=18847350508 next=17993145355 tgt=15999999999 f=0.3 u=0 breach=0 end=
CBAP_MIG t=20070000 epoch=4014 flow=0 side=old cur=17993145355 next=17395201748 tgt=15999999999 f=0.3 u=0 breach=0 end=
CBAP_MIG t=20075000 epoch=4015 flow=0 side=old cur=17395201748 next=16976641223 tgt=15999999999 f=0.3 u=0 breach=0 end=deadline_retargeted
CBAP_MIG_REPLAN t=20080000 reason=deadline_lapsed flow=0 batch=0 newest_batch=1 cur=16976641223 target=2000000000 ceiling=160000000000 old_side_present=1
CBAP_MIG_REPLAN t=20080000 reason=deadline_lapsed flow=1 batch=1 newest_batch=1 cur=2906357103 target=3098473998 ceiling=200000000000 old_side_present=1
CBAP_MIG_REPLAN t=20080000 reason=deadline_lapsed flow=2 batch=1 newest_batch=1 cur=2906357103 target=3098473998 ceiling=200000000000 old_side_present=1
CBAP_MIG_REPLAN t=20080000 reason=deadline_lapsed flow=3 batch=1 newest_batch=1 cur=2906357103 target=3098473998 ceiling=200000000000 old_side_present=1
CBAP_MIG_REPLAN t=20080000 reason=deadline_lapsed flow=4 batch=1 newest_batch=1 cur=2906357103 target=3098473998 ceiling=200000000000 old_side_present=1
CBAP_MIG_REPLAN t=20080000 reason=deadline_lapsed flow=5 batch=1 newest_batch=1 cur=2906357103 target=3098473998 ceiling=200000000000 old_side_present=1
CBAP_MIG_REPLAN t=20080000 reason=deadline_lapsed flow=6 batch=1 newest_batch=1 cur=2906357103 target=3098473998 ceiling=200000000000 old_side_present=1
CBAP_MIG_REPLAN t=20080000 reason=deadline_lapsed flow=7 batch=1 newest_batch=1 cur=2906357103 target=3098473998 ceiling=200000000000 old_side_present=1
CBAP_MIG_REPLAN t=20080000 reason=deadline_lapsed flow=8 batch=1 newest_batch=1 cur=2906357103 target=3098473998 ceiling=200000000000 old_side_present=1
CBAP_MIG_REPLAN t=20080000 reason=deadline_lapsed flow=9 batch=1 newest_batch=1 cur=2906357103 target=3098473998 ceiling=200000000000 old_side_present=1
CBAP_MIG_REPLAN t=20080000 reason=deadline_lapsed flow=10 batch=1 newest_batch=1 cur=2906357103 target=3098473998 ceiling=200000000000 old_side_present=1
CBAP_MIG_REPLAN t=20080000 reason=deadline_lapsed flow=11 batch=1 newest_batch=1 cur=2906357103 target=3098473998 ceiling=200000000000 old_side_present=1
CBAP_MIG_REPLAN t=20080000 reason=deadline_lapsed flow=12 batch=1 newest_batch=1 cur=2906357103 target=3098473998 ceiling=200000000000 old_side_present=1
CBAP_MIG_REPLAN t=20080000 reason=deadline_lapsed flow=13 batch=1 newest_batch=1 cur=2906357103 target=3098473998 ceiling=200000000000 old_side_present=1
CBAP_MIG_REPLAN t=20080000 reason=deadline_lapsed flow=14 batch=1 newest_batch=1 cur=2906357103 target=3098473998 ceiling=200000000000 old_side_present=1
CBAP_MIG_REPLAN t=20080000 reason=deadline_lapsed flow=15 batch=1 newest_batch=1 cur=2906357103 target=3098473998 ceiling=200000000000 old_side_present=1
CBAP_MIG_REPLAN t=20080000 reason=deadline_lapsed flow=16 batch=1 newest_batch=1 cur=2906357103 target=3098473998 ceiling=200000000000 old_side_present=1
CBAP_MIG_REPLAN t=20080000 reason=deadline_lapsed flow=17 batch=1 newest_batch=1 cur=2906357103 target=3098473998 ceiling=200000000000 old_side_present=1
CBAP_MIG_REPLAN t=20080000 reason=deadline_lapsed flow=18 batch=1 newest_batch=1 cur=2906357103 target=3098473998 ceiling=200000000000 old_side_present=1
CBAP_MIG_REPLAN t=20080000 reason=deadline_lapsed flow=19 batch=1 newest_batch=1 cur=2906357103 target=3098473998 ceiling=200000000000 old_side_present=1
CBAP_MIG_REPLAN t=20080000 reason=deadline_lapsed flow=20 batch=1 newest_batch=1 cur=2906357103 target=3098473998 ceiling=200000000000 old_side_present=1
CBAP_MIG_REPLAN t=20080000 reason=deadline_lapsed flow=21 batch=1 newest_batch=1 cur=2906357103 target=3098473998 ceiling=200000000000 old_side_present=1
CBAP_MIG_REPLAN t=20080000 reason=deadline_lapsed flow=22 batch=1 newest_batch=1 cur=2906357103 target=3098473998 ceiling=200000000000 old_side_present=1
CBAP_MIG_REPLAN t=20080000 reason=deadline_lapsed flow=23 batch=1 newest_batch=1 cur=2906357103 target=3098473998 ceiling=200000000000 old_side_present=1
CBAP_MIG_REPLAN t=20080000 reason=deadline_lapsed flow=24 batch=1 newest_batch=1 cur=2906357103 target=3098473998 ceiling=200000000000 old_side_present=1
CBAP_MIG_REPLAN t=20080000 reason=deadline_lapsed flow=25 batch=1 newest_batch=1 cur=2906357103 target=3098473998 ceiling=200000000000 old_side_present=1
CBAP_MIG_REPLAN t=20080000 reason=deadline_lapsed flow=26 batch=1 newest_batch=1 cur=2906357103 target=3098473998 ceiling=200000000000 old_side_present=1
CBAP_MIG_REPLAN t=20080000 reason=deadline_lapsed flow=27 batch=1 newest_batch=1 cur=2906357103 target=3098473998 ceiling=200000000000 old_side_present=1
CBAP_MIG_REPLAN t=20080000 reason=deadline_lapsed flow=28 batch=1 newest_batch=1 cur=2906357103 target=3098473998 ceiling=200000000000 old_side_present=1
CBAP_MIG_REPLAN t=20080000 reason=deadline_lapsed flow=29 batch=1 newest_batch=1 cur=2906357103 target=3098473998 ceiling=200000000000 old_side_present=1
CBAP_MIG_REPLAN t=20080000 reason=deadline_lapsed flow=30 batch=1 newest_batch=1 cur=2906357103 target=3098473998 ceiling=200000000000 old_side_present=1
CBAP_MIG_REPLAN t=20080000 reason=deadline_lapsed flow=31 batch=1 newest_batch=1 cur=2906357103 target=3098473998 ceiling=200000000000 old_side_present=1
CBAP_MIG_REPLAN t=20080000 reason=deadline_lapsed flow=32 batch=1 newest_batch=1 cur=2906357103 target=3098473998 ceiling=200000000000 old_side_present=1
CBAP_MIG_REPLAN t=20080000 reason=deadline_lapsed flow=33 batch=1 newest_batch=1 cur=2906357103 target=3098473998 ceiling=200000000000 old_side_present=1
CBAP_MIG_REPLAN t=20080000 reason=deadline_lapsed flow=34 batch=1 newest_batch=1 cur=2906357103 target=3098473998 ceiling=200000000000 old_side_present=1
CBAP_MIG_REPLAN t=20080000 reason=deadline_lapsed flow=35 batch=1 newest_batch=1 cur=2906357103 target=3098473998 ceiling=200000000000 old_side_present=1
CBAP_MIG_REPLAN t=20080000 reason=deadline_lapsed flow=36 batch=1 newest_batch=1 cur=2906357103 target=3098473998 ceiling=200000000000 old_side_present=1
CBAP_MIG_REPLAN t=20080000 reason=deadline_lapsed flow=37 batch=1 newest_batch=1 cur=2906357103 target=3098473998 ceiling=200000000000 old_side_present=1
CBAP_MIG_REPLAN t=20080000 reason=deadline_lapsed flow=38 batch=1 newest_batch=1 cur=2906357103 target=3098473998 ceiling=200000000000 old_side_present=1
CBAP_MIG_REPLAN t=20080000 reason=deadline_lapsed flow=39 batch=1 newest_batch=1 cur=2906357103 target=3098473998 ceiling=200000000000 old_side_present=1
CBAP_MIG_REPLAN t=20080000 reason=deadline_lapsed flow=40 batch=1 newest_batch=1 cur=2906357103 target=3098473998 ceiling=200000000000 old_side_present=1
CBAP_MIG_REPLAN t=20080000 reason=deadline_lapsed flow=41 batch=1 newest_batch=1 cur=2906357103 target=3098473998 ceiling=200000000000 old_side_present=1
CBAP_MIG_REPLAN t=20080000 reason=deadline_lapsed flow=42 batch=1 newest_batch=1 cur=2906357103 target=3098473998 ceiling=200000000000 old_side_present=1
CBAP_MIG_REPLAN t=20080000 reason=deadline_lapsed flow=43 batch=1 newest_batch=1 cur=2906357103 target=3098473998 ceiling=200000000000 old_side_present=1
CBAP_MIG_REPLAN t=20080000 reason=deadline_lapsed flow=44 batch=1 newest_batch=1 cur=2906357103 target=3098473998 ceiling=200000000000 old_side_present=1
CBAP_MIG_REPLAN t=20080000 reason=deadline_lapsed flow=45 batch=1 newest_batch=1 cur=2906357103 target=3098473998 ceiling=200000000000 old_side_present=1
CBAP_MIG_REPLAN t=20080000 reason=deadline_lapsed flow=46 batch=1 newest_batch=1 cur=2906357103 target=3098473998 ceiling=200000000000 old_side_present=1
CBAP_MIG_REPLAN t=20080000 reason=deadline_lapsed flow=47 batch=1 newest_batch=1 cur=2906357103 target=3098473998 ceiling=200000000000 old_side_present=1
CBAP_MIG_REPLAN t=20080000 reason=deadline_lapsed flow=48 batch=1 newest_batch=1 cur=2906357103 target=3098473998 ceiling=200000000000 old_side_present=1
CBAP_MIG_REPLAN t=20080000 reason=deadline_lapsed flow=49 batch=1 newest_batch=1 cur=2906357103 target=3098473998 ceiling=200000000000 old_side_present=1
CBAP_MIG_REPLAN t=20080000 reason=deadline_lapsed flow=50 batch=1 newest_batch=1 cur=2906357103 target=3098473998 ceiling=200000000000 old_side_present=1
CBAP_MIG_REPLAN t=20080000 reason=deadline_lapsed flow=51 batch=1 newest_batch=1 cur=2906357103 target=3098473998 ceiling=200000000000 old_side_present=1
CBAP_MIG_REPLAN t=20080000 reason=deadline_lapsed flow=52 batch=1 newest_batch=1 cur=2906357103 target=3098473998 ceiling=200000000000 old_side_present=1
CBAP_MIG_REPLAN t=20080000 reason=deadline_lapsed flow=53 batch=1 newest_batch=1 cur=2906357103 target=3098473998 ceiling=200000000000 old_side_present=1
CBAP_MIG_REPLAN t=20080000 reason=deadline_lapsed flow=54 batch=1 newest_batch=1 cur=2906357103 target=3098473998 ceiling=200000000000 old_side_present=1
CBAP_MIG_REPLAN t=20080000 reason=deadline_lapsed flow=55 batch=1 newest_batch=1 cur=2906357103 target=3098473998 ceiling=200000000000 old_side_present=1
CBAP_MIG_REPLAN t=20080000 reason=deadline_lapsed flow=56 batch=1 newest_batch=1 cur=2906357103 target=3098473998 ceiling=200000000000 old_side_present=1
CBAP_MIG_REPLAN t=20080000 reason=deadline_lapsed flow=57 batch=1 newest_batch=1 cur=2906357103 target=3098473998 ceiling=200000000000 old_side_present=1
CBAP_MIG_REPLAN t=20080000 reason=deadline_lapsed flow=58 batch=1 newest_batch=1 cur=2906357103 target=3098473998 ceiling=200000000000 old_side_present=1
CBAP_MIG_REPLAN t=20080000 reason=deadline_lapsed flow=59 batch=1 newest_batch=1 cur=2906357103 target=3098473998 ceiling=200000000000 old_side_present=1
CBAP_MIG_REPLAN t=20080000 reason=deadline_lapsed flow=60 batch=1 newest_batch=1 cur=2906357103 target=3098473998 ceiling=200000000000 old_side_present=1
CBAP_MIG_REPLAN t=20080000 reason=deadline_lapsed flow=61 batch=1 newest_batch=1 cur=2906357103 target=3098473998 ceiling=200000000000 old_side_present=1
CBAP_MIG_REPLAN t=20080000 reason=deadline_lapsed flow=62 batch=1 newest_batch=1 cur=2906357103 target=3098473998 ceiling=200000000000 old_side_present=1
CBAP_MIG_REPLAN t=20080000 reason=deadline_lapsed flow=63 batch=1 newest_batch=1 cur=2906357103 target=3098473998 ceiling=200000000000 old_side_present=1
CBAP_MIG_REPLAN t=20080000 reason=deadline_lapsed flow=64 batch=1 newest_batch=1 cur=2906357103 target=3098473998 ceiling=200000000000 old_side_present=1
CBAP_MIG t=20080000 epoch=4016 flow=0 side=old cur=16976641223 next=12483648856 tgt=2000000000 f=0.3 u=0 breach=0 end=
CBAP_MIG t=20080000 epoch=4016 flow=1 side=new cur=2906357103 next=2984164445 tgt=3098473998 f=0.405 u=0 breach=1 end=
CBAP_MIG t=20080000 epoch=4016 flow=2 side=new cur=2906357103 next=2984164445 tgt=3098473998 f=0.405 u=0 breach=1 end=
CBAP_MIG t=20080000 epoch=4016 flow=3 side=new cur=2906357103 next=2984164445 tgt=3098473998 f=0.405 u=0 breach=1 end=
CBAP_MIG t=20080000 epoch=4016 flow=4 side=new cur=2906357103 next=2984164445 tgt=3098473998 f=0.405 u=0 breach=1 end=
CBAP_MIG t=20080000 epoch=4016 flow=5 side=new cur=2906357103 next=2984164445 tgt=3098473998 f=0.405 u=0 breach=1 end=
CBAP_MIG t=20080000 epoch=4016 flow=6 side=new cur=2906357103 next=2984164445 tgt=3098473998 f=0.405 u=0 breach=1 end=
CBAP_MIG t=20080000 epoch=4016 flow=7 side=new cur=2906357103 next=2984164445 tgt=3098473998 f=0.405 u=0 breach=1 end=
CBAP_MIG t=20080000 epoch=4016 flow=8 side=new cur=2906357103 next=2984164445 tgt=3098473998 f=0.405 u=0 breach=1 end=
CBAP_MIG t=20080000 epoch=4016 flow=9 side=new cur=2906357103 next=2984164445 tgt=3098473998 f=0.405 u=0 breach=1 end=
CBAP_MIG t=20080000 epoch=4016 flow=10 side=new cur=2906357103 next=2984164445 tgt=3098473998 f=0.405 u=0 breach=1 end=
CBAP_MIG t=20080000 epoch=4016 flow=11 side=new cur=2906357103 next=2984164445 tgt=3098473998 f=0.405 u=0 breach=1 end=
CBAP_MIG t=20080000 epoch=4016 flow=12 side=new cur=2906357103 next=2984164445 tgt=3098473998 f=0.405 u=0 breach=1 end=
CBAP_MIG t=20080000 epoch=4016 flow=13 side=new cur=2906357103 next=2984164445 tgt=3098473998 f=0.405 u=0 breach=1 end=
CBAP_MIG t=20080000 epoch=4016 flow=14 side=new cur=2906357103 next=2984164445 tgt=3098473998 f=0.405 u=0 breach=1 end=
CBAP_MIG t=20080000 epoch=4016 flow=15 side=new cur=2906357103 next=2984164445 tgt=3098473998 f=0.405 u=0 breach=1 end=
CBAP_MIG t=20080000 epoch=4016 flow=16 side=new cur=2906357103 next=2984164445 tgt=3098473998 f=0.405 u=0 breach=1 end=
CBAP_MIG t=20080000 epoch=4016 flow=17 side=new cur=2906357103 next=2984164445 tgt=3098473998 f=0.405 u=0 breach=1 end=
CBAP_MIG t=20080000 epoch=4016 flow=18 side=new cur=2906357103 next=2984164445 tgt=3098473998 f=0.405 u=0 breach=1 end=
CBAP_MIG t=20080000 epoch=4016 flow=19 side=new cur=2906357103 next=2984164445 tgt=3098473998 f=0.405 u=0 breach=1 end=
CBAP_MIG t=20080000 epoch=4016 flow=20 side=new cur=2906357103 next=2984164445 tgt=3098473998 f=0.405 u=0 breach=1 end=
CBAP_MIG t=20080000 epoch=4016 flow=21 side=new cur=2906357103 next=2984164445 tgt=3098473998 f=0.405 u=0 breach=1 end=
CBAP_MIG t=20080000 epoch=4016 flow=22 side=new cur=2906357103 next=2984164445 tgt=3098473998 f=0.405 u=0 breach=1 end=
CBAP_MIG t=20080000 epoch=4016 flow=23 side=new cur=2906357103 next=2984164445 tgt=3098473998 f=0.405 u=0 breach=1 end=
CBAP_MIG t=20080000 epoch=4016 flow=24 side=new cur=2906357103 next=2984164445 tgt=3098473998 f=0.405 u=0 breach=1 end=
CBAP_MIG t=20080000 epoch=4016 flow=25 side=new cur=2906357103 next=2984164445 tgt=3098473998 f=0.405 u=0 breach=1 end=
CBAP_MIG t=20080000 epoch=4016 flow=26 side=new cur=2906357103 next=2984164445 tgt=3098473998 f=0.405 u=0 breach=1 end=
CBAP_MIG t=20080000 epoch=4016 flow=27 side=new cur=2906357103 next=2984164445 tgt=3098473998 f=0.405 u=0 breach=1 end=
CBAP_MIG t=20080000 epoch=4016 flow=28 side=new cur=2906357103 next=2984164445 tgt=3098473998 f=0.405 u=0 breach=1 end=
CBAP_MIG t=20080000 epoch=4016 flow=29 side=new cur=2906357103 next=2984164445 tgt=3098473998 f=0.405 u=0 breach=1 end=
CBAP_MIG t=20080000 epoch=4016 flow=30 side=new cur=2906357103 next=2984164445 tgt=3098473998 f=0.405 u=0 breach=1 end=
CBAP_MIG t=20080000 epoch=4016 flow=31 side=new cur=2906357103 next=2984164445 tgt=3098473998 f=0.405 u=0 breach=1 end=
CBAP_MIG t=20080000 epoch=4016 flow=32 side=new cur=2906357103 next=2984164445 tgt=3098473998 f=0.405 u=0 breach=1 end=
CBAP_MIG t=20080000 epoch=4016 flow=33 side=new cur=2906357103 next=2984164445 tgt=3098473998 f=0.405 u=0 breach=1 end=
CBAP_MIG t=20080000 epoch=4016 flow=34 side=new cur=2906357103 next=2984164445 tgt=3098473998 f=0.405 u=0 breach=1 end=
CBAP_MIG t=20080000 epoch=4016 flow=35 side=new cur=2906357103 next=2984164445 tgt=3098473998 f=0.405 u=0 breach=1 end=
CBAP_MIG t=20080000 epoch=4016 flow=36 side=new cur=2906357103 next=2984164445 tgt=3098473998 f=0.405 u=0 breach=1 end=
CBAP_MIG t=20080000 epoch=4016 flow=37 side=new cur=2906357103 next=2984164445 tgt=3098473998 f=0.405 u=0 breach=1 end=
CBAP_MIG t=20080000 epoch=4016 flow=38 side=new cur=2906357103 next=2984164445 tgt=3098473998 f=0.405 u=0 breach=1 end=
CBAP_MIG t=20080000 epoch=4016 flow=39 side=new cur=2906357103 next=2984164445 tgt=3098473998 f=0.405 u=0 breach=1 end=
CBAP_MIG t=20080000 epoch=4016 flow=40 side=new cur=2906357103 next=2984164445 tgt=3098473998 f=0.405 u=0 breach=1 end=
CBAP_MIG t=20080000 epoch=4016 flow=41 side=new cur=2906357103 next=2984164445 tgt=3098473998 f=0.405 u=0 breach=1 end=
CBAP_MIG t=20080000 epoch=4016 flow=42 side=new cur=2906357103 next=2984164445 tgt=3098473998 f=0.405 u=0 breach=1 end=
CBAP_MIG t=20080000 epoch=4016 flow=43 side=new cur=2906357103 next=2984164445 tgt=3098473998 f=0.405 u=0 breach=1 end=
CBAP_MIG t=20080000 epoch=4016 flow=44 side=new cur=2906357103 next=2984164445 tgt=3098473998 f=0.405 u=0 breach=1 end=
CBAP_MIG t=20080000 epoch=4016 flow=45 side=new cur=2906357103 next=2984164445 tgt=3098473998 f=0.405 u=0 breach=1 end=
CBAP_MIG t=20080000 epoch=4016 flow=46 side=new cur=2906357103 next=2984164445 tgt=3098473998 f=0.405 u=0 breach=1 end=
CBAP_MIG t=20080000 epoch=4016 flow=47 side=new cur=2906357103 next=2984164445 tgt=3098473998 f=0.405 u=0 breach=1 end=
CBAP_MIG t=20080000 epoch=4016 flow=48 side=new cur=2906357103 next=2984164445 tgt=3098473998 f=0.405 u=0 breach=1 end=
CBAP_MIG t=20080000 epoch=4016 flow=49 side=new cur=2906357103 next=2984164445 tgt=3098473998 f=0.405 u=0 breach=1 end=
CBAP_MIG t=20080000 epoch=4016 flow=50 side=new cur=2906357103 next=2984164445 tgt=3098473998 f=0.405 u=0 breach=1 end=
CBAP_MIG t=20080000 epoch=4016 flow=51 side=new cur=2906357103 next=2984164445 tgt=3098473998 f=0.405 u=0 breach=1 end=
CBAP_MIG t=20080000 epoch=4016 flow=52 side=new cur=2906357103 next=2984164445 tgt=3098473998 f=0.405 u=0 breach=1 end=
CBAP_MIG t=20080000 epoch=4016 flow=53 side=new cur=2906357103 next=2984164445 tgt=3098473998 f=0.405 u=0 breach=1 end=
CBAP_MIG t=20080000 epoch=4016 flow=54 side=new cur=2906357103 next=2984164445 tgt=3098473998 f=0.405 u=0 breach=1 end=
CBAP_MIG t=20080000 epoch=4016 flow=55 side=new cur=2906357103 next=2984164445 tgt=3098473998 f=0.405 u=0 breach=1 end=
CBAP_MIG t=20080000 epoch=4016 flow=56 side=new cur=2906357103 next=2984164445 tgt=3098473998 f=0.405 u=0 breach=1 end=
CBAP_MIG t=20080000 epoch=4016 flow=57 side=new cur=2906357103 next=2984164445 tgt=3098473998 f=0.405 u=0 breach=1 end=
CBAP_MIG t=20080000 epoch=4016 flow=58 side=new cur=2906357103 next=2984164445 tgt=3098473998 f=0.405 u=0 breach=1 end=
CBAP_MIG t=20080000 epoch=4016 flow=59 side=new cur=2906357103 next=2984164445 tgt=3098473998 f=0.405 u=0 breach=1 end=
CBAP_MIG t=20080000 epoch=4016 flow=60 side=new cur=2906357103 next=2984164445 tgt=3098473998 f=0.405 u=0 breach=1 end=
CBAP_MIG t=20080000 epoch=4016 flow=61 side=new cur=2906357103 next=2984164445 tgt=3098473998 f=0.405 u=0 breach=1 end=
CBAP_MIG t=20080000 epoch=4016 flow=62 side=new cur=2906357103 next=2984164445 tgt=3098473998 f=0.405 u=0 breach=1 end=
CBAP_MIG t=20080000 epoch=4016 flow=63 side=new cur=2906357103 next=2984164445 tgt=3098473998 f=0.405 u=0 breach=1 end=
CBAP_MIG t=20080000 epoch=4016 flow=64 side=new cur=2906357103 next=2984164445 tgt=3098473998 f=0.405 u=0 breach=1 end=
CBAP_MIG t=20085000 epoch=4017 flow=0 side=old cur=12483648856 next=9338554199 tgt=2000000000 f=0.3 u=0 breach=0 end=
CBAP_MIG t=20085000 epoch=4017 flow=1 side=new cur=2984164445 next=3030459813 tgt=3098473998 f=0.405 u=0 breach=1 end=
CBAP_MIG t=20085000 epoch=4017 flow=2 side=new cur=2984164445 next=3030459813 tgt=3098473998 f=0.405 u=0 breach=1 end=
CBAP_MIG t=20085000 epoch=4017 flow=3 side=new cur=2984164445 next=3030459813 tgt=3098473998 f=0.405 u=0 breach=1 end=
CBAP_MIG t=20085000 epoch=4017 flow=4 side=new cur=2984164445 next=3030459813 tgt=3098473998 f=0.405 u=0 breach=1 end=
CBAP_MIG t=20085000 epoch=4017 flow=5 side=new cur=2984164445 next=3030459813 tgt=3098473998 f=0.405 u=0 breach=1 end=
CBAP_MIG t=20085000 epoch=4017 flow=6 side=new cur=2984164445 next=3030459813 tgt=3098473998 f=0.405 u=0 breach=1 end=
CBAP_MIG t=20085000 epoch=4017 flow=7 side=new cur=2984164445 next=3030459813 tgt=3098473998 f=0.405 u=0 breach=1 end=
CBAP_MIG t=20085000 epoch=4017 flow=8 side=new cur=2984164445 next=3030459813 tgt=3098473998 f=0.405 u=0 breach=1 end=
CBAP_MIG t=20085000 epoch=4017 flow=9 side=new cur=2984164445 next=3030459813 tgt=3098473998 f=0.405 u=0 breach=1 end=
CBAP_MIG t=20085000 epoch=4017 flow=10 side=new cur=2984164445 next=3030459813 tgt=3098473998 f=0.405 u=0 breach=1 end=
CBAP_MIG t=20085000 epoch=4017 flow=11 side=new cur=2984164445 next=3030459813 tgt=3098473998 f=0.405 u=0 breach=1 end=
CBAP_MIG t=20085000 epoch=4017 flow=12 side=new cur=2984164445 next=3030459813 tgt=3098473998 f=0.405 u=0 breach=1 end=
CBAP_MIG t=20085000 epoch=4017 flow=13 side=new cur=2984164445 next=3030459813 tgt=3098473998 f=0.405 u=0 breach=1 end=
CBAP_MIG t=20085000 epoch=4017 flow=14 side=new cur=2984164445 next=3030459813 tgt=3098473998 f=0.405 u=0 breach=1 end=
CBAP_MIG t=20085000 epoch=4017 flow=15 side=new cur=2984164445 next=3030459813 tgt=3098473998 f=0.405 u=0 breach=1 end=
CBAP_MIG t=20085000 epoch=4017 flow=16 side=new cur=2984164445 next=3030459813 tgt=3098473998 f=0.405 u=0 breach=1 end=
CBAP_MIG t=20085000 epoch=4017 flow=17 side=new cur=2984164445 next=3030459813 tgt=3098473998 f=0.405 u=0 breach=1 end=
CBAP_MIG t=20085000 epoch=4017 flow=18 side=new cur=2984164445 next=3030459813 tgt=3098473998 f=0.405 u=0 breach=1 end=
CBAP_MIG t=20085000 epoch=4017 flow=19 side=new cur=2984164445 next=3030459813 tgt=3098473998 f=0.405 u=0 breach=1 end=
CBAP_MIG t=20085000 epoch=4017 flow=20 side=new cur=2984164445 next=3030459813 tgt=3098473998 f=0.405 u=0 breach=1 end=
CBAP_MIG t=20085000 epoch=4017 flow=21 side=new cur=2984164445 next=3030459813 tgt=3098473998 f=0.405 u=0 breach=1 end=
CBAP_MIG t=20085000 epoch=4017 flow=22 side=new cur=2984164445 next=3030459813 tgt=3098473998 f=0.405 u=0 breach=1 end=
CBAP_MIG t=20085000 epoch=4017 flow=23 side=new cur=2984164445 next=3030459813 tgt=3098473998 f=0.405 u=0 breach=1 end=
CBAP_MIG t=20085000 epoch=4017 flow=24 side=new cur=2984164445 next=3030459813 tgt=3098473998 f=0.405 u=0 breach=1 end=
CBAP_MIG t=20085000 epoch=4017 flow=25 side=new cur=2984164445 next=3030459813 tgt=3098473998 f=0.405 u=0 breach=1 end=
CBAP_MIG t=20085000 epoch=4017 flow=26 side=new cur=2984164445 next=3030459813 tgt=3098473998 f=0.405 u=0 breach=1 end=
CBAP_MIG t=20085000 epoch=4017 flow=27 side=new cur=2984164445 next=3030459813 tgt=3098473998 f=0.405 u=0 breach=1 end=
CBAP_MIG t=20085000 epoch=4017 flow=28 side=new cur=2984164445 next=3030459813 tgt=3098473998 f=0.405 u=0 breach=1 end=
CBAP_MIG t=20085000 epoch=4017 flow=29 side=new cur=2984164445 next=3030459813 tgt=3098473998 f=0.405 u=0 breach=1 end=
CBAP_MIG t=20085000 epoch=4017 flow=30 side=new cur=2984164445 next=3030459813 tgt=3098473998 f=0.405 u=0 breach=1 end=
CBAP_MIG t=20085000 epoch=4017 flow=31 side=new cur=2984164445 next=3030459813 tgt=3098473998 f=0.405 u=0 breach=1 end=
CBAP_MIG t=20085000 epoch=4017 flow=32 side=new cur=2984164445 next=3030459813 tgt=3098473998 f=0.405 u=0 breach=1 end=
CBAP_MIG t=20085000 epoch=4017 flow=33 side=new cur=2984164445 next=3030459813 tgt=3098473998 f=0.405 u=0 breach=1 end=
CBAP_MIG t=20085000 epoch=4017 flow=34 side=new cur=2984164445 next=3030459813 tgt=3098473998 f=0.405 u=0 breach=1 end=
CBAP_MIG t=20085000 epoch=4017 flow=35 side=new cur=2984164445 next=3030459813 tgt=3098473998 f=0.405 u=0 breach=1 end=
CBAP_MIG t=20085000 epoch=4017 flow=36 side=new cur=2984164445 next=3030459813 tgt=3098473998 f=0.405 u=0 breach=1 end=
CBAP_MIG t=20085000 epoch=4017 flow=37 side=new cur=2984164445 next=3030459813 tgt=3098473998 f=0.405 u=0 breach=1 end=
CBAP_MIG t=20085000 epoch=4017 flow=38 side=new cur=2984164445 next=3030459813 tgt=3098473998 f=0.405 u=0 breach=1 end=
CBAP_MIG t=20085000 epoch=4017 flow=39 side=new cur=2984164445 next=3030459813 tgt=3098473998 f=0.405 u=0 breach=1 end=
CBAP_MIG t=20085000 epoch=4017 flow=40 side=new cur=2984164445 next=3030459813 tgt=3098473998 f=0.405 u=0 breach=1 end=
CBAP_MIG t=20085000 epoch=4017 flow=41 side=new cur=2984164445 next=3030459813 tgt=3098473998 f=0.405 u=0 breach=1 end=
CBAP_MIG t=20085000 epoch=4017 flow=42 side=new cur=2984164445 next=3030459813 tgt=3098473998 f=0.405 u=0 breach=1 end=
CBAP_MIG t=20085000 epoch=4017 flow=43 side=new cur=2984164445 next=3030459813 tgt=3098473998 f=0.405 u=0 breach=1 end=
CBAP_MIG t=20085000 epoch=4017 flow=44 side=new cur=2984164445 next=3030459813 tgt=3098473998 f=0.405 u=0 breach=1 end=
CBAP_MIG t=20085000 epoch=4017 flow=45 side=new cur=2984164445 next=3030459813 tgt=3098473998 f=0.405 u=0 breach=1 end=
CBAP_MIG t=20085000 epoch=4017 flow=46 side=new cur=2984164445 next=3030459813 tgt=3098473998 f=0.405 u=0 breach=1 end=
CBAP_MIG t=20085000 epoch=4017 flow=47 side=new cur=2984164445 next=3030459813 tgt=3098473998 f=0.405 u=0 breach=1 end=
CBAP_MIG t=20085000 epoch=4017 flow=48 side=new cur=2984164445 next=3030459813 tgt=3098473998 f=0.405 u=0 breach=1 end=
CBAP_MIG t=20085000 epoch=4017 flow=49 side=new cur=2984164445 next=3030459813 tgt=3098473998 f=0.405 u=0 breach=1 end=
CBAP_MIG t=20085000 epoch=4017 flow=50 side=new cur=2984164445 next=3030459813 tgt=3098473998 f=0.405 u=0 breach=1 end=
CBAP_MIG t=20085000 epoch=4017 flow=51 side=new cur=2984164445 next=3030459813 tgt=3098473998 f=0.405 u=0 breach=1 end=
CBAP_MIG t=20085000 epoch=4017 flow=52 side=new cur=2984164445 next=3030459813 tgt=3098473998 f=0.405 u=0 breach=1 end=
CBAP_MIG t=20085000 epoch=4017 flow=53 side=new cur=2984164445 next=3030459813 tgt=3098473998 f=0.405 u=0 breach=1 end=
CBAP_MIG t=20085000 epoch=4017 flow=54 side=new cur=2984164445 next=3030459813 tgt=3098473998 f=0.405 u=0 breach=1 end=
CBAP_MIG t=20085000 epoch=4017 flow=55 side=new cur=2984164445 next=3030459813 tgt=3098473998 f=0.405 u=0 breach=1 end=
CBAP_MIG t=20085000 epoch=4017 flow=56 side=new cur=2984164445 next=3030459813 tgt=3098473998 f=0.405 u=0 breach=1 end=
CBAP_MIG t=20085000 epoch=4017 flow=57 side=new cur=2984164445 next=3030459813 tgt=3098473998 f=0.405 u=0 breach=1 end=
CBAP_MIG t=20085000 epoch=4017 flow=58 side=new cur=2984164445 next=3030459813 tgt=3098473998 f=0.405 u=0 breach=1 end=
CBAP_MIG t=20085000 epoch=4017 flow=59 side=new cur=2984164445 next=3030459813 tgt=3098473998 f=0.405 u=0 breach=1 end=
CBAP_MIG t=20085000 epoch=4017 flow=60 side=new cur=2984164445 next=3030459813 tgt=3098473998 f=0.405 u=0 breach=1 end=
CBAP_MIG t=20085000 epoch=4017 flow=61 side=new cur=2984164445 next=3030459813 tgt=3098473998 f=0.405 u=0 breach=1 end=
CBAP_MIG t=20085000 epoch=4017 flow=62 side=new cur=2984164445 next=3030459813 tgt=3098473998 f=0.405 u=0 breach=1 end=
CBAP_MIG t=20085000 epoch=4017 flow=63 side=new cur=2984164445 next=3030459813 tgt=3098473998 f=0.405 u=0 breach=1 end=
CBAP_MIG t=20085000 epoch=4017 flow=64 side=new cur=2984164445 next=3030459813 tgt=3098473998 f=0.405 u=0 breach=1 end=
CBAP_MIG t=20090000 epoch=4018 flow=0 side=old cur=9338554199 next=7136987939 tgt=2000000000 f=0.3 u=0 breach=0 end=
CBAP_MIG t=20090000 epoch=4018 flow=1 side=new cur=3041585090 next=3064625097 tgt=3098473998 f=0.405 u=0 breach=2 end=
CBAP_MIG t=20090000 epoch=4018 flow=2 side=new cur=3041585090 next=3064625097 tgt=3098473998 f=0.405 u=0 breach=2 end=
CBAP_MIG t=20090000 epoch=4018 flow=3 side=new cur=3041585090 next=3064625097 tgt=3098473998 f=0.405 u=0 breach=2 end=
CBAP_MIG t=20090000 epoch=4018 flow=4 side=new cur=3041585090 next=3064625097 tgt=3098473998 f=0.405 u=0 breach=2 end=
CBAP_MIG t=20090000 epoch=4018 flow=5 side=new cur=3041585090 next=3064625097 tgt=3098473998 f=0.405 u=0 breach=2 end=
CBAP_MIG t=20090000 epoch=4018 flow=6 side=new cur=3041585090 next=3064625097 tgt=3098473998 f=0.405 u=0 breach=2 end=
CBAP_MIG t=20090000 epoch=4018 flow=7 side=new cur=3041585090 next=3064625097 tgt=3098473998 f=0.405 u=0 breach=2 end=
CBAP_MIG t=20090000 epoch=4018 flow=8 side=new cur=3041585090 next=3064625097 tgt=3098473998 f=0.405 u=0 breach=2 end=
CBAP_MIG t=20090000 epoch=4018 flow=9 side=new cur=3041585090 next=3064625097 tgt=3098473998 f=0.405 u=0 breach=2 end=
CBAP_MIG t=20090000 epoch=4018 flow=10 side=new cur=3041585090 next=3064625097 tgt=3098473998 f=0.405 u=0 breach=2 end=
CBAP_MIG t=20090000 epoch=4018 flow=11 side=new cur=3041585090 next=3064625097 tgt=3098473998 f=0.405 u=0 breach=2 end=
CBAP_MIG t=20090000 epoch=4018 flow=12 side=new cur=3041585090 next=3064625097 tgt=3098473998 f=0.405 u=0 breach=2 end=
CBAP_MIG t=20090000 epoch=4018 flow=13 side=new cur=3041585090 next=3064625097 tgt=3098473998 f=0.405 u=0 breach=2 end=
CBAP_MIG t=20090000 epoch=4018 flow=14 side=new cur=3041585090 next=3064625097 tgt=3098473998 f=0.405 u=0 breach=2 end=
CBAP_MIG t=20090000 epoch=4018 flow=15 side=new cur=3041585090 next=3064625097 tgt=3098473998 f=0.405 u=0 breach=2 end=
CBAP_MIG t=20090000 epoch=4018 flow=16 side=new cur=3041585090 next=3064625097 tgt=3098473998 f=0.405 u=0 breach=2 end=
CBAP_MIG t=20090000 epoch=4018 flow=17 side=new cur=3041585090 next=3064625097 tgt=3098473998 f=0.405 u=0 breach=2 end=
CBAP_MIG t=20090000 epoch=4018 flow=18 side=new cur=3041585090 next=3064625097 tgt=3098473998 f=0.405 u=0 breach=2 end=
CBAP_MIG t=20090000 epoch=4018 flow=19 side=new cur=3041585090 next=3064625097 tgt=3098473998 f=0.405 u=0 breach=2 end=
CBAP_MIG t=20090000 epoch=4018 flow=20 side=new cur=3041585090 next=3064625097 tgt=3098473998 f=0.405 u=0 breach=2 end=
CBAP_MIG t=20090000 epoch=4018 flow=21 side=new cur=3041585090 next=3064625097 tgt=3098473998 f=0.405 u=0 breach=2 end=
CBAP_MIG t=20090000 epoch=4018 flow=22 side=new cur=3041585090 next=3064625097 tgt=3098473998 f=0.405 u=0 breach=2 end=
CBAP_MIG t=20090000 epoch=4018 flow=23 side=new cur=3041585090 next=3064625097 tgt=3098473998 f=0.405 u=0 breach=2 end=
CBAP_MIG t=20090000 epoch=4018 flow=24 side=new cur=3041585090 next=3064625097 tgt=3098473998 f=0.405 u=0 breach=2 end=
CBAP_MIG t=20090000 epoch=4018 flow=25 side=new cur=3041585090 next=3064625097 tgt=3098473998 f=0.405 u=0 breach=2 end=
CBAP_MIG t=20090000 epoch=4018 flow=26 side=new cur=3041585090 next=3064625097 tgt=3098473998 f=0.405 u=0 breach=2 end=
CBAP_MIG t=20090000 epoch=4018 flow=27 side=new cur=3041585090 next=3064625097 tgt=3098473998 f=0.405 u=0 breach=2 end=
CBAP_MIG t=20090000 epoch=4018 flow=28 side=new cur=3041585090 next=3064625097 tgt=3098473998 f=0.405 u=0 breach=2 end=
CBAP_MIG t=20090000 epoch=4018 flow=29 side=new cur=3041585090 next=3064625097 tgt=3098473998 f=0.405 u=0 breach=2 end=
CBAP_MIG t=20090000 epoch=4018 flow=30 side=new cur=3041585090 next=3064625097 tgt=3098473998 f=0.405 u=0 breach=2 end=
CBAP_MIG t=20090000 epoch=4018 flow=31 side=new cur=3041585090 next=3064625097 tgt=3098473998 f=0.405 u=0 breach=2 end=
CBAP_MIG t=20090000 epoch=4018 flow=32 side=new cur=3041585090 next=3064625097 tgt=3098473998 f=0.405 u=0 breach=2 end=
CBAP_MIG t=20090000 epoch=4018 flow=33 side=new cur=3041585090 next=3064625097 tgt=3098473998 f=0.405 u=0 breach=2 end=
CBAP_MIG t=20090000 epoch=4018 flow=34 side=new cur=3041585090 next=3064625097 tgt=3098473998 f=0.405 u=0 breach=2 end=
CBAP_MIG t=20090000 epoch=4018 flow=35 side=new cur=3041585090 next=3064625097 tgt=3098473998 f=0.405 u=0 breach=2 end=
CBAP_MIG t=20090000 epoch=4018 flow=36 side=new cur=3041585090 next=3064625097 tgt=3098473998 f=0.405 u=0 breach=2 end=
CBAP_MIG t=20090000 epoch=4018 flow=37 side=new cur=3041585090 next=3064625097 tgt=3098473998 f=0.405 u=0 breach=2 end=
CBAP_MIG t=20090000 epoch=4018 flow=38 side=new cur=3041585090 next=3064625097 tgt=3098473998 f=0.405 u=0 breach=2 end=
CBAP_MIG t=20090000 epoch=4018 flow=39 side=new cur=3041585090 next=3064625097 tgt=3098473998 f=0.405 u=0 breach=2 end=
CBAP_MIG t=20090000 epoch=4018 flow=40 side=new cur=3041585090 next=3064625097 tgt=3098473998 f=0.405 u=0 breach=2 end=
CBAP_MIG t=20090000 epoch=4018 flow=41 side=new cur=3041585090 next=3064625097 tgt=3098473998 f=0.405 u=0 breach=2 end=
CBAP_MIG t=20090000 epoch=4018 flow=42 side=new cur=3041585090 next=3064625097 tgt=3098473998 f=0.405 u=0 breach=2 end=
CBAP_MIG t=20090000 epoch=4018 flow=43 side=new cur=3041585090 next=3064625097 tgt=3098473998 f=0.405 u=0 breach=2 end=
CBAP_MIG t=20090000 epoch=4018 flow=44 side=new cur=3041585090 next=3064625097 tgt=3098473998 f=0.405 u=0 breach=2 end=
CBAP_MIG t=20090000 epoch=4018 flow=45 side=new cur=3041585090 next=3064625097 tgt=3098473998 f=0.405 u=0 breach=2 end=
CBAP_MIG t=20090000 epoch=4018 flow=46 side=new cur=3041585090 next=3064625097 tgt=3098473998 f=0.405 u=0 breach=2 end=
CBAP_MIG t=20090000 epoch=4018 flow=47 side=new cur=3041585090 next=3064625097 tgt=3098473998 f=0.405 u=0 breach=2 end=
CBAP_MIG t=20090000 epoch=4018 flow=48 side=new cur=3041585090 next=3064625097 tgt=3098473998 f=0.405 u=0 breach=2 end=
CBAP_MIG t=20090000 epoch=4018 flow=49 side=new cur=3041585090 next=3064625097 tgt=3098473998 f=0.405 u=0 breach=2 end=
CBAP_MIG t=20090000 epoch=4018 flow=50 side=new cur=3041585090 next=3064625097 tgt=3098473998 f=0.405 u=0 breach=2 end=
CBAP_MIG t=20090000 epoch=4018 flow=51 side=new cur=3041585090 next=3064625097 tgt=3098473998 f=0.405 u=0 breach=2 end=
CBAP_MIG t=20090000 epoch=4018 flow=52 side=new cur=3041585090 next=3064625097 tgt=3098473998 f=0.405 u=0 breach=2 end=
CBAP_MIG t=20090000 epoch=4018 flow=53 side=new cur=3041585090 next=3064625097 tgt=3098473998 f=0.405 u=0 breach=2 end=
CBAP_MIG t=20090000 epoch=4018 flow=54 side=new cur=3041585090 next=3064625097 tgt=3098473998 f=0.405 u=0 breach=2 end=
CBAP_MIG t=20090000 epoch=4018 flow=55 side=new cur=3041585090 next=3064625097 tgt=3098473998 f=0.405 u=0 breach=2 end=
CBAP_MIG t=20090000 epoch=4018 flow=56 side=new cur=3041585090 next=3064625097 tgt=3098473998 f=0.405 u=0 breach=2 end=
CBAP_MIG t=20090000 epoch=4018 flow=57 side=new cur=3041585090 next=3064625097 tgt=3098473998 f=0.405 u=0 breach=2 end=
CBAP_MIG t=20090000 epoch=4018 flow=58 side=new cur=3041585090 next=3064625097 tgt=3098473998 f=0.405 u=0 breach=2 end=
CBAP_MIG t=20090000 epoch=4018 flow=59 side=new cur=3041585090 next=3064625097 tgt=3098473998 f=0.405 u=0 breach=2 end=
CBAP_MIG t=20090000 epoch=4018 flow=60 side=new cur=3041585090 next=3064625097 tgt=3098473998 f=0.405 u=0 breach=2 end=
CBAP_MIG t=20090000 epoch=4018 flow=61 side=new cur=3041585090 next=3064625097 tgt=3098473998 f=0.405 u=0 breach=2 end=
CBAP_MIG t=20090000 epoch=4018 flow=62 side=new cur=3041585090 next=3064625097 tgt=3098473998 f=0.405 u=0 breach=2 end=
CBAP_MIG t=20090000 epoch=4018 flow=63 side=new cur=3041585090 next=3064625097 tgt=3098473998 f=0.405 u=0 breach=2 end=
CBAP_MIG t=20090000 epoch=4018 flow=64 side=new cur=3041585090 next=3064625097 tgt=3098473998 f=0.405 u=0 breach=2 end=
CBAP_MIG t=20095000 epoch=4019 flow=0 side=old cur=7136987939 next=5595891557 tgt=2000000000 f=0.3 u=0 breach=0 end=
CBAP_MIG t=20095000 epoch=4019 flow=1 side=new cur=3075984563 next=3085092784 tgt=3098473998 f=0.405 u=0 breach=3 end=converged
CBAP_MIG t=20095000 epoch=4019 flow=2 side=new cur=3075984563 next=3085092784 tgt=3098473998 f=0.405 u=0 breach=3 end=converged
CBAP_MIG t=20095000 epoch=4019 flow=3 side=new cur=3075984563 next=3085092784 tgt=3098473998 f=0.405 u=0 breach=3 end=converged
CBAP_MIG t=20095000 epoch=4019 flow=4 side=new cur=3075984563 next=3085092784 tgt=3098473998 f=0.405 u=0 breach=3 end=converged
CBAP_MIG t=20095000 epoch=4019 flow=5 side=new cur=3075984563 next=3085092784 tgt=3098473998 f=0.405 u=0 breach=3 end=converged
CBAP_MIG t=20095000 epoch=4019 flow=6 side=new cur=3075984563 next=3085092784 tgt=3098473998 f=0.405 u=0 breach=3 end=converged
CBAP_MIG t=20095000 epoch=4019 flow=7 side=new cur=3075984563 next=3085092784 tgt=3098473998 f=0.405 u=0 breach=3 end=converged
CBAP_MIG t=20095000 epoch=4019 flow=8 side=new cur=3075984563 next=3085092784 tgt=3098473998 f=0.405 u=0 breach=3 end=converged
CBAP_MIG t=20095000 epoch=4019 flow=9 side=new cur=3075984563 next=3085092784 tgt=3098473998 f=0.405 u=0 breach=3 end=converged
CBAP_MIG t=20095000 epoch=4019 flow=10 side=new cur=3075984563 next=3085092784 tgt=3098473998 f=0.405 u=0 breach=3 end=converged
CBAP_MIG t=20095000 epoch=4019 flow=11 side=new cur=3075984563 next=3085092784 tgt=3098473998 f=0.405 u=0 breach=3 end=converged
CBAP_MIG t=20095000 epoch=4019 flow=12 side=new cur=3075984563 next=3085092784 tgt=3098473998 f=0.405 u=0 breach=3 end=converged
CBAP_MIG t=20095000 epoch=4019 flow=13 side=new cur=3075984563 next=3085092784 tgt=3098473998 f=0.405 u=0 breach=3 end=converged
CBAP_MIG t=20095000 epoch=4019 flow=14 side=new cur=3075984563 next=3085092784 tgt=3098473998 f=0.405 u=0 breach=3 end=converged
CBAP_MIG t=20095000 epoch=4019 flow=15 side=new cur=3075984563 next=3085092784 tgt=3098473998 f=0.405 u=0 breach=3 end=converged
CBAP_MIG t=20095000 epoch=4019 flow=16 side=new cur=3075984563 next=3085092784 tgt=3098473998 f=0.405 u=0 breach=3 end=converged
CBAP_MIG t=20095000 epoch=4019 flow=17 side=new cur=3075984563 next=3085092784 tgt=3098473998 f=0.405 u=0 breach=3 end=converged
CBAP_MIG t=20095000 epoch=4019 flow=18 side=new cur=3075984563 next=3085092784 tgt=3098473998 f=0.405 u=0 breach=3 end=converged
CBAP_MIG t=20095000 epoch=4019 flow=19 side=new cur=3075984563 next=3085092784 tgt=3098473998 f=0.405 u=0 breach=3 end=converged
CBAP_MIG t=20095000 epoch=4019 flow=20 side=new cur=3075984563 next=3085092784 tgt=3098473998 f=0.405 u=0 breach=3 end=converged
CBAP_MIG t=20095000 epoch=4019 flow=21 side=new cur=3075984563 next=3085092784 tgt=3098473998 f=0.405 u=0 breach=3 end=converged
CBAP_MIG t=20095000 epoch=4019 flow=22 side=new cur=3075984563 next=3085092784 tgt=3098473998 f=0.405 u=0 breach=3 end=converged
CBAP_MIG t=20095000 epoch=4019 flow=23 side=new cur=3075984563 next=3085092784 tgt=3098473998 f=0.405 u=0 breach=3 end=converged
CBAP_MIG t=20095000 epoch=4019 flow=24 side=new cur=3075984563 next=3085092784 tgt=3098473998 f=0.405 u=0 breach=3 end=converged
CBAP_MIG t=20095000 epoch=4019 flow=25 side=new cur=3075984563 next=3085092784 tgt=3098473998 f=0.405 u=0 breach=3 end=converged
CBAP_MIG t=20095000 epoch=4019 flow=26 side=new cur=3075984563 next=3085092784 tgt=3098473998 f=0.405 u=0 breach=3 end=converged
CBAP_MIG t=20095000 epoch=4019 flow=27 side=new cur=3075984563 next=3085092784 tgt=3098473998 f=0.405 u=0 breach=3 end=converged
CBAP_MIG t=20095000 epoch=4019 flow=28 side=new cur=3075984563 next=3085092784 tgt=3098473998 f=0.405 u=0 breach=3 end=converged
CBAP_MIG t=20095000 epoch=4019 flow=29 side=new cur=3075984563 next=3085092784 tgt=3098473998 f=0.405 u=0 breach=3 end=converged
CBAP_MIG t=20095000 epoch=4019 flow=30 side=new cur=3075984563 next=3085092784 tgt=3098473998 f=0.405 u=0 breach=3 end=converged
CBAP_MIG t=20095000 epoch=4019 flow=31 side=new cur=3075984563 next=3085092784 tgt=3098473998 f=0.405 u=0 breach=3 end=converged
CBAP_MIG t=20095000 epoch=4019 flow=32 side=new cur=3075984563 next=3085092784 tgt=3098473998 f=0.405 u=0 breach=3 end=converged
CBAP_MIG t=20095000 epoch=4019 flow=33 side=new cur=3075984563 next=3085092784 tgt=3098473998 f=0.405 u=0 breach=3 end=converged
CBAP_MIG t=20095000 epoch=4019 flow=34 side=new cur=3075984563 next=3085092784 tgt=3098473998 f=0.405 u=0 breach=3 end=converged
CBAP_MIG t=20095000 epoch=4019 flow=35 side=new cur=3075984563 next=3085092784 tgt=3098473998 f=0.405 u=0 breach=3 end=converged
CBAP_MIG t=20095000 epoch=4019 flow=36 side=new cur=3075984563 next=3085092784 tgt=3098473998 f=0.405 u=0 breach=3 end=converged
CBAP_MIG t=20095000 epoch=4019 flow=37 side=new cur=3075984563 next=3085092784 tgt=3098473998 f=0.405 u=0 breach=3 end=converged
CBAP_MIG t=20095000 epoch=4019 flow=38 side=new cur=3075984563 next=3085092784 tgt=3098473998 f=0.405 u=0 breach=3 end=converged
CBAP_MIG t=20095000 epoch=4019 flow=39 side=new cur=3075984563 next=3085092784 tgt=3098473998 f=0.405 u=0 breach=3 end=converged
CBAP_MIG t=20095000 epoch=4019 flow=40 side=new cur=3075984563 next=3085092784 tgt=3098473998 f=0.405 u=0 breach=3 end=converged
CBAP_MIG t=20095000 epoch=4019 flow=41 side=new cur=3075984563 next=3085092784 tgt=3098473998 f=0.405 u=0 breach=3 end=converged
CBAP_MIG t=20095000 epoch=4019 flow=42 side=new cur=3075984563 next=3085092784 tgt=3098473998 f=0.405 u=0 breach=3 end=converged
CBAP_MIG t=20095000 epoch=4019 flow=43 side=new cur=3075984563 next=3085092784 tgt=3098473998 f=0.405 u=0 breach=3 end=converged
CBAP_MIG t=20095000 epoch=4019 flow=44 side=new cur=3075984563 next=3085092784 tgt=3098473998 f=0.405 u=0 breach=3 end=converged
CBAP_MIG t=20095000 epoch=4019 flow=45 side=new cur=3075984563 next=3085092784 tgt=3098473998 f=0.405 u=0 breach=3 end=converged
CBAP_MIG t=20095000 epoch=4019 flow=46 side=new cur=3075984563 next=3085092784 tgt=3098473998 f=0.405 u=0 breach=3 end=converged
CBAP_MIG t=20095000 epoch=4019 flow=47 side=new cur=3075984563 next=3085092784 tgt=3098473998 f=0.405 u=0 breach=3 end=converged
CBAP_MIG t=20095000 epoch=4019 flow=48 side=new cur=3075984563 next=3085092784 tgt=3098473998 f=0.405 u=0 breach=3 end=converged
CBAP_MIG t=20095000 epoch=4019 flow=49 side=new cur=3075984563 next=3085092784 tgt=3098473998 f=0.405 u=0 breach=3 end=converged
CBAP_MIG t=20095000 epoch=4019 flow=50 side=new cur=3075984563 next=3085092784 tgt=3098473998 f=0.405 u=0 breach=3 end=converged
CBAP_MIG t=20095000 epoch=4019 flow=51 side=new cur=3075984563 next=3085092784 tgt=3098473998 f=0.405 u=0 breach=3 end=converged
CBAP_MIG t=20095000 epoch=4019 flow=52 side=new cur=3075984563 next=3085092784 tgt=3098473998 f=0.405 u=0 breach=3 end=converged
CBAP_MIG t=20095000 epoch=4019 flow=53 side=new cur=3075984563 next=3085092784 tgt=3098473998 f=0.405 u=0 breach=3 end=converged
CBAP_MIG t=20095000 epoch=4019 flow=54 side=new cur=3075984563 next=3085092784 tgt=3098473998 f=0.405 u=0 breach=3 end=converged
CBAP_MIG t=20095000 epoch=4019 flow=55 side=new cur=3075984563 next=3085092784 tgt=3098473998 f=0.405 u=0 breach=3 end=converged
CBAP_MIG t=20095000 epoch=4019 flow=56 side=new cur=3075984563 next=3085092784 tgt=3098473998 f=0.405 u=0 breach=3 end=converged
CBAP_MIG t=20095000 epoch=4019 flow=57 side=new cur=3075984563 next=3085092784 tgt=3098473998 f=0.405 u=0 breach=3 end=converged
CBAP_MIG t=20095000 epoch=4019 flow=58 side=new cur=3075984563 next=3085092784 tgt=3098473998 f=0.405 u=0 breach=3 end=converged
CBAP_MIG t=20095000 epoch=4019 flow=59 side=new cur=3075984563 next=3085092784 tgt=3098473998 f=0.405 u=0 breach=3 end=converged
CBAP_MIG t=20095000 epoch=4019 flow=60 side=new cur=3075984563 next=3085092784 tgt=3098473998 f=0.405 u=0 breach=3 end=converged
CBAP_MIG t=20095000 epoch=4019 flow=61 side=new cur=3075984563 next=3085092784 tgt=3098473998 f=0.405 u=0 breach=3 end=converged
CBAP_MIG t=20095000 epoch=4019 flow=62 side=new cur=3075984563 next=3085092784 tgt=3098473998 f=0.405 u=0 breach=3 end=converged
CBAP_MIG t=20095000 epoch=4019 flow=63 side=new cur=3075984563 next=3085092784 tgt=3098473998 f=0.405 u=0 breach=3 end=converged
CBAP_MIG t=20095000 epoch=4019 flow=64 side=new cur=3075984563 next=3085092784 tgt=3098473998 f=0.405 u=0 breach=3 end=converged
CBAP_MIG t=20100000 epoch=4020 flow=0 side=old cur=5595891557 next=4517124089 tgt=2000000000 f=0.3 u=0 breach=0 end=
CBAP_MIG t=20105000 epoch=4021 flow=0 side=old cur=4517124089 next=3761986862 tgt=2000000000 f=0.3 u=0 breach=0 end=
CBAP_MIG t=20110000 epoch=4022 flow=0 side=old cur=3761986862 next=3233390803 tgt=2000000000 f=0.3 u=0 breach=0 end=
CBAP_MIG t=20115000 epoch=4023 flow=0 side=old cur=3233390803 next=2863373562 tgt=2000000000 f=0.3 u=0 breach=0 end=
CBAP_MIG t=20120000 epoch=4024 flow=0 side=old cur=2863373562 next=2604361493 tgt=2000000000 f=0.3 u=0 breach=0 end=
CBAP_MIG t=20125000 epoch=4025 flow=0 side=old cur=2604361493 next=2423053045 tgt=2000000000 f=0.3 u=0 breach=0 end=
CBAP_MIG t=20130000 epoch=4026 flow=0 side=old cur=2423053045 next=2296137131 tgt=2000000000 f=0.3 u=0 breach=0 end=
CBAP_MIG t=20135000 epoch=4027 flow=0 side=old cur=2296137131 next=2207295991 tgt=2000000000 f=0.3 u=0 breach=0 end=
CBAP_MIG t=20140000 epoch=4028 flow=0 side=old cur=2207295991 next=2145107193 tgt=2000000000 f=0.3 u=0 breach=0 end=
CBAP_MIG t=20145000 epoch=4029 flow=0 side=old cur=2145107193 next=2101575035 tgt=2000000000 f=0.3 u=0 breach=0 end=deadline_retargeted
CBAP_MIG_REPLAN t=20150000 reason=deadline_lapsed flow=1 batch=1 newest_batch=1 cur=3154662890 target=3184216289 ceiling=200000000000 old_side_present=1
CBAP_MIG_REPLAN t=20150000 reason=deadline_lapsed flow=2 batch=1 newest_batch=1 cur=3154662890 target=3184216289 ceiling=200000000000 old_side_present=1
CBAP_MIG_REPLAN t=20150000 reason=deadline_lapsed flow=3 batch=1 newest_batch=1 cur=3154662890 target=3184216289 ceiling=200000000000 old_side_present=1
CBAP_MIG_REPLAN t=20150000 reason=deadline_lapsed flow=4 batch=1 newest_batch=1 cur=3154662890 target=3184216289 ceiling=200000000000 old_side_present=1
CBAP_MIG_REPLAN t=20150000 reason=deadline_lapsed flow=5 batch=1 newest_batch=1 cur=3154662890 target=3184216289 ceiling=200000000000 old_side_present=1
CBAP_MIG_REPLAN t=20150000 reason=deadline_lapsed flow=6 batch=1 newest_batch=1 cur=3154662890 target=3184216289 ceiling=200000000000 old_side_present=1
CBAP_MIG_REPLAN t=20150000 reason=deadline_lapsed flow=7 batch=1 newest_batch=1 cur=3154662890 target=3184216289 ceiling=200000000000 old_side_present=1
CBAP_MIG_REPLAN t=20150000 reason=deadline_lapsed flow=8 batch=1 newest_batch=1 cur=3154662890 target=3184216289 ceiling=200000000000 old_side_present=1
CBAP_MIG_REPLAN t=20150000 reason=deadline_lapsed flow=9 batch=1 newest_batch=1 cur=3154662890 target=3184216289 ceiling=200000000000 old_side_present=1
CBAP_MIG_REPLAN t=20150000 reason=deadline_lapsed flow=10 batch=1 newest_batch=1 cur=3154662890 target=3184216289 ceiling=200000000000 old_side_present=1
CBAP_MIG_REPLAN t=20150000 reason=deadline_lapsed flow=11 batch=1 newest_batch=1 cur=3154662890 target=3184216289 ceiling=200000000000 old_side_present=1
CBAP_MIG_REPLAN t=20150000 reason=deadline_lapsed flow=12 batch=1 newest_batch=1 cur=3154662890 target=3184216289 ceiling=200000000000 old_side_present=1
CBAP_MIG_REPLAN t=20150000 reason=deadline_lapsed flow=13 batch=1 newest_batch=1 cur=3154662890 target=3184216289 ceiling=200000000000 old_side_present=1
CBAP_MIG_REPLAN t=20150000 reason=deadline_lapsed flow=14 batch=1 newest_batch=1 cur=3154662890 target=3184216289 ceiling=200000000000 old_side_present=1
CBAP_MIG_REPLAN t=20150000 reason=deadline_lapsed flow=15 batch=1 newest_batch=1 cur=3154662890 target=3184216289 ceiling=200000000000 old_side_present=1
CBAP_MIG_REPLAN t=20150000 reason=deadline_lapsed flow=16 batch=1 newest_batch=1 cur=3154662890 target=3184216289 ceiling=200000000000 old_side_present=1
CBAP_MIG_REPLAN t=20150000 reason=deadline_lapsed flow=17 batch=1 newest_batch=1 cur=3154662890 target=3184216289 ceiling=200000000000 old_side_present=1
CBAP_MIG_REPLAN t=20150000 reason=deadline_lapsed flow=18 batch=1 newest_batch=1 cur=3154662890 target=3184216289 ceiling=200000000000 old_side_present=1
CBAP_MIG_REPLAN t=20150000 reason=deadline_lapsed flow=19 batch=1 newest_batch=1 cur=3154662890 target=3184216289 ceiling=200000000000 old_side_present=1
CBAP_MIG_REPLAN t=20150000 reason=deadline_lapsed flow=20 batch=1 newest_batch=1 cur=3154662890 target=3184216289 ceiling=200000000000 old_side_present=1
CBAP_MIG_REPLAN t=20150000 reason=deadline_lapsed flow=21 batch=1 newest_batch=1 cur=3154662890 target=3184216289 ceiling=200000000000 old_side_present=1
CBAP_MIG_REPLAN t=20150000 reason=deadline_lapsed flow=22 batch=1 newest_batch=1 cur=3154662890 target=3184216289 ceiling=200000000000 old_side_present=1
CBAP_MIG_REPLAN t=20150000 reason=deadline_lapsed flow=23 batch=1 newest_batch=1 cur=3154662890 target=3184216289 ceiling=200000000000 old_side_present=1
CBAP_MIG_REPLAN t=20150000 reason=deadline_lapsed flow=24 batch=1 newest_batch=1 cur=3154662890 target=3184216289 ceiling=200000000000 old_side_present=1
CBAP_MIG_REPLAN t=20150000 reason=deadline_lapsed flow=25 batch=1 newest_batch=1 cur=3154662890 target=3184216289 ceiling=200000000000 old_side_present=1
CBAP_MIG_REPLAN t=20150000 reason=deadline_lapsed flow=26 batch=1 newest_batch=1 cur=3154662890 target=3184216289 ceiling=200000000000 old_side_present=1
CBAP_MIG_REPLAN t=20150000 reason=deadline_lapsed flow=27 batch=1 newest_batch=1 cur=3154662890 target=3184216289 ceiling=200000000000 old_side_present=1
CBAP_MIG_REPLAN t=20150000 reason=deadline_lapsed flow=28 batch=1 newest_batch=1 cur=3154662890 target=3184216289 ceiling=200000000000 old_side_present=1
CBAP_MIG_REPLAN t=20150000 reason=deadline_lapsed flow=29 batch=1 newest_batch=1 cur=3154662890 target=3184216289 ceiling=200000000000 old_side_present=1
CBAP_MIG_REPLAN t=20150000 reason=deadline_lapsed flow=30 batch=1 newest_batch=1 cur=3154662890 target=3184216289 ceiling=200000000000 old_side_present=1
CBAP_MIG_REPLAN t=20150000 reason=deadline_lapsed flow=31 batch=1 newest_batch=1 cur=3154662890 target=3184216289 ceiling=200000000000 old_side_present=1
CBAP_MIG_REPLAN t=20150000 reason=deadline_lapsed flow=32 batch=1 newest_batch=1 cur=3154662890 target=3184216289 ceiling=200000000000 old_side_present=1
CBAP_MIG_REPLAN t=20150000 reason=deadline_lapsed flow=33 batch=1 newest_batch=1 cur=3154662890 target=3184216289 ceiling=200000000000 old_side_present=1
CBAP_MIG_REPLAN t=20150000 reason=deadline_lapsed flow=34 batch=1 newest_batch=1 cur=3154662890 target=3184216289 ceiling=200000000000 old_side_present=1
CBAP_MIG_REPLAN t=20150000 reason=deadline_lapsed flow=35 batch=1 newest_batch=1 cur=3154662890 target=3184216289 ceiling=200000000000 old_side_present=1
CBAP_MIG_REPLAN t=20150000 reason=deadline_lapsed flow=36 batch=1 newest_batch=1 cur=3154662890 target=3184216289 ceiling=200000000000 old_side_present=1
CBAP_MIG_REPLAN t=20150000 reason=deadline_lapsed flow=37 batch=1 newest_batch=1 cur=3154662890 target=3184216289 ceiling=200000000000 old_side_present=1
CBAP_MIG_REPLAN t=20150000 reason=deadline_lapsed flow=38 batch=1 newest_batch=1 cur=3154662890 target=3184216289 ceiling=200000000000 old_side_present=1
CBAP_MIG_REPLAN t=20150000 reason=deadline_lapsed flow=39 batch=1 newest_batch=1 cur=3154662890 target=3184216289 ceiling=200000000000 old_side_present=1
CBAP_MIG_REPLAN t=20150000 reason=deadline_lapsed flow=40 batch=1 newest_batch=1 cur=3154662890 target=3184216289 ceiling=200000000000 old_side_present=1
CBAP_MIG_REPLAN t=20150000 reason=deadline_lapsed flow=41 batch=1 newest_batch=1 cur=3154662890 target=3184216289 ceiling=200000000000 old_side_present=1
CBAP_MIG_REPLAN t=20150000 reason=deadline_lapsed flow=42 batch=1 newest_batch=1 cur=3154662890 target=3184216289 ceiling=200000000000 old_side_present=1
CBAP_MIG_REPLAN t=20150000 reason=deadline_lapsed flow=43 batch=1 newest_batch=1 cur=3154662890 target=3184216289 ceiling=200000000000 old_side_present=1
CBAP_MIG_REPLAN t=20150000 reason=deadline_lapsed flow=44 batch=1 newest_batch=1 cur=3154662890 target=3184216289 ceiling=200000000000 old_side_present=1
CBAP_MIG_REPLAN t=20150000 reason=deadline_lapsed flow=45 batch=1 newest_batch=1 cur=3154662890 target=3184216289 ceiling=200000000000 old_side_present=1
CBAP_MIG_REPLAN t=20150000 reason=deadline_lapsed flow=46 batch=1 newest_batch=1 cur=3154662890 target=3184216289 ceiling=200000000000 old_side_present=1
CBAP_MIG_REPLAN t=20150000 reason=deadline_lapsed flow=47 batch=1 newest_batch=1 cur=3154662890 target=3184216289 ceiling=200000000000 old_side_present=1
CBAP_MIG_REPLAN t=20150000 reason=deadline_lapsed flow=48 batch=1 newest_batch=1 cur=3154662890 target=3184216289 ceiling=200000000000 old_side_present=1
CBAP_MIG_REPLAN t=20150000 reason=deadline_lapsed flow=49 batch=1 newest_batch=1 cur=3154662890 target=3184216289 ceiling=200000000000 old_side_present=1
CBAP_MIG_REPLAN t=20150000 reason=deadline_lapsed flow=50 batch=1 newest_batch=1 cur=3154662890 target=3184216289 ceiling=200000000000 old_side_present=1
CBAP_MIG_REPLAN t=20150000 reason=deadline_lapsed flow=51 batch=1 newest_batch=1 cur=3154662890 target=3184216289 ceiling=200000000000 old_side_present=1
CBAP_MIG_REPLAN t=20150000 reason=deadline_lapsed flow=52 batch=1 newest_batch=1 cur=3154662890 target=3184216289 ceiling=200000000000 old_side_present=1
CBAP_MIG_REPLAN t=20150000 reason=deadline_lapsed flow=53 batch=1 newest_batch=1 cur=3154662890 target=3184216289 ceiling=200000000000 old_side_present=1
CBAP_MIG_REPLAN t=20150000 reason=deadline_lapsed flow=54 batch=1 newest_batch=1 cur=3154662890 target=3184216289 ceiling=200000000000 old_side_present=1
CBAP_MIG_REPLAN t=20150000 reason=deadline_lapsed flow=55 batch=1 newest_batch=1 cur=3154662890 target=3184216289 ceiling=200000000000 old_side_present=1
CBAP_MIG_REPLAN t=20150000 reason=deadline_lapsed flow=56 batch=1 newest_batch=1 cur=3154662890 target=3184216289 ceiling=200000000000 old_side_present=1
CBAP_MIG_REPLAN t=20150000 reason=deadline_lapsed flow=57 batch=1 newest_batch=1 cur=3154662890 target=3184216289 ceiling=200000000000 old_side_present=1
CBAP_MIG_REPLAN t=20150000 reason=deadline_lapsed flow=58 batch=1 newest_batch=1 cur=3154662890 target=3184216289 ceiling=200000000000 old_side_present=1
CBAP_MIG_REPLAN t=20150000 reason=deadline_lapsed flow=59 batch=1 newest_batch=1 cur=3154662890 target=3184216289 ceiling=200000000000 old_side_present=1
CBAP_MIG_REPLAN t=20150000 reason=deadline_lapsed flow=60 batch=1 newest_batch=1 cur=3154662890 target=3184216289 ceiling=200000000000 old_side_present=1
CBAP_MIG_REPLAN t=20150000 reason=deadline_lapsed flow=61 batch=1 newest_batch=1 cur=3154662890 target=3184216289 ceiling=200000000000 old_side_present=1
CBAP_MIG_REPLAN t=20150000 reason=deadline_lapsed flow=62 batch=1 newest_batch=1 cur=3154662890 target=3184216289 ceiling=200000000000 old_side_present=1
CBAP_MIG_REPLAN t=20150000 reason=deadline_lapsed flow=63 batch=1 newest_batch=1 cur=3154662890 target=3184216289 ceiling=200000000000 old_side_present=1
CBAP_MIG_REPLAN t=20150000 reason=deadline_lapsed flow=64 batch=1 newest_batch=1 cur=3154662890 target=3184216289 ceiling=200000000000 old_side_present=1
CBAP_MIG t=20150000 epoch=4030 flow=0 side=old cur=2101575035 next=2071102524 tgt=2000000000 f=0.3 u=0 breach=0 end=
CBAP_MIG t=20150000 epoch=4030 flow=1 side=new cur=3154662890 next=3166632016 tgt=3184216289 f=0.405 u=0 breach=3 end=converged
CBAP_MIG t=20150000 epoch=4030 flow=2 side=new cur=3154662890 next=3166632016 tgt=3184216289 f=0.405 u=0 breach=3 end=converged
CBAP_MIG t=20150000 epoch=4030 flow=3 side=new cur=3154662890 next=3166632016 tgt=3184216289 f=0.405 u=0 breach=3 end=converged
CBAP_MIG t=20150000 epoch=4030 flow=4 side=new cur=3154662890 next=3166632016 tgt=3184216289 f=0.405 u=0 breach=3 end=converged
CBAP_MIG t=20150000 epoch=4030 flow=5 side=new cur=3154662890 next=3166632016 tgt=3184216289 f=0.405 u=0 breach=3 end=converged
CBAP_MIG t=20150000 epoch=4030 flow=6 side=new cur=3154662890 next=3166632016 tgt=3184216289 f=0.405 u=0 breach=3 end=converged
CBAP_MIG t=20150000 epoch=4030 flow=7 side=new cur=3154662890 next=3166632016 tgt=3184216289 f=0.405 u=0 breach=3 end=converged
CBAP_MIG t=20150000 epoch=4030 flow=8 side=new cur=3154662890 next=3166632016 tgt=3184216289 f=0.405 u=0 breach=3 end=converged
CBAP_MIG t=20150000 epoch=4030 flow=9 side=new cur=3154662890 next=3166632016 tgt=3184216289 f=0.405 u=0 breach=3 end=converged
CBAP_MIG t=20150000 epoch=4030 flow=10 side=new cur=3154662890 next=3166632016 tgt=3184216289 f=0.405 u=0 breach=3 end=converged
CBAP_MIG t=20150000 epoch=4030 flow=11 side=new cur=3154662890 next=3166632016 tgt=3184216289 f=0.405 u=0 breach=3 end=converged
CBAP_MIG t=20150000 epoch=4030 flow=12 side=new cur=3154662890 next=3166632016 tgt=3184216289 f=0.405 u=0 breach=3 end=converged
CBAP_MIG t=20150000 epoch=4030 flow=13 side=new cur=3154662890 next=3166632016 tgt=3184216289 f=0.405 u=0 breach=3 end=converged
CBAP_MIG t=20150000 epoch=4030 flow=14 side=new cur=3154662890 next=3166632016 tgt=3184216289 f=0.405 u=0 breach=3 end=converged
CBAP_MIG t=20150000 epoch=4030 flow=15 side=new cur=3154662890 next=3166632016 tgt=3184216289 f=0.405 u=0 breach=3 end=converged
CBAP_MIG t=20150000 epoch=4030 flow=16 side=new cur=3154662890 next=3166632016 tgt=3184216289 f=0.405 u=0 breach=3 end=converged
CBAP_MIG t=20150000 epoch=4030 flow=17 side=new cur=3154662890 next=3166632016 tgt=3184216289 f=0.405 u=0 breach=3 end=converged
CBAP_MIG t=20150000 epoch=4030 flow=18 side=new cur=3154662890 next=3166632016 tgt=3184216289 f=0.405 u=0 breach=3 end=converged
CBAP_MIG t=20150000 epoch=4030 flow=19 side=new cur=3154662890 next=3166632016 tgt=3184216289 f=0.405 u=0 breach=3 end=converged
CBAP_MIG t=20150000 epoch=4030 flow=20 side=new cur=3154662890 next=3166632016 tgt=3184216289 f=0.405 u=0 breach=3 end=converged
CBAP_MIG t=20150000 epoch=4030 flow=21 side=new cur=3154662890 next=3166632016 tgt=3184216289 f=0.405 u=0 breach=3 end=converged
CBAP_MIG t=20150000 epoch=4030 flow=22 side=new cur=3154662890 next=3166632016 tgt=3184216289 f=0.405 u=0 breach=3 end=converged
CBAP_MIG t=20150000 epoch=4030 flow=23 side=new cur=3154662890 next=3166632016 tgt=3184216289 f=0.405 u=0 breach=3 end=converged
CBAP_MIG t=20150000 epoch=4030 flow=24 side=new cur=3154662890 next=3166632016 tgt=3184216289 f=0.405 u=0 breach=3 end=converged
CBAP_MIG t=20150000 epoch=4030 flow=25 side=new cur=3154662890 next=3166632016 tgt=3184216289 f=0.405 u=0 breach=3 end=converged
CBAP_MIG t=20150000 epoch=4030 flow=26 side=new cur=3154662890 next=3166632016 tgt=3184216289 f=0.405 u=0 breach=3 end=converged
CBAP_MIG t=20150000 epoch=4030 flow=27 side=new cur=3154662890 next=3166632016 tgt=3184216289 f=0.405 u=0 breach=3 end=converged
CBAP_MIG t=20150000 epoch=4030 flow=28 side=new cur=3154662890 next=3166632016 tgt=3184216289 f=0.405 u=0 breach=3 end=converged
CBAP_MIG t=20150000 epoch=4030 flow=29 side=new cur=3154662890 next=3166632016 tgt=3184216289 f=0.405 u=0 breach=3 end=converged
CBAP_MIG t=20150000 epoch=4030 flow=30 side=new cur=3154662890 next=3166632016 tgt=3184216289 f=0.405 u=0 breach=3 end=converged
CBAP_MIG t=20150000 epoch=4030 flow=31 side=new cur=3154662890 next=3166632016 tgt=3184216289 f=0.405 u=0 breach=3 end=converged
CBAP_MIG t=20150000 epoch=4030 flow=32 side=new cur=3154662890 next=3166632016 tgt=3184216289 f=0.405 u=0 breach=3 end=converged
CBAP_MIG t=20150000 epoch=4030 flow=33 side=new cur=3154662890 next=3166632016 tgt=3184216289 f=0.405 u=0 breach=3 end=converged
CBAP_MIG t=20150000 epoch=4030 flow=34 side=new cur=3154662890 next=3166632016 tgt=3184216289 f=0.405 u=0 breach=3 end=converged
CBAP_MIG t=20150000 epoch=4030 flow=35 side=new cur=3154662890 next=3166632016 tgt=3184216289 f=0.405 u=0 breach=3 end=converged
CBAP_MIG t=20150000 epoch=4030 flow=36 side=new cur=3154662890 next=3166632016 tgt=3184216289 f=0.405 u=0 breach=3 end=converged
CBAP_MIG t=20150000 epoch=4030 flow=37 side=new cur=3154662890 next=3166632016 tgt=3184216289 f=0.405 u=0 breach=3 end=converged
CBAP_MIG t=20150000 epoch=4030 flow=38 side=new cur=3154662890 next=3166632016 tgt=3184216289 f=0.405 u=0 breach=3 end=converged
CBAP_MIG t=20150000 epoch=4030 flow=39 side=new cur=3154662890 next=3166632016 tgt=3184216289 f=0.405 u=0 breach=3 end=converged
CBAP_MIG t=20150000 epoch=4030 flow=40 side=new cur=3154662890 next=3166632016 tgt=3184216289 f=0.405 u=0 breach=3 end=converged
CBAP_MIG t=20150000 epoch=4030 flow=41 side=new cur=3154662890 next=3166632016 tgt=3184216289 f=0.405 u=0 breach=3 end=converged
CBAP_MIG t=20150000 epoch=4030 flow=42 side=new cur=3154662890 next=3166632016 tgt=3184216289 f=0.405 u=0 breach=3 end=converged
CBAP_MIG t=20150000 epoch=4030 flow=43 side=new cur=3154662890 next=3166632016 tgt=3184216289 f=0.405 u=0 breach=3 end=converged
CBAP_MIG t=20150000 epoch=4030 flow=44 side=new cur=3154662890 next=3166632016 tgt=3184216289 f=0.405 u=0 breach=3 end=converged
CBAP_MIG t=20150000 epoch=4030 flow=45 side=new cur=3154662890 next=3166632016 tgt=3184216289 f=0.405 u=0 breach=3 end=converged
CBAP_MIG t=20150000 epoch=4030 flow=46 side=new cur=3154662890 next=3166632016 tgt=3184216289 f=0.405 u=0 breach=3 end=converged
CBAP_MIG t=20150000 epoch=4030 flow=47 side=new cur=3154662890 next=3166632016 tgt=3184216289 f=0.405 u=0 breach=3 end=converged
CBAP_MIG t=20150000 epoch=4030 flow=48 side=new cur=3154662890 next=3166632016 tgt=3184216289 f=0.405 u=0 breach=3 end=converged
CBAP_MIG t=20150000 epoch=4030 flow=49 side=new cur=3154662890 next=3166632016 tgt=3184216289 f=0.405 u=0 breach=3 end=converged
CBAP_MIG t=20150000 epoch=4030 flow=50 side=new cur=3154662890 next=3166632016 tgt=3184216289 f=0.405 u=0 breach=3 end=converged
CBAP_MIG t=20150000 epoch=4030 flow=51 side=new cur=3154662890 next=3166632016 tgt=3184216289 f=0.405 u=0 breach=3 end=converged
CBAP_MIG t=20150000 epoch=4030 flow=52 side=new cur=3154662890 next=3166632016 tgt=3184216289 f=0.405 u=0 breach=3 end=converged
CBAP_MIG t=20150000 epoch=4030 flow=53 side=new cur=3154662890 next=3166632016 tgt=3184216289 f=0.405 u=0 breach=3 end=converged
CBAP_MIG t=20150000 epoch=4030 flow=54 side=new cur=3154662890 next=3166632016 tgt=3184216289 f=0.405 u=0 breach=3 end=converged
CBAP_MIG t=20150000 epoch=4030 flow=55 side=new cur=3154662890 next=3166632016 tgt=3184216289 f=0.405 u=0 breach=3 end=converged
CBAP_MIG t=20150000 epoch=4030 flow=56 side=new cur=3154662890 next=3166632016 tgt=3184216289 f=0.405 u=0 breach=3 end=converged
CBAP_MIG t=20150000 epoch=4030 flow=57 side=new cur=3154662890 next=3166632016 tgt=3184216289 f=0.405 u=0 breach=3 end=converged
CBAP_MIG t=20150000 epoch=4030 flow=58 side=new cur=3154662890 next=3166632016 tgt=3184216289 f=0.405 u=0 breach=3 end=converged
CBAP_MIG t=20150000 epoch=4030 flow=59 side=new cur=3154662890 next=3166632016 tgt=3184216289 f=0.405 u=0 breach=3 end=converged
CBAP_MIG t=20150000 epoch=4030 flow=60 side=new cur=3154662890 next=3166632016 tgt=3184216289 f=0.405 u=0 breach=3 end=converged
CBAP_MIG t=20150000 epoch=4030 flow=61 side=new cur=3154662890 next=3166632016 tgt=3184216289 f=0.405 u=0 breach=3 end=converged
CBAP_MIG t=20150000 epoch=4030 flow=62 side=new cur=3154662890 next=3166632016 tgt=3184216289 f=0.405 u=0 breach=3 end=converged
CBAP_MIG t=20150000 epoch=4030 flow=63 side=new cur=3154662890 next=3166632016 tgt=3184216289 f=0.405 u=0 breach=3 end=converged
CBAP_MIG t=20150000 epoch=4030 flow=64 side=new cur=3154662890 next=3166632016 tgt=3184216289 f=0.405 u=0 breach=3 end=converged
CBAP_MIG t=20155000 epoch=4031 flow=0 side=old cur=2071102524 next=2049771766 tgt=2000000000 f=0.3 u=0 breach=0 end=
CBAP_MIG t=20160000 epoch=4032 flow=0 side=old cur=2049771766 next=2034840236 tgt=2000000000 f=0.3 u=0 breach=0 end=
CBAP_MIG t=20165000 epoch=4033 flow=0 side=old cur=2034840236 next=2024388165 tgt=2000000000 f=0.3 u=0 breach=0 end=
CBAP_MIG t=20170000 epoch=4034 flow=0 side=old cur=2024388165 next=2017071715 tgt=2000000000 f=0.3 u=0 breach=0 end=converged
CBAP_MIG_REPLAN t=22600000 reason=active_set_shrank flow=0 batch=0 newest_batch=1 cur=2000000000 target=2000000000 ceiling=160000000000 old_side_present=1
CBAP_MIG_REPLAN t=22600000 reason=active_set_shrank flow=1 batch=1 newest_batch=1 cur=2119934253 target=4251063829 ceiling=200000000000 old_side_present=1
CBAP_MIG_REPLAN t=22600000 reason=active_set_shrank flow=4 batch=1 newest_batch=1 cur=2712035607 target=4251063829 ceiling=200000000000 old_side_present=1
CBAP_MIG_REPLAN t=22600000 reason=active_set_shrank flow=5 batch=1 newest_batch=1 cur=3119858777 target=4251063829 ceiling=200000000000 old_side_present=1
CBAP_MIG_REPLAN t=22600000 reason=active_set_shrank flow=6 batch=1 newest_batch=1 cur=3424071215 target=4251063829 ceiling=200000000000 old_side_present=1
CBAP_MIG_REPLAN t=22600000 reason=active_set_shrank flow=7 batch=1 newest_batch=1 cur=2032760292 target=4251063829 ceiling=200000000000 old_side_present=1
CBAP_MIG_REPLAN t=22600000 reason=active_set_shrank flow=8 batch=1 newest_batch=1 cur=3576650273 target=4251063829 ceiling=200000000000 old_side_present=1
CBAP_MIG_REPLAN t=22600000 reason=active_set_shrank flow=9 batch=1 newest_batch=1 cur=3424071215 target=4251063829 ceiling=200000000000 old_side_present=1
CBAP_MIG_REPLAN t=22600000 reason=active_set_shrank flow=10 batch=1 newest_batch=1 cur=3356461819 target=4251063829 ceiling=200000000000 old_side_present=1
CBAP_MIG_REPLAN t=22600000 reason=active_set_shrank flow=11 batch=1 newest_batch=1 cur=3068053411 target=4251063829 ceiling=200000000000 old_side_present=1
CBAP_MIG_REPLAN t=22600000 reason=active_set_shrank flow=12 batch=1 newest_batch=1 cur=2712035607 target=4251063829 ceiling=200000000000 old_side_present=1
CBAP_MIG_REPLAN t=22600000 reason=active_set_shrank flow=13 batch=1 newest_batch=1 cur=3129932696 target=4251063829 ceiling=200000000000 old_side_present=1
CBAP_MIG_REPLAN t=22600000 reason=active_set_shrank flow=14 batch=1 newest_batch=1 cur=2850486974 target=4251063829 ceiling=200000000000 old_side_present=1
CBAP_MIG_REPLAN t=22600000 reason=active_set_shrank flow=15 batch=1 newest_batch=1 cur=2956797847 target=4251063829 ceiling=200000000000 old_side_present=1
CBAP_MIG_REPLAN t=22600000 reason=active_set_shrank flow=16 batch=1 newest_batch=1 cur=3424071215 target=4251063829 ceiling=200000000000 old_side_present=1
CBAP_MIG_REPLAN t=22600000 reason=active_set_shrank flow=17 batch=1 newest_batch=1 cur=3473825255 target=4251063829 ceiling=200000000000 old_side_present=1
CBAP_MIG_REPLAN t=22600000 reason=active_set_shrank flow=18 batch=1 newest_batch=1 cur=2000000000 target=4251063829 ceiling=200000000000 old_side_present=1
CBAP_MIG_REPLAN t=22600000 reason=active_set_shrank flow=20 batch=1 newest_batch=1 cur=3424071215 target=4251063829 ceiling=200000000000 old_side_present=1
CBAP_MIG_REPLAN t=22600000 reason=active_set_shrank flow=23 batch=1 newest_batch=1 cur=3424071215 target=4251063829 ceiling=200000000000 old_side_present=1
CBAP_MIG_REPLAN t=22600000 reason=active_set_shrank flow=24 batch=1 newest_batch=1 cur=2223539237 target=4251063829 ceiling=200000000000 old_side_present=1
CBAP_MIG_REPLAN t=22600000 reason=active_set_shrank flow=25 batch=1 newest_batch=1 cur=3329332583 target=4251063829 ceiling=200000000000 old_side_present=1
CBAP_MIG_REPLAN t=22600000 reason=active_set_shrank flow=26 batch=1 newest_batch=1 cur=2000000000 target=4251063829 ceiling=200000000000 old_side_present=1
CBAP_MIG_REPLAN t=22600000 reason=active_set_shrank flow=27 batch=1 newest_batch=1 cur=3232653848 target=4251063829 ceiling=200000000000 old_side_present=1
CBAP_MIG_REPLAN t=22600000 reason=active_set_shrank flow=30 batch=1 newest_batch=1 cur=2712035607 target=4251063829 ceiling=200000000000 old_side_present=1
CBAP_MIG_REPLAN t=22600000 reason=active_set_shrank flow=31 batch=1 newest_batch=1 cur=3424071215 target=4251063829 ceiling=200000000000 old_side_present=1
CBAP_MIG_REPLAN t=22600000 reason=active_set_shrank flow=34 batch=1 newest_batch=1 cur=3424071215 target=4251063829 ceiling=200000000000 old_side_present=1
CBAP_MIG_REPLAN t=22600000 reason=active_set_shrank flow=35 batch=1 newest_batch=1 cur=3424071215 target=4251063829 ceiling=200000000000 old_side_present=1
CBAP_MIG_REPLAN t=22600000 reason=active_set_shrank flow=37 batch=1 newest_batch=1 cur=2048523040 target=4251063829 ceiling=200000000000 old_side_present=1
CBAP_MIG_REPLAN t=22600000 reason=active_set_shrank flow=40 batch=1 newest_batch=1 cur=3129932696 target=4251063829 ceiling=200000000000 old_side_present=1
CBAP_MIG_REPLAN t=22600000 reason=active_set_shrank flow=41 batch=1 newest_batch=1 cur=3424071215 target=4251063829 ceiling=200000000000 old_side_present=1
CBAP_MIG_REPLAN t=22600000 reason=active_set_shrank flow=43 batch=1 newest_batch=1 cur=2758614010 target=4251063829 ceiling=200000000000 old_side_present=1
CBAP_MIG_REPLAN t=22600000 reason=active_set_shrank flow=44 batch=1 newest_batch=1 cur=2758614010 target=4251063829 ceiling=200000000000 old_side_present=1
CBAP_MIG_REPLAN t=22600000 reason=active_set_shrank flow=45 batch=1 newest_batch=1 cur=2282409735 target=4251063829 ceiling=200000000000 old_side_present=1
CBAP_MIG_REPLAN t=22600000 reason=active_set_shrank flow=46 batch=1 newest_batch=1 cur=3424071215 target=4251063829 ceiling=200000000000 old_side_present=1
CBAP_MIG_REPLAN t=22600000 reason=active_set_shrank flow=47 batch=1 newest_batch=1 cur=3068053411 target=4251063829 ceiling=200000000000 old_side_present=1
CBAP_MIG_REPLAN t=22600000 reason=active_set_shrank flow=48 batch=1 newest_batch=1 cur=2806443898 target=4251063829 ceiling=200000000000 old_side_present=1
CBAP_MIG_REPLAN t=22600000 reason=active_set_shrank flow=49 batch=1 newest_batch=1 cur=3424071215 target=4251063829 ceiling=200000000000 old_side_present=1
CBAP_MIG_REPLAN t=22600000 reason=active_set_shrank flow=50 batch=1 newest_batch=1 cur=3303768493 target=4251063829 ceiling=200000000000 old_side_present=1
CBAP_MIG_REPLAN t=22600000 reason=active_set_shrank flow=52 batch=1 newest_batch=1 cur=3424071215 target=4251063829 ceiling=200000000000 old_side_present=1
CBAP_MIG_REPLAN t=22600000 reason=active_set_shrank flow=53 batch=1 newest_batch=1 cur=3424071215 target=4251063829 ceiling=200000000000 old_side_present=1
CBAP_MIG_REPLAN t=22600000 reason=active_set_shrank flow=54 batch=1 newest_batch=1 cur=3424071215 target=4251063829 ceiling=200000000000 old_side_present=1
CBAP_MIG_REPLAN t=22600000 reason=active_set_shrank flow=55 batch=1 newest_batch=1 cur=3424071215 target=4251063829 ceiling=200000000000 old_side_present=1
CBAP_MIG_REPLAN t=22600000 reason=active_set_shrank flow=57 batch=1 newest_batch=1 cur=2765438276 target=4251063829 ceiling=200000000000 old_side_present=1
CBAP_MIG_REPLAN t=22600000 reason=active_set_shrank flow=59 batch=1 newest_batch=1 cur=3473825255 target=4251063829 ceiling=200000000000 old_side_present=1
CBAP_MIG_REPLAN t=22600000 reason=active_set_shrank flow=60 batch=1 newest_batch=1 cur=2600343747 target=4251063829 ceiling=200000000000 old_side_present=1
CBAP_MIG_REPLAN t=22600000 reason=active_set_shrank flow=61 batch=1 newest_batch=1 cur=3129932696 target=4251063829 ceiling=200000000000 old_side_present=1
CBAP_MIG_REPLAN t=22600000 reason=active_set_shrank flow=63 batch=1 newest_batch=1 cur=2956797847 target=4251063829 ceiling=200000000000 old_side_present=1
CBAP_MIG_REPLAN t=22600000 reason=active_set_shrank flow=64 batch=1 newest_batch=1 cur=3424071215 target=4251063829 ceiling=200000000000 old_side_present=1
CBAP_MIG t=22600000 epoch=4520 flow=0 side=old cur=2000000000 next=2000000000 tgt=2000000000 f=0.301604 u=0.49236 breach=0 end=converged
CBAP_MIG t=22600000 epoch=4520 flow=1 side=new cur=2119934253 next=2762692310 tgt=4251063829 f=0.301604 u=0.49236 breach=3 end=
CBAP_MIG t=22600000 epoch=4520 flow=4 side=new cur=2712035607 next=3176213290 tgt=4251063829 f=0.301604 u=0.49236 breach=3 end=
CBAP_MIG t=22600000 epoch=4520 flow=5 side=new cur=3119858777 next=3461035197 tgt=4251063829 f=0.301604 u=0.49236 breach=3 end=
CBAP_MIG t=22600000 epoch=4520 flow=6 side=new cur=3424071215 next=3673495826 tgt=4251063829 f=0.301604 u=0.49236 breach=3 end=
CBAP_MIG t=22600000 epoch=4520 flow=7 side=new cur=2032760292 next=2701810399 tgt=4251063829 f=0.301604 u=0.49236 breach=3 end=
CBAP_MIG t=22600000 epoch=4520 flow=8 side=new cur=3576650273 next=3780056368 tgt=4251063829 f=0.301604 u=0.49236 breach=3 end=
CBAP_MIG t=22600000 epoch=4520 flow=9 side=new cur=3424071215 next=3673495826 tgt=4251063829 f=0.301604 u=0.49236 breach=3 end=
CBAP_MIG t=22600000 epoch=4520 flow=10 side=new cur=3356461819 next=3626277721 tgt=4251063829 f=0.301604 u=0.49236 breach=3 end=
CBAP_MIG t=22600000 epoch=4520 flow=11 side=new cur=3068053411 next=3424854558 tgt=4251063829 f=0.301604 u=0.49236 breach=3 end=
CBAP_MIG t=22600000 epoch=4520 flow=12 side=new cur=2712035607 next=3176213290 tgt=4251063829 f=0.301604 u=0.49236 breach=3 end=
CBAP_MIG t=22600000 epoch=4520 flow=13 side=new cur=3129932696 next=3468070778 tgt=4251063829 f=0.301604 u=0.49236 breach=3 end=
CBAP_MIG t=22600000 epoch=4520 flow=14 side=new cur=2850486974 next=3272907116 tgt=4251063829 f=0.301604 u=0.49236 breach=3 end=
CBAP_MIG t=22600000 epoch=4520 flow=15 side=new cur=2956797847 next=3347154161 tgt=4251063829 f=0.301604 u=0.49236 breach=3 end=
CBAP_MIG t=22600000 epoch=4520 flow=16 side=new cur=3424071215 next=3673495826 tgt=4251063829 f=0.301604 u=0.49236 breach=3 end=
CBAP_MIG t=22600000 epoch=4520 flow=17 side=new cur=3473825255 next=3708243828 tgt=4251063829 f=0.301604 u=0.49236 breach=3 end=
CBAP_MIG t=22600000 epoch=4520 flow=18 side=new cur=2000000000 next=2678930755 tgt=4251063829 f=0.301604 u=0.49236 breach=3 end=
CBAP_MIG t=22600000 epoch=4520 flow=20 side=new cur=3424071215 next=3673495826 tgt=4251063829 f=0.301604 u=0.49236 breach=3 end=
CBAP_MIG t=22600000 epoch=4520 flow=23 side=new cur=3424071215 next=3673495826 tgt=4251063829 f=0.301604 u=0.49236 breach=3 end=
CBAP_MIG t=22600000 epoch=4520 flow=24 side=new cur=2223539237 next=2835049575 tgt=4251063829 f=0.301604 u=0.49236 breach=3 end=
CBAP_MIG t=22600000 epoch=4520 flow=25 side=new cur=3329332583 next=3607330782 tgt=4251063829 f=0.301604 u=0.49236 breach=3 end=
CBAP_MIG t=22600000 epoch=4520 flow=26 side=new cur=2000000000 next=2678930755 tgt=4251063829 f=0.301604 u=0.49236 breach=3 end=
CBAP_MIG t=22600000 epoch=4520 flow=27 side=new cur=3232653848 next=3539810779 tgt=4251063829 f=0.301604 u=0.49236 breach=3 end=
CBAP_MIG t=22600000 epoch=4520 flow=30 side=new cur=2712035607 next=3176213290 tgt=4251063829 f=0.301604 u=0.49236 breach=3 end=
CBAP_MIG t=22600000 epoch=4520 flow=31 side=new cur=3424071215 next=3673495826 tgt=4251063829 f=0.301604 u=0.49236 breach=3 end=
CBAP_MIG t=22600000 epoch=4520 flow=34 side=new cur=3424071215 next=3673495826 tgt=4251063829 f=0.301604 u=0.49236 breach=3 end=
CBAP_MIG t=22600000 epoch=4520 flow=35 side=new cur=3424071215 next=3673495826 tgt=4251063829 f=0.301604 u=0.49236 breach=3 end=
CBAP_MIG t=22600000 epoch=4520 flow=37 side=new cur=2048523040 next=2712819033 tgt=4251063829 f=0.301604 u=0.49236 breach=3 end=
CBAP_MIG t=22600000 epoch=4520 flow=40 side=new cur=3129932696 next=3468070778 tgt=4251063829 f=0.301604 u=0.49236 breach=3 end=
CBAP_MIG t=22600000 epoch=4520 flow=41 side=new cur=3424071215 next=3673495826 tgt=4251063829 f=0.301604 u=0.49236 breach=3 end=
CBAP_MIG t=22600000 epoch=4520 flow=43 side=new cur=2758614010 next=3208743442 tgt=4251063829 f=0.301604 u=0.49236 breach=3 end=
CBAP_MIG t=22600000 epoch=4520 flow=44 side=new cur=2758614010 next=3208743442 tgt=4251063829 f=0.301604 u=0.49236 breach=3 end=
CBAP_MIG t=22600000 epoch=4520 flow=45 side=new cur=2282409735 next=2876164471 tgt=4251063829 f=0.301604 u=0.49236 breach=3 end=
CBAP_MIG t=22600000 epoch=4520 flow=46 side=new cur=3424071215 next=3673495826 tgt=4251063829 f=0.301604 u=0.49236 breach=3 end=
CBAP_MIG t=22600000 epoch=4520 flow=47 side=new cur=3068053411 next=3424854558 tgt=4251063829 f=0.301604 u=0.49236 breach=3 end=
CBAP_MIG t=22600000 epoch=4520 flow=48 side=new cur=2806443898 next=3242147625 tgt=4251063829 f=0.301604 u=0.49236 breach=3 end=
CBAP_MIG t=22600000 epoch=4520 flow=49 side=new cur=3424071215 next=3673495826 tgt=4251063829 f=0.301604 u=0.49236 breach=3 end=
CBAP_MIG t=22600000 epoch=4520 flow=50 side=new cur=3303768493 next=3589476934 tgt=4251063829 f=0.301604 u=0.49236 breach=3 end=
CBAP_MIG t=22600000 epoch=4520 flow=52 side=new cur=3424071215 next=3673495826 tgt=4251063829 f=0.301604 u=0.49236 breach=3 end=
CBAP_MIG t=22600000 epoch=4520 flow=53 side=new cur=3424071215 next=3673495826 tgt=4251063829 f=0.301604 u=0.49236 breach=3 end=
CBAP_MIG t=22600000 epoch=4520 flow=54 side=new cur=3424071215 next=3673495826 tgt=4251063829 f=0.301604 u=0.49236 breach=3 end=
CBAP_MIG t=22600000 epoch=4520 flow=55 side=new cur=3424071215 next=3673495826 tgt=4251063829 f=0.301604 u=0.49236 breach=3 end=
CBAP_MIG t=22600000 epoch=4520 flow=57 side=new cur=2765438276 next=3213509479 tgt=4251063829 f=0.301604 u=0.49236 breach=3 end=
CBAP_MIG t=22600000 epoch=4520 flow=59 side=new cur=3473825255 next=3708243828 tgt=4251063829 f=0.301604 u=0.49236 breach=3 end=
CBAP_MIG t=22600000 epoch=4520 flow=60 side=new cur=2600343747 next=3098208186 tgt=4251063829 f=0.301604 u=0.49236 breach=3 end=
CBAP_MIG t=22600000 epoch=4520 flow=61 side=new cur=3129932696 next=3468070778 tgt=4251063829 f=0.301604 u=0.49236 breach=3 end=
CBAP_MIG t=22600000 epoch=4520 flow=63 side=new cur=2956797847 next=3347154161 tgt=4251063829 f=0.301604 u=0.49236 breach=3 end=
CBAP_MIG t=22600000 epoch=4520 flow=64 side=new cur=3424071215 next=3673495826 tgt=4251063829 f=0.301604 u=0.49236 breach=3 end=
CBAP_MIG_REPLAN t=22605000 reason=active_set_shrank flow=0 batch=0 newest_batch=1 cur=2000000000 target=2000000000 ceiling=160000000000 old_side_present=1
CBAP_MIG_REPLAN t=22605000 reason=active_set_shrank flow=1 batch=1 newest_batch=1 cur=2762692310 target=4440000000 ceiling=200000000000 old_side_present=1
CBAP_MIG_REPLAN t=22605000 reason=active_set_shrank flow=4 batch=1 newest_batch=1 cur=3176213290 target=4440000000 ceiling=200000000000 old_side_present=1
CBAP_MIG_REPLAN t=22605000 reason=active_set_shrank flow=5 batch=1 newest_batch=1 cur=3461035197 target=4440000000 ceiling=200000000000 old_side_present=1
CBAP_MIG_REPLAN t=22605000 reason=active_set_shrank flow=6 batch=1 newest_batch=1 cur=3673495826 target=4440000000 ceiling=200000000000 old_side_present=1
CBAP_MIG_REPLAN t=22605000 reason=active_set_shrank flow=7 batch=1 newest_batch=1 cur=2701810399 target=4440000000 ceiling=200000000000 old_side_present=1
CBAP_MIG_REPLAN t=22605000 reason=active_set_shrank flow=8 batch=1 newest_batch=1 cur=3780056368 target=4440000000 ceiling=200000000000 old_side_present=1
CBAP_MIG_REPLAN t=22605000 reason=active_set_shrank flow=9 batch=1 newest_batch=1 cur=3673495826 target=4440000000 ceiling=200000000000 old_side_present=1
CBAP_MIG_REPLAN t=22605000 reason=active_set_shrank flow=10 batch=1 newest_batch=1 cur=3626277721 target=4440000000 ceiling=200000000000 old_side_present=1
CBAP_MIG_REPLAN t=22605000 reason=active_set_shrank flow=11 batch=1 newest_batch=1 cur=3424854558 target=4440000000 ceiling=200000000000 old_side_present=1
CBAP_MIG_REPLAN t=22605000 reason=active_set_shrank flow=12 batch=1 newest_batch=1 cur=3176213290 target=4440000000 ceiling=200000000000 old_side_present=1
CBAP_MIG_REPLAN t=22605000 reason=active_set_shrank flow=13 batch=1 newest_batch=1 cur=3468070778 target=4440000000 ceiling=200000000000 old_side_present=1
CBAP_MIG_REPLAN t=22605000 reason=active_set_shrank flow=14 batch=1 newest_batch=1 cur=3272907116 target=4440000000 ceiling=200000000000 old_side_present=1
CBAP_MIG_REPLAN t=22605000 reason=active_set_shrank flow=15 batch=1 newest_batch=1 cur=3347154161 target=4440000000 ceiling=200000000000 old_side_present=1
CBAP_MIG_REPLAN t=22605000 reason=active_set_shrank flow=16 batch=1 newest_batch=1 cur=3673495826 target=4440000000 ceiling=200000000000 old_side_present=1
CBAP_MIG_REPLAN t=22605000 reason=active_set_shrank flow=17 batch=1 newest_batch=1 cur=3708243828 target=4440000000 ceiling=200000000000 old_side_present=1
CBAP_MIG_REPLAN t=22605000 reason=active_set_shrank flow=20 batch=1 newest_batch=1 cur=3673495826 target=4440000000 ceiling=200000000000 old_side_present=1
CBAP_MIG_REPLAN t=22605000 reason=active_set_shrank flow=23 batch=1 newest_batch=1 cur=3673495826 target=4440000000 ceiling=200000000000 old_side_present=1
CBAP_MIG_REPLAN t=22605000 reason=active_set_shrank flow=24 batch=1 newest_batch=1 cur=2835049575 target=4440000000 ceiling=200000000000 old_side_present=1
CBAP_MIG_REPLAN t=22605000 reason=active_set_shrank flow=25 batch=1 newest_batch=1 cur=3607330782 target=4440000000 ceiling=200000000000 old_side_present=1
CBAP_MIG_REPLAN t=22605000 reason=active_set_shrank flow=27 batch=1 newest_batch=1 cur=3539810779 target=4440000000 ceiling=200000000000 old_side_present=1
CBAP_MIG_REPLAN t=22605000 reason=active_set_shrank flow=30 batch=1 newest_batch=1 cur=3176213290 target=4440000000 ceiling=200000000000 old_side_present=1
CBAP_MIG_REPLAN t=22605000 reason=active_set_shrank flow=31 batch=1 newest_batch=1 cur=3673495826 target=4440000000 ceiling=200000000000 old_side_present=1
CBAP_MIG_REPLAN t=22605000 reason=active_set_shrank flow=34 batch=1 newest_batch=1 cur=3673495826 target=4440000000 ceiling=200000000000 old_side_present=1
CBAP_MIG_REPLAN t=22605000 reason=active_set_shrank flow=35 batch=1 newest_batch=1 cur=3673495826 target=4440000000 ceiling=200000000000 old_side_present=1
CBAP_MIG_REPLAN t=22605000 reason=active_set_shrank flow=37 batch=1 newest_batch=1 cur=2712819033 target=4440000000 ceiling=200000000000 old_side_present=1
CBAP_MIG_REPLAN t=22605000 reason=active_set_shrank flow=40 batch=1 newest_batch=1 cur=3468070778 target=4440000000 ceiling=200000000000 old_side_present=1
CBAP_MIG_REPLAN t=22605000 reason=active_set_shrank flow=41 batch=1 newest_batch=1 cur=3673495826 target=4440000000 ceiling=200000000000 old_side_present=1
CBAP_MIG_REPLAN t=22605000 reason=active_set_shrank flow=43 batch=1 newest_batch=1 cur=3208743442 target=4440000000 ceiling=200000000000 old_side_present=1
CBAP_MIG_REPLAN t=22605000 reason=active_set_shrank flow=44 batch=1 newest_batch=1 cur=3208743442 target=4440000000 ceiling=200000000000 old_side_present=1
CBAP_MIG_REPLAN t=22605000 reason=active_set_shrank flow=45 batch=1 newest_batch=1 cur=2876164471 target=4440000000 ceiling=200000000000 old_side_present=1
CBAP_MIG_REPLAN t=22605000 reason=active_set_shrank flow=46 batch=1 newest_batch=1 cur=3673495826 target=4440000000 ceiling=200000000000 old_side_present=1
CBAP_MIG_REPLAN t=22605000 reason=active_set_shrank flow=47 batch=1 newest_batch=1 cur=3424854558 target=4440000000 ceiling=200000000000 old_side_present=1
CBAP_MIG_REPLAN t=22605000 reason=active_set_shrank flow=48 batch=1 newest_batch=1 cur=3242147625 target=4440000000 ceiling=200000000000 old_side_present=1
CBAP_MIG_REPLAN t=22605000 reason=active_set_shrank flow=49 batch=1 newest_batch=1 cur=3673495826 target=4440000000 ceiling=200000000000 old_side_present=1
CBAP_MIG_REPLAN t=22605000 reason=active_set_shrank flow=50 batch=1 newest_batch=1 cur=3589476934 target=4440000000 ceiling=200000000000 old_side_present=1
CBAP_MIG_REPLAN t=22605000 reason=active_set_shrank flow=52 batch=1 newest_batch=1 cur=3673495826 target=4440000000 ceiling=200000000000 old_side_present=1
CBAP_MIG_REPLAN t=22605000 reason=active_set_shrank flow=53 batch=1 newest_batch=1 cur=3673495826 target=4440000000 ceiling=200000000000 old_side_present=1
CBAP_MIG_REPLAN t=22605000 reason=active_set_shrank flow=54 batch=1 newest_batch=1 cur=3673495826 target=4440000000 ceiling=200000000000 old_side_present=1
CBAP_MIG_REPLAN t=22605000 reason=active_set_shrank flow=55 batch=1 newest_batch=1 cur=3673495826 target=4440000000 ceiling=200000000000 old_side_present=1
CBAP_MIG_REPLAN t=22605000 reason=active_set_shrank flow=57 batch=1 newest_batch=1 cur=3213509479 target=4440000000 ceiling=200000000000 old_side_present=1
CBAP_MIG_REPLAN t=22605000 reason=active_set_shrank flow=59 batch=1 newest_batch=1 cur=3708243828 target=4440000000 ceiling=200000000000 old_side_present=1
CBAP_MIG_REPLAN t=22605000 reason=active_set_shrank flow=60 batch=1 newest_batch=1 cur=3098208186 target=4440000000 ceiling=200000000000 old_side_present=1
CBAP_MIG_REPLAN t=22605000 reason=active_set_shrank flow=61 batch=1 newest_batch=1 cur=3468070778 target=4440000000 ceiling=200000000000 old_side_present=1
CBAP_MIG_REPLAN t=22605000 reason=active_set_shrank flow=63 batch=1 newest_batch=1 cur=3347154161 target=4440000000 ceiling=200000000000 old_side_present=1
CBAP_MIG_REPLAN t=22605000 reason=active_set_shrank flow=64 batch=1 newest_batch=1 cur=3673495826 target=4440000000 ceiling=200000000000 old_side_present=1
CBAP_MIG t=22605000 epoch=4521 flow=0 side=old cur=2000000000 next=2000000000 tgt=2000000000 f=0.33885 u=0.315 breach=0 end=converged
CBAP_MIG t=22605000 epoch=4521 flow=1 side=new cur=2762692310 next=3331048020 tgt=4440000000 f=0.33885 u=0.315 breach=3 end=
CBAP_MIG t=22605000 epoch=4521 flow=4 side=new cur=3176213290 next=3604447416 tgt=4440000000 f=0.33885 u=0.315 breach=3 end=
CBAP_MIG t=22605000 epoch=4521 flow=5 side=new cur=3461035197 next=3792757420 tgt=4440000000 f=0.33885 u=0.315 breach=3 end=
CBAP_MIG t=22605000 epoch=4521 flow=6 side=new cur=3673495826 next=3933225765 tgt=4440000000 f=0.33885 u=0.315 breach=3 end=
CBAP_MIG t=22605000 epoch=4521 flow=7 side=new cur=2701810399 next=3290795945 tgt=4440000000 f=0.33885 u=0.315 breach=3 end=
CBAP_MIG t=22605000 epoch=4521 flow=8 side=new cur=3780056368 next=4003678267 tgt=4440000000 f=0.33885 u=0.315 breach=3 end=
CBAP_MIG t=22605000 epoch=4521 flow=9 side=new cur=3673495826 next=3933225765 tgt=4440000000 f=0.33885 u=0.315 breach=3 end=
CBAP_MIG t=22605000 epoch=4521 flow=10 side=new cur=3626277721 next=3902007515 tgt=4440000000 f=0.33885 u=0.315 breach=3 end=
CBAP_MIG t=22605000 epoch=4521 flow=11 side=new cur=3424854558 next=3768836591 tgt=4440000000 f=0.33885 u=0.315 breach=3 end=
CBAP_MIG t=22605000 epoch=4521 flow=12 side=new cur=3176213290 next=3604447416 tgt=4440000000 f=0.33885 u=0.315 breach=3 end=
CBAP_MIG t=22605000 epoch=4521 flow=13 side=new cur=3468070778 next=3797408994 tgt=4440000000 f=0.33885 u=0.315 breach=3 end=
CBAP_MIG t=22605000 epoch=4521 flow=14 side=new cur=3272907116 next=3668376539 tgt=4440000000 f=0.33885 u=0.315 breach=3 end=
CBAP_MIG t=22605000 epoch=4521 flow=15 side=new cur=3347154161 next=3717464973 tgt=4440000000 f=0.33885 u=0.315 breach=3 end=
CBAP_MIG t=22605000 epoch=4521 flow=16 side=new cur=3673495826 next=3933225765 tgt=4440000000 f=0.33885 u=0.315 breach=3 end=
CBAP_MIG t=22605000 epoch=4521 flow=17 side=new cur=3708243828 next=3956199406 tgt=4440000000 f=0.33885 u=0.315 breach=3 end=
CBAP_MIG t=22605000 epoch=4521 flow=20 side=new cur=3673495826 next=3933225765 tgt=4440000000 f=0.33885 u=0.315 breach=3 end=
CBAP_MIG t=22605000 epoch=4521 flow=23 side=new cur=3673495826 next=3933225765 tgt=4440000000 f=0.33885 u=0.315 breach=3 end=
CBAP_MIG t=22605000 epoch=4521 flow=24 side=new cur=2835049575 next=3378887026 tgt=4440000000 f=0.33885 u=0.315 breach=3 end=
CBAP_MIG t=22605000 epoch=4521 flow=25 side=new cur=3607330782 next=3889480746 tgt=4440000000 f=0.33885 u=0.315 breach=3 end=
CBAP_MIG t=22605000 epoch=4521 flow=27 side=new cur=3539810779 next=3844839896 tgt=4440000000 f=0.33885 u=0.315 breach=3 end=
CBAP_MIG t=22605000 epoch=4521 flow=30 side=new cur=3176213290 next=3604447416 tgt=4440000000 f=0.33885 u=0.315 breach=3 end=
CBAP_MIG t=22605000 epoch=4521 flow=31 side=new cur=3673495826 next=3933225765 tgt=4440000000 f=0.33885 u=0.315 breach=3 end=
CBAP_MIG t=22605000 epoch=4521 flow=34 side=new cur=3673495826 next=3933225765 tgt=4440000000 f=0.33885 u=0.315 breach=3 end=
CBAP_MIG t=22605000 epoch=4521 flow=35 side=new cur=3673495826 next=3933225765 tgt=4440000000 f=0.33885 u=0.315 breach=3 end=
CBAP_MIG t=22605000 epoch=4521 flow=37 side=new cur=2712819033 next=3298074303 tgt=4440000000 f=0.33885 u=0.315 breach=3 end=
CBAP_MIG t=22605000 epoch=4521 flow=40 side=new cur=3468070778 next=3797408994 tgt=4440000000 f=0.33885 u=0.315 breach=3 end=
CBAP_MIG t=22605000 epoch=4521 flow=41 side=new cur=3673495826 next=3933225765 tgt=4440000000 f=0.33885 u=0.315 breach=3 end=
CBAP_MIG t=22605000 epoch=4521 flow=43 side=new cur=3208743442 next=3625954726 tgt=4440000000 f=0.33885 u=0.315 breach=3 end=
CBAP_MIG t=22605000 epoch=4521 flow=44 side=new cur=3208743442 next=3625954726 tgt=4440000000 f=0.33885 u=0.315 breach=3 end=
CBAP_MIG t=22605000 epoch=4521 flow=45 side=new cur=2876164471 next=3406070140 tgt=4440000000 f=0.33885 u=0.315 breach=3 end=
CBAP_MIG t=22605000 epoch=4521 flow=46 side=new cur=3673495826 next=3933225765 tgt=4440000000 f=0.33885 u=0.315 breach=3 end=
CBAP_MIG t=22605000 epoch=4521 flow=47 side=new cur=3424854558 next=3768836591 tgt=4440000000 f=0.33885 u=0.315 breach=3 end=
CBAP_MIG t=22605000 epoch=4521 flow=48 side=new cur=3242147625 next=3648039902 tgt=4440000000 f=0.33885 u=0.315 breach=3 end=
CBAP_MIG t=22605000 epoch=4521 flow=49 side=new cur=3673495826 next=3933225765 tgt=4440000000 f=0.33885 u=0.315 breach=3 end=
CBAP_MIG t=22605000 epoch=4521 flow=50 side=new cur=3589476934 next=3877676674 tgt=4440000000 f=0.33885 u=0.315 breach=3 end=
CBAP_MIG t=22605000 epoch=4521 flow=52 side=new cur=3673495826 next=3933225765 tgt=4440000000 f=0.33885 u=0.315 breach=3 end=
CBAP_MIG t=22605000 epoch=4521 flow=53 side=new cur=3673495826 next=3933225765 tgt=4440000000 f=0.33885 u=0.315 breach=3 end=
CBAP_MIG t=22605000 epoch=4521 flow=54 side=new cur=3673495826 next=3933225765 tgt=4440000000 f=0.33885 u=0.315 breach=3 end=
CBAP_MIG t=22605000 epoch=4521 flow=55 side=new cur=3673495826 next=3933225765 tgt=4440000000 f=0.33885 u=0.315 breach=3 end=
CBAP_MIG t=22605000 epoch=4521 flow=57 side=new cur=3213509479 next=3629105792 tgt=4440000000 f=0.33885 u=0.315 breach=3 end=
CBAP_MIG t=22605000 epoch=4521 flow=59 side=new cur=3708243828 next=3956199406 tgt=4440000000 f=0.33885 u=0.315 breach=3 end=
CBAP_MIG t=22605000 epoch=4521 flow=60 side=new cur=3098208186 next=3552874342 tgt=4440000000 f=0.33885 u=0.315 breach=3 end=
CBAP_MIG t=22605000 epoch=4521 flow=61 side=new cur=3468070778 next=3797408994 tgt=4440000000 f=0.33885 u=0.315 breach=3 end=
CBAP_MIG t=22605000 epoch=4521 flow=63 side=new cur=3347154161 next=3717464973 tgt=4440000000 f=0.33885 u=0.315 breach=3 end=
CBAP_MIG t=22605000 epoch=4521 flow=64 side=new cur=3673495826 next=3933225765 tgt=4440000000 f=0.33885 u=0.315 breach=3 end=
CBAP_MIG t=22610000 epoch=4522 flow=1 side=new cur=3331048020 next=3751063582 tgt=4440000000 f=0.37875 u=0.125 breach=3 end=
CBAP_MIG t=22610000 epoch=4522 flow=4 side=new cur=3604447416 next=3920912957 tgt=4440000000 f=0.37875 u=0.125 breach=3 end=
CBAP_MIG t=22610000 epoch=4522 flow=5 side=new cur=3792757420 next=4037900547 tgt=4440000000 f=0.37875 u=0.125 breach=3 end=
CBAP_MIG t=22610000 epoch=4522 flow=6 side=new cur=3933225765 next=4125166506 tgt=4440000000 f=0.37875 u=0.125 breach=3 end=
CBAP_MIG t=22610000 epoch=4522 flow=7 side=new cur=3290795945 next=3726056980 tgt=4440000000 f=0.37875 u=0.125 breach=3 end=
CBAP_MIG t=22610000 epoch=4522 flow=8 side=new cur=4003678267 next=4168935123 tgt=4440000000 f=0.37875 u=0.125 breach=3 end=
CBAP_MIG t=22610000 epoch=4522 flow=9 side=new cur=3933225765 next=4125166506 tgt=4440000000 f=0.37875 u=0.125 breach=3 end=
CBAP_MIG t=22610000 epoch=4522 flow=10 side=new cur=3902007515 next=4105772168 tgt=4440000000 f=0.37875 u=0.125 breach=3 end=
CBAP_MIG t=22610000 epoch=4522 flow=11 side=new cur=3768836591 next=4023039732 tgt=4440000000 f=0.37875 u=0.125 breach=3 end=
CBAP_MIG t=22610000 epoch=4522 flow=12 side=new cur=3604447416 next=3920912957 tgt=4440000000 f=0.37875 u=0.125 breach=3 end=
CBAP_MIG t=22610000 epoch=4522 flow=13 side=new cur=3797408994 next=4040790337 tgt=4440000000 f=0.37875 u=0.125 breach=3 end=
CBAP_MIG t=22610000 epoch=4522 flow=14 side=new cur=3668376539 next=3960628924 tgt=4440000000 f=0.37875 u=0.125 breach=3 end=
CBAP_MIG t=22610000 epoch=4522 flow=15 side=new cur=3717464973 next=3991125114 tgt=4440000000 f=0.37875 u=0.125 breach=3 end=
CBAP_MIG t=22610000 epoch=4522 flow=16 side=new cur=3933225765 next=4125166506 tgt=4440000000 f=0.37875 u=0.125 breach=3 end=
CBAP_MIG t=22610000 epoch=4522 flow=17 side=new cur=3956199406 next=4139438880 tgt=4440000000 f=0.37875 u=0.125 breach=3 end=
CBAP_MIG t=22610000 epoch=4522 flow=20 side=new cur=3933225765 next=4125166506 tgt=4440000000 f=0.37875 u=0.125 breach=3 end=
CBAP_MIG t=22610000 epoch=4522 flow=23 side=new cur=3933225765 next=4125166506 tgt=4440000000 f=0.37875 u=0.125 breach=3 end=
CBAP_MIG t=22610000 epoch=4522 flow=24 side=new cur=3378887026 next=3780783564 tgt=4440000000 f=0.37875 u=0.125 breach=3 end=
CBAP_MIG t=22610000 epoch=4522 flow=25 side=new cur=3889480746 next=4097989913 tgt=4440000000 f=0.37875 u=0.125 breach=3 end=
CBAP_MIG t=22610000 epoch=4522 flow=27 side=new cur=3844839896 next=4070256785 tgt=4440000000 f=0.37875 u=0.125 breach=3 end=
CBAP_MIG t=22610000 epoch=4522 flow=30 side=new cur=3604447416 next=3920912957 tgt=4440000000 f=0.37875 u=0.125 breach=3 end=
CBAP_MIG t=22610000 epoch=4522 flow=31 side=new cur=3933225765 next=4125166506 tgt=4440000000 f=0.37875 u=0.125 breach=3 end=
CBAP_MIG t=22610000 epoch=4522 flow=34 side=new cur=3933225765 next=4125166506 tgt=4440000000 f=0.37875 u=0.125 breach=3 end=
CBAP_MIG t=22610000 epoch=4522 flow=35 side=new cur=3933225765 next=4125166506 tgt=4440000000 f=0.37875 u=0.125 breach=3 end=
CBAP_MIG t=22610000 epoch=4522 flow=37 side=new cur=3298074303 next=3730578660 tgt=4440000000 f=0.37875 u=0.125 breach=3 end=
CBAP_MIG t=22610000 epoch=4522 flow=40 side=new cur=3797408994 next=4040790337 tgt=4440000000 f=0.37875 u=0.125 breach=3 end=
CBAP_MIG t=22610000 epoch=4522 flow=41 side=new cur=3933225765 next=4125166506 tgt=4440000000 f=0.37875 u=0.125 breach=3 end=
CBAP_MIG t=22610000 epoch=4522 flow=43 side=new cur=3625954726 next=3934274373 tgt=4440000000 f=0.37875 u=0.125 breach=3 end=
CBAP_MIG t=22610000 epoch=4522 flow=44 side=new cur=3625954726 next=3934274373 tgt=4440000000 f=0.37875 u=0.125 breach=3 end=
CBAP_MIG t=22610000 epoch=4522 flow=45 side=new cur=3406070140 next=3797671074 tgt=4440000000 f=0.37875 u=0.125 breach=3 end=
CBAP_MIG t=22610000 epoch=4522 flow=46 side=new cur=3933225765 next=4125166506 tgt=4440000000 f=0.37875 u=0.125 breach=3 end=
CBAP_MIG t=22610000 epoch=4522 flow=47 side=new cur=3768836591 next=4023039732 tgt=4440000000 f=0.37875 u=0.125 breach=3 end=
CBAP_MIG t=22610000 epoch=4522 flow=48 side=new cur=3648039902 next=3947994789 tgt=4440000000 f=0.37875 u=0.125 breach=3 end=
CBAP_MIG t=22610000 epoch=4522 flow=49 side=new cur=3933225765 next=4125166506 tgt=4440000000 f=0.37875 u=0.125 breach=3 end=
CBAP_MIG t=22610000 epoch=4522 flow=50 side=new cur=3877676674 next=4090656633 tgt=4440000000 f=0.37875 u=0.125 breach=3 end=
CBAP_MIG t=22610000 epoch=4522 flow=52 side=new cur=3933225765 next=4125166506 tgt=4440000000 f=0.37875 u=0.125 breach=3 end=
CBAP_MIG t=22610000 epoch=4522 flow=53 side=new cur=3933225765 next=4125166506 tgt=4440000000 f=0.37875 u=0.125 breach=3 end=
CBAP_MIG t=22610000 epoch=4522 flow=54 side=new cur=3933225765 next=4125166506 tgt=4440000000 f=0.37875 u=0.125 breach=3 end=
CBAP_MIG t=22610000 epoch=4522 flow=55 side=new cur=3933225765 next=4125166506 tgt=4440000000 f=0.37875 u=0.125 breach=3 end=
CBAP_MIG t=22610000 epoch=4522 flow=57 side=new cur=3629105792 next=3936231973 tgt=4440000000 f=0.37875 u=0.125 breach=3 end=
CBAP_MIG t=22610000 epoch=4522 flow=59 side=new cur=3956199406 next=4139438880 tgt=4440000000 f=0.37875 u=0.125 breach=3 end=
CBAP_MIG t=22610000 epoch=4522 flow=60 side=new cur=3552874342 next=3888873184 tgt=4440000000 f=0.37875 u=0.125 breach=3 end=
CBAP_MIG t=22610000 epoch=4522 flow=61 side=new cur=3797408994 next=4040790337 tgt=4440000000 f=0.37875 u=0.125 breach=3 end=
CBAP_MIG t=22610000 epoch=4522 flow=63 side=new cur=3717464973 next=3991125114 tgt=4440000000 f=0.37875 u=0.125 breach=3 end=
CBAP_MIG t=22610000 epoch=4522 flow=64 side=new cur=3933225765 next=4125166506 tgt=4440000000 f=0.37875 u=0.125 breach=3 end=
CBAP_MIG t=22615000 epoch=4523 flow=1 side=new cur=3751063582 next=4029359448 tgt=4440000000 f=0.40395 u=0.005 breach=3 end=
CBAP_MIG t=22615000 epoch=4523 flow=4 side=new cur=3920912957 next=4130598168 tgt=4440000000 f=0.40395 u=0.005 breach=3 end=
CBAP_MIG t=22615000 epoch=4523 flow=5 side=new cur=4037900547 next=4200328621 tgt=4440000000 f=0.40395 u=0.005 breach=3 end=
CBAP_MIG t=22615000 epoch=4523 flow=6 side=new cur=4125166506 next=4252343495 tgt=4440000000 f=0.40395 u=0.005 breach=3 end=
CBAP_MIG t=22615000 epoch=4523 flow=7 side=new cur=3726056980 next=4014454262 tgt=4440000000 f=0.40395 u=0.005 breach=3 end=
CBAP_MIG t=22615000 epoch=4523 flow=8 side=new cur=4168935123 next=4278431780 tgt=4440000000 f=0.40395 u=0.005 breach=3 end=
CBAP_MIG t=22615000 epoch=4523 flow=9 side=new cur=4125166506 next=4252343495 tgt=4440000000 f=0.40395 u=0.005 breach=3 end=
CBAP_MIG t=22615000 epoch=4523 flow=10 side=new cur=4105772168 next=4240783500 tgt=4440000000 f=0.40395 u=0.005 breach=3 end=
CBAP_MIG t=22615000 epoch=4523 flow=11 side=new cur=4023039732 next=4191470832 tgt=4440000000 f=0.40395 u=0.005 breach=3 end=
CBAP_MIG t=22615000 epoch=4523 flow=12 side=new cur=3920912957 next=4130598168 tgt=4440000000 f=0.40395 u=0.005 breach=3 end=
CBAP_MIG t=22615000 epoch=4523 flow=13 side=new cur=4040790337 next=4202051080 tgt=4440000000 f=0.40395 u=0.005 breach=3 end=
CBAP_MIG t=22615000 epoch=4523 flow=14 side=new cur=3960628924 next=4154270870 tgt=4440000000 f=0.40395 u=0.005 breach=3 end=
CBAP_MIG t=22615000 epoch=4523 flow=15 side=new cur=3991125114 next=4172448124 tgt=4440000000 f=0.40395 u=0.005 breach=3 end=
CBAP_MIG t=22615000 epoch=4523 flow=16 side=new cur=4125166506 next=4252343495 tgt=4440000000 f=0.40395 u=0.005 breach=3 end=
CBAP_MIG t=22615000 epoch=4523 flow=17 side=new cur=4139438880 next=4260850544 tgt=4440000000 f=0.40395 u=0.005 breach=3 end=
CBAP_MIG t=22615000 epoch=4523 flow=20 side=new cur=4125166506 next=4252343495 tgt=4440000000 f=0.40395 u=0.005 breach=3 end=
CBAP_MIG t=22615000 epoch=4523 flow=23 side=new cur=4125166506 next=4252343495 tgt=4440000000 f=0.40395 u=0.005 breach=3 end=
CBAP_MIG t=22615000 epoch=4523 flow=24 side=new cur=3780783564 next=4047074043 tgt=4440000000 f=0.40395 u=0.005 breach=3 end=
CBAP_MIG t=22615000 epoch=4523 flow=25 side=new cur=4097989913 next=4236144887 tgt=4440000000 f=0.40395 u=0.005 breach=3 end=
CBAP_MIG t=22615000 epoch=4523 flow=27 side=new cur=4070256785 next=4219614556 tgt=4440000000 f=0.40395 u=0.005 breach=3 end=
CBAP_MIG t=22615000 epoch=4523 flow=30 side=new cur=3920912957 next=4130598168 tgt=4440000000 f=0.40395 u=0.005 breach=3 end=
CBAP_MIG t=22615000 epoch=4523 flow=31 side=new cur=4125166506 next=4252343495 tgt=4440000000 f=0.40395 u=0.005 breach=3 end=
CBAP_MIG t=22615000 epoch=4523 flow=34 side=new cur=4125166506 next=4252343495 tgt=4440000000 f=0.40395 u=0.005 breach=3 end=
CBAP_MIG t=22615000 epoch=4523 flow=35 side=new cur=4125166506 next=4252343495 tgt=4440000000 f=0.40395 u=0.005 breach=3 end=
CBAP_MIG t=22615000 epoch=4523 flow=37 side=new cur=3730578660 next=4017149410 tgt=4440000000 f=0.40395 u=0.005 breach=3 end=
CBAP_MIG t=22615000 epoch=4523 flow=40 side=new cur=4040790337 next=4202051080 tgt=4440000000 f=0.40395 u=0.005 breach=3 end=
CBAP_MIG t=22615000 epoch=4523 flow=41 side=new cur=4125166506 next=4252343495 tgt=4440000000 f=0.40395 u=0.005 breach=3 end=
CBAP_MIG t=22615000 epoch=4523 flow=43 side=new cur=3934274373 next=4138562240 tgt=4440000000 f=0.40395 u=0.005 breach=3 end=
CBAP_MIG t=22615000 epoch=4523 flow=44 side=new cur=3934274373 next=4138562240 tgt=4440000000 f=0.40395 u=0.005 breach=3 end=
CBAP_MIG t=22615000 epoch=4523 flow=45 side=new cur=3797671074 next=4057139843 tgt=4440000000 f=0.40395 u=0.005 breach=3 end=
CBAP_MIG t=22615000 epoch=4523 flow=46 side=new cur=4125166506 next=4252343495 tgt=4440000000 f=0.40395 u=0.005 breach=3 end=
CBAP_MIG t=22615000 epoch=4523 flow=47 side=new cur=4023039732 next=4191470832 tgt=4440000000 f=0.40395 u=0.005 breach=3 end=
CBAP_MIG t=22615000 epoch=4523 flow=48 side=new cur=3947994789 next=4146740293 tgt=4440000000 f=0.40395 u=0.005 breach=3 end=
CBAP_MIG t=22615000 epoch=4523 flow=49 side=new cur=4125166506 next=4252343495 tgt=4440000000 f=0.40395 u=0.005 breach=3 end=
CBAP_MIG t=22615000 epoch=4523 flow=50 side=new cur=4090656633 next=4231773886 tgt=4440000000 f=0.40395 u=0.005 breach=3 end=
CBAP_MIG t=22615000 epoch=4523 flow=52 side=new cur=4125166506 next=4252343495 tgt=4440000000 f=0.40395 u=0.005 breach=3 end=
CBAP_MIG t=22615000 epoch=4523 flow=53 side=new cur=4125166506 next=4252343495 tgt=4440000000 f=0.40395 u=0.005 breach=3 end=
CBAP_MIG t=22615000 epoch=4523 flow=54 side=new cur=4125166506 next=4252343495 tgt=4440000000 f=0.40395 u=0.005 breach=3 end=
CBAP_MIG t=22615000 epoch=4523 flow=55 side=new cur=4125166506 next=4252343495 tgt=4440000000 f=0.40395 u=0.005 breach=3 end=
CBAP_MIG t=22615000 epoch=4523 flow=57 side=new cur=3936231973 next=4139729067 tgt=4440000000 f=0.40395 u=0.005 breach=3 end=
CBAP_MIG t=22615000 epoch=4523 flow=59 side=new cur=4139438880 next=4260850544 tgt=4440000000 f=0.40395 u=0.005 breach=3 end=
CBAP_MIG t=22615000 epoch=4523 flow=60 side=new cur=3888873184 next=4111500861 tgt=4440000000 f=0.40395 u=0.005 breach=3 end=
CBAP_MIG t=22615000 epoch=4523 flow=61 side=new cur=4040790337 next=4202051080 tgt=4440000000 f=0.40395 u=0.005 breach=3 end=
CBAP_MIG t=22615000 epoch=4523 flow=63 side=new cur=3991125114 next=4172448124 tgt=4440000000 f=0.40395 u=0.005 breach=3 end=
CBAP_MIG t=22615000 epoch=4523 flow=64 side=new cur=4125166506 next=4252343495 tgt=4440000000 f=0.40395 u=0.005 breach=3 end=
CBAP_MIG t=22620000 epoch=4524 flow=1 side=new cur=4029359448 next=4195668871 tgt=4440000000 f=0.405 u=0 breach=3 end=
CBAP_MIG t=22620000 epoch=4524 flow=4 side=new cur=4130598168 next=4255905909 tgt=4440000000 f=0.405 u=0 breach=3 end=
CBAP_MIG t=22620000 epoch=4524 flow=5 side=new cur=4200328621 next=4297395529 tgt=4440000000 f=0.405 u=0 breach=3 end=
CBAP_MIG t=22620000 epoch=4524 flow=6 side=new cur=4252343495 next=4328344379 tgt=4440000000 f=0.405 u=0 breach=3 end=
CBAP_MIG t=22620000 epoch=4524 flow=7 side=new cur=4014454262 next=4186800285 tgt=4440000000 f=0.405 u=0 breach=3 end=
CBAP_MIG t=22620000 epoch=4524 flow=8 side=new cur=4278431780 next=4343866909 tgt=4440000000 f=0.405 u=0 breach=3 end=
CBAP_MIG t=22620000 epoch=4524 flow=9 side=new cur=4252343495 next=4328344379 tgt=4440000000 f=0.405 u=0 breach=3 end=
CBAP_MIG t=22620000 epoch=4524 flow=10 side=new cur=4240783500 next=4321466182 tgt=4440000000 f=0.405 u=0 breach=3 end=
CBAP_MIG t=22620000 epoch=4524 flow=11 side=new cur=4191470832 next=4292125145 tgt=4440000000 f=0.405 u=0 breach=3 end=
CBAP_MIG t=22620000 epoch=4524 flow=12 side=new cur=4130598168 next=4255905909 tgt=4440000000 f=0.405 u=0 breach=3 end=
CBAP_MIG t=22620000 epoch=4524 flow=13 side=new cur=4202051080 next=4298420392 tgt=4440000000 f=0.405 u=0 breach=3 end=
CBAP_MIG t=22620000 epoch=4524 flow=14 side=new cur=4154270870 next=4269991167 tgt=4440000000 f=0.405 u=0 breach=3 end=
CBAP_MIG t=22620000 epoch=4524 flow=15 side=new cur=4172448124 next=4280806633 tgt=4440000000 f=0.405 u=0 breach=3 end=
CBAP_MIG t=22620000 epoch=4524 flow=16 side=new cur=4252343495 next=4328344379 tgt=4440000000 f=0.405 u=0 breach=3 end=
CBAP_MIG t=22620000 epoch=4524 flow=17 side=new cur=4260850544 next=4333406073 tgt=4440000000 f=0.405 u=0 breach=3 end=
CBAP_MIG t=22620000 epoch=4524 flow=20 side=new cur=4252343495 next=4328344379 tgt=4440000000 f=0.405 u=0 breach=3 end=
CBAP_MIG t=22620000 epoch=4524 flow=23 side=new cur=4252343495 next=4328344379 tgt=4440000000 f=0.405 u=0 breach=3 end=
CBAP_MIG t=22620000 epoch=4524 flow=24 side=new cur=4047074043 next=4206209055 tgt=4440000000 f=0.405 u=0 breach=3 end=
CBAP_MIG t=22620000 epoch=4524 flow=25 side=new cur=4236144887 next=4318706207 tgt=4440000000 f=0.405 u=0 breach=3 end=
CBAP_MIG t=22620000 epoch=4524 flow=27 side=new cur=4219614556 next=4308870660 tgt=4440000000 f=0.405 u=0 breach=3 end=
CBAP_MIG t=22620000 epoch=4524 flow=30 side=new cur=4130598168 next=4255905909 tgt=4440000000 f=0.405 u=0 breach=3 end=
CBAP_MIG t=22620000 epoch=4524 flow=31 side=new cur=4252343495 next=4328344379 tgt=4440000000 f=0.405 u=0 breach=3 end=
CBAP_MIG t=22620000 epoch=4524 flow=34 side=new cur=4252343495 next=4328344379 tgt=4440000000 f=0.405 u=0 breach=3 end=
CBAP_MIG t=22620000 epoch=4524 flow=35 side=new cur=4252343495 next=4328344379 tgt=4440000000 f=0.405 u=0 breach=3 end=
CBAP_MIG t=22620000 epoch=4524 flow=37 side=new cur=4017149410 next=4188403898 tgt=4440000000 f=0.405 u=0 breach=3 end=
CBAP_MIG t=22620000 epoch=4524 flow=40 side=new cur=4202051080 next=4298420392 tgt=4440000000 f=0.405 u=0 breach=3 end=
CBAP_MIG t=22620000 epoch=4524 flow=41 side=new cur=4252343495 next=4328344379 tgt=4440000000 f=0.405 u=0 breach=3 end=
CBAP_MIG t=22620000 epoch=4524 flow=43 side=new cur=4138562240 next=4260644532 tgt=4440000000 f=0.405 u=0 breach=3 end=
CBAP_MIG t=22620000 epoch=4524 flow=44 side=new cur=4138562240 next=4260644532 tgt=4440000000 f=0.405 u=0 breach=3 end=
CBAP_MIG t=22620000 epoch=4524 flow=45 side=new cur=4057139843 next=4212198206 tgt=4440000000 f=0.405 u=0 breach=3 end=
CBAP_MIG t=22620000 epoch=4524 flow=46 side=new cur=4252343495 next=4328344379 tgt=4440000000 f=0.405 u=0 breach=3 end=
CBAP_MIG t=22620000 epoch=4524 flow=47 side=new cur=4191470832 next=4292125145 tgt=4440000000 f=0.405 u=0 breach=3 end=
CBAP_MIG t=22620000 epoch=4524 flow=48 side=new cur=4146740293 next=4265510474 tgt=4440000000 f=0.405 u=0 breach=3 end=
CBAP_MIG t=22620000 epoch=4524 flow=49 side=new cur=4252343495 next=4328344379 tgt=4440000000 f=0.405 u=0 breach=3 end=
CBAP_MIG t=22620000 epoch=4524 flow=50 side=new cur=4231773886 next=4316105462 tgt=4440000000 f=0.405 u=0 breach=3 end=
CBAP_MIG t=22620000 epoch=4524 flow=52 side=new cur=4252343495 next=4328344379 tgt=4440000000 f=0.405 u=0 breach=3 end=
CBAP_MIG t=22620000 epoch=4524 flow=53 side=new cur=4252343495 next=4328344379 tgt=4440000000 f=0.405 u=0 breach=3 end=
CBAP_MIG t=22620000 epoch=4524 flow=54 side=new cur=4252343495 next=4328344379 tgt=4440000000 f=0.405 u=0 breach=3 end=
CBAP_MIG t=22620000 epoch=4524 flow=55 side=new cur=4252343495 next=4328344379 tgt=4440000000 f=0.405 u=0 breach=3 end=
CBAP_MIG t=22620000 epoch=4524 flow=57 side=new cur=4139729067 next=4261338794 tgt=4440000000 f=0.405 u=0 breach=3 end=
CBAP_MIG t=22620000 epoch=4524 flow=59 side=new cur=4260850544 next=4333406073 tgt=4440000000 f=0.405 u=0 breach=3 end=
CBAP_MIG t=22620000 epoch=4524 flow=60 side=new cur=4111500861 next=4244543012 tgt=4440000000 f=0.405 u=0 breach=3 end=
CBAP_MIG t=22620000 epoch=4524 flow=61 side=new cur=4202051080 next=4298420392 tgt=4440000000 f=0.405 u=0 breach=3 end=
CBAP_MIG t=22620000 epoch=4524 flow=63 side=new cur=4172448124 next=4280806633 tgt=4440000000 f=0.405 u=0 breach=3 end=
CBAP_MIG t=22620000 epoch=4524 flow=64 side=new cur=4252343495 next=4328344379 tgt=4440000000 f=0.405 u=0 breach=3 end=
CBAP_MIG t=22625000 epoch=4525 flow=1 side=new cur=4195668871 next=4294622978 tgt=4440000000 f=0.405 u=0 breach=3 end=
CBAP_MIG t=22625000 epoch=4525 flow=4 side=new cur=4255905909 next=4330464015 tgt=4440000000 f=0.405 u=0 breach=3 end=
CBAP_MIG t=22625000 epoch=4525 flow=5 side=new cur=4297395529 next=4355150339 tgt=4440000000 f=0.405 u=0 breach=3 end=
CBAP_MIG t=22625000 epoch=4525 flow=6 side=new cur=4328344379 next=4373564905 tgt=4440000000 f=0.405 u=0 breach=3 end=
CBAP_MIG t=22625000 epoch=4525 flow=7 side=new cur=4186800285 next=4289346169 tgt=4440000000 f=0.405 u=0 breach=3 end=
CBAP_MIG t=22625000 epoch=4525 flow=8 side=new cur=4343866909 next=4382800810 tgt=4440000000 f=0.405 u=0 breach=3 end=
CBAP_MIG t=22625000 epoch=4525 flow=9 side=new cur=4328344379 next=4373564905 tgt=4440000000 f=0.405 u=0 breach=3 end=
CBAP_MIG t=22625000 epoch=4525 flow=10 side=new cur=4321466182 next=4369472378 tgt=4440000000 f=0.405 u=0 breach=3 end=
CBAP_MIG t=22625000 epoch=4525 flow=11 side=new cur=4292125145 next=4352014461 tgt=4440000000 f=0.405 u=0 breach=3 end=
CBAP_MIG t=22625000 epoch=4525 flow=12 side=new cur=4255905909 next=4330464015 tgt=4440000000 f=0.405 u=0 breach=3 end=
CBAP_MIG t=22625000 epoch=4525 flow=13 side=new cur=4298420392 next=4355760133 tgt=4440000000 f=0.405 u=0 breach=3 end=
CBAP_MIG t=22625000 epoch=4525 flow=14 side=new cur=4269991167 next=4338844744 tgt=4440000000 f=0.405 u=0 breach=3 end=
CBAP_MIG t=22625000 epoch=4525 flow=15 side=new cur=4280806633 next=4345279946 tgt=4440000000 f=0.405 u=0 breach=3 end=
CBAP_MIG t=22625000 epoch=4525 flow=16 side=new cur=4328344379 next=4373564905 tgt=4440000000 f=0.405 u=0 breach=3 end=
CBAP_MIG t=22625000 epoch=4525 flow=17 side=new cur=4333406073 next=4376576613 tgt=4440000000 f=0.405 u=0 breach=3 end=
CBAP_MIG t=22625000 epoch=4525 flow=20 side=new cur=4328344379 next=4373564905 tgt=4440000000 f=0.405 u=0 breach=3 end=
CBAP_MIG t=22625000 epoch=4525 flow=23 side=new cur=4328344379 next=4373564905 tgt=4440000000 f=0.405 u=0 breach=3 end=
CBAP_MIG t=22625000 epoch=4525 flow=24 side=new cur=4206209055 next=4300894387 tgt=4440000000 f=0.405 u=0 breach=3 end=
CBAP_MIG t=22625000 epoch=4525 flow=25 side=new cur=4318706207 next=4367830193 tgt=4440000000 f=0.405 u=0 breach=3 end=
CBAP_MIG t=22625000 epoch=4525 flow=27 side=new cur=4308870660 next=4361978042 tgt=4440000000 f=0.405 u=0 breach=3 end=
CBAP_MIG t=22625000 epoch=4525 flow=30 side=new cur=4255905909 next=4330464015 tgt=4440000000 f=0.405 u=0 breach=3 end=
CBAP_MIG t=22625000 epoch=4525 flow=31 side=new cur=4328344379 next=4373564905 tgt=4440000000 f=0.405 u=0 breach=3 end=
CBAP_MIG t=22625000 epoch=4525 flow=34 side=new cur=4328344379 next=4373564905 tgt=4440000000 f=0.405 u=0 breach=3 end=
CBAP_MIG t=22625000 epoch=4525 flow=35 side=new cur=4328344379 next=4373564905 tgt=4440000000 f=0.405 u=0 breach=3 end=
CBAP_MIG t=22625000 epoch=4525 flow=37 side=new cur=4188403898 next=4290300319 tgt=4440000000 f=0.405 u=0 breach=3 end=
CBAP_MIG t=22625000 epoch=4525 flow=40 side=new cur=4298420392 next=4355760133 tgt=4440000000 f=0.405 u=0 breach=3 end=
CBAP_MIG t=22625000 epoch=4525 flow=41 side=new cur=4328344379 next=4373564905 tgt=4440000000 f=0.405 u=0 breach=3 end=
CBAP_MIG t=22625000 epoch=4525 flow=43 side=new cur=4260644532 next=4333283496 tgt=4440000000 f=0.405 u=0 breach=3 end=
CBAP_MIG t=22625000 epoch=4525 flow=44 side=new cur=4260644532 next=4333283496 tgt=4440000000 f=0.405 u=0 breach=3 end=
CBAP_MIG t=22625000 epoch=4525 flow=45 side=new cur=4212198206 next=4304457932 tgt=4440000000 f=0.405 u=0 breach=3 end=
CBAP_MIG t=22625000 epoch=4525 flow=46 side=new cur=4328344379 next=4373564905 tgt=4440000000 f=0.405 u=0 breach=3 end=
CBAP_MIG t=22625000 epoch=4525 flow=47 side=new cur=4292125145 next=4352014461 tgt=4440000000 f=0.405 u=0 breach=3 end=
CBAP_MIG t=22625000 epoch=4525 flow=48 side=new cur=4265510474 next=4336178732 tgt=4440000000 f=0.405 u=0 breach=3 end=
CBAP_MIG t=22625000 epoch=4525 flow=49 side=new cur=4328344379 next=4373564905 tgt=4440000000 f=0.405 u=0 breach=3 end=
CBAP_MIG t=22625000 epoch=4525 flow=50 side=new cur=4316105462 next=4366282749 tgt=4440000000 f=0.405 u=0 breach=3 end=
CBAP_MIG t=22625000 epoch=4525 flow=52 side=new cur=4328344379 next=4373564905 tgt=4440000000 f=0.405 u=0 breach=3 end=
CBAP_MIG t=22625000 epoch=4525 flow=53 side=new cur=4328344379 next=4373564905 tgt=4440000000 f=0.405 u=0 breach=3 end=
CBAP_MIG t=22625000 epoch=4525 flow=54 side=new cur=4328344379 next=4373564905 tgt=4440000000 f=0.405 u=0 breach=3 end=
CBAP_MIG t=22625000 epoch=4525 flow=55 side=new cur=4328344379 next=4373564905 tgt=4440000000 f=0.405 u=0 breach=3 end=
CBAP_MIG t=22625000 epoch=4525 flow=57 side=new cur=4261338794 next=4333696582 tgt=4440000000 f=0.405 u=0 breach=3 end=
CBAP_MIG t=22625000 epoch=4525 flow=59 side=new cur=4333406073 next=4376576613 tgt=4440000000 f=0.405 u=0 breach=3 end=
CBAP_MIG t=22625000 epoch=4525 flow=60 side=new cur=4244543012 next=4323703092 tgt=4440000000 f=0.405 u=0 breach=3 end=
CBAP_MIG t=22625000 epoch=4525 flow=61 side=new cur=4298420392 next=4355760133 tgt=4440000000 f=0.405 u=0 breach=3 end=
CBAP_MIG t=22625000 epoch=4525 flow=63 side=new cur=4280806633 next=4345279946 tgt=4440000000 f=0.405 u=0 breach=3 end=
CBAP_MIG t=22625000 epoch=4525 flow=64 side=new cur=4328344379 next=4373564905 tgt=4440000000 f=0.405 u=0 breach=3 end=
CBAP_MIG t=22630000 epoch=4526 flow=1 side=new cur=4294622978 next=4353500671 tgt=4440000000 f=0.405 u=0 breach=3 end=
CBAP_MIG t=22630000 epoch=4526 flow=4 side=new cur=4330464015 next=4374826088 tgt=4440000000 f=0.405 u=0 breach=3 end=
CBAP_MIG t=22630000 epoch=4526 flow=5 side=new cur=4355150339 next=4389514451 tgt=4440000000 f=0.405 u=0 breach=3 end=
CBAP_MIG t=22630000 epoch=4526 flow=6 side=new cur=4373564905 next=4400471118 tgt=4440000000 f=0.405 u=0 breach=3 end=converged
CBAP_MIG t=22630000 epoch=4526 flow=7 side=new cur=4289346169 next=4350360970 tgt=4440000000 f=0.405 u=0 breach=3 end=
CBAP_MIG t=22630000 epoch=4526 flow=8 side=new cur=4382800810 next=4405966481 tgt=4440000000 f=0.405 u=0 breach=3 end=converged
CBAP_MIG t=22630000 epoch=4526 flow=9 side=new cur=4373564905 next=4400471118 tgt=4440000000 f=0.405 u=0 breach=3 end=converged
CBAP_MIG t=22630000 epoch=4526 flow=10 side=new cur=4369472378 next=4398036064 tgt=4440000000 f=0.405 u=0 breach=3 end=converged
CBAP_MIG t=22630000 epoch=4526 flow=11 side=new cur=4352014461 next=4387648604 tgt=4440000000 f=0.405 u=0 breach=3 end=
CBAP_MIG t=22630000 epoch=4526 flow=12 side=new cur=4330464015 next=4374826088 tgt=4440000000 f=0.405 u=0 breach=3 end=
CBAP_MIG t=22630000 epoch=4526 flow=13 side=new cur=4355760133 next=4389877279 tgt=4440000000 f=0.405 u=0 breach=3 end=
CBAP_MIG t=22630000 epoch=4526 flow=14 side=new cur=4338844744 next=4379812622 tgt=4440000000 f=0.405 u=0 breach=3 end=
CBAP_MIG t=22630000 epoch=4526 flow=15 side=new cur=4345279946 next=4383641567 tgt=4440000000 f=0.405 u=0 breach=3 end=
CBAP_MIG t=22630000 epoch=4526 flow=16 side=new cur=4373564905 next=4400471118 tgt=4440000000 f=0.405 u=0 breach=3 end=converged
CBAP_MIG t=22630000 epoch=4526 flow=17 side=new cur=4376576613 next=4402263084 tgt=4440000000 f=0.405 u=0 breach=3 end=converged
CBAP_MIG t=22630000 epoch=4526 flow=20 side=new cur=4373564905 next=4400471118 tgt=4440000000 f=0.405 u=0 breach=3 end=converged
CBAP_MIG t=22630000 epoch=4526 flow=23 side=new cur=4373564905 next=4400471118 tgt=4440000000 f=0.405 u=0 breach=3 end=converged
CBAP_MIG t=22630000 epoch=4526 flow=24 side=new cur=4300894387 next=4357232160 tgt=4440000000 f=0.405 u=0 breach=3 end=
CBAP_MIG t=22630000 epoch=4526 flow=25 side=new cur=4367830193 next=4397058964 tgt=4440000000 f=0.405 u=0 breach=3 end=converged
CBAP_MIG t=22630000 epoch=4526 flow=27 side=new cur=4361978042 next=4393576934 tgt=4440000000 f=0.405 u=0 breach=3 end=
CBAP_MIG t=22630000 epoch=4526 flow=30 side=new cur=4330464015 next=4374826088 tgt=4440000000 f=0.405 u=0 breach=3 end=
CBAP_MIG t=22630000 epoch=4526 flow=31 side=new cur=4373564905 next=4400471118 tgt=4440000000 f=0.405 u=0 breach=3 end=converged
CBAP_MIG t=22630000 epoch=4526 flow=34 side=new cur=4373564905 next=4400471118 tgt=4440000000 f=0.405 u=0 breach=3 end=converged
CBAP_MIG t=22630000 epoch=4526 flow=35 side=new cur=4373564905 next=4400471118 tgt=4440000000 f=0.405 u=0 breach=3 end=converged
CBAP_MIG t=22630000 epoch=4526 flow=37 side=new cur=4290300319 next=4350928689 tgt=4440000000 f=0.405 u=0 breach=3 end=
CBAP_MIG t=22630000 epoch=4526 flow=40 side=new cur=4355760133 next=4389877279 tgt=4440000000 f=0.405 u=0 breach=3 end=
CBAP_MIG t=22630000 epoch=4526 flow=41 side=new cur=4373564905 next=4400471118 tgt=4440000000 f=0.405 u=0 breach=3 end=converged
CBAP_MIG t=22630000 epoch=4526 flow=43 side=new cur=4333283496 next=4376503680 tgt=4440000000 f=0.405 u=0 breach=3 end=
CBAP_MIG t=22630000 epoch=4526 flow=44 side=new cur=4333283496 next=4376503680 tgt=4440000000 f=0.405 u=0 breach=3 end=
CBAP_MIG t=22630000 epoch=4526 flow=45 side=new cur=4304457932 next=4359352469 tgt=4440000000 f=0.405 u=0 breach=3 end=
CBAP_MIG t=22630000 epoch=4526 flow=46 side=new cur=4373564905 next=4400471118 tgt=4440000000 f=0.405 u=0 breach=3 end=converged
CBAP_MIG t=22630000 epoch=4526 flow=47 side=new cur=4352014461 next=4387648604 tgt=4440000000 f=0.405 u=0 breach=3 end=
CBAP_MIG t=22630000 epoch=4526 flow=48 side=new cur=4336178732 next=4378226345 tgt=4440000000 f=0.405 u=0 breach=3 end=
CBAP_MIG t=22630000 epoch=4526 flow=49 side=new cur=4373564905 next=4400471118 tgt=4440000000 f=0.405 u=0 breach=3 end=converged
CBAP_MIG t=22630000 epoch=4526 flow=50 side=new cur=4366282749 next=4396138235 tgt=4440000000 f=0.405 u=0 breach=3 end=converged
CBAP_MIG t=22630000 epoch=4526 flow=52 side=new cur=4373564905 next=4400471118 tgt=4440000000 f=0.405 u=0 breach=3 end=converged
CBAP_MIG t=22630000 epoch=4526 flow=53 side=new cur=4373564905 next=4400471118 tgt=4440000000 f=0.405 u=0 breach=3 end=converged
CBAP_MIG t=22630000 epoch=4526 flow=54 side=new cur=4373564905 next=4400471118 tgt=4440000000 f=0.405 u=0 breach=3 end=converged
CBAP_MIG t=22630000 epoch=4526 flow=55 side=new cur=4373564905 next=4400471118 tgt=4440000000 f=0.405 u=0 breach=3 end=converged
CBAP_MIG t=22630000 epoch=4526 flow=57 side=new cur=4333696582 next=4376749466 tgt=4440000000 f=0.405 u=0 breach=3 end=
CBAP_MIG t=22630000 epoch=4526 flow=59 side=new cur=4376576613 next=4402263084 tgt=4440000000 f=0.405 u=0 breach=3 end=converged
CBAP_MIG t=22630000 epoch=4526 flow=60 side=new cur=4323703092 next=4370803339 tgt=4440000000 f=0.405 u=0 breach=3 end=
CBAP_MIG t=22630000 epoch=4526 flow=61 side=new cur=4355760133 next=4389877279 tgt=4440000000 f=0.405 u=0 breach=3 end=
CBAP_MIG t=22630000 epoch=4526 flow=63 side=new cur=4345279946 next=4383641567 tgt=4440000000 f=0.405 u=0 breach=3 end=
CBAP_MIG t=22630000 epoch=4526 flow=64 side=new cur=4373564905 next=4400471118 tgt=4440000000 f=0.405 u=0 breach=3 end=converged
CBAP_MIG t=22635000 epoch=4527 flow=1 side=new cur=4353500671 next=4388532899 tgt=4440000000 f=0.405 u=0 breach=3 end=
CBAP_MIG t=22635000 epoch=4527 flow=4 side=new cur=4374826088 next=4401221522 tgt=4440000000 f=0.405 u=0 breach=3 end=converged
CBAP_MIG t=22635000 epoch=4527 flow=5 side=new cur=4389514451 next=4409961098 tgt=4440000000 f=0.405 u=0 breach=3 end=converged
CBAP_MIG t=22635000 epoch=4527 flow=7 side=new cur=4350360970 next=4386664777 tgt=4440000000 f=0.405 u=0 breach=3 end=
CBAP_MIG t=22635000 epoch=4527 flow=11 side=new cur=4387648604 next=4408850919 tgt=4440000000 f=0.405 u=0 breach=3 end=converged
CBAP_MIG t=22635000 epoch=4527 flow=12 side=new cur=4374826088 next=4401221522 tgt=4440000000 f=0.405 u=0 breach=3 end=converged
CBAP_MIG t=22635000 epoch=4527 flow=13 side=new cur=4389877279 next=4410176981 tgt=4440000000 f=0.405 u=0 breach=3 end=converged
CBAP_MIG t=22635000 epoch=4527 flow=14 side=new cur=4379812622 next=4404188510 tgt=4440000000 f=0.405 u=0 breach=3 end=converged
CBAP_MIG t=22635000 epoch=4527 flow=15 side=new cur=4383641567 next=4406466732 tgt=4440000000 f=0.405 u=0 breach=3 end=converged
CBAP_MIG t=22635000 epoch=4527 flow=24 side=new cur=4357232160 next=4390753135 tgt=4440000000 f=0.405 u=0 breach=3 end=
CBAP_MIG t=22635000 epoch=4527 flow=27 side=new cur=4393576934 next=4412378275 tgt=4440000000 f=0.405 u=0 breach=3 end=converged
CBAP_MIG t=22635000 epoch=4527 flow=30 side=new cur=4374826088 next=4401221522 tgt=4440000000 f=0.405 u=0 breach=3 end=converged
CBAP_MIG t=22635000 epoch=4527 flow=37 side=new cur=4350928689 next=4387002569 tgt=4440000000 f=0.405 u=0 breach=3 end=
CBAP_MIG t=22635000 epoch=4527 flow=40 side=new cur=4389877279 next=4410176981 tgt=4440000000 f=0.405 u=0 breach=3 end=converged
CBAP_MIG t=22635000 epoch=4527 flow=43 side=new cur=4376503680 next=4402219689 tgt=4440000000 f=0.405 u=0 breach=3 end=converged
CBAP_MIG t=22635000 epoch=4527 flow=44 side=new cur=4376503680 next=4402219689 tgt=4440000000 f=0.405 u=0 breach=3 end=converged
CBAP_MIG t=22635000 epoch=4527 flow=45 side=new cur=4359352469 next=4392014719 tgt=4440000000 f=0.405 u=0 breach=3 end=
CBAP_MIG t=22635000 epoch=4527 flow=47 side=new cur=4387648604 next=4408850919 tgt=4440000000 f=0.405 u=0 breach=3 end=converged
CBAP_MIG t=22635000 epoch=4527 flow=48 side=new cur=4378226345 next=4403244675 tgt=4440000000 f=0.405 u=0 breach=3 end=converged
CBAP_MIG t=22635000 epoch=4527 flow=57 side=new cur=4376749466 next=4402365932 tgt=4440000000 f=0.405 u=0 breach=3 end=converged
CBAP_MIG t=22635000 epoch=4527 flow=60 side=new cur=4370803339 next=4398827986 tgt=4440000000 f=0.405 u=0 breach=3 end=converged
CBAP_MIG t=22635000 epoch=4527 flow=61 side=new cur=4389877279 next=4410176981 tgt=4440000000 f=0.405 u=0 breach=3 end=converged
CBAP_MIG t=22635000 epoch=4527 flow=63 side=new cur=4383641567 next=4406466732 tgt=4440000000 f=0.405 u=0 breach=3 end=converged
CBAP_MIG t=22640000 epoch=4528 flow=1 side=new cur=4388532899 next=4409377074 tgt=4440000000 f=0.405 u=0 breach=3 end=converged
CBAP_MIG t=22640000 epoch=4528 flow=7 side=new cur=4386664777 next=4408265542 tgt=4440000000 f=0.405 u=0 breach=3 end=converged
CBAP_MIG t=22640000 epoch=4528 flow=24 side=new cur=4390753135 next=4410698115 tgt=4440000000 f=0.405 u=0 breach=3 end=converged
CBAP_MIG t=22640000 epoch=4528 flow=37 side=new cur=4387002569 next=4408466528 tgt=4440000000 f=0.405 u=0 breach=3 end=converged
CBAP_MIG t=22640000 epoch=4528 flow=45 side=new cur=4392014719 next=4411448757 tgt=4440000000 f=0.405 u=0 breach=3 end=converged
CBAP_MIG_REPLAN t=22790000 reason=active_set_shrank flow=0 batch=0 newest_batch=1 cur=2000000000 target=2000000000 ceiling=160000000000 old_side_present=1
CBAP_MIG_REPLAN t=22790000 reason=active_set_shrank flow=1 batch=1 newest_batch=1 cur=4409377074 target=5225641025 ceiling=200000000000 old_side_present=1
CBAP_MIG_REPLAN t=22790000 reason=active_set_shrank flow=4 batch=1 newest_batch=1 cur=4401221522 target=5225641025 ceiling=200000000000 old_side_present=1
CBAP_MIG_REPLAN t=22790000 reason=active_set_shrank flow=5 batch=1 newest_batch=1 cur=4409961098 target=5225641025 ceiling=200000000000 old_side_present=1
CBAP_MIG_REPLAN t=22790000 reason=active_set_shrank flow=6 batch=1 newest_batch=1 cur=4400471118 target=5225641025 ceiling=200000000000 old_side_present=1
CBAP_MIG_REPLAN t=22790000 reason=active_set_shrank flow=7 batch=1 newest_batch=1 cur=4408265542 target=5225641025 ceiling=200000000000 old_side_present=1
CBAP_MIG_REPLAN t=22790000 reason=active_set_shrank flow=8 batch=1 newest_batch=1 cur=4405966481 target=5225641025 ceiling=200000000000 old_side_present=1
CBAP_MIG_REPLAN t=22790000 reason=active_set_shrank flow=10 batch=1 newest_batch=1 cur=4398036064 target=5225641025 ceiling=200000000000 old_side_present=1
CBAP_MIG_REPLAN t=22790000 reason=active_set_shrank flow=11 batch=1 newest_batch=1 cur=4408850919 target=5225641025 ceiling=200000000000 old_side_present=1
CBAP_MIG_REPLAN t=22790000 reason=active_set_shrank flow=12 batch=1 newest_batch=1 cur=4401221522 target=5225641025 ceiling=200000000000 old_side_present=1
CBAP_MIG_REPLAN t=22790000 reason=active_set_shrank flow=13 batch=1 newest_batch=1 cur=4410176981 target=5225641025 ceiling=200000000000 old_side_present=1
CBAP_MIG_REPLAN t=22790000 reason=active_set_shrank flow=14 batch=1 newest_batch=1 cur=4404188510 target=5225641025 ceiling=200000000000 old_side_present=1
CBAP_MIG_REPLAN t=22790000 reason=active_set_shrank flow=15 batch=1 newest_batch=1 cur=4406466732 target=5225641025 ceiling=200000000000 old_side_present=1
CBAP_MIG_REPLAN t=22790000 reason=active_set_shrank flow=16 batch=1 newest_batch=1 cur=4400471118 target=5225641025 ceiling=200000000000 old_side_present=1
CBAP_MIG_REPLAN t=22790000 reason=active_set_shrank flow=17 batch=1 newest_batch=1 cur=4402263084 target=5225641025 ceiling=200000000000 old_side_present=1
CBAP_MIG_REPLAN t=22790000 reason=active_set_shrank flow=24 batch=1 newest_batch=1 cur=4410698115 target=5225641025 ceiling=200000000000 old_side_present=1
CBAP_MIG_REPLAN t=22790000 reason=active_set_shrank flow=25 batch=1 newest_batch=1 cur=4397058964 target=5225641025 ceiling=200000000000 old_side_present=1
CBAP_MIG_REPLAN t=22790000 reason=active_set_shrank flow=27 batch=1 newest_batch=1 cur=4412378275 target=5225641025 ceiling=200000000000 old_side_present=1
CBAP_MIG_REPLAN t=22790000 reason=active_set_shrank flow=30 batch=1 newest_batch=1 cur=4401221522 target=5225641025 ceiling=200000000000 old_side_present=1
CBAP_MIG_REPLAN t=22790000 reason=active_set_shrank flow=35 batch=1 newest_batch=1 cur=4400471118 target=5225641025 ceiling=200000000000 old_side_present=1
CBAP_MIG_REPLAN t=22790000 reason=active_set_shrank flow=37 batch=1 newest_batch=1 cur=4408466528 target=5225641025 ceiling=200000000000 old_side_present=1
CBAP_MIG_REPLAN t=22790000 reason=active_set_shrank flow=40 batch=1 newest_batch=1 cur=4410176981 target=5225641025 ceiling=200000000000 old_side_present=1
CBAP_MIG_REPLAN t=22790000 reason=active_set_shrank flow=41 batch=1 newest_batch=1 cur=4400471118 target=5225641025 ceiling=200000000000 old_side_present=1
CBAP_MIG_REPLAN t=22790000 reason=active_set_shrank flow=43 batch=1 newest_batch=1 cur=4402219689 target=5225641025 ceiling=200000000000 old_side_present=1
CBAP_MIG_REPLAN t=22790000 reason=active_set_shrank flow=44 batch=1 newest_batch=1 cur=4402219689 target=5225641025 ceiling=200000000000 old_side_present=1
CBAP_MIG_REPLAN t=22790000 reason=active_set_shrank flow=45 batch=1 newest_batch=1 cur=4411448757 target=5225641025 ceiling=200000000000 old_side_present=1
CBAP_MIG_REPLAN t=22790000 reason=active_set_shrank flow=46 batch=1 newest_batch=1 cur=4400471118 target=5225641025 ceiling=200000000000 old_side_present=1
CBAP_MIG_REPLAN t=22790000 reason=active_set_shrank flow=47 batch=1 newest_batch=1 cur=4408850919 target=5225641025 ceiling=200000000000 old_side_present=1
CBAP_MIG_REPLAN t=22790000 reason=active_set_shrank flow=48 batch=1 newest_batch=1 cur=4403244675 target=5225641025 ceiling=200000000000 old_side_present=1
CBAP_MIG_REPLAN t=22790000 reason=active_set_shrank flow=49 batch=1 newest_batch=1 cur=4400471118 target=5225641025 ceiling=200000000000 old_side_present=1
CBAP_MIG_REPLAN t=22790000 reason=active_set_shrank flow=50 batch=1 newest_batch=1 cur=4396138235 target=5225641025 ceiling=200000000000 old_side_present=1
CBAP_MIG_REPLAN t=22790000 reason=active_set_shrank flow=52 batch=1 newest_batch=1 cur=4400471118 target=5225641025 ceiling=200000000000 old_side_present=1
CBAP_MIG_REPLAN t=22790000 reason=active_set_shrank flow=54 batch=1 newest_batch=1 cur=4400471118 target=5225641025 ceiling=200000000000 old_side_present=1
CBAP_MIG_REPLAN t=22790000 reason=active_set_shrank flow=55 batch=1 newest_batch=1 cur=4400471118 target=5225641025 ceiling=200000000000 old_side_present=1
CBAP_MIG_REPLAN t=22790000 reason=active_set_shrank flow=57 batch=1 newest_batch=1 cur=4402365932 target=5225641025 ceiling=200000000000 old_side_present=1
CBAP_MIG_REPLAN t=22790000 reason=active_set_shrank flow=59 batch=1 newest_batch=1 cur=4402263084 target=5225641025 ceiling=200000000000 old_side_present=1
CBAP_MIG_REPLAN t=22790000 reason=active_set_shrank flow=60 batch=1 newest_batch=1 cur=4398827986 target=5225641025 ceiling=200000000000 old_side_present=1
CBAP_MIG_REPLAN t=22790000 reason=active_set_shrank flow=61 batch=1 newest_batch=1 cur=4410176981 target=5225641025 ceiling=200000000000 old_side_present=1
CBAP_MIG_REPLAN t=22790000 reason=active_set_shrank flow=63 batch=1 newest_batch=1 cur=4406466732 target=5225641025 ceiling=200000000000 old_side_present=1
CBAP_MIG_REPLAN t=22790000 reason=active_set_shrank flow=64 batch=1 newest_batch=1 cur=4400471118 target=5225641025 ceiling=200000000000 old_side_present=1
CBAP_MIG t=22790000 epoch=4558 flow=0 side=old cur=2000000000 next=2000000000 tgt=2000000000 f=0.405 u=0 breach=0 end=converged
CBAP_MIG t=22790000 epoch=4558 flow=1 side=new cur=4409377074 next=4739963974 tgt=5225641025 f=0.405 u=0 breach=3 end=
CBAP_MIG t=22790000 epoch=4558 flow=4 side=new cur=4401221522 next=4735111420 tgt=5225641025 f=0.405 u=0 breach=3 end=
CBAP_MIG t=22790000 epoch=4558 flow=5 side=new cur=4409961098 next=4740311468 tgt=5225641025 f=0.405 u=0 breach=3 end=
CBAP_MIG t=22790000 epoch=4558 flow=6 side=new cur=4400471118 next=4734664930 tgt=5225641025 f=0.405 u=0 breach=3 end=
CBAP_MIG t=22790000 epoch=4558 flow=7 side=new cur=4408265542 next=4739302612 tgt=5225641025 f=0.405 u=0 breach=3 end=
CBAP_MIG t=22790000 epoch=4558 flow=8 side=new cur=4405966481 next=4737934671 tgt=5225641025 f=0.405 u=0 breach=3 end=
CBAP_MIG t=22790000 epoch=4558 flow=10 side=new cur=4398036064 next=4733216073 tgt=5225641025 f=0.405 u=0 breach=3 end=
CBAP_MIG t=22790000 epoch=4558 flow=11 side=new cur=4408850919 next=4739650911 tgt=5225641025 f=0.405 u=0 breach=3 end=
CBAP_MIG t=22790000 epoch=4558 flow=12 side=new cur=4401221522 next=4735111420 tgt=5225641025 f=0.405 u=0 breach=3 end=
CBAP_MIG t=22790000 epoch=4558 flow=13 side=new cur=4410176981 next=4740439918 tgt=5225641025 f=0.405 u=0 breach=3 end=
CBAP_MIG t=22790000 epoch=4558 flow=14 side=new cur=4404188510 next=4736876778 tgt=5225641025 f=0.405 u=0 breach=3 end=
CBAP_MIG t=22790000 epoch=4558 flow=15 side=new cur=4406466732 next=4738232320 tgt=5225641025 f=0.405 u=0 breach=3 end=
CBAP_MIG t=22790000 epoch=4558 flow=16 side=new cur=4400471118 next=4734664930 tgt=5225641025 f=0.405 u=0 breach=3 end=
CBAP_MIG t=22790000 epoch=4558 flow=17 side=new cur=4402263084 next=4735731150 tgt=5225641025 f=0.405 u=0 breach=3 end=
CBAP_MIG t=22790000 epoch=4558 flow=24 side=new cur=4410698115 next=4740749993 tgt=5225641025 f=0.405 u=0 breach=3 end=
CBAP_MIG t=22790000 epoch=4558 flow=25 side=new cur=4397058964 next=4732634698 tgt=5225641025 f=0.405 u=0 breach=3 end=
CBAP_MIG t=22790000 epoch=4558 flow=27 side=new cur=4412378275 next=4741749688 tgt=5225641025 f=0.405 u=0 breach=3 end=
CBAP_MIG t=22790000 epoch=4558 flow=30 side=new cur=4401221522 next=4735111420 tgt=5225641025 f=0.405 u=0 breach=3 end=
CBAP_MIG t=22790000 epoch=4558 flow=35 side=new cur=4400471118 next=4734664930 tgt=5225641025 f=0.405 u=0 breach=3 end=
CBAP_MIG t=22790000 epoch=4558 flow=37 side=new cur=4408466528 next=4739422199 tgt=5225641025 f=0.405 u=0 breach=3 end=
CBAP_MIG t=22790000 epoch=4558 flow=40 side=new cur=4410176981 next=4740439918 tgt=5225641025 f=0.405 u=0 breach=3 end=
CBAP_MIG t=22790000 epoch=4558 flow=41 side=new cur=4400471118 next=4734664930 tgt=5225641025 f=0.405 u=0 breach=3 end=
CBAP_MIG t=22790000 epoch=4558 flow=43 side=new cur=4402219689 next=4735705330 tgt=5225641025 f=0.405 u=0 breach=3 end=
CBAP_MIG t=22790000 epoch=4558 flow=44 side=new cur=4402219689 next=4735705330 tgt=5225641025 f=0.405 u=0 breach=3 end=
CBAP_MIG t=22790000 epoch=4558 flow=45 side=new cur=4411448757 next=4741196625 tgt=5225641025 f=0.405 u=0 breach=3 end=
CBAP_MIG t=22790000 epoch=4558 flow=46 side=new cur=4400471118 next=4734664930 tgt=5225641025 f=0.405 u=0 breach=3 end=
CBAP_MIG t=22790000 epoch=4558 flow=47 side=new cur=4408850919 next=4739650911 tgt=5225641025 f=0.405 u=0 breach=3 end=
CBAP_MIG t=22790000 epoch=4558 flow=48 side=new cur=4403244675 next=4736315196 tgt=5225641025 f=0.405 u=0 breach=3 end=
CBAP_MIG t=22790000 epoch=4558 flow=49 side=new cur=4400471118 next=4734664930 tgt=5225641025 f=0.405 u=0 breach=3 end=
CBAP_MIG t=22790000 epoch=4558 flow=50 side=new cur=4396138235 next=4732086864 tgt=5225641025 f=0.405 u=0 breach=3 end=
CBAP_MIG t=22790000 epoch=4558 flow=52 side=new cur=4400471118 next=4734664930 tgt=5225641025 f=0.405 u=0 breach=3 end=
CBAP_MIG t=22790000 epoch=4558 flow=54 side=new cur=4400471118 next=4734664930 tgt=5225641025 f=0.405 u=0 breach=3 end=
CBAP_MIG t=22790000 epoch=4558 flow=55 side=new cur=4400471118 next=4734664930 tgt=5225641025 f=0.405 u=0 breach=3 end=
CBAP_MIG t=22790000 epoch=4558 flow=57 side=new cur=4402365932 next=4735792344 tgt=5225641025 f=0.405 u=0 breach=3 end=
CBAP_MIG t=22790000 epoch=4558 flow=59 side=new cur=4402263084 next=4735731150 tgt=5225641025 f=0.405 u=0 breach=3 end=
CBAP_MIG t=22790000 epoch=4558 flow=60 side=new cur=4398827986 next=4733687266 tgt=5225641025 f=0.405 u=0 breach=3 end=
CBAP_MIG t=22790000 epoch=4558 flow=61 side=new cur=4410176981 next=4740439918 tgt=5225641025 f=0.405 u=0 breach=3 end=
CBAP_MIG t=22790000 epoch=4558 flow=63 side=new cur=4406466732 next=4738232320 tgt=5225641025 f=0.405 u=0 breach=3 end=
CBAP_MIG t=22790000 epoch=4558 flow=64 side=new cur=4400471118 next=4734664930 tgt=5225641025 f=0.405 u=0 breach=3 end=
CBAP_MIG_REPLAN t=22795000 reason=active_set_shrank flow=0 batch=0 newest_batch=1 cur=2000000000 target=2000000000 ceiling=160000000000 old_side_present=1
CBAP_MIG_REPLAN t=22795000 reason=active_set_shrank flow=1 batch=1 newest_batch=1 cur=4739963974 target=6793333333 ceiling=200000000000 old_side_present=1
CBAP_MIG_REPLAN t=22795000 reason=active_set_shrank flow=4 batch=1 newest_batch=1 cur=4735111420 target=6793333333 ceiling=200000000000 old_side_present=1
CBAP_MIG_REPLAN t=22795000 reason=active_set_shrank flow=5 batch=1 newest_batch=1 cur=4740311468 target=6793333333 ceiling=200000000000 old_side_present=1
CBAP_MIG_REPLAN t=22795000 reason=active_set_shrank flow=7 batch=1 newest_batch=1 cur=4739302612 target=6793333333 ceiling=200000000000 old_side_present=1
CBAP_MIG_REPLAN t=22795000 reason=active_set_shrank flow=8 batch=1 newest_batch=1 cur=4737934671 target=6793333333 ceiling=200000000000 old_side_present=1
CBAP_MIG_REPLAN t=22795000 reason=active_set_shrank flow=10 batch=1 newest_batch=1 cur=4733216073 target=6793333333 ceiling=200000000000 old_side_present=1
CBAP_MIG_REPLAN t=22795000 reason=active_set_shrank flow=11 batch=1 newest_batch=1 cur=4739650911 target=6793333333 ceiling=200000000000 old_side_present=1
CBAP_MIG_REPLAN t=22795000 reason=active_set_shrank flow=12 batch=1 newest_batch=1 cur=4735111420 target=6793333333 ceiling=200000000000 old_side_present=1
CBAP_MIG_REPLAN t=22795000 reason=active_set_shrank flow=13 batch=1 newest_batch=1 cur=4740439918 target=6793333333 ceiling=200000000000 old_side_present=1
CBAP_MIG_REPLAN t=22795000 reason=active_set_shrank flow=14 batch=1 newest_batch=1 cur=4736876778 target=6793333333 ceiling=200000000000 old_side_present=1
CBAP_MIG_REPLAN t=22795000 reason=active_set_shrank flow=15 batch=1 newest_batch=1 cur=4738232320 target=6793333333 ceiling=200000000000 old_side_present=1
CBAP_MIG_REPLAN t=22795000 reason=active_set_shrank flow=17 batch=1 newest_batch=1 cur=4735731150 target=6793333333 ceiling=200000000000 old_side_present=1
CBAP_MIG_REPLAN t=22795000 reason=active_set_shrank flow=24 batch=1 newest_batch=1 cur=4740749993 target=6793333333 ceiling=200000000000 old_side_present=1
CBAP_MIG_REPLAN t=22795000 reason=active_set_shrank flow=25 batch=1 newest_batch=1 cur=4732634698 target=6793333333 ceiling=200000000000 old_side_present=1
CBAP_MIG_REPLAN t=22795000 reason=active_set_shrank flow=27 batch=1 newest_batch=1 cur=4741749688 target=6793333333 ceiling=200000000000 old_side_present=1
CBAP_MIG_REPLAN t=22795000 reason=active_set_shrank flow=30 batch=1 newest_batch=1 cur=4735111420 target=6793333333 ceiling=200000000000 old_side_present=1
CBAP_MIG_REPLAN t=22795000 reason=active_set_shrank flow=35 batch=1 newest_batch=1 cur=4734664930 target=6793333333 ceiling=200000000000 old_side_present=1
CBAP_MIG_REPLAN t=22795000 reason=active_set_shrank flow=37 batch=1 newest_batch=1 cur=4739422199 target=6793333333 ceiling=200000000000 old_side_present=1
CBAP_MIG_REPLAN t=22795000 reason=active_set_shrank flow=40 batch=1 newest_batch=1 cur=4740439918 target=6793333333 ceiling=200000000000 old_side_present=1
CBAP_MIG_REPLAN t=22795000 reason=active_set_shrank flow=43 batch=1 newest_batch=1 cur=4735705330 target=6793333333 ceiling=200000000000 old_side_present=1
CBAP_MIG_REPLAN t=22795000 reason=active_set_shrank flow=44 batch=1 newest_batch=1 cur=4735705330 target=6793333333 ceiling=200000000000 old_side_present=1
CBAP_MIG_REPLAN t=22795000 reason=active_set_shrank flow=45 batch=1 newest_batch=1 cur=4741196625 target=6793333333 ceiling=200000000000 old_side_present=1
CBAP_MIG_REPLAN t=22795000 reason=active_set_shrank flow=47 batch=1 newest_batch=1 cur=4739650911 target=6793333333 ceiling=200000000000 old_side_present=1
CBAP_MIG_REPLAN t=22795000 reason=active_set_shrank flow=48 batch=1 newest_batch=1 cur=4736315196 target=6793333333 ceiling=200000000000 old_side_present=1
CBAP_MIG_REPLAN t=22795000 reason=active_set_shrank flow=50 batch=1 newest_batch=1 cur=4732086864 target=6793333333 ceiling=200000000000 old_side_present=1
CBAP_MIG_REPLAN t=22795000 reason=active_set_shrank flow=57 batch=1 newest_batch=1 cur=4735792344 target=6793333333 ceiling=200000000000 old_side_present=1
CBAP_MIG_REPLAN t=22795000 reason=active_set_shrank flow=59 batch=1 newest_batch=1 cur=4735731150 target=6793333333 ceiling=200000000000 old_side_present=1
CBAP_MIG_REPLAN t=22795000 reason=active_set_shrank flow=60 batch=1 newest_batch=1 cur=4733687266 target=6793333333 ceiling=200000000000 old_side_present=1
CBAP_MIG_REPLAN t=22795000 reason=active_set_shrank flow=61 batch=1 newest_batch=1 cur=4740439918 target=6793333333 ceiling=200000000000 old_side_present=1
CBAP_MIG_REPLAN t=22795000 reason=active_set_shrank flow=63 batch=1 newest_batch=1 cur=4738232320 target=6793333333 ceiling=200000000000 old_side_present=1
CBAP_MIG t=22795000 epoch=4559 flow=0 side=old cur=2000000000 next=2000000000 tgt=2000000000 f=0.405 u=0 breach=0 end=converged
CBAP_MIG t=22795000 epoch=4559 flow=1 side=new cur=4739963974 next=5571578564 tgt=6793333333 f=0.405 u=0 breach=3 end=
CBAP_MIG t=22795000 epoch=4559 flow=4 side=new cur=4735111420 next=5568691294 tgt=6793333333 f=0.405 u=0 breach=3 end=
CBAP_MIG t=22795000 epoch=4559 flow=5 side=new cur=4740311468 next=5571785323 tgt=6793333333 f=0.405 u=0 breach=3 end=
CBAP_MIG t=22795000 epoch=4559 flow=7 side=new cur=4739302612 next=5571185054 tgt=6793333333 f=0.405 u=0 breach=3 end=
CBAP_MIG t=22795000 epoch=4559 flow=8 side=new cur=4737934671 next=5570371129 tgt=6793333333 f=0.405 u=0 breach=3 end=
CBAP_MIG t=22795000 epoch=4559 flow=10 side=new cur=4733216073 next=5567563563 tgt=6793333333 f=0.405 u=0 breach=3 end=
CBAP_MIG t=22795000 epoch=4559 flow=11 side=new cur=4739650911 next=5571392291 tgt=6793333333 f=0.405 u=0 breach=3 end=
CBAP_MIG t=22795000 epoch=4559 flow=12 side=new cur=4735111420 next=5568691294 tgt=6793333333 f=0.405 u=0 breach=3 end=
CBAP_MIG t=22795000 epoch=4559 flow=13 side=new cur=4740439918 next=5571861751 tgt=6793333333 f=0.405 u=0 breach=3 end=
CBAP_MIG t=22795000 epoch=4559 flow=14 side=new cur=4736876778 next=5569741682 tgt=6793333333 f=0.405 u=0 breach=3 end=
CBAP_MIG t=22795000 epoch=4559 flow=15 side=new cur=4738232320 next=5570548230 tgt=6793333333 f=0.405 u=0 breach=3 end=
CBAP_MIG t=22795000 epoch=4559 flow=17 side=new cur=4735731150 next=5569060034 tgt=6793333333 f=0.405 u=0 breach=3 end=
CBAP_MIG t=22795000 epoch=4559 flow=24 side=new cur=4740749993 next=5572046245 tgt=6793333333 f=0.405 u=0 breach=3 end=
CBAP_MIG t=22795000 epoch=4559 flow=25 side=new cur=4732634698 next=5567217645 tgt=6793333333 f=0.405 u=0 breach=3 end=
CBAP_MIG t=22795000 epoch=4559 flow=27 side=new cur=4741749688 next=5572641064 tgt=6793333333 f=0.405 u=0 breach=3 end=
CBAP_MIG t=22795000 epoch=4559 flow=30 side=new cur=4735111420 next=5568691294 tgt=6793333333 f=0.405 u=0 breach=3 end=
CBAP_MIG t=22795000 epoch=4559 flow=35 side=new cur=4734664930 next=5568425633 tgt=6793333333 f=0.405 u=0 breach=3 end=
CBAP_MIG t=22795000 epoch=4559 flow=37 side=new cur=4739422199 next=5571256208 tgt=6793333333 f=0.405 u=0 breach=3 end=
CBAP_MIG t=22795000 epoch=4559 flow=40 side=new cur=4740439918 next=5571861751 tgt=6793333333 f=0.405 u=0 breach=3 end=
CBAP_MIG t=22795000 epoch=4559 flow=43 side=new cur=4735705330 next=5569044671 tgt=6793333333 f=0.405 u=0 breach=3 end=
CBAP_MIG t=22795000 epoch=4559 flow=44 side=new cur=4735705330 next=5569044671 tgt=6793333333 f=0.405 u=0 breach=3 end=
CBAP_MIG t=22795000 epoch=4559 flow=45 side=new cur=4741196625 next=5572311991 tgt=6793333333 f=0.405 u=0 breach=3 end=
CBAP_MIG t=22795000 epoch=4559 flow=47 side=new cur=4739650911 next=5571392291 tgt=6793333333 f=0.405 u=0 breach=3 end=
CBAP_MIG t=22795000 epoch=4559 flow=48 side=new cur=4736315196 next=5569407541 tgt=6793333333 f=0.405 u=0 breach=3 end=
CBAP_MIG t=22795000 epoch=4559 flow=50 side=new cur=4732086864 next=5566891683 tgt=6793333333 f=0.405 u=0 breach=3 end=
CBAP_MIG t=22795000 epoch=4559 flow=57 side=new cur=4735792344 next=5569096444 tgt=6793333333 f=0.405 u=0 breach=3 end=
CBAP_MIG t=22795000 epoch=4559 flow=59 side=new cur=4735731150 next=5569060034 tgt=6793333333 f=0.405 u=0 breach=3 end=
CBAP_MIG t=22795000 epoch=4559 flow=60 side=new cur=4733687266 next=5567843923 tgt=6793333333 f=0.405 u=0 breach=3 end=
CBAP_MIG t=22795000 epoch=4559 flow=61 side=new cur=4740439918 next=5571861751 tgt=6793333333 f=0.405 u=0 breach=3 end=
CBAP_MIG t=22795000 epoch=4559 flow=63 side=new cur=4738232320 next=5570548230 tgt=6793333333 f=0.405 u=0 breach=3 end=
CBAP_MIG_REPLAN t=22800000 reason=active_set_shrank flow=0 batch=0 newest_batch=1 cur=2000000000 target=2000000000 ceiling=160000000000 old_side_present=1
CBAP_MIG_REPLAN t=22800000 reason=active_set_shrank flow=1 batch=1 newest_batch=1 cur=5571578564 target=6889655172 ceiling=200000000000 old_side_present=1
CBAP_MIG_REPLAN t=22800000 reason=active_set_shrank flow=4 batch=1 newest_batch=1 cur=5568691294 target=6889655172 ceiling=200000000000 old_side_present=1
CBAP_MIG_REPLAN t=22800000 reason=active_set_shrank flow=5 batch=1 newest_batch=1 cur=5571785323 target=6889655172 ceiling=200000000000 old_side_present=1
CBAP_MIG_REPLAN t=22800000 reason=active_set_shrank flow=8 batch=1 newest_batch=1 cur=5570371129 target=6889655172 ceiling=200000000000 old_side_present=1
CBAP_MIG_REPLAN t=22800000 reason=active_set_shrank flow=10 batch=1 newest_batch=1 cur=5567563563 target=6889655172 ceiling=200000000000 old_side_present=1
CBAP_MIG_REPLAN t=22800000 reason=active_set_shrank flow=11 batch=1 newest_batch=1 cur=5571392291 target=6889655172 ceiling=200000000000 old_side_present=1
CBAP_MIG_REPLAN t=22800000 reason=active_set_shrank flow=12 batch=1 newest_batch=1 cur=5568691294 target=6889655172 ceiling=200000000000 old_side_present=1
CBAP_MIG_REPLAN t=22800000 reason=active_set_shrank flow=13 batch=1 newest_batch=1 cur=5571861751 target=6889655172 ceiling=200000000000 old_side_present=1
CBAP_MIG_REPLAN t=22800000 reason=active_set_shrank flow=14 batch=1 newest_batch=1 cur=5569741682 target=6889655172 ceiling=200000000000 old_side_present=1
CBAP_MIG_REPLAN t=22800000 reason=active_set_shrank flow=15 batch=1 newest_batch=1 cur=5570548230 target=6889655172 ceiling=200000000000 old_side_present=1
CBAP_MIG_REPLAN t=22800000 reason=active_set_shrank flow=17 batch=1 newest_batch=1 cur=5569060034 target=6889655172 ceiling=200000000000 old_side_present=1
CBAP_MIG_REPLAN t=22800000 reason=active_set_shrank flow=24 batch=1 newest_batch=1 cur=5572046245 target=6889655172 ceiling=200000000000 old_side_present=1
CBAP_MIG_REPLAN t=22800000 reason=active_set_shrank flow=25 batch=1 newest_batch=1 cur=5567217645 target=6889655172 ceiling=200000000000 old_side_present=1
CBAP_MIG_REPLAN t=22800000 reason=active_set_shrank flow=27 batch=1 newest_batch=1 cur=5572641064 target=6889655172 ceiling=200000000000 old_side_present=1
CBAP_MIG_REPLAN t=22800000 reason=active_set_shrank flow=30 batch=1 newest_batch=1 cur=5568691294 target=6889655172 ceiling=200000000000 old_side_present=1
CBAP_MIG_REPLAN t=22800000 reason=active_set_shrank flow=35 batch=1 newest_batch=1 cur=5568425633 target=6889655172 ceiling=200000000000 old_side_present=1
CBAP_MIG_REPLAN t=22800000 reason=active_set_shrank flow=37 batch=1 newest_batch=1 cur=5571256208 target=6889655172 ceiling=200000000000 old_side_present=1
CBAP_MIG_REPLAN t=22800000 reason=active_set_shrank flow=40 batch=1 newest_batch=1 cur=5571861751 target=6889655172 ceiling=200000000000 old_side_present=1
CBAP_MIG_REPLAN t=22800000 reason=active_set_shrank flow=43 batch=1 newest_batch=1 cur=5569044671 target=6889655172 ceiling=200000000000 old_side_present=1
CBAP_MIG_REPLAN t=22800000 reason=active_set_shrank flow=44 batch=1 newest_batch=1 cur=5569044671 target=6889655172 ceiling=200000000000 old_side_present=1
CBAP_MIG_REPLAN t=22800000 reason=active_set_shrank flow=45 batch=1 newest_batch=1 cur=5572311991 target=6889655172 ceiling=200000000000 old_side_present=1
CBAP_MIG_REPLAN t=22800000 reason=active_set_shrank flow=47 batch=1 newest_batch=1 cur=5571392291 target=6889655172 ceiling=200000000000 old_side_present=1
CBAP_MIG_REPLAN t=22800000 reason=active_set_shrank flow=48 batch=1 newest_batch=1 cur=5569407541 target=6889655172 ceiling=200000000000 old_side_present=1
CBAP_MIG_REPLAN t=22800000 reason=active_set_shrank flow=50 batch=1 newest_batch=1 cur=5566891683 target=6889655172 ceiling=200000000000 old_side_present=1
CBAP_MIG_REPLAN t=22800000 reason=active_set_shrank flow=57 batch=1 newest_batch=1 cur=5569096444 target=6889655172 ceiling=200000000000 old_side_present=1
CBAP_MIG_REPLAN t=22800000 reason=active_set_shrank flow=59 batch=1 newest_batch=1 cur=5569060034 target=6889655172 ceiling=200000000000 old_side_present=1
CBAP_MIG_REPLAN t=22800000 reason=active_set_shrank flow=60 batch=1 newest_batch=1 cur=5567843923 target=6889655172 ceiling=200000000000 old_side_present=1
CBAP_MIG_REPLAN t=22800000 reason=active_set_shrank flow=61 batch=1 newest_batch=1 cur=5571861751 target=6889655172 ceiling=200000000000 old_side_present=1
CBAP_MIG_REPLAN t=22800000 reason=active_set_shrank flow=63 batch=1 newest_batch=1 cur=5570548230 target=6889655172 ceiling=200000000000 old_side_present=1
CBAP_MIG t=22800000 epoch=4560 flow=0 side=old cur=2000000000 next=2000000000 tgt=2000000000 f=0.405 u=0 breach=0 end=converged
CBAP_MIG t=22800000 epoch=4560 flow=1 side=new cur=5571578564 next=6105399590 tgt=6889655172 f=0.405 u=0 breach=3 end=
CBAP_MIG t=22800000 epoch=4560 flow=4 side=new cur=5568691294 next=6103681664 tgt=6889655172 f=0.405 u=0 breach=3 end=
CBAP_MIG t=22800000 epoch=4560 flow=5 side=new cur=5571785323 next=6105522611 tgt=6889655172 f=0.405 u=0 breach=3 end=
CBAP_MIG t=22800000 epoch=4560 flow=8 side=new cur=5570371129 next=6104681166 tgt=6889655172 f=0.405 u=0 breach=3 end=
CBAP_MIG t=22800000 epoch=4560 flow=10 side=new cur=5567563563 next=6103010664 tgt=6889655172 f=0.405 u=0 breach=3 end=
CBAP_MIG t=22800000 epoch=4560 flow=11 side=new cur=5571392291 next=6105288757 tgt=6889655172 f=0.405 u=0 breach=3 end=
CBAP_MIG t=22800000 epoch=4560 flow=12 side=new cur=5568691294 next=6103681664 tgt=6889655172 f=0.405 u=0 breach=3 end=
CBAP_MIG t=22800000 epoch=4560 flow=13 side=new cur=5571861751 next=6105568086 tgt=6889655172 f=0.405 u=0 breach=3 end=
CBAP_MIG t=22800000 epoch=4560 flow=14 side=new cur=5569741682 next=6104306645 tgt=6889655172 f=0.405 u=0 breach=3 end=
CBAP_MIG t=22800000 epoch=4560 flow=15 side=new cur=5570548230 next=6104786541 tgt=6889655172 f=0.405 u=0 breach=3 end=
CBAP_MIG t=22800000 epoch=4560 flow=17 side=new cur=5569060034 next=6103901064 tgt=6889655172 f=0.405 u=0 breach=3 end=
CBAP_MIG t=22800000 epoch=4560 flow=24 side=new cur=5572046245 next=6105677860 tgt=6889655172 f=0.405 u=0 breach=3 end=
CBAP_MIG t=22800000 epoch=4560 flow=25 side=new cur=5567217645 next=6102804843 tgt=6889655172 f=0.405 u=0 breach=3 end=
CBAP_MIG t=22800000 epoch=4560 flow=27 side=new cur=5572641064 next=6106031777 tgt=6889655172 f=0.405 u=0 breach=3 end=
CBAP_MIG t=22800000 epoch=4560 flow=30 side=new cur=5568691294 next=6103681664 tgt=6889655172 f=0.405 u=0 breach=3 end=
CBAP_MIG t=22800000 epoch=4560 flow=35 side=new cur=5568425633 next=6103523596 tgt=6889655172 f=0.405 u=0 breach=3 end=
CBAP_MIG t=22800000 epoch=4560 flow=37 side=new cur=5571256208 next=6105207788 tgt=6889655172 f=0.405 u=0 breach=3 end=
CBAP_MIG t=22800000 epoch=4560 flow=40 side=new cur=5571861751 next=6105568086 tgt=6889655172 f=0.405 u=0 breach=3 end=
CBAP_MIG t=22800000 epoch=4560 flow=43 side=new cur=5569044671 next=6103891923 tgt=6889655172 f=0.405 u=0 breach=3 end=
CBAP_MIG t=22800000 epoch=4560 flow=44 side=new cur=5569044671 next=6103891923 tgt=6889655172 f=0.405 u=0 breach=3 end=
CBAP_MIG t=22800000 epoch=4560 flow=45 side=new cur=5572311991 next=6105835979 tgt=6889655172 f=0.405 u=0 breach=3 end=
CBAP_MIG t=22800000 epoch=4560 flow=47 side=new cur=5571392291 next=6105288757 tgt=6889655172 f=0.405 u=0 breach=3 end=
CBAP_MIG t=22800000 epoch=4560 flow=48 side=new cur=5569407541 next=6104107831 tgt=6889655172 f=0.405 u=0 breach=3 end=
CBAP_MIG t=22800000 epoch=4560 flow=50 side=new cur=5566891683 next=6102610896 tgt=6889655172 f=0.405 u=0 breach=3 end=
CBAP_MIG t=22800000 epoch=4560 flow=57 side=new cur=5569096444 next=6103922728 tgt=6889655172 f=0.405 u=0 breach=3 end=
CBAP_MIG t=22800000 epoch=4560 flow=59 side=new cur=5569060034 next=6103901064 tgt=6889655172 f=0.405 u=0 breach=3 end=
CBAP_MIG t=22800000 epoch=4560 flow=60 side=new cur=5567843923 next=6103177478 tgt=6889655172 f=0.405 u=0 breach=3 end=
CBAP_MIG t=22800000 epoch=4560 flow=61 side=new cur=5571861751 next=6105568086 tgt=6889655172 f=0.405 u=0 breach=3 end=
CBAP_MIG t=22800000 epoch=4560 flow=63 side=new cur=5570548230 next=6104786541 tgt=6889655172 f=0.405 u=0 breach=3 end=
CBAP_MIG_REPLAN t=22805000 reason=active_set_shrank flow=0 batch=0 newest_batch=1 cur=2000000000 target=2000000000 ceiling=160000000000 old_side_present=1
CBAP_MIG_REPLAN t=22805000 reason=active_set_shrank flow=1 batch=1 newest_batch=1 cur=6105399590 target=7400000000 ceiling=200000000000 old_side_present=1
CBAP_MIG_REPLAN t=22805000 reason=active_set_shrank flow=4 batch=1 newest_batch=1 cur=6103681664 target=7400000000 ceiling=200000000000 old_side_present=1
CBAP_MIG_REPLAN t=22805000 reason=active_set_shrank flow=5 batch=1 newest_batch=1 cur=6105522611 target=7400000000 ceiling=200000000000 old_side_present=1
CBAP_MIG_REPLAN t=22805000 reason=active_set_shrank flow=10 batch=1 newest_batch=1 cur=6103010664 target=7400000000 ceiling=200000000000 old_side_present=1
CBAP_MIG_REPLAN t=22805000 reason=active_set_shrank flow=11 batch=1 newest_batch=1 cur=6105288757 target=7400000000 ceiling=200000000000 old_side_present=1
CBAP_MIG_REPLAN t=22805000 reason=active_set_shrank flow=12 batch=1 newest_batch=1 cur=6103681664 target=7400000000 ceiling=200000000000 old_side_present=1
CBAP_MIG_REPLAN t=22805000 reason=active_set_shrank flow=13 batch=1 newest_batch=1 cur=6105568086 target=7400000000 ceiling=200000000000 old_side_present=1
CBAP_MIG_REPLAN t=22805000 reason=active_set_shrank flow=14 batch=1 newest_batch=1 cur=6104306645 target=7400000000 ceiling=200000000000 old_side_present=1
CBAP_MIG_REPLAN t=22805000 reason=active_set_shrank flow=15 batch=1 newest_batch=1 cur=6104786541 target=7400000000 ceiling=200000000000 old_side_present=1
CBAP_MIG_REPLAN t=22805000 reason=active_set_shrank flow=17 batch=1 newest_batch=1 cur=6103901064 target=7400000000 ceiling=200000000000 old_side_present=1
CBAP_MIG_REPLAN t=22805000 reason=active_set_shrank flow=24 batch=1 newest_batch=1 cur=6105677860 target=7400000000 ceiling=200000000000 old_side_present=1
CBAP_MIG_REPLAN t=22805000 reason=active_set_shrank flow=25 batch=1 newest_batch=1 cur=6102804843 target=7400000000 ceiling=200000000000 old_side_present=1
CBAP_MIG_REPLAN t=22805000 reason=active_set_shrank flow=27 batch=1 newest_batch=1 cur=6106031777 target=7400000000 ceiling=200000000000 old_side_present=1
CBAP_MIG_REPLAN t=22805000 reason=active_set_shrank flow=30 batch=1 newest_batch=1 cur=6103681664 target=7400000000 ceiling=200000000000 old_side_present=1
CBAP_MIG_REPLAN t=22805000 reason=active_set_shrank flow=37 batch=1 newest_batch=1 cur=6105207788 target=7400000000 ceiling=200000000000 old_side_present=1
CBAP_MIG_REPLAN t=22805000 reason=active_set_shrank flow=40 batch=1 newest_batch=1 cur=6105568086 target=7400000000 ceiling=200000000000 old_side_present=1
CBAP_MIG_REPLAN t=22805000 reason=active_set_shrank flow=43 batch=1 newest_batch=1 cur=6103891923 target=7400000000 ceiling=200000000000 old_side_present=1
CBAP_MIG_REPLAN t=22805000 reason=active_set_shrank flow=44 batch=1 newest_batch=1 cur=6103891923 target=7400000000 ceiling=200000000000 old_side_present=1
CBAP_MIG_REPLAN t=22805000 reason=active_set_shrank flow=45 batch=1 newest_batch=1 cur=6105835979 target=7400000000 ceiling=200000000000 old_side_present=1
CBAP_MIG_REPLAN t=22805000 reason=active_set_shrank flow=47 batch=1 newest_batch=1 cur=6105288757 target=7400000000 ceiling=200000000000 old_side_present=1
CBAP_MIG_REPLAN t=22805000 reason=active_set_shrank flow=48 batch=1 newest_batch=1 cur=6104107831 target=7400000000 ceiling=200000000000 old_side_present=1
CBAP_MIG_REPLAN t=22805000 reason=active_set_shrank flow=50 batch=1 newest_batch=1 cur=6102610896 target=7400000000 ceiling=200000000000 old_side_present=1
CBAP_MIG_REPLAN t=22805000 reason=active_set_shrank flow=57 batch=1 newest_batch=1 cur=6103922728 target=7400000000 ceiling=200000000000 old_side_present=1
CBAP_MIG_REPLAN t=22805000 reason=active_set_shrank flow=59 batch=1 newest_batch=1 cur=6103901064 target=7400000000 ceiling=200000000000 old_side_present=1
CBAP_MIG_REPLAN t=22805000 reason=active_set_shrank flow=60 batch=1 newest_batch=1 cur=6103177478 target=7400000000 ceiling=200000000000 old_side_present=1
CBAP_MIG_REPLAN t=22805000 reason=active_set_shrank flow=61 batch=1 newest_batch=1 cur=6105568086 target=7400000000 ceiling=200000000000 old_side_present=1
CBAP_MIG_REPLAN t=22805000 reason=active_set_shrank flow=63 batch=1 newest_batch=1 cur=6104786541 target=7400000000 ceiling=200000000000 old_side_present=1
CBAP_MIG t=22805000 epoch=4561 flow=0 side=old cur=2000000000 next=2000000000 tgt=2000000000 f=0.405 u=0 breach=0 end=converged
CBAP_MIG t=22805000 epoch=4561 flow=1 side=new cur=6105399590 next=6629712756 tgt=7400000000 f=0.405 u=0 breach=3 end=
CBAP_MIG t=22805000 epoch=4561 flow=4 side=new cur=6103681664 next=6628690590 tgt=7400000000 f=0.405 u=0 breach=3 end=
CBAP_MIG t=22805000 epoch=4561 flow=5 side=new cur=6105522611 next=6629785953 tgt=7400000000 f=0.405 u=0 breach=3 end=
CBAP_MIG t=22805000 epoch=4561 flow=10 side=new cur=6103010664 next=6628291345 tgt=7400000000 f=0.405 u=0 breach=3 end=
CBAP_MIG t=22805000 epoch=4561 flow=11 side=new cur=6105288757 next=6629646810 tgt=7400000000 f=0.405 u=0 breach=3 end=
CBAP_MIG t=22805000 epoch=4561 flow=12 side=new cur=6103681664 next=6628690590 tgt=7400000000 f=0.405 u=0 breach=3 end=
CBAP_MIG t=22805000 epoch=4561 flow=13 side=new cur=6105568086 next=6629813011 tgt=7400000000 f=0.405 u=0 breach=3 end=
CBAP_MIG t=22805000 epoch=4561 flow=14 side=new cur=6104306645 next=6629062453 tgt=7400000000 f=0.405 u=0 breach=3 end=
CBAP_MIG t=22805000 epoch=4561 flow=15 side=new cur=6104786541 next=6629347991 tgt=7400000000 f=0.405 u=0 breach=3 end=
CBAP_MIG t=22805000 epoch=4561 flow=17 side=new cur=6103901064 next=6628821133 tgt=7400000000 f=0.405 u=0 breach=3 end=
CBAP_MIG t=22805000 epoch=4561 flow=24 side=new cur=6105677860 next=6629878326 tgt=7400000000 f=0.405 u=0 breach=3 end=
CBAP_MIG t=22805000 epoch=4561 flow=25 side=new cur=6102804843 next=6628168881 tgt=7400000000 f=0.405 u=0 breach=3 end=
CBAP_MIG t=22805000 epoch=4561 flow=27 side=new cur=6106031777 next=6630088907 tgt=7400000000 f=0.405 u=0 breach=3 end=
CBAP_MIG t=22805000 epoch=4561 flow=30 side=new cur=6103681664 next=6628690590 tgt=7400000000 f=0.405 u=0 breach=3 end=
CBAP_MIG t=22805000 epoch=4561 flow=37 side=new cur=6105207788 next=6629598633 tgt=7400000000 f=0.405 u=0 breach=3 end=
CBAP_MIG t=22805000 epoch=4561 flow=40 side=new cur=6105568086 next=6629813011 tgt=7400000000 f=0.405 u=0 breach=3 end=
CBAP_MIG t=22805000 epoch=4561 flow=43 side=new cur=6103891923 next=6628815694 tgt=7400000000 f=0.405 u=0 breach=3 end=
CBAP_MIG t=22805000 epoch=4561 flow=44 side=new cur=6103891923 next=6628815694 tgt=7400000000 f=0.405 u=0 breach=3 end=
CBAP_MIG t=22805000 epoch=4561 flow=45 side=new cur=6105835979 next=6629972407 tgt=7400000000 f=0.405 u=0 breach=3 end=
CBAP_MIG t=22805000 epoch=4561 flow=47 side=new cur=6105288757 next=6629646810 tgt=7400000000 f=0.405 u=0 breach=3 end=
CBAP_MIG t=22805000 epoch=4561 flow=48 side=new cur=6104107831 next=6628944159 tgt=7400000000 f=0.405 u=0 breach=3 end=
CBAP_MIG t=22805000 epoch=4561 flow=50 side=new cur=6102610896 next=6628053483 tgt=7400000000 f=0.405 u=0 breach=3 end=
CBAP_MIG t=22805000 epoch=4561 flow=57 side=new cur=6103922728 next=6628834023 tgt=7400000000 f=0.405 u=0 breach=3 end=
CBAP_MIG t=22805000 epoch=4561 flow=59 side=new cur=6103901064 next=6628821133 tgt=7400000000 f=0.405 u=0 breach=3 end=
CBAP_MIG t=22805000 epoch=4561 flow=60 side=new cur=6103177478 next=6628390599 tgt=7400000000 f=0.405 u=0 breach=3 end=
CBAP_MIG t=22805000 epoch=4561 flow=61 side=new cur=6105568086 next=6629813011 tgt=7400000000 f=0.405 u=0 breach=3 end=
CBAP_MIG t=22805000 epoch=4561 flow=63 side=new cur=6104786541 next=6629347991 tgt=7400000000 f=0.405 u=0 breach=3 end=
CBAP_MIG t=22810000 epoch=4562 flow=1 side=new cur=6629712756 next=6941679089 tgt=7400000000 f=0.405 u=0 breach=3 end=
CBAP_MIG t=22810000 epoch=4562 flow=4 side=new cur=6628690590 next=6941070901 tgt=7400000000 f=0.405 u=0 breach=3 end=
CBAP_MIG t=22810000 epoch=4562 flow=5 side=new cur=6629785953 next=6941722642 tgt=7400000000 f=0.405 u=0 breach=3 end=
CBAP_MIG t=22810000 epoch=4562 flow=10 side=new cur=6628291345 next=6940833350 tgt=7400000000 f=0.405 u=0 breach=3 end=
CBAP_MIG t=22810000 epoch=4562 flow=11 side=new cur=6629646810 next=6941639851 tgt=7400000000 f=0.405 u=0 breach=3 end=
CBAP_MIG t=22810000 epoch=4562 flow=12 side=new cur=6628690590 next=6941070901 tgt=7400000000 f=0.405 u=0 breach=3 end=
CBAP_MIG t=22810000 epoch=4562 flow=13 side=new cur=6629813011 next=6941738741 tgt=7400000000 f=0.405 u=0 breach=3 end=
CBAP_MIG t=22810000 epoch=4562 flow=14 side=new cur=6629062453 next=6941292159 tgt=7400000000 f=0.405 u=0 breach=3 end=
CBAP_MIG t=22810000 epoch=4562 flow=15 side=new cur=6629347991 next=6941462054 tgt=7400000000 f=0.405 u=0 breach=3 end=
CBAP_MIG t=22810000 epoch=4562 flow=17 side=new cur=6628821133 next=6941148574 tgt=7400000000 f=0.405 u=0 breach=3 end=
CBAP_MIG t=22810000 epoch=4562 flow=24 side=new cur=6629878326 next=6941777603 tgt=7400000000 f=0.405 u=0 breach=3 end=
CBAP_MIG t=22810000 epoch=4562 flow=25 side=new cur=6628168881 next=6940760484 tgt=7400000000 f=0.405 u=0 breach=3 end=
CBAP_MIG t=22810000 epoch=4562 flow=27 side=new cur=6630088907 next=6941902899 tgt=7400000000 f=0.405 u=0 breach=3 end=
CBAP_MIG t=22810000 epoch=4562 flow=30 side=new cur=6628690590 next=6941070901 tgt=7400000000 f=0.405 u=0 breach=3 end=
CBAP_MIG t=22810000 epoch=4562 flow=37 side=new cur=6629598633 next=6941611186 tgt=7400000000 f=0.405 u=0 breach=3 end=
CBAP_MIG t=22810000 epoch=4562 flow=40 side=new cur=6629813011 next=6941738741 tgt=7400000000 f=0.405 u=0 breach=3 end=
CBAP_MIG t=22810000 epoch=4562 flow=43 side=new cur=6628815694 next=6941145337 tgt=7400000000 f=0.405 u=0 breach=3 end=
CBAP_MIG t=22810000 epoch=4562 flow=44 side=new cur=6628815694 next=6941145337 tgt=7400000000 f=0.405 u=0 breach=3 end=
CBAP_MIG t=22810000 epoch=4562 flow=45 side=new cur=6629972407 next=6941833582 tgt=7400000000 f=0.405 u=0 breach=3 end=
CBAP_MIG t=22810000 epoch=4562 flow=47 side=new cur=6629646810 next=6941639851 tgt=7400000000 f=0.405 u=0 breach=3 end=
CBAP_MIG t=22810000 epoch=4562 flow=48 side=new cur=6628944159 next=6941221774 tgt=7400000000 f=0.405 u=0 breach=3 end=
CBAP_MIG t=22810000 epoch=4562 flow=50 side=new cur=6628053483 next=6940691822 tgt=7400000000 f=0.405 u=0 breach=3 end=
CBAP_MIG t=22810000 epoch=4562 flow=57 side=new cur=6628834023 next=6941156243 tgt=7400000000 f=0.405 u=0 breach=3 end=
CBAP_MIG t=22810000 epoch=4562 flow=59 side=new cur=6628821133 next=6941148574 tgt=7400000000 f=0.405 u=0 breach=3 end=
CBAP_MIG t=22810000 epoch=4562 flow=60 side=new cur=6628390599 next=6940892406 tgt=7400000000 f=0.405 u=0 breach=3 end=
CBAP_MIG t=22810000 epoch=4562 flow=61 side=new cur=6629813011 next=6941738741 tgt=7400000000 f=0.405 u=0 breach=3 end=
CBAP_MIG t=22810000 epoch=4562 flow=63 side=new cur=6629347991 next=6941462054 tgt=7400000000 f=0.405 u=0 breach=3 end=
CBAP_MIG_REPLAN t=22815000 reason=active_set_shrank flow=0 batch=0 newest_batch=1 cur=2000000000 target=2000000000 ceiling=160000000000 old_side_present=1
CBAP_MIG_REPLAN t=22815000 reason=active_set_shrank flow=1 batch=1 newest_batch=1 cur=6941679089 target=7684615384 ceiling=200000000000 old_side_present=1
CBAP_MIG_REPLAN t=22815000 reason=active_set_shrank flow=4 batch=1 newest_batch=1 cur=6941070901 target=7684615384 ceiling=200000000000 old_side_present=1
CBAP_MIG_REPLAN t=22815000 reason=active_set_shrank flow=5 batch=1 newest_batch=1 cur=6941722642 target=7684615384 ceiling=200000000000 old_side_present=1
CBAP_MIG_REPLAN t=22815000 reason=active_set_shrank flow=10 batch=1 newest_batch=1 cur=6940833350 target=7684615384 ceiling=200000000000 old_side_present=1
CBAP_MIG_REPLAN t=22815000 reason=active_set_shrank flow=11 batch=1 newest_batch=1 cur=6941639851 target=7684615384 ceiling=200000000000 old_side_present=1
CBAP_MIG_REPLAN t=22815000 reason=active_set_shrank flow=12 batch=1 newest_batch=1 cur=6941070901 target=7684615384 ceiling=200000000000 old_side_present=1
CBAP_MIG_REPLAN t=22815000 reason=active_set_shrank flow=13 batch=1 newest_batch=1 cur=6941738741 target=7684615384 ceiling=200000000000 old_side_present=1
CBAP_MIG_REPLAN t=22815000 reason=active_set_shrank flow=14 batch=1 newest_batch=1 cur=6941292159 target=7684615384 ceiling=200000000000 old_side_present=1
CBAP_MIG_REPLAN t=22815000 reason=active_set_shrank flow=15 batch=1 newest_batch=1 cur=6941462054 target=7684615384 ceiling=200000000000 old_side_present=1
CBAP_MIG_REPLAN t=22815000 reason=active_set_shrank flow=17 batch=1 newest_batch=1 cur=6941148574 target=7684615384 ceiling=200000000000 old_side_present=1
CBAP_MIG_REPLAN t=22815000 reason=active_set_shrank flow=24 batch=1 newest_batch=1 cur=6941777603 target=7684615384 ceiling=200000000000 old_side_present=1
CBAP_MIG_REPLAN t=22815000 reason=active_set_shrank flow=25 batch=1 newest_batch=1 cur=6940760484 target=7684615384 ceiling=200000000000 old_side_present=1
CBAP_MIG_REPLAN t=22815000 reason=active_set_shrank flow=27 batch=1 newest_batch=1 cur=6941902899 target=7684615384 ceiling=200000000000 old_side_present=1
CBAP_MIG_REPLAN t=22815000 reason=active_set_shrank flow=30 batch=1 newest_batch=1 cur=6941070901 target=7684615384 ceiling=200000000000 old_side_present=1
CBAP_MIG_REPLAN t=22815000 reason=active_set_shrank flow=37 batch=1 newest_batch=1 cur=6941611186 target=7684615384 ceiling=200000000000 old_side_present=1
CBAP_MIG_REPLAN t=22815000 reason=active_set_shrank flow=40 batch=1 newest_batch=1 cur=6941738741 target=7684615384 ceiling=200000000000 old_side_present=1
CBAP_MIG_REPLAN t=22815000 reason=active_set_shrank flow=43 batch=1 newest_batch=1 cur=6941145337 target=7684615384 ceiling=200000000000 old_side_present=1
CBAP_MIG_REPLAN t=22815000 reason=active_set_shrank flow=44 batch=1 newest_batch=1 cur=6941145337 target=7684615384 ceiling=200000000000 old_side_present=1
CBAP_MIG_REPLAN t=22815000 reason=active_set_shrank flow=47 batch=1 newest_batch=1 cur=6941639851 target=7684615384 ceiling=200000000000 old_side_present=1
CBAP_MIG_REPLAN t=22815000 reason=active_set_shrank flow=48 batch=1 newest_batch=1 cur=6941221774 target=7684615384 ceiling=200000000000 old_side_present=1
CBAP_MIG_REPLAN t=22815000 reason=active_set_shrank flow=50 batch=1 newest_batch=1 cur=6940691822 target=7684615384 ceiling=200000000000 old_side_present=1
CBAP_MIG_REPLAN t=22815000 reason=active_set_shrank flow=57 batch=1 newest_batch=1 cur=6941156243 target=7684615384 ceiling=200000000000 old_side_present=1
CBAP_MIG_REPLAN t=22815000 reason=active_set_shrank flow=59 batch=1 newest_batch=1 cur=6941148574 target=7684615384 ceiling=200000000000 old_side_present=1
CBAP_MIG_REPLAN t=22815000 reason=active_set_shrank flow=60 batch=1 newest_batch=1 cur=6940892406 target=7684615384 ceiling=200000000000 old_side_present=1
CBAP_MIG_REPLAN t=22815000 reason=active_set_shrank flow=61 batch=1 newest_batch=1 cur=6941738741 target=7684615384 ceiling=200000000000 old_side_present=1
CBAP_MIG_REPLAN t=22815000 reason=active_set_shrank flow=63 batch=1 newest_batch=1 cur=6941462054 target=7684615384 ceiling=200000000000 old_side_present=1
CBAP_MIG t=22815000 epoch=4563 flow=0 side=old cur=2000000000 next=2000000000 tgt=2000000000 f=0.405 u=0 breach=0 end=converged
CBAP_MIG t=22815000 epoch=4563 flow=1 side=new cur=6941679089 next=7242568288 tgt=7684615384 f=0.405 u=0 breach=3 end=
CBAP_MIG t=22815000 epoch=4563 flow=4 side=new cur=6941070901 next=7242206416 tgt=7684615384 f=0.405 u=0 breach=3 end=
CBAP_MIG t=22815000 epoch=4563 flow=5 side=new cur=6941722642 next=7242594202 tgt=7684615384 f=0.405 u=0 breach=3 end=
CBAP_MIG t=22815000 epoch=4563 flow=10 side=new cur=6940833350 next=7242065073 tgt=7684615384 f=0.405 u=0 breach=3 end=
CBAP_MIG t=22815000 epoch=4563 flow=11 side=new cur=6941639851 next=7242544941 tgt=7684615384 f=0.405 u=0 breach=3 end=
CBAP_MIG t=22815000 epoch=4563 flow=12 side=new cur=6941070901 next=7242206416 tgt=7684615384 f=0.405 u=0 breach=3 end=
CBAP_MIG t=22815000 epoch=4563 flow=13 side=new cur=6941738741 next=7242603781 tgt=7684615384 f=0.405 u=0 breach=3 end=
CBAP_MIG t=22815000 epoch=4563 flow=14 side=new cur=6941292159 next=7242338065 tgt=7684615384 f=0.405 u=0 breach=3 end=
CBAP_MIG t=22815000 epoch=4563 flow=15 side=new cur=6941462054 next=7242439152 tgt=7684615384 f=0.405 u=0 breach=3 end=
CBAP_MIG t=22815000 epoch=4563 flow=17 side=new cur=6941148574 next=7242252632 tgt=7684615384 f=0.405 u=0 breach=3 end=
CBAP_MIG t=22815000 epoch=4563 flow=24 side=new cur=6941777603 next=7242626904 tgt=7684615384 f=0.405 u=0 breach=3 end=
CBAP_MIG t=22815000 epoch=4563 flow=25 side=new cur=6940760484 next=7242021718 tgt=7684615384 f=0.405 u=0 breach=3 end=
CBAP_MIG t=22815000 epoch=4563 flow=27 side=new cur=6941902899 next=7242701455 tgt=7684615384 f=0.405 u=0 breach=3 end=
CBAP_MIG t=22815000 epoch=4563 flow=30 side=new cur=6941070901 next=7242206416 tgt=7684615384 f=0.405 u=0 breach=3 end=
CBAP_MIG t=22815000 epoch=4563 flow=37 side=new cur=6941611186 next=7242527886 tgt=7684615384 f=0.405 u=0 breach=3 end=
CBAP_MIG t=22815000 epoch=4563 flow=40 side=new cur=6941738741 next=7242603781 tgt=7684615384 f=0.405 u=0 breach=3 end=
CBAP_MIG t=22815000 epoch=4563 flow=43 side=new cur=6941145337 next=7242250706 tgt=7684615384 f=0.405 u=0 breach=3 end=
CBAP_MIG t=22815000 epoch=4563 flow=44 side=new cur=6941145337 next=7242250706 tgt=7684615384 f=0.405 u=0 breach=3 end=
CBAP_MIG t=22815000 epoch=4563 flow=47 side=new cur=6941639851 next=7242544941 tgt=7684615384 f=0.405 u=0 breach=3 end=
CBAP_MIG t=22815000 epoch=4563 flow=48 side=new cur=6941221774 next=7242296186 tgt=7684615384 f=0.405 u=0 breach=3 end=
CBAP_MIG t=22815000 epoch=4563 flow=50 side=new cur=6940691822 next=7241980864 tgt=7684615384 f=0.405 u=0 breach=3 end=
CBAP_MIG t=22815000 epoch=4563 flow=57 side=new cur=6941156243 next=7242257195 tgt=7684615384 f=0.405 u=0 breach=3 end=
CBAP_MIG t=22815000 epoch=4563 flow=59 side=new cur=6941148574 next=7242252632 tgt=7684615384 f=0.405 u=0 breach=3 end=
CBAP_MIG t=22815000 epoch=4563 flow=60 side=new cur=6940892406 next=7242100212 tgt=7684615384 f=0.405 u=0 breach=3 end=
CBAP_MIG t=22815000 epoch=4563 flow=61 side=new cur=6941738741 next=7242603781 tgt=7684615384 f=0.405 u=0 breach=3 end=
CBAP_MIG t=22815000 epoch=4563 flow=63 side=new cur=6941462054 next=7242439152 tgt=7684615384 f=0.405 u=0 breach=3 end=
CBAP_MIG t=22820000 epoch=4564 flow=1 side=new cur=7242568288 next=7421597361 tgt=7684615384 f=0.405 u=0 breach=3 end=
CBAP_MIG t=22820000 epoch=4564 flow=4 side=new cur=7242206416 next=7421382048 tgt=7684615384 f=0.405 u=0 breach=3 end=
CBAP_MIG t=22820000 epoch=4564 flow=5 side=new cur=7242594202 next=7421612780 tgt=7684615384 f=0.405 u=0 breach=3 end=
CBAP_MIG t=22820000 epoch=4564 flow=10 side=new cur=7242065073 next=7421297948 tgt=7684615384 f=0.405 u=0 breach=3 end=
CBAP_MIG t=22820000 epoch=4564 flow=11 side=new cur=7242544941 next=7421583470 tgt=7684615384 f=0.405 u=0 breach=3 end=
CBAP_MIG t=22820000 epoch=4564 flow=12 side=new cur=7242206416 next=7421382048 tgt=7684615384 f=0.405 u=0 breach=3 end=
CBAP_MIG t=22820000 epoch=4564 flow=13 side=new cur=7242603781 next=7421618480 tgt=7684615384 f=0.405 u=0 breach=3 end=
CBAP_MIG t=22820000 epoch=4564 flow=14 side=new cur=7242338065 next=7421460379 tgt=7684615384 f=0.405 u=0 breach=3 end=
CBAP_MIG t=22820000 epoch=4564 flow=15 side=new cur=7242439152 next=7421520525 tgt=7684615384 f=0.405 u=0 breach=3 end=
CBAP_MIG t=22820000 epoch=4564 flow=17 side=new cur=7242252632 next=7421409546 tgt=7684615384 f=0.405 u=0 breach=3 end=
CBAP_MIG t=22820000 epoch=4564 flow=24 side=new cur=7242626904 next=7421632238 tgt=7684615384 f=0.405 u=0 breach=3 end=
CBAP_MIG t=22820000 epoch=4564 flow=25 side=new cur=7242021718 next=7421272152 tgt=7684615384 f=0.405 u=0 breach=3 end=
CBAP_MIG t=22820000 epoch=4564 flow=27 side=new cur=7242701455 next=7421676596 tgt=7684615384 f=0.405 u=0 breach=3 end=
CBAP_MIG t=22820000 epoch=4564 flow=30 side=new cur=7242206416 next=7421382048 tgt=7684615384 f=0.405 u=0 breach=3 end=
CBAP_MIG t=22820000 epoch=4564 flow=37 side=new cur=7242527886 next=7421573322 tgt=7684615384 f=0.405 u=0 breach=3 end=
CBAP_MIG t=22820000 epoch=4564 flow=40 side=new cur=7242603781 next=7421618480 tgt=7684615384 f=0.405 u=0 breach=3 end=
CBAP_MIG t=22820000 epoch=4564 flow=43 side=new cur=7242250706 next=7421408400 tgt=7684615384 f=0.405 u=0 breach=3 end=
CBAP_MIG t=22820000 epoch=4564 flow=44 side=new cur=7242250706 next=7421408400 tgt=7684615384 f=0.405 u=0 breach=3 end=
CBAP_MIG t=22820000 epoch=4564 flow=47 side=new cur=7242544941 next=7421583470 tgt=7684615384 f=0.405 u=0 breach=3 end=
CBAP_MIG t=22820000 epoch=4564 flow=48 side=new cur=7242296186 next=7421435461 tgt=7684615384 f=0.405 u=0 breach=3 end=
CBAP_MIG t=22820000 epoch=4564 flow=50 side=new cur=7241980864 next=7421247844 tgt=7684615384 f=0.405 u=0 breach=3 end=
CBAP_MIG t=22820000 epoch=4564 flow=57 side=new cur=7242257195 next=7421412261 tgt=7684615384 f=0.405 u=0 breach=3 end=
CBAP_MIG t=22820000 epoch=4564 flow=59 side=new cur=7242252632 next=7421409546 tgt=7684615384 f=0.405 u=0 breach=3 end=
CBAP_MIG t=22820000 epoch=4564 flow=60 side=new cur=7242100212 next=7421318856 tgt=7684615384 f=0.405 u=0 breach=3 end=
CBAP_MIG t=22820000 epoch=4564 flow=61 side=new cur=7242603781 next=7421618480 tgt=7684615384 f=0.405 u=0 breach=3 end=
CBAP_MIG t=22820000 epoch=4564 flow=63 side=new cur=7242439152 next=7421520525 tgt=7684615384 f=0.405 u=0 breach=3 end=
CBAP_MIG_REPLAN t=22825000 reason=active_set_shrank flow=0 batch=0 newest_batch=1 cur=2000000000 target=2000000000 ceiling=160000000000 old_side_present=1
CBAP_MIG_REPLAN t=22825000 reason=active_set_shrank flow=1 batch=1 newest_batch=1 cur=7421597361 target=7992000000 ceiling=200000000000 old_side_present=1
CBAP_MIG_REPLAN t=22825000 reason=active_set_shrank flow=4 batch=1 newest_batch=1 cur=7421382048 target=7992000000 ceiling=200000000000 old_side_present=1
CBAP_MIG_REPLAN t=22825000 reason=active_set_shrank flow=5 batch=1 newest_batch=1 cur=7421612780 target=7992000000 ceiling=200000000000 old_side_present=1
CBAP_MIG_REPLAN t=22825000 reason=active_set_shrank flow=10 batch=1 newest_batch=1 cur=7421297948 target=7992000000 ceiling=200000000000 old_side_present=1
CBAP_MIG_REPLAN t=22825000 reason=active_set_shrank flow=11 batch=1 newest_batch=1 cur=7421583470 target=7992000000 ceiling=200000000000 old_side_present=1
CBAP_MIG_REPLAN t=22825000 reason=active_set_shrank flow=12 batch=1 newest_batch=1 cur=7421382048 target=7992000000 ceiling=200000000000 old_side_present=1
CBAP_MIG_REPLAN t=22825000 reason=active_set_shrank flow=13 batch=1 newest_batch=1 cur=7421618480 target=7992000000 ceiling=200000000000 old_side_present=1
CBAP_MIG_REPLAN t=22825000 reason=active_set_shrank flow=14 batch=1 newest_batch=1 cur=7421460379 target=7992000000 ceiling=200000000000 old_side_present=1
CBAP_MIG_REPLAN t=22825000 reason=active_set_shrank flow=15 batch=1 newest_batch=1 cur=7421520525 target=7992000000 ceiling=200000000000 old_side_present=1
CBAP_MIG_REPLAN t=22825000 reason=active_set_shrank flow=24 batch=1 newest_batch=1 cur=7421632238 target=7992000000 ceiling=200000000000 old_side_present=1
CBAP_MIG_REPLAN t=22825000 reason=active_set_shrank flow=25 batch=1 newest_batch=1 cur=7421272152 target=7992000000 ceiling=200000000000 old_side_present=1
CBAP_MIG_REPLAN t=22825000 reason=active_set_shrank flow=27 batch=1 newest_batch=1 cur=7421676596 target=7992000000 ceiling=200000000000 old_side_present=1
CBAP_MIG_REPLAN t=22825000 reason=active_set_shrank flow=30 batch=1 newest_batch=1 cur=7421382048 target=7992000000 ceiling=200000000000 old_side_present=1
CBAP_MIG_REPLAN t=22825000 reason=active_set_shrank flow=37 batch=1 newest_batch=1 cur=7421573322 target=7992000000 ceiling=200000000000 old_side_present=1
CBAP_MIG_REPLAN t=22825000 reason=active_set_shrank flow=40 batch=1 newest_batch=1 cur=7421618480 target=7992000000 ceiling=200000000000 old_side_present=1
CBAP_MIG_REPLAN t=22825000 reason=active_set_shrank flow=43 batch=1 newest_batch=1 cur=7421408400 target=7992000000 ceiling=200000000000 old_side_present=1
CBAP_MIG_REPLAN t=22825000 reason=active_set_shrank flow=44 batch=1 newest_batch=1 cur=7421408400 target=7992000000 ceiling=200000000000 old_side_present=1
CBAP_MIG_REPLAN t=22825000 reason=active_set_shrank flow=47 batch=1 newest_batch=1 cur=7421583470 target=7992000000 ceiling=200000000000 old_side_present=1
CBAP_MIG_REPLAN t=22825000 reason=active_set_shrank flow=48 batch=1 newest_batch=1 cur=7421435461 target=7992000000 ceiling=200000000000 old_side_present=1
CBAP_MIG_REPLAN t=22825000 reason=active_set_shrank flow=50 batch=1 newest_batch=1 cur=7421247844 target=7992000000 ceiling=200000000000 old_side_present=1
CBAP_MIG_REPLAN t=22825000 reason=active_set_shrank flow=57 batch=1 newest_batch=1 cur=7421412261 target=7992000000 ceiling=200000000000 old_side_present=1
CBAP_MIG_REPLAN t=22825000 reason=active_set_shrank flow=59 batch=1 newest_batch=1 cur=7421409546 target=7992000000 ceiling=200000000000 old_side_present=1
CBAP_MIG_REPLAN t=22825000 reason=active_set_shrank flow=60 batch=1 newest_batch=1 cur=7421318856 target=7992000000 ceiling=200000000000 old_side_present=1
CBAP_MIG_REPLAN t=22825000 reason=active_set_shrank flow=61 batch=1 newest_batch=1 cur=7421618480 target=7992000000 ceiling=200000000000 old_side_present=1
CBAP_MIG_REPLAN t=22825000 reason=active_set_shrank flow=63 batch=1 newest_batch=1 cur=7421520525 target=7992000000 ceiling=200000000000 old_side_present=1
CBAP_MIG t=22825000 epoch=4565 flow=0 side=old cur=2000000000 next=2000000000 tgt=2000000000 f=0.405 u=0 breach=0 end=converged
CBAP_MIG t=22825000 epoch=4565 flow=1 side=new cur=7421597361 next=7652610429 tgt=7992000000 f=0.405 u=0 breach=3 end=
CBAP_MIG t=22825000 epoch=4565 flow=4 side=new cur=7421382048 next=7652482318 tgt=7992000000 f=0.405 u=0 breach=3 end=
CBAP_MIG t=22825000 epoch=4565 flow=5 side=new cur=7421612780 next=7652619604 tgt=7992000000 f=0.405 u=0 breach=3 end=
CBAP_MIG t=22825000 epoch=4565 flow=10 side=new cur=7421297948 next=7652432279 tgt=7992000000 f=0.405 u=0 breach=3 end=
CBAP_MIG t=22825000 epoch=4565 flow=11 side=new cur=7421583470 next=7652602164 tgt=7992000000 f=0.405 u=0 breach=3 end=
CBAP_MIG t=22825000 epoch=4565 flow=12 side=new cur=7421382048 next=7652482318 tgt=7992000000 f=0.405 u=0 breach=3 end=
CBAP_MIG t=22825000 epoch=4565 flow=13 side=new cur=7421618480 next=7652622995 tgt=7992000000 f=0.405 u=0 breach=3 end=
CBAP_MIG t=22825000 epoch=4565 flow=14 side=new cur=7421460379 next=7652528925 tgt=7992000000 f=0.405 u=0 breach=3 end=
CBAP_MIG t=22825000 epoch=4565 flow=15 side=new cur=7421520525 next=7652564712 tgt=7992000000 f=0.405 u=0 breach=3 end=
CBAP_MIG t=22825000 epoch=4565 flow=24 side=new cur=7421632238 next=7652631181 tgt=7992000000 f=0.405 u=0 breach=3 end=
CBAP_MIG t=22825000 epoch=4565 flow=25 side=new cur=7421272152 next=7652416930 tgt=7992000000 f=0.405 u=0 breach=3 end=
CBAP_MIG t=22825000 epoch=4565 flow=27 side=new cur=7421676596 next=7652657574 tgt=7992000000 f=0.405 u=0 breach=3 end=
CBAP_MIG t=22825000 epoch=4565 flow=30 side=new cur=7421382048 next=7652482318 tgt=7992000000 f=0.405 u=0 breach=3 end=
CBAP_MIG t=22825000 epoch=4565 flow=37 side=new cur=7421573322 next=7652596126 tgt=7992000000 f=0.405 u=0 breach=3 end=
CBAP_MIG t=22825000 epoch=4565 flow=40 side=new cur=7421618480 next=7652622995 tgt=7992000000 f=0.405 u=0 breach=3 end=
CBAP_MIG t=22825000 epoch=4565 flow=43 side=new cur=7421408400 next=7652497997 tgt=7992000000 f=0.405 u=0 breach=3 end=
CBAP_MIG t=22825000 epoch=4565 flow=44 side=new cur=7421408400 next=7652497997 tgt=7992000000 f=0.405 u=0 breach=3 end=
CBAP_MIG t=22825000 epoch=4565 flow=47 side=new cur=7421583470 next=7652602164 tgt=7992000000 f=0.405 u=0 breach=3 end=
CBAP_MIG t=22825000 epoch=4565 flow=48 side=new cur=7421435461 next=7652514099 tgt=7992000000 f=0.405 u=0 breach=3 end=
CBAP_MIG t=22825000 epoch=4565 flow=50 side=new cur=7421247844 next=7652402467 tgt=7992000000 f=0.405 u=0 breach=3 end=
CBAP_MIG t=22825000 epoch=4565 flow=57 side=new cur=7421412261 next=7652500295 tgt=7992000000 f=0.405 u=0 breach=3 end=
CBAP_MIG t=22825000 epoch=4565 flow=59 side=new cur=7421409546 next=7652498679 tgt=7992000000 f=0.405 u=0 breach=3 end=
CBAP_MIG t=22825000 epoch=4565 flow=60 side=new cur=7421318856 next=7652444719 tgt=7992000000 f=0.405 u=0 breach=3 end=
CBAP_MIG t=22825000 epoch=4565 flow=61 side=new cur=7421618480 next=7652622995 tgt=7992000000 f=0.405 u=0 breach=3 end=
CBAP_MIG t=22825000 epoch=4565 flow=63 side=new cur=7421520525 next=7652564712 tgt=7992000000 f=0.405 u=0 breach=3 end=
CBAP_MIG_REPLAN t=22830000 reason=active_set_shrank flow=0 batch=0 newest_batch=1 cur=2000000000 target=2000000000 ceiling=160000000000 old_side_present=1
CBAP_MIG_REPLAN t=22830000 reason=active_set_shrank flow=1 batch=1 newest_batch=1 cur=7652610429 target=8325000000 ceiling=200000000000 old_side_present=1
CBAP_MIG_REPLAN t=22830000 reason=active_set_shrank flow=4 batch=1 newest_batch=1 cur=7652482318 target=8325000000 ceiling=200000000000 old_side_present=1
CBAP_MIG_REPLAN t=22830000 reason=active_set_shrank flow=5 batch=1 newest_batch=1 cur=7652619604 target=8325000000 ceiling=200000000000 old_side_present=1
CBAP_MIG_REPLAN t=22830000 reason=active_set_shrank flow=10 batch=1 newest_batch=1 cur=7652432279 target=8325000000 ceiling=200000000000 old_side_present=1
CBAP_MIG_REPLAN t=22830000 reason=active_set_shrank flow=11 batch=1 newest_batch=1 cur=7652602164 target=8325000000 ceiling=200000000000 old_side_present=1
CBAP_MIG_REPLAN t=22830000 reason=active_set_shrank flow=12 batch=1 newest_batch=1 cur=7652482318 target=8325000000 ceiling=200000000000 old_side_present=1
CBAP_MIG_REPLAN t=22830000 reason=active_set_shrank flow=13 batch=1 newest_batch=1 cur=7652622995 target=8325000000 ceiling=200000000000 old_side_present=1
CBAP_MIG_REPLAN t=22830000 reason=active_set_shrank flow=14 batch=1 newest_batch=1 cur=7652528925 target=8325000000 ceiling=200000000000 old_side_present=1
CBAP_MIG_REPLAN t=22830000 reason=active_set_shrank flow=15 batch=1 newest_batch=1 cur=7652564712 target=8325000000 ceiling=200000000000 old_side_present=1
CBAP_MIG_REPLAN t=22830000 reason=active_set_shrank flow=24 batch=1 newest_batch=1 cur=7652631181 target=8325000000 ceiling=200000000000 old_side_present=1
CBAP_MIG_REPLAN t=22830000 reason=active_set_shrank flow=25 batch=1 newest_batch=1 cur=7652416930 target=8325000000 ceiling=200000000000 old_side_present=1
CBAP_MIG_REPLAN t=22830000 reason=active_set_shrank flow=27 batch=1 newest_batch=1 cur=7652657574 target=8325000000 ceiling=200000000000 old_side_present=1
CBAP_MIG_REPLAN t=22830000 reason=active_set_shrank flow=30 batch=1 newest_batch=1 cur=7652482318 target=8325000000 ceiling=200000000000 old_side_present=1
CBAP_MIG_REPLAN t=22830000 reason=active_set_shrank flow=37 batch=1 newest_batch=1 cur=7652596126 target=8325000000 ceiling=200000000000 old_side_present=1
CBAP_MIG_REPLAN t=22830000 reason=active_set_shrank flow=40 batch=1 newest_batch=1 cur=7652622995 target=8325000000 ceiling=200000000000 old_side_present=1
CBAP_MIG_REPLAN t=22830000 reason=active_set_shrank flow=43 batch=1 newest_batch=1 cur=7652497997 target=8325000000 ceiling=200000000000 old_side_present=1
CBAP_MIG_REPLAN t=22830000 reason=active_set_shrank flow=44 batch=1 newest_batch=1 cur=7652497997 target=8325000000 ceiling=200000000000 old_side_present=1
CBAP_MIG_REPLAN t=22830000 reason=active_set_shrank flow=47 batch=1 newest_batch=1 cur=7652602164 target=8325000000 ceiling=200000000000 old_side_present=1
CBAP_MIG_REPLAN t=22830000 reason=active_set_shrank flow=48 batch=1 newest_batch=1 cur=7652514099 target=8325000000 ceiling=200000000000 old_side_present=1
CBAP_MIG_REPLAN t=22830000 reason=active_set_shrank flow=50 batch=1 newest_batch=1 cur=7652402467 target=8325000000 ceiling=200000000000 old_side_present=1
CBAP_MIG_REPLAN t=22830000 reason=active_set_shrank flow=57 batch=1 newest_batch=1 cur=7652500295 target=8325000000 ceiling=200000000000 old_side_present=1
CBAP_MIG_REPLAN t=22830000 reason=active_set_shrank flow=60 batch=1 newest_batch=1 cur=7652444719 target=8325000000 ceiling=200000000000 old_side_present=1
CBAP_MIG_REPLAN t=22830000 reason=active_set_shrank flow=61 batch=1 newest_batch=1 cur=7652622995 target=8325000000 ceiling=200000000000 old_side_present=1
CBAP_MIG_REPLAN t=22830000 reason=active_set_shrank flow=63 batch=1 newest_batch=1 cur=7652564712 target=8325000000 ceiling=200000000000 old_side_present=1
CBAP_MIG t=22830000 epoch=4566 flow=0 side=old cur=2000000000 next=2000000000 tgt=2000000000 f=0.405 u=0 breach=0 end=converged
CBAP_MIG t=22830000 epoch=4566 flow=1 side=new cur=7652610429 next=7924928205 tgt=8325000000 f=0.405 u=0 breach=3 end=
CBAP_MIG t=22830000 epoch=4566 flow=4 side=new cur=7652482318 next=7924851979 tgt=8325000000 f=0.405 u=0 breach=3 end=
CBAP_MIG t=22830000 epoch=4566 flow=5 side=new cur=7652619604 next=7924933664 tgt=8325000000 f=0.405 u=0 breach=3 end=
CBAP_MIG t=22830000 epoch=4566 flow=10 side=new cur=7652432279 next=7924822206 tgt=8325000000 f=0.405 u=0 breach=3 end=
CBAP_MIG t=22830000 epoch=4566 flow=11 side=new cur=7652602164 next=7924923287 tgt=8325000000 f=0.405 u=0 breach=3 end=
CBAP_MIG t=22830000 epoch=4566 flow=12 side=new cur=7652482318 next=7924851979 tgt=8325000000 f=0.405 u=0 breach=3 end=
CBAP_MIG t=22830000 epoch=4566 flow=13 side=new cur=7652622995 next=7924935682 tgt=8325000000 f=0.405 u=0 breach=3 end=
CBAP_MIG t=22830000 epoch=4566 flow=14 side=new cur=7652528925 next=7924879710 tgt=8325000000 f=0.405 u=0 breach=3 end=
CBAP_MIG t=22830000 epoch=4566 flow=15 side=new cur=7652564712 next=7924901003 tgt=8325000000 f=0.405 u=0 breach=3 end=
CBAP_MIG t=22830000 epoch=4566 flow=24 side=new cur=7652631181 next=7924940552 tgt=8325000000 f=0.405 u=0 breach=3 end=
CBAP_MIG t=22830000 epoch=4566 flow=25 side=new cur=7652416930 next=7924813073 tgt=8325000000 f=0.405 u=0 breach=3 end=
CBAP_MIG t=22830000 epoch=4566 flow=27 side=new cur=7652657574 next=7924956256 tgt=8325000000 f=0.405 u=0 breach=3 end=
CBAP_MIG t=22830000 epoch=4566 flow=30 side=new cur=7652482318 next=7924851979 tgt=8325000000 f=0.405 u=0 breach=3 end=
CBAP_MIG t=22830000 epoch=4566 flow=37 side=new cur=7652596126 next=7924919694 tgt=8325000000 f=0.405 u=0 breach=3 end=
CBAP_MIG t=22830000 epoch=4566 flow=40 side=new cur=7652622995 next=7924935682 tgt=8325000000 f=0.405 u=0 breach=3 end=
CBAP_MIG t=22830000 epoch=4566 flow=43 side=new cur=7652497997 next=7924861308 tgt=8325000000 f=0.405 u=0 breach=3 end=
CBAP_MIG t=22830000 epoch=4566 flow=44 side=new cur=7652497997 next=7924861308 tgt=8325000000 f=0.405 u=0 breach=3 end=
CBAP_MIG t=22830000 epoch=4566 flow=47 side=new cur=7652602164 next=7924923287 tgt=8325000000 f=0.405 u=0 breach=3 end=
CBAP_MIG t=22830000 epoch=4566 flow=48 side=new cur=7652514099 next=7924870888 tgt=8325000000 f=0.405 u=0 breach=3 end=
CBAP_MIG t=22830000 epoch=4566 flow=50 side=new cur=7652402467 next=7924804467 tgt=8325000000 f=0.405 u=0 breach=3 end=
CBAP_MIG t=22830000 epoch=4566 flow=57 side=new cur=7652500295 next=7924862675 tgt=8325000000 f=0.405 u=0 breach=3 end=
CBAP_MIG t=22830000 epoch=4566 flow=60 side=new cur=7652444719 next=7924829607 tgt=8325000000 f=0.405 u=0 breach=3 end=
CBAP_MIG t=22830000 epoch=4566 flow=61 side=new cur=7652622995 next=7924935682 tgt=8325000000 f=0.405 u=0 breach=3 end=
CBAP_MIG t=22830000 epoch=4566 flow=63 side=new cur=7652564712 next=7924901003 tgt=8325000000 f=0.405 u=0 breach=3 end=
CBAP_MIG t=22835000 epoch=4567 flow=1 side=new cur=7924928205 next=8086957281 tgt=8325000000 f=0.405 u=0 breach=3 end=
CBAP_MIG t=22835000 epoch=4567 flow=4 side=new cur=7924851979 next=8086911927 tgt=8325000000 f=0.405 u=0 breach=3 end=
CBAP_MIG t=22835000 epoch=4567 flow=5 side=new cur=7924933664 next=8086960530 tgt=8325000000 f=0.405 u=0 breach=3 end=
CBAP_MIG t=22835000 epoch=4567 flow=10 side=new cur=7924822206 next=8086894212 tgt=8325000000 f=0.405 u=0 breach=3 end=
CBAP_MIG t=22835000 epoch=4567 flow=11 side=new cur=7924923287 next=8086954355 tgt=8325000000 f=0.405 u=0 breach=3 end=
CBAP_MIG t=22835000 epoch=4567 flow=12 side=new cur=7924851979 next=8086911927 tgt=8325000000 f=0.405 u=0 breach=3 end=
CBAP_MIG t=22835000 epoch=4567 flow=13 side=new cur=7924935682 next=8086961730 tgt=8325000000 f=0.405 u=0 breach=3 end=
CBAP_MIG t=22835000 epoch=4567 flow=14 side=new cur=7924879710 next=8086928427 tgt=8325000000 f=0.405 u=0 breach=3 end=
CBAP_MIG t=22835000 epoch=4567 flow=15 side=new cur=7924901003 next=8086941096 tgt=8325000000 f=0.405 u=0 breach=3 end=
CBAP_MIG t=22835000 epoch=4567 flow=24 side=new cur=7924940552 next=8086964628 tgt=8325000000 f=0.405 u=0 breach=3 end=
CBAP_MIG t=22835000 epoch=4567 flow=25 side=new cur=7924813073 next=8086888778 tgt=8325000000 f=0.405 u=0 breach=3 end=
CBAP_MIG t=22835000 epoch=4567 flow=27 side=new cur=7924956256 next=8086973972 tgt=8325000000 f=0.405 u=0 breach=3 end=
CBAP_MIG t=22835000 epoch=4567 flow=30 side=new cur=7924851979 next=8086911927 tgt=8325000000 f=0.405 u=0 breach=3 end=
CBAP_MIG t=22835000 epoch=4567 flow=37 side=new cur=7924919694 next=8086952217 tgt=8325000000 f=0.405 u=0 breach=3 end=
CBAP_MIG t=22835000 epoch=4567 flow=40 side=new cur=7924935682 next=8086961730 tgt=8325000000 f=0.405 u=0 breach=3 end=
CBAP_MIG t=22835000 epoch=4567 flow=43 side=new cur=7924861308 next=8086917478 tgt=8325000000 f=0.405 u=0 breach=3 end=
CBAP_MIG t=22835000 epoch=4567 flow=44 side=new cur=7924861308 next=8086917478 tgt=8325000000 f=0.405 u=0 breach=3 end=
CBAP_MIG t=22835000 epoch=4567 flow=47 side=new cur=7924923287 next=8086954355 tgt=8325000000 f=0.405 u=0 breach=3 end=
CBAP_MIG t=22835000 epoch=4567 flow=48 side=new cur=7924870888 next=8086923178 tgt=8325000000 f=0.405 u=0 breach=3 end=
CBAP_MIG t=22835000 epoch=4567 flow=50 side=new cur=7924804467 next=8086883657 tgt=8325000000 f=0.405 u=0 breach=3 end=
CBAP_MIG t=22835000 epoch=4567 flow=57 side=new cur=7924862675 next=8086918291 tgt=8325000000 f=0.405 u=0 breach=3 end=
CBAP_MIG t=22835000 epoch=4567 flow=60 side=new cur=7924829607 next=8086898616 tgt=8325000000 f=0.405 u=0 breach=3 end=
CBAP_MIG t=22835000 epoch=4567 flow=61 side=new cur=7924935682 next=8086961730 tgt=8325000000 f=0.405 u=0 breach=3 end=
CBAP_MIG t=22835000 epoch=4567 flow=63 side=new cur=7924901003 next=8086941096 tgt=8325000000 f=0.405 u=0 breach=3 end=
CBAP_MIG_REPLAN t=22840000 reason=active_set_shrank flow=0 batch=0 newest_batch=1 cur=2000000000 target=2000000000 ceiling=160000000000 old_side_present=1
CBAP_MIG_REPLAN t=22840000 reason=active_set_shrank flow=1 batch=1 newest_batch=1 cur=8086957281 target=9081818181 ceiling=200000000000 old_side_present=1
CBAP_MIG_REPLAN t=22840000 reason=active_set_shrank flow=4 batch=1 newest_batch=1 cur=8086911927 target=9081818181 ceiling=200000000000 old_side_present=1
CBAP_MIG_REPLAN t=22840000 reason=active_set_shrank flow=5 batch=1 newest_batch=1 cur=8086960530 target=9081818181 ceiling=200000000000 old_side_present=1
CBAP_MIG_REPLAN t=22840000 reason=active_set_shrank flow=11 batch=1 newest_batch=1 cur=8086954355 target=9081818181 ceiling=200000000000 old_side_present=1
CBAP_MIG_REPLAN t=22840000 reason=active_set_shrank flow=12 batch=1 newest_batch=1 cur=8086911927 target=9081818181 ceiling=200000000000 old_side_present=1
CBAP_MIG_REPLAN t=22840000 reason=active_set_shrank flow=13 batch=1 newest_batch=1 cur=8086961730 target=9081818181 ceiling=200000000000 old_side_present=1
CBAP_MIG_REPLAN t=22840000 reason=active_set_shrank flow=14 batch=1 newest_batch=1 cur=8086928427 target=9081818181 ceiling=200000000000 old_side_present=1
CBAP_MIG_REPLAN t=22840000 reason=active_set_shrank flow=15 batch=1 newest_batch=1 cur=8086941096 target=9081818181 ceiling=200000000000 old_side_present=1
CBAP_MIG_REPLAN t=22840000 reason=active_set_shrank flow=25 batch=1 newest_batch=1 cur=8086888778 target=9081818181 ceiling=200000000000 old_side_present=1
CBAP_MIG_REPLAN t=22840000 reason=active_set_shrank flow=27 batch=1 newest_batch=1 cur=8086973972 target=9081818181 ceiling=200000000000 old_side_present=1
CBAP_MIG_REPLAN t=22840000 reason=active_set_shrank flow=30 batch=1 newest_batch=1 cur=8086911927 target=9081818181 ceiling=200000000000 old_side_present=1
CBAP_MIG_REPLAN t=22840000 reason=active_set_shrank flow=37 batch=1 newest_batch=1 cur=8086952217 target=9081818181 ceiling=200000000000 old_side_present=1
CBAP_MIG_REPLAN t=22840000 reason=active_set_shrank flow=40 batch=1 newest_batch=1 cur=8086961730 target=9081818181 ceiling=200000000000 old_side_present=1
CBAP_MIG_REPLAN t=22840000 reason=active_set_shrank flow=43 batch=1 newest_batch=1 cur=8086917478 target=9081818181 ceiling=200000000000 old_side_present=1
CBAP_MIG_REPLAN t=22840000 reason=active_set_shrank flow=44 batch=1 newest_batch=1 cur=8086917478 target=9081818181 ceiling=200000000000 old_side_present=1
CBAP_MIG_REPLAN t=22840000 reason=active_set_shrank flow=47 batch=1 newest_batch=1 cur=8086954355 target=9081818181 ceiling=200000000000 old_side_present=1
CBAP_MIG_REPLAN t=22840000 reason=active_set_shrank flow=48 batch=1 newest_batch=1 cur=8086923178 target=9081818181 ceiling=200000000000 old_side_present=1
CBAP_MIG_REPLAN t=22840000 reason=active_set_shrank flow=50 batch=1 newest_batch=1 cur=8086883657 target=9081818181 ceiling=200000000000 old_side_present=1
CBAP_MIG_REPLAN t=22840000 reason=active_set_shrank flow=57 batch=1 newest_batch=1 cur=8086918291 target=9081818181 ceiling=200000000000 old_side_present=1
CBAP_MIG_REPLAN t=22840000 reason=active_set_shrank flow=60 batch=1 newest_batch=1 cur=8086898616 target=9081818181 ceiling=200000000000 old_side_present=1
CBAP_MIG_REPLAN t=22840000 reason=active_set_shrank flow=61 batch=1 newest_batch=1 cur=8086961730 target=9081818181 ceiling=200000000000 old_side_present=1
CBAP_MIG_REPLAN t=22840000 reason=active_set_shrank flow=63 batch=1 newest_batch=1 cur=8086941096 target=9081818181 ceiling=200000000000 old_side_present=1
CBAP_MIG t=22840000 epoch=4568 flow=0 side=old cur=2000000000 next=2000000000 tgt=2000000000 f=0.405 u=0 breach=0 end=converged
CBAP_MIG t=22840000 epoch=4568 flow=1 side=new cur=8086957281 next=8489875945 tgt=9081818181 f=0.405 u=0 breach=3 end=
CBAP_MIG t=22840000 epoch=4568 flow=4 side=new cur=8086911927 next=8489848959 tgt=9081818181 f=0.405 u=0 breach=3 end=
CBAP_MIG t=22840000 epoch=4568 flow=5 side=new cur=8086960530 next=8489877878 tgt=9081818181 f=0.405 u=0 breach=3 end=
CBAP_MIG t=22840000 epoch=4568 flow=11 side=new cur=8086954355 next=8489874204 tgt=9081818181 f=0.405 u=0 breach=3 end=
CBAP_MIG t=22840000 epoch=4568 flow=12 side=new cur=8086911927 next=8489848959 tgt=9081818181 f=0.405 u=0 breach=3 end=
CBAP_MIG t=22840000 epoch=4568 flow=13 side=new cur=8086961730 next=8489878592 tgt=9081818181 f=0.405 u=0 breach=3 end=
CBAP_MIG t=22840000 epoch=4568 flow=14 side=new cur=8086928427 next=8489858777 tgt=9081818181 f=0.405 u=0 breach=3 end=
CBAP_MIG t=22840000 epoch=4568 flow=15 side=new cur=8086941096 next=8489866315 tgt=9081818181 f=0.405 u=0 breach=3 end=
CBAP_MIG t=22840000 epoch=4568 flow=25 side=new cur=8086888778 next=8489835186 tgt=9081818181 f=0.405 u=0 breach=3 end=
CBAP_MIG t=22840000 epoch=4568 flow=27 side=new cur=8086973972 next=8489885876 tgt=9081818181 f=0.405 u=0 breach=3 end=
CBAP_MIG t=22840000 epoch=4568 flow=30 side=new cur=8086911927 next=8489848959 tgt=9081818181 f=0.405 u=0 breach=3 end=
CBAP_MIG t=22840000 epoch=4568 flow=37 side=new cur=8086952217 next=8489872932 tgt=9081818181 f=0.405 u=0 breach=3 end=
CBAP_MIG t=22840000 epoch=4568 flow=40 side=new cur=8086961730 next=8489878592 tgt=9081818181 f=0.405 u=0 breach=3 end=
CBAP_MIG t=22840000 epoch=4568 flow=43 side=new cur=8086917478 next=8489852262 tgt=9081818181 f=0.405 u=0 breach=3 end=
CBAP_MIG t=22840000 epoch=4568 flow=44 side=new cur=8086917478 next=8489852262 tgt=9081818181 f=0.405 u=0 breach=3 end=
CBAP_MIG t=22840000 epoch=4568 flow=47 side=new cur=8086954355 next=8489874204 tgt=9081818181 f=0.405 u=0 breach=3 end=
CBAP_MIG t=22840000 epoch=4568 flow=48 side=new cur=8086923178 next=8489855654 tgt=9081818181 f=0.405 u=0 breach=3 end=
CBAP_MIG t=22840000 epoch=4568 flow=50 side=new cur=8086883657 next=8489832139 tgt=9081818181 f=0.405 u=0 breach=3 end=
CBAP_MIG t=22840000 epoch=4568 flow=57 side=new cur=8086918291 next=8489852746 tgt=9081818181 f=0.405 u=0 breach=3 end=
CBAP_MIG t=22840000 epoch=4568 flow=60 side=new cur=8086898616 next=8489841039 tgt=9081818181 f=0.405 u=0 breach=3 end=
CBAP_MIG t=22840000 epoch=4568 flow=61 side=new cur=8086961730 next=8489878592 tgt=9081818181 f=0.405 u=0 breach=3 end=
CBAP_MIG t=22840000 epoch=4568 flow=63 side=new cur=8086941096 next=8489866315 tgt=9081818181 f=0.405 u=0 breach=3 end=
CBAP_MIG_REPLAN t=22845000 reason=active_set_shrank flow=0 batch=0 newest_batch=1 cur=2000000000 target=2000000000 ceiling=160000000000 old_side_present=1
CBAP_MIG_REPLAN t=22845000 reason=active_set_shrank flow=1 batch=1 newest_batch=1 cur=8489875945 target=9514285714 ceiling=200000000000 old_side_present=1
CBAP_MIG_REPLAN t=22845000 reason=active_set_shrank flow=4 batch=1 newest_batch=1 cur=8489848959 target=9514285714 ceiling=200000000000 old_side_present=1
CBAP_MIG_REPLAN t=22845000 reason=active_set_shrank flow=5 batch=1 newest_batch=1 cur=8489877878 target=9514285714 ceiling=200000000000 old_side_present=1
CBAP_MIG_REPLAN t=22845000 reason=active_set_shrank flow=11 batch=1 newest_batch=1 cur=8489874204 target=9514285714 ceiling=200000000000 old_side_present=1
CBAP_MIG_REPLAN t=22845000 reason=active_set_shrank flow=12 batch=1 newest_batch=1 cur=8489848959 target=9514285714 ceiling=200000000000 old_side_present=1
CBAP_MIG_REPLAN t=22845000 reason=active_set_shrank flow=13 batch=1 newest_batch=1 cur=8489878592 target=9514285714 ceiling=200000000000 old_side_present=1
CBAP_MIG_REPLAN t=22845000 reason=active_set_shrank flow=14 batch=1 newest_batch=1 cur=8489858777 target=9514285714 ceiling=200000000000 old_side_present=1
CBAP_MIG_REPLAN t=22845000 reason=active_set_shrank flow=15 batch=1 newest_batch=1 cur=8489866315 target=9514285714 ceiling=200000000000 old_side_present=1
CBAP_MIG_REPLAN t=22845000 reason=active_set_shrank flow=27 batch=1 newest_batch=1 cur=8489885876 target=9514285714 ceiling=200000000000 old_side_present=1
CBAP_MIG_REPLAN t=22845000 reason=active_set_shrank flow=30 batch=1 newest_batch=1 cur=8489848959 target=9514285714 ceiling=200000000000 old_side_present=1
CBAP_MIG_REPLAN t=22845000 reason=active_set_shrank flow=37 batch=1 newest_batch=1 cur=8489872932 target=9514285714 ceiling=200000000000 old_side_present=1
CBAP_MIG_REPLAN t=22845000 reason=active_set_shrank flow=40 batch=1 newest_batch=1 cur=8489878592 target=9514285714 ceiling=200000000000 old_side_present=1
CBAP_MIG_REPLAN t=22845000 reason=active_set_shrank flow=43 batch=1 newest_batch=1 cur=8489852262 target=9514285714 ceiling=200000000000 old_side_present=1
CBAP_MIG_REPLAN t=22845000 reason=active_set_shrank flow=44 batch=1 newest_batch=1 cur=8489852262 target=9514285714 ceiling=200000000000 old_side_present=1
CBAP_MIG_REPLAN t=22845000 reason=active_set_shrank flow=47 batch=1 newest_batch=1 cur=8489874204 target=9514285714 ceiling=200000000000 old_side_present=1
CBAP_MIG_REPLAN t=22845000 reason=active_set_shrank flow=48 batch=1 newest_batch=1 cur=8489855654 target=9514285714 ceiling=200000000000 old_side_present=1
CBAP_MIG_REPLAN t=22845000 reason=active_set_shrank flow=50 batch=1 newest_batch=1 cur=8489832139 target=9514285714 ceiling=200000000000 old_side_present=1
CBAP_MIG_REPLAN t=22845000 reason=active_set_shrank flow=57 batch=1 newest_batch=1 cur=8489852746 target=9514285714 ceiling=200000000000 old_side_present=1
CBAP_MIG_REPLAN t=22845000 reason=active_set_shrank flow=60 batch=1 newest_batch=1 cur=8489841039 target=9514285714 ceiling=200000000000 old_side_present=1
CBAP_MIG_REPLAN t=22845000 reason=active_set_shrank flow=61 batch=1 newest_batch=1 cur=8489878592 target=9514285714 ceiling=200000000000 old_side_present=1
CBAP_MIG_REPLAN t=22845000 reason=active_set_shrank flow=63 batch=1 newest_batch=1 cur=8489866315 target=9514285714 ceiling=200000000000 old_side_present=1
CBAP_MIG t=22845000 epoch=4569 flow=0 side=old cur=2000000000 next=2000000000 tgt=2000000000 f=0.405 u=0 breach=0 end=converged
CBAP_MIG t=22845000 epoch=4569 flow=1 side=new cur=8489875945 next=8904761901 tgt=9514285714 f=0.405 u=0 breach=3 end=
CBAP_MIG t=22845000 epoch=4569 flow=4 side=new cur=8489848959 next=8904745844 tgt=9514285714 f=0.405 u=0 breach=3 end=
CBAP_MIG t=22845000 epoch=4569 flow=5 side=new cur=8489877878 next=8904763051 tgt=9514285714 f=0.405 u=0 breach=3 end=
CBAP_MIG t=22845000 epoch=4569 flow=11 side=new cur=8489874204 next=8904760865 tgt=9514285714 f=0.405 u=0 breach=3 end=
CBAP_MIG t=22845000 epoch=4569 flow=12 side=new cur=8489848959 next=8904745844 tgt=9514285714 f=0.405 u=0 breach=3 end=
CBAP_MIG t=22845000 epoch=4569 flow=13 side=new cur=8489878592 next=8904763476 tgt=9514285714 f=0.405 u=0 breach=3 end=
CBAP_MIG t=22845000 epoch=4569 flow=14 side=new cur=8489858777 next=8904751686 tgt=9514285714 f=0.405 u=0 breach=3 end=
CBAP_MIG t=22845000 epoch=4569 flow=15 side=new cur=8489866315 next=8904756171 tgt=9514285714 f=0.405 u=0 breach=3 end=
CBAP_MIG t=22845000 epoch=4569 flow=27 side=new cur=8489885876 next=8904767810 tgt=9514285714 f=0.405 u=0 breach=3 end=
CBAP_MIG t=22845000 epoch=4569 flow=30 side=new cur=8489848959 next=8904745844 tgt=9514285714 f=0.405 u=0 breach=3 end=
CBAP_MIG t=22845000 epoch=4569 flow=37 side=new cur=8489872932 next=8904760108 tgt=9514285714 f=0.405 u=0 breach=3 end=
CBAP_MIG t=22845000 epoch=4569 flow=40 side=new cur=8489878592 next=8904763476 tgt=9514285714 f=0.405 u=0 breach=3 end=
CBAP_MIG t=22845000 epoch=4569 flow=43 side=new cur=8489852262 next=8904747810 tgt=9514285714 f=0.405 u=0 breach=3 end=
CBAP_MIG t=22845000 epoch=4569 flow=44 side=new cur=8489852262 next=8904747810 tgt=9514285714 f=0.405 u=0 breach=3 end=
CBAP_MIG t=22845000 epoch=4569 flow=47 side=new cur=8489874204 next=8904760865 tgt=9514285714 f=0.405 u=0 breach=3 end=
CBAP_MIG t=22845000 epoch=4569 flow=48 side=new cur=8489855654 next=8904749828 tgt=9514285714 f=0.405 u=0 breach=3 end=
CBAP_MIG t=22845000 epoch=4569 flow=50 side=new cur=8489832139 next=8904735836 tgt=9514285714 f=0.405 u=0 breach=3 end=
CBAP_MIG t=22845000 epoch=4569 flow=57 side=new cur=8489852746 next=8904748098 tgt=9514285714 f=0.405 u=0 breach=3 end=
CBAP_MIG t=22845000 epoch=4569 flow=60 side=new cur=8489841039 next=8904741132 tgt=9514285714 f=0.405 u=0 breach=3 end=
CBAP_MIG t=22845000 epoch=4569 flow=61 side=new cur=8489878592 next=8904763476 tgt=9514285714 f=0.405 u=0 breach=3 end=
CBAP_MIG t=22845000 epoch=4569 flow=63 side=new cur=8489866315 next=8904756171 tgt=9514285714 f=0.405 u=0 breach=3 end=
CBAP_MIG_REPLAN t=22850000 reason=active_set_shrank flow=0 batch=0 newest_batch=1 cur=2000000000 target=2000000000 ceiling=160000000000 old_side_present=1
CBAP_MIG_REPLAN t=22850000 reason=active_set_shrank flow=1 batch=1 newest_batch=1 cur=8904761901 target=9990000000 ceiling=200000000000 old_side_present=1
CBAP_MIG_REPLAN t=22850000 reason=active_set_shrank flow=4 batch=1 newest_batch=1 cur=8904745844 target=9990000000 ceiling=200000000000 old_side_present=1
CBAP_MIG_REPLAN t=22850000 reason=active_set_shrank flow=5 batch=1 newest_batch=1 cur=8904763051 target=9990000000 ceiling=200000000000 old_side_present=1
CBAP_MIG_REPLAN t=22850000 reason=active_set_shrank flow=11 batch=1 newest_batch=1 cur=8904760865 target=9990000000 ceiling=200000000000 old_side_present=1
CBAP_MIG_REPLAN t=22850000 reason=active_set_shrank flow=12 batch=1 newest_batch=1 cur=8904745844 target=9990000000 ceiling=200000000000 old_side_present=1
CBAP_MIG_REPLAN t=22850000 reason=active_set_shrank flow=13 batch=1 newest_batch=1 cur=8904763476 target=9990000000 ceiling=200000000000 old_side_present=1
CBAP_MIG_REPLAN t=22850000 reason=active_set_shrank flow=14 batch=1 newest_batch=1 cur=8904751686 target=9990000000 ceiling=200000000000 old_side_present=1
CBAP_MIG_REPLAN t=22850000 reason=active_set_shrank flow=15 batch=1 newest_batch=1 cur=8904756171 target=9990000000 ceiling=200000000000 old_side_present=1
CBAP_MIG_REPLAN t=22850000 reason=active_set_shrank flow=27 batch=1 newest_batch=1 cur=8904767810 target=9990000000 ceiling=200000000000 old_side_present=1
CBAP_MIG_REPLAN t=22850000 reason=active_set_shrank flow=30 batch=1 newest_batch=1 cur=8904745844 target=9990000000 ceiling=200000000000 old_side_present=1
CBAP_MIG_REPLAN t=22850000 reason=active_set_shrank flow=37 batch=1 newest_batch=1 cur=8904760108 target=9990000000 ceiling=200000000000 old_side_present=1
CBAP_MIG_REPLAN t=22850000 reason=active_set_shrank flow=40 batch=1 newest_batch=1 cur=8904763476 target=9990000000 ceiling=200000000000 old_side_present=1
CBAP_MIG_REPLAN t=22850000 reason=active_set_shrank flow=43 batch=1 newest_batch=1 cur=8904747810 target=9990000000 ceiling=200000000000 old_side_present=1
CBAP_MIG_REPLAN t=22850000 reason=active_set_shrank flow=44 batch=1 newest_batch=1 cur=8904747810 target=9990000000 ceiling=200000000000 old_side_present=1
CBAP_MIG_REPLAN t=22850000 reason=active_set_shrank flow=47 batch=1 newest_batch=1 cur=8904760865 target=9990000000 ceiling=200000000000 old_side_present=1
CBAP_MIG_REPLAN t=22850000 reason=active_set_shrank flow=48 batch=1 newest_batch=1 cur=8904749828 target=9990000000 ceiling=200000000000 old_side_present=1
CBAP_MIG_REPLAN t=22850000 reason=active_set_shrank flow=57 batch=1 newest_batch=1 cur=8904748098 target=9990000000 ceiling=200000000000 old_side_present=1
CBAP_MIG_REPLAN t=22850000 reason=active_set_shrank flow=60 batch=1 newest_batch=1 cur=8904741132 target=9990000000 ceiling=200000000000 old_side_present=1
CBAP_MIG_REPLAN t=22850000 reason=active_set_shrank flow=61 batch=1 newest_batch=1 cur=8904763476 target=9990000000 ceiling=200000000000 old_side_present=1
CBAP_MIG_REPLAN t=22850000 reason=active_set_shrank flow=63 batch=1 newest_batch=1 cur=8904756171 target=9990000000 ceiling=200000000000 old_side_present=1
CBAP_MIG t=22850000 epoch=4570 flow=0 side=old cur=2000000000 next=2000000000 tgt=2000000000 f=0.405 u=0 breach=0 end=converged
CBAP_MIG t=22850000 epoch=4570 flow=1 side=new cur=8904761901 next=9344283331 tgt=9990000000 f=0.405 u=0 breach=3 end=
CBAP_MIG t=22850000 epoch=4570 flow=4 side=new cur=8904745844 next=9344273777 tgt=9990000000 f=0.405 u=0 breach=3 end=
CBAP_MIG t=22850000 epoch=4570 flow=5 side=new cur=8904763051 next=9344284015 tgt=9990000000 f=0.405 u=0 breach=3 end=
CBAP_MIG t=22850000 epoch=4570 flow=11 side=new cur=8904760865 next=9344282714 tgt=9990000000 f=0.405 u=0 breach=3 end=
CBAP_MIG t=22850000 epoch=4570 flow=12 side=new cur=8904745844 next=9344273777 tgt=9990000000 f=0.405 u=0 breach=3 end=
CBAP_MIG t=22850000 epoch=4570 flow=13 side=new cur=8904763476 next=9344284268 tgt=9990000000 f=0.405 u=0 breach=3 end=
CBAP_MIG t=22850000 epoch=4570 flow=14 side=new cur=8904751686 next=9344277253 tgt=9990000000 f=0.405 u=0 breach=3 end=
CBAP_MIG t=22850000 epoch=4570 flow=15 side=new cur=8904756171 next=9344279921 tgt=9990000000 f=0.405 u=0 breach=3 end=
CBAP_MIG t=22850000 epoch=4570 flow=27 side=new cur=8904767810 next=9344286846 tgt=9990000000 f=0.405 u=0 breach=3 end=
CBAP_MIG t=22850000 epoch=4570 flow=30 side=new cur=8904745844 next=9344273777 tgt=9990000000 f=0.405 u=0 breach=3 end=
CBAP_MIG t=22850000 epoch=4570 flow=37 side=new cur=8904760108 next=9344282264 tgt=9990000000 f=0.405 u=0 breach=3 end=
CBAP_MIG t=22850000 epoch=4570 flow=40 side=new cur=8904763476 next=9344284268 tgt=9990000000 f=0.405 u=0 breach=3 end=
CBAP_MIG t=22850000 epoch=4570 flow=43 side=new cur=8904747810 next=9344274946 tgt=9990000000 f=0.405 u=0 breach=3 end=
CBAP_MIG t=22850000 epoch=4570 flow=44 side=new cur=8904747810 next=9344274946 tgt=9990000000 f=0.405 u=0 breach=3 end=
CBAP_MIG t=22850000 epoch=4570 flow=47 side=new cur=8904760865 next=9344282714 tgt=9990000000 f=0.405 u=0 breach=3 end=
CBAP_MIG t=22850000 epoch=4570 flow=48 side=new cur=8904749828 next=9344276147 tgt=9990000000 f=0.405 u=0 breach=3 end=
CBAP_MIG t=22850000 epoch=4570 flow=57 side=new cur=8904748098 next=9344275118 tgt=9990000000 f=0.405 u=0 breach=3 end=
CBAP_MIG t=22850000 epoch=4570 flow=60 side=new cur=8904741132 next=9344270973 tgt=9990000000 f=0.405 u=0 breach=3 end=
CBAP_MIG t=22850000 epoch=4570 flow=61 side=new cur=8904763476 next=9344284268 tgt=9990000000 f=0.405 u=0 breach=3 end=
CBAP_MIG t=22850000 epoch=4570 flow=63 side=new cur=8904756171 next=9344279921 tgt=9990000000 f=0.405 u=0 breach=3 end=
CBAP_MIG t=22855000 epoch=4571 flow=1 side=new cur=9344283331 next=9605798581 tgt=9990000000 f=0.405 u=0 breach=3 end=
CBAP_MIG t=22855000 epoch=4571 flow=4 side=new cur=9344273777 next=9605792897 tgt=9990000000 f=0.405 u=0 breach=3 end=
CBAP_MIG t=22855000 epoch=4571 flow=5 side=new cur=9344284015 next=9605798988 tgt=9990000000 f=0.405 u=0 breach=3 end=
CBAP_MIG t=22855000 epoch=4571 flow=11 side=new cur=9344282714 next=9605798214 tgt=9990000000 f=0.405 u=0 breach=3 end=
CBAP_MIG t=22855000 epoch=4571 flow=12 side=new cur=9344273777 next=9605792897 tgt=9990000000 f=0.405 u=0 breach=3 end=
CBAP_MIG t=22855000 epoch=4571 flow=13 side=new cur=9344284268 next=9605799139 tgt=9990000000 f=0.405 u=0 breach=3 end=
CBAP_MIG t=22855000 epoch=4571 flow=14 side=new cur=9344277253 next=9605794965 tgt=9990000000 f=0.405 u=0 breach=3 end=
CBAP_MIG t=22855000 epoch=4571 flow=15 side=new cur=9344279921 next=9605796552 tgt=9990000000 f=0.405 u=0 breach=3 end=
CBAP_MIG t=22855000 epoch=4571 flow=27 side=new cur=9344286846 next=9605800673 tgt=9990000000 f=0.405 u=0 breach=3 end=
CBAP_MIG t=22855000 epoch=4571 flow=30 side=new cur=9344273777 next=9605792897 tgt=9990000000 f=0.405 u=0 breach=3 end=
CBAP_MIG t=22855000 epoch=4571 flow=37 side=new cur=9344282264 next=9605797947 tgt=9990000000 f=0.405 u=0 breach=3 end=
CBAP_MIG t=22855000 epoch=4571 flow=40 side=new cur=9344284268 next=9605799139 tgt=9990000000 f=0.405 u=0 breach=3 end=
CBAP_MIG t=22855000 epoch=4571 flow=43 side=new cur=9344274946 next=9605793592 tgt=9990000000 f=0.405 u=0 breach=3 end=
CBAP_MIG t=22855000 epoch=4571 flow=44 side=new cur=9344274946 next=9605793592 tgt=9990000000 f=0.405 u=0 breach=3 end=
CBAP_MIG t=22855000 epoch=4571 flow=47 side=new cur=9344282714 next=9605798214 tgt=9990000000 f=0.405 u=0 breach=3 end=
CBAP_MIG t=22855000 epoch=4571 flow=48 side=new cur=9344276147 next=9605794307 tgt=9990000000 f=0.405 u=0 breach=3 end=
CBAP_MIG t=22855000 epoch=4571 flow=57 side=new cur=9344275118 next=9605793695 tgt=9990000000 f=0.405 u=0 breach=3 end=
CBAP_MIG t=22855000 epoch=4571 flow=60 side=new cur=9344270973 next=9605791228 tgt=9990000000 f=0.405 u=0 breach=3 end=
CBAP_MIG t=22855000 epoch=4571 flow=61 side=new cur=9344284268 next=9605799139 tgt=9990000000 f=0.405 u=0 breach=3 end=
CBAP_MIG t=22855000 epoch=4571 flow=63 side=new cur=9344279921 next=9605796552 tgt=9990000000 f=0.405 u=0 breach=3 end=
CBAP_MIG_REPLAN t=22860000 reason=active_set_shrank flow=0 batch=0 newest_batch=1 cur=2000000000 target=2000000000 ceiling=160000000000 old_side_present=1
CBAP_MIG_REPLAN t=22860000 reason=active_set_shrank flow=4 batch=1 newest_batch=1 cur=9605792897 target=10515789473 ceiling=200000000000 old_side_present=1
CBAP_MIG_REPLAN t=22860000 reason=active_set_shrank flow=5 batch=1 newest_batch=1 cur=9605798988 target=10515789473 ceiling=200000000000 old_side_present=1
CBAP_MIG_REPLAN t=22860000 reason=active_set_shrank flow=11 batch=1 newest_batch=1 cur=9605798214 target=10515789473 ceiling=200000000000 old_side_present=1
CBAP_MIG_REPLAN t=22860000 reason=active_set_shrank flow=12 batch=1 newest_batch=1 cur=9605792897 target=10515789473 ceiling=200000000000 old_side_present=1
CBAP_MIG_REPLAN t=22860000 reason=active_set_shrank flow=13 batch=1 newest_batch=1 cur=9605799139 target=10515789473 ceiling=200000000000 old_side_present=1
CBAP_MIG_REPLAN t=22860000 reason=active_set_shrank flow=14 batch=1 newest_batch=1 cur=9605794965 target=10515789473 ceiling=200000000000 old_side_present=1
CBAP_MIG_REPLAN t=22860000 reason=active_set_shrank flow=15 batch=1 newest_batch=1 cur=9605796552 target=10515789473 ceiling=200000000000 old_side_present=1
CBAP_MIG_REPLAN t=22860000 reason=active_set_shrank flow=27 batch=1 newest_batch=1 cur=9605800673 target=10515789473 ceiling=200000000000 old_side_present=1
CBAP_MIG_REPLAN t=22860000 reason=active_set_shrank flow=30 batch=1 newest_batch=1 cur=9605792897 target=10515789473 ceiling=200000000000 old_side_present=1
CBAP_MIG_REPLAN t=22860000 reason=active_set_shrank flow=37 batch=1 newest_batch=1 cur=9605797947 target=10515789473 ceiling=200000000000 old_side_present=1
CBAP_MIG_REPLAN t=22860000 reason=active_set_shrank flow=40 batch=1 newest_batch=1 cur=9605799139 target=10515789473 ceiling=200000000000 old_side_present=1
CBAP_MIG_REPLAN t=22860000 reason=active_set_shrank flow=43 batch=1 newest_batch=1 cur=9605793592 target=10515789473 ceiling=200000000000 old_side_present=1
CBAP_MIG_REPLAN t=22860000 reason=active_set_shrank flow=44 batch=1 newest_batch=1 cur=9605793592 target=10515789473 ceiling=200000000000 old_side_present=1
CBAP_MIG_REPLAN t=22860000 reason=active_set_shrank flow=47 batch=1 newest_batch=1 cur=9605798214 target=10515789473 ceiling=200000000000 old_side_present=1
CBAP_MIG_REPLAN t=22860000 reason=active_set_shrank flow=48 batch=1 newest_batch=1 cur=9605794307 target=10515789473 ceiling=200000000000 old_side_present=1
CBAP_MIG_REPLAN t=22860000 reason=active_set_shrank flow=57 batch=1 newest_batch=1 cur=9605793695 target=10515789473 ceiling=200000000000 old_side_present=1
CBAP_MIG_REPLAN t=22860000 reason=active_set_shrank flow=60 batch=1 newest_batch=1 cur=9605791228 target=10515789473 ceiling=200000000000 old_side_present=1
CBAP_MIG_REPLAN t=22860000 reason=active_set_shrank flow=61 batch=1 newest_batch=1 cur=9605799139 target=10515789473 ceiling=200000000000 old_side_present=1
CBAP_MIG_REPLAN t=22860000 reason=active_set_shrank flow=63 batch=1 newest_batch=1 cur=9605796552 target=10515789473 ceiling=200000000000 old_side_present=1
CBAP_MIG t=22860000 epoch=4572 flow=0 side=old cur=2000000000 next=2000000000 tgt=2000000000 f=0.405 u=0 breach=0 end=converged
CBAP_MIG t=22860000 epoch=4572 flow=4 side=new cur=9605792897 next=9974341510 tgt=10515789473 f=0.405 u=0 breach=3 end=
CBAP_MIG t=22860000 epoch=4572 flow=5 side=new cur=9605798988 next=9974345134 tgt=10515789473 f=0.405 u=0 breach=3 end=
CBAP_MIG t=22860000 epoch=4572 flow=11 side=new cur=9605798214 next=9974344673 tgt=10515789473 f=0.405 u=0 breach=3 end=
CBAP_MIG t=22860000 epoch=4572 flow=12 side=new cur=9605792897 next=9974341510 tgt=10515789473 f=0.405 u=0 breach=3 end=
CBAP_MIG t=22860000 epoch=4572 flow=13 side=new cur=9605799139 next=9974345224 tgt=10515789473 f=0.405 u=0 breach=3 end=
CBAP_MIG t=22860000 epoch=4572 flow=14 side=new cur=9605794965 next=9974342740 tgt=10515789473 f=0.405 u=0 breach=3 end=
CBAP_MIG t=22860000 epoch=4572 flow=15 side=new cur=9605796552 next=9974343685 tgt=10515789473 f=0.405 u=0 breach=3 end=
CBAP_MIG t=22860000 epoch=4572 flow=27 side=new cur=9605800673 next=9974346136 tgt=10515789473 f=0.405 u=0 breach=3 end=
CBAP_MIG t=22860000 epoch=4572 flow=30 side=new cur=9605792897 next=9974341510 tgt=10515789473 f=0.405 u=0 breach=3 end=
CBAP_MIG t=22860000 epoch=4572 flow=37 side=new cur=9605797947 next=9974344515 tgt=10515789473 f=0.405 u=0 breach=3 end=
CBAP_MIG t=22860000 epoch=4572 flow=40 side=new cur=9605799139 next=9974345224 tgt=10515789473 f=0.405 u=0 breach=3 end=
CBAP_MIG t=22860000 epoch=4572 flow=43 side=new cur=9605793592 next=9974341923 tgt=10515789473 f=0.405 u=0 breach=3 end=
CBAP_MIG t=22860000 epoch=4572 flow=44 side=new cur=9605793592 next=9974341923 tgt=10515789473 f=0.405 u=0 breach=3 end=
CBAP_MIG t=22860000 epoch=4572 flow=47 side=new cur=9605798214 next=9974344673 tgt=10515789473 f=0.405 u=0 breach=3 end=
CBAP_MIG t=22860000 epoch=4572 flow=48 side=new cur=9605794307 next=9974342349 tgt=10515789473 f=0.405 u=0 breach=3 end=
CBAP_MIG t=22860000 epoch=4572 flow=57 side=new cur=9605793695 next=9974341985 tgt=10515789473 f=0.405 u=0 breach=3 end=
CBAP_MIG t=22860000 epoch=4572 flow=60 side=new cur=9605791228 next=9974340517 tgt=10515789473 f=0.405 u=0 breach=3 end=
CBAP_MIG t=22860000 epoch=4572 flow=61 side=new cur=9605799139 next=9974345224 tgt=10515789473 f=0.405 u=0 breach=3 end=
CBAP_MIG t=22860000 epoch=4572 flow=63 side=new cur=9605796552 next=9974343685 tgt=10515789473 f=0.405 u=0 breach=3 end=
CBAP_MIG t=22865000 epoch=4573 flow=4 side=new cur=9974341510 next=10193627935 tgt=10515789473 f=0.405 u=0 breach=3 end=
CBAP_MIG t=22865000 epoch=4573 flow=5 side=new cur=9974345134 next=10193630091 tgt=10515789473 f=0.405 u=0 breach=3 end=
CBAP_MIG t=22865000 epoch=4573 flow=11 side=new cur=9974344673 next=10193629816 tgt=10515789473 f=0.405 u=0 breach=3 end=
CBAP_MIG t=22865000 epoch=4573 flow=12 side=new cur=9974341510 next=10193627935 tgt=10515789473 f=0.405 u=0 breach=3 end=
CBAP_MIG t=22865000 epoch=4573 flow=13 side=new cur=9974345224 next=10193630144 tgt=10515789473 f=0.405 u=0 breach=3 end=
CBAP_MIG t=22865000 epoch=4573 flow=14 side=new cur=9974342740 next=10193628666 tgt=10515789473 f=0.405 u=0 breach=3 end=
CBAP_MIG t=22865000 epoch=4573 flow=15 side=new cur=9974343685 next=10193629229 tgt=10515789473 f=0.405 u=0 breach=3 end=
CBAP_MIG t=22865000 epoch=4573 flow=27 side=new cur=9974346136 next=10193630687 tgt=10515789473 f=0.405 u=0 breach=3 end=
CBAP_MIG t=22865000 epoch=4573 flow=30 side=new cur=9974341510 next=10193627935 tgt=10515789473 f=0.405 u=0 breach=3 end=
CBAP_MIG t=22865000 epoch=4573 flow=37 side=new cur=9974344515 next=10193629722 tgt=10515789473 f=0.405 u=0 breach=3 end=
CBAP_MIG t=22865000 epoch=4573 flow=40 side=new cur=9974345224 next=10193630144 tgt=10515789473 f=0.405 u=0 breach=3 end=
CBAP_MIG t=22865000 epoch=4573 flow=43 side=new cur=9974341923 next=10193628180 tgt=10515789473 f=0.405 u=0 breach=3 end=
CBAP_MIG t=22865000 epoch=4573 flow=44 side=new cur=9974341923 next=10193628180 tgt=10515789473 f=0.405 u=0 breach=3 end=
CBAP_MIG t=22865000 epoch=4573 flow=47 side=new cur=9974344673 next=10193629816 tgt=10515789473 f=0.405 u=0 breach=3 end=
CBAP_MIG t=22865000 epoch=4573 flow=48 side=new cur=9974342349 next=10193628434 tgt=10515789473 f=0.405 u=0 breach=3 end=
CBAP_MIG t=22865000 epoch=4573 flow=57 side=new cur=9974341985 next=10193628217 tgt=10515789473 f=0.405 u=0 breach=3 end=
CBAP_MIG t=22865000 epoch=4573 flow=60 side=new cur=9974340517 next=10193627344 tgt=10515789473 f=0.405 u=0 breach=3 end=
CBAP_MIG t=22865000 epoch=4573 flow=61 side=new cur=9974345224 next=10193630144 tgt=10515789473 f=0.405 u=0 breach=3 end=
CBAP_MIG t=22865000 epoch=4573 flow=63 side=new cur=9974343685 next=10193629229 tgt=10515789473 f=0.405 u=0 breach=3 end=
CBAP_MIG t=22870000 epoch=4574 flow=4 side=new cur=10193627935 next=10324103357 tgt=10515789473 f=0.405 u=0 breach=3 end=
CBAP_MIG t=22870000 epoch=4574 flow=5 side=new cur=10193630091 next=10324104640 tgt=10515789473 f=0.405 u=0 breach=3 end=
CBAP_MIG t=22870000 epoch=4574 flow=11 side=new cur=10193629816 next=10324104477 tgt=10515789473 f=0.405 u=0 breach=3 end=
CBAP_MIG t=22870000 epoch=4574 flow=12 side=new cur=10193627935 next=10324103357 tgt=10515789473 f=0.405 u=0 breach=3 end=
CBAP_MIG t=22870000 epoch=4574 flow=13 side=new cur=10193630144 next=10324104672 tgt=10515789473 f=0.405 u=0 breach=3 end=
CBAP_MIG t=22870000 epoch=4574 flow=14 side=new cur=10193628666 next=10324103792 tgt=10515789473 f=0.405 u=0 breach=3 end=
CBAP_MIG t=22870000 epoch=4574 flow=15 side=new cur=10193629229 next=10324104127 tgt=10515789473 f=0.405 u=0 breach=3 end=
CBAP_MIG t=22870000 epoch=4574 flow=27 side=new cur=10193630687 next=10324104995 tgt=10515789473 f=0.405 u=0 breach=3 end=
CBAP_MIG t=22870000 epoch=4574 flow=30 side=new cur=10193627935 next=10324103357 tgt=10515789473 f=0.405 u=0 breach=3 end=
CBAP_MIG t=22870000 epoch=4574 flow=37 side=new cur=10193629722 next=10324104421 tgt=10515789473 f=0.405 u=0 breach=3 end=
CBAP_MIG t=22870000 epoch=4574 flow=40 side=new cur=10193630144 next=10324104672 tgt=10515789473 f=0.405 u=0 breach=3 end=
CBAP_MIG t=22870000 epoch=4574 flow=43 side=new cur=10193628180 next=10324103503 tgt=10515789473 f=0.405 u=0 breach=3 end=
CBAP_MIG t=22870000 epoch=4574 flow=44 side=new cur=10193628180 next=10324103503 tgt=10515789473 f=0.405 u=0 breach=3 end=
CBAP_MIG t=22870000 epoch=4574 flow=47 side=new cur=10193629816 next=10324104477 tgt=10515789473 f=0.405 u=0 breach=3 end=
CBAP_MIG t=22870000 epoch=4574 flow=48 side=new cur=10193628434 next=10324103654 tgt=10515789473 f=0.405 u=0 breach=3 end=
CBAP_MIG t=22870000 epoch=4574 flow=57 side=new cur=10193628217 next=10324103525 tgt=10515789473 f=0.405 u=0 breach=3 end=
CBAP_MIG t=22870000 epoch=4574 flow=60 side=new cur=10193627344 next=10324103006 tgt=10515789473 f=0.405 u=0 breach=3 end=
CBAP_MIG t=22870000 epoch=4574 flow=61 side=new cur=10193630144 next=10324104672 tgt=10515789473 f=0.405 u=0 breach=3 end=
CBAP_MIG t=22870000 epoch=4574 flow=63 side=new cur=10193629229 next=10324104127 tgt=10515789473 f=0.405 u=0 breach=3 end=
CBAP_MIG_REPLAN t=22875000 reason=active_set_shrank flow=0 batch=0 newest_batch=1 cur=2000000000 target=2000000000 ceiling=160000000000 old_side_present=1
CBAP_MIG_REPLAN t=22875000 reason=active_set_shrank flow=4 batch=1 newest_batch=1 cur=10324103357 target=14557142857 ceiling=200000000000 old_side_present=1
CBAP_MIG_REPLAN t=22875000 reason=active_set_shrank flow=11 batch=1 newest_batch=1 cur=10324104477 target=14557142857 ceiling=200000000000 old_side_present=1
CBAP_MIG_REPLAN t=22875000 reason=active_set_shrank flow=12 batch=1 newest_batch=1 cur=10324103357 target=14557142857 ceiling=200000000000 old_side_present=1
CBAP_MIG_REPLAN t=22875000 reason=active_set_shrank flow=14 batch=1 newest_batch=1 cur=10324103792 target=14557142857 ceiling=200000000000 old_side_present=1
CBAP_MIG_REPLAN t=22875000 reason=active_set_shrank flow=15 batch=1 newest_batch=1 cur=10324104127 target=14557142857 ceiling=200000000000 old_side_present=1
CBAP_MIG_REPLAN t=22875000 reason=active_set_shrank flow=30 batch=1 newest_batch=1 cur=10324103357 target=14557142857 ceiling=200000000000 old_side_present=1
CBAP_MIG_REPLAN t=22875000 reason=active_set_shrank flow=37 batch=1 newest_batch=1 cur=10324104421 target=14557142857 ceiling=200000000000 old_side_present=1
CBAP_MIG_REPLAN t=22875000 reason=active_set_shrank flow=43 batch=1 newest_batch=1 cur=10324103503 target=14557142857 ceiling=200000000000 old_side_present=1
CBAP_MIG_REPLAN t=22875000 reason=active_set_shrank flow=44 batch=1 newest_batch=1 cur=10324103503 target=14557142857 ceiling=200000000000 old_side_present=1
CBAP_MIG_REPLAN t=22875000 reason=active_set_shrank flow=47 batch=1 newest_batch=1 cur=10324104477 target=14557142857 ceiling=200000000000 old_side_present=1
CBAP_MIG_REPLAN t=22875000 reason=active_set_shrank flow=48 batch=1 newest_batch=1 cur=10324103654 target=14557142857 ceiling=200000000000 old_side_present=1
CBAP_MIG_REPLAN t=22875000 reason=active_set_shrank flow=57 batch=1 newest_batch=1 cur=10324103525 target=14557142857 ceiling=200000000000 old_side_present=1
CBAP_MIG_REPLAN t=22875000 reason=active_set_shrank flow=60 batch=1 newest_batch=1 cur=10324103006 target=14557142857 ceiling=200000000000 old_side_present=1
CBAP_MIG_REPLAN t=22875000 reason=active_set_shrank flow=63 batch=1 newest_batch=1 cur=10324104127 target=14557142857 ceiling=200000000000 old_side_present=1
CBAP_MIG t=22875000 epoch=4575 flow=0 side=old cur=2000000000 next=2000000000 tgt=2000000000 f=0.405 u=0 breach=0 end=converged
CBAP_MIG t=22875000 epoch=4575 flow=4 side=new cur=10324103357 next=12038484354 tgt=14557142857 f=0.405 u=0 breach=3 end=
CBAP_MIG t=22875000 epoch=4575 flow=11 side=new cur=10324104477 next=12038485020 tgt=14557142857 f=0.405 u=0 breach=3 end=
CBAP_MIG t=22875000 epoch=4575 flow=12 side=new cur=10324103357 next=12038484354 tgt=14557142857 f=0.405 u=0 breach=3 end=
CBAP_MIG t=22875000 epoch=4575 flow=14 side=new cur=10324103792 next=12038484613 tgt=14557142857 f=0.405 u=0 breach=3 end=
CBAP_MIG t=22875000 epoch=4575 flow=15 side=new cur=10324104127 next=12038484812 tgt=14557142857 f=0.405 u=0 breach=3 end=
CBAP_MIG t=22875000 epoch=4575 flow=30 side=new cur=10324103357 next=12038484354 tgt=14557142857 f=0.405 u=0 breach=3 end=
CBAP_MIG t=22875000 epoch=4575 flow=37 side=new cur=10324104421 next=12038484987 tgt=14557142857 f=0.405 u=0 breach=3 end=
CBAP_MIG t=22875000 epoch=4575 flow=43 side=new cur=10324103503 next=12038484441 tgt=14557142857 f=0.405 u=0 breach=3 end=
CBAP_MIG t=22875000 epoch=4575 flow=44 side=new cur=10324103503 next=12038484441 tgt=14557142857 f=0.405 u=0 breach=3 end=
CBAP_MIG t=22875000 epoch=4575 flow=47 side=new cur=10324104477 next=12038485020 tgt=14557142857 f=0.405 u=0 breach=3 end=
CBAP_MIG t=22875000 epoch=4575 flow=48 side=new cur=10324103654 next=12038484531 tgt=14557142857 f=0.405 u=0 breach=3 end=
CBAP_MIG t=22875000 epoch=4575 flow=57 side=new cur=10324103525 next=12038484454 tgt=14557142857 f=0.405 u=0 breach=3 end=
CBAP_MIG t=22875000 epoch=4575 flow=60 side=new cur=10324103006 next=12038484145 tgt=14557142857 f=0.405 u=0 breach=3 end=
CBAP_MIG t=22875000 epoch=4575 flow=63 side=new cur=10324104127 next=12038484812 tgt=14557142857 f=0.405 u=0 breach=3 end=
CBAP_MIG_REPLAN t=22880000 reason=active_set_shrank flow=0 batch=0 newest_batch=1 cur=2000000000 target=2000000000 ceiling=160000000000 old_side_present=1
CBAP_MIG_REPLAN t=22880000 reason=active_set_shrank flow=4 batch=1 newest_batch=1 cur=12038484354 target=15676923077 ceiling=200000000000 old_side_present=1
CBAP_MIG_REPLAN t=22880000 reason=active_set_shrank flow=11 batch=1 newest_batch=1 cur=12038485020 target=15676923077 ceiling=200000000000 old_side_present=1
CBAP_MIG_REPLAN t=22880000 reason=active_set_shrank flow=12 batch=1 newest_batch=1 cur=12038484354 target=15676923077 ceiling=200000000000 old_side_present=1
CBAP_MIG_REPLAN t=22880000 reason=active_set_shrank flow=14 batch=1 newest_batch=1 cur=12038484613 target=15676923077 ceiling=200000000000 old_side_present=1
CBAP_MIG_REPLAN t=22880000 reason=active_set_shrank flow=15 batch=1 newest_batch=1 cur=12038484812 target=15676923077 ceiling=200000000000 old_side_present=1
CBAP_MIG_REPLAN t=22880000 reason=active_set_shrank flow=30 batch=1 newest_batch=1 cur=12038484354 target=15676923077 ceiling=200000000000 old_side_present=1
CBAP_MIG_REPLAN t=22880000 reason=active_set_shrank flow=43 batch=1 newest_batch=1 cur=12038484441 target=15676923077 ceiling=200000000000 old_side_present=1
CBAP_MIG_REPLAN t=22880000 reason=active_set_shrank flow=44 batch=1 newest_batch=1 cur=12038484441 target=15676923077 ceiling=200000000000 old_side_present=1
CBAP_MIG_REPLAN t=22880000 reason=active_set_shrank flow=47 batch=1 newest_batch=1 cur=12038485020 target=15676923077 ceiling=200000000000 old_side_present=1
CBAP_MIG_REPLAN t=22880000 reason=active_set_shrank flow=48 batch=1 newest_batch=1 cur=12038484531 target=15676923077 ceiling=200000000000 old_side_present=1
CBAP_MIG_REPLAN t=22880000 reason=active_set_shrank flow=57 batch=1 newest_batch=1 cur=12038484454 target=15676923077 ceiling=200000000000 old_side_present=1
CBAP_MIG_REPLAN t=22880000 reason=active_set_shrank flow=60 batch=1 newest_batch=1 cur=12038484145 target=15676923077 ceiling=200000000000 old_side_present=1
CBAP_MIG_REPLAN t=22880000 reason=active_set_shrank flow=63 batch=1 newest_batch=1 cur=12038484812 target=15676923077 ceiling=200000000000 old_side_present=1
CBAP_MIG t=22880000 epoch=4576 flow=0 side=old cur=2000000000 next=2000000000 tgt=2000000000 f=0.405 u=0 breach=0 end=converged
CBAP_MIG t=22880000 epoch=4576 flow=4 side=new cur=12038484354 next=13512052036 tgt=15676923077 f=0.405 u=0 breach=3 end=
CBAP_MIG t=22880000 epoch=4576 flow=11 side=new cur=12038485020 next=13512052433 tgt=15676923077 f=0.405 u=0 breach=3 end=
CBAP_MIG t=22880000 epoch=4576 flow=12 side=new cur=12038484354 next=13512052036 tgt=15676923077 f=0.405 u=0 breach=3 end=
CBAP_MIG t=22880000 epoch=4576 flow=14 side=new cur=12038484613 next=13512052190 tgt=15676923077 f=0.405 u=0 breach=3 end=
CBAP_MIG t=22880000 epoch=4576 flow=15 side=new cur=12038484812 next=13512052309 tgt=15676923077 f=0.405 u=0 breach=3 end=
CBAP_MIG t=22880000 epoch=4576 flow=30 side=new cur=12038484354 next=13512052036 tgt=15676923077 f=0.405 u=0 breach=3 end=
CBAP_MIG t=22880000 epoch=4576 flow=43 side=new cur=12038484441 next=13512052088 tgt=15676923077 f=0.405 u=0 breach=3 end=
CBAP_MIG t=22880000 epoch=4576 flow=44 side=new cur=12038484441 next=13512052088 tgt=15676923077 f=0.405 u=0 breach=3 end=
CBAP_MIG t=22880000 epoch=4576 flow=47 side=new cur=12038485020 next=13512052433 tgt=15676923077 f=0.405 u=0 breach=3 end=
CBAP_MIG t=22880000 epoch=4576 flow=48 side=new cur=12038484531 next=13512052142 tgt=15676923077 f=0.405 u=0 breach=3 end=
CBAP_MIG t=22880000 epoch=4576 flow=57 side=new cur=12038484454 next=13512052096 tgt=15676923077 f=0.405 u=0 breach=3 end=
CBAP_MIG t=22880000 epoch=4576 flow=60 side=new cur=12038484145 next=13512051912 tgt=15676923077 f=0.405 u=0 breach=3 end=
CBAP_MIG t=22880000 epoch=4576 flow=63 side=new cur=12038484812 next=13512052309 tgt=15676923077 f=0.405 u=0 breach=3 end=
CBAP_MIG t=22885000 epoch=4577 flow=4 side=new cur=13512052036 next=14388824807 tgt=15676923077 f=0.405 u=0 breach=3 end=
CBAP_MIG t=22885000 epoch=4577 flow=11 side=new cur=13512052433 next=14388825043 tgt=15676923077 f=0.405 u=0 breach=3 end=
CBAP_MIG t=22885000 epoch=4577 flow=12 side=new cur=13512052036 next=14388824807 tgt=15676923077 f=0.405 u=0 breach=3 end=
CBAP_MIG t=22885000 epoch=4577 flow=14 side=new cur=13512052190 next=14388824899 tgt=15676923077 f=0.405 u=0 breach=3 end=
CBAP_MIG t=22885000 epoch=4577 flow=15 side=new cur=13512052309 next=14388824970 tgt=15676923077 f=0.405 u=0 breach=3 end=
CBAP_MIG t=22885000 epoch=4577 flow=30 side=new cur=13512052036 next=14388824807 tgt=15676923077 f=0.405 u=0 breach=3 end=
CBAP_MIG t=22885000 epoch=4577 flow=43 side=new cur=13512052088 next=14388824838 tgt=15676923077 f=0.405 u=0 breach=3 end=
CBAP_MIG t=22885000 epoch=4577 flow=44 side=new cur=13512052088 next=14388824838 tgt=15676923077 f=0.405 u=0 breach=3 end=
CBAP_MIG t=22885000 epoch=4577 flow=47 side=new cur=13512052433 next=14388825043 tgt=15676923077 f=0.405 u=0 breach=3 end=
CBAP_MIG t=22885000 epoch=4577 flow=48 side=new cur=13512052142 next=14388824870 tgt=15676923077 f=0.405 u=0 breach=3 end=
CBAP_MIG t=22885000 epoch=4577 flow=57 side=new cur=13512052096 next=14388824843 tgt=15676923077 f=0.405 u=0 breach=3 end=
CBAP_MIG t=22885000 epoch=4577 flow=60 side=new cur=13512051912 next=14388824733 tgt=15676923077 f=0.405 u=0 breach=3 end=
CBAP_MIG t=22885000 epoch=4577 flow=63 side=new cur=13512052309 next=14388824970 tgt=15676923077 f=0.405 u=0 breach=3 end=
CBAP_MIG t=22890000 epoch=4578 flow=4 side=new cur=14388824807 next=14910504606 tgt=15676923077 f=0.405 u=0 breach=3 end=
CBAP_MIG t=22890000 epoch=4578 flow=11 side=new cur=14388825043 next=14910504746 tgt=15676923077 f=0.405 u=0 breach=3 end=
CBAP_MIG t=22890000 epoch=4578 flow=12 side=new cur=14388824807 next=14910504606 tgt=15676923077 f=0.405 u=0 breach=3 end=
CBAP_MIG t=22890000 epoch=4578 flow=14 side=new cur=14388824899 next=14910504661 tgt=15676923077 f=0.405 u=0 breach=3 end=
CBAP_MIG t=22890000 epoch=4578 flow=15 side=new cur=14388824970 next=14910504703 tgt=15676923077 f=0.405 u=0 breach=3 end=
CBAP_MIG t=22890000 epoch=4578 flow=30 side=new cur=14388824807 next=14910504606 tgt=15676923077 f=0.405 u=0 breach=3 end=
CBAP_MIG t=22890000 epoch=4578 flow=43 side=new cur=14388824838 next=14910504624 tgt=15676923077 f=0.405 u=0 breach=3 end=
CBAP_MIG t=22890000 epoch=4578 flow=44 side=new cur=14388824838 next=14910504624 tgt=15676923077 f=0.405 u=0 breach=3 end=
CBAP_MIG t=22890000 epoch=4578 flow=47 side=new cur=14388825043 next=14910504746 tgt=15676923077 f=0.405 u=0 breach=3 end=
CBAP_MIG t=22890000 epoch=4578 flow=48 side=new cur=14388824870 next=14910504643 tgt=15676923077 f=0.405 u=0 breach=3 end=
CBAP_MIG t=22890000 epoch=4578 flow=57 side=new cur=14388824843 next=14910504627 tgt=15676923077 f=0.405 u=0 breach=3 end=
CBAP_MIG t=22890000 epoch=4578 flow=60 side=new cur=14388824733 next=14910504562 tgt=15676923077 f=0.405 u=0 breach=3 end=
CBAP_MIG t=22890000 epoch=4578 flow=63 side=new cur=14388824970 next=14910504703 tgt=15676923077 f=0.405 u=0 breach=3 end=
CBAP_MIG t=22895000 epoch=4579 flow=4 side=new cur=14910504606 next=15220904086 tgt=15676923077 f=0.405 u=0 breach=3 end=
CBAP_MIG t=22895000 epoch=4579 flow=11 side=new cur=14910504746 next=15220904170 tgt=15676923077 f=0.405 u=0 breach=3 end=
CBAP_MIG t=22895000 epoch=4579 flow=12 side=new cur=14910504606 next=15220904086 tgt=15676923077 f=0.405 u=0 breach=3 end=
CBAP_MIG t=22895000 epoch=4579 flow=14 side=new cur=14910504661 next=15220904119 tgt=15676923077 f=0.405 u=0 breach=3 end=
CBAP_MIG t=22895000 epoch=4579 flow=15 side=new cur=14910504703 next=15220904144 tgt=15676923077 f=0.405 u=0 breach=3 end=
CBAP_MIG t=22895000 epoch=4579 flow=30 side=new cur=14910504606 next=15220904086 tgt=15676923077 f=0.405 u=0 breach=3 end=
CBAP_MIG t=22895000 epoch=4579 flow=43 side=new cur=14910504624 next=15220904097 tgt=15676923077 f=0.405 u=0 breach=3 end=
CBAP_MIG t=22895000 epoch=4579 flow=44 side=new cur=14910504624 next=15220904097 tgt=15676923077 f=0.405 u=0 breach=3 end=
CBAP_MIG t=22895000 epoch=4579 flow=47 side=new cur=14910504746 next=15220904170 tgt=15676923077 f=0.405 u=0 breach=3 end=
CBAP_MIG t=22895000 epoch=4579 flow=48 side=new cur=14910504643 next=15220904108 tgt=15676923077 f=0.405 u=0 breach=3 end=
CBAP_MIG t=22895000 epoch=4579 flow=57 side=new cur=14910504627 next=15220904099 tgt=15676923077 f=0.405 u=0 breach=3 end=
CBAP_MIG t=22895000 epoch=4579 flow=60 side=new cur=14910504562 next=15220904060 tgt=15676923077 f=0.405 u=0 breach=3 end=
CBAP_MIG t=22895000 epoch=4579 flow=63 side=new cur=14910504703 next=15220904144 tgt=15676923077 f=0.405 u=0 breach=3 end=
CBAP_MIG_REPLAN t=22900000 reason=active_set_shrank flow=0 batch=0 newest_batch=1 cur=2000000000 target=2000000000 ceiling=160000000000 old_side_present=1
CBAP_MIG_REPLAN t=22900000 reason=active_set_shrank flow=4 batch=1 newest_batch=1 cur=15220904086 target=18163636363 ceiling=200000000000 old_side_present=1
CBAP_MIG_REPLAN t=22900000 reason=active_set_shrank flow=12 batch=1 newest_batch=1 cur=15220904086 target=18163636363 ceiling=200000000000 old_side_present=1
CBAP_MIG_REPLAN t=22900000 reason=active_set_shrank flow=14 batch=1 newest_batch=1 cur=15220904119 target=18163636363 ceiling=200000000000 old_side_present=1
CBAP_MIG_REPLAN t=22900000 reason=active_set_shrank flow=15 batch=1 newest_batch=1 cur=15220904144 target=18163636363 ceiling=200000000000 old_side_present=1
CBAP_MIG_REPLAN t=22900000 reason=active_set_shrank flow=30 batch=1 newest_batch=1 cur=15220904086 target=18163636363 ceiling=200000000000 old_side_present=1
CBAP_MIG_REPLAN t=22900000 reason=active_set_shrank flow=43 batch=1 newest_batch=1 cur=15220904097 target=18163636363 ceiling=200000000000 old_side_present=1
CBAP_MIG_REPLAN t=22900000 reason=active_set_shrank flow=44 batch=1 newest_batch=1 cur=15220904097 target=18163636363 ceiling=200000000000 old_side_present=1
CBAP_MIG_REPLAN t=22900000 reason=active_set_shrank flow=48 batch=1 newest_batch=1 cur=15220904108 target=18163636363 ceiling=200000000000 old_side_present=1
CBAP_MIG_REPLAN t=22900000 reason=active_set_shrank flow=57 batch=1 newest_batch=1 cur=15220904099 target=18163636363 ceiling=200000000000 old_side_present=1
CBAP_MIG_REPLAN t=22900000 reason=active_set_shrank flow=60 batch=1 newest_batch=1 cur=15220904060 target=18163636363 ceiling=200000000000 old_side_present=1
CBAP_MIG_REPLAN t=22900000 reason=active_set_shrank flow=63 batch=1 newest_batch=1 cur=15220904144 target=18163636363 ceiling=200000000000 old_side_present=1
CBAP_MIG t=22900000 epoch=4580 flow=0 side=old cur=2000000000 next=2000000000 tgt=2000000000 f=0.405 u=0 breach=0 end=converged
CBAP_MIG t=22900000 epoch=4580 flow=4 side=new cur=15220904086 next=16412710658 tgt=18163636363 f=0.405 u=0 breach=3 end=
CBAP_MIG t=22900000 epoch=4580 flow=12 side=new cur=15220904086 next=16412710658 tgt=18163636363 f=0.405 u=0 breach=3 end=
CBAP_MIG t=22900000 epoch=4580 flow=14 side=new cur=15220904119 next=16412710677 tgt=18163636363 f=0.405 u=0 breach=3 end=
CBAP_MIG t=22900000 epoch=4580 flow=15 side=new cur=15220904144 next=16412710692 tgt=18163636363 f=0.405 u=0 breach=3 end=
CBAP_MIG t=22900000 epoch=4580 flow=30 side=new cur=15220904086 next=16412710658 tgt=18163636363 f=0.405 u=0 breach=3 end=
CBAP_MIG t=22900000 epoch=4580 flow=43 side=new cur=15220904097 next=16412710664 tgt=18163636363 f=0.405 u=0 breach=3 end=
CBAP_MIG t=22900000 epoch=4580 flow=44 side=new cur=15220904097 next=16412710664 tgt=18163636363 f=0.405 u=0 breach=3 end=
CBAP_MIG t=22900000 epoch=4580 flow=48 side=new cur=15220904108 next=16412710671 tgt=18163636363 f=0.405 u=0 breach=3 end=
CBAP_MIG t=22900000 epoch=4580 flow=57 side=new cur=15220904099 next=16412710665 tgt=18163636363 f=0.405 u=0 breach=3 end=
CBAP_MIG t=22900000 epoch=4580 flow=60 side=new cur=15220904060 next=16412710642 tgt=18163636363 f=0.405 u=0 breach=3 end=
CBAP_MIG t=22900000 epoch=4580 flow=63 side=new cur=15220904144 next=16412710692 tgt=18163636363 f=0.405 u=0 breach=3 end=
CBAP_MIG t=22905000 epoch=4581 flow=4 side=new cur=16412710658 next=17121835568 tgt=18163636363 f=0.405 u=0 breach=3 end=
CBAP_MIG t=22905000 epoch=4581 flow=12 side=new cur=16412710658 next=17121835568 tgt=18163636363 f=0.405 u=0 breach=3 end=
CBAP_MIG t=22905000 epoch=4581 flow=14 side=new cur=16412710677 next=17121835579 tgt=18163636363 f=0.405 u=0 breach=3 end=
CBAP_MIG t=22905000 epoch=4581 flow=15 side=new cur=16412710692 next=17121835588 tgt=18163636363 f=0.405 u=0 breach=3 end=
CBAP_MIG t=22905000 epoch=4581 flow=30 side=new cur=16412710658 next=17121835568 tgt=18163636363 f=0.405 u=0 breach=3 end=
CBAP_MIG t=22905000 epoch=4581 flow=43 side=new cur=16412710664 next=17121835572 tgt=18163636363 f=0.405 u=0 breach=3 end=
CBAP_MIG t=22905000 epoch=4581 flow=44 side=new cur=16412710664 next=17121835572 tgt=18163636363 f=0.405 u=0 breach=3 end=
CBAP_MIG t=22905000 epoch=4581 flow=48 side=new cur=16412710671 next=17121835576 tgt=18163636363 f=0.405 u=0 breach=3 end=
CBAP_MIG t=22905000 epoch=4581 flow=57 side=new cur=16412710665 next=17121835572 tgt=18163636363 f=0.405 u=0 breach=3 end=
CBAP_MIG t=22905000 epoch=4581 flow=60 side=new cur=16412710642 next=17121835559 tgt=18163636363 f=0.405 u=0 breach=3 end=
CBAP_MIG t=22905000 epoch=4581 flow=63 side=new cur=16412710692 next=17121835588 tgt=18163636363 f=0.405 u=0 breach=3 end=
CBAP_MIG_REPLAN t=22910000 reason=active_set_shrank flow=0 batch=0 newest_batch=1 cur=2000000000 target=2000000000 ceiling=160000000000 old_side_present=1
CBAP_MIG_REPLAN t=22910000 reason=active_set_shrank flow=4 batch=1 newest_batch=1 cur=17121835568 target=22200000000 ceiling=200000000000 old_side_present=1
CBAP_MIG_REPLAN t=22910000 reason=active_set_shrank flow=12 batch=1 newest_batch=1 cur=17121835568 target=22200000000 ceiling=200000000000 old_side_present=1
CBAP_MIG_REPLAN t=22910000 reason=active_set_shrank flow=14 batch=1 newest_batch=1 cur=17121835579 target=22200000000 ceiling=200000000000 old_side_present=1
CBAP_MIG_REPLAN t=22910000 reason=active_set_shrank flow=30 batch=1 newest_batch=1 cur=17121835568 target=22200000000 ceiling=200000000000 old_side_present=1
CBAP_MIG_REPLAN t=22910000 reason=active_set_shrank flow=43 batch=1 newest_batch=1 cur=17121835572 target=22200000000 ceiling=200000000000 old_side_present=1
CBAP_MIG_REPLAN t=22910000 reason=active_set_shrank flow=44 batch=1 newest_batch=1 cur=17121835572 target=22200000000 ceiling=200000000000 old_side_present=1
CBAP_MIG_REPLAN t=22910000 reason=active_set_shrank flow=48 batch=1 newest_batch=1 cur=17121835576 target=22200000000 ceiling=200000000000 old_side_present=1
CBAP_MIG_REPLAN t=22910000 reason=active_set_shrank flow=57 batch=1 newest_batch=1 cur=17121835572 target=22200000000 ceiling=200000000000 old_side_present=1
CBAP_MIG_REPLAN t=22910000 reason=active_set_shrank flow=60 batch=1 newest_batch=1 cur=17121835559 target=22200000000 ceiling=200000000000 old_side_present=1
CBAP_MIG t=22910000 epoch=4582 flow=0 side=old cur=2000000000 next=2000000000 tgt=2000000000 f=0.405 u=0 breach=0 end=converged
CBAP_MIG t=22910000 epoch=4582 flow=4 side=new cur=17121835568 next=19178492162 tgt=22200000000 f=0.405 u=0 breach=3 end=
CBAP_MIG t=22910000 epoch=4582 flow=12 side=new cur=17121835568 next=19178492162 tgt=22200000000 f=0.405 u=0 breach=3 end=
CBAP_MIG t=22910000 epoch=4582 flow=14 side=new cur=17121835579 next=19178492169 tgt=22200000000 f=0.405 u=0 breach=3 end=
CBAP_MIG t=22910000 epoch=4582 flow=30 side=new cur=17121835568 next=19178492162 tgt=22200000000 f=0.405 u=0 breach=3 end=
CBAP_MIG t=22910000 epoch=4582 flow=43 side=new cur=17121835572 next=19178492165 tgt=22200000000 f=0.405 u=0 breach=3 end=
CBAP_MIG t=22910000 epoch=4582 flow=44 side=new cur=17121835572 next=19178492165 tgt=22200000000 f=0.405 u=0 breach=3 end=
CBAP_MIG t=22910000 epoch=4582 flow=48 side=new cur=17121835576 next=19178492167 tgt=22200000000 f=0.405 u=0 breach=3 end=
CBAP_MIG t=22910000 epoch=4582 flow=57 side=new cur=17121835572 next=19178492165 tgt=22200000000 f=0.405 u=0 breach=3 end=
CBAP_MIG t=22910000 epoch=4582 flow=60 side=new cur=17121835559 next=19178492157 tgt=22200000000 f=0.405 u=0 breach=3 end=
CBAP_MIG_REPLAN t=22915000 reason=active_set_shrank flow=0 batch=0 newest_batch=1 cur=2000000000 target=2000000000 ceiling=160000000000 old_side_present=1
CBAP_MIG_REPLAN t=22915000 reason=active_set_shrank flow=43 batch=1 newest_batch=1 cur=19178492165 target=39960000000 ceiling=200000000000 old_side_present=1
CBAP_MIG_REPLAN t=22915000 reason=active_set_shrank flow=44 batch=1 newest_batch=1 cur=19178492165 target=39960000000 ceiling=200000000000 old_side_present=1
CBAP_MIG_REPLAN t=22915000 reason=active_set_shrank flow=48 batch=1 newest_batch=1 cur=19178492167 target=39960000000 ceiling=200000000000 old_side_present=1
CBAP_MIG_REPLAN t=22915000 reason=active_set_shrank flow=57 batch=1 newest_batch=1 cur=19178492165 target=39960000000 ceiling=200000000000 old_side_present=1
CBAP_MIG_REPLAN t=22915000 reason=active_set_shrank flow=60 batch=1 newest_batch=1 cur=19178492157 target=39960000000 ceiling=200000000000 old_side_present=1
CBAP_MIG t=22915000 epoch=4583 flow=0 side=old cur=2000000000 next=2000000000 tgt=2000000000 f=0.405 u=0 breach=0 end=converged
CBAP_MIG t=22915000 epoch=4583 flow=43 side=new cur=19178492165 next=27595002838 tgt=39960000000 f=0.405 u=0 breach=3 end=
CBAP_MIG t=22915000 epoch=4583 flow=44 side=new cur=19178492165 next=27595002838 tgt=39960000000 f=0.405 u=0 breach=3 end=
CBAP_MIG t=22915000 epoch=4583 flow=48 side=new cur=19178492167 next=27595002839 tgt=39960000000 f=0.405 u=0 breach=3 end=
CBAP_MIG t=22915000 epoch=4583 flow=57 side=new cur=19178492165 next=27595002838 tgt=39960000000 f=0.405 u=0 breach=3 end=
CBAP_MIG t=22915000 epoch=4583 flow=60 side=new cur=19178492157 next=27595002833 tgt=39960000000 f=0.405 u=0 breach=3 end=
CBAP_MIG_REPLAN t=22920000 reason=active_set_shrank flow=0 batch=0 newest_batch=1 cur=2000000000 target=2000000000 ceiling=160000000000 old_side_present=1
CBAP_MIG_REPLAN t=22920000 reason=active_set_shrank flow=57 batch=1 newest_batch=1 cur=27595002838 target=99900000000 ceiling=200000000000 old_side_present=1
CBAP_MIG_REPLAN t=22920000 reason=active_set_shrank flow=60 batch=1 newest_batch=1 cur=27595002833 target=99900000000 ceiling=200000000000 old_side_present=1
CBAP_MIG t=22920000 epoch=4584 flow=0 side=old cur=2000000000 next=2000000000 tgt=2000000000 f=0.405 u=0 breach=0 end=converged
CBAP_MIG t=22920000 epoch=4584 flow=57 side=new cur=27595002838 next=56878526688 tgt=99900000000 f=0.405 u=0 breach=3 end=
CBAP_MIG t=22920000 epoch=4584 flow=60 side=new cur=27595002833 next=56878526685 tgt=99900000000 f=0.405 u=0 breach=3 end=
CBAP_MIG_REPLAN t=22925000 reason=active_set_shrank flow=0 batch=0 newest_batch=1 cur=2000000000 target=2000000000 ceiling=160000000000 old_side_present=1
CBAP_MIG_REPLAN t=22925000 reason=active_set_shrank flow=60 batch=1 newest_batch=1 cur=56878526685 target=199800000001 ceiling=200000000000 old_side_present=1
CBAP_MIG t=22925000 epoch=4585 flow=0 side=old cur=2000000000 next=2000000000 tgt=2000000000 f=0.405 u=0 breach=0 end=converged
CBAP_MIG t=22925000 epoch=4585 flow=60 side=new cur=56878526685 next=114761723377 tgt=199800000001 f=0.405 u=0 breach=3 end=
CBAP_MIG_REPLAN t=22930000 reason=active_set_shrank flow=0 batch=0 newest_batch=0 cur=2000000000 target=160000000000 ceiling=160000000000 old_side_present=0
CBAP_MIG t=22930000 epoch=4586 flow=0 side=new cur=2000000000 next=65989999999 tgt=160000000000 f=0.405 u=0 breach=0 end=
CBAP_MIG t=22935000 epoch=4587 flow=0 side=new cur=65989999999 next=104064049999 tgt=160000000000 f=0.405 u=0 breach=0 end=
CBAP_MIG t=22940000 epoch=4588 flow=0 side=new cur=104064049999 next=126718109749 tgt=160000000000 f=0.405 u=0 breach=0 end=
CBAP_MIG t=22945000 epoch=4589 flow=0 side=new cur=126718109749 next=140197275300 tgt=160000000000 f=0.405 u=0 breach=0 end=
CBAP_MIG t=22950000 epoch=4590 flow=0 side=new cur=140197275300 next=148217378803 tgt=160000000000 f=0.405 u=0 breach=0 end=
CBAP_MIG t=22955000 epoch=4591 flow=0 side=new cur=148217378803 next=152989340387 tgt=160000000000 f=0.405 u=0 breach=0 end=
CBAP_MIG t=22960000 epoch=4592 flow=0 side=new cur=152989340387 next=155828657530 tgt=160000000000 f=0.405 u=0 breach=0 end=
CBAP_MIG t=22965000 epoch=4593 flow=0 side=new cur=155828657530 next=157518051230 tgt=160000000000 f=0.405 u=0 breach=0 end=
CBAP_MIG t=22970000 epoch=4594 flow=0 side=new cur=157518051230 next=158523240481 tgt=160000000000 f=0.405 u=0 breach=0 end=converged
75.0957
