ENABLE_QCN			Yes
USE_DYNAMIC_PFC_THRESHOLD	Yes
CLAMP_TARGET_RATE		No
PAUSE_TIME			5
DATA_RATE			10Gbps
LINK_DELAY			0.001ms
PACKET_PAYLOAD_SIZE		952
L2_CHUNK_SIZE			4000
L2_ACK_INTERVAL			1
L2_BACK_TO_ZERO			No
TOPOLOGY_FILE			/work/v2_400g/configs/topo_200g.txt
FLOW_FILE			/work/v2_400g/configs/fm200g_s4_cbap_flow.txt
TRACE_FILE			/work/v2_400g/results/fm200g_s4_cbap/s1_trace.txt
TRACE_OUTPUT_FILE		/work/v2_400g/results/fm200g_s4_cbap/trace_output.txt
SIMULATOR_STOP_TIME		0.049
CC_MODE		30
ALPHA_RESUME_INTERVAL		55
RATE_DECREASE_INTERVAL		4
RP_TIMER			300
EWMA_GAIN			0.00390625
FAST_RECOVERY_TIMES		5
RATE_AI				50Mb/s
RATE_HAI			100Mb/s
MIN_RATE		2000Mb/s
DCTCP_RATE_AI				1000Mb/s
ERROR_RATE_PER_LINK		0
HAS_WIN		1
GLOBAL_T		1
MI_THRESH		5
VAR_WIN		0
FAST_REACT		1
U_TARGET		0.95
INT_MULTI				1
RATE_BOUND		1
ACK_HIGH_PRIO		0
LINK_DOWN				0 0 0
ENABLE_TRACE				0
BUFFER_SIZE				64
QLEN_MON_FILE				/dev/null
QLEN_MON_START				0
QLEN_MON_END				48662440
KMAX_MAP				 200000000000 1600
KMIN_MAP				 200000000000 400
PMAX_MAP				 200000000000 0.2
MULTI_RATE				1
SAMPLE_FEEDBACK				0
PFC_OUTPUT_FILE				/work/v2_400g/results/fm200g_s4_cbap/pfc_events.csv
CBAP_PHASE_SPREAD_ENABLE		1
CBAP_STEADY_CAP_ENABLE		1
CBAP_STEADY_CAP_FRACTION		1
CBAP_SBA_STEADY_FILL		0
CBAP_HOLD_TRACK_TARGET		0
CBAP_QUEUE_BAND_ENABLE		0
CBAP_QUEUE_BAND_V2_ENABLE		1
CBAP_QB2_BMAX_RATIO		0.02
CBAP_QB2_QTARGET_RATIO		0.07619
SBA_WIRE_DOMAIN_PLANNING		1
QLEN_TS_FILE				/work/v2_400g/results/fm200g_s4_cbap/qlen_ts.csv
QLEN_TS_INTERVAL_NS			2000
TX_TIME_ROUND_NS		1
CBAP_TX_RECORDS_MAX		2000000
CBAP_REALLOC_PARSED migration_enable=1 core_initial_release=1 initial_release_ratio=0.9 migration_trace=1
CBAP_TELEMETRY_LINK link_id=0 node=84 if=1 faces_node=64 dev_rate_bps=200000000000 cfg_capacity_bps=200000000000
maxRtt=12152 maxBdp=303800
Running Simulation.
QB2_MANIFEST link=0 bmax_ratio=0.0200 qtarget_ratio=0.0762 q_abs=2624999 h_eff_us=15.000
SBA_PLAN_AT t=10000000 group=0 application_ready=10000000 common_release=10005000 members=1
SBA_LIFECYCLE batch=0 release_ns=10005000 installed=0 collecting=0 hold=0 startup=0 dcqcn_owned=0 finished=0 new_batch=1 rho_init=0.9000
SBA_LIFECYCLE_CHECK batch=0 link=0 batch_sum=200000000000 old_retained=0 available=200000000000 bound=200000000000 margin=1
CBAP_MIG_REPLAN t=10010000 reason=active_set_grew flow=0 batch=0 newest_batch=0 cur=190000000000 target=190000000000 ceiling=190000000000 old_side_present=0
CBAP_MIG t=10010000 epoch=2002 flow=0 side=new cur=190000000000 next=190000000000 tgt=190000000000 f=0.405 u=0 breach=0 end=converged
SBA_PLAN_AT t=20000000 group=1 application_ready=20000000 common_release=20005000 members=64
SBA_LIFECYCLE batch=1 release_ns=20005000 installed=1 collecting=0 hold=0 startup=0 dcqcn_owned=1 finished=0 new_batch=64 rho_init=0.9000
SBA_LIFECYCLE_LINK batch=1 link=0 old_applied=190000000000 available=200000000000
SBA_LIFECYCLE_CHECK batch=1 link=0 batch_sum=181000000000 old_retained=19000000000 available=200000000000 bound=200000000000 margin=64
CBAP_MIG_REPLAN t=20010000 reason=active_set_grew flow=0 batch=0 newest_batch=1 cur=190000000000 target=18999999999 ceiling=190000000000 old_side_present=1
CBAP_MIG_REPLAN t=20010000 reason=active_set_grew flow=1 batch=1 newest_batch=1 cur=2100840336 target=2828125000 ceiling=200000000000 old_side_present=1
CBAP_MIG_REPLAN t=20010000 reason=active_set_grew flow=2 batch=1 newest_batch=1 cur=2100840336 target=2828125000 ceiling=200000000000 old_side_present=1
CBAP_MIG_REPLAN t=20010000 reason=active_set_grew flow=3 batch=1 newest_batch=1 cur=2100840336 target=2828125000 ceiling=200000000000 old_side_present=1
CBAP_MIG_REPLAN t=20010000 reason=active_set_grew flow=4 batch=1 newest_batch=1 cur=2100840336 target=2828125000 ceiling=200000000000 old_side_present=1
CBAP_MIG_REPLAN t=20010000 reason=active_set_grew flow=5 batch=1 newest_batch=1 cur=2100840336 target=2828125000 ceiling=200000000000 old_side_present=1
CBAP_MIG_REPLAN t=20010000 reason=active_set_grew flow=6 batch=1 newest_batch=1 cur=2100840336 target=2828125000 ceiling=200000000000 old_side_present=1
CBAP_MIG_REPLAN t=20010000 reason=active_set_grew flow=7 batch=1 newest_batch=1 cur=2100840336 target=2828125000 ceiling=200000000000 old_side_present=1
CBAP_MIG_REPLAN t=20010000 reason=active_set_grew flow=8 batch=1 newest_batch=1 cur=2100840336 target=2828125000 ceiling=200000000000 old_side_present=1
CBAP_MIG_REPLAN t=20010000 reason=active_set_grew flow=9 batch=1 newest_batch=1 cur=2100840336 target=2828125000 ceiling=200000000000 old_side_present=1
CBAP_MIG_REPLAN t=20010000 reason=active_set_grew flow=10 batch=1 newest_batch=1 cur=2100840336 target=2828125000 ceiling=200000000000 old_side_present=1
CBAP_MIG_REPLAN t=20010000 reason=active_set_grew flow=11 batch=1 newest_batch=1 cur=2100840336 target=2828125000 ceiling=200000000000 old_side_present=1
CBAP_MIG_REPLAN t=20010000 reason=active_set_grew flow=12 batch=1 newest_batch=1 cur=2100840336 target=2828125000 ceiling=200000000000 old_side_present=1
CBAP_MIG_REPLAN t=20010000 reason=active_set_grew flow=13 batch=1 newest_batch=1 cur=2100840336 target=2828125000 ceiling=200000000000 old_side_present=1
CBAP_MIG_REPLAN t=20010000 reason=active_set_grew flow=14 batch=1 newest_batch=1 cur=2100840336 target=2828125000 ceiling=200000000000 old_side_present=1
CBAP_MIG_REPLAN t=20010000 reason=active_set_grew flow=15 batch=1 newest_batch=1 cur=2100840336 target=2828125000 ceiling=200000000000 old_side_present=1
CBAP_MIG_REPLAN t=20010000 reason=active_set_grew flow=16 batch=1 newest_batch=1 cur=2100840336 target=2828125000 ceiling=200000000000 old_side_present=1
CBAP_MIG_REPLAN t=20010000 reason=active_set_grew flow=17 batch=1 newest_batch=1 cur=2100840336 target=2828125000 ceiling=200000000000 old_side_present=1
CBAP_MIG_REPLAN t=20010000 reason=active_set_grew flow=18 batch=1 newest_batch=1 cur=2100840336 target=2828125000 ceiling=200000000000 old_side_present=1
CBAP_MIG_REPLAN t=20010000 reason=active_set_grew flow=19 batch=1 newest_batch=1 cur=2100840336 target=2828125000 ceiling=200000000000 old_side_present=1
CBAP_MIG_REPLAN t=20010000 reason=active_set_grew flow=20 batch=1 newest_batch=1 cur=2100840336 target=2828125000 ceiling=200000000000 old_side_present=1
CBAP_MIG_REPLAN t=20010000 reason=active_set_grew flow=21 batch=1 newest_batch=1 cur=2100840336 target=2828125000 ceiling=200000000000 old_side_present=1
CBAP_MIG_REPLAN t=20010000 reason=active_set_grew flow=22 batch=1 newest_batch=1 cur=2100840336 target=2828125000 ceiling=200000000000 old_side_present=1
CBAP_MIG_REPLAN t=20010000 reason=active_set_grew flow=23 batch=1 newest_batch=1 cur=2100840336 target=2828125000 ceiling=200000000000 old_side_present=1
CBAP_MIG_REPLAN t=20010000 reason=active_set_grew flow=24 batch=1 newest_batch=1 cur=2100840336 target=2828125000 ceiling=200000000000 old_side_present=1
CBAP_MIG_REPLAN t=20010000 reason=active_set_grew flow=25 batch=1 newest_batch=1 cur=2100840336 target=2828125000 ceiling=200000000000 old_side_present=1
CBAP_MIG_REPLAN t=20010000 reason=active_set_grew flow=26 batch=1 newest_batch=1 cur=2100840336 target=2828125000 ceiling=200000000000 old_side_present=1
CBAP_MIG_REPLAN t=20010000 reason=active_set_grew flow=27 batch=1 newest_batch=1 cur=2100840336 target=2828125000 ceiling=200000000000 old_side_present=1
CBAP_MIG_REPLAN t=20010000 reason=active_set_grew flow=28 batch=1 newest_batch=1 cur=2100840336 target=2828125000 ceiling=200000000000 old_side_present=1
CBAP_MIG_REPLAN t=20010000 reason=active_set_grew flow=29 batch=1 newest_batch=1 cur=2100840336 target=2828125000 ceiling=200000000000 old_side_present=1
CBAP_MIG_REPLAN t=20010000 reason=active_set_grew flow=30 batch=1 newest_batch=1 cur=2100840336 target=2828125000 ceiling=200000000000 old_side_present=1
CBAP_MIG_REPLAN t=20010000 reason=active_set_grew flow=31 batch=1 newest_batch=1 cur=2100840336 target=2828125000 ceiling=200000000000 old_side_present=1
CBAP_MIG_REPLAN t=20010000 reason=active_set_grew flow=32 batch=1 newest_batch=1 cur=2100840336 target=2828125000 ceiling=200000000000 old_side_present=1
CBAP_MIG_REPLAN t=20010000 reason=active_set_grew flow=33 batch=1 newest_batch=1 cur=2100840336 target=2828125000 ceiling=200000000000 old_side_present=1
CBAP_MIG_REPLAN t=20010000 reason=active_set_grew flow=34 batch=1 newest_batch=1 cur=2100840336 target=2828125000 ceiling=200000000000 old_side_present=1
CBAP_MIG_REPLAN t=20010000 reason=active_set_grew flow=35 batch=1 newest_batch=1 cur=2100840336 target=2828125000 ceiling=200000000000 old_side_present=1
CBAP_MIG_REPLAN t=20010000 reason=active_set_grew flow=36 batch=1 newest_batch=1 cur=2100840336 target=2828125000 ceiling=200000000000 old_side_present=1
CBAP_MIG_REPLAN t=20010000 reason=active_set_grew flow=37 batch=1 newest_batch=1 cur=2100840336 target=2828125000 ceiling=200000000000 old_side_present=1
CBAP_MIG_REPLAN t=20010000 reason=active_set_grew flow=38 batch=1 newest_batch=1 cur=2100840336 target=2828125000 ceiling=200000000000 old_side_present=1
CBAP_MIG_REPLAN t=20010000 reason=active_set_grew flow=39 batch=1 newest_batch=1 cur=2100840336 target=2828125000 ceiling=200000000000 old_side_present=1
CBAP_MIG_REPLAN t=20010000 reason=active_set_grew flow=40 batch=1 newest_batch=1 cur=2100840336 target=2828125000 ceiling=200000000000 old_side_present=1
CBAP_MIG_REPLAN t=20010000 reason=active_set_grew flow=41 batch=1 newest_batch=1 cur=2100840336 target=2828125000 ceiling=200000000000 old_side_present=1
CBAP_MIG_REPLAN t=20010000 reason=active_set_grew flow=42 batch=1 newest_batch=1 cur=2100840336 target=2828125000 ceiling=200000000000 old_side_present=1
CBAP_MIG_REPLAN t=20010000 reason=active_set_grew flow=43 batch=1 newest_batch=1 cur=2100840336 target=2828125000 ceiling=200000000000 old_side_present=1
CBAP_MIG_REPLAN t=20010000 reason=active_set_grew flow=44 batch=1 newest_batch=1 cur=2100840336 target=2828125000 ceiling=200000000000 old_side_present=1
CBAP_MIG_REPLAN t=20010000 reason=active_set_grew flow=45 batch=1 newest_batch=1 cur=2100840336 target=2828125000 ceiling=200000000000 old_side_present=1
CBAP_MIG_REPLAN t=20010000 reason=active_set_grew flow=46 batch=1 newest_batch=1 cur=2100840336 target=2828125000 ceiling=200000000000 old_side_present=1
CBAP_MIG_REPLAN t=20010000 reason=active_set_grew flow=47 batch=1 newest_batch=1 cur=2100840336 target=2828125000 ceiling=200000000000 old_side_present=1
CBAP_MIG_REPLAN t=20010000 reason=active_set_grew flow=48 batch=1 newest_batch=1 cur=2100840336 target=2828125000 ceiling=200000000000 old_side_present=1
CBAP_MIG_REPLAN t=20010000 reason=active_set_grew flow=49 batch=1 newest_batch=1 cur=2100840336 target=2828125000 ceiling=200000000000 old_side_present=1
CBAP_MIG_REPLAN t=20010000 reason=active_set_grew flow=50 batch=1 newest_batch=1 cur=2100840336 target=2828125000 ceiling=200000000000 old_side_present=1
CBAP_MIG_REPLAN t=20010000 reason=active_set_grew flow=51 batch=1 newest_batch=1 cur=2100840336 target=2828125000 ceiling=200000000000 old_side_present=1
CBAP_MIG_REPLAN t=20010000 reason=active_set_grew flow=52 batch=1 newest_batch=1 cur=2100840336 target=2828125000 ceiling=200000000000 old_side_present=1
CBAP_MIG_REPLAN t=20010000 reason=active_set_grew flow=53 batch=1 newest_batch=1 cur=2100840336 target=2828125000 ceiling=200000000000 old_side_present=1
CBAP_MIG_REPLAN t=20010000 reason=active_set_grew flow=54 batch=1 newest_batch=1 cur=2100840336 target=2828125000 ceiling=200000000000 old_side_present=1
CBAP_MIG_REPLAN t=20010000 reason=active_set_grew flow=55 batch=1 newest_batch=1 cur=2100840336 target=2828125000 ceiling=200000000000 old_side_present=1
CBAP_MIG_REPLAN t=20010000 reason=active_set_grew flow=56 batch=1 newest_batch=1 cur=2100840336 target=2828125000 ceiling=200000000000 old_side_present=1
CBAP_MIG_REPLAN t=20010000 reason=active_set_grew flow=57 batch=1 newest_batch=1 cur=2100840336 target=2828125000 ceiling=200000000000 old_side_present=1
CBAP_MIG_REPLAN t=20010000 reason=active_set_grew flow=58 batch=1 newest_batch=1 cur=2100840336 target=2828125000 ceiling=200000000000 old_side_present=1
CBAP_MIG_REPLAN t=20010000 reason=active_set_grew flow=59 batch=1 newest_batch=1 cur=2100840336 target=2828125000 ceiling=200000000000 old_side_present=1
CBAP_MIG_REPLAN t=20010000 reason=active_set_grew flow=60 batch=1 newest_batch=1 cur=2100840336 target=2828125000 ceiling=200000000000 old_side_present=1
CBAP_MIG_REPLAN t=20010000 reason=active_set_grew flow=61 batch=1 newest_batch=1 cur=2100840336 target=2828125000 ceiling=200000000000 old_side_present=1
CBAP_MIG_REPLAN t=20010000 reason=active_set_grew flow=62 batch=1 newest_batch=1 cur=2100840336 target=2828125000 ceiling=200000000000 old_side_present=1
CBAP_MIG_REPLAN t=20010000 reason=active_set_grew flow=63 batch=1 newest_batch=1 cur=2100840336 target=2828125000 ceiling=200000000000 old_side_present=1
CBAP_MIG_REPLAN t=20010000 reason=active_set_grew flow=64 batch=1 newest_batch=1 cur=2100840336 target=2828125000 ceiling=200000000000 old_side_present=1
CBAP_MIG t=20010000 epoch=4002 flow=0 side=old cur=190000000000 next=138699999999 tgt=18999999999 f=0.3 u=0 breach=0 end=
CBAP_MIG t=20010000 epoch=4002 flow=1 side=new cur=2100840336 next=2395390624 tgt=2828125000 f=0.405 u=0 breach=0 end=
CBAP_MIG t=20010000 epoch=4002 flow=2 side=new cur=2100840336 next=2395390624 tgt=2828125000 f=0.405 u=0 breach=0 end=
CBAP_MIG t=20010000 epoch=4002 flow=3 side=new cur=2100840336 next=2395390624 tgt=2828125000 f=0.405 u=0 breach=0 end=
CBAP_MIG t=20010000 epoch=4002 flow=4 side=new cur=2100840336 next=2395390624 tgt=2828125000 f=0.405 u=0 breach=0 end=
CBAP_MIG t=20010000 epoch=4002 flow=5 side=new cur=2100840336 next=2395390624 tgt=2828125000 f=0.405 u=0 breach=0 end=
CBAP_MIG t=20010000 epoch=4002 flow=6 side=new cur=2100840336 next=2395390624 tgt=2828125000 f=0.405 u=0 breach=0 end=
CBAP_MIG t=20010000 epoch=4002 flow=7 side=new cur=2100840336 next=2395390624 tgt=2828125000 f=0.405 u=0 breach=0 end=
CBAP_MIG t=20010000 epoch=4002 flow=8 side=new cur=2100840336 next=2395390624 tgt=2828125000 f=0.405 u=0 breach=0 end=
CBAP_MIG t=20010000 epoch=4002 flow=9 side=new cur=2100840336 next=2395390624 tgt=2828125000 f=0.405 u=0 breach=0 end=
CBAP_MIG t=20010000 epoch=4002 flow=10 side=new cur=2100840336 next=2395390624 tgt=2828125000 f=0.405 u=0 breach=0 end=
CBAP_MIG t=20010000 epoch=4002 flow=11 side=new cur=2100840336 next=2395390624 tgt=2828125000 f=0.405 u=0 breach=0 end=
CBAP_MIG t=20010000 epoch=4002 flow=12 side=new cur=2100840336 next=2395390624 tgt=2828125000 f=0.405 u=0 breach=0 end=
CBAP_MIG t=20010000 epoch=4002 flow=13 side=new cur=2100840336 next=2395390624 tgt=2828125000 f=0.405 u=0 breach=0 end=
CBAP_MIG t=20010000 epoch=4002 flow=14 side=new cur=2100840336 next=2395390624 tgt=2828125000 f=0.405 u=0 breach=0 end=
CBAP_MIG t=20010000 epoch=4002 flow=15 side=new cur=2100840336 next=2395390624 tgt=2828125000 f=0.405 u=0 breach=0 end=
CBAP_MIG t=20010000 epoch=4002 flow=16 side=new cur=2100840336 next=2395390624 tgt=2828125000 f=0.405 u=0 breach=0 end=
CBAP_MIG t=20010000 epoch=4002 flow=17 side=new cur=2100840336 next=2395390624 tgt=2828125000 f=0.405 u=0 breach=0 end=
CBAP_MIG t=20010000 epoch=4002 flow=18 side=new cur=2100840336 next=2395390624 tgt=2828125000 f=0.405 u=0 breach=0 end=
CBAP_MIG t=20010000 epoch=4002 flow=19 side=new cur=2100840336 next=2395390624 tgt=2828125000 f=0.405 u=0 breach=0 end=
CBAP_MIG t=20010000 epoch=4002 flow=20 side=new cur=2100840336 next=2395390624 tgt=2828125000 f=0.405 u=0 breach=0 end=
CBAP_MIG t=20010000 epoch=4002 flow=21 side=new cur=2100840336 next=2395390624 tgt=2828125000 f=0.405 u=0 breach=0 end=
CBAP_MIG t=20010000 epoch=4002 flow=22 side=new cur=2100840336 next=2395390624 tgt=2828125000 f=0.405 u=0 breach=0 end=
CBAP_MIG t=20010000 epoch=4002 flow=23 side=new cur=2100840336 next=2395390624 tgt=2828125000 f=0.405 u=0 breach=0 end=
CBAP_MIG t=20010000 epoch=4002 flow=24 side=new cur=2100840336 next=2395390624 tgt=2828125000 f=0.405 u=0 breach=0 end=
CBAP_MIG t=20010000 epoch=4002 flow=25 side=new cur=2100840336 next=2395390624 tgt=2828125000 f=0.405 u=0 breach=0 end=
CBAP_MIG t=20010000 epoch=4002 flow=26 side=new cur=2100840336 next=2395390624 tgt=2828125000 f=0.405 u=0 breach=0 end=
CBAP_MIG t=20010000 epoch=4002 flow=27 side=new cur=2100840336 next=2395390624 tgt=2828125000 f=0.405 u=0 breach=0 end=
CBAP_MIG t=20010000 epoch=4002 flow=28 side=new cur=2100840336 next=2395390624 tgt=2828125000 f=0.405 u=0 breach=0 end=
CBAP_MIG t=20010000 epoch=4002 flow=29 side=new cur=2100840336 next=2395390624 tgt=2828125000 f=0.405 u=0 breach=0 end=
CBAP_MIG t=20010000 epoch=4002 flow=30 side=new cur=2100840336 next=2395390624 tgt=2828125000 f=0.405 u=0 breach=0 end=
CBAP_MIG t=20010000 epoch=4002 flow=31 side=new cur=2100840336 next=2395390624 tgt=2828125000 f=0.405 u=0 breach=0 end=
CBAP_MIG t=20010000 epoch=4002 flow=32 side=new cur=2100840336 next=2395390624 tgt=2828125000 f=0.405 u=0 breach=0 end=
CBAP_MIG t=20010000 epoch=4002 flow=33 side=new cur=2100840336 next=2395390624 tgt=2828125000 f=0.405 u=0 breach=0 end=
CBAP_MIG t=20010000 epoch=4002 flow=34 side=new cur=2100840336 next=2395390624 tgt=2828125000 f=0.405 u=0 breach=0 end=
CBAP_MIG t=20010000 epoch=4002 flow=35 side=new cur=2100840336 next=2395390624 tgt=2828125000 f=0.405 u=0 breach=0 end=
CBAP_MIG t=20010000 epoch=4002 flow=36 side=new cur=2100840336 next=2395390624 tgt=2828125000 f=0.405 u=0 breach=0 end=
CBAP_MIG t=20010000 epoch=4002 flow=37 side=new cur=2100840336 next=2395390624 tgt=2828125000 f=0.405 u=0 breach=0 end=
CBAP_MIG t=20010000 epoch=4002 flow=38 side=new cur=2100840336 next=2395390624 tgt=2828125000 f=0.405 u=0 breach=0 end=
CBAP_MIG t=20010000 epoch=4002 flow=39 side=new cur=2100840336 next=2395390624 tgt=2828125000 f=0.405 u=0 breach=0 end=
CBAP_MIG t=20010000 epoch=4002 flow=40 side=new cur=2100840336 next=2395390624 tgt=2828125000 f=0.405 u=0 breach=0 end=
CBAP_MIG t=20010000 epoch=4002 flow=41 side=new cur=2100840336 next=2395390624 tgt=2828125000 f=0.405 u=0 breach=0 end=
CBAP_MIG t=20010000 epoch=4002 flow=42 side=new cur=2100840336 next=2395390624 tgt=2828125000 f=0.405 u=0 breach=0 end=
CBAP_MIG t=20010000 epoch=4002 flow=43 side=new cur=2100840336 next=2395390624 tgt=2828125000 f=0.405 u=0 breach=0 end=
CBAP_MIG t=20010000 epoch=4002 flow=44 side=new cur=2100840336 next=2395390624 tgt=2828125000 f=0.405 u=0 breach=0 end=
CBAP_MIG t=20010000 epoch=4002 flow=45 side=new cur=2100840336 next=2395390624 tgt=2828125000 f=0.405 u=0 breach=0 end=
CBAP_MIG t=20010000 epoch=4002 flow=46 side=new cur=2100840336 next=2395390624 tgt=2828125000 f=0.405 u=0 breach=0 end=
CBAP_MIG t=20010000 epoch=4002 flow=47 side=new cur=2100840336 next=2395390624 tgt=2828125000 f=0.405 u=0 breach=0 end=
CBAP_MIG t=20010000 epoch=4002 flow=48 side=new cur=2100840336 next=2395390624 tgt=2828125000 f=0.405 u=0 breach=0 end=
CBAP_MIG t=20010000 epoch=4002 flow=49 side=new cur=2100840336 next=2395390624 tgt=2828125000 f=0.405 u=0 breach=0 end=
CBAP_MIG t=20010000 epoch=4002 flow=50 side=new cur=2100840336 next=2395390624 tgt=2828125000 f=0.405 u=0 breach=0 end=
CBAP_MIG t=20010000 epoch=4002 flow=51 side=new cur=2100840336 next=2395390624 tgt=2828125000 f=0.405 u=0 breach=0 end=
CBAP_MIG t=20010000 epoch=4002 flow=52 side=new cur=2100840336 next=2395390624 tgt=2828125000 f=0.405 u=0 breach=0 end=
CBAP_MIG t=20010000 epoch=4002 flow=53 side=new cur=2100840336 next=2395390624 tgt=2828125000 f=0.405 u=0 breach=0 end=
CBAP_MIG t=20010000 epoch=4002 flow=54 side=new cur=2100840336 next=2395390624 tgt=2828125000 f=0.405 u=0 breach=0 end=
CBAP_MIG t=20010000 epoch=4002 flow=55 side=new cur=2100840336 next=2395390624 tgt=2828125000 f=0.405 u=0 breach=0 end=
CBAP_MIG t=20010000 epoch=4002 flow=56 side=new cur=2100840336 next=2395390624 tgt=2828125000 f=0.405 u=0 breach=0 end=
CBAP_MIG t=20010000 epoch=4002 flow=57 side=new cur=2100840336 next=2395390624 tgt=2828125000 f=0.405 u=0 breach=0 end=
CBAP_MIG t=20010000 epoch=4002 flow=58 side=new cur=2100840336 next=2395390624 tgt=2828125000 f=0.405 u=0 breach=0 end=
CBAP_MIG t=20010000 epoch=4002 flow=59 side=new cur=2100840336 next=2395390624 tgt=2828125000 f=0.405 u=0 breach=0 end=
CBAP_MIG t=20010000 epoch=4002 flow=60 side=new cur=2100840336 next=2395390624 tgt=2828125000 f=0.405 u=0 breach=0 end=
CBAP_MIG t=20010000 epoch=4002 flow=61 side=new cur=2100840336 next=2395390624 tgt=2828125000 f=0.405 u=0 breach=0 end=
CBAP_MIG t=20010000 epoch=4002 flow=62 side=new cur=2100840336 next=2395390624 tgt=2828125000 f=0.405 u=0 breach=0 end=
CBAP_MIG t=20010000 epoch=4002 flow=63 side=new cur=2100840336 next=2395390624 tgt=2828125000 f=0.405 u=0 breach=0 end=
CBAP_MIG t=20010000 epoch=4002 flow=64 side=new cur=2100840336 next=2395390624 tgt=2828125000 f=0.405 u=0 breach=0 end=
CBAP_MIG t=20015000 epoch=4003 flow=0 side=old cur=138699999999 next=102789999999 tgt=18999999999 f=0.3 u=0 breach=0 end=
CBAP_MIG t=20015000 epoch=4003 flow=1 side=new cur=2100840336 next=2395390624 tgt=2828125000 f=0.405 u=0 breach=0 end=
CBAP_MIG t=20015000 epoch=4003 flow=2 side=new cur=2100840336 next=2395390624 tgt=2828125000 f=0.405 u=0 breach=0 end=
CBAP_MIG t=20015000 epoch=4003 flow=3 side=new cur=2100840336 next=2395390624 tgt=2828125000 f=0.405 u=0 breach=0 end=
CBAP_MIG t=20015000 epoch=4003 flow=4 side=new cur=2100840336 next=2395390624 tgt=2828125000 f=0.405 u=0 breach=0 end=
CBAP_MIG t=20015000 epoch=4003 flow=5 side=new cur=2100840336 next=2395390624 tgt=2828125000 f=0.405 u=0 breach=0 end=
CBAP_MIG t=20015000 epoch=4003 flow=6 side=new cur=2100840336 next=2395390624 tgt=2828125000 f=0.405 u=0 breach=0 end=
CBAP_MIG t=20015000 epoch=4003 flow=7 side=new cur=2100840336 next=2395390624 tgt=2828125000 f=0.405 u=0 breach=0 end=
CBAP_MIG t=20015000 epoch=4003 flow=8 side=new cur=2100840336 next=2395390624 tgt=2828125000 f=0.405 u=0 breach=0 end=
CBAP_MIG t=20015000 epoch=4003 flow=9 side=new cur=2100840336 next=2395390624 tgt=2828125000 f=0.405 u=0 breach=0 end=
CBAP_MIG t=20015000 epoch=4003 flow=10 side=new cur=2100840336 next=2395390624 tgt=2828125000 f=0.405 u=0 breach=0 end=
CBAP_MIG t=20015000 epoch=4003 flow=11 side=new cur=2100840336 next=2395390624 tgt=2828125000 f=0.405 u=0 breach=0 end=
CBAP_MIG t=20015000 epoch=4003 flow=12 side=new cur=2100840336 next=2395390624 tgt=2828125000 f=0.405 u=0 breach=0 end=
CBAP_MIG t=20015000 epoch=4003 flow=13 side=new cur=2100840336 next=2395390624 tgt=2828125000 f=0.405 u=0 breach=0 end=
CBAP_MIG t=20015000 epoch=4003 flow=14 side=new cur=2100840336 next=2395390624 tgt=2828125000 f=0.405 u=0 breach=0 end=
CBAP_MIG t=20015000 epoch=4003 flow=15 side=new cur=2100840336 next=2395390624 tgt=2828125000 f=0.405 u=0 breach=0 end=
CBAP_MIG t=20015000 epoch=4003 flow=16 side=new cur=2100840336 next=2395390624 tgt=2828125000 f=0.405 u=0 breach=0 end=
CBAP_MIG t=20015000 epoch=4003 flow=17 side=new cur=2100840336 next=2395390624 tgt=2828125000 f=0.405 u=0 breach=0 end=
CBAP_MIG t=20015000 epoch=4003 flow=18 side=new cur=2100840336 next=2395390624 tgt=2828125000 f=0.405 u=0 breach=0 end=
CBAP_MIG t=20015000 epoch=4003 flow=19 side=new cur=2100840336 next=2395390624 tgt=2828125000 f=0.405 u=0 breach=0 end=
CBAP_MIG t=20015000 epoch=4003 flow=20 side=new cur=2100840336 next=2395390624 tgt=2828125000 f=0.405 u=0 breach=0 end=
CBAP_MIG t=20015000 epoch=4003 flow=21 side=new cur=2100840336 next=2395390624 tgt=2828125000 f=0.405 u=0 breach=0 end=
CBAP_MIG t=20015000 epoch=4003 flow=22 side=new cur=2100840336 next=2395390624 tgt=2828125000 f=0.405 u=0 breach=0 end=
CBAP_MIG t=20015000 epoch=4003 flow=23 side=new cur=2100840336 next=2395390624 tgt=2828125000 f=0.405 u=0 breach=0 end=
CBAP_MIG t=20015000 epoch=4003 flow=24 side=new cur=2100840336 next=2395390624 tgt=2828125000 f=0.405 u=0 breach=0 end=
CBAP_MIG t=20015000 epoch=4003 flow=25 side=new cur=2100840336 next=2395390624 tgt=2828125000 f=0.405 u=0 breach=0 end=
CBAP_MIG t=20015000 epoch=4003 flow=26 side=new cur=2100840336 next=2395390624 tgt=2828125000 f=0.405 u=0 breach=0 end=
CBAP_MIG t=20015000 epoch=4003 flow=27 side=new cur=2100840336 next=2395390624 tgt=2828125000 f=0.405 u=0 breach=0 end=
CBAP_MIG t=20015000 epoch=4003 flow=28 side=new cur=2100840336 next=2395390624 tgt=2828125000 f=0.405 u=0 breach=0 end=
CBAP_MIG t=20015000 epoch=4003 flow=29 side=new cur=2100840336 next=2395390624 tgt=2828125000 f=0.405 u=0 breach=0 end=
CBAP_MIG t=20015000 epoch=4003 flow=30 side=new cur=2100840336 next=2395390624 tgt=2828125000 f=0.405 u=0 breach=0 end=
CBAP_MIG t=20015000 epoch=4003 flow=31 side=new cur=2100840336 next=2395390624 tgt=2828125000 f=0.405 u=0 breach=0 end=
CBAP_MIG t=20015000 epoch=4003 flow=32 side=new cur=2100840336 next=2395390624 tgt=2828125000 f=0.405 u=0 breach=0 end=
CBAP_MIG t=20015000 epoch=4003 flow=33 side=new cur=2100840336 next=2395390624 tgt=2828125000 f=0.405 u=0 breach=0 end=
CBAP_MIG t=20015000 epoch=4003 flow=34 side=new cur=2100840336 next=2395390624 tgt=2828125000 f=0.405 u=0 breach=0 end=
CBAP_MIG t=20015000 epoch=4003 flow=35 side=new cur=2100840336 next=2395390624 tgt=2828125000 f=0.405 u=0 breach=0 end=
CBAP_MIG t=20015000 epoch=4003 flow=36 side=new cur=2100840336 next=2395390624 tgt=2828125000 f=0.405 u=0 breach=0 end=
CBAP_MIG t=20015000 epoch=4003 flow=37 side=new cur=2100840336 next=2395390624 tgt=2828125000 f=0.405 u=0 breach=0 end=
CBAP_MIG t=20015000 epoch=4003 flow=38 side=new cur=2100840336 next=2395390624 tgt=2828125000 f=0.405 u=0 breach=0 end=
CBAP_MIG t=20015000 epoch=4003 flow=39 side=new cur=2100840336 next=2395390624 tgt=2828125000 f=0.405 u=0 breach=0 end=
CBAP_MIG t=20015000 epoch=4003 flow=40 side=new cur=2100840336 next=2395390624 tgt=2828125000 f=0.405 u=0 breach=0 end=
CBAP_MIG t=20015000 epoch=4003 flow=41 side=new cur=2100840336 next=2395390624 tgt=2828125000 f=0.405 u=0 breach=0 end=
CBAP_MIG t=20015000 epoch=4003 flow=42 side=new cur=2100840336 next=2395390624 tgt=2828125000 f=0.405 u=0 breach=0 end=
CBAP_MIG t=20015000 epoch=4003 flow=43 side=new cur=2100840336 next=2395390624 tgt=2828125000 f=0.405 u=0 breach=0 end=
CBAP_MIG t=20015000 epoch=4003 flow=44 side=new cur=2100840336 next=2395390624 tgt=2828125000 f=0.405 u=0 breach=0 end=
CBAP_MIG t=20015000 epoch=4003 flow=45 side=new cur=2100840336 next=2395390624 tgt=2828125000 f=0.405 u=0 breach=0 end=
CBAP_MIG t=20015000 epoch=4003 flow=46 side=new cur=2100840336 next=2395390624 tgt=2828125000 f=0.405 u=0 breach=0 end=
CBAP_MIG t=20015000 epoch=4003 flow=47 side=new cur=2100840336 next=2395390624 tgt=2828125000 f=0.405 u=0 breach=0 end=
CBAP_MIG t=20015000 epoch=4003 flow=48 side=new cur=2100840336 next=2395390624 tgt=2828125000 f=0.405 u=0 breach=0 end=
CBAP_MIG t=20015000 epoch=4003 flow=49 side=new cur=2100840336 next=2395390624 tgt=2828125000 f=0.405 u=0 breach=0 end=
CBAP_MIG t=20015000 epoch=4003 flow=50 side=new cur=2100840336 next=2395390624 tgt=2828125000 f=0.405 u=0 breach=0 end=
CBAP_MIG t=20015000 epoch=4003 flow=51 side=new cur=2100840336 next=2395390624 tgt=2828125000 f=0.405 u=0 breach=0 end=
CBAP_MIG t=20015000 epoch=4003 flow=52 side=new cur=2100840336 next=2395390624 tgt=2828125000 f=0.405 u=0 breach=0 end=
CBAP_MIG t=20015000 epoch=4003 flow=53 side=new cur=2100840336 next=2395390624 tgt=2828125000 f=0.405 u=0 breach=0 end=
CBAP_MIG t=20015000 epoch=4003 flow=54 side=new cur=2100840336 next=2395390624 tgt=2828125000 f=0.405 u=0 breach=0 end=
CBAP_MIG t=20015000 epoch=4003 flow=55 side=new cur=2100840336 next=2395390624 tgt=2828125000 f=0.405 u=0 breach=0 end=
CBAP_MIG t=20015000 epoch=4003 flow=56 side=new cur=2100840336 next=2395390624 tgt=2828125000 f=0.405 u=0 breach=0 end=
CBAP_MIG t=20015000 epoch=4003 flow=57 side=new cur=2100840336 next=2395390624 tgt=2828125000 f=0.405 u=0 breach=0 end=
CBAP_MIG t=20015000 epoch=4003 flow=58 side=new cur=2100840336 next=2395390624 tgt=2828125000 f=0.405 u=0 breach=0 end=
CBAP_MIG t=20015000 epoch=4003 flow=59 side=new cur=2100840336 next=2395390624 tgt=2828125000 f=0.405 u=0 breach=0 end=
CBAP_MIG t=20015000 epoch=4003 flow=60 side=new cur=2100840336 next=2395390624 tgt=2828125000 f=0.405 u=0 breach=0 end=
CBAP_MIG t=20015000 epoch=4003 flow=61 side=new cur=2100840336 next=2395390624 tgt=2828125000 f=0.405 u=0 breach=0 end=
CBAP_MIG t=20015000 epoch=4003 flow=62 side=new cur=2100840336 next=2395390624 tgt=2828125000 f=0.405 u=0 breach=0 end=
CBAP_MIG t=20015000 epoch=4003 flow=63 side=new cur=2100840336 next=2395390624 tgt=2828125000 f=0.405 u=0 breach=0 end=
CBAP_MIG t=20015000 epoch=4003 flow=64 side=new cur=2100840336 next=2395390624 tgt=2828125000 f=0.405 u=0 breach=0 end=
CBAP_MIG t=20020000 epoch=4004 flow=0 side=old cur=102789999999 next=77652999999 tgt=18999999999 f=0.3 u=0 breach=0 end=
CBAP_MIG t=20020000 epoch=4004 flow=1 side=new cur=2100840336 next=2395390624 tgt=2828125000 f=0.405 u=0 breach=0 end=
CBAP_MIG t=20020000 epoch=4004 flow=2 side=new cur=2100840336 next=2395390624 tgt=2828125000 f=0.405 u=0 breach=0 end=
CBAP_MIG t=20020000 epoch=4004 flow=3 side=new cur=2100840336 next=2395390624 tgt=2828125000 f=0.405 u=0 breach=0 end=
CBAP_MIG t=20020000 epoch=4004 flow=4 side=new cur=2100840336 next=2395390624 tgt=2828125000 f=0.405 u=0 breach=0 end=
CBAP_MIG t=20020000 epoch=4004 flow=5 side=new cur=2100840336 next=2395390624 tgt=2828125000 f=0.405 u=0 breach=0 end=
CBAP_MIG t=20020000 epoch=4004 flow=6 side=new cur=2100840336 next=2395390624 tgt=2828125000 f=0.405 u=0 breach=0 end=
CBAP_MIG t=20020000 epoch=4004 flow=7 side=new cur=2100840336 next=2395390624 tgt=2828125000 f=0.405 u=0 breach=0 end=
CBAP_MIG t=20020000 epoch=4004 flow=8 side=new cur=2100840336 next=2395390624 tgt=2828125000 f=0.405 u=0 breach=0 end=
CBAP_MIG t=20020000 epoch=4004 flow=9 side=new cur=2100840336 next=2395390624 tgt=2828125000 f=0.405 u=0 breach=0 end=
CBAP_MIG t=20020000 epoch=4004 flow=10 side=new cur=2100840336 next=2395390624 tgt=2828125000 f=0.405 u=0 breach=0 end=
CBAP_MIG t=20020000 epoch=4004 flow=11 side=new cur=2100840336 next=2395390624 tgt=2828125000 f=0.405 u=0 breach=0 end=
CBAP_MIG t=20020000 epoch=4004 flow=12 side=new cur=2100840336 next=2395390624 tgt=2828125000 f=0.405 u=0 breach=0 end=
CBAP_MIG t=20020000 epoch=4004 flow=13 side=new cur=2100840336 next=2395390624 tgt=2828125000 f=0.405 u=0 breach=0 end=
CBAP_MIG t=20020000 epoch=4004 flow=14 side=new cur=2100840336 next=2395390624 tgt=2828125000 f=0.405 u=0 breach=0 end=
CBAP_MIG t=20020000 epoch=4004 flow=15 side=new cur=2100840336 next=2395390624 tgt=2828125000 f=0.405 u=0 breach=0 end=
CBAP_MIG t=20020000 epoch=4004 flow=16 side=new cur=2100840336 next=2395390624 tgt=2828125000 f=0.405 u=0 breach=0 end=
CBAP_MIG t=20020000 epoch=4004 flow=17 side=new cur=2100840336 next=2395390624 tgt=2828125000 f=0.405 u=0 breach=0 end=
CBAP_MIG t=20020000 epoch=4004 flow=18 side=new cur=2100840336 next=2395390624 tgt=2828125000 f=0.405 u=0 breach=0 end=
CBAP_MIG t=20020000 epoch=4004 flow=19 side=new cur=2100840336 next=2395390624 tgt=2828125000 f=0.405 u=0 breach=0 end=
CBAP_MIG t=20020000 epoch=4004 flow=20 side=new cur=2100840336 next=2395390624 tgt=2828125000 f=0.405 u=0 breach=0 end=
CBAP_MIG t=20020000 epoch=4004 flow=21 side=new cur=2100840336 next=2395390624 tgt=2828125000 f=0.405 u=0 breach=0 end=
CBAP_MIG t=20020000 epoch=4004 flow=22 side=new cur=2100840336 next=2395390624 tgt=2828125000 f=0.405 u=0 breach=0 end=
CBAP_MIG t=20020000 epoch=4004 flow=23 side=new cur=2100840336 next=2395390624 tgt=2828125000 f=0.405 u=0 breach=0 end=
CBAP_MIG t=20020000 epoch=4004 flow=24 side=new cur=2100840336 next=2395390624 tgt=2828125000 f=0.405 u=0 breach=0 end=
CBAP_MIG t=20020000 epoch=4004 flow=25 side=new cur=2100840336 next=2395390624 tgt=2828125000 f=0.405 u=0 breach=0 end=
CBAP_MIG t=20020000 epoch=4004 flow=26 side=new cur=2100840336 next=2395390624 tgt=2828125000 f=0.405 u=0 breach=0 end=
CBAP_MIG t=20020000 epoch=4004 flow=27 side=new cur=2100840336 next=2395390624 tgt=2828125000 f=0.405 u=0 breach=0 end=
CBAP_MIG t=20020000 epoch=4004 flow=28 side=new cur=2100840336 next=2395390624 tgt=2828125000 f=0.405 u=0 breach=0 end=
CBAP_MIG t=20020000 epoch=4004 flow=29 side=new cur=2100840336 next=2395390624 tgt=2828125000 f=0.405 u=0 breach=0 end=
CBAP_MIG t=20020000 epoch=4004 flow=30 side=new cur=2100840336 next=2395390624 tgt=2828125000 f=0.405 u=0 breach=0 end=
CBAP_MIG t=20020000 epoch=4004 flow=31 side=new cur=2100840336 next=2395390624 tgt=2828125000 f=0.405 u=0 breach=0 end=
CBAP_MIG t=20020000 epoch=4004 flow=32 side=new cur=2100840336 next=2395390624 tgt=2828125000 f=0.405 u=0 breach=0 end=
CBAP_MIG t=20020000 epoch=4004 flow=33 side=new cur=2100840336 next=2395390624 tgt=2828125000 f=0.405 u=0 breach=0 end=
CBAP_MIG t=20020000 epoch=4004 flow=34 side=new cur=2100840336 next=2395390624 tgt=2828125000 f=0.405 u=0 breach=0 end=
CBAP_MIG t=20020000 epoch=4004 flow=35 side=new cur=2100840336 next=2395390624 tgt=2828125000 f=0.405 u=0 breach=0 end=
CBAP_MIG t=20020000 epoch=4004 flow=36 side=new cur=2100840336 next=2395390624 tgt=2828125000 f=0.405 u=0 breach=0 end=
CBAP_MIG t=20020000 epoch=4004 flow=37 side=new cur=2100840336 next=2395390624 tgt=2828125000 f=0.405 u=0 breach=0 end=
CBAP_MIG t=20020000 epoch=4004 flow=38 side=new cur=2100840336 next=2395390624 tgt=2828125000 f=0.405 u=0 breach=0 end=
CBAP_MIG t=20020000 epoch=4004 flow=39 side=new cur=2100840336 next=2395390624 tgt=2828125000 f=0.405 u=0 breach=0 end=
CBAP_MIG t=20020000 epoch=4004 flow=40 side=new cur=2100840336 next=2395390624 tgt=2828125000 f=0.405 u=0 breach=0 end=
CBAP_MIG t=20020000 epoch=4004 flow=41 side=new cur=2100840336 next=2395390624 tgt=2828125000 f=0.405 u=0 breach=0 end=
CBAP_MIG t=20020000 epoch=4004 flow=42 side=new cur=2100840336 next=2395390624 tgt=2828125000 f=0.405 u=0 breach=0 end=
CBAP_MIG t=20020000 epoch=4004 flow=43 side=new cur=2100840336 next=2395390624 tgt=2828125000 f=0.405 u=0 breach=0 end=
CBAP_MIG t=20020000 epoch=4004 flow=44 side=new cur=2100840336 next=2395390624 tgt=2828125000 f=0.405 u=0 breach=0 end=
CBAP_MIG t=20020000 epoch=4004 flow=45 side=new cur=2100840336 next=2395390624 tgt=2828125000 f=0.405 u=0 breach=0 end=
CBAP_MIG t=20020000 epoch=4004 flow=46 side=new cur=2100840336 next=2395390624 tgt=2828125000 f=0.405 u=0 breach=0 end=
CBAP_MIG t=20020000 epoch=4004 flow=47 side=new cur=2100840336 next=2395390624 tgt=2828125000 f=0.405 u=0 breach=0 end=
CBAP_MIG t=20020000 epoch=4004 flow=48 side=new cur=2100840336 next=2395390624 tgt=2828125000 f=0.405 u=0 breach=0 end=
CBAP_MIG t=20020000 epoch=4004 flow=49 side=new cur=2100840336 next=2395390624 tgt=2828125000 f=0.405 u=0 breach=0 end=
CBAP_MIG t=20020000 epoch=4004 flow=50 side=new cur=2100840336 next=2395390624 tgt=2828125000 f=0.405 u=0 breach=0 end=
CBAP_MIG t=20020000 epoch=4004 flow=51 side=new cur=2100840336 next=2395390624 tgt=2828125000 f=0.405 u=0 breach=0 end=
CBAP_MIG t=20020000 epoch=4004 flow=52 side=new cur=2100840336 next=2395390624 tgt=2828125000 f=0.405 u=0 breach=0 end=
CBAP_MIG t=20020000 epoch=4004 flow=53 side=new cur=2100840336 next=2395390624 tgt=2828125000 f=0.405 u=0 breach=0 end=
CBAP_MIG t=20020000 epoch=4004 flow=54 side=new cur=2100840336 next=2395390624 tgt=2828125000 f=0.405 u=0 breach=0 end=
CBAP_MIG t=20020000 epoch=4004 flow=55 side=new cur=2100840336 next=2395390624 tgt=2828125000 f=0.405 u=0 breach=0 end=
CBAP_MIG t=20020000 epoch=4004 flow=56 side=new cur=2100840336 next=2395390624 tgt=2828125000 f=0.405 u=0 breach=0 end=
CBAP_MIG t=20020000 epoch=4004 flow=57 side=new cur=2100840336 next=2395390624 tgt=2828125000 f=0.405 u=0 breach=0 end=
CBAP_MIG t=20020000 epoch=4004 flow=58 side=new cur=2100840336 next=2395390624 tgt=2828125000 f=0.405 u=0 breach=0 end=
CBAP_MIG t=20020000 epoch=4004 flow=59 side=new cur=2100840336 next=2395390624 tgt=2828125000 f=0.405 u=0 breach=0 end=
CBAP_MIG t=20020000 epoch=4004 flow=60 side=new cur=2100840336 next=2395390624 tgt=2828125000 f=0.405 u=0 breach=0 end=
CBAP_MIG t=20020000 epoch=4004 flow=61 side=new cur=2100840336 next=2395390624 tgt=2828125000 f=0.405 u=0 breach=0 end=
CBAP_MIG t=20020000 epoch=4004 flow=62 side=new cur=2100840336 next=2395390624 tgt=2828125000 f=0.405 u=0 breach=0 end=
CBAP_MIG t=20020000 epoch=4004 flow=63 side=new cur=2100840336 next=2395390624 tgt=2828125000 f=0.405 u=0 breach=0 end=
CBAP_MIG t=20020000 epoch=4004 flow=64 side=new cur=2100840336 next=2395390624 tgt=2828125000 f=0.405 u=0 breach=0 end=
CBAP_MIG t=20025000 epoch=4005 flow=0 side=old cur=77652999999 next=60057099999 tgt=18999999999 f=0.3 u=0 breach=0 end=
CBAP_MIG t=20025000 epoch=4005 flow=1 side=new cur=2100840336 next=2395390624 tgt=2828125000 f=0.405 u=0 breach=0 end=
CBAP_MIG t=20025000 epoch=4005 flow=2 side=new cur=2100840336 next=2395390624 tgt=2828125000 f=0.405 u=0 breach=0 end=
CBAP_MIG t=20025000 epoch=4005 flow=3 side=new cur=2100840336 next=2395390624 tgt=2828125000 f=0.405 u=0 breach=0 end=
CBAP_MIG t=20025000 epoch=4005 flow=4 side=new cur=2100840336 next=2395390624 tgt=2828125000 f=0.405 u=0 breach=0 end=
CBAP_MIG t=20025000 epoch=4005 flow=5 side=new cur=2100840336 next=2395390624 tgt=2828125000 f=0.405 u=0 breach=0 end=
CBAP_MIG t=20025000 epoch=4005 flow=6 side=new cur=2100840336 next=2395390624 tgt=2828125000 f=0.405 u=0 breach=0 end=
CBAP_MIG t=20025000 epoch=4005 flow=7 side=new cur=2100840336 next=2395390624 tgt=2828125000 f=0.405 u=0 breach=0 end=
CBAP_MIG t=20025000 epoch=4005 flow=8 side=new cur=2100840336 next=2395390624 tgt=2828125000 f=0.405 u=0 breach=0 end=
CBAP_MIG t=20025000 epoch=4005 flow=9 side=new cur=2100840336 next=2395390624 tgt=2828125000 f=0.405 u=0 breach=0 end=
CBAP_MIG t=20025000 epoch=4005 flow=10 side=new cur=2100840336 next=2395390624 tgt=2828125000 f=0.405 u=0 breach=0 end=
CBAP_MIG t=20025000 epoch=4005 flow=11 side=new cur=2100840336 next=2395390624 tgt=2828125000 f=0.405 u=0 breach=0 end=
CBAP_MIG t=20025000 epoch=4005 flow=12 side=new cur=2100840336 next=2395390624 tgt=2828125000 f=0.405 u=0 breach=0 end=
CBAP_MIG t=20025000 epoch=4005 flow=13 side=new cur=2100840336 next=2395390624 tgt=2828125000 f=0.405 u=0 breach=0 end=
CBAP_MIG t=20025000 epoch=4005 flow=14 side=new cur=2100840336 next=2395390624 tgt=2828125000 f=0.405 u=0 breach=0 end=
CBAP_MIG t=20025000 epoch=4005 flow=15 side=new cur=2100840336 next=2395390624 tgt=2828125000 f=0.405 u=0 breach=0 end=
CBAP_MIG t=20025000 epoch=4005 flow=16 side=new cur=2100840336 next=2395390624 tgt=2828125000 f=0.405 u=0 breach=0 end=
CBAP_MIG t=20025000 epoch=4005 flow=17 side=new cur=2100840336 next=2395390624 tgt=2828125000 f=0.405 u=0 breach=0 end=
CBAP_MIG t=20025000 epoch=4005 flow=18 side=new cur=2100840336 next=2395390624 tgt=2828125000 f=0.405 u=0 breach=0 end=
CBAP_MIG t=20025000 epoch=4005 flow=19 side=new cur=2100840336 next=2395390624 tgt=2828125000 f=0.405 u=0 breach=0 end=
CBAP_MIG t=20025000 epoch=4005 flow=20 side=new cur=2100840336 next=2395390624 tgt=2828125000 f=0.405 u=0 breach=0 end=
CBAP_MIG t=20025000 epoch=4005 flow=21 side=new cur=2100840336 next=2395390624 tgt=2828125000 f=0.405 u=0 breach=0 end=
CBAP_MIG t=20025000 epoch=4005 flow=22 side=new cur=2100840336 next=2395390624 tgt=2828125000 f=0.405 u=0 breach=0 end=
CBAP_MIG t=20025000 epoch=4005 flow=23 side=new cur=2100840336 next=2395390624 tgt=2828125000 f=0.405 u=0 breach=0 end=
CBAP_MIG t=20025000 epoch=4005 flow=24 side=new cur=2100840336 next=2395390624 tgt=2828125000 f=0.405 u=0 breach=0 end=
CBAP_MIG t=20025000 epoch=4005 flow=25 side=new cur=2100840336 next=2395390624 tgt=2828125000 f=0.405 u=0 breach=0 end=
CBAP_MIG t=20025000 epoch=4005 flow=26 side=new cur=2100840336 next=2395390624 tgt=2828125000 f=0.405 u=0 breach=0 end=
CBAP_MIG t=20025000 epoch=4005 flow=27 side=new cur=2100840336 next=2395390624 tgt=2828125000 f=0.405 u=0 breach=0 end=
CBAP_MIG t=20025000 epoch=4005 flow=28 side=new cur=2100840336 next=2395390624 tgt=2828125000 f=0.405 u=0 breach=0 end=
CBAP_MIG t=20025000 epoch=4005 flow=29 side=new cur=2100840336 next=2395390624 tgt=2828125000 f=0.405 u=0 breach=0 end=
CBAP_MIG t=20025000 epoch=4005 flow=30 side=new cur=2100840336 next=2395390624 tgt=2828125000 f=0.405 u=0 breach=0 end=
CBAP_MIG t=20025000 epoch=4005 flow=31 side=new cur=2100840336 next=2395390624 tgt=2828125000 f=0.405 u=0 breach=0 end=
CBAP_MIG t=20025000 epoch=4005 flow=32 side=new cur=2100840336 next=2395390624 tgt=2828125000 f=0.405 u=0 breach=0 end=
CBAP_MIG t=20025000 epoch=4005 flow=33 side=new cur=2100840336 next=2395390624 tgt=2828125000 f=0.405 u=0 breach=0 end=
CBAP_MIG t=20025000 epoch=4005 flow=34 side=new cur=2100840336 next=2395390624 tgt=2828125000 f=0.405 u=0 breach=0 end=
CBAP_MIG t=20025000 epoch=4005 flow=35 side=new cur=2100840336 next=2395390624 tgt=2828125000 f=0.405 u=0 breach=0 end=
CBAP_MIG t=20025000 epoch=4005 flow=36 side=new cur=2100840336 next=2395390624 tgt=2828125000 f=0.405 u=0 breach=0 end=
CBAP_MIG t=20025000 epoch=4005 flow=37 side=new cur=2100840336 next=2395390624 tgt=2828125000 f=0.405 u=0 breach=0 end=
CBAP_MIG t=20025000 epoch=4005 flow=38 side=new cur=2100840336 next=2395390624 tgt=2828125000 f=0.405 u=0 breach=0 end=
CBAP_MIG t=20025000 epoch=4005 flow=39 side=new cur=2100840336 next=2395390624 tgt=2828125000 f=0.405 u=0 breach=0 end=
CBAP_MIG t=20025000 epoch=4005 flow=40 side=new cur=2100840336 next=2395390624 tgt=2828125000 f=0.405 u=0 breach=0 end=
CBAP_MIG t=20025000 epoch=4005 flow=41 side=new cur=2100840336 next=2395390624 tgt=2828125000 f=0.405 u=0 breach=0 end=
CBAP_MIG t=20025000 epoch=4005 flow=42 side=new cur=2100840336 next=2395390624 tgt=2828125000 f=0.405 u=0 breach=0 end=
CBAP_MIG t=20025000 epoch=4005 flow=43 side=new cur=2100840336 next=2395390624 tgt=2828125000 f=0.405 u=0 breach=0 end=
CBAP_MIG t=20025000 epoch=4005 flow=44 side=new cur=2100840336 next=2395390624 tgt=2828125000 f=0.405 u=0 breach=0 end=
CBAP_MIG t=20025000 epoch=4005 flow=45 side=new cur=2100840336 next=2395390624 tgt=2828125000 f=0.405 u=0 breach=0 end=
CBAP_MIG t=20025000 epoch=4005 flow=46 side=new cur=2100840336 next=2395390624 tgt=2828125000 f=0.405 u=0 breach=0 end=
CBAP_MIG t=20025000 epoch=4005 flow=47 side=new cur=2100840336 next=2395390624 tgt=2828125000 f=0.405 u=0 breach=0 end=
CBAP_MIG t=20025000 epoch=4005 flow=48 side=new cur=2100840336 next=2395390624 tgt=2828125000 f=0.405 u=0 breach=0 end=
CBAP_MIG t=20025000 epoch=4005 flow=49 side=new cur=2100840336 next=2395390624 tgt=2828125000 f=0.405 u=0 breach=0 end=
CBAP_MIG t=20025000 epoch=4005 flow=50 side=new cur=2100840336 next=2395390624 tgt=2828125000 f=0.405 u=0 breach=0 end=
CBAP_MIG t=20025000 epoch=4005 flow=51 side=new cur=2100840336 next=2395390624 tgt=2828125000 f=0.405 u=0 breach=0 end=
CBAP_MIG t=20025000 epoch=4005 flow=52 side=new cur=2100840336 next=2395390624 tgt=2828125000 f=0.405 u=0 breach=0 end=
CBAP_MIG t=20025000 epoch=4005 flow=53 side=new cur=2100840336 next=2395390624 tgt=2828125000 f=0.405 u=0 breach=0 end=
CBAP_MIG t=20025000 epoch=4005 flow=54 side=new cur=2100840336 next=2395390624 tgt=2828125000 f=0.405 u=0 breach=0 end=
CBAP_MIG t=20025000 epoch=4005 flow=55 side=new cur=2100840336 next=2395390624 tgt=2828125000 f=0.405 u=0 breach=0 end=
CBAP_MIG t=20025000 epoch=4005 flow=56 side=new cur=2100840336 next=2395390624 tgt=2828125000 f=0.405 u=0 breach=0 end=
CBAP_MIG t=20025000 epoch=4005 flow=57 side=new cur=2100840336 next=2395390624 tgt=2828125000 f=0.405 u=0 breach=0 end=
CBAP_MIG t=20025000 epoch=4005 flow=58 side=new cur=2100840336 next=2395390624 tgt=2828125000 f=0.405 u=0 breach=0 end=
CBAP_MIG t=20025000 epoch=4005 flow=59 side=new cur=2100840336 next=2395390624 tgt=2828125000 f=0.405 u=0 breach=0 end=
CBAP_MIG t=20025000 epoch=4005 flow=60 side=new cur=2100840336 next=2395390624 tgt=2828125000 f=0.405 u=0 breach=0 end=
CBAP_MIG t=20025000 epoch=4005 flow=61 side=new cur=2100840336 next=2395390624 tgt=2828125000 f=0.405 u=0 breach=0 end=
CBAP_MIG t=20025000 epoch=4005 flow=62 side=new cur=2100840336 next=2395390624 tgt=2828125000 f=0.405 u=0 breach=0 end=
CBAP_MIG t=20025000 epoch=4005 flow=63 side=new cur=2100840336 next=2395390624 tgt=2828125000 f=0.405 u=0 breach=0 end=
CBAP_MIG t=20025000 epoch=4005 flow=64 side=new cur=2100840336 next=2395390624 tgt=2828125000 f=0.405 u=0 breach=0 end=
CBAP_MIG t=20030000 epoch=4006 flow=0 side=old cur=60057099999 next=47739969999 tgt=18999999999 f=0.3 u=0 breach=0 end=
CBAP_MIG t=20030000 epoch=4006 flow=1 side=new cur=2249107812 next=2483609773 tgt=2828125000 f=0.405 u=0 breach=0 end=
CBAP_MIG t=20030000 epoch=4006 flow=2 side=new cur=2249107812 next=2483609773 tgt=2828125000 f=0.405 u=0 breach=0 end=
CBAP_MIG t=20030000 epoch=4006 flow=3 side=new cur=2249107812 next=2483609773 tgt=2828125000 f=0.405 u=0 breach=0 end=
CBAP_MIG t=20030000 epoch=4006 flow=4 side=new cur=2249107812 next=2483609773 tgt=2828125000 f=0.405 u=0 breach=0 end=
CBAP_MIG t=20030000 epoch=4006 flow=5 side=new cur=2249107812 next=2483609773 tgt=2828125000 f=0.405 u=0 breach=0 end=
CBAP_MIG t=20030000 epoch=4006 flow=6 side=new cur=2249107812 next=2483609773 tgt=2828125000 f=0.405 u=0 breach=0 end=
CBAP_MIG t=20030000 epoch=4006 flow=7 side=new cur=2249107812 next=2483609773 tgt=2828125000 f=0.405 u=0 breach=0 end=
CBAP_MIG t=20030000 epoch=4006 flow=8 side=new cur=2249107812 next=2483609773 tgt=2828125000 f=0.405 u=0 breach=0 end=
CBAP_MIG t=20030000 epoch=4006 flow=9 side=new cur=2249107812 next=2483609773 tgt=2828125000 f=0.405 u=0 breach=0 end=
CBAP_MIG t=20030000 epoch=4006 flow=10 side=new cur=2249107812 next=2483609773 tgt=2828125000 f=0.405 u=0 breach=0 end=
CBAP_MIG t=20030000 epoch=4006 flow=11 side=new cur=2249107812 next=2483609773 tgt=2828125000 f=0.405 u=0 breach=0 end=
CBAP_MIG t=20030000 epoch=4006 flow=12 side=new cur=2249107812 next=2483609773 tgt=2828125000 f=0.405 u=0 breach=0 end=
CBAP_MIG t=20030000 epoch=4006 flow=13 side=new cur=2249107812 next=2483609773 tgt=2828125000 f=0.405 u=0 breach=0 end=
CBAP_MIG t=20030000 epoch=4006 flow=14 side=new cur=2249107812 next=2483609773 tgt=2828125000 f=0.405 u=0 breach=0 end=
CBAP_MIG t=20030000 epoch=4006 flow=15 side=new cur=2249107812 next=2483609773 tgt=2828125000 f=0.405 u=0 breach=0 end=
CBAP_MIG t=20030000 epoch=4006 flow=16 side=new cur=2249107812 next=2483609773 tgt=2828125000 f=0.405 u=0 breach=0 end=
CBAP_MIG t=20030000 epoch=4006 flow=17 side=new cur=2249107812 next=2483609773 tgt=2828125000 f=0.405 u=0 breach=0 end=
CBAP_MIG t=20030000 epoch=4006 flow=18 side=new cur=2249107812 next=2483609773 tgt=2828125000 f=0.405 u=0 breach=0 end=
CBAP_MIG t=20030000 epoch=4006 flow=19 side=new cur=2249107812 next=2483609773 tgt=2828125000 f=0.405 u=0 breach=0 end=
CBAP_MIG t=20030000 epoch=4006 flow=20 side=new cur=2249107812 next=2483609773 tgt=2828125000 f=0.405 u=0 breach=0 end=
CBAP_MIG t=20030000 epoch=4006 flow=21 side=new cur=2249107812 next=2483609773 tgt=2828125000 f=0.405 u=0 breach=0 end=
CBAP_MIG t=20030000 epoch=4006 flow=22 side=new cur=2249107812 next=2483609773 tgt=2828125000 f=0.405 u=0 breach=0 end=
CBAP_MIG t=20030000 epoch=4006 flow=23 side=new cur=2249107812 next=2483609773 tgt=2828125000 f=0.405 u=0 breach=0 end=
CBAP_MIG t=20030000 epoch=4006 flow=24 side=new cur=2249107812 next=2483609773 tgt=2828125000 f=0.405 u=0 breach=0 end=
CBAP_MIG t=20030000 epoch=4006 flow=25 side=new cur=2249107812 next=2483609773 tgt=2828125000 f=0.405 u=0 breach=0 end=
CBAP_MIG t=20030000 epoch=4006 flow=26 side=new cur=2249107812 next=2483609773 tgt=2828125000 f=0.405 u=0 breach=0 end=
CBAP_MIG t=20030000 epoch=4006 flow=27 side=new cur=2249107812 next=2483609773 tgt=2828125000 f=0.405 u=0 breach=0 end=
CBAP_MIG t=20030000 epoch=4006 flow=28 side=new cur=2249107812 next=2483609773 tgt=2828125000 f=0.405 u=0 breach=0 end=
CBAP_MIG t=20030000 epoch=4006 flow=29 side=new cur=2249107812 next=2483609773 tgt=2828125000 f=0.405 u=0 breach=0 end=
CBAP_MIG t=20030000 epoch=4006 flow=30 side=new cur=2249107812 next=2483609773 tgt=2828125000 f=0.405 u=0 breach=0 end=
CBAP_MIG t=20030000 epoch=4006 flow=31 side=new cur=2249107812 next=2483609773 tgt=2828125000 f=0.405 u=0 breach=0 end=
CBAP_MIG t=20030000 epoch=4006 flow=32 side=new cur=2249107812 next=2483609773 tgt=2828125000 f=0.405 u=0 breach=0 end=
CBAP_MIG t=20030000 epoch=4006 flow=33 side=new cur=2249107812 next=2483609773 tgt=2828125000 f=0.405 u=0 breach=0 end=
CBAP_MIG t=20030000 epoch=4006 flow=34 side=new cur=2249107812 next=2483609773 tgt=2828125000 f=0.405 u=0 breach=0 end=
CBAP_MIG t=20030000 epoch=4006 flow=35 side=new cur=2249107812 next=2483609773 tgt=2828125000 f=0.405 u=0 breach=0 end=
CBAP_MIG t=20030000 epoch=4006 flow=36 side=new cur=2249107812 next=2483609773 tgt=2828125000 f=0.405 u=0 breach=0 end=
CBAP_MIG t=20030000 epoch=4006 flow=37 side=new cur=2249107812 next=2483609773 tgt=2828125000 f=0.405 u=0 breach=0 end=
CBAP_MIG t=20030000 epoch=4006 flow=38 side=new cur=2249107812 next=2483609773 tgt=2828125000 f=0.405 u=0 breach=0 end=
CBAP_MIG t=20030000 epoch=4006 flow=39 side=new cur=2249107812 next=2483609773 tgt=2828125000 f=0.405 u=0 breach=0 end=
CBAP_MIG t=20030000 epoch=4006 flow=40 side=new cur=2249107812 next=2483609773 tgt=2828125000 f=0.405 u=0 breach=0 end=
CBAP_MIG t=20030000 epoch=4006 flow=41 side=new cur=2249107812 next=2483609773 tgt=2828125000 f=0.405 u=0 breach=0 end=
CBAP_MIG t=20030000 epoch=4006 flow=42 side=new cur=2249107812 next=2483609773 tgt=2828125000 f=0.405 u=0 breach=0 end=
CBAP_MIG t=20030000 epoch=4006 flow=43 side=new cur=2249107812 next=2483609773 tgt=2828125000 f=0.405 u=0 breach=0 end=
CBAP_MIG t=20030000 epoch=4006 flow=44 side=new cur=2249107812 next=2483609773 tgt=2828125000 f=0.405 u=0 breach=0 end=
CBAP_MIG t=20030000 epoch=4006 flow=45 side=new cur=2249107812 next=2483609773 tgt=2828125000 f=0.405 u=0 breach=0 end=
CBAP_MIG t=20030000 epoch=4006 flow=46 side=new cur=2249107812 next=2483609773 tgt=2828125000 f=0.405 u=0 breach=0 end=
CBAP_MIG t=20030000 epoch=4006 flow=47 side=new cur=2249107812 next=2483609773 tgt=2828125000 f=0.405 u=0 breach=0 end=
CBAP_MIG t=20030000 epoch=4006 flow=48 side=new cur=2249107812 next=2483609773 tgt=2828125000 f=0.405 u=0 breach=0 end=
CBAP_MIG t=20030000 epoch=4006 flow=49 side=new cur=2249107812 next=2483609773 tgt=2828125000 f=0.405 u=0 breach=0 end=
CBAP_MIG t=20030000 epoch=4006 flow=50 side=new cur=2249107812 next=2483609773 tgt=2828125000 f=0.405 u=0 breach=0 end=
CBAP_MIG t=20030000 epoch=4006 flow=51 side=new cur=2249107812 next=2483609773 tgt=2828125000 f=0.405 u=0 breach=0 end=
CBAP_MIG t=20030000 epoch=4006 flow=52 side=new cur=2249107812 next=2483609773 tgt=2828125000 f=0.405 u=0 breach=0 end=
CBAP_MIG t=20030000 epoch=4006 flow=53 side=new cur=2249107812 next=2483609773 tgt=2828125000 f=0.405 u=0 breach=0 end=
CBAP_MIG t=20030000 epoch=4006 flow=54 side=new cur=2249107812 next=2483609773 tgt=2828125000 f=0.405 u=0 breach=0 end=
CBAP_MIG t=20030000 epoch=4006 flow=55 side=new cur=2249107812 next=2483609773 tgt=2828125000 f=0.405 u=0 breach=0 end=
CBAP_MIG t=20030000 epoch=4006 flow=56 side=new cur=2249107812 next=2483609773 tgt=2828125000 f=0.405 u=0 breach=0 end=
CBAP_MIG t=20030000 epoch=4006 flow=57 side=new cur=2249107812 next=2483609773 tgt=2828125000 f=0.405 u=0 breach=0 end=
CBAP_MIG t=20030000 epoch=4006 flow=58 side=new cur=2249107812 next=2483609773 tgt=2828125000 f=0.405 u=0 breach=0 end=
CBAP_MIG t=20030000 epoch=4006 flow=59 side=new cur=2249107812 next=2483609773 tgt=2828125000 f=0.405 u=0 breach=0 end=
CBAP_MIG t=20030000 epoch=4006 flow=60 side=new cur=2249107812 next=2483609773 tgt=2828125000 f=0.405 u=0 breach=0 end=
CBAP_MIG t=20030000 epoch=4006 flow=61 side=new cur=2249107812 next=2483609773 tgt=2828125000 f=0.405 u=0 breach=0 end=
CBAP_MIG t=20030000 epoch=4006 flow=62 side=new cur=2249107812 next=2483609773 tgt=2828125000 f=0.405 u=0 breach=0 end=
CBAP_MIG t=20030000 epoch=4006 flow=63 side=new cur=2249107812 next=2483609773 tgt=2828125000 f=0.405 u=0 breach=0 end=
CBAP_MIG t=20030000 epoch=4006 flow=64 side=new cur=2249107812 next=2483609773 tgt=2828125000 f=0.405 u=0 breach=0 end=
CBAP_MIG t=20035000 epoch=4007 flow=0 side=old cur=47739969999 next=39117978999 tgt=18999999999 f=0.3 u=0 breach=0 end=
CBAP_MIG t=20035000 epoch=4007 flow=1 side=new cur=2483609773 next=2623138439 tgt=2828125000 f=0.405 u=0 breach=0 end=
CBAP_MIG t=20035000 epoch=4007 flow=2 side=new cur=2483609773 next=2623138439 tgt=2828125000 f=0.405 u=0 breach=0 end=
CBAP_MIG t=20035000 epoch=4007 flow=3 side=new cur=2483609773 next=2623138439 tgt=2828125000 f=0.405 u=0 breach=0 end=
CBAP_MIG t=20035000 epoch=4007 flow=4 side=new cur=2483609773 next=2623138439 tgt=2828125000 f=0.405 u=0 breach=0 end=
CBAP_MIG t=20035000 epoch=4007 flow=5 side=new cur=2483609773 next=2623138439 tgt=2828125000 f=0.405 u=0 breach=0 end=
CBAP_MIG t=20035000 epoch=4007 flow=6 side=new cur=2483609773 next=2623138439 tgt=2828125000 f=0.405 u=0 breach=0 end=
CBAP_MIG t=20035000 epoch=4007 flow=7 side=new cur=2483609773 next=2623138439 tgt=2828125000 f=0.405 u=0 breach=0 end=
CBAP_MIG t=20035000 epoch=4007 flow=8 side=new cur=2483609773 next=2623138439 tgt=2828125000 f=0.405 u=0 breach=0 end=
CBAP_MIG t=20035000 epoch=4007 flow=9 side=new cur=2483609773 next=2623138439 tgt=2828125000 f=0.405 u=0 breach=0 end=
CBAP_MIG t=20035000 epoch=4007 flow=10 side=new cur=2483609773 next=2623138439 tgt=2828125000 f=0.405 u=0 breach=0 end=
CBAP_MIG t=20035000 epoch=4007 flow=11 side=new cur=2483609773 next=2623138439 tgt=2828125000 f=0.405 u=0 breach=0 end=
CBAP_MIG t=20035000 epoch=4007 flow=12 side=new cur=2483609773 next=2623138439 tgt=2828125000 f=0.405 u=0 breach=0 end=
CBAP_MIG t=20035000 epoch=4007 flow=13 side=new cur=2483609773 next=2623138439 tgt=2828125000 f=0.405 u=0 breach=0 end=
CBAP_MIG t=20035000 epoch=4007 flow=14 side=new cur=2483609773 next=2623138439 tgt=2828125000 f=0.405 u=0 breach=0 end=
CBAP_MIG t=20035000 epoch=4007 flow=15 side=new cur=2483609773 next=2623138439 tgt=2828125000 f=0.405 u=0 breach=0 end=
CBAP_MIG t=20035000 epoch=4007 flow=16 side=new cur=2483609773 next=2623138439 tgt=2828125000 f=0.405 u=0 breach=0 end=
CBAP_MIG t=20035000 epoch=4007 flow=17 side=new cur=2483609773 next=2623138439 tgt=2828125000 f=0.405 u=0 breach=0 end=
CBAP_MIG t=20035000 epoch=4007 flow=18 side=new cur=2483609773 next=2623138439 tgt=2828125000 f=0.405 u=0 breach=0 end=
CBAP_MIG t=20035000 epoch=4007 flow=19 side=new cur=2483609773 next=2623138439 tgt=2828125000 f=0.405 u=0 breach=0 end=
CBAP_MIG t=20035000 epoch=4007 flow=20 side=new cur=2483609773 next=2623138439 tgt=2828125000 f=0.405 u=0 breach=0 end=
CBAP_MIG t=20035000 epoch=4007 flow=21 side=new cur=2483609773 next=2623138439 tgt=2828125000 f=0.405 u=0 breach=0 end=
CBAP_MIG t=20035000 epoch=4007 flow=22 side=new cur=2483609773 next=2623138439 tgt=2828125000 f=0.405 u=0 breach=0 end=
CBAP_MIG t=20035000 epoch=4007 flow=23 side=new cur=2483609773 next=2623138439 tgt=2828125000 f=0.405 u=0 breach=0 end=
CBAP_MIG t=20035000 epoch=4007 flow=24 side=new cur=2483609773 next=2623138439 tgt=2828125000 f=0.405 u=0 breach=0 end=
CBAP_MIG t=20035000 epoch=4007 flow=25 side=new cur=2483609773 next=2623138439 tgt=2828125000 f=0.405 u=0 breach=0 end=
CBAP_MIG t=20035000 epoch=4007 flow=26 side=new cur=2483609773 next=2623138439 tgt=2828125000 f=0.405 u=0 breach=0 end=
CBAP_MIG t=20035000 epoch=4007 flow=27 side=new cur=2483609773 next=2623138439 tgt=2828125000 f=0.405 u=0 breach=0 end=
CBAP_MIG t=20035000 epoch=4007 flow=28 side=new cur=2483609773 next=2623138439 tgt=2828125000 f=0.405 u=0 breach=0 end=
CBAP_MIG t=20035000 epoch=4007 flow=29 side=new cur=2483609773 next=2623138439 tgt=2828125000 f=0.405 u=0 breach=0 end=
CBAP_MIG t=20035000 epoch=4007 flow=30 side=new cur=2483609773 next=2623138439 tgt=2828125000 f=0.405 u=0 breach=0 end=
CBAP_MIG t=20035000 epoch=4007 flow=31 side=new cur=2483609773 next=2623138439 tgt=2828125000 f=0.405 u=0 breach=0 end=
CBAP_MIG t=20035000 epoch=4007 flow=32 side=new cur=2483609773 next=2623138439 tgt=2828125000 f=0.405 u=0 breach=0 end=
CBAP_MIG t=20035000 epoch=4007 flow=33 side=new cur=2483609773 next=2623138439 tgt=2828125000 f=0.405 u=0 breach=0 end=
CBAP_MIG t=20035000 epoch=4007 flow=34 side=new cur=2483609773 next=2623138439 tgt=2828125000 f=0.405 u=0 breach=0 end=
CBAP_MIG t=20035000 epoch=4007 flow=35 side=new cur=2483609773 next=2623138439 tgt=2828125000 f=0.405 u=0 breach=0 end=
CBAP_MIG t=20035000 epoch=4007 flow=36 side=new cur=2483609773 next=2623138439 tgt=2828125000 f=0.405 u=0 breach=0 end=
CBAP_MIG t=20035000 epoch=4007 flow=37 side=new cur=2483609773 next=2623138439 tgt=2828125000 f=0.405 u=0 breach=0 end=
CBAP_MIG t=20035000 epoch=4007 flow=38 side=new cur=2483609773 next=2623138439 tgt=2828125000 f=0.405 u=0 breach=0 end=
CBAP_MIG t=20035000 epoch=4007 flow=39 side=new cur=2483609773 next=2623138439 tgt=2828125000 f=0.405 u=0 breach=0 end=
CBAP_MIG t=20035000 epoch=4007 flow=40 side=new cur=2483609773 next=2623138439 tgt=2828125000 f=0.405 u=0 breach=0 end=
CBAP_MIG t=20035000 epoch=4007 flow=41 side=new cur=2483609773 next=2623138439 tgt=2828125000 f=0.405 u=0 breach=0 end=
CBAP_MIG t=20035000 epoch=4007 flow=42 side=new cur=2483609773 next=2623138439 tgt=2828125000 f=0.405 u=0 breach=0 end=
CBAP_MIG t=20035000 epoch=4007 flow=43 side=new cur=2483609773 next=2623138439 tgt=2828125000 f=0.405 u=0 breach=0 end=
CBAP_MIG t=20035000 epoch=4007 flow=44 side=new cur=2483609773 next=2623138439 tgt=2828125000 f=0.405 u=0 breach=0 end=
CBAP_MIG t=20035000 epoch=4007 flow=45 side=new cur=2483609773 next=2623138439 tgt=2828125000 f=0.405 u=0 breach=0 end=
CBAP_MIG t=20035000 epoch=4007 flow=46 side=new cur=2483609773 next=2623138439 tgt=2828125000 f=0.405 u=0 breach=0 end=
CBAP_MIG t=20035000 epoch=4007 flow=47 side=new cur=2483609773 next=2623138439 tgt=2828125000 f=0.405 u=0 breach=0 end=
CBAP_MIG t=20035000 epoch=4007 flow=48 side=new cur=2483609773 next=2623138439 tgt=2828125000 f=0.405 u=0 breach=0 end=
CBAP_MIG t=20035000 epoch=4007 flow=49 side=new cur=2483609773 next=2623138439 tgt=2828125000 f=0.405 u=0 breach=0 end=
CBAP_MIG t=20035000 epoch=4007 flow=50 side=new cur=2483609773 next=2623138439 tgt=2828125000 f=0.405 u=0 breach=0 end=
CBAP_MIG t=20035000 epoch=4007 flow=51 side=new cur=2483609773 next=2623138439 tgt=2828125000 f=0.405 u=0 breach=0 end=
CBAP_MIG t=20035000 epoch=4007 flow=52 side=new cur=2483609773 next=2623138439 tgt=2828125000 f=0.405 u=0 breach=0 end=
CBAP_MIG t=20035000 epoch=4007 flow=53 side=new cur=2483609773 next=2623138439 tgt=2828125000 f=0.405 u=0 breach=0 end=
CBAP_MIG t=20035000 epoch=4007 flow=54 side=new cur=2483609773 next=2623138439 tgt=2828125000 f=0.405 u=0 breach=0 end=
CBAP_MIG t=20035000 epoch=4007 flow=55 side=new cur=2483609773 next=2623138439 tgt=2828125000 f=0.405 u=0 breach=0 end=
CBAP_MIG t=20035000 epoch=4007 flow=56 side=new cur=2483609773 next=2623138439 tgt=2828125000 f=0.405 u=0 breach=0 end=
CBAP_MIG t=20035000 epoch=4007 flow=57 side=new cur=2483609773 next=2623138439 tgt=2828125000 f=0.405 u=0 breach=0 end=
CBAP_MIG t=20035000 epoch=4007 flow=58 side=new cur=2483609773 next=2623138439 tgt=2828125000 f=0.405 u=0 breach=0 end=
CBAP_MIG t=20035000 epoch=4007 flow=59 side=new cur=2483609773 next=2623138439 tgt=2828125000 f=0.405 u=0 breach=0 end=
CBAP_MIG t=20035000 epoch=4007 flow=60 side=new cur=2483609773 next=2623138439 tgt=2828125000 f=0.405 u=0 breach=0 end=
CBAP_MIG t=20035000 epoch=4007 flow=61 side=new cur=2483609773 next=2623138439 tgt=2828125000 f=0.405 u=0 breach=0 end=
CBAP_MIG t=20035000 epoch=4007 flow=62 side=new cur=2483609773 next=2623138439 tgt=2828125000 f=0.405 u=0 breach=0 end=
CBAP_MIG t=20035000 epoch=4007 flow=63 side=new cur=2483609773 next=2623138439 tgt=2828125000 f=0.405 u=0 breach=0 end=
CBAP_MIG t=20035000 epoch=4007 flow=64 side=new cur=2483609773 next=2623138439 tgt=2828125000 f=0.405 u=0 breach=0 end=
CBAP_MIG t=20040000 epoch=4008 flow=0 side=old cur=39117978999 next=33082585299 tgt=18999999999 f=0.3 u=0 breach=0 end=
CBAP_MIG t=20040000 epoch=4008 flow=1 side=new cur=2623138439 next=2706157996 tgt=2828125000 f=0.405 u=0 breach=0 end=
CBAP_MIG t=20040000 epoch=4008 flow=2 side=new cur=2623138439 next=2706157996 tgt=2828125000 f=0.405 u=0 breach=0 end=
CBAP_MIG t=20040000 epoch=4008 flow=3 side=new cur=2623138439 next=2706157996 tgt=2828125000 f=0.405 u=0 breach=0 end=
CBAP_MIG t=20040000 epoch=4008 flow=4 side=new cur=2623138439 next=2706157996 tgt=2828125000 f=0.405 u=0 breach=0 end=
CBAP_MIG t=20040000 epoch=4008 flow=5 side=new cur=2623138439 next=2706157996 tgt=2828125000 f=0.405 u=0 breach=0 end=
CBAP_MIG t=20040000 epoch=4008 flow=6 side=new cur=2623138439 next=2706157996 tgt=2828125000 f=0.405 u=0 breach=0 end=
CBAP_MIG t=20040000 epoch=4008 flow=7 side=new cur=2623138439 next=2706157996 tgt=2828125000 f=0.405 u=0 breach=0 end=
CBAP_MIG t=20040000 epoch=4008 flow=8 side=new cur=2623138439 next=2706157996 tgt=2828125000 f=0.405 u=0 breach=0 end=
CBAP_MIG t=20040000 epoch=4008 flow=9 side=new cur=2623138439 next=2706157996 tgt=2828125000 f=0.405 u=0 breach=0 end=
CBAP_MIG t=20040000 epoch=4008 flow=10 side=new cur=2623138439 next=2706157996 tgt=2828125000 f=0.405 u=0 breach=0 end=
CBAP_MIG t=20040000 epoch=4008 flow=11 side=new cur=2623138439 next=2706157996 tgt=2828125000 f=0.405 u=0 breach=0 end=
CBAP_MIG t=20040000 epoch=4008 flow=12 side=new cur=2623138439 next=2706157996 tgt=2828125000 f=0.405 u=0 breach=0 end=
CBAP_MIG t=20040000 epoch=4008 flow=13 side=new cur=2623138439 next=2706157996 tgt=2828125000 f=0.405 u=0 breach=0 end=
CBAP_MIG t=20040000 epoch=4008 flow=14 side=new cur=2623138439 next=2706157996 tgt=2828125000 f=0.405 u=0 breach=0 end=
CBAP_MIG t=20040000 epoch=4008 flow=15 side=new cur=2623138439 next=2706157996 tgt=2828125000 f=0.405 u=0 breach=0 end=
CBAP_MIG t=20040000 epoch=4008 flow=16 side=new cur=2623138439 next=2706157996 tgt=2828125000 f=0.405 u=0 breach=0 end=
CBAP_MIG t=20040000 epoch=4008 flow=17 side=new cur=2623138439 next=2706157996 tgt=2828125000 f=0.405 u=0 breach=0 end=
CBAP_MIG t=20040000 epoch=4008 flow=18 side=new cur=2623138439 next=2706157996 tgt=2828125000 f=0.405 u=0 breach=0 end=
CBAP_MIG t=20040000 epoch=4008 flow=19 side=new cur=2623138439 next=2706157996 tgt=2828125000 f=0.405 u=0 breach=0 end=
CBAP_MIG t=20040000 epoch=4008 flow=20 side=new cur=2623138439 next=2706157996 tgt=2828125000 f=0.405 u=0 breach=0 end=
CBAP_MIG t=20040000 epoch=4008 flow=21 side=new cur=2623138439 next=2706157996 tgt=2828125000 f=0.405 u=0 breach=0 end=
CBAP_MIG t=20040000 epoch=4008 flow=22 side=new cur=2623138439 next=2706157996 tgt=2828125000 f=0.405 u=0 breach=0 end=
CBAP_MIG t=20040000 epoch=4008 flow=23 side=new cur=2623138439 next=2706157996 tgt=2828125000 f=0.405 u=0 breach=0 end=
CBAP_MIG t=20040000 epoch=4008 flow=24 side=new cur=2623138439 next=2706157996 tgt=2828125000 f=0.405 u=0 breach=0 end=
CBAP_MIG t=20040000 epoch=4008 flow=25 side=new cur=2623138439 next=2706157996 tgt=2828125000 f=0.405 u=0 breach=0 end=
CBAP_MIG t=20040000 epoch=4008 flow=26 side=new cur=2623138439 next=2706157996 tgt=2828125000 f=0.405 u=0 breach=0 end=
CBAP_MIG t=20040000 epoch=4008 flow=27 side=new cur=2623138439 next=2706157996 tgt=2828125000 f=0.405 u=0 breach=0 end=
CBAP_MIG t=20040000 epoch=4008 flow=28 side=new cur=2623138439 next=2706157996 tgt=2828125000 f=0.405 u=0 breach=0 end=
CBAP_MIG t=20040000 epoch=4008 flow=29 side=new cur=2623138439 next=2706157996 tgt=2828125000 f=0.405 u=0 breach=0 end=
CBAP_MIG t=20040000 epoch=4008 flow=30 side=new cur=2623138439 next=2706157996 tgt=2828125000 f=0.405 u=0 breach=0 end=
CBAP_MIG t=20040000 epoch=4008 flow=31 side=new cur=2623138439 next=2706157996 tgt=2828125000 f=0.405 u=0 breach=0 end=
CBAP_MIG t=20040000 epoch=4008 flow=32 side=new cur=2623138439 next=2706157996 tgt=2828125000 f=0.405 u=0 breach=0 end=
CBAP_MIG t=20040000 epoch=4008 flow=33 side=new cur=2623138439 next=2706157996 tgt=2828125000 f=0.405 u=0 breach=0 end=
CBAP_MIG t=20040000 epoch=4008 flow=34 side=new cur=2623138439 next=2706157996 tgt=2828125000 f=0.405 u=0 breach=0 end=
CBAP_MIG t=20040000 epoch=4008 flow=35 side=new cur=2623138439 next=2706157996 tgt=2828125000 f=0.405 u=0 breach=0 end=
CBAP_MIG t=20040000 epoch=4008 flow=36 side=new cur=2623138439 next=2706157996 tgt=2828125000 f=0.405 u=0 breach=0 end=
CBAP_MIG t=20040000 epoch=4008 flow=37 side=new cur=2623138439 next=2706157996 tgt=2828125000 f=0.405 u=0 breach=0 end=
CBAP_MIG t=20040000 epoch=4008 flow=38 side=new cur=2623138439 next=2706157996 tgt=2828125000 f=0.405 u=0 breach=0 end=
CBAP_MIG t=20040000 epoch=4008 flow=39 side=new cur=2623138439 next=2706157996 tgt=2828125000 f=0.405 u=0 breach=0 end=
CBAP_MIG t=20040000 epoch=4008 flow=40 side=new cur=2623138439 next=2706157996 tgt=2828125000 f=0.405 u=0 breach=0 end=
CBAP_MIG t=20040000 epoch=4008 flow=41 side=new cur=2623138439 next=2706157996 tgt=2828125000 f=0.405 u=0 breach=0 end=
CBAP_MIG t=20040000 epoch=4008 flow=42 side=new cur=2623138439 next=2706157996 tgt=2828125000 f=0.405 u=0 breach=0 end=
CBAP_MIG t=20040000 epoch=4008 flow=43 side=new cur=2623138439 next=2706157996 tgt=2828125000 f=0.405 u=0 breach=0 end=
CBAP_MIG t=20040000 epoch=4008 flow=44 side=new cur=2623138439 next=2706157996 tgt=2828125000 f=0.405 u=0 breach=0 end=
CBAP_MIG t=20040000 epoch=4008 flow=45 side=new cur=2623138439 next=2706157996 tgt=2828125000 f=0.405 u=0 breach=0 end=
CBAP_MIG t=20040000 epoch=4008 flow=46 side=new cur=2623138439 next=2706157996 tgt=2828125000 f=0.405 u=0 breach=0 end=
CBAP_MIG t=20040000 epoch=4008 flow=47 side=new cur=2623138439 next=2706157996 tgt=2828125000 f=0.405 u=0 breach=0 end=
CBAP_MIG t=20040000 epoch=4008 flow=48 side=new cur=2623138439 next=2706157996 tgt=2828125000 f=0.405 u=0 breach=0 end=
CBAP_MIG t=20040000 epoch=4008 flow=49 side=new cur=2623138439 next=2706157996 tgt=2828125000 f=0.405 u=0 breach=0 end=
CBAP_MIG t=20040000 epoch=4008 flow=50 side=new cur=2623138439 next=2706157996 tgt=2828125000 f=0.405 u=0 breach=0 end=
CBAP_MIG t=20040000 epoch=4008 flow=51 side=new cur=2623138439 next=2706157996 tgt=2828125000 f=0.405 u=0 breach=0 end=
CBAP_MIG t=20040000 epoch=4008 flow=52 side=new cur=2623138439 next=2706157996 tgt=2828125000 f=0.405 u=0 breach=0 end=
CBAP_MIG t=20040000 epoch=4008 flow=53 side=new cur=2623138439 next=2706157996 tgt=2828125000 f=0.405 u=0 breach=0 end=
CBAP_MIG t=20040000 epoch=4008 flow=54 side=new cur=2623138439 next=2706157996 tgt=2828125000 f=0.405 u=0 breach=0 end=
CBAP_MIG t=20040000 epoch=4008 flow=55 side=new cur=2623138439 next=2706157996 tgt=2828125000 f=0.405 u=0 breach=0 end=
CBAP_MIG t=20040000 epoch=4008 flow=56 side=new cur=2623138439 next=2706157996 tgt=2828125000 f=0.405 u=0 breach=0 end=
CBAP_MIG t=20040000 epoch=4008 flow=57 side=new cur=2623138439 next=2706157996 tgt=2828125000 f=0.405 u=0 breach=0 end=
CBAP_MIG t=20040000 epoch=4008 flow=58 side=new cur=2623138439 next=2706157996 tgt=2828125000 f=0.405 u=0 breach=0 end=
CBAP_MIG t=20040000 epoch=4008 flow=59 side=new cur=2623138439 next=2706157996 tgt=2828125000 f=0.405 u=0 breach=0 end=
CBAP_MIG t=20040000 epoch=4008 flow=60 side=new cur=2623138439 next=2706157996 tgt=2828125000 f=0.405 u=0 breach=0 end=
CBAP_MIG t=20040000 epoch=4008 flow=61 side=new cur=2623138439 next=2706157996 tgt=2828125000 f=0.405 u=0 breach=0 end=
CBAP_MIG t=20040000 epoch=4008 flow=62 side=new cur=2623138439 next=2706157996 tgt=2828125000 f=0.405 u=0 breach=0 end=
CBAP_MIG t=20040000 epoch=4008 flow=63 side=new cur=2623138439 next=2706157996 tgt=2828125000 f=0.405 u=0 breach=0 end=
CBAP_MIG t=20040000 epoch=4008 flow=64 side=new cur=2623138439 next=2706157996 tgt=2828125000 f=0.405 u=0 breach=0 end=
CBAP_MIG t=20045000 epoch=4009 flow=0 side=old cur=33082585299 next=28857809709 tgt=18999999999 f=0.3 u=0 breach=0 end=
CBAP_MIG t=20045000 epoch=4009 flow=1 side=new cur=2608084604 next=2697200964 tgt=2828125000 f=0.405 u=0 breach=0 end=
CBAP_MIG t=20045000 epoch=4009 flow=2 side=new cur=2608084604 next=2697200964 tgt=2828125000 f=0.405 u=0 breach=0 end=
CBAP_MIG t=20045000 epoch=4009 flow=3 side=new cur=2608084604 next=2697200964 tgt=2828125000 f=0.405 u=0 breach=0 end=
CBAP_MIG t=20045000 epoch=4009 flow=4 side=new cur=2608084604 next=2697200964 tgt=2828125000 f=0.405 u=0 breach=0 end=
CBAP_MIG t=20045000 epoch=4009 flow=5 side=new cur=2608084604 next=2697200964 tgt=2828125000 f=0.405 u=0 breach=0 end=
CBAP_MIG t=20045000 epoch=4009 flow=6 side=new cur=2608084604 next=2697200964 tgt=2828125000 f=0.405 u=0 breach=0 end=
CBAP_MIG t=20045000 epoch=4009 flow=7 side=new cur=2608084604 next=2697200964 tgt=2828125000 f=0.405 u=0 breach=0 end=
CBAP_MIG t=20045000 epoch=4009 flow=8 side=new cur=2608084604 next=2697200964 tgt=2828125000 f=0.405 u=0 breach=0 end=
CBAP_MIG t=20045000 epoch=4009 flow=9 side=new cur=2608084604 next=2697200964 tgt=2828125000 f=0.405 u=0 breach=0 end=
CBAP_MIG t=20045000 epoch=4009 flow=10 side=new cur=2608084604 next=2697200964 tgt=2828125000 f=0.405 u=0 breach=0 end=
CBAP_MIG t=20045000 epoch=4009 flow=11 side=new cur=2608084604 next=2697200964 tgt=2828125000 f=0.405 u=0 breach=0 end=
CBAP_MIG t=20045000 epoch=4009 flow=12 side=new cur=2608084604 next=2697200964 tgt=2828125000 f=0.405 u=0 breach=0 end=
CBAP_MIG t=20045000 epoch=4009 flow=13 side=new cur=2608084604 next=2697200964 tgt=2828125000 f=0.405 u=0 breach=0 end=
CBAP_MIG t=20045000 epoch=4009 flow=14 side=new cur=2608084604 next=2697200964 tgt=2828125000 f=0.405 u=0 breach=0 end=
CBAP_MIG t=20045000 epoch=4009 flow=15 side=new cur=2608084604 next=2697200964 tgt=2828125000 f=0.405 u=0 breach=0 end=
CBAP_MIG t=20045000 epoch=4009 flow=16 side=new cur=2608084604 next=2697200964 tgt=2828125000 f=0.405 u=0 breach=0 end=
CBAP_MIG t=20045000 epoch=4009 flow=17 side=new cur=2608084604 next=2697200964 tgt=2828125000 f=0.405 u=0 breach=0 end=
CBAP_MIG t=20045000 epoch=4009 flow=18 side=new cur=2608084604 next=2697200964 tgt=2828125000 f=0.405 u=0 breach=0 end=
CBAP_MIG t=20045000 epoch=4009 flow=19 side=new cur=2608084604 next=2697200964 tgt=2828125000 f=0.405 u=0 breach=0 end=
CBAP_MIG t=20045000 epoch=4009 flow=20 side=new cur=2608084604 next=2697200964 tgt=2828125000 f=0.405 u=0 breach=0 end=
CBAP_MIG t=20045000 epoch=4009 flow=21 side=new cur=2608084604 next=2697200964 tgt=2828125000 f=0.405 u=0 breach=0 end=
CBAP_MIG t=20045000 epoch=4009 flow=22 side=new cur=2608084604 next=2697200964 tgt=2828125000 f=0.405 u=0 breach=0 end=
CBAP_MIG t=20045000 epoch=4009 flow=23 side=new cur=2608084604 next=2697200964 tgt=2828125000 f=0.405 u=0 breach=0 end=
CBAP_MIG t=20045000 epoch=4009 flow=24 side=new cur=2608084604 next=2697200964 tgt=2828125000 f=0.405 u=0 breach=0 end=
CBAP_MIG t=20045000 epoch=4009 flow=25 side=new cur=2608084604 next=2697200964 tgt=2828125000 f=0.405 u=0 breach=0 end=
CBAP_MIG t=20045000 epoch=4009 flow=26 side=new cur=2608084604 next=2697200964 tgt=2828125000 f=0.405 u=0 breach=0 end=
CBAP_MIG t=20045000 epoch=4009 flow=27 side=new cur=2608084604 next=2697200964 tgt=2828125000 f=0.405 u=0 breach=0 end=
CBAP_MIG t=20045000 epoch=4009 flow=28 side=new cur=2608084604 next=2697200964 tgt=2828125000 f=0.405 u=0 breach=0 end=
CBAP_MIG t=20045000 epoch=4009 flow=29 side=new cur=2608084604 next=2697200964 tgt=2828125000 f=0.405 u=0 breach=0 end=
CBAP_MIG t=20045000 epoch=4009 flow=30 side=new cur=2608084604 next=2697200964 tgt=2828125000 f=0.405 u=0 breach=0 end=
CBAP_MIG t=20045000 epoch=4009 flow=31 side=new cur=2608084604 next=2697200964 tgt=2828125000 f=0.405 u=0 breach=0 end=
CBAP_MIG t=20045000 epoch=4009 flow=32 side=new cur=2608084604 next=2697200964 tgt=2828125000 f=0.405 u=0 breach=0 end=
CBAP_MIG t=20045000 epoch=4009 flow=33 side=new cur=2608084604 next=2697200964 tgt=2828125000 f=0.405 u=0 breach=0 end=
CBAP_MIG t=20045000 epoch=4009 flow=34 side=new cur=2608084604 next=2697200964 tgt=2828125000 f=0.405 u=0 breach=0 end=
CBAP_MIG t=20045000 epoch=4009 flow=35 side=new cur=2608084604 next=2697200964 tgt=2828125000 f=0.405 u=0 breach=0 end=
CBAP_MIG t=20045000 epoch=4009 flow=36 side=new cur=2608084604 next=2697200964 tgt=2828125000 f=0.405 u=0 breach=0 end=
CBAP_MIG t=20045000 epoch=4009 flow=37 side=new cur=2608084604 next=2697200964 tgt=2828125000 f=0.405 u=0 breach=0 end=
CBAP_MIG t=20045000 epoch=4009 flow=38 side=new cur=2608084604 next=2697200964 tgt=2828125000 f=0.405 u=0 breach=0 end=
CBAP_MIG t=20045000 epoch=4009 flow=39 side=new cur=2608084604 next=2697200964 tgt=2828125000 f=0.405 u=0 breach=0 end=
CBAP_MIG t=20045000 epoch=4009 flow=40 side=new cur=2608084604 next=2697200964 tgt=2828125000 f=0.405 u=0 breach=0 end=
CBAP_MIG t=20045000 epoch=4009 flow=41 side=new cur=2608084604 next=2697200964 tgt=2828125000 f=0.405 u=0 breach=0 end=
CBAP_MIG t=20045000 epoch=4009 flow=42 side=new cur=2608084604 next=2697200964 tgt=2828125000 f=0.405 u=0 breach=0 end=
CBAP_MIG t=20045000 epoch=4009 flow=43 side=new cur=2608084604 next=2697200964 tgt=2828125000 f=0.405 u=0 breach=0 end=
CBAP_MIG t=20045000 epoch=4009 flow=44 side=new cur=2608084604 next=2697200964 tgt=2828125000 f=0.405 u=0 breach=0 end=
CBAP_MIG t=20045000 epoch=4009 flow=45 side=new cur=2608084604 next=2697200964 tgt=2828125000 f=0.405 u=0 breach=0 end=
CBAP_MIG t=20045000 epoch=4009 flow=46 side=new cur=2608084604 next=2697200964 tgt=2828125000 f=0.405 u=0 breach=0 end=
CBAP_MIG t=20045000 epoch=4009 flow=47 side=new cur=2608084604 next=2697200964 tgt=2828125000 f=0.405 u=0 breach=0 end=
CBAP_MIG t=20045000 epoch=4009 flow=48 side=new cur=2608084604 next=2697200964 tgt=2828125000 f=0.405 u=0 breach=0 end=
CBAP_MIG t=20045000 epoch=4009 flow=49 side=new cur=2608084604 next=2697200964 tgt=2828125000 f=0.405 u=0 breach=0 end=
CBAP_MIG t=20045000 epoch=4009 flow=50 side=new cur=2608084604 next=2697200964 tgt=2828125000 f=0.405 u=0 breach=0 end=
CBAP_MIG t=20045000 epoch=4009 flow=51 side=new cur=2608084604 next=2697200964 tgt=2828125000 f=0.405 u=0 breach=0 end=
CBAP_MIG t=20045000 epoch=4009 flow=52 side=new cur=2608084604 next=2697200964 tgt=2828125000 f=0.405 u=0 breach=0 end=
CBAP_MIG t=20045000 epoch=4009 flow=53 side=new cur=2608084604 next=2697200964 tgt=2828125000 f=0.405 u=0 breach=0 end=
CBAP_MIG t=20045000 epoch=4009 flow=54 side=new cur=2608084604 next=2697200964 tgt=2828125000 f=0.405 u=0 breach=0 end=
CBAP_MIG t=20045000 epoch=4009 flow=55 side=new cur=2608084604 next=2697200964 tgt=2828125000 f=0.405 u=0 breach=0 end=
CBAP_MIG t=20045000 epoch=4009 flow=56 side=new cur=2608084604 next=2697200964 tgt=2828125000 f=0.405 u=0 breach=0 end=
CBAP_MIG t=20045000 epoch=4009 flow=57 side=new cur=2608084604 next=2697200964 tgt=2828125000 f=0.405 u=0 breach=0 end=
CBAP_MIG t=20045000 epoch=4009 flow=58 side=new cur=2608084604 next=2697200964 tgt=2828125000 f=0.405 u=0 breach=0 end=
CBAP_MIG t=20045000 epoch=4009 flow=59 side=new cur=2608084604 next=2697200964 tgt=2828125000 f=0.405 u=0 breach=0 end=
CBAP_MIG t=20045000 epoch=4009 flow=60 side=new cur=2608084604 next=2697200964 tgt=2828125000 f=0.405 u=0 breach=0 end=
CBAP_MIG t=20045000 epoch=4009 flow=61 side=new cur=2608084604 next=2697200964 tgt=2828125000 f=0.405 u=0 breach=0 end=
CBAP_MIG t=20045000 epoch=4009 flow=62 side=new cur=2608084604 next=2697200964 tgt=2828125000 f=0.405 u=0 breach=0 end=
CBAP_MIG t=20045000 epoch=4009 flow=63 side=new cur=2608084604 next=2697200964 tgt=2828125000 f=0.405 u=0 breach=0 end=
CBAP_MIG t=20045000 epoch=4009 flow=64 side=new cur=2608084604 next=2697200964 tgt=2828125000 f=0.405 u=0 breach=0 end=
CBAP_MIG t=20050000 epoch=4010 flow=0 side=old cur=28857809709 next=25900466796 tgt=18999999999 f=0.3 u=0 breach=0 end=
CBAP_MIG t=20050000 epoch=4010 flow=1 side=new cur=2697200964 next=2750225198 tgt=2828125000 f=0.405 u=0 breach=0 end=
CBAP_MIG t=20050000 epoch=4010 flow=2 side=new cur=2697200964 next=2750225198 tgt=2828125000 f=0.405 u=0 breach=0 end=
CBAP_MIG t=20050000 epoch=4010 flow=3 side=new cur=2697200964 next=2750225198 tgt=2828125000 f=0.405 u=0 breach=0 end=
CBAP_MIG t=20050000 epoch=4010 flow=4 side=new cur=2697200964 next=2750225198 tgt=2828125000 f=0.405 u=0 breach=0 end=
CBAP_MIG t=20050000 epoch=4010 flow=5 side=new cur=2697200964 next=2750225198 tgt=2828125000 f=0.405 u=0 breach=0 end=
CBAP_MIG t=20050000 epoch=4010 flow=6 side=new cur=2697200964 next=2750225198 tgt=2828125000 f=0.405 u=0 breach=0 end=
CBAP_MIG t=20050000 epoch=4010 flow=7 side=new cur=2697200964 next=2750225198 tgt=2828125000 f=0.405 u=0 breach=0 end=
CBAP_MIG t=20050000 epoch=4010 flow=8 side=new cur=2697200964 next=2750225198 tgt=2828125000 f=0.405 u=0 breach=0 end=
CBAP_MIG t=20050000 epoch=4010 flow=9 side=new cur=2697200964 next=2750225198 tgt=2828125000 f=0.405 u=0 breach=0 end=
CBAP_MIG t=20050000 epoch=4010 flow=10 side=new cur=2697200964 next=2750225198 tgt=2828125000 f=0.405 u=0 breach=0 end=
CBAP_MIG t=20050000 epoch=4010 flow=11 side=new cur=2697200964 next=2750225198 tgt=2828125000 f=0.405 u=0 breach=0 end=
CBAP_MIG t=20050000 epoch=4010 flow=12 side=new cur=2697200964 next=2750225198 tgt=2828125000 f=0.405 u=0 breach=0 end=
CBAP_MIG t=20050000 epoch=4010 flow=13 side=new cur=2697200964 next=2750225198 tgt=2828125000 f=0.405 u=0 breach=0 end=
CBAP_MIG t=20050000 epoch=4010 flow=14 side=new cur=2697200964 next=2750225198 tgt=2828125000 f=0.405 u=0 breach=0 end=
CBAP_MIG t=20050000 epoch=4010 flow=15 side=new cur=2697200964 next=2750225198 tgt=2828125000 f=0.405 u=0 breach=0 end=
CBAP_MIG t=20050000 epoch=4010 flow=16 side=new cur=2697200964 next=2750225198 tgt=2828125000 f=0.405 u=0 breach=0 end=
CBAP_MIG t=20050000 epoch=4010 flow=17 side=new cur=2697200964 next=2750225198 tgt=2828125000 f=0.405 u=0 breach=0 end=
CBAP_MIG t=20050000 epoch=4010 flow=18 side=new cur=2697200964 next=2750225198 tgt=2828125000 f=0.405 u=0 breach=0 end=
CBAP_MIG t=20050000 epoch=4010 flow=19 side=new cur=2697200964 next=2750225198 tgt=2828125000 f=0.405 u=0 breach=0 end=
CBAP_MIG t=20050000 epoch=4010 flow=20 side=new cur=2697200964 next=2750225198 tgt=2828125000 f=0.405 u=0 breach=0 end=
CBAP_MIG t=20050000 epoch=4010 flow=21 side=new cur=2697200964 next=2750225198 tgt=2828125000 f=0.405 u=0 breach=0 end=
CBAP_MIG t=20050000 epoch=4010 flow=22 side=new cur=2697200964 next=2750225198 tgt=2828125000 f=0.405 u=0 breach=0 end=
CBAP_MIG t=20050000 epoch=4010 flow=23 side=new cur=2697200964 next=2750225198 tgt=2828125000 f=0.405 u=0 breach=0 end=
CBAP_MIG t=20050000 epoch=4010 flow=24 side=new cur=2697200964 next=2750225198 tgt=2828125000 f=0.405 u=0 breach=0 end=
CBAP_MIG t=20050000 epoch=4010 flow=25 side=new cur=2697200964 next=2750225198 tgt=2828125000 f=0.405 u=0 breach=0 end=
CBAP_MIG t=20050000 epoch=4010 flow=26 side=new cur=2697200964 next=2750225198 tgt=2828125000 f=0.405 u=0 breach=0 end=
CBAP_MIG t=20050000 epoch=4010 flow=27 side=new cur=2697200964 next=2750225198 tgt=2828125000 f=0.405 u=0 breach=0 end=
CBAP_MIG t=20050000 epoch=4010 flow=28 side=new cur=2697200964 next=2750225198 tgt=2828125000 f=0.405 u=0 breach=0 end=
CBAP_MIG t=20050000 epoch=4010 flow=29 side=new cur=2697200964 next=2750225198 tgt=2828125000 f=0.405 u=0 breach=0 end=
CBAP_MIG t=20050000 epoch=4010 flow=30 side=new cur=2697200964 next=2750225198 tgt=2828125000 f=0.405 u=0 breach=0 end=
CBAP_MIG t=20050000 epoch=4010 flow=31 side=new cur=2697200964 next=2750225198 tgt=2828125000 f=0.405 u=0 breach=0 end=
CBAP_MIG t=20050000 epoch=4010 flow=32 side=new cur=2697200964 next=2750225198 tgt=2828125000 f=0.405 u=0 breach=0 end=
CBAP_MIG t=20050000 epoch=4010 flow=33 side=new cur=2697200964 next=2750225198 tgt=2828125000 f=0.405 u=0 breach=0 end=
CBAP_MIG t=20050000 epoch=4010 flow=34 side=new cur=2697200964 next=2750225198 tgt=2828125000 f=0.405 u=0 breach=0 end=
CBAP_MIG t=20050000 epoch=4010 flow=35 side=new cur=2697200964 next=2750225198 tgt=2828125000 f=0.405 u=0 breach=0 end=
CBAP_MIG t=20050000 epoch=4010 flow=36 side=new cur=2697200964 next=2750225198 tgt=2828125000 f=0.405 u=0 breach=0 end=
CBAP_MIG t=20050000 epoch=4010 flow=37 side=new cur=2697200964 next=2750225198 tgt=2828125000 f=0.405 u=0 breach=0 end=
CBAP_MIG t=20050000 epoch=4010 flow=38 side=new cur=2697200964 next=2750225198 tgt=2828125000 f=0.405 u=0 breach=0 end=
CBAP_MIG t=20050000 epoch=4010 flow=39 side=new cur=2697200964 next=2750225198 tgt=2828125000 f=0.405 u=0 breach=0 end=
CBAP_MIG t=20050000 epoch=4010 flow=40 side=new cur=2697200964 next=2750225198 tgt=2828125000 f=0.405 u=0 breach=0 end=
CBAP_MIG t=20050000 epoch=4010 flow=41 side=new cur=2697200964 next=2750225198 tgt=2828125000 f=0.405 u=0 breach=0 end=
CBAP_MIG t=20050000 epoch=4010 flow=42 side=new cur=2697200964 next=2750225198 tgt=2828125000 f=0.405 u=0 breach=0 end=
CBAP_MIG t=20050000 epoch=4010 flow=43 side=new cur=2697200964 next=2750225198 tgt=2828125000 f=0.405 u=0 breach=0 end=
CBAP_MIG t=20050000 epoch=4010 flow=44 side=new cur=2697200964 next=2750225198 tgt=2828125000 f=0.405 u=0 breach=0 end=
CBAP_MIG t=20050000 epoch=4010 flow=45 side=new cur=2697200964 next=2750225198 tgt=2828125000 f=0.405 u=0 breach=0 end=
CBAP_MIG t=20050000 epoch=4010 flow=46 side=new cur=2697200964 next=2750225198 tgt=2828125000 f=0.405 u=0 breach=0 end=
CBAP_MIG t=20050000 epoch=4010 flow=47 side=new cur=2697200964 next=2750225198 tgt=2828125000 f=0.405 u=0 breach=0 end=
CBAP_MIG t=20050000 epoch=4010 flow=48 side=new cur=2697200964 next=2750225198 tgt=2828125000 f=0.405 u=0 breach=0 end=
CBAP_MIG t=20050000 epoch=4010 flow=49 side=new cur=2697200964 next=2750225198 tgt=2828125000 f=0.405 u=0 breach=0 end=
CBAP_MIG t=20050000 epoch=4010 flow=50 side=new cur=2697200964 next=2750225198 tgt=2828125000 f=0.405 u=0 breach=0 end=
CBAP_MIG t=20050000 epoch=4010 flow=51 side=new cur=2697200964 next=2750225198 tgt=2828125000 f=0.405 u=0 breach=0 end=
CBAP_MIG t=20050000 epoch=4010 flow=52 side=new cur=2697200964 next=2750225198 tgt=2828125000 f=0.405 u=0 breach=0 end=
CBAP_MIG t=20050000 epoch=4010 flow=53 side=new cur=2697200964 next=2750225198 tgt=2828125000 f=0.405 u=0 breach=0 end=
CBAP_MIG t=20050000 epoch=4010 flow=54 side=new cur=2697200964 next=2750225198 tgt=2828125000 f=0.405 u=0 breach=0 end=
CBAP_MIG t=20050000 epoch=4010 flow=55 side=new cur=2697200964 next=2750225198 tgt=2828125000 f=0.405 u=0 breach=0 end=
CBAP_MIG t=20050000 epoch=4010 flow=56 side=new cur=2697200964 next=2750225198 tgt=2828125000 f=0.405 u=0 breach=0 end=
CBAP_MIG t=20050000 epoch=4010 flow=57 side=new cur=2697200964 next=2750225198 tgt=2828125000 f=0.405 u=0 breach=0 end=
CBAP_MIG t=20050000 epoch=4010 flow=58 side=new cur=2697200964 next=2750225198 tgt=2828125000 f=0.405 u=0 breach=0 end=
CBAP_MIG t=20050000 epoch=4010 flow=59 side=new cur=2697200964 next=2750225198 tgt=2828125000 f=0.405 u=0 breach=0 end=
CBAP_MIG t=20050000 epoch=4010 flow=60 side=new cur=2697200964 next=2750225198 tgt=2828125000 f=0.405 u=0 breach=0 end=
CBAP_MIG t=20050000 epoch=4010 flow=61 side=new cur=2697200964 next=2750225198 tgt=2828125000 f=0.405 u=0 breach=0 end=
CBAP_MIG t=20050000 epoch=4010 flow=62 side=new cur=2697200964 next=2750225198 tgt=2828125000 f=0.405 u=0 breach=0 end=
CBAP_MIG t=20050000 epoch=4010 flow=63 side=new cur=2697200964 next=2750225198 tgt=2828125000 f=0.405 u=0 breach=0 end=
CBAP_MIG t=20050000 epoch=4010 flow=64 side=new cur=2697200964 next=2750225198 tgt=2828125000 f=0.405 u=0 breach=0 end=
CBAP_MIG t=20055000 epoch=4011 flow=0 side=old cur=25900466796 next=23830326756 tgt=18999999999 f=0.3 u=0 breach=0 end=
CBAP_MIG t=20055000 epoch=4011 flow=1 side=new cur=2750225198 next=2781774617 tgt=2828125000 f=0.405 u=0 breach=0 end=
CBAP_MIG t=20055000 epoch=4011 flow=2 side=new cur=2750225198 next=2781774617 tgt=2828125000 f=0.405 u=0 breach=0 end=
CBAP_MIG t=20055000 epoch=4011 flow=3 side=new cur=2750225198 next=2781774617 tgt=2828125000 f=0.405 u=0 breach=0 end=
CBAP_MIG t=20055000 epoch=4011 flow=4 side=new cur=2750225198 next=2781774617 tgt=2828125000 f=0.405 u=0 breach=0 end=
CBAP_MIG t=20055000 epoch=4011 flow=5 side=new cur=2750225198 next=2781774617 tgt=2828125000 f=0.405 u=0 breach=0 end=
CBAP_MIG t=20055000 epoch=4011 flow=6 side=new cur=2750225198 next=2781774617 tgt=2828125000 f=0.405 u=0 breach=0 end=
CBAP_MIG t=20055000 epoch=4011 flow=7 side=new cur=2750225198 next=2781774617 tgt=2828125000 f=0.405 u=0 breach=0 end=
CBAP_MIG t=20055000 epoch=4011 flow=8 side=new cur=2750225198 next=2781774617 tgt=2828125000 f=0.405 u=0 breach=0 end=
CBAP_MIG t=20055000 epoch=4011 flow=9 side=new cur=2750225198 next=2781774617 tgt=2828125000 f=0.405 u=0 breach=0 end=
CBAP_MIG t=20055000 epoch=4011 flow=10 side=new cur=2750225198 next=2781774617 tgt=2828125000 f=0.405 u=0 breach=0 end=
CBAP_MIG t=20055000 epoch=4011 flow=11 side=new cur=2750225198 next=2781774617 tgt=2828125000 f=0.405 u=0 breach=0 end=
CBAP_MIG t=20055000 epoch=4011 flow=12 side=new cur=2750225198 next=2781774617 tgt=2828125000 f=0.405 u=0 breach=0 end=
CBAP_MIG t=20055000 epoch=4011 flow=13 side=new cur=2750225198 next=2781774617 tgt=2828125000 f=0.405 u=0 breach=0 end=
CBAP_MIG t=20055000 epoch=4011 flow=14 side=new cur=2750225198 next=2781774617 tgt=2828125000 f=0.405 u=0 breach=0 end=
CBAP_MIG t=20055000 epoch=4011 flow=15 side=new cur=2750225198 next=2781774617 tgt=2828125000 f=0.405 u=0 breach=0 end=
CBAP_MIG t=20055000 epoch=4011 flow=16 side=new cur=2750225198 next=2781774617 tgt=2828125000 f=0.405 u=0 breach=0 end=
CBAP_MIG t=20055000 epoch=4011 flow=17 side=new cur=2750225198 next=2781774617 tgt=2828125000 f=0.405 u=0 breach=0 end=
CBAP_MIG t=20055000 epoch=4011 flow=18 side=new cur=2750225198 next=2781774617 tgt=2828125000 f=0.405 u=0 breach=0 end=
CBAP_MIG t=20055000 epoch=4011 flow=19 side=new cur=2750225198 next=2781774617 tgt=2828125000 f=0.405 u=0 breach=0 end=
CBAP_MIG t=20055000 epoch=4011 flow=20 side=new cur=2750225198 next=2781774617 tgt=2828125000 f=0.405 u=0 breach=0 end=
CBAP_MIG t=20055000 epoch=4011 flow=21 side=new cur=2750225198 next=2781774617 tgt=2828125000 f=0.405 u=0 breach=0 end=
CBAP_MIG t=20055000 epoch=4011 flow=22 side=new cur=2750225198 next=2781774617 tgt=2828125000 f=0.405 u=0 breach=0 end=
CBAP_MIG t=20055000 epoch=4011 flow=23 side=new cur=2750225198 next=2781774617 tgt=2828125000 f=0.405 u=0 breach=0 end=
CBAP_MIG t=20055000 epoch=4011 flow=24 side=new cur=2750225198 next=2781774617 tgt=2828125000 f=0.405 u=0 breach=0 end=
CBAP_MIG t=20055000 epoch=4011 flow=25 side=new cur=2750225198 next=2781774617 tgt=2828125000 f=0.405 u=0 breach=0 end=
CBAP_MIG t=20055000 epoch=4011 flow=26 side=new cur=2750225198 next=2781774617 tgt=2828125000 f=0.405 u=0 breach=0 end=
CBAP_MIG t=20055000 epoch=4011 flow=27 side=new cur=2750225198 next=2781774617 tgt=2828125000 f=0.405 u=0 breach=0 end=
CBAP_MIG t=20055000 epoch=4011 flow=28 side=new cur=2750225198 next=2781774617 tgt=2828125000 f=0.405 u=0 breach=0 end=
CBAP_MIG t=20055000 epoch=4011 flow=29 side=new cur=2750225198 next=2781774617 tgt=2828125000 f=0.405 u=0 breach=0 end=
CBAP_MIG t=20055000 epoch=4011 flow=30 side=new cur=2750225198 next=2781774617 tgt=2828125000 f=0.405 u=0 breach=0 end=
CBAP_MIG t=20055000 epoch=4011 flow=31 side=new cur=2750225198 next=2781774617 tgt=2828125000 f=0.405 u=0 breach=0 end=
CBAP_MIG t=20055000 epoch=4011 flow=32 side=new cur=2750225198 next=2781774617 tgt=2828125000 f=0.405 u=0 breach=0 end=
CBAP_MIG t=20055000 epoch=4011 flow=33 side=new cur=2750225198 next=2781774617 tgt=2828125000 f=0.405 u=0 breach=0 end=
CBAP_MIG t=20055000 epoch=4011 flow=34 side=new cur=2750225198 next=2781774617 tgt=2828125000 f=0.405 u=0 breach=0 end=
CBAP_MIG t=20055000 epoch=4011 flow=35 side=new cur=2750225198 next=2781774617 tgt=2828125000 f=0.405 u=0 breach=0 end=
CBAP_MIG t=20055000 epoch=4011 flow=36 side=new cur=2750225198 next=2781774617 tgt=2828125000 f=0.405 u=0 breach=0 end=
CBAP_MIG t=20055000 epoch=4011 flow=37 side=new cur=2750225198 next=2781774617 tgt=2828125000 f=0.405 u=0 breach=0 end=
CBAP_MIG t=20055000 epoch=4011 flow=38 side=new cur=2750225198 next=2781774617 tgt=2828125000 f=0.405 u=0 breach=0 end=
CBAP_MIG t=20055000 epoch=4011 flow=39 side=new cur=2750225198 next=2781774617 tgt=2828125000 f=0.405 u=0 breach=0 end=
CBAP_MIG t=20055000 epoch=4011 flow=40 side=new cur=2750225198 next=2781774617 tgt=2828125000 f=0.405 u=0 breach=0 end=
CBAP_MIG t=20055000 epoch=4011 flow=41 side=new cur=2750225198 next=2781774617 tgt=2828125000 f=0.405 u=0 breach=0 end=
CBAP_MIG t=20055000 epoch=4011 flow=42 side=new cur=2750225198 next=2781774617 tgt=2828125000 f=0.405 u=0 breach=0 end=
CBAP_MIG t=20055000 epoch=4011 flow=43 side=new cur=2750225198 next=2781774617 tgt=2828125000 f=0.405 u=0 breach=0 end=
CBAP_MIG t=20055000 epoch=4011 flow=44 side=new cur=2750225198 next=2781774617 tgt=2828125000 f=0.405 u=0 breach=0 end=
CBAP_MIG t=20055000 epoch=4011 flow=45 side=new cur=2750225198 next=2781774617 tgt=2828125000 f=0.405 u=0 breach=0 end=
CBAP_MIG t=20055000 epoch=4011 flow=46 side=new cur=2750225198 next=2781774617 tgt=2828125000 f=0.405 u=0 breach=0 end=
CBAP_MIG t=20055000 epoch=4011 flow=47 side=new cur=2750225198 next=2781774617 tgt=2828125000 f=0.405 u=0 breach=0 end=
CBAP_MIG t=20055000 epoch=4011 flow=48 side=new cur=2750225198 next=2781774617 tgt=2828125000 f=0.405 u=0 breach=0 end=
CBAP_MIG t=20055000 epoch=4011 flow=49 side=new cur=2750225198 next=2781774617 tgt=2828125000 f=0.405 u=0 breach=0 end=
CBAP_MIG t=20055000 epoch=4011 flow=50 side=new cur=2750225198 next=2781774617 tgt=2828125000 f=0.405 u=0 breach=0 end=
CBAP_MIG t=20055000 epoch=4011 flow=51 side=new cur=2750225198 next=2781774617 tgt=2828125000 f=0.405 u=0 breach=0 end=
CBAP_MIG t=20055000 epoch=4011 flow=52 side=new cur=2750225198 next=2781774617 tgt=2828125000 f=0.405 u=0 breach=0 end=
CBAP_MIG t=20055000 epoch=4011 flow=53 side=new cur=2750225198 next=2781774617 tgt=2828125000 f=0.405 u=0 breach=0 end=
CBAP_MIG t=20055000 epoch=4011 flow=54 side=new cur=2750225198 next=2781774617 tgt=2828125000 f=0.405 u=0 breach=0 end=
CBAP_MIG t=20055000 epoch=4011 flow=55 side=new cur=2750225198 next=2781774617 tgt=2828125000 f=0.405 u=0 breach=0 end=
CBAP_MIG t=20055000 epoch=4011 flow=56 side=new cur=2750225198 next=2781774617 tgt=2828125000 f=0.405 u=0 breach=0 end=
CBAP_MIG t=20055000 epoch=4011 flow=57 side=new cur=2750225198 next=2781774617 tgt=2828125000 f=0.405 u=0 breach=0 end=
CBAP_MIG t=20055000 epoch=4011 flow=58 side=new cur=2750225198 next=2781774617 tgt=2828125000 f=0.405 u=0 breach=0 end=
CBAP_MIG t=20055000 epoch=4011 flow=59 side=new cur=2750225198 next=2781774617 tgt=2828125000 f=0.405 u=0 breach=0 end=
CBAP_MIG t=20055000 epoch=4011 flow=60 side=new cur=2750225198 next=2781774617 tgt=2828125000 f=0.405 u=0 breach=0 end=
CBAP_MIG t=20055000 epoch=4011 flow=61 side=new cur=2750225198 next=2781774617 tgt=2828125000 f=0.405 u=0 breach=0 end=
CBAP_MIG t=20055000 epoch=4011 flow=62 side=new cur=2750225198 next=2781774617 tgt=2828125000 f=0.405 u=0 breach=0 end=
CBAP_MIG t=20055000 epoch=4011 flow=63 side=new cur=2750225198 next=2781774617 tgt=2828125000 f=0.405 u=0 breach=0 end=
CBAP_MIG t=20055000 epoch=4011 flow=64 side=new cur=2750225198 next=2781774617 tgt=2828125000 f=0.405 u=0 breach=0 end=
CBAP_MIG t=20060000 epoch=4012 flow=0 side=old cur=23830326756 next=22381228728 tgt=18999999999 f=0.3 u=0 breach=0 end=
CBAP_MIG t=20060000 epoch=4012 flow=1 side=new cur=2815151144 next=2820405555 tgt=2828125000 f=0.405 u=0 breach=1 end=converged
CBAP_MIG t=20060000 epoch=4012 flow=2 side=new cur=2815151144 next=2820405555 tgt=2828125000 f=0.405 u=0 breach=1 end=converged
CBAP_MIG t=20060000 epoch=4012 flow=3 side=new cur=2815151144 next=2820405555 tgt=2828125000 f=0.405 u=0 breach=1 end=converged
CBAP_MIG t=20060000 epoch=4012 flow=4 side=new cur=2815151144 next=2820405555 tgt=2828125000 f=0.405 u=0 breach=1 end=converged
CBAP_MIG t=20060000 epoch=4012 flow=5 side=new cur=2815151144 next=2820405555 tgt=2828125000 f=0.405 u=0 breach=1 end=converged
CBAP_MIG t=20060000 epoch=4012 flow=6 side=new cur=2815151144 next=2820405555 tgt=2828125000 f=0.405 u=0 breach=1 end=converged
CBAP_MIG t=20060000 epoch=4012 flow=7 side=new cur=2815151144 next=2820405555 tgt=2828125000 f=0.405 u=0 breach=1 end=converged
CBAP_MIG t=20060000 epoch=4012 flow=8 side=new cur=2815151144 next=2820405555 tgt=2828125000 f=0.405 u=0 breach=1 end=converged
CBAP_MIG t=20060000 epoch=4012 flow=9 side=new cur=2815151144 next=2820405555 tgt=2828125000 f=0.405 u=0 breach=1 end=converged
CBAP_MIG t=20060000 epoch=4012 flow=10 side=new cur=2815151144 next=2820405555 tgt=2828125000 f=0.405 u=0 breach=1 end=converged
CBAP_MIG t=20060000 epoch=4012 flow=11 side=new cur=2815151144 next=2820405555 tgt=2828125000 f=0.405 u=0 breach=1 end=converged
CBAP_MIG t=20060000 epoch=4012 flow=12 side=new cur=2815151144 next=2820405555 tgt=2828125000 f=0.405 u=0 breach=1 end=converged
CBAP_MIG t=20060000 epoch=4012 flow=13 side=new cur=2815151144 next=2820405555 tgt=2828125000 f=0.405 u=0 breach=1 end=converged
CBAP_MIG t=20060000 epoch=4012 flow=14 side=new cur=2815151144 next=2820405555 tgt=2828125000 f=0.405 u=0 breach=1 end=converged
CBAP_MIG t=20060000 epoch=4012 flow=15 side=new cur=2815151144 next=2820405555 tgt=2828125000 f=0.405 u=0 breach=1 end=converged
CBAP_MIG t=20060000 epoch=4012 flow=16 side=new cur=2815151144 next=2820405555 tgt=2828125000 f=0.405 u=0 breach=1 end=converged
CBAP_MIG t=20060000 epoch=4012 flow=17 side=new cur=2815151144 next=2820405555 tgt=2828125000 f=0.405 u=0 breach=1 end=converged
CBAP_MIG t=20060000 epoch=4012 flow=18 side=new cur=2815151144 next=2820405555 tgt=2828125000 f=0.405 u=0 breach=1 end=converged
CBAP_MIG t=20060000 epoch=4012 flow=19 side=new cur=2815151144 next=2820405555 tgt=2828125000 f=0.405 u=0 breach=1 end=converged
CBAP_MIG t=20060000 epoch=4012 flow=20 side=new cur=2815151144 next=2820405555 tgt=2828125000 f=0.405 u=0 breach=1 end=converged
CBAP_MIG t=20060000 epoch=4012 flow=21 side=new cur=2815151144 next=2820405555 tgt=2828125000 f=0.405 u=0 breach=1 end=converged
CBAP_MIG t=20060000 epoch=4012 flow=22 side=new cur=2815151144 next=2820405555 tgt=2828125000 f=0.405 u=0 breach=1 end=converged
CBAP_MIG t=20060000 epoch=4012 flow=23 side=new cur=2815151144 next=2820405555 tgt=2828125000 f=0.405 u=0 breach=1 end=converged
CBAP_MIG t=20060000 epoch=4012 flow=24 side=new cur=2815151144 next=2820405555 tgt=2828125000 f=0.405 u=0 breach=1 end=converged
CBAP_MIG t=20060000 epoch=4012 flow=25 side=new cur=2815151144 next=2820405555 tgt=2828125000 f=0.405 u=0 breach=1 end=converged
CBAP_MIG t=20060000 epoch=4012 flow=26 side=new cur=2815151144 next=2820405555 tgt=2828125000 f=0.405 u=0 breach=1 end=converged
CBAP_MIG t=20060000 epoch=4012 flow=27 side=new cur=2815151144 next=2820405555 tgt=2828125000 f=0.405 u=0 breach=1 end=converged
CBAP_MIG t=20060000 epoch=4012 flow=28 side=new cur=2815151144 next=2820405555 tgt=2828125000 f=0.405 u=0 breach=1 end=converged
CBAP_MIG t=20060000 epoch=4012 flow=29 side=new cur=2815151144 next=2820405555 tgt=2828125000 f=0.405 u=0 breach=1 end=converged
CBAP_MIG t=20060000 epoch=4012 flow=30 side=new cur=2815151144 next=2820405555 tgt=2828125000 f=0.405 u=0 breach=1 end=converged
CBAP_MIG t=20060000 epoch=4012 flow=31 side=new cur=2815151144 next=2820405555 tgt=2828125000 f=0.405 u=0 breach=1 end=converged
CBAP_MIG t=20060000 epoch=4012 flow=32 side=new cur=2815151144 next=2820405555 tgt=2828125000 f=0.405 u=0 breach=1 end=converged
CBAP_MIG t=20060000 epoch=4012 flow=33 side=new cur=2815151144 next=2820405555 tgt=2828125000 f=0.405 u=0 breach=1 end=converged
CBAP_MIG t=20060000 epoch=4012 flow=34 side=new cur=2815151144 next=2820405555 tgt=2828125000 f=0.405 u=0 breach=1 end=converged
CBAP_MIG t=20060000 epoch=4012 flow=35 side=new cur=2815151144 next=2820405555 tgt=2828125000 f=0.405 u=0 breach=1 end=converged
CBAP_MIG t=20060000 epoch=4012 flow=36 side=new cur=2815151144 next=2820405555 tgt=2828125000 f=0.405 u=0 breach=1 end=converged
CBAP_MIG t=20060000 epoch=4012 flow=37 side=new cur=2815151144 next=2820405555 tgt=2828125000 f=0.405 u=0 breach=1 end=converged
CBAP_MIG t=20060000 epoch=4012 flow=38 side=new cur=2815151144 next=2820405555 tgt=2828125000 f=0.405 u=0 breach=1 end=converged
CBAP_MIG t=20060000 epoch=4012 flow=39 side=new cur=2815151144 next=2820405555 tgt=2828125000 f=0.405 u=0 breach=1 end=converged
CBAP_MIG t=20060000 epoch=4012 flow=40 side=new cur=2815151144 next=2820405555 tgt=2828125000 f=0.405 u=0 breach=1 end=converged
CBAP_MIG t=20060000 epoch=4012 flow=41 side=new cur=2815151144 next=2820405555 tgt=2828125000 f=0.405 u=0 breach=1 end=converged
CBAP_MIG t=20060000 epoch=4012 flow=42 side=new cur=2815151144 next=2820405555 tgt=2828125000 f=0.405 u=0 breach=1 end=converged
CBAP_MIG t=20060000 epoch=4012 flow=43 side=new cur=2815151144 next=2820405555 tgt=2828125000 f=0.405 u=0 breach=1 end=converged
CBAP_MIG t=20060000 epoch=4012 flow=44 side=new cur=2815151144 next=2820405555 tgt=2828125000 f=0.405 u=0 breach=1 end=converged
CBAP_MIG t=20060000 epoch=4012 flow=45 side=new cur=2815151144 next=2820405555 tgt=2828125000 f=0.405 u=0 breach=1 end=converged
CBAP_MIG t=20060000 epoch=4012 flow=46 side=new cur=2815151144 next=2820405555 tgt=2828125000 f=0.405 u=0 breach=1 end=converged
CBAP_MIG t=20060000 epoch=4012 flow=47 side=new cur=2815151144 next=2820405555 tgt=2828125000 f=0.405 u=0 breach=1 end=converged
CBAP_MIG t=20060000 epoch=4012 flow=48 side=new cur=2815151144 next=2820405555 tgt=2828125000 f=0.405 u=0 breach=1 end=converged
CBAP_MIG t=20060000 epoch=4012 flow=49 side=new cur=2815151144 next=2820405555 tgt=2828125000 f=0.405 u=0 breach=1 end=converged
CBAP_MIG t=20060000 epoch=4012 flow=50 side=new cur=2815151144 next=2820405555 tgt=2828125000 f=0.405 u=0 breach=1 end=converged
CBAP_MIG t=20060000 epoch=4012 flow=51 side=new cur=2815151144 next=2820405555 tgt=2828125000 f=0.405 u=0 breach=1 end=converged
CBAP_MIG t=20060000 epoch=4012 flow=52 side=new cur=2815151144 next=2820405555 tgt=2828125000 f=0.405 u=0 breach=1 end=converged
CBAP_MIG t=20060000 epoch=4012 flow=53 side=new cur=2815151144 next=2820405555 tgt=2828125000 f=0.405 u=0 breach=1 end=converged
CBAP_MIG t=20060000 epoch=4012 flow=54 side=new cur=2815151144 next=2820405555 tgt=2828125000 f=0.405 u=0 breach=1 end=converged
CBAP_MIG t=20060000 epoch=4012 flow=55 side=new cur=2815151144 next=2820405555 tgt=2828125000 f=0.405 u=0 breach=1 end=converged
CBAP_MIG t=20060000 epoch=4012 flow=56 side=new cur=2815151144 next=2820405555 tgt=2828125000 f=0.405 u=0 breach=1 end=converged
CBAP_MIG t=20060000 epoch=4012 flow=57 side=new cur=2815151144 next=2820405555 tgt=2828125000 f=0.405 u=0 breach=1 end=converged
CBAP_MIG t=20060000 epoch=4012 flow=58 side=new cur=2815151144 next=2820405555 tgt=2828125000 f=0.405 u=0 breach=1 end=converged
CBAP_MIG t=20060000 epoch=4012 flow=59 side=new cur=2815151144 next=2820405555 tgt=2828125000 f=0.405 u=0 breach=1 end=converged
CBAP_MIG t=20060000 epoch=4012 flow=60 side=new cur=2815151144 next=2820405555 tgt=2828125000 f=0.405 u=0 breach=1 end=converged
CBAP_MIG t=20060000 epoch=4012 flow=61 side=new cur=2815151144 next=2820405555 tgt=2828125000 f=0.405 u=0 breach=1 end=converged
CBAP_MIG t=20060000 epoch=4012 flow=62 side=new cur=2815151144 next=2820405555 tgt=2828125000 f=0.405 u=0 breach=1 end=converged
CBAP_MIG t=20060000 epoch=4012 flow=63 side=new cur=2815151144 next=2820405555 tgt=2828125000 f=0.405 u=0 breach=1 end=converged
CBAP_MIG t=20060000 epoch=4012 flow=64 side=new cur=2815151144 next=2820405555 tgt=2828125000 f=0.405 u=0 breach=1 end=converged
CBAP_MIG t=20065000 epoch=4013 flow=0 side=old cur=22381228728 next=21366860109 tgt=18999999999 f=0.3 u=0 breach=0 end=
CBAP_MIG t=20070000 epoch=4014 flow=0 side=old cur=21366860109 next=20656802076 tgt=18999999999 f=0.3 u=0 breach=0 end=
CBAP_MIG t=20075000 epoch=4015 flow=0 side=old cur=20656802076 next=20159761452 tgt=18999999999 f=0.3 u=0 breach=0 end=deadline_retargeted
CBAP_MIG_REPLAN t=20080000 reason=deadline_lapsed flow=0 batch=0 newest_batch=1 cur=20159761452 target=2015976145 ceiling=190000000000 old_side_present=1
CBAP_MIG_REPLAN t=20080000 reason=deadline_lapsed flow=1 batch=1 newest_batch=1 cur=2853642810 target=3093500372 ceiling=200000000000 old_side_present=1
CBAP_MIG_REPLAN t=20080000 reason=deadline_lapsed flow=2 batch=1 newest_batch=1 cur=2853642810 target=3093500372 ceiling=200000000000 old_side_present=1
CBAP_MIG_REPLAN t=20080000 reason=deadline_lapsed flow=3 batch=1 newest_batch=1 cur=2853642810 target=3093500372 ceiling=200000000000 old_side_present=1
CBAP_MIG_REPLAN t=20080000 reason=deadline_lapsed flow=4 batch=1 newest_batch=1 cur=2853642810 target=3093500372 ceiling=200000000000 old_side_present=1
CBAP_MIG_REPLAN t=20080000 reason=deadline_lapsed flow=5 batch=1 newest_batch=1 cur=2853642810 target=3093500372 ceiling=200000000000 old_side_present=1
CBAP_MIG_REPLAN t=20080000 reason=deadline_lapsed flow=6 batch=1 newest_batch=1 cur=2853642810 target=3093500372 ceiling=200000000000 old_side_present=1
CBAP_MIG_REPLAN t=20080000 reason=deadline_lapsed flow=7 batch=1 newest_batch=1 cur=2853642810 target=3093500372 ceiling=200000000000 old_side_present=1
CBAP_MIG_REPLAN t=20080000 reason=deadline_lapsed flow=8 batch=1 newest_batch=1 cur=2853642810 target=3093500372 ceiling=200000000000 old_side_present=1
CBAP_MIG_REPLAN t=20080000 reason=deadline_lapsed flow=9 batch=1 newest_batch=1 cur=2853642810 target=3093500372 ceiling=200000000000 old_side_present=1
CBAP_MIG_REPLAN t=20080000 reason=deadline_lapsed flow=10 batch=1 newest_batch=1 cur=2853642810 target=3093500372 ceiling=200000000000 old_side_present=1
CBAP_MIG_REPLAN t=20080000 reason=deadline_lapsed flow=11 batch=1 newest_batch=1 cur=2853642810 target=3093500372 ceiling=200000000000 old_side_present=1
CBAP_MIG_REPLAN t=20080000 reason=deadline_lapsed flow=12 batch=1 newest_batch=1 cur=2853642810 target=3093500372 ceiling=200000000000 old_side_present=1
CBAP_MIG_REPLAN t=20080000 reason=deadline_lapsed flow=13 batch=1 newest_batch=1 cur=2853642810 target=3093500372 ceiling=200000000000 old_side_present=1
CBAP_MIG_REPLAN t=20080000 reason=deadline_lapsed flow=14 batch=1 newest_batch=1 cur=2853642810 target=3093500372 ceiling=200000000000 old_side_present=1
CBAP_MIG_REPLAN t=20080000 reason=deadline_lapsed flow=15 batch=1 newest_batch=1 cur=2853642810 target=3093500372 ceiling=200000000000 old_side_present=1
CBAP_MIG_REPLAN t=20080000 reason=deadline_lapsed flow=16 batch=1 newest_batch=1 cur=2853642810 target=3093500372 ceiling=200000000000 old_side_present=1
CBAP_MIG_REPLAN t=20080000 reason=deadline_lapsed flow=17 batch=1 newest_batch=1 cur=2853642810 target=3093500372 ceiling=200000000000 old_side_present=1
CBAP_MIG_REPLAN t=20080000 reason=deadline_lapsed flow=18 batch=1 newest_batch=1 cur=2853642810 target=3093500372 ceiling=200000000000 old_side_present=1
CBAP_MIG_REPLAN t=20080000 reason=deadline_lapsed flow=19 batch=1 newest_batch=1 cur=2853642810 target=3093500372 ceiling=200000000000 old_side_present=1
CBAP_MIG_REPLAN t=20080000 reason=deadline_lapsed flow=20 batch=1 newest_batch=1 cur=2853642810 target=3093500372 ceiling=200000000000 old_side_present=1
CBAP_MIG_REPLAN t=20080000 reason=deadline_lapsed flow=21 batch=1 newest_batch=1 cur=2853642810 target=3093500372 ceiling=200000000000 old_side_present=1
CBAP_MIG_REPLAN t=20080000 reason=deadline_lapsed flow=22 batch=1 newest_batch=1 cur=2853642810 target=3093500372 ceiling=200000000000 old_side_present=1
CBAP_MIG_REPLAN t=20080000 reason=deadline_lapsed flow=23 batch=1 newest_batch=1 cur=2853642810 target=3093500372 ceiling=200000000000 old_side_present=1
CBAP_MIG_REPLAN t=20080000 reason=deadline_lapsed flow=24 batch=1 newest_batch=1 cur=2853642810 target=3093500372 ceiling=200000000000 old_side_present=1
CBAP_MIG_REPLAN t=20080000 reason=deadline_lapsed flow=25 batch=1 newest_batch=1 cur=2853642810 target=3093500372 ceiling=200000000000 old_side_present=1
CBAP_MIG_REPLAN t=20080000 reason=deadline_lapsed flow=26 batch=1 newest_batch=1 cur=2853642810 target=3093500372 ceiling=200000000000 old_side_present=1
CBAP_MIG_REPLAN t=20080000 reason=deadline_lapsed flow=27 batch=1 newest_batch=1 cur=2853642810 target=3093500372 ceiling=200000000000 old_side_present=1
CBAP_MIG_REPLAN t=20080000 reason=deadline_lapsed flow=28 batch=1 newest_batch=1 cur=2853642810 target=3093500372 ceiling=200000000000 old_side_present=1
CBAP_MIG_REPLAN t=20080000 reason=deadline_lapsed flow=29 batch=1 newest_batch=1 cur=2853642810 target=3093500372 ceiling=200000000000 old_side_present=1
CBAP_MIG_REPLAN t=20080000 reason=deadline_lapsed flow=30 batch=1 newest_batch=1 cur=2853642810 target=3093500372 ceiling=200000000000 old_side_present=1
CBAP_MIG_REPLAN t=20080000 reason=deadline_lapsed flow=31 batch=1 newest_batch=1 cur=2853642810 target=3093500372 ceiling=200000000000 old_side_present=1
CBAP_MIG_REPLAN t=20080000 reason=deadline_lapsed flow=32 batch=1 newest_batch=1 cur=2853642810 target=3093500372 ceiling=200000000000 old_side_present=1
CBAP_MIG_REPLAN t=20080000 reason=deadline_lapsed flow=33 batch=1 newest_batch=1 cur=2853642810 target=3093500372 ceiling=200000000000 old_side_present=1
CBAP_MIG_REPLAN t=20080000 reason=deadline_lapsed flow=34 batch=1 newest_batch=1 cur=2853642810 target=3093500372 ceiling=200000000000 old_side_present=1
CBAP_MIG_REPLAN t=20080000 reason=deadline_lapsed flow=35 batch=1 newest_batch=1 cur=2853642810 target=3093500372 ceiling=200000000000 old_side_present=1
CBAP_MIG_REPLAN t=20080000 reason=deadline_lapsed flow=36 batch=1 newest_batch=1 cur=2853642810 target=3093500372 ceiling=200000000000 old_side_present=1
CBAP_MIG_REPLAN t=20080000 reason=deadline_lapsed flow=37 batch=1 newest_batch=1 cur=2853642810 target=3093500372 ceiling=200000000000 old_side_present=1
CBAP_MIG_REPLAN t=20080000 reason=deadline_lapsed flow=38 batch=1 newest_batch=1 cur=2853642810 target=3093500372 ceiling=200000000000 old_side_present=1
CBAP_MIG_REPLAN t=20080000 reason=deadline_lapsed flow=39 batch=1 newest_batch=1 cur=2853642810 target=3093500372 ceiling=200000000000 old_side_present=1
CBAP_MIG_REPLAN t=20080000 reason=deadline_lapsed flow=40 batch=1 newest_batch=1 cur=2853642810 target=3093500372 ceiling=200000000000 old_side_present=1
CBAP_MIG_REPLAN t=20080000 reason=deadline_lapsed flow=41 batch=1 newest_batch=1 cur=2853642810 target=3093500372 ceiling=200000000000 old_side_present=1
CBAP_MIG_REPLAN t=20080000 reason=deadline_lapsed flow=42 batch=1 newest_batch=1 cur=2853642810 target=3093500372 ceiling=200000000000 old_side_present=1
CBAP_MIG_REPLAN t=20080000 reason=deadline_lapsed flow=43 batch=1 newest_batch=1 cur=2853642810 target=3093500372 ceiling=200000000000 old_side_present=1
CBAP_MIG_REPLAN t=20080000 reason=deadline_lapsed flow=44 batch=1 newest_batch=1 cur=2853642810 target=3093500372 ceiling=200000000000 old_side_present=1
CBAP_MIG_REPLAN t=20080000 reason=deadline_lapsed flow=45 batch=1 newest_batch=1 cur=2853642810 target=3093500372 ceiling=200000000000 old_side_present=1
CBAP_MIG_REPLAN t=20080000 reason=deadline_lapsed flow=46 batch=1 newest_batch=1 cur=2853642810 target=3093500372 ceiling=200000000000 old_side_present=1
CBAP_MIG_REPLAN t=20080000 reason=deadline_lapsed flow=47 batch=1 newest_batch=1 cur=2853642810 target=3093500372 ceiling=200000000000 old_side_present=1
CBAP_MIG_REPLAN t=20080000 reason=deadline_lapsed flow=48 batch=1 newest_batch=1 cur=2853642810 target=3093500372 ceiling=200000000000 old_side_present=1
CBAP_MIG_REPLAN t=20080000 reason=deadline_lapsed flow=49 batch=1 newest_batch=1 cur=2853642810 target=3093500372 ceiling=200000000000 old_side_present=1
CBAP_MIG_REPLAN t=20080000 reason=deadline_lapsed flow=50 batch=1 newest_batch=1 cur=2853642810 target=3093500372 ceiling=200000000000 old_side_present=1
CBAP_MIG_REPLAN t=20080000 reason=deadline_lapsed flow=51 batch=1 newest_batch=1 cur=2853642810 target=3093500372 ceiling=200000000000 old_side_present=1
CBAP_MIG_REPLAN t=20080000 reason=deadline_lapsed flow=52 batch=1 newest_batch=1 cur=2853642810 target=3093500372 ceiling=200000000000 old_side_present=1
CBAP_MIG_REPLAN t=20080000 reason=deadline_lapsed flow=53 batch=1 newest_batch=1 cur=2853642810 target=3093500372 ceiling=200000000000 old_side_present=1
CBAP_MIG_REPLAN t=20080000 reason=deadline_lapsed flow=54 batch=1 newest_batch=1 cur=2853642810 target=3093500372 ceiling=200000000000 old_side_present=1
CBAP_MIG_REPLAN t=20080000 reason=deadline_lapsed flow=55 batch=1 newest_batch=1 cur=2853642810 target=3093500372 ceiling=200000000000 old_side_present=1
CBAP_MIG_REPLAN t=20080000 reason=deadline_lapsed flow=56 batch=1 newest_batch=1 cur=2853642810 target=3093500372 ceiling=200000000000 old_side_present=1
CBAP_MIG_REPLAN t=20080000 reason=deadline_lapsed flow=57 batch=1 newest_batch=1 cur=2853642810 target=3093500372 ceiling=200000000000 old_side_present=1
CBAP_MIG_REPLAN t=20080000 reason=deadline_lapsed flow=58 batch=1 newest_batch=1 cur=2853642810 target=3093500372 ceiling=200000000000 old_side_present=1
CBAP_MIG_REPLAN t=20080000 reason=deadline_lapsed flow=59 batch=1 newest_batch=1 cur=2853642810 target=3093500372 ceiling=200000000000 old_side_present=1
CBAP_MIG_REPLAN t=20080000 reason=deadline_lapsed flow=60 batch=1 newest_batch=1 cur=2853642810 target=3093500372 ceiling=200000000000 old_side_present=1
CBAP_MIG_REPLAN t=20080000 reason=deadline_lapsed flow=61 batch=1 newest_batch=1 cur=2853642810 target=3093500372 ceiling=200000000000 old_side_present=1
CBAP_MIG_REPLAN t=20080000 reason=deadline_lapsed flow=62 batch=1 newest_batch=1 cur=2853642810 target=3093500372 ceiling=200000000000 old_side_present=1
CBAP_MIG_REPLAN t=20080000 reason=deadline_lapsed flow=63 batch=1 newest_batch=1 cur=2853642810 target=3093500372 ceiling=200000000000 old_side_present=1
CBAP_MIG_REPLAN t=20080000 reason=deadline_lapsed flow=64 batch=1 newest_batch=1 cur=2853642810 target=3093500372 ceiling=200000000000 old_side_present=1
CBAP_MIG t=20080000 epoch=4016 flow=0 side=old cur=20159761452 next=14716625859 tgt=2015976145 f=0.3 u=0 breach=0 end=
CBAP_MIG t=20080000 epoch=4016 flow=1 side=new cur=2853642810 next=2950785122 tgt=3093500372 f=0.405 u=0 breach=1 end=
CBAP_MIG t=20080000 epoch=4016 flow=2 side=new cur=2853642810 next=2950785122 tgt=3093500372 f=0.405 u=0 breach=1 end=
CBAP_MIG t=20080000 epoch=4016 flow=3 side=new cur=2853642810 next=2950785122 tgt=3093500372 f=0.405 u=0 breach=1 end=
CBAP_MIG t=20080000 epoch=4016 flow=4 side=new cur=2853642810 next=2950785122 tgt=3093500372 f=0.405 u=0 breach=1 end=
CBAP_MIG t=20080000 epoch=4016 flow=5 side=new cur=2853642810 next=2950785122 tgt=3093500372 f=0.405 u=0 breach=1 end=
CBAP_MIG t=20080000 epoch=4016 flow=6 side=new cur=2853642810 next=2950785122 tgt=3093500372 f=0.405 u=0 breach=1 end=
CBAP_MIG t=20080000 epoch=4016 flow=7 side=new cur=2853642810 next=2950785122 tgt=3093500372 f=0.405 u=0 breach=1 end=
CBAP_MIG t=20080000 epoch=4016 flow=8 side=new cur=2853642810 next=2950785122 tgt=3093500372 f=0.405 u=0 breach=1 end=
CBAP_MIG t=20080000 epoch=4016 flow=9 side=new cur=2853642810 next=2950785122 tgt=3093500372 f=0.405 u=0 breach=1 end=
CBAP_MIG t=20080000 epoch=4016 flow=10 side=new cur=2853642810 next=2950785122 tgt=3093500372 f=0.405 u=0 breach=1 end=
CBAP_MIG t=20080000 epoch=4016 flow=11 side=new cur=2853642810 next=2950785122 tgt=3093500372 f=0.405 u=0 breach=1 end=
CBAP_MIG t=20080000 epoch=4016 flow=12 side=new cur=2853642810 next=2950785122 tgt=3093500372 f=0.405 u=0 breach=1 end=
CBAP_MIG t=20080000 epoch=4016 flow=13 side=new cur=2853642810 next=2950785122 tgt=3093500372 f=0.405 u=0 breach=1 end=
CBAP_MIG t=20080000 epoch=4016 flow=14 side=new cur=2853642810 next=2950785122 tgt=3093500372 f=0.405 u=0 breach=1 end=
CBAP_MIG t=20080000 epoch=4016 flow=15 side=new cur=2853642810 next=2950785122 tgt=3093500372 f=0.405 u=0 breach=1 end=
CBAP_MIG t=20080000 epoch=4016 flow=16 side=new cur=2853642810 next=2950785122 tgt=3093500372 f=0.405 u=0 breach=1 end=
CBAP_MIG t=20080000 epoch=4016 flow=17 side=new cur=2853642810 next=2950785122 tgt=3093500372 f=0.405 u=0 breach=1 end=
CBAP_MIG t=20080000 epoch=4016 flow=18 side=new cur=2853642810 next=2950785122 tgt=3093500372 f=0.405 u=0 breach=1 end=
CBAP_MIG t=20080000 epoch=4016 flow=19 side=new cur=2853642810 next=2950785122 tgt=3093500372 f=0.405 u=0 breach=1 end=
CBAP_MIG t=20080000 epoch=4016 flow=20 side=new cur=2853642810 next=2950785122 tgt=3093500372 f=0.405 u=0 breach=1 end=
CBAP_MIG t=20080000 epoch=4016 flow=21 side=new cur=2853642810 next=2950785122 tgt=3093500372 f=0.405 u=0 breach=1 end=
CBAP_MIG t=20080000 epoch=4016 flow=22 side=new cur=2853642810 next=2950785122 tgt=3093500372 f=0.405 u=0 breach=1 end=
CBAP_MIG t=20080000 epoch=4016 flow=23 side=new cur=2853642810 next=2950785122 tgt=3093500372 f=0.405 u=0 breach=1 end=
CBAP_MIG t=20080000 epoch=4016 flow=24 side=new cur=2853642810 next=2950785122 tgt=3093500372 f=0.405 u=0 breach=1 end=
CBAP_MIG t=20080000 epoch=4016 flow=25 side=new cur=2853642810 next=2950785122 tgt=3093500372 f=0.405 u=0 breach=1 end=
CBAP_MIG t=20080000 epoch=4016 flow=26 side=new cur=2853642810 next=2950785122 tgt=3093500372 f=0.405 u=0 breach=1 end=
CBAP_MIG t=20080000 epoch=4016 flow=27 side=new cur=2853642810 next=2950785122 tgt=3093500372 f=0.405 u=0 breach=1 end=
CBAP_MIG t=20080000 epoch=4016 flow=28 side=new cur=2853642810 next=2950785122 tgt=3093500372 f=0.405 u=0 breach=1 end=
CBAP_MIG t=20080000 epoch=4016 flow=29 side=new cur=2853642810 next=2950785122 tgt=3093500372 f=0.405 u=0 breach=1 end=
CBAP_MIG t=20080000 epoch=4016 flow=30 side=new cur=2853642810 next=2950785122 tgt=3093500372 f=0.405 u=0 breach=1 end=
CBAP_MIG t=20080000 epoch=4016 flow=31 side=new cur=2853642810 next=2950785122 tgt=3093500372 f=0.405 u=0 breach=1 end=
CBAP_MIG t=20080000 epoch=4016 flow=32 side=new cur=2853642810 next=2950785122 tgt=3093500372 f=0.405 u=0 breach=1 end=
CBAP_MIG t=20080000 epoch=4016 flow=33 side=new cur=2853642810 next=2950785122 tgt=3093500372 f=0.405 u=0 breach=1 end=
CBAP_MIG t=20080000 epoch=4016 flow=34 side=new cur=2853642810 next=2950785122 tgt=3093500372 f=0.405 u=0 breach=1 end=
CBAP_MIG t=20080000 epoch=4016 flow=35 side=new cur=2853642810 next=2950785122 tgt=3093500372 f=0.405 u=0 breach=1 end=
CBAP_MIG t=20080000 epoch=4016 flow=36 side=new cur=2853642810 next=2950785122 tgt=3093500372 f=0.405 u=0 breach=1 end=
CBAP_MIG t=20080000 epoch=4016 flow=37 side=new cur=2853642810 next=2950785122 tgt=3093500372 f=0.405 u=0 breach=1 end=
CBAP_MIG t=20080000 epoch=4016 flow=38 side=new cur=2853642810 next=2950785122 tgt=3093500372 f=0.405 u=0 breach=1 end=
CBAP_MIG t=20080000 epoch=4016 flow=39 side=new cur=2853642810 next=2950785122 tgt=3093500372 f=0.405 u=0 breach=1 end=
CBAP_MIG t=20080000 epoch=4016 flow=40 side=new cur=2853642810 next=2950785122 tgt=3093500372 f=0.405 u=0 breach=1 end=
CBAP_MIG t=20080000 epoch=4016 flow=41 side=new cur=2853642810 next=2950785122 tgt=3093500372 f=0.405 u=0 breach=1 end=
CBAP_MIG t=20080000 epoch=4016 flow=42 side=new cur=2853642810 next=2950785122 tgt=3093500372 f=0.405 u=0 breach=1 end=
CBAP_MIG t=20080000 epoch=4016 flow=43 side=new cur=2853642810 next=2950785122 tgt=3093500372 f=0.405 u=0 breach=1 end=
CBAP_MIG t=20080000 epoch=4016 flow=44 side=new cur=2853642810 next=2950785122 tgt=3093500372 f=0.405 u=0 breach=1 end=
CBAP_MIG t=20080000 epoch=4016 flow=45 side=new cur=2853642810 next=2950785122 tgt=3093500372 f=0.405 u=0 breach=1 end=
CBAP_MIG t=20080000 epoch=4016 flow=46 side=new cur=2853642810 next=2950785122 tgt=3093500372 f=0.405 u=0 breach=1 end=
CBAP_MIG t=20080000 epoch=4016 flow=47 side=new cur=2853642810 next=2950785122 tgt=3093500372 f=0.405 u=0 breach=1 end=
CBAP_MIG t=20080000 epoch=4016 flow=48 side=new cur=2853642810 next=2950785122 tgt=3093500372 f=0.405 u=0 breach=1 end=
CBAP_MIG t=20080000 epoch=4016 flow=49 side=new cur=2853642810 next=2950785122 tgt=3093500372 f=0.405 u=0 breach=1 end=
CBAP_MIG t=20080000 epoch=4016 flow=50 side=new cur=2853642810 next=2950785122 tgt=3093500372 f=0.405 u=0 breach=1 end=
CBAP_MIG t=20080000 epoch=4016 flow=51 side=new cur=2853642810 next=2950785122 tgt=3093500372 f=0.405 u=0 breach=1 end=
CBAP_MIG t=20080000 epoch=4016 flow=52 side=new cur=2853642810 next=2950785122 tgt=3093500372 f=0.405 u=0 breach=1 end=
CBAP_MIG t=20080000 epoch=4016 flow=53 side=new cur=2853642810 next=2950785122 tgt=3093500372 f=0.405 u=0 breach=1 end=
CBAP_MIG t=20080000 epoch=4016 flow=54 side=new cur=2853642810 next=2950785122 tgt=3093500372 f=0.405 u=0 breach=1 end=
CBAP_MIG t=20080000 epoch=4016 flow=55 side=new cur=2853642810 next=2950785122 tgt=3093500372 f=0.405 u=0 breach=1 end=
CBAP_MIG t=20080000 epoch=4016 flow=56 side=new cur=2853642810 next=2950785122 tgt=3093500372 f=0.405 u=0 breach=1 end=
CBAP_MIG t=20080000 epoch=4016 flow=57 side=new cur=2853642810 next=2950785122 tgt=3093500372 f=0.405 u=0 breach=1 end=
CBAP_MIG t=20080000 epoch=4016 flow=58 side=new cur=2853642810 next=2950785122 tgt=3093500372 f=0.405 u=0 breach=1 end=
CBAP_MIG t=20080000 epoch=4016 flow=59 side=new cur=2853642810 next=2950785122 tgt=3093500372 f=0.405 u=0 breach=1 end=
CBAP_MIG t=20080000 epoch=4016 flow=60 side=new cur=2853642810 next=2950785122 tgt=3093500372 f=0.405 u=0 breach=1 end=
CBAP_MIG t=20080000 epoch=4016 flow=61 side=new cur=2853642810 next=2950785122 tgt=3093500372 f=0.405 u=0 breach=1 end=
CBAP_MIG t=20080000 epoch=4016 flow=62 side=new cur=2853642810 next=2950785122 tgt=3093500372 f=0.405 u=0 breach=1 end=
CBAP_MIG t=20080000 epoch=4016 flow=63 side=new cur=2853642810 next=2950785122 tgt=3093500372 f=0.405 u=0 breach=1 end=
CBAP_MIG t=20080000 epoch=4016 flow=64 side=new cur=2853642810 next=2950785122 tgt=3093500372 f=0.405 u=0 breach=1 end=
CBAP_MIG t=20085000 epoch=4017 flow=0 side=old cur=14716625859 next=10906430944 tgt=2015976145 f=0.3 u=0 breach=0 end=
CBAP_MIG t=20085000 epoch=4017 flow=1 side=new cur=2950785122 next=3008584798 tgt=3093500372 f=0.405 u=0 breach=1 end=
CBAP_MIG t=20085000 epoch=4017 flow=2 side=new cur=2950785122 next=3008584798 tgt=3093500372 f=0.405 u=0 breach=1 end=
CBAP_MIG t=20085000 epoch=4017 flow=3 side=new cur=2950785122 next=3008584798 tgt=3093500372 f=0.405 u=0 breach=1 end=
CBAP_MIG t=20085000 epoch=4017 flow=4 side=new cur=2950785122 next=3008584798 tgt=3093500372 f=0.405 u=0 breach=1 end=
CBAP_MIG t=20085000 epoch=4017 flow=5 side=new cur=2950785122 next=3008584798 tgt=3093500372 f=0.405 u=0 breach=1 end=
CBAP_MIG t=20085000 epoch=4017 flow=6 side=new cur=2950785122 next=3008584798 tgt=3093500372 f=0.405 u=0 breach=1 end=
CBAP_MIG t=20085000 epoch=4017 flow=7 side=new cur=2950785122 next=3008584798 tgt=3093500372 f=0.405 u=0 breach=1 end=
CBAP_MIG t=20085000 epoch=4017 flow=8 side=new cur=2950785122 next=3008584798 tgt=3093500372 f=0.405 u=0 breach=1 end=
CBAP_MIG t=20085000 epoch=4017 flow=9 side=new cur=2950785122 next=3008584798 tgt=3093500372 f=0.405 u=0 breach=1 end=
CBAP_MIG t=20085000 epoch=4017 flow=10 side=new cur=2950785122 next=3008584798 tgt=3093500372 f=0.405 u=0 breach=1 end=
CBAP_MIG t=20085000 epoch=4017 flow=11 side=new cur=2950785122 next=3008584798 tgt=3093500372 f=0.405 u=0 breach=1 end=
CBAP_MIG t=20085000 epoch=4017 flow=12 side=new cur=2950785122 next=3008584798 tgt=3093500372 f=0.405 u=0 breach=1 end=
CBAP_MIG t=20085000 epoch=4017 flow=13 side=new cur=2950785122 next=3008584798 tgt=3093500372 f=0.405 u=0 breach=1 end=
CBAP_MIG t=20085000 epoch=4017 flow=14 side=new cur=2950785122 next=3008584798 tgt=3093500372 f=0.405 u=0 breach=1 end=
CBAP_MIG t=20085000 epoch=4017 flow=15 side=new cur=2950785122 next=3008584798 tgt=3093500372 f=0.405 u=0 breach=1 end=
CBAP_MIG t=20085000 epoch=4017 flow=16 side=new cur=2950785122 next=3008584798 tgt=3093500372 f=0.405 u=0 breach=1 end=
CBAP_MIG t=20085000 epoch=4017 flow=17 side=new cur=2950785122 next=3008584798 tgt=3093500372 f=0.405 u=0 breach=1 end=
CBAP_MIG t=20085000 epoch=4017 flow=18 side=new cur=2950785122 next=3008584798 tgt=3093500372 f=0.405 u=0 breach=1 end=
CBAP_MIG t=20085000 epoch=4017 flow=19 side=new cur=2950785122 next=3008584798 tgt=3093500372 f=0.405 u=0 breach=1 end=
CBAP_MIG t=20085000 epoch=4017 flow=20 side=new cur=2950785122 next=3008584798 tgt=3093500372 f=0.405 u=0 breach=1 end=
CBAP_MIG t=20085000 epoch=4017 flow=21 side=new cur=2950785122 next=3008584798 tgt=3093500372 f=0.405 u=0 breach=1 end=
CBAP_MIG t=20085000 epoch=4017 flow=22 side=new cur=2950785122 next=3008584798 tgt=3093500372 f=0.405 u=0 breach=1 end=
CBAP_MIG t=20085000 epoch=4017 flow=23 side=new cur=2950785122 next=3008584798 tgt=3093500372 f=0.405 u=0 breach=1 end=
CBAP_MIG t=20085000 epoch=4017 flow=24 side=new cur=2950785122 next=3008584798 tgt=3093500372 f=0.405 u=0 breach=1 end=
CBAP_MIG t=20085000 epoch=4017 flow=25 side=new cur=2950785122 next=3008584798 tgt=3093500372 f=0.405 u=0 breach=1 end=
CBAP_MIG t=20085000 epoch=4017 flow=26 side=new cur=2950785122 next=3008584798 tgt=3093500372 f=0.405 u=0 breach=1 end=
CBAP_MIG t=20085000 epoch=4017 flow=27 side=new cur=2950785122 next=3008584798 tgt=3093500372 f=0.405 u=0 breach=1 end=
CBAP_MIG t=20085000 epoch=4017 flow=28 side=new cur=2950785122 next=3008584798 tgt=3093500372 f=0.405 u=0 breach=1 end=
CBAP_MIG t=20085000 epoch=4017 flow=29 side=new cur=2950785122 next=3008584798 tgt=3093500372 f=0.405 u=0 breach=1 end=
CBAP_MIG t=20085000 epoch=4017 flow=30 side=new cur=2950785122 next=3008584798 tgt=3093500372 f=0.405 u=0 breach=1 end=
CBAP_MIG t=20085000 epoch=4017 flow=31 side=new cur=2950785122 next=3008584798 tgt=3093500372 f=0.405 u=0 breach=1 end=
CBAP_MIG t=20085000 epoch=4017 flow=32 side=new cur=2950785122 next=3008584798 tgt=3093500372 f=0.405 u=0 breach=1 end=
CBAP_MIG t=20085000 epoch=4017 flow=33 side=new cur=2950785122 next=3008584798 tgt=3093500372 f=0.405 u=0 breach=1 end=
CBAP_MIG t=20085000 epoch=4017 flow=34 side=new cur=2950785122 next=3008584798 tgt=3093500372 f=0.405 u=0 breach=1 end=
CBAP_MIG t=20085000 epoch=4017 flow=35 side=new cur=2950785122 next=3008584798 tgt=3093500372 f=0.405 u=0 breach=1 end=
CBAP_MIG t=20085000 epoch=4017 flow=36 side=new cur=2950785122 next=3008584798 tgt=3093500372 f=0.405 u=0 breach=1 end=
CBAP_MIG t=20085000 epoch=4017 flow=37 side=new cur=2950785122 next=3008584798 tgt=3093500372 f=0.405 u=0 breach=1 end=
CBAP_MIG t=20085000 epoch=4017 flow=38 side=new cur=2950785122 next=3008584798 tgt=3093500372 f=0.405 u=0 breach=1 end=
CBAP_MIG t=20085000 epoch=4017 flow=39 side=new cur=2950785122 next=3008584798 tgt=3093500372 f=0.405 u=0 breach=1 end=
CBAP_MIG t=20085000 epoch=4017 flow=40 side=new cur=2950785122 next=3008584798 tgt=3093500372 f=0.405 u=0 breach=1 end=
CBAP_MIG t=20085000 epoch=4017 flow=41 side=new cur=2950785122 next=3008584798 tgt=3093500372 f=0.405 u=0 breach=1 end=
CBAP_MIG t=20085000 epoch=4017 flow=42 side=new cur=2950785122 next=3008584798 tgt=3093500372 f=0.405 u=0 breach=1 end=
CBAP_MIG t=20085000 epoch=4017 flow=43 side=new cur=2950785122 next=3008584798 tgt=3093500372 f=0.405 u=0 breach=1 end=
CBAP_MIG t=20085000 epoch=4017 flow=44 side=new cur=2950785122 next=3008584798 tgt=3093500372 f=0.405 u=0 breach=1 end=
CBAP_MIG t=20085000 epoch=4017 flow=45 side=new cur=2950785122 next=3008584798 tgt=3093500372 f=0.405 u=0 breach=1 end=
CBAP_MIG t=20085000 epoch=4017 flow=46 side=new cur=2950785122 next=3008584798 tgt=3093500372 f=0.405 u=0 breach=1 end=
CBAP_MIG t=20085000 epoch=4017 flow=47 side=new cur=2950785122 next=3008584798 tgt=3093500372 f=0.405 u=0 breach=1 end=
CBAP_MIG t=20085000 epoch=4017 flow=48 side=new cur=2950785122 next=3008584798 tgt=3093500372 f=0.405 u=0 breach=1 end=
CBAP_MIG t=20085000 epoch=4017 flow=49 side=new cur=2950785122 next=3008584798 tgt=3093500372 f=0.405 u=0 breach=1 end=
CBAP_MIG t=20085000 epoch=4017 flow=50 side=new cur=2950785122 next=3008584798 tgt=3093500372 f=0.405 u=0 breach=1 end=
CBAP_MIG t=20085000 epoch=4017 flow=51 side=new cur=2950785122 next=3008584798 tgt=3093500372 f=0.405 u=0 breach=1 end=
CBAP_MIG t=20085000 epoch=4017 flow=52 side=new cur=2950785122 next=3008584798 tgt=3093500372 f=0.405 u=0 breach=1 end=
CBAP_MIG t=20085000 epoch=4017 flow=53 side=new cur=2950785122 next=3008584798 tgt=3093500372 f=0.405 u=0 breach=1 end=
CBAP_MIG t=20085000 epoch=4017 flow=54 side=new cur=2950785122 next=3008584798 tgt=3093500372 f=0.405 u=0 breach=1 end=
CBAP_MIG t=20085000 epoch=4017 flow=55 side=new cur=2950785122 next=3008584798 tgt=3093500372 f=0.405 u=0 breach=1 end=
CBAP_MIG t=20085000 epoch=4017 flow=56 side=new cur=2950785122 next=3008584798 tgt=3093500372 f=0.405 u=0 breach=1 end=
CBAP_MIG t=20085000 epoch=4017 flow=57 side=new cur=2950785122 next=3008584798 tgt=3093500372 f=0.405 u=0 breach=1 end=
CBAP_MIG t=20085000 epoch=4017 flow=58 side=new cur=2950785122 next=3008584798 tgt=3093500372 f=0.405 u=0 breach=1 end=
CBAP_MIG t=20085000 epoch=4017 flow=59 side=new cur=2950785122 next=3008584798 tgt=3093500372 f=0.405 u=0 breach=1 end=
CBAP_MIG t=20085000 epoch=4017 flow=60 side=new cur=2950785122 next=3008584798 tgt=3093500372 f=0.405 u=0 breach=1 end=
CBAP_MIG t=20085000 epoch=4017 flow=61 side=new cur=2950785122 next=3008584798 tgt=3093500372 f=0.405 u=0 breach=1 end=
CBAP_MIG t=20085000 epoch=4017 flow=62 side=new cur=2950785122 next=3008584798 tgt=3093500372 f=0.405 u=0 breach=1 end=
CBAP_MIG t=20085000 epoch=4017 flow=63 side=new cur=2950785122 next=3008584798 tgt=3093500372 f=0.405 u=0 breach=1 end=
CBAP_MIG t=20085000 epoch=4017 flow=64 side=new cur=2950785122 next=3008584798 tgt=3093500372 f=0.405 u=0 breach=1 end=
CBAP_MIG t=20090000 epoch=4018 flow=0 side=old cur=10906430944 next=8239294504 tgt=2015976145 f=0.3 u=0 breach=0 end=
CBAP_MIG t=20090000 epoch=4018 flow=1 side=new cur=3017087016 next=3048034425 tgt=3093500372 f=0.405 u=0 breach=2 end=
CBAP_MIG t=20090000 epoch=4018 flow=2 side=new cur=3017087016 next=3048034425 tgt=3093500372 f=0.405 u=0 breach=2 end=
CBAP_MIG t=20090000 epoch=4018 flow=3 side=new cur=3017087016 next=3048034425 tgt=3093500372 f=0.405 u=0 breach=2 end=
CBAP_MIG t=20090000 epoch=4018 flow=4 side=new cur=3017087016 next=3048034425 tgt=3093500372 f=0.405 u=0 breach=2 end=
CBAP_MIG t=20090000 epoch=4018 flow=5 side=new cur=3017087016 next=3048034425 tgt=3093500372 f=0.405 u=0 breach=2 end=
CBAP_MIG t=20090000 epoch=4018 flow=6 side=new cur=3017087016 next=3048034425 tgt=3093500372 f=0.405 u=0 breach=2 end=
CBAP_MIG t=20090000 epoch=4018 flow=7 side=new cur=3017087016 next=3048034425 tgt=3093500372 f=0.405 u=0 breach=2 end=
CBAP_MIG t=20090000 epoch=4018 flow=8 side=new cur=3017087016 next=3048034425 tgt=3093500372 f=0.405 u=0 breach=2 end=
CBAP_MIG t=20090000 epoch=4018 flow=9 side=new cur=3017087016 next=3048034425 tgt=3093500372 f=0.405 u=0 breach=2 end=
CBAP_MIG t=20090000 epoch=4018 flow=10 side=new cur=3017087016 next=3048034425 tgt=3093500372 f=0.405 u=0 breach=2 end=
CBAP_MIG t=20090000 epoch=4018 flow=11 side=new cur=3017087016 next=3048034425 tgt=3093500372 f=0.405 u=0 breach=2 end=
CBAP_MIG t=20090000 epoch=4018 flow=12 side=new cur=3017087016 next=3048034425 tgt=3093500372 f=0.405 u=0 breach=2 end=
CBAP_MIG t=20090000 epoch=4018 flow=13 side=new cur=3017087016 next=3048034425 tgt=3093500372 f=0.405 u=0 breach=2 end=
CBAP_MIG t=20090000 epoch=4018 flow=14 side=new cur=3017087016 next=3048034425 tgt=3093500372 f=0.405 u=0 breach=2 end=
CBAP_MIG t=20090000 epoch=4018 flow=15 side=new cur=3017087016 next=3048034425 tgt=3093500372 f=0.405 u=0 breach=2 end=
CBAP_MIG t=20090000 epoch=4018 flow=16 side=new cur=3017087016 next=3048034425 tgt=3093500372 f=0.405 u=0 breach=2 end=
CBAP_MIG t=20090000 epoch=4018 flow=17 side=new cur=3017087016 next=3048034425 tgt=3093500372 f=0.405 u=0 breach=2 end=
CBAP_MIG t=20090000 epoch=4018 flow=18 side=new cur=3017087016 next=3048034425 tgt=3093500372 f=0.405 u=0 breach=2 end=
CBAP_MIG t=20090000 epoch=4018 flow=19 side=new cur=3017087016 next=3048034425 tgt=3093500372 f=0.405 u=0 breach=2 end=
CBAP_MIG t=20090000 epoch=4018 flow=20 side=new cur=3017087016 next=3048034425 tgt=3093500372 f=0.405 u=0 breach=2 end=
CBAP_MIG t=20090000 epoch=4018 flow=21 side=new cur=3017087016 next=3048034425 tgt=3093500372 f=0.405 u=0 breach=2 end=
CBAP_MIG t=20090000 epoch=4018 flow=22 side=new cur=3017087016 next=3048034425 tgt=3093500372 f=0.405 u=0 breach=2 end=
CBAP_MIG t=20090000 epoch=4018 flow=23 side=new cur=3017087016 next=3048034425 tgt=3093500372 f=0.405 u=0 breach=2 end=
CBAP_MIG t=20090000 epoch=4018 flow=24 side=new cur=3017087016 next=3048034425 tgt=3093500372 f=0.405 u=0 breach=2 end=
CBAP_MIG t=20090000 epoch=4018 flow=25 side=new cur=3017087016 next=3048034425 tgt=3093500372 f=0.405 u=0 breach=2 end=
CBAP_MIG t=20090000 epoch=4018 flow=26 side=new cur=3017087016 next=3048034425 tgt=3093500372 f=0.405 u=0 breach=2 end=
CBAP_MIG t=20090000 epoch=4018 flow=27 side=new cur=3017087016 next=3048034425 tgt=3093500372 f=0.405 u=0 breach=2 end=
CBAP_MIG t=20090000 epoch=4018 flow=28 side=new cur=3017087016 next=3048034425 tgt=3093500372 f=0.405 u=0 breach=2 end=
CBAP_MIG t=20090000 epoch=4018 flow=29 side=new cur=3017087016 next=3048034425 tgt=3093500372 f=0.405 u=0 breach=2 end=
CBAP_MIG t=20090000 epoch=4018 flow=30 side=new cur=3017087016 next=3048034425 tgt=3093500372 f=0.405 u=0 breach=2 end=
CBAP_MIG t=20090000 epoch=4018 flow=31 side=new cur=3017087016 next=3048034425 tgt=3093500372 f=0.405 u=0 breach=2 end=
CBAP_MIG t=20090000 epoch=4018 flow=32 side=new cur=3017087016 next=3048034425 tgt=3093500372 f=0.405 u=0 breach=2 end=
CBAP_MIG t=20090000 epoch=4018 flow=33 side=new cur=3017087016 next=3048034425 tgt=3093500372 f=0.405 u=0 breach=2 end=
CBAP_MIG t=20090000 epoch=4018 flow=34 side=new cur=3017087016 next=3048034425 tgt=3093500372 f=0.405 u=0 breach=2 end=
CBAP_MIG t=20090000 epoch=4018 flow=35 side=new cur=3017087016 next=3048034425 tgt=3093500372 f=0.405 u=0 breach=2 end=
CBAP_MIG t=20090000 epoch=4018 flow=36 side=new cur=3017087016 next=3048034425 tgt=3093500372 f=0.405 u=0 breach=2 end=
CBAP_MIG t=20090000 epoch=4018 flow=37 side=new cur=3017087016 next=3048034425 tgt=3093500372 f=0.405 u=0 breach=2 end=
CBAP_MIG t=20090000 epoch=4018 flow=38 side=new cur=3017087016 next=3048034425 tgt=3093500372 f=0.405 u=0 breach=2 end=
CBAP_MIG t=20090000 epoch=4018 flow=39 side=new cur=3017087016 next=3048034425 tgt=3093500372 f=0.405 u=0 breach=2 end=
CBAP_MIG t=20090000 epoch=4018 flow=40 side=new cur=3017087016 next=3048034425 tgt=3093500372 f=0.405 u=0 breach=2 end=
CBAP_MIG t=20090000 epoch=4018 flow=41 side=new cur=3017087016 next=3048034425 tgt=3093500372 f=0.405 u=0 breach=2 end=
CBAP_MIG t=20090000 epoch=4018 flow=42 side=new cur=3017087016 next=3048034425 tgt=3093500372 f=0.405 u=0 breach=2 end=
CBAP_MIG t=20090000 epoch=4018 flow=43 side=new cur=3017087016 next=3048034425 tgt=3093500372 f=0.405 u=0 breach=2 end=
CBAP_MIG t=20090000 epoch=4018 flow=44 side=new cur=3017087016 next=3048034425 tgt=3093500372 f=0.405 u=0 breach=2 end=
CBAP_MIG t=20090000 epoch=4018 flow=45 side=new cur=3017087016 next=3048034425 tgt=3093500372 f=0.405 u=0 breach=2 end=
CBAP_MIG t=20090000 epoch=4018 flow=46 side=new cur=3017087016 next=3048034425 tgt=3093500372 f=0.405 u=0 breach=2 end=
CBAP_MIG t=20090000 epoch=4018 flow=47 side=new cur=3017087016 next=3048034425 tgt=3093500372 f=0.405 u=0 breach=2 end=
CBAP_MIG t=20090000 epoch=4018 flow=48 side=new cur=3017087016 next=3048034425 tgt=3093500372 f=0.405 u=0 breach=2 end=
CBAP_MIG t=20090000 epoch=4018 flow=49 side=new cur=3017087016 next=3048034425 tgt=3093500372 f=0.405 u=0 breach=2 end=
CBAP_MIG t=20090000 epoch=4018 flow=50 side=new cur=3017087016 next=3048034425 tgt=3093500372 f=0.405 u=0 breach=2 end=
CBAP_MIG t=20090000 epoch=4018 flow=51 side=new cur=3017087016 next=3048034425 tgt=3093500372 f=0.405 u=0 breach=2 end=
CBAP_MIG t=20090000 epoch=4018 flow=52 side=new cur=3017087016 next=3048034425 tgt=3093500372 f=0.405 u=0 breach=2 end=
CBAP_MIG t=20090000 epoch=4018 flow=53 side=new cur=3017087016 next=3048034425 tgt=3093500372 f=0.405 u=0 breach=2 end=
CBAP_MIG t=20090000 epoch=4018 flow=54 side=new cur=3017087016 next=3048034425 tgt=3093500372 f=0.405 u=0 breach=2 end=
CBAP_MIG t=20090000 epoch=4018 flow=55 side=new cur=3017087016 next=3048034425 tgt=3093500372 f=0.405 u=0 breach=2 end=
CBAP_MIG t=20090000 epoch=4018 flow=56 side=new cur=3017087016 next=3048034425 tgt=3093500372 f=0.405 u=0 breach=2 end=
CBAP_MIG t=20090000 epoch=4018 flow=57 side=new cur=3017087016 next=3048034425 tgt=3093500372 f=0.405 u=0 breach=2 end=
CBAP_MIG t=20090000 epoch=4018 flow=58 side=new cur=3017087016 next=3048034425 tgt=3093500372 f=0.405 u=0 breach=2 end=
CBAP_MIG t=20090000 epoch=4018 flow=59 side=new cur=3017087016 next=3048034425 tgt=3093500372 f=0.405 u=0 breach=2 end=
CBAP_MIG t=20090000 epoch=4018 flow=60 side=new cur=3017087016 next=3048034425 tgt=3093500372 f=0.405 u=0 breach=2 end=
CBAP_MIG t=20090000 epoch=4018 flow=61 side=new cur=3017087016 next=3048034425 tgt=3093500372 f=0.405 u=0 breach=2 end=
CBAP_MIG t=20090000 epoch=4018 flow=62 side=new cur=3017087016 next=3048034425 tgt=3093500372 f=0.405 u=0 breach=2 end=
CBAP_MIG t=20090000 epoch=4018 flow=63 side=new cur=3017087016 next=3048034425 tgt=3093500372 f=0.405 u=0 breach=2 end=
CBAP_MIG t=20090000 epoch=4018 flow=64 side=new cur=3017087016 next=3048034425 tgt=3093500372 f=0.405 u=0 breach=2 end=
CBAP_MIG t=20095000 epoch=4019 flow=0 side=old cur=8239294504 next=6372298996 tgt=2015976145 f=0.3 u=0 breach=0 end=
CBAP_MIG t=20095000 epoch=4019 flow=1 side=new cur=3058761023 next=3072830459 tgt=3093500372 f=0.405 u=0 breach=3 end=converged
CBAP_MIG t=20095000 epoch=4019 flow=2 side=new cur=3058761023 next=3072830459 tgt=3093500372 f=0.405 u=0 breach=3 end=converged
CBAP_MIG t=20095000 epoch=4019 flow=3 side=new cur=3058761023 next=3072830459 tgt=3093500372 f=0.405 u=0 breach=3 end=converged
CBAP_MIG t=20095000 epoch=4019 flow=4 side=new cur=3058761023 next=3072830459 tgt=3093500372 f=0.405 u=0 breach=3 end=converged
CBAP_MIG t=20095000 epoch=4019 flow=5 side=new cur=3058761023 next=3072830459 tgt=3093500372 f=0.405 u=0 breach=3 end=converged
CBAP_MIG t=20095000 epoch=4019 flow=6 side=new cur=3058761023 next=3072830459 tgt=3093500372 f=0.405 u=0 breach=3 end=converged
CBAP_MIG t=20095000 epoch=4019 flow=7 side=new cur=3058761023 next=3072830459 tgt=3093500372 f=0.405 u=0 breach=3 end=converged
CBAP_MIG t=20095000 epoch=4019 flow=8 side=new cur=3058761023 next=3072830459 tgt=3093500372 f=0.405 u=0 breach=3 end=converged
CBAP_MIG t=20095000 epoch=4019 flow=9 side=new cur=3058761023 next=3072830459 tgt=3093500372 f=0.405 u=0 breach=3 end=converged
CBAP_MIG t=20095000 epoch=4019 flow=10 side=new cur=3058761023 next=3072830459 tgt=3093500372 f=0.405 u=0 breach=3 end=converged
CBAP_MIG t=20095000 epoch=4019 flow=11 side=new cur=3058761023 next=3072830459 tgt=3093500372 f=0.405 u=0 breach=3 end=converged
CBAP_MIG t=20095000 epoch=4019 flow=12 side=new cur=3058761023 next=3072830459 tgt=3093500372 f=0.405 u=0 breach=3 end=converged
CBAP_MIG t=20095000 epoch=4019 flow=13 side=new cur=3058761023 next=3072830459 tgt=3093500372 f=0.405 u=0 breach=3 end=converged
CBAP_MIG t=20095000 epoch=4019 flow=14 side=new cur=3058761023 next=3072830459 tgt=3093500372 f=0.405 u=0 breach=3 end=converged
CBAP_MIG t=20095000 epoch=4019 flow=15 side=new cur=3058761023 next=3072830459 tgt=3093500372 f=0.405 u=0 breach=3 end=converged
CBAP_MIG t=20095000 epoch=4019 flow=16 side=new cur=3058761023 next=3072830459 tgt=3093500372 f=0.405 u=0 breach=3 end=converged
CBAP_MIG t=20095000 epoch=4019 flow=17 side=new cur=3058761023 next=3072830459 tgt=3093500372 f=0.405 u=0 breach=3 end=converged
CBAP_MIG t=20095000 epoch=4019 flow=18 side=new cur=3058761023 next=3072830459 tgt=3093500372 f=0.405 u=0 breach=3 end=converged
CBAP_MIG t=20095000 epoch=4019 flow=19 side=new cur=3058761023 next=3072830459 tgt=3093500372 f=0.405 u=0 breach=3 end=converged
CBAP_MIG t=20095000 epoch=4019 flow=20 side=new cur=3058761023 next=3072830459 tgt=3093500372 f=0.405 u=0 breach=3 end=converged
CBAP_MIG t=20095000 epoch=4019 flow=21 side=new cur=3058761023 next=3072830459 tgt=3093500372 f=0.405 u=0 breach=3 end=converged
CBAP_MIG t=20095000 epoch=4019 flow=22 side=new cur=3058761023 next=3072830459 tgt=3093500372 f=0.405 u=0 breach=3 end=converged
CBAP_MIG t=20095000 epoch=4019 flow=23 side=new cur=3058761023 next=3072830459 tgt=3093500372 f=0.405 u=0 breach=3 end=converged
CBAP_MIG t=20095000 epoch=4019 flow=24 side=new cur=3058761023 next=3072830459 tgt=3093500372 f=0.405 u=0 breach=3 end=converged
CBAP_MIG t=20095000 epoch=4019 flow=25 side=new cur=3058761023 next=3072830459 tgt=3093500372 f=0.405 u=0 breach=3 end=converged
CBAP_MIG t=20095000 epoch=4019 flow=26 side=new cur=3058761023 next=3072830459 tgt=3093500372 f=0.405 u=0 breach=3 end=converged
CBAP_MIG t=20095000 epoch=4019 flow=27 side=new cur=3058761023 next=3072830459 tgt=3093500372 f=0.405 u=0 breach=3 end=converged
CBAP_MIG t=20095000 epoch=4019 flow=28 side=new cur=3058761023 next=3072830459 tgt=3093500372 f=0.405 u=0 breach=3 end=converged
CBAP_MIG t=20095000 epoch=4019 flow=29 side=new cur=3058761023 next=3072830459 tgt=3093500372 f=0.405 u=0 breach=3 end=converged
CBAP_MIG t=20095000 epoch=4019 flow=30 side=new cur=3058761023 next=3072830459 tgt=3093500372 f=0.405 u=0 breach=3 end=converged
CBAP_MIG t=20095000 epoch=4019 flow=31 side=new cur=3058761023 next=3072830459 tgt=3093500372 f=0.405 u=0 breach=3 end=converged
CBAP_MIG t=20095000 epoch=4019 flow=32 side=new cur=3058761023 next=3072830459 tgt=3093500372 f=0.405 u=0 breach=3 end=converged
CBAP_MIG t=20095000 epoch=4019 flow=33 side=new cur=3058761023 next=3072830459 tgt=3093500372 f=0.405 u=0 breach=3 end=converged
CBAP_MIG t=20095000 epoch=4019 flow=34 side=new cur=3058761023 next=3072830459 tgt=3093500372 f=0.405 u=0 breach=3 end=converged
CBAP_MIG t=20095000 epoch=4019 flow=35 side=new cur=3058761023 next=3072830459 tgt=3093500372 f=0.405 u=0 breach=3 end=converged
CBAP_MIG t=20095000 epoch=4019 flow=36 side=new cur=3058761023 next=3072830459 tgt=3093500372 f=0.405 u=0 breach=3 end=converged
CBAP_MIG t=20095000 epoch=4019 flow=37 side=new cur=3058761023 next=3072830459 tgt=3093500372 f=0.405 u=0 breach=3 end=converged
CBAP_MIG t=20095000 epoch=4019 flow=38 side=new cur=3058761023 next=3072830459 tgt=3093500372 f=0.405 u=0 breach=3 end=converged
CBAP_MIG t=20095000 epoch=4019 flow=39 side=new cur=3058761023 next=3072830459 tgt=3093500372 f=0.405 u=0 breach=3 end=converged
CBAP_MIG t=20095000 epoch=4019 flow=40 side=new cur=3058761023 next=3072830459 tgt=3093500372 f=0.405 u=0 breach=3 end=converged
CBAP_MIG t=20095000 epoch=4019 flow=41 side=new cur=3058761023 next=3072830459 tgt=3093500372 f=0.405 u=0 breach=3 end=converged
CBAP_MIG t=20095000 epoch=4019 flow=42 side=new cur=3058761023 next=3072830459 tgt=3093500372 f=0.405 u=0 breach=3 end=converged
CBAP_MIG t=20095000 epoch=4019 flow=43 side=new cur=3058761023 next=3072830459 tgt=3093500372 f=0.405 u=0 breach=3 end=converged
CBAP_MIG t=20095000 epoch=4019 flow=44 side=new cur=3058761023 next=3072830459 tgt=3093500372 f=0.405 u=0 breach=3 end=converged
CBAP_MIG t=20095000 epoch=4019 flow=45 side=new cur=3058761023 next=3072830459 tgt=3093500372 f=0.405 u=0 breach=3 end=converged
CBAP_MIG t=20095000 epoch=4019 flow=46 side=new cur=3058761023 next=3072830459 tgt=3093500372 f=0.405 u=0 breach=3 end=converged
CBAP_MIG t=20095000 epoch=4019 flow=47 side=new cur=3058761023 next=3072830459 tgt=3093500372 f=0.405 u=0 breach=3 end=converged
CBAP_MIG t=20095000 epoch=4019 flow=48 side=new cur=3058761023 next=3072830459 tgt=3093500372 f=0.405 u=0 breach=3 end=converged
CBAP_MIG t=20095000 epoch=4019 flow=49 side=new cur=3058761023 next=3072830459 tgt=3093500372 f=0.405 u=0 breach=3 end=converged
CBAP_MIG t=20095000 epoch=4019 flow=50 side=new cur=3058761023 next=3072830459 tgt=3093500372 f=0.405 u=0 breach=3 end=converged
CBAP_MIG t=20095000 epoch=4019 flow=51 side=new cur=3058761023 next=3072830459 tgt=3093500372 f=0.405 u=0 breach=3 end=converged
CBAP_MIG t=20095000 epoch=4019 flow=52 side=new cur=3058761023 next=3072830459 tgt=3093500372 f=0.405 u=0 breach=3 end=converged
CBAP_MIG t=20095000 epoch=4019 flow=53 side=new cur=3058761023 next=3072830459 tgt=3093500372 f=0.405 u=0 breach=3 end=converged
CBAP_MIG t=20095000 epoch=4019 flow=54 side=new cur=3058761023 next=3072830459 tgt=3093500372 f=0.405 u=0 breach=3 end=converged
CBAP_MIG t=20095000 epoch=4019 flow=55 side=new cur=3058761023 next=3072830459 tgt=3093500372 f=0.405 u=0 breach=3 end=converged
CBAP_MIG t=20095000 epoch=4019 flow=56 side=new cur=3058761023 next=3072830459 tgt=3093500372 f=0.405 u=0 breach=3 end=converged
CBAP_MIG t=20095000 epoch=4019 flow=57 side=new cur=3058761023 next=3072830459 tgt=3093500372 f=0.405 u=0 breach=3 end=converged
CBAP_MIG t=20095000 epoch=4019 flow=58 side=new cur=3058761023 next=3072830459 tgt=3093500372 f=0.405 u=0 breach=3 end=converged
CBAP_MIG t=20095000 epoch=4019 flow=59 side=new cur=3058761023 next=3072830459 tgt=3093500372 f=0.405 u=0 breach=3 end=converged
CBAP_MIG t=20095000 epoch=4019 flow=60 side=new cur=3058761023 next=3072830459 tgt=3093500372 f=0.405 u=0 breach=3 end=converged
CBAP_MIG t=20095000 epoch=4019 flow=61 side=new cur=3058761023 next=3072830459 tgt=3093500372 f=0.405 u=0 breach=3 end=converged
CBAP_MIG t=20095000 epoch=4019 flow=62 side=new cur=3058761023 next=3072830459 tgt=3093500372 f=0.405 u=0 breach=3 end=converged
CBAP_MIG t=20095000 epoch=4019 flow=63 side=new cur=3058761023 next=3072830459 tgt=3093500372 f=0.405 u=0 breach=3 end=converged
CBAP_MIG t=20095000 epoch=4019 flow=64 side=new cur=3058761023 next=3072830459 tgt=3093500372 f=0.405 u=0 breach=3 end=converged
CBAP_MIG t=20100000 epoch=4020 flow=0 side=old cur=6372298996 next=5065402140 tgt=2015976145 f=0.3 u=0 breach=0 end=
CBAP_MIG t=20105000 epoch=4021 flow=0 side=old cur=5065402140 next=4150574341 tgt=2015976145 f=0.3 u=0 breach=0 end=
CBAP_MIG t=20110000 epoch=4022 flow=0 side=old cur=4150574341 next=3510194882 tgt=2015976145 f=0.3 u=0 breach=0 end=
CBAP_MIG t=20115000 epoch=4023 flow=0 side=old cur=3510194882 next=3061929260 tgt=2015976145 f=0.3 u=0 breach=0 end=
CBAP_MIG t=20120000 epoch=4024 flow=0 side=old cur=3061929260 next=2748143325 tgt=2015976145 f=0.3 u=0 breach=0 end=
CBAP_MIG t=20125000 epoch=4025 flow=0 side=old cur=2748143325 next=2528493171 tgt=2015976145 f=0.3 u=0 breach=0 end=
CBAP_MIG t=20130000 epoch=4026 flow=0 side=old cur=2528493171 next=2374738063 tgt=2015976145 f=0.3 u=0 breach=0 end=
CBAP_MIG t=20135000 epoch=4027 flow=0 side=old cur=2374738063 next=2267109487 tgt=2015976145 f=0.3 u=0 breach=0 end=
CBAP_MIG t=20140000 epoch=4028 flow=0 side=old cur=2267109487 next=2191769484 tgt=2015976145 f=0.3 u=0 breach=0 end=
CBAP_MIG t=20145000 epoch=4029 flow=0 side=old cur=2191769484 next=2139031482 tgt=2015976145 f=0.3 u=0 breach=0 end=deadline_retargeted
CBAP_MIG_REPLAN t=20150000 reason=deadline_lapsed flow=0 batch=0 newest_batch=1 cur=2139031482 target=2000000000 ceiling=190000000000 old_side_present=1
CBAP_MIG_REPLAN t=20150000 reason=deadline_lapsed flow=1 batch=1 newest_batch=1 cur=3154077633 target=3184157763 ceiling=200000000000 old_side_present=1
CBAP_MIG_REPLAN t=20150000 reason=deadline_lapsed flow=2 batch=1 newest_batch=1 cur=3154077633 target=3184157763 ceiling=200000000000 old_side_present=1
CBAP_MIG_REPLAN t=20150000 reason=deadline_lapsed flow=3 batch=1 newest_batch=1 cur=3154077633 target=3184157763 ceiling=200000000000 old_side_present=1
CBAP_MIG_REPLAN t=20150000 reason=deadline_lapsed flow=4 batch=1 newest_batch=1 cur=3154077633 target=3184157763 ceiling=200000000000 old_side_present=1
CBAP_MIG_REPLAN t=20150000 reason=deadline_lapsed flow=5 batch=1 newest_batch=1 cur=3154077633 target=3184157763 ceiling=200000000000 old_side_present=1
CBAP_MIG_REPLAN t=20150000 reason=deadline_lapsed flow=6 batch=1 newest_batch=1 cur=3154077633 target=3184157763 ceiling=200000000000 old_side_present=1
CBAP_MIG_REPLAN t=20150000 reason=deadline_lapsed flow=7 batch=1 newest_batch=1 cur=3154077633 target=3184157763 ceiling=200000000000 old_side_present=1
CBAP_MIG_REPLAN t=20150000 reason=deadline_lapsed flow=8 batch=1 newest_batch=1 cur=3154077633 target=3184157763 ceiling=200000000000 old_side_present=1
CBAP_MIG_REPLAN t=20150000 reason=deadline_lapsed flow=9 batch=1 newest_batch=1 cur=3154077633 target=3184157763 ceiling=200000000000 old_side_present=1
CBAP_MIG_REPLAN t=20150000 reason=deadline_lapsed flow=10 batch=1 newest_batch=1 cur=3154077633 target=3184157763 ceiling=200000000000 old_side_present=1
CBAP_MIG_REPLAN t=20150000 reason=deadline_lapsed flow=11 batch=1 newest_batch=1 cur=3154077633 target=3184157763 ceiling=200000000000 old_side_present=1
CBAP_MIG_REPLAN t=20150000 reason=deadline_lapsed flow=12 batch=1 newest_batch=1 cur=3154077633 target=3184157763 ceiling=200000000000 old_side_present=1
CBAP_MIG_REPLAN t=20150000 reason=deadline_lapsed flow=13 batch=1 newest_batch=1 cur=3154077633 target=3184157763 ceiling=200000000000 old_side_present=1
CBAP_MIG_REPLAN t=20150000 reason=deadline_lapsed flow=14 batch=1 newest_batch=1 cur=3154077633 target=3184157763 ceiling=200000000000 old_side_present=1
CBAP_MIG_REPLAN t=20150000 reason=deadline_lapsed flow=15 batch=1 newest_batch=1 cur=3154077633 target=3184157763 ceiling=200000000000 old_side_present=1
CBAP_MIG_REPLAN t=20150000 reason=deadline_lapsed flow=16 batch=1 newest_batch=1 cur=3154077633 target=3184157763 ceiling=200000000000 old_side_present=1
CBAP_MIG_REPLAN t=20150000 reason=deadline_lapsed flow=17 batch=1 newest_batch=1 cur=3154077633 target=3184157763 ceiling=200000000000 old_side_present=1
CBAP_MIG_REPLAN t=20150000 reason=deadline_lapsed flow=18 batch=1 newest_batch=1 cur=3154077633 target=3184157763 ceiling=200000000000 old_side_present=1
CBAP_MIG_REPLAN t=20150000 reason=deadline_lapsed flow=19 batch=1 newest_batch=1 cur=3154077633 target=3184157763 ceiling=200000000000 old_side_present=1
CBAP_MIG_REPLAN t=20150000 reason=deadline_lapsed flow=20 batch=1 newest_batch=1 cur=3154077633 target=3184157763 ceiling=200000000000 old_side_present=1
CBAP_MIG_REPLAN t=20150000 reason=deadline_lapsed flow=21 batch=1 newest_batch=1 cur=3154077633 target=3184157763 ceiling=200000000000 old_side_present=1
CBAP_MIG_REPLAN t=20150000 reason=deadline_lapsed flow=22 batch=1 newest_batch=1 cur=3154077633 target=3184157763 ceiling=200000000000 old_side_present=1
CBAP_MIG_REPLAN t=20150000 reason=deadline_lapsed flow=23 batch=1 newest_batch=1 cur=3154077633 target=3184157763 ceiling=200000000000 old_side_present=1
CBAP_MIG_REPLAN t=20150000 reason=deadline_lapsed flow=24 batch=1 newest_batch=1 cur=3154077633 target=3184157763 ceiling=200000000000 old_side_present=1
CBAP_MIG_REPLAN t=20150000 reason=deadline_lapsed flow=25 batch=1 newest_batch=1 cur=3154077633 target=3184157763 ceiling=200000000000 old_side_present=1
CBAP_MIG_REPLAN t=20150000 reason=deadline_lapsed flow=26 batch=1 newest_batch=1 cur=3154077633 target=3184157763 ceiling=200000000000 old_side_present=1
CBAP_MIG_REPLAN t=20150000 reason=deadline_lapsed flow=27 batch=1 newest_batch=1 cur=3154077633 target=3184157763 ceiling=200000000000 old_side_present=1
CBAP_MIG_REPLAN t=20150000 reason=deadline_lapsed flow=28 batch=1 newest_batch=1 cur=3154077633 target=3184157763 ceiling=200000000000 old_side_present=1
CBAP_MIG_REPLAN t=20150000 reason=deadline_lapsed flow=29 batch=1 newest_batch=1 cur=3154077633 target=3184157763 ceiling=200000000000 old_side_present=1
CBAP_MIG_REPLAN t=20150000 reason=deadline_lapsed flow=30 batch=1 newest_batch=1 cur=3154077633 target=3184157763 ceiling=200000000000 old_side_present=1
CBAP_MIG_REPLAN t=20150000 reason=deadline_lapsed flow=31 batch=1 newest_batch=1 cur=3154077633 target=3184157763 ceiling=200000000000 old_side_present=1
CBAP_MIG_REPLAN t=20150000 reason=deadline_lapsed flow=32 batch=1 newest_batch=1 cur=3154077633 target=3184157763 ceiling=200000000000 old_side_present=1
CBAP_MIG_REPLAN t=20150000 reason=deadline_lapsed flow=33 batch=1 newest_batch=1 cur=3154077633 target=3184157763 ceiling=200000000000 old_side_present=1
CBAP_MIG_REPLAN t=20150000 reason=deadline_lapsed flow=34 batch=1 newest_batch=1 cur=3154077633 target=3184157763 ceiling=200000000000 old_side_present=1
CBAP_MIG_REPLAN t=20150000 reason=deadline_lapsed flow=35 batch=1 newest_batch=1 cur=3154077633 target=3184157763 ceiling=200000000000 old_side_present=1
CBAP_MIG_REPLAN t=20150000 reason=deadline_lapsed flow=36 batch=1 newest_batch=1 cur=3154077633 target=3184157763 ceiling=200000000000 old_side_present=1
CBAP_MIG_REPLAN t=20150000 reason=deadline_lapsed flow=37 batch=1 newest_batch=1 cur=3154077633 target=3184157763 ceiling=200000000000 old_side_present=1
CBAP_MIG_REPLAN t=20150000 reason=deadline_lapsed flow=38 batch=1 newest_batch=1 cur=3154077633 target=3184157763 ceiling=200000000000 old_side_present=1
CBAP_MIG_REPLAN t=20150000 reason=deadline_lapsed flow=39 batch=1 newest_batch=1 cur=3154077633 target=3184157763 ceiling=200000000000 old_side_present=1
CBAP_MIG_REPLAN t=20150000 reason=deadline_lapsed flow=40 batch=1 newest_batch=1 cur=3154077633 target=3184157763 ceiling=200000000000 old_side_present=1
CBAP_MIG_REPLAN t=20150000 reason=deadline_lapsed flow=41 batch=1 newest_batch=1 cur=3154077633 target=3184157763 ceiling=200000000000 old_side_present=1
CBAP_MIG_REPLAN t=20150000 reason=deadline_lapsed flow=42 batch=1 newest_batch=1 cur=3154077633 target=3184157763 ceiling=200000000000 old_side_present=1
CBAP_MIG_REPLAN t=20150000 reason=deadline_lapsed flow=43 batch=1 newest_batch=1 cur=3154077633 target=3184157763 ceiling=200000000000 old_side_present=1
CBAP_MIG_REPLAN t=20150000 reason=deadline_lapsed flow=44 batch=1 newest_batch=1 cur=3154077633 target=3184157763 ceiling=200000000000 old_side_present=1
CBAP_MIG_REPLAN t=20150000 reason=deadline_lapsed flow=45 batch=1 newest_batch=1 cur=3154077633 target=3184157763 ceiling=200000000000 old_side_present=1
CBAP_MIG_REPLAN t=20150000 reason=deadline_lapsed flow=46 batch=1 newest_batch=1 cur=3154077633 target=3184157763 ceiling=200000000000 old_side_present=1
CBAP_MIG_REPLAN t=20150000 reason=deadline_lapsed flow=47 batch=1 newest_batch=1 cur=3154077633 target=3184157763 ceiling=200000000000 old_side_present=1
CBAP_MIG_REPLAN t=20150000 reason=deadline_lapsed flow=48 batch=1 newest_batch=1 cur=3154077633 target=3184157763 ceiling=200000000000 old_side_present=1
CBAP_MIG_REPLAN t=20150000 reason=deadline_lapsed flow=49 batch=1 newest_batch=1 cur=3154077633 target=3184157763 ceiling=200000000000 old_side_present=1
CBAP_MIG_REPLAN t=20150000 reason=deadline_lapsed flow=50 batch=1 newest_batch=1 cur=3154077633 target=3184157763 ceiling=200000000000 old_side_present=1
CBAP_MIG_REPLAN t=20150000 reason=deadline_lapsed flow=51 batch=1 newest_batch=1 cur=3154077633 target=3184157763 ceiling=200000000000 old_side_present=1
CBAP_MIG_REPLAN t=20150000 reason=deadline_lapsed flow=52 batch=1 newest_batch=1 cur=3154077633 target=3184157763 ceiling=200000000000 old_side_present=1
CBAP_MIG_REPLAN t=20150000 reason=deadline_lapsed flow=53 batch=1 newest_batch=1 cur=3154077633 target=3184157763 ceiling=200000000000 old_side_present=1
CBAP_MIG_REPLAN t=20150000 reason=deadline_lapsed flow=54 batch=1 newest_batch=1 cur=3154077633 target=3184157763 ceiling=200000000000 old_side_present=1
CBAP_MIG_REPLAN t=20150000 reason=deadline_lapsed flow=55 batch=1 newest_batch=1 cur=3154077633 target=3184157763 ceiling=200000000000 old_side_present=1
CBAP_MIG_REPLAN t=20150000 reason=deadline_lapsed flow=56 batch=1 newest_batch=1 cur=3154077633 target=3184157763 ceiling=200000000000 old_side_present=1
CBAP_MIG_REPLAN t=20150000 reason=deadline_lapsed flow=57 batch=1 newest_batch=1 cur=3154077633 target=3184157763 ceiling=200000000000 old_side_present=1
CBAP_MIG_REPLAN t=20150000 reason=deadline_lapsed flow=58 batch=1 newest_batch=1 cur=3154077633 target=3184157763 ceiling=200000000000 old_side_present=1
CBAP_MIG_REPLAN t=20150000 reason=deadline_lapsed flow=59 batch=1 newest_batch=1 cur=3154077633 target=3184157763 ceiling=200000000000 old_side_present=1
CBAP_MIG_REPLAN t=20150000 reason=deadline_lapsed flow=60 batch=1 newest_batch=1 cur=3154077633 target=3184157763 ceiling=200000000000 old_side_present=1
CBAP_MIG_REPLAN t=20150000 reason=deadline_lapsed flow=61 batch=1 newest_batch=1 cur=3154077633 target=3184157763 ceiling=200000000000 old_side_present=1
CBAP_MIG_REPLAN t=20150000 reason=deadline_lapsed flow=62 batch=1 newest_batch=1 cur=3154077633 target=3184157763 ceiling=200000000000 old_side_present=1
CBAP_MIG_REPLAN t=20150000 reason=deadline_lapsed flow=63 batch=1 newest_batch=1 cur=3154077633 target=3184157763 ceiling=200000000000 old_side_present=1
CBAP_MIG_REPLAN t=20150000 reason=deadline_lapsed flow=64 batch=1 newest_batch=1 cur=3154077633 target=3184157763 ceiling=200000000000 old_side_present=1
CBAP_MIG t=20150000 epoch=4030 flow=0 side=old cur=2139031482 next=2097322037 tgt=2000000000 f=0.3 u=0 breach=0 end=
CBAP_MIG t=20150000 epoch=4030 flow=1 side=new cur=3154077633 next=3166260085 tgt=3184157763 f=0.405 u=0 breach=3 end=converged
CBAP_MIG t=20150000 epoch=4030 flow=2 side=new cur=3154077633 next=3166260085 tgt=3184157763 f=0.405 u=0 breach=3 end=converged
CBAP_MIG t=20150000 epoch=4030 flow=3 side=new cur=3154077633 next=3166260085 tgt=3184157763 f=0.405 u=0 breach=3 end=converged
CBAP_MIG t=20150000 epoch=4030 flow=4 side=new cur=3154077633 next=3166260085 tgt=3184157763 f=0.405 u=0 breach=3 end=converged
CBAP_MIG t=20150000 epoch=4030 flow=5 side=new cur=3154077633 next=3166260085 tgt=3184157763 f=0.405 u=0 breach=3 end=converged
CBAP_MIG t=20150000 epoch=4030 flow=6 side=new cur=3154077633 next=3166260085 tgt=3184157763 f=0.405 u=0 breach=3 end=converged
CBAP_MIG t=20150000 epoch=4030 flow=7 side=new cur=3154077633 next=3166260085 tgt=3184157763 f=0.405 u=0 breach=3 end=converged
CBAP_MIG t=20150000 epoch=4030 flow=8 side=new cur=3154077633 next=3166260085 tgt=3184157763 f=0.405 u=0 breach=3 end=converged
CBAP_MIG t=20150000 epoch=4030 flow=9 side=new cur=3154077633 next=3166260085 tgt=3184157763 f=0.405 u=0 breach=3 end=converged
CBAP_MIG t=20150000 epoch=4030 flow=10 side=new cur=3154077633 next=3166260085 tgt=3184157763 f=0.405 u=0 breach=3 end=converged
CBAP_MIG t=20150000 epoch=4030 flow=11 side=new cur=3154077633 next=3166260085 tgt=3184157763 f=0.405 u=0 breach=3 end=converged
CBAP_MIG t=20150000 epoch=4030 flow=12 side=new cur=3154077633 next=3166260085 tgt=3184157763 f=0.405 u=0 breach=3 end=converged
CBAP_MIG t=20150000 epoch=4030 flow=13 side=new cur=3154077633 next=3166260085 tgt=3184157763 f=0.405 u=0 breach=3 end=converged
CBAP_MIG t=20150000 epoch=4030 flow=14 side=new cur=3154077633 next=3166260085 tgt=3184157763 f=0.405 u=0 breach=3 end=converged
CBAP_MIG t=20150000 epoch=4030 flow=15 side=new cur=3154077633 next=3166260085 tgt=3184157763 f=0.405 u=0 breach=3 end=converged
CBAP_MIG t=20150000 epoch=4030 flow=16 side=new cur=3154077633 next=3166260085 tgt=3184157763 f=0.405 u=0 breach=3 end=converged
CBAP_MIG t=20150000 epoch=4030 flow=17 side=new cur=3154077633 next=3166260085 tgt=3184157763 f=0.405 u=0 breach=3 end=converged
CBAP_MIG t=20150000 epoch=4030 flow=18 side=new cur=3154077633 next=3166260085 tgt=3184157763 f=0.405 u=0 breach=3 end=converged
CBAP_MIG t=20150000 epoch=4030 flow=19 side=new cur=3154077633 next=3166260085 tgt=3184157763 f=0.405 u=0 breach=3 end=converged
CBAP_MIG t=20150000 epoch=4030 flow=20 side=new cur=3154077633 next=3166260085 tgt=3184157763 f=0.405 u=0 breach=3 end=converged
CBAP_MIG t=20150000 epoch=4030 flow=21 side=new cur=3154077633 next=3166260085 tgt=3184157763 f=0.405 u=0 breach=3 end=converged
CBAP_MIG t=20150000 epoch=4030 flow=22 side=new cur=3154077633 next=3166260085 tgt=3184157763 f=0.405 u=0 breach=3 end=converged
CBAP_MIG t=20150000 epoch=4030 flow=23 side=new cur=3154077633 next=3166260085 tgt=3184157763 f=0.405 u=0 breach=3 end=converged
CBAP_MIG t=20150000 epoch=4030 flow=24 side=new cur=3154077633 next=3166260085 tgt=3184157763 f=0.405 u=0 breach=3 end=converged
CBAP_MIG t=20150000 epoch=4030 flow=25 side=new cur=3154077633 next=3166260085 tgt=3184157763 f=0.405 u=0 breach=3 end=converged
CBAP_MIG t=20150000 epoch=4030 flow=26 side=new cur=3154077633 next=3166260085 tgt=3184157763 f=0.405 u=0 breach=3 end=converged
CBAP_MIG t=20150000 epoch=4030 flow=27 side=new cur=3154077633 next=3166260085 tgt=3184157763 f=0.405 u=0 breach=3 end=converged
CBAP_MIG t=20150000 epoch=4030 flow=28 side=new cur=3154077633 next=3166260085 tgt=3184157763 f=0.405 u=0 breach=3 end=converged
CBAP_MIG t=20150000 epoch=4030 flow=29 side=new cur=3154077633 next=3166260085 tgt=3184157763 f=0.405 u=0 breach=3 end=converged
CBAP_MIG t=20150000 epoch=4030 flow=30 side=new cur=3154077633 next=3166260085 tgt=3184157763 f=0.405 u=0 breach=3 end=converged
CBAP_MIG t=20150000 epoch=4030 flow=31 side=new cur=3154077633 next=3166260085 tgt=3184157763 f=0.405 u=0 breach=3 end=converged
CBAP_MIG t=20150000 epoch=4030 flow=32 side=new cur=3154077633 next=3166260085 tgt=3184157763 f=0.405 u=0 breach=3 end=converged
CBAP_MIG t=20150000 epoch=4030 flow=33 side=new cur=3154077633 next=3166260085 tgt=3184157763 f=0.405 u=0 breach=3 end=converged
CBAP_MIG t=20150000 epoch=4030 flow=34 side=new cur=3154077633 next=3166260085 tgt=3184157763 f=0.405 u=0 breach=3 end=converged
CBAP_MIG t=20150000 epoch=4030 flow=35 side=new cur=3154077633 next=3166260085 tgt=3184157763 f=0.405 u=0 breach=3 end=converged
CBAP_MIG t=20150000 epoch=4030 flow=36 side=new cur=3154077633 next=3166260085 tgt=3184157763 f=0.405 u=0 breach=3 end=converged
CBAP_MIG t=20150000 epoch=4030 flow=37 side=new cur=3154077633 next=3166260085 tgt=3184157763 f=0.405 u=0 breach=3 end=converged
CBAP_MIG t=20150000 epoch=4030 flow=38 side=new cur=3154077633 next=3166260085 tgt=3184157763 f=0.405 u=0 breach=3 end=converged
CBAP_MIG t=20150000 epoch=4030 flow=39 side=new cur=3154077633 next=3166260085 tgt=3184157763 f=0.405 u=0 breach=3 end=converged
CBAP_MIG t=20150000 epoch=4030 flow=40 side=new cur=3154077633 next=3166260085 tgt=3184157763 f=0.405 u=0 breach=3 end=converged
CBAP_MIG t=20150000 epoch=4030 flow=41 side=new cur=3154077633 next=3166260085 tgt=3184157763 f=0.405 u=0 breach=3 end=converged
CBAP_MIG t=20150000 epoch=4030 flow=42 side=new cur=3154077633 next=3166260085 tgt=3184157763 f=0.405 u=0 breach=3 end=converged
CBAP_MIG t=20150000 epoch=4030 flow=43 side=new cur=3154077633 next=3166260085 tgt=3184157763 f=0.405 u=0 breach=3 end=converged
CBAP_MIG t=20150000 epoch=4030 flow=44 side=new cur=3154077633 next=3166260085 tgt=3184157763 f=0.405 u=0 breach=3 end=converged
CBAP_MIG t=20150000 epoch=4030 flow=45 side=new cur=3154077633 next=3166260085 tgt=3184157763 f=0.405 u=0 breach=3 end=converged
CBAP_MIG t=20150000 epoch=4030 flow=46 side=new cur=3154077633 next=3166260085 tgt=3184157763 f=0.405 u=0 breach=3 end=converged
CBAP_MIG t=20150000 epoch=4030 flow=47 side=new cur=3154077633 next=3166260085 tgt=3184157763 f=0.405 u=0 breach=3 end=converged
CBAP_MIG t=20150000 epoch=4030 flow=48 side=new cur=3154077633 next=3166260085 tgt=3184157763 f=0.405 u=0 breach=3 end=converged
CBAP_MIG t=20150000 epoch=4030 flow=49 side=new cur=3154077633 next=3166260085 tgt=3184157763 f=0.405 u=0 breach=3 end=converged
CBAP_MIG t=20150000 epoch=4030 flow=50 side=new cur=3154077633 next=3166260085 tgt=3184157763 f=0.405 u=0 breach=3 end=converged
CBAP_MIG t=20150000 epoch=4030 flow=51 side=new cur=3154077633 next=3166260085 tgt=3184157763 f=0.405 u=0 breach=3 end=converged
CBAP_MIG t=20150000 epoch=4030 flow=52 side=new cur=3154077633 next=3166260085 tgt=3184157763 f=0.405 u=0 breach=3 end=converged
CBAP_MIG t=20150000 epoch=4030 flow=53 side=new cur=3154077633 next=3166260085 tgt=3184157763 f=0.405 u=0 breach=3 end=converged
CBAP_MIG t=20150000 epoch=4030 flow=54 side=new cur=3154077633 next=3166260085 tgt=3184157763 f=0.405 u=0 breach=3 end=converged
CBAP_MIG t=20150000 epoch=4030 flow=55 side=new cur=3154077633 next=3166260085 tgt=3184157763 f=0.405 u=0 breach=3 end=converged
CBAP_MIG t=20150000 epoch=4030 flow=56 side=new cur=3154077633 next=3166260085 tgt=3184157763 f=0.405 u=0 breach=3 end=converged
CBAP_MIG t=20150000 epoch=4030 flow=57 side=new cur=3154077633 next=3166260085 tgt=3184157763 f=0.405 u=0 breach=3 end=converged
CBAP_MIG t=20150000 epoch=4030 flow=58 side=new cur=3154077633 next=3166260085 tgt=3184157763 f=0.405 u=0 breach=3 end=converged
CBAP_MIG t=20150000 epoch=4030 flow=59 side=new cur=3154077633 next=3166260085 tgt=3184157763 f=0.405 u=0 breach=3 end=converged
CBAP_MIG t=20150000 epoch=4030 flow=60 side=new cur=3154077633 next=3166260085 tgt=3184157763 f=0.405 u=0 breach=3 end=converged
CBAP_MIG t=20150000 epoch=4030 flow=61 side=new cur=3154077633 next=3166260085 tgt=3184157763 f=0.405 u=0 breach=3 end=converged
CBAP_MIG t=20150000 epoch=4030 flow=62 side=new cur=3154077633 next=3166260085 tgt=3184157763 f=0.405 u=0 breach=3 end=converged
CBAP_MIG t=20150000 epoch=4030 flow=63 side=new cur=3154077633 next=3166260085 tgt=3184157763 f=0.405 u=0 breach=3 end=converged
CBAP_MIG t=20150000 epoch=4030 flow=64 side=new cur=3154077633 next=3166260085 tgt=3184157763 f=0.405 u=0 breach=3 end=converged
CBAP_MIG t=20155000 epoch=4031 flow=0 side=old cur=2097322037 next=2068125425 tgt=2000000000 f=0.3 u=0 breach=0 end=
CBAP_MIG t=20160000 epoch=4032 flow=0 side=old cur=2068125425 next=2047687797 tgt=2000000000 f=0.3 u=0 breach=0 end=
CBAP_MIG t=20165000 epoch=4033 flow=0 side=old cur=2047687797 next=2033381457 tgt=2000000000 f=0.3 u=0 breach=0 end=
CBAP_MIG t=20170000 epoch=4034 flow=0 side=old cur=2033381457 next=2023367019 tgt=2000000000 f=0.3 u=0 breach=0 end=
CBAP_MIG t=20175000 epoch=4035 flow=0 side=old cur=2023367019 next=2016356913 tgt=2000000000 f=0.3 u=0 breach=0 end=converged
CBAP_MIG_REPLAN t=28555000 reason=active_set_shrank flow=0 batch=0 newest_batch=1 cur=2411729651 target=2000000000 ceiling=190000000000 old_side_present=1
CBAP_MIG_REPLAN t=28555000 reason=active_set_shrank flow=1 batch=1 newest_batch=1 cur=3702304489 target=3170775032 ceiling=200000000000 old_side_present=1
CBAP_MIG_REPLAN t=28555000 reason=active_set_shrank flow=2 batch=1 newest_batch=1 cur=2706471112 target=3170775032 ceiling=200000000000 old_side_present=1
CBAP_MIG_REPLAN t=28555000 reason=active_set_shrank flow=3 batch=1 newest_batch=1 cur=3326542425 target=3170775032 ceiling=200000000000 old_side_present=1
CBAP_MIG_REPLAN t=28555000 reason=active_set_shrank flow=4 batch=1 newest_batch=1 cur=3019539460 target=3170775032 ceiling=200000000000 old_side_present=1
CBAP_MIG_REPLAN t=28555000 reason=active_set_shrank flow=5 batch=1 newest_batch=1 cur=2603243346 target=3170775032 ceiling=200000000000 old_side_present=1
CBAP_MIG_REPLAN t=28555000 reason=active_set_shrank flow=6 batch=1 newest_batch=1 cur=2890082205 target=3170775032 ceiling=200000000000 old_side_present=1
CBAP_MIG_REPLAN t=28555000 reason=active_set_shrank flow=7 batch=1 newest_batch=1 cur=3112768014 target=3170775032 ceiling=200000000000 old_side_present=1
CBAP_MIG_REPLAN t=28555000 reason=active_set_shrank flow=8 batch=1 newest_batch=1 cur=3815638122 target=3170775032 ceiling=200000000000 old_side_present=1
CBAP_MIG_REPLAN t=28555000 reason=active_set_shrank flow=9 batch=1 newest_batch=1 cur=3147276876 target=3170775032 ceiling=200000000000 old_side_present=1
CBAP_MIG_REPLAN t=28555000 reason=active_set_shrank flow=10 batch=1 newest_batch=1 cur=2360352832 target=3170775032 ceiling=200000000000 old_side_present=1
CBAP_MIG_REPLAN t=28555000 reason=active_set_shrank flow=11 batch=1 newest_batch=1 cur=3884232463 target=3170775032 ceiling=200000000000 old_side_present=1
CBAP_MIG_REPLAN t=28555000 reason=active_set_shrank flow=12 batch=1 newest_batch=1 cur=3265161554 target=3170775032 ceiling=200000000000 old_side_present=1
CBAP_MIG_REPLAN t=28555000 reason=active_set_shrank flow=13 batch=1 newest_batch=1 cur=2330942509 target=3170775032 ceiling=200000000000 old_side_present=1
CBAP_MIG_REPLAN t=28555000 reason=active_set_shrank flow=14 batch=1 newest_batch=1 cur=2764205365 target=3170775032 ceiling=200000000000 old_side_present=1
CBAP_MIG_REPLAN t=28555000 reason=active_set_shrank flow=15 batch=1 newest_batch=1 cur=3129315597 target=3170775032 ceiling=200000000000 old_side_present=1
CBAP_MIG_REPLAN t=28555000 reason=active_set_shrank flow=16 batch=1 newest_batch=1 cur=2820205044 target=3170775032 ceiling=200000000000 old_side_present=1
CBAP_MIG_REPLAN t=28555000 reason=active_set_shrank flow=17 batch=1 newest_batch=1 cur=3610503807 target=3170775032 ceiling=200000000000 old_side_present=1
CBAP_MIG_REPLAN t=28555000 reason=active_set_shrank flow=18 batch=1 newest_batch=1 cur=2943471790 target=3170775032 ceiling=200000000000 old_side_present=1
CBAP_MIG_REPLAN t=28555000 reason=active_set_shrank flow=19 batch=1 newest_batch=1 cur=2331590814 target=3170775032 ceiling=200000000000 old_side_present=1
CBAP_MIG_REPLAN t=28555000 reason=active_set_shrank flow=20 batch=1 newest_batch=1 cur=3159626154 target=3170775032 ceiling=200000000000 old_side_present=1
CBAP_MIG_REPLAN t=28555000 reason=active_set_shrank flow=21 batch=1 newest_batch=1 cur=3872530627 target=3170775032 ceiling=200000000000 old_side_present=1
CBAP_MIG_REPLAN t=28555000 reason=active_set_shrank flow=22 batch=1 newest_batch=1 cur=2675015408 target=3170775032 ceiling=200000000000 old_side_present=1
CBAP_MIG_REPLAN t=28555000 reason=active_set_shrank flow=23 batch=1 newest_batch=1 cur=2404122961 target=3170775032 ceiling=200000000000 old_side_present=1
CBAP_MIG_REPLAN t=28555000 reason=active_set_shrank flow=24 batch=1 newest_batch=1 cur=3703601841 target=3170775032 ceiling=200000000000 old_side_present=1
CBAP_MIG_REPLAN t=28555000 reason=active_set_shrank flow=25 batch=1 newest_batch=1 cur=3390766313 target=3170775032 ceiling=200000000000 old_side_present=1
CBAP_MIG_REPLAN t=28555000 reason=active_set_shrank flow=26 batch=1 newest_batch=1 cur=2938039556 target=3170775032 ceiling=200000000000 old_side_present=1
CBAP_MIG_REPLAN t=28555000 reason=active_set_shrank flow=27 batch=1 newest_batch=1 cur=3462455081 target=3170775032 ceiling=200000000000 old_side_present=1
CBAP_MIG_REPLAN t=28555000 reason=active_set_shrank flow=28 batch=1 newest_batch=1 cur=2952830381 target=3170775032 ceiling=200000000000 old_side_present=1
CBAP_MIG_REPLAN t=28555000 reason=active_set_shrank flow=29 batch=1 newest_batch=1 cur=3153238937 target=3170775032 ceiling=200000000000 old_side_present=1
CBAP_MIG_REPLAN t=28555000 reason=active_set_shrank flow=30 batch=1 newest_batch=1 cur=3725904926 target=3170775032 ceiling=200000000000 old_side_present=1
CBAP_MIG_REPLAN t=28555000 reason=active_set_shrank flow=31 batch=1 newest_batch=1 cur=3520236067 target=3170775032 ceiling=200000000000 old_side_present=1
CBAP_MIG_REPLAN t=28555000 reason=active_set_shrank flow=32 batch=1 newest_batch=1 cur=3181219448 target=3170775032 ceiling=200000000000 old_side_present=1
CBAP_MIG_REPLAN t=28555000 reason=active_set_shrank flow=33 batch=1 newest_batch=1 cur=2828238725 target=3170775032 ceiling=200000000000 old_side_present=1
CBAP_MIG_REPLAN t=28555000 reason=active_set_shrank flow=34 batch=1 newest_batch=1 cur=3615843505 target=3170775032 ceiling=200000000000 old_side_present=1
CBAP_MIG_REPLAN t=28555000 reason=active_set_shrank flow=35 batch=1 newest_batch=1 cur=2825179146 target=3170775032 ceiling=200000000000 old_side_present=1
CBAP_MIG_REPLAN t=28555000 reason=active_set_shrank flow=36 batch=1 newest_batch=1 cur=4170562292 target=3170775032 ceiling=200000000000 old_side_present=1
CBAP_MIG_REPLAN t=28555000 reason=active_set_shrank flow=37 batch=1 newest_batch=1 cur=2748554214 target=3170775032 ceiling=200000000000 old_side_present=1
CBAP_MIG_REPLAN t=28555000 reason=active_set_shrank flow=38 batch=1 newest_batch=1 cur=2704532040 target=3170775032 ceiling=200000000000 old_side_present=1
CBAP_MIG_REPLAN t=28555000 reason=active_set_shrank flow=39 batch=1 newest_batch=1 cur=2779816606 target=3170775032 ceiling=200000000000 old_side_present=1
CBAP_MIG_REPLAN t=28555000 reason=active_set_shrank flow=40 batch=1 newest_batch=1 cur=2527511175 target=3170775032 ceiling=200000000000 old_side_present=1
CBAP_MIG_REPLAN t=28555000 reason=active_set_shrank flow=41 batch=1 newest_batch=1 cur=3593499884 target=3170775032 ceiling=200000000000 old_side_present=1
CBAP_MIG_REPLAN t=28555000 reason=active_set_shrank flow=42 batch=1 newest_batch=1 cur=3180431427 target=3170775032 ceiling=200000000000 old_side_present=1
CBAP_MIG_REPLAN t=28555000 reason=active_set_shrank flow=43 batch=1 newest_batch=1 cur=3368872824 target=3170775032 ceiling=200000000000 old_side_present=1
CBAP_MIG_REPLAN t=28555000 reason=active_set_shrank flow=44 batch=1 newest_batch=1 cur=4134937442 target=3170775032 ceiling=200000000000 old_side_present=1
CBAP_MIG_REPLAN t=28555000 reason=active_set_shrank flow=45 batch=1 newest_batch=1 cur=2527220724 target=3170775032 ceiling=200000000000 old_side_present=1
CBAP_MIG_REPLAN t=28555000 reason=active_set_shrank flow=46 batch=1 newest_batch=1 cur=3363144508 target=3170775032 ceiling=200000000000 old_side_present=1
CBAP_MIG_REPLAN t=28555000 reason=active_set_shrank flow=47 batch=1 newest_batch=1 cur=2436488718 target=3170775032 ceiling=200000000000 old_side_present=1
CBAP_MIG_REPLAN t=28555000 reason=active_set_shrank flow=48 batch=1 newest_batch=1 cur=3643212547 target=3170775032 ceiling=200000000000 old_side_present=1
CBAP_MIG_REPLAN t=28555000 reason=active_set_shrank flow=49 batch=1 newest_batch=1 cur=2854294014 target=3170775032 ceiling=200000000000 old_side_present=1
CBAP_MIG_REPLAN t=28555000 reason=active_set_shrank flow=50 batch=1 newest_batch=1 cur=2371037316 target=3170775032 ceiling=200000000000 old_side_present=1
CBAP_MIG_REPLAN t=28555000 reason=active_set_shrank flow=51 batch=1 newest_batch=1 cur=3201387514 target=3170775032 ceiling=200000000000 old_side_present=1
CBAP_MIG_REPLAN t=28555000 reason=active_set_shrank flow=52 batch=1 newest_batch=1 cur=3233007723 target=3170775032 ceiling=200000000000 old_side_present=1
CBAP_MIG_REPLAN t=28555000 reason=active_set_shrank flow=53 batch=1 newest_batch=1 cur=3629003764 target=3170775032 ceiling=200000000000 old_side_present=1
CBAP_MIG_REPLAN t=28555000 reason=active_set_shrank flow=54 batch=1 newest_batch=1 cur=2900780010 target=3170775032 ceiling=200000000000 old_side_present=1
CBAP_MIG_REPLAN t=28555000 reason=active_set_shrank flow=55 batch=1 newest_batch=1 cur=2814985491 target=3170775032 ceiling=200000000000 old_side_present=1
CBAP_MIG_REPLAN t=28555000 reason=active_set_shrank flow=56 batch=1 newest_batch=1 cur=2879600231 target=3170775032 ceiling=200000000000 old_side_present=1
CBAP_MIG_REPLAN t=28555000 reason=active_set_shrank flow=58 batch=1 newest_batch=1 cur=2702141504 target=3170775032 ceiling=200000000000 old_side_present=1
CBAP_MIG_REPLAN t=28555000 reason=active_set_shrank flow=59 batch=1 newest_batch=1 cur=3303762335 target=3170775032 ceiling=200000000000 old_side_present=1
CBAP_MIG_REPLAN t=28555000 reason=active_set_shrank flow=60 batch=1 newest_batch=1 cur=2857324648 target=3170775032 ceiling=200000000000 old_side_present=1
CBAP_MIG_REPLAN t=28555000 reason=active_set_shrank flow=61 batch=1 newest_batch=1 cur=3153951410 target=3170775032 ceiling=200000000000 old_side_present=1
CBAP_MIG_REPLAN t=28555000 reason=active_set_shrank flow=62 batch=1 newest_batch=1 cur=3326441986 target=3170775032 ceiling=200000000000 old_side_present=1
CBAP_MIG_REPLAN t=28555000 reason=active_set_shrank flow=63 batch=1 newest_batch=1 cur=2449550609 target=3170775032 ceiling=200000000000 old_side_present=1
CBAP_MIG_REPLAN t=28555000 reason=active_set_shrank flow=64 batch=1 newest_batch=1 cur=2711370271 target=3170775032 ceiling=200000000000 old_side_present=1
CBAP_MIG t=28555000 epoch=5711 flow=0 side=old cur=2411729651 next=2288210755 tgt=2000000000 f=0.3 u=0 breach=0 end=
CBAP_MIG t=28555000 epoch=5711 flow=1 side=new cur=3702304489 next=3542845651 tgt=3170775032 f=0.3 u=0 breach=3 end=
CBAP_MIG t=28555000 epoch=5711 flow=2 side=new cur=2706471112 next=2894514199 tgt=3170775032 f=0.405 u=0 breach=3 end=
CBAP_MIG t=28555000 epoch=5711 flow=3 side=new cur=3326542425 next=3279812207 tgt=3170775032 f=0.3 u=0 breach=3 end=
CBAP_MIG t=28555000 epoch=5711 flow=4 side=new cur=3019539460 next=3080789866 tgt=3170775032 f=0.405 u=0 breach=3 end=
CBAP_MIG t=28555000 epoch=5711 flow=5 side=new cur=2603243346 next=2833093678 tgt=3170775032 f=0.405 u=0 breach=3 end=
CBAP_MIG t=28555000 epoch=5711 flow=6 side=new cur=2890082205 next=3003762799 tgt=3170775032 f=0.405 u=0 breach=3 end=
CBAP_MIG t=28555000 epoch=5711 flow=7 side=new cur=3112768014 next=3136260856 tgt=3170775032 f=0.405 u=0 breach=3 end=
CBAP_MIG t=28555000 epoch=5711 flow=8 side=new cur=3815638122 next=3622179195 tgt=3170775032 f=0.3 u=0 breach=3 end=
CBAP_MIG t=28555000 epoch=5711 flow=9 side=new cur=3147276876 next=3156793629 tgt=3170775032 f=0.405 u=0 breach=3 end=converged
CBAP_MIG t=28555000 epoch=5711 flow=10 side=new cur=2360352832 next=2688573822 tgt=3170775032 f=0.405 u=0 breach=3 end=
CBAP_MIG t=28555000 epoch=5711 flow=11 side=new cur=3884232463 next=3670195233 tgt=3170775032 f=0.3 u=0 breach=3 end=
CBAP_MIG t=28555000 epoch=5711 flow=12 side=new cur=3265161554 next=3236845597 tgt=3170775032 f=0.3 u=0 breach=3 end=
CBAP_MIG t=28555000 epoch=5711 flow=13 side=new cur=2330942509 next=2671074680 tgt=3170775032 f=0.405 u=0 breach=3 end=
CBAP_MIG t=28555000 epoch=5711 flow=14 side=new cur=2764205365 next=2928866080 tgt=3170775032 f=0.405 u=0 breach=3 end=
CBAP_MIG t=28555000 epoch=5711 flow=15 side=new cur=3129315597 next=3146106668 tgt=3170775032 f=0.405 u=0 breach=3 end=converged
CBAP_MIG t=28555000 epoch=5711 flow=16 side=new cur=2820205044 next=2962185889 tgt=3170775032 f=0.405 u=0 breach=3 end=
CBAP_MIG t=28555000 epoch=5711 flow=17 side=new cur=3610503807 next=3478585174 tgt=3170775032 f=0.3 u=0 breach=3 end=
CBAP_MIG t=28555000 epoch=5711 flow=18 side=new cur=2943471790 next=3035529603 tgt=3170775032 f=0.405 u=0 breach=3 end=
CBAP_MIG t=28555000 epoch=5711 flow=19 side=new cur=2331590814 next=2671460422 tgt=3170775032 f=0.405 u=0 breach=3 end=
CBAP_MIG t=28555000 epoch=5711 flow=20 side=new cur=3159626154 next=3164141449 tgt=3170775032 f=0.405 u=0 breach=3 end=converged
CBAP_MIG t=28555000 epoch=5711 flow=21 side=new cur=3872530627 next=3662003948 tgt=3170775032 f=0.3 u=0 breach=3 end=
CBAP_MIG t=28555000 epoch=5711 flow=22 side=new cur=2675015408 next=2875798055 tgt=3170775032 f=0.405 u=0 breach=3 end=
CBAP_MIG t=28555000 epoch=5711 flow=23 side=new cur=2404122961 next=2714617049 tgt=3170775032 f=0.405 u=0 breach=3 end=
CBAP_MIG t=28555000 epoch=5711 flow=24 side=new cur=3703601841 next=3543753798 tgt=3170775032 f=0.3 u=0 breach=3 end=
CBAP_MIG t=28555000 epoch=5711 flow=25 side=new cur=3390766313 next=3324768928 tgt=3170775032 f=0.3 u=0 breach=3 end=
CBAP_MIG t=28555000 epoch=5711 flow=26 side=new cur=2938039556 next=3032297423 tgt=3170775032 f=0.405 u=0 breach=3 end=
CBAP_MIG t=28555000 epoch=5711 flow=27 side=new cur=3462455081 next=3374951066 tgt=3170775032 f=0.3 u=0 breach=3 end=
CBAP_MIG t=28555000 epoch=5711 flow=28 side=new cur=2952830381 next=3041097964 tgt=3170775032 f=0.405 u=0 breach=3 end=
CBAP_MIG t=28555000 epoch=5711 flow=29 side=new cur=3153238937 next=3160341055 tgt=3170775032 f=0.405 u=0 breach=3 end=converged
CBAP_MIG t=28555000 epoch=5711 flow=30 side=new cur=3725904926 next=3559365957 tgt=3170775032 f=0.3 u=0 breach=3 end=
CBAP_MIG t=28555000 epoch=5711 flow=31 side=new cur=3520236067 next=3415397756 tgt=3170775032 f=0.3 u=0 breach=3 end=
CBAP_MIG t=28555000 epoch=5711 flow=32 side=new cur=3181219448 next=3178086123 tgt=3170775032 f=0.3 u=0 breach=3 end=converged
CBAP_MIG t=28555000 epoch=5711 flow=33 side=new cur=2828238725 next=2966965929 tgt=3170775032 f=0.405 u=0 breach=3 end=
CBAP_MIG t=28555000 epoch=5711 flow=34 side=new cur=3615843505 next=3482322963 tgt=3170775032 f=0.3 u=0 breach=3 end=
CBAP_MIG t=28555000 epoch=5711 flow=35 side=new cur=2825179146 next=2965145479 tgt=3170775032 f=0.405 u=0 breach=3 end=
CBAP_MIG t=28555000 epoch=5711 flow=36 side=new cur=4170562292 next=3870626114 tgt=3170775032 f=0.3 u=0 breach=3 end=
CBAP_MIG t=28555000 epoch=5711 flow=37 side=new cur=2748554214 next=2919553645 tgt=3170775032 f=0.405 u=0 breach=3 end=
CBAP_MIG t=28555000 epoch=5711 flow=38 side=new cur=2704532040 next=2893360451 tgt=3170775032 f=0.405 u=0 breach=3 end=
CBAP_MIG t=28555000 epoch=5711 flow=39 side=new cur=2779816606 next=2938154768 tgt=3170775032 f=0.405 u=0 breach=3 end=
CBAP_MIG t=28555000 epoch=5711 flow=40 side=new cur=2527511175 next=2788033037 tgt=3170775032 f=0.405 u=0 breach=3 end=
CBAP_MIG t=28555000 epoch=5711 flow=41 side=new cur=3593499884 next=3466682428 tgt=3170775032 f=0.3 u=0 breach=3 end=
CBAP_MIG t=28555000 epoch=5711 flow=42 side=new cur=3180431427 next=3177534508 tgt=3170775032 f=0.3 u=0 breach=3 end=converged
CBAP_MIG t=28555000 epoch=5711 flow=43 side=new cur=3368872824 next=3309443486 tgt=3170775032 f=0.3 u=0 breach=3 end=
CBAP_MIG t=28555000 epoch=5711 flow=44 side=new cur=4134937442 next=3845688719 tgt=3170775032 f=0.3 u=0 breach=3 end=
CBAP_MIG t=28555000 epoch=5711 flow=45 side=new cur=2527220724 next=2787860218 tgt=3170775032 f=0.405 u=0 breach=3 end=
CBAP_MIG t=28555000 epoch=5711 flow=46 side=new cur=3363144508 next=3305433665 tgt=3170775032 f=0.3 u=0 breach=3 end=
CBAP_MIG t=28555000 epoch=5711 flow=47 side=new cur=2436488718 next=2733874675 tgt=3170775032 f=0.405 u=0 breach=3 end=
CBAP_MIG t=28555000 epoch=5711 flow=48 side=new cur=3643212547 next=3501481292 tgt=3170775032 f=0.3 u=0 breach=3 end=
CBAP_MIG t=28555000 epoch=5711 flow=49 side=new cur=2854294014 next=2982468826 tgt=3170775032 f=0.405 u=0 breach=3 end=
CBAP_MIG t=28555000 epoch=5711 flow=50 side=new cur=2371037316 next=2694931090 tgt=3170775032 f=0.405 u=0 breach=3 end=
CBAP_MIG t=28555000 epoch=5711 flow=51 side=new cur=3201387514 next=3192203769 tgt=3170775032 f=0.3 u=0 breach=3 end=converged
CBAP_MIG t=28555000 epoch=5711 flow=52 side=new cur=3233007723 next=3214337915 tgt=3170775032 f=0.3 u=0 breach=3 end=
CBAP_MIG t=28555000 epoch=5711 flow=53 side=new cur=3629003764 next=3491535144 tgt=3170775032 f=0.3 u=0 breach=3 end=
CBAP_MIG t=28555000 epoch=5711 flow=54 side=new cur=2900780010 next=3010127993 tgt=3170775032 f=0.405 u=0 breach=3 end=
CBAP_MIG t=28555000 epoch=5711 flow=55 side=new cur=2814985491 next=2959080255 tgt=3170775032 f=0.405 u=0 breach=3 end=
CBAP_MIG t=28555000 epoch=5711 flow=56 side=new cur=2879600231 next=2997526025 tgt=3170775032 f=0.405 u=0 breach=3 end=
CBAP_MIG t=28555000 epoch=5711 flow=58 side=new cur=2702141504 next=2891938082 tgt=3170775032 f=0.405 u=0 breach=3 end=
CBAP_MIG t=28555000 epoch=5711 flow=59 side=new cur=3303762335 next=3263866144 tgt=3170775032 f=0.3 u=0 breach=3 end=
CBAP_MIG t=28555000 epoch=5711 flow=60 side=new cur=2857324648 next=2984272053 tgt=3170775032 f=0.405 u=0 breach=3 end=
CBAP_MIG t=28555000 epoch=5711 flow=61 side=new cur=3153951410 next=3160764976 tgt=3170775032 f=0.405 u=0 breach=3 end=converged
CBAP_MIG t=28555000 epoch=5711 flow=62 side=new cur=3326441986 next=3279741899 tgt=3170775032 f=0.3 u=0 breach=3 end=
CBAP_MIG t=28555000 epoch=5711 flow=63 side=new cur=2449550609 next=2741646500 tgt=3170775032 f=0.405 u=0 breach=3 end=
CBAP_MIG t=28555000 epoch=5711 flow=64 side=new cur=2711370271 next=2897429199 tgt=3170775032 f=0.405 u=0 breach=3 end=
CBAP_MIG t=28560000 epoch=5712 flow=0 side=old cur=2288210755 next=2201747528 tgt=2000000000 f=0.3 u=0 breach=0 end=
CBAP_MIG t=28560000 epoch=5712 flow=1 side=new cur=3542845651 next=3431224465 tgt=3170775032 f=0.3 u=0 breach=3 end=
CBAP_MIG t=28560000 epoch=5712 flow=2 side=new cur=2894514199 next=3006399836 tgt=3170775032 f=0.405 u=0 breach=3 end=
CBAP_MIG t=28560000 epoch=5712 flow=3 side=new cur=3279812207 next=3247101054 tgt=3170775032 f=0.3 u=0 breach=3 end=
CBAP_MIG t=28560000 epoch=5712 flow=4 side=new cur=3080789866 next=3117233858 tgt=3170775032 f=0.405 u=0 breach=3 end=
CBAP_MIG t=28560000 epoch=5712 flow=5 side=new cur=2833093678 next=2969854626 tgt=3170775032 f=0.405 u=0 breach=3 end=
CBAP_MIG t=28560000 epoch=5712 flow=6 side=new cur=3003762799 next=3071402753 tgt=3170775032 f=0.405 u=0 breach=3 end=
CBAP_MIG t=28560000 epoch=5712 flow=7 side=new cur=3136260856 next=3150239097 tgt=3170775032 f=0.405 u=0 breach=3 end=converged
CBAP_MIG t=28560000 epoch=5712 flow=8 side=new cur=3622179195 next=3486757946 tgt=3170775032 f=0.3 u=0 breach=3 end=
CBAP_MIG t=28560000 epoch=5712 flow=10 side=new cur=2688573822 next=2883865312 tgt=3170775032 f=0.405 u=0 breach=3 end=
CBAP_MIG t=28560000 epoch=5712 flow=11 side=new cur=3670195233 next=3520369172 tgt=3170775032 f=0.3 u=0 breach=3 end=
CBAP_MIG t=28560000 epoch=5712 flow=12 side=new cur=3236845597 next=3217024427 tgt=3170775032 f=0.3 u=0 breach=3 end=
CBAP_MIG t=28560000 epoch=5712 flow=13 side=new cur=2671074680 next=2873453322 tgt=3170775032 f=0.405 u=0 breach=3 end=
CBAP_MIG t=28560000 epoch=5712 flow=14 side=new cur=2928866080 next=3026839205 tgt=3170775032 f=0.405 u=0 breach=3 end=
CBAP_MIG t=28560000 epoch=5712 flow=16 side=new cur=2962185889 next=3046664491 tgt=3170775032 f=0.405 u=0 breach=3 end=
CBAP_MIG t=28560000 epoch=5712 flow=17 side=new cur=3478585174 next=3386242131 tgt=3170775032 f=0.3 u=0 breach=3 end=
CBAP_MIG t=28560000 epoch=5712 flow=18 side=new cur=3035529603 next=3090304001 tgt=3170775032 f=0.405 u=0 breach=3 end=
CBAP_MIG t=28560000 epoch=5712 flow=19 side=new cur=2671460422 next=2873682839 tgt=3170775032 f=0.405 u=0 breach=3 end=
CBAP_MIG t=28560000 epoch=5712 flow=21 side=new cur=3662003948 next=3514635273 tgt=3170775032 f=0.3 u=0 breach=3 end=
CBAP_MIG t=28560000 epoch=5712 flow=22 side=new cur=2875798055 next=2995263730 tgt=3170775032 f=0.405 u=0 breach=3 end=
CBAP_MIG t=28560000 epoch=5712 flow=23 side=new cur=2714617049 next=2899361032 tgt=3170775032 f=0.405 u=0 breach=3 end=
CBAP_MIG t=28560000 epoch=5712 flow=24 side=new cur=3543753798 next=3431860168 tgt=3170775032 f=0.3 u=0 breach=3 end=
CBAP_MIG t=28560000 epoch=5712 flow=25 side=new cur=3324768928 next=3278570759 tgt=3170775032 f=0.3 u=0 breach=3 end=
CBAP_MIG t=28560000 epoch=5712 flow=26 side=new cur=3032297423 next=3088380854 tgt=3170775032 f=0.405 u=0 breach=3 end=
CBAP_MIG t=28560000 epoch=5712 flow=27 side=new cur=3374951066 next=3313698255 tgt=3170775032 f=0.3 u=0 breach=3 end=
CBAP_MIG t=28560000 epoch=5712 flow=28 side=new cur=3041097964 next=3093617176 tgt=3170775032 f=0.405 u=0 breach=3 end=
CBAP_MIG t=28560000 epoch=5712 flow=30 side=new cur=3559365957 next=3442788679 tgt=3170775032 f=0.3 u=0 breach=3 end=
CBAP_MIG t=28560000 epoch=5712 flow=31 side=new cur=3415397756 next=3342010938 tgt=3170775032 f=0.3 u=0 breach=3 end=
CBAP_MIG t=28560000 epoch=5712 flow=33 side=new cur=2966965929 next=3049508615 tgt=3170775032 f=0.405 u=0 breach=3 end=
CBAP_MIG t=28560000 epoch=5712 flow=34 side=new cur=3482322963 next=3388858583 tgt=3170775032 f=0.3 u=0 breach=3 end=
CBAP_MIG t=28560000 epoch=5712 flow=35 side=new cur=2965145479 next=3048425447 tgt=3170775032 f=0.405 u=0 breach=3 end=
CBAP_MIG t=28560000 epoch=5712 flow=36 side=new cur=3870626114 next=3660670789 tgt=3170775032 f=0.3 u=0 breach=3 end=
CBAP_MIG t=28560000 epoch=5712 flow=37 side=new cur=2919553645 next=3021298306 tgt=3170775032 f=0.405 u=0 breach=3 end=
CBAP_MIG t=28560000 epoch=5712 flow=38 side=new cur=2893360451 next=3005713356 tgt=3170775032 f=0.405 u=0 breach=3 end=
CBAP_MIG t=28560000 epoch=5712 flow=39 side=new cur=2938154768 next=3032365974 tgt=3170775032 f=0.405 u=0 breach=3 end=
CBAP_MIG t=28560000 epoch=5712 flow=40 side=new cur=2788033037 next=2943043544 tgt=3170775032 f=0.405 u=0 breach=3 end=
CBAP_MIG t=28560000 epoch=5712 flow=41 side=new cur=3466682428 next=3377910209 tgt=3170775032 f=0.3 u=0 breach=3 end=
CBAP_MIG t=28560000 epoch=5712 flow=43 side=new cur=3309443486 next=3267842949 tgt=3170775032 f=0.3 u=0 breach=3 end=
CBAP_MIG t=28560000 epoch=5712 flow=44 side=new cur=3845688719 next=3643214612 tgt=3170775032 f=0.3 u=0 breach=3 end=
CBAP_MIG t=28560000 epoch=5712 flow=45 side=new cur=2787860218 next=2942940717 tgt=3170775032 f=0.405 u=0 breach=3 end=
CBAP_MIG t=28560000 epoch=5712 flow=46 side=new cur=3305433665 next=3265036075 tgt=3170775032 f=0.3 u=0 breach=3 end=
CBAP_MIG t=28560000 epoch=5712 flow=47 side=new cur=2733874675 next=2910819319 tgt=3170775032 f=0.405 u=0 breach=3 end=
CBAP_MIG t=28560000 epoch=5712 flow=48 side=new cur=3501481292 next=3402269414 tgt=3170775032 f=0.3 u=0 breach=3 end=
CBAP_MIG t=28560000 epoch=5712 flow=49 side=new cur=2982468826 next=3058732839 tgt=3170775032 f=0.405 u=0 breach=3 end=
CBAP_MIG t=28560000 epoch=5712 flow=50 side=new cur=2694931090 next=2887647886 tgt=3170775032 f=0.405 u=0 breach=3 end=
CBAP_MIG t=28560000 epoch=5712 flow=52 side=new cur=3214337915 next=3201269050 tgt=3170775032 f=0.3 u=0 breach=3 end=converged
CBAP_MIG t=28560000 epoch=5712 flow=53 side=new cur=3491535144 next=3395307110 tgt=3170775032 f=0.3 u=0 breach=3 end=
CBAP_MIG t=28560000 epoch=5712 flow=54 side=new cur=3010127993 next=3075190043 tgt=3170775032 f=0.405 u=0 breach=3 end=
CBAP_MIG t=28560000 epoch=5712 flow=55 side=new cur=2959080255 next=3044816639 tgt=3170775032 f=0.405 u=0 breach=3 end=
CBAP_MIG t=28560000 epoch=5712 flow=56 side=new cur=2997526025 next=3067691872 tgt=3170775032 f=0.405 u=0 breach=3 end=
CBAP_MIG t=28560000 epoch=5712 flow=58 side=new cur=2891938082 next=3004867046 tgt=3170775032 f=0.405 u=0 breach=3 end=
CBAP_MIG t=28560000 epoch=5712 flow=59 side=new cur=3263866144 next=3235938810 tgt=3170775032 f=0.3 u=0 breach=3 end=
CBAP_MIG t=28560000 epoch=5712 flow=60 side=new cur=2984272053 next=3059805759 tgt=3170775032 f=0.405 u=0 breach=3 end=
CBAP_MIG t=28560000 epoch=5712 flow=62 side=new cur=3279741899 next=3247051838 tgt=3170775032 f=0.3 u=0 breach=3 end=
CBAP_MIG t=28560000 epoch=5712 flow=63 side=new cur=2741646500 next=2915443555 tgt=3170775032 f=0.405 u=0 breach=3 end=
CBAP_MIG t=28560000 epoch=5712 flow=64 side=new cur=2897429199 next=3008134261 tgt=3170775032 f=0.405 u=0 breach=3 end=
CBAP_MIG t=28565000 epoch=5713 flow=0 side=old cur=2201747528 next=2141223269 tgt=2000000000 f=0.3 u=0 breach=0 end=
CBAP_MIG t=28565000 epoch=5713 flow=1 side=new cur=3431224465 next=3353089635 tgt=3170775032 f=0.3 u=0 breach=3 end=
CBAP_MIG t=28565000 epoch=5713 flow=2 side=new cur=3006399836 next=3072971790 tgt=3170775032 f=0.405 u=0 breach=3 end=
CBAP_MIG t=28565000 epoch=5713 flow=3 side=new cur=3247101054 next=3224203247 tgt=3170775032 f=0.3 u=0 breach=3 end=
CBAP_MIG t=28565000 epoch=5713 flow=4 side=new cur=3117233858 next=3138918033 tgt=3170775032 f=0.405 u=0 breach=3 end=
CBAP_MIG t=28565000 epoch=5713 flow=5 side=new cur=2969854626 next=3051227390 tgt=3170775032 f=0.405 u=0 breach=3 end=
CBAP_MIG t=28565000 epoch=5713 flow=6 side=new cur=3071402753 next=3111648525 tgt=3170775032 f=0.405 u=0 breach=3 end=
CBAP_MIG t=28565000 epoch=5713 flow=8 side=new cur=3486757946 next=3391963071 tgt=3170775032 f=0.3 u=0 breach=3 end=
CBAP_MIG t=28565000 epoch=5713 flow=10 side=new cur=2883865312 next=3000063748 tgt=3170775032 f=0.405 u=0 breach=3 end=
CBAP_MIG t=28565000 epoch=5713 flow=11 side=new cur=3520369172 next=3415490930 tgt=3170775032 f=0.3 u=0 breach=3 end=
CBAP_MIG t=28565000 epoch=5713 flow=12 side=new cur=3217024427 next=3203149608 tgt=3170775032 f=0.3 u=0 breach=3 end=
CBAP_MIG t=28565000 epoch=5713 flow=13 side=new cur=2873453322 next=2993868614 tgt=3170775032 f=0.405 u=0 breach=3 end=
CBAP_MIG t=28565000 epoch=5713 flow=14 side=new cur=3026839205 next=3085133214 tgt=3170775032 f=0.405 u=0 breach=3 end=
CBAP_MIG t=28565000 epoch=5713 flow=16 side=new cur=3046664491 next=3096929260 tgt=3170775032 f=0.405 u=0 breach=3 end=
CBAP_MIG t=28565000 epoch=5713 flow=17 side=new cur=3386242131 next=3321602001 tgt=3170775032 f=0.3 u=0 breach=3 end=
CBAP_MIG t=28565000 epoch=5713 flow=18 side=new cur=3090304001 next=3122894768 tgt=3170775032 f=0.405 u=0 breach=3 end=
CBAP_MIG t=28565000 epoch=5713 flow=19 side=new cur=2873682839 next=2994005177 tgt=3170775032 f=0.405 u=0 breach=3 end=
CBAP_MIG t=28565000 epoch=5713 flow=21 side=new cur=3514635273 next=3411477200 tgt=3170775032 f=0.3 u=0 breach=3 end=
CBAP_MIG t=28565000 epoch=5713 flow=22 side=new cur=2995263730 next=3066345807 tgt=3170775032 f=0.405 u=0 breach=3 end=
CBAP_MIG t=28565000 epoch=5713 flow=23 side=new cur=2899361032 next=3009283701 tgt=3170775032 f=0.405 u=0 breach=3 end=
CBAP_MIG t=28565000 epoch=5713 flow=24 side=new cur=3431860168 next=3353534627 tgt=3170775032 f=0.3 u=0 breach=3 end=
CBAP_MIG t=28565000 epoch=5713 flow=25 side=new cur=3278570759 next=3246232040 tgt=3170775032 f=0.3 u=0 breach=3 end=
CBAP_MIG t=28565000 epoch=5713 flow=26 side=new cur=3088380854 next=3121750496 tgt=3170775032 f=0.405 u=0 breach=3 end=
CBAP_MIG t=28565000 epoch=5713 flow=27 side=new cur=3313698255 next=3270821288 tgt=3170775032 f=0.3 u=0 breach=3 end=
CBAP_MIG t=28565000 epoch=5713 flow=28 side=new cur=3093617176 next=3124866107 tgt=3170775032 f=0.405 u=0 breach=3 end=
CBAP_MIG t=28565000 epoch=5713 flow=30 side=new cur=3442788679 next=3361184584 tgt=3170775032 f=0.3 u=0 breach=3 end=
CBAP_MIG t=28565000 epoch=5713 flow=31 side=new cur=3342010938 next=3290640166 tgt=3170775032 f=0.3 u=0 breach=3 end=
CBAP_MIG t=28565000 epoch=5713 flow=33 side=new cur=3049508615 next=3098621513 tgt=3170775032 f=0.405 u=0 breach=3 end=
CBAP_MIG t=28565000 epoch=5713 flow=34 side=new cur=3388858583 next=3323433517 tgt=3170775032 f=0.3 u=0 breach=3 end=
CBAP_MIG t=28565000 epoch=5713 flow=35 side=new cur=3048425447 next=3097977028 tgt=3170775032 f=0.405 u=0 breach=3 end=
CBAP_MIG t=28565000 epoch=5713 flow=36 side=new cur=3660670789 next=3513702061 tgt=3170775032 f=0.3 u=0 breach=3 end=
CBAP_MIG t=28565000 epoch=5713 flow=37 side=new cur=3021298306 next=3081836380 tgt=3170775032 f=0.405 u=0 breach=3 end=
CBAP_MIG t=28565000 epoch=5713 flow=38 side=new cur=3005713356 next=3072563334 tgt=3170775032 f=0.405 u=0 breach=3 end=
CBAP_MIG t=28565000 epoch=5713 flow=39 side=new cur=3032365974 next=3088421642 tgt=3170775032 f=0.405 u=0 breach=3 end=
CBAP_MIG t=28565000 epoch=5713 flow=40 side=new cur=2943043544 next=3035274796 tgt=3170775032 f=0.405 u=0 breach=3 end=
CBAP_MIG t=28565000 epoch=5713 flow=41 side=new cur=3377910209 next=3315769655 tgt=3170775032 f=0.3 u=0 breach=3 end=
CBAP_MIG t=28565000 epoch=5713 flow=43 side=new cur=3267842949 next=3238722573 tgt=3170775032 f=0.3 u=0 breach=3 end=
CBAP_MIG t=28565000 epoch=5713 flow=44 side=new cur=3643214612 next=3501482738 tgt=3170775032 f=0.3 u=0 breach=3 end=
CBAP_MIG t=28565000 epoch=5713 flow=45 side=new cur=2942940717 next=3035213614 tgt=3170775032 f=0.405 u=0 breach=3 end=
CBAP_MIG t=28565000 epoch=5713 flow=46 side=new cur=3265036075 next=3236757762 tgt=3170775032 f=0.3 u=0 breach=3 end=
CBAP_MIG t=28565000 epoch=5713 flow=47 side=new cur=2910819319 next=3016101382 tgt=3170775032 f=0.405 u=0 breach=3 end=
CBAP_MIG t=28565000 epoch=5713 flow=48 side=new cur=3402269414 next=3332821099 tgt=3170775032 f=0.3 u=0 breach=3 end=
CBAP_MIG t=28565000 epoch=5713 flow=49 side=new cur=3058732839 next=3104109927 tgt=3170775032 f=0.405 u=0 breach=3 end=
CBAP_MIG t=28565000 epoch=5713 flow=50 side=new cur=2887647886 next=3002314380 tgt=3170775032 f=0.405 u=0 breach=3 end=
CBAP_MIG t=28565000 epoch=5713 flow=53 side=new cur=3395307110 next=3327947486 tgt=3170775032 f=0.3 u=0 breach=3 end=
CBAP_MIG t=28565000 epoch=5713 flow=54 side=new cur=3075190043 next=3113901963 tgt=3170775032 f=0.405 u=0 breach=3 end=
CBAP_MIG t=28565000 epoch=5713 flow=55 side=new cur=3044816639 next=3095829788 tgt=3170775032 f=0.405 u=0 breach=3 end=
CBAP_MIG t=28565000 epoch=5713 flow=56 side=new cur=3067691872 next=3109440551 tgt=3170775032 f=0.405 u=0 breach=3 end=
CBAP_MIG t=28565000 epoch=5713 flow=58 side=new cur=3004867046 next=3072059780 tgt=3170775032 f=0.405 u=0 breach=3 end=
CBAP_MIG t=28565000 epoch=5713 flow=59 side=new cur=3235938810 next=3216389676 tgt=3170775032 f=0.3 u=0 breach=3 end=
CBAP_MIG t=28565000 epoch=5713 flow=60 side=new cur=3059805759 next=3104748314 tgt=3170775032 f=0.405 u=0 breach=3 end=
CBAP_MIG t=28565000 epoch=5713 flow=62 side=new cur=3247051838 next=3224168796 tgt=3170775032 f=0.3 u=0 breach=3 end=
CBAP_MIG t=28565000 epoch=5713 flow=63 side=new cur=2915443555 next=3018852803 tgt=3170775032 f=0.405 u=0 breach=3 end=
CBAP_MIG t=28565000 epoch=5713 flow=64 side=new cur=3008134261 next=3074003773 tgt=3170775032 f=0.405 u=0 breach=3 end=
CBAP_MIG t=28570000 epoch=5714 flow=0 side=old cur=2141223269 next=2098856288 tgt=2000000000 f=0.3 u=0 breach=0 end=
CBAP_MIG t=28570000 epoch=5714 flow=1 side=new cur=3353089635 next=3298395254 tgt=3170775032 f=0.3 u=0 breach=3 end=
CBAP_MIG t=28570000 epoch=5714 flow=2 side=new cur=3072971790 next=3112582103 tgt=3170775032 f=0.405 u=0 breach=3 end=
CBAP_MIG t=28570000 epoch=5714 flow=3 side=new cur=3224203247 next=3208174782 tgt=3170775032 f=0.3 u=0 breach=3 end=
CBAP_MIG t=28570000 epoch=5714 flow=4 side=new cur=3138918033 next=3151820117 tgt=3170775032 f=0.405 u=0 breach=3 end=converged
CBAP_MIG t=28570000 epoch=5714 flow=5 side=new cur=3051227390 next=3099644185 tgt=3170775032 f=0.405 u=0 breach=3 end=
CBAP_MIG t=28570000 epoch=5714 flow=6 side=new cur=3111648525 next=3135594760 tgt=3170775032 f=0.405 u=0 breach=3 end=
CBAP_MIG t=28570000 epoch=5714 flow=8 side=new cur=3391963071 next=3325606659 tgt=3170775032 f=0.3 u=0 breach=3 end=
CBAP_MIG t=28570000 epoch=5714 flow=10 side=new cur=3000063748 next=3069201818 tgt=3170775032 f=0.405 u=0 breach=3 end=
CBAP_MIG t=28570000 epoch=5714 flow=11 side=new cur=3415490930 next=3342076160 tgt=3170775032 f=0.3 u=0 breach=3 end=
CBAP_MIG t=28570000 epoch=5714 flow=12 side=new cur=3203149608 next=3193437235 tgt=3170775032 f=0.3 u=0 breach=3 end=converged
CBAP_MIG t=28570000 epoch=5714 flow=13 side=new cur=2993868614 next=3065515713 tgt=3170775032 f=0.405 u=0 breach=3 end=
CBAP_MIG t=28570000 epoch=5714 flow=14 side=new cur=3085133214 next=3119818150 tgt=3170775032 f=0.405 u=0 breach=3 end=
CBAP_MIG t=28570000 epoch=5714 flow=16 side=new cur=3096929260 next=3126836797 tgt=3170775032 f=0.405 u=0 breach=3 end=
CBAP_MIG t=28570000 epoch=5714 flow=17 side=new cur=3321602001 next=3276353910 tgt=3170775032 f=0.3 u=0 breach=3 end=
CBAP_MIG t=28570000 epoch=5714 flow=18 side=new cur=3122894768 next=3142286274 tgt=3170775032 f=0.405 u=0 breach=3 end=converged
CBAP_MIG t=28570000 epoch=5714 flow=19 side=new cur=2994005177 next=3065596968 tgt=3170775032 f=0.405 u=0 breach=3 end=
CBAP_MIG t=28570000 epoch=5714 flow=21 side=new cur=3411477200 next=3339266549 tgt=3170775032 f=0.3 u=0 breach=3 end=
CBAP_MIG t=28570000 epoch=5714 flow=22 side=new cur=3066345807 next=3108639643 tgt=3170775032 f=0.405 u=0 breach=3 end=
CBAP_MIG t=28570000 epoch=5714 flow=23 side=new cur=3009283701 next=3074687690 tgt=3170775032 f=0.405 u=0 breach=3 end=
CBAP_MIG t=28570000 epoch=5714 flow=24 side=new cur=3353534627 next=3298706748 tgt=3170775032 f=0.3 u=0 breach=3 end=
CBAP_MIG t=28570000 epoch=5714 flow=25 side=new cur=3246232040 next=3223594937 tgt=3170775032 f=0.3 u=0 breach=3 end=
CBAP_MIG t=28570000 epoch=5714 flow=26 side=new cur=3121750496 next=3141605433 tgt=3170775032 f=0.405 u=0 breach=3 end=converged
CBAP_MIG t=28570000 epoch=5714 flow=27 side=new cur=3270821288 next=3240807411 tgt=3170775032 f=0.3 u=0 breach=3 end=
CBAP_MIG t=28570000 epoch=5714 flow=28 side=new cur=3124866107 next=3143459221 tgt=3170775032 f=0.405 u=0 breach=3 end=converged
CBAP_MIG t=28570000 epoch=5714 flow=30 side=new cur=3361184584 next=3304061718 tgt=3170775032 f=0.3 u=0 breach=3 end=
CBAP_MIG t=28570000 epoch=5714 flow=31 side=new cur=3290640166 next=3254680625 tgt=3170775032 f=0.3 u=0 breach=3 end=
CBAP_MIG t=28570000 epoch=5714 flow=33 side=new cur=3098621513 next=3127843688 tgt=3170775032 f=0.405 u=0 breach=3 end=
CBAP_MIG t=28570000 epoch=5714 flow=34 side=new cur=3323433517 next=3277635971 tgt=3170775032 f=0.3 u=0 breach=3 end=
CBAP_MIG t=28570000 epoch=5714 flow=35 side=new cur=3097977028 next=3127460219 tgt=3170775032 f=0.405 u=0 breach=3 end=
CBAP_MIG t=28570000 epoch=5714 flow=36 side=new cur=3513702061 next=3410823952 tgt=3170775032 f=0.3 u=0 breach=3 end=
CBAP_MIG t=28570000 epoch=5714 flow=37 side=new cur=3081836380 next=3117856534 tgt=3170775032 f=0.405 u=0 breach=3 end=
CBAP_MIG t=28570000 epoch=5714 flow=38 side=new cur=3072563334 next=3112339071 tgt=3170775032 f=0.405 u=0 breach=3 end=
CBAP_MIG t=28570000 epoch=5714 flow=39 side=new cur=3088421642 next=3121774764 tgt=3170775032 f=0.405 u=0 breach=3 end=
CBAP_MIG t=28570000 epoch=5714 flow=40 side=new cur=3035274796 next=3090152391 tgt=3170775032 f=0.405 u=0 breach=3 end=
CBAP_MIG t=28570000 epoch=5714 flow=41 side=new cur=3315769655 next=3272271268 tgt=3170775032 f=0.3 u=0 breach=3 end=
CBAP_MIG t=28570000 epoch=5714 flow=43 side=new cur=3238722573 next=3218338310 tgt=3170775032 f=0.3 u=0 breach=3 end=
CBAP_MIG t=28570000 epoch=5714 flow=44 side=new cur=3501482738 next=3402270426 tgt=3170775032 f=0.3 u=0 breach=3 end=
CBAP_MIG t=28570000 epoch=5714 flow=45 side=new cur=3035213614 next=3090115988 tgt=3170775032 f=0.405 u=0 breach=3 end=
CBAP_MIG t=28570000 epoch=5714 flow=46 side=new cur=3236757762 next=3216962943 tgt=3170775032 f=0.3 u=0 breach=3 end=
CBAP_MIG t=28570000 epoch=5714 flow=47 side=new cur=3016101382 next=3078744210 tgt=3170775032 f=0.405 u=0 breach=3 end=
CBAP_MIG t=28570000 epoch=5714 flow=48 side=new cur=3332821099 next=3284207278 tgt=3170775032 f=0.3 u=0 breach=3 end=
CBAP_MIG t=28570000 epoch=5714 flow=49 side=new cur=3104109927 next=3131109294 tgt=3170775032 f=0.405 u=0 breach=3 end=
CBAP_MIG t=28570000 epoch=5714 flow=50 side=new cur=3002314380 next=3070540944 tgt=3170775032 f=0.405 u=0 breach=3 end=
CBAP_MIG t=28570000 epoch=5714 flow=53 side=new cur=3327947486 next=3280795749 tgt=3170775032 f=0.3 u=0 breach=3 end=
CBAP_MIG t=28570000 epoch=5714 flow=54 side=new cur=3113901963 next=3136935555 tgt=3170775032 f=0.405 u=0 breach=3 end=
CBAP_MIG t=28570000 epoch=5714 flow=55 side=new cur=3095829788 next=3126182611 tgt=3170775032 f=0.405 u=0 breach=3 end=
CBAP_MIG t=28570000 epoch=5714 flow=56 side=new cur=3109440551 next=3134281015 tgt=3170775032 f=0.405 u=0 breach=3 end=
CBAP_MIG t=28570000 epoch=5714 flow=58 side=new cur=3072059780 next=3112039457 tgt=3170775032 f=0.405 u=0 breach=3 end=
CBAP_MIG t=28570000 epoch=5714 flow=59 side=new cur=3216389676 next=3202705282 tgt=3170775032 f=0.3 u=0 breach=3 end=
CBAP_MIG t=28570000 epoch=5714 flow=60 side=new cur=3104748314 next=3131489134 tgt=3170775032 f=0.405 u=0 breach=3 end=
CBAP_MIG t=28570000 epoch=5714 flow=62 side=new cur=3224168796 next=3208150666 tgt=3170775032 f=0.3 u=0 breach=3 end=
CBAP_MIG t=28570000 epoch=5714 flow=63 side=new cur=3018852803 next=3080381305 tgt=3170775032 f=0.405 u=0 breach=3 end=
CBAP_MIG t=28570000 epoch=5714 flow=64 side=new cur=3074003773 next=3113196132 tgt=3170775032 f=0.405 u=0 breach=3 end=
CBAP_MIG t=28575000 epoch=5715 flow=0 side=old cur=2098856288 next=2069199401 tgt=2000000000 f=0.3 u=0 breach=0 end=
CBAP_MIG t=28575000 epoch=5715 flow=1 side=new cur=3298395254 next=3260109187 tgt=3170775032 f=0.3 u=0 breach=3 end=
CBAP_MIG t=28575000 epoch=5715 flow=2 side=new cur=3112582103 next=3136150239 tgt=3170775032 f=0.405 u=0 breach=3 end=
CBAP_MIG t=28575000 epoch=5715 flow=3 side=new cur=3208174782 next=3196954857 tgt=3170775032 f=0.3 u=0 breach=3 end=converged
CBAP_MIG t=28575000 epoch=5715 flow=5 side=new cur=3099644185 next=3128452178 tgt=3170775032 f=0.405 u=0 breach=3 end=
CBAP_MIG t=28575000 epoch=5715 flow=6 side=new cur=3135594760 next=3149842770 tgt=3170775032 f=0.405 u=0 breach=3 end=converged
CBAP_MIG t=28575000 epoch=5715 flow=8 side=new cur=3325606659 next=3279157170 tgt=3170775032 f=0.3 u=0 breach=3 end=
CBAP_MIG t=28575000 epoch=5715 flow=10 side=new cur=3069201818 next=3110338969 tgt=3170775032 f=0.405 u=0 breach=3 end=
CBAP_MIG t=28575000 epoch=5715 flow=11 side=new cur=3342076160 next=3290685821 tgt=3170775032 f=0.3 u=0 breach=3 end=
CBAP_MIG t=28575000 epoch=5715 flow=13 side=new cur=3065515713 next=3108145737 tgt=3170775032 f=0.405 u=0 breach=3 end=
CBAP_MIG t=28575000 epoch=5715 flow=14 side=new cur=3119818150 next=3140455687 tgt=3170775032 f=0.405 u=0 breach=3 end=converged
CBAP_MIG t=28575000 epoch=5715 flow=16 side=new cur=3126836797 next=3144631782 tgt=3170775032 f=0.405 u=0 breach=3 end=converged
CBAP_MIG t=28575000 epoch=5715 flow=17 side=new cur=3276353910 next=3244680246 tgt=3170775032 f=0.3 u=0 breach=3 end=
CBAP_MIG t=28575000 epoch=5715 flow=19 side=new cur=3065596968 next=3108194083 tgt=3170775032 f=0.405 u=0 breach=3 end=
CBAP_MIG t=28575000 epoch=5715 flow=21 side=new cur=3339266549 next=3288719093 tgt=3170775032 f=0.3 u=0 breach=3 end=
CBAP_MIG t=28575000 epoch=5715 flow=22 side=new cur=3108639643 next=3133804475 tgt=3170775032 f=0.405 u=0 breach=3 end=
CBAP_MIG t=28575000 epoch=5715 flow=23 side=new cur=3074687690 next=3113603063 tgt=3170775032 f=0.405 u=0 breach=3 end=
CBAP_MIG t=28575000 epoch=5715 flow=24 side=new cur=3298706748 next=3260327233 tgt=3170775032 f=0.3 u=0 breach=3 end=
CBAP_MIG t=28575000 epoch=5715 flow=25 side=new cur=3223594937 next=3207748965 tgt=3170775032 f=0.3 u=0 breach=3 end=
CBAP_MIG t=28575000 epoch=5715 flow=27 side=new cur=3240807411 next=3219797697 tgt=3170775032 f=0.3 u=0 breach=3 end=
CBAP_MIG t=28575000 epoch=5715 flow=30 side=new cur=3304061718 next=3264075712 tgt=3170775032 f=0.3 u=0 breach=3 end=
CBAP_MIG t=28575000 epoch=5715 flow=31 side=new cur=3254680625 next=3229508947 tgt=3170775032 f=0.3 u=0 breach=3 end=
CBAP_MIG t=28575000 epoch=5715 flow=33 side=new cur=3127843688 next=3145230882 tgt=3170775032 f=0.405 u=0 breach=3 end=converged
CBAP_MIG t=28575000 epoch=5715 flow=34 side=new cur=3277635971 next=3245577689 tgt=3170775032 f=0.3 u=0 breach=3 end=
CBAP_MIG t=28575000 epoch=5715 flow=35 side=new cur=3127460219 next=3145002718 tgt=3170775032 f=0.405 u=0 breach=3 end=converged
CBAP_MIG t=28575000 epoch=5715 flow=36 side=new cur=3410823952 next=3338809276 tgt=3170775032 f=0.3 u=0 breach=3 end=
CBAP_MIG t=28575000 epoch=5715 flow=37 side=new cur=3117856534 next=3139288525 tgt=3170775032 f=0.405 u=0 breach=3 end=converged
CBAP_MIG t=28575000 epoch=5715 flow=38 side=new cur=3112339071 next=3136005635 tgt=3170775032 f=0.405 u=0 breach=3 end=
CBAP_MIG t=28575000 epoch=5715 flow=39 side=new cur=3121774764 next=3141619872 tgt=3170775032 f=0.405 u=0 breach=3 end=converged
CBAP_MIG t=28575000 epoch=5715 flow=40 side=new cur=3090152391 next=3122804560 tgt=3170775032 f=0.405 u=0 breach=3 end=
CBAP_MIG t=28575000 epoch=5715 flow=41 side=new cur=3272271268 next=3241822397 tgt=3170775032 f=0.3 u=0 breach=3 end=
CBAP_MIG t=28575000 epoch=5715 flow=43 side=new cur=3218338310 next=3204069326 tgt=3170775032 f=0.3 u=0 breach=3 end=
CBAP_MIG t=28575000 epoch=5715 flow=44 side=new cur=3402270426 next=3332821807 tgt=3170775032 f=0.3 u=0 breach=3 end=
CBAP_MIG t=28575000 epoch=5715 flow=45 side=new cur=3090115988 next=3122782900 tgt=3170775032 f=0.405 u=0 breach=3 end=
CBAP_MIG t=28575000 epoch=5715 flow=46 side=new cur=3216962943 next=3203106569 tgt=3170775032 f=0.3 u=0 breach=3 end=
CBAP_MIG t=28575000 epoch=5715 flow=47 side=new cur=3078744210 next=3116016692 tgt=3170775032 f=0.405 u=0 breach=3 end=
CBAP_MIG t=28575000 epoch=5715 flow=48 side=new cur=3284207278 next=3250177604 tgt=3170775032 f=0.3 u=0 breach=3 end=
CBAP_MIG t=28575000 epoch=5715 flow=49 side=new cur=3131109294 next=3147173917 tgt=3170775032 f=0.405 u=0 breach=3 end=converged
CBAP_MIG t=28575000 epoch=5715 flow=50 side=new cur=3070540944 next=3111135749 tgt=3170775032 f=0.405 u=0 breach=3 end=
CBAP_MIG t=28575000 epoch=5715 flow=53 side=new cur=3280795749 next=3247789533 tgt=3170775032 f=0.3 u=0 breach=3 end=
CBAP_MIG t=28575000 epoch=5715 flow=54 side=new cur=3136935555 next=3150640543 tgt=3170775032 f=0.405 u=0 breach=3 end=converged
CBAP_MIG t=28575000 epoch=5715 flow=55 side=new cur=3126182611 next=3144242541 tgt=3170775032 f=0.405 u=0 breach=3 end=converged
CBAP_MIG t=28575000 epoch=5715 flow=56 side=new cur=3134281015 next=3149061091 tgt=3170775032 f=0.405 u=0 breach=3 end=converged
CBAP_MIG t=28575000 epoch=5715 flow=58 side=new cur=3112039457 next=3135827364 tgt=3170775032 f=0.405 u=0 breach=3 end=
CBAP_MIG t=28575000 epoch=5715 flow=59 side=new cur=3202705282 next=3193126207 tgt=3170775032 f=0.3 u=0 breach=3 end=converged
CBAP_MIG t=28575000 epoch=5715 flow=60 side=new cur=3131489134 next=3147399922 tgt=3170775032 f=0.405 u=0 breach=3 end=converged
CBAP_MIG t=28575000 epoch=5715 flow=62 side=new cur=3208150666 next=3196937975 tgt=3170775032 f=0.3 u=0 breach=3 end=converged
CBAP_MIG t=28575000 epoch=5715 flow=63 side=new cur=3080381305 next=3116990764 tgt=3170775032 f=0.405 u=0 breach=3 end=
CBAP_MIG t=28575000 epoch=5715 flow=64 side=new cur=3113196132 next=3136515586 tgt=3170775032 f=0.405 u=0 breach=3 end=
CBAP_MIG t=28580000 epoch=5716 flow=0 side=old cur=2069199401 next=2048439580 tgt=2000000000 f=0.3 u=0 breach=0 end=
CBAP_MIG t=28580000 epoch=5716 flow=1 side=new cur=3260109187 next=3233308940 tgt=3170775032 f=0.3 u=0 breach=3 end=
CBAP_MIG t=28580000 epoch=5716 flow=2 side=new cur=3136150239 next=3150173280 tgt=3170775032 f=0.405 u=0 breach=3 end=converged
CBAP_MIG t=28580000 epoch=5716 flow=5 side=new cur=3128452178 next=3145592933 tgt=3170775032 f=0.405 u=0 breach=3 end=converged
CBAP_MIG t=28580000 epoch=5716 flow=8 side=new cur=3279157170 next=3246642528 tgt=3170775032 f=0.3 u=0 breach=3 end=
CBAP_MIG t=28580000 epoch=5716 flow=10 side=new cur=3110338969 next=3134815574 tgt=3170775032 f=0.405 u=0 breach=3 end=
CBAP_MIG t=28580000 epoch=5716 flow=11 side=new cur=3290685821 next=3254712584 tgt=3170775032 f=0.3 u=0 breach=3 end=
CBAP_MIG t=28580000 epoch=5716 flow=13 side=new cur=3108145737 next=3133510601 tgt=3170775032 f=0.405 u=0 breach=3 end=
CBAP_MIG t=28580000 epoch=5716 flow=17 side=new cur=3244680246 next=3222508681 tgt=3170775032 f=0.3 u=0 breach=3 end=
CBAP_MIG t=28580000 epoch=5716 flow=19 side=new cur=3108194083 next=3133539367 tgt=3170775032 f=0.405 u=0 breach=3 end=
CBAP_MIG t=28580000 epoch=5716 flow=21 side=new cur=3288719093 next=3253335874 tgt=3170775032 f=0.3 u=0 breach=3 end=
CBAP_MIG t=28580000 epoch=5716 flow=22 side=new cur=3133804475 next=3148777550 tgt=3170775032 f=0.405 u=0 breach=3 end=converged
CBAP_MIG t=28580000 epoch=5716 flow=23 side=new cur=3113603063 next=3136757710 tgt=3170775032 f=0.405 u=0 breach=3 end=
CBAP_MIG t=28580000 epoch=5716 flow=24 side=new cur=3260327233 next=3233461572 tgt=3170775032 f=0.3 u=0 breach=3 end=
CBAP_MIG t=28580000 epoch=5716 flow=25 side=new cur=3207748965 next=3196656785 tgt=3170775032 f=0.3 u=0 breach=3 end=converged
CBAP_MIG t=28580000 epoch=5716 flow=27 side=new cur=3219797697 next=3205090897 tgt=3170775032 f=0.3 u=0 breach=3 end=
CBAP_MIG t=28580000 epoch=5716 flow=30 side=new cur=3264075712 next=3236085508 tgt=3170775032 f=0.3 u=0 breach=3 end=
CBAP_MIG t=28580000 epoch=5716 flow=31 side=new cur=3229508947 next=3211888772 tgt=3170775032 f=0.3 u=0 breach=3 end=
CBAP_MIG t=28580000 epoch=5716 flow=34 side=new cur=3245577689 next=3223136891 tgt=3170775032 f=0.3 u=0 breach=3 end=
CBAP_MIG t=28580000 epoch=5716 flow=36 side=new cur=3338809276 next=3288399002 tgt=3170775032 f=0.3 u=0 breach=3 end=
CBAP_MIG t=28580000 epoch=5716 flow=38 side=new cur=3136005635 next=3150087240 tgt=3170775032 f=0.405 u=0 breach=3 end=converged
CBAP_MIG t=28580000 epoch=5716 flow=40 side=new cur=3122804560 next=3142232601 tgt=3170775032 f=0.405 u=0 breach=3 end=converged
CBAP_MIG t=28580000 epoch=5716 flow=41 side=new cur=3241822397 next=3220508187 tgt=3170775032 f=0.3 u=0 breach=3 end=
CBAP_MIG t=28580000 epoch=5716 flow=43 side=new cur=3204069326 next=3194081037 tgt=3170775032 f=0.3 u=0 breach=3 end=converged
CBAP_MIG t=28580000 epoch=5716 flow=44 side=new cur=3332821807 next=3284207774 tgt=3170775032 f=0.3 u=0 breach=3 end=
CBAP_MIG t=28580000 epoch=5716 flow=45 side=new cur=3122782900 next=3142219713 tgt=3170775032 f=0.405 u=0 breach=3 end=converged
CBAP_MIG t=28580000 epoch=5716 flow=46 side=new cur=3203106569 next=3193407107 tgt=3170775032 f=0.3 u=0 breach=3 end=converged
CBAP_MIG t=28580000 epoch=5716 flow=47 side=new cur=3116016692 next=3138193819 tgt=3170775032 f=0.405 u=0 breach=3 end=
CBAP_MIG t=28580000 epoch=5716 flow=48 side=new cur=3250177604 next=3226356832 tgt=3170775032 f=0.3 u=0 breach=3 end=
CBAP_MIG t=28580000 epoch=5716 flow=50 side=new cur=3111135749 next=3135289658 tgt=3170775032 f=0.405 u=0 breach=3 end=
CBAP_MIG t=28580000 epoch=5716 flow=53 side=new cur=3247789533 next=3224685182 tgt=3170775032 f=0.3 u=0 breach=3 end=
CBAP_MIG t=28580000 epoch=5716 flow=58 side=new cur=3135827364 next=3149981169 tgt=3170775032 f=0.405 u=0 breach=3 end=converged
CBAP_MIG t=28580000 epoch=5716 flow=63 side=new cur=3116990764 next=3138773392 tgt=3170775032 f=0.405 u=0 breach=3 end=
CBAP_MIG t=28580000 epoch=5716 flow=64 side=new cur=3136515586 next=3150390661 tgt=3170775032 f=0.405 u=0 breach=3 end=converged
CBAP_MIG t=28585000 epoch=5717 flow=0 side=old cur=2048439580 next=2033907706 tgt=2000000000 f=0.3 u=0 breach=0 end=
CBAP_MIG t=28585000 epoch=5717 flow=1 side=new cur=3233308940 next=3214548767 tgt=3170775032 f=0.3 u=0 breach=3 end=
CBAP_MIG t=28585000 epoch=5717 flow=8 side=new cur=3246642528 next=3223882279 tgt=3170775032 f=0.3 u=0 breach=3 end=
CBAP_MIG t=28585000 epoch=5717 flow=10 side=new cur=3134815574 next=3149379154 tgt=3170775032 f=0.405 u=0 breach=3 end=converged
CBAP_MIG t=28585000 epoch=5717 flow=11 side=new cur=3254712584 next=3229531318 tgt=3170775032 f=0.3 u=0 breach=3 end=
CBAP_MIG t=28585000 epoch=5717 flow=13 side=new cur=3133510601 next=3148602695 tgt=3170775032 f=0.405 u=0 breach=3 end=converged
CBAP_MIG t=28585000 epoch=5717 flow=17 side=new cur=3222508681 next=3206988586 tgt=3170775032 f=0.3 u=0 breach=3 end=
CBAP_MIG t=28585000 epoch=5717 flow=19 side=new cur=3133539367 next=3148619811 tgt=3170775032 f=0.405 u=0 breach=3 end=converged
CBAP_MIG t=28585000 epoch=5717 flow=21 side=new cur=3253335874 next=3228567621 tgt=3170775032 f=0.3 u=0 breach=3 end=
CBAP_MIG t=28585000 epoch=5717 flow=23 side=new cur=3136757710 next=3150534725 tgt=3170775032 f=0.405 u=0 breach=3 end=converged
CBAP_MIG t=28585000 epoch=5717 flow=24 side=new cur=3233461572 next=3214655610 tgt=3170775032 f=0.3 u=0 breach=3 end=
CBAP_MIG t=28585000 epoch=5717 flow=27 side=new cur=3205090897 next=3194796137 tgt=3170775032 f=0.3 u=0 breach=3 end=converged
CBAP_MIG t=28585000 epoch=5717 flow=30 side=new cur=3236085508 next=3216492365 tgt=3170775032 f=0.3 u=0 breach=3 end=
CBAP_MIG t=28585000 epoch=5717 flow=31 side=new cur=3211888772 next=3199554650 tgt=3170775032 f=0.3 u=0 breach=3 end=converged
CBAP_MIG t=28585000 epoch=5717 flow=34 side=new cur=3223136891 next=3207428333 tgt=3170775032 f=0.3 u=0 breach=3 end=
CBAP_MIG t=28585000 epoch=5717 flow=36 side=new cur=3288399002 next=3253111811 tgt=3170775032 f=0.3 u=0 breach=3 end=
CBAP_MIG t=28585000 epoch=5717 flow=41 side=new cur=3220508187 next=3205588240 tgt=3170775032 f=0.3 u=0 breach=3 end=
CBAP_MIG t=28585000 epoch=5717 flow=44 side=new cur=3284207774 next=3250177951 tgt=3170775032 f=0.3 u=0 breach=3 end=
CBAP_MIG t=28585000 epoch=5717 flow=47 side=new cur=3138193819 next=3151389210 tgt=3170775032 f=0.405 u=0 breach=3 end=converged
CBAP_MIG t=28585000 epoch=5717 flow=48 side=new cur=3226356832 next=3209682292 tgt=3170775032 f=0.3 u=0 breach=3 end=
CBAP_MIG t=28585000 epoch=5717 flow=50 side=new cur=3135289658 next=3149661234 tgt=3170775032 f=0.405 u=0 breach=3 end=converged
CBAP_MIG t=28585000 epoch=5717 flow=53 side=new cur=3224685182 next=3208512137 tgt=3170775032 f=0.3 u=0 breach=3 end=
CBAP_MIG t=28585000 epoch=5717 flow=63 side=new cur=3138773392 next=3151734056 tgt=3170775032 f=0.405 u=0 breach=3 end=converged
CBAP_MIG t=28590000 epoch=5718 flow=0 side=old cur=2033907706 next=2023735394 tgt=2000000000 f=0.3 u=0 breach=0 end=
CBAP_MIG t=28590000 epoch=5718 flow=1 side=new cur=3214548767 next=3201416646 tgt=3170775032 f=0.3 u=0 breach=3 end=converged
CBAP_MIG t=28590000 epoch=5718 flow=8 side=new cur=3223882279 next=3207950104 tgt=3170775032 f=0.3 u=0 breach=3 end=
CBAP_MIG t=28590000 epoch=5718 flow=11 side=new cur=3229531318 next=3211904432 tgt=3170775032 f=0.3 u=0 breach=3 end=
CBAP_MIG t=28590000 epoch=5718 flow=17 side=new cur=3206988586 next=3196124519 tgt=3170775032 f=0.3 u=0 breach=3 end=converged
CBAP_MIG t=28590000 epoch=5718 flow=21 side=new cur=3228567621 next=3211229844 tgt=3170775032 f=0.3 u=0 breach=3 end=
CBAP_MIG t=28590000 epoch=5718 flow=24 side=new cur=3214655610 next=3201491436 tgt=3170775032 f=0.3 u=0 breach=3 end=converged
CBAP_MIG t=28590000 epoch=5718 flow=30 side=new cur=3216492365 next=3202777165 tgt=3170775032 f=0.3 u=0 breach=3 end=
CBAP_MIG t=28590000 epoch=5718 flow=34 side=new cur=3207428333 next=3196432342 tgt=3170775032 f=0.3 u=0 breach=3 end=converged
CBAP_MIG t=28590000 epoch=5718 flow=36 side=new cur=3253111811 next=3228410777 tgt=3170775032 f=0.3 u=0 breach=3 end=
CBAP_MIG t=28590000 epoch=5718 flow=41 side=new cur=3205588240 next=3195144277 tgt=3170775032 f=0.3 u=0 breach=3 end=converged
CBAP_MIG t=28590000 epoch=5718 flow=44 side=new cur=3250177951 next=3226357075 tgt=3170775032 f=0.3 u=0 breach=3 end=
CBAP_MIG t=28590000 epoch=5718 flow=48 side=new cur=3209682292 next=3198010114 tgt=3170775032 f=0.3 u=0 breach=3 end=converged
CBAP_MIG t=28590000 epoch=5718 flow=53 side=new cur=3208512137 next=3197191005 tgt=3170775032 f=0.3 u=0 breach=3 end=converged
CBAP_MIG t=28595000 epoch=5719 flow=0 side=old cur=2023735394 next=2016614775 tgt=2000000000 f=0.3 u=0 breach=0 end=converged
CBAP_MIG t=28595000 epoch=5719 flow=8 side=new cur=3207950104 next=3196797582 tgt=3170775032 f=0.3 u=0 breach=3 end=converged
CBAP_MIG t=28595000 epoch=5719 flow=11 side=new cur=3211904432 next=3199565612 tgt=3170775032 f=0.3 u=0 breach=3 end=converged
CBAP_MIG t=28595000 epoch=5719 flow=21 side=new cur=3211229844 next=3199093400 tgt=3170775032 f=0.3 u=0 breach=3 end=converged
CBAP_MIG t=28595000 epoch=5719 flow=30 side=new cur=3202777165 next=3193176525 tgt=3170775032 f=0.3 u=0 breach=3 end=converged
CBAP_MIG t=28595000 epoch=5719 flow=36 side=new cur=3228410777 next=3211120053 tgt=3170775032 f=0.3 u=0 breach=3 end=
CBAP_MIG t=28595000 epoch=5719 flow=44 side=new cur=3226357075 next=3209682462 tgt=3170775032 f=0.3 u=0 breach=3 end=
CBAP_MIG t=28600000 epoch=5720 flow=36 side=new cur=3211120053 next=3199016546 tgt=3170775032 f=0.3 u=0 breach=3 end=converged
CBAP_MIG t=28600000 epoch=5720 flow=44 side=new cur=3209682462 next=3198010233 tgt=3170775032 f=0.3 u=0 breach=3 end=converged
CBAP_MIG_REPLAN t=29485000 reason=active_set_shrank flow=0 batch=0 newest_batch=1 cur=2016614775 target=2000000000 ceiling=190000000000 old_side_present=1
CBAP_MIG_REPLAN t=29485000 reason=active_set_shrank flow=1 batch=1 newest_batch=1 cur=3201416646 target=3222553847 ceiling=200000000000 old_side_present=1
CBAP_MIG_REPLAN t=29485000 reason=active_set_shrank flow=2 batch=1 newest_batch=1 cur=3150173280 target=3222553847 ceiling=200000000000 old_side_present=1
CBAP_MIG_REPLAN t=29485000 reason=active_set_shrank flow=3 batch=1 newest_batch=1 cur=3196954857 target=3222553847 ceiling=200000000000 old_side_present=1
CBAP_MIG_REPLAN t=29485000 reason=active_set_shrank flow=4 batch=1 newest_batch=1 cur=3151820117 target=3222553847 ceiling=200000000000 old_side_present=1
CBAP_MIG_REPLAN t=29485000 reason=active_set_shrank flow=5 batch=1 newest_batch=1 cur=3145592933 target=3222553847 ceiling=200000000000 old_side_present=1
CBAP_MIG_REPLAN t=29485000 reason=active_set_shrank flow=6 batch=1 newest_batch=1 cur=3149842770 target=3222553847 ceiling=200000000000 old_side_present=1
CBAP_MIG_REPLAN t=29485000 reason=active_set_shrank flow=7 batch=1 newest_batch=1 cur=3150239097 target=3222553847 ceiling=200000000000 old_side_present=1
CBAP_MIG_REPLAN t=29485000 reason=active_set_shrank flow=8 batch=1 newest_batch=1 cur=3196797582 target=3222553847 ceiling=200000000000 old_side_present=1
CBAP_MIG_REPLAN t=29485000 reason=active_set_shrank flow=9 batch=1 newest_batch=1 cur=3156793629 target=3222553847 ceiling=200000000000 old_side_present=1
CBAP_MIG_REPLAN t=29485000 reason=active_set_shrank flow=10 batch=1 newest_batch=1 cur=3149379154 target=3222553847 ceiling=200000000000 old_side_present=1
CBAP_MIG_REPLAN t=29485000 reason=active_set_shrank flow=11 batch=1 newest_batch=1 cur=3199565612 target=3222553847 ceiling=200000000000 old_side_present=1
CBAP_MIG_REPLAN t=29485000 reason=active_set_shrank flow=12 batch=1 newest_batch=1 cur=3193437235 target=3222553847 ceiling=200000000000 old_side_present=1
CBAP_MIG_REPLAN t=29485000 reason=active_set_shrank flow=13 batch=1 newest_batch=1 cur=3148602695 target=3222553847 ceiling=200000000000 old_side_present=1
CBAP_MIG_REPLAN t=29485000 reason=active_set_shrank flow=14 batch=1 newest_batch=1 cur=3140455687 target=3222553847 ceiling=200000000000 old_side_present=1
CBAP_MIG_REPLAN t=29485000 reason=active_set_shrank flow=15 batch=1 newest_batch=1 cur=3146106668 target=3222553847 ceiling=200000000000 old_side_present=1
CBAP_MIG_REPLAN t=29485000 reason=active_set_shrank flow=16 batch=1 newest_batch=1 cur=3144631782 target=3222553847 ceiling=200000000000 old_side_present=1
CBAP_MIG_REPLAN t=29485000 reason=active_set_shrank flow=17 batch=1 newest_batch=1 cur=3196124519 target=3222553847 ceiling=200000000000 old_side_present=1
CBAP_MIG_REPLAN t=29485000 reason=active_set_shrank flow=18 batch=1 newest_batch=1 cur=3142286274 target=3222553847 ceiling=200000000000 old_side_present=1
CBAP_MIG_REPLAN t=29485000 reason=active_set_shrank flow=19 batch=1 newest_batch=1 cur=3148619811 target=3222553847 ceiling=200000000000 old_side_present=1
CBAP_MIG_REPLAN t=29485000 reason=active_set_shrank flow=20 batch=1 newest_batch=1 cur=3164141449 target=3222553847 ceiling=200000000000 old_side_present=1
CBAP_MIG_REPLAN t=29485000 reason=active_set_shrank flow=21 batch=1 newest_batch=1 cur=3199093400 target=3222553847 ceiling=200000000000 old_side_present=1
CBAP_MIG_REPLAN t=29485000 reason=active_set_shrank flow=22 batch=1 newest_batch=1 cur=3148777550 target=3222553847 ceiling=200000000000 old_side_present=1
CBAP_MIG_REPLAN t=29485000 reason=active_set_shrank flow=23 batch=1 newest_batch=1 cur=3150534725 target=3222553847 ceiling=200000000000 old_side_present=1
CBAP_MIG_REPLAN t=29485000 reason=active_set_shrank flow=24 batch=1 newest_batch=1 cur=3201491436 target=3222553847 ceiling=200000000000 old_side_present=1
CBAP_MIG_REPLAN t=29485000 reason=active_set_shrank flow=25 batch=1 newest_batch=1 cur=3196656785 target=3222553847 ceiling=200000000000 old_side_present=1
CBAP_MIG_REPLAN t=29485000 reason=active_set_shrank flow=26 batch=1 newest_batch=1 cur=3141605433 target=3222553847 ceiling=200000000000 old_side_present=1
CBAP_MIG_REPLAN t=29485000 reason=active_set_shrank flow=27 batch=1 newest_batch=1 cur=3194796137 target=3222553847 ceiling=200000000000 old_side_present=1
CBAP_MIG_REPLAN t=29485000 reason=active_set_shrank flow=28 batch=1 newest_batch=1 cur=3143459221 target=3222553847 ceiling=200000000000 old_side_present=1
CBAP_MIG_REPLAN t=29485000 reason=active_set_shrank flow=29 batch=1 newest_batch=1 cur=3160341055 target=3222553847 ceiling=200000000000 old_side_present=1
CBAP_MIG_REPLAN t=29485000 reason=active_set_shrank flow=30 batch=1 newest_batch=1 cur=3193176525 target=3222553847 ceiling=200000000000 old_side_present=1
CBAP_MIG_REPLAN t=29485000 reason=active_set_shrank flow=31 batch=1 newest_batch=1 cur=3199554650 target=3222553847 ceiling=200000000000 old_side_present=1
CBAP_MIG_REPLAN t=29485000 reason=active_set_shrank flow=32 batch=1 newest_batch=1 cur=3178086123 target=3222553847 ceiling=200000000000 old_side_present=1
CBAP_MIG_REPLAN t=29485000 reason=active_set_shrank flow=33 batch=1 newest_batch=1 cur=3145230882 target=3222553847 ceiling=200000000000 old_side_present=1
CBAP_MIG_REPLAN t=29485000 reason=active_set_shrank flow=34 batch=1 newest_batch=1 cur=3196432342 target=3222553847 ceiling=200000000000 old_side_present=1
CBAP_MIG_REPLAN t=29485000 reason=active_set_shrank flow=35 batch=1 newest_batch=1 cur=3145002718 target=3222553847 ceiling=200000000000 old_side_present=1
CBAP_MIG_REPLAN t=29485000 reason=active_set_shrank flow=37 batch=1 newest_batch=1 cur=3139288525 target=3222553847 ceiling=200000000000 old_side_present=1
CBAP_MIG_REPLAN t=29485000 reason=active_set_shrank flow=38 batch=1 newest_batch=1 cur=3150087240 target=3222553847 ceiling=200000000000 old_side_present=1
CBAP_MIG_REPLAN t=29485000 reason=active_set_shrank flow=39 batch=1 newest_batch=1 cur=3141619872 target=3222553847 ceiling=200000000000 old_side_present=1
CBAP_MIG_REPLAN t=29485000 reason=active_set_shrank flow=40 batch=1 newest_batch=1 cur=3142232601 target=3222553847 ceiling=200000000000 old_side_present=1
CBAP_MIG_REPLAN t=29485000 reason=active_set_shrank flow=41 batch=1 newest_batch=1 cur=3195144277 target=3222553847 ceiling=200000000000 old_side_present=1
CBAP_MIG_REPLAN t=29485000 reason=active_set_shrank flow=42 batch=1 newest_batch=1 cur=3177534508 target=3222553847 ceiling=200000000000 old_side_present=1
CBAP_MIG_REPLAN t=29485000 reason=active_set_shrank flow=43 batch=1 newest_batch=1 cur=3194081037 target=3222553847 ceiling=200000000000 old_side_present=1
CBAP_MIG_REPLAN t=29485000 reason=active_set_shrank flow=44 batch=1 newest_batch=1 cur=3198010233 target=3222553847 ceiling=200000000000 old_side_present=1
CBAP_MIG_REPLAN t=29485000 reason=active_set_shrank flow=45 batch=1 newest_batch=1 cur=3142219713 target=3222553847 ceiling=200000000000 old_side_present=1
CBAP_MIG_REPLAN t=29485000 reason=active_set_shrank flow=46 batch=1 newest_batch=1 cur=3193407107 target=3222553847 ceiling=200000000000 old_side_present=1
CBAP_MIG_REPLAN t=29485000 reason=active_set_shrank flow=47 batch=1 newest_batch=1 cur=3151389210 target=3222553847 ceiling=200000000000 old_side_present=1
CBAP_MIG_REPLAN t=29485000 reason=active_set_shrank flow=48 batch=1 newest_batch=1 cur=3198010114 target=3222553847 ceiling=200000000000 old_side_present=1
CBAP_MIG_REPLAN t=29485000 reason=active_set_shrank flow=49 batch=1 newest_batch=1 cur=3147173917 target=3222553847 ceiling=200000000000 old_side_present=1
CBAP_MIG_REPLAN t=29485000 reason=active_set_shrank flow=50 batch=1 newest_batch=1 cur=3149661234 target=3222553847 ceiling=200000000000 old_side_present=1
CBAP_MIG_REPLAN t=29485000 reason=active_set_shrank flow=51 batch=1 newest_batch=1 cur=3192203769 target=3222553847 ceiling=200000000000 old_side_present=1
CBAP_MIG_REPLAN t=29485000 reason=active_set_shrank flow=52 batch=1 newest_batch=1 cur=3201269050 target=3222553847 ceiling=200000000000 old_side_present=1
CBAP_MIG_REPLAN t=29485000 reason=active_set_shrank flow=53 batch=1 newest_batch=1 cur=3197191005 target=3222553847 ceiling=200000000000 old_side_present=1
CBAP_MIG_REPLAN t=29485000 reason=active_set_shrank flow=54 batch=1 newest_batch=1 cur=3150640543 target=3222553847 ceiling=200000000000 old_side_present=1
CBAP_MIG_REPLAN t=29485000 reason=active_set_shrank flow=55 batch=1 newest_batch=1 cur=3144242541 target=3222553847 ceiling=200000000000 old_side_present=1
CBAP_MIG_REPLAN t=29485000 reason=active_set_shrank flow=56 batch=1 newest_batch=1 cur=3149061091 target=3222553847 ceiling=200000000000 old_side_present=1
CBAP_MIG_REPLAN t=29485000 reason=active_set_shrank flow=58 batch=1 newest_batch=1 cur=3149981169 target=3222553847 ceiling=200000000000 old_side_present=1
CBAP_MIG_REPLAN t=29485000 reason=active_set_shrank flow=59 batch=1 newest_batch=1 cur=3193126207 target=3222553847 ceiling=200000000000 old_side_present=1
CBAP_MIG_REPLAN t=29485000 reason=active_set_shrank flow=60 batch=1 newest_batch=1 cur=3147399922 target=3222553847 ceiling=200000000000 old_side_present=1
CBAP_MIG_REPLAN t=29485000 reason=active_set_shrank flow=61 batch=1 newest_batch=1 cur=3160764976 target=3222553847 ceiling=200000000000 old_side_present=1
CBAP_MIG_REPLAN t=29485000 reason=active_set_shrank flow=62 batch=1 newest_batch=1 cur=3196937975 target=3222553847 ceiling=200000000000 old_side_present=1
CBAP_MIG_REPLAN t=29485000 reason=active_set_shrank flow=63 batch=1 newest_batch=1 cur=3151734056 target=3222553847 ceiling=200000000000 old_side_present=1
CBAP_MIG_REPLAN t=29485000 reason=active_set_shrank flow=64 batch=1 newest_batch=1 cur=3150390661 target=3222553847 ceiling=200000000000 old_side_present=1
CBAP_MIG t=29485000 epoch=5897 flow=0 side=old cur=2016614775 next=2011630342 tgt=2000000000 f=0.3 u=0 breach=0 end=converged
CBAP_MIG t=29485000 epoch=5897 flow=1 side=new cur=3201416646 next=3209977212 tgt=3222553847 f=0.405 u=0 breach=3 end=converged
CBAP_MIG t=29485000 epoch=5897 flow=2 side=new cur=3150173280 next=3179487409 tgt=3222553847 f=0.405 u=0 breach=3 end=
CBAP_MIG t=29485000 epoch=5897 flow=3 side=new cur=3196954857 next=3207322447 tgt=3222553847 f=0.405 u=0 breach=3 end=converged
CBAP_MIG t=29485000 epoch=5897 flow=4 side=new cur=3151820117 next=3180467277 tgt=3222553847 f=0.405 u=0 breach=3 end=
CBAP_MIG t=29485000 epoch=5897 flow=5 side=new cur=3145592933 next=3176762103 tgt=3222553847 f=0.405 u=0 breach=3 end=
CBAP_MIG t=29485000 epoch=5897 flow=6 side=new cur=3149842770 next=3179290756 tgt=3222553847 f=0.405 u=0 breach=3 end=
CBAP_MIG t=29485000 epoch=5897 flow=7 side=new cur=3150239097 next=3179526570 tgt=3222553847 f=0.405 u=0 breach=3 end=
CBAP_MIG t=29485000 epoch=5897 flow=8 side=new cur=3196797582 next=3207228869 tgt=3222553847 f=0.405 u=0 breach=3 end=converged
CBAP_MIG t=29485000 epoch=5897 flow=9 side=new cur=3156793629 next=3183426517 tgt=3222553847 f=0.405 u=0 breach=3 end=
CBAP_MIG t=29485000 epoch=5897 flow=10 side=new cur=3149379154 next=3179014904 tgt=3222553847 f=0.405 u=0 breach=3 end=
CBAP_MIG t=29485000 epoch=5897 flow=11 side=new cur=3199565612 next=3208875847 tgt=3222553847 f=0.405 u=0 breach=3 end=converged
CBAP_MIG t=29485000 epoch=5897 flow=12 side=new cur=3193437235 next=3205229462 tgt=3222553847 f=0.405 u=0 breach=3 end=converged
CBAP_MIG t=29485000 epoch=5897 flow=13 side=new cur=3148602695 next=3178552911 tgt=3222553847 f=0.405 u=0 breach=3 end=
CBAP_MIG t=29485000 epoch=5897 flow=14 side=new cur=3140455687 next=3173705441 tgt=3222553847 f=0.405 u=0 breach=3 end=
CBAP_MIG t=29485000 epoch=5897 flow=15 side=new cur=3146106668 next=3177067775 tgt=3222553847 f=0.405 u=0 breach=3 end=
CBAP_MIG t=29485000 epoch=5897 flow=16 side=new cur=3144631782 next=3176190218 tgt=3222553847 f=0.405 u=0 breach=3 end=
CBAP_MIG t=29485000 epoch=5897 flow=17 side=new cur=3196124519 next=3206828396 tgt=3222553847 f=0.405 u=0 breach=3 end=converged
CBAP_MIG t=29485000 epoch=5897 flow=18 side=new cur=3142286274 next=3174794641 tgt=3222553847 f=0.405 u=0 breach=3 end=
CBAP_MIG t=29485000 epoch=5897 flow=19 side=new cur=3148619811 next=3178563095 tgt=3222553847 f=0.405 u=0 breach=3 end=
CBAP_MIG t=29485000 epoch=5897 flow=20 side=new cur=3164141449 next=3187798470 tgt=3222553847 f=0.405 u=0 breach=3 end=
CBAP_MIG t=29485000 epoch=5897 flow=21 side=new cur=3199093400 next=3208594881 tgt=3222553847 f=0.405 u=0 breach=3 end=converged
CBAP_MIG t=29485000 epoch=5897 flow=22 side=new cur=3148777550 next=3178656950 tgt=3222553847 f=0.405 u=0 breach=3 end=
CBAP_MIG t=29485000 epoch=5897 flow=23 side=new cur=3150534725 next=3179702469 tgt=3222553847 f=0.405 u=0 breach=3 end=
CBAP_MIG t=29485000 epoch=5897 flow=24 side=new cur=3201491436 next=3210021712 tgt=3222553847 f=0.405 u=0 breach=3 end=converged
CBAP_MIG t=29485000 epoch=5897 flow=25 side=new cur=3196656785 next=3207145095 tgt=3222553847 f=0.405 u=0 breach=3 end=converged
CBAP_MIG t=29485000 epoch=5897 flow=26 side=new cur=3141605433 next=3174389540 tgt=3222553847 f=0.405 u=0 breach=3 end=
CBAP_MIG t=29485000 epoch=5897 flow=27 side=new cur=3194796137 next=3206038009 tgt=3222553847 f=0.405 u=0 breach=3 end=converged
CBAP_MIG t=29485000 epoch=5897 flow=28 side=new cur=3143459221 next=3175492544 tgt=3222553847 f=0.405 u=0 breach=3 end=
CBAP_MIG t=29485000 epoch=5897 flow=29 side=new cur=3160341055 next=3185537235 tgt=3222553847 f=0.405 u=0 breach=3 end=
CBAP_MIG t=29485000 epoch=5897 flow=30 side=new cur=3193176525 next=3205074340 tgt=3222553847 f=0.405 u=0 breach=3 end=converged
CBAP_MIG t=29485000 epoch=5897 flow=31 side=new cur=3199554650 next=3208869324 tgt=3222553847 f=0.405 u=0 breach=3 end=converged
CBAP_MIG t=29485000 epoch=5897 flow=32 side=new cur=3178086123 next=3196095551 tgt=3222553847 f=0.405 u=0 breach=3 end=converged
CBAP_MIG t=29485000 epoch=5897 flow=33 side=new cur=3145230882 next=3176546682 tgt=3222553847 f=0.405 u=0 breach=3 end=
CBAP_MIG t=29485000 epoch=5897 flow=34 side=new cur=3196432342 next=3207011551 tgt=3222553847 f=0.405 u=0 breach=3 end=converged
CBAP_MIG t=29485000 epoch=5897 flow=35 side=new cur=3145002718 next=3176410925 tgt=3222553847 f=0.405 u=0 breach=3 end=
CBAP_MIG t=29485000 epoch=5897 flow=37 side=new cur=3139288525 next=3173010980 tgt=3222553847 f=0.405 u=0 breach=3 end=
CBAP_MIG t=29485000 epoch=5897 flow=38 side=new cur=3150087240 next=3179436215 tgt=3222553847 f=0.405 u=0 breach=3 end=
CBAP_MIG t=29485000 epoch=5897 flow=39 side=new cur=3141619872 next=3174398131 tgt=3222553847 f=0.405 u=0 breach=3 end=
CBAP_MIG t=29485000 epoch=5897 flow=40 side=new cur=3142232601 next=3174762705 tgt=3222553847 f=0.405 u=0 breach=3 end=
CBAP_MIG t=29485000 epoch=5897 flow=41 side=new cur=3195144277 next=3206245152 tgt=3222553847 f=0.405 u=0 breach=3 end=converged
CBAP_MIG t=29485000 epoch=5897 flow=42 side=new cur=3177534508 next=3195767340 tgt=3222553847 f=0.405 u=0 breach=3 end=converged
CBAP_MIG t=29485000 epoch=5897 flow=43 side=new cur=3194081037 next=3205612525 tgt=3222553847 f=0.405 u=0 breach=3 end=converged
CBAP_MIG t=29485000 epoch=5897 flow=44 side=new cur=3198010233 next=3207950396 tgt=3222553847 f=0.405 u=0 breach=3 end=converged
CBAP_MIG t=29485000 epoch=5897 flow=45 side=new cur=3142219713 next=3174755037 tgt=3222553847 f=0.405 u=0 breach=3 end=
CBAP_MIG t=29485000 epoch=5897 flow=46 side=new cur=3193407107 next=3205211536 tgt=3222553847 f=0.405 u=0 breach=3 end=converged
CBAP_MIG t=29485000 epoch=5897 flow=47 side=new cur=3151389210 next=3180210887 tgt=3222553847 f=0.405 u=0 breach=3 end=
CBAP_MIG t=29485000 epoch=5897 flow=48 side=new cur=3198010114 next=3207950325 tgt=3222553847 f=0.405 u=0 breach=3 end=converged
CBAP_MIG t=29485000 epoch=5897 flow=49 side=new cur=3147173917 next=3177702788 tgt=3222553847 f=0.405 u=0 breach=3 end=
CBAP_MIG t=29485000 epoch=5897 flow=50 side=new cur=3149661234 next=3179182742 tgt=3222553847 f=0.405 u=0 breach=3 end=
CBAP_MIG t=29485000 epoch=5897 flow=51 side=new cur=3192203769 next=3204495550 tgt=3222553847 f=0.405 u=0 breach=3 end=converged
CBAP_MIG t=29485000 epoch=5897 flow=52 side=new cur=3201269050 next=3209889392 tgt=3222553847 f=0.405 u=0 breach=3 end=converged
CBAP_MIG t=29485000 epoch=5897 flow=53 side=new cur=3197191005 next=3207462956 tgt=3222553847 f=0.405 u=0 breach=3 end=converged
CBAP_MIG t=29485000 epoch=5897 flow=54 side=new cur=3150640543 next=3179765431 tgt=3222553847 f=0.405 u=0 breach=3 end=
CBAP_MIG t=29485000 epoch=5897 flow=55 side=new cur=3144242541 next=3175958619 tgt=3222553847 f=0.405 u=0 breach=3 end=
CBAP_MIG t=29485000 epoch=5897 flow=56 side=new cur=3149061091 next=3178825657 tgt=3222553847 f=0.405 u=0 breach=3 end=
CBAP_MIG t=29485000 epoch=5897 flow=58 side=new cur=3149981169 next=3179373103 tgt=3222553847 f=0.405 u=0 breach=3 end=
CBAP_MIG t=29485000 epoch=5897 flow=59 side=new cur=3193126207 next=3205044401 tgt=3222553847 f=0.405 u=0 breach=3 end=converged
CBAP_MIG t=29485000 epoch=5897 flow=60 side=new cur=3147399922 next=3177837261 tgt=3222553847 f=0.405 u=0 breach=3 end=
CBAP_MIG t=29485000 epoch=5897 flow=61 side=new cur=3160764976 next=3185789468 tgt=3222553847 f=0.405 u=0 breach=3 end=
CBAP_MIG t=29485000 epoch=5897 flow=62 side=new cur=3196937975 next=3207312403 tgt=3222553847 f=0.405 u=0 breach=3 end=converged
CBAP_MIG t=29485000 epoch=5897 flow=63 side=new cur=3151734056 next=3180416071 tgt=3222553847 f=0.405 u=0 breach=3 end=
CBAP_MIG t=29485000 epoch=5897 flow=64 side=new cur=3150390661 next=3179616751 tgt=3222553847 f=0.405 u=0 breach=3 end=
CBAP_MIG t=29490000 epoch=5898 flow=2 side=new cur=3179487409 next=3196929316 tgt=3222553847 f=0.405 u=0 breach=3 end=converged
CBAP_MIG t=29490000 epoch=5898 flow=4 side=new cur=3180467277 next=3197512337 tgt=3222553847 f=0.405 u=0 breach=3 end=converged
CBAP_MIG t=29490000 epoch=5898 flow=5 side=new cur=3176762103 next=3195307759 tgt=3222553847 f=0.405 u=0 breach=3 end=converged
CBAP_MIG t=29490000 epoch=5898 flow=6 side=new cur=3179290756 next=3196812307 tgt=3222553847 f=0.405 u=0 breach=3 end=converged
CBAP_MIG t=29490000 epoch=5898 flow=7 side=new cur=3179526570 next=3196952617 tgt=3222553847 f=0.405 u=0 breach=3 end=converged
CBAP_MIG t=29490000 epoch=5898 flow=9 side=new cur=3183426517 next=3199273085 tgt=3222553847 f=0.405 u=0 breach=3 end=converged
CBAP_MIG t=29490000 epoch=5898 flow=10 side=new cur=3179014904 next=3196648175 tgt=3222553847 f=0.405 u=0 breach=3 end=converged
CBAP_MIG t=29490000 epoch=5898 flow=13 side=new cur=3178552911 next=3196373290 tgt=3222553847 f=0.405 u=0 breach=3 end=converged
CBAP_MIG t=29490000 epoch=5898 flow=14 side=new cur=3173705441 next=3193489045 tgt=3222553847 f=0.405 u=0 breach=3 end=converged
CBAP_MIG t=29490000 epoch=5898 flow=15 side=new cur=3177067775 next=3195489634 tgt=3222553847 f=0.405 u=0 breach=3 end=converged
CBAP_MIG t=29490000 epoch=5898 flow=16 side=new cur=3176190218 next=3194967487 tgt=3222553847 f=0.405 u=0 breach=3 end=converged
CBAP_MIG t=29490000 epoch=5898 flow=18 side=new cur=3174794641 next=3194137119 tgt=3222553847 f=0.405 u=0 breach=3 end=converged
CBAP_MIG t=29490000 epoch=5898 flow=19 side=new cur=3178563095 next=3196379349 tgt=3222553847 f=0.405 u=0 breach=3 end=converged
CBAP_MIG t=29490000 epoch=5898 flow=20 side=new cur=3187798470 next=3201874397 tgt=3222553847 f=0.405 u=0 breach=3 end=converged
CBAP_MIG t=29490000 epoch=5898 flow=22 side=new cur=3178656950 next=3196435193 tgt=3222553847 f=0.405 u=0 breach=3 end=converged
CBAP_MIG t=29490000 epoch=5898 flow=23 side=new cur=3179702469 next=3197057277 tgt=3222553847 f=0.405 u=0 breach=3 end=converged
CBAP_MIG t=29490000 epoch=5898 flow=26 side=new cur=3174389540 next=3193896084 tgt=3222553847 f=0.405 u=0 breach=3 end=converged
CBAP_MIG t=29490000 epoch=5898 flow=28 side=new cur=3175492544 next=3194552371 tgt=3222553847 f=0.405 u=0 breach=3 end=converged
CBAP_MIG t=29490000 epoch=5898 flow=29 side=new cur=3185537235 next=3200528962 tgt=3222553847 f=0.405 u=0 breach=3 end=converged
CBAP_MIG t=29490000 epoch=5898 flow=33 side=new cur=3176546682 next=3195179583 tgt=3222553847 f=0.405 u=0 breach=3 end=converged
CBAP_MIG t=29490000 epoch=5898 flow=35 side=new cur=3176410925 next=3195098808 tgt=3222553847 f=0.405 u=0 breach=3 end=converged
CBAP_MIG t=29490000 epoch=5898 flow=37 side=new cur=3173010980 next=3193075841 tgt=3222553847 f=0.405 u=0 breach=3 end=converged
CBAP_MIG t=29490000 epoch=5898 flow=38 side=new cur=3179436215 next=3196898855 tgt=3222553847 f=0.405 u=0 breach=3 end=converged
CBAP_MIG t=29490000 epoch=5898 flow=39 side=new cur=3174398131 next=3193901195 tgt=3222553847 f=0.405 u=0 breach=3 end=converged
CBAP_MIG t=29490000 epoch=5898 flow=40 side=new cur=3174762705 next=3194118117 tgt=3222553847 f=0.405 u=0 breach=3 end=converged
CBAP_MIG t=29490000 epoch=5898 flow=45 side=new cur=3174755037 next=3194113555 tgt=3222553847 f=0.405 u=0 breach=3 end=converged
CBAP_MIG t=29490000 epoch=5898 flow=47 side=new cur=3180210887 next=3197359785 tgt=3222553847 f=0.405 u=0 breach=3 end=converged
CBAP_MIG t=29490000 epoch=5898 flow=49 side=new cur=3177702788 next=3195867466 tgt=3222553847 f=0.405 u=0 breach=3 end=converged
CBAP_MIG t=29490000 epoch=5898 flow=50 side=new cur=3179182742 next=3196748039 tgt=3222553847 f=0.405 u=0 breach=3 end=converged
CBAP_MIG t=29490000 epoch=5898 flow=54 side=new cur=3179765431 next=3197094739 tgt=3222553847 f=0.405 u=0 breach=3 end=converged
CBAP_MIG t=29490000 epoch=5898 flow=55 side=new cur=3175958619 next=3194829686 tgt=3222553847 f=0.405 u=0 breach=3 end=converged
CBAP_MIG t=29490000 epoch=5898 flow=56 side=new cur=3178825657 next=3196535573 tgt=3222553847 f=0.405 u=0 breach=3 end=converged
CBAP_MIG t=29490000 epoch=5898 flow=58 side=new cur=3179373103 next=3196861304 tgt=3222553847 f=0.405 u=0 breach=3 end=converged
CBAP_MIG t=29490000 epoch=5898 flow=60 side=new cur=3177837261 next=3195947478 tgt=3222553847 f=0.405 u=0 breach=3 end=converged
CBAP_MIG t=29490000 epoch=5898 flow=61 side=new cur=3185789468 next=3200679041 tgt=3222553847 f=0.405 u=0 breach=3 end=converged
CBAP_MIG t=29490000 epoch=5898 flow=63 side=new cur=3180416071 next=3197481870 tgt=3222553847 f=0.405 u=0 breach=3 end=converged
CBAP_MIG t=29490000 epoch=5898 flow=64 side=new cur=3179616751 next=3197006274 tgt=3222553847 f=0.405 u=0 breach=3 end=converged
CBAP_MIG_REPLAN t=29615000 reason=active_set_shrank flow=0 batch=0 newest_batch=1 cur=2011630342 target=2000000000 ceiling=190000000000 old_side_present=1
CBAP_MIG_REPLAN t=29615000 reason=active_set_shrank flow=1 batch=1 newest_batch=1 cur=3209977212 target=3275390769 ceiling=200000000000 old_side_present=1
CBAP_MIG_REPLAN t=29615000 reason=active_set_shrank flow=2 batch=1 newest_batch=1 cur=3196929316 target=3275390769 ceiling=200000000000 old_side_present=1
CBAP_MIG_REPLAN t=29615000 reason=active_set_shrank flow=3 batch=1 newest_batch=1 cur=3207322447 target=3275390769 ceiling=200000000000 old_side_present=1
CBAP_MIG_REPLAN t=29615000 reason=active_set_shrank flow=4 batch=1 newest_batch=1 cur=3197512337 target=3275390769 ceiling=200000000000 old_side_present=1
CBAP_MIG_REPLAN t=29615000 reason=active_set_shrank flow=5 batch=1 newest_batch=1 cur=3195307759 target=3275390769 ceiling=200000000000 old_side_present=1
CBAP_MIG_REPLAN t=29615000 reason=active_set_shrank flow=6 batch=1 newest_batch=1 cur=3196812307 target=3275390769 ceiling=200000000000 old_side_present=1
CBAP_MIG_REPLAN t=29615000 reason=active_set_shrank flow=7 batch=1 newest_batch=1 cur=3196952617 target=3275390769 ceiling=200000000000 old_side_present=1
CBAP_MIG_REPLAN t=29615000 reason=active_set_shrank flow=8 batch=1 newest_batch=1 cur=3207228869 target=3275390769 ceiling=200000000000 old_side_present=1
CBAP_MIG_REPLAN t=29615000 reason=active_set_shrank flow=9 batch=1 newest_batch=1 cur=3199273085 target=3275390769 ceiling=200000000000 old_side_present=1
CBAP_MIG_REPLAN t=29615000 reason=active_set_shrank flow=10 batch=1 newest_batch=1 cur=3196648175 target=3275390769 ceiling=200000000000 old_side_present=1
CBAP_MIG_REPLAN t=29615000 reason=active_set_shrank flow=11 batch=1 newest_batch=1 cur=3208875847 target=3275390769 ceiling=200000000000 old_side_present=1
CBAP_MIG_REPLAN t=29615000 reason=active_set_shrank flow=12 batch=1 newest_batch=1 cur=3205229462 target=3275390769 ceiling=200000000000 old_side_present=1
CBAP_MIG_REPLAN t=29615000 reason=active_set_shrank flow=13 batch=1 newest_batch=1 cur=3196373290 target=3275390769 ceiling=200000000000 old_side_present=1
CBAP_MIG_REPLAN t=29615000 reason=active_set_shrank flow=14 batch=1 newest_batch=1 cur=3193489045 target=3275390769 ceiling=200000000000 old_side_present=1
CBAP_MIG_REPLAN t=29615000 reason=active_set_shrank flow=15 batch=1 newest_batch=1 cur=3195489634 target=3275390769 ceiling=200000000000 old_side_present=1
CBAP_MIG_REPLAN t=29615000 reason=active_set_shrank flow=16 batch=1 newest_batch=1 cur=3194967487 target=3275390769 ceiling=200000000000 old_side_present=1
CBAP_MIG_REPLAN t=29615000 reason=active_set_shrank flow=17 batch=1 newest_batch=1 cur=3206828396 target=3275390769 ceiling=200000000000 old_side_present=1
CBAP_MIG_REPLAN t=29615000 reason=active_set_shrank flow=18 batch=1 newest_batch=1 cur=3194137119 target=3275390769 ceiling=200000000000 old_side_present=1
CBAP_MIG_REPLAN t=29615000 reason=active_set_shrank flow=19 batch=1 newest_batch=1 cur=3196379349 target=3275390769 ceiling=200000000000 old_side_present=1
CBAP_MIG_REPLAN t=29615000 reason=active_set_shrank flow=20 batch=1 newest_batch=1 cur=3201874397 target=3275390769 ceiling=200000000000 old_side_present=1
CBAP_MIG_REPLAN t=29615000 reason=active_set_shrank flow=21 batch=1 newest_batch=1 cur=3208594881 target=3275390769 ceiling=200000000000 old_side_present=1
CBAP_MIG_REPLAN t=29615000 reason=active_set_shrank flow=22 batch=1 newest_batch=1 cur=3196435193 target=3275390769 ceiling=200000000000 old_side_present=1
CBAP_MIG_REPLAN t=29615000 reason=active_set_shrank flow=23 batch=1 newest_batch=1 cur=3197057277 target=3275390769 ceiling=200000000000 old_side_present=1
CBAP_MIG_REPLAN t=29615000 reason=active_set_shrank flow=24 batch=1 newest_batch=1 cur=3210021712 target=3275390769 ceiling=200000000000 old_side_present=1
CBAP_MIG_REPLAN t=29615000 reason=active_set_shrank flow=25 batch=1 newest_batch=1 cur=3207145095 target=3275390769 ceiling=200000000000 old_side_present=1
CBAP_MIG_REPLAN t=29615000 reason=active_set_shrank flow=26 batch=1 newest_batch=1 cur=3193896084 target=3275390769 ceiling=200000000000 old_side_present=1
CBAP_MIG_REPLAN t=29615000 reason=active_set_shrank flow=27 batch=1 newest_batch=1 cur=3206038009 target=3275390769 ceiling=200000000000 old_side_present=1
CBAP_MIG_REPLAN t=29615000 reason=active_set_shrank flow=28 batch=1 newest_batch=1 cur=3194552371 target=3275390769 ceiling=200000000000 old_side_present=1
CBAP_MIG_REPLAN t=29615000 reason=active_set_shrank flow=29 batch=1 newest_batch=1 cur=3200528962 target=3275390769 ceiling=200000000000 old_side_present=1
CBAP_MIG_REPLAN t=29615000 reason=active_set_shrank flow=30 batch=1 newest_batch=1 cur=3205074340 target=3275390769 ceiling=200000000000 old_side_present=1
CBAP_MIG_REPLAN t=29615000 reason=active_set_shrank flow=31 batch=1 newest_batch=1 cur=3208869324 target=3275390769 ceiling=200000000000 old_side_present=1
CBAP_MIG_REPLAN t=29615000 reason=active_set_shrank flow=32 batch=1 newest_batch=1 cur=3196095551 target=3275390769 ceiling=200000000000 old_side_present=1
CBAP_MIG_REPLAN t=29615000 reason=active_set_shrank flow=33 batch=1 newest_batch=1 cur=3195179583 target=3275390769 ceiling=200000000000 old_side_present=1
CBAP_MIG_REPLAN t=29615000 reason=active_set_shrank flow=34 batch=1 newest_batch=1 cur=3207011551 target=3275390769 ceiling=200000000000 old_side_present=1
CBAP_MIG_REPLAN t=29615000 reason=active_set_shrank flow=35 batch=1 newest_batch=1 cur=3195098808 target=3275390769 ceiling=200000000000 old_side_present=1
CBAP_MIG_REPLAN t=29615000 reason=active_set_shrank flow=37 batch=1 newest_batch=1 cur=3193075841 target=3275390769 ceiling=200000000000 old_side_present=1
CBAP_MIG_REPLAN t=29615000 reason=active_set_shrank flow=38 batch=1 newest_batch=1 cur=3196898855 target=3275390769 ceiling=200000000000 old_side_present=1
CBAP_MIG_REPLAN t=29615000 reason=active_set_shrank flow=39 batch=1 newest_batch=1 cur=3193901195 target=3275390769 ceiling=200000000000 old_side_present=1
CBAP_MIG_REPLAN t=29615000 reason=active_set_shrank flow=40 batch=1 newest_batch=1 cur=3194118117 target=3275390769 ceiling=200000000000 old_side_present=1
CBAP_MIG_REPLAN t=29615000 reason=active_set_shrank flow=41 batch=1 newest_batch=1 cur=3206245152 target=3275390769 ceiling=200000000000 old_side_present=1
CBAP_MIG_REPLAN t=29615000 reason=active_set_shrank flow=42 batch=1 newest_batch=1 cur=3195767340 target=3275390769 ceiling=200000000000 old_side_present=1
CBAP_MIG_REPLAN t=29615000 reason=active_set_shrank flow=43 batch=1 newest_batch=1 cur=3205612525 target=3275390769 ceiling=200000000000 old_side_present=1
CBAP_MIG_REPLAN t=29615000 reason=active_set_shrank flow=44 batch=1 newest_batch=1 cur=3207950396 target=3275390769 ceiling=200000000000 old_side_present=1
CBAP_MIG_REPLAN t=29615000 reason=active_set_shrank flow=45 batch=1 newest_batch=1 cur=3194113555 target=3275390769 ceiling=200000000000 old_side_present=1
CBAP_MIG_REPLAN t=29615000 reason=active_set_shrank flow=46 batch=1 newest_batch=1 cur=3205211536 target=3275390769 ceiling=200000000000 old_side_present=1
CBAP_MIG_REPLAN t=29615000 reason=active_set_shrank flow=47 batch=1 newest_batch=1 cur=3197359785 target=3275390769 ceiling=200000000000 old_side_present=1
CBAP_MIG_REPLAN t=29615000 reason=active_set_shrank flow=49 batch=1 newest_batch=1 cur=3195867466 target=3275390769 ceiling=200000000000 old_side_present=1
CBAP_MIG_REPLAN t=29615000 reason=active_set_shrank flow=50 batch=1 newest_batch=1 cur=3196748039 target=3275390769 ceiling=200000000000 old_side_present=1
CBAP_MIG_REPLAN t=29615000 reason=active_set_shrank flow=51 batch=1 newest_batch=1 cur=3204495550 target=3275390769 ceiling=200000000000 old_side_present=1
CBAP_MIG_REPLAN t=29615000 reason=active_set_shrank flow=52 batch=1 newest_batch=1 cur=3209889392 target=3275390769 ceiling=200000000000 old_side_present=1
CBAP_MIG_REPLAN t=29615000 reason=active_set_shrank flow=53 batch=1 newest_batch=1 cur=3207462956 target=3275390769 ceiling=200000000000 old_side_present=1
CBAP_MIG_REPLAN t=29615000 reason=active_set_shrank flow=54 batch=1 newest_batch=1 cur=3197094739 target=3275390769 ceiling=200000000000 old_side_present=1
CBAP_MIG_REPLAN t=29615000 reason=active_set_shrank flow=55 batch=1 newest_batch=1 cur=3194829686 target=3275390769 ceiling=200000000000 old_side_present=1
CBAP_MIG_REPLAN t=29615000 reason=active_set_shrank flow=56 batch=1 newest_batch=1 cur=3196535573 target=3275390769 ceiling=200000000000 old_side_present=1
CBAP_MIG_REPLAN t=29615000 reason=active_set_shrank flow=58 batch=1 newest_batch=1 cur=3196861304 target=3275390769 ceiling=200000000000 old_side_present=1
CBAP_MIG_REPLAN t=29615000 reason=active_set_shrank flow=59 batch=1 newest_batch=1 cur=3205044401 target=3275390769 ceiling=200000000000 old_side_present=1
CBAP_MIG_REPLAN t=29615000 reason=active_set_shrank flow=60 batch=1 newest_batch=1 cur=3195947478 target=3275390769 ceiling=200000000000 old_side_present=1
CBAP_MIG_REPLAN t=29615000 reason=active_set_shrank flow=61 batch=1 newest_batch=1 cur=3200679041 target=3275390769 ceiling=200000000000 old_side_present=1
CBAP_MIG_REPLAN t=29615000 reason=active_set_shrank flow=62 batch=1 newest_batch=1 cur=3207312403 target=3275390769 ceiling=200000000000 old_side_present=1
CBAP_MIG_REPLAN t=29615000 reason=active_set_shrank flow=63 batch=1 newest_batch=1 cur=3197481870 target=3275390769 ceiling=200000000000 old_side_present=1
CBAP_MIG_REPLAN t=29615000 reason=active_set_shrank flow=64 batch=1 newest_batch=1 cur=3197006274 target=3275390769 ceiling=200000000000 old_side_present=1
CBAP_MIG t=29615000 epoch=5923 flow=0 side=old cur=2011630342 next=2008141239 tgt=2000000000 f=0.3 u=0 breach=0 end=converged
CBAP_MIG t=29615000 epoch=5923 flow=1 side=new cur=3209977212 next=3236469702 tgt=3275390769 f=0.405 u=0 breach=3 end=
CBAP_MIG t=29615000 epoch=5923 flow=2 side=new cur=3196929316 next=3228706204 tgt=3275390769 f=0.405 u=0 breach=3 end=
CBAP_MIG t=29615000 epoch=5923 flow=3 side=new cur=3207322447 next=3234890117 tgt=3275390769 f=0.405 u=0 breach=3 end=
CBAP_MIG t=29615000 epoch=5923 flow=4 side=new cur=3197512337 next=3229053101 tgt=3275390769 f=0.405 u=0 breach=3 end=
CBAP_MIG t=29615000 epoch=5923 flow=5 side=new cur=3195307759 next=3227741378 tgt=3275390769 f=0.405 u=0 breach=3 end=
CBAP_MIG t=29615000 epoch=5923 flow=6 side=new cur=3196812307 next=3228636584 tgt=3275390769 f=0.405 u=0 breach=3 end=
CBAP_MIG t=29615000 epoch=5923 flow=7 side=new cur=3196952617 next=3228720068 tgt=3275390769 f=0.405 u=0 breach=3 end=
CBAP_MIG t=29615000 epoch=5923 flow=8 side=new cur=3207228869 next=3234834438 tgt=3275390769 f=0.405 u=0 breach=3 end=
CBAP_MIG t=29615000 epoch=5923 flow=9 side=new cur=3199273085 next=3230100747 tgt=3275390769 f=0.405 u=0 breach=3 end=
CBAP_MIG t=29615000 epoch=5923 flow=10 side=new cur=3196648175 next=3228538925 tgt=3275390769 f=0.405 u=0 breach=3 end=
CBAP_MIG t=29615000 epoch=5923 flow=11 side=new cur=3208875847 next=3235814390 tgt=3275390769 f=0.405 u=0 breach=3 end=
CBAP_MIG t=29615000 epoch=5923 flow=12 side=new cur=3205229462 next=3233644791 tgt=3275390769 f=0.405 u=0 breach=3 end=
CBAP_MIG t=29615000 epoch=5923 flow=13 side=new cur=3196373290 next=3228375368 tgt=3275390769 f=0.405 u=0 breach=3 end=
CBAP_MIG t=29615000 epoch=5923 flow=14 side=new cur=3193489045 next=3226659243 tgt=3275390769 f=0.405 u=0 breach=3 end=
CBAP_MIG t=29615000 epoch=5923 flow=15 side=new cur=3195489634 next=3227849593 tgt=3275390769 f=0.405 u=0 breach=3 end=
CBAP_MIG t=29615000 epoch=5923 flow=16 side=new cur=3194967487 next=3227538916 tgt=3275390769 f=0.405 u=0 breach=3 end=
CBAP_MIG t=29615000 epoch=5923 flow=17 side=new cur=3206828396 next=3234596157 tgt=3275390769 f=0.405 u=0 breach=3 end=
CBAP_MIG t=29615000 epoch=5923 flow=18 side=new cur=3194137119 next=3227044847 tgt=3275390769 f=0.405 u=0 breach=3 end=
CBAP_MIG t=29615000 epoch=5923 flow=19 side=new cur=3196379349 next=3228378974 tgt=3275390769 f=0.405 u=0 breach=3 end=
CBAP_MIG t=29615000 epoch=5923 flow=20 side=new cur=3201874397 next=3231648527 tgt=3275390769 f=0.405 u=0 breach=3 end=
CBAP_MIG t=29615000 epoch=5923 flow=21 side=new cur=3208594881 next=3235647215 tgt=3275390769 f=0.405 u=0 breach=3 end=
CBAP_MIG t=29615000 epoch=5923 flow=22 side=new cur=3196435193 next=3228412201 tgt=3275390769 f=0.405 u=0 breach=3 end=
CBAP_MIG t=29615000 epoch=5923 flow=23 side=new cur=3197057277 next=3228782341 tgt=3275390769 f=0.405 u=0 breach=3 end=
CBAP_MIG t=29615000 epoch=5923 flow=24 side=new cur=3210021712 next=3236496180 tgt=3275390769 f=0.405 u=0 breach=3 end=
CBAP_MIG t=29615000 epoch=5923 flow=25 side=new cur=3207145095 next=3234784592 tgt=3275390769 f=0.405 u=0 breach=3 end=
CBAP_MIG t=29615000 epoch=5923 flow=26 side=new cur=3193896084 next=3226901431 tgt=3275390769 f=0.405 u=0 breach=3 end=
CBAP_MIG t=29615000 epoch=5923 flow=27 side=new cur=3206038009 next=3234125876 tgt=3275390769 f=0.405 u=0 breach=3 end=
CBAP_MIG t=29615000 epoch=5923 flow=28 side=new cur=3194552371 next=3227291922 tgt=3275390769 f=0.405 u=0 breach=3 end=
CBAP_MIG t=29615000 epoch=5923 flow=29 side=new cur=3200528962 next=3230847993 tgt=3275390769 f=0.405 u=0 breach=3 end=
CBAP_MIG t=29615000 epoch=5923 flow=30 side=new cur=3205074340 next=3233552493 tgt=3275390769 f=0.405 u=0 breach=3 end=
CBAP_MIG t=29615000 epoch=5923 flow=31 side=new cur=3208869324 next=3235810509 tgt=3275390769 f=0.405 u=0 breach=3 end=
CBAP_MIG t=29615000 epoch=5923 flow=32 side=new cur=3196095551 next=3228210114 tgt=3275390769 f=0.405 u=0 breach=3 end=
CBAP_MIG t=29615000 epoch=5923 flow=33 side=new cur=3195179583 next=3227665113 tgt=3275390769 f=0.405 u=0 breach=3 end=
CBAP_MIG t=29615000 epoch=5923 flow=34 side=new cur=3207011551 next=3234705134 tgt=3275390769 f=0.405 u=0 breach=3 end=
CBAP_MIG t=29615000 epoch=5923 flow=35 side=new cur=3195098808 next=3227617052 tgt=3275390769 f=0.405 u=0 breach=3 end=
CBAP_MIG t=29615000 epoch=5923 flow=37 side=new cur=3193075841 next=3226413386 tgt=3275390769 f=0.405 u=0 breach=3 end=
CBAP_MIG t=29615000 epoch=5923 flow=38 side=new cur=3196898855 next=3228688080 tgt=3275390769 f=0.405 u=0 breach=3 end=
CBAP_MIG t=29615000 epoch=5923 flow=39 side=new cur=3193901195 next=3226904472 tgt=3275390769 f=0.405 u=0 breach=3 end=
CBAP_MIG t=29615000 epoch=5923 flow=40 side=new cur=3194118117 next=3227033541 tgt=3275390769 f=0.405 u=0 breach=3 end=
CBAP_MIG t=29615000 epoch=5923 flow=41 side=new cur=3206245152 next=3234249126 tgt=3275390769 f=0.405 u=0 breach=3 end=
CBAP_MIG t=29615000 epoch=5923 flow=42 side=new cur=3195767340 next=3228014828 tgt=3275390769 f=0.405 u=0 breach=3 end=
CBAP_MIG t=29615000 epoch=5923 flow=43 side=new cur=3205612525 next=3233872713 tgt=3275390769 f=0.405 u=0 breach=3 end=
CBAP_MIG t=29615000 epoch=5923 flow=44 side=new cur=3207950396 next=3235263747 tgt=3275390769 f=0.405 u=0 breach=3 end=
CBAP_MIG t=29615000 epoch=5923 flow=45 side=new cur=3194113555 next=3227030826 tgt=3275390769 f=0.405 u=0 breach=3 end=
CBAP_MIG t=29615000 epoch=5923 flow=46 side=new cur=3205211536 next=3233634125 tgt=3275390769 f=0.405 u=0 breach=3 end=
CBAP_MIG t=29615000 epoch=5923 flow=47 side=new cur=3197359785 next=3228962333 tgt=3275390769 f=0.405 u=0 breach=3 end=
CBAP_MIG t=29615000 epoch=5923 flow=49 side=new cur=3195867466 next=3228074403 tgt=3275390769 f=0.405 u=0 breach=3 end=
CBAP_MIG t=29615000 epoch=5923 flow=50 side=new cur=3196748039 next=3228598344 tgt=3275390769 f=0.405 u=0 breach=3 end=
CBAP_MIG t=29615000 epoch=5923 flow=51 side=new cur=3204495550 next=3233208113 tgt=3275390769 f=0.405 u=0 breach=3 end=
CBAP_MIG t=29615000 epoch=5923 flow=52 side=new cur=3209889392 next=3236417449 tgt=3275390769 f=0.405 u=0 breach=3 end=
CBAP_MIG t=29615000 epoch=5923 flow=53 side=new cur=3207462956 next=3234973720 tgt=3275390769 f=0.405 u=0 breach=3 end=
CBAP_MIG t=29615000 epoch=5923 flow=54 side=new cur=3197094739 next=3228804631 tgt=3275390769 f=0.405 u=0 breach=3 end=
CBAP_MIG t=29615000 epoch=5923 flow=55 side=new cur=3194829686 next=3227456924 tgt=3275390769 f=0.405 u=0 breach=3 end=
CBAP_MIG t=29615000 epoch=5923 flow=56 side=new cur=3196535573 next=3228471927 tgt=3275390769 f=0.405 u=0 breach=3 end=
CBAP_MIG t=29615000 epoch=5923 flow=58 side=new cur=3196861304 next=3228665737 tgt=3275390769 f=0.405 u=0 breach=3 end=
CBAP_MIG t=29615000 epoch=5923 flow=59 side=new cur=3205044401 next=3233534680 tgt=3275390769 f=0.405 u=0 breach=3 end=
CBAP_MIG t=29615000 epoch=5923 flow=60 side=new cur=3195947478 next=3228122010 tgt=3275390769 f=0.405 u=0 breach=3 end=
CBAP_MIG t=29615000 epoch=5923 flow=61 side=new cur=3200679041 next=3230937290 tgt=3275390769 f=0.405 u=0 breach=3 end=
CBAP_MIG t=29615000 epoch=5923 flow=62 side=new cur=3207312403 next=3234884141 tgt=3275390769 f=0.405 u=0 breach=3 end=
CBAP_MIG t=29615000 epoch=5923 flow=63 side=new cur=3197481870 next=3229034974 tgt=3275390769 f=0.405 u=0 breach=3 end=
CBAP_MIG t=29615000 epoch=5923 flow=64 side=new cur=3197006274 next=3228751994 tgt=3275390769 f=0.405 u=0 breach=3 end=
CBAP_MIG t=29620000 epoch=5924 flow=1 side=new cur=3236469702 next=3252232734 tgt=3275390769 f=0.405 u=0 breach=3 end=converged
CBAP_MIG t=29620000 epoch=5924 flow=2 side=new cur=3228706204 next=3247613452 tgt=3275390769 f=0.405 u=0 breach=3 end=converged
CBAP_MIG t=29620000 epoch=5924 flow=3 side=new cur=3234890117 next=3251292881 tgt=3275390769 f=0.405 u=0 breach=3 end=converged
CBAP_MIG t=29620000 epoch=5924 flow=4 side=new cur=3229053101 next=3247819856 tgt=3275390769 f=0.405 u=0 breach=3 end=converged
CBAP_MIG t=29620000 epoch=5924 flow=5 side=new cur=3227741378 next=3247039381 tgt=3275390769 f=0.405 u=0 breach=3 end=converged
CBAP_MIG t=29620000 epoch=5924 flow=6 side=new cur=3228636584 next=3247572028 tgt=3275390769 f=0.405 u=0 breach=3 end=converged
CBAP_MIG t=29620000 epoch=5924 flow=7 side=new cur=3228720068 next=3247621701 tgt=3275390769 f=0.405 u=0 breach=3 end=converged
CBAP_MIG t=29620000 epoch=5924 flow=8 side=new cur=3234834438 next=3251259752 tgt=3275390769 f=0.405 u=0 breach=3 end=converged
CBAP_MIG t=29620000 epoch=5924 flow=9 side=new cur=3230100747 next=3248443205 tgt=3275390769 f=0.405 u=0 breach=3 end=converged
CBAP_MIG t=29620000 epoch=5924 flow=10 side=new cur=3228538925 next=3247513921 tgt=3275390769 f=0.405 u=0 breach=3 end=converged
CBAP_MIG t=29620000 epoch=5924 flow=11 side=new cur=3235814390 next=3251842823 tgt=3275390769 f=0.405 u=0 breach=3 end=converged
CBAP_MIG t=29620000 epoch=5924 flow=12 side=new cur=3233644791 next=3250551912 tgt=3275390769 f=0.405 u=0 breach=3 end=converged
CBAP_MIG t=29620000 epoch=5924 flow=13 side=new cur=3228375368 next=3247416605 tgt=3275390769 f=0.405 u=0 breach=3 end=converged
CBAP_MIG t=29620000 epoch=5924 flow=14 side=new cur=3226659243 next=3246395511 tgt=3275390769 f=0.405 u=0 breach=3 end=converged
CBAP_MIG t=29620000 epoch=5924 flow=15 side=new cur=3227849593 next=3247103769 tgt=3275390769 f=0.405 u=0 breach=3 end=converged
CBAP_MIG t=29620000 epoch=5924 flow=16 side=new cur=3227538916 next=3246918916 tgt=3275390769 f=0.405 u=0 breach=3 end=converged
CBAP_MIG t=29620000 epoch=5924 flow=17 side=new cur=3234596157 next=3251117974 tgt=3275390769 f=0.405 u=0 breach=3 end=converged
CBAP_MIG t=29620000 epoch=5924 flow=18 side=new cur=3227044847 next=3246624945 tgt=3275390769 f=0.405 u=0 breach=3 end=converged
CBAP_MIG t=29620000 epoch=5924 flow=19 side=new cur=3228378974 next=3247418750 tgt=3275390769 f=0.405 u=0 breach=3 end=converged
CBAP_MIG t=29620000 epoch=5924 flow=20 side=new cur=3231648527 next=3249364135 tgt=3275390769 f=0.405 u=0 breach=3 end=converged
CBAP_MIG t=29620000 epoch=5924 flow=21 side=new cur=3235647215 next=3251743354 tgt=3275390769 f=0.405 u=0 breach=3 end=converged
CBAP_MIG t=29620000 epoch=5924 flow=22 side=new cur=3228412201 next=3247438521 tgt=3275390769 f=0.405 u=0 breach=3 end=converged
CBAP_MIG t=29620000 epoch=5924 flow=23 side=new cur=3228782341 next=3247658754 tgt=3275390769 f=0.405 u=0 breach=3 end=converged
CBAP_MIG t=29620000 epoch=5924 flow=24 side=new cur=3236496180 next=3252248488 tgt=3275390769 f=0.405 u=0 breach=3 end=converged
CBAP_MIG t=29620000 epoch=5924 flow=25 side=new cur=3234784592 next=3251230093 tgt=3275390769 f=0.405 u=0 breach=3 end=converged
CBAP_MIG t=29620000 epoch=5924 flow=26 side=new cur=3226901431 next=3246539612 tgt=3275390769 f=0.405 u=0 breach=3 end=converged
CBAP_MIG t=29620000 epoch=5924 flow=27 side=new cur=3234125876 next=3250838157 tgt=3275390769 f=0.405 u=0 breach=3 end=converged
CBAP_MIG t=29620000 epoch=5924 flow=28 side=new cur=3227291922 next=3246771955 tgt=3275390769 f=0.405 u=0 breach=3 end=converged
CBAP_MIG t=29620000 epoch=5924 flow=29 side=new cur=3230847993 next=3248887817 tgt=3275390769 f=0.405 u=0 breach=3 end=converged
CBAP_MIG t=29620000 epoch=5924 flow=30 side=new cur=3233552493 next=3250496994 tgt=3275390769 f=0.405 u=0 breach=3 end=converged
CBAP_MIG t=29620000 epoch=5924 flow=31 side=new cur=3235810509 next=3251840514 tgt=3275390769 f=0.405 u=0 breach=3 end=converged
CBAP_MIG t=29620000 epoch=5924 flow=32 side=new cur=3228210114 next=3247318279 tgt=3275390769 f=0.405 u=0 breach=3 end=converged
CBAP_MIG t=29620000 epoch=5924 flow=33 side=new cur=3227665113 next=3246994003 tgt=3275390769 f=0.405 u=0 breach=3 end=converged
CBAP_MIG t=29620000 epoch=5924 flow=34 side=new cur=3234705134 next=3251182816 tgt=3275390769 f=0.405 u=0 breach=3 end=converged
CBAP_MIG t=29620000 epoch=5924 flow=35 side=new cur=3227617052 next=3246965407 tgt=3275390769 f=0.405 u=0 breach=3 end=converged
CBAP_MIG t=29620000 epoch=5924 flow=37 side=new cur=3226413386 next=3246249226 tgt=3275390769 f=0.405 u=0 breach=3 end=converged
CBAP_MIG t=29620000 epoch=5924 flow=38 side=new cur=3228688080 next=3247602669 tgt=3275390769 f=0.405 u=0 breach=3 end=converged
CBAP_MIG t=29620000 epoch=5924 flow=39 side=new cur=3226904472 next=3246541422 tgt=3275390769 f=0.405 u=0 breach=3 end=converged
CBAP_MIG t=29620000 epoch=5924 flow=40 side=new cur=3227033541 next=3246618218 tgt=3275390769 f=0.405 u=0 breach=3 end=converged
CBAP_MIG t=29620000 epoch=5924 flow=41 side=new cur=3234249126 next=3250911491 tgt=3275390769 f=0.405 u=0 breach=3 end=converged
CBAP_MIG t=29620000 epoch=5924 flow=42 side=new cur=3228014828 next=3247202084 tgt=3275390769 f=0.405 u=0 breach=3 end=converged
CBAP_MIG t=29620000 epoch=5924 flow=43 side=new cur=3233872713 next=3250687525 tgt=3275390769 f=0.405 u=0 breach=3 end=converged
CBAP_MIG t=29620000 epoch=5924 flow=44 side=new cur=3235263747 next=3251515190 tgt=3275390769 f=0.405 u=0 breach=3 end=converged
CBAP_MIG t=29620000 epoch=5924 flow=45 side=new cur=3227030826 next=3246616602 tgt=3275390769 f=0.405 u=0 breach=3 end=converged
CBAP_MIG t=29620000 epoch=5924 flow=46 side=new cur=3233634125 next=3250545565 tgt=3275390769 f=0.405 u=0 breach=3 end=converged
CBAP_MIG t=29620000 epoch=5924 flow=47 side=new cur=3228962333 next=3247765849 tgt=3275390769 f=0.405 u=0 breach=3 end=converged
CBAP_MIG t=29620000 epoch=5924 flow=49 side=new cur=3228074403 next=3247237531 tgt=3275390769 f=0.405 u=0 breach=3 end=converged
CBAP_MIG t=29620000 epoch=5924 flow=50 side=new cur=3228598344 next=3247549276 tgt=3275390769 f=0.405 u=0 breach=3 end=converged
CBAP_MIG t=29620000 epoch=5924 flow=51 side=new cur=3233208113 next=3250292088 tgt=3275390769 f=0.405 u=0 breach=3 end=converged
CBAP_MIG t=29620000 epoch=5924 flow=52 side=new cur=3236417449 next=3252201643 tgt=3275390769 f=0.405 u=0 breach=3 end=converged
CBAP_MIG t=29620000 epoch=5924 flow=53 side=new cur=3234973720 next=3251342624 tgt=3275390769 f=0.405 u=0 breach=3 end=converged
CBAP_MIG t=29620000 epoch=5924 flow=54 side=new cur=3228804631 next=3247672016 tgt=3275390769 f=0.405 u=0 breach=3 end=converged
CBAP_MIG t=29620000 epoch=5924 flow=55 side=new cur=3227456924 next=3246870131 tgt=3275390769 f=0.405 u=0 breach=3 end=converged
CBAP_MIG t=29620000 epoch=5924 flow=56 side=new cur=3228471927 next=3247474058 tgt=3275390769 f=0.405 u=0 breach=3 end=converged
CBAP_MIG t=29620000 epoch=5924 flow=58 side=new cur=3228665737 next=3247589374 tgt=3275390769 f=0.405 u=0 breach=3 end=converged
CBAP_MIG t=29620000 epoch=5924 flow=59 side=new cur=3233534680 next=3250486396 tgt=3275390769 f=0.405 u=0 breach=3 end=converged
CBAP_MIG t=29620000 epoch=5924 flow=60 side=new cur=3228122010 next=3247265857 tgt=3275390769 f=0.405 u=0 breach=3 end=converged
CBAP_MIG t=29620000 epoch=5924 flow=61 side=new cur=3230937290 next=3248940948 tgt=3275390769 f=0.405 u=0 breach=3 end=converged
CBAP_MIG t=29620000 epoch=5924 flow=62 side=new cur=3234884141 next=3251289325 tgt=3275390769 f=0.405 u=0 breach=3 end=converged
CBAP_MIG t=29620000 epoch=5924 flow=63 side=new cur=3229034974 next=3247809070 tgt=3275390769 f=0.405 u=0 breach=3 end=converged
CBAP_MIG t=29620000 epoch=5924 flow=64 side=new cur=3228751994 next=3247640697 tgt=3275390769 f=0.405 u=0 breach=3 end=converged
CBAP_MIG_REPLAN t=29915000 reason=active_set_shrank flow=0 batch=0 newest_batch=1 cur=2008141239 target=2000000000 ceiling=190000000000 old_side_present=1
CBAP_MIG_REPLAN t=29915000 reason=active_set_shrank flow=1 batch=1 newest_batch=1 cur=3252232734 target=3329986431 ceiling=200000000000 old_side_present=1
CBAP_MIG_REPLAN t=29915000 reason=active_set_shrank flow=2 batch=1 newest_batch=1 cur=3247613452 target=3329986431 ceiling=200000000000 old_side_present=1
CBAP_MIG_REPLAN t=29915000 reason=active_set_shrank flow=3 batch=1 newest_batch=1 cur=3251292881 target=3329986431 ceiling=200000000000 old_side_present=1
CBAP_MIG_REPLAN t=29915000 reason=active_set_shrank flow=4 batch=1 newest_batch=1 cur=3247819856 target=3329986431 ceiling=200000000000 old_side_present=1
CBAP_MIG_REPLAN t=29915000 reason=active_set_shrank flow=5 batch=1 newest_batch=1 cur=3247039381 target=3329986431 ceiling=200000000000 old_side_present=1
CBAP_MIG_REPLAN t=29915000 reason=active_set_shrank flow=6 batch=1 newest_batch=1 cur=3247572028 target=3329986431 ceiling=200000000000 old_side_present=1
CBAP_MIG_REPLAN t=29915000 reason=active_set_shrank flow=7 batch=1 newest_batch=1 cur=3247621701 target=3329986431 ceiling=200000000000 old_side_present=1
CBAP_MIG_REPLAN t=29915000 reason=active_set_shrank flow=8 batch=1 newest_batch=1 cur=3251259752 target=3329986431 ceiling=200000000000 old_side_present=1
CBAP_MIG_REPLAN t=29915000 reason=active_set_shrank flow=9 batch=1 newest_batch=1 cur=3248443205 target=3329986431 ceiling=200000000000 old_side_present=1
CBAP_MIG_REPLAN t=29915000 reason=active_set_shrank flow=10 batch=1 newest_batch=1 cur=3247513921 target=3329986431 ceiling=200000000000 old_side_present=1
CBAP_MIG_REPLAN t=29915000 reason=active_set_shrank flow=11 batch=1 newest_batch=1 cur=3251842823 target=3329986431 ceiling=200000000000 old_side_present=1
CBAP_MIG_REPLAN t=29915000 reason=active_set_shrank flow=12 batch=1 newest_batch=1 cur=3250551912 target=3329986431 ceiling=200000000000 old_side_present=1
CBAP_MIG_REPLAN t=29915000 reason=active_set_shrank flow=13 batch=1 newest_batch=1 cur=3247416605 target=3329986431 ceiling=200000000000 old_side_present=1
CBAP_MIG_REPLAN t=29915000 reason=active_set_shrank flow=14 batch=1 newest_batch=1 cur=3246395511 target=3329986431 ceiling=200000000000 old_side_present=1
CBAP_MIG_REPLAN t=29915000 reason=active_set_shrank flow=15 batch=1 newest_batch=1 cur=3247103769 target=3329986431 ceiling=200000000000 old_side_present=1
CBAP_MIG_REPLAN t=29915000 reason=active_set_shrank flow=16 batch=1 newest_batch=1 cur=3246918916 target=3329986431 ceiling=200000000000 old_side_present=1
CBAP_MIG_REPLAN t=29915000 reason=active_set_shrank flow=17 batch=1 newest_batch=1 cur=3251117974 target=3329986431 ceiling=200000000000 old_side_present=1
CBAP_MIG_REPLAN t=29915000 reason=active_set_shrank flow=18 batch=1 newest_batch=1 cur=3246624945 target=3329986431 ceiling=200000000000 old_side_present=1
CBAP_MIG_REPLAN t=29915000 reason=active_set_shrank flow=19 batch=1 newest_batch=1 cur=3247418750 target=3329986431 ceiling=200000000000 old_side_present=1
CBAP_MIG_REPLAN t=29915000 reason=active_set_shrank flow=20 batch=1 newest_batch=1 cur=3249364135 target=3329986431 ceiling=200000000000 old_side_present=1
CBAP_MIG_REPLAN t=29915000 reason=active_set_shrank flow=21 batch=1 newest_batch=1 cur=3251743354 target=3329986431 ceiling=200000000000 old_side_present=1
CBAP_MIG_REPLAN t=29915000 reason=active_set_shrank flow=22 batch=1 newest_batch=1 cur=3247438521 target=3329986431 ceiling=200000000000 old_side_present=1
CBAP_MIG_REPLAN t=29915000 reason=active_set_shrank flow=23 batch=1 newest_batch=1 cur=3247658754 target=3329986431 ceiling=200000000000 old_side_present=1
CBAP_MIG_REPLAN t=29915000 reason=active_set_shrank flow=24 batch=1 newest_batch=1 cur=3252248488 target=3329986431 ceiling=200000000000 old_side_present=1
CBAP_MIG_REPLAN t=29915000 reason=active_set_shrank flow=25 batch=1 newest_batch=1 cur=3251230093 target=3329986431 ceiling=200000000000 old_side_present=1
CBAP_MIG_REPLAN t=29915000 reason=active_set_shrank flow=26 batch=1 newest_batch=1 cur=3246539612 target=3329986431 ceiling=200000000000 old_side_present=1
CBAP_MIG_REPLAN t=29915000 reason=active_set_shrank flow=27 batch=1 newest_batch=1 cur=3250838157 target=3329986431 ceiling=200000000000 old_side_present=1
CBAP_MIG_REPLAN t=29915000 reason=active_set_shrank flow=28 batch=1 newest_batch=1 cur=3246771955 target=3329986431 ceiling=200000000000 old_side_present=1
CBAP_MIG_REPLAN t=29915000 reason=active_set_shrank flow=29 batch=1 newest_batch=1 cur=3248887817 target=3329986431 ceiling=200000000000 old_side_present=1
CBAP_MIG_REPLAN t=29915000 reason=active_set_shrank flow=30 batch=1 newest_batch=1 cur=3250496994 target=3329986431 ceiling=200000000000 old_side_present=1
CBAP_MIG_REPLAN t=29915000 reason=active_set_shrank flow=31 batch=1 newest_batch=1 cur=3251840514 target=3329986431 ceiling=200000000000 old_side_present=1
CBAP_MIG_REPLAN t=29915000 reason=active_set_shrank flow=32 batch=1 newest_batch=1 cur=3247318279 target=3329986431 ceiling=200000000000 old_side_present=1
CBAP_MIG_REPLAN t=29915000 reason=active_set_shrank flow=33 batch=1 newest_batch=1 cur=3246994003 target=3329986431 ceiling=200000000000 old_side_present=1
CBAP_MIG_REPLAN t=29915000 reason=active_set_shrank flow=34 batch=1 newest_batch=1 cur=3251182816 target=3329986431 ceiling=200000000000 old_side_present=1
CBAP_MIG_REPLAN t=29915000 reason=active_set_shrank flow=35 batch=1 newest_batch=1 cur=3246965407 target=3329986431 ceiling=200000000000 old_side_present=1
CBAP_MIG_REPLAN t=29915000 reason=active_set_shrank flow=37 batch=1 newest_batch=1 cur=3246249226 target=3329986431 ceiling=200000000000 old_side_present=1
CBAP_MIG_REPLAN t=29915000 reason=active_set_shrank flow=38 batch=1 newest_batch=1 cur=3247602669 target=3329986431 ceiling=200000000000 old_side_present=1
CBAP_MIG_REPLAN t=29915000 reason=active_set_shrank flow=39 batch=1 newest_batch=1 cur=3246541422 target=3329986431 ceiling=200000000000 old_side_present=1
CBAP_MIG_REPLAN t=29915000 reason=active_set_shrank flow=40 batch=1 newest_batch=1 cur=3246618218 target=3329986431 ceiling=200000000000 old_side_present=1
CBAP_MIG_REPLAN t=29915000 reason=active_set_shrank flow=42 batch=1 newest_batch=1 cur=3247202084 target=3329986431 ceiling=200000000000 old_side_present=1
CBAP_MIG_REPLAN t=29915000 reason=active_set_shrank flow=43 batch=1 newest_batch=1 cur=3250687525 target=3329986431 ceiling=200000000000 old_side_present=1
CBAP_MIG_REPLAN t=29915000 reason=active_set_shrank flow=44 batch=1 newest_batch=1 cur=3251515190 target=3329986431 ceiling=200000000000 old_side_present=1
CBAP_MIG_REPLAN t=29915000 reason=active_set_shrank flow=45 batch=1 newest_batch=1 cur=3246616602 target=3329986431 ceiling=200000000000 old_side_present=1
CBAP_MIG_REPLAN t=29915000 reason=active_set_shrank flow=46 batch=1 newest_batch=1 cur=3250545565 target=3329986431 ceiling=200000000000 old_side_present=1
CBAP_MIG_REPLAN t=29915000 reason=active_set_shrank flow=47 batch=1 newest_batch=1 cur=3247765849 target=3329986431 ceiling=200000000000 old_side_present=1
CBAP_MIG_REPLAN t=29915000 reason=active_set_shrank flow=49 batch=1 newest_batch=1 cur=3247237531 target=3329986431 ceiling=200000000000 old_side_present=1
CBAP_MIG_REPLAN t=29915000 reason=active_set_shrank flow=50 batch=1 newest_batch=1 cur=3247549276 target=3329986431 ceiling=200000000000 old_side_present=1
CBAP_MIG_REPLAN t=29915000 reason=active_set_shrank flow=51 batch=1 newest_batch=1 cur=3250292088 target=3329986431 ceiling=200000000000 old_side_present=1
CBAP_MIG_REPLAN t=29915000 reason=active_set_shrank flow=52 batch=1 newest_batch=1 cur=3252201643 target=3329986431 ceiling=200000000000 old_side_present=1
CBAP_MIG_REPLAN t=29915000 reason=active_set_shrank flow=53 batch=1 newest_batch=1 cur=3251342624 target=3329986431 ceiling=200000000000 old_side_present=1
CBAP_MIG_REPLAN t=29915000 reason=active_set_shrank flow=54 batch=1 newest_batch=1 cur=3247672016 target=3329986431 ceiling=200000000000 old_side_present=1
CBAP_MIG_REPLAN t=29915000 reason=active_set_shrank flow=55 batch=1 newest_batch=1 cur=3246870131 target=3329986431 ceiling=200000000000 old_side_present=1
CBAP_MIG_REPLAN t=29915000 reason=active_set_shrank flow=56 batch=1 newest_batch=1 cur=3247474058 target=3329986431 ceiling=200000000000 old_side_present=1
CBAP_MIG_REPLAN t=29915000 reason=active_set_shrank flow=58 batch=1 newest_batch=1 cur=3247589374 target=3329986431 ceiling=200000000000 old_side_present=1
CBAP_MIG_REPLAN t=29915000 reason=active_set_shrank flow=59 batch=1 newest_batch=1 cur=3250486396 target=3329986431 ceiling=200000000000 old_side_present=1
CBAP_MIG_REPLAN t=29915000 reason=active_set_shrank flow=60 batch=1 newest_batch=1 cur=3247265857 target=3329986431 ceiling=200000000000 old_side_present=1
CBAP_MIG_REPLAN t=29915000 reason=active_set_shrank flow=61 batch=1 newest_batch=1 cur=3248940948 target=3329986431 ceiling=200000000000 old_side_present=1
CBAP_MIG_REPLAN t=29915000 reason=active_set_shrank flow=62 batch=1 newest_batch=1 cur=3251289325 target=3329986431 ceiling=200000000000 old_side_present=1
CBAP_MIG_REPLAN t=29915000 reason=active_set_shrank flow=63 batch=1 newest_batch=1 cur=3247809070 target=3329986431 ceiling=200000000000 old_side_present=1
CBAP_MIG_REPLAN t=29915000 reason=active_set_shrank flow=64 batch=1 newest_batch=1 cur=3247640697 target=3329986431 ceiling=200000000000 old_side_present=1
CBAP_MIG t=29915000 epoch=5983 flow=0 side=old cur=2008141239 next=2005698867 tgt=2000000000 f=0.3 u=0 breach=0 end=converged
CBAP_MIG t=29915000 epoch=5983 flow=1 side=new cur=3252232734 next=3283722981 tgt=3329986431 f=0.405 u=0 breach=3 end=
CBAP_MIG t=29915000 epoch=5983 flow=2 side=new cur=3247613452 next=3280974508 tgt=3329986431 f=0.405 u=0 breach=3 end=
CBAP_MIG t=29915000 epoch=5983 flow=3 side=new cur=3251292881 next=3283163768 tgt=3329986431 f=0.405 u=0 breach=3 end=
CBAP_MIG t=29915000 epoch=5983 flow=4 side=new cur=3247819856 next=3281097318 tgt=3329986431 f=0.405 u=0 breach=3 end=
CBAP_MIG t=29915000 epoch=5983 flow=5 side=new cur=3247039381 next=3280632936 tgt=3329986431 f=0.405 u=0 breach=3 end=
CBAP_MIG t=29915000 epoch=5983 flow=6 side=new cur=3247572028 next=3280949861 tgt=3329986431 f=0.405 u=0 breach=3 end=
CBAP_MIG t=29915000 epoch=5983 flow=7 side=new cur=3247621701 next=3280979416 tgt=3329986431 f=0.405 u=0 breach=3 end=
CBAP_MIG t=29915000 epoch=5983 flow=8 side=new cur=3251259752 next=3283144056 tgt=3329986431 f=0.405 u=0 breach=3 end=
CBAP_MIG t=29915000 epoch=5983 flow=9 side=new cur=3248443205 next=3281468211 tgt=3329986431 f=0.405 u=0 breach=3 end=
CBAP_MIG t=29915000 epoch=5983 flow=10 side=new cur=3247513921 next=3280915287 tgt=3329986431 f=0.405 u=0 breach=3 end=
CBAP_MIG t=29915000 epoch=5983 flow=11 side=new cur=3251842823 next=3283490984 tgt=3329986431 f=0.405 u=0 breach=3 end=
CBAP_MIG t=29915000 epoch=5983 flow=12 side=new cur=3250551912 next=3282722892 tgt=3329986431 f=0.405 u=0 breach=3 end=
CBAP_MIG t=29915000 epoch=5983 flow=13 side=new cur=3247416605 next=3280857384 tgt=3329986431 f=0.405 u=0 breach=3 end=
CBAP_MIG t=29915000 epoch=5983 flow=14 side=new cur=3246395511 next=3280249833 tgt=3329986431 f=0.405 u=0 breach=3 end=
CBAP_MIG t=29915000 epoch=5983 flow=15 side=new cur=3247103769 next=3280671247 tgt=3329986431 f=0.405 u=0 breach=3 end=
CBAP_MIG t=29915000 epoch=5983 flow=16 side=new cur=3246918916 next=3280561259 tgt=3329986431 f=0.405 u=0 breach=3 end=
CBAP_MIG t=29915000 epoch=5983 flow=17 side=new cur=3251117974 next=3283059699 tgt=3329986431 f=0.405 u=0 breach=3 end=
CBAP_MIG t=29915000 epoch=5983 flow=18 side=new cur=3246624945 next=3280386346 tgt=3329986431 f=0.405 u=0 breach=3 end=
CBAP_MIG t=29915000 epoch=5983 flow=19 side=new cur=3247418750 next=3280858660 tgt=3329986431 f=0.405 u=0 breach=3 end=
CBAP_MIG t=29915000 epoch=5983 flow=20 side=new cur=3249364135 next=3282016164 tgt=3329986431 f=0.405 u=0 breach=3 end=
CBAP_MIG t=29915000 epoch=5983 flow=21 side=new cur=3251743354 next=3283431800 tgt=3329986431 f=0.405 u=0 breach=3 end=
CBAP_MIG t=29915000 epoch=5983 flow=22 side=new cur=3247438521 next=3280870424 tgt=3329986431 f=0.405 u=0 breach=3 end=
CBAP_MIG t=29915000 epoch=5983 flow=23 side=new cur=3247658754 next=3281001463 tgt=3329986431 f=0.405 u=0 breach=3 end=
CBAP_MIG t=29915000 epoch=5983 flow=24 side=new cur=3252248488 next=3283732354 tgt=3329986431 f=0.405 u=0 breach=3 end=
CBAP_MIG t=29915000 epoch=5983 flow=25 side=new cur=3251230093 next=3283126409 tgt=3329986431 f=0.405 u=0 breach=3 end=
CBAP_MIG t=29915000 epoch=5983 flow=26 side=new cur=3246539612 next=3280335573 tgt=3329986431 f=0.405 u=0 breach=3 end=
CBAP_MIG t=29915000 epoch=5983 flow=27 side=new cur=3250838157 next=3282893207 tgt=3329986431 f=0.405 u=0 breach=3 end=
CBAP_MIG t=29915000 epoch=5983 flow=28 side=new cur=3246771955 next=3280473817 tgt=3329986431 f=0.405 u=0 breach=3 end=
CBAP_MIG t=29915000 epoch=5983 flow=29 side=new cur=3248887817 next=3281732755 tgt=3329986431 f=0.405 u=0 breach=3 end=
CBAP_MIG t=29915000 epoch=5983 flow=30 side=new cur=3250496994 next=3282690215 tgt=3329986431 f=0.405 u=0 breach=3 end=
CBAP_MIG t=29915000 epoch=5983 flow=31 side=new cur=3251840514 next=3283489610 tgt=3329986431 f=0.405 u=0 breach=3 end=
CBAP_MIG t=29915000 epoch=5983 flow=32 side=new cur=3247318279 next=3280798880 tgt=3329986431 f=0.405 u=0 breach=3 end=
CBAP_MIG t=29915000 epoch=5983 flow=33 side=new cur=3246994003 next=3280605936 tgt=3329986431 f=0.405 u=0 breach=3 end=
CBAP_MIG t=29915000 epoch=5983 flow=34 side=new cur=3251182816 next=3283098280 tgt=3329986431 f=0.405 u=0 breach=3 end=
CBAP_MIG t=29915000 epoch=5983 flow=35 side=new cur=3246965407 next=3280588921 tgt=3329986431 f=0.405 u=0 breach=3 end=
CBAP_MIG t=29915000 epoch=5983 flow=37 side=new cur=3246249226 next=3280162794 tgt=3329986431 f=0.405 u=0 breach=3 end=
CBAP_MIG t=29915000 epoch=5983 flow=38 side=new cur=3247602669 next=3280968092 tgt=3329986431 f=0.405 u=0 breach=3 end=
CBAP_MIG t=29915000 epoch=5983 flow=39 side=new cur=3246541422 next=3280336650 tgt=3329986431 f=0.405 u=0 breach=3 end=
CBAP_MIG t=29915000 epoch=5983 flow=40 side=new cur=3246618218 next=3280382344 tgt=3329986431 f=0.405 u=0 breach=3 end=
CBAP_MIG t=29915000 epoch=5983 flow=42 side=new cur=3247202084 next=3280729744 tgt=3329986431 f=0.405 u=0 breach=3 end=
CBAP_MIG t=29915000 epoch=5983 flow=43 side=new cur=3250687525 next=3282803581 tgt=3329986431 f=0.405 u=0 breach=3 end=
CBAP_MIG t=29915000 epoch=5983 flow=44 side=new cur=3251515190 next=3283296042 tgt=3329986431 f=0.405 u=0 breach=3 end=
CBAP_MIG t=29915000 epoch=5983 flow=45 side=new cur=3246616602 next=3280381382 tgt=3329986431 f=0.405 u=0 breach=3 end=
CBAP_MIG t=29915000 epoch=5983 flow=46 side=new cur=3250545565 next=3282719115 tgt=3329986431 f=0.405 u=0 breach=3 end=
CBAP_MIG t=29915000 epoch=5983 flow=47 side=new cur=3247765849 next=3281065184 tgt=3329986431 f=0.405 u=0 breach=3 end=
CBAP_MIG t=29915000 epoch=5983 flow=49 side=new cur=3247237531 next=3280750835 tgt=3329986431 f=0.405 u=0 breach=3 end=
CBAP_MIG t=29915000 epoch=5983 flow=50 side=new cur=3247549276 next=3280936323 tgt=3329986431 f=0.405 u=0 breach=3 end=
CBAP_MIG t=29915000 epoch=5983 flow=51 side=new cur=3250292088 next=3282568296 tgt=3329986431 f=0.405 u=0 breach=3 end=
CBAP_MIG t=29915000 epoch=5983 flow=52 side=new cur=3252201643 next=3283704482 tgt=3329986431 f=0.405 u=0 breach=3 end=
CBAP_MIG t=29915000 epoch=5983 flow=53 side=new cur=3251342624 next=3283193365 tgt=3329986431 f=0.405 u=0 breach=3 end=
CBAP_MIG t=29915000 epoch=5983 flow=54 side=new cur=3247672016 next=3281009354 tgt=3329986431 f=0.405 u=0 breach=3 end=
CBAP_MIG t=29915000 epoch=5983 flow=55 side=new cur=3246870131 next=3280532232 tgt=3329986431 f=0.405 u=0 breach=3 end=
CBAP_MIG t=29915000 epoch=5983 flow=56 side=new cur=3247474058 next=3280891569 tgt=3329986431 f=0.405 u=0 breach=3 end=
CBAP_MIG t=29915000 epoch=5983 flow=58 side=new cur=3247589374 next=3280960182 tgt=3329986431 f=0.405 u=0 breach=3 end=
CBAP_MIG t=29915000 epoch=5983 flow=59 side=new cur=3250486396 next=3282683910 tgt=3329986431 f=0.405 u=0 breach=3 end=
CBAP_MIG t=29915000 epoch=5983 flow=60 side=new cur=3247265857 next=3280767689 tgt=3329986431 f=0.405 u=0 breach=3 end=
CBAP_MIG t=29915000 epoch=5983 flow=61 side=new cur=3248940948 next=3281764368 tgt=3329986431 f=0.405 u=0 breach=3 end=
CBAP_MIG t=29915000 epoch=5983 flow=62 side=new cur=3251289325 next=3283161652 tgt=3329986431 f=0.405 u=0 breach=3 end=
CBAP_MIG t=29915000 epoch=5983 flow=63 side=new cur=3247809070 next=3281090901 tgt=3329986431 f=0.405 u=0 breach=3 end=
CBAP_MIG t=29915000 epoch=5983 flow=64 side=new cur=3247640697 next=3280990719 tgt=3329986431 f=0.405 u=0 breach=3 end=
CBAP_MIG t=29920000 epoch=5984 flow=1 side=new cur=3283722981 next=3302459678 tgt=3329986431 f=0.405 u=0 breach=3 end=converged
CBAP_MIG t=29920000 epoch=5984 flow=2 side=new cur=3280974508 next=3300824336 tgt=3329986431 f=0.405 u=0 breach=3 end=converged
CBAP_MIG t=29920000 epoch=5984 flow=3 side=new cur=3283163768 next=3302126946 tgt=3329986431 f=0.405 u=0 breach=3 end=converged
CBAP_MIG t=29920000 epoch=5984 flow=4 side=new cur=3281097318 next=3300897408 tgt=3329986431 f=0.405 u=0 breach=3 end=converged
CBAP_MIG t=29920000 epoch=5984 flow=5 side=new cur=3280632936 next=3300621101 tgt=3329986431 f=0.405 u=0 breach=3 end=converged
CBAP_MIG t=29920000 epoch=5984 flow=6 side=new cur=3280949861 next=3300809671 tgt=3329986431 f=0.405 u=0 breach=3 end=converged
CBAP_MIG t=29920000 epoch=5984 flow=7 side=new cur=3280979416 next=3300827257 tgt=3329986431 f=0.405 u=0 breach=3 end=converged
CBAP_MIG t=29920000 epoch=5984 flow=8 side=new cur=3283144056 next=3302115217 tgt=3329986431 f=0.405 u=0 breach=3 end=converged
CBAP_MIG t=29920000 epoch=5984 flow=9 side=new cur=3281468211 next=3301118090 tgt=3329986431 f=0.405 u=0 breach=3 end=converged
CBAP_MIG t=29920000 epoch=5984 flow=10 side=new cur=3280915287 next=3300789100 tgt=3329986431 f=0.405 u=0 breach=3 end=converged
CBAP_MIG t=29920000 epoch=5984 flow=11 side=new cur=3283490984 next=3302321640 tgt=3329986431 f=0.405 u=0 breach=3 end=converged
CBAP_MIG t=29920000 epoch=5984 flow=12 side=new cur=3282722892 next=3301864625 tgt=3329986431 f=0.405 u=0 breach=3 end=converged
CBAP_MIG t=29920000 epoch=5984 flow=13 side=new cur=3280857384 next=3300754648 tgt=3329986431 f=0.405 u=0 breach=3 end=converged
CBAP_MIG t=29920000 epoch=5984 flow=14 side=new cur=3280249833 next=3300393155 tgt=3329986431 f=0.405 u=0 breach=3 end=converged
CBAP_MIG t=29920000 epoch=5984 flow=15 side=new cur=3280671247 next=3300643896 tgt=3329986431 f=0.405 u=0 breach=3 end=converged
CBAP_MIG t=29920000 epoch=5984 flow=16 side=new cur=3280561259 next=3300578453 tgt=3329986431 f=0.405 u=0 breach=3 end=converged
CBAP_MIG t=29920000 epoch=5984 flow=17 side=new cur=3283059699 next=3302065025 tgt=3329986431 f=0.405 u=0 breach=3 end=converged
CBAP_MIG t=29920000 epoch=5984 flow=18 side=new cur=3280386346 next=3300474380 tgt=3329986431 f=0.405 u=0 breach=3 end=converged
CBAP_MIG t=29920000 epoch=5984 flow=19 side=new cur=3280858660 next=3300755407 tgt=3329986431 f=0.405 u=0 breach=3 end=converged
CBAP_MIG t=29920000 epoch=5984 flow=20 side=new cur=3282016164 next=3301444122 tgt=3329986431 f=0.405 u=0 breach=3 end=converged
CBAP_MIG t=29920000 epoch=5984 flow=21 side=new cur=3283431800 next=3302286425 tgt=3329986431 f=0.405 u=0 breach=3 end=converged
CBAP_MIG t=29920000 epoch=5984 flow=22 side=new cur=3280870424 next=3300762406 tgt=3329986431 f=0.405 u=0 breach=3 end=converged
CBAP_MIG t=29920000 epoch=5984 flow=23 side=new cur=3281001463 next=3300840375 tgt=3329986431 f=0.405 u=0 breach=3 end=converged
CBAP_MIG t=29920000 epoch=5984 flow=24 side=new cur=3283732354 next=3302465255 tgt=3329986431 f=0.405 u=0 breach=3 end=converged
CBAP_MIG t=29920000 epoch=5984 flow=25 side=new cur=3283126409 next=3302104717 tgt=3329986431 f=0.405 u=0 breach=3 end=converged
CBAP_MIG t=29920000 epoch=5984 flow=26 side=new cur=3280335573 next=3300444170 tgt=3329986431 f=0.405 u=0 breach=3 end=converged
CBAP_MIG t=29920000 epoch=5984 flow=27 side=new cur=3282893207 next=3301965962 tgt=3329986431 f=0.405 u=0 breach=3 end=converged
CBAP_MIG t=29920000 epoch=5984 flow=28 side=new cur=3280473817 next=3300526425 tgt=3329986431 f=0.405 u=0 breach=3 end=converged
CBAP_MIG t=29920000 epoch=5984 flow=29 side=new cur=3281732755 next=3301275493 tgt=3329986431 f=0.405 u=0 breach=3 end=converged
CBAP_MIG t=29920000 epoch=5984 flow=30 side=new cur=3282690215 next=3301845182 tgt=3329986431 f=0.405 u=0 breach=3 end=converged
CBAP_MIG t=29920000 epoch=5984 flow=31 side=new cur=3283489610 next=3302320822 tgt=3329986431 f=0.405 u=0 breach=3 end=converged
CBAP_MIG t=29920000 epoch=5984 flow=32 side=new cur=3280798880 next=3300719838 tgt=3329986431 f=0.405 u=0 breach=3 end=converged
CBAP_MIG t=29920000 epoch=5984 flow=33 side=new cur=3280605936 next=3300605036 tgt=3329986431 f=0.405 u=0 breach=3 end=converged
CBAP_MIG t=29920000 epoch=5984 flow=34 side=new cur=3283098280 next=3302087981 tgt=3329986431 f=0.405 u=0 breach=3 end=converged
CBAP_MIG t=29920000 epoch=5984 flow=35 side=new cur=3280588921 next=3300594912 tgt=3329986431 f=0.405 u=0 breach=3 end=converged
CBAP_MIG t=29920000 epoch=5984 flow=37 side=new cur=3280162794 next=3300341366 tgt=3329986431 f=0.405 u=0 breach=3 end=converged
CBAP_MIG t=29920000 epoch=5984 flow=38 side=new cur=3280968092 next=3300820519 tgt=3329986431 f=0.405 u=0 breach=3 end=converged
CBAP_MIG t=29920000 epoch=5984 flow=39 side=new cur=3280336650 next=3300444811 tgt=3329986431 f=0.405 u=0 breach=3 end=converged
CBAP_MIG t=29920000 epoch=5984 flow=40 side=new cur=3280382344 next=3300471999 tgt=3329986431 f=0.405 u=0 breach=3 end=converged
CBAP_MIG t=29920000 epoch=5984 flow=42 side=new cur=3280729744 next=3300678702 tgt=3329986431 f=0.405 u=0 breach=3 end=converged
CBAP_MIG t=29920000 epoch=5984 flow=43 side=new cur=3282803581 next=3301912635 tgt=3329986431 f=0.405 u=0 breach=3 end=converged
CBAP_MIG t=29920000 epoch=5984 flow=44 side=new cur=3283296042 next=3302205649 tgt=3329986431 f=0.405 u=0 breach=3 end=converged
CBAP_MIG t=29920000 epoch=5984 flow=45 side=new cur=3280381382 next=3300471426 tgt=3329986431 f=0.405 u=0 breach=3 end=converged
CBAP_MIG t=29920000 epoch=5984 flow=46 side=new cur=3282719115 next=3301862377 tgt=3329986431 f=0.405 u=0 breach=3 end=converged
CBAP_MIG t=29920000 epoch=5984 flow=47 side=new cur=3281065184 next=3300878289 tgt=3329986431 f=0.405 u=0 breach=3 end=converged
CBAP_MIG t=29920000 epoch=5984 flow=49 side=new cur=3280750835 next=3300691251 tgt=3329986431 f=0.405 u=0 breach=3 end=converged
CBAP_MIG t=29920000 epoch=5984 flow=50 side=new cur=3280936323 next=3300801616 tgt=3329986431 f=0.405 u=0 breach=3 end=converged
CBAP_MIG t=29920000 epoch=5984 flow=51 side=new cur=3282568296 next=3301772640 tgt=3329986431 f=0.405 u=0 breach=3 end=converged
CBAP_MIG t=29920000 epoch=5984 flow=52 side=new cur=3283704482 next=3302448671 tgt=3329986431 f=0.405 u=0 breach=3 end=converged
CBAP_MIG t=29920000 epoch=5984 flow=53 side=new cur=3283193365 next=3302144556 tgt=3329986431 f=0.405 u=0 breach=3 end=converged
CBAP_MIG t=29920000 epoch=5984 flow=54 side=new cur=3281009354 next=3300845070 tgt=3329986431 f=0.405 u=0 breach=3 end=converged
CBAP_MIG t=29920000 epoch=5984 flow=55 side=new cur=3280532232 next=3300561182 tgt=3329986431 f=0.405 u=0 breach=3 end=converged
CBAP_MIG t=29920000 epoch=5984 flow=56 side=new cur=3280891569 next=3300774988 tgt=3329986431 f=0.405 u=0 breach=3 end=converged
CBAP_MIG t=29920000 epoch=5984 flow=58 side=new cur=3280960182 next=3300815812 tgt=3329986431 f=0.405 u=0 breach=3 end=converged
CBAP_MIG t=29920000 epoch=5984 flow=59 side=new cur=3282683910 next=3301841431 tgt=3329986431 f=0.405 u=0 breach=3 end=converged
CBAP_MIG t=29920000 epoch=5984 flow=60 side=new cur=3280767689 next=3300701279 tgt=3329986431 f=0.405 u=0 breach=3 end=converged
CBAP_MIG t=29920000 epoch=5984 flow=61 side=new cur=3281764368 next=3301294303 tgt=3329986431 f=0.405 u=0 breach=3 end=converged
CBAP_MIG t=29920000 epoch=5984 flow=62 side=new cur=3283161652 next=3302125687 tgt=3329986431 f=0.405 u=0 breach=3 end=converged
CBAP_MIG t=29920000 epoch=5984 flow=63 side=new cur=3281090901 next=3300893590 tgt=3329986431 f=0.405 u=0 breach=3 end=converged
CBAP_MIG t=29920000 epoch=5984 flow=64 side=new cur=3280990719 next=3300833982 tgt=3329986431 f=0.405 u=0 breach=3 end=converged
CBAP_MIG_REPLAN t=30010000 reason=active_set_shrank flow=0 batch=0 newest_batch=1 cur=2005698867 target=2000000000 ceiling=190000000000 old_side_present=1
CBAP_MIG_REPLAN t=30010000 reason=active_set_shrank flow=1 batch=1 newest_batch=1 cur=3302459678 target=3386431018 ceiling=200000000000 old_side_present=1
CBAP_MIG_REPLAN t=30010000 reason=active_set_shrank flow=2 batch=1 newest_batch=1 cur=3300824336 target=3386431018 ceiling=200000000000 old_side_present=1
CBAP_MIG_REPLAN t=30010000 reason=active_set_shrank flow=3 batch=1 newest_batch=1 cur=3302126946 target=3386431018 ceiling=200000000000 old_side_present=1
CBAP_MIG_REPLAN t=30010000 reason=active_set_shrank flow=4 batch=1 newest_batch=1 cur=3300897408 target=3386431018 ceiling=200000000000 old_side_present=1
CBAP_MIG_REPLAN t=30010000 reason=active_set_shrank flow=5 batch=1 newest_batch=1 cur=3300621101 target=3386431018 ceiling=200000000000 old_side_present=1
CBAP_MIG_REPLAN t=30010000 reason=active_set_shrank flow=6 batch=1 newest_batch=1 cur=3300809671 target=3386431018 ceiling=200000000000 old_side_present=1
CBAP_MIG_REPLAN t=30010000 reason=active_set_shrank flow=7 batch=1 newest_batch=1 cur=3300827257 target=3386431018 ceiling=200000000000 old_side_present=1
CBAP_MIG_REPLAN t=30010000 reason=active_set_shrank flow=8 batch=1 newest_batch=1 cur=3302115217 target=3386431018 ceiling=200000000000 old_side_present=1
CBAP_MIG_REPLAN t=30010000 reason=active_set_shrank flow=9 batch=1 newest_batch=1 cur=3301118090 target=3386431018 ceiling=200000000000 old_side_present=1
CBAP_MIG_REPLAN t=30010000 reason=active_set_shrank flow=10 batch=1 newest_batch=1 cur=3300789100 target=3386431018 ceiling=200000000000 old_side_present=1
CBAP_MIG_REPLAN t=30010000 reason=active_set_shrank flow=11 batch=1 newest_batch=1 cur=3302321640 target=3386431018 ceiling=200000000000 old_side_present=1
CBAP_MIG_REPLAN t=30010000 reason=active_set_shrank flow=12 batch=1 newest_batch=1 cur=3301864625 target=3386431018 ceiling=200000000000 old_side_present=1
CBAP_MIG_REPLAN t=30010000 reason=active_set_shrank flow=13 batch=1 newest_batch=1 cur=3300754648 target=3386431018 ceiling=200000000000 old_side_present=1
CBAP_MIG_REPLAN t=30010000 reason=active_set_shrank flow=14 batch=1 newest_batch=1 cur=3300393155 target=3386431018 ceiling=200000000000 old_side_present=1
CBAP_MIG_REPLAN t=30010000 reason=active_set_shrank flow=15 batch=1 newest_batch=1 cur=3300643896 target=3386431018 ceiling=200000000000 old_side_present=1
CBAP_MIG_REPLAN t=30010000 reason=active_set_shrank flow=16 batch=1 newest_batch=1 cur=3300578453 target=3386431018 ceiling=200000000000 old_side_present=1
CBAP_MIG_REPLAN t=30010000 reason=active_set_shrank flow=17 batch=1 newest_batch=1 cur=3302065025 target=3386431018 ceiling=200000000000 old_side_present=1
CBAP_MIG_REPLAN t=30010000 reason=active_set_shrank flow=18 batch=1 newest_batch=1 cur=3300474380 target=3386431018 ceiling=200000000000 old_side_present=1
CBAP_MIG_REPLAN t=30010000 reason=active_set_shrank flow=19 batch=1 newest_batch=1 cur=3300755407 target=3386431018 ceiling=200000000000 old_side_present=1
CBAP_MIG_REPLAN t=30010000 reason=active_set_shrank flow=20 batch=1 newest_batch=1 cur=3301444122 target=3386431018 ceiling=200000000000 old_side_present=1
CBAP_MIG_REPLAN t=30010000 reason=active_set_shrank flow=21 batch=1 newest_batch=1 cur=3302286425 target=3386431018 ceiling=200000000000 old_side_present=1
CBAP_MIG_REPLAN t=30010000 reason=active_set_shrank flow=22 batch=1 newest_batch=1 cur=3300762406 target=3386431018 ceiling=200000000000 old_side_present=1
CBAP_MIG_REPLAN t=30010000 reason=active_set_shrank flow=23 batch=1 newest_batch=1 cur=3300840375 target=3386431018 ceiling=200000000000 old_side_present=1
CBAP_MIG_REPLAN t=30010000 reason=active_set_shrank flow=24 batch=1 newest_batch=1 cur=3302465255 target=3386431018 ceiling=200000000000 old_side_present=1
CBAP_MIG_REPLAN t=30010000 reason=active_set_shrank flow=25 batch=1 newest_batch=1 cur=3302104717 target=3386431018 ceiling=200000000000 old_side_present=1
CBAP_MIG_REPLAN t=30010000 reason=active_set_shrank flow=26 batch=1 newest_batch=1 cur=3300444170 target=3386431018 ceiling=200000000000 old_side_present=1
CBAP_MIG_REPLAN t=30010000 reason=active_set_shrank flow=27 batch=1 newest_batch=1 cur=3301965962 target=3386431018 ceiling=200000000000 old_side_present=1
CBAP_MIG_REPLAN t=30010000 reason=active_set_shrank flow=28 batch=1 newest_batch=1 cur=3300526425 target=3386431018 ceiling=200000000000 old_side_present=1
CBAP_MIG_REPLAN t=30010000 reason=active_set_shrank flow=29 batch=1 newest_batch=1 cur=3301275493 target=3386431018 ceiling=200000000000 old_side_present=1
CBAP_MIG_REPLAN t=30010000 reason=active_set_shrank flow=30 batch=1 newest_batch=1 cur=3301845182 target=3386431018 ceiling=200000000000 old_side_present=1
CBAP_MIG_REPLAN t=30010000 reason=active_set_shrank flow=32 batch=1 newest_batch=1 cur=3300719838 target=3386431018 ceiling=200000000000 old_side_present=1
CBAP_MIG_REPLAN t=30010000 reason=active_set_shrank flow=33 batch=1 newest_batch=1 cur=3300605036 target=3386431018 ceiling=200000000000 old_side_present=1
CBAP_MIG_REPLAN t=30010000 reason=active_set_shrank flow=34 batch=1 newest_batch=1 cur=3302087981 target=3386431018 ceiling=200000000000 old_side_present=1
CBAP_MIG_REPLAN t=30010000 reason=active_set_shrank flow=35 batch=1 newest_batch=1 cur=3300594912 target=3386431018 ceiling=200000000000 old_side_present=1
CBAP_MIG_REPLAN t=30010000 reason=active_set_shrank flow=37 batch=1 newest_batch=1 cur=3300341366 target=3386431018 ceiling=200000000000 old_side_present=1
CBAP_MIG_REPLAN t=30010000 reason=active_set_shrank flow=38 batch=1 newest_batch=1 cur=3300820519 target=3386431018 ceiling=200000000000 old_side_present=1
CBAP_MIG_REPLAN t=30010000 reason=active_set_shrank flow=39 batch=1 newest_batch=1 cur=3300444811 target=3386431018 ceiling=200000000000 old_side_present=1
CBAP_MIG_REPLAN t=30010000 reason=active_set_shrank flow=40 batch=1 newest_batch=1 cur=3300471999 target=3386431018 ceiling=200000000000 old_side_present=1
CBAP_MIG_REPLAN t=30010000 reason=active_set_shrank flow=42 batch=1 newest_batch=1 cur=3300678702 target=3386431018 ceiling=200000000000 old_side_present=1
CBAP_MIG_REPLAN t=30010000 reason=active_set_shrank flow=43 batch=1 newest_batch=1 cur=3301912635 target=3386431018 ceiling=200000000000 old_side_present=1
CBAP_MIG_REPLAN t=30010000 reason=active_set_shrank flow=44 batch=1 newest_batch=1 cur=3302205649 target=3386431018 ceiling=200000000000 old_side_present=1
CBAP_MIG_REPLAN t=30010000 reason=active_set_shrank flow=45 batch=1 newest_batch=1 cur=3300471426 target=3386431018 ceiling=200000000000 old_side_present=1
CBAP_MIG_REPLAN t=30010000 reason=active_set_shrank flow=46 batch=1 newest_batch=1 cur=3301862377 target=3386431018 ceiling=200000000000 old_side_present=1
CBAP_MIG_REPLAN t=30010000 reason=active_set_shrank flow=47 batch=1 newest_batch=1 cur=3300878289 target=3386431018 ceiling=200000000000 old_side_present=1
CBAP_MIG_REPLAN t=30010000 reason=active_set_shrank flow=49 batch=1 newest_batch=1 cur=3300691251 target=3386431018 ceiling=200000000000 old_side_present=1
CBAP_MIG_REPLAN t=30010000 reason=active_set_shrank flow=50 batch=1 newest_batch=1 cur=3300801616 target=3386431018 ceiling=200000000000 old_side_present=1
CBAP_MIG_REPLAN t=30010000 reason=active_set_shrank flow=51 batch=1 newest_batch=1 cur=3301772640 target=3386431018 ceiling=200000000000 old_side_present=1
CBAP_MIG_REPLAN t=30010000 reason=active_set_shrank flow=52 batch=1 newest_batch=1 cur=3302448671 target=3386431018 ceiling=200000000000 old_side_present=1
CBAP_MIG_REPLAN t=30010000 reason=active_set_shrank flow=53 batch=1 newest_batch=1 cur=3302144556 target=3386431018 ceiling=200000000000 old_side_present=1
CBAP_MIG_REPLAN t=30010000 reason=active_set_shrank flow=54 batch=1 newest_batch=1 cur=3300845070 target=3386431018 ceiling=200000000000 old_side_present=1
CBAP_MIG_REPLAN t=30010000 reason=active_set_shrank flow=55 batch=1 newest_batch=1 cur=3300561182 target=3386431018 ceiling=200000000000 old_side_present=1
CBAP_MIG_REPLAN t=30010000 reason=active_set_shrank flow=56 batch=1 newest_batch=1 cur=3300774988 target=3386431018 ceiling=200000000000 old_side_present=1
CBAP_MIG_REPLAN t=30010000 reason=active_set_shrank flow=58 batch=1 newest_batch=1 cur=3300815812 target=3386431018 ceiling=200000000000 old_side_present=1
CBAP_MIG_REPLAN t=30010000 reason=active_set_shrank flow=59 batch=1 newest_batch=1 cur=3301841431 target=3386431018 ceiling=200000000000 old_side_present=1
CBAP_MIG_REPLAN t=30010000 reason=active_set_shrank flow=60 batch=1 newest_batch=1 cur=3300701279 target=3386431018 ceiling=200000000000 old_side_present=1
CBAP_MIG_REPLAN t=30010000 reason=active_set_shrank flow=61 batch=1 newest_batch=1 cur=3301294303 target=3386431018 ceiling=200000000000 old_side_present=1
CBAP_MIG_REPLAN t=30010000 reason=active_set_shrank flow=62 batch=1 newest_batch=1 cur=3302125687 target=3386431018 ceiling=200000000000 old_side_present=1
CBAP_MIG_REPLAN t=30010000 reason=active_set_shrank flow=63 batch=1 newest_batch=1 cur=3300893590 target=3386431018 ceiling=200000000000 old_side_present=1
CBAP_MIG_REPLAN t=30010000 reason=active_set_shrank flow=64 batch=1 newest_batch=1 cur=3300833982 target=3386431018 ceiling=200000000000 old_side_present=1
CBAP_MIG t=30010000 epoch=6002 flow=0 side=old cur=2005698867 next=2003989206 tgt=2000000000 f=0.3 u=0 breach=0 end=converged
CBAP_MIG t=30010000 epoch=6002 flow=1 side=new cur=3302459678 next=3336468070 tgt=3386431018 f=0.405 u=0 breach=3 end=
CBAP_MIG t=30010000 epoch=6002 flow=2 side=new cur=3300824336 next=3335495042 tgt=3386431018 f=0.405 u=0 breach=3 end=
CBAP_MIG t=30010000 epoch=6002 flow=3 side=new cur=3302126946 next=3336270095 tgt=3386431018 f=0.405 u=0 breach=3 end=
CBAP_MIG t=30010000 epoch=6002 flow=4 side=new cur=3300897408 next=3335538520 tgt=3386431018 f=0.405 u=0 breach=3 end=
CBAP_MIG t=30010000 epoch=6002 flow=5 side=new cur=3300621101 next=3335374117 tgt=3386431018 f=0.405 u=0 breach=3 end=
CBAP_MIG t=30010000 epoch=6002 flow=6 side=new cur=3300809671 next=3335486316 tgt=3386431018 f=0.405 u=0 breach=3 end=
CBAP_MIG t=30010000 epoch=6002 flow=7 side=new cur=3300827257 next=3335496780 tgt=3386431018 f=0.405 u=0 breach=3 end=
CBAP_MIG t=30010000 epoch=6002 flow=8 side=new cur=3302115217 next=3336263116 tgt=3386431018 f=0.405 u=0 breach=3 end=
CBAP_MIG t=30010000 epoch=6002 flow=9 side=new cur=3301118090 next=3335669825 tgt=3386431018 f=0.405 u=0 breach=3 end=
CBAP_MIG t=30010000 epoch=6002 flow=10 side=new cur=3300789100 next=3335474076 tgt=3386431018 f=0.405 u=0 breach=3 end=
CBAP_MIG t=30010000 epoch=6002 flow=11 side=new cur=3302321640 next=3336385938 tgt=3386431018 f=0.405 u=0 breach=3 end=
CBAP_MIG t=30010000 epoch=6002 flow=12 side=new cur=3301864625 next=3336114014 tgt=3386431018 f=0.405 u=0 breach=3 end=
CBAP_MIG t=30010000 epoch=6002 flow=13 side=new cur=3300754648 next=3335453577 tgt=3386431018 f=0.405 u=0 breach=3 end=
CBAP_MIG t=30010000 epoch=6002 flow=14 side=new cur=3300393155 next=3335238489 tgt=3386431018 f=0.405 u=0 breach=3 end=
CBAP_MIG t=30010000 epoch=6002 flow=15 side=new cur=3300643896 next=3335387680 tgt=3386431018 f=0.405 u=0 breach=3 end=
CBAP_MIG t=30010000 epoch=6002 flow=16 side=new cur=3300578453 next=3335348741 tgt=3386431018 f=0.405 u=0 breach=3 end=
CBAP_MIG t=30010000 epoch=6002 flow=17 side=new cur=3302065025 next=3336233252 tgt=3386431018 f=0.405 u=0 breach=3 end=
CBAP_MIG t=30010000 epoch=6002 flow=18 side=new cur=3300474380 next=3335286818 tgt=3386431018 f=0.405 u=0 breach=3 end=
CBAP_MIG t=30010000 epoch=6002 flow=19 side=new cur=3300755407 next=3335454029 tgt=3386431018 f=0.405 u=0 breach=3 end=
CBAP_MIG t=30010000 epoch=6002 flow=20 side=new cur=3301444122 next=3335863814 tgt=3386431018 f=0.405 u=0 breach=3 end=
CBAP_MIG t=30010000 epoch=6002 flow=21 side=new cur=3302286425 next=3336364985 tgt=3386431018 f=0.405 u=0 breach=3 end=
CBAP_MIG t=30010000 epoch=6002 flow=22 side=new cur=3300762406 next=3335458193 tgt=3386431018 f=0.405 u=0 breach=3 end=
CBAP_MIG t=30010000 epoch=6002 flow=23 side=new cur=3300840375 next=3335504585 tgt=3386431018 f=0.405 u=0 breach=3 end=
CBAP_MIG t=30010000 epoch=6002 flow=24 side=new cur=3302465255 next=3336471389 tgt=3386431018 f=0.405 u=0 breach=3 end=
CBAP_MIG t=30010000 epoch=6002 flow=25 side=new cur=3302104717 next=3336256868 tgt=3386431018 f=0.405 u=0 breach=3 end=
CBAP_MIG t=30010000 epoch=6002 flow=26 side=new cur=3300444170 next=3335268843 tgt=3386431018 f=0.405 u=0 breach=3 end=
CBAP_MIG t=30010000 epoch=6002 flow=27 side=new cur=3301965962 next=3336174309 tgt=3386431018 f=0.405 u=0 breach=3 end=
CBAP_MIG t=30010000 epoch=6002 flow=28 side=new cur=3300526425 next=3335317785 tgt=3386431018 f=0.405 u=0 breach=3 end=
CBAP_MIG t=30010000 epoch=6002 flow=29 side=new cur=3301275493 next=3335763480 tgt=3386431018 f=0.405 u=0 breach=3 end=
CBAP_MIG t=30010000 epoch=6002 flow=30 side=new cur=3301845182 next=3336102445 tgt=3386431018 f=0.405 u=0 breach=3 end=
CBAP_MIG t=30010000 epoch=6002 flow=32 side=new cur=3300719838 next=3335432865 tgt=3386431018 f=0.405 u=0 breach=3 end=
CBAP_MIG t=30010000 epoch=6002 flow=33 side=new cur=3300605036 next=3335364558 tgt=3386431018 f=0.405 u=0 breach=3 end=
CBAP_MIG t=30010000 epoch=6002 flow=34 side=new cur=3302087981 next=3336246910 tgt=3386431018 f=0.405 u=0 breach=3 end=
CBAP_MIG t=30010000 epoch=6002 flow=35 side=new cur=3300594912 next=3335358534 tgt=3386431018 f=0.405 u=0 breach=3 end=
CBAP_MIG t=30010000 epoch=6002 flow=37 side=new cur=3300341366 next=3335207675 tgt=3386431018 f=0.405 u=0 breach=3 end=
CBAP_MIG t=30010000 epoch=6002 flow=38 side=new cur=3300820519 next=3335492771 tgt=3386431018 f=0.405 u=0 breach=3 end=
CBAP_MIG t=30010000 epoch=6002 flow=39 side=new cur=3300444811 next=3335269224 tgt=3386431018 f=0.405 u=0 breach=3 end=
CBAP_MIG t=30010000 epoch=6002 flow=40 side=new cur=3300471999 next=3335285401 tgt=3386431018 f=0.405 u=0 breach=3 end=
CBAP_MIG t=30010000 epoch=6002 flow=42 side=new cur=3300678702 next=3335408389 tgt=3386431018 f=0.405 u=0 breach=3 end=
CBAP_MIG t=30010000 epoch=6002 flow=43 side=new cur=3301912635 next=3336142580 tgt=3386431018 f=0.405 u=0 breach=3 end=
CBAP_MIG t=30010000 epoch=6002 flow=44 side=new cur=3302205649 next=3336316923 tgt=3386431018 f=0.405 u=0 breach=3 end=
CBAP_MIG t=30010000 epoch=6002 flow=45 side=new cur=3300471426 next=3335285060 tgt=3386431018 f=0.405 u=0 breach=3 end=
CBAP_MIG t=30010000 epoch=6002 flow=46 side=new cur=3301862377 next=3336112676 tgt=3386431018 f=0.405 u=0 breach=3 end=
CBAP_MIG t=30010000 epoch=6002 flow=47 side=new cur=3300878289 next=3335527144 tgt=3386431018 f=0.405 u=0 breach=3 end=
CBAP_MIG t=30010000 epoch=6002 flow=49 side=new cur=3300691251 next=3335415856 tgt=3386431018 f=0.405 u=0 breach=3 end=
CBAP_MIG t=30010000 epoch=6002 flow=50 side=new cur=3300801616 next=3335481523 tgt=3386431018 f=0.405 u=0 breach=3 end=
CBAP_MIG t=30010000 epoch=6002 flow=51 side=new cur=3301772640 next=3336059283 tgt=3386431018 f=0.405 u=0 breach=3 end=
CBAP_MIG t=30010000 epoch=6002 flow=52 side=new cur=3302448671 next=3336461521 tgt=3386431018 f=0.405 u=0 breach=3 end=
CBAP_MIG t=30010000 epoch=6002 flow=53 side=new cur=3302144556 next=3336280573 tgt=3386431018 f=0.405 u=0 breach=3 end=
CBAP_MIG t=30010000 epoch=6002 flow=54 side=new cur=3300845070 next=3335507378 tgt=3386431018 f=0.405 u=0 breach=3 end=
CBAP_MIG t=30010000 epoch=6002 flow=55 side=new cur=3300561182 next=3335338465 tgt=3386431018 f=0.405 u=0 breach=3 end=
CBAP_MIG t=30010000 epoch=6002 flow=56 side=new cur=3300774988 next=3335465680 tgt=3386431018 f=0.405 u=0 breach=3 end=
CBAP_MIG t=30010000 epoch=6002 flow=58 side=new cur=3300815812 next=3335489970 tgt=3386431018 f=0.405 u=0 breach=3 end=
CBAP_MIG t=30010000 epoch=6002 flow=59 side=new cur=3301841431 next=3336100213 tgt=3386431018 f=0.405 u=0 breach=3 end=
CBAP_MIG t=30010000 epoch=6002 flow=60 side=new cur=3300701279 next=3335421823 tgt=3386431018 f=0.405 u=0 breach=3 end=
CBAP_MIG t=30010000 epoch=6002 flow=61 side=new cur=3301294303 next=3335774672 tgt=3386431018 f=0.405 u=0 breach=3 end=
CBAP_MIG t=30010000 epoch=6002 flow=62 side=new cur=3302125687 next=3336269346 tgt=3386431018 f=0.405 u=0 breach=3 end=
CBAP_MIG t=30010000 epoch=6002 flow=63 side=new cur=3300893590 next=3335536248 tgt=3386431018 f=0.405 u=0 breach=3 end=
CBAP_MIG t=30010000 epoch=6002 flow=64 side=new cur=3300833982 next=3335500781 tgt=3386431018 f=0.405 u=0 breach=3 end=
CBAP_MIG t=30015000 epoch=6003 flow=1 side=new cur=3336468070 next=3356703063 tgt=3386431018 f=0.405 u=0 breach=3 end=converged
CBAP_MIG t=30015000 epoch=6003 flow=2 side=new cur=3335495042 next=3356124112 tgt=3386431018 f=0.405 u=0 breach=3 end=converged
CBAP_MIG t=30015000 epoch=6003 flow=3 side=new cur=3336270095 next=3356585268 tgt=3386431018 f=0.405 u=0 breach=3 end=converged
CBAP_MIG t=30015000 epoch=6003 flow=4 side=new cur=3335538520 next=3356149981 tgt=3386431018 f=0.405 u=0 breach=3 end=converged
CBAP_MIG t=30015000 epoch=6003 flow=5 side=new cur=3335374117 next=3356052161 tgt=3386431018 f=0.405 u=0 breach=3 end=converged
CBAP_MIG t=30015000 epoch=6003 flow=6 side=new cur=3335486316 next=3356118920 tgt=3386431018 f=0.405 u=0 breach=3 end=converged
CBAP_MIG t=30015000 epoch=6003 flow=7 side=new cur=3335496780 next=3356125146 tgt=3386431018 f=0.405 u=0 breach=3 end=converged
CBAP_MIG t=30015000 epoch=6003 flow=8 side=new cur=3336263116 next=3356581116 tgt=3386431018 f=0.405 u=0 breach=3 end=converged
CBAP_MIG t=30015000 epoch=6003 flow=9 side=new cur=3335669825 next=3356228108 tgt=3386431018 f=0.405 u=0 breach=3 end=converged
CBAP_MIG t=30015000 epoch=6003 flow=10 side=new cur=3335474076 next=3356111637 tgt=3386431018 f=0.405 u=0 breach=3 end=converged
CBAP_MIG t=30015000 epoch=6003 flow=11 side=new cur=3336385938 next=3356654195 tgt=3386431018 f=0.405 u=0 breach=3 end=converged
CBAP_MIG t=30015000 epoch=6003 flow=12 side=new cur=3336114014 next=3356492400 tgt=3386431018 f=0.405 u=0 breach=3 end=converged
CBAP_MIG t=30015000 epoch=6003 flow=13 side=new cur=3335453577 next=3356099440 tgt=3386431018 f=0.405 u=0 breach=3 end=converged
CBAP_MIG t=30015000 epoch=6003 flow=14 side=new cur=3335238489 next=3355971463 tgt=3386431018 f=0.405 u=0 breach=3 end=converged
CBAP_MIG t=30015000 epoch=6003 flow=15 side=new cur=3335387680 next=3356060231 tgt=3386431018 f=0.405 u=0 breach=3 end=converged
CBAP_MIG t=30015000 epoch=6003 flow=16 side=new cur=3335348741 next=3356037063 tgt=3386431018 f=0.405 u=0 breach=3 end=converged
CBAP_MIG t=30015000 epoch=6003 flow=17 side=new cur=3336233252 next=3356563347 tgt=3386431018 f=0.405 u=0 breach=3 end=converged
CBAP_MIG t=30015000 epoch=6003 flow=18 side=new cur=3335286818 next=3356000218 tgt=3386431018 f=0.405 u=0 breach=3 end=converged
CBAP_MIG t=30015000 epoch=6003 flow=19 side=new cur=3335454029 next=3356099709 tgt=3386431018 f=0.405 u=0 breach=3 end=converged
CBAP_MIG t=30015000 epoch=6003 flow=20 side=new cur=3335863814 next=3356343531 tgt=3386431018 f=0.405 u=0 breach=3 end=converged
CBAP_MIG t=30015000 epoch=6003 flow=21 side=new cur=3336364985 next=3356641728 tgt=3386431018 f=0.405 u=0 breach=3 end=converged
CBAP_MIG t=30015000 epoch=6003 flow=22 side=new cur=3335458193 next=3356102187 tgt=3386431018 f=0.405 u=0 breach=3 end=converged
CBAP_MIG t=30015000 epoch=6003 flow=23 side=new cur=3335504585 next=3356129790 tgt=3386431018 f=0.405 u=0 breach=3 end=converged
CBAP_MIG t=30015000 epoch=6003 flow=24 side=new cur=3336471389 next=3356705038 tgt=3386431018 f=0.405 u=0 breach=3 end=converged
CBAP_MIG t=30015000 epoch=6003 flow=25 side=new cur=3336256868 next=3356577398 tgt=3386431018 f=0.405 u=0 breach=3 end=converged
CBAP_MIG t=30015000 epoch=6003 flow=26 side=new cur=3335268843 next=3355989523 tgt=3386431018 f=0.405 u=0 breach=3 end=converged
CBAP_MIG t=30015000 epoch=6003 flow=27 side=new cur=3336174309 next=3356528276 tgt=3386431018 f=0.405 u=0 breach=3 end=converged
CBAP_MIG t=30015000 epoch=6003 flow=28 side=new cur=3335317785 next=3356018644 tgt=3386431018 f=0.405 u=0 breach=3 end=converged
CBAP_MIG t=30015000 epoch=6003 flow=29 side=new cur=3335763480 next=3356283832 tgt=3386431018 f=0.405 u=0 breach=3 end=converged
CBAP_MIG t=30015000 epoch=6003 flow=30 side=new cur=3336102445 next=3356485517 tgt=3386431018 f=0.405 u=0 breach=3 end=converged
CBAP_MIG t=30015000 epoch=6003 flow=32 side=new cur=3335432865 next=3356087116 tgt=3386431018 f=0.405 u=0 breach=3 end=converged
CBAP_MIG t=30015000 epoch=6003 flow=33 side=new cur=3335364558 next=3356046474 tgt=3386431018 f=0.405 u=0 breach=3 end=converged
CBAP_MIG t=30015000 epoch=6003 flow=34 side=new cur=3336246910 next=3356571473 tgt=3386431018 f=0.405 u=0 breach=3 end=converged
CBAP_MIG t=30015000 epoch=6003 flow=35 side=new cur=3335358534 next=3356042890 tgt=3386431018 f=0.405 u=0 breach=3 end=converged
CBAP_MIG t=30015000 epoch=6003 flow=37 side=new cur=3335207675 next=3355953128 tgt=3386431018 f=0.405 u=0 breach=3 end=converged
CBAP_MIG t=30015000 epoch=6003 flow=38 side=new cur=3335492771 next=3356122761 tgt=3386431018 f=0.405 u=0 breach=3 end=converged
CBAP_MIG t=30015000 epoch=6003 flow=39 side=new cur=3335269224 next=3355989750 tgt=3386431018 f=0.405 u=0 breach=3 end=converged
CBAP_MIG t=30015000 epoch=6003 flow=40 side=new cur=3335285401 next=3355999375 tgt=3386431018 f=0.405 u=0 breach=3 end=converged
CBAP_MIG t=30015000 epoch=6003 flow=42 side=new cur=3335408389 next=3356072553 tgt=3386431018 f=0.405 u=0 breach=3 end=converged
CBAP_MIG t=30015000 epoch=6003 flow=43 side=new cur=3336142580 next=3356509397 tgt=3386431018 f=0.405 u=0 breach=3 end=converged
CBAP_MIG t=30015000 epoch=6003 flow=44 side=new cur=3336316923 next=3356613131 tgt=3386431018 f=0.405 u=0 breach=3 end=converged
CBAP_MIG t=30015000 epoch=6003 flow=45 side=new cur=3335285060 next=3355999172 tgt=3386431018 f=0.405 u=0 breach=3 end=converged
CBAP_MIG t=30015000 epoch=6003 flow=46 side=new cur=3336112676 next=3356491604 tgt=3386431018 f=0.405 u=0 breach=3 end=converged
CBAP_MIG t=30015000 epoch=6003 flow=47 side=new cur=3335527144 next=3356143212 tgt=3386431018 f=0.405 u=0 breach=3 end=converged
CBAP_MIG t=30015000 epoch=6003 flow=49 side=new cur=3335415856 next=3356076996 tgt=3386431018 f=0.405 u=0 breach=3 end=converged
CBAP_MIG t=30015000 epoch=6003 flow=50 side=new cur=3335481523 next=3356116068 tgt=3386431018 f=0.405 u=0 breach=3 end=converged
CBAP_MIG t=30015000 epoch=6003 flow=51 side=new cur=3336059283 next=3356459835 tgt=3386431018 f=0.405 u=0 breach=3 end=converged
CBAP_MIG t=30015000 epoch=6003 flow=52 side=new cur=3336461521 next=3356699167 tgt=3386431018 f=0.405 u=0 breach=3 end=converged
CBAP_MIG t=30015000 epoch=6003 flow=53 side=new cur=3336280573 next=3356591503 tgt=3386431018 f=0.405 u=0 breach=3 end=converged
CBAP_MIG t=30015000 epoch=6003 flow=54 side=new cur=3335507378 next=3356131452 tgt=3386431018 f=0.405 u=0 breach=3 end=converged
CBAP_MIG t=30015000 epoch=6003 flow=55 side=new cur=3335338465 next=3356030948 tgt=3386431018 f=0.405 u=0 breach=3 end=converged
CBAP_MIG t=30015000 epoch=6003 flow=56 side=new cur=3335465680 next=3356106641 tgt=3386431018 f=0.405 u=0 breach=3 end=converged
CBAP_MIG t=30015000 epoch=6003 flow=58 side=new cur=3335489970 next=3356121094 tgt=3386431018 f=0.405 u=0 breach=3 end=converged
CBAP_MIG t=30015000 epoch=6003 flow=59 side=new cur=3336100213 next=3356484189 tgt=3386431018 f=0.405 u=0 breach=3 end=converged
CBAP_MIG t=30015000 epoch=6003 flow=60 side=new cur=3335421823 next=3356080546 tgt=3386431018 f=0.405 u=0 breach=3 end=converged
CBAP_MIG t=30015000 epoch=6003 flow=61 side=new cur=3335774672 next=3356290492 tgt=3386431018 f=0.405 u=0 breach=3 end=converged
CBAP_MIG t=30015000 epoch=6003 flow=62 side=new cur=3336269346 next=3356584823 tgt=3386431018 f=0.405 u=0 breach=3 end=converged
CBAP_MIG t=30015000 epoch=6003 flow=63 side=new cur=3335536248 next=3356148629 tgt=3386431018 f=0.405 u=0 breach=3 end=converged
CBAP_MIG t=30015000 epoch=6003 flow=64 side=new cur=3335500781 next=3356127526 tgt=3386431018 f=0.405 u=0 breach=3 end=converged
CBAP_MIG_REPLAN t=30020000 reason=active_set_shrank flow=0 batch=0 newest_batch=1 cur=2003989206 target=2000000000 ceiling=190000000000 old_side_present=1
CBAP_MIG_REPLAN t=30020000 reason=active_set_shrank flow=1 batch=1 newest_batch=1 cur=3356703063 target=3444820708 ceiling=200000000000 old_side_present=1
CBAP_MIG_REPLAN t=30020000 reason=active_set_shrank flow=2 batch=1 newest_batch=1 cur=3356124112 target=3444820708 ceiling=200000000000 old_side_present=1
CBAP_MIG_REPLAN t=30020000 reason=active_set_shrank flow=3 batch=1 newest_batch=1 cur=3356585268 target=3444820708 ceiling=200000000000 old_side_present=1
CBAP_MIG_REPLAN t=30020000 reason=active_set_shrank flow=4 batch=1 newest_batch=1 cur=3356149981 target=3444820708 ceiling=200000000000 old_side_present=1
CBAP_MIG_REPLAN t=30020000 reason=active_set_shrank flow=5 batch=1 newest_batch=1 cur=3356052161 target=3444820708 ceiling=200000000000 old_side_present=1
CBAP_MIG_REPLAN t=30020000 reason=active_set_shrank flow=6 batch=1 newest_batch=1 cur=3356118920 target=3444820708 ceiling=200000000000 old_side_present=1
CBAP_MIG_REPLAN t=30020000 reason=active_set_shrank flow=7 batch=1 newest_batch=1 cur=3356125146 target=3444820708 ceiling=200000000000 old_side_present=1
CBAP_MIG_REPLAN t=30020000 reason=active_set_shrank flow=8 batch=1 newest_batch=1 cur=3356581116 target=3444820708 ceiling=200000000000 old_side_present=1
CBAP_MIG_REPLAN t=30020000 reason=active_set_shrank flow=9 batch=1 newest_batch=1 cur=3356228108 target=3444820708 ceiling=200000000000 old_side_present=1
CBAP_MIG_REPLAN t=30020000 reason=active_set_shrank flow=10 batch=1 newest_batch=1 cur=3356111637 target=3444820708 ceiling=200000000000 old_side_present=1
CBAP_MIG_REPLAN t=30020000 reason=active_set_shrank flow=11 batch=1 newest_batch=1 cur=3356654195 target=3444820708 ceiling=200000000000 old_side_present=1
CBAP_MIG_REPLAN t=30020000 reason=active_set_shrank flow=12 batch=1 newest_batch=1 cur=3356492400 target=3444820708 ceiling=200000000000 old_side_present=1
CBAP_MIG_REPLAN t=30020000 reason=active_set_shrank flow=13 batch=1 newest_batch=1 cur=3356099440 target=3444820708 ceiling=200000000000 old_side_present=1
CBAP_MIG_REPLAN t=30020000 reason=active_set_shrank flow=14 batch=1 newest_batch=1 cur=3355971463 target=3444820708 ceiling=200000000000 old_side_present=1
CBAP_MIG_REPLAN t=30020000 reason=active_set_shrank flow=15 batch=1 newest_batch=1 cur=3356060231 target=3444820708 ceiling=200000000000 old_side_present=1
CBAP_MIG_REPLAN t=30020000 reason=active_set_shrank flow=16 batch=1 newest_batch=1 cur=3356037063 target=3444820708 ceiling=200000000000 old_side_present=1
CBAP_MIG_REPLAN t=30020000 reason=active_set_shrank flow=17 batch=1 newest_batch=1 cur=3356563347 target=3444820708 ceiling=200000000000 old_side_present=1
CBAP_MIG_REPLAN t=30020000 reason=active_set_shrank flow=18 batch=1 newest_batch=1 cur=3356000218 target=3444820708 ceiling=200000000000 old_side_present=1
CBAP_MIG_REPLAN t=30020000 reason=active_set_shrank flow=19 batch=1 newest_batch=1 cur=3356099709 target=3444820708 ceiling=200000000000 old_side_present=1
CBAP_MIG_REPLAN t=30020000 reason=active_set_shrank flow=20 batch=1 newest_batch=1 cur=3356343531 target=3444820708 ceiling=200000000000 old_side_present=1
CBAP_MIG_REPLAN t=30020000 reason=active_set_shrank flow=21 batch=1 newest_batch=1 cur=3356641728 target=3444820708 ceiling=200000000000 old_side_present=1
CBAP_MIG_REPLAN t=30020000 reason=active_set_shrank flow=22 batch=1 newest_batch=1 cur=3356102187 target=3444820708 ceiling=200000000000 old_side_present=1
CBAP_MIG_REPLAN t=30020000 reason=active_set_shrank flow=23 batch=1 newest_batch=1 cur=3356129790 target=3444820708 ceiling=200000000000 old_side_present=1
CBAP_MIG_REPLAN t=30020000 reason=active_set_shrank flow=24 batch=1 newest_batch=1 cur=3356705038 target=3444820708 ceiling=200000000000 old_side_present=1
CBAP_MIG_REPLAN t=30020000 reason=active_set_shrank flow=25 batch=1 newest_batch=1 cur=3356577398 target=3444820708 ceiling=200000000000 old_side_present=1
CBAP_MIG_REPLAN t=30020000 reason=active_set_shrank flow=26 batch=1 newest_batch=1 cur=3355989523 target=3444820708 ceiling=200000000000 old_side_present=1
CBAP_MIG_REPLAN t=30020000 reason=active_set_shrank flow=27 batch=1 newest_batch=1 cur=3356528276 target=3444820708 ceiling=200000000000 old_side_present=1
CBAP_MIG_REPLAN t=30020000 reason=active_set_shrank flow=28 batch=1 newest_batch=1 cur=3356018644 target=3444820708 ceiling=200000000000 old_side_present=1
CBAP_MIG_REPLAN t=30020000 reason=active_set_shrank flow=29 batch=1 newest_batch=1 cur=3356283832 target=3444820708 ceiling=200000000000 old_side_present=1
CBAP_MIG_REPLAN t=30020000 reason=active_set_shrank flow=30 batch=1 newest_batch=1 cur=3356485517 target=3444820708 ceiling=200000000000 old_side_present=1
CBAP_MIG_REPLAN t=30020000 reason=active_set_shrank flow=32 batch=1 newest_batch=1 cur=3356087116 target=3444820708 ceiling=200000000000 old_side_present=1
CBAP_MIG_REPLAN t=30020000 reason=active_set_shrank flow=33 batch=1 newest_batch=1 cur=3356046474 target=3444820708 ceiling=200000000000 old_side_present=1
CBAP_MIG_REPLAN t=30020000 reason=active_set_shrank flow=34 batch=1 newest_batch=1 cur=3356571473 target=3444820708 ceiling=200000000000 old_side_present=1
CBAP_MIG_REPLAN t=30020000 reason=active_set_shrank flow=35 batch=1 newest_batch=1 cur=3356042890 target=3444820708 ceiling=200000000000 old_side_present=1
CBAP_MIG_REPLAN t=30020000 reason=active_set_shrank flow=37 batch=1 newest_batch=1 cur=3355953128 target=3444820708 ceiling=200000000000 old_side_present=1
CBAP_MIG_REPLAN t=30020000 reason=active_set_shrank flow=38 batch=1 newest_batch=1 cur=3356122761 target=3444820708 ceiling=200000000000 old_side_present=1
CBAP_MIG_REPLAN t=30020000 reason=active_set_shrank flow=39 batch=1 newest_batch=1 cur=3355989750 target=3444820708 ceiling=200000000000 old_side_present=1
CBAP_MIG_REPLAN t=30020000 reason=active_set_shrank flow=40 batch=1 newest_batch=1 cur=3355999375 target=3444820708 ceiling=200000000000 old_side_present=1
CBAP_MIG_REPLAN t=30020000 reason=active_set_shrank flow=42 batch=1 newest_batch=1 cur=3356072553 target=3444820708 ceiling=200000000000 old_side_present=1
CBAP_MIG_REPLAN t=30020000 reason=active_set_shrank flow=43 batch=1 newest_batch=1 cur=3356509397 target=3444820708 ceiling=200000000000 old_side_present=1
CBAP_MIG_REPLAN t=30020000 reason=active_set_shrank flow=44 batch=1 newest_batch=1 cur=3356613131 target=3444820708 ceiling=200000000000 old_side_present=1
CBAP_MIG_REPLAN t=30020000 reason=active_set_shrank flow=45 batch=1 newest_batch=1 cur=3355999172 target=3444820708 ceiling=200000000000 old_side_present=1
CBAP_MIG_REPLAN t=30020000 reason=active_set_shrank flow=47 batch=1 newest_batch=1 cur=3356143212 target=3444820708 ceiling=200000000000 old_side_present=1
CBAP_MIG_REPLAN t=30020000 reason=active_set_shrank flow=49 batch=1 newest_batch=1 cur=3356076996 target=3444820708 ceiling=200000000000 old_side_present=1
CBAP_MIG_REPLAN t=30020000 reason=active_set_shrank flow=50 batch=1 newest_batch=1 cur=3356116068 target=3444820708 ceiling=200000000000 old_side_present=1
CBAP_MIG_REPLAN t=30020000 reason=active_set_shrank flow=51 batch=1 newest_batch=1 cur=3356459835 target=3444820708 ceiling=200000000000 old_side_present=1
CBAP_MIG_REPLAN t=30020000 reason=active_set_shrank flow=52 batch=1 newest_batch=1 cur=3356699167 target=3444820708 ceiling=200000000000 old_side_present=1
CBAP_MIG_REPLAN t=30020000 reason=active_set_shrank flow=53 batch=1 newest_batch=1 cur=3356591503 target=3444820708 ceiling=200000000000 old_side_present=1
CBAP_MIG_REPLAN t=30020000 reason=active_set_shrank flow=54 batch=1 newest_batch=1 cur=3356131452 target=3444820708 ceiling=200000000000 old_side_present=1
CBAP_MIG_REPLAN t=30020000 reason=active_set_shrank flow=55 batch=1 newest_batch=1 cur=3356030948 target=3444820708 ceiling=200000000000 old_side_present=1
CBAP_MIG_REPLAN t=30020000 reason=active_set_shrank flow=56 batch=1 newest_batch=1 cur=3356106641 target=3444820708 ceiling=200000000000 old_side_present=1
CBAP_MIG_REPLAN t=30020000 reason=active_set_shrank flow=58 batch=1 newest_batch=1 cur=3356121094 target=3444820708 ceiling=200000000000 old_side_present=1
CBAP_MIG_REPLAN t=30020000 reason=active_set_shrank flow=59 batch=1 newest_batch=1 cur=3356484189 target=3444820708 ceiling=200000000000 old_side_present=1
CBAP_MIG_REPLAN t=30020000 reason=active_set_shrank flow=60 batch=1 newest_batch=1 cur=3356080546 target=3444820708 ceiling=200000000000 old_side_present=1
CBAP_MIG_REPLAN t=30020000 reason=active_set_shrank flow=61 batch=1 newest_batch=1 cur=3356290492 target=3444820708 ceiling=200000000000 old_side_present=1
CBAP_MIG_REPLAN t=30020000 reason=active_set_shrank flow=62 batch=1 newest_batch=1 cur=3356584823 target=3444820708 ceiling=200000000000 old_side_present=1
CBAP_MIG_REPLAN t=30020000 reason=active_set_shrank flow=63 batch=1 newest_batch=1 cur=3356148629 target=3444820708 ceiling=200000000000 old_side_present=1
CBAP_MIG_REPLAN t=30020000 reason=active_set_shrank flow=64 batch=1 newest_batch=1 cur=3356127526 target=3444820708 ceiling=200000000000 old_side_present=1
CBAP_MIG t=30020000 epoch=6004 flow=0 side=old cur=2003989206 next=2002792444 tgt=2000000000 f=0.3 u=0 breach=0 end=converged
CBAP_MIG t=30020000 epoch=6004 flow=1 side=new cur=3356703063 next=3392390709 tgt=3444820708 f=0.405 u=0 breach=3 end=
CBAP_MIG t=30020000 epoch=6004 flow=2 side=new cur=3356124112 next=3392046233 tgt=3444820708 f=0.405 u=0 breach=3 end=
CBAP_MIG t=30020000 epoch=6004 flow=3 side=new cur=3356585268 next=3392320621 tgt=3444820708 f=0.405 u=0 breach=3 end=
CBAP_MIG t=30020000 epoch=6004 flow=4 side=new cur=3356149981 next=3392061625 tgt=3444820708 f=0.405 u=0 breach=3 end=
CBAP_MIG t=30020000 epoch=6004 flow=5 side=new cur=3356052161 next=3392003422 tgt=3444820708 f=0.405 u=0 breach=3 end=
CBAP_MIG t=30020000 epoch=6004 flow=6 side=new cur=3356118920 next=3392043144 tgt=3444820708 f=0.405 u=0 breach=3 end=
CBAP_MIG t=30020000 epoch=6004 flow=7 side=new cur=3356125146 next=3392046848 tgt=3444820708 f=0.405 u=0 breach=3 end=
CBAP_MIG t=30020000 epoch=6004 flow=8 side=new cur=3356581116 next=3392318150 tgt=3444820708 f=0.405 u=0 breach=3 end=
CBAP_MIG t=30020000 epoch=6004 flow=9 side=new cur=3356228108 next=3392108110 tgt=3444820708 f=0.405 u=0 breach=3 end=
CBAP_MIG t=30020000 epoch=6004 flow=10 side=new cur=3356111637 next=3392038810 tgt=3444820708 f=0.405 u=0 breach=3 end=
CBAP_MIG t=30020000 epoch=6004 flow=11 side=new cur=3356654195 next=3392361632 tgt=3444820708 f=0.405 u=0 breach=3 end=
CBAP_MIG t=30020000 epoch=6004 flow=12 side=new cur=3356492400 next=3392265364 tgt=3444820708 f=0.405 u=0 breach=3 end=
CBAP_MIG t=30020000 epoch=6004 flow=13 side=new cur=3356099440 next=3392031553 tgt=3444820708 f=0.405 u=0 breach=3 end=
CBAP_MIG t=30020000 epoch=6004 flow=14 side=new cur=3355971463 next=3391955407 tgt=3444820708 f=0.405 u=0 breach=3 end=
CBAP_MIG t=30020000 epoch=6004 flow=15 side=new cur=3356060231 next=3392008224 tgt=3444820708 f=0.405 u=0 breach=3 end=
CBAP_MIG t=30020000 epoch=6004 flow=16 side=new cur=3356037063 next=3391994439 tgt=3444820708 f=0.405 u=0 breach=3 end=
CBAP_MIG t=30020000 epoch=6004 flow=17 side=new cur=3356563347 next=3392307578 tgt=3444820708 f=0.405 u=0 breach=3 end=
CBAP_MIG t=30020000 epoch=6004 flow=18 side=new cur=3356000218 next=3391972516 tgt=3444820708 f=0.405 u=0 breach=3 end=
CBAP_MIG t=30020000 epoch=6004 flow=19 side=new cur=3356099709 next=3392031713 tgt=3444820708 f=0.405 u=0 breach=3 end=
CBAP_MIG t=30020000 epoch=6004 flow=20 side=new cur=3356343531 next=3392176787 tgt=3444820708 f=0.405 u=0 breach=3 end=
CBAP_MIG t=30020000 epoch=6004 flow=21 side=new cur=3356641728 next=3392354214 tgt=3444820708 f=0.405 u=0 breach=3 end=
CBAP_MIG t=30020000 epoch=6004 flow=22 side=new cur=3356102187 next=3392033188 tgt=3444820708 f=0.405 u=0 breach=3 end=
CBAP_MIG t=30020000 epoch=6004 flow=23 side=new cur=3356129790 next=3392049611 tgt=3444820708 f=0.405 u=0 breach=3 end=
CBAP_MIG t=30020000 epoch=6004 flow=24 side=new cur=3356705038 next=3392391884 tgt=3444820708 f=0.405 u=0 breach=3 end=
CBAP_MIG t=30020000 epoch=6004 flow=25 side=new cur=3356577398 next=3392315938 tgt=3444820708 f=0.405 u=0 breach=3 end=
CBAP_MIG t=30020000 epoch=6004 flow=26 side=new cur=3355989523 next=3391966152 tgt=3444820708 f=0.405 u=0 breach=3 end=
CBAP_MIG t=30020000 epoch=6004 flow=27 side=new cur=3356528276 next=3392286710 tgt=3444820708 f=0.405 u=0 breach=3 end=
CBAP_MIG t=30020000 epoch=6004 flow=28 side=new cur=3356018644 next=3391983479 tgt=3444820708 f=0.405 u=0 breach=3 end=
CBAP_MIG t=30020000 epoch=6004 flow=29 side=new cur=3356283832 next=3392141266 tgt=3444820708 f=0.405 u=0 breach=3 end=
CBAP_MIG t=30020000 epoch=6004 flow=30 side=new cur=3356485517 next=3392261269 tgt=3444820708 f=0.405 u=0 breach=3 end=
CBAP_MIG t=30020000 epoch=6004 flow=32 side=new cur=3356087116 next=3392024220 tgt=3444820708 f=0.405 u=0 breach=3 end=
CBAP_MIG t=30020000 epoch=6004 flow=33 side=new cur=3356046474 next=3392000038 tgt=3444820708 f=0.405 u=0 breach=3 end=
CBAP_MIG t=30020000 epoch=6004 flow=34 side=new cur=3356571473 next=3392312413 tgt=3444820708 f=0.405 u=0 breach=3 end=
CBAP_MIG t=30020000 epoch=6004 flow=35 side=new cur=3356042890 next=3391997906 tgt=3444820708 f=0.405 u=0 breach=3 end=
CBAP_MIG t=30020000 epoch=6004 flow=37 side=new cur=3355953128 next=3391944497 tgt=3444820708 f=0.405 u=0 breach=3 end=
CBAP_MIG t=30020000 epoch=6004 flow=38 side=new cur=3356122761 next=3392045429 tgt=3444820708 f=0.405 u=0 breach=3 end=
CBAP_MIG t=30020000 epoch=6004 flow=39 side=new cur=3355989750 next=3391966287 tgt=3444820708 f=0.405 u=0 breach=3 end=
CBAP_MIG t=30020000 epoch=6004 flow=40 side=new cur=3355999375 next=3391972014 tgt=3444820708 f=0.405 u=0 breach=3 end=
CBAP_MIG t=30020000 epoch=6004 flow=42 side=new cur=3356072553 next=3392015555 tgt=3444820708 f=0.405 u=0 breach=3 end=
CBAP_MIG t=30020000 epoch=6004 flow=43 side=new cur=3356509397 next=3392275477 tgt=3444820708 f=0.405 u=0 breach=3 end=
CBAP_MIG t=30020000 epoch=6004 flow=44 side=new cur=3356613131 next=3392337199 tgt=3444820708 f=0.405 u=0 breach=3 end=
CBAP_MIG t=30020000 epoch=6004 flow=45 side=new cur=3355999172 next=3391971894 tgt=3444820708 f=0.405 u=0 breach=3 end=
CBAP_MIG t=30020000 epoch=6004 flow=47 side=new cur=3356143212 next=3392057597 tgt=3444820708 f=0.405 u=0 breach=3 end=
CBAP_MIG t=30020000 epoch=6004 flow=49 side=new cur=3356076996 next=3392018199 tgt=3444820708 f=0.405 u=0 breach=3 end=
CBAP_MIG t=30020000 epoch=6004 flow=50 side=new cur=3356116068 next=3392041447 tgt=3444820708 f=0.405 u=0 breach=3 end=
CBAP_MIG t=30020000 epoch=6004 flow=51 side=new cur=3356459835 next=3392245988 tgt=3444820708 f=0.405 u=0 breach=3 end=
CBAP_MIG t=30020000 epoch=6004 flow=52 side=new cur=3356699167 next=3392388391 tgt=3444820708 f=0.405 u=0 breach=3 end=
CBAP_MIG t=30020000 epoch=6004 flow=53 side=new cur=3356591503 next=3392324331 tgt=3444820708 f=0.405 u=0 breach=3 end=
CBAP_MIG t=30020000 epoch=6004 flow=54 side=new cur=3356131452 next=3392050600 tgt=3444820708 f=0.405 u=0 breach=3 end=
CBAP_MIG t=30020000 epoch=6004 flow=55 side=new cur=3356030948 next=3391990800 tgt=3444820708 f=0.405 u=0 breach=3 end=
CBAP_MIG t=30020000 epoch=6004 flow=56 side=new cur=3356106641 next=3392035838 tgt=3444820708 f=0.405 u=0 breach=3 end=
CBAP_MIG t=30020000 epoch=6004 flow=58 side=new cur=3356121094 next=3392044437 tgt=3444820708 f=0.405 u=0 breach=3 end=
CBAP_MIG t=30020000 epoch=6004 flow=59 side=new cur=3356484189 next=3392260479 tgt=3444820708 f=0.405 u=0 breach=3 end=
CBAP_MIG t=30020000 epoch=6004 flow=60 side=new cur=3356080546 next=3392020311 tgt=3444820708 f=0.405 u=0 breach=3 end=
CBAP_MIG t=30020000 epoch=6004 flow=61 side=new cur=3356290492 next=3392145229 tgt=3444820708 f=0.405 u=0 breach=3 end=
CBAP_MIG t=30020000 epoch=6004 flow=62 side=new cur=3356584823 next=3392320356 tgt=3444820708 f=0.405 u=0 breach=3 end=
CBAP_MIG t=30020000 epoch=6004 flow=63 side=new cur=3356148629 next=3392060820 tgt=3444820708 f=0.405 u=0 breach=3 end=
CBAP_MIG t=30020000 epoch=6004 flow=64 side=new cur=3356127526 next=3392048264 tgt=3444820708 f=0.405 u=0 breach=3 end=
CBAP_MIG t=30025000 epoch=6005 flow=1 side=new cur=3392390709 next=3413624858 tgt=3444820708 f=0.405 u=0 breach=3 end=converged
CBAP_MIG t=30025000 epoch=6005 flow=2 side=new cur=3392046233 next=3413419895 tgt=3444820708 f=0.405 u=0 breach=3 end=converged
CBAP_MIG t=30025000 epoch=6005 flow=3 side=new cur=3392320621 next=3413583156 tgt=3444820708 f=0.405 u=0 breach=3 end=converged
CBAP_MIG t=30025000 epoch=6005 flow=4 side=new cur=3392061625 next=3413429053 tgt=3444820708 f=0.405 u=0 breach=3 end=converged
CBAP_MIG t=30025000 epoch=6005 flow=5 side=new cur=3392003422 next=3413394422 tgt=3444820708 f=0.405 u=0 breach=3 end=converged
CBAP_MIG t=30025000 epoch=6005 flow=6 side=new cur=3392043144 next=3413418057 tgt=3444820708 f=0.405 u=0 breach=3 end=converged
CBAP_MIG t=30025000 epoch=6005 flow=7 side=new cur=3392046848 next=3413420261 tgt=3444820708 f=0.405 u=0 breach=3 end=converged
CBAP_MIG t=30025000 epoch=6005 flow=8 side=new cur=3392318150 next=3413581685 tgt=3444820708 f=0.405 u=0 breach=3 end=converged
CBAP_MIG t=30025000 epoch=6005 flow=9 side=new cur=3392108110 next=3413456712 tgt=3444820708 f=0.405 u=0 breach=3 end=converged
CBAP_MIG t=30025000 epoch=6005 flow=10 side=new cur=3392038810 next=3413415478 tgt=3444820708 f=0.405 u=0 breach=3 end=converged
CBAP_MIG t=30025000 epoch=6005 flow=11 side=new cur=3392361632 next=3413607557 tgt=3444820708 f=0.405 u=0 breach=3 end=converged
CBAP_MIG t=30025000 epoch=6005 flow=12 side=new cur=3392265364 next=3413550278 tgt=3444820708 f=0.405 u=0 breach=3 end=converged
CBAP_MIG t=30025000 epoch=6005 flow=13 side=new cur=3392031553 next=3413411160 tgt=3444820708 f=0.405 u=0 breach=3 end=converged
CBAP_MIG t=30025000 epoch=6005 flow=14 side=new cur=3391955407 next=3413365853 tgt=3444820708 f=0.405 u=0 breach=3 end=converged
CBAP_MIG t=30025000 epoch=6005 flow=15 side=new cur=3392008224 next=3413397280 tgt=3444820708 f=0.405 u=0 breach=3 end=converged
CBAP_MIG t=30025000 epoch=6005 flow=16 side=new cur=3391994439 next=3413389077 tgt=3444820708 f=0.405 u=0 breach=3 end=converged
CBAP_MIG t=30025000 epoch=6005 flow=17 side=new cur=3392307578 next=3413575395 tgt=3444820708 f=0.405 u=0 breach=3 end=converged
CBAP_MIG t=30025000 epoch=6005 flow=18 side=new cur=3391972516 next=3413376033 tgt=3444820708 f=0.405 u=0 breach=3 end=converged
CBAP_MIG t=30025000 epoch=6005 flow=19 side=new cur=3392031713 next=3413411255 tgt=3444820708 f=0.405 u=0 breach=3 end=converged
CBAP_MIG t=30025000 epoch=6005 flow=20 side=new cur=3392176787 next=3413497575 tgt=3444820708 f=0.405 u=0 breach=3 end=converged
CBAP_MIG t=30025000 epoch=6005 flow=21 side=new cur=3392354214 next=3413603144 tgt=3444820708 f=0.405 u=0 breach=3 end=converged
CBAP_MIG t=30025000 epoch=6005 flow=22 side=new cur=3392033188 next=3413412133 tgt=3444820708 f=0.405 u=0 breach=3 end=converged
CBAP_MIG t=30025000 epoch=6005 flow=23 side=new cur=3392049611 next=3413421905 tgt=3444820708 f=0.405 u=0 breach=3 end=converged
CBAP_MIG t=30025000 epoch=6005 flow=24 side=new cur=3392391884 next=3413625557 tgt=3444820708 f=0.405 u=0 breach=3 end=converged
CBAP_MIG t=30025000 epoch=6005 flow=25 side=new cur=3392315938 next=3413580369 tgt=3444820708 f=0.405 u=0 breach=3 end=converged
CBAP_MIG t=30025000 epoch=6005 flow=26 side=new cur=3391966152 next=3413372247 tgt=3444820708 f=0.405 u=0 breach=3 end=converged
CBAP_MIG t=30025000 epoch=6005 flow=27 side=new cur=3392286710 next=3413562979 tgt=3444820708 f=0.405 u=0 breach=3 end=converged
CBAP_MIG t=30025000 epoch=6005 flow=28 side=new cur=3391983479 next=3413382556 tgt=3444820708 f=0.405 u=0 breach=3 end=converged
CBAP_MIG t=30025000 epoch=6005 flow=29 side=new cur=3392141266 next=3413476440 tgt=3444820708 f=0.405 u=0 breach=3 end=converged
CBAP_MIG t=30025000 epoch=6005 flow=30 side=new cur=3392261269 next=3413547841 tgt=3444820708 f=0.405 u=0 breach=3 end=converged
CBAP_MIG t=30025000 epoch=6005 flow=32 side=new cur=3392024220 next=3413406797 tgt=3444820708 f=0.405 u=0 breach=3 end=converged
CBAP_MIG t=30025000 epoch=6005 flow=33 side=new cur=3392000038 next=3413392409 tgt=3444820708 f=0.405 u=0 breach=3 end=converged
CBAP_MIG t=30025000 epoch=6005 flow=34 side=new cur=3392312413 next=3413578272 tgt=3444820708 f=0.405 u=0 breach=3 end=converged
CBAP_MIG t=30025000 epoch=6005 flow=35 side=new cur=3391997906 next=3413391140 tgt=3444820708 f=0.405 u=0 breach=3 end=converged
CBAP_MIG t=30025000 epoch=6005 flow=37 side=new cur=3391944497 next=3413359362 tgt=3444820708 f=0.405 u=0 breach=3 end=converged
CBAP_MIG t=30025000 epoch=6005 flow=38 side=new cur=3392045429 next=3413419416 tgt=3444820708 f=0.405 u=0 breach=3 end=converged
CBAP_MIG t=30025000 epoch=6005 flow=39 side=new cur=3391966287 next=3413372327 tgt=3444820708 f=0.405 u=0 breach=3 end=converged
CBAP_MIG t=30025000 epoch=6005 flow=40 side=new cur=3391972014 next=3413375735 tgt=3444820708 f=0.405 u=0 breach=3 end=converged
CBAP_MIG t=30025000 epoch=6005 flow=42 side=new cur=3392015555 next=3413401641 tgt=3444820708 f=0.405 u=0 breach=3 end=converged
CBAP_MIG t=30025000 epoch=6005 flow=43 side=new cur=3392275477 next=3413556295 tgt=3444820708 f=0.405 u=0 breach=3 end=converged
CBAP_MIG t=30025000 epoch=6005 flow=44 side=new cur=3392337199 next=3413593020 tgt=3444820708 f=0.405 u=0 breach=3 end=converged
CBAP_MIG t=30025000 epoch=6005 flow=45 side=new cur=3391971894 next=3413375663 tgt=3444820708 f=0.405 u=0 breach=3 end=converged
CBAP_MIG t=30025000 epoch=6005 flow=47 side=new cur=3392057597 next=3413426656 tgt=3444820708 f=0.405 u=0 breach=3 end=converged
CBAP_MIG t=30025000 epoch=6005 flow=49 side=new cur=3392018199 next=3413403215 tgt=3444820708 f=0.405 u=0 breach=3 end=converged
CBAP_MIG t=30025000 epoch=6005 flow=50 side=new cur=3392041447 next=3413417047 tgt=3444820708 f=0.405 u=0 breach=3 end=converged
CBAP_MIG t=30025000 epoch=6005 flow=51 side=new cur=3392245988 next=3413538749 tgt=3444820708 f=0.405 u=0 breach=3 end=converged
CBAP_MIG t=30025000 epoch=6005 flow=52 side=new cur=3392388391 next=3413623479 tgt=3444820708 f=0.405 u=0 breach=3 end=converged
CBAP_MIG t=30025000 epoch=6005 flow=53 side=new cur=3392324331 next=3413585363 tgt=3444820708 f=0.405 u=0 breach=3 end=converged
CBAP_MIG t=30025000 epoch=6005 flow=54 side=new cur=3392050600 next=3413422493 tgt=3444820708 f=0.405 u=0 breach=3 end=converged
CBAP_MIG t=30025000 epoch=6005 flow=55 side=new cur=3391990800 next=3413386912 tgt=3444820708 f=0.405 u=0 breach=3 end=converged
CBAP_MIG t=30025000 epoch=6005 flow=56 side=new cur=3392035838 next=3413413710 tgt=3444820708 f=0.405 u=0 breach=3 end=converged
CBAP_MIG t=30025000 epoch=6005 flow=58 side=new cur=3392044437 next=3413418826 tgt=3444820708 f=0.405 u=0 breach=3 end=converged
CBAP_MIG t=30025000 epoch=6005 flow=59 side=new cur=3392260479 next=3413547371 tgt=3444820708 f=0.405 u=0 breach=3 end=converged
CBAP_MIG t=30025000 epoch=6005 flow=60 side=new cur=3392020311 next=3413404471 tgt=3444820708 f=0.405 u=0 breach=3 end=converged
CBAP_MIG t=30025000 epoch=6005 flow=61 side=new cur=3392145229 next=3413478797 tgt=3444820708 f=0.405 u=0 breach=3 end=converged
CBAP_MIG t=30025000 epoch=6005 flow=62 side=new cur=3392320356 next=3413582998 tgt=3444820708 f=0.405 u=0 breach=3 end=converged
CBAP_MIG t=30025000 epoch=6005 flow=63 side=new cur=3392060820 next=3413428574 tgt=3444820708 f=0.405 u=0 breach=3 end=converged
CBAP_MIG t=30025000 epoch=6005 flow=64 side=new cur=3392048264 next=3413421103 tgt=3444820708 f=0.405 u=0 breach=3 end=converged
CBAP_MIG_REPLAN t=30105000 reason=active_set_shrank flow=0 batch=0 newest_batch=1 cur=2002792444 target=2000000000 ceiling=190000000000 old_side_present=1
CBAP_MIG_REPLAN t=30105000 reason=active_set_shrank flow=1 batch=1 newest_batch=1 cur=3413624858 target=3575433697 ceiling=200000000000 old_side_present=1
CBAP_MIG_REPLAN t=30105000 reason=active_set_shrank flow=2 batch=1 newest_batch=1 cur=3413419895 target=3575433697 ceiling=200000000000 old_side_present=1
CBAP_MIG_REPLAN t=30105000 reason=active_set_shrank flow=3 batch=1 newest_batch=1 cur=3413583156 target=3575433697 ceiling=200000000000 old_side_present=1
CBAP_MIG_REPLAN t=30105000 reason=active_set_shrank flow=4 batch=1 newest_batch=1 cur=3413429053 target=3575433697 ceiling=200000000000 old_side_present=1
CBAP_MIG_REPLAN t=30105000 reason=active_set_shrank flow=5 batch=1 newest_batch=1 cur=3413394422 target=3575433697 ceiling=200000000000 old_side_present=1
CBAP_MIG_REPLAN t=30105000 reason=active_set_shrank flow=6 batch=1 newest_batch=1 cur=3413418057 target=3575433697 ceiling=200000000000 old_side_present=1
CBAP_MIG_REPLAN t=30105000 reason=active_set_shrank flow=7 batch=1 newest_batch=1 cur=3413420261 target=3575433697 ceiling=200000000000 old_side_present=1
CBAP_MIG_REPLAN t=30105000 reason=active_set_shrank flow=8 batch=1 newest_batch=1 cur=3413581685 target=3575433697 ceiling=200000000000 old_side_present=1
CBAP_MIG_REPLAN t=30105000 reason=active_set_shrank flow=9 batch=1 newest_batch=1 cur=3413456712 target=3575433697 ceiling=200000000000 old_side_present=1
CBAP_MIG_REPLAN t=30105000 reason=active_set_shrank flow=10 batch=1 newest_batch=1 cur=3413415478 target=3575433697 ceiling=200000000000 old_side_present=1
CBAP_MIG_REPLAN t=30105000 reason=active_set_shrank flow=11 batch=1 newest_batch=1 cur=3413607557 target=3575433697 ceiling=200000000000 old_side_present=1
CBAP_MIG_REPLAN t=30105000 reason=active_set_shrank flow=12 batch=1 newest_batch=1 cur=3413550278 target=3575433697 ceiling=200000000000 old_side_present=1
CBAP_MIG_REPLAN t=30105000 reason=active_set_shrank flow=13 batch=1 newest_batch=1 cur=3413411160 target=3575433697 ceiling=200000000000 old_side_present=1
CBAP_MIG_REPLAN t=30105000 reason=active_set_shrank flow=14 batch=1 newest_batch=1 cur=3413365853 target=3575433697 ceiling=200000000000 old_side_present=1
CBAP_MIG_REPLAN t=30105000 reason=active_set_shrank flow=15 batch=1 newest_batch=1 cur=3413397280 target=3575433697 ceiling=200000000000 old_side_present=1
CBAP_MIG_REPLAN t=30105000 reason=active_set_shrank flow=16 batch=1 newest_batch=1 cur=3413389077 target=3575433697 ceiling=200000000000 old_side_present=1
CBAP_MIG_REPLAN t=30105000 reason=active_set_shrank flow=17 batch=1 newest_batch=1 cur=3413575395 target=3575433697 ceiling=200000000000 old_side_present=1
CBAP_MIG_REPLAN t=30105000 reason=active_set_shrank flow=18 batch=1 newest_batch=1 cur=3413376033 target=3575433697 ceiling=200000000000 old_side_present=1
CBAP_MIG_REPLAN t=30105000 reason=active_set_shrank flow=19 batch=1 newest_batch=1 cur=3413411255 target=3575433697 ceiling=200000000000 old_side_present=1
CBAP_MIG_REPLAN t=30105000 reason=active_set_shrank flow=20 batch=1 newest_batch=1 cur=3413497575 target=3575433697 ceiling=200000000000 old_side_present=1
CBAP_MIG_REPLAN t=30105000 reason=active_set_shrank flow=21 batch=1 newest_batch=1 cur=3413603144 target=3575433697 ceiling=200000000000 old_side_present=1
CBAP_MIG_REPLAN t=30105000 reason=active_set_shrank flow=22 batch=1 newest_batch=1 cur=3413412133 target=3575433697 ceiling=200000000000 old_side_present=1
CBAP_MIG_REPLAN t=30105000 reason=active_set_shrank flow=23 batch=1 newest_batch=1 cur=3413421905 target=3575433697 ceiling=200000000000 old_side_present=1
CBAP_MIG_REPLAN t=30105000 reason=active_set_shrank flow=24 batch=1 newest_batch=1 cur=3413625557 target=3575433697 ceiling=200000000000 old_side_present=1
CBAP_MIG_REPLAN t=30105000 reason=active_set_shrank flow=25 batch=1 newest_batch=1 cur=3413580369 target=3575433697 ceiling=200000000000 old_side_present=1
CBAP_MIG_REPLAN t=30105000 reason=active_set_shrank flow=26 batch=1 newest_batch=1 cur=3413372247 target=3575433697 ceiling=200000000000 old_side_present=1
CBAP_MIG_REPLAN t=30105000 reason=active_set_shrank flow=27 batch=1 newest_batch=1 cur=3413562979 target=3575433697 ceiling=200000000000 old_side_present=1
CBAP_MIG_REPLAN t=30105000 reason=active_set_shrank flow=28 batch=1 newest_batch=1 cur=3413382556 target=3575433697 ceiling=200000000000 old_side_present=1
CBAP_MIG_REPLAN t=30105000 reason=active_set_shrank flow=29 batch=1 newest_batch=1 cur=3413476440 target=3575433697 ceiling=200000000000 old_side_present=1
CBAP_MIG_REPLAN t=30105000 reason=active_set_shrank flow=30 batch=1 newest_batch=1 cur=3413547841 target=3575433697 ceiling=200000000000 old_side_present=1
CBAP_MIG_REPLAN t=30105000 reason=active_set_shrank flow=32 batch=1 newest_batch=1 cur=3413406797 target=3575433697 ceiling=200000000000 old_side_present=1
CBAP_MIG_REPLAN t=30105000 reason=active_set_shrank flow=33 batch=1 newest_batch=1 cur=3413392409 target=3575433697 ceiling=200000000000 old_side_present=1
CBAP_MIG_REPLAN t=30105000 reason=active_set_shrank flow=34 batch=1 newest_batch=1 cur=3413578272 target=3575433697 ceiling=200000000000 old_side_present=1
CBAP_MIG_REPLAN t=30105000 reason=active_set_shrank flow=35 batch=1 newest_batch=1 cur=3413391140 target=3575433697 ceiling=200000000000 old_side_present=1
CBAP_MIG_REPLAN t=30105000 reason=active_set_shrank flow=37 batch=1 newest_batch=1 cur=3413359362 target=3575433697 ceiling=200000000000 old_side_present=1
CBAP_MIG_REPLAN t=30105000 reason=active_set_shrank flow=38 batch=1 newest_batch=1 cur=3413419416 target=3575433697 ceiling=200000000000 old_side_present=1
CBAP_MIG_REPLAN t=30105000 reason=active_set_shrank flow=39 batch=1 newest_batch=1 cur=3413372327 target=3575433697 ceiling=200000000000 old_side_present=1
CBAP_MIG_REPLAN t=30105000 reason=active_set_shrank flow=40 batch=1 newest_batch=1 cur=3413375735 target=3575433697 ceiling=200000000000 old_side_present=1
CBAP_MIG_REPLAN t=30105000 reason=active_set_shrank flow=42 batch=1 newest_batch=1 cur=3413401641 target=3575433697 ceiling=200000000000 old_side_present=1
CBAP_MIG_REPLAN t=30105000 reason=active_set_shrank flow=43 batch=1 newest_batch=1 cur=3413556295 target=3575433697 ceiling=200000000000 old_side_present=1
CBAP_MIG_REPLAN t=30105000 reason=active_set_shrank flow=45 batch=1 newest_batch=1 cur=3413375663 target=3575433697 ceiling=200000000000 old_side_present=1
CBAP_MIG_REPLAN t=30105000 reason=active_set_shrank flow=47 batch=1 newest_batch=1 cur=3413426656 target=3575433697 ceiling=200000000000 old_side_present=1
CBAP_MIG_REPLAN t=30105000 reason=active_set_shrank flow=49 batch=1 newest_batch=1 cur=3413403215 target=3575433697 ceiling=200000000000 old_side_present=1
CBAP_MIG_REPLAN t=30105000 reason=active_set_shrank flow=50 batch=1 newest_batch=1 cur=3413417047 target=3575433697 ceiling=200000000000 old_side_present=1
CBAP_MIG_REPLAN t=30105000 reason=active_set_shrank flow=51 batch=1 newest_batch=1 cur=3413538749 target=3575433697 ceiling=200000000000 old_side_present=1
CBAP_MIG_REPLAN t=30105000 reason=active_set_shrank flow=52 batch=1 newest_batch=1 cur=3413623479 target=3575433697 ceiling=200000000000 old_side_present=1
CBAP_MIG_REPLAN t=30105000 reason=active_set_shrank flow=53 batch=1 newest_batch=1 cur=3413585363 target=3575433697 ceiling=200000000000 old_side_present=1
CBAP_MIG_REPLAN t=30105000 reason=active_set_shrank flow=54 batch=1 newest_batch=1 cur=3413422493 target=3575433697 ceiling=200000000000 old_side_present=1
CBAP_MIG_REPLAN t=30105000 reason=active_set_shrank flow=55 batch=1 newest_batch=1 cur=3413386912 target=3575433697 ceiling=200000000000 old_side_present=1
CBAP_MIG_REPLAN t=30105000 reason=active_set_shrank flow=56 batch=1 newest_batch=1 cur=3413413710 target=3575433697 ceiling=200000000000 old_side_present=1
CBAP_MIG_REPLAN t=30105000 reason=active_set_shrank flow=58 batch=1 newest_batch=1 cur=3413418826 target=3575433697 ceiling=200000000000 old_side_present=1
CBAP_MIG_REPLAN t=30105000 reason=active_set_shrank flow=59 batch=1 newest_batch=1 cur=3413547371 target=3575433697 ceiling=200000000000 old_side_present=1
CBAP_MIG_REPLAN t=30105000 reason=active_set_shrank flow=60 batch=1 newest_batch=1 cur=3413404471 target=3575433697 ceiling=200000000000 old_side_present=1
CBAP_MIG_REPLAN t=30105000 reason=active_set_shrank flow=61 batch=1 newest_batch=1 cur=3413478797 target=3575433697 ceiling=200000000000 old_side_present=1
CBAP_MIG_REPLAN t=30105000 reason=active_set_shrank flow=62 batch=1 newest_batch=1 cur=3413582998 target=3575433697 ceiling=200000000000 old_side_present=1
CBAP_MIG_REPLAN t=30105000 reason=active_set_shrank flow=63 batch=1 newest_batch=1 cur=3413428574 target=3575433697 ceiling=200000000000 old_side_present=1
CBAP_MIG_REPLAN t=30105000 reason=active_set_shrank flow=64 batch=1 newest_batch=1 cur=3413421103 target=3575433697 ceiling=200000000000 old_side_present=1
CBAP_MIG t=30105000 epoch=6021 flow=0 side=old cur=2002792444 next=2001954710 tgt=2000000000 f=0.3 u=0 breach=0 end=converged
CBAP_MIG t=30105000 epoch=6021 flow=1 side=new cur=3413624858 next=3479157437 tgt=3575433697 f=0.405 u=0 breach=3 end=
CBAP_MIG t=30105000 epoch=6021 flow=2 side=new cur=3413419895 next=3479035484 tgt=3575433697 f=0.405 u=0 breach=3 end=
CBAP_MIG t=30105000 epoch=6021 flow=3 side=new cur=3413583156 next=3479132625 tgt=3575433697 f=0.405 u=0 breach=3 end=
CBAP_MIG t=30105000 epoch=6021 flow=4 side=new cur=3413429053 next=3479040933 tgt=3575433697 f=0.405 u=0 breach=3 end=
CBAP_MIG t=30105000 epoch=6021 flow=5 side=new cur=3413394422 next=3479020328 tgt=3575433697 f=0.405 u=0 breach=3 end=
CBAP_MIG t=30105000 epoch=6021 flow=6 side=new cur=3413418057 next=3479034391 tgt=3575433697 f=0.405 u=0 breach=3 end=
CBAP_MIG t=30105000 epoch=6021 flow=7 side=new cur=3413420261 next=3479035702 tgt=3575433697 f=0.405 u=0 breach=3 end=
CBAP_MIG t=30105000 epoch=6021 flow=8 side=new cur=3413581685 next=3479131749 tgt=3575433697 f=0.405 u=0 breach=3 end=
CBAP_MIG t=30105000 epoch=6021 flow=9 side=new cur=3413456712 next=3479057390 tgt=3575433697 f=0.405 u=0 breach=3 end=
CBAP_MIG t=30105000 epoch=6021 flow=10 side=new cur=3413415478 next=3479032856 tgt=3575433697 f=0.405 u=0 breach=3 end=
CBAP_MIG t=30105000 epoch=6021 flow=11 side=new cur=3413607557 next=3479147143 tgt=3575433697 f=0.405 u=0 breach=3 end=
CBAP_MIG t=30105000 epoch=6021 flow=12 side=new cur=3413550278 next=3479113062 tgt=3575433697 f=0.405 u=0 breach=3 end=
CBAP_MIG t=30105000 epoch=6021 flow=13 side=new cur=3413411160 next=3479030287 tgt=3575433697 f=0.405 u=0 breach=3 end=
CBAP_MIG t=30105000 epoch=6021 flow=14 side=new cur=3413365853 next=3479003329 tgt=3575433697 f=0.405 u=0 breach=3 end=
CBAP_MIG t=30105000 epoch=6021 flow=15 side=new cur=3413397280 next=3479022028 tgt=3575433697 f=0.405 u=0 breach=3 end=
CBAP_MIG t=30105000 epoch=6021 flow=16 side=new cur=3413389077 next=3479017148 tgt=3575433697 f=0.405 u=0 breach=3 end=
CBAP_MIG t=30105000 epoch=6021 flow=17 side=new cur=3413575395 next=3479128007 tgt=3575433697 f=0.405 u=0 breach=3 end=
CBAP_MIG t=30105000 epoch=6021 flow=18 side=new cur=3413376033 next=3479009386 tgt=3575433697 f=0.405 u=0 breach=3 end=
CBAP_MIG t=30105000 epoch=6021 flow=19 side=new cur=3413411255 next=3479030344 tgt=3575433697 f=0.405 u=0 breach=3 end=
CBAP_MIG t=30105000 epoch=6021 flow=20 side=new cur=3413497575 next=3479081704 tgt=3575433697 f=0.405 u=0 breach=3 end=
CBAP_MIG t=30105000 epoch=6021 flow=21 side=new cur=3413603144 next=3479144517 tgt=3575433697 f=0.405 u=0 breach=3 end=
CBAP_MIG t=30105000 epoch=6021 flow=22 side=new cur=3413412133 next=3479030866 tgt=3575433697 f=0.405 u=0 breach=3 end=
CBAP_MIG t=30105000 epoch=6021 flow=23 side=new cur=3413421905 next=3479036680 tgt=3575433697 f=0.405 u=0 breach=3 end=
CBAP_MIG t=30105000 epoch=6021 flow=24 side=new cur=3413625557 next=3479157853 tgt=3575433697 f=0.405 u=0 breach=3 end=
CBAP_MIG t=30105000 epoch=6021 flow=25 side=new cur=3413580369 next=3479130966 tgt=3575433697 f=0.405 u=0 breach=3 end=
CBAP_MIG t=30105000 epoch=6021 flow=26 side=new cur=3413372247 next=3479007134 tgt=3575433697 f=0.405 u=0 breach=3 end=
CBAP_MIG t=30105000 epoch=6021 flow=27 side=new cur=3413562979 next=3479120619 tgt=3575433697 f=0.405 u=0 breach=3 end=
CBAP_MIG t=30105000 epoch=6021 flow=28 side=new cur=3413382556 next=3479013268 tgt=3575433697 f=0.405 u=0 breach=3 end=
CBAP_MIG t=30105000 epoch=6021 flow=29 side=new cur=3413476440 next=3479069129 tgt=3575433697 f=0.405 u=0 breach=3 end=
CBAP_MIG t=30105000 epoch=6021 flow=30 side=new cur=3413547841 next=3479111612 tgt=3575433697 f=0.405 u=0 breach=3 end=
CBAP_MIG t=30105000 epoch=6021 flow=32 side=new cur=3413406797 next=3479027691 tgt=3575433697 f=0.405 u=0 breach=3 end=
CBAP_MIG t=30105000 epoch=6021 flow=33 side=new cur=3413392409 next=3479019130 tgt=3575433697 f=0.405 u=0 breach=3 end=
CBAP_MIG t=30105000 epoch=6021 flow=34 side=new cur=3413578272 next=3479129719 tgt=3575433697 f=0.405 u=0 breach=3 end=
CBAP_MIG t=30105000 epoch=6021 flow=35 side=new cur=3413391140 next=3479018375 tgt=3575433697 f=0.405 u=0 breach=3 end=
CBAP_MIG t=30105000 epoch=6021 flow=37 side=new cur=3413359362 next=3478999467 tgt=3575433697 f=0.405 u=0 breach=3 end=
CBAP_MIG t=30105000 epoch=6021 flow=38 side=new cur=3413419416 next=3479035199 tgt=3575433697 f=0.405 u=0 breach=3 end=
CBAP_MIG t=30105000 epoch=6021 flow=39 side=new cur=3413372327 next=3479007181 tgt=3575433697 f=0.405 u=0 breach=3 end=
CBAP_MIG t=30105000 epoch=6021 flow=40 side=new cur=3413375735 next=3479009209 tgt=3575433697 f=0.405 u=0 breach=3 end=
CBAP_MIG t=30105000 epoch=6021 flow=42 side=new cur=3413401641 next=3479024623 tgt=3575433697 f=0.405 u=0 breach=3 end=
CBAP_MIG t=30105000 epoch=6021 flow=43 side=new cur=3413556295 next=3479116642 tgt=3575433697 f=0.405 u=0 breach=3 end=
CBAP_MIG t=30105000 epoch=6021 flow=45 side=new cur=3413375663 next=3479009166 tgt=3575433697 f=0.405 u=0 breach=3 end=
CBAP_MIG t=30105000 epoch=6021 flow=47 side=new cur=3413426656 next=3479039507 tgt=3575433697 f=0.405 u=0 breach=3 end=
CBAP_MIG t=30105000 epoch=6021 flow=49 side=new cur=3413403215 next=3479025560 tgt=3575433697 f=0.405 u=0 breach=3 end=
CBAP_MIG t=30105000 epoch=6021 flow=50 side=new cur=3413417047 next=3479033790 tgt=3575433697 f=0.405 u=0 breach=3 end=
CBAP_MIG t=30105000 epoch=6021 flow=51 side=new cur=3413538749 next=3479106202 tgt=3575433697 f=0.405 u=0 breach=3 end=
CBAP_MIG t=30105000 epoch=6021 flow=52 side=new cur=3413623479 next=3479156617 tgt=3575433697 f=0.405 u=0 breach=3 end=
CBAP_MIG t=30105000 epoch=6021 flow=53 side=new cur=3413585363 next=3479133938 tgt=3575433697 f=0.405 u=0 breach=3 end=
CBAP_MIG t=30105000 epoch=6021 flow=54 side=new cur=3413422493 next=3479037030 tgt=3575433697 f=0.405 u=0 breach=3 end=
CBAP_MIG t=30105000 epoch=6021 flow=55 side=new cur=3413386912 next=3479015859 tgt=3575433697 f=0.405 u=0 breach=3 end=
CBAP_MIG t=30105000 epoch=6021 flow=56 side=new cur=3413413710 next=3479031804 tgt=3575433697 f=0.405 u=0 breach=3 end=
CBAP_MIG t=30105000 epoch=6021 flow=58 side=new cur=3413418826 next=3479034848 tgt=3575433697 f=0.405 u=0 breach=3 end=
CBAP_MIG t=30105000 epoch=6021 flow=59 side=new cur=3413547371 next=3479111333 tgt=3575433697 f=0.405 u=0 breach=3 end=
CBAP_MIG t=30105000 epoch=6021 flow=60 side=new cur=3413404471 next=3479026307 tgt=3575433697 f=0.405 u=0 breach=3 end=
CBAP_MIG t=30105000 epoch=6021 flow=61 side=new cur=3413478797 next=3479070531 tgt=3575433697 f=0.405 u=0 breach=3 end=
CBAP_MIG t=30105000 epoch=6021 flow=62 side=new cur=3413582998 next=3479132531 tgt=3575433697 f=0.405 u=0 breach=3 end=
CBAP_MIG t=30105000 epoch=6021 flow=63 side=new cur=3413428574 next=3479040648 tgt=3575433697 f=0.405 u=0 breach=3 end=
CBAP_MIG t=30105000 epoch=6021 flow=64 side=new cur=3413421103 next=3479036203 tgt=3575433697 f=0.405 u=0 breach=3 end=
CBAP_MIG t=30110000 epoch=6022 flow=1 side=new cur=3479157437 next=3518149322 tgt=3575433697 f=0.405 u=0 breach=3 end=
CBAP_MIG t=30110000 epoch=6022 flow=2 side=new cur=3479035484 next=3518076760 tgt=3575433697 f=0.405 u=0 breach=3 end=
CBAP_MIG t=30110000 epoch=6022 flow=3 side=new cur=3479132625 next=3518134559 tgt=3575433697 f=0.405 u=0 breach=3 end=
CBAP_MIG t=30110000 epoch=6022 flow=4 side=new cur=3479040933 next=3518080002 tgt=3575433697 f=0.405 u=0 breach=3 end=
CBAP_MIG t=30110000 epoch=6022 flow=5 side=new cur=3479020328 next=3518067742 tgt=3575433697 f=0.405 u=0 breach=3 end=
CBAP_MIG t=30110000 epoch=6022 flow=6 side=new cur=3479034391 next=3518076109 tgt=3575433697 f=0.405 u=0 breach=3 end=
CBAP_MIG t=30110000 epoch=6022 flow=7 side=new cur=3479035702 next=3518076889 tgt=3575433697 f=0.405 u=0 breach=3 end=
CBAP_MIG t=30110000 epoch=6022 flow=8 side=new cur=3479131749 next=3518134037 tgt=3575433697 f=0.405 u=0 breach=3 end=
CBAP_MIG t=30110000 epoch=6022 flow=9 side=new cur=3479057390 next=3518089794 tgt=3575433697 f=0.405 u=0 breach=3 end=
CBAP_MIG t=30110000 epoch=6022 flow=10 side=new cur=3479032856 next=3518075196 tgt=3575433697 f=0.405 u=0 breach=3 end=
CBAP_MIG t=30110000 epoch=6022 flow=11 side=new cur=3479147143 next=3518143197 tgt=3575433697 f=0.405 u=0 breach=3 end=
CBAP_MIG t=30110000 epoch=6022 flow=12 side=new cur=3479113062 next=3518122919 tgt=3575433697 f=0.405 u=0 breach=3 end=
CBAP_MIG t=30110000 epoch=6022 flow=13 side=new cur=3479030287 next=3518073668 tgt=3575433697 f=0.405 u=0 breach=3 end=
CBAP_MIG t=30110000 epoch=6022 flow=14 side=new cur=3479003329 next=3518057628 tgt=3575433697 f=0.405 u=0 breach=3 end=
CBAP_MIG t=30110000 epoch=6022 flow=15 side=new cur=3479022028 next=3518068753 tgt=3575433697 f=0.405 u=0 breach=3 end=
CBAP_MIG t=30110000 epoch=6022 flow=16 side=new cur=3479017148 next=3518065850 tgt=3575433697 f=0.405 u=0 breach=3 end=
CBAP_MIG t=30110000 epoch=6022 flow=17 side=new cur=3479128007 next=3518131811 tgt=3575433697 f=0.405 u=0 breach=3 end=
CBAP_MIG t=30110000 epoch=6022 flow=18 side=new cur=3479009386 next=3518061231 tgt=3575433697 f=0.405 u=0 breach=3 end=
CBAP_MIG t=30110000 epoch=6022 flow=19 side=new cur=3479030344 next=3518073701 tgt=3575433697 f=0.405 u=0 breach=3 end=
CBAP_MIG t=30110000 epoch=6022 flow=20 side=new cur=3479081704 next=3518104261 tgt=3575433697 f=0.405 u=0 breach=3 end=
CBAP_MIG t=30110000 epoch=6022 flow=21 side=new cur=3479144517 next=3518141634 tgt=3575433697 f=0.405 u=0 breach=3 end=
CBAP_MIG t=30110000 epoch=6022 flow=22 side=new cur=3479030866 next=3518074012 tgt=3575433697 f=0.405 u=0 breach=3 end=
CBAP_MIG t=30110000 epoch=6022 flow=23 side=new cur=3479036680 next=3518077471 tgt=3575433697 f=0.405 u=0 breach=3 end=
CBAP_MIG t=30110000 epoch=6022 flow=24 side=new cur=3479157853 next=3518149569 tgt=3575433697 f=0.405 u=0 breach=3 end=
CBAP_MIG t=30110000 epoch=6022 flow=25 side=new cur=3479130966 next=3518133572 tgt=3575433697 f=0.405 u=0 breach=3 end=
CBAP_MIG t=30110000 epoch=6022 flow=26 side=new cur=3479007134 next=3518059892 tgt=3575433697 f=0.405 u=0 breach=3 end=
CBAP_MIG t=30110000 epoch=6022 flow=27 side=new cur=3479120619 next=3518127415 tgt=3575433697 f=0.405 u=0 breach=3 end=
CBAP_MIG t=30110000 epoch=6022 flow=28 side=new cur=3479013268 next=3518063541 tgt=3575433697 f=0.405 u=0 breach=3 end=
CBAP_MIG t=30110000 epoch=6022 flow=29 side=new cur=3479069129 next=3518096779 tgt=3575433697 f=0.405 u=0 breach=3 end=
CBAP_MIG t=30110000 epoch=6022 flow=30 side=new cur=3479111612 next=3518122056 tgt=3575433697 f=0.405 u=0 breach=3 end=
CBAP_MIG t=30110000 epoch=6022 flow=32 side=new cur=3479027691 next=3518072123 tgt=3575433697 f=0.405 u=0 breach=3 end=
CBAP_MIG t=30110000 epoch=6022 flow=33 side=new cur=3479019130 next=3518067029 tgt=3575433697 f=0.405 u=0 breach=3 end=
CBAP_MIG t=30110000 epoch=6022 flow=34 side=new cur=3479129719 next=3518132830 tgt=3575433697 f=0.405 u=0 breach=3 end=
CBAP_MIG t=30110000 epoch=6022 flow=35 side=new cur=3479018375 next=3518066580 tgt=3575433697 f=0.405 u=0 breach=3 end=
CBAP_MIG t=30110000 epoch=6022 flow=37 side=new cur=3478999467 next=3518055330 tgt=3575433697 f=0.405 u=0 breach=3 end=
CBAP_MIG t=30110000 epoch=6022 flow=38 side=new cur=3479035199 next=3518076590 tgt=3575433697 f=0.405 u=0 breach=3 end=
CBAP_MIG t=30110000 epoch=6022 flow=39 side=new cur=3479007181 next=3518059919 tgt=3575433697 f=0.405 u=0 breach=3 end=
CBAP_MIG t=30110000 epoch=6022 flow=40 side=new cur=3479009209 next=3518061126 tgt=3575433697 f=0.405 u=0 breach=3 end=
CBAP_MIG t=30110000 epoch=6022 flow=42 side=new cur=3479024623 next=3518070297 tgt=3575433697 f=0.405 u=0 breach=3 end=
CBAP_MIG t=30110000 epoch=6022 flow=43 side=new cur=3479116642 next=3518125049 tgt=3575433697 f=0.405 u=0 breach=3 end=
CBAP_MIG t=30110000 epoch=6022 flow=45 side=new cur=3479009166 next=3518061101 tgt=3575433697 f=0.405 u=0 breach=3 end=
CBAP_MIG t=30110000 epoch=6022 flow=47 side=new cur=3479039507 next=3518079153 tgt=3575433697 f=0.405 u=0 breach=3 end=
CBAP_MIG t=30110000 epoch=6022 flow=49 side=new cur=3479025560 next=3518070855 tgt=3575433697 f=0.405 u=0 breach=3 end=
CBAP_MIG t=30110000 epoch=6022 flow=50 side=new cur=3479033790 next=3518075752 tgt=3575433697 f=0.405 u=0 breach=3 end=
CBAP_MIG t=30110000 epoch=6022 flow=51 side=new cur=3479106202 next=3518118837 tgt=3575433697 f=0.405 u=0 breach=3 end=
CBAP_MIG t=30110000 epoch=6022 flow=52 side=new cur=3479156617 next=3518148834 tgt=3575433697 f=0.405 u=0 breach=3 end=
CBAP_MIG t=30110000 epoch=6022 flow=53 side=new cur=3479133938 next=3518135340 tgt=3575433697 f=0.405 u=0 breach=3 end=
CBAP_MIG t=30110000 epoch=6022 flow=54 side=new cur=3479037030 next=3518077680 tgt=3575433697 f=0.405 u=0 breach=3 end=
CBAP_MIG t=30110000 epoch=6022 flow=55 side=new cur=3479015859 next=3518065083 tgt=3575433697 f=0.405 u=0 breach=3 end=
CBAP_MIG t=30110000 epoch=6022 flow=56 side=new cur=3479031804 next=3518074570 tgt=3575433697 f=0.405 u=0 breach=3 end=
CBAP_MIG t=30110000 epoch=6022 flow=58 side=new cur=3479034848 next=3518076381 tgt=3575433697 f=0.405 u=0 breach=3 end=
CBAP_MIG t=30110000 epoch=6022 flow=59 side=new cur=3479111333 next=3518121890 tgt=3575433697 f=0.405 u=0 breach=3 end=
CBAP_MIG t=30110000 epoch=6022 flow=60 side=new cur=3479026307 next=3518071299 tgt=3575433697 f=0.405 u=0 breach=3 end=
CBAP_MIG t=30110000 epoch=6022 flow=61 side=new cur=3479070531 next=3518097613 tgt=3575433697 f=0.405 u=0 breach=3 end=
CBAP_MIG t=30110000 epoch=6022 flow=62 side=new cur=3479132531 next=3518134503 tgt=3575433697 f=0.405 u=0 breach=3 end=
CBAP_MIG t=30110000 epoch=6022 flow=63 side=new cur=3479040648 next=3518079832 tgt=3575433697 f=0.405 u=0 breach=3 end=
CBAP_MIG t=30110000 epoch=6022 flow=64 side=new cur=3479036203 next=3518077188 tgt=3575433697 f=0.405 u=0 breach=3 end=
CBAP_MIG t=30115000 epoch=6023 flow=1 side=new cur=3518149322 next=3541349493 tgt=3575433697 f=0.405 u=0 breach=3 end=converged
CBAP_MIG t=30115000 epoch=6023 flow=2 side=new cur=3518076760 next=3541306319 tgt=3575433697 f=0.405 u=0 breach=3 end=converged
CBAP_MIG t=30115000 epoch=6023 flow=3 side=new cur=3518134559 next=3541340709 tgt=3575433697 f=0.405 u=0 breach=3 end=converged
CBAP_MIG t=30115000 epoch=6023 flow=4 side=new cur=3518080002 next=3541308248 tgt=3575433697 f=0.405 u=0 breach=3 end=converged
CBAP_MIG t=30115000 epoch=6023 flow=5 side=new cur=3518067742 next=3541300953 tgt=3575433697 f=0.405 u=0 breach=3 end=converged
CBAP_MIG t=30115000 epoch=6023 flow=6 side=new cur=3518076109 next=3541305932 tgt=3575433697 f=0.405 u=0 breach=3 end=converged
CBAP_MIG t=30115000 epoch=6023 flow=7 side=new cur=3518076889 next=3541306396 tgt=3575433697 f=0.405 u=0 breach=3 end=converged
CBAP_MIG t=30115000 epoch=6023 flow=8 side=new cur=3518134037 next=3541340399 tgt=3575433697 f=0.405 u=0 breach=3 end=converged
CBAP_MIG t=30115000 epoch=6023 flow=9 side=new cur=3518089794 next=3541314074 tgt=3575433697 f=0.405 u=0 breach=3 end=converged
CBAP_MIG t=30115000 epoch=6023 flow=10 side=new cur=3518075196 next=3541305388 tgt=3575433697 f=0.405 u=0 breach=3 end=converged
CBAP_MIG t=30115000 epoch=6023 flow=11 side=new cur=3518143197 next=3541345849 tgt=3575433697 f=0.405 u=0 breach=3 end=converged
CBAP_MIG t=30115000 epoch=6023 flow=12 side=new cur=3518122919 next=3541333784 tgt=3575433697 f=0.405 u=0 breach=3 end=converged
CBAP_MIG t=30115000 epoch=6023 flow=13 side=new cur=3518073668 next=3541304479 tgt=3575433697 f=0.405 u=0 breach=3 end=converged
CBAP_MIG t=30115000 epoch=6023 flow=14 side=new cur=3518057628 next=3541294935 tgt=3575433697 f=0.405 u=0 breach=3 end=converged
CBAP_MIG t=30115000 epoch=6023 flow=15 side=new cur=3518068753 next=3541301555 tgt=3575433697 f=0.405 u=0 breach=3 end=converged
CBAP_MIG t=30115000 epoch=6023 flow=16 side=new cur=3518065850 next=3541299828 tgt=3575433697 f=0.405 u=0 breach=3 end=converged
CBAP_MIG t=30115000 epoch=6023 flow=17 side=new cur=3518131811 next=3541339074 tgt=3575433697 f=0.405 u=0 breach=3 end=converged
CBAP_MIG t=30115000 epoch=6023 flow=18 side=new cur=3518061231 next=3541297079 tgt=3575433697 f=0.405 u=0 breach=3 end=converged
CBAP_MIG t=30115000 epoch=6023 flow=19 side=new cur=3518073701 next=3541304499 tgt=3575433697 f=0.405 u=0 breach=3 end=converged
CBAP_MIG t=30115000 epoch=6023 flow=20 side=new cur=3518104261 next=3541322682 tgt=3575433697 f=0.405 u=0 breach=3 end=converged
CBAP_MIG t=30115000 epoch=6023 flow=21 side=new cur=3518141634 next=3541344919 tgt=3575433697 f=0.405 u=0 breach=3 end=converged
CBAP_MIG t=30115000 epoch=6023 flow=22 side=new cur=3518074012 next=3541304684 tgt=3575433697 f=0.405 u=0 breach=3 end=converged
CBAP_MIG t=30115000 epoch=6023 flow=23 side=new cur=3518077471 next=3541306742 tgt=3575433697 f=0.405 u=0 breach=3 end=converged
CBAP_MIG t=30115000 epoch=6023 flow=24 side=new cur=3518149569 next=3541349640 tgt=3575433697 f=0.405 u=0 breach=3 end=converged
CBAP_MIG t=30115000 epoch=6023 flow=25 side=new cur=3518133572 next=3541340122 tgt=3575433697 f=0.405 u=0 breach=3 end=converged
CBAP_MIG t=30115000 epoch=6023 flow=26 side=new cur=3518059892 next=3541296283 tgt=3575433697 f=0.405 u=0 breach=3 end=converged
CBAP_MIG t=30115000 epoch=6023 flow=27 side=new cur=3518127415 next=3541336459 tgt=3575433697 f=0.405 u=0 breach=3 end=converged
CBAP_MIG t=30115000 epoch=6023 flow=28 side=new cur=3518063541 next=3541298454 tgt=3575433697 f=0.405 u=0 breach=3 end=converged
CBAP_MIG t=30115000 epoch=6023 flow=29 side=new cur=3518096779 next=3541318230 tgt=3575433697 f=0.405 u=0 breach=3 end=converged
CBAP_MIG t=30115000 epoch=6023 flow=30 side=new cur=3518122056 next=3541333270 tgt=3575433697 f=0.405 u=0 breach=3 end=converged
CBAP_MIG t=30115000 epoch=6023 flow=32 side=new cur=3518072123 next=3541303560 tgt=3575433697 f=0.405 u=0 breach=3 end=converged
CBAP_MIG t=30115000 epoch=6023 flow=33 side=new cur=3518067029 next=3541300529 tgt=3575433697 f=0.405 u=0 breach=3 end=converged
CBAP_MIG t=30115000 epoch=6023 flow=34 side=new cur=3518132830 next=3541339681 tgt=3575433697 f=0.405 u=0 breach=3 end=converged
CBAP_MIG t=30115000 epoch=6023 flow=35 side=new cur=3518066580 next=3541300262 tgt=3575433697 f=0.405 u=0 breach=3 end=converged
CBAP_MIG t=30115000 epoch=6023 flow=37 side=new cur=3518055330 next=3541293568 tgt=3575433697 f=0.405 u=0 breach=3 end=converged
CBAP_MIG t=30115000 epoch=6023 flow=38 side=new cur=3518076590 next=3541306218 tgt=3575433697 f=0.405 u=0 breach=3 end=converged
CBAP_MIG t=30115000 epoch=6023 flow=39 side=new cur=3518059919 next=3541296299 tgt=3575433697 f=0.405 u=0 breach=3 end=converged
CBAP_MIG t=30115000 epoch=6023 flow=40 side=new cur=3518061126 next=3541297017 tgt=3575433697 f=0.405 u=0 breach=3 end=converged
CBAP_MIG t=30115000 epoch=6023 flow=42 side=new cur=3518070297 next=3541302473 tgt=3575433697 f=0.405 u=0 breach=3 end=converged
CBAP_MIG t=30115000 epoch=6023 flow=43 side=new cur=3518125049 next=3541335051 tgt=3575433697 f=0.405 u=0 breach=3 end=converged
CBAP_MIG t=30115000 epoch=6023 flow=45 side=new cur=3518061101 next=3541297002 tgt=3575433697 f=0.405 u=0 breach=3 end=converged
CBAP_MIG t=30115000 epoch=6023 flow=47 side=new cur=3518079153 next=3541307743 tgt=3575433697 f=0.405 u=0 breach=3 end=converged
CBAP_MIG t=30115000 epoch=6023 flow=49 side=new cur=3518070855 next=3541302806 tgt=3575433697 f=0.405 u=0 breach=3 end=converged
CBAP_MIG t=30115000 epoch=6023 flow=50 side=new cur=3518075752 next=3541305719 tgt=3575433697 f=0.405 u=0 breach=3 end=converged
CBAP_MIG t=30115000 epoch=6023 flow=51 side=new cur=3518118837 next=3541331355 tgt=3575433697 f=0.405 u=0 breach=3 end=converged
CBAP_MIG t=30115000 epoch=6023 flow=52 side=new cur=3518148834 next=3541349203 tgt=3575433697 f=0.405 u=0 breach=3 end=converged
CBAP_MIG t=30115000 epoch=6023 flow=53 side=new cur=3518135340 next=3541341174 tgt=3575433697 f=0.405 u=0 breach=3 end=converged
CBAP_MIG t=30115000 epoch=6023 flow=54 side=new cur=3518077680 next=3541306866 tgt=3575433697 f=0.405 u=0 breach=3 end=converged
CBAP_MIG t=30115000 epoch=6023 flow=55 side=new cur=3518065083 next=3541299371 tgt=3575433697 f=0.405 u=0 breach=3 end=converged
CBAP_MIG t=30115000 epoch=6023 flow=56 side=new cur=3518074570 next=3541305016 tgt=3575433697 f=0.405 u=0 breach=3 end=converged
CBAP_MIG t=30115000 epoch=6023 flow=58 side=new cur=3518076381 next=3541306093 tgt=3575433697 f=0.405 u=0 breach=3 end=converged
CBAP_MIG t=30115000 epoch=6023 flow=59 side=new cur=3518121890 next=3541333171 tgt=3575433697 f=0.405 u=0 breach=3 end=converged
CBAP_MIG t=30115000 epoch=6023 flow=60 side=new cur=3518071299 next=3541303070 tgt=3575433697 f=0.405 u=0 breach=3 end=converged
CBAP_MIG t=30115000 epoch=6023 flow=61 side=new cur=3518097613 next=3541318727 tgt=3575433697 f=0.405 u=0 breach=3 end=converged
CBAP_MIG t=30115000 epoch=6023 flow=62 side=new cur=3518134503 next=3541340676 tgt=3575433697 f=0.405 u=0 breach=3 end=converged
CBAP_MIG t=30115000 epoch=6023 flow=63 side=new cur=3518079832 next=3541308147 tgt=3575433697 f=0.405 u=0 breach=3 end=converged
CBAP_MIG t=30115000 epoch=6023 flow=64 side=new cur=3518077188 next=3541306574 tgt=3575433697 f=0.405 u=0 breach=3 end=converged
CBAP_MIG_REPLAN t=30290000 reason=active_set_shrank flow=0 batch=0 newest_batch=1 cur=2001954710 target=2000000000 ceiling=190000000000 old_side_present=1
CBAP_MIG_REPLAN t=30290000 reason=active_set_shrank flow=1 batch=1 newest_batch=1 cur=3541349493 target=3567853652 ceiling=200000000000 old_side_present=1
CBAP_MIG_REPLAN t=30290000 reason=active_set_shrank flow=2 batch=1 newest_batch=1 cur=3541306319 target=3567853652 ceiling=200000000000 old_side_present=1
CBAP_MIG_REPLAN t=30290000 reason=active_set_shrank flow=3 batch=1 newest_batch=1 cur=3541340709 target=3567853652 ceiling=200000000000 old_side_present=1
CBAP_MIG_REPLAN t=30290000 reason=active_set_shrank flow=4 batch=1 newest_batch=1 cur=3541308248 target=3567853652 ceiling=200000000000 old_side_present=1
CBAP_MIG_REPLAN t=30290000 reason=active_set_shrank flow=5 batch=1 newest_batch=1 cur=3541300953 target=3567853652 ceiling=200000000000 old_side_present=1
CBAP_MIG_REPLAN t=30290000 reason=active_set_shrank flow=6 batch=1 newest_batch=1 cur=3541305932 target=3567853652 ceiling=200000000000 old_side_present=1
CBAP_MIG_REPLAN t=30290000 reason=active_set_shrank flow=7 batch=1 newest_batch=1 cur=3541306396 target=3567853652 ceiling=200000000000 old_side_present=1
CBAP_MIG_REPLAN t=30290000 reason=active_set_shrank flow=8 batch=1 newest_batch=1 cur=3541340399 target=3567853652 ceiling=200000000000 old_side_present=1
CBAP_MIG_REPLAN t=30290000 reason=active_set_shrank flow=9 batch=1 newest_batch=1 cur=3541314074 target=3567853652 ceiling=200000000000 old_side_present=1
CBAP_MIG_REPLAN t=30290000 reason=active_set_shrank flow=10 batch=1 newest_batch=1 cur=3541305388 target=3567853652 ceiling=200000000000 old_side_present=1
CBAP_MIG_REPLAN t=30290000 reason=active_set_shrank flow=11 batch=1 newest_batch=1 cur=3541345849 target=3567853652 ceiling=200000000000 old_side_present=1
CBAP_MIG_REPLAN t=30290000 reason=active_set_shrank flow=12 batch=1 newest_batch=1 cur=3541333784 target=3567853652 ceiling=200000000000 old_side_present=1
CBAP_MIG_REPLAN t=30290000 reason=active_set_shrank flow=13 batch=1 newest_batch=1 cur=3541304479 target=3567853652 ceiling=200000000000 old_side_present=1
CBAP_MIG_REPLAN t=30290000 reason=active_set_shrank flow=14 batch=1 newest_batch=1 cur=3541294935 target=3567853652 ceiling=200000000000 old_side_present=1
CBAP_MIG_REPLAN t=30290000 reason=active_set_shrank flow=15 batch=1 newest_batch=1 cur=3541301555 target=3567853652 ceiling=200000000000 old_side_present=1
CBAP_MIG_REPLAN t=30290000 reason=active_set_shrank flow=16 batch=1 newest_batch=1 cur=3541299828 target=3567853652 ceiling=200000000000 old_side_present=1
CBAP_MIG_REPLAN t=30290000 reason=active_set_shrank flow=17 batch=1 newest_batch=1 cur=3541339074 target=3567853652 ceiling=200000000000 old_side_present=1
CBAP_MIG_REPLAN t=30290000 reason=active_set_shrank flow=18 batch=1 newest_batch=1 cur=3541297079 target=3567853652 ceiling=200000000000 old_side_present=1
CBAP_MIG_REPLAN t=30290000 reason=active_set_shrank flow=19 batch=1 newest_batch=1 cur=3541304499 target=3567853652 ceiling=200000000000 old_side_present=1
CBAP_MIG_REPLAN t=30290000 reason=active_set_shrank flow=20 batch=1 newest_batch=1 cur=3541322682 target=3567853652 ceiling=200000000000 old_side_present=1
CBAP_MIG_REPLAN t=30290000 reason=active_set_shrank flow=21 batch=1 newest_batch=1 cur=3541344919 target=3567853652 ceiling=200000000000 old_side_present=1
CBAP_MIG_REPLAN t=30290000 reason=active_set_shrank flow=22 batch=1 newest_batch=1 cur=3541304684 target=3567853652 ceiling=200000000000 old_side_present=1
CBAP_MIG_REPLAN t=30290000 reason=active_set_shrank flow=23 batch=1 newest_batch=1 cur=3541306742 target=3567853652 ceiling=200000000000 old_side_present=1
CBAP_MIG_REPLAN t=30290000 reason=active_set_shrank flow=24 batch=1 newest_batch=1 cur=3541349640 target=3567853652 ceiling=200000000000 old_side_present=1
CBAP_MIG_REPLAN t=30290000 reason=active_set_shrank flow=25 batch=1 newest_batch=1 cur=3541340122 target=3567853652 ceiling=200000000000 old_side_present=1
CBAP_MIG_REPLAN t=30290000 reason=active_set_shrank flow=26 batch=1 newest_batch=1 cur=3541296283 target=3567853652 ceiling=200000000000 old_side_present=1
CBAP_MIG_REPLAN t=30290000 reason=active_set_shrank flow=27 batch=1 newest_batch=1 cur=3541336459 target=3567853652 ceiling=200000000000 old_side_present=1
CBAP_MIG_REPLAN t=30290000 reason=active_set_shrank flow=28 batch=1 newest_batch=1 cur=3541298454 target=3567853652 ceiling=200000000000 old_side_present=1
CBAP_MIG_REPLAN t=30290000 reason=active_set_shrank flow=29 batch=1 newest_batch=1 cur=3541318230 target=3567853652 ceiling=200000000000 old_side_present=1
CBAP_MIG_REPLAN t=30290000 reason=active_set_shrank flow=32 batch=1 newest_batch=1 cur=3541303560 target=3567853652 ceiling=200000000000 old_side_present=1
CBAP_MIG_REPLAN t=30290000 reason=active_set_shrank flow=33 batch=1 newest_batch=1 cur=3541300529 target=3567853652 ceiling=200000000000 old_side_present=1
CBAP_MIG_REPLAN t=30290000 reason=active_set_shrank flow=34 batch=1 newest_batch=1 cur=3541339681 target=3567853652 ceiling=200000000000 old_side_present=1
CBAP_MIG_REPLAN t=30290000 reason=active_set_shrank flow=35 batch=1 newest_batch=1 cur=3541300262 target=3567853652 ceiling=200000000000 old_side_present=1
CBAP_MIG_REPLAN t=30290000 reason=active_set_shrank flow=37 batch=1 newest_batch=1 cur=3541293568 target=3567853652 ceiling=200000000000 old_side_present=1
CBAP_MIG_REPLAN t=30290000 reason=active_set_shrank flow=38 batch=1 newest_batch=1 cur=3541306218 target=3567853652 ceiling=200000000000 old_side_present=1
CBAP_MIG_REPLAN t=30290000 reason=active_set_shrank flow=39 batch=1 newest_batch=1 cur=3541296299 target=3567853652 ceiling=200000000000 old_side_present=1
CBAP_MIG_REPLAN t=30290000 reason=active_set_shrank flow=40 batch=1 newest_batch=1 cur=3541297017 target=3567853652 ceiling=200000000000 old_side_present=1
CBAP_MIG_REPLAN t=30290000 reason=active_set_shrank flow=42 batch=1 newest_batch=1 cur=3541302473 target=3567853652 ceiling=200000000000 old_side_present=1
CBAP_MIG_REPLAN t=30290000 reason=active_set_shrank flow=43 batch=1 newest_batch=1 cur=3541335051 target=3567853652 ceiling=200000000000 old_side_present=1
CBAP_MIG_REPLAN t=30290000 reason=active_set_shrank flow=45 batch=1 newest_batch=1 cur=3541297002 target=3567853652 ceiling=200000000000 old_side_present=1
CBAP_MIG_REPLAN t=30290000 reason=active_set_shrank flow=47 batch=1 newest_batch=1 cur=3541307743 target=3567853652 ceiling=200000000000 old_side_present=1
CBAP_MIG_REPLAN t=30290000 reason=active_set_shrank flow=49 batch=1 newest_batch=1 cur=3541302806 target=3567853652 ceiling=200000000000 old_side_present=1
CBAP_MIG_REPLAN t=30290000 reason=active_set_shrank flow=50 batch=1 newest_batch=1 cur=3541305719 target=3567853652 ceiling=200000000000 old_side_present=1
CBAP_MIG_REPLAN t=30290000 reason=active_set_shrank flow=51 batch=1 newest_batch=1 cur=3541331355 target=3567853652 ceiling=200000000000 old_side_present=1
CBAP_MIG_REPLAN t=30290000 reason=active_set_shrank flow=52 batch=1 newest_batch=1 cur=3541349203 target=3567853652 ceiling=200000000000 old_side_present=1
CBAP_MIG_REPLAN t=30290000 reason=active_set_shrank flow=53 batch=1 newest_batch=1 cur=3541341174 target=3567853652 ceiling=200000000000 old_side_present=1
CBAP_MIG_REPLAN t=30290000 reason=active_set_shrank flow=54 batch=1 newest_batch=1 cur=3541306866 target=3567853652 ceiling=200000000000 old_side_present=1
CBAP_MIG_REPLAN t=30290000 reason=active_set_shrank flow=55 batch=1 newest_batch=1 cur=3541299371 target=3567853652 ceiling=200000000000 old_side_present=1
CBAP_MIG_REPLAN t=30290000 reason=active_set_shrank flow=56 batch=1 newest_batch=1 cur=3541305016 target=3567853652 ceiling=200000000000 old_side_present=1
CBAP_MIG_REPLAN t=30290000 reason=active_set_shrank flow=58 batch=1 newest_batch=1 cur=3541306093 target=3567853652 ceiling=200000000000 old_side_present=1
CBAP_MIG_REPLAN t=30290000 reason=active_set_shrank flow=59 batch=1 newest_batch=1 cur=3541333171 target=3567853652 ceiling=200000000000 old_side_present=1
CBAP_MIG_REPLAN t=30290000 reason=active_set_shrank flow=60 batch=1 newest_batch=1 cur=3541303070 target=3567853652 ceiling=200000000000 old_side_present=1
CBAP_MIG_REPLAN t=30290000 reason=active_set_shrank flow=61 batch=1 newest_batch=1 cur=3541318727 target=3567853652 ceiling=200000000000 old_side_present=1
CBAP_MIG_REPLAN t=30290000 reason=active_set_shrank flow=62 batch=1 newest_batch=1 cur=3541340676 target=3567853652 ceiling=200000000000 old_side_present=1
CBAP_MIG_REPLAN t=30290000 reason=active_set_shrank flow=63 batch=1 newest_batch=1 cur=3541308147 target=3567853652 ceiling=200000000000 old_side_present=1
CBAP_MIG_REPLAN t=30290000 reason=active_set_shrank flow=64 batch=1 newest_batch=1 cur=3541306574 target=3567853652 ceiling=200000000000 old_side_present=1
CBAP_MIG t=30290000 epoch=6058 flow=0 side=old cur=2001954710 next=2001368297 tgt=2000000000 f=0.3 u=0.15 breach=0 end=converged
CBAP_MIG t=30290000 epoch=6058 flow=1 side=new cur=3541349493 next=3551248796 tgt=3567853652 f=0.3735 u=0.15 breach=3 end=converged
CBAP_MIG t=30290000 epoch=6058 flow=2 side=new cur=3541306319 next=3551221747 tgt=3567853652 f=0.3735 u=0.15 breach=3 end=converged
CBAP_MIG t=30290000 epoch=6058 flow=3 side=new cur=3541340709 next=3551243293 tgt=3567853652 f=0.3735 u=0.15 breach=3 end=converged
CBAP_MIG t=30290000 epoch=6058 flow=4 side=new cur=3541308248 next=3551222956 tgt=3567853652 f=0.3735 u=0.15 breach=3 end=converged
CBAP_MIG t=30290000 epoch=6058 flow=5 side=new cur=3541300953 next=3551218386 tgt=3567853652 f=0.3735 u=0.15 breach=3 end=converged
CBAP_MIG t=30290000 epoch=6058 flow=6 side=new cur=3541305932 next=3551221505 tgt=3567853652 f=0.3735 u=0.15 breach=3 end=converged
CBAP_MIG t=30290000 epoch=6058 flow=7 side=new cur=3541306396 next=3551221796 tgt=3567853652 f=0.3735 u=0.15 breach=3 end=converged
CBAP_MIG t=30290000 epoch=6058 flow=8 side=new cur=3541340399 next=3551243098 tgt=3567853652 f=0.3735 u=0.15 breach=3 end=converged
CBAP_MIG t=30290000 epoch=6058 flow=9 side=new cur=3541314074 next=3551226606 tgt=3567853652 f=0.3735 u=0.15 breach=3 end=converged
CBAP_MIG t=30290000 epoch=6058 flow=10 side=new cur=3541305388 next=3551221164 tgt=3567853652 f=0.3735 u=0.15 breach=3 end=converged
CBAP_MIG t=30290000 epoch=6058 flow=11 side=new cur=3541345849 next=3551246513 tgt=3567853652 f=0.3735 u=0.15 breach=3 end=converged
CBAP_MIG t=30290000 epoch=6058 flow=12 side=new cur=3541333784 next=3551238954 tgt=3567853652 f=0.3735 u=0.15 breach=3 end=converged
CBAP_MIG t=30290000 epoch=6058 flow=13 side=new cur=3541304479 next=3551220595 tgt=3567853652 f=0.3735 u=0.15 breach=3 end=converged
CBAP_MIG t=30290000 epoch=6058 flow=14 side=new cur=3541294935 next=3551214615 tgt=3567853652 f=0.3735 u=0.15 breach=3 end=converged
CBAP_MIG t=30290000 epoch=6058 flow=15 side=new cur=3541301555 next=3551218763 tgt=3567853652 f=0.3735 u=0.15 breach=3 end=converged
CBAP_MIG t=30290000 epoch=6058 flow=16 side=new cur=3541299828 next=3551217681 tgt=3567853652 f=0.3735 u=0.15 breach=3 end=converged
CBAP_MIG t=30290000 epoch=6058 flow=17 side=new cur=3541339074 next=3551242268 tgt=3567853652 f=0.3735 u=0.15 breach=3 end=converged
CBAP_MIG t=30290000 epoch=6058 flow=18 side=new cur=3541297079 next=3551215959 tgt=3567853652 f=0.3735 u=0.15 breach=3 end=converged
CBAP_MIG t=30290000 epoch=6058 flow=19 side=new cur=3541304499 next=3551220607 tgt=3567853652 f=0.3735 u=0.15 breach=3 end=converged
CBAP_MIG t=30290000 epoch=6058 flow=20 side=new cur=3541322682 next=3551231999 tgt=3567853652 f=0.3735 u=0.15 breach=3 end=converged
CBAP_MIG t=30290000 epoch=6058 flow=21 side=new cur=3541344919 next=3551245930 tgt=3567853652 f=0.3735 u=0.15 breach=3 end=converged
CBAP_MIG t=30290000 epoch=6058 flow=22 side=new cur=3541304684 next=3551220723 tgt=3567853652 f=0.3735 u=0.15 breach=3 end=converged
CBAP_MIG t=30290000 epoch=6058 flow=23 side=new cur=3541306742 next=3551222012 tgt=3567853652 f=0.3735 u=0.15 breach=3 end=converged
CBAP_MIG t=30290000 epoch=6058 flow=24 side=new cur=3541349640 next=3551248888 tgt=3567853652 f=0.3735 u=0.15 breach=3 end=converged
CBAP_MIG t=30290000 epoch=6058 flow=25 side=new cur=3541340122 next=3551242925 tgt=3567853652 f=0.3735 u=0.15 breach=3 end=converged
CBAP_MIG t=30290000 epoch=6058 flow=26 side=new cur=3541296283 next=3551215460 tgt=3567853652 f=0.3735 u=0.15 breach=3 end=converged
CBAP_MIG t=30290000 epoch=6058 flow=27 side=new cur=3541336459 next=3551240630 tgt=3567853652 f=0.3735 u=0.15 breach=3 end=converged
CBAP_MIG t=30290000 epoch=6058 flow=28 side=new cur=3541298454 next=3551216820 tgt=3567853652 f=0.3735 u=0.15 breach=3 end=converged
CBAP_MIG t=30290000 epoch=6058 flow=29 side=new cur=3541318230 next=3551229210 tgt=3567853652 f=0.3735 u=0.15 breach=3 end=converged
CBAP_MIG t=30290000 epoch=6058 flow=32 side=new cur=3541303560 next=3551220019 tgt=3567853652 f=0.3735 u=0.15 breach=3 end=converged
CBAP_MIG t=30290000 epoch=6058 flow=33 side=new cur=3541300529 next=3551218120 tgt=3567853652 f=0.3735 u=0.15 breach=3 end=converged
CBAP_MIG t=30290000 epoch=6058 flow=34 side=new cur=3541339681 next=3551242649 tgt=3567853652 f=0.3735 u=0.15 breach=3 end=converged
CBAP_MIG t=30290000 epoch=6058 flow=35 side=new cur=3541300262 next=3551217953 tgt=3567853652 f=0.3735 u=0.15 breach=3 end=converged
CBAP_MIG t=30290000 epoch=6058 flow=37 side=new cur=3541293568 next=3551213759 tgt=3567853652 f=0.3735 u=0.15 breach=3 end=converged
CBAP_MIG t=30290000 epoch=6058 flow=38 side=new cur=3541306218 next=3551221684 tgt=3567853652 f=0.3735 u=0.15 breach=3 end=converged
CBAP_MIG t=30290000 epoch=6058 flow=39 side=new cur=3541296299 next=3551215470 tgt=3567853652 f=0.3735 u=0.15 breach=3 end=converged
CBAP_MIG t=30290000 epoch=6058 flow=40 side=new cur=3541297017 next=3551215920 tgt=3567853652 f=0.3735 u=0.15 breach=3 end=converged
CBAP_MIG t=30290000 epoch=6058 flow=42 side=new cur=3541302473 next=3551219338 tgt=3567853652 f=0.3735 u=0.15 breach=3 end=converged
CBAP_MIG t=30290000 epoch=6058 flow=43 side=new cur=3541335051 next=3551239748 tgt=3567853652 f=0.3735 u=0.15 breach=3 end=converged
CBAP_MIG t=30290000 epoch=6058 flow=45 side=new cur=3541297002 next=3551215910 tgt=3567853652 f=0.3735 u=0.15 breach=3 end=converged
CBAP_MIG t=30290000 epoch=6058 flow=47 side=new cur=3541307743 next=3551222640 tgt=3567853652 f=0.3735 u=0.15 breach=3 end=converged
CBAP_MIG t=30290000 epoch=6058 flow=49 side=new cur=3541302806 next=3551219546 tgt=3567853652 f=0.3735 u=0.15 breach=3 end=converged
CBAP_MIG t=30290000 epoch=6058 flow=50 side=new cur=3541305719 next=3551221371 tgt=3567853652 f=0.3735 u=0.15 breach=3 end=converged
CBAP_MIG t=30290000 epoch=6058 flow=51 side=new cur=3541331355 next=3551237432 tgt=3567853652 f=0.3735 u=0.15 breach=3 end=converged
CBAP_MIG t=30290000 epoch=6058 flow=52 side=new cur=3541349203 next=3551248614 tgt=3567853652 f=0.3735 u=0.15 breach=3 end=converged
CBAP_MIG t=30290000 epoch=6058 flow=53 side=new cur=3541341174 next=3551243584 tgt=3567853652 f=0.3735 u=0.15 breach=3 end=converged
CBAP_MIG t=30290000 epoch=6058 flow=54 side=new cur=3541306866 next=3551222090 tgt=3567853652 f=0.3735 u=0.15 breach=3 end=converged
CBAP_MIG t=30290000 epoch=6058 flow=55 side=new cur=3541299371 next=3551217394 tgt=3567853652 f=0.3735 u=0.15 breach=3 end=converged
CBAP_MIG t=30290000 epoch=6058 flow=56 side=new cur=3541305016 next=3551220931 tgt=3567853652 f=0.3735 u=0.15 breach=3 end=converged
CBAP_MIG t=30290000 epoch=6058 flow=58 side=new cur=3541306093 next=3551221606 tgt=3567853652 f=0.3735 u=0.15 breach=3 end=converged
CBAP_MIG t=30290000 epoch=6058 flow=59 side=new cur=3541333171 next=3551238570 tgt=3567853652 f=0.3735 u=0.15 breach=3 end=converged
CBAP_MIG t=30290000 epoch=6058 flow=60 side=new cur=3541303070 next=3551219712 tgt=3567853652 f=0.3735 u=0.15 breach=3 end=converged
CBAP_MIG t=30290000 epoch=6058 flow=61 side=new cur=3541318727 next=3551229521 tgt=3567853652 f=0.3735 u=0.15 breach=3 end=converged
CBAP_MIG t=30290000 epoch=6058 flow=62 side=new cur=3541340676 next=3551243272 tgt=3567853652 f=0.3735 u=0.15 breach=3 end=converged
CBAP_MIG t=30290000 epoch=6058 flow=63 side=new cur=3541308147 next=3551222893 tgt=3567853652 f=0.3735 u=0.15 breach=3 end=converged
CBAP_MIG t=30290000 epoch=6058 flow=64 side=new cur=3541306574 next=3551221907 tgt=3567853652 f=0.3735 u=0.15 breach=3 end=converged
CBAP_MIG_REPLAN t=30390000 reason=active_set_shrank flow=0 batch=0 newest_batch=1 cur=2001368297 target=2000000000 ceiling=190000000000 old_side_present=1
CBAP_MIG_REPLAN t=30390000 reason=active_set_shrank flow=1 batch=1 newest_batch=1 cur=3551248796 target=3699997466 ceiling=200000000000 old_side_present=1
CBAP_MIG_REPLAN t=30390000 reason=active_set_shrank flow=2 batch=1 newest_batch=1 cur=3551221747 target=3699997466 ceiling=200000000000 old_side_present=1
CBAP_MIG_REPLAN t=30390000 reason=active_set_shrank flow=3 batch=1 newest_batch=1 cur=3551243293 target=3699997466 ceiling=200000000000 old_side_present=1
CBAP_MIG_REPLAN t=30390000 reason=active_set_shrank flow=4 batch=1 newest_batch=1 cur=3551222956 target=3699997466 ceiling=200000000000 old_side_present=1
CBAP_MIG_REPLAN t=30390000 reason=active_set_shrank flow=5 batch=1 newest_batch=1 cur=3551218386 target=3699997466 ceiling=200000000000 old_side_present=1
CBAP_MIG_REPLAN t=30390000 reason=active_set_shrank flow=6 batch=1 newest_batch=1 cur=3551221505 target=3699997466 ceiling=200000000000 old_side_present=1
CBAP_MIG_REPLAN t=30390000 reason=active_set_shrank flow=7 batch=1 newest_batch=1 cur=3551221796 target=3699997466 ceiling=200000000000 old_side_present=1
CBAP_MIG_REPLAN t=30390000 reason=active_set_shrank flow=8 batch=1 newest_batch=1 cur=3551243098 target=3699997466 ceiling=200000000000 old_side_present=1
CBAP_MIG_REPLAN t=30390000 reason=active_set_shrank flow=9 batch=1 newest_batch=1 cur=3551226606 target=3699997466 ceiling=200000000000 old_side_present=1
CBAP_MIG_REPLAN t=30390000 reason=active_set_shrank flow=10 batch=1 newest_batch=1 cur=3551221164 target=3699997466 ceiling=200000000000 old_side_present=1
CBAP_MIG_REPLAN t=30390000 reason=active_set_shrank flow=11 batch=1 newest_batch=1 cur=3551246513 target=3699997466 ceiling=200000000000 old_side_present=1
CBAP_MIG_REPLAN t=30390000 reason=active_set_shrank flow=12 batch=1 newest_batch=1 cur=3551238954 target=3699997466 ceiling=200000000000 old_side_present=1
CBAP_MIG_REPLAN t=30390000 reason=active_set_shrank flow=13 batch=1 newest_batch=1 cur=3551220595 target=3699997466 ceiling=200000000000 old_side_present=1
CBAP_MIG_REPLAN t=30390000 reason=active_set_shrank flow=14 batch=1 newest_batch=1 cur=3551214615 target=3699997466 ceiling=200000000000 old_side_present=1
CBAP_MIG_REPLAN t=30390000 reason=active_set_shrank flow=15 batch=1 newest_batch=1 cur=3551218763 target=3699997466 ceiling=200000000000 old_side_present=1
CBAP_MIG_REPLAN t=30390000 reason=active_set_shrank flow=16 batch=1 newest_batch=1 cur=3551217681 target=3699997466 ceiling=200000000000 old_side_present=1
CBAP_MIG_REPLAN t=30390000 reason=active_set_shrank flow=17 batch=1 newest_batch=1 cur=3551242268 target=3699997466 ceiling=200000000000 old_side_present=1
CBAP_MIG_REPLAN t=30390000 reason=active_set_shrank flow=18 batch=1 newest_batch=1 cur=3551215959 target=3699997466 ceiling=200000000000 old_side_present=1
CBAP_MIG_REPLAN t=30390000 reason=active_set_shrank flow=19 batch=1 newest_batch=1 cur=3551220607 target=3699997466 ceiling=200000000000 old_side_present=1
CBAP_MIG_REPLAN t=30390000 reason=active_set_shrank flow=20 batch=1 newest_batch=1 cur=3551231999 target=3699997466 ceiling=200000000000 old_side_present=1
CBAP_MIG_REPLAN t=30390000 reason=active_set_shrank flow=21 batch=1 newest_batch=1 cur=3551245930 target=3699997466 ceiling=200000000000 old_side_present=1
CBAP_MIG_REPLAN t=30390000 reason=active_set_shrank flow=22 batch=1 newest_batch=1 cur=3551220723 target=3699997466 ceiling=200000000000 old_side_present=1
CBAP_MIG_REPLAN t=30390000 reason=active_set_shrank flow=23 batch=1 newest_batch=1 cur=3551222012 target=3699997466 ceiling=200000000000 old_side_present=1
CBAP_MIG_REPLAN t=30390000 reason=active_set_shrank flow=24 batch=1 newest_batch=1 cur=3551248888 target=3699997466 ceiling=200000000000 old_side_present=1
CBAP_MIG_REPLAN t=30390000 reason=active_set_shrank flow=25 batch=1 newest_batch=1 cur=3551242925 target=3699997466 ceiling=200000000000 old_side_present=1
CBAP_MIG_REPLAN t=30390000 reason=active_set_shrank flow=26 batch=1 newest_batch=1 cur=3551215460 target=3699997466 ceiling=200000000000 old_side_present=1
CBAP_MIG_REPLAN t=30390000 reason=active_set_shrank flow=27 batch=1 newest_batch=1 cur=3551240630 target=3699997466 ceiling=200000000000 old_side_present=1
CBAP_MIG_REPLAN t=30390000 reason=active_set_shrank flow=28 batch=1 newest_batch=1 cur=3551216820 target=3699997466 ceiling=200000000000 old_side_present=1
CBAP_MIG_REPLAN t=30390000 reason=active_set_shrank flow=29 batch=1 newest_batch=1 cur=3551229210 target=3699997466 ceiling=200000000000 old_side_present=1
CBAP_MIG_REPLAN t=30390000 reason=active_set_shrank flow=32 batch=1 newest_batch=1 cur=3551220019 target=3699997466 ceiling=200000000000 old_side_present=1
CBAP_MIG_REPLAN t=30390000 reason=active_set_shrank flow=33 batch=1 newest_batch=1 cur=3551218120 target=3699997466 ceiling=200000000000 old_side_present=1
CBAP_MIG_REPLAN t=30390000 reason=active_set_shrank flow=35 batch=1 newest_batch=1 cur=3551217953 target=3699997466 ceiling=200000000000 old_side_present=1
CBAP_MIG_REPLAN t=30390000 reason=active_set_shrank flow=37 batch=1 newest_batch=1 cur=3551213759 target=3699997466 ceiling=200000000000 old_side_present=1
CBAP_MIG_REPLAN t=30390000 reason=active_set_shrank flow=38 batch=1 newest_batch=1 cur=3551221684 target=3699997466 ceiling=200000000000 old_side_present=1
CBAP_MIG_REPLAN t=30390000 reason=active_set_shrank flow=39 batch=1 newest_batch=1 cur=3551215470 target=3699997466 ceiling=200000000000 old_side_present=1
CBAP_MIG_REPLAN t=30390000 reason=active_set_shrank flow=40 batch=1 newest_batch=1 cur=3551215920 target=3699997466 ceiling=200000000000 old_side_present=1
CBAP_MIG_REPLAN t=30390000 reason=active_set_shrank flow=42 batch=1 newest_batch=1 cur=3551219338 target=3699997466 ceiling=200000000000 old_side_present=1
CBAP_MIG_REPLAN t=30390000 reason=active_set_shrank flow=43 batch=1 newest_batch=1 cur=3551239748 target=3699997466 ceiling=200000000000 old_side_present=1
CBAP_MIG_REPLAN t=30390000 reason=active_set_shrank flow=45 batch=1 newest_batch=1 cur=3551215910 target=3699997466 ceiling=200000000000 old_side_present=1
CBAP_MIG_REPLAN t=30390000 reason=active_set_shrank flow=47 batch=1 newest_batch=1 cur=3551222640 target=3699997466 ceiling=200000000000 old_side_present=1
CBAP_MIG_REPLAN t=30390000 reason=active_set_shrank flow=49 batch=1 newest_batch=1 cur=3551219546 target=3699997466 ceiling=200000000000 old_side_present=1
CBAP_MIG_REPLAN t=30390000 reason=active_set_shrank flow=50 batch=1 newest_batch=1 cur=3551221371 target=3699997466 ceiling=200000000000 old_side_present=1
CBAP_MIG_REPLAN t=30390000 reason=active_set_shrank flow=51 batch=1 newest_batch=1 cur=3551237432 target=3699997466 ceiling=200000000000 old_side_present=1
CBAP_MIG_REPLAN t=30390000 reason=active_set_shrank flow=52 batch=1 newest_batch=1 cur=3551248614 target=3699997466 ceiling=200000000000 old_side_present=1
CBAP_MIG_REPLAN t=30390000 reason=active_set_shrank flow=54 batch=1 newest_batch=1 cur=3551222090 target=3699997466 ceiling=200000000000 old_side_present=1
CBAP_MIG_REPLAN t=30390000 reason=active_set_shrank flow=55 batch=1 newest_batch=1 cur=3551217394 target=3699997466 ceiling=200000000000 old_side_present=1
CBAP_MIG_REPLAN t=30390000 reason=active_set_shrank flow=56 batch=1 newest_batch=1 cur=3551220931 target=3699997466 ceiling=200000000000 old_side_present=1
CBAP_MIG_REPLAN t=30390000 reason=active_set_shrank flow=58 batch=1 newest_batch=1 cur=3551221606 target=3699997466 ceiling=200000000000 old_side_present=1
CBAP_MIG_REPLAN t=30390000 reason=active_set_shrank flow=59 batch=1 newest_batch=1 cur=3551238570 target=3699997466 ceiling=200000000000 old_side_present=1
CBAP_MIG_REPLAN t=30390000 reason=active_set_shrank flow=60 batch=1 newest_batch=1 cur=3551219712 target=3699997466 ceiling=200000000000 old_side_present=1
CBAP_MIG_REPLAN t=30390000 reason=active_set_shrank flow=61 batch=1 newest_batch=1 cur=3551229521 target=3699997466 ceiling=200000000000 old_side_present=1
CBAP_MIG_REPLAN t=30390000 reason=active_set_shrank flow=62 batch=1 newest_batch=1 cur=3551243272 target=3699997466 ceiling=200000000000 old_side_present=1
CBAP_MIG_REPLAN t=30390000 reason=active_set_shrank flow=63 batch=1 newest_batch=1 cur=3551222893 target=3699997466 ceiling=200000000000 old_side_present=1
CBAP_MIG_REPLAN t=30390000 reason=active_set_shrank flow=64 batch=1 newest_batch=1 cur=3551221907 target=3699997466 ceiling=200000000000 old_side_present=1
CBAP_MIG t=30390000 epoch=6078 flow=0 side=old cur=2001368297 next=2000957807 tgt=2000000000 f=0.3 u=0.14 breach=0 end=converged
CBAP_MIG t=30390000 epoch=6078 flow=1 side=new cur=3551248796 next=3607118796 tgt=3699997466 f=0.3756 u=0.14 breach=3 end=
CBAP_MIG t=30390000 epoch=6078 flow=2 side=new cur=3551221747 next=3607101907 tgt=3699997466 f=0.3756 u=0.14 breach=3 end=
CBAP_MIG t=30390000 epoch=6078 flow=3 side=new cur=3551243293 next=3607115360 tgt=3699997466 f=0.3756 u=0.14 breach=3 end=
CBAP_MIG t=30390000 epoch=6078 flow=4 side=new cur=3551222956 next=3607102661 tgt=3699997466 f=0.3756 u=0.14 breach=3 end=
CBAP_MIG t=30390000 epoch=6078 flow=5 side=new cur=3551218386 next=3607099808 tgt=3699997466 f=0.3756 u=0.14 breach=3 end=
CBAP_MIG t=30390000 epoch=6078 flow=6 side=new cur=3551221505 next=3607101755 tgt=3699997466 f=0.3756 u=0.14 breach=3 end=
CBAP_MIG t=30390000 epoch=6078 flow=7 side=new cur=3551221796 next=3607101937 tgt=3699997466 f=0.3756 u=0.14 breach=3 end=
CBAP_MIG t=30390000 epoch=6078 flow=8 side=new cur=3551243098 next=3607115238 tgt=3699997466 f=0.3756 u=0.14 breach=3 end=
CBAP_MIG t=30390000 epoch=6078 flow=9 side=new cur=3551226606 next=3607104941 tgt=3699997466 f=0.3756 u=0.14 breach=3 end=
CBAP_MIG t=30390000 epoch=6078 flow=10 side=new cur=3551221164 next=3607101543 tgt=3699997466 f=0.3756 u=0.14 breach=3 end=
CBAP_MIG t=30390000 epoch=6078 flow=11 side=new cur=3551246513 next=3607117370 tgt=3699997466 f=0.3756 u=0.14 breach=3 end=
CBAP_MIG t=30390000 epoch=6078 flow=12 side=new cur=3551238954 next=3607112651 tgt=3699997466 f=0.3756 u=0.14 breach=3 end=
CBAP_MIG t=30390000 epoch=6078 flow=13 side=new cur=3551220595 next=3607101187 tgt=3699997466 f=0.3756 u=0.14 breach=3 end=
CBAP_MIG t=30390000 epoch=6078 flow=14 side=new cur=3551214615 next=3607097453 tgt=3699997466 f=0.3756 u=0.14 breach=3 end=
CBAP_MIG t=30390000 epoch=6078 flow=15 side=new cur=3551218763 next=3607100043 tgt=3699997466 f=0.3756 u=0.14 breach=3 end=
CBAP_MIG t=30390000 epoch=6078 flow=16 side=new cur=3551217681 next=3607099368 tgt=3699997466 f=0.3756 u=0.14 breach=3 end=
CBAP_MIG t=30390000 epoch=6078 flow=17 side=new cur=3551242268 next=3607114720 tgt=3699997466 f=0.3756 u=0.14 breach=3 end=
CBAP_MIG t=30390000 epoch=6078 flow=18 side=new cur=3551215959 next=3607098293 tgt=3699997466 f=0.3756 u=0.14 breach=3 end=
CBAP_MIG t=30390000 epoch=6078 flow=19 side=new cur=3551220607 next=3607101195 tgt=3699997466 f=0.3756 u=0.14 breach=3 end=
CBAP_MIG t=30390000 epoch=6078 flow=20 side=new cur=3551231999 next=3607108308 tgt=3699997466 f=0.3756 u=0.14 breach=3 end=
CBAP_MIG t=30390000 epoch=6078 flow=21 side=new cur=3551245930 next=3607117006 tgt=3699997466 f=0.3756 u=0.14 breach=3 end=
CBAP_MIG t=30390000 epoch=6078 flow=22 side=new cur=3551220723 next=3607101267 tgt=3699997466 f=0.3756 u=0.14 breach=3 end=
CBAP_MIG t=30390000 epoch=6078 flow=23 side=new cur=3551222012 next=3607102072 tgt=3699997466 f=0.3756 u=0.14 breach=3 end=
CBAP_MIG t=30390000 epoch=6078 flow=24 side=new cur=3551248888 next=3607118853 tgt=3699997466 f=0.3756 u=0.14 breach=3 end=
CBAP_MIG t=30390000 epoch=6078 flow=25 side=new cur=3551242925 next=3607115130 tgt=3699997466 f=0.3756 u=0.14 breach=3 end=
CBAP_MIG t=30390000 epoch=6078 flow=26 side=new cur=3551215460 next=3607097981 tgt=3699997466 f=0.3756 u=0.14 breach=3 end=
CBAP_MIG t=30390000 epoch=6078 flow=27 side=new cur=3551240630 next=3607113697 tgt=3699997466 f=0.3756 u=0.14 breach=3 end=
CBAP_MIG t=30390000 epoch=6078 flow=28 side=new cur=3551216820 next=3607098830 tgt=3699997466 f=0.3756 u=0.14 breach=3 end=
CBAP_MIG t=30390000 epoch=6078 flow=29 side=new cur=3551229210 next=3607106566 tgt=3699997466 f=0.3756 u=0.14 breach=3 end=
CBAP_MIG t=30390000 epoch=6078 flow=32 side=new cur=3551220019 next=3607100828 tgt=3699997466 f=0.3756 u=0.14 breach=3 end=
CBAP_MIG t=30390000 epoch=6078 flow=33 side=new cur=3551218120 next=3607099642 tgt=3699997466 f=0.3756 u=0.14 breach=3 end=
CBAP_MIG t=30390000 epoch=6078 flow=35 side=new cur=3551217953 next=3607099538 tgt=3699997466 f=0.3756 u=0.14 breach=3 end=
CBAP_MIG t=30390000 epoch=6078 flow=37 side=new cur=3551213759 next=3607096919 tgt=3699997466 f=0.3756 u=0.14 breach=3 end=
CBAP_MIG t=30390000 epoch=6078 flow=38 side=new cur=3551221684 next=3607101867 tgt=3699997466 f=0.3756 u=0.14 breach=3 end=
CBAP_MIG t=30390000 epoch=6078 flow=39 side=new cur=3551215470 next=3607097987 tgt=3699997466 f=0.3756 u=0.14 breach=3 end=
CBAP_MIG t=30390000 epoch=6078 flow=40 side=new cur=3551215920 next=3607098268 tgt=3699997466 f=0.3756 u=0.14 breach=3 end=
CBAP_MIG t=30390000 epoch=6078 flow=42 side=new cur=3551219338 next=3607100402 tgt=3699997466 f=0.3756 u=0.14 breach=3 end=
CBAP_MIG t=30390000 epoch=6078 flow=43 side=new cur=3551239748 next=3607113146 tgt=3699997466 f=0.3756 u=0.14 breach=3 end=
CBAP_MIG t=30390000 epoch=6078 flow=45 side=new cur=3551215910 next=3607098262 tgt=3699997466 f=0.3756 u=0.14 breach=3 end=
CBAP_MIG t=30390000 epoch=6078 flow=47 side=new cur=3551222640 next=3607102464 tgt=3699997466 f=0.3756 u=0.14 breach=3 end=
CBAP_MIG t=30390000 epoch=6078 flow=49 side=new cur=3551219546 next=3607100532 tgt=3699997466 f=0.3756 u=0.14 breach=3 end=
CBAP_MIG t=30390000 epoch=6078 flow=50 side=new cur=3551221371 next=3607101672 tgt=3699997466 f=0.3756 u=0.14 breach=3 end=
CBAP_MIG t=30390000 epoch=6078 flow=51 side=new cur=3551237432 next=3607111700 tgt=3699997466 f=0.3756 u=0.14 breach=3 end=
CBAP_MIG t=30390000 epoch=6078 flow=52 side=new cur=3551248614 next=3607118682 tgt=3699997466 f=0.3756 u=0.14 breach=3 end=
CBAP_MIG t=30390000 epoch=6078 flow=54 side=new cur=3551222090 next=3607102121 tgt=3699997466 f=0.3756 u=0.14 breach=3 end=
CBAP_MIG t=30390000 epoch=6078 flow=55 side=new cur=3551217394 next=3607099189 tgt=3699997466 f=0.3756 u=0.14 breach=3 end=
CBAP_MIG t=30390000 epoch=6078 flow=56 side=new cur=3551220931 next=3607101397 tgt=3699997466 f=0.3756 u=0.14 breach=3 end=
CBAP_MIG t=30390000 epoch=6078 flow=58 side=new cur=3551221606 next=3607101819 tgt=3699997466 f=0.3756 u=0.14 breach=3 end=
CBAP_MIG t=30390000 epoch=6078 flow=59 side=new cur=3551238570 next=3607112411 tgt=3699997466 f=0.3756 u=0.14 breach=3 end=
CBAP_MIG t=30390000 epoch=6078 flow=60 side=new cur=3551219712 next=3607100636 tgt=3699997466 f=0.3756 u=0.14 breach=3 end=
CBAP_MIG t=30390000 epoch=6078 flow=61 side=new cur=3551229521 next=3607106761 tgt=3699997466 f=0.3756 u=0.14 breach=3 end=
CBAP_MIG t=30390000 epoch=6078 flow=62 side=new cur=3551243272 next=3607115347 tgt=3699997466 f=0.3756 u=0.14 breach=3 end=
CBAP_MIG t=30390000 epoch=6078 flow=63 side=new cur=3551222893 next=3607102622 tgt=3699997466 f=0.3756 u=0.14 breach=3 end=
CBAP_MIG t=30390000 epoch=6078 flow=64 side=new cur=3551221907 next=3607102006 tgt=3699997466 f=0.3756 u=0.14 breach=3 end=
CBAP_MIG t=30395000 epoch=6079 flow=1 side=new cur=3607118796 next=3642296592 tgt=3699997466 f=0.37875 u=0.125 breach=3 end=
CBAP_MIG t=30395000 epoch=6079 flow=2 side=new cur=3607101907 next=3642286099 tgt=3699997466 f=0.37875 u=0.125 breach=3 end=
CBAP_MIG t=30395000 epoch=6079 flow=3 side=new cur=3607115360 next=3642294457 tgt=3699997466 f=0.37875 u=0.125 breach=3 end=
CBAP_MIG t=30395000 epoch=6079 flow=4 side=new cur=3607102661 next=3642286568 tgt=3699997466 f=0.37875 u=0.125 breach=3 end=
CBAP_MIG t=30395000 epoch=6079 flow=5 side=new cur=3607099808 next=3642284795 tgt=3699997466 f=0.37875 u=0.125 breach=3 end=
CBAP_MIG t=30395000 epoch=6079 flow=6 side=new cur=3607101755 next=3642286005 tgt=3699997466 f=0.37875 u=0.125 breach=3 end=
CBAP_MIG t=30395000 epoch=6079 flow=7 side=new cur=3607101937 next=3642286118 tgt=3699997466 f=0.37875 u=0.125 breach=3 end=
CBAP_MIG t=30395000 epoch=6079 flow=8 side=new cur=3607115238 next=3642294381 tgt=3699997466 f=0.37875 u=0.125 breach=3 end=
CBAP_MIG t=30395000 epoch=6079 flow=9 side=new cur=3607104941 next=3642287984 tgt=3699997466 f=0.37875 u=0.125 breach=3 end=
CBAP_MIG t=30395000 epoch=6079 flow=10 side=new cur=3607101543 next=3642285873 tgt=3699997466 f=0.37875 u=0.125 breach=3 end=
CBAP_MIG t=30395000 epoch=6079 flow=11 side=new cur=3607117370 next=3642295706 tgt=3699997466 f=0.37875 u=0.125 breach=3 end=
CBAP_MIG t=30395000 epoch=6079 flow=12 side=new cur=3607112651 next=3642292774 tgt=3699997466 f=0.37875 u=0.125 breach=3 end=
CBAP_MIG t=30395000 epoch=6079 flow=13 side=new cur=3607101187 next=3642285652 tgt=3699997466 f=0.37875 u=0.125 breach=3 end=
CBAP_MIG t=30395000 epoch=6079 flow=14 side=new cur=3607097453 next=3642283332 tgt=3699997466 f=0.37875 u=0.125 breach=3 end=
CBAP_MIG t=30395000 epoch=6079 flow=15 side=new cur=3607100043 next=3642284941 tgt=3699997466 f=0.37875 u=0.125 breach=3 end=
CBAP_MIG t=30395000 epoch=6079 flow=16 side=new cur=3607099368 next=3642284522 tgt=3699997466 f=0.37875 u=0.125 breach=3 end=
CBAP_MIG t=30395000 epoch=6079 flow=17 side=new cur=3607114720 next=3642294060 tgt=3699997466 f=0.37875 u=0.125 breach=3 end=
CBAP_MIG t=30395000 epoch=6079 flow=18 side=new cur=3607098293 next=3642283854 tgt=3699997466 f=0.37875 u=0.125 breach=3 end=
CBAP_MIG t=30395000 epoch=6079 flow=19 side=new cur=3607101195 next=3642285657 tgt=3699997466 f=0.37875 u=0.125 breach=3 end=
CBAP_MIG t=30395000 epoch=6079 flow=20 side=new cur=3607108308 next=3642290076 tgt=3699997466 f=0.37875 u=0.125 breach=3 end=
CBAP_MIG t=30395000 epoch=6079 flow=21 side=new cur=3607117006 next=3642295480 tgt=3699997466 f=0.37875 u=0.125 breach=3 end=
CBAP_MIG t=30395000 epoch=6079 flow=22 side=new cur=3607101267 next=3642285702 tgt=3699997466 f=0.37875 u=0.125 breach=3 end=
CBAP_MIG t=30395000 epoch=6079 flow=23 side=new cur=3607102072 next=3642286202 tgt=3699997466 f=0.37875 u=0.125 breach=3 end=
CBAP_MIG t=30395000 epoch=6079 flow=24 side=new cur=3607118853 next=3642296627 tgt=3699997466 f=0.37875 u=0.125 breach=3 end=
CBAP_MIG t=30395000 epoch=6079 flow=25 side=new cur=3607115130 next=3642294314 tgt=3699997466 f=0.37875 u=0.125 breach=3 end=
CBAP_MIG t=30395000 epoch=6079 flow=26 side=new cur=3607097981 next=3642283660 tgt=3699997466 f=0.37875 u=0.125 breach=3 end=
CBAP_MIG t=30395000 epoch=6079 flow=27 side=new cur=3607113697 next=3642293424 tgt=3699997466 f=0.37875 u=0.125 breach=3 end=
CBAP_MIG t=30395000 epoch=6079 flow=28 side=new cur=3607098830 next=3642284188 tgt=3699997466 f=0.37875 u=0.125 breach=3 end=
CBAP_MIG t=30395000 epoch=6079 flow=29 side=new cur=3607106566 next=3642288994 tgt=3699997466 f=0.37875 u=0.125 breach=3 end=
CBAP_MIG t=30395000 epoch=6079 flow=32 side=new cur=3607100828 next=3642285429 tgt=3699997466 f=0.37875 u=0.125 breach=3 end=
CBAP_MIG t=30395000 epoch=6079 flow=33 side=new cur=3607099642 next=3642284692 tgt=3699997466 f=0.37875 u=0.125 breach=3 end=
CBAP_MIG t=30395000 epoch=6079 flow=35 side=new cur=3607099538 next=3642284628 tgt=3699997466 f=0.37875 u=0.125 breach=3 end=
CBAP_MIG t=30395000 epoch=6079 flow=37 side=new cur=3607096919 next=3642283001 tgt=3699997466 f=0.37875 u=0.125 breach=3 end=
CBAP_MIG t=30395000 epoch=6079 flow=38 side=new cur=3607101867 next=3642286075 tgt=3699997466 f=0.37875 u=0.125 breach=3 end=
CBAP_MIG t=30395000 epoch=6079 flow=39 side=new cur=3607097987 next=3642283664 tgt=3699997466 f=0.37875 u=0.125 breach=3 end=
CBAP_MIG t=30395000 epoch=6079 flow=40 side=new cur=3607098268 next=3642283839 tgt=3699997466 f=0.37875 u=0.125 breach=3 end=
CBAP_MIG t=30395000 epoch=6079 flow=42 side=new cur=3607100402 next=3642285164 tgt=3699997466 f=0.37875 u=0.125 breach=3 end=
CBAP_MIG t=30395000 epoch=6079 flow=43 side=new cur=3607113146 next=3642293082 tgt=3699997466 f=0.37875 u=0.125 breach=3 end=
CBAP_MIG t=30395000 epoch=6079 flow=45 side=new cur=3607098262 next=3642283835 tgt=3699997466 f=0.37875 u=0.125 breach=3 end=
CBAP_MIG t=30395000 epoch=6079 flow=47 side=new cur=3607102464 next=3642286446 tgt=3699997466 f=0.37875 u=0.125 breach=3 end=
CBAP_MIG t=30395000 epoch=6079 flow=49 side=new cur=3607100532 next=3642285245 tgt=3699997466 f=0.37875 u=0.125 breach=3 end=
CBAP_MIG t=30395000 epoch=6079 flow=50 side=new cur=3607101672 next=3642285953 tgt=3699997466 f=0.37875 u=0.125 breach=3 end=
CBAP_MIG t=30395000 epoch=6079 flow=51 side=new cur=3607111700 next=3642292183 tgt=3699997466 f=0.37875 u=0.125 breach=3 end=
CBAP_MIG t=30395000 epoch=6079 flow=52 side=new cur=3607118682 next=3642296521 tgt=3699997466 f=0.37875 u=0.125 breach=3 end=
CBAP_MIG t=30395000 epoch=6079 flow=54 side=new cur=3607102121 next=3642286232 tgt=3699997466 f=0.37875 u=0.125 breach=3 end=
CBAP_MIG t=30395000 epoch=6079 flow=55 side=new cur=3607099189 next=3642284411 tgt=3699997466 f=0.37875 u=0.125 breach=3 end=
CBAP_MIG t=30395000 epoch=6079 flow=56 side=new cur=3607101397 next=3642285783 tgt=3699997466 f=0.37875 u=0.125 breach=3 end=
CBAP_MIG t=30395000 epoch=6079 flow=58 side=new cur=3607101819 next=3642286045 tgt=3699997466 f=0.37875 u=0.125 breach=3 end=
CBAP_MIG t=30395000 epoch=6079 flow=59 side=new cur=3607112411 next=3642292625 tgt=3699997466 f=0.37875 u=0.125 breach=3 end=
CBAP_MIG t=30395000 epoch=6079 flow=60 side=new cur=3607100636 next=3642285310 tgt=3699997466 f=0.37875 u=0.125 breach=3 end=
CBAP_MIG t=30395000 epoch=6079 flow=61 side=new cur=3607106761 next=3642289115 tgt=3699997466 f=0.37875 u=0.125 breach=3 end=
CBAP_MIG t=30395000 epoch=6079 flow=62 side=new cur=3607115347 next=3642294449 tgt=3699997466 f=0.37875 u=0.125 breach=3 end=
CBAP_MIG t=30395000 epoch=6079 flow=63 side=new cur=3607102622 next=3642286544 tgt=3699997466 f=0.37875 u=0.125 breach=3 end=
CBAP_MIG t=30395000 epoch=6079 flow=64 side=new cur=3607102006 next=3642286161 tgt=3699997466 f=0.37875 u=0.125 breach=3 end=
CBAP_MIG t=30400000 epoch=6080 flow=1 side=new cur=3642296592 next=3664526915 tgt=3699997466 f=0.385268 u=0.09396 breach=3 end=converged
CBAP_MIG t=30400000 epoch=6080 flow=2 side=new cur=3642286099 next=3664520465 tgt=3699997466 f=0.385268 u=0.09396 breach=3 end=converged
CBAP_MIG t=30400000 epoch=6080 flow=3 side=new cur=3642294457 next=3664525602 tgt=3699997466 f=0.385268 u=0.09396 breach=3 end=converged
CBAP_MIG t=30400000 epoch=6080 flow=4 side=new cur=3642286568 next=3664520753 tgt=3699997466 f=0.385268 u=0.09396 breach=3 end=converged
CBAP_MIG t=30400000 epoch=6080 flow=5 side=new cur=3642284795 next=3664519663 tgt=3699997466 f=0.385268 u=0.09396 breach=3 end=converged
CBAP_MIG t=30400000 epoch=6080 flow=6 side=new cur=3642286005 next=3664520407 tgt=3699997466 f=0.385268 u=0.09396 breach=3 end=converged
CBAP_MIG t=30400000 epoch=6080 flow=7 side=new cur=3642286118 next=3664520476 tgt=3699997466 f=0.385268 u=0.09396 breach=3 end=converged
CBAP_MIG t=30400000 epoch=6080 flow=8 side=new cur=3642294381 next=3664525556 tgt=3699997466 f=0.385268 u=0.09396 breach=3 end=converged
CBAP_MIG t=30400000 epoch=6080 flow=9 side=new cur=3642287984 next=3664521623 tgt=3699997466 f=0.385268 u=0.09396 breach=3 end=converged
CBAP_MIG t=30400000 epoch=6080 flow=10 side=new cur=3642285873 next=3664520326 tgt=3699997466 f=0.385268 u=0.09396 breach=3 end=converged
CBAP_MIG t=30400000 epoch=6080 flow=11 side=new cur=3642295706 next=3664526370 tgt=3699997466 f=0.385268 u=0.09396 breach=3 end=converged
CBAP_MIG t=30400000 epoch=6080 flow=12 side=new cur=3642292774 next=3664524568 tgt=3699997466 f=0.385268 u=0.09396 breach=3 end=converged
CBAP_MIG t=30400000 epoch=6080 flow=13 side=new cur=3642285652 next=3664520190 tgt=3699997466 f=0.385268 u=0.09396 breach=3 end=converged
CBAP_MIG t=30400000 epoch=6080 flow=14 side=new cur=3642283332 next=3664518764 tgt=3699997466 f=0.385268 u=0.09396 breach=3 end=converged
CBAP_MIG t=30400000 epoch=6080 flow=15 side=new cur=3642284941 next=3664519753 tgt=3699997466 f=0.385268 u=0.09396 breach=3 end=converged
CBAP_MIG t=30400000 epoch=6080 flow=16 side=new cur=3642284522 next=3664519495 tgt=3699997466 f=0.385268 u=0.09396 breach=3 end=converged
CBAP_MIG t=30400000 epoch=6080 flow=17 side=new cur=3642294060 next=3664525358 tgt=3699997466 f=0.385268 u=0.09396 breach=3 end=converged
CBAP_MIG t=30400000 epoch=6080 flow=18 side=new cur=3642283854 next=3664519084 tgt=3699997466 f=0.385268 u=0.09396 breach=3 end=converged
CBAP_MIG t=30400000 epoch=6080 flow=19 side=new cur=3642285657 next=3664520193 tgt=3699997466 f=0.385268 u=0.09396 breach=3 end=converged
CBAP_MIG t=30400000 epoch=6080 flow=20 side=new cur=3642290076 next=3664522909 tgt=3699997466 f=0.385268 u=0.09396 breach=3 end=converged
CBAP_MIG t=30400000 epoch=6080 flow=21 side=new cur=3642295480 next=3664526231 tgt=3699997466 f=0.385268 u=0.09396 breach=3 end=converged
CBAP_MIG t=30400000 epoch=6080 flow=22 side=new cur=3642285702 next=3664520220 tgt=3699997466 f=0.385268 u=0.09396 breach=3 end=converged
CBAP_MIG t=30400000 epoch=6080 flow=23 side=new cur=3642286202 next=3664520528 tgt=3699997466 f=0.385268 u=0.09396 breach=3 end=converged
CBAP_MIG t=30400000 epoch=6080 flow=24 side=new cur=3642296627 next=3664526936 tgt=3699997466 f=0.385268 u=0.09396 breach=3 end=converged
CBAP_MIG t=30400000 epoch=6080 flow=25 side=new cur=3642294314 next=3664525515 tgt=3699997466 f=0.385268 u=0.09396 breach=3 end=converged
CBAP_MIG t=30400000 epoch=6080 flow=26 side=new cur=3642283660 next=3664518965 tgt=3699997466 f=0.385268 u=0.09396 breach=3 end=converged
CBAP_MIG t=30400000 epoch=6080 flow=27 side=new cur=3642293424 next=3664524967 tgt=3699997466 f=0.385268 u=0.09396 breach=3 end=converged
CBAP_MIG t=30400000 epoch=6080 flow=28 side=new cur=3642284188 next=3664519290 tgt=3699997466 f=0.385268 u=0.09396 breach=3 end=converged
CBAP_MIG t=30400000 epoch=6080 flow=29 side=new cur=3642288994 next=3664522244 tgt=3699997466 f=0.385268 u=0.09396 breach=3 end=converged
CBAP_MIG t=30400000 epoch=6080 flow=32 side=new cur=3642285429 next=3664520053 tgt=3699997466 f=0.385268 u=0.09396 breach=3 end=converged
CBAP_MIG t=30400000 epoch=6080 flow=33 side=new cur=3642284692 next=3664519600 tgt=3699997466 f=0.385268 u=0.09396 breach=3 end=converged
CBAP_MIG t=30400000 epoch=6080 flow=35 side=new cur=3642284628 next=3664519560 tgt=3699997466 f=0.385268 u=0.09396 breach=3 end=converged
CBAP_MIG t=30400000 epoch=6080 flow=37 side=new cur=3642283001 next=3664518560 tgt=3699997466 f=0.385268 u=0.09396 breach=3 end=converged
CBAP_MIG t=30400000 epoch=6080 flow=38 side=new cur=3642286075 next=3664520450 tgt=3699997466 f=0.385268 u=0.09396 breach=3 end=converged
CBAP_MIG t=30400000 epoch=6080 flow=39 side=new cur=3642283664 next=3664518968 tgt=3699997466 f=0.385268 u=0.09396 breach=3 end=converged
CBAP_MIG t=30400000 epoch=6080 flow=40 side=new cur=3642283839 next=3664519075 tgt=3699997466 f=0.385268 u=0.09396 breach=3 end=converged
CBAP_MIG t=30400000 epoch=6080 flow=42 side=new cur=3642285164 next=3664519890 tgt=3699997466 f=0.385268 u=0.09396 breach=3 end=converged
CBAP_MIG t=30400000 epoch=6080 flow=43 side=new cur=3642293082 next=3664524757 tgt=3699997466 f=0.385268 u=0.09396 breach=3 end=converged
CBAP_MIG t=30400000 epoch=6080 flow=45 side=new cur=3642283835 next=3664519073 tgt=3699997466 f=0.385268 u=0.09396 breach=3 end=converged
CBAP_MIG t=30400000 epoch=6080 flow=47 side=new cur=3642286446 next=3664520678 tgt=3699997466 f=0.385268 u=0.09396 breach=3 end=converged
CBAP_MIG t=30400000 epoch=6080 flow=49 side=new cur=3642285245 next=3664519940 tgt=3699997466 f=0.385268 u=0.09396 breach=3 end=converged
CBAP_MIG t=30400000 epoch=6080 flow=50 side=new cur=3642285953 next=3664520375 tgt=3699997466 f=0.385268 u=0.09396 breach=3 end=converged
CBAP_MIG t=30400000 epoch=6080 flow=51 side=new cur=3642292183 next=3664524205 tgt=3699997466 f=0.385268 u=0.09396 breach=3 end=converged
CBAP_MIG t=30400000 epoch=6080 flow=52 side=new cur=3642296521 next=3664526871 tgt=3699997466 f=0.385268 u=0.09396 breach=3 end=converged
CBAP_MIG t=30400000 epoch=6080 flow=54 side=new cur=3642286232 next=3664520546 tgt=3699997466 f=0.385268 u=0.09396 breach=3 end=converged
CBAP_MIG t=30400000 epoch=6080 flow=55 side=new cur=3642284411 next=3664519427 tgt=3699997466 f=0.385268 u=0.09396 breach=3 end=converged
CBAP_MIG t=30400000 epoch=6080 flow=56 side=new cur=3642285783 next=3664520270 tgt=3699997466 f=0.385268 u=0.09396 breach=3 end=converged
CBAP_MIG t=30400000 epoch=6080 flow=58 side=new cur=3642286045 next=3664520431 tgt=3699997466 f=0.385268 u=0.09396 breach=3 end=converged
CBAP_MIG t=30400000 epoch=6080 flow=59 side=new cur=3642292625 next=3664524476 tgt=3699997466 f=0.385268 u=0.09396 breach=3 end=converged
CBAP_MIG t=30400000 epoch=6080 flow=60 side=new cur=3642285310 next=3664519980 tgt=3699997466 f=0.385268 u=0.09396 breach=3 end=converged
CBAP_MIG t=30400000 epoch=6080 flow=61 side=new cur=3642289115 next=3664522319 tgt=3699997466 f=0.385268 u=0.09396 breach=3 end=converged
CBAP_MIG t=30400000 epoch=6080 flow=62 side=new cur=3642294449 next=3664525598 tgt=3699997466 f=0.385268 u=0.09396 breach=3 end=converged
CBAP_MIG t=30400000 epoch=6080 flow=63 side=new cur=3642286544 next=3664520738 tgt=3699997466 f=0.385268 u=0.09396 breach=3 end=converged
CBAP_MIG t=30400000 epoch=6080 flow=64 side=new cur=3642286161 next=3664520503 tgt=3699997466 f=0.385268 u=0.09396 breach=3 end=converged
CBAP_MIG_REPLAN t=30415000 reason=active_set_shrank flow=0 batch=0 newest_batch=1 cur=2000957807 target=2000000000 ceiling=190000000000 old_side_present=1
CBAP_MIG_REPLAN t=30415000 reason=active_set_shrank flow=1 batch=1 newest_batch=1 cur=3664526915 target=3769809513 ceiling=200000000000 old_side_present=1
CBAP_MIG_REPLAN t=30415000 reason=active_set_shrank flow=2 batch=1 newest_batch=1 cur=3664520465 target=3769809513 ceiling=200000000000 old_side_present=1
CBAP_MIG_REPLAN t=30415000 reason=active_set_shrank flow=3 batch=1 newest_batch=1 cur=3664525602 target=3769809513 ceiling=200000000000 old_side_present=1
CBAP_MIG_REPLAN t=30415000 reason=active_set_shrank flow=4 batch=1 newest_batch=1 cur=3664520753 target=3769809513 ceiling=200000000000 old_side_present=1
CBAP_MIG_REPLAN t=30415000 reason=active_set_shrank flow=5 batch=1 newest_batch=1 cur=3664519663 target=3769809513 ceiling=200000000000 old_side_present=1
CBAP_MIG_REPLAN t=30415000 reason=active_set_shrank flow=6 batch=1 newest_batch=1 cur=3664520407 target=3769809513 ceiling=200000000000 old_side_present=1
CBAP_MIG_REPLAN t=30415000 reason=active_set_shrank flow=7 batch=1 newest_batch=1 cur=3664520476 target=3769809513 ceiling=200000000000 old_side_present=1
CBAP_MIG_REPLAN t=30415000 reason=active_set_shrank flow=8 batch=1 newest_batch=1 cur=3664525556 target=3769809513 ceiling=200000000000 old_side_present=1
CBAP_MIG_REPLAN t=30415000 reason=active_set_shrank flow=9 batch=1 newest_batch=1 cur=3664521623 target=3769809513 ceiling=200000000000 old_side_present=1
CBAP_MIG_REPLAN t=30415000 reason=active_set_shrank flow=10 batch=1 newest_batch=1 cur=3664520326 target=3769809513 ceiling=200000000000 old_side_present=1
CBAP_MIG_REPLAN t=30415000 reason=active_set_shrank flow=11 batch=1 newest_batch=1 cur=3664526370 target=3769809513 ceiling=200000000000 old_side_present=1
CBAP_MIG_REPLAN t=30415000 reason=active_set_shrank flow=12 batch=1 newest_batch=1 cur=3664524568 target=3769809513 ceiling=200000000000 old_side_present=1
CBAP_MIG_REPLAN t=30415000 reason=active_set_shrank flow=13 batch=1 newest_batch=1 cur=3664520190 target=3769809513 ceiling=200000000000 old_side_present=1
CBAP_MIG_REPLAN t=30415000 reason=active_set_shrank flow=14 batch=1 newest_batch=1 cur=3664518764 target=3769809513 ceiling=200000000000 old_side_present=1
CBAP_MIG_REPLAN t=30415000 reason=active_set_shrank flow=15 batch=1 newest_batch=1 cur=3664519753 target=3769809513 ceiling=200000000000 old_side_present=1
CBAP_MIG_REPLAN t=30415000 reason=active_set_shrank flow=16 batch=1 newest_batch=1 cur=3664519495 target=3769809513 ceiling=200000000000 old_side_present=1
CBAP_MIG_REPLAN t=30415000 reason=active_set_shrank flow=17 batch=1 newest_batch=1 cur=3664525358 target=3769809513 ceiling=200000000000 old_side_present=1
CBAP_MIG_REPLAN t=30415000 reason=active_set_shrank flow=18 batch=1 newest_batch=1 cur=3664519084 target=3769809513 ceiling=200000000000 old_side_present=1
CBAP_MIG_REPLAN t=30415000 reason=active_set_shrank flow=19 batch=1 newest_batch=1 cur=3664520193 target=3769809513 ceiling=200000000000 old_side_present=1
CBAP_MIG_REPLAN t=30415000 reason=active_set_shrank flow=20 batch=1 newest_batch=1 cur=3664522909 target=3769809513 ceiling=200000000000 old_side_present=1
CBAP_MIG_REPLAN t=30415000 reason=active_set_shrank flow=21 batch=1 newest_batch=1 cur=3664526231 target=3769809513 ceiling=200000000000 old_side_present=1
CBAP_MIG_REPLAN t=30415000 reason=active_set_shrank flow=22 batch=1 newest_batch=1 cur=3664520220 target=3769809513 ceiling=200000000000 old_side_present=1
CBAP_MIG_REPLAN t=30415000 reason=active_set_shrank flow=23 batch=1 newest_batch=1 cur=3664520528 target=3769809513 ceiling=200000000000 old_side_present=1
CBAP_MIG_REPLAN t=30415000 reason=active_set_shrank flow=24 batch=1 newest_batch=1 cur=3664526936 target=3769809513 ceiling=200000000000 old_side_present=1
CBAP_MIG_REPLAN t=30415000 reason=active_set_shrank flow=25 batch=1 newest_batch=1 cur=3664525515 target=3769809513 ceiling=200000000000 old_side_present=1
CBAP_MIG_REPLAN t=30415000 reason=active_set_shrank flow=26 batch=1 newest_batch=1 cur=3664518965 target=3769809513 ceiling=200000000000 old_side_present=1
CBAP_MIG_REPLAN t=30415000 reason=active_set_shrank flow=27 batch=1 newest_batch=1 cur=3664524967 target=3769809513 ceiling=200000000000 old_side_present=1
CBAP_MIG_REPLAN t=30415000 reason=active_set_shrank flow=28 batch=1 newest_batch=1 cur=3664519290 target=3769809513 ceiling=200000000000 old_side_present=1
CBAP_MIG_REPLAN t=30415000 reason=active_set_shrank flow=29 batch=1 newest_batch=1 cur=3664522244 target=3769809513 ceiling=200000000000 old_side_present=1
CBAP_MIG_REPLAN t=30415000 reason=active_set_shrank flow=32 batch=1 newest_batch=1 cur=3664520053 target=3769809513 ceiling=200000000000 old_side_present=1
CBAP_MIG_REPLAN t=30415000 reason=active_set_shrank flow=33 batch=1 newest_batch=1 cur=3664519600 target=3769809513 ceiling=200000000000 old_side_present=1
CBAP_MIG_REPLAN t=30415000 reason=active_set_shrank flow=35 batch=1 newest_batch=1 cur=3664519560 target=3769809513 ceiling=200000000000 old_side_present=1
CBAP_MIG_REPLAN t=30415000 reason=active_set_shrank flow=37 batch=1 newest_batch=1 cur=3664518560 target=3769809513 ceiling=200000000000 old_side_present=1
CBAP_MIG_REPLAN t=30415000 reason=active_set_shrank flow=39 batch=1 newest_batch=1 cur=3664518968 target=3769809513 ceiling=200000000000 old_side_present=1
CBAP_MIG_REPLAN t=30415000 reason=active_set_shrank flow=40 batch=1 newest_batch=1 cur=3664519075 target=3769809513 ceiling=200000000000 old_side_present=1
CBAP_MIG_REPLAN t=30415000 reason=active_set_shrank flow=42 batch=1 newest_batch=1 cur=3664519890 target=3769809513 ceiling=200000000000 old_side_present=1
CBAP_MIG_REPLAN t=30415000 reason=active_set_shrank flow=43 batch=1 newest_batch=1 cur=3664524757 target=3769809513 ceiling=200000000000 old_side_present=1
CBAP_MIG_REPLAN t=30415000 reason=active_set_shrank flow=45 batch=1 newest_batch=1 cur=3664519073 target=3769809513 ceiling=200000000000 old_side_present=1
CBAP_MIG_REPLAN t=30415000 reason=active_set_shrank flow=47 batch=1 newest_batch=1 cur=3664520678 target=3769809513 ceiling=200000000000 old_side_present=1
CBAP_MIG_REPLAN t=30415000 reason=active_set_shrank flow=49 batch=1 newest_batch=1 cur=3664519940 target=3769809513 ceiling=200000000000 old_side_present=1
CBAP_MIG_REPLAN t=30415000 reason=active_set_shrank flow=50 batch=1 newest_batch=1 cur=3664520375 target=3769809513 ceiling=200000000000 old_side_present=1
CBAP_MIG_REPLAN t=30415000 reason=active_set_shrank flow=51 batch=1 newest_batch=1 cur=3664524205 target=3769809513 ceiling=200000000000 old_side_present=1
CBAP_MIG_REPLAN t=30415000 reason=active_set_shrank flow=52 batch=1 newest_batch=1 cur=3664526871 target=3769809513 ceiling=200000000000 old_side_present=1
CBAP_MIG_REPLAN t=30415000 reason=active_set_shrank flow=54 batch=1 newest_batch=1 cur=3664520546 target=3769809513 ceiling=200000000000 old_side_present=1
CBAP_MIG_REPLAN t=30415000 reason=active_set_shrank flow=55 batch=1 newest_batch=1 cur=3664519427 target=3769809513 ceiling=200000000000 old_side_present=1
CBAP_MIG_REPLAN t=30415000 reason=active_set_shrank flow=56 batch=1 newest_batch=1 cur=3664520270 target=3769809513 ceiling=200000000000 old_side_present=1
CBAP_MIG_REPLAN t=30415000 reason=active_set_shrank flow=58 batch=1 newest_batch=1 cur=3664520431 target=3769809513 ceiling=200000000000 old_side_present=1
CBAP_MIG_REPLAN t=30415000 reason=active_set_shrank flow=59 batch=1 newest_batch=1 cur=3664524476 target=3769809513 ceiling=200000000000 old_side_present=1
CBAP_MIG_REPLAN t=30415000 reason=active_set_shrank flow=60 batch=1 newest_batch=1 cur=3664519980 target=3769809513 ceiling=200000000000 old_side_present=1
CBAP_MIG_REPLAN t=30415000 reason=active_set_shrank flow=61 batch=1 newest_batch=1 cur=3664522319 target=3769809513 ceiling=200000000000 old_side_present=1
CBAP_MIG_REPLAN t=30415000 reason=active_set_shrank flow=62 batch=1 newest_batch=1 cur=3664525598 target=3769809513 ceiling=200000000000 old_side_present=1
CBAP_MIG_REPLAN t=30415000 reason=active_set_shrank flow=63 batch=1 newest_batch=1 cur=3664520738 target=3769809513 ceiling=200000000000 old_side_present=1
CBAP_MIG_REPLAN t=30415000 reason=active_set_shrank flow=64 batch=1 newest_batch=1 cur=3664520503 target=3769809513 ceiling=200000000000 old_side_present=1
CBAP_MIG t=30415000 epoch=6083 flow=0 side=old cur=2000957807 next=2000670464 tgt=2000000000 f=0.3 u=0.065 breach=0 end=converged
CBAP_MIG t=30415000 epoch=6083 flow=1 side=new cur=3664526915 next=3705729259 tgt=3769809513 f=0.39135 u=0.065 breach=3 end=
CBAP_MIG t=30415000 epoch=6083 flow=2 side=new cur=3664520465 next=3705725333 tgt=3769809513 f=0.39135 u=0.065 breach=3 end=
CBAP_MIG t=30415000 epoch=6083 flow=3 side=new cur=3664525602 next=3705728460 tgt=3769809513 f=0.39135 u=0.065 breach=3 end=
CBAP_MIG t=30415000 epoch=6083 flow=4 side=new cur=3664520753 next=3705725509 tgt=3769809513 f=0.39135 u=0.065 breach=3 end=
CBAP_MIG t=30415000 epoch=6083 flow=5 side=new cur=3664519663 next=3705724845 tgt=3769809513 f=0.39135 u=0.065 breach=3 end=
CBAP_MIG t=30415000 epoch=6083 flow=6 side=new cur=3664520407 next=3705725298 tgt=3769809513 f=0.39135 u=0.065 breach=3 end=
CBAP_MIG t=30415000 epoch=6083 flow=7 side=new cur=3664520476 next=3705725340 tgt=3769809513 f=0.39135 u=0.065 breach=3 end=
CBAP_MIG t=30415000 epoch=6083 flow=8 side=new cur=3664525556 next=3705728432 tgt=3769809513 f=0.39135 u=0.065 breach=3 end=
CBAP_MIG t=30415000 epoch=6083 flow=9 side=new cur=3664521623 next=3705726038 tgt=3769809513 f=0.39135 u=0.065 breach=3 end=
CBAP_MIG t=30415000 epoch=6083 flow=10 side=new cur=3664520326 next=3705725249 tgt=3769809513 f=0.39135 u=0.065 breach=3 end=
CBAP_MIG t=30415000 epoch=6083 flow=11 side=new cur=3664526370 next=3705728928 tgt=3769809513 f=0.39135 u=0.065 breach=3 end=
CBAP_MIG t=30415000 epoch=6083 flow=12 side=new cur=3664524568 next=3705727831 tgt=3769809513 f=0.39135 u=0.065 breach=3 end=
CBAP_MIG t=30415000 epoch=6083 flow=13 side=new cur=3664520190 next=3705725166 tgt=3769809513 f=0.39135 u=0.065 breach=3 end=
CBAP_MIG t=30415000 epoch=6083 flow=14 side=new cur=3664518764 next=3705724298 tgt=3769809513 f=0.39135 u=0.065 breach=3 end=
CBAP_MIG t=30415000 epoch=6083 flow=15 side=new cur=3664519753 next=3705724900 tgt=3769809513 f=0.39135 u=0.065 breach=3 end=
CBAP_MIG t=30415000 epoch=6083 flow=16 side=new cur=3664519495 next=3705724743 tgt=3769809513 f=0.39135 u=0.065 breach=3 end=
CBAP_MIG t=30415000 epoch=6083 flow=17 side=new cur=3664525358 next=3705728312 tgt=3769809513 f=0.39135 u=0.065 breach=3 end=
CBAP_MIG t=30415000 epoch=6083 flow=18 side=new cur=3664519084 next=3705724493 tgt=3769809513 f=0.39135 u=0.065 breach=3 end=
CBAP_MIG t=30415000 epoch=6083 flow=19 side=new cur=3664520193 next=3705725168 tgt=3769809513 f=0.39135 u=0.065 breach=3 end=
CBAP_MIG t=30415000 epoch=6083 flow=20 side=new cur=3664522909 next=3705726821 tgt=3769809513 f=0.39135 u=0.065 breach=3 end=
CBAP_MIG t=30415000 epoch=6083 flow=21 side=new cur=3664526231 next=3705728843 tgt=3769809513 f=0.39135 u=0.065 breach=3 end=
CBAP_MIG t=30415000 epoch=6083 flow=22 side=new cur=3664520220 next=3705725184 tgt=3769809513 f=0.39135 u=0.065 breach=3 end=
CBAP_MIG t=30415000 epoch=6083 flow=23 side=new cur=3664520528 next=3705725372 tgt=3769809513 f=0.39135 u=0.065 breach=3 end=
CBAP_MIG t=30415000 epoch=6083 flow=24 side=new cur=3664526936 next=3705729272 tgt=3769809513 f=0.39135 u=0.065 breach=3 end=
CBAP_MIG t=30415000 epoch=6083 flow=25 side=new cur=3664525515 next=3705728407 tgt=3769809513 f=0.39135 u=0.065 breach=3 end=
CBAP_MIG t=30415000 epoch=6083 flow=26 side=new cur=3664518965 next=3705724420 tgt=3769809513 f=0.39135 u=0.065 breach=3 end=
CBAP_MIG t=30415000 epoch=6083 flow=27 side=new cur=3664524967 next=3705728074 tgt=3769809513 f=0.39135 u=0.065 breach=3 end=
CBAP_MIG t=30415000 epoch=6083 flow=28 side=new cur=3664519290 next=3705724618 tgt=3769809513 f=0.39135 u=0.065 breach=3 end=
CBAP_MIG t=30415000 epoch=6083 flow=29 side=new cur=3664522244 next=3705726416 tgt=3769809513 f=0.39135 u=0.065 breach=3 end=
CBAP_MIG t=30415000 epoch=6083 flow=32 side=new cur=3664520053 next=3705725083 tgt=3769809513 f=0.39135 u=0.065 breach=3 end=
CBAP_MIG t=30415000 epoch=6083 flow=33 side=new cur=3664519600 next=3705724807 tgt=3769809513 f=0.39135 u=0.065 breach=3 end=
CBAP_MIG t=30415000 epoch=6083 flow=35 side=new cur=3664519560 next=3705724783 tgt=3769809513 f=0.39135 u=0.065 breach=3 end=
CBAP_MIG t=30415000 epoch=6083 flow=37 side=new cur=3664518560 next=3705724174 tgt=3769809513 f=0.39135 u=0.065 breach=3 end=
CBAP_MIG t=30415000 epoch=6083 flow=39 side=new cur=3664518968 next=3705724422 tgt=3769809513 f=0.39135 u=0.065 breach=3 end=
CBAP_MIG t=30415000 epoch=6083 flow=40 side=new cur=3664519075 next=3705724487 tgt=3769809513 f=0.39135 u=0.065 breach=3 end=
CBAP_MIG t=30415000 epoch=6083 flow=42 side=new cur=3664519890 next=3705724983 tgt=3769809513 f=0.39135 u=0.065 breach=3 end=
CBAP_MIG t=30415000 epoch=6083 flow=43 side=new cur=3664524757 next=3705727946 tgt=3769809513 f=0.39135 u=0.065 breach=3 end=
CBAP_MIG t=30415000 epoch=6083 flow=45 side=new cur=3664519073 next=3705724486 tgt=3769809513 f=0.39135 u=0.065 breach=3 end=
CBAP_MIG t=30415000 epoch=6083 flow=47 side=new cur=3664520678 next=3705725463 tgt=3769809513 f=0.39135 u=0.065 breach=3 end=
CBAP_MIG t=30415000 epoch=6083 flow=49 side=new cur=3664519940 next=3705725014 tgt=3769809513 f=0.39135 u=0.065 breach=3 end=
CBAP_MIG t=30415000 epoch=6083 flow=50 side=new cur=3664520375 next=3705725279 tgt=3769809513 f=0.39135 u=0.065 breach=3 end=
CBAP_MIG t=30415000 epoch=6083 flow=51 side=new cur=3664524205 next=3705727610 tgt=3769809513 f=0.39135 u=0.065 breach=3 end=
CBAP_MIG t=30415000 epoch=6083 flow=52 side=new cur=3664526871 next=3705729232 tgt=3769809513 f=0.39135 u=0.065 breach=3 end=
CBAP_MIG t=30415000 epoch=6083 flow=54 side=new cur=3664520546 next=3705725383 tgt=3769809513 f=0.39135 u=0.065 breach=3 end=
CBAP_MIG t=30415000 epoch=6083 flow=55 side=new cur=3664519427 next=3705724702 tgt=3769809513 f=0.39135 u=0.065 breach=3 end=
CBAP_MIG t=30415000 epoch=6083 flow=56 side=new cur=3664520270 next=3705725215 tgt=3769809513 f=0.39135 u=0.065 breach=3 end=
CBAP_MIG t=30415000 epoch=6083 flow=58 side=new cur=3664520431 next=3705725313 tgt=3769809513 f=0.39135 u=0.065 breach=3 end=
CBAP_MIG t=30415000 epoch=6083 flow=59 side=new cur=3664524476 next=3705727775 tgt=3769809513 f=0.39135 u=0.065 breach=3 end=
CBAP_MIG t=30415000 epoch=6083 flow=60 side=new cur=3664519980 next=3705725038 tgt=3769809513 f=0.39135 u=0.065 breach=3 end=
CBAP_MIG t=30415000 epoch=6083 flow=61 side=new cur=3664522319 next=3705726462 tgt=3769809513 f=0.39135 u=0.065 breach=3 end=
CBAP_MIG t=30415000 epoch=6083 flow=62 side=new cur=3664525598 next=3705728458 tgt=3769809513 f=0.39135 u=0.065 breach=3 end=
CBAP_MIG t=30415000 epoch=6083 flow=63 side=new cur=3664520738 next=3705725500 tgt=3769809513 f=0.39135 u=0.065 breach=3 end=
CBAP_MIG t=30415000 epoch=6083 flow=64 side=new cur=3664520503 next=3705725357 tgt=3769809513 f=0.39135 u=0.065 breach=3 end=
CBAP_MIG t=30420000 epoch=6084 flow=1 side=new cur=3705729259 next=3731076203 tgt=3769809513 f=0.39555 u=0.045 breach=3 end=
CBAP_MIG t=30420000 epoch=6084 flow=2 side=new cur=3705725333 next=3731073830 tgt=3769809513 f=0.39555 u=0.045 breach=3 end=
CBAP_MIG t=30420000 epoch=6084 flow=3 side=new cur=3705728460 next=3731075720 tgt=3769809513 f=0.39555 u=0.045 breach=3 end=
CBAP_MIG t=30420000 epoch=6084 flow=4 side=new cur=3705725509 next=3731073936 tgt=3769809513 f=0.39555 u=0.045 breach=3 end=
CBAP_MIG t=30420000 epoch=6084 flow=5 side=new cur=3705724845 next=3731073535 tgt=3769809513 f=0.39555 u=0.045 breach=3 end=
CBAP_MIG t=30420000 epoch=6084 flow=6 side=new cur=3705725298 next=3731073809 tgt=3769809513 f=0.39555 u=0.045 breach=3 end=
CBAP_MIG t=30420000 epoch=6084 flow=7 side=new cur=3705725340 next=3731073834 tgt=3769809513 f=0.39555 u=0.045 breach=3 end=
CBAP_MIG t=30420000 epoch=6084 flow=8 side=new cur=3705728432 next=3731075703 tgt=3769809513 f=0.39555 u=0.045 breach=3 end=
CBAP_MIG t=30420000 epoch=6084 flow=9 side=new cur=3705726038 next=3731074256 tgt=3769809513 f=0.39555 u=0.045 breach=3 end=
CBAP_MIG t=30420000 epoch=6084 flow=10 side=new cur=3705725249 next=3731073779 tgt=3769809513 f=0.39555 u=0.045 breach=3 end=
CBAP_MIG t=30420000 epoch=6084 flow=11 side=new cur=3705728928 next=3731076003 tgt=3769809513 f=0.39555 u=0.045 breach=3 end=
CBAP_MIG t=30420000 epoch=6084 flow=12 side=new cur=3705727831 next=3731075340 tgt=3769809513 f=0.39555 u=0.045 breach=3 end=
CBAP_MIG t=30420000 epoch=6084 flow=13 side=new cur=3705725166 next=3731073729 tgt=3769809513 f=0.39555 u=0.045 breach=3 end=
CBAP_MIG t=30420000 epoch=6084 flow=14 side=new cur=3705724298 next=3731073204 tgt=3769809513 f=0.39555 u=0.045 breach=3 end=
CBAP_MIG t=30420000 epoch=6084 flow=15 side=new cur=3705724900 next=3731073568 tgt=3769809513 f=0.39555 u=0.045 breach=3 end=
CBAP_MIG t=30420000 epoch=6084 flow=16 side=new cur=3705724743 next=3731073473 tgt=3769809513 f=0.39555 u=0.045 breach=3 end=
CBAP_MIG t=30420000 epoch=6084 flow=17 side=new cur=3705728312 next=3731075631 tgt=3769809513 f=0.39555 u=0.045 breach=3 end=
CBAP_MIG t=30420000 epoch=6084 flow=18 side=new cur=3705724493 next=3731073322 tgt=3769809513 f=0.39555 u=0.045 breach=3 end=
CBAP_MIG t=30420000 epoch=6084 flow=19 side=new cur=3705725168 next=3731073730 tgt=3769809513 f=0.39555 u=0.045 breach=3 end=
CBAP_MIG t=30420000 epoch=6084 flow=20 side=new cur=3705726821 next=3731074729 tgt=3769809513 f=0.39555 u=0.045 breach=3 end=
CBAP_MIG t=30420000 epoch=6084 flow=21 side=new cur=3705728843 next=3731075952 tgt=3769809513 f=0.39555 u=0.045 breach=3 end=
CBAP_MIG t=30420000 epoch=6084 flow=22 side=new cur=3705725184 next=3731073740 tgt=3769809513 f=0.39555 u=0.045 breach=3 end=
CBAP_MIG t=30420000 epoch=6084 flow=23 side=new cur=3705725372 next=3731073853 tgt=3769809513 f=0.39555 u=0.045 breach=3 end=
CBAP_MIG t=30420000 epoch=6084 flow=24 side=new cur=3705729272 next=3731076211 tgt=3769809513 f=0.39555 u=0.045 breach=3 end=
CBAP_MIG t=30420000 epoch=6084 flow=25 side=new cur=3705728407 next=3731075688 tgt=3769809513 f=0.39555 u=0.045 breach=3 end=
CBAP_MIG t=30420000 epoch=6084 flow=26 side=new cur=3705724420 next=3731073278 tgt=3769809513 f=0.39555 u=0.045 breach=3 end=
CBAP_MIG t=30420000 epoch=6084 flow=27 side=new cur=3705728074 next=3731075487 tgt=3769809513 f=0.39555 u=0.045 breach=3 end=
CBAP_MIG t=30420000 epoch=6084 flow=28 side=new cur=3705724618 next=3731073398 tgt=3769809513 f=0.39555 u=0.045 breach=3 end=
CBAP_MIG t=30420000 epoch=6084 flow=29 side=new cur=3705726416 next=3731074485 tgt=3769809513 f=0.39555 u=0.045 breach=3 end=
CBAP_MIG t=30420000 epoch=6084 flow=32 side=new cur=3705725083 next=3731073679 tgt=3769809513 f=0.39555 u=0.045 breach=3 end=
CBAP_MIG t=30420000 epoch=6084 flow=33 side=new cur=3705724807 next=3731073512 tgt=3769809513 f=0.39555 u=0.045 breach=3 end=
CBAP_MIG t=30420000 epoch=6084 flow=35 side=new cur=3705724783 next=3731073497 tgt=3769809513 f=0.39555 u=0.045 breach=3 end=
CBAP_MIG t=30420000 epoch=6084 flow=37 side=new cur=3705724174 next=3731073129 tgt=3769809513 f=0.39555 u=0.045 breach=3 end=
CBAP_MIG t=30420000 epoch=6084 flow=39 side=new cur=3705724422 next=3731073279 tgt=3769809513 f=0.39555 u=0.045 breach=3 end=
CBAP_MIG t=30420000 epoch=6084 flow=40 side=new cur=3705724487 next=3731073319 tgt=3769809513 f=0.39555 u=0.045 breach=3 end=
CBAP_MIG t=30420000 epoch=6084 flow=42 side=new cur=3705724983 next=3731073618 tgt=3769809513 f=0.39555 u=0.045 breach=3 end=
CBAP_MIG t=30420000 epoch=6084 flow=43 side=new cur=3705727946 next=3731075409 tgt=3769809513 f=0.39555 u=0.045 breach=3 end=
CBAP_MIG t=30420000 epoch=6084 flow=45 side=new cur=3705724486 next=3731073318 tgt=3769809513 f=0.39555 u=0.045 breach=3 end=
CBAP_MIG t=30420000 epoch=6084 flow=47 side=new cur=3705725463 next=3731073908 tgt=3769809513 f=0.39555 u=0.045 breach=3 end=
CBAP_MIG t=30420000 epoch=6084 flow=49 side=new cur=3705725014 next=3731073637 tgt=3769809513 f=0.39555 u=0.045 breach=3 end=
CBAP_MIG t=30420000 epoch=6084 flow=50 side=new cur=3705725279 next=3731073797 tgt=3769809513 f=0.39555 u=0.045 breach=3 end=
CBAP_MIG t=30420000 epoch=6084 flow=51 side=new cur=3705727610 next=3731075206 tgt=3769809513 f=0.39555 u=0.045 breach=3 end=
CBAP_MIG t=30420000 epoch=6084 flow=52 side=new cur=3705729232 next=3731076187 tgt=3769809513 f=0.39555 u=0.045 breach=3 end=
CBAP_MIG t=30420000 epoch=6084 flow=54 side=new cur=3705725383 next=3731073860 tgt=3769809513 f=0.39555 u=0.045 breach=3 end=
CBAP_MIG t=30420000 epoch=6084 flow=55 side=new cur=3705724702 next=3731073448 tgt=3769809513 f=0.39555 u=0.045 breach=3 end=
CBAP_MIG t=30420000 epoch=6084 flow=56 side=new cur=3705725215 next=3731073759 tgt=3769809513 f=0.39555 u=0.045 breach=3 end=
CBAP_MIG t=30420000 epoch=6084 flow=58 side=new cur=3705725313 next=3731073818 tgt=3769809513 f=0.39555 u=0.045 breach=3 end=
CBAP_MIG t=30420000 epoch=6084 flow=59 side=new cur=3705727775 next=3731075306 tgt=3769809513 f=0.39555 u=0.045 breach=3 end=
CBAP_MIG t=30420000 epoch=6084 flow=60 side=new cur=3705725038 next=3731073652 tgt=3769809513 f=0.39555 u=0.045 breach=3 end=
CBAP_MIG t=30420000 epoch=6084 flow=61 side=new cur=3705726462 next=3731074512 tgt=3769809513 f=0.39555 u=0.045 breach=3 end=
CBAP_MIG t=30420000 epoch=6084 flow=62 side=new cur=3705728458 next=3731075719 tgt=3769809513 f=0.39555 u=0.045 breach=3 end=
CBAP_MIG t=30420000 epoch=6084 flow=63 side=new cur=3705725500 next=3731073931 tgt=3769809513 f=0.39555 u=0.045 breach=3 end=
CBAP_MIG t=30420000 epoch=6084 flow=64 side=new cur=3705725357 next=3731073844 tgt=3769809513 f=0.39555 u=0.045 breach=3 end=
CBAP_MIG t=30425000 epoch=6085 flow=1 side=new cur=3731076203 next=3746315823 tgt=3769809513 f=0.39345 u=0.055 breach=3 end=converged
CBAP_MIG t=30425000 epoch=6085 flow=2 side=new cur=3731073830 next=3746314384 tgt=3769809513 f=0.39345 u=0.055 breach=3 end=converged
CBAP_MIG t=30425000 epoch=6085 flow=3 side=new cur=3731075720 next=3746315530 tgt=3769809513 f=0.39345 u=0.055 breach=3 end=converged
CBAP_MIG t=30425000 epoch=6085 flow=4 side=new cur=3731073936 next=3746314448 tgt=3769809513 f=0.39345 u=0.055 breach=3 end=converged
CBAP_MIG t=30425000 epoch=6085 flow=5 side=new cur=3731073535 next=3746314205 tgt=3769809513 f=0.39345 u=0.055 breach=3 end=converged
CBAP_MIG t=30425000 epoch=6085 flow=6 side=new cur=3731073809 next=3746314371 tgt=3769809513 f=0.39345 u=0.055 breach=3 end=converged
CBAP_MIG t=30425000 epoch=6085 flow=7 side=new cur=3731073834 next=3746314386 tgt=3769809513 f=0.39345 u=0.055 breach=3 end=converged
CBAP_MIG t=30425000 epoch=6085 flow=8 side=new cur=3731075703 next=3746315520 tgt=3769809513 f=0.39345 u=0.055 breach=3 end=converged
CBAP_MIG t=30425000 epoch=6085 flow=9 side=new cur=3731074256 next=3746314642 tgt=3769809513 f=0.39345 u=0.055 breach=3 end=converged
CBAP_MIG t=30425000 epoch=6085 flow=10 side=new cur=3731073779 next=3746314353 tgt=3769809513 f=0.39345 u=0.055 breach=3 end=converged
CBAP_MIG t=30425000 epoch=6085 flow=11 side=new cur=3731076003 next=3746315702 tgt=3769809513 f=0.39345 u=0.055 breach=3 end=converged
CBAP_MIG t=30425000 epoch=6085 flow=12 side=new cur=3731075340 next=3746315300 tgt=3769809513 f=0.39345 u=0.055 breach=3 end=converged
CBAP_MIG t=30425000 epoch=6085 flow=13 side=new cur=3731073729 next=3746314323 tgt=3769809513 f=0.39345 u=0.055 breach=3 end=converged
CBAP_MIG t=30425000 epoch=6085 flow=14 side=new cur=3731073204 next=3746314004 tgt=3769809513 f=0.39345 u=0.055 breach=3 end=converged
CBAP_MIG t=30425000 epoch=6085 flow=15 side=new cur=3731073568 next=3746314225 tgt=3769809513 f=0.39345 u=0.055 breach=3 end=converged
CBAP_MIG t=30425000 epoch=6085 flow=16 side=new cur=3731073473 next=3746314167 tgt=3769809513 f=0.39345 u=0.055 breach=3 end=converged
CBAP_MIG t=30425000 epoch=6085 flow=17 side=new cur=3731075631 next=3746315476 tgt=3769809513 f=0.39345 u=0.055 breach=3 end=converged
CBAP_MIG t=30425000 epoch=6085 flow=18 side=new cur=3731073322 next=3746314076 tgt=3769809513 f=0.39345 u=0.055 breach=3 end=converged
CBAP_MIG t=30425000 epoch=6085 flow=19 side=new cur=3731073730 next=3746314323 tgt=3769809513 f=0.39345 u=0.055 breach=3 end=converged
CBAP_MIG t=30425000 epoch=6085 flow=20 side=new cur=3731074729 next=3746314929 tgt=3769809513 f=0.39345 u=0.055 breach=3 end=converged
CBAP_MIG t=30425000 epoch=6085 flow=21 side=new cur=3731075952 next=3746315671 tgt=3769809513 f=0.39345 u=0.055 breach=3 end=converged
CBAP_MIG t=30425000 epoch=6085 flow=22 side=new cur=3731073740 next=3746314329 tgt=3769809513 f=0.39345 u=0.055 breach=3 end=converged
CBAP_MIG t=30425000 epoch=6085 flow=23 side=new cur=3731073853 next=3746314398 tgt=3769809513 f=0.39345 u=0.055 breach=3 end=converged
CBAP_MIG t=30425000 epoch=6085 flow=24 side=new cur=3731076211 next=3746315828 tgt=3769809513 f=0.39345 u=0.055 breach=3 end=converged
CBAP_MIG t=30425000 epoch=6085 flow=25 side=new cur=3731075688 next=3746315511 tgt=3769809513 f=0.39345 u=0.055 breach=3 end=converged
CBAP_MIG t=30425000 epoch=6085 flow=26 side=new cur=3731073278 next=3746314049 tgt=3769809513 f=0.39345 u=0.055 breach=3 end=converged
CBAP_MIG t=30425000 epoch=6085 flow=27 side=new cur=3731075487 next=3746315389 tgt=3769809513 f=0.39345 u=0.055 breach=3 end=converged
CBAP_MIG t=30425000 epoch=6085 flow=28 side=new cur=3731073398 next=3746314122 tgt=3769809513 f=0.39345 u=0.055 breach=3 end=converged
CBAP_MIG t=30425000 epoch=6085 flow=29 side=new cur=3731074485 next=3746314781 tgt=3769809513 f=0.39345 u=0.055 breach=3 end=converged
CBAP_MIG t=30425000 epoch=6085 flow=32 side=new cur=3731073679 next=3746314292 tgt=3769809513 f=0.39345 u=0.055 breach=3 end=converged
CBAP_MIG t=30425000 epoch=6085 flow=33 side=new cur=3731073512 next=3746314191 tgt=3769809513 f=0.39345 u=0.055 breach=3 end=converged
CBAP_MIG t=30425000 epoch=6085 flow=35 side=new cur=3731073497 next=3746314182 tgt=3769809513 f=0.39345 u=0.055 breach=3 end=converged
CBAP_MIG t=30425000 epoch=6085 flow=37 side=new cur=3731073129 next=3746313959 tgt=3769809513 f=0.39345 u=0.055 breach=3 end=converged
CBAP_MIG t=30425000 epoch=6085 flow=39 side=new cur=3731073279 next=3746314050 tgt=3769809513 f=0.39345 u=0.055 breach=3 end=converged
CBAP_MIG t=30425000 epoch=6085 flow=40 side=new cur=3731073319 next=3746314074 tgt=3769809513 f=0.39345 u=0.055 breach=3 end=converged
CBAP_MIG t=30425000 epoch=6085 flow=42 side=new cur=3731073618 next=3746314255 tgt=3769809513 f=0.39345 u=0.055 breach=3 end=converged
CBAP_MIG t=30425000 epoch=6085 flow=43 side=new cur=3731075409 next=3746315342 tgt=3769809513 f=0.39345 u=0.055 breach=3 end=converged
CBAP_MIG t=30425000 epoch=6085 flow=45 side=new cur=3731073318 next=3746314073 tgt=3769809513 f=0.39345 u=0.055 breach=3 end=converged
CBAP_MIG t=30425000 epoch=6085 flow=47 side=new cur=3731073908 next=3746314431 tgt=3769809513 f=0.39345 u=0.055 breach=3 end=converged
CBAP_MIG t=30425000 epoch=6085 flow=49 side=new cur=3731073637 next=3746314267 tgt=3769809513 f=0.39345 u=0.055 breach=3 end=converged
CBAP_MIG t=30425000 epoch=6085 flow=50 side=new cur=3731073797 next=3746314364 tgt=3769809513 f=0.39345 u=0.055 breach=3 end=converged
CBAP_MIG t=30425000 epoch=6085 flow=51 side=new cur=3731075206 next=3746315219 tgt=3769809513 f=0.39345 u=0.055 breach=3 end=converged
CBAP_MIG t=30425000 epoch=6085 flow=52 side=new cur=3731076187 next=3746315814 tgt=3769809513 f=0.39345 u=0.055 breach=3 end=converged
CBAP_MIG t=30425000 epoch=6085 flow=54 side=new cur=3731073860 next=3746314402 tgt=3769809513 f=0.39345 u=0.055 breach=3 end=converged
CBAP_MIG t=30425000 epoch=6085 flow=55 side=new cur=3731073448 next=3746314152 tgt=3769809513 f=0.39345 u=0.055 breach=3 end=converged
CBAP_MIG t=30425000 epoch=6085 flow=56 side=new cur=3731073759 next=3746314341 tgt=3769809513 f=0.39345 u=0.055 breach=3 end=converged
CBAP_MIG t=30425000 epoch=6085 flow=58 side=new cur=3731073818 next=3746314377 tgt=3769809513 f=0.39345 u=0.055 breach=3 end=converged
CBAP_MIG t=30425000 epoch=6085 flow=59 side=new cur=3731075306 next=3746315279 tgt=3769809513 f=0.39345 u=0.055 breach=3 end=converged
CBAP_MIG t=30425000 epoch=6085 flow=60 side=new cur=3731073652 next=3746314276 tgt=3769809513 f=0.39345 u=0.055 breach=3 end=converged
CBAP_MIG t=30425000 epoch=6085 flow=61 side=new cur=3731074512 next=3746314798 tgt=3769809513 f=0.39345 u=0.055 breach=3 end=converged
CBAP_MIG t=30425000 epoch=6085 flow=62 side=new cur=3731075719 next=3746315530 tgt=3769809513 f=0.39345 u=0.055 breach=3 end=converged
CBAP_MIG t=30425000 epoch=6085 flow=63 side=new cur=3731073931 next=3746314445 tgt=3769809513 f=0.39345 u=0.055 breach=3 end=converged
CBAP_MIG t=30425000 epoch=6085 flow=64 side=new cur=3731073844 next=3746314392 tgt=3769809513 f=0.39345 u=0.055 breach=3 end=converged
CBAP_MIG_REPLAN t=30485000 reason=active_set_shrank flow=0 batch=0 newest_batch=1 cur=2000670464 target=2000000000 ceiling=190000000000 old_side_present=1
CBAP_MIG_REPLAN t=30485000 reason=active_set_shrank flow=1 batch=1 newest_batch=1 cur=3746315823 target=3917645744 ceiling=200000000000 old_side_present=1
CBAP_MIG_REPLAN t=30485000 reason=active_set_shrank flow=2 batch=1 newest_batch=1 cur=3746314384 target=3917645744 ceiling=200000000000 old_side_present=1
CBAP_MIG_REPLAN t=30485000 reason=active_set_shrank flow=4 batch=1 newest_batch=1 cur=3746314448 target=3917645744 ceiling=200000000000 old_side_present=1
CBAP_MIG_REPLAN t=30485000 reason=active_set_shrank flow=5 batch=1 newest_batch=1 cur=3746314205 target=3917645744 ceiling=200000000000 old_side_present=1
CBAP_MIG_REPLAN t=30485000 reason=active_set_shrank flow=6 batch=1 newest_batch=1 cur=3746314371 target=3917645744 ceiling=200000000000 old_side_present=1
CBAP_MIG_REPLAN t=30485000 reason=active_set_shrank flow=7 batch=1 newest_batch=1 cur=3746314386 target=3917645744 ceiling=200000000000 old_side_present=1
CBAP_MIG_REPLAN t=30485000 reason=active_set_shrank flow=8 batch=1 newest_batch=1 cur=3746315520 target=3917645744 ceiling=200000000000 old_side_present=1
CBAP_MIG_REPLAN t=30485000 reason=active_set_shrank flow=9 batch=1 newest_batch=1 cur=3746314642 target=3917645744 ceiling=200000000000 old_side_present=1
CBAP_MIG_REPLAN t=30485000 reason=active_set_shrank flow=10 batch=1 newest_batch=1 cur=3746314353 target=3917645744 ceiling=200000000000 old_side_present=1
CBAP_MIG_REPLAN t=30485000 reason=active_set_shrank flow=11 batch=1 newest_batch=1 cur=3746315702 target=3917645744 ceiling=200000000000 old_side_present=1
CBAP_MIG_REPLAN t=30485000 reason=active_set_shrank flow=12 batch=1 newest_batch=1 cur=3746315300 target=3917645744 ceiling=200000000000 old_side_present=1
CBAP_MIG_REPLAN t=30485000 reason=active_set_shrank flow=13 batch=1 newest_batch=1 cur=3746314323 target=3917645744 ceiling=200000000000 old_side_present=1
CBAP_MIG_REPLAN t=30485000 reason=active_set_shrank flow=14 batch=1 newest_batch=1 cur=3746314004 target=3917645744 ceiling=200000000000 old_side_present=1
CBAP_MIG_REPLAN t=30485000 reason=active_set_shrank flow=15 batch=1 newest_batch=1 cur=3746314225 target=3917645744 ceiling=200000000000 old_side_present=1
CBAP_MIG_REPLAN t=30485000 reason=active_set_shrank flow=16 batch=1 newest_batch=1 cur=3746314167 target=3917645744 ceiling=200000000000 old_side_present=1
CBAP_MIG_REPLAN t=30485000 reason=active_set_shrank flow=18 batch=1 newest_batch=1 cur=3746314076 target=3917645744 ceiling=200000000000 old_side_present=1
CBAP_MIG_REPLAN t=30485000 reason=active_set_shrank flow=19 batch=1 newest_batch=1 cur=3746314323 target=3917645744 ceiling=200000000000 old_side_present=1
CBAP_MIG_REPLAN t=30485000 reason=active_set_shrank flow=20 batch=1 newest_batch=1 cur=3746314929 target=3917645744 ceiling=200000000000 old_side_present=1
CBAP_MIG_REPLAN t=30485000 reason=active_set_shrank flow=21 batch=1 newest_batch=1 cur=3746315671 target=3917645744 ceiling=200000000000 old_side_present=1
CBAP_MIG_REPLAN t=30485000 reason=active_set_shrank flow=22 batch=1 newest_batch=1 cur=3746314329 target=3917645744 ceiling=200000000000 old_side_present=1
CBAP_MIG_REPLAN t=30485000 reason=active_set_shrank flow=23 batch=1 newest_batch=1 cur=3746314398 target=3917645744 ceiling=200000000000 old_side_present=1
CBAP_MIG_REPLAN t=30485000 reason=active_set_shrank flow=24 batch=1 newest_batch=1 cur=3746315828 target=3917645744 ceiling=200000000000 old_side_present=1
CBAP_MIG_REPLAN t=30485000 reason=active_set_shrank flow=25 batch=1 newest_batch=1 cur=3746315511 target=3917645744 ceiling=200000000000 old_side_present=1
CBAP_MIG_REPLAN t=30485000 reason=active_set_shrank flow=26 batch=1 newest_batch=1 cur=3746314049 target=3917645744 ceiling=200000000000 old_side_present=1
CBAP_MIG_REPLAN t=30485000 reason=active_set_shrank flow=27 batch=1 newest_batch=1 cur=3746315389 target=3917645744 ceiling=200000000000 old_side_present=1
CBAP_MIG_REPLAN t=30485000 reason=active_set_shrank flow=28 batch=1 newest_batch=1 cur=3746314122 target=3917645744 ceiling=200000000000 old_side_present=1
CBAP_MIG_REPLAN t=30485000 reason=active_set_shrank flow=29 batch=1 newest_batch=1 cur=3746314781 target=3917645744 ceiling=200000000000 old_side_present=1
CBAP_MIG_REPLAN t=30485000 reason=active_set_shrank flow=32 batch=1 newest_batch=1 cur=3746314292 target=3917645744 ceiling=200000000000 old_side_present=1
CBAP_MIG_REPLAN t=30485000 reason=active_set_shrank flow=33 batch=1 newest_batch=1 cur=3746314191 target=3917645744 ceiling=200000000000 old_side_present=1
CBAP_MIG_REPLAN t=30485000 reason=active_set_shrank flow=35 batch=1 newest_batch=1 cur=3746314182 target=3917645744 ceiling=200000000000 old_side_present=1
CBAP_MIG_REPLAN t=30485000 reason=active_set_shrank flow=37 batch=1 newest_batch=1 cur=3746313959 target=3917645744 ceiling=200000000000 old_side_present=1
CBAP_MIG_REPLAN t=30485000 reason=active_set_shrank flow=39 batch=1 newest_batch=1 cur=3746314050 target=3917645744 ceiling=200000000000 old_side_present=1
CBAP_MIG_REPLAN t=30485000 reason=active_set_shrank flow=40 batch=1 newest_batch=1 cur=3746314074 target=3917645744 ceiling=200000000000 old_side_present=1
CBAP_MIG_REPLAN t=30485000 reason=active_set_shrank flow=42 batch=1 newest_batch=1 cur=3746314255 target=3917645744 ceiling=200000000000 old_side_present=1
CBAP_MIG_REPLAN t=30485000 reason=active_set_shrank flow=43 batch=1 newest_batch=1 cur=3746315342 target=3917645744 ceiling=200000000000 old_side_present=1
CBAP_MIG_REPLAN t=30485000 reason=active_set_shrank flow=45 batch=1 newest_batch=1 cur=3746314073 target=3917645744 ceiling=200000000000 old_side_present=1
CBAP_MIG_REPLAN t=30485000 reason=active_set_shrank flow=47 batch=1 newest_batch=1 cur=3746314431 target=3917645744 ceiling=200000000000 old_side_present=1
CBAP_MIG_REPLAN t=30485000 reason=active_set_shrank flow=49 batch=1 newest_batch=1 cur=3746314267 target=3917645744 ceiling=200000000000 old_side_present=1
CBAP_MIG_REPLAN t=30485000 reason=active_set_shrank flow=50 batch=1 newest_batch=1 cur=3746314364 target=3917645744 ceiling=200000000000 old_side_present=1
CBAP_MIG_REPLAN t=30485000 reason=active_set_shrank flow=51 batch=1 newest_batch=1 cur=3746315219 target=3917645744 ceiling=200000000000 old_side_present=1
CBAP_MIG_REPLAN t=30485000 reason=active_set_shrank flow=52 batch=1 newest_batch=1 cur=3746315814 target=3917645744 ceiling=200000000000 old_side_present=1
CBAP_MIG_REPLAN t=30485000 reason=active_set_shrank flow=54 batch=1 newest_batch=1 cur=3746314402 target=3917645744 ceiling=200000000000 old_side_present=1
CBAP_MIG_REPLAN t=30485000 reason=active_set_shrank flow=55 batch=1 newest_batch=1 cur=3746314152 target=3917645744 ceiling=200000000000 old_side_present=1
CBAP_MIG_REPLAN t=30485000 reason=active_set_shrank flow=56 batch=1 newest_batch=1 cur=3746314341 target=3917645744 ceiling=200000000000 old_side_present=1
CBAP_MIG_REPLAN t=30485000 reason=active_set_shrank flow=58 batch=1 newest_batch=1 cur=3746314377 target=3917645744 ceiling=200000000000 old_side_present=1
CBAP_MIG_REPLAN t=30485000 reason=active_set_shrank flow=59 batch=1 newest_batch=1 cur=3746315279 target=3917645744 ceiling=200000000000 old_side_present=1
CBAP_MIG_REPLAN t=30485000 reason=active_set_shrank flow=60 batch=1 newest_batch=1 cur=3746314276 target=3917645744 ceiling=200000000000 old_side_present=1
CBAP_MIG_REPLAN t=30485000 reason=active_set_shrank flow=61 batch=1 newest_batch=1 cur=3746314798 target=3917645744 ceiling=200000000000 old_side_present=1
CBAP_MIG_REPLAN t=30485000 reason=active_set_shrank flow=62 batch=1 newest_batch=1 cur=3746315530 target=3917645744 ceiling=200000000000 old_side_present=1
CBAP_MIG_REPLAN t=30485000 reason=active_set_shrank flow=63 batch=1 newest_batch=1 cur=3746314445 target=3917645744 ceiling=200000000000 old_side_present=1
CBAP_MIG_REPLAN t=30485000 reason=active_set_shrank flow=64 batch=1 newest_batch=1 cur=3746314392 target=3917645744 ceiling=200000000000 old_side_present=1
CBAP_MIG t=30485000 epoch=6097 flow=0 side=old cur=2000670464 next=2000469324 tgt=2000000000 f=0.3 u=0 breach=0 end=converged
CBAP_MIG t=30485000 epoch=6097 flow=1 side=new cur=3746315823 next=3815704441 tgt=3917645744 f=0.405 u=0 breach=3 end=
CBAP_MIG t=30485000 epoch=6097 flow=2 side=new cur=3746314384 next=3815703584 tgt=3917645744 f=0.405 u=0 breach=3 end=
CBAP_MIG t=30485000 epoch=6097 flow=4 side=new cur=3746314448 next=3815703622 tgt=3917645744 f=0.405 u=0 breach=3 end=
CBAP_MIG t=30485000 epoch=6097 flow=5 side=new cur=3746314205 next=3815703478 tgt=3917645744 f=0.405 u=0 breach=3 end=
CBAP_MIG t=30485000 epoch=6097 flow=6 side=new cur=3746314371 next=3815703577 tgt=3917645744 f=0.405 u=0 breach=3 end=
CBAP_MIG t=30485000 epoch=6097 flow=7 side=new cur=3746314386 next=3815703585 tgt=3917645744 f=0.405 u=0 breach=3 end=
CBAP_MIG t=30485000 epoch=6097 flow=8 side=new cur=3746315520 next=3815704260 tgt=3917645744 f=0.405 u=0 breach=3 end=
CBAP_MIG t=30485000 epoch=6097 flow=9 side=new cur=3746314642 next=3815703738 tgt=3917645744 f=0.405 u=0 breach=3 end=
CBAP_MIG t=30485000 epoch=6097 flow=10 side=new cur=3746314353 next=3815703566 tgt=3917645744 f=0.405 u=0 breach=3 end=
CBAP_MIG t=30485000 epoch=6097 flow=11 side=new cur=3746315702 next=3815704369 tgt=3917645744 f=0.405 u=0 breach=3 end=
CBAP_MIG t=30485000 epoch=6097 flow=12 side=new cur=3746315300 next=3815704129 tgt=3917645744 f=0.405 u=0 breach=3 end=
CBAP_MIG t=30485000 epoch=6097 flow=13 side=new cur=3746314323 next=3815703548 tgt=3917645744 f=0.405 u=0 breach=3 end=
CBAP_MIG t=30485000 epoch=6097 flow=14 side=new cur=3746314004 next=3815703358 tgt=3917645744 f=0.405 u=0 breach=3 end=
CBAP_MIG t=30485000 epoch=6097 flow=15 side=new cur=3746314225 next=3815703490 tgt=3917645744 f=0.405 u=0 breach=3 end=
CBAP_MIG t=30485000 epoch=6097 flow=16 side=new cur=3746314167 next=3815703455 tgt=3917645744 f=0.405 u=0 breach=3 end=
CBAP_MIG t=30485000 epoch=6097 flow=18 side=new cur=3746314076 next=3815703401 tgt=3917645744 f=0.405 u=0 breach=3 end=
CBAP_MIG t=30485000 epoch=6097 flow=19 side=new cur=3746314323 next=3815703548 tgt=3917645744 f=0.405 u=0 breach=3 end=
CBAP_MIG t=30485000 epoch=6097 flow=20 side=new cur=3746314929 next=3815703909 tgt=3917645744 f=0.405 u=0 breach=3 end=
CBAP_MIG t=30485000 epoch=6097 flow=21 side=new cur=3746315671 next=3815704350 tgt=3917645744 f=0.405 u=0 breach=3 end=
CBAP_MIG t=30485000 epoch=6097 flow=22 side=new cur=3746314329 next=3815703552 tgt=3917645744 f=0.405 u=0 breach=3 end=
CBAP_MIG t=30485000 epoch=6097 flow=23 side=new cur=3746314398 next=3815703593 tgt=3917645744 f=0.405 u=0 breach=3 end=
CBAP_MIG t=30485000 epoch=6097 flow=24 side=new cur=3746315828 next=3815704443 tgt=3917645744 f=0.405 u=0 breach=3 end=
CBAP_MIG t=30485000 epoch=6097 flow=25 side=new cur=3746315511 next=3815704255 tgt=3917645744 f=0.405 u=0 breach=3 end=
CBAP_MIG t=30485000 epoch=6097 flow=26 side=new cur=3746314049 next=3815703385 tgt=3917645744 f=0.405 u=0 breach=3 end=
CBAP_MIG t=30485000 epoch=6097 flow=27 side=new cur=3746315389 next=3815704182 tgt=3917645744 f=0.405 u=0 breach=3 end=
CBAP_MIG t=30485000 epoch=6097 flow=28 side=new cur=3746314122 next=3815703428 tgt=3917645744 f=0.405 u=0 breach=3 end=
CBAP_MIG t=30485000 epoch=6097 flow=29 side=new cur=3746314781 next=3815703821 tgt=3917645744 f=0.405 u=0 breach=3 end=
CBAP_MIG t=30485000 epoch=6097 flow=32 side=new cur=3746314292 next=3815703530 tgt=3917645744 f=0.405 u=0 breach=3 end=
CBAP_MIG t=30485000 epoch=6097 flow=33 side=new cur=3746314191 next=3815703469 tgt=3917645744 f=0.405 u=0 breach=3 end=
CBAP_MIG t=30485000 epoch=6097 flow=35 side=new cur=3746314182 next=3815703464 tgt=3917645744 f=0.405 u=0 breach=3 end=
CBAP_MIG t=30485000 epoch=6097 flow=37 side=new cur=3746313959 next=3815703331 tgt=3917645744 f=0.405 u=0 breach=3 end=
CBAP_MIG t=30485000 epoch=6097 flow=39 side=new cur=3746314050 next=3815703386 tgt=3917645744 f=0.405 u=0 breach=3 end=
CBAP_MIG t=30485000 epoch=6097 flow=40 side=new cur=3746314074 next=3815703400 tgt=3917645744 f=0.405 u=0 breach=3 end=
CBAP_MIG t=30485000 epoch=6097 flow=42 side=new cur=3746314255 next=3815703508 tgt=3917645744 f=0.405 u=0 breach=3 end=
CBAP_MIG t=30485000 epoch=6097 flow=43 side=new cur=3746315342 next=3815704154 tgt=3917645744 f=0.405 u=0 breach=3 end=
CBAP_MIG t=30485000 epoch=6097 flow=45 side=new cur=3746314073 next=3815703399 tgt=3917645744 f=0.405 u=0 breach=3 end=
CBAP_MIG t=30485000 epoch=6097 flow=47 side=new cur=3746314431 next=3815703612 tgt=3917645744 f=0.405 u=0 breach=3 end=
CBAP_MIG t=30485000 epoch=6097 flow=49 side=new cur=3746314267 next=3815703515 tgt=3917645744 f=0.405 u=0 breach=3 end=
CBAP_MIG t=30485000 epoch=6097 flow=50 side=new cur=3746314364 next=3815703572 tgt=3917645744 f=0.405 u=0 breach=3 end=
CBAP_MIG t=30485000 epoch=6097 flow=51 side=new cur=3746315219 next=3815704081 tgt=3917645744 f=0.405 u=0 breach=3 end=
CBAP_MIG t=30485000 epoch=6097 flow=52 side=new cur=3746315814 next=3815704435 tgt=3917645744 f=0.405 u=0 breach=3 end=
CBAP_MIG t=30485000 epoch=6097 flow=54 side=new cur=3746314402 next=3815703595 tgt=3917645744 f=0.405 u=0 breach=3 end=
CBAP_MIG t=30485000 epoch=6097 flow=55 side=new cur=3746314152 next=3815703446 tgt=3917645744 f=0.405 u=0 breach=3 end=
CBAP_MIG t=30485000 epoch=6097 flow=56 side=new cur=3746314341 next=3815703559 tgt=3917645744 f=0.405 u=0 breach=3 end=
CBAP_MIG t=30485000 epoch=6097 flow=58 side=new cur=3746314377 next=3815703580 tgt=3917645744 f=0.405 u=0 breach=3 end=
CBAP_MIG t=30485000 epoch=6097 flow=59 side=new cur=3746315279 next=3815704117 tgt=3917645744 f=0.405 u=0 breach=3 end=
CBAP_MIG t=30485000 epoch=6097 flow=60 side=new cur=3746314276 next=3815703520 tgt=3917645744 f=0.405 u=0 breach=3 end=
CBAP_MIG t=30485000 epoch=6097 flow=61 side=new cur=3746314798 next=3815703831 tgt=3917645744 f=0.405 u=0 breach=3 end=
CBAP_MIG t=30485000 epoch=6097 flow=62 side=new cur=3746315530 next=3815704266 tgt=3917645744 f=0.405 u=0 breach=3 end=
CBAP_MIG t=30485000 epoch=6097 flow=63 side=new cur=3746314445 next=3815703621 tgt=3917645744 f=0.405 u=0 breach=3 end=
CBAP_MIG t=30485000 epoch=6097 flow=64 side=new cur=3746314392 next=3815703589 tgt=3917645744 f=0.405 u=0 breach=3 end=
CBAP_MIG_REPLAN t=30490000 reason=active_set_shrank flow=0 batch=0 newest_batch=1 cur=2000469324 target=2000000000 ceiling=190000000000 old_side_present=1
CBAP_MIG_REPLAN t=30490000 reason=active_set_shrank flow=1 batch=1 newest_batch=1 cur=3815704441 target=3995999061 ceiling=200000000000 old_side_present=1
CBAP_MIG_REPLAN t=30490000 reason=active_set_shrank flow=2 batch=1 newest_batch=1 cur=3815703584 target=3995999061 ceiling=200000000000 old_side_present=1
CBAP_MIG_REPLAN t=30490000 reason=active_set_shrank flow=4 batch=1 newest_batch=1 cur=3815703622 target=3995999061 ceiling=200000000000 old_side_present=1
CBAP_MIG_REPLAN t=30490000 reason=active_set_shrank flow=5 batch=1 newest_batch=1 cur=3815703478 target=3995999061 ceiling=200000000000 old_side_present=1
CBAP_MIG_REPLAN t=30490000 reason=active_set_shrank flow=6 batch=1 newest_batch=1 cur=3815703577 target=3995999061 ceiling=200000000000 old_side_present=1
CBAP_MIG_REPLAN t=30490000 reason=active_set_shrank flow=7 batch=1 newest_batch=1 cur=3815703585 target=3995999061 ceiling=200000000000 old_side_present=1
CBAP_MIG_REPLAN t=30490000 reason=active_set_shrank flow=8 batch=1 newest_batch=1 cur=3815704260 target=3995999061 ceiling=200000000000 old_side_present=1
CBAP_MIG_REPLAN t=30490000 reason=active_set_shrank flow=9 batch=1 newest_batch=1 cur=3815703738 target=3995999061 ceiling=200000000000 old_side_present=1
CBAP_MIG_REPLAN t=30490000 reason=active_set_shrank flow=10 batch=1 newest_batch=1 cur=3815703566 target=3995999061 ceiling=200000000000 old_side_present=1
CBAP_MIG_REPLAN t=30490000 reason=active_set_shrank flow=11 batch=1 newest_batch=1 cur=3815704369 target=3995999061 ceiling=200000000000 old_side_present=1
CBAP_MIG_REPLAN t=30490000 reason=active_set_shrank flow=12 batch=1 newest_batch=1 cur=3815704129 target=3995999061 ceiling=200000000000 old_side_present=1
CBAP_MIG_REPLAN t=30490000 reason=active_set_shrank flow=13 batch=1 newest_batch=1 cur=3815703548 target=3995999061 ceiling=200000000000 old_side_present=1
CBAP_MIG_REPLAN t=30490000 reason=active_set_shrank flow=14 batch=1 newest_batch=1 cur=3815703358 target=3995999061 ceiling=200000000000 old_side_present=1
CBAP_MIG_REPLAN t=30490000 reason=active_set_shrank flow=15 batch=1 newest_batch=1 cur=3815703490 target=3995999061 ceiling=200000000000 old_side_present=1
CBAP_MIG_REPLAN t=30490000 reason=active_set_shrank flow=16 batch=1 newest_batch=1 cur=3815703455 target=3995999061 ceiling=200000000000 old_side_present=1
CBAP_MIG_REPLAN t=30490000 reason=active_set_shrank flow=18 batch=1 newest_batch=1 cur=3815703401 target=3995999061 ceiling=200000000000 old_side_present=1
CBAP_MIG_REPLAN t=30490000 reason=active_set_shrank flow=19 batch=1 newest_batch=1 cur=3815703548 target=3995999061 ceiling=200000000000 old_side_present=1
CBAP_MIG_REPLAN t=30490000 reason=active_set_shrank flow=20 batch=1 newest_batch=1 cur=3815703909 target=3995999061 ceiling=200000000000 old_side_present=1
CBAP_MIG_REPLAN t=30490000 reason=active_set_shrank flow=21 batch=1 newest_batch=1 cur=3815704350 target=3995999061 ceiling=200000000000 old_side_present=1
CBAP_MIG_REPLAN t=30490000 reason=active_set_shrank flow=22 batch=1 newest_batch=1 cur=3815703552 target=3995999061 ceiling=200000000000 old_side_present=1
CBAP_MIG_REPLAN t=30490000 reason=active_set_shrank flow=23 batch=1 newest_batch=1 cur=3815703593 target=3995999061 ceiling=200000000000 old_side_present=1
CBAP_MIG_REPLAN t=30490000 reason=active_set_shrank flow=24 batch=1 newest_batch=1 cur=3815704443 target=3995999061 ceiling=200000000000 old_side_present=1
CBAP_MIG_REPLAN t=30490000 reason=active_set_shrank flow=26 batch=1 newest_batch=1 cur=3815703385 target=3995999061 ceiling=200000000000 old_side_present=1
CBAP_MIG_REPLAN t=30490000 reason=active_set_shrank flow=27 batch=1 newest_batch=1 cur=3815704182 target=3995999061 ceiling=200000000000 old_side_present=1
CBAP_MIG_REPLAN t=30490000 reason=active_set_shrank flow=28 batch=1 newest_batch=1 cur=3815703428 target=3995999061 ceiling=200000000000 old_side_present=1
CBAP_MIG_REPLAN t=30490000 reason=active_set_shrank flow=29 batch=1 newest_batch=1 cur=3815703821 target=3995999061 ceiling=200000000000 old_side_present=1
CBAP_MIG_REPLAN t=30490000 reason=active_set_shrank flow=32 batch=1 newest_batch=1 cur=3815703530 target=3995999061 ceiling=200000000000 old_side_present=1
CBAP_MIG_REPLAN t=30490000 reason=active_set_shrank flow=33 batch=1 newest_batch=1 cur=3815703469 target=3995999061 ceiling=200000000000 old_side_present=1
CBAP_MIG_REPLAN t=30490000 reason=active_set_shrank flow=35 batch=1 newest_batch=1 cur=3815703464 target=3995999061 ceiling=200000000000 old_side_present=1
CBAP_MIG_REPLAN t=30490000 reason=active_set_shrank flow=37 batch=1 newest_batch=1 cur=3815703331 target=3995999061 ceiling=200000000000 old_side_present=1
CBAP_MIG_REPLAN t=30490000 reason=active_set_shrank flow=39 batch=1 newest_batch=1 cur=3815703386 target=3995999061 ceiling=200000000000 old_side_present=1
CBAP_MIG_REPLAN t=30490000 reason=active_set_shrank flow=40 batch=1 newest_batch=1 cur=3815703400 target=3995999061 ceiling=200000000000 old_side_present=1
CBAP_MIG_REPLAN t=30490000 reason=active_set_shrank flow=42 batch=1 newest_batch=1 cur=3815703508 target=3995999061 ceiling=200000000000 old_side_present=1
CBAP_MIG_REPLAN t=30490000 reason=active_set_shrank flow=43 batch=1 newest_batch=1 cur=3815704154 target=3995999061 ceiling=200000000000 old_side_present=1
CBAP_MIG_REPLAN t=30490000 reason=active_set_shrank flow=45 batch=1 newest_batch=1 cur=3815703399 target=3995999061 ceiling=200000000000 old_side_present=1
CBAP_MIG_REPLAN t=30490000 reason=active_set_shrank flow=47 batch=1 newest_batch=1 cur=3815703612 target=3995999061 ceiling=200000000000 old_side_present=1
CBAP_MIG_REPLAN t=30490000 reason=active_set_shrank flow=49 batch=1 newest_batch=1 cur=3815703515 target=3995999061 ceiling=200000000000 old_side_present=1
CBAP_MIG_REPLAN t=30490000 reason=active_set_shrank flow=50 batch=1 newest_batch=1 cur=3815703572 target=3995999061 ceiling=200000000000 old_side_present=1
CBAP_MIG_REPLAN t=30490000 reason=active_set_shrank flow=51 batch=1 newest_batch=1 cur=3815704081 target=3995999061 ceiling=200000000000 old_side_present=1
CBAP_MIG_REPLAN t=30490000 reason=active_set_shrank flow=52 batch=1 newest_batch=1 cur=3815704435 target=3995999061 ceiling=200000000000 old_side_present=1
CBAP_MIG_REPLAN t=30490000 reason=active_set_shrank flow=54 batch=1 newest_batch=1 cur=3815703595 target=3995999061 ceiling=200000000000 old_side_present=1
CBAP_MIG_REPLAN t=30490000 reason=active_set_shrank flow=55 batch=1 newest_batch=1 cur=3815703446 target=3995999061 ceiling=200000000000 old_side_present=1
CBAP_MIG_REPLAN t=30490000 reason=active_set_shrank flow=56 batch=1 newest_batch=1 cur=3815703559 target=3995999061 ceiling=200000000000 old_side_present=1
CBAP_MIG_REPLAN t=30490000 reason=active_set_shrank flow=58 batch=1 newest_batch=1 cur=3815703580 target=3995999061 ceiling=200000000000 old_side_present=1
CBAP_MIG_REPLAN t=30490000 reason=active_set_shrank flow=59 batch=1 newest_batch=1 cur=3815704117 target=3995999061 ceiling=200000000000 old_side_present=1
CBAP_MIG_REPLAN t=30490000 reason=active_set_shrank flow=60 batch=1 newest_batch=1 cur=3815703520 target=3995999061 ceiling=200000000000 old_side_present=1
CBAP_MIG_REPLAN t=30490000 reason=active_set_shrank flow=61 batch=1 newest_batch=1 cur=3815703831 target=3995999061 ceiling=200000000000 old_side_present=1
CBAP_MIG_REPLAN t=30490000 reason=active_set_shrank flow=62 batch=1 newest_batch=1 cur=3815704266 target=3995999061 ceiling=200000000000 old_side_present=1
CBAP_MIG_REPLAN t=30490000 reason=active_set_shrank flow=63 batch=1 newest_batch=1 cur=3815703621 target=3995999061 ceiling=200000000000 old_side_present=1
CBAP_MIG_REPLAN t=30490000 reason=active_set_shrank flow=64 batch=1 newest_batch=1 cur=3815703589 target=3995999061 ceiling=200000000000 old_side_present=1
CBAP_MIG t=30490000 epoch=6098 flow=0 side=old cur=2000469324 next=2000328526 tgt=2000000000 f=0.3 u=0 breach=0 end=converged
CBAP_MIG t=30490000 epoch=6098 flow=1 side=new cur=3815704441 next=3888723762 tgt=3995999061 f=0.405 u=0 breach=3 end=
CBAP_MIG t=30490000 epoch=6098 flow=2 side=new cur=3815703584 next=3888723252 tgt=3995999061 f=0.405 u=0 breach=3 end=
CBAP_MIG t=30490000 epoch=6098 flow=4 side=new cur=3815703622 next=3888723274 tgt=3995999061 f=0.405 u=0 breach=3 end=
CBAP_MIG t=30490000 epoch=6098 flow=5 side=new cur=3815703478 next=3888723189 tgt=3995999061 f=0.405 u=0 breach=3 end=
CBAP_MIG t=30490000 epoch=6098 flow=6 side=new cur=3815703577 next=3888723248 tgt=3995999061 f=0.405 u=0 breach=3 end=
CBAP_MIG t=30490000 epoch=6098 flow=7 side=new cur=3815703585 next=3888723252 tgt=3995999061 f=0.405 u=0 breach=3 end=
CBAP_MIG t=30490000 epoch=6098 flow=8 side=new cur=3815704260 next=3888723654 tgt=3995999061 f=0.405 u=0 breach=3 end=
CBAP_MIG t=30490000 epoch=6098 flow=9 side=new cur=3815703738 next=3888723343 tgt=3995999061 f=0.405 u=0 breach=3 end=
CBAP_MIG t=30490000 epoch=6098 flow=10 side=new cur=3815703566 next=3888723241 tgt=3995999061 f=0.405 u=0 breach=3 end=
CBAP_MIG t=30490000 epoch=6098 flow=11 side=new cur=3815704369 next=3888723719 tgt=3995999061 f=0.405 u=0 breach=3 end=
CBAP_MIG t=30490000 epoch=6098 flow=12 side=new cur=3815704129 next=3888723576 tgt=3995999061 f=0.405 u=0 breach=3 end=
CBAP_MIG t=30490000 epoch=6098 flow=13 side=new cur=3815703548 next=3888723230 tgt=3995999061 f=0.405 u=0 breach=3 end=
CBAP_MIG t=30490000 epoch=6098 flow=14 side=new cur=3815703358 next=3888723117 tgt=3995999061 f=0.405 u=0 breach=3 end=
CBAP_MIG t=30490000 epoch=6098 flow=15 side=new cur=3815703490 next=3888723196 tgt=3995999061 f=0.405 u=0 breach=3 end=
CBAP_MIG t=30490000 epoch=6098 flow=16 side=new cur=3815703455 next=3888723175 tgt=3995999061 f=0.405 u=0 breach=3 end=
CBAP_MIG t=30490000 epoch=6098 flow=18 side=new cur=3815703401 next=3888723143 tgt=3995999061 f=0.405 u=0 breach=3 end=
CBAP_MIG t=30490000 epoch=6098 flow=19 side=new cur=3815703548 next=3888723230 tgt=3995999061 f=0.405 u=0 breach=3 end=
CBAP_MIG t=30490000 epoch=6098 flow=20 side=new cur=3815703909 next=3888723445 tgt=3995999061 f=0.405 u=0 breach=3 end=
CBAP_MIG t=30490000 epoch=6098 flow=21 side=new cur=3815704350 next=3888723707 tgt=3995999061 f=0.405 u=0 breach=3 end=
CBAP_MIG t=30490000 epoch=6098 flow=22 side=new cur=3815703552 next=3888723233 tgt=3995999061 f=0.405 u=0 breach=3 end=
CBAP_MIG t=30490000 epoch=6098 flow=23 side=new cur=3815703593 next=3888723257 tgt=3995999061 f=0.405 u=0 breach=3 end=
CBAP_MIG t=30490000 epoch=6098 flow=24 side=new cur=3815704443 next=3888723763 tgt=3995999061 f=0.405 u=0 breach=3 end=
CBAP_MIG t=30490000 epoch=6098 flow=26 side=new cur=3815703385 next=3888723133 tgt=3995999061 f=0.405 u=0 breach=3 end=
CBAP_MIG t=30490000 epoch=6098 flow=27 side=new cur=3815704182 next=3888723607 tgt=3995999061 f=0.405 u=0 breach=3 end=
CBAP_MIG t=30490000 epoch=6098 flow=28 side=new cur=3815703428 next=3888723159 tgt=3995999061 f=0.405 u=0 breach=3 end=
CBAP_MIG t=30490000 epoch=6098 flow=29 side=new cur=3815703821 next=3888723393 tgt=3995999061 f=0.405 u=0 breach=3 end=
CBAP_MIG t=30490000 epoch=6098 flow=32 side=new cur=3815703530 next=3888723220 tgt=3995999061 f=0.405 u=0 breach=3 end=
CBAP_MIG t=30490000 epoch=6098 flow=33 side=new cur=3815703469 next=3888723183 tgt=3995999061 f=0.405 u=0 breach=3 end=
CBAP_MIG t=30490000 epoch=6098 flow=35 side=new cur=3815703464 next=3888723180 tgt=3995999061 f=0.405 u=0 breach=3 end=
CBAP_MIG t=30490000 epoch=6098 flow=37 side=new cur=3815703331 next=3888723101 tgt=3995999061 f=0.405 u=0 breach=3 end=
CBAP_MIG t=30490000 epoch=6098 flow=39 side=new cur=3815703386 next=3888723134 tgt=3995999061 f=0.405 u=0 breach=3 end=
CBAP_MIG t=30490000 epoch=6098 flow=40 side=new cur=3815703400 next=3888723142 tgt=3995999061 f=0.405 u=0 breach=3 end=
CBAP_MIG t=30490000 epoch=6098 flow=42 side=new cur=3815703508 next=3888723206 tgt=3995999061 f=0.405 u=0 breach=3 end=
CBAP_MIG t=30490000 epoch=6098 flow=43 side=new cur=3815704154 next=3888723591 tgt=3995999061 f=0.405 u=0 breach=3 end=
CBAP_MIG t=30490000 epoch=6098 flow=45 side=new cur=3815703399 next=3888723142 tgt=3995999061 f=0.405 u=0 breach=3 end=
CBAP_MIG t=30490000 epoch=6098 flow=47 side=new cur=3815703612 next=3888723268 tgt=3995999061 f=0.405 u=0 breach=3 end=
CBAP_MIG t=30490000 epoch=6098 flow=49 side=new cur=3815703515 next=3888723211 tgt=3995999061 f=0.405 u=0 breach=3 end=
CBAP_MIG t=30490000 epoch=6098 flow=50 side=new cur=3815703572 next=3888723245 tgt=3995999061 f=0.405 u=0 breach=3 end=
CBAP_MIG t=30490000 epoch=6098 flow=51 side=new cur=3815704081 next=3888723547 tgt=3995999061 f=0.405 u=0 breach=3 end=
CBAP_MIG t=30490000 epoch=6098 flow=52 side=new cur=3815704435 next=3888723758 tgt=3995999061 f=0.405 u=0 breach=3 end=
CBAP_MIG t=30490000 epoch=6098 flow=54 side=new cur=3815703595 next=3888723258 tgt=3995999061 f=0.405 u=0 breach=3 end=
CBAP_MIG t=30490000 epoch=6098 flow=55 side=new cur=3815703446 next=3888723170 tgt=3995999061 f=0.405 u=0 breach=3 end=
CBAP_MIG t=30490000 epoch=6098 flow=56 side=new cur=3815703559 next=3888723237 tgt=3995999061 f=0.405 u=0 breach=3 end=
CBAP_MIG t=30490000 epoch=6098 flow=58 side=new cur=3815703580 next=3888723249 tgt=3995999061 f=0.405 u=0 breach=3 end=
CBAP_MIG t=30490000 epoch=6098 flow=59 side=new cur=3815704117 next=3888723569 tgt=3995999061 f=0.405 u=0 breach=3 end=
CBAP_MIG t=30490000 epoch=6098 flow=60 side=new cur=3815703520 next=3888723214 tgt=3995999061 f=0.405 u=0 breach=3 end=
CBAP_MIG t=30490000 epoch=6098 flow=61 side=new cur=3815703831 next=3888723399 tgt=3995999061 f=0.405 u=0 breach=3 end=
CBAP_MIG t=30490000 epoch=6098 flow=62 side=new cur=3815704266 next=3888723657 tgt=3995999061 f=0.405 u=0 breach=3 end=
CBAP_MIG t=30490000 epoch=6098 flow=63 side=new cur=3815703621 next=3888723274 tgt=3995999061 f=0.405 u=0 breach=3 end=
CBAP_MIG t=30490000 epoch=6098 flow=64 side=new cur=3815703589 next=3888723255 tgt=3995999061 f=0.405 u=0 breach=3 end=
CBAP_MIG t=30495000 epoch=6099 flow=1 side=new cur=3888723762 next=3932170258 tgt=3995999061 f=0.405 u=0 breach=3 end=
CBAP_MIG t=30495000 epoch=6099 flow=2 side=new cur=3888723252 next=3932169954 tgt=3995999061 f=0.405 u=0 breach=3 end=
CBAP_MIG t=30495000 epoch=6099 flow=4 side=new cur=3888723274 next=3932169967 tgt=3995999061 f=0.405 u=0 breach=3 end=
CBAP_MIG t=30495000 epoch=6099 flow=5 side=new cur=3888723189 next=3932169917 tgt=3995999061 f=0.405 u=0 breach=3 end=
CBAP_MIG t=30495000 epoch=6099 flow=6 side=new cur=3888723248 next=3932169952 tgt=3995999061 f=0.405 u=0 breach=3 end=
CBAP_MIG t=30495000 epoch=6099 flow=7 side=new cur=3888723252 next=3932169954 tgt=3995999061 f=0.405 u=0 breach=3 end=
CBAP_MIG t=30495000 epoch=6099 flow=8 side=new cur=3888723654 next=3932170193 tgt=3995999061 f=0.405 u=0 breach=3 end=
CBAP_MIG t=30495000 epoch=6099 flow=9 side=new cur=3888723343 next=3932170008 tgt=3995999061 f=0.405 u=0 breach=3 end=
CBAP_MIG t=30495000 epoch=6099 flow=10 side=new cur=3888723241 next=3932169948 tgt=3995999061 f=0.405 u=0 breach=3 end=
CBAP_MIG t=30495000 epoch=6099 flow=11 side=new cur=3888723719 next=3932170232 tgt=3995999061 f=0.405 u=0 breach=3 end=
CBAP_MIG t=30495000 epoch=6099 flow=12 side=new cur=3888723576 next=3932170147 tgt=3995999061 f=0.405 u=0 breach=3 end=
CBAP_MIG t=30495000 epoch=6099 flow=13 side=new cur=3888723230 next=3932169941 tgt=3995999061 f=0.405 u=0 breach=3 end=
CBAP_MIG t=30495000 epoch=6099 flow=14 side=new cur=3888723117 next=3932169874 tgt=3995999061 f=0.405 u=0 breach=3 end=
CBAP_MIG t=30495000 epoch=6099 flow=15 side=new cur=3888723196 next=3932169921 tgt=3995999061 f=0.405 u=0 breach=3 end=
CBAP_MIG t=30495000 epoch=6099 flow=16 side=new cur=3888723175 next=3932169908 tgt=3995999061 f=0.405 u=0 breach=3 end=
CBAP_MIG t=30495000 epoch=6099 flow=18 side=new cur=3888723143 next=3932169889 tgt=3995999061 f=0.405 u=0 breach=3 end=
CBAP_MIG t=30495000 epoch=6099 flow=19 side=new cur=3888723230 next=3932169941 tgt=3995999061 f=0.405 u=0 breach=3 end=
CBAP_MIG t=30495000 epoch=6099 flow=20 side=new cur=3888723445 next=3932170069 tgt=3995999061 f=0.405 u=0 breach=3 end=
CBAP_MIG t=30495000 epoch=6099 flow=21 side=new cur=3888723707 next=3932170225 tgt=3995999061 f=0.405 u=0 breach=3 end=
CBAP_MIG t=30495000 epoch=6099 flow=22 side=new cur=3888723233 next=3932169943 tgt=3995999061 f=0.405 u=0 breach=3 end=
CBAP_MIG t=30495000 epoch=6099 flow=23 side=new cur=3888723257 next=3932169957 tgt=3995999061 f=0.405 u=0 breach=3 end=
CBAP_MIG t=30495000 epoch=6099 flow=24 side=new cur=3888723763 next=3932170258 tgt=3995999061 f=0.405 u=0 breach=3 end=
CBAP_MIG t=30495000 epoch=6099 flow=26 side=new cur=3888723133 next=3932169883 tgt=3995999061 f=0.405 u=0 breach=3 end=
CBAP_MIG t=30495000 epoch=6099 flow=27 side=new cur=3888723607 next=3932170165 tgt=3995999061 f=0.405 u=0 breach=3 end=
CBAP_MIG t=30495000 epoch=6099 flow=28 side=new cur=3888723159 next=3932169899 tgt=3995999061 f=0.405 u=0 breach=3 end=
CBAP_MIG t=30495000 epoch=6099 flow=29 side=new cur=3888723393 next=3932170038 tgt=3995999061 f=0.405 u=0 breach=3 end=
CBAP_MIG t=30495000 epoch=6099 flow=32 side=new cur=3888723220 next=3932169935 tgt=3995999061 f=0.405 u=0 breach=3 end=
CBAP_MIG t=30495000 epoch=6099 flow=33 side=new cur=3888723183 next=3932169913 tgt=3995999061 f=0.405 u=0 breach=3 end=
CBAP_MIG t=30495000 epoch=6099 flow=35 side=new cur=3888723180 next=3932169911 tgt=3995999061 f=0.405 u=0 breach=3 end=
CBAP_MIG t=30495000 epoch=6099 flow=37 side=new cur=3888723101 next=3932169864 tgt=3995999061 f=0.405 u=0 breach=3 end=
CBAP_MIG t=30495000 epoch=6099 flow=39 side=new cur=3888723134 next=3932169884 tgt=3995999061 f=0.405 u=0 breach=3 end=
CBAP_MIG t=30495000 epoch=6099 flow=40 side=new cur=3888723142 next=3932169889 tgt=3995999061 f=0.405 u=0 breach=3 end=
CBAP_MIG t=30495000 epoch=6099 flow=42 side=new cur=3888723206 next=3932169927 tgt=3995999061 f=0.405 u=0 breach=3 end=
CBAP_MIG t=30495000 epoch=6099 flow=43 side=new cur=3888723591 next=3932170156 tgt=3995999061 f=0.405 u=0 breach=3 end=
CBAP_MIG t=30495000 epoch=6099 flow=45 side=new cur=3888723142 next=3932169889 tgt=3995999061 f=0.405 u=0 breach=3 end=
CBAP_MIG t=30495000 epoch=6099 flow=47 side=new cur=3888723268 next=3932169964 tgt=3995999061 f=0.405 u=0 breach=3 end=
CBAP_MIG t=30495000 epoch=6099 flow=49 side=new cur=3888723211 next=3932169930 tgt=3995999061 f=0.405 u=0 breach=3 end=
CBAP_MIG t=30495000 epoch=6099 flow=50 side=new cur=3888723245 next=3932169950 tgt=3995999061 f=0.405 u=0 breach=3 end=
CBAP_MIG t=30495000 epoch=6099 flow=51 side=new cur=3888723547 next=3932170130 tgt=3995999061 f=0.405 u=0 breach=3 end=
CBAP_MIG t=30495000 epoch=6099 flow=52 side=new cur=3888723758 next=3932170255 tgt=3995999061 f=0.405 u=0 breach=3 end=
CBAP_MIG t=30495000 epoch=6099 flow=54 side=new cur=3888723258 next=3932169958 tgt=3995999061 f=0.405 u=0 breach=3 end=
CBAP_MIG t=30495000 epoch=6099 flow=55 side=new cur=3888723170 next=3932169905 tgt=3995999061 f=0.405 u=0 breach=3 end=
CBAP_MIG t=30495000 epoch=6099 flow=56 side=new cur=3888723237 next=3932169945 tgt=3995999061 f=0.405 u=0 breach=3 end=
CBAP_MIG t=30495000 epoch=6099 flow=58 side=new cur=3888723249 next=3932169952 tgt=3995999061 f=0.405 u=0 breach=3 end=
CBAP_MIG t=30495000 epoch=6099 flow=59 side=new cur=3888723569 next=3932170143 tgt=3995999061 f=0.405 u=0 breach=3 end=
CBAP_MIG t=30495000 epoch=6099 flow=60 side=new cur=3888723214 next=3932169932 tgt=3995999061 f=0.405 u=0 breach=3 end=
CBAP_MIG t=30495000 epoch=6099 flow=61 side=new cur=3888723399 next=3932170042 tgt=3995999061 f=0.405 u=0 breach=3 end=
CBAP_MIG t=30495000 epoch=6099 flow=62 side=new cur=3888723657 next=3932170195 tgt=3995999061 f=0.405 u=0 breach=3 end=
CBAP_MIG t=30495000 epoch=6099 flow=63 side=new cur=3888723274 next=3932169967 tgt=3995999061 f=0.405 u=0 breach=3 end=
CBAP_MIG t=30495000 epoch=6099 flow=64 side=new cur=3888723255 next=3932169956 tgt=3995999061 f=0.405 u=0 breach=3 end=
CBAP_MIG t=30500000 epoch=6100 flow=1 side=new cur=3932170258 next=3958020923 tgt=3995999061 f=0.405 u=0 breach=3 end=converged
CBAP_MIG t=30500000 epoch=6100 flow=2 side=new cur=3932169954 next=3958020742 tgt=3995999061 f=0.405 u=0 breach=3 end=converged
CBAP_MIG t=30500000 epoch=6100 flow=4 side=new cur=3932169967 next=3958020750 tgt=3995999061 f=0.405 u=0 breach=3 end=converged
CBAP_MIG t=30500000 epoch=6100 flow=5 side=new cur=3932169917 next=3958020720 tgt=3995999061 f=0.405 u=0 breach=3 end=converged
CBAP_MIG t=30500000 epoch=6100 flow=6 side=new cur=3932169952 next=3958020741 tgt=3995999061 f=0.405 u=0 breach=3 end=converged
CBAP_MIG t=30500000 epoch=6100 flow=7 side=new cur=3932169954 next=3958020742 tgt=3995999061 f=0.405 u=0 breach=3 end=converged
CBAP_MIG t=30500000 epoch=6100 flow=8 side=new cur=3932170193 next=3958020884 tgt=3995999061 f=0.405 u=0 breach=3 end=converged
CBAP_MIG t=30500000 epoch=6100 flow=9 side=new cur=3932170008 next=3958020774 tgt=3995999061 f=0.405 u=0 breach=3 end=converged
CBAP_MIG t=30500000 epoch=6100 flow=10 side=new cur=3932169948 next=3958020738 tgt=3995999061 f=0.405 u=0 breach=3 end=converged
CBAP_MIG t=30500000 epoch=6100 flow=11 side=new cur=3932170232 next=3958020907 tgt=3995999061 f=0.405 u=0 breach=3 end=converged
CBAP_MIG t=30500000 epoch=6100 flow=12 side=new cur=3932170147 next=3958020857 tgt=3995999061 f=0.405 u=0 breach=3 end=converged
CBAP_MIG t=30500000 epoch=6100 flow=13 side=new cur=3932169941 next=3958020734 tgt=3995999061 f=0.405 u=0 breach=3 end=converged
CBAP_MIG t=30500000 epoch=6100 flow=14 side=new cur=3932169874 next=3958020694 tgt=3995999061 f=0.405 u=0 breach=3 end=converged
CBAP_MIG t=30500000 epoch=6100 flow=15 side=new cur=3932169921 next=3958020722 tgt=3995999061 f=0.405 u=0 breach=3 end=converged
CBAP_MIG t=30500000 epoch=6100 flow=16 side=new cur=3932169908 next=3958020714 tgt=3995999061 f=0.405 u=0 breach=3 end=converged
CBAP_MIG t=30500000 epoch=6100 flow=18 side=new cur=3932169889 next=3958020703 tgt=3995999061 f=0.405 u=0 breach=3 end=converged
CBAP_MIG t=30500000 epoch=6100 flow=19 side=new cur=3932169941 next=3958020734 tgt=3995999061 f=0.405 u=0 breach=3 end=converged
CBAP_MIG t=30500000 epoch=6100 flow=20 side=new cur=3932170069 next=3958020810 tgt=3995999061 f=0.405 u=0 breach=3 end=converged
CBAP_MIG t=30500000 epoch=6100 flow=21 side=new cur=3932170225 next=3958020903 tgt=3995999061 f=0.405 u=0 breach=3 end=converged
CBAP_MIG t=30500000 epoch=6100 flow=22 side=new cur=3932169943 next=3958020735 tgt=3995999061 f=0.405 u=0 breach=3 end=converged
CBAP_MIG t=30500000 epoch=6100 flow=23 side=new cur=3932169957 next=3958020744 tgt=3995999061 f=0.405 u=0 breach=3 end=converged
CBAP_MIG t=30500000 epoch=6100 flow=24 side=new cur=3932170258 next=3958020923 tgt=3995999061 f=0.405 u=0 breach=3 end=converged
CBAP_MIG t=30500000 epoch=6100 flow=26 side=new cur=3932169883 next=3958020700 tgt=3995999061 f=0.405 u=0 breach=3 end=converged
CBAP_MIG t=30500000 epoch=6100 flow=27 side=new cur=3932170165 next=3958020867 tgt=3995999061 f=0.405 u=0 breach=3 end=converged
CBAP_MIG t=30500000 epoch=6100 flow=28 side=new cur=3932169899 next=3958020709 tgt=3995999061 f=0.405 u=0 breach=3 end=converged
CBAP_MIG t=30500000 epoch=6100 flow=29 side=new cur=3932170038 next=3958020792 tgt=3995999061 f=0.405 u=0 breach=3 end=converged
CBAP_MIG t=30500000 epoch=6100 flow=32 side=new cur=3932169935 next=3958020731 tgt=3995999061 f=0.405 u=0 breach=3 end=converged
CBAP_MIG t=30500000 epoch=6100 flow=33 side=new cur=3932169913 next=3958020717 tgt=3995999061 f=0.405 u=0 breach=3 end=converged
CBAP_MIG t=30500000 epoch=6100 flow=35 side=new cur=3932169911 next=3958020716 tgt=3995999061 f=0.405 u=0 breach=3 end=converged
CBAP_MIG t=30500000 epoch=6100 flow=37 side=new cur=3932169864 next=3958020688 tgt=3995999061 f=0.405 u=0 breach=3 end=converged
CBAP_MIG t=30500000 epoch=6100 flow=39 side=new cur=3932169884 next=3958020700 tgt=3995999061 f=0.405 u=0 breach=3 end=converged
CBAP_MIG t=30500000 epoch=6100 flow=40 side=new cur=3932169889 next=3958020703 tgt=3995999061 f=0.405 u=0 breach=3 end=converged
CBAP_MIG t=30500000 epoch=6100 flow=42 side=new cur=3932169927 next=3958020726 tgt=3995999061 f=0.405 u=0 breach=3 end=converged
CBAP_MIG t=30500000 epoch=6100 flow=43 side=new cur=3932170156 next=3958020862 tgt=3995999061 f=0.405 u=0 breach=3 end=converged
CBAP_MIG t=30500000 epoch=6100 flow=45 side=new cur=3932169889 next=3958020703 tgt=3995999061 f=0.405 u=0 breach=3 end=converged
CBAP_MIG t=30500000 epoch=6100 flow=47 side=new cur=3932169964 next=3958020748 tgt=3995999061 f=0.405 u=0 breach=3 end=converged
CBAP_MIG t=30500000 epoch=6100 flow=49 side=new cur=3932169930 next=3958020728 tgt=3995999061 f=0.405 u=0 breach=3 end=converged
CBAP_MIG t=30500000 epoch=6100 flow=50 side=new cur=3932169950 next=3958020739 tgt=3995999061 f=0.405 u=0 breach=3 end=converged
CBAP_MIG t=30500000 epoch=6100 flow=51 side=new cur=3932170130 next=3958020847 tgt=3995999061 f=0.405 u=0 breach=3 end=converged
CBAP_MIG t=30500000 epoch=6100 flow=52 side=new cur=3932170255 next=3958020921 tgt=3995999061 f=0.405 u=0 breach=3 end=converged
CBAP_MIG t=30500000 epoch=6100 flow=54 side=new cur=3932169958 next=3958020744 tgt=3995999061 f=0.405 u=0 breach=3 end=converged
CBAP_MIG t=30500000 epoch=6100 flow=55 side=new cur=3932169905 next=3958020713 tgt=3995999061 f=0.405 u=0 breach=3 end=converged
CBAP_MIG t=30500000 epoch=6100 flow=56 side=new cur=3932169945 next=3958020736 tgt=3995999061 f=0.405 u=0 breach=3 end=converged
CBAP_MIG t=30500000 epoch=6100 flow=58 side=new cur=3932169952 next=3958020741 tgt=3995999061 f=0.405 u=0 breach=3 end=converged
CBAP_MIG t=30500000 epoch=6100 flow=59 side=new cur=3932170143 next=3958020854 tgt=3995999061 f=0.405 u=0 breach=3 end=converged
CBAP_MIG t=30500000 epoch=6100 flow=60 side=new cur=3932169932 next=3958020729 tgt=3995999061 f=0.405 u=0 breach=3 end=converged
CBAP_MIG t=30500000 epoch=6100 flow=61 side=new cur=3932170042 next=3958020794 tgt=3995999061 f=0.405 u=0 breach=3 end=converged
CBAP_MIG t=30500000 epoch=6100 flow=62 side=new cur=3932170195 next=3958020885 tgt=3995999061 f=0.405 u=0 breach=3 end=converged
CBAP_MIG t=30500000 epoch=6100 flow=63 side=new cur=3932169967 next=3958020750 tgt=3995999061 f=0.405 u=0 breach=3 end=converged
CBAP_MIG t=30500000 epoch=6100 flow=64 side=new cur=3932169956 next=3958020743 tgt=3995999061 f=0.405 u=0 breach=3 end=converged
CBAP_MIG_REPLAN t=30535000 reason=active_set_shrank flow=0 batch=0 newest_batch=1 cur=2000328526 target=2000000000 ceiling=190000000000 old_side_present=1
CBAP_MIG_REPLAN t=30535000 reason=active_set_shrank flow=1 batch=1 newest_batch=1 cur=3958020923 target=4077550349 ceiling=200000000000 old_side_present=1
CBAP_MIG_REPLAN t=30535000 reason=active_set_shrank flow=2 batch=1 newest_batch=1 cur=3958020742 target=4077550349 ceiling=200000000000 old_side_present=1
CBAP_MIG_REPLAN t=30535000 reason=active_set_shrank flow=4 batch=1 newest_batch=1 cur=3958020750 target=4077550349 ceiling=200000000000 old_side_present=1
CBAP_MIG_REPLAN t=30535000 reason=active_set_shrank flow=5 batch=1 newest_batch=1 cur=3958020720 target=4077550349 ceiling=200000000000 old_side_present=1
CBAP_MIG_REPLAN t=30535000 reason=active_set_shrank flow=6 batch=1 newest_batch=1 cur=3958020741 target=4077550349 ceiling=200000000000 old_side_present=1
CBAP_MIG_REPLAN t=30535000 reason=active_set_shrank flow=7 batch=1 newest_batch=1 cur=3958020742 target=4077550349 ceiling=200000000000 old_side_present=1
CBAP_MIG_REPLAN t=30535000 reason=active_set_shrank flow=8 batch=1 newest_batch=1 cur=3958020884 target=4077550349 ceiling=200000000000 old_side_present=1
CBAP_MIG_REPLAN t=30535000 reason=active_set_shrank flow=9 batch=1 newest_batch=1 cur=3958020774 target=4077550349 ceiling=200000000000 old_side_present=1
CBAP_MIG_REPLAN t=30535000 reason=active_set_shrank flow=10 batch=1 newest_batch=1 cur=3958020738 target=4077550349 ceiling=200000000000 old_side_present=1
CBAP_MIG_REPLAN t=30535000 reason=active_set_shrank flow=11 batch=1 newest_batch=1 cur=3958020907 target=4077550349 ceiling=200000000000 old_side_present=1
CBAP_MIG_REPLAN t=30535000 reason=active_set_shrank flow=12 batch=1 newest_batch=1 cur=3958020857 target=4077550349 ceiling=200000000000 old_side_present=1
CBAP_MIG_REPLAN t=30535000 reason=active_set_shrank flow=13 batch=1 newest_batch=1 cur=3958020734 target=4077550349 ceiling=200000000000 old_side_present=1
CBAP_MIG_REPLAN t=30535000 reason=active_set_shrank flow=14 batch=1 newest_batch=1 cur=3958020694 target=4077550349 ceiling=200000000000 old_side_present=1
CBAP_MIG_REPLAN t=30535000 reason=active_set_shrank flow=15 batch=1 newest_batch=1 cur=3958020722 target=4077550349 ceiling=200000000000 old_side_present=1
CBAP_MIG_REPLAN t=30535000 reason=active_set_shrank flow=16 batch=1 newest_batch=1 cur=3958020714 target=4077550349 ceiling=200000000000 old_side_present=1
CBAP_MIG_REPLAN t=30535000 reason=active_set_shrank flow=18 batch=1 newest_batch=1 cur=3958020703 target=4077550349 ceiling=200000000000 old_side_present=1
CBAP_MIG_REPLAN t=30535000 reason=active_set_shrank flow=19 batch=1 newest_batch=1 cur=3958020734 target=4077550349 ceiling=200000000000 old_side_present=1
CBAP_MIG_REPLAN t=30535000 reason=active_set_shrank flow=20 batch=1 newest_batch=1 cur=3958020810 target=4077550349 ceiling=200000000000 old_side_present=1
CBAP_MIG_REPLAN t=30535000 reason=active_set_shrank flow=21 batch=1 newest_batch=1 cur=3958020903 target=4077550349 ceiling=200000000000 old_side_present=1
CBAP_MIG_REPLAN t=30535000 reason=active_set_shrank flow=22 batch=1 newest_batch=1 cur=3958020735 target=4077550349 ceiling=200000000000 old_side_present=1
CBAP_MIG_REPLAN t=30535000 reason=active_set_shrank flow=23 batch=1 newest_batch=1 cur=3958020744 target=4077550349 ceiling=200000000000 old_side_present=1
CBAP_MIG_REPLAN t=30535000 reason=active_set_shrank flow=24 batch=1 newest_batch=1 cur=3958020923 target=4077550349 ceiling=200000000000 old_side_present=1
CBAP_MIG_REPLAN t=30535000 reason=active_set_shrank flow=26 batch=1 newest_batch=1 cur=3958020700 target=4077550349 ceiling=200000000000 old_side_present=1
CBAP_MIG_REPLAN t=30535000 reason=active_set_shrank flow=27 batch=1 newest_batch=1 cur=3958020867 target=4077550349 ceiling=200000000000 old_side_present=1
CBAP_MIG_REPLAN t=30535000 reason=active_set_shrank flow=28 batch=1 newest_batch=1 cur=3958020709 target=4077550349 ceiling=200000000000 old_side_present=1
CBAP_MIG_REPLAN t=30535000 reason=active_set_shrank flow=29 batch=1 newest_batch=1 cur=3958020792 target=4077550349 ceiling=200000000000 old_side_present=1
CBAP_MIG_REPLAN t=30535000 reason=active_set_shrank flow=32 batch=1 newest_batch=1 cur=3958020731 target=4077550349 ceiling=200000000000 old_side_present=1
CBAP_MIG_REPLAN t=30535000 reason=active_set_shrank flow=33 batch=1 newest_batch=1 cur=3958020717 target=4077550349 ceiling=200000000000 old_side_present=1
CBAP_MIG_REPLAN t=30535000 reason=active_set_shrank flow=35 batch=1 newest_batch=1 cur=3958020716 target=4077550349 ceiling=200000000000 old_side_present=1
CBAP_MIG_REPLAN t=30535000 reason=active_set_shrank flow=37 batch=1 newest_batch=1 cur=3958020688 target=4077550349 ceiling=200000000000 old_side_present=1
CBAP_MIG_REPLAN t=30535000 reason=active_set_shrank flow=39 batch=1 newest_batch=1 cur=3958020700 target=4077550349 ceiling=200000000000 old_side_present=1
CBAP_MIG_REPLAN t=30535000 reason=active_set_shrank flow=40 batch=1 newest_batch=1 cur=3958020703 target=4077550349 ceiling=200000000000 old_side_present=1
CBAP_MIG_REPLAN t=30535000 reason=active_set_shrank flow=42 batch=1 newest_batch=1 cur=3958020726 target=4077550349 ceiling=200000000000 old_side_present=1
CBAP_MIG_REPLAN t=30535000 reason=active_set_shrank flow=43 batch=1 newest_batch=1 cur=3958020862 target=4077550349 ceiling=200000000000 old_side_present=1
CBAP_MIG_REPLAN t=30535000 reason=active_set_shrank flow=45 batch=1 newest_batch=1 cur=3958020703 target=4077550349 ceiling=200000000000 old_side_present=1
CBAP_MIG_REPLAN t=30535000 reason=active_set_shrank flow=47 batch=1 newest_batch=1 cur=3958020748 target=4077550349 ceiling=200000000000 old_side_present=1
CBAP_MIG_REPLAN t=30535000 reason=active_set_shrank flow=50 batch=1 newest_batch=1 cur=3958020739 target=4077550349 ceiling=200000000000 old_side_present=1
CBAP_MIG_REPLAN t=30535000 reason=active_set_shrank flow=51 batch=1 newest_batch=1 cur=3958020847 target=4077550349 ceiling=200000000000 old_side_present=1
CBAP_MIG_REPLAN t=30535000 reason=active_set_shrank flow=52 batch=1 newest_batch=1 cur=3958020921 target=4077550349 ceiling=200000000000 old_side_present=1
CBAP_MIG_REPLAN t=30535000 reason=active_set_shrank flow=54 batch=1 newest_batch=1 cur=3958020744 target=4077550349 ceiling=200000000000 old_side_present=1
CBAP_MIG_REPLAN t=30535000 reason=active_set_shrank flow=55 batch=1 newest_batch=1 cur=3958020713 target=4077550349 ceiling=200000000000 old_side_present=1
CBAP_MIG_REPLAN t=30535000 reason=active_set_shrank flow=56 batch=1 newest_batch=1 cur=3958020736 target=4077550349 ceiling=200000000000 old_side_present=1
CBAP_MIG_REPLAN t=30535000 reason=active_set_shrank flow=58 batch=1 newest_batch=1 cur=3958020741 target=4077550349 ceiling=200000000000 old_side_present=1
CBAP_MIG_REPLAN t=30535000 reason=active_set_shrank flow=59 batch=1 newest_batch=1 cur=3958020854 target=4077550349 ceiling=200000000000 old_side_present=1
CBAP_MIG_REPLAN t=30535000 reason=active_set_shrank flow=60 batch=1 newest_batch=1 cur=3958020729 target=4077550349 ceiling=200000000000 old_side_present=1
CBAP_MIG_REPLAN t=30535000 reason=active_set_shrank flow=61 batch=1 newest_batch=1 cur=3958020794 target=4077550349 ceiling=200000000000 old_side_present=1
CBAP_MIG_REPLAN t=30535000 reason=active_set_shrank flow=62 batch=1 newest_batch=1 cur=3958020885 target=4077550349 ceiling=200000000000 old_side_present=1
CBAP_MIG_REPLAN t=30535000 reason=active_set_shrank flow=63 batch=1 newest_batch=1 cur=3958020750 target=4077550349 ceiling=200000000000 old_side_present=1
CBAP_MIG_REPLAN t=30535000 reason=active_set_shrank flow=64 batch=1 newest_batch=1 cur=3958020743 target=4077550349 ceiling=200000000000 old_side_present=1
CBAP_MIG t=30535000 epoch=6107 flow=0 side=old cur=2000328526 next=2000229968 tgt=2000000000 f=0.3 u=0 breach=0 end=converged
CBAP_MIG t=30535000 epoch=6107 flow=1 side=new cur=3958020923 next=4006430340 tgt=4077550349 f=0.405 u=0 breach=3 end=
CBAP_MIG t=30535000 epoch=6107 flow=2 side=new cur=3958020742 next=4006430232 tgt=4077550349 f=0.405 u=0 breach=3 end=
CBAP_MIG t=30535000 epoch=6107 flow=4 side=new cur=3958020750 next=4006430237 tgt=4077550349 f=0.405 u=0 breach=3 end=
CBAP_MIG t=30535000 epoch=6107 flow=5 side=new cur=3958020720 next=4006430219 tgt=4077550349 f=0.405 u=0 breach=3 end=
CBAP_MIG t=30535000 epoch=6107 flow=6 side=new cur=3958020741 next=4006430232 tgt=4077550349 f=0.405 u=0 breach=3 end=
CBAP_MIG t=30535000 epoch=6107 flow=7 side=new cur=3958020742 next=4006430232 tgt=4077550349 f=0.405 u=0 breach=3 end=
CBAP_MIG t=30535000 epoch=6107 flow=8 side=new cur=3958020884 next=4006430317 tgt=4077550349 f=0.405 u=0 breach=3 end=
CBAP_MIG t=30535000 epoch=6107 flow=9 side=new cur=3958020774 next=4006430251 tgt=4077550349 f=0.405 u=0 breach=3 end=
CBAP_MIG t=30535000 epoch=6107 flow=10 side=new cur=3958020738 next=4006430230 tgt=4077550349 f=0.405 u=0 breach=3 end=
CBAP_MIG t=30535000 epoch=6107 flow=11 side=new cur=3958020907 next=4006430331 tgt=4077550349 f=0.405 u=0 breach=3 end=
CBAP_MIG t=30535000 epoch=6107 flow=12 side=new cur=3958020857 next=4006430301 tgt=4077550349 f=0.405 u=0 breach=3 end=
CBAP_MIG t=30535000 epoch=6107 flow=13 side=new cur=3958020734 next=4006430228 tgt=4077550349 f=0.405 u=0 breach=3 end=
CBAP_MIG t=30535000 epoch=6107 flow=14 side=new cur=3958020694 next=4006430204 tgt=4077550349 f=0.405 u=0 breach=3 end=
CBAP_MIG t=30535000 epoch=6107 flow=15 side=new cur=3958020722 next=4006430220 tgt=4077550349 f=0.405 u=0 breach=3 end=
CBAP_MIG t=30535000 epoch=6107 flow=16 side=new cur=3958020714 next=4006430216 tgt=4077550349 f=0.405 u=0 breach=3 end=
CBAP_MIG t=30535000 epoch=6107 flow=18 side=new cur=3958020703 next=4006430209 tgt=4077550349 f=0.405 u=0 breach=3 end=
CBAP_MIG t=30535000 epoch=6107 flow=19 side=new cur=3958020734 next=4006430228 tgt=4077550349 f=0.405 u=0 breach=3 end=
CBAP_MIG t=30535000 epoch=6107 flow=20 side=new cur=3958020810 next=4006430273 tgt=4077550349 f=0.405 u=0 breach=3 end=
CBAP_MIG t=30535000 epoch=6107 flow=21 side=new cur=3958020903 next=4006430328 tgt=4077550349 f=0.405 u=0 breach=3 end=
CBAP_MIG t=30535000 epoch=6107 flow=22 side=new cur=3958020735 next=4006430228 tgt=4077550349 f=0.405 u=0 breach=3 end=
CBAP_MIG t=30535000 epoch=6107 flow=23 side=new cur=3958020744 next=4006430234 tgt=4077550349 f=0.405 u=0 breach=3 end=
CBAP_MIG t=30535000 epoch=6107 flow=24 side=new cur=3958020923 next=4006430340 tgt=4077550349 f=0.405 u=0 breach=3 end=
CBAP_MIG t=30535000 epoch=6107 flow=26 side=new cur=3958020700 next=4006430207 tgt=4077550349 f=0.405 u=0 breach=3 end=
CBAP_MIG t=30535000 epoch=6107 flow=27 side=new cur=3958020867 next=4006430307 tgt=4077550349 f=0.405 u=0 breach=3 end=
CBAP_MIG t=30535000 epoch=6107 flow=28 side=new cur=3958020709 next=4006430213 tgt=4077550349 f=0.405 u=0 breach=3 end=
CBAP_MIG t=30535000 epoch=6107 flow=29 side=new cur=3958020792 next=4006430262 tgt=4077550349 f=0.405 u=0 breach=3 end=
CBAP_MIG t=30535000 epoch=6107 flow=32 side=new cur=3958020731 next=4006430226 tgt=4077550349 f=0.405 u=0 breach=3 end=
CBAP_MIG t=30535000 epoch=6107 flow=33 side=new cur=3958020717 next=4006430217 tgt=4077550349 f=0.405 u=0 breach=3 end=
CBAP_MIG t=30535000 epoch=6107 flow=35 side=new cur=3958020716 next=4006430217 tgt=4077550349 f=0.405 u=0 breach=3 end=
CBAP_MIG t=30535000 epoch=6107 flow=37 side=new cur=3958020688 next=4006430200 tgt=4077550349 f=0.405 u=0 breach=3 end=
CBAP_MIG t=30535000 epoch=6107 flow=39 side=new cur=3958020700 next=4006430207 tgt=4077550349 f=0.405 u=0 breach=3 end=
CBAP_MIG t=30535000 epoch=6107 flow=40 side=new cur=3958020703 next=4006430209 tgt=4077550349 f=0.405 u=0 breach=3 end=
CBAP_MIG t=30535000 epoch=6107 flow=42 side=new cur=3958020726 next=4006430223 tgt=4077550349 f=0.405 u=0 breach=3 end=
CBAP_MIG t=30535000 epoch=6107 flow=43 side=new cur=3958020862 next=4006430304 tgt=4077550349 f=0.405 u=0 breach=3 end=
CBAP_MIG t=30535000 epoch=6107 flow=45 side=new cur=3958020703 next=4006430209 tgt=4077550349 f=0.405 u=0 breach=3 end=
CBAP_MIG t=30535000 epoch=6107 flow=47 side=new cur=3958020748 next=4006430236 tgt=4077550349 f=0.405 u=0 breach=3 end=
CBAP_MIG t=30535000 epoch=6107 flow=50 side=new cur=3958020739 next=4006430231 tgt=4077550349 f=0.405 u=0 breach=3 end=
CBAP_MIG t=30535000 epoch=6107 flow=51 side=new cur=3958020847 next=4006430295 tgt=4077550349 f=0.405 u=0 breach=3 end=
CBAP_MIG t=30535000 epoch=6107 flow=52 side=new cur=3958020921 next=4006430339 tgt=4077550349 f=0.405 u=0 breach=3 end=
CBAP_MIG t=30535000 epoch=6107 flow=54 side=new cur=3958020744 next=4006430234 tgt=4077550349 f=0.405 u=0 breach=3 end=
CBAP_MIG t=30535000 epoch=6107 flow=55 side=new cur=3958020713 next=4006430215 tgt=4077550349 f=0.405 u=0 breach=3 end=
CBAP_MIG t=30535000 epoch=6107 flow=56 side=new cur=3958020736 next=4006430229 tgt=4077550349 f=0.405 u=0 breach=3 end=
CBAP_MIG t=30535000 epoch=6107 flow=58 side=new cur=3958020741 next=4006430232 tgt=4077550349 f=0.405 u=0 breach=3 end=
CBAP_MIG t=30535000 epoch=6107 flow=59 side=new cur=3958020854 next=4006430299 tgt=4077550349 f=0.405 u=0 breach=3 end=
CBAP_MIG t=30535000 epoch=6107 flow=60 side=new cur=3958020729 next=4006430225 tgt=4077550349 f=0.405 u=0 breach=3 end=
CBAP_MIG t=30535000 epoch=6107 flow=61 side=new cur=3958020794 next=4006430263 tgt=4077550349 f=0.405 u=0 breach=3 end=
CBAP_MIG t=30535000 epoch=6107 flow=62 side=new cur=3958020885 next=4006430317 tgt=4077550349 f=0.405 u=0 breach=3 end=
CBAP_MIG t=30535000 epoch=6107 flow=63 side=new cur=3958020750 next=4006430237 tgt=4077550349 f=0.405 u=0 breach=3 end=
CBAP_MIG t=30535000 epoch=6107 flow=64 side=new cur=3958020743 next=4006430233 tgt=4077550349 f=0.405 u=0 breach=3 end=
CBAP_MIG t=30540000 epoch=6108 flow=1 side=new cur=4006430340 next=4035233943 tgt=4077550349 f=0.405 u=0 breach=3 end=
CBAP_MIG t=30540000 epoch=6108 flow=2 side=new cur=4006430232 next=4035233879 tgt=4077550349 f=0.405 u=0 breach=3 end=
CBAP_MIG t=30540000 epoch=6108 flow=4 side=new cur=4006430237 next=4035233882 tgt=4077550349 f=0.405 u=0 breach=3 end=
CBAP_MIG t=30540000 epoch=6108 flow=5 side=new cur=4006430219 next=4035233871 tgt=4077550349 f=0.405 u=0 breach=3 end=
CBAP_MIG t=30540000 epoch=6108 flow=6 side=new cur=4006430232 next=4035233879 tgt=4077550349 f=0.405 u=0 breach=3 end=
CBAP_MIG t=30540000 epoch=6108 flow=7 side=new cur=4006430232 next=4035233879 tgt=4077550349 f=0.405 u=0 breach=3 end=
CBAP_MIG t=30540000 epoch=6108 flow=8 side=new cur=4006430317 next=4035233929 tgt=4077550349 f=0.405 u=0 breach=3 end=
CBAP_MIG t=30540000 epoch=6108 flow=9 side=new cur=4006430251 next=4035233890 tgt=4077550349 f=0.405 u=0 breach=3 end=
CBAP_MIG t=30540000 epoch=6108 flow=10 side=new cur=4006430230 next=4035233878 tgt=4077550349 f=0.405 u=0 breach=3 end=
CBAP_MIG t=30540000 epoch=6108 flow=11 side=new cur=4006430331 next=4035233938 tgt=4077550349 f=0.405 u=0 breach=3 end=
CBAP_MIG t=30540000 epoch=6108 flow=12 side=new cur=4006430301 next=4035233920 tgt=4077550349 f=0.405 u=0 breach=3 end=
CBAP_MIG t=30540000 epoch=6108 flow=13 side=new cur=4006430228 next=4035233877 tgt=4077550349 f=0.405 u=0 breach=3 end=
CBAP_MIG t=30540000 epoch=6108 flow=14 side=new cur=4006430204 next=4035233862 tgt=4077550349 f=0.405 u=0 breach=3 end=
CBAP_MIG t=30540000 epoch=6108 flow=15 side=new cur=4006430220 next=4035233872 tgt=4077550349 f=0.405 u=0 breach=3 end=
CBAP_MIG t=30540000 epoch=6108 flow=16 side=new cur=4006430216 next=4035233869 tgt=4077550349 f=0.405 u=0 breach=3 end=
CBAP_MIG t=30540000 epoch=6108 flow=18 side=new cur=4006430209 next=4035233865 tgt=4077550349 f=0.405 u=0 breach=3 end=
CBAP_MIG t=30540000 epoch=6108 flow=19 side=new cur=4006430228 next=4035233877 tgt=4077550349 f=0.405 u=0 breach=3 end=
CBAP_MIG t=30540000 epoch=6108 flow=20 side=new cur=4006430273 next=4035233903 tgt=4077550349 f=0.405 u=0 breach=3 end=
CBAP_MIG t=30540000 epoch=6108 flow=21 side=new cur=4006430328 next=4035233936 tgt=4077550349 f=0.405 u=0 breach=3 end=
CBAP_MIG t=30540000 epoch=6108 flow=22 side=new cur=4006430228 next=4035233877 tgt=4077550349 f=0.405 u=0 breach=3 end=
CBAP_MIG t=30540000 epoch=6108 flow=23 side=new cur=4006430234 next=4035233880 tgt=4077550349 f=0.405 u=0 breach=3 end=
CBAP_MIG t=30540000 epoch=6108 flow=24 side=new cur=4006430340 next=4035233943 tgt=4077550349 f=0.405 u=0 breach=3 end=
CBAP_MIG t=30540000 epoch=6108 flow=26 side=new cur=4006430207 next=4035233864 tgt=4077550349 f=0.405 u=0 breach=3 end=
CBAP_MIG t=30540000 epoch=6108 flow=27 side=new cur=4006430307 next=4035233924 tgt=4077550349 f=0.405 u=0 breach=3 end=
CBAP_MIG t=30540000 epoch=6108 flow=28 side=new cur=4006430213 next=4035233868 tgt=4077550349 f=0.405 u=0 breach=3 end=
CBAP_MIG t=30540000 epoch=6108 flow=29 side=new cur=4006430262 next=4035233897 tgt=4077550349 f=0.405 u=0 breach=3 end=
CBAP_MIG t=30540000 epoch=6108 flow=32 side=new cur=4006430226 next=4035233875 tgt=4077550349 f=0.405 u=0 breach=3 end=
CBAP_MIG t=30540000 epoch=6108 flow=33 side=new cur=4006430217 next=4035233870 tgt=4077550349 f=0.405 u=0 breach=3 end=
CBAP_MIG t=30540000 epoch=6108 flow=35 side=new cur=4006430217 next=4035233870 tgt=4077550349 f=0.405 u=0 breach=3 end=
CBAP_MIG t=30540000 epoch=6108 flow=37 side=new cur=4006430200 next=4035233860 tgt=4077550349 f=0.405 u=0 breach=3 end=
CBAP_MIG t=30540000 epoch=6108 flow=39 side=new cur=4006430207 next=4035233864 tgt=4077550349 f=0.405 u=0 breach=3 end=
CBAP_MIG t=30540000 epoch=6108 flow=40 side=new cur=4006430209 next=4035233865 tgt=4077550349 f=0.405 u=0 breach=3 end=
CBAP_MIG t=30540000 epoch=6108 flow=42 side=new cur=4006430223 next=4035233874 tgt=4077550349 f=0.405 u=0 breach=3 end=
CBAP_MIG t=30540000 epoch=6108 flow=43 side=new cur=4006430304 next=4035233922 tgt=4077550349 f=0.405 u=0 breach=3 end=
CBAP_MIG t=30540000 epoch=6108 flow=45 side=new cur=4006430209 next=4035233865 tgt=4077550349 f=0.405 u=0 breach=3 end=
CBAP_MIG t=30540000 epoch=6108 flow=47 side=new cur=4006430236 next=4035233881 tgt=4077550349 f=0.405 u=0 breach=3 end=
CBAP_MIG t=30540000 epoch=6108 flow=50 side=new cur=4006430231 next=4035233878 tgt=4077550349 f=0.405 u=0 breach=3 end=
CBAP_MIG t=30540000 epoch=6108 flow=51 side=new cur=4006430295 next=4035233916 tgt=4077550349 f=0.405 u=0 breach=3 end=
CBAP_MIG t=30540000 epoch=6108 flow=52 side=new cur=4006430339 next=4035233943 tgt=4077550349 f=0.405 u=0 breach=3 end=
CBAP_MIG t=30540000 epoch=6108 flow=54 side=new cur=4006430234 next=4035233880 tgt=4077550349 f=0.405 u=0 breach=3 end=
CBAP_MIG t=30540000 epoch=6108 flow=55 side=new cur=4006430215 next=4035233869 tgt=4077550349 f=0.405 u=0 breach=3 end=
CBAP_MIG t=30540000 epoch=6108 flow=56 side=new cur=4006430229 next=4035233877 tgt=4077550349 f=0.405 u=0 breach=3 end=
CBAP_MIG t=30540000 epoch=6108 flow=58 side=new cur=4006430232 next=4035233879 tgt=4077550349 f=0.405 u=0 breach=3 end=
CBAP_MIG t=30540000 epoch=6108 flow=59 side=new cur=4006430299 next=4035233919 tgt=4077550349 f=0.405 u=0 breach=3 end=
CBAP_MIG t=30540000 epoch=6108 flow=60 side=new cur=4006430225 next=4035233875 tgt=4077550349 f=0.405 u=0 breach=3 end=
CBAP_MIG t=30540000 epoch=6108 flow=61 side=new cur=4006430263 next=4035233897 tgt=4077550349 f=0.405 u=0 breach=3 end=
CBAP_MIG t=30540000 epoch=6108 flow=62 side=new cur=4006430317 next=4035233929 tgt=4077550349 f=0.405 u=0 breach=3 end=
CBAP_MIG t=30540000 epoch=6108 flow=63 side=new cur=4006430237 next=4035233882 tgt=4077550349 f=0.405 u=0 breach=3 end=
CBAP_MIG t=30540000 epoch=6108 flow=64 side=new cur=4006430233 next=4035233879 tgt=4077550349 f=0.405 u=0 breach=3 end=
CBAP_MIG t=30545000 epoch=6109 flow=1 side=new cur=4035233943 next=4052372087 tgt=4077550349 f=0.405 u=0 breach=3 end=converged
CBAP_MIG t=30545000 epoch=6109 flow=2 side=new cur=4035233879 next=4052372049 tgt=4077550349 f=0.405 u=0 breach=3 end=converged
CBAP_MIG t=30545000 epoch=6109 flow=4 side=new cur=4035233882 next=4052372051 tgt=4077550349 f=0.405 u=0 breach=3 end=converged
CBAP_MIG t=30545000 epoch=6109 flow=5 side=new cur=4035233871 next=4052372044 tgt=4077550349 f=0.405 u=0 breach=3 end=converged
CBAP_MIG t=30545000 epoch=6109 flow=6 side=new cur=4035233879 next=4052372049 tgt=4077550349 f=0.405 u=0 breach=3 end=converged
CBAP_MIG t=30545000 epoch=6109 flow=7 side=new cur=4035233879 next=4052372049 tgt=4077550349 f=0.405 u=0 breach=3 end=converged
CBAP_MIG t=30545000 epoch=6109 flow=8 side=new cur=4035233929 next=4052372079 tgt=4077550349 f=0.405 u=0 breach=3 end=converged
CBAP_MIG t=30545000 epoch=6109 flow=9 side=new cur=4035233890 next=4052372055 tgt=4077550349 f=0.405 u=0 breach=3 end=converged
CBAP_MIG t=30545000 epoch=6109 flow=10 side=new cur=4035233878 next=4052372048 tgt=4077550349 f=0.405 u=0 breach=3 end=converged
CBAP_MIG t=30545000 epoch=6109 flow=11 side=new cur=4035233938 next=4052372084 tgt=4077550349 f=0.405 u=0 breach=3 end=converged
CBAP_MIG t=30545000 epoch=6109 flow=12 side=new cur=4035233920 next=4052372073 tgt=4077550349 f=0.405 u=0 breach=3 end=converged
CBAP_MIG t=30545000 epoch=6109 flow=13 side=new cur=4035233877 next=4052372048 tgt=4077550349 f=0.405 u=0 breach=3 end=converged
CBAP_MIG t=30545000 epoch=6109 flow=14 side=new cur=4035233862 next=4052372039 tgt=4077550349 f=0.405 u=0 breach=3 end=converged
CBAP_MIG t=30545000 epoch=6109 flow=15 side=new cur=4035233872 next=4052372045 tgt=4077550349 f=0.405 u=0 breach=3 end=converged
CBAP_MIG t=30545000 epoch=6109 flow=16 side=new cur=4035233869 next=4052372043 tgt=4077550349 f=0.405 u=0 breach=3 end=converged
CBAP_MIG t=30545000 epoch=6109 flow=18 side=new cur=4035233865 next=4052372041 tgt=4077550349 f=0.405 u=0 breach=3 end=converged
CBAP_MIG t=30545000 epoch=6109 flow=19 side=new cur=4035233877 next=4052372048 tgt=4077550349 f=0.405 u=0 breach=3 end=converged
CBAP_MIG t=30545000 epoch=6109 flow=20 side=new cur=4035233903 next=4052372063 tgt=4077550349 f=0.405 u=0 breach=3 end=converged
CBAP_MIG t=30545000 epoch=6109 flow=21 side=new cur=4035233936 next=4052372083 tgt=4077550349 f=0.405 u=0 breach=3 end=converged
CBAP_MIG t=30545000 epoch=6109 flow=22 side=new cur=4035233877 next=4052372048 tgt=4077550349 f=0.405 u=0 breach=3 end=converged
CBAP_MIG t=30545000 epoch=6109 flow=23 side=new cur=4035233880 next=4052372049 tgt=4077550349 f=0.405 u=0 breach=3 end=converged
CBAP_MIG t=30545000 epoch=6109 flow=24 side=new cur=4035233943 next=4052372087 tgt=4077550349 f=0.405 u=0 breach=3 end=converged
CBAP_MIG t=30545000 epoch=6109 flow=26 side=new cur=4035233864 next=4052372040 tgt=4077550349 f=0.405 u=0 breach=3 end=converged
CBAP_MIG t=30545000 epoch=6109 flow=27 side=new cur=4035233924 next=4052372076 tgt=4077550349 f=0.405 u=0 breach=3 end=converged
CBAP_MIG t=30545000 epoch=6109 flow=28 side=new cur=4035233868 next=4052372042 tgt=4077550349 f=0.405 u=0 breach=3 end=converged
CBAP_MIG t=30545000 epoch=6109 flow=29 side=new cur=4035233897 next=4052372060 tgt=4077550349 f=0.405 u=0 breach=3 end=converged
CBAP_MIG t=30545000 epoch=6109 flow=32 side=new cur=4035233875 next=4052372046 tgt=4077550349 f=0.405 u=0 breach=3 end=converged
CBAP_MIG t=30545000 epoch=6109 flow=33 side=new cur=4035233870 next=4052372043 tgt=4077550349 f=0.405 u=0 breach=3 end=converged
CBAP_MIG t=30545000 epoch=6109 flow=35 side=new cur=4035233870 next=4052372043 tgt=4077550349 f=0.405 u=0 breach=3 end=converged
CBAP_MIG t=30545000 epoch=6109 flow=37 side=new cur=4035233860 next=4052372038 tgt=4077550349 f=0.405 u=0 breach=3 end=converged
CBAP_MIG t=30545000 epoch=6109 flow=39 side=new cur=4035233864 next=4052372040 tgt=4077550349 f=0.405 u=0 breach=3 end=converged
CBAP_MIG t=30545000 epoch=6109 flow=40 side=new cur=4035233865 next=4052372041 tgt=4077550349 f=0.405 u=0 breach=3 end=converged
CBAP_MIG t=30545000 epoch=6109 flow=42 side=new cur=4035233874 next=4052372046 tgt=4077550349 f=0.405 u=0 breach=3 end=converged
CBAP_MIG t=30545000 epoch=6109 flow=43 side=new cur=4035233922 next=4052372074 tgt=4077550349 f=0.405 u=0 breach=3 end=converged
CBAP_MIG t=30545000 epoch=6109 flow=45 side=new cur=4035233865 next=4052372041 tgt=4077550349 f=0.405 u=0 breach=3 end=converged
CBAP_MIG t=30545000 epoch=6109 flow=47 side=new cur=4035233881 next=4052372050 tgt=4077550349 f=0.405 u=0 breach=3 end=converged
CBAP_MIG t=30545000 epoch=6109 flow=50 side=new cur=4035233878 next=4052372048 tgt=4077550349 f=0.405 u=0 breach=3 end=converged
CBAP_MIG t=30545000 epoch=6109 flow=51 side=new cur=4035233916 next=4052372071 tgt=4077550349 f=0.405 u=0 breach=3 end=converged
CBAP_MIG t=30545000 epoch=6109 flow=52 side=new cur=4035233943 next=4052372087 tgt=4077550349 f=0.405 u=0 breach=3 end=converged
CBAP_MIG t=30545000 epoch=6109 flow=54 side=new cur=4035233880 next=4052372049 tgt=4077550349 f=0.405 u=0 breach=3 end=converged
CBAP_MIG t=30545000 epoch=6109 flow=55 side=new cur=4035233869 next=4052372043 tgt=4077550349 f=0.405 u=0 breach=3 end=converged
CBAP_MIG t=30545000 epoch=6109 flow=56 side=new cur=4035233877 next=4052372048 tgt=4077550349 f=0.405 u=0 breach=3 end=converged
CBAP_MIG t=30545000 epoch=6109 flow=58 side=new cur=4035233879 next=4052372049 tgt=4077550349 f=0.405 u=0 breach=3 end=converged
CBAP_MIG t=30545000 epoch=6109 flow=59 side=new cur=4035233919 next=4052372073 tgt=4077550349 f=0.405 u=0 breach=3 end=converged
CBAP_MIG t=30545000 epoch=6109 flow=60 side=new cur=4035233875 next=4052372046 tgt=4077550349 f=0.405 u=0 breach=3 end=converged
CBAP_MIG t=30545000 epoch=6109 flow=61 side=new cur=4035233897 next=4052372060 tgt=4077550349 f=0.405 u=0 breach=3 end=converged
CBAP_MIG t=30545000 epoch=6109 flow=62 side=new cur=4035233929 next=4052372079 tgt=4077550349 f=0.405 u=0 breach=3 end=converged
CBAP_MIG t=30545000 epoch=6109 flow=63 side=new cur=4035233882 next=4052372051 tgt=4077550349 f=0.405 u=0 breach=3 end=converged
CBAP_MIG t=30545000 epoch=6109 flow=64 side=new cur=4035233879 next=4052372049 tgt=4077550349 f=0.405 u=0 breach=3 end=converged
CBAP_MIG_REPLAN t=30555000 reason=active_set_shrank flow=0 batch=0 newest_batch=1 cur=2000229968 target=2000000000 ceiling=190000000000 old_side_present=1
CBAP_MIG_REPLAN t=30555000 reason=active_set_shrank flow=1 batch=1 newest_batch=1 cur=4052372087 target=4336169723 ceiling=200000000000 old_side_present=1
CBAP_MIG_REPLAN t=30555000 reason=active_set_shrank flow=2 batch=1 newest_batch=1 cur=4052372049 target=4336169723 ceiling=200000000000 old_side_present=1
CBAP_MIG_REPLAN t=30555000 reason=active_set_shrank flow=4 batch=1 newest_batch=1 cur=4052372051 target=4336169723 ceiling=200000000000 old_side_present=1
CBAP_MIG_REPLAN t=30555000 reason=active_set_shrank flow=5 batch=1 newest_batch=1 cur=4052372044 target=4336169723 ceiling=200000000000 old_side_present=1
CBAP_MIG_REPLAN t=30555000 reason=active_set_shrank flow=6 batch=1 newest_batch=1 cur=4052372049 target=4336169723 ceiling=200000000000 old_side_present=1
CBAP_MIG_REPLAN t=30555000 reason=active_set_shrank flow=7 batch=1 newest_batch=1 cur=4052372049 target=4336169723 ceiling=200000000000 old_side_present=1
CBAP_MIG_REPLAN t=30555000 reason=active_set_shrank flow=8 batch=1 newest_batch=1 cur=4052372079 target=4336169723 ceiling=200000000000 old_side_present=1
CBAP_MIG_REPLAN t=30555000 reason=active_set_shrank flow=9 batch=1 newest_batch=1 cur=4052372055 target=4336169723 ceiling=200000000000 old_side_present=1
CBAP_MIG_REPLAN t=30555000 reason=active_set_shrank flow=10 batch=1 newest_batch=1 cur=4052372048 target=4336169723 ceiling=200000000000 old_side_present=1
CBAP_MIG_REPLAN t=30555000 reason=active_set_shrank flow=11 batch=1 newest_batch=1 cur=4052372084 target=4336169723 ceiling=200000000000 old_side_present=1
CBAP_MIG_REPLAN t=30555000 reason=active_set_shrank flow=12 batch=1 newest_batch=1 cur=4052372073 target=4336169723 ceiling=200000000000 old_side_present=1
CBAP_MIG_REPLAN t=30555000 reason=active_set_shrank flow=13 batch=1 newest_batch=1 cur=4052372048 target=4336169723 ceiling=200000000000 old_side_present=1
CBAP_MIG_REPLAN t=30555000 reason=active_set_shrank flow=14 batch=1 newest_batch=1 cur=4052372039 target=4336169723 ceiling=200000000000 old_side_present=1
CBAP_MIG_REPLAN t=30555000 reason=active_set_shrank flow=16 batch=1 newest_batch=1 cur=4052372043 target=4336169723 ceiling=200000000000 old_side_present=1
CBAP_MIG_REPLAN t=30555000 reason=active_set_shrank flow=18 batch=1 newest_batch=1 cur=4052372041 target=4336169723 ceiling=200000000000 old_side_present=1
CBAP_MIG_REPLAN t=30555000 reason=active_set_shrank flow=19 batch=1 newest_batch=1 cur=4052372048 target=4336169723 ceiling=200000000000 old_side_present=1
CBAP_MIG_REPLAN t=30555000 reason=active_set_shrank flow=20 batch=1 newest_batch=1 cur=4052372063 target=4336169723 ceiling=200000000000 old_side_present=1
CBAP_MIG_REPLAN t=30555000 reason=active_set_shrank flow=21 batch=1 newest_batch=1 cur=4052372083 target=4336169723 ceiling=200000000000 old_side_present=1
CBAP_MIG_REPLAN t=30555000 reason=active_set_shrank flow=22 batch=1 newest_batch=1 cur=4052372048 target=4336169723 ceiling=200000000000 old_side_present=1
CBAP_MIG_REPLAN t=30555000 reason=active_set_shrank flow=23 batch=1 newest_batch=1 cur=4052372049 target=4336169723 ceiling=200000000000 old_side_present=1
CBAP_MIG_REPLAN t=30555000 reason=active_set_shrank flow=26 batch=1 newest_batch=1 cur=4052372040 target=4336169723 ceiling=200000000000 old_side_present=1
CBAP_MIG_REPLAN t=30555000 reason=active_set_shrank flow=27 batch=1 newest_batch=1 cur=4052372076 target=4336169723 ceiling=200000000000 old_side_present=1
CBAP_MIG_REPLAN t=30555000 reason=active_set_shrank flow=28 batch=1 newest_batch=1 cur=4052372042 target=4336169723 ceiling=200000000000 old_side_present=1
CBAP_MIG_REPLAN t=30555000 reason=active_set_shrank flow=29 batch=1 newest_batch=1 cur=4052372060 target=4336169723 ceiling=200000000000 old_side_present=1
CBAP_MIG_REPLAN t=30555000 reason=active_set_shrank flow=32 batch=1 newest_batch=1 cur=4052372046 target=4336169723 ceiling=200000000000 old_side_present=1
CBAP_MIG_REPLAN t=30555000 reason=active_set_shrank flow=33 batch=1 newest_batch=1 cur=4052372043 target=4336169723 ceiling=200000000000 old_side_present=1
CBAP_MIG_REPLAN t=30555000 reason=active_set_shrank flow=35 batch=1 newest_batch=1 cur=4052372043 target=4336169723 ceiling=200000000000 old_side_present=1
CBAP_MIG_REPLAN t=30555000 reason=active_set_shrank flow=37 batch=1 newest_batch=1 cur=4052372038 target=4336169723 ceiling=200000000000 old_side_present=1
CBAP_MIG_REPLAN t=30555000 reason=active_set_shrank flow=39 batch=1 newest_batch=1 cur=4052372040 target=4336169723 ceiling=200000000000 old_side_present=1
CBAP_MIG_REPLAN t=30555000 reason=active_set_shrank flow=40 batch=1 newest_batch=1 cur=4052372041 target=4336169723 ceiling=200000000000 old_side_present=1
CBAP_MIG_REPLAN t=30555000 reason=active_set_shrank flow=42 batch=1 newest_batch=1 cur=4052372046 target=4336169723 ceiling=200000000000 old_side_present=1
CBAP_MIG_REPLAN t=30555000 reason=active_set_shrank flow=43 batch=1 newest_batch=1 cur=4052372074 target=4336169723 ceiling=200000000000 old_side_present=1
CBAP_MIG_REPLAN t=30555000 reason=active_set_shrank flow=45 batch=1 newest_batch=1 cur=4052372041 target=4336169723 ceiling=200000000000 old_side_present=1
CBAP_MIG_REPLAN t=30555000 reason=active_set_shrank flow=47 batch=1 newest_batch=1 cur=4052372050 target=4336169723 ceiling=200000000000 old_side_present=1
CBAP_MIG_REPLAN t=30555000 reason=active_set_shrank flow=50 batch=1 newest_batch=1 cur=4052372048 target=4336169723 ceiling=200000000000 old_side_present=1
CBAP_MIG_REPLAN t=30555000 reason=active_set_shrank flow=51 batch=1 newest_batch=1 cur=4052372071 target=4336169723 ceiling=200000000000 old_side_present=1
CBAP_MIG_REPLAN t=30555000 reason=active_set_shrank flow=52 batch=1 newest_batch=1 cur=4052372087 target=4336169723 ceiling=200000000000 old_side_present=1
CBAP_MIG_REPLAN t=30555000 reason=active_set_shrank flow=54 batch=1 newest_batch=1 cur=4052372049 target=4336169723 ceiling=200000000000 old_side_present=1
CBAP_MIG_REPLAN t=30555000 reason=active_set_shrank flow=55 batch=1 newest_batch=1 cur=4052372043 target=4336169723 ceiling=200000000000 old_side_present=1
CBAP_MIG_REPLAN t=30555000 reason=active_set_shrank flow=56 batch=1 newest_batch=1 cur=4052372048 target=4336169723 ceiling=200000000000 old_side_present=1
CBAP_MIG_REPLAN t=30555000 reason=active_set_shrank flow=58 batch=1 newest_batch=1 cur=4052372049 target=4336169723 ceiling=200000000000 old_side_present=1
CBAP_MIG_REPLAN t=30555000 reason=active_set_shrank flow=59 batch=1 newest_batch=1 cur=4052372073 target=4336169723 ceiling=200000000000 old_side_present=1
CBAP_MIG_REPLAN t=30555000 reason=active_set_shrank flow=60 batch=1 newest_batch=1 cur=4052372046 target=4336169723 ceiling=200000000000 old_side_present=1
CBAP_MIG_REPLAN t=30555000 reason=active_set_shrank flow=61 batch=1 newest_batch=1 cur=4052372060 target=4336169723 ceiling=200000000000 old_side_present=1
CBAP_MIG_REPLAN t=30555000 reason=active_set_shrank flow=62 batch=1 newest_batch=1 cur=4052372079 target=4336169723 ceiling=200000000000 old_side_present=1
CBAP_MIG_REPLAN t=30555000 reason=active_set_shrank flow=63 batch=1 newest_batch=1 cur=4052372051 target=4336169723 ceiling=200000000000 old_side_present=1
CBAP_MIG_REPLAN t=30555000 reason=active_set_shrank flow=64 batch=1 newest_batch=1 cur=4052372049 target=4336169723 ceiling=200000000000 old_side_present=1
CBAP_MIG t=30555000 epoch=6111 flow=0 side=old cur=2000229968 next=2000160977 tgt=2000000000 f=0.3 u=0 breach=0 end=converged
CBAP_MIG t=30555000 epoch=6111 flow=1 side=new cur=4052372087 next=4167310129 tgt=4336169723 f=0.405 u=0 breach=3 end=
CBAP_MIG t=30555000 epoch=6111 flow=2 side=new cur=4052372049 next=4167310106 tgt=4336169723 f=0.405 u=0 breach=3 end=
CBAP_MIG t=30555000 epoch=6111 flow=4 side=new cur=4052372051 next=4167310108 tgt=4336169723 f=0.405 u=0 breach=3 end=
CBAP_MIG t=30555000 epoch=6111 flow=5 side=new cur=4052372044 next=4167310103 tgt=4336169723 f=0.405 u=0 breach=3 end=
CBAP_MIG t=30555000 epoch=6111 flow=6 side=new cur=4052372049 next=4167310106 tgt=4336169723 f=0.405 u=0 breach=3 end=
CBAP_MIG t=30555000 epoch=6111 flow=7 side=new cur=4052372049 next=4167310106 tgt=4336169723 f=0.405 u=0 breach=3 end=
CBAP_MIG t=30555000 epoch=6111 flow=8 side=new cur=4052372079 next=4167310124 tgt=4336169723 f=0.405 u=0 breach=3 end=
CBAP_MIG t=30555000 epoch=6111 flow=9 side=new cur=4052372055 next=4167310110 tgt=4336169723 f=0.405 u=0 breach=3 end=
CBAP_MIG t=30555000 epoch=6111 flow=10 side=new cur=4052372048 next=4167310106 tgt=4336169723 f=0.405 u=0 breach=3 end=
CBAP_MIG t=30555000 epoch=6111 flow=11 side=new cur=4052372084 next=4167310127 tgt=4336169723 f=0.405 u=0 breach=3 end=
CBAP_MIG t=30555000 epoch=6111 flow=12 side=new cur=4052372073 next=4167310121 tgt=4336169723 f=0.405 u=0 breach=3 end=
CBAP_MIG t=30555000 epoch=6111 flow=13 side=new cur=4052372048 next=4167310106 tgt=4336169723 f=0.405 u=0 breach=3 end=
CBAP_MIG t=30555000 epoch=6111 flow=14 side=new cur=4052372039 next=4167310101 tgt=4336169723 f=0.405 u=0 breach=3 end=
CBAP_MIG t=30555000 epoch=6111 flow=16 side=new cur=4052372043 next=4167310103 tgt=4336169723 f=0.405 u=0 breach=3 end=
CBAP_MIG t=30555000 epoch=6111 flow=18 side=new cur=4052372041 next=4167310102 tgt=4336169723 f=0.405 u=0 breach=3 end=
CBAP_MIG t=30555000 epoch=6111 flow=19 side=new cur=4052372048 next=4167310106 tgt=4336169723 f=0.405 u=0 breach=3 end=
CBAP_MIG t=30555000 epoch=6111 flow=20 side=new cur=4052372063 next=4167310115 tgt=4336169723 f=0.405 u=0 breach=3 end=
CBAP_MIG t=30555000 epoch=6111 flow=21 side=new cur=4052372083 next=4167310127 tgt=4336169723 f=0.405 u=0 breach=3 end=
CBAP_MIG t=30555000 epoch=6111 flow=22 side=new cur=4052372048 next=4167310106 tgt=4336169723 f=0.405 u=0 breach=3 end=
CBAP_MIG t=30555000 epoch=6111 flow=23 side=new cur=4052372049 next=4167310106 tgt=4336169723 f=0.405 u=0 breach=3 end=
CBAP_MIG t=30555000 epoch=6111 flow=26 side=new cur=4052372040 next=4167310101 tgt=4336169723 f=0.405 u=0 breach=3 end=
CBAP_MIG t=30555000 epoch=6111 flow=27 side=new cur=4052372076 next=4167310123 tgt=4336169723 f=0.405 u=0 breach=3 end=
CBAP_MIG t=30555000 epoch=6111 flow=28 side=new cur=4052372042 next=4167310102 tgt=4336169723 f=0.405 u=0 breach=3 end=
CBAP_MIG t=30555000 epoch=6111 flow=29 side=new cur=4052372060 next=4167310113 tgt=4336169723 f=0.405 u=0 breach=3 end=
CBAP_MIG t=30555000 epoch=6111 flow=32 side=new cur=4052372046 next=4167310105 tgt=4336169723 f=0.405 u=0 breach=3 end=
CBAP_MIG t=30555000 epoch=6111 flow=33 side=new cur=4052372043 next=4167310103 tgt=4336169723 f=0.405 u=0 breach=3 end=
CBAP_MIG t=30555000 epoch=6111 flow=35 side=new cur=4052372043 next=4167310103 tgt=4336169723 f=0.405 u=0 breach=3 end=
CBAP_MIG t=30555000 epoch=6111 flow=37 side=new cur=4052372038 next=4167310100 tgt=4336169723 f=0.405 u=0 breach=3 end=
CBAP_MIG t=30555000 epoch=6111 flow=39 side=new cur=4052372040 next=4167310101 tgt=4336169723 f=0.405 u=0 breach=3 end=
CBAP_MIG t=30555000 epoch=6111 flow=40 side=new cur=4052372041 next=4167310102 tgt=4336169723 f=0.405 u=0 breach=3 end=
CBAP_MIG t=30555000 epoch=6111 flow=42 side=new cur=4052372046 next=4167310105 tgt=4336169723 f=0.405 u=0 breach=3 end=
CBAP_MIG t=30555000 epoch=6111 flow=43 side=new cur=4052372074 next=4167310121 tgt=4336169723 f=0.405 u=0 breach=3 end=
CBAP_MIG t=30555000 epoch=6111 flow=45 side=new cur=4052372041 next=4167310102 tgt=4336169723 f=0.405 u=0 breach=3 end=
CBAP_MIG t=30555000 epoch=6111 flow=47 side=new cur=4052372050 next=4167310107 tgt=4336169723 f=0.405 u=0 breach=3 end=
CBAP_MIG t=30555000 epoch=6111 flow=50 side=new cur=4052372048 next=4167310106 tgt=4336169723 f=0.405 u=0 breach=3 end=
CBAP_MIG t=30555000 epoch=6111 flow=51 side=new cur=4052372071 next=4167310120 tgt=4336169723 f=0.405 u=0 breach=3 end=
CBAP_MIG t=30555000 epoch=6111 flow=52 side=new cur=4052372087 next=4167310129 tgt=4336169723 f=0.405 u=0 breach=3 end=
CBAP_MIG t=30555000 epoch=6111 flow=54 side=new cur=4052372049 next=4167310106 tgt=4336169723 f=0.405 u=0 breach=3 end=
CBAP_MIG t=30555000 epoch=6111 flow=55 side=new cur=4052372043 next=4167310103 tgt=4336169723 f=0.405 u=0 breach=3 end=
CBAP_MIG t=30555000 epoch=6111 flow=56 side=new cur=4052372048 next=4167310106 tgt=4336169723 f=0.405 u=0 breach=3 end=
CBAP_MIG t=30555000 epoch=6111 flow=58 side=new cur=4052372049 next=4167310106 tgt=4336169723 f=0.405 u=0 breach=3 end=
CBAP_MIG t=30555000 epoch=6111 flow=59 side=new cur=4052372073 next=4167310121 tgt=4336169723 f=0.405 u=0 breach=3 end=
CBAP_MIG t=30555000 epoch=6111 flow=60 side=new cur=4052372046 next=4167310105 tgt=4336169723 f=0.405 u=0 breach=3 end=
CBAP_MIG t=30555000 epoch=6111 flow=61 side=new cur=4052372060 next=4167310113 tgt=4336169723 f=0.405 u=0 breach=3 end=
CBAP_MIG t=30555000 epoch=6111 flow=62 side=new cur=4052372079 next=4167310124 tgt=4336169723 f=0.405 u=0 breach=3 end=
CBAP_MIG t=30555000 epoch=6111 flow=63 side=new cur=4052372051 next=4167310108 tgt=4336169723 f=0.405 u=0 breach=3 end=
CBAP_MIG t=30555000 epoch=6111 flow=64 side=new cur=4052372049 next=4167310106 tgt=4336169723 f=0.405 u=0 breach=3 end=
CBAP_MIG t=30560000 epoch=6112 flow=1 side=new cur=4167310129 next=4235698264 tgt=4336169723 f=0.405 u=0 breach=3 end=
CBAP_MIG t=30560000 epoch=6112 flow=2 side=new cur=4167310106 next=4235698250 tgt=4336169723 f=0.405 u=0 breach=3 end=
CBAP_MIG t=30560000 epoch=6112 flow=4 side=new cur=4167310108 next=4235698252 tgt=4336169723 f=0.405 u=0 breach=3 end=
CBAP_MIG t=30560000 epoch=6112 flow=5 side=new cur=4167310103 next=4235698249 tgt=4336169723 f=0.405 u=0 breach=3 end=
CBAP_MIG t=30560000 epoch=6112 flow=6 side=new cur=4167310106 next=4235698250 tgt=4336169723 f=0.405 u=0 breach=3 end=
CBAP_MIG t=30560000 epoch=6112 flow=7 side=new cur=4167310106 next=4235698250 tgt=4336169723 f=0.405 u=0 breach=3 end=
CBAP_MIG t=30560000 epoch=6112 flow=8 side=new cur=4167310124 next=4235698261 tgt=4336169723 f=0.405 u=0 breach=3 end=
CBAP_MIG t=30560000 epoch=6112 flow=9 side=new cur=4167310110 next=4235698253 tgt=4336169723 f=0.405 u=0 breach=3 end=
CBAP_MIG t=30560000 epoch=6112 flow=10 side=new cur=4167310106 next=4235698250 tgt=4336169723 f=0.405 u=0 breach=3 end=
CBAP_MIG t=30560000 epoch=6112 flow=11 side=new cur=4167310127 next=4235698263 tgt=4336169723 f=0.405 u=0 breach=3 end=
CBAP_MIG t=30560000 epoch=6112 flow=12 side=new cur=4167310121 next=4235698259 tgt=4336169723 f=0.405 u=0 breach=3 end=
CBAP_MIG t=30560000 epoch=6112 flow=13 side=new cur=4167310106 next=4235698250 tgt=4336169723 f=0.405 u=0 breach=3 end=
CBAP_MIG t=30560000 epoch=6112 flow=14 side=new cur=4167310101 next=4235698247 tgt=4336169723 f=0.405 u=0 breach=3 end=
CBAP_MIG t=30560000 epoch=6112 flow=16 side=new cur=4167310103 next=4235698249 tgt=4336169723 f=0.405 u=0 breach=3 end=
CBAP_MIG t=30560000 epoch=6112 flow=18 side=new cur=4167310102 next=4235698248 tgt=4336169723 f=0.405 u=0 breach=3 end=
CBAP_MIG t=30560000 epoch=6112 flow=19 side=new cur=4167310106 next=4235698250 tgt=4336169723 f=0.405 u=0 breach=3 end=
CBAP_MIG t=30560000 epoch=6112 flow=20 side=new cur=4167310115 next=4235698256 tgt=4336169723 f=0.405 u=0 breach=3 end=
CBAP_MIG t=30560000 epoch=6112 flow=21 side=new cur=4167310127 next=4235698263 tgt=4336169723 f=0.405 u=0 breach=3 end=
CBAP_MIG t=30560000 epoch=6112 flow=22 side=new cur=4167310106 next=4235698250 tgt=4336169723 f=0.405 u=0 breach=3 end=
CBAP_MIG t=30560000 epoch=6112 flow=23 side=new cur=4167310106 next=4235698250 tgt=4336169723 f=0.405 u=0 breach=3 end=
CBAP_MIG t=30560000 epoch=6112 flow=26 side=new cur=4167310101 next=4235698247 tgt=4336169723 f=0.405 u=0 breach=3 end=
CBAP_MIG t=30560000 epoch=6112 flow=27 side=new cur=4167310123 next=4235698260 tgt=4336169723 f=0.405 u=0 breach=3 end=
CBAP_MIG t=30560000 epoch=6112 flow=28 side=new cur=4167310102 next=4235698248 tgt=4336169723 f=0.405 u=0 breach=3 end=
CBAP_MIG t=30560000 epoch=6112 flow=29 side=new cur=4167310113 next=4235698255 tgt=4336169723 f=0.405 u=0 breach=3 end=
CBAP_MIG t=30560000 epoch=6112 flow=32 side=new cur=4167310105 next=4235698250 tgt=4336169723 f=0.405 u=0 breach=3 end=
CBAP_MIG t=30560000 epoch=6112 flow=33 side=new cur=4167310103 next=4235698249 tgt=4336169723 f=0.405 u=0 breach=3 end=
CBAP_MIG t=30560000 epoch=6112 flow=35 side=new cur=4167310103 next=4235698249 tgt=4336169723 f=0.405 u=0 breach=3 end=
CBAP_MIG t=30560000 epoch=6112 flow=37 side=new cur=4167310100 next=4235698247 tgt=4336169723 f=0.405 u=0 breach=3 end=
CBAP_MIG t=30560000 epoch=6112 flow=39 side=new cur=4167310101 next=4235698247 tgt=4336169723 f=0.405 u=0 breach=3 end=
CBAP_MIG t=30560000 epoch=6112 flow=40 side=new cur=4167310102 next=4235698248 tgt=4336169723 f=0.405 u=0 breach=3 end=
CBAP_MIG t=30560000 epoch=6112 flow=42 side=new cur=4167310105 next=4235698250 tgt=4336169723 f=0.405 u=0 breach=3 end=
CBAP_MIG t=30560000 epoch=6112 flow=43 side=new cur=4167310121 next=4235698259 tgt=4336169723 f=0.405 u=0 breach=3 end=
CBAP_MIG t=30560000 epoch=6112 flow=45 side=new cur=4167310102 next=4235698248 tgt=4336169723 f=0.405 u=0 breach=3 end=
CBAP_MIG t=30560000 epoch=6112 flow=47 side=new cur=4167310107 next=4235698251 tgt=4336169723 f=0.405 u=0 breach=3 end=
CBAP_MIG t=30560000 epoch=6112 flow=50 side=new cur=4167310106 next=4235698250 tgt=4336169723 f=0.405 u=0 breach=3 end=
CBAP_MIG t=30560000 epoch=6112 flow=51 side=new cur=4167310120 next=4235698259 tgt=4336169723 f=0.405 u=0 breach=3 end=
CBAP_MIG t=30560000 epoch=6112 flow=52 side=new cur=4167310129 next=4235698264 tgt=4336169723 f=0.405 u=0 breach=3 end=
CBAP_MIG t=30560000 epoch=6112 flow=54 side=new cur=4167310106 next=4235698250 tgt=4336169723 f=0.405 u=0 breach=3 end=
CBAP_MIG t=30560000 epoch=6112 flow=55 side=new cur=4167310103 next=4235698249 tgt=4336169723 f=0.405 u=0 breach=3 end=
CBAP_MIG t=30560000 epoch=6112 flow=56 side=new cur=4167310106 next=4235698250 tgt=4336169723 f=0.405 u=0 breach=3 end=
CBAP_MIG t=30560000 epoch=6112 flow=58 side=new cur=4167310106 next=4235698250 tgt=4336169723 f=0.405 u=0 breach=3 end=
CBAP_MIG t=30560000 epoch=6112 flow=59 side=new cur=4167310121 next=4235698259 tgt=4336169723 f=0.405 u=0 breach=3 end=
CBAP_MIG t=30560000 epoch=6112 flow=60 side=new cur=4167310105 next=4235698250 tgt=4336169723 f=0.405 u=0 breach=3 end=
CBAP_MIG t=30560000 epoch=6112 flow=61 side=new cur=4167310113 next=4235698255 tgt=4336169723 f=0.405 u=0 breach=3 end=
CBAP_MIG t=30560000 epoch=6112 flow=62 side=new cur=4167310124 next=4235698261 tgt=4336169723 f=0.405 u=0 breach=3 end=
CBAP_MIG t=30560000 epoch=6112 flow=63 side=new cur=4167310108 next=4235698252 tgt=4336169723 f=0.405 u=0 breach=3 end=
CBAP_MIG t=30560000 epoch=6112 flow=64 side=new cur=4167310106 next=4235698250 tgt=4336169723 f=0.405 u=0 breach=3 end=
CBAP_MIG_REPLAN t=30565000 reason=active_set_shrank flow=0 batch=0 newest_batch=1 cur=2000160977 target=2000000000 ceiling=190000000000 old_side_present=1
CBAP_MIG_REPLAN t=30565000 reason=active_set_shrank flow=1 batch=1 newest_batch=1 cur=4235698264 target=4343477910 ceiling=200000000000 old_side_present=1
CBAP_MIG_REPLAN t=30565000 reason=active_set_shrank flow=2 batch=1 newest_batch=1 cur=4235698250 target=4343477910 ceiling=200000000000 old_side_present=1
CBAP_MIG_REPLAN t=30565000 reason=active_set_shrank flow=4 batch=1 newest_batch=1 cur=4235698252 target=4343477910 ceiling=200000000000 old_side_present=1
CBAP_MIG_REPLAN t=30565000 reason=active_set_shrank flow=5 batch=1 newest_batch=1 cur=4235698249 target=4343477910 ceiling=200000000000 old_side_present=1
CBAP_MIG_REPLAN t=30565000 reason=active_set_shrank flow=7 batch=1 newest_batch=1 cur=4235698250 target=4343477910 ceiling=200000000000 old_side_present=1
CBAP_MIG_REPLAN t=30565000 reason=active_set_shrank flow=8 batch=1 newest_batch=1 cur=4235698261 target=4343477910 ceiling=200000000000 old_side_present=1
CBAP_MIG_REPLAN t=30565000 reason=active_set_shrank flow=9 batch=1 newest_batch=1 cur=4235698253 target=4343477910 ceiling=200000000000 old_side_present=1
CBAP_MIG_REPLAN t=30565000 reason=active_set_shrank flow=10 batch=1 newest_batch=1 cur=4235698250 target=4343477910 ceiling=200000000000 old_side_present=1
CBAP_MIG_REPLAN t=30565000 reason=active_set_shrank flow=11 batch=1 newest_batch=1 cur=4235698263 target=4343477910 ceiling=200000000000 old_side_present=1
CBAP_MIG_REPLAN t=30565000 reason=active_set_shrank flow=12 batch=1 newest_batch=1 cur=4235698259 target=4343477910 ceiling=200000000000 old_side_present=1
CBAP_MIG_REPLAN t=30565000 reason=active_set_shrank flow=13 batch=1 newest_batch=1 cur=4235698250 target=4343477910 ceiling=200000000000 old_side_present=1
CBAP_MIG_REPLAN t=30565000 reason=active_set_shrank flow=14 batch=1 newest_batch=1 cur=4235698247 target=4343477910 ceiling=200000000000 old_side_present=1
CBAP_MIG_REPLAN t=30565000 reason=active_set_shrank flow=16 batch=1 newest_batch=1 cur=4235698249 target=4343477910 ceiling=200000000000 old_side_present=1
CBAP_MIG_REPLAN t=30565000 reason=active_set_shrank flow=18 batch=1 newest_batch=1 cur=4235698248 target=4343477910 ceiling=200000000000 old_side_present=1
CBAP_MIG_REPLAN t=30565000 reason=active_set_shrank flow=19 batch=1 newest_batch=1 cur=4235698250 target=4343477910 ceiling=200000000000 old_side_present=1
CBAP_MIG_REPLAN t=30565000 reason=active_set_shrank flow=20 batch=1 newest_batch=1 cur=4235698256 target=4343477910 ceiling=200000000000 old_side_present=1
CBAP_MIG_REPLAN t=30565000 reason=active_set_shrank flow=21 batch=1 newest_batch=1 cur=4235698263 target=4343477910 ceiling=200000000000 old_side_present=1
CBAP_MIG_REPLAN t=30565000 reason=active_set_shrank flow=22 batch=1 newest_batch=1 cur=4235698250 target=4343477910 ceiling=200000000000 old_side_present=1
CBAP_MIG_REPLAN t=30565000 reason=active_set_shrank flow=23 batch=1 newest_batch=1 cur=4235698250 target=4343477910 ceiling=200000000000 old_side_present=1
CBAP_MIG_REPLAN t=30565000 reason=active_set_shrank flow=26 batch=1 newest_batch=1 cur=4235698247 target=4343477910 ceiling=200000000000 old_side_present=1
CBAP_MIG_REPLAN t=30565000 reason=active_set_shrank flow=27 batch=1 newest_batch=1 cur=4235698260 target=4343477910 ceiling=200000000000 old_side_present=1
CBAP_MIG_REPLAN t=30565000 reason=active_set_shrank flow=28 batch=1 newest_batch=1 cur=4235698248 target=4343477910 ceiling=200000000000 old_side_present=1
CBAP_MIG_REPLAN t=30565000 reason=active_set_shrank flow=29 batch=1 newest_batch=1 cur=4235698255 target=4343477910 ceiling=200000000000 old_side_present=1
CBAP_MIG_REPLAN t=30565000 reason=active_set_shrank flow=32 batch=1 newest_batch=1 cur=4235698250 target=4343477910 ceiling=200000000000 old_side_present=1
CBAP_MIG_REPLAN t=30565000 reason=active_set_shrank flow=33 batch=1 newest_batch=1 cur=4235698249 target=4343477910 ceiling=200000000000 old_side_present=1
CBAP_MIG_REPLAN t=30565000 reason=active_set_shrank flow=35 batch=1 newest_batch=1 cur=4235698249 target=4343477910 ceiling=200000000000 old_side_present=1
CBAP_MIG_REPLAN t=30565000 reason=active_set_shrank flow=37 batch=1 newest_batch=1 cur=4235698247 target=4343477910 ceiling=200000000000 old_side_present=1
CBAP_MIG_REPLAN t=30565000 reason=active_set_shrank flow=39 batch=1 newest_batch=1 cur=4235698247 target=4343477910 ceiling=200000000000 old_side_present=1
CBAP_MIG_REPLAN t=30565000 reason=active_set_shrank flow=40 batch=1 newest_batch=1 cur=4235698248 target=4343477910 ceiling=200000000000 old_side_present=1
CBAP_MIG_REPLAN t=30565000 reason=active_set_shrank flow=42 batch=1 newest_batch=1 cur=4235698250 target=4343477910 ceiling=200000000000 old_side_present=1
CBAP_MIG_REPLAN t=30565000 reason=active_set_shrank flow=43 batch=1 newest_batch=1 cur=4235698259 target=4343477910 ceiling=200000000000 old_side_present=1
CBAP_MIG_REPLAN t=30565000 reason=active_set_shrank flow=45 batch=1 newest_batch=1 cur=4235698248 target=4343477910 ceiling=200000000000 old_side_present=1
CBAP_MIG_REPLAN t=30565000 reason=active_set_shrank flow=47 batch=1 newest_batch=1 cur=4235698251 target=4343477910 ceiling=200000000000 old_side_present=1
CBAP_MIG_REPLAN t=30565000 reason=active_set_shrank flow=50 batch=1 newest_batch=1 cur=4235698250 target=4343477910 ceiling=200000000000 old_side_present=1
CBAP_MIG_REPLAN t=30565000 reason=active_set_shrank flow=51 batch=1 newest_batch=1 cur=4235698259 target=4343477910 ceiling=200000000000 old_side_present=1
CBAP_MIG_REPLAN t=30565000 reason=active_set_shrank flow=52 batch=1 newest_batch=1 cur=4235698264 target=4343477910 ceiling=200000000000 old_side_present=1
CBAP_MIG_REPLAN t=30565000 reason=active_set_shrank flow=54 batch=1 newest_batch=1 cur=4235698250 target=4343477910 ceiling=200000000000 old_side_present=1
CBAP_MIG_REPLAN t=30565000 reason=active_set_shrank flow=55 batch=1 newest_batch=1 cur=4235698249 target=4343477910 ceiling=200000000000 old_side_present=1
CBAP_MIG_REPLAN t=30565000 reason=active_set_shrank flow=56 batch=1 newest_batch=1 cur=4235698250 target=4343477910 ceiling=200000000000 old_side_present=1
CBAP_MIG_REPLAN t=30565000 reason=active_set_shrank flow=58 batch=1 newest_batch=1 cur=4235698250 target=4343477910 ceiling=200000000000 old_side_present=1
CBAP_MIG_REPLAN t=30565000 reason=active_set_shrank flow=59 batch=1 newest_batch=1 cur=4235698259 target=4343477910 ceiling=200000000000 old_side_present=1
CBAP_MIG_REPLAN t=30565000 reason=active_set_shrank flow=60 batch=1 newest_batch=1 cur=4235698250 target=4343477910 ceiling=200000000000 old_side_present=1
CBAP_MIG_REPLAN t=30565000 reason=active_set_shrank flow=61 batch=1 newest_batch=1 cur=4235698255 target=4343477910 ceiling=200000000000 old_side_present=1
CBAP_MIG_REPLAN t=30565000 reason=active_set_shrank flow=62 batch=1 newest_batch=1 cur=4235698261 target=4343477910 ceiling=200000000000 old_side_present=1
CBAP_MIG_REPLAN t=30565000 reason=active_set_shrank flow=63 batch=1 newest_batch=1 cur=4235698252 target=4343477910 ceiling=200000000000 old_side_present=1
CBAP_MIG_REPLAN t=30565000 reason=active_set_shrank flow=64 batch=1 newest_batch=1 cur=4235698250 target=4343477910 ceiling=200000000000 old_side_present=1
CBAP_MIG t=30565000 epoch=6113 flow=0 side=old cur=2000160977 next=2000112683 tgt=2000000000 f=0.3 u=0 breach=0 end=converged
CBAP_MIG t=30565000 epoch=6113 flow=1 side=new cur=4235698264 next=4279349020 tgt=4343477910 f=0.405 u=0 breach=3 end=
CBAP_MIG t=30565000 epoch=6113 flow=2 side=new cur=4235698250 next=4279349012 tgt=4343477910 f=0.405 u=0 breach=3 end=
CBAP_MIG t=30565000 epoch=6113 flow=4 side=new cur=4235698252 next=4279349013 tgt=4343477910 f=0.405 u=0 breach=3 end=
CBAP_MIG t=30565000 epoch=6113 flow=5 side=new cur=4235698249 next=4279349011 tgt=4343477910 f=0.405 u=0 breach=3 end=
CBAP_MIG t=30565000 epoch=6113 flow=7 side=new cur=4235698250 next=4279349012 tgt=4343477910 f=0.405 u=0 breach=3 end=
CBAP_MIG t=30565000 epoch=6113 flow=8 side=new cur=4235698261 next=4279349018 tgt=4343477910 f=0.405 u=0 breach=3 end=
CBAP_MIG t=30565000 epoch=6113 flow=9 side=new cur=4235698253 next=4279349014 tgt=4343477910 f=0.405 u=0 breach=3 end=
CBAP_MIG t=30565000 epoch=6113 flow=10 side=new cur=4235698250 next=4279349012 tgt=4343477910 f=0.405 u=0 breach=3 end=
CBAP_MIG t=30565000 epoch=6113 flow=11 side=new cur=4235698263 next=4279349020 tgt=4343477910 f=0.405 u=0 breach=3 end=
CBAP_MIG t=30565000 epoch=6113 flow=12 side=new cur=4235698259 next=4279349017 tgt=4343477910 f=0.405 u=0 breach=3 end=
CBAP_MIG t=30565000 epoch=6113 flow=13 side=new cur=4235698250 next=4279349012 tgt=4343477910 f=0.405 u=0 breach=3 end=
CBAP_MIG t=30565000 epoch=6113 flow=14 side=new cur=4235698247 next=4279349010 tgt=4343477910 f=0.405 u=0 breach=3 end=
CBAP_MIG t=30565000 epoch=6113 flow=16 side=new cur=4235698249 next=4279349011 tgt=4343477910 f=0.405 u=0 breach=3 end=
CBAP_MIG t=30565000 epoch=6113 flow=18 side=new cur=4235698248 next=4279349011 tgt=4343477910 f=0.405 u=0 breach=3 end=
CBAP_MIG t=30565000 epoch=6113 flow=19 side=new cur=4235698250 next=4279349012 tgt=4343477910 f=0.405 u=0 breach=3 end=
CBAP_MIG t=30565000 epoch=6113 flow=20 side=new cur=4235698256 next=4279349015 tgt=4343477910 f=0.405 u=0 breach=3 end=
CBAP_MIG t=30565000 epoch=6113 flow=21 side=new cur=4235698263 next=4279349020 tgt=4343477910 f=0.405 u=0 breach=3 end=
CBAP_MIG t=30565000 epoch=6113 flow=22 side=new cur=4235698250 next=4279349012 tgt=4343477910 f=0.405 u=0 breach=3 end=
CBAP_MIG t=30565000 epoch=6113 flow=23 side=new cur=4235698250 next=4279349012 tgt=4343477910 f=0.405 u=0 breach=3 end=
CBAP_MIG t=30565000 epoch=6113 flow=26 side=new cur=4235698247 next=4279349010 tgt=4343477910 f=0.405 u=0 breach=3 end=
CBAP_MIG t=30565000 epoch=6113 flow=27 side=new cur=4235698260 next=4279349018 tgt=4343477910 f=0.405 u=0 breach=3 end=
CBAP_MIG t=30565000 epoch=6113 flow=28 side=new cur=4235698248 next=4279349011 tgt=4343477910 f=0.405 u=0 breach=3 end=
CBAP_MIG t=30565000 epoch=6113 flow=29 side=new cur=4235698255 next=4279349015 tgt=4343477910 f=0.405 u=0 breach=3 end=
CBAP_MIG t=30565000 epoch=6113 flow=32 side=new cur=4235698250 next=4279349012 tgt=4343477910 f=0.405 u=0 breach=3 end=
CBAP_MIG t=30565000 epoch=6113 flow=33 side=new cur=4235698249 next=4279349011 tgt=4343477910 f=0.405 u=0 breach=3 end=
CBAP_MIG t=30565000 epoch=6113 flow=35 side=new cur=4235698249 next=4279349011 tgt=4343477910 f=0.405 u=0 breach=3 end=
CBAP_MIG t=30565000 epoch=6113 flow=37 side=new cur=4235698247 next=4279349010 tgt=4343477910 f=0.405 u=0 breach=3 end=
CBAP_MIG t=30565000 epoch=6113 flow=39 side=new cur=4235698247 next=4279349010 tgt=4343477910 f=0.405 u=0 breach=3 end=
CBAP_MIG t=30565000 epoch=6113 flow=40 side=new cur=4235698248 next=4279349011 tgt=4343477910 f=0.405 u=0 breach=3 end=
CBAP_MIG t=30565000 epoch=6113 flow=42 side=new cur=4235698250 next=4279349012 tgt=4343477910 f=0.405 u=0 breach=3 end=
CBAP_MIG t=30565000 epoch=6113 flow=43 side=new cur=4235698259 next=4279349017 tgt=4343477910 f=0.405 u=0 breach=3 end=
CBAP_MIG t=30565000 epoch=6113 flow=45 side=new cur=4235698248 next=4279349011 tgt=4343477910 f=0.405 u=0 breach=3 end=
CBAP_MIG t=30565000 epoch=6113 flow=47 side=new cur=4235698251 next=4279349012 tgt=4343477910 f=0.405 u=0 breach=3 end=
CBAP_MIG t=30565000 epoch=6113 flow=50 side=new cur=4235698250 next=4279349012 tgt=4343477910 f=0.405 u=0 breach=3 end=
CBAP_MIG t=30565000 epoch=6113 flow=51 side=new cur=4235698259 next=4279349017 tgt=4343477910 f=0.405 u=0 breach=3 end=
CBAP_MIG t=30565000 epoch=6113 flow=52 side=new cur=4235698264 next=4279349020 tgt=4343477910 f=0.405 u=0 breach=3 end=
CBAP_MIG t=30565000 epoch=6113 flow=54 side=new cur=4235698250 next=4279349012 tgt=4343477910 f=0.405 u=0 breach=3 end=
CBAP_MIG t=30565000 epoch=6113 flow=55 side=new cur=4235698249 next=4279349011 tgt=4343477910 f=0.405 u=0 breach=3 end=
CBAP_MIG t=30565000 epoch=6113 flow=56 side=new cur=4235698250 next=4279349012 tgt=4343477910 f=0.405 u=0 breach=3 end=
CBAP_MIG t=30565000 epoch=6113 flow=58 side=new cur=4235698250 next=4279349012 tgt=4343477910 f=0.405 u=0 breach=3 end=
CBAP_MIG t=30565000 epoch=6113 flow=59 side=new cur=4235698259 next=4279349017 tgt=4343477910 f=0.405 u=0 breach=3 end=
CBAP_MIG t=30565000 epoch=6113 flow=60 side=new cur=4235698250 next=4279349012 tgt=4343477910 f=0.405 u=0 breach=3 end=
CBAP_MIG t=30565000 epoch=6113 flow=61 side=new cur=4235698255 next=4279349015 tgt=4343477910 f=0.405 u=0 breach=3 end=
CBAP_MIG t=30565000 epoch=6113 flow=62 side=new cur=4235698261 next=4279349018 tgt=4343477910 f=0.405 u=0 breach=3 end=
CBAP_MIG t=30565000 epoch=6113 flow=63 side=new cur=4235698252 next=4279349013 tgt=4343477910 f=0.405 u=0 breach=3 end=
CBAP_MIG t=30565000 epoch=6113 flow=64 side=new cur=4235698250 next=4279349012 tgt=4343477910 f=0.405 u=0 breach=3 end=
CBAP_MIG t=30570000 epoch=6114 flow=1 side=new cur=4279349020 next=4305321220 tgt=4343477910 f=0.405 u=0 breach=3 end=converged
CBAP_MIG t=30570000 epoch=6114 flow=2 side=new cur=4279349012 next=4305321215 tgt=4343477910 f=0.405 u=0 breach=3 end=converged
CBAP_MIG t=30570000 epoch=6114 flow=4 side=new cur=4279349013 next=4305321216 tgt=4343477910 f=0.405 u=0 breach=3 end=converged
CBAP_MIG t=30570000 epoch=6114 flow=5 side=new cur=4279349011 next=4305321215 tgt=4343477910 f=0.405 u=0 breach=3 end=converged
CBAP_MIG t=30570000 epoch=6114 flow=7 side=new cur=4279349012 next=4305321215 tgt=4343477910 f=0.405 u=0 breach=3 end=converged
CBAP_MIG t=30570000 epoch=6114 flow=8 side=new cur=4279349018 next=4305321219 tgt=4343477910 f=0.405 u=0 breach=3 end=converged
CBAP_MIG t=30570000 epoch=6114 flow=9 side=new cur=4279349014 next=4305321216 tgt=4343477910 f=0.405 u=0 breach=3 end=converged
CBAP_MIG t=30570000 epoch=6114 flow=10 side=new cur=4279349012 next=4305321215 tgt=4343477910 f=0.405 u=0 breach=3 end=converged
CBAP_MIG t=30570000 epoch=6114 flow=11 side=new cur=4279349020 next=4305321220 tgt=4343477910 f=0.405 u=0 breach=3 end=converged
CBAP_MIG t=30570000 epoch=6114 flow=12 side=new cur=4279349017 next=4305321218 tgt=4343477910 f=0.405 u=0 breach=3 end=converged
CBAP_MIG t=30570000 epoch=6114 flow=13 side=new cur=4279349012 next=4305321215 tgt=4343477910 f=0.405 u=0 breach=3 end=converged
CBAP_MIG t=30570000 epoch=6114 flow=14 side=new cur=4279349010 next=4305321214 tgt=4343477910 f=0.405 u=0 breach=3 end=converged
CBAP_MIG t=30570000 epoch=6114 flow=16 side=new cur=4279349011 next=4305321215 tgt=4343477910 f=0.405 u=0 breach=3 end=converged
CBAP_MIG t=30570000 epoch=6114 flow=18 side=new cur=4279349011 next=4305321215 tgt=4343477910 f=0.405 u=0 breach=3 end=converged
CBAP_MIG t=30570000 epoch=6114 flow=19 side=new cur=4279349012 next=4305321215 tgt=4343477910 f=0.405 u=0 breach=3 end=converged
CBAP_MIG t=30570000 epoch=6114 flow=20 side=new cur=4279349015 next=4305321217 tgt=4343477910 f=0.405 u=0 breach=3 end=converged
CBAP_MIG t=30570000 epoch=6114 flow=21 side=new cur=4279349020 next=4305321220 tgt=4343477910 f=0.405 u=0 breach=3 end=converged
CBAP_MIG t=30570000 epoch=6114 flow=22 side=new cur=4279349012 next=4305321215 tgt=4343477910 f=0.405 u=0 breach=3 end=converged
CBAP_MIG t=30570000 epoch=6114 flow=23 side=new cur=4279349012 next=4305321215 tgt=4343477910 f=0.405 u=0 breach=3 end=converged
CBAP_MIG t=30570000 epoch=6114 flow=26 side=new cur=4279349010 next=4305321214 tgt=4343477910 f=0.405 u=0 breach=3 end=converged
CBAP_MIG t=30570000 epoch=6114 flow=27 side=new cur=4279349018 next=4305321219 tgt=4343477910 f=0.405 u=0 breach=3 end=converged
CBAP_MIG t=30570000 epoch=6114 flow=28 side=new cur=4279349011 next=4305321215 tgt=4343477910 f=0.405 u=0 breach=3 end=converged
CBAP_MIG t=30570000 epoch=6114 flow=29 side=new cur=4279349015 next=4305321217 tgt=4343477910 f=0.405 u=0 breach=3 end=converged
CBAP_MIG t=30570000 epoch=6114 flow=32 side=new cur=4279349012 next=4305321215 tgt=4343477910 f=0.405 u=0 breach=3 end=converged
CBAP_MIG t=30570000 epoch=6114 flow=33 side=new cur=4279349011 next=4305321215 tgt=4343477910 f=0.405 u=0 breach=3 end=converged
CBAP_MIG t=30570000 epoch=6114 flow=35 side=new cur=4279349011 next=4305321215 tgt=4343477910 f=0.405 u=0 breach=3 end=converged
CBAP_MIG t=30570000 epoch=6114 flow=37 side=new cur=4279349010 next=4305321214 tgt=4343477910 f=0.405 u=0 breach=3 end=converged
CBAP_MIG t=30570000 epoch=6114 flow=39 side=new cur=4279349010 next=4305321214 tgt=4343477910 f=0.405 u=0 breach=3 end=converged
CBAP_MIG t=30570000 epoch=6114 flow=40 side=new cur=4279349011 next=4305321215 tgt=4343477910 f=0.405 u=0 breach=3 end=converged
CBAP_MIG t=30570000 epoch=6114 flow=42 side=new cur=4279349012 next=4305321215 tgt=4343477910 f=0.405 u=0 breach=3 end=converged
CBAP_MIG t=30570000 epoch=6114 flow=43 side=new cur=4279349017 next=4305321218 tgt=4343477910 f=0.405 u=0 breach=3 end=converged
CBAP_MIG t=30570000 epoch=6114 flow=45 side=new cur=4279349011 next=4305321215 tgt=4343477910 f=0.405 u=0 breach=3 end=converged
CBAP_MIG t=30570000 epoch=6114 flow=47 side=new cur=4279349012 next=4305321215 tgt=4343477910 f=0.405 u=0 breach=3 end=converged
CBAP_MIG t=30570000 epoch=6114 flow=50 side=new cur=4279349012 next=4305321215 tgt=4343477910 f=0.405 u=0 breach=3 end=converged
CBAP_MIG t=30570000 epoch=6114 flow=51 side=new cur=4279349017 next=4305321218 tgt=4343477910 f=0.405 u=0 breach=3 end=converged
CBAP_MIG t=30570000 epoch=6114 flow=52 side=new cur=4279349020 next=4305321220 tgt=4343477910 f=0.405 u=0 breach=3 end=converged
CBAP_MIG t=30570000 epoch=6114 flow=54 side=new cur=4279349012 next=4305321215 tgt=4343477910 f=0.405 u=0 breach=3 end=converged
CBAP_MIG t=30570000 epoch=6114 flow=55 side=new cur=4279349011 next=4305321215 tgt=4343477910 f=0.405 u=0 breach=3 end=converged
CBAP_MIG t=30570000 epoch=6114 flow=56 side=new cur=4279349012 next=4305321215 tgt=4343477910 f=0.405 u=0 breach=3 end=converged
CBAP_MIG t=30570000 epoch=6114 flow=58 side=new cur=4279349012 next=4305321215 tgt=4343477910 f=0.405 u=0 breach=3 end=converged
CBAP_MIG t=30570000 epoch=6114 flow=59 side=new cur=4279349017 next=4305321218 tgt=4343477910 f=0.405 u=0 breach=3 end=converged
CBAP_MIG t=30570000 epoch=6114 flow=60 side=new cur=4279349012 next=4305321215 tgt=4343477910 f=0.405 u=0 breach=3 end=converged
CBAP_MIG t=30570000 epoch=6114 flow=61 side=new cur=4279349015 next=4305321217 tgt=4343477910 f=0.405 u=0 breach=3 end=converged
CBAP_MIG t=30570000 epoch=6114 flow=62 side=new cur=4279349018 next=4305321219 tgt=4343477910 f=0.405 u=0 breach=3 end=converged
CBAP_MIG t=30570000 epoch=6114 flow=63 side=new cur=4279349013 next=4305321216 tgt=4343477910 f=0.405 u=0 breach=3 end=converged
CBAP_MIG t=30570000 epoch=6114 flow=64 side=new cur=4279349012 next=4305321215 tgt=4343477910 f=0.405 u=0 breach=3 end=converged
CBAP_MIG_REPLAN t=30715000 reason=active_set_shrank flow=0 batch=0 newest_batch=1 cur=2000112683 target=2000000000 ceiling=190000000000 old_side_present=1
CBAP_MIG_REPLAN t=30715000 reason=active_set_shrank flow=1 batch=1 newest_batch=1 cur=4305321220 target=4540908834 ceiling=200000000000 old_side_present=1
CBAP_MIG_REPLAN t=30715000 reason=active_set_shrank flow=2 batch=1 newest_batch=1 cur=4305321215 target=4540908834 ceiling=200000000000 old_side_present=1
CBAP_MIG_REPLAN t=30715000 reason=active_set_shrank flow=4 batch=1 newest_batch=1 cur=4305321216 target=4540908834 ceiling=200000000000 old_side_present=1
CBAP_MIG_REPLAN t=30715000 reason=active_set_shrank flow=5 batch=1 newest_batch=1 cur=4305321215 target=4540908834 ceiling=200000000000 old_side_present=1
CBAP_MIG_REPLAN t=30715000 reason=active_set_shrank flow=8 batch=1 newest_batch=1 cur=4305321219 target=4540908834 ceiling=200000000000 old_side_present=1
CBAP_MIG_REPLAN t=30715000 reason=active_set_shrank flow=9 batch=1 newest_batch=1 cur=4305321216 target=4540908834 ceiling=200000000000 old_side_present=1
CBAP_MIG_REPLAN t=30715000 reason=active_set_shrank flow=10 batch=1 newest_batch=1 cur=4305321215 target=4540908834 ceiling=200000000000 old_side_present=1
CBAP_MIG_REPLAN t=30715000 reason=active_set_shrank flow=12 batch=1 newest_batch=1 cur=4305321218 target=4540908834 ceiling=200000000000 old_side_present=1
CBAP_MIG_REPLAN t=30715000 reason=active_set_shrank flow=13 batch=1 newest_batch=1 cur=4305321215 target=4540908834 ceiling=200000000000 old_side_present=1
CBAP_MIG_REPLAN t=30715000 reason=active_set_shrank flow=14 batch=1 newest_batch=1 cur=4305321214 target=4540908834 ceiling=200000000000 old_side_present=1
CBAP_MIG_REPLAN t=30715000 reason=active_set_shrank flow=16 batch=1 newest_batch=1 cur=4305321215 target=4540908834 ceiling=200000000000 old_side_present=1
CBAP_MIG_REPLAN t=30715000 reason=active_set_shrank flow=18 batch=1 newest_batch=1 cur=4305321215 target=4540908834 ceiling=200000000000 old_side_present=1
CBAP_MIG_REPLAN t=30715000 reason=active_set_shrank flow=19 batch=1 newest_batch=1 cur=4305321215 target=4540908834 ceiling=200000000000 old_side_present=1
CBAP_MIG_REPLAN t=30715000 reason=active_set_shrank flow=20 batch=1 newest_batch=1 cur=4305321217 target=4540908834 ceiling=200000000000 old_side_present=1
CBAP_MIG_REPLAN t=30715000 reason=active_set_shrank flow=21 batch=1 newest_batch=1 cur=4305321220 target=4540908834 ceiling=200000000000 old_side_present=1
CBAP_MIG_REPLAN t=30715000 reason=active_set_shrank flow=22 batch=1 newest_batch=1 cur=4305321215 target=4540908834 ceiling=200000000000 old_side_present=1
CBAP_MIG_REPLAN t=30715000 reason=active_set_shrank flow=23 batch=1 newest_batch=1 cur=4305321215 target=4540908834 ceiling=200000000000 old_side_present=1
CBAP_MIG_REPLAN t=30715000 reason=active_set_shrank flow=26 batch=1 newest_batch=1 cur=4305321214 target=4540908834 ceiling=200000000000 old_side_present=1
CBAP_MIG_REPLAN t=30715000 reason=active_set_shrank flow=27 batch=1 newest_batch=1 cur=4305321219 target=4540908834 ceiling=200000000000 old_side_present=1
CBAP_MIG_REPLAN t=30715000 reason=active_set_shrank flow=28 batch=1 newest_batch=1 cur=4305321215 target=4540908834 ceiling=200000000000 old_side_present=1
CBAP_MIG_REPLAN t=30715000 reason=active_set_shrank flow=29 batch=1 newest_batch=1 cur=4305321217 target=4540908834 ceiling=200000000000 old_side_present=1
CBAP_MIG_REPLAN t=30715000 reason=active_set_shrank flow=32 batch=1 newest_batch=1 cur=4305321215 target=4540908834 ceiling=200000000000 old_side_present=1
CBAP_MIG_REPLAN t=30715000 reason=active_set_shrank flow=33 batch=1 newest_batch=1 cur=4305321215 target=4540908834 ceiling=200000000000 old_side_present=1
CBAP_MIG_REPLAN t=30715000 reason=active_set_shrank flow=35 batch=1 newest_batch=1 cur=4305321215 target=4540908834 ceiling=200000000000 old_side_present=1
CBAP_MIG_REPLAN t=30715000 reason=active_set_shrank flow=37 batch=1 newest_batch=1 cur=4305321214 target=4540908834 ceiling=200000000000 old_side_present=1
CBAP_MIG_REPLAN t=30715000 reason=active_set_shrank flow=39 batch=1 newest_batch=1 cur=4305321214 target=4540908834 ceiling=200000000000 old_side_present=1
CBAP_MIG_REPLAN t=30715000 reason=active_set_shrank flow=40 batch=1 newest_batch=1 cur=4305321215 target=4540908834 ceiling=200000000000 old_side_present=1
CBAP_MIG_REPLAN t=30715000 reason=active_set_shrank flow=42 batch=1 newest_batch=1 cur=4305321215 target=4540908834 ceiling=200000000000 old_side_present=1
CBAP_MIG_REPLAN t=30715000 reason=active_set_shrank flow=43 batch=1 newest_batch=1 cur=4305321218 target=4540908834 ceiling=200000000000 old_side_present=1
CBAP_MIG_REPLAN t=30715000 reason=active_set_shrank flow=45 batch=1 newest_batch=1 cur=4305321215 target=4540908834 ceiling=200000000000 old_side_present=1
CBAP_MIG_REPLAN t=30715000 reason=active_set_shrank flow=47 batch=1 newest_batch=1 cur=4305321215 target=4540908834 ceiling=200000000000 old_side_present=1
CBAP_MIG_REPLAN t=30715000 reason=active_set_shrank flow=50 batch=1 newest_batch=1 cur=4305321215 target=4540908834 ceiling=200000000000 old_side_present=1
CBAP_MIG_REPLAN t=30715000 reason=active_set_shrank flow=51 batch=1 newest_batch=1 cur=4305321218 target=4540908834 ceiling=200000000000 old_side_present=1
CBAP_MIG_REPLAN t=30715000 reason=active_set_shrank flow=52 batch=1 newest_batch=1 cur=4305321220 target=4540908834 ceiling=200000000000 old_side_present=1
CBAP_MIG_REPLAN t=30715000 reason=active_set_shrank flow=54 batch=1 newest_batch=1 cur=4305321215 target=4540908834 ceiling=200000000000 old_side_present=1
CBAP_MIG_REPLAN t=30715000 reason=active_set_shrank flow=55 batch=1 newest_batch=1 cur=4305321215 target=4540908834 ceiling=200000000000 old_side_present=1
CBAP_MIG_REPLAN t=30715000 reason=active_set_shrank flow=56 batch=1 newest_batch=1 cur=4305321215 target=4540908834 ceiling=200000000000 old_side_present=1
CBAP_MIG_REPLAN t=30715000 reason=active_set_shrank flow=58 batch=1 newest_batch=1 cur=4305321215 target=4540908834 ceiling=200000000000 old_side_present=1
CBAP_MIG_REPLAN t=30715000 reason=active_set_shrank flow=59 batch=1 newest_batch=1 cur=4305321218 target=4540908834 ceiling=200000000000 old_side_present=1
CBAP_MIG_REPLAN t=30715000 reason=active_set_shrank flow=60 batch=1 newest_batch=1 cur=4305321215 target=4540908834 ceiling=200000000000 old_side_present=1
CBAP_MIG_REPLAN t=30715000 reason=active_set_shrank flow=61 batch=1 newest_batch=1 cur=4305321217 target=4540908834 ceiling=200000000000 old_side_present=1
CBAP_MIG_REPLAN t=30715000 reason=active_set_shrank flow=62 batch=1 newest_batch=1 cur=4305321219 target=4540908834 ceiling=200000000000 old_side_present=1
CBAP_MIG_REPLAN t=30715000 reason=active_set_shrank flow=63 batch=1 newest_batch=1 cur=4305321216 target=4540908834 ceiling=200000000000 old_side_present=1
CBAP_MIG_REPLAN t=30715000 reason=active_set_shrank flow=64 batch=1 newest_batch=1 cur=4305321215 target=4540908834 ceiling=200000000000 old_side_present=1
CBAP_MIG t=30715000 epoch=6143 flow=0 side=old cur=2000112683 next=2000078878 tgt=2000000000 f=0.3 u=0 breach=0 end=converged
CBAP_MIG t=30715000 epoch=6143 flow=1 side=new cur=4305321220 next=4400734203 tgt=4540908834 f=0.405 u=0 breach=3 end=
CBAP_MIG t=30715000 epoch=6143 flow=2 side=new cur=4305321215 next=4400734200 tgt=4540908834 f=0.405 u=0 breach=3 end=
CBAP_MIG t=30715000 epoch=6143 flow=4 side=new cur=4305321216 next=4400734201 tgt=4540908834 f=0.405 u=0 breach=3 end=
CBAP_MIG t=30715000 epoch=6143 flow=5 side=new cur=4305321215 next=4400734200 tgt=4540908834 f=0.405 u=0 breach=3 end=
CBAP_MIG t=30715000 epoch=6143 flow=8 side=new cur=4305321219 next=4400734203 tgt=4540908834 f=0.405 u=0 breach=3 end=
CBAP_MIG t=30715000 epoch=6143 flow=9 side=new cur=4305321216 next=4400734201 tgt=4540908834 f=0.405 u=0 breach=3 end=
CBAP_MIG t=30715000 epoch=6143 flow=10 side=new cur=4305321215 next=4400734200 tgt=4540908834 f=0.405 u=0 breach=3 end=
CBAP_MIG t=30715000 epoch=6143 flow=12 side=new cur=4305321218 next=4400734202 tgt=4540908834 f=0.405 u=0 breach=3 end=
CBAP_MIG t=30715000 epoch=6143 flow=13 side=new cur=4305321215 next=4400734200 tgt=4540908834 f=0.405 u=0 breach=3 end=
CBAP_MIG t=30715000 epoch=6143 flow=14 side=new cur=4305321214 next=4400734200 tgt=4540908834 f=0.405 u=0 breach=3 end=
CBAP_MIG t=30715000 epoch=6143 flow=16 side=new cur=4305321215 next=4400734200 tgt=4540908834 f=0.405 u=0 breach=3 end=
CBAP_MIG t=30715000 epoch=6143 flow=18 side=new cur=4305321215 next=4400734200 tgt=4540908834 f=0.405 u=0 breach=3 end=
CBAP_MIG t=30715000 epoch=6143 flow=19 side=new cur=4305321215 next=4400734200 tgt=4540908834 f=0.405 u=0 breach=3 end=
CBAP_MIG t=30715000 epoch=6143 flow=20 side=new cur=4305321217 next=4400734201 tgt=4540908834 f=0.405 u=0 breach=3 end=
CBAP_MIG t=30715000 epoch=6143 flow=21 side=new cur=4305321220 next=4400734203 tgt=4540908834 f=0.405 u=0 breach=3 end=
CBAP_MIG t=30715000 epoch=6143 flow=22 side=new cur=4305321215 next=4400734200 tgt=4540908834 f=0.405 u=0 breach=3 end=
CBAP_MIG t=30715000 epoch=6143 flow=23 side=new cur=4305321215 next=4400734200 tgt=4540908834 f=0.405 u=0 breach=3 end=
CBAP_MIG t=30715000 epoch=6143 flow=26 side=new cur=4305321214 next=4400734200 tgt=4540908834 f=0.405 u=0 breach=3 end=
CBAP_MIG t=30715000 epoch=6143 flow=27 side=new cur=4305321219 next=4400734203 tgt=4540908834 f=0.405 u=0 breach=3 end=
CBAP_MIG t=30715000 epoch=6143 flow=28 side=new cur=4305321215 next=4400734200 tgt=4540908834 f=0.405 u=0 breach=3 end=
CBAP_MIG t=30715000 epoch=6143 flow=29 side=new cur=4305321217 next=4400734201 tgt=4540908834 f=0.405 u=0 breach=3 end=
CBAP_MIG t=30715000 epoch=6143 flow=32 side=new cur=4305321215 next=4400734200 tgt=4540908834 f=0.405 u=0 breach=3 end=
CBAP_MIG t=30715000 epoch=6143 flow=33 side=new cur=4305321215 next=4400734200 tgt=4540908834 f=0.405 u=0 breach=3 end=
CBAP_MIG t=30715000 epoch=6143 flow=35 side=new cur=4305321215 next=4400734200 tgt=4540908834 f=0.405 u=0 breach=3 end=
CBAP_MIG t=30715000 epoch=6143 flow=37 side=new cur=4305321214 next=4400734200 tgt=4540908834 f=0.405 u=0 breach=3 end=
CBAP_MIG t=30715000 epoch=6143 flow=39 side=new cur=4305321214 next=4400734200 tgt=4540908834 f=0.405 u=0 breach=3 end=
CBAP_MIG t=30715000 epoch=6143 flow=40 side=new cur=4305321215 next=4400734200 tgt=4540908834 f=0.405 u=0 breach=3 end=
CBAP_MIG t=30715000 epoch=6143 flow=42 side=new cur=4305321215 next=4400734200 tgt=4540908834 f=0.405 u=0 breach=3 end=
CBAP_MIG t=30715000 epoch=6143 flow=43 side=new cur=4305321218 next=4400734202 tgt=4540908834 f=0.405 u=0 breach=3 end=
CBAP_MIG t=30715000 epoch=6143 flow=45 side=new cur=4305321215 next=4400734200 tgt=4540908834 f=0.405 u=0 breach=3 end=
CBAP_MIG t=30715000 epoch=6143 flow=47 side=new cur=4305321215 next=4400734200 tgt=4540908834 f=0.405 u=0 breach=3 end=
CBAP_MIG t=30715000 epoch=6143 flow=50 side=new cur=4305321215 next=4400734200 tgt=4540908834 f=0.405 u=0 breach=3 end=
CBAP_MIG t=30715000 epoch=6143 flow=51 side=new cur=4305321218 next=4400734202 tgt=4540908834 f=0.405 u=0 breach=3 end=
CBAP_MIG t=30715000 epoch=6143 flow=52 side=new cur=4305321220 next=4400734203 tgt=4540908834 f=0.405 u=0 breach=3 end=
CBAP_MIG t=30715000 epoch=6143 flow=54 side=new cur=4305321215 next=4400734200 tgt=4540908834 f=0.405 u=0 breach=3 end=
CBAP_MIG t=30715000 epoch=6143 flow=55 side=new cur=4305321215 next=4400734200 tgt=4540908834 f=0.405 u=0 breach=3 end=
CBAP_MIG t=30715000 epoch=6143 flow=56 side=new cur=4305321215 next=4400734200 tgt=4540908834 f=0.405 u=0 breach=3 end=
CBAP_MIG t=30715000 epoch=6143 flow=58 side=new cur=4305321215 next=4400734200 tgt=4540908834 f=0.405 u=0 breach=3 end=
CBAP_MIG t=30715000 epoch=6143 flow=59 side=new cur=4305321218 next=4400734202 tgt=4540908834 f=0.405 u=0 breach=3 end=
CBAP_MIG t=30715000 epoch=6143 flow=60 side=new cur=4305321215 next=4400734200 tgt=4540908834 f=0.405 u=0 breach=3 end=
CBAP_MIG t=30715000 epoch=6143 flow=61 side=new cur=4305321217 next=4400734201 tgt=4540908834 f=0.405 u=0 breach=3 end=
CBAP_MIG t=30715000 epoch=6143 flow=62 side=new cur=4305321219 next=4400734203 tgt=4540908834 f=0.405 u=0 breach=3 end=
CBAP_MIG t=30715000 epoch=6143 flow=63 side=new cur=4305321216 next=4400734201 tgt=4540908834 f=0.405 u=0 breach=3 end=
CBAP_MIG t=30715000 epoch=6143 flow=64 side=new cur=4305321215 next=4400734200 tgt=4540908834 f=0.405 u=0 breach=3 end=
CBAP_MIG t=30720000 epoch=6144 flow=1 side=new cur=4400734203 next=4457504928 tgt=4540908834 f=0.405 u=0 breach=3 end=
CBAP_MIG t=30720000 epoch=6144 flow=2 side=new cur=4400734200 next=4457504926 tgt=4540908834 f=0.405 u=0 breach=3 end=
CBAP_MIG t=30720000 epoch=6144 flow=4 side=new cur=4400734201 next=4457504927 tgt=4540908834 f=0.405 u=0 breach=3 end=
CBAP_MIG t=30720000 epoch=6144 flow=5 side=new cur=4400734200 next=4457504926 tgt=4540908834 f=0.405 u=0 breach=3 end=
CBAP_MIG t=30720000 epoch=6144 flow=8 side=new cur=4400734203 next=4457504928 tgt=4540908834 f=0.405 u=0 breach=3 end=
CBAP_MIG t=30720000 epoch=6144 flow=9 side=new cur=4400734201 next=4457504927 tgt=4540908834 f=0.405 u=0 breach=3 end=
CBAP_MIG t=30720000 epoch=6144 flow=10 side=new cur=4400734200 next=4457504926 tgt=4540908834 f=0.405 u=0 breach=3 end=
CBAP_MIG t=30720000 epoch=6144 flow=12 side=new cur=4400734202 next=4457504927 tgt=4540908834 f=0.405 u=0 breach=3 end=
CBAP_MIG t=30720000 epoch=6144 flow=13 side=new cur=4400734200 next=4457504926 tgt=4540908834 f=0.405 u=0 breach=3 end=
CBAP_MIG t=30720000 epoch=6144 flow=14 side=new cur=4400734200 next=4457504926 tgt=4540908834 f=0.405 u=0 breach=3 end=
CBAP_MIG t=30720000 epoch=6144 flow=16 side=new cur=4400734200 next=4457504926 tgt=4540908834 f=0.405 u=0 breach=3 end=
CBAP_MIG t=30720000 epoch=6144 flow=18 side=new cur=4400734200 next=4457504926 tgt=4540908834 f=0.405 u=0 breach=3 end=
CBAP_MIG t=30720000 epoch=6144 flow=19 side=new cur=4400734200 next=4457504926 tgt=4540908834 f=0.405 u=0 breach=3 end=
CBAP_MIG t=30720000 epoch=6144 flow=20 side=new cur=4400734201 next=4457504927 tgt=4540908834 f=0.405 u=0 breach=3 end=
CBAP_MIG t=30720000 epoch=6144 flow=21 side=new cur=4400734203 next=4457504928 tgt=4540908834 f=0.405 u=0 breach=3 end=
CBAP_MIG t=30720000 epoch=6144 flow=22 side=new cur=4400734200 next=4457504926 tgt=4540908834 f=0.405 u=0 breach=3 end=
CBAP_MIG t=30720000 epoch=6144 flow=23 side=new cur=4400734200 next=4457504926 tgt=4540908834 f=0.405 u=0 breach=3 end=
CBAP_MIG t=30720000 epoch=6144 flow=26 side=new cur=4400734200 next=4457504926 tgt=4540908834 f=0.405 u=0 breach=3 end=
CBAP_MIG t=30720000 epoch=6144 flow=27 side=new cur=4400734203 next=4457504928 tgt=4540908834 f=0.405 u=0 breach=3 end=
CBAP_MIG t=30720000 epoch=6144 flow=28 side=new cur=4400734200 next=4457504926 tgt=4540908834 f=0.405 u=0 breach=3 end=
CBAP_MIG t=30720000 epoch=6144 flow=29 side=new cur=4400734201 next=4457504927 tgt=4540908834 f=0.405 u=0 breach=3 end=
CBAP_MIG t=30720000 epoch=6144 flow=32 side=new cur=4400734200 next=4457504926 tgt=4540908834 f=0.405 u=0 breach=3 end=
CBAP_MIG t=30720000 epoch=6144 flow=33 side=new cur=4400734200 next=4457504926 tgt=4540908834 f=0.405 u=0 breach=3 end=
CBAP_MIG t=30720000 epoch=6144 flow=35 side=new cur=4400734200 next=4457504926 tgt=4540908834 f=0.405 u=0 breach=3 end=
CBAP_MIG t=30720000 epoch=6144 flow=37 side=new cur=4400734200 next=4457504926 tgt=4540908834 f=0.405 u=0 breach=3 end=
CBAP_MIG t=30720000 epoch=6144 flow=39 side=new cur=4400734200 next=4457504926 tgt=4540908834 f=0.405 u=0 breach=3 end=
CBAP_MIG t=30720000 epoch=6144 flow=40 side=new cur=4400734200 next=4457504926 tgt=4540908834 f=0.405 u=0 breach=3 end=
CBAP_MIG t=30720000 epoch=6144 flow=42 side=new cur=4400734200 next=4457504926 tgt=4540908834 f=0.405 u=0 breach=3 end=
CBAP_MIG t=30720000 epoch=6144 flow=43 side=new cur=4400734202 next=4457504927 tgt=4540908834 f=0.405 u=0 breach=3 end=
CBAP_MIG t=30720000 epoch=6144 flow=45 side=new cur=4400734200 next=4457504926 tgt=4540908834 f=0.405 u=0 breach=3 end=
CBAP_MIG t=30720000 epoch=6144 flow=47 side=new cur=4400734200 next=4457504926 tgt=4540908834 f=0.405 u=0 breach=3 end=
CBAP_MIG t=30720000 epoch=6144 flow=50 side=new cur=4400734200 next=4457504926 tgt=4540908834 f=0.405 u=0 breach=3 end=
CBAP_MIG t=30720000 epoch=6144 flow=51 side=new cur=4400734202 next=4457504927 tgt=4540908834 f=0.405 u=0 breach=3 end=
CBAP_MIG t=30720000 epoch=6144 flow=52 side=new cur=4400734203 next=4457504928 tgt=4540908834 f=0.405 u=0 breach=3 end=
CBAP_MIG t=30720000 epoch=6144 flow=54 side=new cur=4400734200 next=4457504926 tgt=4540908834 f=0.405 u=0 breach=3 end=
CBAP_MIG t=30720000 epoch=6144 flow=55 side=new cur=4400734200 next=4457504926 tgt=4540908834 f=0.405 u=0 breach=3 end=
CBAP_MIG t=30720000 epoch=6144 flow=56 side=new cur=4400734200 next=4457504926 tgt=4540908834 f=0.405 u=0 breach=3 end=
CBAP_MIG t=30720000 epoch=6144 flow=58 side=new cur=4400734200 next=4457504926 tgt=4540908834 f=0.405 u=0 breach=3 end=
CBAP_MIG t=30720000 epoch=6144 flow=59 side=new cur=4400734202 next=4457504927 tgt=4540908834 f=0.405 u=0 breach=3 end=
CBAP_MIG t=30720000 epoch=6144 flow=60 side=new cur=4400734200 next=4457504926 tgt=4540908834 f=0.405 u=0 breach=3 end=
CBAP_MIG t=30720000 epoch=6144 flow=61 side=new cur=4400734201 next=4457504927 tgt=4540908834 f=0.405 u=0 breach=3 end=
CBAP_MIG t=30720000 epoch=6144 flow=62 side=new cur=4400734203 next=4457504928 tgt=4540908834 f=0.405 u=0 breach=3 end=
CBAP_MIG t=30720000 epoch=6144 flow=63 side=new cur=4400734201 next=4457504927 tgt=4540908834 f=0.405 u=0 breach=3 end=
CBAP_MIG t=30720000 epoch=6144 flow=64 side=new cur=4400734200 next=4457504926 tgt=4540908834 f=0.405 u=0 breach=3 end=
CBAP_MIG t=30725000 epoch=6145 flow=1 side=new cur=4457504928 next=4491283509 tgt=4540908834 f=0.405 u=0 breach=3 end=
CBAP_MIG t=30725000 epoch=6145 flow=2 side=new cur=4457504926 next=4491283508 tgt=4540908834 f=0.405 u=0 breach=3 end=
CBAP_MIG t=30725000 epoch=6145 flow=4 side=new cur=4457504927 next=4491283509 tgt=4540908834 f=0.405 u=0 breach=3 end=
CBAP_MIG t=30725000 epoch=6145 flow=5 side=new cur=4457504926 next=4491283508 tgt=4540908834 f=0.405 u=0 breach=3 end=
CBAP_MIG t=30725000 epoch=6145 flow=8 side=new cur=4457504928 next=4491283509 tgt=4540908834 f=0.405 u=0 breach=3 end=
CBAP_MIG t=30725000 epoch=6145 flow=9 side=new cur=4457504927 next=4491283509 tgt=4540908834 f=0.405 u=0 breach=3 end=
CBAP_MIG t=30725000 epoch=6145 flow=10 side=new cur=4457504926 next=4491283508 tgt=4540908834 f=0.405 u=0 breach=3 end=
CBAP_MIG t=30725000 epoch=6145 flow=12 side=new cur=4457504927 next=4491283509 tgt=4540908834 f=0.405 u=0 breach=3 end=
CBAP_MIG t=30725000 epoch=6145 flow=13 side=new cur=4457504926 next=4491283508 tgt=4540908834 f=0.405 u=0 breach=3 end=
CBAP_MIG t=30725000 epoch=6145 flow=14 side=new cur=4457504926 next=4491283508 tgt=4540908834 f=0.405 u=0 breach=3 end=
CBAP_MIG t=30725000 epoch=6145 flow=16 side=new cur=4457504926 next=4491283508 tgt=4540908834 f=0.405 u=0 breach=3 end=
CBAP_MIG t=30725000 epoch=6145 flow=18 side=new cur=4457504926 next=4491283508 tgt=4540908834 f=0.405 u=0 breach=3 end=
CBAP_MIG t=30725000 epoch=6145 flow=19 side=new cur=4457504926 next=4491283508 tgt=4540908834 f=0.405 u=0 breach=3 end=
CBAP_MIG t=30725000 epoch=6145 flow=20 side=new cur=4457504927 next=4491283509 tgt=4540908834 f=0.405 u=0 breach=3 end=
CBAP_MIG t=30725000 epoch=6145 flow=21 side=new cur=4457504928 next=4491283509 tgt=4540908834 f=0.405 u=0 breach=3 end=
CBAP_MIG t=30725000 epoch=6145 flow=22 side=new cur=4457504926 next=4491283508 tgt=4540908834 f=0.405 u=0 breach=3 end=
CBAP_MIG t=30725000 epoch=6145 flow=23 side=new cur=4457504926 next=4491283508 tgt=4540908834 f=0.405 u=0 breach=3 end=
CBAP_MIG t=30725000 epoch=6145 flow=26 side=new cur=4457504926 next=4491283508 tgt=4540908834 f=0.405 u=0 breach=3 end=
CBAP_MIG t=30725000 epoch=6145 flow=27 side=new cur=4457504928 next=4491283509 tgt=4540908834 f=0.405 u=0 breach=3 end=
CBAP_MIG t=30725000 epoch=6145 flow=28 side=new cur=4457504926 next=4491283508 tgt=4540908834 f=0.405 u=0 breach=3 end=
CBAP_MIG t=30725000 epoch=6145 flow=29 side=new cur=4457504927 next=4491283509 tgt=4540908834 f=0.405 u=0 breach=3 end=
CBAP_MIG t=30725000 epoch=6145 flow=32 side=new cur=4457504926 next=4491283508 tgt=4540908834 f=0.405 u=0 breach=3 end=
CBAP_MIG t=30725000 epoch=6145 flow=33 side=new cur=4457504926 next=4491283508 tgt=4540908834 f=0.405 u=0 breach=3 end=
CBAP_MIG t=30725000 epoch=6145 flow=35 side=new cur=4457504926 next=4491283508 tgt=4540908834 f=0.405 u=0 breach=3 end=
CBAP_MIG t=30725000 epoch=6145 flow=37 side=new cur=4457504926 next=4491283508 tgt=4540908834 f=0.405 u=0 breach=3 end=
CBAP_MIG t=30725000 epoch=6145 flow=39 side=new cur=4457504926 next=4491283508 tgt=4540908834 f=0.405 u=0 breach=3 end=
CBAP_MIG t=30725000 epoch=6145 flow=40 side=new cur=4457504926 next=4491283508 tgt=4540908834 f=0.405 u=0 breach=3 end=
CBAP_MIG t=30725000 epoch=6145 flow=42 side=new cur=4457504926 next=4491283508 tgt=4540908834 f=0.405 u=0 breach=3 end=
CBAP_MIG t=30725000 epoch=6145 flow=43 side=new cur=4457504927 next=4491283509 tgt=4540908834 f=0.405 u=0 breach=3 end=
CBAP_MIG t=30725000 epoch=6145 flow=45 side=new cur=4457504926 next=4491283508 tgt=4540908834 f=0.405 u=0 breach=3 end=
CBAP_MIG t=30725000 epoch=6145 flow=47 side=new cur=4457504926 next=4491283508 tgt=4540908834 f=0.405 u=0 breach=3 end=
CBAP_MIG t=30725000 epoch=6145 flow=50 side=new cur=4457504926 next=4491283508 tgt=4540908834 f=0.405 u=0 breach=3 end=
CBAP_MIG t=30725000 epoch=6145 flow=51 side=new cur=4457504927 next=4491283509 tgt=4540908834 f=0.405 u=0 breach=3 end=
CBAP_MIG t=30725000 epoch=6145 flow=52 side=new cur=4457504928 next=4491283509 tgt=4540908834 f=0.405 u=0 breach=3 end=
CBAP_MIG t=30725000 epoch=6145 flow=54 side=new cur=4457504926 next=4491283508 tgt=4540908834 f=0.405 u=0 breach=3 end=
CBAP_MIG t=30725000 epoch=6145 flow=55 side=new cur=4457504926 next=4491283508 tgt=4540908834 f=0.405 u=0 breach=3 end=
CBAP_MIG t=30725000 epoch=6145 flow=56 side=new cur=4457504926 next=4491283508 tgt=4540908834 f=0.405 u=0 breach=3 end=
CBAP_MIG t=30725000 epoch=6145 flow=58 side=new cur=4457504926 next=4491283508 tgt=4540908834 f=0.405 u=0 breach=3 end=
CBAP_MIG t=30725000 epoch=6145 flow=59 side=new cur=4457504927 next=4491283509 tgt=4540908834 f=0.405 u=0 breach=3 end=
CBAP_MIG t=30725000 epoch=6145 flow=60 side=new cur=4457504926 next=4491283508 tgt=4540908834 f=0.405 u=0 breach=3 end=
CBAP_MIG t=30725000 epoch=6145 flow=61 side=new cur=4457504927 next=4491283509 tgt=4540908834 f=0.405 u=0 breach=3 end=
CBAP_MIG t=30725000 epoch=6145 flow=62 side=new cur=4457504928 next=4491283509 tgt=4540908834 f=0.405 u=0 breach=3 end=
CBAP_MIG t=30725000 epoch=6145 flow=63 side=new cur=4457504927 next=4491283509 tgt=4540908834 f=0.405 u=0 breach=3 end=
CBAP_MIG t=30725000 epoch=6145 flow=64 side=new cur=4457504926 next=4491283508 tgt=4540908834 f=0.405 u=0 breach=3 end=
CBAP_MIG t=30730000 epoch=6146 flow=1 side=new cur=4491283509 next=4511381765 tgt=4540908834 f=0.405 u=0 breach=3 end=converged
CBAP_MIG t=30730000 epoch=6146 flow=2 side=new cur=4491283508 next=4511381765 tgt=4540908834 f=0.405 u=0 breach=3 end=converged
CBAP_MIG t=30730000 epoch=6146 flow=4 side=new cur=4491283509 next=4511381765 tgt=4540908834 f=0.405 u=0 breach=3 end=converged
CBAP_MIG t=30730000 epoch=6146 flow=5 side=new cur=4491283508 next=4511381765 tgt=4540908834 f=0.405 u=0 breach=3 end=converged
CBAP_MIG t=30730000 epoch=6146 flow=8 side=new cur=4491283509 next=4511381765 tgt=4540908834 f=0.405 u=0 breach=3 end=converged
CBAP_MIG t=30730000 epoch=6146 flow=9 side=new cur=4491283509 next=4511381765 tgt=4540908834 f=0.405 u=0 breach=3 end=converged
CBAP_MIG t=30730000 epoch=6146 flow=10 side=new cur=4491283508 next=4511381765 tgt=4540908834 f=0.405 u=0 breach=3 end=converged
CBAP_MIG t=30730000 epoch=6146 flow=12 side=new cur=4491283509 next=4511381765 tgt=4540908834 f=0.405 u=0 breach=3 end=converged
CBAP_MIG t=30730000 epoch=6146 flow=13 side=new cur=4491283508 next=4511381765 tgt=4540908834 f=0.405 u=0 breach=3 end=converged
CBAP_MIG t=30730000 epoch=6146 flow=14 side=new cur=4491283508 next=4511381765 tgt=4540908834 f=0.405 u=0 breach=3 end=converged
CBAP_MIG t=30730000 epoch=6146 flow=16 side=new cur=4491283508 next=4511381765 tgt=4540908834 f=0.405 u=0 breach=3 end=converged
CBAP_MIG t=30730000 epoch=6146 flow=18 side=new cur=4491283508 next=4511381765 tgt=4540908834 f=0.405 u=0 breach=3 end=converged
CBAP_MIG t=30730000 epoch=6146 flow=19 side=new cur=4491283508 next=4511381765 tgt=4540908834 f=0.405 u=0 breach=3 end=converged
CBAP_MIG t=30730000 epoch=6146 flow=20 side=new cur=4491283509 next=4511381765 tgt=4540908834 f=0.405 u=0 breach=3 end=converged
CBAP_MIG t=30730000 epoch=6146 flow=21 side=new cur=4491283509 next=4511381765 tgt=4540908834 f=0.405 u=0 breach=3 end=converged
CBAP_MIG t=30730000 epoch=6146 flow=22 side=new cur=4491283508 next=4511381765 tgt=4540908834 f=0.405 u=0 breach=3 end=converged
CBAP_MIG t=30730000 epoch=6146 flow=23 side=new cur=4491283508 next=4511381765 tgt=4540908834 f=0.405 u=0 breach=3 end=converged
CBAP_MIG t=30730000 epoch=6146 flow=26 side=new cur=4491283508 next=4511381765 tgt=4540908834 f=0.405 u=0 breach=3 end=converged
CBAP_MIG t=30730000 epoch=6146 flow=27 side=new cur=4491283509 next=4511381765 tgt=4540908834 f=0.405 u=0 breach=3 end=converged
CBAP_MIG t=30730000 epoch=6146 flow=28 side=new cur=4491283508 next=4511381765 tgt=4540908834 f=0.405 u=0 breach=3 end=converged
CBAP_MIG t=30730000 epoch=6146 flow=29 side=new cur=4491283509 next=4511381765 tgt=4540908834 f=0.405 u=0 breach=3 end=converged
CBAP_MIG t=30730000 epoch=6146 flow=32 side=new cur=4491283508 next=4511381765 tgt=4540908834 f=0.405 u=0 breach=3 end=converged
CBAP_MIG t=30730000 epoch=6146 flow=33 side=new cur=4491283508 next=4511381765 tgt=4540908834 f=0.405 u=0 breach=3 end=converged
CBAP_MIG t=30730000 epoch=6146 flow=35 side=new cur=4491283508 next=4511381765 tgt=4540908834 f=0.405 u=0 breach=3 end=converged
CBAP_MIG t=30730000 epoch=6146 flow=37 side=new cur=4491283508 next=4511381765 tgt=4540908834 f=0.405 u=0 breach=3 end=converged
CBAP_MIG t=30730000 epoch=6146 flow=39 side=new cur=4491283508 next=4511381765 tgt=4540908834 f=0.405 u=0 breach=3 end=converged
CBAP_MIG t=30730000 epoch=6146 flow=40 side=new cur=4491283508 next=4511381765 tgt=4540908834 f=0.405 u=0 breach=3 end=converged
CBAP_MIG t=30730000 epoch=6146 flow=42 side=new cur=4491283508 next=4511381765 tgt=4540908834 f=0.405 u=0 breach=3 end=converged
CBAP_MIG t=30730000 epoch=6146 flow=43 side=new cur=4491283509 next=4511381765 tgt=4540908834 f=0.405 u=0 breach=3 end=converged
CBAP_MIG t=30730000 epoch=6146 flow=45 side=new cur=4491283508 next=4511381765 tgt=4540908834 f=0.405 u=0 breach=3 end=converged
CBAP_MIG t=30730000 epoch=6146 flow=47 side=new cur=4491283508 next=4511381765 tgt=4540908834 f=0.405 u=0 breach=3 end=converged
CBAP_MIG t=30730000 epoch=6146 flow=50 side=new cur=4491283508 next=4511381765 tgt=4540908834 f=0.405 u=0 breach=3 end=converged
CBAP_MIG t=30730000 epoch=6146 flow=51 side=new cur=4491283509 next=4511381765 tgt=4540908834 f=0.405 u=0 breach=3 end=converged
CBAP_MIG t=30730000 epoch=6146 flow=52 side=new cur=4491283509 next=4511381765 tgt=4540908834 f=0.405 u=0 breach=3 end=converged
CBAP_MIG t=30730000 epoch=6146 flow=54 side=new cur=4491283508 next=4511381765 tgt=4540908834 f=0.405 u=0 breach=3 end=converged
CBAP_MIG t=30730000 epoch=6146 flow=55 side=new cur=4491283508 next=4511381765 tgt=4540908834 f=0.405 u=0 breach=3 end=converged
CBAP_MIG t=30730000 epoch=6146 flow=56 side=new cur=4491283508 next=4511381765 tgt=4540908834 f=0.405 u=0 breach=3 end=converged
CBAP_MIG t=30730000 epoch=6146 flow=58 side=new cur=4491283508 next=4511381765 tgt=4540908834 f=0.405 u=0 breach=3 end=converged
CBAP_MIG t=30730000 epoch=6146 flow=59 side=new cur=4491283509 next=4511381765 tgt=4540908834 f=0.405 u=0 breach=3 end=converged
CBAP_MIG t=30730000 epoch=6146 flow=60 side=new cur=4491283508 next=4511381765 tgt=4540908834 f=0.405 u=0 breach=3 end=converged
CBAP_MIG t=30730000 epoch=6146 flow=61 side=new cur=4491283509 next=4511381765 tgt=4540908834 f=0.405 u=0 breach=3 end=converged
CBAP_MIG t=30730000 epoch=6146 flow=62 side=new cur=4491283509 next=4511381765 tgt=4540908834 f=0.405 u=0 breach=3 end=converged
CBAP_MIG t=30730000 epoch=6146 flow=63 side=new cur=4491283509 next=4511381765 tgt=4540908834 f=0.405 u=0 breach=3 end=converged
CBAP_MIG t=30730000 epoch=6146 flow=64 side=new cur=4491283508 next=4511381765 tgt=4540908834 f=0.405 u=0 breach=3 end=converged
CBAP_MIG_REPLAN t=30760000 reason=active_set_shrank flow=0 batch=0 newest_batch=1 cur=2000078878 target=2000000000 ceiling=190000000000 old_side_present=1
CBAP_MIG_REPLAN t=30760000 reason=active_set_shrank flow=1 batch=1 newest_batch=1 cur=4511381765 target=4739534700 ceiling=200000000000 old_side_present=1
CBAP_MIG_REPLAN t=30760000 reason=active_set_shrank flow=2 batch=1 newest_batch=1 cur=4511381765 target=4739534700 ceiling=200000000000 old_side_present=1
CBAP_MIG_REPLAN t=30760000 reason=active_set_shrank flow=4 batch=1 newest_batch=1 cur=4511381765 target=4739534700 ceiling=200000000000 old_side_present=1
CBAP_MIG_REPLAN t=30760000 reason=active_set_shrank flow=5 batch=1 newest_batch=1 cur=4511381765 target=4739534700 ceiling=200000000000 old_side_present=1
CBAP_MIG_REPLAN t=30760000 reason=active_set_shrank flow=8 batch=1 newest_batch=1 cur=4511381765 target=4739534700 ceiling=200000000000 old_side_present=1
CBAP_MIG_REPLAN t=30760000 reason=active_set_shrank flow=9 batch=1 newest_batch=1 cur=4511381765 target=4739534700 ceiling=200000000000 old_side_present=1
CBAP_MIG_REPLAN t=30760000 reason=active_set_shrank flow=10 batch=1 newest_batch=1 cur=4511381765 target=4739534700 ceiling=200000000000 old_side_present=1
CBAP_MIG_REPLAN t=30760000 reason=active_set_shrank flow=12 batch=1 newest_batch=1 cur=4511381765 target=4739534700 ceiling=200000000000 old_side_present=1
CBAP_MIG_REPLAN t=30760000 reason=active_set_shrank flow=13 batch=1 newest_batch=1 cur=4511381765 target=4739534700 ceiling=200000000000 old_side_present=1
CBAP_MIG_REPLAN t=30760000 reason=active_set_shrank flow=14 batch=1 newest_batch=1 cur=4511381765 target=4739534700 ceiling=200000000000 old_side_present=1
CBAP_MIG_REPLAN t=30760000 reason=active_set_shrank flow=16 batch=1 newest_batch=1 cur=4511381765 target=4739534700 ceiling=200000000000 old_side_present=1
CBAP_MIG_REPLAN t=30760000 reason=active_set_shrank flow=18 batch=1 newest_batch=1 cur=4511381765 target=4739534700 ceiling=200000000000 old_side_present=1
CBAP_MIG_REPLAN t=30760000 reason=active_set_shrank flow=19 batch=1 newest_batch=1 cur=4511381765 target=4739534700 ceiling=200000000000 old_side_present=1
CBAP_MIG_REPLAN t=30760000 reason=active_set_shrank flow=20 batch=1 newest_batch=1 cur=4511381765 target=4739534700 ceiling=200000000000 old_side_present=1
CBAP_MIG_REPLAN t=30760000 reason=active_set_shrank flow=21 batch=1 newest_batch=1 cur=4511381765 target=4739534700 ceiling=200000000000 old_side_present=1
CBAP_MIG_REPLAN t=30760000 reason=active_set_shrank flow=22 batch=1 newest_batch=1 cur=4511381765 target=4739534700 ceiling=200000000000 old_side_present=1
CBAP_MIG_REPLAN t=30760000 reason=active_set_shrank flow=23 batch=1 newest_batch=1 cur=4511381765 target=4739534700 ceiling=200000000000 old_side_present=1
CBAP_MIG_REPLAN t=30760000 reason=active_set_shrank flow=26 batch=1 newest_batch=1 cur=4511381765 target=4739534700 ceiling=200000000000 old_side_present=1
CBAP_MIG_REPLAN t=30760000 reason=active_set_shrank flow=27 batch=1 newest_batch=1 cur=4511381765 target=4739534700 ceiling=200000000000 old_side_present=1
CBAP_MIG_REPLAN t=30760000 reason=active_set_shrank flow=28 batch=1 newest_batch=1 cur=4511381765 target=4739534700 ceiling=200000000000 old_side_present=1
CBAP_MIG_REPLAN t=30760000 reason=active_set_shrank flow=29 batch=1 newest_batch=1 cur=4511381765 target=4739534700 ceiling=200000000000 old_side_present=1
CBAP_MIG_REPLAN t=30760000 reason=active_set_shrank flow=32 batch=1 newest_batch=1 cur=4511381765 target=4739534700 ceiling=200000000000 old_side_present=1
CBAP_MIG_REPLAN t=30760000 reason=active_set_shrank flow=33 batch=1 newest_batch=1 cur=4511381765 target=4739534700 ceiling=200000000000 old_side_present=1
CBAP_MIG_REPLAN t=30760000 reason=active_set_shrank flow=35 batch=1 newest_batch=1 cur=4511381765 target=4739534700 ceiling=200000000000 old_side_present=1
CBAP_MIG_REPLAN t=30760000 reason=active_set_shrank flow=37 batch=1 newest_batch=1 cur=4511381765 target=4739534700 ceiling=200000000000 old_side_present=1
CBAP_MIG_REPLAN t=30760000 reason=active_set_shrank flow=39 batch=1 newest_batch=1 cur=4511381765 target=4739534700 ceiling=200000000000 old_side_present=1
CBAP_MIG_REPLAN t=30760000 reason=active_set_shrank flow=40 batch=1 newest_batch=1 cur=4511381765 target=4739534700 ceiling=200000000000 old_side_present=1
CBAP_MIG_REPLAN t=30760000 reason=active_set_shrank flow=42 batch=1 newest_batch=1 cur=4511381765 target=4739534700 ceiling=200000000000 old_side_present=1
CBAP_MIG_REPLAN t=30760000 reason=active_set_shrank flow=43 batch=1 newest_batch=1 cur=4511381765 target=4739534700 ceiling=200000000000 old_side_present=1
CBAP_MIG_REPLAN t=30760000 reason=active_set_shrank flow=45 batch=1 newest_batch=1 cur=4511381765 target=4739534700 ceiling=200000000000 old_side_present=1
CBAP_MIG_REPLAN t=30760000 reason=active_set_shrank flow=47 batch=1 newest_batch=1 cur=4511381765 target=4739534700 ceiling=200000000000 old_side_present=1
CBAP_MIG_REPLAN t=30760000 reason=active_set_shrank flow=50 batch=1 newest_batch=1 cur=4511381765 target=4739534700 ceiling=200000000000 old_side_present=1
CBAP_MIG_REPLAN t=30760000 reason=active_set_shrank flow=51 batch=1 newest_batch=1 cur=4511381765 target=4739534700 ceiling=200000000000 old_side_present=1
CBAP_MIG_REPLAN t=30760000 reason=active_set_shrank flow=52 batch=1 newest_batch=1 cur=4511381765 target=4739534700 ceiling=200000000000 old_side_present=1
CBAP_MIG_REPLAN t=30760000 reason=active_set_shrank flow=55 batch=1 newest_batch=1 cur=4511381765 target=4739534700 ceiling=200000000000 old_side_present=1
CBAP_MIG_REPLAN t=30760000 reason=active_set_shrank flow=56 batch=1 newest_batch=1 cur=4511381765 target=4739534700 ceiling=200000000000 old_side_present=1
CBAP_MIG_REPLAN t=30760000 reason=active_set_shrank flow=58 batch=1 newest_batch=1 cur=4511381765 target=4739534700 ceiling=200000000000 old_side_present=1
CBAP_MIG_REPLAN t=30760000 reason=active_set_shrank flow=59 batch=1 newest_batch=1 cur=4511381765 target=4739534700 ceiling=200000000000 old_side_present=1
CBAP_MIG_REPLAN t=30760000 reason=active_set_shrank flow=60 batch=1 newest_batch=1 cur=4511381765 target=4739534700 ceiling=200000000000 old_side_present=1
CBAP_MIG_REPLAN t=30760000 reason=active_set_shrank flow=61 batch=1 newest_batch=1 cur=4511381765 target=4739534700 ceiling=200000000000 old_side_present=1
CBAP_MIG_REPLAN t=30760000 reason=active_set_shrank flow=62 batch=1 newest_batch=1 cur=4511381765 target=4739534700 ceiling=200000000000 old_side_present=1
CBAP_MIG_REPLAN t=30760000 reason=active_set_shrank flow=63 batch=1 newest_batch=1 cur=4511381765 target=4739534700 ceiling=200000000000 old_side_present=1
CBAP_MIG_REPLAN t=30760000 reason=active_set_shrank flow=64 batch=1 newest_batch=1 cur=4511381765 target=4739534700 ceiling=200000000000 old_side_present=1
CBAP_MIG t=30760000 epoch=6152 flow=0 side=old cur=2000078878 next=2000055214 tgt=2000000000 f=0.3 u=0 breach=0 end=converged
CBAP_MIG t=30760000 epoch=6152 flow=1 side=new cur=4511381765 next=4603783703 tgt=4739534700 f=0.405 u=0 breach=3 end=
CBAP_MIG t=30760000 epoch=6152 flow=2 side=new cur=4511381765 next=4603783703 tgt=4739534700 f=0.405 u=0 breach=3 end=
CBAP_MIG t=30760000 epoch=6152 flow=4 side=new cur=4511381765 next=4603783703 tgt=4739534700 f=0.405 u=0 breach=3 end=
CBAP_MIG t=30760000 epoch=6152 flow=5 side=new cur=4511381765 next=4603783703 tgt=4739534700 f=0.405 u=0 breach=3 end=
CBAP_MIG t=30760000 epoch=6152 flow=8 side=new cur=4511381765 next=4603783703 tgt=4739534700 f=0.405 u=0 breach=3 end=
CBAP_MIG t=30760000 epoch=6152 flow=9 side=new cur=4511381765 next=4603783703 tgt=4739534700 f=0.405 u=0 breach=3 end=
CBAP_MIG t=30760000 epoch=6152 flow=10 side=new cur=4511381765 next=4603783703 tgt=4739534700 f=0.405 u=0 breach=3 end=
CBAP_MIG t=30760000 epoch=6152 flow=12 side=new cur=4511381765 next=4603783703 tgt=4739534700 f=0.405 u=0 breach=3 end=
CBAP_MIG t=30760000 epoch=6152 flow=13 side=new cur=4511381765 next=4603783703 tgt=4739534700 f=0.405 u=0 breach=3 end=
CBAP_MIG t=30760000 epoch=6152 flow=14 side=new cur=4511381765 next=4603783703 tgt=4739534700 f=0.405 u=0 breach=3 end=
CBAP_MIG t=30760000 epoch=6152 flow=16 side=new cur=4511381765 next=4603783703 tgt=4739534700 f=0.405 u=0 breach=3 end=
CBAP_MIG t=30760000 epoch=6152 flow=18 side=new cur=4511381765 next=4603783703 tgt=4739534700 f=0.405 u=0 breach=3 end=
CBAP_MIG t=30760000 epoch=6152 flow=19 side=new cur=4511381765 next=4603783703 tgt=4739534700 f=0.405 u=0 breach=3 end=
CBAP_MIG t=30760000 epoch=6152 flow=20 side=new cur=4511381765 next=4603783703 tgt=4739534700 f=0.405 u=0 breach=3 end=
CBAP_MIG t=30760000 epoch=6152 flow=21 side=new cur=4511381765 next=4603783703 tgt=4739534700 f=0.405 u=0 breach=3 end=
CBAP_MIG t=30760000 epoch=6152 flow=22 side=new cur=4511381765 next=4603783703 tgt=4739534700 f=0.405 u=0 breach=3 end=
CBAP_MIG t=30760000 epoch=6152 flow=23 side=new cur=4511381765 next=4603783703 tgt=4739534700 f=0.405 u=0 breach=3 end=
CBAP_MIG t=30760000 epoch=6152 flow=26 side=new cur=4511381765 next=4603783703 tgt=4739534700 f=0.405 u=0 breach=3 end=
CBAP_MIG t=30760000 epoch=6152 flow=27 side=new cur=4511381765 next=4603783703 tgt=4739534700 f=0.405 u=0 breach=3 end=
CBAP_MIG t=30760000 epoch=6152 flow=28 side=new cur=4511381765 next=4603783703 tgt=4739534700 f=0.405 u=0 breach=3 end=
CBAP_MIG t=30760000 epoch=6152 flow=29 side=new cur=4511381765 next=4603783703 tgt=4739534700 f=0.405 u=0 breach=3 end=
CBAP_MIG t=30760000 epoch=6152 flow=32 side=new cur=4511381765 next=4603783703 tgt=4739534700 f=0.405 u=0 breach=3 end=
CBAP_MIG t=30760000 epoch=6152 flow=33 side=new cur=4511381765 next=4603783703 tgt=4739534700 f=0.405 u=0 breach=3 end=
CBAP_MIG t=30760000 epoch=6152 flow=35 side=new cur=4511381765 next=4603783703 tgt=4739534700 f=0.405 u=0 breach=3 end=
CBAP_MIG t=30760000 epoch=6152 flow=37 side=new cur=4511381765 next=4603783703 tgt=4739534700 f=0.405 u=0 breach=3 end=
CBAP_MIG t=30760000 epoch=6152 flow=39 side=new cur=4511381765 next=4603783703 tgt=4739534700 f=0.405 u=0 breach=3 end=
CBAP_MIG t=30760000 epoch=6152 flow=40 side=new cur=4511381765 next=4603783703 tgt=4739534700 f=0.405 u=0 breach=3 end=
CBAP_MIG t=30760000 epoch=6152 flow=42 side=new cur=4511381765 next=4603783703 tgt=4739534700 f=0.405 u=0 breach=3 end=
CBAP_MIG t=30760000 epoch=6152 flow=43 side=new cur=4511381765 next=4603783703 tgt=4739534700 f=0.405 u=0 breach=3 end=
CBAP_MIG t=30760000 epoch=6152 flow=45 side=new cur=4511381765 next=4603783703 tgt=4739534700 f=0.405 u=0 breach=3 end=
CBAP_MIG t=30760000 epoch=6152 flow=47 side=new cur=4511381765 next=4603783703 tgt=4739534700 f=0.405 u=0 breach=3 end=
CBAP_MIG t=30760000 epoch=6152 flow=50 side=new cur=4511381765 next=4603783703 tgt=4739534700 f=0.405 u=0 breach=3 end=
CBAP_MIG t=30760000 epoch=6152 flow=51 side=new cur=4511381765 next=4603783703 tgt=4739534700 f=0.405 u=0 breach=3 end=
CBAP_MIG t=30760000 epoch=6152 flow=52 side=new cur=4511381765 next=4603783703 tgt=4739534700 f=0.405 u=0 breach=3 end=
CBAP_MIG t=30760000 epoch=6152 flow=55 side=new cur=4511381765 next=4603783703 tgt=4739534700 f=0.405 u=0 breach=3 end=
CBAP_MIG t=30760000 epoch=6152 flow=56 side=new cur=4511381765 next=4603783703 tgt=4739534700 f=0.405 u=0 breach=3 end=
CBAP_MIG t=30760000 epoch=6152 flow=58 side=new cur=4511381765 next=4603783703 tgt=4739534700 f=0.405 u=0 breach=3 end=
CBAP_MIG t=30760000 epoch=6152 flow=59 side=new cur=4511381765 next=4603783703 tgt=4739534700 f=0.405 u=0 breach=3 end=
CBAP_MIG t=30760000 epoch=6152 flow=60 side=new cur=4511381765 next=4603783703 tgt=4739534700 f=0.405 u=0 breach=3 end=
CBAP_MIG t=30760000 epoch=6152 flow=61 side=new cur=4511381765 next=4603783703 tgt=4739534700 f=0.405 u=0 breach=3 end=
CBAP_MIG t=30760000 epoch=6152 flow=62 side=new cur=4511381765 next=4603783703 tgt=4739534700 f=0.405 u=0 breach=3 end=
CBAP_MIG t=30760000 epoch=6152 flow=63 side=new cur=4511381765 next=4603783703 tgt=4739534700 f=0.405 u=0 breach=3 end=
CBAP_MIG t=30760000 epoch=6152 flow=64 side=new cur=4511381765 next=4603783703 tgt=4739534700 f=0.405 u=0 breach=3 end=
CBAP_MIG t=30765000 epoch=6153 flow=1 side=new cur=4603783703 next=4658762856 tgt=4739534700 f=0.405 u=0 breach=3 end=
CBAP_MIG t=30765000 epoch=6153 flow=2 side=new cur=4603783703 next=4658762856 tgt=4739534700 f=0.405 u=0 breach=3 end=
CBAP_MIG t=30765000 epoch=6153 flow=4 side=new cur=4603783703 next=4658762856 tgt=4739534700 f=0.405 u=0 breach=3 end=
CBAP_MIG t=30765000 epoch=6153 flow=5 side=new cur=4603783703 next=4658762856 tgt=4739534700 f=0.405 u=0 breach=3 end=
CBAP_MIG t=30765000 epoch=6153 flow=8 side=new cur=4603783703 next=4658762856 tgt=4739534700 f=0.405 u=0 breach=3 end=
CBAP_MIG t=30765000 epoch=6153 flow=9 side=new cur=4603783703 next=4658762856 tgt=4739534700 f=0.405 u=0 breach=3 end=
CBAP_MIG t=30765000 epoch=6153 flow=10 side=new cur=4603783703 next=4658762856 tgt=4739534700 f=0.405 u=0 breach=3 end=
CBAP_MIG t=30765000 epoch=6153 flow=12 side=new cur=4603783703 next=4658762856 tgt=4739534700 f=0.405 u=0 breach=3 end=
CBAP_MIG t=30765000 epoch=6153 flow=13 side=new cur=4603783703 next=4658762856 tgt=4739534700 f=0.405 u=0 breach=3 end=
CBAP_MIG t=30765000 epoch=6153 flow=14 side=new cur=4603783703 next=4658762856 tgt=4739534700 f=0.405 u=0 breach=3 end=
CBAP_MIG t=30765000 epoch=6153 flow=16 side=new cur=4603783703 next=4658762856 tgt=4739534700 f=0.405 u=0 breach=3 end=
CBAP_MIG t=30765000 epoch=6153 flow=18 side=new cur=4603783703 next=4658762856 tgt=4739534700 f=0.405 u=0 breach=3 end=
CBAP_MIG t=30765000 epoch=6153 flow=19 side=new cur=4603783703 next=4658762856 tgt=4739534700 f=0.405 u=0 breach=3 end=
CBAP_MIG t=30765000 epoch=6153 flow=20 side=new cur=4603783703 next=4658762856 tgt=4739534700 f=0.405 u=0 breach=3 end=
CBAP_MIG t=30765000 epoch=6153 flow=21 side=new cur=4603783703 next=4658762856 tgt=4739534700 f=0.405 u=0 breach=3 end=
CBAP_MIG t=30765000 epoch=6153 flow=22 side=new cur=4603783703 next=4658762856 tgt=4739534700 f=0.405 u=0 breach=3 end=
CBAP_MIG t=30765000 epoch=6153 flow=23 side=new cur=4603783703 next=4658762856 tgt=4739534700 f=0.405 u=0 breach=3 end=
CBAP_MIG t=30765000 epoch=6153 flow=26 side=new cur=4603783703 next=4658762856 tgt=4739534700 f=0.405 u=0 breach=3 end=
CBAP_MIG t=30765000 epoch=6153 flow=27 side=new cur=4603783703 next=4658762856 tgt=4739534700 f=0.405 u=0 breach=3 end=
CBAP_MIG t=30765000 epoch=6153 flow=28 side=new cur=4603783703 next=4658762856 tgt=4739534700 f=0.405 u=0 breach=3 end=
CBAP_MIG t=30765000 epoch=6153 flow=29 side=new cur=4603783703 next=4658762856 tgt=4739534700 f=0.405 u=0 breach=3 end=
CBAP_MIG t=30765000 epoch=6153 flow=32 side=new cur=4603783703 next=4658762856 tgt=4739534700 f=0.405 u=0 breach=3 end=
CBAP_MIG t=30765000 epoch=6153 flow=33 side=new cur=4603783703 next=4658762856 tgt=4739534700 f=0.405 u=0 breach=3 end=
CBAP_MIG t=30765000 epoch=6153 flow=35 side=new cur=4603783703 next=4658762856 tgt=4739534700 f=0.405 u=0 breach=3 end=
CBAP_MIG t=30765000 epoch=6153 flow=37 side=new cur=4603783703 next=4658762856 tgt=4739534700 f=0.405 u=0 breach=3 end=
CBAP_MIG t=30765000 epoch=6153 flow=39 side=new cur=4603783703 next=4658762856 tgt=4739534700 f=0.405 u=0 breach=3 end=
CBAP_MIG t=30765000 epoch=6153 flow=40 side=new cur=4603783703 next=4658762856 tgt=4739534700 f=0.405 u=0 breach=3 end=
CBAP_MIG t=30765000 epoch=6153 flow=42 side=new cur=4603783703 next=4658762856 tgt=4739534700 f=0.405 u=0 breach=3 end=
CBAP_MIG t=30765000 epoch=6153 flow=43 side=new cur=4603783703 next=4658762856 tgt=4739534700 f=0.405 u=0 breach=3 end=
CBAP_MIG t=30765000 epoch=6153 flow=45 side=new cur=4603783703 next=4658762856 tgt=4739534700 f=0.405 u=0 breach=3 end=
CBAP_MIG t=30765000 epoch=6153 flow=47 side=new cur=4603783703 next=4658762856 tgt=4739534700 f=0.405 u=0 breach=3 end=
CBAP_MIG t=30765000 epoch=6153 flow=50 side=new cur=4603783703 next=4658762856 tgt=4739534700 f=0.405 u=0 breach=3 end=
CBAP_MIG t=30765000 epoch=6153 flow=51 side=new cur=4603783703 next=4658762856 tgt=4739534700 f=0.405 u=0 breach=3 end=
CBAP_MIG t=30765000 epoch=6153 flow=52 side=new cur=4603783703 next=4658762856 tgt=4739534700 f=0.405 u=0 breach=3 end=
CBAP_MIG t=30765000 epoch=6153 flow=55 side=new cur=4603783703 next=4658762856 tgt=4739534700 f=0.405 u=0 breach=3 end=
CBAP_MIG t=30765000 epoch=6153 flow=56 side=new cur=4603783703 next=4658762856 tgt=4739534700 f=0.405 u=0 breach=3 end=
CBAP_MIG t=30765000 epoch=6153 flow=58 side=new cur=4603783703 next=4658762856 tgt=4739534700 f=0.405 u=0 breach=3 end=
CBAP_MIG t=30765000 epoch=6153 flow=59 side=new cur=4603783703 next=4658762856 tgt=4739534700 f=0.405 u=0 breach=3 end=
CBAP_MIG t=30765000 epoch=6153 flow=60 side=new cur=4603783703 next=4658762856 tgt=4739534700 f=0.405 u=0 breach=3 end=
CBAP_MIG t=30765000 epoch=6153 flow=61 side=new cur=4603783703 next=4658762856 tgt=4739534700 f=0.405 u=0 breach=3 end=
CBAP_MIG t=30765000 epoch=6153 flow=62 side=new cur=4603783703 next=4658762856 tgt=4739534700 f=0.405 u=0 breach=3 end=
CBAP_MIG t=30765000 epoch=6153 flow=63 side=new cur=4603783703 next=4658762856 tgt=4739534700 f=0.405 u=0 breach=3 end=
CBAP_MIG t=30765000 epoch=6153 flow=64 side=new cur=4603783703 next=4658762856 tgt=4739534700 f=0.405 u=0 breach=3 end=
CBAP_MIG_REPLAN t=30770000 reason=active_set_shrank flow=0 batch=0 newest_batch=1 cur=2000055214 target=2000000000 ceiling=190000000000 old_side_present=1
CBAP_MIG_REPLAN t=30770000 reason=active_set_shrank flow=1 batch=1 newest_batch=1 cur=4658762856 target=4852380820 ceiling=200000000000 old_side_present=1
CBAP_MIG_REPLAN t=30770000 reason=active_set_shrank flow=2 batch=1 newest_batch=1 cur=4658762856 target=4852380820 ceiling=200000000000 old_side_present=1
CBAP_MIG_REPLAN t=30770000 reason=active_set_shrank flow=4 batch=1 newest_batch=1 cur=4658762856 target=4852380820 ceiling=200000000000 old_side_present=1
CBAP_MIG_REPLAN t=30770000 reason=active_set_shrank flow=5 batch=1 newest_batch=1 cur=4658762856 target=4852380820 ceiling=200000000000 old_side_present=1
CBAP_MIG_REPLAN t=30770000 reason=active_set_shrank flow=8 batch=1 newest_batch=1 cur=4658762856 target=4852380820 ceiling=200000000000 old_side_present=1
CBAP_MIG_REPLAN t=30770000 reason=active_set_shrank flow=9 batch=1 newest_batch=1 cur=4658762856 target=4852380820 ceiling=200000000000 old_side_present=1
CBAP_MIG_REPLAN t=30770000 reason=active_set_shrank flow=10 batch=1 newest_batch=1 cur=4658762856 target=4852380820 ceiling=200000000000 old_side_present=1
CBAP_MIG_REPLAN t=30770000 reason=active_set_shrank flow=12 batch=1 newest_batch=1 cur=4658762856 target=4852380820 ceiling=200000000000 old_side_present=1
CBAP_MIG_REPLAN t=30770000 reason=active_set_shrank flow=13 batch=1 newest_batch=1 cur=4658762856 target=4852380820 ceiling=200000000000 old_side_present=1
CBAP_MIG_REPLAN t=30770000 reason=active_set_shrank flow=14 batch=1 newest_batch=1 cur=4658762856 target=4852380820 ceiling=200000000000 old_side_present=1
CBAP_MIG_REPLAN t=30770000 reason=active_set_shrank flow=16 batch=1 newest_batch=1 cur=4658762856 target=4852380820 ceiling=200000000000 old_side_present=1
CBAP_MIG_REPLAN t=30770000 reason=active_set_shrank flow=18 batch=1 newest_batch=1 cur=4658762856 target=4852380820 ceiling=200000000000 old_side_present=1
CBAP_MIG_REPLAN t=30770000 reason=active_set_shrank flow=19 batch=1 newest_batch=1 cur=4658762856 target=4852380820 ceiling=200000000000 old_side_present=1
CBAP_MIG_REPLAN t=30770000 reason=active_set_shrank flow=20 batch=1 newest_batch=1 cur=4658762856 target=4852380820 ceiling=200000000000 old_side_present=1
CBAP_MIG_REPLAN t=30770000 reason=active_set_shrank flow=21 batch=1 newest_batch=1 cur=4658762856 target=4852380820 ceiling=200000000000 old_side_present=1
CBAP_MIG_REPLAN t=30770000 reason=active_set_shrank flow=22 batch=1 newest_batch=1 cur=4658762856 target=4852380820 ceiling=200000000000 old_side_present=1
CBAP_MIG_REPLAN t=30770000 reason=active_set_shrank flow=23 batch=1 newest_batch=1 cur=4658762856 target=4852380820 ceiling=200000000000 old_side_present=1
CBAP_MIG_REPLAN t=30770000 reason=active_set_shrank flow=26 batch=1 newest_batch=1 cur=4658762856 target=4852380820 ceiling=200000000000 old_side_present=1
CBAP_MIG_REPLAN t=30770000 reason=active_set_shrank flow=27 batch=1 newest_batch=1 cur=4658762856 target=4852380820 ceiling=200000000000 old_side_present=1
CBAP_MIG_REPLAN t=30770000 reason=active_set_shrank flow=28 batch=1 newest_batch=1 cur=4658762856 target=4852380820 ceiling=200000000000 old_side_present=1
CBAP_MIG_REPLAN t=30770000 reason=active_set_shrank flow=29 batch=1 newest_batch=1 cur=4658762856 target=4852380820 ceiling=200000000000 old_side_present=1
CBAP_MIG_REPLAN t=30770000 reason=active_set_shrank flow=32 batch=1 newest_batch=1 cur=4658762856 target=4852380820 ceiling=200000000000 old_side_present=1
CBAP_MIG_REPLAN t=30770000 reason=active_set_shrank flow=33 batch=1 newest_batch=1 cur=4658762856 target=4852380820 ceiling=200000000000 old_side_present=1
CBAP_MIG_REPLAN t=30770000 reason=active_set_shrank flow=35 batch=1 newest_batch=1 cur=4658762856 target=4852380820 ceiling=200000000000 old_side_present=1
CBAP_MIG_REPLAN t=30770000 reason=active_set_shrank flow=37 batch=1 newest_batch=1 cur=4658762856 target=4852380820 ceiling=200000000000 old_side_present=1
CBAP_MIG_REPLAN t=30770000 reason=active_set_shrank flow=39 batch=1 newest_batch=1 cur=4658762856 target=4852380820 ceiling=200000000000 old_side_present=1
CBAP_MIG_REPLAN t=30770000 reason=active_set_shrank flow=40 batch=1 newest_batch=1 cur=4658762856 target=4852380820 ceiling=200000000000 old_side_present=1
CBAP_MIG_REPLAN t=30770000 reason=active_set_shrank flow=42 batch=1 newest_batch=1 cur=4658762856 target=4852380820 ceiling=200000000000 old_side_present=1
CBAP_MIG_REPLAN t=30770000 reason=active_set_shrank flow=43 batch=1 newest_batch=1 cur=4658762856 target=4852380820 ceiling=200000000000 old_side_present=1
CBAP_MIG_REPLAN t=30770000 reason=active_set_shrank flow=45 batch=1 newest_batch=1 cur=4658762856 target=4852380820 ceiling=200000000000 old_side_present=1
CBAP_MIG_REPLAN t=30770000 reason=active_set_shrank flow=47 batch=1 newest_batch=1 cur=4658762856 target=4852380820 ceiling=200000000000 old_side_present=1
CBAP_MIG_REPLAN t=30770000 reason=active_set_shrank flow=50 batch=1 newest_batch=1 cur=4658762856 target=4852380820 ceiling=200000000000 old_side_present=1
CBAP_MIG_REPLAN t=30770000 reason=active_set_shrank flow=51 batch=1 newest_batch=1 cur=4658762856 target=4852380820 ceiling=200000000000 old_side_present=1
CBAP_MIG_REPLAN t=30770000 reason=active_set_shrank flow=52 batch=1 newest_batch=1 cur=4658762856 target=4852380820 ceiling=200000000000 old_side_present=1
CBAP_MIG_REPLAN t=30770000 reason=active_set_shrank flow=55 batch=1 newest_batch=1 cur=4658762856 target=4852380820 ceiling=200000000000 old_side_present=1
CBAP_MIG_REPLAN t=30770000 reason=active_set_shrank flow=56 batch=1 newest_batch=1 cur=4658762856 target=4852380820 ceiling=200000000000 old_side_present=1
CBAP_MIG_REPLAN t=30770000 reason=active_set_shrank flow=58 batch=1 newest_batch=1 cur=4658762856 target=4852380820 ceiling=200000000000 old_side_present=1
CBAP_MIG_REPLAN t=30770000 reason=active_set_shrank flow=59 batch=1 newest_batch=1 cur=4658762856 target=4852380820 ceiling=200000000000 old_side_present=1
CBAP_MIG_REPLAN t=30770000 reason=active_set_shrank flow=60 batch=1 newest_batch=1 cur=4658762856 target=4852380820 ceiling=200000000000 old_side_present=1
CBAP_MIG_REPLAN t=30770000 reason=active_set_shrank flow=61 batch=1 newest_batch=1 cur=4658762856 target=4852380820 ceiling=200000000000 old_side_present=1
CBAP_MIG_REPLAN t=30770000 reason=active_set_shrank flow=63 batch=1 newest_batch=1 cur=4658762856 target=4852380820 ceiling=200000000000 old_side_present=1
CBAP_MIG_REPLAN t=30770000 reason=active_set_shrank flow=64 batch=1 newest_batch=1 cur=4658762856 target=4852380820 ceiling=200000000000 old_side_present=1
CBAP_MIG t=30770000 epoch=6154 flow=0 side=old cur=2000055214 next=2000038649 tgt=2000000000 f=0.3 u=0 breach=0 end=converged
CBAP_MIG t=30770000 epoch=6154 flow=1 side=new cur=4658762856 next=4737178131 tgt=4852380820 f=0.405 u=0 breach=3 end=
CBAP_MIG t=30770000 epoch=6154 flow=2 side=new cur=4658762856 next=4737178131 tgt=4852380820 f=0.405 u=0 breach=3 end=
CBAP_MIG t=30770000 epoch=6154 flow=4 side=new cur=4658762856 next=4737178131 tgt=4852380820 f=0.405 u=0 breach=3 end=
CBAP_MIG t=30770000 epoch=6154 flow=5 side=new cur=4658762856 next=4737178131 tgt=4852380820 f=0.405 u=0 breach=3 end=
CBAP_MIG t=30770000 epoch=6154 flow=8 side=new cur=4658762856 next=4737178131 tgt=4852380820 f=0.405 u=0 breach=3 end=
CBAP_MIG t=30770000 epoch=6154 flow=9 side=new cur=4658762856 next=4737178131 tgt=4852380820 f=0.405 u=0 breach=3 end=
CBAP_MIG t=30770000 epoch=6154 flow=10 side=new cur=4658762856 next=4737178131 tgt=4852380820 f=0.405 u=0 breach=3 end=
CBAP_MIG t=30770000 epoch=6154 flow=12 side=new cur=4658762856 next=4737178131 tgt=4852380820 f=0.405 u=0 breach=3 end=
CBAP_MIG t=30770000 epoch=6154 flow=13 side=new cur=4658762856 next=4737178131 tgt=4852380820 f=0.405 u=0 breach=3 end=
CBAP_MIG t=30770000 epoch=6154 flow=14 side=new cur=4658762856 next=4737178131 tgt=4852380820 f=0.405 u=0 breach=3 end=
CBAP_MIG t=30770000 epoch=6154 flow=16 side=new cur=4658762856 next=4737178131 tgt=4852380820 f=0.405 u=0 breach=3 end=
CBAP_MIG t=30770000 epoch=6154 flow=18 side=new cur=4658762856 next=4737178131 tgt=4852380820 f=0.405 u=0 breach=3 end=
CBAP_MIG t=30770000 epoch=6154 flow=19 side=new cur=4658762856 next=4737178131 tgt=4852380820 f=0.405 u=0 breach=3 end=
CBAP_MIG t=30770000 epoch=6154 flow=20 side=new cur=4658762856 next=4737178131 tgt=4852380820 f=0.405 u=0 breach=3 end=
CBAP_MIG t=30770000 epoch=6154 flow=21 side=new cur=4658762856 next=4737178131 tgt=4852380820 f=0.405 u=0 breach=3 end=
CBAP_MIG t=30770000 epoch=6154 flow=22 side=new cur=4658762856 next=4737178131 tgt=4852380820 f=0.405 u=0 breach=3 end=
CBAP_MIG t=30770000 epoch=6154 flow=23 side=new cur=4658762856 next=4737178131 tgt=4852380820 f=0.405 u=0 breach=3 end=
CBAP_MIG t=30770000 epoch=6154 flow=26 side=new cur=4658762856 next=4737178131 tgt=4852380820 f=0.405 u=0 breach=3 end=
CBAP_MIG t=30770000 epoch=6154 flow=27 side=new cur=4658762856 next=4737178131 tgt=4852380820 f=0.405 u=0 breach=3 end=
CBAP_MIG t=30770000 epoch=6154 flow=28 side=new cur=4658762856 next=4737178131 tgt=4852380820 f=0.405 u=0 breach=3 end=
CBAP_MIG t=30770000 epoch=6154 flow=29 side=new cur=4658762856 next=4737178131 tgt=4852380820 f=0.405 u=0 breach=3 end=
CBAP_MIG t=30770000 epoch=6154 flow=32 side=new cur=4658762856 next=4737178131 tgt=4852380820 f=0.405 u=0 breach=3 end=
CBAP_MIG t=30770000 epoch=6154 flow=33 side=new cur=4658762856 next=4737178131 tgt=4852380820 f=0.405 u=0 breach=3 end=
CBAP_MIG t=30770000 epoch=6154 flow=35 side=new cur=4658762856 next=4737178131 tgt=4852380820 f=0.405 u=0 breach=3 end=
CBAP_MIG t=30770000 epoch=6154 flow=37 side=new cur=4658762856 next=4737178131 tgt=4852380820 f=0.405 u=0 breach=3 end=
CBAP_MIG t=30770000 epoch=6154 flow=39 side=new cur=4658762856 next=4737178131 tgt=4852380820 f=0.405 u=0 breach=3 end=
CBAP_MIG t=30770000 epoch=6154 flow=40 side=new cur=4658762856 next=4737178131 tgt=4852380820 f=0.405 u=0 breach=3 end=
CBAP_MIG t=30770000 epoch=6154 flow=42 side=new cur=4658762856 next=4737178131 tgt=4852380820 f=0.405 u=0 breach=3 end=
CBAP_MIG t=30770000 epoch=6154 flow=43 side=new cur=4658762856 next=4737178131 tgt=4852380820 f=0.405 u=0 breach=3 end=
CBAP_MIG t=30770000 epoch=6154 flow=45 side=new cur=4658762856 next=4737178131 tgt=4852380820 f=0.405 u=0 breach=3 end=
CBAP_MIG t=30770000 epoch=6154 flow=47 side=new cur=4658762856 next=4737178131 tgt=4852380820 f=0.405 u=0 breach=3 end=
CBAP_MIG t=30770000 epoch=6154 flow=50 side=new cur=4658762856 next=4737178131 tgt=4852380820 f=0.405 u=0 breach=3 end=
CBAP_MIG t=30770000 epoch=6154 flow=51 side=new cur=4658762856 next=4737178131 tgt=4852380820 f=0.405 u=0 breach=3 end=
CBAP_MIG t=30770000 epoch=6154 flow=52 side=new cur=4658762856 next=4737178131 tgt=4852380820 f=0.405 u=0 breach=3 end=
CBAP_MIG t=30770000 epoch=6154 flow=55 side=new cur=4658762856 next=4737178131 tgt=4852380820 f=0.405 u=0 breach=3 end=
CBAP_MIG t=30770000 epoch=6154 flow=56 side=new cur=4658762856 next=4737178131 tgt=4852380820 f=0.405 u=0 breach=3 end=
CBAP_MIG t=30770000 epoch=6154 flow=58 side=new cur=4658762856 next=4737178131 tgt=4852380820 f=0.405 u=0 breach=3 end=
CBAP_MIG t=30770000 epoch=6154 flow=59 side=new cur=4658762856 next=4737178131 tgt=4852380820 f=0.405 u=0 breach=3 end=
CBAP_MIG t=30770000 epoch=6154 flow=60 side=new cur=4658762856 next=4737178131 tgt=4852380820 f=0.405 u=0 breach=3 end=
CBAP_MIG t=30770000 epoch=6154 flow=61 side=new cur=4658762856 next=4737178131 tgt=4852380820 f=0.405 u=0 breach=3 end=
CBAP_MIG t=30770000 epoch=6154 flow=63 side=new cur=4658762856 next=4737178131 tgt=4852380820 f=0.405 u=0 breach=3 end=
CBAP_MIG t=30770000 epoch=6154 flow=64 side=new cur=4658762856 next=4737178131 tgt=4852380820 f=0.405 u=0 breach=3 end=
CBAP_MIG t=30775000 epoch=6155 flow=1 side=new cur=4737178131 next=4783835220 tgt=4852380820 f=0.405 u=0 breach=3 end=
CBAP_MIG t=30775000 epoch=6155 flow=2 side=new cur=4737178131 next=4783835220 tgt=4852380820 f=0.405 u=0 breach=3 end=
CBAP_MIG t=30775000 epoch=6155 flow=4 side=new cur=4737178131 next=4783835220 tgt=4852380820 f=0.405 u=0 breach=3 end=
CBAP_MIG t=30775000 epoch=6155 flow=5 side=new cur=4737178131 next=4783835220 tgt=4852380820 f=0.405 u=0 breach=3 end=
CBAP_MIG t=30775000 epoch=6155 flow=8 side=new cur=4737178131 next=4783835220 tgt=4852380820 f=0.405 u=0 breach=3 end=
CBAP_MIG t=30775000 epoch=6155 flow=9 side=new cur=4737178131 next=4783835220 tgt=4852380820 f=0.405 u=0 breach=3 end=
CBAP_MIG t=30775000 epoch=6155 flow=10 side=new cur=4737178131 next=4783835220 tgt=4852380820 f=0.405 u=0 breach=3 end=
CBAP_MIG t=30775000 epoch=6155 flow=12 side=new cur=4737178131 next=4783835220 tgt=4852380820 f=0.405 u=0 breach=3 end=
CBAP_MIG t=30775000 epoch=6155 flow=13 side=new cur=4737178131 next=4783835220 tgt=4852380820 f=0.405 u=0 breach=3 end=
CBAP_MIG t=30775000 epoch=6155 flow=14 side=new cur=4737178131 next=4783835220 tgt=4852380820 f=0.405 u=0 breach=3 end=
CBAP_MIG t=30775000 epoch=6155 flow=16 side=new cur=4737178131 next=4783835220 tgt=4852380820 f=0.405 u=0 breach=3 end=
CBAP_MIG t=30775000 epoch=6155 flow=18 side=new cur=4737178131 next=4783835220 tgt=4852380820 f=0.405 u=0 breach=3 end=
CBAP_MIG t=30775000 epoch=6155 flow=19 side=new cur=4737178131 next=4783835220 tgt=4852380820 f=0.405 u=0 breach=3 end=
CBAP_MIG t=30775000 epoch=6155 flow=20 side=new cur=4737178131 next=4783835220 tgt=4852380820 f=0.405 u=0 breach=3 end=
CBAP_MIG t=30775000 epoch=6155 flow=21 side=new cur=4737178131 next=4783835220 tgt=4852380820 f=0.405 u=0 breach=3 end=
CBAP_MIG t=30775000 epoch=6155 flow=22 side=new cur=4737178131 next=4783835220 tgt=4852380820 f=0.405 u=0 breach=3 end=
CBAP_MIG t=30775000 epoch=6155 flow=23 side=new cur=4737178131 next=4783835220 tgt=4852380820 f=0.405 u=0 breach=3 end=
CBAP_MIG t=30775000 epoch=6155 flow=26 side=new cur=4737178131 next=4783835220 tgt=4852380820 f=0.405 u=0 breach=3 end=
CBAP_MIG t=30775000 epoch=6155 flow=27 side=new cur=4737178131 next=4783835220 tgt=4852380820 f=0.405 u=0 breach=3 end=
CBAP_MIG t=30775000 epoch=6155 flow=28 side=new cur=4737178131 next=4783835220 tgt=4852380820 f=0.405 u=0 breach=3 end=
CBAP_MIG t=30775000 epoch=6155 flow=29 side=new cur=4737178131 next=4783835220 tgt=4852380820 f=0.405 u=0 breach=3 end=
CBAP_MIG t=30775000 epoch=6155 flow=32 side=new cur=4737178131 next=4783835220 tgt=4852380820 f=0.405 u=0 breach=3 end=
CBAP_MIG t=30775000 epoch=6155 flow=33 side=new cur=4737178131 next=4783835220 tgt=4852380820 f=0.405 u=0 breach=3 end=
CBAP_MIG t=30775000 epoch=6155 flow=35 side=new cur=4737178131 next=4783835220 tgt=4852380820 f=0.405 u=0 breach=3 end=
CBAP_MIG t=30775000 epoch=6155 flow=37 side=new cur=4737178131 next=4783835220 tgt=4852380820 f=0.405 u=0 breach=3 end=
CBAP_MIG t=30775000 epoch=6155 flow=39 side=new cur=4737178131 next=4783835220 tgt=4852380820 f=0.405 u=0 breach=3 end=
CBAP_MIG t=30775000 epoch=6155 flow=40 side=new cur=4737178131 next=4783835220 tgt=4852380820 f=0.405 u=0 breach=3 end=
CBAP_MIG t=30775000 epoch=6155 flow=42 side=new cur=4737178131 next=4783835220 tgt=4852380820 f=0.405 u=0 breach=3 end=
CBAP_MIG t=30775000 epoch=6155 flow=43 side=new cur=4737178131 next=4783835220 tgt=4852380820 f=0.405 u=0 breach=3 end=
CBAP_MIG t=30775000 epoch=6155 flow=45 side=new cur=4737178131 next=4783835220 tgt=4852380820 f=0.405 u=0 breach=3 end=
CBAP_MIG t=30775000 epoch=6155 flow=47 side=new cur=4737178131 next=4783835220 tgt=4852380820 f=0.405 u=0 breach=3 end=
CBAP_MIG t=30775000 epoch=6155 flow=50 side=new cur=4737178131 next=4783835220 tgt=4852380820 f=0.405 u=0 breach=3 end=
CBAP_MIG t=30775000 epoch=6155 flow=51 side=new cur=4737178131 next=4783835220 tgt=4852380820 f=0.405 u=0 breach=3 end=
CBAP_MIG t=30775000 epoch=6155 flow=52 side=new cur=4737178131 next=4783835220 tgt=4852380820 f=0.405 u=0 breach=3 end=
CBAP_MIG t=30775000 epoch=6155 flow=55 side=new cur=4737178131 next=4783835220 tgt=4852380820 f=0.405 u=0 breach=3 end=
CBAP_MIG t=30775000 epoch=6155 flow=56 side=new cur=4737178131 next=4783835220 tgt=4852380820 f=0.405 u=0 breach=3 end=
CBAP_MIG t=30775000 epoch=6155 flow=58 side=new cur=4737178131 next=4783835220 tgt=4852380820 f=0.405 u=0 breach=3 end=
CBAP_MIG t=30775000 epoch=6155 flow=59 side=new cur=4737178131 next=4783835220 tgt=4852380820 f=0.405 u=0 breach=3 end=
CBAP_MIG t=30775000 epoch=6155 flow=60 side=new cur=4737178131 next=4783835220 tgt=4852380820 f=0.405 u=0 breach=3 end=
CBAP_MIG t=30775000 epoch=6155 flow=61 side=new cur=4737178131 next=4783835220 tgt=4852380820 f=0.405 u=0 breach=3 end=
CBAP_MIG t=30775000 epoch=6155 flow=63 side=new cur=4737178131 next=4783835220 tgt=4852380820 f=0.405 u=0 breach=3 end=
CBAP_MIG t=30775000 epoch=6155 flow=64 side=new cur=4737178131 next=4783835220 tgt=4852380820 f=0.405 u=0 breach=3 end=
CBAP_MIG t=30780000 epoch=6156 flow=1 side=new cur=4783835220 next=4811596187 tgt=4852380820 f=0.405 u=0 breach=3 end=converged
CBAP_MIG t=30780000 epoch=6156 flow=2 side=new cur=4783835220 next=4811596187 tgt=4852380820 f=0.405 u=0 breach=3 end=converged
CBAP_MIG t=30780000 epoch=6156 flow=4 side=new cur=4783835220 next=4811596187 tgt=4852380820 f=0.405 u=0 breach=3 end=converged
CBAP_MIG t=30780000 epoch=6156 flow=5 side=new cur=4783835220 next=4811596187 tgt=4852380820 f=0.405 u=0 breach=3 end=converged
CBAP_MIG t=30780000 epoch=6156 flow=8 side=new cur=4783835220 next=4811596187 tgt=4852380820 f=0.405 u=0 breach=3 end=converged
CBAP_MIG t=30780000 epoch=6156 flow=9 side=new cur=4783835220 next=4811596187 tgt=4852380820 f=0.405 u=0 breach=3 end=converged
CBAP_MIG t=30780000 epoch=6156 flow=10 side=new cur=4783835220 next=4811596187 tgt=4852380820 f=0.405 u=0 breach=3 end=converged
CBAP_MIG t=30780000 epoch=6156 flow=12 side=new cur=4783835220 next=4811596187 tgt=4852380820 f=0.405 u=0 breach=3 end=converged
CBAP_MIG t=30780000 epoch=6156 flow=13 side=new cur=4783835220 next=4811596187 tgt=4852380820 f=0.405 u=0 breach=3 end=converged
CBAP_MIG t=30780000 epoch=6156 flow=14 side=new cur=4783835220 next=4811596187 tgt=4852380820 f=0.405 u=0 breach=3 end=converged
CBAP_MIG t=30780000 epoch=6156 flow=16 side=new cur=4783835220 next=4811596187 tgt=4852380820 f=0.405 u=0 breach=3 end=converged
CBAP_MIG t=30780000 epoch=6156 flow=18 side=new cur=4783835220 next=4811596187 tgt=4852380820 f=0.405 u=0 breach=3 end=converged
CBAP_MIG t=30780000 epoch=6156 flow=19 side=new cur=4783835220 next=4811596187 tgt=4852380820 f=0.405 u=0 breach=3 end=converged
CBAP_MIG t=30780000 epoch=6156 flow=20 side=new cur=4783835220 next=4811596187 tgt=4852380820 f=0.405 u=0 breach=3 end=converged
CBAP_MIG t=30780000 epoch=6156 flow=21 side=new cur=4783835220 next=4811596187 tgt=4852380820 f=0.405 u=0 breach=3 end=converged
CBAP_MIG t=30780000 epoch=6156 flow=22 side=new cur=4783835220 next=4811596187 tgt=4852380820 f=0.405 u=0 breach=3 end=converged
CBAP_MIG t=30780000 epoch=6156 flow=23 side=new cur=4783835220 next=4811596187 tgt=4852380820 f=0.405 u=0 breach=3 end=converged
CBAP_MIG t=30780000 epoch=6156 flow=26 side=new cur=4783835220 next=4811596187 tgt=4852380820 f=0.405 u=0 breach=3 end=converged
CBAP_MIG t=30780000 epoch=6156 flow=27 side=new cur=4783835220 next=4811596187 tgt=4852380820 f=0.405 u=0 breach=3 end=converged
CBAP_MIG t=30780000 epoch=6156 flow=28 side=new cur=4783835220 next=4811596187 tgt=4852380820 f=0.405 u=0 breach=3 end=converged
CBAP_MIG t=30780000 epoch=6156 flow=29 side=new cur=4783835220 next=4811596187 tgt=4852380820 f=0.405 u=0 breach=3 end=converged
CBAP_MIG t=30780000 epoch=6156 flow=32 side=new cur=4783835220 next=4811596187 tgt=4852380820 f=0.405 u=0 breach=3 end=converged
CBAP_MIG t=30780000 epoch=6156 flow=33 side=new cur=4783835220 next=4811596187 tgt=4852380820 f=0.405 u=0 breach=3 end=converged
CBAP_MIG t=30780000 epoch=6156 flow=35 side=new cur=4783835220 next=4811596187 tgt=4852380820 f=0.405 u=0 breach=3 end=converged
CBAP_MIG t=30780000 epoch=6156 flow=37 side=new cur=4783835220 next=4811596187 tgt=4852380820 f=0.405 u=0 breach=3 end=converged
CBAP_MIG t=30780000 epoch=6156 flow=39 side=new cur=4783835220 next=4811596187 tgt=4852380820 f=0.405 u=0 breach=3 end=converged
CBAP_MIG t=30780000 epoch=6156 flow=40 side=new cur=4783835220 next=4811596187 tgt=4852380820 f=0.405 u=0 breach=3 end=converged
CBAP_MIG t=30780000 epoch=6156 flow=42 side=new cur=4783835220 next=4811596187 tgt=4852380820 f=0.405 u=0 breach=3 end=converged
CBAP_MIG t=30780000 epoch=6156 flow=43 side=new cur=4783835220 next=4811596187 tgt=4852380820 f=0.405 u=0 breach=3 end=converged
CBAP_MIG t=30780000 epoch=6156 flow=45 side=new cur=4783835220 next=4811596187 tgt=4852380820 f=0.405 u=0 breach=3 end=converged
CBAP_MIG t=30780000 epoch=6156 flow=47 side=new cur=4783835220 next=4811596187 tgt=4852380820 f=0.405 u=0 breach=3 end=converged
CBAP_MIG t=30780000 epoch=6156 flow=50 side=new cur=4783835220 next=4811596187 tgt=4852380820 f=0.405 u=0 breach=3 end=converged
CBAP_MIG t=30780000 epoch=6156 flow=51 side=new cur=4783835220 next=4811596187 tgt=4852380820 f=0.405 u=0 breach=3 end=converged
CBAP_MIG t=30780000 epoch=6156 flow=52 side=new cur=4783835220 next=4811596187 tgt=4852380820 f=0.405 u=0 breach=3 end=converged
CBAP_MIG t=30780000 epoch=6156 flow=55 side=new cur=4783835220 next=4811596187 tgt=4852380820 f=0.405 u=0 breach=3 end=converged
CBAP_MIG t=30780000 epoch=6156 flow=56 side=new cur=4783835220 next=4811596187 tgt=4852380820 f=0.405 u=0 breach=3 end=converged
CBAP_MIG t=30780000 epoch=6156 flow=58 side=new cur=4783835220 next=4811596187 tgt=4852380820 f=0.405 u=0 breach=3 end=converged
CBAP_MIG t=30780000 epoch=6156 flow=59 side=new cur=4783835220 next=4811596187 tgt=4852380820 f=0.405 u=0 breach=3 end=converged
CBAP_MIG t=30780000 epoch=6156 flow=60 side=new cur=4783835220 next=4811596187 tgt=4852380820 f=0.405 u=0 breach=3 end=converged
CBAP_MIG t=30780000 epoch=6156 flow=61 side=new cur=4783835220 next=4811596187 tgt=4852380820 f=0.405 u=0 breach=3 end=converged
CBAP_MIG t=30780000 epoch=6156 flow=63 side=new cur=4783835220 next=4811596187 tgt=4852380820 f=0.405 u=0 breach=3 end=converged
CBAP_MIG t=30780000 epoch=6156 flow=64 side=new cur=4783835220 next=4811596187 tgt=4852380820 f=0.405 u=0 breach=3 end=converged
CBAP_MIG_REPLAN t=30790000 reason=active_set_shrank flow=0 batch=0 newest_batch=1 cur=2000038649 target=2000000000 ceiling=190000000000 old_side_present=1
CBAP_MIG_REPLAN t=30790000 reason=active_set_shrank flow=1 batch=1 newest_batch=1 cur=4811596187 target=4970731613 ceiling=200000000000 old_side_present=1
CBAP_MIG_REPLAN t=30790000 reason=active_set_shrank flow=2 batch=1 newest_batch=1 cur=4811596187 target=4970731613 ceiling=200000000000 old_side_present=1
CBAP_MIG_REPLAN t=30790000 reason=active_set_shrank flow=4 batch=1 newest_batch=1 cur=4811596187 target=4970731613 ceiling=200000000000 old_side_present=1
CBAP_MIG_REPLAN t=30790000 reason=active_set_shrank flow=5 batch=1 newest_batch=1 cur=4811596187 target=4970731613 ceiling=200000000000 old_side_present=1
CBAP_MIG_REPLAN t=30790000 reason=active_set_shrank flow=8 batch=1 newest_batch=1 cur=4811596187 target=4970731613 ceiling=200000000000 old_side_present=1
CBAP_MIG_REPLAN t=30790000 reason=active_set_shrank flow=9 batch=1 newest_batch=1 cur=4811596187 target=4970731613 ceiling=200000000000 old_side_present=1
CBAP_MIG_REPLAN t=30790000 reason=active_set_shrank flow=10 batch=1 newest_batch=1 cur=4811596187 target=4970731613 ceiling=200000000000 old_side_present=1
CBAP_MIG_REPLAN t=30790000 reason=active_set_shrank flow=12 batch=1 newest_batch=1 cur=4811596187 target=4970731613 ceiling=200000000000 old_side_present=1
CBAP_MIG_REPLAN t=30790000 reason=active_set_shrank flow=13 batch=1 newest_batch=1 cur=4811596187 target=4970731613 ceiling=200000000000 old_side_present=1
CBAP_MIG_REPLAN t=30790000 reason=active_set_shrank flow=14 batch=1 newest_batch=1 cur=4811596187 target=4970731613 ceiling=200000000000 old_side_present=1
CBAP_MIG_REPLAN t=30790000 reason=active_set_shrank flow=16 batch=1 newest_batch=1 cur=4811596187 target=4970731613 ceiling=200000000000 old_side_present=1
CBAP_MIG_REPLAN t=30790000 reason=active_set_shrank flow=18 batch=1 newest_batch=1 cur=4811596187 target=4970731613 ceiling=200000000000 old_side_present=1
CBAP_MIG_REPLAN t=30790000 reason=active_set_shrank flow=19 batch=1 newest_batch=1 cur=4811596187 target=4970731613 ceiling=200000000000 old_side_present=1
CBAP_MIG_REPLAN t=30790000 reason=active_set_shrank flow=20 batch=1 newest_batch=1 cur=4811596187 target=4970731613 ceiling=200000000000 old_side_present=1
CBAP_MIG_REPLAN t=30790000 reason=active_set_shrank flow=21 batch=1 newest_batch=1 cur=4811596187 target=4970731613 ceiling=200000000000 old_side_present=1
CBAP_MIG_REPLAN t=30790000 reason=active_set_shrank flow=22 batch=1 newest_batch=1 cur=4811596187 target=4970731613 ceiling=200000000000 old_side_present=1
CBAP_MIG_REPLAN t=30790000 reason=active_set_shrank flow=23 batch=1 newest_batch=1 cur=4811596187 target=4970731613 ceiling=200000000000 old_side_present=1
CBAP_MIG_REPLAN t=30790000 reason=active_set_shrank flow=26 batch=1 newest_batch=1 cur=4811596187 target=4970731613 ceiling=200000000000 old_side_present=1
CBAP_MIG_REPLAN t=30790000 reason=active_set_shrank flow=27 batch=1 newest_batch=1 cur=4811596187 target=4970731613 ceiling=200000000000 old_side_present=1
CBAP_MIG_REPLAN t=30790000 reason=active_set_shrank flow=28 batch=1 newest_batch=1 cur=4811596187 target=4970731613 ceiling=200000000000 old_side_present=1
CBAP_MIG_REPLAN t=30790000 reason=active_set_shrank flow=29 batch=1 newest_batch=1 cur=4811596187 target=4970731613 ceiling=200000000000 old_side_present=1
CBAP_MIG_REPLAN t=30790000 reason=active_set_shrank flow=32 batch=1 newest_batch=1 cur=4811596187 target=4970731613 ceiling=200000000000 old_side_present=1
CBAP_MIG_REPLAN t=30790000 reason=active_set_shrank flow=33 batch=1 newest_batch=1 cur=4811596187 target=4970731613 ceiling=200000000000 old_side_present=1
CBAP_MIG_REPLAN t=30790000 reason=active_set_shrank flow=35 batch=1 newest_batch=1 cur=4811596187 target=4970731613 ceiling=200000000000 old_side_present=1
CBAP_MIG_REPLAN t=30790000 reason=active_set_shrank flow=37 batch=1 newest_batch=1 cur=4811596187 target=4970731613 ceiling=200000000000 old_side_present=1
CBAP_MIG_REPLAN t=30790000 reason=active_set_shrank flow=39 batch=1 newest_batch=1 cur=4811596187 target=4970731613 ceiling=200000000000 old_side_present=1
CBAP_MIG_REPLAN t=30790000 reason=active_set_shrank flow=40 batch=1 newest_batch=1 cur=4811596187 target=4970731613 ceiling=200000000000 old_side_present=1
CBAP_MIG_REPLAN t=30790000 reason=active_set_shrank flow=42 batch=1 newest_batch=1 cur=4811596187 target=4970731613 ceiling=200000000000 old_side_present=1
CBAP_MIG_REPLAN t=30790000 reason=active_set_shrank flow=43 batch=1 newest_batch=1 cur=4811596187 target=4970731613 ceiling=200000000000 old_side_present=1
CBAP_MIG_REPLAN t=30790000 reason=active_set_shrank flow=45 batch=1 newest_batch=1 cur=4811596187 target=4970731613 ceiling=200000000000 old_side_present=1
CBAP_MIG_REPLAN t=30790000 reason=active_set_shrank flow=47 batch=1 newest_batch=1 cur=4811596187 target=4970731613 ceiling=200000000000 old_side_present=1
CBAP_MIG_REPLAN t=30790000 reason=active_set_shrank flow=50 batch=1 newest_batch=1 cur=4811596187 target=4970731613 ceiling=200000000000 old_side_present=1
CBAP_MIG_REPLAN t=30790000 reason=active_set_shrank flow=51 batch=1 newest_batch=1 cur=4811596187 target=4970731613 ceiling=200000000000 old_side_present=1
CBAP_MIG_REPLAN t=30790000 reason=active_set_shrank flow=55 batch=1 newest_batch=1 cur=4811596187 target=4970731613 ceiling=200000000000 old_side_present=1
CBAP_MIG_REPLAN t=30790000 reason=active_set_shrank flow=56 batch=1 newest_batch=1 cur=4811596187 target=4970731613 ceiling=200000000000 old_side_present=1
CBAP_MIG_REPLAN t=30790000 reason=active_set_shrank flow=58 batch=1 newest_batch=1 cur=4811596187 target=4970731613 ceiling=200000000000 old_side_present=1
CBAP_MIG_REPLAN t=30790000 reason=active_set_shrank flow=59 batch=1 newest_batch=1 cur=4811596187 target=4970731613 ceiling=200000000000 old_side_present=1
CBAP_MIG_REPLAN t=30790000 reason=active_set_shrank flow=60 batch=1 newest_batch=1 cur=4811596187 target=4970731613 ceiling=200000000000 old_side_present=1
CBAP_MIG_REPLAN t=30790000 reason=active_set_shrank flow=61 batch=1 newest_batch=1 cur=4811596187 target=4970731613 ceiling=200000000000 old_side_present=1
CBAP_MIG_REPLAN t=30790000 reason=active_set_shrank flow=63 batch=1 newest_batch=1 cur=4811596187 target=4970731613 ceiling=200000000000 old_side_present=1
CBAP_MIG_REPLAN t=30790000 reason=active_set_shrank flow=64 batch=1 newest_batch=1 cur=4811596187 target=4970731613 ceiling=200000000000 old_side_present=1
CBAP_MIG t=30790000 epoch=6158 flow=0 side=old cur=2000038649 next=2000027054 tgt=2000000000 f=0.3 u=0 breach=0 end=converged
CBAP_MIG t=30790000 epoch=6158 flow=1 side=new cur=4811596187 next=4876046034 tgt=4970731613 f=0.405 u=0 breach=3 end=
CBAP_MIG t=30790000 epoch=6158 flow=2 side=new cur=4811596187 next=4876046034 tgt=4970731613 f=0.405 u=0 breach=3 end=
CBAP_MIG t=30790000 epoch=6158 flow=4 side=new cur=4811596187 next=4876046034 tgt=4970731613 f=0.405 u=0 breach=3 end=
CBAP_MIG t=30790000 epoch=6158 flow=5 side=new cur=4811596187 next=4876046034 tgt=4970731613 f=0.405 u=0 breach=3 end=
CBAP_MIG t=30790000 epoch=6158 flow=8 side=new cur=4811596187 next=4876046034 tgt=4970731613 f=0.405 u=0 breach=3 end=
CBAP_MIG t=30790000 epoch=6158 flow=9 side=new cur=4811596187 next=4876046034 tgt=4970731613 f=0.405 u=0 breach=3 end=
CBAP_MIG t=30790000 epoch=6158 flow=10 side=new cur=4811596187 next=4876046034 tgt=4970731613 f=0.405 u=0 breach=3 end=
CBAP_MIG t=30790000 epoch=6158 flow=12 side=new cur=4811596187 next=4876046034 tgt=4970731613 f=0.405 u=0 breach=3 end=
CBAP_MIG t=30790000 epoch=6158 flow=13 side=new cur=4811596187 next=4876046034 tgt=4970731613 f=0.405 u=0 breach=3 end=
CBAP_MIG t=30790000 epoch=6158 flow=14 side=new cur=4811596187 next=4876046034 tgt=4970731613 f=0.405 u=0 breach=3 end=
CBAP_MIG t=30790000 epoch=6158 flow=16 side=new cur=4811596187 next=4876046034 tgt=4970731613 f=0.405 u=0 breach=3 end=
CBAP_MIG t=30790000 epoch=6158 flow=18 side=new cur=4811596187 next=4876046034 tgt=4970731613 f=0.405 u=0 breach=3 end=
CBAP_MIG t=30790000 epoch=6158 flow=19 side=new cur=4811596187 next=4876046034 tgt=4970731613 f=0.405 u=0 breach=3 end=
CBAP_MIG t=30790000 epoch=6158 flow=20 side=new cur=4811596187 next=4876046034 tgt=4970731613 f=0.405 u=0 breach=3 end=
CBAP_MIG t=30790000 epoch=6158 flow=21 side=new cur=4811596187 next=4876046034 tgt=4970731613 f=0.405 u=0 breach=3 end=
CBAP_MIG t=30790000 epoch=6158 flow=22 side=new cur=4811596187 next=4876046034 tgt=4970731613 f=0.405 u=0 breach=3 end=
CBAP_MIG t=30790000 epoch=6158 flow=23 side=new cur=4811596187 next=4876046034 tgt=4970731613 f=0.405 u=0 breach=3 end=
CBAP_MIG t=30790000 epoch=6158 flow=26 side=new cur=4811596187 next=4876046034 tgt=4970731613 f=0.405 u=0 breach=3 end=
CBAP_MIG t=30790000 epoch=6158 flow=27 side=new cur=4811596187 next=4876046034 tgt=4970731613 f=0.405 u=0 breach=3 end=
CBAP_MIG t=30790000 epoch=6158 flow=28 side=new cur=4811596187 next=4876046034 tgt=4970731613 f=0.405 u=0 breach=3 end=
CBAP_MIG t=30790000 epoch=6158 flow=29 side=new cur=4811596187 next=4876046034 tgt=4970731613 f=0.405 u=0 breach=3 end=
CBAP_MIG t=30790000 epoch=6158 flow=32 side=new cur=4811596187 next=4876046034 tgt=4970731613 f=0.405 u=0 breach=3 end=
CBAP_MIG t=30790000 epoch=6158 flow=33 side=new cur=4811596187 next=4876046034 tgt=4970731613 f=0.405 u=0 breach=3 end=
CBAP_MIG t=30790000 epoch=6158 flow=35 side=new cur=4811596187 next=4876046034 tgt=4970731613 f=0.405 u=0 breach=3 end=
CBAP_MIG t=30790000 epoch=6158 flow=37 side=new cur=4811596187 next=4876046034 tgt=4970731613 f=0.405 u=0 breach=3 end=
CBAP_MIG t=30790000 epoch=6158 flow=39 side=new cur=4811596187 next=4876046034 tgt=4970731613 f=0.405 u=0 breach=3 end=
CBAP_MIG t=30790000 epoch=6158 flow=40 side=new cur=4811596187 next=4876046034 tgt=4970731613 f=0.405 u=0 breach=3 end=
CBAP_MIG t=30790000 epoch=6158 flow=42 side=new cur=4811596187 next=4876046034 tgt=4970731613 f=0.405 u=0 breach=3 end=
CBAP_MIG t=30790000 epoch=6158 flow=43 side=new cur=4811596187 next=4876046034 tgt=4970731613 f=0.405 u=0 breach=3 end=
CBAP_MIG t=30790000 epoch=6158 flow=45 side=new cur=4811596187 next=4876046034 tgt=4970731613 f=0.405 u=0 breach=3 end=
CBAP_MIG t=30790000 epoch=6158 flow=47 side=new cur=4811596187 next=4876046034 tgt=4970731613 f=0.405 u=0 breach=3 end=
CBAP_MIG t=30790000 epoch=6158 flow=50 side=new cur=4811596187 next=4876046034 tgt=4970731613 f=0.405 u=0 breach=3 end=
CBAP_MIG t=30790000 epoch=6158 flow=51 side=new cur=4811596187 next=4876046034 tgt=4970731613 f=0.405 u=0 breach=3 end=
CBAP_MIG t=30790000 epoch=6158 flow=55 side=new cur=4811596187 next=4876046034 tgt=4970731613 f=0.405 u=0 breach=3 end=
CBAP_MIG t=30790000 epoch=6158 flow=56 side=new cur=4811596187 next=4876046034 tgt=4970731613 f=0.405 u=0 breach=3 end=
CBAP_MIG t=30790000 epoch=6158 flow=58 side=new cur=4811596187 next=4876046034 tgt=4970731613 f=0.405 u=0 breach=3 end=
CBAP_MIG t=30790000 epoch=6158 flow=59 side=new cur=4811596187 next=4876046034 tgt=4970731613 f=0.405 u=0 breach=3 end=
CBAP_MIG t=30790000 epoch=6158 flow=60 side=new cur=4811596187 next=4876046034 tgt=4970731613 f=0.405 u=0 breach=3 end=
CBAP_MIG t=30790000 epoch=6158 flow=61 side=new cur=4811596187 next=4876046034 tgt=4970731613 f=0.405 u=0 breach=3 end=
CBAP_MIG t=30790000 epoch=6158 flow=63 side=new cur=4811596187 next=4876046034 tgt=4970731613 f=0.405 u=0 breach=3 end=
CBAP_MIG t=30790000 epoch=6158 flow=64 side=new cur=4811596187 next=4876046034 tgt=4970731613 f=0.405 u=0 breach=3 end=
CBAP_MIG t=30795000 epoch=6159 flow=1 side=new cur=4876046034 next=4914393693 tgt=4970731613 f=0.405 u=0 breach=3 end=
CBAP_MIG t=30795000 epoch=6159 flow=2 side=new cur=4876046034 next=4914393693 tgt=4970731613 f=0.405 u=0 breach=3 end=
CBAP_MIG t=30795000 epoch=6159 flow=4 side=new cur=4876046034 next=4914393693 tgt=4970731613 f=0.405 u=0 breach=3 end=
CBAP_MIG t=30795000 epoch=6159 flow=5 side=new cur=4876046034 next=4914393693 tgt=4970731613 f=0.405 u=0 breach=3 end=
CBAP_MIG t=30795000 epoch=6159 flow=8 side=new cur=4876046034 next=4914393693 tgt=4970731613 f=0.405 u=0 breach=3 end=
CBAP_MIG t=30795000 epoch=6159 flow=9 side=new cur=4876046034 next=4914393693 tgt=4970731613 f=0.405 u=0 breach=3 end=
CBAP_MIG t=30795000 epoch=6159 flow=10 side=new cur=4876046034 next=4914393693 tgt=4970731613 f=0.405 u=0 breach=3 end=
CBAP_MIG t=30795000 epoch=6159 flow=12 side=new cur=4876046034 next=4914393693 tgt=4970731613 f=0.405 u=0 breach=3 end=
CBAP_MIG t=30795000 epoch=6159 flow=13 side=new cur=4876046034 next=4914393693 tgt=4970731613 f=0.405 u=0 breach=3 end=
CBAP_MIG t=30795000 epoch=6159 flow=14 side=new cur=4876046034 next=4914393693 tgt=4970731613 f=0.405 u=0 breach=3 end=
CBAP_MIG t=30795000 epoch=6159 flow=16 side=new cur=4876046034 next=4914393693 tgt=4970731613 f=0.405 u=0 breach=3 end=
CBAP_MIG t=30795000 epoch=6159 flow=18 side=new cur=4876046034 next=4914393693 tgt=4970731613 f=0.405 u=0 breach=3 end=
CBAP_MIG t=30795000 epoch=6159 flow=19 side=new cur=4876046034 next=4914393693 tgt=4970731613 f=0.405 u=0 breach=3 end=
CBAP_MIG t=30795000 epoch=6159 flow=20 side=new cur=4876046034 next=4914393693 tgt=4970731613 f=0.405 u=0 breach=3 end=
CBAP_MIG t=30795000 epoch=6159 flow=21 side=new cur=4876046034 next=4914393693 tgt=4970731613 f=0.405 u=0 breach=3 end=
CBAP_MIG t=30795000 epoch=6159 flow=22 side=new cur=4876046034 next=4914393693 tgt=4970731613 f=0.405 u=0 breach=3 end=
CBAP_MIG t=30795000 epoch=6159 flow=23 side=new cur=4876046034 next=4914393693 tgt=4970731613 f=0.405 u=0 breach=3 end=
CBAP_MIG t=30795000 epoch=6159 flow=26 side=new cur=4876046034 next=4914393693 tgt=4970731613 f=0.405 u=0 breach=3 end=
CBAP_MIG t=30795000 epoch=6159 flow=27 side=new cur=4876046034 next=4914393693 tgt=4970731613 f=0.405 u=0 breach=3 end=
CBAP_MIG t=30795000 epoch=6159 flow=28 side=new cur=4876046034 next=4914393693 tgt=4970731613 f=0.405 u=0 breach=3 end=
CBAP_MIG t=30795000 epoch=6159 flow=29 side=new cur=4876046034 next=4914393693 tgt=4970731613 f=0.405 u=0 breach=3 end=
CBAP_MIG t=30795000 epoch=6159 flow=32 side=new cur=4876046034 next=4914393693 tgt=4970731613 f=0.405 u=0 breach=3 end=
CBAP_MIG t=30795000 epoch=6159 flow=33 side=new cur=4876046034 next=4914393693 tgt=4970731613 f=0.405 u=0 breach=3 end=
CBAP_MIG t=30795000 epoch=6159 flow=35 side=new cur=4876046034 next=4914393693 tgt=4970731613 f=0.405 u=0 breach=3 end=
CBAP_MIG t=30795000 epoch=6159 flow=37 side=new cur=4876046034 next=4914393693 tgt=4970731613 f=0.405 u=0 breach=3 end=
CBAP_MIG t=30795000 epoch=6159 flow=39 side=new cur=4876046034 next=4914393693 tgt=4970731613 f=0.405 u=0 breach=3 end=
CBAP_MIG t=30795000 epoch=6159 flow=40 side=new cur=4876046034 next=4914393693 tgt=4970731613 f=0.405 u=0 breach=3 end=
CBAP_MIG t=30795000 epoch=6159 flow=42 side=new cur=4876046034 next=4914393693 tgt=4970731613 f=0.405 u=0 breach=3 end=
CBAP_MIG t=30795000 epoch=6159 flow=43 side=new cur=4876046034 next=4914393693 tgt=4970731613 f=0.405 u=0 breach=3 end=
CBAP_MIG t=30795000 epoch=6159 flow=45 side=new cur=4876046034 next=4914393693 tgt=4970731613 f=0.405 u=0 breach=3 end=
CBAP_MIG t=30795000 epoch=6159 flow=47 side=new cur=4876046034 next=4914393693 tgt=4970731613 f=0.405 u=0 breach=3 end=
CBAP_MIG t=30795000 epoch=6159 flow=50 side=new cur=4876046034 next=4914393693 tgt=4970731613 f=0.405 u=0 breach=3 end=
CBAP_MIG t=30795000 epoch=6159 flow=51 side=new cur=4876046034 next=4914393693 tgt=4970731613 f=0.405 u=0 breach=3 end=
CBAP_MIG t=30795000 epoch=6159 flow=55 side=new cur=4876046034 next=4914393693 tgt=4970731613 f=0.405 u=0 breach=3 end=
CBAP_MIG t=30795000 epoch=6159 flow=56 side=new cur=4876046034 next=4914393693 tgt=4970731613 f=0.405 u=0 breach=3 end=
CBAP_MIG t=30795000 epoch=6159 flow=58 side=new cur=4876046034 next=4914393693 tgt=4970731613 f=0.405 u=0 breach=3 end=
CBAP_MIG t=30795000 epoch=6159 flow=59 side=new cur=4876046034 next=4914393693 tgt=4970731613 f=0.405 u=0 breach=3 end=
CBAP_MIG t=30795000 epoch=6159 flow=60 side=new cur=4876046034 next=4914393693 tgt=4970731613 f=0.405 u=0 breach=3 end=
CBAP_MIG t=30795000 epoch=6159 flow=61 side=new cur=4876046034 next=4914393693 tgt=4970731613 f=0.405 u=0 breach=3 end=
CBAP_MIG t=30795000 epoch=6159 flow=63 side=new cur=4876046034 next=4914393693 tgt=4970731613 f=0.405 u=0 breach=3 end=
CBAP_MIG t=30795000 epoch=6159 flow=64 side=new cur=4876046034 next=4914393693 tgt=4970731613 f=0.405 u=0 breach=3 end=
CBAP_MIG t=30800000 epoch=6160 flow=1 side=new cur=4914393693 next=4937210550 tgt=4970731613 f=0.405 u=0 breach=3 end=converged
CBAP_MIG t=30800000 epoch=6160 flow=2 side=new cur=4914393693 next=4937210550 tgt=4970731613 f=0.405 u=0 breach=3 end=converged
CBAP_MIG t=30800000 epoch=6160 flow=4 side=new cur=4914393693 next=4937210550 tgt=4970731613 f=0.405 u=0 breach=3 end=converged
CBAP_MIG t=30800000 epoch=6160 flow=5 side=new cur=4914393693 next=4937210550 tgt=4970731613 f=0.405 u=0 breach=3 end=converged
CBAP_MIG t=30800000 epoch=6160 flow=8 side=new cur=4914393693 next=4937210550 tgt=4970731613 f=0.405 u=0 breach=3 end=converged
CBAP_MIG t=30800000 epoch=6160 flow=9 side=new cur=4914393693 next=4937210550 tgt=4970731613 f=0.405 u=0 breach=3 end=converged
CBAP_MIG t=30800000 epoch=6160 flow=10 side=new cur=4914393693 next=4937210550 tgt=4970731613 f=0.405 u=0 breach=3 end=converged
CBAP_MIG t=30800000 epoch=6160 flow=12 side=new cur=4914393693 next=4937210550 tgt=4970731613 f=0.405 u=0 breach=3 end=converged
CBAP_MIG t=30800000 epoch=6160 flow=13 side=new cur=4914393693 next=4937210550 tgt=4970731613 f=0.405 u=0 breach=3 end=converged
CBAP_MIG t=30800000 epoch=6160 flow=14 side=new cur=4914393693 next=4937210550 tgt=4970731613 f=0.405 u=0 breach=3 end=converged
CBAP_MIG t=30800000 epoch=6160 flow=16 side=new cur=4914393693 next=4937210550 tgt=4970731613 f=0.405 u=0 breach=3 end=converged
CBAP_MIG t=30800000 epoch=6160 flow=18 side=new cur=4914393693 next=4937210550 tgt=4970731613 f=0.405 u=0 breach=3 end=converged
CBAP_MIG t=30800000 epoch=6160 flow=19 side=new cur=4914393693 next=4937210550 tgt=4970731613 f=0.405 u=0 breach=3 end=converged
CBAP_MIG t=30800000 epoch=6160 flow=20 side=new cur=4914393693 next=4937210550 tgt=4970731613 f=0.405 u=0 breach=3 end=converged
CBAP_MIG t=30800000 epoch=6160 flow=21 side=new cur=4914393693 next=4937210550 tgt=4970731613 f=0.405 u=0 breach=3 end=converged
CBAP_MIG t=30800000 epoch=6160 flow=22 side=new cur=4914393693 next=4937210550 tgt=4970731613 f=0.405 u=0 breach=3 end=converged
CBAP_MIG t=30800000 epoch=6160 flow=23 side=new cur=4914393693 next=4937210550 tgt=4970731613 f=0.405 u=0 breach=3 end=converged
CBAP_MIG t=30800000 epoch=6160 flow=26 side=new cur=4914393693 next=4937210550 tgt=4970731613 f=0.405 u=0 breach=3 end=converged
CBAP_MIG t=30800000 epoch=6160 flow=27 side=new cur=4914393693 next=4937210550 tgt=4970731613 f=0.405 u=0 breach=3 end=converged
CBAP_MIG t=30800000 epoch=6160 flow=28 side=new cur=4914393693 next=4937210550 tgt=4970731613 f=0.405 u=0 breach=3 end=converged
CBAP_MIG t=30800000 epoch=6160 flow=29 side=new cur=4914393693 next=4937210550 tgt=4970731613 f=0.405 u=0 breach=3 end=converged
CBAP_MIG t=30800000 epoch=6160 flow=32 side=new cur=4914393693 next=4937210550 tgt=4970731613 f=0.405 u=0 breach=3 end=converged
CBAP_MIG t=30800000 epoch=6160 flow=33 side=new cur=4914393693 next=4937210550 tgt=4970731613 f=0.405 u=0 breach=3 end=converged
CBAP_MIG t=30800000 epoch=6160 flow=35 side=new cur=4914393693 next=4937210550 tgt=4970731613 f=0.405 u=0 breach=3 end=converged
CBAP_MIG t=30800000 epoch=6160 flow=37 side=new cur=4914393693 next=4937210550 tgt=4970731613 f=0.405 u=0 breach=3 end=converged
CBAP_MIG t=30800000 epoch=6160 flow=39 side=new cur=4914393693 next=4937210550 tgt=4970731613 f=0.405 u=0 breach=3 end=converged
CBAP_MIG t=30800000 epoch=6160 flow=40 side=new cur=4914393693 next=4937210550 tgt=4970731613 f=0.405 u=0 breach=3 end=converged
CBAP_MIG t=30800000 epoch=6160 flow=42 side=new cur=4914393693 next=4937210550 tgt=4970731613 f=0.405 u=0 breach=3 end=converged
CBAP_MIG t=30800000 epoch=6160 flow=43 side=new cur=4914393693 next=4937210550 tgt=4970731613 f=0.405 u=0 breach=3 end=converged
CBAP_MIG t=30800000 epoch=6160 flow=45 side=new cur=4914393693 next=4937210550 tgt=4970731613 f=0.405 u=0 breach=3 end=converged
CBAP_MIG t=30800000 epoch=6160 flow=47 side=new cur=4914393693 next=4937210550 tgt=4970731613 f=0.405 u=0 breach=3 end=converged
CBAP_MIG t=30800000 epoch=6160 flow=50 side=new cur=4914393693 next=4937210550 tgt=4970731613 f=0.405 u=0 breach=3 end=converged
CBAP_MIG t=30800000 epoch=6160 flow=51 side=new cur=4914393693 next=4937210550 tgt=4970731613 f=0.405 u=0 breach=3 end=converged
CBAP_MIG t=30800000 epoch=6160 flow=55 side=new cur=4914393693 next=4937210550 tgt=4970731613 f=0.405 u=0 breach=3 end=converged
CBAP_MIG t=30800000 epoch=6160 flow=56 side=new cur=4914393693 next=4937210550 tgt=4970731613 f=0.405 u=0 breach=3 end=converged
CBAP_MIG t=30800000 epoch=6160 flow=58 side=new cur=4914393693 next=4937210550 tgt=4970731613 f=0.405 u=0 breach=3 end=converged
CBAP_MIG t=30800000 epoch=6160 flow=59 side=new cur=4914393693 next=4937210550 tgt=4970731613 f=0.405 u=0 breach=3 end=converged
CBAP_MIG t=30800000 epoch=6160 flow=60 side=new cur=4914393693 next=4937210550 tgt=4970731613 f=0.405 u=0 breach=3 end=converged
CBAP_MIG t=30800000 epoch=6160 flow=61 side=new cur=4914393693 next=4937210550 tgt=4970731613 f=0.405 u=0 breach=3 end=converged
CBAP_MIG t=30800000 epoch=6160 flow=63 side=new cur=4914393693 next=4937210550 tgt=4970731613 f=0.405 u=0 breach=3 end=converged
CBAP_MIG t=30800000 epoch=6160 flow=64 side=new cur=4914393693 next=4937210550 tgt=4970731613 f=0.405 u=0 breach=3 end=converged
CBAP_MIG_REPLAN t=30805000 reason=active_set_shrank flow=0 batch=0 newest_batch=1 cur=2000027054 target=2000000000 ceiling=190000000000 old_side_present=1
CBAP_MIG_REPLAN t=30805000 reason=active_set_shrank flow=1 batch=1 newest_batch=1 cur=4937210550 target=4994999932 ceiling=200000000000 old_side_present=1
CBAP_MIG_REPLAN t=30805000 reason=active_set_shrank flow=2 batch=1 newest_batch=1 cur=4937210550 target=4994999932 ceiling=200000000000 old_side_present=1
CBAP_MIG_REPLAN t=30805000 reason=active_set_shrank flow=4 batch=1 newest_batch=1 cur=4937210550 target=4994999932 ceiling=200000000000 old_side_present=1
CBAP_MIG_REPLAN t=30805000 reason=active_set_shrank flow=5 batch=1 newest_batch=1 cur=4937210550 target=4994999932 ceiling=200000000000 old_side_present=1
CBAP_MIG_REPLAN t=30805000 reason=active_set_shrank flow=8 batch=1 newest_batch=1 cur=4937210550 target=4994999932 ceiling=200000000000 old_side_present=1
CBAP_MIG_REPLAN t=30805000 reason=active_set_shrank flow=9 batch=1 newest_batch=1 cur=4937210550 target=4994999932 ceiling=200000000000 old_side_present=1
CBAP_MIG_REPLAN t=30805000 reason=active_set_shrank flow=10 batch=1 newest_batch=1 cur=4937210550 target=4994999932 ceiling=200000000000 old_side_present=1
CBAP_MIG_REPLAN t=30805000 reason=active_set_shrank flow=12 batch=1 newest_batch=1 cur=4937210550 target=4994999932 ceiling=200000000000 old_side_present=1
CBAP_MIG_REPLAN t=30805000 reason=active_set_shrank flow=13 batch=1 newest_batch=1 cur=4937210550 target=4994999932 ceiling=200000000000 old_side_present=1
CBAP_MIG_REPLAN t=30805000 reason=active_set_shrank flow=14 batch=1 newest_batch=1 cur=4937210550 target=4994999932 ceiling=200000000000 old_side_present=1
CBAP_MIG_REPLAN t=30805000 reason=active_set_shrank flow=16 batch=1 newest_batch=1 cur=4937210550 target=4994999932 ceiling=200000000000 old_side_present=1
CBAP_MIG_REPLAN t=30805000 reason=active_set_shrank flow=18 batch=1 newest_batch=1 cur=4937210550 target=4994999932 ceiling=200000000000 old_side_present=1
CBAP_MIG_REPLAN t=30805000 reason=active_set_shrank flow=19 batch=1 newest_batch=1 cur=4937210550 target=4994999932 ceiling=200000000000 old_side_present=1
CBAP_MIG_REPLAN t=30805000 reason=active_set_shrank flow=20 batch=1 newest_batch=1 cur=4937210550 target=4994999932 ceiling=200000000000 old_side_present=1
CBAP_MIG_REPLAN t=30805000 reason=active_set_shrank flow=21 batch=1 newest_batch=1 cur=4937210550 target=4994999932 ceiling=200000000000 old_side_present=1
CBAP_MIG_REPLAN t=30805000 reason=active_set_shrank flow=22 batch=1 newest_batch=1 cur=4937210550 target=4994999932 ceiling=200000000000 old_side_present=1
CBAP_MIG_REPLAN t=30805000 reason=active_set_shrank flow=23 batch=1 newest_batch=1 cur=4937210550 target=4994999932 ceiling=200000000000 old_side_present=1
CBAP_MIG_REPLAN t=30805000 reason=active_set_shrank flow=26 batch=1 newest_batch=1 cur=4937210550 target=4994999932 ceiling=200000000000 old_side_present=1
CBAP_MIG_REPLAN t=30805000 reason=active_set_shrank flow=27 batch=1 newest_batch=1 cur=4937210550 target=4994999932 ceiling=200000000000 old_side_present=1
CBAP_MIG_REPLAN t=30805000 reason=active_set_shrank flow=28 batch=1 newest_batch=1 cur=4937210550 target=4994999932 ceiling=200000000000 old_side_present=1
CBAP_MIG_REPLAN t=30805000 reason=active_set_shrank flow=29 batch=1 newest_batch=1 cur=4937210550 target=4994999932 ceiling=200000000000 old_side_present=1
CBAP_MIG_REPLAN t=30805000 reason=active_set_shrank flow=32 batch=1 newest_batch=1 cur=4937210550 target=4994999932 ceiling=200000000000 old_side_present=1
CBAP_MIG_REPLAN t=30805000 reason=active_set_shrank flow=33 batch=1 newest_batch=1 cur=4937210550 target=4994999932 ceiling=200000000000 old_side_present=1
CBAP_MIG_REPLAN t=30805000 reason=active_set_shrank flow=35 batch=1 newest_batch=1 cur=4937210550 target=4994999932 ceiling=200000000000 old_side_present=1
CBAP_MIG_REPLAN t=30805000 reason=active_set_shrank flow=37 batch=1 newest_batch=1 cur=4937210550 target=4994999932 ceiling=200000000000 old_side_present=1
CBAP_MIG_REPLAN t=30805000 reason=active_set_shrank flow=39 batch=1 newest_batch=1 cur=4937210550 target=4994999932 ceiling=200000000000 old_side_present=1
CBAP_MIG_REPLAN t=30805000 reason=active_set_shrank flow=40 batch=1 newest_batch=1 cur=4937210550 target=4994999932 ceiling=200000000000 old_side_present=1
CBAP_MIG_REPLAN t=30805000 reason=active_set_shrank flow=42 batch=1 newest_batch=1 cur=4937210550 target=4994999932 ceiling=200000000000 old_side_present=1
CBAP_MIG_REPLAN t=30805000 reason=active_set_shrank flow=43 batch=1 newest_batch=1 cur=4937210550 target=4994999932 ceiling=200000000000 old_side_present=1
CBAP_MIG_REPLAN t=30805000 reason=active_set_shrank flow=45 batch=1 newest_batch=1 cur=4937210550 target=4994999932 ceiling=200000000000 old_side_present=1
CBAP_MIG_REPLAN t=30805000 reason=active_set_shrank flow=47 batch=1 newest_batch=1 cur=4937210550 target=4994999932 ceiling=200000000000 old_side_present=1
CBAP_MIG_REPLAN t=30805000 reason=active_set_shrank flow=50 batch=1 newest_batch=1 cur=4937210550 target=4994999932 ceiling=200000000000 old_side_present=1
CBAP_MIG_REPLAN t=30805000 reason=active_set_shrank flow=55 batch=1 newest_batch=1 cur=4937210550 target=4994999932 ceiling=200000000000 old_side_present=1
CBAP_MIG_REPLAN t=30805000 reason=active_set_shrank flow=56 batch=1 newest_batch=1 cur=4937210550 target=4994999932 ceiling=200000000000 old_side_present=1
CBAP_MIG_REPLAN t=30805000 reason=active_set_shrank flow=58 batch=1 newest_batch=1 cur=4937210550 target=4994999932 ceiling=200000000000 old_side_present=1
CBAP_MIG_REPLAN t=30805000 reason=active_set_shrank flow=59 batch=1 newest_batch=1 cur=4937210550 target=4994999932 ceiling=200000000000 old_side_present=1
CBAP_MIG_REPLAN t=30805000 reason=active_set_shrank flow=60 batch=1 newest_batch=1 cur=4937210550 target=4994999932 ceiling=200000000000 old_side_present=1
CBAP_MIG_REPLAN t=30805000 reason=active_set_shrank flow=61 batch=1 newest_batch=1 cur=4937210550 target=4994999932 ceiling=200000000000 old_side_present=1
CBAP_MIG_REPLAN t=30805000 reason=active_set_shrank flow=63 batch=1 newest_batch=1 cur=4937210550 target=4994999932 ceiling=200000000000 old_side_present=1
CBAP_MIG_REPLAN t=30805000 reason=active_set_shrank flow=64 batch=1 newest_batch=1 cur=4937210550 target=4994999932 ceiling=200000000000 old_side_present=1
CBAP_MIG t=30805000 epoch=6161 flow=0 side=old cur=2000027054 next=2000018937 tgt=2000000000 f=0.3 u=0 breach=0 end=converged
CBAP_MIG t=30805000 epoch=6161 flow=1 side=new cur=4937210550 next=4960615249 tgt=4994999932 f=0.405 u=0 breach=3 end=converged
CBAP_MIG t=30805000 epoch=6161 flow=2 side=new cur=4937210550 next=4960615249 tgt=4994999932 f=0.405 u=0 breach=3 end=converged
CBAP_MIG t=30805000 epoch=6161 flow=4 side=new cur=4937210550 next=4960615249 tgt=4994999932 f=0.405 u=0 breach=3 end=converged
CBAP_MIG t=30805000 epoch=6161 flow=5 side=new cur=4937210550 next=4960615249 tgt=4994999932 f=0.405 u=0 breach=3 end=converged
CBAP_MIG t=30805000 epoch=6161 flow=8 side=new cur=4937210550 next=4960615249 tgt=4994999932 f=0.405 u=0 breach=3 end=converged
CBAP_MIG t=30805000 epoch=6161 flow=9 side=new cur=4937210550 next=4960615249 tgt=4994999932 f=0.405 u=0 breach=3 end=converged
CBAP_MIG t=30805000 epoch=6161 flow=10 side=new cur=4937210550 next=4960615249 tgt=4994999932 f=0.405 u=0 breach=3 end=converged
CBAP_MIG t=30805000 epoch=6161 flow=12 side=new cur=4937210550 next=4960615249 tgt=4994999932 f=0.405 u=0 breach=3 end=converged
CBAP_MIG t=30805000 epoch=6161 flow=13 side=new cur=4937210550 next=4960615249 tgt=4994999932 f=0.405 u=0 breach=3 end=converged
CBAP_MIG t=30805000 epoch=6161 flow=14 side=new cur=4937210550 next=4960615249 tgt=4994999932 f=0.405 u=0 breach=3 end=converged
CBAP_MIG t=30805000 epoch=6161 flow=16 side=new cur=4937210550 next=4960615249 tgt=4994999932 f=0.405 u=0 breach=3 end=converged
CBAP_MIG t=30805000 epoch=6161 flow=18 side=new cur=4937210550 next=4960615249 tgt=4994999932 f=0.405 u=0 breach=3 end=converged
CBAP_MIG t=30805000 epoch=6161 flow=19 side=new cur=4937210550 next=4960615249 tgt=4994999932 f=0.405 u=0 breach=3 end=converged
CBAP_MIG t=30805000 epoch=6161 flow=20 side=new cur=4937210550 next=4960615249 tgt=4994999932 f=0.405 u=0 breach=3 end=converged
CBAP_MIG t=30805000 epoch=6161 flow=21 side=new cur=4937210550 next=4960615249 tgt=4994999932 f=0.405 u=0 breach=3 end=converged
CBAP_MIG t=30805000 epoch=6161 flow=22 side=new cur=4937210550 next=4960615249 tgt=4994999932 f=0.405 u=0 breach=3 end=converged
CBAP_MIG t=30805000 epoch=6161 flow=23 side=new cur=4937210550 next=4960615249 tgt=4994999932 f=0.405 u=0 breach=3 end=converged
CBAP_MIG t=30805000 epoch=6161 flow=26 side=new cur=4937210550 next=4960615249 tgt=4994999932 f=0.405 u=0 breach=3 end=converged
CBAP_MIG t=30805000 epoch=6161 flow=27 side=new cur=4937210550 next=4960615249 tgt=4994999932 f=0.405 u=0 breach=3 end=converged
CBAP_MIG t=30805000 epoch=6161 flow=28 side=new cur=4937210550 next=4960615249 tgt=4994999932 f=0.405 u=0 breach=3 end=converged
CBAP_MIG t=30805000 epoch=6161 flow=29 side=new cur=4937210550 next=4960615249 tgt=4994999932 f=0.405 u=0 breach=3 end=converged
CBAP_MIG t=30805000 epoch=6161 flow=32 side=new cur=4937210550 next=4960615249 tgt=4994999932 f=0.405 u=0 breach=3 end=converged
CBAP_MIG t=30805000 epoch=6161 flow=33 side=new cur=4937210550 next=4960615249 tgt=4994999932 f=0.405 u=0 breach=3 end=converged
CBAP_MIG t=30805000 epoch=6161 flow=35 side=new cur=4937210550 next=4960615249 tgt=4994999932 f=0.405 u=0 breach=3 end=converged
CBAP_MIG t=30805000 epoch=6161 flow=37 side=new cur=4937210550 next=4960615249 tgt=4994999932 f=0.405 u=0 breach=3 end=converged
CBAP_MIG t=30805000 epoch=6161 flow=39 side=new cur=4937210550 next=4960615249 tgt=4994999932 f=0.405 u=0 breach=3 end=converged
CBAP_MIG t=30805000 epoch=6161 flow=40 side=new cur=4937210550 next=4960615249 tgt=4994999932 f=0.405 u=0 breach=3 end=converged
CBAP_MIG t=30805000 epoch=6161 flow=42 side=new cur=4937210550 next=4960615249 tgt=4994999932 f=0.405 u=0 breach=3 end=converged
CBAP_MIG t=30805000 epoch=6161 flow=43 side=new cur=4937210550 next=4960615249 tgt=4994999932 f=0.405 u=0 breach=3 end=converged
CBAP_MIG t=30805000 epoch=6161 flow=45 side=new cur=4937210550 next=4960615249 tgt=4994999932 f=0.405 u=0 breach=3 end=converged
CBAP_MIG t=30805000 epoch=6161 flow=47 side=new cur=4937210550 next=4960615249 tgt=4994999932 f=0.405 u=0 breach=3 end=converged
CBAP_MIG t=30805000 epoch=6161 flow=50 side=new cur=4937210550 next=4960615249 tgt=4994999932 f=0.405 u=0 breach=3 end=converged
CBAP_MIG t=30805000 epoch=6161 flow=55 side=new cur=4937210550 next=4960615249 tgt=4994999932 f=0.405 u=0 breach=3 end=converged
CBAP_MIG t=30805000 epoch=6161 flow=56 side=new cur=4937210550 next=4960615249 tgt=4994999932 f=0.405 u=0 breach=3 end=converged
CBAP_MIG t=30805000 epoch=6161 flow=58 side=new cur=4937210550 next=4960615249 tgt=4994999932 f=0.405 u=0 breach=3 end=converged
CBAP_MIG t=30805000 epoch=6161 flow=59 side=new cur=4937210550 next=4960615249 tgt=4994999932 f=0.405 u=0 breach=3 end=converged
CBAP_MIG t=30805000 epoch=6161 flow=60 side=new cur=4937210550 next=4960615249 tgt=4994999932 f=0.405 u=0 breach=3 end=converged
CBAP_MIG t=30805000 epoch=6161 flow=61 side=new cur=4937210550 next=4960615249 tgt=4994999932 f=0.405 u=0 breach=3 end=converged
CBAP_MIG t=30805000 epoch=6161 flow=63 side=new cur=4937210550 next=4960615249 tgt=4994999932 f=0.405 u=0 breach=3 end=converged
CBAP_MIG t=30805000 epoch=6161 flow=64 side=new cur=4937210550 next=4960615249 tgt=4994999932 f=0.405 u=0 breach=3 end=converged
CBAP_MIG_REPLAN t=30860000 reason=active_set_shrank flow=0 batch=0 newest_batch=1 cur=2000018937 target=2000000000 ceiling=190000000000 old_side_present=1
CBAP_MIG_REPLAN t=30860000 reason=active_set_shrank flow=1 batch=1 newest_batch=1 cur=4960615249 target=5225640977 ceiling=200000000000 old_side_present=1
CBAP_MIG_REPLAN t=30860000 reason=active_set_shrank flow=2 batch=1 newest_batch=1 cur=4960615249 target=5225640977 ceiling=200000000000 old_side_present=1
CBAP_MIG_REPLAN t=30860000 reason=active_set_shrank flow=4 batch=1 newest_batch=1 cur=4960615249 target=5225640977 ceiling=200000000000 old_side_present=1
CBAP_MIG_REPLAN t=30860000 reason=active_set_shrank flow=5 batch=1 newest_batch=1 cur=4960615249 target=5225640977 ceiling=200000000000 old_side_present=1
CBAP_MIG_REPLAN t=30860000 reason=active_set_shrank flow=8 batch=1 newest_batch=1 cur=4960615249 target=5225640977 ceiling=200000000000 old_side_present=1
CBAP_MIG_REPLAN t=30860000 reason=active_set_shrank flow=9 batch=1 newest_batch=1 cur=4960615249 target=5225640977 ceiling=200000000000 old_side_present=1
CBAP_MIG_REPLAN t=30860000 reason=active_set_shrank flow=10 batch=1 newest_batch=1 cur=4960615249 target=5225640977 ceiling=200000000000 old_side_present=1
CBAP_MIG_REPLAN t=30860000 reason=active_set_shrank flow=12 batch=1 newest_batch=1 cur=4960615249 target=5225640977 ceiling=200000000000 old_side_present=1
CBAP_MIG_REPLAN t=30860000 reason=active_set_shrank flow=13 batch=1 newest_batch=1 cur=4960615249 target=5225640977 ceiling=200000000000 old_side_present=1
CBAP_MIG_REPLAN t=30860000 reason=active_set_shrank flow=14 batch=1 newest_batch=1 cur=4960615249 target=5225640977 ceiling=200000000000 old_side_present=1
CBAP_MIG_REPLAN t=30860000 reason=active_set_shrank flow=16 batch=1 newest_batch=1 cur=4960615249 target=5225640977 ceiling=200000000000 old_side_present=1
CBAP_MIG_REPLAN t=30860000 reason=active_set_shrank flow=18 batch=1 newest_batch=1 cur=4960615249 target=5225640977 ceiling=200000000000 old_side_present=1
CBAP_MIG_REPLAN t=30860000 reason=active_set_shrank flow=19 batch=1 newest_batch=1 cur=4960615249 target=5225640977 ceiling=200000000000 old_side_present=1
CBAP_MIG_REPLAN t=30860000 reason=active_set_shrank flow=20 batch=1 newest_batch=1 cur=4960615249 target=5225640977 ceiling=200000000000 old_side_present=1
CBAP_MIG_REPLAN t=30860000 reason=active_set_shrank flow=22 batch=1 newest_batch=1 cur=4960615249 target=5225640977 ceiling=200000000000 old_side_present=1
CBAP_MIG_REPLAN t=30860000 reason=active_set_shrank flow=23 batch=1 newest_batch=1 cur=4960615249 target=5225640977 ceiling=200000000000 old_side_present=1
CBAP_MIG_REPLAN t=30860000 reason=active_set_shrank flow=26 batch=1 newest_batch=1 cur=4960615249 target=5225640977 ceiling=200000000000 old_side_present=1
CBAP_MIG_REPLAN t=30860000 reason=active_set_shrank flow=27 batch=1 newest_batch=1 cur=4960615249 target=5225640977 ceiling=200000000000 old_side_present=1
CBAP_MIG_REPLAN t=30860000 reason=active_set_shrank flow=28 batch=1 newest_batch=1 cur=4960615249 target=5225640977 ceiling=200000000000 old_side_present=1
CBAP_MIG_REPLAN t=30860000 reason=active_set_shrank flow=29 batch=1 newest_batch=1 cur=4960615249 target=5225640977 ceiling=200000000000 old_side_present=1
CBAP_MIG_REPLAN t=30860000 reason=active_set_shrank flow=32 batch=1 newest_batch=1 cur=4960615249 target=5225640977 ceiling=200000000000 old_side_present=1
CBAP_MIG_REPLAN t=30860000 reason=active_set_shrank flow=33 batch=1 newest_batch=1 cur=4960615249 target=5225640977 ceiling=200000000000 old_side_present=1
CBAP_MIG_REPLAN t=30860000 reason=active_set_shrank flow=35 batch=1 newest_batch=1 cur=4960615249 target=5225640977 ceiling=200000000000 old_side_present=1
CBAP_MIG_REPLAN t=30860000 reason=active_set_shrank flow=37 batch=1 newest_batch=1 cur=4960615249 target=5225640977 ceiling=200000000000 old_side_present=1
CBAP_MIG_REPLAN t=30860000 reason=active_set_shrank flow=39 batch=1 newest_batch=1 cur=4960615249 target=5225640977 ceiling=200000000000 old_side_present=1
CBAP_MIG_REPLAN t=30860000 reason=active_set_shrank flow=40 batch=1 newest_batch=1 cur=4960615249 target=5225640977 ceiling=200000000000 old_side_present=1
CBAP_MIG_REPLAN t=30860000 reason=active_set_shrank flow=42 batch=1 newest_batch=1 cur=4960615249 target=5225640977 ceiling=200000000000 old_side_present=1
CBAP_MIG_REPLAN t=30860000 reason=active_set_shrank flow=43 batch=1 newest_batch=1 cur=4960615249 target=5225640977 ceiling=200000000000 old_side_present=1
CBAP_MIG_REPLAN t=30860000 reason=active_set_shrank flow=45 batch=1 newest_batch=1 cur=4960615249 target=5225640977 ceiling=200000000000 old_side_present=1
CBAP_MIG_REPLAN t=30860000 reason=active_set_shrank flow=47 batch=1 newest_batch=1 cur=4960615249 target=5225640977 ceiling=200000000000 old_side_present=1
CBAP_MIG_REPLAN t=30860000 reason=active_set_shrank flow=50 batch=1 newest_batch=1 cur=4960615249 target=5225640977 ceiling=200000000000 old_side_present=1
CBAP_MIG_REPLAN t=30860000 reason=active_set_shrank flow=55 batch=1 newest_batch=1 cur=4960615249 target=5225640977 ceiling=200000000000 old_side_present=1
CBAP_MIG_REPLAN t=30860000 reason=active_set_shrank flow=56 batch=1 newest_batch=1 cur=4960615249 target=5225640977 ceiling=200000000000 old_side_present=1
CBAP_MIG_REPLAN t=30860000 reason=active_set_shrank flow=58 batch=1 newest_batch=1 cur=4960615249 target=5225640977 ceiling=200000000000 old_side_present=1
CBAP_MIG_REPLAN t=30860000 reason=active_set_shrank flow=59 batch=1 newest_batch=1 cur=4960615249 target=5225640977 ceiling=200000000000 old_side_present=1
CBAP_MIG_REPLAN t=30860000 reason=active_set_shrank flow=60 batch=1 newest_batch=1 cur=4960615249 target=5225640977 ceiling=200000000000 old_side_present=1
CBAP_MIG_REPLAN t=30860000 reason=active_set_shrank flow=61 batch=1 newest_batch=1 cur=4960615249 target=5225640977 ceiling=200000000000 old_side_present=1
CBAP_MIG_REPLAN t=30860000 reason=active_set_shrank flow=63 batch=1 newest_batch=1 cur=4960615249 target=5225640977 ceiling=200000000000 old_side_present=1
CBAP_MIG_REPLAN t=30860000 reason=active_set_shrank flow=64 batch=1 newest_batch=1 cur=4960615249 target=5225640977 ceiling=200000000000 old_side_present=1
CBAP_MIG t=30860000 epoch=6172 flow=0 side=old cur=2000018937 next=2000013255 tgt=2000000000 f=0.3 u=0 breach=0 end=converged
CBAP_MIG t=30860000 epoch=6172 flow=1 side=new cur=4960615249 next=5067950668 tgt=5225640977 f=0.405 u=0 breach=3 end=
CBAP_MIG t=30860000 epoch=6172 flow=2 side=new cur=4960615249 next=5067950668 tgt=5225640977 f=0.405 u=0 breach=3 end=
CBAP_MIG t=30860000 epoch=6172 flow=4 side=new cur=4960615249 next=5067950668 tgt=5225640977 f=0.405 u=0 breach=3 end=
CBAP_MIG t=30860000 epoch=6172 flow=5 side=new cur=4960615249 next=5067950668 tgt=5225640977 f=0.405 u=0 breach=3 end=
CBAP_MIG t=30860000 epoch=6172 flow=8 side=new cur=4960615249 next=5067950668 tgt=5225640977 f=0.405 u=0 breach=3 end=
CBAP_MIG t=30860000 epoch=6172 flow=9 side=new cur=4960615249 next=5067950668 tgt=5225640977 f=0.405 u=0 breach=3 end=
CBAP_MIG t=30860000 epoch=6172 flow=10 side=new cur=4960615249 next=5067950668 tgt=5225640977 f=0.405 u=0 breach=3 end=
CBAP_MIG t=30860000 epoch=6172 flow=12 side=new cur=4960615249 next=5067950668 tgt=5225640977 f=0.405 u=0 breach=3 end=
CBAP_MIG t=30860000 epoch=6172 flow=13 side=new cur=4960615249 next=5067950668 tgt=5225640977 f=0.405 u=0 breach=3 end=
CBAP_MIG t=30860000 epoch=6172 flow=14 side=new cur=4960615249 next=5067950668 tgt=5225640977 f=0.405 u=0 breach=3 end=
CBAP_MIG t=30860000 epoch=6172 flow=16 side=new cur=4960615249 next=5067950668 tgt=5225640977 f=0.405 u=0 breach=3 end=
CBAP_MIG t=30860000 epoch=6172 flow=18 side=new cur=4960615249 next=5067950668 tgt=5225640977 f=0.405 u=0 breach=3 end=
CBAP_MIG t=30860000 epoch=6172 flow=19 side=new cur=4960615249 next=5067950668 tgt=5225640977 f=0.405 u=0 breach=3 end=
CBAP_MIG t=30860000 epoch=6172 flow=20 side=new cur=4960615249 next=5067950668 tgt=5225640977 f=0.405 u=0 breach=3 end=
CBAP_MIG t=30860000 epoch=6172 flow=22 side=new cur=4960615249 next=5067950668 tgt=5225640977 f=0.405 u=0 breach=3 end=
CBAP_MIG t=30860000 epoch=6172 flow=23 side=new cur=4960615249 next=5067950668 tgt=5225640977 f=0.405 u=0 breach=3 end=
CBAP_MIG t=30860000 epoch=6172 flow=26 side=new cur=4960615249 next=5067950668 tgt=5225640977 f=0.405 u=0 breach=3 end=
CBAP_MIG t=30860000 epoch=6172 flow=27 side=new cur=4960615249 next=5067950668 tgt=5225640977 f=0.405 u=0 breach=3 end=
CBAP_MIG t=30860000 epoch=6172 flow=28 side=new cur=4960615249 next=5067950668 tgt=5225640977 f=0.405 u=0 breach=3 end=
CBAP_MIG t=30860000 epoch=6172 flow=29 side=new cur=4960615249 next=5067950668 tgt=5225640977 f=0.405 u=0 breach=3 end=
CBAP_MIG t=30860000 epoch=6172 flow=32 side=new cur=4960615249 next=5067950668 tgt=5225640977 f=0.405 u=0 breach=3 end=
CBAP_MIG t=30860000 epoch=6172 flow=33 side=new cur=4960615249 next=5067950668 tgt=5225640977 f=0.405 u=0 breach=3 end=
CBAP_MIG t=30860000 epoch=6172 flow=35 side=new cur=4960615249 next=5067950668 tgt=5225640977 f=0.405 u=0 breach=3 end=
CBAP_MIG t=30860000 epoch=6172 flow=37 side=new cur=4960615249 next=5067950668 tgt=5225640977 f=0.405 u=0 breach=3 end=
CBAP_MIG t=30860000 epoch=6172 flow=39 side=new cur=4960615249 next=5067950668 tgt=5225640977 f=0.405 u=0 breach=3 end=
CBAP_MIG t=30860000 epoch=6172 flow=40 side=new cur=4960615249 next=5067950668 tgt=5225640977 f=0.405 u=0 breach=3 end=
CBAP_MIG t=30860000 epoch=6172 flow=42 side=new cur=4960615249 next=5067950668 tgt=5225640977 f=0.405 u=0 breach=3 end=
CBAP_MIG t=30860000 epoch=6172 flow=43 side=new cur=4960615249 next=5067950668 tgt=5225640977 f=0.405 u=0 breach=3 end=
CBAP_MIG t=30860000 epoch=6172 flow=45 side=new cur=4960615249 next=5067950668 tgt=5225640977 f=0.405 u=0 breach=3 end=
CBAP_MIG t=30860000 epoch=6172 flow=47 side=new cur=4960615249 next=5067950668 tgt=5225640977 f=0.405 u=0 breach=3 end=
CBAP_MIG t=30860000 epoch=6172 flow=50 side=new cur=4960615249 next=5067950668 tgt=5225640977 f=0.405 u=0 breach=3 end=
CBAP_MIG t=30860000 epoch=6172 flow=55 side=new cur=4960615249 next=5067950668 tgt=5225640977 f=0.405 u=0 breach=3 end=
CBAP_MIG t=30860000 epoch=6172 flow=56 side=new cur=4960615249 next=5067950668 tgt=5225640977 f=0.405 u=0 breach=3 end=
CBAP_MIG t=30860000 epoch=6172 flow=58 side=new cur=4960615249 next=5067950668 tgt=5225640977 f=0.405 u=0 breach=3 end=
CBAP_MIG t=30860000 epoch=6172 flow=59 side=new cur=4960615249 next=5067950668 tgt=5225640977 f=0.405 u=0 breach=3 end=
CBAP_MIG t=30860000 epoch=6172 flow=60 side=new cur=4960615249 next=5067950668 tgt=5225640977 f=0.405 u=0 breach=3 end=
CBAP_MIG t=30860000 epoch=6172 flow=61 side=new cur=4960615249 next=5067950668 tgt=5225640977 f=0.405 u=0 breach=3 end=
CBAP_MIG t=30860000 epoch=6172 flow=63 side=new cur=4960615249 next=5067950668 tgt=5225640977 f=0.405 u=0 breach=3 end=
CBAP_MIG t=30860000 epoch=6172 flow=64 side=new cur=4960615249 next=5067950668 tgt=5225640977 f=0.405 u=0 breach=3 end=
CBAP_MIG t=30865000 epoch=6173 flow=1 side=new cur=5067950668 next=5131815243 tgt=5225640977 f=0.405 u=0 breach=3 end=
CBAP_MIG t=30865000 epoch=6173 flow=2 side=new cur=5067950668 next=5131815243 tgt=5225640977 f=0.405 u=0 breach=3 end=
CBAP_MIG t=30865000 epoch=6173 flow=4 side=new cur=5067950668 next=5131815243 tgt=5225640977 f=0.405 u=0 breach=3 end=
CBAP_MIG t=30865000 epoch=6173 flow=5 side=new cur=5067950668 next=5131815243 tgt=5225640977 f=0.405 u=0 breach=3 end=
CBAP_MIG t=30865000 epoch=6173 flow=8 side=new cur=5067950668 next=5131815243 tgt=5225640977 f=0.405 u=0 breach=3 end=
CBAP_MIG t=30865000 epoch=6173 flow=9 side=new cur=5067950668 next=5131815243 tgt=5225640977 f=0.405 u=0 breach=3 end=
CBAP_MIG t=30865000 epoch=6173 flow=10 side=new cur=5067950668 next=5131815243 tgt=5225640977 f=0.405 u=0 breach=3 end=
CBAP_MIG t=30865000 epoch=6173 flow=12 side=new cur=5067950668 next=5131815243 tgt=5225640977 f=0.405 u=0 breach=3 end=
CBAP_MIG t=30865000 epoch=6173 flow=13 side=new cur=5067950668 next=5131815243 tgt=5225640977 f=0.405 u=0 breach=3 end=
CBAP_MIG t=30865000 epoch=6173 flow=14 side=new cur=5067950668 next=5131815243 tgt=5225640977 f=0.405 u=0 breach=3 end=
CBAP_MIG t=30865000 epoch=6173 flow=16 side=new cur=5067950668 next=5131815243 tgt=5225640977 f=0.405 u=0 breach=3 end=
CBAP_MIG t=30865000 epoch=6173 flow=18 side=new cur=5067950668 next=5131815243 tgt=5225640977 f=0.405 u=0 breach=3 end=
CBAP_MIG t=30865000 epoch=6173 flow=19 side=new cur=5067950668 next=5131815243 tgt=5225640977 f=0.405 u=0 breach=3 end=
CBAP_MIG t=30865000 epoch=6173 flow=20 side=new cur=5067950668 next=5131815243 tgt=5225640977 f=0.405 u=0 breach=3 end=
CBAP_MIG t=30865000 epoch=6173 flow=22 side=new cur=5067950668 next=5131815243 tgt=5225640977 f=0.405 u=0 breach=3 end=
CBAP_MIG t=30865000 epoch=6173 flow=23 side=new cur=5067950668 next=5131815243 tgt=5225640977 f=0.405 u=0 breach=3 end=
CBAP_MIG t=30865000 epoch=6173 flow=26 side=new cur=5067950668 next=5131815243 tgt=5225640977 f=0.405 u=0 breach=3 end=
CBAP_MIG t=30865000 epoch=6173 flow=27 side=new cur=5067950668 next=5131815243 tgt=5225640977 f=0.405 u=0 breach=3 end=
CBAP_MIG t=30865000 epoch=6173 flow=28 side=new cur=5067950668 next=5131815243 tgt=5225640977 f=0.405 u=0 breach=3 end=
CBAP_MIG t=30865000 epoch=6173 flow=29 side=new cur=5067950668 next=5131815243 tgt=5225640977 f=0.405 u=0 breach=3 end=
CBAP_MIG t=30865000 epoch=6173 flow=32 side=new cur=5067950668 next=5131815243 tgt=5225640977 f=0.405 u=0 breach=3 end=
CBAP_MIG t=30865000 epoch=6173 flow=33 side=new cur=5067950668 next=5131815243 tgt=5225640977 f=0.405 u=0 breach=3 end=
CBAP_MIG t=30865000 epoch=6173 flow=35 side=new cur=5067950668 next=5131815243 tgt=5225640977 f=0.405 u=0 breach=3 end=
CBAP_MIG t=30865000 epoch=6173 flow=37 side=new cur=5067950668 next=5131815243 tgt=5225640977 f=0.405 u=0 breach=3 end=
CBAP_MIG t=30865000 epoch=6173 flow=39 side=new cur=5067950668 next=5131815243 tgt=5225640977 f=0.405 u=0 breach=3 end=
CBAP_MIG t=30865000 epoch=6173 flow=40 side=new cur=5067950668 next=5131815243 tgt=5225640977 f=0.405 u=0 breach=3 end=
CBAP_MIG t=30865000 epoch=6173 flow=42 side=new cur=5067950668 next=5131815243 tgt=5225640977 f=0.405 u=0 breach=3 end=
CBAP_MIG t=30865000 epoch=6173 flow=43 side=new cur=5067950668 next=5131815243 tgt=5225640977 f=0.405 u=0 breach=3 end=
CBAP_MIG t=30865000 epoch=6173 flow=45 side=new cur=5067950668 next=5131815243 tgt=5225640977 f=0.405 u=0 breach=3 end=
CBAP_MIG t=30865000 epoch=6173 flow=47 side=new cur=5067950668 next=5131815243 tgt=5225640977 f=0.405 u=0 breach=3 end=
CBAP_MIG t=30865000 epoch=6173 flow=50 side=new cur=5067950668 next=5131815243 tgt=5225640977 f=0.405 u=0 breach=3 end=
CBAP_MIG t=30865000 epoch=6173 flow=55 side=new cur=5067950668 next=5131815243 tgt=5225640977 f=0.405 u=0 breach=3 end=
CBAP_MIG t=30865000 epoch=6173 flow=56 side=new cur=5067950668 next=5131815243 tgt=5225640977 f=0.405 u=0 breach=3 end=
CBAP_MIG t=30865000 epoch=6173 flow=58 side=new cur=5067950668 next=5131815243 tgt=5225640977 f=0.405 u=0 breach=3 end=
CBAP_MIG t=30865000 epoch=6173 flow=59 side=new cur=5067950668 next=5131815243 tgt=5225640977 f=0.405 u=0 breach=3 end=
CBAP_MIG t=30865000 epoch=6173 flow=60 side=new cur=5067950668 next=5131815243 tgt=5225640977 f=0.405 u=0 breach=3 end=
CBAP_MIG t=30865000 epoch=6173 flow=61 side=new cur=5067950668 next=5131815243 tgt=5225640977 f=0.405 u=0 breach=3 end=
CBAP_MIG t=30865000 epoch=6173 flow=63 side=new cur=5067950668 next=5131815243 tgt=5225640977 f=0.405 u=0 breach=3 end=
CBAP_MIG t=30865000 epoch=6173 flow=64 side=new cur=5067950668 next=5131815243 tgt=5225640977 f=0.405 u=0 breach=3 end=
CBAP_MIG t=30870000 epoch=6174 flow=1 side=new cur=5131815243 next=5169814665 tgt=5225640977 f=0.405 u=0 breach=3 end=
CBAP_MIG t=30870000 epoch=6174 flow=2 side=new cur=5131815243 next=5169814665 tgt=5225640977 f=0.405 u=0 breach=3 end=
CBAP_MIG t=30870000 epoch=6174 flow=4 side=new cur=5131815243 next=5169814665 tgt=5225640977 f=0.405 u=0 breach=3 end=
CBAP_MIG t=30870000 epoch=6174 flow=5 side=new cur=5131815243 next=5169814665 tgt=5225640977 f=0.405 u=0 breach=3 end=
CBAP_MIG t=30870000 epoch=6174 flow=8 side=new cur=5131815243 next=5169814665 tgt=5225640977 f=0.405 u=0 breach=3 end=
CBAP_MIG t=30870000 epoch=6174 flow=9 side=new cur=5131815243 next=5169814665 tgt=5225640977 f=0.405 u=0 breach=3 end=
CBAP_MIG t=30870000 epoch=6174 flow=10 side=new cur=5131815243 next=5169814665 tgt=5225640977 f=0.405 u=0 breach=3 end=
CBAP_MIG t=30870000 epoch=6174 flow=12 side=new cur=5131815243 next=5169814665 tgt=5225640977 f=0.405 u=0 breach=3 end=
CBAP_MIG t=30870000 epoch=6174 flow=13 side=new cur=5131815243 next=5169814665 tgt=5225640977 f=0.405 u=0 breach=3 end=
CBAP_MIG t=30870000 epoch=6174 flow=14 side=new cur=5131815243 next=5169814665 tgt=5225640977 f=0.405 u=0 breach=3 end=
CBAP_MIG t=30870000 epoch=6174 flow=16 side=new cur=5131815243 next=5169814665 tgt=5225640977 f=0.405 u=0 breach=3 end=
CBAP_MIG t=30870000 epoch=6174 flow=18 side=new cur=5131815243 next=5169814665 tgt=5225640977 f=0.405 u=0 breach=3 end=
CBAP_MIG t=30870000 epoch=6174 flow=19 side=new cur=5131815243 next=5169814665 tgt=5225640977 f=0.405 u=0 breach=3 end=
CBAP_MIG t=30870000 epoch=6174 flow=20 side=new cur=5131815243 next=5169814665 tgt=5225640977 f=0.405 u=0 breach=3 end=
CBAP_MIG t=30870000 epoch=6174 flow=22 side=new cur=5131815243 next=5169814665 tgt=5225640977 f=0.405 u=0 breach=3 end=
CBAP_MIG t=30870000 epoch=6174 flow=23 side=new cur=5131815243 next=5169814665 tgt=5225640977 f=0.405 u=0 breach=3 end=
CBAP_MIG t=30870000 epoch=6174 flow=26 side=new cur=5131815243 next=5169814665 tgt=5225640977 f=0.405 u=0 breach=3 end=
CBAP_MIG t=30870000 epoch=6174 flow=27 side=new cur=5131815243 next=5169814665 tgt=5225640977 f=0.405 u=0 breach=3 end=
CBAP_MIG t=30870000 epoch=6174 flow=28 side=new cur=5131815243 next=5169814665 tgt=5225640977 f=0.405 u=0 breach=3 end=
CBAP_MIG t=30870000 epoch=6174 flow=29 side=new cur=5131815243 next=5169814665 tgt=5225640977 f=0.405 u=0 breach=3 end=
CBAP_MIG t=30870000 epoch=6174 flow=32 side=new cur=5131815243 next=5169814665 tgt=5225640977 f=0.405 u=0 breach=3 end=
CBAP_MIG t=30870000 epoch=6174 flow=33 side=new cur=5131815243 next=5169814665 tgt=5225640977 f=0.405 u=0 breach=3 end=
CBAP_MIG t=30870000 epoch=6174 flow=35 side=new cur=5131815243 next=5169814665 tgt=5225640977 f=0.405 u=0 breach=3 end=
CBAP_MIG t=30870000 epoch=6174 flow=37 side=new cur=5131815243 next=5169814665 tgt=5225640977 f=0.405 u=0 breach=3 end=
CBAP_MIG t=30870000 epoch=6174 flow=39 side=new cur=5131815243 next=5169814665 tgt=5225640977 f=0.405 u=0 breach=3 end=
CBAP_MIG t=30870000 epoch=6174 flow=40 side=new cur=5131815243 next=5169814665 tgt=5225640977 f=0.405 u=0 breach=3 end=
CBAP_MIG t=30870000 epoch=6174 flow=42 side=new cur=5131815243 next=5169814665 tgt=5225640977 f=0.405 u=0 breach=3 end=
CBAP_MIG t=30870000 epoch=6174 flow=43 side=new cur=5131815243 next=5169814665 tgt=5225640977 f=0.405 u=0 breach=3 end=
CBAP_MIG t=30870000 epoch=6174 flow=45 side=new cur=5131815243 next=5169814665 tgt=5225640977 f=0.405 u=0 breach=3 end=
CBAP_MIG t=30870000 epoch=6174 flow=47 side=new cur=5131815243 next=5169814665 tgt=5225640977 f=0.405 u=0 breach=3 end=
CBAP_MIG t=30870000 epoch=6174 flow=50 side=new cur=5131815243 next=5169814665 tgt=5225640977 f=0.405 u=0 breach=3 end=
CBAP_MIG t=30870000 epoch=6174 flow=55 side=new cur=5131815243 next=5169814665 tgt=5225640977 f=0.405 u=0 breach=3 end=
CBAP_MIG t=30870000 epoch=6174 flow=56 side=new cur=5131815243 next=5169814665 tgt=5225640977 f=0.405 u=0 breach=3 end=
CBAP_MIG t=30870000 epoch=6174 flow=58 side=new cur=5131815243 next=5169814665 tgt=5225640977 f=0.405 u=0 breach=3 end=
CBAP_MIG t=30870000 epoch=6174 flow=59 side=new cur=5131815243 next=5169814665 tgt=5225640977 f=0.405 u=0 breach=3 end=
CBAP_MIG t=30870000 epoch=6174 flow=60 side=new cur=5131815243 next=5169814665 tgt=5225640977 f=0.405 u=0 breach=3 end=
CBAP_MIG t=30870000 epoch=6174 flow=61 side=new cur=5131815243 next=5169814665 tgt=5225640977 f=0.405 u=0 breach=3 end=
CBAP_MIG t=30870000 epoch=6174 flow=63 side=new cur=5131815243 next=5169814665 tgt=5225640977 f=0.405 u=0 breach=3 end=
CBAP_MIG t=30870000 epoch=6174 flow=64 side=new cur=5131815243 next=5169814665 tgt=5225640977 f=0.405 u=0 breach=3 end=
CBAP_MIG t=30875000 epoch=6175 flow=1 side=new cur=5169814665 next=5192424321 tgt=5225640977 f=0.405 u=0 breach=3 end=converged
CBAP_MIG t=30875000 epoch=6175 flow=2 side=new cur=5169814665 next=5192424321 tgt=5225640977 f=0.405 u=0 breach=3 end=converged
CBAP_MIG t=30875000 epoch=6175 flow=4 side=new cur=5169814665 next=5192424321 tgt=5225640977 f=0.405 u=0 breach=3 end=converged
CBAP_MIG t=30875000 epoch=6175 flow=5 side=new cur=5169814665 next=5192424321 tgt=5225640977 f=0.405 u=0 breach=3 end=converged
CBAP_MIG t=30875000 epoch=6175 flow=8 side=new cur=5169814665 next=5192424321 tgt=5225640977 f=0.405 u=0 breach=3 end=converged
CBAP_MIG t=30875000 epoch=6175 flow=9 side=new cur=5169814665 next=5192424321 tgt=5225640977 f=0.405 u=0 breach=3 end=converged
CBAP_MIG t=30875000 epoch=6175 flow=10 side=new cur=5169814665 next=5192424321 tgt=5225640977 f=0.405 u=0 breach=3 end=converged
CBAP_MIG t=30875000 epoch=6175 flow=12 side=new cur=5169814665 next=5192424321 tgt=5225640977 f=0.405 u=0 breach=3 end=converged
CBAP_MIG t=30875000 epoch=6175 flow=13 side=new cur=5169814665 next=5192424321 tgt=5225640977 f=0.405 u=0 breach=3 end=converged
CBAP_MIG t=30875000 epoch=6175 flow=14 side=new cur=5169814665 next=5192424321 tgt=5225640977 f=0.405 u=0 breach=3 end=converged
CBAP_MIG t=30875000 epoch=6175 flow=16 side=new cur=5169814665 next=5192424321 tgt=5225640977 f=0.405 u=0 breach=3 end=converged
CBAP_MIG t=30875000 epoch=6175 flow=18 side=new cur=5169814665 next=5192424321 tgt=5225640977 f=0.405 u=0 breach=3 end=converged
CBAP_MIG t=30875000 epoch=6175 flow=19 side=new cur=5169814665 next=5192424321 tgt=5225640977 f=0.405 u=0 breach=3 end=converged
CBAP_MIG t=30875000 epoch=6175 flow=20 side=new cur=5169814665 next=5192424321 tgt=5225640977 f=0.405 u=0 breach=3 end=converged
CBAP_MIG t=30875000 epoch=6175 flow=22 side=new cur=5169814665 next=5192424321 tgt=5225640977 f=0.405 u=0 breach=3 end=converged
CBAP_MIG t=30875000 epoch=6175 flow=23 side=new cur=5169814665 next=5192424321 tgt=5225640977 f=0.405 u=0 breach=3 end=converged
CBAP_MIG t=30875000 epoch=6175 flow=26 side=new cur=5169814665 next=5192424321 tgt=5225640977 f=0.405 u=0 breach=3 end=converged
CBAP_MIG t=30875000 epoch=6175 flow=27 side=new cur=5169814665 next=5192424321 tgt=5225640977 f=0.405 u=0 breach=3 end=converged
CBAP_MIG t=30875000 epoch=6175 flow=28 side=new cur=5169814665 next=5192424321 tgt=5225640977 f=0.405 u=0 breach=3 end=converged
CBAP_MIG t=30875000 epoch=6175 flow=29 side=new cur=5169814665 next=5192424321 tgt=5225640977 f=0.405 u=0 breach=3 end=converged
CBAP_MIG t=30875000 epoch=6175 flow=32 side=new cur=5169814665 next=5192424321 tgt=5225640977 f=0.405 u=0 breach=3 end=converged
CBAP_MIG t=30875000 epoch=6175 flow=33 side=new cur=5169814665 next=5192424321 tgt=5225640977 f=0.405 u=0 breach=3 end=converged
CBAP_MIG t=30875000 epoch=6175 flow=35 side=new cur=5169814665 next=5192424321 tgt=5225640977 f=0.405 u=0 breach=3 end=converged
CBAP_MIG t=30875000 epoch=6175 flow=37 side=new cur=5169814665 next=5192424321 tgt=5225640977 f=0.405 u=0 breach=3 end=converged
CBAP_MIG t=30875000 epoch=6175 flow=39 side=new cur=5169814665 next=5192424321 tgt=5225640977 f=0.405 u=0 breach=3 end=converged
CBAP_MIG t=30875000 epoch=6175 flow=40 side=new cur=5169814665 next=5192424321 tgt=5225640977 f=0.405 u=0 breach=3 end=converged
CBAP_MIG t=30875000 epoch=6175 flow=42 side=new cur=5169814665 next=5192424321 tgt=5225640977 f=0.405 u=0 breach=3 end=converged
CBAP_MIG t=30875000 epoch=6175 flow=43 side=new cur=5169814665 next=5192424321 tgt=5225640977 f=0.405 u=0 breach=3 end=converged
CBAP_MIG t=30875000 epoch=6175 flow=45 side=new cur=5169814665 next=5192424321 tgt=5225640977 f=0.405 u=0 breach=3 end=converged
CBAP_MIG t=30875000 epoch=6175 flow=47 side=new cur=5169814665 next=5192424321 tgt=5225640977 f=0.405 u=0 breach=3 end=converged
CBAP_MIG t=30875000 epoch=6175 flow=50 side=new cur=5169814665 next=5192424321 tgt=5225640977 f=0.405 u=0 breach=3 end=converged
CBAP_MIG t=30875000 epoch=6175 flow=55 side=new cur=5169814665 next=5192424321 tgt=5225640977 f=0.405 u=0 breach=3 end=converged
CBAP_MIG t=30875000 epoch=6175 flow=56 side=new cur=5169814665 next=5192424321 tgt=5225640977 f=0.405 u=0 breach=3 end=converged
CBAP_MIG t=30875000 epoch=6175 flow=58 side=new cur=5169814665 next=5192424321 tgt=5225640977 f=0.405 u=0 breach=3 end=converged
CBAP_MIG t=30875000 epoch=6175 flow=59 side=new cur=5169814665 next=5192424321 tgt=5225640977 f=0.405 u=0 breach=3 end=converged
CBAP_MIG t=30875000 epoch=6175 flow=60 side=new cur=5169814665 next=5192424321 tgt=5225640977 f=0.405 u=0 breach=3 end=converged
CBAP_MIG t=30875000 epoch=6175 flow=61 side=new cur=5169814665 next=5192424321 tgt=5225640977 f=0.405 u=0 breach=3 end=converged
CBAP_MIG t=30875000 epoch=6175 flow=63 side=new cur=5169814665 next=5192424321 tgt=5225640977 f=0.405 u=0 breach=3 end=converged
CBAP_MIG t=30875000 epoch=6175 flow=64 side=new cur=5169814665 next=5192424321 tgt=5225640977 f=0.405 u=0 breach=3 end=converged
CBAP_MIG_REPLAN t=30905000 reason=active_set_shrank flow=0 batch=0 newest_batch=1 cur=2000013255 target=2000000000 ceiling=190000000000 old_side_present=1
CBAP_MIG_REPLAN t=30905000 reason=active_set_shrank flow=1 batch=1 newest_batch=1 cur=5192424321 target=5257894701 ceiling=200000000000 old_side_present=1
CBAP_MIG_REPLAN t=30905000 reason=active_set_shrank flow=2 batch=1 newest_batch=1 cur=5192424321 target=5257894701 ceiling=200000000000 old_side_present=1
CBAP_MIG_REPLAN t=30905000 reason=active_set_shrank flow=4 batch=1 newest_batch=1 cur=5192424321 target=5257894701 ceiling=200000000000 old_side_present=1
CBAP_MIG_REPLAN t=30905000 reason=active_set_shrank flow=5 batch=1 newest_batch=1 cur=5192424321 target=5257894701 ceiling=200000000000 old_side_present=1
CBAP_MIG_REPLAN t=30905000 reason=active_set_shrank flow=8 batch=1 newest_batch=1 cur=5192424321 target=5257894701 ceiling=200000000000 old_side_present=1
CBAP_MIG_REPLAN t=30905000 reason=active_set_shrank flow=9 batch=1 newest_batch=1 cur=5192424321 target=5257894701 ceiling=200000000000 old_side_present=1
CBAP_MIG_REPLAN t=30905000 reason=active_set_shrank flow=10 batch=1 newest_batch=1 cur=5192424321 target=5257894701 ceiling=200000000000 old_side_present=1
CBAP_MIG_REPLAN t=30905000 reason=active_set_shrank flow=12 batch=1 newest_batch=1 cur=5192424321 target=5257894701 ceiling=200000000000 old_side_present=1
CBAP_MIG_REPLAN t=30905000 reason=active_set_shrank flow=13 batch=1 newest_batch=1 cur=5192424321 target=5257894701 ceiling=200000000000 old_side_present=1
CBAP_MIG_REPLAN t=30905000 reason=active_set_shrank flow=14 batch=1 newest_batch=1 cur=5192424321 target=5257894701 ceiling=200000000000 old_side_present=1
CBAP_MIG_REPLAN t=30905000 reason=active_set_shrank flow=16 batch=1 newest_batch=1 cur=5192424321 target=5257894701 ceiling=200000000000 old_side_present=1
CBAP_MIG_REPLAN t=30905000 reason=active_set_shrank flow=18 batch=1 newest_batch=1 cur=5192424321 target=5257894701 ceiling=200000000000 old_side_present=1
CBAP_MIG_REPLAN t=30905000 reason=active_set_shrank flow=19 batch=1 newest_batch=1 cur=5192424321 target=5257894701 ceiling=200000000000 old_side_present=1
CBAP_MIG_REPLAN t=30905000 reason=active_set_shrank flow=20 batch=1 newest_batch=1 cur=5192424321 target=5257894701 ceiling=200000000000 old_side_present=1
CBAP_MIG_REPLAN t=30905000 reason=active_set_shrank flow=22 batch=1 newest_batch=1 cur=5192424321 target=5257894701 ceiling=200000000000 old_side_present=1
CBAP_MIG_REPLAN t=30905000 reason=active_set_shrank flow=23 batch=1 newest_batch=1 cur=5192424321 target=5257894701 ceiling=200000000000 old_side_present=1
CBAP_MIG_REPLAN t=30905000 reason=active_set_shrank flow=26 batch=1 newest_batch=1 cur=5192424321 target=5257894701 ceiling=200000000000 old_side_present=1
CBAP_MIG_REPLAN t=30905000 reason=active_set_shrank flow=27 batch=1 newest_batch=1 cur=5192424321 target=5257894701 ceiling=200000000000 old_side_present=1
CBAP_MIG_REPLAN t=30905000 reason=active_set_shrank flow=28 batch=1 newest_batch=1 cur=5192424321 target=5257894701 ceiling=200000000000 old_side_present=1
CBAP_MIG_REPLAN t=30905000 reason=active_set_shrank flow=29 batch=1 newest_batch=1 cur=5192424321 target=5257894701 ceiling=200000000000 old_side_present=1
CBAP_MIG_REPLAN t=30905000 reason=active_set_shrank flow=32 batch=1 newest_batch=1 cur=5192424321 target=5257894701 ceiling=200000000000 old_side_present=1
CBAP_MIG_REPLAN t=30905000 reason=active_set_shrank flow=33 batch=1 newest_batch=1 cur=5192424321 target=5257894701 ceiling=200000000000 old_side_present=1
CBAP_MIG_REPLAN t=30905000 reason=active_set_shrank flow=35 batch=1 newest_batch=1 cur=5192424321 target=5257894701 ceiling=200000000000 old_side_present=1
CBAP_MIG_REPLAN t=30905000 reason=active_set_shrank flow=37 batch=1 newest_batch=1 cur=5192424321 target=5257894701 ceiling=200000000000 old_side_present=1
CBAP_MIG_REPLAN t=30905000 reason=active_set_shrank flow=39 batch=1 newest_batch=1 cur=5192424321 target=5257894701 ceiling=200000000000 old_side_present=1
CBAP_MIG_REPLAN t=30905000 reason=active_set_shrank flow=40 batch=1 newest_batch=1 cur=5192424321 target=5257894701 ceiling=200000000000 old_side_present=1
CBAP_MIG_REPLAN t=30905000 reason=active_set_shrank flow=42 batch=1 newest_batch=1 cur=5192424321 target=5257894701 ceiling=200000000000 old_side_present=1
CBAP_MIG_REPLAN t=30905000 reason=active_set_shrank flow=43 batch=1 newest_batch=1 cur=5192424321 target=5257894701 ceiling=200000000000 old_side_present=1
CBAP_MIG_REPLAN t=30905000 reason=active_set_shrank flow=45 batch=1 newest_batch=1 cur=5192424321 target=5257894701 ceiling=200000000000 old_side_present=1
CBAP_MIG_REPLAN t=30905000 reason=active_set_shrank flow=47 batch=1 newest_batch=1 cur=5192424321 target=5257894701 ceiling=200000000000 old_side_present=1
CBAP_MIG_REPLAN t=30905000 reason=active_set_shrank flow=50 batch=1 newest_batch=1 cur=5192424321 target=5257894701 ceiling=200000000000 old_side_present=1
CBAP_MIG_REPLAN t=30905000 reason=active_set_shrank flow=55 batch=1 newest_batch=1 cur=5192424321 target=5257894701 ceiling=200000000000 old_side_present=1
CBAP_MIG_REPLAN t=30905000 reason=active_set_shrank flow=56 batch=1 newest_batch=1 cur=5192424321 target=5257894701 ceiling=200000000000 old_side_present=1
CBAP_MIG_REPLAN t=30905000 reason=active_set_shrank flow=58 batch=1 newest_batch=1 cur=5192424321 target=5257894701 ceiling=200000000000 old_side_present=1
CBAP_MIG_REPLAN t=30905000 reason=active_set_shrank flow=60 batch=1 newest_batch=1 cur=5192424321 target=5257894701 ceiling=200000000000 old_side_present=1
CBAP_MIG_REPLAN t=30905000 reason=active_set_shrank flow=61 batch=1 newest_batch=1 cur=5192424321 target=5257894701 ceiling=200000000000 old_side_present=1
CBAP_MIG_REPLAN t=30905000 reason=active_set_shrank flow=63 batch=1 newest_batch=1 cur=5192424321 target=5257894701 ceiling=200000000000 old_side_present=1
CBAP_MIG_REPLAN t=30905000 reason=active_set_shrank flow=64 batch=1 newest_batch=1 cur=5192424321 target=5257894701 ceiling=200000000000 old_side_present=1
CBAP_MIG t=30905000 epoch=6181 flow=0 side=old cur=2000013255 next=2000009278 tgt=2000000000 f=0.3 u=0 breach=0 end=converged
CBAP_MIG t=30905000 epoch=6181 flow=1 side=new cur=5192424321 next=5218939824 tgt=5257894701 f=0.405 u=0 breach=3 end=converged
CBAP_MIG t=30905000 epoch=6181 flow=2 side=new cur=5192424321 next=5218939824 tgt=5257894701 f=0.405 u=0 breach=3 end=converged
CBAP_MIG t=30905000 epoch=6181 flow=4 side=new cur=5192424321 next=5218939824 tgt=5257894701 f=0.405 u=0 breach=3 end=converged
CBAP_MIG t=30905000 epoch=6181 flow=5 side=new cur=5192424321 next=5218939824 tgt=5257894701 f=0.405 u=0 breach=3 end=converged
CBAP_MIG t=30905000 epoch=6181 flow=8 side=new cur=5192424321 next=5218939824 tgt=5257894701 f=0.405 u=0 breach=3 end=converged
CBAP_MIG t=30905000 epoch=6181 flow=9 side=new cur=5192424321 next=5218939824 tgt=5257894701 f=0.405 u=0 breach=3 end=converged
CBAP_MIG t=30905000 epoch=6181 flow=10 side=new cur=5192424321 next=5218939824 tgt=5257894701 f=0.405 u=0 breach=3 end=converged
CBAP_MIG t=30905000 epoch=6181 flow=12 side=new cur=5192424321 next=5218939824 tgt=5257894701 f=0.405 u=0 breach=3 end=converged
CBAP_MIG t=30905000 epoch=6181 flow=13 side=new cur=5192424321 next=5218939824 tgt=5257894701 f=0.405 u=0 breach=3 end=converged
CBAP_MIG t=30905000 epoch=6181 flow=14 side=new cur=5192424321 next=5218939824 tgt=5257894701 f=0.405 u=0 breach=3 end=converged
CBAP_MIG t=30905000 epoch=6181 flow=16 side=new cur=5192424321 next=5218939824 tgt=5257894701 f=0.405 u=0 breach=3 end=converged
CBAP_MIG t=30905000 epoch=6181 flow=18 side=new cur=5192424321 next=5218939824 tgt=5257894701 f=0.405 u=0 breach=3 end=converged
CBAP_MIG t=30905000 epoch=6181 flow=19 side=new cur=5192424321 next=5218939824 tgt=5257894701 f=0.405 u=0 breach=3 end=converged
CBAP_MIG t=30905000 epoch=6181 flow=20 side=new cur=5192424321 next=5218939824 tgt=5257894701 f=0.405 u=0 breach=3 end=converged
CBAP_MIG t=30905000 epoch=6181 flow=22 side=new cur=5192424321 next=5218939824 tgt=5257894701 f=0.405 u=0 breach=3 end=converged
CBAP_MIG t=30905000 epoch=6181 flow=23 side=new cur=5192424321 next=5218939824 tgt=5257894701 f=0.405 u=0 breach=3 end=converged
CBAP_MIG t=30905000 epoch=6181 flow=26 side=new cur=5192424321 next=5218939824 tgt=5257894701 f=0.405 u=0 breach=3 end=converged
CBAP_MIG t=30905000 epoch=6181 flow=27 side=new cur=5192424321 next=5218939824 tgt=5257894701 f=0.405 u=0 breach=3 end=converged
CBAP_MIG t=30905000 epoch=6181 flow=28 side=new cur=5192424321 next=5218939824 tgt=5257894701 f=0.405 u=0 breach=3 end=converged
CBAP_MIG t=30905000 epoch=6181 flow=29 side=new cur=5192424321 next=5218939824 tgt=5257894701 f=0.405 u=0 breach=3 end=converged
CBAP_MIG t=30905000 epoch=6181 flow=32 side=new cur=5192424321 next=5218939824 tgt=5257894701 f=0.405 u=0 breach=3 end=converged
CBAP_MIG t=30905000 epoch=6181 flow=33 side=new cur=5192424321 next=5218939824 tgt=5257894701 f=0.405 u=0 breach=3 end=converged
CBAP_MIG t=30905000 epoch=6181 flow=35 side=new cur=5192424321 next=5218939824 tgt=5257894701 f=0.405 u=0 breach=3 end=converged
CBAP_MIG t=30905000 epoch=6181 flow=37 side=new cur=5192424321 next=5218939824 tgt=5257894701 f=0.405 u=0 breach=3 end=converged
CBAP_MIG t=30905000 epoch=6181 flow=39 side=new cur=5192424321 next=5218939824 tgt=5257894701 f=0.405 u=0 breach=3 end=converged
CBAP_MIG t=30905000 epoch=6181 flow=40 side=new cur=5192424321 next=5218939824 tgt=5257894701 f=0.405 u=0 breach=3 end=converged
CBAP_MIG t=30905000 epoch=6181 flow=42 side=new cur=5192424321 next=5218939824 tgt=5257894701 f=0.405 u=0 breach=3 end=converged
CBAP_MIG t=30905000 epoch=6181 flow=43 side=new cur=5192424321 next=5218939824 tgt=5257894701 f=0.405 u=0 breach=3 end=converged
CBAP_MIG t=30905000 epoch=6181 flow=45 side=new cur=5192424321 next=5218939824 tgt=5257894701 f=0.405 u=0 breach=3 end=converged
CBAP_MIG t=30905000 epoch=6181 flow=47 side=new cur=5192424321 next=5218939824 tgt=5257894701 f=0.405 u=0 breach=3 end=converged
CBAP_MIG t=30905000 epoch=6181 flow=50 side=new cur=5192424321 next=5218939824 tgt=5257894701 f=0.405 u=0 breach=3 end=converged
CBAP_MIG t=30905000 epoch=6181 flow=55 side=new cur=5192424321 next=5218939824 tgt=5257894701 f=0.405 u=0 breach=3 end=converged
CBAP_MIG t=30905000 epoch=6181 flow=56 side=new cur=5192424321 next=5218939824 tgt=5257894701 f=0.405 u=0 breach=3 end=converged
CBAP_MIG t=30905000 epoch=6181 flow=58 side=new cur=5192424321 next=5218939824 tgt=5257894701 f=0.405 u=0 breach=3 end=converged
CBAP_MIG t=30905000 epoch=6181 flow=60 side=new cur=5192424321 next=5218939824 tgt=5257894701 f=0.405 u=0 breach=3 end=converged
CBAP_MIG t=30905000 epoch=6181 flow=61 side=new cur=5192424321 next=5218939824 tgt=5257894701 f=0.405 u=0 breach=3 end=converged
CBAP_MIG t=30905000 epoch=6181 flow=63 side=new cur=5192424321 next=5218939824 tgt=5257894701 f=0.405 u=0 breach=3 end=converged
CBAP_MIG t=30905000 epoch=6181 flow=64 side=new cur=5192424321 next=5218939824 tgt=5257894701 f=0.405 u=0 breach=3 end=converged
CBAP_MIG_REPLAN t=30965000 reason=active_set_shrank flow=0 batch=0 newest_batch=1 cur=2000009278 target=2000000000 ceiling=190000000000 old_side_present=1
CBAP_MIG_REPLAN t=30965000 reason=active_set_shrank flow=1 batch=1 newest_batch=1 cur=5218939824 target=5508108083 ceiling=200000000000 old_side_present=1
CBAP_MIG_REPLAN t=30965000 reason=active_set_shrank flow=2 batch=1 newest_batch=1 cur=5218939824 target=5508108083 ceiling=200000000000 old_side_present=1
CBAP_MIG_REPLAN t=30965000 reason=active_set_shrank flow=4 batch=1 newest_batch=1 cur=5218939824 target=5508108083 ceiling=200000000000 old_side_present=1
CBAP_MIG_REPLAN t=30965000 reason=active_set_shrank flow=5 batch=1 newest_batch=1 cur=5218939824 target=5508108083 ceiling=200000000000 old_side_present=1
CBAP_MIG_REPLAN t=30965000 reason=active_set_shrank flow=8 batch=1 newest_batch=1 cur=5218939824 target=5508108083 ceiling=200000000000 old_side_present=1
CBAP_MIG_REPLAN t=30965000 reason=active_set_shrank flow=9 batch=1 newest_batch=1 cur=5218939824 target=5508108083 ceiling=200000000000 old_side_present=1
CBAP_MIG_REPLAN t=30965000 reason=active_set_shrank flow=10 batch=1 newest_batch=1 cur=5218939824 target=5508108083 ceiling=200000000000 old_side_present=1
CBAP_MIG_REPLAN t=30965000 reason=active_set_shrank flow=12 batch=1 newest_batch=1 cur=5218939824 target=5508108083 ceiling=200000000000 old_side_present=1
CBAP_MIG_REPLAN t=30965000 reason=active_set_shrank flow=13 batch=1 newest_batch=1 cur=5218939824 target=5508108083 ceiling=200000000000 old_side_present=1
CBAP_MIG_REPLAN t=30965000 reason=active_set_shrank flow=14 batch=1 newest_batch=1 cur=5218939824 target=5508108083 ceiling=200000000000 old_side_present=1
CBAP_MIG_REPLAN t=30965000 reason=active_set_shrank flow=16 batch=1 newest_batch=1 cur=5218939824 target=5508108083 ceiling=200000000000 old_side_present=1
CBAP_MIG_REPLAN t=30965000 reason=active_set_shrank flow=18 batch=1 newest_batch=1 cur=5218939824 target=5508108083 ceiling=200000000000 old_side_present=1
CBAP_MIG_REPLAN t=30965000 reason=active_set_shrank flow=19 batch=1 newest_batch=1 cur=5218939824 target=5508108083 ceiling=200000000000 old_side_present=1
CBAP_MIG_REPLAN t=30965000 reason=active_set_shrank flow=20 batch=1 newest_batch=1 cur=5218939824 target=5508108083 ceiling=200000000000 old_side_present=1
CBAP_MIG_REPLAN t=30965000 reason=active_set_shrank flow=22 batch=1 newest_batch=1 cur=5218939824 target=5508108083 ceiling=200000000000 old_side_present=1
CBAP_MIG_REPLAN t=30965000 reason=active_set_shrank flow=23 batch=1 newest_batch=1 cur=5218939824 target=5508108083 ceiling=200000000000 old_side_present=1
CBAP_MIG_REPLAN t=30965000 reason=active_set_shrank flow=26 batch=1 newest_batch=1 cur=5218939824 target=5508108083 ceiling=200000000000 old_side_present=1
CBAP_MIG_REPLAN t=30965000 reason=active_set_shrank flow=27 batch=1 newest_batch=1 cur=5218939824 target=5508108083 ceiling=200000000000 old_side_present=1
CBAP_MIG_REPLAN t=30965000 reason=active_set_shrank flow=28 batch=1 newest_batch=1 cur=5218939824 target=5508108083 ceiling=200000000000 old_side_present=1
CBAP_MIG_REPLAN t=30965000 reason=active_set_shrank flow=29 batch=1 newest_batch=1 cur=5218939824 target=5508108083 ceiling=200000000000 old_side_present=1
CBAP_MIG_REPLAN t=30965000 reason=active_set_shrank flow=32 batch=1 newest_batch=1 cur=5218939824 target=5508108083 ceiling=200000000000 old_side_present=1
CBAP_MIG_REPLAN t=30965000 reason=active_set_shrank flow=33 batch=1 newest_batch=1 cur=5218939824 target=5508108083 ceiling=200000000000 old_side_present=1
CBAP_MIG_REPLAN t=30965000 reason=active_set_shrank flow=35 batch=1 newest_batch=1 cur=5218939824 target=5508108083 ceiling=200000000000 old_side_present=1
CBAP_MIG_REPLAN t=30965000 reason=active_set_shrank flow=37 batch=1 newest_batch=1 cur=5218939824 target=5508108083 ceiling=200000000000 old_side_present=1
CBAP_MIG_REPLAN t=30965000 reason=active_set_shrank flow=39 batch=1 newest_batch=1 cur=5218939824 target=5508108083 ceiling=200000000000 old_side_present=1
CBAP_MIG_REPLAN t=30965000 reason=active_set_shrank flow=40 batch=1 newest_batch=1 cur=5218939824 target=5508108083 ceiling=200000000000 old_side_present=1
CBAP_MIG_REPLAN t=30965000 reason=active_set_shrank flow=43 batch=1 newest_batch=1 cur=5218939824 target=5508108083 ceiling=200000000000 old_side_present=1
CBAP_MIG_REPLAN t=30965000 reason=active_set_shrank flow=45 batch=1 newest_batch=1 cur=5218939824 target=5508108083 ceiling=200000000000 old_side_present=1
CBAP_MIG_REPLAN t=30965000 reason=active_set_shrank flow=47 batch=1 newest_batch=1 cur=5218939824 target=5508108083 ceiling=200000000000 old_side_present=1
CBAP_MIG_REPLAN t=30965000 reason=active_set_shrank flow=50 batch=1 newest_batch=1 cur=5218939824 target=5508108083 ceiling=200000000000 old_side_present=1
CBAP_MIG_REPLAN t=30965000 reason=active_set_shrank flow=55 batch=1 newest_batch=1 cur=5218939824 target=5508108083 ceiling=200000000000 old_side_present=1
CBAP_MIG_REPLAN t=30965000 reason=active_set_shrank flow=56 batch=1 newest_batch=1 cur=5218939824 target=5508108083 ceiling=200000000000 old_side_present=1
CBAP_MIG_REPLAN t=30965000 reason=active_set_shrank flow=58 batch=1 newest_batch=1 cur=5218939824 target=5508108083 ceiling=200000000000 old_side_present=1
CBAP_MIG_REPLAN t=30965000 reason=active_set_shrank flow=60 batch=1 newest_batch=1 cur=5218939824 target=5508108083 ceiling=200000000000 old_side_present=1
CBAP_MIG_REPLAN t=30965000 reason=active_set_shrank flow=61 batch=1 newest_batch=1 cur=5218939824 target=5508108083 ceiling=200000000000 old_side_present=1
CBAP_MIG_REPLAN t=30965000 reason=active_set_shrank flow=63 batch=1 newest_batch=1 cur=5218939824 target=5508108083 ceiling=200000000000 old_side_present=1
CBAP_MIG_REPLAN t=30965000 reason=active_set_shrank flow=64 batch=1 newest_batch=1 cur=5218939824 target=5508108083 ceiling=200000000000 old_side_present=1
CBAP_MIG t=30965000 epoch=6193 flow=0 side=old cur=2000009278 next=2000006494 tgt=2000000000 f=0.3 u=0 breach=0 end=converged
CBAP_MIG t=30965000 epoch=6193 flow=1 side=new cur=5218939824 next=5336052968 tgt=5508108083 f=0.405 u=0 breach=3 end=
CBAP_MIG t=30965000 epoch=6193 flow=2 side=new cur=5218939824 next=5336052968 tgt=5508108083 f=0.405 u=0 breach=3 end=
CBAP_MIG t=30965000 epoch=6193 flow=4 side=new cur=5218939824 next=5336052968 tgt=5508108083 f=0.405 u=0 breach=3 end=
CBAP_MIG t=30965000 epoch=6193 flow=5 side=new cur=5218939824 next=5336052968 tgt=5508108083 f=0.405 u=0 breach=3 end=
CBAP_MIG t=30965000 epoch=6193 flow=8 side=new cur=5218939824 next=5336052968 tgt=5508108083 f=0.405 u=0 breach=3 end=
CBAP_MIG t=30965000 epoch=6193 flow=9 side=new cur=5218939824 next=5336052968 tgt=5508108083 f=0.405 u=0 breach=3 end=
CBAP_MIG t=30965000 epoch=6193 flow=10 side=new cur=5218939824 next=5336052968 tgt=5508108083 f=0.405 u=0 breach=3 end=
CBAP_MIG t=30965000 epoch=6193 flow=12 side=new cur=5218939824 next=5336052968 tgt=5508108083 f=0.405 u=0 breach=3 end=
CBAP_MIG t=30965000 epoch=6193 flow=13 side=new cur=5218939824 next=5336052968 tgt=5508108083 f=0.405 u=0 breach=3 end=
CBAP_MIG t=30965000 epoch=6193 flow=14 side=new cur=5218939824 next=5336052968 tgt=5508108083 f=0.405 u=0 breach=3 end=
CBAP_MIG t=30965000 epoch=6193 flow=16 side=new cur=5218939824 next=5336052968 tgt=5508108083 f=0.405 u=0 breach=3 end=
CBAP_MIG t=30965000 epoch=6193 flow=18 side=new cur=5218939824 next=5336052968 tgt=5508108083 f=0.405 u=0 breach=3 end=
CBAP_MIG t=30965000 epoch=6193 flow=19 side=new cur=5218939824 next=5336052968 tgt=5508108083 f=0.405 u=0 breach=3 end=
CBAP_MIG t=30965000 epoch=6193 flow=20 side=new cur=5218939824 next=5336052968 tgt=5508108083 f=0.405 u=0 breach=3 end=
CBAP_MIG t=30965000 epoch=6193 flow=22 side=new cur=5218939824 next=5336052968 tgt=5508108083 f=0.405 u=0 breach=3 end=
CBAP_MIG t=30965000 epoch=6193 flow=23 side=new cur=5218939824 next=5336052968 tgt=5508108083 f=0.405 u=0 breach=3 end=
CBAP_MIG t=30965000 epoch=6193 flow=26 side=new cur=5218939824 next=5336052968 tgt=5508108083 f=0.405 u=0 breach=3 end=
CBAP_MIG t=30965000 epoch=6193 flow=27 side=new cur=5218939824 next=5336052968 tgt=5508108083 f=0.405 u=0 breach=3 end=
CBAP_MIG t=30965000 epoch=6193 flow=28 side=new cur=5218939824 next=5336052968 tgt=5508108083 f=0.405 u=0 breach=3 end=
CBAP_MIG t=30965000 epoch=6193 flow=29 side=new cur=5218939824 next=5336052968 tgt=5508108083 f=0.405 u=0 breach=3 end=
CBAP_MIG t=30965000 epoch=6193 flow=32 side=new cur=5218939824 next=5336052968 tgt=5508108083 f=0.405 u=0 breach=3 end=
CBAP_MIG t=30965000 epoch=6193 flow=33 side=new cur=5218939824 next=5336052968 tgt=5508108083 f=0.405 u=0 breach=3 end=
CBAP_MIG t=30965000 epoch=6193 flow=35 side=new cur=5218939824 next=5336052968 tgt=5508108083 f=0.405 u=0 breach=3 end=
CBAP_MIG t=30965000 epoch=6193 flow=37 side=new cur=5218939824 next=5336052968 tgt=5508108083 f=0.405 u=0 breach=3 end=
CBAP_MIG t=30965000 epoch=6193 flow=39 side=new cur=5218939824 next=5336052968 tgt=5508108083 f=0.405 u=0 breach=3 end=
CBAP_MIG t=30965000 epoch=6193 flow=40 side=new cur=5218939824 next=5336052968 tgt=5508108083 f=0.405 u=0 breach=3 end=
CBAP_MIG t=30965000 epoch=6193 flow=43 side=new cur=5218939824 next=5336052968 tgt=5508108083 f=0.405 u=0 breach=3 end=
CBAP_MIG t=30965000 epoch=6193 flow=45 side=new cur=5218939824 next=5336052968 tgt=5508108083 f=0.405 u=0 breach=3 end=
CBAP_MIG t=30965000 epoch=6193 flow=47 side=new cur=5218939824 next=5336052968 tgt=5508108083 f=0.405 u=0 breach=3 end=
CBAP_MIG t=30965000 epoch=6193 flow=50 side=new cur=5218939824 next=5336052968 tgt=5508108083 f=0.405 u=0 breach=3 end=
CBAP_MIG t=30965000 epoch=6193 flow=55 side=new cur=5218939824 next=5336052968 tgt=5508108083 f=0.405 u=0 breach=3 end=
CBAP_MIG t=30965000 epoch=6193 flow=56 side=new cur=5218939824 next=5336052968 tgt=5508108083 f=0.405 u=0 breach=3 end=
CBAP_MIG t=30965000 epoch=6193 flow=58 side=new cur=5218939824 next=5336052968 tgt=5508108083 f=0.405 u=0 breach=3 end=
CBAP_MIG t=30965000 epoch=6193 flow=60 side=new cur=5218939824 next=5336052968 tgt=5508108083 f=0.405 u=0 breach=3 end=
CBAP_MIG t=30965000 epoch=6193 flow=61 side=new cur=5218939824 next=5336052968 tgt=5508108083 f=0.405 u=0 breach=3 end=
CBAP_MIG t=30965000 epoch=6193 flow=63 side=new cur=5218939824 next=5336052968 tgt=5508108083 f=0.405 u=0 breach=3 end=
CBAP_MIG t=30965000 epoch=6193 flow=64 side=new cur=5218939824 next=5336052968 tgt=5508108083 f=0.405 u=0 breach=3 end=
CBAP_MIG t=30970000 epoch=6194 flow=1 side=new cur=5336052968 next=5405735289 tgt=5508108083 f=0.405 u=0 breach=3 end=
CBAP_MIG t=30970000 epoch=6194 flow=2 side=new cur=5336052968 next=5405735289 tgt=5508108083 f=0.405 u=0 breach=3 end=
CBAP_MIG t=30970000 epoch=6194 flow=4 side=new cur=5336052968 next=5405735289 tgt=5508108083 f=0.405 u=0 breach=3 end=
CBAP_MIG t=30970000 epoch=6194 flow=5 side=new cur=5336052968 next=5405735289 tgt=5508108083 f=0.405 u=0 breach=3 end=
CBAP_MIG t=30970000 epoch=6194 flow=8 side=new cur=5336052968 next=5405735289 tgt=5508108083 f=0.405 u=0 breach=3 end=
CBAP_MIG t=30970000 epoch=6194 flow=9 side=new cur=5336052968 next=5405735289 tgt=5508108083 f=0.405 u=0 breach=3 end=
CBAP_MIG t=30970000 epoch=6194 flow=10 side=new cur=5336052968 next=5405735289 tgt=5508108083 f=0.405 u=0 breach=3 end=
CBAP_MIG t=30970000 epoch=6194 flow=12 side=new cur=5336052968 next=5405735289 tgt=5508108083 f=0.405 u=0 breach=3 end=
CBAP_MIG t=30970000 epoch=6194 flow=13 side=new cur=5336052968 next=5405735289 tgt=5508108083 f=0.405 u=0 breach=3 end=
CBAP_MIG t=30970000 epoch=6194 flow=14 side=new cur=5336052968 next=5405735289 tgt=5508108083 f=0.405 u=0 breach=3 end=
CBAP_MIG t=30970000 epoch=6194 flow=16 side=new cur=5336052968 next=5405735289 tgt=5508108083 f=0.405 u=0 breach=3 end=
CBAP_MIG t=30970000 epoch=6194 flow=18 side=new cur=5336052968 next=5405735289 tgt=5508108083 f=0.405 u=0 breach=3 end=
CBAP_MIG t=30970000 epoch=6194 flow=19 side=new cur=5336052968 next=5405735289 tgt=5508108083 f=0.405 u=0 breach=3 end=
CBAP_MIG t=30970000 epoch=6194 flow=20 side=new cur=5336052968 next=5405735289 tgt=5508108083 f=0.405 u=0 breach=3 end=
CBAP_MIG t=30970000 epoch=6194 flow=22 side=new cur=5336052968 next=5405735289 tgt=5508108083 f=0.405 u=0 breach=3 end=
CBAP_MIG t=30970000 epoch=6194 flow=23 side=new cur=5336052968 next=5405735289 tgt=5508108083 f=0.405 u=0 breach=3 end=
CBAP_MIG t=30970000 epoch=6194 flow=26 side=new cur=5336052968 next=5405735289 tgt=5508108083 f=0.405 u=0 breach=3 end=
CBAP_MIG t=30970000 epoch=6194 flow=27 side=new cur=5336052968 next=5405735289 tgt=5508108083 f=0.405 u=0 breach=3 end=
CBAP_MIG t=30970000 epoch=6194 flow=28 side=new cur=5336052968 next=5405735289 tgt=5508108083 f=0.405 u=0 breach=3 end=
CBAP_MIG t=30970000 epoch=6194 flow=29 side=new cur=5336052968 next=5405735289 tgt=5508108083 f=0.405 u=0 breach=3 end=
CBAP_MIG t=30970000 epoch=6194 flow=32 side=new cur=5336052968 next=5405735289 tgt=5508108083 f=0.405 u=0 breach=3 end=
CBAP_MIG t=30970000 epoch=6194 flow=33 side=new cur=5336052968 next=5405735289 tgt=5508108083 f=0.405 u=0 breach=3 end=
CBAP_MIG t=30970000 epoch=6194 flow=35 side=new cur=5336052968 next=5405735289 tgt=5508108083 f=0.405 u=0 breach=3 end=
CBAP_MIG t=30970000 epoch=6194 flow=37 side=new cur=5336052968 next=5405735289 tgt=5508108083 f=0.405 u=0 breach=3 end=
CBAP_MIG t=30970000 epoch=6194 flow=39 side=new cur=5336052968 next=5405735289 tgt=5508108083 f=0.405 u=0 breach=3 end=
CBAP_MIG t=30970000 epoch=6194 flow=40 side=new cur=5336052968 next=5405735289 tgt=5508108083 f=0.405 u=0 breach=3 end=
CBAP_MIG t=30970000 epoch=6194 flow=43 side=new cur=5336052968 next=5405735289 tgt=5508108083 f=0.405 u=0 breach=3 end=
CBAP_MIG t=30970000 epoch=6194 flow=45 side=new cur=5336052968 next=5405735289 tgt=5508108083 f=0.405 u=0 breach=3 end=
CBAP_MIG t=30970000 epoch=6194 flow=47 side=new cur=5336052968 next=5405735289 tgt=5508108083 f=0.405 u=0 breach=3 end=
CBAP_MIG t=30970000 epoch=6194 flow=50 side=new cur=5336052968 next=5405735289 tgt=5508108083 f=0.405 u=0 breach=3 end=
CBAP_MIG t=30970000 epoch=6194 flow=55 side=new cur=5336052968 next=5405735289 tgt=5508108083 f=0.405 u=0 breach=3 end=
CBAP_MIG t=30970000 epoch=6194 flow=56 side=new cur=5336052968 next=5405735289 tgt=5508108083 f=0.405 u=0 breach=3 end=
CBAP_MIG t=30970000 epoch=6194 flow=58 side=new cur=5336052968 next=5405735289 tgt=5508108083 f=0.405 u=0 breach=3 end=
CBAP_MIG t=30970000 epoch=6194 flow=60 side=new cur=5336052968 next=5405735289 tgt=5508108083 f=0.405 u=0 breach=3 end=
CBAP_MIG t=30970000 epoch=6194 flow=61 side=new cur=5336052968 next=5405735289 tgt=5508108083 f=0.405 u=0 breach=3 end=
CBAP_MIG t=30970000 epoch=6194 flow=63 side=new cur=5336052968 next=5405735289 tgt=5508108083 f=0.405 u=0 breach=3 end=
CBAP_MIG t=30970000 epoch=6194 flow=64 side=new cur=5336052968 next=5405735289 tgt=5508108083 f=0.405 u=0 breach=3 end=
CBAP_MIG t=30975000 epoch=6195 flow=1 side=new cur=5405735289 next=5447196270 tgt=5508108083 f=0.405 u=0 breach=3 end=
CBAP_MIG t=30975000 epoch=6195 flow=2 side=new cur=5405735289 next=5447196270 tgt=5508108083 f=0.405 u=0 breach=3 end=
CBAP_MIG t=30975000 epoch=6195 flow=4 side=new cur=5405735289 next=5447196270 tgt=5508108083 f=0.405 u=0 breach=3 end=
CBAP_MIG t=30975000 epoch=6195 flow=5 side=new cur=5405735289 next=5447196270 tgt=5508108083 f=0.405 u=0 breach=3 end=
CBAP_MIG t=30975000 epoch=6195 flow=8 side=new cur=5405735289 next=5447196270 tgt=5508108083 f=0.405 u=0 breach=3 end=
CBAP_MIG t=30975000 epoch=6195 flow=9 side=new cur=5405735289 next=5447196270 tgt=5508108083 f=0.405 u=0 breach=3 end=
CBAP_MIG t=30975000 epoch=6195 flow=10 side=new cur=5405735289 next=5447196270 tgt=5508108083 f=0.405 u=0 breach=3 end=
CBAP_MIG t=30975000 epoch=6195 flow=12 side=new cur=5405735289 next=5447196270 tgt=5508108083 f=0.405 u=0 breach=3 end=
CBAP_MIG t=30975000 epoch=6195 flow=13 side=new cur=5405735289 next=5447196270 tgt=5508108083 f=0.405 u=0 breach=3 end=
CBAP_MIG t=30975000 epoch=6195 flow=14 side=new cur=5405735289 next=5447196270 tgt=5508108083 f=0.405 u=0 breach=3 end=
CBAP_MIG t=30975000 epoch=6195 flow=16 side=new cur=5405735289 next=5447196270 tgt=5508108083 f=0.405 u=0 breach=3 end=
CBAP_MIG t=30975000 epoch=6195 flow=18 side=new cur=5405735289 next=5447196270 tgt=5508108083 f=0.405 u=0 breach=3 end=
CBAP_MIG t=30975000 epoch=6195 flow=19 side=new cur=5405735289 next=5447196270 tgt=5508108083 f=0.405 u=0 breach=3 end=
CBAP_MIG t=30975000 epoch=6195 flow=20 side=new cur=5405735289 next=5447196270 tgt=5508108083 f=0.405 u=0 breach=3 end=
CBAP_MIG t=30975000 epoch=6195 flow=22 side=new cur=5405735289 next=5447196270 tgt=5508108083 f=0.405 u=0 breach=3 end=
CBAP_MIG t=30975000 epoch=6195 flow=23 side=new cur=5405735289 next=5447196270 tgt=5508108083 f=0.405 u=0 breach=3 end=
CBAP_MIG t=30975000 epoch=6195 flow=26 side=new cur=5405735289 next=5447196270 tgt=5508108083 f=0.405 u=0 breach=3 end=
CBAP_MIG t=30975000 epoch=6195 flow=27 side=new cur=5405735289 next=5447196270 tgt=5508108083 f=0.405 u=0 breach=3 end=
CBAP_MIG t=30975000 epoch=6195 flow=28 side=new cur=5405735289 next=5447196270 tgt=5508108083 f=0.405 u=0 breach=3 end=
CBAP_MIG t=30975000 epoch=6195 flow=29 side=new cur=5405735289 next=5447196270 tgt=5508108083 f=0.405 u=0 breach=3 end=
CBAP_MIG t=30975000 epoch=6195 flow=32 side=new cur=5405735289 next=5447196270 tgt=5508108083 f=0.405 u=0 breach=3 end=
CBAP_MIG t=30975000 epoch=6195 flow=33 side=new cur=5405735289 next=5447196270 tgt=5508108083 f=0.405 u=0 breach=3 end=
CBAP_MIG t=30975000 epoch=6195 flow=35 side=new cur=5405735289 next=5447196270 tgt=5508108083 f=0.405 u=0 breach=3 end=
CBAP_MIG t=30975000 epoch=6195 flow=37 side=new cur=5405735289 next=5447196270 tgt=5508108083 f=0.405 u=0 breach=3 end=
CBAP_MIG t=30975000 epoch=6195 flow=39 side=new cur=5405735289 next=5447196270 tgt=5508108083 f=0.405 u=0 breach=3 end=
CBAP_MIG t=30975000 epoch=6195 flow=40 side=new cur=5405735289 next=5447196270 tgt=5508108083 f=0.405 u=0 breach=3 end=
CBAP_MIG t=30975000 epoch=6195 flow=43 side=new cur=5405735289 next=5447196270 tgt=5508108083 f=0.405 u=0 breach=3 end=
CBAP_MIG t=30975000 epoch=6195 flow=45 side=new cur=5405735289 next=5447196270 tgt=5508108083 f=0.405 u=0 breach=3 end=
CBAP_MIG t=30975000 epoch=6195 flow=47 side=new cur=5405735289 next=5447196270 tgt=5508108083 f=0.405 u=0 breach=3 end=
CBAP_MIG t=30975000 epoch=6195 flow=50 side=new cur=5405735289 next=5447196270 tgt=5508108083 f=0.405 u=0 breach=3 end=
CBAP_MIG t=30975000 epoch=6195 flow=55 side=new cur=5405735289 next=5447196270 tgt=5508108083 f=0.405 u=0 breach=3 end=
CBAP_MIG t=30975000 epoch=6195 flow=56 side=new cur=5405735289 next=5447196270 tgt=5508108083 f=0.405 u=0 breach=3 end=
CBAP_MIG t=30975000 epoch=6195 flow=58 side=new cur=5405735289 next=5447196270 tgt=5508108083 f=0.405 u=0 breach=3 end=
CBAP_MIG t=30975000 epoch=6195 flow=60 side=new cur=5405735289 next=5447196270 tgt=5508108083 f=0.405 u=0 breach=3 end=
CBAP_MIG t=30975000 epoch=6195 flow=61 side=new cur=5405735289 next=5447196270 tgt=5508108083 f=0.405 u=0 breach=3 end=
CBAP_MIG t=30975000 epoch=6195 flow=63 side=new cur=5405735289 next=5447196270 tgt=5508108083 f=0.405 u=0 breach=3 end=
CBAP_MIG t=30975000 epoch=6195 flow=64 side=new cur=5405735289 next=5447196270 tgt=5508108083 f=0.405 u=0 breach=3 end=
CBAP_MIG t=30980000 epoch=6196 flow=1 side=new cur=5447196270 next=5471865554 tgt=5508108083 f=0.405 u=0 breach=3 end=converged
CBAP_MIG t=30980000 epoch=6196 flow=2 side=new cur=5447196270 next=5471865554 tgt=5508108083 f=0.405 u=0 breach=3 end=converged
CBAP_MIG t=30980000 epoch=6196 flow=4 side=new cur=5447196270 next=5471865554 tgt=5508108083 f=0.405 u=0 breach=3 end=converged
CBAP_MIG t=30980000 epoch=6196 flow=5 side=new cur=5447196270 next=5471865554 tgt=5508108083 f=0.405 u=0 breach=3 end=converged
CBAP_MIG t=30980000 epoch=6196 flow=8 side=new cur=5447196270 next=5471865554 tgt=5508108083 f=0.405 u=0 breach=3 end=converged
CBAP_MIG t=30980000 epoch=6196 flow=9 side=new cur=5447196270 next=5471865554 tgt=5508108083 f=0.405 u=0 breach=3 end=converged
CBAP_MIG t=30980000 epoch=6196 flow=10 side=new cur=5447196270 next=5471865554 tgt=5508108083 f=0.405 u=0 breach=3 end=converged
CBAP_MIG t=30980000 epoch=6196 flow=12 side=new cur=5447196270 next=5471865554 tgt=5508108083 f=0.405 u=0 breach=3 end=converged
CBAP_MIG t=30980000 epoch=6196 flow=13 side=new cur=5447196270 next=5471865554 tgt=5508108083 f=0.405 u=0 breach=3 end=converged
CBAP_MIG t=30980000 epoch=6196 flow=14 side=new cur=5447196270 next=5471865554 tgt=5508108083 f=0.405 u=0 breach=3 end=converged
CBAP_MIG t=30980000 epoch=6196 flow=16 side=new cur=5447196270 next=5471865554 tgt=5508108083 f=0.405 u=0 breach=3 end=converged
CBAP_MIG t=30980000 epoch=6196 flow=18 side=new cur=5447196270 next=5471865554 tgt=5508108083 f=0.405 u=0 breach=3 end=converged
CBAP_MIG t=30980000 epoch=6196 flow=19 side=new cur=5447196270 next=5471865554 tgt=5508108083 f=0.405 u=0 breach=3 end=converged
CBAP_MIG t=30980000 epoch=6196 flow=20 side=new cur=5447196270 next=5471865554 tgt=5508108083 f=0.405 u=0 breach=3 end=converged
CBAP_MIG t=30980000 epoch=6196 flow=22 side=new cur=5447196270 next=5471865554 tgt=5508108083 f=0.405 u=0 breach=3 end=converged
CBAP_MIG t=30980000 epoch=6196 flow=23 side=new cur=5447196270 next=5471865554 tgt=5508108083 f=0.405 u=0 breach=3 end=converged
CBAP_MIG t=30980000 epoch=6196 flow=26 side=new cur=5447196270 next=5471865554 tgt=5508108083 f=0.405 u=0 breach=3 end=converged
CBAP_MIG t=30980000 epoch=6196 flow=27 side=new cur=5447196270 next=5471865554 tgt=5508108083 f=0.405 u=0 breach=3 end=converged
CBAP_MIG t=30980000 epoch=6196 flow=28 side=new cur=5447196270 next=5471865554 tgt=5508108083 f=0.405 u=0 breach=3 end=converged
CBAP_MIG t=30980000 epoch=6196 flow=29 side=new cur=5447196270 next=5471865554 tgt=5508108083 f=0.405 u=0 breach=3 end=converged
CBAP_MIG t=30980000 epoch=6196 flow=32 side=new cur=5447196270 next=5471865554 tgt=5508108083 f=0.405 u=0 breach=3 end=converged
CBAP_MIG t=30980000 epoch=6196 flow=33 side=new cur=5447196270 next=5471865554 tgt=5508108083 f=0.405 u=0 breach=3 end=converged
CBAP_MIG t=30980000 epoch=6196 flow=35 side=new cur=5447196270 next=5471865554 tgt=5508108083 f=0.405 u=0 breach=3 end=converged
CBAP_MIG t=30980000 epoch=6196 flow=37 side=new cur=5447196270 next=5471865554 tgt=5508108083 f=0.405 u=0 breach=3 end=converged
CBAP_MIG t=30980000 epoch=6196 flow=39 side=new cur=5447196270 next=5471865554 tgt=5508108083 f=0.405 u=0 breach=3 end=converged
CBAP_MIG t=30980000 epoch=6196 flow=40 side=new cur=5447196270 next=5471865554 tgt=5508108083 f=0.405 u=0 breach=3 end=converged
CBAP_MIG t=30980000 epoch=6196 flow=43 side=new cur=5447196270 next=5471865554 tgt=5508108083 f=0.405 u=0 breach=3 end=converged
CBAP_MIG t=30980000 epoch=6196 flow=45 side=new cur=5447196270 next=5471865554 tgt=5508108083 f=0.405 u=0 breach=3 end=converged
CBAP_MIG t=30980000 epoch=6196 flow=47 side=new cur=5447196270 next=5471865554 tgt=5508108083 f=0.405 u=0 breach=3 end=converged
CBAP_MIG t=30980000 epoch=6196 flow=50 side=new cur=5447196270 next=5471865554 tgt=5508108083 f=0.405 u=0 breach=3 end=converged
CBAP_MIG t=30980000 epoch=6196 flow=55 side=new cur=5447196270 next=5471865554 tgt=5508108083 f=0.405 u=0 breach=3 end=converged
CBAP_MIG t=30980000 epoch=6196 flow=56 side=new cur=5447196270 next=5471865554 tgt=5508108083 f=0.405 u=0 breach=3 end=converged
CBAP_MIG t=30980000 epoch=6196 flow=58 side=new cur=5447196270 next=5471865554 tgt=5508108083 f=0.405 u=0 breach=3 end=converged
CBAP_MIG t=30980000 epoch=6196 flow=60 side=new cur=5447196270 next=5471865554 tgt=5508108083 f=0.405 u=0 breach=3 end=converged
CBAP_MIG t=30980000 epoch=6196 flow=61 side=new cur=5447196270 next=5471865554 tgt=5508108083 f=0.405 u=0 breach=3 end=converged
CBAP_MIG t=30980000 epoch=6196 flow=63 side=new cur=5447196270 next=5471865554 tgt=5508108083 f=0.405 u=0 breach=3 end=converged
CBAP_MIG t=30980000 epoch=6196 flow=64 side=new cur=5447196270 next=5471865554 tgt=5508108083 f=0.405 u=0 breach=3 end=converged
CBAP_MIG_REPLAN t=30995000 reason=active_set_shrank flow=0 batch=0 newest_batch=1 cur=2000006494 target=2000000000 ceiling=190000000000 old_side_present=1
CBAP_MIG_REPLAN t=30995000 reason=active_set_shrank flow=1 batch=1 newest_batch=1 cur=5471865554 target=5822857124 ceiling=200000000000 old_side_present=1
CBAP_MIG_REPLAN t=30995000 reason=active_set_shrank flow=2 batch=1 newest_batch=1 cur=5471865554 target=5822857124 ceiling=200000000000 old_side_present=1
CBAP_MIG_REPLAN t=30995000 reason=active_set_shrank flow=4 batch=1 newest_batch=1 cur=5471865554 target=5822857124 ceiling=200000000000 old_side_present=1
CBAP_MIG_REPLAN t=30995000 reason=active_set_shrank flow=5 batch=1 newest_batch=1 cur=5471865554 target=5822857124 ceiling=200000000000 old_side_present=1
CBAP_MIG_REPLAN t=30995000 reason=active_set_shrank flow=8 batch=1 newest_batch=1 cur=5471865554 target=5822857124 ceiling=200000000000 old_side_present=1
CBAP_MIG_REPLAN t=30995000 reason=active_set_shrank flow=9 batch=1 newest_batch=1 cur=5471865554 target=5822857124 ceiling=200000000000 old_side_present=1
CBAP_MIG_REPLAN t=30995000 reason=active_set_shrank flow=10 batch=1 newest_batch=1 cur=5471865554 target=5822857124 ceiling=200000000000 old_side_present=1
CBAP_MIG_REPLAN t=30995000 reason=active_set_shrank flow=13 batch=1 newest_batch=1 cur=5471865554 target=5822857124 ceiling=200000000000 old_side_present=1
CBAP_MIG_REPLAN t=30995000 reason=active_set_shrank flow=14 batch=1 newest_batch=1 cur=5471865554 target=5822857124 ceiling=200000000000 old_side_present=1
CBAP_MIG_REPLAN t=30995000 reason=active_set_shrank flow=16 batch=1 newest_batch=1 cur=5471865554 target=5822857124 ceiling=200000000000 old_side_present=1
CBAP_MIG_REPLAN t=30995000 reason=active_set_shrank flow=18 batch=1 newest_batch=1 cur=5471865554 target=5822857124 ceiling=200000000000 old_side_present=1
CBAP_MIG_REPLAN t=30995000 reason=active_set_shrank flow=19 batch=1 newest_batch=1 cur=5471865554 target=5822857124 ceiling=200000000000 old_side_present=1
CBAP_MIG_REPLAN t=30995000 reason=active_set_shrank flow=22 batch=1 newest_batch=1 cur=5471865554 target=5822857124 ceiling=200000000000 old_side_present=1
CBAP_MIG_REPLAN t=30995000 reason=active_set_shrank flow=23 batch=1 newest_batch=1 cur=5471865554 target=5822857124 ceiling=200000000000 old_side_present=1
CBAP_MIG_REPLAN t=30995000 reason=active_set_shrank flow=26 batch=1 newest_batch=1 cur=5471865554 target=5822857124 ceiling=200000000000 old_side_present=1
CBAP_MIG_REPLAN t=30995000 reason=active_set_shrank flow=27 batch=1 newest_batch=1 cur=5471865554 target=5822857124 ceiling=200000000000 old_side_present=1
CBAP_MIG_REPLAN t=30995000 reason=active_set_shrank flow=28 batch=1 newest_batch=1 cur=5471865554 target=5822857124 ceiling=200000000000 old_side_present=1
CBAP_MIG_REPLAN t=30995000 reason=active_set_shrank flow=29 batch=1 newest_batch=1 cur=5471865554 target=5822857124 ceiling=200000000000 old_side_present=1
CBAP_MIG_REPLAN t=30995000 reason=active_set_shrank flow=32 batch=1 newest_batch=1 cur=5471865554 target=5822857124 ceiling=200000000000 old_side_present=1
CBAP_MIG_REPLAN t=30995000 reason=active_set_shrank flow=33 batch=1 newest_batch=1 cur=5471865554 target=5822857124 ceiling=200000000000 old_side_present=1
CBAP_MIG_REPLAN t=30995000 reason=active_set_shrank flow=35 batch=1 newest_batch=1 cur=5471865554 target=5822857124 ceiling=200000000000 old_side_present=1
CBAP_MIG_REPLAN t=30995000 reason=active_set_shrank flow=37 batch=1 newest_batch=1 cur=5471865554 target=5822857124 ceiling=200000000000 old_side_present=1
CBAP_MIG_REPLAN t=30995000 reason=active_set_shrank flow=39 batch=1 newest_batch=1 cur=5471865554 target=5822857124 ceiling=200000000000 old_side_present=1
CBAP_MIG_REPLAN t=30995000 reason=active_set_shrank flow=40 batch=1 newest_batch=1 cur=5471865554 target=5822857124 ceiling=200000000000 old_side_present=1
CBAP_MIG_REPLAN t=30995000 reason=active_set_shrank flow=43 batch=1 newest_batch=1 cur=5471865554 target=5822857124 ceiling=200000000000 old_side_present=1
CBAP_MIG_REPLAN t=30995000 reason=active_set_shrank flow=45 batch=1 newest_batch=1 cur=5471865554 target=5822857124 ceiling=200000000000 old_side_present=1
CBAP_MIG_REPLAN t=30995000 reason=active_set_shrank flow=47 batch=1 newest_batch=1 cur=5471865554 target=5822857124 ceiling=200000000000 old_side_present=1
CBAP_MIG_REPLAN t=30995000 reason=active_set_shrank flow=50 batch=1 newest_batch=1 cur=5471865554 target=5822857124 ceiling=200000000000 old_side_present=1
CBAP_MIG_REPLAN t=30995000 reason=active_set_shrank flow=55 batch=1 newest_batch=1 cur=5471865554 target=5822857124 ceiling=200000000000 old_side_present=1
CBAP_MIG_REPLAN t=30995000 reason=active_set_shrank flow=56 batch=1 newest_batch=1 cur=5471865554 target=5822857124 ceiling=200000000000 old_side_present=1
CBAP_MIG_REPLAN t=30995000 reason=active_set_shrank flow=58 batch=1 newest_batch=1 cur=5471865554 target=5822857124 ceiling=200000000000 old_side_present=1
CBAP_MIG_REPLAN t=30995000 reason=active_set_shrank flow=60 batch=1 newest_batch=1 cur=5471865554 target=5822857124 ceiling=200000000000 old_side_present=1
CBAP_MIG_REPLAN t=30995000 reason=active_set_shrank flow=61 batch=1 newest_batch=1 cur=5471865554 target=5822857124 ceiling=200000000000 old_side_present=1
CBAP_MIG_REPLAN t=30995000 reason=active_set_shrank flow=63 batch=1 newest_batch=1 cur=5471865554 target=5822857124 ceiling=200000000000 old_side_present=1
CBAP_MIG_REPLAN t=30995000 reason=active_set_shrank flow=64 batch=1 newest_batch=1 cur=5471865554 target=5822857124 ceiling=200000000000 old_side_present=1
CBAP_MIG t=30995000 epoch=6199 flow=0 side=old cur=2000006494 next=2000004545 tgt=2000000000 f=0.3 u=0 breach=0 end=converged
CBAP_MIG t=30995000 epoch=6199 flow=1 side=new cur=5471865554 next=5614017139 tgt=5822857124 f=0.405 u=0 breach=3 end=
CBAP_MIG t=30995000 epoch=6199 flow=2 side=new cur=5471865554 next=5614017139 tgt=5822857124 f=0.405 u=0 breach=3 end=
CBAP_MIG t=30995000 epoch=6199 flow=4 side=new cur=5471865554 next=5614017139 tgt=5822857124 f=0.405 u=0 breach=3 end=
CBAP_MIG t=30995000 epoch=6199 flow=5 side=new cur=5471865554 next=5614017139 tgt=5822857124 f=0.405 u=0 breach=3 end=
CBAP_MIG t=30995000 epoch=6199 flow=8 side=new cur=5471865554 next=5614017139 tgt=5822857124 f=0.405 u=0 breach=3 end=
CBAP_MIG t=30995000 epoch=6199 flow=9 side=new cur=5471865554 next=5614017139 tgt=5822857124 f=0.405 u=0 breach=3 end=
CBAP_MIG t=30995000 epoch=6199 flow=10 side=new cur=5471865554 next=5614017139 tgt=5822857124 f=0.405 u=0 breach=3 end=
CBAP_MIG t=30995000 epoch=6199 flow=13 side=new cur=5471865554 next=5614017139 tgt=5822857124 f=0.405 u=0 breach=3 end=
CBAP_MIG t=30995000 epoch=6199 flow=14 side=new cur=5471865554 next=5614017139 tgt=5822857124 f=0.405 u=0 breach=3 end=
CBAP_MIG t=30995000 epoch=6199 flow=16 side=new cur=5471865554 next=5614017139 tgt=5822857124 f=0.405 u=0 breach=3 end=
CBAP_MIG t=30995000 epoch=6199 flow=18 side=new cur=5471865554 next=5614017139 tgt=5822857124 f=0.405 u=0 breach=3 end=
CBAP_MIG t=30995000 epoch=6199 flow=19 side=new cur=5471865554 next=5614017139 tgt=5822857124 f=0.405 u=0 breach=3 end=
CBAP_MIG t=30995000 epoch=6199 flow=22 side=new cur=5471865554 next=5614017139 tgt=5822857124 f=0.405 u=0 breach=3 end=
CBAP_MIG t=30995000 epoch=6199 flow=23 side=new cur=5471865554 next=5614017139 tgt=5822857124 f=0.405 u=0 breach=3 end=
CBAP_MIG t=30995000 epoch=6199 flow=26 side=new cur=5471865554 next=5614017139 tgt=5822857124 f=0.405 u=0 breach=3 end=
CBAP_MIG t=30995000 epoch=6199 flow=27 side=new cur=5471865554 next=5614017139 tgt=5822857124 f=0.405 u=0 breach=3 end=
CBAP_MIG t=30995000 epoch=6199 flow=28 side=new cur=5471865554 next=5614017139 tgt=5822857124 f=0.405 u=0 breach=3 end=
CBAP_MIG t=30995000 epoch=6199 flow=29 side=new cur=5471865554 next=5614017139 tgt=5822857124 f=0.405 u=0 breach=3 end=
CBAP_MIG t=30995000 epoch=6199 flow=32 side=new cur=5471865554 next=5614017139 tgt=5822857124 f=0.405 u=0 breach=3 end=
CBAP_MIG t=30995000 epoch=6199 flow=33 side=new cur=5471865554 next=5614017139 tgt=5822857124 f=0.405 u=0 breach=3 end=
CBAP_MIG t=30995000 epoch=6199 flow=35 side=new cur=5471865554 next=5614017139 tgt=5822857124 f=0.405 u=0 breach=3 end=
CBAP_MIG t=30995000 epoch=6199 flow=37 side=new cur=5471865554 next=5614017139 tgt=5822857124 f=0.405 u=0 breach=3 end=
CBAP_MIG t=30995000 epoch=6199 flow=39 side=new cur=5471865554 next=5614017139 tgt=5822857124 f=0.405 u=0 breach=3 end=
CBAP_MIG t=30995000 epoch=6199 flow=40 side=new cur=5471865554 next=5614017139 tgt=5822857124 f=0.405 u=0 breach=3 end=
CBAP_MIG t=30995000 epoch=6199 flow=43 side=new cur=5471865554 next=5614017139 tgt=5822857124 f=0.405 u=0 breach=3 end=
CBAP_MIG t=30995000 epoch=6199 flow=45 side=new cur=5471865554 next=5614017139 tgt=5822857124 f=0.405 u=0 breach=3 end=
CBAP_MIG t=30995000 epoch=6199 flow=47 side=new cur=5471865554 next=5614017139 tgt=5822857124 f=0.405 u=0 breach=3 end=
CBAP_MIG t=30995000 epoch=6199 flow=50 side=new cur=5471865554 next=5614017139 tgt=5822857124 f=0.405 u=0 breach=3 end=
CBAP_MIG t=30995000 epoch=6199 flow=55 side=new cur=5471865554 next=5614017139 tgt=5822857124 f=0.405 u=0 breach=3 end=
CBAP_MIG t=30995000 epoch=6199 flow=56 side=new cur=5471865554 next=5614017139 tgt=5822857124 f=0.405 u=0 breach=3 end=
CBAP_MIG t=30995000 epoch=6199 flow=58 side=new cur=5471865554 next=5614017139 tgt=5822857124 f=0.405 u=0 breach=3 end=
CBAP_MIG t=30995000 epoch=6199 flow=60 side=new cur=5471865554 next=5614017139 tgt=5822857124 f=0.405 u=0 breach=3 end=
CBAP_MIG t=30995000 epoch=6199 flow=61 side=new cur=5471865554 next=5614017139 tgt=5822857124 f=0.405 u=0 breach=3 end=
CBAP_MIG t=30995000 epoch=6199 flow=63 side=new cur=5471865554 next=5614017139 tgt=5822857124 f=0.405 u=0 breach=3 end=
CBAP_MIG t=30995000 epoch=6199 flow=64 side=new cur=5471865554 next=5614017139 tgt=5822857124 f=0.405 u=0 breach=3 end=
CBAP_MIG t=31000000 epoch=6200 flow=1 side=new cur=5614017139 next=5698597332 tgt=5822857124 f=0.405 u=0 breach=3 end=
CBAP_MIG t=31000000 epoch=6200 flow=2 side=new cur=5614017139 next=5698597332 tgt=5822857124 f=0.405 u=0 breach=3 end=
CBAP_MIG t=31000000 epoch=6200 flow=4 side=new cur=5614017139 next=5698597332 tgt=5822857124 f=0.405 u=0 breach=3 end=
CBAP_MIG t=31000000 epoch=6200 flow=5 side=new cur=5614017139 next=5698597332 tgt=5822857124 f=0.405 u=0 breach=3 end=
CBAP_MIG t=31000000 epoch=6200 flow=8 side=new cur=5614017139 next=5698597332 tgt=5822857124 f=0.405 u=0 breach=3 end=
CBAP_MIG t=31000000 epoch=6200 flow=9 side=new cur=5614017139 next=5698597332 tgt=5822857124 f=0.405 u=0 breach=3 end=
CBAP_MIG t=31000000 epoch=6200 flow=10 side=new cur=5614017139 next=5698597332 tgt=5822857124 f=0.405 u=0 breach=3 end=
CBAP_MIG t=31000000 epoch=6200 flow=13 side=new cur=5614017139 next=5698597332 tgt=5822857124 f=0.405 u=0 breach=3 end=
CBAP_MIG t=31000000 epoch=6200 flow=14 side=new cur=5614017139 next=5698597332 tgt=5822857124 f=0.405 u=0 breach=3 end=
CBAP_MIG t=31000000 epoch=6200 flow=16 side=new cur=5614017139 next=5698597332 tgt=5822857124 f=0.405 u=0 breach=3 end=
CBAP_MIG t=31000000 epoch=6200 flow=18 side=new cur=5614017139 next=5698597332 tgt=5822857124 f=0.405 u=0 breach=3 end=
CBAP_MIG t=31000000 epoch=6200 flow=19 side=new cur=5614017139 next=5698597332 tgt=5822857124 f=0.405 u=0 breach=3 end=
CBAP_MIG t=31000000 epoch=6200 flow=22 side=new cur=5614017139 next=5698597332 tgt=5822857124 f=0.405 u=0 breach=3 end=
CBAP_MIG t=31000000 epoch=6200 flow=23 side=new cur=5614017139 next=5698597332 tgt=5822857124 f=0.405 u=0 breach=3 end=
CBAP_MIG t=31000000 epoch=6200 flow=26 side=new cur=5614017139 next=5698597332 tgt=5822857124 f=0.405 u=0 breach=3 end=
CBAP_MIG t=31000000 epoch=6200 flow=27 side=new cur=5614017139 next=5698597332 tgt=5822857124 f=0.405 u=0 breach=3 end=
CBAP_MIG t=31000000 epoch=6200 flow=28 side=new cur=5614017139 next=5698597332 tgt=5822857124 f=0.405 u=0 breach=3 end=
CBAP_MIG t=31000000 epoch=6200 flow=29 side=new cur=5614017139 next=5698597332 tgt=5822857124 f=0.405 u=0 breach=3 end=
CBAP_MIG t=31000000 epoch=6200 flow=32 side=new cur=5614017139 next=5698597332 tgt=5822857124 f=0.405 u=0 breach=3 end=
CBAP_MIG t=31000000 epoch=6200 flow=33 side=new cur=5614017139 next=5698597332 tgt=5822857124 f=0.405 u=0 breach=3 end=
CBAP_MIG t=31000000 epoch=6200 flow=35 side=new cur=5614017139 next=5698597332 tgt=5822857124 f=0.405 u=0 breach=3 end=
CBAP_MIG t=31000000 epoch=6200 flow=37 side=new cur=5614017139 next=5698597332 tgt=5822857124 f=0.405 u=0 breach=3 end=
CBAP_MIG t=31000000 epoch=6200 flow=39 side=new cur=5614017139 next=5698597332 tgt=5822857124 f=0.405 u=0 breach=3 end=
CBAP_MIG t=31000000 epoch=6200 flow=40 side=new cur=5614017139 next=5698597332 tgt=5822857124 f=0.405 u=0 breach=3 end=
CBAP_MIG t=31000000 epoch=6200 flow=43 side=new cur=5614017139 next=5698597332 tgt=5822857124 f=0.405 u=0 breach=3 end=
CBAP_MIG t=31000000 epoch=6200 flow=45 side=new cur=5614017139 next=5698597332 tgt=5822857124 f=0.405 u=0 breach=3 end=
CBAP_MIG t=31000000 epoch=6200 flow=47 side=new cur=5614017139 next=5698597332 tgt=5822857124 f=0.405 u=0 breach=3 end=
CBAP_MIG t=31000000 epoch=6200 flow=50 side=new cur=5614017139 next=5698597332 tgt=5822857124 f=0.405 u=0 breach=3 end=
CBAP_MIG t=31000000 epoch=6200 flow=55 side=new cur=5614017139 next=5698597332 tgt=5822857124 f=0.405 u=0 breach=3 end=
CBAP_MIG t=31000000 epoch=6200 flow=56 side=new cur=5614017139 next=5698597332 tgt=5822857124 f=0.405 u=0 breach=3 end=
CBAP_MIG t=31000000 epoch=6200 flow=58 side=new cur=5614017139 next=5698597332 tgt=5822857124 f=0.405 u=0 breach=3 end=
CBAP_MIG t=31000000 epoch=6200 flow=60 side=new cur=5614017139 next=5698597332 tgt=5822857124 f=0.405 u=0 breach=3 end=
CBAP_MIG t=31000000 epoch=6200 flow=61 side=new cur=5614017139 next=5698597332 tgt=5822857124 f=0.405 u=0 breach=3 end=
CBAP_MIG t=31000000 epoch=6200 flow=63 side=new cur=5614017139 next=5698597332 tgt=5822857124 f=0.405 u=0 breach=3 end=
CBAP_MIG t=31000000 epoch=6200 flow=64 side=new cur=5614017139 next=5698597332 tgt=5822857124 f=0.405 u=0 breach=3 end=
CBAP_MIG_REPLAN t=31005000 reason=active_set_shrank flow=0 batch=0 newest_batch=1 cur=2000004545 target=2000000000 ceiling=190000000000 old_side_present=1
CBAP_MIG_REPLAN t=31005000 reason=active_set_shrank flow=1 batch=1 newest_batch=1 cur=5698597332 target=5994117633 ceiling=200000000000 old_side_present=1
CBAP_MIG_REPLAN t=31005000 reason=active_set_shrank flow=2 batch=1 newest_batch=1 cur=5698597332 target=5994117633 ceiling=200000000000 old_side_present=1
CBAP_MIG_REPLAN t=31005000 reason=active_set_shrank flow=4 batch=1 newest_batch=1 cur=5698597332 target=5994117633 ceiling=200000000000 old_side_present=1
CBAP_MIG_REPLAN t=31005000 reason=active_set_shrank flow=8 batch=1 newest_batch=1 cur=5698597332 target=5994117633 ceiling=200000000000 old_side_present=1
CBAP_MIG_REPLAN t=31005000 reason=active_set_shrank flow=9 batch=1 newest_batch=1 cur=5698597332 target=5994117633 ceiling=200000000000 old_side_present=1
CBAP_MIG_REPLAN t=31005000 reason=active_set_shrank flow=10 batch=1 newest_batch=1 cur=5698597332 target=5994117633 ceiling=200000000000 old_side_present=1
CBAP_MIG_REPLAN t=31005000 reason=active_set_shrank flow=13 batch=1 newest_batch=1 cur=5698597332 target=5994117633 ceiling=200000000000 old_side_present=1
CBAP_MIG_REPLAN t=31005000 reason=active_set_shrank flow=14 batch=1 newest_batch=1 cur=5698597332 target=5994117633 ceiling=200000000000 old_side_present=1
CBAP_MIG_REPLAN t=31005000 reason=active_set_shrank flow=16 batch=1 newest_batch=1 cur=5698597332 target=5994117633 ceiling=200000000000 old_side_present=1
CBAP_MIG_REPLAN t=31005000 reason=active_set_shrank flow=18 batch=1 newest_batch=1 cur=5698597332 target=5994117633 ceiling=200000000000 old_side_present=1
CBAP_MIG_REPLAN t=31005000 reason=active_set_shrank flow=19 batch=1 newest_batch=1 cur=5698597332 target=5994117633 ceiling=200000000000 old_side_present=1
CBAP_MIG_REPLAN t=31005000 reason=active_set_shrank flow=22 batch=1 newest_batch=1 cur=5698597332 target=5994117633 ceiling=200000000000 old_side_present=1
CBAP_MIG_REPLAN t=31005000 reason=active_set_shrank flow=23 batch=1 newest_batch=1 cur=5698597332 target=5994117633 ceiling=200000000000 old_side_present=1
CBAP_MIG_REPLAN t=31005000 reason=active_set_shrank flow=26 batch=1 newest_batch=1 cur=5698597332 target=5994117633 ceiling=200000000000 old_side_present=1
CBAP_MIG_REPLAN t=31005000 reason=active_set_shrank flow=27 batch=1 newest_batch=1 cur=5698597332 target=5994117633 ceiling=200000000000 old_side_present=1
CBAP_MIG_REPLAN t=31005000 reason=active_set_shrank flow=28 batch=1 newest_batch=1 cur=5698597332 target=5994117633 ceiling=200000000000 old_side_present=1
CBAP_MIG_REPLAN t=31005000 reason=active_set_shrank flow=29 batch=1 newest_batch=1 cur=5698597332 target=5994117633 ceiling=200000000000 old_side_present=1
CBAP_MIG_REPLAN t=31005000 reason=active_set_shrank flow=32 batch=1 newest_batch=1 cur=5698597332 target=5994117633 ceiling=200000000000 old_side_present=1
CBAP_MIG_REPLAN t=31005000 reason=active_set_shrank flow=33 batch=1 newest_batch=1 cur=5698597332 target=5994117633 ceiling=200000000000 old_side_present=1
CBAP_MIG_REPLAN t=31005000 reason=active_set_shrank flow=35 batch=1 newest_batch=1 cur=5698597332 target=5994117633 ceiling=200000000000 old_side_present=1
CBAP_MIG_REPLAN t=31005000 reason=active_set_shrank flow=37 batch=1 newest_batch=1 cur=5698597332 target=5994117633 ceiling=200000000000 old_side_present=1
CBAP_MIG_REPLAN t=31005000 reason=active_set_shrank flow=39 batch=1 newest_batch=1 cur=5698597332 target=5994117633 ceiling=200000000000 old_side_present=1
CBAP_MIG_REPLAN t=31005000 reason=active_set_shrank flow=40 batch=1 newest_batch=1 cur=5698597332 target=5994117633 ceiling=200000000000 old_side_present=1
CBAP_MIG_REPLAN t=31005000 reason=active_set_shrank flow=43 batch=1 newest_batch=1 cur=5698597332 target=5994117633 ceiling=200000000000 old_side_present=1
CBAP_MIG_REPLAN t=31005000 reason=active_set_shrank flow=45 batch=1 newest_batch=1 cur=5698597332 target=5994117633 ceiling=200000000000 old_side_present=1
CBAP_MIG_REPLAN t=31005000 reason=active_set_shrank flow=47 batch=1 newest_batch=1 cur=5698597332 target=5994117633 ceiling=200000000000 old_side_present=1
CBAP_MIG_REPLAN t=31005000 reason=active_set_shrank flow=50 batch=1 newest_batch=1 cur=5698597332 target=5994117633 ceiling=200000000000 old_side_present=1
CBAP_MIG_REPLAN t=31005000 reason=active_set_shrank flow=55 batch=1 newest_batch=1 cur=5698597332 target=5994117633 ceiling=200000000000 old_side_present=1
CBAP_MIG_REPLAN t=31005000 reason=active_set_shrank flow=56 batch=1 newest_batch=1 cur=5698597332 target=5994117633 ceiling=200000000000 old_side_present=1
CBAP_MIG_REPLAN t=31005000 reason=active_set_shrank flow=58 batch=1 newest_batch=1 cur=5698597332 target=5994117633 ceiling=200000000000 old_side_present=1
CBAP_MIG_REPLAN t=31005000 reason=active_set_shrank flow=60 batch=1 newest_batch=1 cur=5698597332 target=5994117633 ceiling=200000000000 old_side_present=1
CBAP_MIG_REPLAN t=31005000 reason=active_set_shrank flow=61 batch=1 newest_batch=1 cur=5698597332 target=5994117633 ceiling=200000000000 old_side_present=1
CBAP_MIG_REPLAN t=31005000 reason=active_set_shrank flow=63 batch=1 newest_batch=1 cur=5698597332 target=5994117633 ceiling=200000000000 old_side_present=1
CBAP_MIG_REPLAN t=31005000 reason=active_set_shrank flow=64 batch=1 newest_batch=1 cur=5698597332 target=5994117633 ceiling=200000000000 old_side_present=1
CBAP_MIG t=31005000 epoch=6201 flow=0 side=old cur=2000004545 next=2000003181 tgt=2000000000 f=0.3 u=0 breach=0 end=converged
CBAP_MIG t=31005000 epoch=6201 flow=1 side=new cur=5698597332 next=5818283053 tgt=5994117633 f=0.405 u=0 breach=3 end=
CBAP_MIG t=31005000 epoch=6201 flow=2 side=new cur=5698597332 next=5818283053 tgt=5994117633 f=0.405 u=0 breach=3 end=
CBAP_MIG t=31005000 epoch=6201 flow=4 side=new cur=5698597332 next=5818283053 tgt=5994117633 f=0.405 u=0 breach=3 end=
CBAP_MIG t=31005000 epoch=6201 flow=8 side=new cur=5698597332 next=5818283053 tgt=5994117633 f=0.405 u=0 breach=3 end=
CBAP_MIG t=31005000 epoch=6201 flow=9 side=new cur=5698597332 next=5818283053 tgt=5994117633 f=0.405 u=0 breach=3 end=
CBAP_MIG t=31005000 epoch=6201 flow=10 side=new cur=5698597332 next=5818283053 tgt=5994117633 f=0.405 u=0 breach=3 end=
CBAP_MIG t=31005000 epoch=6201 flow=13 side=new cur=5698597332 next=5818283053 tgt=5994117633 f=0.405 u=0 breach=3 end=
CBAP_MIG t=31005000 epoch=6201 flow=14 side=new cur=5698597332 next=5818283053 tgt=5994117633 f=0.405 u=0 breach=3 end=
CBAP_MIG t=31005000 epoch=6201 flow=16 side=new cur=5698597332 next=5818283053 tgt=5994117633 f=0.405 u=0 breach=3 end=
CBAP_MIG t=31005000 epoch=6201 flow=18 side=new cur=5698597332 next=5818283053 tgt=5994117633 f=0.405 u=0 breach=3 end=
CBAP_MIG t=31005000 epoch=6201 flow=19 side=new cur=5698597332 next=5818283053 tgt=5994117633 f=0.405 u=0 breach=3 end=
CBAP_MIG t=31005000 epoch=6201 flow=22 side=new cur=5698597332 next=5818283053 tgt=5994117633 f=0.405 u=0 breach=3 end=
CBAP_MIG t=31005000 epoch=6201 flow=23 side=new cur=5698597332 next=5818283053 tgt=5994117633 f=0.405 u=0 breach=3 end=
CBAP_MIG t=31005000 epoch=6201 flow=26 side=new cur=5698597332 next=5818283053 tgt=5994117633 f=0.405 u=0 breach=3 end=
CBAP_MIG t=31005000 epoch=6201 flow=27 side=new cur=5698597332 next=5818283053 tgt=5994117633 f=0.405 u=0 breach=3 end=
CBAP_MIG t=31005000 epoch=6201 flow=28 side=new cur=5698597332 next=5818283053 tgt=5994117633 f=0.405 u=0 breach=3 end=
CBAP_MIG t=31005000 epoch=6201 flow=29 side=new cur=5698597332 next=5818283053 tgt=5994117633 f=0.405 u=0 breach=3 end=
CBAP_MIG t=31005000 epoch=6201 flow=32 side=new cur=5698597332 next=5818283053 tgt=5994117633 f=0.405 u=0 breach=3 end=
CBAP_MIG t=31005000 epoch=6201 flow=33 side=new cur=5698597332 next=5818283053 tgt=5994117633 f=0.405 u=0 breach=3 end=
CBAP_MIG t=31005000 epoch=6201 flow=35 side=new cur=5698597332 next=5818283053 tgt=5994117633 f=0.405 u=0 breach=3 end=
CBAP_MIG t=31005000 epoch=6201 flow=37 side=new cur=5698597332 next=5818283053 tgt=5994117633 f=0.405 u=0 breach=3 end=
CBAP_MIG t=31005000 epoch=6201 flow=39 side=new cur=5698597332 next=5818283053 tgt=5994117633 f=0.405 u=0 breach=3 end=
CBAP_MIG t=31005000 epoch=6201 flow=40 side=new cur=5698597332 next=5818283053 tgt=5994117633 f=0.405 u=0 breach=3 end=
CBAP_MIG t=31005000 epoch=6201 flow=43 side=new cur=5698597332 next=5818283053 tgt=5994117633 f=0.405 u=0 breach=3 end=
CBAP_MIG t=31005000 epoch=6201 flow=45 side=new cur=5698597332 next=5818283053 tgt=5994117633 f=0.405 u=0 breach=3 end=
CBAP_MIG t=31005000 epoch=6201 flow=47 side=new cur=5698597332 next=5818283053 tgt=5994117633 f=0.405 u=0 breach=3 end=
CBAP_MIG t=31005000 epoch=6201 flow=50 side=new cur=5698597332 next=5818283053 tgt=5994117633 f=0.405 u=0 breach=3 end=
CBAP_MIG t=31005000 epoch=6201 flow=55 side=new cur=5698597332 next=5818283053 tgt=5994117633 f=0.405 u=0 breach=3 end=
CBAP_MIG t=31005000 epoch=6201 flow=56 side=new cur=5698597332 next=5818283053 tgt=5994117633 f=0.405 u=0 breach=3 end=
CBAP_MIG t=31005000 epoch=6201 flow=58 side=new cur=5698597332 next=5818283053 tgt=5994117633 f=0.405 u=0 breach=3 end=
CBAP_MIG t=31005000 epoch=6201 flow=60 side=new cur=5698597332 next=5818283053 tgt=5994117633 f=0.405 u=0 breach=3 end=
CBAP_MIG t=31005000 epoch=6201 flow=61 side=new cur=5698597332 next=5818283053 tgt=5994117633 f=0.405 u=0 breach=3 end=
CBAP_MIG t=31005000 epoch=6201 flow=63 side=new cur=5698597332 next=5818283053 tgt=5994117633 f=0.405 u=0 breach=3 end=
CBAP_MIG t=31005000 epoch=6201 flow=64 side=new cur=5698597332 next=5818283053 tgt=5994117633 f=0.405 u=0 breach=3 end=
CBAP_MIG t=31010000 epoch=6202 flow=1 side=new cur=5818283053 next=5889496057 tgt=5994117633 f=0.405 u=0 breach=3 end=
CBAP_MIG t=31010000 epoch=6202 flow=2 side=new cur=5818283053 next=5889496057 tgt=5994117633 f=0.405 u=0 breach=3 end=
CBAP_MIG t=31010000 epoch=6202 flow=4 side=new cur=5818283053 next=5889496057 tgt=5994117633 f=0.405 u=0 breach=3 end=
CBAP_MIG t=31010000 epoch=6202 flow=8 side=new cur=5818283053 next=5889496057 tgt=5994117633 f=0.405 u=0 breach=3 end=
CBAP_MIG t=31010000 epoch=6202 flow=9 side=new cur=5818283053 next=5889496057 tgt=5994117633 f=0.405 u=0 breach=3 end=
CBAP_MIG t=31010000 epoch=6202 flow=10 side=new cur=5818283053 next=5889496057 tgt=5994117633 f=0.405 u=0 breach=3 end=
CBAP_MIG t=31010000 epoch=6202 flow=13 side=new cur=5818283053 next=5889496057 tgt=5994117633 f=0.405 u=0 breach=3 end=
CBAP_MIG t=31010000 epoch=6202 flow=14 side=new cur=5818283053 next=5889496057 tgt=5994117633 f=0.405 u=0 breach=3 end=
CBAP_MIG t=31010000 epoch=6202 flow=16 side=new cur=5818283053 next=5889496057 tgt=5994117633 f=0.405 u=0 breach=3 end=
CBAP_MIG t=31010000 epoch=6202 flow=18 side=new cur=5818283053 next=5889496057 tgt=5994117633 f=0.405 u=0 breach=3 end=
CBAP_MIG t=31010000 epoch=6202 flow=19 side=new cur=5818283053 next=5889496057 tgt=5994117633 f=0.405 u=0 breach=3 end=
CBAP_MIG t=31010000 epoch=6202 flow=22 side=new cur=5818283053 next=5889496057 tgt=5994117633 f=0.405 u=0 breach=3 end=
CBAP_MIG t=31010000 epoch=6202 flow=23 side=new cur=5818283053 next=5889496057 tgt=5994117633 f=0.405 u=0 breach=3 end=
CBAP_MIG t=31010000 epoch=6202 flow=26 side=new cur=5818283053 next=5889496057 tgt=5994117633 f=0.405 u=0 breach=3 end=
CBAP_MIG t=31010000 epoch=6202 flow=27 side=new cur=5818283053 next=5889496057 tgt=5994117633 f=0.405 u=0 breach=3 end=
CBAP_MIG t=31010000 epoch=6202 flow=28 side=new cur=5818283053 next=5889496057 tgt=5994117633 f=0.405 u=0 breach=3 end=
CBAP_MIG t=31010000 epoch=6202 flow=29 side=new cur=5818283053 next=5889496057 tgt=5994117633 f=0.405 u=0 breach=3 end=
CBAP_MIG t=31010000 epoch=6202 flow=32 side=new cur=5818283053 next=5889496057 tgt=5994117633 f=0.405 u=0 breach=3 end=
CBAP_MIG t=31010000 epoch=6202 flow=33 side=new cur=5818283053 next=5889496057 tgt=5994117633 f=0.405 u=0 breach=3 end=
CBAP_MIG t=31010000 epoch=6202 flow=35 side=new cur=5818283053 next=5889496057 tgt=5994117633 f=0.405 u=0 breach=3 end=
CBAP_MIG t=31010000 epoch=6202 flow=37 side=new cur=5818283053 next=5889496057 tgt=5994117633 f=0.405 u=0 breach=3 end=
CBAP_MIG t=31010000 epoch=6202 flow=39 side=new cur=5818283053 next=5889496057 tgt=5994117633 f=0.405 u=0 breach=3 end=
CBAP_MIG t=31010000 epoch=6202 flow=40 side=new cur=5818283053 next=5889496057 tgt=5994117633 f=0.405 u=0 breach=3 end=
CBAP_MIG t=31010000 epoch=6202 flow=43 side=new cur=5818283053 next=5889496057 tgt=5994117633 f=0.405 u=0 breach=3 end=
CBAP_MIG t=31010000 epoch=6202 flow=45 side=new cur=5818283053 next=5889496057 tgt=5994117633 f=0.405 u=0 breach=3 end=
CBAP_MIG t=31010000 epoch=6202 flow=47 side=new cur=5818283053 next=5889496057 tgt=5994117633 f=0.405 u=0 breach=3 end=
CBAP_MIG t=31010000 epoch=6202 flow=50 side=new cur=5818283053 next=5889496057 tgt=5994117633 f=0.405 u=0 breach=3 end=
CBAP_MIG t=31010000 epoch=6202 flow=55 side=new cur=5818283053 next=5889496057 tgt=5994117633 f=0.405 u=0 breach=3 end=
CBAP_MIG t=31010000 epoch=6202 flow=56 side=new cur=5818283053 next=5889496057 tgt=5994117633 f=0.405 u=0 breach=3 end=
CBAP_MIG t=31010000 epoch=6202 flow=58 side=new cur=5818283053 next=5889496057 tgt=5994117633 f=0.405 u=0 breach=3 end=
CBAP_MIG t=31010000 epoch=6202 flow=60 side=new cur=5818283053 next=5889496057 tgt=5994117633 f=0.405 u=0 breach=3 end=
CBAP_MIG t=31010000 epoch=6202 flow=61 side=new cur=5818283053 next=5889496057 tgt=5994117633 f=0.405 u=0 breach=3 end=
CBAP_MIG t=31010000 epoch=6202 flow=63 side=new cur=5818283053 next=5889496057 tgt=5994117633 f=0.405 u=0 breach=3 end=
CBAP_MIG t=31010000 epoch=6202 flow=64 side=new cur=5818283053 next=5889496057 tgt=5994117633 f=0.405 u=0 breach=3 end=
CBAP_MIG t=31015000 epoch=6203 flow=1 side=new cur=5889496057 next=5931867795 tgt=5994117633 f=0.405 u=0 breach=3 end=
CBAP_MIG t=31015000 epoch=6203 flow=2 side=new cur=5889496057 next=5931867795 tgt=5994117633 f=0.405 u=0 breach=3 end=
CBAP_MIG t=31015000 epoch=6203 flow=4 side=new cur=5889496057 next=5931867795 tgt=5994117633 f=0.405 u=0 breach=3 end=
CBAP_MIG t=31015000 epoch=6203 flow=8 side=new cur=5889496057 next=5931867795 tgt=5994117633 f=0.405 u=0 breach=3 end=
CBAP_MIG t=31015000 epoch=6203 flow=9 side=new cur=5889496057 next=5931867795 tgt=5994117633 f=0.405 u=0 breach=3 end=
CBAP_MIG t=31015000 epoch=6203 flow=10 side=new cur=5889496057 next=5931867795 tgt=5994117633 f=0.405 u=0 breach=3 end=
CBAP_MIG t=31015000 epoch=6203 flow=13 side=new cur=5889496057 next=5931867795 tgt=5994117633 f=0.405 u=0 breach=3 end=
CBAP_MIG t=31015000 epoch=6203 flow=14 side=new cur=5889496057 next=5931867795 tgt=5994117633 f=0.405 u=0 breach=3 end=
CBAP_MIG t=31015000 epoch=6203 flow=16 side=new cur=5889496057 next=5931867795 tgt=5994117633 f=0.405 u=0 breach=3 end=
CBAP_MIG t=31015000 epoch=6203 flow=18 side=new cur=5889496057 next=5931867795 tgt=5994117633 f=0.405 u=0 breach=3 end=
CBAP_MIG t=31015000 epoch=6203 flow=19 side=new cur=5889496057 next=5931867795 tgt=5994117633 f=0.405 u=0 breach=3 end=
CBAP_MIG t=31015000 epoch=6203 flow=22 side=new cur=5889496057 next=5931867795 tgt=5994117633 f=0.405 u=0 breach=3 end=
CBAP_MIG t=31015000 epoch=6203 flow=23 side=new cur=5889496057 next=5931867795 tgt=5994117633 f=0.405 u=0 breach=3 end=
CBAP_MIG t=31015000 epoch=6203 flow=26 side=new cur=5889496057 next=5931867795 tgt=5994117633 f=0.405 u=0 breach=3 end=
CBAP_MIG t=31015000 epoch=6203 flow=27 side=new cur=5889496057 next=5931867795 tgt=5994117633 f=0.405 u=0 breach=3 end=
CBAP_MIG t=31015000 epoch=6203 flow=28 side=new cur=5889496057 next=5931867795 tgt=5994117633 f=0.405 u=0 breach=3 end=
CBAP_MIG t=31015000 epoch=6203 flow=29 side=new cur=5889496057 next=5931867795 tgt=5994117633 f=0.405 u=0 breach=3 end=
CBAP_MIG t=31015000 epoch=6203 flow=32 side=new cur=5889496057 next=5931867795 tgt=5994117633 f=0.405 u=0 breach=3 end=
CBAP_MIG t=31015000 epoch=6203 flow=33 side=new cur=5889496057 next=5931867795 tgt=5994117633 f=0.405 u=0 breach=3 end=
CBAP_MIG t=31015000 epoch=6203 flow=35 side=new cur=5889496057 next=5931867795 tgt=5994117633 f=0.405 u=0 breach=3 end=
CBAP_MIG t=31015000 epoch=6203 flow=37 side=new cur=5889496057 next=5931867795 tgt=5994117633 f=0.405 u=0 breach=3 end=
CBAP_MIG t=31015000 epoch=6203 flow=39 side=new cur=5889496057 next=5931867795 tgt=5994117633 f=0.405 u=0 breach=3 end=
CBAP_MIG t=31015000 epoch=6203 flow=40 side=new cur=5889496057 next=5931867795 tgt=5994117633 f=0.405 u=0 breach=3 end=
CBAP_MIG t=31015000 epoch=6203 flow=43 side=new cur=5889496057 next=5931867795 tgt=5994117633 f=0.405 u=0 breach=3 end=
CBAP_MIG t=31015000 epoch=6203 flow=45 side=new cur=5889496057 next=5931867795 tgt=5994117633 f=0.405 u=0 breach=3 end=
CBAP_MIG t=31015000 epoch=6203 flow=47 side=new cur=5889496057 next=5931867795 tgt=5994117633 f=0.405 u=0 breach=3 end=
CBAP_MIG t=31015000 epoch=6203 flow=50 side=new cur=5889496057 next=5931867795 tgt=5994117633 f=0.405 u=0 breach=3 end=
CBAP_MIG t=31015000 epoch=6203 flow=55 side=new cur=5889496057 next=5931867795 tgt=5994117633 f=0.405 u=0 breach=3 end=
CBAP_MIG t=31015000 epoch=6203 flow=56 side=new cur=5889496057 next=5931867795 tgt=5994117633 f=0.405 u=0 breach=3 end=
CBAP_MIG t=31015000 epoch=6203 flow=58 side=new cur=5889496057 next=5931867795 tgt=5994117633 f=0.405 u=0 breach=3 end=
CBAP_MIG t=31015000 epoch=6203 flow=60 side=new cur=5889496057 next=5931867795 tgt=5994117633 f=0.405 u=0 breach=3 end=
CBAP_MIG t=31015000 epoch=6203 flow=61 side=new cur=5889496057 next=5931867795 tgt=5994117633 f=0.405 u=0 breach=3 end=
CBAP_MIG t=31015000 epoch=6203 flow=63 side=new cur=5889496057 next=5931867795 tgt=5994117633 f=0.405 u=0 breach=3 end=
CBAP_MIG t=31015000 epoch=6203 flow=64 side=new cur=5889496057 next=5931867795 tgt=5994117633 f=0.405 u=0 breach=3 end=
CBAP_MIG t=31020000 epoch=6204 flow=1 side=new cur=5931867795 next=5957078979 tgt=5994117633 f=0.405 u=0 breach=3 end=converged
CBAP_MIG t=31020000 epoch=6204 flow=2 side=new cur=5931867795 next=5957078979 tgt=5994117633 f=0.405 u=0 breach=3 end=converged
CBAP_MIG t=31020000 epoch=6204 flow=4 side=new cur=5931867795 next=5957078979 tgt=5994117633 f=0.405 u=0 breach=3 end=converged
CBAP_MIG t=31020000 epoch=6204 flow=8 side=new cur=5931867795 next=5957078979 tgt=5994117633 f=0.405 u=0 breach=3 end=converged
CBAP_MIG t=31020000 epoch=6204 flow=9 side=new cur=5931867795 next=5957078979 tgt=5994117633 f=0.405 u=0 breach=3 end=converged
CBAP_MIG t=31020000 epoch=6204 flow=10 side=new cur=5931867795 next=5957078979 tgt=5994117633 f=0.405 u=0 breach=3 end=converged
CBAP_MIG t=31020000 epoch=6204 flow=13 side=new cur=5931867795 next=5957078979 tgt=5994117633 f=0.405 u=0 breach=3 end=converged
CBAP_MIG t=31020000 epoch=6204 flow=14 side=new cur=5931867795 next=5957078979 tgt=5994117633 f=0.405 u=0 breach=3 end=converged
CBAP_MIG t=31020000 epoch=6204 flow=16 side=new cur=5931867795 next=5957078979 tgt=5994117633 f=0.405 u=0 breach=3 end=converged
CBAP_MIG t=31020000 epoch=6204 flow=18 side=new cur=5931867795 next=5957078979 tgt=5994117633 f=0.405 u=0 breach=3 end=converged
CBAP_MIG t=31020000 epoch=6204 flow=19 side=new cur=5931867795 next=5957078979 tgt=5994117633 f=0.405 u=0 breach=3 end=converged
CBAP_MIG t=31020000 epoch=6204 flow=22 side=new cur=5931867795 next=5957078979 tgt=5994117633 f=0.405 u=0 breach=3 end=converged
CBAP_MIG t=31020000 epoch=6204 flow=23 side=new cur=5931867795 next=5957078979 tgt=5994117633 f=0.405 u=0 breach=3 end=converged
CBAP_MIG t=31020000 epoch=6204 flow=26 side=new cur=5931867795 next=5957078979 tgt=5994117633 f=0.405 u=0 breach=3 end=converged
CBAP_MIG t=31020000 epoch=6204 flow=27 side=new cur=5931867795 next=5957078979 tgt=5994117633 f=0.405 u=0 breach=3 end=converged
CBAP_MIG t=31020000 epoch=6204 flow=28 side=new cur=5931867795 next=5957078979 tgt=5994117633 f=0.405 u=0 breach=3 end=converged
CBAP_MIG t=31020000 epoch=6204 flow=29 side=new cur=5931867795 next=5957078979 tgt=5994117633 f=0.405 u=0 breach=3 end=converged
CBAP_MIG t=31020000 epoch=6204 flow=32 side=new cur=5931867795 next=5957078979 tgt=5994117633 f=0.405 u=0 breach=3 end=converged
CBAP_MIG t=31020000 epoch=6204 flow=33 side=new cur=5931867795 next=5957078979 tgt=5994117633 f=0.405 u=0 breach=3 end=converged
CBAP_MIG t=31020000 epoch=6204 flow=35 side=new cur=5931867795 next=5957078979 tgt=5994117633 f=0.405 u=0 breach=3 end=converged
CBAP_MIG t=31020000 epoch=6204 flow=37 side=new cur=5931867795 next=5957078979 tgt=5994117633 f=0.405 u=0 breach=3 end=converged
CBAP_MIG t=31020000 epoch=6204 flow=39 side=new cur=5931867795 next=5957078979 tgt=5994117633 f=0.405 u=0 breach=3 end=converged
CBAP_MIG t=31020000 epoch=6204 flow=40 side=new cur=5931867795 next=5957078979 tgt=5994117633 f=0.405 u=0 breach=3 end=converged
CBAP_MIG t=31020000 epoch=6204 flow=43 side=new cur=5931867795 next=5957078979 tgt=5994117633 f=0.405 u=0 breach=3 end=converged
CBAP_MIG t=31020000 epoch=6204 flow=45 side=new cur=5931867795 next=5957078979 tgt=5994117633 f=0.405 u=0 breach=3 end=converged
CBAP_MIG t=31020000 epoch=6204 flow=47 side=new cur=5931867795 next=5957078979 tgt=5994117633 f=0.405 u=0 breach=3 end=converged
CBAP_MIG t=31020000 epoch=6204 flow=50 side=new cur=5931867795 next=5957078979 tgt=5994117633 f=0.405 u=0 breach=3 end=converged
CBAP_MIG t=31020000 epoch=6204 flow=55 side=new cur=5931867795 next=5957078979 tgt=5994117633 f=0.405 u=0 breach=3 end=converged
CBAP_MIG t=31020000 epoch=6204 flow=56 side=new cur=5931867795 next=5957078979 tgt=5994117633 f=0.405 u=0 breach=3 end=converged
CBAP_MIG t=31020000 epoch=6204 flow=58 side=new cur=5931867795 next=5957078979 tgt=5994117633 f=0.405 u=0 breach=3 end=converged
CBAP_MIG t=31020000 epoch=6204 flow=60 side=new cur=5931867795 next=5957078979 tgt=5994117633 f=0.405 u=0 breach=3 end=converged
CBAP_MIG t=31020000 epoch=6204 flow=61 side=new cur=5931867795 next=5957078979 tgt=5994117633 f=0.405 u=0 breach=3 end=converged
CBAP_MIG t=31020000 epoch=6204 flow=63 side=new cur=5931867795 next=5957078979 tgt=5994117633 f=0.405 u=0 breach=3 end=converged
CBAP_MIG t=31020000 epoch=6204 flow=64 side=new cur=5931867795 next=5957078979 tgt=5994117633 f=0.405 u=0 breach=3 end=converged
CBAP_MIG_REPLAN t=31100000 reason=active_set_shrank flow=0 batch=0 newest_batch=1 cur=2000003181 target=2000000000 ceiling=190000000000 old_side_present=1
CBAP_MIG_REPLAN t=31100000 reason=active_set_shrank flow=1 batch=1 newest_batch=1 cur=5957078979 target=6054545444 ceiling=200000000000 old_side_present=1
CBAP_MIG_REPLAN t=31100000 reason=active_set_shrank flow=2 batch=1 newest_batch=1 cur=5957078979 target=6054545444 ceiling=200000000000 old_side_present=1
CBAP_MIG_REPLAN t=31100000 reason=active_set_shrank flow=4 batch=1 newest_batch=1 cur=5957078979 target=6054545444 ceiling=200000000000 old_side_present=1
CBAP_MIG_REPLAN t=31100000 reason=active_set_shrank flow=8 batch=1 newest_batch=1 cur=5957078979 target=6054545444 ceiling=200000000000 old_side_present=1
CBAP_MIG_REPLAN t=31100000 reason=active_set_shrank flow=9 batch=1 newest_batch=1 cur=5957078979 target=6054545444 ceiling=200000000000 old_side_present=1
CBAP_MIG_REPLAN t=31100000 reason=active_set_shrank flow=10 batch=1 newest_batch=1 cur=5957078979 target=6054545444 ceiling=200000000000 old_side_present=1
CBAP_MIG_REPLAN t=31100000 reason=active_set_shrank flow=13 batch=1 newest_batch=1 cur=5957078979 target=6054545444 ceiling=200000000000 old_side_present=1
CBAP_MIG_REPLAN t=31100000 reason=active_set_shrank flow=14 batch=1 newest_batch=1 cur=5957078979 target=6054545444 ceiling=200000000000 old_side_present=1
CBAP_MIG_REPLAN t=31100000 reason=active_set_shrank flow=16 batch=1 newest_batch=1 cur=5957078979 target=6054545444 ceiling=200000000000 old_side_present=1
CBAP_MIG_REPLAN t=31100000 reason=active_set_shrank flow=18 batch=1 newest_batch=1 cur=5957078979 target=6054545444 ceiling=200000000000 old_side_present=1
CBAP_MIG_REPLAN t=31100000 reason=active_set_shrank flow=19 batch=1 newest_batch=1 cur=5957078979 target=6054545444 ceiling=200000000000 old_side_present=1
CBAP_MIG_REPLAN t=31100000 reason=active_set_shrank flow=22 batch=1 newest_batch=1 cur=5957078979 target=6054545444 ceiling=200000000000 old_side_present=1
CBAP_MIG_REPLAN t=31100000 reason=active_set_shrank flow=23 batch=1 newest_batch=1 cur=5957078979 target=6054545444 ceiling=200000000000 old_side_present=1
CBAP_MIG_REPLAN t=31100000 reason=active_set_shrank flow=26 batch=1 newest_batch=1 cur=5957078979 target=6054545444 ceiling=200000000000 old_side_present=1
CBAP_MIG_REPLAN t=31100000 reason=active_set_shrank flow=27 batch=1 newest_batch=1 cur=5957078979 target=6054545444 ceiling=200000000000 old_side_present=1
CBAP_MIG_REPLAN t=31100000 reason=active_set_shrank flow=28 batch=1 newest_batch=1 cur=5957078979 target=6054545444 ceiling=200000000000 old_side_present=1
CBAP_MIG_REPLAN t=31100000 reason=active_set_shrank flow=29 batch=1 newest_batch=1 cur=5957078979 target=6054545444 ceiling=200000000000 old_side_present=1
CBAP_MIG_REPLAN t=31100000 reason=active_set_shrank flow=32 batch=1 newest_batch=1 cur=5957078979 target=6054545444 ceiling=200000000000 old_side_present=1
CBAP_MIG_REPLAN t=31100000 reason=active_set_shrank flow=33 batch=1 newest_batch=1 cur=5957078979 target=6054545444 ceiling=200000000000 old_side_present=1
CBAP_MIG_REPLAN t=31100000 reason=active_set_shrank flow=37 batch=1 newest_batch=1 cur=5957078979 target=6054545444 ceiling=200000000000 old_side_present=1
CBAP_MIG_REPLAN t=31100000 reason=active_set_shrank flow=39 batch=1 newest_batch=1 cur=5957078979 target=6054545444 ceiling=200000000000 old_side_present=1
CBAP_MIG_REPLAN t=31100000 reason=active_set_shrank flow=40 batch=1 newest_batch=1 cur=5957078979 target=6054545444 ceiling=200000000000 old_side_present=1
CBAP_MIG_REPLAN t=31100000 reason=active_set_shrank flow=43 batch=1 newest_batch=1 cur=5957078979 target=6054545444 ceiling=200000000000 old_side_present=1
CBAP_MIG_REPLAN t=31100000 reason=active_set_shrank flow=45 batch=1 newest_batch=1 cur=5957078979 target=6054545444 ceiling=200000000000 old_side_present=1
CBAP_MIG_REPLAN t=31100000 reason=active_set_shrank flow=47 batch=1 newest_batch=1 cur=5957078979 target=6054545444 ceiling=200000000000 old_side_present=1
CBAP_MIG_REPLAN t=31100000 reason=active_set_shrank flow=50 batch=1 newest_batch=1 cur=5957078979 target=6054545444 ceiling=200000000000 old_side_present=1
CBAP_MIG_REPLAN t=31100000 reason=active_set_shrank flow=55 batch=1 newest_batch=1 cur=5957078979 target=6054545444 ceiling=200000000000 old_side_present=1
CBAP_MIG_REPLAN t=31100000 reason=active_set_shrank flow=56 batch=1 newest_batch=1 cur=5957078979 target=6054545444 ceiling=200000000000 old_side_present=1
CBAP_MIG_REPLAN t=31100000 reason=active_set_shrank flow=58 batch=1 newest_batch=1 cur=5957078979 target=6054545444 ceiling=200000000000 old_side_present=1
CBAP_MIG_REPLAN t=31100000 reason=active_set_shrank flow=60 batch=1 newest_batch=1 cur=5957078979 target=6054545444 ceiling=200000000000 old_side_present=1
CBAP_MIG_REPLAN t=31100000 reason=active_set_shrank flow=61 batch=1 newest_batch=1 cur=5957078979 target=6054545444 ceiling=200000000000 old_side_present=1
CBAP_MIG_REPLAN t=31100000 reason=active_set_shrank flow=63 batch=1 newest_batch=1 cur=5957078979 target=6054545444 ceiling=200000000000 old_side_present=1
CBAP_MIG_REPLAN t=31100000 reason=active_set_shrank flow=64 batch=1 newest_batch=1 cur=5957078979 target=6054545444 ceiling=200000000000 old_side_present=1
CBAP_MIG t=31100000 epoch=6220 flow=0 side=old cur=2000003181 next=2000002226 tgt=2000000000 f=0.3 u=0 breach=0 end=converged
CBAP_MIG t=31100000 epoch=6220 flow=1 side=new cur=5957078979 next=5996552897 tgt=6054545444 f=0.405 u=0 breach=3 end=converged
CBAP_MIG t=31100000 epoch=6220 flow=2 side=new cur=5957078979 next=5996552897 tgt=6054545444 f=0.405 u=0 breach=3 end=converged
CBAP_MIG t=31100000 epoch=6220 flow=4 side=new cur=5957078979 next=5996552897 tgt=6054545444 f=0.405 u=0 breach=3 end=converged
CBAP_MIG t=31100000 epoch=6220 flow=8 side=new cur=5957078979 next=5996552897 tgt=6054545444 f=0.405 u=0 breach=3 end=converged
CBAP_MIG t=31100000 epoch=6220 flow=9 side=new cur=5957078979 next=5996552897 tgt=6054545444 f=0.405 u=0 breach=3 end=converged
CBAP_MIG t=31100000 epoch=6220 flow=10 side=new cur=5957078979 next=5996552897 tgt=6054545444 f=0.405 u=0 breach=3 end=converged
CBAP_MIG t=31100000 epoch=6220 flow=13 side=new cur=5957078979 next=5996552897 tgt=6054545444 f=0.405 u=0 breach=3 end=converged
CBAP_MIG t=31100000 epoch=6220 flow=14 side=new cur=5957078979 next=5996552897 tgt=6054545444 f=0.405 u=0 breach=3 end=converged
CBAP_MIG t=31100000 epoch=6220 flow=16 side=new cur=5957078979 next=5996552897 tgt=6054545444 f=0.405 u=0 breach=3 end=converged
CBAP_MIG t=31100000 epoch=6220 flow=18 side=new cur=5957078979 next=5996552897 tgt=6054545444 f=0.405 u=0 breach=3 end=converged
CBAP_MIG t=31100000 epoch=6220 flow=19 side=new cur=5957078979 next=5996552897 tgt=6054545444 f=0.405 u=0 breach=3 end=converged
CBAP_MIG t=31100000 epoch=6220 flow=22 side=new cur=5957078979 next=5996552897 tgt=6054545444 f=0.405 u=0 breach=3 end=converged
CBAP_MIG t=31100000 epoch=6220 flow=23 side=new cur=5957078979 next=5996552897 tgt=6054545444 f=0.405 u=0 breach=3 end=converged
CBAP_MIG t=31100000 epoch=6220 flow=26 side=new cur=5957078979 next=5996552897 tgt=6054545444 f=0.405 u=0 breach=3 end=converged
CBAP_MIG t=31100000 epoch=6220 flow=27 side=new cur=5957078979 next=5996552897 tgt=6054545444 f=0.405 u=0 breach=3 end=converged
CBAP_MIG t=31100000 epoch=6220 flow=28 side=new cur=5957078979 next=5996552897 tgt=6054545444 f=0.405 u=0 breach=3 end=converged
CBAP_MIG t=31100000 epoch=6220 flow=29 side=new cur=5957078979 next=5996552897 tgt=6054545444 f=0.405 u=0 breach=3 end=converged
CBAP_MIG t=31100000 epoch=6220 flow=32 side=new cur=5957078979 next=5996552897 tgt=6054545444 f=0.405 u=0 breach=3 end=converged
CBAP_MIG t=31100000 epoch=6220 flow=33 side=new cur=5957078979 next=5996552897 tgt=6054545444 f=0.405 u=0 breach=3 end=converged
CBAP_MIG t=31100000 epoch=6220 flow=37 side=new cur=5957078979 next=5996552897 tgt=6054545444 f=0.405 u=0 breach=3 end=converged
CBAP_MIG t=31100000 epoch=6220 flow=39 side=new cur=5957078979 next=5996552897 tgt=6054545444 f=0.405 u=0 breach=3 end=converged
CBAP_MIG t=31100000 epoch=6220 flow=40 side=new cur=5957078979 next=5996552897 tgt=6054545444 f=0.405 u=0 breach=3 end=converged
CBAP_MIG t=31100000 epoch=6220 flow=43 side=new cur=5957078979 next=5996552897 tgt=6054545444 f=0.405 u=0 breach=3 end=converged
CBAP_MIG t=31100000 epoch=6220 flow=45 side=new cur=5957078979 next=5996552897 tgt=6054545444 f=0.405 u=0 breach=3 end=converged
CBAP_MIG t=31100000 epoch=6220 flow=47 side=new cur=5957078979 next=5996552897 tgt=6054545444 f=0.405 u=0 breach=3 end=converged
CBAP_MIG t=31100000 epoch=6220 flow=50 side=new cur=5957078979 next=5996552897 tgt=6054545444 f=0.405 u=0 breach=3 end=converged
CBAP_MIG t=31100000 epoch=6220 flow=55 side=new cur=5957078979 next=5996552897 tgt=6054545444 f=0.405 u=0 breach=3 end=converged
CBAP_MIG t=31100000 epoch=6220 flow=56 side=new cur=5957078979 next=5996552897 tgt=6054545444 f=0.405 u=0 breach=3 end=converged
CBAP_MIG t=31100000 epoch=6220 flow=58 side=new cur=5957078979 next=5996552897 tgt=6054545444 f=0.405 u=0 breach=3 end=converged
CBAP_MIG t=31100000 epoch=6220 flow=60 side=new cur=5957078979 next=5996552897 tgt=6054545444 f=0.405 u=0 breach=3 end=converged
CBAP_MIG t=31100000 epoch=6220 flow=61 side=new cur=5957078979 next=5996552897 tgt=6054545444 f=0.405 u=0 breach=3 end=converged
CBAP_MIG t=31100000 epoch=6220 flow=63 side=new cur=5957078979 next=5996552897 tgt=6054545444 f=0.405 u=0 breach=3 end=converged
CBAP_MIG t=31100000 epoch=6220 flow=64 side=new cur=5957078979 next=5996552897 tgt=6054545444 f=0.405 u=0 breach=3 end=converged
CBAP_MIG_REPLAN t=31115000 reason=active_set_shrank flow=0 batch=0 newest_batch=1 cur=2000002226 target=2000000000 ceiling=190000000000 old_side_present=1
CBAP_MIG_REPLAN t=31115000 reason=active_set_shrank flow=1 batch=1 newest_batch=1 cur=5996552897 target=6574193541 ceiling=200000000000 old_side_present=1
CBAP_MIG_REPLAN t=31115000 reason=active_set_shrank flow=2 batch=1 newest_batch=1 cur=5996552897 target=6574193541 ceiling=200000000000 old_side_present=1
CBAP_MIG_REPLAN t=31115000 reason=active_set_shrank flow=4 batch=1 newest_batch=1 cur=5996552897 target=6574193541 ceiling=200000000000 old_side_present=1
CBAP_MIG_REPLAN t=31115000 reason=active_set_shrank flow=8 batch=1 newest_batch=1 cur=5996552897 target=6574193541 ceiling=200000000000 old_side_present=1
CBAP_MIG_REPLAN t=31115000 reason=active_set_shrank flow=9 batch=1 newest_batch=1 cur=5996552897 target=6574193541 ceiling=200000000000 old_side_present=1
CBAP_MIG_REPLAN t=31115000 reason=active_set_shrank flow=10 batch=1 newest_batch=1 cur=5996552897 target=6574193541 ceiling=200000000000 old_side_present=1
CBAP_MIG_REPLAN t=31115000 reason=active_set_shrank flow=13 batch=1 newest_batch=1 cur=5996552897 target=6574193541 ceiling=200000000000 old_side_present=1
CBAP_MIG_REPLAN t=31115000 reason=active_set_shrank flow=14 batch=1 newest_batch=1 cur=5996552897 target=6574193541 ceiling=200000000000 old_side_present=1
CBAP_MIG_REPLAN t=31115000 reason=active_set_shrank flow=16 batch=1 newest_batch=1 cur=5996552897 target=6574193541 ceiling=200000000000 old_side_present=1
CBAP_MIG_REPLAN t=31115000 reason=active_set_shrank flow=18 batch=1 newest_batch=1 cur=5996552897 target=6574193541 ceiling=200000000000 old_side_present=1
CBAP_MIG_REPLAN t=31115000 reason=active_set_shrank flow=19 batch=1 newest_batch=1 cur=5996552897 target=6574193541 ceiling=200000000000 old_side_present=1
CBAP_MIG_REPLAN t=31115000 reason=active_set_shrank flow=22 batch=1 newest_batch=1 cur=5996552897 target=6574193541 ceiling=200000000000 old_side_present=1
CBAP_MIG_REPLAN t=31115000 reason=active_set_shrank flow=23 batch=1 newest_batch=1 cur=5996552897 target=6574193541 ceiling=200000000000 old_side_present=1
CBAP_MIG_REPLAN t=31115000 reason=active_set_shrank flow=26 batch=1 newest_batch=1 cur=5996552897 target=6574193541 ceiling=200000000000 old_side_present=1
CBAP_MIG_REPLAN t=31115000 reason=active_set_shrank flow=27 batch=1 newest_batch=1 cur=5996552897 target=6574193541 ceiling=200000000000 old_side_present=1
CBAP_MIG_REPLAN t=31115000 reason=active_set_shrank flow=28 batch=1 newest_batch=1 cur=5996552897 target=6574193541 ceiling=200000000000 old_side_present=1
CBAP_MIG_REPLAN t=31115000 reason=active_set_shrank flow=29 batch=1 newest_batch=1 cur=5996552897 target=6574193541 ceiling=200000000000 old_side_present=1
CBAP_MIG_REPLAN t=31115000 reason=active_set_shrank flow=33 batch=1 newest_batch=1 cur=5996552897 target=6574193541 ceiling=200000000000 old_side_present=1
CBAP_MIG_REPLAN t=31115000 reason=active_set_shrank flow=37 batch=1 newest_batch=1 cur=5996552897 target=6574193541 ceiling=200000000000 old_side_present=1
CBAP_MIG_REPLAN t=31115000 reason=active_set_shrank flow=39 batch=1 newest_batch=1 cur=5996552897 target=6574193541 ceiling=200000000000 old_side_present=1
CBAP_MIG_REPLAN t=31115000 reason=active_set_shrank flow=40 batch=1 newest_batch=1 cur=5996552897 target=6574193541 ceiling=200000000000 old_side_present=1
CBAP_MIG_REPLAN t=31115000 reason=active_set_shrank flow=43 batch=1 newest_batch=1 cur=5996552897 target=6574193541 ceiling=200000000000 old_side_present=1
CBAP_MIG_REPLAN t=31115000 reason=active_set_shrank flow=45 batch=1 newest_batch=1 cur=5996552897 target=6574193541 ceiling=200000000000 old_side_present=1
CBAP_MIG_REPLAN t=31115000 reason=active_set_shrank flow=47 batch=1 newest_batch=1 cur=5996552897 target=6574193541 ceiling=200000000000 old_side_present=1
CBAP_MIG_REPLAN t=31115000 reason=active_set_shrank flow=50 batch=1 newest_batch=1 cur=5996552897 target=6574193541 ceiling=200000000000 old_side_present=1
CBAP_MIG_REPLAN t=31115000 reason=active_set_shrank flow=55 batch=1 newest_batch=1 cur=5996552897 target=6574193541 ceiling=200000000000 old_side_present=1
CBAP_MIG_REPLAN t=31115000 reason=active_set_shrank flow=58 batch=1 newest_batch=1 cur=5996552897 target=6574193541 ceiling=200000000000 old_side_present=1
CBAP_MIG_REPLAN t=31115000 reason=active_set_shrank flow=60 batch=1 newest_batch=1 cur=5996552897 target=6574193541 ceiling=200000000000 old_side_present=1
CBAP_MIG_REPLAN t=31115000 reason=active_set_shrank flow=61 batch=1 newest_batch=1 cur=5996552897 target=6574193541 ceiling=200000000000 old_side_present=1
CBAP_MIG_REPLAN t=31115000 reason=active_set_shrank flow=63 batch=1 newest_batch=1 cur=5996552897 target=6574193541 ceiling=200000000000 old_side_present=1
CBAP_MIG_REPLAN t=31115000 reason=active_set_shrank flow=64 batch=1 newest_batch=1 cur=5996552897 target=6574193541 ceiling=200000000000 old_side_present=1
CBAP_MIG t=31115000 epoch=6223 flow=0 side=old cur=2000002226 next=2000001558 tgt=2000000000 f=0.3 u=0 breach=0 end=converged
CBAP_MIG t=31115000 epoch=6223 flow=1 side=new cur=5996552897 next=6230497357 tgt=6574193541 f=0.405 u=0 breach=3 end=
CBAP_MIG t=31115000 epoch=6223 flow=2 side=new cur=5996552897 next=6230497357 tgt=6574193541 f=0.405 u=0 breach=3 end=
CBAP_MIG t=31115000 epoch=6223 flow=4 side=new cur=5996552897 next=6230497357 tgt=6574193541 f=0.405 u=0 breach=3 end=
CBAP_MIG t=31115000 epoch=6223 flow=8 side=new cur=5996552897 next=6230497357 tgt=6574193541 f=0.405 u=0 breach=3 end=
CBAP_MIG t=31115000 epoch=6223 flow=9 side=new cur=5996552897 next=6230497357 tgt=6574193541 f=0.405 u=0 breach=3 end=
CBAP_MIG t=31115000 epoch=6223 flow=10 side=new cur=5996552897 next=6230497357 tgt=6574193541 f=0.405 u=0 breach=3 end=
CBAP_MIG t=31115000 epoch=6223 flow=13 side=new cur=5996552897 next=6230497357 tgt=6574193541 f=0.405 u=0 breach=3 end=
CBAP_MIG t=31115000 epoch=6223 flow=14 side=new cur=5996552897 next=6230497357 tgt=6574193541 f=0.405 u=0 breach=3 end=
CBAP_MIG t=31115000 epoch=6223 flow=16 side=new cur=5996552897 next=6230497357 tgt=6574193541 f=0.405 u=0 breach=3 end=
CBAP_MIG t=31115000 epoch=6223 flow=18 side=new cur=5996552897 next=6230497357 tgt=6574193541 f=0.405 u=0 breach=3 end=
CBAP_MIG t=31115000 epoch=6223 flow=19 side=new cur=5996552897 next=6230497357 tgt=6574193541 f=0.405 u=0 breach=3 end=
CBAP_MIG t=31115000 epoch=6223 flow=22 side=new cur=5996552897 next=6230497357 tgt=6574193541 f=0.405 u=0 breach=3 end=
CBAP_MIG t=31115000 epoch=6223 flow=23 side=new cur=5996552897 next=6230497357 tgt=6574193541 f=0.405 u=0 breach=3 end=
CBAP_MIG t=31115000 epoch=6223 flow=26 side=new cur=5996552897 next=6230497357 tgt=6574193541 f=0.405 u=0 breach=3 end=
CBAP_MIG t=31115000 epoch=6223 flow=27 side=new cur=5996552897 next=6230497357 tgt=6574193541 f=0.405 u=0 breach=3 end=
CBAP_MIG t=31115000 epoch=6223 flow=28 side=new cur=5996552897 next=6230497357 tgt=6574193541 f=0.405 u=0 breach=3 end=
CBAP_MIG t=31115000 epoch=6223 flow=29 side=new cur=5996552897 next=6230497357 tgt=6574193541 f=0.405 u=0 breach=3 end=
CBAP_MIG t=31115000 epoch=6223 flow=33 side=new cur=5996552897 next=6230497357 tgt=6574193541 f=0.405 u=0 breach=3 end=
CBAP_MIG t=31115000 epoch=6223 flow=37 side=new cur=5996552897 next=6230497357 tgt=6574193541 f=0.405 u=0 breach=3 end=
CBAP_MIG t=31115000 epoch=6223 flow=39 side=new cur=5996552897 next=6230497357 tgt=6574193541 f=0.405 u=0 breach=3 end=
CBAP_MIG t=31115000 epoch=6223 flow=40 side=new cur=5996552897 next=6230497357 tgt=6574193541 f=0.405 u=0 breach=3 end=
CBAP_MIG t=31115000 epoch=6223 flow=43 side=new cur=5996552897 next=6230497357 tgt=6574193541 f=0.405 u=0 breach=3 end=
CBAP_MIG t=31115000 epoch=6223 flow=45 side=new cur=5996552897 next=6230497357 tgt=6574193541 f=0.405 u=0 breach=3 end=
CBAP_MIG t=31115000 epoch=6223 flow=47 side=new cur=5996552897 next=6230497357 tgt=6574193541 f=0.405 u=0 breach=3 end=
CBAP_MIG t=31115000 epoch=6223 flow=50 side=new cur=5996552897 next=6230497357 tgt=6574193541 f=0.405 u=0 breach=3 end=
CBAP_MIG t=31115000 epoch=6223 flow=55 side=new cur=5996552897 next=6230497357 tgt=6574193541 f=0.405 u=0 breach=3 end=
CBAP_MIG t=31115000 epoch=6223 flow=58 side=new cur=5996552897 next=6230497357 tgt=6574193541 f=0.405 u=0 breach=3 end=
CBAP_MIG t=31115000 epoch=6223 flow=60 side=new cur=5996552897 next=6230497357 tgt=6574193541 f=0.405 u=0 breach=3 end=
CBAP_MIG t=31115000 epoch=6223 flow=61 side=new cur=5996552897 next=6230497357 tgt=6574193541 f=0.405 u=0 breach=3 end=
CBAP_MIG t=31115000 epoch=6223 flow=63 side=new cur=5996552897 next=6230497357 tgt=6574193541 f=0.405 u=0 breach=3 end=
CBAP_MIG t=31115000 epoch=6223 flow=64 side=new cur=5996552897 next=6230497357 tgt=6574193541 f=0.405 u=0 breach=3 end=
CBAP_MIG t=31120000 epoch=6224 flow=1 side=new cur=6230497357 next=6369694311 tgt=6574193541 f=0.405 u=0 breach=3 end=
CBAP_MIG t=31120000 epoch=6224 flow=2 side=new cur=6230497357 next=6369694311 tgt=6574193541 f=0.405 u=0 breach=3 end=
CBAP_MIG t=31120000 epoch=6224 flow=4 side=new cur=6230497357 next=6369694311 tgt=6574193541 f=0.405 u=0 breach=3 end=
CBAP_MIG t=31120000 epoch=6224 flow=8 side=new cur=6230497357 next=6369694311 tgt=6574193541 f=0.405 u=0 breach=3 end=
CBAP_MIG t=31120000 epoch=6224 flow=9 side=new cur=6230497357 next=6369694311 tgt=6574193541 f=0.405 u=0 breach=3 end=
CBAP_MIG t=31120000 epoch=6224 flow=10 side=new cur=6230497357 next=6369694311 tgt=6574193541 f=0.405 u=0 breach=3 end=
CBAP_MIG t=31120000 epoch=6224 flow=13 side=new cur=6230497357 next=6369694311 tgt=6574193541 f=0.405 u=0 breach=3 end=
CBAP_MIG t=31120000 epoch=6224 flow=14 side=new cur=6230497357 next=6369694311 tgt=6574193541 f=0.405 u=0 breach=3 end=
CBAP_MIG t=31120000 epoch=6224 flow=16 side=new cur=6230497357 next=6369694311 tgt=6574193541 f=0.405 u=0 breach=3 end=
CBAP_MIG t=31120000 epoch=6224 flow=18 side=new cur=6230497357 next=6369694311 tgt=6574193541 f=0.405 u=0 breach=3 end=
CBAP_MIG t=31120000 epoch=6224 flow=19 side=new cur=6230497357 next=6369694311 tgt=6574193541 f=0.405 u=0 breach=3 end=
CBAP_MIG t=31120000 epoch=6224 flow=22 side=new cur=6230497357 next=6369694311 tgt=6574193541 f=0.405 u=0 breach=3 end=
CBAP_MIG t=31120000 epoch=6224 flow=23 side=new cur=6230497357 next=6369694311 tgt=6574193541 f=0.405 u=0 breach=3 end=
CBAP_MIG t=31120000 epoch=6224 flow=26 side=new cur=6230497357 next=6369694311 tgt=6574193541 f=0.405 u=0 breach=3 end=
CBAP_MIG t=31120000 epoch=6224 flow=27 side=new cur=6230497357 next=6369694311 tgt=6574193541 f=0.405 u=0 breach=3 end=
CBAP_MIG t=31120000 epoch=6224 flow=28 side=new cur=6230497357 next=6369694311 tgt=6574193541 f=0.405 u=0 breach=3 end=
CBAP_MIG t=31120000 epoch=6224 flow=29 side=new cur=6230497357 next=6369694311 tgt=6574193541 f=0.405 u=0 breach=3 end=
CBAP_MIG t=31120000 epoch=6224 flow=33 side=new cur=6230497357 next=6369694311 tgt=6574193541 f=0.405 u=0 breach=3 end=
CBAP_MIG t=31120000 epoch=6224 flow=37 side=new cur=6230497357 next=6369694311 tgt=6574193541 f=0.405 u=0 breach=3 end=
CBAP_MIG t=31120000 epoch=6224 flow=39 side=new cur=6230497357 next=6369694311 tgt=6574193541 f=0.405 u=0 breach=3 end=
CBAP_MIG t=31120000 epoch=6224 flow=40 side=new cur=6230497357 next=6369694311 tgt=6574193541 f=0.405 u=0 breach=3 end=
CBAP_MIG t=31120000 epoch=6224 flow=43 side=new cur=6230497357 next=6369694311 tgt=6574193541 f=0.405 u=0 breach=3 end=
CBAP_MIG t=31120000 epoch=6224 flow=45 side=new cur=6230497357 next=6369694311 tgt=6574193541 f=0.405 u=0 breach=3 end=
CBAP_MIG t=31120000 epoch=6224 flow=47 side=new cur=6230497357 next=6369694311 tgt=6574193541 f=0.405 u=0 breach=3 end=
CBAP_MIG t=31120000 epoch=6224 flow=50 side=new cur=6230497357 next=6369694311 tgt=6574193541 f=0.405 u=0 breach=3 end=
CBAP_MIG t=31120000 epoch=6224 flow=55 side=new cur=6230497357 next=6369694311 tgt=6574193541 f=0.405 u=0 breach=3 end=
CBAP_MIG t=31120000 epoch=6224 flow=58 side=new cur=6230497357 next=6369694311 tgt=6574193541 f=0.405 u=0 breach=3 end=
CBAP_MIG t=31120000 epoch=6224 flow=60 side=new cur=6230497357 next=6369694311 tgt=6574193541 f=0.405 u=0 breach=3 end=
CBAP_MIG t=31120000 epoch=6224 flow=61 side=new cur=6230497357 next=6369694311 tgt=6574193541 f=0.405 u=0 breach=3 end=
CBAP_MIG t=31120000 epoch=6224 flow=63 side=new cur=6230497357 next=6369694311 tgt=6574193541 f=0.405 u=0 breach=3 end=
CBAP_MIG t=31120000 epoch=6224 flow=64 side=new cur=6230497357 next=6369694311 tgt=6574193541 f=0.405 u=0 breach=3 end=
CBAP_MIG t=31125000 epoch=6225 flow=1 side=new cur=6369694311 next=6452516499 tgt=6574193541 f=0.405 u=0 breach=3 end=
CBAP_MIG t=31125000 epoch=6225 flow=2 side=new cur=6369694311 next=6452516499 tgt=6574193541 f=0.405 u=0 breach=3 end=
CBAP_MIG t=31125000 epoch=6225 flow=4 side=new cur=6369694311 next=6452516499 tgt=6574193541 f=0.405 u=0 breach=3 end=
CBAP_MIG t=31125000 epoch=6225 flow=8 side=new cur=6369694311 next=6452516499 tgt=6574193541 f=0.405 u=0 breach=3 end=
CBAP_MIG t=31125000 epoch=6225 flow=9 side=new cur=6369694311 next=6452516499 tgt=6574193541 f=0.405 u=0 breach=3 end=
CBAP_MIG t=31125000 epoch=6225 flow=10 side=new cur=6369694311 next=6452516499 tgt=6574193541 f=0.405 u=0 breach=3 end=
CBAP_MIG t=31125000 epoch=6225 flow=13 side=new cur=6369694311 next=6452516499 tgt=6574193541 f=0.405 u=0 breach=3 end=
CBAP_MIG t=31125000 epoch=6225 flow=14 side=new cur=6369694311 next=6452516499 tgt=6574193541 f=0.405 u=0 breach=3 end=
CBAP_MIG t=31125000 epoch=6225 flow=16 side=new cur=6369694311 next=6452516499 tgt=6574193541 f=0.405 u=0 breach=3 end=
CBAP_MIG t=31125000 epoch=6225 flow=18 side=new cur=6369694311 next=6452516499 tgt=6574193541 f=0.405 u=0 breach=3 end=
CBAP_MIG t=31125000 epoch=6225 flow=19 side=new cur=6369694311 next=6452516499 tgt=6574193541 f=0.405 u=0 breach=3 end=
CBAP_MIG t=31125000 epoch=6225 flow=22 side=new cur=6369694311 next=6452516499 tgt=6574193541 f=0.405 u=0 breach=3 end=
CBAP_MIG t=31125000 epoch=6225 flow=23 side=new cur=6369694311 next=6452516499 tgt=6574193541 f=0.405 u=0 breach=3 end=
CBAP_MIG t=31125000 epoch=6225 flow=26 side=new cur=6369694311 next=6452516499 tgt=6574193541 f=0.405 u=0 breach=3 end=
CBAP_MIG t=31125000 epoch=6225 flow=27 side=new cur=6369694311 next=6452516499 tgt=6574193541 f=0.405 u=0 breach=3 end=
CBAP_MIG t=31125000 epoch=6225 flow=28 side=new cur=6369694311 next=6452516499 tgt=6574193541 f=0.405 u=0 breach=3 end=
CBAP_MIG t=31125000 epoch=6225 flow=29 side=new cur=6369694311 next=6452516499 tgt=6574193541 f=0.405 u=0 breach=3 end=
CBAP_MIG t=31125000 epoch=6225 flow=33 side=new cur=6369694311 next=6452516499 tgt=6574193541 f=0.405 u=0 breach=3 end=
CBAP_MIG t=31125000 epoch=6225 flow=37 side=new cur=6369694311 next=6452516499 tgt=6574193541 f=0.405 u=0 breach=3 end=
CBAP_MIG t=31125000 epoch=6225 flow=39 side=new cur=6369694311 next=6452516499 tgt=6574193541 f=0.405 u=0 breach=3 end=
CBAP_MIG t=31125000 epoch=6225 flow=40 side=new cur=6369694311 next=6452516499 tgt=6574193541 f=0.405 u=0 breach=3 end=
CBAP_MIG t=31125000 epoch=6225 flow=43 side=new cur=6369694311 next=6452516499 tgt=6574193541 f=0.405 u=0 breach=3 end=
CBAP_MIG t=31125000 epoch=6225 flow=45 side=new cur=6369694311 next=6452516499 tgt=6574193541 f=0.405 u=0 breach=3 end=
CBAP_MIG t=31125000 epoch=6225 flow=47 side=new cur=6369694311 next=6452516499 tgt=6574193541 f=0.405 u=0 breach=3 end=
CBAP_MIG t=31125000 epoch=6225 flow=50 side=new cur=6369694311 next=6452516499 tgt=6574193541 f=0.405 u=0 breach=3 end=
CBAP_MIG t=31125000 epoch=6225 flow=55 side=new cur=6369694311 next=6452516499 tgt=6574193541 f=0.405 u=0 breach=3 end=
CBAP_MIG t=31125000 epoch=6225 flow=58 side=new cur=6369694311 next=6452516499 tgt=6574193541 f=0.405 u=0 breach=3 end=
CBAP_MIG t=31125000 epoch=6225 flow=60 side=new cur=6369694311 next=6452516499 tgt=6574193541 f=0.405 u=0 breach=3 end=
CBAP_MIG t=31125000 epoch=6225 flow=61 side=new cur=6369694311 next=6452516499 tgt=6574193541 f=0.405 u=0 breach=3 end=
CBAP_MIG t=31125000 epoch=6225 flow=63 side=new cur=6369694311 next=6452516499 tgt=6574193541 f=0.405 u=0 breach=3 end=
CBAP_MIG t=31125000 epoch=6225 flow=64 side=new cur=6369694311 next=6452516499 tgt=6574193541 f=0.405 u=0 breach=3 end=
CBAP_MIG t=31130000 epoch=6226 flow=1 side=new cur=6452516499 next=6501795701 tgt=6574193541 f=0.405 u=0 breach=3 end=
CBAP_MIG t=31130000 epoch=6226 flow=2 side=new cur=6452516499 next=6501795701 tgt=6574193541 f=0.405 u=0 breach=3 end=
CBAP_MIG t=31130000 epoch=6226 flow=4 side=new cur=6452516499 next=6501795701 tgt=6574193541 f=0.405 u=0 breach=3 end=
CBAP_MIG t=31130000 epoch=6226 flow=8 side=new cur=6452516499 next=6501795701 tgt=6574193541 f=0.405 u=0 breach=3 end=
CBAP_MIG t=31130000 epoch=6226 flow=9 side=new cur=6452516499 next=6501795701 tgt=6574193541 f=0.405 u=0 breach=3 end=
CBAP_MIG t=31130000 epoch=6226 flow=10 side=new cur=6452516499 next=6501795701 tgt=6574193541 f=0.405 u=0 breach=3 end=
CBAP_MIG t=31130000 epoch=6226 flow=13 side=new cur=6452516499 next=6501795701 tgt=6574193541 f=0.405 u=0 breach=3 end=
CBAP_MIG t=31130000 epoch=6226 flow=14 side=new cur=6452516499 next=6501795701 tgt=6574193541 f=0.405 u=0 breach=3 end=
CBAP_MIG t=31130000 epoch=6226 flow=16 side=new cur=6452516499 next=6501795701 tgt=6574193541 f=0.405 u=0 breach=3 end=
CBAP_MIG t=31130000 epoch=6226 flow=18 side=new cur=6452516499 next=6501795701 tgt=6574193541 f=0.405 u=0 breach=3 end=
CBAP_MIG t=31130000 epoch=6226 flow=19 side=new cur=6452516499 next=6501795701 tgt=6574193541 f=0.405 u=0 breach=3 end=
CBAP_MIG t=31130000 epoch=6226 flow=22 side=new cur=6452516499 next=6501795701 tgt=6574193541 f=0.405 u=0 breach=3 end=
CBAP_MIG t=31130000 epoch=6226 flow=23 side=new cur=6452516499 next=6501795701 tgt=6574193541 f=0.405 u=0 breach=3 end=
CBAP_MIG t=31130000 epoch=6226 flow=26 side=new cur=6452516499 next=6501795701 tgt=6574193541 f=0.405 u=0 breach=3 end=
CBAP_MIG t=31130000 epoch=6226 flow=27 side=new cur=6452516499 next=6501795701 tgt=6574193541 f=0.405 u=0 breach=3 end=
CBAP_MIG t=31130000 epoch=6226 flow=28 side=new cur=6452516499 next=6501795701 tgt=6574193541 f=0.405 u=0 breach=3 end=
CBAP_MIG t=31130000 epoch=6226 flow=29 side=new cur=6452516499 next=6501795701 tgt=6574193541 f=0.405 u=0 breach=3 end=
CBAP_MIG t=31130000 epoch=6226 flow=33 side=new cur=6452516499 next=6501795701 tgt=6574193541 f=0.405 u=0 breach=3 end=
CBAP_MIG t=31130000 epoch=6226 flow=37 side=new cur=6452516499 next=6501795701 tgt=6574193541 f=0.405 u=0 breach=3 end=
CBAP_MIG t=31130000 epoch=6226 flow=39 side=new cur=6452516499 next=6501795701 tgt=6574193541 f=0.405 u=0 breach=3 end=
CBAP_MIG t=31130000 epoch=6226 flow=40 side=new cur=6452516499 next=6501795701 tgt=6574193541 f=0.405 u=0 breach=3 end=
CBAP_MIG t=31130000 epoch=6226 flow=43 side=new cur=6452516499 next=6501795701 tgt=6574193541 f=0.405 u=0 breach=3 end=
CBAP_MIG t=31130000 epoch=6226 flow=45 side=new cur=6452516499 next=6501795701 tgt=6574193541 f=0.405 u=0 breach=3 end=
CBAP_MIG t=31130000 epoch=6226 flow=47 side=new cur=6452516499 next=6501795701 tgt=6574193541 f=0.405 u=0 breach=3 end=
CBAP_MIG t=31130000 epoch=6226 flow=50 side=new cur=6452516499 next=6501795701 tgt=6574193541 f=0.405 u=0 breach=3 end=
CBAP_MIG t=31130000 epoch=6226 flow=55 side=new cur=6452516499 next=6501795701 tgt=6574193541 f=0.405 u=0 breach=3 end=
CBAP_MIG t=31130000 epoch=6226 flow=58 side=new cur=6452516499 next=6501795701 tgt=6574193541 f=0.405 u=0 breach=3 end=
CBAP_MIG t=31130000 epoch=6226 flow=60 side=new cur=6452516499 next=6501795701 tgt=6574193541 f=0.405 u=0 breach=3 end=
CBAP_MIG t=31130000 epoch=6226 flow=61 side=new cur=6452516499 next=6501795701 tgt=6574193541 f=0.405 u=0 breach=3 end=
CBAP_MIG t=31130000 epoch=6226 flow=63 side=new cur=6452516499 next=6501795701 tgt=6574193541 f=0.405 u=0 breach=3 end=
CBAP_MIG t=31130000 epoch=6226 flow=64 side=new cur=6452516499 next=6501795701 tgt=6574193541 f=0.405 u=0 breach=3 end=
CBAP_MIG_REPLAN t=31135000 reason=active_set_shrank flow=0 batch=0 newest_batch=1 cur=2000001558 target=2000000000 ceiling=190000000000 old_side_present=1
CBAP_MIG_REPLAN t=31135000 reason=active_set_shrank flow=1 batch=1 newest_batch=1 cur=6501795701 target=6889655167 ceiling=200000000000 old_side_present=1
CBAP_MIG_REPLAN t=31135000 reason=active_set_shrank flow=2 batch=1 newest_batch=1 cur=6501795701 target=6889655167 ceiling=200000000000 old_side_present=1
CBAP_MIG_REPLAN t=31135000 reason=active_set_shrank flow=4 batch=1 newest_batch=1 cur=6501795701 target=6889655167 ceiling=200000000000 old_side_present=1
CBAP_MIG_REPLAN t=31135000 reason=active_set_shrank flow=9 batch=1 newest_batch=1 cur=6501795701 target=6889655167 ceiling=200000000000 old_side_present=1
CBAP_MIG_REPLAN t=31135000 reason=active_set_shrank flow=10 batch=1 newest_batch=1 cur=6501795701 target=6889655167 ceiling=200000000000 old_side_present=1
CBAP_MIG_REPLAN t=31135000 reason=active_set_shrank flow=13 batch=1 newest_batch=1 cur=6501795701 target=6889655167 ceiling=200000000000 old_side_present=1
CBAP_MIG_REPLAN t=31135000 reason=active_set_shrank flow=14 batch=1 newest_batch=1 cur=6501795701 target=6889655167 ceiling=200000000000 old_side_present=1
CBAP_MIG_REPLAN t=31135000 reason=active_set_shrank flow=16 batch=1 newest_batch=1 cur=6501795701 target=6889655167 ceiling=200000000000 old_side_present=1
CBAP_MIG_REPLAN t=31135000 reason=active_set_shrank flow=18 batch=1 newest_batch=1 cur=6501795701 target=6889655167 ceiling=200000000000 old_side_present=1
CBAP_MIG_REPLAN t=31135000 reason=active_set_shrank flow=19 batch=1 newest_batch=1 cur=6501795701 target=6889655167 ceiling=200000000000 old_side_present=1
CBAP_MIG_REPLAN t=31135000 reason=active_set_shrank flow=22 batch=1 newest_batch=1 cur=6501795701 target=6889655167 ceiling=200000000000 old_side_present=1
CBAP_MIG_REPLAN t=31135000 reason=active_set_shrank flow=23 batch=1 newest_batch=1 cur=6501795701 target=6889655167 ceiling=200000000000 old_side_present=1
CBAP_MIG_REPLAN t=31135000 reason=active_set_shrank flow=26 batch=1 newest_batch=1 cur=6501795701 target=6889655167 ceiling=200000000000 old_side_present=1
CBAP_MIG_REPLAN t=31135000 reason=active_set_shrank flow=27 batch=1 newest_batch=1 cur=6501795701 target=6889655167 ceiling=200000000000 old_side_present=1
CBAP_MIG_REPLAN t=31135000 reason=active_set_shrank flow=28 batch=1 newest_batch=1 cur=6501795701 target=6889655167 ceiling=200000000000 old_side_present=1
CBAP_MIG_REPLAN t=31135000 reason=active_set_shrank flow=29 batch=1 newest_batch=1 cur=6501795701 target=6889655167 ceiling=200000000000 old_side_present=1
CBAP_MIG_REPLAN t=31135000 reason=active_set_shrank flow=33 batch=1 newest_batch=1 cur=6501795701 target=6889655167 ceiling=200000000000 old_side_present=1
CBAP_MIG_REPLAN t=31135000 reason=active_set_shrank flow=37 batch=1 newest_batch=1 cur=6501795701 target=6889655167 ceiling=200000000000 old_side_present=1
CBAP_MIG_REPLAN t=31135000 reason=active_set_shrank flow=39 batch=1 newest_batch=1 cur=6501795701 target=6889655167 ceiling=200000000000 old_side_present=1
CBAP_MIG_REPLAN t=31135000 reason=active_set_shrank flow=40 batch=1 newest_batch=1 cur=6501795701 target=6889655167 ceiling=200000000000 old_side_present=1
CBAP_MIG_REPLAN t=31135000 reason=active_set_shrank flow=43 batch=1 newest_batch=1 cur=6501795701 target=6889655167 ceiling=200000000000 old_side_present=1
CBAP_MIG_REPLAN t=31135000 reason=active_set_shrank flow=45 batch=1 newest_batch=1 cur=6501795701 target=6889655167 ceiling=200000000000 old_side_present=1
CBAP_MIG_REPLAN t=31135000 reason=active_set_shrank flow=47 batch=1 newest_batch=1 cur=6501795701 target=6889655167 ceiling=200000000000 old_side_present=1
CBAP_MIG_REPLAN t=31135000 reason=active_set_shrank flow=50 batch=1 newest_batch=1 cur=6501795701 target=6889655167 ceiling=200000000000 old_side_present=1
CBAP_MIG_REPLAN t=31135000 reason=active_set_shrank flow=55 batch=1 newest_batch=1 cur=6501795701 target=6889655167 ceiling=200000000000 old_side_present=1
CBAP_MIG_REPLAN t=31135000 reason=active_set_shrank flow=58 batch=1 newest_batch=1 cur=6501795701 target=6889655167 ceiling=200000000000 old_side_present=1
CBAP_MIG_REPLAN t=31135000 reason=active_set_shrank flow=61 batch=1 newest_batch=1 cur=6501795701 target=6889655167 ceiling=200000000000 old_side_present=1
CBAP_MIG_REPLAN t=31135000 reason=active_set_shrank flow=63 batch=1 newest_batch=1 cur=6501795701 target=6889655167 ceiling=200000000000 old_side_present=1
CBAP_MIG_REPLAN t=31135000 reason=active_set_shrank flow=64 batch=1 newest_batch=1 cur=6501795701 target=6889655167 ceiling=200000000000 old_side_present=1
CBAP_MIG t=31135000 epoch=6227 flow=0 side=old cur=2000001558 next=2000001090 tgt=2000000000 f=0.3 u=0 breach=0 end=converged
CBAP_MIG t=31135000 epoch=6227 flow=1 side=new cur=6501795701 next=6658878784 tgt=6889655167 f=0.405 u=0 breach=3 end=
CBAP_MIG t=31135000 epoch=6227 flow=2 side=new cur=6501795701 next=6658878784 tgt=6889655167 f=0.405 u=0 breach=3 end=
CBAP_MIG t=31135000 epoch=6227 flow=4 side=new cur=6501795701 next=6658878784 tgt=6889655167 f=0.405 u=0 breach=3 end=
CBAP_MIG t=31135000 epoch=6227 flow=9 side=new cur=6501795701 next=6658878784 tgt=6889655167 f=0.405 u=0 breach=3 end=
CBAP_MIG t=31135000 epoch=6227 flow=10 side=new cur=6501795701 next=6658878784 tgt=6889655167 f=0.405 u=0 breach=3 end=
CBAP_MIG t=31135000 epoch=6227 flow=13 side=new cur=6501795701 next=6658878784 tgt=6889655167 f=0.405 u=0 breach=3 end=
CBAP_MIG t=31135000 epoch=6227 flow=14 side=new cur=6501795701 next=6658878784 tgt=6889655167 f=0.405 u=0 breach=3 end=
CBAP_MIG t=31135000 epoch=6227 flow=16 side=new cur=6501795701 next=6658878784 tgt=6889655167 f=0.405 u=0 breach=3 end=
CBAP_MIG t=31135000 epoch=6227 flow=18 side=new cur=6501795701 next=6658878784 tgt=6889655167 f=0.405 u=0 breach=3 end=
CBAP_MIG t=31135000 epoch=6227 flow=19 side=new cur=6501795701 next=6658878784 tgt=6889655167 f=0.405 u=0 breach=3 end=
CBAP_MIG t=31135000 epoch=6227 flow=22 side=new cur=6501795701 next=6658878784 tgt=6889655167 f=0.405 u=0 breach=3 end=
CBAP_MIG t=31135000 epoch=6227 flow=23 side=new cur=6501795701 next=6658878784 tgt=6889655167 f=0.405 u=0 breach=3 end=
CBAP_MIG t=31135000 epoch=6227 flow=26 side=new cur=6501795701 next=6658878784 tgt=6889655167 f=0.405 u=0 breach=3 end=
CBAP_MIG t=31135000 epoch=6227 flow=27 side=new cur=6501795701 next=6658878784 tgt=6889655167 f=0.405 u=0 breach=3 end=
CBAP_MIG t=31135000 epoch=6227 flow=28 side=new cur=6501795701 next=6658878784 tgt=6889655167 f=0.405 u=0 breach=3 end=
CBAP_MIG t=31135000 epoch=6227 flow=29 side=new cur=6501795701 next=6658878784 tgt=6889655167 f=0.405 u=0 breach=3 end=
CBAP_MIG t=31135000 epoch=6227 flow=33 side=new cur=6501795701 next=6658878784 tgt=6889655167 f=0.405 u=0 breach=3 end=
CBAP_MIG t=31135000 epoch=6227 flow=37 side=new cur=6501795701 next=6658878784 tgt=6889655167 f=0.405 u=0 breach=3 end=
CBAP_MIG t=31135000 epoch=6227 flow=39 side=new cur=6501795701 next=6658878784 tgt=6889655167 f=0.405 u=0 breach=3 end=
CBAP_MIG t=31135000 epoch=6227 flow=40 side=new cur=6501795701 next=6658878784 tgt=6889655167 f=0.405 u=0 breach=3 end=
CBAP_MIG t=31135000 epoch=6227 flow=43 side=new cur=6501795701 next=6658878784 tgt=6889655167 f=0.405 u=0 breach=3 end=
CBAP_MIG t=31135000 epoch=6227 flow=45 side=new cur=6501795701 next=6658878784 tgt=6889655167 f=0.405 u=0 breach=3 end=
CBAP_MIG t=31135000 epoch=6227 flow=47 side=new cur=6501795701 next=6658878784 tgt=6889655167 f=0.405 u=0 breach=3 end=
CBAP_MIG t=31135000 epoch=6227 flow=50 side=new cur=6501795701 next=6658878784 tgt=6889655167 f=0.405 u=0 breach=3 end=
CBAP_MIG t=31135000 epoch=6227 flow=55 side=new cur=6501795701 next=6658878784 tgt=6889655167 f=0.405 u=0 breach=3 end=
CBAP_MIG t=31135000 epoch=6227 flow=58 side=new cur=6501795701 next=6658878784 tgt=6889655167 f=0.405 u=0 breach=3 end=
CBAP_MIG t=31135000 epoch=6227 flow=61 side=new cur=6501795701 next=6658878784 tgt=6889655167 f=0.405 u=0 breach=3 end=
CBAP_MIG t=31135000 epoch=6227 flow=63 side=new cur=6501795701 next=6658878784 tgt=6889655167 f=0.405 u=0 breach=3 end=
CBAP_MIG t=31135000 epoch=6227 flow=64 side=new cur=6501795701 next=6658878784 tgt=6889655167 f=0.405 u=0 breach=3 end=
CBAP_MIG t=31140000 epoch=6228 flow=1 side=new cur=6658878784 next=6752343219 tgt=6889655167 f=0.405 u=0 breach=3 end=
CBAP_MIG t=31140000 epoch=6228 flow=2 side=new cur=6658878784 next=6752343219 tgt=6889655167 f=0.405 u=0 breach=3 end=
CBAP_MIG t=31140000 epoch=6228 flow=4 side=new cur=6658878784 next=6752343219 tgt=6889655167 f=0.405 u=0 breach=3 end=
CBAP_MIG t=31140000 epoch=6228 flow=9 side=new cur=6658878784 next=6752343219 tgt=6889655167 f=0.405 u=0 breach=3 end=
CBAP_MIG t=31140000 epoch=6228 flow=10 side=new cur=6658878784 next=6752343219 tgt=6889655167 f=0.405 u=0 breach=3 end=
CBAP_MIG t=31140000 epoch=6228 flow=13 side=new cur=6658878784 next=6752343219 tgt=6889655167 f=0.405 u=0 breach=3 end=
CBAP_MIG t=31140000 epoch=6228 flow=14 side=new cur=6658878784 next=6752343219 tgt=6889655167 f=0.405 u=0 breach=3 end=
CBAP_MIG t=31140000 epoch=6228 flow=16 side=new cur=6658878784 next=6752343219 tgt=6889655167 f=0.405 u=0 breach=3 end=
CBAP_MIG t=31140000 epoch=6228 flow=18 side=new cur=6658878784 next=6752343219 tgt=6889655167 f=0.405 u=0 breach=3 end=
CBAP_MIG t=31140000 epoch=6228 flow=19 side=new cur=6658878784 next=6752343219 tgt=6889655167 f=0.405 u=0 breach=3 end=
CBAP_MIG t=31140000 epoch=6228 flow=22 side=new cur=6658878784 next=6752343219 tgt=6889655167 f=0.405 u=0 breach=3 end=
CBAP_MIG t=31140000 epoch=6228 flow=23 side=new cur=6658878784 next=6752343219 tgt=6889655167 f=0.405 u=0 breach=3 end=
CBAP_MIG t=31140000 epoch=6228 flow=26 side=new cur=6658878784 next=6752343219 tgt=6889655167 f=0.405 u=0 breach=3 end=
CBAP_MIG t=31140000 epoch=6228 flow=27 side=new cur=6658878784 next=6752343219 tgt=6889655167 f=0.405 u=0 breach=3 end=
CBAP_MIG t=31140000 epoch=6228 flow=28 side=new cur=6658878784 next=6752343219 tgt=6889655167 f=0.405 u=0 breach=3 end=
CBAP_MIG t=31140000 epoch=6228 flow=29 side=new cur=6658878784 next=6752343219 tgt=6889655167 f=0.405 u=0 breach=3 end=
CBAP_MIG t=31140000 epoch=6228 flow=33 side=new cur=6658878784 next=6752343219 tgt=6889655167 f=0.405 u=0 breach=3 end=
CBAP_MIG t=31140000 epoch=6228 flow=37 side=new cur=6658878784 next=6752343219 tgt=6889655167 f=0.405 u=0 breach=3 end=
CBAP_MIG t=31140000 epoch=6228 flow=39 side=new cur=6658878784 next=6752343219 tgt=6889655167 f=0.405 u=0 breach=3 end=
CBAP_MIG t=31140000 epoch=6228 flow=40 side=new cur=6658878784 next=6752343219 tgt=6889655167 f=0.405 u=0 breach=3 end=
CBAP_MIG t=31140000 epoch=6228 flow=43 side=new cur=6658878784 next=6752343219 tgt=6889655167 f=0.405 u=0 breach=3 end=
CBAP_MIG t=31140000 epoch=6228 flow=45 side=new cur=6658878784 next=6752343219 tgt=6889655167 f=0.405 u=0 breach=3 end=
CBAP_MIG t=31140000 epoch=6228 flow=47 side=new cur=6658878784 next=6752343219 tgt=6889655167 f=0.405 u=0 breach=3 end=
CBAP_MIG t=31140000 epoch=6228 flow=50 side=new cur=6658878784 next=6752343219 tgt=6889655167 f=0.405 u=0 breach=3 end=
CBAP_MIG t=31140000 epoch=6228 flow=55 side=new cur=6658878784 next=6752343219 tgt=6889655167 f=0.405 u=0 breach=3 end=
CBAP_MIG t=31140000 epoch=6228 flow=58 side=new cur=6658878784 next=6752343219 tgt=6889655167 f=0.405 u=0 breach=3 end=
CBAP_MIG t=31140000 epoch=6228 flow=61 side=new cur=6658878784 next=6752343219 tgt=6889655167 f=0.405 u=0 breach=3 end=
CBAP_MIG t=31140000 epoch=6228 flow=63 side=new cur=6658878784 next=6752343219 tgt=6889655167 f=0.405 u=0 breach=3 end=
CBAP_MIG t=31140000 epoch=6228 flow=64 side=new cur=6658878784 next=6752343219 tgt=6889655167 f=0.405 u=0 breach=3 end=
CBAP_MIG_REPLAN t=31145000 reason=active_set_shrank flow=0 batch=0 newest_batch=1 cur=2000001090 target=2000000000 ceiling=190000000000 old_side_present=1
CBAP_MIG_REPLAN t=31145000 reason=active_set_shrank flow=1 batch=1 newest_batch=1 cur=6752343219 target=7135714281 ceiling=200000000000 old_side_present=1
CBAP_MIG_REPLAN t=31145000 reason=active_set_shrank flow=2 batch=1 newest_batch=1 cur=6752343219 target=7135714281 ceiling=200000000000 old_side_present=1
CBAP_MIG_REPLAN t=31145000 reason=active_set_shrank flow=4 batch=1 newest_batch=1 cur=6752343219 target=7135714281 ceiling=200000000000 old_side_present=1
CBAP_MIG_REPLAN t=31145000 reason=active_set_shrank flow=9 batch=1 newest_batch=1 cur=6752343219 target=7135714281 ceiling=200000000000 old_side_present=1
CBAP_MIG_REPLAN t=31145000 reason=active_set_shrank flow=10 batch=1 newest_batch=1 cur=6752343219 target=7135714281 ceiling=200000000000 old_side_present=1
CBAP_MIG_REPLAN t=31145000 reason=active_set_shrank flow=13 batch=1 newest_batch=1 cur=6752343219 target=7135714281 ceiling=200000000000 old_side_present=1
CBAP_MIG_REPLAN t=31145000 reason=active_set_shrank flow=14 batch=1 newest_batch=1 cur=6752343219 target=7135714281 ceiling=200000000000 old_side_present=1
CBAP_MIG_REPLAN t=31145000 reason=active_set_shrank flow=16 batch=1 newest_batch=1 cur=6752343219 target=7135714281 ceiling=200000000000 old_side_present=1
CBAP_MIG_REPLAN t=31145000 reason=active_set_shrank flow=18 batch=1 newest_batch=1 cur=6752343219 target=7135714281 ceiling=200000000000 old_side_present=1
CBAP_MIG_REPLAN t=31145000 reason=active_set_shrank flow=19 batch=1 newest_batch=1 cur=6752343219 target=7135714281 ceiling=200000000000 old_side_present=1
CBAP_MIG_REPLAN t=31145000 reason=active_set_shrank flow=22 batch=1 newest_batch=1 cur=6752343219 target=7135714281 ceiling=200000000000 old_side_present=1
CBAP_MIG_REPLAN t=31145000 reason=active_set_shrank flow=23 batch=1 newest_batch=1 cur=6752343219 target=7135714281 ceiling=200000000000 old_side_present=1
CBAP_MIG_REPLAN t=31145000 reason=active_set_shrank flow=26 batch=1 newest_batch=1 cur=6752343219 target=7135714281 ceiling=200000000000 old_side_present=1
CBAP_MIG_REPLAN t=31145000 reason=active_set_shrank flow=27 batch=1 newest_batch=1 cur=6752343219 target=7135714281 ceiling=200000000000 old_side_present=1
CBAP_MIG_REPLAN t=31145000 reason=active_set_shrank flow=28 batch=1 newest_batch=1 cur=6752343219 target=7135714281 ceiling=200000000000 old_side_present=1
CBAP_MIG_REPLAN t=31145000 reason=active_set_shrank flow=33 batch=1 newest_batch=1 cur=6752343219 target=7135714281 ceiling=200000000000 old_side_present=1
CBAP_MIG_REPLAN t=31145000 reason=active_set_shrank flow=37 batch=1 newest_batch=1 cur=6752343219 target=7135714281 ceiling=200000000000 old_side_present=1
CBAP_MIG_REPLAN t=31145000 reason=active_set_shrank flow=39 batch=1 newest_batch=1 cur=6752343219 target=7135714281 ceiling=200000000000 old_side_present=1
CBAP_MIG_REPLAN t=31145000 reason=active_set_shrank flow=40 batch=1 newest_batch=1 cur=6752343219 target=7135714281 ceiling=200000000000 old_side_present=1
CBAP_MIG_REPLAN t=31145000 reason=active_set_shrank flow=43 batch=1 newest_batch=1 cur=6752343219 target=7135714281 ceiling=200000000000 old_side_present=1
CBAP_MIG_REPLAN t=31145000 reason=active_set_shrank flow=45 batch=1 newest_batch=1 cur=6752343219 target=7135714281 ceiling=200000000000 old_side_present=1
CBAP_MIG_REPLAN t=31145000 reason=active_set_shrank flow=47 batch=1 newest_batch=1 cur=6752343219 target=7135714281 ceiling=200000000000 old_side_present=1
CBAP_MIG_REPLAN t=31145000 reason=active_set_shrank flow=50 batch=1 newest_batch=1 cur=6752343219 target=7135714281 ceiling=200000000000 old_side_present=1
CBAP_MIG_REPLAN t=31145000 reason=active_set_shrank flow=55 batch=1 newest_batch=1 cur=6752343219 target=7135714281 ceiling=200000000000 old_side_present=1
CBAP_MIG_REPLAN t=31145000 reason=active_set_shrank flow=58 batch=1 newest_batch=1 cur=6752343219 target=7135714281 ceiling=200000000000 old_side_present=1
CBAP_MIG_REPLAN t=31145000 reason=active_set_shrank flow=61 batch=1 newest_batch=1 cur=6752343219 target=7135714281 ceiling=200000000000 old_side_present=1
CBAP_MIG_REPLAN t=31145000 reason=active_set_shrank flow=63 batch=1 newest_batch=1 cur=6752343219 target=7135714281 ceiling=200000000000 old_side_present=1
CBAP_MIG_REPLAN t=31145000 reason=active_set_shrank flow=64 batch=1 newest_batch=1 cur=6752343219 target=7135714281 ceiling=200000000000 old_side_present=1
CBAP_MIG t=31145000 epoch=6229 flow=0 side=old cur=2000001090 next=2000000763 tgt=2000000000 f=0.3 u=0 breach=0 end=converged
CBAP_MIG t=31145000 epoch=6229 flow=1 side=new cur=6752343219 next=6907608499 tgt=7135714281 f=0.405 u=0 breach=3 end=
CBAP_MIG t=31145000 epoch=6229 flow=2 side=new cur=6752343219 next=6907608499 tgt=7135714281 f=0.405 u=0 breach=3 end=
CBAP_MIG t=31145000 epoch=6229 flow=4 side=new cur=6752343219 next=6907608499 tgt=7135714281 f=0.405 u=0 breach=3 end=
CBAP_MIG t=31145000 epoch=6229 flow=9 side=new cur=6752343219 next=6907608499 tgt=7135714281 f=0.405 u=0 breach=3 end=
CBAP_MIG t=31145000 epoch=6229 flow=10 side=new cur=6752343219 next=6907608499 tgt=7135714281 f=0.405 u=0 breach=3 end=
CBAP_MIG t=31145000 epoch=6229 flow=13 side=new cur=6752343219 next=6907608499 tgt=7135714281 f=0.405 u=0 breach=3 end=
CBAP_MIG t=31145000 epoch=6229 flow=14 side=new cur=6752343219 next=6907608499 tgt=7135714281 f=0.405 u=0 breach=3 end=
CBAP_MIG t=31145000 epoch=6229 flow=16 side=new cur=6752343219 next=6907608499 tgt=7135714281 f=0.405 u=0 breach=3 end=
CBAP_MIG t=31145000 epoch=6229 flow=18 side=new cur=6752343219 next=6907608499 tgt=7135714281 f=0.405 u=0 breach=3 end=
CBAP_MIG t=31145000 epoch=6229 flow=19 side=new cur=6752343219 next=6907608499 tgt=7135714281 f=0.405 u=0 breach=3 end=
CBAP_MIG t=31145000 epoch=6229 flow=22 side=new cur=6752343219 next=6907608499 tgt=7135714281 f=0.405 u=0 breach=3 end=
CBAP_MIG t=31145000 epoch=6229 flow=23 side=new cur=6752343219 next=6907608499 tgt=7135714281 f=0.405 u=0 breach=3 end=
CBAP_MIG t=31145000 epoch=6229 flow=26 side=new cur=6752343219 next=6907608499 tgt=7135714281 f=0.405 u=0 breach=3 end=
CBAP_MIG t=31145000 epoch=6229 flow=27 side=new cur=6752343219 next=6907608499 tgt=7135714281 f=0.405 u=0 breach=3 end=
CBAP_MIG t=31145000 epoch=6229 flow=28 side=new cur=6752343219 next=6907608499 tgt=7135714281 f=0.405 u=0 breach=3 end=
CBAP_MIG t=31145000 epoch=6229 flow=33 side=new cur=6752343219 next=6907608499 tgt=7135714281 f=0.405 u=0 breach=3 end=
CBAP_MIG t=31145000 epoch=6229 flow=37 side=new cur=6752343219 next=6907608499 tgt=7135714281 f=0.405 u=0 breach=3 end=
CBAP_MIG t=31145000 epoch=6229 flow=39 side=new cur=6752343219 next=6907608499 tgt=7135714281 f=0.405 u=0 breach=3 end=
CBAP_MIG t=31145000 epoch=6229 flow=40 side=new cur=6752343219 next=6907608499 tgt=7135714281 f=0.405 u=0 breach=3 end=
CBAP_MIG t=31145000 epoch=6229 flow=43 side=new cur=6752343219 next=6907608499 tgt=7135714281 f=0.405 u=0 breach=3 end=
CBAP_MIG t=31145000 epoch=6229 flow=45 side=new cur=6752343219 next=6907608499 tgt=7135714281 f=0.405 u=0 breach=3 end=
CBAP_MIG t=31145000 epoch=6229 flow=47 side=new cur=6752343219 next=6907608499 tgt=7135714281 f=0.405 u=0 breach=3 end=
CBAP_MIG t=31145000 epoch=6229 flow=50 side=new cur=6752343219 next=6907608499 tgt=7135714281 f=0.405 u=0 breach=3 end=
CBAP_MIG t=31145000 epoch=6229 flow=55 side=new cur=6752343219 next=6907608499 tgt=7135714281 f=0.405 u=0 breach=3 end=
CBAP_MIG t=31145000 epoch=6229 flow=58 side=new cur=6752343219 next=6907608499 tgt=7135714281 f=0.405 u=0 breach=3 end=
CBAP_MIG t=31145000 epoch=6229 flow=61 side=new cur=6752343219 next=6907608499 tgt=7135714281 f=0.405 u=0 breach=3 end=
CBAP_MIG t=31145000 epoch=6229 flow=63 side=new cur=6752343219 next=6907608499 tgt=7135714281 f=0.405 u=0 breach=3 end=
CBAP_MIG t=31145000 epoch=6229 flow=64 side=new cur=6752343219 next=6907608499 tgt=7135714281 f=0.405 u=0 breach=3 end=
CBAP_MIG t=31150000 epoch=6230 flow=1 side=new cur=6907608499 next=6999991340 tgt=7135714281 f=0.405 u=0 breach=3 end=
CBAP_MIG t=31150000 epoch=6230 flow=2 side=new cur=6907608499 next=6999991340 tgt=7135714281 f=0.405 u=0 breach=3 end=
CBAP_MIG t=31150000 epoch=6230 flow=4 side=new cur=6907608499 next=6999991340 tgt=7135714281 f=0.405 u=0 breach=3 end=
CBAP_MIG t=31150000 epoch=6230 flow=9 side=new cur=6907608499 next=6999991340 tgt=7135714281 f=0.405 u=0 breach=3 end=
CBAP_MIG t=31150000 epoch=6230 flow=10 side=new cur=6907608499 next=6999991340 tgt=7135714281 f=0.405 u=0 breach=3 end=
CBAP_MIG t=31150000 epoch=6230 flow=13 side=new cur=6907608499 next=6999991340 tgt=7135714281 f=0.405 u=0 breach=3 end=
CBAP_MIG t=31150000 epoch=6230 flow=14 side=new cur=6907608499 next=6999991340 tgt=7135714281 f=0.405 u=0 breach=3 end=
CBAP_MIG t=31150000 epoch=6230 flow=16 side=new cur=6907608499 next=6999991340 tgt=7135714281 f=0.405 u=0 breach=3 end=
CBAP_MIG t=31150000 epoch=6230 flow=18 side=new cur=6907608499 next=6999991340 tgt=7135714281 f=0.405 u=0 breach=3 end=
CBAP_MIG t=31150000 epoch=6230 flow=19 side=new cur=6907608499 next=6999991340 tgt=7135714281 f=0.405 u=0 breach=3 end=
CBAP_MIG t=31150000 epoch=6230 flow=22 side=new cur=6907608499 next=6999991340 tgt=7135714281 f=0.405 u=0 breach=3 end=
CBAP_MIG t=31150000 epoch=6230 flow=23 side=new cur=6907608499 next=6999991340 tgt=7135714281 f=0.405 u=0 breach=3 end=
CBAP_MIG t=31150000 epoch=6230 flow=26 side=new cur=6907608499 next=6999991340 tgt=7135714281 f=0.405 u=0 breach=3 end=
CBAP_MIG t=31150000 epoch=6230 flow=27 side=new cur=6907608499 next=6999991340 tgt=7135714281 f=0.405 u=0 breach=3 end=
CBAP_MIG t=31150000 epoch=6230 flow=28 side=new cur=6907608499 next=6999991340 tgt=7135714281 f=0.405 u=0 breach=3 end=
CBAP_MIG t=31150000 epoch=6230 flow=33 side=new cur=6907608499 next=6999991340 tgt=7135714281 f=0.405 u=0 breach=3 end=
CBAP_MIG t=31150000 epoch=6230 flow=37 side=new cur=6907608499 next=6999991340 tgt=7135714281 f=0.405 u=0 breach=3 end=
CBAP_MIG t=31150000 epoch=6230 flow=39 side=new cur=6907608499 next=6999991340 tgt=7135714281 f=0.405 u=0 breach=3 end=
CBAP_MIG t=31150000 epoch=6230 flow=40 side=new cur=6907608499 next=6999991340 tgt=7135714281 f=0.405 u=0 breach=3 end=
CBAP_MIG t=31150000 epoch=6230 flow=43 side=new cur=6907608499 next=6999991340 tgt=7135714281 f=0.405 u=0 breach=3 end=
CBAP_MIG t=31150000 epoch=6230 flow=45 side=new cur=6907608499 next=6999991340 tgt=7135714281 f=0.405 u=0 breach=3 end=
CBAP_MIG t=31150000 epoch=6230 flow=47 side=new cur=6907608499 next=6999991340 tgt=7135714281 f=0.405 u=0 breach=3 end=
CBAP_MIG t=31150000 epoch=6230 flow=50 side=new cur=6907608499 next=6999991340 tgt=7135714281 f=0.405 u=0 breach=3 end=
CBAP_MIG t=31150000 epoch=6230 flow=55 side=new cur=6907608499 next=6999991340 tgt=7135714281 f=0.405 u=0 breach=3 end=
CBAP_MIG t=31150000 epoch=6230 flow=58 side=new cur=6907608499 next=6999991340 tgt=7135714281 f=0.405 u=0 breach=3 end=
CBAP_MIG t=31150000 epoch=6230 flow=61 side=new cur=6907608499 next=6999991340 tgt=7135714281 f=0.405 u=0 breach=3 end=
CBAP_MIG t=31150000 epoch=6230 flow=63 side=new cur=6907608499 next=6999991340 tgt=7135714281 f=0.405 u=0 breach=3 end=
CBAP_MIG t=31150000 epoch=6230 flow=64 side=new cur=6907608499 next=6999991340 tgt=7135714281 f=0.405 u=0 breach=3 end=
CBAP_MIG t=31155000 epoch=6231 flow=1 side=new cur=6999991340 next=7054959131 tgt=7135714281 f=0.405 u=0 breach=3 end=
CBAP_MIG t=31155000 epoch=6231 flow=2 side=new cur=6999991340 next=7054959131 tgt=7135714281 f=0.405 u=0 breach=3 end=
CBAP_MIG t=31155000 epoch=6231 flow=4 side=new cur=6999991340 next=7054959131 tgt=7135714281 f=0.405 u=0 breach=3 end=
CBAP_MIG t=31155000 epoch=6231 flow=9 side=new cur=6999991340 next=7054959131 tgt=7135714281 f=0.405 u=0 breach=3 end=
CBAP_MIG t=31155000 epoch=6231 flow=10 side=new cur=6999991340 next=7054959131 tgt=7135714281 f=0.405 u=0 breach=3 end=
CBAP_MIG t=31155000 epoch=6231 flow=13 side=new cur=6999991340 next=7054959131 tgt=7135714281 f=0.405 u=0 breach=3 end=
CBAP_MIG t=31155000 epoch=6231 flow=14 side=new cur=6999991340 next=7054959131 tgt=7135714281 f=0.405 u=0 breach=3 end=
CBAP_MIG t=31155000 epoch=6231 flow=16 side=new cur=6999991340 next=7054959131 tgt=7135714281 f=0.405 u=0 breach=3 end=
CBAP_MIG t=31155000 epoch=6231 flow=18 side=new cur=6999991340 next=7054959131 tgt=7135714281 f=0.405 u=0 breach=3 end=
CBAP_MIG t=31155000 epoch=6231 flow=19 side=new cur=6999991340 next=7054959131 tgt=7135714281 f=0.405 u=0 breach=3 end=
CBAP_MIG t=31155000 epoch=6231 flow=22 side=new cur=6999991340 next=7054959131 tgt=7135714281 f=0.405 u=0 breach=3 end=
CBAP_MIG t=31155000 epoch=6231 flow=23 side=new cur=6999991340 next=7054959131 tgt=7135714281 f=0.405 u=0 breach=3 end=
CBAP_MIG t=31155000 epoch=6231 flow=26 side=new cur=6999991340 next=7054959131 tgt=7135714281 f=0.405 u=0 breach=3 end=
CBAP_MIG t=31155000 epoch=6231 flow=27 side=new cur=6999991340 next=7054959131 tgt=7135714281 f=0.405 u=0 breach=3 end=
CBAP_MIG t=31155000 epoch=6231 flow=28 side=new cur=6999991340 next=7054959131 tgt=7135714281 f=0.405 u=0 breach=3 end=
CBAP_MIG t=31155000 epoch=6231 flow=33 side=new cur=6999991340 next=7054959131 tgt=7135714281 f=0.405 u=0 breach=3 end=
CBAP_MIG t=31155000 epoch=6231 flow=37 side=new cur=6999991340 next=7054959131 tgt=7135714281 f=0.405 u=0 breach=3 end=
CBAP_MIG t=31155000 epoch=6231 flow=39 side=new cur=6999991340 next=7054959131 tgt=7135714281 f=0.405 u=0 breach=3 end=
CBAP_MIG t=31155000 epoch=6231 flow=40 side=new cur=6999991340 next=7054959131 tgt=7135714281 f=0.405 u=0 breach=3 end=
CBAP_MIG t=31155000 epoch=6231 flow=43 side=new cur=6999991340 next=7054959131 tgt=7135714281 f=0.405 u=0 breach=3 end=
CBAP_MIG t=31155000 epoch=6231 flow=45 side=new cur=6999991340 next=7054959131 tgt=7135714281 f=0.405 u=0 breach=3 end=
CBAP_MIG t=31155000 epoch=6231 flow=47 side=new cur=6999991340 next=7054959131 tgt=7135714281 f=0.405 u=0 breach=3 end=
CBAP_MIG t=31155000 epoch=6231 flow=50 side=new cur=6999991340 next=7054959131 tgt=7135714281 f=0.405 u=0 breach=3 end=
CBAP_MIG t=31155000 epoch=6231 flow=55 side=new cur=6999991340 next=7054959131 tgt=7135714281 f=0.405 u=0 breach=3 end=
CBAP_MIG t=31155000 epoch=6231 flow=58 side=new cur=6999991340 next=7054959131 tgt=7135714281 f=0.405 u=0 breach=3 end=
CBAP_MIG t=31155000 epoch=6231 flow=61 side=new cur=6999991340 next=7054959131 tgt=7135714281 f=0.405 u=0 breach=3 end=
CBAP_MIG t=31155000 epoch=6231 flow=63 side=new cur=6999991340 next=7054959131 tgt=7135714281 f=0.405 u=0 breach=3 end=
CBAP_MIG t=31155000 epoch=6231 flow=64 side=new cur=6999991340 next=7054959131 tgt=7135714281 f=0.405 u=0 breach=3 end=
CBAP_MIG t=31160000 epoch=6232 flow=1 side=new cur=7054959131 next=7087664966 tgt=7135714281 f=0.405 u=0 breach=3 end=converged
CBAP_MIG t=31160000 epoch=6232 flow=2 side=new cur=7054959131 next=7087664966 tgt=7135714281 f=0.405 u=0 breach=3 end=converged
CBAP_MIG t=31160000 epoch=6232 flow=4 side=new cur=7054959131 next=7087664966 tgt=7135714281 f=0.405 u=0 breach=3 end=converged
CBAP_MIG t=31160000 epoch=6232 flow=9 side=new cur=7054959131 next=7087664966 tgt=7135714281 f=0.405 u=0 breach=3 end=converged
CBAP_MIG t=31160000 epoch=6232 flow=10 side=new cur=7054959131 next=7087664966 tgt=7135714281 f=0.405 u=0 breach=3 end=converged
CBAP_MIG t=31160000 epoch=6232 flow=13 side=new cur=7054959131 next=7087664966 tgt=7135714281 f=0.405 u=0 breach=3 end=converged
CBAP_MIG t=31160000 epoch=6232 flow=14 side=new cur=7054959131 next=7087664966 tgt=7135714281 f=0.405 u=0 breach=3 end=converged
CBAP_MIG t=31160000 epoch=6232 flow=16 side=new cur=7054959131 next=7087664966 tgt=7135714281 f=0.405 u=0 breach=3 end=converged
CBAP_MIG t=31160000 epoch=6232 flow=18 side=new cur=7054959131 next=7087664966 tgt=7135714281 f=0.405 u=0 breach=3 end=converged
CBAP_MIG t=31160000 epoch=6232 flow=19 side=new cur=7054959131 next=7087664966 tgt=7135714281 f=0.405 u=0 breach=3 end=converged
CBAP_MIG t=31160000 epoch=6232 flow=22 side=new cur=7054959131 next=7087664966 tgt=7135714281 f=0.405 u=0 breach=3 end=converged
CBAP_MIG t=31160000 epoch=6232 flow=23 side=new cur=7054959131 next=7087664966 tgt=7135714281 f=0.405 u=0 breach=3 end=converged
CBAP_MIG t=31160000 epoch=6232 flow=26 side=new cur=7054959131 next=7087664966 tgt=7135714281 f=0.405 u=0 breach=3 end=converged
CBAP_MIG t=31160000 epoch=6232 flow=27 side=new cur=7054959131 next=7087664966 tgt=7135714281 f=0.405 u=0 breach=3 end=converged
CBAP_MIG t=31160000 epoch=6232 flow=28 side=new cur=7054959131 next=7087664966 tgt=7135714281 f=0.405 u=0 breach=3 end=converged
CBAP_MIG t=31160000 epoch=6232 flow=33 side=new cur=7054959131 next=7087664966 tgt=7135714281 f=0.405 u=0 breach=3 end=converged
CBAP_MIG t=31160000 epoch=6232 flow=37 side=new cur=7054959131 next=7087664966 tgt=7135714281 f=0.405 u=0 breach=3 end=converged
CBAP_MIG t=31160000 epoch=6232 flow=39 side=new cur=7054959131 next=7087664966 tgt=7135714281 f=0.405 u=0 breach=3 end=converged
CBAP_MIG t=31160000 epoch=6232 flow=40 side=new cur=7054959131 next=7087664966 tgt=7135714281 f=0.405 u=0 breach=3 end=converged
CBAP_MIG t=31160000 epoch=6232 flow=43 side=new cur=7054959131 next=7087664966 tgt=7135714281 f=0.405 u=0 breach=3 end=converged
CBAP_MIG t=31160000 epoch=6232 flow=45 side=new cur=7054959131 next=7087664966 tgt=7135714281 f=0.405 u=0 breach=3 end=converged
CBAP_MIG t=31160000 epoch=6232 flow=47 side=new cur=7054959131 next=7087664966 tgt=7135714281 f=0.405 u=0 breach=3 end=converged
CBAP_MIG t=31160000 epoch=6232 flow=50 side=new cur=7054959131 next=7087664966 tgt=7135714281 f=0.405 u=0 breach=3 end=converged
CBAP_MIG t=31160000 epoch=6232 flow=55 side=new cur=7054959131 next=7087664966 tgt=7135714281 f=0.405 u=0 breach=3 end=converged
CBAP_MIG t=31160000 epoch=6232 flow=58 side=new cur=7054959131 next=7087664966 tgt=7135714281 f=0.405 u=0 breach=3 end=converged
CBAP_MIG t=31160000 epoch=6232 flow=61 side=new cur=7054959131 next=7087664966 tgt=7135714281 f=0.405 u=0 breach=3 end=converged
CBAP_MIG t=31160000 epoch=6232 flow=63 side=new cur=7054959131 next=7087664966 tgt=7135714281 f=0.405 u=0 breach=3 end=converged
CBAP_MIG t=31160000 epoch=6232 flow=64 side=new cur=7054959131 next=7087664966 tgt=7135714281 f=0.405 u=0 breach=3 end=converged
CBAP_MIG_REPLAN t=31190000 reason=active_set_shrank flow=0 batch=0 newest_batch=1 cur=2000000763 target=2000000000 ceiling=190000000000 old_side_present=1
CBAP_MIG_REPLAN t=31190000 reason=active_set_shrank flow=1 batch=1 newest_batch=1 cur=7087664966 target=7399999997 ceiling=200000000000 old_side_present=1
CBAP_MIG_REPLAN t=31190000 reason=active_set_shrank flow=2 batch=1 newest_batch=1 cur=7087664966 target=7399999997 ceiling=200000000000 old_side_present=1
CBAP_MIG_REPLAN t=31190000 reason=active_set_shrank flow=4 batch=1 newest_batch=1 cur=7087664966 target=7399999997 ceiling=200000000000 old_side_present=1
CBAP_MIG_REPLAN t=31190000 reason=active_set_shrank flow=9 batch=1 newest_batch=1 cur=7087664966 target=7399999997 ceiling=200000000000 old_side_present=1
CBAP_MIG_REPLAN t=31190000 reason=active_set_shrank flow=10 batch=1 newest_batch=1 cur=7087664966 target=7399999997 ceiling=200000000000 old_side_present=1
CBAP_MIG_REPLAN t=31190000 reason=active_set_shrank flow=13 batch=1 newest_batch=1 cur=7087664966 target=7399999997 ceiling=200000000000 old_side_present=1
CBAP_MIG_REPLAN t=31190000 reason=active_set_shrank flow=14 batch=1 newest_batch=1 cur=7087664966 target=7399999997 ceiling=200000000000 old_side_present=1
CBAP_MIG_REPLAN t=31190000 reason=active_set_shrank flow=16 batch=1 newest_batch=1 cur=7087664966 target=7399999997 ceiling=200000000000 old_side_present=1
CBAP_MIG_REPLAN t=31190000 reason=active_set_shrank flow=18 batch=1 newest_batch=1 cur=7087664966 target=7399999997 ceiling=200000000000 old_side_present=1
CBAP_MIG_REPLAN t=31190000 reason=active_set_shrank flow=19 batch=1 newest_batch=1 cur=7087664966 target=7399999997 ceiling=200000000000 old_side_present=1
CBAP_MIG_REPLAN t=31190000 reason=active_set_shrank flow=22 batch=1 newest_batch=1 cur=7087664966 target=7399999997 ceiling=200000000000 old_side_present=1
CBAP_MIG_REPLAN t=31190000 reason=active_set_shrank flow=23 batch=1 newest_batch=1 cur=7087664966 target=7399999997 ceiling=200000000000 old_side_present=1
CBAP_MIG_REPLAN t=31190000 reason=active_set_shrank flow=26 batch=1 newest_batch=1 cur=7087664966 target=7399999997 ceiling=200000000000 old_side_present=1
CBAP_MIG_REPLAN t=31190000 reason=active_set_shrank flow=27 batch=1 newest_batch=1 cur=7087664966 target=7399999997 ceiling=200000000000 old_side_present=1
CBAP_MIG_REPLAN t=31190000 reason=active_set_shrank flow=28 batch=1 newest_batch=1 cur=7087664966 target=7399999997 ceiling=200000000000 old_side_present=1
CBAP_MIG_REPLAN t=31190000 reason=active_set_shrank flow=33 batch=1 newest_batch=1 cur=7087664966 target=7399999997 ceiling=200000000000 old_side_present=1
CBAP_MIG_REPLAN t=31190000 reason=active_set_shrank flow=39 batch=1 newest_batch=1 cur=7087664966 target=7399999997 ceiling=200000000000 old_side_present=1
CBAP_MIG_REPLAN t=31190000 reason=active_set_shrank flow=40 batch=1 newest_batch=1 cur=7087664966 target=7399999997 ceiling=200000000000 old_side_present=1
CBAP_MIG_REPLAN t=31190000 reason=active_set_shrank flow=43 batch=1 newest_batch=1 cur=7087664966 target=7399999997 ceiling=200000000000 old_side_present=1
CBAP_MIG_REPLAN t=31190000 reason=active_set_shrank flow=45 batch=1 newest_batch=1 cur=7087664966 target=7399999997 ceiling=200000000000 old_side_present=1
CBAP_MIG_REPLAN t=31190000 reason=active_set_shrank flow=47 batch=1 newest_batch=1 cur=7087664966 target=7399999997 ceiling=200000000000 old_side_present=1
CBAP_MIG_REPLAN t=31190000 reason=active_set_shrank flow=50 batch=1 newest_batch=1 cur=7087664966 target=7399999997 ceiling=200000000000 old_side_present=1
CBAP_MIG_REPLAN t=31190000 reason=active_set_shrank flow=55 batch=1 newest_batch=1 cur=7087664966 target=7399999997 ceiling=200000000000 old_side_present=1
CBAP_MIG_REPLAN t=31190000 reason=active_set_shrank flow=58 batch=1 newest_batch=1 cur=7087664966 target=7399999997 ceiling=200000000000 old_side_present=1
CBAP_MIG_REPLAN t=31190000 reason=active_set_shrank flow=61 batch=1 newest_batch=1 cur=7087664966 target=7399999997 ceiling=200000000000 old_side_present=1
CBAP_MIG_REPLAN t=31190000 reason=active_set_shrank flow=63 batch=1 newest_batch=1 cur=7087664966 target=7399999997 ceiling=200000000000 old_side_present=1
CBAP_MIG_REPLAN t=31190000 reason=active_set_shrank flow=64 batch=1 newest_batch=1 cur=7087664966 target=7399999997 ceiling=200000000000 old_side_present=1
CBAP_MIG t=31190000 epoch=6238 flow=0 side=old cur=2000000763 next=2000000534 tgt=2000000000 f=0.3 u=0 breach=0 end=converged
CBAP_MIG t=31190000 epoch=6238 flow=1 side=new cur=7087664966 next=7214160653 tgt=7399999997 f=0.405 u=0 breach=3 end=
CBAP_MIG t=31190000 epoch=6238 flow=2 side=new cur=7087664966 next=7214160653 tgt=7399999997 f=0.405 u=0 breach=3 end=
CBAP_MIG t=31190000 epoch=6238 flow=4 side=new cur=7087664966 next=7214160653 tgt=7399999997 f=0.405 u=0 breach=3 end=
CBAP_MIG t=31190000 epoch=6238 flow=9 side=new cur=7087664966 next=7214160653 tgt=7399999997 f=0.405 u=0 breach=3 end=
CBAP_MIG t=31190000 epoch=6238 flow=10 side=new cur=7087664966 next=7214160653 tgt=7399999997 f=0.405 u=0 breach=3 end=
CBAP_MIG t=31190000 epoch=6238 flow=13 side=new cur=7087664966 next=7214160653 tgt=7399999997 f=0.405 u=0 breach=3 end=
CBAP_MIG t=31190000 epoch=6238 flow=14 side=new cur=7087664966 next=7214160653 tgt=7399999997 f=0.405 u=0 breach=3 end=
CBAP_MIG t=31190000 epoch=6238 flow=16 side=new cur=7087664966 next=7214160653 tgt=7399999997 f=0.405 u=0 breach=3 end=
CBAP_MIG t=31190000 epoch=6238 flow=18 side=new cur=7087664966 next=7214160653 tgt=7399999997 f=0.405 u=0 breach=3 end=
CBAP_MIG t=31190000 epoch=6238 flow=19 side=new cur=7087664966 next=7214160653 tgt=7399999997 f=0.405 u=0 breach=3 end=
CBAP_MIG t=31190000 epoch=6238 flow=22 side=new cur=7087664966 next=7214160653 tgt=7399999997 f=0.405 u=0 breach=3 end=
CBAP_MIG t=31190000 epoch=6238 flow=23 side=new cur=7087664966 next=7214160653 tgt=7399999997 f=0.405 u=0 breach=3 end=
CBAP_MIG t=31190000 epoch=6238 flow=26 side=new cur=7087664966 next=7214160653 tgt=7399999997 f=0.405 u=0 breach=3 end=
CBAP_MIG t=31190000 epoch=6238 flow=27 side=new cur=7087664966 next=7214160653 tgt=7399999997 f=0.405 u=0 breach=3 end=
CBAP_MIG t=31190000 epoch=6238 flow=28 side=new cur=7087664966 next=7214160653 tgt=7399999997 f=0.405 u=0 breach=3 end=
CBAP_MIG t=31190000 epoch=6238 flow=33 side=new cur=7087664966 next=7214160653 tgt=7399999997 f=0.405 u=0 breach=3 end=
CBAP_MIG t=31190000 epoch=6238 flow=39 side=new cur=7087664966 next=7214160653 tgt=7399999997 f=0.405 u=0 breach=3 end=
CBAP_MIG t=31190000 epoch=6238 flow=40 side=new cur=7087664966 next=7214160653 tgt=7399999997 f=0.405 u=0 breach=3 end=
CBAP_MIG t=31190000 epoch=6238 flow=43 side=new cur=7087664966 next=7214160653 tgt=7399999997 f=0.405 u=0 breach=3 end=
CBAP_MIG t=31190000 epoch=6238 flow=45 side=new cur=7087664966 next=7214160653 tgt=7399999997 f=0.405 u=0 breach=3 end=
CBAP_MIG t=31190000 epoch=6238 flow=47 side=new cur=7087664966 next=7214160653 tgt=7399999997 f=0.405 u=0 breach=3 end=
CBAP_MIG t=31190000 epoch=6238 flow=50 side=new cur=7087664966 next=7214160653 tgt=7399999997 f=0.405 u=0 breach=3 end=
CBAP_MIG t=31190000 epoch=6238 flow=55 side=new cur=7087664966 next=7214160653 tgt=7399999997 f=0.405 u=0 breach=3 end=
CBAP_MIG t=31190000 epoch=6238 flow=58 side=new cur=7087664966 next=7214160653 tgt=7399999997 f=0.405 u=0 breach=3 end=
CBAP_MIG t=31190000 epoch=6238 flow=61 side=new cur=7087664966 next=7214160653 tgt=7399999997 f=0.405 u=0 breach=3 end=
CBAP_MIG t=31190000 epoch=6238 flow=63 side=new cur=7087664966 next=7214160653 tgt=7399999997 f=0.405 u=0 breach=3 end=
CBAP_MIG t=31190000 epoch=6238 flow=64 side=new cur=7087664966 next=7214160653 tgt=7399999997 f=0.405 u=0 breach=3 end=
CBAP_MIG t=31195000 epoch=6239 flow=1 side=new cur=7214160653 next=7289425587 tgt=7399999997 f=0.405 u=0 breach=3 end=
CBAP_MIG t=31195000 epoch=6239 flow=2 side=new cur=7214160653 next=7289425587 tgt=7399999997 f=0.405 u=0 breach=3 end=
CBAP_MIG t=31195000 epoch=6239 flow=4 side=new cur=7214160653 next=7289425587 tgt=7399999997 f=0.405 u=0 breach=3 end=
CBAP_MIG t=31195000 epoch=6239 flow=9 side=new cur=7214160653 next=7289425587 tgt=7399999997 f=0.405 u=0 breach=3 end=
CBAP_MIG t=31195000 epoch=6239 flow=10 side=new cur=7214160653 next=7289425587 tgt=7399999997 f=0.405 u=0 breach=3 end=
CBAP_MIG t=31195000 epoch=6239 flow=13 side=new cur=7214160653 next=7289425587 tgt=7399999997 f=0.405 u=0 breach=3 end=
CBAP_MIG t=31195000 epoch=6239 flow=14 side=new cur=7214160653 next=7289425587 tgt=7399999997 f=0.405 u=0 breach=3 end=
CBAP_MIG t=31195000 epoch=6239 flow=16 side=new cur=7214160653 next=7289425587 tgt=7399999997 f=0.405 u=0 breach=3 end=
CBAP_MIG t=31195000 epoch=6239 flow=18 side=new cur=7214160653 next=7289425587 tgt=7399999997 f=0.405 u=0 breach=3 end=
CBAP_MIG t=31195000 epoch=6239 flow=19 side=new cur=7214160653 next=7289425587 tgt=7399999997 f=0.405 u=0 breach=3 end=
CBAP_MIG t=31195000 epoch=6239 flow=22 side=new cur=7214160653 next=7289425587 tgt=7399999997 f=0.405 u=0 breach=3 end=
CBAP_MIG t=31195000 epoch=6239 flow=23 side=new cur=7214160653 next=7289425587 tgt=7399999997 f=0.405 u=0 breach=3 end=
CBAP_MIG t=31195000 epoch=6239 flow=26 side=new cur=7214160653 next=7289425587 tgt=7399999997 f=0.405 u=0 breach=3 end=
CBAP_MIG t=31195000 epoch=6239 flow=27 side=new cur=7214160653 next=7289425587 tgt=7399999997 f=0.405 u=0 breach=3 end=
CBAP_MIG t=31195000 epoch=6239 flow=28 side=new cur=7214160653 next=7289425587 tgt=7399999997 f=0.405 u=0 breach=3 end=
CBAP_MIG t=31195000 epoch=6239 flow=33 side=new cur=7214160653 next=7289425587 tgt=7399999997 f=0.405 u=0 breach=3 end=
CBAP_MIG t=31195000 epoch=6239 flow=39 side=new cur=7214160653 next=7289425587 tgt=7399999997 f=0.405 u=0 breach=3 end=
CBAP_MIG t=31195000 epoch=6239 flow=40 side=new cur=7214160653 next=7289425587 tgt=7399999997 f=0.405 u=0 breach=3 end=
CBAP_MIG t=31195000 epoch=6239 flow=43 side=new cur=7214160653 next=7289425587 tgt=7399999997 f=0.405 u=0 breach=3 end=
CBAP_MIG t=31195000 epoch=6239 flow=45 side=new cur=7214160653 next=7289425587 tgt=7399999997 f=0.405 u=0 breach=3 end=
CBAP_MIG t=31195000 epoch=6239 flow=47 side=new cur=7214160653 next=7289425587 tgt=7399999997 f=0.405 u=0 breach=3 end=
CBAP_MIG t=31195000 epoch=6239 flow=50 side=new cur=7214160653 next=7289425587 tgt=7399999997 f=0.405 u=0 breach=3 end=
CBAP_MIG t=31195000 epoch=6239 flow=55 side=new cur=7214160653 next=7289425587 tgt=7399999997 f=0.405 u=0 breach=3 end=
CBAP_MIG t=31195000 epoch=6239 flow=58 side=new cur=7214160653 next=7289425587 tgt=7399999997 f=0.405 u=0 breach=3 end=
CBAP_MIG t=31195000 epoch=6239 flow=61 side=new cur=7214160653 next=7289425587 tgt=7399999997 f=0.405 u=0 breach=3 end=
CBAP_MIG t=31195000 epoch=6239 flow=63 side=new cur=7214160653 next=7289425587 tgt=7399999997 f=0.405 u=0 breach=3 end=
CBAP_MIG t=31195000 epoch=6239 flow=64 side=new cur=7214160653 next=7289425587 tgt=7399999997 f=0.405 u=0 breach=3 end=
CBAP_MIG t=31200000 epoch=6240 flow=1 side=new cur=7289425587 next=7334208223 tgt=7399999997 f=0.405 u=0 breach=3 end=converged
CBAP_MIG t=31200000 epoch=6240 flow=2 side=new cur=7289425587 next=7334208223 tgt=7399999997 f=0.405 u=0 breach=3 end=converged
CBAP_MIG t=31200000 epoch=6240 flow=4 side=new cur=7289425587 next=7334208223 tgt=7399999997 f=0.405 u=0 breach=3 end=converged
CBAP_MIG t=31200000 epoch=6240 flow=9 side=new cur=7289425587 next=7334208223 tgt=7399999997 f=0.405 u=0 breach=3 end=converged
CBAP_MIG t=31200000 epoch=6240 flow=10 side=new cur=7289425587 next=7334208223 tgt=7399999997 f=0.405 u=0 breach=3 end=converged
CBAP_MIG t=31200000 epoch=6240 flow=13 side=new cur=7289425587 next=7334208223 tgt=7399999997 f=0.405 u=0 breach=3 end=converged
CBAP_MIG t=31200000 epoch=6240 flow=14 side=new cur=7289425587 next=7334208223 tgt=7399999997 f=0.405 u=0 breach=3 end=converged
CBAP_MIG t=31200000 epoch=6240 flow=16 side=new cur=7289425587 next=7334208223 tgt=7399999997 f=0.405 u=0 breach=3 end=converged
CBAP_MIG t=31200000 epoch=6240 flow=18 side=new cur=7289425587 next=7334208223 tgt=7399999997 f=0.405 u=0 breach=3 end=converged
CBAP_MIG t=31200000 epoch=6240 flow=19 side=new cur=7289425587 next=7334208223 tgt=7399999997 f=0.405 u=0 breach=3 end=converged
CBAP_MIG t=31200000 epoch=6240 flow=22 side=new cur=7289425587 next=7334208223 tgt=7399999997 f=0.405 u=0 breach=3 end=converged
CBAP_MIG t=31200000 epoch=6240 flow=23 side=new cur=7289425587 next=7334208223 tgt=7399999997 f=0.405 u=0 breach=3 end=converged
CBAP_MIG t=31200000 epoch=6240 flow=26 side=new cur=7289425587 next=7334208223 tgt=7399999997 f=0.405 u=0 breach=3 end=converged
CBAP_MIG t=31200000 epoch=6240 flow=27 side=new cur=7289425587 next=7334208223 tgt=7399999997 f=0.405 u=0 breach=3 end=converged
CBAP_MIG t=31200000 epoch=6240 flow=28 side=new cur=7289425587 next=7334208223 tgt=7399999997 f=0.405 u=0 breach=3 end=converged
CBAP_MIG t=31200000 epoch=6240 flow=33 side=new cur=7289425587 next=7334208223 tgt=7399999997 f=0.405 u=0 breach=3 end=converged
CBAP_MIG t=31200000 epoch=6240 flow=39 side=new cur=7289425587 next=7334208223 tgt=7399999997 f=0.405 u=0 breach=3 end=converged
CBAP_MIG t=31200000 epoch=6240 flow=40 side=new cur=7289425587 next=7334208223 tgt=7399999997 f=0.405 u=0 breach=3 end=converged
CBAP_MIG t=31200000 epoch=6240 flow=43 side=new cur=7289425587 next=7334208223 tgt=7399999997 f=0.405 u=0 breach=3 end=converged
CBAP_MIG t=31200000 epoch=6240 flow=45 side=new cur=7289425587 next=7334208223 tgt=7399999997 f=0.405 u=0 breach=3 end=converged
CBAP_MIG t=31200000 epoch=6240 flow=47 side=new cur=7289425587 next=7334208223 tgt=7399999997 f=0.405 u=0 breach=3 end=converged
CBAP_MIG t=31200000 epoch=6240 flow=50 side=new cur=7289425587 next=7334208223 tgt=7399999997 f=0.405 u=0 breach=3 end=converged
CBAP_MIG t=31200000 epoch=6240 flow=55 side=new cur=7289425587 next=7334208223 tgt=7399999997 f=0.405 u=0 breach=3 end=converged
CBAP_MIG t=31200000 epoch=6240 flow=58 side=new cur=7289425587 next=7334208223 tgt=7399999997 f=0.405 u=0 breach=3 end=converged
CBAP_MIG t=31200000 epoch=6240 flow=61 side=new cur=7289425587 next=7334208223 tgt=7399999997 f=0.405 u=0 breach=3 end=converged
CBAP_MIG t=31200000 epoch=6240 flow=63 side=new cur=7289425587 next=7334208223 tgt=7399999997 f=0.405 u=0 breach=3 end=converged
CBAP_MIG t=31200000 epoch=6240 flow=64 side=new cur=7289425587 next=7334208223 tgt=7399999997 f=0.405 u=0 breach=3 end=converged
CBAP_MIG_REPLAN t=31205000 reason=active_set_shrank flow=0 batch=0 newest_batch=1 cur=2000000534 target=2000000000 ceiling=190000000000 old_side_present=1
CBAP_MIG_REPLAN t=31205000 reason=active_set_shrank flow=1 batch=1 newest_batch=1 cur=7334208223 target=7684615382 ceiling=200000000000 old_side_present=1
CBAP_MIG_REPLAN t=31205000 reason=active_set_shrank flow=2 batch=1 newest_batch=1 cur=7334208223 target=7684615382 ceiling=200000000000 old_side_present=1
CBAP_MIG_REPLAN t=31205000 reason=active_set_shrank flow=4 batch=1 newest_batch=1 cur=7334208223 target=7684615382 ceiling=200000000000 old_side_present=1
CBAP_MIG_REPLAN t=31205000 reason=active_set_shrank flow=9 batch=1 newest_batch=1 cur=7334208223 target=7684615382 ceiling=200000000000 old_side_present=1
CBAP_MIG_REPLAN t=31205000 reason=active_set_shrank flow=10 batch=1 newest_batch=1 cur=7334208223 target=7684615382 ceiling=200000000000 old_side_present=1
CBAP_MIG_REPLAN t=31205000 reason=active_set_shrank flow=13 batch=1 newest_batch=1 cur=7334208223 target=7684615382 ceiling=200000000000 old_side_present=1
CBAP_MIG_REPLAN t=31205000 reason=active_set_shrank flow=14 batch=1 newest_batch=1 cur=7334208223 target=7684615382 ceiling=200000000000 old_side_present=1
CBAP_MIG_REPLAN t=31205000 reason=active_set_shrank flow=16 batch=1 newest_batch=1 cur=7334208223 target=7684615382 ceiling=200000000000 old_side_present=1
CBAP_MIG_REPLAN t=31205000 reason=active_set_shrank flow=18 batch=1 newest_batch=1 cur=7334208223 target=7684615382 ceiling=200000000000 old_side_present=1
CBAP_MIG_REPLAN t=31205000 reason=active_set_shrank flow=19 batch=1 newest_batch=1 cur=7334208223 target=7684615382 ceiling=200000000000 old_side_present=1
CBAP_MIG_REPLAN t=31205000 reason=active_set_shrank flow=22 batch=1 newest_batch=1 cur=7334208223 target=7684615382 ceiling=200000000000 old_side_present=1
CBAP_MIG_REPLAN t=31205000 reason=active_set_shrank flow=23 batch=1 newest_batch=1 cur=7334208223 target=7684615382 ceiling=200000000000 old_side_present=1
CBAP_MIG_REPLAN t=31205000 reason=active_set_shrank flow=26 batch=1 newest_batch=1 cur=7334208223 target=7684615382 ceiling=200000000000 old_side_present=1
CBAP_MIG_REPLAN t=31205000 reason=active_set_shrank flow=28 batch=1 newest_batch=1 cur=7334208223 target=7684615382 ceiling=200000000000 old_side_present=1
CBAP_MIG_REPLAN t=31205000 reason=active_set_shrank flow=33 batch=1 newest_batch=1 cur=7334208223 target=7684615382 ceiling=200000000000 old_side_present=1
CBAP_MIG_REPLAN t=31205000 reason=active_set_shrank flow=39 batch=1 newest_batch=1 cur=7334208223 target=7684615382 ceiling=200000000000 old_side_present=1
CBAP_MIG_REPLAN t=31205000 reason=active_set_shrank flow=40 batch=1 newest_batch=1 cur=7334208223 target=7684615382 ceiling=200000000000 old_side_present=1
CBAP_MIG_REPLAN t=31205000 reason=active_set_shrank flow=43 batch=1 newest_batch=1 cur=7334208223 target=7684615382 ceiling=200000000000 old_side_present=1
CBAP_MIG_REPLAN t=31205000 reason=active_set_shrank flow=45 batch=1 newest_batch=1 cur=7334208223 target=7684615382 ceiling=200000000000 old_side_present=1
CBAP_MIG_REPLAN t=31205000 reason=active_set_shrank flow=47 batch=1 newest_batch=1 cur=7334208223 target=7684615382 ceiling=200000000000 old_side_present=1
CBAP_MIG_REPLAN t=31205000 reason=active_set_shrank flow=50 batch=1 newest_batch=1 cur=7334208223 target=7684615382 ceiling=200000000000 old_side_present=1
CBAP_MIG_REPLAN t=31205000 reason=active_set_shrank flow=55 batch=1 newest_batch=1 cur=7334208223 target=7684615382 ceiling=200000000000 old_side_present=1
CBAP_MIG_REPLAN t=31205000 reason=active_set_shrank flow=58 batch=1 newest_batch=1 cur=7334208223 target=7684615382 ceiling=200000000000 old_side_present=1
CBAP_MIG_REPLAN t=31205000 reason=active_set_shrank flow=61 batch=1 newest_batch=1 cur=7334208223 target=7684615382 ceiling=200000000000 old_side_present=1
CBAP_MIG_REPLAN t=31205000 reason=active_set_shrank flow=63 batch=1 newest_batch=1 cur=7334208223 target=7684615382 ceiling=200000000000 old_side_present=1
CBAP_MIG_REPLAN t=31205000 reason=active_set_shrank flow=64 batch=1 newest_batch=1 cur=7334208223 target=7684615382 ceiling=200000000000 old_side_present=1
CBAP_MIG t=31205000 epoch=6241 flow=0 side=old cur=2000000534 next=2000000373 tgt=2000000000 f=0.3 u=0 breach=0 end=converged
CBAP_MIG t=31205000 epoch=6241 flow=1 side=new cur=7334208223 next=7476123122 tgt=7684615382 f=0.405 u=0 breach=3 end=
CBAP_MIG t=31205000 epoch=6241 flow=2 side=new cur=7334208223 next=7476123122 tgt=7684615382 f=0.405 u=0 breach=3 end=
CBAP_MIG t=31205000 epoch=6241 flow=4 side=new cur=7334208223 next=7476123122 tgt=7684615382 f=0.405 u=0 breach=3 end=
CBAP_MIG t=31205000 epoch=6241 flow=9 side=new cur=7334208223 next=7476123122 tgt=7684615382 f=0.405 u=0 breach=3 end=
CBAP_MIG t=31205000 epoch=6241 flow=10 side=new cur=7334208223 next=7476123122 tgt=7684615382 f=0.405 u=0 breach=3 end=
CBAP_MIG t=31205000 epoch=6241 flow=13 side=new cur=7334208223 next=7476123122 tgt=7684615382 f=0.405 u=0 breach=3 end=
CBAP_MIG t=31205000 epoch=6241 flow=14 side=new cur=7334208223 next=7476123122 tgt=7684615382 f=0.405 u=0 breach=3 end=
CBAP_MIG t=31205000 epoch=6241 flow=16 side=new cur=7334208223 next=7476123122 tgt=7684615382 f=0.405 u=0 breach=3 end=
CBAP_MIG t=31205000 epoch=6241 flow=18 side=new cur=7334208223 next=7476123122 tgt=7684615382 f=0.405 u=0 breach=3 end=
CBAP_MIG t=31205000 epoch=6241 flow=19 side=new cur=7334208223 next=7476123122 tgt=7684615382 f=0.405 u=0 breach=3 end=
CBAP_MIG t=31205000 epoch=6241 flow=22 side=new cur=7334208223 next=7476123122 tgt=7684615382 f=0.405 u=0 breach=3 end=
CBAP_MIG t=31205000 epoch=6241 flow=23 side=new cur=7334208223 next=7476123122 tgt=7684615382 f=0.405 u=0 breach=3 end=
CBAP_MIG t=31205000 epoch=6241 flow=26 side=new cur=7334208223 next=7476123122 tgt=7684615382 f=0.405 u=0 breach=3 end=
CBAP_MIG t=31205000 epoch=6241 flow=28 side=new cur=7334208223 next=7476123122 tgt=7684615382 f=0.405 u=0 breach=3 end=
CBAP_MIG t=31205000 epoch=6241 flow=33 side=new cur=7334208223 next=7476123122 tgt=7684615382 f=0.405 u=0 breach=3 end=
CBAP_MIG t=31205000 epoch=6241 flow=39 side=new cur=7334208223 next=7476123122 tgt=7684615382 f=0.405 u=0 breach=3 end=
CBAP_MIG t=31205000 epoch=6241 flow=40 side=new cur=7334208223 next=7476123122 tgt=7684615382 f=0.405 u=0 breach=3 end=
CBAP_MIG t=31205000 epoch=6241 flow=43 side=new cur=7334208223 next=7476123122 tgt=7684615382 f=0.405 u=0 breach=3 end=
CBAP_MIG t=31205000 epoch=6241 flow=45 side=new cur=7334208223 next=7476123122 tgt=7684615382 f=0.405 u=0 breach=3 end=
CBAP_MIG t=31205000 epoch=6241 flow=47 side=new cur=7334208223 next=7476123122 tgt=7684615382 f=0.405 u=0 breach=3 end=
CBAP_MIG t=31205000 epoch=6241 flow=50 side=new cur=7334208223 next=7476123122 tgt=7684615382 f=0.405 u=0 breach=3 end=
CBAP_MIG t=31205000 epoch=6241 flow=55 side=new cur=7334208223 next=7476123122 tgt=7684615382 f=0.405 u=0 breach=3 end=
CBAP_MIG t=31205000 epoch=6241 flow=58 side=new cur=7334208223 next=7476123122 tgt=7684615382 f=0.405 u=0 breach=3 end=
CBAP_MIG t=31205000 epoch=6241 flow=61 side=new cur=7334208223 next=7476123122 tgt=7684615382 f=0.405 u=0 breach=3 end=
CBAP_MIG t=31205000 epoch=6241 flow=63 side=new cur=7334208223 next=7476123122 tgt=7684615382 f=0.405 u=0 breach=3 end=
CBAP_MIG t=31205000 epoch=6241 flow=64 side=new cur=7334208223 next=7476123122 tgt=7684615382 f=0.405 u=0 breach=3 end=
CBAP_MIG_REPLAN t=31210000 reason=active_set_shrank flow=0 batch=0 newest_batch=1 cur=2000000373 target=2000000000 ceiling=190000000000 old_side_present=1
CBAP_MIG_REPLAN t=31210000 reason=active_set_shrank flow=1 batch=1 newest_batch=1 cur=7476123122 target=7991999998 ceiling=200000000000 old_side_present=1
CBAP_MIG_REPLAN t=31210000 reason=active_set_shrank flow=2 batch=1 newest_batch=1 cur=7476123122 target=7991999998 ceiling=200000000000 old_side_present=1
CBAP_MIG_REPLAN t=31210000 reason=active_set_shrank flow=4 batch=1 newest_batch=1 cur=7476123122 target=7991999998 ceiling=200000000000 old_side_present=1
CBAP_MIG_REPLAN t=31210000 reason=active_set_shrank flow=9 batch=1 newest_batch=1 cur=7476123122 target=7991999998 ceiling=200000000000 old_side_present=1
CBAP_MIG_REPLAN t=31210000 reason=active_set_shrank flow=10 batch=1 newest_batch=1 cur=7476123122 target=7991999998 ceiling=200000000000 old_side_present=1
CBAP_MIG_REPLAN t=31210000 reason=active_set_shrank flow=13 batch=1 newest_batch=1 cur=7476123122 target=7991999998 ceiling=200000000000 old_side_present=1
CBAP_MIG_REPLAN t=31210000 reason=active_set_shrank flow=14 batch=1 newest_batch=1 cur=7476123122 target=7991999998 ceiling=200000000000 old_side_present=1
CBAP_MIG_REPLAN t=31210000 reason=active_set_shrank flow=16 batch=1 newest_batch=1 cur=7476123122 target=7991999998 ceiling=200000000000 old_side_present=1
CBAP_MIG_REPLAN t=31210000 reason=active_set_shrank flow=19 batch=1 newest_batch=1 cur=7476123122 target=7991999998 ceiling=200000000000 old_side_present=1
CBAP_MIG_REPLAN t=31210000 reason=active_set_shrank flow=22 batch=1 newest_batch=1 cur=7476123122 target=7991999998 ceiling=200000000000 old_side_present=1
CBAP_MIG_REPLAN t=31210000 reason=active_set_shrank flow=23 batch=1 newest_batch=1 cur=7476123122 target=7991999998 ceiling=200000000000 old_side_present=1
CBAP_MIG_REPLAN t=31210000 reason=active_set_shrank flow=26 batch=1 newest_batch=1 cur=7476123122 target=7991999998 ceiling=200000000000 old_side_present=1
CBAP_MIG_REPLAN t=31210000 reason=active_set_shrank flow=28 batch=1 newest_batch=1 cur=7476123122 target=7991999998 ceiling=200000000000 old_side_present=1
CBAP_MIG_REPLAN t=31210000 reason=active_set_shrank flow=33 batch=1 newest_batch=1 cur=7476123122 target=7991999998 ceiling=200000000000 old_side_present=1
CBAP_MIG_REPLAN t=31210000 reason=active_set_shrank flow=39 batch=1 newest_batch=1 cur=7476123122 target=7991999998 ceiling=200000000000 old_side_present=1
CBAP_MIG_REPLAN t=31210000 reason=active_set_shrank flow=40 batch=1 newest_batch=1 cur=7476123122 target=7991999998 ceiling=200000000000 old_side_present=1
CBAP_MIG_REPLAN t=31210000 reason=active_set_shrank flow=43 batch=1 newest_batch=1 cur=7476123122 target=7991999998 ceiling=200000000000 old_side_present=1
CBAP_MIG_REPLAN t=31210000 reason=active_set_shrank flow=45 batch=1 newest_batch=1 cur=7476123122 target=7991999998 ceiling=200000000000 old_side_present=1
CBAP_MIG_REPLAN t=31210000 reason=active_set_shrank flow=47 batch=1 newest_batch=1 cur=7476123122 target=7991999998 ceiling=200000000000 old_side_present=1
CBAP_MIG_REPLAN t=31210000 reason=active_set_shrank flow=50 batch=1 newest_batch=1 cur=7476123122 target=7991999998 ceiling=200000000000 old_side_present=1
CBAP_MIG_REPLAN t=31210000 reason=active_set_shrank flow=55 batch=1 newest_batch=1 cur=7476123122 target=7991999998 ceiling=200000000000 old_side_present=1
CBAP_MIG_REPLAN t=31210000 reason=active_set_shrank flow=58 batch=1 newest_batch=1 cur=7476123122 target=7991999998 ceiling=200000000000 old_side_present=1
CBAP_MIG_REPLAN t=31210000 reason=active_set_shrank flow=61 batch=1 newest_batch=1 cur=7476123122 target=7991999998 ceiling=200000000000 old_side_present=1
CBAP_MIG_REPLAN t=31210000 reason=active_set_shrank flow=63 batch=1 newest_batch=1 cur=7476123122 target=7991999998 ceiling=200000000000 old_side_present=1
CBAP_MIG_REPLAN t=31210000 reason=active_set_shrank flow=64 batch=1 newest_batch=1 cur=7476123122 target=7991999998 ceiling=200000000000 old_side_present=1
CBAP_MIG t=31210000 epoch=6242 flow=0 side=old cur=2000000373 next=2000000261 tgt=2000000000 f=0.3 u=0 breach=0 end=converged
CBAP_MIG t=31210000 epoch=6242 flow=1 side=new cur=7476123122 next=7685053256 tgt=7991999998 f=0.405 u=0 breach=3 end=
CBAP_MIG t=31210000 epoch=6242 flow=2 side=new cur=7476123122 next=7685053256 tgt=7991999998 f=0.405 u=0 breach=3 end=
CBAP_MIG t=31210000 epoch=6242 flow=4 side=new cur=7476123122 next=7685053256 tgt=7991999998 f=0.405 u=0 breach=3 end=
CBAP_MIG t=31210000 epoch=6242 flow=9 side=new cur=7476123122 next=7685053256 tgt=7991999998 f=0.405 u=0 breach=3 end=
CBAP_MIG t=31210000 epoch=6242 flow=10 side=new cur=7476123122 next=7685053256 tgt=7991999998 f=0.405 u=0 breach=3 end=
CBAP_MIG t=31210000 epoch=6242 flow=13 side=new cur=7476123122 next=7685053256 tgt=7991999998 f=0.405 u=0 breach=3 end=
CBAP_MIG t=31210000 epoch=6242 flow=14 side=new cur=7476123122 next=7685053256 tgt=7991999998 f=0.405 u=0 breach=3 end=
CBAP_MIG t=31210000 epoch=6242 flow=16 side=new cur=7476123122 next=7685053256 tgt=7991999998 f=0.405 u=0 breach=3 end=
CBAP_MIG t=31210000 epoch=6242 flow=19 side=new cur=7476123122 next=7685053256 tgt=7991999998 f=0.405 u=0 breach=3 end=
CBAP_MIG t=31210000 epoch=6242 flow=22 side=new cur=7476123122 next=7685053256 tgt=7991999998 f=0.405 u=0 breach=3 end=
CBAP_MIG t=31210000 epoch=6242 flow=23 side=new cur=7476123122 next=7685053256 tgt=7991999998 f=0.405 u=0 breach=3 end=
CBAP_MIG t=31210000 epoch=6242 flow=26 side=new cur=7476123122 next=7685053256 tgt=7991999998 f=0.405 u=0 breach=3 end=
CBAP_MIG t=31210000 epoch=6242 flow=28 side=new cur=7476123122 next=7685053256 tgt=7991999998 f=0.405 u=0 breach=3 end=
CBAP_MIG t=31210000 epoch=6242 flow=33 side=new cur=7476123122 next=7685053256 tgt=7991999998 f=0.405 u=0 breach=3 end=
CBAP_MIG t=31210000 epoch=6242 flow=39 side=new cur=7476123122 next=7685053256 tgt=7991999998 f=0.405 u=0 breach=3 end=
CBAP_MIG t=31210000 epoch=6242 flow=40 side=new cur=7476123122 next=7685053256 tgt=7991999998 f=0.405 u=0 breach=3 end=
CBAP_MIG t=31210000 epoch=6242 flow=43 side=new cur=7476123122 next=7685053256 tgt=7991999998 f=0.405 u=0 breach=3 end=
CBAP_MIG t=31210000 epoch=6242 flow=45 side=new cur=7476123122 next=7685053256 tgt=7991999998 f=0.405 u=0 breach=3 end=
CBAP_MIG t=31210000 epoch=6242 flow=47 side=new cur=7476123122 next=7685053256 tgt=7991999998 f=0.405 u=0 breach=3 end=
CBAP_MIG t=31210000 epoch=6242 flow=50 side=new cur=7476123122 next=7685053256 tgt=7991999998 f=0.405 u=0 breach=3 end=
CBAP_MIG t=31210000 epoch=6242 flow=55 side=new cur=7476123122 next=7685053256 tgt=7991999998 f=0.405 u=0 breach=3 end=
CBAP_MIG t=31210000 epoch=6242 flow=58 side=new cur=7476123122 next=7685053256 tgt=7991999998 f=0.405 u=0 breach=3 end=
CBAP_MIG t=31210000 epoch=6242 flow=61 side=new cur=7476123122 next=7685053256 tgt=7991999998 f=0.405 u=0 breach=3 end=
CBAP_MIG t=31210000 epoch=6242 flow=63 side=new cur=7476123122 next=7685053256 tgt=7991999998 f=0.405 u=0 breach=3 end=
CBAP_MIG t=31210000 epoch=6242 flow=64 side=new cur=7476123122 next=7685053256 tgt=7991999998 f=0.405 u=0 breach=3 end=
CBAP_MIG t=31215000 epoch=6243 flow=1 side=new cur=7685053256 next=7809366686 tgt=7991999998 f=0.405 u=0 breach=3 end=
CBAP_MIG t=31215000 epoch=6243 flow=2 side=new cur=7685053256 next=7809366686 tgt=7991999998 f=0.405 u=0 breach=3 end=
CBAP_MIG t=31215000 epoch=6243 flow=4 side=new cur=7685053256 next=7809366686 tgt=7991999998 f=0.405 u=0 breach=3 end=
CBAP_MIG t=31215000 epoch=6243 flow=9 side=new cur=7685053256 next=7809366686 tgt=7991999998 f=0.405 u=0 breach=3 end=
CBAP_MIG t=31215000 epoch=6243 flow=10 side=new cur=7685053256 next=7809366686 tgt=7991999998 f=0.405 u=0 breach=3 end=
CBAP_MIG t=31215000 epoch=6243 flow=13 side=new cur=7685053256 next=7809366686 tgt=7991999998 f=0.405 u=0 breach=3 end=
CBAP_MIG t=31215000 epoch=6243 flow=14 side=new cur=7685053256 next=7809366686 tgt=7991999998 f=0.405 u=0 breach=3 end=
CBAP_MIG t=31215000 epoch=6243 flow=16 side=new cur=7685053256 next=7809366686 tgt=7991999998 f=0.405 u=0 breach=3 end=
CBAP_MIG t=31215000 epoch=6243 flow=19 side=new cur=7685053256 next=7809366686 tgt=7991999998 f=0.405 u=0 breach=3 end=
CBAP_MIG t=31215000 epoch=6243 flow=22 side=new cur=7685053256 next=7809366686 tgt=7991999998 f=0.405 u=0 breach=3 end=
CBAP_MIG t=31215000 epoch=6243 flow=23 side=new cur=7685053256 next=7809366686 tgt=7991999998 f=0.405 u=0 breach=3 end=
CBAP_MIG t=31215000 epoch=6243 flow=26 side=new cur=7685053256 next=7809366686 tgt=7991999998 f=0.405 u=0 breach=3 end=
CBAP_MIG t=31215000 epoch=6243 flow=28 side=new cur=7685053256 next=7809366686 tgt=7991999998 f=0.405 u=0 breach=3 end=
CBAP_MIG t=31215000 epoch=6243 flow=33 side=new cur=7685053256 next=7809366686 tgt=7991999998 f=0.405 u=0 breach=3 end=
CBAP_MIG t=31215000 epoch=6243 flow=39 side=new cur=7685053256 next=7809366686 tgt=7991999998 f=0.405 u=0 breach=3 end=
CBAP_MIG t=31215000 epoch=6243 flow=40 side=new cur=7685053256 next=7809366686 tgt=7991999998 f=0.405 u=0 breach=3 end=
CBAP_MIG t=31215000 epoch=6243 flow=43 side=new cur=7685053256 next=7809366686 tgt=7991999998 f=0.405 u=0 breach=3 end=
CBAP_MIG t=31215000 epoch=6243 flow=45 side=new cur=7685053256 next=7809366686 tgt=7991999998 f=0.405 u=0 breach=3 end=
CBAP_MIG t=31215000 epoch=6243 flow=47 side=new cur=7685053256 next=7809366686 tgt=7991999998 f=0.405 u=0 breach=3 end=
CBAP_MIG t=31215000 epoch=6243 flow=50 side=new cur=7685053256 next=7809366686 tgt=7991999998 f=0.405 u=0 breach=3 end=
CBAP_MIG t=31215000 epoch=6243 flow=55 side=new cur=7685053256 next=7809366686 tgt=7991999998 f=0.405 u=0 breach=3 end=
CBAP_MIG t=31215000 epoch=6243 flow=58 side=new cur=7685053256 next=7809366686 tgt=7991999998 f=0.405 u=0 breach=3 end=
CBAP_MIG t=31215000 epoch=6243 flow=61 side=new cur=7685053256 next=7809366686 tgt=7991999998 f=0.405 u=0 breach=3 end=
CBAP_MIG t=31215000 epoch=6243 flow=63 side=new cur=7685053256 next=7809366686 tgt=7991999998 f=0.405 u=0 breach=3 end=
CBAP_MIG t=31215000 epoch=6243 flow=64 side=new cur=7685053256 next=7809366686 tgt=7991999998 f=0.405 u=0 breach=3 end=
CBAP_MIG t=31220000 epoch=6244 flow=1 side=new cur=7809366686 next=7883333177 tgt=7991999998 f=0.405 u=0 breach=3 end=
CBAP_MIG t=31220000 epoch=6244 flow=2 side=new cur=7809366686 next=7883333177 tgt=7991999998 f=0.405 u=0 breach=3 end=
CBAP_MIG t=31220000 epoch=6244 flow=4 side=new cur=7809366686 next=7883333177 tgt=7991999998 f=0.405 u=0 breach=3 end=
CBAP_MIG t=31220000 epoch=6244 flow=9 side=new cur=7809366686 next=7883333177 tgt=7991999998 f=0.405 u=0 breach=3 end=
CBAP_MIG t=31220000 epoch=6244 flow=10 side=new cur=7809366686 next=7883333177 tgt=7991999998 f=0.405 u=0 breach=3 end=
CBAP_MIG t=31220000 epoch=6244 flow=13 side=new cur=7809366686 next=7883333177 tgt=7991999998 f=0.405 u=0 breach=3 end=
CBAP_MIG t=31220000 epoch=6244 flow=14 side=new cur=7809366686 next=7883333177 tgt=7991999998 f=0.405 u=0 breach=3 end=
CBAP_MIG t=31220000 epoch=6244 flow=16 side=new cur=7809366686 next=7883333177 tgt=7991999998 f=0.405 u=0 breach=3 end=
CBAP_MIG t=31220000 epoch=6244 flow=19 side=new cur=7809366686 next=7883333177 tgt=7991999998 f=0.405 u=0 breach=3 end=
CBAP_MIG t=31220000 epoch=6244 flow=22 side=new cur=7809366686 next=7883333177 tgt=7991999998 f=0.405 u=0 breach=3 end=
CBAP_MIG t=31220000 epoch=6244 flow=23 side=new cur=7809366686 next=7883333177 tgt=7991999998 f=0.405 u=0 breach=3 end=
CBAP_MIG t=31220000 epoch=6244 flow=26 side=new cur=7809366686 next=7883333177 tgt=7991999998 f=0.405 u=0 breach=3 end=
CBAP_MIG t=31220000 epoch=6244 flow=28 side=new cur=7809366686 next=7883333177 tgt=7991999998 f=0.405 u=0 breach=3 end=
CBAP_MIG t=31220000 epoch=6244 flow=33 side=new cur=7809366686 next=7883333177 tgt=7991999998 f=0.405 u=0 breach=3 end=
CBAP_MIG t=31220000 epoch=6244 flow=39 side=new cur=7809366686 next=7883333177 tgt=7991999998 f=0.405 u=0 breach=3 end=
CBAP_MIG t=31220000 epoch=6244 flow=40 side=new cur=7809366686 next=7883333177 tgt=7991999998 f=0.405 u=0 breach=3 end=
CBAP_MIG t=31220000 epoch=6244 flow=43 side=new cur=7809366686 next=7883333177 tgt=7991999998 f=0.405 u=0 breach=3 end=
CBAP_MIG t=31220000 epoch=6244 flow=45 side=new cur=7809366686 next=7883333177 tgt=7991999998 f=0.405 u=0 breach=3 end=
CBAP_MIG t=31220000 epoch=6244 flow=47 side=new cur=7809366686 next=7883333177 tgt=7991999998 f=0.405 u=0 breach=3 end=
CBAP_MIG t=31220000 epoch=6244 flow=50 side=new cur=7809366686 next=7883333177 tgt=7991999998 f=0.405 u=0 breach=3 end=
CBAP_MIG t=31220000 epoch=6244 flow=55 side=new cur=7809366686 next=7883333177 tgt=7991999998 f=0.405 u=0 breach=3 end=
CBAP_MIG t=31220000 epoch=6244 flow=58 side=new cur=7809366686 next=7883333177 tgt=7991999998 f=0.405 u=0 breach=3 end=
CBAP_MIG t=31220000 epoch=6244 flow=61 side=new cur=7809366686 next=7883333177 tgt=7991999998 f=0.405 u=0 breach=3 end=
CBAP_MIG t=31220000 epoch=6244 flow=63 side=new cur=7809366686 next=7883333177 tgt=7991999998 f=0.405 u=0 breach=3 end=
CBAP_MIG t=31220000 epoch=6244 flow=64 side=new cur=7809366686 next=7883333177 tgt=7991999998 f=0.405 u=0 breach=3 end=
CBAP_MIG t=31225000 epoch=6245 flow=1 side=new cur=7883333177 next=7927343239 tgt=7991999998 f=0.405 u=0 breach=3 end=converged
CBAP_MIG t=31225000 epoch=6245 flow=2 side=new cur=7883333177 next=7927343239 tgt=7991999998 f=0.405 u=0 breach=3 end=converged
CBAP_MIG t=31225000 epoch=6245 flow=4 side=new cur=7883333177 next=7927343239 tgt=7991999998 f=0.405 u=0 breach=3 end=converged
CBAP_MIG t=31225000 epoch=6245 flow=9 side=new cur=7883333177 next=7927343239 tgt=7991999998 f=0.405 u=0 breach=3 end=converged
CBAP_MIG t=31225000 epoch=6245 flow=10 side=new cur=7883333177 next=7927343239 tgt=7991999998 f=0.405 u=0 breach=3 end=converged
CBAP_MIG t=31225000 epoch=6245 flow=13 side=new cur=7883333177 next=7927343239 tgt=7991999998 f=0.405 u=0 breach=3 end=converged
CBAP_MIG t=31225000 epoch=6245 flow=14 side=new cur=7883333177 next=7927343239 tgt=7991999998 f=0.405 u=0 breach=3 end=converged
CBAP_MIG t=31225000 epoch=6245 flow=16 side=new cur=7883333177 next=7927343239 tgt=7991999998 f=0.405 u=0 breach=3 end=converged
CBAP_MIG t=31225000 epoch=6245 flow=19 side=new cur=7883333177 next=7927343239 tgt=7991999998 f=0.405 u=0 breach=3 end=converged
CBAP_MIG t=31225000 epoch=6245 flow=22 side=new cur=7883333177 next=7927343239 tgt=7991999998 f=0.405 u=0 breach=3 end=converged
CBAP_MIG t=31225000 epoch=6245 flow=23 side=new cur=7883333177 next=7927343239 tgt=7991999998 f=0.405 u=0 breach=3 end=converged
CBAP_MIG t=31225000 epoch=6245 flow=26 side=new cur=7883333177 next=7927343239 tgt=7991999998 f=0.405 u=0 breach=3 end=converged
CBAP_MIG t=31225000 epoch=6245 flow=28 side=new cur=7883333177 next=7927343239 tgt=7991999998 f=0.405 u=0 breach=3 end=converged
CBAP_MIG t=31225000 epoch=6245 flow=33 side=new cur=7883333177 next=7927343239 tgt=7991999998 f=0.405 u=0 breach=3 end=converged
CBAP_MIG t=31225000 epoch=6245 flow=39 side=new cur=7883333177 next=7927343239 tgt=7991999998 f=0.405 u=0 breach=3 end=converged
CBAP_MIG t=31225000 epoch=6245 flow=40 side=new cur=7883333177 next=7927343239 tgt=7991999998 f=0.405 u=0 breach=3 end=converged
CBAP_MIG t=31225000 epoch=6245 flow=43 side=new cur=7883333177 next=7927343239 tgt=7991999998 f=0.405 u=0 breach=3 end=converged
CBAP_MIG t=31225000 epoch=6245 flow=45 side=new cur=7883333177 next=7927343239 tgt=7991999998 f=0.405 u=0 breach=3 end=converged
CBAP_MIG t=31225000 epoch=6245 flow=47 side=new cur=7883333177 next=7927343239 tgt=7991999998 f=0.405 u=0 breach=3 end=converged
CBAP_MIG t=31225000 epoch=6245 flow=50 side=new cur=7883333177 next=7927343239 tgt=7991999998 f=0.405 u=0 breach=3 end=converged
CBAP_MIG t=31225000 epoch=6245 flow=55 side=new cur=7883333177 next=7927343239 tgt=7991999998 f=0.405 u=0 breach=3 end=converged
CBAP_MIG t=31225000 epoch=6245 flow=58 side=new cur=7883333177 next=7927343239 tgt=7991999998 f=0.405 u=0 breach=3 end=converged
CBAP_MIG t=31225000 epoch=6245 flow=61 side=new cur=7883333177 next=7927343239 tgt=7991999998 f=0.405 u=0 breach=3 end=converged
CBAP_MIG t=31225000 epoch=6245 flow=63 side=new cur=7883333177 next=7927343239 tgt=7991999998 f=0.405 u=0 breach=3 end=converged
CBAP_MIG t=31225000 epoch=6245 flow=64 side=new cur=7883333177 next=7927343239 tgt=7991999998 f=0.405 u=0 breach=3 end=converged
CBAP_MIG_REPLAN t=31255000 reason=active_set_shrank flow=0 batch=0 newest_batch=1 cur=2000000261 target=2000000000 ceiling=190000000000 old_side_present=1
CBAP_MIG_REPLAN t=31255000 reason=active_set_shrank flow=1 batch=1 newest_batch=1 cur=7927343239 target=8324999998 ceiling=200000000000 old_side_present=1
CBAP_MIG_REPLAN t=31255000 reason=active_set_shrank flow=2 batch=1 newest_batch=1 cur=7927343239 target=8324999998 ceiling=200000000000 old_side_present=1
CBAP_MIG_REPLAN t=31255000 reason=active_set_shrank flow=4 batch=1 newest_batch=1 cur=7927343239 target=8324999998 ceiling=200000000000 old_side_present=1
CBAP_MIG_REPLAN t=31255000 reason=active_set_shrank flow=9 batch=1 newest_batch=1 cur=7927343239 target=8324999998 ceiling=200000000000 old_side_present=1
CBAP_MIG_REPLAN t=31255000 reason=active_set_shrank flow=10 batch=1 newest_batch=1 cur=7927343239 target=8324999998 ceiling=200000000000 old_side_present=1
CBAP_MIG_REPLAN t=31255000 reason=active_set_shrank flow=13 batch=1 newest_batch=1 cur=7927343239 target=8324999998 ceiling=200000000000 old_side_present=1
CBAP_MIG_REPLAN t=31255000 reason=active_set_shrank flow=14 batch=1 newest_batch=1 cur=7927343239 target=8324999998 ceiling=200000000000 old_side_present=1
CBAP_MIG_REPLAN t=31255000 reason=active_set_shrank flow=16 batch=1 newest_batch=1 cur=7927343239 target=8324999998 ceiling=200000000000 old_side_present=1
CBAP_MIG_REPLAN t=31255000 reason=active_set_shrank flow=19 batch=1 newest_batch=1 cur=7927343239 target=8324999998 ceiling=200000000000 old_side_present=1
CBAP_MIG_REPLAN t=31255000 reason=active_set_shrank flow=22 batch=1 newest_batch=1 cur=7927343239 target=8324999998 ceiling=200000000000 old_side_present=1
CBAP_MIG_REPLAN t=31255000 reason=active_set_shrank flow=23 batch=1 newest_batch=1 cur=7927343239 target=8324999998 ceiling=200000000000 old_side_present=1
CBAP_MIG_REPLAN t=31255000 reason=active_set_shrank flow=26 batch=1 newest_batch=1 cur=7927343239 target=8324999998 ceiling=200000000000 old_side_present=1
CBAP_MIG_REPLAN t=31255000 reason=active_set_shrank flow=28 batch=1 newest_batch=1 cur=7927343239 target=8324999998 ceiling=200000000000 old_side_present=1
CBAP_MIG_REPLAN t=31255000 reason=active_set_shrank flow=33 batch=1 newest_batch=1 cur=7927343239 target=8324999998 ceiling=200000000000 old_side_present=1
CBAP_MIG_REPLAN t=31255000 reason=active_set_shrank flow=39 batch=1 newest_batch=1 cur=7927343239 target=8324999998 ceiling=200000000000 old_side_present=1
CBAP_MIG_REPLAN t=31255000 reason=active_set_shrank flow=40 batch=1 newest_batch=1 cur=7927343239 target=8324999998 ceiling=200000000000 old_side_present=1
CBAP_MIG_REPLAN t=31255000 reason=active_set_shrank flow=43 batch=1 newest_batch=1 cur=7927343239 target=8324999998 ceiling=200000000000 old_side_present=1
CBAP_MIG_REPLAN t=31255000 reason=active_set_shrank flow=45 batch=1 newest_batch=1 cur=7927343239 target=8324999998 ceiling=200000000000 old_side_present=1
CBAP_MIG_REPLAN t=31255000 reason=active_set_shrank flow=47 batch=1 newest_batch=1 cur=7927343239 target=8324999998 ceiling=200000000000 old_side_present=1
CBAP_MIG_REPLAN t=31255000 reason=active_set_shrank flow=50 batch=1 newest_batch=1 cur=7927343239 target=8324999998 ceiling=200000000000 old_side_present=1
CBAP_MIG_REPLAN t=31255000 reason=active_set_shrank flow=55 batch=1 newest_batch=1 cur=7927343239 target=8324999998 ceiling=200000000000 old_side_present=1
CBAP_MIG_REPLAN t=31255000 reason=active_set_shrank flow=58 batch=1 newest_batch=1 cur=7927343239 target=8324999998 ceiling=200000000000 old_side_present=1
CBAP_MIG_REPLAN t=31255000 reason=active_set_shrank flow=63 batch=1 newest_batch=1 cur=7927343239 target=8324999998 ceiling=200000000000 old_side_present=1
CBAP_MIG_REPLAN t=31255000 reason=active_set_shrank flow=64 batch=1 newest_batch=1 cur=7927343239 target=8324999998 ceiling=200000000000 old_side_present=1
CBAP_MIG t=31255000 epoch=6251 flow=0 side=old cur=2000000261 next=2000000182 tgt=2000000000 f=0.3 u=0 breach=0 end=converged
CBAP_MIG t=31255000 epoch=6251 flow=1 side=new cur=7927343239 next=8088394226 tgt=8324999998 f=0.405 u=0 breach=3 end=
CBAP_MIG t=31255000 epoch=6251 flow=2 side=new cur=7927343239 next=8088394226 tgt=8324999998 f=0.405 u=0 breach=3 end=
CBAP_MIG t=31255000 epoch=6251 flow=4 side=new cur=7927343239 next=8088394226 tgt=8324999998 f=0.405 u=0 breach=3 end=
CBAP_MIG t=31255000 epoch=6251 flow=9 side=new cur=7927343239 next=8088394226 tgt=8324999998 f=0.405 u=0 breach=3 end=
CBAP_MIG t=31255000 epoch=6251 flow=10 side=new cur=7927343239 next=8088394226 tgt=8324999998 f=0.405 u=0 breach=3 end=
CBAP_MIG t=31255000 epoch=6251 flow=13 side=new cur=7927343239 next=8088394226 tgt=8324999998 f=0.405 u=0 breach=3 end=
CBAP_MIG t=31255000 epoch=6251 flow=14 side=new cur=7927343239 next=8088394226 tgt=8324999998 f=0.405 u=0 breach=3 end=
CBAP_MIG t=31255000 epoch=6251 flow=16 side=new cur=7927343239 next=8088394226 tgt=8324999998 f=0.405 u=0 breach=3 end=
CBAP_MIG t=31255000 epoch=6251 flow=19 side=new cur=7927343239 next=8088394226 tgt=8324999998 f=0.405 u=0 breach=3 end=
CBAP_MIG t=31255000 epoch=6251 flow=22 side=new cur=7927343239 next=8088394226 tgt=8324999998 f=0.405 u=0 breach=3 end=
CBAP_MIG t=31255000 epoch=6251 flow=23 side=new cur=7927343239 next=8088394226 tgt=8324999998 f=0.405 u=0 breach=3 end=
CBAP_MIG t=31255000 epoch=6251 flow=26 side=new cur=7927343239 next=8088394226 tgt=8324999998 f=0.405 u=0 breach=3 end=
CBAP_MIG t=31255000 epoch=6251 flow=28 side=new cur=7927343239 next=8088394226 tgt=8324999998 f=0.405 u=0 breach=3 end=
CBAP_MIG t=31255000 epoch=6251 flow=33 side=new cur=7927343239 next=8088394226 tgt=8324999998 f=0.405 u=0 breach=3 end=
CBAP_MIG t=31255000 epoch=6251 flow=39 side=new cur=7927343239 next=8088394226 tgt=8324999998 f=0.405 u=0 breach=3 end=
CBAP_MIG t=31255000 epoch=6251 flow=40 side=new cur=7927343239 next=8088394226 tgt=8324999998 f=0.405 u=0 breach=3 end=
CBAP_MIG t=31255000 epoch=6251 flow=43 side=new cur=7927343239 next=8088394226 tgt=8324999998 f=0.405 u=0 breach=3 end=
CBAP_MIG t=31255000 epoch=6251 flow=45 side=new cur=7927343239 next=8088394226 tgt=8324999998 f=0.405 u=0 breach=3 end=
CBAP_MIG t=31255000 epoch=6251 flow=47 side=new cur=7927343239 next=8088394226 tgt=8324999998 f=0.405 u=0 breach=3 end=
CBAP_MIG t=31255000 epoch=6251 flow=50 side=new cur=7927343239 next=8088394226 tgt=8324999998 f=0.405 u=0 breach=3 end=
CBAP_MIG t=31255000 epoch=6251 flow=55 side=new cur=7927343239 next=8088394226 tgt=8324999998 f=0.405 u=0 breach=3 end=
CBAP_MIG t=31255000 epoch=6251 flow=58 side=new cur=7927343239 next=8088394226 tgt=8324999998 f=0.405 u=0 breach=3 end=
CBAP_MIG t=31255000 epoch=6251 flow=63 side=new cur=7927343239 next=8088394226 tgt=8324999998 f=0.405 u=0 breach=3 end=
CBAP_MIG t=31255000 epoch=6251 flow=64 side=new cur=7927343239 next=8088394226 tgt=8324999998 f=0.405 u=0 breach=3 end=
CBAP_MIG t=31260000 epoch=6252 flow=1 side=new cur=8088394226 next=8184219563 tgt=8324999998 f=0.405 u=0 breach=3 end=
CBAP_MIG t=31260000 epoch=6252 flow=2 side=new cur=8088394226 next=8184219563 tgt=8324999998 f=0.405 u=0 breach=3 end=
CBAP_MIG t=31260000 epoch=6252 flow=4 side=new cur=8088394226 next=8184219563 tgt=8324999998 f=0.405 u=0 breach=3 end=
CBAP_MIG t=31260000 epoch=6252 flow=9 side=new cur=8088394226 next=8184219563 tgt=8324999998 f=0.405 u=0 breach=3 end=
CBAP_MIG t=31260000 epoch=6252 flow=10 side=new cur=8088394226 next=8184219563 tgt=8324999998 f=0.405 u=0 breach=3 end=
CBAP_MIG t=31260000 epoch=6252 flow=13 side=new cur=8088394226 next=8184219563 tgt=8324999998 f=0.405 u=0 breach=3 end=
CBAP_MIG t=31260000 epoch=6252 flow=14 side=new cur=8088394226 next=8184219563 tgt=8324999998 f=0.405 u=0 breach=3 end=
CBAP_MIG t=31260000 epoch=6252 flow=16 side=new cur=8088394226 next=8184219563 tgt=8324999998 f=0.405 u=0 breach=3 end=
CBAP_MIG t=31260000 epoch=6252 flow=19 side=new cur=8088394226 next=8184219563 tgt=8324999998 f=0.405 u=0 breach=3 end=
CBAP_MIG t=31260000 epoch=6252 flow=22 side=new cur=8088394226 next=8184219563 tgt=8324999998 f=0.405 u=0 breach=3 end=
CBAP_MIG t=31260000 epoch=6252 flow=23 side=new cur=8088394226 next=8184219563 tgt=8324999998 f=0.405 u=0 breach=3 end=
CBAP_MIG t=31260000 epoch=6252 flow=26 side=new cur=8088394226 next=8184219563 tgt=8324999998 f=0.405 u=0 breach=3 end=
CBAP_MIG t=31260000 epoch=6252 flow=28 side=new cur=8088394226 next=8184219563 tgt=8324999998 f=0.405 u=0 breach=3 end=
CBAP_MIG t=31260000 epoch=6252 flow=33 side=new cur=8088394226 next=8184219563 tgt=8324999998 f=0.405 u=0 breach=3 end=
CBAP_MIG t=31260000 epoch=6252 flow=39 side=new cur=8088394226 next=8184219563 tgt=8324999998 f=0.405 u=0 breach=3 end=
CBAP_MIG t=31260000 epoch=6252 flow=40 side=new cur=8088394226 next=8184219563 tgt=8324999998 f=0.405 u=0 breach=3 end=
CBAP_MIG t=31260000 epoch=6252 flow=43 side=new cur=8088394226 next=8184219563 tgt=8324999998 f=0.405 u=0 breach=3 end=
CBAP_MIG t=31260000 epoch=6252 flow=45 side=new cur=8088394226 next=8184219563 tgt=8324999998 f=0.405 u=0 breach=3 end=
CBAP_MIG t=31260000 epoch=6252 flow=47 side=new cur=8088394226 next=8184219563 tgt=8324999998 f=0.405 u=0 breach=3 end=
CBAP_MIG t=31260000 epoch=6252 flow=50 side=new cur=8088394226 next=8184219563 tgt=8324999998 f=0.405 u=0 breach=3 end=
CBAP_MIG t=31260000 epoch=6252 flow=55 side=new cur=8088394226 next=8184219563 tgt=8324999998 f=0.405 u=0 breach=3 end=
CBAP_MIG t=31260000 epoch=6252 flow=58 side=new cur=8088394226 next=8184219563 tgt=8324999998 f=0.405 u=0 breach=3 end=
CBAP_MIG t=31260000 epoch=6252 flow=63 side=new cur=8088394226 next=8184219563 tgt=8324999998 f=0.405 u=0 breach=3 end=
CBAP_MIG t=31260000 epoch=6252 flow=64 side=new cur=8088394226 next=8184219563 tgt=8324999998 f=0.405 u=0 breach=3 end=
CBAP_MIG t=31265000 epoch=6253 flow=1 side=new cur=8184219563 next=8241235639 tgt=8324999998 f=0.405 u=0 breach=3 end=
CBAP_MIG t=31265000 epoch=6253 flow=2 side=new cur=8184219563 next=8241235639 tgt=8324999998 f=0.405 u=0 breach=3 end=
CBAP_MIG t=31265000 epoch=6253 flow=4 side=new cur=8184219563 next=8241235639 tgt=8324999998 f=0.405 u=0 breach=3 end=
CBAP_MIG t=31265000 epoch=6253 flow=9 side=new cur=8184219563 next=8241235639 tgt=8324999998 f=0.405 u=0 breach=3 end=
CBAP_MIG t=31265000 epoch=6253 flow=10 side=new cur=8184219563 next=8241235639 tgt=8324999998 f=0.405 u=0 breach=3 end=
CBAP_MIG t=31265000 epoch=6253 flow=13 side=new cur=8184219563 next=8241235639 tgt=8324999998 f=0.405 u=0 breach=3 end=
CBAP_MIG t=31265000 epoch=6253 flow=14 side=new cur=8184219563 next=8241235639 tgt=8324999998 f=0.405 u=0 breach=3 end=
CBAP_MIG t=31265000 epoch=6253 flow=16 side=new cur=8184219563 next=8241235639 tgt=8324999998 f=0.405 u=0 breach=3 end=
CBAP_MIG t=31265000 epoch=6253 flow=19 side=new cur=8184219563 next=8241235639 tgt=8324999998 f=0.405 u=0 breach=3 end=
CBAP_MIG t=31265000 epoch=6253 flow=22 side=new cur=8184219563 next=8241235639 tgt=8324999998 f=0.405 u=0 breach=3 end=
CBAP_MIG t=31265000 epoch=6253 flow=23 side=new cur=8184219563 next=8241235639 tgt=8324999998 f=0.405 u=0 breach=3 end=
CBAP_MIG t=31265000 epoch=6253 flow=26 side=new cur=8184219563 next=8241235639 tgt=8324999998 f=0.405 u=0 breach=3 end=
CBAP_MIG t=31265000 epoch=6253 flow=28 side=new cur=8184219563 next=8241235639 tgt=8324999998 f=0.405 u=0 breach=3 end=
CBAP_MIG t=31265000 epoch=6253 flow=33 side=new cur=8184219563 next=8241235639 tgt=8324999998 f=0.405 u=0 breach=3 end=
CBAP_MIG t=31265000 epoch=6253 flow=39 side=new cur=8184219563 next=8241235639 tgt=8324999998 f=0.405 u=0 breach=3 end=
CBAP_MIG t=31265000 epoch=6253 flow=40 side=new cur=8184219563 next=8241235639 tgt=8324999998 f=0.405 u=0 breach=3 end=
CBAP_MIG t=31265000 epoch=6253 flow=43 side=new cur=8184219563 next=8241235639 tgt=8324999998 f=0.405 u=0 breach=3 end=
CBAP_MIG t=31265000 epoch=6253 flow=45 side=new cur=8184219563 next=8241235639 tgt=8324999998 f=0.405 u=0 breach=3 end=
CBAP_MIG t=31265000 epoch=6253 flow=47 side=new cur=8184219563 next=8241235639 tgt=8324999998 f=0.405 u=0 breach=3 end=
CBAP_MIG t=31265000 epoch=6253 flow=50 side=new cur=8184219563 next=8241235639 tgt=8324999998 f=0.405 u=0 breach=3 end=
CBAP_MIG t=31265000 epoch=6253 flow=55 side=new cur=8184219563 next=8241235639 tgt=8324999998 f=0.405 u=0 breach=3 end=
CBAP_MIG t=31265000 epoch=6253 flow=58 side=new cur=8184219563 next=8241235639 tgt=8324999998 f=0.405 u=0 breach=3 end=
CBAP_MIG t=31265000 epoch=6253 flow=63 side=new cur=8184219563 next=8241235639 tgt=8324999998 f=0.405 u=0 breach=3 end=
CBAP_MIG t=31265000 epoch=6253 flow=64 side=new cur=8184219563 next=8241235639 tgt=8324999998 f=0.405 u=0 breach=3 end=
CBAP_MIG t=31270000 epoch=6254 flow=1 side=new cur=8241235639 next=8275160204 tgt=8324999998 f=0.405 u=0 breach=3 end=converged
CBAP_MIG t=31270000 epoch=6254 flow=2 side=new cur=8241235639 next=8275160204 tgt=8324999998 f=0.405 u=0 breach=3 end=converged
CBAP_MIG t=31270000 epoch=6254 flow=4 side=new cur=8241235639 next=8275160204 tgt=8324999998 f=0.405 u=0 breach=3 end=converged
CBAP_MIG t=31270000 epoch=6254 flow=9 side=new cur=8241235639 next=8275160204 tgt=8324999998 f=0.405 u=0 breach=3 end=converged
CBAP_MIG t=31270000 epoch=6254 flow=10 side=new cur=8241235639 next=8275160204 tgt=8324999998 f=0.405 u=0 breach=3 end=converged
CBAP_MIG t=31270000 epoch=6254 flow=13 side=new cur=8241235639 next=8275160204 tgt=8324999998 f=0.405 u=0 breach=3 end=converged
CBAP_MIG t=31270000 epoch=6254 flow=14 side=new cur=8241235639 next=8275160204 tgt=8324999998 f=0.405 u=0 breach=3 end=converged
CBAP_MIG t=31270000 epoch=6254 flow=16 side=new cur=8241235639 next=8275160204 tgt=8324999998 f=0.405 u=0 breach=3 end=converged
CBAP_MIG t=31270000 epoch=6254 flow=19 side=new cur=8241235639 next=8275160204 tgt=8324999998 f=0.405 u=0 breach=3 end=converged
CBAP_MIG t=31270000 epoch=6254 flow=22 side=new cur=8241235639 next=8275160204 tgt=8324999998 f=0.405 u=0 breach=3 end=converged
CBAP_MIG t=31270000 epoch=6254 flow=23 side=new cur=8241235639 next=8275160204 tgt=8324999998 f=0.405 u=0 breach=3 end=converged
CBAP_MIG t=31270000 epoch=6254 flow=26 side=new cur=8241235639 next=8275160204 tgt=8324999998 f=0.405 u=0 breach=3 end=converged
CBAP_MIG t=31270000 epoch=6254 flow=28 side=new cur=8241235639 next=8275160204 tgt=8324999998 f=0.405 u=0 breach=3 end=converged
CBAP_MIG t=31270000 epoch=6254 flow=33 side=new cur=8241235639 next=8275160204 tgt=8324999998 f=0.405 u=0 breach=3 end=converged
CBAP_MIG t=31270000 epoch=6254 flow=39 side=new cur=8241235639 next=8275160204 tgt=8324999998 f=0.405 u=0 breach=3 end=converged
CBAP_MIG t=31270000 epoch=6254 flow=40 side=new cur=8241235639 next=8275160204 tgt=8324999998 f=0.405 u=0 breach=3 end=converged
CBAP_MIG t=31270000 epoch=6254 flow=43 side=new cur=8241235639 next=8275160204 tgt=8324999998 f=0.405 u=0 breach=3 end=converged
CBAP_MIG t=31270000 epoch=6254 flow=45 side=new cur=8241235639 next=8275160204 tgt=8324999998 f=0.405 u=0 breach=3 end=converged
CBAP_MIG t=31270000 epoch=6254 flow=47 side=new cur=8241235639 next=8275160204 tgt=8324999998 f=0.405 u=0 breach=3 end=converged
CBAP_MIG t=31270000 epoch=6254 flow=50 side=new cur=8241235639 next=8275160204 tgt=8324999998 f=0.405 u=0 breach=3 end=converged
CBAP_MIG t=31270000 epoch=6254 flow=55 side=new cur=8241235639 next=8275160204 tgt=8324999998 f=0.405 u=0 breach=3 end=converged
CBAP_MIG t=31270000 epoch=6254 flow=58 side=new cur=8241235639 next=8275160204 tgt=8324999998 f=0.405 u=0 breach=3 end=converged
CBAP_MIG t=31270000 epoch=6254 flow=63 side=new cur=8241235639 next=8275160204 tgt=8324999998 f=0.405 u=0 breach=3 end=converged
CBAP_MIG t=31270000 epoch=6254 flow=64 side=new cur=8241235639 next=8275160204 tgt=8324999998 f=0.405 u=0 breach=3 end=converged
CBAP_MIG_REPLAN t=31290000 reason=active_set_shrank flow=0 batch=0 newest_batch=1 cur=2000000182 target=2000000000 ceiling=190000000000 old_side_present=1
CBAP_MIG_REPLAN t=31290000 reason=active_set_shrank flow=1 batch=1 newest_batch=1 cur=8275160204 target=8686956520 ceiling=200000000000 old_side_present=1
CBAP_MIG_REPLAN t=31290000 reason=active_set_shrank flow=2 batch=1 newest_batch=1 cur=8275160204 target=8686956520 ceiling=200000000000 old_side_present=1
CBAP_MIG_REPLAN t=31290000 reason=active_set_shrank flow=4 batch=1 newest_batch=1 cur=8275160204 target=8686956520 ceiling=200000000000 old_side_present=1
CBAP_MIG_REPLAN t=31290000 reason=active_set_shrank flow=9 batch=1 newest_batch=1 cur=8275160204 target=8686956520 ceiling=200000000000 old_side_present=1
CBAP_MIG_REPLAN t=31290000 reason=active_set_shrank flow=10 batch=1 newest_batch=1 cur=8275160204 target=8686956520 ceiling=200000000000 old_side_present=1
CBAP_MIG_REPLAN t=31290000 reason=active_set_shrank flow=13 batch=1 newest_batch=1 cur=8275160204 target=8686956520 ceiling=200000000000 old_side_present=1
CBAP_MIG_REPLAN t=31290000 reason=active_set_shrank flow=14 batch=1 newest_batch=1 cur=8275160204 target=8686956520 ceiling=200000000000 old_side_present=1
CBAP_MIG_REPLAN t=31290000 reason=active_set_shrank flow=16 batch=1 newest_batch=1 cur=8275160204 target=8686956520 ceiling=200000000000 old_side_present=1
CBAP_MIG_REPLAN t=31290000 reason=active_set_shrank flow=19 batch=1 newest_batch=1 cur=8275160204 target=8686956520 ceiling=200000000000 old_side_present=1
CBAP_MIG_REPLAN t=31290000 reason=active_set_shrank flow=22 batch=1 newest_batch=1 cur=8275160204 target=8686956520 ceiling=200000000000 old_side_present=1
CBAP_MIG_REPLAN t=31290000 reason=active_set_shrank flow=23 batch=1 newest_batch=1 cur=8275160204 target=8686956520 ceiling=200000000000 old_side_present=1
CBAP_MIG_REPLAN t=31290000 reason=active_set_shrank flow=28 batch=1 newest_batch=1 cur=8275160204 target=8686956520 ceiling=200000000000 old_side_present=1
CBAP_MIG_REPLAN t=31290000 reason=active_set_shrank flow=33 batch=1 newest_batch=1 cur=8275160204 target=8686956520 ceiling=200000000000 old_side_present=1
CBAP_MIG_REPLAN t=31290000 reason=active_set_shrank flow=39 batch=1 newest_batch=1 cur=8275160204 target=8686956520 ceiling=200000000000 old_side_present=1
CBAP_MIG_REPLAN t=31290000 reason=active_set_shrank flow=40 batch=1 newest_batch=1 cur=8275160204 target=8686956520 ceiling=200000000000 old_side_present=1
CBAP_MIG_REPLAN t=31290000 reason=active_set_shrank flow=43 batch=1 newest_batch=1 cur=8275160204 target=8686956520 ceiling=200000000000 old_side_present=1
CBAP_MIG_REPLAN t=31290000 reason=active_set_shrank flow=45 batch=1 newest_batch=1 cur=8275160204 target=8686956520 ceiling=200000000000 old_side_present=1
CBAP_MIG_REPLAN t=31290000 reason=active_set_shrank flow=47 batch=1 newest_batch=1 cur=8275160204 target=8686956520 ceiling=200000000000 old_side_present=1
CBAP_MIG_REPLAN t=31290000 reason=active_set_shrank flow=50 batch=1 newest_batch=1 cur=8275160204 target=8686956520 ceiling=200000000000 old_side_present=1
CBAP_MIG_REPLAN t=31290000 reason=active_set_shrank flow=55 batch=1 newest_batch=1 cur=8275160204 target=8686956520 ceiling=200000000000 old_side_present=1
CBAP_MIG_REPLAN t=31290000 reason=active_set_shrank flow=58 batch=1 newest_batch=1 cur=8275160204 target=8686956520 ceiling=200000000000 old_side_present=1
CBAP_MIG_REPLAN t=31290000 reason=active_set_shrank flow=63 batch=1 newest_batch=1 cur=8275160204 target=8686956520 ceiling=200000000000 old_side_present=1
CBAP_MIG_REPLAN t=31290000 reason=active_set_shrank flow=64 batch=1 newest_batch=1 cur=8275160204 target=8686956520 ceiling=200000000000 old_side_present=1
CBAP_MIG t=31290000 epoch=6258 flow=0 side=old cur=2000000182 next=2000000127 tgt=2000000000 f=0.3 u=0 breach=0 end=converged
CBAP_MIG t=31290000 epoch=6258 flow=1 side=new cur=8275160204 next=8441937711 tgt=8686956520 f=0.405 u=0 breach=3 end=
CBAP_MIG t=31290000 epoch=6258 flow=2 side=new cur=8275160204 next=8441937711 tgt=8686956520 f=0.405 u=0 breach=3 end=
CBAP_MIG t=31290000 epoch=6258 flow=4 side=new cur=8275160204 next=8441937711 tgt=8686956520 f=0.405 u=0 breach=3 end=
CBAP_MIG t=31290000 epoch=6258 flow=9 side=new cur=8275160204 next=8441937711 tgt=8686956520 f=0.405 u=0 breach=3 end=
CBAP_MIG t=31290000 epoch=6258 flow=10 side=new cur=8275160204 next=8441937711 tgt=8686956520 f=0.405 u=0 breach=3 end=
CBAP_MIG t=31290000 epoch=6258 flow=13 side=new cur=8275160204 next=8441937711 tgt=8686956520 f=0.405 u=0 breach=3 end=
CBAP_MIG t=31290000 epoch=6258 flow=14 side=new cur=8275160204 next=8441937711 tgt=8686956520 f=0.405 u=0 breach=3 end=
CBAP_MIG t=31290000 epoch=6258 flow=16 side=new cur=8275160204 next=8441937711 tgt=8686956520 f=0.405 u=0 breach=3 end=
CBAP_MIG t=31290000 epoch=6258 flow=19 side=new cur=8275160204 next=8441937711 tgt=8686956520 f=0.405 u=0 breach=3 end=
CBAP_MIG t=31290000 epoch=6258 flow=22 side=new cur=8275160204 next=8441937711 tgt=8686956520 f=0.405 u=0 breach=3 end=
CBAP_MIG t=31290000 epoch=6258 flow=23 side=new cur=8275160204 next=8441937711 tgt=8686956520 f=0.405 u=0 breach=3 end=
CBAP_MIG t=31290000 epoch=6258 flow=28 side=new cur=8275160204 next=8441937711 tgt=8686956520 f=0.405 u=0 breach=3 end=
CBAP_MIG t=31290000 epoch=6258 flow=33 side=new cur=8275160204 next=8441937711 tgt=8686956520 f=0.405 u=0 breach=3 end=
CBAP_MIG t=31290000 epoch=6258 flow=39 side=new cur=8275160204 next=8441937711 tgt=8686956520 f=0.405 u=0 breach=3 end=
CBAP_MIG t=31290000 epoch=6258 flow=40 side=new cur=8275160204 next=8441937711 tgt=8686956520 f=0.405 u=0 breach=3 end=
CBAP_MIG t=31290000 epoch=6258 flow=43 side=new cur=8275160204 next=8441937711 tgt=8686956520 f=0.405 u=0 breach=3 end=
CBAP_MIG t=31290000 epoch=6258 flow=45 side=new cur=8275160204 next=8441937711 tgt=8686956520 f=0.405 u=0 breach=3 end=
CBAP_MIG t=31290000 epoch=6258 flow=47 side=new cur=8275160204 next=8441937711 tgt=8686956520 f=0.405 u=0 breach=3 end=
CBAP_MIG t=31290000 epoch=6258 flow=50 side=new cur=8275160204 next=8441937711 tgt=8686956520 f=0.405 u=0 breach=3 end=
CBAP_MIG t=31290000 epoch=6258 flow=55 side=new cur=8275160204 next=8441937711 tgt=8686956520 f=0.405 u=0 breach=3 end=
CBAP_MIG t=31290000 epoch=6258 flow=58 side=new cur=8275160204 next=8441937711 tgt=8686956520 f=0.405 u=0 breach=3 end=
CBAP_MIG t=31290000 epoch=6258 flow=63 side=new cur=8275160204 next=8441937711 tgt=8686956520 f=0.405 u=0 breach=3 end=
CBAP_MIG t=31290000 epoch=6258 flow=64 side=new cur=8275160204 next=8441937711 tgt=8686956520 f=0.405 u=0 breach=3 end=
CBAP_MIG_REPLAN t=31295000 reason=active_set_shrank flow=0 batch=0 newest_batch=1 cur=2000000127 target=2000000000 ceiling=190000000000 old_side_present=1
CBAP_MIG_REPLAN t=31295000 reason=active_set_shrank flow=1 batch=1 newest_batch=1 cur=8441937711 target=9081818181 ceiling=200000000000 old_side_present=1
CBAP_MIG_REPLAN t=31295000 reason=active_set_shrank flow=2 batch=1 newest_batch=1 cur=8441937711 target=9081818181 ceiling=200000000000 old_side_present=1
CBAP_MIG_REPLAN t=31295000 reason=active_set_shrank flow=4 batch=1 newest_batch=1 cur=8441937711 target=9081818181 ceiling=200000000000 old_side_present=1
CBAP_MIG_REPLAN t=31295000 reason=active_set_shrank flow=9 batch=1 newest_batch=1 cur=8441937711 target=9081818181 ceiling=200000000000 old_side_present=1
CBAP_MIG_REPLAN t=31295000 reason=active_set_shrank flow=10 batch=1 newest_batch=1 cur=8441937711 target=9081818181 ceiling=200000000000 old_side_present=1
CBAP_MIG_REPLAN t=31295000 reason=active_set_shrank flow=13 batch=1 newest_batch=1 cur=8441937711 target=9081818181 ceiling=200000000000 old_side_present=1
CBAP_MIG_REPLAN t=31295000 reason=active_set_shrank flow=14 batch=1 newest_batch=1 cur=8441937711 target=9081818181 ceiling=200000000000 old_side_present=1
CBAP_MIG_REPLAN t=31295000 reason=active_set_shrank flow=16 batch=1 newest_batch=1 cur=8441937711 target=9081818181 ceiling=200000000000 old_side_present=1
CBAP_MIG_REPLAN t=31295000 reason=active_set_shrank flow=19 batch=1 newest_batch=1 cur=8441937711 target=9081818181 ceiling=200000000000 old_side_present=1
CBAP_MIG_REPLAN t=31295000 reason=active_set_shrank flow=22 batch=1 newest_batch=1 cur=8441937711 target=9081818181 ceiling=200000000000 old_side_present=1
CBAP_MIG_REPLAN t=31295000 reason=active_set_shrank flow=23 batch=1 newest_batch=1 cur=8441937711 target=9081818181 ceiling=200000000000 old_side_present=1
CBAP_MIG_REPLAN t=31295000 reason=active_set_shrank flow=28 batch=1 newest_batch=1 cur=8441937711 target=9081818181 ceiling=200000000000 old_side_present=1
CBAP_MIG_REPLAN t=31295000 reason=active_set_shrank flow=33 batch=1 newest_batch=1 cur=8441937711 target=9081818181 ceiling=200000000000 old_side_present=1
CBAP_MIG_REPLAN t=31295000 reason=active_set_shrank flow=39 batch=1 newest_batch=1 cur=8441937711 target=9081818181 ceiling=200000000000 old_side_present=1
CBAP_MIG_REPLAN t=31295000 reason=active_set_shrank flow=40 batch=1 newest_batch=1 cur=8441937711 target=9081818181 ceiling=200000000000 old_side_present=1
CBAP_MIG_REPLAN t=31295000 reason=active_set_shrank flow=45 batch=1 newest_batch=1 cur=8441937711 target=9081818181 ceiling=200000000000 old_side_present=1
CBAP_MIG_REPLAN t=31295000 reason=active_set_shrank flow=47 batch=1 newest_batch=1 cur=8441937711 target=9081818181 ceiling=200000000000 old_side_present=1
CBAP_MIG_REPLAN t=31295000 reason=active_set_shrank flow=50 batch=1 newest_batch=1 cur=8441937711 target=9081818181 ceiling=200000000000 old_side_present=1
CBAP_MIG_REPLAN t=31295000 reason=active_set_shrank flow=55 batch=1 newest_batch=1 cur=8441937711 target=9081818181 ceiling=200000000000 old_side_present=1
CBAP_MIG_REPLAN t=31295000 reason=active_set_shrank flow=58 batch=1 newest_batch=1 cur=8441937711 target=9081818181 ceiling=200000000000 old_side_present=1
CBAP_MIG_REPLAN t=31295000 reason=active_set_shrank flow=63 batch=1 newest_batch=1 cur=8441937711 target=9081818181 ceiling=200000000000 old_side_present=1
CBAP_MIG_REPLAN t=31295000 reason=active_set_shrank flow=64 batch=1 newest_batch=1 cur=8441937711 target=9081818181 ceiling=200000000000 old_side_present=1
CBAP_MIG t=31295000 epoch=6259 flow=0 side=old cur=2000000127 next=2000000088 tgt=2000000000 f=0.3 u=0 breach=0 end=converged
CBAP_MIG t=31295000 epoch=6259 flow=1 side=new cur=8441937711 next=8701089301 tgt=9081818181 f=0.405 u=0 breach=3 end=
CBAP_MIG t=31295000 epoch=6259 flow=2 side=new cur=8441937711 next=8701089301 tgt=9081818181 f=0.405 u=0 breach=3 end=
CBAP_MIG t=31295000 epoch=6259 flow=4 side=new cur=8441937711 next=8701089301 tgt=9081818181 f=0.405 u=0 breach=3 end=
CBAP_MIG t=31295000 epoch=6259 flow=9 side=new cur=8441937711 next=8701089301 tgt=9081818181 f=0.405 u=0 breach=3 end=
CBAP_MIG t=31295000 epoch=6259 flow=10 side=new cur=8441937711 next=8701089301 tgt=9081818181 f=0.405 u=0 breach=3 end=
CBAP_MIG t=31295000 epoch=6259 flow=13 side=new cur=8441937711 next=8701089301 tgt=9081818181 f=0.405 u=0 breach=3 end=
CBAP_MIG t=31295000 epoch=6259 flow=14 side=new cur=8441937711 next=8701089301 tgt=9081818181 f=0.405 u=0 breach=3 end=
CBAP_MIG t=31295000 epoch=6259 flow=16 side=new cur=8441937711 next=8701089301 tgt=9081818181 f=0.405 u=0 breach=3 end=
CBAP_MIG t=31295000 epoch=6259 flow=19 side=new cur=8441937711 next=8701089301 tgt=9081818181 f=0.405 u=0 breach=3 end=
CBAP_MIG t=31295000 epoch=6259 flow=22 side=new cur=8441937711 next=8701089301 tgt=9081818181 f=0.405 u=0 breach=3 end=
CBAP_MIG t=31295000 epoch=6259 flow=23 side=new cur=8441937711 next=8701089301 tgt=9081818181 f=0.405 u=0 breach=3 end=
CBAP_MIG t=31295000 epoch=6259 flow=28 side=new cur=8441937711 next=8701089301 tgt=9081818181 f=0.405 u=0 breach=3 end=
CBAP_MIG t=31295000 epoch=6259 flow=33 side=new cur=8441937711 next=8701089301 tgt=9081818181 f=0.405 u=0 breach=3 end=
CBAP_MIG t=31295000 epoch=6259 flow=39 side=new cur=8441937711 next=8701089301 tgt=9081818181 f=0.405 u=0 breach=3 end=
CBAP_MIG t=31295000 epoch=6259 flow=40 side=new cur=8441937711 next=8701089301 tgt=9081818181 f=0.405 u=0 breach=3 end=
CBAP_MIG t=31295000 epoch=6259 flow=45 side=new cur=8441937711 next=8701089301 tgt=9081818181 f=0.405 u=0 breach=3 end=
CBAP_MIG t=31295000 epoch=6259 flow=47 side=new cur=8441937711 next=8701089301 tgt=9081818181 f=0.405 u=0 breach=3 end=
CBAP_MIG t=31295000 epoch=6259 flow=50 side=new cur=8441937711 next=8701089301 tgt=9081818181 f=0.405 u=0 breach=3 end=
CBAP_MIG t=31295000 epoch=6259 flow=55 side=new cur=8441937711 next=8701089301 tgt=9081818181 f=0.405 u=0 breach=3 end=
CBAP_MIG t=31295000 epoch=6259 flow=58 side=new cur=8441937711 next=8701089301 tgt=9081818181 f=0.405 u=0 breach=3 end=
CBAP_MIG t=31295000 epoch=6259 flow=63 side=new cur=8441937711 next=8701089301 tgt=9081818181 f=0.405 u=0 breach=3 end=
CBAP_MIG t=31295000 epoch=6259 flow=64 side=new cur=8441937711 next=8701089301 tgt=9081818181 f=0.405 u=0 breach=3 end=
CBAP_MIG_REPLAN t=31300000 reason=active_set_shrank flow=0 batch=0 newest_batch=1 cur=2000000088 target=2000000000 ceiling=190000000000 old_side_present=1
CBAP_MIG_REPLAN t=31300000 reason=active_set_shrank flow=1 batch=1 newest_batch=1 cur=8701089301 target=9514285713 ceiling=200000000000 old_side_present=1
CBAP_MIG_REPLAN t=31300000 reason=active_set_shrank flow=2 batch=1 newest_batch=1 cur=8701089301 target=9514285713 ceiling=200000000000 old_side_present=1
CBAP_MIG_REPLAN t=31300000 reason=active_set_shrank flow=9 batch=1 newest_batch=1 cur=8701089301 target=9514285713 ceiling=200000000000 old_side_present=1
CBAP_MIG_REPLAN t=31300000 reason=active_set_shrank flow=10 batch=1 newest_batch=1 cur=8701089301 target=9514285713 ceiling=200000000000 old_side_present=1
CBAP_MIG_REPLAN t=31300000 reason=active_set_shrank flow=13 batch=1 newest_batch=1 cur=8701089301 target=9514285713 ceiling=200000000000 old_side_present=1
CBAP_MIG_REPLAN t=31300000 reason=active_set_shrank flow=14 batch=1 newest_batch=1 cur=8701089301 target=9514285713 ceiling=200000000000 old_side_present=1
CBAP_MIG_REPLAN t=31300000 reason=active_set_shrank flow=16 batch=1 newest_batch=1 cur=8701089301 target=9514285713 ceiling=200000000000 old_side_present=1
CBAP_MIG_REPLAN t=31300000 reason=active_set_shrank flow=19 batch=1 newest_batch=1 cur=8701089301 target=9514285713 ceiling=200000000000 old_side_present=1
CBAP_MIG_REPLAN t=31300000 reason=active_set_shrank flow=22 batch=1 newest_batch=1 cur=8701089301 target=9514285713 ceiling=200000000000 old_side_present=1
CBAP_MIG_REPLAN t=31300000 reason=active_set_shrank flow=23 batch=1 newest_batch=1 cur=8701089301 target=9514285713 ceiling=200000000000 old_side_present=1
CBAP_MIG_REPLAN t=31300000 reason=active_set_shrank flow=28 batch=1 newest_batch=1 cur=8701089301 target=9514285713 ceiling=200000000000 old_side_present=1
CBAP_MIG_REPLAN t=31300000 reason=active_set_shrank flow=33 batch=1 newest_batch=1 cur=8701089301 target=9514285713 ceiling=200000000000 old_side_present=1
CBAP_MIG_REPLAN t=31300000 reason=active_set_shrank flow=39 batch=1 newest_batch=1 cur=8701089301 target=9514285713 ceiling=200000000000 old_side_present=1
CBAP_MIG_REPLAN t=31300000 reason=active_set_shrank flow=40 batch=1 newest_batch=1 cur=8701089301 target=9514285713 ceiling=200000000000 old_side_present=1
CBAP_MIG_REPLAN t=31300000 reason=active_set_shrank flow=45 batch=1 newest_batch=1 cur=8701089301 target=9514285713 ceiling=200000000000 old_side_present=1
CBAP_MIG_REPLAN t=31300000 reason=active_set_shrank flow=47 batch=1 newest_batch=1 cur=8701089301 target=9514285713 ceiling=200000000000 old_side_present=1
CBAP_MIG_REPLAN t=31300000 reason=active_set_shrank flow=50 batch=1 newest_batch=1 cur=8701089301 target=9514285713 ceiling=200000000000 old_side_present=1
CBAP_MIG_REPLAN t=31300000 reason=active_set_shrank flow=55 batch=1 newest_batch=1 cur=8701089301 target=9514285713 ceiling=200000000000 old_side_present=1
CBAP_MIG_REPLAN t=31300000 reason=active_set_shrank flow=58 batch=1 newest_batch=1 cur=8701089301 target=9514285713 ceiling=200000000000 old_side_present=1
CBAP_MIG_REPLAN t=31300000 reason=active_set_shrank flow=63 batch=1 newest_batch=1 cur=8701089301 target=9514285713 ceiling=200000000000 old_side_present=1
CBAP_MIG_REPLAN t=31300000 reason=active_set_shrank flow=64 batch=1 newest_batch=1 cur=8701089301 target=9514285713 ceiling=200000000000 old_side_present=1
CBAP_MIG t=31300000 epoch=6260 flow=0 side=old cur=2000000088 next=2000000061 tgt=2000000000 f=0.3 u=0 breach=0 end=converged
CBAP_MIG t=31300000 epoch=6260 flow=1 side=new cur=8701089301 next=9030433847 tgt=9514285713 f=0.405 u=0 breach=3 end=
CBAP_MIG t=31300000 epoch=6260 flow=2 side=new cur=8701089301 next=9030433847 tgt=9514285713 f=0.405 u=0 breach=3 end=
CBAP_MIG t=31300000 epoch=6260 flow=9 side=new cur=8701089301 next=9030433847 tgt=9514285713 f=0.405 u=0 breach=3 end=
CBAP_MIG t=31300000 epoch=6260 flow=10 side=new cur=8701089301 next=9030433847 tgt=9514285713 f=0.405 u=0 breach=3 end=
CBAP_MIG t=31300000 epoch=6260 flow=13 side=new cur=8701089301 next=9030433847 tgt=9514285713 f=0.405 u=0 breach=3 end=
CBAP_MIG t=31300000 epoch=6260 flow=14 side=new cur=8701089301 next=9030433847 tgt=9514285713 f=0.405 u=0 breach=3 end=
CBAP_MIG t=31300000 epoch=6260 flow=16 side=new cur=8701089301 next=9030433847 tgt=9514285713 f=0.405 u=0 breach=3 end=
CBAP_MIG t=31300000 epoch=6260 flow=19 side=new cur=8701089301 next=9030433847 tgt=9514285713 f=0.405 u=0 breach=3 end=
CBAP_MIG t=31300000 epoch=6260 flow=22 side=new cur=8701089301 next=9030433847 tgt=9514285713 f=0.405 u=0 breach=3 end=
CBAP_MIG t=31300000 epoch=6260 flow=23 side=new cur=8701089301 next=9030433847 tgt=9514285713 f=0.405 u=0 breach=3 end=
CBAP_MIG t=31300000 epoch=6260 flow=28 side=new cur=8701089301 next=9030433847 tgt=9514285713 f=0.405 u=0 breach=3 end=
CBAP_MIG t=31300000 epoch=6260 flow=33 side=new cur=8701089301 next=9030433847 tgt=9514285713 f=0.405 u=0 breach=3 end=
CBAP_MIG t=31300000 epoch=6260 flow=39 side=new cur=8701089301 next=9030433847 tgt=9514285713 f=0.405 u=0 breach=3 end=
CBAP_MIG t=31300000 epoch=6260 flow=40 side=new cur=8701089301 next=9030433847 tgt=9514285713 f=0.405 u=0 breach=3 end=
CBAP_MIG t=31300000 epoch=6260 flow=45 side=new cur=8701089301 next=9030433847 tgt=9514285713 f=0.405 u=0 breach=3 end=
CBAP_MIG t=31300000 epoch=6260 flow=47 side=new cur=8701089301 next=9030433847 tgt=9514285713 f=0.405 u=0 breach=3 end=
CBAP_MIG t=31300000 epoch=6260 flow=50 side=new cur=8701089301 next=9030433847 tgt=9514285713 f=0.405 u=0 breach=3 end=
CBAP_MIG t=31300000 epoch=6260 flow=55 side=new cur=8701089301 next=9030433847 tgt=9514285713 f=0.405 u=0 breach=3 end=
CBAP_MIG t=31300000 epoch=6260 flow=58 side=new cur=8701089301 next=9030433847 tgt=9514285713 f=0.405 u=0 breach=3 end=
CBAP_MIG t=31300000 epoch=6260 flow=63 side=new cur=8701089301 next=9030433847 tgt=9514285713 f=0.405 u=0 breach=3 end=
CBAP_MIG t=31300000 epoch=6260 flow=64 side=new cur=8701089301 next=9030433847 tgt=9514285713 f=0.405 u=0 breach=3 end=
CBAP_MIG t=31305000 epoch=6261 flow=1 side=new cur=9030433847 next=9226393852 tgt=9514285713 f=0.405 u=0 breach=3 end=
CBAP_MIG t=31305000 epoch=6261 flow=2 side=new cur=9030433847 next=9226393852 tgt=9514285713 f=0.405 u=0 breach=3 end=
CBAP_MIG t=31305000 epoch=6261 flow=9 side=new cur=9030433847 next=9226393852 tgt=9514285713 f=0.405 u=0 breach=3 end=
CBAP_MIG t=31305000 epoch=6261 flow=10 side=new cur=9030433847 next=9226393852 tgt=9514285713 f=0.405 u=0 breach=3 end=
CBAP_MIG t=31305000 epoch=6261 flow=13 side=new cur=9030433847 next=9226393852 tgt=9514285713 f=0.405 u=0 breach=3 end=
CBAP_MIG t=31305000 epoch=6261 flow=14 side=new cur=9030433847 next=9226393852 tgt=9514285713 f=0.405 u=0 breach=3 end=
CBAP_MIG t=31305000 epoch=6261 flow=16 side=new cur=9030433847 next=9226393852 tgt=9514285713 f=0.405 u=0 breach=3 end=
CBAP_MIG t=31305000 epoch=6261 flow=19 side=new cur=9030433847 next=9226393852 tgt=9514285713 f=0.405 u=0 breach=3 end=
CBAP_MIG t=31305000 epoch=6261 flow=22 side=new cur=9030433847 next=9226393852 tgt=9514285713 f=0.405 u=0 breach=3 end=
CBAP_MIG t=31305000 epoch=6261 flow=23 side=new cur=9030433847 next=9226393852 tgt=9514285713 f=0.405 u=0 breach=3 end=
CBAP_MIG t=31305000 epoch=6261 flow=28 side=new cur=9030433847 next=9226393852 tgt=9514285713 f=0.405 u=0 breach=3 end=
CBAP_MIG t=31305000 epoch=6261 flow=33 side=new cur=9030433847 next=9226393852 tgt=9514285713 f=0.405 u=0 breach=3 end=
CBAP_MIG t=31305000 epoch=6261 flow=39 side=new cur=9030433847 next=9226393852 tgt=9514285713 f=0.405 u=0 breach=3 end=
CBAP_MIG t=31305000 epoch=6261 flow=40 side=new cur=9030433847 next=9226393852 tgt=9514285713 f=0.405 u=0 breach=3 end=
CBAP_MIG t=31305000 epoch=6261 flow=45 side=new cur=9030433847 next=9226393852 tgt=9514285713 f=0.405 u=0 breach=3 end=
CBAP_MIG t=31305000 epoch=6261 flow=47 side=new cur=9030433847 next=9226393852 tgt=9514285713 f=0.405 u=0 breach=3 end=
CBAP_MIG t=31305000 epoch=6261 flow=50 side=new cur=9030433847 next=9226393852 tgt=9514285713 f=0.405 u=0 breach=3 end=
CBAP_MIG t=31305000 epoch=6261 flow=55 side=new cur=9030433847 next=9226393852 tgt=9514285713 f=0.405 u=0 breach=3 end=
CBAP_MIG t=31305000 epoch=6261 flow=58 side=new cur=9030433847 next=9226393852 tgt=9514285713 f=0.405 u=0 breach=3 end=
CBAP_MIG t=31305000 epoch=6261 flow=63 side=new cur=9030433847 next=9226393852 tgt=9514285713 f=0.405 u=0 breach=3 end=
CBAP_MIG t=31305000 epoch=6261 flow=64 side=new cur=9030433847 next=9226393852 tgt=9514285713 f=0.405 u=0 breach=3 end=
CBAP_MIG t=31310000 epoch=6262 flow=1 side=new cur=9226393852 next=9342990055 tgt=9514285713 f=0.405 u=0 breach=3 end=
CBAP_MIG t=31310000 epoch=6262 flow=2 side=new cur=9226393852 next=9342990055 tgt=9514285713 f=0.405 u=0 breach=3 end=
CBAP_MIG t=31310000 epoch=6262 flow=9 side=new cur=9226393852 next=9342990055 tgt=9514285713 f=0.405 u=0 breach=3 end=
CBAP_MIG t=31310000 epoch=6262 flow=10 side=new cur=9226393852 next=9342990055 tgt=9514285713 f=0.405 u=0 breach=3 end=
CBAP_MIG t=31310000 epoch=6262 flow=13 side=new cur=9226393852 next=9342990055 tgt=9514285713 f=0.405 u=0 breach=3 end=
CBAP_MIG t=31310000 epoch=6262 flow=14 side=new cur=9226393852 next=9342990055 tgt=9514285713 f=0.405 u=0 breach=3 end=
CBAP_MIG t=31310000 epoch=6262 flow=16 side=new cur=9226393852 next=9342990055 tgt=9514285713 f=0.405 u=0 breach=3 end=
CBAP_MIG t=31310000 epoch=6262 flow=19 side=new cur=9226393852 next=9342990055 tgt=9514285713 f=0.405 u=0 breach=3 end=
CBAP_MIG t=31310000 epoch=6262 flow=22 side=new cur=9226393852 next=9342990055 tgt=9514285713 f=0.405 u=0 breach=3 end=
CBAP_MIG t=31310000 epoch=6262 flow=23 side=new cur=9226393852 next=9342990055 tgt=9514285713 f=0.405 u=0 breach=3 end=
CBAP_MIG t=31310000 epoch=6262 flow=28 side=new cur=9226393852 next=9342990055 tgt=9514285713 f=0.405 u=0 breach=3 end=
CBAP_MIG t=31310000 epoch=6262 flow=33 side=new cur=9226393852 next=9342990055 tgt=9514285713 f=0.405 u=0 breach=3 end=
CBAP_MIG t=31310000 epoch=6262 flow=39 side=new cur=9226393852 next=9342990055 tgt=9514285713 f=0.405 u=0 breach=3 end=
CBAP_MIG t=31310000 epoch=6262 flow=40 side=new cur=9226393852 next=9342990055 tgt=9514285713 f=0.405 u=0 breach=3 end=
CBAP_MIG t=31310000 epoch=6262 flow=45 side=new cur=9226393852 next=9342990055 tgt=9514285713 f=0.405 u=0 breach=3 end=
CBAP_MIG t=31310000 epoch=6262 flow=47 side=new cur=9226393852 next=9342990055 tgt=9514285713 f=0.405 u=0 breach=3 end=
CBAP_MIG t=31310000 epoch=6262 flow=50 side=new cur=9226393852 next=9342990055 tgt=9514285713 f=0.405 u=0 breach=3 end=
CBAP_MIG t=31310000 epoch=6262 flow=55 side=new cur=9226393852 next=9342990055 tgt=9514285713 f=0.405 u=0 breach=3 end=
CBAP_MIG t=31310000 epoch=6262 flow=58 side=new cur=9226393852 next=9342990055 tgt=9514285713 f=0.405 u=0 breach=3 end=
CBAP_MIG t=31310000 epoch=6262 flow=63 side=new cur=9226393852 next=9342990055 tgt=9514285713 f=0.405 u=0 breach=3 end=
CBAP_MIG t=31310000 epoch=6262 flow=64 side=new cur=9226393852 next=9342990055 tgt=9514285713 f=0.405 u=0 breach=3 end=
CBAP_MIG t=31315000 epoch=6263 flow=1 side=new cur=9342990055 next=9412364796 tgt=9514285713 f=0.405 u=0 breach=3 end=
CBAP_MIG t=31315000 epoch=6263 flow=2 side=new cur=9342990055 next=9412364796 tgt=9514285713 f=0.405 u=0 breach=3 end=
CBAP_MIG t=31315000 epoch=6263 flow=9 side=new cur=9342990055 next=9412364796 tgt=9514285713 f=0.405 u=0 breach=3 end=
CBAP_MIG t=31315000 epoch=6263 flow=10 side=new cur=9342990055 next=9412364796 tgt=9514285713 f=0.405 u=0 breach=3 end=
CBAP_MIG t=31315000 epoch=6263 flow=13 side=new cur=9342990055 next=9412364796 tgt=9514285713 f=0.405 u=0 breach=3 end=
CBAP_MIG t=31315000 epoch=6263 flow=14 side=new cur=9342990055 next=9412364796 tgt=9514285713 f=0.405 u=0 breach=3 end=
CBAP_MIG t=31315000 epoch=6263 flow=16 side=new cur=9342990055 next=9412364796 tgt=9514285713 f=0.405 u=0 breach=3 end=
CBAP_MIG t=31315000 epoch=6263 flow=19 side=new cur=9342990055 next=9412364796 tgt=9514285713 f=0.405 u=0 breach=3 end=
CBAP_MIG t=31315000 epoch=6263 flow=22 side=new cur=9342990055 next=9412364796 tgt=9514285713 f=0.405 u=0 breach=3 end=
CBAP_MIG t=31315000 epoch=6263 flow=23 side=new cur=9342990055 next=9412364796 tgt=9514285713 f=0.405 u=0 breach=3 end=
CBAP_MIG t=31315000 epoch=6263 flow=28 side=new cur=9342990055 next=9412364796 tgt=9514285713 f=0.405 u=0 breach=3 end=
CBAP_MIG t=31315000 epoch=6263 flow=33 side=new cur=9342990055 next=9412364796 tgt=9514285713 f=0.405 u=0 breach=3 end=
CBAP_MIG t=31315000 epoch=6263 flow=39 side=new cur=9342990055 next=9412364796 tgt=9514285713 f=0.405 u=0 breach=3 end=
CBAP_MIG t=31315000 epoch=6263 flow=40 side=new cur=9342990055 next=9412364796 tgt=9514285713 f=0.405 u=0 breach=3 end=
CBAP_MIG t=31315000 epoch=6263 flow=45 side=new cur=9342990055 next=9412364796 tgt=9514285713 f=0.405 u=0 breach=3 end=
CBAP_MIG t=31315000 epoch=6263 flow=47 side=new cur=9342990055 next=9412364796 tgt=9514285713 f=0.405 u=0 breach=3 end=
CBAP_MIG t=31315000 epoch=6263 flow=50 side=new cur=9342990055 next=9412364796 tgt=9514285713 f=0.405 u=0 breach=3 end=
CBAP_MIG t=31315000 epoch=6263 flow=55 side=new cur=9342990055 next=9412364796 tgt=9514285713 f=0.405 u=0 breach=3 end=
CBAP_MIG t=31315000 epoch=6263 flow=58 side=new cur=9342990055 next=9412364796 tgt=9514285713 f=0.405 u=0 breach=3 end=
CBAP_MIG t=31315000 epoch=6263 flow=63 side=new cur=9342990055 next=9412364796 tgt=9514285713 f=0.405 u=0 breach=3 end=
CBAP_MIG t=31315000 epoch=6263 flow=64 side=new cur=9342990055 next=9412364796 tgt=9514285713 f=0.405 u=0 breach=3 end=
CBAP_MIG t=31320000 epoch=6264 flow=1 side=new cur=9412364796 next=9453642767 tgt=9514285713 f=0.405 u=0 breach=3 end=converged
CBAP_MIG t=31320000 epoch=6264 flow=2 side=new cur=9412364796 next=9453642767 tgt=9514285713 f=0.405 u=0 breach=3 end=converged
CBAP_MIG t=31320000 epoch=6264 flow=9 side=new cur=9412364796 next=9453642767 tgt=9514285713 f=0.405 u=0 breach=3 end=converged
CBAP_MIG t=31320000 epoch=6264 flow=10 side=new cur=9412364796 next=9453642767 tgt=9514285713 f=0.405 u=0 breach=3 end=converged
CBAP_MIG t=31320000 epoch=6264 flow=13 side=new cur=9412364796 next=9453642767 tgt=9514285713 f=0.405 u=0 breach=3 end=converged
CBAP_MIG t=31320000 epoch=6264 flow=14 side=new cur=9412364796 next=9453642767 tgt=9514285713 f=0.405 u=0 breach=3 end=converged
CBAP_MIG t=31320000 epoch=6264 flow=16 side=new cur=9412364796 next=9453642767 tgt=9514285713 f=0.405 u=0 breach=3 end=converged
CBAP_MIG t=31320000 epoch=6264 flow=19 side=new cur=9412364796 next=9453642767 tgt=9514285713 f=0.405 u=0 breach=3 end=converged
CBAP_MIG t=31320000 epoch=6264 flow=22 side=new cur=9412364796 next=9453642767 tgt=9514285713 f=0.405 u=0 breach=3 end=converged
CBAP_MIG t=31320000 epoch=6264 flow=23 side=new cur=9412364796 next=9453642767 tgt=9514285713 f=0.405 u=0 breach=3 end=converged
CBAP_MIG t=31320000 epoch=6264 flow=28 side=new cur=9412364796 next=9453642767 tgt=9514285713 f=0.405 u=0 breach=3 end=converged
CBAP_MIG t=31320000 epoch=6264 flow=33 side=new cur=9412364796 next=9453642767 tgt=9514285713 f=0.405 u=0 breach=3 end=converged
CBAP_MIG t=31320000 epoch=6264 flow=39 side=new cur=9412364796 next=9453642767 tgt=9514285713 f=0.405 u=0 breach=3 end=converged
CBAP_MIG t=31320000 epoch=6264 flow=40 side=new cur=9412364796 next=9453642767 tgt=9514285713 f=0.405 u=0 breach=3 end=converged
CBAP_MIG t=31320000 epoch=6264 flow=45 side=new cur=9412364796 next=9453642767 tgt=9514285713 f=0.405 u=0 breach=3 end=converged
CBAP_MIG t=31320000 epoch=6264 flow=47 side=new cur=9412364796 next=9453642767 tgt=9514285713 f=0.405 u=0 breach=3 end=converged
CBAP_MIG t=31320000 epoch=6264 flow=50 side=new cur=9412364796 next=9453642767 tgt=9514285713 f=0.405 u=0 breach=3 end=converged
CBAP_MIG t=31320000 epoch=6264 flow=55 side=new cur=9412364796 next=9453642767 tgt=9514285713 f=0.405 u=0 breach=3 end=converged
CBAP_MIG t=31320000 epoch=6264 flow=58 side=new cur=9412364796 next=9453642767 tgt=9514285713 f=0.405 u=0 breach=3 end=converged
CBAP_MIG t=31320000 epoch=6264 flow=63 side=new cur=9412364796 next=9453642767 tgt=9514285713 f=0.405 u=0 breach=3 end=converged
CBAP_MIG t=31320000 epoch=6264 flow=64 side=new cur=9412364796 next=9453642767 tgt=9514285713 f=0.405 u=0 breach=3 end=converged
CBAP_MIG_REPLAN t=31325000 reason=active_set_shrank flow=0 batch=0 newest_batch=1 cur=2000000061 target=2000000000 ceiling=190000000000 old_side_present=1
CBAP_MIG_REPLAN t=31325000 reason=active_set_shrank flow=1 batch=1 newest_batch=1 cur=9453642767 target=10189999999 ceiling=200000000000 old_side_present=1
CBAP_MIG_REPLAN t=31325000 reason=active_set_shrank flow=9 batch=1 newest_batch=1 cur=9453642767 target=10189999999 ceiling=200000000000 old_side_present=1
CBAP_MIG_REPLAN t=31325000 reason=active_set_shrank flow=10 batch=1 newest_batch=1 cur=9453642767 target=10189999999 ceiling=200000000000 old_side_present=1
CBAP_MIG_REPLAN t=31325000 reason=active_set_shrank flow=13 batch=1 newest_batch=1 cur=9453642767 target=10189999999 ceiling=200000000000 old_side_present=1
CBAP_MIG_REPLAN t=31325000 reason=active_set_shrank flow=14 batch=1 newest_batch=1 cur=9453642767 target=10189999999 ceiling=200000000000 old_side_present=1
CBAP_MIG_REPLAN t=31325000 reason=active_set_shrank flow=16 batch=1 newest_batch=1 cur=9453642767 target=10189999999 ceiling=200000000000 old_side_present=1
CBAP_MIG_REPLAN t=31325000 reason=active_set_shrank flow=19 batch=1 newest_batch=1 cur=9453642767 target=10189999999 ceiling=200000000000 old_side_present=1
CBAP_MIG_REPLAN t=31325000 reason=active_set_shrank flow=22 batch=1 newest_batch=1 cur=9453642767 target=10189999999 ceiling=200000000000 old_side_present=1
CBAP_MIG_REPLAN t=31325000 reason=active_set_shrank flow=23 batch=1 newest_batch=1 cur=9453642767 target=10189999999 ceiling=200000000000 old_side_present=1
CBAP_MIG_REPLAN t=31325000 reason=active_set_shrank flow=28 batch=1 newest_batch=1 cur=9453642767 target=10189999999 ceiling=200000000000 old_side_present=1
CBAP_MIG_REPLAN t=31325000 reason=active_set_shrank flow=33 batch=1 newest_batch=1 cur=9453642767 target=10189999999 ceiling=200000000000 old_side_present=1
CBAP_MIG_REPLAN t=31325000 reason=active_set_shrank flow=39 batch=1 newest_batch=1 cur=9453642767 target=10189999999 ceiling=200000000000 old_side_present=1
CBAP_MIG_REPLAN t=31325000 reason=active_set_shrank flow=40 batch=1 newest_batch=1 cur=9453642767 target=10189999999 ceiling=200000000000 old_side_present=1
CBAP_MIG_REPLAN t=31325000 reason=active_set_shrank flow=45 batch=1 newest_batch=1 cur=9453642767 target=10189999999 ceiling=200000000000 old_side_present=1
CBAP_MIG_REPLAN t=31325000 reason=active_set_shrank flow=47 batch=1 newest_batch=1 cur=9453642767 target=10189999999 ceiling=200000000000 old_side_present=1
CBAP_MIG_REPLAN t=31325000 reason=active_set_shrank flow=50 batch=1 newest_batch=1 cur=9453642767 target=10189999999 ceiling=200000000000 old_side_present=1
CBAP_MIG_REPLAN t=31325000 reason=active_set_shrank flow=55 batch=1 newest_batch=1 cur=9453642767 target=10189999999 ceiling=200000000000 old_side_present=1
CBAP_MIG_REPLAN t=31325000 reason=active_set_shrank flow=58 batch=1 newest_batch=1 cur=9453642767 target=10189999999 ceiling=200000000000 old_side_present=1
CBAP_MIG_REPLAN t=31325000 reason=active_set_shrank flow=63 batch=1 newest_batch=1 cur=9453642767 target=10189999999 ceiling=200000000000 old_side_present=1
CBAP_MIG_REPLAN t=31325000 reason=active_set_shrank flow=64 batch=1 newest_batch=1 cur=9453642767 target=10189999999 ceiling=200000000000 old_side_present=1
CBAP_MIG t=31325000 epoch=6265 flow=0 side=old cur=2000000061 next=2000000042 tgt=2000000000 f=0.3 u=0 breach=0 end=converged
CBAP_MIG t=31325000 epoch=6265 flow=1 side=new cur=9453642767 next=9751867445 tgt=10189999999 f=0.405 u=0 breach=3 end=
CBAP_MIG t=31325000 epoch=6265 flow=9 side=new cur=9453642767 next=9751867445 tgt=10189999999 f=0.405 u=0 breach=3 end=
CBAP_MIG t=31325000 epoch=6265 flow=10 side=new cur=9453642767 next=9751867445 tgt=10189999999 f=0.405 u=0 breach=3 end=
CBAP_MIG t=31325000 epoch=6265 flow=13 side=new cur=9453642767 next=9751867445 tgt=10189999999 f=0.405 u=0 breach=3 end=
CBAP_MIG t=31325000 epoch=6265 flow=14 side=new cur=9453642767 next=9751867445 tgt=10189999999 f=0.405 u=0 breach=3 end=
CBAP_MIG t=31325000 epoch=6265 flow=16 side=new cur=9453642767 next=9751867445 tgt=10189999999 f=0.405 u=0 breach=3 end=
CBAP_MIG t=31325000 epoch=6265 flow=19 side=new cur=9453642767 next=9751867445 tgt=10189999999 f=0.405 u=0 breach=3 end=
CBAP_MIG t=31325000 epoch=6265 flow=22 side=new cur=9453642767 next=9751867445 tgt=10189999999 f=0.405 u=0 breach=3 end=
CBAP_MIG t=31325000 epoch=6265 flow=23 side=new cur=9453642767 next=9751867445 tgt=10189999999 f=0.405 u=0 breach=3 end=
CBAP_MIG t=31325000 epoch=6265 flow=28 side=new cur=9453642767 next=9751867445 tgt=10189999999 f=0.405 u=0 breach=3 end=
CBAP_MIG t=31325000 epoch=6265 flow=33 side=new cur=9453642767 next=9751867445 tgt=10189999999 f=0.405 u=0 breach=3 end=
CBAP_MIG t=31325000 epoch=6265 flow=39 side=new cur=9453642767 next=9751867445 tgt=10189999999 f=0.405 u=0 breach=3 end=
CBAP_MIG t=31325000 epoch=6265 flow=40 side=new cur=9453642767 next=9751867445 tgt=10189999999 f=0.405 u=0 breach=3 end=
CBAP_MIG t=31325000 epoch=6265 flow=45 side=new cur=9453642767 next=9751867445 tgt=10189999999 f=0.405 u=0 breach=3 end=
CBAP_MIG t=31325000 epoch=6265 flow=47 side=new cur=9453642767 next=9751867445 tgt=10189999999 f=0.405 u=0 breach=3 end=
CBAP_MIG t=31325000 epoch=6265 flow=50 side=new cur=9453642767 next=9751867445 tgt=10189999999 f=0.405 u=0 breach=3 end=
CBAP_MIG t=31325000 epoch=6265 flow=55 side=new cur=9453642767 next=9751867445 tgt=10189999999 f=0.405 u=0 breach=3 end=
CBAP_MIG t=31325000 epoch=6265 flow=58 side=new cur=9453642767 next=9751867445 tgt=10189999999 f=0.405 u=0 breach=3 end=
CBAP_MIG t=31325000 epoch=6265 flow=63 side=new cur=9453642767 next=9751867445 tgt=10189999999 f=0.405 u=0 breach=3 end=
CBAP_MIG t=31325000 epoch=6265 flow=64 side=new cur=9453642767 next=9751867445 tgt=10189999999 f=0.405 u=0 breach=3 end=
CBAP_MIG t=31330000 epoch=6266 flow=1 side=new cur=9751867445 next=9929311129 tgt=10189999999 f=0.405 u=0 breach=3 end=
CBAP_MIG t=31330000 epoch=6266 flow=9 side=new cur=9751867445 next=9929311129 tgt=10189999999 f=0.405 u=0 breach=3 end=
CBAP_MIG t=31330000 epoch=6266 flow=10 side=new cur=9751867445 next=9929311129 tgt=10189999999 f=0.405 u=0 breach=3 end=
CBAP_MIG t=31330000 epoch=6266 flow=13 side=new cur=9751867445 next=9929311129 tgt=10189999999 f=0.405 u=0 breach=3 end=
CBAP_MIG t=31330000 epoch=6266 flow=14 side=new cur=9751867445 next=9929311129 tgt=10189999999 f=0.405 u=0 breach=3 end=
CBAP_MIG t=31330000 epoch=6266 flow=16 side=new cur=9751867445 next=9929311129 tgt=10189999999 f=0.405 u=0 breach=3 end=
CBAP_MIG t=31330000 epoch=6266 flow=19 side=new cur=9751867445 next=9929311129 tgt=10189999999 f=0.405 u=0 breach=3 end=
CBAP_MIG t=31330000 epoch=6266 flow=22 side=new cur=9751867445 next=9929311129 tgt=10189999999 f=0.405 u=0 breach=3 end=
CBAP_MIG t=31330000 epoch=6266 flow=23 side=new cur=9751867445 next=9929311129 tgt=10189999999 f=0.405 u=0 breach=3 end=
CBAP_MIG t=31330000 epoch=6266 flow=28 side=new cur=9751867445 next=9929311129 tgt=10189999999 f=0.405 u=0 breach=3 end=
CBAP_MIG t=31330000 epoch=6266 flow=33 side=new cur=9751867445 next=9929311129 tgt=10189999999 f=0.405 u=0 breach=3 end=
CBAP_MIG t=31330000 epoch=6266 flow=39 side=new cur=9751867445 next=9929311129 tgt=10189999999 f=0.405 u=0 breach=3 end=
CBAP_MIG t=31330000 epoch=6266 flow=40 side=new cur=9751867445 next=9929311129 tgt=10189999999 f=0.405 u=0 breach=3 end=
CBAP_MIG t=31330000 epoch=6266 flow=45 side=new cur=9751867445 next=9929311129 tgt=10189999999 f=0.405 u=0 breach=3 end=
CBAP_MIG t=31330000 epoch=6266 flow=47 side=new cur=9751867445 next=9929311129 tgt=10189999999 f=0.405 u=0 breach=3 end=
CBAP_MIG t=31330000 epoch=6266 flow=50 side=new cur=9751867445 next=9929311129 tgt=10189999999 f=0.405 u=0 breach=3 end=
CBAP_MIG t=31330000 epoch=6266 flow=55 side=new cur=9751867445 next=9929311129 tgt=10189999999 f=0.405 u=0 breach=3 end=
CBAP_MIG t=31330000 epoch=6266 flow=58 side=new cur=9751867445 next=9929311129 tgt=10189999999 f=0.405 u=0 breach=3 end=
CBAP_MIG t=31330000 epoch=6266 flow=63 side=new cur=9751867445 next=9929311129 tgt=10189999999 f=0.405 u=0 breach=3 end=
CBAP_MIG t=31330000 epoch=6266 flow=64 side=new cur=9751867445 next=9929311129 tgt=10189999999 f=0.405 u=0 breach=3 end=
CBAP_MIG t=31335000 epoch=6267 flow=1 side=new cur=9929311129 next=10034890121 tgt=10189999999 f=0.405 u=0 breach=3 end=
CBAP_MIG t=31335000 epoch=6267 flow=9 side=new cur=9929311129 next=10034890121 tgt=10189999999 f=0.405 u=0 breach=3 end=
CBAP_MIG t=31335000 epoch=6267 flow=10 side=new cur=9929311129 next=10034890121 tgt=10189999999 f=0.405 u=0 breach=3 end=
CBAP_MIG t=31335000 epoch=6267 flow=13 side=new cur=9929311129 next=10034890121 tgt=10189999999 f=0.405 u=0 breach=3 end=
CBAP_MIG t=31335000 epoch=6267 flow=14 side=new cur=9929311129 next=10034890121 tgt=10189999999 f=0.405 u=0 breach=3 end=
CBAP_MIG t=31335000 epoch=6267 flow=16 side=new cur=9929311129 next=10034890121 tgt=10189999999 f=0.405 u=0 breach=3 end=
CBAP_MIG t=31335000 epoch=6267 flow=19 side=new cur=9929311129 next=10034890121 tgt=10189999999 f=0.405 u=0 breach=3 end=
CBAP_MIG t=31335000 epoch=6267 flow=22 side=new cur=9929311129 next=10034890121 tgt=10189999999 f=0.405 u=0 breach=3 end=
CBAP_MIG t=31335000 epoch=6267 flow=23 side=new cur=9929311129 next=10034890121 tgt=10189999999 f=0.405 u=0 breach=3 end=
CBAP_MIG t=31335000 epoch=6267 flow=28 side=new cur=9929311129 next=10034890121 tgt=10189999999 f=0.405 u=0 breach=3 end=
CBAP_MIG t=31335000 epoch=6267 flow=33 side=new cur=9929311129 next=10034890121 tgt=10189999999 f=0.405 u=0 breach=3 end=
CBAP_MIG t=31335000 epoch=6267 flow=39 side=new cur=9929311129 next=10034890121 tgt=10189999999 f=0.405 u=0 breach=3 end=
CBAP_MIG t=31335000 epoch=6267 flow=40 side=new cur=9929311129 next=10034890121 tgt=10189999999 f=0.405 u=0 breach=3 end=
CBAP_MIG t=31335000 epoch=6267 flow=45 side=new cur=9929311129 next=10034890121 tgt=10189999999 f=0.405 u=0 breach=3 end=
CBAP_MIG t=31335000 epoch=6267 flow=47 side=new cur=9929311129 next=10034890121 tgt=10189999999 f=0.405 u=0 breach=3 end=
CBAP_MIG t=31335000 epoch=6267 flow=50 side=new cur=9929311129 next=10034890121 tgt=10189999999 f=0.405 u=0 breach=3 end=
CBAP_MIG t=31335000 epoch=6267 flow=55 side=new cur=9929311129 next=10034890121 tgt=10189999999 f=0.405 u=0 breach=3 end=
CBAP_MIG t=31335000 epoch=6267 flow=58 side=new cur=9929311129 next=10034890121 tgt=10189999999 f=0.405 u=0 breach=3 end=
CBAP_MIG t=31335000 epoch=6267 flow=63 side=new cur=9929311129 next=10034890121 tgt=10189999999 f=0.405 u=0 breach=3 end=
CBAP_MIG t=31335000 epoch=6267 flow=64 side=new cur=9929311129 next=10034890121 tgt=10189999999 f=0.405 u=0 breach=3 end=
CBAP_MIG t=31340000 epoch=6268 flow=1 side=new cur=10034890121 next=10097709621 tgt=10189999999 f=0.405 u=0 breach=3 end=converged
CBAP_MIG t=31340000 epoch=6268 flow=9 side=new cur=10034890121 next=10097709621 tgt=10189999999 f=0.405 u=0 breach=3 end=converged
CBAP_MIG t=31340000 epoch=6268 flow=10 side=new cur=10034890121 next=10097709621 tgt=10189999999 f=0.405 u=0 breach=3 end=converged
CBAP_MIG t=31340000 epoch=6268 flow=13 side=new cur=10034890121 next=10097709621 tgt=10189999999 f=0.405 u=0 breach=3 end=converged
CBAP_MIG t=31340000 epoch=6268 flow=14 side=new cur=10034890121 next=10097709621 tgt=10189999999 f=0.405 u=0 breach=3 end=converged
CBAP_MIG t=31340000 epoch=6268 flow=16 side=new cur=10034890121 next=10097709621 tgt=10189999999 f=0.405 u=0 breach=3 end=converged
CBAP_MIG t=31340000 epoch=6268 flow=19 side=new cur=10034890121 next=10097709621 tgt=10189999999 f=0.405 u=0 breach=3 end=converged
CBAP_MIG t=31340000 epoch=6268 flow=22 side=new cur=10034890121 next=10097709621 tgt=10189999999 f=0.405 u=0 breach=3 end=converged
CBAP_MIG t=31340000 epoch=6268 flow=23 side=new cur=10034890121 next=10097709621 tgt=10189999999 f=0.405 u=0 breach=3 end=converged
CBAP_MIG t=31340000 epoch=6268 flow=28 side=new cur=10034890121 next=10097709621 tgt=10189999999 f=0.405 u=0 breach=3 end=converged
CBAP_MIG t=31340000 epoch=6268 flow=33 side=new cur=10034890121 next=10097709621 tgt=10189999999 f=0.405 u=0 breach=3 end=converged
CBAP_MIG t=31340000 epoch=6268 flow=39 side=new cur=10034890121 next=10097709621 tgt=10189999999 f=0.405 u=0 breach=3 end=converged
CBAP_MIG t=31340000 epoch=6268 flow=40 side=new cur=10034890121 next=10097709621 tgt=10189999999 f=0.405 u=0 breach=3 end=converged
CBAP_MIG t=31340000 epoch=6268 flow=45 side=new cur=10034890121 next=10097709621 tgt=10189999999 f=0.405 u=0 breach=3 end=converged
CBAP_MIG t=31340000 epoch=6268 flow=47 side=new cur=10034890121 next=10097709621 tgt=10189999999 f=0.405 u=0 breach=3 end=converged
CBAP_MIG t=31340000 epoch=6268 flow=50 side=new cur=10034890121 next=10097709621 tgt=10189999999 f=0.405 u=0 breach=3 end=converged
CBAP_MIG t=31340000 epoch=6268 flow=55 side=new cur=10034890121 next=10097709621 tgt=10189999999 f=0.405 u=0 breach=3 end=converged
CBAP_MIG t=31340000 epoch=6268 flow=58 side=new cur=10034890121 next=10097709621 tgt=10189999999 f=0.405 u=0 breach=3 end=converged
CBAP_MIG t=31340000 epoch=6268 flow=63 side=new cur=10034890121 next=10097709621 tgt=10189999999 f=0.405 u=0 breach=3 end=converged
CBAP_MIG t=31340000 epoch=6268 flow=64 side=new cur=10034890121 next=10097709621 tgt=10189999999 f=0.405 u=0 breach=3 end=converged
CBAP_MIG_REPLAN t=31355000 reason=active_set_shrank flow=0 batch=0 newest_batch=1 cur=2000000042 target=2000000000 ceiling=190000000000 old_side_present=1
CBAP_MIG_REPLAN t=31355000 reason=active_set_shrank flow=9 batch=1 newest_batch=1 cur=10097709621 target=10726315789 ceiling=200000000000 old_side_present=1
CBAP_MIG_REPLAN t=31355000 reason=active_set_shrank flow=10 batch=1 newest_batch=1 cur=10097709621 target=10726315789 ceiling=200000000000 old_side_present=1
CBAP_MIG_REPLAN t=31355000 reason=active_set_shrank flow=13 batch=1 newest_batch=1 cur=10097709621 target=10726315789 ceiling=200000000000 old_side_present=1
CBAP_MIG_REPLAN t=31355000 reason=active_set_shrank flow=14 batch=1 newest_batch=1 cur=10097709621 target=10726315789 ceiling=200000000000 old_side_present=1
CBAP_MIG_REPLAN t=31355000 reason=active_set_shrank flow=16 batch=1 newest_batch=1 cur=10097709621 target=10726315789 ceiling=200000000000 old_side_present=1
CBAP_MIG_REPLAN t=31355000 reason=active_set_shrank flow=19 batch=1 newest_batch=1 cur=10097709621 target=10726315789 ceiling=200000000000 old_side_present=1
CBAP_MIG_REPLAN t=31355000 reason=active_set_shrank flow=22 batch=1 newest_batch=1 cur=10097709621 target=10726315789 ceiling=200000000000 old_side_present=1
CBAP_MIG_REPLAN t=31355000 reason=active_set_shrank flow=23 batch=1 newest_batch=1 cur=10097709621 target=10726315789 ceiling=200000000000 old_side_present=1
CBAP_MIG_REPLAN t=31355000 reason=active_set_shrank flow=28 batch=1 newest_batch=1 cur=10097709621 target=10726315789 ceiling=200000000000 old_side_present=1
CBAP_MIG_REPLAN t=31355000 reason=active_set_shrank flow=33 batch=1 newest_batch=1 cur=10097709621 target=10726315789 ceiling=200000000000 old_side_present=1
CBAP_MIG_REPLAN t=31355000 reason=active_set_shrank flow=39 batch=1 newest_batch=1 cur=10097709621 target=10726315789 ceiling=200000000000 old_side_present=1
CBAP_MIG_REPLAN t=31355000 reason=active_set_shrank flow=40 batch=1 newest_batch=1 cur=10097709621 target=10726315789 ceiling=200000000000 old_side_present=1
CBAP_MIG_REPLAN t=31355000 reason=active_set_shrank flow=45 batch=1 newest_batch=1 cur=10097709621 target=10726315789 ceiling=200000000000 old_side_present=1
CBAP_MIG_REPLAN t=31355000 reason=active_set_shrank flow=47 batch=1 newest_batch=1 cur=10097709621 target=10726315789 ceiling=200000000000 old_side_present=1
CBAP_MIG_REPLAN t=31355000 reason=active_set_shrank flow=50 batch=1 newest_batch=1 cur=10097709621 target=10726315789 ceiling=200000000000 old_side_present=1
CBAP_MIG_REPLAN t=31355000 reason=active_set_shrank flow=55 batch=1 newest_batch=1 cur=10097709621 target=10726315789 ceiling=200000000000 old_side_present=1
CBAP_MIG_REPLAN t=31355000 reason=active_set_shrank flow=58 batch=1 newest_batch=1 cur=10097709621 target=10726315789 ceiling=200000000000 old_side_present=1
CBAP_MIG_REPLAN t=31355000 reason=active_set_shrank flow=63 batch=1 newest_batch=1 cur=10097709621 target=10726315789 ceiling=200000000000 old_side_present=1
CBAP_MIG_REPLAN t=31355000 reason=active_set_shrank flow=64 batch=1 newest_batch=1 cur=10097709621 target=10726315789 ceiling=200000000000 old_side_present=1
CBAP_MIG t=31355000 epoch=6271 flow=0 side=old cur=2000000042 next=2000000029 tgt=2000000000 f=0.3 u=0 breach=0 end=converged
CBAP_MIG t=31355000 epoch=6271 flow=9 side=new cur=10097709621 next=10352295119 tgt=10726315789 f=0.405 u=0 breach=3 end=
CBAP_MIG t=31355000 epoch=6271 flow=10 side=new cur=10097709621 next=10352295119 tgt=10726315789 f=0.405 u=0 breach=3 end=
CBAP_MIG t=31355000 epoch=6271 flow=13 side=new cur=10097709621 next=10352295119 tgt=10726315789 f=0.405 u=0 breach=3 end=
CBAP_MIG t=31355000 epoch=6271 flow=14 side=new cur=10097709621 next=10352295119 tgt=10726315789 f=0.405 u=0 breach=3 end=
CBAP_MIG t=31355000 epoch=6271 flow=16 side=new cur=10097709621 next=10352295119 tgt=10726315789 f=0.405 u=0 breach=3 end=
CBAP_MIG t=31355000 epoch=6271 flow=19 side=new cur=10097709621 next=10352295119 tgt=10726315789 f=0.405 u=0 breach=3 end=
CBAP_MIG t=31355000 epoch=6271 flow=22 side=new cur=10097709621 next=10352295119 tgt=10726315789 f=0.405 u=0 breach=3 end=
CBAP_MIG t=31355000 epoch=6271 flow=23 side=new cur=10097709621 next=10352295119 tgt=10726315789 f=0.405 u=0 breach=3 end=
CBAP_MIG t=31355000 epoch=6271 flow=28 side=new cur=10097709621 next=10352295119 tgt=10726315789 f=0.405 u=0 breach=3 end=
CBAP_MIG t=31355000 epoch=6271 flow=33 side=new cur=10097709621 next=10352295119 tgt=10726315789 f=0.405 u=0 breach=3 end=
CBAP_MIG t=31355000 epoch=6271 flow=39 side=new cur=10097709621 next=10352295119 tgt=10726315789 f=0.405 u=0 breach=3 end=
CBAP_MIG t=31355000 epoch=6271 flow=40 side=new cur=10097709621 next=10352295119 tgt=10726315789 f=0.405 u=0 breach=3 end=
CBAP_MIG t=31355000 epoch=6271 flow=45 side=new cur=10097709621 next=10352295119 tgt=10726315789 f=0.405 u=0 breach=3 end=
CBAP_MIG t=31355000 epoch=6271 flow=47 side=new cur=10097709621 next=10352295119 tgt=10726315789 f=0.405 u=0 breach=3 end=
CBAP_MIG t=31355000 epoch=6271 flow=50 side=new cur=10097709621 next=10352295119 tgt=10726315789 f=0.405 u=0 breach=3 end=
CBAP_MIG t=31355000 epoch=6271 flow=55 side=new cur=10097709621 next=10352295119 tgt=10726315789 f=0.405 u=0 breach=3 end=
CBAP_MIG t=31355000 epoch=6271 flow=58 side=new cur=10097709621 next=10352295119 tgt=10726315789 f=0.405 u=0 breach=3 end=
CBAP_MIG t=31355000 epoch=6271 flow=63 side=new cur=10097709621 next=10352295119 tgt=10726315789 f=0.405 u=0 breach=3 end=
CBAP_MIG t=31355000 epoch=6271 flow=64 side=new cur=10097709621 next=10352295119 tgt=10726315789 f=0.405 u=0 breach=3 end=
CBAP_MIG t=31360000 epoch=6272 flow=9 side=new cur=10352295119 next=10503773490 tgt=10726315789 f=0.405 u=0 breach=3 end=
CBAP_MIG t=31360000 epoch=6272 flow=10 side=new cur=10352295119 next=10503773490 tgt=10726315789 f=0.405 u=0 breach=3 end=
CBAP_MIG t=31360000 epoch=6272 flow=13 side=new cur=10352295119 next=10503773490 tgt=10726315789 f=0.405 u=0 breach=3 end=
CBAP_MIG t=31360000 epoch=6272 flow=14 side=new cur=10352295119 next=10503773490 tgt=10726315789 f=0.405 u=0 breach=3 end=
CBAP_MIG t=31360000 epoch=6272 flow=16 side=new cur=10352295119 next=10503773490 tgt=10726315789 f=0.405 u=0 breach=3 end=
CBAP_MIG t=31360000 epoch=6272 flow=19 side=new cur=10352295119 next=10503773490 tgt=10726315789 f=0.405 u=0 breach=3 end=
CBAP_MIG t=31360000 epoch=6272 flow=22 side=new cur=10352295119 next=10503773490 tgt=10726315789 f=0.405 u=0 breach=3 end=
CBAP_MIG t=31360000 epoch=6272 flow=23 side=new cur=10352295119 next=10503773490 tgt=10726315789 f=0.405 u=0 breach=3 end=
CBAP_MIG t=31360000 epoch=6272 flow=28 side=new cur=10352295119 next=10503773490 tgt=10726315789 f=0.405 u=0 breach=3 end=
CBAP_MIG t=31360000 epoch=6272 flow=33 side=new cur=10352295119 next=10503773490 tgt=10726315789 f=0.405 u=0 breach=3 end=
CBAP_MIG t=31360000 epoch=6272 flow=39 side=new cur=10352295119 next=10503773490 tgt=10726315789 f=0.405 u=0 breach=3 end=
CBAP_MIG t=31360000 epoch=6272 flow=40 side=new cur=10352295119 next=10503773490 tgt=10726315789 f=0.405 u=0 breach=3 end=
CBAP_MIG t=31360000 epoch=6272 flow=45 side=new cur=10352295119 next=10503773490 tgt=10726315789 f=0.405 u=0 breach=3 end=
CBAP_MIG t=31360000 epoch=6272 flow=47 side=new cur=10352295119 next=10503773490 tgt=10726315789 f=0.405 u=0 breach=3 end=
CBAP_MIG t=31360000 epoch=6272 flow=50 side=new cur=10352295119 next=10503773490 tgt=10726315789 f=0.405 u=0 breach=3 end=
CBAP_MIG t=31360000 epoch=6272 flow=55 side=new cur=10352295119 next=10503773490 tgt=10726315789 f=0.405 u=0 breach=3 end=
CBAP_MIG t=31360000 epoch=6272 flow=58 side=new cur=10352295119 next=10503773490 tgt=10726315789 f=0.405 u=0 breach=3 end=
CBAP_MIG t=31360000 epoch=6272 flow=63 side=new cur=10352295119 next=10503773490 tgt=10726315789 f=0.405 u=0 breach=3 end=
CBAP_MIG t=31360000 epoch=6272 flow=64 side=new cur=10352295119 next=10503773490 tgt=10726315789 f=0.405 u=0 breach=3 end=
CBAP_MIG t=31365000 epoch=6273 flow=9 side=new cur=10503773490 next=10593903121 tgt=10726315789 f=0.405 u=0 breach=3 end=
CBAP_MIG t=31365000 epoch=6273 flow=10 side=new cur=10503773490 next=10593903121 tgt=10726315789 f=0.405 u=0 breach=3 end=
CBAP_MIG t=31365000 epoch=6273 flow=13 side=new cur=10503773490 next=10593903121 tgt=10726315789 f=0.405 u=0 breach=3 end=
CBAP_MIG t=31365000 epoch=6273 flow=14 side=new cur=10503773490 next=10593903121 tgt=10726315789 f=0.405 u=0 breach=3 end=
CBAP_MIG t=31365000 epoch=6273 flow=16 side=new cur=10503773490 next=10593903121 tgt=10726315789 f=0.405 u=0 breach=3 end=
CBAP_MIG t=31365000 epoch=6273 flow=19 side=new cur=10503773490 next=10593903121 tgt=10726315789 f=0.405 u=0 breach=3 end=
CBAP_MIG t=31365000 epoch=6273 flow=22 side=new cur=10503773490 next=10593903121 tgt=10726315789 f=0.405 u=0 breach=3 end=
CBAP_MIG t=31365000 epoch=6273 flow=23 side=new cur=10503773490 next=10593903121 tgt=10726315789 f=0.405 u=0 breach=3 end=
CBAP_MIG t=31365000 epoch=6273 flow=28 side=new cur=10503773490 next=10593903121 tgt=10726315789 f=0.405 u=0 breach=3 end=
CBAP_MIG t=31365000 epoch=6273 flow=33 side=new cur=10503773490 next=10593903121 tgt=10726315789 f=0.405 u=0 breach=3 end=
CBAP_MIG t=31365000 epoch=6273 flow=39 side=new cur=10503773490 next=10593903121 tgt=10726315789 f=0.405 u=0 breach=3 end=
CBAP_MIG t=31365000 epoch=6273 flow=40 side=new cur=10503773490 next=10593903121 tgt=10726315789 f=0.405 u=0 breach=3 end=
CBAP_MIG t=31365000 epoch=6273 flow=45 side=new cur=10503773490 next=10593903121 tgt=10726315789 f=0.405 u=0 breach=3 end=
CBAP_MIG t=31365000 epoch=6273 flow=47 side=new cur=10503773490 next=10593903121 tgt=10726315789 f=0.405 u=0 breach=3 end=
CBAP_MIG t=31365000 epoch=6273 flow=50 side=new cur=10503773490 next=10593903121 tgt=10726315789 f=0.405 u=0 breach=3 end=
CBAP_MIG t=31365000 epoch=6273 flow=55 side=new cur=10503773490 next=10593903121 tgt=10726315789 f=0.405 u=0 breach=3 end=
CBAP_MIG t=31365000 epoch=6273 flow=58 side=new cur=10503773490 next=10593903121 tgt=10726315789 f=0.405 u=0 breach=3 end=
CBAP_MIG t=31365000 epoch=6273 flow=63 side=new cur=10503773490 next=10593903121 tgt=10726315789 f=0.405 u=0 breach=3 end=
CBAP_MIG t=31365000 epoch=6273 flow=64 side=new cur=10503773490 next=10593903121 tgt=10726315789 f=0.405 u=0 breach=3 end=
CBAP_MIG t=31370000 epoch=6274 flow=9 side=new cur=10593903121 next=10647530251 tgt=10726315789 f=0.405 u=0 breach=3 end=converged
CBAP_MIG t=31370000 epoch=6274 flow=10 side=new cur=10593903121 next=10647530251 tgt=10726315789 f=0.405 u=0 breach=3 end=converged
CBAP_MIG t=31370000 epoch=6274 flow=13 side=new cur=10593903121 next=10647530251 tgt=10726315789 f=0.405 u=0 breach=3 end=converged
CBAP_MIG t=31370000 epoch=6274 flow=14 side=new cur=10593903121 next=10647530251 tgt=10726315789 f=0.405 u=0 breach=3 end=converged
CBAP_MIG t=31370000 epoch=6274 flow=16 side=new cur=10593903121 next=10647530251 tgt=10726315789 f=0.405 u=0 breach=3 end=converged
CBAP_MIG t=31370000 epoch=6274 flow=19 side=new cur=10593903121 next=10647530251 tgt=10726315789 f=0.405 u=0 breach=3 end=converged
CBAP_MIG t=31370000 epoch=6274 flow=22 side=new cur=10593903121 next=10647530251 tgt=10726315789 f=0.405 u=0 breach=3 end=converged
CBAP_MIG t=31370000 epoch=6274 flow=23 side=new cur=10593903121 next=10647530251 tgt=10726315789 f=0.405 u=0 breach=3 end=converged
CBAP_MIG t=31370000 epoch=6274 flow=28 side=new cur=10593903121 next=10647530251 tgt=10726315789 f=0.405 u=0 breach=3 end=converged
CBAP_MIG t=31370000 epoch=6274 flow=33 side=new cur=10593903121 next=10647530251 tgt=10726315789 f=0.405 u=0 breach=3 end=converged
CBAP_MIG t=31370000 epoch=6274 flow=39 side=new cur=10593903121 next=10647530251 tgt=10726315789 f=0.405 u=0 breach=3 end=converged
CBAP_MIG t=31370000 epoch=6274 flow=40 side=new cur=10593903121 next=10647530251 tgt=10726315789 f=0.405 u=0 breach=3 end=converged
CBAP_MIG t=31370000 epoch=6274 flow=45 side=new cur=10593903121 next=10647530251 tgt=10726315789 f=0.405 u=0 breach=3 end=converged
CBAP_MIG t=31370000 epoch=6274 flow=47 side=new cur=10593903121 next=10647530251 tgt=10726315789 f=0.405 u=0 breach=3 end=converged
CBAP_MIG t=31370000 epoch=6274 flow=50 side=new cur=10593903121 next=10647530251 tgt=10726315789 f=0.405 u=0 breach=3 end=converged
CBAP_MIG t=31370000 epoch=6274 flow=55 side=new cur=10593903121 next=10647530251 tgt=10726315789 f=0.405 u=0 breach=3 end=converged
CBAP_MIG t=31370000 epoch=6274 flow=58 side=new cur=10593903121 next=10647530251 tgt=10726315789 f=0.405 u=0 breach=3 end=converged
CBAP_MIG t=31370000 epoch=6274 flow=63 side=new cur=10593903121 next=10647530251 tgt=10726315789 f=0.405 u=0 breach=3 end=converged
CBAP_MIG t=31370000 epoch=6274 flow=64 side=new cur=10593903121 next=10647530251 tgt=10726315789 f=0.405 u=0 breach=3 end=converged
CBAP_MIG_REPLAN t=31375000 reason=active_set_shrank flow=0 batch=0 newest_batch=1 cur=2000000029 target=2000000000 ceiling=190000000000 old_side_present=1
CBAP_MIG_REPLAN t=31375000 reason=active_set_shrank flow=9 batch=1 newest_batch=1 cur=10647530251 target=11099999999 ceiling=200000000000 old_side_present=1
CBAP_MIG_REPLAN t=31375000 reason=active_set_shrank flow=10 batch=1 newest_batch=1 cur=10647530251 target=11099999999 ceiling=200000000000 old_side_present=1
CBAP_MIG_REPLAN t=31375000 reason=active_set_shrank flow=13 batch=1 newest_batch=1 cur=10647530251 target=11099999999 ceiling=200000000000 old_side_present=1
CBAP_MIG_REPLAN t=31375000 reason=active_set_shrank flow=16 batch=1 newest_batch=1 cur=10647530251 target=11099999999 ceiling=200000000000 old_side_present=1
CBAP_MIG_REPLAN t=31375000 reason=active_set_shrank flow=19 batch=1 newest_batch=1 cur=10647530251 target=11099999999 ceiling=200000000000 old_side_present=1
CBAP_MIG_REPLAN t=31375000 reason=active_set_shrank flow=22 batch=1 newest_batch=1 cur=10647530251 target=11099999999 ceiling=200000000000 old_side_present=1
CBAP_MIG_REPLAN t=31375000 reason=active_set_shrank flow=23 batch=1 newest_batch=1 cur=10647530251 target=11099999999 ceiling=200000000000 old_side_present=1
CBAP_MIG_REPLAN t=31375000 reason=active_set_shrank flow=28 batch=1 newest_batch=1 cur=10647530251 target=11099999999 ceiling=200000000000 old_side_present=1
CBAP_MIG_REPLAN t=31375000 reason=active_set_shrank flow=33 batch=1 newest_batch=1 cur=10647530251 target=11099999999 ceiling=200000000000 old_side_present=1
CBAP_MIG_REPLAN t=31375000 reason=active_set_shrank flow=39 batch=1 newest_batch=1 cur=10647530251 target=11099999999 ceiling=200000000000 old_side_present=1
CBAP_MIG_REPLAN t=31375000 reason=active_set_shrank flow=40 batch=1 newest_batch=1 cur=10647530251 target=11099999999 ceiling=200000000000 old_side_present=1
CBAP_MIG_REPLAN t=31375000 reason=active_set_shrank flow=45 batch=1 newest_batch=1 cur=10647530251 target=11099999999 ceiling=200000000000 old_side_present=1
CBAP_MIG_REPLAN t=31375000 reason=active_set_shrank flow=47 batch=1 newest_batch=1 cur=10647530251 target=11099999999 ceiling=200000000000 old_side_present=1
CBAP_MIG_REPLAN t=31375000 reason=active_set_shrank flow=50 batch=1 newest_batch=1 cur=10647530251 target=11099999999 ceiling=200000000000 old_side_present=1
CBAP_MIG_REPLAN t=31375000 reason=active_set_shrank flow=55 batch=1 newest_batch=1 cur=10647530251 target=11099999999 ceiling=200000000000 old_side_present=1
CBAP_MIG_REPLAN t=31375000 reason=active_set_shrank flow=58 batch=1 newest_batch=1 cur=10647530251 target=11099999999 ceiling=200000000000 old_side_present=1
CBAP_MIG_REPLAN t=31375000 reason=active_set_shrank flow=63 batch=1 newest_batch=1 cur=10647530251 target=11099999999 ceiling=200000000000 old_side_present=1
CBAP_MIG_REPLAN t=31375000 reason=active_set_shrank flow=64 batch=1 newest_batch=1 cur=10647530251 target=11099999999 ceiling=200000000000 old_side_present=1
CBAP_MIG t=31375000 epoch=6275 flow=0 side=old cur=2000000029 next=2000000020 tgt=2000000000 f=0.3 u=0 breach=0 end=converged
CBAP_MIG t=31375000 epoch=6275 flow=9 side=new cur=10647530251 next=10830780498 tgt=11099999999 f=0.405 u=0 breach=3 end=
CBAP_MIG t=31375000 epoch=6275 flow=10 side=new cur=10647530251 next=10830780498 tgt=11099999999 f=0.405 u=0 breach=3 end=
CBAP_MIG t=31375000 epoch=6275 flow=13 side=new cur=10647530251 next=10830780498 tgt=11099999999 f=0.405 u=0 breach=3 end=
CBAP_MIG t=31375000 epoch=6275 flow=16 side=new cur=10647530251 next=10830780498 tgt=11099999999 f=0.405 u=0 breach=3 end=
CBAP_MIG t=31375000 epoch=6275 flow=19 side=new cur=10647530251 next=10830780498 tgt=11099999999 f=0.405 u=0 breach=3 end=
CBAP_MIG t=31375000 epoch=6275 flow=22 side=new cur=10647530251 next=10830780498 tgt=11099999999 f=0.405 u=0 breach=3 end=
CBAP_MIG t=31375000 epoch=6275 flow=23 side=new cur=10647530251 next=10830780498 tgt=11099999999 f=0.405 u=0 breach=3 end=
CBAP_MIG t=31375000 epoch=6275 flow=28 side=new cur=10647530251 next=10830780498 tgt=11099999999 f=0.405 u=0 breach=3 end=
CBAP_MIG t=31375000 epoch=6275 flow=33 side=new cur=10647530251 next=10830780498 tgt=11099999999 f=0.405 u=0 breach=3 end=
CBAP_MIG t=31375000 epoch=6275 flow=39 side=new cur=10647530251 next=10830780498 tgt=11099999999 f=0.405 u=0 breach=3 end=
CBAP_MIG t=31375000 epoch=6275 flow=40 side=new cur=10647530251 next=10830780498 tgt=11099999999 f=0.405 u=0 breach=3 end=
CBAP_MIG t=31375000 epoch=6275 flow=45 side=new cur=10647530251 next=10830780498 tgt=11099999999 f=0.405 u=0 breach=3 end=
CBAP_MIG t=31375000 epoch=6275 flow=47 side=new cur=10647530251 next=10830780498 tgt=11099999999 f=0.405 u=0 breach=3 end=
CBAP_MIG t=31375000 epoch=6275 flow=50 side=new cur=10647530251 next=10830780498 tgt=11099999999 f=0.405 u=0 breach=3 end=
CBAP_MIG t=31375000 epoch=6275 flow=55 side=new cur=10647530251 next=10830780498 tgt=11099999999 f=0.405 u=0 breach=3 end=
CBAP_MIG t=31375000 epoch=6275 flow=58 side=new cur=10647530251 next=10830780498 tgt=11099999999 f=0.405 u=0 breach=3 end=
CBAP_MIG t=31375000 epoch=6275 flow=63 side=new cur=10647530251 next=10830780498 tgt=11099999999 f=0.405 u=0 breach=3 end=
CBAP_MIG t=31375000 epoch=6275 flow=64 side=new cur=10647530251 next=10830780498 tgt=11099999999 f=0.405 u=0 breach=3 end=
CBAP_MIG_REPLAN t=31380000 reason=active_set_shrank flow=0 batch=0 newest_batch=1 cur=2000000020 target=2000000000 ceiling=190000000000 old_side_present=1
CBAP_MIG_REPLAN t=31380000 reason=active_set_shrank flow=9 batch=1 newest_batch=1 cur=10830780498 target=11752941176 ceiling=200000000000 old_side_present=1
CBAP_MIG_REPLAN t=31380000 reason=active_set_shrank flow=10 batch=1 newest_batch=1 cur=10830780498 target=11752941176 ceiling=200000000000 old_side_present=1
CBAP_MIG_REPLAN t=31380000 reason=active_set_shrank flow=13 batch=1 newest_batch=1 cur=10830780498 target=11752941176 ceiling=200000000000 old_side_present=1
CBAP_MIG_REPLAN t=31380000 reason=active_set_shrank flow=19 batch=1 newest_batch=1 cur=10830780498 target=11752941176 ceiling=200000000000 old_side_present=1
CBAP_MIG_REPLAN t=31380000 reason=active_set_shrank flow=22 batch=1 newest_batch=1 cur=10830780498 target=11752941176 ceiling=200000000000 old_side_present=1
CBAP_MIG_REPLAN t=31380000 reason=active_set_shrank flow=23 batch=1 newest_batch=1 cur=10830780498 target=11752941176 ceiling=200000000000 old_side_present=1
CBAP_MIG_REPLAN t=31380000 reason=active_set_shrank flow=28 batch=1 newest_batch=1 cur=10830780498 target=11752941176 ceiling=200000000000 old_side_present=1
CBAP_MIG_REPLAN t=31380000 reason=active_set_shrank flow=33 batch=1 newest_batch=1 cur=10830780498 target=11752941176 ceiling=200000000000 old_side_present=1
CBAP_MIG_REPLAN t=31380000 reason=active_set_shrank flow=39 batch=1 newest_batch=1 cur=10830780498 target=11752941176 ceiling=200000000000 old_side_present=1
CBAP_MIG_REPLAN t=31380000 reason=active_set_shrank flow=40 batch=1 newest_batch=1 cur=10830780498 target=11752941176 ceiling=200000000000 old_side_present=1
CBAP_MIG_REPLAN t=31380000 reason=active_set_shrank flow=45 batch=1 newest_batch=1 cur=10830780498 target=11752941176 ceiling=200000000000 old_side_present=1
CBAP_MIG_REPLAN t=31380000 reason=active_set_shrank flow=47 batch=1 newest_batch=1 cur=10830780498 target=11752941176 ceiling=200000000000 old_side_present=1
CBAP_MIG_REPLAN t=31380000 reason=active_set_shrank flow=50 batch=1 newest_batch=1 cur=10830780498 target=11752941176 ceiling=200000000000 old_side_present=1
CBAP_MIG_REPLAN t=31380000 reason=active_set_shrank flow=55 batch=1 newest_batch=1 cur=10830780498 target=11752941176 ceiling=200000000000 old_side_present=1
CBAP_MIG_REPLAN t=31380000 reason=active_set_shrank flow=58 batch=1 newest_batch=1 cur=10830780498 target=11752941176 ceiling=200000000000 old_side_present=1
CBAP_MIG_REPLAN t=31380000 reason=active_set_shrank flow=63 batch=1 newest_batch=1 cur=10830780498 target=11752941176 ceiling=200000000000 old_side_present=1
CBAP_MIG_REPLAN t=31380000 reason=active_set_shrank flow=64 batch=1 newest_batch=1 cur=10830780498 target=11752941176 ceiling=200000000000 old_side_present=1
CBAP_MIG t=31380000 epoch=6276 flow=0 side=old cur=2000000020 next=2000000014 tgt=2000000000 f=0.3 u=0 breach=0 end=converged
CBAP_MIG t=31380000 epoch=6276 flow=9 side=new cur=10830780498 next=11204255572 tgt=11752941176 f=0.405 u=0 breach=3 end=
CBAP_MIG t=31380000 epoch=6276 flow=10 side=new cur=10830780498 next=11204255572 tgt=11752941176 f=0.405 u=0 breach=3 end=
CBAP_MIG t=31380000 epoch=6276 flow=13 side=new cur=10830780498 next=11204255572 tgt=11752941176 f=0.405 u=0 breach=3 end=
CBAP_MIG t=31380000 epoch=6276 flow=19 side=new cur=10830780498 next=11204255572 tgt=11752941176 f=0.405 u=0 breach=3 end=
CBAP_MIG t=31380000 epoch=6276 flow=22 side=new cur=10830780498 next=11204255572 tgt=11752941176 f=0.405 u=0 breach=3 end=
CBAP_MIG t=31380000 epoch=6276 flow=23 side=new cur=10830780498 next=11204255572 tgt=11752941176 f=0.405 u=0 breach=3 end=
CBAP_MIG t=31380000 epoch=6276 flow=28 side=new cur=10830780498 next=11204255572 tgt=11752941176 f=0.405 u=0 breach=3 end=
CBAP_MIG t=31380000 epoch=6276 flow=33 side=new cur=10830780498 next=11204255572 tgt=11752941176 f=0.405 u=0 breach=3 end=
CBAP_MIG t=31380000 epoch=6276 flow=39 side=new cur=10830780498 next=11204255572 tgt=11752941176 f=0.405 u=0 breach=3 end=
CBAP_MIG t=31380000 epoch=6276 flow=40 side=new cur=10830780498 next=11204255572 tgt=11752941176 f=0.405 u=0 breach=3 end=
CBAP_MIG t=31380000 epoch=6276 flow=45 side=new cur=10830780498 next=11204255572 tgt=11752941176 f=0.405 u=0 breach=3 end=
CBAP_MIG t=31380000 epoch=6276 flow=47 side=new cur=10830780498 next=11204255572 tgt=11752941176 f=0.405 u=0 breach=3 end=
CBAP_MIG t=31380000 epoch=6276 flow=50 side=new cur=10830780498 next=11204255572 tgt=11752941176 f=0.405 u=0 breach=3 end=
CBAP_MIG t=31380000 epoch=6276 flow=55 side=new cur=10830780498 next=11204255572 tgt=11752941176 f=0.405 u=0 breach=3 end=
CBAP_MIG t=31380000 epoch=6276 flow=58 side=new cur=10830780498 next=11204255572 tgt=11752941176 f=0.405 u=0 breach=3 end=
CBAP_MIG t=31380000 epoch=6276 flow=63 side=new cur=10830780498 next=11204255572 tgt=11752941176 f=0.405 u=0 breach=3 end=
CBAP_MIG t=31380000 epoch=6276 flow=64 side=new cur=10830780498 next=11204255572 tgt=11752941176 f=0.405 u=0 breach=3 end=
CBAP_MIG t=31385000 epoch=6277 flow=9 side=new cur=11204255572 next=11426473241 tgt=11752941176 f=0.405 u=0 breach=3 end=
CBAP_MIG t=31385000 epoch=6277 flow=10 side=new cur=11204255572 next=11426473241 tgt=11752941176 f=0.405 u=0 breach=3 end=
CBAP_MIG t=31385000 epoch=6277 flow=13 side=new cur=11204255572 next=11426473241 tgt=11752941176 f=0.405 u=0 breach=3 end=
CBAP_MIG t=31385000 epoch=6277 flow=19 side=new cur=11204255572 next=11426473241 tgt=11752941176 f=0.405 u=0 breach=3 end=
CBAP_MIG t=31385000 epoch=6277 flow=22 side=new cur=11204255572 next=11426473241 tgt=11752941176 f=0.405 u=0 breach=3 end=
CBAP_MIG t=31385000 epoch=6277 flow=23 side=new cur=11204255572 next=11426473241 tgt=11752941176 f=0.405 u=0 breach=3 end=
CBAP_MIG t=31385000 epoch=6277 flow=28 side=new cur=11204255572 next=11426473241 tgt=11752941176 f=0.405 u=0 breach=3 end=
CBAP_MIG t=31385000 epoch=6277 flow=33 side=new cur=11204255572 next=11426473241 tgt=11752941176 f=0.405 u=0 breach=3 end=
CBAP_MIG t=31385000 epoch=6277 flow=39 side=new cur=11204255572 next=11426473241 tgt=11752941176 f=0.405 u=0 breach=3 end=
CBAP_MIG t=31385000 epoch=6277 flow=40 side=new cur=11204255572 next=11426473241 tgt=11752941176 f=0.405 u=0 breach=3 end=
CBAP_MIG t=31385000 epoch=6277 flow=45 side=new cur=11204255572 next=11426473241 tgt=11752941176 f=0.405 u=0 breach=3 end=
CBAP_MIG t=31385000 epoch=6277 flow=47 side=new cur=11204255572 next=11426473241 tgt=11752941176 f=0.405 u=0 breach=3 end=
CBAP_MIG t=31385000 epoch=6277 flow=50 side=new cur=11204255572 next=11426473241 tgt=11752941176 f=0.405 u=0 breach=3 end=
CBAP_MIG t=31385000 epoch=6277 flow=55 side=new cur=11204255572 next=11426473241 tgt=11752941176 f=0.405 u=0 breach=3 end=
CBAP_MIG t=31385000 epoch=6277 flow=58 side=new cur=11204255572 next=11426473241 tgt=11752941176 f=0.405 u=0 breach=3 end=
CBAP_MIG t=31385000 epoch=6277 flow=63 side=new cur=11204255572 next=11426473241 tgt=11752941176 f=0.405 u=0 breach=3 end=
CBAP_MIG t=31385000 epoch=6277 flow=64 side=new cur=11204255572 next=11426473241 tgt=11752941176 f=0.405 u=0 breach=3 end=
CBAP_MIG t=31390000 epoch=6278 flow=9 side=new cur=11426473241 next=11558692754 tgt=11752941176 f=0.405 u=0 breach=3 end=
CBAP_MIG t=31390000 epoch=6278 flow=10 side=new cur=11426473241 next=11558692754 tgt=11752941176 f=0.405 u=0 breach=3 end=
CBAP_MIG t=31390000 epoch=6278 flow=13 side=new cur=11426473241 next=11558692754 tgt=11752941176 f=0.405 u=0 breach=3 end=
CBAP_MIG t=31390000 epoch=6278 flow=19 side=new cur=11426473241 next=11558692754 tgt=11752941176 f=0.405 u=0 breach=3 end=
CBAP_MIG t=31390000 epoch=6278 flow=22 side=new cur=11426473241 next=11558692754 tgt=11752941176 f=0.405 u=0 breach=3 end=
CBAP_MIG t=31390000 epoch=6278 flow=23 side=new cur=11426473241 next=11558692754 tgt=11752941176 f=0.405 u=0 breach=3 end=
CBAP_MIG t=31390000 epoch=6278 flow=28 side=new cur=11426473241 next=11558692754 tgt=11752941176 f=0.405 u=0 breach=3 end=
CBAP_MIG t=31390000 epoch=6278 flow=33 side=new cur=11426473241 next=11558692754 tgt=11752941176 f=0.405 u=0 breach=3 end=
CBAP_MIG t=31390000 epoch=6278 flow=39 side=new cur=11426473241 next=11558692754 tgt=11752941176 f=0.405 u=0 breach=3 end=
CBAP_MIG t=31390000 epoch=6278 flow=40 side=new cur=11426473241 next=11558692754 tgt=11752941176 f=0.405 u=0 breach=3 end=
CBAP_MIG t=31390000 epoch=6278 flow=45 side=new cur=11426473241 next=11558692754 tgt=11752941176 f=0.405 u=0 breach=3 end=
CBAP_MIG t=31390000 epoch=6278 flow=47 side=new cur=11426473241 next=11558692754 tgt=11752941176 f=0.405 u=0 breach=3 end=
CBAP_MIG t=31390000 epoch=6278 flow=50 side=new cur=11426473241 next=11558692754 tgt=11752941176 f=0.405 u=0 breach=3 end=
CBAP_MIG t=31390000 epoch=6278 flow=55 side=new cur=11426473241 next=11558692754 tgt=11752941176 f=0.405 u=0 breach=3 end=
CBAP_MIG t=31390000 epoch=6278 flow=58 side=new cur=11426473241 next=11558692754 tgt=11752941176 f=0.405 u=0 breach=3 end=
CBAP_MIG t=31390000 epoch=6278 flow=63 side=new cur=11426473241 next=11558692754 tgt=11752941176 f=0.405 u=0 breach=3 end=
CBAP_MIG t=31390000 epoch=6278 flow=64 side=new cur=11426473241 next=11558692754 tgt=11752941176 f=0.405 u=0 breach=3 end=
CBAP_MIG t=31395000 epoch=6279 flow=9 side=new cur=11558692754 next=11637363364 tgt=11752941176 f=0.405 u=0 breach=3 end=converged
CBAP_MIG t=31395000 epoch=6279 flow=10 side=new cur=11558692754 next=11637363364 tgt=11752941176 f=0.405 u=0 breach=3 end=converged
CBAP_MIG t=31395000 epoch=6279 flow=13 side=new cur=11558692754 next=11637363364 tgt=11752941176 f=0.405 u=0 breach=3 end=converged
CBAP_MIG t=31395000 epoch=6279 flow=19 side=new cur=11558692754 next=11637363364 tgt=11752941176 f=0.405 u=0 breach=3 end=converged
CBAP_MIG t=31395000 epoch=6279 flow=22 side=new cur=11558692754 next=11637363364 tgt=11752941176 f=0.405 u=0 breach=3 end=converged
CBAP_MIG t=31395000 epoch=6279 flow=23 side=new cur=11558692754 next=11637363364 tgt=11752941176 f=0.405 u=0 breach=3 end=converged
CBAP_MIG t=31395000 epoch=6279 flow=28 side=new cur=11558692754 next=11637363364 tgt=11752941176 f=0.405 u=0 breach=3 end=converged
CBAP_MIG t=31395000 epoch=6279 flow=33 side=new cur=11558692754 next=11637363364 tgt=11752941176 f=0.405 u=0 breach=3 end=converged
CBAP_MIG t=31395000 epoch=6279 flow=39 side=new cur=11558692754 next=11637363364 tgt=11752941176 f=0.405 u=0 breach=3 end=converged
CBAP_MIG t=31395000 epoch=6279 flow=40 side=new cur=11558692754 next=11637363364 tgt=11752941176 f=0.405 u=0 breach=3 end=converged
CBAP_MIG t=31395000 epoch=6279 flow=45 side=new cur=11558692754 next=11637363364 tgt=11752941176 f=0.405 u=0 breach=3 end=converged
CBAP_MIG t=31395000 epoch=6279 flow=47 side=new cur=11558692754 next=11637363364 tgt=11752941176 f=0.405 u=0 breach=3 end=converged
CBAP_MIG t=31395000 epoch=6279 flow=50 side=new cur=11558692754 next=11637363364 tgt=11752941176 f=0.405 u=0 breach=3 end=converged
CBAP_MIG t=31395000 epoch=6279 flow=55 side=new cur=11558692754 next=11637363364 tgt=11752941176 f=0.405 u=0 breach=3 end=converged
CBAP_MIG t=31395000 epoch=6279 flow=58 side=new cur=11558692754 next=11637363364 tgt=11752941176 f=0.405 u=0 breach=3 end=converged
CBAP_MIG t=31395000 epoch=6279 flow=63 side=new cur=11558692754 next=11637363364 tgt=11752941176 f=0.405 u=0 breach=3 end=converged
CBAP_MIG t=31395000 epoch=6279 flow=64 side=new cur=11558692754 next=11637363364 tgt=11752941176 f=0.405 u=0 breach=3 end=converged
CBAP_MIG_REPLAN t=31450000 reason=active_set_shrank flow=0 batch=0 newest_batch=1 cur=2000000014 target=2000000000 ceiling=190000000000 old_side_present=1
CBAP_MIG_REPLAN t=31450000 reason=active_set_shrank flow=9 batch=1 newest_batch=1 cur=11637363364 target=13319999999 ceiling=200000000000 old_side_present=1
CBAP_MIG_REPLAN t=31450000 reason=active_set_shrank flow=10 batch=1 newest_batch=1 cur=11637363364 target=13319999999 ceiling=200000000000 old_side_present=1
CBAP_MIG_REPLAN t=31450000 reason=active_set_shrank flow=13 batch=1 newest_batch=1 cur=11637363364 target=13319999999 ceiling=200000000000 old_side_present=1
CBAP_MIG_REPLAN t=31450000 reason=active_set_shrank flow=19 batch=1 newest_batch=1 cur=11637363364 target=13319999999 ceiling=200000000000 old_side_present=1
CBAP_MIG_REPLAN t=31450000 reason=active_set_shrank flow=22 batch=1 newest_batch=1 cur=11637363364 target=13319999999 ceiling=200000000000 old_side_present=1
CBAP_MIG_REPLAN t=31450000 reason=active_set_shrank flow=23 batch=1 newest_batch=1 cur=11637363364 target=13319999999 ceiling=200000000000 old_side_present=1
CBAP_MIG_REPLAN t=31450000 reason=active_set_shrank flow=33 batch=1 newest_batch=1 cur=11637363364 target=13319999999 ceiling=200000000000 old_side_present=1
CBAP_MIG_REPLAN t=31450000 reason=active_set_shrank flow=39 batch=1 newest_batch=1 cur=11637363364 target=13319999999 ceiling=200000000000 old_side_present=1
CBAP_MIG_REPLAN t=31450000 reason=active_set_shrank flow=40 batch=1 newest_batch=1 cur=11637363364 target=13319999999 ceiling=200000000000 old_side_present=1
CBAP_MIG_REPLAN t=31450000 reason=active_set_shrank flow=45 batch=1 newest_batch=1 cur=11637363364 target=13319999999 ceiling=200000000000 old_side_present=1
CBAP_MIG_REPLAN t=31450000 reason=active_set_shrank flow=47 batch=1 newest_batch=1 cur=11637363364 target=13319999999 ceiling=200000000000 old_side_present=1
CBAP_MIG_REPLAN t=31450000 reason=active_set_shrank flow=50 batch=1 newest_batch=1 cur=11637363364 target=13319999999 ceiling=200000000000 old_side_present=1
CBAP_MIG_REPLAN t=31450000 reason=active_set_shrank flow=55 batch=1 newest_batch=1 cur=11637363364 target=13319999999 ceiling=200000000000 old_side_present=1
CBAP_MIG_REPLAN t=31450000 reason=active_set_shrank flow=58 batch=1 newest_batch=1 cur=11637363364 target=13319999999 ceiling=200000000000 old_side_present=1
CBAP_MIG_REPLAN t=31450000 reason=active_set_shrank flow=64 batch=1 newest_batch=1 cur=11637363364 target=13319999999 ceiling=200000000000 old_side_present=1
CBAP_MIG t=31450000 epoch=6290 flow=0 side=old cur=2000000014 next=2000000009 tgt=2000000000 f=0.3 u=0 breach=0 end=converged
CBAP_MIG t=31450000 epoch=6290 flow=9 side=new cur=11637363364 next=12318831201 tgt=13319999999 f=0.405 u=0 breach=3 end=
CBAP_MIG t=31450000 epoch=6290 flow=10 side=new cur=11637363364 next=12318831201 tgt=13319999999 f=0.405 u=0 breach=3 end=
CBAP_MIG t=31450000 epoch=6290 flow=13 side=new cur=11637363364 next=12318831201 tgt=13319999999 f=0.405 u=0 breach=3 end=
CBAP_MIG t=31450000 epoch=6290 flow=19 side=new cur=11637363364 next=12318831201 tgt=13319999999 f=0.405 u=0 breach=3 end=
CBAP_MIG t=31450000 epoch=6290 flow=22 side=new cur=11637363364 next=12318831201 tgt=13319999999 f=0.405 u=0 breach=3 end=
CBAP_MIG t=31450000 epoch=6290 flow=23 side=new cur=11637363364 next=12318831201 tgt=13319999999 f=0.405 u=0 breach=3 end=
CBAP_MIG t=31450000 epoch=6290 flow=33 side=new cur=11637363364 next=12318831201 tgt=13319999999 f=0.405 u=0 breach=3 end=
CBAP_MIG t=31450000 epoch=6290 flow=39 side=new cur=11637363364 next=12318831201 tgt=13319999999 f=0.405 u=0 breach=3 end=
CBAP_MIG t=31450000 epoch=6290 flow=40 side=new cur=11637363364 next=12318831201 tgt=13319999999 f=0.405 u=0 breach=3 end=
CBAP_MIG t=31450000 epoch=6290 flow=45 side=new cur=11637363364 next=12318831201 tgt=13319999999 f=0.405 u=0 breach=3 end=
CBAP_MIG t=31450000 epoch=6290 flow=47 side=new cur=11637363364 next=12318831201 tgt=13319999999 f=0.405 u=0 breach=3 end=
CBAP_MIG t=31450000 epoch=6290 flow=50 side=new cur=11637363364 next=12318831201 tgt=13319999999 f=0.405 u=0 breach=3 end=
CBAP_MIG t=31450000 epoch=6290 flow=55 side=new cur=11637363364 next=12318831201 tgt=13319999999 f=0.405 u=0 breach=3 end=
CBAP_MIG t=31450000 epoch=6290 flow=58 side=new cur=11637363364 next=12318831201 tgt=13319999999 f=0.405 u=0 breach=3 end=
CBAP_MIG t=31450000 epoch=6290 flow=64 side=new cur=11637363364 next=12318831201 tgt=13319999999 f=0.405 u=0 breach=3 end=
CBAP_MIG t=31455000 epoch=6291 flow=9 side=new cur=12318831201 next=12724304564 tgt=13319999999 f=0.405 u=0 breach=3 end=
CBAP_MIG t=31455000 epoch=6291 flow=10 side=new cur=12318831201 next=12724304564 tgt=13319999999 f=0.405 u=0 breach=3 end=
CBAP_MIG t=31455000 epoch=6291 flow=13 side=new cur=12318831201 next=12724304564 tgt=13319999999 f=0.405 u=0 breach=3 end=
CBAP_MIG t=31455000 epoch=6291 flow=19 side=new cur=12318831201 next=12724304564 tgt=13319999999 f=0.405 u=0 breach=3 end=
CBAP_MIG t=31455000 epoch=6291 flow=22 side=new cur=12318831201 next=12724304564 tgt=13319999999 f=0.405 u=0 breach=3 end=
CBAP_MIG t=31455000 epoch=6291 flow=23 side=new cur=12318831201 next=12724304564 tgt=13319999999 f=0.405 u=0 breach=3 end=
CBAP_MIG t=31455000 epoch=6291 flow=33 side=new cur=12318831201 next=12724304564 tgt=13319999999 f=0.405 u=0 breach=3 end=
CBAP_MIG t=31455000 epoch=6291 flow=39 side=new cur=12318831201 next=12724304564 tgt=13319999999 f=0.405 u=0 breach=3 end=
CBAP_MIG t=31455000 epoch=6291 flow=40 side=new cur=12318831201 next=12724304564 tgt=13319999999 f=0.405 u=0 breach=3 end=
CBAP_MIG t=31455000 epoch=6291 flow=45 side=new cur=12318831201 next=12724304564 tgt=13319999999 f=0.405 u=0 breach=3 end=
CBAP_MIG t=31455000 epoch=6291 flow=47 side=new cur=12318831201 next=12724304564 tgt=13319999999 f=0.405 u=0 breach=3 end=
CBAP_MIG t=31455000 epoch=6291 flow=50 side=new cur=12318831201 next=12724304564 tgt=13319999999 f=0.405 u=0 breach=3 end=
CBAP_MIG t=31455000 epoch=6291 flow=55 side=new cur=12318831201 next=12724304564 tgt=13319999999 f=0.405 u=0 breach=3 end=
CBAP_MIG t=31455000 epoch=6291 flow=58 side=new cur=12318831201 next=12724304564 tgt=13319999999 f=0.405 u=0 breach=3 end=
CBAP_MIG t=31455000 epoch=6291 flow=64 side=new cur=12318831201 next=12724304564 tgt=13319999999 f=0.405 u=0 breach=3 end=
CBAP_MIG t=31460000 epoch=6292 flow=9 side=new cur=12724304564 next=12965561215 tgt=13319999999 f=0.405 u=0 breach=3 end=
CBAP_MIG t=31460000 epoch=6292 flow=10 side=new cur=12724304564 next=12965561215 tgt=13319999999 f=0.405 u=0 breach=3 end=
CBAP_MIG t=31460000 epoch=6292 flow=13 side=new cur=12724304564 next=12965561215 tgt=13319999999 f=0.405 u=0 breach=3 end=
CBAP_MIG t=31460000 epoch=6292 flow=19 side=new cur=12724304564 next=12965561215 tgt=13319999999 f=0.405 u=0 breach=3 end=
CBAP_MIG t=31460000 epoch=6292 flow=22 side=new cur=12724304564 next=12965561215 tgt=13319999999 f=0.405 u=0 breach=3 end=
CBAP_MIG t=31460000 epoch=6292 flow=23 side=new cur=12724304564 next=12965561215 tgt=13319999999 f=0.405 u=0 breach=3 end=
CBAP_MIG t=31460000 epoch=6292 flow=33 side=new cur=12724304564 next=12965561215 tgt=13319999999 f=0.405 u=0 breach=3 end=
CBAP_MIG t=31460000 epoch=6292 flow=39 side=new cur=12724304564 next=12965561215 tgt=13319999999 f=0.405 u=0 breach=3 end=
CBAP_MIG t=31460000 epoch=6292 flow=40 side=new cur=12724304564 next=12965561215 tgt=13319999999 f=0.405 u=0 breach=3 end=
CBAP_MIG t=31460000 epoch=6292 flow=45 side=new cur=12724304564 next=12965561215 tgt=13319999999 f=0.405 u=0 breach=3 end=
CBAP_MIG t=31460000 epoch=6292 flow=47 side=new cur=12724304564 next=12965561215 tgt=13319999999 f=0.405 u=0 breach=3 end=
CBAP_MIG t=31460000 epoch=6292 flow=50 side=new cur=12724304564 next=12965561215 tgt=13319999999 f=0.405 u=0 breach=3 end=
CBAP_MIG t=31460000 epoch=6292 flow=55 side=new cur=12724304564 next=12965561215 tgt=13319999999 f=0.405 u=0 breach=3 end=
CBAP_MIG t=31460000 epoch=6292 flow=58 side=new cur=12724304564 next=12965561215 tgt=13319999999 f=0.405 u=0 breach=3 end=
CBAP_MIG t=31460000 epoch=6292 flow=64 side=new cur=12724304564 next=12965561215 tgt=13319999999 f=0.405 u=0 breach=3 end=
CBAP_MIG_REPLAN t=31465000 reason=active_set_shrank flow=0 batch=0 newest_batch=1 cur=2000000009 target=2000000000 ceiling=190000000000 old_side_present=1
CBAP_MIG_REPLAN t=31465000 reason=active_set_shrank flow=9 batch=1 newest_batch=1 cur=12965561215 target=15676923076 ceiling=200000000000 old_side_present=1
CBAP_MIG_REPLAN t=31465000 reason=active_set_shrank flow=10 batch=1 newest_batch=1 cur=12965561215 target=15676923076 ceiling=200000000000 old_side_present=1
CBAP_MIG_REPLAN t=31465000 reason=active_set_shrank flow=13 batch=1 newest_batch=1 cur=12965561215 target=15676923076 ceiling=200000000000 old_side_present=1
CBAP_MIG_REPLAN t=31465000 reason=active_set_shrank flow=19 batch=1 newest_batch=1 cur=12965561215 target=15676923076 ceiling=200000000000 old_side_present=1
CBAP_MIG_REPLAN t=31465000 reason=active_set_shrank flow=22 batch=1 newest_batch=1 cur=12965561215 target=15676923076 ceiling=200000000000 old_side_present=1
CBAP_MIG_REPLAN t=31465000 reason=active_set_shrank flow=23 batch=1 newest_batch=1 cur=12965561215 target=15676923076 ceiling=200000000000 old_side_present=1
CBAP_MIG_REPLAN t=31465000 reason=active_set_shrank flow=33 batch=1 newest_batch=1 cur=12965561215 target=15676923076 ceiling=200000000000 old_side_present=1
CBAP_MIG_REPLAN t=31465000 reason=active_set_shrank flow=39 batch=1 newest_batch=1 cur=12965561215 target=15676923076 ceiling=200000000000 old_side_present=1
CBAP_MIG_REPLAN t=31465000 reason=active_set_shrank flow=40 batch=1 newest_batch=1 cur=12965561215 target=15676923076 ceiling=200000000000 old_side_present=1
CBAP_MIG_REPLAN t=31465000 reason=active_set_shrank flow=45 batch=1 newest_batch=1 cur=12965561215 target=15676923076 ceiling=200000000000 old_side_present=1
CBAP_MIG_REPLAN t=31465000 reason=active_set_shrank flow=50 batch=1 newest_batch=1 cur=12965561215 target=15676923076 ceiling=200000000000 old_side_present=1
CBAP_MIG_REPLAN t=31465000 reason=active_set_shrank flow=58 batch=1 newest_batch=1 cur=12965561215 target=15676923076 ceiling=200000000000 old_side_present=1
CBAP_MIG_REPLAN t=31465000 reason=active_set_shrank flow=64 batch=1 newest_batch=1 cur=12965561215 target=15676923076 ceiling=200000000000 old_side_present=1
CBAP_MIG t=31465000 epoch=6293 flow=0 side=old cur=2000000009 next=2000000006 tgt=2000000000 f=0.3 u=0 breach=0 end=converged
CBAP_MIG t=31465000 epoch=6293 flow=9 side=new cur=12965561215 next=14063662768 tgt=15676923076 f=0.405 u=0 breach=3 end=
CBAP_MIG t=31465000 epoch=6293 flow=10 side=new cur=12965561215 next=14063662768 tgt=15676923076 f=0.405 u=0 breach=3 end=
CBAP_MIG t=31465000 epoch=6293 flow=13 side=new cur=12965561215 next=14063662768 tgt=15676923076 f=0.405 u=0 breach=3 end=
CBAP_MIG t=31465000 epoch=6293 flow=19 side=new cur=12965561215 next=14063662768 tgt=15676923076 f=0.405 u=0 breach=3 end=
CBAP_MIG t=31465000 epoch=6293 flow=22 side=new cur=12965561215 next=14063662768 tgt=15676923076 f=0.405 u=0 breach=3 end=
CBAP_MIG t=31465000 epoch=6293 flow=23 side=new cur=12965561215 next=14063662768 tgt=15676923076 f=0.405 u=0 breach=3 end=
CBAP_MIG t=31465000 epoch=6293 flow=33 side=new cur=12965561215 next=14063662768 tgt=15676923076 f=0.405 u=0 breach=3 end=
CBAP_MIG t=31465000 epoch=6293 flow=39 side=new cur=12965561215 next=14063662768 tgt=15676923076 f=0.405 u=0 breach=3 end=
CBAP_MIG t=31465000 epoch=6293 flow=40 side=new cur=12965561215 next=14063662768 tgt=15676923076 f=0.405 u=0 breach=3 end=
CBAP_MIG t=31465000 epoch=6293 flow=45 side=new cur=12965561215 next=14063662768 tgt=15676923076 f=0.405 u=0 breach=3 end=
CBAP_MIG t=31465000 epoch=6293 flow=50 side=new cur=12965561215 next=14063662768 tgt=15676923076 f=0.405 u=0 breach=3 end=
CBAP_MIG t=31465000 epoch=6293 flow=58 side=new cur=12965561215 next=14063662768 tgt=15676923076 f=0.405 u=0 breach=3 end=
CBAP_MIG t=31465000 epoch=6293 flow=64 side=new cur=12965561215 next=14063662768 tgt=15676923076 f=0.405 u=0 breach=3 end=
CBAP_MIG_REPLAN t=31470000 reason=active_set_shrank flow=0 batch=0 newest_batch=1 cur=2000000006 target=2000000000 ceiling=190000000000 old_side_present=1
CBAP_MIG_REPLAN t=31470000 reason=active_set_shrank flow=9 batch=1 newest_batch=1 cur=14063662768 target=16983333333 ceiling=200000000000 old_side_present=1
CBAP_MIG_REPLAN t=31470000 reason=active_set_shrank flow=10 batch=1 newest_batch=1 cur=14063662768 target=16983333333 ceiling=200000000000 old_side_present=1
CBAP_MIG_REPLAN t=31470000 reason=active_set_shrank flow=13 batch=1 newest_batch=1 cur=14063662768 target=16983333333 ceiling=200000000000 old_side_present=1
CBAP_MIG_REPLAN t=31470000 reason=active_set_shrank flow=19 batch=1 newest_batch=1 cur=14063662768 target=16983333333 ceiling=200000000000 old_side_present=1
CBAP_MIG_REPLAN t=31470000 reason=active_set_shrank flow=22 batch=1 newest_batch=1 cur=14063662768 target=16983333333 ceiling=200000000000 old_side_present=1
CBAP_MIG_REPLAN t=31470000 reason=active_set_shrank flow=23 batch=1 newest_batch=1 cur=14063662768 target=16983333333 ceiling=200000000000 old_side_present=1
CBAP_MIG_REPLAN t=31470000 reason=active_set_shrank flow=39 batch=1 newest_batch=1 cur=14063662768 target=16983333333 ceiling=200000000000 old_side_present=1
CBAP_MIG_REPLAN t=31470000 reason=active_set_shrank flow=40 batch=1 newest_batch=1 cur=14063662768 target=16983333333 ceiling=200000000000 old_side_present=1
CBAP_MIG_REPLAN t=31470000 reason=active_set_shrank flow=45 batch=1 newest_batch=1 cur=14063662768 target=16983333333 ceiling=200000000000 old_side_present=1
CBAP_MIG_REPLAN t=31470000 reason=active_set_shrank flow=50 batch=1 newest_batch=1 cur=14063662768 target=16983333333 ceiling=200000000000 old_side_present=1
CBAP_MIG_REPLAN t=31470000 reason=active_set_shrank flow=58 batch=1 newest_batch=1 cur=14063662768 target=16983333333 ceiling=200000000000 old_side_present=1
CBAP_MIG_REPLAN t=31470000 reason=active_set_shrank flow=64 batch=1 newest_batch=1 cur=14063662768 target=16983333333 ceiling=200000000000 old_side_present=1
CBAP_MIG t=31470000 epoch=6294 flow=0 side=old cur=2000000006 next=2000000004 tgt=2000000000 f=0.3 u=0 breach=0 end=converged
CBAP_MIG t=31470000 epoch=6294 flow=9 side=new cur=14063662768 next=15246129346 tgt=16983333333 f=0.405 u=0 breach=3 end=
CBAP_MIG t=31470000 epoch=6294 flow=10 side=new cur=14063662768 next=15246129346 tgt=16983333333 f=0.405 u=0 breach=3 end=
CBAP_MIG t=31470000 epoch=6294 flow=13 side=new cur=14063662768 next=15246129346 tgt=16983333333 f=0.405 u=0 breach=3 end=
CBAP_MIG t=31470000 epoch=6294 flow=19 side=new cur=14063662768 next=15246129346 tgt=16983333333 f=0.405 u=0 breach=3 end=
CBAP_MIG t=31470000 epoch=6294 flow=22 side=new cur=14063662768 next=15246129346 tgt=16983333333 f=0.405 u=0 breach=3 end=
CBAP_MIG t=31470000 epoch=6294 flow=23 side=new cur=14063662768 next=15246129346 tgt=16983333333 f=0.405 u=0 breach=3 end=
CBAP_MIG t=31470000 epoch=6294 flow=39 side=new cur=14063662768 next=15246129346 tgt=16983333333 f=0.405 u=0 breach=3 end=
CBAP_MIG t=31470000 epoch=6294 flow=40 side=new cur=14063662768 next=15246129346 tgt=16983333333 f=0.405 u=0 breach=3 end=
CBAP_MIG t=31470000 epoch=6294 flow=45 side=new cur=14063662768 next=15246129346 tgt=16983333333 f=0.405 u=0 breach=3 end=
CBAP_MIG t=31470000 epoch=6294 flow=50 side=new cur=14063662768 next=15246129346 tgt=16983333333 f=0.405 u=0 breach=3 end=
CBAP_MIG t=31470000 epoch=6294 flow=58 side=new cur=14063662768 next=15246129346 tgt=16983333333 f=0.405 u=0 breach=3 end=
CBAP_MIG t=31470000 epoch=6294 flow=64 side=new cur=14063662768 next=15246129346 tgt=16983333333 f=0.405 u=0 breach=3 end=
CBAP_MIG t=31475000 epoch=6295 flow=9 side=new cur=15246129346 next=15949696960 tgt=16983333333 f=0.405 u=0 breach=3 end=
CBAP_MIG t=31475000 epoch=6295 flow=10 side=new cur=15246129346 next=15949696960 tgt=16983333333 f=0.405 u=0 breach=3 end=
CBAP_MIG t=31475000 epoch=6295 flow=13 side=new cur=15246129346 next=15949696960 tgt=16983333333 f=0.405 u=0 breach=3 end=
CBAP_MIG t=31475000 epoch=6295 flow=19 side=new cur=15246129346 next=15949696960 tgt=16983333333 f=0.405 u=0 breach=3 end=
CBAP_MIG t=31475000 epoch=6295 flow=22 side=new cur=15246129346 next=15949696960 tgt=16983333333 f=0.405 u=0 breach=3 end=
CBAP_MIG t=31475000 epoch=6295 flow=23 side=new cur=15246129346 next=15949696960 tgt=16983333333 f=0.405 u=0 breach=3 end=
CBAP_MIG t=31475000 epoch=6295 flow=39 side=new cur=15246129346 next=15949696960 tgt=16983333333 f=0.405 u=0 breach=3 end=
CBAP_MIG t=31475000 epoch=6295 flow=40 side=new cur=15246129346 next=15949696960 tgt=16983333333 f=0.405 u=0 breach=3 end=
CBAP_MIG t=31475000 epoch=6295 flow=45 side=new cur=15246129346 next=15949696960 tgt=16983333333 f=0.405 u=0 breach=3 end=
CBAP_MIG t=31475000 epoch=6295 flow=50 side=new cur=15246129346 next=15949696960 tgt=16983333333 f=0.405 u=0 breach=3 end=
CBAP_MIG t=31475000 epoch=6295 flow=58 side=new cur=15246129346 next=15949696960 tgt=16983333333 f=0.405 u=0 breach=3 end=
CBAP_MIG t=31475000 epoch=6295 flow=64 side=new cur=15246129346 next=15949696960 tgt=16983333333 f=0.405 u=0 breach=3 end=
CBAP_MIG_REPLAN t=31480000 reason=active_set_shrank flow=0 batch=0 newest_batch=1 cur=2000000004 target=2000000000 ceiling=190000000000 old_side_present=1
CBAP_MIG_REPLAN t=31480000 reason=active_set_shrank flow=9 batch=1 newest_batch=1 cur=15949696960 target=18163636363 ceiling=200000000000 old_side_present=1
CBAP_MIG_REPLAN t=31480000 reason=active_set_shrank flow=10 batch=1 newest_batch=1 cur=15949696960 target=18163636363 ceiling=200000000000 old_side_present=1
CBAP_MIG_REPLAN t=31480000 reason=active_set_shrank flow=13 batch=1 newest_batch=1 cur=15949696960 target=18163636363 ceiling=200000000000 old_side_present=1
CBAP_MIG_REPLAN t=31480000 reason=active_set_shrank flow=19 batch=1 newest_batch=1 cur=15949696960 target=18163636363 ceiling=200000000000 old_side_present=1
CBAP_MIG_REPLAN t=31480000 reason=active_set_shrank flow=22 batch=1 newest_batch=1 cur=15949696960 target=18163636363 ceiling=200000000000 old_side_present=1
CBAP_MIG_REPLAN t=31480000 reason=active_set_shrank flow=23 batch=1 newest_batch=1 cur=15949696960 target=18163636363 ceiling=200000000000 old_side_present=1
CBAP_MIG_REPLAN t=31480000 reason=active_set_shrank flow=40 batch=1 newest_batch=1 cur=15949696960 target=18163636363 ceiling=200000000000 old_side_present=1
CBAP_MIG_REPLAN t=31480000 reason=active_set_shrank flow=45 batch=1 newest_batch=1 cur=15949696960 target=18163636363 ceiling=200000000000 old_side_present=1
CBAP_MIG_REPLAN t=31480000 reason=active_set_shrank flow=50 batch=1 newest_batch=1 cur=15949696960 target=18163636363 ceiling=200000000000 old_side_present=1
CBAP_MIG_REPLAN t=31480000 reason=active_set_shrank flow=58 batch=1 newest_batch=1 cur=15949696960 target=18163636363 ceiling=200000000000 old_side_present=1
CBAP_MIG_REPLAN t=31480000 reason=active_set_shrank flow=64 batch=1 newest_batch=1 cur=15949696960 target=18163636363 ceiling=200000000000 old_side_present=1
CBAP_MIG t=31480000 epoch=6296 flow=0 side=old cur=2000000004 next=2000000002 tgt=2000000000 f=0.3 u=0 breach=0 end=converged
CBAP_MIG t=31480000 epoch=6296 flow=9 side=new cur=15949696960 next=16846342418 tgt=18163636363 f=0.405 u=0 breach=3 end=
CBAP_MIG t=31480000 epoch=6296 flow=10 side=new cur=15949696960 next=16846342418 tgt=18163636363 f=0.405 u=0 breach=3 end=
CBAP_MIG t=31480000 epoch=6296 flow=13 side=new cur=15949696960 next=16846342418 tgt=18163636363 f=0.405 u=0 breach=3 end=
CBAP_MIG t=31480000 epoch=6296 flow=19 side=new cur=15949696960 next=16846342418 tgt=18163636363 f=0.405 u=0 breach=3 end=
CBAP_MIG t=31480000 epoch=6296 flow=22 side=new cur=15949696960 next=16846342418 tgt=18163636363 f=0.405 u=0 breach=3 end=
CBAP_MIG t=31480000 epoch=6296 flow=23 side=new cur=15949696960 next=16846342418 tgt=18163636363 f=0.405 u=0 breach=3 end=
CBAP_MIG t=31480000 epoch=6296 flow=40 side=new cur=15949696960 next=16846342418 tgt=18163636363 f=0.405 u=0 breach=3 end=
CBAP_MIG t=31480000 epoch=6296 flow=45 side=new cur=15949696960 next=16846342418 tgt=18163636363 f=0.405 u=0 breach=3 end=
CBAP_MIG t=31480000 epoch=6296 flow=50 side=new cur=15949696960 next=16846342418 tgt=18163636363 f=0.405 u=0 breach=3 end=
CBAP_MIG t=31480000 epoch=6296 flow=58 side=new cur=15949696960 next=16846342418 tgt=18163636363 f=0.405 u=0 breach=3 end=
CBAP_MIG t=31480000 epoch=6296 flow=64 side=new cur=15949696960 next=16846342418 tgt=18163636363 f=0.405 u=0 breach=3 end=
CBAP_MIG t=31485000 epoch=6297 flow=9 side=new cur=16846342418 next=17379846465 tgt=18163636363 f=0.405 u=0 breach=3 end=
CBAP_MIG t=31485000 epoch=6297 flow=10 side=new cur=16846342418 next=17379846465 tgt=18163636363 f=0.405 u=0 breach=3 end=
CBAP_MIG t=31485000 epoch=6297 flow=13 side=new cur=16846342418 next=17379846465 tgt=18163636363 f=0.405 u=0 breach=3 end=
CBAP_MIG t=31485000 epoch=6297 flow=19 side=new cur=16846342418 next=17379846465 tgt=18163636363 f=0.405 u=0 breach=3 end=
CBAP_MIG t=31485000 epoch=6297 flow=22 side=new cur=16846342418 next=17379846465 tgt=18163636363 f=0.405 u=0 breach=3 end=
CBAP_MIG t=31485000 epoch=6297 flow=23 side=new cur=16846342418 next=17379846465 tgt=18163636363 f=0.405 u=0 breach=3 end=
CBAP_MIG t=31485000 epoch=6297 flow=40 side=new cur=16846342418 next=17379846465 tgt=18163636363 f=0.405 u=0 breach=3 end=
CBAP_MIG t=31485000 epoch=6297 flow=45 side=new cur=16846342418 next=17379846465 tgt=18163636363 f=0.405 u=0 breach=3 end=
CBAP_MIG t=31485000 epoch=6297 flow=50 side=new cur=16846342418 next=17379846465 tgt=18163636363 f=0.405 u=0 breach=3 end=
CBAP_MIG t=31485000 epoch=6297 flow=58 side=new cur=16846342418 next=17379846465 tgt=18163636363 f=0.405 u=0 breach=3 end=
CBAP_MIG t=31485000 epoch=6297 flow=64 side=new cur=16846342418 next=17379846465 tgt=18163636363 f=0.405 u=0 breach=3 end=
CBAP_MIG t=31490000 epoch=6298 flow=9 side=new cur=17379846465 next=17697281373 tgt=18163636363 f=0.405 u=0 breach=3 end=
CBAP_MIG t=31490000 epoch=6298 flow=10 side=new cur=17379846465 next=17697281373 tgt=18163636363 f=0.405 u=0 breach=3 end=
CBAP_MIG t=31490000 epoch=6298 flow=13 side=new cur=17379846465 next=17697281373 tgt=18163636363 f=0.405 u=0 breach=3 end=
CBAP_MIG t=31490000 epoch=6298 flow=19 side=new cur=17379846465 next=17697281373 tgt=18163636363 f=0.405 u=0 breach=3 end=
CBAP_MIG t=31490000 epoch=6298 flow=22 side=new cur=17379846465 next=17697281373 tgt=18163636363 f=0.405 u=0 breach=3 end=
CBAP_MIG t=31490000 epoch=6298 flow=23 side=new cur=17379846465 next=17697281373 tgt=18163636363 f=0.405 u=0 breach=3 end=
CBAP_MIG t=31490000 epoch=6298 flow=40 side=new cur=17379846465 next=17697281373 tgt=18163636363 f=0.405 u=0 breach=3 end=
CBAP_MIG t=31490000 epoch=6298 flow=45 side=new cur=17379846465 next=17697281373 tgt=18163636363 f=0.405 u=0 breach=3 end=
CBAP_MIG t=31490000 epoch=6298 flow=50 side=new cur=17379846465 next=17697281373 tgt=18163636363 f=0.405 u=0 breach=3 end=
CBAP_MIG t=31490000 epoch=6298 flow=58 side=new cur=17379846465 next=17697281373 tgt=18163636363 f=0.405 u=0 breach=3 end=
CBAP_MIG t=31490000 epoch=6298 flow=64 side=new cur=17379846465 next=17697281373 tgt=18163636363 f=0.405 u=0 breach=3 end=
CBAP_MIG t=31495000 epoch=6299 flow=9 side=new cur=17697281373 next=17886155143 tgt=18163636363 f=0.405 u=0 breach=3 end=
CBAP_MIG t=31495000 epoch=6299 flow=10 side=new cur=17697281373 next=17886155143 tgt=18163636363 f=0.405 u=0 breach=3 end=
CBAP_MIG t=31495000 epoch=6299 flow=13 side=new cur=17697281373 next=17886155143 tgt=18163636363 f=0.405 u=0 breach=3 end=
CBAP_MIG t=31495000 epoch=6299 flow=19 side=new cur=17697281373 next=17886155143 tgt=18163636363 f=0.405 u=0 breach=3 end=
CBAP_MIG t=31495000 epoch=6299 flow=22 side=new cur=17697281373 next=17886155143 tgt=18163636363 f=0.405 u=0 breach=3 end=
CBAP_MIG t=31495000 epoch=6299 flow=23 side=new cur=17697281373 next=17886155143 tgt=18163636363 f=0.405 u=0 breach=3 end=
CBAP_MIG t=31495000 epoch=6299 flow=40 side=new cur=17697281373 next=17886155143 tgt=18163636363 f=0.405 u=0 breach=3 end=
CBAP_MIG t=31495000 epoch=6299 flow=45 side=new cur=17697281373 next=17886155143 tgt=18163636363 f=0.405 u=0 breach=3 end=
CBAP_MIG t=31495000 epoch=6299 flow=50 side=new cur=17697281373 next=17886155143 tgt=18163636363 f=0.405 u=0 breach=3 end=
CBAP_MIG t=31495000 epoch=6299 flow=58 side=new cur=17697281373 next=17886155143 tgt=18163636363 f=0.405 u=0 breach=3 end=
CBAP_MIG t=31495000 epoch=6299 flow=64 side=new cur=17697281373 next=17886155143 tgt=18163636363 f=0.405 u=0 breach=3 end=
CBAP_MIG t=31500000 epoch=6300 flow=9 side=new cur=17886155143 next=17998535037 tgt=18163636363 f=0.405 u=0 breach=3 end=converged
CBAP_MIG t=31500000 epoch=6300 flow=10 side=new cur=17886155143 next=17998535037 tgt=18163636363 f=0.405 u=0 breach=3 end=converged
CBAP_MIG t=31500000 epoch=6300 flow=13 side=new cur=17886155143 next=17998535037 tgt=18163636363 f=0.405 u=0 breach=3 end=converged
CBAP_MIG t=31500000 epoch=6300 flow=19 side=new cur=17886155143 next=17998535037 tgt=18163636363 f=0.405 u=0 breach=3 end=converged
CBAP_MIG t=31500000 epoch=6300 flow=22 side=new cur=17886155143 next=17998535037 tgt=18163636363 f=0.405 u=0 breach=3 end=converged
CBAP_MIG t=31500000 epoch=6300 flow=23 side=new cur=17886155143 next=17998535037 tgt=18163636363 f=0.405 u=0 breach=3 end=converged
CBAP_MIG t=31500000 epoch=6300 flow=40 side=new cur=17886155143 next=17998535037 tgt=18163636363 f=0.405 u=0 breach=3 end=converged
CBAP_MIG t=31500000 epoch=6300 flow=45 side=new cur=17886155143 next=17998535037 tgt=18163636363 f=0.405 u=0 breach=3 end=converged
CBAP_MIG t=31500000 epoch=6300 flow=50 side=new cur=17886155143 next=17998535037 tgt=18163636363 f=0.405 u=0 breach=3 end=converged
CBAP_MIG t=31500000 epoch=6300 flow=58 side=new cur=17886155143 next=17998535037 tgt=18163636363 f=0.405 u=0 breach=3 end=converged
CBAP_MIG t=31500000 epoch=6300 flow=64 side=new cur=17886155143 next=17998535037 tgt=18163636363 f=0.405 u=0 breach=3 end=converged
CBAP_MIG_REPLAN t=31505000 reason=active_set_shrank flow=0 batch=0 newest_batch=1 cur=2000000002 target=2000000000 ceiling=190000000000 old_side_present=1
CBAP_MIG_REPLAN t=31505000 reason=active_set_shrank flow=9 batch=1 newest_batch=1 cur=17998535037 target=20380000000 ceiling=200000000000 old_side_present=1
CBAP_MIG_REPLAN t=31505000 reason=active_set_shrank flow=10 batch=1 newest_batch=1 cur=17998535037 target=20380000000 ceiling=200000000000 old_side_present=1
CBAP_MIG_REPLAN t=31505000 reason=active_set_shrank flow=13 batch=1 newest_batch=1 cur=17998535037 target=20380000000 ceiling=200000000000 old_side_present=1
CBAP_MIG_REPLAN t=31505000 reason=active_set_shrank flow=19 batch=1 newest_batch=1 cur=17998535037 target=20380000000 ceiling=200000000000 old_side_present=1
CBAP_MIG_REPLAN t=31505000 reason=active_set_shrank flow=22 batch=1 newest_batch=1 cur=17998535037 target=20380000000 ceiling=200000000000 old_side_present=1
CBAP_MIG_REPLAN t=31505000 reason=active_set_shrank flow=23 batch=1 newest_batch=1 cur=17998535037 target=20380000000 ceiling=200000000000 old_side_present=1
CBAP_MIG_REPLAN t=31505000 reason=active_set_shrank flow=40 batch=1 newest_batch=1 cur=17998535037 target=20380000000 ceiling=200000000000 old_side_present=1
CBAP_MIG_REPLAN t=31505000 reason=active_set_shrank flow=45 batch=1 newest_batch=1 cur=17998535037 target=20380000000 ceiling=200000000000 old_side_present=1
CBAP_MIG_REPLAN t=31505000 reason=active_set_shrank flow=50 batch=1 newest_batch=1 cur=17998535037 target=20380000000 ceiling=200000000000 old_side_present=1
CBAP_MIG_REPLAN t=31505000 reason=active_set_shrank flow=64 batch=1 newest_batch=1 cur=17998535037 target=20380000000 ceiling=200000000000 old_side_present=1
CBAP_MIG t=31505000 epoch=6301 flow=0 side=old cur=2000000002 next=2000000001 tgt=2000000000 f=0.3 u=0 breach=0 end=converged
CBAP_MIG t=31505000 epoch=6301 flow=9 side=new cur=17998535037 next=18963028347 tgt=20380000000 f=0.405 u=0 breach=3 end=
CBAP_MIG t=31505000 epoch=6301 flow=10 side=new cur=17998535037 next=18963028347 tgt=20380000000 f=0.405 u=0 breach=3 end=
CBAP_MIG t=31505000 epoch=6301 flow=13 side=new cur=17998535037 next=18963028347 tgt=20380000000 f=0.405 u=0 breach=3 end=
CBAP_MIG t=31505000 epoch=6301 flow=19 side=new cur=17998535037 next=18963028347 tgt=20380000000 f=0.405 u=0 breach=3 end=
CBAP_MIG t=31505000 epoch=6301 flow=22 side=new cur=17998535037 next=18963028347 tgt=20380000000 f=0.405 u=0 breach=3 end=
CBAP_MIG t=31505000 epoch=6301 flow=23 side=new cur=17998535037 next=18963028347 tgt=20380000000 f=0.405 u=0 breach=3 end=
CBAP_MIG t=31505000 epoch=6301 flow=40 side=new cur=17998535037 next=18963028347 tgt=20380000000 f=0.405 u=0 breach=3 end=
CBAP_MIG t=31505000 epoch=6301 flow=45 side=new cur=17998535037 next=18963028347 tgt=20380000000 f=0.405 u=0 breach=3 end=
CBAP_MIG t=31505000 epoch=6301 flow=50 side=new cur=17998535037 next=18963028347 tgt=20380000000 f=0.405 u=0 breach=3 end=
CBAP_MIG t=31505000 epoch=6301 flow=64 side=new cur=17998535037 next=18963028347 tgt=20380000000 f=0.405 u=0 breach=3 end=
CBAP_MIG_REPLAN t=31510000 reason=active_set_shrank flow=0 batch=0 newest_batch=1 cur=2000000001 target=2000000000 ceiling=190000000000 old_side_present=1
CBAP_MIG_REPLAN t=31510000 reason=active_set_shrank flow=9 batch=1 newest_batch=1 cur=18963028347 target=22200000000 ceiling=200000000000 old_side_present=1
CBAP_MIG_REPLAN t=31510000 reason=active_set_shrank flow=13 batch=1 newest_batch=1 cur=18963028347 target=22200000000 ceiling=200000000000 old_side_present=1
CBAP_MIG_REPLAN t=31510000 reason=active_set_shrank flow=19 batch=1 newest_batch=1 cur=18963028347 target=22200000000 ceiling=200000000000 old_side_present=1
CBAP_MIG_REPLAN t=31510000 reason=active_set_shrank flow=22 batch=1 newest_batch=1 cur=18963028347 target=22200000000 ceiling=200000000000 old_side_present=1
CBAP_MIG_REPLAN t=31510000 reason=active_set_shrank flow=23 batch=1 newest_batch=1 cur=18963028347 target=22200000000 ceiling=200000000000 old_side_present=1
CBAP_MIG_REPLAN t=31510000 reason=active_set_shrank flow=40 batch=1 newest_batch=1 cur=18963028347 target=22200000000 ceiling=200000000000 old_side_present=1
CBAP_MIG_REPLAN t=31510000 reason=active_set_shrank flow=45 batch=1 newest_batch=1 cur=18963028347 target=22200000000 ceiling=200000000000 old_side_present=1
CBAP_MIG_REPLAN t=31510000 reason=active_set_shrank flow=50 batch=1 newest_batch=1 cur=18963028347 target=22200000000 ceiling=200000000000 old_side_present=1
CBAP_MIG_REPLAN t=31510000 reason=active_set_shrank flow=64 batch=1 newest_batch=1 cur=18963028347 target=22200000000 ceiling=200000000000 old_side_present=1
CBAP_MIG t=31510000 epoch=6302 flow=0 side=old cur=2000000001 next=2000000000 tgt=2000000000 f=0.3 u=0 breach=0 end=converged
CBAP_MIG t=31510000 epoch=6302 flow=9 side=new cur=18963028347 next=20274001866 tgt=22200000000 f=0.405 u=0 breach=3 end=
CBAP_MIG t=31510000 epoch=6302 flow=13 side=new cur=18963028347 next=20274001866 tgt=22200000000 f=0.405 u=0 breach=3 end=
CBAP_MIG t=31510000 epoch=6302 flow=19 side=new cur=18963028347 next=20274001866 tgt=22200000000 f=0.405 u=0 breach=3 end=
CBAP_MIG t=31510000 epoch=6302 flow=22 side=new cur=18963028347 next=20274001866 tgt=22200000000 f=0.405 u=0 breach=3 end=
CBAP_MIG t=31510000 epoch=6302 flow=23 side=new cur=18963028347 next=20274001866 tgt=22200000000 f=0.405 u=0 breach=3 end=
CBAP_MIG t=31510000 epoch=6302 flow=40 side=new cur=18963028347 next=20274001866 tgt=22200000000 f=0.405 u=0 breach=3 end=
CBAP_MIG t=31510000 epoch=6302 flow=45 side=new cur=18963028347 next=20274001866 tgt=22200000000 f=0.405 u=0 breach=3 end=
CBAP_MIG t=31510000 epoch=6302 flow=50 side=new cur=18963028347 next=20274001866 tgt=22200000000 f=0.405 u=0 breach=3 end=
CBAP_MIG t=31510000 epoch=6302 flow=64 side=new cur=18963028347 next=20274001866 tgt=22200000000 f=0.405 u=0 breach=3 end=
CBAP_MIG_REPLAN t=31515000 reason=active_set_shrank flow=0 batch=0 newest_batch=1 cur=2000000000 target=2000000000 ceiling=190000000000 old_side_present=1
CBAP_MIG_REPLAN t=31515000 reason=active_set_shrank flow=9 batch=1 newest_batch=1 cur=20274001866 target=24975000000 ceiling=200000000000 old_side_present=1
CBAP_MIG_REPLAN t=31515000 reason=active_set_shrank flow=13 batch=1 newest_batch=1 cur=20274001866 target=24975000000 ceiling=200000000000 old_side_present=1
CBAP_MIG_REPLAN t=31515000 reason=active_set_shrank flow=19 batch=1 newest_batch=1 cur=20274001866 target=24975000000 ceiling=200000000000 old_side_present=1
CBAP_MIG_REPLAN t=31515000 reason=active_set_shrank flow=22 batch=1 newest_batch=1 cur=20274001866 target=24975000000 ceiling=200000000000 old_side_present=1
CBAP_MIG_REPLAN t=31515000 reason=active_set_shrank flow=23 batch=1 newest_batch=1 cur=20274001866 target=24975000000 ceiling=200000000000 old_side_present=1
CBAP_MIG_REPLAN t=31515000 reason=active_set_shrank flow=45 batch=1 newest_batch=1 cur=20274001866 target=24975000000 ceiling=200000000000 old_side_present=1
CBAP_MIG_REPLAN t=31515000 reason=active_set_shrank flow=50 batch=1 newest_batch=1 cur=20274001866 target=24975000000 ceiling=200000000000 old_side_present=1
CBAP_MIG_REPLAN t=31515000 reason=active_set_shrank flow=64 batch=1 newest_batch=1 cur=20274001866 target=24975000000 ceiling=200000000000 old_side_present=1
CBAP_MIG t=31515000 epoch=6303 flow=0 side=old cur=2000000000 next=2000000000 tgt=2000000000 f=0.405 u=0 breach=0 end=converged
CBAP_MIG t=31515000 epoch=6303 flow=9 side=new cur=20274001866 next=22177906110 tgt=24975000000 f=0.405 u=0 breach=3 end=
CBAP_MIG t=31515000 epoch=6303 flow=13 side=new cur=20274001866 next=22177906110 tgt=24975000000 f=0.405 u=0 breach=3 end=
CBAP_MIG t=31515000 epoch=6303 flow=19 side=new cur=20274001866 next=22177906110 tgt=24975000000 f=0.405 u=0 breach=3 end=
CBAP_MIG t=31515000 epoch=6303 flow=22 side=new cur=20274001866 next=22177906110 tgt=24975000000 f=0.405 u=0 breach=3 end=
CBAP_MIG t=31515000 epoch=6303 flow=23 side=new cur=20274001866 next=22177906110 tgt=24975000000 f=0.405 u=0 breach=3 end=
CBAP_MIG t=31515000 epoch=6303 flow=45 side=new cur=20274001866 next=22177906110 tgt=24975000000 f=0.405 u=0 breach=3 end=
CBAP_MIG t=31515000 epoch=6303 flow=50 side=new cur=20274001866 next=22177906110 tgt=24975000000 f=0.405 u=0 breach=3 end=
CBAP_MIG t=31515000 epoch=6303 flow=64 side=new cur=20274001866 next=22177906110 tgt=24975000000 f=0.405 u=0 breach=3 end=
CBAP_MIG t=31520000 epoch=6304 flow=9 side=new cur=22177906110 next=23310729135 tgt=24975000000 f=0.405 u=0 breach=3 end=
CBAP_MIG t=31520000 epoch=6304 flow=13 side=new cur=22177906110 next=23310729135 tgt=24975000000 f=0.405 u=0 breach=3 end=
CBAP_MIG t=31520000 epoch=6304 flow=19 side=new cur=22177906110 next=23310729135 tgt=24975000000 f=0.405 u=0 breach=3 end=
CBAP_MIG t=31520000 epoch=6304 flow=22 side=new cur=22177906110 next=23310729135 tgt=24975000000 f=0.405 u=0 breach=3 end=
CBAP_MIG t=31520000 epoch=6304 flow=23 side=new cur=22177906110 next=23310729135 tgt=24975000000 f=0.405 u=0 breach=3 end=
CBAP_MIG t=31520000 epoch=6304 flow=45 side=new cur=22177906110 next=23310729135 tgt=24975000000 f=0.405 u=0 breach=3 end=
CBAP_MIG t=31520000 epoch=6304 flow=50 side=new cur=22177906110 next=23310729135 tgt=24975000000 f=0.405 u=0 breach=3 end=
CBAP_MIG t=31520000 epoch=6304 flow=64 side=new cur=22177906110 next=23310729135 tgt=24975000000 f=0.405 u=0 breach=3 end=
CBAP_MIG_REPLAN t=31525000 reason=active_set_shrank flow=0 batch=0 newest_batch=1 cur=2000000000 target=2000000000 ceiling=190000000000 old_side_present=1
CBAP_MIG_REPLAN t=31525000 reason=active_set_shrank flow=9 batch=1 newest_batch=1 cur=23310729135 target=33300000000 ceiling=200000000000 old_side_present=1
CBAP_MIG_REPLAN t=31525000 reason=active_set_shrank flow=13 batch=1 newest_batch=1 cur=23310729135 target=33300000000 ceiling=200000000000 old_side_present=1
CBAP_MIG_REPLAN t=31525000 reason=active_set_shrank flow=19 batch=1 newest_batch=1 cur=23310729135 target=33300000000 ceiling=200000000000 old_side_present=1
CBAP_MIG_REPLAN t=31525000 reason=active_set_shrank flow=23 batch=1 newest_batch=1 cur=23310729135 target=33300000000 ceiling=200000000000 old_side_present=1
CBAP_MIG_REPLAN t=31525000 reason=active_set_shrank flow=45 batch=1 newest_batch=1 cur=23310729135 target=33300000000 ceiling=200000000000 old_side_present=1
CBAP_MIG_REPLAN t=31525000 reason=active_set_shrank flow=50 batch=1 newest_batch=1 cur=23310729135 target=33300000000 ceiling=200000000000 old_side_present=1
CBAP_MIG t=31525000 epoch=6305 flow=0 side=old cur=2000000000 next=2000000000 tgt=2000000000 f=0.405 u=0 breach=0 end=converged
CBAP_MIG t=31525000 epoch=6305 flow=9 side=new cur=23310729135 next=27356383835 tgt=33300000000 f=0.405 u=0 breach=3 end=
CBAP_MIG t=31525000 epoch=6305 flow=13 side=new cur=23310729135 next=27356383835 tgt=33300000000 f=0.405 u=0 breach=3 end=
CBAP_MIG t=31525000 epoch=6305 flow=19 side=new cur=23310729135 next=27356383835 tgt=33300000000 f=0.405 u=0 breach=3 end=
CBAP_MIG t=31525000 epoch=6305 flow=23 side=new cur=23310729135 next=27356383835 tgt=33300000000 f=0.405 u=0 breach=3 end=
CBAP_MIG t=31525000 epoch=6305 flow=45 side=new cur=23310729135 next=27356383835 tgt=33300000000 f=0.405 u=0 breach=3 end=
CBAP_MIG t=31525000 epoch=6305 flow=50 side=new cur=23310729135 next=27356383835 tgt=33300000000 f=0.405 u=0 breach=3 end=
CBAP_MIG t=31530000 epoch=6306 flow=9 side=new cur=27356383835 next=29763548381 tgt=33300000000 f=0.405 u=0 breach=3 end=
CBAP_MIG t=31530000 epoch=6306 flow=13 side=new cur=27356383835 next=29763548381 tgt=33300000000 f=0.405 u=0 breach=3 end=
CBAP_MIG t=31530000 epoch=6306 flow=19 side=new cur=27356383835 next=29763548381 tgt=33300000000 f=0.405 u=0 breach=3 end=
CBAP_MIG t=31530000 epoch=6306 flow=23 side=new cur=27356383835 next=29763548381 tgt=33300000000 f=0.405 u=0 breach=3 end=
CBAP_MIG t=31530000 epoch=6306 flow=45 side=new cur=27356383835 next=29763548381 tgt=33300000000 f=0.405 u=0 breach=3 end=
CBAP_MIG t=31530000 epoch=6306 flow=50 side=new cur=27356383835 next=29763548381 tgt=33300000000 f=0.405 u=0 breach=3 end=
CBAP_MIG t=31535000 epoch=6307 flow=9 side=new cur=29763548381 next=31195811286 tgt=33300000000 f=0.405 u=0 breach=3 end=
CBAP_MIG t=31535000 epoch=6307 flow=13 side=new cur=29763548381 next=31195811286 tgt=33300000000 f=0.405 u=0 breach=3 end=
CBAP_MIG t=31535000 epoch=6307 flow=19 side=new cur=29763548381 next=31195811286 tgt=33300000000 f=0.405 u=0 breach=3 end=
CBAP_MIG t=31535000 epoch=6307 flow=23 side=new cur=29763548381 next=31195811286 tgt=33300000000 f=0.405 u=0 breach=3 end=
CBAP_MIG t=31535000 epoch=6307 flow=45 side=new cur=29763548381 next=31195811286 tgt=33300000000 f=0.405 u=0 breach=3 end=
CBAP_MIG t=31535000 epoch=6307 flow=50 side=new cur=29763548381 next=31195811286 tgt=33300000000 f=0.405 u=0 breach=3 end=
CBAP_MIG_REPLAN t=31540000 reason=active_set_shrank flow=0 batch=0 newest_batch=1 cur=2000000000 target=2000000000 ceiling=190000000000 old_side_present=1
CBAP_MIG_REPLAN t=31540000 reason=active_set_shrank flow=13 batch=1 newest_batch=1 cur=31195811286 target=39960000000 ceiling=200000000000 old_side_present=1
CBAP_MIG_REPLAN t=31540000 reason=active_set_shrank flow=19 batch=1 newest_batch=1 cur=31195811286 target=39960000000 ceiling=200000000000 old_side_present=1
CBAP_MIG_REPLAN t=31540000 reason=active_set_shrank flow=23 batch=1 newest_batch=1 cur=31195811286 target=39960000000 ceiling=200000000000 old_side_present=1
CBAP_MIG_REPLAN t=31540000 reason=active_set_shrank flow=45 batch=1 newest_batch=1 cur=31195811286 target=39960000000 ceiling=200000000000 old_side_present=1
CBAP_MIG_REPLAN t=31540000 reason=active_set_shrank flow=50 batch=1 newest_batch=1 cur=31195811286 target=39960000000 ceiling=200000000000 old_side_present=1
CBAP_MIG t=31540000 epoch=6308 flow=0 side=old cur=2000000000 next=2000000000 tgt=2000000000 f=0.405 u=0 breach=0 end=converged
CBAP_MIG t=31540000 epoch=6308 flow=13 side=new cur=31195811286 next=34745307715 tgt=39960000000 f=0.405 u=0 breach=3 end=
CBAP_MIG t=31540000 epoch=6308 flow=19 side=new cur=31195811286 next=34745307715 tgt=39960000000 f=0.405 u=0 breach=3 end=
CBAP_MIG t=31540000 epoch=6308 flow=23 side=new cur=31195811286 next=34745307715 tgt=39960000000 f=0.405 u=0 breach=3 end=
CBAP_MIG t=31540000 epoch=6308 flow=45 side=new cur=31195811286 next=34745307715 tgt=39960000000 f=0.405 u=0 breach=3 end=
CBAP_MIG t=31540000 epoch=6308 flow=50 side=new cur=31195811286 next=34745307715 tgt=39960000000 f=0.405 u=0 breach=3 end=
CBAP_MIG t=31545000 epoch=6309 flow=13 side=new cur=34745307715 next=36857258090 tgt=39960000000 f=0.405 u=0 breach=3 end=
CBAP_MIG t=31545000 epoch=6309 flow=19 side=new cur=34745307715 next=36857258090 tgt=39960000000 f=0.405 u=0 breach=3 end=
CBAP_MIG t=31545000 epoch=6309 flow=23 side=new cur=34745307715 next=36857258090 tgt=39960000000 f=0.405 u=0 breach=3 end=
CBAP_MIG t=31545000 epoch=6309 flow=45 side=new cur=34745307715 next=36857258090 tgt=39960000000 f=0.405 u=0 breach=3 end=
CBAP_MIG t=31545000 epoch=6309 flow=50 side=new cur=34745307715 next=36857258090 tgt=39960000000 f=0.405 u=0 breach=3 end=
CBAP_MIG_REPLAN t=31550000 reason=active_set_shrank flow=0 batch=0 newest_batch=1 cur=2000000000 target=2000000000 ceiling=190000000000 old_side_present=1
CBAP_MIG_REPLAN t=31550000 reason=active_set_shrank flow=19 batch=1 newest_batch=1 cur=36857258090 target=49950000000 ceiling=200000000000 old_side_present=1
CBAP_MIG_REPLAN t=31550000 reason=active_set_shrank flow=23 batch=1 newest_batch=1 cur=36857258090 target=49950000000 ceiling=200000000000 old_side_present=1
CBAP_MIG_REPLAN t=31550000 reason=active_set_shrank flow=45 batch=1 newest_batch=1 cur=36857258090 target=49950000000 ceiling=200000000000 old_side_present=1
CBAP_MIG_REPLAN t=31550000 reason=active_set_shrank flow=50 batch=1 newest_batch=1 cur=36857258090 target=49950000000 ceiling=200000000000 old_side_present=1
CBAP_MIG t=31550000 epoch=6310 flow=0 side=old cur=2000000000 next=2000000000 tgt=2000000000 f=0.405 u=0 breach=0 end=converged
CBAP_MIG t=31550000 epoch=6310 flow=19 side=new cur=36857258090 next=42159818563 tgt=49950000000 f=0.405 u=0 breach=3 end=
CBAP_MIG t=31550000 epoch=6310 flow=23 side=new cur=36857258090 next=42159818563 tgt=49950000000 f=0.405 u=0 breach=3 end=
CBAP_MIG t=31550000 epoch=6310 flow=45 side=new cur=36857258090 next=42159818563 tgt=49950000000 f=0.405 u=0 breach=3 end=
CBAP_MIG t=31550000 epoch=6310 flow=50 side=new cur=36857258090 next=42159818563 tgt=49950000000 f=0.405 u=0 breach=3 end=
CBAP_MIG_REPLAN t=31555000 reason=active_set_shrank flow=0 batch=0 newest_batch=1 cur=2000000000 target=2000000000 ceiling=190000000000 old_side_present=1
CBAP_MIG_REPLAN t=31555000 reason=active_set_shrank flow=19 batch=1 newest_batch=1 cur=42159818563 target=66600000000 ceiling=200000000000 old_side_present=1
CBAP_MIG_REPLAN t=31555000 reason=active_set_shrank flow=23 batch=1 newest_batch=1 cur=42159818563 target=66600000000 ceiling=200000000000 old_side_present=1
CBAP_MIG_REPLAN t=31555000 reason=active_set_shrank flow=50 batch=1 newest_batch=1 cur=42159818563 target=66600000000 ceiling=200000000000 old_side_present=1
CBAP_MIG t=31555000 epoch=6311 flow=0 side=old cur=2000000000 next=2000000000 tgt=2000000000 f=0.405 u=0 breach=0 end=converged
CBAP_MIG t=31555000 epoch=6311 flow=19 side=new cur=42159818563 next=52058092044 tgt=66600000000 f=0.405 u=0 breach=3 end=
CBAP_MIG t=31555000 epoch=6311 flow=23 side=new cur=42159818563 next=52058092044 tgt=66600000000 f=0.405 u=0 breach=3 end=
CBAP_MIG t=31555000 epoch=6311 flow=50 side=new cur=42159818563 next=52058092044 tgt=66600000000 f=0.405 u=0 breach=3 end=
CBAP_MIG t=31560000 epoch=6312 flow=19 side=new cur=52058092044 next=57947564766 tgt=66600000000 f=0.405 u=0 breach=3 end=
CBAP_MIG t=31560000 epoch=6312 flow=23 side=new cur=52058092044 next=57947564766 tgt=66600000000 f=0.405 u=0 breach=3 end=
CBAP_MIG t=31560000 epoch=6312 flow=50 side=new cur=52058092044 next=57947564766 tgt=66600000000 f=0.405 u=0 breach=3 end=
CBAP_MIG_REPLAN t=31565000 reason=active_set_shrank flow=0 batch=0 newest_batch=1 cur=2000000000 target=2000000000 ceiling=190000000000 old_side_present=1
CBAP_MIG_REPLAN t=31565000 reason=active_set_shrank flow=19 batch=1 newest_batch=1 cur=57947564766 target=99900000000 ceiling=200000000000 old_side_present=1
CBAP_MIG_REPLAN t=31565000 reason=active_set_shrank flow=23 batch=1 newest_batch=1 cur=57947564766 target=99900000000 ceiling=200000000000 old_side_present=1
CBAP_MIG t=31565000 epoch=6313 flow=0 side=old cur=2000000000 next=2000000000 tgt=2000000000 f=0.405 u=0 breach=0 end=converged
CBAP_MIG t=31565000 epoch=6313 flow=19 side=new cur=57947564766 next=74938301035 tgt=99900000000 f=0.405 u=0 breach=3 end=
CBAP_MIG t=31565000 epoch=6313 flow=23 side=new cur=57947564766 next=74938301035 tgt=99900000000 f=0.405 u=0 breach=3 end=
CBAP_MIG_REPLAN t=31570000 reason=active_set_shrank flow=0 batch=0 newest_batch=1 cur=2000000000 target=2000000000 ceiling=190000000000 old_side_present=1
CBAP_MIG_REPLAN t=31570000 reason=active_set_shrank flow=23 batch=1 newest_batch=1 cur=74938301035 target=199800000001 ceiling=200000000000 old_side_present=1
CBAP_MIG t=31570000 epoch=6314 flow=0 side=old cur=2000000000 next=2000000000 tgt=2000000000 f=0.405 u=0 breach=0 end=converged
CBAP_MIG t=31570000 epoch=6314 flow=23 side=new cur=74938301035 next=125507289116 tgt=199800000001 f=0.405 u=0 breach=3 end=
CBAP_MIG t=31575000 epoch=6315 flow=23 side=new cur=125507289116 next=155595837024 tgt=199800000001 f=0.405 u=0 breach=3 end=
CBAP_MIG_REPLAN t=31580000 reason=active_set_shrank flow=0 batch=0 newest_batch=0 cur=2000000000 target=190000000000 ceiling=190000000000 old_side_present=0
CBAP_MIG t=31580000 epoch=6316 flow=0 side=new cur=2000000000 next=78139999999 tgt=190000000000 f=0.405 u=0 breach=0 end=
CBAP_MIG t=31585000 epoch=6317 flow=0 side=new cur=78139999999 next=123443299999 tgt=190000000000 f=0.405 u=0 breach=0 end=
CBAP_MIG t=31590000 epoch=6318 flow=0 side=new cur=123443299999 next=150398763499 tgt=190000000000 f=0.405 u=0 breach=0 end=
CBAP_MIG t=31595000 epoch=6319 flow=0 side=new cur=150398763499 next=166437264281 tgt=190000000000 f=0.405 u=0 breach=0 end=
CBAP_MIG t=31600000 epoch=6320 flow=0 side=new cur=166437264281 next=175980172247 tgt=190000000000 f=0.405 u=0 breach=0 end=
CBAP_MIG t=31605000 epoch=6321 flow=0 side=new cur=175980172247 next=181658202486 tgt=190000000000 f=0.405 u=0 breach=0 end=
CBAP_MIG t=31610000 epoch=6322 flow=0 side=new cur=181658202486 next=185036630479 tgt=190000000000 f=0.405 u=0 breach=0 end=
CBAP_MIG t=31615000 epoch=6323 flow=0 side=new cur=185036630479 next=187046795135 tgt=190000000000 f=0.405 u=0 breach=0 end=
CBAP_MIG t=31620000 epoch=6324 flow=0 side=new cur=187046795135 next=188242843105 tgt=190000000000 f=0.405 u=0 breach=0 end=converged
121.484
