ENABLE_QCN			Yes
USE_DYNAMIC_PFC_THRESHOLD	Yes
CLAMP_TARGET_RATE		No
PAUSE_TIME			5
DATA_RATE			10Gbps
LINK_DELAY			0.001ms
PACKET_PAYLOAD_SIZE		952
L2_CHUNK_SIZE			4000
L2_ACK_INTERVAL			1
L2_BACK_TO_ZERO			No
TOPOLOGY_FILE			/work/v2_400g/configs/topo_400g.txt
FLOW_FILE			/work/v2_400g/configs/fm400g_s2_cbap0_flow.txt
TRACE_FILE			/work/v2_400g/results/fm400g_s2_cbap0/s1_trace.txt
TRACE_OUTPUT_FILE		/work/v2_400g/results/fm400g_s2_cbap0/trace_output.txt
SIMULATOR_STOP_TIME		0.041
CC_MODE		30
ALPHA_RESUME_INTERVAL		55
RATE_DECREASE_INTERVAL		4
RP_TIMER			300
EWMA_GAIN			0.00390625
FAST_RECOVERY_TIMES		5
RATE_AI				50Mb/s
RATE_HAI			100Mb/s
MIN_RATE		4000Mb/s
DCTCP_RATE_AI				1000Mb/s
ERROR_RATE_PER_LINK		0
HAS_WIN		1
GLOBAL_T		1
MI_THRESH		5
VAR_WIN		0
FAST_REACT		1
U_TARGET		0.95
INT_MULTI				1
RATE_BOUND		1
ACK_HIGH_PRIO		0
LINK_DOWN				0 0 0
ENABLE_TRACE				0
BUFFER_SIZE				64
QLEN_MON_FILE				/dev/null
QLEN_MON_START				0
QLEN_MON_END				41331220
KMAX_MAP				 400000000000 1600
KMIN_MAP				 400000000000 400
PMAX_MAP				 400000000000 0.2
MULTI_RATE				1
SAMPLE_FEEDBACK				0
PFC_OUTPUT_FILE				/work/v2_400g/results/fm400g_s2_cbap0/pfc_events.csv
CBAP_PHASE_SPREAD_ENABLE		1
CBAP_STEADY_CAP_ENABLE		1
CBAP_STEADY_CAP_FRACTION		1
CBAP_SBA_STEADY_FILL		0
CBAP_HOLD_TRACK_TARGET		0
CBAP_QUEUE_BAND_ENABLE		0
CBAP_QUEUE_BAND_V2_ENABLE		0
CBAP_QB2_BMAX_RATIO		0.04
CBAP_QB2_QTARGET_RATIO		0.025
SBA_WIRE_DOMAIN_PLANNING		1
QLEN_TS_FILE				/work/v2_400g/results/fm400g_s2_cbap0/qlen_ts.csv
QLEN_TS_INTERVAL_NS			2000
TX_TIME_ROUND_NS		1
CBAP_TX_RECORDS_MAX		2000000
CBAP_REALLOC_PARSED migration_enable=1 core_initial_release=1 initial_release_ratio=0.9 migration_trace=1
CBAP_TELEMETRY_LINK link_id=0 node=84 if=1 faces_node=64 dev_rate_bps=400000000000 cfg_capacity_bps=400000000000
maxRtt=12076 maxBdp=603800
Running Simulation.
QB2_MANIFEST link=0 bmax_ratio=0.0400 qtarget_ratio=0.0250 q_abs=4199999 h_eff_us=12.000
SBA_PLAN_AT t=10000000 group=0 application_ready=10000000 common_release=10005000 members=1
SBA_LIFECYCLE batch=0 release_ns=10005000 installed=0 collecting=0 hold=0 startup=0 dcqcn_owned=0 finished=0 new_batch=1 rho_init=0.9000
SBA_LIFECYCLE_CHECK batch=0 link=0 batch_sum=400000000000 old_retained=0 available=400000000000 bound=400000000000 margin=1
CBAP_MIG_REPLAN t=10010000 reason=active_set_grew flow=0 batch=0 newest_batch=0 cur=320000000000 target=320000000000 ceiling=320000000000 old_side_present=0
CBAP_MIG t=10010000 epoch=2002 flow=0 side=new cur=320000000000 next=320000000000 tgt=320000000000 f=0.405 u=0 breach=0 end=converged
SBA_PLAN_AT t=20000000 group=1 application_ready=20000000 common_release=20005000 members=64
SBA_LIFECYCLE batch=1 release_ns=20005000 installed=1 collecting=0 hold=0 startup=0 dcqcn_owned=1 finished=0 new_batch=64 rho_init=0.9000
SBA_LIFECYCLE_LINK batch=1 link=0 old_applied=320000000000 available=400000000000
SBA_LIFECYCLE_CHECK batch=1 link=0 batch_sum=368000000000 old_retained=32000000000 available=400000000000 bound=400000000000 margin=64
CBAP_MIG_REPLAN t=20010000 reason=active_set_grew flow=0 batch=0 newest_batch=1 cur=320000000000 target=31999999999 ceiling=320000000000 old_side_present=1
CBAP_MIG_REPLAN t=20010000 reason=active_set_grew flow=1 batch=1 newest_batch=1 cur=4201680672 target=5750000000 ceiling=400000000000 old_side_present=1
CBAP_MIG_REPLAN t=20010000 reason=active_set_grew flow=2 batch=1 newest_batch=1 cur=4201680672 target=5750000000 ceiling=400000000000 old_side_present=1
CBAP_MIG_REPLAN t=20010000 reason=active_set_grew flow=3 batch=1 newest_batch=1 cur=4201680672 target=5750000000 ceiling=400000000000 old_side_present=1
CBAP_MIG_REPLAN t=20010000 reason=active_set_grew flow=4 batch=1 newest_batch=1 cur=4201680672 target=5750000000 ceiling=400000000000 old_side_present=1
CBAP_MIG_REPLAN t=20010000 reason=active_set_grew flow=5 batch=1 newest_batch=1 cur=4201680672 target=5750000000 ceiling=400000000000 old_side_present=1
CBAP_MIG_REPLAN t=20010000 reason=active_set_grew flow=6 batch=1 newest_batch=1 cur=4201680672 target=5750000000 ceiling=400000000000 old_side_present=1
CBAP_MIG_REPLAN t=20010000 reason=active_set_grew flow=7 batch=1 newest_batch=1 cur=4201680672 target=5750000000 ceiling=400000000000 old_side_present=1
CBAP_MIG_REPLAN t=20010000 reason=active_set_grew flow=8 batch=1 newest_batch=1 cur=4201680672 target=5750000000 ceiling=400000000000 old_side_present=1
CBAP_MIG_REPLAN t=20010000 reason=active_set_grew flow=9 batch=1 newest_batch=1 cur=4201680672 target=5750000000 ceiling=400000000000 old_side_present=1
CBAP_MIG_REPLAN t=20010000 reason=active_set_grew flow=10 batch=1 newest_batch=1 cur=4201680672 target=5750000000 ceiling=400000000000 old_side_present=1
CBAP_MIG_REPLAN t=20010000 reason=active_set_grew flow=11 batch=1 newest_batch=1 cur=4201680672 target=5750000000 ceiling=400000000000 old_side_present=1
CBAP_MIG_REPLAN t=20010000 reason=active_set_grew flow=12 batch=1 newest_batch=1 cur=4201680672 target=5750000000 ceiling=400000000000 old_side_present=1
CBAP_MIG_REPLAN t=20010000 reason=active_set_grew flow=13 batch=1 newest_batch=1 cur=4201680672 target=5750000000 ceiling=400000000000 old_side_present=1
CBAP_MIG_REPLAN t=20010000 reason=active_set_grew flow=14 batch=1 newest_batch=1 cur=4201680672 target=5750000000 ceiling=400000000000 old_side_present=1
CBAP_MIG_REPLAN t=20010000 reason=active_set_grew flow=15 batch=1 newest_batch=1 cur=4201680672 target=5750000000 ceiling=400000000000 old_side_present=1
CBAP_MIG_REPLAN t=20010000 reason=active_set_grew flow=16 batch=1 newest_batch=1 cur=4201680672 target=5750000000 ceiling=400000000000 old_side_present=1
CBAP_MIG_REPLAN t=20010000 reason=active_set_grew flow=17 batch=1 newest_batch=1 cur=4201680672 target=5750000000 ceiling=400000000000 old_side_present=1
CBAP_MIG_REPLAN t=20010000 reason=active_set_grew flow=18 batch=1 newest_batch=1 cur=4201680672 target=5750000000 ceiling=400000000000 old_side_present=1
CBAP_MIG_REPLAN t=20010000 reason=active_set_grew flow=19 batch=1 newest_batch=1 cur=4201680672 target=5750000000 ceiling=400000000000 old_side_present=1
CBAP_MIG_REPLAN t=20010000 reason=active_set_grew flow=20 batch=1 newest_batch=1 cur=4201680672 target=5750000000 ceiling=400000000000 old_side_present=1
CBAP_MIG_REPLAN t=20010000 reason=active_set_grew flow=21 batch=1 newest_batch=1 cur=4201680672 target=5750000000 ceiling=400000000000 old_side_present=1
CBAP_MIG_REPLAN t=20010000 reason=active_set_grew flow=22 batch=1 newest_batch=1 cur=4201680672 target=5750000000 ceiling=400000000000 old_side_present=1
CBAP_MIG_REPLAN t=20010000 reason=active_set_grew flow=23 batch=1 newest_batch=1 cur=4201680672 target=5750000000 ceiling=400000000000 old_side_present=1
CBAP_MIG_REPLAN t=20010000 reason=active_set_grew flow=24 batch=1 newest_batch=1 cur=4201680672 target=5750000000 ceiling=400000000000 old_side_present=1
CBAP_MIG_REPLAN t=20010000 reason=active_set_grew flow=25 batch=1 newest_batch=1 cur=4201680672 target=5750000000 ceiling=400000000000 old_side_present=1
CBAP_MIG_REPLAN t=20010000 reason=active_set_grew flow=26 batch=1 newest_batch=1 cur=4201680672 target=5750000000 ceiling=400000000000 old_side_present=1
CBAP_MIG_REPLAN t=20010000 reason=active_set_grew flow=27 batch=1 newest_batch=1 cur=4201680672 target=5750000000 ceiling=400000000000 old_side_present=1
CBAP_MIG_REPLAN t=20010000 reason=active_set_grew flow=28 batch=1 newest_batch=1 cur=4201680672 target=5750000000 ceiling=400000000000 old_side_present=1
CBAP_MIG_REPLAN t=20010000 reason=active_set_grew flow=29 batch=1 newest_batch=1 cur=4201680672 target=5750000000 ceiling=400000000000 old_side_present=1
CBAP_MIG_REPLAN t=20010000 reason=active_set_grew flow=30 batch=1 newest_batch=1 cur=4201680672 target=5750000000 ceiling=400000000000 old_side_present=1
CBAP_MIG_REPLAN t=20010000 reason=active_set_grew flow=31 batch=1 newest_batch=1 cur=4201680672 target=5750000000 ceiling=400000000000 old_side_present=1
CBAP_MIG_REPLAN t=20010000 reason=active_set_grew flow=32 batch=1 newest_batch=1 cur=4201680672 target=5750000000 ceiling=400000000000 old_side_present=1
CBAP_MIG_REPLAN t=20010000 reason=active_set_grew flow=33 batch=1 newest_batch=1 cur=4201680672 target=5750000000 ceiling=400000000000 old_side_present=1
CBAP_MIG_REPLAN t=20010000 reason=active_set_grew flow=34 batch=1 newest_batch=1 cur=4201680672 target=5750000000 ceiling=400000000000 old_side_present=1
CBAP_MIG_REPLAN t=20010000 reason=active_set_grew flow=35 batch=1 newest_batch=1 cur=4201680672 target=5750000000 ceiling=400000000000 old_side_present=1
CBAP_MIG_REPLAN t=20010000 reason=active_set_grew flow=36 batch=1 newest_batch=1 cur=4201680672 target=5750000000 ceiling=400000000000 old_side_present=1
CBAP_MIG_REPLAN t=20010000 reason=active_set_grew flow=37 batch=1 newest_batch=1 cur=4201680672 target=5750000000 ceiling=400000000000 old_side_present=1
CBAP_MIG_REPLAN t=20010000 reason=active_set_grew flow=38 batch=1 newest_batch=1 cur=4201680672 target=5750000000 ceiling=400000000000 old_side_present=1
CBAP_MIG_REPLAN t=20010000 reason=active_set_grew flow=39 batch=1 newest_batch=1 cur=4201680672 target=5750000000 ceiling=400000000000 old_side_present=1
CBAP_MIG_REPLAN t=20010000 reason=active_set_grew flow=40 batch=1 newest_batch=1 cur=4201680672 target=5750000000 ceiling=400000000000 old_side_present=1
CBAP_MIG_REPLAN t=20010000 reason=active_set_grew flow=41 batch=1 newest_batch=1 cur=4201680672 target=5750000000 ceiling=400000000000 old_side_present=1
CBAP_MIG_REPLAN t=20010000 reason=active_set_grew flow=42 batch=1 newest_batch=1 cur=4201680672 target=5750000000 ceiling=400000000000 old_side_present=1
CBAP_MIG_REPLAN t=20010000 reason=active_set_grew flow=43 batch=1 newest_batch=1 cur=4201680672 target=5750000000 ceiling=400000000000 old_side_present=1
CBAP_MIG_REPLAN t=20010000 reason=active_set_grew flow=44 batch=1 newest_batch=1 cur=4201680672 target=5750000000 ceiling=400000000000 old_side_present=1
CBAP_MIG_REPLAN t=20010000 reason=active_set_grew flow=45 batch=1 newest_batch=1 cur=4201680672 target=5750000000 ceiling=400000000000 old_side_present=1
CBAP_MIG_REPLAN t=20010000 reason=active_set_grew flow=46 batch=1 newest_batch=1 cur=4201680672 target=5750000000 ceiling=400000000000 old_side_present=1
CBAP_MIG_REPLAN t=20010000 reason=active_set_grew flow=47 batch=1 newest_batch=1 cur=4201680672 target=5750000000 ceiling=400000000000 old_side_present=1
CBAP_MIG_REPLAN t=20010000 reason=active_set_grew flow=48 batch=1 newest_batch=1 cur=4201680672 target=5750000000 ceiling=400000000000 old_side_present=1
CBAP_MIG_REPLAN t=20010000 reason=active_set_grew flow=49 batch=1 newest_batch=1 cur=4201680672 target=5750000000 ceiling=400000000000 old_side_present=1
CBAP_MIG_REPLAN t=20010000 reason=active_set_grew flow=50 batch=1 newest_batch=1 cur=4201680672 target=5750000000 ceiling=400000000000 old_side_present=1
CBAP_MIG_REPLAN t=20010000 reason=active_set_grew flow=51 batch=1 newest_batch=1 cur=4201680672 target=5750000000 ceiling=400000000000 old_side_present=1
CBAP_MIG_REPLAN t=20010000 reason=active_set_grew flow=52 batch=1 newest_batch=1 cur=4201680672 target=5750000000 ceiling=400000000000 old_side_present=1
CBAP_MIG_REPLAN t=20010000 reason=active_set_grew flow=53 batch=1 newest_batch=1 cur=4201680672 target=5750000000 ceiling=400000000000 old_side_present=1
CBAP_MIG_REPLAN t=20010000 reason=active_set_grew flow=54 batch=1 newest_batch=1 cur=4201680672 target=5750000000 ceiling=400000000000 old_side_present=1
CBAP_MIG_REPLAN t=20010000 reason=active_set_grew flow=55 batch=1 newest_batch=1 cur=4201680672 target=5750000000 ceiling=400000000000 old_side_present=1
CBAP_MIG_REPLAN t=20010000 reason=active_set_grew flow=56 batch=1 newest_batch=1 cur=4201680672 target=5750000000 ceiling=400000000000 old_side_present=1
CBAP_MIG_REPLAN t=20010000 reason=active_set_grew flow=57 batch=1 newest_batch=1 cur=4201680672 target=5750000000 ceiling=400000000000 old_side_present=1
CBAP_MIG_REPLAN t=20010000 reason=active_set_grew flow=58 batch=1 newest_batch=1 cur=4201680672 target=5750000000 ceiling=400000000000 old_side_present=1
CBAP_MIG_REPLAN t=20010000 reason=active_set_grew flow=59 batch=1 newest_batch=1 cur=4201680672 target=5750000000 ceiling=400000000000 old_side_present=1
CBAP_MIG_REPLAN t=20010000 reason=active_set_grew flow=60 batch=1 newest_batch=1 cur=4201680672 target=5750000000 ceiling=400000000000 old_side_present=1
CBAP_MIG_REPLAN t=20010000 reason=active_set_grew flow=61 batch=1 newest_batch=1 cur=4201680672 target=5750000000 ceiling=400000000000 old_side_present=1
CBAP_MIG_REPLAN t=20010000 reason=active_set_grew flow=62 batch=1 newest_batch=1 cur=4201680672 target=5750000000 ceiling=400000000000 old_side_present=1
CBAP_MIG_REPLAN t=20010000 reason=active_set_grew flow=63 batch=1 newest_batch=1 cur=4201680672 target=5750000000 ceiling=400000000000 old_side_present=1
CBAP_MIG_REPLAN t=20010000 reason=active_set_grew flow=64 batch=1 newest_batch=1 cur=4201680672 target=5750000000 ceiling=400000000000 old_side_present=1
CBAP_MIG t=20010000 epoch=4002 flow=0 side=old cur=320000000000 next=233599999999 tgt=31999999999 f=0.3 u=0 breach=0 end=
CBAP_MIG t=20010000 epoch=4002 flow=1 side=new cur=4201680672 next=4828749999 tgt=5750000000 f=0.405 u=0 breach=0 end=
CBAP_MIG t=20010000 epoch=4002 flow=2 side=new cur=4201680672 next=4828749999 tgt=5750000000 f=0.405 u=0 breach=0 end=
CBAP_MIG t=20010000 epoch=4002 flow=3 side=new cur=4201680672 next=4828749999 tgt=5750000000 f=0.405 u=0 breach=0 end=
CBAP_MIG t=20010000 epoch=4002 flow=4 side=new cur=4201680672 next=4828749999 tgt=5750000000 f=0.405 u=0 breach=0 end=
CBAP_MIG t=20010000 epoch=4002 flow=5 side=new cur=4201680672 next=4828749999 tgt=5750000000 f=0.405 u=0 breach=0 end=
CBAP_MIG t=20010000 epoch=4002 flow=6 side=new cur=4201680672 next=4828749999 tgt=5750000000 f=0.405 u=0 breach=0 end=
CBAP_MIG t=20010000 epoch=4002 flow=7 side=new cur=4201680672 next=4828749999 tgt=5750000000 f=0.405 u=0 breach=0 end=
CBAP_MIG t=20010000 epoch=4002 flow=8 side=new cur=4201680672 next=4828749999 tgt=5750000000 f=0.405 u=0 breach=0 end=
CBAP_MIG t=20010000 epoch=4002 flow=9 side=new cur=4201680672 next=4828749999 tgt=5750000000 f=0.405 u=0 breach=0 end=
CBAP_MIG t=20010000 epoch=4002 flow=10 side=new cur=4201680672 next=4828749999 tgt=5750000000 f=0.405 u=0 breach=0 end=
CBAP_MIG t=20010000 epoch=4002 flow=11 side=new cur=4201680672 next=4828749999 tgt=5750000000 f=0.405 u=0 breach=0 end=
CBAP_MIG t=20010000 epoch=4002 flow=12 side=new cur=4201680672 next=4828749999 tgt=5750000000 f=0.405 u=0 breach=0 end=
CBAP_MIG t=20010000 epoch=4002 flow=13 side=new cur=4201680672 next=4828749999 tgt=5750000000 f=0.405 u=0 breach=0 end=
CBAP_MIG t=20010000 epoch=4002 flow=14 side=new cur=4201680672 next=4828749999 tgt=5750000000 f=0.405 u=0 breach=0 end=
CBAP_MIG t=20010000 epoch=4002 flow=15 side=new cur=4201680672 next=4828749999 tgt=5750000000 f=0.405 u=0 breach=0 end=
CBAP_MIG t=20010000 epoch=4002 flow=16 side=new cur=4201680672 next=4828749999 tgt=5750000000 f=0.405 u=0 breach=0 end=
CBAP_MIG t=20010000 epoch=4002 flow=17 side=new cur=4201680672 next=4828749999 tgt=5750000000 f=0.405 u=0 breach=0 end=
CBAP_MIG t=20010000 epoch=4002 flow=18 side=new cur=4201680672 next=4828749999 tgt=5750000000 f=0.405 u=0 breach=0 end=
CBAP_MIG t=20010000 epoch=4002 flow=19 side=new cur=4201680672 next=4828749999 tgt=5750000000 f=0.405 u=0 breach=0 end=
CBAP_MIG t=20010000 epoch=4002 flow=20 side=new cur=4201680672 next=4828749999 tgt=5750000000 f=0.405 u=0 breach=0 end=
CBAP_MIG t=20010000 epoch=4002 flow=21 side=new cur=4201680672 next=4828749999 tgt=5750000000 f=0.405 u=0 breach=0 end=
CBAP_MIG t=20010000 epoch=4002 flow=22 side=new cur=4201680672 next=4828749999 tgt=5750000000 f=0.405 u=0 breach=0 end=
CBAP_MIG t=20010000 epoch=4002 flow=23 side=new cur=4201680672 next=4828749999 tgt=5750000000 f=0.405 u=0 breach=0 end=
CBAP_MIG t=20010000 epoch=4002 flow=24 side=new cur=4201680672 next=4828749999 tgt=5750000000 f=0.405 u=0 breach=0 end=
CBAP_MIG t=20010000 epoch=4002 flow=25 side=new cur=4201680672 next=4828749999 tgt=5750000000 f=0.405 u=0 breach=0 end=
CBAP_MIG t=20010000 epoch=4002 flow=26 side=new cur=4201680672 next=4828749999 tgt=5750000000 f=0.405 u=0 breach=0 end=
CBAP_MIG t=20010000 epoch=4002 flow=27 side=new cur=4201680672 next=4828749999 tgt=5750000000 f=0.405 u=0 breach=0 end=
CBAP_MIG t=20010000 epoch=4002 flow=28 side=new cur=4201680672 next=4828749999 tgt=5750000000 f=0.405 u=0 breach=0 end=
CBAP_MIG t=20010000 epoch=4002 flow=29 side=new cur=4201680672 next=4828749999 tgt=5750000000 f=0.405 u=0 breach=0 end=
CBAP_MIG t=20010000 epoch=4002 flow=30 side=new cur=4201680672 next=4828749999 tgt=5750000000 f=0.405 u=0 breach=0 end=
CBAP_MIG t=20010000 epoch=4002 flow=31 side=new cur=4201680672 next=4828749999 tgt=5750000000 f=0.405 u=0 breach=0 end=
CBAP_MIG t=20010000 epoch=4002 flow=32 side=new cur=4201680672 next=4828749999 tgt=5750000000 f=0.405 u=0 breach=0 end=
CBAP_MIG t=20010000 epoch=4002 flow=33 side=new cur=4201680672 next=4828749999 tgt=5750000000 f=0.405 u=0 breach=0 end=
CBAP_MIG t=20010000 epoch=4002 flow=34 side=new cur=4201680672 next=4828749999 tgt=5750000000 f=0.405 u=0 breach=0 end=
CBAP_MIG t=20010000 epoch=4002 flow=35 side=new cur=4201680672 next=4828749999 tgt=5750000000 f=0.405 u=0 breach=0 end=
CBAP_MIG t=20010000 epoch=4002 flow=36 side=new cur=4201680672 next=4828749999 tgt=5750000000 f=0.405 u=0 breach=0 end=
CBAP_MIG t=20010000 epoch=4002 flow=37 side=new cur=4201680672 next=4828749999 tgt=5750000000 f=0.405 u=0 breach=0 end=
CBAP_MIG t=20010000 epoch=4002 flow=38 side=new cur=4201680672 next=4828749999 tgt=5750000000 f=0.405 u=0 breach=0 end=
CBAP_MIG t=20010000 epoch=4002 flow=39 side=new cur=4201680672 next=4828749999 tgt=5750000000 f=0.405 u=0 breach=0 end=
CBAP_MIG t=20010000 epoch=4002 flow=40 side=new cur=4201680672 next=4828749999 tgt=5750000000 f=0.405 u=0 breach=0 end=
CBAP_MIG t=20010000 epoch=4002 flow=41 side=new cur=4201680672 next=4828749999 tgt=5750000000 f=0.405 u=0 breach=0 end=
CBAP_MIG t=20010000 epoch=4002 flow=42 side=new cur=4201680672 next=4828749999 tgt=5750000000 f=0.405 u=0 breach=0 end=
CBAP_MIG t=20010000 epoch=4002 flow=43 side=new cur=4201680672 next=4828749999 tgt=5750000000 f=0.405 u=0 breach=0 end=
CBAP_MIG t=20010000 epoch=4002 flow=44 side=new cur=4201680672 next=4828749999 tgt=5750000000 f=0.405 u=0 breach=0 end=
CBAP_MIG t=20010000 epoch=4002 flow=45 side=new cur=4201680672 next=4828749999 tgt=5750000000 f=0.405 u=0 breach=0 end=
CBAP_MIG t=20010000 epoch=4002 flow=46 side=new cur=4201680672 next=4828749999 tgt=5750000000 f=0.405 u=0 breach=0 end=
CBAP_MIG t=20010000 epoch=4002 flow=47 side=new cur=4201680672 next=4828749999 tgt=5750000000 f=0.405 u=0 breach=0 end=
CBAP_MIG t=20010000 epoch=4002 flow=48 side=new cur=4201680672 next=4828749999 tgt=5750000000 f=0.405 u=0 breach=0 end=
CBAP_MIG t=20010000 epoch=4002 flow=49 side=new cur=4201680672 next=4828749999 tgt=5750000000 f=0.405 u=0 breach=0 end=
CBAP_MIG t=20010000 epoch=4002 flow=50 side=new cur=4201680672 next=4828749999 tgt=5750000000 f=0.405 u=0 breach=0 end=
CBAP_MIG t=20010000 epoch=4002 flow=51 side=new cur=4201680672 next=4828749999 tgt=5750000000 f=0.405 u=0 breach=0 end=
CBAP_MIG t=20010000 epoch=4002 flow=52 side=new cur=4201680672 next=4828749999 tgt=5750000000 f=0.405 u=0 breach=0 end=
CBAP_MIG t=20010000 epoch=4002 flow=53 side=new cur=4201680672 next=4828749999 tgt=5750000000 f=0.405 u=0 breach=0 end=
CBAP_MIG t=20010000 epoch=4002 flow=54 side=new cur=4201680672 next=4828749999 tgt=5750000000 f=0.405 u=0 breach=0 end=
CBAP_MIG t=20010000 epoch=4002 flow=55 side=new cur=4201680672 next=4828749999 tgt=5750000000 f=0.405 u=0 breach=0 end=
CBAP_MIG t=20010000 epoch=4002 flow=56 side=new cur=4201680672 next=4828749999 tgt=5750000000 f=0.405 u=0 breach=0 end=
CBAP_MIG t=20010000 epoch=4002 flow=57 side=new cur=4201680672 next=4828749999 tgt=5750000000 f=0.405 u=0 breach=0 end=
CBAP_MIG t=20010000 epoch=4002 flow=58 side=new cur=4201680672 next=4828749999 tgt=5750000000 f=0.405 u=0 breach=0 end=
CBAP_MIG t=20010000 epoch=4002 flow=59 side=new cur=4201680672 next=4828749999 tgt=5750000000 f=0.405 u=0 breach=0 end=
CBAP_MIG t=20010000 epoch=4002 flow=60 side=new cur=4201680672 next=4828749999 tgt=5750000000 f=0.405 u=0 breach=0 end=
CBAP_MIG t=20010000 epoch=4002 flow=61 side=new cur=4201680672 next=4828749999 tgt=5750000000 f=0.405 u=0 breach=0 end=
CBAP_MIG t=20010000 epoch=4002 flow=62 side=new cur=4201680672 next=4828749999 tgt=5750000000 f=0.405 u=0 breach=0 end=
CBAP_MIG t=20010000 epoch=4002 flow=63 side=new cur=4201680672 next=4828749999 tgt=5750000000 f=0.405 u=0 breach=0 end=
CBAP_MIG t=20010000 epoch=4002 flow=64 side=new cur=4201680672 next=4828749999 tgt=5750000000 f=0.405 u=0 breach=0 end=
CBAP_MIG t=20015000 epoch=4003 flow=0 side=old cur=233599999999 next=173119999999 tgt=31999999999 f=0.3 u=0 breach=0 end=
CBAP_MIG t=20015000 epoch=4003 flow=1 side=new cur=4201680672 next=4828749999 tgt=5750000000 f=0.405 u=0 breach=0 end=
CBAP_MIG t=20015000 epoch=4003 flow=2 side=new cur=4201680672 next=4828749999 tgt=5750000000 f=0.405 u=0 breach=0 end=
CBAP_MIG t=20015000 epoch=4003 flow=3 side=new cur=4201680672 next=4828749999 tgt=5750000000 f=0.405 u=0 breach=0 end=
CBAP_MIG t=20015000 epoch=4003 flow=4 side=new cur=4201680672 next=4828749999 tgt=5750000000 f=0.405 u=0 breach=0 end=
CBAP_MIG t=20015000 epoch=4003 flow=5 side=new cur=4201680672 next=4828749999 tgt=5750000000 f=0.405 u=0 breach=0 end=
CBAP_MIG t=20015000 epoch=4003 flow=6 side=new cur=4201680672 next=4828749999 tgt=5750000000 f=0.405 u=0 breach=0 end=
CBAP_MIG t=20015000 epoch=4003 flow=7 side=new cur=4201680672 next=4828749999 tgt=5750000000 f=0.405 u=0 breach=0 end=
CBAP_MIG t=20015000 epoch=4003 flow=8 side=new cur=4201680672 next=4828749999 tgt=5750000000 f=0.405 u=0 breach=0 end=
CBAP_MIG t=20015000 epoch=4003 flow=9 side=new cur=4201680672 next=4828749999 tgt=5750000000 f=0.405 u=0 breach=0 end=
CBAP_MIG t=20015000 epoch=4003 flow=10 side=new cur=4201680672 next=4828749999 tgt=5750000000 f=0.405 u=0 breach=0 end=
CBAP_MIG t=20015000 epoch=4003 flow=11 side=new cur=4201680672 next=4828749999 tgt=5750000000 f=0.405 u=0 breach=0 end=
CBAP_MIG t=20015000 epoch=4003 flow=12 side=new cur=4201680672 next=4828749999 tgt=5750000000 f=0.405 u=0 breach=0 end=
CBAP_MIG t=20015000 epoch=4003 flow=13 side=new cur=4201680672 next=4828749999 tgt=5750000000 f=0.405 u=0 breach=0 end=
CBAP_MIG t=20015000 epoch=4003 flow=14 side=new cur=4201680672 next=4828749999 tgt=5750000000 f=0.405 u=0 breach=0 end=
CBAP_MIG t=20015000 epoch=4003 flow=15 side=new cur=4201680672 next=4828749999 tgt=5750000000 f=0.405 u=0 breach=0 end=
CBAP_MIG t=20015000 epoch=4003 flow=16 side=new cur=4201680672 next=4828749999 tgt=5750000000 f=0.405 u=0 breach=0 end=
CBAP_MIG t=20015000 epoch=4003 flow=17 side=new cur=4201680672 next=4828749999 tgt=5750000000 f=0.405 u=0 breach=0 end=
CBAP_MIG t=20015000 epoch=4003 flow=18 side=new cur=4201680672 next=4828749999 tgt=5750000000 f=0.405 u=0 breach=0 end=
CBAP_MIG t=20015000 epoch=4003 flow=19 side=new cur=4201680672 next=4828749999 tgt=5750000000 f=0.405 u=0 breach=0 end=
CBAP_MIG t=20015000 epoch=4003 flow=20 side=new cur=4201680672 next=4828749999 tgt=5750000000 f=0.405 u=0 breach=0 end=
CBAP_MIG t=20015000 epoch=4003 flow=21 side=new cur=4201680672 next=4828749999 tgt=5750000000 f=0.405 u=0 breach=0 end=
CBAP_MIG t=20015000 epoch=4003 flow=22 side=new cur=4201680672 next=4828749999 tgt=5750000000 f=0.405 u=0 breach=0 end=
CBAP_MIG t=20015000 epoch=4003 flow=23 side=new cur=4201680672 next=4828749999 tgt=5750000000 f=0.405 u=0 breach=0 end=
CBAP_MIG t=20015000 epoch=4003 flow=24 side=new cur=4201680672 next=4828749999 tgt=5750000000 f=0.405 u=0 breach=0 end=
CBAP_MIG t=20015000 epoch=4003 flow=25 side=new cur=4201680672 next=4828749999 tgt=5750000000 f=0.405 u=0 breach=0 end=
CBAP_MIG t=20015000 epoch=4003 flow=26 side=new cur=4201680672 next=4828749999 tgt=5750000000 f=0.405 u=0 breach=0 end=
CBAP_MIG t=20015000 epoch=4003 flow=27 side=new cur=4201680672 next=4828749999 tgt=5750000000 f=0.405 u=0 breach=0 end=
CBAP_MIG t=20015000 epoch=4003 flow=28 side=new cur=4201680672 next=4828749999 tgt=5750000000 f=0.405 u=0 breach=0 end=
CBAP_MIG t=20015000 epoch=4003 flow=29 side=new cur=4201680672 next=4828749999 tgt=5750000000 f=0.405 u=0 breach=0 end=
CBAP_MIG t=20015000 epoch=4003 flow=30 side=new cur=4201680672 next=4828749999 tgt=5750000000 f=0.405 u=0 breach=0 end=
CBAP_MIG t=20015000 epoch=4003 flow=31 side=new cur=4201680672 next=4828749999 tgt=5750000000 f=0.405 u=0 breach=0 end=
CBAP_MIG t=20015000 epoch=4003 flow=32 side=new cur=4201680672 next=4828749999 tgt=5750000000 f=0.405 u=0 breach=0 end=
CBAP_MIG t=20015000 epoch=4003 flow=33 side=new cur=4201680672 next=4828749999 tgt=5750000000 f=0.405 u=0 breach=0 end=
CBAP_MIG t=20015000 epoch=4003 flow=34 side=new cur=4201680672 next=4828749999 tgt=5750000000 f=0.405 u=0 breach=0 end=
CBAP_MIG t=20015000 epoch=4003 flow=35 side=new cur=4201680672 next=4828749999 tgt=5750000000 f=0.405 u=0 breach=0 end=
CBAP_MIG t=20015000 epoch=4003 flow=36 side=new cur=4201680672 next=4828749999 tgt=5750000000 f=0.405 u=0 breach=0 end=
CBAP_MIG t=20015000 epoch=4003 flow=37 side=new cur=4201680672 next=4828749999 tgt=5750000000 f=0.405 u=0 breach=0 end=
CBAP_MIG t=20015000 epoch=4003 flow=38 side=new cur=4201680672 next=4828749999 tgt=5750000000 f=0.405 u=0 breach=0 end=
CBAP_MIG t=20015000 epoch=4003 flow=39 side=new cur=4201680672 next=4828749999 tgt=5750000000 f=0.405 u=0 breach=0 end=
CBAP_MIG t=20015000 epoch=4003 flow=40 side=new cur=4201680672 next=4828749999 tgt=5750000000 f=0.405 u=0 breach=0 end=
CBAP_MIG t=20015000 epoch=4003 flow=41 side=new cur=4201680672 next=4828749999 tgt=5750000000 f=0.405 u=0 breach=0 end=
CBAP_MIG t=20015000 epoch=4003 flow=42 side=new cur=4201680672 next=4828749999 tgt=5750000000 f=0.405 u=0 breach=0 end=
CBAP_MIG t=20015000 epoch=4003 flow=43 side=new cur=4201680672 next=4828749999 tgt=5750000000 f=0.405 u=0 breach=0 end=
CBAP_MIG t=20015000 epoch=4003 flow=44 side=new cur=4201680672 next=4828749999 tgt=5750000000 f=0.405 u=0 breach=0 end=
CBAP_MIG t=20015000 epoch=4003 flow=45 side=new cur=4201680672 next=4828749999 tgt=5750000000 f=0.405 u=0 breach=0 end=
CBAP_MIG t=20015000 epoch=4003 flow=46 side=new cur=4201680672 next=4828749999 tgt=5750000000 f=0.405 u=0 breach=0 end=
CBAP_MIG t=20015000 epoch=4003 flow=47 side=new cur=4201680672 next=4828749999 tgt=5750000000 f=0.405 u=0 breach=0 end=
CBAP_MIG t=20015000 epoch=4003 flow=48 side=new cur=4201680672 next=4828749999 tgt=5750000000 f=0.405 u=0 breach=0 end=
CBAP_MIG t=20015000 epoch=4003 flow=49 side=new cur=4201680672 next=4828749999 tgt=5750000000 f=0.405 u=0 breach=0 end=
CBAP_MIG t=20015000 epoch=4003 flow=50 side=new cur=4201680672 next=4828749999 tgt=5750000000 f=0.405 u=0 breach=0 end=
CBAP_MIG t=20015000 epoch=4003 flow=51 side=new cur=4201680672 next=4828749999 tgt=5750000000 f=0.405 u=0 breach=0 end=
CBAP_MIG t=20015000 epoch=4003 flow=52 side=new cur=4201680672 next=4828749999 tgt=5750000000 f=0.405 u=0 breach=0 end=
CBAP_MIG t=20015000 epoch=4003 flow=53 side=new cur=4201680672 next=4828749999 tgt=5750000000 f=0.405 u=0 breach=0 end=
CBAP_MIG t=20015000 epoch=4003 flow=54 side=new cur=4201680672 next=4828749999 tgt=5750000000 f=0.405 u=0 breach=0 end=
CBAP_MIG t=20015000 epoch=4003 flow=55 side=new cur=4201680672 next=4828749999 tgt=5750000000 f=0.405 u=0 breach=0 end=
CBAP_MIG t=20015000 epoch=4003 flow=56 side=new cur=4201680672 next=4828749999 tgt=5750000000 f=0.405 u=0 breach=0 end=
CBAP_MIG t=20015000 epoch=4003 flow=57 side=new cur=4201680672 next=4828749999 tgt=5750000000 f=0.405 u=0 breach=0 end=
CBAP_MIG t=20015000 epoch=4003 flow=58 side=new cur=4201680672 next=4828749999 tgt=5750000000 f=0.405 u=0 breach=0 end=
CBAP_MIG t=20015000 epoch=4003 flow=59 side=new cur=4201680672 next=4828749999 tgt=5750000000 f=0.405 u=0 breach=0 end=
CBAP_MIG t=20015000 epoch=4003 flow=60 side=new cur=4201680672 next=4828749999 tgt=5750000000 f=0.405 u=0 breach=0 end=
CBAP_MIG t=20015000 epoch=4003 flow=61 side=new cur=4201680672 next=4828749999 tgt=5750000000 f=0.405 u=0 breach=0 end=
CBAP_MIG t=20015000 epoch=4003 flow=62 side=new cur=4201680672 next=4828749999 tgt=5750000000 f=0.405 u=0 breach=0 end=
CBAP_MIG t=20015000 epoch=4003 flow=63 side=new cur=4201680672 next=4828749999 tgt=5750000000 f=0.405 u=0 breach=0 end=
CBAP_MIG t=20015000 epoch=4003 flow=64 side=new cur=4201680672 next=4828749999 tgt=5750000000 f=0.405 u=0 breach=0 end=
CBAP_MIG t=20020000 epoch=4004 flow=0 side=old cur=173119999999 next=130783999999 tgt=31999999999 f=0.3 u=0 breach=0 end=
CBAP_MIG t=20020000 epoch=4004 flow=1 side=new cur=4201680672 next=4828749999 tgt=5750000000 f=0.405 u=0 breach=0 end=
CBAP_MIG t=20020000 epoch=4004 flow=2 side=new cur=4201680672 next=4828749999 tgt=5750000000 f=0.405 u=0 breach=0 end=
CBAP_MIG t=20020000 epoch=4004 flow=3 side=new cur=4201680672 next=4828749999 tgt=5750000000 f=0.405 u=0 breach=0 end=
CBAP_MIG t=20020000 epoch=4004 flow=4 side=new cur=4201680672 next=4828749999 tgt=5750000000 f=0.405 u=0 breach=0 end=
CBAP_MIG t=20020000 epoch=4004 flow=5 side=new cur=4201680672 next=4828749999 tgt=5750000000 f=0.405 u=0 breach=0 end=
CBAP_MIG t=20020000 epoch=4004 flow=6 side=new cur=4201680672 next=4828749999 tgt=5750000000 f=0.405 u=0 breach=0 end=
CBAP_MIG t=20020000 epoch=4004 flow=7 side=new cur=4201680672 next=4828749999 tgt=5750000000 f=0.405 u=0 breach=0 end=
CBAP_MIG t=20020000 epoch=4004 flow=8 side=new cur=4201680672 next=4828749999 tgt=5750000000 f=0.405 u=0 breach=0 end=
CBAP_MIG t=20020000 epoch=4004 flow=9 side=new cur=4201680672 next=4828749999 tgt=5750000000 f=0.405 u=0 breach=0 end=
CBAP_MIG t=20020000 epoch=4004 flow=10 side=new cur=4201680672 next=4828749999 tgt=5750000000 f=0.405 u=0 breach=0 end=
CBAP_MIG t=20020000 epoch=4004 flow=11 side=new cur=4201680672 next=4828749999 tgt=5750000000 f=0.405 u=0 breach=0 end=
CBAP_MIG t=20020000 epoch=4004 flow=12 side=new cur=4201680672 next=4828749999 tgt=5750000000 f=0.405 u=0 breach=0 end=
CBAP_MIG t=20020000 epoch=4004 flow=13 side=new cur=4201680672 next=4828749999 tgt=5750000000 f=0.405 u=0 breach=0 end=
CBAP_MIG t=20020000 epoch=4004 flow=14 side=new cur=4201680672 next=4828749999 tgt=5750000000 f=0.405 u=0 breach=0 end=
CBAP_MIG t=20020000 epoch=4004 flow=15 side=new cur=4201680672 next=4828749999 tgt=5750000000 f=0.405 u=0 breach=0 end=
CBAP_MIG t=20020000 epoch=4004 flow=16 side=new cur=4201680672 next=4828749999 tgt=5750000000 f=0.405 u=0 breach=0 end=
CBAP_MIG t=20020000 epoch=4004 flow=17 side=new cur=4201680672 next=4828749999 tgt=5750000000 f=0.405 u=0 breach=0 end=
CBAP_MIG t=20020000 epoch=4004 flow=18 side=new cur=4201680672 next=4828749999 tgt=5750000000 f=0.405 u=0 breach=0 end=
CBAP_MIG t=20020000 epoch=4004 flow=19 side=new cur=4201680672 next=4828749999 tgt=5750000000 f=0.405 u=0 breach=0 end=
CBAP_MIG t=20020000 epoch=4004 flow=20 side=new cur=4201680672 next=4828749999 tgt=5750000000 f=0.405 u=0 breach=0 end=
CBAP_MIG t=20020000 epoch=4004 flow=21 side=new cur=4201680672 next=4828749999 tgt=5750000000 f=0.405 u=0 breach=0 end=
CBAP_MIG t=20020000 epoch=4004 flow=22 side=new cur=4201680672 next=4828749999 tgt=5750000000 f=0.405 u=0 breach=0 end=
CBAP_MIG t=20020000 epoch=4004 flow=23 side=new cur=4201680672 next=4828749999 tgt=5750000000 f=0.405 u=0 breach=0 end=
CBAP_MIG t=20020000 epoch=4004 flow=24 side=new cur=4201680672 next=4828749999 tgt=5750000000 f=0.405 u=0 breach=0 end=
CBAP_MIG t=20020000 epoch=4004 flow=25 side=new cur=4201680672 next=4828749999 tgt=5750000000 f=0.405 u=0 breach=0 end=
CBAP_MIG t=20020000 epoch=4004 flow=26 side=new cur=4201680672 next=4828749999 tgt=5750000000 f=0.405 u=0 breach=0 end=
CBAP_MIG t=20020000 epoch=4004 flow=27 side=new cur=4201680672 next=4828749999 tgt=5750000000 f=0.405 u=0 breach=0 end=
CBAP_MIG t=20020000 epoch=4004 flow=28 side=new cur=4201680672 next=4828749999 tgt=5750000000 f=0.405 u=0 breach=0 end=
CBAP_MIG t=20020000 epoch=4004 flow=29 side=new cur=4201680672 next=4828749999 tgt=5750000000 f=0.405 u=0 breach=0 end=
CBAP_MIG t=20020000 epoch=4004 flow=30 side=new cur=4201680672 next=4828749999 tgt=5750000000 f=0.405 u=0 breach=0 end=
CBAP_MIG t=20020000 epoch=4004 flow=31 side=new cur=4201680672 next=4828749999 tgt=5750000000 f=0.405 u=0 breach=0 end=
CBAP_MIG t=20020000 epoch=4004 flow=32 side=new cur=4201680672 next=4828749999 tgt=5750000000 f=0.405 u=0 breach=0 end=
CBAP_MIG t=20020000 epoch=4004 flow=33 side=new cur=4201680672 next=4828749999 tgt=5750000000 f=0.405 u=0 breach=0 end=
CBAP_MIG t=20020000 epoch=4004 flow=34 side=new cur=4201680672 next=4828749999 tgt=5750000000 f=0.405 u=0 breach=0 end=
CBAP_MIG t=20020000 epoch=4004 flow=35 side=new cur=4201680672 next=4828749999 tgt=5750000000 f=0.405 u=0 breach=0 end=
CBAP_MIG t=20020000 epoch=4004 flow=36 side=new cur=4201680672 next=4828749999 tgt=5750000000 f=0.405 u=0 breach=0 end=
CBAP_MIG t=20020000 epoch=4004 flow=37 side=new cur=4201680672 next=4828749999 tgt=5750000000 f=0.405 u=0 breach=0 end=
CBAP_MIG t=20020000 epoch=4004 flow=38 side=new cur=4201680672 next=4828749999 tgt=5750000000 f=0.405 u=0 breach=0 end=
CBAP_MIG t=20020000 epoch=4004 flow=39 side=new cur=4201680672 next=4828749999 tgt=5750000000 f=0.405 u=0 breach=0 end=
CBAP_MIG t=20020000 epoch=4004 flow=40 side=new cur=4201680672 next=4828749999 tgt=5750000000 f=0.405 u=0 breach=0 end=
CBAP_MIG t=20020000 epoch=4004 flow=41 side=new cur=4201680672 next=4828749999 tgt=5750000000 f=0.405 u=0 breach=0 end=
CBAP_MIG t=20020000 epoch=4004 flow=42 side=new cur=4201680672 next=4828749999 tgt=5750000000 f=0.405 u=0 breach=0 end=
CBAP_MIG t=20020000 epoch=4004 flow=43 side=new cur=4201680672 next=4828749999 tgt=5750000000 f=0.405 u=0 breach=0 end=
CBAP_MIG t=20020000 epoch=4004 flow=44 side=new cur=4201680672 next=4828749999 tgt=5750000000 f=0.405 u=0 breach=0 end=
CBAP_MIG t=20020000 epoch=4004 flow=45 side=new cur=4201680672 next=4828749999 tgt=5750000000 f=0.405 u=0 breach=0 end=
CBAP_MIG t=20020000 epoch=4004 flow=46 side=new cur=4201680672 next=4828749999 tgt=5750000000 f=0.405 u=0 breach=0 end=
CBAP_MIG t=20020000 epoch=4004 flow=47 side=new cur=4201680672 next=4828749999 tgt=5750000000 f=0.405 u=0 breach=0 end=
CBAP_MIG t=20020000 epoch=4004 flow=48 side=new cur=4201680672 next=4828749999 tgt=5750000000 f=0.405 u=0 breach=0 end=
CBAP_MIG t=20020000 epoch=4004 flow=49 side=new cur=4201680672 next=4828749999 tgt=5750000000 f=0.405 u=0 breach=0 end=
CBAP_MIG t=20020000 epoch=4004 flow=50 side=new cur=4201680672 next=4828749999 tgt=5750000000 f=0.405 u=0 breach=0 end=
CBAP_MIG t=20020000 epoch=4004 flow=51 side=new cur=4201680672 next=4828749999 tgt=5750000000 f=0.405 u=0 breach=0 end=
CBAP_MIG t=20020000 epoch=4004 flow=52 side=new cur=4201680672 next=4828749999 tgt=5750000000 f=0.405 u=0 breach=0 end=
CBAP_MIG t=20020000 epoch=4004 flow=53 side=new cur=4201680672 next=4828749999 tgt=5750000000 f=0.405 u=0 breach=0 end=
CBAP_MIG t=20020000 epoch=4004 flow=54 side=new cur=4201680672 next=4828749999 tgt=5750000000 f=0.405 u=0 breach=0 end=
CBAP_MIG t=20020000 epoch=4004 flow=55 side=new cur=4201680672 next=4828749999 tgt=5750000000 f=0.405 u=0 breach=0 end=
CBAP_MIG t=20020000 epoch=4004 flow=56 side=new cur=4201680672 next=4828749999 tgt=5750000000 f=0.405 u=0 breach=0 end=
CBAP_MIG t=20020000 epoch=4004 flow=57 side=new cur=4201680672 next=4828749999 tgt=5750000000 f=0.405 u=0 breach=0 end=
CBAP_MIG t=20020000 epoch=4004 flow=58 side=new cur=4201680672 next=4828749999 tgt=5750000000 f=0.405 u=0 breach=0 end=
CBAP_MIG t=20020000 epoch=4004 flow=59 side=new cur=4201680672 next=4828749999 tgt=5750000000 f=0.405 u=0 breach=0 end=
CBAP_MIG t=20020000 epoch=4004 flow=60 side=new cur=4201680672 next=4828749999 tgt=5750000000 f=0.405 u=0 breach=0 end=
CBAP_MIG t=20020000 epoch=4004 flow=61 side=new cur=4201680672 next=4828749999 tgt=5750000000 f=0.405 u=0 breach=0 end=
CBAP_MIG t=20020000 epoch=4004 flow=62 side=new cur=4201680672 next=4828749999 tgt=5750000000 f=0.405 u=0 breach=0 end=
CBAP_MIG t=20020000 epoch=4004 flow=63 side=new cur=4201680672 next=4828749999 tgt=5750000000 f=0.405 u=0 breach=0 end=
CBAP_MIG t=20020000 epoch=4004 flow=64 side=new cur=4201680672 next=4828749999 tgt=5750000000 f=0.405 u=0 breach=0 end=
CBAP_MIG t=20025000 epoch=4005 flow=0 side=old cur=130783999999 next=101148799999 tgt=31999999999 f=0.3 u=0 breach=0 end=
CBAP_MIG t=20025000 epoch=4005 flow=1 side=new cur=4206500000 next=4831617499 tgt=5750000000 f=0.405 u=0 breach=0 end=
CBAP_MIG t=20025000 epoch=4005 flow=2 side=new cur=4206500000 next=4831617499 tgt=5750000000 f=0.405 u=0 breach=0 end=
CBAP_MIG t=20025000 epoch=4005 flow=3 side=new cur=4206500000 next=4831617499 tgt=5750000000 f=0.405 u=0 breach=0 end=
CBAP_MIG t=20025000 epoch=4005 flow=4 side=new cur=4206500000 next=4831617499 tgt=5750000000 f=0.405 u=0 breach=0 end=
CBAP_MIG t=20025000 epoch=4005 flow=5 side=new cur=4206500000 next=4831617499 tgt=5750000000 f=0.405 u=0 breach=0 end=
CBAP_MIG t=20025000 epoch=4005 flow=6 side=new cur=4206500000 next=4831617499 tgt=5750000000 f=0.405 u=0 breach=0 end=
CBAP_MIG t=20025000 epoch=4005 flow=7 side=new cur=4206500000 next=4831617499 tgt=5750000000 f=0.405 u=0 breach=0 end=
CBAP_MIG t=20025000 epoch=4005 flow=8 side=new cur=4206500000 next=4831617499 tgt=5750000000 f=0.405 u=0 breach=0 end=
CBAP_MIG t=20025000 epoch=4005 flow=9 side=new cur=4206500000 next=4831617499 tgt=5750000000 f=0.405 u=0 breach=0 end=
CBAP_MIG t=20025000 epoch=4005 flow=10 side=new cur=4206500000 next=4831617499 tgt=5750000000 f=0.405 u=0 breach=0 end=
CBAP_MIG t=20025000 epoch=4005 flow=11 side=new cur=4206500000 next=4831617499 tgt=5750000000 f=0.405 u=0 breach=0 end=
CBAP_MIG t=20025000 epoch=4005 flow=12 side=new cur=4206500000 next=4831617499 tgt=5750000000 f=0.405 u=0 breach=0 end=
CBAP_MIG t=20025000 epoch=4005 flow=13 side=new cur=4206500000 next=4831617499 tgt=5750000000 f=0.405 u=0 breach=0 end=
CBAP_MIG t=20025000 epoch=4005 flow=14 side=new cur=4206500000 next=4831617499 tgt=5750000000 f=0.405 u=0 breach=0 end=
CBAP_MIG t=20025000 epoch=4005 flow=15 side=new cur=4206500000 next=4831617499 tgt=5750000000 f=0.405 u=0 breach=0 end=
CBAP_MIG t=20025000 epoch=4005 flow=16 side=new cur=4206500000 next=4831617499 tgt=5750000000 f=0.405 u=0 breach=0 end=
CBAP_MIG t=20025000 epoch=4005 flow=17 side=new cur=4206500000 next=4831617499 tgt=5750000000 f=0.405 u=0 breach=0 end=
CBAP_MIG t=20025000 epoch=4005 flow=18 side=new cur=4206500000 next=4831617499 tgt=5750000000 f=0.405 u=0 breach=0 end=
CBAP_MIG t=20025000 epoch=4005 flow=19 side=new cur=4206500000 next=4831617499 tgt=5750000000 f=0.405 u=0 breach=0 end=
CBAP_MIG t=20025000 epoch=4005 flow=20 side=new cur=4206500000 next=4831617499 tgt=5750000000 f=0.405 u=0 breach=0 end=
CBAP_MIG t=20025000 epoch=4005 flow=21 side=new cur=4206500000 next=4831617499 tgt=5750000000 f=0.405 u=0 breach=0 end=
CBAP_MIG t=20025000 epoch=4005 flow=22 side=new cur=4206500000 next=4831617499 tgt=5750000000 f=0.405 u=0 breach=0 end=
CBAP_MIG t=20025000 epoch=4005 flow=23 side=new cur=4206500000 next=4831617499 tgt=5750000000 f=0.405 u=0 breach=0 end=
CBAP_MIG t=20025000 epoch=4005 flow=24 side=new cur=4206500000 next=4831617499 tgt=5750000000 f=0.405 u=0 breach=0 end=
CBAP_MIG t=20025000 epoch=4005 flow=25 side=new cur=4206500000 next=4831617499 tgt=5750000000 f=0.405 u=0 breach=0 end=
CBAP_MIG t=20025000 epoch=4005 flow=26 side=new cur=4206500000 next=4831617499 tgt=5750000000 f=0.405 u=0 breach=0 end=
CBAP_MIG t=20025000 epoch=4005 flow=27 side=new cur=4206500000 next=4831617499 tgt=5750000000 f=0.405 u=0 breach=0 end=
CBAP_MIG t=20025000 epoch=4005 flow=28 side=new cur=4206500000 next=4831617499 tgt=5750000000 f=0.405 u=0 breach=0 end=
CBAP_MIG t=20025000 epoch=4005 flow=29 side=new cur=4206500000 next=4831617499 tgt=5750000000 f=0.405 u=0 breach=0 end=
CBAP_MIG t=20025000 epoch=4005 flow=30 side=new cur=4206500000 next=4831617499 tgt=5750000000 f=0.405 u=0 breach=0 end=
CBAP_MIG t=20025000 epoch=4005 flow=31 side=new cur=4206500000 next=4831617499 tgt=5750000000 f=0.405 u=0 breach=0 end=
CBAP_MIG t=20025000 epoch=4005 flow=32 side=new cur=4206500000 next=4831617499 tgt=5750000000 f=0.405 u=0 breach=0 end=
CBAP_MIG t=20025000 epoch=4005 flow=33 side=new cur=4206500000 next=4831617499 tgt=5750000000 f=0.405 u=0 breach=0 end=
CBAP_MIG t=20025000 epoch=4005 flow=34 side=new cur=4206500000 next=4831617499 tgt=5750000000 f=0.405 u=0 breach=0 end=
CBAP_MIG t=20025000 epoch=4005 flow=35 side=new cur=4206500000 next=4831617499 tgt=5750000000 f=0.405 u=0 breach=0 end=
CBAP_MIG t=20025000 epoch=4005 flow=36 side=new cur=4206500000 next=4831617499 tgt=5750000000 f=0.405 u=0 breach=0 end=
CBAP_MIG t=20025000 epoch=4005 flow=37 side=new cur=4206500000 next=4831617499 tgt=5750000000 f=0.405 u=0 breach=0 end=
CBAP_MIG t=20025000 epoch=4005 flow=38 side=new cur=4206500000 next=4831617499 tgt=5750000000 f=0.405 u=0 breach=0 end=
CBAP_MIG t=20025000 epoch=4005 flow=39 side=new cur=4206500000 next=4831617499 tgt=5750000000 f=0.405 u=0 breach=0 end=
CBAP_MIG t=20025000 epoch=4005 flow=40 side=new cur=4206500000 next=4831617499 tgt=5750000000 f=0.405 u=0 breach=0 end=
CBAP_MIG t=20025000 epoch=4005 flow=41 side=new cur=4206500000 next=4831617499 tgt=5750000000 f=0.405 u=0 breach=0 end=
CBAP_MIG t=20025000 epoch=4005 flow=42 side=new cur=4206500000 next=4831617499 tgt=5750000000 f=0.405 u=0 breach=0 end=
CBAP_MIG t=20025000 epoch=4005 flow=43 side=new cur=4206500000 next=4831617499 tgt=5750000000 f=0.405 u=0 breach=0 end=
CBAP_MIG t=20025000 epoch=4005 flow=44 side=new cur=4206500000 next=4831617499 tgt=5750000000 f=0.405 u=0 breach=0 end=
CBAP_MIG t=20025000 epoch=4005 flow=45 side=new cur=4206500000 next=4831617499 tgt=5750000000 f=0.405 u=0 breach=0 end=
CBAP_MIG t=20025000 epoch=4005 flow=46 side=new cur=4206500000 next=4831617499 tgt=5750000000 f=0.405 u=0 breach=0 end=
CBAP_MIG t=20025000 epoch=4005 flow=47 side=new cur=4206500000 next=4831617499 tgt=5750000000 f=0.405 u=0 breach=0 end=
CBAP_MIG t=20025000 epoch=4005 flow=48 side=new cur=4206500000 next=4831617499 tgt=5750000000 f=0.405 u=0 breach=0 end=
CBAP_MIG t=20025000 epoch=4005 flow=49 side=new cur=4206500000 next=4831617499 tgt=5750000000 f=0.405 u=0 breach=0 end=
CBAP_MIG t=20025000 epoch=4005 flow=50 side=new cur=4206500000 next=4831617499 tgt=5750000000 f=0.405 u=0 breach=0 end=
CBAP_MIG t=20025000 epoch=4005 flow=51 side=new cur=4206500000 next=4831617499 tgt=5750000000 f=0.405 u=0 breach=0 end=
CBAP_MIG t=20025000 epoch=4005 flow=52 side=new cur=4206500000 next=4831617499 tgt=5750000000 f=0.405 u=0 breach=0 end=
CBAP_MIG t=20025000 epoch=4005 flow=53 side=new cur=4206500000 next=4831617499 tgt=5750000000 f=0.405 u=0 breach=0 end=
CBAP_MIG t=20025000 epoch=4005 flow=54 side=new cur=4206500000 next=4831617499 tgt=5750000000 f=0.405 u=0 breach=0 end=
CBAP_MIG t=20025000 epoch=4005 flow=55 side=new cur=4206500000 next=4831617499 tgt=5750000000 f=0.405 u=0 breach=0 end=
CBAP_MIG t=20025000 epoch=4005 flow=56 side=new cur=4206500000 next=4831617499 tgt=5750000000 f=0.405 u=0 breach=0 end=
CBAP_MIG t=20025000 epoch=4005 flow=57 side=new cur=4206500000 next=4831617499 tgt=5750000000 f=0.405 u=0 breach=0 end=
CBAP_MIG t=20025000 epoch=4005 flow=58 side=new cur=4206500000 next=4831617499 tgt=5750000000 f=0.405 u=0 breach=0 end=
CBAP_MIG t=20025000 epoch=4005 flow=59 side=new cur=4206500000 next=4831617499 tgt=5750000000 f=0.405 u=0 breach=0 end=
CBAP_MIG t=20025000 epoch=4005 flow=60 side=new cur=4206500000 next=4831617499 tgt=5750000000 f=0.405 u=0 breach=0 end=
CBAP_MIG t=20025000 epoch=4005 flow=61 side=new cur=4206500000 next=4831617499 tgt=5750000000 f=0.405 u=0 breach=0 end=
CBAP_MIG t=20025000 epoch=4005 flow=62 side=new cur=4206500000 next=4831617499 tgt=5750000000 f=0.405 u=0 breach=0 end=
CBAP_MIG t=20025000 epoch=4005 flow=63 side=new cur=4206500000 next=4831617499 tgt=5750000000 f=0.405 u=0 breach=0 end=
CBAP_MIG t=20025000 epoch=4005 flow=64 side=new cur=4206500000 next=4831617499 tgt=5750000000 f=0.405 u=0 breach=0 end=
CBAP_MIG t=20030000 epoch=4006 flow=0 side=old cur=101148799999 next=80404159999 tgt=31999999999 f=0.3 u=0 breach=0 end=
CBAP_MIG t=20030000 epoch=4006 flow=1 side=new cur=4669550000 next=5107132249 tgt=5750000000 f=0.405 u=0 breach=0 end=
CBAP_MIG t=20030000 epoch=4006 flow=2 side=new cur=4669550000 next=5107132249 tgt=5750000000 f=0.405 u=0 breach=0 end=
CBAP_MIG t=20030000 epoch=4006 flow=3 side=new cur=4669550000 next=5107132249 tgt=5750000000 f=0.405 u=0 breach=0 end=
CBAP_MIG t=20030000 epoch=4006 flow=4 side=new cur=4669550000 next=5107132249 tgt=5750000000 f=0.405 u=0 breach=0 end=
CBAP_MIG t=20030000 epoch=4006 flow=5 side=new cur=4669550000 next=5107132249 tgt=5750000000 f=0.405 u=0 breach=0 end=
CBAP_MIG t=20030000 epoch=4006 flow=6 side=new cur=4669550000 next=5107132249 tgt=5750000000 f=0.405 u=0 breach=0 end=
CBAP_MIG t=20030000 epoch=4006 flow=7 side=new cur=4669550000 next=5107132249 tgt=5750000000 f=0.405 u=0 breach=0 end=
CBAP_MIG t=20030000 epoch=4006 flow=8 side=new cur=4669550000 next=5107132249 tgt=5750000000 f=0.405 u=0 breach=0 end=
CBAP_MIG t=20030000 epoch=4006 flow=9 side=new cur=4669550000 next=5107132249 tgt=5750000000 f=0.405 u=0 breach=0 end=
CBAP_MIG t=20030000 epoch=4006 flow=10 side=new cur=4669550000 next=5107132249 tgt=5750000000 f=0.405 u=0 breach=0 end=
CBAP_MIG t=20030000 epoch=4006 flow=11 side=new cur=4669550000 next=5107132249 tgt=5750000000 f=0.405 u=0 breach=0 end=
CBAP_MIG t=20030000 epoch=4006 flow=12 side=new cur=4669550000 next=5107132249 tgt=5750000000 f=0.405 u=0 breach=0 end=
CBAP_MIG t=20030000 epoch=4006 flow=13 side=new cur=4669550000 next=5107132249 tgt=5750000000 f=0.405 u=0 breach=0 end=
CBAP_MIG t=20030000 epoch=4006 flow=14 side=new cur=4669550000 next=5107132249 tgt=5750000000 f=0.405 u=0 breach=0 end=
CBAP_MIG t=20030000 epoch=4006 flow=15 side=new cur=4669550000 next=5107132249 tgt=5750000000 f=0.405 u=0 breach=0 end=
CBAP_MIG t=20030000 epoch=4006 flow=16 side=new cur=4669550000 next=5107132249 tgt=5750000000 f=0.405 u=0 breach=0 end=
CBAP_MIG t=20030000 epoch=4006 flow=17 side=new cur=4669550000 next=5107132249 tgt=5750000000 f=0.405 u=0 breach=0 end=
CBAP_MIG t=20030000 epoch=4006 flow=18 side=new cur=4669550000 next=5107132249 tgt=5750000000 f=0.405 u=0 breach=0 end=
CBAP_MIG t=20030000 epoch=4006 flow=19 side=new cur=4669550000 next=5107132249 tgt=5750000000 f=0.405 u=0 breach=0 end=
CBAP_MIG t=20030000 epoch=4006 flow=20 side=new cur=4669550000 next=5107132249 tgt=5750000000 f=0.405 u=0 breach=0 end=
CBAP_MIG t=20030000 epoch=4006 flow=21 side=new cur=4669550000 next=5107132249 tgt=5750000000 f=0.405 u=0 breach=0 end=
CBAP_MIG t=20030000 epoch=4006 flow=22 side=new cur=4669550000 next=5107132249 tgt=5750000000 f=0.405 u=0 breach=0 end=
CBAP_MIG t=20030000 epoch=4006 flow=23 side=new cur=4669550000 next=5107132249 tgt=5750000000 f=0.405 u=0 breach=0 end=
CBAP_MIG t=20030000 epoch=4006 flow=24 side=new cur=4669550000 next=5107132249 tgt=5750000000 f=0.405 u=0 breach=0 end=
CBAP_MIG t=20030000 epoch=4006 flow=25 side=new cur=4669550000 next=5107132249 tgt=5750000000 f=0.405 u=0 breach=0 end=
CBAP_MIG t=20030000 epoch=4006 flow=26 side=new cur=4669550000 next=5107132249 tgt=5750000000 f=0.405 u=0 breach=0 end=
CBAP_MIG t=20030000 epoch=4006 flow=27 side=new cur=4669550000 next=5107132249 tgt=5750000000 f=0.405 u=0 breach=0 end=
CBAP_MIG t=20030000 epoch=4006 flow=28 side=new cur=4669550000 next=5107132249 tgt=5750000000 f=0.405 u=0 breach=0 end=
CBAP_MIG t=20030000 epoch=4006 flow=29 side=new cur=4669550000 next=5107132249 tgt=5750000000 f=0.405 u=0 breach=0 end=
CBAP_MIG t=20030000 epoch=4006 flow=30 side=new cur=4669550000 next=5107132249 tgt=5750000000 f=0.405 u=0 breach=0 end=
CBAP_MIG t=20030000 epoch=4006 flow=31 side=new cur=4669550000 next=5107132249 tgt=5750000000 f=0.405 u=0 breach=0 end=
CBAP_MIG t=20030000 epoch=4006 flow=32 side=new cur=4669550000 next=5107132249 tgt=5750000000 f=0.405 u=0 breach=0 end=
CBAP_MIG t=20030000 epoch=4006 flow=33 side=new cur=4669550000 next=5107132249 tgt=5750000000 f=0.405 u=0 breach=0 end=
CBAP_MIG t=20030000 epoch=4006 flow=34 side=new cur=4669550000 next=5107132249 tgt=5750000000 f=0.405 u=0 breach=0 end=
CBAP_MIG t=20030000 epoch=4006 flow=35 side=new cur=4669550000 next=5107132249 tgt=5750000000 f=0.405 u=0 breach=0 end=
CBAP_MIG t=20030000 epoch=4006 flow=36 side=new cur=4669550000 next=5107132249 tgt=5750000000 f=0.405 u=0 breach=0 end=
CBAP_MIG t=20030000 epoch=4006 flow=37 side=new cur=4669550000 next=5107132249 tgt=5750000000 f=0.405 u=0 breach=0 end=
CBAP_MIG t=20030000 epoch=4006 flow=38 side=new cur=4669550000 next=5107132249 tgt=5750000000 f=0.405 u=0 breach=0 end=
CBAP_MIG t=20030000 epoch=4006 flow=39 side=new cur=4669550000 next=5107132249 tgt=5750000000 f=0.405 u=0 breach=0 end=
CBAP_MIG t=20030000 epoch=4006 flow=40 side=new cur=4669550000 next=5107132249 tgt=5750000000 f=0.405 u=0 breach=0 end=
CBAP_MIG t=20030000 epoch=4006 flow=41 side=new cur=4669550000 next=5107132249 tgt=5750000000 f=0.405 u=0 breach=0 end=
CBAP_MIG t=20030000 epoch=4006 flow=42 side=new cur=4669550000 next=5107132249 tgt=5750000000 f=0.405 u=0 breach=0 end=
CBAP_MIG t=20030000 epoch=4006 flow=43 side=new cur=4669550000 next=5107132249 tgt=5750000000 f=0.405 u=0 breach=0 end=
CBAP_MIG t=20030000 epoch=4006 flow=44 side=new cur=4669550000 next=5107132249 tgt=5750000000 f=0.405 u=0 breach=0 end=
CBAP_MIG t=20030000 epoch=4006 flow=45 side=new cur=4669550000 next=5107132249 tgt=5750000000 f=0.405 u=0 breach=0 end=
CBAP_MIG t=20030000 epoch=4006 flow=46 side=new cur=4669550000 next=5107132249 tgt=5750000000 f=0.405 u=0 breach=0 end=
CBAP_MIG t=20030000 epoch=4006 flow=47 side=new cur=4669550000 next=5107132249 tgt=5750000000 f=0.405 u=0 breach=0 end=
CBAP_MIG t=20030000 epoch=4006 flow=48 side=new cur=4669550000 next=5107132249 tgt=5750000000 f=0.405 u=0 breach=0 end=
CBAP_MIG t=20030000 epoch=4006 flow=49 side=new cur=4669550000 next=5107132249 tgt=5750000000 f=0.405 u=0 breach=0 end=
CBAP_MIG t=20030000 epoch=4006 flow=50 side=new cur=4669550000 next=5107132249 tgt=5750000000 f=0.405 u=0 breach=0 end=
CBAP_MIG t=20030000 epoch=4006 flow=51 side=new cur=4669550000 next=5107132249 tgt=5750000000 f=0.405 u=0 breach=0 end=
CBAP_MIG t=20030000 epoch=4006 flow=52 side=new cur=4669550000 next=5107132249 tgt=5750000000 f=0.405 u=0 breach=0 end=
CBAP_MIG t=20030000 epoch=4006 flow=53 side=new cur=4669550000 next=5107132249 tgt=5750000000 f=0.405 u=0 breach=0 end=
CBAP_MIG t=20030000 epoch=4006 flow=54 side=new cur=4669550000 next=5107132249 tgt=5750000000 f=0.405 u=0 breach=0 end=
CBAP_MIG t=20030000 epoch=4006 flow=55 side=new cur=4669550000 next=5107132249 tgt=5750000000 f=0.405 u=0 breach=0 end=
CBAP_MIG t=20030000 epoch=4006 flow=56 side=new cur=4669550000 next=5107132249 tgt=5750000000 f=0.405 u=0 breach=0 end=
CBAP_MIG t=20030000 epoch=4006 flow=57 side=new cur=4669550000 next=5107132249 tgt=5750000000 f=0.405 u=0 breach=0 end=
CBAP_MIG t=20030000 epoch=4006 flow=58 side=new cur=4669550000 next=5107132249 tgt=5750000000 f=0.405 u=0 breach=0 end=
CBAP_MIG t=20030000 epoch=4006 flow=59 side=new cur=4669550000 next=5107132249 tgt=5750000000 f=0.405 u=0 breach=0 end=
CBAP_MIG t=20030000 epoch=4006 flow=60 side=new cur=4669550000 next=5107132249 tgt=5750000000 f=0.405 u=0 breach=0 end=
CBAP_MIG t=20030000 epoch=4006 flow=61 side=new cur=4669550000 next=5107132249 tgt=5750000000 f=0.405 u=0 breach=0 end=
CBAP_MIG t=20030000 epoch=4006 flow=62 side=new cur=4669550000 next=5107132249 tgt=5750000000 f=0.405 u=0 breach=0 end=
CBAP_MIG t=20030000 epoch=4006 flow=63 side=new cur=4669550000 next=5107132249 tgt=5750000000 f=0.405 u=0 breach=0 end=
CBAP_MIG t=20030000 epoch=4006 flow=64 side=new cur=4669550000 next=5107132249 tgt=5750000000 f=0.405 u=0 breach=0 end=
CBAP_MIG t=20035000 epoch=4007 flow=0 side=old cur=80404159999 next=65882911999 tgt=31999999999 f=0.3 u=0 breach=0 end=
CBAP_MIG t=20035000 epoch=4007 flow=1 side=new cur=4993685000 next=5299992574 tgt=5750000000 f=0.405 u=0 breach=0 end=
CBAP_MIG t=20035000 epoch=4007 flow=2 side=new cur=4993685000 next=5299992574 tgt=5750000000 f=0.405 u=0 breach=0 end=
CBAP_MIG t=20035000 epoch=4007 flow=3 side=new cur=4993685000 next=5299992574 tgt=5750000000 f=0.405 u=0 breach=0 end=
CBAP_MIG t=20035000 epoch=4007 flow=4 side=new cur=4993685000 next=5299992574 tgt=5750000000 f=0.405 u=0 breach=0 end=
CBAP_MIG t=20035000 epoch=4007 flow=5 side=new cur=4993685000 next=5299992574 tgt=5750000000 f=0.405 u=0 breach=0 end=
CBAP_MIG t=20035000 epoch=4007 flow=6 side=new cur=4993685000 next=5299992574 tgt=5750000000 f=0.405 u=0 breach=0 end=
CBAP_MIG t=20035000 epoch=4007 flow=7 side=new cur=4993685000 next=5299992574 tgt=5750000000 f=0.405 u=0 breach=0 end=
CBAP_MIG t=20035000 epoch=4007 flow=8 side=new cur=4993685000 next=5299992574 tgt=5750000000 f=0.405 u=0 breach=0 end=
CBAP_MIG t=20035000 epoch=4007 flow=9 side=new cur=4993685000 next=5299992574 tgt=5750000000 f=0.405 u=0 breach=0 end=
CBAP_MIG t=20035000 epoch=4007 flow=10 side=new cur=4993685000 next=5299992574 tgt=5750000000 f=0.405 u=0 breach=0 end=
CBAP_MIG t=20035000 epoch=4007 flow=11 side=new cur=4993685000 next=5299992574 tgt=5750000000 f=0.405 u=0 breach=0 end=
CBAP_MIG t=20035000 epoch=4007 flow=12 side=new cur=4993685000 next=5299992574 tgt=5750000000 f=0.405 u=0 breach=0 end=
CBAP_MIG t=20035000 epoch=4007 flow=13 side=new cur=4993685000 next=5299992574 tgt=5750000000 f=0.405 u=0 breach=0 end=
CBAP_MIG t=20035000 epoch=4007 flow=14 side=new cur=4993685000 next=5299992574 tgt=5750000000 f=0.405 u=0 breach=0 end=
CBAP_MIG t=20035000 epoch=4007 flow=15 side=new cur=4993685000 next=5299992574 tgt=5750000000 f=0.405 u=0 breach=0 end=
CBAP_MIG t=20035000 epoch=4007 flow=16 side=new cur=4993685000 next=5299992574 tgt=5750000000 f=0.405 u=0 breach=0 end=
CBAP_MIG t=20035000 epoch=4007 flow=17 side=new cur=4993685000 next=5299992574 tgt=5750000000 f=0.405 u=0 breach=0 end=
CBAP_MIG t=20035000 epoch=4007 flow=18 side=new cur=4993685000 next=5299992574 tgt=5750000000 f=0.405 u=0 breach=0 end=
CBAP_MIG t=20035000 epoch=4007 flow=19 side=new cur=4993685000 next=5299992574 tgt=5750000000 f=0.405 u=0 breach=0 end=
CBAP_MIG t=20035000 epoch=4007 flow=20 side=new cur=4993685000 next=5299992574 tgt=5750000000 f=0.405 u=0 breach=0 end=
CBAP_MIG t=20035000 epoch=4007 flow=21 side=new cur=4993685000 next=5299992574 tgt=5750000000 f=0.405 u=0 breach=0 end=
CBAP_MIG t=20035000 epoch=4007 flow=22 side=new cur=4993685000 next=5299992574 tgt=5750000000 f=0.405 u=0 breach=0 end=
CBAP_MIG t=20035000 epoch=4007 flow=23 side=new cur=4993685000 next=5299992574 tgt=5750000000 f=0.405 u=0 breach=0 end=
CBAP_MIG t=20035000 epoch=4007 flow=24 side=new cur=4993685000 next=5299992574 tgt=5750000000 f=0.405 u=0 breach=0 end=
CBAP_MIG t=20035000 epoch=4007 flow=25 side=new cur=4993685000 next=5299992574 tgt=5750000000 f=0.405 u=0 breach=0 end=
CBAP_MIG t=20035000 epoch=4007 flow=26 side=new cur=4993685000 next=5299992574 tgt=5750000000 f=0.405 u=0 breach=0 end=
CBAP_MIG t=20035000 epoch=4007 flow=27 side=new cur=4993685000 next=5299992574 tgt=5750000000 f=0.405 u=0 breach=0 end=
CBAP_MIG t=20035000 epoch=4007 flow=28 side=new cur=4993685000 next=5299992574 tgt=5750000000 f=0.405 u=0 breach=0 end=
CBAP_MIG t=20035000 epoch=4007 flow=29 side=new cur=4993685000 next=5299992574 tgt=5750000000 f=0.405 u=0 breach=0 end=
CBAP_MIG t=20035000 epoch=4007 flow=30 side=new cur=4993685000 next=5299992574 tgt=5750000000 f=0.405 u=0 breach=0 end=
CBAP_MIG t=20035000 epoch=4007 flow=31 side=new cur=4993685000 next=5299992574 tgt=5750000000 f=0.405 u=0 breach=0 end=
CBAP_MIG t=20035000 epoch=4007 flow=32 side=new cur=4993685000 next=5299992574 tgt=5750000000 f=0.405 u=0 breach=0 end=
CBAP_MIG t=20035000 epoch=4007 flow=33 side=new cur=4993685000 next=5299992574 tgt=5750000000 f=0.405 u=0 breach=0 end=
CBAP_MIG t=20035000 epoch=4007 flow=34 side=new cur=4993685000 next=5299992574 tgt=5750000000 f=0.405 u=0 breach=0 end=
CBAP_MIG t=20035000 epoch=4007 flow=35 side=new cur=4993685000 next=5299992574 tgt=5750000000 f=0.405 u=0 breach=0 end=
CBAP_MIG t=20035000 epoch=4007 flow=36 side=new cur=4993685000 next=5299992574 tgt=5750000000 f=0.405 u=0 breach=0 end=
CBAP_MIG t=20035000 epoch=4007 flow=37 side=new cur=4993685000 next=5299992574 tgt=5750000000 f=0.405 u=0 breach=0 end=
CBAP_MIG t=20035000 epoch=4007 flow=38 side=new cur=4993685000 next=5299992574 tgt=5750000000 f=0.405 u=0 breach=0 end=
CBAP_MIG t=20035000 epoch=4007 flow=39 side=new cur=4993685000 next=5299992574 tgt=5750000000 f=0.405 u=0 breach=0 end=
CBAP_MIG t=20035000 epoch=4007 flow=40 side=new cur=4993685000 next=5299992574 tgt=5750000000 f=0.405 u=0 breach=0 end=
CBAP_MIG t=20035000 epoch=4007 flow=41 side=new cur=4993685000 next=5299992574 tgt=5750000000 f=0.405 u=0 breach=0 end=
CBAP_MIG t=20035000 epoch=4007 flow=42 side=new cur=4993685000 next=5299992574 tgt=5750000000 f=0.405 u=0 breach=0 end=
CBAP_MIG t=20035000 epoch=4007 flow=43 side=new cur=4993685000 next=5299992574 tgt=5750000000 f=0.405 u=0 breach=0 end=
CBAP_MIG t=20035000 epoch=4007 flow=44 side=new cur=4993685000 next=5299992574 tgt=5750000000 f=0.405 u=0 breach=0 end=
CBAP_MIG t=20035000 epoch=4007 flow=45 side=new cur=4993685000 next=5299992574 tgt=5750000000 f=0.405 u=0 breach=0 end=
CBAP_MIG t=20035000 epoch=4007 flow=46 side=new cur=4993685000 next=5299992574 tgt=5750000000 f=0.405 u=0 breach=0 end=
CBAP_MIG t=20035000 epoch=4007 flow=47 side=new cur=4993685000 next=5299992574 tgt=5750000000 f=0.405 u=0 breach=0 end=
CBAP_MIG t=20035000 epoch=4007 flow=48 side=new cur=4993685000 next=5299992574 tgt=5750000000 f=0.405 u=0 breach=0 end=
CBAP_MIG t=20035000 epoch=4007 flow=49 side=new cur=4993685000 next=5299992574 tgt=5750000000 f=0.405 u=0 breach=0 end=
CBAP_MIG t=20035000 epoch=4007 flow=50 side=new cur=4993685000 next=5299992574 tgt=5750000000 f=0.405 u=0 breach=0 end=
CBAP_MIG t=20035000 epoch=4007 flow=51 side=new cur=4993685000 next=5299992574 tgt=5750000000 f=0.405 u=0 breach=0 end=
CBAP_MIG t=20035000 epoch=4007 flow=52 side=new cur=4993685000 next=5299992574 tgt=5750000000 f=0.405 u=0 breach=0 end=
CBAP_MIG t=20035000 epoch=4007 flow=53 side=new cur=4993685000 next=5299992574 tgt=5750000000 f=0.405 u=0 breach=0 end=
CBAP_MIG t=20035000 epoch=4007 flow=54 side=new cur=4993685000 next=5299992574 tgt=5750000000 f=0.405 u=0 breach=0 end=
CBAP_MIG t=20035000 epoch=4007 flow=55 side=new cur=4993685000 next=5299992574 tgt=5750000000 f=0.405 u=0 breach=0 end=
CBAP_MIG t=20035000 epoch=4007 flow=56 side=new cur=4993685000 next=5299992574 tgt=5750000000 f=0.405 u=0 breach=0 end=
CBAP_MIG t=20035000 epoch=4007 flow=57 side=new cur=4993685000 next=5299992574 tgt=5750000000 f=0.405 u=0 breach=0 end=
CBAP_MIG t=20035000 epoch=4007 flow=58 side=new cur=4993685000 next=5299992574 tgt=5750000000 f=0.405 u=0 breach=0 end=
CBAP_MIG t=20035000 epoch=4007 flow=59 side=new cur=4993685000 next=5299992574 tgt=5750000000 f=0.405 u=0 breach=0 end=
CBAP_MIG t=20035000 epoch=4007 flow=60 side=new cur=4993685000 next=5299992574 tgt=5750000000 f=0.405 u=0 breach=0 end=
CBAP_MIG t=20035000 epoch=4007 flow=61 side=new cur=4993685000 next=5299992574 tgt=5750000000 f=0.405 u=0 breach=0 end=
CBAP_MIG t=20035000 epoch=4007 flow=62 side=new cur=4993685000 next=5299992574 tgt=5750000000 f=0.405 u=0 breach=0 end=
CBAP_MIG t=20035000 epoch=4007 flow=63 side=new cur=4993685000 next=5299992574 tgt=5750000000 f=0.405 u=0 breach=0 end=
CBAP_MIG t=20035000 epoch=4007 flow=64 side=new cur=4993685000 next=5299992574 tgt=5750000000 f=0.405 u=0 breach=0 end=
CBAP_MIG t=20040000 epoch=4008 flow=0 side=old cur=65882911999 next=55718038399 tgt=31999999999 f=0.3 u=0 breach=0 end=
CBAP_MIG t=20040000 epoch=4008 flow=1 side=new cur=5299992574 next=5482245581 tgt=5750000000 f=0.405 u=0 breach=0 end=
CBAP_MIG t=20040000 epoch=4008 flow=2 side=new cur=5299992574 next=5482245581 tgt=5750000000 f=0.405 u=0 breach=0 end=
CBAP_MIG t=20040000 epoch=4008 flow=3 side=new cur=5299992574 next=5482245581 tgt=5750000000 f=0.405 u=0 breach=0 end=
CBAP_MIG t=20040000 epoch=4008 flow=4 side=new cur=5299992574 next=5482245581 tgt=5750000000 f=0.405 u=0 breach=0 end=
CBAP_MIG t=20040000 epoch=4008 flow=5 side=new cur=5299992574 next=5482245581 tgt=5750000000 f=0.405 u=0 breach=0 end=
CBAP_MIG t=20040000 epoch=4008 flow=6 side=new cur=5299992574 next=5482245581 tgt=5750000000 f=0.405 u=0 breach=0 end=
CBAP_MIG t=20040000 epoch=4008 flow=7 side=new cur=5299992574 next=5482245581 tgt=5750000000 f=0.405 u=0 breach=0 end=
CBAP_MIG t=20040000 epoch=4008 flow=8 side=new cur=5299992574 next=5482245581 tgt=5750000000 f=0.405 u=0 breach=0 end=
CBAP_MIG t=20040000 epoch=4008 flow=9 side=new cur=5299992574 next=5482245581 tgt=5750000000 f=0.405 u=0 breach=0 end=
CBAP_MIG t=20040000 epoch=4008 flow=10 side=new cur=5299992574 next=5482245581 tgt=5750000000 f=0.405 u=0 breach=0 end=
CBAP_MIG t=20040000 epoch=4008 flow=11 side=new cur=5299992574 next=5482245581 tgt=5750000000 f=0.405 u=0 breach=0 end=
CBAP_MIG t=20040000 epoch=4008 flow=12 side=new cur=5299992574 next=5482245581 tgt=5750000000 f=0.405 u=0 breach=0 end=
CBAP_MIG t=20040000 epoch=4008 flow=13 side=new cur=5299992574 next=5482245581 tgt=5750000000 f=0.405 u=0 breach=0 end=
CBAP_MIG t=20040000 epoch=4008 flow=14 side=new cur=5299992574 next=5482245581 tgt=5750000000 f=0.405 u=0 breach=0 end=
CBAP_MIG t=20040000 epoch=4008 flow=15 side=new cur=5299992574 next=5482245581 tgt=5750000000 f=0.405 u=0 breach=0 end=
CBAP_MIG t=20040000 epoch=4008 flow=16 side=new cur=5299992574 next=5482245581 tgt=5750000000 f=0.405 u=0 breach=0 end=
CBAP_MIG t=20040000 epoch=4008 flow=17 side=new cur=5299992574 next=5482245581 tgt=5750000000 f=0.405 u=0 breach=0 end=
CBAP_MIG t=20040000 epoch=4008 flow=18 side=new cur=5299992574 next=5482245581 tgt=5750000000 f=0.405 u=0 breach=0 end=
CBAP_MIG t=20040000 epoch=4008 flow=19 side=new cur=5299992574 next=5482245581 tgt=5750000000 f=0.405 u=0 breach=0 end=
CBAP_MIG t=20040000 epoch=4008 flow=20 side=new cur=5299992574 next=5482245581 tgt=5750000000 f=0.405 u=0 breach=0 end=
CBAP_MIG t=20040000 epoch=4008 flow=21 side=new cur=5299992574 next=5482245581 tgt=5750000000 f=0.405 u=0 breach=0 end=
CBAP_MIG t=20040000 epoch=4008 flow=22 side=new cur=5299992574 next=5482245581 tgt=5750000000 f=0.405 u=0 breach=0 end=
CBAP_MIG t=20040000 epoch=4008 flow=23 side=new cur=5299992574 next=5482245581 tgt=5750000000 f=0.405 u=0 breach=0 end=
CBAP_MIG t=20040000 epoch=4008 flow=24 side=new cur=5299992574 next=5482245581 tgt=5750000000 f=0.405 u=0 breach=0 end=
CBAP_MIG t=20040000 epoch=4008 flow=25 side=new cur=5299992574 next=5482245581 tgt=5750000000 f=0.405 u=0 breach=0 end=
CBAP_MIG t=20040000 epoch=4008 flow=26 side=new cur=5299992574 next=5482245581 tgt=5750000000 f=0.405 u=0 breach=0 end=
CBAP_MIG t=20040000 epoch=4008 flow=27 side=new cur=5299992574 next=5482245581 tgt=5750000000 f=0.405 u=0 breach=0 end=
CBAP_MIG t=20040000 epoch=4008 flow=28 side=new cur=5299992574 next=5482245581 tgt=5750000000 f=0.405 u=0 breach=0 end=
CBAP_MIG t=20040000 epoch=4008 flow=29 side=new cur=5299992574 next=5482245581 tgt=5750000000 f=0.405 u=0 breach=0 end=
CBAP_MIG t=20040000 epoch=4008 flow=30 side=new cur=5299992574 next=5482245581 tgt=5750000000 f=0.405 u=0 breach=0 end=
CBAP_MIG t=20040000 epoch=4008 flow=31 side=new cur=5299992574 next=5482245581 tgt=5750000000 f=0.405 u=0 breach=0 end=
CBAP_MIG t=20040000 epoch=4008 flow=32 side=new cur=5299992574 next=5482245581 tgt=5750000000 f=0.405 u=0 breach=0 end=
CBAP_MIG t=20040000 epoch=4008 flow=33 side=new cur=5299992574 next=5482245581 tgt=5750000000 f=0.405 u=0 breach=0 end=
CBAP_MIG t=20040000 epoch=4008 flow=34 side=new cur=5299992574 next=5482245581 tgt=5750000000 f=0.405 u=0 breach=0 end=
CBAP_MIG t=20040000 epoch=4008 flow=35 side=new cur=5299992574 next=5482245581 tgt=5750000000 f=0.405 u=0 breach=0 end=
CBAP_MIG t=20040000 epoch=4008 flow=36 side=new cur=5299992574 next=5482245581 tgt=5750000000 f=0.405 u=0 breach=0 end=
CBAP_MIG t=20040000 epoch=4008 flow=37 side=new cur=5299992574 next=5482245581 tgt=5750000000 f=0.405 u=0 breach=0 end=
CBAP_MIG t=20040000 epoch=4008 flow=38 side=new cur=5299992574 next=5482245581 tgt=5750000000 f=0.405 u=0 breach=0 end=
CBAP_MIG t=20040000 epoch=4008 flow=39 side=new cur=5299992574 next=5482245581 tgt=5750000000 f=0.405 u=0 breach=0 end=
CBAP_MIG t=20040000 epoch=4008 flow=40 side=new cur=5299992574 next=5482245581 tgt=5750000000 f=0.405 u=0 breach=0 end=
CBAP_MIG t=20040000 epoch=4008 flow=41 side=new cur=5299992574 next=5482245581 tgt=5750000000 f=0.405 u=0 breach=0 end=
CBAP_MIG t=20040000 epoch=4008 flow=42 side=new cur=5299992574 next=5482245581 tgt=5750000000 f=0.405 u=0 breach=0 end=
CBAP_MIG t=20040000 epoch=4008 flow=43 side=new cur=5299992574 next=5482245581 tgt=5750000000 f=0.405 u=0 breach=0 end=
CBAP_MIG t=20040000 epoch=4008 flow=44 side=new cur=5299992574 next=5482245581 tgt=5750000000 f=0.405 u=0 breach=0 end=
CBAP_MIG t=20040000 epoch=4008 flow=45 side=new cur=5299992574 next=5482245581 tgt=5750000000 f=0.405 u=0 breach=0 end=
CBAP_MIG t=20040000 epoch=4008 flow=46 side=new cur=5299992574 next=5482245581 tgt=5750000000 f=0.405 u=0 breach=0 end=
CBAP_MIG t=20040000 epoch=4008 flow=47 side=new cur=5299992574 next=5482245581 tgt=5750000000 f=0.405 u=0 breach=0 end=
CBAP_MIG t=20040000 epoch=4008 flow=48 side=new cur=5299992574 next=5482245581 tgt=5750000000 f=0.405 u=0 breach=0 end=
CBAP_MIG t=20040000 epoch=4008 flow=49 side=new cur=5299992574 next=5482245581 tgt=5750000000 f=0.405 u=0 breach=0 end=
CBAP_MIG t=20040000 epoch=4008 flow=50 side=new cur=5299992574 next=5482245581 tgt=5750000000 f=0.405 u=0 breach=0 end=
CBAP_MIG t=20040000 epoch=4008 flow=51 side=new cur=5299992574 next=5482245581 tgt=5750000000 f=0.405 u=0 breach=0 end=
CBAP_MIG t=20040000 epoch=4008 flow=52 side=new cur=5299992574 next=5482245581 tgt=5750000000 f=0.405 u=0 breach=0 end=
CBAP_MIG t=20040000 epoch=4008 flow=53 side=new cur=5299992574 next=5482245581 tgt=5750000000 f=0.405 u=0 breach=0 end=
CBAP_MIG t=20040000 epoch=4008 flow=54 side=new cur=5299992574 next=5482245581 tgt=5750000000 f=0.405 u=0 breach=0 end=
CBAP_MIG t=20040000 epoch=4008 flow=55 side=new cur=5299992574 next=5482245581 tgt=5750000000 f=0.405 u=0 breach=0 end=
CBAP_MIG t=20040000 epoch=4008 flow=56 side=new cur=5299992574 next=5482245581 tgt=5750000000 f=0.405 u=0 breach=0 end=
CBAP_MIG t=20040000 epoch=4008 flow=57 side=new cur=5299992574 next=5482245581 tgt=5750000000 f=0.405 u=0 breach=0 end=
CBAP_MIG t=20040000 epoch=4008 flow=58 side=new cur=5299992574 next=5482245581 tgt=5750000000 f=0.405 u=0 breach=0 end=
CBAP_MIG t=20040000 epoch=4008 flow=59 side=new cur=5299992574 next=5482245581 tgt=5750000000 f=0.405 u=0 breach=0 end=
CBAP_MIG t=20040000 epoch=4008 flow=60 side=new cur=5299992574 next=5482245581 tgt=5750000000 f=0.405 u=0 breach=0 end=
CBAP_MIG t=20040000 epoch=4008 flow=61 side=new cur=5299992574 next=5482245581 tgt=5750000000 f=0.405 u=0 breach=0 end=
CBAP_MIG t=20040000 epoch=4008 flow=62 side=new cur=5299992574 next=5482245581 tgt=5750000000 f=0.405 u=0 breach=0 end=
CBAP_MIG t=20040000 epoch=4008 flow=63 side=new cur=5299992574 next=5482245581 tgt=5750000000 f=0.405 u=0 breach=0 end=
CBAP_MIG t=20040000 epoch=4008 flow=64 side=new cur=5299992574 next=5482245581 tgt=5750000000 f=0.405 u=0 breach=0 end=
CBAP_MIG t=20045000 epoch=4009 flow=0 side=old cur=55718038399 next=48602626879 tgt=31999999999 f=0.3 u=0 breach=0 end=
CBAP_MIG t=20045000 epoch=4009 flow=1 side=new cur=5482245581 next=5590686120 tgt=5750000000 f=0.405 u=0 breach=0 end=
CBAP_MIG t=20045000 epoch=4009 flow=2 side=new cur=5482245581 next=5590686120 tgt=5750000000 f=0.405 u=0 breach=0 end=
CBAP_MIG t=20045000 epoch=4009 flow=3 side=new cur=5482245581 next=5590686120 tgt=5750000000 f=0.405 u=0 breach=0 end=
CBAP_MIG t=20045000 epoch=4009 flow=4 side=new cur=5482245581 next=5590686120 tgt=5750000000 f=0.405 u=0 breach=0 end=
CBAP_MIG t=20045000 epoch=4009 flow=5 side=new cur=5482245581 next=5590686120 tgt=5750000000 f=0.405 u=0 breach=0 end=
CBAP_MIG t=20045000 epoch=4009 flow=6 side=new cur=5482245581 next=5590686120 tgt=5750000000 f=0.405 u=0 breach=0 end=
CBAP_MIG t=20045000 epoch=4009 flow=7 side=new cur=5482245581 next=5590686120 tgt=5750000000 f=0.405 u=0 breach=0 end=
CBAP_MIG t=20045000 epoch=4009 flow=8 side=new cur=5482245581 next=5590686120 tgt=5750000000 f=0.405 u=0 breach=0 end=
CBAP_MIG t=20045000 epoch=4009 flow=9 side=new cur=5482245581 next=5590686120 tgt=5750000000 f=0.405 u=0 breach=0 end=
CBAP_MIG t=20045000 epoch=4009 flow=10 side=new cur=5482245581 next=5590686120 tgt=5750000000 f=0.405 u=0 breach=0 end=
CBAP_MIG t=20045000 epoch=4009 flow=11 side=new cur=5482245581 next=5590686120 tgt=5750000000 f=0.405 u=0 breach=0 end=
CBAP_MIG t=20045000 epoch=4009 flow=12 side=new cur=5482245581 next=5590686120 tgt=5750000000 f=0.405 u=0 breach=0 end=
CBAP_MIG t=20045000 epoch=4009 flow=13 side=new cur=5482245581 next=5590686120 tgt=5750000000 f=0.405 u=0 breach=0 end=
CBAP_MIG t=20045000 epoch=4009 flow=14 side=new cur=5482245581 next=5590686120 tgt=5750000000 f=0.405 u=0 breach=0 end=
CBAP_MIG t=20045000 epoch=4009 flow=15 side=new cur=5482245581 next=5590686120 tgt=5750000000 f=0.405 u=0 breach=0 end=
CBAP_MIG t=20045000 epoch=4009 flow=16 side=new cur=5482245581 next=5590686120 tgt=5750000000 f=0.405 u=0 breach=0 end=
CBAP_MIG t=20045000 epoch=4009 flow=17 side=new cur=5482245581 next=5590686120 tgt=5750000000 f=0.405 u=0 breach=0 end=
CBAP_MIG t=20045000 epoch=4009 flow=18 side=new cur=5482245581 next=5590686120 tgt=5750000000 f=0.405 u=0 breach=0 end=
CBAP_MIG t=20045000 epoch=4009 flow=19 side=new cur=5482245581 next=5590686120 tgt=5750000000 f=0.405 u=0 breach=0 end=
CBAP_MIG t=20045000 epoch=4009 flow=20 side=new cur=5482245581 next=5590686120 tgt=5750000000 f=0.405 u=0 breach=0 end=
CBAP_MIG t=20045000 epoch=4009 flow=21 side=new cur=5482245581 next=5590686120 tgt=5750000000 f=0.405 u=0 breach=0 end=
CBAP_MIG t=20045000 epoch=4009 flow=22 side=new cur=5482245581 next=5590686120 tgt=5750000000 f=0.405 u=0 breach=0 end=
CBAP_MIG t=20045000 epoch=4009 flow=23 side=new cur=5482245581 next=5590686120 tgt=5750000000 f=0.405 u=0 breach=0 end=
CBAP_MIG t=20045000 epoch=4009 flow=24 side=new cur=5482245581 next=5590686120 tgt=5750000000 f=0.405 u=0 breach=0 end=
CBAP_MIG t=20045000 epoch=4009 flow=25 side=new cur=5482245581 next=5590686120 tgt=5750000000 f=0.405 u=0 breach=0 end=
CBAP_MIG t=20045000 epoch=4009 flow=26 side=new cur=5482245581 next=5590686120 tgt=5750000000 f=0.405 u=0 breach=0 end=
CBAP_MIG t=20045000 epoch=4009 flow=27 side=new cur=5482245581 next=5590686120 tgt=5750000000 f=0.405 u=0 breach=0 end=
CBAP_MIG t=20045000 epoch=4009 flow=28 side=new cur=5482245581 next=5590686120 tgt=5750000000 f=0.405 u=0 breach=0 end=
CBAP_MIG t=20045000 epoch=4009 flow=29 side=new cur=5482245581 next=5590686120 tgt=5750000000 f=0.405 u=0 breach=0 end=
CBAP_MIG t=20045000 epoch=4009 flow=30 side=new cur=5482245581 next=5590686120 tgt=5750000000 f=0.405 u=0 breach=0 end=
CBAP_MIG t=20045000 epoch=4009 flow=31 side=new cur=5482245581 next=5590686120 tgt=5750000000 f=0.405 u=0 breach=0 end=
CBAP_MIG t=20045000 epoch=4009 flow=32 side=new cur=5482245581 next=5590686120 tgt=5750000000 f=0.405 u=0 breach=0 end=
CBAP_MIG t=20045000 epoch=4009 flow=33 side=new cur=5482245581 next=5590686120 tgt=5750000000 f=0.405 u=0 breach=0 end=
CBAP_MIG t=20045000 epoch=4009 flow=34 side=new cur=5482245581 next=5590686120 tgt=5750000000 f=0.405 u=0 breach=0 end=
CBAP_MIG t=20045000 epoch=4009 flow=35 side=new cur=5482245581 next=5590686120 tgt=5750000000 f=0.405 u=0 breach=0 end=
CBAP_MIG t=20045000 epoch=4009 flow=36 side=new cur=5482245581 next=5590686120 tgt=5750000000 f=0.405 u=0 breach=0 end=
CBAP_MIG t=20045000 epoch=4009 flow=37 side=new cur=5482245581 next=5590686120 tgt=5750000000 f=0.405 u=0 breach=0 end=
CBAP_MIG t=20045000 epoch=4009 flow=38 side=new cur=5482245581 next=5590686120 tgt=5750000000 f=0.405 u=0 breach=0 end=
CBAP_MIG t=20045000 epoch=4009 flow=39 side=new cur=5482245581 next=5590686120 tgt=5750000000 f=0.405 u=0 breach=0 end=
CBAP_MIG t=20045000 epoch=4009 flow=40 side=new cur=5482245581 next=5590686120 tgt=5750000000 f=0.405 u=0 breach=0 end=
CBAP_MIG t=20045000 epoch=4009 flow=41 side=new cur=5482245581 next=5590686120 tgt=5750000000 f=0.405 u=0 breach=0 end=
CBAP_MIG t=20045000 epoch=4009 flow=42 side=new cur=5482245581 next=5590686120 tgt=5750000000 f=0.405 u=0 breach=0 end=
CBAP_MIG t=20045000 epoch=4009 flow=43 side=new cur=5482245581 next=5590686120 tgt=5750000000 f=0.405 u=0 breach=0 end=
CBAP_MIG t=20045000 epoch=4009 flow=44 side=new cur=5482245581 next=5590686120 tgt=5750000000 f=0.405 u=0 breach=0 end=
CBAP_MIG t=20045000 epoch=4009 flow=45 side=new cur=5482245581 next=5590686120 tgt=5750000000 f=0.405 u=0 breach=0 end=
CBAP_MIG t=20045000 epoch=4009 flow=46 side=new cur=5482245581 next=5590686120 tgt=5750000000 f=0.405 u=0 breach=0 end=
CBAP_MIG t=20045000 epoch=4009 flow=47 side=new cur=5482245581 next=5590686120 tgt=5750000000 f=0.405 u=0 breach=0 end=
CBAP_MIG t=20045000 epoch=4009 flow=48 side=new cur=5482245581 next=5590686120 tgt=5750000000 f=0.405 u=0 breach=0 end=
CBAP_MIG t=20045000 epoch=4009 flow=49 side=new cur=5482245581 next=5590686120 tgt=5750000000 f=0.405 u=0 breach=0 end=
CBAP_MIG t=20045000 epoch=4009 flow=50 side=new cur=5482245581 next=5590686120 tgt=5750000000 f=0.405 u=0 breach=0 end=
CBAP_MIG t=20045000 epoch=4009 flow=51 side=new cur=5482245581 next=5590686120 tgt=5750000000 f=0.405 u=0 breach=0 end=
CBAP_MIG t=20045000 epoch=4009 flow=52 side=new cur=5482245581 next=5590686120 tgt=5750000000 f=0.405 u=0 breach=0 end=
CBAP_MIG t=20045000 epoch=4009 flow=53 side=new cur=5482245581 next=5590686120 tgt=5750000000 f=0.405 u=0 breach=0 end=
CBAP_MIG t=20045000 epoch=4009 flow=54 side=new cur=5482245581 next=5590686120 tgt=5750000000 f=0.405 u=0 breach=0 end=
CBAP_MIG t=20045000 epoch=4009 flow=55 side=new cur=5482245581 next=5590686120 tgt=5750000000 f=0.405 u=0 breach=0 end=
CBAP_MIG t=20045000 epoch=4009 flow=56 side=new cur=5482245581 next=5590686120 tgt=5750000000 f=0.405 u=0 breach=0 end=
CBAP_MIG t=20045000 epoch=4009 flow=57 side=new cur=5482245581 next=5590686120 tgt=5750000000 f=0.405 u=0 breach=0 end=
CBAP_MIG t=20045000 epoch=4009 flow=58 side=new cur=5482245581 next=5590686120 tgt=5750000000 f=0.405 u=0 breach=0 end=
CBAP_MIG t=20045000 epoch=4009 flow=59 side=new cur=5482245581 next=5590686120 tgt=5750000000 f=0.405 u=0 breach=0 end=
CBAP_MIG t=20045000 epoch=4009 flow=60 side=new cur=5482245581 next=5590686120 tgt=5750000000 f=0.405 u=0 breach=0 end=
CBAP_MIG t=20045000 epoch=4009 flow=61 side=new cur=5482245581 next=5590686120 tgt=5750000000 f=0.405 u=0 breach=0 end=
CBAP_MIG t=20045000 epoch=4009 flow=62 side=new cur=5482245581 next=5590686120 tgt=5750000000 f=0.405 u=0 breach=0 end=
CBAP_MIG t=20045000 epoch=4009 flow=63 side=new cur=5482245581 next=5590686120 tgt=5750000000 f=0.405 u=0 breach=0 end=
CBAP_MIG t=20045000 epoch=4009 flow=64 side=new cur=5482245581 next=5590686120 tgt=5750000000 f=0.405 u=0 breach=0 end=
CBAP_MIG t=20050000 epoch=4010 flow=0 side=old cur=48602626879 next=43621838815 tgt=31999999999 f=0.3 u=0 breach=0 end=
CBAP_MIG t=20050000 epoch=4010 flow=1 side=new cur=5590686120 next=5655208241 tgt=5750000000 f=0.405 u=0 breach=0 end=
CBAP_MIG t=20050000 epoch=4010 flow=2 side=new cur=5590686120 next=5655208241 tgt=5750000000 f=0.405 u=0 breach=0 end=
CBAP_MIG t=20050000 epoch=4010 flow=3 side=new cur=5590686120 next=5655208241 tgt=5750000000 f=0.405 u=0 breach=0 end=
CBAP_MIG t=20050000 epoch=4010 flow=4 side=new cur=5590686120 next=5655208241 tgt=5750000000 f=0.405 u=0 breach=0 end=
CBAP_MIG t=20050000 epoch=4010 flow=5 side=new cur=5590686120 next=5655208241 tgt=5750000000 f=0.405 u=0 breach=0 end=
CBAP_MIG t=20050000 epoch=4010 flow=6 side=new cur=5590686120 next=5655208241 tgt=5750000000 f=0.405 u=0 breach=0 end=
CBAP_MIG t=20050000 epoch=4010 flow=7 side=new cur=5590686120 next=5655208241 tgt=5750000000 f=0.405 u=0 breach=0 end=
CBAP_MIG t=20050000 epoch=4010 flow=8 side=new cur=5590686120 next=5655208241 tgt=5750000000 f=0.405 u=0 breach=0 end=
CBAP_MIG t=20050000 epoch=4010 flow=9 side=new cur=5590686120 next=5655208241 tgt=5750000000 f=0.405 u=0 breach=0 end=
CBAP_MIG t=20050000 epoch=4010 flow=10 side=new cur=5590686120 next=5655208241 tgt=5750000000 f=0.405 u=0 breach=0 end=
CBAP_MIG t=20050000 epoch=4010 flow=11 side=new cur=5590686120 next=5655208241 tgt=5750000000 f=0.405 u=0 breach=0 end=
CBAP_MIG t=20050000 epoch=4010 flow=12 side=new cur=5590686120 next=5655208241 tgt=5750000000 f=0.405 u=0 breach=0 end=
CBAP_MIG t=20050000 epoch=4010 flow=13 side=new cur=5590686120 next=5655208241 tgt=5750000000 f=0.405 u=0 breach=0 end=
CBAP_MIG t=20050000 epoch=4010 flow=14 side=new cur=5590686120 next=5655208241 tgt=5750000000 f=0.405 u=0 breach=0 end=
CBAP_MIG t=20050000 epoch=4010 flow=15 side=new cur=5590686120 next=5655208241 tgt=5750000000 f=0.405 u=0 breach=0 end=
CBAP_MIG t=20050000 epoch=4010 flow=16 side=new cur=5590686120 next=5655208241 tgt=5750000000 f=0.405 u=0 breach=0 end=
CBAP_MIG t=20050000 epoch=4010 flow=17 side=new cur=5590686120 next=5655208241 tgt=5750000000 f=0.405 u=0 breach=0 end=
CBAP_MIG t=20050000 epoch=4010 flow=18 side=new cur=5590686120 next=5655208241 tgt=5750000000 f=0.405 u=0 breach=0 end=
CBAP_MIG t=20050000 epoch=4010 flow=19 side=new cur=5590686120 next=5655208241 tgt=5750000000 f=0.405 u=0 breach=0 end=
CBAP_MIG t=20050000 epoch=4010 flow=20 side=new cur=5590686120 next=5655208241 tgt=5750000000 f=0.405 u=0 breach=0 end=
CBAP_MIG t=20050000 epoch=4010 flow=21 side=new cur=5590686120 next=5655208241 tgt=5750000000 f=0.405 u=0 breach=0 end=
CBAP_MIG t=20050000 epoch=4010 flow=22 side=new cur=5590686120 next=5655208241 tgt=5750000000 f=0.405 u=0 breach=0 end=
CBAP_MIG t=20050000 epoch=4010 flow=23 side=new cur=5590686120 next=5655208241 tgt=5750000000 f=0.405 u=0 breach=0 end=
CBAP_MIG t=20050000 epoch=4010 flow=24 side=new cur=5590686120 next=5655208241 tgt=5750000000 f=0.405 u=0 breach=0 end=
CBAP_MIG t=20050000 epoch=4010 flow=25 side=new cur=5590686120 next=5655208241 tgt=5750000000 f=0.405 u=0 breach=0 end=
CBAP_MIG t=20050000 epoch=4010 flow=26 side=new cur=5590686120 next=5655208241 tgt=5750000000 f=0.405 u=0 breach=0 end=
CBAP_MIG t=20050000 epoch=4010 flow=27 side=new cur=5590686120 next=5655208241 tgt=5750000000 f=0.405 u=0 breach=0 end=
CBAP_MIG t=20050000 epoch=4010 flow=28 side=new cur=5590686120 next=5655208241 tgt=5750000000 f=0.405 u=0 breach=0 end=
CBAP_MIG t=20050000 epoch=4010 flow=29 side=new cur=5590686120 next=5655208241 tgt=5750000000 f=0.405 u=0 breach=0 end=
CBAP_MIG t=20050000 epoch=4010 flow=30 side=new cur=5590686120 next=5655208241 tgt=5750000000 f=0.405 u=0 breach=0 end=
CBAP_MIG t=20050000 epoch=4010 flow=31 side=new cur=5590686120 next=5655208241 tgt=5750000000 f=0.405 u=0 breach=0 end=
CBAP_MIG t=20050000 epoch=4010 flow=32 side=new cur=5590686120 next=5655208241 tgt=5750000000 f=0.405 u=0 breach=0 end=
CBAP_MIG t=20050000 epoch=4010 flow=33 side=new cur=5590686120 next=5655208241 tgt=5750000000 f=0.405 u=0 breach=0 end=
CBAP_MIG t=20050000 epoch=4010 flow=34 side=new cur=5590686120 next=5655208241 tgt=5750000000 f=0.405 u=0 breach=0 end=
CBAP_MIG t=20050000 epoch=4010 flow=35 side=new cur=5590686120 next=5655208241 tgt=5750000000 f=0.405 u=0 breach=0 end=
CBAP_MIG t=20050000 epoch=4010 flow=36 side=new cur=5590686120 next=5655208241 tgt=5750000000 f=0.405 u=0 breach=0 end=
CBAP_MIG t=20050000 epoch=4010 flow=37 side=new cur=5590686120 next=5655208241 tgt=5750000000 f=0.405 u=0 breach=0 end=
CBAP_MIG t=20050000 epoch=4010 flow=38 side=new cur=5590686120 next=5655208241 tgt=5750000000 f=0.405 u=0 breach=0 end=
CBAP_MIG t=20050000 epoch=4010 flow=39 side=new cur=5590686120 next=5655208241 tgt=5750000000 f=0.405 u=0 breach=0 end=
CBAP_MIG t=20050000 epoch=4010 flow=40 side=new cur=5590686120 next=5655208241 tgt=5750000000 f=0.405 u=0 breach=0 end=
CBAP_MIG t=20050000 epoch=4010 flow=41 side=new cur=5590686120 next=5655208241 tgt=5750000000 f=0.405 u=0 breach=0 end=
CBAP_MIG t=20050000 epoch=4010 flow=42 side=new cur=5590686120 next=5655208241 tgt=5750000000 f=0.405 u=0 breach=0 end=
CBAP_MIG t=20050000 epoch=4010 flow=43 side=new cur=5590686120 next=5655208241 tgt=5750000000 f=0.405 u=0 breach=0 end=
CBAP_MIG t=20050000 epoch=4010 flow=44 side=new cur=5590686120 next=5655208241 tgt=5750000000 f=0.405 u=0 breach=0 end=
CBAP_MIG t=20050000 epoch=4010 flow=45 side=new cur=5590686120 next=5655208241 tgt=5750000000 f=0.405 u=0 breach=0 end=
CBAP_MIG t=20050000 epoch=4010 flow=46 side=new cur=5590686120 next=5655208241 tgt=5750000000 f=0.405 u=0 breach=0 end=
CBAP_MIG t=20050000 epoch=4010 flow=47 side=new cur=5590686120 next=5655208241 tgt=5750000000 f=0.405 u=0 breach=0 end=
CBAP_MIG t=20050000 epoch=4010 flow=48 side=new cur=5590686120 next=5655208241 tgt=5750000000 f=0.405 u=0 breach=0 end=
CBAP_MIG t=20050000 epoch=4010 flow=49 side=new cur=5590686120 next=5655208241 tgt=5750000000 f=0.405 u=0 breach=0 end=
CBAP_MIG t=20050000 epoch=4010 flow=50 side=new cur=5590686120 next=5655208241 tgt=5750000000 f=0.405 u=0 breach=0 end=
CBAP_MIG t=20050000 epoch=4010 flow=51 side=new cur=5590686120 next=5655208241 tgt=5750000000 f=0.405 u=0 breach=0 end=
CBAP_MIG t=20050000 epoch=4010 flow=52 side=new cur=5590686120 next=5655208241 tgt=5750000000 f=0.405 u=0 breach=0 end=
CBAP_MIG t=20050000 epoch=4010 flow=53 side=new cur=5590686120 next=5655208241 tgt=5750000000 f=0.405 u=0 breach=0 end=
CBAP_MIG t=20050000 epoch=4010 flow=54 side=new cur=5590686120 next=5655208241 tgt=5750000000 f=0.405 u=0 breach=0 end=
CBAP_MIG t=20050000 epoch=4010 flow=55 side=new cur=5590686120 next=5655208241 tgt=5750000000 f=0.405 u=0 breach=0 end=
CBAP_MIG t=20050000 epoch=4010 flow=56 side=new cur=5590686120 next=5655208241 tgt=5750000000 f=0.405 u=0 breach=0 end=
CBAP_MIG t=20050000 epoch=4010 flow=57 side=new cur=5590686120 next=5655208241 tgt=5750000000 f=0.405 u=0 breach=0 end=
CBAP_MIG t=20050000 epoch=4010 flow=58 side=new cur=5590686120 next=5655208241 tgt=5750000000 f=0.405 u=0 breach=0 end=
CBAP_MIG t=20050000 epoch=4010 flow=59 side=new cur=5590686120 next=5655208241 tgt=5750000000 f=0.405 u=0 breach=0 end=
CBAP_MIG t=20050000 epoch=4010 flow=60 side=new cur=5590686120 next=5655208241 tgt=5750000000 f=0.405 u=0 breach=0 end=
CBAP_MIG t=20050000 epoch=4010 flow=61 side=new cur=5590686120 next=5655208241 tgt=5750000000 f=0.405 u=0 breach=0 end=
CBAP_MIG t=20050000 epoch=4010 flow=62 side=new cur=5590686120 next=5655208241 tgt=5750000000 f=0.405 u=0 breach=0 end=
CBAP_MIG t=20050000 epoch=4010 flow=63 side=new cur=5590686120 next=5655208241 tgt=5750000000 f=0.405 u=0 breach=0 end=
CBAP_MIG t=20050000 epoch=4010 flow=64 side=new cur=5590686120 next=5655208241 tgt=5750000000 f=0.405 u=0 breach=0 end=
CBAP_MIG t=20055000 epoch=4011 flow=0 side=old cur=43621838815 next=40135287170 tgt=31999999999 f=0.3 u=0 breach=0 end=
CBAP_MIG t=20055000 epoch=4011 flow=1 side=new cur=5655208241 next=5693598903 tgt=5750000000 f=0.405 u=0 breach=0 end=converged
CBAP_MIG t=20055000 epoch=4011 flow=2 side=new cur=5655208241 next=5693598903 tgt=5750000000 f=0.405 u=0 breach=0 end=converged
CBAP_MIG t=20055000 epoch=4011 flow=3 side=new cur=5655208241 next=5693598903 tgt=5750000000 f=0.405 u=0 breach=0 end=converged
CBAP_MIG t=20055000 epoch=4011 flow=4 side=new cur=5655208241 next=5693598903 tgt=5750000000 f=0.405 u=0 breach=0 end=converged
CBAP_MIG t=20055000 epoch=4011 flow=5 side=new cur=5655208241 next=5693598903 tgt=5750000000 f=0.405 u=0 breach=0 end=converged
CBAP_MIG t=20055000 epoch=4011 flow=6 side=new cur=5655208241 next=5693598903 tgt=5750000000 f=0.405 u=0 breach=0 end=converged
CBAP_MIG t=20055000 epoch=4011 flow=7 side=new cur=5655208241 next=5693598903 tgt=5750000000 f=0.405 u=0 breach=0 end=converged
CBAP_MIG t=20055000 epoch=4011 flow=8 side=new cur=5655208241 next=5693598903 tgt=5750000000 f=0.405 u=0 breach=0 end=converged
CBAP_MIG t=20055000 epoch=4011 flow=9 side=new cur=5655208241 next=5693598903 tgt=5750000000 f=0.405 u=0 breach=0 end=converged
CBAP_MIG t=20055000 epoch=4011 flow=10 side=new cur=5655208241 next=5693598903 tgt=5750000000 f=0.405 u=0 breach=0 end=converged
CBAP_MIG t=20055000 epoch=4011 flow=11 side=new cur=5655208241 next=5693598903 tgt=5750000000 f=0.405 u=0 breach=0 end=converged
CBAP_MIG t=20055000 epoch=4011 flow=12 side=new cur=5655208241 next=5693598903 tgt=5750000000 f=0.405 u=0 breach=0 end=converged
CBAP_MIG t=20055000 epoch=4011 flow=13 side=new cur=5655208241 next=5693598903 tgt=5750000000 f=0.405 u=0 breach=0 end=converged
CBAP_MIG t=20055000 epoch=4011 flow=14 side=new cur=5655208241 next=5693598903 tgt=5750000000 f=0.405 u=0 breach=0 end=converged
CBAP_MIG t=20055000 epoch=4011 flow=15 side=new cur=5655208241 next=5693598903 tgt=5750000000 f=0.405 u=0 breach=0 end=converged
CBAP_MIG t=20055000 epoch=4011 flow=16 side=new cur=5655208241 next=5693598903 tgt=5750000000 f=0.405 u=0 breach=0 end=converged
CBAP_MIG t=20055000 epoch=4011 flow=17 side=new cur=5655208241 next=5693598903 tgt=5750000000 f=0.405 u=0 breach=0 end=converged
CBAP_MIG t=20055000 epoch=4011 flow=18 side=new cur=5655208241 next=5693598903 tgt=5750000000 f=0.405 u=0 breach=0 end=converged
CBAP_MIG t=20055000 epoch=4011 flow=19 side=new cur=5655208241 next=5693598903 tgt=5750000000 f=0.405 u=0 breach=0 end=converged
CBAP_MIG t=20055000 epoch=4011 flow=20 side=new cur=5655208241 next=5693598903 tgt=5750000000 f=0.405 u=0 breach=0 end=converged
CBAP_MIG t=20055000 epoch=4011 flow=21 side=new cur=5655208241 next=5693598903 tgt=5750000000 f=0.405 u=0 breach=0 end=converged
CBAP_MIG t=20055000 epoch=4011 flow=22 side=new cur=5655208241 next=5693598903 tgt=5750000000 f=0.405 u=0 breach=0 end=converged
CBAP_MIG t=20055000 epoch=4011 flow=23 side=new cur=5655208241 next=5693598903 tgt=5750000000 f=0.405 u=0 breach=0 end=converged
CBAP_MIG t=20055000 epoch=4011 flow=24 side=new cur=5655208241 next=5693598903 tgt=5750000000 f=0.405 u=0 breach=0 end=converged
CBAP_MIG t=20055000 epoch=4011 flow=25 side=new cur=5655208241 next=5693598903 tgt=5750000000 f=0.405 u=0 breach=0 end=converged
CBAP_MIG t=20055000 epoch=4011 flow=26 side=new cur=5655208241 next=5693598903 tgt=5750000000 f=0.405 u=0 breach=0 end=converged
CBAP_MIG t=20055000 epoch=4011 flow=27 side=new cur=5655208241 next=5693598903 tgt=5750000000 f=0.405 u=0 breach=0 end=converged
CBAP_MIG t=20055000 epoch=4011 flow=28 side=new cur=5655208241 next=5693598903 tgt=5750000000 f=0.405 u=0 breach=0 end=converged
CBAP_MIG t=20055000 epoch=4011 flow=29 side=new cur=5655208241 next=5693598903 tgt=5750000000 f=0.405 u=0 breach=0 end=converged
CBAP_MIG t=20055000 epoch=4011 flow=30 side=new cur=5655208241 next=5693598903 tgt=5750000000 f=0.405 u=0 breach=0 end=converged
CBAP_MIG t=20055000 epoch=4011 flow=31 side=new cur=5655208241 next=5693598903 tgt=5750000000 f=0.405 u=0 breach=0 end=converged
CBAP_MIG t=20055000 epoch=4011 flow=32 side=new cur=5655208241 next=5693598903 tgt=5750000000 f=0.405 u=0 breach=0 end=converged
CBAP_MIG t=20055000 epoch=4011 flow=33 side=new cur=5655208241 next=5693598903 tgt=5750000000 f=0.405 u=0 breach=0 end=converged
CBAP_MIG t=20055000 epoch=4011 flow=34 side=new cur=5655208241 next=5693598903 tgt=5750000000 f=0.405 u=0 breach=0 end=converged
CBAP_MIG t=20055000 epoch=4011 flow=35 side=new cur=5655208241 next=5693598903 tgt=5750000000 f=0.405 u=0 breach=0 end=converged
CBAP_MIG t=20055000 epoch=4011 flow=36 side=new cur=5655208241 next=5693598903 tgt=5750000000 f=0.405 u=0 breach=0 end=converged
CBAP_MIG t=20055000 epoch=4011 flow=37 side=new cur=5655208241 next=5693598903 tgt=5750000000 f=0.405 u=0 breach=0 end=converged
CBAP_MIG t=20055000 epoch=4011 flow=38 side=new cur=5655208241 next=5693598903 tgt=5750000000 f=0.405 u=0 breach=0 end=converged
CBAP_MIG t=20055000 epoch=4011 flow=39 side=new cur=5655208241 next=5693598903 tgt=5750000000 f=0.405 u=0 breach=0 end=converged
CBAP_MIG t=20055000 epoch=4011 flow=40 side=new cur=5655208241 next=5693598903 tgt=5750000000 f=0.405 u=0 breach=0 end=converged
CBAP_MIG t=20055000 epoch=4011 flow=41 side=new cur=5655208241 next=5693598903 tgt=5750000000 f=0.405 u=0 breach=0 end=converged
CBAP_MIG t=20055000 epoch=4011 flow=42 side=new cur=5655208241 next=5693598903 tgt=5750000000 f=0.405 u=0 breach=0 end=converged
CBAP_MIG t=20055000 epoch=4011 flow=43 side=new cur=5655208241 next=5693598903 tgt=5750000000 f=0.405 u=0 breach=0 end=converged
CBAP_MIG t=20055000 epoch=4011 flow=44 side=new cur=5655208241 next=5693598903 tgt=5750000000 f=0.405 u=0 breach=0 end=converged
CBAP_MIG t=20055000 epoch=4011 flow=45 side=new cur=5655208241 next=5693598903 tgt=5750000000 f=0.405 u=0 breach=0 end=converged
CBAP_MIG t=20055000 epoch=4011 flow=46 side=new cur=5655208241 next=5693598903 tgt=5750000000 f=0.405 u=0 breach=0 end=converged
CBAP_MIG t=20055000 epoch=4011 flow=47 side=new cur=5655208241 next=5693598903 tgt=5750000000 f=0.405 u=0 breach=0 end=converged
CBAP_MIG t=20055000 epoch=4011 flow=48 side=new cur=5655208241 next=5693598903 tgt=5750000000 f=0.405 u=0 breach=0 end=converged
CBAP_MIG t=20055000 epoch=4011 flow=49 side=new cur=5655208241 next=5693598903 tgt=5750000000 f=0.405 u=0 breach=0 end=converged
CBAP_MIG t=20055000 epoch=4011 flow=50 side=new cur=5655208241 next=5693598903 tgt=5750000000 f=0.405 u=0 breach=0 end=converged
CBAP_MIG t=20055000 epoch=4011 flow=51 side=new cur=5655208241 next=5693598903 tgt=5750000000 f=0.405 u=0 breach=0 end=converged
CBAP_MIG t=20055000 epoch=4011 flow=52 side=new cur=5655208241 next=5693598903 tgt=5750000000 f=0.405 u=0 breach=0 end=converged
CBAP_MIG t=20055000 epoch=4011 flow=53 side=new cur=5655208241 next=5693598903 tgt=5750000000 f=0.405 u=0 breach=0 end=converged
CBAP_MIG t=20055000 epoch=4011 flow=54 side=new cur=5655208241 next=5693598903 tgt=5750000000 f=0.405 u=0 breach=0 end=converged
CBAP_MIG t=20055000 epoch=4011 flow=55 side=new cur=5655208241 next=5693598903 tgt=5750000000 f=0.405 u=0 breach=0 end=converged
CBAP_MIG t=20055000 epoch=4011 flow=56 side=new cur=5655208241 next=5693598903 tgt=5750000000 f=0.405 u=0 breach=0 end=converged
CBAP_MIG t=20055000 epoch=4011 flow=57 side=new cur=5655208241 next=5693598903 tgt=5750000000 f=0.405 u=0 breach=0 end=converged
CBAP_MIG t=20055000 epoch=4011 flow=58 side=new cur=5655208241 next=5693598903 tgt=5750000000 f=0.405 u=0 breach=0 end=converged
CBAP_MIG t=20055000 epoch=4011 flow=59 side=new cur=5655208241 next=5693598903 tgt=5750000000 f=0.405 u=0 breach=0 end=converged
CBAP_MIG t=20055000 epoch=4011 flow=60 side=new cur=5655208241 next=5693598903 tgt=5750000000 f=0.405 u=0 breach=0 end=converged
CBAP_MIG t=20055000 epoch=4011 flow=61 side=new cur=5655208241 next=5693598903 tgt=5750000000 f=0.405 u=0 breach=0 end=converged
CBAP_MIG t=20055000 epoch=4011 flow=62 side=new cur=5655208241 next=5693598903 tgt=5750000000 f=0.405 u=0 breach=0 end=converged
CBAP_MIG t=20055000 epoch=4011 flow=63 side=new cur=5655208241 next=5693598903 tgt=5750000000 f=0.405 u=0 breach=0 end=converged
CBAP_MIG t=20055000 epoch=4011 flow=64 side=new cur=5655208241 next=5693598903 tgt=5750000000 f=0.405 u=0 breach=0 end=converged
CBAP_MIG t=20060000 epoch=4012 flow=0 side=old cur=40135287170 next=37694701018 tgt=31999999999 f=0.3 u=0 breach=0 end=
CBAP_MIG t=20065000 epoch=4013 flow=0 side=old cur=37694701018 next=35986290712 tgt=31999999999 f=0.3 u=0 breach=0 end=
CBAP_MIG t=20070000 epoch=4014 flow=0 side=old cur=35986290712 next=34790403498 tgt=31999999999 f=0.3 u=0 breach=0 end=
CBAP_MIG t=20075000 epoch=4015 flow=0 side=old cur=34790403498 next=33953282448 tgt=31999999999 f=0.3 u=0 breach=0 end=deadline_retargeted
CBAP_MIG_REPLAN t=20080000 reason=deadline_lapsed flow=0 batch=0 newest_batch=1 cur=33953282448 target=4000000000 ceiling=320000000000 old_side_present=1
CBAP_MIG_REPLAN t=20080000 reason=deadline_lapsed flow=1 batch=1 newest_batch=1 cur=5719479961 target=6196947996 ceiling=400000000000 old_side_present=1
CBAP_MIG_REPLAN t=20080000 reason=deadline_lapsed flow=2 batch=1 newest_batch=1 cur=5719479961 target=6196947996 ceiling=400000000000 old_side_present=1
CBAP_MIG_REPLAN t=20080000 reason=deadline_lapsed flow=3 batch=1 newest_batch=1 cur=5719479961 target=6196947996 ceiling=400000000000 old_side_present=1
CBAP_MIG_REPLAN t=20080000 reason=deadline_lapsed flow=4 batch=1 newest_batch=1 cur=5719479961 target=6196947996 ceiling=400000000000 old_side_present=1
CBAP_MIG_REPLAN t=20080000 reason=deadline_lapsed flow=5 batch=1 newest_batch=1 cur=5719479961 target=6196947996 ceiling=400000000000 old_side_present=1
CBAP_MIG_REPLAN t=20080000 reason=deadline_lapsed flow=6 batch=1 newest_batch=1 cur=5719479961 target=6196947996 ceiling=400000000000 old_side_present=1
CBAP_MIG_REPLAN t=20080000 reason=deadline_lapsed flow=7 batch=1 newest_batch=1 cur=5719479961 target=6196947996 ceiling=400000000000 old_side_present=1
CBAP_MIG_REPLAN t=20080000 reason=deadline_lapsed flow=8 batch=1 newest_batch=1 cur=5719479961 target=6196947996 ceiling=400000000000 old_side_present=1
CBAP_MIG_REPLAN t=20080000 reason=deadline_lapsed flow=9 batch=1 newest_batch=1 cur=5719479961 target=6196947996 ceiling=400000000000 old_side_present=1
CBAP_MIG_REPLAN t=20080000 reason=deadline_lapsed flow=10 batch=1 newest_batch=1 cur=5719479961 target=6196947996 ceiling=400000000000 old_side_present=1
CBAP_MIG_REPLAN t=20080000 reason=deadline_lapsed flow=11 batch=1 newest_batch=1 cur=5719479961 target=6196947996 ceiling=400000000000 old_side_present=1
CBAP_MIG_REPLAN t=20080000 reason=deadline_lapsed flow=12 batch=1 newest_batch=1 cur=5719479961 target=6196947996 ceiling=400000000000 old_side_present=1
CBAP_MIG_REPLAN t=20080000 reason=deadline_lapsed flow=13 batch=1 newest_batch=1 cur=5719479961 target=6196947996 ceiling=400000000000 old_side_present=1
CBAP_MIG_REPLAN t=20080000 reason=deadline_lapsed flow=14 batch=1 newest_batch=1 cur=5719479961 target=6196947996 ceiling=400000000000 old_side_present=1
CBAP_MIG_REPLAN t=20080000 reason=deadline_lapsed flow=15 batch=1 newest_batch=1 cur=5719479961 target=6196947996 ceiling=400000000000 old_side_present=1
CBAP_MIG_REPLAN t=20080000 reason=deadline_lapsed flow=16 batch=1 newest_batch=1 cur=5719479961 target=6196947996 ceiling=400000000000 old_side_present=1
CBAP_MIG_REPLAN t=20080000 reason=deadline_lapsed flow=17 batch=1 newest_batch=1 cur=5719479961 target=6196947996 ceiling=400000000000 old_side_present=1
CBAP_MIG_REPLAN t=20080000 reason=deadline_lapsed flow=18 batch=1 newest_batch=1 cur=5719479961 target=6196947996 ceiling=400000000000 old_side_present=1
CBAP_MIG_REPLAN t=20080000 reason=deadline_lapsed flow=19 batch=1 newest_batch=1 cur=5719479961 target=6196947996 ceiling=400000000000 old_side_present=1
CBAP_MIG_REPLAN t=20080000 reason=deadline_lapsed flow=20 batch=1 newest_batch=1 cur=5719479961 target=6196947996 ceiling=400000000000 old_side_present=1
CBAP_MIG_REPLAN t=20080000 reason=deadline_lapsed flow=21 batch=1 newest_batch=1 cur=5719479961 target=6196947996 ceiling=400000000000 old_side_present=1
CBAP_MIG_REPLAN t=20080000 reason=deadline_lapsed flow=22 batch=1 newest_batch=1 cur=5719479961 target=6196947996 ceiling=400000000000 old_side_present=1
CBAP_MIG_REPLAN t=20080000 reason=deadline_lapsed flow=23 batch=1 newest_batch=1 cur=5719479961 target=6196947996 ceiling=400000000000 old_side_present=1
CBAP_MIG_REPLAN t=20080000 reason=deadline_lapsed flow=24 batch=1 newest_batch=1 cur=5719479961 target=6196947996 ceiling=400000000000 old_side_present=1
CBAP_MIG_REPLAN t=20080000 reason=deadline_lapsed flow=25 batch=1 newest_batch=1 cur=5719479961 target=6196947996 ceiling=400000000000 old_side_present=1
CBAP_MIG_REPLAN t=20080000 reason=deadline_lapsed flow=26 batch=1 newest_batch=1 cur=5719479961 target=6196947996 ceiling=400000000000 old_side_present=1
CBAP_MIG_REPLAN t=20080000 reason=deadline_lapsed flow=27 batch=1 newest_batch=1 cur=5719479961 target=6196947996 ceiling=400000000000 old_side_present=1
CBAP_MIG_REPLAN t=20080000 reason=deadline_lapsed flow=28 batch=1 newest_batch=1 cur=5719479961 target=6196947996 ceiling=400000000000 old_side_present=1
CBAP_MIG_REPLAN t=20080000 reason=deadline_lapsed flow=29 batch=1 newest_batch=1 cur=5719479961 target=6196947996 ceiling=400000000000 old_side_present=1
CBAP_MIG_REPLAN t=20080000 reason=deadline_lapsed flow=30 batch=1 newest_batch=1 cur=5719479961 target=6196947996 ceiling=400000000000 old_side_present=1
CBAP_MIG_REPLAN t=20080000 reason=deadline_lapsed flow=31 batch=1 newest_batch=1 cur=5719479961 target=6196947996 ceiling=400000000000 old_side_present=1
CBAP_MIG_REPLAN t=20080000 reason=deadline_lapsed flow=32 batch=1 newest_batch=1 cur=5719479961 target=6196947996 ceiling=400000000000 old_side_present=1
CBAP_MIG_REPLAN t=20080000 reason=deadline_lapsed flow=33 batch=1 newest_batch=1 cur=5719479961 target=6196947996 ceiling=400000000000 old_side_present=1
CBAP_MIG_REPLAN t=20080000 reason=deadline_lapsed flow=34 batch=1 newest_batch=1 cur=5719479961 target=6196947996 ceiling=400000000000 old_side_present=1
CBAP_MIG_REPLAN t=20080000 reason=deadline_lapsed flow=35 batch=1 newest_batch=1 cur=5719479961 target=6196947996 ceiling=400000000000 old_side_present=1
CBAP_MIG_REPLAN t=20080000 reason=deadline_lapsed flow=36 batch=1 newest_batch=1 cur=5719479961 target=6196947996 ceiling=400000000000 old_side_present=1
CBAP_MIG_REPLAN t=20080000 reason=deadline_lapsed flow=37 batch=1 newest_batch=1 cur=5719479961 target=6196947996 ceiling=400000000000 old_side_present=1
CBAP_MIG_REPLAN t=20080000 reason=deadline_lapsed flow=38 batch=1 newest_batch=1 cur=5719479961 target=6196947996 ceiling=400000000000 old_side_present=1
CBAP_MIG_REPLAN t=20080000 reason=deadline_lapsed flow=39 batch=1 newest_batch=1 cur=5719479961 target=6196947996 ceiling=400000000000 old_side_present=1
CBAP_MIG_REPLAN t=20080000 reason=deadline_lapsed flow=40 batch=1 newest_batch=1 cur=5719479961 target=6196947996 ceiling=400000000000 old_side_present=1
CBAP_MIG_REPLAN t=20080000 reason=deadline_lapsed flow=41 batch=1 newest_batch=1 cur=5719479961 target=6196947996 ceiling=400000000000 old_side_present=1
CBAP_MIG_REPLAN t=20080000 reason=deadline_lapsed flow=42 batch=1 newest_batch=1 cur=5719479961 target=6196947996 ceiling=400000000000 old_side_present=1
CBAP_MIG_REPLAN t=20080000 reason=deadline_lapsed flow=43 batch=1 newest_batch=1 cur=5719479961 target=6196947996 ceiling=400000000000 old_side_present=1
CBAP_MIG_REPLAN t=20080000 reason=deadline_lapsed flow=44 batch=1 newest_batch=1 cur=5719479961 target=6196947996 ceiling=400000000000 old_side_present=1
CBAP_MIG_REPLAN t=20080000 reason=deadline_lapsed flow=45 batch=1 newest_batch=1 cur=5719479961 target=6196947996 ceiling=400000000000 old_side_present=1
CBAP_MIG_REPLAN t=20080000 reason=deadline_lapsed flow=46 batch=1 newest_batch=1 cur=5719479961 target=6196947996 ceiling=400000000000 old_side_present=1
CBAP_MIG_REPLAN t=20080000 reason=deadline_lapsed flow=47 batch=1 newest_batch=1 cur=5719479961 target=6196947996 ceiling=400000000000 old_side_present=1
CBAP_MIG_REPLAN t=20080000 reason=deadline_lapsed flow=48 batch=1 newest_batch=1 cur=5719479961 target=6196947996 ceiling=400000000000 old_side_present=1
CBAP_MIG_REPLAN t=20080000 reason=deadline_lapsed flow=49 batch=1 newest_batch=1 cur=5719479961 target=6196947996 ceiling=400000000000 old_side_present=1
CBAP_MIG_REPLAN t=20080000 reason=deadline_lapsed flow=50 batch=1 newest_batch=1 cur=5719479961 target=6196947996 ceiling=400000000000 old_side_present=1
CBAP_MIG_REPLAN t=20080000 reason=deadline_lapsed flow=51 batch=1 newest_batch=1 cur=5719479961 target=6196947996 ceiling=400000000000 old_side_present=1
CBAP_MIG_REPLAN t=20080000 reason=deadline_lapsed flow=52 batch=1 newest_batch=1 cur=5719479961 target=6196947996 ceiling=400000000000 old_side_present=1
CBAP_MIG_REPLAN t=20080000 reason=deadline_lapsed flow=53 batch=1 newest_batch=1 cur=5719479961 target=6196947996 ceiling=400000000000 old_side_present=1
CBAP_MIG_REPLAN t=20080000 reason=deadline_lapsed flow=54 batch=1 newest_batch=1 cur=5719479961 target=6196947996 ceiling=400000000000 old_side_present=1
CBAP_MIG_REPLAN t=20080000 reason=deadline_lapsed flow=55 batch=1 newest_batch=1 cur=5719479961 target=6196947996 ceiling=400000000000 old_side_present=1
CBAP_MIG_REPLAN t=20080000 reason=deadline_lapsed flow=56 batch=1 newest_batch=1 cur=5719479961 target=6196947996 ceiling=400000000000 old_side_present=1
CBAP_MIG_REPLAN t=20080000 reason=deadline_lapsed flow=57 batch=1 newest_batch=1 cur=5719479961 target=6196947996 ceiling=400000000000 old_side_present=1
CBAP_MIG_REPLAN t=20080000 reason=deadline_lapsed flow=58 batch=1 newest_batch=1 cur=5719479961 target=6196947996 ceiling=400000000000 old_side_present=1
CBAP_MIG_REPLAN t=20080000 reason=deadline_lapsed flow=59 batch=1 newest_batch=1 cur=5719479961 target=6196947996 ceiling=400000000000 old_side_present=1
CBAP_MIG_REPLAN t=20080000 reason=deadline_lapsed flow=60 batch=1 newest_batch=1 cur=5719479961 target=6196947996 ceiling=400000000000 old_side_present=1
CBAP_MIG_REPLAN t=20080000 reason=deadline_lapsed flow=61 batch=1 newest_batch=1 cur=5719479961 target=6196947996 ceiling=400000000000 old_side_present=1
CBAP_MIG_REPLAN t=20080000 reason=deadline_lapsed flow=62 batch=1 newest_batch=1 cur=5719479961 target=6196947996 ceiling=400000000000 old_side_present=1
CBAP_MIG_REPLAN t=20080000 reason=deadline_lapsed flow=63 batch=1 newest_batch=1 cur=5719479961 target=6196947996 ceiling=400000000000 old_side_present=1
CBAP_MIG_REPLAN t=20080000 reason=deadline_lapsed flow=64 batch=1 newest_batch=1 cur=5719479961 target=6196947996 ceiling=400000000000 old_side_present=1
CBAP_MIG t=20080000 epoch=4016 flow=0 side=old cur=33953282448 next=24967297713 tgt=4000000000 f=0.3 u=0 breach=0 end=
CBAP_MIG t=20080000 epoch=4016 flow=1 side=new cur=5719479961 next=5912854515 tgt=6196947996 f=0.405 u=0 breach=0 end=
CBAP_MIG t=20080000 epoch=4016 flow=2 side=new cur=5719479961 next=5912854515 tgt=6196947996 f=0.405 u=0 breach=0 end=
CBAP_MIG t=20080000 epoch=4016 flow=3 side=new cur=5719479961 next=5912854515 tgt=6196947996 f=0.405 u=0 breach=0 end=
CBAP_MIG t=20080000 epoch=4016 flow=4 side=new cur=5719479961 next=5912854515 tgt=6196947996 f=0.405 u=0 breach=0 end=
CBAP_MIG t=20080000 epoch=4016 flow=5 side=new cur=5719479961 next=5912854515 tgt=6196947996 f=0.405 u=0 breach=0 end=
CBAP_MIG t=20080000 epoch=4016 flow=6 side=new cur=5719479961 next=5912854515 tgt=6196947996 f=0.405 u=0 breach=0 end=
CBAP_MIG t=20080000 epoch=4016 flow=7 side=new cur=5719479961 next=5912854515 tgt=6196947996 f=0.405 u=0 breach=0 end=
CBAP_MIG t=20080000 epoch=4016 flow=8 side=new cur=5719479961 next=5912854515 tgt=6196947996 f=0.405 u=0 breach=0 end=
CBAP_MIG t=20080000 epoch=4016 flow=9 side=new cur=5719479961 next=5912854515 tgt=6196947996 f=0.405 u=0 breach=0 end=
CBAP_MIG t=20080000 epoch=4016 flow=10 side=new cur=5719479961 next=5912854515 tgt=6196947996 f=0.405 u=0 breach=0 end=
CBAP_MIG t=20080000 epoch=4016 flow=11 side=new cur=5719479961 next=5912854515 tgt=6196947996 f=0.405 u=0 breach=0 end=
CBAP_MIG t=20080000 epoch=4016 flow=12 side=new cur=5719479961 next=5912854515 tgt=6196947996 f=0.405 u=0 breach=0 end=
CBAP_MIG t=20080000 epoch=4016 flow=13 side=new cur=5719479961 next=5912854515 tgt=6196947996 f=0.405 u=0 breach=0 end=
CBAP_MIG t=20080000 epoch=4016 flow=14 side=new cur=5719479961 next=5912854515 tgt=6196947996 f=0.405 u=0 breach=0 end=
CBAP_MIG t=20080000 epoch=4016 flow=15 side=new cur=5719479961 next=5912854515 tgt=6196947996 f=0.405 u=0 breach=0 end=
CBAP_MIG t=20080000 epoch=4016 flow=16 side=new cur=5719479961 next=5912854515 tgt=6196947996 f=0.405 u=0 breach=0 end=
CBAP_MIG t=20080000 epoch=4016 flow=17 side=new cur=5719479961 next=5912854515 tgt=6196947996 f=0.405 u=0 breach=0 end=
CBAP_MIG t=20080000 epoch=4016 flow=18 side=new cur=5719479961 next=5912854515 tgt=6196947996 f=0.405 u=0 breach=0 end=
CBAP_MIG t=20080000 epoch=4016 flow=19 side=new cur=5719479961 next=5912854515 tgt=6196947996 f=0.405 u=0 breach=0 end=
CBAP_MIG t=20080000 epoch=4016 flow=20 side=new cur=5719479961 next=5912854515 tgt=6196947996 f=0.405 u=0 breach=0 end=
CBAP_MIG t=20080000 epoch=4016 flow=21 side=new cur=5719479961 next=5912854515 tgt=6196947996 f=0.405 u=0 breach=0 end=
CBAP_MIG t=20080000 epoch=4016 flow=22 side=new cur=5719479961 next=5912854515 tgt=6196947996 f=0.405 u=0 breach=0 end=
CBAP_MIG t=20080000 epoch=4016 flow=23 side=new cur=5719479961 next=5912854515 tgt=6196947996 f=0.405 u=0 breach=0 end=
CBAP_MIG t=20080000 epoch=4016 flow=24 side=new cur=5719479961 next=5912854515 tgt=6196947996 f=0.405 u=0 breach=0 end=
CBAP_MIG t=20080000 epoch=4016 flow=25 side=new cur=5719479961 next=5912854515 tgt=6196947996 f=0.405 u=0 breach=0 end=
CBAP_MIG t=20080000 epoch=4016 flow=26 side=new cur=5719479961 next=5912854515 tgt=6196947996 f=0.405 u=0 breach=0 end=
CBAP_MIG t=20080000 epoch=4016 flow=27 side=new cur=5719479961 next=5912854515 tgt=6196947996 f=0.405 u=0 breach=0 end=
CBAP_MIG t=20080000 epoch=4016 flow=28 side=new cur=5719479961 next=5912854515 tgt=6196947996 f=0.405 u=0 breach=0 end=
CBAP_MIG t=20080000 epoch=4016 flow=29 side=new cur=5719479961 next=5912854515 tgt=6196947996 f=0.405 u=0 breach=0 end=
CBAP_MIG t=20080000 epoch=4016 flow=30 side=new cur=5719479961 next=5912854515 tgt=6196947996 f=0.405 u=0 breach=0 end=
CBAP_MIG t=20080000 epoch=4016 flow=31 side=new cur=5719479961 next=5912854515 tgt=6196947996 f=0.405 u=0 breach=0 end=
CBAP_MIG t=20080000 epoch=4016 flow=32 side=new cur=5719479961 next=5912854515 tgt=6196947996 f=0.405 u=0 breach=0 end=
CBAP_MIG t=20080000 epoch=4016 flow=33 side=new cur=5719479961 next=5912854515 tgt=6196947996 f=0.405 u=0 breach=0 end=
CBAP_MIG t=20080000 epoch=4016 flow=34 side=new cur=5719479961 next=5912854515 tgt=6196947996 f=0.405 u=0 breach=0 end=
CBAP_MIG t=20080000 epoch=4016 flow=35 side=new cur=5719479961 next=5912854515 tgt=6196947996 f=0.405 u=0 breach=0 end=
CBAP_MIG t=20080000 epoch=4016 flow=36 side=new cur=5719479961 next=5912854515 tgt=6196947996 f=0.405 u=0 breach=0 end=
CBAP_MIG t=20080000 epoch=4016 flow=37 side=new cur=5719479961 next=5912854515 tgt=6196947996 f=0.405 u=0 breach=0 end=
CBAP_MIG t=20080000 epoch=4016 flow=38 side=new cur=5719479961 next=5912854515 tgt=6196947996 f=0.405 u=0 breach=0 end=
CBAP_MIG t=20080000 epoch=4016 flow=39 side=new cur=5719479961 next=5912854515 tgt=6196947996 f=0.405 u=0 breach=0 end=
CBAP_MIG t=20080000 epoch=4016 flow=40 side=new cur=5719479961 next=5912854515 tgt=6196947996 f=0.405 u=0 breach=0 end=
CBAP_MIG t=20080000 epoch=4016 flow=41 side=new cur=5719479961 next=5912854515 tgt=6196947996 f=0.405 u=0 breach=0 end=
CBAP_MIG t=20080000 epoch=4016 flow=42 side=new cur=5719479961 next=5912854515 tgt=6196947996 f=0.405 u=0 breach=0 end=
CBAP_MIG t=20080000 epoch=4016 flow=43 side=new cur=5719479961 next=5912854515 tgt=6196947996 f=0.405 u=0 breach=0 end=
CBAP_MIG t=20080000 epoch=4016 flow=44 side=new cur=5719479961 next=5912854515 tgt=6196947996 f=0.405 u=0 breach=0 end=
CBAP_MIG t=20080000 epoch=4016 flow=45 side=new cur=5719479961 next=5912854515 tgt=6196947996 f=0.405 u=0 breach=0 end=
CBAP_MIG t=20080000 epoch=4016 flow=46 side=new cur=5719479961 next=5912854515 tgt=6196947996 f=0.405 u=0 breach=0 end=
CBAP_MIG t=20080000 epoch=4016 flow=47 side=new cur=5719479961 next=5912854515 tgt=6196947996 f=0.405 u=0 breach=0 end=
CBAP_MIG t=20080000 epoch=4016 flow=48 side=new cur=5719479961 next=5912854515 tgt=6196947996 f=0.405 u=0 breach=0 end=
CBAP_MIG t=20080000 epoch=4016 flow=49 side=new cur=5719479961 next=5912854515 tgt=6196947996 f=0.405 u=0 breach=0 end=
CBAP_MIG t=20080000 epoch=4016 flow=50 side=new cur=5719479961 next=5912854515 tgt=6196947996 f=0.405 u=0 breach=0 end=
CBAP_MIG t=20080000 epoch=4016 flow=51 side=new cur=5719479961 next=5912854515 tgt=6196947996 f=0.405 u=0 breach=0 end=
CBAP_MIG t=20080000 epoch=4016 flow=52 side=new cur=5719479961 next=5912854515 tgt=6196947996 f=0.405 u=0 breach=0 end=
CBAP_MIG t=20080000 epoch=4016 flow=53 side=new cur=5719479961 next=5912854515 tgt=6196947996 f=0.405 u=0 breach=0 end=
CBAP_MIG t=20080000 epoch=4016 flow=54 side=new cur=5719479961 next=5912854515 tgt=6196947996 f=0.405 u=0 breach=0 end=
CBAP_MIG t=20080000 epoch=4016 flow=55 side=new cur=5719479961 next=5912854515 tgt=6196947996 f=0.405 u=0 breach=0 end=
CBAP_MIG t=20080000 epoch=4016 flow=56 side=new cur=5719479961 next=5912854515 tgt=6196947996 f=0.405 u=0 breach=0 end=
CBAP_MIG t=20080000 epoch=4016 flow=57 side=new cur=5719479961 next=5912854515 tgt=6196947996 f=0.405 u=0 breach=0 end=
CBAP_MIG t=20080000 epoch=4016 flow=58 side=new cur=5719479961 next=5912854515 tgt=6196947996 f=0.405 u=0 breach=0 end=
CBAP_MIG t=20080000 epoch=4016 flow=59 side=new cur=5719479961 next=5912854515 tgt=6196947996 f=0.405 u=0 breach=0 end=
CBAP_MIG t=20080000 epoch=4016 flow=60 side=new cur=5719479961 next=5912854515 tgt=6196947996 f=0.405 u=0 breach=0 end=
CBAP_MIG t=20080000 epoch=4016 flow=61 side=new cur=5719479961 next=5912854515 tgt=6196947996 f=0.405 u=0 breach=0 end=
CBAP_MIG t=20080000 epoch=4016 flow=62 side=new cur=5719479961 next=5912854515 tgt=6196947996 f=0.405 u=0 breach=0 end=
CBAP_MIG t=20080000 epoch=4016 flow=63 side=new cur=5719479961 next=5912854515 tgt=6196947996 f=0.405 u=0 breach=0 end=
CBAP_MIG t=20080000 epoch=4016 flow=64 side=new cur=5719479961 next=5912854515 tgt=6196947996 f=0.405 u=0 breach=0 end=
CBAP_MIG t=20085000 epoch=4017 flow=0 side=old cur=24967297713 next=18677108399 tgt=4000000000 f=0.3 u=0 breach=0 end=
CBAP_MIG t=20085000 epoch=4017 flow=1 side=new cur=5912854515 next=6027912374 tgt=6196947996 f=0.405 u=0 breach=0 end=
CBAP_MIG t=20085000 epoch=4017 flow=2 side=new cur=5912854515 next=6027912374 tgt=6196947996 f=0.405 u=0 breach=0 end=
CBAP_MIG t=20085000 epoch=4017 flow=3 side=new cur=5912854515 next=6027912374 tgt=6196947996 f=0.405 u=0 breach=0 end=
CBAP_MIG t=20085000 epoch=4017 flow=4 side=new cur=5912854515 next=6027912374 tgt=6196947996 f=0.405 u=0 breach=0 end=
CBAP_MIG t=20085000 epoch=4017 flow=5 side=new cur=5912854515 next=6027912374 tgt=6196947996 f=0.405 u=0 breach=0 end=
CBAP_MIG t=20085000 epoch=4017 flow=6 side=new cur=5912854515 next=6027912374 tgt=6196947996 f=0.405 u=0 breach=0 end=
CBAP_MIG t=20085000 epoch=4017 flow=7 side=new cur=5912854515 next=6027912374 tgt=6196947996 f=0.405 u=0 breach=0 end=
CBAP_MIG t=20085000 epoch=4017 flow=8 side=new cur=5912854515 next=6027912374 tgt=6196947996 f=0.405 u=0 breach=0 end=
CBAP_MIG t=20085000 epoch=4017 flow=9 side=new cur=5912854515 next=6027912374 tgt=6196947996 f=0.405 u=0 breach=0 end=
CBAP_MIG t=20085000 epoch=4017 flow=10 side=new cur=5912854515 next=6027912374 tgt=6196947996 f=0.405 u=0 breach=0 end=
CBAP_MIG t=20085000 epoch=4017 flow=11 side=new cur=5912854515 next=6027912374 tgt=6196947996 f=0.405 u=0 breach=0 end=
CBAP_MIG t=20085000 epoch=4017 flow=12 side=new cur=5912854515 next=6027912374 tgt=6196947996 f=0.405 u=0 breach=0 end=
CBAP_MIG t=20085000 epoch=4017 flow=13 side=new cur=5912854515 next=6027912374 tgt=6196947996 f=0.405 u=0 breach=0 end=
CBAP_MIG t=20085000 epoch=4017 flow=14 side=new cur=5912854515 next=6027912374 tgt=6196947996 f=0.405 u=0 breach=0 end=
CBAP_MIG t=20085000 epoch=4017 flow=15 side=new cur=5912854515 next=6027912374 tgt=6196947996 f=0.405 u=0 breach=0 end=
CBAP_MIG t=20085000 epoch=4017 flow=16 side=new cur=5912854515 next=6027912374 tgt=6196947996 f=0.405 u=0 breach=0 end=
CBAP_MIG t=20085000 epoch=4017 flow=17 side=new cur=5912854515 next=6027912374 tgt=6196947996 f=0.405 u=0 breach=0 end=
CBAP_MIG t=20085000 epoch=4017 flow=18 side=new cur=5912854515 next=6027912374 tgt=6196947996 f=0.405 u=0 breach=0 end=
CBAP_MIG t=20085000 epoch=4017 flow=19 side=new cur=5912854515 next=6027912374 tgt=6196947996 f=0.405 u=0 breach=0 end=
CBAP_MIG t=20085000 epoch=4017 flow=20 side=new cur=5912854515 next=6027912374 tgt=6196947996 f=0.405 u=0 breach=0 end=
CBAP_MIG t=20085000 epoch=4017 flow=21 side=new cur=5912854515 next=6027912374 tgt=6196947996 f=0.405 u=0 breach=0 end=
CBAP_MIG t=20085000 epoch=4017 flow=22 side=new cur=5912854515 next=6027912374 tgt=6196947996 f=0.405 u=0 breach=0 end=
CBAP_MIG t=20085000 epoch=4017 flow=23 side=new cur=5912854515 next=6027912374 tgt=6196947996 f=0.405 u=0 breach=0 end=
CBAP_MIG t=20085000 epoch=4017 flow=24 side=new cur=5912854515 next=6027912374 tgt=6196947996 f=0.405 u=0 breach=0 end=
CBAP_MIG t=20085000 epoch=4017 flow=25 side=new cur=5912854515 next=6027912374 tgt=6196947996 f=0.405 u=0 breach=0 end=
CBAP_MIG t=20085000 epoch=4017 flow=26 side=new cur=5912854515 next=6027912374 tgt=6196947996 f=0.405 u=0 breach=0 end=
CBAP_MIG t=20085000 epoch=4017 flow=27 side=new cur=5912854515 next=6027912374 tgt=6196947996 f=0.405 u=0 breach=0 end=
CBAP_MIG t=20085000 epoch=4017 flow=28 side=new cur=5912854515 next=6027912374 tgt=6196947996 f=0.405 u=0 breach=0 end=
CBAP_MIG t=20085000 epoch=4017 flow=29 side=new cur=5912854515 next=6027912374 tgt=6196947996 f=0.405 u=0 breach=0 end=
CBAP_MIG t=20085000 epoch=4017 flow=30 side=new cur=5912854515 next=6027912374 tgt=6196947996 f=0.405 u=0 breach=0 end=
CBAP_MIG t=20085000 epoch=4017 flow=31 side=new cur=5912854515 next=6027912374 tgt=6196947996 f=0.405 u=0 breach=0 end=
CBAP_MIG t=20085000 epoch=4017 flow=32 side=new cur=5912854515 next=6027912374 tgt=6196947996 f=0.405 u=0 breach=0 end=
CBAP_MIG t=20085000 epoch=4017 flow=33 side=new cur=5912854515 next=6027912374 tgt=6196947996 f=0.405 u=0 breach=0 end=
CBAP_MIG t=20085000 epoch=4017 flow=34 side=new cur=5912854515 next=6027912374 tgt=6196947996 f=0.405 u=0 breach=0 end=
CBAP_MIG t=20085000 epoch=4017 flow=35 side=new cur=5912854515 next=6027912374 tgt=6196947996 f=0.405 u=0 breach=0 end=
CBAP_MIG t=20085000 epoch=4017 flow=36 side=new cur=5912854515 next=6027912374 tgt=6196947996 f=0.405 u=0 breach=0 end=
CBAP_MIG t=20085000 epoch=4017 flow=37 side=new cur=5912854515 next=6027912374 tgt=6196947996 f=0.405 u=0 breach=0 end=
CBAP_MIG t=20085000 epoch=4017 flow=38 side=new cur=5912854515 next=6027912374 tgt=6196947996 f=0.405 u=0 breach=0 end=
CBAP_MIG t=20085000 epoch=4017 flow=39 side=new cur=5912854515 next=6027912374 tgt=6196947996 f=0.405 u=0 breach=0 end=
CBAP_MIG t=20085000 epoch=4017 flow=40 side=new cur=5912854515 next=6027912374 tgt=6196947996 f=0.405 u=0 breach=0 end=
CBAP_MIG t=20085000 epoch=4017 flow=41 side=new cur=5912854515 next=6027912374 tgt=6196947996 f=0.405 u=0 breach=0 end=
CBAP_MIG t=20085000 epoch=4017 flow=42 side=new cur=5912854515 next=6027912374 tgt=6196947996 f=0.405 u=0 breach=0 end=
CBAP_MIG t=20085000 epoch=4017 flow=43 side=new cur=5912854515 next=6027912374 tgt=6196947996 f=0.405 u=0 breach=0 end=
CBAP_MIG t=20085000 epoch=4017 flow=44 side=new cur=5912854515 next=6027912374 tgt=6196947996 f=0.405 u=0 breach=0 end=
CBAP_MIG t=20085000 epoch=4017 flow=45 side=new cur=5912854515 next=6027912374 tgt=6196947996 f=0.405 u=0 breach=0 end=
CBAP_MIG t=20085000 epoch=4017 flow=46 side=new cur=5912854515 next=6027912374 tgt=6196947996 f=0.405 u=0 breach=0 end=
CBAP_MIG t=20085000 epoch=4017 flow=47 side=new cur=5912854515 next=6027912374 tgt=6196947996 f=0.405 u=0 breach=0 end=
CBAP_MIG t=20085000 epoch=4017 flow=48 side=new cur=5912854515 next=6027912374 tgt=6196947996 f=0.405 u=0 breach=0 end=
CBAP_MIG t=20085000 epoch=4017 flow=49 side=new cur=5912854515 next=6027912374 tgt=6196947996 f=0.405 u=0 breach=0 end=
CBAP_MIG t=20085000 epoch=4017 flow=50 side=new cur=5912854515 next=6027912374 tgt=6196947996 f=0.405 u=0 breach=0 end=
CBAP_MIG t=20085000 epoch=4017 flow=51 side=new cur=5912854515 next=6027912374 tgt=6196947996 f=0.405 u=0 breach=0 end=
CBAP_MIG t=20085000 epoch=4017 flow=52 side=new cur=5912854515 next=6027912374 tgt=6196947996 f=0.405 u=0 breach=0 end=
CBAP_MIG t=20085000 epoch=4017 flow=53 side=new cur=5912854515 next=6027912374 tgt=6196947996 f=0.405 u=0 breach=0 end=
CBAP_MIG t=20085000 epoch=4017 flow=54 side=new cur=5912854515 next=6027912374 tgt=6196947996 f=0.405 u=0 breach=0 end=
CBAP_MIG t=20085000 epoch=4017 flow=55 side=new cur=5912854515 next=6027912374 tgt=6196947996 f=0.405 u=0 breach=0 end=
CBAP_MIG t=20085000 epoch=4017 flow=56 side=new cur=5912854515 next=6027912374 tgt=6196947996 f=0.405 u=0 breach=0 end=
CBAP_MIG t=20085000 epoch=4017 flow=57 side=new cur=5912854515 next=6027912374 tgt=6196947996 f=0.405 u=0 breach=0 end=
CBAP_MIG t=20085000 epoch=4017 flow=58 side=new cur=5912854515 next=6027912374 tgt=6196947996 f=0.405 u=0 breach=0 end=
CBAP_MIG t=20085000 epoch=4017 flow=59 side=new cur=5912854515 next=6027912374 tgt=6196947996 f=0.405 u=0 breach=0 end=
CBAP_MIG t=20085000 epoch=4017 flow=60 side=new cur=5912854515 next=6027912374 tgt=6196947996 f=0.405 u=0 breach=0 end=
CBAP_MIG t=20085000 epoch=4017 flow=61 side=new cur=5912854515 next=6027912374 tgt=6196947996 f=0.405 u=0 breach=0 end=
CBAP_MIG t=20085000 epoch=4017 flow=62 side=new cur=5912854515 next=6027912374 tgt=6196947996 f=0.405 u=0 breach=0 end=
CBAP_MIG t=20085000 epoch=4017 flow=63 side=new cur=5912854515 next=6027912374 tgt=6196947996 f=0.405 u=0 breach=0 end=
CBAP_MIG t=20085000 epoch=4017 flow=64 side=new cur=5912854515 next=6027912374 tgt=6196947996 f=0.405 u=0 breach=0 end=
CBAP_MIG t=20090000 epoch=4018 flow=0 side=old cur=18677108399 next=14273975879 tgt=4000000000 f=0.3 u=0 breach=0 end=
CBAP_MIG t=20090000 epoch=4018 flow=1 side=new cur=6027912374 next=6096371800 tgt=6196947996 f=0.405 u=0 breach=0 end=
CBAP_MIG t=20090000 epoch=4018 flow=2 side=new cur=6027912374 next=6096371800 tgt=6196947996 f=0.405 u=0 breach=0 end=
CBAP_MIG t=20090000 epoch=4018 flow=3 side=new cur=6027912374 next=6096371800 tgt=6196947996 f=0.405 u=0 breach=0 end=
CBAP_MIG t=20090000 epoch=4018 flow=4 side=new cur=6027912374 next=6096371800 tgt=6196947996 f=0.405 u=0 breach=0 end=
CBAP_MIG t=20090000 epoch=4018 flow=5 side=new cur=6027912374 next=6096371800 tgt=6196947996 f=0.405 u=0 breach=0 end=
CBAP_MIG t=20090000 epoch=4018 flow=6 side=new cur=6027912374 next=6096371800 tgt=6196947996 f=0.405 u=0 breach=0 end=
CBAP_MIG t=20090000 epoch=4018 flow=7 side=new cur=6027912374 next=6096371800 tgt=6196947996 f=0.405 u=0 breach=0 end=
CBAP_MIG t=20090000 epoch=4018 flow=8 side=new cur=6027912374 next=6096371800 tgt=6196947996 f=0.405 u=0 breach=0 end=
CBAP_MIG t=20090000 epoch=4018 flow=9 side=new cur=6027912374 next=6096371800 tgt=6196947996 f=0.405 u=0 breach=0 end=
CBAP_MIG t=20090000 epoch=4018 flow=10 side=new cur=6027912374 next=6096371800 tgt=6196947996 f=0.405 u=0 breach=0 end=
CBAP_MIG t=20090000 epoch=4018 flow=11 side=new cur=6027912374 next=6096371800 tgt=6196947996 f=0.405 u=0 breach=0 end=
CBAP_MIG t=20090000 epoch=4018 flow=12 side=new cur=6027912374 next=6096371800 tgt=6196947996 f=0.405 u=0 breach=0 end=
CBAP_MIG t=20090000 epoch=4018 flow=13 side=new cur=6027912374 next=6096371800 tgt=6196947996 f=0.405 u=0 breach=0 end=
CBAP_MIG t=20090000 epoch=4018 flow=14 side=new cur=6027912374 next=6096371800 tgt=6196947996 f=0.405 u=0 breach=0 end=
CBAP_MIG t=20090000 epoch=4018 flow=15 side=new cur=6027912374 next=6096371800 tgt=6196947996 f=0.405 u=0 breach=0 end=
CBAP_MIG t=20090000 epoch=4018 flow=16 side=new cur=6027912374 next=6096371800 tgt=6196947996 f=0.405 u=0 breach=0 end=
CBAP_MIG t=20090000 epoch=4018 flow=17 side=new cur=6027912374 next=6096371800 tgt=6196947996 f=0.405 u=0 breach=0 end=
CBAP_MIG t=20090000 epoch=4018 flow=18 side=new cur=6027912374 next=6096371800 tgt=6196947996 f=0.405 u=0 breach=0 end=
CBAP_MIG t=20090000 epoch=4018 flow=19 side=new cur=6027912374 next=6096371800 tgt=6196947996 f=0.405 u=0 breach=0 end=
CBAP_MIG t=20090000 epoch=4018 flow=20 side=new cur=6027912374 next=6096371800 tgt=6196947996 f=0.405 u=0 breach=0 end=
CBAP_MIG t=20090000 epoch=4018 flow=21 side=new cur=6027912374 next=6096371800 tgt=6196947996 f=0.405 u=0 breach=0 end=
CBAP_MIG t=20090000 epoch=4018 flow=22 side=new cur=6027912374 next=6096371800 tgt=6196947996 f=0.405 u=0 breach=0 end=
CBAP_MIG t=20090000 epoch=4018 flow=23 side=new cur=6027912374 next=6096371800 tgt=6196947996 f=0.405 u=0 breach=0 end=
CBAP_MIG t=20090000 epoch=4018 flow=24 side=new cur=6027912374 next=6096371800 tgt=6196947996 f=0.405 u=0 breach=0 end=
CBAP_MIG t=20090000 epoch=4018 flow=25 side=new cur=6027912374 next=6096371800 tgt=6196947996 f=0.405 u=0 breach=0 end=
CBAP_MIG t=20090000 epoch=4018 flow=26 side=new cur=6027912374 next=6096371800 tgt=6196947996 f=0.405 u=0 breach=0 end=
CBAP_MIG t=20090000 epoch=4018 flow=27 side=new cur=6027912374 next=6096371800 tgt=6196947996 f=0.405 u=0 breach=0 end=
CBAP_MIG t=20090000 epoch=4018 flow=28 side=new cur=6027912374 next=6096371800 tgt=6196947996 f=0.405 u=0 breach=0 end=
CBAP_MIG t=20090000 epoch=4018 flow=29 side=new cur=6027912374 next=6096371800 tgt=6196947996 f=0.405 u=0 breach=0 end=
CBAP_MIG t=20090000 epoch=4018 flow=30 side=new cur=6027912374 next=6096371800 tgt=6196947996 f=0.405 u=0 breach=0 end=
CBAP_MIG t=20090000 epoch=4018 flow=31 side=new cur=6027912374 next=6096371800 tgt=6196947996 f=0.405 u=0 breach=0 end=
CBAP_MIG t=20090000 epoch=4018 flow=32 side=new cur=6027912374 next=6096371800 tgt=6196947996 f=0.405 u=0 breach=0 end=
CBAP_MIG t=20090000 epoch=4018 flow=33 side=new cur=6027912374 next=6096371800 tgt=6196947996 f=0.405 u=0 breach=0 end=
CBAP_MIG t=20090000 epoch=4018 flow=34 side=new cur=6027912374 next=6096371800 tgt=6196947996 f=0.405 u=0 breach=0 end=
CBAP_MIG t=20090000 epoch=4018 flow=35 side=new cur=6027912374 next=6096371800 tgt=6196947996 f=0.405 u=0 breach=0 end=
CBAP_MIG t=20090000 epoch=4018 flow=36 side=new cur=6027912374 next=6096371800 tgt=6196947996 f=0.405 u=0 breach=0 end=
CBAP_MIG t=20090000 epoch=4018 flow=37 side=new cur=6027912374 next=6096371800 tgt=6196947996 f=0.405 u=0 breach=0 end=
CBAP_MIG t=20090000 epoch=4018 flow=38 side=new cur=6027912374 next=6096371800 tgt=6196947996 f=0.405 u=0 breach=0 end=
CBAP_MIG t=20090000 epoch=4018 flow=39 side=new cur=6027912374 next=6096371800 tgt=6196947996 f=0.405 u=0 breach=0 end=
CBAP_MIG t=20090000 epoch=4018 flow=40 side=new cur=6027912374 next=6096371800 tgt=6196947996 f=0.405 u=0 breach=0 end=
CBAP_MIG t=20090000 epoch=4018 flow=41 side=new cur=6027912374 next=6096371800 tgt=6196947996 f=0.405 u=0 breach=0 end=
CBAP_MIG t=20090000 epoch=4018 flow=42 side=new cur=6027912374 next=6096371800 tgt=6196947996 f=0.405 u=0 breach=0 end=
CBAP_MIG t=20090000 epoch=4018 flow=43 side=new cur=6027912374 next=6096371800 tgt=6196947996 f=0.405 u=0 breach=0 end=
CBAP_MIG t=20090000 epoch=4018 flow=44 side=new cur=6027912374 next=6096371800 tgt=6196947996 f=0.405 u=0 breach=0 end=
CBAP_MIG t=20090000 epoch=4018 flow=45 side=new cur=6027912374 next=6096371800 tgt=6196947996 f=0.405 u=0 breach=0 end=
CBAP_MIG t=20090000 epoch=4018 flow=46 side=new cur=6027912374 next=6096371800 tgt=6196947996 f=0.405 u=0 breach=0 end=
CBAP_MIG t=20090000 epoch=4018 flow=47 side=new cur=6027912374 next=6096371800 tgt=6196947996 f=0.405 u=0 breach=0 end=
CBAP_MIG t=20090000 epoch=4018 flow=48 side=new cur=6027912374 next=6096371800 tgt=6196947996 f=0.405 u=0 breach=0 end=
CBAP_MIG t=20090000 epoch=4018 flow=49 side=new cur=6027912374 next=6096371800 tgt=6196947996 f=0.405 u=0 breach=0 end=
CBAP_MIG t=20090000 epoch=4018 flow=50 side=new cur=6027912374 next=6096371800 tgt=6196947996 f=0.405 u=0 breach=0 end=
CBAP_MIG t=20090000 epoch=4018 flow=51 side=new cur=6027912374 next=6096371800 tgt=6196947996 f=0.405 u=0 breach=0 end=
CBAP_MIG t=20090000 epoch=4018 flow=52 side=new cur=6027912374 next=6096371800 tgt=6196947996 f=0.405 u=0 breach=0 end=
CBAP_MIG t=20090000 epoch=4018 flow=53 side=new cur=6027912374 next=6096371800 tgt=6196947996 f=0.405 u=0 breach=0 end=
CBAP_MIG t=20090000 epoch=4018 flow=54 side=new cur=6027912374 next=6096371800 tgt=6196947996 f=0.405 u=0 breach=0 end=
CBAP_MIG t=20090000 epoch=4018 flow=55 side=new cur=6027912374 next=6096371800 tgt=6196947996 f=0.405 u=0 breach=0 end=
CBAP_MIG t=20090000 epoch=4018 flow=56 side=new cur=6027912374 next=6096371800 tgt=6196947996 f=0.405 u=0 breach=0 end=
CBAP_MIG t=20090000 epoch=4018 flow=57 side=new cur=6027912374 next=6096371800 tgt=6196947996 f=0.405 u=0 breach=0 end=
CBAP_MIG t=20090000 epoch=4018 flow=58 side=new cur=6027912374 next=6096371800 tgt=6196947996 f=0.405 u=0 breach=0 end=
CBAP_MIG t=20090000 epoch=4018 flow=59 side=new cur=6027912374 next=6096371800 tgt=6196947996 f=0.405 u=0 breach=0 end=
CBAP_MIG t=20090000 epoch=4018 flow=60 side=new cur=6027912374 next=6096371800 tgt=6196947996 f=0.405 u=0 breach=0 end=
CBAP_MIG t=20090000 epoch=4018 flow=61 side=new cur=6027912374 next=6096371800 tgt=6196947996 f=0.405 u=0 breach=0 end=
CBAP_MIG t=20090000 epoch=4018 flow=62 side=new cur=6027912374 next=6096371800 tgt=6196947996 f=0.405 u=0 breach=0 end=
CBAP_MIG t=20090000 epoch=4018 flow=63 side=new cur=6027912374 next=6096371800 tgt=6196947996 f=0.405 u=0 breach=0 end=
CBAP_MIG t=20090000 epoch=4018 flow=64 side=new cur=6027912374 next=6096371800 tgt=6196947996 f=0.405 u=0 breach=0 end=
CBAP_MIG t=20095000 epoch=4019 flow=0 side=old cur=14273975879 next=11191783115 tgt=4000000000 f=0.3 u=0 breach=0 end=
CBAP_MIG t=20095000 epoch=4019 flow=1 side=new cur=6096371800 next=6137105159 tgt=6196947996 f=0.405 u=0 breach=0 end=converged
CBAP_MIG t=20095000 epoch=4019 flow=2 side=new cur=6096371800 next=6137105159 tgt=6196947996 f=0.405 u=0 breach=0 end=converged
CBAP_MIG t=20095000 epoch=4019 flow=3 side=new cur=6096371800 next=6137105159 tgt=6196947996 f=0.405 u=0 breach=0 end=converged
CBAP_MIG t=20095000 epoch=4019 flow=4 side=new cur=6096371800 next=6137105159 tgt=6196947996 f=0.405 u=0 breach=0 end=converged
CBAP_MIG t=20095000 epoch=4019 flow=5 side=new cur=6096371800 next=6137105159 tgt=6196947996 f=0.405 u=0 breach=0 end=converged
CBAP_MIG t=20095000 epoch=4019 flow=6 side=new cur=6096371800 next=6137105159 tgt=6196947996 f=0.405 u=0 breach=0 end=converged
CBAP_MIG t=20095000 epoch=4019 flow=7 side=new cur=6096371800 next=6137105159 tgt=6196947996 f=0.405 u=0 breach=0 end=converged
CBAP_MIG t=20095000 epoch=4019 flow=8 side=new cur=6096371800 next=6137105159 tgt=6196947996 f=0.405 u=0 breach=0 end=converged
CBAP_MIG t=20095000 epoch=4019 flow=9 side=new cur=6096371800 next=6137105159 tgt=6196947996 f=0.405 u=0 breach=0 end=converged
CBAP_MIG t=20095000 epoch=4019 flow=10 side=new cur=6096371800 next=6137105159 tgt=6196947996 f=0.405 u=0 breach=0 end=converged
CBAP_MIG t=20095000 epoch=4019 flow=11 side=new cur=6096371800 next=6137105159 tgt=6196947996 f=0.405 u=0 breach=0 end=converged
CBAP_MIG t=20095000 epoch=4019 flow=12 side=new cur=6096371800 next=6137105159 tgt=6196947996 f=0.405 u=0 breach=0 end=converged
CBAP_MIG t=20095000 epoch=4019 flow=13 side=new cur=6096371800 next=6137105159 tgt=6196947996 f=0.405 u=0 breach=0 end=converged
CBAP_MIG t=20095000 epoch=4019 flow=14 side=new cur=6096371800 next=6137105159 tgt=6196947996 f=0.405 u=0 breach=0 end=converged
CBAP_MIG t=20095000 epoch=4019 flow=15 side=new cur=6096371800 next=6137105159 tgt=6196947996 f=0.405 u=0 breach=0 end=converged
CBAP_MIG t=20095000 epoch=4019 flow=16 side=new cur=6096371800 next=6137105159 tgt=6196947996 f=0.405 u=0 breach=0 end=converged
CBAP_MIG t=20095000 epoch=4019 flow=17 side=new cur=6096371800 next=6137105159 tgt=6196947996 f=0.405 u=0 breach=0 end=converged
CBAP_MIG t=20095000 epoch=4019 flow=18 side=new cur=6096371800 next=6137105159 tgt=6196947996 f=0.405 u=0 breach=0 end=converged
CBAP_MIG t=20095000 epoch=4019 flow=19 side=new cur=6096371800 next=6137105159 tgt=6196947996 f=0.405 u=0 breach=0 end=converged
CBAP_MIG t=20095000 epoch=4019 flow=20 side=new cur=6096371800 next=6137105159 tgt=6196947996 f=0.405 u=0 breach=0 end=converged
CBAP_MIG t=20095000 epoch=4019 flow=21 side=new cur=6096371800 next=6137105159 tgt=6196947996 f=0.405 u=0 breach=0 end=converged
CBAP_MIG t=20095000 epoch=4019 flow=22 side=new cur=6096371800 next=6137105159 tgt=6196947996 f=0.405 u=0 breach=0 end=converged
CBAP_MIG t=20095000 epoch=4019 flow=23 side=new cur=6096371800 next=6137105159 tgt=6196947996 f=0.405 u=0 breach=0 end=converged
CBAP_MIG t=20095000 epoch=4019 flow=24 side=new cur=6096371800 next=6137105159 tgt=6196947996 f=0.405 u=0 breach=0 end=converged
CBAP_MIG t=20095000 epoch=4019 flow=25 side=new cur=6096371800 next=6137105159 tgt=6196947996 f=0.405 u=0 breach=0 end=converged
CBAP_MIG t=20095000 epoch=4019 flow=26 side=new cur=6096371800 next=6137105159 tgt=6196947996 f=0.405 u=0 breach=0 end=converged
CBAP_MIG t=20095000 epoch=4019 flow=27 side=new cur=6096371800 next=6137105159 tgt=6196947996 f=0.405 u=0 breach=0 end=converged
CBAP_MIG t=20095000 epoch=4019 flow=28 side=new cur=6096371800 next=6137105159 tgt=6196947996 f=0.405 u=0 breach=0 end=converged
CBAP_MIG t=20095000 epoch=4019 flow=29 side=new cur=6096371800 next=6137105159 tgt=6196947996 f=0.405 u=0 breach=0 end=converged
CBAP_MIG t=20095000 epoch=4019 flow=30 side=new cur=6096371800 next=6137105159 tgt=6196947996 f=0.405 u=0 breach=0 end=converged
CBAP_MIG t=20095000 epoch=4019 flow=31 side=new cur=6096371800 next=6137105159 tgt=6196947996 f=0.405 u=0 breach=0 end=converged
CBAP_MIG t=20095000 epoch=4019 flow=32 side=new cur=6096371800 next=6137105159 tgt=6196947996 f=0.405 u=0 breach=0 end=converged
CBAP_MIG t=20095000 epoch=4019 flow=33 side=new cur=6096371800 next=6137105159 tgt=6196947996 f=0.405 u=0 breach=0 end=converged
CBAP_MIG t=20095000 epoch=4019 flow=34 side=new cur=6096371800 next=6137105159 tgt=6196947996 f=0.405 u=0 breach=0 end=converged
CBAP_MIG t=20095000 epoch=4019 flow=35 side=new cur=6096371800 next=6137105159 tgt=6196947996 f=0.405 u=0 breach=0 end=converged
CBAP_MIG t=20095000 epoch=4019 flow=36 side=new cur=6096371800 next=6137105159 tgt=6196947996 f=0.405 u=0 breach=0 end=converged
CBAP_MIG t=20095000 epoch=4019 flow=37 side=new cur=6096371800 next=6137105159 tgt=6196947996 f=0.405 u=0 breach=0 end=converged
CBAP_MIG t=20095000 epoch=4019 flow=38 side=new cur=6096371800 next=6137105159 tgt=6196947996 f=0.405 u=0 breach=0 end=converged
CBAP_MIG t=20095000 epoch=4019 flow=39 side=new cur=6096371800 next=6137105159 tgt=6196947996 f=0.405 u=0 breach=0 end=converged
CBAP_MIG t=20095000 epoch=4019 flow=40 side=new cur=6096371800 next=6137105159 tgt=6196947996 f=0.405 u=0 breach=0 end=converged
CBAP_MIG t=20095000 epoch=4019 flow=41 side=new cur=6096371800 next=6137105159 tgt=6196947996 f=0.405 u=0 breach=0 end=converged
CBAP_MIG t=20095000 epoch=4019 flow=42 side=new cur=6096371800 next=6137105159 tgt=6196947996 f=0.405 u=0 breach=0 end=converged
CBAP_MIG t=20095000 epoch=4019 flow=43 side=new cur=6096371800 next=6137105159 tgt=6196947996 f=0.405 u=0 breach=0 end=converged
CBAP_MIG t=20095000 epoch=4019 flow=44 side=new cur=6096371800 next=6137105159 tgt=6196947996 f=0.405 u=0 breach=0 end=converged
CBAP_MIG t=20095000 epoch=4019 flow=45 side=new cur=6096371800 next=6137105159 tgt=6196947996 f=0.405 u=0 breach=0 end=converged
CBAP_MIG t=20095000 epoch=4019 flow=46 side=new cur=6096371800 next=6137105159 tgt=6196947996 f=0.405 u=0 breach=0 end=converged
CBAP_MIG t=20095000 epoch=4019 flow=47 side=new cur=6096371800 next=6137105159 tgt=6196947996 f=0.405 u=0 breach=0 end=converged
CBAP_MIG t=20095000 epoch=4019 flow=48 side=new cur=6096371800 next=6137105159 tgt=6196947996 f=0.405 u=0 breach=0 end=converged
CBAP_MIG t=20095000 epoch=4019 flow=49 side=new cur=6096371800 next=6137105159 tgt=6196947996 f=0.405 u=0 breach=0 end=converged
CBAP_MIG t=20095000 epoch=4019 flow=50 side=new cur=6096371800 next=6137105159 tgt=6196947996 f=0.405 u=0 breach=0 end=converged
CBAP_MIG t=20095000 epoch=4019 flow=51 side=new cur=6096371800 next=6137105159 tgt=6196947996 f=0.405 u=0 breach=0 end=converged
CBAP_MIG t=20095000 epoch=4019 flow=52 side=new cur=6096371800 next=6137105159 tgt=6196947996 f=0.405 u=0 breach=0 end=converged
CBAP_MIG t=20095000 epoch=4019 flow=53 side=new cur=6096371800 next=6137105159 tgt=6196947996 f=0.405 u=0 breach=0 end=converged
CBAP_MIG t=20095000 epoch=4019 flow=54 side=new cur=6096371800 next=6137105159 tgt=6196947996 f=0.405 u=0 breach=0 end=converged
CBAP_MIG t=20095000 epoch=4019 flow=55 side=new cur=6096371800 next=6137105159 tgt=6196947996 f=0.405 u=0 breach=0 end=converged
CBAP_MIG t=20095000 epoch=4019 flow=56 side=new cur=6096371800 next=6137105159 tgt=6196947996 f=0.405 u=0 breach=0 end=converged
CBAP_MIG t=20095000 epoch=4019 flow=57 side=new cur=6096371800 next=6137105159 tgt=6196947996 f=0.405 u=0 breach=0 end=converged
CBAP_MIG t=20095000 epoch=4019 flow=58 side=new cur=6096371800 next=6137105159 tgt=6196947996 f=0.405 u=0 breach=0 end=converged
CBAP_MIG t=20095000 epoch=4019 flow=59 side=new cur=6096371800 next=6137105159 tgt=6196947996 f=0.405 u=0 breach=0 end=converged
CBAP_MIG t=20095000 epoch=4019 flow=60 side=new cur=6096371800 next=6137105159 tgt=6196947996 f=0.405 u=0 breach=0 end=converged
CBAP_MIG t=20095000 epoch=4019 flow=61 side=new cur=6096371800 next=6137105159 tgt=6196947996 f=0.405 u=0 breach=0 end=converged
CBAP_MIG t=20095000 epoch=4019 flow=62 side=new cur=6096371800 next=6137105159 tgt=6196947996 f=0.405 u=0 breach=0 end=converged
CBAP_MIG t=20095000 epoch=4019 flow=63 side=new cur=6096371800 next=6137105159 tgt=6196947996 f=0.405 u=0 breach=0 end=converged
CBAP_MIG t=20095000 epoch=4019 flow=64 side=new cur=6096371800 next=6137105159 tgt=6196947996 f=0.405 u=0 breach=0 end=converged
CBAP_MIG t=20100000 epoch=4020 flow=0 side=old cur=11191783115 next=9034248180 tgt=4000000000 f=0.3 u=0 breach=0 end=
CBAP_MIG t=20105000 epoch=4021 flow=0 side=old cur=9034248180 next=7523973726 tgt=4000000000 f=0.3 u=0 breach=0 end=
CBAP_MIG t=20110000 epoch=4022 flow=0 side=old cur=7523973726 next=6466781608 tgt=4000000000 f=0.3 u=0 breach=0 end=
CBAP_MIG t=20115000 epoch=4023 flow=0 side=old cur=6466781608 next=5726747125 tgt=4000000000 f=0.3 u=0 breach=0 end=
CBAP_MIG t=20120000 epoch=4024 flow=0 side=old cur=5726747125 next=5208722987 tgt=4000000000 f=0.3 u=0 breach=0 end=
CBAP_MIG t=20125000 epoch=4025 flow=0 side=old cur=5208722987 next=4846106090 tgt=4000000000 f=0.3 u=0 breach=0 end=
CBAP_MIG t=20130000 epoch=4026 flow=0 side=old cur=4846106090 next=4592274263 tgt=4000000000 f=0.3 u=0 breach=0 end=
CBAP_MIG t=20135000 epoch=4027 flow=0 side=old cur=4592274263 next=4414591984 tgt=4000000000 f=0.3 u=0 breach=0 end=
CBAP_MIG t=20140000 epoch=4028 flow=0 side=old cur=4414591984 next=4290214388 tgt=4000000000 f=0.3 u=0 breach=0 end=
CBAP_MIG t=20145000 epoch=4029 flow=0 side=old cur=4290214388 next=4203150071 tgt=4000000000 f=0.3 u=0 breach=0 end=deadline_retargeted
CBAP_MIG_REPLAN t=20150000 reason=deadline_lapsed flow=1 batch=1 newest_batch=1 cur=6184325780 target=6243432578 ceiling=400000000000 old_side_present=1
CBAP_MIG_REPLAN t=20150000 reason=deadline_lapsed flow=2 batch=1 newest_batch=1 cur=6184325780 target=6243432578 ceiling=400000000000 old_side_present=1
CBAP_MIG_REPLAN t=20150000 reason=deadline_lapsed flow=3 batch=1 newest_batch=1 cur=6184325780 target=6243432578 ceiling=400000000000 old_side_present=1
CBAP_MIG_REPLAN t=20150000 reason=deadline_lapsed flow=4 batch=1 newest_batch=1 cur=6184325780 target=6243432578 ceiling=400000000000 old_side_present=1
CBAP_MIG_REPLAN t=20150000 reason=deadline_lapsed flow=5 batch=1 newest_batch=1 cur=6184325780 target=6243432578 ceiling=400000000000 old_side_present=1
CBAP_MIG_REPLAN t=20150000 reason=deadline_lapsed flow=6 batch=1 newest_batch=1 cur=6184325780 target=6243432578 ceiling=400000000000 old_side_present=1
CBAP_MIG_REPLAN t=20150000 reason=deadline_lapsed flow=7 batch=1 newest_batch=1 cur=6184325780 target=6243432578 ceiling=400000000000 old_side_present=1
CBAP_MIG_REPLAN t=20150000 reason=deadline_lapsed flow=8 batch=1 newest_batch=1 cur=6184325780 target=6243432578 ceiling=400000000000 old_side_present=1
CBAP_MIG_REPLAN t=20150000 reason=deadline_lapsed flow=9 batch=1 newest_batch=1 cur=6184325780 target=6243432578 ceiling=400000000000 old_side_present=1
CBAP_MIG_REPLAN t=20150000 reason=deadline_lapsed flow=10 batch=1 newest_batch=1 cur=6184325780 target=6243432578 ceiling=400000000000 old_side_present=1
CBAP_MIG_REPLAN t=20150000 reason=deadline_lapsed flow=11 batch=1 newest_batch=1 cur=6184325780 target=6243432578 ceiling=400000000000 old_side_present=1
CBAP_MIG_REPLAN t=20150000 reason=deadline_lapsed flow=12 batch=1 newest_batch=1 cur=6184325780 target=6243432578 ceiling=400000000000 old_side_present=1
CBAP_MIG_REPLAN t=20150000 reason=deadline_lapsed flow=13 batch=1 newest_batch=1 cur=6184325780 target=6243432578 ceiling=400000000000 old_side_present=1
CBAP_MIG_REPLAN t=20150000 reason=deadline_lapsed flow=14 batch=1 newest_batch=1 cur=6184325780 target=6243432578 ceiling=400000000000 old_side_present=1
CBAP_MIG_REPLAN t=20150000 reason=deadline_lapsed flow=15 batch=1 newest_batch=1 cur=6184325780 target=6243432578 ceiling=400000000000 old_side_present=1
CBAP_MIG_REPLAN t=20150000 reason=deadline_lapsed flow=16 batch=1 newest_batch=1 cur=6184325780 target=6243432578 ceiling=400000000000 old_side_present=1
CBAP_MIG_REPLAN t=20150000 reason=deadline_lapsed flow=17 batch=1 newest_batch=1 cur=6184325780 target=6243432578 ceiling=400000000000 old_side_present=1
CBAP_MIG_REPLAN t=20150000 reason=deadline_lapsed flow=18 batch=1 newest_batch=1 cur=6184325780 target=6243432578 ceiling=400000000000 old_side_present=1
CBAP_MIG_REPLAN t=20150000 reason=deadline_lapsed flow=19 batch=1 newest_batch=1 cur=6184325780 target=6243432578 ceiling=400000000000 old_side_present=1
CBAP_MIG_REPLAN t=20150000 reason=deadline_lapsed flow=20 batch=1 newest_batch=1 cur=6184325780 target=6243432578 ceiling=400000000000 old_side_present=1
CBAP_MIG_REPLAN t=20150000 reason=deadline_lapsed flow=21 batch=1 newest_batch=1 cur=6184325780 target=6243432578 ceiling=400000000000 old_side_present=1
CBAP_MIG_REPLAN t=20150000 reason=deadline_lapsed flow=22 batch=1 newest_batch=1 cur=6184325780 target=6243432578 ceiling=400000000000 old_side_present=1
CBAP_MIG_REPLAN t=20150000 reason=deadline_lapsed flow=23 batch=1 newest_batch=1 cur=6184325780 target=6243432578 ceiling=400000000000 old_side_present=1
CBAP_MIG_REPLAN t=20150000 reason=deadline_lapsed flow=24 batch=1 newest_batch=1 cur=6184325780 target=6243432578 ceiling=400000000000 old_side_present=1
CBAP_MIG_REPLAN t=20150000 reason=deadline_lapsed flow=25 batch=1 newest_batch=1 cur=6184325780 target=6243432578 ceiling=400000000000 old_side_present=1
CBAP_MIG_REPLAN t=20150000 reason=deadline_lapsed flow=26 batch=1 newest_batch=1 cur=6184325780 target=6243432578 ceiling=400000000000 old_side_present=1
CBAP_MIG_REPLAN t=20150000 reason=deadline_lapsed flow=27 batch=1 newest_batch=1 cur=6184325780 target=6243432578 ceiling=400000000000 old_side_present=1
CBAP_MIG_REPLAN t=20150000 reason=deadline_lapsed flow=28 batch=1 newest_batch=1 cur=6184325780 target=6243432578 ceiling=400000000000 old_side_present=1
CBAP_MIG_REPLAN t=20150000 reason=deadline_lapsed flow=29 batch=1 newest_batch=1 cur=6184325780 target=6243432578 ceiling=400000000000 old_side_present=1
CBAP_MIG_REPLAN t=20150000 reason=deadline_lapsed flow=30 batch=1 newest_batch=1 cur=6184325780 target=6243432578 ceiling=400000000000 old_side_present=1
CBAP_MIG_REPLAN t=20150000 reason=deadline_lapsed flow=31 batch=1 newest_batch=1 cur=6184325780 target=6243432578 ceiling=400000000000 old_side_present=1
CBAP_MIG_REPLAN t=20150000 reason=deadline_lapsed flow=32 batch=1 newest_batch=1 cur=6184325780 target=6243432578 ceiling=400000000000 old_side_present=1
CBAP_MIG_REPLAN t=20150000 reason=deadline_lapsed flow=33 batch=1 newest_batch=1 cur=6184325780 target=6243432578 ceiling=400000000000 old_side_present=1
CBAP_MIG_REPLAN t=20150000 reason=deadline_lapsed flow=34 batch=1 newest_batch=1 cur=6184325780 target=6243432578 ceiling=400000000000 old_side_present=1
CBAP_MIG_REPLAN t=20150000 reason=deadline_lapsed flow=35 batch=1 newest_batch=1 cur=6184325780 target=6243432578 ceiling=400000000000 old_side_present=1
CBAP_MIG_REPLAN t=20150000 reason=deadline_lapsed flow=36 batch=1 newest_batch=1 cur=6184325780 target=6243432578 ceiling=400000000000 old_side_present=1
CBAP_MIG_REPLAN t=20150000 reason=deadline_lapsed flow=37 batch=1 newest_batch=1 cur=6184325780 target=6243432578 ceiling=400000000000 old_side_present=1
CBAP_MIG_REPLAN t=20150000 reason=deadline_lapsed flow=38 batch=1 newest_batch=1 cur=6184325780 target=6243432578 ceiling=400000000000 old_side_present=1
CBAP_MIG_REPLAN t=20150000 reason=deadline_lapsed flow=39 batch=1 newest_batch=1 cur=6184325780 target=6243432578 ceiling=400000000000 old_side_present=1
CBAP_MIG_REPLAN t=20150000 reason=deadline_lapsed flow=40 batch=1 newest_batch=1 cur=6184325780 target=6243432578 ceiling=400000000000 old_side_present=1
CBAP_MIG_REPLAN t=20150000 reason=deadline_lapsed flow=41 batch=1 newest_batch=1 cur=6184325780 target=6243432578 ceiling=400000000000 old_side_present=1
CBAP_MIG_REPLAN t=20150000 reason=deadline_lapsed flow=42 batch=1 newest_batch=1 cur=6184325780 target=6243432578 ceiling=400000000000 old_side_present=1
CBAP_MIG_REPLAN t=20150000 reason=deadline_lapsed flow=43 batch=1 newest_batch=1 cur=6184325780 target=6243432578 ceiling=400000000000 old_side_present=1
CBAP_MIG_REPLAN t=20150000 reason=deadline_lapsed flow=44 batch=1 newest_batch=1 cur=6184325780 target=6243432578 ceiling=400000000000 old_side_present=1
CBAP_MIG_REPLAN t=20150000 reason=deadline_lapsed flow=45 batch=1 newest_batch=1 cur=6184325780 target=6243432578 ceiling=400000000000 old_side_present=1
CBAP_MIG_REPLAN t=20150000 reason=deadline_lapsed flow=46 batch=1 newest_batch=1 cur=6184325780 target=6243432578 ceiling=400000000000 old_side_present=1
CBAP_MIG_REPLAN t=20150000 reason=deadline_lapsed flow=47 batch=1 newest_batch=1 cur=6184325780 target=6243432578 ceiling=400000000000 old_side_present=1
CBAP_MIG_REPLAN t=20150000 reason=deadline_lapsed flow=48 batch=1 newest_batch=1 cur=6184325780 target=6243432578 ceiling=400000000000 old_side_present=1
CBAP_MIG_REPLAN t=20150000 reason=deadline_lapsed flow=49 batch=1 newest_batch=1 cur=6184325780 target=6243432578 ceiling=400000000000 old_side_present=1
CBAP_MIG_REPLAN t=20150000 reason=deadline_lapsed flow=50 batch=1 newest_batch=1 cur=6184325780 target=6243432578 ceiling=400000000000 old_side_present=1
CBAP_MIG_REPLAN t=20150000 reason=deadline_lapsed flow=51 batch=1 newest_batch=1 cur=6184325780 target=6243432578 ceiling=400000000000 old_side_present=1
CBAP_MIG_REPLAN t=20150000 reason=deadline_lapsed flow=52 batch=1 newest_batch=1 cur=6184325780 target=6243432578 ceiling=400000000000 old_side_present=1
CBAP_MIG_REPLAN t=20150000 reason=deadline_lapsed flow=53 batch=1 newest_batch=1 cur=6184325780 target=6243432578 ceiling=400000000000 old_side_present=1
CBAP_MIG_REPLAN t=20150000 reason=deadline_lapsed flow=54 batch=1 newest_batch=1 cur=6184325780 target=6243432578 ceiling=400000000000 old_side_present=1
CBAP_MIG_REPLAN t=20150000 reason=deadline_lapsed flow=55 batch=1 newest_batch=1 cur=6184325780 target=6243432578 ceiling=400000000000 old_side_present=1
CBAP_MIG_REPLAN t=20150000 reason=deadline_lapsed flow=56 batch=1 newest_batch=1 cur=6184325780 target=6243432578 ceiling=400000000000 old_side_present=1
CBAP_MIG_REPLAN t=20150000 reason=deadline_lapsed flow=57 batch=1 newest_batch=1 cur=6184325780 target=6243432578 ceiling=400000000000 old_side_present=1
CBAP_MIG_REPLAN t=20150000 reason=deadline_lapsed flow=58 batch=1 newest_batch=1 cur=6184325780 target=6243432578 ceiling=400000000000 old_side_present=1
CBAP_MIG_REPLAN t=20150000 reason=deadline_lapsed flow=59 batch=1 newest_batch=1 cur=6184325780 target=6243432578 ceiling=400000000000 old_side_present=1
CBAP_MIG_REPLAN t=20150000 reason=deadline_lapsed flow=60 batch=1 newest_batch=1 cur=6184325780 target=6243432578 ceiling=400000000000 old_side_present=1
CBAP_MIG_REPLAN t=20150000 reason=deadline_lapsed flow=61 batch=1 newest_batch=1 cur=6184325780 target=6243432578 ceiling=400000000000 old_side_present=1
CBAP_MIG_REPLAN t=20150000 reason=deadline_lapsed flow=62 batch=1 newest_batch=1 cur=6184325780 target=6243432578 ceiling=400000000000 old_side_present=1
CBAP_MIG_REPLAN t=20150000 reason=deadline_lapsed flow=63 batch=1 newest_batch=1 cur=6184325780 target=6243432578 ceiling=400000000000 old_side_present=1
CBAP_MIG_REPLAN t=20150000 reason=deadline_lapsed flow=64 batch=1 newest_batch=1 cur=6184325780 target=6243432578 ceiling=400000000000 old_side_present=1
CBAP_MIG t=20150000 epoch=4030 flow=0 side=old cur=4203150071 next=4142205049 tgt=4000000000 f=0.3 u=0 breach=0 end=
CBAP_MIG t=20150000 epoch=4030 flow=1 side=new cur=6184325780 next=6208264033 tgt=6243432578 f=0.405 u=0 breach=0 end=converged
CBAP_MIG t=20150000 epoch=4030 flow=2 side=new cur=6184325780 next=6208264033 tgt=6243432578 f=0.405 u=0 breach=0 end=converged
CBAP_MIG t=20150000 epoch=4030 flow=3 side=new cur=6184325780 next=6208264033 tgt=6243432578 f=0.405 u=0 breach=0 end=converged
CBAP_MIG t=20150000 epoch=4030 flow=4 side=new cur=6184325780 next=6208264033 tgt=6243432578 f=0.405 u=0 breach=0 end=converged
CBAP_MIG t=20150000 epoch=4030 flow=5 side=new cur=6184325780 next=6208264033 tgt=6243432578 f=0.405 u=0 breach=0 end=converged
CBAP_MIG t=20150000 epoch=4030 flow=6 side=new cur=6184325780 next=6208264033 tgt=6243432578 f=0.405 u=0 breach=0 end=converged
CBAP_MIG t=20150000 epoch=4030 flow=7 side=new cur=6184325780 next=6208264033 tgt=6243432578 f=0.405 u=0 breach=0 end=converged
CBAP_MIG t=20150000 epoch=4030 flow=8 side=new cur=6184325780 next=6208264033 tgt=6243432578 f=0.405 u=0 breach=0 end=converged
CBAP_MIG t=20150000 epoch=4030 flow=9 side=new cur=6184325780 next=6208264033 tgt=6243432578 f=0.405 u=0 breach=0 end=converged
CBAP_MIG t=20150000 epoch=4030 flow=10 side=new cur=6184325780 next=6208264033 tgt=6243432578 f=0.405 u=0 breach=0 end=converged
CBAP_MIG t=20150000 epoch=4030 flow=11 side=new cur=6184325780 next=6208264033 tgt=6243432578 f=0.405 u=0 breach=0 end=converged
CBAP_MIG t=20150000 epoch=4030 flow=12 side=new cur=6184325780 next=6208264033 tgt=6243432578 f=0.405 u=0 breach=0 end=converged
CBAP_MIG t=20150000 epoch=4030 flow=13 side=new cur=6184325780 next=6208264033 tgt=6243432578 f=0.405 u=0 breach=0 end=converged
CBAP_MIG t=20150000 epoch=4030 flow=14 side=new cur=6184325780 next=6208264033 tgt=6243432578 f=0.405 u=0 breach=0 end=converged
CBAP_MIG t=20150000 epoch=4030 flow=15 side=new cur=6184325780 next=6208264033 tgt=6243432578 f=0.405 u=0 breach=0 end=converged
CBAP_MIG t=20150000 epoch=4030 flow=16 side=new cur=6184325780 next=6208264033 tgt=6243432578 f=0.405 u=0 breach=0 end=converged
CBAP_MIG t=20150000 epoch=4030 flow=17 side=new cur=6184325780 next=6208264033 tgt=6243432578 f=0.405 u=0 breach=0 end=converged
CBAP_MIG t=20150000 epoch=4030 flow=18 side=new cur=6184325780 next=6208264033 tgt=6243432578 f=0.405 u=0 breach=0 end=converged
CBAP_MIG t=20150000 epoch=4030 flow=19 side=new cur=6184325780 next=6208264033 tgt=6243432578 f=0.405 u=0 breach=0 end=converged
CBAP_MIG t=20150000 epoch=4030 flow=20 side=new cur=6184325780 next=6208264033 tgt=6243432578 f=0.405 u=0 breach=0 end=converged
CBAP_MIG t=20150000 epoch=4030 flow=21 side=new cur=6184325780 next=6208264033 tgt=6243432578 f=0.405 u=0 breach=0 end=converged
CBAP_MIG t=20150000 epoch=4030 flow=22 side=new cur=6184325780 next=6208264033 tgt=6243432578 f=0.405 u=0 breach=0 end=converged
CBAP_MIG t=20150000 epoch=4030 flow=23 side=new cur=6184325780 next=6208264033 tgt=6243432578 f=0.405 u=0 breach=0 end=converged
CBAP_MIG t=20150000 epoch=4030 flow=24 side=new cur=6184325780 next=6208264033 tgt=6243432578 f=0.405 u=0 breach=0 end=converged
CBAP_MIG t=20150000 epoch=4030 flow=25 side=new cur=6184325780 next=6208264033 tgt=6243432578 f=0.405 u=0 breach=0 end=converged
CBAP_MIG t=20150000 epoch=4030 flow=26 side=new cur=6184325780 next=6208264033 tgt=6243432578 f=0.405 u=0 breach=0 end=converged
CBAP_MIG t=20150000 epoch=4030 flow=27 side=new cur=6184325780 next=6208264033 tgt=6243432578 f=0.405 u=0 breach=0 end=converged
CBAP_MIG t=20150000 epoch=4030 flow=28 side=new cur=6184325780 next=6208264033 tgt=6243432578 f=0.405 u=0 breach=0 end=converged
CBAP_MIG t=20150000 epoch=4030 flow=29 side=new cur=6184325780 next=6208264033 tgt=6243432578 f=0.405 u=0 breach=0 end=converged
CBAP_MIG t=20150000 epoch=4030 flow=30 side=new cur=6184325780 next=6208264033 tgt=6243432578 f=0.405 u=0 breach=0 end=converged
CBAP_MIG t=20150000 epoch=4030 flow=31 side=new cur=6184325780 next=6208264033 tgt=6243432578 f=0.405 u=0 breach=0 end=converged
CBAP_MIG t=20150000 epoch=4030 flow=32 side=new cur=6184325780 next=6208264033 tgt=6243432578 f=0.405 u=0 breach=0 end=converged
CBAP_MIG t=20150000 epoch=4030 flow=33 side=new cur=6184325780 next=6208264033 tgt=6243432578 f=0.405 u=0 breach=0 end=converged
CBAP_MIG t=20150000 epoch=4030 flow=34 side=new cur=6184325780 next=6208264033 tgt=6243432578 f=0.405 u=0 breach=0 end=converged
CBAP_MIG t=20150000 epoch=4030 flow=35 side=new cur=6184325780 next=6208264033 tgt=6243432578 f=0.405 u=0 breach=0 end=converged
CBAP_MIG t=20150000 epoch=4030 flow=36 side=new cur=6184325780 next=6208264033 tgt=6243432578 f=0.405 u=0 breach=0 end=converged
CBAP_MIG t=20150000 epoch=4030 flow=37 side=new cur=6184325780 next=6208264033 tgt=6243432578 f=0.405 u=0 breach=0 end=converged
CBAP_MIG t=20150000 epoch=4030 flow=38 side=new cur=6184325780 next=6208264033 tgt=6243432578 f=0.405 u=0 breach=0 end=converged
CBAP_MIG t=20150000 epoch=4030 flow=39 side=new cur=6184325780 next=6208264033 tgt=6243432578 f=0.405 u=0 breach=0 end=converged
CBAP_MIG t=20150000 epoch=4030 flow=40 side=new cur=6184325780 next=6208264033 tgt=6243432578 f=0.405 u=0 breach=0 end=converged
CBAP_MIG t=20150000 epoch=4030 flow=41 side=new cur=6184325780 next=6208264033 tgt=6243432578 f=0.405 u=0 breach=0 end=converged
CBAP_MIG t=20150000 epoch=4030 flow=42 side=new cur=6184325780 next=6208264033 tgt=6243432578 f=0.405 u=0 breach=0 end=converged
CBAP_MIG t=20150000 epoch=4030 flow=43 side=new cur=6184325780 next=6208264033 tgt=6243432578 f=0.405 u=0 breach=0 end=converged
CBAP_MIG t=20150000 epoch=4030 flow=44 side=new cur=6184325780 next=6208264033 tgt=6243432578 f=0.405 u=0 breach=0 end=converged
CBAP_MIG t=20150000 epoch=4030 flow=45 side=new cur=6184325780 next=6208264033 tgt=6243432578 f=0.405 u=0 breach=0 end=converged
CBAP_MIG t=20150000 epoch=4030 flow=46 side=new cur=6184325780 next=6208264033 tgt=6243432578 f=0.405 u=0 breach=0 end=converged
CBAP_MIG t=20150000 epoch=4030 flow=47 side=new cur=6184325780 next=6208264033 tgt=6243432578 f=0.405 u=0 breach=0 end=converged
CBAP_MIG t=20150000 epoch=4030 flow=48 side=new cur=6184325780 next=6208264033 tgt=6243432578 f=0.405 u=0 breach=0 end=converged
CBAP_MIG t=20150000 epoch=4030 flow=49 side=new cur=6184325780 next=6208264033 tgt=6243432578 f=0.405 u=0 breach=0 end=converged
CBAP_MIG t=20150000 epoch=4030 flow=50 side=new cur=6184325780 next=6208264033 tgt=6243432578 f=0.405 u=0 breach=0 end=converged
CBAP_MIG t=20150000 epoch=4030 flow=51 side=new cur=6184325780 next=6208264033 tgt=6243432578 f=0.405 u=0 breach=0 end=converged
CBAP_MIG t=20150000 epoch=4030 flow=52 side=new cur=6184325780 next=6208264033 tgt=6243432578 f=0.405 u=0 breach=0 end=converged
CBAP_MIG t=20150000 epoch=4030 flow=53 side=new cur=6184325780 next=6208264033 tgt=6243432578 f=0.405 u=0 breach=0 end=converged
CBAP_MIG t=20150000 epoch=4030 flow=54 side=new cur=6184325780 next=6208264033 tgt=6243432578 f=0.405 u=0 breach=0 end=converged
CBAP_MIG t=20150000 epoch=4030 flow=55 side=new cur=6184325780 next=6208264033 tgt=6243432578 f=0.405 u=0 breach=0 end=converged
CBAP_MIG t=20150000 epoch=4030 flow=56 side=new cur=6184325780 next=6208264033 tgt=6243432578 f=0.405 u=0 breach=0 end=converged
CBAP_MIG t=20150000 epoch=4030 flow=57 side=new cur=6184325780 next=6208264033 tgt=6243432578 f=0.405 u=0 breach=0 end=converged
CBAP_MIG t=20150000 epoch=4030 flow=58 side=new cur=6184325780 next=6208264033 tgt=6243432578 f=0.405 u=0 breach=0 end=converged
CBAP_MIG t=20150000 epoch=4030 flow=59 side=new cur=6184325780 next=6208264033 tgt=6243432578 f=0.405 u=0 breach=0 end=converged
CBAP_MIG t=20150000 epoch=4030 flow=60 side=new cur=6184325780 next=6208264033 tgt=6243432578 f=0.405 u=0 breach=0 end=converged
CBAP_MIG t=20150000 epoch=4030 flow=61 side=new cur=6184325780 next=6208264033 tgt=6243432578 f=0.405 u=0 breach=0 end=converged
CBAP_MIG t=20150000 epoch=4030 flow=62 side=new cur=6184325780 next=6208264033 tgt=6243432578 f=0.405 u=0 breach=0 end=converged
CBAP_MIG t=20150000 epoch=4030 flow=63 side=new cur=6184325780 next=6208264033 tgt=6243432578 f=0.405 u=0 breach=0 end=converged
CBAP_MIG t=20150000 epoch=4030 flow=64 side=new cur=6184325780 next=6208264033 tgt=6243432578 f=0.405 u=0 breach=0 end=converged
CBAP_MIG t=20155000 epoch=4031 flow=0 side=old cur=4142205049 next=4099543534 tgt=4000000000 f=0.3 u=0 breach=0 end=
CBAP_MIG t=20160000 epoch=4032 flow=0 side=old cur=4099543534 next=4069680473 tgt=4000000000 f=0.3 u=0 breach=0 end=
CBAP_MIG t=20165000 epoch=4033 flow=0 side=old cur=4069680473 next=4048776331 tgt=4000000000 f=0.3 u=0 breach=0 end=
CBAP_MIG t=20170000 epoch=4034 flow=0 side=old cur=4048776331 next=4034143431 tgt=4000000000 f=0.3 u=0 breach=0 end=converged
CBAP_MIG_REPLAN t=25715000 reason=active_set_shrank flow=0 batch=0 newest_batch=1 cur=4034143431 target=4000000000 ceiling=320000000000 old_side_present=1
CBAP_MIG_REPLAN t=25715000 reason=active_set_shrank flow=31 batch=1 newest_batch=1 cur=6061337411 target=99899146414 ceiling=400000000000 old_side_present=1
CBAP_MIG_REPLAN t=25715000 reason=active_set_shrank flow=33 batch=1 newest_batch=1 cur=6659529528 target=99899146414 ceiling=400000000000 old_side_present=1
CBAP_MIG_REPLAN t=25715000 reason=active_set_shrank flow=41 batch=1 newest_batch=1 cur=5656198024 target=99899146414 ceiling=400000000000 old_side_present=1
CBAP_MIG_REPLAN t=25715000 reason=active_set_shrank flow=43 batch=1 newest_batch=1 cur=5656198024 target=99899146414 ceiling=400000000000 old_side_present=1
CBAP_MIG t=25715000 epoch=5143 flow=0 side=old cur=4034143431 next=4023900401 tgt=4000000000 f=0.3 u=0 breach=0 end=converged
CBAP_MIG t=25715000 epoch=5143 flow=31 side=new cur=6061337411 next=44065650057 tgt=99899146414 f=0.405 u=0 breach=0 end=
CBAP_MIG t=25715000 epoch=5143 flow=33 side=new cur=6659529528 next=44421574366 tgt=99899146414 f=0.405 u=0 breach=0 end=
CBAP_MIG t=25715000 epoch=5143 flow=41 side=new cur=5656198024 next=43824592121 tgt=99899146414 f=0.405 u=0 breach=0 end=
CBAP_MIG t=25715000 epoch=5143 flow=43 side=new cur=5656198024 next=43824592121 tgt=99899146414 f=0.405 u=0 breach=0 end=
CBAP_MIG t=25720000 epoch=5144 flow=31 side=new cur=44065650057 next=66678216081 tgt=99899146414 f=0.405 u=0 breach=0 end=
CBAP_MIG t=25720000 epoch=5144 flow=33 side=new cur=44421574366 next=66889991045 tgt=99899146414 f=0.405 u=0 breach=0 end=
CBAP_MIG t=25720000 epoch=5144 flow=41 side=new cur=43824592121 next=66534786609 tgt=99899146414 f=0.405 u=0 breach=0 end=
CBAP_MIG t=25720000 epoch=5144 flow=43 side=new cur=43824592121 next=66534786609 tgt=99899146414 f=0.405 u=0 breach=0 end=
CBAP_MIG t=25725000 epoch=5145 flow=31 side=new cur=66678216081 next=80132692865 tgt=99899146414 f=0.405 u=0 breach=0 end=
CBAP_MIG t=25725000 epoch=5145 flow=33 side=new cur=66889991045 next=80258698969 tgt=99899146414 f=0.405 u=0 breach=0 end=
CBAP_MIG t=25725000 epoch=5145 flow=41 side=new cur=66534786609 next=80047352330 tgt=99899146414 f=0.405 u=0 breach=0 end=
CBAP_MIG t=25725000 epoch=5145 flow=43 side=new cur=66534786609 next=80047352330 tgt=99899146414 f=0.405 u=0 breach=0 end=
CBAP_MIG t=25730000 epoch=5146 flow=31 side=new cur=80132692865 next=88138106552 tgt=99899146414 f=0.405 u=0 breach=0 end=
CBAP_MIG t=25730000 epoch=5146 flow=33 side=new cur=80258698969 next=88213080184 tgt=99899146414 f=0.405 u=0 breach=0 end=
CBAP_MIG t=25730000 epoch=5146 flow=41 side=new cur=80047352330 next=88087328934 tgt=99899146414 f=0.405 u=0 breach=0 end=
CBAP_MIG t=25730000 epoch=5146 flow=43 side=new cur=80047352330 next=88087328934 tgt=99899146414 f=0.405 u=0 breach=0 end=
CBAP_MIG t=25735000 epoch=5147 flow=31 side=new cur=88138106552 next=92901327696 tgt=99899146414 f=0.405 u=0 breach=0 end=
CBAP_MIG t=25735000 epoch=5147 flow=33 side=new cur=88213080184 next=92945937007 tgt=99899146414 f=0.405 u=0 breach=0 end=
CBAP_MIG t=25735000 epoch=5147 flow=41 side=new cur=88087328934 next=92871115013 tgt=99899146414 f=0.405 u=0 breach=0 end=
CBAP_MIG t=25735000 epoch=5147 flow=43 side=new cur=88087328934 next=92871115013 tgt=99899146414 f=0.405 u=0 breach=0 end=
CBAP_MIG t=25740000 epoch=5148 flow=31 side=new cur=92901327696 next=95735444276 tgt=99899146414 f=0.405 u=0 breach=0 end=
CBAP_MIG t=25740000 epoch=5148 flow=33 side=new cur=92945937007 next=95761986816 tgt=99899146414 f=0.405 u=0 breach=0 end=
CBAP_MIG t=25740000 epoch=5148 flow=41 side=new cur=92871115013 next=95717467730 tgt=99899146414 f=0.405 u=0 breach=0 end=
CBAP_MIG t=25740000 epoch=5148 flow=43 side=new cur=92871115013 next=95717467730 tgt=99899146414 f=0.405 u=0 breach=0 end=
CBAP_MIG_REPLAN t=25745000 reason=active_set_shrank flow=0 batch=0 newest_batch=1 cur=4023900401 target=4000000000 ceiling=320000000000 old_side_present=1
CBAP_MIG_REPLAN t=25745000 reason=active_set_shrank flow=31 batch=1 newest_batch=1 cur=95735444276 target=399597609960 ceiling=400000000000 old_side_present=1
CBAP_MIG t=25745000 epoch=5149 flow=0 side=old cur=4023900401 next=4016730280 tgt=4000000000 f=0.3 u=0 breach=0 end=converged
CBAP_MIG t=25745000 epoch=5149 flow=31 side=new cur=95735444276 next=218799621378 tgt=399597609960 f=0.405 u=0 breach=0 end=
CBAP_MIG t=25750000 epoch=5150 flow=31 side=new cur=218799621378 next=292022806753 tgt=399597609960 f=0.405 u=0 breach=0 end=
CBAP_MIG t=25755000 epoch=5151 flow=31 side=new cur=292022806753 next=335590602051 tgt=399597609960 f=0.405 u=0 breach=0 end=
CBAP_MIG_REPLAN t=25760000 reason=active_set_shrank flow=0 batch=0 newest_batch=0 cur=4016730280 target=320000000000 ceiling=320000000000 old_side_present=0
CBAP_MIG t=25760000 epoch=5152 flow=0 side=new cur=4016730280 next=131989954516 tgt=320000000000 f=0.405 u=0 breach=0 end=
CBAP_MIG t=25765000 epoch=5153 flow=0 side=new cur=131989954516 next=208134022937 tgt=320000000000 f=0.405 u=0 breach=0 end=
CBAP_MIG t=25770000 epoch=5154 flow=0 side=new cur=208134022937 next=253439743647 tgt=320000000000 f=0.405 u=0 breach=0 end=
CBAP_MIG t=25775000 epoch=5155 flow=0 side=new cur=253439743647 next=280396647469 tgt=320000000000 f=0.405 u=0 breach=0 end=
CBAP_MIG t=25780000 epoch=5156 flow=0 side=new cur=280396647469 next=296436005244 tgt=320000000000 f=0.405 u=0 breach=0 end=
CBAP_MIG t=25785000 epoch=5157 flow=0 side=new cur=296436005244 next=305979423120 tgt=320000000000 f=0.405 u=0 breach=0 end=
CBAP_MIG t=25790000 epoch=5158 flow=0 side=new cur=305979423120 next=311657756756 tgt=320000000000 f=0.405 u=0 breach=0 end=
CBAP_MIG t=25795000 epoch=5159 flow=0 side=new cur=311657756756 next=315036365269 tgt=320000000000 f=0.405 u=0 breach=0 end=
CBAP_MIG t=25800000 epoch=5160 flow=0 side=new cur=315036365269 next=317046637335 tgt=320000000000 f=0.405 u=0 breach=0 end=converged
154.276
