ENABLE_QCN			Yes
USE_DYNAMIC_PFC_THRESHOLD	Yes
CLAMP_TARGET_RATE		No
PAUSE_TIME			5
DATA_RATE			10Gbps
LINK_DELAY			0.001ms
PACKET_PAYLOAD_SIZE		952
L2_CHUNK_SIZE			4000
L2_ACK_INTERVAL			1
L2_BACK_TO_ZERO			No
TOPOLOGY_FILE			/work/v2_400g/configs/topo_400g.txt
FLOW_FILE			/work/v2_400g/configs/scrv2_d08_b010_flow.txt
TRACE_FILE			/work/v2_400g/results/scrv2_d08_b010/s1_trace.txt
TRACE_OUTPUT_FILE		/work/v2_400g/results/scrv2_d08_b010/trace_output.txt
SIMULATOR_STOP_TIME		0.04
CC_MODE		30
ALPHA_RESUME_INTERVAL		55
RATE_DECREASE_INTERVAL		4
RP_TIMER			300
EWMA_GAIN			0.00390625
FAST_RECOVERY_TIMES		5
RATE_AI				50Mb/s
RATE_HAI			100Mb/s
MIN_RATE		4000Mb/s
DCTCP_RATE_AI				1000Mb/s
ERROR_RATE_PER_LINK		0
HAS_WIN		1
GLOBAL_T		1
MI_THRESH		5
VAR_WIN		0
FAST_REACT		1
U_TARGET		0.95
INT_MULTI				1
RATE_BOUND		1
ACK_HIGH_PRIO		0
LINK_DOWN				0 0 0
ENABLE_TRACE				0
BUFFER_SIZE				64
QLEN_MON_FILE				/dev/null
QLEN_MON_START				0
QLEN_MON_END				39639400
KMAX_MAP				 400000000000 1600
KMIN_MAP				 400000000000 400
PMAX_MAP				 400000000000 0.2
MULTI_RATE				1
SAMPLE_FEEDBACK				0
PFC_OUTPUT_FILE				/work/v2_400g/results/scrv2_d08_b010/pfc_events.csv
CBAP_PHASE_SPREAD_ENABLE		1
CBAP_STEADY_CAP_ENABLE		1
CBAP_STEADY_CAP_FRACTION		1
CBAP_SBA_STEADY_FILL		0
CBAP_HOLD_TRACK_TARGET		0
CBAP_QUEUE_BAND_ENABLE		0
CBAP_QUEUE_BAND_V2_ENABLE		1
CBAP_QB2_BMAX_RATIO		0.01
CBAP_QB2_QTARGET_RATIO		0.1
SBA_WIRE_DOMAIN_PLANNING		1
QLEN_TS_FILE				/work/v2_400g/results/scrv2_d08_b010/qlen_ts.csv
QLEN_TS_INTERVAL_NS			2000
TX_TIME_ROUND_NS		1
CBAP_TX_RECORDS_MAX		2000000
CBAP_REALLOC_PARSED migration_enable=1 core_initial_release=1 initial_release_ratio=0.9 migration_trace=1
CBAP_TELEMETRY_LINK link_id=0 node=84 if=1 faces_node=64 dev_rate_bps=400000000000 cfg_capacity_bps=400000000000
maxRtt=12076 maxBdp=603800
Running Simulation.
QB2_MANIFEST link=0 bmax_ratio=0.0100 qtarget_ratio=0.1000 q_abs=3999999 h_eff_us=12.000
SBA_PLAN_AT t=10000000 group=0 application_ready=10000000 common_release=10005000 members=1
SBA_LIFECYCLE batch=0 release_ns=10005000 installed=0 collecting=0 hold=0 startup=0 dcqcn_owned=0 finished=0 new_batch=1 rho_init=0.9000
SBA_LIFECYCLE_CHECK batch=0 link=0 batch_sum=400000000000 old_retained=0 available=400000000000 bound=400000000000 margin=1
CBAP_MIG_REPLAN t=10010000 reason=active_set_grew flow=0 batch=0 newest_batch=0 cur=320000000000 target=320000000000 ceiling=320000000000 old_side_present=0
CBAP_MIG t=10010000 epoch=2002 flow=0 side=new cur=320000000000 next=320000000000 tgt=320000000000 f=0.405 u=0 breach=0 end=converged
SBA_PLAN_AT t=20000000 group=1 application_ready=20000000 common_release=20005000 members=64
SBA_LIFECYCLE batch=1 release_ns=20005000 installed=1 collecting=0 hold=0 startup=0 dcqcn_owned=1 finished=0 new_batch=64 rho_init=0.9000
SBA_LIFECYCLE_LINK batch=1 link=0 old_applied=320000000000 available=400000000000
SBA_LIFECYCLE_CHECK batch=1 link=0 batch_sum=368000000000 old_retained=32000000000 available=400000000000 bound=400000000000 margin=64
CBAP_MIG_REPLAN t=20010000 reason=active_set_grew flow=0 batch=0 newest_batch=1 cur=320000000000 target=31999999999 ceiling=320000000000 old_side_present=1
CBAP_MIG_REPLAN t=20010000 reason=active_set_grew flow=1 batch=1 newest_batch=1 cur=4201680672 target=5750000000 ceiling=400000000000 old_side_present=1
CBAP_MIG_REPLAN t=20010000 reason=active_set_grew flow=2 batch=1 newest_batch=1 cur=4201680672 target=5750000000 ceiling=400000000000 old_side_present=1
CBAP_MIG_REPLAN t=20010000 reason=active_set_grew flow=3 batch=1 newest_batch=1 cur=4201680672 target=5750000000 ceiling=400000000000 old_side_present=1
CBAP_MIG_REPLAN t=20010000 reason=active_set_grew flow=4 batch=1 newest_batch=1 cur=4201680672 target=5750000000 ceiling=400000000000 old_side_present=1
CBAP_MIG_REPLAN t=20010000 reason=active_set_grew flow=5 batch=1 newest_batch=1 cur=4201680672 target=5750000000 ceiling=400000000000 old_side_present=1
CBAP_MIG_REPLAN t=20010000 reason=active_set_grew flow=6 batch=1 newest_batch=1 cur=4201680672 target=5750000000 ceiling=400000000000 old_side_present=1
CBAP_MIG_REPLAN t=20010000 reason=active_set_grew flow=7 batch=1 newest_batch=1 cur=4201680672 target=5750000000 ceiling=400000000000 old_side_present=1
CBAP_MIG_REPLAN t=20010000 reason=active_set_grew flow=8 batch=1 newest_batch=1 cur=4201680672 target=5750000000 ceiling=400000000000 old_side_present=1
CBAP_MIG_REPLAN t=20010000 reason=active_set_grew flow=9 batch=1 newest_batch=1 cur=4201680672 target=5750000000 ceiling=400000000000 old_side_present=1
CBAP_MIG_REPLAN t=20010000 reason=active_set_grew flow=10 batch=1 newest_batch=1 cur=4201680672 target=5750000000 ceiling=400000000000 old_side_present=1
CBAP_MIG_REPLAN t=20010000 reason=active_set_grew flow=11 batch=1 newest_batch=1 cur=4201680672 target=5750000000 ceiling=400000000000 old_side_present=1
CBAP_MIG_REPLAN t=20010000 reason=active_set_grew flow=12 batch=1 newest_batch=1 cur=4201680672 target=5750000000 ceiling=400000000000 old_side_present=1
CBAP_MIG_REPLAN t=20010000 reason=active_set_grew flow=13 batch=1 newest_batch=1 cur=4201680672 target=5750000000 ceiling=400000000000 old_side_present=1
CBAP_MIG_REPLAN t=20010000 reason=active_set_grew flow=14 batch=1 newest_batch=1 cur=4201680672 target=5750000000 ceiling=400000000000 old_side_present=1
CBAP_MIG_REPLAN t=20010000 reason=active_set_grew flow=15 batch=1 newest_batch=1 cur=4201680672 target=5750000000 ceiling=400000000000 old_side_present=1
CBAP_MIG_REPLAN t=20010000 reason=active_set_grew flow=16 batch=1 newest_batch=1 cur=4201680672 target=5750000000 ceiling=400000000000 old_side_present=1
CBAP_MIG_REPLAN t=20010000 reason=active_set_grew flow=17 batch=1 newest_batch=1 cur=4201680672 target=5750000000 ceiling=400000000000 old_side_present=1
CBAP_MIG_REPLAN t=20010000 reason=active_set_grew flow=18 batch=1 newest_batch=1 cur=4201680672 target=5750000000 ceiling=400000000000 old_side_present=1
CBAP_MIG_REPLAN t=20010000 reason=active_set_grew flow=19 batch=1 newest_batch=1 cur=4201680672 target=5750000000 ceiling=400000000000 old_side_present=1
CBAP_MIG_REPLAN t=20010000 reason=active_set_grew flow=20 batch=1 newest_batch=1 cur=4201680672 target=5750000000 ceiling=400000000000 old_side_present=1
CBAP_MIG_REPLAN t=20010000 reason=active_set_grew flow=21 batch=1 newest_batch=1 cur=4201680672 target=5750000000 ceiling=400000000000 old_side_present=1
CBAP_MIG_REPLAN t=20010000 reason=active_set_grew flow=22 batch=1 newest_batch=1 cur=4201680672 target=5750000000 ceiling=400000000000 old_side_present=1
CBAP_MIG_REPLAN t=20010000 reason=active_set_grew flow=23 batch=1 newest_batch=1 cur=4201680672 target=5750000000 ceiling=400000000000 old_side_present=1
CBAP_MIG_REPLAN t=20010000 reason=active_set_grew flow=24 batch=1 newest_batch=1 cur=4201680672 target=5750000000 ceiling=400000000000 old_side_present=1
CBAP_MIG_REPLAN t=20010000 reason=active_set_grew flow=25 batch=1 newest_batch=1 cur=4201680672 target=5750000000 ceiling=400000000000 old_side_present=1
CBAP_MIG_REPLAN t=20010000 reason=active_set_grew flow=26 batch=1 newest_batch=1 cur=4201680672 target=5750000000 ceiling=400000000000 old_side_present=1
CBAP_MIG_REPLAN t=20010000 reason=active_set_grew flow=27 batch=1 newest_batch=1 cur=4201680672 target=5750000000 ceiling=400000000000 old_side_present=1
CBAP_MIG_REPLAN t=20010000 reason=active_set_grew flow=28 batch=1 newest_batch=1 cur=4201680672 target=5750000000 ceiling=400000000000 old_side_present=1
CBAP_MIG_REPLAN t=20010000 reason=active_set_grew flow=29 batch=1 newest_batch=1 cur=4201680672 target=5750000000 ceiling=400000000000 old_side_present=1
CBAP_MIG_REPLAN t=20010000 reason=active_set_grew flow=30 batch=1 newest_batch=1 cur=4201680672 target=5750000000 ceiling=400000000000 old_side_present=1
CBAP_MIG_REPLAN t=20010000 reason=active_set_grew flow=31 batch=1 newest_batch=1 cur=4201680672 target=5750000000 ceiling=400000000000 old_side_present=1
CBAP_MIG_REPLAN t=20010000 reason=active_set_grew flow=32 batch=1 newest_batch=1 cur=4201680672 target=5750000000 ceiling=400000000000 old_side_present=1
CBAP_MIG_REPLAN t=20010000 reason=active_set_grew flow=33 batch=1 newest_batch=1 cur=4201680672 target=5750000000 ceiling=400000000000 old_side_present=1
CBAP_MIG_REPLAN t=20010000 reason=active_set_grew flow=34 batch=1 newest_batch=1 cur=4201680672 target=5750000000 ceiling=400000000000 old_side_present=1
CBAP_MIG_REPLAN t=20010000 reason=active_set_grew flow=35 batch=1 newest_batch=1 cur=4201680672 target=5750000000 ceiling=400000000000 old_side_present=1
CBAP_MIG_REPLAN t=20010000 reason=active_set_grew flow=36 batch=1 newest_batch=1 cur=4201680672 target=5750000000 ceiling=400000000000 old_side_present=1
CBAP_MIG_REPLAN t=20010000 reason=active_set_grew flow=37 batch=1 newest_batch=1 cur=4201680672 target=5750000000 ceiling=400000000000 old_side_present=1
CBAP_MIG_REPLAN t=20010000 reason=active_set_grew flow=38 batch=1 newest_batch=1 cur=4201680672 target=5750000000 ceiling=400000000000 old_side_present=1
CBAP_MIG_REPLAN t=20010000 reason=active_set_grew flow=39 batch=1 newest_batch=1 cur=4201680672 target=5750000000 ceiling=400000000000 old_side_present=1
CBAP_MIG_REPLAN t=20010000 reason=active_set_grew flow=40 batch=1 newest_batch=1 cur=4201680672 target=5750000000 ceiling=400000000000 old_side_present=1
CBAP_MIG_REPLAN t=20010000 reason=active_set_grew flow=41 batch=1 newest_batch=1 cur=4201680672 target=5750000000 ceiling=400000000000 old_side_present=1
CBAP_MIG_REPLAN t=20010000 reason=active_set_grew flow=42 batch=1 newest_batch=1 cur=4201680672 target=5750000000 ceiling=400000000000 old_side_present=1
CBAP_MIG_REPLAN t=20010000 reason=active_set_grew flow=43 batch=1 newest_batch=1 cur=4201680672 target=5750000000 ceiling=400000000000 old_side_present=1
CBAP_MIG_REPLAN t=20010000 reason=active_set_grew flow=44 batch=1 newest_batch=1 cur=4201680672 target=5750000000 ceiling=400000000000 old_side_present=1
CBAP_MIG_REPLAN t=20010000 reason=active_set_grew flow=45 batch=1 newest_batch=1 cur=4201680672 target=5750000000 ceiling=400000000000 old_side_present=1
CBAP_MIG_REPLAN t=20010000 reason=active_set_grew flow=46 batch=1 newest_batch=1 cur=4201680672 target=5750000000 ceiling=400000000000 old_side_present=1
CBAP_MIG_REPLAN t=20010000 reason=active_set_grew flow=47 batch=1 newest_batch=1 cur=4201680672 target=5750000000 ceiling=400000000000 old_side_present=1
CBAP_MIG_REPLAN t=20010000 reason=active_set_grew flow=48 batch=1 newest_batch=1 cur=4201680672 target=5750000000 ceiling=400000000000 old_side_present=1
CBAP_MIG_REPLAN t=20010000 reason=active_set_grew flow=49 batch=1 newest_batch=1 cur=4201680672 target=5750000000 ceiling=400000000000 old_side_present=1
CBAP_MIG_REPLAN t=20010000 reason=active_set_grew flow=50 batch=1 newest_batch=1 cur=4201680672 target=5750000000 ceiling=400000000000 old_side_present=1
CBAP_MIG_REPLAN t=20010000 reason=active_set_grew flow=51 batch=1 newest_batch=1 cur=4201680672 target=5750000000 ceiling=400000000000 old_side_present=1
CBAP_MIG_REPLAN t=20010000 reason=active_set_grew flow=52 batch=1 newest_batch=1 cur=4201680672 target=5750000000 ceiling=400000000000 old_side_present=1
CBAP_MIG_REPLAN t=20010000 reason=active_set_grew flow=53 batch=1 newest_batch=1 cur=4201680672 target=5750000000 ceiling=400000000000 old_side_present=1
CBAP_MIG_REPLAN t=20010000 reason=active_set_grew flow=54 batch=1 newest_batch=1 cur=4201680672 target=5750000000 ceiling=400000000000 old_side_present=1
CBAP_MIG_REPLAN t=20010000 reason=active_set_grew flow=55 batch=1 newest_batch=1 cur=4201680672 target=5750000000 ceiling=400000000000 old_side_present=1
CBAP_MIG_REPLAN t=20010000 reason=active_set_grew flow=56 batch=1 newest_batch=1 cur=4201680672 target=5750000000 ceiling=400000000000 old_side_present=1
CBAP_MIG_REPLAN t=20010000 reason=active_set_grew flow=57 batch=1 newest_batch=1 cur=4201680672 target=5750000000 ceiling=400000000000 old_side_present=1
CBAP_MIG_REPLAN t=20010000 reason=active_set_grew flow=58 batch=1 newest_batch=1 cur=4201680672 target=5750000000 ceiling=400000000000 old_side_present=1
CBAP_MIG_REPLAN t=20010000 reason=active_set_grew flow=59 batch=1 newest_batch=1 cur=4201680672 target=5750000000 ceiling=400000000000 old_side_present=1
CBAP_MIG_REPLAN t=20010000 reason=active_set_grew flow=60 batch=1 newest_batch=1 cur=4201680672 target=5750000000 ceiling=400000000000 old_side_present=1
CBAP_MIG_REPLAN t=20010000 reason=active_set_grew flow=61 batch=1 newest_batch=1 cur=4201680672 target=5750000000 ceiling=400000000000 old_side_present=1
CBAP_MIG_REPLAN t=20010000 reason=active_set_grew flow=62 batch=1 newest_batch=1 cur=4201680672 target=5750000000 ceiling=400000000000 old_side_present=1
CBAP_MIG_REPLAN t=20010000 reason=active_set_grew flow=63 batch=1 newest_batch=1 cur=4201680672 target=5750000000 ceiling=400000000000 old_side_present=1
CBAP_MIG_REPLAN t=20010000 reason=active_set_grew flow=64 batch=1 newest_batch=1 cur=4201680672 target=5750000000 ceiling=400000000000 old_side_present=1
CBAP_MIG t=20010000 epoch=4002 flow=0 side=old cur=320000000000 next=233599999999 tgt=31999999999 f=0.3 u=0 breach=0 end=
CBAP_MIG t=20010000 epoch=4002 flow=1 side=new cur=4201680672 next=4828749999 tgt=5750000000 f=0.405 u=0 breach=0 end=
CBAP_MIG t=20010000 epoch=4002 flow=2 side=new cur=4201680672 next=4828749999 tgt=5750000000 f=0.405 u=0 breach=0 end=
CBAP_MIG t=20010000 epoch=4002 flow=3 side=new cur=4201680672 next=4828749999 tgt=5750000000 f=0.405 u=0 breach=0 end=
CBAP_MIG t=20010000 epoch=4002 flow=4 side=new cur=4201680672 next=4828749999 tgt=5750000000 f=0.405 u=0 breach=0 end=
CBAP_MIG t=20010000 epoch=4002 flow=5 side=new cur=4201680672 next=4828749999 tgt=5750000000 f=0.405 u=0 breach=0 end=
CBAP_MIG t=20010000 epoch=4002 flow=6 side=new cur=4201680672 next=4828749999 tgt=5750000000 f=0.405 u=0 breach=0 end=
CBAP_MIG t=20010000 epoch=4002 flow=7 side=new cur=4201680672 next=4828749999 tgt=5750000000 f=0.405 u=0 breach=0 end=
CBAP_MIG t=20010000 epoch=4002 flow=8 side=new cur=4201680672 next=4828749999 tgt=5750000000 f=0.405 u=0 breach=0 end=
CBAP_MIG t=20010000 epoch=4002 flow=9 side=new cur=4201680672 next=4828749999 tgt=5750000000 f=0.405 u=0 breach=0 end=
CBAP_MIG t=20010000 epoch=4002 flow=10 side=new cur=4201680672 next=4828749999 tgt=5750000000 f=0.405 u=0 breach=0 end=
CBAP_MIG t=20010000 epoch=4002 flow=11 side=new cur=4201680672 next=4828749999 tgt=5750000000 f=0.405 u=0 breach=0 end=
CBAP_MIG t=20010000 epoch=4002 flow=12 side=new cur=4201680672 next=4828749999 tgt=5750000000 f=0.405 u=0 breach=0 end=
CBAP_MIG t=20010000 epoch=4002 flow=13 side=new cur=4201680672 next=4828749999 tgt=5750000000 f=0.405 u=0 breach=0 end=
CBAP_MIG t=20010000 epoch=4002 flow=14 side=new cur=4201680672 next=4828749999 tgt=5750000000 f=0.405 u=0 breach=0 end=
CBAP_MIG t=20010000 epoch=4002 flow=15 side=new cur=4201680672 next=4828749999 tgt=5750000000 f=0.405 u=0 breach=0 end=
CBAP_MIG t=20010000 epoch=4002 flow=16 side=new cur=4201680672 next=4828749999 tgt=5750000000 f=0.405 u=0 breach=0 end=
CBAP_MIG t=20010000 epoch=4002 flow=17 side=new cur=4201680672 next=4828749999 tgt=5750000000 f=0.405 u=0 breach=0 end=
CBAP_MIG t=20010000 epoch=4002 flow=18 side=new cur=4201680672 next=4828749999 tgt=5750000000 f=0.405 u=0 breach=0 end=
CBAP_MIG t=20010000 epoch=4002 flow=19 side=new cur=4201680672 next=4828749999 tgt=5750000000 f=0.405 u=0 breach=0 end=
CBAP_MIG t=20010000 epoch=4002 flow=20 side=new cur=4201680672 next=4828749999 tgt=5750000000 f=0.405 u=0 breach=0 end=
CBAP_MIG t=20010000 epoch=4002 flow=21 side=new cur=4201680672 next=4828749999 tgt=5750000000 f=0.405 u=0 breach=0 end=
CBAP_MIG t=20010000 epoch=4002 flow=22 side=new cur=4201680672 next=4828749999 tgt=5750000000 f=0.405 u=0 breach=0 end=
CBAP_MIG t=20010000 epoch=4002 flow=23 side=new cur=4201680672 next=4828749999 tgt=5750000000 f=0.405 u=0 breach=0 end=
CBAP_MIG t=20010000 epoch=4002 flow=24 side=new cur=4201680672 next=4828749999 tgt=5750000000 f=0.405 u=0 breach=0 end=
CBAP_MIG t=20010000 epoch=4002 flow=25 side=new cur=4201680672 next=4828749999 tgt=5750000000 f=0.405 u=0 breach=0 end=
CBAP_MIG t=20010000 epoch=4002 flow=26 side=new cur=4201680672 next=4828749999 tgt=5750000000 f=0.405 u=0 breach=0 end=
CBAP_MIG t=20010000 epoch=4002 flow=27 side=new cur=4201680672 next=4828749999 tgt=5750000000 f=0.405 u=0 breach=0 end=
CBAP_MIG t=20010000 epoch=4002 flow=28 side=new cur=4201680672 next=4828749999 tgt=5750000000 f=0.405 u=0 breach=0 end=
CBAP_MIG t=20010000 epoch=4002 flow=29 side=new cur=4201680672 next=4828749999 tgt=5750000000 f=0.405 u=0 breach=0 end=
CBAP_MIG t=20010000 epoch=4002 flow=30 side=new cur=4201680672 next=4828749999 tgt=5750000000 f=0.405 u=0 breach=0 end=
CBAP_MIG t=20010000 epoch=4002 flow=31 side=new cur=4201680672 next=4828749999 tgt=5750000000 f=0.405 u=0 breach=0 end=
CBAP_MIG t=20010000 epoch=4002 flow=32 side=new cur=4201680672 next=4828749999 tgt=5750000000 f=0.405 u=0 breach=0 end=
CBAP_MIG t=20010000 epoch=4002 flow=33 side=new cur=4201680672 next=4828749999 tgt=5750000000 f=0.405 u=0 breach=0 end=
CBAP_MIG t=20010000 epoch=4002 flow=34 side=new cur=4201680672 next=4828749999 tgt=5750000000 f=0.405 u=0 breach=0 end=
CBAP_MIG t=20010000 epoch=4002 flow=35 side=new cur=4201680672 next=4828749999 tgt=5750000000 f=0.405 u=0 breach=0 end=
CBAP_MIG t=20010000 epoch=4002 flow=36 side=new cur=4201680672 next=4828749999 tgt=5750000000 f=0.405 u=0 breach=0 end=
CBAP_MIG t=20010000 epoch=4002 flow=37 side=new cur=4201680672 next=4828749999 tgt=5750000000 f=0.405 u=0 breach=0 end=
CBAP_MIG t=20010000 epoch=4002 flow=38 side=new cur=4201680672 next=4828749999 tgt=5750000000 f=0.405 u=0 breach=0 end=
CBAP_MIG t=20010000 epoch=4002 flow=39 side=new cur=4201680672 next=4828749999 tgt=5750000000 f=0.405 u=0 breach=0 end=
CBAP_MIG t=20010000 epoch=4002 flow=40 side=new cur=4201680672 next=4828749999 tgt=5750000000 f=0.405 u=0 breach=0 end=
CBAP_MIG t=20010000 epoch=4002 flow=41 side=new cur=4201680672 next=4828749999 tgt=5750000000 f=0.405 u=0 breach=0 end=
CBAP_MIG t=20010000 epoch=4002 flow=42 side=new cur=4201680672 next=4828749999 tgt=5750000000 f=0.405 u=0 breach=0 end=
CBAP_MIG t=20010000 epoch=4002 flow=43 side=new cur=4201680672 next=4828749999 tgt=5750000000 f=0.405 u=0 breach=0 end=
CBAP_MIG t=20010000 epoch=4002 flow=44 side=new cur=4201680672 next=4828749999 tgt=5750000000 f=0.405 u=0 breach=0 end=
CBAP_MIG t=20010000 epoch=4002 flow=45 side=new cur=4201680672 next=4828749999 tgt=5750000000 f=0.405 u=0 breach=0 end=
CBAP_MIG t=20010000 epoch=4002 flow=46 side=new cur=4201680672 next=4828749999 tgt=5750000000 f=0.405 u=0 breach=0 end=
CBAP_MIG t=20010000 epoch=4002 flow=47 side=new cur=4201680672 next=4828749999 tgt=5750000000 f=0.405 u=0 breach=0 end=
CBAP_MIG t=20010000 epoch=4002 flow=48 side=new cur=4201680672 next=4828749999 tgt=5750000000 f=0.405 u=0 breach=0 end=
CBAP_MIG t=20010000 epoch=4002 flow=49 side=new cur=4201680672 next=4828749999 tgt=5750000000 f=0.405 u=0 breach=0 end=
CBAP_MIG t=20010000 epoch=4002 flow=50 side=new cur=4201680672 next=4828749999 tgt=5750000000 f=0.405 u=0 breach=0 end=
CBAP_MIG t=20010000 epoch=4002 flow=51 side=new cur=4201680672 next=4828749999 tgt=5750000000 f=0.405 u=0 breach=0 end=
CBAP_MIG t=20010000 epoch=4002 flow=52 side=new cur=4201680672 next=4828749999 tgt=5750000000 f=0.405 u=0 breach=0 end=
CBAP_MIG t=20010000 epoch=4002 flow=53 side=new cur=4201680672 next=4828749999 tgt=5750000000 f=0.405 u=0 breach=0 end=
CBAP_MIG t=20010000 epoch=4002 flow=54 side=new cur=4201680672 next=4828749999 tgt=5750000000 f=0.405 u=0 breach=0 end=
CBAP_MIG t=20010000 epoch=4002 flow=55 side=new cur=4201680672 next=4828749999 tgt=5750000000 f=0.405 u=0 breach=0 end=
CBAP_MIG t=20010000 epoch=4002 flow=56 side=new cur=4201680672 next=4828749999 tgt=5750000000 f=0.405 u=0 breach=0 end=
CBAP_MIG t=20010000 epoch=4002 flow=57 side=new cur=4201680672 next=4828749999 tgt=5750000000 f=0.405 u=0 breach=0 end=
CBAP_MIG t=20010000 epoch=4002 flow=58 side=new cur=4201680672 next=4828749999 tgt=5750000000 f=0.405 u=0 breach=0 end=
CBAP_MIG t=20010000 epoch=4002 flow=59 side=new cur=4201680672 next=4828749999 tgt=5750000000 f=0.405 u=0 breach=0 end=
CBAP_MIG t=20010000 epoch=4002 flow=60 side=new cur=4201680672 next=4828749999 tgt=5750000000 f=0.405 u=0 breach=0 end=
CBAP_MIG t=20010000 epoch=4002 flow=61 side=new cur=4201680672 next=4828749999 tgt=5750000000 f=0.405 u=0 breach=0 end=
CBAP_MIG t=20010000 epoch=4002 flow=62 side=new cur=4201680672 next=4828749999 tgt=5750000000 f=0.405 u=0 breach=0 end=
CBAP_MIG t=20010000 epoch=4002 flow=63 side=new cur=4201680672 next=4828749999 tgt=5750000000 f=0.405 u=0 breach=0 end=
CBAP_MIG t=20010000 epoch=4002 flow=64 side=new cur=4201680672 next=4828749999 tgt=5750000000 f=0.405 u=0 breach=0 end=
CBAP_MIG t=20015000 epoch=4003 flow=0 side=old cur=233599999999 next=173119999999 tgt=31999999999 f=0.3 u=0 breach=0 end=
CBAP_MIG t=20015000 epoch=4003 flow=1 side=new cur=4201680672 next=4828749999 tgt=5750000000 f=0.405 u=0 breach=0 end=
CBAP_MIG t=20015000 epoch=4003 flow=2 side=new cur=4201680672 next=4828749999 tgt=5750000000 f=0.405 u=0 breach=0 end=
CBAP_MIG t=20015000 epoch=4003 flow=3 side=new cur=4201680672 next=4828749999 tgt=5750000000 f=0.405 u=0 breach=0 end=
CBAP_MIG t=20015000 epoch=4003 flow=4 side=new cur=4201680672 next=4828749999 tgt=5750000000 f=0.405 u=0 breach=0 end=
CBAP_MIG t=20015000 epoch=4003 flow=5 side=new cur=4201680672 next=4828749999 tgt=5750000000 f=0.405 u=0 breach=0 end=
CBAP_MIG t=20015000 epoch=4003 flow=6 side=new cur=4201680672 next=4828749999 tgt=5750000000 f=0.405 u=0 breach=0 end=
CBAP_MIG t=20015000 epoch=4003 flow=7 side=new cur=4201680672 next=4828749999 tgt=5750000000 f=0.405 u=0 breach=0 end=
CBAP_MIG t=20015000 epoch=4003 flow=8 side=new cur=4201680672 next=4828749999 tgt=5750000000 f=0.405 u=0 breach=0 end=
CBAP_MIG t=20015000 epoch=4003 flow=9 side=new cur=4201680672 next=4828749999 tgt=5750000000 f=0.405 u=0 breach=0 end=
CBAP_MIG t=20015000 epoch=4003 flow=10 side=new cur=4201680672 next=4828749999 tgt=5750000000 f=0.405 u=0 breach=0 end=
CBAP_MIG t=20015000 epoch=4003 flow=11 side=new cur=4201680672 next=4828749999 tgt=5750000000 f=0.405 u=0 breach=0 end=
CBAP_MIG t=20015000 epoch=4003 flow=12 side=new cur=4201680672 next=4828749999 tgt=5750000000 f=0.405 u=0 breach=0 end=
CBAP_MIG t=20015000 epoch=4003 flow=13 side=new cur=4201680672 next=4828749999 tgt=5750000000 f=0.405 u=0 breach=0 end=
CBAP_MIG t=20015000 epoch=4003 flow=14 side=new cur=4201680672 next=4828749999 tgt=5750000000 f=0.405 u=0 breach=0 end=
CBAP_MIG t=20015000 epoch=4003 flow=15 side=new cur=4201680672 next=4828749999 tgt=5750000000 f=0.405 u=0 breach=0 end=
CBAP_MIG t=20015000 epoch=4003 flow=16 side=new cur=4201680672 next=4828749999 tgt=5750000000 f=0.405 u=0 breach=0 end=
CBAP_MIG t=20015000 epoch=4003 flow=17 side=new cur=4201680672 next=4828749999 tgt=5750000000 f=0.405 u=0 breach=0 end=
CBAP_MIG t=20015000 epoch=4003 flow=18 side=new cur=4201680672 next=4828749999 tgt=5750000000 f=0.405 u=0 breach=0 end=
CBAP_MIG t=20015000 epoch=4003 flow=19 side=new cur=4201680672 next=4828749999 tgt=5750000000 f=0.405 u=0 breach=0 end=
CBAP_MIG t=20015000 epoch=4003 flow=20 side=new cur=4201680672 next=4828749999 tgt=5750000000 f=0.405 u=0 breach=0 end=
CBAP_MIG t=20015000 epoch=4003 flow=21 side=new cur=4201680672 next=4828749999 tgt=5750000000 f=0.405 u=0 breach=0 end=
CBAP_MIG t=20015000 epoch=4003 flow=22 side=new cur=4201680672 next=4828749999 tgt=5750000000 f=0.405 u=0 breach=0 end=
CBAP_MIG t=20015000 epoch=4003 flow=23 side=new cur=4201680672 next=4828749999 tgt=5750000000 f=0.405 u=0 breach=0 end=
CBAP_MIG t=20015000 epoch=4003 flow=24 side=new cur=4201680672 next=4828749999 tgt=5750000000 f=0.405 u=0 breach=0 end=
CBAP_MIG t=20015000 epoch=4003 flow=25 side=new cur=4201680672 next=4828749999 tgt=5750000000 f=0.405 u=0 breach=0 end=
CBAP_MIG t=20015000 epoch=4003 flow=26 side=new cur=4201680672 next=4828749999 tgt=5750000000 f=0.405 u=0 breach=0 end=
CBAP_MIG t=20015000 epoch=4003 flow=27 side=new cur=4201680672 next=4828749999 tgt=5750000000 f=0.405 u=0 breach=0 end=
CBAP_MIG t=20015000 epoch=4003 flow=28 side=new cur=4201680672 next=4828749999 tgt=5750000000 f=0.405 u=0 breach=0 end=
CBAP_MIG t=20015000 epoch=4003 flow=29 side=new cur=4201680672 next=4828749999 tgt=5750000000 f=0.405 u=0 breach=0 end=
CBAP_MIG t=20015000 epoch=4003 flow=30 side=new cur=4201680672 next=4828749999 tgt=5750000000 f=0.405 u=0 breach=0 end=
CBAP_MIG t=20015000 epoch=4003 flow=31 side=new cur=4201680672 next=4828749999 tgt=5750000000 f=0.405 u=0 breach=0 end=
CBAP_MIG t=20015000 epoch=4003 flow=32 side=new cur=4201680672 next=4828749999 tgt=5750000000 f=0.405 u=0 breach=0 end=
CBAP_MIG t=20015000 epoch=4003 flow=33 side=new cur=4201680672 next=4828749999 tgt=5750000000 f=0.405 u=0 breach=0 end=
CBAP_MIG t=20015000 epoch=4003 flow=34 side=new cur=4201680672 next=4828749999 tgt=5750000000 f=0.405 u=0 breach=0 end=
CBAP_MIG t=20015000 epoch=4003 flow=35 side=new cur=4201680672 next=4828749999 tgt=5750000000 f=0.405 u=0 breach=0 end=
CBAP_MIG t=20015000 epoch=4003 flow=36 side=new cur=4201680672 next=4828749999 tgt=5750000000 f=0.405 u=0 breach=0 end=
CBAP_MIG t=20015000 epoch=4003 flow=37 side=new cur=4201680672 next=4828749999 tgt=5750000000 f=0.405 u=0 breach=0 end=
CBAP_MIG t=20015000 epoch=4003 flow=38 side=new cur=4201680672 next=4828749999 tgt=5750000000 f=0.405 u=0 breach=0 end=
CBAP_MIG t=20015000 epoch=4003 flow=39 side=new cur=4201680672 next=4828749999 tgt=5750000000 f=0.405 u=0 breach=0 end=
CBAP_MIG t=20015000 epoch=4003 flow=40 side=new cur=4201680672 next=4828749999 tgt=5750000000 f=0.405 u=0 breach=0 end=
CBAP_MIG t=20015000 epoch=4003 flow=41 side=new cur=4201680672 next=4828749999 tgt=5750000000 f=0.405 u=0 breach=0 end=
CBAP_MIG t=20015000 epoch=4003 flow=42 side=new cur=4201680672 next=4828749999 tgt=5750000000 f=0.405 u=0 breach=0 end=
CBAP_MIG t=20015000 epoch=4003 flow=43 side=new cur=4201680672 next=4828749999 tgt=5750000000 f=0.405 u=0 breach=0 end=
CBAP_MIG t=20015000 epoch=4003 flow=44 side=new cur=4201680672 next=4828749999 tgt=5750000000 f=0.405 u=0 breach=0 end=
CBAP_MIG t=20015000 epoch=4003 flow=45 side=new cur=4201680672 next=4828749999 tgt=5750000000 f=0.405 u=0 breach=0 end=
CBAP_MIG t=20015000 epoch=4003 flow=46 side=new cur=4201680672 next=4828749999 tgt=5750000000 f=0.405 u=0 breach=0 end=
CBAP_MIG t=20015000 epoch=4003 flow=47 side=new cur=4201680672 next=4828749999 tgt=5750000000 f=0.405 u=0 breach=0 end=
CBAP_MIG t=20015000 epoch=4003 flow=48 side=new cur=4201680672 next=4828749999 tgt=5750000000 f=0.405 u=0 breach=0 end=
CBAP_MIG t=20015000 epoch=4003 flow=49 side=new cur=4201680672 next=4828749999 tgt=5750000000 f=0.405 u=0 breach=0 end=
CBAP_MIG t=20015000 epoch=4003 flow=50 side=new cur=4201680672 next=4828749999 tgt=5750000000 f=0.405 u=0 breach=0 end=
CBAP_MIG t=20015000 epoch=4003 flow=51 side=new cur=4201680672 next=4828749999 tgt=5750000000 f=0.405 u=0 breach=0 end=
CBAP_MIG t=20015000 epoch=4003 flow=52 side=new cur=4201680672 next=4828749999 tgt=5750000000 f=0.405 u=0 breach=0 end=
CBAP_MIG t=20015000 epoch=4003 flow=53 side=new cur=4201680672 next=4828749999 tgt=5750000000 f=0.405 u=0 breach=0 end=
CBAP_MIG t=20015000 epoch=4003 flow=54 side=new cur=4201680672 next=4828749999 tgt=5750000000 f=0.405 u=0 breach=0 end=
CBAP_MIG t=20015000 epoch=4003 flow=55 side=new cur=4201680672 next=4828749999 tgt=5750000000 f=0.405 u=0 breach=0 end=
CBAP_MIG t=20015000 epoch=4003 flow=56 side=new cur=4201680672 next=4828749999 tgt=5750000000 f=0.405 u=0 breach=0 end=
CBAP_MIG t=20015000 epoch=4003 flow=57 side=new cur=4201680672 next=4828749999 tgt=5750000000 f=0.405 u=0 breach=0 end=
CBAP_MIG t=20015000 epoch=4003 flow=58 side=new cur=4201680672 next=4828749999 tgt=5750000000 f=0.405 u=0 breach=0 end=
CBAP_MIG t=20015000 epoch=4003 flow=59 side=new cur=4201680672 next=4828749999 tgt=5750000000 f=0.405 u=0 breach=0 end=
CBAP_MIG t=20015000 epoch=4003 flow=60 side=new cur=4201680672 next=4828749999 tgt=5750000000 f=0.405 u=0 breach=0 end=
CBAP_MIG t=20015000 epoch=4003 flow=61 side=new cur=4201680672 next=4828749999 tgt=5750000000 f=0.405 u=0 breach=0 end=
CBAP_MIG t=20015000 epoch=4003 flow=62 side=new cur=4201680672 next=4828749999 tgt=5750000000 f=0.405 u=0 breach=0 end=
CBAP_MIG t=20015000 epoch=4003 flow=63 side=new cur=4201680672 next=4828749999 tgt=5750000000 f=0.405 u=0 breach=0 end=
CBAP_MIG t=20015000 epoch=4003 flow=64 side=new cur=4201680672 next=4828749999 tgt=5750000000 f=0.405 u=0 breach=0 end=
CBAP_MIG t=20020000 epoch=4004 flow=0 side=old cur=173119999999 next=130783999999 tgt=31999999999 f=0.3 u=0 breach=0 end=
CBAP_MIG t=20020000 epoch=4004 flow=1 side=new cur=4201680672 next=4828749999 tgt=5750000000 f=0.405 u=0 breach=0 end=
CBAP_MIG t=20020000 epoch=4004 flow=2 side=new cur=4201680672 next=4828749999 tgt=5750000000 f=0.405 u=0 breach=0 end=
CBAP_MIG t=20020000 epoch=4004 flow=3 side=new cur=4201680672 next=4828749999 tgt=5750000000 f=0.405 u=0 breach=0 end=
CBAP_MIG t=20020000 epoch=4004 flow=4 side=new cur=4201680672 next=4828749999 tgt=5750000000 f=0.405 u=0 breach=0 end=
CBAP_MIG t=20020000 epoch=4004 flow=5 side=new cur=4201680672 next=4828749999 tgt=5750000000 f=0.405 u=0 breach=0 end=
CBAP_MIG t=20020000 epoch=4004 flow=6 side=new cur=4201680672 next=4828749999 tgt=5750000000 f=0.405 u=0 breach=0 end=
CBAP_MIG t=20020000 epoch=4004 flow=7 side=new cur=4201680672 next=4828749999 tgt=5750000000 f=0.405 u=0 breach=0 end=
CBAP_MIG t=20020000 epoch=4004 flow=8 side=new cur=4201680672 next=4828749999 tgt=5750000000 f=0.405 u=0 breach=0 end=
CBAP_MIG t=20020000 epoch=4004 flow=9 side=new cur=4201680672 next=4828749999 tgt=5750000000 f=0.405 u=0 breach=0 end=
CBAP_MIG t=20020000 epoch=4004 flow=10 side=new cur=4201680672 next=4828749999 tgt=5750000000 f=0.405 u=0 breach=0 end=
CBAP_MIG t=20020000 epoch=4004 flow=11 side=new cur=4201680672 next=4828749999 tgt=5750000000 f=0.405 u=0 breach=0 end=
CBAP_MIG t=20020000 epoch=4004 flow=12 side=new cur=4201680672 next=4828749999 tgt=5750000000 f=0.405 u=0 breach=0 end=
CBAP_MIG t=20020000 epoch=4004 flow=13 side=new cur=4201680672 next=4828749999 tgt=5750000000 f=0.405 u=0 breach=0 end=
CBAP_MIG t=20020000 epoch=4004 flow=14 side=new cur=4201680672 next=4828749999 tgt=5750000000 f=0.405 u=0 breach=0 end=
CBAP_MIG t=20020000 epoch=4004 flow=15 side=new cur=4201680672 next=4828749999 tgt=5750000000 f=0.405 u=0 breach=0 end=
CBAP_MIG t=20020000 epoch=4004 flow=16 side=new cur=4201680672 next=4828749999 tgt=5750000000 f=0.405 u=0 breach=0 end=
CBAP_MIG t=20020000 epoch=4004 flow=17 side=new cur=4201680672 next=4828749999 tgt=5750000000 f=0.405 u=0 breach=0 end=
CBAP_MIG t=20020000 epoch=4004 flow=18 side=new cur=4201680672 next=4828749999 tgt=5750000000 f=0.405 u=0 breach=0 end=
CBAP_MIG t=20020000 epoch=4004 flow=19 side=new cur=4201680672 next=4828749999 tgt=5750000000 f=0.405 u=0 breach=0 end=
CBAP_MIG t=20020000 epoch=4004 flow=20 side=new cur=4201680672 next=4828749999 tgt=5750000000 f=0.405 u=0 breach=0 end=
CBAP_MIG t=20020000 epoch=4004 flow=21 side=new cur=4201680672 next=4828749999 tgt=5750000000 f=0.405 u=0 breach=0 end=
CBAP_MIG t=20020000 epoch=4004 flow=22 side=new cur=4201680672 next=4828749999 tgt=5750000000 f=0.405 u=0 breach=0 end=
CBAP_MIG t=20020000 epoch=4004 flow=23 side=new cur=4201680672 next=4828749999 tgt=5750000000 f=0.405 u=0 breach=0 end=
CBAP_MIG t=20020000 epoch=4004 flow=24 side=new cur=4201680672 next=4828749999 tgt=5750000000 f=0.405 u=0 breach=0 end=
CBAP_MIG t=20020000 epoch=4004 flow=25 side=new cur=4201680672 next=4828749999 tgt=5750000000 f=0.405 u=0 breach=0 end=
CBAP_MIG t=20020000 epoch=4004 flow=26 side=new cur=4201680672 next=4828749999 tgt=5750000000 f=0.405 u=0 breach=0 end=
CBAP_MIG t=20020000 epoch=4004 flow=27 side=new cur=4201680672 next=4828749999 tgt=5750000000 f=0.405 u=0 breach=0 end=
CBAP_MIG t=20020000 epoch=4004 flow=28 side=new cur=4201680672 next=4828749999 tgt=5750000000 f=0.405 u=0 breach=0 end=
CBAP_MIG t=20020000 epoch=4004 flow=29 side=new cur=4201680672 next=4828749999 tgt=5750000000 f=0.405 u=0 breach=0 end=
CBAP_MIG t=20020000 epoch=4004 flow=30 side=new cur=4201680672 next=4828749999 tgt=5750000000 f=0.405 u=0 breach=0 end=
CBAP_MIG t=20020000 epoch=4004 flow=31 side=new cur=4201680672 next=4828749999 tgt=5750000000 f=0.405 u=0 breach=0 end=
CBAP_MIG t=20020000 epoch=4004 flow=32 side=new cur=4201680672 next=4828749999 tgt=5750000000 f=0.405 u=0 breach=0 end=
CBAP_MIG t=20020000 epoch=4004 flow=33 side=new cur=4201680672 next=4828749999 tgt=5750000000 f=0.405 u=0 breach=0 end=
CBAP_MIG t=20020000 epoch=4004 flow=34 side=new cur=4201680672 next=4828749999 tgt=5750000000 f=0.405 u=0 breach=0 end=
CBAP_MIG t=20020000 epoch=4004 flow=35 side=new cur=4201680672 next=4828749999 tgt=5750000000 f=0.405 u=0 breach=0 end=
CBAP_MIG t=20020000 epoch=4004 flow=36 side=new cur=4201680672 next=4828749999 tgt=5750000000 f=0.405 u=0 breach=0 end=
CBAP_MIG t=20020000 epoch=4004 flow=37 side=new cur=4201680672 next=4828749999 tgt=5750000000 f=0.405 u=0 breach=0 end=
CBAP_MIG t=20020000 epoch=4004 flow=38 side=new cur=4201680672 next=4828749999 tgt=5750000000 f=0.405 u=0 breach=0 end=
CBAP_MIG t=20020000 epoch=4004 flow=39 side=new cur=4201680672 next=4828749999 tgt=5750000000 f=0.405 u=0 breach=0 end=
CBAP_MIG t=20020000 epoch=4004 flow=40 side=new cur=4201680672 next=4828749999 tgt=5750000000 f=0.405 u=0 breach=0 end=
CBAP_MIG t=20020000 epoch=4004 flow=41 side=new cur=4201680672 next=4828749999 tgt=5750000000 f=0.405 u=0 breach=0 end=
CBAP_MIG t=20020000 epoch=4004 flow=42 side=new cur=4201680672 next=4828749999 tgt=5750000000 f=0.405 u=0 breach=0 end=
CBAP_MIG t=20020000 epoch=4004 flow=43 side=new cur=4201680672 next=4828749999 tgt=5750000000 f=0.405 u=0 breach=0 end=
CBAP_MIG t=20020000 epoch=4004 flow=44 side=new cur=4201680672 next=4828749999 tgt=5750000000 f=0.405 u=0 breach=0 end=
CBAP_MIG t=20020000 epoch=4004 flow=45 side=new cur=4201680672 next=4828749999 tgt=5750000000 f=0.405 u=0 breach=0 end=
CBAP_MIG t=20020000 epoch=4004 flow=46 side=new cur=4201680672 next=4828749999 tgt=5750000000 f=0.405 u=0 breach=0 end=
CBAP_MIG t=20020000 epoch=4004 flow=47 side=new cur=4201680672 next=4828749999 tgt=5750000000 f=0.405 u=0 breach=0 end=
CBAP_MIG t=20020000 epoch=4004 flow=48 side=new cur=4201680672 next=4828749999 tgt=5750000000 f=0.405 u=0 breach=0 end=
CBAP_MIG t=20020000 epoch=4004 flow=49 side=new cur=4201680672 next=4828749999 tgt=5750000000 f=0.405 u=0 breach=0 end=
CBAP_MIG t=20020000 epoch=4004 flow=50 side=new cur=4201680672 next=4828749999 tgt=5750000000 f=0.405 u=0 breach=0 end=
CBAP_MIG t=20020000 epoch=4004 flow=51 side=new cur=4201680672 next=4828749999 tgt=5750000000 f=0.405 u=0 breach=0 end=
CBAP_MIG t=20020000 epoch=4004 flow=52 side=new cur=4201680672 next=4828749999 tgt=5750000000 f=0.405 u=0 breach=0 end=
CBAP_MIG t=20020000 epoch=4004 flow=53 side=new cur=4201680672 next=4828749999 tgt=5750000000 f=0.405 u=0 breach=0 end=
CBAP_MIG t=20020000 epoch=4004 flow=54 side=new cur=4201680672 next=4828749999 tgt=5750000000 f=0.405 u=0 breach=0 end=
CBAP_MIG t=20020000 epoch=4004 flow=55 side=new cur=4201680672 next=4828749999 tgt=5750000000 f=0.405 u=0 breach=0 end=
CBAP_MIG t=20020000 epoch=4004 flow=56 side=new cur=4201680672 next=4828749999 tgt=5750000000 f=0.405 u=0 breach=0 end=
CBAP_MIG t=20020000 epoch=4004 flow=57 side=new cur=4201680672 next=4828749999 tgt=5750000000 f=0.405 u=0 breach=0 end=
CBAP_MIG t=20020000 epoch=4004 flow=58 side=new cur=4201680672 next=4828749999 tgt=5750000000 f=0.405 u=0 breach=0 end=
CBAP_MIG t=20020000 epoch=4004 flow=59 side=new cur=4201680672 next=4828749999 tgt=5750000000 f=0.405 u=0 breach=0 end=
CBAP_MIG t=20020000 epoch=4004 flow=60 side=new cur=4201680672 next=4828749999 tgt=5750000000 f=0.405 u=0 breach=0 end=
CBAP_MIG t=20020000 epoch=4004 flow=61 side=new cur=4201680672 next=4828749999 tgt=5750000000 f=0.405 u=0 breach=0 end=
CBAP_MIG t=20020000 epoch=4004 flow=62 side=new cur=4201680672 next=4828749999 tgt=5750000000 f=0.405 u=0 breach=0 end=
CBAP_MIG t=20020000 epoch=4004 flow=63 side=new cur=4201680672 next=4828749999 tgt=5750000000 f=0.405 u=0 breach=0 end=
CBAP_MIG t=20020000 epoch=4004 flow=64 side=new cur=4201680672 next=4828749999 tgt=5750000000 f=0.405 u=0 breach=0 end=
CBAP_MIG t=20025000 epoch=4005 flow=0 side=old cur=130783999999 next=101148799999 tgt=31999999999 f=0.3 u=0 breach=0 end=
CBAP_MIG t=20025000 epoch=4005 flow=1 side=new cur=4206500000 next=4831617499 tgt=5750000000 f=0.405 u=0 breach=0 end=
CBAP_MIG t=20025000 epoch=4005 flow=2 side=new cur=4206500000 next=4831617499 tgt=5750000000 f=0.405 u=0 breach=0 end=
CBAP_MIG t=20025000 epoch=4005 flow=3 side=new cur=4206500000 next=4831617499 tgt=5750000000 f=0.405 u=0 breach=0 end=
CBAP_MIG t=20025000 epoch=4005 flow=4 side=new cur=4206500000 next=4831617499 tgt=5750000000 f=0.405 u=0 breach=0 end=
CBAP_MIG t=20025000 epoch=4005 flow=5 side=new cur=4206500000 next=4831617499 tgt=5750000000 f=0.405 u=0 breach=0 end=
CBAP_MIG t=20025000 epoch=4005 flow=6 side=new cur=4206500000 next=4831617499 tgt=5750000000 f=0.405 u=0 breach=0 end=
CBAP_MIG t=20025000 epoch=4005 flow=7 side=new cur=4206500000 next=4831617499 tgt=5750000000 f=0.405 u=0 breach=0 end=
CBAP_MIG t=20025000 epoch=4005 flow=8 side=new cur=4206500000 next=4831617499 tgt=5750000000 f=0.405 u=0 breach=0 end=
CBAP_MIG t=20025000 epoch=4005 flow=9 side=new cur=4206500000 next=4831617499 tgt=5750000000 f=0.405 u=0 breach=0 end=
CBAP_MIG t=20025000 epoch=4005 flow=10 side=new cur=4206500000 next=4831617499 tgt=5750000000 f=0.405 u=0 breach=0 end=
CBAP_MIG t=20025000 epoch=4005 flow=11 side=new cur=4206500000 next=4831617499 tgt=5750000000 f=0.405 u=0 breach=0 end=
CBAP_MIG t=20025000 epoch=4005 flow=12 side=new cur=4206500000 next=4831617499 tgt=5750000000 f=0.405 u=0 breach=0 end=
CBAP_MIG t=20025000 epoch=4005 flow=13 side=new cur=4206500000 next=4831617499 tgt=5750000000 f=0.405 u=0 breach=0 end=
CBAP_MIG t=20025000 epoch=4005 flow=14 side=new cur=4206500000 next=4831617499 tgt=5750000000 f=0.405 u=0 breach=0 end=
CBAP_MIG t=20025000 epoch=4005 flow=15 side=new cur=4206500000 next=4831617499 tgt=5750000000 f=0.405 u=0 breach=0 end=
CBAP_MIG t=20025000 epoch=4005 flow=16 side=new cur=4206500000 next=4831617499 tgt=5750000000 f=0.405 u=0 breach=0 end=
CBAP_MIG t=20025000 epoch=4005 flow=17 side=new cur=4206500000 next=4831617499 tgt=5750000000 f=0.405 u=0 breach=0 end=
CBAP_MIG t=20025000 epoch=4005 flow=18 side=new cur=4206500000 next=4831617499 tgt=5750000000 f=0.405 u=0 breach=0 end=
CBAP_MIG t=20025000 epoch=4005 flow=19 side=new cur=4206500000 next=4831617499 tgt=5750000000 f=0.405 u=0 breach=0 end=
CBAP_MIG t=20025000 epoch=4005 flow=20 side=new cur=4206500000 next=4831617499 tgt=5750000000 f=0.405 u=0 breach=0 end=
CBAP_MIG t=20025000 epoch=4005 flow=21 side=new cur=4206500000 next=4831617499 tgt=5750000000 f=0.405 u=0 breach=0 end=
CBAP_MIG t=20025000 epoch=4005 flow=22 side=new cur=4206500000 next=4831617499 tgt=5750000000 f=0.405 u=0 breach=0 end=
CBAP_MIG t=20025000 epoch=4005 flow=23 side=new cur=4206500000 next=4831617499 tgt=5750000000 f=0.405 u=0 breach=0 end=
CBAP_MIG t=20025000 epoch=4005 flow=24 side=new cur=4206500000 next=4831617499 tgt=5750000000 f=0.405 u=0 breach=0 end=
CBAP_MIG t=20025000 epoch=4005 flow=25 side=new cur=4206500000 next=4831617499 tgt=5750000000 f=0.405 u=0 breach=0 end=
CBAP_MIG t=20025000 epoch=4005 flow=26 side=new cur=4206500000 next=4831617499 tgt=5750000000 f=0.405 u=0 breach=0 end=
CBAP_MIG t=20025000 epoch=4005 flow=27 side=new cur=4206500000 next=4831617499 tgt=5750000000 f=0.405 u=0 breach=0 end=
CBAP_MIG t=20025000 epoch=4005 flow=28 side=new cur=4206500000 next=4831617499 tgt=5750000000 f=0.405 u=0 breach=0 end=
CBAP_MIG t=20025000 epoch=4005 flow=29 side=new cur=4206500000 next=4831617499 tgt=5750000000 f=0.405 u=0 breach=0 end=
CBAP_MIG t=20025000 epoch=4005 flow=30 side=new cur=4206500000 next=4831617499 tgt=5750000000 f=0.405 u=0 breach=0 end=
CBAP_MIG t=20025000 epoch=4005 flow=31 side=new cur=4206500000 next=4831617499 tgt=5750000000 f=0.405 u=0 breach=0 end=
CBAP_MIG t=20025000 epoch=4005 flow=32 side=new cur=4206500000 next=4831617499 tgt=5750000000 f=0.405 u=0 breach=0 end=
CBAP_MIG t=20025000 epoch=4005 flow=33 side=new cur=4206500000 next=4831617499 tgt=5750000000 f=0.405 u=0 breach=0 end=
CBAP_MIG t=20025000 epoch=4005 flow=34 side=new cur=4206500000 next=4831617499 tgt=5750000000 f=0.405 u=0 breach=0 end=
CBAP_MIG t=20025000 epoch=4005 flow=35 side=new cur=4206500000 next=4831617499 tgt=5750000000 f=0.405 u=0 breach=0 end=
CBAP_MIG t=20025000 epoch=4005 flow=36 side=new cur=4206500000 next=4831617499 tgt=5750000000 f=0.405 u=0 breach=0 end=
CBAP_MIG t=20025000 epoch=4005 flow=37 side=new cur=4206500000 next=4831617499 tgt=5750000000 f=0.405 u=0 breach=0 end=
CBAP_MIG t=20025000 epoch=4005 flow=38 side=new cur=4206500000 next=4831617499 tgt=5750000000 f=0.405 u=0 breach=0 end=
CBAP_MIG t=20025000 epoch=4005 flow=39 side=new cur=4206500000 next=4831617499 tgt=5750000000 f=0.405 u=0 breach=0 end=
CBAP_MIG t=20025000 epoch=4005 flow=40 side=new cur=4206500000 next=4831617499 tgt=5750000000 f=0.405 u=0 breach=0 end=
CBAP_MIG t=20025000 epoch=4005 flow=41 side=new cur=4206500000 next=4831617499 tgt=5750000000 f=0.405 u=0 breach=0 end=
CBAP_MIG t=20025000 epoch=4005 flow=42 side=new cur=4206500000 next=4831617499 tgt=5750000000 f=0.405 u=0 breach=0 end=
CBAP_MIG t=20025000 epoch=4005 flow=43 side=new cur=4206500000 next=4831617499 tgt=5750000000 f=0.405 u=0 breach=0 end=
CBAP_MIG t=20025000 epoch=4005 flow=44 side=new cur=4206500000 next=4831617499 tgt=5750000000 f=0.405 u=0 breach=0 end=
CBAP_MIG t=20025000 epoch=4005 flow=45 side=new cur=4206500000 next=4831617499 tgt=5750000000 f=0.405 u=0 breach=0 end=
CBAP_MIG t=20025000 epoch=4005 flow=46 side=new cur=4206500000 next=4831617499 tgt=5750000000 f=0.405 u=0 breach=0 end=
CBAP_MIG t=20025000 epoch=4005 flow=47 side=new cur=4206500000 next=4831617499 tgt=5750000000 f=0.405 u=0 breach=0 end=
CBAP_MIG t=20025000 epoch=4005 flow=48 side=new cur=4206500000 next=4831617499 tgt=5750000000 f=0.405 u=0 breach=0 end=
CBAP_MIG t=20025000 epoch=4005 flow=49 side=new cur=4206500000 next=4831617499 tgt=5750000000 f=0.405 u=0 breach=0 end=
CBAP_MIG t=20025000 epoch=4005 flow=50 side=new cur=4206500000 next=4831617499 tgt=5750000000 f=0.405 u=0 breach=0 end=
CBAP_MIG t=20025000 epoch=4005 flow=51 side=new cur=4206500000 next=4831617499 tgt=5750000000 f=0.405 u=0 breach=0 end=
CBAP_MIG t=20025000 epoch=4005 flow=52 side=new cur=4206500000 next=4831617499 tgt=5750000000 f=0.405 u=0 breach=0 end=
CBAP_MIG t=20025000 epoch=4005 flow=53 side=new cur=4206500000 next=4831617499 tgt=5750000000 f=0.405 u=0 breach=0 end=
CBAP_MIG t=20025000 epoch=4005 flow=54 side=new cur=4206500000 next=4831617499 tgt=5750000000 f=0.405 u=0 breach=0 end=
CBAP_MIG t=20025000 epoch=4005 flow=55 side=new cur=4206500000 next=4831617499 tgt=5750000000 f=0.405 u=0 breach=0 end=
CBAP_MIG t=20025000 epoch=4005 flow=56 side=new cur=4206500000 next=4831617499 tgt=5750000000 f=0.405 u=0 breach=0 end=
CBAP_MIG t=20025000 epoch=4005 flow=57 side=new cur=4206500000 next=4831617499 tgt=5750000000 f=0.405 u=0 breach=0 end=
CBAP_MIG t=20025000 epoch=4005 flow=58 side=new cur=4206500000 next=4831617499 tgt=5750000000 f=0.405 u=0 breach=0 end=
CBAP_MIG t=20025000 epoch=4005 flow=59 side=new cur=4206500000 next=4831617499 tgt=5750000000 f=0.405 u=0 breach=0 end=
CBAP_MIG t=20025000 epoch=4005 flow=60 side=new cur=4206500000 next=4831617499 tgt=5750000000 f=0.405 u=0 breach=0 end=
CBAP_MIG t=20025000 epoch=4005 flow=61 side=new cur=4206500000 next=4831617499 tgt=5750000000 f=0.405 u=0 breach=0 end=
CBAP_MIG t=20025000 epoch=4005 flow=62 side=new cur=4206500000 next=4831617499 tgt=5750000000 f=0.405 u=0 breach=0 end=
CBAP_MIG t=20025000 epoch=4005 flow=63 side=new cur=4206500000 next=4831617499 tgt=5750000000 f=0.405 u=0 breach=0 end=
CBAP_MIG t=20025000 epoch=4005 flow=64 side=new cur=4206500000 next=4831617499 tgt=5750000000 f=0.405 u=0 breach=0 end=
CBAP_MIG t=20030000 epoch=4006 flow=0 side=old cur=101148799999 next=80404159999 tgt=31999999999 f=0.3 u=0 breach=0 end=
CBAP_MIG t=20030000 epoch=4006 flow=1 side=new cur=4732050000 next=5144319749 tgt=5750000000 f=0.405 u=0 breach=0 end=
CBAP_MIG t=20030000 epoch=4006 flow=2 side=new cur=4732050000 next=5144319749 tgt=5750000000 f=0.405 u=0 breach=0 end=
CBAP_MIG t=20030000 epoch=4006 flow=3 side=new cur=4732050000 next=5144319749 tgt=5750000000 f=0.405 u=0 breach=0 end=
CBAP_MIG t=20030000 epoch=4006 flow=4 side=new cur=4732050000 next=5144319749 tgt=5750000000 f=0.405 u=0 breach=0 end=
CBAP_MIG t=20030000 epoch=4006 flow=5 side=new cur=4732050000 next=5144319749 tgt=5750000000 f=0.405 u=0 breach=0 end=
CBAP_MIG t=20030000 epoch=4006 flow=6 side=new cur=4732050000 next=5144319749 tgt=5750000000 f=0.405 u=0 breach=0 end=
CBAP_MIG t=20030000 epoch=4006 flow=7 side=new cur=4732050000 next=5144319749 tgt=5750000000 f=0.405 u=0 breach=0 end=
CBAP_MIG t=20030000 epoch=4006 flow=8 side=new cur=4732050000 next=5144319749 tgt=5750000000 f=0.405 u=0 breach=0 end=
CBAP_MIG t=20030000 epoch=4006 flow=9 side=new cur=4732050000 next=5144319749 tgt=5750000000 f=0.405 u=0 breach=0 end=
CBAP_MIG t=20030000 epoch=4006 flow=10 side=new cur=4732050000 next=5144319749 tgt=5750000000 f=0.405 u=0 breach=0 end=
CBAP_MIG t=20030000 epoch=4006 flow=11 side=new cur=4732050000 next=5144319749 tgt=5750000000 f=0.405 u=0 breach=0 end=
CBAP_MIG t=20030000 epoch=4006 flow=12 side=new cur=4732050000 next=5144319749 tgt=5750000000 f=0.405 u=0 breach=0 end=
CBAP_MIG t=20030000 epoch=4006 flow=13 side=new cur=4732050000 next=5144319749 tgt=5750000000 f=0.405 u=0 breach=0 end=
CBAP_MIG t=20030000 epoch=4006 flow=14 side=new cur=4732050000 next=5144319749 tgt=5750000000 f=0.405 u=0 breach=0 end=
CBAP_MIG t=20030000 epoch=4006 flow=15 side=new cur=4732050000 next=5144319749 tgt=5750000000 f=0.405 u=0 breach=0 end=
CBAP_MIG t=20030000 epoch=4006 flow=16 side=new cur=4732050000 next=5144319749 tgt=5750000000 f=0.405 u=0 breach=0 end=
CBAP_MIG t=20030000 epoch=4006 flow=17 side=new cur=4732050000 next=5144319749 tgt=5750000000 f=0.405 u=0 breach=0 end=
CBAP_MIG t=20030000 epoch=4006 flow=18 side=new cur=4732050000 next=5144319749 tgt=5750000000 f=0.405 u=0 breach=0 end=
CBAP_MIG t=20030000 epoch=4006 flow=19 side=new cur=4732050000 next=5144319749 tgt=5750000000 f=0.405 u=0 breach=0 end=
CBAP_MIG t=20030000 epoch=4006 flow=20 side=new cur=4732050000 next=5144319749 tgt=5750000000 f=0.405 u=0 breach=0 end=
CBAP_MIG t=20030000 epoch=4006 flow=21 side=new cur=4732050000 next=5144319749 tgt=5750000000 f=0.405 u=0 breach=0 end=
CBAP_MIG t=20030000 epoch=4006 flow=22 side=new cur=4732050000 next=5144319749 tgt=5750000000 f=0.405 u=0 breach=0 end=
CBAP_MIG t=20030000 epoch=4006 flow=23 side=new cur=4732050000 next=5144319749 tgt=5750000000 f=0.405 u=0 breach=0 end=
CBAP_MIG t=20030000 epoch=4006 flow=24 side=new cur=4732050000 next=5144319749 tgt=5750000000 f=0.405 u=0 breach=0 end=
CBAP_MIG t=20030000 epoch=4006 flow=25 side=new cur=4732050000 next=5144319749 tgt=5750000000 f=0.405 u=0 breach=0 end=
CBAP_MIG t=20030000 epoch=4006 flow=26 side=new cur=4732050000 next=5144319749 tgt=5750000000 f=0.405 u=0 breach=0 end=
CBAP_MIG t=20030000 epoch=4006 flow=27 side=new cur=4732050000 next=5144319749 tgt=5750000000 f=0.405 u=0 breach=0 end=
CBAP_MIG t=20030000 epoch=4006 flow=28 side=new cur=4732050000 next=5144319749 tgt=5750000000 f=0.405 u=0 breach=0 end=
CBAP_MIG t=20030000 epoch=4006 flow=29 side=new cur=4732050000 next=5144319749 tgt=5750000000 f=0.405 u=0 breach=0 end=
CBAP_MIG t=20030000 epoch=4006 flow=30 side=new cur=4732050000 next=5144319749 tgt=5750000000 f=0.405 u=0 breach=0 end=
CBAP_MIG t=20030000 epoch=4006 flow=31 side=new cur=4732050000 next=5144319749 tgt=5750000000 f=0.405 u=0 breach=0 end=
CBAP_MIG t=20030000 epoch=4006 flow=32 side=new cur=4732050000 next=5144319749 tgt=5750000000 f=0.405 u=0 breach=0 end=
CBAP_MIG t=20030000 epoch=4006 flow=33 side=new cur=4732050000 next=5144319749 tgt=5750000000 f=0.405 u=0 breach=0 end=
CBAP_MIG t=20030000 epoch=4006 flow=34 side=new cur=4732050000 next=5144319749 tgt=5750000000 f=0.405 u=0 breach=0 end=
CBAP_MIG t=20030000 epoch=4006 flow=35 side=new cur=4732050000 next=5144319749 tgt=5750000000 f=0.405 u=0 breach=0 end=
CBAP_MIG t=20030000 epoch=4006 flow=36 side=new cur=4732050000 next=5144319749 tgt=5750000000 f=0.405 u=0 breach=0 end=
CBAP_MIG t=20030000 epoch=4006 flow=37 side=new cur=4732050000 next=5144319749 tgt=5750000000 f=0.405 u=0 breach=0 end=
CBAP_MIG t=20030000 epoch=4006 flow=38 side=new cur=4732050000 next=5144319749 tgt=5750000000 f=0.405 u=0 breach=0 end=
CBAP_MIG t=20030000 epoch=4006 flow=39 side=new cur=4732050000 next=5144319749 tgt=5750000000 f=0.405 u=0 breach=0 end=
CBAP_MIG t=20030000 epoch=4006 flow=40 side=new cur=4732050000 next=5144319749 tgt=5750000000 f=0.405 u=0 breach=0 end=
CBAP_MIG t=20030000 epoch=4006 flow=41 side=new cur=4732050000 next=5144319749 tgt=5750000000 f=0.405 u=0 breach=0 end=
CBAP_MIG t=20030000 epoch=4006 flow=42 side=new cur=4732050000 next=5144319749 tgt=5750000000 f=0.405 u=0 breach=0 end=
CBAP_MIG t=20030000 epoch=4006 flow=43 side=new cur=4732050000 next=5144319749 tgt=5750000000 f=0.405 u=0 breach=0 end=
CBAP_MIG t=20030000 epoch=4006 flow=44 side=new cur=4732050000 next=5144319749 tgt=5750000000 f=0.405 u=0 breach=0 end=
CBAP_MIG t=20030000 epoch=4006 flow=45 side=new cur=4732050000 next=5144319749 tgt=5750000000 f=0.405 u=0 breach=0 end=
CBAP_MIG t=20030000 epoch=4006 flow=46 side=new cur=4732050000 next=5144319749 tgt=5750000000 f=0.405 u=0 breach=0 end=
CBAP_MIG t=20030000 epoch=4006 flow=47 side=new cur=4732050000 next=5144319749 tgt=5750000000 f=0.405 u=0 breach=0 end=
CBAP_MIG t=20030000 epoch=4006 flow=48 side=new cur=4732050000 next=5144319749 tgt=5750000000 f=0.405 u=0 breach=0 end=
CBAP_MIG t=20030000 epoch=4006 flow=49 side=new cur=4732050000 next=5144319749 tgt=5750000000 f=0.405 u=0 breach=0 end=
CBAP_MIG t=20030000 epoch=4006 flow=50 side=new cur=4732050000 next=5144319749 tgt=5750000000 f=0.405 u=0 breach=0 end=
CBAP_MIG t=20030000 epoch=4006 flow=51 side=new cur=4732050000 next=5144319749 tgt=5750000000 f=0.405 u=0 breach=0 end=
CBAP_MIG t=20030000 epoch=4006 flow=52 side=new cur=4732050000 next=5144319749 tgt=5750000000 f=0.405 u=0 breach=0 end=
CBAP_MIG t=20030000 epoch=4006 flow=53 side=new cur=4732050000 next=5144319749 tgt=5750000000 f=0.405 u=0 breach=0 end=
CBAP_MIG t=20030000 epoch=4006 flow=54 side=new cur=4732050000 next=5144319749 tgt=5750000000 f=0.405 u=0 breach=0 end=
CBAP_MIG t=20030000 epoch=4006 flow=55 side=new cur=4732050000 next=5144319749 tgt=5750000000 f=0.405 u=0 breach=0 end=
CBAP_MIG t=20030000 epoch=4006 flow=56 side=new cur=4732050000 next=5144319749 tgt=5750000000 f=0.405 u=0 breach=0 end=
CBAP_MIG t=20030000 epoch=4006 flow=57 side=new cur=4732050000 next=5144319749 tgt=5750000000 f=0.405 u=0 breach=0 end=
CBAP_MIG t=20030000 epoch=4006 flow=58 side=new cur=4732050000 next=5144319749 tgt=5750000000 f=0.405 u=0 breach=0 end=
CBAP_MIG t=20030000 epoch=4006 flow=59 side=new cur=4732050000 next=5144319749 tgt=5750000000 f=0.405 u=0 breach=0 end=
CBAP_MIG t=20030000 epoch=4006 flow=60 side=new cur=4732050000 next=5144319749 tgt=5750000000 f=0.405 u=0 breach=0 end=
CBAP_MIG t=20030000 epoch=4006 flow=61 side=new cur=4732050000 next=5144319749 tgt=5750000000 f=0.405 u=0 breach=0 end=
CBAP_MIG t=20030000 epoch=4006 flow=62 side=new cur=4732050000 next=5144319749 tgt=5750000000 f=0.405 u=0 breach=0 end=
CBAP_MIG t=20030000 epoch=4006 flow=63 side=new cur=4732050000 next=5144319749 tgt=5750000000 f=0.405 u=0 breach=0 end=
CBAP_MIG t=20030000 epoch=4006 flow=64 side=new cur=4732050000 next=5144319749 tgt=5750000000 f=0.405 u=0 breach=0 end=
CBAP_MIG t=20035000 epoch=4007 flow=0 side=old cur=80404159999 next=65882911999 tgt=31999999999 f=0.3 u=0 breach=0 end=
CBAP_MIG t=20035000 epoch=4007 flow=1 side=new cur=5144319749 next=5389620250 tgt=5750000000 f=0.405 u=0 breach=0 end=
CBAP_MIG t=20035000 epoch=4007 flow=2 side=new cur=5144319749 next=5389620250 tgt=5750000000 f=0.405 u=0 breach=0 end=
CBAP_MIG t=20035000 epoch=4007 flow=3 side=new cur=5144319749 next=5389620250 tgt=5750000000 f=0.405 u=0 breach=0 end=
CBAP_MIG t=20035000 epoch=4007 flow=4 side=new cur=5144319749 next=5389620250 tgt=5750000000 f=0.405 u=0 breach=0 end=
CBAP_MIG t=20035000 epoch=4007 flow=5 side=new cur=5144319749 next=5389620250 tgt=5750000000 f=0.405 u=0 breach=0 end=
CBAP_MIG t=20035000 epoch=4007 flow=6 side=new cur=5144319749 next=5389620250 tgt=5750000000 f=0.405 u=0 breach=0 end=
CBAP_MIG t=20035000 epoch=4007 flow=7 side=new cur=5144319749 next=5389620250 tgt=5750000000 f=0.405 u=0 breach=0 end=
CBAP_MIG t=20035000 epoch=4007 flow=8 side=new cur=5144319749 next=5389620250 tgt=5750000000 f=0.405 u=0 breach=0 end=
CBAP_MIG t=20035000 epoch=4007 flow=9 side=new cur=5144319749 next=5389620250 tgt=5750000000 f=0.405 u=0 breach=0 end=
CBAP_MIG t=20035000 epoch=4007 flow=10 side=new cur=5144319749 next=5389620250 tgt=5750000000 f=0.405 u=0 breach=0 end=
CBAP_MIG t=20035000 epoch=4007 flow=11 side=new cur=5144319749 next=5389620250 tgt=5750000000 f=0.405 u=0 breach=0 end=
CBAP_MIG t=20035000 epoch=4007 flow=12 side=new cur=5144319749 next=5389620250 tgt=5750000000 f=0.405 u=0 breach=0 end=
CBAP_MIG t=20035000 epoch=4007 flow=13 side=new cur=5144319749 next=5389620250 tgt=5750000000 f=0.405 u=0 breach=0 end=
CBAP_MIG t=20035000 epoch=4007 flow=14 side=new cur=5144319749 next=5389620250 tgt=5750000000 f=0.405 u=0 breach=0 end=
CBAP_MIG t=20035000 epoch=4007 flow=15 side=new cur=5144319749 next=5389620250 tgt=5750000000 f=0.405 u=0 breach=0 end=
CBAP_MIG t=20035000 epoch=4007 flow=16 side=new cur=5144319749 next=5389620250 tgt=5750000000 f=0.405 u=0 breach=0 end=
CBAP_MIG t=20035000 epoch=4007 flow=17 side=new cur=5144319749 next=5389620250 tgt=5750000000 f=0.405 u=0 breach=0 end=
CBAP_MIG t=20035000 epoch=4007 flow=18 side=new cur=5144319749 next=5389620250 tgt=5750000000 f=0.405 u=0 breach=0 end=
CBAP_MIG t=20035000 epoch=4007 flow=19 side=new cur=5144319749 next=5389620250 tgt=5750000000 f=0.405 u=0 breach=0 end=
CBAP_MIG t=20035000 epoch=4007 flow=20 side=new cur=5144319749 next=5389620250 tgt=5750000000 f=0.405 u=0 breach=0 end=
CBAP_MIG t=20035000 epoch=4007 flow=21 side=new cur=5144319749 next=5389620250 tgt=5750000000 f=0.405 u=0 breach=0 end=
CBAP_MIG t=20035000 epoch=4007 flow=22 side=new cur=5144319749 next=5389620250 tgt=5750000000 f=0.405 u=0 breach=0 end=
CBAP_MIG t=20035000 epoch=4007 flow=23 side=new cur=5144319749 next=5389620250 tgt=5750000000 f=0.405 u=0 breach=0 end=
CBAP_MIG t=20035000 epoch=4007 flow=24 side=new cur=5144319749 next=5389620250 tgt=5750000000 f=0.405 u=0 breach=0 end=
CBAP_MIG t=20035000 epoch=4007 flow=25 side=new cur=5144319749 next=5389620250 tgt=5750000000 f=0.405 u=0 breach=0 end=
CBAP_MIG t=20035000 epoch=4007 flow=26 side=new cur=5144319749 next=5389620250 tgt=5750000000 f=0.405 u=0 breach=0 end=
CBAP_MIG t=20035000 epoch=4007 flow=27 side=new cur=5144319749 next=5389620250 tgt=5750000000 f=0.405 u=0 breach=0 end=
CBAP_MIG t=20035000 epoch=4007 flow=28 side=new cur=5144319749 next=5389620250 tgt=5750000000 f=0.405 u=0 breach=0 end=
CBAP_MIG t=20035000 epoch=4007 flow=29 side=new cur=5144319749 next=5389620250 tgt=5750000000 f=0.405 u=0 breach=0 end=
CBAP_MIG t=20035000 epoch=4007 flow=30 side=new cur=5144319749 next=5389620250 tgt=5750000000 f=0.405 u=0 breach=0 end=
CBAP_MIG t=20035000 epoch=4007 flow=31 side=new cur=5144319749 next=5389620250 tgt=5750000000 f=0.405 u=0 breach=0 end=
CBAP_MIG t=20035000 epoch=4007 flow=32 side=new cur=5144319749 next=5389620250 tgt=5750000000 f=0.405 u=0 breach=0 end=
CBAP_MIG t=20035000 epoch=4007 flow=33 side=new cur=5144319749 next=5389620250 tgt=5750000000 f=0.405 u=0 breach=0 end=
CBAP_MIG t=20035000 epoch=4007 flow=34 side=new cur=5144319749 next=5389620250 tgt=5750000000 f=0.405 u=0 breach=0 end=
CBAP_MIG t=20035000 epoch=4007 flow=35 side=new cur=5144319749 next=5389620250 tgt=5750000000 f=0.405 u=0 breach=0 end=
CBAP_MIG t=20035000 epoch=4007 flow=36 side=new cur=5144319749 next=5389620250 tgt=5750000000 f=0.405 u=0 breach=0 end=
CBAP_MIG t=20035000 epoch=4007 flow=37 side=new cur=5144319749 next=5389620250 tgt=5750000000 f=0.405 u=0 breach=0 end=
CBAP_MIG t=20035000 epoch=4007 flow=38 side=new cur=5144319749 next=5389620250 tgt=5750000000 f=0.405 u=0 breach=0 end=
CBAP_MIG t=20035000 epoch=4007 flow=39 side=new cur=5144319749 next=5389620250 tgt=5750000000 f=0.405 u=0 breach=0 end=
CBAP_MIG t=20035000 epoch=4007 flow=40 side=new cur=5144319749 next=5389620250 tgt=5750000000 f=0.405 u=0 breach=0 end=
CBAP_MIG t=20035000 epoch=4007 flow=41 side=new cur=5144319749 next=5389620250 tgt=5750000000 f=0.405 u=0 breach=0 end=
CBAP_MIG t=20035000 epoch=4007 flow=42 side=new cur=5144319749 next=5389620250 tgt=5750000000 f=0.405 u=0 breach=0 end=
CBAP_MIG t=20035000 epoch=4007 flow=43 side=new cur=5144319749 next=5389620250 tgt=5750000000 f=0.405 u=0 breach=0 end=
CBAP_MIG t=20035000 epoch=4007 flow=44 side=new cur=5144319749 next=5389620250 tgt=5750000000 f=0.405 u=0 breach=0 end=
CBAP_MIG t=20035000 epoch=4007 flow=45 side=new cur=5144319749 next=5389620250 tgt=5750000000 f=0.405 u=0 breach=0 end=
CBAP_MIG t=20035000 epoch=4007 flow=46 side=new cur=5144319749 next=5389620250 tgt=5750000000 f=0.405 u=0 breach=0 end=
CBAP_MIG t=20035000 epoch=4007 flow=47 side=new cur=5144319749 next=5389620250 tgt=5750000000 f=0.405 u=0 breach=0 end=
CBAP_MIG t=20035000 epoch=4007 flow=48 side=new cur=5144319749 next=5389620250 tgt=5750000000 f=0.405 u=0 breach=0 end=
CBAP_MIG t=20035000 epoch=4007 flow=49 side=new cur=5144319749 next=5389620250 tgt=5750000000 f=0.405 u=0 breach=0 end=
CBAP_MIG t=20035000 epoch=4007 flow=50 side=new cur=5144319749 next=5389620250 tgt=5750000000 f=0.405 u=0 breach=0 end=
CBAP_MIG t=20035000 epoch=4007 flow=51 side=new cur=5144319749 next=5389620250 tgt=5750000000 f=0.405 u=0 breach=0 end=
CBAP_MIG t=20035000 epoch=4007 flow=52 side=new cur=5144319749 next=5389620250 tgt=5750000000 f=0.405 u=0 breach=0 end=
CBAP_MIG t=20035000 epoch=4007 flow=53 side=new cur=5144319749 next=5389620250 tgt=5750000000 f=0.405 u=0 breach=0 end=
CBAP_MIG t=20035000 epoch=4007 flow=54 side=new cur=5144319749 next=5389620250 tgt=5750000000 f=0.405 u=0 breach=0 end=
CBAP_MIG t=20035000 epoch=4007 flow=55 side=new cur=5144319749 next=5389620250 tgt=5750000000 f=0.405 u=0 breach=0 end=
CBAP_MIG t=20035000 epoch=4007 flow=56 side=new cur=5144319749 next=5389620250 tgt=5750000000 f=0.405 u=0 breach=0 end=
CBAP_MIG t=20035000 epoch=4007 flow=57 side=new cur=5144319749 next=5389620250 tgt=5750000000 f=0.405 u=0 breach=0 end=
CBAP_MIG t=20035000 epoch=4007 flow=58 side=new cur=5144319749 next=5389620250 tgt=5750000000 f=0.405 u=0 breach=0 end=
CBAP_MIG t=20035000 epoch=4007 flow=59 side=new cur=5144319749 next=5389620250 tgt=5750000000 f=0.405 u=0 breach=0 end=
CBAP_MIG t=20035000 epoch=4007 flow=60 side=new cur=5144319749 next=5389620250 tgt=5750000000 f=0.405 u=0 breach=0 end=
CBAP_MIG t=20035000 epoch=4007 flow=61 side=new cur=5144319749 next=5389620250 tgt=5750000000 f=0.405 u=0 breach=0 end=
CBAP_MIG t=20035000 epoch=4007 flow=62 side=new cur=5144319749 next=5389620250 tgt=5750000000 f=0.405 u=0 breach=0 end=
CBAP_MIG t=20035000 epoch=4007 flow=63 side=new cur=5144319749 next=5389620250 tgt=5750000000 f=0.405 u=0 breach=0 end=
CBAP_MIG t=20035000 epoch=4007 flow=64 side=new cur=5144319749 next=5389620250 tgt=5750000000 f=0.405 u=0 breach=0 end=
CBAP_MIG t=20040000 epoch=4008 flow=0 side=old cur=65882911999 next=55718038399 tgt=31999999999 f=0.3 u=0 breach=0 end=
CBAP_MIG t=20040000 epoch=4008 flow=1 side=new cur=5389620250 next=5535574048 tgt=5750000000 f=0.405 u=0 breach=0 end=
CBAP_MIG t=20040000 epoch=4008 flow=2 side=new cur=5389620250 next=5535574048 tgt=5750000000 f=0.405 u=0 breach=0 end=
CBAP_MIG t=20040000 epoch=4008 flow=3 side=new cur=5389620250 next=5535574048 tgt=5750000000 f=0.405 u=0 breach=0 end=
CBAP_MIG t=20040000 epoch=4008 flow=4 side=new cur=5389620250 next=5535574048 tgt=5750000000 f=0.405 u=0 breach=0 end=
CBAP_MIG t=20040000 epoch=4008 flow=5 side=new cur=5389620250 next=5535574048 tgt=5750000000 f=0.405 u=0 breach=0 end=
CBAP_MIG t=20040000 epoch=4008 flow=6 side=new cur=5389620250 next=5535574048 tgt=5750000000 f=0.405 u=0 breach=0 end=
CBAP_MIG t=20040000 epoch=4008 flow=7 side=new cur=5389620250 next=5535574048 tgt=5750000000 f=0.405 u=0 breach=0 end=
CBAP_MIG t=20040000 epoch=4008 flow=8 side=new cur=5389620250 next=5535574048 tgt=5750000000 f=0.405 u=0 breach=0 end=
CBAP_MIG t=20040000 epoch=4008 flow=9 side=new cur=5389620250 next=5535574048 tgt=5750000000 f=0.405 u=0 breach=0 end=
CBAP_MIG t=20040000 epoch=4008 flow=10 side=new cur=5389620250 next=5535574048 tgt=5750000000 f=0.405 u=0 breach=0 end=
CBAP_MIG t=20040000 epoch=4008 flow=11 side=new cur=5389620250 next=5535574048 tgt=5750000000 f=0.405 u=0 breach=0 end=
CBAP_MIG t=20040000 epoch=4008 flow=12 side=new cur=5389620250 next=5535574048 tgt=5750000000 f=0.405 u=0 breach=0 end=
CBAP_MIG t=20040000 epoch=4008 flow=13 side=new cur=5389620250 next=5535574048 tgt=5750000000 f=0.405 u=0 breach=0 end=
CBAP_MIG t=20040000 epoch=4008 flow=14 side=new cur=5389620250 next=5535574048 tgt=5750000000 f=0.405 u=0 breach=0 end=
CBAP_MIG t=20040000 epoch=4008 flow=15 side=new cur=5389620250 next=5535574048 tgt=5750000000 f=0.405 u=0 breach=0 end=
CBAP_MIG t=20040000 epoch=4008 flow=16 side=new cur=5389620250 next=5535574048 tgt=5750000000 f=0.405 u=0 breach=0 end=
CBAP_MIG t=20040000 epoch=4008 flow=17 side=new cur=5389620250 next=5535574048 tgt=5750000000 f=0.405 u=0 breach=0 end=
CBAP_MIG t=20040000 epoch=4008 flow=18 side=new cur=5389620250 next=5535574048 tgt=5750000000 f=0.405 u=0 breach=0 end=
CBAP_MIG t=20040000 epoch=4008 flow=19 side=new cur=5389620250 next=5535574048 tgt=5750000000 f=0.405 u=0 breach=0 end=
CBAP_MIG t=20040000 epoch=4008 flow=20 side=new cur=5389620250 next=5535574048 tgt=5750000000 f=0.405 u=0 breach=0 end=
CBAP_MIG t=20040000 epoch=4008 flow=21 side=new cur=5389620250 next=5535574048 tgt=5750000000 f=0.405 u=0 breach=0 end=
CBAP_MIG t=20040000 epoch=4008 flow=22 side=new cur=5389620250 next=5535574048 tgt=5750000000 f=0.405 u=0 breach=0 end=
CBAP_MIG t=20040000 epoch=4008 flow=23 side=new cur=5389620250 next=5535574048 tgt=5750000000 f=0.405 u=0 breach=0 end=
CBAP_MIG t=20040000 epoch=4008 flow=24 side=new cur=5389620250 next=5535574048 tgt=5750000000 f=0.405 u=0 breach=0 end=
CBAP_MIG t=20040000 epoch=4008 flow=25 side=new cur=5389620250 next=5535574048 tgt=5750000000 f=0.405 u=0 breach=0 end=
CBAP_MIG t=20040000 epoch=4008 flow=26 side=new cur=5389620250 next=5535574048 tgt=5750000000 f=0.405 u=0 breach=0 end=
CBAP_MIG t=20040000 epoch=4008 flow=27 side=new cur=5389620250 next=5535574048 tgt=5750000000 f=0.405 u=0 breach=0 end=
CBAP_MIG t=20040000 epoch=4008 flow=28 side=new cur=5389620250 next=5535574048 tgt=5750000000 f=0.405 u=0 breach=0 end=
CBAP_MIG t=20040000 epoch=4008 flow=29 side=new cur=5389620250 next=5535574048 tgt=5750000000 f=0.405 u=0 breach=0 end=
CBAP_MIG t=20040000 epoch=4008 flow=30 side=new cur=5389620250 next=5535574048 tgt=5750000000 f=0.405 u=0 breach=0 end=
CBAP_MIG t=20040000 epoch=4008 flow=31 side=new cur=5389620250 next=5535574048 tgt=5750000000 f=0.405 u=0 breach=0 end=
CBAP_MIG t=20040000 epoch=4008 flow=32 side=new cur=5389620250 next=5535574048 tgt=5750000000 f=0.405 u=0 breach=0 end=
CBAP_MIG t=20040000 epoch=4008 flow=33 side=new cur=5389620250 next=5535574048 tgt=5750000000 f=0.405 u=0 breach=0 end=
CBAP_MIG t=20040000 epoch=4008 flow=34 side=new cur=5389620250 next=5535574048 tgt=5750000000 f=0.405 u=0 breach=0 end=
CBAP_MIG t=20040000 epoch=4008 flow=35 side=new cur=5389620250 next=5535574048 tgt=5750000000 f=0.405 u=0 breach=0 end=
CBAP_MIG t=20040000 epoch=4008 flow=36 side=new cur=5389620250 next=5535574048 tgt=5750000000 f=0.405 u=0 breach=0 end=
CBAP_MIG t=20040000 epoch=4008 flow=37 side=new cur=5389620250 next=5535574048 tgt=5750000000 f=0.405 u=0 breach=0 end=
CBAP_MIG t=20040000 epoch=4008 flow=38 side=new cur=5389620250 next=5535574048 tgt=5750000000 f=0.405 u=0 breach=0 end=
CBAP_MIG t=20040000 epoch=4008 flow=39 side=new cur=5389620250 next=5535574048 tgt=5750000000 f=0.405 u=0 breach=0 end=
CBAP_MIG t=20040000 epoch=4008 flow=40 side=new cur=5389620250 next=5535574048 tgt=5750000000 f=0.405 u=0 breach=0 end=
CBAP_MIG t=20040000 epoch=4008 flow=41 side=new cur=5389620250 next=5535574048 tgt=5750000000 f=0.405 u=0 breach=0 end=
CBAP_MIG t=20040000 epoch=4008 flow=42 side=new cur=5389620250 next=5535574048 tgt=5750000000 f=0.405 u=0 breach=0 end=
CBAP_MIG t=20040000 epoch=4008 flow=43 side=new cur=5389620250 next=5535574048 tgt=5750000000 f=0.405 u=0 breach=0 end=
CBAP_MIG t=20040000 epoch=4008 flow=44 side=new cur=5389620250 next=5535574048 tgt=5750000000 f=0.405 u=0 breach=0 end=
CBAP_MIG t=20040000 epoch=4008 flow=45 side=new cur=5389620250 next=5535574048 tgt=5750000000 f=0.405 u=0 breach=0 end=
CBAP_MIG t=20040000 epoch=4008 flow=46 side=new cur=5389620250 next=5535574048 tgt=5750000000 f=0.405 u=0 breach=0 end=
CBAP_MIG t=20040000 epoch=4008 flow=47 side=new cur=5389620250 next=5535574048 tgt=5750000000 f=0.405 u=0 breach=0 end=
CBAP_MIG t=20040000 epoch=4008 flow=48 side=new cur=5389620250 next=5535574048 tgt=5750000000 f=0.405 u=0 breach=0 end=
CBAP_MIG t=20040000 epoch=4008 flow=49 side=new cur=5389620250 next=5535574048 tgt=5750000000 f=0.405 u=0 breach=0 end=
CBAP_MIG t=20040000 epoch=4008 flow=50 side=new cur=5389620250 next=5535574048 tgt=5750000000 f=0.405 u=0 breach=0 end=
CBAP_MIG t=20040000 epoch=4008 flow=51 side=new cur=5389620250 next=5535574048 tgt=5750000000 f=0.405 u=0 breach=0 end=
CBAP_MIG t=20040000 epoch=4008 flow=52 side=new cur=5389620250 next=5535574048 tgt=5750000000 f=0.405 u=0 breach=0 end=
CBAP_MIG t=20040000 epoch=4008 flow=53 side=new cur=5389620250 next=5535574048 tgt=5750000000 f=0.405 u=0 breach=0 end=
CBAP_MIG t=20040000 epoch=4008 flow=54 side=new cur=5389620250 next=5535574048 tgt=5750000000 f=0.405 u=0 breach=0 end=
CBAP_MIG t=20040000 epoch=4008 flow=55 side=new cur=5389620250 next=5535574048 tgt=5750000000 f=0.405 u=0 breach=0 end=
CBAP_MIG t=20040000 epoch=4008 flow=56 side=new cur=5389620250 next=5535574048 tgt=5750000000 f=0.405 u=0 breach=0 end=
CBAP_MIG t=20040000 epoch=4008 flow=57 side=new cur=5389620250 next=5535574048 tgt=5750000000 f=0.405 u=0 breach=0 end=
CBAP_MIG t=20040000 epoch=4008 flow=58 side=new cur=5389620250 next=5535574048 tgt=5750000000 f=0.405 u=0 breach=0 end=
CBAP_MIG t=20040000 epoch=4008 flow=59 side=new cur=5389620250 next=5535574048 tgt=5750000000 f=0.405 u=0 breach=0 end=
CBAP_MIG t=20040000 epoch=4008 flow=60 side=new cur=5389620250 next=5535574048 tgt=5750000000 f=0.405 u=0 breach=0 end=
CBAP_MIG t=20040000 epoch=4008 flow=61 side=new cur=5389620250 next=5535574048 tgt=5750000000 f=0.405 u=0 breach=0 end=
CBAP_MIG t=20040000 epoch=4008 flow=62 side=new cur=5389620250 next=5535574048 tgt=5750000000 f=0.405 u=0 breach=0 end=
CBAP_MIG t=20040000 epoch=4008 flow=63 side=new cur=5389620250 next=5535574048 tgt=5750000000 f=0.405 u=0 breach=0 end=
CBAP_MIG t=20040000 epoch=4008 flow=64 side=new cur=5389620250 next=5535574048 tgt=5750000000 f=0.405 u=0 breach=0 end=
CBAP_MIG t=20045000 epoch=4009 flow=0 side=old cur=55718038399 next=48602626879 tgt=31999999999 f=0.3 u=0 breach=0 end=
CBAP_MIG t=20045000 epoch=4009 flow=1 side=new cur=5379405650 next=5529496361 tgt=5750000000 f=0.405 u=0 breach=0 end=
CBAP_MIG t=20045000 epoch=4009 flow=2 side=new cur=5379405650 next=5529496361 tgt=5750000000 f=0.405 u=0 breach=0 end=
CBAP_MIG t=20045000 epoch=4009 flow=3 side=new cur=5379405650 next=5529496361 tgt=5750000000 f=0.405 u=0 breach=0 end=
CBAP_MIG t=20045000 epoch=4009 flow=4 side=new cur=5379405650 next=5529496361 tgt=5750000000 f=0.405 u=0 breach=0 end=
CBAP_MIG t=20045000 epoch=4009 flow=5 side=new cur=5379405650 next=5529496361 tgt=5750000000 f=0.405 u=0 breach=0 end=
CBAP_MIG t=20045000 epoch=4009 flow=6 side=new cur=5379405650 next=5529496361 tgt=5750000000 f=0.405 u=0 breach=0 end=
CBAP_MIG t=20045000 epoch=4009 flow=7 side=new cur=5379405650 next=5529496361 tgt=5750000000 f=0.405 u=0 breach=0 end=
CBAP_MIG t=20045000 epoch=4009 flow=8 side=new cur=5379405650 next=5529496361 tgt=5750000000 f=0.405 u=0 breach=0 end=
CBAP_MIG t=20045000 epoch=4009 flow=9 side=new cur=5379405650 next=5529496361 tgt=5750000000 f=0.405 u=0 breach=0 end=
CBAP_MIG t=20045000 epoch=4009 flow=10 side=new cur=5379405650 next=5529496361 tgt=5750000000 f=0.405 u=0 breach=0 end=
CBAP_MIG t=20045000 epoch=4009 flow=11 side=new cur=5379405650 next=5529496361 tgt=5750000000 f=0.405 u=0 breach=0 end=
CBAP_MIG t=20045000 epoch=4009 flow=12 side=new cur=5379405650 next=5529496361 tgt=5750000000 f=0.405 u=0 breach=0 end=
CBAP_MIG t=20045000 epoch=4009 flow=13 side=new cur=5379405650 next=5529496361 tgt=5750000000 f=0.405 u=0 breach=0 end=
CBAP_MIG t=20045000 epoch=4009 flow=14 side=new cur=5379405650 next=5529496361 tgt=5750000000 f=0.405 u=0 breach=0 end=
CBAP_MIG t=20045000 epoch=4009 flow=15 side=new cur=5379405650 next=5529496361 tgt=5750000000 f=0.405 u=0 breach=0 end=
CBAP_MIG t=20045000 epoch=4009 flow=16 side=new cur=5379405650 next=5529496361 tgt=5750000000 f=0.405 u=0 breach=0 end=
CBAP_MIG t=20045000 epoch=4009 flow=17 side=new cur=5379405650 next=5529496361 tgt=5750000000 f=0.405 u=0 breach=0 end=
CBAP_MIG t=20045000 epoch=4009 flow=18 side=new cur=5379405650 next=5529496361 tgt=5750000000 f=0.405 u=0 breach=0 end=
CBAP_MIG t=20045000 epoch=4009 flow=19 side=new cur=5379405650 next=5529496361 tgt=5750000000 f=0.405 u=0 breach=0 end=
CBAP_MIG t=20045000 epoch=4009 flow=20 side=new cur=5379405650 next=5529496361 tgt=5750000000 f=0.405 u=0 breach=0 end=
CBAP_MIG t=20045000 epoch=4009 flow=21 side=new cur=5379405650 next=5529496361 tgt=5750000000 f=0.405 u=0 breach=0 end=
CBAP_MIG t=20045000 epoch=4009 flow=22 side=new cur=5379405650 next=5529496361 tgt=5750000000 f=0.405 u=0 breach=0 end=
CBAP_MIG t=20045000 epoch=4009 flow=23 side=new cur=5379405650 next=5529496361 tgt=5750000000 f=0.405 u=0 breach=0 end=
CBAP_MIG t=20045000 epoch=4009 flow=24 side=new cur=5379405650 next=5529496361 tgt=5750000000 f=0.405 u=0 breach=0 end=
CBAP_MIG t=20045000 epoch=4009 flow=25 side=new cur=5379405650 next=5529496361 tgt=5750000000 f=0.405 u=0 breach=0 end=
CBAP_MIG t=20045000 epoch=4009 flow=26 side=new cur=5379405650 next=5529496361 tgt=5750000000 f=0.405 u=0 breach=0 end=
CBAP_MIG t=20045000 epoch=4009 flow=27 side=new cur=5379405650 next=5529496361 tgt=5750000000 f=0.405 u=0 breach=0 end=
CBAP_MIG t=20045000 epoch=4009 flow=28 side=new cur=5379405650 next=5529496361 tgt=5750000000 f=0.405 u=0 breach=0 end=
CBAP_MIG t=20045000 epoch=4009 flow=29 side=new cur=5379405650 next=5529496361 tgt=5750000000 f=0.405 u=0 breach=0 end=
CBAP_MIG t=20045000 epoch=4009 flow=30 side=new cur=5379405650 next=5529496361 tgt=5750000000 f=0.405 u=0 breach=0 end=
CBAP_MIG t=20045000 epoch=4009 flow=31 side=new cur=5379405650 next=5529496361 tgt=5750000000 f=0.405 u=0 breach=0 end=
CBAP_MIG t=20045000 epoch=4009 flow=32 side=new cur=5379405650 next=5529496361 tgt=5750000000 f=0.405 u=0 breach=0 end=
CBAP_MIG t=20045000 epoch=4009 flow=33 side=new cur=5379405650 next=5529496361 tgt=5750000000 f=0.405 u=0 breach=0 end=
CBAP_MIG t=20045000 epoch=4009 flow=34 side=new cur=5379405650 next=5529496361 tgt=5750000000 f=0.405 u=0 breach=0 end=
CBAP_MIG t=20045000 epoch=4009 flow=35 side=new cur=5379405650 next=5529496361 tgt=5750000000 f=0.405 u=0 breach=0 end=
CBAP_MIG t=20045000 epoch=4009 flow=36 side=new cur=5379405650 next=5529496361 tgt=5750000000 f=0.405 u=0 breach=0 end=
CBAP_MIG t=20045000 epoch=4009 flow=37 side=new cur=5379405650 next=5529496361 tgt=5750000000 f=0.405 u=0 breach=0 end=
CBAP_MIG t=20045000 epoch=4009 flow=38 side=new cur=5379405650 next=5529496361 tgt=5750000000 f=0.405 u=0 breach=0 end=
CBAP_MIG t=20045000 epoch=4009 flow=39 side=new cur=5379405650 next=5529496361 tgt=5750000000 f=0.405 u=0 breach=0 end=
CBAP_MIG t=20045000 epoch=4009 flow=40 side=new cur=5379405650 next=5529496361 tgt=5750000000 f=0.405 u=0 breach=0 end=
CBAP_MIG t=20045000 epoch=4009 flow=41 side=new cur=5379405650 next=5529496361 tgt=5750000000 f=0.405 u=0 breach=0 end=
CBAP_MIG t=20045000 epoch=4009 flow=42 side=new cur=5379405650 next=5529496361 tgt=5750000000 f=0.405 u=0 breach=0 end=
CBAP_MIG t=20045000 epoch=4009 flow=43 side=new cur=5379405650 next=5529496361 tgt=5750000000 f=0.405 u=0 breach=0 end=
CBAP_MIG t=20045000 epoch=4009 flow=44 side=new cur=5379405650 next=5529496361 tgt=5750000000 f=0.405 u=0 breach=0 end=
CBAP_MIG t=20045000 epoch=4009 flow=45 side=new cur=5379405650 next=5529496361 tgt=5750000000 f=0.405 u=0 breach=0 end=
CBAP_MIG t=20045000 epoch=4009 flow=46 side=new cur=5379405650 next=5529496361 tgt=5750000000 f=0.405 u=0 breach=0 end=
CBAP_MIG t=20045000 epoch=4009 flow=47 side=new cur=5379405650 next=5529496361 tgt=5750000000 f=0.405 u=0 breach=0 end=
CBAP_MIG t=20045000 epoch=4009 flow=48 side=new cur=5379405650 next=5529496361 tgt=5750000000 f=0.405 u=0 breach=0 end=
CBAP_MIG t=20045000 epoch=4009 flow=49 side=new cur=5379405650 next=5529496361 tgt=5750000000 f=0.405 u=0 breach=0 end=
CBAP_MIG t=20045000 epoch=4009 flow=50 side=new cur=5379405650 next=5529496361 tgt=5750000000 f=0.405 u=0 breach=0 end=
CBAP_MIG t=20045000 epoch=4009 flow=51 side=new cur=5379405650 next=5529496361 tgt=5750000000 f=0.405 u=0 breach=0 end=
CBAP_MIG t=20045000 epoch=4009 flow=52 side=new cur=5379405650 next=5529496361 tgt=5750000000 f=0.405 u=0 breach=0 end=
CBAP_MIG t=20045000 epoch=4009 flow=53 side=new cur=5379405650 next=5529496361 tgt=5750000000 f=0.405 u=0 breach=0 end=
CBAP_MIG t=20045000 epoch=4009 flow=54 side=new cur=5379405650 next=5529496361 tgt=5750000000 f=0.405 u=0 breach=0 end=
CBAP_MIG t=20045000 epoch=4009 flow=55 side=new cur=5379405650 next=5529496361 tgt=5750000000 f=0.405 u=0 breach=0 end=
CBAP_MIG t=20045000 epoch=4009 flow=56 side=new cur=5379405650 next=5529496361 tgt=5750000000 f=0.405 u=0 breach=0 end=
CBAP_MIG t=20045000 epoch=4009 flow=57 side=new cur=5379405650 next=5529496361 tgt=5750000000 f=0.405 u=0 breach=0 end=
CBAP_MIG t=20045000 epoch=4009 flow=58 side=new cur=5379405650 next=5529496361 tgt=5750000000 f=0.405 u=0 breach=0 end=
CBAP_MIG t=20045000 epoch=4009 flow=59 side=new cur=5379405650 next=5529496361 tgt=5750000000 f=0.405 u=0 breach=0 end=
CBAP_MIG t=20045000 epoch=4009 flow=60 side=new cur=5379405650 next=5529496361 tgt=5750000000 f=0.405 u=0 breach=0 end=
CBAP_MIG t=20045000 epoch=4009 flow=61 side=new cur=5379405650 next=5529496361 tgt=5750000000 f=0.405 u=0 breach=0 end=
CBAP_MIG t=20045000 epoch=4009 flow=62 side=new cur=5379405650 next=5529496361 tgt=5750000000 f=0.405 u=0 breach=0 end=
CBAP_MIG t=20045000 epoch=4009 flow=63 side=new cur=5379405650 next=5529496361 tgt=5750000000 f=0.405 u=0 breach=0 end=
CBAP_MIG t=20045000 epoch=4009 flow=64 side=new cur=5379405650 next=5529496361 tgt=5750000000 f=0.405 u=0 breach=0 end=
CBAP_MIG t=20050000 epoch=4010 flow=0 side=old cur=48602626879 next=43621838815 tgt=31999999999 f=0.3 u=0 breach=0 end=
CBAP_MIG t=20050000 epoch=4010 flow=1 side=new cur=5529496361 next=5618800334 tgt=5750000000 f=0.405 u=0 breach=0 end=
CBAP_MIG t=20050000 epoch=4010 flow=2 side=new cur=5529496361 next=5618800334 tgt=5750000000 f=0.405 u=0 breach=0 end=
CBAP_MIG t=20050000 epoch=4010 flow=3 side=new cur=5529496361 next=5618800334 tgt=5750000000 f=0.405 u=0 breach=0 end=
CBAP_MIG t=20050000 epoch=4010 flow=4 side=new cur=5529496361 next=5618800334 tgt=5750000000 f=0.405 u=0 breach=0 end=
CBAP_MIG t=20050000 epoch=4010 flow=5 side=new cur=5529496361 next=5618800334 tgt=5750000000 f=0.405 u=0 breach=0 end=
CBAP_MIG t=20050000 epoch=4010 flow=6 side=new cur=5529496361 next=5618800334 tgt=5750000000 f=0.405 u=0 breach=0 end=
CBAP_MIG t=20050000 epoch=4010 flow=7 side=new cur=5529496361 next=5618800334 tgt=5750000000 f=0.405 u=0 breach=0 end=
CBAP_MIG t=20050000 epoch=4010 flow=8 side=new cur=5529496361 next=5618800334 tgt=5750000000 f=0.405 u=0 breach=0 end=
CBAP_MIG t=20050000 epoch=4010 flow=9 side=new cur=5529496361 next=5618800334 tgt=5750000000 f=0.405 u=0 breach=0 end=
CBAP_MIG t=20050000 epoch=4010 flow=10 side=new cur=5529496361 next=5618800334 tgt=5750000000 f=0.405 u=0 breach=0 end=
CBAP_MIG t=20050000 epoch=4010 flow=11 side=new cur=5529496361 next=5618800334 tgt=5750000000 f=0.405 u=0 breach=0 end=
CBAP_MIG t=20050000 epoch=4010 flow=12 side=new cur=5529496361 next=5618800334 tgt=5750000000 f=0.405 u=0 breach=0 end=
CBAP_MIG t=20050000 epoch=4010 flow=13 side=new cur=5529496361 next=5618800334 tgt=5750000000 f=0.405 u=0 breach=0 end=
CBAP_MIG t=20050000 epoch=4010 flow=14 side=new cur=5529496361 next=5618800334 tgt=5750000000 f=0.405 u=0 breach=0 end=
CBAP_MIG t=20050000 epoch=4010 flow=15 side=new cur=5529496361 next=5618800334 tgt=5750000000 f=0.405 u=0 breach=0 end=
CBAP_MIG t=20050000 epoch=4010 flow=16 side=new cur=5529496361 next=5618800334 tgt=5750000000 f=0.405 u=0 breach=0 end=
CBAP_MIG t=20050000 epoch=4010 flow=17 side=new cur=5529496361 next=5618800334 tgt=5750000000 f=0.405 u=0 breach=0 end=
CBAP_MIG t=20050000 epoch=4010 flow=18 side=new cur=5529496361 next=5618800334 tgt=5750000000 f=0.405 u=0 breach=0 end=
CBAP_MIG t=20050000 epoch=4010 flow=19 side=new cur=5529496361 next=5618800334 tgt=5750000000 f=0.405 u=0 breach=0 end=
CBAP_MIG t=20050000 epoch=4010 flow=20 side=new cur=5529496361 next=5618800334 tgt=5750000000 f=0.405 u=0 breach=0 end=
CBAP_MIG t=20050000 epoch=4010 flow=21 side=new cur=5529496361 next=5618800334 tgt=5750000000 f=0.405 u=0 breach=0 end=
CBAP_MIG t=20050000 epoch=4010 flow=22 side=new cur=5529496361 next=5618800334 tgt=5750000000 f=0.405 u=0 breach=0 end=
CBAP_MIG t=20050000 epoch=4010 flow=23 side=new cur=5529496361 next=5618800334 tgt=5750000000 f=0.405 u=0 breach=0 end=
CBAP_MIG t=20050000 epoch=4010 flow=24 side=new cur=5529496361 next=5618800334 tgt=5750000000 f=0.405 u=0 breach=0 end=
CBAP_MIG t=20050000 epoch=4010 flow=25 side=new cur=5529496361 next=5618800334 tgt=5750000000 f=0.405 u=0 breach=0 end=
CBAP_MIG t=20050000 epoch=4010 flow=26 side=new cur=5529496361 next=5618800334 tgt=5750000000 f=0.405 u=0 breach=0 end=
CBAP_MIG t=20050000 epoch=4010 flow=27 side=new cur=5529496361 next=5618800334 tgt=5750000000 f=0.405 u=0 breach=0 end=
CBAP_MIG t=20050000 epoch=4010 flow=28 side=new cur=5529496361 next=5618800334 tgt=5750000000 f=0.405 u=0 breach=0 end=
CBAP_MIG t=20050000 epoch=4010 flow=29 side=new cur=5529496361 next=5618800334 tgt=5750000000 f=0.405 u=0 breach=0 end=
CBAP_MIG t=20050000 epoch=4010 flow=30 side=new cur=5529496361 next=5618800334 tgt=5750000000 f=0.405 u=0 breach=0 end=
CBAP_MIG t=20050000 epoch=4010 flow=31 side=new cur=5529496361 next=5618800334 tgt=5750000000 f=0.405 u=0 breach=0 end=
CBAP_MIG t=20050000 epoch=4010 flow=32 side=new cur=5529496361 next=5618800334 tgt=5750000000 f=0.405 u=0 breach=0 end=
CBAP_MIG t=20050000 epoch=4010 flow=33 side=new cur=5529496361 next=5618800334 tgt=5750000000 f=0.405 u=0 breach=0 end=
CBAP_MIG t=20050000 epoch=4010 flow=34 side=new cur=5529496361 next=5618800334 tgt=5750000000 f=0.405 u=0 breach=0 end=
CBAP_MIG t=20050000 epoch=4010 flow=35 side=new cur=5529496361 next=5618800334 tgt=5750000000 f=0.405 u=0 breach=0 end=
CBAP_MIG t=20050000 epoch=4010 flow=36 side=new cur=5529496361 next=5618800334 tgt=5750000000 f=0.405 u=0 breach=0 end=
CBAP_MIG t=20050000 epoch=4010 flow=37 side=new cur=5529496361 next=5618800334 tgt=5750000000 f=0.405 u=0 breach=0 end=
CBAP_MIG t=20050000 epoch=4010 flow=38 side=new cur=5529496361 next=5618800334 tgt=5750000000 f=0.405 u=0 breach=0 end=
CBAP_MIG t=20050000 epoch=4010 flow=39 side=new cur=5529496361 next=5618800334 tgt=5750000000 f=0.405 u=0 breach=0 end=
CBAP_MIG t=20050000 epoch=4010 flow=40 side=new cur=5529496361 next=5618800334 tgt=5750000000 f=0.405 u=0 breach=0 end=
CBAP_MIG t=20050000 epoch=4010 flow=41 side=new cur=5529496361 next=5618800334 tgt=5750000000 f=0.405 u=0 breach=0 end=
CBAP_MIG t=20050000 epoch=4010 flow=42 side=new cur=5529496361 next=5618800334 tgt=5750000000 f=0.405 u=0 breach=0 end=
CBAP_MIG t=20050000 epoch=4010 flow=43 side=new cur=5529496361 next=5618800334 tgt=5750000000 f=0.405 u=0 breach=0 end=
CBAP_MIG t=20050000 epoch=4010 flow=44 side=new cur=5529496361 next=5618800334 tgt=5750000000 f=0.405 u=0 breach=0 end=
CBAP_MIG t=20050000 epoch=4010 flow=45 side=new cur=5529496361 next=5618800334 tgt=5750000000 f=0.405 u=0 breach=0 end=
CBAP_MIG t=20050000 epoch=4010 flow=46 side=new cur=5529496361 next=5618800334 tgt=5750000000 f=0.405 u=0 breach=0 end=
CBAP_MIG t=20050000 epoch=4010 flow=47 side=new cur=5529496361 next=5618800334 tgt=5750000000 f=0.405 u=0 breach=0 end=
CBAP_MIG t=20050000 epoch=4010 flow=48 side=new cur=5529496361 next=5618800334 tgt=5750000000 f=0.405 u=0 breach=0 end=
CBAP_MIG t=20050000 epoch=4010 flow=49 side=new cur=5529496361 next=5618800334 tgt=5750000000 f=0.405 u=0 breach=0 end=
CBAP_MIG t=20050000 epoch=4010 flow=50 side=new cur=5529496361 next=5618800334 tgt=5750000000 f=0.405 u=0 breach=0 end=
CBAP_MIG t=20050000 epoch=4010 flow=51 side=new cur=5529496361 next=5618800334 tgt=5750000000 f=0.405 u=0 breach=0 end=
CBAP_MIG t=20050000 epoch=4010 flow=52 side=new cur=5529496361 next=5618800334 tgt=5750000000 f=0.405 u=0 breach=0 end=
CBAP_MIG t=20050000 epoch=4010 flow=53 side=new cur=5529496361 next=5618800334 tgt=5750000000 f=0.405 u=0 breach=0 end=
CBAP_MIG t=20050000 epoch=4010 flow=54 side=new cur=5529496361 next=5618800334 tgt=5750000000 f=0.405 u=0 breach=0 end=
CBAP_MIG t=20050000 epoch=4010 flow=55 side=new cur=5529496361 next=5618800334 tgt=5750000000 f=0.405 u=0 breach=0 end=
CBAP_MIG t=20050000 epoch=4010 flow=56 side=new cur=5529496361 next=5618800334 tgt=5750000000 f=0.405 u=0 breach=0 end=
CBAP_MIG t=20050000 epoch=4010 flow=57 side=new cur=5529496361 next=5618800334 tgt=5750000000 f=0.405 u=0 breach=0 end=
CBAP_MIG t=20050000 epoch=4010 flow=58 side=new cur=5529496361 next=5618800334 tgt=5750000000 f=0.405 u=0 breach=0 end=
CBAP_MIG t=20050000 epoch=4010 flow=59 side=new cur=5529496361 next=5618800334 tgt=5750000000 f=0.405 u=0 breach=0 end=
CBAP_MIG t=20050000 epoch=4010 flow=60 side=new cur=5529496361 next=5618800334 tgt=5750000000 f=0.405 u=0 breach=0 end=
CBAP_MIG t=20050000 epoch=4010 flow=61 side=new cur=5529496361 next=5618800334 tgt=5750000000 f=0.405 u=0 breach=0 end=
CBAP_MIG t=20050000 epoch=4010 flow=62 side=new cur=5529496361 next=5618800334 tgt=5750000000 f=0.405 u=0 breach=0 end=
CBAP_MIG t=20050000 epoch=4010 flow=63 side=new cur=5529496361 next=5618800334 tgt=5750000000 f=0.405 u=0 breach=0 end=
CBAP_MIG t=20050000 epoch=4010 flow=64 side=new cur=5529496361 next=5618800334 tgt=5750000000 f=0.405 u=0 breach=0 end=
CBAP_MIG t=20055000 epoch=4011 flow=0 side=old cur=43621838815 next=40135287170 tgt=31999999999 f=0.3 u=0 breach=0 end=
CBAP_MIG t=20055000 epoch=4011 flow=1 side=new cur=5618800334 next=5671936198 tgt=5750000000 f=0.405 u=0 breach=0 end=
CBAP_MIG t=20055000 epoch=4011 flow=2 side=new cur=5618800334 next=5671936198 tgt=5750000000 f=0.405 u=0 breach=0 end=
CBAP_MIG t=20055000 epoch=4011 flow=3 side=new cur=5618800334 next=5671936198 tgt=5750000000 f=0.405 u=0 breach=0 end=
CBAP_MIG t=20055000 epoch=4011 flow=4 side=new cur=5618800334 next=5671936198 tgt=5750000000 f=0.405 u=0 breach=0 end=
CBAP_MIG t=20055000 epoch=4011 flow=5 side=new cur=5618800334 next=5671936198 tgt=5750000000 f=0.405 u=0 breach=0 end=
CBAP_MIG t=20055000 epoch=4011 flow=6 side=new cur=5618800334 next=5671936198 tgt=5750000000 f=0.405 u=0 breach=0 end=
CBAP_MIG t=20055000 epoch=4011 flow=7 side=new cur=5618800334 next=5671936198 tgt=5750000000 f=0.405 u=0 breach=0 end=
CBAP_MIG t=20055000 epoch=4011 flow=8 side=new cur=5618800334 next=5671936198 tgt=5750000000 f=0.405 u=0 breach=0 end=
CBAP_MIG t=20055000 epoch=4011 flow=9 side=new cur=5618800334 next=5671936198 tgt=5750000000 f=0.405 u=0 breach=0 end=
CBAP_MIG t=20055000 epoch=4011 flow=10 side=new cur=5618800334 next=5671936198 tgt=5750000000 f=0.405 u=0 breach=0 end=
CBAP_MIG t=20055000 epoch=4011 flow=11 side=new cur=5618800334 next=5671936198 tgt=5750000000 f=0.405 u=0 breach=0 end=
CBAP_MIG t=20055000 epoch=4011 flow=12 side=new cur=5618800334 next=5671936198 tgt=5750000000 f=0.405 u=0 breach=0 end=
CBAP_MIG t=20055000 epoch=4011 flow=13 side=new cur=5618800334 next=5671936198 tgt=5750000000 f=0.405 u=0 breach=0 end=
CBAP_MIG t=20055000 epoch=4011 flow=14 side=new cur=5618800334 next=5671936198 tgt=5750000000 f=0.405 u=0 breach=0 end=
CBAP_MIG t=20055000 epoch=4011 flow=15 side=new cur=5618800334 next=5671936198 tgt=5750000000 f=0.405 u=0 breach=0 end=
CBAP_MIG t=20055000 epoch=4011 flow=16 side=new cur=5618800334 next=5671936198 tgt=5750000000 f=0.405 u=0 breach=0 end=
CBAP_MIG t=20055000 epoch=4011 flow=17 side=new cur=5618800334 next=5671936198 tgt=5750000000 f=0.405 u=0 breach=0 end=
CBAP_MIG t=20055000 epoch=4011 flow=18 side=new cur=5618800334 next=5671936198 tgt=5750000000 f=0.405 u=0 breach=0 end=
CBAP_MIG t=20055000 epoch=4011 flow=19 side=new cur=5618800334 next=5671936198 tgt=5750000000 f=0.405 u=0 breach=0 end=
CBAP_MIG t=20055000 epoch=4011 flow=20 side=new cur=5618800334 next=5671936198 tgt=5750000000 f=0.405 u=0 breach=0 end=
CBAP_MIG t=20055000 epoch=4011 flow=21 side=new cur=5618800334 next=5671936198 tgt=5750000000 f=0.405 u=0 breach=0 end=
CBAP_MIG t=20055000 epoch=4011 flow=22 side=new cur=5618800334 next=5671936198 tgt=5750000000 f=0.405 u=0 breach=0 end=
CBAP_MIG t=20055000 epoch=4011 flow=23 side=new cur=5618800334 next=5671936198 tgt=5750000000 f=0.405 u=0 breach=0 end=
CBAP_MIG t=20055000 epoch=4011 flow=24 side=new cur=5618800334 next=5671936198 tgt=5750000000 f=0.405 u=0 breach=0 end=
CBAP_MIG t=20055000 epoch=4011 flow=25 side=new cur=5618800334 next=5671936198 tgt=5750000000 f=0.405 u=0 breach=0 end=
CBAP_MIG t=20055000 epoch=4011 flow=26 side=new cur=5618800334 next=5671936198 tgt=5750000000 f=0.405 u=0 breach=0 end=
CBAP_MIG t=20055000 epoch=4011 flow=27 side=new cur=5618800334 next=5671936198 tgt=5750000000 f=0.405 u=0 breach=0 end=
CBAP_MIG t=20055000 epoch=4011 flow=28 side=new cur=5618800334 next=5671936198 tgt=5750000000 f=0.405 u=0 breach=0 end=
CBAP_MIG t=20055000 epoch=4011 flow=29 side=new cur=5618800334 next=5671936198 tgt=5750000000 f=0.405 u=0 breach=0 end=
CBAP_MIG t=20055000 epoch=4011 flow=30 side=new cur=5618800334 next=5671936198 tgt=5750000000 f=0.405 u=0 breach=0 end=
CBAP_MIG t=20055000 epoch=4011 flow=31 side=new cur=5618800334 next=5671936198 tgt=5750000000 f=0.405 u=0 breach=0 end=
CBAP_MIG t=20055000 epoch=4011 flow=32 side=new cur=5618800334 next=5671936198 tgt=5750000000 f=0.405 u=0 breach=0 end=
CBAP_MIG t=20055000 epoch=4011 flow=33 side=new cur=5618800334 next=5671936198 tgt=5750000000 f=0.405 u=0 breach=0 end=
CBAP_MIG t=20055000 epoch=4011 flow=34 side=new cur=5618800334 next=5671936198 tgt=5750000000 f=0.405 u=0 breach=0 end=
CBAP_MIG t=20055000 epoch=4011 flow=35 side=new cur=5618800334 next=5671936198 tgt=5750000000 f=0.405 u=0 breach=0 end=
CBAP_MIG t=20055000 epoch=4011 flow=36 side=new cur=5618800334 next=5671936198 tgt=5750000000 f=0.405 u=0 breach=0 end=
CBAP_MIG t=20055000 epoch=4011 flow=37 side=new cur=5618800334 next=5671936198 tgt=5750000000 f=0.405 u=0 breach=0 end=
CBAP_MIG t=20055000 epoch=4011 flow=38 side=new cur=5618800334 next=5671936198 tgt=5750000000 f=0.405 u=0 breach=0 end=
CBAP_MIG t=20055000 epoch=4011 flow=39 side=new cur=5618800334 next=5671936198 tgt=5750000000 f=0.405 u=0 breach=0 end=
CBAP_MIG t=20055000 epoch=4011 flow=40 side=new cur=5618800334 next=5671936198 tgt=5750000000 f=0.405 u=0 breach=0 end=
CBAP_MIG t=20055000 epoch=4011 flow=41 side=new cur=5618800334 next=5671936198 tgt=5750000000 f=0.405 u=0 breach=0 end=
CBAP_MIG t=20055000 epoch=4011 flow=42 side=new cur=5618800334 next=5671936198 tgt=5750000000 f=0.405 u=0 breach=0 end=
CBAP_MIG t=20055000 epoch=4011 flow=43 side=new cur=5618800334 next=5671936198 tgt=5750000000 f=0.405 u=0 breach=0 end=
CBAP_MIG t=20055000 epoch=4011 flow=44 side=new cur=5618800334 next=5671936198 tgt=5750000000 f=0.405 u=0 breach=0 end=
CBAP_MIG t=20055000 epoch=4011 flow=45 side=new cur=5618800334 next=5671936198 tgt=5750000000 f=0.405 u=0 breach=0 end=
CBAP_MIG t=20055000 epoch=4011 flow=46 side=new cur=5618800334 next=5671936198 tgt=5750000000 f=0.405 u=0 breach=0 end=
CBAP_MIG t=20055000 epoch=4011 flow=47 side=new cur=5618800334 next=5671936198 tgt=5750000000 f=0.405 u=0 breach=0 end=
CBAP_MIG t=20055000 epoch=4011 flow=48 side=new cur=5618800334 next=5671936198 tgt=5750000000 f=0.405 u=0 breach=0 end=
CBAP_MIG t=20055000 epoch=4011 flow=49 side=new cur=5618800334 next=5671936198 tgt=5750000000 f=0.405 u=0 breach=0 end=
CBAP_MIG t=20055000 epoch=4011 flow=50 side=new cur=5618800334 next=5671936198 tgt=5750000000 f=0.405 u=0 breach=0 end=
CBAP_MIG t=20055000 epoch=4011 flow=51 side=new cur=5618800334 next=5671936198 tgt=5750000000 f=0.405 u=0 breach=0 end=
CBAP_MIG t=20055000 epoch=4011 flow=52 side=new cur=5618800334 next=5671936198 tgt=5750000000 f=0.405 u=0 breach=0 end=
CBAP_MIG t=20055000 epoch=4011 flow=53 side=new cur=5618800334 next=5671936198 tgt=5750000000 f=0.405 u=0 breach=0 end=
CBAP_MIG t=20055000 epoch=4011 flow=54 side=new cur=5618800334 next=5671936198 tgt=5750000000 f=0.405 u=0 breach=0 end=
CBAP_MIG t=20055000 epoch=4011 flow=55 side=new cur=5618800334 next=5671936198 tgt=5750000000 f=0.405 u=0 breach=0 end=
CBAP_MIG t=20055000 epoch=4011 flow=56 side=new cur=5618800334 next=5671936198 tgt=5750000000 f=0.405 u=0 breach=0 end=
CBAP_MIG t=20055000 epoch=4011 flow=57 side=new cur=5618800334 next=5671936198 tgt=5750000000 f=0.405 u=0 breach=0 end=
CBAP_MIG t=20055000 epoch=4011 flow=58 side=new cur=5618800334 next=5671936198 tgt=5750000000 f=0.405 u=0 breach=0 end=
CBAP_MIG t=20055000 epoch=4011 flow=59 side=new cur=5618800334 next=5671936198 tgt=5750000000 f=0.405 u=0 breach=0 end=
CBAP_MIG t=20055000 epoch=4011 flow=60 side=new cur=5618800334 next=5671936198 tgt=5750000000 f=0.405 u=0 breach=0 end=
CBAP_MIG t=20055000 epoch=4011 flow=61 side=new cur=5618800334 next=5671936198 tgt=5750000000 f=0.405 u=0 breach=0 end=
CBAP_MIG t=20055000 epoch=4011 flow=62 side=new cur=5618800334 next=5671936198 tgt=5750000000 f=0.405 u=0 breach=0 end=
CBAP_MIG t=20055000 epoch=4011 flow=63 side=new cur=5618800334 next=5671936198 tgt=5750000000 f=0.405 u=0 breach=0 end=
CBAP_MIG t=20055000 epoch=4011 flow=64 side=new cur=5618800334 next=5671936198 tgt=5750000000 f=0.405 u=0 breach=0 end=
CBAP_MIG t=20060000 epoch=4012 flow=0 side=old cur=40135287170 next=37694701018 tgt=31999999999 f=0.3 u=0 breach=0 end=
CBAP_MIG t=20060000 epoch=4012 flow=1 side=new cur=5685386137 next=5711554751 tgt=5750000000 f=0.405 u=0 breach=1 end=converged
CBAP_MIG t=20060000 epoch=4012 flow=2 side=new cur=5685386137 next=5711554751 tgt=5750000000 f=0.405 u=0 breach=1 end=converged
CBAP_MIG t=20060000 epoch=4012 flow=3 side=new cur=5685386137 next=5711554751 tgt=5750000000 f=0.405 u=0 breach=1 end=converged
CBAP_MIG t=20060000 epoch=4012 flow=4 side=new cur=5685386137 next=5711554751 tgt=5750000000 f=0.405 u=0 breach=1 end=converged
CBAP_MIG t=20060000 epoch=4012 flow=5 side=new cur=5685386137 next=5711554751 tgt=5750000000 f=0.405 u=0 breach=1 end=converged
CBAP_MIG t=20060000 epoch=4012 flow=6 side=new cur=5685386137 next=5711554751 tgt=5750000000 f=0.405 u=0 breach=1 end=converged
CBAP_MIG t=20060000 epoch=4012 flow=7 side=new cur=5685386137 next=5711554751 tgt=5750000000 f=0.405 u=0 breach=1 end=converged
CBAP_MIG t=20060000 epoch=4012 flow=8 side=new cur=5685386137 next=5711554751 tgt=5750000000 f=0.405 u=0 breach=1 end=converged
CBAP_MIG t=20060000 epoch=4012 flow=9 side=new cur=5685386137 next=5711554751 tgt=5750000000 f=0.405 u=0 breach=1 end=converged
CBAP_MIG t=20060000 epoch=4012 flow=10 side=new cur=5685386137 next=5711554751 tgt=5750000000 f=0.405 u=0 breach=1 end=converged
CBAP_MIG t=20060000 epoch=4012 flow=11 side=new cur=5685386137 next=5711554751 tgt=5750000000 f=0.405 u=0 breach=1 end=converged
CBAP_MIG t=20060000 epoch=4012 flow=12 side=new cur=5685386137 next=5711554751 tgt=5750000000 f=0.405 u=0 breach=1 end=converged
CBAP_MIG t=20060000 epoch=4012 flow=13 side=new cur=5685386137 next=5711554751 tgt=5750000000 f=0.405 u=0 breach=1 end=converged
CBAP_MIG t=20060000 epoch=4012 flow=14 side=new cur=5685386137 next=5711554751 tgt=5750000000 f=0.405 u=0 breach=1 end=converged
CBAP_MIG t=20060000 epoch=4012 flow=15 side=new cur=5685386137 next=5711554751 tgt=5750000000 f=0.405 u=0 breach=1 end=converged
CBAP_MIG t=20060000 epoch=4012 flow=16 side=new cur=5685386137 next=5711554751 tgt=5750000000 f=0.405 u=0 breach=1 end=converged
CBAP_MIG t=20060000 epoch=4012 flow=17 side=new cur=5685386137 next=5711554751 tgt=5750000000 f=0.405 u=0 breach=1 end=converged
CBAP_MIG t=20060000 epoch=4012 flow=18 side=new cur=5685386137 next=5711554751 tgt=5750000000 f=0.405 u=0 breach=1 end=converged
CBAP_MIG t=20060000 epoch=4012 flow=19 side=new cur=5685386137 next=5711554751 tgt=5750000000 f=0.405 u=0 breach=1 end=converged
CBAP_MIG t=20060000 epoch=4012 flow=20 side=new cur=5685386137 next=5711554751 tgt=5750000000 f=0.405 u=0 breach=1 end=converged
CBAP_MIG t=20060000 epoch=4012 flow=21 side=new cur=5685386137 next=5711554751 tgt=5750000000 f=0.405 u=0 breach=1 end=converged
CBAP_MIG t=20060000 epoch=4012 flow=22 side=new cur=5685386137 next=5711554751 tgt=5750000000 f=0.405 u=0 breach=1 end=converged
CBAP_MIG t=20060000 epoch=4012 flow=23 side=new cur=5685386137 next=5711554751 tgt=5750000000 f=0.405 u=0 breach=1 end=converged
CBAP_MIG t=20060000 epoch=4012 flow=24 side=new cur=5685386137 next=5711554751 tgt=5750000000 f=0.405 u=0 breach=1 end=converged
CBAP_MIG t=20060000 epoch=4012 flow=25 side=new cur=5685386137 next=5711554751 tgt=5750000000 f=0.405 u=0 breach=1 end=converged
CBAP_MIG t=20060000 epoch=4012 flow=26 side=new cur=5685386137 next=5711554751 tgt=5750000000 f=0.405 u=0 breach=1 end=converged
CBAP_MIG t=20060000 epoch=4012 flow=27 side=new cur=5685386137 next=5711554751 tgt=5750000000 f=0.405 u=0 breach=1 end=converged
CBAP_MIG t=20060000 epoch=4012 flow=28 side=new cur=5685386137 next=5711554751 tgt=5750000000 f=0.405 u=0 breach=1 end=converged
CBAP_MIG t=20060000 epoch=4012 flow=29 side=new cur=5685386137 next=5711554751 tgt=5750000000 f=0.405 u=0 breach=1 end=converged
CBAP_MIG t=20060000 epoch=4012 flow=30 side=new cur=5685386137 next=5711554751 tgt=5750000000 f=0.405 u=0 breach=1 end=converged
CBAP_MIG t=20060000 epoch=4012 flow=31 side=new cur=5685386137 next=5711554751 tgt=5750000000 f=0.405 u=0 breach=1 end=converged
CBAP_MIG t=20060000 epoch=4012 flow=32 side=new cur=5685386137 next=5711554751 tgt=5750000000 f=0.405 u=0 breach=1 end=converged
CBAP_MIG t=20060000 epoch=4012 flow=33 side=new cur=5685386137 next=5711554751 tgt=5750000000 f=0.405 u=0 breach=1 end=converged
CBAP_MIG t=20060000 epoch=4012 flow=34 side=new cur=5685386137 next=5711554751 tgt=5750000000 f=0.405 u=0 breach=1 end=converged
CBAP_MIG t=20060000 epoch=4012 flow=35 side=new cur=5685386137 next=5711554751 tgt=5750000000 f=0.405 u=0 breach=1 end=converged
CBAP_MIG t=20060000 epoch=4012 flow=36 side=new cur=5685386137 next=5711554751 tgt=5750000000 f=0.405 u=0 breach=1 end=converged
CBAP_MIG t=20060000 epoch=4012 flow=37 side=new cur=5685386137 next=5711554751 tgt=5750000000 f=0.405 u=0 breach=1 end=converged
CBAP_MIG t=20060000 epoch=4012 flow=38 side=new cur=5685386137 next=5711554751 tgt=5750000000 f=0.405 u=0 breach=1 end=converged
CBAP_MIG t=20060000 epoch=4012 flow=39 side=new cur=5685386137 next=5711554751 tgt=5750000000 f=0.405 u=0 breach=1 end=converged
CBAP_MIG t=20060000 epoch=4012 flow=40 side=new cur=5685386137 next=5711554751 tgt=5750000000 f=0.405 u=0 breach=1 end=converged
CBAP_MIG t=20060000 epoch=4012 flow=41 side=new cur=5685386137 next=5711554751 tgt=5750000000 f=0.405 u=0 breach=1 end=converged
CBAP_MIG t=20060000 epoch=4012 flow=42 side=new cur=5685386137 next=5711554751 tgt=5750000000 f=0.405 u=0 breach=1 end=converged
CBAP_MIG t=20060000 epoch=4012 flow=43 side=new cur=5685386137 next=5711554751 tgt=5750000000 f=0.405 u=0 breach=1 end=converged
CBAP_MIG t=20060000 epoch=4012 flow=44 side=new cur=5685386137 next=5711554751 tgt=5750000000 f=0.405 u=0 breach=1 end=converged
CBAP_MIG t=20060000 epoch=4012 flow=45 side=new cur=5685386137 next=5711554751 tgt=5750000000 f=0.405 u=0 breach=1 end=converged
CBAP_MIG t=20060000 epoch=4012 flow=46 side=new cur=5685386137 next=5711554751 tgt=5750000000 f=0.405 u=0 breach=1 end=converged
CBAP_MIG t=20060000 epoch=4012 flow=47 side=new cur=5685386137 next=5711554751 tgt=5750000000 f=0.405 u=0 breach=1 end=converged
CBAP_MIG t=20060000 epoch=4012 flow=48 side=new cur=5685386137 next=5711554751 tgt=5750000000 f=0.405 u=0 breach=1 end=converged
CBAP_MIG t=20060000 epoch=4012 flow=49 side=new cur=5685386137 next=5711554751 tgt=5750000000 f=0.405 u=0 breach=1 end=converged
CBAP_MIG t=20060000 epoch=4012 flow=50 side=new cur=5685386137 next=5711554751 tgt=5750000000 f=0.405 u=0 breach=1 end=converged
CBAP_MIG t=20060000 epoch=4012 flow=51 side=new cur=5685386137 next=5711554751 tgt=5750000000 f=0.405 u=0 breach=1 end=converged
CBAP_MIG t=20060000 epoch=4012 flow=52 side=new cur=5685386137 next=5711554751 tgt=5750000000 f=0.405 u=0 breach=1 end=converged
CBAP_MIG t=20060000 epoch=4012 flow=53 side=new cur=5685386137 next=5711554751 tgt=5750000000 f=0.405 u=0 breach=1 end=converged
CBAP_MIG t=20060000 epoch=4012 flow=54 side=new cur=5685386137 next=5711554751 tgt=5750000000 f=0.405 u=0 breach=1 end=converged
CBAP_MIG t=20060000 epoch=4012 flow=55 side=new cur=5685386137 next=5711554751 tgt=5750000000 f=0.405 u=0 breach=1 end=converged
CBAP_MIG t=20060000 epoch=4012 flow=56 side=new cur=5685386137 next=5711554751 tgt=5750000000 f=0.405 u=0 breach=1 end=converged
CBAP_MIG t=20060000 epoch=4012 flow=57 side=new cur=5685386137 next=5711554751 tgt=5750000000 f=0.405 u=0 breach=1 end=converged
CBAP_MIG t=20060000 epoch=4012 flow=58 side=new cur=5685386137 next=5711554751 tgt=5750000000 f=0.405 u=0 breach=1 end=converged
CBAP_MIG t=20060000 epoch=4012 flow=59 side=new cur=5685386137 next=5711554751 tgt=5750000000 f=0.405 u=0 breach=1 end=converged
CBAP_MIG t=20060000 epoch=4012 flow=60 side=new cur=5685386137 next=5711554751 tgt=5750000000 f=0.405 u=0 breach=1 end=converged
CBAP_MIG t=20060000 epoch=4012 flow=61 side=new cur=5685386137 next=5711554751 tgt=5750000000 f=0.405 u=0 breach=1 end=converged
CBAP_MIG t=20060000 epoch=4012 flow=62 side=new cur=5685386137 next=5711554751 tgt=5750000000 f=0.405 u=0 breach=1 end=converged
CBAP_MIG t=20060000 epoch=4012 flow=63 side=new cur=5685386137 next=5711554751 tgt=5750000000 f=0.405 u=0 breach=1 end=converged
CBAP_MIG t=20060000 epoch=4012 flow=64 side=new cur=5685386137 next=5711554751 tgt=5750000000 f=0.405 u=0 breach=1 end=converged
CBAP_MIG t=20065000 epoch=4013 flow=0 side=old cur=37694701018 next=35986290712 tgt=31999999999 f=0.3 u=0 breach=0 end=
CBAP_MIG t=20070000 epoch=4014 flow=0 side=old cur=35986290712 next=34790403498 tgt=31999999999 f=0.3 u=0 breach=0 end=
CBAP_MIG t=20075000 epoch=4015 flow=0 side=old cur=34790403498 next=33953282448 tgt=31999999999 f=0.3 u=0 breach=0 end=deadline_retargeted
CBAP_MIG_REPLAN t=20080000 reason=deadline_lapsed flow=0 batch=0 newest_batch=1 cur=33953282448 target=4000000000 ceiling=320000000000 old_side_present=1
CBAP_MIG_REPLAN t=20080000 reason=deadline_lapsed flow=1 batch=1 newest_batch=1 cur=5750214207 target=6196947996 ceiling=400000000000 old_side_present=1
CBAP_MIG_REPLAN t=20080000 reason=deadline_lapsed flow=2 batch=1 newest_batch=1 cur=5750214207 target=6196947996 ceiling=400000000000 old_side_present=1
CBAP_MIG_REPLAN t=20080000 reason=deadline_lapsed flow=3 batch=1 newest_batch=1 cur=5750214207 target=6196947996 ceiling=400000000000 old_side_present=1
CBAP_MIG_REPLAN t=20080000 reason=deadline_lapsed flow=4 batch=1 newest_batch=1 cur=5750214207 target=6196947996 ceiling=400000000000 old_side_present=1
CBAP_MIG_REPLAN t=20080000 reason=deadline_lapsed flow=5 batch=1 newest_batch=1 cur=5750214207 target=6196947996 ceiling=400000000000 old_side_present=1
CBAP_MIG_REPLAN t=20080000 reason=deadline_lapsed flow=6 batch=1 newest_batch=1 cur=5750214207 target=6196947996 ceiling=400000000000 old_side_present=1
CBAP_MIG_REPLAN t=20080000 reason=deadline_lapsed flow=7 batch=1 newest_batch=1 cur=5750214207 target=6196947996 ceiling=400000000000 old_side_present=1
CBAP_MIG_REPLAN t=20080000 reason=deadline_lapsed flow=8 batch=1 newest_batch=1 cur=5750214207 target=6196947996 ceiling=400000000000 old_side_present=1
CBAP_MIG_REPLAN t=20080000 reason=deadline_lapsed flow=9 batch=1 newest_batch=1 cur=5750214207 target=6196947996 ceiling=400000000000 old_side_present=1
CBAP_MIG_REPLAN t=20080000 reason=deadline_lapsed flow=10 batch=1 newest_batch=1 cur=5750214207 target=6196947996 ceiling=400000000000 old_side_present=1
CBAP_MIG_REPLAN t=20080000 reason=deadline_lapsed flow=11 batch=1 newest_batch=1 cur=5750214207 target=6196947996 ceiling=400000000000 old_side_present=1
CBAP_MIG_REPLAN t=20080000 reason=deadline_lapsed flow=12 batch=1 newest_batch=1 cur=5750214207 target=6196947996 ceiling=400000000000 old_side_present=1
CBAP_MIG_REPLAN t=20080000 reason=deadline_lapsed flow=13 batch=1 newest_batch=1 cur=5750214207 target=6196947996 ceiling=400000000000 old_side_present=1
CBAP_MIG_REPLAN t=20080000 reason=deadline_lapsed flow=14 batch=1 newest_batch=1 cur=5750214207 target=6196947996 ceiling=400000000000 old_side_present=1
CBAP_MIG_REPLAN t=20080000 reason=deadline_lapsed flow=15 batch=1 newest_batch=1 cur=5750214207 target=6196947996 ceiling=400000000000 old_side_present=1
CBAP_MIG_REPLAN t=20080000 reason=deadline_lapsed flow=16 batch=1 newest_batch=1 cur=5750214207 target=6196947996 ceiling=400000000000 old_side_present=1
CBAP_MIG_REPLAN t=20080000 reason=deadline_lapsed flow=17 batch=1 newest_batch=1 cur=5750214207 target=6196947996 ceiling=400000000000 old_side_present=1
CBAP_MIG_REPLAN t=20080000 reason=deadline_lapsed flow=18 batch=1 newest_batch=1 cur=5750214207 target=6196947996 ceiling=400000000000 old_side_present=1
CBAP_MIG_REPLAN t=20080000 reason=deadline_lapsed flow=19 batch=1 newest_batch=1 cur=5750214207 target=6196947996 ceiling=400000000000 old_side_present=1
CBAP_MIG_REPLAN t=20080000 reason=deadline_lapsed flow=20 batch=1 newest_batch=1 cur=5750214207 target=6196947996 ceiling=400000000000 old_side_present=1
CBAP_MIG_REPLAN t=20080000 reason=deadline_lapsed flow=21 batch=1 newest_batch=1 cur=5750214207 target=6196947996 ceiling=400000000000 old_side_present=1
CBAP_MIG_REPLAN t=20080000 reason=deadline_lapsed flow=22 batch=1 newest_batch=1 cur=5750214207 target=6196947996 ceiling=400000000000 old_side_present=1
CBAP_MIG_REPLAN t=20080000 reason=deadline_lapsed flow=23 batch=1 newest_batch=1 cur=5750214207 target=6196947996 ceiling=400000000000 old_side_present=1
CBAP_MIG_REPLAN t=20080000 reason=deadline_lapsed flow=24 batch=1 newest_batch=1 cur=5750214207 target=6196947996 ceiling=400000000000 old_side_present=1
CBAP_MIG_REPLAN t=20080000 reason=deadline_lapsed flow=25 batch=1 newest_batch=1 cur=5750214207 target=6196947996 ceiling=400000000000 old_side_present=1
CBAP_MIG_REPLAN t=20080000 reason=deadline_lapsed flow=26 batch=1 newest_batch=1 cur=5750214207 target=6196947996 ceiling=400000000000 old_side_present=1
CBAP_MIG_REPLAN t=20080000 reason=deadline_lapsed flow=27 batch=1 newest_batch=1 cur=5750214207 target=6196947996 ceiling=400000000000 old_side_present=1
CBAP_MIG_REPLAN t=20080000 reason=deadline_lapsed flow=28 batch=1 newest_batch=1 cur=5750214207 target=6196947996 ceiling=400000000000 old_side_present=1
CBAP_MIG_REPLAN t=20080000 reason=deadline_lapsed flow=29 batch=1 newest_batch=1 cur=5750214207 target=6196947996 ceiling=400000000000 old_side_present=1
CBAP_MIG_REPLAN t=20080000 reason=deadline_lapsed flow=30 batch=1 newest_batch=1 cur=5750214207 target=6196947996 ceiling=400000000000 old_side_present=1
CBAP_MIG_REPLAN t=20080000 reason=deadline_lapsed flow=31 batch=1 newest_batch=1 cur=5750214207 target=6196947996 ceiling=400000000000 old_side_present=1
CBAP_MIG_REPLAN t=20080000 reason=deadline_lapsed flow=32 batch=1 newest_batch=1 cur=5750214207 target=6196947996 ceiling=400000000000 old_side_present=1
CBAP_MIG_REPLAN t=20080000 reason=deadline_lapsed flow=33 batch=1 newest_batch=1 cur=5750214207 target=6196947996 ceiling=400000000000 old_side_present=1
CBAP_MIG_REPLAN t=20080000 reason=deadline_lapsed flow=34 batch=1 newest_batch=1 cur=5750214207 target=6196947996 ceiling=400000000000 old_side_present=1
CBAP_MIG_REPLAN t=20080000 reason=deadline_lapsed flow=35 batch=1 newest_batch=1 cur=5750214207 target=6196947996 ceiling=400000000000 old_side_present=1
CBAP_MIG_REPLAN t=20080000 reason=deadline_lapsed flow=36 batch=1 newest_batch=1 cur=5750214207 target=6196947996 ceiling=400000000000 old_side_present=1
CBAP_MIG_REPLAN t=20080000 reason=deadline_lapsed flow=37 batch=1 newest_batch=1 cur=5750214207 target=6196947996 ceiling=400000000000 old_side_present=1
CBAP_MIG_REPLAN t=20080000 reason=deadline_lapsed flow=38 batch=1 newest_batch=1 cur=5750214207 target=6196947996 ceiling=400000000000 old_side_present=1
CBAP_MIG_REPLAN t=20080000 reason=deadline_lapsed flow=39 batch=1 newest_batch=1 cur=5750214207 target=6196947996 ceiling=400000000000 old_side_present=1
CBAP_MIG_REPLAN t=20080000 reason=deadline_lapsed flow=40 batch=1 newest_batch=1 cur=5750214207 target=6196947996 ceiling=400000000000 old_side_present=1
CBAP_MIG_REPLAN t=20080000 reason=deadline_lapsed flow=41 batch=1 newest_batch=1 cur=5750214207 target=6196947996 ceiling=400000000000 old_side_present=1
CBAP_MIG_REPLAN t=20080000 reason=deadline_lapsed flow=42 batch=1 newest_batch=1 cur=5750214207 target=6196947996 ceiling=400000000000 old_side_present=1
CBAP_MIG_REPLAN t=20080000 reason=deadline_lapsed flow=43 batch=1 newest_batch=1 cur=5750214207 target=6196947996 ceiling=400000000000 old_side_present=1
CBAP_MIG_REPLAN t=20080000 reason=deadline_lapsed flow=44 batch=1 newest_batch=1 cur=5750214207 target=6196947996 ceiling=400000000000 old_side_present=1
CBAP_MIG_REPLAN t=20080000 reason=deadline_lapsed flow=45 batch=1 newest_batch=1 cur=5750214207 target=6196947996 ceiling=400000000000 old_side_present=1
CBAP_MIG_REPLAN t=20080000 reason=deadline_lapsed flow=46 batch=1 newest_batch=1 cur=5750214207 target=6196947996 ceiling=400000000000 old_side_present=1
CBAP_MIG_REPLAN t=20080000 reason=deadline_lapsed flow=47 batch=1 newest_batch=1 cur=5750214207 target=6196947996 ceiling=400000000000 old_side_present=1
CBAP_MIG_REPLAN t=20080000 reason=deadline_lapsed flow=48 batch=1 newest_batch=1 cur=5750214207 target=6196947996 ceiling=400000000000 old_side_present=1
CBAP_MIG_REPLAN t=20080000 reason=deadline_lapsed flow=49 batch=1 newest_batch=1 cur=5750214207 target=6196947996 ceiling=400000000000 old_side_present=1
CBAP_MIG_REPLAN t=20080000 reason=deadline_lapsed flow=50 batch=1 newest_batch=1 cur=5750214207 target=6196947996 ceiling=400000000000 old_side_present=1
CBAP_MIG_REPLAN t=20080000 reason=deadline_lapsed flow=51 batch=1 newest_batch=1 cur=5750214207 target=6196947996 ceiling=400000000000 old_side_present=1
CBAP_MIG_REPLAN t=20080000 reason=deadline_lapsed flow=52 batch=1 newest_batch=1 cur=5750214207 target=6196947996 ceiling=400000000000 old_side_present=1
CBAP_MIG_REPLAN t=20080000 reason=deadline_lapsed flow=53 batch=1 newest_batch=1 cur=5750214207 target=6196947996 ceiling=400000000000 old_side_present=1
CBAP_MIG_REPLAN t=20080000 reason=deadline_lapsed flow=54 batch=1 newest_batch=1 cur=5750214207 target=6196947996 ceiling=400000000000 old_side_present=1
CBAP_MIG_REPLAN t=20080000 reason=deadline_lapsed flow=55 batch=1 newest_batch=1 cur=5750214207 target=6196947996 ceiling=400000000000 old_side_present=1
CBAP_MIG_REPLAN t=20080000 reason=deadline_lapsed flow=56 batch=1 newest_batch=1 cur=5750214207 target=6196947996 ceiling=400000000000 old_side_present=1
CBAP_MIG_REPLAN t=20080000 reason=deadline_lapsed flow=57 batch=1 newest_batch=1 cur=5750214207 target=6196947996 ceiling=400000000000 old_side_present=1
CBAP_MIG_REPLAN t=20080000 reason=deadline_lapsed flow=58 batch=1 newest_batch=1 cur=5750214207 target=6196947996 ceiling=400000000000 old_side_present=1
CBAP_MIG_REPLAN t=20080000 reason=deadline_lapsed flow=59 batch=1 newest_batch=1 cur=5750214207 target=6196947996 ceiling=400000000000 old_side_present=1
CBAP_MIG_REPLAN t=20080000 reason=deadline_lapsed flow=60 batch=1 newest_batch=1 cur=5750214207 target=6196947996 ceiling=400000000000 old_side_present=1
CBAP_MIG_REPLAN t=20080000 reason=deadline_lapsed flow=61 batch=1 newest_batch=1 cur=5750214207 target=6196947996 ceiling=400000000000 old_side_present=1
CBAP_MIG_REPLAN t=20080000 reason=deadline_lapsed flow=62 batch=1 newest_batch=1 cur=5750214207 target=6196947996 ceiling=400000000000 old_side_present=1
CBAP_MIG_REPLAN t=20080000 reason=deadline_lapsed flow=63 batch=1 newest_batch=1 cur=5750214207 target=6196947996 ceiling=400000000000 old_side_present=1
CBAP_MIG_REPLAN t=20080000 reason=deadline_lapsed flow=64 batch=1 newest_batch=1 cur=5750214207 target=6196947996 ceiling=400000000000 old_side_present=1
CBAP_MIG t=20080000 epoch=4016 flow=0 side=old cur=33953282448 next=24967297713 tgt=4000000000 f=0.3 u=0 breach=0 end=
CBAP_MIG t=20080000 epoch=4016 flow=1 side=new cur=5750214207 next=5931141391 tgt=6196947996 f=0.405 u=0 breach=1 end=
CBAP_MIG t=20080000 epoch=4016 flow=2 side=new cur=5750214207 next=5931141391 tgt=6196947996 f=0.405 u=0 breach=1 end=
CBAP_MIG t=20080000 epoch=4016 flow=3 side=new cur=5750214207 next=5931141391 tgt=6196947996 f=0.405 u=0 breach=1 end=
CBAP_MIG t=20080000 epoch=4016 flow=4 side=new cur=5750214207 next=5931141391 tgt=6196947996 f=0.405 u=0 breach=1 end=
CBAP_MIG t=20080000 epoch=4016 flow=5 side=new cur=5750214207 next=5931141391 tgt=6196947996 f=0.405 u=0 breach=1 end=
CBAP_MIG t=20080000 epoch=4016 flow=6 side=new cur=5750214207 next=5931141391 tgt=6196947996 f=0.405 u=0 breach=1 end=
CBAP_MIG t=20080000 epoch=4016 flow=7 side=new cur=5750214207 next=5931141391 tgt=6196947996 f=0.405 u=0 breach=1 end=
CBAP_MIG t=20080000 epoch=4016 flow=8 side=new cur=5750214207 next=5931141391 tgt=6196947996 f=0.405 u=0 breach=1 end=
CBAP_MIG t=20080000 epoch=4016 flow=9 side=new cur=5750214207 next=5931141391 tgt=6196947996 f=0.405 u=0 breach=1 end=
CBAP_MIG t=20080000 epoch=4016 flow=10 side=new cur=5750214207 next=5931141391 tgt=6196947996 f=0.405 u=0 breach=1 end=
CBAP_MIG t=20080000 epoch=4016 flow=11 side=new cur=5750214207 next=5931141391 tgt=6196947996 f=0.405 u=0 breach=1 end=
CBAP_MIG t=20080000 epoch=4016 flow=12 side=new cur=5750214207 next=5931141391 tgt=6196947996 f=0.405 u=0 breach=1 end=
CBAP_MIG t=20080000 epoch=4016 flow=13 side=new cur=5750214207 next=5931141391 tgt=6196947996 f=0.405 u=0 breach=1 end=
CBAP_MIG t=20080000 epoch=4016 flow=14 side=new cur=5750214207 next=5931141391 tgt=6196947996 f=0.405 u=0 breach=1 end=
CBAP_MIG t=20080000 epoch=4016 flow=15 side=new cur=5750214207 next=5931141391 tgt=6196947996 f=0.405 u=0 breach=1 end=
CBAP_MIG t=20080000 epoch=4016 flow=16 side=new cur=5750214207 next=5931141391 tgt=6196947996 f=0.405 u=0 breach=1 end=
CBAP_MIG t=20080000 epoch=4016 flow=17 side=new cur=5750214207 next=5931141391 tgt=6196947996 f=0.405 u=0 breach=1 end=
CBAP_MIG t=20080000 epoch=4016 flow=18 side=new cur=5750214207 next=5931141391 tgt=6196947996 f=0.405 u=0 breach=1 end=
CBAP_MIG t=20080000 epoch=4016 flow=19 side=new cur=5750214207 next=5931141391 tgt=6196947996 f=0.405 u=0 breach=1 end=
CBAP_MIG t=20080000 epoch=4016 flow=20 side=new cur=5750214207 next=5931141391 tgt=6196947996 f=0.405 u=0 breach=1 end=
CBAP_MIG t=20080000 epoch=4016 flow=21 side=new cur=5750214207 next=5931141391 tgt=6196947996 f=0.405 u=0 breach=1 end=
CBAP_MIG t=20080000 epoch=4016 flow=22 side=new cur=5750214207 next=5931141391 tgt=6196947996 f=0.405 u=0 breach=1 end=
CBAP_MIG t=20080000 epoch=4016 flow=23 side=new cur=5750214207 next=5931141391 tgt=6196947996 f=0.405 u=0 breach=1 end=
CBAP_MIG t=20080000 epoch=4016 flow=24 side=new cur=5750214207 next=5931141391 tgt=6196947996 f=0.405 u=0 breach=1 end=
CBAP_MIG t=20080000 epoch=4016 flow=25 side=new cur=5750214207 next=5931141391 tgt=6196947996 f=0.405 u=0 breach=1 end=
CBAP_MIG t=20080000 epoch=4016 flow=26 side=new cur=5750214207 next=5931141391 tgt=6196947996 f=0.405 u=0 breach=1 end=
CBAP_MIG t=20080000 epoch=4016 flow=27 side=new cur=5750214207 next=5931141391 tgt=6196947996 f=0.405 u=0 breach=1 end=
CBAP_MIG t=20080000 epoch=4016 flow=28 side=new cur=5750214207 next=5931141391 tgt=6196947996 f=0.405 u=0 breach=1 end=
CBAP_MIG t=20080000 epoch=4016 flow=29 side=new cur=5750214207 next=5931141391 tgt=6196947996 f=0.405 u=0 breach=1 end=
CBAP_MIG t=20080000 epoch=4016 flow=30 side=new cur=5750214207 next=5931141391 tgt=6196947996 f=0.405 u=0 breach=1 end=
CBAP_MIG t=20080000 epoch=4016 flow=31 side=new cur=5750214207 next=5931141391 tgt=6196947996 f=0.405 u=0 breach=1 end=
CBAP_MIG t=20080000 epoch=4016 flow=32 side=new cur=5750214207 next=5931141391 tgt=6196947996 f=0.405 u=0 breach=1 end=
CBAP_MIG t=20080000 epoch=4016 flow=33 side=new cur=5750214207 next=5931141391 tgt=6196947996 f=0.405 u=0 breach=1 end=
CBAP_MIG t=20080000 epoch=4016 flow=34 side=new cur=5750214207 next=5931141391 tgt=6196947996 f=0.405 u=0 breach=1 end=
CBAP_MIG t=20080000 epoch=4016 flow=35 side=new cur=5750214207 next=5931141391 tgt=6196947996 f=0.405 u=0 breach=1 end=
CBAP_MIG t=20080000 epoch=4016 flow=36 side=new cur=5750214207 next=5931141391 tgt=6196947996 f=0.405 u=0 breach=1 end=
CBAP_MIG t=20080000 epoch=4016 flow=37 side=new cur=5750214207 next=5931141391 tgt=6196947996 f=0.405 u=0 breach=1 end=
CBAP_MIG t=20080000 epoch=4016 flow=38 side=new cur=5750214207 next=5931141391 tgt=6196947996 f=0.405 u=0 breach=1 end=
CBAP_MIG t=20080000 epoch=4016 flow=39 side=new cur=5750214207 next=5931141391 tgt=6196947996 f=0.405 u=0 breach=1 end=
CBAP_MIG t=20080000 epoch=4016 flow=40 side=new cur=5750214207 next=5931141391 tgt=6196947996 f=0.405 u=0 breach=1 end=
CBAP_MIG t=20080000 epoch=4016 flow=41 side=new cur=5750214207 next=5931141391 tgt=6196947996 f=0.405 u=0 breach=1 end=
CBAP_MIG t=20080000 epoch=4016 flow=42 side=new cur=5750214207 next=5931141391 tgt=6196947996 f=0.405 u=0 breach=1 end=
CBAP_MIG t=20080000 epoch=4016 flow=43 side=new cur=5750214207 next=5931141391 tgt=6196947996 f=0.405 u=0 breach=1 end=
CBAP_MIG t=20080000 epoch=4016 flow=44 side=new cur=5750214207 next=5931141391 tgt=6196947996 f=0.405 u=0 breach=1 end=
CBAP_MIG t=20080000 epoch=4016 flow=45 side=new cur=5750214207 next=5931141391 tgt=6196947996 f=0.405 u=0 breach=1 end=
CBAP_MIG t=20080000 epoch=4016 flow=46 side=new cur=5750214207 next=5931141391 tgt=6196947996 f=0.405 u=0 breach=1 end=
CBAP_MIG t=20080000 epoch=4016 flow=47 side=new cur=5750214207 next=5931141391 tgt=6196947996 f=0.405 u=0 breach=1 end=
CBAP_MIG t=20080000 epoch=4016 flow=48 side=new cur=5750214207 next=5931141391 tgt=6196947996 f=0.405 u=0 breach=1 end=
CBAP_MIG t=20080000 epoch=4016 flow=49 side=new cur=5750214207 next=5931141391 tgt=6196947996 f=0.405 u=0 breach=1 end=
CBAP_MIG t=20080000 epoch=4016 flow=50 side=new cur=5750214207 next=5931141391 tgt=6196947996 f=0.405 u=0 breach=1 end=
CBAP_MIG t=20080000 epoch=4016 flow=51 side=new cur=5750214207 next=5931141391 tgt=6196947996 f=0.405 u=0 breach=1 end=
CBAP_MIG t=20080000 epoch=4016 flow=52 side=new cur=5750214207 next=5931141391 tgt=6196947996 f=0.405 u=0 breach=1 end=
CBAP_MIG t=20080000 epoch=4016 flow=53 side=new cur=5750214207 next=5931141391 tgt=6196947996 f=0.405 u=0 breach=1 end=
CBAP_MIG t=20080000 epoch=4016 flow=54 side=new cur=5750214207 next=5931141391 tgt=6196947996 f=0.405 u=0 breach=1 end=
CBAP_MIG t=20080000 epoch=4016 flow=55 side=new cur=5750214207 next=5931141391 tgt=6196947996 f=0.405 u=0 breach=1 end=
CBAP_MIG t=20080000 epoch=4016 flow=56 side=new cur=5750214207 next=5931141391 tgt=6196947996 f=0.405 u=0 breach=1 end=
CBAP_MIG t=20080000 epoch=4016 flow=57 side=new cur=5750214207 next=5931141391 tgt=6196947996 f=0.405 u=0 breach=1 end=
CBAP_MIG t=20080000 epoch=4016 flow=58 side=new cur=5750214207 next=5931141391 tgt=6196947996 f=0.405 u=0 breach=1 end=
CBAP_MIG t=20080000 epoch=4016 flow=59 side=new cur=5750214207 next=5931141391 tgt=6196947996 f=0.405 u=0 breach=1 end=
CBAP_MIG t=20080000 epoch=4016 flow=60 side=new cur=5750214207 next=5931141391 tgt=6196947996 f=0.405 u=0 breach=1 end=
CBAP_MIG t=20080000 epoch=4016 flow=61 side=new cur=5750214207 next=5931141391 tgt=6196947996 f=0.405 u=0 breach=1 end=
CBAP_MIG t=20080000 epoch=4016 flow=62 side=new cur=5750214207 next=5931141391 tgt=6196947996 f=0.405 u=0 breach=1 end=
CBAP_MIG t=20080000 epoch=4016 flow=63 side=new cur=5750214207 next=5931141391 tgt=6196947996 f=0.405 u=0 breach=1 end=
CBAP_MIG t=20080000 epoch=4016 flow=64 side=new cur=5750214207 next=5931141391 tgt=6196947996 f=0.405 u=0 breach=1 end=
CBAP_MIG t=20085000 epoch=4017 flow=0 side=old cur=24967297713 next=18677108399 tgt=4000000000 f=0.3 u=0 breach=0 end=
CBAP_MIG t=20085000 epoch=4017 flow=1 side=new cur=5931141391 next=6038793066 tgt=6196947996 f=0.405 u=0 breach=1 end=
CBAP_MIG t=20085000 epoch=4017 flow=2 side=new cur=5931141391 next=6038793066 tgt=6196947996 f=0.405 u=0 breach=1 end=
CBAP_MIG t=20085000 epoch=4017 flow=3 side=new cur=5931141391 next=6038793066 tgt=6196947996 f=0.405 u=0 breach=1 end=
CBAP_MIG t=20085000 epoch=4017 flow=4 side=new cur=5931141391 next=6038793066 tgt=6196947996 f=0.405 u=0 breach=1 end=
CBAP_MIG t=20085000 epoch=4017 flow=5 side=new cur=5931141391 next=6038793066 tgt=6196947996 f=0.405 u=0 breach=1 end=
CBAP_MIG t=20085000 epoch=4017 flow=6 side=new cur=5931141391 next=6038793066 tgt=6196947996 f=0.405 u=0 breach=1 end=
CBAP_MIG t=20085000 epoch=4017 flow=7 side=new cur=5931141391 next=6038793066 tgt=6196947996 f=0.405 u=0 breach=1 end=
CBAP_MIG t=20085000 epoch=4017 flow=8 side=new cur=5931141391 next=6038793066 tgt=6196947996 f=0.405 u=0 breach=1 end=
CBAP_MIG t=20085000 epoch=4017 flow=9 side=new cur=5931141391 next=6038793066 tgt=6196947996 f=0.405 u=0 breach=1 end=
CBAP_MIG t=20085000 epoch=4017 flow=10 side=new cur=5931141391 next=6038793066 tgt=6196947996 f=0.405 u=0 breach=1 end=
CBAP_MIG t=20085000 epoch=4017 flow=11 side=new cur=5931141391 next=6038793066 tgt=6196947996 f=0.405 u=0 breach=1 end=
CBAP_MIG t=20085000 epoch=4017 flow=12 side=new cur=5931141391 next=6038793066 tgt=6196947996 f=0.405 u=0 breach=1 end=
CBAP_MIG t=20085000 epoch=4017 flow=13 side=new cur=5931141391 next=6038793066 tgt=6196947996 f=0.405 u=0 breach=1 end=
CBAP_MIG t=20085000 epoch=4017 flow=14 side=new cur=5931141391 next=6038793066 tgt=6196947996 f=0.405 u=0 breach=1 end=
CBAP_MIG t=20085000 epoch=4017 flow=15 side=new cur=5931141391 next=6038793066 tgt=6196947996 f=0.405 u=0 breach=1 end=
CBAP_MIG t=20085000 epoch=4017 flow=16 side=new cur=5931141391 next=6038793066 tgt=6196947996 f=0.405 u=0 breach=1 end=
CBAP_MIG t=20085000 epoch=4017 flow=17 side=new cur=5931141391 next=6038793066 tgt=6196947996 f=0.405 u=0 breach=1 end=
CBAP_MIG t=20085000 epoch=4017 flow=18 side=new cur=5931141391 next=6038793066 tgt=6196947996 f=0.405 u=0 breach=1 end=
CBAP_MIG t=20085000 epoch=4017 flow=19 side=new cur=5931141391 next=6038793066 tgt=6196947996 f=0.405 u=0 breach=1 end=
CBAP_MIG t=20085000 epoch=4017 flow=20 side=new cur=5931141391 next=6038793066 tgt=6196947996 f=0.405 u=0 breach=1 end=
CBAP_MIG t=20085000 epoch=4017 flow=21 side=new cur=5931141391 next=6038793066 tgt=6196947996 f=0.405 u=0 breach=1 end=
CBAP_MIG t=20085000 epoch=4017 flow=22 side=new cur=5931141391 next=6038793066 tgt=6196947996 f=0.405 u=0 breach=1 end=
CBAP_MIG t=20085000 epoch=4017 flow=23 side=new cur=5931141391 next=6038793066 tgt=6196947996 f=0.405 u=0 breach=1 end=
CBAP_MIG t=20085000 epoch=4017 flow=24 side=new cur=5931141391 next=6038793066 tgt=6196947996 f=0.405 u=0 breach=1 end=
CBAP_MIG t=20085000 epoch=4017 flow=25 side=new cur=5931141391 next=6038793066 tgt=6196947996 f=0.405 u=0 breach=1 end=
CBAP_MIG t=20085000 epoch=4017 flow=26 side=new cur=5931141391 next=6038793066 tgt=6196947996 f=0.405 u=0 breach=1 end=
CBAP_MIG t=20085000 epoch=4017 flow=27 side=new cur=5931141391 next=6038793066 tgt=6196947996 f=0.405 u=0 breach=1 end=
CBAP_MIG t=20085000 epoch=4017 flow=28 side=new cur=5931141391 next=6038793066 tgt=6196947996 f=0.405 u=0 breach=1 end=
CBAP_MIG t=20085000 epoch=4017 flow=29 side=new cur=5931141391 next=6038793066 tgt=6196947996 f=0.405 u=0 breach=1 end=
CBAP_MIG t=20085000 epoch=4017 flow=30 side=new cur=5931141391 next=6038793066 tgt=6196947996 f=0.405 u=0 breach=1 end=
CBAP_MIG t=20085000 epoch=4017 flow=31 side=new cur=5931141391 next=6038793066 tgt=6196947996 f=0.405 u=0 breach=1 end=
CBAP_MIG t=20085000 epoch=4017 flow=32 side=new cur=5931141391 next=6038793066 tgt=6196947996 f=0.405 u=0 breach=1 end=
CBAP_MIG t=20085000 epoch=4017 flow=33 side=new cur=5931141391 next=6038793066 tgt=6196947996 f=0.405 u=0 breach=1 end=
CBAP_MIG t=20085000 epoch=4017 flow=34 side=new cur=5931141391 next=6038793066 tgt=6196947996 f=0.405 u=0 breach=1 end=
CBAP_MIG t=20085000 epoch=4017 flow=35 side=new cur=5931141391 next=6038793066 tgt=6196947996 f=0.405 u=0 breach=1 end=
CBAP_MIG t=20085000 epoch=4017 flow=36 side=new cur=5931141391 next=6038793066 tgt=6196947996 f=0.405 u=0 breach=1 end=
CBAP_MIG t=20085000 epoch=4017 flow=37 side=new cur=5931141391 next=6038793066 tgt=6196947996 f=0.405 u=0 breach=1 end=
CBAP_MIG t=20085000 epoch=4017 flow=38 side=new cur=5931141391 next=6038793066 tgt=6196947996 f=0.405 u=0 breach=1 end=
CBAP_MIG t=20085000 epoch=4017 flow=39 side=new cur=5931141391 next=6038793066 tgt=6196947996 f=0.405 u=0 breach=1 end=
CBAP_MIG t=20085000 epoch=4017 flow=40 side=new cur=5931141391 next=6038793066 tgt=6196947996 f=0.405 u=0 breach=1 end=
CBAP_MIG t=20085000 epoch=4017 flow=41 side=new cur=5931141391 next=6038793066 tgt=6196947996 f=0.405 u=0 breach=1 end=
CBAP_MIG t=20085000 epoch=4017 flow=42 side=new cur=5931141391 next=6038793066 tgt=6196947996 f=0.405 u=0 breach=1 end=
CBAP_MIG t=20085000 epoch=4017 flow=43 side=new cur=5931141391 next=6038793066 tgt=6196947996 f=0.405 u=0 breach=1 end=
CBAP_MIG t=20085000 epoch=4017 flow=44 side=new cur=5931141391 next=6038793066 tgt=6196947996 f=0.405 u=0 breach=1 end=
CBAP_MIG t=20085000 epoch=4017 flow=45 side=new cur=5931141391 next=6038793066 tgt=6196947996 f=0.405 u=0 breach=1 end=
CBAP_MIG t=20085000 epoch=4017 flow=46 side=new cur=5931141391 next=6038793066 tgt=6196947996 f=0.405 u=0 breach=1 end=
CBAP_MIG t=20085000 epoch=4017 flow=47 side=new cur=5931141391 next=6038793066 tgt=6196947996 f=0.405 u=0 breach=1 end=
CBAP_MIG t=20085000 epoch=4017 flow=48 side=new cur=5931141391 next=6038793066 tgt=6196947996 f=0.405 u=0 breach=1 end=
CBAP_MIG t=20085000 epoch=4017 flow=49 side=new cur=5931141391 next=6038793066 tgt=6196947996 f=0.405 u=0 breach=1 end=
CBAP_MIG t=20085000 epoch=4017 flow=50 side=new cur=5931141391 next=6038793066 tgt=6196947996 f=0.405 u=0 breach=1 end=
CBAP_MIG t=20085000 epoch=4017 flow=51 side=new cur=5931141391 next=6038793066 tgt=6196947996 f=0.405 u=0 breach=1 end=
CBAP_MIG t=20085000 epoch=4017 flow=52 side=new cur=5931141391 next=6038793066 tgt=6196947996 f=0.405 u=0 breach=1 end=
CBAP_MIG t=20085000 epoch=4017 flow=53 side=new cur=5931141391 next=6038793066 tgt=6196947996 f=0.405 u=0 breach=1 end=
CBAP_MIG t=20085000 epoch=4017 flow=54 side=new cur=5931141391 next=6038793066 tgt=6196947996 f=0.405 u=0 breach=1 end=
CBAP_MIG t=20085000 epoch=4017 flow=55 side=new cur=5931141391 next=6038793066 tgt=6196947996 f=0.405 u=0 breach=1 end=
CBAP_MIG t=20085000 epoch=4017 flow=56 side=new cur=5931141391 next=6038793066 tgt=6196947996 f=0.405 u=0 breach=1 end=
CBAP_MIG t=20085000 epoch=4017 flow=57 side=new cur=5931141391 next=6038793066 tgt=6196947996 f=0.405 u=0 breach=1 end=
CBAP_MIG t=20085000 epoch=4017 flow=58 side=new cur=5931141391 next=6038793066 tgt=6196947996 f=0.405 u=0 breach=1 end=
CBAP_MIG t=20085000 epoch=4017 flow=59 side=new cur=5931141391 next=6038793066 tgt=6196947996 f=0.405 u=0 breach=1 end=
CBAP_MIG t=20085000 epoch=4017 flow=60 side=new cur=5931141391 next=6038793066 tgt=6196947996 f=0.405 u=0 breach=1 end=
CBAP_MIG t=20085000 epoch=4017 flow=61 side=new cur=5931141391 next=6038793066 tgt=6196947996 f=0.405 u=0 breach=1 end=
CBAP_MIG t=20085000 epoch=4017 flow=62 side=new cur=5931141391 next=6038793066 tgt=6196947996 f=0.405 u=0 breach=1 end=
CBAP_MIG t=20085000 epoch=4017 flow=63 side=new cur=5931141391 next=6038793066 tgt=6196947996 f=0.405 u=0 breach=1 end=
CBAP_MIG t=20085000 epoch=4017 flow=64 side=new cur=5931141391 next=6038793066 tgt=6196947996 f=0.405 u=0 breach=1 end=
CBAP_MIG t=20090000 epoch=4018 flow=0 side=old cur=18677108399 next=14273975879 tgt=4000000000 f=0.3 u=0 breach=0 end=
CBAP_MIG t=20090000 epoch=4018 flow=1 side=new cur=6038793066 next=6102845812 tgt=6196947996 f=0.405 u=0 breach=1 end=
CBAP_MIG t=20090000 epoch=4018 flow=2 side=new cur=6038793066 next=6102845812 tgt=6196947996 f=0.405 u=0 breach=1 end=
CBAP_MIG t=20090000 epoch=4018 flow=3 side=new cur=6038793066 next=6102845812 tgt=6196947996 f=0.405 u=0 breach=1 end=
CBAP_MIG t=20090000 epoch=4018 flow=4 side=new cur=6038793066 next=6102845812 tgt=6196947996 f=0.405 u=0 breach=1 end=
CBAP_MIG t=20090000 epoch=4018 flow=5 side=new cur=6038793066 next=6102845812 tgt=6196947996 f=0.405 u=0 breach=1 end=
CBAP_MIG t=20090000 epoch=4018 flow=6 side=new cur=6038793066 next=6102845812 tgt=6196947996 f=0.405 u=0 breach=1 end=
CBAP_MIG t=20090000 epoch=4018 flow=7 side=new cur=6038793066 next=6102845812 tgt=6196947996 f=0.405 u=0 breach=1 end=
CBAP_MIG t=20090000 epoch=4018 flow=8 side=new cur=6038793066 next=6102845812 tgt=6196947996 f=0.405 u=0 breach=1 end=
CBAP_MIG t=20090000 epoch=4018 flow=9 side=new cur=6038793066 next=6102845812 tgt=6196947996 f=0.405 u=0 breach=1 end=
CBAP_MIG t=20090000 epoch=4018 flow=10 side=new cur=6038793066 next=6102845812 tgt=6196947996 f=0.405 u=0 breach=1 end=
CBAP_MIG t=20090000 epoch=4018 flow=11 side=new cur=6038793066 next=6102845812 tgt=6196947996 f=0.405 u=0 breach=1 end=
CBAP_MIG t=20090000 epoch=4018 flow=12 side=new cur=6038793066 next=6102845812 tgt=6196947996 f=0.405 u=0 breach=1 end=
CBAP_MIG t=20090000 epoch=4018 flow=13 side=new cur=6038793066 next=6102845812 tgt=6196947996 f=0.405 u=0 breach=1 end=
CBAP_MIG t=20090000 epoch=4018 flow=14 side=new cur=6038793066 next=6102845812 tgt=6196947996 f=0.405 u=0 breach=1 end=
CBAP_MIG t=20090000 epoch=4018 flow=15 side=new cur=6038793066 next=6102845812 tgt=6196947996 f=0.405 u=0 breach=1 end=
CBAP_MIG t=20090000 epoch=4018 flow=16 side=new cur=6038793066 next=6102845812 tgt=6196947996 f=0.405 u=0 breach=1 end=
CBAP_MIG t=20090000 epoch=4018 flow=17 side=new cur=6038793066 next=6102845812 tgt=6196947996 f=0.405 u=0 breach=1 end=
CBAP_MIG t=20090000 epoch=4018 flow=18 side=new cur=6038793066 next=6102845812 tgt=6196947996 f=0.405 u=0 breach=1 end=
CBAP_MIG t=20090000 epoch=4018 flow=19 side=new cur=6038793066 next=6102845812 tgt=6196947996 f=0.405 u=0 breach=1 end=
CBAP_MIG t=20090000 epoch=4018 flow=20 side=new cur=6038793066 next=6102845812 tgt=6196947996 f=0.405 u=0 breach=1 end=
CBAP_MIG t=20090000 epoch=4018 flow=21 side=new cur=6038793066 next=6102845812 tgt=6196947996 f=0.405 u=0 breach=1 end=
CBAP_MIG t=20090000 epoch=4018 flow=22 side=new cur=6038793066 next=6102845812 tgt=6196947996 f=0.405 u=0 breach=1 end=
CBAP_MIG t=20090000 epoch=4018 flow=23 side=new cur=6038793066 next=6102845812 tgt=6196947996 f=0.405 u=0 breach=1 end=
CBAP_MIG t=20090000 epoch=4018 flow=24 side=new cur=6038793066 next=6102845812 tgt=6196947996 f=0.405 u=0 breach=1 end=
CBAP_MIG t=20090000 epoch=4018 flow=25 side=new cur=6038793066 next=6102845812 tgt=6196947996 f=0.405 u=0 breach=1 end=
CBAP_MIG t=20090000 epoch=4018 flow=26 side=new cur=6038793066 next=6102845812 tgt=6196947996 f=0.405 u=0 breach=1 end=
CBAP_MIG t=20090000 epoch=4018 flow=27 side=new cur=6038793066 next=6102845812 tgt=6196947996 f=0.405 u=0 breach=1 end=
CBAP_MIG t=20090000 epoch=4018 flow=28 side=new cur=6038793066 next=6102845812 tgt=6196947996 f=0.405 u=0 breach=1 end=
CBAP_MIG t=20090000 epoch=4018 flow=29 side=new cur=6038793066 next=6102845812 tgt=6196947996 f=0.405 u=0 breach=1 end=
CBAP_MIG t=20090000 epoch=4018 flow=30 side=new cur=6038793066 next=6102845812 tgt=6196947996 f=0.405 u=0 breach=1 end=
CBAP_MIG t=20090000 epoch=4018 flow=31 side=new cur=6038793066 next=6102845812 tgt=6196947996 f=0.405 u=0 breach=1 end=
CBAP_MIG t=20090000 epoch=4018 flow=32 side=new cur=6038793066 next=6102845812 tgt=6196947996 f=0.405 u=0 breach=1 end=
CBAP_MIG t=20090000 epoch=4018 flow=33 side=new cur=6038793066 next=6102845812 tgt=6196947996 f=0.405 u=0 breach=1 end=
CBAP_MIG t=20090000 epoch=4018 flow=34 side=new cur=6038793066 next=6102845812 tgt=6196947996 f=0.405 u=0 breach=1 end=
CBAP_MIG t=20090000 epoch=4018 flow=35 side=new cur=6038793066 next=6102845812 tgt=6196947996 f=0.405 u=0 breach=1 end=
CBAP_MIG t=20090000 epoch=4018 flow=36 side=new cur=6038793066 next=6102845812 tgt=6196947996 f=0.405 u=0 breach=1 end=
CBAP_MIG t=20090000 epoch=4018 flow=37 side=new cur=6038793066 next=6102845812 tgt=6196947996 f=0.405 u=0 breach=1 end=
CBAP_MIG t=20090000 epoch=4018 flow=38 side=new cur=6038793066 next=6102845812 tgt=6196947996 f=0.405 u=0 breach=1 end=
CBAP_MIG t=20090000 epoch=4018 flow=39 side=new cur=6038793066 next=6102845812 tgt=6196947996 f=0.405 u=0 breach=1 end=
CBAP_MIG t=20090000 epoch=4018 flow=40 side=new cur=6038793066 next=6102845812 tgt=6196947996 f=0.405 u=0 breach=1 end=
CBAP_MIG t=20090000 epoch=4018 flow=41 side=new cur=6038793066 next=6102845812 tgt=6196947996 f=0.405 u=0 breach=1 end=
CBAP_MIG t=20090000 epoch=4018 flow=42 side=new cur=6038793066 next=6102845812 tgt=6196947996 f=0.405 u=0 breach=1 end=
CBAP_MIG t=20090000 epoch=4018 flow=43 side=new cur=6038793066 next=6102845812 tgt=6196947996 f=0.405 u=0 breach=1 end=
CBAP_MIG t=20090000 epoch=4018 flow=44 side=new cur=6038793066 next=6102845812 tgt=6196947996 f=0.405 u=0 breach=1 end=
CBAP_MIG t=20090000 epoch=4018 flow=45 side=new cur=6038793066 next=6102845812 tgt=6196947996 f=0.405 u=0 breach=1 end=
CBAP_MIG t=20090000 epoch=4018 flow=46 side=new cur=6038793066 next=6102845812 tgt=6196947996 f=0.405 u=0 breach=1 end=
CBAP_MIG t=20090000 epoch=4018 flow=47 side=new cur=6038793066 next=6102845812 tgt=6196947996 f=0.405 u=0 breach=1 end=
CBAP_MIG t=20090000 epoch=4018 flow=48 side=new cur=6038793066 next=6102845812 tgt=6196947996 f=0.405 u=0 breach=1 end=
CBAP_MIG t=20090000 epoch=4018 flow=49 side=new cur=6038793066 next=6102845812 tgt=6196947996 f=0.405 u=0 breach=1 end=
CBAP_MIG t=20090000 epoch=4018 flow=50 side=new cur=6038793066 next=6102845812 tgt=6196947996 f=0.405 u=0 breach=1 end=
CBAP_MIG t=20090000 epoch=4018 flow=51 side=new cur=6038793066 next=6102845812 tgt=6196947996 f=0.405 u=0 breach=1 end=
CBAP_MIG t=20090000 epoch=4018 flow=52 side=new cur=6038793066 next=6102845812 tgt=6196947996 f=0.405 u=0 breach=1 end=
CBAP_MIG t=20090000 epoch=4018 flow=53 side=new cur=6038793066 next=6102845812 tgt=6196947996 f=0.405 u=0 breach=1 end=
CBAP_MIG t=20090000 epoch=4018 flow=54 side=new cur=6038793066 next=6102845812 tgt=6196947996 f=0.405 u=0 breach=1 end=
CBAP_MIG t=20090000 epoch=4018 flow=55 side=new cur=6038793066 next=6102845812 tgt=6196947996 f=0.405 u=0 breach=1 end=
CBAP_MIG t=20090000 epoch=4018 flow=56 side=new cur=6038793066 next=6102845812 tgt=6196947996 f=0.405 u=0 breach=1 end=
CBAP_MIG t=20090000 epoch=4018 flow=57 side=new cur=6038793066 next=6102845812 tgt=6196947996 f=0.405 u=0 breach=1 end=
CBAP_MIG t=20090000 epoch=4018 flow=58 side=new cur=6038793066 next=6102845812 tgt=6196947996 f=0.405 u=0 breach=1 end=
CBAP_MIG t=20090000 epoch=4018 flow=59 side=new cur=6038793066 next=6102845812 tgt=6196947996 f=0.405 u=0 breach=1 end=
CBAP_MIG t=20090000 epoch=4018 flow=60 side=new cur=6038793066 next=6102845812 tgt=6196947996 f=0.405 u=0 breach=1 end=
CBAP_MIG t=20090000 epoch=4018 flow=61 side=new cur=6038793066 next=6102845812 tgt=6196947996 f=0.405 u=0 breach=1 end=
CBAP_MIG t=20090000 epoch=4018 flow=62 side=new cur=6038793066 next=6102845812 tgt=6196947996 f=0.405 u=0 breach=1 end=
CBAP_MIG t=20090000 epoch=4018 flow=63 side=new cur=6038793066 next=6102845812 tgt=6196947996 f=0.405 u=0 breach=1 end=
CBAP_MIG t=20090000 epoch=4018 flow=64 side=new cur=6038793066 next=6102845812 tgt=6196947996 f=0.405 u=0 breach=1 end=
CBAP_MIG t=20095000 epoch=4019 flow=0 side=old cur=14273975879 next=11191783115 tgt=4000000000 f=0.3 u=0 breach=0 end=
CBAP_MIG t=20095000 epoch=4019 flow=1 side=new cur=6102845812 next=6140957196 tgt=6196947996 f=0.405 u=0 breach=1 end=converged
CBAP_MIG t=20095000 epoch=4019 flow=2 side=new cur=6102845812 next=6140957196 tgt=6196947996 f=0.405 u=0 breach=1 end=converged
CBAP_MIG t=20095000 epoch=4019 flow=3 side=new cur=6102845812 next=6140957196 tgt=6196947996 f=0.405 u=0 breach=1 end=converged
CBAP_MIG t=20095000 epoch=4019 flow=4 side=new cur=6102845812 next=6140957196 tgt=6196947996 f=0.405 u=0 breach=1 end=converged
CBAP_MIG t=20095000 epoch=4019 flow=5 side=new cur=6102845812 next=6140957196 tgt=6196947996 f=0.405 u=0 breach=1 end=converged
CBAP_MIG t=20095000 epoch=4019 flow=6 side=new cur=6102845812 next=6140957196 tgt=6196947996 f=0.405 u=0 breach=1 end=converged
CBAP_MIG t=20095000 epoch=4019 flow=7 side=new cur=6102845812 next=6140957196 tgt=6196947996 f=0.405 u=0 breach=1 end=converged
CBAP_MIG t=20095000 epoch=4019 flow=8 side=new cur=6102845812 next=6140957196 tgt=6196947996 f=0.405 u=0 breach=1 end=converged
CBAP_MIG t=20095000 epoch=4019 flow=9 side=new cur=6102845812 next=6140957196 tgt=6196947996 f=0.405 u=0 breach=1 end=converged
CBAP_MIG t=20095000 epoch=4019 flow=10 side=new cur=6102845812 next=6140957196 tgt=6196947996 f=0.405 u=0 breach=1 end=converged
CBAP_MIG t=20095000 epoch=4019 flow=11 side=new cur=6102845812 next=6140957196 tgt=6196947996 f=0.405 u=0 breach=1 end=converged
CBAP_MIG t=20095000 epoch=4019 flow=12 side=new cur=6102845812 next=6140957196 tgt=6196947996 f=0.405 u=0 breach=1 end=converged
CBAP_MIG t=20095000 epoch=4019 flow=13 side=new cur=6102845812 next=6140957196 tgt=6196947996 f=0.405 u=0 breach=1 end=converged
CBAP_MIG t=20095000 epoch=4019 flow=14 side=new cur=6102845812 next=6140957196 tgt=6196947996 f=0.405 u=0 breach=1 end=converged
CBAP_MIG t=20095000 epoch=4019 flow=15 side=new cur=6102845812 next=6140957196 tgt=6196947996 f=0.405 u=0 breach=1 end=converged
CBAP_MIG t=20095000 epoch=4019 flow=16 side=new cur=6102845812 next=6140957196 tgt=6196947996 f=0.405 u=0 breach=1 end=converged
CBAP_MIG t=20095000 epoch=4019 flow=17 side=new cur=6102845812 next=6140957196 tgt=6196947996 f=0.405 u=0 breach=1 end=converged
CBAP_MIG t=20095000 epoch=4019 flow=18 side=new cur=6102845812 next=6140957196 tgt=6196947996 f=0.405 u=0 breach=1 end=converged
CBAP_MIG t=20095000 epoch=4019 flow=19 side=new cur=6102845812 next=6140957196 tgt=6196947996 f=0.405 u=0 breach=1 end=converged
CBAP_MIG t=20095000 epoch=4019 flow=20 side=new cur=6102845812 next=6140957196 tgt=6196947996 f=0.405 u=0 breach=1 end=converged
CBAP_MIG t=20095000 epoch=4019 flow=21 side=new cur=6102845812 next=6140957196 tgt=6196947996 f=0.405 u=0 breach=1 end=converged
CBAP_MIG t=20095000 epoch=4019 flow=22 side=new cur=6102845812 next=6140957196 tgt=6196947996 f=0.405 u=0 breach=1 end=converged
CBAP_MIG t=20095000 epoch=4019 flow=23 side=new cur=6102845812 next=6140957196 tgt=6196947996 f=0.405 u=0 breach=1 end=converged
CBAP_MIG t=20095000 epoch=4019 flow=24 side=new cur=6102845812 next=6140957196 tgt=6196947996 f=0.405 u=0 breach=1 end=converged
CBAP_MIG t=20095000 epoch=4019 flow=25 side=new cur=6102845812 next=6140957196 tgt=6196947996 f=0.405 u=0 breach=1 end=converged
CBAP_MIG t=20095000 epoch=4019 flow=26 side=new cur=6102845812 next=6140957196 tgt=6196947996 f=0.405 u=0 breach=1 end=converged
CBAP_MIG t=20095000 epoch=4019 flow=27 side=new cur=6102845812 next=6140957196 tgt=6196947996 f=0.405 u=0 breach=1 end=converged
CBAP_MIG t=20095000 epoch=4019 flow=28 side=new cur=6102845812 next=6140957196 tgt=6196947996 f=0.405 u=0 breach=1 end=converged
CBAP_MIG t=20095000 epoch=4019 flow=29 side=new cur=6102845812 next=6140957196 tgt=6196947996 f=0.405 u=0 breach=1 end=converged
CBAP_MIG t=20095000 epoch=4019 flow=30 side=new cur=6102845812 next=6140957196 tgt=6196947996 f=0.405 u=0 breach=1 end=converged
CBAP_MIG t=20095000 epoch=4019 flow=31 side=new cur=6102845812 next=6140957196 tgt=6196947996 f=0.405 u=0 breach=1 end=converged
CBAP_MIG t=20095000 epoch=4019 flow=32 side=new cur=6102845812 next=6140957196 tgt=6196947996 f=0.405 u=0 breach=1 end=converged
CBAP_MIG t=20095000 epoch=4019 flow=33 side=new cur=6102845812 next=6140957196 tgt=6196947996 f=0.405 u=0 breach=1 end=converged
CBAP_MIG t=20095000 epoch=4019 flow=34 side=new cur=6102845812 next=6140957196 tgt=6196947996 f=0.405 u=0 breach=1 end=converged
CBAP_MIG t=20095000 epoch=4019 flow=35 side=new cur=6102845812 next=6140957196 tgt=6196947996 f=0.405 u=0 breach=1 end=converged
CBAP_MIG t=20095000 epoch=4019 flow=36 side=new cur=6102845812 next=6140957196 tgt=6196947996 f=0.405 u=0 breach=1 end=converged
CBAP_MIG t=20095000 epoch=4019 flow=37 side=new cur=6102845812 next=6140957196 tgt=6196947996 f=0.405 u=0 breach=1 end=converged
CBAP_MIG t=20095000 epoch=4019 flow=38 side=new cur=6102845812 next=6140957196 tgt=6196947996 f=0.405 u=0 breach=1 end=converged
CBAP_MIG t=20095000 epoch=4019 flow=39 side=new cur=6102845812 next=6140957196 tgt=6196947996 f=0.405 u=0 breach=1 end=converged
CBAP_MIG t=20095000 epoch=4019 flow=40 side=new cur=6102845812 next=6140957196 tgt=6196947996 f=0.405 u=0 breach=1 end=converged
CBAP_MIG t=20095000 epoch=4019 flow=41 side=new cur=6102845812 next=6140957196 tgt=6196947996 f=0.405 u=0 breach=1 end=converged
CBAP_MIG t=20095000 epoch=4019 flow=42 side=new cur=6102845812 next=6140957196 tgt=6196947996 f=0.405 u=0 breach=1 end=converged
CBAP_MIG t=20095000 epoch=4019 flow=43 side=new cur=6102845812 next=6140957196 tgt=6196947996 f=0.405 u=0 breach=1 end=converged
CBAP_MIG t=20095000 epoch=4019 flow=44 side=new cur=6102845812 next=6140957196 tgt=6196947996 f=0.405 u=0 breach=1 end=converged
CBAP_MIG t=20095000 epoch=4019 flow=45 side=new cur=6102845812 next=6140957196 tgt=6196947996 f=0.405 u=0 breach=1 end=converged
CBAP_MIG t=20095000 epoch=4019 flow=46 side=new cur=6102845812 next=6140957196 tgt=6196947996 f=0.405 u=0 breach=1 end=converged
CBAP_MIG t=20095000 epoch=4019 flow=47 side=new cur=6102845812 next=6140957196 tgt=6196947996 f=0.405 u=0 breach=1 end=converged
CBAP_MIG t=20095000 epoch=4019 flow=48 side=new cur=6102845812 next=6140957196 tgt=6196947996 f=0.405 u=0 breach=1 end=converged
CBAP_MIG t=20095000 epoch=4019 flow=49 side=new cur=6102845812 next=6140957196 tgt=6196947996 f=0.405 u=0 breach=1 end=converged
CBAP_MIG t=20095000 epoch=4019 flow=50 side=new cur=6102845812 next=6140957196 tgt=6196947996 f=0.405 u=0 breach=1 end=converged
CBAP_MIG t=20095000 epoch=4019 flow=51 side=new cur=6102845812 next=6140957196 tgt=6196947996 f=0.405 u=0 breach=1 end=converged
CBAP_MIG t=20095000 epoch=4019 flow=52 side=new cur=6102845812 next=6140957196 tgt=6196947996 f=0.405 u=0 breach=1 end=converged
CBAP_MIG t=20095000 epoch=4019 flow=53 side=new cur=6102845812 next=6140957196 tgt=6196947996 f=0.405 u=0 breach=1 end=converged
CBAP_MIG t=20095000 epoch=4019 flow=54 side=new cur=6102845812 next=6140957196 tgt=6196947996 f=0.405 u=0 breach=1 end=converged
CBAP_MIG t=20095000 epoch=4019 flow=55 side=new cur=6102845812 next=6140957196 tgt=6196947996 f=0.405 u=0 breach=1 end=converged
CBAP_MIG t=20095000 epoch=4019 flow=56 side=new cur=6102845812 next=6140957196 tgt=6196947996 f=0.405 u=0 breach=1 end=converged
CBAP_MIG t=20095000 epoch=4019 flow=57 side=new cur=6102845812 next=6140957196 tgt=6196947996 f=0.405 u=0 breach=1 end=converged
CBAP_MIG t=20095000 epoch=4019 flow=58 side=new cur=6102845812 next=6140957196 tgt=6196947996 f=0.405 u=0 breach=1 end=converged
CBAP_MIG t=20095000 epoch=4019 flow=59 side=new cur=6102845812 next=6140957196 tgt=6196947996 f=0.405 u=0 breach=1 end=converged
CBAP_MIG t=20095000 epoch=4019 flow=60 side=new cur=6102845812 next=6140957196 tgt=6196947996 f=0.405 u=0 breach=1 end=converged
CBAP_MIG t=20095000 epoch=4019 flow=61 side=new cur=6102845812 next=6140957196 tgt=6196947996 f=0.405 u=0 breach=1 end=converged
CBAP_MIG t=20095000 epoch=4019 flow=62 side=new cur=6102845812 next=6140957196 tgt=6196947996 f=0.405 u=0 breach=1 end=converged
CBAP_MIG t=20095000 epoch=4019 flow=63 side=new cur=6102845812 next=6140957196 tgt=6196947996 f=0.405 u=0 breach=1 end=converged
CBAP_MIG t=20095000 epoch=4019 flow=64 side=new cur=6102845812 next=6140957196 tgt=6196947996 f=0.405 u=0 breach=1 end=converged
CBAP_MIG t=20100000 epoch=4020 flow=0 side=old cur=11191783115 next=9034248180 tgt=4000000000 f=0.3 u=0 breach=0 end=
CBAP_MIG t=20105000 epoch=4021 flow=0 side=old cur=9034248180 next=7523973726 tgt=4000000000 f=0.3 u=0 breach=0 end=
CBAP_MIG t=20110000 epoch=4022 flow=0 side=old cur=7523973726 next=6466781608 tgt=4000000000 f=0.3 u=0 breach=0 end=
CBAP_MIG t=20115000 epoch=4023 flow=0 side=old cur=6466781608 next=5726747125 tgt=4000000000 f=0.3 u=0 breach=0 end=
CBAP_MIG t=20120000 epoch=4024 flow=0 side=old cur=5726747125 next=5208722987 tgt=4000000000 f=0.3 u=0 breach=0 end=
CBAP_MIG t=20125000 epoch=4025 flow=0 side=old cur=5208722987 next=4846106090 tgt=4000000000 f=0.3 u=0 breach=0 end=
CBAP_MIG t=20130000 epoch=4026 flow=0 side=old cur=4846106090 next=4592274263 tgt=4000000000 f=0.3 u=0 breach=0 end=
CBAP_MIG t=20135000 epoch=4027 flow=0 side=old cur=4592274263 next=4414591984 tgt=4000000000 f=0.3 u=0 breach=0 end=
CBAP_MIG t=20140000 epoch=4028 flow=0 side=old cur=4414591984 next=4290214388 tgt=4000000000 f=0.3 u=0 breach=0 end=
CBAP_MIG t=20145000 epoch=4029 flow=0 side=old cur=4290214388 next=4203150071 tgt=4000000000 f=0.3 u=0 breach=0 end=deadline_retargeted
CBAP_MIG_REPLAN t=20150000 reason=deadline_lapsed flow=1 batch=1 newest_batch=1 cur=6246825780 target=6305932578 ceiling=400000000000 old_side_present=1
CBAP_MIG_REPLAN t=20150000 reason=deadline_lapsed flow=2 batch=1 newest_batch=1 cur=6246825780 target=6305932578 ceiling=400000000000 old_side_present=1
CBAP_MIG_REPLAN t=20150000 reason=deadline_lapsed flow=3 batch=1 newest_batch=1 cur=6246825780 target=6305932578 ceiling=400000000000 old_side_present=1
CBAP_MIG_REPLAN t=20150000 reason=deadline_lapsed flow=4 batch=1 newest_batch=1 cur=6246825780 target=6305932578 ceiling=400000000000 old_side_present=1
CBAP_MIG_REPLAN t=20150000 reason=deadline_lapsed flow=5 batch=1 newest_batch=1 cur=6246825780 target=6305932578 ceiling=400000000000 old_side_present=1
CBAP_MIG_REPLAN t=20150000 reason=deadline_lapsed flow=6 batch=1 newest_batch=1 cur=6246825780 target=6305932578 ceiling=400000000000 old_side_present=1
CBAP_MIG_REPLAN t=20150000 reason=deadline_lapsed flow=7 batch=1 newest_batch=1 cur=6246825780 target=6305932578 ceiling=400000000000 old_side_present=1
CBAP_MIG_REPLAN t=20150000 reason=deadline_lapsed flow=8 batch=1 newest_batch=1 cur=6246825780 target=6305932578 ceiling=400000000000 old_side_present=1
CBAP_MIG_REPLAN t=20150000 reason=deadline_lapsed flow=9 batch=1 newest_batch=1 cur=6246825780 target=6305932578 ceiling=400000000000 old_side_present=1
CBAP_MIG_REPLAN t=20150000 reason=deadline_lapsed flow=10 batch=1 newest_batch=1 cur=6246825780 target=6305932578 ceiling=400000000000 old_side_present=1
CBAP_MIG_REPLAN t=20150000 reason=deadline_lapsed flow=11 batch=1 newest_batch=1 cur=6246825780 target=6305932578 ceiling=400000000000 old_side_present=1
CBAP_MIG_REPLAN t=20150000 reason=deadline_lapsed flow=12 batch=1 newest_batch=1 cur=6246825780 target=6305932578 ceiling=400000000000 old_side_present=1
CBAP_MIG_REPLAN t=20150000 reason=deadline_lapsed flow=13 batch=1 newest_batch=1 cur=6246825780 target=6305932578 ceiling=400000000000 old_side_present=1
CBAP_MIG_REPLAN t=20150000 reason=deadline_lapsed flow=14 batch=1 newest_batch=1 cur=6246825780 target=6305932578 ceiling=400000000000 old_side_present=1
CBAP_MIG_REPLAN t=20150000 reason=deadline_lapsed flow=15 batch=1 newest_batch=1 cur=6246825780 target=6305932578 ceiling=400000000000 old_side_present=1
CBAP_MIG_REPLAN t=20150000 reason=deadline_lapsed flow=16 batch=1 newest_batch=1 cur=6246825780 target=6305932578 ceiling=400000000000 old_side_present=1
CBAP_MIG_REPLAN t=20150000 reason=deadline_lapsed flow=17 batch=1 newest_batch=1 cur=6246825780 target=6305932578 ceiling=400000000000 old_side_present=1
CBAP_MIG_REPLAN t=20150000 reason=deadline_lapsed flow=18 batch=1 newest_batch=1 cur=6246825780 target=6305932578 ceiling=400000000000 old_side_present=1
CBAP_MIG_REPLAN t=20150000 reason=deadline_lapsed flow=19 batch=1 newest_batch=1 cur=6246825780 target=6305932578 ceiling=400000000000 old_side_present=1
CBAP_MIG_REPLAN t=20150000 reason=deadline_lapsed flow=20 batch=1 newest_batch=1 cur=6246825780 target=6305932578 ceiling=400000000000 old_side_present=1
CBAP_MIG_REPLAN t=20150000 reason=deadline_lapsed flow=21 batch=1 newest_batch=1 cur=6246825780 target=6305932578 ceiling=400000000000 old_side_present=1
CBAP_MIG_REPLAN t=20150000 reason=deadline_lapsed flow=22 batch=1 newest_batch=1 cur=6246825780 target=6305932578 ceiling=400000000000 old_side_present=1
CBAP_MIG_REPLAN t=20150000 reason=deadline_lapsed flow=23 batch=1 newest_batch=1 cur=6246825780 target=6305932578 ceiling=400000000000 old_side_present=1
CBAP_MIG_REPLAN t=20150000 reason=deadline_lapsed flow=24 batch=1 newest_batch=1 cur=6246825780 target=6305932578 ceiling=400000000000 old_side_present=1
CBAP_MIG_REPLAN t=20150000 reason=deadline_lapsed flow=25 batch=1 newest_batch=1 cur=6246825780 target=6305932578 ceiling=400000000000 old_side_present=1
CBAP_MIG_REPLAN t=20150000 reason=deadline_lapsed flow=26 batch=1 newest_batch=1 cur=6246825780 target=6305932578 ceiling=400000000000 old_side_present=1
CBAP_MIG_REPLAN t=20150000 reason=deadline_lapsed flow=27 batch=1 newest_batch=1 cur=6246825780 target=6305932578 ceiling=400000000000 old_side_present=1
CBAP_MIG_REPLAN t=20150000 reason=deadline_lapsed flow=28 batch=1 newest_batch=1 cur=6246825780 target=6305932578 ceiling=400000000000 old_side_present=1
CBAP_MIG_REPLAN t=20150000 reason=deadline_lapsed flow=29 batch=1 newest_batch=1 cur=6246825780 target=6305932578 ceiling=400000000000 old_side_present=1
CBAP_MIG_REPLAN t=20150000 reason=deadline_lapsed flow=30 batch=1 newest_batch=1 cur=6246825780 target=6305932578 ceiling=400000000000 old_side_present=1
CBAP_MIG_REPLAN t=20150000 reason=deadline_lapsed flow=31 batch=1 newest_batch=1 cur=6246825780 target=6305932578 ceiling=400000000000 old_side_present=1
CBAP_MIG_REPLAN t=20150000 reason=deadline_lapsed flow=32 batch=1 newest_batch=1 cur=6246825780 target=6305932578 ceiling=400000000000 old_side_present=1
CBAP_MIG_REPLAN t=20150000 reason=deadline_lapsed flow=33 batch=1 newest_batch=1 cur=6246825780 target=6305932578 ceiling=400000000000 old_side_present=1
CBAP_MIG_REPLAN t=20150000 reason=deadline_lapsed flow=34 batch=1 newest_batch=1 cur=6246825780 target=6305932578 ceiling=400000000000 old_side_present=1
CBAP_MIG_REPLAN t=20150000 reason=deadline_lapsed flow=35 batch=1 newest_batch=1 cur=6246825780 target=6305932578 ceiling=400000000000 old_side_present=1
CBAP_MIG_REPLAN t=20150000 reason=deadline_lapsed flow=36 batch=1 newest_batch=1 cur=6246825780 target=6305932578 ceiling=400000000000 old_side_present=1
CBAP_MIG_REPLAN t=20150000 reason=deadline_lapsed flow=37 batch=1 newest_batch=1 cur=6246825780 target=6305932578 ceiling=400000000000 old_side_present=1
CBAP_MIG_REPLAN t=20150000 reason=deadline_lapsed flow=38 batch=1 newest_batch=1 cur=6246825780 target=6305932578 ceiling=400000000000 old_side_present=1
CBAP_MIG_REPLAN t=20150000 reason=deadline_lapsed flow=39 batch=1 newest_batch=1 cur=6246825780 target=6305932578 ceiling=400000000000 old_side_present=1
CBAP_MIG_REPLAN t=20150000 reason=deadline_lapsed flow=40 batch=1 newest_batch=1 cur=6246825780 target=6305932578 ceiling=400000000000 old_side_present=1
CBAP_MIG_REPLAN t=20150000 reason=deadline_lapsed flow=41 batch=1 newest_batch=1 cur=6246825780 target=6305932578 ceiling=400000000000 old_side_present=1
CBAP_MIG_REPLAN t=20150000 reason=deadline_lapsed flow=42 batch=1 newest_batch=1 cur=6246825780 target=6305932578 ceiling=400000000000 old_side_present=1
CBAP_MIG_REPLAN t=20150000 reason=deadline_lapsed flow=43 batch=1 newest_batch=1 cur=6246825780 target=6305932578 ceiling=400000000000 old_side_present=1
CBAP_MIG_REPLAN t=20150000 reason=deadline_lapsed flow=44 batch=1 newest_batch=1 cur=6246825780 target=6305932578 ceiling=400000000000 old_side_present=1
CBAP_MIG_REPLAN t=20150000 reason=deadline_lapsed flow=45 batch=1 newest_batch=1 cur=6246825780 target=6305932578 ceiling=400000000000 old_side_present=1
CBAP_MIG_REPLAN t=20150000 reason=deadline_lapsed flow=46 batch=1 newest_batch=1 cur=6246825780 target=6305932578 ceiling=400000000000 old_side_present=1
CBAP_MIG_REPLAN t=20150000 reason=deadline_lapsed flow=47 batch=1 newest_batch=1 cur=6246825780 target=6305932578 ceiling=400000000000 old_side_present=1
CBAP_MIG_REPLAN t=20150000 reason=deadline_lapsed flow=48 batch=1 newest_batch=1 cur=6246825780 target=6305932578 ceiling=400000000000 old_side_present=1
CBAP_MIG_REPLAN t=20150000 reason=deadline_lapsed flow=49 batch=1 newest_batch=1 cur=6246825780 target=6305932578 ceiling=400000000000 old_side_present=1
CBAP_MIG_REPLAN t=20150000 reason=deadline_lapsed flow=50 batch=1 newest_batch=1 cur=6246825780 target=6305932578 ceiling=400000000000 old_side_present=1
CBAP_MIG_REPLAN t=20150000 reason=deadline_lapsed flow=51 batch=1 newest_batch=1 cur=6246825780 target=6305932578 ceiling=400000000000 old_side_present=1
CBAP_MIG_REPLAN t=20150000 reason=deadline_lapsed flow=52 batch=1 newest_batch=1 cur=6246825780 target=6305932578 ceiling=400000000000 old_side_present=1
CBAP_MIG_REPLAN t=20150000 reason=deadline_lapsed flow=53 batch=1 newest_batch=1 cur=6246825780 target=6305932578 ceiling=400000000000 old_side_present=1
CBAP_MIG_REPLAN t=20150000 reason=deadline_lapsed flow=54 batch=1 newest_batch=1 cur=6246825780 target=6305932578 ceiling=400000000000 old_side_present=1
CBAP_MIG_REPLAN t=20150000 reason=deadline_lapsed flow=55 batch=1 newest_batch=1 cur=6246825780 target=6305932578 ceiling=400000000000 old_side_present=1
CBAP_MIG_REPLAN t=20150000 reason=deadline_lapsed flow=56 batch=1 newest_batch=1 cur=6246825780 target=6305932578 ceiling=400000000000 old_side_present=1
CBAP_MIG_REPLAN t=20150000 reason=deadline_lapsed flow=57 batch=1 newest_batch=1 cur=6246825780 target=6305932578 ceiling=400000000000 old_side_present=1
CBAP_MIG_REPLAN t=20150000 reason=deadline_lapsed flow=58 batch=1 newest_batch=1 cur=6246825780 target=6305932578 ceiling=400000000000 old_side_present=1
CBAP_MIG_REPLAN t=20150000 reason=deadline_lapsed flow=59 batch=1 newest_batch=1 cur=6246825780 target=6305932578 ceiling=400000000000 old_side_present=1
CBAP_MIG_REPLAN t=20150000 reason=deadline_lapsed flow=60 batch=1 newest_batch=1 cur=6246825780 target=6305932578 ceiling=400000000000 old_side_present=1
CBAP_MIG_REPLAN t=20150000 reason=deadline_lapsed flow=61 batch=1 newest_batch=1 cur=6246825780 target=6305932578 ceiling=400000000000 old_side_present=1
CBAP_MIG_REPLAN t=20150000 reason=deadline_lapsed flow=62 batch=1 newest_batch=1 cur=6246825780 target=6305932578 ceiling=400000000000 old_side_present=1
CBAP_MIG_REPLAN t=20150000 reason=deadline_lapsed flow=63 batch=1 newest_batch=1 cur=6246825780 target=6305932578 ceiling=400000000000 old_side_present=1
CBAP_MIG_REPLAN t=20150000 reason=deadline_lapsed flow=64 batch=1 newest_batch=1 cur=6246825780 target=6305932578 ceiling=400000000000 old_side_present=1
CBAP_MIG t=20150000 epoch=4030 flow=0 side=old cur=4203150071 next=4142205049 tgt=4000000000 f=0.3 u=0 breach=0 end=
CBAP_MIG t=20150000 epoch=4030 flow=1 side=new cur=6246825780 next=6270764033 tgt=6305932578 f=0.405 u=0 breach=1 end=converged
CBAP_MIG t=20150000 epoch=4030 flow=2 side=new cur=6246825780 next=6270764033 tgt=6305932578 f=0.405 u=0 breach=1 end=converged
CBAP_MIG t=20150000 epoch=4030 flow=3 side=new cur=6246825780 next=6270764033 tgt=6305932578 f=0.405 u=0 breach=1 end=converged
CBAP_MIG t=20150000 epoch=4030 flow=4 side=new cur=6246825780 next=6270764033 tgt=6305932578 f=0.405 u=0 breach=1 end=converged
CBAP_MIG t=20150000 epoch=4030 flow=5 side=new cur=6246825780 next=6270764033 tgt=6305932578 f=0.405 u=0 breach=1 end=converged
CBAP_MIG t=20150000 epoch=4030 flow=6 side=new cur=6246825780 next=6270764033 tgt=6305932578 f=0.405 u=0 breach=1 end=converged
CBAP_MIG t=20150000 epoch=4030 flow=7 side=new cur=6246825780 next=6270764033 tgt=6305932578 f=0.405 u=0 breach=1 end=converged
CBAP_MIG t=20150000 epoch=4030 flow=8 side=new cur=6246825780 next=6270764033 tgt=6305932578 f=0.405 u=0 breach=1 end=converged
CBAP_MIG t=20150000 epoch=4030 flow=9 side=new cur=6246825780 next=6270764033 tgt=6305932578 f=0.405 u=0 breach=1 end=converged
CBAP_MIG t=20150000 epoch=4030 flow=10 side=new cur=6246825780 next=6270764033 tgt=6305932578 f=0.405 u=0 breach=1 end=converged
CBAP_MIG t=20150000 epoch=4030 flow=11 side=new cur=6246825780 next=6270764033 tgt=6305932578 f=0.405 u=0 breach=1 end=converged
CBAP_MIG t=20150000 epoch=4030 flow=12 side=new cur=6246825780 next=6270764033 tgt=6305932578 f=0.405 u=0 breach=1 end=converged
CBAP_MIG t=20150000 epoch=4030 flow=13 side=new cur=6246825780 next=6270764033 tgt=6305932578 f=0.405 u=0 breach=1 end=converged
CBAP_MIG t=20150000 epoch=4030 flow=14 side=new cur=6246825780 next=6270764033 tgt=6305932578 f=0.405 u=0 breach=1 end=converged
CBAP_MIG t=20150000 epoch=4030 flow=15 side=new cur=6246825780 next=6270764033 tgt=6305932578 f=0.405 u=0 breach=1 end=converged
CBAP_MIG t=20150000 epoch=4030 flow=16 side=new cur=6246825780 next=6270764033 tgt=6305932578 f=0.405 u=0 breach=1 end=converged
CBAP_MIG t=20150000 epoch=4030 flow=17 side=new cur=6246825780 next=6270764033 tgt=6305932578 f=0.405 u=0 breach=1 end=converged
CBAP_MIG t=20150000 epoch=4030 flow=18 side=new cur=6246825780 next=6270764033 tgt=6305932578 f=0.405 u=0 breach=1 end=converged
CBAP_MIG t=20150000 epoch=4030 flow=19 side=new cur=6246825780 next=6270764033 tgt=6305932578 f=0.405 u=0 breach=1 end=converged
CBAP_MIG t=20150000 epoch=4030 flow=20 side=new cur=6246825780 next=6270764033 tgt=6305932578 f=0.405 u=0 breach=1 end=converged
CBAP_MIG t=20150000 epoch=4030 flow=21 side=new cur=6246825780 next=6270764033 tgt=6305932578 f=0.405 u=0 breach=1 end=converged
CBAP_MIG t=20150000 epoch=4030 flow=22 side=new cur=6246825780 next=6270764033 tgt=6305932578 f=0.405 u=0 breach=1 end=converged
CBAP_MIG t=20150000 epoch=4030 flow=23 side=new cur=6246825780 next=6270764033 tgt=6305932578 f=0.405 u=0 breach=1 end=converged
CBAP_MIG t=20150000 epoch=4030 flow=24 side=new cur=6246825780 next=6270764033 tgt=6305932578 f=0.405 u=0 breach=1 end=converged
CBAP_MIG t=20150000 epoch=4030 flow=25 side=new cur=6246825780 next=6270764033 tgt=6305932578 f=0.405 u=0 breach=1 end=converged
CBAP_MIG t=20150000 epoch=4030 flow=26 side=new cur=6246825780 next=6270764033 tgt=6305932578 f=0.405 u=0 breach=1 end=converged
CBAP_MIG t=20150000 epoch=4030 flow=27 side=new cur=6246825780 next=6270764033 tgt=6305932578 f=0.405 u=0 breach=1 end=converged
CBAP_MIG t=20150000 epoch=4030 flow=28 side=new cur=6246825780 next=6270764033 tgt=6305932578 f=0.405 u=0 breach=1 end=converged
CBAP_MIG t=20150000 epoch=4030 flow=29 side=new cur=6246825780 next=6270764033 tgt=6305932578 f=0.405 u=0 breach=1 end=converged
CBAP_MIG t=20150000 epoch=4030 flow=30 side=new cur=6246825780 next=6270764033 tgt=6305932578 f=0.405 u=0 breach=1 end=converged
CBAP_MIG t=20150000 epoch=4030 flow=31 side=new cur=6246825780 next=6270764033 tgt=6305932578 f=0.405 u=0 breach=1 end=converged
CBAP_MIG t=20150000 epoch=4030 flow=32 side=new cur=6246825780 next=6270764033 tgt=6305932578 f=0.405 u=0 breach=1 end=converged
CBAP_MIG t=20150000 epoch=4030 flow=33 side=new cur=6246825780 next=6270764033 tgt=6305932578 f=0.405 u=0 breach=1 end=converged
CBAP_MIG t=20150000 epoch=4030 flow=34 side=new cur=6246825780 next=6270764033 tgt=6305932578 f=0.405 u=0 breach=1 end=converged
CBAP_MIG t=20150000 epoch=4030 flow=35 side=new cur=6246825780 next=6270764033 tgt=6305932578 f=0.405 u=0 breach=1 end=converged
CBAP_MIG t=20150000 epoch=4030 flow=36 side=new cur=6246825780 next=6270764033 tgt=6305932578 f=0.405 u=0 breach=1 end=converged
CBAP_MIG t=20150000 epoch=4030 flow=37 side=new cur=6246825780 next=6270764033 tgt=6305932578 f=0.405 u=0 breach=1 end=converged
CBAP_MIG t=20150000 epoch=4030 flow=38 side=new cur=6246825780 next=6270764033 tgt=6305932578 f=0.405 u=0 breach=1 end=converged
CBAP_MIG t=20150000 epoch=4030 flow=39 side=new cur=6246825780 next=6270764033 tgt=6305932578 f=0.405 u=0 breach=1 end=converged
CBAP_MIG t=20150000 epoch=4030 flow=40 side=new cur=6246825780 next=6270764033 tgt=6305932578 f=0.405 u=0 breach=1 end=converged
CBAP_MIG t=20150000 epoch=4030 flow=41 side=new cur=6246825780 next=6270764033 tgt=6305932578 f=0.405 u=0 breach=1 end=converged
CBAP_MIG t=20150000 epoch=4030 flow=42 side=new cur=6246825780 next=6270764033 tgt=6305932578 f=0.405 u=0 breach=1 end=converged
CBAP_MIG t=20150000 epoch=4030 flow=43 side=new cur=6246825780 next=6270764033 tgt=6305932578 f=0.405 u=0 breach=1 end=converged
CBAP_MIG t=20150000 epoch=4030 flow=44 side=new cur=6246825780 next=6270764033 tgt=6305932578 f=0.405 u=0 breach=1 end=converged
CBAP_MIG t=20150000 epoch=4030 flow=45 side=new cur=6246825780 next=6270764033 tgt=6305932578 f=0.405 u=0 breach=1 end=converged
CBAP_MIG t=20150000 epoch=4030 flow=46 side=new cur=6246825780 next=6270764033 tgt=6305932578 f=0.405 u=0 breach=1 end=converged
CBAP_MIG t=20150000 epoch=4030 flow=47 side=new cur=6246825780 next=6270764033 tgt=6305932578 f=0.405 u=0 breach=1 end=converged
CBAP_MIG t=20150000 epoch=4030 flow=48 side=new cur=6246825780 next=6270764033 tgt=6305932578 f=0.405 u=0 breach=1 end=converged
CBAP_MIG t=20150000 epoch=4030 flow=49 side=new cur=6246825780 next=6270764033 tgt=6305932578 f=0.405 u=0 breach=1 end=converged
CBAP_MIG t=20150000 epoch=4030 flow=50 side=new cur=6246825780 next=6270764033 tgt=6305932578 f=0.405 u=0 breach=1 end=converged
CBAP_MIG t=20150000 epoch=4030 flow=51 side=new cur=6246825780 next=6270764033 tgt=6305932578 f=0.405 u=0 breach=1 end=converged
CBAP_MIG t=20150000 epoch=4030 flow=52 side=new cur=6246825780 next=6270764033 tgt=6305932578 f=0.405 u=0 breach=1 end=converged
CBAP_MIG t=20150000 epoch=4030 flow=53 side=new cur=6246825780 next=6270764033 tgt=6305932578 f=0.405 u=0 breach=1 end=converged
CBAP_MIG t=20150000 epoch=4030 flow=54 side=new cur=6246825780 next=6270764033 tgt=6305932578 f=0.405 u=0 breach=1 end=converged
CBAP_MIG t=20150000 epoch=4030 flow=55 side=new cur=6246825780 next=6270764033 tgt=6305932578 f=0.405 u=0 breach=1 end=converged
CBAP_MIG t=20150000 epoch=4030 flow=56 side=new cur=6246825780 next=6270764033 tgt=6305932578 f=0.405 u=0 breach=1 end=converged
CBAP_MIG t=20150000 epoch=4030 flow=57 side=new cur=6246825780 next=6270764033 tgt=6305932578 f=0.405 u=0 breach=1 end=converged
CBAP_MIG t=20150000 epoch=4030 flow=58 side=new cur=6246825780 next=6270764033 tgt=6305932578 f=0.405 u=0 breach=1 end=converged
CBAP_MIG t=20150000 epoch=4030 flow=59 side=new cur=6246825780 next=6270764033 tgt=6305932578 f=0.405 u=0 breach=1 end=converged
CBAP_MIG t=20150000 epoch=4030 flow=60 side=new cur=6246825780 next=6270764033 tgt=6305932578 f=0.405 u=0 breach=1 end=converged
CBAP_MIG t=20150000 epoch=4030 flow=61 side=new cur=6246825780 next=6270764033 tgt=6305932578 f=0.405 u=0 breach=1 end=converged
CBAP_MIG t=20150000 epoch=4030 flow=62 side=new cur=6246825780 next=6270764033 tgt=6305932578 f=0.405 u=0 breach=1 end=converged
CBAP_MIG t=20150000 epoch=4030 flow=63 side=new cur=6246825780 next=6270764033 tgt=6305932578 f=0.405 u=0 breach=1 end=converged
CBAP_MIG t=20150000 epoch=4030 flow=64 side=new cur=6246825780 next=6270764033 tgt=6305932578 f=0.405 u=0 breach=1 end=converged
CBAP_MIG t=20155000 epoch=4031 flow=0 side=old cur=4142205049 next=4099543534 tgt=4000000000 f=0.3 u=0 breach=0 end=
CBAP_MIG t=20160000 epoch=4032 flow=0 side=old cur=4099543534 next=4069680473 tgt=4000000000 f=0.3 u=0 breach=0 end=
CBAP_MIG t=20165000 epoch=4033 flow=0 side=old cur=4069680473 next=4048776331 tgt=4000000000 f=0.3 u=0 breach=0 end=
CBAP_MIG t=20170000 epoch=4034 flow=0 side=old cur=4048776331 next=4034143431 tgt=4000000000 f=0.3 u=0 breach=0 end=converged
CBAP_MIG_REPLAN t=24585000 reason=active_set_shrank flow=0 batch=0 newest_batch=1 cur=4194257542 target=4000000000 ceiling=320000000000 old_side_present=1
CBAP_MIG_REPLAN t=24585000 reason=active_set_shrank flow=1 batch=1 newest_batch=1 cur=5544596527 target=6406040861 ceiling=400000000000 old_side_present=1
CBAP_MIG_REPLAN t=24585000 reason=active_set_shrank flow=2 batch=1 newest_batch=1 cur=5441065296 target=6406040861 ceiling=400000000000 old_side_present=1
CBAP_MIG_REPLAN t=24585000 reason=active_set_shrank flow=3 batch=1 newest_batch=1 cur=4367565154 target=6406040861 ceiling=400000000000 old_side_present=1
CBAP_MIG_REPLAN t=24585000 reason=active_set_shrank flow=4 batch=1 newest_batch=1 cur=7522291063 target=6406040861 ceiling=400000000000 old_side_present=1
CBAP_MIG_REPLAN t=24585000 reason=active_set_shrank flow=5 batch=1 newest_batch=1 cur=5497957660 target=6406040861 ceiling=400000000000 old_side_present=1
CBAP_MIG_REPLAN t=24585000 reason=active_set_shrank flow=6 batch=1 newest_batch=1 cur=5436568641 target=6406040861 ceiling=400000000000 old_side_present=1
CBAP_MIG_REPLAN t=24585000 reason=active_set_shrank flow=7 batch=1 newest_batch=1 cur=4000000000 target=6406040861 ceiling=400000000000 old_side_present=1
CBAP_MIG_REPLAN t=24585000 reason=active_set_shrank flow=8 batch=1 newest_batch=1 cur=5174889465 target=6406040861 ceiling=400000000000 old_side_present=1
CBAP_MIG_REPLAN t=24585000 reason=active_set_shrank flow=9 batch=1 newest_batch=1 cur=6197645054 target=6406040861 ceiling=400000000000 old_side_present=1
CBAP_MIG_REPLAN t=24585000 reason=active_set_shrank flow=10 batch=1 newest_batch=1 cur=6522513366 target=6406040861 ceiling=400000000000 old_side_present=1
CBAP_MIG_REPLAN t=24585000 reason=active_set_shrank flow=11 batch=1 newest_batch=1 cur=8163996329 target=6406040861 ceiling=400000000000 old_side_present=1
CBAP_MIG_REPLAN t=24585000 reason=active_set_shrank flow=12 batch=1 newest_batch=1 cur=5369154173 target=6406040861 ceiling=400000000000 old_side_present=1
CBAP_MIG_REPLAN t=24585000 reason=active_set_shrank flow=13 batch=1 newest_batch=1 cur=5467814876 target=6406040861 ceiling=400000000000 old_side_present=1
CBAP_MIG_REPLAN t=24585000 reason=active_set_shrank flow=14 batch=1 newest_batch=1 cur=7566767651 target=6406040861 ceiling=400000000000 old_side_present=1
CBAP_MIG_REPLAN t=24585000 reason=active_set_shrank flow=15 batch=1 newest_batch=1 cur=4000000000 target=6406040861 ceiling=400000000000 old_side_present=1
CBAP_MIG_REPLAN t=24585000 reason=active_set_shrank flow=16 batch=1 newest_batch=1 cur=4875910629 target=6406040861 ceiling=400000000000 old_side_present=1
CBAP_MIG_REPLAN t=24585000 reason=active_set_shrank flow=17 batch=1 newest_batch=1 cur=4000000000 target=6406040861 ceiling=400000000000 old_side_present=1
CBAP_MIG_REPLAN t=24585000 reason=active_set_shrank flow=18 batch=1 newest_batch=1 cur=4845228423 target=6406040861 ceiling=400000000000 old_side_present=1
CBAP_MIG_REPLAN t=24585000 reason=active_set_shrank flow=19 batch=1 newest_batch=1 cur=4000000000 target=6406040861 ceiling=400000000000 old_side_present=1
CBAP_MIG_REPLAN t=24585000 reason=active_set_shrank flow=20 batch=1 newest_batch=1 cur=4067734883 target=6406040861 ceiling=400000000000 old_side_present=1
CBAP_MIG_REPLAN t=24585000 reason=active_set_shrank flow=21 batch=1 newest_batch=1 cur=5847495167 target=6406040861 ceiling=400000000000 old_side_present=1
CBAP_MIG_REPLAN t=24585000 reason=active_set_shrank flow=22 batch=1 newest_batch=1 cur=8150174361 target=6406040861 ceiling=400000000000 old_side_present=1
CBAP_MIG_REPLAN t=24585000 reason=active_set_shrank flow=23 batch=1 newest_batch=1 cur=5471587219 target=6406040861 ceiling=400000000000 old_side_present=1
CBAP_MIG_REPLAN t=24585000 reason=active_set_shrank flow=24 batch=1 newest_batch=1 cur=8393915538 target=6406040861 ceiling=400000000000 old_side_present=1
CBAP_MIG_REPLAN t=24585000 reason=active_set_shrank flow=25 batch=1 newest_batch=1 cur=4186038807 target=6406040861 ceiling=400000000000 old_side_present=1
CBAP_MIG_REPLAN t=24585000 reason=active_set_shrank flow=26 batch=1 newest_batch=1 cur=4269438854 target=6406040861 ceiling=400000000000 old_side_present=1
CBAP_MIG_REPLAN t=24585000 reason=active_set_shrank flow=27 batch=1 newest_batch=1 cur=6365732728 target=6406040861 ceiling=400000000000 old_side_present=1
CBAP_MIG_REPLAN t=24585000 reason=active_set_shrank flow=28 batch=1 newest_batch=1 cur=4000000000 target=6406040861 ceiling=400000000000 old_side_present=1
CBAP_MIG_REPLAN t=24585000 reason=active_set_shrank flow=29 batch=1 newest_batch=1 cur=5093213391 target=6406040861 ceiling=400000000000 old_side_present=1
CBAP_MIG_REPLAN t=24585000 reason=active_set_shrank flow=30 batch=1 newest_batch=1 cur=5460846069 target=6406040861 ceiling=400000000000 old_side_present=1
CBAP_MIG_REPLAN t=24585000 reason=active_set_shrank flow=31 batch=1 newest_batch=1 cur=5159864919 target=6406040861 ceiling=400000000000 old_side_present=1
CBAP_MIG_REPLAN t=24585000 reason=active_set_shrank flow=32 batch=1 newest_batch=1 cur=6546755832 target=6406040861 ceiling=400000000000 old_side_present=1
CBAP_MIG_REPLAN t=24585000 reason=active_set_shrank flow=33 batch=1 newest_batch=1 cur=4832592504 target=6406040861 ceiling=400000000000 old_side_present=1
CBAP_MIG_REPLAN t=24585000 reason=active_set_shrank flow=34 batch=1 newest_batch=1 cur=5264935994 target=6406040861 ceiling=400000000000 old_side_present=1
CBAP_MIG_REPLAN t=24585000 reason=active_set_shrank flow=35 batch=1 newest_batch=1 cur=5644553021 target=6406040861 ceiling=400000000000 old_side_present=1
CBAP_MIG_REPLAN t=24585000 reason=active_set_shrank flow=36 batch=1 newest_batch=1 cur=7243911668 target=6406040861 ceiling=400000000000 old_side_present=1
CBAP_MIG_REPLAN t=24585000 reason=active_set_shrank flow=37 batch=1 newest_batch=1 cur=5860256804 target=6406040861 ceiling=400000000000 old_side_present=1
CBAP_MIG_REPLAN t=24585000 reason=active_set_shrank flow=38 batch=1 newest_batch=1 cur=6132176961 target=6406040861 ceiling=400000000000 old_side_present=1
CBAP_MIG_REPLAN t=24585000 reason=active_set_shrank flow=39 batch=1 newest_batch=1 cur=5603686462 target=6406040861 ceiling=400000000000 old_side_present=1
CBAP_MIG_REPLAN t=24585000 reason=active_set_shrank flow=40 batch=1 newest_batch=1 cur=7021999825 target=6406040861 ceiling=400000000000 old_side_present=1
CBAP_MIG_REPLAN t=24585000 reason=active_set_shrank flow=41 batch=1 newest_batch=1 cur=7500567539 target=6406040861 ceiling=400000000000 old_side_present=1
CBAP_MIG_REPLAN t=24585000 reason=active_set_shrank flow=42 batch=1 newest_batch=1 cur=5937284121 target=6406040861 ceiling=400000000000 old_side_present=1
CBAP_MIG_REPLAN t=24585000 reason=active_set_shrank flow=43 batch=1 newest_batch=1 cur=4000000000 target=6406040861 ceiling=400000000000 old_side_present=1
CBAP_MIG_REPLAN t=24585000 reason=active_set_shrank flow=44 batch=1 newest_batch=1 cur=5584742586 target=6406040861 ceiling=400000000000 old_side_present=1
CBAP_MIG_REPLAN t=24585000 reason=active_set_shrank flow=45 batch=1 newest_batch=1 cur=5842231873 target=6406040861 ceiling=400000000000 old_side_present=1
CBAP_MIG_REPLAN t=24585000 reason=active_set_shrank flow=46 batch=1 newest_batch=1 cur=4254964065 target=6406040861 ceiling=400000000000 old_side_present=1
CBAP_MIG_REPLAN t=24585000 reason=active_set_shrank flow=48 batch=1 newest_batch=1 cur=6704495903 target=6406040861 ceiling=400000000000 old_side_present=1
CBAP_MIG_REPLAN t=24585000 reason=active_set_shrank flow=49 batch=1 newest_batch=1 cur=4000000000 target=6406040861 ceiling=400000000000 old_side_present=1
CBAP_MIG_REPLAN t=24585000 reason=active_set_shrank flow=50 batch=1 newest_batch=1 cur=5021642773 target=6406040861 ceiling=400000000000 old_side_present=1
CBAP_MIG_REPLAN t=24585000 reason=active_set_shrank flow=51 batch=1 newest_batch=1 cur=4122069095 target=6406040861 ceiling=400000000000 old_side_present=1
CBAP_MIG_REPLAN t=24585000 reason=active_set_shrank flow=52 batch=1 newest_batch=1 cur=6505728793 target=6406040861 ceiling=400000000000 old_side_present=1
CBAP_MIG_REPLAN t=24585000 reason=active_set_shrank flow=53 batch=1 newest_batch=1 cur=5225838741 target=6406040861 ceiling=400000000000 old_side_present=1
CBAP_MIG_REPLAN t=24585000 reason=active_set_shrank flow=54 batch=1 newest_batch=1 cur=7113252479 target=6406040861 ceiling=400000000000 old_side_present=1
CBAP_MIG_REPLAN t=24585000 reason=active_set_shrank flow=55 batch=1 newest_batch=1 cur=4000000000 target=6406040861 ceiling=400000000000 old_side_present=1
CBAP_MIG_REPLAN t=24585000 reason=active_set_shrank flow=56 batch=1 newest_batch=1 cur=7467596011 target=6406040861 ceiling=400000000000 old_side_present=1
CBAP_MIG_REPLAN t=24585000 reason=active_set_shrank flow=57 batch=1 newest_batch=1 cur=5583347082 target=6406040861 ceiling=400000000000 old_side_present=1
CBAP_MIG_REPLAN t=24585000 reason=active_set_shrank flow=58 batch=1 newest_batch=1 cur=5842020073 target=6406040861 ceiling=400000000000 old_side_present=1
CBAP_MIG_REPLAN t=24585000 reason=active_set_shrank flow=59 batch=1 newest_batch=1 cur=4183960007 target=6406040861 ceiling=400000000000 old_side_present=1
CBAP_MIG_REPLAN t=24585000 reason=active_set_shrank flow=60 batch=1 newest_batch=1 cur=7745408213 target=6406040861 ceiling=400000000000 old_side_present=1
CBAP_MIG_REPLAN t=24585000 reason=active_set_shrank flow=61 batch=1 newest_batch=1 cur=4038701402 target=6406040861 ceiling=400000000000 old_side_present=1
CBAP_MIG_REPLAN t=24585000 reason=active_set_shrank flow=62 batch=1 newest_batch=1 cur=5914747176 target=6406040861 ceiling=400000000000 old_side_present=1
CBAP_MIG_REPLAN t=24585000 reason=active_set_shrank flow=63 batch=1 newest_batch=1 cur=8029920532 target=6406040861 ceiling=400000000000 old_side_present=1
CBAP_MIG_REPLAN t=24585000 reason=active_set_shrank flow=64 batch=1 newest_batch=1 cur=4325431341 target=6406040861 ceiling=400000000000 old_side_present=1
CBAP_MIG t=24585000 epoch=4917 flow=0 side=old cur=4194257542 next=4135980279 tgt=4000000000 f=0.3 u=0 breach=0 end=
CBAP_MIG t=24585000 epoch=4917 flow=1 side=new cur=5544596527 next=5893481482 tgt=6406040861 f=0.405 u=0 breach=1 end=
CBAP_MIG t=24585000 epoch=4917 flow=2 side=new cur=5441065296 next=5831880399 tgt=6406040861 f=0.405 u=0 breach=1 end=
CBAP_MIG t=24585000 epoch=4917 flow=3 side=new cur=4367565154 next=5193147815 tgt=6406040861 f=0.405 u=0 breach=1 end=
CBAP_MIG t=24585000 epoch=4917 flow=4 side=new cur=7522291063 next=7187416002 tgt=6406040861 f=0.3 u=0 breach=1 end=
CBAP_MIG t=24585000 epoch=4917 flow=5 side=new cur=5497957660 next=5865731356 tgt=6406040861 f=0.405 u=0 breach=1 end=
CBAP_MIG t=24585000 epoch=4917 flow=6 side=new cur=5436568641 next=5829204890 tgt=6406040861 f=0.405 u=0 breach=1 end=
CBAP_MIG t=24585000 epoch=4917 flow=7 side=new cur=4000000000 next=4974446548 tgt=6406040861 f=0.405 u=0 breach=1 end=
CBAP_MIG t=24585000 epoch=4917 flow=8 side=new cur=5174889465 next=5673505780 tgt=6406040861 f=0.405 u=0 breach=1 end=
CBAP_MIG t=24585000 epoch=4917 flow=9 side=new cur=6197645054 next=6282045355 tgt=6406040861 f=0.405 u=0 breach=1 end=
CBAP_MIG t=24585000 epoch=4917 flow=10 side=new cur=6522513366 next=6487571614 tgt=6406040861 f=0.3 u=0 breach=1 end=
CBAP_MIG t=24585000 epoch=4917 flow=11 side=new cur=8163996329 next=7636609688 tgt=6406040861 f=0.3 u=0 breach=1 end=
CBAP_MIG t=24585000 epoch=4917 flow=12 side=new cur=5369154173 next=5789093281 tgt=6406040861 f=0.405 u=0 breach=1 end=
CBAP_MIG t=24585000 epoch=4917 flow=13 side=new cur=5467814876 next=5847796399 tgt=6406040861 f=0.405 u=0 breach=1 end=
CBAP_MIG t=24585000 epoch=4917 flow=14 side=new cur=7566767651 next=7218549614 tgt=6406040861 f=0.3 u=0 breach=1 end=
CBAP_MIG t=24585000 epoch=4917 flow=15 side=new cur=4000000000 next=4974446548 tgt=6406040861 f=0.405 u=0 breach=1 end=
CBAP_MIG t=24585000 epoch=4917 flow=16 side=new cur=4875910629 next=5495613372 tgt=6406040861 f=0.405 u=0 breach=1 end=
CBAP_MIG t=24585000 epoch=4917 flow=17 side=new cur=4000000000 next=4974446548 tgt=6406040861 f=0.405 u=0 breach=1 end=
CBAP_MIG t=24585000 epoch=4917 flow=18 side=new cur=4845228423 next=5477357460 tgt=6406040861 f=0.405 u=0 breach=1 end=
CBAP_MIG t=24585000 epoch=4917 flow=19 side=new cur=4000000000 next=4974446548 tgt=6406040861 f=0.405 u=0 breach=1 end=
CBAP_MIG t=24585000 epoch=4917 flow=20 side=new cur=4067734883 next=5014748804 tgt=6406040861 f=0.405 u=0 breach=1 end=
CBAP_MIG t=24585000 epoch=4917 flow=21 side=new cur=5847495167 next=6073706173 tgt=6406040861 f=0.405 u=0 breach=1 end=
CBAP_MIG t=24585000 epoch=4917 flow=22 side=new cur=8150174361 next=7626934311 tgt=6406040861 f=0.3 u=0 breach=1 end=
CBAP_MIG t=24585000 epoch=4917 flow=23 side=new cur=5471587219 next=5850040944 tgt=6406040861 f=0.405 u=0 breach=1 end=
CBAP_MIG t=24585000 epoch=4917 flow=24 side=new cur=8393915538 next=7797553134 tgt=6406040861 f=0.3 u=0 breach=1 end=
CBAP_MIG t=24585000 epoch=4917 flow=25 side=new cur=4186038807 next=5085139638 tgt=6406040861 f=0.405 u=0 breach=1 end=
CBAP_MIG t=24585000 epoch=4917 flow=26 side=new cur=4269438854 next=5134762666 tgt=6406040861 f=0.405 u=0 breach=1 end=
CBAP_MIG t=24585000 epoch=4917 flow=27 side=new cur=6365732728 next=6382057521 tgt=6406040861 f=0.405 u=0 breach=1 end=converged
CBAP_MIG t=24585000 epoch=4917 flow=28 side=new cur=4000000000 next=4974446548 tgt=6406040861 f=0.405 u=0 breach=1 end=
CBAP_MIG t=24585000 epoch=4917 flow=29 side=new cur=5093213391 next=5624908516 tgt=6406040861 f=0.405 u=0 breach=1 end=
CBAP_MIG t=24585000 epoch=4917 flow=30 side=new cur=5460846069 next=5843649959 tgt=6406040861 f=0.405 u=0 breach=1 end=
CBAP_MIG t=24585000 epoch=4917 flow=31 side=new cur=5159864919 next=5664566175 tgt=6406040861 f=0.405 u=0 breach=1 end=
CBAP_MIG t=24585000 epoch=4917 flow=32 side=new cur=6546755832 next=6504541340 tgt=6406040861 f=0.3 u=0 breach=1 end=
CBAP_MIG t=24585000 epoch=4917 flow=33 side=new cur=4832592504 next=5469839088 tgt=6406040861 f=0.405 u=0 breach=1 end=
CBAP_MIG t=24585000 epoch=4917 flow=34 side=new cur=5264935994 next=5727083465 tgt=6406040861 f=0.405 u=0 breach=1 end=
CBAP_MIG t=24585000 epoch=4917 flow=35 side=new cur=5644553021 next=5952955596 tgt=6406040861 f=0.405 u=0 breach=1 end=
CBAP_MIG t=24585000 epoch=4917 flow=36 side=new cur=7243911668 next=6992550425 tgt=6406040861 f=0.3 u=0 breach=1 end=
CBAP_MIG t=24585000 epoch=4917 flow=37 side=new cur=5860256804 next=6081299347 tgt=6406040861 f=0.405 u=0 breach=1 end=
CBAP_MIG t=24585000 epoch=4917 flow=38 side=new cur=6132176961 next=6243091840 tgt=6406040861 f=0.405 u=0 breach=1 end=
CBAP_MIG t=24585000 epoch=4917 flow=39 side=new cur=5603686462 next=5928639993 tgt=6406040861 f=0.405 u=0 breach=1 end=
CBAP_MIG t=24585000 epoch=4917 flow=40 side=new cur=7021999825 next=6837212135 tgt=6406040861 f=0.3 u=0 breach=1 end=
CBAP_MIG t=24585000 epoch=4917 flow=41 side=new cur=7500567539 next=7172209535 tgt=6406040861 f=0.3 u=0 breach=1 end=
CBAP_MIG t=24585000 epoch=4917 flow=42 side=new cur=5937284121 next=6127130600 tgt=6406040861 f=0.405 u=0 breach=1 end=
CBAP_MIG t=24585000 epoch=4917 flow=43 side=new cur=4000000000 next=4974446548 tgt=6406040861 f=0.405 u=0 breach=1 end=
CBAP_MIG t=24585000 epoch=4917 flow=44 side=new cur=5584742586 next=5917368387 tgt=6406040861 f=0.405 u=0 breach=1 end=
CBAP_MIG t=24585000 epoch=4917 flow=45 side=new cur=5842231873 next=6070574513 tgt=6406040861 f=0.405 u=0 breach=1 end=
CBAP_MIG t=24585000 epoch=4917 flow=46 side=new cur=4254964065 next=5126150167 tgt=6406040861 f=0.405 u=0 breach=1 end=
CBAP_MIG t=24585000 epoch=4917 flow=48 side=new cur=6704495903 next=6614959390 tgt=6406040861 f=0.3 u=0 breach=1 end=
CBAP_MIG t=24585000 epoch=4917 flow=49 side=new cur=4000000000 next=4974446548 tgt=6406040861 f=0.405 u=0 breach=1 end=
CBAP_MIG t=24585000 epoch=4917 flow=50 side=new cur=5021642773 next=5582323998 tgt=6406040861 f=0.405 u=0 breach=1 end=
CBAP_MIG t=24585000 epoch=4917 flow=51 side=new cur=4122069095 next=5047077660 tgt=6406040861 f=0.405 u=0 breach=1 end=
CBAP_MIG t=24585000 epoch=4917 flow=52 side=new cur=6505728793 next=6475822413 tgt=6406040861 f=0.3 u=0 breach=1 end=
CBAP_MIG t=24585000 epoch=4917 flow=53 side=new cur=5225838741 next=5703820599 tgt=6406040861 f=0.405 u=0 breach=1 end=
CBAP_MIG t=24585000 epoch=4917 flow=54 side=new cur=7113252479 next=6901088993 tgt=6406040861 f=0.3 u=0 breach=1 end=
CBAP_MIG t=24585000 epoch=4917 flow=55 side=new cur=4000000000 next=4974446548 tgt=6406040861 f=0.405 u=0 breach=1 end=
CBAP_MIG t=24585000 epoch=4917 flow=56 side=new cur=7467596011 next=7149129466 tgt=6406040861 f=0.3 u=0 breach=1 end=
CBAP_MIG t=24585000 epoch=4917 flow=57 side=new cur=5583347082 next=5916538062 tgt=6406040861 f=0.405 u=0 breach=1 end=
CBAP_MIG t=24585000 epoch=4917 flow=58 side=new cur=5842020073 next=6070448492 tgt=6406040861 f=0.405 u=0 breach=1 end=
CBAP_MIG t=24585000 epoch=4917 flow=59 side=new cur=4183960007 next=5083902752 tgt=6406040861 f=0.405 u=0 breach=1 end=
CBAP_MIG t=24585000 epoch=4917 flow=60 side=new cur=7745408213 next=7343598007 tgt=6406040861 f=0.3 u=0 breach=1 end=
CBAP_MIG t=24585000 epoch=4917 flow=61 side=new cur=4038701402 next=4997473882 tgt=6406040861 f=0.405 u=0 breach=1 end=
CBAP_MIG t=24585000 epoch=4917 flow=62 side=new cur=5914747176 next=6113721118 tgt=6406040861 f=0.405 u=0 breach=1 end=
CBAP_MIG t=24585000 epoch=4917 flow=63 side=new cur=8029920532 next=7542756630 tgt=6406040861 f=0.3 u=0 breach=1 end=
CBAP_MIG t=24585000 epoch=4917 flow=64 side=new cur=4325431341 next=5168078196 tgt=6406040861 f=0.405 u=0 breach=1 end=
CBAP_MIG t=24590000 epoch=4918 flow=0 side=old cur=4135980279 next=4095186195 tgt=4000000000 f=0.3 u=0 breach=0 end=
CBAP_MIG t=24590000 epoch=4918 flow=1 side=new cur=5893481482 next=6101068030 tgt=6406040861 f=0.405 u=0 breach=1 end=
CBAP_MIG t=24590000 epoch=4918 flow=2 side=new cur=5831880399 next=6064415386 tgt=6406040861 f=0.405 u=0 breach=1 end=
CBAP_MIG t=24590000 epoch=4918 flow=3 side=new cur=5193147815 next=5684369498 tgt=6406040861 f=0.405 u=0 breach=1 end=
CBAP_MIG t=24590000 epoch=4918 flow=4 side=new cur=7187416002 next=6953003459 tgt=6406040861 f=0.3 u=0 breach=1 end=
CBAP_MIG t=24590000 epoch=4918 flow=5 side=new cur=5865731356 next=6084556705 tgt=6406040861 f=0.405 u=0 breach=1 end=
CBAP_MIG t=24590000 epoch=4918 flow=6 side=new cur=5829204890 next=6062823458 tgt=6406040861 f=0.405 u=0 breach=1 end=
CBAP_MIG t=24590000 epoch=4918 flow=7 side=new cur=4974446548 next=5554242244 tgt=6406040861 f=0.405 u=0 breach=1 end=
CBAP_MIG t=24590000 epoch=4918 flow=8 side=new cur=5673505780 next=5970182487 tgt=6406040861 f=0.405 u=0 breach=1 end=
CBAP_MIG t=24590000 epoch=4918 flow=9 side=new cur=6282045355 next=6332263534 tgt=6406040861 f=0.405 u=0 breach=1 end=
CBAP_MIG t=24590000 epoch=4918 flow=10 side=new cur=6487571614 next=6463112388 tgt=6406040861 f=0.3 u=0 breach=1 end=converged
CBAP_MIG t=24590000 epoch=4918 flow=11 side=new cur=7636609688 next=7267439039 tgt=6406040861 f=0.3 u=0 breach=1 end=
CBAP_MIG t=24590000 epoch=4918 flow=12 side=new cur=5789093281 next=6038957050 tgt=6406040861 f=0.405 u=0 breach=1 end=
CBAP_MIG t=24590000 epoch=4918 flow=13 side=new cur=5847796399 next=6073885406 tgt=6406040861 f=0.405 u=0 breach=1 end=
CBAP_MIG t=24590000 epoch=4918 flow=14 side=new cur=7218549614 next=6974796988 tgt=6406040861 f=0.3 u=0 breach=1 end=
CBAP_MIG t=24590000 epoch=4918 flow=15 side=new cur=4974446548 next=5554242244 tgt=6406040861 f=0.405 u=0 breach=1 end=
CBAP_MIG t=24590000 epoch=4918 flow=16 side=new cur=5495613372 next=5864336505 tgt=6406040861 f=0.405 u=0 breach=1 end=
CBAP_MIG t=24590000 epoch=4918 flow=17 side=new cur=4974446548 next=5554242244 tgt=6406040861 f=0.405 u=0 breach=1 end=
CBAP_MIG t=24590000 epoch=4918 flow=18 side=new cur=5477357460 next=5853474237 tgt=6406040861 f=0.405 u=0 breach=1 end=
CBAP_MIG t=24590000 epoch=4918 flow=19 side=new cur=4974446548 next=5554242244 tgt=6406040861 f=0.405 u=0 breach=1 end=
CBAP_MIG t=24590000 epoch=4918 flow=20 side=new cur=5014748804 next=5578222087 tgt=6406040861 f=0.405 u=0 breach=1 end=
CBAP_MIG t=24590000 epoch=4918 flow=21 side=new cur=6073706173 next=6208301721 tgt=6406040861 f=0.405 u=0 breach=1 end=
CBAP_MIG t=24590000 epoch=4918 flow=22 side=new cur=7626934311 next=7260666276 tgt=6406040861 f=0.3 u=0 breach=1 end=
CBAP_MIG t=24590000 epoch=4918 flow=23 side=new cur=5850040944 next=6075220910 tgt=6406040861 f=0.405 u=0 breach=1 end=
CBAP_MIG t=24590000 epoch=4918 flow=24 side=new cur=7797553134 next=7380099452 tgt=6406040861 f=0.3 u=0 breach=1 end=
CBAP_MIG t=24590000 epoch=4918 flow=25 side=new cur=5085139638 next=5620104633 tgt=6406040861 f=0.405 u=0 breach=1 end=
CBAP_MIG t=24590000 epoch=4918 flow=26 side=new cur=5134762666 next=5649630334 tgt=6406040861 f=0.405 u=0 breach=1 end=
CBAP_MIG t=24590000 epoch=4918 flow=28 side=new cur=4974446548 next=5554242244 tgt=6406040861 f=0.405 u=0 breach=1 end=
CBAP_MIG t=24590000 epoch=4918 flow=29 side=new cur=5624908516 next=5941267115 tgt=6406040861 f=0.405 u=0 breach=1 end=
CBAP_MIG t=24590000 epoch=4918 flow=30 side=new cur=5843649959 next=6071418274 tgt=6406040861 f=0.405 u=0 breach=1 end=
CBAP_MIG t=24590000 epoch=4918 flow=31 side=new cur=5664566175 next=5964863422 tgt=6406040861 f=0.405 u=0 breach=1 end=
CBAP_MIG t=24590000 epoch=4918 flow=32 side=new cur=6504541340 next=6474991196 tgt=6406040861 f=0.3 u=0 breach=1 end=
CBAP_MIG t=24590000 epoch=4918 flow=33 side=new cur=5469839088 next=5849000806 tgt=6406040861 f=0.405 u=0 breach=1 end=
CBAP_MIG t=24590000 epoch=4918 flow=34 side=new cur=5727083465 next=6002061210 tgt=6406040861 f=0.405 u=0 breach=1 end=
CBAP_MIG t=24590000 epoch=4918 flow=35 side=new cur=5952955596 next=6136455128 tgt=6406040861 f=0.405 u=0 breach=1 end=
CBAP_MIG t=24590000 epoch=4918 flow=36 side=new cur=6992550425 next=6816597555 tgt=6406040861 f=0.3 u=0 breach=1 end=
CBAP_MIG t=24590000 epoch=4918 flow=37 side=new cur=6081299347 next=6212819660 tgt=6406040861 f=0.405 u=0 breach=1 end=
CBAP_MIG t=24590000 epoch=4918 flow=38 side=new cur=6243091840 next=6309086193 tgt=6406040861 f=0.405 u=0 breach=1 end=
CBAP_MIG t=24590000 epoch=4918 flow=39 side=new cur=5928639993 next=6121987344 tgt=6406040861 f=0.405 u=0 breach=1 end=
CBAP_MIG t=24590000 epoch=4918 flow=40 side=new cur=6837212135 next=6707860752 tgt=6406040861 f=0.3 u=0 breach=1 end=
CBAP_MIG t=24590000 epoch=4918 flow=41 side=new cur=7172209535 next=6942358932 tgt=6406040861 f=0.3 u=0 breach=1 end=
CBAP_MIG t=24590000 epoch=4918 flow=42 side=new cur=6127130600 next=6240089255 tgt=6406040861 f=0.405 u=0 breach=1 end=
CBAP_MIG t=24590000 epoch=4918 flow=43 side=new cur=4974446548 next=5554242244 tgt=6406040861 f=0.405 u=0 breach=1 end=
CBAP_MIG t=24590000 epoch=4918 flow=44 side=new cur=5917368387 next=6115280738 tgt=6406040861 f=0.405 u=0 breach=1 end=
CBAP_MIG t=24590000 epoch=4918 flow=45 side=new cur=6070574513 next=6206438383 tgt=6406040861 f=0.405 u=0 breach=1 end=
CBAP_MIG t=24590000 epoch=4918 flow=46 side=new cur=5126150167 next=5644505898 tgt=6406040861 f=0.405 u=0 breach=1 end=
CBAP_MIG t=24590000 epoch=4918 flow=48 side=new cur=6614959390 next=6552283831 tgt=6406040861 f=0.3 u=0 breach=1 end=
CBAP_MIG t=24590000 epoch=4918 flow=49 side=new cur=4974446548 next=5554242244 tgt=6406040861 f=0.405 u=0 breach=1 end=
CBAP_MIG t=24590000 epoch=4918 flow=50 side=new cur=5582323998 next=5915929327 tgt=6406040861 f=0.405 u=0 breach=1 end=
CBAP_MIG t=24590000 epoch=4918 flow=51 side=new cur=5047077660 next=5597457756 tgt=6406040861 f=0.405 u=0 breach=1 end=
CBAP_MIG t=24590000 epoch=4918 flow=52 side=new cur=6475822413 next=6454887947 tgt=6406040861 f=0.3 u=0 breach=1 end=converged
CBAP_MIG t=24590000 epoch=4918 flow=53 side=new cur=5703820599 next=5988219805 tgt=6406040861 f=0.405 u=0 breach=1 end=
CBAP_MIG t=24590000 epoch=4918 flow=54 side=new cur=6901088993 next=6752574553 tgt=6406040861 f=0.3 u=0 breach=1 end=
CBAP_MIG t=24590000 epoch=4918 flow=55 side=new cur=4974446548 next=5554242244 tgt=6406040861 f=0.405 u=0 breach=1 end=
CBAP_MIG t=24590000 epoch=4918 flow=56 side=new cur=7149129466 next=6926202884 tgt=6406040861 f=0.3 u=0 breach=1 end=
CBAP_MIG t=24590000 epoch=4918 flow=57 side=new cur=5916538062 next=6114786695 tgt=6406040861 f=0.405 u=0 breach=1 end=
CBAP_MIG t=24590000 epoch=4918 flow=58 side=new cur=6070448492 next=6206363401 tgt=6406040861 f=0.405 u=0 breach=1 end=
CBAP_MIG t=24590000 epoch=4918 flow=59 side=new cur=5083902752 next=5619368686 tgt=6406040861 f=0.405 u=0 breach=1 end=
CBAP_MIG t=24590000 epoch=4918 flow=60 side=new cur=7343598007 next=7062330863 tgt=6406040861 f=0.3 u=0 breach=1 end=
CBAP_MIG t=24590000 epoch=4918 flow=61 side=new cur=4997473882 next=5567943508 tgt=6406040861 f=0.405 u=0 breach=1 end=
CBAP_MIG t=24590000 epoch=4918 flow=62 side=new cur=6113721118 next=6232110613 tgt=6406040861 f=0.405 u=0 breach=1 end=
CBAP_MIG t=24590000 epoch=4918 flow=63 side=new cur=7542756630 next=7201741899 tgt=6406040861 f=0.3 u=0 breach=1 end=
CBAP_MIG t=24590000 epoch=4918 flow=64 side=new cur=5168078196 next=5669453075 tgt=6406040861 f=0.405 u=0 breach=1 end=
CBAP_MIG t=24595000 epoch=4919 flow=0 side=old cur=4095186195 next=4066630336 tgt=4000000000 f=0.3 u=0 breach=0 end=
CBAP_MIG t=24595000 epoch=4919 flow=1 side=new cur=6101068030 next=6224582026 tgt=6406040861 f=0.405 u=0 breach=1 end=
CBAP_MIG t=24595000 epoch=4919 flow=2 side=new cur=6064415386 next=6202773703 tgt=6406040861 f=0.405 u=0 breach=1 end=
CBAP_MIG t=24595000 epoch=4919 flow=3 side=new cur=5684369498 next=5976646400 tgt=6406040861 f=0.405 u=0 breach=1 end=
CBAP_MIG t=24595000 epoch=4919 flow=4 side=new cur=6953003459 next=6788914679 tgt=6406040861 f=0.3 u=0 breach=1 end=
CBAP_MIG t=24595000 epoch=4919 flow=5 side=new cur=6084556705 next=6214757788 tgt=6406040861 f=0.405 u=0 breach=1 end=
CBAP_MIG t=24595000 epoch=4919 flow=6 side=new cur=6062823458 next=6201826506 tgt=6406040861 f=0.405 u=0 breach=1 end=
CBAP_MIG t=24595000 epoch=4919 flow=7 side=new cur=5554242244 next=5899220683 tgt=6406040861 f=0.405 u=0 breach=1 end=
CBAP_MIG t=24595000 epoch=4919 flow=8 side=new cur=5970182487 next=6146705128 tgt=6406040861 f=0.405 u=0 breach=1 end=
CBAP_MIG t=24595000 epoch=4919 flow=9 side=new cur=6332263534 next=6362143351 tgt=6406040861 f=0.405 u=0 breach=1 end=converged
CBAP_MIG t=24595000 epoch=4919 flow=11 side=new cur=7267439039 next=7009019585 tgt=6406040861 f=0.3 u=0 breach=1 end=
CBAP_MIG t=24595000 epoch=4919 flow=12 side=new cur=6038957050 next=6187625993 tgt=6406040861 f=0.405 u=0 breach=1 end=
CBAP_MIG t=24595000 epoch=4919 flow=13 side=new cur=6073885406 next=6208408365 tgt=6406040861 f=0.405 u=0 breach=1 end=
CBAP_MIG t=24595000 epoch=4919 flow=14 side=new cur=6974796988 next=6804170149 tgt=6406040861 f=0.3 u=0 breach=1 end=
CBAP_MIG t=24595000 epoch=4919 flow=15 side=new cur=5554242244 next=5899220683 tgt=6406040861 f=0.405 u=0 breach=1 end=
CBAP_MIG t=24595000 epoch=4919 flow=16 side=new cur=5864336505 next=6083726769 tgt=6406040861 f=0.405 u=0 breach=1 end=
CBAP_MIG t=24595000 epoch=4919 flow=17 side=new cur=5554242244 next=5899220683 tgt=6406040861 f=0.405 u=0 breach=1 end=
CBAP_MIG t=24595000 epoch=4919 flow=18 side=new cur=5853474237 next=6077263719 tgt=6406040861 f=0.405 u=0 breach=1 end=
CBAP_MIG t=24595000 epoch=4919 flow=19 side=new cur=5554242244 next=5899220683 tgt=6406040861 f=0.405 u=0 breach=1 end=
CBAP_MIG t=24595000 epoch=4919 flow=20 side=new cur=5578222087 next=5913488690 tgt=6406040861 f=0.405 u=0 breach=1 end=
CBAP_MIG t=24595000 epoch=4919 flow=21 side=new cur=6208301721 next=6288386072 tgt=6406040861 f=0.405 u=0 breach=1 end=
CBAP_MIG t=24595000 epoch=4919 flow=22 side=new cur=7260666276 next=7004278651 tgt=6406040861 f=0.3 u=0 breach=1 end=
CBAP_MIG t=24595000 epoch=4919 flow=23 side=new cur=6075220910 next=6209202990 tgt=6406040861 f=0.405 u=0 breach=1 end=
CBAP_MIG t=24595000 epoch=4919 flow=24 side=new cur=7380099452 next=7087881874 tgt=6406040861 f=0.3 u=0 breach=1 end=
CBAP_MIG t=24595000 epoch=4919 flow=25 side=new cur=5620104633 next=5938408805 tgt=6406040861 f=0.405 u=0 breach=1 end=
CBAP_MIG t=24595000 epoch=4919 flow=26 side=new cur=5649630334 next=5955976597 tgt=6406040861 f=0.405 u=0 breach=1 end=
CBAP_MIG t=24595000 epoch=4919 flow=28 side=new cur=5554242244 next=5899220683 tgt=6406040861 f=0.405 u=0 breach=1 end=
CBAP_MIG t=24595000 epoch=4919 flow=29 side=new cur=5941267115 next=6129500482 tgt=6406040861 f=0.405 u=0 breach=1 end=
CBAP_MIG t=24595000 epoch=4919 flow=30 side=new cur=6071418274 next=6206940421 tgt=6406040861 f=0.405 u=0 breach=1 end=
CBAP_MIG t=24595000 epoch=4919 flow=31 side=new cur=5964863422 next=6143540284 tgt=6406040861 f=0.405 u=0 breach=1 end=
CBAP_MIG t=24595000 epoch=4919 flow=32 side=new cur=6474991196 next=6454306095 tgt=6406040861 f=0.3 u=0 breach=1 end=converged
CBAP_MIG t=24595000 epoch=4919 flow=33 side=new cur=5849000806 next=6074602028 tgt=6406040861 f=0.405 u=0 breach=1 end=
CBAP_MIG t=24595000 epoch=4919 flow=34 side=new cur=6002061210 next=6165672968 tgt=6406040861 f=0.405 u=0 breach=1 end=
CBAP_MIG t=24595000 epoch=4919 flow=35 side=new cur=6136455128 next=6245637349 tgt=6406040861 f=0.405 u=0 breach=1 end=
CBAP_MIG t=24595000 epoch=4919 flow=36 side=new cur=6816597555 next=6693430546 tgt=6406040861 f=0.3 u=0 breach=1 end=
CBAP_MIG t=24595000 epoch=4919 flow=37 side=new cur=6212819660 next=6291074246 tgt=6406040861 f=0.405 u=0 breach=1 end=
CBAP_MIG t=24595000 epoch=4919 flow=38 side=new cur=6309086193 next=6348352833 tgt=6406040861 f=0.405 u=0 breach=1 end=converged
CBAP_MIG t=24595000 epoch=4919 flow=39 side=new cur=6121987344 next=6237029018 tgt=6406040861 f=0.405 u=0 breach=1 end=
CBAP_MIG t=24595000 epoch=4919 flow=40 side=new cur=6707860752 next=6617314784 tgt=6406040861 f=0.3 u=0 breach=1 end=
CBAP_MIG t=24595000 epoch=4919 flow=41 side=new cur=6942358932 next=6781463510 tgt=6406040861 f=0.3 u=0 breach=1 end=
CBAP_MIG t=24595000 epoch=4919 flow=42 side=new cur=6240089255 next=6307299655 tgt=6406040861 f=0.405 u=0 breach=1 end=
CBAP_MIG t=24595000 epoch=4919 flow=43 side=new cur=5554242244 next=5899220683 tgt=6406040861 f=0.405 u=0 breach=1 end=
CBAP_MIG t=24595000 epoch=4919 flow=44 side=new cur=6115280738 next=6233038587 tgt=6406040861 f=0.405 u=0 breach=1 end=
CBAP_MIG t=24595000 epoch=4919 flow=45 side=new cur=6206438383 next=6287277386 tgt=6406040861 f=0.405 u=0 breach=1 end=
CBAP_MIG t=24595000 epoch=4919 flow=46 side=new cur=5644505898 next=5952927558 tgt=6406040861 f=0.405 u=0 breach=1 end=
CBAP_MIG t=24595000 epoch=4919 flow=48 side=new cur=6552283831 next=6508410940 tgt=6406040861 f=0.3 u=0 breach=1 end=
CBAP_MIG t=24595000 epoch=4919 flow=49 side=new cur=5554242244 next=5899220683 tgt=6406040861 f=0.405 u=0 breach=1 end=
CBAP_MIG t=24595000 epoch=4919 flow=50 side=new cur=5915929327 next=6114424498 tgt=6406040861 f=0.405 u=0 breach=1 end=
CBAP_MIG t=24595000 epoch=4919 flow=51 side=new cur=5597457756 next=5924933913 tgt=6406040861 f=0.405 u=0 breach=1 end=
CBAP_MIG t=24595000 epoch=4919 flow=53 side=new cur=5988219805 next=6157437332 tgt=6406040861 f=0.405 u=0 breach=1 end=
CBAP_MIG t=24595000 epoch=4919 flow=54 side=new cur=6752574553 next=6648614445 tgt=6406040861 f=0.3 u=0 breach=1 end=
CBAP_MIG t=24595000 epoch=4919 flow=55 side=new cur=5554242244 next=5899220683 tgt=6406040861 f=0.405 u=0 breach=1 end=
CBAP_MIG t=24595000 epoch=4919 flow=56 side=new cur=6926202884 next=6770154277 tgt=6406040861 f=0.3 u=0 breach=1 end=
CBAP_MIG t=24595000 epoch=4919 flow=57 side=new cur=6114786695 next=6232744632 tgt=6406040861 f=0.405 u=0 breach=1 end=
CBAP_MIG t=24595000 epoch=4919 flow=58 side=new cur=6206363401 next=6287232772 tgt=6406040861 f=0.405 u=0 breach=1 end=
CBAP_MIG t=24595000 epoch=4919 flow=59 side=new cur=5619368686 next=5937970916 tgt=6406040861 f=0.405 u=0 breach=1 end=
CBAP_MIG t=24595000 epoch=4919 flow=60 side=new cur=7062330863 next=6865443862 tgt=6406040861 f=0.3 u=0 breach=1 end=
CBAP_MIG t=24595000 epoch=4919 flow=61 side=new cur=5567943508 next=5907372935 tgt=6406040861 f=0.405 u=0 breach=1 end=
CBAP_MIG t=24595000 epoch=4919 flow=62 side=new cur=6232110613 next=6302552363 tgt=6406040861 f=0.405 u=0 breach=1 end=
CBAP_MIG t=24595000 epoch=4919 flow=63 side=new cur=7201741899 next=6963031587 tgt=6406040861 f=0.3 u=0 breach=1 end=
CBAP_MIG t=24595000 epoch=4919 flow=64 side=new cur=5669453075 next=5967771128 tgt=6406040861 f=0.405 u=0 breach=1 end=
CBAP_MIG t=24600000 epoch=4920 flow=0 side=old cur=4066630336 next=4046641235 tgt=4000000000 f=0.3 u=0 breach=0 end=
CBAP_MIG t=24600000 epoch=4920 flow=1 side=new cur=6224582026 next=6298072854 tgt=6406040861 f=0.405 u=0 breach=1 end=
CBAP_MIG t=24600000 epoch=4920 flow=2 side=new cur=6202773703 next=6285096901 tgt=6406040861 f=0.405 u=0 breach=1 end=
CBAP_MIG t=24600000 epoch=4920 flow=3 side=new cur=5976646400 next=6150551156 tgt=6406040861 f=0.405 u=0 breach=1 end=
CBAP_MIG t=24600000 epoch=4920 flow=4 side=new cur=6788914679 next=6674052533 tgt=6406040861 f=0.3 u=0 breach=1 end=
CBAP_MIG t=24600000 epoch=4920 flow=5 side=new cur=6214757788 next=6292227432 tgt=6406040861 f=0.405 u=0 breach=1 end=
CBAP_MIG t=24600000 epoch=4920 flow=6 side=new cur=6201826506 next=6284533319 tgt=6406040861 f=0.405 u=0 breach=1 end=
CBAP_MIG t=24600000 epoch=4920 flow=7 side=new cur=5899220683 next=6104482855 tgt=6406040861 f=0.405 u=0 breach=1 end=
CBAP_MIG t=24600000 epoch=4920 flow=8 side=new cur=6146705128 next=6251736099 tgt=6406040861 f=0.405 u=0 breach=1 end=
CBAP_MIG t=24600000 epoch=4920 flow=11 side=new cur=7009019585 next=6828125967 tgt=6406040861 f=0.3 u=0 breach=1 end=
CBAP_MIG t=24600000 epoch=4920 flow=12 side=new cur=6187625993 next=6276084014 tgt=6406040861 f=0.405 u=0 breach=1 end=
CBAP_MIG t=24600000 epoch=4920 flow=13 side=new cur=6208408365 next=6288449525 tgt=6406040861 f=0.405 u=0 breach=1 end=
CBAP_MIG t=24600000 epoch=4920 flow=14 side=new cur=6804170149 next=6684731362 tgt=6406040861 f=0.3 u=0 breach=1 end=
CBAP_MIG t=24600000 epoch=4920 flow=15 side=new cur=5899220683 next=6104482855 tgt=6406040861 f=0.405 u=0 breach=1 end=
CBAP_MIG t=24600000 epoch=4920 flow=16 side=new cur=6083726769 next=6214263976 tgt=6406040861 f=0.405 u=0 breach=1 end=
CBAP_MIG t=24600000 epoch=4920 flow=17 side=new cur=5899220683 next=6104482855 tgt=6406040861 f=0.405 u=0 breach=1 end=
CBAP_MIG t=24600000 epoch=4920 flow=18 side=new cur=6077263719 next=6210418461 tgt=6406040861 f=0.405 u=0 breach=1 end=
CBAP_MIG t=24600000 epoch=4920 flow=19 side=new cur=5899220683 next=6104482855 tgt=6406040861 f=0.405 u=0 breach=1 end=
CBAP_MIG t=24600000 epoch=4920 flow=20 side=new cur=5913488690 next=6112972319 tgt=6406040861 f=0.405 u=0 breach=1 end=
CBAP_MIG t=24600000 epoch=4920 flow=21 side=new cur=6288386072 next=6336036261 tgt=6406040861 f=0.405 u=0 breach=1 end=
CBAP_MIG t=24600000 epoch=4920 flow=22 side=new cur=7004278651 next=6824807314 tgt=6406040861 f=0.3 u=0 breach=1 end=
CBAP_MIG t=24600000 epoch=4920 flow=23 side=new cur=6209202990 next=6288922327 tgt=6406040861 f=0.405 u=0 breach=1 end=
CBAP_MIG t=24600000 epoch=4920 flow=24 side=new cur=7087881874 next=6883329570 tgt=6406040861 f=0.3 u=0 breach=1 end=
CBAP_MIG t=24600000 epoch=4920 flow=25 side=new cur=5938408805 next=6127799787 tgt=6406040861 f=0.405 u=0 breach=1 end=
CBAP_MIG t=24600000 epoch=4920 flow=26 side=new cur=5955976597 next=6138252623 tgt=6406040861 f=0.405 u=0 breach=1 end=
CBAP_MIG t=24600000 epoch=4920 flow=28 side=new cur=5899220683 next=6104482855 tgt=6406040861 f=0.405 u=0 breach=1 end=
CBAP_MIG t=24600000 epoch=4920 flow=29 side=new cur=6129500482 next=6241499335 tgt=6406040861 f=0.405 u=0 breach=1 end=
CBAP_MIG t=24600000 epoch=4920 flow=30 side=new cur=6206940421 next=6287576099 tgt=6406040861 f=0.405 u=0 breach=1 end=
CBAP_MIG t=24600000 epoch=4920 flow=31 side=new cur=6143540284 next=6249853017 tgt=6406040861 f=0.405 u=0 breach=1 end=
CBAP_MIG t=24600000 epoch=4920 flow=33 side=new cur=6074602028 next=6208834755 tgt=6406040861 f=0.405 u=0 breach=1 end=
CBAP_MIG t=24600000 epoch=4920 flow=34 side=new cur=6165672968 next=6263021964 tgt=6406040861 f=0.405 u=0 breach=1 end=
CBAP_MIG t=24600000 epoch=4920 flow=35 side=new cur=6245637349 next=6310600771 tgt=6406040861 f=0.405 u=0 breach=1 end=
CBAP_MIG t=24600000 epoch=4920 flow=36 side=new cur=6693430546 next=6607213640 tgt=6406040861 f=0.3 u=0 breach=1 end=
CBAP_MIG t=24600000 epoch=4920 flow=37 side=new cur=6291074246 next=6337635725 tgt=6406040861 f=0.405 u=0 breach=1 end=
CBAP_MIG t=24600000 epoch=4920 flow=39 side=new cur=6237029018 next=6305478814 tgt=6406040861 f=0.405 u=0 breach=1 end=
CBAP_MIG t=24600000 epoch=4920 flow=40 side=new cur=6617314784 next=6553932607 tgt=6406040861 f=0.3 u=0 breach=1 end=
CBAP_MIG t=24600000 epoch=4920 flow=41 side=new cur=6781463510 next=6668836715 tgt=6406040861 f=0.3 u=0 breach=1 end=
CBAP_MIG t=24600000 epoch=4920 flow=42 side=new cur=6307299655 next=6347289843 tgt=6406040861 f=0.405 u=0 breach=1 end=converged
CBAP_MIG t=24600000 epoch=4920 flow=43 side=new cur=5899220683 next=6104482855 tgt=6406040861 f=0.405 u=0 breach=1 end=
CBAP_MIG t=24600000 epoch=4920 flow=44 side=new cur=6233038587 next=6303104507 tgt=6406040861 f=0.405 u=0 breach=1 end=
CBAP_MIG t=24600000 epoch=4920 flow=45 side=new cur=6287277386 next=6335376593 tgt=6406040861 f=0.405 u=0 breach=1 end=
CBAP_MIG t=24600000 epoch=4920 flow=46 side=new cur=5952927558 next=6136438445 tgt=6406040861 f=0.405 u=0 breach=1 end=
CBAP_MIG t=24600000 epoch=4920 flow=48 side=new cur=6508410940 next=6477699916 tgt=6406040861 f=0.3 u=0 breach=1 end=
CBAP_MIG t=24600000 epoch=4920 flow=49 side=new cur=5899220683 next=6104482855 tgt=6406040861 f=0.405 u=0 breach=1 end=
CBAP_MIG t=24600000 epoch=4920 flow=50 side=new cur=6114424498 next=6232529125 tgt=6406040861 f=0.405 u=0 breach=1 end=
CBAP_MIG t=24600000 epoch=4920 flow=51 side=new cur=5924933913 next=6119782226 tgt=6406040861 f=0.405 u=0 breach=1 end=
CBAP_MIG t=24600000 epoch=4920 flow=53 side=new cur=6157437332 next=6258121761 tgt=6406040861 f=0.405 u=0 breach=1 end=
CBAP_MIG t=24600000 epoch=4920 flow=54 side=new cur=6648614445 next=6575842369 tgt=6406040861 f=0.3 u=0 breach=1 end=
CBAP_MIG t=24600000 epoch=4920 flow=55 side=new cur=5899220683 next=6104482855 tgt=6406040861 f=0.405 u=0 breach=1 end=
CBAP_MIG t=24600000 epoch=4920 flow=56 side=new cur=6770154277 next=6660920252 tgt=6406040861 f=0.3 u=0 breach=1 end=
CBAP_MIG t=24600000 epoch=4920 flow=57 side=new cur=6232744632 next=6302929604 tgt=6406040861 f=0.405 u=0 breach=1 end=
CBAP_MIG t=24600000 epoch=4920 flow=58 side=new cur=6287232772 next=6335350048 tgt=6406040861 f=0.405 u=0 breach=1 end=
CBAP_MIG t=24600000 epoch=4920 flow=59 side=new cur=5937970916 next=6127539243 tgt=6406040861 f=0.405 u=0 breach=1 end=
CBAP_MIG t=24600000 epoch=4920 flow=60 side=new cur=6865443862 next=6727622961 tgt=6406040861 f=0.3 u=0 breach=1 end=
CBAP_MIG t=24600000 epoch=4920 flow=61 side=new cur=5907372935 next=6109333445 tgt=6406040861 f=0.405 u=0 breach=1 end=
CBAP_MIG t=24600000 epoch=4920 flow=62 side=new cur=6302552363 next=6344465204 tgt=6406040861 f=0.405 u=0 breach=1 end=converged
CBAP_MIG t=24600000 epoch=4920 flow=63 side=new cur=6963031587 next=6795934369 tgt=6406040861 f=0.3 u=0 breach=1 end=
CBAP_MIG t=24600000 epoch=4920 flow=64 side=new cur=5967771128 next=6145270369 tgt=6406040861 f=0.405 u=0 breach=1 end=
CBAP_MIG t=24605000 epoch=4921 flow=0 side=old cur=4046641235 next=4032648864 tgt=4000000000 f=0.3 u=0 breach=0 end=converged
CBAP_MIG t=24605000 epoch=4921 flow=1 side=new cur=6298072854 next=6341799896 tgt=6406040861 f=0.405 u=0 breach=1 end=
CBAP_MIG t=24605000 epoch=4921 flow=2 side=new cur=6285096901 next=6334079204 tgt=6406040861 f=0.405 u=0 breach=1 end=
CBAP_MIG t=24605000 epoch=4921 flow=3 side=new cur=6150551156 next=6254024486 tgt=6406040861 f=0.405 u=0 breach=1 end=
CBAP_MIG t=24605000 epoch=4921 flow=4 side=new cur=6674052533 next=6593649031 tgt=6406040861 f=0.3 u=0 breach=1 end=
CBAP_MIG t=24605000 epoch=4921 flow=5 side=new cur=6292227432 next=6338321870 tgt=6406040861 f=0.405 u=0 breach=1 end=
CBAP_MIG t=24605000 epoch=4921 flow=6 side=new cur=6284533319 next=6333743873 tgt=6406040861 f=0.405 u=0 breach=1 end=
CBAP_MIG t=24605000 epoch=4921 flow=7 side=new cur=6104482855 next=6226613847 tgt=6406040861 f=0.405 u=0 breach=1 end=
CBAP_MIG t=24605000 epoch=4921 flow=8 side=new cur=6251736099 next=6314229527 tgt=6406040861 f=0.405 u=0 breach=1 end=
CBAP_MIG t=24605000 epoch=4921 flow=11 side=new cur=6828125967 next=6701500435 tgt=6406040861 f=0.3 u=0 breach=1 end=
CBAP_MIG t=24605000 epoch=4921 flow=12 side=new cur=6276084014 next=6328716537 tgt=6406040861 f=0.405 u=0 breach=1 end=
CBAP_MIG t=24605000 epoch=4921 flow=13 side=new cur=6288449525 next=6336074016 tgt=6406040861 f=0.405 u=0 breach=1 end=
CBAP_MIG t=24605000 epoch=4921 flow=14 side=new cur=6684731362 next=6601124211 tgt=6406040861 f=0.3 u=0 breach=1 end=
CBAP_MIG t=24605000 epoch=4921 flow=15 side=new cur=6104482855 next=6226613847 tgt=6406040861 f=0.405 u=0 breach=1 end=
CBAP_MIG t=24605000 epoch=4921 flow=16 side=new cur=6214263976 next=6291933614 tgt=6406040861 f=0.405 u=0 breach=1 end=
CBAP_MIG t=24605000 epoch=4921 flow=17 side=new cur=6104482855 next=6226613847 tgt=6406040861 f=0.405 u=0 breach=1 end=
CBAP_MIG t=24605000 epoch=4921 flow=18 side=new cur=6210418461 next=6289645532 tgt=6406040861 f=0.405 u=0 breach=1 end=
CBAP_MIG t=24605000 epoch=4921 flow=19 side=new cur=6104482855 next=6226613847 tgt=6406040861 f=0.405 u=0 breach=1 end=
CBAP_MIG t=24605000 epoch=4921 flow=20 side=new cur=6112972319 next=6231665078 tgt=6406040861 f=0.405 u=0 breach=1 end=
CBAP_MIG t=24605000 epoch=4921 flow=21 side=new cur=6336036261 next=6364388123 tgt=6406040861 f=0.405 u=0 breach=1 end=converged
CBAP_MIG t=24605000 epoch=4921 flow=22 side=new cur=6824807314 next=6699177378 tgt=6406040861 f=0.3 u=0 breach=1 end=
CBAP_MIG t=24605000 epoch=4921 flow=23 side=new cur=6288922327 next=6336355333 tgt=6406040861 f=0.405 u=0 breach=1 end=
CBAP_MIG t=24605000 epoch=4921 flow=24 side=new cur=6883329570 next=6740142957 tgt=6406040861 f=0.3 u=0 breach=1 end=
CBAP_MIG t=24605000 epoch=4921 flow=25 side=new cur=6127799787 next=6240487421 tgt=6406040861 f=0.405 u=0 breach=1 end=
CBAP_MIG t=24605000 epoch=4921 flow=26 side=new cur=6138252623 next=6246706859 tgt=6406040861 f=0.405 u=0 breach=1 end=
CBAP_MIG t=24605000 epoch=4921 flow=28 side=new cur=6104482855 next=6226613847 tgt=6406040861 f=0.405 u=0 breach=1 end=
CBAP_MIG t=24605000 epoch=4921 flow=29 side=new cur=6241499335 next=6308138653 tgt=6406040861 f=0.405 u=0 breach=1 end=
CBAP_MIG t=24605000 epoch=4921 flow=30 side=new cur=6287576099 next=6335554327 tgt=6406040861 f=0.405 u=0 breach=1 end=
CBAP_MIG t=24605000 epoch=4921 flow=31 side=new cur=6249853017 next=6313109093 tgt=6406040861 f=0.405 u=0 breach=1 end=
CBAP_MIG t=24605000 epoch=4921 flow=33 side=new cur=6208834755 next=6288703227 tgt=6406040861 f=0.405 u=0 breach=1 end=
CBAP_MIG t=24605000 epoch=4921 flow=34 side=new cur=6263021964 next=6320944617 tgt=6406040861 f=0.405 u=0 breach=1 end=
CBAP_MIG t=24605000 epoch=4921 flow=35 side=new cur=6310600771 next=6349254007 tgt=6406040861 f=0.405 u=0 breach=1 end=converged
CBAP_MIG t=24605000 epoch=4921 flow=36 side=new cur=6607213640 next=6546861806 tgt=6406040861 f=0.3 u=0 breach=1 end=
CBAP_MIG t=24605000 epoch=4921 flow=37 side=new cur=6337635725 next=6365339805 tgt=6406040861 f=0.405 u=0 breach=1 end=converged
CBAP_MIG t=24605000 epoch=4921 flow=39 side=new cur=6305478814 next=6346206443 tgt=6406040861 f=0.405 u=0 breach=1 end=converged
CBAP_MIG t=24605000 epoch=4921 flow=40 side=new cur=6553932607 next=6509565083 tgt=6406040861 f=0.3 u=0 breach=1 end=
CBAP_MIG t=24605000 epoch=4921 flow=41 side=new cur=6668836715 next=6589997958 tgt=6406040861 f=0.3 u=0 breach=1 end=
CBAP_MIG t=24605000 epoch=4921 flow=43 side=new cur=6104482855 next=6226613847 tgt=6406040861 f=0.405 u=0 breach=1 end=
CBAP_MIG t=24605000 epoch=4921 flow=44 side=new cur=6303104507 next=6344793730 tgt=6406040861 f=0.405 u=0 breach=1 end=converged
CBAP_MIG t=24605000 epoch=4921 flow=45 side=new cur=6335376593 next=6363995621 tgt=6406040861 f=0.405 u=0 breach=1 end=converged
CBAP_MIG t=24605000 epoch=4921 flow=46 side=new cur=6136438445 next=6245627423 tgt=6406040861 f=0.405 u=0 breach=1 end=
CBAP_MIG t=24605000 epoch=4921 flow=48 side=new cur=6477699916 next=6456202199 tgt=6406040861 f=0.3 u=0 breach=1 end=converged
CBAP_MIG t=24605000 epoch=4921 flow=49 side=new cur=6104482855 next=6226613847 tgt=6406040861 f=0.405 u=0 breach=1 end=
CBAP_MIG t=24605000 epoch=4921 flow=50 side=new cur=6232529125 next=6302801378 tgt=6406040861 f=0.405 u=0 breach=1 end=
CBAP_MIG t=24605000 epoch=4921 flow=51 side=new cur=6119782226 next=6235716973 tgt=6406040861 f=0.405 u=0 breach=1 end=
CBAP_MIG t=24605000 epoch=4921 flow=53 side=new cur=6258121761 next=6318028996 tgt=6406040861 f=0.405 u=0 breach=1 end=
CBAP_MIG t=24605000 epoch=4921 flow=54 side=new cur=6575842369 next=6524901916 tgt=6406040861 f=0.3 u=0 breach=1 end=
CBAP_MIG t=24605000 epoch=4921 flow=55 side=new cur=6104482855 next=6226613847 tgt=6406040861 f=0.405 u=0 breach=1 end=
CBAP_MIG t=24605000 epoch=4921 flow=56 side=new cur=6660920252 next=6584456434 tgt=6406040861 f=0.3 u=0 breach=1 end=
CBAP_MIG t=24605000 epoch=4921 flow=57 side=new cur=6302929604 next=6344689663 tgt=6406040861 f=0.405 u=0 breach=1 end=converged
CBAP_MIG t=24605000 epoch=4921 flow=58 side=new cur=6335350048 next=6363979827 tgt=6406040861 f=0.405 u=0 breach=1 end=converged
CBAP_MIG t=24605000 epoch=4921 flow=59 side=new cur=6127539243 next=6240332398 tgt=6406040861 f=0.405 u=0 breach=1 end=
CBAP_MIG t=24605000 epoch=4921 flow=60 side=new cur=6727622961 next=6631148331 tgt=6406040861 f=0.3 u=0 breach=1 end=
CBAP_MIG t=24605000 epoch=4921 flow=61 side=new cur=6109333445 next=6229499948 tgt=6406040861 f=0.405 u=0 breach=1 end=
CBAP_MIG t=24605000 epoch=4921 flow=63 side=new cur=6795934369 next=6678966316 tgt=6406040861 f=0.3 u=0 breach=1 end=
CBAP_MIG t=24605000 epoch=4921 flow=64 side=new cur=6145270369 next=6250882418 tgt=6406040861 f=0.405 u=0 breach=1 end=
CBAP_MIG t=24610000 epoch=4922 flow=1 side=new cur=6341799896 next=6367817486 tgt=6406040861 f=0.405 u=0 breach=1 end=converged
CBAP_MIG t=24610000 epoch=4922 flow=2 side=new cur=6334079204 next=6363223675 tgt=6406040861 f=0.405 u=0 breach=1 end=converged
CBAP_MIG t=24610000 epoch=4922 flow=3 side=new cur=6254024486 next=6315591117 tgt=6406040861 f=0.405 u=0 breach=1 end=
CBAP_MIG t=24610000 epoch=4922 flow=4 side=new cur=6593649031 next=6537366580 tgt=6406040861 f=0.3 u=0 breach=1 end=
CBAP_MIG t=24610000 epoch=4922 flow=5 side=new cur=6338321870 next=6365748061 tgt=6406040861 f=0.405 u=0 breach=1 end=converged
CBAP_MIG t=24610000 epoch=4922 flow=6 side=new cur=6333743873 next=6363024153 tgt=6406040861 f=0.405 u=0 breach=1 end=converged
CBAP_MIG t=24610000 epoch=4922 flow=7 side=new cur=6226613847 next=6299281787 tgt=6406040861 f=0.405 u=0 breach=1 end=
CBAP_MIG t=24610000 epoch=4922 flow=8 side=new cur=6314229527 next=6351413117 tgt=6406040861 f=0.405 u=0 breach=1 end=converged
CBAP_MIG t=24610000 epoch=4922 flow=11 side=new cur=6701500435 next=6612862562 tgt=6406040861 f=0.3 u=0 breach=1 end=
CBAP_MIG t=24610000 epoch=4922 flow=12 side=new cur=6328716537 next=6360032888 tgt=6406040861 f=0.405 u=0 breach=1 end=converged
CBAP_MIG t=24610000 epoch=4922 flow=13 side=new cur=6336074016 next=6364410588 tgt=6406040861 f=0.405 u=0 breach=1 end=converged
CBAP_MIG t=24610000 epoch=4922 flow=14 side=new cur=6601124211 next=6542599206 tgt=6406040861 f=0.3 u=0 breach=1 end=
CBAP_MIG t=24610000 epoch=4922 flow=15 side=new cur=6226613847 next=6299281787 tgt=6406040861 f=0.405 u=0 breach=1 end=
CBAP_MIG t=24610000 epoch=4922 flow=16 side=new cur=6291933614 next=6338147049 tgt=6406040861 f=0.405 u=0 breach=1 end=
CBAP_MIG t=24610000 epoch=4922 flow=17 side=new cur=6226613847 next=6299281787 tgt=6406040861 f=0.405 u=0 breach=1 end=
CBAP_MIG t=24610000 epoch=4922 flow=18 side=new cur=6289645532 next=6336785640 tgt=6406040861 f=0.405 u=0 breach=1 end=
CBAP_MIG t=24610000 epoch=4922 flow=19 side=new cur=6226613847 next=6299281787 tgt=6406040861 f=0.405 u=0 breach=1 end=
CBAP_MIG t=24610000 epoch=4922 flow=20 side=new cur=6231665078 next=6302287270 tgt=6406040861 f=0.405 u=0 breach=1 end=
CBAP_MIG t=24610000 epoch=4922 flow=22 side=new cur=6699177378 next=6611236422 tgt=6406040861 f=0.3 u=0 breach=1 end=
CBAP_MIG t=24610000 epoch=4922 flow=23 side=new cur=6336355333 next=6364577971 tgt=6406040861 f=0.405 u=0 breach=1 end=converged
CBAP_MIG t=24610000 epoch=4922 flow=24 side=new cur=6740142957 next=6639912328 tgt=6406040861 f=0.3 u=0 breach=1 end=
CBAP_MIG t=24610000 epoch=4922 flow=25 side=new cur=6240487421 next=6307536564 tgt=6406040861 f=0.405 u=0 breach=1 end=
CBAP_MIG t=24610000 epoch=4922 flow=26 side=new cur=6246706859 next=6311237129 tgt=6406040861 f=0.405 u=0 breach=1 end=
CBAP_MIG t=24610000 epoch=4922 flow=28 side=new cur=6226613847 next=6299281787 tgt=6406040861 f=0.405 u=0 breach=1 end=
CBAP_MIG t=24610000 epoch=4922 flow=29 side=new cur=6308138653 next=6347789047 tgt=6406040861 f=0.405 u=0 breach=1 end=converged
CBAP_MIG t=24610000 epoch=4922 flow=30 side=new cur=6335554327 next=6364101373 tgt=6406040861 f=0.405 u=0 breach=1 end=converged
CBAP_MIG t=24610000 epoch=4922 flow=31 side=new cur=6313109093 next=6350746459 tgt=6406040861 f=0.405 u=0 breach=1 end=converged
CBAP_MIG t=24610000 epoch=4922 flow=33 side=new cur=6288703227 next=6336224968 tgt=6406040861 f=0.405 u=0 breach=1 end=
CBAP_MIG t=24610000 epoch=4922 flow=34 side=new cur=6320944617 next=6355408595 tgt=6406040861 f=0.405 u=0 breach=1 end=converged
CBAP_MIG t=24610000 epoch=4922 flow=36 side=new cur=6546861806 next=6504615522 tgt=6406040861 f=0.3 u=0 breach=1 end=
CBAP_MIG t=24610000 epoch=4922 flow=40 side=new cur=6509565083 next=6478507816 tgt=6406040861 f=0.3 u=0 breach=1 end=
CBAP_MIG t=24610000 epoch=4922 flow=41 side=new cur=6589997958 next=6534810828 tgt=6406040861 f=0.3 u=0 breach=1 end=
CBAP_MIG t=24610000 epoch=4922 flow=43 side=new cur=6226613847 next=6299281787 tgt=6406040861 f=0.405 u=0 breach=1 end=
CBAP_MIG t=24610000 epoch=4922 flow=46 side=new cur=6245627423 next=6310594865 tgt=6406040861 f=0.405 u=0 breach=1 end=
CBAP_MIG t=24610000 epoch=4922 flow=49 side=new cur=6226613847 next=6299281787 tgt=6406040861 f=0.405 u=0 breach=1 end=
CBAP_MIG t=24610000 epoch=4922 flow=50 side=new cur=6302801378 next=6344613368 tgt=6406040861 f=0.405 u=0 breach=1 end=converged
CBAP_MIG t=24610000 epoch=4922 flow=51 side=new cur=6235716973 next=6304698147 tgt=6406040861 f=0.405 u=0 breach=1 end=
CBAP_MIG t=24610000 epoch=4922 flow=53 side=new cur=6318028996 next=6353673801 tgt=6406040861 f=0.405 u=0 breach=1 end=converged
CBAP_MIG t=24610000 epoch=4922 flow=54 side=new cur=6524901916 next=6489243599 tgt=6406040861 f=0.3 u=0 breach=1 end=
CBAP_MIG t=24610000 epoch=4922 flow=55 side=new cur=6226613847 next=6299281787 tgt=6406040861 f=0.405 u=0 breach=1 end=
CBAP_MIG t=24610000 epoch=4922 flow=56 side=new cur=6584456434 next=6530931762 tgt=6406040861 f=0.3 u=0 breach=1 end=
CBAP_MIG t=24610000 epoch=4922 flow=59 side=new cur=6240332398 next=6307444325 tgt=6406040861 f=0.405 u=0 breach=1 end=
CBAP_MIG t=24610000 epoch=4922 flow=60 side=new cur=6631148331 next=6563616090 tgt=6406040861 f=0.3 u=0 breach=1 end=
CBAP_MIG t=24610000 epoch=4922 flow=61 side=new cur=6229499948 next=6300999017 tgt=6406040861 f=0.405 u=0 breach=1 end=
CBAP_MIG t=24610000 epoch=4922 flow=63 side=new cur=6678966316 next=6597088679 tgt=6406040861 f=0.3 u=0 breach=1 end=
CBAP_MIG t=24610000 epoch=4922 flow=64 side=new cur=6250882418 next=6313721587 tgt=6406040861 f=0.405 u=0 breach=1 end=
CBAP_MIG t=24615000 epoch=4923 flow=3 side=new cur=6315591117 next=6352223263 tgt=6406040861 f=0.405 u=0 breach=1 end=converged
CBAP_MIG t=24615000 epoch=4923 flow=4 side=new cur=6537366580 next=6497968864 tgt=6406040861 f=0.3 u=0 breach=1 end=
CBAP_MIG t=24615000 epoch=4923 flow=7 side=new cur=6299281787 next=6342519211 tgt=6406040861 f=0.405 u=0 breach=1 end=converged
CBAP_MIG t=24615000 epoch=4923 flow=11 side=new cur=6612862562 next=6550816051 tgt=6406040861 f=0.3 u=0 breach=1 end=
CBAP_MIG t=24615000 epoch=4923 flow=14 side=new cur=6542599206 next=6501631702 tgt=6406040861 f=0.3 u=0 breach=1 end=
CBAP_MIG t=24615000 epoch=4923 flow=15 side=new cur=6299281787 next=6342519211 tgt=6406040861 f=0.405 u=0 breach=1 end=converged
CBAP_MIG t=24615000 epoch=4923 flow=16 side=new cur=6338147049 next=6365644042 tgt=6406040861 f=0.405 u=0 breach=1 end=converged
CBAP_MIG t=24615000 epoch=4923 flow=17 side=new cur=6299281787 next=6342519211 tgt=6406040861 f=0.405 u=0 breach=1 end=converged
CBAP_MIG t=24615000 epoch=4923 flow=18 side=new cur=6336785640 next=6364834004 tgt=6406040861 f=0.405 u=0 breach=1 end=converged
CBAP_MIG t=24615000 epoch=4923 flow=19 side=new cur=6299281787 next=6342519211 tgt=6406040861 f=0.405 u=0 breach=1 end=converged
CBAP_MIG t=24615000 epoch=4923 flow=20 side=new cur=6302287270 next=6344307474 tgt=6406040861 f=0.405 u=0 breach=1 end=converged
CBAP_MIG t=24615000 epoch=4923 flow=22 side=new cur=6611236422 next=6549677753 tgt=6406040861 f=0.3 u=0 breach=1 end=
CBAP_MIG t=24615000 epoch=4923 flow=24 side=new cur=6639912328 next=6569750887 tgt=6406040861 f=0.3 u=0 breach=1 end=
CBAP_MIG t=24615000 epoch=4923 flow=25 side=new cur=6307536564 next=6347430804 tgt=6406040861 f=0.405 u=0 breach=1 end=converged
CBAP_MIG t=24615000 epoch=4923 flow=26 side=new cur=6311237129 next=6349632640 tgt=6406040861 f=0.405 u=0 breach=1 end=converged
CBAP_MIG t=24615000 epoch=4923 flow=28 side=new cur=6299281787 next=6342519211 tgt=6406040861 f=0.405 u=0 breach=1 end=converged
CBAP_MIG t=24615000 epoch=4923 flow=33 side=new cur=6336224968 next=6364500404 tgt=6406040861 f=0.405 u=0 breach=1 end=converged
CBAP_MIG t=24615000 epoch=4923 flow=36 side=new cur=6504615522 next=6475043123 tgt=6406040861 f=0.3 u=0 breach=1 end=
CBAP_MIG t=24615000 epoch=4923 flow=40 side=new cur=6478507816 next=6456767729 tgt=6406040861 f=0.3 u=0 breach=1 end=converged
CBAP_MIG t=24615000 epoch=4923 flow=41 side=new cur=6534810828 next=6496179837 tgt=6406040861 f=0.3 u=0 breach=1 end=
CBAP_MIG t=24615000 epoch=4923 flow=43 side=new cur=6299281787 next=6342519211 tgt=6406040861 f=0.405 u=0 breach=1 end=converged
CBAP_MIG t=24615000 epoch=4923 flow=46 side=new cur=6310594865 next=6349250493 tgt=6406040861 f=0.405 u=0 breach=1 end=converged
CBAP_MIG t=24615000 epoch=4923 flow=49 side=new cur=6299281787 next=6342519211 tgt=6406040861 f=0.405 u=0 breach=1 end=converged
CBAP_MIG t=24615000 epoch=4923 flow=51 side=new cur=6304698147 next=6345741946 tgt=6406040861 f=0.405 u=0 breach=1 end=converged
CBAP_MIG t=24615000 epoch=4923 flow=54 side=new cur=6489243599 next=6464282777 tgt=6406040861 f=0.3 u=0 breach=1 end=converged
CBAP_MIG t=24615000 epoch=4923 flow=55 side=new cur=6299281787 next=6342519211 tgt=6406040861 f=0.405 u=0 breach=1 end=converged
CBAP_MIG t=24615000 epoch=4923 flow=56 side=new cur=6530931762 next=6493464491 tgt=6406040861 f=0.3 u=0 breach=1 end=
CBAP_MIG t=24615000 epoch=4923 flow=59 side=new cur=6307444325 next=6347375922 tgt=6406040861 f=0.405 u=0 breach=1 end=converged
CBAP_MIG t=24615000 epoch=4923 flow=60 side=new cur=6563616090 next=6516343521 tgt=6406040861 f=0.3 u=0 breach=1 end=
CBAP_MIG t=24615000 epoch=4923 flow=61 side=new cur=6300999017 next=6343540963 tgt=6406040861 f=0.405 u=0 breach=1 end=converged
CBAP_MIG t=24615000 epoch=4923 flow=63 side=new cur=6597088679 next=6539774333 tgt=6406040861 f=0.3 u=0 breach=1 end=
CBAP_MIG t=24615000 epoch=4923 flow=64 side=new cur=6313721587 next=6351110892 tgt=6406040861 f=0.405 u=0 breach=1 end=converged
CBAP_MIG t=24620000 epoch=4924 flow=4 side=new cur=6497968864 next=6470390463 tgt=6406040861 f=0.3 u=0 breach=1 end=
CBAP_MIG t=24620000 epoch=4924 flow=11 side=new cur=6550816051 next=6507383494 tgt=6406040861 f=0.3 u=0 breach=1 end=
CBAP_MIG t=24620000 epoch=4924 flow=14 side=new cur=6501631702 next=6472954449 tgt=6406040861 f=0.3 u=0 breach=1 end=
CBAP_MIG t=24620000 epoch=4924 flow=22 side=new cur=6549677753 next=6506586685 tgt=6406040861 f=0.3 u=0 breach=1 end=
CBAP_MIG t=24620000 epoch=4924 flow=24 side=new cur=6569750887 next=6520637879 tgt=6406040861 f=0.3 u=0 breach=1 end=
CBAP_MIG t=24620000 epoch=4924 flow=36 side=new cur=6475043123 next=6454342444 tgt=6406040861 f=0.3 u=0 breach=1 end=converged
CBAP_MIG t=24620000 epoch=4924 flow=41 side=new cur=6496179837 next=6469138144 tgt=6406040861 f=0.3 u=0 breach=1 end=converged
CBAP_MIG t=24620000 epoch=4924 flow=56 side=new cur=6493464491 next=6467237402 tgt=6406040861 f=0.3 u=0 breach=1 end=converged
CBAP_MIG t=24620000 epoch=4924 flow=60 side=new cur=6516343521 next=6483252723 tgt=6406040861 f=0.3 u=0 breach=1 end=
CBAP_MIG t=24620000 epoch=4924 flow=63 side=new cur=6539774333 next=6499654291 tgt=6406040861 f=0.3 u=0 breach=1 end=
CBAP_MIG t=24625000 epoch=4925 flow=4 side=new cur=6470390463 next=6451085582 tgt=6406040861 f=0.3 u=0 breach=1 end=converged
CBAP_MIG t=24625000 epoch=4925 flow=11 side=new cur=6507383494 next=6476980704 tgt=6406040861 f=0.3 u=0 breach=1 end=
CBAP_MIG t=24625000 epoch=4925 flow=14 side=new cur=6472954449 next=6452880372 tgt=6406040861 f=0.3 u=0 breach=1 end=converged
CBAP_MIG t=24625000 epoch=4925 flow=22 side=new cur=6506586685 next=6476422937 tgt=6406040861 f=0.3 u=0 breach=1 end=
CBAP_MIG t=24625000 epoch=4925 flow=24 side=new cur=6520637879 next=6486258773 tgt=6406040861 f=0.3 u=0 breach=1 end=
CBAP_MIG t=24625000 epoch=4925 flow=60 side=new cur=6483252723 next=6460089164 tgt=6406040861 f=0.3 u=0 breach=1 end=converged
CBAP_MIG t=24625000 epoch=4925 flow=63 side=new cur=6499654291 next=6471570262 tgt=6406040861 f=0.3 u=0 breach=1 end=
CBAP_MIG t=24630000 epoch=4926 flow=11 side=new cur=6476980704 next=6455698751 tgt=6406040861 f=0.3 u=0 breach=1 end=converged
CBAP_MIG t=24630000 epoch=4926 flow=22 side=new cur=6476422937 next=6455308314 tgt=6406040861 f=0.3 u=0 breach=1 end=converged
CBAP_MIG t=24630000 epoch=4926 flow=24 side=new cur=6486258773 next=6462193399 tgt=6406040861 f=0.3 u=0 breach=1 end=converged
CBAP_MIG t=24630000 epoch=4926 flow=63 side=new cur=6471570262 next=6451911441 tgt=6406040861 f=0.3 u=0 breach=1 end=converged
CBAP_MIG_REPLAN t=24705000 reason=active_set_shrank flow=0 batch=0 newest_batch=1 cur=4032648864 target=4000000000 ceiling=320000000000 old_side_present=1
CBAP_MIG_REPLAN t=24705000 reason=active_set_shrank flow=1 batch=1 newest_batch=1 cur=6367817486 target=6509624759 ceiling=400000000000 old_side_present=1
CBAP_MIG_REPLAN t=24705000 reason=active_set_shrank flow=2 batch=1 newest_batch=1 cur=6363223675 target=6509624759 ceiling=400000000000 old_side_present=1
CBAP_MIG_REPLAN t=24705000 reason=active_set_shrank flow=3 batch=1 newest_batch=1 cur=6352223263 target=6509624759 ceiling=400000000000 old_side_present=1
CBAP_MIG_REPLAN t=24705000 reason=active_set_shrank flow=4 batch=1 newest_batch=1 cur=6451085582 target=6509624759 ceiling=400000000000 old_side_present=1
CBAP_MIG_REPLAN t=24705000 reason=active_set_shrank flow=5 batch=1 newest_batch=1 cur=6365748061 target=6509624759 ceiling=400000000000 old_side_present=1
CBAP_MIG_REPLAN t=24705000 reason=active_set_shrank flow=6 batch=1 newest_batch=1 cur=6363024153 target=6509624759 ceiling=400000000000 old_side_present=1
CBAP_MIG_REPLAN t=24705000 reason=active_set_shrank flow=7 batch=1 newest_batch=1 cur=6342519211 target=6509624759 ceiling=400000000000 old_side_present=1
CBAP_MIG_REPLAN t=24705000 reason=active_set_shrank flow=8 batch=1 newest_batch=1 cur=6351413117 target=6509624759 ceiling=400000000000 old_side_present=1
CBAP_MIG_REPLAN t=24705000 reason=active_set_shrank flow=9 batch=1 newest_batch=1 cur=6362143351 target=6509624759 ceiling=400000000000 old_side_present=1
CBAP_MIG_REPLAN t=24705000 reason=active_set_shrank flow=10 batch=1 newest_batch=1 cur=6463112388 target=6509624759 ceiling=400000000000 old_side_present=1
CBAP_MIG_REPLAN t=24705000 reason=active_set_shrank flow=11 batch=1 newest_batch=1 cur=6455698751 target=6509624759 ceiling=400000000000 old_side_present=1
CBAP_MIG_REPLAN t=24705000 reason=active_set_shrank flow=12 batch=1 newest_batch=1 cur=6360032888 target=6509624759 ceiling=400000000000 old_side_present=1
CBAP_MIG_REPLAN t=24705000 reason=active_set_shrank flow=13 batch=1 newest_batch=1 cur=6364410588 target=6509624759 ceiling=400000000000 old_side_present=1
CBAP_MIG_REPLAN t=24705000 reason=active_set_shrank flow=14 batch=1 newest_batch=1 cur=6452880372 target=6509624759 ceiling=400000000000 old_side_present=1
CBAP_MIG_REPLAN t=24705000 reason=active_set_shrank flow=15 batch=1 newest_batch=1 cur=6342519211 target=6509624759 ceiling=400000000000 old_side_present=1
CBAP_MIG_REPLAN t=24705000 reason=active_set_shrank flow=16 batch=1 newest_batch=1 cur=6365644042 target=6509624759 ceiling=400000000000 old_side_present=1
CBAP_MIG_REPLAN t=24705000 reason=active_set_shrank flow=17 batch=1 newest_batch=1 cur=6342519211 target=6509624759 ceiling=400000000000 old_side_present=1
CBAP_MIG_REPLAN t=24705000 reason=active_set_shrank flow=18 batch=1 newest_batch=1 cur=6364834004 target=6509624759 ceiling=400000000000 old_side_present=1
CBAP_MIG_REPLAN t=24705000 reason=active_set_shrank flow=19 batch=1 newest_batch=1 cur=6342519211 target=6509624759 ceiling=400000000000 old_side_present=1
CBAP_MIG_REPLAN t=24705000 reason=active_set_shrank flow=20 batch=1 newest_batch=1 cur=6344307474 target=6509624759 ceiling=400000000000 old_side_present=1
CBAP_MIG_REPLAN t=24705000 reason=active_set_shrank flow=21 batch=1 newest_batch=1 cur=6364388123 target=6509624759 ceiling=400000000000 old_side_present=1
CBAP_MIG_REPLAN t=24705000 reason=active_set_shrank flow=22 batch=1 newest_batch=1 cur=6455308314 target=6509624759 ceiling=400000000000 old_side_present=1
CBAP_MIG_REPLAN t=24705000 reason=active_set_shrank flow=23 batch=1 newest_batch=1 cur=6364577971 target=6509624759 ceiling=400000000000 old_side_present=1
CBAP_MIG_REPLAN t=24705000 reason=active_set_shrank flow=24 batch=1 newest_batch=1 cur=6462193399 target=6509624759 ceiling=400000000000 old_side_present=1
CBAP_MIG_REPLAN t=24705000 reason=active_set_shrank flow=25 batch=1 newest_batch=1 cur=6347430804 target=6509624759 ceiling=400000000000 old_side_present=1
CBAP_MIG_REPLAN t=24705000 reason=active_set_shrank flow=26 batch=1 newest_batch=1 cur=6349632640 target=6509624759 ceiling=400000000000 old_side_present=1
CBAP_MIG_REPLAN t=24705000 reason=active_set_shrank flow=27 batch=1 newest_batch=1 cur=6382057521 target=6509624759 ceiling=400000000000 old_side_present=1
CBAP_MIG_REPLAN t=24705000 reason=active_set_shrank flow=28 batch=1 newest_batch=1 cur=6342519211 target=6509624759 ceiling=400000000000 old_side_present=1
CBAP_MIG_REPLAN t=24705000 reason=active_set_shrank flow=29 batch=1 newest_batch=1 cur=6347789047 target=6509624759 ceiling=400000000000 old_side_present=1
CBAP_MIG_REPLAN t=24705000 reason=active_set_shrank flow=31 batch=1 newest_batch=1 cur=6350746459 target=6509624759 ceiling=400000000000 old_side_present=1
CBAP_MIG_REPLAN t=24705000 reason=active_set_shrank flow=32 batch=1 newest_batch=1 cur=6454306095 target=6509624759 ceiling=400000000000 old_side_present=1
CBAP_MIG_REPLAN t=24705000 reason=active_set_shrank flow=33 batch=1 newest_batch=1 cur=6364500404 target=6509624759 ceiling=400000000000 old_side_present=1
CBAP_MIG_REPLAN t=24705000 reason=active_set_shrank flow=34 batch=1 newest_batch=1 cur=6355408595 target=6509624759 ceiling=400000000000 old_side_present=1
CBAP_MIG_REPLAN t=24705000 reason=active_set_shrank flow=35 batch=1 newest_batch=1 cur=6349254007 target=6509624759 ceiling=400000000000 old_side_present=1
CBAP_MIG_REPLAN t=24705000 reason=active_set_shrank flow=36 batch=1 newest_batch=1 cur=6454342444 target=6509624759 ceiling=400000000000 old_side_present=1
CBAP_MIG_REPLAN t=24705000 reason=active_set_shrank flow=37 batch=1 newest_batch=1 cur=6365339805 target=6509624759 ceiling=400000000000 old_side_present=1
CBAP_MIG_REPLAN t=24705000 reason=active_set_shrank flow=38 batch=1 newest_batch=1 cur=6348352833 target=6509624759 ceiling=400000000000 old_side_present=1
CBAP_MIG_REPLAN t=24705000 reason=active_set_shrank flow=39 batch=1 newest_batch=1 cur=6346206443 target=6509624759 ceiling=400000000000 old_side_present=1
CBAP_MIG_REPLAN t=24705000 reason=active_set_shrank flow=40 batch=1 newest_batch=1 cur=6456767729 target=6509624759 ceiling=400000000000 old_side_present=1
CBAP_MIG_REPLAN t=24705000 reason=active_set_shrank flow=41 batch=1 newest_batch=1 cur=6469138144 target=6509624759 ceiling=400000000000 old_side_present=1
CBAP_MIG_REPLAN t=24705000 reason=active_set_shrank flow=42 batch=1 newest_batch=1 cur=6347289843 target=6509624759 ceiling=400000000000 old_side_present=1
CBAP_MIG_REPLAN t=24705000 reason=active_set_shrank flow=43 batch=1 newest_batch=1 cur=6342519211 target=6509624759 ceiling=400000000000 old_side_present=1
CBAP_MIG_REPLAN t=24705000 reason=active_set_shrank flow=44 batch=1 newest_batch=1 cur=6344793730 target=6509624759 ceiling=400000000000 old_side_present=1
CBAP_MIG_REPLAN t=24705000 reason=active_set_shrank flow=45 batch=1 newest_batch=1 cur=6363995621 target=6509624759 ceiling=400000000000 old_side_present=1
CBAP_MIG_REPLAN t=24705000 reason=active_set_shrank flow=46 batch=1 newest_batch=1 cur=6349250493 target=6509624759 ceiling=400000000000 old_side_present=1
CBAP_MIG_REPLAN t=24705000 reason=active_set_shrank flow=48 batch=1 newest_batch=1 cur=6456202199 target=6509624759 ceiling=400000000000 old_side_present=1
CBAP_MIG_REPLAN t=24705000 reason=active_set_shrank flow=49 batch=1 newest_batch=1 cur=6342519211 target=6509624759 ceiling=400000000000 old_side_present=1
CBAP_MIG_REPLAN t=24705000 reason=active_set_shrank flow=50 batch=1 newest_batch=1 cur=6344613368 target=6509624759 ceiling=400000000000 old_side_present=1
CBAP_MIG_REPLAN t=24705000 reason=active_set_shrank flow=51 batch=1 newest_batch=1 cur=6345741946 target=6509624759 ceiling=400000000000 old_side_present=1
CBAP_MIG_REPLAN t=24705000 reason=active_set_shrank flow=52 batch=1 newest_batch=1 cur=6454887947 target=6509624759 ceiling=400000000000 old_side_present=1
CBAP_MIG_REPLAN t=24705000 reason=active_set_shrank flow=53 batch=1 newest_batch=1 cur=6353673801 target=6509624759 ceiling=400000000000 old_side_present=1
CBAP_MIG_REPLAN t=24705000 reason=active_set_shrank flow=54 batch=1 newest_batch=1 cur=6464282777 target=6509624759 ceiling=400000000000 old_side_present=1
CBAP_MIG_REPLAN t=24705000 reason=active_set_shrank flow=55 batch=1 newest_batch=1 cur=6342519211 target=6509624759 ceiling=400000000000 old_side_present=1
CBAP_MIG_REPLAN t=24705000 reason=active_set_shrank flow=56 batch=1 newest_batch=1 cur=6467237402 target=6509624759 ceiling=400000000000 old_side_present=1
CBAP_MIG_REPLAN t=24705000 reason=active_set_shrank flow=57 batch=1 newest_batch=1 cur=6344689663 target=6509624759 ceiling=400000000000 old_side_present=1
CBAP_MIG_REPLAN t=24705000 reason=active_set_shrank flow=58 batch=1 newest_batch=1 cur=6363979827 target=6509624759 ceiling=400000000000 old_side_present=1
CBAP_MIG_REPLAN t=24705000 reason=active_set_shrank flow=59 batch=1 newest_batch=1 cur=6347375922 target=6509624759 ceiling=400000000000 old_side_present=1
CBAP_MIG_REPLAN t=24705000 reason=active_set_shrank flow=60 batch=1 newest_batch=1 cur=6460089164 target=6509624759 ceiling=400000000000 old_side_present=1
CBAP_MIG_REPLAN t=24705000 reason=active_set_shrank flow=61 batch=1 newest_batch=1 cur=6343540963 target=6509624759 ceiling=400000000000 old_side_present=1
CBAP_MIG_REPLAN t=24705000 reason=active_set_shrank flow=62 batch=1 newest_batch=1 cur=6344465204 target=6509624759 ceiling=400000000000 old_side_present=1
CBAP_MIG_REPLAN t=24705000 reason=active_set_shrank flow=63 batch=1 newest_batch=1 cur=6451911441 target=6509624759 ceiling=400000000000 old_side_present=1
CBAP_MIG_REPLAN t=24705000 reason=active_set_shrank flow=64 batch=1 newest_batch=1 cur=6351110892 target=6509624759 ceiling=400000000000 old_side_present=1
CBAP_MIG t=24705000 epoch=4941 flow=0 side=old cur=4032648864 next=4022854204 tgt=4000000000 f=0.3 u=0 breach=0 end=converged
CBAP_MIG t=24705000 epoch=4941 flow=1 side=new cur=6367817486 next=6425249431 tgt=6509624759 f=0.405 u=0 breach=1 end=
CBAP_MIG t=24705000 epoch=4941 flow=2 side=new cur=6363223675 next=6422516114 tgt=6509624759 f=0.405 u=0 breach=1 end=
CBAP_MIG t=24705000 epoch=4941 flow=3 side=new cur=6352223263 next=6415970868 tgt=6509624759 f=0.405 u=0 breach=1 end=
CBAP_MIG t=24705000 epoch=4941 flow=4 side=new cur=6451085582 next=6474793948 tgt=6509624759 f=0.405 u=0 breach=1 end=converged
CBAP_MIG t=24705000 epoch=4941 flow=5 side=new cur=6365748061 next=6424018123 tgt=6509624759 f=0.405 u=0 breach=1 end=
CBAP_MIG t=24705000 epoch=4941 flow=6 side=new cur=6363024153 next=6422397398 tgt=6509624759 f=0.405 u=0 breach=1 end=
CBAP_MIG t=24705000 epoch=4941 flow=7 side=new cur=6342519211 next=6410196957 tgt=6509624759 f=0.405 u=0 breach=1 end=
CBAP_MIG t=24705000 epoch=4941 flow=8 side=new cur=6351413117 next=6415488832 tgt=6509624759 f=0.405 u=0 breach=1 end=
CBAP_MIG t=24705000 epoch=4941 flow=9 side=new cur=6362143351 next=6421873321 tgt=6509624759 f=0.405 u=0 breach=1 end=
CBAP_MIG t=24705000 epoch=4941 flow=10 side=new cur=6463112388 next=6481949898 tgt=6509624759 f=0.405 u=0 breach=1 end=converged
CBAP_MIG t=24705000 epoch=4941 flow=11 side=new cur=6455698751 next=6477538784 tgt=6509624759 f=0.405 u=0 breach=1 end=converged
CBAP_MIG t=24705000 epoch=4941 flow=12 side=new cur=6360032888 next=6420617595 tgt=6509624759 f=0.405 u=0 breach=1 end=
CBAP_MIG t=24705000 epoch=4941 flow=13 side=new cur=6364410588 next=6423222327 tgt=6509624759 f=0.405 u=0 breach=1 end=
CBAP_MIG t=24705000 epoch=4941 flow=14 side=new cur=6452880372 next=6475861848 tgt=6509624759 f=0.405 u=0 breach=1 end=converged
CBAP_MIG t=24705000 epoch=4941 flow=15 side=new cur=6342519211 next=6410196957 tgt=6509624759 f=0.405 u=0 breach=1 end=
CBAP_MIG t=24705000 epoch=4941 flow=16 side=new cur=6365644042 next=6423956232 tgt=6509624759 f=0.405 u=0 breach=1 end=
CBAP_MIG t=24705000 epoch=4941 flow=17 side=new cur=6342519211 next=6410196957 tgt=6509624759 f=0.405 u=0 breach=1 end=
CBAP_MIG t=24705000 epoch=4941 flow=18 side=new cur=6364834004 next=6423474259 tgt=6509624759 f=0.405 u=0 breach=1 end=
CBAP_MIG t=24705000 epoch=4941 flow=19 side=new cur=6342519211 next=6410196957 tgt=6509624759 f=0.405 u=0 breach=1 end=
CBAP_MIG t=24705000 epoch=4941 flow=20 side=new cur=6344307474 next=6411260974 tgt=6509624759 f=0.405 u=0 breach=1 end=
CBAP_MIG t=24705000 epoch=4941 flow=21 side=new cur=6364388123 next=6423208960 tgt=6509624759 f=0.405 u=0 breach=1 end=
CBAP_MIG t=24705000 epoch=4941 flow=22 side=new cur=6455308314 next=6477306474 tgt=6509624759 f=0.405 u=0 breach=1 end=converged
CBAP_MIG t=24705000 epoch=4941 flow=23 side=new cur=6364577971 next=6423321920 tgt=6509624759 f=0.405 u=0 breach=1 end=
CBAP_MIG t=24705000 epoch=4941 flow=24 side=new cur=6462193399 next=6481403099 tgt=6509624759 f=0.405 u=0 breach=1 end=converged
CBAP_MIG t=24705000 epoch=4941 flow=25 side=new cur=6347430804 next=6413119355 tgt=6509624759 f=0.405 u=0 breach=1 end=
CBAP_MIG t=24705000 epoch=4941 flow=26 side=new cur=6349632640 next=6414429448 tgt=6509624759 f=0.405 u=0 breach=1 end=
CBAP_MIG t=24705000 epoch=4941 flow=27 side=new cur=6382057521 next=6433722252 tgt=6509624759 f=0.405 u=0 breach=1 end=
CBAP_MIG t=24705000 epoch=4941 flow=28 side=new cur=6342519211 next=6410196957 tgt=6509624759 f=0.405 u=0 breach=1 end=
CBAP_MIG t=24705000 epoch=4941 flow=29 side=new cur=6347789047 next=6413332510 tgt=6509624759 f=0.405 u=0 breach=1 end=
CBAP_MIG t=24705000 epoch=4941 flow=31 side=new cur=6350746459 next=6415092170 tgt=6509624759 f=0.405 u=0 breach=1 end=
CBAP_MIG t=24705000 epoch=4941 flow=32 side=new cur=6454306095 next=6476710153 tgt=6509624759 f=0.405 u=0 breach=1 end=converged
CBAP_MIG t=24705000 epoch=4941 flow=33 side=new cur=6364500404 next=6423275767 tgt=6509624759 f=0.405 u=0 breach=1 end=
CBAP_MIG t=24705000 epoch=4941 flow=34 side=new cur=6355408595 next=6417866141 tgt=6509624759 f=0.405 u=0 breach=1 end=
CBAP_MIG t=24705000 epoch=4941 flow=35 side=new cur=6349254007 next=6414204161 tgt=6509624759 f=0.405 u=0 breach=1 end=
CBAP_MIG t=24705000 epoch=4941 flow=36 side=new cur=6454342444 next=6476731781 tgt=6509624759 f=0.405 u=0 breach=1 end=converged
CBAP_MIG t=24705000 epoch=4941 flow=37 side=new cur=6365339805 next=6423775211 tgt=6509624759 f=0.405 u=0 breach=1 end=
CBAP_MIG t=24705000 epoch=4941 flow=38 side=new cur=6348352833 next=6413667963 tgt=6509624759 f=0.405 u=0 breach=1 end=
CBAP_MIG t=24705000 epoch=4941 flow=39 side=new cur=6346206443 next=6412390860 tgt=6509624759 f=0.405 u=0 breach=1 end=
CBAP_MIG t=24705000 epoch=4941 flow=40 side=new cur=6456767729 next=6478174826 tgt=6509624759 f=0.405 u=0 breach=1 end=converged
CBAP_MIG t=24705000 epoch=4941 flow=41 side=new cur=6469138144 next=6485535223 tgt=6509624759 f=0.405 u=0 breach=1 end=converged
CBAP_MIG t=24705000 epoch=4941 flow=42 side=new cur=6347289843 next=6413035483 tgt=6509624759 f=0.405 u=0 breach=1 end=
CBAP_MIG t=24705000 epoch=4941 flow=43 side=new cur=6342519211 next=6410196957 tgt=6509624759 f=0.405 u=0 breach=1 end=
CBAP_MIG t=24705000 epoch=4941 flow=44 side=new cur=6344793730 next=6411550296 tgt=6509624759 f=0.405 u=0 breach=1 end=
CBAP_MIG t=24705000 epoch=4941 flow=45 side=new cur=6363995621 next=6422975421 tgt=6509624759 f=0.405 u=0 breach=1 end=
CBAP_MIG t=24705000 epoch=4941 flow=46 side=new cur=6349250493 next=6414202070 tgt=6509624759 f=0.405 u=0 breach=1 end=
CBAP_MIG t=24705000 epoch=4941 flow=48 side=new cur=6456202199 next=6477838335 tgt=6509624759 f=0.405 u=0 breach=1 end=converged
CBAP_MIG t=24705000 epoch=4941 flow=49 side=new cur=6342519211 next=6410196957 tgt=6509624759 f=0.405 u=0 breach=1 end=
CBAP_MIG t=24705000 epoch=4941 flow=50 side=new cur=6344613368 next=6411442981 tgt=6509624759 f=0.405 u=0 breach=1 end=
CBAP_MIG t=24705000 epoch=4941 flow=51 side=new cur=6345741946 next=6412114485 tgt=6509624759 f=0.405 u=0 breach=1 end=
CBAP_MIG t=24705000 epoch=4941 flow=52 side=new cur=6454887947 next=6477056355 tgt=6509624759 f=0.405 u=0 breach=1 end=converged
CBAP_MIG t=24705000 epoch=4941 flow=53 side=new cur=6353673801 next=6416833938 tgt=6509624759 f=0.405 u=0 breach=1 end=
CBAP_MIG t=24705000 epoch=4941 flow=54 side=new cur=6464282777 next=6482646279 tgt=6509624759 f=0.405 u=0 breach=1 end=converged
CBAP_MIG t=24705000 epoch=4941 flow=55 side=new cur=6342519211 next=6410196957 tgt=6509624759 f=0.405 u=0 breach=1 end=
CBAP_MIG t=24705000 epoch=4941 flow=56 side=new cur=6467237402 next=6484404281 tgt=6509624759 f=0.405 u=0 breach=1 end=converged
CBAP_MIG t=24705000 epoch=4941 flow=57 side=new cur=6344689663 next=6411488376 tgt=6509624759 f=0.405 u=0 breach=1 end=
CBAP_MIG t=24705000 epoch=4941 flow=58 side=new cur=6363979827 next=6422966024 tgt=6509624759 f=0.405 u=0 breach=1 end=
CBAP_MIG t=24705000 epoch=4941 flow=59 side=new cur=6347375922 next=6413086700 tgt=6509624759 f=0.405 u=0 breach=1 end=
CBAP_MIG t=24705000 epoch=4941 flow=60 side=new cur=6460089164 next=6480151079 tgt=6509624759 f=0.405 u=0 breach=1 end=converged
CBAP_MIG t=24705000 epoch=4941 flow=61 side=new cur=6343540963 next=6410804900 tgt=6509624759 f=0.405 u=0 breach=1 end=
CBAP_MIG t=24705000 epoch=4941 flow=62 side=new cur=6344465204 next=6411354823 tgt=6509624759 f=0.405 u=0 breach=1 end=
CBAP_MIG t=24705000 epoch=4941 flow=63 side=new cur=6451911441 next=6475285334 tgt=6509624759 f=0.405 u=0 breach=1 end=converged
CBAP_MIG t=24705000 epoch=4941 flow=64 side=new cur=6351110892 next=6415309008 tgt=6509624759 f=0.405 u=0 breach=1 end=
CBAP_MIG t=24710000 epoch=4942 flow=1 side=new cur=6425249431 next=6459421438 tgt=6509624759 f=0.405 u=0 breach=1 end=converged
CBAP_MIG t=24710000 epoch=4942 flow=2 side=new cur=6422516114 next=6457795115 tgt=6509624759 f=0.405 u=0 breach=1 end=converged
CBAP_MIG t=24710000 epoch=4942 flow=3 side=new cur=6415970868 next=6453900693 tgt=6509624759 f=0.405 u=0 breach=1 end=converged
CBAP_MIG t=24710000 epoch=4942 flow=5 side=new cur=6424018123 next=6458688810 tgt=6509624759 f=0.405 u=0 breach=1 end=converged
CBAP_MIG t=24710000 epoch=4942 flow=6 side=new cur=6422397398 next=6457724479 tgt=6509624759 f=0.405 u=0 breach=1 end=converged
CBAP_MIG t=24710000 epoch=4942 flow=7 side=new cur=6410196957 next=6450465216 tgt=6509624759 f=0.405 u=0 breach=1 end=converged
CBAP_MIG t=24710000 epoch=4942 flow=8 side=new cur=6415488832 next=6453613882 tgt=6509624759 f=0.405 u=0 breach=1 end=converged
CBAP_MIG t=24710000 epoch=4942 flow=9 side=new cur=6421873321 next=6457412653 tgt=6509624759 f=0.405 u=0 breach=1 end=converged
CBAP_MIG t=24710000 epoch=4942 flow=12 side=new cur=6420617595 next=6456665496 tgt=6509624759 f=0.405 u=0 breach=1 end=converged
CBAP_MIG t=24710000 epoch=4942 flow=13 side=new cur=6423222327 next=6458215311 tgt=6509624759 f=0.405 u=0 breach=1 end=converged
CBAP_MIG t=24710000 epoch=4942 flow=15 side=new cur=6410196957 next=6450465216 tgt=6509624759 f=0.405 u=0 breach=1 end=converged
CBAP_MIG t=24710000 epoch=4942 flow=16 side=new cur=6423956232 next=6458651985 tgt=6509624759 f=0.405 u=0 breach=1 end=converged
CBAP_MIG t=24710000 epoch=4942 flow=17 side=new cur=6410196957 next=6450465216 tgt=6509624759 f=0.405 u=0 breach=1 end=converged
CBAP_MIG t=24710000 epoch=4942 flow=18 side=new cur=6423474259 next=6458365211 tgt=6509624759 f=0.405 u=0 breach=1 end=converged
CBAP_MIG t=24710000 epoch=4942 flow=19 side=new cur=6410196957 next=6450465216 tgt=6509624759 f=0.405 u=0 breach=1 end=converged
CBAP_MIG t=24710000 epoch=4942 flow=20 side=new cur=6411260974 next=6451098306 tgt=6509624759 f=0.405 u=0 breach=1 end=converged
CBAP_MIG t=24710000 epoch=4942 flow=21 side=new cur=6423208960 next=6458207358 tgt=6509624759 f=0.405 u=0 breach=1 end=converged
CBAP_MIG t=24710000 epoch=4942 flow=23 side=new cur=6423321920 next=6458274569 tgt=6509624759 f=0.405 u=0 breach=1 end=converged
CBAP_MIG t=24710000 epoch=4942 flow=25 side=new cur=6413119355 next=6452204043 tgt=6509624759 f=0.405 u=0 breach=1 end=converged
CBAP_MIG t=24710000 epoch=4942 flow=26 side=new cur=6414429448 next=6452983548 tgt=6509624759 f=0.405 u=0 breach=1 end=converged
CBAP_MIG t=24710000 epoch=4942 flow=27 side=new cur=6433722252 next=6464462767 tgt=6509624759 f=0.405 u=0 breach=1 end=converged
CBAP_MIG t=24710000 epoch=4942 flow=28 side=new cur=6410196957 next=6450465216 tgt=6509624759 f=0.405 u=0 breach=1 end=converged
CBAP_MIG t=24710000 epoch=4942 flow=29 side=new cur=6413332510 next=6452330870 tgt=6509624759 f=0.405 u=0 breach=1 end=converged
CBAP_MIG t=24710000 epoch=4942 flow=31 side=new cur=6415092170 next=6453377868 tgt=6509624759 f=0.405 u=0 breach=1 end=converged
CBAP_MIG t=24710000 epoch=4942 flow=33 side=new cur=6423275767 next=6458247108 tgt=6509624759 f=0.405 u=0 breach=1 end=converged
CBAP_MIG t=24710000 epoch=4942 flow=34 side=new cur=6417866141 next=6455028381 tgt=6509624759 f=0.405 u=0 breach=1 end=converged
CBAP_MIG t=24710000 epoch=4942 flow=35 side=new cur=6414204161 next=6452849503 tgt=6509624759 f=0.405 u=0 breach=1 end=converged
CBAP_MIG t=24710000 epoch=4942 flow=37 side=new cur=6423775211 next=6458544277 tgt=6509624759 f=0.405 u=0 breach=1 end=converged
CBAP_MIG t=24710000 epoch=4942 flow=38 side=new cur=6413667963 next=6452530465 tgt=6509624759 f=0.405 u=0 breach=1 end=converged
CBAP_MIG t=24710000 epoch=4942 flow=39 side=new cur=6412390860 next=6451770589 tgt=6509624759 f=0.405 u=0 breach=1 end=converged
CBAP_MIG t=24710000 epoch=4942 flow=42 side=new cur=6413035483 next=6452154139 tgt=6509624759 f=0.405 u=0 breach=1 end=converged
CBAP_MIG t=24710000 epoch=4942 flow=43 side=new cur=6410196957 next=6450465216 tgt=6509624759 f=0.405 u=0 breach=1 end=converged
CBAP_MIG t=24710000 epoch=4942 flow=44 side=new cur=6411550296 next=6451270453 tgt=6509624759 f=0.405 u=0 breach=1 end=converged
CBAP_MIG t=24710000 epoch=4942 flow=45 side=new cur=6422975421 next=6458068402 tgt=6509624759 f=0.405 u=0 breach=1 end=converged
CBAP_MIG t=24710000 epoch=4942 flow=46 side=new cur=6414202070 next=6452848259 tgt=6509624759 f=0.405 u=0 breach=1 end=converged
CBAP_MIG t=24710000 epoch=4942 flow=49 side=new cur=6410196957 next=6450465216 tgt=6509624759 f=0.405 u=0 breach=1 end=converged
CBAP_MIG t=24710000 epoch=4942 flow=50 side=new cur=6411442981 next=6451206601 tgt=6509624759 f=0.405 u=0 breach=1 end=converged
CBAP_MIG t=24710000 epoch=4942 flow=51 side=new cur=6412114485 next=6451606145 tgt=6509624759 f=0.405 u=0 breach=1 end=converged
CBAP_MIG t=24710000 epoch=4942 flow=53 side=new cur=6416833938 next=6454414220 tgt=6509624759 f=0.405 u=0 breach=1 end=converged
CBAP_MIG t=24710000 epoch=4942 flow=55 side=new cur=6410196957 next=6450465216 tgt=6509624759 f=0.405 u=0 breach=1 end=converged
CBAP_MIG t=24710000 epoch=4942 flow=57 side=new cur=6411488376 next=6451233611 tgt=6509624759 f=0.405 u=0 breach=1 end=converged
CBAP_MIG t=24710000 epoch=4942 flow=58 side=new cur=6422966024 next=6458062811 tgt=6509624759 f=0.405 u=0 breach=1 end=converged
CBAP_MIG t=24710000 epoch=4942 flow=59 side=new cur=6413086700 next=6452184613 tgt=6509624759 f=0.405 u=0 breach=1 end=converged
CBAP_MIG t=24710000 epoch=4942 flow=61 side=new cur=6410804900 next=6450826942 tgt=6509624759 f=0.405 u=0 breach=1 end=converged
CBAP_MIG t=24710000 epoch=4942 flow=62 side=new cur=6411354823 next=6451154147 tgt=6509624759 f=0.405 u=0 breach=1 end=converged
CBAP_MIG t=24710000 epoch=4942 flow=64 side=new cur=6415309008 next=6453506887 tgt=6509624759 f=0.405 u=0 breach=1 end=converged
CBAP_MIG_REPLAN t=24715000 reason=active_set_shrank flow=0 batch=0 newest_batch=1 cur=4022854204 target=4000000000 ceiling=320000000000 old_side_present=1
CBAP_MIG_REPLAN t=24715000 reason=active_set_shrank flow=1 batch=1 newest_batch=1 cur=6459421438 target=6659961909 ceiling=400000000000 old_side_present=1
CBAP_MIG_REPLAN t=24715000 reason=active_set_shrank flow=2 batch=1 newest_batch=1 cur=6457795115 target=6659961909 ceiling=400000000000 old_side_present=1
CBAP_MIG_REPLAN t=24715000 reason=active_set_shrank flow=3 batch=1 newest_batch=1 cur=6453900693 target=6659961909 ceiling=400000000000 old_side_present=1
CBAP_MIG_REPLAN t=24715000 reason=active_set_shrank flow=4 batch=1 newest_batch=1 cur=6474793948 target=6659961909 ceiling=400000000000 old_side_present=1
CBAP_MIG_REPLAN t=24715000 reason=active_set_shrank flow=5 batch=1 newest_batch=1 cur=6458688810 target=6659961909 ceiling=400000000000 old_side_present=1
CBAP_MIG_REPLAN t=24715000 reason=active_set_shrank flow=7 batch=1 newest_batch=1 cur=6450465216 target=6659961909 ceiling=400000000000 old_side_present=1
CBAP_MIG_REPLAN t=24715000 reason=active_set_shrank flow=8 batch=1 newest_batch=1 cur=6453613882 target=6659961909 ceiling=400000000000 old_side_present=1
CBAP_MIG_REPLAN t=24715000 reason=active_set_shrank flow=9 batch=1 newest_batch=1 cur=6457412653 target=6659961909 ceiling=400000000000 old_side_present=1
CBAP_MIG_REPLAN t=24715000 reason=active_set_shrank flow=10 batch=1 newest_batch=1 cur=6481949898 target=6659961909 ceiling=400000000000 old_side_present=1
CBAP_MIG_REPLAN t=24715000 reason=active_set_shrank flow=11 batch=1 newest_batch=1 cur=6477538784 target=6659961909 ceiling=400000000000 old_side_present=1
CBAP_MIG_REPLAN t=24715000 reason=active_set_shrank flow=12 batch=1 newest_batch=1 cur=6456665496 target=6659961909 ceiling=400000000000 old_side_present=1
CBAP_MIG_REPLAN t=24715000 reason=active_set_shrank flow=13 batch=1 newest_batch=1 cur=6458215311 target=6659961909 ceiling=400000000000 old_side_present=1
CBAP_MIG_REPLAN t=24715000 reason=active_set_shrank flow=14 batch=1 newest_batch=1 cur=6475861848 target=6659961909 ceiling=400000000000 old_side_present=1
CBAP_MIG_REPLAN t=24715000 reason=active_set_shrank flow=15 batch=1 newest_batch=1 cur=6450465216 target=6659961909 ceiling=400000000000 old_side_present=1
CBAP_MIG_REPLAN t=24715000 reason=active_set_shrank flow=16 batch=1 newest_batch=1 cur=6458651985 target=6659961909 ceiling=400000000000 old_side_present=1
CBAP_MIG_REPLAN t=24715000 reason=active_set_shrank flow=17 batch=1 newest_batch=1 cur=6450465216 target=6659961909 ceiling=400000000000 old_side_present=1
CBAP_MIG_REPLAN t=24715000 reason=active_set_shrank flow=18 batch=1 newest_batch=1 cur=6458365211 target=6659961909 ceiling=400000000000 old_side_present=1
CBAP_MIG_REPLAN t=24715000 reason=active_set_shrank flow=19 batch=1 newest_batch=1 cur=6450465216 target=6659961909 ceiling=400000000000 old_side_present=1
CBAP_MIG_REPLAN t=24715000 reason=active_set_shrank flow=20 batch=1 newest_batch=1 cur=6451098306 target=6659961909 ceiling=400000000000 old_side_present=1
CBAP_MIG_REPLAN t=24715000 reason=active_set_shrank flow=21 batch=1 newest_batch=1 cur=6458207358 target=6659961909 ceiling=400000000000 old_side_present=1
CBAP_MIG_REPLAN t=24715000 reason=active_set_shrank flow=22 batch=1 newest_batch=1 cur=6477306474 target=6659961909 ceiling=400000000000 old_side_present=1
CBAP_MIG_REPLAN t=24715000 reason=active_set_shrank flow=23 batch=1 newest_batch=1 cur=6458274569 target=6659961909 ceiling=400000000000 old_side_present=1
CBAP_MIG_REPLAN t=24715000 reason=active_set_shrank flow=24 batch=1 newest_batch=1 cur=6481403099 target=6659961909 ceiling=400000000000 old_side_present=1
CBAP_MIG_REPLAN t=24715000 reason=active_set_shrank flow=25 batch=1 newest_batch=1 cur=6452204043 target=6659961909 ceiling=400000000000 old_side_present=1
CBAP_MIG_REPLAN t=24715000 reason=active_set_shrank flow=26 batch=1 newest_batch=1 cur=6452983548 target=6659961909 ceiling=400000000000 old_side_present=1
CBAP_MIG_REPLAN t=24715000 reason=active_set_shrank flow=27 batch=1 newest_batch=1 cur=6464462767 target=6659961909 ceiling=400000000000 old_side_present=1
CBAP_MIG_REPLAN t=24715000 reason=active_set_shrank flow=28 batch=1 newest_batch=1 cur=6450465216 target=6659961909 ceiling=400000000000 old_side_present=1
CBAP_MIG_REPLAN t=24715000 reason=active_set_shrank flow=29 batch=1 newest_batch=1 cur=6452330870 target=6659961909 ceiling=400000000000 old_side_present=1
CBAP_MIG_REPLAN t=24715000 reason=active_set_shrank flow=31 batch=1 newest_batch=1 cur=6453377868 target=6659961909 ceiling=400000000000 old_side_present=1
CBAP_MIG_REPLAN t=24715000 reason=active_set_shrank flow=32 batch=1 newest_batch=1 cur=6476710153 target=6659961909 ceiling=400000000000 old_side_present=1
CBAP_MIG_REPLAN t=24715000 reason=active_set_shrank flow=34 batch=1 newest_batch=1 cur=6455028381 target=6659961909 ceiling=400000000000 old_side_present=1
CBAP_MIG_REPLAN t=24715000 reason=active_set_shrank flow=35 batch=1 newest_batch=1 cur=6452849503 target=6659961909 ceiling=400000000000 old_side_present=1
CBAP_MIG_REPLAN t=24715000 reason=active_set_shrank flow=36 batch=1 newest_batch=1 cur=6476731781 target=6659961909 ceiling=400000000000 old_side_present=1
CBAP_MIG_REPLAN t=24715000 reason=active_set_shrank flow=37 batch=1 newest_batch=1 cur=6458544277 target=6659961909 ceiling=400000000000 old_side_present=1
CBAP_MIG_REPLAN t=24715000 reason=active_set_shrank flow=38 batch=1 newest_batch=1 cur=6452530465 target=6659961909 ceiling=400000000000 old_side_present=1
CBAP_MIG_REPLAN t=24715000 reason=active_set_shrank flow=39 batch=1 newest_batch=1 cur=6451770589 target=6659961909 ceiling=400000000000 old_side_present=1
CBAP_MIG_REPLAN t=24715000 reason=active_set_shrank flow=40 batch=1 newest_batch=1 cur=6478174826 target=6659961909 ceiling=400000000000 old_side_present=1
CBAP_MIG_REPLAN t=24715000 reason=active_set_shrank flow=41 batch=1 newest_batch=1 cur=6485535223 target=6659961909 ceiling=400000000000 old_side_present=1
CBAP_MIG_REPLAN t=24715000 reason=active_set_shrank flow=42 batch=1 newest_batch=1 cur=6452154139 target=6659961909 ceiling=400000000000 old_side_present=1
CBAP_MIG_REPLAN t=24715000 reason=active_set_shrank flow=43 batch=1 newest_batch=1 cur=6450465216 target=6659961909 ceiling=400000000000 old_side_present=1
CBAP_MIG_REPLAN t=24715000 reason=active_set_shrank flow=44 batch=1 newest_batch=1 cur=6451270453 target=6659961909 ceiling=400000000000 old_side_present=1
CBAP_MIG_REPLAN t=24715000 reason=active_set_shrank flow=45 batch=1 newest_batch=1 cur=6458068402 target=6659961909 ceiling=400000000000 old_side_present=1
CBAP_MIG_REPLAN t=24715000 reason=active_set_shrank flow=46 batch=1 newest_batch=1 cur=6452848259 target=6659961909 ceiling=400000000000 old_side_present=1
CBAP_MIG_REPLAN t=24715000 reason=active_set_shrank flow=48 batch=1 newest_batch=1 cur=6477838335 target=6659961909 ceiling=400000000000 old_side_present=1
CBAP_MIG_REPLAN t=24715000 reason=active_set_shrank flow=49 batch=1 newest_batch=1 cur=6450465216 target=6659961909 ceiling=400000000000 old_side_present=1
CBAP_MIG_REPLAN t=24715000 reason=active_set_shrank flow=50 batch=1 newest_batch=1 cur=6451206601 target=6659961909 ceiling=400000000000 old_side_present=1
CBAP_MIG_REPLAN t=24715000 reason=active_set_shrank flow=51 batch=1 newest_batch=1 cur=6451606145 target=6659961909 ceiling=400000000000 old_side_present=1
CBAP_MIG_REPLAN t=24715000 reason=active_set_shrank flow=52 batch=1 newest_batch=1 cur=6477056355 target=6659961909 ceiling=400000000000 old_side_present=1
CBAP_MIG_REPLAN t=24715000 reason=active_set_shrank flow=53 batch=1 newest_batch=1 cur=6454414220 target=6659961909 ceiling=400000000000 old_side_present=1
CBAP_MIG_REPLAN t=24715000 reason=active_set_shrank flow=54 batch=1 newest_batch=1 cur=6482646279 target=6659961909 ceiling=400000000000 old_side_present=1
CBAP_MIG_REPLAN t=24715000 reason=active_set_shrank flow=55 batch=1 newest_batch=1 cur=6450465216 target=6659961909 ceiling=400000000000 old_side_present=1
CBAP_MIG_REPLAN t=24715000 reason=active_set_shrank flow=56 batch=1 newest_batch=1 cur=6484404281 target=6659961909 ceiling=400000000000 old_side_present=1
CBAP_MIG_REPLAN t=24715000 reason=active_set_shrank flow=57 batch=1 newest_batch=1 cur=6451233611 target=6659961909 ceiling=400000000000 old_side_present=1
CBAP_MIG_REPLAN t=24715000 reason=active_set_shrank flow=58 batch=1 newest_batch=1 cur=6458062811 target=6659961909 ceiling=400000000000 old_side_present=1
CBAP_MIG_REPLAN t=24715000 reason=active_set_shrank flow=59 batch=1 newest_batch=1 cur=6452184613 target=6659961909 ceiling=400000000000 old_side_present=1
CBAP_MIG_REPLAN t=24715000 reason=active_set_shrank flow=60 batch=1 newest_batch=1 cur=6480151079 target=6659961909 ceiling=400000000000 old_side_present=1
CBAP_MIG_REPLAN t=24715000 reason=active_set_shrank flow=61 batch=1 newest_batch=1 cur=6450826942 target=6659961909 ceiling=400000000000 old_side_present=1
CBAP_MIG_REPLAN t=24715000 reason=active_set_shrank flow=62 batch=1 newest_batch=1 cur=6451154147 target=6659961909 ceiling=400000000000 old_side_present=1
CBAP_MIG_REPLAN t=24715000 reason=active_set_shrank flow=63 batch=1 newest_batch=1 cur=6475285334 target=6659961909 ceiling=400000000000 old_side_present=1
CBAP_MIG_REPLAN t=24715000 reason=active_set_shrank flow=64 batch=1 newest_batch=1 cur=6453506887 target=6659961909 ceiling=400000000000 old_side_present=1
CBAP_MIG t=24715000 epoch=4943 flow=0 side=old cur=4022854204 next=4015997942 tgt=4000000000 f=0.3 u=0 breach=0 end=converged
CBAP_MIG t=24715000 epoch=4943 flow=1 side=new cur=6459421438 next=6540640328 tgt=6659961909 f=0.405 u=0 breach=1 end=
CBAP_MIG t=24715000 epoch=4943 flow=2 side=new cur=6457795115 next=6539672666 tgt=6659961909 f=0.405 u=0 breach=1 end=
CBAP_MIG t=24715000 epoch=4943 flow=3 side=new cur=6453900693 next=6537355485 tgt=6659961909 f=0.405 u=0 breach=1 end=
CBAP_MIG t=24715000 epoch=4943 flow=4 side=new cur=6474793948 next=6549786972 tgt=6659961909 f=0.405 u=0 breach=1 end=
CBAP_MIG t=24715000 epoch=4943 flow=5 side=new cur=6458688810 next=6540204415 tgt=6659961909 f=0.405 u=0 breach=1 end=
CBAP_MIG t=24715000 epoch=4943 flow=7 side=new cur=6450465216 next=6535311376 tgt=6659961909 f=0.405 u=0 breach=1 end=
CBAP_MIG t=24715000 epoch=4943 flow=8 side=new cur=6453613882 next=6537184832 tgt=6659961909 f=0.405 u=0 breach=1 end=
CBAP_MIG t=24715000 epoch=4943 flow=9 side=new cur=6457412653 next=6539445101 tgt=6659961909 f=0.405 u=0 breach=1 end=
CBAP_MIG t=24715000 epoch=4943 flow=10 side=new cur=6481949898 next=6554044762 tgt=6659961909 f=0.405 u=0 breach=1 end=
CBAP_MIG t=24715000 epoch=4943 flow=11 side=new cur=6477538784 next=6551420149 tgt=6659961909 f=0.405 u=0 breach=1 end=
CBAP_MIG t=24715000 epoch=4943 flow=12 side=new cur=6456665496 next=6539000543 tgt=6659961909 f=0.405 u=0 breach=1 end=
CBAP_MIG t=24715000 epoch=4943 flow=13 side=new cur=6458215311 next=6539922683 tgt=6659961909 f=0.405 u=0 breach=1 end=
CBAP_MIG t=24715000 epoch=4943 flow=14 side=new cur=6475861848 next=6550422372 tgt=6659961909 f=0.405 u=0 breach=1 end=
CBAP_MIG t=24715000 epoch=4943 flow=15 side=new cur=6450465216 next=6535311376 tgt=6659961909 f=0.405 u=0 breach=1 end=
CBAP_MIG t=24715000 epoch=4943 flow=16 side=new cur=6458651985 next=6540182504 tgt=6659961909 f=0.405 u=0 breach=1 end=
CBAP_MIG t=24715000 epoch=4943 flow=17 side=new cur=6450465216 next=6535311376 tgt=6659961909 f=0.405 u=0 breach=1 end=
CBAP_MIG t=24715000 epoch=4943 flow=18 side=new cur=6458365211 next=6540011873 tgt=6659961909 f=0.405 u=0 breach=1 end=
CBAP_MIG t=24715000 epoch=4943 flow=19 side=new cur=6450465216 next=6535311376 tgt=6659961909 f=0.405 u=0 breach=1 end=
CBAP_MIG t=24715000 epoch=4943 flow=20 side=new cur=6451098306 next=6535688065 tgt=6659961909 f=0.405 u=0 breach=1 end=
CBAP_MIG t=24715000 epoch=4943 flow=21 side=new cur=6458207358 next=6539917951 tgt=6659961909 f=0.405 u=0 breach=1 end=
CBAP_MIG t=24715000 epoch=4943 flow=22 side=new cur=6477306474 next=6551281925 tgt=6659961909 f=0.405 u=0 breach=1 end=
CBAP_MIG t=24715000 epoch=4943 flow=23 side=new cur=6458274569 next=6539957941 tgt=6659961909 f=0.405 u=0 breach=1 end=
CBAP_MIG t=24715000 epoch=4943 flow=24 side=new cur=6481403099 next=6553719417 tgt=6659961909 f=0.405 u=0 breach=1 end=
CBAP_MIG t=24715000 epoch=4943 flow=25 side=new cur=6452204043 next=6536345978 tgt=6659961909 f=0.405 u=0 breach=1 end=
CBAP_MIG t=24715000 epoch=4943 flow=26 side=new cur=6452983548 next=6536809784 tgt=6659961909 f=0.405 u=0 breach=1 end=
CBAP_MIG t=24715000 epoch=4943 flow=27 side=new cur=6464462767 next=6543639919 tgt=6659961909 f=0.405 u=0 breach=1 end=
CBAP_MIG t=24715000 epoch=4943 flow=28 side=new cur=6450465216 next=6535311376 tgt=6659961909 f=0.405 u=0 breach=1 end=
CBAP_MIG t=24715000 epoch=4943 flow=29 side=new cur=6452330870 next=6536421440 tgt=6659961909 f=0.405 u=0 breach=1 end=
CBAP_MIG t=24715000 epoch=4943 flow=31 side=new cur=6453377868 next=6537044404 tgt=6659961909 f=0.405 u=0 breach=1 end=
CBAP_MIG t=24715000 epoch=4943 flow=32 side=new cur=6476710153 next=6550927114 tgt=6659961909 f=0.405 u=0 breach=1 end=
CBAP_MIG t=24715000 epoch=4943 flow=34 side=new cur=6455028381 next=6538026459 tgt=6659961909 f=0.405 u=0 breach=1 end=
CBAP_MIG t=24715000 epoch=4943 flow=35 side=new cur=6452849503 next=6536730027 tgt=6659961909 f=0.405 u=0 breach=1 end=
CBAP_MIG t=24715000 epoch=4943 flow=36 side=new cur=6476731781 next=6550939982 tgt=6659961909 f=0.405 u=0 breach=1 end=
CBAP_MIG t=24715000 epoch=4943 flow=37 side=new cur=6458544277 next=6540118417 tgt=6659961909 f=0.405 u=0 breach=1 end=
CBAP_MIG t=24715000 epoch=4943 flow=38 side=new cur=6452530465 next=6536540199 tgt=6659961909 f=0.405 u=0 breach=1 end=
CBAP_MIG t=24715000 epoch=4943 flow=39 side=new cur=6451770589 next=6536088073 tgt=6659961909 f=0.405 u=0 breach=1 end=
CBAP_MIG t=24715000 epoch=4943 flow=40 side=new cur=6478174826 next=6551798594 tgt=6659961909 f=0.405 u=0 breach=1 end=
CBAP_MIG t=24715000 epoch=4943 flow=41 side=new cur=6485535223 next=6556178030 tgt=6659961909 f=0.405 u=0 breach=1 end=
CBAP_MIG t=24715000 epoch=4943 flow=42 side=new cur=6452154139 next=6536316285 tgt=6659961909 f=0.405 u=0 breach=1 end=
CBAP_MIG t=24715000 epoch=4943 flow=43 side=new cur=6450465216 next=6535311376 tgt=6659961909 f=0.405 u=0 breach=1 end=
CBAP_MIG t=24715000 epoch=4943 flow=44 side=new cur=6451270453 next=6535790492 tgt=6659961909 f=0.405 u=0 breach=1 end=
CBAP_MIG t=24715000 epoch=4943 flow=45 side=new cur=6458068402 next=6539835272 tgt=6659961909 f=0.405 u=0 breach=1 end=
CBAP_MIG t=24715000 epoch=4943 flow=46 side=new cur=6452848259 next=6536729287 tgt=6659961909 f=0.405 u=0 breach=1 end=
CBAP_MIG t=24715000 epoch=4943 flow=48 side=new cur=6477838335 next=6551598382 tgt=6659961909 f=0.405 u=0 breach=1 end=
CBAP_MIG t=24715000 epoch=4943 flow=49 side=new cur=6450465216 next=6535311376 tgt=6659961909 f=0.405 u=0 breach=1 end=
CBAP_MIG t=24715000 epoch=4943 flow=50 side=new cur=6451206601 next=6535752500 tgt=6659961909 f=0.405 u=0 breach=1 end=
CBAP_MIG t=24715000 epoch=4943 flow=51 side=new cur=6451606145 next=6535990229 tgt=6659961909 f=0.405 u=0 breach=1 end=
CBAP_MIG t=24715000 epoch=4943 flow=52 side=new cur=6477056355 next=6551133104 tgt=6659961909 f=0.405 u=0 breach=1 end=
CBAP_MIG t=24715000 epoch=4943 flow=53 side=new cur=6454414220 next=6537661034 tgt=6659961909 f=0.405 u=0 breach=1 end=
CBAP_MIG t=24715000 epoch=4943 flow=54 side=new cur=6482646279 next=6554459109 tgt=6659961909 f=0.405 u=0 breach=1 end=
CBAP_MIG t=24715000 epoch=4943 flow=55 side=new cur=6450465216 next=6535311376 tgt=6659961909 f=0.405 u=0 breach=1 end=
CBAP_MIG t=24715000 epoch=4943 flow=56 side=new cur=6484404281 next=6555505120 tgt=6659961909 f=0.405 u=0 breach=1 end=
CBAP_MIG t=24715000 epoch=4943 flow=57 side=new cur=6451233611 next=6535768571 tgt=6659961909 f=0.405 u=0 breach=1 end=
CBAP_MIG t=24715000 epoch=4943 flow=58 side=new cur=6458062811 next=6539831945 tgt=6659961909 f=0.405 u=0 breach=1 end=
CBAP_MIG t=24715000 epoch=4943 flow=59 side=new cur=6452184613 next=6536334417 tgt=6659961909 f=0.405 u=0 breach=1 end=
CBAP_MIG t=24715000 epoch=4943 flow=60 side=new cur=6480151079 next=6552974465 tgt=6659961909 f=0.405 u=0 breach=1 end=
CBAP_MIG t=24715000 epoch=4943 flow=61 side=new cur=6450826942 next=6535526603 tgt=6659961909 f=0.405 u=0 breach=1 end=
CBAP_MIG t=24715000 epoch=4943 flow=62 side=new cur=6451154147 next=6535721290 tgt=6659961909 f=0.405 u=0 breach=1 end=
CBAP_MIG t=24715000 epoch=4943 flow=63 side=new cur=6475285334 next=6550079346 tgt=6659961909 f=0.405 u=0 breach=1 end=
CBAP_MIG t=24715000 epoch=4943 flow=64 side=new cur=6453506887 next=6537121170 tgt=6659961909 f=0.405 u=0 breach=1 end=
CBAP_MIG t=24720000 epoch=4944 flow=1 side=new cur=6540640328 next=6588965568 tgt=6659961909 f=0.405 u=0 breach=1 end=
CBAP_MIG t=24720000 epoch=4944 flow=2 side=new cur=6539672666 next=6588389809 tgt=6659961909 f=0.405 u=0 breach=1 end=
CBAP_MIG t=24720000 epoch=4944 flow=3 side=new cur=6537355485 next=6587011086 tgt=6659961909 f=0.405 u=0 breach=1 end=
CBAP_MIG t=24720000 epoch=4944 flow=4 side=new cur=6549786972 next=6594407821 tgt=6659961909 f=0.405 u=0 breach=1 end=converged
CBAP_MIG t=24720000 epoch=4944 flow=5 side=new cur=6540204415 next=6588706200 tgt=6659961909 f=0.405 u=0 breach=1 end=
CBAP_MIG t=24720000 epoch=4944 flow=7 side=new cur=6535311376 next=6585794841 tgt=6659961909 f=0.405 u=0 breach=1 end=
CBAP_MIG t=24720000 epoch=4944 flow=8 side=new cur=6537184832 next=6586909548 tgt=6659961909 f=0.405 u=0 breach=1 end=
CBAP_MIG t=24720000 epoch=4944 flow=9 side=new cur=6539445101 next=6588254408 tgt=6659961909 f=0.405 u=0 breach=1 end=
CBAP_MIG t=24720000 epoch=4944 flow=10 side=new cur=6554044762 next=6596941206 tgt=6659961909 f=0.405 u=0 breach=1 end=converged
CBAP_MIG t=24720000 epoch=4944 flow=11 side=new cur=6551420149 next=6595379561 tgt=6659961909 f=0.405 u=0 breach=1 end=converged
CBAP_MIG t=24720000 epoch=4944 flow=12 side=new cur=6539000543 next=6587989896 tgt=6659961909 f=0.405 u=0 breach=1 end=
CBAP_MIG t=24720000 epoch=4944 flow=13 side=new cur=6539922683 next=6588538569 tgt=6659961909 f=0.405 u=0 breach=1 end=
CBAP_MIG t=24720000 epoch=4944 flow=14 side=new cur=6550422372 next=6594785884 tgt=6659961909 f=0.405 u=0 breach=1 end=converged
CBAP_MIG t=24720000 epoch=4944 flow=15 side=new cur=6535311376 next=6585794841 tgt=6659961909 f=0.405 u=0 breach=1 end=
CBAP_MIG t=24720000 epoch=4944 flow=16 side=new cur=6540182504 next=6588693163 tgt=6659961909 f=0.405 u=0 breach=1 end=
CBAP_MIG t=24720000 epoch=4944 flow=17 side=new cur=6535311376 next=6585794841 tgt=6659961909 f=0.405 u=0 breach=1 end=
CBAP_MIG t=24720000 epoch=4944 flow=18 side=new cur=6540011873 next=6588591637 tgt=6659961909 f=0.405 u=0 breach=1 end=
CBAP_MIG t=24720000 epoch=4944 flow=19 side=new cur=6535311376 next=6585794841 tgt=6659961909 f=0.405 u=0 breach=1 end=
CBAP_MIG t=24720000 epoch=4944 flow=20 side=new cur=6535688065 next=6586018971 tgt=6659961909 f=0.405 u=0 breach=1 end=
CBAP_MIG t=24720000 epoch=4944 flow=21 side=new cur=6539917951 next=6588535753 tgt=6659961909 f=0.405 u=0 breach=1 end=
CBAP_MIG t=24720000 epoch=4944 flow=22 side=new cur=6551281925 next=6595297318 tgt=6659961909 f=0.405 u=0 breach=1 end=converged
CBAP_MIG t=24720000 epoch=4944 flow=23 side=new cur=6539957941 next=6588559548 tgt=6659961909 f=0.405 u=0 breach=1 end=
CBAP_MIG t=24720000 epoch=4944 flow=24 side=new cur=6553719417 next=6596747626 tgt=6659961909 f=0.405 u=0 breach=1 end=converged
CBAP_MIG t=24720000 epoch=4944 flow=25 side=new cur=6536345978 next=6586410430 tgt=6659961909 f=0.405 u=0 breach=1 end=
CBAP_MIG t=24720000 epoch=4944 flow=26 side=new cur=6536809784 next=6586686394 tgt=6659961909 f=0.405 u=0 breach=1 end=
CBAP_MIG t=24720000 epoch=4944 flow=27 side=new cur=6543639919 next=6590750324 tgt=6659961909 f=0.405 u=0 breach=1 end=
CBAP_MIG t=24720000 epoch=4944 flow=28 side=new cur=6535311376 next=6585794841 tgt=6659961909 f=0.405 u=0 breach=1 end=
CBAP_MIG t=24720000 epoch=4944 flow=29 side=new cur=6536421440 next=6586455329 tgt=6659961909 f=0.405 u=0 breach=1 end=
CBAP_MIG t=24720000 epoch=4944 flow=31 side=new cur=6537044404 next=6586825993 tgt=6659961909 f=0.405 u=0 breach=1 end=
CBAP_MIG t=24720000 epoch=4944 flow=32 side=new cur=6550927114 next=6595086205 tgt=6659961909 f=0.405 u=0 breach=1 end=converged
CBAP_MIG t=24720000 epoch=4944 flow=34 side=new cur=6538026459 next=6587410316 tgt=6659961909 f=0.405 u=0 breach=1 end=
CBAP_MIG t=24720000 epoch=4944 flow=35 side=new cur=6536730027 next=6586638939 tgt=6659961909 f=0.405 u=0 breach=1 end=
CBAP_MIG t=24720000 epoch=4944 flow=36 side=new cur=6550939982 next=6595093862 tgt=6659961909 f=0.405 u=0 breach=1 end=converged
CBAP_MIG t=24720000 epoch=4944 flow=37 side=new cur=6540118417 next=6588655031 tgt=6659961909 f=0.405 u=0 breach=1 end=
CBAP_MIG t=24720000 epoch=4944 flow=38 side=new cur=6536540199 next=6586525991 tgt=6659961909 f=0.405 u=0 breach=1 end=
CBAP_MIG t=24720000 epoch=4944 flow=39 side=new cur=6536088073 next=6586256976 tgt=6659961909 f=0.405 u=0 breach=1 end=
CBAP_MIG t=24720000 epoch=4944 flow=40 side=new cur=6551798594 next=6595604736 tgt=6659961909 f=0.405 u=0 breach=1 end=converged
CBAP_MIG t=24720000 epoch=4944 flow=41 side=new cur=6556178030 next=6598210500 tgt=6659961909 f=0.405 u=0 breach=1 end=converged
CBAP_MIG t=24720000 epoch=4944 flow=42 side=new cur=6536316285 next=6586392762 tgt=6659961909 f=0.405 u=0 breach=1 end=
CBAP_MIG t=24720000 epoch=4944 flow=43 side=new cur=6535311376 next=6585794841 tgt=6659961909 f=0.405 u=0 breach=1 end=
CBAP_MIG t=24720000 epoch=4944 flow=44 side=new cur=6535790492 next=6586079915 tgt=6659961909 f=0.405 u=0 breach=1 end=
CBAP_MIG t=24720000 epoch=4944 flow=45 side=new cur=6539835272 next=6588486559 tgt=6659961909 f=0.405 u=0 breach=1 end=
CBAP_MIG t=24720000 epoch=4944 flow=46 side=new cur=6536729287 next=6586638498 tgt=6659961909 f=0.405 u=0 breach=1 end=
CBAP_MIG t=24720000 epoch=4944 flow=48 side=new cur=6551598382 next=6595485610 tgt=6659961909 f=0.405 u=0 breach=1 end=converged
CBAP_MIG t=24720000 epoch=4944 flow=49 side=new cur=6535311376 next=6585794841 tgt=6659961909 f=0.405 u=0 breach=1 end=
CBAP_MIG t=24720000 epoch=4944 flow=50 side=new cur=6535752500 next=6586057310 tgt=6659961909 f=0.405 u=0 breach=1 end=
CBAP_MIG t=24720000 epoch=4944 flow=51 side=new cur=6535990229 next=6586198759 tgt=6659961909 f=0.405 u=0 breach=1 end=
CBAP_MIG t=24720000 epoch=4944 flow=52 side=new cur=6551133104 next=6595208770 tgt=6659961909 f=0.405 u=0 breach=1 end=converged
CBAP_MIG t=24720000 epoch=4944 flow=53 side=new cur=6537661034 next=6587192888 tgt=6659961909 f=0.405 u=0 breach=1 end=
CBAP_MIG t=24720000 epoch=4944 flow=54 side=new cur=6554459109 next=6597187742 tgt=6659961909 f=0.405 u=0 breach=1 end=converged
CBAP_MIG t=24720000 epoch=4944 flow=55 side=new cur=6535311376 next=6585794841 tgt=6659961909 f=0.405 u=0 breach=1 end=
CBAP_MIG t=24720000 epoch=4944 flow=56 side=new cur=6555505120 next=6597810119 tgt=6659961909 f=0.405 u=0 breach=1 end=converged
CBAP_MIG t=24720000 epoch=4944 flow=57 side=new cur=6535768571 next=6586066872 tgt=6659961909 f=0.405 u=0 breach=1 end=
CBAP_MIG t=24720000 epoch=4944 flow=58 side=new cur=6539831945 next=6588484580 tgt=6659961909 f=0.405 u=0 breach=1 end=
CBAP_MIG t=24720000 epoch=4944 flow=59 side=new cur=6536334417 next=6586403551 tgt=6659961909 f=0.405 u=0 breach=1 end=
CBAP_MIG t=24720000 epoch=4944 flow=60 side=new cur=6552974465 next=6596304379 tgt=6659961909 f=0.405 u=0 breach=1 end=converged
CBAP_MIG t=24720000 epoch=4944 flow=61 side=new cur=6535526603 next=6585922901 tgt=6659961909 f=0.405 u=0 breach=1 end=
CBAP_MIG t=24720000 epoch=4944 flow=62 side=new cur=6535721290 next=6586038740 tgt=6659961909 f=0.405 u=0 breach=1 end=
CBAP_MIG t=24720000 epoch=4944 flow=63 side=new cur=6550079346 next=6594581784 tgt=6659961909 f=0.405 u=0 breach=1 end=converged
CBAP_MIG t=24720000 epoch=4944 flow=64 side=new cur=6537121170 next=6586871669 tgt=6659961909 f=0.405 u=0 breach=1 end=
CBAP_MIG t=24725000 epoch=4945 flow=1 side=new cur=6588965568 next=6617719086 tgt=6659961909 f=0.405 u=0 breach=1 end=converged
CBAP_MIG t=24725000 epoch=4945 flow=2 side=new cur=6588389809 next=6617376509 tgt=6659961909 f=0.405 u=0 breach=1 end=converged
CBAP_MIG t=24725000 epoch=4945 flow=3 side=new cur=6587011086 next=6616556169 tgt=6659961909 f=0.405 u=0 breach=1 end=converged
CBAP_MIG t=24725000 epoch=4945 flow=5 side=new cur=6588706200 next=6617564762 tgt=6659961909 f=0.405 u=0 breach=1 end=converged
CBAP_MIG t=24725000 epoch=4945 flow=7 side=new cur=6585794841 next=6615832503 tgt=6659961909 f=0.405 u=0 breach=1 end=converged
CBAP_MIG t=24725000 epoch=4945 flow=8 side=new cur=6586909548 next=6616495754 tgt=6659961909 f=0.405 u=0 breach=1 end=converged
CBAP_MIG t=24725000 epoch=4945 flow=9 side=new cur=6588254408 next=6617295945 tgt=6659961909 f=0.405 u=0 breach=1 end=converged
CBAP_MIG t=24725000 epoch=4945 flow=12 side=new cur=6587989896 next=6617138561 tgt=6659961909 f=0.405 u=0 breach=1 end=converged
CBAP_MIG t=24725000 epoch=4945 flow=13 side=new cur=6588538569 next=6617465021 tgt=6659961909 f=0.405 u=0 breach=1 end=converged
CBAP_MIG t=24725000 epoch=4945 flow=15 side=new cur=6585794841 next=6615832503 tgt=6659961909 f=0.405 u=0 breach=1 end=converged
CBAP_MIG t=24725000 epoch=4945 flow=16 side=new cur=6588693163 next=6617557005 tgt=6659961909 f=0.405 u=0 breach=1 end=converged
CBAP_MIG t=24725000 epoch=4945 flow=17 side=new cur=6585794841 next=6615832503 tgt=6659961909 f=0.405 u=0 breach=1 end=converged
CBAP_MIG t=24725000 epoch=4945 flow=18 side=new cur=6588591637 next=6617496597 tgt=6659961909 f=0.405 u=0 breach=1 end=converged
CBAP_MIG t=24725000 epoch=4945 flow=19 side=new cur=6585794841 next=6615832503 tgt=6659961909 f=0.405 u=0 breach=1 end=converged
CBAP_MIG t=24725000 epoch=4945 flow=20 side=new cur=6586018971 next=6615965860 tgt=6659961909 f=0.405 u=0 breach=1 end=converged
CBAP_MIG t=24725000 epoch=4945 flow=21 side=new cur=6588535753 next=6617463346 tgt=6659961909 f=0.405 u=0 breach=1 end=converged
CBAP_MIG t=24725000 epoch=4945 flow=23 side=new cur=6588559548 next=6617477504 tgt=6659961909 f=0.405 u=0 breach=1 end=converged
CBAP_MIG t=24725000 epoch=4945 flow=25 side=new cur=6586410430 next=6616198778 tgt=6659961909 f=0.405 u=0 breach=1 end=converged
CBAP_MIG t=24725000 epoch=4945 flow=26 side=new cur=6586686394 next=6616362977 tgt=6659961909 f=0.405 u=0 breach=1 end=converged
CBAP_MIG t=24725000 epoch=4945 flow=27 side=new cur=6590750324 next=6618781015 tgt=6659961909 f=0.405 u=0 breach=1 end=converged
CBAP_MIG t=24725000 epoch=4945 flow=28 side=new cur=6585794841 next=6615832503 tgt=6659961909 f=0.405 u=0 breach=1 end=converged
CBAP_MIG t=24725000 epoch=4945 flow=29 side=new cur=6586455329 next=6616225493 tgt=6659961909 f=0.405 u=0 breach=1 end=converged
CBAP_MIG t=24725000 epoch=4945 flow=31 side=new cur=6586825993 next=6616446038 tgt=6659961909 f=0.405 u=0 breach=1 end=converged
CBAP_MIG t=24725000 epoch=4945 flow=34 side=new cur=6587410316 next=6616793711 tgt=6659961909 f=0.405 u=0 breach=1 end=converged
CBAP_MIG t=24725000 epoch=4945 flow=35 side=new cur=6586638939 next=6616334741 tgt=6659961909 f=0.405 u=0 breach=1 end=converged
CBAP_MIG t=24725000 epoch=4945 flow=37 side=new cur=6588655031 next=6617534316 tgt=6659961909 f=0.405 u=0 breach=1 end=converged
CBAP_MIG t=24725000 epoch=4945 flow=38 side=new cur=6586525991 next=6616267537 tgt=6659961909 f=0.405 u=0 breach=1 end=converged
CBAP_MIG t=24725000 epoch=4945 flow=39 side=new cur=6586256976 next=6616107473 tgt=6659961909 f=0.405 u=0 breach=1 end=converged
CBAP_MIG t=24725000 epoch=4945 flow=42 side=new cur=6586392762 next=6616188266 tgt=6659961909 f=0.405 u=0 breach=1 end=converged
CBAP_MIG t=24725000 epoch=4945 flow=43 side=new cur=6585794841 next=6615832503 tgt=6659961909 f=0.405 u=0 breach=1 end=converged
CBAP_MIG t=24725000 epoch=4945 flow=44 side=new cur=6586079915 next=6616002122 tgt=6659961909 f=0.405 u=0 breach=1 end=converged
CBAP_MIG t=24725000 epoch=4945 flow=45 side=new cur=6588486559 next=6617434075 tgt=6659961909 f=0.405 u=0 breach=1 end=converged
CBAP_MIG t=24725000 epoch=4945 flow=46 side=new cur=6586638498 next=6616334479 tgt=6659961909 f=0.405 u=0 breach=1 end=converged
CBAP_MIG t=24725000 epoch=4945 flow=49 side=new cur=6585794841 next=6615832503 tgt=6659961909 f=0.405 u=0 breach=1 end=converged
CBAP_MIG t=24725000 epoch=4945 flow=50 side=new cur=6586057310 next=6615988672 tgt=6659961909 f=0.405 u=0 breach=1 end=converged
CBAP_MIG t=24725000 epoch=4945 flow=51 side=new cur=6586198759 next=6616072834 tgt=6659961909 f=0.405 u=0 breach=1 end=converged
CBAP_MIG t=24725000 epoch=4945 flow=53 side=new cur=6587192888 next=6616664341 tgt=6659961909 f=0.405 u=0 breach=1 end=converged
CBAP_MIG t=24725000 epoch=4945 flow=55 side=new cur=6585794841 next=6615832503 tgt=6659961909 f=0.405 u=0 breach=1 end=converged
CBAP_MIG t=24725000 epoch=4945 flow=57 side=new cur=6586066872 next=6615994361 tgt=6659961909 f=0.405 u=0 breach=1 end=converged
CBAP_MIG t=24725000 epoch=4945 flow=58 side=new cur=6588484580 next=6617432898 tgt=6659961909 f=0.405 u=0 breach=1 end=converged
CBAP_MIG t=24725000 epoch=4945 flow=59 side=new cur=6586403551 next=6616194685 tgt=6659961909 f=0.405 u=0 breach=1 end=converged
CBAP_MIG t=24725000 epoch=4945 flow=61 side=new cur=6585922901 next=6615908699 tgt=6659961909 f=0.405 u=0 breach=1 end=converged
CBAP_MIG t=24725000 epoch=4945 flow=62 side=new cur=6586038740 next=6615977623 tgt=6659961909 f=0.405 u=0 breach=1 end=converged
CBAP_MIG t=24725000 epoch=4945 flow=64 side=new cur=6586871669 next=6616473216 tgt=6659961909 f=0.405 u=0 breach=1 end=converged
CBAP_MIG_REPLAN t=24835000 reason=active_set_shrank flow=0 batch=0 newest_batch=1 cur=4015997942 target=4000000000 ceiling=320000000000 old_side_present=1
CBAP_MIG_REPLAN t=24835000 reason=active_set_shrank flow=1 batch=1 newest_batch=1 cur=6617719086 target=6840650850 ceiling=400000000000 old_side_present=1
CBAP_MIG_REPLAN t=24835000 reason=active_set_shrank flow=2 batch=1 newest_batch=1 cur=6617376509 target=6840650850 ceiling=400000000000 old_side_present=1
CBAP_MIG_REPLAN t=24835000 reason=active_set_shrank flow=3 batch=1 newest_batch=1 cur=6616556169 target=6840650850 ceiling=400000000000 old_side_present=1
CBAP_MIG_REPLAN t=24835000 reason=active_set_shrank flow=4 batch=1 newest_batch=1 cur=6594407821 target=6840650850 ceiling=400000000000 old_side_present=1
CBAP_MIG_REPLAN t=24835000 reason=active_set_shrank flow=5 batch=1 newest_batch=1 cur=6617564762 target=6840650850 ceiling=400000000000 old_side_present=1
CBAP_MIG_REPLAN t=24835000 reason=active_set_shrank flow=7 batch=1 newest_batch=1 cur=6615832503 target=6840650850 ceiling=400000000000 old_side_present=1
CBAP_MIG_REPLAN t=24835000 reason=active_set_shrank flow=8 batch=1 newest_batch=1 cur=6616495754 target=6840650850 ceiling=400000000000 old_side_present=1
CBAP_MIG_REPLAN t=24835000 reason=active_set_shrank flow=9 batch=1 newest_batch=1 cur=6617295945 target=6840650850 ceiling=400000000000 old_side_present=1
CBAP_MIG_REPLAN t=24835000 reason=active_set_shrank flow=10 batch=1 newest_batch=1 cur=6596941206 target=6840650850 ceiling=400000000000 old_side_present=1
CBAP_MIG_REPLAN t=24835000 reason=active_set_shrank flow=11 batch=1 newest_batch=1 cur=6595379561 target=6840650850 ceiling=400000000000 old_side_present=1
CBAP_MIG_REPLAN t=24835000 reason=active_set_shrank flow=12 batch=1 newest_batch=1 cur=6617138561 target=6840650850 ceiling=400000000000 old_side_present=1
CBAP_MIG_REPLAN t=24835000 reason=active_set_shrank flow=13 batch=1 newest_batch=1 cur=6617465021 target=6840650850 ceiling=400000000000 old_side_present=1
CBAP_MIG_REPLAN t=24835000 reason=active_set_shrank flow=14 batch=1 newest_batch=1 cur=6594785884 target=6840650850 ceiling=400000000000 old_side_present=1
CBAP_MIG_REPLAN t=24835000 reason=active_set_shrank flow=15 batch=1 newest_batch=1 cur=6615832503 target=6840650850 ceiling=400000000000 old_side_present=1
CBAP_MIG_REPLAN t=24835000 reason=active_set_shrank flow=16 batch=1 newest_batch=1 cur=6617557005 target=6840650850 ceiling=400000000000 old_side_present=1
CBAP_MIG_REPLAN t=24835000 reason=active_set_shrank flow=17 batch=1 newest_batch=1 cur=6615832503 target=6840650850 ceiling=400000000000 old_side_present=1
CBAP_MIG_REPLAN t=24835000 reason=active_set_shrank flow=18 batch=1 newest_batch=1 cur=6617496597 target=6840650850 ceiling=400000000000 old_side_present=1
CBAP_MIG_REPLAN t=24835000 reason=active_set_shrank flow=19 batch=1 newest_batch=1 cur=6615832503 target=6840650850 ceiling=400000000000 old_side_present=1
CBAP_MIG_REPLAN t=24835000 reason=active_set_shrank flow=20 batch=1 newest_batch=1 cur=6615965860 target=6840650850 ceiling=400000000000 old_side_present=1
CBAP_MIG_REPLAN t=24835000 reason=active_set_shrank flow=21 batch=1 newest_batch=1 cur=6617463346 target=6840650850 ceiling=400000000000 old_side_present=1
CBAP_MIG_REPLAN t=24835000 reason=active_set_shrank flow=22 batch=1 newest_batch=1 cur=6595297318 target=6840650850 ceiling=400000000000 old_side_present=1
CBAP_MIG_REPLAN t=24835000 reason=active_set_shrank flow=23 batch=1 newest_batch=1 cur=6617477504 target=6840650850 ceiling=400000000000 old_side_present=1
CBAP_MIG_REPLAN t=24835000 reason=active_set_shrank flow=25 batch=1 newest_batch=1 cur=6616198778 target=6840650850 ceiling=400000000000 old_side_present=1
CBAP_MIG_REPLAN t=24835000 reason=active_set_shrank flow=26 batch=1 newest_batch=1 cur=6616362977 target=6840650850 ceiling=400000000000 old_side_present=1
CBAP_MIG_REPLAN t=24835000 reason=active_set_shrank flow=27 batch=1 newest_batch=1 cur=6618781015 target=6840650850 ceiling=400000000000 old_side_present=1
CBAP_MIG_REPLAN t=24835000 reason=active_set_shrank flow=28 batch=1 newest_batch=1 cur=6615832503 target=6840650850 ceiling=400000000000 old_side_present=1
CBAP_MIG_REPLAN t=24835000 reason=active_set_shrank flow=29 batch=1 newest_batch=1 cur=6616225493 target=6840650850 ceiling=400000000000 old_side_present=1
CBAP_MIG_REPLAN t=24835000 reason=active_set_shrank flow=31 batch=1 newest_batch=1 cur=6616446038 target=6840650850 ceiling=400000000000 old_side_present=1
CBAP_MIG_REPLAN t=24835000 reason=active_set_shrank flow=32 batch=1 newest_batch=1 cur=6595086205 target=6840650850 ceiling=400000000000 old_side_present=1
CBAP_MIG_REPLAN t=24835000 reason=active_set_shrank flow=34 batch=1 newest_batch=1 cur=6616793711 target=6840650850 ceiling=400000000000 old_side_present=1
CBAP_MIG_REPLAN t=24835000 reason=active_set_shrank flow=35 batch=1 newest_batch=1 cur=6616334741 target=6840650850 ceiling=400000000000 old_side_present=1
CBAP_MIG_REPLAN t=24835000 reason=active_set_shrank flow=36 batch=1 newest_batch=1 cur=6595093862 target=6840650850 ceiling=400000000000 old_side_present=1
CBAP_MIG_REPLAN t=24835000 reason=active_set_shrank flow=37 batch=1 newest_batch=1 cur=6617534316 target=6840650850 ceiling=400000000000 old_side_present=1
CBAP_MIG_REPLAN t=24835000 reason=active_set_shrank flow=38 batch=1 newest_batch=1 cur=6616267537 target=6840650850 ceiling=400000000000 old_side_present=1
CBAP_MIG_REPLAN t=24835000 reason=active_set_shrank flow=39 batch=1 newest_batch=1 cur=6616107473 target=6840650850 ceiling=400000000000 old_side_present=1
CBAP_MIG_REPLAN t=24835000 reason=active_set_shrank flow=40 batch=1 newest_batch=1 cur=6595604736 target=6840650850 ceiling=400000000000 old_side_present=1
CBAP_MIG_REPLAN t=24835000 reason=active_set_shrank flow=41 batch=1 newest_batch=1 cur=6598210500 target=6840650850 ceiling=400000000000 old_side_present=1
CBAP_MIG_REPLAN t=24835000 reason=active_set_shrank flow=42 batch=1 newest_batch=1 cur=6616188266 target=6840650850 ceiling=400000000000 old_side_present=1
CBAP_MIG_REPLAN t=24835000 reason=active_set_shrank flow=43 batch=1 newest_batch=1 cur=6615832503 target=6840650850 ceiling=400000000000 old_side_present=1
CBAP_MIG_REPLAN t=24835000 reason=active_set_shrank flow=44 batch=1 newest_batch=1 cur=6616002122 target=6840650850 ceiling=400000000000 old_side_present=1
CBAP_MIG_REPLAN t=24835000 reason=active_set_shrank flow=45 batch=1 newest_batch=1 cur=6617434075 target=6840650850 ceiling=400000000000 old_side_present=1
CBAP_MIG_REPLAN t=24835000 reason=active_set_shrank flow=46 batch=1 newest_batch=1 cur=6616334479 target=6840650850 ceiling=400000000000 old_side_present=1
CBAP_MIG_REPLAN t=24835000 reason=active_set_shrank flow=48 batch=1 newest_batch=1 cur=6595485610 target=6840650850 ceiling=400000000000 old_side_present=1
CBAP_MIG_REPLAN t=24835000 reason=active_set_shrank flow=49 batch=1 newest_batch=1 cur=6615832503 target=6840650850 ceiling=400000000000 old_side_present=1
CBAP_MIG_REPLAN t=24835000 reason=active_set_shrank flow=50 batch=1 newest_batch=1 cur=6615988672 target=6840650850 ceiling=400000000000 old_side_present=1
CBAP_MIG_REPLAN t=24835000 reason=active_set_shrank flow=51 batch=1 newest_batch=1 cur=6616072834 target=6840650850 ceiling=400000000000 old_side_present=1
CBAP_MIG_REPLAN t=24835000 reason=active_set_shrank flow=52 batch=1 newest_batch=1 cur=6595208770 target=6840650850 ceiling=400000000000 old_side_present=1
CBAP_MIG_REPLAN t=24835000 reason=active_set_shrank flow=53 batch=1 newest_batch=1 cur=6616664341 target=6840650850 ceiling=400000000000 old_side_present=1
CBAP_MIG_REPLAN t=24835000 reason=active_set_shrank flow=54 batch=1 newest_batch=1 cur=6597187742 target=6840650850 ceiling=400000000000 old_side_present=1
CBAP_MIG_REPLAN t=24835000 reason=active_set_shrank flow=55 batch=1 newest_batch=1 cur=6615832503 target=6840650850 ceiling=400000000000 old_side_present=1
CBAP_MIG_REPLAN t=24835000 reason=active_set_shrank flow=56 batch=1 newest_batch=1 cur=6597810119 target=6840650850 ceiling=400000000000 old_side_present=1
CBAP_MIG_REPLAN t=24835000 reason=active_set_shrank flow=57 batch=1 newest_batch=1 cur=6615994361 target=6840650850 ceiling=400000000000 old_side_present=1
CBAP_MIG_REPLAN t=24835000 reason=active_set_shrank flow=58 batch=1 newest_batch=1 cur=6617432898 target=6840650850 ceiling=400000000000 old_side_present=1
CBAP_MIG_REPLAN t=24835000 reason=active_set_shrank flow=59 batch=1 newest_batch=1 cur=6616194685 target=6840650850 ceiling=400000000000 old_side_present=1
CBAP_MIG_REPLAN t=24835000 reason=active_set_shrank flow=60 batch=1 newest_batch=1 cur=6596304379 target=6840650850 ceiling=400000000000 old_side_present=1
CBAP_MIG_REPLAN t=24835000 reason=active_set_shrank flow=61 batch=1 newest_batch=1 cur=6615908699 target=6840650850 ceiling=400000000000 old_side_present=1
CBAP_MIG_REPLAN t=24835000 reason=active_set_shrank flow=62 batch=1 newest_batch=1 cur=6615977623 target=6840650850 ceiling=400000000000 old_side_present=1
CBAP_MIG_REPLAN t=24835000 reason=active_set_shrank flow=63 batch=1 newest_batch=1 cur=6594581784 target=6840650850 ceiling=400000000000 old_side_present=1
CBAP_MIG_REPLAN t=24835000 reason=active_set_shrank flow=64 batch=1 newest_batch=1 cur=6616473216 target=6840650850 ceiling=400000000000 old_side_present=1
CBAP_MIG t=24835000 epoch=4967 flow=0 side=old cur=4015997942 next=4011198559 tgt=4000000000 f=0.3 u=0 breach=0 end=converged
CBAP_MIG t=24835000 epoch=4967 flow=1 side=new cur=6617719086 next=6708006450 tgt=6840650850 f=0.405 u=0 breach=1 end=
CBAP_MIG t=24835000 epoch=4967 flow=2 side=new cur=6617376509 next=6707802617 tgt=6840650850 f=0.405 u=0 breach=1 end=
CBAP_MIG t=24835000 epoch=4967 flow=3 side=new cur=6616556169 next=6707314514 tgt=6840650850 f=0.405 u=0 breach=1 end=
CBAP_MIG t=24835000 epoch=4967 flow=4 side=new cur=6594407821 next=6694136247 tgt=6840650850 f=0.405 u=0 breach=1 end=
CBAP_MIG t=24835000 epoch=4967 flow=5 side=new cur=6617564762 next=6707914627 tgt=6840650850 f=0.405 u=0 breach=1 end=
CBAP_MIG t=24835000 epoch=4967 flow=7 side=new cur=6615832503 next=6706883933 tgt=6840650850 f=0.405 u=0 breach=1 end=
CBAP_MIG t=24835000 epoch=4967 flow=8 side=new cur=6616495754 next=6707278567 tgt=6840650850 f=0.405 u=0 breach=1 end=
CBAP_MIG t=24835000 epoch=4967 flow=9 side=new cur=6617295945 next=6707754681 tgt=6840650850 f=0.405 u=0 breach=1 end=
CBAP_MIG t=24835000 epoch=4967 flow=10 side=new cur=6596941206 next=6695643611 tgt=6840650850 f=0.405 u=0 breach=1 end=
CBAP_MIG t=24835000 epoch=4967 flow=11 side=new cur=6595379561 next=6694714433 tgt=6840650850 f=0.405 u=0 breach=1 end=
CBAP_MIG t=24835000 epoch=4967 flow=12 side=new cur=6617138561 next=6707661038 tgt=6840650850 f=0.405 u=0 breach=1 end=
CBAP_MIG t=24835000 epoch=4967 flow=13 side=new cur=6617465021 next=6707855281 tgt=6840650850 f=0.405 u=0 breach=1 end=
CBAP_MIG t=24835000 epoch=4967 flow=14 side=new cur=6594785884 next=6694361195 tgt=6840650850 f=0.405 u=0 breach=1 end=
CBAP_MIG t=24835000 epoch=4967 flow=15 side=new cur=6615832503 next=6706883933 tgt=6840650850 f=0.405 u=0 breach=1 end=
CBAP_MIG t=24835000 epoch=4967 flow=16 side=new cur=6617557005 next=6707910012 tgt=6840650850 f=0.405 u=0 breach=1 end=
CBAP_MIG t=24835000 epoch=4967 flow=17 side=new cur=6615832503 next=6706883933 tgt=6840650850 f=0.405 u=0 breach=1 end=
CBAP_MIG t=24835000 epoch=4967 flow=18 side=new cur=6617496597 next=6707874069 tgt=6840650850 f=0.405 u=0 breach=1 end=
CBAP_MIG t=24835000 epoch=4967 flow=19 side=new cur=6615832503 next=6706883933 tgt=6840650850 f=0.405 u=0 breach=1 end=
CBAP_MIG t=24835000 epoch=4967 flow=20 side=new cur=6615965860 next=6706963280 tgt=6840650850 f=0.405 u=0 breach=1 end=
CBAP_MIG t=24835000 epoch=4967 flow=21 side=new cur=6617463346 next=6707854285 tgt=6840650850 f=0.405 u=0 breach=1 end=
CBAP_MIG t=24835000 epoch=4967 flow=22 side=new cur=6595297318 next=6694665498 tgt=6840650850 f=0.405 u=0 breach=1 end=
CBAP_MIG t=24835000 epoch=4967 flow=23 side=new cur=6617477504 next=6707862709 tgt=6840650850 f=0.405 u=0 breach=1 end=
CBAP_MIG t=24835000 epoch=4967 flow=25 side=new cur=6616198778 next=6707101867 tgt=6840650850 f=0.405 u=0 breach=1 end=
CBAP_MIG t=24835000 epoch=4967 flow=26 side=new cur=6616362977 next=6707199565 tgt=6840650850 f=0.405 u=0 breach=1 end=
CBAP_MIG t=24835000 epoch=4967 flow=27 side=new cur=6618781015 next=6708638298 tgt=6840650850 f=0.405 u=0 breach=1 end=
CBAP_MIG t=24835000 epoch=4967 flow=28 side=new cur=6615832503 next=6706883933 tgt=6840650850 f=0.405 u=0 breach=1 end=
CBAP_MIG t=24835000 epoch=4967 flow=29 side=new cur=6616225493 next=6707117762 tgt=6840650850 f=0.405 u=0 breach=1 end=
CBAP_MIG t=24835000 epoch=4967 flow=31 side=new cur=6616446038 next=6707248986 tgt=6840650850 f=0.405 u=0 breach=1 end=
CBAP_MIG t=24835000 epoch=4967 flow=32 side=new cur=6595086205 next=6694539886 tgt=6840650850 f=0.405 u=0 breach=1 end=
CBAP_MIG t=24835000 epoch=4967 flow=34 side=new cur=6616793711 next=6707455852 tgt=6840650850 f=0.405 u=0 breach=1 end=
CBAP_MIG t=24835000 epoch=4967 flow=35 side=new cur=6616334741 next=6707182765 tgt=6840650850 f=0.405 u=0 breach=1 end=
CBAP_MIG t=24835000 epoch=4967 flow=36 side=new cur=6595093862 next=6694544442 tgt=6840650850 f=0.405 u=0 breach=1 end=
CBAP_MIG t=24835000 epoch=4967 flow=37 side=new cur=6617534316 next=6707896512 tgt=6840650850 f=0.405 u=0 breach=1 end=
CBAP_MIG t=24835000 epoch=4967 flow=38 side=new cur=6616267537 next=6707142778 tgt=6840650850 f=0.405 u=0 breach=1 end=
CBAP_MIG t=24835000 epoch=4967 flow=39 side=new cur=6616107473 next=6707047540 tgt=6840650850 f=0.405 u=0 breach=1 end=
CBAP_MIG t=24835000 epoch=4967 flow=40 side=new cur=6595604736 next=6694848412 tgt=6840650850 f=0.405 u=0 breach=1 end=
CBAP_MIG t=24835000 epoch=4967 flow=41 side=new cur=6598210500 next=6696398841 tgt=6840650850 f=0.405 u=0 breach=1 end=
CBAP_MIG t=24835000 epoch=4967 flow=42 side=new cur=6616188266 next=6707095612 tgt=6840650850 f=0.405 u=0 breach=1 end=
CBAP_MIG t=24835000 epoch=4967 flow=43 side=new cur=6615832503 next=6706883933 tgt=6840650850 f=0.405 u=0 breach=1 end=
CBAP_MIG t=24835000 epoch=4967 flow=44 side=new cur=6616002122 next=6706984856 tgt=6840650850 f=0.405 u=0 breach=1 end=
CBAP_MIG t=24835000 epoch=4967 flow=45 side=new cur=6617434075 next=6707836868 tgt=6840650850 f=0.405 u=0 breach=1 end=
CBAP_MIG t=24835000 epoch=4967 flow=46 side=new cur=6616334479 next=6707182609 tgt=6840650850 f=0.405 u=0 breach=1 end=
CBAP_MIG t=24835000 epoch=4967 flow=48 side=new cur=6595485610 next=6694777532 tgt=6840650850 f=0.405 u=0 breach=1 end=
CBAP_MIG t=24835000 epoch=4967 flow=49 side=new cur=6615832503 next=6706883933 tgt=6840650850 f=0.405 u=0 breach=1 end=
CBAP_MIG t=24835000 epoch=4967 flow=50 side=new cur=6615988672 next=6706976854 tgt=6840650850 f=0.405 u=0 breach=1 end=
CBAP_MIG t=24835000 epoch=4967 flow=51 side=new cur=6616072834 next=6707026930 tgt=6840650850 f=0.405 u=0 breach=1 end=
CBAP_MIG t=24835000 epoch=4967 flow=52 side=new cur=6595208770 next=6694612812 tgt=6840650850 f=0.405 u=0 breach=1 end=
CBAP_MIG t=24835000 epoch=4967 flow=53 side=new cur=6616664341 next=6707378877 tgt=6840650850 f=0.405 u=0 breach=1 end=
CBAP_MIG t=24835000 epoch=4967 flow=54 side=new cur=6597187742 next=6695790300 tgt=6840650850 f=0.405 u=0 breach=1 end=
CBAP_MIG t=24835000 epoch=4967 flow=55 side=new cur=6615832503 next=6706883933 tgt=6840650850 f=0.405 u=0 breach=1 end=
CBAP_MIG t=24835000 epoch=4967 flow=56 side=new cur=6597810119 next=6696160615 tgt=6840650850 f=0.405 u=0 breach=1 end=
CBAP_MIG t=24835000 epoch=4967 flow=57 side=new cur=6615994361 next=6706980239 tgt=6840650850 f=0.405 u=0 breach=1 end=
CBAP_MIG t=24835000 epoch=4967 flow=58 side=new cur=6617432898 next=6707836168 tgt=6840650850 f=0.405 u=0 breach=1 end=
CBAP_MIG t=24835000 epoch=4967 flow=59 side=new cur=6616194685 next=6707099431 tgt=6840650850 f=0.405 u=0 breach=1 end=
CBAP_MIG t=24835000 epoch=4967 flow=60 side=new cur=6596304379 next=6695264699 tgt=6840650850 f=0.405 u=0 breach=1 end=
CBAP_MIG t=24835000 epoch=4967 flow=61 side=new cur=6615908699 next=6706929270 tgt=6840650850 f=0.405 u=0 breach=1 end=
CBAP_MIG t=24835000 epoch=4967 flow=62 side=new cur=6615977623 next=6706970279 tgt=6840650850 f=0.405 u=0 breach=1 end=
CBAP_MIG t=24835000 epoch=4967 flow=63 side=new cur=6594581784 next=6694239755 tgt=6840650850 f=0.405 u=0 breach=1 end=
CBAP_MIG t=24835000 epoch=4967 flow=64 side=new cur=6616473216 next=6707265157 tgt=6840650850 f=0.405 u=0 breach=1 end=
CBAP_MIG t=24840000 epoch=4968 flow=1 side=new cur=6708006450 next=6761727431 tgt=6840650850 f=0.405 u=0 breach=1 end=
CBAP_MIG t=24840000 epoch=4968 flow=2 side=new cur=6707802617 next=6761606151 tgt=6840650850 f=0.405 u=0 breach=1 end=
CBAP_MIG t=24840000 epoch=4968 flow=3 side=new cur=6707314514 next=6761315730 tgt=6840650850 f=0.405 u=0 breach=1 end=
CBAP_MIG t=24840000 epoch=4968 flow=4 side=new cur=6694136247 next=6753474661 tgt=6840650850 f=0.405 u=0 breach=1 end=
CBAP_MIG t=24840000 epoch=4968 flow=5 side=new cur=6707914627 next=6761672797 tgt=6840650850 f=0.405 u=0 breach=1 end=
CBAP_MIG t=24840000 epoch=4968 flow=7 side=new cur=6706883933 next=6761059534 tgt=6840650850 f=0.405 u=0 breach=1 end=
CBAP_MIG t=24840000 epoch=4968 flow=8 side=new cur=6707278567 next=6761294341 tgt=6840650850 f=0.405 u=0 breach=1 end=
CBAP_MIG t=24840000 epoch=4968 flow=9 side=new cur=6707754681 next=6761577629 tgt=6840650850 f=0.405 u=0 breach=1 end=
CBAP_MIG t=24840000 epoch=4968 flow=10 side=new cur=6695643611 next=6754371542 tgt=6840650850 f=0.405 u=0 breach=1 end=
CBAP_MIG t=24840000 epoch=4968 flow=11 side=new cur=6694714433 next=6753818681 tgt=6840650850 f=0.405 u=0 breach=1 end=
CBAP_MIG t=24840000 epoch=4968 flow=12 side=new cur=6707661038 next=6761521911 tgt=6840650850 f=0.405 u=0 breach=1 end=
CBAP_MIG t=24840000 epoch=4968 flow=13 side=new cur=6707855281 next=6761637486 tgt=6840650850 f=0.405 u=0 breach=1 end=
CBAP_MIG t=24840000 epoch=4968 flow=14 side=new cur=6694361195 next=6753608505 tgt=6840650850 f=0.405 u=0 breach=1 end=
CBAP_MIG t=24840000 epoch=4968 flow=15 side=new cur=6706883933 next=6761059534 tgt=6840650850 f=0.405 u=0 breach=1 end=
CBAP_MIG t=24840000 epoch=4968 flow=16 side=new cur=6707910012 next=6761670051 tgt=6840650850 f=0.405 u=0 breach=1 end=
CBAP_MIG t=24840000 epoch=4968 flow=17 side=new cur=6706883933 next=6761059534 tgt=6840650850 f=0.405 u=0 breach=1 end=
CBAP_MIG t=24840000 epoch=4968 flow=18 side=new cur=6707874069 next=6761648665 tgt=6840650850 f=0.405 u=0 breach=1 end=
CBAP_MIG t=24840000 epoch=4968 flow=19 side=new cur=6706883933 next=6761059534 tgt=6840650850 f=0.405 u=0 breach=1 end=
CBAP_MIG t=24840000 epoch=4968 flow=20 side=new cur=6706963280 next=6761106745 tgt=6840650850 f=0.405 u=0 breach=1 end=
CBAP_MIG t=24840000 epoch=4968 flow=21 side=new cur=6707854285 next=6761636893 tgt=6840650850 f=0.405 u=0 breach=1 end=
CBAP_MIG t=24840000 epoch=4968 flow=22 side=new cur=6694665498 next=6753789565 tgt=6840650850 f=0.405 u=0 breach=1 end=
CBAP_MIG t=24840000 epoch=4968 flow=23 side=new cur=6707862709 next=6761641906 tgt=6840650850 f=0.405 u=0 breach=1 end=
CBAP_MIG t=24840000 epoch=4968 flow=25 side=new cur=6707101867 next=6761189205 tgt=6840650850 f=0.405 u=0 breach=1 end=
CBAP_MIG t=24840000 epoch=4968 flow=26 side=new cur=6707199565 next=6761247335 tgt=6840650850 f=0.405 u=0 breach=1 end=
CBAP_MIG t=24840000 epoch=4968 flow=27 side=new cur=6708638298 next=6762103381 tgt=6840650850 f=0.405 u=0 breach=1 end=
CBAP_MIG t=24840000 epoch=4968 flow=28 side=new cur=6706883933 next=6761059534 tgt=6840650850 f=0.405 u=0 breach=1 end=
CBAP_MIG t=24840000 epoch=4968 flow=29 side=new cur=6707117762 next=6761198662 tgt=6840650850 f=0.405 u=0 breach=1 end=
CBAP_MIG t=24840000 epoch=4968 flow=31 side=new cur=6707248986 next=6761276740 tgt=6840650850 f=0.405 u=0 breach=1 end=
CBAP_MIG t=24840000 epoch=4968 flow=32 side=new cur=6694539886 next=6753714826 tgt=6840650850 f=0.405 u=0 breach=1 end=
CBAP_MIG t=24840000 epoch=4968 flow=34 side=new cur=6707455852 next=6761399826 tgt=6840650850 f=0.405 u=0 breach=1 end=
CBAP_MIG t=24840000 epoch=4968 flow=35 side=new cur=6707182765 next=6761237339 tgt=6840650850 f=0.405 u=0 breach=1 end=
CBAP_MIG t=24840000 epoch=4968 flow=36 side=new cur=6694544442 next=6753717537 tgt=6840650850 f=0.405 u=0 breach=1 end=
CBAP_MIG t=24840000 epoch=4968 flow=37 side=new cur=6707896512 next=6761662018 tgt=6840650850 f=0.405 u=0 breach=1 end=
CBAP_MIG t=24840000 epoch=4968 flow=38 side=new cur=6707142778 next=6761213547 tgt=6840650850 f=0.405 u=0 breach=1 end=
CBAP_MIG t=24840000 epoch=4968 flow=39 side=new cur=6707047540 next=6761156880 tgt=6840650850 f=0.405 u=0 breach=1 end=
CBAP_MIG t=24840000 epoch=4968 flow=40 side=new cur=6694848412 next=6753898399 tgt=6840650850 f=0.405 u=0 breach=1 end=
CBAP_MIG t=24840000 epoch=4968 flow=41 side=new cur=6696398841 next=6754820904 tgt=6840650850 f=0.405 u=0 breach=1 end=
CBAP_MIG t=24840000 epoch=4968 flow=42 side=new cur=6707095612 next=6761185483 tgt=6840650850 f=0.405 u=0 breach=1 end=
CBAP_MIG t=24840000 epoch=4968 flow=43 side=new cur=6706883933 next=6761059534 tgt=6840650850 f=0.405 u=0 breach=1 end=
CBAP_MIG t=24840000 epoch=4968 flow=44 side=new cur=6706984856 next=6761119583 tgt=6840650850 f=0.405 u=0 breach=1 end=
CBAP_MIG t=24840000 epoch=4968 flow=45 side=new cur=6707836868 next=6761626530 tgt=6840650850 f=0.405 u=0 breach=1 end=
CBAP_MIG t=24840000 epoch=4968 flow=46 side=new cur=6707182609 next=6761237246 tgt=6840650850 f=0.405 u=0 breach=1 end=
CBAP_MIG t=24840000 epoch=4968 flow=48 side=new cur=6694777532 next=6753856225 tgt=6840650850 f=0.405 u=0 breach=1 end=
CBAP_MIG t=24840000 epoch=4968 flow=49 side=new cur=6706883933 next=6761059534 tgt=6840650850 f=0.405 u=0 breach=1 end=
CBAP_MIG t=24840000 epoch=4968 flow=50 side=new cur=6706976854 next=6761114822 tgt=6840650850 f=0.405 u=0 breach=1 end=
CBAP_MIG t=24840000 epoch=4968 flow=51 side=new cur=6707026930 next=6761144617 tgt=6840650850 f=0.405 u=0 breach=1 end=
CBAP_MIG t=24840000 epoch=4968 flow=52 side=new cur=6694612812 next=6753758217 tgt=6840650850 f=0.405 u=0 breach=1 end=
CBAP_MIG t=24840000 epoch=4968 flow=53 side=new cur=6707378877 next=6761354026 tgt=6840650850 f=0.405 u=0 breach=1 end=
CBAP_MIG t=24840000 epoch=4968 flow=54 side=new cur=6695790300 next=6754458822 tgt=6840650850 f=0.405 u=0 breach=1 end=
CBAP_MIG t=24840000 epoch=4968 flow=55 side=new cur=6706883933 next=6761059534 tgt=6840650850 f=0.405 u=0 breach=1 end=
CBAP_MIG t=24840000 epoch=4968 flow=56 side=new cur=6696160615 next=6754679160 tgt=6840650850 f=0.405 u=0 breach=1 end=
CBAP_MIG t=24840000 epoch=4968 flow=57 side=new cur=6706980239 next=6761116836 tgt=6840650850 f=0.405 u=0 breach=1 end=
CBAP_MIG t=24840000 epoch=4968 flow=58 side=new cur=6707836168 next=6761626114 tgt=6840650850 f=0.405 u=0 breach=1 end=
CBAP_MIG t=24840000 epoch=4968 flow=59 side=new cur=6707099431 next=6761187755 tgt=6840650850 f=0.405 u=0 breach=1 end=
CBAP_MIG t=24840000 epoch=4968 flow=60 side=new cur=6695264699 next=6754146090 tgt=6840650850 f=0.405 u=0 breach=1 end=
CBAP_MIG t=24840000 epoch=4968 flow=61 side=new cur=6706929270 next=6761086509 tgt=6840650850 f=0.405 u=0 breach=1 end=
CBAP_MIG t=24840000 epoch=4968 flow=62 side=new cur=6706970279 next=6761110910 tgt=6840650850 f=0.405 u=0 breach=1 end=
CBAP_MIG t=24840000 epoch=4968 flow=63 side=new cur=6694239755 next=6753536248 tgt=6840650850 f=0.405 u=0 breach=1 end=
CBAP_MIG t=24840000 epoch=4968 flow=64 side=new cur=6707265157 next=6761286362 tgt=6840650850 f=0.405 u=0 breach=1 end=
CBAP_MIG t=24845000 epoch=4969 flow=1 side=new cur=6761727431 next=6793691415 tgt=6840650850 f=0.405 u=0 breach=1 end=converged
CBAP_MIG t=24845000 epoch=4969 flow=2 side=new cur=6761606151 next=6793619254 tgt=6840650850 f=0.405 u=0 breach=1 end=converged
CBAP_MIG t=24845000 epoch=4969 flow=3 side=new cur=6761315730 next=6793446453 tgt=6840650850 f=0.405 u=0 breach=1 end=converged
CBAP_MIG t=24845000 epoch=4969 flow=4 side=new cur=6753474661 next=6788781017 tgt=6840650850 f=0.405 u=0 breach=1 end=converged
CBAP_MIG t=24845000 epoch=4969 flow=5 side=new cur=6761672797 next=6793658908 tgt=6840650850 f=0.405 u=0 breach=1 end=converged
CBAP_MIG t=24845000 epoch=4969 flow=7 side=new cur=6761059534 next=6793294016 tgt=6840650850 f=0.405 u=0 breach=1 end=converged
CBAP_MIG t=24845000 epoch=4969 flow=8 side=new cur=6761294341 next=6793433727 tgt=6840650850 f=0.405 u=0 breach=1 end=converged
CBAP_MIG t=24845000 epoch=4969 flow=9 side=new cur=6761577629 next=6793602283 tgt=6840650850 f=0.405 u=0 breach=1 end=converged
CBAP_MIG t=24845000 epoch=4969 flow=10 side=new cur=6754371542 next=6789314661 tgt=6840650850 f=0.405 u=0 breach=1 end=converged
CBAP_MIG t=24845000 epoch=4969 flow=11 side=new cur=6753818681 next=6788985709 tgt=6840650850 f=0.405 u=0 breach=1 end=converged
CBAP_MIG t=24845000 epoch=4969 flow=12 side=new cur=6761521911 next=6793569131 tgt=6840650850 f=0.405 u=0 breach=1 end=converged
CBAP_MIG t=24845000 epoch=4969 flow=13 side=new cur=6761637486 next=6793637898 tgt=6840650850 f=0.405 u=0 breach=1 end=converged
CBAP_MIG t=24845000 epoch=4969 flow=14 side=new cur=6753608505 next=6788860654 tgt=6840650850 f=0.405 u=0 breach=1 end=converged
CBAP_MIG t=24845000 epoch=4969 flow=15 side=new cur=6761059534 next=6793294016 tgt=6840650850 f=0.405 u=0 breach=1 end=converged
CBAP_MIG t=24845000 epoch=4969 flow=16 side=new cur=6761670051 next=6793657274 tgt=6840650850 f=0.405 u=0 breach=1 end=converged
CBAP_MIG t=24845000 epoch=4969 flow=17 side=new cur=6761059534 next=6793294016 tgt=6840650850 f=0.405 u=0 breach=1 end=converged
CBAP_MIG t=24845000 epoch=4969 flow=18 side=new cur=6761648665 next=6793644549 tgt=6840650850 f=0.405 u=0 breach=1 end=converged
CBAP_MIG t=24845000 epoch=4969 flow=19 side=new cur=6761059534 next=6793294016 tgt=6840650850 f=0.405 u=0 breach=1 end=converged
CBAP_MIG t=24845000 epoch=4969 flow=20 side=new cur=6761106745 next=6793322107 tgt=6840650850 f=0.405 u=0 breach=1 end=converged
CBAP_MIG t=24845000 epoch=4969 flow=21 side=new cur=6761636893 next=6793637545 tgt=6840650850 f=0.405 u=0 breach=1 end=converged
CBAP_MIG t=24845000 epoch=4969 flow=22 side=new cur=6753789565 next=6788968385 tgt=6840650850 f=0.405 u=0 breach=1 end=converged
CBAP_MIG t=24845000 epoch=4969 flow=23 side=new cur=6761641906 next=6793640528 tgt=6840650850 f=0.405 u=0 breach=1 end=converged
CBAP_MIG t=24845000 epoch=4969 flow=25 side=new cur=6761189205 next=6793371171 tgt=6840650850 f=0.405 u=0 breach=1 end=converged
CBAP_MIG t=24845000 epoch=4969 flow=26 side=new cur=6761247335 next=6793405758 tgt=6840650850 f=0.405 u=0 breach=1 end=converged
CBAP_MIG t=24845000 epoch=4969 flow=27 side=new cur=6762103381 next=6793915105 tgt=6840650850 f=0.405 u=0 breach=1 end=converged
CBAP_MIG t=24845000 epoch=4969 flow=28 side=new cur=6761059534 next=6793294016 tgt=6840650850 f=0.405 u=0 breach=1 end=converged
CBAP_MIG t=24845000 epoch=4969 flow=29 side=new cur=6761198662 next=6793376798 tgt=6840650850 f=0.405 u=0 breach=1 end=converged
CBAP_MIG t=24845000 epoch=4969 flow=31 side=new cur=6761276740 next=6793423254 tgt=6840650850 f=0.405 u=0 breach=1 end=converged
CBAP_MIG t=24845000 epoch=4969 flow=32 side=new cur=6753714826 next=6788923915 tgt=6840650850 f=0.405 u=0 breach=1 end=converged
CBAP_MIG t=24845000 epoch=4969 flow=34 side=new cur=6761399826 next=6793496490 tgt=6840650850 f=0.405 u=0 breach=1 end=converged
CBAP_MIG t=24845000 epoch=4969 flow=35 side=new cur=6761237339 next=6793399810 tgt=6840650850 f=0.405 u=0 breach=1 end=converged
CBAP_MIG t=24845000 epoch=4969 flow=36 side=new cur=6753717537 next=6788925528 tgt=6840650850 f=0.405 u=0 breach=1 end=converged
CBAP_MIG t=24845000 epoch=4969 flow=37 side=new cur=6761662018 next=6793652494 tgt=6840650850 f=0.405 u=0 breach=1 end=converged
CBAP_MIG t=24845000 epoch=4969 flow=38 side=new cur=6761213547 next=6793385654 tgt=6840650850 f=0.405 u=0 breach=1 end=converged
CBAP_MIG t=24845000 epoch=4969 flow=39 side=new cur=6761156880 next=6793351937 tgt=6840650850 f=0.405 u=0 breach=1 end=converged
CBAP_MIG t=24845000 epoch=4969 flow=40 side=new cur=6753898399 next=6789033141 tgt=6840650850 f=0.405 u=0 breach=1 end=converged
CBAP_MIG t=24845000 epoch=4969 flow=41 side=new cur=6754820904 next=6789582032 tgt=6840650850 f=0.405 u=0 breach=1 end=converged
CBAP_MIG t=24845000 epoch=4969 flow=42 side=new cur=6761185483 next=6793368956 tgt=6840650850 f=0.405 u=0 breach=1 end=converged
CBAP_MIG t=24845000 epoch=4969 flow=43 side=new cur=6761059534 next=6793294016 tgt=6840650850 f=0.405 u=0 breach=1 end=converged
CBAP_MIG t=24845000 epoch=4969 flow=44 side=new cur=6761119583 next=6793329746 tgt=6840650850 f=0.405 u=0 breach=1 end=converged
CBAP_MIG t=24845000 epoch=4969 flow=45 side=new cur=6761626530 next=6793631379 tgt=6840650850 f=0.405 u=0 breach=1 end=converged
CBAP_MIG t=24845000 epoch=4969 flow=46 side=new cur=6761237246 next=6793399755 tgt=6840650850 f=0.405 u=0 breach=1 end=converged
CBAP_MIG t=24845000 epoch=4969 flow=48 side=new cur=6753856225 next=6789008048 tgt=6840650850 f=0.405 u=0 breach=1 end=converged
CBAP_MIG t=24845000 epoch=4969 flow=49 side=new cur=6761059534 next=6793294016 tgt=6840650850 f=0.405 u=0 breach=1 end=converged
CBAP_MIG t=24845000 epoch=4969 flow=50 side=new cur=6761114822 next=6793326913 tgt=6840650850 f=0.405 u=0 breach=1 end=converged
CBAP_MIG t=24845000 epoch=4969 flow=51 side=new cur=6761144617 next=6793344641 tgt=6840650850 f=0.405 u=0 breach=1 end=converged
CBAP_MIG t=24845000 epoch=4969 flow=52 side=new cur=6753758217 next=6788949733 tgt=6840650850 f=0.405 u=0 breach=1 end=converged
CBAP_MIG t=24845000 epoch=4969 flow=53 side=new cur=6761354026 next=6793469239 tgt=6840650850 f=0.405 u=0 breach=1 end=converged
CBAP_MIG t=24845000 epoch=4969 flow=54 side=new cur=6754458822 next=6789366593 tgt=6840650850 f=0.405 u=0 breach=1 end=converged
CBAP_MIG t=24845000 epoch=4969 flow=55 side=new cur=6761059534 next=6793294016 tgt=6840650850 f=0.405 u=0 breach=1 end=converged
CBAP_MIG t=24845000 epoch=4969 flow=56 side=new cur=6754679160 next=6789497694 tgt=6840650850 f=0.405 u=0 breach=1 end=converged
CBAP_MIG t=24845000 epoch=4969 flow=57 side=new cur=6761116836 next=6793328111 tgt=6840650850 f=0.405 u=0 breach=1 end=converged
CBAP_MIG t=24845000 epoch=4969 flow=58 side=new cur=6761626114 next=6793631132 tgt=6840650850 f=0.405 u=0 breach=1 end=converged
CBAP_MIG t=24845000 epoch=4969 flow=59 side=new cur=6761187755 next=6793370308 tgt=6840650850 f=0.405 u=0 breach=1 end=converged
CBAP_MIG t=24845000 epoch=4969 flow=60 side=new cur=6754146090 next=6789180517 tgt=6840650850 f=0.405 u=0 breach=1 end=converged
CBAP_MIG t=24845000 epoch=4969 flow=61 side=new cur=6761086509 next=6793310067 tgt=6840650850 f=0.405 u=0 breach=1 end=converged
CBAP_MIG t=24845000 epoch=4969 flow=62 side=new cur=6761110910 next=6793324585 tgt=6840650850 f=0.405 u=0 breach=1 end=converged
CBAP_MIG t=24845000 epoch=4969 flow=63 side=new cur=6753536248 next=6788817661 tgt=6840650850 f=0.405 u=0 breach=1 end=converged
CBAP_MIG t=24845000 epoch=4969 flow=64 side=new cur=6761286362 next=6793428979 tgt=6840650850 f=0.405 u=0 breach=1 end=converged
CBAP_MIG_REPLAN t=24880000 reason=active_set_shrank flow=0 batch=0 newest_batch=1 cur=4011198559 target=4000000000 ceiling=320000000000 old_side_present=1
CBAP_MIG_REPLAN t=24880000 reason=active_set_shrank flow=1 batch=1 newest_batch=1 cur=6793691415 target=6889635864 ceiling=400000000000 old_side_present=1
CBAP_MIG_REPLAN t=24880000 reason=active_set_shrank flow=2 batch=1 newest_batch=1 cur=6793619254 target=6889635864 ceiling=400000000000 old_side_present=1
CBAP_MIG_REPLAN t=24880000 reason=active_set_shrank flow=3 batch=1 newest_batch=1 cur=6793446453 target=6889635864 ceiling=400000000000 old_side_present=1
CBAP_MIG_REPLAN t=24880000 reason=active_set_shrank flow=4 batch=1 newest_batch=1 cur=6788781017 target=6889635864 ceiling=400000000000 old_side_present=1
CBAP_MIG_REPLAN t=24880000 reason=active_set_shrank flow=5 batch=1 newest_batch=1 cur=6793658908 target=6889635864 ceiling=400000000000 old_side_present=1
CBAP_MIG_REPLAN t=24880000 reason=active_set_shrank flow=7 batch=1 newest_batch=1 cur=6793294016 target=6889635864 ceiling=400000000000 old_side_present=1
CBAP_MIG_REPLAN t=24880000 reason=active_set_shrank flow=8 batch=1 newest_batch=1 cur=6793433727 target=6889635864 ceiling=400000000000 old_side_present=1
CBAP_MIG_REPLAN t=24880000 reason=active_set_shrank flow=9 batch=1 newest_batch=1 cur=6793602283 target=6889635864 ceiling=400000000000 old_side_present=1
CBAP_MIG_REPLAN t=24880000 reason=active_set_shrank flow=10 batch=1 newest_batch=1 cur=6789314661 target=6889635864 ceiling=400000000000 old_side_present=1
CBAP_MIG_REPLAN t=24880000 reason=active_set_shrank flow=12 batch=1 newest_batch=1 cur=6793569131 target=6889635864 ceiling=400000000000 old_side_present=1
CBAP_MIG_REPLAN t=24880000 reason=active_set_shrank flow=13 batch=1 newest_batch=1 cur=6793637898 target=6889635864 ceiling=400000000000 old_side_present=1
CBAP_MIG_REPLAN t=24880000 reason=active_set_shrank flow=14 batch=1 newest_batch=1 cur=6788860654 target=6889635864 ceiling=400000000000 old_side_present=1
CBAP_MIG_REPLAN t=24880000 reason=active_set_shrank flow=15 batch=1 newest_batch=1 cur=6793294016 target=6889635864 ceiling=400000000000 old_side_present=1
CBAP_MIG_REPLAN t=24880000 reason=active_set_shrank flow=16 batch=1 newest_batch=1 cur=6793657274 target=6889635864 ceiling=400000000000 old_side_present=1
CBAP_MIG_REPLAN t=24880000 reason=active_set_shrank flow=17 batch=1 newest_batch=1 cur=6793294016 target=6889635864 ceiling=400000000000 old_side_present=1
CBAP_MIG_REPLAN t=24880000 reason=active_set_shrank flow=18 batch=1 newest_batch=1 cur=6793644549 target=6889635864 ceiling=400000000000 old_side_present=1
CBAP_MIG_REPLAN t=24880000 reason=active_set_shrank flow=19 batch=1 newest_batch=1 cur=6793294016 target=6889635864 ceiling=400000000000 old_side_present=1
CBAP_MIG_REPLAN t=24880000 reason=active_set_shrank flow=20 batch=1 newest_batch=1 cur=6793322107 target=6889635864 ceiling=400000000000 old_side_present=1
CBAP_MIG_REPLAN t=24880000 reason=active_set_shrank flow=21 batch=1 newest_batch=1 cur=6793637545 target=6889635864 ceiling=400000000000 old_side_present=1
CBAP_MIG_REPLAN t=24880000 reason=active_set_shrank flow=22 batch=1 newest_batch=1 cur=6788968385 target=6889635864 ceiling=400000000000 old_side_present=1
CBAP_MIG_REPLAN t=24880000 reason=active_set_shrank flow=23 batch=1 newest_batch=1 cur=6793640528 target=6889635864 ceiling=400000000000 old_side_present=1
CBAP_MIG_REPLAN t=24880000 reason=active_set_shrank flow=25 batch=1 newest_batch=1 cur=6793371171 target=6889635864 ceiling=400000000000 old_side_present=1
CBAP_MIG_REPLAN t=24880000 reason=active_set_shrank flow=26 batch=1 newest_batch=1 cur=6793405758 target=6889635864 ceiling=400000000000 old_side_present=1
CBAP_MIG_REPLAN t=24880000 reason=active_set_shrank flow=27 batch=1 newest_batch=1 cur=6793915105 target=6889635864 ceiling=400000000000 old_side_present=1
CBAP_MIG_REPLAN t=24880000 reason=active_set_shrank flow=28 batch=1 newest_batch=1 cur=6793294016 target=6889635864 ceiling=400000000000 old_side_present=1
CBAP_MIG_REPLAN t=24880000 reason=active_set_shrank flow=29 batch=1 newest_batch=1 cur=6793376798 target=6889635864 ceiling=400000000000 old_side_present=1
CBAP_MIG_REPLAN t=24880000 reason=active_set_shrank flow=31 batch=1 newest_batch=1 cur=6793423254 target=6889635864 ceiling=400000000000 old_side_present=1
CBAP_MIG_REPLAN t=24880000 reason=active_set_shrank flow=32 batch=1 newest_batch=1 cur=6788923915 target=6889635864 ceiling=400000000000 old_side_present=1
CBAP_MIG_REPLAN t=24880000 reason=active_set_shrank flow=34 batch=1 newest_batch=1 cur=6793496490 target=6889635864 ceiling=400000000000 old_side_present=1
CBAP_MIG_REPLAN t=24880000 reason=active_set_shrank flow=35 batch=1 newest_batch=1 cur=6793399810 target=6889635864 ceiling=400000000000 old_side_present=1
CBAP_MIG_REPLAN t=24880000 reason=active_set_shrank flow=36 batch=1 newest_batch=1 cur=6788925528 target=6889635864 ceiling=400000000000 old_side_present=1
CBAP_MIG_REPLAN t=24880000 reason=active_set_shrank flow=37 batch=1 newest_batch=1 cur=6793652494 target=6889635864 ceiling=400000000000 old_side_present=1
CBAP_MIG_REPLAN t=24880000 reason=active_set_shrank flow=38 batch=1 newest_batch=1 cur=6793385654 target=6889635864 ceiling=400000000000 old_side_present=1
CBAP_MIG_REPLAN t=24880000 reason=active_set_shrank flow=39 batch=1 newest_batch=1 cur=6793351937 target=6889635864 ceiling=400000000000 old_side_present=1
CBAP_MIG_REPLAN t=24880000 reason=active_set_shrank flow=40 batch=1 newest_batch=1 cur=6789033141 target=6889635864 ceiling=400000000000 old_side_present=1
CBAP_MIG_REPLAN t=24880000 reason=active_set_shrank flow=41 batch=1 newest_batch=1 cur=6789582032 target=6889635864 ceiling=400000000000 old_side_present=1
CBAP_MIG_REPLAN t=24880000 reason=active_set_shrank flow=42 batch=1 newest_batch=1 cur=6793368956 target=6889635864 ceiling=400000000000 old_side_present=1
CBAP_MIG_REPLAN t=24880000 reason=active_set_shrank flow=43 batch=1 newest_batch=1 cur=6793294016 target=6889635864 ceiling=400000000000 old_side_present=1
CBAP_MIG_REPLAN t=24880000 reason=active_set_shrank flow=44 batch=1 newest_batch=1 cur=6793329746 target=6889635864 ceiling=400000000000 old_side_present=1
CBAP_MIG_REPLAN t=24880000 reason=active_set_shrank flow=45 batch=1 newest_batch=1 cur=6793631379 target=6889635864 ceiling=400000000000 old_side_present=1
CBAP_MIG_REPLAN t=24880000 reason=active_set_shrank flow=46 batch=1 newest_batch=1 cur=6793399755 target=6889635864 ceiling=400000000000 old_side_present=1
CBAP_MIG_REPLAN t=24880000 reason=active_set_shrank flow=48 batch=1 newest_batch=1 cur=6789008048 target=6889635864 ceiling=400000000000 old_side_present=1
CBAP_MIG_REPLAN t=24880000 reason=active_set_shrank flow=49 batch=1 newest_batch=1 cur=6793294016 target=6889635864 ceiling=400000000000 old_side_present=1
CBAP_MIG_REPLAN t=24880000 reason=active_set_shrank flow=50 batch=1 newest_batch=1 cur=6793326913 target=6889635864 ceiling=400000000000 old_side_present=1
CBAP_MIG_REPLAN t=24880000 reason=active_set_shrank flow=51 batch=1 newest_batch=1 cur=6793344641 target=6889635864 ceiling=400000000000 old_side_present=1
CBAP_MIG_REPLAN t=24880000 reason=active_set_shrank flow=52 batch=1 newest_batch=1 cur=6788949733 target=6889635864 ceiling=400000000000 old_side_present=1
CBAP_MIG_REPLAN t=24880000 reason=active_set_shrank flow=53 batch=1 newest_batch=1 cur=6793469239 target=6889635864 ceiling=400000000000 old_side_present=1
CBAP_MIG_REPLAN t=24880000 reason=active_set_shrank flow=54 batch=1 newest_batch=1 cur=6789366593 target=6889635864 ceiling=400000000000 old_side_present=1
CBAP_MIG_REPLAN t=24880000 reason=active_set_shrank flow=55 batch=1 newest_batch=1 cur=6793294016 target=6889635864 ceiling=400000000000 old_side_present=1
CBAP_MIG_REPLAN t=24880000 reason=active_set_shrank flow=56 batch=1 newest_batch=1 cur=6789497694 target=6889635864 ceiling=400000000000 old_side_present=1
CBAP_MIG_REPLAN t=24880000 reason=active_set_shrank flow=57 batch=1 newest_batch=1 cur=6793328111 target=6889635864 ceiling=400000000000 old_side_present=1
CBAP_MIG_REPLAN t=24880000 reason=active_set_shrank flow=58 batch=1 newest_batch=1 cur=6793631132 target=6889635864 ceiling=400000000000 old_side_present=1
CBAP_MIG_REPLAN t=24880000 reason=active_set_shrank flow=59 batch=1 newest_batch=1 cur=6793370308 target=6889635864 ceiling=400000000000 old_side_present=1
CBAP_MIG_REPLAN t=24880000 reason=active_set_shrank flow=60 batch=1 newest_batch=1 cur=6789180517 target=6889635864 ceiling=400000000000 old_side_present=1
CBAP_MIG_REPLAN t=24880000 reason=active_set_shrank flow=61 batch=1 newest_batch=1 cur=6793310067 target=6889635864 ceiling=400000000000 old_side_present=1
CBAP_MIG_REPLAN t=24880000 reason=active_set_shrank flow=62 batch=1 newest_batch=1 cur=6793324585 target=6889635864 ceiling=400000000000 old_side_present=1
CBAP_MIG_REPLAN t=24880000 reason=active_set_shrank flow=63 batch=1 newest_batch=1 cur=6788817661 target=6889635864 ceiling=400000000000 old_side_present=1
CBAP_MIG_REPLAN t=24880000 reason=active_set_shrank flow=64 batch=1 newest_batch=1 cur=6793428979 target=6889635864 ceiling=400000000000 old_side_present=1
CBAP_MIG t=24880000 epoch=4976 flow=0 side=old cur=4011198559 next=4007838991 tgt=4000000000 f=0.3 u=0 breach=0 end=converged
CBAP_MIG t=24880000 epoch=4976 flow=1 side=new cur=6793691415 next=6832548916 tgt=6889635864 f=0.405 u=0 breach=1 end=converged
CBAP_MIG t=24880000 epoch=4976 flow=2 side=new cur=6793619254 next=6832505981 tgt=6889635864 f=0.405 u=0 breach=1 end=converged
CBAP_MIG t=24880000 epoch=4976 flow=3 side=new cur=6793446453 next=6832403164 tgt=6889635864 f=0.405 u=0 breach=1 end=converged
CBAP_MIG t=24880000 epoch=4976 flow=4 side=new cur=6788781017 next=6829627230 tgt=6889635864 f=0.405 u=0 breach=1 end=converged
CBAP_MIG t=24880000 epoch=4976 flow=5 side=new cur=6793658908 next=6832529575 tgt=6889635864 f=0.405 u=0 breach=1 end=converged
CBAP_MIG t=24880000 epoch=4976 flow=7 side=new cur=6793294016 next=6832312464 tgt=6889635864 f=0.405 u=0 breach=1 end=converged
CBAP_MIG t=24880000 epoch=4976 flow=8 side=new cur=6793433727 next=6832395592 tgt=6889635864 f=0.405 u=0 breach=1 end=converged
CBAP_MIG t=24880000 epoch=4976 flow=9 side=new cur=6793602283 next=6832495883 tgt=6889635864 f=0.405 u=0 breach=1 end=converged
CBAP_MIG t=24880000 epoch=4976 flow=10 side=new cur=6789314661 next=6829944748 tgt=6889635864 f=0.405 u=0 breach=1 end=converged
CBAP_MIG t=24880000 epoch=4976 flow=12 side=new cur=6793569131 next=6832476157 tgt=6889635864 f=0.405 u=0 breach=1 end=converged
CBAP_MIG t=24880000 epoch=4976 flow=13 side=new cur=6793637898 next=6832517074 tgt=6889635864 f=0.405 u=0 breach=1 end=converged
CBAP_MIG t=24880000 epoch=4976 flow=14 side=new cur=6788860654 next=6829674614 tgt=6889635864 f=0.405 u=0 breach=1 end=converged
CBAP_MIG t=24880000 epoch=4976 flow=15 side=new cur=6793294016 next=6832312464 tgt=6889635864 f=0.405 u=0 breach=1 end=converged
CBAP_MIG t=24880000 epoch=4976 flow=16 side=new cur=6793657274 next=6832528602 tgt=6889635864 f=0.405 u=0 breach=1 end=converged
CBAP_MIG t=24880000 epoch=4976 flow=17 side=new cur=6793294016 next=6832312464 tgt=6889635864 f=0.405 u=0 breach=1 end=converged
CBAP_MIG t=24880000 epoch=4976 flow=18 side=new cur=6793644549 next=6832521031 tgt=6889635864 f=0.405 u=0 breach=1 end=converged
CBAP_MIG t=24880000 epoch=4976 flow=19 side=new cur=6793294016 next=6832312464 tgt=6889635864 f=0.405 u=0 breach=1 end=converged
CBAP_MIG t=24880000 epoch=4976 flow=20 side=new cur=6793322107 next=6832329178 tgt=6889635864 f=0.405 u=0 breach=1 end=converged
CBAP_MIG t=24880000 epoch=4976 flow=21 side=new cur=6793637545 next=6832516864 tgt=6889635864 f=0.405 u=0 breach=1 end=converged
CBAP_MIG t=24880000 epoch=4976 flow=22 side=new cur=6788968385 next=6829738713 tgt=6889635864 f=0.405 u=0 breach=1 end=converged
CBAP_MIG t=24880000 epoch=4976 flow=23 side=new cur=6793640528 next=6832518639 tgt=6889635864 f=0.405 u=0 breach=1 end=converged
CBAP_MIG t=24880000 epoch=4976 flow=25 side=new cur=6793371171 next=6832358371 tgt=6889635864 f=0.405 u=0 breach=1 end=converged
CBAP_MIG t=24880000 epoch=4976 flow=26 side=new cur=6793405758 next=6832378950 tgt=6889635864 f=0.405 u=0 breach=1 end=converged
CBAP_MIG t=24880000 epoch=4976 flow=27 side=new cur=6793915105 next=6832682012 tgt=6889635864 f=0.405 u=0 breach=1 end=converged
CBAP_MIG t=24880000 epoch=4976 flow=28 side=new cur=6793294016 next=6832312464 tgt=6889635864 f=0.405 u=0 breach=1 end=converged
CBAP_MIG t=24880000 epoch=4976 flow=29 side=new cur=6793376798 next=6832361719 tgt=6889635864 f=0.405 u=0 breach=1 end=converged
CBAP_MIG t=24880000 epoch=4976 flow=31 side=new cur=6793423254 next=6832389361 tgt=6889635864 f=0.405 u=0 breach=1 end=converged
CBAP_MIG t=24880000 epoch=4976 flow=32 side=new cur=6788923915 next=6829712254 tgt=6889635864 f=0.405 u=0 breach=1 end=converged
CBAP_MIG t=24880000 epoch=4976 flow=34 side=new cur=6793496490 next=6832432936 tgt=6889635864 f=0.405 u=0 breach=1 end=converged
CBAP_MIG t=24880000 epoch=4976 flow=35 side=new cur=6793399810 next=6832375411 tgt=6889635864 f=0.405 u=0 breach=1 end=converged
CBAP_MIG t=24880000 epoch=4976 flow=36 side=new cur=6788925528 next=6829713214 tgt=6889635864 f=0.405 u=0 breach=1 end=converged
CBAP_MIG t=24880000 epoch=4976 flow=37 side=new cur=6793652494 next=6832525758 tgt=6889635864 f=0.405 u=0 breach=1 end=converged
CBAP_MIG t=24880000 epoch=4976 flow=38 side=new cur=6793385654 next=6832366989 tgt=6889635864 f=0.405 u=0 breach=1 end=converged
CBAP_MIG t=24880000 epoch=4976 flow=39 side=new cur=6793351937 next=6832346927 tgt=6889635864 f=0.405 u=0 breach=1 end=converged
CBAP_MIG t=24880000 epoch=4976 flow=40 side=new cur=6789033141 next=6829777243 tgt=6889635864 f=0.405 u=0 breach=1 end=converged
CBAP_MIG t=24880000 epoch=4976 flow=41 side=new cur=6789582032 next=6830103833 tgt=6889635864 f=0.405 u=0 breach=1 end=converged
CBAP_MIG t=24880000 epoch=4976 flow=42 side=new cur=6793368956 next=6832357053 tgt=6889635864 f=0.405 u=0 breach=1 end=converged
CBAP_MIG t=24880000 epoch=4976 flow=43 side=new cur=6793294016 next=6832312464 tgt=6889635864 f=0.405 u=0 breach=1 end=converged
CBAP_MIG t=24880000 epoch=4976 flow=44 side=new cur=6793329746 next=6832333723 tgt=6889635864 f=0.405 u=0 breach=1 end=converged
CBAP_MIG t=24880000 epoch=4976 flow=45 side=new cur=6793631379 next=6832513195 tgt=6889635864 f=0.405 u=0 breach=1 end=converged
CBAP_MIG t=24880000 epoch=4976 flow=46 side=new cur=6793399755 next=6832375379 tgt=6889635864 f=0.405 u=0 breach=1 end=converged
CBAP_MIG t=24880000 epoch=4976 flow=48 side=new cur=6789008048 next=6829762313 tgt=6889635864 f=0.405 u=0 breach=1 end=converged
CBAP_MIG t=24880000 epoch=4976 flow=49 side=new cur=6793294016 next=6832312464 tgt=6889635864 f=0.405 u=0 breach=1 end=converged
CBAP_MIG t=24880000 epoch=4976 flow=50 side=new cur=6793326913 next=6832332038 tgt=6889635864 f=0.405 u=0 breach=1 end=converged
CBAP_MIG t=24880000 epoch=4976 flow=51 side=new cur=6793344641 next=6832342586 tgt=6889635864 f=0.405 u=0 breach=1 end=converged
CBAP_MIG t=24880000 epoch=4976 flow=52 side=new cur=6788949733 next=6829727616 tgt=6889635864 f=0.405 u=0 breach=1 end=converged
CBAP_MIG t=24880000 epoch=4976 flow=53 side=new cur=6793469239 next=6832416722 tgt=6889635864 f=0.405 u=0 breach=1 end=converged
CBAP_MIG t=24880000 epoch=4976 flow=54 side=new cur=6789366593 next=6829975647 tgt=6889635864 f=0.405 u=0 breach=1 end=converged
CBAP_MIG t=24880000 epoch=4976 flow=55 side=new cur=6793294016 next=6832312464 tgt=6889635864 f=0.405 u=0 breach=1 end=converged
CBAP_MIG t=24880000 epoch=4976 flow=56 side=new cur=6789497694 next=6830053652 tgt=6889635864 f=0.405 u=0 breach=1 end=converged
CBAP_MIG t=24880000 epoch=4976 flow=57 side=new cur=6793328111 next=6832332750 tgt=6889635864 f=0.405 u=0 breach=1 end=converged
CBAP_MIG t=24880000 epoch=4976 flow=58 side=new cur=6793631132 next=6832513048 tgt=6889635864 f=0.405 u=0 breach=1 end=converged
CBAP_MIG t=24880000 epoch=4976 flow=59 side=new cur=6793370308 next=6832357858 tgt=6889635864 f=0.405 u=0 breach=1 end=converged
CBAP_MIG t=24880000 epoch=4976 flow=60 side=new cur=6789180517 next=6829864932 tgt=6889635864 f=0.405 u=0 breach=1 end=converged
CBAP_MIG t=24880000 epoch=4976 flow=61 side=new cur=6793310067 next=6832322014 tgt=6889635864 f=0.405 u=0 breach=1 end=converged
CBAP_MIG t=24880000 epoch=4976 flow=62 side=new cur=6793324585 next=6832330652 tgt=6889635864 f=0.405 u=0 breach=1 end=converged
CBAP_MIG t=24880000 epoch=4976 flow=63 side=new cur=6788817661 next=6829649033 tgt=6889635864 f=0.405 u=0 breach=1 end=converged
CBAP_MIG t=24880000 epoch=4976 flow=64 side=new cur=6793428979 next=6832392767 tgt=6889635864 f=0.405 u=0 breach=1 end=converged
CBAP_MIG_REPLAN t=24900000 reason=active_set_shrank flow=0 batch=0 newest_batch=1 cur=4007838991 target=4000000000 ceiling=320000000000 old_side_present=1
CBAP_MIG_REPLAN t=24900000 reason=active_set_shrank flow=1 batch=1 newest_batch=1 cur=6832548916 target=7080688001 ceiling=400000000000 old_side_present=1
CBAP_MIG_REPLAN t=24900000 reason=active_set_shrank flow=2 batch=1 newest_batch=1 cur=6832505981 target=7080688001 ceiling=400000000000 old_side_present=1
CBAP_MIG_REPLAN t=24900000 reason=active_set_shrank flow=3 batch=1 newest_batch=1 cur=6832403164 target=7080688001 ceiling=400000000000 old_side_present=1
CBAP_MIG_REPLAN t=24900000 reason=active_set_shrank flow=4 batch=1 newest_batch=1 cur=6829627230 target=7080688001 ceiling=400000000000 old_side_present=1
CBAP_MIG_REPLAN t=24900000 reason=active_set_shrank flow=5 batch=1 newest_batch=1 cur=6832529575 target=7080688001 ceiling=400000000000 old_side_present=1
CBAP_MIG_REPLAN t=24900000 reason=active_set_shrank flow=7 batch=1 newest_batch=1 cur=6832312464 target=7080688001 ceiling=400000000000 old_side_present=1
CBAP_MIG_REPLAN t=24900000 reason=active_set_shrank flow=8 batch=1 newest_batch=1 cur=6832395592 target=7080688001 ceiling=400000000000 old_side_present=1
CBAP_MIG_REPLAN t=24900000 reason=active_set_shrank flow=9 batch=1 newest_batch=1 cur=6832495883 target=7080688001 ceiling=400000000000 old_side_present=1
CBAP_MIG_REPLAN t=24900000 reason=active_set_shrank flow=10 batch=1 newest_batch=1 cur=6829944748 target=7080688001 ceiling=400000000000 old_side_present=1
CBAP_MIG_REPLAN t=24900000 reason=active_set_shrank flow=12 batch=1 newest_batch=1 cur=6832476157 target=7080688001 ceiling=400000000000 old_side_present=1
CBAP_MIG_REPLAN t=24900000 reason=active_set_shrank flow=13 batch=1 newest_batch=1 cur=6832517074 target=7080688001 ceiling=400000000000 old_side_present=1
CBAP_MIG_REPLAN t=24900000 reason=active_set_shrank flow=14 batch=1 newest_batch=1 cur=6829674614 target=7080688001 ceiling=400000000000 old_side_present=1
CBAP_MIG_REPLAN t=24900000 reason=active_set_shrank flow=15 batch=1 newest_batch=1 cur=6832312464 target=7080688001 ceiling=400000000000 old_side_present=1
CBAP_MIG_REPLAN t=24900000 reason=active_set_shrank flow=16 batch=1 newest_batch=1 cur=6832528602 target=7080688001 ceiling=400000000000 old_side_present=1
CBAP_MIG_REPLAN t=24900000 reason=active_set_shrank flow=17 batch=1 newest_batch=1 cur=6832312464 target=7080688001 ceiling=400000000000 old_side_present=1
CBAP_MIG_REPLAN t=24900000 reason=active_set_shrank flow=18 batch=1 newest_batch=1 cur=6832521031 target=7080688001 ceiling=400000000000 old_side_present=1
CBAP_MIG_REPLAN t=24900000 reason=active_set_shrank flow=19 batch=1 newest_batch=1 cur=6832312464 target=7080688001 ceiling=400000000000 old_side_present=1
CBAP_MIG_REPLAN t=24900000 reason=active_set_shrank flow=20 batch=1 newest_batch=1 cur=6832329178 target=7080688001 ceiling=400000000000 old_side_present=1
CBAP_MIG_REPLAN t=24900000 reason=active_set_shrank flow=21 batch=1 newest_batch=1 cur=6832516864 target=7080688001 ceiling=400000000000 old_side_present=1
CBAP_MIG_REPLAN t=24900000 reason=active_set_shrank flow=22 batch=1 newest_batch=1 cur=6829738713 target=7080688001 ceiling=400000000000 old_side_present=1
CBAP_MIG_REPLAN t=24900000 reason=active_set_shrank flow=23 batch=1 newest_batch=1 cur=6832518639 target=7080688001 ceiling=400000000000 old_side_present=1
CBAP_MIG_REPLAN t=24900000 reason=active_set_shrank flow=25 batch=1 newest_batch=1 cur=6832358371 target=7080688001 ceiling=400000000000 old_side_present=1
CBAP_MIG_REPLAN t=24900000 reason=active_set_shrank flow=26 batch=1 newest_batch=1 cur=6832378950 target=7080688001 ceiling=400000000000 old_side_present=1
CBAP_MIG_REPLAN t=24900000 reason=active_set_shrank flow=27 batch=1 newest_batch=1 cur=6832682012 target=7080688001 ceiling=400000000000 old_side_present=1
CBAP_MIG_REPLAN t=24900000 reason=active_set_shrank flow=28 batch=1 newest_batch=1 cur=6832312464 target=7080688001 ceiling=400000000000 old_side_present=1
CBAP_MIG_REPLAN t=24900000 reason=active_set_shrank flow=29 batch=1 newest_batch=1 cur=6832361719 target=7080688001 ceiling=400000000000 old_side_present=1
CBAP_MIG_REPLAN t=24900000 reason=active_set_shrank flow=31 batch=1 newest_batch=1 cur=6832389361 target=7080688001 ceiling=400000000000 old_side_present=1
CBAP_MIG_REPLAN t=24900000 reason=active_set_shrank flow=32 batch=1 newest_batch=1 cur=6829712254 target=7080688001 ceiling=400000000000 old_side_present=1
CBAP_MIG_REPLAN t=24900000 reason=active_set_shrank flow=34 batch=1 newest_batch=1 cur=6832432936 target=7080688001 ceiling=400000000000 old_side_present=1
CBAP_MIG_REPLAN t=24900000 reason=active_set_shrank flow=35 batch=1 newest_batch=1 cur=6832375411 target=7080688001 ceiling=400000000000 old_side_present=1
CBAP_MIG_REPLAN t=24900000 reason=active_set_shrank flow=36 batch=1 newest_batch=1 cur=6829713214 target=7080688001 ceiling=400000000000 old_side_present=1
CBAP_MIG_REPLAN t=24900000 reason=active_set_shrank flow=37 batch=1 newest_batch=1 cur=6832525758 target=7080688001 ceiling=400000000000 old_side_present=1
CBAP_MIG_REPLAN t=24900000 reason=active_set_shrank flow=38 batch=1 newest_batch=1 cur=6832366989 target=7080688001 ceiling=400000000000 old_side_present=1
CBAP_MIG_REPLAN t=24900000 reason=active_set_shrank flow=39 batch=1 newest_batch=1 cur=6832346927 target=7080688001 ceiling=400000000000 old_side_present=1
CBAP_MIG_REPLAN t=24900000 reason=active_set_shrank flow=40 batch=1 newest_batch=1 cur=6829777243 target=7080688001 ceiling=400000000000 old_side_present=1
CBAP_MIG_REPLAN t=24900000 reason=active_set_shrank flow=41 batch=1 newest_batch=1 cur=6830103833 target=7080688001 ceiling=400000000000 old_side_present=1
CBAP_MIG_REPLAN t=24900000 reason=active_set_shrank flow=42 batch=1 newest_batch=1 cur=6832357053 target=7080688001 ceiling=400000000000 old_side_present=1
CBAP_MIG_REPLAN t=24900000 reason=active_set_shrank flow=43 batch=1 newest_batch=1 cur=6832312464 target=7080688001 ceiling=400000000000 old_side_present=1
CBAP_MIG_REPLAN t=24900000 reason=active_set_shrank flow=44 batch=1 newest_batch=1 cur=6832333723 target=7080688001 ceiling=400000000000 old_side_present=1
CBAP_MIG_REPLAN t=24900000 reason=active_set_shrank flow=45 batch=1 newest_batch=1 cur=6832513195 target=7080688001 ceiling=400000000000 old_side_present=1
CBAP_MIG_REPLAN t=24900000 reason=active_set_shrank flow=46 batch=1 newest_batch=1 cur=6832375379 target=7080688001 ceiling=400000000000 old_side_present=1
CBAP_MIG_REPLAN t=24900000 reason=active_set_shrank flow=48 batch=1 newest_batch=1 cur=6829762313 target=7080688001 ceiling=400000000000 old_side_present=1
CBAP_MIG_REPLAN t=24900000 reason=active_set_shrank flow=49 batch=1 newest_batch=1 cur=6832312464 target=7080688001 ceiling=400000000000 old_side_present=1
CBAP_MIG_REPLAN t=24900000 reason=active_set_shrank flow=50 batch=1 newest_batch=1 cur=6832332038 target=7080688001 ceiling=400000000000 old_side_present=1
CBAP_MIG_REPLAN t=24900000 reason=active_set_shrank flow=51 batch=1 newest_batch=1 cur=6832342586 target=7080688001 ceiling=400000000000 old_side_present=1
CBAP_MIG_REPLAN t=24900000 reason=active_set_shrank flow=52 batch=1 newest_batch=1 cur=6829727616 target=7080688001 ceiling=400000000000 old_side_present=1
CBAP_MIG_REPLAN t=24900000 reason=active_set_shrank flow=53 batch=1 newest_batch=1 cur=6832416722 target=7080688001 ceiling=400000000000 old_side_present=1
CBAP_MIG_REPLAN t=24900000 reason=active_set_shrank flow=54 batch=1 newest_batch=1 cur=6829975647 target=7080688001 ceiling=400000000000 old_side_present=1
CBAP_MIG_REPLAN t=24900000 reason=active_set_shrank flow=55 batch=1 newest_batch=1 cur=6832312464 target=7080688001 ceiling=400000000000 old_side_present=1
CBAP_MIG_REPLAN t=24900000 reason=active_set_shrank flow=56 batch=1 newest_batch=1 cur=6830053652 target=7080688001 ceiling=400000000000 old_side_present=1
CBAP_MIG_REPLAN t=24900000 reason=active_set_shrank flow=57 batch=1 newest_batch=1 cur=6832332750 target=7080688001 ceiling=400000000000 old_side_present=1
CBAP_MIG_REPLAN t=24900000 reason=active_set_shrank flow=58 batch=1 newest_batch=1 cur=6832513048 target=7080688001 ceiling=400000000000 old_side_present=1
CBAP_MIG_REPLAN t=24900000 reason=active_set_shrank flow=59 batch=1 newest_batch=1 cur=6832357858 target=7080688001 ceiling=400000000000 old_side_present=1
CBAP_MIG_REPLAN t=24900000 reason=active_set_shrank flow=60 batch=1 newest_batch=1 cur=6829864932 target=7080688001 ceiling=400000000000 old_side_present=1
CBAP_MIG_REPLAN t=24900000 reason=active_set_shrank flow=61 batch=1 newest_batch=1 cur=6832322014 target=7080688001 ceiling=400000000000 old_side_present=1
CBAP_MIG_REPLAN t=24900000 reason=active_set_shrank flow=62 batch=1 newest_batch=1 cur=6832330652 target=7080688001 ceiling=400000000000 old_side_present=1
CBAP_MIG_REPLAN t=24900000 reason=active_set_shrank flow=64 batch=1 newest_batch=1 cur=6832392767 target=7080688001 ceiling=400000000000 old_side_present=1
CBAP_MIG t=24900000 epoch=4980 flow=0 side=old cur=4007838991 next=4005487293 tgt=4000000000 f=0.3 u=0 breach=0 end=converged
CBAP_MIG t=24900000 epoch=4980 flow=1 side=new cur=6832548916 next=6933045245 tgt=7080688001 f=0.405 u=0 breach=1 end=
CBAP_MIG t=24900000 epoch=4980 flow=2 side=new cur=6832505981 next=6933019699 tgt=7080688001 f=0.405 u=0 breach=1 end=
CBAP_MIG t=24900000 epoch=4980 flow=3 side=new cur=6832403164 next=6932958522 tgt=7080688001 f=0.405 u=0 breach=1 end=
CBAP_MIG t=24900000 epoch=4980 flow=4 side=new cur=6829627230 next=6931306842 tgt=7080688001 f=0.405 u=0 breach=1 end=
CBAP_MIG t=24900000 epoch=4980 flow=5 side=new cur=6832529575 next=6933033737 tgt=7080688001 f=0.405 u=0 breach=1 end=
CBAP_MIG t=24900000 epoch=4980 flow=7 side=new cur=6832312464 next=6932904556 tgt=7080688001 f=0.405 u=0 breach=1 end=
CBAP_MIG t=24900000 epoch=4980 flow=8 side=new cur=6832395592 next=6932954017 tgt=7080688001 f=0.405 u=0 breach=1 end=
CBAP_MIG t=24900000 epoch=4980 flow=9 side=new cur=6832495883 next=6933013690 tgt=7080688001 f=0.405 u=0 breach=1 end=
CBAP_MIG t=24900000 epoch=4980 flow=10 side=new cur=6829944748 next=6931495765 tgt=7080688001 f=0.405 u=0 breach=1 end=
CBAP_MIG t=24900000 epoch=4980 flow=12 side=new cur=6832476157 next=6933001953 tgt=7080688001 f=0.405 u=0 breach=1 end=
CBAP_MIG t=24900000 epoch=4980 flow=13 side=new cur=6832517074 next=6933026299 tgt=7080688001 f=0.405 u=0 breach=1 end=
CBAP_MIG t=24900000 epoch=4980 flow=14 side=new cur=6829674614 next=6931335035 tgt=7080688001 f=0.405 u=0 breach=1 end=
CBAP_MIG t=24900000 epoch=4980 flow=15 side=new cur=6832312464 next=6932904556 tgt=7080688001 f=0.405 u=0 breach=1 end=
CBAP_MIG t=24900000 epoch=4980 flow=16 side=new cur=6832528602 next=6933033158 tgt=7080688001 f=0.405 u=0 breach=1 end=
CBAP_MIG t=24900000 epoch=4980 flow=17 side=new cur=6832312464 next=6932904556 tgt=7080688001 f=0.405 u=0 breach=1 end=
CBAP_MIG t=24900000 epoch=4980 flow=18 side=new cur=6832521031 next=6933028653 tgt=7080688001 f=0.405 u=0 breach=1 end=
CBAP_MIG t=24900000 epoch=4980 flow=19 side=new cur=6832312464 next=6932904556 tgt=7080688001 f=0.405 u=0 breach=1 end=
CBAP_MIG t=24900000 epoch=4980 flow=20 side=new cur=6832329178 next=6932914501 tgt=7080688001 f=0.405 u=0 breach=1 end=
CBAP_MIG t=24900000 epoch=4980 flow=21 side=new cur=6832516864 next=6933026174 tgt=7080688001 f=0.405 u=0 breach=1 end=
CBAP_MIG t=24900000 epoch=4980 flow=22 side=new cur=6829738713 next=6931373174 tgt=7080688001 f=0.405 u=0 breach=1 end=
CBAP_MIG t=24900000 epoch=4980 flow=23 side=new cur=6832518639 next=6933027230 tgt=7080688001 f=0.405 u=0 breach=1 end=
CBAP_MIG t=24900000 epoch=4980 flow=25 side=new cur=6832358371 next=6932931871 tgt=7080688001 f=0.405 u=0 breach=1 end=
CBAP_MIG t=24900000 epoch=4980 flow=26 side=new cur=6832378950 next=6932944115 tgt=7080688001 f=0.405 u=0 breach=1 end=
CBAP_MIG t=24900000 epoch=4980 flow=27 side=new cur=6832682012 next=6933124437 tgt=7080688001 f=0.405 u=0 breach=1 end=
CBAP_MIG t=24900000 epoch=4980 flow=28 side=new cur=6832312464 next=6932904556 tgt=7080688001 f=0.405 u=0 breach=1 end=
CBAP_MIG t=24900000 epoch=4980 flow=29 side=new cur=6832361719 next=6932933863 tgt=7080688001 f=0.405 u=0 breach=1 end=
CBAP_MIG t=24900000 epoch=4980 flow=31 side=new cur=6832389361 next=6932950310 tgt=7080688001 f=0.405 u=0 breach=1 end=
CBAP_MIG t=24900000 epoch=4980 flow=32 side=new cur=6829712254 next=6931357431 tgt=7080688001 f=0.405 u=0 breach=1 end=
CBAP_MIG t=24900000 epoch=4980 flow=34 side=new cur=6832432936 next=6932976237 tgt=7080688001 f=0.405 u=0 breach=1 end=
CBAP_MIG t=24900000 epoch=4980 flow=35 side=new cur=6832375411 next=6932942009 tgt=7080688001 f=0.405 u=0 breach=1 end=
CBAP_MIG t=24900000 epoch=4980 flow=36 side=new cur=6829713214 next=6931358002 tgt=7080688001 f=0.405 u=0 breach=1 end=
CBAP_MIG t=24900000 epoch=4980 flow=37 side=new cur=6832525758 next=6933031466 tgt=7080688001 f=0.405 u=0 breach=1 end=
CBAP_MIG t=24900000 epoch=4980 flow=38 side=new cur=6832366989 next=6932936998 tgt=7080688001 f=0.405 u=0 breach=1 end=
CBAP_MIG t=24900000 epoch=4980 flow=39 side=new cur=6832346927 next=6932925061 tgt=7080688001 f=0.405 u=0 breach=1 end=
CBAP_MIG t=24900000 epoch=4980 flow=40 side=new cur=6829777243 next=6931396099 tgt=7080688001 f=0.405 u=0 breach=1 end=
CBAP_MIG t=24900000 epoch=4980 flow=41 side=new cur=6830103833 next=6931590421 tgt=7080688001 f=0.405 u=0 breach=1 end=
CBAP_MIG t=24900000 epoch=4980 flow=42 side=new cur=6832357053 next=6932931086 tgt=7080688001 f=0.405 u=0 breach=1 end=
CBAP_MIG t=24900000 epoch=4980 flow=43 side=new cur=6832312464 next=6932904556 tgt=7080688001 f=0.405 u=0 breach=1 end=
CBAP_MIG t=24900000 epoch=4980 flow=44 side=new cur=6832333723 next=6932917205 tgt=7080688001 f=0.405 u=0 breach=1 end=
CBAP_MIG t=24900000 epoch=4980 flow=45 side=new cur=6832513195 next=6933023991 tgt=7080688001 f=0.405 u=0 breach=1 end=
CBAP_MIG t=24900000 epoch=4980 flow=46 side=new cur=6832375379 next=6932941990 tgt=7080688001 f=0.405 u=0 breach=1 end=
CBAP_MIG t=24900000 epoch=4980 flow=48 side=new cur=6829762313 next=6931387216 tgt=7080688001 f=0.405 u=0 breach=1 end=
CBAP_MIG t=24900000 epoch=4980 flow=49 side=new cur=6832312464 next=6932904556 tgt=7080688001 f=0.405 u=0 breach=1 end=
CBAP_MIG t=24900000 epoch=4980 flow=50 side=new cur=6832332038 next=6932916203 tgt=7080688001 f=0.405 u=0 breach=1 end=
CBAP_MIG t=24900000 epoch=4980 flow=51 side=new cur=6832342586 next=6932922479 tgt=7080688001 f=0.405 u=0 breach=1 end=
CBAP_MIG t=24900000 epoch=4980 flow=52 side=new cur=6829727616 next=6931366571 tgt=7080688001 f=0.405 u=0 breach=1 end=
CBAP_MIG t=24900000 epoch=4980 flow=53 side=new cur=6832416722 next=6932966589 tgt=7080688001 f=0.405 u=0 breach=1 end=
CBAP_MIG t=24900000 epoch=4980 flow=54 side=new cur=6829975647 next=6931514150 tgt=7080688001 f=0.405 u=0 breach=1 end=
CBAP_MIG t=24900000 epoch=4980 flow=55 side=new cur=6832312464 next=6932904556 tgt=7080688001 f=0.405 u=0 breach=1 end=
CBAP_MIG t=24900000 epoch=4980 flow=56 side=new cur=6830053652 next=6931560563 tgt=7080688001 f=0.405 u=0 breach=1 end=
CBAP_MIG t=24900000 epoch=4980 flow=57 side=new cur=6832332750 next=6932916626 tgt=7080688001 f=0.405 u=0 breach=1 end=
CBAP_MIG t=24900000 epoch=4980 flow=58 side=new cur=6832513048 next=6933023903 tgt=7080688001 f=0.405 u=0 breach=1 end=
CBAP_MIG t=24900000 epoch=4980 flow=59 side=new cur=6832357858 next=6932931565 tgt=7080688001 f=0.405 u=0 breach=1 end=
CBAP_MIG t=24900000 epoch=4980 flow=60 side=new cur=6829864932 next=6931448274 tgt=7080688001 f=0.405 u=0 breach=1 end=
CBAP_MIG t=24900000 epoch=4980 flow=61 side=new cur=6832322014 next=6932910238 tgt=7080688001 f=0.405 u=0 breach=1 end=
CBAP_MIG t=24900000 epoch=4980 flow=62 side=new cur=6832330652 next=6932915378 tgt=7080688001 f=0.405 u=0 breach=1 end=
CBAP_MIG t=24900000 epoch=4980 flow=64 side=new cur=6832392767 next=6932952336 tgt=7080688001 f=0.405 u=0 breach=1 end=
CBAP_MIG t=24905000 epoch=4981 flow=1 side=new cur=6933045245 next=6992840561 tgt=7080688001 f=0.405 u=0 breach=1 end=
CBAP_MIG t=24905000 epoch=4981 flow=2 side=new cur=6933019699 next=6992825361 tgt=7080688001 f=0.405 u=0 breach=1 end=
CBAP_MIG t=24905000 epoch=4981 flow=3 side=new cur=6932958522 next=6992788960 tgt=7080688001 f=0.405 u=0 breach=1 end=
CBAP_MIG t=24905000 epoch=4981 flow=4 side=new cur=6931306842 next=6991806211 tgt=7080688001 f=0.405 u=0 breach=1 end=
CBAP_MIG t=24905000 epoch=4981 flow=5 side=new cur=6933033737 next=6992833713 tgt=7080688001 f=0.405 u=0 breach=1 end=
CBAP_MIG t=24905000 epoch=4981 flow=7 side=new cur=6932904556 next=6992756851 tgt=7080688001 f=0.405 u=0 breach=1 end=
CBAP_MIG t=24905000 epoch=4981 flow=8 side=new cur=6932954017 next=6992786280 tgt=7080688001 f=0.405 u=0 breach=1 end=
CBAP_MIG t=24905000 epoch=4981 flow=9 side=new cur=6933013690 next=6992821785 tgt=7080688001 f=0.405 u=0 breach=1 end=
CBAP_MIG t=24905000 epoch=4981 flow=10 side=new cur=6931495765 next=6991918620 tgt=7080688001 f=0.405 u=0 breach=1 end=
CBAP_MIG t=24905000 epoch=4981 flow=12 side=new cur=6933001953 next=6992814802 tgt=7080688001 f=0.405 u=0 breach=1 end=
CBAP_MIG t=24905000 epoch=4981 flow=13 side=new cur=6933026299 next=6992829288 tgt=7080688001 f=0.405 u=0 breach=1 end=
CBAP_MIG t=24905000 epoch=4981 flow=14 side=new cur=6931335035 next=6991822986 tgt=7080688001 f=0.405 u=0 breach=1 end=
CBAP_MIG t=24905000 epoch=4981 flow=15 side=new cur=6932904556 next=6992756851 tgt=7080688001 f=0.405 u=0 breach=1 end=
CBAP_MIG t=24905000 epoch=4981 flow=16 side=new cur=6933033158 next=6992833369 tgt=7080688001 f=0.405 u=0 breach=1 end=
CBAP_MIG t=24905000 epoch=4981 flow=17 side=new cur=6932904556 next=6992756851 tgt=7080688001 f=0.405 u=0 breach=1 end=
CBAP_MIG t=24905000 epoch=4981 flow=18 side=new cur=6933028653 next=6992830688 tgt=7080688001 f=0.405 u=0 breach=1 end=
CBAP_MIG t=24905000 epoch=4981 flow=19 side=new cur=6932904556 next=6992756851 tgt=7080688001 f=0.405 u=0 breach=1 end=
CBAP_MIG t=24905000 epoch=4981 flow=20 side=new cur=6932914501 next=6992762768 tgt=7080688001 f=0.405 u=0 breach=1 end=
CBAP_MIG t=24905000 epoch=4981 flow=21 side=new cur=6933026174 next=6992829213 tgt=7080688001 f=0.405 u=0 breach=1 end=
CBAP_MIG t=24905000 epoch=4981 flow=22 side=new cur=6931373174 next=6991845678 tgt=7080688001 f=0.405 u=0 breach=1 end=
CBAP_MIG t=24905000 epoch=4981 flow=23 side=new cur=6933027230 next=6992829842 tgt=7080688001 f=0.405 u=0 breach=1 end=
CBAP_MIG t=24905000 epoch=4981 flow=25 side=new cur=6932931871 next=6992773103 tgt=7080688001 f=0.405 u=0 breach=1 end=
CBAP_MIG t=24905000 epoch=4981 flow=26 side=new cur=6932944115 next=6992780388 tgt=7080688001 f=0.405 u=0 breach=1 end=
CBAP_MIG t=24905000 epoch=4981 flow=27 side=new cur=6933124437 next=6992887680 tgt=7080688001 f=0.405 u=0 breach=1 end=
CBAP_MIG t=24905000 epoch=4981 flow=28 side=new cur=6932904556 next=6992756851 tgt=7080688001 f=0.405 u=0 breach=1 end=
CBAP_MIG t=24905000 epoch=4981 flow=29 side=new cur=6932933863 next=6992774288 tgt=7080688001 f=0.405 u=0 breach=1 end=
CBAP_MIG t=24905000 epoch=4981 flow=31 side=new cur=6932950310 next=6992784074 tgt=7080688001 f=0.405 u=0 breach=1 end=
CBAP_MIG t=24905000 epoch=4981 flow=32 side=new cur=6931357431 next=6991836311 tgt=7080688001 f=0.405 u=0 breach=1 end=
CBAP_MIG t=24905000 epoch=4981 flow=34 side=new cur=6932976237 next=6992799501 tgt=7080688001 f=0.405 u=0 breach=1 end=
CBAP_MIG t=24905000 epoch=4981 flow=35 side=new cur=6932942009 next=6992779135 tgt=7080688001 f=0.405 u=0 breach=1 end=
CBAP_MIG t=24905000 epoch=4981 flow=36 side=new cur=6931358002 next=6991836651 tgt=7080688001 f=0.405 u=0 breach=1 end=
CBAP_MIG t=24905000 epoch=4981 flow=37 side=new cur=6933031466 next=6992832362 tgt=7080688001 f=0.405 u=0 breach=1 end=
CBAP_MIG t=24905000 epoch=4981 flow=38 side=new cur=6932936998 next=6992776154 tgt=7080688001 f=0.405 u=0 breach=1 end=
CBAP_MIG t=24905000 epoch=4981 flow=39 side=new cur=6932925061 next=6992769051 tgt=7080688001 f=0.405 u=0 breach=1 end=
CBAP_MIG t=24905000 epoch=4981 flow=40 side=new cur=6931396099 next=6991859319 tgt=7080688001 f=0.405 u=0 breach=1 end=
CBAP_MIG t=24905000 epoch=4981 flow=41 side=new cur=6931590421 next=6991974940 tgt=7080688001 f=0.405 u=0 breach=1 end=
CBAP_MIG t=24905000 epoch=4981 flow=42 side=new cur=6932931086 next=6992772636 tgt=7080688001 f=0.405 u=0 breach=1 end=
CBAP_MIG t=24905000 epoch=4981 flow=43 side=new cur=6932904556 next=6992756851 tgt=7080688001 f=0.405 u=0 breach=1 end=
CBAP_MIG t=24905000 epoch=4981 flow=44 side=new cur=6932917205 next=6992764377 tgt=7080688001 f=0.405 u=0 breach=1 end=
CBAP_MIG t=24905000 epoch=4981 flow=45 side=new cur=6933023991 next=6992827915 tgt=7080688001 f=0.405 u=0 breach=1 end=
CBAP_MIG t=24905000 epoch=4981 flow=46 side=new cur=6932941990 next=6992779124 tgt=7080688001 f=0.405 u=0 breach=1 end=
CBAP_MIG t=24905000 epoch=4981 flow=48 side=new cur=6931387216 next=6991854033 tgt=7080688001 f=0.405 u=0 breach=1 end=
CBAP_MIG t=24905000 epoch=4981 flow=49 side=new cur=6932904556 next=6992756851 tgt=7080688001 f=0.405 u=0 breach=1 end=
CBAP_MIG t=24905000 epoch=4981 flow=50 side=new cur=6932916203 next=6992763781 tgt=7080688001 f=0.405 u=0 breach=1 end=
CBAP_MIG t=24905000 epoch=4981 flow=51 side=new cur=6932922479 next=6992767515 tgt=7080688001 f=0.405 u=0 breach=1 end=
CBAP_MIG t=24905000 epoch=4981 flow=52 side=new cur=6931366571 next=6991841750 tgt=7080688001 f=0.405 u=0 breach=1 end=
CBAP_MIG t=24905000 epoch=4981 flow=53 side=new cur=6932966589 next=6992793760 tgt=7080688001 f=0.405 u=0 breach=1 end=
CBAP_MIG t=24905000 epoch=4981 flow=54 side=new cur=6931514150 next=6991929559 tgt=7080688001 f=0.405 u=0 breach=1 end=
CBAP_MIG t=24905000 epoch=4981 flow=55 side=new cur=6932904556 next=6992756851 tgt=7080688001 f=0.405 u=0 breach=1 end=
CBAP_MIG t=24905000 epoch=4981 flow=56 side=new cur=6931560563 next=6991957175 tgt=7080688001 f=0.405 u=0 breach=1 end=
CBAP_MIG t=24905000 epoch=4981 flow=57 side=new cur=6932916626 next=6992764032 tgt=7080688001 f=0.405 u=0 breach=1 end=
CBAP_MIG t=24905000 epoch=4981 flow=58 side=new cur=6933023903 next=6992827862 tgt=7080688001 f=0.405 u=0 breach=1 end=
CBAP_MIG t=24905000 epoch=4981 flow=59 side=new cur=6932931565 next=6992772921 tgt=7080688001 f=0.405 u=0 breach=1 end=
CBAP_MIG t=24905000 epoch=4981 flow=60 side=new cur=6931448274 next=6991890363 tgt=7080688001 f=0.405 u=0 breach=1 end=
CBAP_MIG t=24905000 epoch=4981 flow=61 side=new cur=6932910238 next=6992760232 tgt=7080688001 f=0.405 u=0 breach=1 end=
CBAP_MIG t=24905000 epoch=4981 flow=62 side=new cur=6932915378 next=6992763290 tgt=7080688001 f=0.405 u=0 breach=1 end=
CBAP_MIG t=24905000 epoch=4981 flow=64 side=new cur=6932952336 next=6992785280 tgt=7080688001 f=0.405 u=0 breach=1 end=
CBAP_MIG t=24910000 epoch=4982 flow=1 side=new cur=6992840561 next=7028418774 tgt=7080688001 f=0.405 u=0 breach=1 end=converged
CBAP_MIG t=24910000 epoch=4982 flow=2 side=new cur=6992825361 next=7028409730 tgt=7080688001 f=0.405 u=0 breach=1 end=converged
CBAP_MIG t=24910000 epoch=4982 flow=3 side=new cur=6992788960 next=7028388071 tgt=7080688001 f=0.405 u=0 breach=1 end=converged
CBAP_MIG t=24910000 epoch=4982 flow=4 side=new cur=6991806211 next=7027803335 tgt=7080688001 f=0.405 u=0 breach=1 end=converged
CBAP_MIG t=24910000 epoch=4982 flow=5 side=new cur=6992833713 next=7028414699 tgt=7080688001 f=0.405 u=0 breach=1 end=converged
CBAP_MIG t=24910000 epoch=4982 flow=7 side=new cur=6992756851 next=7028368966 tgt=7080688001 f=0.405 u=0 breach=1 end=converged
CBAP_MIG t=24910000 epoch=4982 flow=8 side=new cur=6992786280 next=7028386477 tgt=7080688001 f=0.405 u=0 breach=1 end=converged
CBAP_MIG t=24910000 epoch=4982 flow=9 side=new cur=6992821785 next=7028407602 tgt=7080688001 f=0.405 u=0 breach=1 end=converged
CBAP_MIG t=24910000 epoch=4982 flow=10 side=new cur=6991918620 next=7027870219 tgt=7080688001 f=0.405 u=0 breach=1 end=converged
CBAP_MIG t=24910000 epoch=4982 flow=12 side=new cur=6992814802 next=7028403447 tgt=7080688001 f=0.405 u=0 breach=1 end=converged
CBAP_MIG t=24910000 epoch=4982 flow=13 side=new cur=6992829288 next=7028412066 tgt=7080688001 f=0.405 u=0 breach=1 end=converged
CBAP_MIG t=24910000 epoch=4982 flow=14 side=new cur=6991822986 next=7027813317 tgt=7080688001 f=0.405 u=0 breach=1 end=converged
CBAP_MIG t=24910000 epoch=4982 flow=15 side=new cur=6992756851 next=7028368966 tgt=7080688001 f=0.405 u=0 breach=1 end=converged
CBAP_MIG t=24910000 epoch=4982 flow=16 side=new cur=6992833369 next=7028414494 tgt=7080688001 f=0.405 u=0 breach=1 end=converged
CBAP_MIG t=24910000 epoch=4982 flow=17 side=new cur=6992756851 next=7028368966 tgt=7080688001 f=0.405 u=0 breach=1 end=converged
CBAP_MIG t=24910000 epoch=4982 flow=18 side=new cur=6992830688 next=7028412899 tgt=7080688001 f=0.405 u=0 breach=1 end=converged
CBAP_MIG t=24910000 epoch=4982 flow=19 side=new cur=6992756851 next=7028368966 tgt=7080688001 f=0.405 u=0 breach=1 end=converged
CBAP_MIG t=24910000 epoch=4982 flow=20 side=new cur=6992762768 next=7028372487 tgt=7080688001 f=0.405 u=0 breach=1 end=converged
CBAP_MIG t=24910000 epoch=4982 flow=21 side=new cur=6992829213 next=7028412022 tgt=7080688001 f=0.405 u=0 breach=1 end=converged
CBAP_MIG t=24910000 epoch=4982 flow=22 side=new cur=6991845678 next=7027826818 tgt=7080688001 f=0.405 u=0 breach=1 end=converged
CBAP_MIG t=24910000 epoch=4982 flow=23 side=new cur=6992829842 next=7028412396 tgt=7080688001 f=0.405 u=0 breach=1 end=converged
CBAP_MIG t=24910000 epoch=4982 flow=25 side=new cur=6992773103 next=7028378636 tgt=7080688001 f=0.405 u=0 breach=1 end=converged
CBAP_MIG t=24910000 epoch=4982 flow=26 side=new cur=6992780388 next=7028382971 tgt=7080688001 f=0.405 u=0 breach=1 end=converged
CBAP_MIG t=24910000 epoch=4982 flow=27 side=new cur=6992887680 next=7028446810 tgt=7080688001 f=0.405 u=0 breach=1 end=converged
CBAP_MIG t=24910000 epoch=4982 flow=28 side=new cur=6992756851 next=7028368966 tgt=7080688001 f=0.405 u=0 breach=1 end=converged
CBAP_MIG t=24910000 epoch=4982 flow=29 side=new cur=6992774288 next=7028379341 tgt=7080688001 f=0.405 u=0 breach=1 end=converged
CBAP_MIG t=24910000 epoch=4982 flow=31 side=new cur=6992784074 next=7028385164 tgt=7080688001 f=0.405 u=0 breach=1 end=converged
CBAP_MIG t=24910000 epoch=4982 flow=32 side=new cur=6991836311 next=7027821245 tgt=7080688001 f=0.405 u=0 breach=1 end=converged
CBAP_MIG t=24910000 epoch=4982 flow=34 side=new cur=6992799501 next=7028394343 tgt=7080688001 f=0.405 u=0 breach=1 end=converged
CBAP_MIG t=24910000 epoch=4982 flow=35 side=new cur=6992779135 next=7028382225 tgt=7080688001 f=0.405 u=0 breach=1 end=converged
CBAP_MIG t=24910000 epoch=4982 flow=36 side=new cur=6991836651 next=7027821447 tgt=7080688001 f=0.405 u=0 breach=1 end=converged
CBAP_MIG t=24910000 epoch=4982 flow=37 side=new cur=6992832362 next=7028413895 tgt=7080688001 f=0.405 u=0 breach=1 end=converged
CBAP_MIG t=24910000 epoch=4982 flow=38 side=new cur=6992776154 next=7028380452 tgt=7080688001 f=0.405 u=0 breach=1 end=converged
CBAP_MIG t=24910000 epoch=4982 flow=39 side=new cur=6992769051 next=7028376225 tgt=7080688001 f=0.405 u=0 breach=1 end=converged
CBAP_MIG t=24910000 epoch=4982 flow=40 side=new cur=6991859319 next=7027834935 tgt=7080688001 f=0.405 u=0 breach=1 end=converged
CBAP_MIG t=24910000 epoch=4982 flow=41 side=new cur=6991974940 next=7027903729 tgt=7080688001 f=0.405 u=0 breach=1 end=converged
CBAP_MIG t=24910000 epoch=4982 flow=42 side=new cur=6992772636 next=7028378358 tgt=7080688001 f=0.405 u=0 breach=1 end=converged
CBAP_MIG t=24910000 epoch=4982 flow=43 side=new cur=6992756851 next=7028368966 tgt=7080688001 f=0.405 u=0 breach=1 end=converged
CBAP_MIG t=24910000 epoch=4982 flow=44 side=new cur=6992764377 next=7028373444 tgt=7080688001 f=0.405 u=0 breach=1 end=converged
CBAP_MIG t=24910000 epoch=4982 flow=45 side=new cur=6992827915 next=7028411249 tgt=7080688001 f=0.405 u=0 breach=1 end=converged
CBAP_MIG t=24910000 epoch=4982 flow=46 side=new cur=6992779124 next=7028382219 tgt=7080688001 f=0.405 u=0 breach=1 end=converged
CBAP_MIG t=24910000 epoch=4982 flow=48 side=new cur=6991854033 next=7027831790 tgt=7080688001 f=0.405 u=0 breach=1 end=converged
CBAP_MIG t=24910000 epoch=4982 flow=49 side=new cur=6992756851 next=7028368966 tgt=7080688001 f=0.405 u=0 breach=1 end=converged
CBAP_MIG t=24910000 epoch=4982 flow=50 side=new cur=6992763781 next=7028373090 tgt=7080688001 f=0.405 u=0 breach=1 end=converged
CBAP_MIG t=24910000 epoch=4982 flow=51 side=new cur=6992767515 next=7028375311 tgt=7080688001 f=0.405 u=0 breach=1 end=converged
CBAP_MIG t=24910000 epoch=4982 flow=52 side=new cur=6991841750 next=7027824481 tgt=7080688001 f=0.405 u=0 breach=1 end=converged
CBAP_MIG t=24910000 epoch=4982 flow=53 side=new cur=6992793760 next=7028390927 tgt=7080688001 f=0.405 u=0 breach=1 end=converged
CBAP_MIG t=24910000 epoch=4982 flow=54 side=new cur=6991929559 next=7027876728 tgt=7080688001 f=0.405 u=0 breach=1 end=converged
CBAP_MIG t=24910000 epoch=4982 flow=55 side=new cur=6992756851 next=7028368966 tgt=7080688001 f=0.405 u=0 breach=1 end=converged
CBAP_MIG t=24910000 epoch=4982 flow=56 side=new cur=6991957175 next=7027893159 tgt=7080688001 f=0.405 u=0 breach=1 end=converged
CBAP_MIG t=24910000 epoch=4982 flow=57 side=new cur=6992764032 next=7028373239 tgt=7080688001 f=0.405 u=0 breach=1 end=converged
CBAP_MIG t=24910000 epoch=4982 flow=58 side=new cur=6992827862 next=7028411218 tgt=7080688001 f=0.405 u=0 breach=1 end=converged
CBAP_MIG t=24910000 epoch=4982 flow=59 side=new cur=6992772921 next=7028378528 tgt=7080688001 f=0.405 u=0 breach=1 end=converged
CBAP_MIG t=24910000 epoch=4982 flow=60 side=new cur=6991890363 next=7027853406 tgt=7080688001 f=0.405 u=0 breach=1 end=converged
CBAP_MIG t=24910000 epoch=4982 flow=61 side=new cur=6992760232 next=7028370978 tgt=7080688001 f=0.405 u=0 breach=1 end=converged
CBAP_MIG t=24910000 epoch=4982 flow=62 side=new cur=6992763290 next=7028372797 tgt=7080688001 f=0.405 u=0 breach=1 end=converged
CBAP_MIG t=24910000 epoch=4982 flow=64 side=new cur=6992785280 next=7028385882 tgt=7080688001 f=0.405 u=0 breach=1 end=converged
CBAP_MIG_REPLAN t=24920000 reason=active_set_shrank flow=0 batch=0 newest_batch=1 cur=4005487293 target=4000000000 ceiling=320000000000 old_side_present=1
CBAP_MIG_REPLAN t=24920000 reason=active_set_shrank flow=1 batch=1 newest_batch=1 cur=7028418774 target=7135704486 ceiling=400000000000 old_side_present=1
CBAP_MIG_REPLAN t=24920000 reason=active_set_shrank flow=2 batch=1 newest_batch=1 cur=7028409730 target=7135704486 ceiling=400000000000 old_side_present=1
CBAP_MIG_REPLAN t=24920000 reason=active_set_shrank flow=3 batch=1 newest_batch=1 cur=7028388071 target=7135704486 ceiling=400000000000 old_side_present=1
CBAP_MIG_REPLAN t=24920000 reason=active_set_shrank flow=4 batch=1 newest_batch=1 cur=7027803335 target=7135704486 ceiling=400000000000 old_side_present=1
CBAP_MIG_REPLAN t=24920000 reason=active_set_shrank flow=5 batch=1 newest_batch=1 cur=7028414699 target=7135704486 ceiling=400000000000 old_side_present=1
CBAP_MIG_REPLAN t=24920000 reason=active_set_shrank flow=7 batch=1 newest_batch=1 cur=7028368966 target=7135704486 ceiling=400000000000 old_side_present=1
CBAP_MIG_REPLAN t=24920000 reason=active_set_shrank flow=8 batch=1 newest_batch=1 cur=7028386477 target=7135704486 ceiling=400000000000 old_side_present=1
CBAP_MIG_REPLAN t=24920000 reason=active_set_shrank flow=9 batch=1 newest_batch=1 cur=7028407602 target=7135704486 ceiling=400000000000 old_side_present=1
CBAP_MIG_REPLAN t=24920000 reason=active_set_shrank flow=10 batch=1 newest_batch=1 cur=7027870219 target=7135704486 ceiling=400000000000 old_side_present=1
CBAP_MIG_REPLAN t=24920000 reason=active_set_shrank flow=12 batch=1 newest_batch=1 cur=7028403447 target=7135704486 ceiling=400000000000 old_side_present=1
CBAP_MIG_REPLAN t=24920000 reason=active_set_shrank flow=13 batch=1 newest_batch=1 cur=7028412066 target=7135704486 ceiling=400000000000 old_side_present=1
CBAP_MIG_REPLAN t=24920000 reason=active_set_shrank flow=14 batch=1 newest_batch=1 cur=7027813317 target=7135704486 ceiling=400000000000 old_side_present=1
CBAP_MIG_REPLAN t=24920000 reason=active_set_shrank flow=15 batch=1 newest_batch=1 cur=7028368966 target=7135704486 ceiling=400000000000 old_side_present=1
CBAP_MIG_REPLAN t=24920000 reason=active_set_shrank flow=16 batch=1 newest_batch=1 cur=7028414494 target=7135704486 ceiling=400000000000 old_side_present=1
CBAP_MIG_REPLAN t=24920000 reason=active_set_shrank flow=17 batch=1 newest_batch=1 cur=7028368966 target=7135704486 ceiling=400000000000 old_side_present=1
CBAP_MIG_REPLAN t=24920000 reason=active_set_shrank flow=18 batch=1 newest_batch=1 cur=7028412899 target=7135704486 ceiling=400000000000 old_side_present=1
CBAP_MIG_REPLAN t=24920000 reason=active_set_shrank flow=19 batch=1 newest_batch=1 cur=7028368966 target=7135704486 ceiling=400000000000 old_side_present=1
CBAP_MIG_REPLAN t=24920000 reason=active_set_shrank flow=20 batch=1 newest_batch=1 cur=7028372487 target=7135704486 ceiling=400000000000 old_side_present=1
CBAP_MIG_REPLAN t=24920000 reason=active_set_shrank flow=21 batch=1 newest_batch=1 cur=7028412022 target=7135704486 ceiling=400000000000 old_side_present=1
CBAP_MIG_REPLAN t=24920000 reason=active_set_shrank flow=23 batch=1 newest_batch=1 cur=7028412396 target=7135704486 ceiling=400000000000 old_side_present=1
CBAP_MIG_REPLAN t=24920000 reason=active_set_shrank flow=25 batch=1 newest_batch=1 cur=7028378636 target=7135704486 ceiling=400000000000 old_side_present=1
CBAP_MIG_REPLAN t=24920000 reason=active_set_shrank flow=26 batch=1 newest_batch=1 cur=7028382971 target=7135704486 ceiling=400000000000 old_side_present=1
CBAP_MIG_REPLAN t=24920000 reason=active_set_shrank flow=27 batch=1 newest_batch=1 cur=7028446810 target=7135704486 ceiling=400000000000 old_side_present=1
CBAP_MIG_REPLAN t=24920000 reason=active_set_shrank flow=28 batch=1 newest_batch=1 cur=7028368966 target=7135704486 ceiling=400000000000 old_side_present=1
CBAP_MIG_REPLAN t=24920000 reason=active_set_shrank flow=29 batch=1 newest_batch=1 cur=7028379341 target=7135704486 ceiling=400000000000 old_side_present=1
CBAP_MIG_REPLAN t=24920000 reason=active_set_shrank flow=31 batch=1 newest_batch=1 cur=7028385164 target=7135704486 ceiling=400000000000 old_side_present=1
CBAP_MIG_REPLAN t=24920000 reason=active_set_shrank flow=32 batch=1 newest_batch=1 cur=7027821245 target=7135704486 ceiling=400000000000 old_side_present=1
CBAP_MIG_REPLAN t=24920000 reason=active_set_shrank flow=34 batch=1 newest_batch=1 cur=7028394343 target=7135704486 ceiling=400000000000 old_side_present=1
CBAP_MIG_REPLAN t=24920000 reason=active_set_shrank flow=35 batch=1 newest_batch=1 cur=7028382225 target=7135704486 ceiling=400000000000 old_side_present=1
CBAP_MIG_REPLAN t=24920000 reason=active_set_shrank flow=36 batch=1 newest_batch=1 cur=7027821447 target=7135704486 ceiling=400000000000 old_side_present=1
CBAP_MIG_REPLAN t=24920000 reason=active_set_shrank flow=37 batch=1 newest_batch=1 cur=7028413895 target=7135704486 ceiling=400000000000 old_side_present=1
CBAP_MIG_REPLAN t=24920000 reason=active_set_shrank flow=38 batch=1 newest_batch=1 cur=7028380452 target=7135704486 ceiling=400000000000 old_side_present=1
CBAP_MIG_REPLAN t=24920000 reason=active_set_shrank flow=39 batch=1 newest_batch=1 cur=7028376225 target=7135704486 ceiling=400000000000 old_side_present=1
CBAP_MIG_REPLAN t=24920000 reason=active_set_shrank flow=40 batch=1 newest_batch=1 cur=7027834935 target=7135704486 ceiling=400000000000 old_side_present=1
CBAP_MIG_REPLAN t=24920000 reason=active_set_shrank flow=41 batch=1 newest_batch=1 cur=7027903729 target=7135704486 ceiling=400000000000 old_side_present=1
CBAP_MIG_REPLAN t=24920000 reason=active_set_shrank flow=42 batch=1 newest_batch=1 cur=7028378358 target=7135704486 ceiling=400000000000 old_side_present=1
CBAP_MIG_REPLAN t=24920000 reason=active_set_shrank flow=43 batch=1 newest_batch=1 cur=7028368966 target=7135704486 ceiling=400000000000 old_side_present=1
CBAP_MIG_REPLAN t=24920000 reason=active_set_shrank flow=44 batch=1 newest_batch=1 cur=7028373444 target=7135704486 ceiling=400000000000 old_side_present=1
CBAP_MIG_REPLAN t=24920000 reason=active_set_shrank flow=45 batch=1 newest_batch=1 cur=7028411249 target=7135704486 ceiling=400000000000 old_side_present=1
CBAP_MIG_REPLAN t=24920000 reason=active_set_shrank flow=46 batch=1 newest_batch=1 cur=7028382219 target=7135704486 ceiling=400000000000 old_side_present=1
CBAP_MIG_REPLAN t=24920000 reason=active_set_shrank flow=48 batch=1 newest_batch=1 cur=7027831790 target=7135704486 ceiling=400000000000 old_side_present=1
CBAP_MIG_REPLAN t=24920000 reason=active_set_shrank flow=49 batch=1 newest_batch=1 cur=7028368966 target=7135704486 ceiling=400000000000 old_side_present=1
CBAP_MIG_REPLAN t=24920000 reason=active_set_shrank flow=50 batch=1 newest_batch=1 cur=7028373090 target=7135704486 ceiling=400000000000 old_side_present=1
CBAP_MIG_REPLAN t=24920000 reason=active_set_shrank flow=51 batch=1 newest_batch=1 cur=7028375311 target=7135704486 ceiling=400000000000 old_side_present=1
CBAP_MIG_REPLAN t=24920000 reason=active_set_shrank flow=52 batch=1 newest_batch=1 cur=7027824481 target=7135704486 ceiling=400000000000 old_side_present=1
CBAP_MIG_REPLAN t=24920000 reason=active_set_shrank flow=53 batch=1 newest_batch=1 cur=7028390927 target=7135704486 ceiling=400000000000 old_side_present=1
CBAP_MIG_REPLAN t=24920000 reason=active_set_shrank flow=54 batch=1 newest_batch=1 cur=7027876728 target=7135704486 ceiling=400000000000 old_side_present=1
CBAP_MIG_REPLAN t=24920000 reason=active_set_shrank flow=55 batch=1 newest_batch=1 cur=7028368966 target=7135704486 ceiling=400000000000 old_side_present=1
CBAP_MIG_REPLAN t=24920000 reason=active_set_shrank flow=56 batch=1 newest_batch=1 cur=7027893159 target=7135704486 ceiling=400000000000 old_side_present=1
CBAP_MIG_REPLAN t=24920000 reason=active_set_shrank flow=57 batch=1 newest_batch=1 cur=7028373239 target=7135704486 ceiling=400000000000 old_side_present=1
CBAP_MIG_REPLAN t=24920000 reason=active_set_shrank flow=58 batch=1 newest_batch=1 cur=7028411218 target=7135704486 ceiling=400000000000 old_side_present=1
CBAP_MIG_REPLAN t=24920000 reason=active_set_shrank flow=59 batch=1 newest_batch=1 cur=7028378528 target=7135704486 ceiling=400000000000 old_side_present=1
CBAP_MIG_REPLAN t=24920000 reason=active_set_shrank flow=60 batch=1 newest_batch=1 cur=7027853406 target=7135704486 ceiling=400000000000 old_side_present=1
CBAP_MIG_REPLAN t=24920000 reason=active_set_shrank flow=61 batch=1 newest_batch=1 cur=7028370978 target=7135704486 ceiling=400000000000 old_side_present=1
CBAP_MIG_REPLAN t=24920000 reason=active_set_shrank flow=62 batch=1 newest_batch=1 cur=7028372797 target=7135704486 ceiling=400000000000 old_side_present=1
CBAP_MIG_REPLAN t=24920000 reason=active_set_shrank flow=64 batch=1 newest_batch=1 cur=7028385882 target=7135704486 ceiling=400000000000 old_side_present=1
CBAP_MIG t=24920000 epoch=4984 flow=0 side=old cur=4005487293 next=4003841105 tgt=4000000000 f=0.3 u=0 breach=0 end=converged
CBAP_MIG t=24920000 epoch=4984 flow=1 side=new cur=7028418774 next=7071869487 tgt=7135704486 f=0.405 u=0 breach=1 end=converged
CBAP_MIG t=24920000 epoch=4984 flow=2 side=new cur=7028409730 next=7071864106 tgt=7135704486 f=0.405 u=0 breach=1 end=converged
CBAP_MIG t=24920000 epoch=4984 flow=3 side=new cur=7028388071 next=7071851219 tgt=7135704486 f=0.405 u=0 breach=1 end=converged
CBAP_MIG t=24920000 epoch=4984 flow=4 side=new cur=7027803335 next=7071503301 tgt=7135704486 f=0.405 u=0 breach=1 end=converged
CBAP_MIG t=24920000 epoch=4984 flow=5 side=new cur=7028414699 next=7071867062 tgt=7135704486 f=0.405 u=0 breach=1 end=converged
CBAP_MIG t=24920000 epoch=4984 flow=7 side=new cur=7028368966 next=7071839851 tgt=7135704486 f=0.405 u=0 breach=1 end=converged
CBAP_MIG t=24920000 epoch=4984 flow=8 side=new cur=7028386477 next=7071850270 tgt=7135704486 f=0.405 u=0 breach=1 end=converged
CBAP_MIG t=24920000 epoch=4984 flow=9 side=new cur=7028407602 next=7071862840 tgt=7135704486 f=0.405 u=0 breach=1 end=converged
CBAP_MIG t=24920000 epoch=4984 flow=10 side=new cur=7027870219 next=7071543097 tgt=7135704486 f=0.405 u=0 breach=1 end=converged
CBAP_MIG t=24920000 epoch=4984 flow=12 side=new cur=7028403447 next=7071860367 tgt=7135704486 f=0.405 u=0 breach=1 end=converged
CBAP_MIG t=24920000 epoch=4984 flow=13 side=new cur=7028412066 next=7071865496 tgt=7135704486 f=0.405 u=0 breach=1 end=converged
CBAP_MIG t=24920000 epoch=4984 flow=14 side=new cur=7027813317 next=7071509240 tgt=7135704486 f=0.405 u=0 breach=1 end=converged
CBAP_MIG t=24920000 epoch=4984 flow=15 side=new cur=7028368966 next=7071839851 tgt=7135704486 f=0.405 u=0 breach=1 end=converged
CBAP_MIG t=24920000 epoch=4984 flow=16 side=new cur=7028414494 next=7071866940 tgt=7135704486 f=0.405 u=0 breach=1 end=converged
CBAP_MIG t=24920000 epoch=4984 flow=17 side=new cur=7028368966 next=7071839851 tgt=7135704486 f=0.405 u=0 breach=1 end=converged
CBAP_MIG t=24920000 epoch=4984 flow=18 side=new cur=7028412899 next=7071865991 tgt=7135704486 f=0.405 u=0 breach=1 end=converged
CBAP_MIG t=24920000 epoch=4984 flow=19 side=new cur=7028368966 next=7071839851 tgt=7135704486 f=0.405 u=0 breach=1 end=converged
CBAP_MIG t=24920000 epoch=4984 flow=20 side=new cur=7028372487 next=7071841946 tgt=7135704486 f=0.405 u=0 breach=1 end=converged
CBAP_MIG t=24920000 epoch=4984 flow=21 side=new cur=7028412022 next=7071865469 tgt=7135704486 f=0.405 u=0 breach=1 end=converged
CBAP_MIG t=24920000 epoch=4984 flow=23 side=new cur=7028412396 next=7071865692 tgt=7135704486 f=0.405 u=0 breach=1 end=converged
CBAP_MIG t=24920000 epoch=4984 flow=25 side=new cur=7028378636 next=7071845605 tgt=7135704486 f=0.405 u=0 breach=1 end=converged
CBAP_MIG t=24920000 epoch=4984 flow=26 side=new cur=7028382971 next=7071848184 tgt=7135704486 f=0.405 u=0 breach=1 end=converged
CBAP_MIG t=24920000 epoch=4984 flow=27 side=new cur=7028446810 next=7071886168 tgt=7135704486 f=0.405 u=0 breach=1 end=converged
CBAP_MIG t=24920000 epoch=4984 flow=28 side=new cur=7028368966 next=7071839851 tgt=7135704486 f=0.405 u=0 breach=1 end=converged
CBAP_MIG t=24920000 epoch=4984 flow=29 side=new cur=7028379341 next=7071846024 tgt=7135704486 f=0.405 u=0 breach=1 end=converged
CBAP_MIG t=24920000 epoch=4984 flow=31 side=new cur=7028385164 next=7071849489 tgt=7135704486 f=0.405 u=0 breach=1 end=converged
CBAP_MIG t=24920000 epoch=4984 flow=32 side=new cur=7027821245 next=7071513957 tgt=7135704486 f=0.405 u=0 breach=1 end=converged
CBAP_MIG t=24920000 epoch=4984 flow=34 side=new cur=7028394343 next=7071854950 tgt=7135704486 f=0.405 u=0 breach=1 end=converged
CBAP_MIG t=24920000 epoch=4984 flow=35 side=new cur=7028382225 next=7071847740 tgt=7135704486 f=0.405 u=0 breach=1 end=converged
CBAP_MIG t=24920000 epoch=4984 flow=36 side=new cur=7027821447 next=7071514077 tgt=7135704486 f=0.405 u=0 breach=1 end=converged
CBAP_MIG t=24920000 epoch=4984 flow=37 side=new cur=7028413895 next=7071866584 tgt=7135704486 f=0.405 u=0 breach=1 end=converged
CBAP_MIG t=24920000 epoch=4984 flow=38 side=new cur=7028380452 next=7071846685 tgt=7135704486 f=0.405 u=0 breach=1 end=converged
CBAP_MIG t=24920000 epoch=4984 flow=39 side=new cur=7028376225 next=7071844170 tgt=7135704486 f=0.405 u=0 breach=1 end=converged
CBAP_MIG t=24920000 epoch=4984 flow=40 side=new cur=7027834935 next=7071522103 tgt=7135704486 f=0.405 u=0 breach=1 end=converged
CBAP_MIG t=24920000 epoch=4984 flow=41 side=new cur=7027903729 next=7071563035 tgt=7135704486 f=0.405 u=0 breach=1 end=converged
CBAP_MIG t=24920000 epoch=4984 flow=42 side=new cur=7028378358 next=7071845439 tgt=7135704486 f=0.405 u=0 breach=1 end=converged
CBAP_MIG t=24920000 epoch=4984 flow=43 side=new cur=7028368966 next=7071839851 tgt=7135704486 f=0.405 u=0 breach=1 end=converged
CBAP_MIG t=24920000 epoch=4984 flow=44 side=new cur=7028373444 next=7071842516 tgt=7135704486 f=0.405 u=0 breach=1 end=converged
CBAP_MIG t=24920000 epoch=4984 flow=45 side=new cur=7028411249 next=7071865009 tgt=7135704486 f=0.405 u=0 breach=1 end=converged
CBAP_MIG t=24920000 epoch=4984 flow=46 side=new cur=7028382219 next=7071847737 tgt=7135704486 f=0.405 u=0 breach=1 end=converged
CBAP_MIG t=24920000 epoch=4984 flow=48 side=new cur=7027831790 next=7071520231 tgt=7135704486 f=0.405 u=0 breach=1 end=converged
CBAP_MIG t=24920000 epoch=4984 flow=49 side=new cur=7028368966 next=7071839851 tgt=7135704486 f=0.405 u=0 breach=1 end=converged
CBAP_MIG t=24920000 epoch=4984 flow=50 side=new cur=7028373090 next=7071842305 tgt=7135704486 f=0.405 u=0 breach=1 end=converged
CBAP_MIG t=24920000 epoch=4984 flow=51 side=new cur=7028375311 next=7071843626 tgt=7135704486 f=0.405 u=0 breach=1 end=converged
CBAP_MIG t=24920000 epoch=4984 flow=52 side=new cur=7027824481 next=7071515883 tgt=7135704486 f=0.405 u=0 breach=1 end=converged
CBAP_MIG t=24920000 epoch=4984 flow=53 side=new cur=7028390927 next=7071852918 tgt=7135704486 f=0.405 u=0 breach=1 end=converged
CBAP_MIG t=24920000 epoch=4984 flow=54 side=new cur=7027876728 next=7071546969 tgt=7135704486 f=0.405 u=0 breach=1 end=converged
CBAP_MIG t=24920000 epoch=4984 flow=55 side=new cur=7028368966 next=7071839851 tgt=7135704486 f=0.405 u=0 breach=1 end=converged
CBAP_MIG t=24920000 epoch=4984 flow=56 side=new cur=7027893159 next=7071556746 tgt=7135704486 f=0.405 u=0 breach=1 end=converged
CBAP_MIG t=24920000 epoch=4984 flow=57 side=new cur=7028373239 next=7071842394 tgt=7135704486 f=0.405 u=0 breach=1 end=converged
CBAP_MIG t=24920000 epoch=4984 flow=58 side=new cur=7028411218 next=7071864991 tgt=7135704486 f=0.405 u=0 breach=1 end=converged
CBAP_MIG t=24920000 epoch=4984 flow=59 side=new cur=7028378528 next=7071845540 tgt=7135704486 f=0.405 u=0 breach=1 end=converged
CBAP_MIG t=24920000 epoch=4984 flow=60 side=new cur=7027853406 next=7071533093 tgt=7135704486 f=0.405 u=0 breach=1 end=converged
CBAP_MIG t=24920000 epoch=4984 flow=61 side=new cur=7028370978 next=7071841048 tgt=7135704486 f=0.405 u=0 breach=1 end=converged
CBAP_MIG t=24920000 epoch=4984 flow=62 side=new cur=7028372797 next=7071842131 tgt=7135704486 f=0.405 u=0 breach=1 end=converged
CBAP_MIG t=24920000 epoch=4984 flow=64 side=new cur=7028385882 next=7071849916 tgt=7135704486 f=0.405 u=0 breach=1 end=converged
CBAP_MIG_REPLAN t=24950000 reason=active_set_shrank flow=0 batch=0 newest_batch=1 cur=4003841105 target=4000000000 ceiling=320000000000 old_side_present=1
CBAP_MIG_REPLAN t=24950000 reason=active_set_shrank flow=1 batch=1 newest_batch=1 cur=7071869487 target=7338174834 ceiling=400000000000 old_side_present=1
CBAP_MIG_REPLAN t=24950000 reason=active_set_shrank flow=2 batch=1 newest_batch=1 cur=7071864106 target=7338174834 ceiling=400000000000 old_side_present=1
CBAP_MIG_REPLAN t=24950000 reason=active_set_shrank flow=4 batch=1 newest_batch=1 cur=7071503301 target=7338174834 ceiling=400000000000 old_side_present=1
CBAP_MIG_REPLAN t=24950000 reason=active_set_shrank flow=5 batch=1 newest_batch=1 cur=7071867062 target=7338174834 ceiling=400000000000 old_side_present=1
CBAP_MIG_REPLAN t=24950000 reason=active_set_shrank flow=7 batch=1 newest_batch=1 cur=7071839851 target=7338174834 ceiling=400000000000 old_side_present=1
CBAP_MIG_REPLAN t=24950000 reason=active_set_shrank flow=8 batch=1 newest_batch=1 cur=7071850270 target=7338174834 ceiling=400000000000 old_side_present=1
CBAP_MIG_REPLAN t=24950000 reason=active_set_shrank flow=9 batch=1 newest_batch=1 cur=7071862840 target=7338174834 ceiling=400000000000 old_side_present=1
CBAP_MIG_REPLAN t=24950000 reason=active_set_shrank flow=10 batch=1 newest_batch=1 cur=7071543097 target=7338174834 ceiling=400000000000 old_side_present=1
CBAP_MIG_REPLAN t=24950000 reason=active_set_shrank flow=12 batch=1 newest_batch=1 cur=7071860367 target=7338174834 ceiling=400000000000 old_side_present=1
CBAP_MIG_REPLAN t=24950000 reason=active_set_shrank flow=13 batch=1 newest_batch=1 cur=7071865496 target=7338174834 ceiling=400000000000 old_side_present=1
CBAP_MIG_REPLAN t=24950000 reason=active_set_shrank flow=14 batch=1 newest_batch=1 cur=7071509240 target=7338174834 ceiling=400000000000 old_side_present=1
CBAP_MIG_REPLAN t=24950000 reason=active_set_shrank flow=15 batch=1 newest_batch=1 cur=7071839851 target=7338174834 ceiling=400000000000 old_side_present=1
CBAP_MIG_REPLAN t=24950000 reason=active_set_shrank flow=16 batch=1 newest_batch=1 cur=7071866940 target=7338174834 ceiling=400000000000 old_side_present=1
CBAP_MIG_REPLAN t=24950000 reason=active_set_shrank flow=17 batch=1 newest_batch=1 cur=7071839851 target=7338174834 ceiling=400000000000 old_side_present=1
CBAP_MIG_REPLAN t=24950000 reason=active_set_shrank flow=18 batch=1 newest_batch=1 cur=7071865991 target=7338174834 ceiling=400000000000 old_side_present=1
CBAP_MIG_REPLAN t=24950000 reason=active_set_shrank flow=19 batch=1 newest_batch=1 cur=7071839851 target=7338174834 ceiling=400000000000 old_side_present=1
CBAP_MIG_REPLAN t=24950000 reason=active_set_shrank flow=20 batch=1 newest_batch=1 cur=7071841946 target=7338174834 ceiling=400000000000 old_side_present=1
CBAP_MIG_REPLAN t=24950000 reason=active_set_shrank flow=21 batch=1 newest_batch=1 cur=7071865469 target=7338174834 ceiling=400000000000 old_side_present=1
CBAP_MIG_REPLAN t=24950000 reason=active_set_shrank flow=23 batch=1 newest_batch=1 cur=7071865692 target=7338174834 ceiling=400000000000 old_side_present=1
CBAP_MIG_REPLAN t=24950000 reason=active_set_shrank flow=25 batch=1 newest_batch=1 cur=7071845605 target=7338174834 ceiling=400000000000 old_side_present=1
CBAP_MIG_REPLAN t=24950000 reason=active_set_shrank flow=26 batch=1 newest_batch=1 cur=7071848184 target=7338174834 ceiling=400000000000 old_side_present=1
CBAP_MIG_REPLAN t=24950000 reason=active_set_shrank flow=27 batch=1 newest_batch=1 cur=7071886168 target=7338174834 ceiling=400000000000 old_side_present=1
CBAP_MIG_REPLAN t=24950000 reason=active_set_shrank flow=28 batch=1 newest_batch=1 cur=7071839851 target=7338174834 ceiling=400000000000 old_side_present=1
CBAP_MIG_REPLAN t=24950000 reason=active_set_shrank flow=29 batch=1 newest_batch=1 cur=7071846024 target=7338174834 ceiling=400000000000 old_side_present=1
CBAP_MIG_REPLAN t=24950000 reason=active_set_shrank flow=31 batch=1 newest_batch=1 cur=7071849489 target=7338174834 ceiling=400000000000 old_side_present=1
CBAP_MIG_REPLAN t=24950000 reason=active_set_shrank flow=32 batch=1 newest_batch=1 cur=7071513957 target=7338174834 ceiling=400000000000 old_side_present=1
CBAP_MIG_REPLAN t=24950000 reason=active_set_shrank flow=34 batch=1 newest_batch=1 cur=7071854950 target=7338174834 ceiling=400000000000 old_side_present=1
CBAP_MIG_REPLAN t=24950000 reason=active_set_shrank flow=35 batch=1 newest_batch=1 cur=7071847740 target=7338174834 ceiling=400000000000 old_side_present=1
CBAP_MIG_REPLAN t=24950000 reason=active_set_shrank flow=36 batch=1 newest_batch=1 cur=7071514077 target=7338174834 ceiling=400000000000 old_side_present=1
CBAP_MIG_REPLAN t=24950000 reason=active_set_shrank flow=37 batch=1 newest_batch=1 cur=7071866584 target=7338174834 ceiling=400000000000 old_side_present=1
CBAP_MIG_REPLAN t=24950000 reason=active_set_shrank flow=38 batch=1 newest_batch=1 cur=7071846685 target=7338174834 ceiling=400000000000 old_side_present=1
CBAP_MIG_REPLAN t=24950000 reason=active_set_shrank flow=39 batch=1 newest_batch=1 cur=7071844170 target=7338174834 ceiling=400000000000 old_side_present=1
CBAP_MIG_REPLAN t=24950000 reason=active_set_shrank flow=40 batch=1 newest_batch=1 cur=7071522103 target=7338174834 ceiling=400000000000 old_side_present=1
CBAP_MIG_REPLAN t=24950000 reason=active_set_shrank flow=41 batch=1 newest_batch=1 cur=7071563035 target=7338174834 ceiling=400000000000 old_side_present=1
CBAP_MIG_REPLAN t=24950000 reason=active_set_shrank flow=42 batch=1 newest_batch=1 cur=7071845439 target=7338174834 ceiling=400000000000 old_side_present=1
CBAP_MIG_REPLAN t=24950000 reason=active_set_shrank flow=43 batch=1 newest_batch=1 cur=7071839851 target=7338174834 ceiling=400000000000 old_side_present=1
CBAP_MIG_REPLAN t=24950000 reason=active_set_shrank flow=44 batch=1 newest_batch=1 cur=7071842516 target=7338174834 ceiling=400000000000 old_side_present=1
CBAP_MIG_REPLAN t=24950000 reason=active_set_shrank flow=45 batch=1 newest_batch=1 cur=7071865009 target=7338174834 ceiling=400000000000 old_side_present=1
CBAP_MIG_REPLAN t=24950000 reason=active_set_shrank flow=46 batch=1 newest_batch=1 cur=7071847737 target=7338174834 ceiling=400000000000 old_side_present=1
CBAP_MIG_REPLAN t=24950000 reason=active_set_shrank flow=48 batch=1 newest_batch=1 cur=7071520231 target=7338174834 ceiling=400000000000 old_side_present=1
CBAP_MIG_REPLAN t=24950000 reason=active_set_shrank flow=49 batch=1 newest_batch=1 cur=7071839851 target=7338174834 ceiling=400000000000 old_side_present=1
CBAP_MIG_REPLAN t=24950000 reason=active_set_shrank flow=50 batch=1 newest_batch=1 cur=7071842305 target=7338174834 ceiling=400000000000 old_side_present=1
CBAP_MIG_REPLAN t=24950000 reason=active_set_shrank flow=51 batch=1 newest_batch=1 cur=7071843626 target=7338174834 ceiling=400000000000 old_side_present=1
CBAP_MIG_REPLAN t=24950000 reason=active_set_shrank flow=52 batch=1 newest_batch=1 cur=7071515883 target=7338174834 ceiling=400000000000 old_side_present=1
CBAP_MIG_REPLAN t=24950000 reason=active_set_shrank flow=53 batch=1 newest_batch=1 cur=7071852918 target=7338174834 ceiling=400000000000 old_side_present=1
CBAP_MIG_REPLAN t=24950000 reason=active_set_shrank flow=54 batch=1 newest_batch=1 cur=7071546969 target=7338174834 ceiling=400000000000 old_side_present=1
CBAP_MIG_REPLAN t=24950000 reason=active_set_shrank flow=55 batch=1 newest_batch=1 cur=7071839851 target=7338174834 ceiling=400000000000 old_side_present=1
CBAP_MIG_REPLAN t=24950000 reason=active_set_shrank flow=56 batch=1 newest_batch=1 cur=7071556746 target=7338174834 ceiling=400000000000 old_side_present=1
CBAP_MIG_REPLAN t=24950000 reason=active_set_shrank flow=57 batch=1 newest_batch=1 cur=7071842394 target=7338174834 ceiling=400000000000 old_side_present=1
CBAP_MIG_REPLAN t=24950000 reason=active_set_shrank flow=58 batch=1 newest_batch=1 cur=7071864991 target=7338174834 ceiling=400000000000 old_side_present=1
CBAP_MIG_REPLAN t=24950000 reason=active_set_shrank flow=59 batch=1 newest_batch=1 cur=7071845540 target=7338174834 ceiling=400000000000 old_side_present=1
CBAP_MIG_REPLAN t=24950000 reason=active_set_shrank flow=60 batch=1 newest_batch=1 cur=7071533093 target=7338174834 ceiling=400000000000 old_side_present=1
CBAP_MIG_REPLAN t=24950000 reason=active_set_shrank flow=61 batch=1 newest_batch=1 cur=7071841048 target=7338174834 ceiling=400000000000 old_side_present=1
CBAP_MIG_REPLAN t=24950000 reason=active_set_shrank flow=62 batch=1 newest_batch=1 cur=7071842131 target=7338174834 ceiling=400000000000 old_side_present=1
CBAP_MIG_REPLAN t=24950000 reason=active_set_shrank flow=64 batch=1 newest_batch=1 cur=7071849916 target=7338174834 ceiling=400000000000 old_side_present=1
CBAP_MIG t=24950000 epoch=4990 flow=0 side=old cur=4003841105 next=4002688773 tgt=4000000000 f=0.3 u=0 breach=0 end=converged
CBAP_MIG t=24950000 epoch=4990 flow=1 side=new cur=7071869487 next=7179723152 tgt=7338174834 f=0.405 u=0 breach=1 end=
CBAP_MIG t=24950000 epoch=4990 flow=2 side=new cur=7071864106 next=7179719950 tgt=7338174834 f=0.405 u=0 breach=1 end=
CBAP_MIG t=24950000 epoch=4990 flow=4 side=new cur=7071503301 next=7179505271 tgt=7338174834 f=0.405 u=0 breach=1 end=
CBAP_MIG t=24950000 epoch=4990 flow=5 side=new cur=7071867062 next=7179721709 tgt=7338174834 f=0.405 u=0 breach=1 end=
CBAP_MIG t=24950000 epoch=4990 flow=7 side=new cur=7071839851 next=7179705519 tgt=7338174834 f=0.405 u=0 breach=1 end=
CBAP_MIG t=24950000 epoch=4990 flow=8 side=new cur=7071850270 next=7179711718 tgt=7338174834 f=0.405 u=0 breach=1 end=
CBAP_MIG t=24950000 epoch=4990 flow=9 side=new cur=7071862840 next=7179719197 tgt=7338174834 f=0.405 u=0 breach=1 end=
CBAP_MIG t=24950000 epoch=4990 flow=10 side=new cur=7071543097 next=7179528950 tgt=7338174834 f=0.405 u=0 breach=1 end=
CBAP_MIG t=24950000 epoch=4990 flow=12 side=new cur=7071860367 next=7179717726 tgt=7338174834 f=0.405 u=0 breach=1 end=
CBAP_MIG t=24950000 epoch=4990 flow=13 side=new cur=7071865496 next=7179720777 tgt=7338174834 f=0.405 u=0 breach=1 end=
CBAP_MIG t=24950000 epoch=4990 flow=14 side=new cur=7071509240 next=7179508805 tgt=7338174834 f=0.405 u=0 breach=1 end=
CBAP_MIG t=24950000 epoch=4990 flow=15 side=new cur=7071839851 next=7179705519 tgt=7338174834 f=0.405 u=0 breach=1 end=
CBAP_MIG t=24950000 epoch=4990 flow=16 side=new cur=7071866940 next=7179721637 tgt=7338174834 f=0.405 u=0 breach=1 end=
CBAP_MIG t=24950000 epoch=4990 flow=17 side=new cur=7071839851 next=7179705519 tgt=7338174834 f=0.405 u=0 breach=1 end=
CBAP_MIG t=24950000 epoch=4990 flow=18 side=new cur=7071865991 next=7179721072 tgt=7338174834 f=0.405 u=0 breach=1 end=
CBAP_MIG t=24950000 epoch=4990 flow=19 side=new cur=7071839851 next=7179705519 tgt=7338174834 f=0.405 u=0 breach=1 end=
CBAP_MIG t=24950000 epoch=4990 flow=20 side=new cur=7071841946 next=7179706765 tgt=7338174834 f=0.405 u=0 breach=1 end=
CBAP_MIG t=24950000 epoch=4990 flow=21 side=new cur=7071865469 next=7179720761 tgt=7338174834 f=0.405 u=0 breach=1 end=
CBAP_MIG t=24950000 epoch=4990 flow=23 side=new cur=7071865692 next=7179720894 tgt=7338174834 f=0.405 u=0 breach=1 end=
CBAP_MIG t=24950000 epoch=4990 flow=25 side=new cur=7071845605 next=7179708942 tgt=7338174834 f=0.405 u=0 breach=1 end=
CBAP_MIG t=24950000 epoch=4990 flow=26 side=new cur=7071848184 next=7179710477 tgt=7338174834 f=0.405 u=0 breach=1 end=
CBAP_MIG t=24950000 epoch=4990 flow=27 side=new cur=7071886168 next=7179733077 tgt=7338174834 f=0.405 u=0 breach=1 end=
CBAP_MIG t=24950000 epoch=4990 flow=28 side=new cur=7071839851 next=7179705519 tgt=7338174834 f=0.405 u=0 breach=1 end=
CBAP_MIG t=24950000 epoch=4990 flow=29 side=new cur=7071846024 next=7179709192 tgt=7338174834 f=0.405 u=0 breach=1 end=
CBAP_MIG t=24950000 epoch=4990 flow=31 side=new cur=7071849489 next=7179711253 tgt=7338174834 f=0.405 u=0 breach=1 end=
CBAP_MIG t=24950000 epoch=4990 flow=32 side=new cur=7071513957 next=7179511612 tgt=7338174834 f=0.405 u=0 breach=1 end=
CBAP_MIG t=24950000 epoch=4990 flow=34 side=new cur=7071854950 next=7179714503 tgt=7338174834 f=0.405 u=0 breach=1 end=
CBAP_MIG t=24950000 epoch=4990 flow=35 side=new cur=7071847740 next=7179710213 tgt=7338174834 f=0.405 u=0 breach=1 end=
CBAP_MIG t=24950000 epoch=4990 flow=36 side=new cur=7071514077 next=7179511683 tgt=7338174834 f=0.405 u=0 breach=1 end=
CBAP_MIG t=24950000 epoch=4990 flow=37 side=new cur=7071866584 next=7179721425 tgt=7338174834 f=0.405 u=0 breach=1 end=
CBAP_MIG t=24950000 epoch=4990 flow=38 side=new cur=7071846685 next=7179709585 tgt=7338174834 f=0.405 u=0 breach=1 end=
CBAP_MIG t=24950000 epoch=4990 flow=39 side=new cur=7071844170 next=7179708088 tgt=7338174834 f=0.405 u=0 breach=1 end=
CBAP_MIG t=24950000 epoch=4990 flow=40 side=new cur=7071522103 next=7179516459 tgt=7338174834 f=0.405 u=0 breach=1 end=
CBAP_MIG t=24950000 epoch=4990 flow=41 side=new cur=7071563035 next=7179540813 tgt=7338174834 f=0.405 u=0 breach=1 end=
CBAP_MIG t=24950000 epoch=4990 flow=42 side=new cur=7071845439 next=7179708843 tgt=7338174834 f=0.405 u=0 breach=1 end=
CBAP_MIG t=24950000 epoch=4990 flow=43 side=new cur=7071839851 next=7179705519 tgt=7338174834 f=0.405 u=0 breach=1 end=
CBAP_MIG t=24950000 epoch=4990 flow=44 side=new cur=7071842516 next=7179707104 tgt=7338174834 f=0.405 u=0 breach=1 end=
CBAP_MIG t=24950000 epoch=4990 flow=45 side=new cur=7071865009 next=7179720488 tgt=7338174834 f=0.405 u=0 breach=1 end=
CBAP_MIG t=24950000 epoch=4990 flow=46 side=new cur=7071847737 next=7179710211 tgt=7338174834 f=0.405 u=0 breach=1 end=
CBAP_MIG t=24950000 epoch=4990 flow=48 side=new cur=7071520231 next=7179515345 tgt=7338174834 f=0.405 u=0 breach=1 end=
CBAP_MIG t=24950000 epoch=4990 flow=49 side=new cur=7071839851 next=7179705519 tgt=7338174834 f=0.405 u=0 breach=1 end=
CBAP_MIG t=24950000 epoch=4990 flow=50 side=new cur=7071842305 next=7179706979 tgt=7338174834 f=0.405 u=0 breach=1 end=
CBAP_MIG t=24950000 epoch=4990 flow=51 side=new cur=7071843626 next=7179707765 tgt=7338174834 f=0.405 u=0 breach=1 end=
CBAP_MIG t=24950000 epoch=4990 flow=52 side=new cur=7071515883 next=7179512758 tgt=7338174834 f=0.405 u=0 breach=1 end=
CBAP_MIG t=24950000 epoch=4990 flow=53 side=new cur=7071852918 next=7179713293 tgt=7338174834 f=0.405 u=0 breach=1 end=
CBAP_MIG t=24950000 epoch=4990 flow=54 side=new cur=7071546969 next=7179531254 tgt=7338174834 f=0.405 u=0 breach=1 end=
CBAP_MIG t=24950000 epoch=4990 flow=55 side=new cur=7071839851 next=7179705519 tgt=7338174834 f=0.405 u=0 breach=1 end=
CBAP_MIG t=24950000 epoch=4990 flow=56 side=new cur=7071556746 next=7179537071 tgt=7338174834 f=0.405 u=0 breach=1 end=
CBAP_MIG t=24950000 epoch=4990 flow=57 side=new cur=7071842394 next=7179707032 tgt=7338174834 f=0.405 u=0 breach=1 end=
CBAP_MIG t=24950000 epoch=4990 flow=58 side=new cur=7071864991 next=7179720477 tgt=7338174834 f=0.405 u=0 breach=1 end=
CBAP_MIG t=24950000 epoch=4990 flow=59 side=new cur=7071845540 next=7179708904 tgt=7338174834 f=0.405 u=0 breach=1 end=
CBAP_MIG t=24950000 epoch=4990 flow=60 side=new cur=7071533093 next=7179522998 tgt=7338174834 f=0.405 u=0 breach=1 end=
CBAP_MIG t=24950000 epoch=4990 flow=61 side=new cur=7071841048 next=7179706231 tgt=7338174834 f=0.405 u=0 breach=1 end=
CBAP_MIG t=24950000 epoch=4990 flow=62 side=new cur=7071842131 next=7179706875 tgt=7338174834 f=0.405 u=0 breach=1 end=
CBAP_MIG t=24950000 epoch=4990 flow=64 side=new cur=7071849916 next=7179711507 tgt=7338174834 f=0.405 u=0 breach=1 end=
CBAP_MIG t=24955000 epoch=4991 flow=1 side=new cur=7179723152 next=7243896083 tgt=7338174834 f=0.405 u=0 breach=1 end=
CBAP_MIG t=24955000 epoch=4991 flow=2 side=new cur=7179719950 next=7243894178 tgt=7338174834 f=0.405 u=0 breach=1 end=
CBAP_MIG t=24955000 epoch=4991 flow=4 side=new cur=7179505271 next=7243766444 tgt=7338174834 f=0.405 u=0 breach=1 end=
CBAP_MIG t=24955000 epoch=4991 flow=5 side=new cur=7179721709 next=7243895224 tgt=7338174834 f=0.405 u=0 breach=1 end=
CBAP_MIG t=24955000 epoch=4991 flow=7 side=new cur=7179705519 next=7243885591 tgt=7338174834 f=0.405 u=0 breach=1 end=
CBAP_MIG t=24955000 epoch=4991 flow=8 side=new cur=7179711718 next=7243889279 tgt=7338174834 f=0.405 u=0 breach=1 end=
CBAP_MIG t=24955000 epoch=4991 flow=9 side=new cur=7179719197 next=7243893729 tgt=7338174834 f=0.405 u=0 breach=1 end=
CBAP_MIG t=24955000 epoch=4991 flow=10 side=new cur=7179528950 next=7243780533 tgt=7338174834 f=0.405 u=0 breach=1 end=
CBAP_MIG t=24955000 epoch=4991 flow=12 side=new cur=7179717726 next=7243892854 tgt=7338174834 f=0.405 u=0 breach=1 end=
CBAP_MIG t=24955000 epoch=4991 flow=13 side=new cur=7179720777 next=7243894670 tgt=7338174834 f=0.405 u=0 breach=1 end=
CBAP_MIG t=24955000 epoch=4991 flow=14 side=new cur=7179508805 next=7243768546 tgt=7338174834 f=0.405 u=0 breach=1 end=
CBAP_MIG t=24955000 epoch=4991 flow=15 side=new cur=7179705519 next=7243885591 tgt=7338174834 f=0.405 u=0 breach=1 end=
CBAP_MIG t=24955000 epoch=4991 flow=16 side=new cur=7179721637 next=7243895181 tgt=7338174834 f=0.405 u=0 breach=1 end=
CBAP_MIG t=24955000 epoch=4991 flow=17 side=new cur=7179705519 next=7243885591 tgt=7338174834 f=0.405 u=0 breach=1 end=
CBAP_MIG t=24955000 epoch=4991 flow=18 side=new cur=7179721072 next=7243894845 tgt=7338174834 f=0.405 u=0 breach=1 end=
CBAP_MIG t=24955000 epoch=4991 flow=19 side=new cur=7179705519 next=7243885591 tgt=7338174834 f=0.405 u=0 breach=1 end=
CBAP_MIG t=24955000 epoch=4991 flow=20 side=new cur=7179706765 next=7243886332 tgt=7338174834 f=0.405 u=0 breach=1 end=
CBAP_MIG t=24955000 epoch=4991 flow=21 side=new cur=7179720761 next=7243894660 tgt=7338174834 f=0.405 u=0 breach=1 end=
CBAP_MIG t=24955000 epoch=4991 flow=23 side=new cur=7179720894 next=7243894739 tgt=7338174834 f=0.405 u=0 breach=1 end=
CBAP_MIG t=24955000 epoch=4991 flow=25 side=new cur=7179708942 next=7243887628 tgt=7338174834 f=0.405 u=0 breach=1 end=
CBAP_MIG t=24955000 epoch=4991 flow=26 side=new cur=7179710477 next=7243888541 tgt=7338174834 f=0.405 u=0 breach=1 end=
CBAP_MIG t=24955000 epoch=4991 flow=27 side=new cur=7179733077 next=7243901988 tgt=7338174834 f=0.405 u=0 breach=1 end=
CBAP_MIG t=24955000 epoch=4991 flow=28 side=new cur=7179705519 next=7243885591 tgt=7338174834 f=0.405 u=0 breach=1 end=
CBAP_MIG t=24955000 epoch=4991 flow=29 side=new cur=7179709192 next=7243887777 tgt=7338174834 f=0.405 u=0 breach=1 end=
CBAP_MIG t=24955000 epoch=4991 flow=31 side=new cur=7179711253 next=7243889003 tgt=7338174834 f=0.405 u=0 breach=1 end=
CBAP_MIG t=24955000 epoch=4991 flow=32 side=new cur=7179511612 next=7243770216 tgt=7338174834 f=0.405 u=0 breach=1 end=
CBAP_MIG t=24955000 epoch=4991 flow=34 side=new cur=7179714503 next=7243890937 tgt=7338174834 f=0.405 u=0 breach=1 end=
CBAP_MIG t=24955000 epoch=4991 flow=35 side=new cur=7179710213 next=7243888384 tgt=7338174834 f=0.405 u=0 breach=1 end=
CBAP_MIG t=24955000 epoch=4991 flow=36 side=new cur=7179511683 next=7243770259 tgt=7338174834 f=0.405 u=0 breach=1 end=
CBAP_MIG t=24955000 epoch=4991 flow=37 side=new cur=7179721425 next=7243895055 tgt=7338174834 f=0.405 u=0 breach=1 end=
CBAP_MIG t=24955000 epoch=4991 flow=38 side=new cur=7179709585 next=7243888010 tgt=7338174834 f=0.405 u=0 breach=1 end=
CBAP_MIG t=24955000 epoch=4991 flow=39 side=new cur=7179708088 next=7243887120 tgt=7338174834 f=0.405 u=0 breach=1 end=
CBAP_MIG t=24955000 epoch=4991 flow=40 side=new cur=7179516459 next=7243773100 tgt=7338174834 f=0.405 u=0 breach=1 end=
CBAP_MIG t=24955000 epoch=4991 flow=41 side=new cur=7179540813 next=7243787591 tgt=7338174834 f=0.405 u=0 breach=1 end=
CBAP_MIG t=24955000 epoch=4991 flow=42 side=new cur=7179708843 next=7243887569 tgt=7338174834 f=0.405 u=0 breach=1 end=
CBAP_MIG t=24955000 epoch=4991 flow=43 side=new cur=7179705519 next=7243885591 tgt=7338174834 f=0.405 u=0 breach=1 end=
CBAP_MIG t=24955000 epoch=4991 flow=44 side=new cur=7179707104 next=7243886534 tgt=7338174834 f=0.405 u=0 breach=1 end=
CBAP_MIG t=24955000 epoch=4991 flow=45 side=new cur=7179720488 next=7243894498 tgt=7338174834 f=0.405 u=0 breach=1 end=
CBAP_MIG t=24955000 epoch=4991 flow=46 side=new cur=7179710211 next=7243888383 tgt=7338174834 f=0.405 u=0 breach=1 end=
CBAP_MIG t=24955000 epoch=4991 flow=48 side=new cur=7179515345 next=7243772438 tgt=7338174834 f=0.405 u=0 breach=1 end=
CBAP_MIG t=24955000 epoch=4991 flow=49 side=new cur=7179705519 next=7243885591 tgt=7338174834 f=0.405 u=0 breach=1 end=
CBAP_MIG t=24955000 epoch=4991 flow=50 side=new cur=7179706979 next=7243886460 tgt=7338174834 f=0.405 u=0 breach=1 end=
CBAP_MIG t=24955000 epoch=4991 flow=51 side=new cur=7179707765 next=7243886927 tgt=7338174834 f=0.405 u=0 breach=1 end=
CBAP_MIG t=24955000 epoch=4991 flow=52 side=new cur=7179512758 next=7243770898 tgt=7338174834 f=0.405 u=0 breach=1 end=
CBAP_MIG t=24955000 epoch=4991 flow=53 side=new cur=7179713293 next=7243890217 tgt=7338174834 f=0.405 u=0 breach=1 end=
CBAP_MIG t=24955000 epoch=4991 flow=54 side=new cur=7179531254 next=7243781903 tgt=7338174834 f=0.405 u=0 breach=1 end=
CBAP_MIG t=24955000 epoch=4991 flow=55 side=new cur=7179705519 next=7243885591 tgt=7338174834 f=0.405 u=0 breach=1 end=
CBAP_MIG t=24955000 epoch=4991 flow=56 side=new cur=7179537071 next=7243785365 tgt=7338174834 f=0.405 u=0 breach=1 end=
CBAP_MIG t=24955000 epoch=4991 flow=57 side=new cur=7179707032 next=7243886491 tgt=7338174834 f=0.405 u=0 breach=1 end=
CBAP_MIG t=24955000 epoch=4991 flow=58 side=new cur=7179720477 next=7243894491 tgt=7338174834 f=0.405 u=0 breach=1 end=
CBAP_MIG t=24955000 epoch=4991 flow=59 side=new cur=7179708904 next=7243887605 tgt=7338174834 f=0.405 u=0 breach=1 end=
CBAP_MIG t=24955000 epoch=4991 flow=60 side=new cur=7179522998 next=7243776991 tgt=7338174834 f=0.405 u=0 breach=1 end=
CBAP_MIG t=24955000 epoch=4991 flow=61 side=new cur=7179706231 next=7243886015 tgt=7338174834 f=0.405 u=0 breach=1 end=
CBAP_MIG t=24955000 epoch=4991 flow=62 side=new cur=7179706875 next=7243886398 tgt=7338174834 f=0.405 u=0 breach=1 end=
CBAP_MIG t=24955000 epoch=4991 flow=64 side=new cur=7179711507 next=7243889154 tgt=7338174834 f=0.405 u=0 breach=1 end=
CBAP_MIG t=24960000 epoch=4992 flow=1 side=new cur=7243896083 next=7282078977 tgt=7338174834 f=0.405 u=0 breach=1 end=converged
CBAP_MIG t=24960000 epoch=4992 flow=2 side=new cur=7243894178 next=7282077843 tgt=7338174834 f=0.405 u=0 breach=1 end=converged
CBAP_MIG t=24960000 epoch=4992 flow=4 side=new cur=7243766444 next=7282001841 tgt=7338174834 f=0.405 u=0 breach=1 end=converged
CBAP_MIG t=24960000 epoch=4992 flow=5 side=new cur=7243895224 next=7282078466 tgt=7338174834 f=0.405 u=0 breach=1 end=converged
CBAP_MIG t=24960000 epoch=4992 flow=7 side=new cur=7243885591 next=7282072734 tgt=7338174834 f=0.405 u=0 breach=1 end=converged
CBAP_MIG t=24960000 epoch=4992 flow=8 side=new cur=7243889279 next=7282074928 tgt=7338174834 f=0.405 u=0 breach=1 end=converged
CBAP_MIG t=24960000 epoch=4992 flow=9 side=new cur=7243893729 next=7282077576 tgt=7338174834 f=0.405 u=0 breach=1 end=converged
CBAP_MIG t=24960000 epoch=4992 flow=10 side=new cur=7243780533 next=7282010224 tgt=7338174834 f=0.405 u=0 breach=1 end=converged
CBAP_MIG t=24960000 epoch=4992 flow=12 side=new cur=7243892854 next=7282077055 tgt=7338174834 f=0.405 u=0 breach=1 end=converged
CBAP_MIG t=24960000 epoch=4992 flow=13 side=new cur=7243894670 next=7282078136 tgt=7338174834 f=0.405 u=0 breach=1 end=converged
CBAP_MIG t=24960000 epoch=4992 flow=14 side=new cur=7243768546 next=7282003092 tgt=7338174834 f=0.405 u=0 breach=1 end=converged
CBAP_MIG t=24960000 epoch=4992 flow=15 side=new cur=7243885591 next=7282072734 tgt=7338174834 f=0.405 u=0 breach=1 end=converged
CBAP_MIG t=24960000 epoch=4992 flow=16 side=new cur=7243895181 next=7282078440 tgt=7338174834 f=0.405 u=0 breach=1 end=converged
CBAP_MIG t=24960000 epoch=4992 flow=17 side=new cur=7243885591 next=7282072734 tgt=7338174834 f=0.405 u=0 breach=1 end=converged
CBAP_MIG t=24960000 epoch=4992 flow=18 side=new cur=7243894845 next=7282078240 tgt=7338174834 f=0.405 u=0 breach=1 end=converged
CBAP_MIG t=24960000 epoch=4992 flow=19 side=new cur=7243885591 next=7282072734 tgt=7338174834 f=0.405 u=0 breach=1 end=converged
CBAP_MIG t=24960000 epoch=4992 flow=20 side=new cur=7243886332 next=7282073175 tgt=7338174834 f=0.405 u=0 breach=1 end=converged
CBAP_MIG t=24960000 epoch=4992 flow=21 side=new cur=7243894660 next=7282078130 tgt=7338174834 f=0.405 u=0 breach=1 end=converged
CBAP_MIG t=24960000 epoch=4992 flow=23 side=new cur=7243894739 next=7282078177 tgt=7338174834 f=0.405 u=0 breach=1 end=converged
CBAP_MIG t=24960000 epoch=4992 flow=25 side=new cur=7243887628 next=7282073946 tgt=7338174834 f=0.405 u=0 breach=1 end=converged
CBAP_MIG t=24960000 epoch=4992 flow=26 side=new cur=7243888541 next=7282074489 tgt=7338174834 f=0.405 u=0 breach=1 end=converged
CBAP_MIG t=24960000 epoch=4992 flow=27 side=new cur=7243901988 next=7282082490 tgt=7338174834 f=0.405 u=0 breach=1 end=converged
CBAP_MIG t=24960000 epoch=4992 flow=28 side=new cur=7243885591 next=7282072734 tgt=7338174834 f=0.405 u=0 breach=1 end=converged
CBAP_MIG t=24960000 epoch=4992 flow=29 side=new cur=7243887777 next=7282074035 tgt=7338174834 f=0.405 u=0 breach=1 end=converged
CBAP_MIG t=24960000 epoch=4992 flow=31 side=new cur=7243889003 next=7282074764 tgt=7338174834 f=0.405 u=0 breach=1 end=converged
CBAP_MIG t=24960000 epoch=4992 flow=32 side=new cur=7243770216 next=7282004086 tgt=7338174834 f=0.405 u=0 breach=1 end=converged
CBAP_MIG t=24960000 epoch=4992 flow=34 side=new cur=7243890937 next=7282075915 tgt=7338174834 f=0.405 u=0 breach=1 end=converged
CBAP_MIG t=24960000 epoch=4992 flow=35 side=new cur=7243888384 next=7282074396 tgt=7338174834 f=0.405 u=0 breach=1 end=converged
CBAP_MIG t=24960000 epoch=4992 flow=36 side=new cur=7243770259 next=7282004111 tgt=7338174834 f=0.405 u=0 breach=1 end=converged
CBAP_MIG t=24960000 epoch=4992 flow=37 side=new cur=7243895055 next=7282078365 tgt=7338174834 f=0.405 u=0 breach=1 end=converged
CBAP_MIG t=24960000 epoch=4992 flow=38 side=new cur=7243888010 next=7282074173 tgt=7338174834 f=0.405 u=0 breach=1 end=converged
CBAP_MIG t=24960000 epoch=4992 flow=39 side=new cur=7243887120 next=7282073644 tgt=7338174834 f=0.405 u=0 breach=1 end=converged
CBAP_MIG t=24960000 epoch=4992 flow=40 side=new cur=7243773100 next=7282005802 tgt=7338174834 f=0.405 u=0 breach=1 end=converged
CBAP_MIG t=24960000 epoch=4992 flow=41 side=new cur=7243787591 next=7282014424 tgt=7338174834 f=0.405 u=0 breach=1 end=converged
CBAP_MIG t=24960000 epoch=4992 flow=42 side=new cur=7243887569 next=7282073911 tgt=7338174834 f=0.405 u=0 breach=1 end=converged
CBAP_MIG t=24960000 epoch=4992 flow=43 side=new cur=7243885591 next=7282072734 tgt=7338174834 f=0.405 u=0 breach=1 end=converged
CBAP_MIG t=24960000 epoch=4992 flow=44 side=new cur=7243886534 next=7282073295 tgt=7338174834 f=0.405 u=0 breach=1 end=converged
CBAP_MIG t=24960000 epoch=4992 flow=45 side=new cur=7243894498 next=7282078034 tgt=7338174834 f=0.405 u=0 breach=1 end=converged
CBAP_MIG t=24960000 epoch=4992 flow=46 side=new cur=7243888383 next=7282074395 tgt=7338174834 f=0.405 u=0 breach=1 end=converged
CBAP_MIG t=24960000 epoch=4992 flow=48 side=new cur=7243772438 next=7282005408 tgt=7338174834 f=0.405 u=0 breach=1 end=converged
CBAP_MIG t=24960000 epoch=4992 flow=49 side=new cur=7243885591 next=7282072734 tgt=7338174834 f=0.405 u=0 breach=1 end=converged
CBAP_MIG t=24960000 epoch=4992 flow=50 side=new cur=7243886460 next=7282073251 tgt=7338174834 f=0.405 u=0 breach=1 end=converged
CBAP_MIG t=24960000 epoch=4992 flow=51 side=new cur=7243886927 next=7282073529 tgt=7338174834 f=0.405 u=0 breach=1 end=converged
CBAP_MIG t=24960000 epoch=4992 flow=52 side=new cur=7243770898 next=7282004492 tgt=7338174834 f=0.405 u=0 breach=1 end=converged
CBAP_MIG t=24960000 epoch=4992 flow=53 side=new cur=7243890217 next=7282075486 tgt=7338174834 f=0.405 u=0 breach=1 end=converged
CBAP_MIG t=24960000 epoch=4992 flow=54 side=new cur=7243781903 next=7282011040 tgt=7338174834 f=0.405 u=0 breach=1 end=converged
CBAP_MIG t=24960000 epoch=4992 flow=55 side=new cur=7243885591 next=7282072734 tgt=7338174834 f=0.405 u=0 breach=1 end=converged
CBAP_MIG t=24960000 epoch=4992 flow=56 side=new cur=7243785365 next=7282013099 tgt=7338174834 f=0.405 u=0 breach=1 end=converged
CBAP_MIG t=24960000 epoch=4992 flow=57 side=new cur=7243886491 next=7282073269 tgt=7338174834 f=0.405 u=0 breach=1 end=converged
CBAP_MIG t=24960000 epoch=4992 flow=58 side=new cur=7243894491 next=7282078029 tgt=7338174834 f=0.405 u=0 breach=1 end=converged
CBAP_MIG t=24960000 epoch=4992 flow=59 side=new cur=7243887605 next=7282073932 tgt=7338174834 f=0.405 u=0 breach=1 end=converged
CBAP_MIG t=24960000 epoch=4992 flow=60 side=new cur=7243776991 next=7282008117 tgt=7338174834 f=0.405 u=0 breach=1 end=converged
CBAP_MIG t=24960000 epoch=4992 flow=61 side=new cur=7243886015 next=7282072986 tgt=7338174834 f=0.405 u=0 breach=1 end=converged
CBAP_MIG t=24960000 epoch=4992 flow=62 side=new cur=7243886398 next=7282073214 tgt=7338174834 f=0.405 u=0 breach=1 end=converged
CBAP_MIG t=24960000 epoch=4992 flow=64 side=new cur=7243889154 next=7282074854 tgt=7338174834 f=0.405 u=0 breach=1 end=converged
CBAP_MIG_REPLAN t=25045000 reason=active_set_shrank flow=0 batch=0 newest_batch=1 cur=4002688773 target=4000000000 ceiling=320000000000 old_side_present=1
CBAP_MIG_REPLAN t=25045000 reason=active_set_shrank flow=1 batch=1 newest_batch=1 cur=7282078977 target=7474069094 ceiling=400000000000 old_side_present=1
CBAP_MIG_REPLAN t=25045000 reason=active_set_shrank flow=2 batch=1 newest_batch=1 cur=7282077843 target=7474069094 ceiling=400000000000 old_side_present=1
CBAP_MIG_REPLAN t=25045000 reason=active_set_shrank flow=4 batch=1 newest_batch=1 cur=7282001841 target=7474069094 ceiling=400000000000 old_side_present=1
CBAP_MIG_REPLAN t=25045000 reason=active_set_shrank flow=5 batch=1 newest_batch=1 cur=7282078466 target=7474069094 ceiling=400000000000 old_side_present=1
CBAP_MIG_REPLAN t=25045000 reason=active_set_shrank flow=7 batch=1 newest_batch=1 cur=7282072734 target=7474069094 ceiling=400000000000 old_side_present=1
CBAP_MIG_REPLAN t=25045000 reason=active_set_shrank flow=8 batch=1 newest_batch=1 cur=7282074928 target=7474069094 ceiling=400000000000 old_side_present=1
CBAP_MIG_REPLAN t=25045000 reason=active_set_shrank flow=9 batch=1 newest_batch=1 cur=7282077576 target=7474069094 ceiling=400000000000 old_side_present=1
CBAP_MIG_REPLAN t=25045000 reason=active_set_shrank flow=10 batch=1 newest_batch=1 cur=7282010224 target=7474069094 ceiling=400000000000 old_side_present=1
CBAP_MIG_REPLAN t=25045000 reason=active_set_shrank flow=12 batch=1 newest_batch=1 cur=7282077055 target=7474069094 ceiling=400000000000 old_side_present=1
CBAP_MIG_REPLAN t=25045000 reason=active_set_shrank flow=13 batch=1 newest_batch=1 cur=7282078136 target=7474069094 ceiling=400000000000 old_side_present=1
CBAP_MIG_REPLAN t=25045000 reason=active_set_shrank flow=14 batch=1 newest_batch=1 cur=7282003092 target=7474069094 ceiling=400000000000 old_side_present=1
CBAP_MIG_REPLAN t=25045000 reason=active_set_shrank flow=15 batch=1 newest_batch=1 cur=7282072734 target=7474069094 ceiling=400000000000 old_side_present=1
CBAP_MIG_REPLAN t=25045000 reason=active_set_shrank flow=16 batch=1 newest_batch=1 cur=7282078440 target=7474069094 ceiling=400000000000 old_side_present=1
CBAP_MIG_REPLAN t=25045000 reason=active_set_shrank flow=17 batch=1 newest_batch=1 cur=7282072734 target=7474069094 ceiling=400000000000 old_side_present=1
CBAP_MIG_REPLAN t=25045000 reason=active_set_shrank flow=18 batch=1 newest_batch=1 cur=7282078240 target=7474069094 ceiling=400000000000 old_side_present=1
CBAP_MIG_REPLAN t=25045000 reason=active_set_shrank flow=19 batch=1 newest_batch=1 cur=7282072734 target=7474069094 ceiling=400000000000 old_side_present=1
CBAP_MIG_REPLAN t=25045000 reason=active_set_shrank flow=20 batch=1 newest_batch=1 cur=7282073175 target=7474069094 ceiling=400000000000 old_side_present=1
CBAP_MIG_REPLAN t=25045000 reason=active_set_shrank flow=21 batch=1 newest_batch=1 cur=7282078130 target=7474069094 ceiling=400000000000 old_side_present=1
CBAP_MIG_REPLAN t=25045000 reason=active_set_shrank flow=23 batch=1 newest_batch=1 cur=7282078177 target=7474069094 ceiling=400000000000 old_side_present=1
CBAP_MIG_REPLAN t=25045000 reason=active_set_shrank flow=25 batch=1 newest_batch=1 cur=7282073946 target=7474069094 ceiling=400000000000 old_side_present=1
CBAP_MIG_REPLAN t=25045000 reason=active_set_shrank flow=26 batch=1 newest_batch=1 cur=7282074489 target=7474069094 ceiling=400000000000 old_side_present=1
CBAP_MIG_REPLAN t=25045000 reason=active_set_shrank flow=27 batch=1 newest_batch=1 cur=7282082490 target=7474069094 ceiling=400000000000 old_side_present=1
CBAP_MIG_REPLAN t=25045000 reason=active_set_shrank flow=28 batch=1 newest_batch=1 cur=7282072734 target=7474069094 ceiling=400000000000 old_side_present=1
CBAP_MIG_REPLAN t=25045000 reason=active_set_shrank flow=29 batch=1 newest_batch=1 cur=7282074035 target=7474069094 ceiling=400000000000 old_side_present=1
CBAP_MIG_REPLAN t=25045000 reason=active_set_shrank flow=31 batch=1 newest_batch=1 cur=7282074764 target=7474069094 ceiling=400000000000 old_side_present=1
CBAP_MIG_REPLAN t=25045000 reason=active_set_shrank flow=32 batch=1 newest_batch=1 cur=7282004086 target=7474069094 ceiling=400000000000 old_side_present=1
CBAP_MIG_REPLAN t=25045000 reason=active_set_shrank flow=34 batch=1 newest_batch=1 cur=7282075915 target=7474069094 ceiling=400000000000 old_side_present=1
CBAP_MIG_REPLAN t=25045000 reason=active_set_shrank flow=35 batch=1 newest_batch=1 cur=7282074396 target=7474069094 ceiling=400000000000 old_side_present=1
CBAP_MIG_REPLAN t=25045000 reason=active_set_shrank flow=36 batch=1 newest_batch=1 cur=7282004111 target=7474069094 ceiling=400000000000 old_side_present=1
CBAP_MIG_REPLAN t=25045000 reason=active_set_shrank flow=37 batch=1 newest_batch=1 cur=7282078365 target=7474069094 ceiling=400000000000 old_side_present=1
CBAP_MIG_REPLAN t=25045000 reason=active_set_shrank flow=38 batch=1 newest_batch=1 cur=7282074173 target=7474069094 ceiling=400000000000 old_side_present=1
CBAP_MIG_REPLAN t=25045000 reason=active_set_shrank flow=39 batch=1 newest_batch=1 cur=7282073644 target=7474069094 ceiling=400000000000 old_side_present=1
CBAP_MIG_REPLAN t=25045000 reason=active_set_shrank flow=40 batch=1 newest_batch=1 cur=7282005802 target=7474069094 ceiling=400000000000 old_side_present=1
CBAP_MIG_REPLAN t=25045000 reason=active_set_shrank flow=41 batch=1 newest_batch=1 cur=7282014424 target=7474069094 ceiling=400000000000 old_side_present=1
CBAP_MIG_REPLAN t=25045000 reason=active_set_shrank flow=42 batch=1 newest_batch=1 cur=7282073911 target=7474069094 ceiling=400000000000 old_side_present=1
CBAP_MIG_REPLAN t=25045000 reason=active_set_shrank flow=44 batch=1 newest_batch=1 cur=7282073295 target=7474069094 ceiling=400000000000 old_side_present=1
CBAP_MIG_REPLAN t=25045000 reason=active_set_shrank flow=45 batch=1 newest_batch=1 cur=7282078034 target=7474069094 ceiling=400000000000 old_side_present=1
CBAP_MIG_REPLAN t=25045000 reason=active_set_shrank flow=46 batch=1 newest_batch=1 cur=7282074395 target=7474069094 ceiling=400000000000 old_side_present=1
CBAP_MIG_REPLAN t=25045000 reason=active_set_shrank flow=48 batch=1 newest_batch=1 cur=7282005408 target=7474069094 ceiling=400000000000 old_side_present=1
CBAP_MIG_REPLAN t=25045000 reason=active_set_shrank flow=49 batch=1 newest_batch=1 cur=7282072734 target=7474069094 ceiling=400000000000 old_side_present=1
CBAP_MIG_REPLAN t=25045000 reason=active_set_shrank flow=50 batch=1 newest_batch=1 cur=7282073251 target=7474069094 ceiling=400000000000 old_side_present=1
CBAP_MIG_REPLAN t=25045000 reason=active_set_shrank flow=51 batch=1 newest_batch=1 cur=7282073529 target=7474069094 ceiling=400000000000 old_side_present=1
CBAP_MIG_REPLAN t=25045000 reason=active_set_shrank flow=52 batch=1 newest_batch=1 cur=7282004492 target=7474069094 ceiling=400000000000 old_side_present=1
CBAP_MIG_REPLAN t=25045000 reason=active_set_shrank flow=53 batch=1 newest_batch=1 cur=7282075486 target=7474069094 ceiling=400000000000 old_side_present=1
CBAP_MIG_REPLAN t=25045000 reason=active_set_shrank flow=54 batch=1 newest_batch=1 cur=7282011040 target=7474069094 ceiling=400000000000 old_side_present=1
CBAP_MIG_REPLAN t=25045000 reason=active_set_shrank flow=55 batch=1 newest_batch=1 cur=7282072734 target=7474069094 ceiling=400000000000 old_side_present=1
CBAP_MIG_REPLAN t=25045000 reason=active_set_shrank flow=56 batch=1 newest_batch=1 cur=7282013099 target=7474069094 ceiling=400000000000 old_side_present=1
CBAP_MIG_REPLAN t=25045000 reason=active_set_shrank flow=57 batch=1 newest_batch=1 cur=7282073269 target=7474069094 ceiling=400000000000 old_side_present=1
CBAP_MIG_REPLAN t=25045000 reason=active_set_shrank flow=58 batch=1 newest_batch=1 cur=7282078029 target=7474069094 ceiling=400000000000 old_side_present=1
CBAP_MIG_REPLAN t=25045000 reason=active_set_shrank flow=59 batch=1 newest_batch=1 cur=7282073932 target=7474069094 ceiling=400000000000 old_side_present=1
CBAP_MIG_REPLAN t=25045000 reason=active_set_shrank flow=60 batch=1 newest_batch=1 cur=7282008117 target=7474069094 ceiling=400000000000 old_side_present=1
CBAP_MIG_REPLAN t=25045000 reason=active_set_shrank flow=61 batch=1 newest_batch=1 cur=7282072986 target=7474069094 ceiling=400000000000 old_side_present=1
CBAP_MIG_REPLAN t=25045000 reason=active_set_shrank flow=62 batch=1 newest_batch=1 cur=7282073214 target=7474069094 ceiling=400000000000 old_side_present=1
CBAP_MIG_REPLAN t=25045000 reason=active_set_shrank flow=64 batch=1 newest_batch=1 cur=7282074854 target=7474069094 ceiling=400000000000 old_side_present=1
CBAP_MIG t=25045000 epoch=5009 flow=0 side=old cur=4002688773 next=4001882141 tgt=4000000000 f=0.3 u=0 breach=0 end=converged
CBAP_MIG t=25045000 epoch=5009 flow=1 side=new cur=7282078977 next=7359834974 tgt=7474069094 f=0.405 u=0 breach=1 end=
CBAP_MIG t=25045000 epoch=5009 flow=2 side=new cur=7282077843 next=7359834299 tgt=7474069094 f=0.405 u=0 breach=1 end=
CBAP_MIG t=25045000 epoch=5009 flow=4 side=new cur=7282001841 next=7359789078 tgt=7474069094 f=0.405 u=0 breach=1 end=
CBAP_MIG t=25045000 epoch=5009 flow=5 side=new cur=7282078466 next=7359834670 tgt=7474069094 f=0.405 u=0 breach=1 end=
CBAP_MIG t=25045000 epoch=5009 flow=7 side=new cur=7282072734 next=7359831259 tgt=7474069094 f=0.405 u=0 breach=1 end=
CBAP_MIG t=25045000 epoch=5009 flow=8 side=new cur=7282074928 next=7359832565 tgt=7474069094 f=0.405 u=0 breach=1 end=
CBAP_MIG t=25045000 epoch=5009 flow=9 side=new cur=7282077576 next=7359834140 tgt=7474069094 f=0.405 u=0 breach=1 end=
CBAP_MIG t=25045000 epoch=5009 flow=10 side=new cur=7282010224 next=7359794066 tgt=7474069094 f=0.405 u=0 breach=1 end=
CBAP_MIG t=25045000 epoch=5009 flow=12 side=new cur=7282077055 next=7359833830 tgt=7474069094 f=0.405 u=0 breach=1 end=
CBAP_MIG t=25045000 epoch=5009 flow=13 side=new cur=7282078136 next=7359834473 tgt=7474069094 f=0.405 u=0 breach=1 end=
CBAP_MIG t=25045000 epoch=5009 flow=14 side=new cur=7282003092 next=7359789822 tgt=7474069094 f=0.405 u=0 breach=1 end=
CBAP_MIG t=25045000 epoch=5009 flow=15 side=new cur=7282072734 next=7359831259 tgt=7474069094 f=0.405 u=0 breach=1 end=
CBAP_MIG t=25045000 epoch=5009 flow=16 side=new cur=7282078440 next=7359834654 tgt=7474069094 f=0.405 u=0 breach=1 end=
CBAP_MIG t=25045000 epoch=5009 flow=17 side=new cur=7282072734 next=7359831259 tgt=7474069094 f=0.405 u=0 breach=1 end=
CBAP_MIG t=25045000 epoch=5009 flow=18 side=new cur=7282078240 next=7359834535 tgt=7474069094 f=0.405 u=0 breach=1 end=
CBAP_MIG t=25045000 epoch=5009 flow=19 side=new cur=7282072734 next=7359831259 tgt=7474069094 f=0.405 u=0 breach=1 end=
CBAP_MIG t=25045000 epoch=5009 flow=20 side=new cur=7282073175 next=7359831522 tgt=7474069094 f=0.405 u=0 breach=1 end=
CBAP_MIG t=25045000 epoch=5009 flow=21 side=new cur=7282078130 next=7359834470 tgt=7474069094 f=0.405 u=0 breach=1 end=
CBAP_MIG t=25045000 epoch=5009 flow=23 side=new cur=7282078177 next=7359834498 tgt=7474069094 f=0.405 u=0 breach=1 end=
CBAP_MIG t=25045000 epoch=5009 flow=25 side=new cur=7282073946 next=7359831980 tgt=7474069094 f=0.405 u=0 breach=1 end=
CBAP_MIG t=25045000 epoch=5009 flow=26 side=new cur=7282074489 next=7359832304 tgt=7474069094 f=0.405 u=0 breach=1 end=
CBAP_MIG t=25045000 epoch=5009 flow=27 side=new cur=7282082490 next=7359837064 tgt=7474069094 f=0.405 u=0 breach=1 end=
CBAP_MIG t=25045000 epoch=5009 flow=28 side=new cur=7282072734 next=7359831259 tgt=7474069094 f=0.405 u=0 breach=1 end=
CBAP_MIG t=25045000 epoch=5009 flow=29 side=new cur=7282074035 next=7359832033 tgt=7474069094 f=0.405 u=0 breach=1 end=
CBAP_MIG t=25045000 epoch=5009 flow=31 side=new cur=7282074764 next=7359832467 tgt=7474069094 f=0.405 u=0 breach=1 end=
CBAP_MIG t=25045000 epoch=5009 flow=32 side=new cur=7282004086 next=7359790414 tgt=7474069094 f=0.405 u=0 breach=1 end=
CBAP_MIG t=25045000 epoch=5009 flow=34 side=new cur=7282075915 next=7359833152 tgt=7474069094 f=0.405 u=0 breach=1 end=
CBAP_MIG t=25045000 epoch=5009 flow=35 side=new cur=7282074396 next=7359832248 tgt=7474069094 f=0.405 u=0 breach=1 end=
CBAP_MIG t=25045000 epoch=5009 flow=36 side=new cur=7282004111 next=7359790429 tgt=7474069094 f=0.405 u=0 breach=1 end=
CBAP_MIG t=25045000 epoch=5009 flow=37 side=new cur=7282078365 next=7359834610 tgt=7474069094 f=0.405 u=0 breach=1 end=
CBAP_MIG t=25045000 epoch=5009 flow=38 side=new cur=7282074173 next=7359832116 tgt=7474069094 f=0.405 u=0 breach=1 end=
CBAP_MIG t=25045000 epoch=5009 flow=39 side=new cur=7282073644 next=7359831801 tgt=7474069094 f=0.405 u=0 breach=1 end=
CBAP_MIG t=25045000 epoch=5009 flow=40 side=new cur=7282005802 next=7359791435 tgt=7474069094 f=0.405 u=0 breach=1 end=
CBAP_MIG t=25045000 epoch=5009 flow=41 side=new cur=7282014424 next=7359796565 tgt=7474069094 f=0.405 u=0 breach=1 end=
CBAP_MIG t=25045000 epoch=5009 flow=42 side=new cur=7282073911 next=7359831960 tgt=7474069094 f=0.405 u=0 breach=1 end=
CBAP_MIG t=25045000 epoch=5009 flow=44 side=new cur=7282073295 next=7359831593 tgt=7474069094 f=0.405 u=0 breach=1 end=
CBAP_MIG t=25045000 epoch=5009 flow=45 side=new cur=7282078034 next=7359834413 tgt=7474069094 f=0.405 u=0 breach=1 end=
CBAP_MIG t=25045000 epoch=5009 flow=46 side=new cur=7282074395 next=7359832248 tgt=7474069094 f=0.405 u=0 breach=1 end=
CBAP_MIG t=25045000 epoch=5009 flow=48 side=new cur=7282005408 next=7359791200 tgt=7474069094 f=0.405 u=0 breach=1 end=
CBAP_MIG t=25045000 epoch=5009 flow=49 side=new cur=7282072734 next=7359831259 tgt=7474069094 f=0.405 u=0 breach=1 end=
CBAP_MIG t=25045000 epoch=5009 flow=50 side=new cur=7282073251 next=7359831567 tgt=7474069094 f=0.405 u=0 breach=1 end=
CBAP_MIG t=25045000 epoch=5009 flow=51 side=new cur=7282073529 next=7359831732 tgt=7474069094 f=0.405 u=0 breach=1 end=
CBAP_MIG t=25045000 epoch=5009 flow=52 side=new cur=7282004492 next=7359790655 tgt=7474069094 f=0.405 u=0 breach=1 end=
CBAP_MIG t=25045000 epoch=5009 flow=53 side=new cur=7282075486 next=7359832897 tgt=7474069094 f=0.405 u=0 breach=1 end=
CBAP_MIG t=25045000 epoch=5009 flow=54 side=new cur=7282011040 next=7359794551 tgt=7474069094 f=0.405 u=0 breach=1 end=
CBAP_MIG t=25045000 epoch=5009 flow=55 side=new cur=7282072734 next=7359831259 tgt=7474069094 f=0.405 u=0 breach=1 end=
CBAP_MIG t=25045000 epoch=5009 flow=56 side=new cur=7282013099 next=7359795776 tgt=7474069094 f=0.405 u=0 breach=1 end=
CBAP_MIG t=25045000 epoch=5009 flow=57 side=new cur=7282073269 next=7359831578 tgt=7474069094 f=0.405 u=0 breach=1 end=
CBAP_MIG t=25045000 epoch=5009 flow=58 side=new cur=7282078029 next=7359834410 tgt=7474069094 f=0.405 u=0 breach=1 end=
CBAP_MIG t=25045000 epoch=5009 flow=59 side=new cur=7282073932 next=7359831972 tgt=7474069094 f=0.405 u=0 breach=1 end=
CBAP_MIG t=25045000 epoch=5009 flow=60 side=new cur=7282008117 next=7359792812 tgt=7474069094 f=0.405 u=0 breach=1 end=
CBAP_MIG t=25045000 epoch=5009 flow=61 side=new cur=7282072986 next=7359831409 tgt=7474069094 f=0.405 u=0 breach=1 end=
CBAP_MIG t=25045000 epoch=5009 flow=62 side=new cur=7282073214 next=7359831545 tgt=7474069094 f=0.405 u=0 breach=1 end=
CBAP_MIG t=25045000 epoch=5009 flow=64 side=new cur=7282074854 next=7359832521 tgt=7474069094 f=0.405 u=0 breach=1 end=
CBAP_MIG t=25050000 epoch=5010 flow=1 side=new cur=7359834974 next=7406099792 tgt=7474069094 f=0.405 u=0 breach=1 end=converged
CBAP_MIG t=25050000 epoch=5010 flow=2 side=new cur=7359834299 next=7406099390 tgt=7474069094 f=0.405 u=0 breach=1 end=converged
CBAP_MIG t=25050000 epoch=5010 flow=4 side=new cur=7359789078 next=7406072484 tgt=7474069094 f=0.405 u=0 breach=1 end=converged
CBAP_MIG t=25050000 epoch=5010 flow=5 side=new cur=7359834670 next=7406099611 tgt=7474069094 f=0.405 u=0 breach=1 end=converged
CBAP_MIG t=25050000 epoch=5010 flow=7 side=new cur=7359831259 next=7406097582 tgt=7474069094 f=0.405 u=0 breach=1 end=converged
CBAP_MIG t=25050000 epoch=5010 flow=8 side=new cur=7359832565 next=7406098359 tgt=7474069094 f=0.405 u=0 breach=1 end=converged
CBAP_MIG t=25050000 epoch=5010 flow=9 side=new cur=7359834140 next=7406099296 tgt=7474069094 f=0.405 u=0 breach=1 end=converged
CBAP_MIG t=25050000 epoch=5010 flow=10 side=new cur=7359794066 next=7406075452 tgt=7474069094 f=0.405 u=0 breach=1 end=converged
CBAP_MIG t=25050000 epoch=5010 flow=12 side=new cur=7359833830 next=7406099111 tgt=7474069094 f=0.405 u=0 breach=1 end=converged
CBAP_MIG t=25050000 epoch=5010 flow=13 side=new cur=7359834473 next=7406099494 tgt=7474069094 f=0.405 u=0 breach=1 end=converged
CBAP_MIG t=25050000 epoch=5010 flow=14 side=new cur=7359789822 next=7406072927 tgt=7474069094 f=0.405 u=0 breach=1 end=converged
CBAP_MIG t=25050000 epoch=5010 flow=15 side=new cur=7359831259 next=7406097582 tgt=7474069094 f=0.405 u=0 breach=1 end=converged
CBAP_MIG t=25050000 epoch=5010 flow=16 side=new cur=7359834654 next=7406099602 tgt=7474069094 f=0.405 u=0 breach=1 end=converged
CBAP_MIG t=25050000 epoch=5010 flow=17 side=new cur=7359831259 next=7406097582 tgt=7474069094 f=0.405 u=0 breach=1 end=converged
CBAP_MIG t=25050000 epoch=5010 flow=18 side=new cur=7359834535 next=7406099531 tgt=7474069094 f=0.405 u=0 breach=1 end=converged
CBAP_MIG t=25050000 epoch=5010 flow=19 side=new cur=7359831259 next=7406097582 tgt=7474069094 f=0.405 u=0 breach=1 end=converged
CBAP_MIG t=25050000 epoch=5010 flow=20 side=new cur=7359831522 next=7406097738 tgt=7474069094 f=0.405 u=0 breach=1 end=converged
CBAP_MIG t=25050000 epoch=5010 flow=21 side=new cur=7359834470 next=7406099492 tgt=7474069094 f=0.405 u=0 breach=1 end=converged
CBAP_MIG t=25050000 epoch=5010 flow=23 side=new cur=7359834498 next=7406099509 tgt=7474069094 f=0.405 u=0 breach=1 end=converged
CBAP_MIG t=25050000 epoch=5010 flow=25 side=new cur=7359831980 next=7406098011 tgt=7474069094 f=0.405 u=0 breach=1 end=converged
CBAP_MIG t=25050000 epoch=5010 flow=26 side=new cur=7359832304 next=7406098203 tgt=7474069094 f=0.405 u=0 breach=1 end=converged
CBAP_MIG t=25050000 epoch=5010 flow=27 side=new cur=7359837064 next=7406101036 tgt=7474069094 f=0.405 u=0 breach=1 end=converged
CBAP_MIG t=25050000 epoch=5010 flow=28 side=new cur=7359831259 next=7406097582 tgt=7474069094 f=0.405 u=0 breach=1 end=converged
CBAP_MIG t=25050000 epoch=5010 flow=29 side=new cur=7359832033 next=7406098042 tgt=7474069094 f=0.405 u=0 breach=1 end=converged
CBAP_MIG t=25050000 epoch=5010 flow=31 side=new cur=7359832467 next=7406098300 tgt=7474069094 f=0.405 u=0 breach=1 end=converged
CBAP_MIG t=25050000 epoch=5010 flow=32 side=new cur=7359790414 next=7406073279 tgt=7474069094 f=0.405 u=0 breach=1 end=converged
CBAP_MIG t=25050000 epoch=5010 flow=34 side=new cur=7359833152 next=7406098708 tgt=7474069094 f=0.405 u=0 breach=1 end=converged
CBAP_MIG t=25050000 epoch=5010 flow=35 side=new cur=7359832248 next=7406098170 tgt=7474069094 f=0.405 u=0 breach=1 end=converged
CBAP_MIG t=25050000 epoch=5010 flow=36 side=new cur=7359790429 next=7406073288 tgt=7474069094 f=0.405 u=0 breach=1 end=converged
CBAP_MIG t=25050000 epoch=5010 flow=37 side=new cur=7359834610 next=7406099576 tgt=7474069094 f=0.405 u=0 breach=1 end=converged
CBAP_MIG t=25050000 epoch=5010 flow=38 side=new cur=7359832116 next=7406098092 tgt=7474069094 f=0.405 u=0 breach=1 end=converged
CBAP_MIG t=25050000 epoch=5010 flow=39 side=new cur=7359831801 next=7406097904 tgt=7474069094 f=0.405 u=0 breach=1 end=converged
CBAP_MIG t=25050000 epoch=5010 flow=40 side=new cur=7359791435 next=7406073886 tgt=7474069094 f=0.405 u=0 breach=1 end=converged
CBAP_MIG t=25050000 epoch=5010 flow=41 side=new cur=7359796565 next=7406076939 tgt=7474069094 f=0.405 u=0 breach=1 end=converged
CBAP_MIG t=25050000 epoch=5010 flow=42 side=new cur=7359831960 next=7406097999 tgt=7474069094 f=0.405 u=0 breach=1 end=converged
CBAP_MIG t=25050000 epoch=5010 flow=44 side=new cur=7359831593 next=7406097780 tgt=7474069094 f=0.405 u=0 breach=1 end=converged
CBAP_MIG t=25050000 epoch=5010 flow=45 side=new cur=7359834413 next=7406099458 tgt=7474069094 f=0.405 u=0 breach=1 end=converged
CBAP_MIG t=25050000 epoch=5010 flow=46 side=new cur=7359832248 next=7406098170 tgt=7474069094 f=0.405 u=0 breach=1 end=converged
CBAP_MIG t=25050000 epoch=5010 flow=48 side=new cur=7359791200 next=7406073747 tgt=7474069094 f=0.405 u=0 breach=1 end=converged
CBAP_MIG t=25050000 epoch=5010 flow=49 side=new cur=7359831259 next=7406097582 tgt=7474069094 f=0.405 u=0 breach=1 end=converged
CBAP_MIG t=25050000 epoch=5010 flow=50 side=new cur=7359831567 next=7406097765 tgt=7474069094 f=0.405 u=0 breach=1 end=converged
CBAP_MIG t=25050000 epoch=5010 flow=51 side=new cur=7359831732 next=7406097863 tgt=7474069094 f=0.405 u=0 breach=1 end=converged
CBAP_MIG t=25050000 epoch=5010 flow=52 side=new cur=7359790655 next=7406073422 tgt=7474069094 f=0.405 u=0 breach=1 end=converged
CBAP_MIG t=25050000 epoch=5010 flow=53 side=new cur=7359832897 next=7406098556 tgt=7474069094 f=0.405 u=0 breach=1 end=converged
CBAP_MIG t=25050000 epoch=5010 flow=54 side=new cur=7359794551 next=7406075740 tgt=7474069094 f=0.405 u=0 breach=1 end=converged
CBAP_MIG t=25050000 epoch=5010 flow=55 side=new cur=7359831259 next=7406097582 tgt=7474069094 f=0.405 u=0 breach=1 end=converged
CBAP_MIG t=25050000 epoch=5010 flow=56 side=new cur=7359795776 next=7406076469 tgt=7474069094 f=0.405 u=0 breach=1 end=converged
CBAP_MIG t=25050000 epoch=5010 flow=57 side=new cur=7359831578 next=7406097771 tgt=7474069094 f=0.405 u=0 breach=1 end=converged
CBAP_MIG t=25050000 epoch=5010 flow=58 side=new cur=7359834410 next=7406099457 tgt=7474069094 f=0.405 u=0 breach=1 end=converged
CBAP_MIG t=25050000 epoch=5010 flow=59 side=new cur=7359831972 next=7406098006 tgt=7474069094 f=0.405 u=0 breach=1 end=converged
CBAP_MIG t=25050000 epoch=5010 flow=60 side=new cur=7359792812 next=7406074706 tgt=7474069094 f=0.405 u=0 breach=1 end=converged
CBAP_MIG t=25050000 epoch=5010 flow=61 side=new cur=7359831409 next=7406097671 tgt=7474069094 f=0.405 u=0 breach=1 end=converged
CBAP_MIG t=25050000 epoch=5010 flow=62 side=new cur=7359831545 next=7406097752 tgt=7474069094 f=0.405 u=0 breach=1 end=converged
CBAP_MIG t=25050000 epoch=5010 flow=64 side=new cur=7359832521 next=7406098333 tgt=7474069094 f=0.405 u=0 breach=1 end=converged
CBAP_MIG_REPLAN t=25110000 reason=active_set_shrank flow=0 batch=0 newest_batch=1 cur=4001882141 target=4000000000 ceiling=320000000000 old_side_present=1
CBAP_MIG_REPLAN t=25110000 reason=active_set_shrank flow=1 batch=1 newest_batch=1 cur=7406099792 target=7615090788 ceiling=400000000000 old_side_present=1
CBAP_MIG_REPLAN t=25110000 reason=active_set_shrank flow=2 batch=1 newest_batch=1 cur=7406099390 target=7615090788 ceiling=400000000000 old_side_present=1
CBAP_MIG_REPLAN t=25110000 reason=active_set_shrank flow=4 batch=1 newest_batch=1 cur=7406072484 target=7615090788 ceiling=400000000000 old_side_present=1
CBAP_MIG_REPLAN t=25110000 reason=active_set_shrank flow=5 batch=1 newest_batch=1 cur=7406099611 target=7615090788 ceiling=400000000000 old_side_present=1
CBAP_MIG_REPLAN t=25110000 reason=active_set_shrank flow=7 batch=1 newest_batch=1 cur=7406097582 target=7615090788 ceiling=400000000000 old_side_present=1
CBAP_MIG_REPLAN t=25110000 reason=active_set_shrank flow=8 batch=1 newest_batch=1 cur=7406098359 target=7615090788 ceiling=400000000000 old_side_present=1
CBAP_MIG_REPLAN t=25110000 reason=active_set_shrank flow=9 batch=1 newest_batch=1 cur=7406099296 target=7615090788 ceiling=400000000000 old_side_present=1
CBAP_MIG_REPLAN t=25110000 reason=active_set_shrank flow=10 batch=1 newest_batch=1 cur=7406075452 target=7615090788 ceiling=400000000000 old_side_present=1
CBAP_MIG_REPLAN t=25110000 reason=active_set_shrank flow=12 batch=1 newest_batch=1 cur=7406099111 target=7615090788 ceiling=400000000000 old_side_present=1
CBAP_MIG_REPLAN t=25110000 reason=active_set_shrank flow=13 batch=1 newest_batch=1 cur=7406099494 target=7615090788 ceiling=400000000000 old_side_present=1
CBAP_MIG_REPLAN t=25110000 reason=active_set_shrank flow=14 batch=1 newest_batch=1 cur=7406072927 target=7615090788 ceiling=400000000000 old_side_present=1
CBAP_MIG_REPLAN t=25110000 reason=active_set_shrank flow=15 batch=1 newest_batch=1 cur=7406097582 target=7615090788 ceiling=400000000000 old_side_present=1
CBAP_MIG_REPLAN t=25110000 reason=active_set_shrank flow=16 batch=1 newest_batch=1 cur=7406099602 target=7615090788 ceiling=400000000000 old_side_present=1
CBAP_MIG_REPLAN t=25110000 reason=active_set_shrank flow=17 batch=1 newest_batch=1 cur=7406097582 target=7615090788 ceiling=400000000000 old_side_present=1
CBAP_MIG_REPLAN t=25110000 reason=active_set_shrank flow=18 batch=1 newest_batch=1 cur=7406099531 target=7615090788 ceiling=400000000000 old_side_present=1
CBAP_MIG_REPLAN t=25110000 reason=active_set_shrank flow=19 batch=1 newest_batch=1 cur=7406097582 target=7615090788 ceiling=400000000000 old_side_present=1
CBAP_MIG_REPLAN t=25110000 reason=active_set_shrank flow=20 batch=1 newest_batch=1 cur=7406097738 target=7615090788 ceiling=400000000000 old_side_present=1
CBAP_MIG_REPLAN t=25110000 reason=active_set_shrank flow=21 batch=1 newest_batch=1 cur=7406099492 target=7615090788 ceiling=400000000000 old_side_present=1
CBAP_MIG_REPLAN t=25110000 reason=active_set_shrank flow=23 batch=1 newest_batch=1 cur=7406099509 target=7615090788 ceiling=400000000000 old_side_present=1
CBAP_MIG_REPLAN t=25110000 reason=active_set_shrank flow=25 batch=1 newest_batch=1 cur=7406098011 target=7615090788 ceiling=400000000000 old_side_present=1
CBAP_MIG_REPLAN t=25110000 reason=active_set_shrank flow=26 batch=1 newest_batch=1 cur=7406098203 target=7615090788 ceiling=400000000000 old_side_present=1
CBAP_MIG_REPLAN t=25110000 reason=active_set_shrank flow=27 batch=1 newest_batch=1 cur=7406101036 target=7615090788 ceiling=400000000000 old_side_present=1
CBAP_MIG_REPLAN t=25110000 reason=active_set_shrank flow=28 batch=1 newest_batch=1 cur=7406097582 target=7615090788 ceiling=400000000000 old_side_present=1
CBAP_MIG_REPLAN t=25110000 reason=active_set_shrank flow=29 batch=1 newest_batch=1 cur=7406098042 target=7615090788 ceiling=400000000000 old_side_present=1
CBAP_MIG_REPLAN t=25110000 reason=active_set_shrank flow=31 batch=1 newest_batch=1 cur=7406098300 target=7615090788 ceiling=400000000000 old_side_present=1
CBAP_MIG_REPLAN t=25110000 reason=active_set_shrank flow=32 batch=1 newest_batch=1 cur=7406073279 target=7615090788 ceiling=400000000000 old_side_present=1
CBAP_MIG_REPLAN t=25110000 reason=active_set_shrank flow=34 batch=1 newest_batch=1 cur=7406098708 target=7615090788 ceiling=400000000000 old_side_present=1
CBAP_MIG_REPLAN t=25110000 reason=active_set_shrank flow=35 batch=1 newest_batch=1 cur=7406098170 target=7615090788 ceiling=400000000000 old_side_present=1
CBAP_MIG_REPLAN t=25110000 reason=active_set_shrank flow=36 batch=1 newest_batch=1 cur=7406073288 target=7615090788 ceiling=400000000000 old_side_present=1
CBAP_MIG_REPLAN t=25110000 reason=active_set_shrank flow=37 batch=1 newest_batch=1 cur=7406099576 target=7615090788 ceiling=400000000000 old_side_present=1
CBAP_MIG_REPLAN t=25110000 reason=active_set_shrank flow=38 batch=1 newest_batch=1 cur=7406098092 target=7615090788 ceiling=400000000000 old_side_present=1
CBAP_MIG_REPLAN t=25110000 reason=active_set_shrank flow=39 batch=1 newest_batch=1 cur=7406097904 target=7615090788 ceiling=400000000000 old_side_present=1
CBAP_MIG_REPLAN t=25110000 reason=active_set_shrank flow=40 batch=1 newest_batch=1 cur=7406073886 target=7615090788 ceiling=400000000000 old_side_present=1
CBAP_MIG_REPLAN t=25110000 reason=active_set_shrank flow=42 batch=1 newest_batch=1 cur=7406097999 target=7615090788 ceiling=400000000000 old_side_present=1
CBAP_MIG_REPLAN t=25110000 reason=active_set_shrank flow=44 batch=1 newest_batch=1 cur=7406097780 target=7615090788 ceiling=400000000000 old_side_present=1
CBAP_MIG_REPLAN t=25110000 reason=active_set_shrank flow=45 batch=1 newest_batch=1 cur=7406099458 target=7615090788 ceiling=400000000000 old_side_present=1
CBAP_MIG_REPLAN t=25110000 reason=active_set_shrank flow=46 batch=1 newest_batch=1 cur=7406098170 target=7615090788 ceiling=400000000000 old_side_present=1
CBAP_MIG_REPLAN t=25110000 reason=active_set_shrank flow=48 batch=1 newest_batch=1 cur=7406073747 target=7615090788 ceiling=400000000000 old_side_present=1
CBAP_MIG_REPLAN t=25110000 reason=active_set_shrank flow=49 batch=1 newest_batch=1 cur=7406097582 target=7615090788 ceiling=400000000000 old_side_present=1
CBAP_MIG_REPLAN t=25110000 reason=active_set_shrank flow=50 batch=1 newest_batch=1 cur=7406097765 target=7615090788 ceiling=400000000000 old_side_present=1
CBAP_MIG_REPLAN t=25110000 reason=active_set_shrank flow=51 batch=1 newest_batch=1 cur=7406097863 target=7615090788 ceiling=400000000000 old_side_present=1
CBAP_MIG_REPLAN t=25110000 reason=active_set_shrank flow=52 batch=1 newest_batch=1 cur=7406073422 target=7615090788 ceiling=400000000000 old_side_present=1
CBAP_MIG_REPLAN t=25110000 reason=active_set_shrank flow=53 batch=1 newest_batch=1 cur=7406098556 target=7615090788 ceiling=400000000000 old_side_present=1
CBAP_MIG_REPLAN t=25110000 reason=active_set_shrank flow=54 batch=1 newest_batch=1 cur=7406075740 target=7615090788 ceiling=400000000000 old_side_present=1
CBAP_MIG_REPLAN t=25110000 reason=active_set_shrank flow=55 batch=1 newest_batch=1 cur=7406097582 target=7615090788 ceiling=400000000000 old_side_present=1
CBAP_MIG_REPLAN t=25110000 reason=active_set_shrank flow=56 batch=1 newest_batch=1 cur=7406076469 target=7615090788 ceiling=400000000000 old_side_present=1
CBAP_MIG_REPLAN t=25110000 reason=active_set_shrank flow=57 batch=1 newest_batch=1 cur=7406097771 target=7615090788 ceiling=400000000000 old_side_present=1
CBAP_MIG_REPLAN t=25110000 reason=active_set_shrank flow=58 batch=1 newest_batch=1 cur=7406099457 target=7615090788 ceiling=400000000000 old_side_present=1
CBAP_MIG_REPLAN t=25110000 reason=active_set_shrank flow=59 batch=1 newest_batch=1 cur=7406098006 target=7615090788 ceiling=400000000000 old_side_present=1
CBAP_MIG_REPLAN t=25110000 reason=active_set_shrank flow=60 batch=1 newest_batch=1 cur=7406074706 target=7615090788 ceiling=400000000000 old_side_present=1
CBAP_MIG_REPLAN t=25110000 reason=active_set_shrank flow=61 batch=1 newest_batch=1 cur=7406097671 target=7615090788 ceiling=400000000000 old_side_present=1
CBAP_MIG_REPLAN t=25110000 reason=active_set_shrank flow=62 batch=1 newest_batch=1 cur=7406097752 target=7615090788 ceiling=400000000000 old_side_present=1
CBAP_MIG_REPLAN t=25110000 reason=active_set_shrank flow=64 batch=1 newest_batch=1 cur=7406098333 target=7615090788 ceiling=400000000000 old_side_present=1
CBAP_MIG t=25110000 epoch=5022 flow=0 side=old cur=4001882141 next=4001317498 tgt=4000000000 f=0.3 u=0 breach=0 end=converged
CBAP_MIG t=25110000 epoch=5022 flow=1 side=new cur=7406099792 next=7490741145 tgt=7615090788 f=0.405 u=0 breach=1 end=
CBAP_MIG t=25110000 epoch=5022 flow=2 side=new cur=7406099390 next=7490740906 tgt=7615090788 f=0.405 u=0 breach=1 end=
CBAP_MIG t=25110000 epoch=5022 flow=4 side=new cur=7406072484 next=7490724897 tgt=7615090788 f=0.405 u=0 breach=1 end=
CBAP_MIG t=25110000 epoch=5022 flow=5 side=new cur=7406099611 next=7490741037 tgt=7615090788 f=0.405 u=0 breach=1 end=
CBAP_MIG t=25110000 epoch=5022 flow=7 side=new cur=7406097582 next=7490739830 tgt=7615090788 f=0.405 u=0 breach=1 end=
CBAP_MIG t=25110000 epoch=5022 flow=8 side=new cur=7406098359 next=7490740292 tgt=7615090788 f=0.405 u=0 breach=1 end=
CBAP_MIG t=25110000 epoch=5022 flow=9 side=new cur=7406099296 next=7490740850 tgt=7615090788 f=0.405 u=0 breach=1 end=
CBAP_MIG t=25110000 epoch=5022 flow=10 side=new cur=7406075452 next=7490726663 tgt=7615090788 f=0.405 u=0 breach=1 end=
CBAP_MIG t=25110000 epoch=5022 flow=12 side=new cur=7406099111 next=7490740740 tgt=7615090788 f=0.405 u=0 breach=1 end=
CBAP_MIG t=25110000 epoch=5022 flow=13 side=new cur=7406099494 next=7490740968 tgt=7615090788 f=0.405 u=0 breach=1 end=
CBAP_MIG t=25110000 epoch=5022 flow=14 side=new cur=7406072927 next=7490725160 tgt=7615090788 f=0.405 u=0 breach=1 end=
CBAP_MIG t=25110000 epoch=5022 flow=15 side=new cur=7406097582 next=7490739830 tgt=7615090788 f=0.405 u=0 breach=1 end=
CBAP_MIG t=25110000 epoch=5022 flow=16 side=new cur=7406099602 next=7490741032 tgt=7615090788 f=0.405 u=0 breach=1 end=
CBAP_MIG t=25110000 epoch=5022 flow=17 side=new cur=7406097582 next=7490739830 tgt=7615090788 f=0.405 u=0 breach=1 end=
CBAP_MIG t=25110000 epoch=5022 flow=18 side=new cur=7406099531 next=7490740990 tgt=7615090788 f=0.405 u=0 breach=1 end=
CBAP_MIG t=25110000 epoch=5022 flow=19 side=new cur=7406097582 next=7490739830 tgt=7615090788 f=0.405 u=0 breach=1 end=
CBAP_MIG t=25110000 epoch=5022 flow=20 side=new cur=7406097738 next=7490739923 tgt=7615090788 f=0.405 u=0 breach=1 end=
CBAP_MIG t=25110000 epoch=5022 flow=21 side=new cur=7406099492 next=7490740966 tgt=7615090788 f=0.405 u=0 breach=1 end=
CBAP_MIG t=25110000 epoch=5022 flow=23 side=new cur=7406099509 next=7490740976 tgt=7615090788 f=0.405 u=0 breach=1 end=
CBAP_MIG t=25110000 epoch=5022 flow=25 side=new cur=7406098011 next=7490740085 tgt=7615090788 f=0.405 u=0 breach=1 end=
CBAP_MIG t=25110000 epoch=5022 flow=26 side=new cur=7406098203 next=7490740199 tgt=7615090788 f=0.405 u=0 breach=1 end=
CBAP_MIG t=25110000 epoch=5022 flow=27 side=new cur=7406101036 next=7490741885 tgt=7615090788 f=0.405 u=0 breach=1 end=
CBAP_MIG t=25110000 epoch=5022 flow=28 side=new cur=7406097582 next=7490739830 tgt=7615090788 f=0.405 u=0 breach=1 end=
CBAP_MIG t=25110000 epoch=5022 flow=29 side=new cur=7406098042 next=7490740104 tgt=7615090788 f=0.405 u=0 breach=1 end=
CBAP_MIG t=25110000 epoch=5022 flow=31 side=new cur=7406098300 next=7490740257 tgt=7615090788 f=0.405 u=0 breach=1 end=
CBAP_MIG t=25110000 epoch=5022 flow=32 side=new cur=7406073279 next=7490725370 tgt=7615090788 f=0.405 u=0 breach=1 end=
CBAP_MIG t=25110000 epoch=5022 flow=34 side=new cur=7406098708 next=7490740500 tgt=7615090788 f=0.405 u=0 breach=1 end=
CBAP_MIG t=25110000 epoch=5022 flow=35 side=new cur=7406098170 next=7490740180 tgt=7615090788 f=0.405 u=0 breach=1 end=
CBAP_MIG t=25110000 epoch=5022 flow=36 side=new cur=7406073288 next=7490725375 tgt=7615090788 f=0.405 u=0 breach=1 end=
CBAP_MIG t=25110000 epoch=5022 flow=37 side=new cur=7406099576 next=7490741016 tgt=7615090788 f=0.405 u=0 breach=1 end=
CBAP_MIG t=25110000 epoch=5022 flow=38 side=new cur=7406098092 next=7490740133 tgt=7615090788 f=0.405 u=0 breach=1 end=
CBAP_MIG t=25110000 epoch=5022 flow=39 side=new cur=7406097904 next=7490740022 tgt=7615090788 f=0.405 u=0 breach=1 end=
CBAP_MIG t=25110000 epoch=5022 flow=40 side=new cur=7406073886 next=7490725731 tgt=7615090788 f=0.405 u=0 breach=1 end=
CBAP_MIG t=25110000 epoch=5022 flow=42 side=new cur=7406097999 next=7490740078 tgt=7615090788 f=0.405 u=0 breach=1 end=
CBAP_MIG t=25110000 epoch=5022 flow=44 side=new cur=7406097780 next=7490739948 tgt=7615090788 f=0.405 u=0 breach=1 end=
CBAP_MIG t=25110000 epoch=5022 flow=45 side=new cur=7406099458 next=7490740946 tgt=7615090788 f=0.405 u=0 breach=1 end=
CBAP_MIG t=25110000 epoch=5022 flow=46 side=new cur=7406098170 next=7490740180 tgt=7615090788 f=0.405 u=0 breach=1 end=
CBAP_MIG t=25110000 epoch=5022 flow=48 side=new cur=7406073747 next=7490725648 tgt=7615090788 f=0.405 u=0 breach=1 end=
CBAP_MIG t=25110000 epoch=5022 flow=49 side=new cur=7406097582 next=7490739830 tgt=7615090788 f=0.405 u=0 breach=1 end=
CBAP_MIG t=25110000 epoch=5022 flow=50 side=new cur=7406097765 next=7490739939 tgt=7615090788 f=0.405 u=0 breach=1 end=
CBAP_MIG t=25110000 epoch=5022 flow=51 side=new cur=7406097863 next=7490739997 tgt=7615090788 f=0.405 u=0 breach=1 end=
CBAP_MIG t=25110000 epoch=5022 flow=52 side=new cur=7406073422 next=7490725455 tgt=7615090788 f=0.405 u=0 breach=1 end=
CBAP_MIG t=25110000 epoch=5022 flow=53 side=new cur=7406098556 next=7490740409 tgt=7615090788 f=0.405 u=0 breach=1 end=
CBAP_MIG t=25110000 epoch=5022 flow=54 side=new cur=7406075740 next=7490726834 tgt=7615090788 f=0.405 u=0 breach=1 end=
CBAP_MIG t=25110000 epoch=5022 flow=55 side=new cur=7406097582 next=7490739830 tgt=7615090788 f=0.405 u=0 breach=1 end=
CBAP_MIG t=25110000 epoch=5022 flow=56 side=new cur=7406076469 next=7490727268 tgt=7615090788 f=0.405 u=0 breach=1 end=
CBAP_MIG t=25110000 epoch=5022 flow=57 side=new cur=7406097771 next=7490739942 tgt=7615090788 f=0.405 u=0 breach=1 end=
CBAP_MIG t=25110000 epoch=5022 flow=58 side=new cur=7406099457 next=7490740946 tgt=7615090788 f=0.405 u=0 breach=1 end=
CBAP_MIG t=25110000 epoch=5022 flow=59 side=new cur=7406098006 next=7490740082 tgt=7615090788 f=0.405 u=0 breach=1 end=
CBAP_MIG t=25110000 epoch=5022 flow=60 side=new cur=7406074706 next=7490726219 tgt=7615090788 f=0.405 u=0 breach=1 end=
CBAP_MIG t=25110000 epoch=5022 flow=61 side=new cur=7406097671 next=7490739883 tgt=7615090788 f=0.405 u=0 breach=1 end=
CBAP_MIG t=25110000 epoch=5022 flow=62 side=new cur=7406097752 next=7490739931 tgt=7615090788 f=0.405 u=0 breach=1 end=
CBAP_MIG t=25110000 epoch=5022 flow=64 side=new cur=7406098333 next=7490740277 tgt=7615090788 f=0.405 u=0 breach=1 end=
CBAP_MIG t=25115000 epoch=5023 flow=1 side=new cur=7490741145 next=7541102750 tgt=7615090788 f=0.405 u=0 breach=1 end=converged
CBAP_MIG t=25115000 epoch=5023 flow=2 side=new cur=7490740906 next=7541102608 tgt=7615090788 f=0.405 u=0 breach=1 end=converged
CBAP_MIG t=25115000 epoch=5023 flow=4 side=new cur=7490724897 next=7541093082 tgt=7615090788 f=0.405 u=0 breach=1 end=converged
CBAP_MIG t=25115000 epoch=5023 flow=5 side=new cur=7490741037 next=7541102686 tgt=7615090788 f=0.405 u=0 breach=1 end=converged
CBAP_MIG t=25115000 epoch=5023 flow=7 side=new cur=7490739830 next=7541101967 tgt=7615090788 f=0.405 u=0 breach=1 end=converged
CBAP_MIG t=25115000 epoch=5023 flow=8 side=new cur=7490740292 next=7541102242 tgt=7615090788 f=0.405 u=0 breach=1 end=converged
CBAP_MIG t=25115000 epoch=5023 flow=9 side=new cur=7490740850 next=7541102574 tgt=7615090788 f=0.405 u=0 breach=1 end=converged
CBAP_MIG t=25115000 epoch=5023 flow=10 side=new cur=7490726663 next=7541094133 tgt=7615090788 f=0.405 u=0 breach=1 end=converged
CBAP_MIG t=25115000 epoch=5023 flow=12 side=new cur=7490740740 next=7541102509 tgt=7615090788 f=0.405 u=0 breach=1 end=converged
CBAP_MIG t=25115000 epoch=5023 flow=13 side=new cur=7490740968 next=7541102645 tgt=7615090788 f=0.405 u=0 breach=1 end=converged
CBAP_MIG t=25115000 epoch=5023 flow=14 side=new cur=7490725160 next=7541093239 tgt=7615090788 f=0.405 u=0 breach=1 end=converged
CBAP_MIG t=25115000 epoch=5023 flow=15 side=new cur=7490739830 next=7541101967 tgt=7615090788 f=0.405 u=0 breach=1 end=converged
CBAP_MIG t=25115000 epoch=5023 flow=16 side=new cur=7490741032 next=7541102683 tgt=7615090788 f=0.405 u=0 breach=1 end=converged
CBAP_MIG t=25115000 epoch=5023 flow=17 side=new cur=7490739830 next=7541101967 tgt=7615090788 f=0.405 u=0 breach=1 end=converged
CBAP_MIG t=25115000 epoch=5023 flow=18 side=new cur=7490740990 next=7541102658 tgt=7615090788 f=0.405 u=0 breach=1 end=converged
CBAP_MIG t=25115000 epoch=5023 flow=19 side=new cur=7490739830 next=7541101967 tgt=7615090788 f=0.405 u=0 breach=1 end=converged
CBAP_MIG t=25115000 epoch=5023 flow=20 side=new cur=7490739923 next=7541102023 tgt=7615090788 f=0.405 u=0 breach=1 end=converged
CBAP_MIG t=25115000 epoch=5023 flow=21 side=new cur=7490740966 next=7541102643 tgt=7615090788 f=0.405 u=0 breach=1 end=converged
CBAP_MIG t=25115000 epoch=5023 flow=23 side=new cur=7490740976 next=7541102649 tgt=7615090788 f=0.405 u=0 breach=1 end=converged
CBAP_MIG t=25115000 epoch=5023 flow=25 side=new cur=7490740085 next=7541102119 tgt=7615090788 f=0.405 u=0 breach=1 end=converged
CBAP_MIG t=25115000 epoch=5023 flow=26 side=new cur=7490740199 next=7541102187 tgt=7615090788 f=0.405 u=0 breach=1 end=converged
CBAP_MIG t=25115000 epoch=5023 flow=27 side=new cur=7490741885 next=7541103190 tgt=7615090788 f=0.405 u=0 breach=1 end=converged
CBAP_MIG t=25115000 epoch=5023 flow=28 side=new cur=7490739830 next=7541101967 tgt=7615090788 f=0.405 u=0 breach=1 end=converged
CBAP_MIG t=25115000 epoch=5023 flow=29 side=new cur=7490740104 next=7541102131 tgt=7615090788 f=0.405 u=0 breach=1 end=converged
CBAP_MIG t=25115000 epoch=5023 flow=31 side=new cur=7490740257 next=7541102222 tgt=7615090788 f=0.405 u=0 breach=1 end=converged
CBAP_MIG t=25115000 epoch=5023 flow=32 side=new cur=7490725370 next=7541093364 tgt=7615090788 f=0.405 u=0 breach=1 end=converged
CBAP_MIG t=25115000 epoch=5023 flow=34 side=new cur=7490740500 next=7541102366 tgt=7615090788 f=0.405 u=0 breach=1 end=converged
CBAP_MIG t=25115000 epoch=5023 flow=35 side=new cur=7490740180 next=7541102176 tgt=7615090788 f=0.405 u=0 breach=1 end=converged
CBAP_MIG t=25115000 epoch=5023 flow=36 side=new cur=7490725375 next=7541093367 tgt=7615090788 f=0.405 u=0 breach=1 end=converged
CBAP_MIG t=25115000 epoch=5023 flow=37 side=new cur=7490741016 next=7541102673 tgt=7615090788 f=0.405 u=0 breach=1 end=converged
CBAP_MIG t=25115000 epoch=5023 flow=38 side=new cur=7490740133 next=7541102148 tgt=7615090788 f=0.405 u=0 breach=1 end=converged
CBAP_MIG t=25115000 epoch=5023 flow=39 side=new cur=7490740022 next=7541102082 tgt=7615090788 f=0.405 u=0 breach=1 end=converged
CBAP_MIG t=25115000 epoch=5023 flow=40 side=new cur=7490725731 next=7541093579 tgt=7615090788 f=0.405 u=0 breach=1 end=converged
CBAP_MIG t=25115000 epoch=5023 flow=42 side=new cur=7490740078 next=7541102115 tgt=7615090788 f=0.405 u=0 breach=1 end=converged
CBAP_MIG t=25115000 epoch=5023 flow=44 side=new cur=7490739948 next=7541102038 tgt=7615090788 f=0.405 u=0 breach=1 end=converged
CBAP_MIG t=25115000 epoch=5023 flow=45 side=new cur=7490740946 next=7541102632 tgt=7615090788 f=0.405 u=0 breach=1 end=converged
CBAP_MIG t=25115000 epoch=5023 flow=46 side=new cur=7490740180 next=7541102176 tgt=7615090788 f=0.405 u=0 breach=1 end=converged
CBAP_MIG t=25115000 epoch=5023 flow=48 side=new cur=7490725648 next=7541093529 tgt=7615090788 f=0.405 u=0 breach=1 end=converged
CBAP_MIG t=25115000 epoch=5023 flow=49 side=new cur=7490739830 next=7541101967 tgt=7615090788 f=0.405 u=0 breach=1 end=converged
CBAP_MIG t=25115000 epoch=5023 flow=50 side=new cur=7490739939 next=7541102032 tgt=7615090788 f=0.405 u=0 breach=1 end=converged
CBAP_MIG t=25115000 epoch=5023 flow=51 side=new cur=7490739997 next=7541102067 tgt=7615090788 f=0.405 u=0 breach=1 end=converged
CBAP_MIG t=25115000 epoch=5023 flow=52 side=new cur=7490725455 next=7541093414 tgt=7615090788 f=0.405 u=0 breach=1 end=converged
CBAP_MIG t=25115000 epoch=5023 flow=53 side=new cur=7490740409 next=7541102312 tgt=7615090788 f=0.405 u=0 breach=1 end=converged
CBAP_MIG t=25115000 epoch=5023 flow=54 side=new cur=7490726834 next=7541094235 tgt=7615090788 f=0.405 u=0 breach=1 end=converged
CBAP_MIG t=25115000 epoch=5023 flow=55 side=new cur=7490739830 next=7541101967 tgt=7615090788 f=0.405 u=0 breach=1 end=converged
CBAP_MIG t=25115000 epoch=5023 flow=56 side=new cur=7490727268 next=7541094493 tgt=7615090788 f=0.405 u=0 breach=1 end=converged
CBAP_MIG t=25115000 epoch=5023 flow=57 side=new cur=7490739942 next=7541102034 tgt=7615090788 f=0.405 u=0 breach=1 end=converged
CBAP_MIG t=25115000 epoch=5023 flow=58 side=new cur=7490740946 next=7541102632 tgt=7615090788 f=0.405 u=0 breach=1 end=converged
CBAP_MIG t=25115000 epoch=5023 flow=59 side=new cur=7490740082 next=7541102117 tgt=7615090788 f=0.405 u=0 breach=1 end=converged
CBAP_MIG t=25115000 epoch=5023 flow=60 side=new cur=7490726219 next=7541093869 tgt=7615090788 f=0.405 u=0 breach=1 end=converged
CBAP_MIG t=25115000 epoch=5023 flow=61 side=new cur=7490739883 next=7541101999 tgt=7615090788 f=0.405 u=0 breach=1 end=converged
CBAP_MIG t=25115000 epoch=5023 flow=62 side=new cur=7490739931 next=7541102028 tgt=7615090788 f=0.405 u=0 breach=1 end=converged
CBAP_MIG t=25115000 epoch=5023 flow=64 side=new cur=7490740277 next=7541102233 tgt=7615090788 f=0.405 u=0 breach=1 end=converged
CBAP_MIG_REPLAN t=25215000 reason=active_set_shrank flow=0 batch=0 newest_batch=1 cur=4001317498 target=4000000000 ceiling=320000000000 old_side_present=1
CBAP_MIG_REPLAN t=25215000 reason=active_set_shrank flow=1 batch=1 newest_batch=1 cur=7541102750 target=7684612850 ceiling=400000000000 old_side_present=1
CBAP_MIG_REPLAN t=25215000 reason=active_set_shrank flow=2 batch=1 newest_batch=1 cur=7541102608 target=7684612850 ceiling=400000000000 old_side_present=1
CBAP_MIG_REPLAN t=25215000 reason=active_set_shrank flow=4 batch=1 newest_batch=1 cur=7541093082 target=7684612850 ceiling=400000000000 old_side_present=1
CBAP_MIG_REPLAN t=25215000 reason=active_set_shrank flow=5 batch=1 newest_batch=1 cur=7541102686 target=7684612850 ceiling=400000000000 old_side_present=1
CBAP_MIG_REPLAN t=25215000 reason=active_set_shrank flow=7 batch=1 newest_batch=1 cur=7541101967 target=7684612850 ceiling=400000000000 old_side_present=1
CBAP_MIG_REPLAN t=25215000 reason=active_set_shrank flow=8 batch=1 newest_batch=1 cur=7541102242 target=7684612850 ceiling=400000000000 old_side_present=1
CBAP_MIG_REPLAN t=25215000 reason=active_set_shrank flow=9 batch=1 newest_batch=1 cur=7541102574 target=7684612850 ceiling=400000000000 old_side_present=1
CBAP_MIG_REPLAN t=25215000 reason=active_set_shrank flow=10 batch=1 newest_batch=1 cur=7541094133 target=7684612850 ceiling=400000000000 old_side_present=1
CBAP_MIG_REPLAN t=25215000 reason=active_set_shrank flow=12 batch=1 newest_batch=1 cur=7541102509 target=7684612850 ceiling=400000000000 old_side_present=1
CBAP_MIG_REPLAN t=25215000 reason=active_set_shrank flow=13 batch=1 newest_batch=1 cur=7541102645 target=7684612850 ceiling=400000000000 old_side_present=1
CBAP_MIG_REPLAN t=25215000 reason=active_set_shrank flow=14 batch=1 newest_batch=1 cur=7541093239 target=7684612850 ceiling=400000000000 old_side_present=1
CBAP_MIG_REPLAN t=25215000 reason=active_set_shrank flow=15 batch=1 newest_batch=1 cur=7541101967 target=7684612850 ceiling=400000000000 old_side_present=1
CBAP_MIG_REPLAN t=25215000 reason=active_set_shrank flow=16 batch=1 newest_batch=1 cur=7541102683 target=7684612850 ceiling=400000000000 old_side_present=1
CBAP_MIG_REPLAN t=25215000 reason=active_set_shrank flow=17 batch=1 newest_batch=1 cur=7541101967 target=7684612850 ceiling=400000000000 old_side_present=1
CBAP_MIG_REPLAN t=25215000 reason=active_set_shrank flow=18 batch=1 newest_batch=1 cur=7541102658 target=7684612850 ceiling=400000000000 old_side_present=1
CBAP_MIG_REPLAN t=25215000 reason=active_set_shrank flow=19 batch=1 newest_batch=1 cur=7541101967 target=7684612850 ceiling=400000000000 old_side_present=1
CBAP_MIG_REPLAN t=25215000 reason=active_set_shrank flow=20 batch=1 newest_batch=1 cur=7541102023 target=7684612850 ceiling=400000000000 old_side_present=1
CBAP_MIG_REPLAN t=25215000 reason=active_set_shrank flow=21 batch=1 newest_batch=1 cur=7541102643 target=7684612850 ceiling=400000000000 old_side_present=1
CBAP_MIG_REPLAN t=25215000 reason=active_set_shrank flow=23 batch=1 newest_batch=1 cur=7541102649 target=7684612850 ceiling=400000000000 old_side_present=1
CBAP_MIG_REPLAN t=25215000 reason=active_set_shrank flow=25 batch=1 newest_batch=1 cur=7541102119 target=7684612850 ceiling=400000000000 old_side_present=1
CBAP_MIG_REPLAN t=25215000 reason=active_set_shrank flow=26 batch=1 newest_batch=1 cur=7541102187 target=7684612850 ceiling=400000000000 old_side_present=1
CBAP_MIG_REPLAN t=25215000 reason=active_set_shrank flow=27 batch=1 newest_batch=1 cur=7541103190 target=7684612850 ceiling=400000000000 old_side_present=1
CBAP_MIG_REPLAN t=25215000 reason=active_set_shrank flow=28 batch=1 newest_batch=1 cur=7541101967 target=7684612850 ceiling=400000000000 old_side_present=1
CBAP_MIG_REPLAN t=25215000 reason=active_set_shrank flow=29 batch=1 newest_batch=1 cur=7541102131 target=7684612850 ceiling=400000000000 old_side_present=1
CBAP_MIG_REPLAN t=25215000 reason=active_set_shrank flow=31 batch=1 newest_batch=1 cur=7541102222 target=7684612850 ceiling=400000000000 old_side_present=1
CBAP_MIG_REPLAN t=25215000 reason=active_set_shrank flow=32 batch=1 newest_batch=1 cur=7541093364 target=7684612850 ceiling=400000000000 old_side_present=1
CBAP_MIG_REPLAN t=25215000 reason=active_set_shrank flow=35 batch=1 newest_batch=1 cur=7541102176 target=7684612850 ceiling=400000000000 old_side_present=1
CBAP_MIG_REPLAN t=25215000 reason=active_set_shrank flow=36 batch=1 newest_batch=1 cur=7541093367 target=7684612850 ceiling=400000000000 old_side_present=1
CBAP_MIG_REPLAN t=25215000 reason=active_set_shrank flow=37 batch=1 newest_batch=1 cur=7541102673 target=7684612850 ceiling=400000000000 old_side_present=1
CBAP_MIG_REPLAN t=25215000 reason=active_set_shrank flow=38 batch=1 newest_batch=1 cur=7541102148 target=7684612850 ceiling=400000000000 old_side_present=1
CBAP_MIG_REPLAN t=25215000 reason=active_set_shrank flow=39 batch=1 newest_batch=1 cur=7541102082 target=7684612850 ceiling=400000000000 old_side_present=1
CBAP_MIG_REPLAN t=25215000 reason=active_set_shrank flow=40 batch=1 newest_batch=1 cur=7541093579 target=7684612850 ceiling=400000000000 old_side_present=1
CBAP_MIG_REPLAN t=25215000 reason=active_set_shrank flow=42 batch=1 newest_batch=1 cur=7541102115 target=7684612850 ceiling=400000000000 old_side_present=1
CBAP_MIG_REPLAN t=25215000 reason=active_set_shrank flow=44 batch=1 newest_batch=1 cur=7541102038 target=7684612850 ceiling=400000000000 old_side_present=1
CBAP_MIG_REPLAN t=25215000 reason=active_set_shrank flow=45 batch=1 newest_batch=1 cur=7541102632 target=7684612850 ceiling=400000000000 old_side_present=1
CBAP_MIG_REPLAN t=25215000 reason=active_set_shrank flow=46 batch=1 newest_batch=1 cur=7541102176 target=7684612850 ceiling=400000000000 old_side_present=1
CBAP_MIG_REPLAN t=25215000 reason=active_set_shrank flow=48 batch=1 newest_batch=1 cur=7541093529 target=7684612850 ceiling=400000000000 old_side_present=1
CBAP_MIG_REPLAN t=25215000 reason=active_set_shrank flow=49 batch=1 newest_batch=1 cur=7541101967 target=7684612850 ceiling=400000000000 old_side_present=1
CBAP_MIG_REPLAN t=25215000 reason=active_set_shrank flow=50 batch=1 newest_batch=1 cur=7541102032 target=7684612850 ceiling=400000000000 old_side_present=1
CBAP_MIG_REPLAN t=25215000 reason=active_set_shrank flow=51 batch=1 newest_batch=1 cur=7541102067 target=7684612850 ceiling=400000000000 old_side_present=1
CBAP_MIG_REPLAN t=25215000 reason=active_set_shrank flow=52 batch=1 newest_batch=1 cur=7541093414 target=7684612850 ceiling=400000000000 old_side_present=1
CBAP_MIG_REPLAN t=25215000 reason=active_set_shrank flow=53 batch=1 newest_batch=1 cur=7541102312 target=7684612850 ceiling=400000000000 old_side_present=1
CBAP_MIG_REPLAN t=25215000 reason=active_set_shrank flow=54 batch=1 newest_batch=1 cur=7541094235 target=7684612850 ceiling=400000000000 old_side_present=1
CBAP_MIG_REPLAN t=25215000 reason=active_set_shrank flow=55 batch=1 newest_batch=1 cur=7541101967 target=7684612850 ceiling=400000000000 old_side_present=1
CBAP_MIG_REPLAN t=25215000 reason=active_set_shrank flow=56 batch=1 newest_batch=1 cur=7541094493 target=7684612850 ceiling=400000000000 old_side_present=1
CBAP_MIG_REPLAN t=25215000 reason=active_set_shrank flow=57 batch=1 newest_batch=1 cur=7541102034 target=7684612850 ceiling=400000000000 old_side_present=1
CBAP_MIG_REPLAN t=25215000 reason=active_set_shrank flow=58 batch=1 newest_batch=1 cur=7541102632 target=7684612850 ceiling=400000000000 old_side_present=1
CBAP_MIG_REPLAN t=25215000 reason=active_set_shrank flow=59 batch=1 newest_batch=1 cur=7541102117 target=7684612850 ceiling=400000000000 old_side_present=1
CBAP_MIG_REPLAN t=25215000 reason=active_set_shrank flow=60 batch=1 newest_batch=1 cur=7541093869 target=7684612850 ceiling=400000000000 old_side_present=1
CBAP_MIG_REPLAN t=25215000 reason=active_set_shrank flow=61 batch=1 newest_batch=1 cur=7541101999 target=7684612850 ceiling=400000000000 old_side_present=1
CBAP_MIG_REPLAN t=25215000 reason=active_set_shrank flow=62 batch=1 newest_batch=1 cur=7541102028 target=7684612850 ceiling=400000000000 old_side_present=1
CBAP_MIG_REPLAN t=25215000 reason=active_set_shrank flow=64 batch=1 newest_batch=1 cur=7541102233 target=7684612850 ceiling=400000000000 old_side_present=1
CBAP_MIG t=25215000 epoch=5043 flow=0 side=old cur=4001317498 next=4000922248 tgt=4000000000 f=0.3 u=0 breach=0 end=converged
CBAP_MIG t=25215000 epoch=5043 flow=1 side=new cur=7541102750 next=7599224340 tgt=7684612850 f=0.405 u=0 breach=1 end=
CBAP_MIG t=25215000 epoch=5043 flow=2 side=new cur=7541102608 next=7599224256 tgt=7684612850 f=0.405 u=0 breach=1 end=
CBAP_MIG t=25215000 epoch=5043 flow=4 side=new cur=7541093082 next=7599218588 tgt=7684612850 f=0.405 u=0 breach=1 end=
CBAP_MIG t=25215000 epoch=5043 flow=5 side=new cur=7541102686 next=7599224302 tgt=7684612850 f=0.405 u=0 breach=1 end=
CBAP_MIG t=25215000 epoch=5043 flow=7 side=new cur=7541101967 next=7599223874 tgt=7684612850 f=0.405 u=0 breach=1 end=
CBAP_MIG t=25215000 epoch=5043 flow=8 side=new cur=7541102242 next=7599224038 tgt=7684612850 f=0.405 u=0 breach=1 end=
CBAP_MIG t=25215000 epoch=5043 flow=9 side=new cur=7541102574 next=7599224235 tgt=7684612850 f=0.405 u=0 breach=1 end=
CBAP_MIG t=25215000 epoch=5043 flow=10 side=new cur=7541094133 next=7599219213 tgt=7684612850 f=0.405 u=0 breach=1 end=
CBAP_MIG t=25215000 epoch=5043 flow=12 side=new cur=7541102509 next=7599224197 tgt=7684612850 f=0.405 u=0 breach=1 end=
CBAP_MIG t=25215000 epoch=5043 flow=13 side=new cur=7541102645 next=7599224278 tgt=7684612850 f=0.405 u=0 breach=1 end=
CBAP_MIG t=25215000 epoch=5043 flow=14 side=new cur=7541093239 next=7599218681 tgt=7684612850 f=0.405 u=0 breach=1 end=
CBAP_MIG t=25215000 epoch=5043 flow=15 side=new cur=7541101967 next=7599223874 tgt=7684612850 f=0.405 u=0 breach=1 end=
CBAP_MIG t=25215000 epoch=5043 flow=16 side=new cur=7541102683 next=7599224300 tgt=7684612850 f=0.405 u=0 breach=1 end=
CBAP_MIG t=25215000 epoch=5043 flow=17 side=new cur=7541101967 next=7599223874 tgt=7684612850 f=0.405 u=0 breach=1 end=
CBAP_MIG t=25215000 epoch=5043 flow=18 side=new cur=7541102658 next=7599224285 tgt=7684612850 f=0.405 u=0 breach=1 end=
CBAP_MIG t=25215000 epoch=5043 flow=19 side=new cur=7541101967 next=7599223874 tgt=7684612850 f=0.405 u=0 breach=1 end=
CBAP_MIG t=25215000 epoch=5043 flow=20 side=new cur=7541102023 next=7599223907 tgt=7684612850 f=0.405 u=0 breach=1 end=
CBAP_MIG t=25215000 epoch=5043 flow=21 side=new cur=7541102643 next=7599224276 tgt=7684612850 f=0.405 u=0 breach=1 end=
CBAP_MIG t=25215000 epoch=5043 flow=23 side=new cur=7541102649 next=7599224280 tgt=7684612850 f=0.405 u=0 breach=1 end=
CBAP_MIG t=25215000 epoch=5043 flow=25 side=new cur=7541102119 next=7599223965 tgt=7684612850 f=0.405 u=0 breach=1 end=
CBAP_MIG t=25215000 epoch=5043 flow=26 side=new cur=7541102187 next=7599224005 tgt=7684612850 f=0.405 u=0 breach=1 end=
CBAP_MIG t=25215000 epoch=5043 flow=27 side=new cur=7541103190 next=7599224602 tgt=7684612850 f=0.405 u=0 breach=1 end=
CBAP_MIG t=25215000 epoch=5043 flow=28 side=new cur=7541101967 next=7599223874 tgt=7684612850 f=0.405 u=0 breach=1 end=
CBAP_MIG t=25215000 epoch=5043 flow=29 side=new cur=7541102131 next=7599223972 tgt=7684612850 f=0.405 u=0 breach=1 end=
CBAP_MIG t=25215000 epoch=5043 flow=31 side=new cur=7541102222 next=7599224026 tgt=7684612850 f=0.405 u=0 breach=1 end=
CBAP_MIG t=25215000 epoch=5043 flow=32 side=new cur=7541093364 next=7599218755 tgt=7684612850 f=0.405 u=0 breach=1 end=
CBAP_MIG t=25215000 epoch=5043 flow=35 side=new cur=7541102176 next=7599223998 tgt=7684612850 f=0.405 u=0 breach=1 end=
CBAP_MIG t=25215000 epoch=5043 flow=36 side=new cur=7541093367 next=7599218757 tgt=7684612850 f=0.405 u=0 breach=1 end=
CBAP_MIG t=25215000 epoch=5043 flow=37 side=new cur=7541102673 next=7599224294 tgt=7684612850 f=0.405 u=0 breach=1 end=
CBAP_MIG t=25215000 epoch=5043 flow=38 side=new cur=7541102148 next=7599223982 tgt=7684612850 f=0.405 u=0 breach=1 end=
CBAP_MIG t=25215000 epoch=5043 flow=39 side=new cur=7541102082 next=7599223943 tgt=7684612850 f=0.405 u=0 breach=1 end=
CBAP_MIG t=25215000 epoch=5043 flow=40 side=new cur=7541093579 next=7599218883 tgt=7684612850 f=0.405 u=0 breach=1 end=
CBAP_MIG t=25215000 epoch=5043 flow=42 side=new cur=7541102115 next=7599223962 tgt=7684612850 f=0.405 u=0 breach=1 end=
CBAP_MIG t=25215000 epoch=5043 flow=44 side=new cur=7541102038 next=7599223916 tgt=7684612850 f=0.405 u=0 breach=1 end=
CBAP_MIG t=25215000 epoch=5043 flow=45 side=new cur=7541102632 next=7599224270 tgt=7684612850 f=0.405 u=0 breach=1 end=
CBAP_MIG t=25215000 epoch=5043 flow=46 side=new cur=7541102176 next=7599223998 tgt=7684612850 f=0.405 u=0 breach=1 end=
CBAP_MIG t=25215000 epoch=5043 flow=48 side=new cur=7541093529 next=7599218854 tgt=7684612850 f=0.405 u=0 breach=1 end=
CBAP_MIG t=25215000 epoch=5043 flow=49 side=new cur=7541101967 next=7599223874 tgt=7684612850 f=0.405 u=0 breach=1 end=
CBAP_MIG t=25215000 epoch=5043 flow=50 side=new cur=7541102032 next=7599223913 tgt=7684612850 f=0.405 u=0 breach=1 end=
CBAP_MIG t=25215000 epoch=5043 flow=51 side=new cur=7541102067 next=7599223934 tgt=7684612850 f=0.405 u=0 breach=1 end=
CBAP_MIG t=25215000 epoch=5043 flow=52 side=new cur=7541093414 next=7599218785 tgt=7684612850 f=0.405 u=0 breach=1 end=
CBAP_MIG t=25215000 epoch=5043 flow=53 side=new cur=7541102312 next=7599224079 tgt=7684612850 f=0.405 u=0 breach=1 end=
CBAP_MIG t=25215000 epoch=5043 flow=54 side=new cur=7541094235 next=7599219274 tgt=7684612850 f=0.405 u=0 breach=1 end=
CBAP_MIG t=25215000 epoch=5043 flow=55 side=new cur=7541101967 next=7599223874 tgt=7684612850 f=0.405 u=0 breach=1 end=
CBAP_MIG t=25215000 epoch=5043 flow=56 side=new cur=7541094493 next=7599219427 tgt=7684612850 f=0.405 u=0 breach=1 end=
CBAP_MIG t=25215000 epoch=5043 flow=57 side=new cur=7541102034 next=7599223914 tgt=7684612850 f=0.405 u=0 breach=1 end=
CBAP_MIG t=25215000 epoch=5043 flow=58 side=new cur=7541102632 next=7599224270 tgt=7684612850 f=0.405 u=0 breach=1 end=
CBAP_MIG t=25215000 epoch=5043 flow=59 side=new cur=7541102117 next=7599223963 tgt=7684612850 f=0.405 u=0 breach=1 end=
CBAP_MIG t=25215000 epoch=5043 flow=60 side=new cur=7541093869 next=7599219056 tgt=7684612850 f=0.405 u=0 breach=1 end=
CBAP_MIG t=25215000 epoch=5043 flow=61 side=new cur=7541101999 next=7599223893 tgt=7684612850 f=0.405 u=0 breach=1 end=
CBAP_MIG t=25215000 epoch=5043 flow=62 side=new cur=7541102028 next=7599223910 tgt=7684612850 f=0.405 u=0 breach=1 end=
CBAP_MIG t=25215000 epoch=5043 flow=64 side=new cur=7541102233 next=7599224032 tgt=7684612850 f=0.405 u=0 breach=1 end=
CBAP_MIG_REPLAN t=25220000 reason=active_set_shrank flow=0 batch=0 newest_batch=1 cur=4000922248 target=4000000000 ceiling=320000000000 old_side_present=1
CBAP_MIG_REPLAN t=25220000 reason=active_set_shrank flow=1 batch=1 newest_batch=1 cur=7599224340 target=7835292309 ceiling=400000000000 old_side_present=1
CBAP_MIG_REPLAN t=25220000 reason=active_set_shrank flow=2 batch=1 newest_batch=1 cur=7599224256 target=7835292309 ceiling=400000000000 old_side_present=1
CBAP_MIG_REPLAN t=25220000 reason=active_set_shrank flow=4 batch=1 newest_batch=1 cur=7599218588 target=7835292309 ceiling=400000000000 old_side_present=1
CBAP_MIG_REPLAN t=25220000 reason=active_set_shrank flow=5 batch=1 newest_batch=1 cur=7599224302 target=7835292309 ceiling=400000000000 old_side_present=1
CBAP_MIG_REPLAN t=25220000 reason=active_set_shrank flow=7 batch=1 newest_batch=1 cur=7599223874 target=7835292309 ceiling=400000000000 old_side_present=1
CBAP_MIG_REPLAN t=25220000 reason=active_set_shrank flow=8 batch=1 newest_batch=1 cur=7599224038 target=7835292309 ceiling=400000000000 old_side_present=1
CBAP_MIG_REPLAN t=25220000 reason=active_set_shrank flow=9 batch=1 newest_batch=1 cur=7599224235 target=7835292309 ceiling=400000000000 old_side_present=1
CBAP_MIG_REPLAN t=25220000 reason=active_set_shrank flow=10 batch=1 newest_batch=1 cur=7599219213 target=7835292309 ceiling=400000000000 old_side_present=1
CBAP_MIG_REPLAN t=25220000 reason=active_set_shrank flow=12 batch=1 newest_batch=1 cur=7599224197 target=7835292309 ceiling=400000000000 old_side_present=1
CBAP_MIG_REPLAN t=25220000 reason=active_set_shrank flow=13 batch=1 newest_batch=1 cur=7599224278 target=7835292309 ceiling=400000000000 old_side_present=1
CBAP_MIG_REPLAN t=25220000 reason=active_set_shrank flow=15 batch=1 newest_batch=1 cur=7599223874 target=7835292309 ceiling=400000000000 old_side_present=1
CBAP_MIG_REPLAN t=25220000 reason=active_set_shrank flow=16 batch=1 newest_batch=1 cur=7599224300 target=7835292309 ceiling=400000000000 old_side_present=1
CBAP_MIG_REPLAN t=25220000 reason=active_set_shrank flow=17 batch=1 newest_batch=1 cur=7599223874 target=7835292309 ceiling=400000000000 old_side_present=1
CBAP_MIG_REPLAN t=25220000 reason=active_set_shrank flow=18 batch=1 newest_batch=1 cur=7599224285 target=7835292309 ceiling=400000000000 old_side_present=1
CBAP_MIG_REPLAN t=25220000 reason=active_set_shrank flow=19 batch=1 newest_batch=1 cur=7599223874 target=7835292309 ceiling=400000000000 old_side_present=1
CBAP_MIG_REPLAN t=25220000 reason=active_set_shrank flow=20 batch=1 newest_batch=1 cur=7599223907 target=7835292309 ceiling=400000000000 old_side_present=1
CBAP_MIG_REPLAN t=25220000 reason=active_set_shrank flow=21 batch=1 newest_batch=1 cur=7599224276 target=7835292309 ceiling=400000000000 old_side_present=1
CBAP_MIG_REPLAN t=25220000 reason=active_set_shrank flow=23 batch=1 newest_batch=1 cur=7599224280 target=7835292309 ceiling=400000000000 old_side_present=1
CBAP_MIG_REPLAN t=25220000 reason=active_set_shrank flow=25 batch=1 newest_batch=1 cur=7599223965 target=7835292309 ceiling=400000000000 old_side_present=1
CBAP_MIG_REPLAN t=25220000 reason=active_set_shrank flow=26 batch=1 newest_batch=1 cur=7599224005 target=7835292309 ceiling=400000000000 old_side_present=1
CBAP_MIG_REPLAN t=25220000 reason=active_set_shrank flow=27 batch=1 newest_batch=1 cur=7599224602 target=7835292309 ceiling=400000000000 old_side_present=1
CBAP_MIG_REPLAN t=25220000 reason=active_set_shrank flow=28 batch=1 newest_batch=1 cur=7599223874 target=7835292309 ceiling=400000000000 old_side_present=1
CBAP_MIG_REPLAN t=25220000 reason=active_set_shrank flow=29 batch=1 newest_batch=1 cur=7599223972 target=7835292309 ceiling=400000000000 old_side_present=1
CBAP_MIG_REPLAN t=25220000 reason=active_set_shrank flow=31 batch=1 newest_batch=1 cur=7599224026 target=7835292309 ceiling=400000000000 old_side_present=1
CBAP_MIG_REPLAN t=25220000 reason=active_set_shrank flow=32 batch=1 newest_batch=1 cur=7599218755 target=7835292309 ceiling=400000000000 old_side_present=1
CBAP_MIG_REPLAN t=25220000 reason=active_set_shrank flow=35 batch=1 newest_batch=1 cur=7599223998 target=7835292309 ceiling=400000000000 old_side_present=1
CBAP_MIG_REPLAN t=25220000 reason=active_set_shrank flow=36 batch=1 newest_batch=1 cur=7599218757 target=7835292309 ceiling=400000000000 old_side_present=1
CBAP_MIG_REPLAN t=25220000 reason=active_set_shrank flow=37 batch=1 newest_batch=1 cur=7599224294 target=7835292309 ceiling=400000000000 old_side_present=1
CBAP_MIG_REPLAN t=25220000 reason=active_set_shrank flow=38 batch=1 newest_batch=1 cur=7599223982 target=7835292309 ceiling=400000000000 old_side_present=1
CBAP_MIG_REPLAN t=25220000 reason=active_set_shrank flow=39 batch=1 newest_batch=1 cur=7599223943 target=7835292309 ceiling=400000000000 old_side_present=1
CBAP_MIG_REPLAN t=25220000 reason=active_set_shrank flow=40 batch=1 newest_batch=1 cur=7599218883 target=7835292309 ceiling=400000000000 old_side_present=1
CBAP_MIG_REPLAN t=25220000 reason=active_set_shrank flow=42 batch=1 newest_batch=1 cur=7599223962 target=7835292309 ceiling=400000000000 old_side_present=1
CBAP_MIG_REPLAN t=25220000 reason=active_set_shrank flow=44 batch=1 newest_batch=1 cur=7599223916 target=7835292309 ceiling=400000000000 old_side_present=1
CBAP_MIG_REPLAN t=25220000 reason=active_set_shrank flow=45 batch=1 newest_batch=1 cur=7599224270 target=7835292309 ceiling=400000000000 old_side_present=1
CBAP_MIG_REPLAN t=25220000 reason=active_set_shrank flow=46 batch=1 newest_batch=1 cur=7599223998 target=7835292309 ceiling=400000000000 old_side_present=1
CBAP_MIG_REPLAN t=25220000 reason=active_set_shrank flow=48 batch=1 newest_batch=1 cur=7599218854 target=7835292309 ceiling=400000000000 old_side_present=1
CBAP_MIG_REPLAN t=25220000 reason=active_set_shrank flow=49 batch=1 newest_batch=1 cur=7599223874 target=7835292309 ceiling=400000000000 old_side_present=1
CBAP_MIG_REPLAN t=25220000 reason=active_set_shrank flow=50 batch=1 newest_batch=1 cur=7599223913 target=7835292309 ceiling=400000000000 old_side_present=1
CBAP_MIG_REPLAN t=25220000 reason=active_set_shrank flow=51 batch=1 newest_batch=1 cur=7599223934 target=7835292309 ceiling=400000000000 old_side_present=1
CBAP_MIG_REPLAN t=25220000 reason=active_set_shrank flow=52 batch=1 newest_batch=1 cur=7599218785 target=7835292309 ceiling=400000000000 old_side_present=1
CBAP_MIG_REPLAN t=25220000 reason=active_set_shrank flow=53 batch=1 newest_batch=1 cur=7599224079 target=7835292309 ceiling=400000000000 old_side_present=1
CBAP_MIG_REPLAN t=25220000 reason=active_set_shrank flow=54 batch=1 newest_batch=1 cur=7599219274 target=7835292309 ceiling=400000000000 old_side_present=1
CBAP_MIG_REPLAN t=25220000 reason=active_set_shrank flow=55 batch=1 newest_batch=1 cur=7599223874 target=7835292309 ceiling=400000000000 old_side_present=1
CBAP_MIG_REPLAN t=25220000 reason=active_set_shrank flow=56 batch=1 newest_batch=1 cur=7599219427 target=7835292309 ceiling=400000000000 old_side_present=1
CBAP_MIG_REPLAN t=25220000 reason=active_set_shrank flow=57 batch=1 newest_batch=1 cur=7599223914 target=7835292309 ceiling=400000000000 old_side_present=1
CBAP_MIG_REPLAN t=25220000 reason=active_set_shrank flow=58 batch=1 newest_batch=1 cur=7599224270 target=7835292309 ceiling=400000000000 old_side_present=1
CBAP_MIG_REPLAN t=25220000 reason=active_set_shrank flow=59 batch=1 newest_batch=1 cur=7599223963 target=7835292309 ceiling=400000000000 old_side_present=1
CBAP_MIG_REPLAN t=25220000 reason=active_set_shrank flow=60 batch=1 newest_batch=1 cur=7599219056 target=7835292309 ceiling=400000000000 old_side_present=1
CBAP_MIG_REPLAN t=25220000 reason=active_set_shrank flow=61 batch=1 newest_batch=1 cur=7599223893 target=7835292309 ceiling=400000000000 old_side_present=1
CBAP_MIG_REPLAN t=25220000 reason=active_set_shrank flow=62 batch=1 newest_batch=1 cur=7599223910 target=7835292309 ceiling=400000000000 old_side_present=1
CBAP_MIG_REPLAN t=25220000 reason=active_set_shrank flow=64 batch=1 newest_batch=1 cur=7599224032 target=7835292309 ceiling=400000000000 old_side_present=1
CBAP_MIG t=25220000 epoch=5044 flow=0 side=old cur=4000922248 next=4000645573 tgt=4000000000 f=0.3 u=0 breach=0 end=converged
CBAP_MIG t=25220000 epoch=5044 flow=1 side=new cur=7599224340 next=7694831867 tgt=7835292309 f=0.405 u=0 breach=1 end=
CBAP_MIG t=25220000 epoch=5044 flow=2 side=new cur=7599224256 next=7694831817 tgt=7835292309 f=0.405 u=0 breach=1 end=
CBAP_MIG t=25220000 epoch=5044 flow=4 side=new cur=7599218588 next=7694828445 tgt=7835292309 f=0.405 u=0 breach=1 end=
CBAP_MIG t=25220000 epoch=5044 flow=5 side=new cur=7599224302 next=7694831844 tgt=7835292309 f=0.405 u=0 breach=1 end=
CBAP_MIG t=25220000 epoch=5044 flow=7 side=new cur=7599223874 next=7694831590 tgt=7835292309 f=0.405 u=0 breach=1 end=
CBAP_MIG t=25220000 epoch=5044 flow=8 side=new cur=7599224038 next=7694831687 tgt=7835292309 f=0.405 u=0 breach=1 end=
CBAP_MIG t=25220000 epoch=5044 flow=9 side=new cur=7599224235 next=7694831804 tgt=7835292309 f=0.405 u=0 breach=1 end=
CBAP_MIG t=25220000 epoch=5044 flow=10 side=new cur=7599219213 next=7694828816 tgt=7835292309 f=0.405 u=0 breach=1 end=
CBAP_MIG t=25220000 epoch=5044 flow=12 side=new cur=7599224197 next=7694831782 tgt=7835292309 f=0.405 u=0 breach=1 end=
CBAP_MIG t=25220000 epoch=5044 flow=13 side=new cur=7599224278 next=7694831830 tgt=7835292309 f=0.405 u=0 breach=1 end=
CBAP_MIG t=25220000 epoch=5044 flow=15 side=new cur=7599223874 next=7694831590 tgt=7835292309 f=0.405 u=0 breach=1 end=
CBAP_MIG t=25220000 epoch=5044 flow=16 side=new cur=7599224300 next=7694831843 tgt=7835292309 f=0.405 u=0 breach=1 end=
CBAP_MIG t=25220000 epoch=5044 flow=17 side=new cur=7599223874 next=7694831590 tgt=7835292309 f=0.405 u=0 breach=1 end=
CBAP_MIG t=25220000 epoch=5044 flow=18 side=new cur=7599224285 next=7694831834 tgt=7835292309 f=0.405 u=0 breach=1 end=
CBAP_MIG t=25220000 epoch=5044 flow=19 side=new cur=7599223874 next=7694831590 tgt=7835292309 f=0.405 u=0 breach=1 end=
CBAP_MIG t=25220000 epoch=5044 flow=20 side=new cur=7599223907 next=7694831609 tgt=7835292309 f=0.405 u=0 breach=1 end=
CBAP_MIG t=25220000 epoch=5044 flow=21 side=new cur=7599224276 next=7694831829 tgt=7835292309 f=0.405 u=0 breach=1 end=
CBAP_MIG t=25220000 epoch=5044 flow=23 side=new cur=7599224280 next=7694831831 tgt=7835292309 f=0.405 u=0 breach=1 end=
CBAP_MIG t=25220000 epoch=5044 flow=25 side=new cur=7599223965 next=7694831644 tgt=7835292309 f=0.405 u=0 breach=1 end=
CBAP_MIG t=25220000 epoch=5044 flow=26 side=new cur=7599224005 next=7694831668 tgt=7835292309 f=0.405 u=0 breach=1 end=
CBAP_MIG t=25220000 epoch=5044 flow=27 side=new cur=7599224602 next=7694832023 tgt=7835292309 f=0.405 u=0 breach=1 end=
CBAP_MIG t=25220000 epoch=5044 flow=28 side=new cur=7599223874 next=7694831590 tgt=7835292309 f=0.405 u=0 breach=1 end=
CBAP_MIG t=25220000 epoch=5044 flow=29 side=new cur=7599223972 next=7694831648 tgt=7835292309 f=0.405 u=0 breach=1 end=
CBAP_MIG t=25220000 epoch=5044 flow=31 side=new cur=7599224026 next=7694831680 tgt=7835292309 f=0.405 u=0 breach=1 end=
CBAP_MIG t=25220000 epoch=5044 flow=32 side=new cur=7599218755 next=7694828544 tgt=7835292309 f=0.405 u=0 breach=1 end=
CBAP_MIG t=25220000 epoch=5044 flow=35 side=new cur=7599223998 next=7694831663 tgt=7835292309 f=0.405 u=0 breach=1 end=
CBAP_MIG t=25220000 epoch=5044 flow=36 side=new cur=7599218757 next=7694828545 tgt=7835292309 f=0.405 u=0 breach=1 end=
CBAP_MIG t=25220000 epoch=5044 flow=37 side=new cur=7599224294 next=7694831840 tgt=7835292309 f=0.405 u=0 breach=1 end=
CBAP_MIG t=25220000 epoch=5044 flow=38 side=new cur=7599223982 next=7694831654 tgt=7835292309 f=0.405 u=0 breach=1 end=
CBAP_MIG t=25220000 epoch=5044 flow=39 side=new cur=7599223943 next=7694831631 tgt=7835292309 f=0.405 u=0 breach=1 end=
CBAP_MIG t=25220000 epoch=5044 flow=40 side=new cur=7599218883 next=7694828620 tgt=7835292309 f=0.405 u=0 breach=1 end=
CBAP_MIG t=25220000 epoch=5044 flow=42 side=new cur=7599223962 next=7694831642 tgt=7835292309 f=0.405 u=0 breach=1 end=
CBAP_MIG t=25220000 epoch=5044 flow=44 side=new cur=7599223916 next=7694831615 tgt=7835292309 f=0.405 u=0 breach=1 end=
CBAP_MIG t=25220000 epoch=5044 flow=45 side=new cur=7599224270 next=7694831825 tgt=7835292309 f=0.405 u=0 breach=1 end=
CBAP_MIG t=25220000 epoch=5044 flow=46 side=new cur=7599223998 next=7694831663 tgt=7835292309 f=0.405 u=0 breach=1 end=
CBAP_MIG t=25220000 epoch=5044 flow=48 side=new cur=7599218854 next=7694828603 tgt=7835292309 f=0.405 u=0 breach=1 end=
CBAP_MIG t=25220000 epoch=5044 flow=49 side=new cur=7599223874 next=7694831590 tgt=7835292309 f=0.405 u=0 breach=1 end=
CBAP_MIG t=25220000 epoch=5044 flow=50 side=new cur=7599223913 next=7694831613 tgt=7835292309 f=0.405 u=0 breach=1 end=
CBAP_MIG t=25220000 epoch=5044 flow=51 side=new cur=7599223934 next=7694831625 tgt=7835292309 f=0.405 u=0 breach=1 end=
CBAP_MIG t=25220000 epoch=5044 flow=52 side=new cur=7599218785 next=7694828562 tgt=7835292309 f=0.405 u=0 breach=1 end=
CBAP_MIG t=25220000 epoch=5044 flow=53 side=new cur=7599224079 next=7694831712 tgt=7835292309 f=0.405 u=0 breach=1 end=
CBAP_MIG t=25220000 epoch=5044 flow=54 side=new cur=7599219274 next=7694828853 tgt=7835292309 f=0.405 u=0 breach=1 end=
CBAP_MIG t=25220000 epoch=5044 flow=55 side=new cur=7599223874 next=7694831590 tgt=7835292309 f=0.405 u=0 breach=1 end=
CBAP_MIG t=25220000 epoch=5044 flow=56 side=new cur=7599219427 next=7694828944 tgt=7835292309 f=0.405 u=0 breach=1 end=
CBAP_MIG t=25220000 epoch=5044 flow=57 side=new cur=7599223914 next=7694831613 tgt=7835292309 f=0.405 u=0 breach=1 end=
CBAP_MIG t=25220000 epoch=5044 flow=58 side=new cur=7599224270 next=7694831825 tgt=7835292309 f=0.405 u=0 breach=1 end=
CBAP_MIG t=25220000 epoch=5044 flow=59 side=new cur=7599223963 next=7694831643 tgt=7835292309 f=0.405 u=0 breach=1 end=
CBAP_MIG t=25220000 epoch=5044 flow=60 side=new cur=7599219056 next=7694828723 tgt=7835292309 f=0.405 u=0 breach=1 end=
CBAP_MIG t=25220000 epoch=5044 flow=61 side=new cur=7599223893 next=7694831601 tgt=7835292309 f=0.405 u=0 breach=1 end=
CBAP_MIG t=25220000 epoch=5044 flow=62 side=new cur=7599223910 next=7694831611 tgt=7835292309 f=0.405 u=0 breach=1 end=
CBAP_MIG t=25220000 epoch=5044 flow=64 side=new cur=7599224032 next=7694831684 tgt=7835292309 f=0.405 u=0 breach=1 end=
CBAP_MIG t=25225000 epoch=5045 flow=1 side=new cur=7694831867 next=7751718346 tgt=7835292309 f=0.405 u=0 breach=1 end=
CBAP_MIG t=25225000 epoch=5045 flow=2 side=new cur=7694831817 next=7751718316 tgt=7835292309 f=0.405 u=0 breach=1 end=
CBAP_MIG t=25225000 epoch=5045 flow=4 side=new cur=7694828445 next=7751716309 tgt=7835292309 f=0.405 u=0 breach=1 end=
CBAP_MIG t=25225000 epoch=5045 flow=5 side=new cur=7694831844 next=7751718332 tgt=7835292309 f=0.405 u=0 breach=1 end=
CBAP_MIG t=25225000 epoch=5045 flow=7 side=new cur=7694831590 next=7751718181 tgt=7835292309 f=0.405 u=0 breach=1 end=
CBAP_MIG t=25225000 epoch=5045 flow=8 side=new cur=7694831687 next=7751718238 tgt=7835292309 f=0.405 u=0 breach=1 end=
CBAP_MIG t=25225000 epoch=5045 flow=9 side=new cur=7694831804 next=7751718308 tgt=7835292309 f=0.405 u=0 breach=1 end=
CBAP_MIG t=25225000 epoch=5045 flow=10 side=new cur=7694828816 next=7751716530 tgt=7835292309 f=0.405 u=0 breach=1 end=
CBAP_MIG t=25225000 epoch=5045 flow=12 side=new cur=7694831782 next=7751718295 tgt=7835292309 f=0.405 u=0 breach=1 end=
CBAP_MIG t=25225000 epoch=5045 flow=13 side=new cur=7694831830 next=7751718323 tgt=7835292309 f=0.405 u=0 breach=1 end=
CBAP_MIG t=25225000 epoch=5045 flow=15 side=new cur=7694831590 next=7751718181 tgt=7835292309 f=0.405 u=0 breach=1 end=
CBAP_MIG t=25225000 epoch=5045 flow=16 side=new cur=7694831843 next=7751718331 tgt=7835292309 f=0.405 u=0 breach=1 end=
CBAP_MIG t=25225000 epoch=5045 flow=17 side=new cur=7694831590 next=7751718181 tgt=7835292309 f=0.405 u=0 breach=1 end=
CBAP_MIG t=25225000 epoch=5045 flow=18 side=new cur=7694831834 next=7751718326 tgt=7835292309 f=0.405 u=0 breach=1 end=
CBAP_MIG t=25225000 epoch=5045 flow=19 side=new cur=7694831590 next=7751718181 tgt=7835292309 f=0.405 u=0 breach=1 end=
CBAP_MIG t=25225000 epoch=5045 flow=20 side=new cur=7694831609 next=7751718192 tgt=7835292309 f=0.405 u=0 breach=1 end=
CBAP_MIG t=25225000 epoch=5045 flow=21 side=new cur=7694831829 next=7751718323 tgt=7835292309 f=0.405 u=0 breach=1 end=
CBAP_MIG t=25225000 epoch=5045 flow=23 side=new cur=7694831831 next=7751718324 tgt=7835292309 f=0.405 u=0 breach=1 end=
CBAP_MIG t=25225000 epoch=5045 flow=25 side=new cur=7694831644 next=7751718213 tgt=7835292309 f=0.405 u=0 breach=1 end=
CBAP_MIG t=25225000 epoch=5045 flow=26 side=new cur=7694831668 next=7751718227 tgt=7835292309 f=0.405 u=0 breach=1 end=
CBAP_MIG t=25225000 epoch=5045 flow=27 side=new cur=7694832023 next=7751718438 tgt=7835292309 f=0.405 u=0 breach=1 end=
CBAP_MIG t=25225000 epoch=5045 flow=28 side=new cur=7694831590 next=7751718181 tgt=7835292309 f=0.405 u=0 breach=1 end=
CBAP_MIG t=25225000 epoch=5045 flow=29 side=new cur=7694831648 next=7751718215 tgt=7835292309 f=0.405 u=0 breach=1 end=
CBAP_MIG t=25225000 epoch=5045 flow=31 side=new cur=7694831680 next=7751718234 tgt=7835292309 f=0.405 u=0 breach=1 end=
CBAP_MIG t=25225000 epoch=5045 flow=32 side=new cur=7694828544 next=7751716368 tgt=7835292309 f=0.405 u=0 breach=1 end=
CBAP_MIG t=25225000 epoch=5045 flow=35 side=new cur=7694831663 next=7751718224 tgt=7835292309 f=0.405 u=0 breach=1 end=
CBAP_MIG t=25225000 epoch=5045 flow=36 side=new cur=7694828545 next=7751716369 tgt=7835292309 f=0.405 u=0 breach=1 end=
CBAP_MIG t=25225000 epoch=5045 flow=37 side=new cur=7694831840 next=7751718329 tgt=7835292309 f=0.405 u=0 breach=1 end=
CBAP_MIG t=25225000 epoch=5045 flow=38 side=new cur=7694831654 next=7751718219 tgt=7835292309 f=0.405 u=0 breach=1 end=
CBAP_MIG t=25225000 epoch=5045 flow=39 side=new cur=7694831631 next=7751718205 tgt=7835292309 f=0.405 u=0 breach=1 end=
CBAP_MIG t=25225000 epoch=5045 flow=40 side=new cur=7694828620 next=7751716414 tgt=7835292309 f=0.405 u=0 breach=1 end=
CBAP_MIG t=25225000 epoch=5045 flow=42 side=new cur=7694831642 next=7751718212 tgt=7835292309 f=0.405 u=0 breach=1 end=
CBAP_MIG t=25225000 epoch=5045 flow=44 side=new cur=7694831615 next=7751718196 tgt=7835292309 f=0.405 u=0 breach=1 end=
CBAP_MIG t=25225000 epoch=5045 flow=45 side=new cur=7694831825 next=7751718321 tgt=7835292309 f=0.405 u=0 breach=1 end=
CBAP_MIG t=25225000 epoch=5045 flow=46 side=new cur=7694831663 next=7751718224 tgt=7835292309 f=0.405 u=0 breach=1 end=
CBAP_MIG t=25225000 epoch=5045 flow=48 side=new cur=7694828603 next=7751716403 tgt=7835292309 f=0.405 u=0 breach=1 end=
CBAP_MIG t=25225000 epoch=5045 flow=49 side=new cur=7694831590 next=7751718181 tgt=7835292309 f=0.405 u=0 breach=1 end=
CBAP_MIG t=25225000 epoch=5045 flow=50 side=new cur=7694831613 next=7751718194 tgt=7835292309 f=0.405 u=0 breach=1 end=
CBAP_MIG t=25225000 epoch=5045 flow=51 side=new cur=7694831625 next=7751718202 tgt=7835292309 f=0.405 u=0 breach=1 end=
CBAP_MIG t=25225000 epoch=5045 flow=52 side=new cur=7694828562 next=7751716379 tgt=7835292309 f=0.405 u=0 breach=1 end=
CBAP_MIG t=25225000 epoch=5045 flow=53 side=new cur=7694831712 next=7751718253 tgt=7835292309 f=0.405 u=0 breach=1 end=
CBAP_MIG t=25225000 epoch=5045 flow=54 side=new cur=7694828853 next=7751716552 tgt=7835292309 f=0.405 u=0 breach=1 end=
CBAP_MIG t=25225000 epoch=5045 flow=55 side=new cur=7694831590 next=7751718181 tgt=7835292309 f=0.405 u=0 breach=1 end=
CBAP_MIG t=25225000 epoch=5045 flow=56 side=new cur=7694828944 next=7751716606 tgt=7835292309 f=0.405 u=0 breach=1 end=
CBAP_MIG t=25225000 epoch=5045 flow=57 side=new cur=7694831613 next=7751718194 tgt=7835292309 f=0.405 u=0 breach=1 end=
CBAP_MIG t=25225000 epoch=5045 flow=58 side=new cur=7694831825 next=7751718321 tgt=7835292309 f=0.405 u=0 breach=1 end=
CBAP_MIG t=25225000 epoch=5045 flow=59 side=new cur=7694831643 next=7751718212 tgt=7835292309 f=0.405 u=0 breach=1 end=
CBAP_MIG t=25225000 epoch=5045 flow=60 side=new cur=7694828723 next=7751716475 tgt=7835292309 f=0.405 u=0 breach=1 end=
CBAP_MIG t=25225000 epoch=5045 flow=61 side=new cur=7694831601 next=7751718187 tgt=7835292309 f=0.405 u=0 breach=1 end=
CBAP_MIG t=25225000 epoch=5045 flow=62 side=new cur=7694831611 next=7751718193 tgt=7835292309 f=0.405 u=0 breach=1 end=
CBAP_MIG t=25225000 epoch=5045 flow=64 side=new cur=7694831684 next=7751718237 tgt=7835292309 f=0.405 u=0 breach=1 end=
CBAP_MIG t=25230000 epoch=5046 flow=1 side=new cur=7751718346 next=7785565801 tgt=7835292309 f=0.405 u=0 breach=1 end=converged
CBAP_MIG t=25230000 epoch=5046 flow=2 side=new cur=7751718316 next=7785565783 tgt=7835292309 f=0.405 u=0 breach=1 end=converged
CBAP_MIG t=25230000 epoch=5046 flow=4 side=new cur=7751716309 next=7785564588 tgt=7835292309 f=0.405 u=0 breach=1 end=converged
CBAP_MIG t=25230000 epoch=5046 flow=5 side=new cur=7751718332 next=7785565792 tgt=7835292309 f=0.405 u=0 breach=1 end=converged
CBAP_MIG t=25230000 epoch=5046 flow=7 side=new cur=7751718181 next=7785565702 tgt=7835292309 f=0.405 u=0 breach=1 end=converged
CBAP_MIG t=25230000 epoch=5046 flow=8 side=new cur=7751718238 next=7785565736 tgt=7835292309 f=0.405 u=0 breach=1 end=converged
CBAP_MIG t=25230000 epoch=5046 flow=9 side=new cur=7751718308 next=7785565778 tgt=7835292309 f=0.405 u=0 breach=1 end=converged
CBAP_MIG t=25230000 epoch=5046 flow=10 side=new cur=7751716530 next=7785564720 tgt=7835292309 f=0.405 u=0 breach=1 end=converged
CBAP_MIG t=25230000 epoch=5046 flow=12 side=new cur=7751718295 next=7785565770 tgt=7835292309 f=0.405 u=0 breach=1 end=converged
CBAP_MIG t=25230000 epoch=5046 flow=13 side=new cur=7751718323 next=7785565787 tgt=7835292309 f=0.405 u=0 breach=1 end=converged
CBAP_MIG t=25230000 epoch=5046 flow=15 side=new cur=7751718181 next=7785565702 tgt=7835292309 f=0.405 u=0 breach=1 end=converged
CBAP_MIG t=25230000 epoch=5046 flow=16 side=new cur=7751718331 next=7785565792 tgt=7835292309 f=0.405 u=0 breach=1 end=converged
CBAP_MIG t=25230000 epoch=5046 flow=17 side=new cur=7751718181 next=7785565702 tgt=7835292309 f=0.405 u=0 breach=1 end=converged
CBAP_MIG t=25230000 epoch=5046 flow=18 side=new cur=7751718326 next=7785565789 tgt=7835292309 f=0.405 u=0 breach=1 end=converged
CBAP_MIG t=25230000 epoch=5046 flow=19 side=new cur=7751718181 next=7785565702 tgt=7835292309 f=0.405 u=0 breach=1 end=converged
CBAP_MIG t=25230000 epoch=5046 flow=20 side=new cur=7751718192 next=7785565709 tgt=7835292309 f=0.405 u=0 breach=1 end=converged
CBAP_MIG t=25230000 epoch=5046 flow=21 side=new cur=7751718323 next=7785565787 tgt=7835292309 f=0.405 u=0 breach=1 end=converged
CBAP_MIG t=25230000 epoch=5046 flow=23 side=new cur=7751718324 next=7785565787 tgt=7835292309 f=0.405 u=0 breach=1 end=converged
CBAP_MIG t=25230000 epoch=5046 flow=25 side=new cur=7751718213 next=7785565721 tgt=7835292309 f=0.405 u=0 breach=1 end=converged
CBAP_MIG t=25230000 epoch=5046 flow=26 side=new cur=7751718227 next=7785565730 tgt=7835292309 f=0.405 u=0 breach=1 end=converged
CBAP_MIG t=25230000 epoch=5046 flow=27 side=new cur=7751718438 next=7785565855 tgt=7835292309 f=0.405 u=0 breach=1 end=converged
CBAP_MIG t=25230000 epoch=5046 flow=28 side=new cur=7751718181 next=7785565702 tgt=7835292309 f=0.405 u=0 breach=1 end=converged
CBAP_MIG t=25230000 epoch=5046 flow=29 side=new cur=7751718215 next=7785565723 tgt=7835292309 f=0.405 u=0 breach=1 end=converged
CBAP_MIG t=25230000 epoch=5046 flow=31 side=new cur=7751718234 next=7785565734 tgt=7835292309 f=0.405 u=0 breach=1 end=converged
CBAP_MIG t=25230000 epoch=5046 flow=32 side=new cur=7751716368 next=7785564624 tgt=7835292309 f=0.405 u=0 breach=1 end=converged
CBAP_MIG t=25230000 epoch=5046 flow=35 side=new cur=7751718224 next=7785565728 tgt=7835292309 f=0.405 u=0 breach=1 end=converged
CBAP_MIG t=25230000 epoch=5046 flow=36 side=new cur=7751716369 next=7785564624 tgt=7835292309 f=0.405 u=0 breach=1 end=converged
CBAP_MIG t=25230000 epoch=5046 flow=37 side=new cur=7751718329 next=7785565790 tgt=7835292309 f=0.405 u=0 breach=1 end=converged
CBAP_MIG t=25230000 epoch=5046 flow=38 side=new cur=7751718219 next=7785565725 tgt=7835292309 f=0.405 u=0 breach=1 end=converged
CBAP_MIG t=25230000 epoch=5046 flow=39 side=new cur=7751718205 next=7785565717 tgt=7835292309 f=0.405 u=0 breach=1 end=converged
CBAP_MIG t=25230000 epoch=5046 flow=40 side=new cur=7751716414 next=7785564651 tgt=7835292309 f=0.405 u=0 breach=1 end=converged
CBAP_MIG t=25230000 epoch=5046 flow=42 side=new cur=7751718212 next=7785565721 tgt=7835292309 f=0.405 u=0 breach=1 end=converged
CBAP_MIG t=25230000 epoch=5046 flow=44 side=new cur=7751718196 next=7785565711 tgt=7835292309 f=0.405 u=0 breach=1 end=converged
CBAP_MIG t=25230000 epoch=5046 flow=45 side=new cur=7751718321 next=7785565786 tgt=7835292309 f=0.405 u=0 breach=1 end=converged
CBAP_MIG t=25230000 epoch=5046 flow=46 side=new cur=7751718224 next=7785565728 tgt=7835292309 f=0.405 u=0 breach=1 end=converged
CBAP_MIG t=25230000 epoch=5046 flow=48 side=new cur=7751716403 next=7785564644 tgt=7835292309 f=0.405 u=0 breach=1 end=converged
CBAP_MIG t=25230000 epoch=5046 flow=49 side=new cur=7751718181 next=7785565702 tgt=7835292309 f=0.405 u=0 breach=1 end=converged
CBAP_MIG t=25230000 epoch=5046 flow=50 side=new cur=7751718194 next=7785565710 tgt=7835292309 f=0.405 u=0 breach=1 end=converged
CBAP_MIG t=25230000 epoch=5046 flow=51 side=new cur=7751718202 next=7785565715 tgt=7835292309 f=0.405 u=0 breach=1 end=converged
CBAP_MIG t=25230000 epoch=5046 flow=52 side=new cur=7751716379 next=7785564630 tgt=7835292309 f=0.405 u=0 breach=1 end=converged
CBAP_MIG t=25230000 epoch=5046 flow=53 side=new cur=7751718253 next=7785565745 tgt=7835292309 f=0.405 u=0 breach=1 end=converged
CBAP_MIG t=25230000 epoch=5046 flow=54 side=new cur=7751716552 next=7785564733 tgt=7835292309 f=0.405 u=0 breach=1 end=converged
CBAP_MIG t=25230000 epoch=5046 flow=55 side=new cur=7751718181 next=7785565702 tgt=7835292309 f=0.405 u=0 breach=1 end=converged
CBAP_MIG t=25230000 epoch=5046 flow=56 side=new cur=7751716606 next=7785564765 tgt=7835292309 f=0.405 u=0 breach=1 end=converged
CBAP_MIG t=25230000 epoch=5046 flow=57 side=new cur=7751718194 next=7785565710 tgt=7835292309 f=0.405 u=0 breach=1 end=converged
CBAP_MIG t=25230000 epoch=5046 flow=58 side=new cur=7751718321 next=7785565786 tgt=7835292309 f=0.405 u=0 breach=1 end=converged
CBAP_MIG t=25230000 epoch=5046 flow=59 side=new cur=7751718212 next=7785565721 tgt=7835292309 f=0.405 u=0 breach=1 end=converged
CBAP_MIG t=25230000 epoch=5046 flow=60 side=new cur=7751716475 next=7785564687 tgt=7835292309 f=0.405 u=0 breach=1 end=converged
CBAP_MIG t=25230000 epoch=5046 flow=61 side=new cur=7751718187 next=7785565706 tgt=7835292309 f=0.405 u=0 breach=1 end=converged
CBAP_MIG t=25230000 epoch=5046 flow=62 side=new cur=7751718193 next=7785565709 tgt=7835292309 f=0.405 u=0 breach=1 end=converged
CBAP_MIG t=25230000 epoch=5046 flow=64 side=new cur=7751718237 next=7785565736 tgt=7835292309 f=0.405 u=0 breach=1 end=converged
CBAP_MIG_REPLAN t=25250000 reason=active_set_shrank flow=0 batch=0 newest_batch=1 cur=4000645573 target=4000000000 ceiling=320000000000 old_side_present=1
CBAP_MIG_REPLAN t=25250000 reason=active_set_shrank flow=1 batch=1 newest_batch=1 cur=7785565801 target=8071998708 ceiling=400000000000 old_side_present=1
CBAP_MIG_REPLAN t=25250000 reason=active_set_shrank flow=2 batch=1 newest_batch=1 cur=7785565783 target=8071998708 ceiling=400000000000 old_side_present=1
CBAP_MIG_REPLAN t=25250000 reason=active_set_shrank flow=4 batch=1 newest_batch=1 cur=7785564588 target=8071998708 ceiling=400000000000 old_side_present=1
CBAP_MIG_REPLAN t=25250000 reason=active_set_shrank flow=5 batch=1 newest_batch=1 cur=7785565792 target=8071998708 ceiling=400000000000 old_side_present=1
CBAP_MIG_REPLAN t=25250000 reason=active_set_shrank flow=7 batch=1 newest_batch=1 cur=7785565702 target=8071998708 ceiling=400000000000 old_side_present=1
CBAP_MIG_REPLAN t=25250000 reason=active_set_shrank flow=8 batch=1 newest_batch=1 cur=7785565736 target=8071998708 ceiling=400000000000 old_side_present=1
CBAP_MIG_REPLAN t=25250000 reason=active_set_shrank flow=9 batch=1 newest_batch=1 cur=7785565778 target=8071998708 ceiling=400000000000 old_side_present=1
CBAP_MIG_REPLAN t=25250000 reason=active_set_shrank flow=10 batch=1 newest_batch=1 cur=7785564720 target=8071998708 ceiling=400000000000 old_side_present=1
CBAP_MIG_REPLAN t=25250000 reason=active_set_shrank flow=12 batch=1 newest_batch=1 cur=7785565770 target=8071998708 ceiling=400000000000 old_side_present=1
CBAP_MIG_REPLAN t=25250000 reason=active_set_shrank flow=13 batch=1 newest_batch=1 cur=7785565787 target=8071998708 ceiling=400000000000 old_side_present=1
CBAP_MIG_REPLAN t=25250000 reason=active_set_shrank flow=15 batch=1 newest_batch=1 cur=7785565702 target=8071998708 ceiling=400000000000 old_side_present=1
CBAP_MIG_REPLAN t=25250000 reason=active_set_shrank flow=16 batch=1 newest_batch=1 cur=7785565792 target=8071998708 ceiling=400000000000 old_side_present=1
CBAP_MIG_REPLAN t=25250000 reason=active_set_shrank flow=17 batch=1 newest_batch=1 cur=7785565702 target=8071998708 ceiling=400000000000 old_side_present=1
CBAP_MIG_REPLAN t=25250000 reason=active_set_shrank flow=18 batch=1 newest_batch=1 cur=7785565789 target=8071998708 ceiling=400000000000 old_side_present=1
CBAP_MIG_REPLAN t=25250000 reason=active_set_shrank flow=19 batch=1 newest_batch=1 cur=7785565702 target=8071998708 ceiling=400000000000 old_side_present=1
CBAP_MIG_REPLAN t=25250000 reason=active_set_shrank flow=20 batch=1 newest_batch=1 cur=7785565709 target=8071998708 ceiling=400000000000 old_side_present=1
CBAP_MIG_REPLAN t=25250000 reason=active_set_shrank flow=21 batch=1 newest_batch=1 cur=7785565787 target=8071998708 ceiling=400000000000 old_side_present=1
CBAP_MIG_REPLAN t=25250000 reason=active_set_shrank flow=23 batch=1 newest_batch=1 cur=7785565787 target=8071998708 ceiling=400000000000 old_side_present=1
CBAP_MIG_REPLAN t=25250000 reason=active_set_shrank flow=25 batch=1 newest_batch=1 cur=7785565721 target=8071998708 ceiling=400000000000 old_side_present=1
CBAP_MIG_REPLAN t=25250000 reason=active_set_shrank flow=26 batch=1 newest_batch=1 cur=7785565730 target=8071998708 ceiling=400000000000 old_side_present=1
CBAP_MIG_REPLAN t=25250000 reason=active_set_shrank flow=27 batch=1 newest_batch=1 cur=7785565855 target=8071998708 ceiling=400000000000 old_side_present=1
CBAP_MIG_REPLAN t=25250000 reason=active_set_shrank flow=28 batch=1 newest_batch=1 cur=7785565702 target=8071998708 ceiling=400000000000 old_side_present=1
CBAP_MIG_REPLAN t=25250000 reason=active_set_shrank flow=29 batch=1 newest_batch=1 cur=7785565723 target=8071998708 ceiling=400000000000 old_side_present=1
CBAP_MIG_REPLAN t=25250000 reason=active_set_shrank flow=31 batch=1 newest_batch=1 cur=7785565734 target=8071998708 ceiling=400000000000 old_side_present=1
CBAP_MIG_REPLAN t=25250000 reason=active_set_shrank flow=32 batch=1 newest_batch=1 cur=7785564624 target=8071998708 ceiling=400000000000 old_side_present=1
CBAP_MIG_REPLAN t=25250000 reason=active_set_shrank flow=35 batch=1 newest_batch=1 cur=7785565728 target=8071998708 ceiling=400000000000 old_side_present=1
CBAP_MIG_REPLAN t=25250000 reason=active_set_shrank flow=36 batch=1 newest_batch=1 cur=7785564624 target=8071998708 ceiling=400000000000 old_side_present=1
CBAP_MIG_REPLAN t=25250000 reason=active_set_shrank flow=37 batch=1 newest_batch=1 cur=7785565790 target=8071998708 ceiling=400000000000 old_side_present=1
CBAP_MIG_REPLAN t=25250000 reason=active_set_shrank flow=38 batch=1 newest_batch=1 cur=7785565725 target=8071998708 ceiling=400000000000 old_side_present=1
CBAP_MIG_REPLAN t=25250000 reason=active_set_shrank flow=39 batch=1 newest_batch=1 cur=7785565717 target=8071998708 ceiling=400000000000 old_side_present=1
CBAP_MIG_REPLAN t=25250000 reason=active_set_shrank flow=40 batch=1 newest_batch=1 cur=7785564651 target=8071998708 ceiling=400000000000 old_side_present=1
CBAP_MIG_REPLAN t=25250000 reason=active_set_shrank flow=42 batch=1 newest_batch=1 cur=7785565721 target=8071998708 ceiling=400000000000 old_side_present=1
CBAP_MIG_REPLAN t=25250000 reason=active_set_shrank flow=44 batch=1 newest_batch=1 cur=7785565711 target=8071998708 ceiling=400000000000 old_side_present=1
CBAP_MIG_REPLAN t=25250000 reason=active_set_shrank flow=45 batch=1 newest_batch=1 cur=7785565786 target=8071998708 ceiling=400000000000 old_side_present=1
CBAP_MIG_REPLAN t=25250000 reason=active_set_shrank flow=46 batch=1 newest_batch=1 cur=7785565728 target=8071998708 ceiling=400000000000 old_side_present=1
CBAP_MIG_REPLAN t=25250000 reason=active_set_shrank flow=48 batch=1 newest_batch=1 cur=7785564644 target=8071998708 ceiling=400000000000 old_side_present=1
CBAP_MIG_REPLAN t=25250000 reason=active_set_shrank flow=49 batch=1 newest_batch=1 cur=7785565702 target=8071998708 ceiling=400000000000 old_side_present=1
CBAP_MIG_REPLAN t=25250000 reason=active_set_shrank flow=50 batch=1 newest_batch=1 cur=7785565710 target=8071998708 ceiling=400000000000 old_side_present=1
CBAP_MIG_REPLAN t=25250000 reason=active_set_shrank flow=51 batch=1 newest_batch=1 cur=7785565715 target=8071998708 ceiling=400000000000 old_side_present=1
CBAP_MIG_REPLAN t=25250000 reason=active_set_shrank flow=52 batch=1 newest_batch=1 cur=7785564630 target=8071998708 ceiling=400000000000 old_side_present=1
CBAP_MIG_REPLAN t=25250000 reason=active_set_shrank flow=53 batch=1 newest_batch=1 cur=7785565745 target=8071998708 ceiling=400000000000 old_side_present=1
CBAP_MIG_REPLAN t=25250000 reason=active_set_shrank flow=54 batch=1 newest_batch=1 cur=7785564733 target=8071998708 ceiling=400000000000 old_side_present=1
CBAP_MIG_REPLAN t=25250000 reason=active_set_shrank flow=55 batch=1 newest_batch=1 cur=7785565702 target=8071998708 ceiling=400000000000 old_side_present=1
CBAP_MIG_REPLAN t=25250000 reason=active_set_shrank flow=56 batch=1 newest_batch=1 cur=7785564765 target=8071998708 ceiling=400000000000 old_side_present=1
CBAP_MIG_REPLAN t=25250000 reason=active_set_shrank flow=57 batch=1 newest_batch=1 cur=7785565710 target=8071998708 ceiling=400000000000 old_side_present=1
CBAP_MIG_REPLAN t=25250000 reason=active_set_shrank flow=58 batch=1 newest_batch=1 cur=7785565786 target=8071998708 ceiling=400000000000 old_side_present=1
CBAP_MIG_REPLAN t=25250000 reason=active_set_shrank flow=59 batch=1 newest_batch=1 cur=7785565721 target=8071998708 ceiling=400000000000 old_side_present=1
CBAP_MIG_REPLAN t=25250000 reason=active_set_shrank flow=61 batch=1 newest_batch=1 cur=7785565706 target=8071998708 ceiling=400000000000 old_side_present=1
CBAP_MIG_REPLAN t=25250000 reason=active_set_shrank flow=62 batch=1 newest_batch=1 cur=7785565709 target=8071998708 ceiling=400000000000 old_side_present=1
CBAP_MIG_REPLAN t=25250000 reason=active_set_shrank flow=64 batch=1 newest_batch=1 cur=7785565736 target=8071998708 ceiling=400000000000 old_side_present=1
CBAP_MIG t=25250000 epoch=5050 flow=0 side=old cur=4000645573 next=4000451901 tgt=4000000000 f=0.3 u=0 breach=0 end=converged
CBAP_MIG t=25250000 epoch=5050 flow=1 side=new cur=7785565801 next=7901571128 tgt=8071998708 f=0.405 u=0 breach=1 end=
CBAP_MIG t=25250000 epoch=5050 flow=2 side=new cur=7785565783 next=7901571117 tgt=8071998708 f=0.405 u=0 breach=1 end=
CBAP_MIG t=25250000 epoch=5050 flow=4 side=new cur=7785564588 next=7901570406 tgt=8071998708 f=0.405 u=0 breach=1 end=
CBAP_MIG t=25250000 epoch=5050 flow=5 side=new cur=7785565792 next=7901571122 tgt=8071998708 f=0.405 u=0 breach=1 end=
CBAP_MIG t=25250000 epoch=5050 flow=7 side=new cur=7785565702 next=7901571069 tgt=8071998708 f=0.405 u=0 breach=1 end=
CBAP_MIG t=25250000 epoch=5050 flow=8 side=new cur=7785565736 next=7901571089 tgt=8071998708 f=0.405 u=0 breach=1 end=
CBAP_MIG t=25250000 epoch=5050 flow=9 side=new cur=7785565778 next=7901571114 tgt=8071998708 f=0.405 u=0 breach=1 end=
CBAP_MIG t=25250000 epoch=5050 flow=10 side=new cur=7785564720 next=7901570485 tgt=8071998708 f=0.405 u=0 breach=1 end=
CBAP_MIG t=25250000 epoch=5050 flow=12 side=new cur=7785565770 next=7901571109 tgt=8071998708 f=0.405 u=0 breach=1 end=
CBAP_MIG t=25250000 epoch=5050 flow=13 side=new cur=7785565787 next=7901571120 tgt=8071998708 f=0.405 u=0 breach=1 end=
CBAP_MIG t=25250000 epoch=5050 flow=15 side=new cur=7785565702 next=7901571069 tgt=8071998708 f=0.405 u=0 breach=1 end=
CBAP_MIG t=25250000 epoch=5050 flow=16 side=new cur=7785565792 next=7901571122 tgt=8071998708 f=0.405 u=0 breach=1 end=
CBAP_MIG t=25250000 epoch=5050 flow=17 side=new cur=7785565702 next=7901571069 tgt=8071998708 f=0.405 u=0 breach=1 end=
CBAP_MIG t=25250000 epoch=5050 flow=18 side=new cur=7785565789 next=7901571121 tgt=8071998708 f=0.405 u=0 breach=1 end=
CBAP_MIG t=25250000 epoch=5050 flow=19 side=new cur=7785565702 next=7901571069 tgt=8071998708 f=0.405 u=0 breach=1 end=
CBAP_MIG t=25250000 epoch=5050 flow=20 side=new cur=7785565709 next=7901571073 tgt=8071998708 f=0.405 u=0 breach=1 end=
CBAP_MIG t=25250000 epoch=5050 flow=21 side=new cur=7785565787 next=7901571120 tgt=8071998708 f=0.405 u=0 breach=1 end=
CBAP_MIG t=25250000 epoch=5050 flow=23 side=new cur=7785565787 next=7901571120 tgt=8071998708 f=0.405 u=0 breach=1 end=
CBAP_MIG t=25250000 epoch=5050 flow=25 side=new cur=7785565721 next=7901571080 tgt=8071998708 f=0.405 u=0 breach=1 end=
CBAP_MIG t=25250000 epoch=5050 flow=26 side=new cur=7785565730 next=7901571086 tgt=8071998708 f=0.405 u=0 breach=1 end=
CBAP_MIG t=25250000 epoch=5050 flow=27 side=new cur=7785565855 next=7901571160 tgt=8071998708 f=0.405 u=0 breach=1 end=
CBAP_MIG t=25250000 epoch=5050 flow=28 side=new cur=7785565702 next=7901571069 tgt=8071998708 f=0.405 u=0 breach=1 end=
CBAP_MIG t=25250000 epoch=5050 flow=29 side=new cur=7785565723 next=7901571081 tgt=8071998708 f=0.405 u=0 breach=1 end=
CBAP_MIG t=25250000 epoch=5050 flow=31 side=new cur=7785565734 next=7901571088 tgt=8071998708 f=0.405 u=0 breach=1 end=
CBAP_MIG t=25250000 epoch=5050 flow=32 side=new cur=7785564624 next=7901570428 tgt=8071998708 f=0.405 u=0 breach=1 end=
CBAP_MIG t=25250000 epoch=5050 flow=35 side=new cur=7785565728 next=7901571084 tgt=8071998708 f=0.405 u=0 breach=1 end=
CBAP_MIG t=25250000 epoch=5050 flow=36 side=new cur=7785564624 next=7901570428 tgt=8071998708 f=0.405 u=0 breach=1 end=
CBAP_MIG t=25250000 epoch=5050 flow=37 side=new cur=7785565790 next=7901571121 tgt=8071998708 f=0.405 u=0 breach=1 end=
CBAP_MIG t=25250000 epoch=5050 flow=38 side=new cur=7785565725 next=7901571083 tgt=8071998708 f=0.405 u=0 breach=1 end=
CBAP_MIG t=25250000 epoch=5050 flow=39 side=new cur=7785565717 next=7901571078 tgt=8071998708 f=0.405 u=0 breach=1 end=
CBAP_MIG t=25250000 epoch=5050 flow=40 side=new cur=7785564651 next=7901570444 tgt=8071998708 f=0.405 u=0 breach=1 end=
CBAP_MIG t=25250000 epoch=5050 flow=42 side=new cur=7785565721 next=7901571080 tgt=8071998708 f=0.405 u=0 breach=1 end=
CBAP_MIG t=25250000 epoch=5050 flow=44 side=new cur=7785565711 next=7901571074 tgt=8071998708 f=0.405 u=0 breach=1 end=
CBAP_MIG t=25250000 epoch=5050 flow=45 side=new cur=7785565786 next=7901571119 tgt=8071998708 f=0.405 u=0 breach=1 end=
CBAP_MIG t=25250000 epoch=5050 flow=46 side=new cur=7785565728 next=7901571084 tgt=8071998708 f=0.405 u=0 breach=1 end=
CBAP_MIG t=25250000 epoch=5050 flow=48 side=new cur=7785564644 next=7901570439 tgt=8071998708 f=0.405 u=0 breach=1 end=
CBAP_MIG t=25250000 epoch=5050 flow=49 side=new cur=7785565702 next=7901571069 tgt=8071998708 f=0.405 u=0 breach=1 end=
CBAP_MIG t=25250000 epoch=5050 flow=50 side=new cur=7785565710 next=7901571074 tgt=8071998708 f=0.405 u=0 breach=1 end=
CBAP_MIG t=25250000 epoch=5050 flow=51 side=new cur=7785565715 next=7901571077 tgt=8071998708 f=0.405 u=0 breach=1 end=
CBAP_MIG t=25250000 epoch=5050 flow=52 side=new cur=7785564630 next=7901570431 tgt=8071998708 f=0.405 u=0 breach=1 end=
CBAP_MIG t=25250000 epoch=5050 flow=53 side=new cur=7785565745 next=7901571095 tgt=8071998708 f=0.405 u=0 breach=1 end=
CBAP_MIG t=25250000 epoch=5050 flow=54 side=new cur=7785564733 next=7901570492 tgt=8071998708 f=0.405 u=0 breach=1 end=
CBAP_MIG t=25250000 epoch=5050 flow=55 side=new cur=7785565702 next=7901571069 tgt=8071998708 f=0.405 u=0 breach=1 end=
CBAP_MIG t=25250000 epoch=5050 flow=56 side=new cur=7785564765 next=7901570511 tgt=8071998708 f=0.405 u=0 breach=1 end=
CBAP_MIG t=25250000 epoch=5050 flow=57 side=new cur=7785565710 next=7901571074 tgt=8071998708 f=0.405 u=0 breach=1 end=
CBAP_MIG t=25250000 epoch=5050 flow=58 side=new cur=7785565786 next=7901571119 tgt=8071998708 f=0.405 u=0 breach=1 end=
CBAP_MIG t=25250000 epoch=5050 flow=59 side=new cur=7785565721 next=7901571080 tgt=8071998708 f=0.405 u=0 breach=1 end=
CBAP_MIG t=25250000 epoch=5050 flow=61 side=new cur=7785565706 next=7901571071 tgt=8071998708 f=0.405 u=0 breach=1 end=
CBAP_MIG t=25250000 epoch=5050 flow=62 side=new cur=7785565709 next=7901571073 tgt=8071998708 f=0.405 u=0 breach=1 end=
CBAP_MIG t=25250000 epoch=5050 flow=64 side=new cur=7785565736 next=7901571089 tgt=8071998708 f=0.405 u=0 breach=1 end=
CBAP_MIG t=25255000 epoch=5051 flow=1 side=new cur=7901571128 next=7970594297 tgt=8071998708 f=0.405 u=0 breach=1 end=
CBAP_MIG t=25255000 epoch=5051 flow=2 side=new cur=7901571117 next=7970594291 tgt=8071998708 f=0.405 u=0 breach=1 end=
CBAP_MIG t=25255000 epoch=5051 flow=4 side=new cur=7901570406 next=7970593868 tgt=8071998708 f=0.405 u=0 breach=1 end=
CBAP_MIG t=25255000 epoch=5051 flow=5 side=new cur=7901571122 next=7970594294 tgt=8071998708 f=0.405 u=0 breach=1 end=
CBAP_MIG t=25255000 epoch=5051 flow=7 side=new cur=7901571069 next=7970594262 tgt=8071998708 f=0.405 u=0 breach=1 end=
CBAP_MIG t=25255000 epoch=5051 flow=8 side=new cur=7901571089 next=7970594274 tgt=8071998708 f=0.405 u=0 breach=1 end=
CBAP_MIG t=25255000 epoch=5051 flow=9 side=new cur=7901571114 next=7970594289 tgt=8071998708 f=0.405 u=0 breach=1 end=
CBAP_MIG t=25255000 epoch=5051 flow=10 side=new cur=7901570485 next=7970593915 tgt=8071998708 f=0.405 u=0 breach=1 end=
CBAP_MIG t=25255000 epoch=5051 flow=12 side=new cur=7901571109 next=7970594286 tgt=8071998708 f=0.405 u=0 breach=1 end=
CBAP_MIG t=25255000 epoch=5051 flow=13 side=new cur=7901571120 next=7970594293 tgt=8071998708 f=0.405 u=0 breach=1 end=
CBAP_MIG t=25255000 epoch=5051 flow=15 side=new cur=7901571069 next=7970594262 tgt=8071998708 f=0.405 u=0 breach=1 end=
CBAP_MIG t=25255000 epoch=5051 flow=16 side=new cur=7901571122 next=7970594294 tgt=8071998708 f=0.405 u=0 breach=1 end=
CBAP_MIG t=25255000 epoch=5051 flow=17 side=new cur=7901571069 next=7970594262 tgt=8071998708 f=0.405 u=0 breach=1 end=
CBAP_MIG t=25255000 epoch=5051 flow=18 side=new cur=7901571121 next=7970594293 tgt=8071998708 f=0.405 u=0 breach=1 end=
CBAP_MIG t=25255000 epoch=5051 flow=19 side=new cur=7901571069 next=7970594262 tgt=8071998708 f=0.405 u=0 breach=1 end=
CBAP_MIG t=25255000 epoch=5051 flow=20 side=new cur=7901571073 next=7970594265 tgt=8071998708 f=0.405 u=0 breach=1 end=
CBAP_MIG t=25255000 epoch=5051 flow=21 side=new cur=7901571120 next=7970594293 tgt=8071998708 f=0.405 u=0 breach=1 end=
CBAP_MIG t=25255000 epoch=5051 flow=23 side=new cur=7901571120 next=7970594293 tgt=8071998708 f=0.405 u=0 breach=1 end=
CBAP_MIG t=25255000 epoch=5051 flow=25 side=new cur=7901571080 next=7970594269 tgt=8071998708 f=0.405 u=0 breach=1 end=
CBAP_MIG t=25255000 epoch=5051 flow=26 side=new cur=7901571086 next=7970594272 tgt=8071998708 f=0.405 u=0 breach=1 end=
CBAP_MIG t=25255000 epoch=5051 flow=27 side=new cur=7901571160 next=7970594316 tgt=8071998708 f=0.405 u=0 breach=1 end=
CBAP_MIG t=25255000 epoch=5051 flow=28 side=new cur=7901571069 next=7970594262 tgt=8071998708 f=0.405 u=0 breach=1 end=
CBAP_MIG t=25255000 epoch=5051 flow=29 side=new cur=7901571081 next=7970594269 tgt=8071998708 f=0.405 u=0 breach=1 end=
CBAP_MIG t=25255000 epoch=5051 flow=31 side=new cur=7901571088 next=7970594274 tgt=8071998708 f=0.405 u=0 breach=1 end=
CBAP_MIG t=25255000 epoch=5051 flow=32 side=new cur=7901570428 next=7970593881 tgt=8071998708 f=0.405 u=0 breach=1 end=
CBAP_MIG t=25255000 epoch=5051 flow=35 side=new cur=7901571084 next=7970594271 tgt=8071998708 f=0.405 u=0 breach=1 end=
CBAP_MIG t=25255000 epoch=5051 flow=36 side=new cur=7901570428 next=7970593881 tgt=8071998708 f=0.405 u=0 breach=1 end=
CBAP_MIG t=25255000 epoch=5051 flow=37 side=new cur=7901571121 next=7970594293 tgt=8071998708 f=0.405 u=0 breach=1 end=
CBAP_MIG t=25255000 epoch=5051 flow=38 side=new cur=7901571083 next=7970594271 tgt=8071998708 f=0.405 u=0 breach=1 end=
CBAP_MIG t=25255000 epoch=5051 flow=39 side=new cur=7901571078 next=7970594268 tgt=8071998708 f=0.405 u=0 breach=1 end=
CBAP_MIG t=25255000 epoch=5051 flow=40 side=new cur=7901570444 next=7970593890 tgt=8071998708 f=0.405 u=0 breach=1 end=
CBAP_MIG t=25255000 epoch=5051 flow=42 side=new cur=7901571080 next=7970594269 tgt=8071998708 f=0.405 u=0 breach=1 end=
CBAP_MIG t=25255000 epoch=5051 flow=44 side=new cur=7901571074 next=7970594265 tgt=8071998708 f=0.405 u=0 breach=1 end=
CBAP_MIG t=25255000 epoch=5051 flow=45 side=new cur=7901571119 next=7970594292 tgt=8071998708 f=0.405 u=0 breach=1 end=
CBAP_MIG t=25255000 epoch=5051 flow=46 side=new cur=7901571084 next=7970594271 tgt=8071998708 f=0.405 u=0 breach=1 end=
CBAP_MIG t=25255000 epoch=5051 flow=48 side=new cur=7901570439 next=7970593887 tgt=8071998708 f=0.405 u=0 breach=1 end=
CBAP_MIG t=25255000 epoch=5051 flow=49 side=new cur=7901571069 next=7970594262 tgt=8071998708 f=0.405 u=0 breach=1 end=
CBAP_MIG t=25255000 epoch=5051 flow=50 side=new cur=7901571074 next=7970594265 tgt=8071998708 f=0.405 u=0 breach=1 end=
CBAP_MIG t=25255000 epoch=5051 flow=51 side=new cur=7901571077 next=7970594267 tgt=8071998708 f=0.405 u=0 breach=1 end=
CBAP_MIG t=25255000 epoch=5051 flow=52 side=new cur=7901570431 next=7970593883 tgt=8071998708 f=0.405 u=0 breach=1 end=
CBAP_MIG t=25255000 epoch=5051 flow=53 side=new cur=7901571095 next=7970594278 tgt=8071998708 f=0.405 u=0 breach=1 end=
CBAP_MIG t=25255000 epoch=5051 flow=54 side=new cur=7901570492 next=7970593919 tgt=8071998708 f=0.405 u=0 breach=1 end=
CBAP_MIG t=25255000 epoch=5051 flow=55 side=new cur=7901571069 next=7970594262 tgt=8071998708 f=0.405 u=0 breach=1 end=
CBAP_MIG t=25255000 epoch=5051 flow=56 side=new cur=7901570511 next=7970593930 tgt=8071998708 f=0.405 u=0 breach=1 end=
CBAP_MIG t=25255000 epoch=5051 flow=57 side=new cur=7901571074 next=7970594265 tgt=8071998708 f=0.405 u=0 breach=1 end=
CBAP_MIG t=25255000 epoch=5051 flow=58 side=new cur=7901571119 next=7970594292 tgt=8071998708 f=0.405 u=0 breach=1 end=
CBAP_MIG t=25255000 epoch=5051 flow=59 side=new cur=7901571080 next=7970594269 tgt=8071998708 f=0.405 u=0 breach=1 end=
CBAP_MIG t=25255000 epoch=5051 flow=61 side=new cur=7901571071 next=7970594263 tgt=8071998708 f=0.405 u=0 breach=1 end=
CBAP_MIG t=25255000 epoch=5051 flow=62 side=new cur=7901571073 next=7970594265 tgt=8071998708 f=0.405 u=0 breach=1 end=
CBAP_MIG t=25255000 epoch=5051 flow=64 side=new cur=7901571089 next=7970594274 tgt=8071998708 f=0.405 u=0 breach=1 end=
CBAP_MIG t=25260000 epoch=5052 flow=1 side=new cur=7970594297 next=8011663083 tgt=8071998708 f=0.405 u=0 breach=1 end=converged
CBAP_MIG t=25260000 epoch=5052 flow=2 side=new cur=7970594291 next=8011663079 tgt=8071998708 f=0.405 u=0 breach=1 end=converged
CBAP_MIG t=25260000 epoch=5052 flow=4 side=new cur=7970593868 next=8011662828 tgt=8071998708 f=0.405 u=0 breach=1 end=converged
CBAP_MIG t=25260000 epoch=5052 flow=5 side=new cur=7970594294 next=8011663081 tgt=8071998708 f=0.405 u=0 breach=1 end=converged
CBAP_MIG t=25260000 epoch=5052 flow=7 side=new cur=7970594262 next=8011663062 tgt=8071998708 f=0.405 u=0 breach=1 end=converged
CBAP_MIG t=25260000 epoch=5052 flow=8 side=new cur=7970594274 next=8011663069 tgt=8071998708 f=0.405 u=0 breach=1 end=converged
CBAP_MIG t=25260000 epoch=5052 flow=9 side=new cur=7970594289 next=8011663078 tgt=8071998708 f=0.405 u=0 breach=1 end=converged
CBAP_MIG t=25260000 epoch=5052 flow=10 side=new cur=7970593915 next=8011662856 tgt=8071998708 f=0.405 u=0 breach=1 end=converged
CBAP_MIG t=25260000 epoch=5052 flow=12 side=new cur=7970594286 next=8011663076 tgt=8071998708 f=0.405 u=0 breach=1 end=converged
CBAP_MIG t=25260000 epoch=5052 flow=13 side=new cur=7970594293 next=8011663081 tgt=8071998708 f=0.405 u=0 breach=1 end=converged
CBAP_MIG t=25260000 epoch=5052 flow=15 side=new cur=7970594262 next=8011663062 tgt=8071998708 f=0.405 u=0 breach=1 end=converged
CBAP_MIG t=25260000 epoch=5052 flow=16 side=new cur=7970594294 next=8011663081 tgt=8071998708 f=0.405 u=0 breach=1 end=converged
CBAP_MIG t=25260000 epoch=5052 flow=17 side=new cur=7970594262 next=8011663062 tgt=8071998708 f=0.405 u=0 breach=1 end=converged
CBAP_MIG t=25260000 epoch=5052 flow=18 side=new cur=7970594293 next=8011663081 tgt=8071998708 f=0.405 u=0 breach=1 end=converged
CBAP_MIG t=25260000 epoch=5052 flow=19 side=new cur=7970594262 next=8011663062 tgt=8071998708 f=0.405 u=0 breach=1 end=converged
CBAP_MIG t=25260000 epoch=5052 flow=20 side=new cur=7970594265 next=8011663064 tgt=8071998708 f=0.405 u=0 breach=1 end=converged
CBAP_MIG t=25260000 epoch=5052 flow=21 side=new cur=7970594293 next=8011663081 tgt=8071998708 f=0.405 u=0 breach=1 end=converged
CBAP_MIG t=25260000 epoch=5052 flow=23 side=new cur=7970594293 next=8011663081 tgt=8071998708 f=0.405 u=0 breach=1 end=converged
CBAP_MIG t=25260000 epoch=5052 flow=25 side=new cur=7970594269 next=8011663066 tgt=8071998708 f=0.405 u=0 breach=1 end=converged
CBAP_MIG t=25260000 epoch=5052 flow=26 side=new cur=7970594272 next=8011663068 tgt=8071998708 f=0.405 u=0 breach=1 end=converged
CBAP_MIG t=25260000 epoch=5052 flow=27 side=new cur=7970594316 next=8011663094 tgt=8071998708 f=0.405 u=0 breach=1 end=converged
CBAP_MIG t=25260000 epoch=5052 flow=28 side=new cur=7970594262 next=8011663062 tgt=8071998708 f=0.405 u=0 breach=1 end=converged
CBAP_MIG t=25260000 epoch=5052 flow=29 side=new cur=7970594269 next=8011663066 tgt=8071998708 f=0.405 u=0 breach=1 end=converged
CBAP_MIG t=25260000 epoch=5052 flow=31 side=new cur=7970594274 next=8011663069 tgt=8071998708 f=0.405 u=0 breach=1 end=converged
CBAP_MIG t=25260000 epoch=5052 flow=32 side=new cur=7970593881 next=8011662835 tgt=8071998708 f=0.405 u=0 breach=1 end=converged
CBAP_MIG t=25260000 epoch=5052 flow=35 side=new cur=7970594271 next=8011663067 tgt=8071998708 f=0.405 u=0 breach=1 end=converged
CBAP_MIG t=25260000 epoch=5052 flow=36 side=new cur=7970593881 next=8011662835 tgt=8071998708 f=0.405 u=0 breach=1 end=converged
CBAP_MIG t=25260000 epoch=5052 flow=37 side=new cur=7970594293 next=8011663081 tgt=8071998708 f=0.405 u=0 breach=1 end=converged
CBAP_MIG t=25260000 epoch=5052 flow=38 side=new cur=7970594271 next=8011663067 tgt=8071998708 f=0.405 u=0 breach=1 end=converged
CBAP_MIG t=25260000 epoch=5052 flow=39 side=new cur=7970594268 next=8011663066 tgt=8071998708 f=0.405 u=0 breach=1 end=converged
CBAP_MIG t=25260000 epoch=5052 flow=40 side=new cur=7970593890 next=8011662841 tgt=8071998708 f=0.405 u=0 breach=1 end=converged
CBAP_MIG t=25260000 epoch=5052 flow=42 side=new cur=7970594269 next=8011663066 tgt=8071998708 f=0.405 u=0 breach=1 end=converged
CBAP_MIG t=25260000 epoch=5052 flow=44 side=new cur=7970594265 next=8011663064 tgt=8071998708 f=0.405 u=0 breach=1 end=converged
CBAP_MIG t=25260000 epoch=5052 flow=45 side=new cur=7970594292 next=8011663080 tgt=8071998708 f=0.405 u=0 breach=1 end=converged
CBAP_MIG t=25260000 epoch=5052 flow=46 side=new cur=7970594271 next=8011663067 tgt=8071998708 f=0.405 u=0 breach=1 end=converged
CBAP_MIG t=25260000 epoch=5052 flow=48 side=new cur=7970593887 next=8011662839 tgt=8071998708 f=0.405 u=0 breach=1 end=converged
CBAP_MIG t=25260000 epoch=5052 flow=49 side=new cur=7970594262 next=8011663062 tgt=8071998708 f=0.405 u=0 breach=1 end=converged
CBAP_MIG t=25260000 epoch=5052 flow=50 side=new cur=7970594265 next=8011663064 tgt=8071998708 f=0.405 u=0 breach=1 end=converged
CBAP_MIG t=25260000 epoch=5052 flow=51 side=new cur=7970594267 next=8011663065 tgt=8071998708 f=0.405 u=0 breach=1 end=converged
CBAP_MIG t=25260000 epoch=5052 flow=52 side=new cur=7970593883 next=8011662837 tgt=8071998708 f=0.405 u=0 breach=1 end=converged
CBAP_MIG t=25260000 epoch=5052 flow=53 side=new cur=7970594278 next=8011663072 tgt=8071998708 f=0.405 u=0 breach=1 end=converged
CBAP_MIG t=25260000 epoch=5052 flow=54 side=new cur=7970593919 next=8011662858 tgt=8071998708 f=0.405 u=0 breach=1 end=converged
CBAP_MIG t=25260000 epoch=5052 flow=55 side=new cur=7970594262 next=8011663062 tgt=8071998708 f=0.405 u=0 breach=1 end=converged
CBAP_MIG t=25260000 epoch=5052 flow=56 side=new cur=7970593930 next=8011662865 tgt=8071998708 f=0.405 u=0 breach=1 end=converged
CBAP_MIG t=25260000 epoch=5052 flow=57 side=new cur=7970594265 next=8011663064 tgt=8071998708 f=0.405 u=0 breach=1 end=converged
CBAP_MIG t=25260000 epoch=5052 flow=58 side=new cur=7970594292 next=8011663080 tgt=8071998708 f=0.405 u=0 breach=1 end=converged
CBAP_MIG t=25260000 epoch=5052 flow=59 side=new cur=7970594269 next=8011663066 tgt=8071998708 f=0.405 u=0 breach=1 end=converged
CBAP_MIG t=25260000 epoch=5052 flow=61 side=new cur=7970594263 next=8011663063 tgt=8071998708 f=0.405 u=0 breach=1 end=converged
CBAP_MIG t=25260000 epoch=5052 flow=62 side=new cur=7970594265 next=8011663064 tgt=8071998708 f=0.405 u=0 breach=1 end=converged
CBAP_MIG t=25260000 epoch=5052 flow=64 side=new cur=7970594274 next=8011663069 tgt=8071998708 f=0.405 u=0 breach=1 end=converged
CBAP_MIG_REPLAN t=25275000 reason=active_set_shrank flow=0 batch=0 newest_batch=1 cur=4000451901 target=4000000000 ceiling=320000000000 old_side_present=1
CBAP_MIG_REPLAN t=25275000 reason=active_set_shrank flow=1 batch=1 newest_batch=1 cur=8011663083 target=8236733771 ceiling=400000000000 old_side_present=1
CBAP_MIG_REPLAN t=25275000 reason=active_set_shrank flow=2 batch=1 newest_batch=1 cur=8011663079 target=8236733771 ceiling=400000000000 old_side_present=1
CBAP_MIG_REPLAN t=25275000 reason=active_set_shrank flow=4 batch=1 newest_batch=1 cur=8011662828 target=8236733771 ceiling=400000000000 old_side_present=1
CBAP_MIG_REPLAN t=25275000 reason=active_set_shrank flow=5 batch=1 newest_batch=1 cur=8011663081 target=8236733771 ceiling=400000000000 old_side_present=1
CBAP_MIG_REPLAN t=25275000 reason=active_set_shrank flow=7 batch=1 newest_batch=1 cur=8011663062 target=8236733771 ceiling=400000000000 old_side_present=1
CBAP_MIG_REPLAN t=25275000 reason=active_set_shrank flow=8 batch=1 newest_batch=1 cur=8011663069 target=8236733771 ceiling=400000000000 old_side_present=1
CBAP_MIG_REPLAN t=25275000 reason=active_set_shrank flow=9 batch=1 newest_batch=1 cur=8011663078 target=8236733771 ceiling=400000000000 old_side_present=1
CBAP_MIG_REPLAN t=25275000 reason=active_set_shrank flow=10 batch=1 newest_batch=1 cur=8011662856 target=8236733771 ceiling=400000000000 old_side_present=1
CBAP_MIG_REPLAN t=25275000 reason=active_set_shrank flow=12 batch=1 newest_batch=1 cur=8011663076 target=8236733771 ceiling=400000000000 old_side_present=1
CBAP_MIG_REPLAN t=25275000 reason=active_set_shrank flow=13 batch=1 newest_batch=1 cur=8011663081 target=8236733771 ceiling=400000000000 old_side_present=1
CBAP_MIG_REPLAN t=25275000 reason=active_set_shrank flow=15 batch=1 newest_batch=1 cur=8011663062 target=8236733771 ceiling=400000000000 old_side_present=1
CBAP_MIG_REPLAN t=25275000 reason=active_set_shrank flow=16 batch=1 newest_batch=1 cur=8011663081 target=8236733771 ceiling=400000000000 old_side_present=1
CBAP_MIG_REPLAN t=25275000 reason=active_set_shrank flow=17 batch=1 newest_batch=1 cur=8011663062 target=8236733771 ceiling=400000000000 old_side_present=1
CBAP_MIG_REPLAN t=25275000 reason=active_set_shrank flow=18 batch=1 newest_batch=1 cur=8011663081 target=8236733771 ceiling=400000000000 old_side_present=1
CBAP_MIG_REPLAN t=25275000 reason=active_set_shrank flow=19 batch=1 newest_batch=1 cur=8011663062 target=8236733771 ceiling=400000000000 old_side_present=1
CBAP_MIG_REPLAN t=25275000 reason=active_set_shrank flow=20 batch=1 newest_batch=1 cur=8011663064 target=8236733771 ceiling=400000000000 old_side_present=1
CBAP_MIG_REPLAN t=25275000 reason=active_set_shrank flow=21 batch=1 newest_batch=1 cur=8011663081 target=8236733771 ceiling=400000000000 old_side_present=1
CBAP_MIG_REPLAN t=25275000 reason=active_set_shrank flow=23 batch=1 newest_batch=1 cur=8011663081 target=8236733771 ceiling=400000000000 old_side_present=1
CBAP_MIG_REPLAN t=25275000 reason=active_set_shrank flow=25 batch=1 newest_batch=1 cur=8011663066 target=8236733771 ceiling=400000000000 old_side_present=1
CBAP_MIG_REPLAN t=25275000 reason=active_set_shrank flow=26 batch=1 newest_batch=1 cur=8011663068 target=8236733771 ceiling=400000000000 old_side_present=1
CBAP_MIG_REPLAN t=25275000 reason=active_set_shrank flow=27 batch=1 newest_batch=1 cur=8011663094 target=8236733771 ceiling=400000000000 old_side_present=1
CBAP_MIG_REPLAN t=25275000 reason=active_set_shrank flow=28 batch=1 newest_batch=1 cur=8011663062 target=8236733771 ceiling=400000000000 old_side_present=1
CBAP_MIG_REPLAN t=25275000 reason=active_set_shrank flow=29 batch=1 newest_batch=1 cur=8011663066 target=8236733771 ceiling=400000000000 old_side_present=1
CBAP_MIG_REPLAN t=25275000 reason=active_set_shrank flow=31 batch=1 newest_batch=1 cur=8011663069 target=8236733771 ceiling=400000000000 old_side_present=1
CBAP_MIG_REPLAN t=25275000 reason=active_set_shrank flow=32 batch=1 newest_batch=1 cur=8011662835 target=8236733771 ceiling=400000000000 old_side_present=1
CBAP_MIG_REPLAN t=25275000 reason=active_set_shrank flow=36 batch=1 newest_batch=1 cur=8011662835 target=8236733771 ceiling=400000000000 old_side_present=1
CBAP_MIG_REPLAN t=25275000 reason=active_set_shrank flow=37 batch=1 newest_batch=1 cur=8011663081 target=8236733771 ceiling=400000000000 old_side_present=1
CBAP_MIG_REPLAN t=25275000 reason=active_set_shrank flow=38 batch=1 newest_batch=1 cur=8011663067 target=8236733771 ceiling=400000000000 old_side_present=1
CBAP_MIG_REPLAN t=25275000 reason=active_set_shrank flow=39 batch=1 newest_batch=1 cur=8011663066 target=8236733771 ceiling=400000000000 old_side_present=1
CBAP_MIG_REPLAN t=25275000 reason=active_set_shrank flow=40 batch=1 newest_batch=1 cur=8011662841 target=8236733771 ceiling=400000000000 old_side_present=1
CBAP_MIG_REPLAN t=25275000 reason=active_set_shrank flow=42 batch=1 newest_batch=1 cur=8011663066 target=8236733771 ceiling=400000000000 old_side_present=1
CBAP_MIG_REPLAN t=25275000 reason=active_set_shrank flow=44 batch=1 newest_batch=1 cur=8011663064 target=8236733771 ceiling=400000000000 old_side_present=1
CBAP_MIG_REPLAN t=25275000 reason=active_set_shrank flow=45 batch=1 newest_batch=1 cur=8011663080 target=8236733771 ceiling=400000000000 old_side_present=1
CBAP_MIG_REPLAN t=25275000 reason=active_set_shrank flow=46 batch=1 newest_batch=1 cur=8011663067 target=8236733771 ceiling=400000000000 old_side_present=1
CBAP_MIG_REPLAN t=25275000 reason=active_set_shrank flow=48 batch=1 newest_batch=1 cur=8011662839 target=8236733771 ceiling=400000000000 old_side_present=1
CBAP_MIG_REPLAN t=25275000 reason=active_set_shrank flow=49 batch=1 newest_batch=1 cur=8011663062 target=8236733771 ceiling=400000000000 old_side_present=1
CBAP_MIG_REPLAN t=25275000 reason=active_set_shrank flow=50 batch=1 newest_batch=1 cur=8011663064 target=8236733771 ceiling=400000000000 old_side_present=1
CBAP_MIG_REPLAN t=25275000 reason=active_set_shrank flow=51 batch=1 newest_batch=1 cur=8011663065 target=8236733771 ceiling=400000000000 old_side_present=1
CBAP_MIG_REPLAN t=25275000 reason=active_set_shrank flow=52 batch=1 newest_batch=1 cur=8011662837 target=8236733771 ceiling=400000000000 old_side_present=1
CBAP_MIG_REPLAN t=25275000 reason=active_set_shrank flow=53 batch=1 newest_batch=1 cur=8011663072 target=8236733771 ceiling=400000000000 old_side_present=1
CBAP_MIG_REPLAN t=25275000 reason=active_set_shrank flow=54 batch=1 newest_batch=1 cur=8011662858 target=8236733771 ceiling=400000000000 old_side_present=1
CBAP_MIG_REPLAN t=25275000 reason=active_set_shrank flow=55 batch=1 newest_batch=1 cur=8011663062 target=8236733771 ceiling=400000000000 old_side_present=1
CBAP_MIG_REPLAN t=25275000 reason=active_set_shrank flow=56 batch=1 newest_batch=1 cur=8011662865 target=8236733771 ceiling=400000000000 old_side_present=1
CBAP_MIG_REPLAN t=25275000 reason=active_set_shrank flow=57 batch=1 newest_batch=1 cur=8011663064 target=8236733771 ceiling=400000000000 old_side_present=1
CBAP_MIG_REPLAN t=25275000 reason=active_set_shrank flow=58 batch=1 newest_batch=1 cur=8011663080 target=8236733771 ceiling=400000000000 old_side_present=1
CBAP_MIG_REPLAN t=25275000 reason=active_set_shrank flow=59 batch=1 newest_batch=1 cur=8011663066 target=8236733771 ceiling=400000000000 old_side_present=1
CBAP_MIG_REPLAN t=25275000 reason=active_set_shrank flow=61 batch=1 newest_batch=1 cur=8011663063 target=8236733771 ceiling=400000000000 old_side_present=1
CBAP_MIG_REPLAN t=25275000 reason=active_set_shrank flow=62 batch=1 newest_batch=1 cur=8011663064 target=8236733771 ceiling=400000000000 old_side_present=1
CBAP_MIG_REPLAN t=25275000 reason=active_set_shrank flow=64 batch=1 newest_batch=1 cur=8011663069 target=8236733771 ceiling=400000000000 old_side_present=1
CBAP_MIG t=25275000 epoch=5055 flow=0 side=old cur=4000451901 next=4000316330 tgt=4000000000 f=0.3 u=0 breach=0 end=converged
CBAP_MIG t=25275000 epoch=5055 flow=1 side=new cur=8011663083 next=8102816711 tgt=8236733771 f=0.405 u=0 breach=1 end=
CBAP_MIG t=25275000 epoch=5055 flow=2 side=new cur=8011663079 next=8102816709 tgt=8236733771 f=0.405 u=0 breach=1 end=
CBAP_MIG t=25275000 epoch=5055 flow=4 side=new cur=8011662828 next=8102816559 tgt=8236733771 f=0.405 u=0 breach=1 end=
CBAP_MIG t=25275000 epoch=5055 flow=5 side=new cur=8011663081 next=8102816710 tgt=8236733771 f=0.405 u=0 breach=1 end=
CBAP_MIG t=25275000 epoch=5055 flow=7 side=new cur=8011663062 next=8102816699 tgt=8236733771 f=0.405 u=0 breach=1 end=
CBAP_MIG t=25275000 epoch=5055 flow=8 side=new cur=8011663069 next=8102816703 tgt=8236733771 f=0.405 u=0 breach=1 end=
CBAP_MIG t=25275000 epoch=5055 flow=9 side=new cur=8011663078 next=8102816708 tgt=8236733771 f=0.405 u=0 breach=1 end=
CBAP_MIG t=25275000 epoch=5055 flow=10 side=new cur=8011662856 next=8102816576 tgt=8236733771 f=0.405 u=0 breach=1 end=
CBAP_MIG t=25275000 epoch=5055 flow=12 side=new cur=8011663076 next=8102816707 tgt=8236733771 f=0.405 u=0 breach=1 end=
CBAP_MIG t=25275000 epoch=5055 flow=13 side=new cur=8011663081 next=8102816710 tgt=8236733771 f=0.405 u=0 breach=1 end=
CBAP_MIG t=25275000 epoch=5055 flow=15 side=new cur=8011663062 next=8102816699 tgt=8236733771 f=0.405 u=0 breach=1 end=
CBAP_MIG t=25275000 epoch=5055 flow=16 side=new cur=8011663081 next=8102816710 tgt=8236733771 f=0.405 u=0 breach=1 end=
CBAP_MIG t=25275000 epoch=5055 flow=17 side=new cur=8011663062 next=8102816699 tgt=8236733771 f=0.405 u=0 breach=1 end=
CBAP_MIG t=25275000 epoch=5055 flow=18 side=new cur=8011663081 next=8102816710 tgt=8236733771 f=0.405 u=0 breach=1 end=
CBAP_MIG t=25275000 epoch=5055 flow=19 side=new cur=8011663062 next=8102816699 tgt=8236733771 f=0.405 u=0 breach=1 end=
CBAP_MIG t=25275000 epoch=5055 flow=20 side=new cur=8011663064 next=8102816700 tgt=8236733771 f=0.405 u=0 breach=1 end=
CBAP_MIG t=25275000 epoch=5055 flow=21 side=new cur=8011663081 next=8102816710 tgt=8236733771 f=0.405 u=0 breach=1 end=
CBAP_MIG t=25275000 epoch=5055 flow=23 side=new cur=8011663081 next=8102816710 tgt=8236733771 f=0.405 u=0 breach=1 end=
CBAP_MIG t=25275000 epoch=5055 flow=25 side=new cur=8011663066 next=8102816701 tgt=8236733771 f=0.405 u=0 breach=1 end=
CBAP_MIG t=25275000 epoch=5055 flow=26 side=new cur=8011663068 next=8102816702 tgt=8236733771 f=0.405 u=0 breach=1 end=
CBAP_MIG t=25275000 epoch=5055 flow=27 side=new cur=8011663094 next=8102816718 tgt=8236733771 f=0.405 u=0 breach=1 end=
CBAP_MIG t=25275000 epoch=5055 flow=28 side=new cur=8011663062 next=8102816699 tgt=8236733771 f=0.405 u=0 breach=1 end=
CBAP_MIG t=25275000 epoch=5055 flow=29 side=new cur=8011663066 next=8102816701 tgt=8236733771 f=0.405 u=0 breach=1 end=
CBAP_MIG t=25275000 epoch=5055 flow=31 side=new cur=8011663069 next=8102816703 tgt=8236733771 f=0.405 u=0 breach=1 end=
CBAP_MIG t=25275000 epoch=5055 flow=32 side=new cur=8011662835 next=8102816564 tgt=8236733771 f=0.405 u=0 breach=1 end=
CBAP_MIG t=25275000 epoch=5055 flow=36 side=new cur=8011662835 next=8102816564 tgt=8236733771 f=0.405 u=0 breach=1 end=
CBAP_MIG t=25275000 epoch=5055 flow=37 side=new cur=8011663081 next=8102816710 tgt=8236733771 f=0.405 u=0 breach=1 end=
CBAP_MIG t=25275000 epoch=5055 flow=38 side=new cur=8011663067 next=8102816702 tgt=8236733771 f=0.405 u=0 breach=1 end=
CBAP_MIG t=25275000 epoch=5055 flow=39 side=new cur=8011663066 next=8102816701 tgt=8236733771 f=0.405 u=0 breach=1 end=
CBAP_MIG t=25275000 epoch=5055 flow=40 side=new cur=8011662841 next=8102816567 tgt=8236733771 f=0.405 u=0 breach=1 end=
CBAP_MIG t=25275000 epoch=5055 flow=42 side=new cur=8011663066 next=8102816701 tgt=8236733771 f=0.405 u=0 breach=1 end=
CBAP_MIG t=25275000 epoch=5055 flow=44 side=new cur=8011663064 next=8102816700 tgt=8236733771 f=0.405 u=0 breach=1 end=
CBAP_MIG t=25275000 epoch=5055 flow=45 side=new cur=8011663080 next=8102816709 tgt=8236733771 f=0.405 u=0 breach=1 end=
CBAP_MIG t=25275000 epoch=5055 flow=46 side=new cur=8011663067 next=8102816702 tgt=8236733771 f=0.405 u=0 breach=1 end=
CBAP_MIG t=25275000 epoch=5055 flow=48 side=new cur=8011662839 next=8102816566 tgt=8236733771 f=0.405 u=0 breach=1 end=
CBAP_MIG t=25275000 epoch=5055 flow=49 side=new cur=8011663062 next=8102816699 tgt=8236733771 f=0.405 u=0 breach=1 end=
CBAP_MIG t=25275000 epoch=5055 flow=50 side=new cur=8011663064 next=8102816700 tgt=8236733771 f=0.405 u=0 breach=1 end=
CBAP_MIG t=25275000 epoch=5055 flow=51 side=new cur=8011663065 next=8102816700 tgt=8236733771 f=0.405 u=0 breach=1 end=
CBAP_MIG t=25275000 epoch=5055 flow=52 side=new cur=8011662837 next=8102816565 tgt=8236733771 f=0.405 u=0 breach=1 end=
CBAP_MIG t=25275000 epoch=5055 flow=53 side=new cur=8011663072 next=8102816705 tgt=8236733771 f=0.405 u=0 breach=1 end=
CBAP_MIG t=25275000 epoch=5055 flow=54 side=new cur=8011662858 next=8102816577 tgt=8236733771 f=0.405 u=0 breach=1 end=
CBAP_MIG t=25275000 epoch=5055 flow=55 side=new cur=8011663062 next=8102816699 tgt=8236733771 f=0.405 u=0 breach=1 end=
CBAP_MIG t=25275000 epoch=5055 flow=56 side=new cur=8011662865 next=8102816581 tgt=8236733771 f=0.405 u=0 breach=1 end=
CBAP_MIG t=25275000 epoch=5055 flow=57 side=new cur=8011663064 next=8102816700 tgt=8236733771 f=0.405 u=0 breach=1 end=
CBAP_MIG t=25275000 epoch=5055 flow=58 side=new cur=8011663080 next=8102816709 tgt=8236733771 f=0.405 u=0 breach=1 end=
CBAP_MIG t=25275000 epoch=5055 flow=59 side=new cur=8011663066 next=8102816701 tgt=8236733771 f=0.405 u=0 breach=1 end=
CBAP_MIG t=25275000 epoch=5055 flow=61 side=new cur=8011663063 next=8102816699 tgt=8236733771 f=0.405 u=0 breach=1 end=
CBAP_MIG t=25275000 epoch=5055 flow=62 side=new cur=8011663064 next=8102816700 tgt=8236733771 f=0.405 u=0 breach=1 end=
CBAP_MIG t=25275000 epoch=5055 flow=64 side=new cur=8011663069 next=8102816703 tgt=8236733771 f=0.405 u=0 breach=1 end=
CBAP_MIG t=25280000 epoch=5056 flow=1 side=new cur=8102816711 next=8157053120 tgt=8236733771 f=0.405 u=0 breach=1 end=converged
CBAP_MIG t=25280000 epoch=5056 flow=2 side=new cur=8102816709 next=8157053119 tgt=8236733771 f=0.405 u=0 breach=1 end=converged
CBAP_MIG t=25280000 epoch=5056 flow=4 side=new cur=8102816559 next=8157053029 tgt=8236733771 f=0.405 u=0 breach=1 end=converged
CBAP_MIG t=25280000 epoch=5056 flow=5 side=new cur=8102816710 next=8157053119 tgt=8236733771 f=0.405 u=0 breach=1 end=converged
CBAP_MIG t=25280000 epoch=5056 flow=7 side=new cur=8102816699 next=8157053113 tgt=8236733771 f=0.405 u=0 breach=1 end=converged
CBAP_MIG t=25280000 epoch=5056 flow=8 side=new cur=8102816703 next=8157053115 tgt=8236733771 f=0.405 u=0 breach=1 end=converged
CBAP_MIG t=25280000 epoch=5056 flow=9 side=new cur=8102816708 next=8157053118 tgt=8236733771 f=0.405 u=0 breach=1 end=converged
CBAP_MIG t=25280000 epoch=5056 flow=10 side=new cur=8102816576 next=8157053039 tgt=8236733771 f=0.405 u=0 breach=1 end=converged
CBAP_MIG t=25280000 epoch=5056 flow=12 side=new cur=8102816707 next=8157053117 tgt=8236733771 f=0.405 u=0 breach=1 end=converged
CBAP_MIG t=25280000 epoch=5056 flow=13 side=new cur=8102816710 next=8157053119 tgt=8236733771 f=0.405 u=0 breach=1 end=converged
CBAP_MIG t=25280000 epoch=5056 flow=15 side=new cur=8102816699 next=8157053113 tgt=8236733771 f=0.405 u=0 breach=1 end=converged
CBAP_MIG t=25280000 epoch=5056 flow=16 side=new cur=8102816710 next=8157053119 tgt=8236733771 f=0.405 u=0 breach=1 end=converged
CBAP_MIG t=25280000 epoch=5056 flow=17 side=new cur=8102816699 next=8157053113 tgt=8236733771 f=0.405 u=0 breach=1 end=converged
CBAP_MIG t=25280000 epoch=5056 flow=18 side=new cur=8102816710 next=8157053119 tgt=8236733771 f=0.405 u=0 breach=1 end=converged
CBAP_MIG t=25280000 epoch=5056 flow=19 side=new cur=8102816699 next=8157053113 tgt=8236733771 f=0.405 u=0 breach=1 end=converged
CBAP_MIG t=25280000 epoch=5056 flow=20 side=new cur=8102816700 next=8157053113 tgt=8236733771 f=0.405 u=0 breach=1 end=converged
CBAP_MIG t=25280000 epoch=5056 flow=21 side=new cur=8102816710 next=8157053119 tgt=8236733771 f=0.405 u=0 breach=1 end=converged
CBAP_MIG t=25280000 epoch=5056 flow=23 side=new cur=8102816710 next=8157053119 tgt=8236733771 f=0.405 u=0 breach=1 end=converged
CBAP_MIG t=25280000 epoch=5056 flow=25 side=new cur=8102816701 next=8157053114 tgt=8236733771 f=0.405 u=0 breach=1 end=converged
CBAP_MIG t=25280000 epoch=5056 flow=26 side=new cur=8102816702 next=8157053114 tgt=8236733771 f=0.405 u=0 breach=1 end=converged
CBAP_MIG t=25280000 epoch=5056 flow=27 side=new cur=8102816718 next=8157053124 tgt=8236733771 f=0.405 u=0 breach=1 end=converged
CBAP_MIG t=25280000 epoch=5056 flow=28 side=new cur=8102816699 next=8157053113 tgt=8236733771 f=0.405 u=0 breach=1 end=converged
CBAP_MIG t=25280000 epoch=5056 flow=29 side=new cur=8102816701 next=8157053114 tgt=8236733771 f=0.405 u=0 breach=1 end=converged
CBAP_MIG t=25280000 epoch=5056 flow=31 side=new cur=8102816703 next=8157053115 tgt=8236733771 f=0.405 u=0 breach=1 end=converged
CBAP_MIG t=25280000 epoch=5056 flow=32 side=new cur=8102816564 next=8157053032 tgt=8236733771 f=0.405 u=0 breach=1 end=converged
CBAP_MIG t=25280000 epoch=5056 flow=36 side=new cur=8102816564 next=8157053032 tgt=8236733771 f=0.405 u=0 breach=1 end=converged
CBAP_MIG t=25280000 epoch=5056 flow=37 side=new cur=8102816710 next=8157053119 tgt=8236733771 f=0.405 u=0 breach=1 end=converged
CBAP_MIG t=25280000 epoch=5056 flow=38 side=new cur=8102816702 next=8157053114 tgt=8236733771 f=0.405 u=0 breach=1 end=converged
CBAP_MIG t=25280000 epoch=5056 flow=39 side=new cur=8102816701 next=8157053114 tgt=8236733771 f=0.405 u=0 breach=1 end=converged
CBAP_MIG t=25280000 epoch=5056 flow=40 side=new cur=8102816567 next=8157053034 tgt=8236733771 f=0.405 u=0 breach=1 end=converged
CBAP_MIG t=25280000 epoch=5056 flow=42 side=new cur=8102816701 next=8157053114 tgt=8236733771 f=0.405 u=0 breach=1 end=converged
CBAP_MIG t=25280000 epoch=5056 flow=44 side=new cur=8102816700 next=8157053113 tgt=8236733771 f=0.405 u=0 breach=1 end=converged
CBAP_MIG t=25280000 epoch=5056 flow=45 side=new cur=8102816709 next=8157053119 tgt=8236733771 f=0.405 u=0 breach=1 end=converged
CBAP_MIG t=25280000 epoch=5056 flow=46 side=new cur=8102816702 next=8157053114 tgt=8236733771 f=0.405 u=0 breach=1 end=converged
CBAP_MIG t=25280000 epoch=5056 flow=48 side=new cur=8102816566 next=8157053034 tgt=8236733771 f=0.405 u=0 breach=1 end=converged
CBAP_MIG t=25280000 epoch=5056 flow=49 side=new cur=8102816699 next=8157053113 tgt=8236733771 f=0.405 u=0 breach=1 end=converged
CBAP_MIG t=25280000 epoch=5056 flow=50 side=new cur=8102816700 next=8157053113 tgt=8236733771 f=0.405 u=0 breach=1 end=converged
CBAP_MIG t=25280000 epoch=5056 flow=51 side=new cur=8102816700 next=8157053113 tgt=8236733771 f=0.405 u=0 breach=1 end=converged
CBAP_MIG t=25280000 epoch=5056 flow=52 side=new cur=8102816565 next=8157053033 tgt=8236733771 f=0.405 u=0 breach=1 end=converged
CBAP_MIG t=25280000 epoch=5056 flow=53 side=new cur=8102816705 next=8157053116 tgt=8236733771 f=0.405 u=0 breach=1 end=converged
CBAP_MIG t=25280000 epoch=5056 flow=54 side=new cur=8102816577 next=8157053040 tgt=8236733771 f=0.405 u=0 breach=1 end=converged
CBAP_MIG t=25280000 epoch=5056 flow=55 side=new cur=8102816699 next=8157053113 tgt=8236733771 f=0.405 u=0 breach=1 end=converged
CBAP_MIG t=25280000 epoch=5056 flow=56 side=new cur=8102816581 next=8157053042 tgt=8236733771 f=0.405 u=0 breach=1 end=converged
CBAP_MIG t=25280000 epoch=5056 flow=57 side=new cur=8102816700 next=8157053113 tgt=8236733771 f=0.405 u=0 breach=1 end=converged
CBAP_MIG t=25280000 epoch=5056 flow=58 side=new cur=8102816709 next=8157053119 tgt=8236733771 f=0.405 u=0 breach=1 end=converged
CBAP_MIG t=25280000 epoch=5056 flow=59 side=new cur=8102816701 next=8157053114 tgt=8236733771 f=0.405 u=0 breach=1 end=converged
CBAP_MIG t=25280000 epoch=5056 flow=61 side=new cur=8102816699 next=8157053113 tgt=8236733771 f=0.405 u=0 breach=1 end=converged
CBAP_MIG t=25280000 epoch=5056 flow=62 side=new cur=8102816700 next=8157053113 tgt=8236733771 f=0.405 u=0 breach=1 end=converged
CBAP_MIG t=25280000 epoch=5056 flow=64 side=new cur=8102816703 next=8157053115 tgt=8236733771 f=0.405 u=0 breach=1 end=converged
CBAP_MIG_REPLAN t=25290000 reason=active_set_shrank flow=0 batch=0 newest_batch=1 cur=4000316330 target=4000000000 ceiling=320000000000 old_side_present=1
CBAP_MIG_REPLAN t=25290000 reason=active_set_shrank flow=1 batch=1 newest_batch=1 cur=8157053120 target=8324999341 ceiling=400000000000 old_side_present=1
CBAP_MIG_REPLAN t=25290000 reason=active_set_shrank flow=2 batch=1 newest_batch=1 cur=8157053119 target=8324999341 ceiling=400000000000 old_side_present=1
CBAP_MIG_REPLAN t=25290000 reason=active_set_shrank flow=4 batch=1 newest_batch=1 cur=8157053029 target=8324999341 ceiling=400000000000 old_side_present=1
CBAP_MIG_REPLAN t=25290000 reason=active_set_shrank flow=5 batch=1 newest_batch=1 cur=8157053119 target=8324999341 ceiling=400000000000 old_side_present=1
CBAP_MIG_REPLAN t=25290000 reason=active_set_shrank flow=7 batch=1 newest_batch=1 cur=8157053113 target=8324999341 ceiling=400000000000 old_side_present=1
CBAP_MIG_REPLAN t=25290000 reason=active_set_shrank flow=8 batch=1 newest_batch=1 cur=8157053115 target=8324999341 ceiling=400000000000 old_side_present=1
CBAP_MIG_REPLAN t=25290000 reason=active_set_shrank flow=9 batch=1 newest_batch=1 cur=8157053118 target=8324999341 ceiling=400000000000 old_side_present=1
CBAP_MIG_REPLAN t=25290000 reason=active_set_shrank flow=10 batch=1 newest_batch=1 cur=8157053039 target=8324999341 ceiling=400000000000 old_side_present=1
CBAP_MIG_REPLAN t=25290000 reason=active_set_shrank flow=12 batch=1 newest_batch=1 cur=8157053117 target=8324999341 ceiling=400000000000 old_side_present=1
CBAP_MIG_REPLAN t=25290000 reason=active_set_shrank flow=13 batch=1 newest_batch=1 cur=8157053119 target=8324999341 ceiling=400000000000 old_side_present=1
CBAP_MIG_REPLAN t=25290000 reason=active_set_shrank flow=15 batch=1 newest_batch=1 cur=8157053113 target=8324999341 ceiling=400000000000 old_side_present=1
CBAP_MIG_REPLAN t=25290000 reason=active_set_shrank flow=16 batch=1 newest_batch=1 cur=8157053119 target=8324999341 ceiling=400000000000 old_side_present=1
CBAP_MIG_REPLAN t=25290000 reason=active_set_shrank flow=17 batch=1 newest_batch=1 cur=8157053113 target=8324999341 ceiling=400000000000 old_side_present=1
CBAP_MIG_REPLAN t=25290000 reason=active_set_shrank flow=18 batch=1 newest_batch=1 cur=8157053119 target=8324999341 ceiling=400000000000 old_side_present=1
CBAP_MIG_REPLAN t=25290000 reason=active_set_shrank flow=19 batch=1 newest_batch=1 cur=8157053113 target=8324999341 ceiling=400000000000 old_side_present=1
CBAP_MIG_REPLAN t=25290000 reason=active_set_shrank flow=20 batch=1 newest_batch=1 cur=8157053113 target=8324999341 ceiling=400000000000 old_side_present=1
CBAP_MIG_REPLAN t=25290000 reason=active_set_shrank flow=21 batch=1 newest_batch=1 cur=8157053119 target=8324999341 ceiling=400000000000 old_side_present=1
CBAP_MIG_REPLAN t=25290000 reason=active_set_shrank flow=23 batch=1 newest_batch=1 cur=8157053119 target=8324999341 ceiling=400000000000 old_side_present=1
CBAP_MIG_REPLAN t=25290000 reason=active_set_shrank flow=26 batch=1 newest_batch=1 cur=8157053114 target=8324999341 ceiling=400000000000 old_side_present=1
CBAP_MIG_REPLAN t=25290000 reason=active_set_shrank flow=27 batch=1 newest_batch=1 cur=8157053124 target=8324999341 ceiling=400000000000 old_side_present=1
CBAP_MIG_REPLAN t=25290000 reason=active_set_shrank flow=28 batch=1 newest_batch=1 cur=8157053113 target=8324999341 ceiling=400000000000 old_side_present=1
CBAP_MIG_REPLAN t=25290000 reason=active_set_shrank flow=29 batch=1 newest_batch=1 cur=8157053114 target=8324999341 ceiling=400000000000 old_side_present=1
CBAP_MIG_REPLAN t=25290000 reason=active_set_shrank flow=31 batch=1 newest_batch=1 cur=8157053115 target=8324999341 ceiling=400000000000 old_side_present=1
CBAP_MIG_REPLAN t=25290000 reason=active_set_shrank flow=32 batch=1 newest_batch=1 cur=8157053032 target=8324999341 ceiling=400000000000 old_side_present=1
CBAP_MIG_REPLAN t=25290000 reason=active_set_shrank flow=36 batch=1 newest_batch=1 cur=8157053032 target=8324999341 ceiling=400000000000 old_side_present=1
CBAP_MIG_REPLAN t=25290000 reason=active_set_shrank flow=37 batch=1 newest_batch=1 cur=8157053119 target=8324999341 ceiling=400000000000 old_side_present=1
CBAP_MIG_REPLAN t=25290000 reason=active_set_shrank flow=38 batch=1 newest_batch=1 cur=8157053114 target=8324999341 ceiling=400000000000 old_side_present=1
CBAP_MIG_REPLAN t=25290000 reason=active_set_shrank flow=39 batch=1 newest_batch=1 cur=8157053114 target=8324999341 ceiling=400000000000 old_side_present=1
CBAP_MIG_REPLAN t=25290000 reason=active_set_shrank flow=40 batch=1 newest_batch=1 cur=8157053034 target=8324999341 ceiling=400000000000 old_side_present=1
CBAP_MIG_REPLAN t=25290000 reason=active_set_shrank flow=42 batch=1 newest_batch=1 cur=8157053114 target=8324999341 ceiling=400000000000 old_side_present=1
CBAP_MIG_REPLAN t=25290000 reason=active_set_shrank flow=44 batch=1 newest_batch=1 cur=8157053113 target=8324999341 ceiling=400000000000 old_side_present=1
CBAP_MIG_REPLAN t=25290000 reason=active_set_shrank flow=45 batch=1 newest_batch=1 cur=8157053119 target=8324999341 ceiling=400000000000 old_side_present=1
CBAP_MIG_REPLAN t=25290000 reason=active_set_shrank flow=46 batch=1 newest_batch=1 cur=8157053114 target=8324999341 ceiling=400000000000 old_side_present=1
CBAP_MIG_REPLAN t=25290000 reason=active_set_shrank flow=48 batch=1 newest_batch=1 cur=8157053034 target=8324999341 ceiling=400000000000 old_side_present=1
CBAP_MIG_REPLAN t=25290000 reason=active_set_shrank flow=49 batch=1 newest_batch=1 cur=8157053113 target=8324999341 ceiling=400000000000 old_side_present=1
CBAP_MIG_REPLAN t=25290000 reason=active_set_shrank flow=50 batch=1 newest_batch=1 cur=8157053113 target=8324999341 ceiling=400000000000 old_side_present=1
CBAP_MIG_REPLAN t=25290000 reason=active_set_shrank flow=51 batch=1 newest_batch=1 cur=8157053113 target=8324999341 ceiling=400000000000 old_side_present=1
CBAP_MIG_REPLAN t=25290000 reason=active_set_shrank flow=52 batch=1 newest_batch=1 cur=8157053033 target=8324999341 ceiling=400000000000 old_side_present=1
CBAP_MIG_REPLAN t=25290000 reason=active_set_shrank flow=53 batch=1 newest_batch=1 cur=8157053116 target=8324999341 ceiling=400000000000 old_side_present=1
CBAP_MIG_REPLAN t=25290000 reason=active_set_shrank flow=54 batch=1 newest_batch=1 cur=8157053040 target=8324999341 ceiling=400000000000 old_side_present=1
CBAP_MIG_REPLAN t=25290000 reason=active_set_shrank flow=55 batch=1 newest_batch=1 cur=8157053113 target=8324999341 ceiling=400000000000 old_side_present=1
CBAP_MIG_REPLAN t=25290000 reason=active_set_shrank flow=56 batch=1 newest_batch=1 cur=8157053042 target=8324999341 ceiling=400000000000 old_side_present=1
CBAP_MIG_REPLAN t=25290000 reason=active_set_shrank flow=57 batch=1 newest_batch=1 cur=8157053113 target=8324999341 ceiling=400000000000 old_side_present=1
CBAP_MIG_REPLAN t=25290000 reason=active_set_shrank flow=58 batch=1 newest_batch=1 cur=8157053119 target=8324999341 ceiling=400000000000 old_side_present=1
CBAP_MIG_REPLAN t=25290000 reason=active_set_shrank flow=59 batch=1 newest_batch=1 cur=8157053114 target=8324999341 ceiling=400000000000 old_side_present=1
CBAP_MIG_REPLAN t=25290000 reason=active_set_shrank flow=61 batch=1 newest_batch=1 cur=8157053113 target=8324999341 ceiling=400000000000 old_side_present=1
CBAP_MIG_REPLAN t=25290000 reason=active_set_shrank flow=62 batch=1 newest_batch=1 cur=8157053113 target=8324999341 ceiling=400000000000 old_side_present=1
CBAP_MIG_REPLAN t=25290000 reason=active_set_shrank flow=64 batch=1 newest_batch=1 cur=8157053115 target=8324999341 ceiling=400000000000 old_side_present=1
CBAP_MIG t=25290000 epoch=5058 flow=0 side=old cur=4000316330 next=4000221431 tgt=4000000000 f=0.3 u=0 breach=0 end=converged
CBAP_MIG t=25290000 epoch=5058 flow=1 side=new cur=8157053120 next=8225071339 tgt=8324999341 f=0.405 u=0 breach=1 end=
CBAP_MIG t=25290000 epoch=5058 flow=2 side=new cur=8157053119 next=8225071338 tgt=8324999341 f=0.405 u=0 breach=1 end=
CBAP_MIG t=25290000 epoch=5058 flow=4 side=new cur=8157053029 next=8225071285 tgt=8324999341 f=0.405 u=0 breach=1 end=
CBAP_MIG t=25290000 epoch=5058 flow=5 side=new cur=8157053119 next=8225071338 tgt=8324999341 f=0.405 u=0 breach=1 end=
CBAP_MIG t=25290000 epoch=5058 flow=7 side=new cur=8157053113 next=8225071335 tgt=8324999341 f=0.405 u=0 breach=1 end=
CBAP_MIG t=25290000 epoch=5058 flow=8 side=new cur=8157053115 next=8225071336 tgt=8324999341 f=0.405 u=0 breach=1 end=
CBAP_MIG t=25290000 epoch=5058 flow=9 side=new cur=8157053118 next=8225071338 tgt=8324999341 f=0.405 u=0 breach=1 end=
CBAP_MIG t=25290000 epoch=5058 flow=10 side=new cur=8157053039 next=8225071291 tgt=8324999341 f=0.405 u=0 breach=1 end=
CBAP_MIG t=25290000 epoch=5058 flow=12 side=new cur=8157053117 next=8225071337 tgt=8324999341 f=0.405 u=0 breach=1 end=
CBAP_MIG t=25290000 epoch=5058 flow=13 side=new cur=8157053119 next=8225071338 tgt=8324999341 f=0.405 u=0 breach=1 end=
CBAP_MIG t=25290000 epoch=5058 flow=15 side=new cur=8157053113 next=8225071335 tgt=8324999341 f=0.405 u=0 breach=1 end=
CBAP_MIG t=25290000 epoch=5058 flow=16 side=new cur=8157053119 next=8225071338 tgt=8324999341 f=0.405 u=0 breach=1 end=
CBAP_MIG t=25290000 epoch=5058 flow=17 side=new cur=8157053113 next=8225071335 tgt=8324999341 f=0.405 u=0 breach=1 end=
CBAP_MIG t=25290000 epoch=5058 flow=18 side=new cur=8157053119 next=8225071338 tgt=8324999341 f=0.405 u=0 breach=1 end=
CBAP_MIG t=25290000 epoch=5058 flow=19 side=new cur=8157053113 next=8225071335 tgt=8324999341 f=0.405 u=0 breach=1 end=
CBAP_MIG t=25290000 epoch=5058 flow=20 side=new cur=8157053113 next=8225071335 tgt=8324999341 f=0.405 u=0 breach=1 end=
CBAP_MIG t=25290000 epoch=5058 flow=21 side=new cur=8157053119 next=8225071338 tgt=8324999341 f=0.405 u=0 breach=1 end=
CBAP_MIG t=25290000 epoch=5058 flow=23 side=new cur=8157053119 next=8225071338 tgt=8324999341 f=0.405 u=0 breach=1 end=
CBAP_MIG t=25290000 epoch=5058 flow=26 side=new cur=8157053114 next=8225071335 tgt=8324999341 f=0.405 u=0 breach=1 end=
CBAP_MIG t=25290000 epoch=5058 flow=27 side=new cur=8157053124 next=8225071341 tgt=8324999341 f=0.405 u=0 breach=1 end=
CBAP_MIG t=25290000 epoch=5058 flow=28 side=new cur=8157053113 next=8225071335 tgt=8324999341 f=0.405 u=0 breach=1 end=
CBAP_MIG t=25290000 epoch=5058 flow=29 side=new cur=8157053114 next=8225071335 tgt=8324999341 f=0.405 u=0 breach=1 end=
CBAP_MIG t=25290000 epoch=5058 flow=31 side=new cur=8157053115 next=8225071336 tgt=8324999341 f=0.405 u=0 breach=1 end=
CBAP_MIG t=25290000 epoch=5058 flow=32 side=new cur=8157053032 next=8225071287 tgt=8324999341 f=0.405 u=0 breach=1 end=
CBAP_MIG t=25290000 epoch=5058 flow=36 side=new cur=8157053032 next=8225071287 tgt=8324999341 f=0.405 u=0 breach=1 end=
CBAP_MIG t=25290000 epoch=5058 flow=37 side=new cur=8157053119 next=8225071338 tgt=8324999341 f=0.405 u=0 breach=1 end=
CBAP_MIG t=25290000 epoch=5058 flow=38 side=new cur=8157053114 next=8225071335 tgt=8324999341 f=0.405 u=0 breach=1 end=
CBAP_MIG t=25290000 epoch=5058 flow=39 side=new cur=8157053114 next=8225071335 tgt=8324999341 f=0.405 u=0 breach=1 end=
CBAP_MIG t=25290000 epoch=5058 flow=40 side=new cur=8157053034 next=8225071288 tgt=8324999341 f=0.405 u=0 breach=1 end=
CBAP_MIG t=25290000 epoch=5058 flow=42 side=new cur=8157053114 next=8225071335 tgt=8324999341 f=0.405 u=0 breach=1 end=
CBAP_MIG t=25290000 epoch=5058 flow=44 side=new cur=8157053113 next=8225071335 tgt=8324999341 f=0.405 u=0 breach=1 end=
CBAP_MIG t=25290000 epoch=5058 flow=45 side=new cur=8157053119 next=8225071338 tgt=8324999341 f=0.405 u=0 breach=1 end=
CBAP_MIG t=25290000 epoch=5058 flow=46 side=new cur=8157053114 next=8225071335 tgt=8324999341 f=0.405 u=0 breach=1 end=
CBAP_MIG t=25290000 epoch=5058 flow=48 side=new cur=8157053034 next=8225071288 tgt=8324999341 f=0.405 u=0 breach=1 end=
CBAP_MIG t=25290000 epoch=5058 flow=49 side=new cur=8157053113 next=8225071335 tgt=8324999341 f=0.405 u=0 breach=1 end=
CBAP_MIG t=25290000 epoch=5058 flow=50 side=new cur=8157053113 next=8225071335 tgt=8324999341 f=0.405 u=0 breach=1 end=
CBAP_MIG t=25290000 epoch=5058 flow=51 side=new cur=8157053113 next=8225071335 tgt=8324999341 f=0.405 u=0 breach=1 end=
CBAP_MIG t=25290000 epoch=5058 flow=52 side=new cur=8157053033 next=8225071287 tgt=8324999341 f=0.405 u=0 breach=1 end=
CBAP_MIG t=25290000 epoch=5058 flow=53 side=new cur=8157053116 next=8225071337 tgt=8324999341 f=0.405 u=0 breach=1 end=
CBAP_MIG t=25290000 epoch=5058 flow=54 side=new cur=8157053040 next=8225071291 tgt=8324999341 f=0.405 u=0 breach=1 end=
CBAP_MIG t=25290000 epoch=5058 flow=55 side=new cur=8157053113 next=8225071335 tgt=8324999341 f=0.405 u=0 breach=1 end=
CBAP_MIG t=25290000 epoch=5058 flow=56 side=new cur=8157053042 next=8225071293 tgt=8324999341 f=0.405 u=0 breach=1 end=
CBAP_MIG t=25290000 epoch=5058 flow=57 side=new cur=8157053113 next=8225071335 tgt=8324999341 f=0.405 u=0 breach=1 end=
CBAP_MIG t=25290000 epoch=5058 flow=58 side=new cur=8157053119 next=8225071338 tgt=8324999341 f=0.405 u=0 breach=1 end=
CBAP_MIG t=25290000 epoch=5058 flow=59 side=new cur=8157053114 next=8225071335 tgt=8324999341 f=0.405 u=0 breach=1 end=
CBAP_MIG t=25290000 epoch=5058 flow=61 side=new cur=8157053113 next=8225071335 tgt=8324999341 f=0.405 u=0 breach=1 end=
CBAP_MIG t=25290000 epoch=5058 flow=62 side=new cur=8157053113 next=8225071335 tgt=8324999341 f=0.405 u=0 breach=1 end=
CBAP_MIG t=25290000 epoch=5058 flow=64 side=new cur=8157053115 next=8225071336 tgt=8324999341 f=0.405 u=0 breach=1 end=
CBAP_MIG t=25295000 epoch=5059 flow=1 side=new cur=8225071339 next=8265542179 tgt=8324999341 f=0.405 u=0 breach=1 end=converged
CBAP_MIG t=25295000 epoch=5059 flow=2 side=new cur=8225071338 next=8265542179 tgt=8324999341 f=0.405 u=0 breach=1 end=converged
CBAP_MIG t=25295000 epoch=5059 flow=4 side=new cur=8225071285 next=8265542147 tgt=8324999341 f=0.405 u=0 breach=1 end=converged
CBAP_MIG t=25295000 epoch=5059 flow=5 side=new cur=8225071338 next=8265542179 tgt=8324999341 f=0.405 u=0 breach=1 end=converged
CBAP_MIG t=25295000 epoch=5059 flow=7 side=new cur=8225071335 next=8265542177 tgt=8324999341 f=0.405 u=0 breach=1 end=converged
CBAP_MIG t=25295000 epoch=5059 flow=8 side=new cur=8225071336 next=8265542178 tgt=8324999341 f=0.405 u=0 breach=1 end=converged
CBAP_MIG t=25295000 epoch=5059 flow=9 side=new cur=8225071338 next=8265542179 tgt=8324999341 f=0.405 u=0 breach=1 end=converged
CBAP_MIG t=25295000 epoch=5059 flow=10 side=new cur=8225071291 next=8265542151 tgt=8324999341 f=0.405 u=0 breach=1 end=converged
CBAP_MIG t=25295000 epoch=5059 flow=12 side=new cur=8225071337 next=8265542178 tgt=8324999341 f=0.405 u=0 breach=1 end=converged
CBAP_MIG t=25295000 epoch=5059 flow=13 side=new cur=8225071338 next=8265542179 tgt=8324999341 f=0.405 u=0 breach=1 end=converged
CBAP_MIG t=25295000 epoch=5059 flow=15 side=new cur=8225071335 next=8265542177 tgt=8324999341 f=0.405 u=0 breach=1 end=converged
CBAP_MIG t=25295000 epoch=5059 flow=16 side=new cur=8225071338 next=8265542179 tgt=8324999341 f=0.405 u=0 breach=1 end=converged
CBAP_MIG t=25295000 epoch=5059 flow=17 side=new cur=8225071335 next=8265542177 tgt=8324999341 f=0.405 u=0 breach=1 end=converged
CBAP_MIG t=25295000 epoch=5059 flow=18 side=new cur=8225071338 next=8265542179 tgt=8324999341 f=0.405 u=0 breach=1 end=converged
CBAP_MIG t=25295000 epoch=5059 flow=19 side=new cur=8225071335 next=8265542177 tgt=8324999341 f=0.405 u=0 breach=1 end=converged
CBAP_MIG t=25295000 epoch=5059 flow=20 side=new cur=8225071335 next=8265542177 tgt=8324999341 f=0.405 u=0 breach=1 end=converged
CBAP_MIG t=25295000 epoch=5059 flow=21 side=new cur=8225071338 next=8265542179 tgt=8324999341 f=0.405 u=0 breach=1 end=converged
CBAP_MIG t=25295000 epoch=5059 flow=23 side=new cur=8225071338 next=8265542179 tgt=8324999341 f=0.405 u=0 breach=1 end=converged
CBAP_MIG t=25295000 epoch=5059 flow=26 side=new cur=8225071335 next=8265542177 tgt=8324999341 f=0.405 u=0 breach=1 end=converged
CBAP_MIG t=25295000 epoch=5059 flow=27 side=new cur=8225071341 next=8265542180 tgt=8324999341 f=0.405 u=0 breach=1 end=converged
CBAP_MIG t=25295000 epoch=5059 flow=28 side=new cur=8225071335 next=8265542177 tgt=8324999341 f=0.405 u=0 breach=1 end=converged
CBAP_MIG t=25295000 epoch=5059 flow=29 side=new cur=8225071335 next=8265542177 tgt=8324999341 f=0.405 u=0 breach=1 end=converged
CBAP_MIG t=25295000 epoch=5059 flow=31 side=new cur=8225071336 next=8265542178 tgt=8324999341 f=0.405 u=0 breach=1 end=converged
CBAP_MIG t=25295000 epoch=5059 flow=32 side=new cur=8225071287 next=8265542148 tgt=8324999341 f=0.405 u=0 breach=1 end=converged
CBAP_MIG t=25295000 epoch=5059 flow=36 side=new cur=8225071287 next=8265542148 tgt=8324999341 f=0.405 u=0 breach=1 end=converged
CBAP_MIG t=25295000 epoch=5059 flow=37 side=new cur=8225071338 next=8265542179 tgt=8324999341 f=0.405 u=0 breach=1 end=converged
CBAP_MIG t=25295000 epoch=5059 flow=38 side=new cur=8225071335 next=8265542177 tgt=8324999341 f=0.405 u=0 breach=1 end=converged
CBAP_MIG t=25295000 epoch=5059 flow=39 side=new cur=8225071335 next=8265542177 tgt=8324999341 f=0.405 u=0 breach=1 end=converged
CBAP_MIG t=25295000 epoch=5059 flow=40 side=new cur=8225071288 next=8265542149 tgt=8324999341 f=0.405 u=0 breach=1 end=converged
CBAP_MIG t=25295000 epoch=5059 flow=42 side=new cur=8225071335 next=8265542177 tgt=8324999341 f=0.405 u=0 breach=1 end=converged
CBAP_MIG t=25295000 epoch=5059 flow=44 side=new cur=8225071335 next=8265542177 tgt=8324999341 f=0.405 u=0 breach=1 end=converged
CBAP_MIG t=25295000 epoch=5059 flow=45 side=new cur=8225071338 next=8265542179 tgt=8324999341 f=0.405 u=0 breach=1 end=converged
CBAP_MIG t=25295000 epoch=5059 flow=46 side=new cur=8225071335 next=8265542177 tgt=8324999341 f=0.405 u=0 breach=1 end=converged
CBAP_MIG t=25295000 epoch=5059 flow=48 side=new cur=8225071288 next=8265542149 tgt=8324999341 f=0.405 u=0 breach=1 end=converged
CBAP_MIG t=25295000 epoch=5059 flow=49 side=new cur=8225071335 next=8265542177 tgt=8324999341 f=0.405 u=0 breach=1 end=converged
CBAP_MIG t=25295000 epoch=5059 flow=50 side=new cur=8225071335 next=8265542177 tgt=8324999341 f=0.405 u=0 breach=1 end=converged
CBAP_MIG t=25295000 epoch=5059 flow=51 side=new cur=8225071335 next=8265542177 tgt=8324999341 f=0.405 u=0 breach=1 end=converged
CBAP_MIG t=25295000 epoch=5059 flow=52 side=new cur=8225071287 next=8265542148 tgt=8324999341 f=0.405 u=0 breach=1 end=converged
CBAP_MIG t=25295000 epoch=5059 flow=53 side=new cur=8225071337 next=8265542178 tgt=8324999341 f=0.405 u=0 breach=1 end=converged
CBAP_MIG t=25295000 epoch=5059 flow=54 side=new cur=8225071291 next=8265542151 tgt=8324999341 f=0.405 u=0 breach=1 end=converged
CBAP_MIG t=25295000 epoch=5059 flow=55 side=new cur=8225071335 next=8265542177 tgt=8324999341 f=0.405 u=0 breach=1 end=converged
CBAP_MIG t=25295000 epoch=5059 flow=56 side=new cur=8225071293 next=8265542152 tgt=8324999341 f=0.405 u=0 breach=1 end=converged
CBAP_MIG t=25295000 epoch=5059 flow=57 side=new cur=8225071335 next=8265542177 tgt=8324999341 f=0.405 u=0 breach=1 end=converged
CBAP_MIG t=25295000 epoch=5059 flow=58 side=new cur=8225071338 next=8265542179 tgt=8324999341 f=0.405 u=0 breach=1 end=converged
CBAP_MIG t=25295000 epoch=5059 flow=59 side=new cur=8225071335 next=8265542177 tgt=8324999341 f=0.405 u=0 breach=1 end=converged
CBAP_MIG t=25295000 epoch=5059 flow=61 side=new cur=8225071335 next=8265542177 tgt=8324999341 f=0.405 u=0 breach=1 end=converged
CBAP_MIG t=25295000 epoch=5059 flow=62 side=new cur=8225071335 next=8265542177 tgt=8324999341 f=0.405 u=0 breach=1 end=converged
CBAP_MIG t=25295000 epoch=5059 flow=64 side=new cur=8225071336 next=8265542178 tgt=8324999341 f=0.405 u=0 breach=1 end=converged
CBAP_MIG_REPLAN t=25330000 reason=active_set_shrank flow=0 batch=0 newest_batch=1 cur=4000221431 target=4000000000 ceiling=320000000000 old_side_present=1
CBAP_MIG_REPLAN t=25330000 reason=active_set_shrank flow=1 batch=1 newest_batch=1 cur=8265542179 target=8502127188 ceiling=400000000000 old_side_present=1
CBAP_MIG_REPLAN t=25330000 reason=active_set_shrank flow=2 batch=1 newest_batch=1 cur=8265542179 target=8502127188 ceiling=400000000000 old_side_present=1
CBAP_MIG_REPLAN t=25330000 reason=active_set_shrank flow=4 batch=1 newest_batch=1 cur=8265542147 target=8502127188 ceiling=400000000000 old_side_present=1
CBAP_MIG_REPLAN t=25330000 reason=active_set_shrank flow=5 batch=1 newest_batch=1 cur=8265542179 target=8502127188 ceiling=400000000000 old_side_present=1
CBAP_MIG_REPLAN t=25330000 reason=active_set_shrank flow=7 batch=1 newest_batch=1 cur=8265542177 target=8502127188 ceiling=400000000000 old_side_present=1
CBAP_MIG_REPLAN t=25330000 reason=active_set_shrank flow=8 batch=1 newest_batch=1 cur=8265542178 target=8502127188 ceiling=400000000000 old_side_present=1
CBAP_MIG_REPLAN t=25330000 reason=active_set_shrank flow=9 batch=1 newest_batch=1 cur=8265542179 target=8502127188 ceiling=400000000000 old_side_present=1
CBAP_MIG_REPLAN t=25330000 reason=active_set_shrank flow=10 batch=1 newest_batch=1 cur=8265542151 target=8502127188 ceiling=400000000000 old_side_present=1
CBAP_MIG_REPLAN t=25330000 reason=active_set_shrank flow=12 batch=1 newest_batch=1 cur=8265542178 target=8502127188 ceiling=400000000000 old_side_present=1
CBAP_MIG_REPLAN t=25330000 reason=active_set_shrank flow=13 batch=1 newest_batch=1 cur=8265542179 target=8502127188 ceiling=400000000000 old_side_present=1
CBAP_MIG_REPLAN t=25330000 reason=active_set_shrank flow=15 batch=1 newest_batch=1 cur=8265542177 target=8502127188 ceiling=400000000000 old_side_present=1
CBAP_MIG_REPLAN t=25330000 reason=active_set_shrank flow=16 batch=1 newest_batch=1 cur=8265542179 target=8502127188 ceiling=400000000000 old_side_present=1
CBAP_MIG_REPLAN t=25330000 reason=active_set_shrank flow=17 batch=1 newest_batch=1 cur=8265542177 target=8502127188 ceiling=400000000000 old_side_present=1
CBAP_MIG_REPLAN t=25330000 reason=active_set_shrank flow=18 batch=1 newest_batch=1 cur=8265542179 target=8502127188 ceiling=400000000000 old_side_present=1
CBAP_MIG_REPLAN t=25330000 reason=active_set_shrank flow=19 batch=1 newest_batch=1 cur=8265542177 target=8502127188 ceiling=400000000000 old_side_present=1
CBAP_MIG_REPLAN t=25330000 reason=active_set_shrank flow=20 batch=1 newest_batch=1 cur=8265542177 target=8502127188 ceiling=400000000000 old_side_present=1
CBAP_MIG_REPLAN t=25330000 reason=active_set_shrank flow=21 batch=1 newest_batch=1 cur=8265542179 target=8502127188 ceiling=400000000000 old_side_present=1
CBAP_MIG_REPLAN t=25330000 reason=active_set_shrank flow=23 batch=1 newest_batch=1 cur=8265542179 target=8502127188 ceiling=400000000000 old_side_present=1
CBAP_MIG_REPLAN t=25330000 reason=active_set_shrank flow=26 batch=1 newest_batch=1 cur=8265542177 target=8502127188 ceiling=400000000000 old_side_present=1
CBAP_MIG_REPLAN t=25330000 reason=active_set_shrank flow=27 batch=1 newest_batch=1 cur=8265542180 target=8502127188 ceiling=400000000000 old_side_present=1
CBAP_MIG_REPLAN t=25330000 reason=active_set_shrank flow=28 batch=1 newest_batch=1 cur=8265542177 target=8502127188 ceiling=400000000000 old_side_present=1
CBAP_MIG_REPLAN t=25330000 reason=active_set_shrank flow=29 batch=1 newest_batch=1 cur=8265542177 target=8502127188 ceiling=400000000000 old_side_present=1
CBAP_MIG_REPLAN t=25330000 reason=active_set_shrank flow=31 batch=1 newest_batch=1 cur=8265542178 target=8502127188 ceiling=400000000000 old_side_present=1
CBAP_MIG_REPLAN t=25330000 reason=active_set_shrank flow=32 batch=1 newest_batch=1 cur=8265542148 target=8502127188 ceiling=400000000000 old_side_present=1
CBAP_MIG_REPLAN t=25330000 reason=active_set_shrank flow=36 batch=1 newest_batch=1 cur=8265542148 target=8502127188 ceiling=400000000000 old_side_present=1
CBAP_MIG_REPLAN t=25330000 reason=active_set_shrank flow=37 batch=1 newest_batch=1 cur=8265542179 target=8502127188 ceiling=400000000000 old_side_present=1
CBAP_MIG_REPLAN t=25330000 reason=active_set_shrank flow=38 batch=1 newest_batch=1 cur=8265542177 target=8502127188 ceiling=400000000000 old_side_present=1
CBAP_MIG_REPLAN t=25330000 reason=active_set_shrank flow=39 batch=1 newest_batch=1 cur=8265542177 target=8502127188 ceiling=400000000000 old_side_present=1
CBAP_MIG_REPLAN t=25330000 reason=active_set_shrank flow=40 batch=1 newest_batch=1 cur=8265542149 target=8502127188 ceiling=400000000000 old_side_present=1
CBAP_MIG_REPLAN t=25330000 reason=active_set_shrank flow=42 batch=1 newest_batch=1 cur=8265542177 target=8502127188 ceiling=400000000000 old_side_present=1
CBAP_MIG_REPLAN t=25330000 reason=active_set_shrank flow=44 batch=1 newest_batch=1 cur=8265542177 target=8502127188 ceiling=400000000000 old_side_present=1
CBAP_MIG_REPLAN t=25330000 reason=active_set_shrank flow=45 batch=1 newest_batch=1 cur=8265542179 target=8502127188 ceiling=400000000000 old_side_present=1
CBAP_MIG_REPLAN t=25330000 reason=active_set_shrank flow=46 batch=1 newest_batch=1 cur=8265542177 target=8502127188 ceiling=400000000000 old_side_present=1
CBAP_MIG_REPLAN t=25330000 reason=active_set_shrank flow=48 batch=1 newest_batch=1 cur=8265542149 target=8502127188 ceiling=400000000000 old_side_present=1
CBAP_MIG_REPLAN t=25330000 reason=active_set_shrank flow=49 batch=1 newest_batch=1 cur=8265542177 target=8502127188 ceiling=400000000000 old_side_present=1
CBAP_MIG_REPLAN t=25330000 reason=active_set_shrank flow=50 batch=1 newest_batch=1 cur=8265542177 target=8502127188 ceiling=400000000000 old_side_present=1
CBAP_MIG_REPLAN t=25330000 reason=active_set_shrank flow=51 batch=1 newest_batch=1 cur=8265542177 target=8502127188 ceiling=400000000000 old_side_present=1
CBAP_MIG_REPLAN t=25330000 reason=active_set_shrank flow=52 batch=1 newest_batch=1 cur=8265542148 target=8502127188 ceiling=400000000000 old_side_present=1
CBAP_MIG_REPLAN t=25330000 reason=active_set_shrank flow=53 batch=1 newest_batch=1 cur=8265542178 target=8502127188 ceiling=400000000000 old_side_present=1
CBAP_MIG_REPLAN t=25330000 reason=active_set_shrank flow=55 batch=1 newest_batch=1 cur=8265542177 target=8502127188 ceiling=400000000000 old_side_present=1
CBAP_MIG_REPLAN t=25330000 reason=active_set_shrank flow=56 batch=1 newest_batch=1 cur=8265542152 target=8502127188 ceiling=400000000000 old_side_present=1
CBAP_MIG_REPLAN t=25330000 reason=active_set_shrank flow=57 batch=1 newest_batch=1 cur=8265542177 target=8502127188 ceiling=400000000000 old_side_present=1
CBAP_MIG_REPLAN t=25330000 reason=active_set_shrank flow=58 batch=1 newest_batch=1 cur=8265542179 target=8502127188 ceiling=400000000000 old_side_present=1
CBAP_MIG_REPLAN t=25330000 reason=active_set_shrank flow=59 batch=1 newest_batch=1 cur=8265542177 target=8502127188 ceiling=400000000000 old_side_present=1
CBAP_MIG_REPLAN t=25330000 reason=active_set_shrank flow=61 batch=1 newest_batch=1 cur=8265542177 target=8502127188 ceiling=400000000000 old_side_present=1
CBAP_MIG_REPLAN t=25330000 reason=active_set_shrank flow=62 batch=1 newest_batch=1 cur=8265542177 target=8502127188 ceiling=400000000000 old_side_present=1
CBAP_MIG_REPLAN t=25330000 reason=active_set_shrank flow=64 batch=1 newest_batch=1 cur=8265542178 target=8502127188 ceiling=400000000000 old_side_present=1
CBAP_MIG t=25330000 epoch=5066 flow=0 side=old cur=4000221431 next=4000155001 tgt=4000000000 f=0.3 u=0 breach=0 end=converged
CBAP_MIG t=25330000 epoch=5066 flow=1 side=new cur=8265542179 next=8361359107 tgt=8502127188 f=0.405 u=0 breach=1 end=
CBAP_MIG t=25330000 epoch=5066 flow=2 side=new cur=8265542179 next=8361359107 tgt=8502127188 f=0.405 u=0 breach=1 end=
CBAP_MIG t=25330000 epoch=5066 flow=4 side=new cur=8265542147 next=8361359088 tgt=8502127188 f=0.405 u=0 breach=1 end=
CBAP_MIG t=25330000 epoch=5066 flow=5 side=new cur=8265542179 next=8361359107 tgt=8502127188 f=0.405 u=0 breach=1 end=
CBAP_MIG t=25330000 epoch=5066 flow=7 side=new cur=8265542177 next=8361359106 tgt=8502127188 f=0.405 u=0 breach=1 end=
CBAP_MIG t=25330000 epoch=5066 flow=8 side=new cur=8265542178 next=8361359107 tgt=8502127188 f=0.405 u=0 breach=1 end=
CBAP_MIG t=25330000 epoch=5066 flow=9 side=new cur=8265542179 next=8361359107 tgt=8502127188 f=0.405 u=0 breach=1 end=
CBAP_MIG t=25330000 epoch=5066 flow=10 side=new cur=8265542151 next=8361359090 tgt=8502127188 f=0.405 u=0 breach=1 end=
CBAP_MIG t=25330000 epoch=5066 flow=12 side=new cur=8265542178 next=8361359107 tgt=8502127188 f=0.405 u=0 breach=1 end=
CBAP_MIG t=25330000 epoch=5066 flow=13 side=new cur=8265542179 next=8361359107 tgt=8502127188 f=0.405 u=0 breach=1 end=
CBAP_MIG t=25330000 epoch=5066 flow=15 side=new cur=8265542177 next=8361359106 tgt=8502127188 f=0.405 u=0 breach=1 end=
CBAP_MIG t=25330000 epoch=5066 flow=16 side=new cur=8265542179 next=8361359107 tgt=8502127188 f=0.405 u=0 breach=1 end=
CBAP_MIG t=25330000 epoch=5066 flow=17 side=new cur=8265542177 next=8361359106 tgt=8502127188 f=0.405 u=0 breach=1 end=
CBAP_MIG t=25330000 epoch=5066 flow=18 side=new cur=8265542179 next=8361359107 tgt=8502127188 f=0.405 u=0 breach=1 end=
CBAP_MIG t=25330000 epoch=5066 flow=19 side=new cur=8265542177 next=8361359106 tgt=8502127188 f=0.405 u=0 breach=1 end=
CBAP_MIG t=25330000 epoch=5066 flow=20 side=new cur=8265542177 next=8361359106 tgt=8502127188 f=0.405 u=0 breach=1 end=
CBAP_MIG t=25330000 epoch=5066 flow=21 side=new cur=8265542179 next=8361359107 tgt=8502127188 f=0.405 u=0 breach=1 end=
CBAP_MIG t=25330000 epoch=5066 flow=23 side=new cur=8265542179 next=8361359107 tgt=8502127188 f=0.405 u=0 breach=1 end=
CBAP_MIG t=25330000 epoch=5066 flow=26 side=new cur=8265542177 next=8361359106 tgt=8502127188 f=0.405 u=0 breach=1 end=
CBAP_MIG t=25330000 epoch=5066 flow=27 side=new cur=8265542180 next=8361359108 tgt=8502127188 f=0.405 u=0 breach=1 end=
CBAP_MIG t=25330000 epoch=5066 flow=28 side=new cur=8265542177 next=8361359106 tgt=8502127188 f=0.405 u=0 breach=1 end=
CBAP_MIG t=25330000 epoch=5066 flow=29 side=new cur=8265542177 next=8361359106 tgt=8502127188 f=0.405 u=0 breach=1 end=
CBAP_MIG t=25330000 epoch=5066 flow=31 side=new cur=8265542178 next=8361359107 tgt=8502127188 f=0.405 u=0 breach=1 end=
CBAP_MIG t=25330000 epoch=5066 flow=32 side=new cur=8265542148 next=8361359089 tgt=8502127188 f=0.405 u=0 breach=1 end=
CBAP_MIG t=25330000 epoch=5066 flow=36 side=new cur=8265542148 next=8361359089 tgt=8502127188 f=0.405 u=0 breach=1 end=
CBAP_MIG t=25330000 epoch=5066 flow=37 side=new cur=8265542179 next=8361359107 tgt=8502127188 f=0.405 u=0 breach=1 end=
CBAP_MIG t=25330000 epoch=5066 flow=38 side=new cur=8265542177 next=8361359106 tgt=8502127188 f=0.405 u=0 breach=1 end=
CBAP_MIG t=25330000 epoch=5066 flow=39 side=new cur=8265542177 next=8361359106 tgt=8502127188 f=0.405 u=0 breach=1 end=
CBAP_MIG t=25330000 epoch=5066 flow=40 side=new cur=8265542149 next=8361359089 tgt=8502127188 f=0.405 u=0 breach=1 end=
CBAP_MIG t=25330000 epoch=5066 flow=42 side=new cur=8265542177 next=8361359106 tgt=8502127188 f=0.405 u=0 breach=1 end=
CBAP_MIG t=25330000 epoch=5066 flow=44 side=new cur=8265542177 next=8361359106 tgt=8502127188 f=0.405 u=0 breach=1 end=
CBAP_MIG t=25330000 epoch=5066 flow=45 side=new cur=8265542179 next=8361359107 tgt=8502127188 f=0.405 u=0 breach=1 end=
CBAP_MIG t=25330000 epoch=5066 flow=46 side=new cur=8265542177 next=8361359106 tgt=8502127188 f=0.405 u=0 breach=1 end=
CBAP_MIG t=25330000 epoch=5066 flow=48 side=new cur=8265542149 next=8361359089 tgt=8502127188 f=0.405 u=0 breach=1 end=
CBAP_MIG t=25330000 epoch=5066 flow=49 side=new cur=8265542177 next=8361359106 tgt=8502127188 f=0.405 u=0 breach=1 end=
CBAP_MIG t=25330000 epoch=5066 flow=50 side=new cur=8265542177 next=8361359106 tgt=8502127188 f=0.405 u=0 breach=1 end=
CBAP_MIG t=25330000 epoch=5066 flow=51 side=new cur=8265542177 next=8361359106 tgt=8502127188 f=0.405 u=0 breach=1 end=
CBAP_MIG t=25330000 epoch=5066 flow=52 side=new cur=8265542148 next=8361359089 tgt=8502127188 f=0.405 u=0 breach=1 end=
CBAP_MIG t=25330000 epoch=5066 flow=53 side=new cur=8265542178 next=8361359107 tgt=8502127188 f=0.405 u=0 breach=1 end=
CBAP_MIG t=25330000 epoch=5066 flow=55 side=new cur=8265542177 next=8361359106 tgt=8502127188 f=0.405 u=0 breach=1 end=
CBAP_MIG t=25330000 epoch=5066 flow=56 side=new cur=8265542152 next=8361359091 tgt=8502127188 f=0.405 u=0 breach=1 end=
CBAP_MIG t=25330000 epoch=5066 flow=57 side=new cur=8265542177 next=8361359106 tgt=8502127188 f=0.405 u=0 breach=1 end=
CBAP_MIG t=25330000 epoch=5066 flow=58 side=new cur=8265542179 next=8361359107 tgt=8502127188 f=0.405 u=0 breach=1 end=
CBAP_MIG t=25330000 epoch=5066 flow=59 side=new cur=8265542177 next=8361359106 tgt=8502127188 f=0.405 u=0 breach=1 end=
CBAP_MIG t=25330000 epoch=5066 flow=61 side=new cur=8265542177 next=8361359106 tgt=8502127188 f=0.405 u=0 breach=1 end=
CBAP_MIG t=25330000 epoch=5066 flow=62 side=new cur=8265542177 next=8361359106 tgt=8502127188 f=0.405 u=0 breach=1 end=
CBAP_MIG t=25330000 epoch=5066 flow=64 side=new cur=8265542178 next=8361359107 tgt=8502127188 f=0.405 u=0 breach=1 end=
CBAP_MIG t=25335000 epoch=5067 flow=1 side=new cur=8361359107 next=8418370179 tgt=8502127188 f=0.405 u=0 breach=1 end=converged
CBAP_MIG t=25335000 epoch=5067 flow=2 side=new cur=8361359107 next=8418370179 tgt=8502127188 f=0.405 u=0 breach=1 end=converged
CBAP_MIG t=25335000 epoch=5067 flow=4 side=new cur=8361359088 next=8418370168 tgt=8502127188 f=0.405 u=0 breach=1 end=converged
CBAP_MIG t=25335000 epoch=5067 flow=5 side=new cur=8361359107 next=8418370179 tgt=8502127188 f=0.405 u=0 breach=1 end=converged
CBAP_MIG t=25335000 epoch=5067 flow=7 side=new cur=8361359106 next=8418370179 tgt=8502127188 f=0.405 u=0 breach=1 end=converged
CBAP_MIG t=25335000 epoch=5067 flow=8 side=new cur=8361359107 next=8418370179 tgt=8502127188 f=0.405 u=0 breach=1 end=converged
CBAP_MIG t=25335000 epoch=5067 flow=9 side=new cur=8361359107 next=8418370179 tgt=8502127188 f=0.405 u=0 breach=1 end=converged
CBAP_MIG t=25335000 epoch=5067 flow=10 side=new cur=8361359090 next=8418370169 tgt=8502127188 f=0.405 u=0 breach=1 end=converged
CBAP_MIG t=25335000 epoch=5067 flow=12 side=new cur=8361359107 next=8418370179 tgt=8502127188 f=0.405 u=0 breach=1 end=converged
CBAP_MIG t=25335000 epoch=5067 flow=13 side=new cur=8361359107 next=8418370179 tgt=8502127188 f=0.405 u=0 breach=1 end=converged
CBAP_MIG t=25335000 epoch=5067 flow=15 side=new cur=8361359106 next=8418370179 tgt=8502127188 f=0.405 u=0 breach=1 end=converged
CBAP_MIG t=25335000 epoch=5067 flow=16 side=new cur=8361359107 next=8418370179 tgt=8502127188 f=0.405 u=0 breach=1 end=converged
CBAP_MIG t=25335000 epoch=5067 flow=17 side=new cur=8361359106 next=8418370179 tgt=8502127188 f=0.405 u=0 breach=1 end=converged
CBAP_MIG t=25335000 epoch=5067 flow=18 side=new cur=8361359107 next=8418370179 tgt=8502127188 f=0.405 u=0 breach=1 end=converged
CBAP_MIG t=25335000 epoch=5067 flow=19 side=new cur=8361359106 next=8418370179 tgt=8502127188 f=0.405 u=0 breach=1 end=converged
CBAP_MIG t=25335000 epoch=5067 flow=20 side=new cur=8361359106 next=8418370179 tgt=8502127188 f=0.405 u=0 breach=1 end=converged
CBAP_MIG t=25335000 epoch=5067 flow=21 side=new cur=8361359107 next=8418370179 tgt=8502127188 f=0.405 u=0 breach=1 end=converged
CBAP_MIG t=25335000 epoch=5067 flow=23 side=new cur=8361359107 next=8418370179 tgt=8502127188 f=0.405 u=0 breach=1 end=converged
CBAP_MIG t=25335000 epoch=5067 flow=26 side=new cur=8361359106 next=8418370179 tgt=8502127188 f=0.405 u=0 breach=1 end=converged
CBAP_MIG t=25335000 epoch=5067 flow=27 side=new cur=8361359108 next=8418370180 tgt=8502127188 f=0.405 u=0 breach=1 end=converged
CBAP_MIG t=25335000 epoch=5067 flow=28 side=new cur=8361359106 next=8418370179 tgt=8502127188 f=0.405 u=0 breach=1 end=converged
CBAP_MIG t=25335000 epoch=5067 flow=29 side=new cur=8361359106 next=8418370179 tgt=8502127188 f=0.405 u=0 breach=1 end=converged
CBAP_MIG t=25335000 epoch=5067 flow=31 side=new cur=8361359107 next=8418370179 tgt=8502127188 f=0.405 u=0 breach=1 end=converged
CBAP_MIG t=25335000 epoch=5067 flow=32 side=new cur=8361359089 next=8418370169 tgt=8502127188 f=0.405 u=0 breach=1 end=converged
CBAP_MIG t=25335000 epoch=5067 flow=36 side=new cur=8361359089 next=8418370169 tgt=8502127188 f=0.405 u=0 breach=1 end=converged
CBAP_MIG t=25335000 epoch=5067 flow=37 side=new cur=8361359107 next=8418370179 tgt=8502127188 f=0.405 u=0 breach=1 end=converged
CBAP_MIG t=25335000 epoch=5067 flow=38 side=new cur=8361359106 next=8418370179 tgt=8502127188 f=0.405 u=0 breach=1 end=converged
CBAP_MIG t=25335000 epoch=5067 flow=39 side=new cur=8361359106 next=8418370179 tgt=8502127188 f=0.405 u=0 breach=1 end=converged
CBAP_MIG t=25335000 epoch=5067 flow=40 side=new cur=8361359089 next=8418370169 tgt=8502127188 f=0.405 u=0 breach=1 end=converged
CBAP_MIG t=25335000 epoch=5067 flow=42 side=new cur=8361359106 next=8418370179 tgt=8502127188 f=0.405 u=0 breach=1 end=converged
CBAP_MIG t=25335000 epoch=5067 flow=44 side=new cur=8361359106 next=8418370179 tgt=8502127188 f=0.405 u=0 breach=1 end=converged
CBAP_MIG t=25335000 epoch=5067 flow=45 side=new cur=8361359107 next=8418370179 tgt=8502127188 f=0.405 u=0 breach=1 end=converged
CBAP_MIG t=25335000 epoch=5067 flow=46 side=new cur=8361359106 next=8418370179 tgt=8502127188 f=0.405 u=0 breach=1 end=converged
CBAP_MIG t=25335000 epoch=5067 flow=48 side=new cur=8361359089 next=8418370169 tgt=8502127188 f=0.405 u=0 breach=1 end=converged
CBAP_MIG t=25335000 epoch=5067 flow=49 side=new cur=8361359106 next=8418370179 tgt=8502127188 f=0.405 u=0 breach=1 end=converged
CBAP_MIG t=25335000 epoch=5067 flow=50 side=new cur=8361359106 next=8418370179 tgt=8502127188 f=0.405 u=0 breach=1 end=converged
CBAP_MIG t=25335000 epoch=5067 flow=51 side=new cur=8361359106 next=8418370179 tgt=8502127188 f=0.405 u=0 breach=1 end=converged
CBAP_MIG t=25335000 epoch=5067 flow=52 side=new cur=8361359089 next=8418370169 tgt=8502127188 f=0.405 u=0 breach=1 end=converged
CBAP_MIG t=25335000 epoch=5067 flow=53 side=new cur=8361359107 next=8418370179 tgt=8502127188 f=0.405 u=0 breach=1 end=converged
CBAP_MIG t=25335000 epoch=5067 flow=55 side=new cur=8361359106 next=8418370179 tgt=8502127188 f=0.405 u=0 breach=1 end=converged
CBAP_MIG t=25335000 epoch=5067 flow=56 side=new cur=8361359091 next=8418370170 tgt=8502127188 f=0.405 u=0 breach=1 end=converged
CBAP_MIG t=25335000 epoch=5067 flow=57 side=new cur=8361359106 next=8418370179 tgt=8502127188 f=0.405 u=0 breach=1 end=converged
CBAP_MIG t=25335000 epoch=5067 flow=58 side=new cur=8361359107 next=8418370179 tgt=8502127188 f=0.405 u=0 breach=1 end=converged
CBAP_MIG t=25335000 epoch=5067 flow=59 side=new cur=8361359106 next=8418370179 tgt=8502127188 f=0.405 u=0 breach=1 end=converged
CBAP_MIG t=25335000 epoch=5067 flow=61 side=new cur=8361359106 next=8418370179 tgt=8502127188 f=0.405 u=0 breach=1 end=converged
CBAP_MIG t=25335000 epoch=5067 flow=62 side=new cur=8361359106 next=8418370179 tgt=8502127188 f=0.405 u=0 breach=1 end=converged
CBAP_MIG t=25335000 epoch=5067 flow=64 side=new cur=8361359107 next=8418370179 tgt=8502127188 f=0.405 u=0 breach=1 end=converged
CBAP_MIG_REPLAN t=25395000 reason=active_set_shrank flow=0 batch=0 newest_batch=1 cur=4000155001 target=4000000000 ceiling=320000000000 old_side_present=1
CBAP_MIG_REPLAN t=25395000 reason=active_set_shrank flow=1 batch=1 newest_batch=1 cur=8418370179 target=8968888544 ceiling=400000000000 old_side_present=1
CBAP_MIG_REPLAN t=25395000 reason=active_set_shrank flow=2 batch=1 newest_batch=1 cur=8418370179 target=8968888544 ceiling=400000000000 old_side_present=1
CBAP_MIG_REPLAN t=25395000 reason=active_set_shrank flow=5 batch=1 newest_batch=1 cur=8418370179 target=8968888544 ceiling=400000000000 old_side_present=1
CBAP_MIG_REPLAN t=25395000 reason=active_set_shrank flow=7 batch=1 newest_batch=1 cur=8418370179 target=8968888544 ceiling=400000000000 old_side_present=1
CBAP_MIG_REPLAN t=25395000 reason=active_set_shrank flow=8 batch=1 newest_batch=1 cur=8418370179 target=8968888544 ceiling=400000000000 old_side_present=1
CBAP_MIG_REPLAN t=25395000 reason=active_set_shrank flow=9 batch=1 newest_batch=1 cur=8418370179 target=8968888544 ceiling=400000000000 old_side_present=1
CBAP_MIG_REPLAN t=25395000 reason=active_set_shrank flow=10 batch=1 newest_batch=1 cur=8418370169 target=8968888544 ceiling=400000000000 old_side_present=1
CBAP_MIG_REPLAN t=25395000 reason=active_set_shrank flow=12 batch=1 newest_batch=1 cur=8418370179 target=8968888544 ceiling=400000000000 old_side_present=1
CBAP_MIG_REPLAN t=25395000 reason=active_set_shrank flow=13 batch=1 newest_batch=1 cur=8418370179 target=8968888544 ceiling=400000000000 old_side_present=1
CBAP_MIG_REPLAN t=25395000 reason=active_set_shrank flow=15 batch=1 newest_batch=1 cur=8418370179 target=8968888544 ceiling=400000000000 old_side_present=1
CBAP_MIG_REPLAN t=25395000 reason=active_set_shrank flow=16 batch=1 newest_batch=1 cur=8418370179 target=8968888544 ceiling=400000000000 old_side_present=1
CBAP_MIG_REPLAN t=25395000 reason=active_set_shrank flow=17 batch=1 newest_batch=1 cur=8418370179 target=8968888544 ceiling=400000000000 old_side_present=1
CBAP_MIG_REPLAN t=25395000 reason=active_set_shrank flow=18 batch=1 newest_batch=1 cur=8418370179 target=8968888544 ceiling=400000000000 old_side_present=1
CBAP_MIG_REPLAN t=25395000 reason=active_set_shrank flow=19 batch=1 newest_batch=1 cur=8418370179 target=8968888544 ceiling=400000000000 old_side_present=1
CBAP_MIG_REPLAN t=25395000 reason=active_set_shrank flow=20 batch=1 newest_batch=1 cur=8418370179 target=8968888544 ceiling=400000000000 old_side_present=1
CBAP_MIG_REPLAN t=25395000 reason=active_set_shrank flow=21 batch=1 newest_batch=1 cur=8418370179 target=8968888544 ceiling=400000000000 old_side_present=1
CBAP_MIG_REPLAN t=25395000 reason=active_set_shrank flow=23 batch=1 newest_batch=1 cur=8418370179 target=8968888544 ceiling=400000000000 old_side_present=1
CBAP_MIG_REPLAN t=25395000 reason=active_set_shrank flow=26 batch=1 newest_batch=1 cur=8418370179 target=8968888544 ceiling=400000000000 old_side_present=1
CBAP_MIG_REPLAN t=25395000 reason=active_set_shrank flow=27 batch=1 newest_batch=1 cur=8418370180 target=8968888544 ceiling=400000000000 old_side_present=1
CBAP_MIG_REPLAN t=25395000 reason=active_set_shrank flow=28 batch=1 newest_batch=1 cur=8418370179 target=8968888544 ceiling=400000000000 old_side_present=1
CBAP_MIG_REPLAN t=25395000 reason=active_set_shrank flow=29 batch=1 newest_batch=1 cur=8418370179 target=8968888544 ceiling=400000000000 old_side_present=1
CBAP_MIG_REPLAN t=25395000 reason=active_set_shrank flow=31 batch=1 newest_batch=1 cur=8418370179 target=8968888544 ceiling=400000000000 old_side_present=1
CBAP_MIG_REPLAN t=25395000 reason=active_set_shrank flow=32 batch=1 newest_batch=1 cur=8418370169 target=8968888544 ceiling=400000000000 old_side_present=1
CBAP_MIG_REPLAN t=25395000 reason=active_set_shrank flow=36 batch=1 newest_batch=1 cur=8418370169 target=8968888544 ceiling=400000000000 old_side_present=1
CBAP_MIG_REPLAN t=25395000 reason=active_set_shrank flow=37 batch=1 newest_batch=1 cur=8418370179 target=8968888544 ceiling=400000000000 old_side_present=1
CBAP_MIG_REPLAN t=25395000 reason=active_set_shrank flow=38 batch=1 newest_batch=1 cur=8418370179 target=8968888544 ceiling=400000000000 old_side_present=1
CBAP_MIG_REPLAN t=25395000 reason=active_set_shrank flow=39 batch=1 newest_batch=1 cur=8418370179 target=8968888544 ceiling=400000000000 old_side_present=1
CBAP_MIG_REPLAN t=25395000 reason=active_set_shrank flow=40 batch=1 newest_batch=1 cur=8418370169 target=8968888544 ceiling=400000000000 old_side_present=1
CBAP_MIG_REPLAN t=25395000 reason=active_set_shrank flow=42 batch=1 newest_batch=1 cur=8418370179 target=8968888544 ceiling=400000000000 old_side_present=1
CBAP_MIG_REPLAN t=25395000 reason=active_set_shrank flow=44 batch=1 newest_batch=1 cur=8418370179 target=8968888544 ceiling=400000000000 old_side_present=1
CBAP_MIG_REPLAN t=25395000 reason=active_set_shrank flow=45 batch=1 newest_batch=1 cur=8418370179 target=8968888544 ceiling=400000000000 old_side_present=1
CBAP_MIG_REPLAN t=25395000 reason=active_set_shrank flow=46 batch=1 newest_batch=1 cur=8418370179 target=8968888544 ceiling=400000000000 old_side_present=1
CBAP_MIG_REPLAN t=25395000 reason=active_set_shrank flow=48 batch=1 newest_batch=1 cur=8418370169 target=8968888544 ceiling=400000000000 old_side_present=1
CBAP_MIG_REPLAN t=25395000 reason=active_set_shrank flow=49 batch=1 newest_batch=1 cur=8418370179 target=8968888544 ceiling=400000000000 old_side_present=1
CBAP_MIG_REPLAN t=25395000 reason=active_set_shrank flow=50 batch=1 newest_batch=1 cur=8418370179 target=8968888544 ceiling=400000000000 old_side_present=1
CBAP_MIG_REPLAN t=25395000 reason=active_set_shrank flow=51 batch=1 newest_batch=1 cur=8418370179 target=8968888544 ceiling=400000000000 old_side_present=1
CBAP_MIG_REPLAN t=25395000 reason=active_set_shrank flow=52 batch=1 newest_batch=1 cur=8418370169 target=8968888544 ceiling=400000000000 old_side_present=1
CBAP_MIG_REPLAN t=25395000 reason=active_set_shrank flow=53 batch=1 newest_batch=1 cur=8418370179 target=8968888544 ceiling=400000000000 old_side_present=1
CBAP_MIG_REPLAN t=25395000 reason=active_set_shrank flow=55 batch=1 newest_batch=1 cur=8418370179 target=8968888544 ceiling=400000000000 old_side_present=1
CBAP_MIG_REPLAN t=25395000 reason=active_set_shrank flow=57 batch=1 newest_batch=1 cur=8418370179 target=8968888544 ceiling=400000000000 old_side_present=1
CBAP_MIG_REPLAN t=25395000 reason=active_set_shrank flow=58 batch=1 newest_batch=1 cur=8418370179 target=8968888544 ceiling=400000000000 old_side_present=1
CBAP_MIG_REPLAN t=25395000 reason=active_set_shrank flow=59 batch=1 newest_batch=1 cur=8418370179 target=8968888544 ceiling=400000000000 old_side_present=1
CBAP_MIG_REPLAN t=25395000 reason=active_set_shrank flow=61 batch=1 newest_batch=1 cur=8418370179 target=8968888544 ceiling=400000000000 old_side_present=1
CBAP_MIG_REPLAN t=25395000 reason=active_set_shrank flow=62 batch=1 newest_batch=1 cur=8418370179 target=8968888544 ceiling=400000000000 old_side_present=1
CBAP_MIG_REPLAN t=25395000 reason=active_set_shrank flow=64 batch=1 newest_batch=1 cur=8418370179 target=8968888544 ceiling=400000000000 old_side_present=1
CBAP_MIG t=25395000 epoch=5079 flow=0 side=old cur=4000155001 next=4000108500 tgt=4000000000 f=0.3 u=0 breach=0 end=converged
CBAP_MIG t=25395000 epoch=5079 flow=1 side=new cur=8418370179 next=8641330116 tgt=8968888544 f=0.405 u=0 breach=1 end=
CBAP_MIG t=25395000 epoch=5079 flow=2 side=new cur=8418370179 next=8641330116 tgt=8968888544 f=0.405 u=0 breach=1 end=
CBAP_MIG t=25395000 epoch=5079 flow=5 side=new cur=8418370179 next=8641330116 tgt=8968888544 f=0.405 u=0 breach=1 end=
CBAP_MIG t=25395000 epoch=5079 flow=7 side=new cur=8418370179 next=8641330116 tgt=8968888544 f=0.405 u=0 breach=1 end=
CBAP_MIG t=25395000 epoch=5079 flow=8 side=new cur=8418370179 next=8641330116 tgt=8968888544 f=0.405 u=0 breach=1 end=
CBAP_MIG t=25395000 epoch=5079 flow=9 side=new cur=8418370179 next=8641330116 tgt=8968888544 f=0.405 u=0 breach=1 end=
CBAP_MIG t=25395000 epoch=5079 flow=10 side=new cur=8418370169 next=8641330110 tgt=8968888544 f=0.405 u=0 breach=1 end=
CBAP_MIG t=25395000 epoch=5079 flow=12 side=new cur=8418370179 next=8641330116 tgt=8968888544 f=0.405 u=0 breach=1 end=
CBAP_MIG t=25395000 epoch=5079 flow=13 side=new cur=8418370179 next=8641330116 tgt=8968888544 f=0.405 u=0 breach=1 end=
CBAP_MIG t=25395000 epoch=5079 flow=15 side=new cur=8418370179 next=8641330116 tgt=8968888544 f=0.405 u=0 breach=1 end=
CBAP_MIG t=25395000 epoch=5079 flow=16 side=new cur=8418370179 next=8641330116 tgt=8968888544 f=0.405 u=0 breach=1 end=
CBAP_MIG t=25395000 epoch=5079 flow=17 side=new cur=8418370179 next=8641330116 tgt=8968888544 f=0.405 u=0 breach=1 end=
CBAP_MIG t=25395000 epoch=5079 flow=18 side=new cur=8418370179 next=8641330116 tgt=8968888544 f=0.405 u=0 breach=1 end=
CBAP_MIG t=25395000 epoch=5079 flow=19 side=new cur=8418370179 next=8641330116 tgt=8968888544 f=0.405 u=0 breach=1 end=
CBAP_MIG t=25395000 epoch=5079 flow=20 side=new cur=8418370179 next=8641330116 tgt=8968888544 f=0.405 u=0 breach=1 end=
CBAP_MIG t=25395000 epoch=5079 flow=21 side=new cur=8418370179 next=8641330116 tgt=8968888544 f=0.405 u=0 breach=1 end=
CBAP_MIG t=25395000 epoch=5079 flow=23 side=new cur=8418370179 next=8641330116 tgt=8968888544 f=0.405 u=0 breach=1 end=
CBAP_MIG t=25395000 epoch=5079 flow=26 side=new cur=8418370179 next=8641330116 tgt=8968888544 f=0.405 u=0 breach=1 end=
CBAP_MIG t=25395000 epoch=5079 flow=27 side=new cur=8418370180 next=8641330117 tgt=8968888544 f=0.405 u=0 breach=1 end=
CBAP_MIG t=25395000 epoch=5079 flow=28 side=new cur=8418370179 next=8641330116 tgt=8968888544 f=0.405 u=0 breach=1 end=
CBAP_MIG t=25395000 epoch=5079 flow=29 side=new cur=8418370179 next=8641330116 tgt=8968888544 f=0.405 u=0 breach=1 end=
CBAP_MIG t=25395000 epoch=5079 flow=31 side=new cur=8418370179 next=8641330116 tgt=8968888544 f=0.405 u=0 breach=1 end=
CBAP_MIG t=25395000 epoch=5079 flow=32 side=new cur=8418370169 next=8641330110 tgt=8968888544 f=0.405 u=0 breach=1 end=
CBAP_MIG t=25395000 epoch=5079 flow=36 side=new cur=8418370169 next=8641330110 tgt=8968888544 f=0.405 u=0 breach=1 end=
CBAP_MIG t=25395000 epoch=5079 flow=37 side=new cur=8418370179 next=8641330116 tgt=8968888544 f=0.405 u=0 breach=1 end=
CBAP_MIG t=25395000 epoch=5079 flow=38 side=new cur=8418370179 next=8641330116 tgt=8968888544 f=0.405 u=0 breach=1 end=
CBAP_MIG t=25395000 epoch=5079 flow=39 side=new cur=8418370179 next=8641330116 tgt=8968888544 f=0.405 u=0 breach=1 end=
CBAP_MIG t=25395000 epoch=5079 flow=40 side=new cur=8418370169 next=8641330110 tgt=8968888544 f=0.405 u=0 breach=1 end=
CBAP_MIG t=25395000 epoch=5079 flow=42 side=new cur=8418370179 next=8641330116 tgt=8968888544 f=0.405 u=0 breach=1 end=
CBAP_MIG t=25395000 epoch=5079 flow=44 side=new cur=8418370179 next=8641330116 tgt=8968888544 f=0.405 u=0 breach=1 end=
CBAP_MIG t=25395000 epoch=5079 flow=45 side=new cur=8418370179 next=8641330116 tgt=8968888544 f=0.405 u=0 breach=1 end=
CBAP_MIG t=25395000 epoch=5079 flow=46 side=new cur=8418370179 next=8641330116 tgt=8968888544 f=0.405 u=0 breach=1 end=
CBAP_MIG t=25395000 epoch=5079 flow=48 side=new cur=8418370169 next=8641330110 tgt=8968888544 f=0.405 u=0 breach=1 end=
CBAP_MIG t=25395000 epoch=5079 flow=49 side=new cur=8418370179 next=8641330116 tgt=8968888544 f=0.405 u=0 breach=1 end=
CBAP_MIG t=25395000 epoch=5079 flow=50 side=new cur=8418370179 next=8641330116 tgt=8968888544 f=0.405 u=0 breach=1 end=
CBAP_MIG t=25395000 epoch=5079 flow=51 side=new cur=8418370179 next=8641330116 tgt=8968888544 f=0.405 u=0 breach=1 end=
CBAP_MIG t=25395000 epoch=5079 flow=52 side=new cur=8418370169 next=8641330110 tgt=8968888544 f=0.405 u=0 breach=1 end=
CBAP_MIG t=25395000 epoch=5079 flow=53 side=new cur=8418370179 next=8641330116 tgt=8968888544 f=0.405 u=0 breach=1 end=
CBAP_MIG t=25395000 epoch=5079 flow=55 side=new cur=8418370179 next=8641330116 tgt=8968888544 f=0.405 u=0 breach=1 end=
CBAP_MIG t=25395000 epoch=5079 flow=57 side=new cur=8418370179 next=8641330116 tgt=8968888544 f=0.405 u=0 breach=1 end=
CBAP_MIG t=25395000 epoch=5079 flow=58 side=new cur=8418370179 next=8641330116 tgt=8968888544 f=0.405 u=0 breach=1 end=
CBAP_MIG t=25395000 epoch=5079 flow=59 side=new cur=8418370179 next=8641330116 tgt=8968888544 f=0.405 u=0 breach=1 end=
CBAP_MIG t=25395000 epoch=5079 flow=61 side=new cur=8418370179 next=8641330116 tgt=8968888544 f=0.405 u=0 breach=1 end=
CBAP_MIG t=25395000 epoch=5079 flow=62 side=new cur=8418370179 next=8641330116 tgt=8968888544 f=0.405 u=0 breach=1 end=
CBAP_MIG t=25395000 epoch=5079 flow=64 side=new cur=8418370179 next=8641330116 tgt=8968888544 f=0.405 u=0 breach=1 end=
CBAP_MIG t=25400000 epoch=5080 flow=1 side=new cur=8641330116 next=8773991279 tgt=8968888544 f=0.405 u=0 breach=1 end=
CBAP_MIG t=25400000 epoch=5080 flow=2 side=new cur=8641330116 next=8773991279 tgt=8968888544 f=0.405 u=0 breach=1 end=
CBAP_MIG t=25400000 epoch=5080 flow=5 side=new cur=8641330116 next=8773991279 tgt=8968888544 f=0.405 u=0 breach=1 end=
CBAP_MIG t=25400000 epoch=5080 flow=7 side=new cur=8641330116 next=8773991279 tgt=8968888544 f=0.405 u=0 breach=1 end=
CBAP_MIG t=25400000 epoch=5080 flow=8 side=new cur=8641330116 next=8773991279 tgt=8968888544 f=0.405 u=0 breach=1 end=
CBAP_MIG t=25400000 epoch=5080 flow=9 side=new cur=8641330116 next=8773991279 tgt=8968888544 f=0.405 u=0 breach=1 end=
CBAP_MIG t=25400000 epoch=5080 flow=10 side=new cur=8641330110 next=8773991275 tgt=8968888544 f=0.405 u=0 breach=1 end=
CBAP_MIG t=25400000 epoch=5080 flow=12 side=new cur=8641330116 next=8773991279 tgt=8968888544 f=0.405 u=0 breach=1 end=
CBAP_MIG t=25400000 epoch=5080 flow=13 side=new cur=8641330116 next=8773991279 tgt=8968888544 f=0.405 u=0 breach=1 end=
CBAP_MIG t=25400000 epoch=5080 flow=15 side=new cur=8641330116 next=8773991279 tgt=8968888544 f=0.405 u=0 breach=1 end=
CBAP_MIG t=25400000 epoch=5080 flow=16 side=new cur=8641330116 next=8773991279 tgt=8968888544 f=0.405 u=0 breach=1 end=
CBAP_MIG t=25400000 epoch=5080 flow=17 side=new cur=8641330116 next=8773991279 tgt=8968888544 f=0.405 u=0 breach=1 end=
CBAP_MIG t=25400000 epoch=5080 flow=18 side=new cur=8641330116 next=8773991279 tgt=8968888544 f=0.405 u=0 breach=1 end=
CBAP_MIG t=25400000 epoch=5080 flow=19 side=new cur=8641330116 next=8773991279 tgt=8968888544 f=0.405 u=0 breach=1 end=
CBAP_MIG t=25400000 epoch=5080 flow=20 side=new cur=8641330116 next=8773991279 tgt=8968888544 f=0.405 u=0 breach=1 end=
CBAP_MIG t=25400000 epoch=5080 flow=21 side=new cur=8641330116 next=8773991279 tgt=8968888544 f=0.405 u=0 breach=1 end=
CBAP_MIG t=25400000 epoch=5080 flow=23 side=new cur=8641330116 next=8773991279 tgt=8968888544 f=0.405 u=0 breach=1 end=
CBAP_MIG t=25400000 epoch=5080 flow=26 side=new cur=8641330116 next=8773991279 tgt=8968888544 f=0.405 u=0 breach=1 end=
CBAP_MIG t=25400000 epoch=5080 flow=27 side=new cur=8641330117 next=8773991279 tgt=8968888544 f=0.405 u=0 breach=1 end=
CBAP_MIG t=25400000 epoch=5080 flow=28 side=new cur=8641330116 next=8773991279 tgt=8968888544 f=0.405 u=0 breach=1 end=
CBAP_MIG t=25400000 epoch=5080 flow=29 side=new cur=8641330116 next=8773991279 tgt=8968888544 f=0.405 u=0 breach=1 end=
CBAP_MIG t=25400000 epoch=5080 flow=31 side=new cur=8641330116 next=8773991279 tgt=8968888544 f=0.405 u=0 breach=1 end=
CBAP_MIG t=25400000 epoch=5080 flow=32 side=new cur=8641330110 next=8773991275 tgt=8968888544 f=0.405 u=0 breach=1 end=
CBAP_MIG t=25400000 epoch=5080 flow=36 side=new cur=8641330110 next=8773991275 tgt=8968888544 f=0.405 u=0 breach=1 end=
CBAP_MIG t=25400000 epoch=5080 flow=37 side=new cur=8641330116 next=8773991279 tgt=8968888544 f=0.405 u=0 breach=1 end=
CBAP_MIG t=25400000 epoch=5080 flow=38 side=new cur=8641330116 next=8773991279 tgt=8968888544 f=0.405 u=0 breach=1 end=
CBAP_MIG t=25400000 epoch=5080 flow=39 side=new cur=8641330116 next=8773991279 tgt=8968888544 f=0.405 u=0 breach=1 end=
CBAP_MIG t=25400000 epoch=5080 flow=40 side=new cur=8641330110 next=8773991275 tgt=8968888544 f=0.405 u=0 breach=1 end=
CBAP_MIG t=25400000 epoch=5080 flow=42 side=new cur=8641330116 next=8773991279 tgt=8968888544 f=0.405 u=0 breach=1 end=
CBAP_MIG t=25400000 epoch=5080 flow=44 side=new cur=8641330116 next=8773991279 tgt=8968888544 f=0.405 u=0 breach=1 end=
CBAP_MIG t=25400000 epoch=5080 flow=45 side=new cur=8641330116 next=8773991279 tgt=8968888544 f=0.405 u=0 breach=1 end=
CBAP_MIG t=25400000 epoch=5080 flow=46 side=new cur=8641330116 next=8773991279 tgt=8968888544 f=0.405 u=0 breach=1 end=
CBAP_MIG t=25400000 epoch=5080 flow=48 side=new cur=8641330110 next=8773991275 tgt=8968888544 f=0.405 u=0 breach=1 end=
CBAP_MIG t=25400000 epoch=5080 flow=49 side=new cur=8641330116 next=8773991279 tgt=8968888544 f=0.405 u=0 breach=1 end=
CBAP_MIG t=25400000 epoch=5080 flow=50 side=new cur=8641330116 next=8773991279 tgt=8968888544 f=0.405 u=0 breach=1 end=
CBAP_MIG t=25400000 epoch=5080 flow=51 side=new cur=8641330116 next=8773991279 tgt=8968888544 f=0.405 u=0 breach=1 end=
CBAP_MIG t=25400000 epoch=5080 flow=52 side=new cur=8641330110 next=8773991275 tgt=8968888544 f=0.405 u=0 breach=1 end=
CBAP_MIG t=25400000 epoch=5080 flow=53 side=new cur=8641330116 next=8773991279 tgt=8968888544 f=0.405 u=0 breach=1 end=
CBAP_MIG t=25400000 epoch=5080 flow=55 side=new cur=8641330116 next=8773991279 tgt=8968888544 f=0.405 u=0 breach=1 end=
CBAP_MIG t=25400000 epoch=5080 flow=57 side=new cur=8641330116 next=8773991279 tgt=8968888544 f=0.405 u=0 breach=1 end=
CBAP_MIG t=25400000 epoch=5080 flow=58 side=new cur=8641330116 next=8773991279 tgt=8968888544 f=0.405 u=0 breach=1 end=
CBAP_MIG t=25400000 epoch=5080 flow=59 side=new cur=8641330116 next=8773991279 tgt=8968888544 f=0.405 u=0 breach=1 end=
CBAP_MIG t=25400000 epoch=5080 flow=61 side=new cur=8641330116 next=8773991279 tgt=8968888544 f=0.405 u=0 breach=1 end=
CBAP_MIG t=25400000 epoch=5080 flow=62 side=new cur=8641330116 next=8773991279 tgt=8968888544 f=0.405 u=0 breach=1 end=
CBAP_MIG t=25400000 epoch=5080 flow=64 side=new cur=8641330116 next=8773991279 tgt=8968888544 f=0.405 u=0 breach=1 end=
CBAP_MIG t=25405000 epoch=5081 flow=1 side=new cur=8773991279 next=8852924671 tgt=8968888544 f=0.405 u=0 breach=1 end=
CBAP_MIG t=25405000 epoch=5081 flow=2 side=new cur=8773991279 next=8852924671 tgt=8968888544 f=0.405 u=0 breach=1 end=
CBAP_MIG t=25405000 epoch=5081 flow=5 side=new cur=8773991279 next=8852924671 tgt=8968888544 f=0.405 u=0 breach=1 end=
CBAP_MIG t=25405000 epoch=5081 flow=7 side=new cur=8773991279 next=8852924671 tgt=8968888544 f=0.405 u=0 breach=1 end=
CBAP_MIG t=25405000 epoch=5081 flow=8 side=new cur=8773991279 next=8852924671 tgt=8968888544 f=0.405 u=0 breach=1 end=
CBAP_MIG t=25405000 epoch=5081 flow=9 side=new cur=8773991279 next=8852924671 tgt=8968888544 f=0.405 u=0 breach=1 end=
CBAP_MIG t=25405000 epoch=5081 flow=10 side=new cur=8773991275 next=8852924668 tgt=8968888544 f=0.405 u=0 breach=1 end=
CBAP_MIG t=25405000 epoch=5081 flow=12 side=new cur=8773991279 next=8852924671 tgt=8968888544 f=0.405 u=0 breach=1 end=
CBAP_MIG t=25405000 epoch=5081 flow=13 side=new cur=8773991279 next=8852924671 tgt=8968888544 f=0.405 u=0 breach=1 end=
CBAP_MIG t=25405000 epoch=5081 flow=15 side=new cur=8773991279 next=8852924671 tgt=8968888544 f=0.405 u=0 breach=1 end=
CBAP_MIG t=25405000 epoch=5081 flow=16 side=new cur=8773991279 next=8852924671 tgt=8968888544 f=0.405 u=0 breach=1 end=
CBAP_MIG t=25405000 epoch=5081 flow=17 side=new cur=8773991279 next=8852924671 tgt=8968888544 f=0.405 u=0 breach=1 end=
CBAP_MIG t=25405000 epoch=5081 flow=18 side=new cur=8773991279 next=8852924671 tgt=8968888544 f=0.405 u=0 breach=1 end=
CBAP_MIG t=25405000 epoch=5081 flow=19 side=new cur=8773991279 next=8852924671 tgt=8968888544 f=0.405 u=0 breach=1 end=
CBAP_MIG t=25405000 epoch=5081 flow=20 side=new cur=8773991279 next=8852924671 tgt=8968888544 f=0.405 u=0 breach=1 end=
CBAP_MIG t=25405000 epoch=5081 flow=21 side=new cur=8773991279 next=8852924671 tgt=8968888544 f=0.405 u=0 breach=1 end=
CBAP_MIG t=25405000 epoch=5081 flow=23 side=new cur=8773991279 next=8852924671 tgt=8968888544 f=0.405 u=0 breach=1 end=
CBAP_MIG t=25405000 epoch=5081 flow=26 side=new cur=8773991279 next=8852924671 tgt=8968888544 f=0.405 u=0 breach=1 end=
CBAP_MIG t=25405000 epoch=5081 flow=27 side=new cur=8773991279 next=8852924671 tgt=8968888544 f=0.405 u=0 breach=1 end=
CBAP_MIG t=25405000 epoch=5081 flow=28 side=new cur=8773991279 next=8852924671 tgt=8968888544 f=0.405 u=0 breach=1 end=
CBAP_MIG t=25405000 epoch=5081 flow=29 side=new cur=8773991279 next=8852924671 tgt=8968888544 f=0.405 u=0 breach=1 end=
CBAP_MIG t=25405000 epoch=5081 flow=31 side=new cur=8773991279 next=8852924671 tgt=8968888544 f=0.405 u=0 breach=1 end=
CBAP_MIG t=25405000 epoch=5081 flow=32 side=new cur=8773991275 next=8852924668 tgt=8968888544 f=0.405 u=0 breach=1 end=
CBAP_MIG t=25405000 epoch=5081 flow=36 side=new cur=8773991275 next=8852924668 tgt=8968888544 f=0.405 u=0 breach=1 end=
CBAP_MIG t=25405000 epoch=5081 flow=37 side=new cur=8773991279 next=8852924671 tgt=8968888544 f=0.405 u=0 breach=1 end=
CBAP_MIG t=25405000 epoch=5081 flow=38 side=new cur=8773991279 next=8852924671 tgt=8968888544 f=0.405 u=0 breach=1 end=
CBAP_MIG t=25405000 epoch=5081 flow=39 side=new cur=8773991279 next=8852924671 tgt=8968888544 f=0.405 u=0 breach=1 end=
CBAP_MIG t=25405000 epoch=5081 flow=40 side=new cur=8773991275 next=8852924668 tgt=8968888544 f=0.405 u=0 breach=1 end=
CBAP_MIG t=25405000 epoch=5081 flow=42 side=new cur=8773991279 next=8852924671 tgt=8968888544 f=0.405 u=0 breach=1 end=
CBAP_MIG t=25405000 epoch=5081 flow=44 side=new cur=8773991279 next=8852924671 tgt=8968888544 f=0.405 u=0 breach=1 end=
CBAP_MIG t=25405000 epoch=5081 flow=45 side=new cur=8773991279 next=8852924671 tgt=8968888544 f=0.405 u=0 breach=1 end=
CBAP_MIG t=25405000 epoch=5081 flow=46 side=new cur=8773991279 next=8852924671 tgt=8968888544 f=0.405 u=0 breach=1 end=
CBAP_MIG t=25405000 epoch=5081 flow=48 side=new cur=8773991275 next=8852924668 tgt=8968888544 f=0.405 u=0 breach=1 end=
CBAP_MIG t=25405000 epoch=5081 flow=49 side=new cur=8773991279 next=8852924671 tgt=8968888544 f=0.405 u=0 breach=1 end=
CBAP_MIG t=25405000 epoch=5081 flow=50 side=new cur=8773991279 next=8852924671 tgt=8968888544 f=0.405 u=0 breach=1 end=
CBAP_MIG t=25405000 epoch=5081 flow=51 side=new cur=8773991279 next=8852924671 tgt=8968888544 f=0.405 u=0 breach=1 end=
CBAP_MIG t=25405000 epoch=5081 flow=52 side=new cur=8773991275 next=8852924668 tgt=8968888544 f=0.405 u=0 breach=1 end=
CBAP_MIG t=25405000 epoch=5081 flow=53 side=new cur=8773991279 next=8852924671 tgt=8968888544 f=0.405 u=0 breach=1 end=
CBAP_MIG t=25405000 epoch=5081 flow=55 side=new cur=8773991279 next=8852924671 tgt=8968888544 f=0.405 u=0 breach=1 end=
CBAP_MIG t=25405000 epoch=5081 flow=57 side=new cur=8773991279 next=8852924671 tgt=8968888544 f=0.405 u=0 breach=1 end=
CBAP_MIG t=25405000 epoch=5081 flow=58 side=new cur=8773991279 next=8852924671 tgt=8968888544 f=0.405 u=0 breach=1 end=
CBAP_MIG t=25405000 epoch=5081 flow=59 side=new cur=8773991279 next=8852924671 tgt=8968888544 f=0.405 u=0 breach=1 end=
CBAP_MIG t=25405000 epoch=5081 flow=61 side=new cur=8773991279 next=8852924671 tgt=8968888544 f=0.405 u=0 breach=1 end=
CBAP_MIG t=25405000 epoch=5081 flow=62 side=new cur=8773991279 next=8852924671 tgt=8968888544 f=0.405 u=0 breach=1 end=
CBAP_MIG t=25405000 epoch=5081 flow=64 side=new cur=8773991279 next=8852924671 tgt=8968888544 f=0.405 u=0 breach=1 end=
CBAP_MIG t=25410000 epoch=5082 flow=1 side=new cur=8852924671 next=8899890039 tgt=8968888544 f=0.405 u=0 breach=1 end=converged
CBAP_MIG t=25410000 epoch=5082 flow=2 side=new cur=8852924671 next=8899890039 tgt=8968888544 f=0.405 u=0 breach=1 end=converged
CBAP_MIG t=25410000 epoch=5082 flow=5 side=new cur=8852924671 next=8899890039 tgt=8968888544 f=0.405 u=0 breach=1 end=converged
CBAP_MIG t=25410000 epoch=5082 flow=7 side=new cur=8852924671 next=8899890039 tgt=8968888544 f=0.405 u=0 breach=1 end=converged
CBAP_MIG t=25410000 epoch=5082 flow=8 side=new cur=8852924671 next=8899890039 tgt=8968888544 f=0.405 u=0 breach=1 end=converged
CBAP_MIG t=25410000 epoch=5082 flow=9 side=new cur=8852924671 next=8899890039 tgt=8968888544 f=0.405 u=0 breach=1 end=converged
CBAP_MIG t=25410000 epoch=5082 flow=10 side=new cur=8852924668 next=8899890037 tgt=8968888544 f=0.405 u=0 breach=1 end=converged
CBAP_MIG t=25410000 epoch=5082 flow=12 side=new cur=8852924671 next=8899890039 tgt=8968888544 f=0.405 u=0 breach=1 end=converged
CBAP_MIG t=25410000 epoch=5082 flow=13 side=new cur=8852924671 next=8899890039 tgt=8968888544 f=0.405 u=0 breach=1 end=converged
CBAP_MIG t=25410000 epoch=5082 flow=15 side=new cur=8852924671 next=8899890039 tgt=8968888544 f=0.405 u=0 breach=1 end=converged
CBAP_MIG t=25410000 epoch=5082 flow=16 side=new cur=8852924671 next=8899890039 tgt=8968888544 f=0.405 u=0 breach=1 end=converged
CBAP_MIG t=25410000 epoch=5082 flow=17 side=new cur=8852924671 next=8899890039 tgt=8968888544 f=0.405 u=0 breach=1 end=converged
CBAP_MIG t=25410000 epoch=5082 flow=18 side=new cur=8852924671 next=8899890039 tgt=8968888544 f=0.405 u=0 breach=1 end=converged
CBAP_MIG t=25410000 epoch=5082 flow=19 side=new cur=8852924671 next=8899890039 tgt=8968888544 f=0.405 u=0 breach=1 end=converged
CBAP_MIG t=25410000 epoch=5082 flow=20 side=new cur=8852924671 next=8899890039 tgt=8968888544 f=0.405 u=0 breach=1 end=converged
CBAP_MIG t=25410000 epoch=5082 flow=21 side=new cur=8852924671 next=8899890039 tgt=8968888544 f=0.405 u=0 breach=1 end=converged
CBAP_MIG t=25410000 epoch=5082 flow=23 side=new cur=8852924671 next=8899890039 tgt=8968888544 f=0.405 u=0 breach=1 end=converged
CBAP_MIG t=25410000 epoch=5082 flow=26 side=new cur=8852924671 next=8899890039 tgt=8968888544 f=0.405 u=0 breach=1 end=converged
CBAP_MIG t=25410000 epoch=5082 flow=27 side=new cur=8852924671 next=8899890039 tgt=8968888544 f=0.405 u=0 breach=1 end=converged
CBAP_MIG t=25410000 epoch=5082 flow=28 side=new cur=8852924671 next=8899890039 tgt=8968888544 f=0.405 u=0 breach=1 end=converged
CBAP_MIG t=25410000 epoch=5082 flow=29 side=new cur=8852924671 next=8899890039 tgt=8968888544 f=0.405 u=0 breach=1 end=converged
CBAP_MIG t=25410000 epoch=5082 flow=31 side=new cur=8852924671 next=8899890039 tgt=8968888544 f=0.405 u=0 breach=1 end=converged
CBAP_MIG t=25410000 epoch=5082 flow=32 side=new cur=8852924668 next=8899890037 tgt=8968888544 f=0.405 u=0 breach=1 end=converged
CBAP_MIG t=25410000 epoch=5082 flow=36 side=new cur=8852924668 next=8899890037 tgt=8968888544 f=0.405 u=0 breach=1 end=converged
CBAP_MIG t=25410000 epoch=5082 flow=37 side=new cur=8852924671 next=8899890039 tgt=8968888544 f=0.405 u=0 breach=1 end=converged
CBAP_MIG t=25410000 epoch=5082 flow=38 side=new cur=8852924671 next=8899890039 tgt=8968888544 f=0.405 u=0 breach=1 end=converged
CBAP_MIG t=25410000 epoch=5082 flow=39 side=new cur=8852924671 next=8899890039 tgt=8968888544 f=0.405 u=0 breach=1 end=converged
CBAP_MIG t=25410000 epoch=5082 flow=40 side=new cur=8852924668 next=8899890037 tgt=8968888544 f=0.405 u=0 breach=1 end=converged
CBAP_MIG t=25410000 epoch=5082 flow=42 side=new cur=8852924671 next=8899890039 tgt=8968888544 f=0.405 u=0 breach=1 end=converged
CBAP_MIG t=25410000 epoch=5082 flow=44 side=new cur=8852924671 next=8899890039 tgt=8968888544 f=0.405 u=0 breach=1 end=converged
CBAP_MIG t=25410000 epoch=5082 flow=45 side=new cur=8852924671 next=8899890039 tgt=8968888544 f=0.405 u=0 breach=1 end=converged
CBAP_MIG t=25410000 epoch=5082 flow=46 side=new cur=8852924671 next=8899890039 tgt=8968888544 f=0.405 u=0 breach=1 end=converged
CBAP_MIG t=25410000 epoch=5082 flow=48 side=new cur=8852924668 next=8899890037 tgt=8968888544 f=0.405 u=0 breach=1 end=converged
CBAP_MIG t=25410000 epoch=5082 flow=49 side=new cur=8852924671 next=8899890039 tgt=8968888544 f=0.405 u=0 breach=1 end=converged
CBAP_MIG t=25410000 epoch=5082 flow=50 side=new cur=8852924671 next=8899890039 tgt=8968888544 f=0.405 u=0 breach=1 end=converged
CBAP_MIG t=25410000 epoch=5082 flow=51 side=new cur=8852924671 next=8899890039 tgt=8968888544 f=0.405 u=0 breach=1 end=converged
CBAP_MIG t=25410000 epoch=5082 flow=52 side=new cur=8852924668 next=8899890037 tgt=8968888544 f=0.405 u=0 breach=1 end=converged
CBAP_MIG t=25410000 epoch=5082 flow=53 side=new cur=8852924671 next=8899890039 tgt=8968888544 f=0.405 u=0 breach=1 end=converged
CBAP_MIG t=25410000 epoch=5082 flow=55 side=new cur=8852924671 next=8899890039 tgt=8968888544 f=0.405 u=0 breach=1 end=converged
CBAP_MIG t=25410000 epoch=5082 flow=57 side=new cur=8852924671 next=8899890039 tgt=8968888544 f=0.405 u=0 breach=1 end=converged
CBAP_MIG t=25410000 epoch=5082 flow=58 side=new cur=8852924671 next=8899890039 tgt=8968888544 f=0.405 u=0 breach=1 end=converged
CBAP_MIG t=25410000 epoch=5082 flow=59 side=new cur=8852924671 next=8899890039 tgt=8968888544 f=0.405 u=0 breach=1 end=converged
CBAP_MIG t=25410000 epoch=5082 flow=61 side=new cur=8852924671 next=8899890039 tgt=8968888544 f=0.405 u=0 breach=1 end=converged
CBAP_MIG t=25410000 epoch=5082 flow=62 side=new cur=8852924671 next=8899890039 tgt=8968888544 f=0.405 u=0 breach=1 end=converged
CBAP_MIG t=25410000 epoch=5082 flow=64 side=new cur=8852924671 next=8899890039 tgt=8968888544 f=0.405 u=0 breach=1 end=converged
CBAP_MIG_REPLAN t=25420000 reason=active_set_shrank flow=0 batch=0 newest_batch=1 cur=4000108500 target=4000000000 ceiling=320000000000 old_side_present=1
CBAP_MIG_REPLAN t=25420000 reason=active_set_shrank flow=1 batch=1 newest_batch=1 cur=8899890039 target=9172727026 ceiling=400000000000 old_side_present=1
CBAP_MIG_REPLAN t=25420000 reason=active_set_shrank flow=2 batch=1 newest_batch=1 cur=8899890039 target=9172727026 ceiling=400000000000 old_side_present=1
CBAP_MIG_REPLAN t=25420000 reason=active_set_shrank flow=5 batch=1 newest_batch=1 cur=8899890039 target=9172727026 ceiling=400000000000 old_side_present=1
CBAP_MIG_REPLAN t=25420000 reason=active_set_shrank flow=7 batch=1 newest_batch=1 cur=8899890039 target=9172727026 ceiling=400000000000 old_side_present=1
CBAP_MIG_REPLAN t=25420000 reason=active_set_shrank flow=8 batch=1 newest_batch=1 cur=8899890039 target=9172727026 ceiling=400000000000 old_side_present=1
CBAP_MIG_REPLAN t=25420000 reason=active_set_shrank flow=9 batch=1 newest_batch=1 cur=8899890039 target=9172727026 ceiling=400000000000 old_side_present=1
CBAP_MIG_REPLAN t=25420000 reason=active_set_shrank flow=10 batch=1 newest_batch=1 cur=8899890037 target=9172727026 ceiling=400000000000 old_side_present=1
CBAP_MIG_REPLAN t=25420000 reason=active_set_shrank flow=12 batch=1 newest_batch=1 cur=8899890039 target=9172727026 ceiling=400000000000 old_side_present=1
CBAP_MIG_REPLAN t=25420000 reason=active_set_shrank flow=13 batch=1 newest_batch=1 cur=8899890039 target=9172727026 ceiling=400000000000 old_side_present=1
CBAP_MIG_REPLAN t=25420000 reason=active_set_shrank flow=15 batch=1 newest_batch=1 cur=8899890039 target=9172727026 ceiling=400000000000 old_side_present=1
CBAP_MIG_REPLAN t=25420000 reason=active_set_shrank flow=16 batch=1 newest_batch=1 cur=8899890039 target=9172727026 ceiling=400000000000 old_side_present=1
CBAP_MIG_REPLAN t=25420000 reason=active_set_shrank flow=17 batch=1 newest_batch=1 cur=8899890039 target=9172727026 ceiling=400000000000 old_side_present=1
CBAP_MIG_REPLAN t=25420000 reason=active_set_shrank flow=18 batch=1 newest_batch=1 cur=8899890039 target=9172727026 ceiling=400000000000 old_side_present=1
CBAP_MIG_REPLAN t=25420000 reason=active_set_shrank flow=19 batch=1 newest_batch=1 cur=8899890039 target=9172727026 ceiling=400000000000 old_side_present=1
CBAP_MIG_REPLAN t=25420000 reason=active_set_shrank flow=20 batch=1 newest_batch=1 cur=8899890039 target=9172727026 ceiling=400000000000 old_side_present=1
CBAP_MIG_REPLAN t=25420000 reason=active_set_shrank flow=21 batch=1 newest_batch=1 cur=8899890039 target=9172727026 ceiling=400000000000 old_side_present=1
CBAP_MIG_REPLAN t=25420000 reason=active_set_shrank flow=23 batch=1 newest_batch=1 cur=8899890039 target=9172727026 ceiling=400000000000 old_side_present=1
CBAP_MIG_REPLAN t=25420000 reason=active_set_shrank flow=26 batch=1 newest_batch=1 cur=8899890039 target=9172727026 ceiling=400000000000 old_side_present=1
CBAP_MIG_REPLAN t=25420000 reason=active_set_shrank flow=27 batch=1 newest_batch=1 cur=8899890039 target=9172727026 ceiling=400000000000 old_side_present=1
CBAP_MIG_REPLAN t=25420000 reason=active_set_shrank flow=28 batch=1 newest_batch=1 cur=8899890039 target=9172727026 ceiling=400000000000 old_side_present=1
CBAP_MIG_REPLAN t=25420000 reason=active_set_shrank flow=29 batch=1 newest_batch=1 cur=8899890039 target=9172727026 ceiling=400000000000 old_side_present=1
CBAP_MIG_REPLAN t=25420000 reason=active_set_shrank flow=31 batch=1 newest_batch=1 cur=8899890039 target=9172727026 ceiling=400000000000 old_side_present=1
CBAP_MIG_REPLAN t=25420000 reason=active_set_shrank flow=32 batch=1 newest_batch=1 cur=8899890037 target=9172727026 ceiling=400000000000 old_side_present=1
CBAP_MIG_REPLAN t=25420000 reason=active_set_shrank flow=37 batch=1 newest_batch=1 cur=8899890039 target=9172727026 ceiling=400000000000 old_side_present=1
CBAP_MIG_REPLAN t=25420000 reason=active_set_shrank flow=38 batch=1 newest_batch=1 cur=8899890039 target=9172727026 ceiling=400000000000 old_side_present=1
CBAP_MIG_REPLAN t=25420000 reason=active_set_shrank flow=39 batch=1 newest_batch=1 cur=8899890039 target=9172727026 ceiling=400000000000 old_side_present=1
CBAP_MIG_REPLAN t=25420000 reason=active_set_shrank flow=40 batch=1 newest_batch=1 cur=8899890037 target=9172727026 ceiling=400000000000 old_side_present=1
CBAP_MIG_REPLAN t=25420000 reason=active_set_shrank flow=42 batch=1 newest_batch=1 cur=8899890039 target=9172727026 ceiling=400000000000 old_side_present=1
CBAP_MIG_REPLAN t=25420000 reason=active_set_shrank flow=44 batch=1 newest_batch=1 cur=8899890039 target=9172727026 ceiling=400000000000 old_side_present=1
CBAP_MIG_REPLAN t=25420000 reason=active_set_shrank flow=45 batch=1 newest_batch=1 cur=8899890039 target=9172727026 ceiling=400000000000 old_side_present=1
CBAP_MIG_REPLAN t=25420000 reason=active_set_shrank flow=46 batch=1 newest_batch=1 cur=8899890039 target=9172727026 ceiling=400000000000 old_side_present=1
CBAP_MIG_REPLAN t=25420000 reason=active_set_shrank flow=48 batch=1 newest_batch=1 cur=8899890037 target=9172727026 ceiling=400000000000 old_side_present=1
CBAP_MIG_REPLAN t=25420000 reason=active_set_shrank flow=49 batch=1 newest_batch=1 cur=8899890039 target=9172727026 ceiling=400000000000 old_side_present=1
CBAP_MIG_REPLAN t=25420000 reason=active_set_shrank flow=50 batch=1 newest_batch=1 cur=8899890039 target=9172727026 ceiling=400000000000 old_side_present=1
CBAP_MIG_REPLAN t=25420000 reason=active_set_shrank flow=51 batch=1 newest_batch=1 cur=8899890039 target=9172727026 ceiling=400000000000 old_side_present=1
CBAP_MIG_REPLAN t=25420000 reason=active_set_shrank flow=52 batch=1 newest_batch=1 cur=8899890037 target=9172727026 ceiling=400000000000 old_side_present=1
CBAP_MIG_REPLAN t=25420000 reason=active_set_shrank flow=53 batch=1 newest_batch=1 cur=8899890039 target=9172727026 ceiling=400000000000 old_side_present=1
CBAP_MIG_REPLAN t=25420000 reason=active_set_shrank flow=55 batch=1 newest_batch=1 cur=8899890039 target=9172727026 ceiling=400000000000 old_side_present=1
CBAP_MIG_REPLAN t=25420000 reason=active_set_shrank flow=57 batch=1 newest_batch=1 cur=8899890039 target=9172727026 ceiling=400000000000 old_side_present=1
CBAP_MIG_REPLAN t=25420000 reason=active_set_shrank flow=58 batch=1 newest_batch=1 cur=8899890039 target=9172727026 ceiling=400000000000 old_side_present=1
CBAP_MIG_REPLAN t=25420000 reason=active_set_shrank flow=59 batch=1 newest_batch=1 cur=8899890039 target=9172727026 ceiling=400000000000 old_side_present=1
CBAP_MIG_REPLAN t=25420000 reason=active_set_shrank flow=61 batch=1 newest_batch=1 cur=8899890039 target=9172727026 ceiling=400000000000 old_side_present=1
CBAP_MIG_REPLAN t=25420000 reason=active_set_shrank flow=62 batch=1 newest_batch=1 cur=8899890039 target=9172727026 ceiling=400000000000 old_side_present=1
CBAP_MIG_REPLAN t=25420000 reason=active_set_shrank flow=64 batch=1 newest_batch=1 cur=8899890039 target=9172727026 ceiling=400000000000 old_side_present=1
CBAP_MIG t=25420000 epoch=5084 flow=0 side=old cur=4000108500 next=4000075950 tgt=4000000000 f=0.3 u=0 breach=0 end=converged
CBAP_MIG t=25420000 epoch=5084 flow=1 side=new cur=8899890039 next=9010389018 tgt=9172727026 f=0.405 u=0 breach=1 end=
CBAP_MIG t=25420000 epoch=5084 flow=2 side=new cur=8899890039 next=9010389018 tgt=9172727026 f=0.405 u=0 breach=1 end=
CBAP_MIG t=25420000 epoch=5084 flow=5 side=new cur=8899890039 next=9010389018 tgt=9172727026 f=0.405 u=0 breach=1 end=
CBAP_MIG t=25420000 epoch=5084 flow=7 side=new cur=8899890039 next=9010389018 tgt=9172727026 f=0.405 u=0 breach=1 end=
CBAP_MIG t=25420000 epoch=5084 flow=8 side=new cur=8899890039 next=9010389018 tgt=9172727026 f=0.405 u=0 breach=1 end=
CBAP_MIG t=25420000 epoch=5084 flow=9 side=new cur=8899890039 next=9010389018 tgt=9172727026 f=0.405 u=0 breach=1 end=
CBAP_MIG t=25420000 epoch=5084 flow=10 side=new cur=8899890037 next=9010389017 tgt=9172727026 f=0.405 u=0 breach=1 end=
CBAP_MIG t=25420000 epoch=5084 flow=12 side=new cur=8899890039 next=9010389018 tgt=9172727026 f=0.405 u=0 breach=1 end=
CBAP_MIG t=25420000 epoch=5084 flow=13 side=new cur=8899890039 next=9010389018 tgt=9172727026 f=0.405 u=0 breach=1 end=
CBAP_MIG t=25420000 epoch=5084 flow=15 side=new cur=8899890039 next=9010389018 tgt=9172727026 f=0.405 u=0 breach=1 end=
CBAP_MIG t=25420000 epoch=5084 flow=16 side=new cur=8899890039 next=9010389018 tgt=9172727026 f=0.405 u=0 breach=1 end=
CBAP_MIG t=25420000 epoch=5084 flow=17 side=new cur=8899890039 next=9010389018 tgt=9172727026 f=0.405 u=0 breach=1 end=
CBAP_MIG t=25420000 epoch=5084 flow=18 side=new cur=8899890039 next=9010389018 tgt=9172727026 f=0.405 u=0 breach=1 end=
CBAP_MIG t=25420000 epoch=5084 flow=19 side=new cur=8899890039 next=9010389018 tgt=9172727026 f=0.405 u=0 breach=1 end=
CBAP_MIG t=25420000 epoch=5084 flow=20 side=new cur=8899890039 next=9010389018 tgt=9172727026 f=0.405 u=0 breach=1 end=
CBAP_MIG t=25420000 epoch=5084 flow=21 side=new cur=8899890039 next=9010389018 tgt=9172727026 f=0.405 u=0 breach=1 end=
CBAP_MIG t=25420000 epoch=5084 flow=23 side=new cur=8899890039 next=9010389018 tgt=9172727026 f=0.405 u=0 breach=1 end=
CBAP_MIG t=25420000 epoch=5084 flow=26 side=new cur=8899890039 next=9010389018 tgt=9172727026 f=0.405 u=0 breach=1 end=
CBAP_MIG t=25420000 epoch=5084 flow=27 side=new cur=8899890039 next=9010389018 tgt=9172727026 f=0.405 u=0 breach=1 end=
CBAP_MIG t=25420000 epoch=5084 flow=28 side=new cur=8899890039 next=9010389018 tgt=9172727026 f=0.405 u=0 breach=1 end=
CBAP_MIG t=25420000 epoch=5084 flow=29 side=new cur=8899890039 next=9010389018 tgt=9172727026 f=0.405 u=0 breach=1 end=
CBAP_MIG t=25420000 epoch=5084 flow=31 side=new cur=8899890039 next=9010389018 tgt=9172727026 f=0.405 u=0 breach=1 end=
CBAP_MIG t=25420000 epoch=5084 flow=32 side=new cur=8899890037 next=9010389017 tgt=9172727026 f=0.405 u=0 breach=1 end=
CBAP_MIG t=25420000 epoch=5084 flow=37 side=new cur=8899890039 next=9010389018 tgt=9172727026 f=0.405 u=0 breach=1 end=
CBAP_MIG t=25420000 epoch=5084 flow=38 side=new cur=8899890039 next=9010389018 tgt=9172727026 f=0.405 u=0 breach=1 end=
CBAP_MIG t=25420000 epoch=5084 flow=39 side=new cur=8899890039 next=9010389018 tgt=9172727026 f=0.405 u=0 breach=1 end=
CBAP_MIG t=25420000 epoch=5084 flow=40 side=new cur=8899890037 next=9010389017 tgt=9172727026 f=0.405 u=0 breach=1 end=
CBAP_MIG t=25420000 epoch=5084 flow=42 side=new cur=8899890039 next=9010389018 tgt=9172727026 f=0.405 u=0 breach=1 end=
CBAP_MIG t=25420000 epoch=5084 flow=44 side=new cur=8899890039 next=9010389018 tgt=9172727026 f=0.405 u=0 breach=1 end=
CBAP_MIG t=25420000 epoch=5084 flow=45 side=new cur=8899890039 next=9010389018 tgt=9172727026 f=0.405 u=0 breach=1 end=
CBAP_MIG t=25420000 epoch=5084 flow=46 side=new cur=8899890039 next=9010389018 tgt=9172727026 f=0.405 u=0 breach=1 end=
CBAP_MIG t=25420000 epoch=5084 flow=48 side=new cur=8899890037 next=9010389017 tgt=9172727026 f=0.405 u=0 breach=1 end=
CBAP_MIG t=25420000 epoch=5084 flow=49 side=new cur=8899890039 next=9010389018 tgt=9172727026 f=0.405 u=0 breach=1 end=
CBAP_MIG t=25420000 epoch=5084 flow=50 side=new cur=8899890039 next=9010389018 tgt=9172727026 f=0.405 u=0 breach=1 end=
CBAP_MIG t=25420000 epoch=5084 flow=51 side=new cur=8899890039 next=9010389018 tgt=9172727026 f=0.405 u=0 breach=1 end=
CBAP_MIG t=25420000 epoch=5084 flow=52 side=new cur=8899890037 next=9010389017 tgt=9172727026 f=0.405 u=0 breach=1 end=
CBAP_MIG t=25420000 epoch=5084 flow=53 side=new cur=8899890039 next=9010389018 tgt=9172727026 f=0.405 u=0 breach=1 end=
CBAP_MIG t=25420000 epoch=5084 flow=55 side=new cur=8899890039 next=9010389018 tgt=9172727026 f=0.405 u=0 breach=1 end=
CBAP_MIG t=25420000 epoch=5084 flow=57 side=new cur=8899890039 next=9010389018 tgt=9172727026 f=0.405 u=0 breach=1 end=
CBAP_MIG t=25420000 epoch=5084 flow=58 side=new cur=8899890039 next=9010389018 tgt=9172727026 f=0.405 u=0 breach=1 end=
CBAP_MIG t=25420000 epoch=5084 flow=59 side=new cur=8899890039 next=9010389018 tgt=9172727026 f=0.405 u=0 breach=1 end=
CBAP_MIG t=25420000 epoch=5084 flow=61 side=new cur=8899890039 next=9010389018 tgt=9172727026 f=0.405 u=0 breach=1 end=
CBAP_MIG t=25420000 epoch=5084 flow=62 side=new cur=8899890039 next=9010389018 tgt=9172727026 f=0.405 u=0 breach=1 end=
CBAP_MIG t=25420000 epoch=5084 flow=64 side=new cur=8899890039 next=9010389018 tgt=9172727026 f=0.405 u=0 breach=1 end=
CBAP_MIG t=25425000 epoch=5085 flow=1 side=new cur=9010389018 next=9076135911 tgt=9172727026 f=0.405 u=0 breach=1 end=
CBAP_MIG t=25425000 epoch=5085 flow=2 side=new cur=9010389018 next=9076135911 tgt=9172727026 f=0.405 u=0 breach=1 end=
CBAP_MIG t=25425000 epoch=5085 flow=5 side=new cur=9010389018 next=9076135911 tgt=9172727026 f=0.405 u=0 breach=1 end=
CBAP_MIG t=25425000 epoch=5085 flow=7 side=new cur=9010389018 next=9076135911 tgt=9172727026 f=0.405 u=0 breach=1 end=
CBAP_MIG t=25425000 epoch=5085 flow=8 side=new cur=9010389018 next=9076135911 tgt=9172727026 f=0.405 u=0 breach=1 end=
CBAP_MIG t=25425000 epoch=5085 flow=9 side=new cur=9010389018 next=9076135911 tgt=9172727026 f=0.405 u=0 breach=1 end=
CBAP_MIG t=25425000 epoch=5085 flow=10 side=new cur=9010389017 next=9076135910 tgt=9172727026 f=0.405 u=0 breach=1 end=
CBAP_MIG t=25425000 epoch=5085 flow=12 side=new cur=9010389018 next=9076135911 tgt=9172727026 f=0.405 u=0 breach=1 end=
CBAP_MIG t=25425000 epoch=5085 flow=13 side=new cur=9010389018 next=9076135911 tgt=9172727026 f=0.405 u=0 breach=1 end=
CBAP_MIG t=25425000 epoch=5085 flow=15 side=new cur=9010389018 next=9076135911 tgt=9172727026 f=0.405 u=0 breach=1 end=
CBAP_MIG t=25425000 epoch=5085 flow=16 side=new cur=9010389018 next=9076135911 tgt=9172727026 f=0.405 u=0 breach=1 end=
CBAP_MIG t=25425000 epoch=5085 flow=17 side=new cur=9010389018 next=9076135911 tgt=9172727026 f=0.405 u=0 breach=1 end=
CBAP_MIG t=25425000 epoch=5085 flow=18 side=new cur=9010389018 next=9076135911 tgt=9172727026 f=0.405 u=0 breach=1 end=
CBAP_MIG t=25425000 epoch=5085 flow=19 side=new cur=9010389018 next=9076135911 tgt=9172727026 f=0.405 u=0 breach=1 end=
CBAP_MIG t=25425000 epoch=5085 flow=20 side=new cur=9010389018 next=9076135911 tgt=9172727026 f=0.405 u=0 breach=1 end=
CBAP_MIG t=25425000 epoch=5085 flow=21 side=new cur=9010389018 next=9076135911 tgt=9172727026 f=0.405 u=0 breach=1 end=
CBAP_MIG t=25425000 epoch=5085 flow=23 side=new cur=9010389018 next=9076135911 tgt=9172727026 f=0.405 u=0 breach=1 end=
CBAP_MIG t=25425000 epoch=5085 flow=26 side=new cur=9010389018 next=9076135911 tgt=9172727026 f=0.405 u=0 breach=1 end=
CBAP_MIG t=25425000 epoch=5085 flow=27 side=new cur=9010389018 next=9076135911 tgt=9172727026 f=0.405 u=0 breach=1 end=
CBAP_MIG t=25425000 epoch=5085 flow=28 side=new cur=9010389018 next=9076135911 tgt=9172727026 f=0.405 u=0 breach=1 end=
CBAP_MIG t=25425000 epoch=5085 flow=29 side=new cur=9010389018 next=9076135911 tgt=9172727026 f=0.405 u=0 breach=1 end=
CBAP_MIG t=25425000 epoch=5085 flow=31 side=new cur=9010389018 next=9076135911 tgt=9172727026 f=0.405 u=0 breach=1 end=
CBAP_MIG t=25425000 epoch=5085 flow=32 side=new cur=9010389017 next=9076135910 tgt=9172727026 f=0.405 u=0 breach=1 end=
CBAP_MIG t=25425000 epoch=5085 flow=37 side=new cur=9010389018 next=9076135911 tgt=9172727026 f=0.405 u=0 breach=1 end=
CBAP_MIG t=25425000 epoch=5085 flow=38 side=new cur=9010389018 next=9076135911 tgt=9172727026 f=0.405 u=0 breach=1 end=
CBAP_MIG t=25425000 epoch=5085 flow=39 side=new cur=9010389018 next=9076135911 tgt=9172727026 f=0.405 u=0 breach=1 end=
CBAP_MIG t=25425000 epoch=5085 flow=40 side=new cur=9010389017 next=9076135910 tgt=9172727026 f=0.405 u=0 breach=1 end=
CBAP_MIG t=25425000 epoch=5085 flow=42 side=new cur=9010389018 next=9076135911 tgt=9172727026 f=0.405 u=0 breach=1 end=
CBAP_MIG t=25425000 epoch=5085 flow=44 side=new cur=9010389018 next=9076135911 tgt=9172727026 f=0.405 u=0 breach=1 end=
CBAP_MIG t=25425000 epoch=5085 flow=45 side=new cur=9010389018 next=9076135911 tgt=9172727026 f=0.405 u=0 breach=1 end=
CBAP_MIG t=25425000 epoch=5085 flow=46 side=new cur=9010389018 next=9076135911 tgt=9172727026 f=0.405 u=0 breach=1 end=
CBAP_MIG t=25425000 epoch=5085 flow=48 side=new cur=9010389017 next=9076135910 tgt=9172727026 f=0.405 u=0 breach=1 end=
CBAP_MIG t=25425000 epoch=5085 flow=49 side=new cur=9010389018 next=9076135911 tgt=9172727026 f=0.405 u=0 breach=1 end=
CBAP_MIG t=25425000 epoch=5085 flow=50 side=new cur=9010389018 next=9076135911 tgt=9172727026 f=0.405 u=0 breach=1 end=
CBAP_MIG t=25425000 epoch=5085 flow=51 side=new cur=9010389018 next=9076135911 tgt=9172727026 f=0.405 u=0 breach=1 end=
CBAP_MIG t=25425000 epoch=5085 flow=52 side=new cur=9010389017 next=9076135910 tgt=9172727026 f=0.405 u=0 breach=1 end=
CBAP_MIG t=25425000 epoch=5085 flow=53 side=new cur=9010389018 next=9076135911 tgt=9172727026 f=0.405 u=0 breach=1 end=
CBAP_MIG t=25425000 epoch=5085 flow=55 side=new cur=9010389018 next=9076135911 tgt=9172727026 f=0.405 u=0 breach=1 end=
CBAP_MIG t=25425000 epoch=5085 flow=57 side=new cur=9010389018 next=9076135911 tgt=9172727026 f=0.405 u=0 breach=1 end=
CBAP_MIG t=25425000 epoch=5085 flow=58 side=new cur=9010389018 next=9076135911 tgt=9172727026 f=0.405 u=0 breach=1 end=
CBAP_MIG t=25425000 epoch=5085 flow=59 side=new cur=9010389018 next=9076135911 tgt=9172727026 f=0.405 u=0 breach=1 end=
CBAP_MIG t=25425000 epoch=5085 flow=61 side=new cur=9010389018 next=9076135911 tgt=9172727026 f=0.405 u=0 breach=1 end=
CBAP_MIG t=25425000 epoch=5085 flow=62 side=new cur=9010389018 next=9076135911 tgt=9172727026 f=0.405 u=0 breach=1 end=
CBAP_MIG t=25425000 epoch=5085 flow=64 side=new cur=9010389018 next=9076135911 tgt=9172727026 f=0.405 u=0 breach=1 end=
CBAP_MIG t=25430000 epoch=5086 flow=1 side=new cur=9076135911 next=9115255312 tgt=9172727026 f=0.405 u=0 breach=1 end=converged
CBAP_MIG t=25430000 epoch=5086 flow=2 side=new cur=9076135911 next=9115255312 tgt=9172727026 f=0.405 u=0 breach=1 end=converged
CBAP_MIG t=25430000 epoch=5086 flow=5 side=new cur=9076135911 next=9115255312 tgt=9172727026 f=0.405 u=0 breach=1 end=converged
CBAP_MIG t=25430000 epoch=5086 flow=7 side=new cur=9076135911 next=9115255312 tgt=9172727026 f=0.405 u=0 breach=1 end=converged
CBAP_MIG t=25430000 epoch=5086 flow=8 side=new cur=9076135911 next=9115255312 tgt=9172727026 f=0.405 u=0 breach=1 end=converged
CBAP_MIG t=25430000 epoch=5086 flow=9 side=new cur=9076135911 next=9115255312 tgt=9172727026 f=0.405 u=0 breach=1 end=converged
CBAP_MIG t=25430000 epoch=5086 flow=10 side=new cur=9076135910 next=9115255311 tgt=9172727026 f=0.405 u=0 breach=1 end=converged
CBAP_MIG t=25430000 epoch=5086 flow=12 side=new cur=9076135911 next=9115255312 tgt=9172727026 f=0.405 u=0 breach=1 end=converged
CBAP_MIG t=25430000 epoch=5086 flow=13 side=new cur=9076135911 next=9115255312 tgt=9172727026 f=0.405 u=0 breach=1 end=converged
CBAP_MIG t=25430000 epoch=5086 flow=15 side=new cur=9076135911 next=9115255312 tgt=9172727026 f=0.405 u=0 breach=1 end=converged
CBAP_MIG t=25430000 epoch=5086 flow=16 side=new cur=9076135911 next=9115255312 tgt=9172727026 f=0.405 u=0 breach=1 end=converged
CBAP_MIG t=25430000 epoch=5086 flow=17 side=new cur=9076135911 next=9115255312 tgt=9172727026 f=0.405 u=0 breach=1 end=converged
CBAP_MIG t=25430000 epoch=5086 flow=18 side=new cur=9076135911 next=9115255312 tgt=9172727026 f=0.405 u=0 breach=1 end=converged
CBAP_MIG t=25430000 epoch=5086 flow=19 side=new cur=9076135911 next=9115255312 tgt=9172727026 f=0.405 u=0 breach=1 end=converged
CBAP_MIG t=25430000 epoch=5086 flow=20 side=new cur=9076135911 next=9115255312 tgt=9172727026 f=0.405 u=0 breach=1 end=converged
CBAP_MIG t=25430000 epoch=5086 flow=21 side=new cur=9076135911 next=9115255312 tgt=9172727026 f=0.405 u=0 breach=1 end=converged
CBAP_MIG t=25430000 epoch=5086 flow=23 side=new cur=9076135911 next=9115255312 tgt=9172727026 f=0.405 u=0 breach=1 end=converged
CBAP_MIG t=25430000 epoch=5086 flow=26 side=new cur=9076135911 next=9115255312 tgt=9172727026 f=0.405 u=0 breach=1 end=converged
CBAP_MIG t=25430000 epoch=5086 flow=27 side=new cur=9076135911 next=9115255312 tgt=9172727026 f=0.405 u=0 breach=1 end=converged
CBAP_MIG t=25430000 epoch=5086 flow=28 side=new cur=9076135911 next=9115255312 tgt=9172727026 f=0.405 u=0 breach=1 end=converged
CBAP_MIG t=25430000 epoch=5086 flow=29 side=new cur=9076135911 next=9115255312 tgt=9172727026 f=0.405 u=0 breach=1 end=converged
CBAP_MIG t=25430000 epoch=5086 flow=31 side=new cur=9076135911 next=9115255312 tgt=9172727026 f=0.405 u=0 breach=1 end=converged
CBAP_MIG t=25430000 epoch=5086 flow=32 side=new cur=9076135910 next=9115255311 tgt=9172727026 f=0.405 u=0 breach=1 end=converged
CBAP_MIG t=25430000 epoch=5086 flow=37 side=new cur=9076135911 next=9115255312 tgt=9172727026 f=0.405 u=0 breach=1 end=converged
CBAP_MIG t=25430000 epoch=5086 flow=38 side=new cur=9076135911 next=9115255312 tgt=9172727026 f=0.405 u=0 breach=1 end=converged
CBAP_MIG t=25430000 epoch=5086 flow=39 side=new cur=9076135911 next=9115255312 tgt=9172727026 f=0.405 u=0 breach=1 end=converged
CBAP_MIG t=25430000 epoch=5086 flow=40 side=new cur=9076135910 next=9115255311 tgt=9172727026 f=0.405 u=0 breach=1 end=converged
CBAP_MIG t=25430000 epoch=5086 flow=42 side=new cur=9076135911 next=9115255312 tgt=9172727026 f=0.405 u=0 breach=1 end=converged
CBAP_MIG t=25430000 epoch=5086 flow=44 side=new cur=9076135911 next=9115255312 tgt=9172727026 f=0.405 u=0 breach=1 end=converged
CBAP_MIG t=25430000 epoch=5086 flow=45 side=new cur=9076135911 next=9115255312 tgt=9172727026 f=0.405 u=0 breach=1 end=converged
CBAP_MIG t=25430000 epoch=5086 flow=46 side=new cur=9076135911 next=9115255312 tgt=9172727026 f=0.405 u=0 breach=1 end=converged
CBAP_MIG t=25430000 epoch=5086 flow=48 side=new cur=9076135910 next=9115255311 tgt=9172727026 f=0.405 u=0 breach=1 end=converged
CBAP_MIG t=25430000 epoch=5086 flow=49 side=new cur=9076135911 next=9115255312 tgt=9172727026 f=0.405 u=0 breach=1 end=converged
CBAP_MIG t=25430000 epoch=5086 flow=50 side=new cur=9076135911 next=9115255312 tgt=9172727026 f=0.405 u=0 breach=1 end=converged
CBAP_MIG t=25430000 epoch=5086 flow=51 side=new cur=9076135911 next=9115255312 tgt=9172727026 f=0.405 u=0 breach=1 end=converged
CBAP_MIG t=25430000 epoch=5086 flow=52 side=new cur=9076135910 next=9115255311 tgt=9172727026 f=0.405 u=0 breach=1 end=converged
CBAP_MIG t=25430000 epoch=5086 flow=53 side=new cur=9076135911 next=9115255312 tgt=9172727026 f=0.405 u=0 breach=1 end=converged
CBAP_MIG t=25430000 epoch=5086 flow=55 side=new cur=9076135911 next=9115255312 tgt=9172727026 f=0.405 u=0 breach=1 end=converged
CBAP_MIG t=25430000 epoch=5086 flow=57 side=new cur=9076135911 next=9115255312 tgt=9172727026 f=0.405 u=0 breach=1 end=converged
CBAP_MIG t=25430000 epoch=5086 flow=58 side=new cur=9076135911 next=9115255312 tgt=9172727026 f=0.405 u=0 breach=1 end=converged
CBAP_MIG t=25430000 epoch=5086 flow=59 side=new cur=9076135911 next=9115255312 tgt=9172727026 f=0.405 u=0 breach=1 end=converged
CBAP_MIG t=25430000 epoch=5086 flow=61 side=new cur=9076135911 next=9115255312 tgt=9172727026 f=0.405 u=0 breach=1 end=converged
CBAP_MIG t=25430000 epoch=5086 flow=62 side=new cur=9076135911 next=9115255312 tgt=9172727026 f=0.405 u=0 breach=1 end=converged
CBAP_MIG t=25430000 epoch=5086 flow=64 side=new cur=9076135911 next=9115255312 tgt=9172727026 f=0.405 u=0 breach=1 end=converged
CBAP_MIG_REPLAN t=25435000 reason=active_set_shrank flow=0 batch=0 newest_batch=1 cur=4000075950 target=4000000000 ceiling=320000000000 old_side_present=1
CBAP_MIG_REPLAN t=25435000 reason=active_set_shrank flow=1 batch=1 newest_batch=1 cur=9115255312 target=9293023079 ceiling=400000000000 old_side_present=1
CBAP_MIG_REPLAN t=25435000 reason=active_set_shrank flow=2 batch=1 newest_batch=1 cur=9115255312 target=9293023079 ceiling=400000000000 old_side_present=1
CBAP_MIG_REPLAN t=25435000 reason=active_set_shrank flow=5 batch=1 newest_batch=1 cur=9115255312 target=9293023079 ceiling=400000000000 old_side_present=1
CBAP_MIG_REPLAN t=25435000 reason=active_set_shrank flow=7 batch=1 newest_batch=1 cur=9115255312 target=9293023079 ceiling=400000000000 old_side_present=1
CBAP_MIG_REPLAN t=25435000 reason=active_set_shrank flow=8 batch=1 newest_batch=1 cur=9115255312 target=9293023079 ceiling=400000000000 old_side_present=1
CBAP_MIG_REPLAN t=25435000 reason=active_set_shrank flow=9 batch=1 newest_batch=1 cur=9115255312 target=9293023079 ceiling=400000000000 old_side_present=1
CBAP_MIG_REPLAN t=25435000 reason=active_set_shrank flow=10 batch=1 newest_batch=1 cur=9115255311 target=9293023079 ceiling=400000000000 old_side_present=1
CBAP_MIG_REPLAN t=25435000 reason=active_set_shrank flow=12 batch=1 newest_batch=1 cur=9115255312 target=9293023079 ceiling=400000000000 old_side_present=1
CBAP_MIG_REPLAN t=25435000 reason=active_set_shrank flow=13 batch=1 newest_batch=1 cur=9115255312 target=9293023079 ceiling=400000000000 old_side_present=1
CBAP_MIG_REPLAN t=25435000 reason=active_set_shrank flow=15 batch=1 newest_batch=1 cur=9115255312 target=9293023079 ceiling=400000000000 old_side_present=1
CBAP_MIG_REPLAN t=25435000 reason=active_set_shrank flow=16 batch=1 newest_batch=1 cur=9115255312 target=9293023079 ceiling=400000000000 old_side_present=1
CBAP_MIG_REPLAN t=25435000 reason=active_set_shrank flow=17 batch=1 newest_batch=1 cur=9115255312 target=9293023079 ceiling=400000000000 old_side_present=1
CBAP_MIG_REPLAN t=25435000 reason=active_set_shrank flow=18 batch=1 newest_batch=1 cur=9115255312 target=9293023079 ceiling=400000000000 old_side_present=1
CBAP_MIG_REPLAN t=25435000 reason=active_set_shrank flow=19 batch=1 newest_batch=1 cur=9115255312 target=9293023079 ceiling=400000000000 old_side_present=1
CBAP_MIG_REPLAN t=25435000 reason=active_set_shrank flow=20 batch=1 newest_batch=1 cur=9115255312 target=9293023079 ceiling=400000000000 old_side_present=1
CBAP_MIG_REPLAN t=25435000 reason=active_set_shrank flow=21 batch=1 newest_batch=1 cur=9115255312 target=9293023079 ceiling=400000000000 old_side_present=1
CBAP_MIG_REPLAN t=25435000 reason=active_set_shrank flow=23 batch=1 newest_batch=1 cur=9115255312 target=9293023079 ceiling=400000000000 old_side_present=1
CBAP_MIG_REPLAN t=25435000 reason=active_set_shrank flow=26 batch=1 newest_batch=1 cur=9115255312 target=9293023079 ceiling=400000000000 old_side_present=1
CBAP_MIG_REPLAN t=25435000 reason=active_set_shrank flow=27 batch=1 newest_batch=1 cur=9115255312 target=9293023079 ceiling=400000000000 old_side_present=1
CBAP_MIG_REPLAN t=25435000 reason=active_set_shrank flow=28 batch=1 newest_batch=1 cur=9115255312 target=9293023079 ceiling=400000000000 old_side_present=1
CBAP_MIG_REPLAN t=25435000 reason=active_set_shrank flow=29 batch=1 newest_batch=1 cur=9115255312 target=9293023079 ceiling=400000000000 old_side_present=1
CBAP_MIG_REPLAN t=25435000 reason=active_set_shrank flow=31 batch=1 newest_batch=1 cur=9115255312 target=9293023079 ceiling=400000000000 old_side_present=1
CBAP_MIG_REPLAN t=25435000 reason=active_set_shrank flow=32 batch=1 newest_batch=1 cur=9115255311 target=9293023079 ceiling=400000000000 old_side_present=1
CBAP_MIG_REPLAN t=25435000 reason=active_set_shrank flow=37 batch=1 newest_batch=1 cur=9115255312 target=9293023079 ceiling=400000000000 old_side_present=1
CBAP_MIG_REPLAN t=25435000 reason=active_set_shrank flow=38 batch=1 newest_batch=1 cur=9115255312 target=9293023079 ceiling=400000000000 old_side_present=1
CBAP_MIG_REPLAN t=25435000 reason=active_set_shrank flow=39 batch=1 newest_batch=1 cur=9115255312 target=9293023079 ceiling=400000000000 old_side_present=1
CBAP_MIG_REPLAN t=25435000 reason=active_set_shrank flow=40 batch=1 newest_batch=1 cur=9115255311 target=9293023079 ceiling=400000000000 old_side_present=1
CBAP_MIG_REPLAN t=25435000 reason=active_set_shrank flow=42 batch=1 newest_batch=1 cur=9115255312 target=9293023079 ceiling=400000000000 old_side_present=1
CBAP_MIG_REPLAN t=25435000 reason=active_set_shrank flow=44 batch=1 newest_batch=1 cur=9115255312 target=9293023079 ceiling=400000000000 old_side_present=1
CBAP_MIG_REPLAN t=25435000 reason=active_set_shrank flow=45 batch=1 newest_batch=1 cur=9115255312 target=9293023079 ceiling=400000000000 old_side_present=1
CBAP_MIG_REPLAN t=25435000 reason=active_set_shrank flow=46 batch=1 newest_batch=1 cur=9115255312 target=9293023079 ceiling=400000000000 old_side_present=1
CBAP_MIG_REPLAN t=25435000 reason=active_set_shrank flow=48 batch=1 newest_batch=1 cur=9115255311 target=9293023079 ceiling=400000000000 old_side_present=1
CBAP_MIG_REPLAN t=25435000 reason=active_set_shrank flow=49 batch=1 newest_batch=1 cur=9115255312 target=9293023079 ceiling=400000000000 old_side_present=1
CBAP_MIG_REPLAN t=25435000 reason=active_set_shrank flow=51 batch=1 newest_batch=1 cur=9115255312 target=9293023079 ceiling=400000000000 old_side_present=1
CBAP_MIG_REPLAN t=25435000 reason=active_set_shrank flow=52 batch=1 newest_batch=1 cur=9115255311 target=9293023079 ceiling=400000000000 old_side_present=1
CBAP_MIG_REPLAN t=25435000 reason=active_set_shrank flow=53 batch=1 newest_batch=1 cur=9115255312 target=9293023079 ceiling=400000000000 old_side_present=1
CBAP_MIG_REPLAN t=25435000 reason=active_set_shrank flow=55 batch=1 newest_batch=1 cur=9115255312 target=9293023079 ceiling=400000000000 old_side_present=1
CBAP_MIG_REPLAN t=25435000 reason=active_set_shrank flow=57 batch=1 newest_batch=1 cur=9115255312 target=9293023079 ceiling=400000000000 old_side_present=1
CBAP_MIG_REPLAN t=25435000 reason=active_set_shrank flow=58 batch=1 newest_batch=1 cur=9115255312 target=9293023079 ceiling=400000000000 old_side_present=1
CBAP_MIG_REPLAN t=25435000 reason=active_set_shrank flow=59 batch=1 newest_batch=1 cur=9115255312 target=9293023079 ceiling=400000000000 old_side_present=1
CBAP_MIG_REPLAN t=25435000 reason=active_set_shrank flow=61 batch=1 newest_batch=1 cur=9115255312 target=9293023079 ceiling=400000000000 old_side_present=1
CBAP_MIG_REPLAN t=25435000 reason=active_set_shrank flow=62 batch=1 newest_batch=1 cur=9115255312 target=9293023079 ceiling=400000000000 old_side_present=1
CBAP_MIG_REPLAN t=25435000 reason=active_set_shrank flow=64 batch=1 newest_batch=1 cur=9115255312 target=9293023079 ceiling=400000000000 old_side_present=1
CBAP_MIG t=25435000 epoch=5087 flow=0 side=old cur=4000075950 next=4000053165 tgt=4000000000 f=0.3 u=0 breach=0 end=converged
CBAP_MIG t=25435000 epoch=5087 flow=1 side=new cur=9115255312 next=9187251257 tgt=9293023079 f=0.405 u=0 breach=1 end=
CBAP_MIG t=25435000 epoch=5087 flow=2 side=new cur=9115255312 next=9187251257 tgt=9293023079 f=0.405 u=0 breach=1 end=
CBAP_MIG t=25435000 epoch=5087 flow=5 side=new cur=9115255312 next=9187251257 tgt=9293023079 f=0.405 u=0 breach=1 end=
CBAP_MIG t=25435000 epoch=5087 flow=7 side=new cur=9115255312 next=9187251257 tgt=9293023079 f=0.405 u=0 breach=1 end=
CBAP_MIG t=25435000 epoch=5087 flow=8 side=new cur=9115255312 next=9187251257 tgt=9293023079 f=0.405 u=0 breach=1 end=
CBAP_MIG t=25435000 epoch=5087 flow=9 side=new cur=9115255312 next=9187251257 tgt=9293023079 f=0.405 u=0 breach=1 end=
CBAP_MIG t=25435000 epoch=5087 flow=10 side=new cur=9115255311 next=9187251257 tgt=9293023079 f=0.405 u=0 breach=1 end=
CBAP_MIG t=25435000 epoch=5087 flow=12 side=new cur=9115255312 next=9187251257 tgt=9293023079 f=0.405 u=0 breach=1 end=
CBAP_MIG t=25435000 epoch=5087 flow=13 side=new cur=9115255312 next=9187251257 tgt=9293023079 f=0.405 u=0 breach=1 end=
CBAP_MIG t=25435000 epoch=5087 flow=15 side=new cur=9115255312 next=9187251257 tgt=9293023079 f=0.405 u=0 breach=1 end=
CBAP_MIG t=25435000 epoch=5087 flow=16 side=new cur=9115255312 next=9187251257 tgt=9293023079 f=0.405 u=0 breach=1 end=
CBAP_MIG t=25435000 epoch=5087 flow=17 side=new cur=9115255312 next=9187251257 tgt=9293023079 f=0.405 u=0 breach=1 end=
CBAP_MIG t=25435000 epoch=5087 flow=18 side=new cur=9115255312 next=9187251257 tgt=9293023079 f=0.405 u=0 breach=1 end=
CBAP_MIG t=25435000 epoch=5087 flow=19 side=new cur=9115255312 next=9187251257 tgt=9293023079 f=0.405 u=0 breach=1 end=
CBAP_MIG t=25435000 epoch=5087 flow=20 side=new cur=9115255312 next=9187251257 tgt=9293023079 f=0.405 u=0 breach=1 end=
CBAP_MIG t=25435000 epoch=5087 flow=21 side=new cur=9115255312 next=9187251257 tgt=9293023079 f=0.405 u=0 breach=1 end=
CBAP_MIG t=25435000 epoch=5087 flow=23 side=new cur=9115255312 next=9187251257 tgt=9293023079 f=0.405 u=0 breach=1 end=
CBAP_MIG t=25435000 epoch=5087 flow=26 side=new cur=9115255312 next=9187251257 tgt=9293023079 f=0.405 u=0 breach=1 end=
CBAP_MIG t=25435000 epoch=5087 flow=27 side=new cur=9115255312 next=9187251257 tgt=9293023079 f=0.405 u=0 breach=1 end=
CBAP_MIG t=25435000 epoch=5087 flow=28 side=new cur=9115255312 next=9187251257 tgt=9293023079 f=0.405 u=0 breach=1 end=
CBAP_MIG t=25435000 epoch=5087 flow=29 side=new cur=9115255312 next=9187251257 tgt=9293023079 f=0.405 u=0 breach=1 end=
CBAP_MIG t=25435000 epoch=5087 flow=31 side=new cur=9115255312 next=9187251257 tgt=9293023079 f=0.405 u=0 breach=1 end=
CBAP_MIG t=25435000 epoch=5087 flow=32 side=new cur=9115255311 next=9187251257 tgt=9293023079 f=0.405 u=0 breach=1 end=
CBAP_MIG t=25435000 epoch=5087 flow=37 side=new cur=9115255312 next=9187251257 tgt=9293023079 f=0.405 u=0 breach=1 end=
CBAP_MIG t=25435000 epoch=5087 flow=38 side=new cur=9115255312 next=9187251257 tgt=9293023079 f=0.405 u=0 breach=1 end=
CBAP_MIG t=25435000 epoch=5087 flow=39 side=new cur=9115255312 next=9187251257 tgt=9293023079 f=0.405 u=0 breach=1 end=
CBAP_MIG t=25435000 epoch=5087 flow=40 side=new cur=9115255311 next=9187251257 tgt=9293023079 f=0.405 u=0 breach=1 end=
CBAP_MIG t=25435000 epoch=5087 flow=42 side=new cur=9115255312 next=9187251257 tgt=9293023079 f=0.405 u=0 breach=1 end=
CBAP_MIG t=25435000 epoch=5087 flow=44 side=new cur=9115255312 next=9187251257 tgt=9293023079 f=0.405 u=0 breach=1 end=
CBAP_MIG t=25435000 epoch=5087 flow=45 side=new cur=9115255312 next=9187251257 tgt=9293023079 f=0.405 u=0 breach=1 end=
CBAP_MIG t=25435000 epoch=5087 flow=46 side=new cur=9115255312 next=9187251257 tgt=9293023079 f=0.405 u=0 breach=1 end=
CBAP_MIG t=25435000 epoch=5087 flow=48 side=new cur=9115255311 next=9187251257 tgt=9293023079 f=0.405 u=0 breach=1 end=
CBAP_MIG t=25435000 epoch=5087 flow=49 side=new cur=9115255312 next=9187251257 tgt=9293023079 f=0.405 u=0 breach=1 end=
CBAP_MIG t=25435000 epoch=5087 flow=51 side=new cur=9115255312 next=9187251257 tgt=9293023079 f=0.405 u=0 breach=1 end=
CBAP_MIG t=25435000 epoch=5087 flow=52 side=new cur=9115255311 next=9187251257 tgt=9293023079 f=0.405 u=0 breach=1 end=
CBAP_MIG t=25435000 epoch=5087 flow=53 side=new cur=9115255312 next=9187251257 tgt=9293023079 f=0.405 u=0 breach=1 end=
CBAP_MIG t=25435000 epoch=5087 flow=55 side=new cur=9115255312 next=9187251257 tgt=9293023079 f=0.405 u=0 breach=1 end=
CBAP_MIG t=25435000 epoch=5087 flow=57 side=new cur=9115255312 next=9187251257 tgt=9293023079 f=0.405 u=0 breach=1 end=
CBAP_MIG t=25435000 epoch=5087 flow=58 side=new cur=9115255312 next=9187251257 tgt=9293023079 f=0.405 u=0 breach=1 end=
CBAP_MIG t=25435000 epoch=5087 flow=59 side=new cur=9115255312 next=9187251257 tgt=9293023079 f=0.405 u=0 breach=1 end=
CBAP_MIG t=25435000 epoch=5087 flow=61 side=new cur=9115255312 next=9187251257 tgt=9293023079 f=0.405 u=0 breach=1 end=
CBAP_MIG t=25435000 epoch=5087 flow=62 side=new cur=9115255312 next=9187251257 tgt=9293023079 f=0.405 u=0 breach=1 end=
CBAP_MIG t=25435000 epoch=5087 flow=64 side=new cur=9115255312 next=9187251257 tgt=9293023079 f=0.405 u=0 breach=1 end=
CBAP_MIG_REPLAN t=25440000 reason=active_set_shrank flow=0 batch=0 newest_batch=1 cur=4000053165 target=4000000000 ceiling=320000000000 old_side_present=1
CBAP_MIG_REPLAN t=25440000 reason=active_set_shrank flow=1 batch=1 newest_batch=1 cur=9187251257 target=9514285587 ceiling=400000000000 old_side_present=1
CBAP_MIG_REPLAN t=25440000 reason=active_set_shrank flow=2 batch=1 newest_batch=1 cur=9187251257 target=9514285587 ceiling=400000000000 old_side_present=1
CBAP_MIG_REPLAN t=25440000 reason=active_set_shrank flow=5 batch=1 newest_batch=1 cur=9187251257 target=9514285587 ceiling=400000000000 old_side_present=1
CBAP_MIG_REPLAN t=25440000 reason=active_set_shrank flow=7 batch=1 newest_batch=1 cur=9187251257 target=9514285587 ceiling=400000000000 old_side_present=1
CBAP_MIG_REPLAN t=25440000 reason=active_set_shrank flow=8 batch=1 newest_batch=1 cur=9187251257 target=9514285587 ceiling=400000000000 old_side_present=1
CBAP_MIG_REPLAN t=25440000 reason=active_set_shrank flow=9 batch=1 newest_batch=1 cur=9187251257 target=9514285587 ceiling=400000000000 old_side_present=1
CBAP_MIG_REPLAN t=25440000 reason=active_set_shrank flow=10 batch=1 newest_batch=1 cur=9187251257 target=9514285587 ceiling=400000000000 old_side_present=1
CBAP_MIG_REPLAN t=25440000 reason=active_set_shrank flow=12 batch=1 newest_batch=1 cur=9187251257 target=9514285587 ceiling=400000000000 old_side_present=1
CBAP_MIG_REPLAN t=25440000 reason=active_set_shrank flow=13 batch=1 newest_batch=1 cur=9187251257 target=9514285587 ceiling=400000000000 old_side_present=1
CBAP_MIG_REPLAN t=25440000 reason=active_set_shrank flow=15 batch=1 newest_batch=1 cur=9187251257 target=9514285587 ceiling=400000000000 old_side_present=1
CBAP_MIG_REPLAN t=25440000 reason=active_set_shrank flow=16 batch=1 newest_batch=1 cur=9187251257 target=9514285587 ceiling=400000000000 old_side_present=1
CBAP_MIG_REPLAN t=25440000 reason=active_set_shrank flow=17 batch=1 newest_batch=1 cur=9187251257 target=9514285587 ceiling=400000000000 old_side_present=1
CBAP_MIG_REPLAN t=25440000 reason=active_set_shrank flow=18 batch=1 newest_batch=1 cur=9187251257 target=9514285587 ceiling=400000000000 old_side_present=1
CBAP_MIG_REPLAN t=25440000 reason=active_set_shrank flow=19 batch=1 newest_batch=1 cur=9187251257 target=9514285587 ceiling=400000000000 old_side_present=1
CBAP_MIG_REPLAN t=25440000 reason=active_set_shrank flow=20 batch=1 newest_batch=1 cur=9187251257 target=9514285587 ceiling=400000000000 old_side_present=1
CBAP_MIG_REPLAN t=25440000 reason=active_set_shrank flow=21 batch=1 newest_batch=1 cur=9187251257 target=9514285587 ceiling=400000000000 old_side_present=1
CBAP_MIG_REPLAN t=25440000 reason=active_set_shrank flow=23 batch=1 newest_batch=1 cur=9187251257 target=9514285587 ceiling=400000000000 old_side_present=1
CBAP_MIG_REPLAN t=25440000 reason=active_set_shrank flow=26 batch=1 newest_batch=1 cur=9187251257 target=9514285587 ceiling=400000000000 old_side_present=1
CBAP_MIG_REPLAN t=25440000 reason=active_set_shrank flow=27 batch=1 newest_batch=1 cur=9187251257 target=9514285587 ceiling=400000000000 old_side_present=1
CBAP_MIG_REPLAN t=25440000 reason=active_set_shrank flow=28 batch=1 newest_batch=1 cur=9187251257 target=9514285587 ceiling=400000000000 old_side_present=1
CBAP_MIG_REPLAN t=25440000 reason=active_set_shrank flow=29 batch=1 newest_batch=1 cur=9187251257 target=9514285587 ceiling=400000000000 old_side_present=1
CBAP_MIG_REPLAN t=25440000 reason=active_set_shrank flow=31 batch=1 newest_batch=1 cur=9187251257 target=9514285587 ceiling=400000000000 old_side_present=1
CBAP_MIG_REPLAN t=25440000 reason=active_set_shrank flow=32 batch=1 newest_batch=1 cur=9187251257 target=9514285587 ceiling=400000000000 old_side_present=1
CBAP_MIG_REPLAN t=25440000 reason=active_set_shrank flow=37 batch=1 newest_batch=1 cur=9187251257 target=9514285587 ceiling=400000000000 old_side_present=1
CBAP_MIG_REPLAN t=25440000 reason=active_set_shrank flow=38 batch=1 newest_batch=1 cur=9187251257 target=9514285587 ceiling=400000000000 old_side_present=1
CBAP_MIG_REPLAN t=25440000 reason=active_set_shrank flow=39 batch=1 newest_batch=1 cur=9187251257 target=9514285587 ceiling=400000000000 old_side_present=1
CBAP_MIG_REPLAN t=25440000 reason=active_set_shrank flow=42 batch=1 newest_batch=1 cur=9187251257 target=9514285587 ceiling=400000000000 old_side_present=1
CBAP_MIG_REPLAN t=25440000 reason=active_set_shrank flow=44 batch=1 newest_batch=1 cur=9187251257 target=9514285587 ceiling=400000000000 old_side_present=1
CBAP_MIG_REPLAN t=25440000 reason=active_set_shrank flow=45 batch=1 newest_batch=1 cur=9187251257 target=9514285587 ceiling=400000000000 old_side_present=1
CBAP_MIG_REPLAN t=25440000 reason=active_set_shrank flow=46 batch=1 newest_batch=1 cur=9187251257 target=9514285587 ceiling=400000000000 old_side_present=1
CBAP_MIG_REPLAN t=25440000 reason=active_set_shrank flow=48 batch=1 newest_batch=1 cur=9187251257 target=9514285587 ceiling=400000000000 old_side_present=1
CBAP_MIG_REPLAN t=25440000 reason=active_set_shrank flow=49 batch=1 newest_batch=1 cur=9187251257 target=9514285587 ceiling=400000000000 old_side_present=1
CBAP_MIG_REPLAN t=25440000 reason=active_set_shrank flow=51 batch=1 newest_batch=1 cur=9187251257 target=9514285587 ceiling=400000000000 old_side_present=1
CBAP_MIG_REPLAN t=25440000 reason=active_set_shrank flow=52 batch=1 newest_batch=1 cur=9187251257 target=9514285587 ceiling=400000000000 old_side_present=1
CBAP_MIG_REPLAN t=25440000 reason=active_set_shrank flow=53 batch=1 newest_batch=1 cur=9187251257 target=9514285587 ceiling=400000000000 old_side_present=1
CBAP_MIG_REPLAN t=25440000 reason=active_set_shrank flow=55 batch=1 newest_batch=1 cur=9187251257 target=9514285587 ceiling=400000000000 old_side_present=1
CBAP_MIG_REPLAN t=25440000 reason=active_set_shrank flow=57 batch=1 newest_batch=1 cur=9187251257 target=9514285587 ceiling=400000000000 old_side_present=1
CBAP_MIG_REPLAN t=25440000 reason=active_set_shrank flow=58 batch=1 newest_batch=1 cur=9187251257 target=9514285587 ceiling=400000000000 old_side_present=1
CBAP_MIG_REPLAN t=25440000 reason=active_set_shrank flow=59 batch=1 newest_batch=1 cur=9187251257 target=9514285587 ceiling=400000000000 old_side_present=1
CBAP_MIG_REPLAN t=25440000 reason=active_set_shrank flow=61 batch=1 newest_batch=1 cur=9187251257 target=9514285587 ceiling=400000000000 old_side_present=1
CBAP_MIG_REPLAN t=25440000 reason=active_set_shrank flow=62 batch=1 newest_batch=1 cur=9187251257 target=9514285587 ceiling=400000000000 old_side_present=1
CBAP_MIG_REPLAN t=25440000 reason=active_set_shrank flow=64 batch=1 newest_batch=1 cur=9187251257 target=9514285587 ceiling=400000000000 old_side_present=1
CBAP_MIG t=25440000 epoch=5088 flow=0 side=old cur=4000053165 next=4000037215 tgt=4000000000 f=0.3 u=0 breach=0 end=converged
CBAP_MIG t=25440000 epoch=5088 flow=1 side=new cur=9187251257 next=9319700160 tgt=9514285587 f=0.405 u=0 breach=1 end=
CBAP_MIG t=25440000 epoch=5088 flow=2 side=new cur=9187251257 next=9319700160 tgt=9514285587 f=0.405 u=0 breach=1 end=
CBAP_MIG t=25440000 epoch=5088 flow=5 side=new cur=9187251257 next=9319700160 tgt=9514285587 f=0.405 u=0 breach=1 end=
CBAP_MIG t=25440000 epoch=5088 flow=7 side=new cur=9187251257 next=9319700160 tgt=9514285587 f=0.405 u=0 breach=1 end=
CBAP_MIG t=25440000 epoch=5088 flow=8 side=new cur=9187251257 next=9319700160 tgt=9514285587 f=0.405 u=0 breach=1 end=
CBAP_MIG t=25440000 epoch=5088 flow=9 side=new cur=9187251257 next=9319700160 tgt=9514285587 f=0.405 u=0 breach=1 end=
CBAP_MIG t=25440000 epoch=5088 flow=10 side=new cur=9187251257 next=9319700160 tgt=9514285587 f=0.405 u=0 breach=1 end=
CBAP_MIG t=25440000 epoch=5088 flow=12 side=new cur=9187251257 next=9319700160 tgt=9514285587 f=0.405 u=0 breach=1 end=
CBAP_MIG t=25440000 epoch=5088 flow=13 side=new cur=9187251257 next=9319700160 tgt=9514285587 f=0.405 u=0 breach=1 end=
CBAP_MIG t=25440000 epoch=5088 flow=15 side=new cur=9187251257 next=9319700160 tgt=9514285587 f=0.405 u=0 breach=1 end=
CBAP_MIG t=25440000 epoch=5088 flow=16 side=new cur=9187251257 next=9319700160 tgt=9514285587 f=0.405 u=0 breach=1 end=
CBAP_MIG t=25440000 epoch=5088 flow=17 side=new cur=9187251257 next=9319700160 tgt=9514285587 f=0.405 u=0 breach=1 end=
CBAP_MIG t=25440000 epoch=5088 flow=18 side=new cur=9187251257 next=9319700160 tgt=9514285587 f=0.405 u=0 breach=1 end=
CBAP_MIG t=25440000 epoch=5088 flow=19 side=new cur=9187251257 next=9319700160 tgt=9514285587 f=0.405 u=0 breach=1 end=
CBAP_MIG t=25440000 epoch=5088 flow=20 side=new cur=9187251257 next=9319700160 tgt=9514285587 f=0.405 u=0 breach=1 end=
CBAP_MIG t=25440000 epoch=5088 flow=21 side=new cur=9187251257 next=9319700160 tgt=9514285587 f=0.405 u=0 breach=1 end=
CBAP_MIG t=25440000 epoch=5088 flow=23 side=new cur=9187251257 next=9319700160 tgt=9514285587 f=0.405 u=0 breach=1 end=
CBAP_MIG t=25440000 epoch=5088 flow=26 side=new cur=9187251257 next=9319700160 tgt=9514285587 f=0.405 u=0 breach=1 end=
CBAP_MIG t=25440000 epoch=5088 flow=27 side=new cur=9187251257 next=9319700160 tgt=9514285587 f=0.405 u=0 breach=1 end=
CBAP_MIG t=25440000 epoch=5088 flow=28 side=new cur=9187251257 next=9319700160 tgt=9514285587 f=0.405 u=0 breach=1 end=
CBAP_MIG t=25440000 epoch=5088 flow=29 side=new cur=9187251257 next=9319700160 tgt=9514285587 f=0.405 u=0 breach=1 end=
CBAP_MIG t=25440000 epoch=5088 flow=31 side=new cur=9187251257 next=9319700160 tgt=9514285587 f=0.405 u=0 breach=1 end=
CBAP_MIG t=25440000 epoch=5088 flow=32 side=new cur=9187251257 next=9319700160 tgt=9514285587 f=0.405 u=0 breach=1 end=
CBAP_MIG t=25440000 epoch=5088 flow=37 side=new cur=9187251257 next=9319700160 tgt=9514285587 f=0.405 u=0 breach=1 end=
CBAP_MIG t=25440000 epoch=5088 flow=38 side=new cur=9187251257 next=9319700160 tgt=9514285587 f=0.405 u=0 breach=1 end=
CBAP_MIG t=25440000 epoch=5088 flow=39 side=new cur=9187251257 next=9319700160 tgt=9514285587 f=0.405 u=0 breach=1 end=
CBAP_MIG t=25440000 epoch=5088 flow=42 side=new cur=9187251257 next=9319700160 tgt=9514285587 f=0.405 u=0 breach=1 end=
CBAP_MIG t=25440000 epoch=5088 flow=44 side=new cur=9187251257 next=9319700160 tgt=9514285587 f=0.405 u=0 breach=1 end=
CBAP_MIG t=25440000 epoch=5088 flow=45 side=new cur=9187251257 next=9319700160 tgt=9514285587 f=0.405 u=0 breach=1 end=
CBAP_MIG t=25440000 epoch=5088 flow=46 side=new cur=9187251257 next=9319700160 tgt=9514285587 f=0.405 u=0 breach=1 end=
CBAP_MIG t=25440000 epoch=5088 flow=48 side=new cur=9187251257 next=9319700160 tgt=9514285587 f=0.405 u=0 breach=1 end=
CBAP_MIG t=25440000 epoch=5088 flow=49 side=new cur=9187251257 next=9319700160 tgt=9514285587 f=0.405 u=0 breach=1 end=
CBAP_MIG t=25440000 epoch=5088 flow=51 side=new cur=9187251257 next=9319700160 tgt=9514285587 f=0.405 u=0 breach=1 end=
CBAP_MIG t=25440000 epoch=5088 flow=52 side=new cur=9187251257 next=9319700160 tgt=9514285587 f=0.405 u=0 breach=1 end=
CBAP_MIG t=25440000 epoch=5088 flow=53 side=new cur=9187251257 next=9319700160 tgt=9514285587 f=0.405 u=0 breach=1 end=
CBAP_MIG t=25440000 epoch=5088 flow=55 side=new cur=9187251257 next=9319700160 tgt=9514285587 f=0.405 u=0 breach=1 end=
CBAP_MIG t=25440000 epoch=5088 flow=57 side=new cur=9187251257 next=9319700160 tgt=9514285587 f=0.405 u=0 breach=1 end=
CBAP_MIG t=25440000 epoch=5088 flow=58 side=new cur=9187251257 next=9319700160 tgt=9514285587 f=0.405 u=0 breach=1 end=
CBAP_MIG t=25440000 epoch=5088 flow=59 side=new cur=9187251257 next=9319700160 tgt=9514285587 f=0.405 u=0 breach=1 end=
CBAP_MIG t=25440000 epoch=5088 flow=61 side=new cur=9187251257 next=9319700160 tgt=9514285587 f=0.405 u=0 breach=1 end=
CBAP_MIG t=25440000 epoch=5088 flow=62 side=new cur=9187251257 next=9319700160 tgt=9514285587 f=0.405 u=0 breach=1 end=
CBAP_MIG t=25440000 epoch=5088 flow=64 side=new cur=9187251257 next=9319700160 tgt=9514285587 f=0.405 u=0 breach=1 end=
CBAP_MIG t=25445000 epoch=5089 flow=1 side=new cur=9319700160 next=9398507257 tgt=9514285587 f=0.405 u=0 breach=1 end=
CBAP_MIG t=25445000 epoch=5089 flow=2 side=new cur=9319700160 next=9398507257 tgt=9514285587 f=0.405 u=0 breach=1 end=
CBAP_MIG t=25445000 epoch=5089 flow=5 side=new cur=9319700160 next=9398507257 tgt=9514285587 f=0.405 u=0 breach=1 end=
CBAP_MIG t=25445000 epoch=5089 flow=7 side=new cur=9319700160 next=9398507257 tgt=9514285587 f=0.405 u=0 breach=1 end=
CBAP_MIG t=25445000 epoch=5089 flow=8 side=new cur=9319700160 next=9398507257 tgt=9514285587 f=0.405 u=0 breach=1 end=
CBAP_MIG t=25445000 epoch=5089 flow=9 side=new cur=9319700160 next=9398507257 tgt=9514285587 f=0.405 u=0 breach=1 end=
CBAP_MIG t=25445000 epoch=5089 flow=10 side=new cur=9319700160 next=9398507257 tgt=9514285587 f=0.405 u=0 breach=1 end=
CBAP_MIG t=25445000 epoch=5089 flow=12 side=new cur=9319700160 next=9398507257 tgt=9514285587 f=0.405 u=0 breach=1 end=
CBAP_MIG t=25445000 epoch=5089 flow=13 side=new cur=9319700160 next=9398507257 tgt=9514285587 f=0.405 u=0 breach=1 end=
CBAP_MIG t=25445000 epoch=5089 flow=15 side=new cur=9319700160 next=9398507257 tgt=9514285587 f=0.405 u=0 breach=1 end=
CBAP_MIG t=25445000 epoch=5089 flow=16 side=new cur=9319700160 next=9398507257 tgt=9514285587 f=0.405 u=0 breach=1 end=
CBAP_MIG t=25445000 epoch=5089 flow=17 side=new cur=9319700160 next=9398507257 tgt=9514285587 f=0.405 u=0 breach=1 end=
CBAP_MIG t=25445000 epoch=5089 flow=18 side=new cur=9319700160 next=9398507257 tgt=9514285587 f=0.405 u=0 breach=1 end=
CBAP_MIG t=25445000 epoch=5089 flow=19 side=new cur=9319700160 next=9398507257 tgt=9514285587 f=0.405 u=0 breach=1 end=
CBAP_MIG t=25445000 epoch=5089 flow=20 side=new cur=9319700160 next=9398507257 tgt=9514285587 f=0.405 u=0 breach=1 end=
CBAP_MIG t=25445000 epoch=5089 flow=21 side=new cur=9319700160 next=9398507257 tgt=9514285587 f=0.405 u=0 breach=1 end=
CBAP_MIG t=25445000 epoch=5089 flow=23 side=new cur=9319700160 next=9398507257 tgt=9514285587 f=0.405 u=0 breach=1 end=
CBAP_MIG t=25445000 epoch=5089 flow=26 side=new cur=9319700160 next=9398507257 tgt=9514285587 f=0.405 u=0 breach=1 end=
CBAP_MIG t=25445000 epoch=5089 flow=27 side=new cur=9319700160 next=9398507257 tgt=9514285587 f=0.405 u=0 breach=1 end=
CBAP_MIG t=25445000 epoch=5089 flow=28 side=new cur=9319700160 next=9398507257 tgt=9514285587 f=0.405 u=0 breach=1 end=
CBAP_MIG t=25445000 epoch=5089 flow=29 side=new cur=9319700160 next=9398507257 tgt=9514285587 f=0.405 u=0 breach=1 end=
CBAP_MIG t=25445000 epoch=5089 flow=31 side=new cur=9319700160 next=9398507257 tgt=9514285587 f=0.405 u=0 breach=1 end=
CBAP_MIG t=25445000 epoch=5089 flow=32 side=new cur=9319700160 next=9398507257 tgt=9514285587 f=0.405 u=0 breach=1 end=
CBAP_MIG t=25445000 epoch=5089 flow=37 side=new cur=9319700160 next=9398507257 tgt=9514285587 f=0.405 u=0 breach=1 end=
CBAP_MIG t=25445000 epoch=5089 flow=38 side=new cur=9319700160 next=9398507257 tgt=9514285587 f=0.405 u=0 breach=1 end=
CBAP_MIG t=25445000 epoch=5089 flow=39 side=new cur=9319700160 next=9398507257 tgt=9514285587 f=0.405 u=0 breach=1 end=
CBAP_MIG t=25445000 epoch=5089 flow=42 side=new cur=9319700160 next=9398507257 tgt=9514285587 f=0.405 u=0 breach=1 end=
CBAP_MIG t=25445000 epoch=5089 flow=44 side=new cur=9319700160 next=9398507257 tgt=9514285587 f=0.405 u=0 breach=1 end=
CBAP_MIG t=25445000 epoch=5089 flow=45 side=new cur=9319700160 next=9398507257 tgt=9514285587 f=0.405 u=0 breach=1 end=
CBAP_MIG t=25445000 epoch=5089 flow=46 side=new cur=9319700160 next=9398507257 tgt=9514285587 f=0.405 u=0 breach=1 end=
CBAP_MIG t=25445000 epoch=5089 flow=48 side=new cur=9319700160 next=9398507257 tgt=9514285587 f=0.405 u=0 breach=1 end=
CBAP_MIG t=25445000 epoch=5089 flow=49 side=new cur=9319700160 next=9398507257 tgt=9514285587 f=0.405 u=0 breach=1 end=
CBAP_MIG t=25445000 epoch=5089 flow=51 side=new cur=9319700160 next=9398507257 tgt=9514285587 f=0.405 u=0 breach=1 end=
CBAP_MIG t=25445000 epoch=5089 flow=52 side=new cur=9319700160 next=9398507257 tgt=9514285587 f=0.405 u=0 breach=1 end=
CBAP_MIG t=25445000 epoch=5089 flow=53 side=new cur=9319700160 next=9398507257 tgt=9514285587 f=0.405 u=0 breach=1 end=
CBAP_MIG t=25445000 epoch=5089 flow=55 side=new cur=9319700160 next=9398507257 tgt=9514285587 f=0.405 u=0 breach=1 end=
CBAP_MIG t=25445000 epoch=5089 flow=57 side=new cur=9319700160 next=9398507257 tgt=9514285587 f=0.405 u=0 breach=1 end=
CBAP_MIG t=25445000 epoch=5089 flow=58 side=new cur=9319700160 next=9398507257 tgt=9514285587 f=0.405 u=0 breach=1 end=
CBAP_MIG t=25445000 epoch=5089 flow=59 side=new cur=9319700160 next=9398507257 tgt=9514285587 f=0.405 u=0 breach=1 end=
CBAP_MIG t=25445000 epoch=5089 flow=61 side=new cur=9319700160 next=9398507257 tgt=9514285587 f=0.405 u=0 breach=1 end=
CBAP_MIG t=25445000 epoch=5089 flow=62 side=new cur=9319700160 next=9398507257 tgt=9514285587 f=0.405 u=0 breach=1 end=
CBAP_MIG t=25445000 epoch=5089 flow=64 side=new cur=9319700160 next=9398507257 tgt=9514285587 f=0.405 u=0 breach=1 end=
CBAP_MIG t=25450000 epoch=5090 flow=1 side=new cur=9398507257 next=9445397480 tgt=9514285587 f=0.405 u=0 breach=1 end=converged
CBAP_MIG t=25450000 epoch=5090 flow=2 side=new cur=9398507257 next=9445397480 tgt=9514285587 f=0.405 u=0 breach=1 end=converged
CBAP_MIG t=25450000 epoch=5090 flow=5 side=new cur=9398507257 next=9445397480 tgt=9514285587 f=0.405 u=0 breach=1 end=converged
CBAP_MIG t=25450000 epoch=5090 flow=7 side=new cur=9398507257 next=9445397480 tgt=9514285587 f=0.405 u=0 breach=1 end=converged
CBAP_MIG t=25450000 epoch=5090 flow=8 side=new cur=9398507257 next=9445397480 tgt=9514285587 f=0.405 u=0 breach=1 end=converged
CBAP_MIG t=25450000 epoch=5090 flow=9 side=new cur=9398507257 next=9445397480 tgt=9514285587 f=0.405 u=0 breach=1 end=converged
CBAP_MIG t=25450000 epoch=5090 flow=10 side=new cur=9398507257 next=9445397480 tgt=9514285587 f=0.405 u=0 breach=1 end=converged
CBAP_MIG t=25450000 epoch=5090 flow=12 side=new cur=9398507257 next=9445397480 tgt=9514285587 f=0.405 u=0 breach=1 end=converged
CBAP_MIG t=25450000 epoch=5090 flow=13 side=new cur=9398507257 next=9445397480 tgt=9514285587 f=0.405 u=0 breach=1 end=converged
CBAP_MIG t=25450000 epoch=5090 flow=15 side=new cur=9398507257 next=9445397480 tgt=9514285587 f=0.405 u=0 breach=1 end=converged
CBAP_MIG t=25450000 epoch=5090 flow=16 side=new cur=9398507257 next=9445397480 tgt=9514285587 f=0.405 u=0 breach=1 end=converged
CBAP_MIG t=25450000 epoch=5090 flow=17 side=new cur=9398507257 next=9445397480 tgt=9514285587 f=0.405 u=0 breach=1 end=converged
CBAP_MIG t=25450000 epoch=5090 flow=18 side=new cur=9398507257 next=9445397480 tgt=9514285587 f=0.405 u=0 breach=1 end=converged
CBAP_MIG t=25450000 epoch=5090 flow=19 side=new cur=9398507257 next=9445397480 tgt=9514285587 f=0.405 u=0 breach=1 end=converged
CBAP_MIG t=25450000 epoch=5090 flow=20 side=new cur=9398507257 next=9445397480 tgt=9514285587 f=0.405 u=0 breach=1 end=converged
CBAP_MIG t=25450000 epoch=5090 flow=21 side=new cur=9398507257 next=9445397480 tgt=9514285587 f=0.405 u=0 breach=1 end=converged
CBAP_MIG t=25450000 epoch=5090 flow=23 side=new cur=9398507257 next=9445397480 tgt=9514285587 f=0.405 u=0 breach=1 end=converged
CBAP_MIG t=25450000 epoch=5090 flow=26 side=new cur=9398507257 next=9445397480 tgt=9514285587 f=0.405 u=0 breach=1 end=converged
CBAP_MIG t=25450000 epoch=5090 flow=27 side=new cur=9398507257 next=9445397480 tgt=9514285587 f=0.405 u=0 breach=1 end=converged
CBAP_MIG t=25450000 epoch=5090 flow=28 side=new cur=9398507257 next=9445397480 tgt=9514285587 f=0.405 u=0 breach=1 end=converged
CBAP_MIG t=25450000 epoch=5090 flow=29 side=new cur=9398507257 next=9445397480 tgt=9514285587 f=0.405 u=0 breach=1 end=converged
CBAP_MIG t=25450000 epoch=5090 flow=31 side=new cur=9398507257 next=9445397480 tgt=9514285587 f=0.405 u=0 breach=1 end=converged
CBAP_MIG t=25450000 epoch=5090 flow=32 side=new cur=9398507257 next=9445397480 tgt=9514285587 f=0.405 u=0 breach=1 end=converged
CBAP_MIG t=25450000 epoch=5090 flow=37 side=new cur=9398507257 next=9445397480 tgt=9514285587 f=0.405 u=0 breach=1 end=converged
CBAP_MIG t=25450000 epoch=5090 flow=38 side=new cur=9398507257 next=9445397480 tgt=9514285587 f=0.405 u=0 breach=1 end=converged
CBAP_MIG t=25450000 epoch=5090 flow=39 side=new cur=9398507257 next=9445397480 tgt=9514285587 f=0.405 u=0 breach=1 end=converged
CBAP_MIG t=25450000 epoch=5090 flow=42 side=new cur=9398507257 next=9445397480 tgt=9514285587 f=0.405 u=0 breach=1 end=converged
CBAP_MIG t=25450000 epoch=5090 flow=44 side=new cur=9398507257 next=9445397480 tgt=9514285587 f=0.405 u=0 breach=1 end=converged
CBAP_MIG t=25450000 epoch=5090 flow=45 side=new cur=9398507257 next=9445397480 tgt=9514285587 f=0.405 u=0 breach=1 end=converged
CBAP_MIG t=25450000 epoch=5090 flow=46 side=new cur=9398507257 next=9445397480 tgt=9514285587 f=0.405 u=0 breach=1 end=converged
CBAP_MIG t=25450000 epoch=5090 flow=48 side=new cur=9398507257 next=9445397480 tgt=9514285587 f=0.405 u=0 breach=1 end=converged
CBAP_MIG t=25450000 epoch=5090 flow=49 side=new cur=9398507257 next=9445397480 tgt=9514285587 f=0.405 u=0 breach=1 end=converged
CBAP_MIG t=25450000 epoch=5090 flow=51 side=new cur=9398507257 next=9445397480 tgt=9514285587 f=0.405 u=0 breach=1 end=converged
CBAP_MIG t=25450000 epoch=5090 flow=52 side=new cur=9398507257 next=9445397480 tgt=9514285587 f=0.405 u=0 breach=1 end=converged
CBAP_MIG t=25450000 epoch=5090 flow=53 side=new cur=9398507257 next=9445397480 tgt=9514285587 f=0.405 u=0 breach=1 end=converged
CBAP_MIG t=25450000 epoch=5090 flow=55 side=new cur=9398507257 next=9445397480 tgt=9514285587 f=0.405 u=0 breach=1 end=converged
CBAP_MIG t=25450000 epoch=5090 flow=57 side=new cur=9398507257 next=9445397480 tgt=9514285587 f=0.405 u=0 breach=1 end=converged
CBAP_MIG t=25450000 epoch=5090 flow=58 side=new cur=9398507257 next=9445397480 tgt=9514285587 f=0.405 u=0 breach=1 end=converged
CBAP_MIG t=25450000 epoch=5090 flow=59 side=new cur=9398507257 next=9445397480 tgt=9514285587 f=0.405 u=0 breach=1 end=converged
CBAP_MIG t=25450000 epoch=5090 flow=61 side=new cur=9398507257 next=9445397480 tgt=9514285587 f=0.405 u=0 breach=1 end=converged
CBAP_MIG t=25450000 epoch=5090 flow=62 side=new cur=9398507257 next=9445397480 tgt=9514285587 f=0.405 u=0 breach=1 end=converged
CBAP_MIG t=25450000 epoch=5090 flow=64 side=new cur=9398507257 next=9445397480 tgt=9514285587 f=0.405 u=0 breach=1 end=converged
CBAP_MIG_REPLAN t=25475000 reason=active_set_shrank flow=0 batch=0 newest_batch=1 cur=4000037215 target=4000000000 ceiling=320000000000 old_side_present=1
CBAP_MIG_REPLAN t=25475000 reason=active_set_shrank flow=1 batch=1 newest_batch=1 cur=9445397480 target=9843902348 ceiling=400000000000 old_side_present=1
CBAP_MIG_REPLAN t=25475000 reason=active_set_shrank flow=2 batch=1 newest_batch=1 cur=9445397480 target=9843902348 ceiling=400000000000 old_side_present=1
CBAP_MIG_REPLAN t=25475000 reason=active_set_shrank flow=5 batch=1 newest_batch=1 cur=9445397480 target=9843902348 ceiling=400000000000 old_side_present=1
CBAP_MIG_REPLAN t=25475000 reason=active_set_shrank flow=7 batch=1 newest_batch=1 cur=9445397480 target=9843902348 ceiling=400000000000 old_side_present=1
CBAP_MIG_REPLAN t=25475000 reason=active_set_shrank flow=8 batch=1 newest_batch=1 cur=9445397480 target=9843902348 ceiling=400000000000 old_side_present=1
CBAP_MIG_REPLAN t=25475000 reason=active_set_shrank flow=9 batch=1 newest_batch=1 cur=9445397480 target=9843902348 ceiling=400000000000 old_side_present=1
CBAP_MIG_REPLAN t=25475000 reason=active_set_shrank flow=10 batch=1 newest_batch=1 cur=9445397480 target=9843902348 ceiling=400000000000 old_side_present=1
CBAP_MIG_REPLAN t=25475000 reason=active_set_shrank flow=12 batch=1 newest_batch=1 cur=9445397480 target=9843902348 ceiling=400000000000 old_side_present=1
CBAP_MIG_REPLAN t=25475000 reason=active_set_shrank flow=13 batch=1 newest_batch=1 cur=9445397480 target=9843902348 ceiling=400000000000 old_side_present=1
CBAP_MIG_REPLAN t=25475000 reason=active_set_shrank flow=15 batch=1 newest_batch=1 cur=9445397480 target=9843902348 ceiling=400000000000 old_side_present=1
CBAP_MIG_REPLAN t=25475000 reason=active_set_shrank flow=16 batch=1 newest_batch=1 cur=9445397480 target=9843902348 ceiling=400000000000 old_side_present=1
CBAP_MIG_REPLAN t=25475000 reason=active_set_shrank flow=17 batch=1 newest_batch=1 cur=9445397480 target=9843902348 ceiling=400000000000 old_side_present=1
CBAP_MIG_REPLAN t=25475000 reason=active_set_shrank flow=18 batch=1 newest_batch=1 cur=9445397480 target=9843902348 ceiling=400000000000 old_side_present=1
CBAP_MIG_REPLAN t=25475000 reason=active_set_shrank flow=19 batch=1 newest_batch=1 cur=9445397480 target=9843902348 ceiling=400000000000 old_side_present=1
CBAP_MIG_REPLAN t=25475000 reason=active_set_shrank flow=20 batch=1 newest_batch=1 cur=9445397480 target=9843902348 ceiling=400000000000 old_side_present=1
CBAP_MIG_REPLAN t=25475000 reason=active_set_shrank flow=21 batch=1 newest_batch=1 cur=9445397480 target=9843902348 ceiling=400000000000 old_side_present=1
CBAP_MIG_REPLAN t=25475000 reason=active_set_shrank flow=23 batch=1 newest_batch=1 cur=9445397480 target=9843902348 ceiling=400000000000 old_side_present=1
CBAP_MIG_REPLAN t=25475000 reason=active_set_shrank flow=27 batch=1 newest_batch=1 cur=9445397480 target=9843902348 ceiling=400000000000 old_side_present=1
CBAP_MIG_REPLAN t=25475000 reason=active_set_shrank flow=28 batch=1 newest_batch=1 cur=9445397480 target=9843902348 ceiling=400000000000 old_side_present=1
CBAP_MIG_REPLAN t=25475000 reason=active_set_shrank flow=29 batch=1 newest_batch=1 cur=9445397480 target=9843902348 ceiling=400000000000 old_side_present=1
CBAP_MIG_REPLAN t=25475000 reason=active_set_shrank flow=31 batch=1 newest_batch=1 cur=9445397480 target=9843902348 ceiling=400000000000 old_side_present=1
CBAP_MIG_REPLAN t=25475000 reason=active_set_shrank flow=32 batch=1 newest_batch=1 cur=9445397480 target=9843902348 ceiling=400000000000 old_side_present=1
CBAP_MIG_REPLAN t=25475000 reason=active_set_shrank flow=37 batch=1 newest_batch=1 cur=9445397480 target=9843902348 ceiling=400000000000 old_side_present=1
CBAP_MIG_REPLAN t=25475000 reason=active_set_shrank flow=38 batch=1 newest_batch=1 cur=9445397480 target=9843902348 ceiling=400000000000 old_side_present=1
CBAP_MIG_REPLAN t=25475000 reason=active_set_shrank flow=39 batch=1 newest_batch=1 cur=9445397480 target=9843902348 ceiling=400000000000 old_side_present=1
CBAP_MIG_REPLAN t=25475000 reason=active_set_shrank flow=42 batch=1 newest_batch=1 cur=9445397480 target=9843902348 ceiling=400000000000 old_side_present=1
CBAP_MIG_REPLAN t=25475000 reason=active_set_shrank flow=44 batch=1 newest_batch=1 cur=9445397480 target=9843902348 ceiling=400000000000 old_side_present=1
CBAP_MIG_REPLAN t=25475000 reason=active_set_shrank flow=45 batch=1 newest_batch=1 cur=9445397480 target=9843902348 ceiling=400000000000 old_side_present=1
CBAP_MIG_REPLAN t=25475000 reason=active_set_shrank flow=46 batch=1 newest_batch=1 cur=9445397480 target=9843902348 ceiling=400000000000 old_side_present=1
CBAP_MIG_REPLAN t=25475000 reason=active_set_shrank flow=48 batch=1 newest_batch=1 cur=9445397480 target=9843902348 ceiling=400000000000 old_side_present=1
CBAP_MIG_REPLAN t=25475000 reason=active_set_shrank flow=49 batch=1 newest_batch=1 cur=9445397480 target=9843902348 ceiling=400000000000 old_side_present=1
CBAP_MIG_REPLAN t=25475000 reason=active_set_shrank flow=51 batch=1 newest_batch=1 cur=9445397480 target=9843902348 ceiling=400000000000 old_side_present=1
CBAP_MIG_REPLAN t=25475000 reason=active_set_shrank flow=52 batch=1 newest_batch=1 cur=9445397480 target=9843902348 ceiling=400000000000 old_side_present=1
CBAP_MIG_REPLAN t=25475000 reason=active_set_shrank flow=53 batch=1 newest_batch=1 cur=9445397480 target=9843902348 ceiling=400000000000 old_side_present=1
CBAP_MIG_REPLAN t=25475000 reason=active_set_shrank flow=55 batch=1 newest_batch=1 cur=9445397480 target=9843902348 ceiling=400000000000 old_side_present=1
CBAP_MIG_REPLAN t=25475000 reason=active_set_shrank flow=57 batch=1 newest_batch=1 cur=9445397480 target=9843902348 ceiling=400000000000 old_side_present=1
CBAP_MIG_REPLAN t=25475000 reason=active_set_shrank flow=58 batch=1 newest_batch=1 cur=9445397480 target=9843902348 ceiling=400000000000 old_side_present=1
CBAP_MIG_REPLAN t=25475000 reason=active_set_shrank flow=59 batch=1 newest_batch=1 cur=9445397480 target=9843902348 ceiling=400000000000 old_side_present=1
CBAP_MIG_REPLAN t=25475000 reason=active_set_shrank flow=61 batch=1 newest_batch=1 cur=9445397480 target=9843902348 ceiling=400000000000 old_side_present=1
CBAP_MIG_REPLAN t=25475000 reason=active_set_shrank flow=62 batch=1 newest_batch=1 cur=9445397480 target=9843902348 ceiling=400000000000 old_side_present=1
CBAP_MIG_REPLAN t=25475000 reason=active_set_shrank flow=64 batch=1 newest_batch=1 cur=9445397480 target=9843902348 ceiling=400000000000 old_side_present=1
CBAP_MIG t=25475000 epoch=5095 flow=0 side=old cur=4000037215 next=4000026050 tgt=4000000000 f=0.3 u=0 breach=0 end=converged
CBAP_MIG t=25475000 epoch=5095 flow=1 side=new cur=9445397480 next=9606791951 tgt=9843902348 f=0.405 u=0 breach=1 end=
CBAP_MIG t=25475000 epoch=5095 flow=2 side=new cur=9445397480 next=9606791951 tgt=9843902348 f=0.405 u=0 breach=1 end=
CBAP_MIG t=25475000 epoch=5095 flow=5 side=new cur=9445397480 next=9606791951 tgt=9843902348 f=0.405 u=0 breach=1 end=
CBAP_MIG t=25475000 epoch=5095 flow=7 side=new cur=9445397480 next=9606791951 tgt=9843902348 f=0.405 u=0 breach=1 end=
CBAP_MIG t=25475000 epoch=5095 flow=8 side=new cur=9445397480 next=9606791951 tgt=9843902348 f=0.405 u=0 breach=1 end=
CBAP_MIG t=25475000 epoch=5095 flow=9 side=new cur=9445397480 next=9606791951 tgt=9843902348 f=0.405 u=0 breach=1 end=
CBAP_MIG t=25475000 epoch=5095 flow=10 side=new cur=9445397480 next=9606791951 tgt=9843902348 f=0.405 u=0 breach=1 end=
CBAP_MIG t=25475000 epoch=5095 flow=12 side=new cur=9445397480 next=9606791951 tgt=9843902348 f=0.405 u=0 breach=1 end=
CBAP_MIG t=25475000 epoch=5095 flow=13 side=new cur=9445397480 next=9606791951 tgt=9843902348 f=0.405 u=0 breach=1 end=
CBAP_MIG t=25475000 epoch=5095 flow=15 side=new cur=9445397480 next=9606791951 tgt=9843902348 f=0.405 u=0 breach=1 end=
CBAP_MIG t=25475000 epoch=5095 flow=16 side=new cur=9445397480 next=9606791951 tgt=9843902348 f=0.405 u=0 breach=1 end=
CBAP_MIG t=25475000 epoch=5095 flow=17 side=new cur=9445397480 next=9606791951 tgt=9843902348 f=0.405 u=0 breach=1 end=
CBAP_MIG t=25475000 epoch=5095 flow=18 side=new cur=9445397480 next=9606791951 tgt=9843902348 f=0.405 u=0 breach=1 end=
CBAP_MIG t=25475000 epoch=5095 flow=19 side=new cur=9445397480 next=9606791951 tgt=9843902348 f=0.405 u=0 breach=1 end=
CBAP_MIG t=25475000 epoch=5095 flow=20 side=new cur=9445397480 next=9606791951 tgt=9843902348 f=0.405 u=0 breach=1 end=
CBAP_MIG t=25475000 epoch=5095 flow=21 side=new cur=9445397480 next=9606791951 tgt=9843902348 f=0.405 u=0 breach=1 end=
CBAP_MIG t=25475000 epoch=5095 flow=23 side=new cur=9445397480 next=9606791951 tgt=9843902348 f=0.405 u=0 breach=1 end=
CBAP_MIG t=25475000 epoch=5095 flow=27 side=new cur=9445397480 next=9606791951 tgt=9843902348 f=0.405 u=0 breach=1 end=
CBAP_MIG t=25475000 epoch=5095 flow=28 side=new cur=9445397480 next=9606791951 tgt=9843902348 f=0.405 u=0 breach=1 end=
CBAP_MIG t=25475000 epoch=5095 flow=29 side=new cur=9445397480 next=9606791951 tgt=9843902348 f=0.405 u=0 breach=1 end=
CBAP_MIG t=25475000 epoch=5095 flow=31 side=new cur=9445397480 next=9606791951 tgt=9843902348 f=0.405 u=0 breach=1 end=
CBAP_MIG t=25475000 epoch=5095 flow=32 side=new cur=9445397480 next=9606791951 tgt=9843902348 f=0.405 u=0 breach=1 end=
CBAP_MIG t=25475000 epoch=5095 flow=37 side=new cur=9445397480 next=9606791951 tgt=9843902348 f=0.405 u=0 breach=1 end=
CBAP_MIG t=25475000 epoch=5095 flow=38 side=new cur=9445397480 next=9606791951 tgt=9843902348 f=0.405 u=0 breach=1 end=
CBAP_MIG t=25475000 epoch=5095 flow=39 side=new cur=9445397480 next=9606791951 tgt=9843902348 f=0.405 u=0 breach=1 end=
CBAP_MIG t=25475000 epoch=5095 flow=42 side=new cur=9445397480 next=9606791951 tgt=9843902348 f=0.405 u=0 breach=1 end=
CBAP_MIG t=25475000 epoch=5095 flow=44 side=new cur=9445397480 next=9606791951 tgt=9843902348 f=0.405 u=0 breach=1 end=
CBAP_MIG t=25475000 epoch=5095 flow=45 side=new cur=9445397480 next=9606791951 tgt=9843902348 f=0.405 u=0 breach=1 end=
CBAP_MIG t=25475000 epoch=5095 flow=46 side=new cur=9445397480 next=9606791951 tgt=9843902348 f=0.405 u=0 breach=1 end=
CBAP_MIG t=25475000 epoch=5095 flow=48 side=new cur=9445397480 next=9606791951 tgt=9843902348 f=0.405 u=0 breach=1 end=
CBAP_MIG t=25475000 epoch=5095 flow=49 side=new cur=9445397480 next=9606791951 tgt=9843902348 f=0.405 u=0 breach=1 end=
CBAP_MIG t=25475000 epoch=5095 flow=51 side=new cur=9445397480 next=9606791951 tgt=9843902348 f=0.405 u=0 breach=1 end=
CBAP_MIG t=25475000 epoch=5095 flow=52 side=new cur=9445397480 next=9606791951 tgt=9843902348 f=0.405 u=0 breach=1 end=
CBAP_MIG t=25475000 epoch=5095 flow=53 side=new cur=9445397480 next=9606791951 tgt=9843902348 f=0.405 u=0 breach=1 end=
CBAP_MIG t=25475000 epoch=5095 flow=55 side=new cur=9445397480 next=9606791951 tgt=9843902348 f=0.405 u=0 breach=1 end=
CBAP_MIG t=25475000 epoch=5095 flow=57 side=new cur=9445397480 next=9606791951 tgt=9843902348 f=0.405 u=0 breach=1 end=
CBAP_MIG t=25475000 epoch=5095 flow=58 side=new cur=9445397480 next=9606791951 tgt=9843902348 f=0.405 u=0 breach=1 end=
CBAP_MIG t=25475000 epoch=5095 flow=59 side=new cur=9445397480 next=9606791951 tgt=9843902348 f=0.405 u=0 breach=1 end=
CBAP_MIG t=25475000 epoch=5095 flow=61 side=new cur=9445397480 next=9606791951 tgt=9843902348 f=0.405 u=0 breach=1 end=
CBAP_MIG t=25475000 epoch=5095 flow=62 side=new cur=9445397480 next=9606791951 tgt=9843902348 f=0.405 u=0 breach=1 end=
CBAP_MIG t=25475000 epoch=5095 flow=64 side=new cur=9445397480 next=9606791951 tgt=9843902348 f=0.405 u=0 breach=1 end=
CBAP_MIG t=25480000 epoch=5096 flow=1 side=new cur=9606791951 next=9702821661 tgt=9843902348 f=0.405 u=0 breach=1 end=
CBAP_MIG t=25480000 epoch=5096 flow=2 side=new cur=9606791951 next=9702821661 tgt=9843902348 f=0.405 u=0 breach=1 end=
CBAP_MIG t=25480000 epoch=5096 flow=5 side=new cur=9606791951 next=9702821661 tgt=9843902348 f=0.405 u=0 breach=1 end=
CBAP_MIG t=25480000 epoch=5096 flow=7 side=new cur=9606791951 next=9702821661 tgt=9843902348 f=0.405 u=0 breach=1 end=
CBAP_MIG t=25480000 epoch=5096 flow=8 side=new cur=9606791951 next=9702821661 tgt=9843902348 f=0.405 u=0 breach=1 end=
CBAP_MIG t=25480000 epoch=5096 flow=9 side=new cur=9606791951 next=9702821661 tgt=9843902348 f=0.405 u=0 breach=1 end=
CBAP_MIG t=25480000 epoch=5096 flow=10 side=new cur=9606791951 next=9702821661 tgt=9843902348 f=0.405 u=0 breach=1 end=
CBAP_MIG t=25480000 epoch=5096 flow=12 side=new cur=9606791951 next=9702821661 tgt=9843902348 f=0.405 u=0 breach=1 end=
CBAP_MIG t=25480000 epoch=5096 flow=13 side=new cur=9606791951 next=9702821661 tgt=9843902348 f=0.405 u=0 breach=1 end=
CBAP_MIG t=25480000 epoch=5096 flow=15 side=new cur=9606791951 next=9702821661 tgt=9843902348 f=0.405 u=0 breach=1 end=
CBAP_MIG t=25480000 epoch=5096 flow=16 side=new cur=9606791951 next=9702821661 tgt=9843902348 f=0.405 u=0 breach=1 end=
CBAP_MIG t=25480000 epoch=5096 flow=17 side=new cur=9606791951 next=9702821661 tgt=9843902348 f=0.405 u=0 breach=1 end=
CBAP_MIG t=25480000 epoch=5096 flow=18 side=new cur=9606791951 next=9702821661 tgt=9843902348 f=0.405 u=0 breach=1 end=
CBAP_MIG t=25480000 epoch=5096 flow=19 side=new cur=9606791951 next=9702821661 tgt=9843902348 f=0.405 u=0 breach=1 end=
CBAP_MIG t=25480000 epoch=5096 flow=20 side=new cur=9606791951 next=9702821661 tgt=9843902348 f=0.405 u=0 breach=1 end=
CBAP_MIG t=25480000 epoch=5096 flow=21 side=new cur=9606791951 next=9702821661 tgt=9843902348 f=0.405 u=0 breach=1 end=
CBAP_MIG t=25480000 epoch=5096 flow=23 side=new cur=9606791951 next=9702821661 tgt=9843902348 f=0.405 u=0 breach=1 end=
CBAP_MIG t=25480000 epoch=5096 flow=27 side=new cur=9606791951 next=9702821661 tgt=9843902348 f=0.405 u=0 breach=1 end=
CBAP_MIG t=25480000 epoch=5096 flow=28 side=new cur=9606791951 next=9702821661 tgt=9843902348 f=0.405 u=0 breach=1 end=
CBAP_MIG t=25480000 epoch=5096 flow=29 side=new cur=9606791951 next=9702821661 tgt=9843902348 f=0.405 u=0 breach=1 end=
CBAP_MIG t=25480000 epoch=5096 flow=31 side=new cur=9606791951 next=9702821661 tgt=9843902348 f=0.405 u=0 breach=1 end=
CBAP_MIG t=25480000 epoch=5096 flow=32 side=new cur=9606791951 next=9702821661 tgt=9843902348 f=0.405 u=0 breach=1 end=
CBAP_MIG t=25480000 epoch=5096 flow=37 side=new cur=9606791951 next=9702821661 tgt=9843902348 f=0.405 u=0 breach=1 end=
CBAP_MIG t=25480000 epoch=5096 flow=38 side=new cur=9606791951 next=9702821661 tgt=9843902348 f=0.405 u=0 breach=1 end=
CBAP_MIG t=25480000 epoch=5096 flow=39 side=new cur=9606791951 next=9702821661 tgt=9843902348 f=0.405 u=0 breach=1 end=
CBAP_MIG t=25480000 epoch=5096 flow=42 side=new cur=9606791951 next=9702821661 tgt=9843902348 f=0.405 u=0 breach=1 end=
CBAP_MIG t=25480000 epoch=5096 flow=44 side=new cur=9606791951 next=9702821661 tgt=9843902348 f=0.405 u=0 breach=1 end=
CBAP_MIG t=25480000 epoch=5096 flow=45 side=new cur=9606791951 next=9702821661 tgt=9843902348 f=0.405 u=0 breach=1 end=
CBAP_MIG t=25480000 epoch=5096 flow=46 side=new cur=9606791951 next=9702821661 tgt=9843902348 f=0.405 u=0 breach=1 end=
CBAP_MIG t=25480000 epoch=5096 flow=48 side=new cur=9606791951 next=9702821661 tgt=9843902348 f=0.405 u=0 breach=1 end=
CBAP_MIG t=25480000 epoch=5096 flow=49 side=new cur=9606791951 next=9702821661 tgt=9843902348 f=0.405 u=0 breach=1 end=
CBAP_MIG t=25480000 epoch=5096 flow=51 side=new cur=9606791951 next=9702821661 tgt=9843902348 f=0.405 u=0 breach=1 end=
CBAP_MIG t=25480000 epoch=5096 flow=52 side=new cur=9606791951 next=9702821661 tgt=9843902348 f=0.405 u=0 breach=1 end=
CBAP_MIG t=25480000 epoch=5096 flow=53 side=new cur=9606791951 next=9702821661 tgt=9843902348 f=0.405 u=0 breach=1 end=
CBAP_MIG t=25480000 epoch=5096 flow=55 side=new cur=9606791951 next=9702821661 tgt=9843902348 f=0.405 u=0 breach=1 end=
CBAP_MIG t=25480000 epoch=5096 flow=57 side=new cur=9606791951 next=9702821661 tgt=9843902348 f=0.405 u=0 breach=1 end=
CBAP_MIG t=25480000 epoch=5096 flow=58 side=new cur=9606791951 next=9702821661 tgt=9843902348 f=0.405 u=0 breach=1 end=
CBAP_MIG t=25480000 epoch=5096 flow=59 side=new cur=9606791951 next=9702821661 tgt=9843902348 f=0.405 u=0 breach=1 end=
CBAP_MIG t=25480000 epoch=5096 flow=61 side=new cur=9606791951 next=9702821661 tgt=9843902348 f=0.405 u=0 breach=1 end=
CBAP_MIG t=25480000 epoch=5096 flow=62 side=new cur=9606791951 next=9702821661 tgt=9843902348 f=0.405 u=0 breach=1 end=
CBAP_MIG t=25480000 epoch=5096 flow=64 side=new cur=9606791951 next=9702821661 tgt=9843902348 f=0.405 u=0 breach=1 end=
CBAP_MIG t=25485000 epoch=5097 flow=1 side=new cur=9702821661 next=9759959339 tgt=9843902348 f=0.405 u=0 breach=1 end=converged
CBAP_MIG t=25485000 epoch=5097 flow=2 side=new cur=9702821661 next=9759959339 tgt=9843902348 f=0.405 u=0 breach=1 end=converged
CBAP_MIG t=25485000 epoch=5097 flow=5 side=new cur=9702821661 next=9759959339 tgt=9843902348 f=0.405 u=0 breach=1 end=converged
CBAP_MIG t=25485000 epoch=5097 flow=7 side=new cur=9702821661 next=9759959339 tgt=9843902348 f=0.405 u=0 breach=1 end=converged
CBAP_MIG t=25485000 epoch=5097 flow=8 side=new cur=9702821661 next=9759959339 tgt=9843902348 f=0.405 u=0 breach=1 end=converged
CBAP_MIG t=25485000 epoch=5097 flow=9 side=new cur=9702821661 next=9759959339 tgt=9843902348 f=0.405 u=0 breach=1 end=converged
CBAP_MIG t=25485000 epoch=5097 flow=10 side=new cur=9702821661 next=9759959339 tgt=9843902348 f=0.405 u=0 breach=1 end=converged
CBAP_MIG t=25485000 epoch=5097 flow=12 side=new cur=9702821661 next=9759959339 tgt=9843902348 f=0.405 u=0 breach=1 end=converged
CBAP_MIG t=25485000 epoch=5097 flow=13 side=new cur=9702821661 next=9759959339 tgt=9843902348 f=0.405 u=0 breach=1 end=converged
CBAP_MIG t=25485000 epoch=5097 flow=15 side=new cur=9702821661 next=9759959339 tgt=9843902348 f=0.405 u=0 breach=1 end=converged
CBAP_MIG t=25485000 epoch=5097 flow=16 side=new cur=9702821661 next=9759959339 tgt=9843902348 f=0.405 u=0 breach=1 end=converged
CBAP_MIG t=25485000 epoch=5097 flow=17 side=new cur=9702821661 next=9759959339 tgt=9843902348 f=0.405 u=0 breach=1 end=converged
CBAP_MIG t=25485000 epoch=5097 flow=18 side=new cur=9702821661 next=9759959339 tgt=9843902348 f=0.405 u=0 breach=1 end=converged
CBAP_MIG t=25485000 epoch=5097 flow=19 side=new cur=9702821661 next=9759959339 tgt=9843902348 f=0.405 u=0 breach=1 end=converged
CBAP_MIG t=25485000 epoch=5097 flow=20 side=new cur=9702821661 next=9759959339 tgt=9843902348 f=0.405 u=0 breach=1 end=converged
CBAP_MIG t=25485000 epoch=5097 flow=21 side=new cur=9702821661 next=9759959339 tgt=9843902348 f=0.405 u=0 breach=1 end=converged
CBAP_MIG t=25485000 epoch=5097 flow=23 side=new cur=9702821661 next=9759959339 tgt=9843902348 f=0.405 u=0 breach=1 end=converged
CBAP_MIG t=25485000 epoch=5097 flow=27 side=new cur=9702821661 next=9759959339 tgt=9843902348 f=0.405 u=0 breach=1 end=converged
CBAP_MIG t=25485000 epoch=5097 flow=28 side=new cur=9702821661 next=9759959339 tgt=9843902348 f=0.405 u=0 breach=1 end=converged
CBAP_MIG t=25485000 epoch=5097 flow=29 side=new cur=9702821661 next=9759959339 tgt=9843902348 f=0.405 u=0 breach=1 end=converged
CBAP_MIG t=25485000 epoch=5097 flow=31 side=new cur=9702821661 next=9759959339 tgt=9843902348 f=0.405 u=0 breach=1 end=converged
CBAP_MIG t=25485000 epoch=5097 flow=32 side=new cur=9702821661 next=9759959339 tgt=9843902348 f=0.405 u=0 breach=1 end=converged
CBAP_MIG t=25485000 epoch=5097 flow=37 side=new cur=9702821661 next=9759959339 tgt=9843902348 f=0.405 u=0 breach=1 end=converged
CBAP_MIG t=25485000 epoch=5097 flow=38 side=new cur=9702821661 next=9759959339 tgt=9843902348 f=0.405 u=0 breach=1 end=converged
CBAP_MIG t=25485000 epoch=5097 flow=39 side=new cur=9702821661 next=9759959339 tgt=9843902348 f=0.405 u=0 breach=1 end=converged
CBAP_MIG t=25485000 epoch=5097 flow=42 side=new cur=9702821661 next=9759959339 tgt=9843902348 f=0.405 u=0 breach=1 end=converged
CBAP_MIG t=25485000 epoch=5097 flow=44 side=new cur=9702821661 next=9759959339 tgt=9843902348 f=0.405 u=0 breach=1 end=converged
CBAP_MIG t=25485000 epoch=5097 flow=45 side=new cur=9702821661 next=9759959339 tgt=9843902348 f=0.405 u=0 breach=1 end=converged
CBAP_MIG t=25485000 epoch=5097 flow=46 side=new cur=9702821661 next=9759959339 tgt=9843902348 f=0.405 u=0 breach=1 end=converged
CBAP_MIG t=25485000 epoch=5097 flow=48 side=new cur=9702821661 next=9759959339 tgt=9843902348 f=0.405 u=0 breach=1 end=converged
CBAP_MIG t=25485000 epoch=5097 flow=49 side=new cur=9702821661 next=9759959339 tgt=9843902348 f=0.405 u=0 breach=1 end=converged
CBAP_MIG t=25485000 epoch=5097 flow=51 side=new cur=9702821661 next=9759959339 tgt=9843902348 f=0.405 u=0 breach=1 end=converged
CBAP_MIG t=25485000 epoch=5097 flow=52 side=new cur=9702821661 next=9759959339 tgt=9843902348 f=0.405 u=0 breach=1 end=converged
CBAP_MIG t=25485000 epoch=5097 flow=53 side=new cur=9702821661 next=9759959339 tgt=9843902348 f=0.405 u=0 breach=1 end=converged
CBAP_MIG t=25485000 epoch=5097 flow=55 side=new cur=9702821661 next=9759959339 tgt=9843902348 f=0.405 u=0 breach=1 end=converged
CBAP_MIG t=25485000 epoch=5097 flow=57 side=new cur=9702821661 next=9759959339 tgt=9843902348 f=0.405 u=0 breach=1 end=converged
CBAP_MIG t=25485000 epoch=5097 flow=58 side=new cur=9702821661 next=9759959339 tgt=9843902348 f=0.405 u=0 breach=1 end=converged
CBAP_MIG t=25485000 epoch=5097 flow=59 side=new cur=9702821661 next=9759959339 tgt=9843902348 f=0.405 u=0 breach=1 end=converged
CBAP_MIG t=25485000 epoch=5097 flow=61 side=new cur=9702821661 next=9759959339 tgt=9843902348 f=0.405 u=0 breach=1 end=converged
CBAP_MIG t=25485000 epoch=5097 flow=62 side=new cur=9702821661 next=9759959339 tgt=9843902348 f=0.405 u=0 breach=1 end=converged
CBAP_MIG t=25485000 epoch=5097 flow=64 side=new cur=9702821661 next=9759959339 tgt=9843902348 f=0.405 u=0 breach=1 end=converged
CBAP_MIG_REPLAN t=25515000 reason=active_set_shrank flow=0 batch=0 newest_batch=1 cur=4000026050 target=4000000000 ceiling=320000000000 old_side_present=1
CBAP_MIG_REPLAN t=25515000 reason=active_set_shrank flow=1 batch=1 newest_batch=1 cur=9759959339 target=9989999934 ceiling=400000000000 old_side_present=1
CBAP_MIG_REPLAN t=25515000 reason=active_set_shrank flow=2 batch=1 newest_batch=1 cur=9759959339 target=9989999934 ceiling=400000000000 old_side_present=1
CBAP_MIG_REPLAN t=25515000 reason=active_set_shrank flow=5 batch=1 newest_batch=1 cur=9759959339 target=9989999934 ceiling=400000000000 old_side_present=1
CBAP_MIG_REPLAN t=25515000 reason=active_set_shrank flow=7 batch=1 newest_batch=1 cur=9759959339 target=9989999934 ceiling=400000000000 old_side_present=1
CBAP_MIG_REPLAN t=25515000 reason=active_set_shrank flow=8 batch=1 newest_batch=1 cur=9759959339 target=9989999934 ceiling=400000000000 old_side_present=1
CBAP_MIG_REPLAN t=25515000 reason=active_set_shrank flow=9 batch=1 newest_batch=1 cur=9759959339 target=9989999934 ceiling=400000000000 old_side_present=1
CBAP_MIG_REPLAN t=25515000 reason=active_set_shrank flow=10 batch=1 newest_batch=1 cur=9759959339 target=9989999934 ceiling=400000000000 old_side_present=1
CBAP_MIG_REPLAN t=25515000 reason=active_set_shrank flow=12 batch=1 newest_batch=1 cur=9759959339 target=9989999934 ceiling=400000000000 old_side_present=1
CBAP_MIG_REPLAN t=25515000 reason=active_set_shrank flow=13 batch=1 newest_batch=1 cur=9759959339 target=9989999934 ceiling=400000000000 old_side_present=1
CBAP_MIG_REPLAN t=25515000 reason=active_set_shrank flow=15 batch=1 newest_batch=1 cur=9759959339 target=9989999934 ceiling=400000000000 old_side_present=1
CBAP_MIG_REPLAN t=25515000 reason=active_set_shrank flow=16 batch=1 newest_batch=1 cur=9759959339 target=9989999934 ceiling=400000000000 old_side_present=1
CBAP_MIG_REPLAN t=25515000 reason=active_set_shrank flow=17 batch=1 newest_batch=1 cur=9759959339 target=9989999934 ceiling=400000000000 old_side_present=1
CBAP_MIG_REPLAN t=25515000 reason=active_set_shrank flow=18 batch=1 newest_batch=1 cur=9759959339 target=9989999934 ceiling=400000000000 old_side_present=1
CBAP_MIG_REPLAN t=25515000 reason=active_set_shrank flow=19 batch=1 newest_batch=1 cur=9759959339 target=9989999934 ceiling=400000000000 old_side_present=1
CBAP_MIG_REPLAN t=25515000 reason=active_set_shrank flow=20 batch=1 newest_batch=1 cur=9759959339 target=9989999934 ceiling=400000000000 old_side_present=1
CBAP_MIG_REPLAN t=25515000 reason=active_set_shrank flow=21 batch=1 newest_batch=1 cur=9759959339 target=9989999934 ceiling=400000000000 old_side_present=1
CBAP_MIG_REPLAN t=25515000 reason=active_set_shrank flow=23 batch=1 newest_batch=1 cur=9759959339 target=9989999934 ceiling=400000000000 old_side_present=1
CBAP_MIG_REPLAN t=25515000 reason=active_set_shrank flow=27 batch=1 newest_batch=1 cur=9759959339 target=9989999934 ceiling=400000000000 old_side_present=1
CBAP_MIG_REPLAN t=25515000 reason=active_set_shrank flow=28 batch=1 newest_batch=1 cur=9759959339 target=9989999934 ceiling=400000000000 old_side_present=1
CBAP_MIG_REPLAN t=25515000 reason=active_set_shrank flow=29 batch=1 newest_batch=1 cur=9759959339 target=9989999934 ceiling=400000000000 old_side_present=1
CBAP_MIG_REPLAN t=25515000 reason=active_set_shrank flow=31 batch=1 newest_batch=1 cur=9759959339 target=9989999934 ceiling=400000000000 old_side_present=1
CBAP_MIG_REPLAN t=25515000 reason=active_set_shrank flow=32 batch=1 newest_batch=1 cur=9759959339 target=9989999934 ceiling=400000000000 old_side_present=1
CBAP_MIG_REPLAN t=25515000 reason=active_set_shrank flow=37 batch=1 newest_batch=1 cur=9759959339 target=9989999934 ceiling=400000000000 old_side_present=1
CBAP_MIG_REPLAN t=25515000 reason=active_set_shrank flow=38 batch=1 newest_batch=1 cur=9759959339 target=9989999934 ceiling=400000000000 old_side_present=1
CBAP_MIG_REPLAN t=25515000 reason=active_set_shrank flow=39 batch=1 newest_batch=1 cur=9759959339 target=9989999934 ceiling=400000000000 old_side_present=1
CBAP_MIG_REPLAN t=25515000 reason=active_set_shrank flow=42 batch=1 newest_batch=1 cur=9759959339 target=9989999934 ceiling=400000000000 old_side_present=1
CBAP_MIG_REPLAN t=25515000 reason=active_set_shrank flow=44 batch=1 newest_batch=1 cur=9759959339 target=9989999934 ceiling=400000000000 old_side_present=1
CBAP_MIG_REPLAN t=25515000 reason=active_set_shrank flow=45 batch=1 newest_batch=1 cur=9759959339 target=9989999934 ceiling=400000000000 old_side_present=1
CBAP_MIG_REPLAN t=25515000 reason=active_set_shrank flow=46 batch=1 newest_batch=1 cur=9759959339 target=9989999934 ceiling=400000000000 old_side_present=1
CBAP_MIG_REPLAN t=25515000 reason=active_set_shrank flow=49 batch=1 newest_batch=1 cur=9759959339 target=9989999934 ceiling=400000000000 old_side_present=1
CBAP_MIG_REPLAN t=25515000 reason=active_set_shrank flow=51 batch=1 newest_batch=1 cur=9759959339 target=9989999934 ceiling=400000000000 old_side_present=1
CBAP_MIG_REPLAN t=25515000 reason=active_set_shrank flow=52 batch=1 newest_batch=1 cur=9759959339 target=9989999934 ceiling=400000000000 old_side_present=1
CBAP_MIG_REPLAN t=25515000 reason=active_set_shrank flow=53 batch=1 newest_batch=1 cur=9759959339 target=9989999934 ceiling=400000000000 old_side_present=1
CBAP_MIG_REPLAN t=25515000 reason=active_set_shrank flow=55 batch=1 newest_batch=1 cur=9759959339 target=9989999934 ceiling=400000000000 old_side_present=1
CBAP_MIG_REPLAN t=25515000 reason=active_set_shrank flow=57 batch=1 newest_batch=1 cur=9759959339 target=9989999934 ceiling=400000000000 old_side_present=1
CBAP_MIG_REPLAN t=25515000 reason=active_set_shrank flow=58 batch=1 newest_batch=1 cur=9759959339 target=9989999934 ceiling=400000000000 old_side_present=1
CBAP_MIG_REPLAN t=25515000 reason=active_set_shrank flow=59 batch=1 newest_batch=1 cur=9759959339 target=9989999934 ceiling=400000000000 old_side_present=1
CBAP_MIG_REPLAN t=25515000 reason=active_set_shrank flow=61 batch=1 newest_batch=1 cur=9759959339 target=9989999934 ceiling=400000000000 old_side_present=1
CBAP_MIG_REPLAN t=25515000 reason=active_set_shrank flow=62 batch=1 newest_batch=1 cur=9759959339 target=9989999934 ceiling=400000000000 old_side_present=1
CBAP_MIG_REPLAN t=25515000 reason=active_set_shrank flow=64 batch=1 newest_batch=1 cur=9759959339 target=9989999934 ceiling=400000000000 old_side_present=1
CBAP_MIG t=25515000 epoch=5103 flow=0 side=old cur=4000026050 next=4000018235 tgt=4000000000 f=0.3 u=0 breach=0 end=converged
CBAP_MIG t=25515000 epoch=5103 flow=1 side=new cur=9759959339 next=9853125779 tgt=9989999934 f=0.405 u=0 breach=1 end=
CBAP_MIG t=25515000 epoch=5103 flow=2 side=new cur=9759959339 next=9853125779 tgt=9989999934 f=0.405 u=0 breach=1 end=
CBAP_MIG t=25515000 epoch=5103 flow=5 side=new cur=9759959339 next=9853125779 tgt=9989999934 f=0.405 u=0 breach=1 end=
CBAP_MIG t=25515000 epoch=5103 flow=7 side=new cur=9759959339 next=9853125779 tgt=9989999934 f=0.405 u=0 breach=1 end=
CBAP_MIG t=25515000 epoch=5103 flow=8 side=new cur=9759959339 next=9853125779 tgt=9989999934 f=0.405 u=0 breach=1 end=
CBAP_MIG t=25515000 epoch=5103 flow=9 side=new cur=9759959339 next=9853125779 tgt=9989999934 f=0.405 u=0 breach=1 end=
CBAP_MIG t=25515000 epoch=5103 flow=10 side=new cur=9759959339 next=9853125779 tgt=9989999934 f=0.405 u=0 breach=1 end=
CBAP_MIG t=25515000 epoch=5103 flow=12 side=new cur=9759959339 next=9853125779 tgt=9989999934 f=0.405 u=0 breach=1 end=
CBAP_MIG t=25515000 epoch=5103 flow=13 side=new cur=9759959339 next=9853125779 tgt=9989999934 f=0.405 u=0 breach=1 end=
CBAP_MIG t=25515000 epoch=5103 flow=15 side=new cur=9759959339 next=9853125779 tgt=9989999934 f=0.405 u=0 breach=1 end=
CBAP_MIG t=25515000 epoch=5103 flow=16 side=new cur=9759959339 next=9853125779 tgt=9989999934 f=0.405 u=0 breach=1 end=
CBAP_MIG t=25515000 epoch=5103 flow=17 side=new cur=9759959339 next=9853125779 tgt=9989999934 f=0.405 u=0 breach=1 end=
CBAP_MIG t=25515000 epoch=5103 flow=18 side=new cur=9759959339 next=9853125779 tgt=9989999934 f=0.405 u=0 breach=1 end=
CBAP_MIG t=25515000 epoch=5103 flow=19 side=new cur=9759959339 next=9853125779 tgt=9989999934 f=0.405 u=0 breach=1 end=
CBAP_MIG t=25515000 epoch=5103 flow=20 side=new cur=9759959339 next=9853125779 tgt=9989999934 f=0.405 u=0 breach=1 end=
CBAP_MIG t=25515000 epoch=5103 flow=21 side=new cur=9759959339 next=9853125779 tgt=9989999934 f=0.405 u=0 breach=1 end=
CBAP_MIG t=25515000 epoch=5103 flow=23 side=new cur=9759959339 next=9853125779 tgt=9989999934 f=0.405 u=0 breach=1 end=
CBAP_MIG t=25515000 epoch=5103 flow=27 side=new cur=9759959339 next=9853125779 tgt=9989999934 f=0.405 u=0 breach=1 end=
CBAP_MIG t=25515000 epoch=5103 flow=28 side=new cur=9759959339 next=9853125779 tgt=9989999934 f=0.405 u=0 breach=1 end=
CBAP_MIG t=25515000 epoch=5103 flow=29 side=new cur=9759959339 next=9853125779 tgt=9989999934 f=0.405 u=0 breach=1 end=
CBAP_MIG t=25515000 epoch=5103 flow=31 side=new cur=9759959339 next=9853125779 tgt=9989999934 f=0.405 u=0 breach=1 end=
CBAP_MIG t=25515000 epoch=5103 flow=32 side=new cur=9759959339 next=9853125779 tgt=9989999934 f=0.405 u=0 breach=1 end=
CBAP_MIG t=25515000 epoch=5103 flow=37 side=new cur=9759959339 next=9853125779 tgt=9989999934 f=0.405 u=0 breach=1 end=
CBAP_MIG t=25515000 epoch=5103 flow=38 side=new cur=9759959339 next=9853125779 tgt=9989999934 f=0.405 u=0 breach=1 end=
CBAP_MIG t=25515000 epoch=5103 flow=39 side=new cur=9759959339 next=9853125779 tgt=9989999934 f=0.405 u=0 breach=1 end=
CBAP_MIG t=25515000 epoch=5103 flow=42 side=new cur=9759959339 next=9853125779 tgt=9989999934 f=0.405 u=0 breach=1 end=
CBAP_MIG t=25515000 epoch=5103 flow=44 side=new cur=9759959339 next=9853125779 tgt=9989999934 f=0.405 u=0 breach=1 end=
CBAP_MIG t=25515000 epoch=5103 flow=45 side=new cur=9759959339 next=9853125779 tgt=9989999934 f=0.405 u=0 breach=1 end=
CBAP_MIG t=25515000 epoch=5103 flow=46 side=new cur=9759959339 next=9853125779 tgt=9989999934 f=0.405 u=0 breach=1 end=
CBAP_MIG t=25515000 epoch=5103 flow=49 side=new cur=9759959339 next=9853125779 tgt=9989999934 f=0.405 u=0 breach=1 end=
CBAP_MIG t=25515000 epoch=5103 flow=51 side=new cur=9759959339 next=9853125779 tgt=9989999934 f=0.405 u=0 breach=1 end=
CBAP_MIG t=25515000 epoch=5103 flow=52 side=new cur=9759959339 next=9853125779 tgt=9989999934 f=0.405 u=0 breach=1 end=
CBAP_MIG t=25515000 epoch=5103 flow=53 side=new cur=9759959339 next=9853125779 tgt=9989999934 f=0.405 u=0 breach=1 end=
CBAP_MIG t=25515000 epoch=5103 flow=55 side=new cur=9759959339 next=9853125779 tgt=9989999934 f=0.405 u=0 breach=1 end=
CBAP_MIG t=25515000 epoch=5103 flow=57 side=new cur=9759959339 next=9853125779 tgt=9989999934 f=0.405 u=0 breach=1 end=
CBAP_MIG t=25515000 epoch=5103 flow=58 side=new cur=9759959339 next=9853125779 tgt=9989999934 f=0.405 u=0 breach=1 end=
CBAP_MIG t=25515000 epoch=5103 flow=59 side=new cur=9759959339 next=9853125779 tgt=9989999934 f=0.405 u=0 breach=1 end=
CBAP_MIG t=25515000 epoch=5103 flow=61 side=new cur=9759959339 next=9853125779 tgt=9989999934 f=0.405 u=0 breach=1 end=
CBAP_MIG t=25515000 epoch=5103 flow=62 side=new cur=9759959339 next=9853125779 tgt=9989999934 f=0.405 u=0 breach=1 end=
CBAP_MIG t=25515000 epoch=5103 flow=64 side=new cur=9759959339 next=9853125779 tgt=9989999934 f=0.405 u=0 breach=1 end=
CBAP_MIG_REPLAN t=25520000 reason=active_set_shrank flow=0 batch=0 newest_batch=1 cur=4000018235 target=4000000000 ceiling=320000000000 old_side_present=1
CBAP_MIG_REPLAN t=25520000 reason=active_set_shrank flow=1 batch=1 newest_batch=1 cur=9853125779 target=10246153799 ceiling=400000000000 old_side_present=1
CBAP_MIG_REPLAN t=25520000 reason=active_set_shrank flow=2 batch=1 newest_batch=1 cur=9853125779 target=10246153799 ceiling=400000000000 old_side_present=1
CBAP_MIG_REPLAN t=25520000 reason=active_set_shrank flow=5 batch=1 newest_batch=1 cur=9853125779 target=10246153799 ceiling=400000000000 old_side_present=1
CBAP_MIG_REPLAN t=25520000 reason=active_set_shrank flow=7 batch=1 newest_batch=1 cur=9853125779 target=10246153799 ceiling=400000000000 old_side_present=1
CBAP_MIG_REPLAN t=25520000 reason=active_set_shrank flow=8 batch=1 newest_batch=1 cur=9853125779 target=10246153799 ceiling=400000000000 old_side_present=1
CBAP_MIG_REPLAN t=25520000 reason=active_set_shrank flow=9 batch=1 newest_batch=1 cur=9853125779 target=10246153799 ceiling=400000000000 old_side_present=1
CBAP_MIG_REPLAN t=25520000 reason=active_set_shrank flow=10 batch=1 newest_batch=1 cur=9853125779 target=10246153799 ceiling=400000000000 old_side_present=1
CBAP_MIG_REPLAN t=25520000 reason=active_set_shrank flow=12 batch=1 newest_batch=1 cur=9853125779 target=10246153799 ceiling=400000000000 old_side_present=1
CBAP_MIG_REPLAN t=25520000 reason=active_set_shrank flow=13 batch=1 newest_batch=1 cur=9853125779 target=10246153799 ceiling=400000000000 old_side_present=1
CBAP_MIG_REPLAN t=25520000 reason=active_set_shrank flow=15 batch=1 newest_batch=1 cur=9853125779 target=10246153799 ceiling=400000000000 old_side_present=1
CBAP_MIG_REPLAN t=25520000 reason=active_set_shrank flow=16 batch=1 newest_batch=1 cur=9853125779 target=10246153799 ceiling=400000000000 old_side_present=1
CBAP_MIG_REPLAN t=25520000 reason=active_set_shrank flow=17 batch=1 newest_batch=1 cur=9853125779 target=10246153799 ceiling=400000000000 old_side_present=1
CBAP_MIG_REPLAN t=25520000 reason=active_set_shrank flow=18 batch=1 newest_batch=1 cur=9853125779 target=10246153799 ceiling=400000000000 old_side_present=1
CBAP_MIG_REPLAN t=25520000 reason=active_set_shrank flow=19 batch=1 newest_batch=1 cur=9853125779 target=10246153799 ceiling=400000000000 old_side_present=1
CBAP_MIG_REPLAN t=25520000 reason=active_set_shrank flow=20 batch=1 newest_batch=1 cur=9853125779 target=10246153799 ceiling=400000000000 old_side_present=1
CBAP_MIG_REPLAN t=25520000 reason=active_set_shrank flow=21 batch=1 newest_batch=1 cur=9853125779 target=10246153799 ceiling=400000000000 old_side_present=1
CBAP_MIG_REPLAN t=25520000 reason=active_set_shrank flow=27 batch=1 newest_batch=1 cur=9853125779 target=10246153799 ceiling=400000000000 old_side_present=1
CBAP_MIG_REPLAN t=25520000 reason=active_set_shrank flow=28 batch=1 newest_batch=1 cur=9853125779 target=10246153799 ceiling=400000000000 old_side_present=1
CBAP_MIG_REPLAN t=25520000 reason=active_set_shrank flow=29 batch=1 newest_batch=1 cur=9853125779 target=10246153799 ceiling=400000000000 old_side_present=1
CBAP_MIG_REPLAN t=25520000 reason=active_set_shrank flow=31 batch=1 newest_batch=1 cur=9853125779 target=10246153799 ceiling=400000000000 old_side_present=1
CBAP_MIG_REPLAN t=25520000 reason=active_set_shrank flow=32 batch=1 newest_batch=1 cur=9853125779 target=10246153799 ceiling=400000000000 old_side_present=1
CBAP_MIG_REPLAN t=25520000 reason=active_set_shrank flow=37 batch=1 newest_batch=1 cur=9853125779 target=10246153799 ceiling=400000000000 old_side_present=1
CBAP_MIG_REPLAN t=25520000 reason=active_set_shrank flow=38 batch=1 newest_batch=1 cur=9853125779 target=10246153799 ceiling=400000000000 old_side_present=1
CBAP_MIG_REPLAN t=25520000 reason=active_set_shrank flow=39 batch=1 newest_batch=1 cur=9853125779 target=10246153799 ceiling=400000000000 old_side_present=1
CBAP_MIG_REPLAN t=25520000 reason=active_set_shrank flow=42 batch=1 newest_batch=1 cur=9853125779 target=10246153799 ceiling=400000000000 old_side_present=1
CBAP_MIG_REPLAN t=25520000 reason=active_set_shrank flow=44 batch=1 newest_batch=1 cur=9853125779 target=10246153799 ceiling=400000000000 old_side_present=1
CBAP_MIG_REPLAN t=25520000 reason=active_set_shrank flow=45 batch=1 newest_batch=1 cur=9853125779 target=10246153799 ceiling=400000000000 old_side_present=1
CBAP_MIG_REPLAN t=25520000 reason=active_set_shrank flow=46 batch=1 newest_batch=1 cur=9853125779 target=10246153799 ceiling=400000000000 old_side_present=1
CBAP_MIG_REPLAN t=25520000 reason=active_set_shrank flow=49 batch=1 newest_batch=1 cur=9853125779 target=10246153799 ceiling=400000000000 old_side_present=1
CBAP_MIG_REPLAN t=25520000 reason=active_set_shrank flow=51 batch=1 newest_batch=1 cur=9853125779 target=10246153799 ceiling=400000000000 old_side_present=1
CBAP_MIG_REPLAN t=25520000 reason=active_set_shrank flow=52 batch=1 newest_batch=1 cur=9853125779 target=10246153799 ceiling=400000000000 old_side_present=1
CBAP_MIG_REPLAN t=25520000 reason=active_set_shrank flow=53 batch=1 newest_batch=1 cur=9853125779 target=10246153799 ceiling=400000000000 old_side_present=1
CBAP_MIG_REPLAN t=25520000 reason=active_set_shrank flow=55 batch=1 newest_batch=1 cur=9853125779 target=10246153799 ceiling=400000000000 old_side_present=1
CBAP_MIG_REPLAN t=25520000 reason=active_set_shrank flow=57 batch=1 newest_batch=1 cur=9853125779 target=10246153799 ceiling=400000000000 old_side_present=1
CBAP_MIG_REPLAN t=25520000 reason=active_set_shrank flow=58 batch=1 newest_batch=1 cur=9853125779 target=10246153799 ceiling=400000000000 old_side_present=1
CBAP_MIG_REPLAN t=25520000 reason=active_set_shrank flow=59 batch=1 newest_batch=1 cur=9853125779 target=10246153799 ceiling=400000000000 old_side_present=1
CBAP_MIG_REPLAN t=25520000 reason=active_set_shrank flow=61 batch=1 newest_batch=1 cur=9853125779 target=10246153799 ceiling=400000000000 old_side_present=1
CBAP_MIG_REPLAN t=25520000 reason=active_set_shrank flow=62 batch=1 newest_batch=1 cur=9853125779 target=10246153799 ceiling=400000000000 old_side_present=1
CBAP_MIG_REPLAN t=25520000 reason=active_set_shrank flow=64 batch=1 newest_batch=1 cur=9853125779 target=10246153799 ceiling=400000000000 old_side_present=1
CBAP_MIG t=25520000 epoch=5104 flow=0 side=old cur=4000018235 next=4000012764 tgt=4000000000 f=0.3 u=0 breach=0 end=converged
CBAP_MIG t=25520000 epoch=5104 flow=1 side=new cur=9853125779 next=10012302127 tgt=10246153799 f=0.405 u=0 breach=1 end=
CBAP_MIG t=25520000 epoch=5104 flow=2 side=new cur=9853125779 next=10012302127 tgt=10246153799 f=0.405 u=0 breach=1 end=
CBAP_MIG t=25520000 epoch=5104 flow=5 side=new cur=9853125779 next=10012302127 tgt=10246153799 f=0.405 u=0 breach=1 end=
CBAP_MIG t=25520000 epoch=5104 flow=7 side=new cur=9853125779 next=10012302127 tgt=10246153799 f=0.405 u=0 breach=1 end=
CBAP_MIG t=25520000 epoch=5104 flow=8 side=new cur=9853125779 next=10012302127 tgt=10246153799 f=0.405 u=0 breach=1 end=
CBAP_MIG t=25520000 epoch=5104 flow=9 side=new cur=9853125779 next=10012302127 tgt=10246153799 f=0.405 u=0 breach=1 end=
CBAP_MIG t=25520000 epoch=5104 flow=10 side=new cur=9853125779 next=10012302127 tgt=10246153799 f=0.405 u=0 breach=1 end=
CBAP_MIG t=25520000 epoch=5104 flow=12 side=new cur=9853125779 next=10012302127 tgt=10246153799 f=0.405 u=0 breach=1 end=
CBAP_MIG t=25520000 epoch=5104 flow=13 side=new cur=9853125779 next=10012302127 tgt=10246153799 f=0.405 u=0 breach=1 end=
CBAP_MIG t=25520000 epoch=5104 flow=15 side=new cur=9853125779 next=10012302127 tgt=10246153799 f=0.405 u=0 breach=1 end=
CBAP_MIG t=25520000 epoch=5104 flow=16 side=new cur=9853125779 next=10012302127 tgt=10246153799 f=0.405 u=0 breach=1 end=
CBAP_MIG t=25520000 epoch=5104 flow=17 side=new cur=9853125779 next=10012302127 tgt=10246153799 f=0.405 u=0 breach=1 end=
CBAP_MIG t=25520000 epoch=5104 flow=18 side=new cur=9853125779 next=10012302127 tgt=10246153799 f=0.405 u=0 breach=1 end=
CBAP_MIG t=25520000 epoch=5104 flow=19 side=new cur=9853125779 next=10012302127 tgt=10246153799 f=0.405 u=0 breach=1 end=
CBAP_MIG t=25520000 epoch=5104 flow=20 side=new cur=9853125779 next=10012302127 tgt=10246153799 f=0.405 u=0 breach=1 end=
CBAP_MIG t=25520000 epoch=5104 flow=21 side=new cur=9853125779 next=10012302127 tgt=10246153799 f=0.405 u=0 breach=1 end=
CBAP_MIG t=25520000 epoch=5104 flow=27 side=new cur=9853125779 next=10012302127 tgt=10246153799 f=0.405 u=0 breach=1 end=
CBAP_MIG t=25520000 epoch=5104 flow=28 side=new cur=9853125779 next=10012302127 tgt=10246153799 f=0.405 u=0 breach=1 end=
CBAP_MIG t=25520000 epoch=5104 flow=29 side=new cur=9853125779 next=10012302127 tgt=10246153799 f=0.405 u=0 breach=1 end=
CBAP_MIG t=25520000 epoch=5104 flow=31 side=new cur=9853125779 next=10012302127 tgt=10246153799 f=0.405 u=0 breach=1 end=
CBAP_MIG t=25520000 epoch=5104 flow=32 side=new cur=9853125779 next=10012302127 tgt=10246153799 f=0.405 u=0 breach=1 end=
CBAP_MIG t=25520000 epoch=5104 flow=37 side=new cur=9853125779 next=10012302127 tgt=10246153799 f=0.405 u=0 breach=1 end=
CBAP_MIG t=25520000 epoch=5104 flow=38 side=new cur=9853125779 next=10012302127 tgt=10246153799 f=0.405 u=0 breach=1 end=
CBAP_MIG t=25520000 epoch=5104 flow=39 side=new cur=9853125779 next=10012302127 tgt=10246153799 f=0.405 u=0 breach=1 end=
CBAP_MIG t=25520000 epoch=5104 flow=42 side=new cur=9853125779 next=10012302127 tgt=10246153799 f=0.405 u=0 breach=1 end=
CBAP_MIG t=25520000 epoch=5104 flow=44 side=new cur=9853125779 next=10012302127 tgt=10246153799 f=0.405 u=0 breach=1 end=
CBAP_MIG t=25520000 epoch=5104 flow=45 side=new cur=9853125779 next=10012302127 tgt=10246153799 f=0.405 u=0 breach=1 end=
CBAP_MIG t=25520000 epoch=5104 flow=46 side=new cur=9853125779 next=10012302127 tgt=10246153799 f=0.405 u=0 breach=1 end=
CBAP_MIG t=25520000 epoch=5104 flow=49 side=new cur=9853125779 next=10012302127 tgt=10246153799 f=0.405 u=0 breach=1 end=
CBAP_MIG t=25520000 epoch=5104 flow=51 side=new cur=9853125779 next=10012302127 tgt=10246153799 f=0.405 u=0 breach=1 end=
CBAP_MIG t=25520000 epoch=5104 flow=52 side=new cur=9853125779 next=10012302127 tgt=10246153799 f=0.405 u=0 breach=1 end=
CBAP_MIG t=25520000 epoch=5104 flow=53 side=new cur=9853125779 next=10012302127 tgt=10246153799 f=0.405 u=0 breach=1 end=
CBAP_MIG t=25520000 epoch=5104 flow=55 side=new cur=9853125779 next=10012302127 tgt=10246153799 f=0.405 u=0 breach=1 end=
CBAP_MIG t=25520000 epoch=5104 flow=57 side=new cur=9853125779 next=10012302127 tgt=10246153799 f=0.405 u=0 breach=1 end=
CBAP_MIG t=25520000 epoch=5104 flow=58 side=new cur=9853125779 next=10012302127 tgt=10246153799 f=0.405 u=0 breach=1 end=
CBAP_MIG t=25520000 epoch=5104 flow=59 side=new cur=9853125779 next=10012302127 tgt=10246153799 f=0.405 u=0 breach=1 end=
CBAP_MIG t=25520000 epoch=5104 flow=61 side=new cur=9853125779 next=10012302127 tgt=10246153799 f=0.405 u=0 breach=1 end=
CBAP_MIG t=25520000 epoch=5104 flow=62 side=new cur=9853125779 next=10012302127 tgt=10246153799 f=0.405 u=0 breach=1 end=
CBAP_MIG t=25520000 epoch=5104 flow=64 side=new cur=9853125779 next=10012302127 tgt=10246153799 f=0.405 u=0 breach=1 end=
CBAP_MIG t=25525000 epoch=5105 flow=1 side=new cur=10012302127 next=10107012054 tgt=10246153799 f=0.405 u=0 breach=1 end=
CBAP_MIG t=25525000 epoch=5105 flow=2 side=new cur=10012302127 next=10107012054 tgt=10246153799 f=0.405 u=0 breach=1 end=
CBAP_MIG t=25525000 epoch=5105 flow=5 side=new cur=10012302127 next=10107012054 tgt=10246153799 f=0.405 u=0 breach=1 end=
CBAP_MIG t=25525000 epoch=5105 flow=7 side=new cur=10012302127 next=10107012054 tgt=10246153799 f=0.405 u=0 breach=1 end=
CBAP_MIG t=25525000 epoch=5105 flow=8 side=new cur=10012302127 next=10107012054 tgt=10246153799 f=0.405 u=0 breach=1 end=
CBAP_MIG t=25525000 epoch=5105 flow=9 side=new cur=10012302127 next=10107012054 tgt=10246153799 f=0.405 u=0 breach=1 end=
CBAP_MIG t=25525000 epoch=5105 flow=10 side=new cur=10012302127 next=10107012054 tgt=10246153799 f=0.405 u=0 breach=1 end=
CBAP_MIG t=25525000 epoch=5105 flow=12 side=new cur=10012302127 next=10107012054 tgt=10246153799 f=0.405 u=0 breach=1 end=
CBAP_MIG t=25525000 epoch=5105 flow=13 side=new cur=10012302127 next=10107012054 tgt=10246153799 f=0.405 u=0 breach=1 end=
CBAP_MIG t=25525000 epoch=5105 flow=15 side=new cur=10012302127 next=10107012054 tgt=10246153799 f=0.405 u=0 breach=1 end=
CBAP_MIG t=25525000 epoch=5105 flow=16 side=new cur=10012302127 next=10107012054 tgt=10246153799 f=0.405 u=0 breach=1 end=
CBAP_MIG t=25525000 epoch=5105 flow=17 side=new cur=10012302127 next=10107012054 tgt=10246153799 f=0.405 u=0 breach=1 end=
CBAP_MIG t=25525000 epoch=5105 flow=18 side=new cur=10012302127 next=10107012054 tgt=10246153799 f=0.405 u=0 breach=1 end=
CBAP_MIG t=25525000 epoch=5105 flow=19 side=new cur=10012302127 next=10107012054 tgt=10246153799 f=0.405 u=0 breach=1 end=
CBAP_MIG t=25525000 epoch=5105 flow=20 side=new cur=10012302127 next=10107012054 tgt=10246153799 f=0.405 u=0 breach=1 end=
CBAP_MIG t=25525000 epoch=5105 flow=21 side=new cur=10012302127 next=10107012054 tgt=10246153799 f=0.405 u=0 breach=1 end=
CBAP_MIG t=25525000 epoch=5105 flow=27 side=new cur=10012302127 next=10107012054 tgt=10246153799 f=0.405 u=0 breach=1 end=
CBAP_MIG t=25525000 epoch=5105 flow=28 side=new cur=10012302127 next=10107012054 tgt=10246153799 f=0.405 u=0 breach=1 end=
CBAP_MIG t=25525000 epoch=5105 flow=29 side=new cur=10012302127 next=10107012054 tgt=10246153799 f=0.405 u=0 breach=1 end=
CBAP_MIG t=25525000 epoch=5105 flow=31 side=new cur=10012302127 next=10107012054 tgt=10246153799 f=0.405 u=0 breach=1 end=
CBAP_MIG t=25525000 epoch=5105 flow=32 side=new cur=10012302127 next=10107012054 tgt=10246153799 f=0.405 u=0 breach=1 end=
CBAP_MIG t=25525000 epoch=5105 flow=37 side=new cur=10012302127 next=10107012054 tgt=10246153799 f=0.405 u=0 breach=1 end=
CBAP_MIG t=25525000 epoch=5105 flow=38 side=new cur=10012302127 next=10107012054 tgt=10246153799 f=0.405 u=0 breach=1 end=
CBAP_MIG t=25525000 epoch=5105 flow=39 side=new cur=10012302127 next=10107012054 tgt=10246153799 f=0.405 u=0 breach=1 end=
CBAP_MIG t=25525000 epoch=5105 flow=42 side=new cur=10012302127 next=10107012054 tgt=10246153799 f=0.405 u=0 breach=1 end=
CBAP_MIG t=25525000 epoch=5105 flow=44 side=new cur=10012302127 next=10107012054 tgt=10246153799 f=0.405 u=0 breach=1 end=
CBAP_MIG t=25525000 epoch=5105 flow=45 side=new cur=10012302127 next=10107012054 tgt=10246153799 f=0.405 u=0 breach=1 end=
CBAP_MIG t=25525000 epoch=5105 flow=46 side=new cur=10012302127 next=10107012054 tgt=10246153799 f=0.405 u=0 breach=1 end=
CBAP_MIG t=25525000 epoch=5105 flow=49 side=new cur=10012302127 next=10107012054 tgt=10246153799 f=0.405 u=0 breach=1 end=
CBAP_MIG t=25525000 epoch=5105 flow=51 side=new cur=10012302127 next=10107012054 tgt=10246153799 f=0.405 u=0 breach=1 end=
CBAP_MIG t=25525000 epoch=5105 flow=52 side=new cur=10012302127 next=10107012054 tgt=10246153799 f=0.405 u=0 breach=1 end=
CBAP_MIG t=25525000 epoch=5105 flow=53 side=new cur=10012302127 next=10107012054 tgt=10246153799 f=0.405 u=0 breach=1 end=
CBAP_MIG t=25525000 epoch=5105 flow=55 side=new cur=10012302127 next=10107012054 tgt=10246153799 f=0.405 u=0 breach=1 end=
CBAP_MIG t=25525000 epoch=5105 flow=57 side=new cur=10012302127 next=10107012054 tgt=10246153799 f=0.405 u=0 breach=1 end=
CBAP_MIG t=25525000 epoch=5105 flow=58 side=new cur=10012302127 next=10107012054 tgt=10246153799 f=0.405 u=0 breach=1 end=
CBAP_MIG t=25525000 epoch=5105 flow=59 side=new cur=10012302127 next=10107012054 tgt=10246153799 f=0.405 u=0 breach=1 end=
CBAP_MIG t=25525000 epoch=5105 flow=61 side=new cur=10012302127 next=10107012054 tgt=10246153799 f=0.405 u=0 breach=1 end=
CBAP_MIG t=25525000 epoch=5105 flow=62 side=new cur=10012302127 next=10107012054 tgt=10246153799 f=0.405 u=0 breach=1 end=
CBAP_MIG t=25525000 epoch=5105 flow=64 side=new cur=10012302127 next=10107012054 tgt=10246153799 f=0.405 u=0 breach=1 end=
CBAP_MIG t=25530000 epoch=5106 flow=1 side=new cur=10107012054 next=10163364460 tgt=10246153799 f=0.405 u=0 breach=1 end=converged
CBAP_MIG t=25530000 epoch=5106 flow=2 side=new cur=10107012054 next=10163364460 tgt=10246153799 f=0.405 u=0 breach=1 end=converged
CBAP_MIG t=25530000 epoch=5106 flow=5 side=new cur=10107012054 next=10163364460 tgt=10246153799 f=0.405 u=0 breach=1 end=converged
CBAP_MIG t=25530000 epoch=5106 flow=7 side=new cur=10107012054 next=10163364460 tgt=10246153799 f=0.405 u=0 breach=1 end=converged
CBAP_MIG t=25530000 epoch=5106 flow=8 side=new cur=10107012054 next=10163364460 tgt=10246153799 f=0.405 u=0 breach=1 end=converged
CBAP_MIG t=25530000 epoch=5106 flow=9 side=new cur=10107012054 next=10163364460 tgt=10246153799 f=0.405 u=0 breach=1 end=converged
CBAP_MIG t=25530000 epoch=5106 flow=10 side=new cur=10107012054 next=10163364460 tgt=10246153799 f=0.405 u=0 breach=1 end=converged
CBAP_MIG t=25530000 epoch=5106 flow=12 side=new cur=10107012054 next=10163364460 tgt=10246153799 f=0.405 u=0 breach=1 end=converged
CBAP_MIG t=25530000 epoch=5106 flow=13 side=new cur=10107012054 next=10163364460 tgt=10246153799 f=0.405 u=0 breach=1 end=converged
CBAP_MIG t=25530000 epoch=5106 flow=15 side=new cur=10107012054 next=10163364460 tgt=10246153799 f=0.405 u=0 breach=1 end=converged
CBAP_MIG t=25530000 epoch=5106 flow=16 side=new cur=10107012054 next=10163364460 tgt=10246153799 f=0.405 u=0 breach=1 end=converged
CBAP_MIG t=25530000 epoch=5106 flow=17 side=new cur=10107012054 next=10163364460 tgt=10246153799 f=0.405 u=0 breach=1 end=converged
CBAP_MIG t=25530000 epoch=5106 flow=18 side=new cur=10107012054 next=10163364460 tgt=10246153799 f=0.405 u=0 breach=1 end=converged
CBAP_MIG t=25530000 epoch=5106 flow=19 side=new cur=10107012054 next=10163364460 tgt=10246153799 f=0.405 u=0 breach=1 end=converged
CBAP_MIG t=25530000 epoch=5106 flow=20 side=new cur=10107012054 next=10163364460 tgt=10246153799 f=0.405 u=0 breach=1 end=converged
CBAP_MIG t=25530000 epoch=5106 flow=21 side=new cur=10107012054 next=10163364460 tgt=10246153799 f=0.405 u=0 breach=1 end=converged
CBAP_MIG t=25530000 epoch=5106 flow=27 side=new cur=10107012054 next=10163364460 tgt=10246153799 f=0.405 u=0 breach=1 end=converged
CBAP_MIG t=25530000 epoch=5106 flow=28 side=new cur=10107012054 next=10163364460 tgt=10246153799 f=0.405 u=0 breach=1 end=converged
CBAP_MIG t=25530000 epoch=5106 flow=29 side=new cur=10107012054 next=10163364460 tgt=10246153799 f=0.405 u=0 breach=1 end=converged
CBAP_MIG t=25530000 epoch=5106 flow=31 side=new cur=10107012054 next=10163364460 tgt=10246153799 f=0.405 u=0 breach=1 end=converged
CBAP_MIG t=25530000 epoch=5106 flow=32 side=new cur=10107012054 next=10163364460 tgt=10246153799 f=0.405 u=0 breach=1 end=converged
CBAP_MIG t=25530000 epoch=5106 flow=37 side=new cur=10107012054 next=10163364460 tgt=10246153799 f=0.405 u=0 breach=1 end=converged
CBAP_MIG t=25530000 epoch=5106 flow=38 side=new cur=10107012054 next=10163364460 tgt=10246153799 f=0.405 u=0 breach=1 end=converged
CBAP_MIG t=25530000 epoch=5106 flow=39 side=new cur=10107012054 next=10163364460 tgt=10246153799 f=0.405 u=0 breach=1 end=converged
CBAP_MIG t=25530000 epoch=5106 flow=42 side=new cur=10107012054 next=10163364460 tgt=10246153799 f=0.405 u=0 breach=1 end=converged
CBAP_MIG t=25530000 epoch=5106 flow=44 side=new cur=10107012054 next=10163364460 tgt=10246153799 f=0.405 u=0 breach=1 end=converged
CBAP_MIG t=25530000 epoch=5106 flow=45 side=new cur=10107012054 next=10163364460 tgt=10246153799 f=0.405 u=0 breach=1 end=converged
CBAP_MIG t=25530000 epoch=5106 flow=46 side=new cur=10107012054 next=10163364460 tgt=10246153799 f=0.405 u=0 breach=1 end=converged
CBAP_MIG t=25530000 epoch=5106 flow=49 side=new cur=10107012054 next=10163364460 tgt=10246153799 f=0.405 u=0 breach=1 end=converged
CBAP_MIG t=25530000 epoch=5106 flow=51 side=new cur=10107012054 next=10163364460 tgt=10246153799 f=0.405 u=0 breach=1 end=converged
CBAP_MIG t=25530000 epoch=5106 flow=52 side=new cur=10107012054 next=10163364460 tgt=10246153799 f=0.405 u=0 breach=1 end=converged
CBAP_MIG t=25530000 epoch=5106 flow=53 side=new cur=10107012054 next=10163364460 tgt=10246153799 f=0.405 u=0 breach=1 end=converged
CBAP_MIG t=25530000 epoch=5106 flow=55 side=new cur=10107012054 next=10163364460 tgt=10246153799 f=0.405 u=0 breach=1 end=converged
CBAP_MIG t=25530000 epoch=5106 flow=57 side=new cur=10107012054 next=10163364460 tgt=10246153799 f=0.405 u=0 breach=1 end=converged
CBAP_MIG t=25530000 epoch=5106 flow=58 side=new cur=10107012054 next=10163364460 tgt=10246153799 f=0.405 u=0 breach=1 end=converged
CBAP_MIG t=25530000 epoch=5106 flow=59 side=new cur=10107012054 next=10163364460 tgt=10246153799 f=0.405 u=0 breach=1 end=converged
CBAP_MIG t=25530000 epoch=5106 flow=61 side=new cur=10107012054 next=10163364460 tgt=10246153799 f=0.405 u=0 breach=1 end=converged
CBAP_MIG t=25530000 epoch=5106 flow=62 side=new cur=10107012054 next=10163364460 tgt=10246153799 f=0.405 u=0 breach=1 end=converged
CBAP_MIG t=25530000 epoch=5106 flow=64 side=new cur=10107012054 next=10163364460 tgt=10246153799 f=0.405 u=0 breach=1 end=converged
CBAP_MIG_REPLAN t=25550000 reason=active_set_shrank flow=0 batch=0 newest_batch=1 cur=4000012764 target=4000000000 ceiling=320000000000 old_side_present=1
CBAP_MIG_REPLAN t=25550000 reason=active_set_shrank flow=1 batch=1 newest_batch=1 cur=10163364460 target=10621052598 ceiling=400000000000 old_side_present=1
CBAP_MIG_REPLAN t=25550000 reason=active_set_shrank flow=2 batch=1 newest_batch=1 cur=10163364460 target=10621052598 ceiling=400000000000 old_side_present=1
CBAP_MIG_REPLAN t=25550000 reason=active_set_shrank flow=5 batch=1 newest_batch=1 cur=10163364460 target=10621052598 ceiling=400000000000 old_side_present=1
CBAP_MIG_REPLAN t=25550000 reason=active_set_shrank flow=7 batch=1 newest_batch=1 cur=10163364460 target=10621052598 ceiling=400000000000 old_side_present=1
CBAP_MIG_REPLAN t=25550000 reason=active_set_shrank flow=8 batch=1 newest_batch=1 cur=10163364460 target=10621052598 ceiling=400000000000 old_side_present=1
CBAP_MIG_REPLAN t=25550000 reason=active_set_shrank flow=9 batch=1 newest_batch=1 cur=10163364460 target=10621052598 ceiling=400000000000 old_side_present=1
CBAP_MIG_REPLAN t=25550000 reason=active_set_shrank flow=10 batch=1 newest_batch=1 cur=10163364460 target=10621052598 ceiling=400000000000 old_side_present=1
CBAP_MIG_REPLAN t=25550000 reason=active_set_shrank flow=12 batch=1 newest_batch=1 cur=10163364460 target=10621052598 ceiling=400000000000 old_side_present=1
CBAP_MIG_REPLAN t=25550000 reason=active_set_shrank flow=13 batch=1 newest_batch=1 cur=10163364460 target=10621052598 ceiling=400000000000 old_side_present=1
CBAP_MIG_REPLAN t=25550000 reason=active_set_shrank flow=15 batch=1 newest_batch=1 cur=10163364460 target=10621052598 ceiling=400000000000 old_side_present=1
CBAP_MIG_REPLAN t=25550000 reason=active_set_shrank flow=16 batch=1 newest_batch=1 cur=10163364460 target=10621052598 ceiling=400000000000 old_side_present=1
CBAP_MIG_REPLAN t=25550000 reason=active_set_shrank flow=17 batch=1 newest_batch=1 cur=10163364460 target=10621052598 ceiling=400000000000 old_side_present=1
CBAP_MIG_REPLAN t=25550000 reason=active_set_shrank flow=18 batch=1 newest_batch=1 cur=10163364460 target=10621052598 ceiling=400000000000 old_side_present=1
CBAP_MIG_REPLAN t=25550000 reason=active_set_shrank flow=19 batch=1 newest_batch=1 cur=10163364460 target=10621052598 ceiling=400000000000 old_side_present=1
CBAP_MIG_REPLAN t=25550000 reason=active_set_shrank flow=20 batch=1 newest_batch=1 cur=10163364460 target=10621052598 ceiling=400000000000 old_side_present=1
CBAP_MIG_REPLAN t=25550000 reason=active_set_shrank flow=21 batch=1 newest_batch=1 cur=10163364460 target=10621052598 ceiling=400000000000 old_side_present=1
CBAP_MIG_REPLAN t=25550000 reason=active_set_shrank flow=27 batch=1 newest_batch=1 cur=10163364460 target=10621052598 ceiling=400000000000 old_side_present=1
CBAP_MIG_REPLAN t=25550000 reason=active_set_shrank flow=28 batch=1 newest_batch=1 cur=10163364460 target=10621052598 ceiling=400000000000 old_side_present=1
CBAP_MIG_REPLAN t=25550000 reason=active_set_shrank flow=31 batch=1 newest_batch=1 cur=10163364460 target=10621052598 ceiling=400000000000 old_side_present=1
CBAP_MIG_REPLAN t=25550000 reason=active_set_shrank flow=32 batch=1 newest_batch=1 cur=10163364460 target=10621052598 ceiling=400000000000 old_side_present=1
CBAP_MIG_REPLAN t=25550000 reason=active_set_shrank flow=37 batch=1 newest_batch=1 cur=10163364460 target=10621052598 ceiling=400000000000 old_side_present=1
CBAP_MIG_REPLAN t=25550000 reason=active_set_shrank flow=38 batch=1 newest_batch=1 cur=10163364460 target=10621052598 ceiling=400000000000 old_side_present=1
CBAP_MIG_REPLAN t=25550000 reason=active_set_shrank flow=39 batch=1 newest_batch=1 cur=10163364460 target=10621052598 ceiling=400000000000 old_side_present=1
CBAP_MIG_REPLAN t=25550000 reason=active_set_shrank flow=42 batch=1 newest_batch=1 cur=10163364460 target=10621052598 ceiling=400000000000 old_side_present=1
CBAP_MIG_REPLAN t=25550000 reason=active_set_shrank flow=44 batch=1 newest_batch=1 cur=10163364460 target=10621052598 ceiling=400000000000 old_side_present=1
CBAP_MIG_REPLAN t=25550000 reason=active_set_shrank flow=45 batch=1 newest_batch=1 cur=10163364460 target=10621052598 ceiling=400000000000 old_side_present=1
CBAP_MIG_REPLAN t=25550000 reason=active_set_shrank flow=46 batch=1 newest_batch=1 cur=10163364460 target=10621052598 ceiling=400000000000 old_side_present=1
CBAP_MIG_REPLAN t=25550000 reason=active_set_shrank flow=49 batch=1 newest_batch=1 cur=10163364460 target=10621052598 ceiling=400000000000 old_side_present=1
CBAP_MIG_REPLAN t=25550000 reason=active_set_shrank flow=51 batch=1 newest_batch=1 cur=10163364460 target=10621052598 ceiling=400000000000 old_side_present=1
CBAP_MIG_REPLAN t=25550000 reason=active_set_shrank flow=52 batch=1 newest_batch=1 cur=10163364460 target=10621052598 ceiling=400000000000 old_side_present=1
CBAP_MIG_REPLAN t=25550000 reason=active_set_shrank flow=53 batch=1 newest_batch=1 cur=10163364460 target=10621052598 ceiling=400000000000 old_side_present=1
CBAP_MIG_REPLAN t=25550000 reason=active_set_shrank flow=55 batch=1 newest_batch=1 cur=10163364460 target=10621052598 ceiling=400000000000 old_side_present=1
CBAP_MIG_REPLAN t=25550000 reason=active_set_shrank flow=57 batch=1 newest_batch=1 cur=10163364460 target=10621052598 ceiling=400000000000 old_side_present=1
CBAP_MIG_REPLAN t=25550000 reason=active_set_shrank flow=58 batch=1 newest_batch=1 cur=10163364460 target=10621052598 ceiling=400000000000 old_side_present=1
CBAP_MIG_REPLAN t=25550000 reason=active_set_shrank flow=59 batch=1 newest_batch=1 cur=10163364460 target=10621052598 ceiling=400000000000 old_side_present=1
CBAP_MIG_REPLAN t=25550000 reason=active_set_shrank flow=61 batch=1 newest_batch=1 cur=10163364460 target=10621052598 ceiling=400000000000 old_side_present=1
CBAP_MIG_REPLAN t=25550000 reason=active_set_shrank flow=62 batch=1 newest_batch=1 cur=10163364460 target=10621052598 ceiling=400000000000 old_side_present=1
CBAP_MIG_REPLAN t=25550000 reason=active_set_shrank flow=64 batch=1 newest_batch=1 cur=10163364460 target=10621052598 ceiling=400000000000 old_side_present=1
CBAP_MIG t=25550000 epoch=5110 flow=0 side=old cur=4000012764 next=4000008934 tgt=4000000000 f=0.3 u=0 breach=0 end=converged
CBAP_MIG t=25550000 epoch=5110 flow=1 side=new cur=10163364460 next=10348728155 tgt=10621052598 f=0.405 u=0 breach=1 end=
CBAP_MIG t=25550000 epoch=5110 flow=2 side=new cur=10163364460 next=10348728155 tgt=10621052598 f=0.405 u=0 breach=1 end=
CBAP_MIG t=25550000 epoch=5110 flow=5 side=new cur=10163364460 next=10348728155 tgt=10621052598 f=0.405 u=0 breach=1 end=
CBAP_MIG t=25550000 epoch=5110 flow=7 side=new cur=10163364460 next=10348728155 tgt=10621052598 f=0.405 u=0 breach=1 end=
CBAP_MIG t=25550000 epoch=5110 flow=8 side=new cur=10163364460 next=10348728155 tgt=10621052598 f=0.405 u=0 breach=1 end=
CBAP_MIG t=25550000 epoch=5110 flow=9 side=new cur=10163364460 next=10348728155 tgt=10621052598 f=0.405 u=0 breach=1 end=
CBAP_MIG t=25550000 epoch=5110 flow=10 side=new cur=10163364460 next=10348728155 tgt=10621052598 f=0.405 u=0 breach=1 end=
CBAP_MIG t=25550000 epoch=5110 flow=12 side=new cur=10163364460 next=10348728155 tgt=10621052598 f=0.405 u=0 breach=1 end=
CBAP_MIG t=25550000 epoch=5110 flow=13 side=new cur=10163364460 next=10348728155 tgt=10621052598 f=0.405 u=0 breach=1 end=
CBAP_MIG t=25550000 epoch=5110 flow=15 side=new cur=10163364460 next=10348728155 tgt=10621052598 f=0.405 u=0 breach=1 end=
CBAP_MIG t=25550000 epoch=5110 flow=16 side=new cur=10163364460 next=10348728155 tgt=10621052598 f=0.405 u=0 breach=1 end=
CBAP_MIG t=25550000 epoch=5110 flow=17 side=new cur=10163364460 next=10348728155 tgt=10621052598 f=0.405 u=0 breach=1 end=
CBAP_MIG t=25550000 epoch=5110 flow=18 side=new cur=10163364460 next=10348728155 tgt=10621052598 f=0.405 u=0 breach=1 end=
CBAP_MIG t=25550000 epoch=5110 flow=19 side=new cur=10163364460 next=10348728155 tgt=10621052598 f=0.405 u=0 breach=1 end=
CBAP_MIG t=25550000 epoch=5110 flow=20 side=new cur=10163364460 next=10348728155 tgt=10621052598 f=0.405 u=0 breach=1 end=
CBAP_MIG t=25550000 epoch=5110 flow=21 side=new cur=10163364460 next=10348728155 tgt=10621052598 f=0.405 u=0 breach=1 end=
CBAP_MIG t=25550000 epoch=5110 flow=27 side=new cur=10163364460 next=10348728155 tgt=10621052598 f=0.405 u=0 breach=1 end=
CBAP_MIG t=25550000 epoch=5110 flow=28 side=new cur=10163364460 next=10348728155 tgt=10621052598 f=0.405 u=0 breach=1 end=
CBAP_MIG t=25550000 epoch=5110 flow=31 side=new cur=10163364460 next=10348728155 tgt=10621052598 f=0.405 u=0 breach=1 end=
CBAP_MIG t=25550000 epoch=5110 flow=32 side=new cur=10163364460 next=10348728155 tgt=10621052598 f=0.405 u=0 breach=1 end=
CBAP_MIG t=25550000 epoch=5110 flow=37 side=new cur=10163364460 next=10348728155 tgt=10621052598 f=0.405 u=0 breach=1 end=
CBAP_MIG t=25550000 epoch=5110 flow=38 side=new cur=10163364460 next=10348728155 tgt=10621052598 f=0.405 u=0 breach=1 end=
CBAP_MIG t=25550000 epoch=5110 flow=39 side=new cur=10163364460 next=10348728155 tgt=10621052598 f=0.405 u=0 breach=1 end=
CBAP_MIG t=25550000 epoch=5110 flow=42 side=new cur=10163364460 next=10348728155 tgt=10621052598 f=0.405 u=0 breach=1 end=
CBAP_MIG t=25550000 epoch=5110 flow=44 side=new cur=10163364460 next=10348728155 tgt=10621052598 f=0.405 u=0 breach=1 end=
CBAP_MIG t=25550000 epoch=5110 flow=45 side=new cur=10163364460 next=10348728155 tgt=10621052598 f=0.405 u=0 breach=1 end=
CBAP_MIG t=25550000 epoch=5110 flow=46 side=new cur=10163364460 next=10348728155 tgt=10621052598 f=0.405 u=0 breach=1 end=
CBAP_MIG t=25550000 epoch=5110 flow=49 side=new cur=10163364460 next=10348728155 tgt=10621052598 f=0.405 u=0 breach=1 end=
CBAP_MIG t=25550000 epoch=5110 flow=51 side=new cur=10163364460 next=10348728155 tgt=10621052598 f=0.405 u=0 breach=1 end=
CBAP_MIG t=25550000 epoch=5110 flow=52 side=new cur=10163364460 next=10348728155 tgt=10621052598 f=0.405 u=0 breach=1 end=
CBAP_MIG t=25550000 epoch=5110 flow=53 side=new cur=10163364460 next=10348728155 tgt=10621052598 f=0.405 u=0 breach=1 end=
CBAP_MIG t=25550000 epoch=5110 flow=55 side=new cur=10163364460 next=10348728155 tgt=10621052598 f=0.405 u=0 breach=1 end=
CBAP_MIG t=25550000 epoch=5110 flow=57 side=new cur=10163364460 next=10348728155 tgt=10621052598 f=0.405 u=0 breach=1 end=
CBAP_MIG t=25550000 epoch=5110 flow=58 side=new cur=10163364460 next=10348728155 tgt=10621052598 f=0.405 u=0 breach=1 end=
CBAP_MIG t=25550000 epoch=5110 flow=59 side=new cur=10163364460 next=10348728155 tgt=10621052598 f=0.405 u=0 breach=1 end=
CBAP_MIG t=25550000 epoch=5110 flow=61 side=new cur=10163364460 next=10348728155 tgt=10621052598 f=0.405 u=0 breach=1 end=
CBAP_MIG t=25550000 epoch=5110 flow=62 side=new cur=10163364460 next=10348728155 tgt=10621052598 f=0.405 u=0 breach=1 end=
CBAP_MIG t=25550000 epoch=5110 flow=64 side=new cur=10163364460 next=10348728155 tgt=10621052598 f=0.405 u=0 breach=1 end=
CBAP_MIG t=25555000 epoch=5111 flow=1 side=new cur=10348728155 next=10459019554 tgt=10621052598 f=0.405 u=0 breach=1 end=
CBAP_MIG t=25555000 epoch=5111 flow=2 side=new cur=10348728155 next=10459019554 tgt=10621052598 f=0.405 u=0 breach=1 end=
CBAP_MIG t=25555000 epoch=5111 flow=5 side=new cur=10348728155 next=10459019554 tgt=10621052598 f=0.405 u=0 breach=1 end=
CBAP_MIG t=25555000 epoch=5111 flow=7 side=new cur=10348728155 next=10459019554 tgt=10621052598 f=0.405 u=0 breach=1 end=
CBAP_MIG t=25555000 epoch=5111 flow=8 side=new cur=10348728155 next=10459019554 tgt=10621052598 f=0.405 u=0 breach=1 end=
CBAP_MIG t=25555000 epoch=5111 flow=9 side=new cur=10348728155 next=10459019554 tgt=10621052598 f=0.405 u=0 breach=1 end=
CBAP_MIG t=25555000 epoch=5111 flow=10 side=new cur=10348728155 next=10459019554 tgt=10621052598 f=0.405 u=0 breach=1 end=
CBAP_MIG t=25555000 epoch=5111 flow=12 side=new cur=10348728155 next=10459019554 tgt=10621052598 f=0.405 u=0 breach=1 end=
CBAP_MIG t=25555000 epoch=5111 flow=13 side=new cur=10348728155 next=10459019554 tgt=10621052598 f=0.405 u=0 breach=1 end=
CBAP_MIG t=25555000 epoch=5111 flow=15 side=new cur=10348728155 next=10459019554 tgt=10621052598 f=0.405 u=0 breach=1 end=
CBAP_MIG t=25555000 epoch=5111 flow=16 side=new cur=10348728155 next=10459019554 tgt=10621052598 f=0.405 u=0 breach=1 end=
CBAP_MIG t=25555000 epoch=5111 flow=17 side=new cur=10348728155 next=10459019554 tgt=10621052598 f=0.405 u=0 breach=1 end=
CBAP_MIG t=25555000 epoch=5111 flow=18 side=new cur=10348728155 next=10459019554 tgt=10621052598 f=0.405 u=0 breach=1 end=
CBAP_MIG t=25555000 epoch=5111 flow=19 side=new cur=10348728155 next=10459019554 tgt=10621052598 f=0.405 u=0 breach=1 end=
CBAP_MIG t=25555000 epoch=5111 flow=20 side=new cur=10348728155 next=10459019554 tgt=10621052598 f=0.405 u=0 breach=1 end=
CBAP_MIG t=25555000 epoch=5111 flow=21 side=new cur=10348728155 next=10459019554 tgt=10621052598 f=0.405 u=0 breach=1 end=
CBAP_MIG t=25555000 epoch=5111 flow=27 side=new cur=10348728155 next=10459019554 tgt=10621052598 f=0.405 u=0 breach=1 end=
CBAP_MIG t=25555000 epoch=5111 flow=28 side=new cur=10348728155 next=10459019554 tgt=10621052598 f=0.405 u=0 breach=1 end=
CBAP_MIG t=25555000 epoch=5111 flow=31 side=new cur=10348728155 next=10459019554 tgt=10621052598 f=0.405 u=0 breach=1 end=
CBAP_MIG t=25555000 epoch=5111 flow=32 side=new cur=10348728155 next=10459019554 tgt=10621052598 f=0.405 u=0 breach=1 end=
CBAP_MIG t=25555000 epoch=5111 flow=37 side=new cur=10348728155 next=10459019554 tgt=10621052598 f=0.405 u=0 breach=1 end=
CBAP_MIG t=25555000 epoch=5111 flow=38 side=new cur=10348728155 next=10459019554 tgt=10621052598 f=0.405 u=0 breach=1 end=
CBAP_MIG t=25555000 epoch=5111 flow=39 side=new cur=10348728155 next=10459019554 tgt=10621052598 f=0.405 u=0 breach=1 end=
CBAP_MIG t=25555000 epoch=5111 flow=42 side=new cur=10348728155 next=10459019554 tgt=10621052598 f=0.405 u=0 breach=1 end=
CBAP_MIG t=25555000 epoch=5111 flow=44 side=new cur=10348728155 next=10459019554 tgt=10621052598 f=0.405 u=0 breach=1 end=
CBAP_MIG t=25555000 epoch=5111 flow=45 side=new cur=10348728155 next=10459019554 tgt=10621052598 f=0.405 u=0 breach=1 end=
CBAP_MIG t=25555000 epoch=5111 flow=46 side=new cur=10348728155 next=10459019554 tgt=10621052598 f=0.405 u=0 breach=1 end=
CBAP_MIG t=25555000 epoch=5111 flow=49 side=new cur=10348728155 next=10459019554 tgt=10621052598 f=0.405 u=0 breach=1 end=
CBAP_MIG t=25555000 epoch=5111 flow=51 side=new cur=10348728155 next=10459019554 tgt=10621052598 f=0.405 u=0 breach=1 end=
CBAP_MIG t=25555000 epoch=5111 flow=52 side=new cur=10348728155 next=10459019554 tgt=10621052598 f=0.405 u=0 breach=1 end=
CBAP_MIG t=25555000 epoch=5111 flow=53 side=new cur=10348728155 next=10459019554 tgt=10621052598 f=0.405 u=0 breach=1 end=
CBAP_MIG t=25555000 epoch=5111 flow=55 side=new cur=10348728155 next=10459019554 tgt=10621052598 f=0.405 u=0 breach=1 end=
CBAP_MIG t=25555000 epoch=5111 flow=57 side=new cur=10348728155 next=10459019554 tgt=10621052598 f=0.405 u=0 breach=1 end=
CBAP_MIG t=25555000 epoch=5111 flow=58 side=new cur=10348728155 next=10459019554 tgt=10621052598 f=0.405 u=0 breach=1 end=
CBAP_MIG t=25555000 epoch=5111 flow=59 side=new cur=10348728155 next=10459019554 tgt=10621052598 f=0.405 u=0 breach=1 end=
CBAP_MIG t=25555000 epoch=5111 flow=61 side=new cur=10348728155 next=10459019554 tgt=10621052598 f=0.405 u=0 breach=1 end=
CBAP_MIG t=25555000 epoch=5111 flow=62 side=new cur=10348728155 next=10459019554 tgt=10621052598 f=0.405 u=0 breach=1 end=
CBAP_MIG t=25555000 epoch=5111 flow=64 side=new cur=10348728155 next=10459019554 tgt=10621052598 f=0.405 u=0 breach=1 end=
CBAP_MIG t=25560000 epoch=5112 flow=1 side=new cur=10459019554 next=10524642936 tgt=10621052598 f=0.405 u=0 breach=1 end=converged
CBAP_MIG t=25560000 epoch=5112 flow=2 side=new cur=10459019554 next=10524642936 tgt=10621052598 f=0.405 u=0 breach=1 end=converged
CBAP_MIG t=25560000 epoch=5112 flow=5 side=new cur=10459019554 next=10524642936 tgt=10621052598 f=0.405 u=0 breach=1 end=converged
CBAP_MIG t=25560000 epoch=5112 flow=7 side=new cur=10459019554 next=10524642936 tgt=10621052598 f=0.405 u=0 breach=1 end=converged
CBAP_MIG t=25560000 epoch=5112 flow=8 side=new cur=10459019554 next=10524642936 tgt=10621052598 f=0.405 u=0 breach=1 end=converged
CBAP_MIG t=25560000 epoch=5112 flow=9 side=new cur=10459019554 next=10524642936 tgt=10621052598 f=0.405 u=0 breach=1 end=converged
CBAP_MIG t=25560000 epoch=5112 flow=10 side=new cur=10459019554 next=10524642936 tgt=10621052598 f=0.405 u=0 breach=1 end=converged
CBAP_MIG t=25560000 epoch=5112 flow=12 side=new cur=10459019554 next=10524642936 tgt=10621052598 f=0.405 u=0 breach=1 end=converged
CBAP_MIG t=25560000 epoch=5112 flow=13 side=new cur=10459019554 next=10524642936 tgt=10621052598 f=0.405 u=0 breach=1 end=converged
CBAP_MIG t=25560000 epoch=5112 flow=15 side=new cur=10459019554 next=10524642936 tgt=10621052598 f=0.405 u=0 breach=1 end=converged
CBAP_MIG t=25560000 epoch=5112 flow=16 side=new cur=10459019554 next=10524642936 tgt=10621052598 f=0.405 u=0 breach=1 end=converged
CBAP_MIG t=25560000 epoch=5112 flow=17 side=new cur=10459019554 next=10524642936 tgt=10621052598 f=0.405 u=0 breach=1 end=converged
CBAP_MIG t=25560000 epoch=5112 flow=18 side=new cur=10459019554 next=10524642936 tgt=10621052598 f=0.405 u=0 breach=1 end=converged
CBAP_MIG t=25560000 epoch=5112 flow=19 side=new cur=10459019554 next=10524642936 tgt=10621052598 f=0.405 u=0 breach=1 end=converged
CBAP_MIG t=25560000 epoch=5112 flow=20 side=new cur=10459019554 next=10524642936 tgt=10621052598 f=0.405 u=0 breach=1 end=converged
CBAP_MIG t=25560000 epoch=5112 flow=21 side=new cur=10459019554 next=10524642936 tgt=10621052598 f=0.405 u=0 breach=1 end=converged
CBAP_MIG t=25560000 epoch=5112 flow=27 side=new cur=10459019554 next=10524642936 tgt=10621052598 f=0.405 u=0 breach=1 end=converged
CBAP_MIG t=25560000 epoch=5112 flow=28 side=new cur=10459019554 next=10524642936 tgt=10621052598 f=0.405 u=0 breach=1 end=converged
CBAP_MIG t=25560000 epoch=5112 flow=31 side=new cur=10459019554 next=10524642936 tgt=10621052598 f=0.405 u=0 breach=1 end=converged
CBAP_MIG t=25560000 epoch=5112 flow=32 side=new cur=10459019554 next=10524642936 tgt=10621052598 f=0.405 u=0 breach=1 end=converged
CBAP_MIG t=25560000 epoch=5112 flow=37 side=new cur=10459019554 next=10524642936 tgt=10621052598 f=0.405 u=0 breach=1 end=converged
CBAP_MIG t=25560000 epoch=5112 flow=38 side=new cur=10459019554 next=10524642936 tgt=10621052598 f=0.405 u=0 breach=1 end=converged
CBAP_MIG t=25560000 epoch=5112 flow=39 side=new cur=10459019554 next=10524642936 tgt=10621052598 f=0.405 u=0 breach=1 end=converged
CBAP_MIG t=25560000 epoch=5112 flow=42 side=new cur=10459019554 next=10524642936 tgt=10621052598 f=0.405 u=0 breach=1 end=converged
CBAP_MIG t=25560000 epoch=5112 flow=44 side=new cur=10459019554 next=10524642936 tgt=10621052598 f=0.405 u=0 breach=1 end=converged
CBAP_MIG t=25560000 epoch=5112 flow=45 side=new cur=10459019554 next=10524642936 tgt=10621052598 f=0.405 u=0 breach=1 end=converged
CBAP_MIG t=25560000 epoch=5112 flow=46 side=new cur=10459019554 next=10524642936 tgt=10621052598 f=0.405 u=0 breach=1 end=converged
CBAP_MIG t=25560000 epoch=5112 flow=49 side=new cur=10459019554 next=10524642936 tgt=10621052598 f=0.405 u=0 breach=1 end=converged
CBAP_MIG t=25560000 epoch=5112 flow=51 side=new cur=10459019554 next=10524642936 tgt=10621052598 f=0.405 u=0 breach=1 end=converged
CBAP_MIG t=25560000 epoch=5112 flow=52 side=new cur=10459019554 next=10524642936 tgt=10621052598 f=0.405 u=0 breach=1 end=converged
CBAP_MIG t=25560000 epoch=5112 flow=53 side=new cur=10459019554 next=10524642936 tgt=10621052598 f=0.405 u=0 breach=1 end=converged
CBAP_MIG t=25560000 epoch=5112 flow=55 side=new cur=10459019554 next=10524642936 tgt=10621052598 f=0.405 u=0 breach=1 end=converged
CBAP_MIG t=25560000 epoch=5112 flow=57 side=new cur=10459019554 next=10524642936 tgt=10621052598 f=0.405 u=0 breach=1 end=converged
CBAP_MIG t=25560000 epoch=5112 flow=58 side=new cur=10459019554 next=10524642936 tgt=10621052598 f=0.405 u=0 breach=1 end=converged
CBAP_MIG t=25560000 epoch=5112 flow=59 side=new cur=10459019554 next=10524642936 tgt=10621052598 f=0.405 u=0 breach=1 end=converged
CBAP_MIG t=25560000 epoch=5112 flow=61 side=new cur=10459019554 next=10524642936 tgt=10621052598 f=0.405 u=0 breach=1 end=converged
CBAP_MIG t=25560000 epoch=5112 flow=62 side=new cur=10459019554 next=10524642936 tgt=10621052598 f=0.405 u=0 breach=1 end=converged
CBAP_MIG t=25560000 epoch=5112 flow=64 side=new cur=10459019554 next=10524642936 tgt=10621052598 f=0.405 u=0 breach=1 end=converged
CBAP_MIG_REPLAN t=25570000 reason=active_set_shrank flow=0 batch=0 newest_batch=1 cur=4000008934 target=4000000000 ceiling=320000000000 old_side_present=1
CBAP_MIG_REPLAN t=25570000 reason=active_set_shrank flow=1 batch=1 newest_batch=1 cur=10524642936 target=10799999975 ceiling=400000000000 old_side_present=1
CBAP_MIG_REPLAN t=25570000 reason=active_set_shrank flow=2 batch=1 newest_batch=1 cur=10524642936 target=10799999975 ceiling=400000000000 old_side_present=1
CBAP_MIG_REPLAN t=25570000 reason=active_set_shrank flow=5 batch=1 newest_batch=1 cur=10524642936 target=10799999975 ceiling=400000000000 old_side_present=1
CBAP_MIG_REPLAN t=25570000 reason=active_set_shrank flow=7 batch=1 newest_batch=1 cur=10524642936 target=10799999975 ceiling=400000000000 old_side_present=1
CBAP_MIG_REPLAN t=25570000 reason=active_set_shrank flow=8 batch=1 newest_batch=1 cur=10524642936 target=10799999975 ceiling=400000000000 old_side_present=1
CBAP_MIG_REPLAN t=25570000 reason=active_set_shrank flow=9 batch=1 newest_batch=1 cur=10524642936 target=10799999975 ceiling=400000000000 old_side_present=1
CBAP_MIG_REPLAN t=25570000 reason=active_set_shrank flow=10 batch=1 newest_batch=1 cur=10524642936 target=10799999975 ceiling=400000000000 old_side_present=1
CBAP_MIG_REPLAN t=25570000 reason=active_set_shrank flow=12 batch=1 newest_batch=1 cur=10524642936 target=10799999975 ceiling=400000000000 old_side_present=1
CBAP_MIG_REPLAN t=25570000 reason=active_set_shrank flow=13 batch=1 newest_batch=1 cur=10524642936 target=10799999975 ceiling=400000000000 old_side_present=1
CBAP_MIG_REPLAN t=25570000 reason=active_set_shrank flow=15 batch=1 newest_batch=1 cur=10524642936 target=10799999975 ceiling=400000000000 old_side_present=1
CBAP_MIG_REPLAN t=25570000 reason=active_set_shrank flow=16 batch=1 newest_batch=1 cur=10524642936 target=10799999975 ceiling=400000000000 old_side_present=1
CBAP_MIG_REPLAN t=25570000 reason=active_set_shrank flow=17 batch=1 newest_batch=1 cur=10524642936 target=10799999975 ceiling=400000000000 old_side_present=1
CBAP_MIG_REPLAN t=25570000 reason=active_set_shrank flow=18 batch=1 newest_batch=1 cur=10524642936 target=10799999975 ceiling=400000000000 old_side_present=1
CBAP_MIG_REPLAN t=25570000 reason=active_set_shrank flow=20 batch=1 newest_batch=1 cur=10524642936 target=10799999975 ceiling=400000000000 old_side_present=1
CBAP_MIG_REPLAN t=25570000 reason=active_set_shrank flow=21 batch=1 newest_batch=1 cur=10524642936 target=10799999975 ceiling=400000000000 old_side_present=1
CBAP_MIG_REPLAN t=25570000 reason=active_set_shrank flow=27 batch=1 newest_batch=1 cur=10524642936 target=10799999975 ceiling=400000000000 old_side_present=1
CBAP_MIG_REPLAN t=25570000 reason=active_set_shrank flow=28 batch=1 newest_batch=1 cur=10524642936 target=10799999975 ceiling=400000000000 old_side_present=1
CBAP_MIG_REPLAN t=25570000 reason=active_set_shrank flow=31 batch=1 newest_batch=1 cur=10524642936 target=10799999975 ceiling=400000000000 old_side_present=1
CBAP_MIG_REPLAN t=25570000 reason=active_set_shrank flow=32 batch=1 newest_batch=1 cur=10524642936 target=10799999975 ceiling=400000000000 old_side_present=1
CBAP_MIG_REPLAN t=25570000 reason=active_set_shrank flow=37 batch=1 newest_batch=1 cur=10524642936 target=10799999975 ceiling=400000000000 old_side_present=1
CBAP_MIG_REPLAN t=25570000 reason=active_set_shrank flow=38 batch=1 newest_batch=1 cur=10524642936 target=10799999975 ceiling=400000000000 old_side_present=1
CBAP_MIG_REPLAN t=25570000 reason=active_set_shrank flow=39 batch=1 newest_batch=1 cur=10524642936 target=10799999975 ceiling=400000000000 old_side_present=1
CBAP_MIG_REPLAN t=25570000 reason=active_set_shrank flow=42 batch=1 newest_batch=1 cur=10524642936 target=10799999975 ceiling=400000000000 old_side_present=1
CBAP_MIG_REPLAN t=25570000 reason=active_set_shrank flow=44 batch=1 newest_batch=1 cur=10524642936 target=10799999975 ceiling=400000000000 old_side_present=1
CBAP_MIG_REPLAN t=25570000 reason=active_set_shrank flow=45 batch=1 newest_batch=1 cur=10524642936 target=10799999975 ceiling=400000000000 old_side_present=1
CBAP_MIG_REPLAN t=25570000 reason=active_set_shrank flow=46 batch=1 newest_batch=1 cur=10524642936 target=10799999975 ceiling=400000000000 old_side_present=1
CBAP_MIG_REPLAN t=25570000 reason=active_set_shrank flow=49 batch=1 newest_batch=1 cur=10524642936 target=10799999975 ceiling=400000000000 old_side_present=1
CBAP_MIG_REPLAN t=25570000 reason=active_set_shrank flow=51 batch=1 newest_batch=1 cur=10524642936 target=10799999975 ceiling=400000000000 old_side_present=1
CBAP_MIG_REPLAN t=25570000 reason=active_set_shrank flow=52 batch=1 newest_batch=1 cur=10524642936 target=10799999975 ceiling=400000000000 old_side_present=1
CBAP_MIG_REPLAN t=25570000 reason=active_set_shrank flow=53 batch=1 newest_batch=1 cur=10524642936 target=10799999975 ceiling=400000000000 old_side_present=1
CBAP_MIG_REPLAN t=25570000 reason=active_set_shrank flow=55 batch=1 newest_batch=1 cur=10524642936 target=10799999975 ceiling=400000000000 old_side_present=1
CBAP_MIG_REPLAN t=25570000 reason=active_set_shrank flow=57 batch=1 newest_batch=1 cur=10524642936 target=10799999975 ceiling=400000000000 old_side_present=1
CBAP_MIG_REPLAN t=25570000 reason=active_set_shrank flow=58 batch=1 newest_batch=1 cur=10524642936 target=10799999975 ceiling=400000000000 old_side_present=1
CBAP_MIG_REPLAN t=25570000 reason=active_set_shrank flow=59 batch=1 newest_batch=1 cur=10524642936 target=10799999975 ceiling=400000000000 old_side_present=1
CBAP_MIG_REPLAN t=25570000 reason=active_set_shrank flow=61 batch=1 newest_batch=1 cur=10524642936 target=10799999975 ceiling=400000000000 old_side_present=1
CBAP_MIG_REPLAN t=25570000 reason=active_set_shrank flow=62 batch=1 newest_batch=1 cur=10524642936 target=10799999975 ceiling=400000000000 old_side_present=1
CBAP_MIG_REPLAN t=25570000 reason=active_set_shrank flow=64 batch=1 newest_batch=1 cur=10524642936 target=10799999975 ceiling=400000000000 old_side_present=1
CBAP_MIG t=25570000 epoch=5114 flow=0 side=old cur=4000008934 next=4000006253 tgt=4000000000 f=0.3 u=0 breach=0 end=converged
CBAP_MIG t=25570000 epoch=5114 flow=1 side=new cur=10524642936 next=10636162536 tgt=10799999975 f=0.405 u=0 breach=1 end=
CBAP_MIG t=25570000 epoch=5114 flow=2 side=new cur=10524642936 next=10636162536 tgt=10799999975 f=0.405 u=0 breach=1 end=
CBAP_MIG t=25570000 epoch=5114 flow=5 side=new cur=10524642936 next=10636162536 tgt=10799999975 f=0.405 u=0 breach=1 end=
CBAP_MIG t=25570000 epoch=5114 flow=7 side=new cur=10524642936 next=10636162536 tgt=10799999975 f=0.405 u=0 breach=1 end=
CBAP_MIG t=25570000 epoch=5114 flow=8 side=new cur=10524642936 next=10636162536 tgt=10799999975 f=0.405 u=0 breach=1 end=
CBAP_MIG t=25570000 epoch=5114 flow=9 side=new cur=10524642936 next=10636162536 tgt=10799999975 f=0.405 u=0 breach=1 end=
CBAP_MIG t=25570000 epoch=5114 flow=10 side=new cur=10524642936 next=10636162536 tgt=10799999975 f=0.405 u=0 breach=1 end=
CBAP_MIG t=25570000 epoch=5114 flow=12 side=new cur=10524642936 next=10636162536 tgt=10799999975 f=0.405 u=0 breach=1 end=
CBAP_MIG t=25570000 epoch=5114 flow=13 side=new cur=10524642936 next=10636162536 tgt=10799999975 f=0.405 u=0 breach=1 end=
CBAP_MIG t=25570000 epoch=5114 flow=15 side=new cur=10524642936 next=10636162536 tgt=10799999975 f=0.405 u=0 breach=1 end=
CBAP_MIG t=25570000 epoch=5114 flow=16 side=new cur=10524642936 next=10636162536 tgt=10799999975 f=0.405 u=0 breach=1 end=
CBAP_MIG t=25570000 epoch=5114 flow=17 side=new cur=10524642936 next=10636162536 tgt=10799999975 f=0.405 u=0 breach=1 end=
CBAP_MIG t=25570000 epoch=5114 flow=18 side=new cur=10524642936 next=10636162536 tgt=10799999975 f=0.405 u=0 breach=1 end=
CBAP_MIG t=25570000 epoch=5114 flow=20 side=new cur=10524642936 next=10636162536 tgt=10799999975 f=0.405 u=0 breach=1 end=
CBAP_MIG t=25570000 epoch=5114 flow=21 side=new cur=10524642936 next=10636162536 tgt=10799999975 f=0.405 u=0 breach=1 end=
CBAP_MIG t=25570000 epoch=5114 flow=27 side=new cur=10524642936 next=10636162536 tgt=10799999975 f=0.405 u=0 breach=1 end=
CBAP_MIG t=25570000 epoch=5114 flow=28 side=new cur=10524642936 next=10636162536 tgt=10799999975 f=0.405 u=0 breach=1 end=
CBAP_MIG t=25570000 epoch=5114 flow=31 side=new cur=10524642936 next=10636162536 tgt=10799999975 f=0.405 u=0 breach=1 end=
CBAP_MIG t=25570000 epoch=5114 flow=32 side=new cur=10524642936 next=10636162536 tgt=10799999975 f=0.405 u=0 breach=1 end=
CBAP_MIG t=25570000 epoch=5114 flow=37 side=new cur=10524642936 next=10636162536 tgt=10799999975 f=0.405 u=0 breach=1 end=
CBAP_MIG t=25570000 epoch=5114 flow=38 side=new cur=10524642936 next=10636162536 tgt=10799999975 f=0.405 u=0 breach=1 end=
CBAP_MIG t=25570000 epoch=5114 flow=39 side=new cur=10524642936 next=10636162536 tgt=10799999975 f=0.405 u=0 breach=1 end=
CBAP_MIG t=25570000 epoch=5114 flow=42 side=new cur=10524642936 next=10636162536 tgt=10799999975 f=0.405 u=0 breach=1 end=
CBAP_MIG t=25570000 epoch=5114 flow=44 side=new cur=10524642936 next=10636162536 tgt=10799999975 f=0.405 u=0 breach=1 end=
CBAP_MIG t=25570000 epoch=5114 flow=45 side=new cur=10524642936 next=10636162536 tgt=10799999975 f=0.405 u=0 breach=1 end=
CBAP_MIG t=25570000 epoch=5114 flow=46 side=new cur=10524642936 next=10636162536 tgt=10799999975 f=0.405 u=0 breach=1 end=
CBAP_MIG t=25570000 epoch=5114 flow=49 side=new cur=10524642936 next=10636162536 tgt=10799999975 f=0.405 u=0 breach=1 end=
CBAP_MIG t=25570000 epoch=5114 flow=51 side=new cur=10524642936 next=10636162536 tgt=10799999975 f=0.405 u=0 breach=1 end=
CBAP_MIG t=25570000 epoch=5114 flow=52 side=new cur=10524642936 next=10636162536 tgt=10799999975 f=0.405 u=0 breach=1 end=
CBAP_MIG t=25570000 epoch=5114 flow=53 side=new cur=10524642936 next=10636162536 tgt=10799999975 f=0.405 u=0 breach=1 end=
CBAP_MIG t=25570000 epoch=5114 flow=55 side=new cur=10524642936 next=10636162536 tgt=10799999975 f=0.405 u=0 breach=1 end=
CBAP_MIG t=25570000 epoch=5114 flow=57 side=new cur=10524642936 next=10636162536 tgt=10799999975 f=0.405 u=0 breach=1 end=
CBAP_MIG t=25570000 epoch=5114 flow=58 side=new cur=10524642936 next=10636162536 tgt=10799999975 f=0.405 u=0 breach=1 end=
CBAP_MIG t=25570000 epoch=5114 flow=59 side=new cur=10524642936 next=10636162536 tgt=10799999975 f=0.405 u=0 breach=1 end=
CBAP_MIG t=25570000 epoch=5114 flow=61 side=new cur=10524642936 next=10636162536 tgt=10799999975 f=0.405 u=0 breach=1 end=
CBAP_MIG t=25570000 epoch=5114 flow=62 side=new cur=10524642936 next=10636162536 tgt=10799999975 f=0.405 u=0 breach=1 end=
CBAP_MIG t=25570000 epoch=5114 flow=64 side=new cur=10524642936 next=10636162536 tgt=10799999975 f=0.405 u=0 breach=1 end=
CBAP_MIG t=25575000 epoch=5115 flow=1 side=new cur=10636162536 next=10702516698 tgt=10799999975 f=0.405 u=0 breach=1 end=converged
CBAP_MIG t=25575000 epoch=5115 flow=2 side=new cur=10636162536 next=10702516698 tgt=10799999975 f=0.405 u=0 breach=1 end=converged
CBAP_MIG t=25575000 epoch=5115 flow=5 side=new cur=10636162536 next=10702516698 tgt=10799999975 f=0.405 u=0 breach=1 end=converged
CBAP_MIG t=25575000 epoch=5115 flow=7 side=new cur=10636162536 next=10702516698 tgt=10799999975 f=0.405 u=0 breach=1 end=converged
CBAP_MIG t=25575000 epoch=5115 flow=8 side=new cur=10636162536 next=10702516698 tgt=10799999975 f=0.405 u=0 breach=1 end=converged
CBAP_MIG t=25575000 epoch=5115 flow=9 side=new cur=10636162536 next=10702516698 tgt=10799999975 f=0.405 u=0 breach=1 end=converged
CBAP_MIG t=25575000 epoch=5115 flow=10 side=new cur=10636162536 next=10702516698 tgt=10799999975 f=0.405 u=0 breach=1 end=converged
CBAP_MIG t=25575000 epoch=5115 flow=12 side=new cur=10636162536 next=10702516698 tgt=10799999975 f=0.405 u=0 breach=1 end=converged
CBAP_MIG t=25575000 epoch=5115 flow=13 side=new cur=10636162536 next=10702516698 tgt=10799999975 f=0.405 u=0 breach=1 end=converged
CBAP_MIG t=25575000 epoch=5115 flow=15 side=new cur=10636162536 next=10702516698 tgt=10799999975 f=0.405 u=0 breach=1 end=converged
CBAP_MIG t=25575000 epoch=5115 flow=16 side=new cur=10636162536 next=10702516698 tgt=10799999975 f=0.405 u=0 breach=1 end=converged
CBAP_MIG t=25575000 epoch=5115 flow=17 side=new cur=10636162536 next=10702516698 tgt=10799999975 f=0.405 u=0 breach=1 end=converged
CBAP_MIG t=25575000 epoch=5115 flow=18 side=new cur=10636162536 next=10702516698 tgt=10799999975 f=0.405 u=0 breach=1 end=converged
CBAP_MIG t=25575000 epoch=5115 flow=20 side=new cur=10636162536 next=10702516698 tgt=10799999975 f=0.405 u=0 breach=1 end=converged
CBAP_MIG t=25575000 epoch=5115 flow=21 side=new cur=10636162536 next=10702516698 tgt=10799999975 f=0.405 u=0 breach=1 end=converged
CBAP_MIG t=25575000 epoch=5115 flow=27 side=new cur=10636162536 next=10702516698 tgt=10799999975 f=0.405 u=0 breach=1 end=converged
CBAP_MIG t=25575000 epoch=5115 flow=28 side=new cur=10636162536 next=10702516698 tgt=10799999975 f=0.405 u=0 breach=1 end=converged
CBAP_MIG t=25575000 epoch=5115 flow=31 side=new cur=10636162536 next=10702516698 tgt=10799999975 f=0.405 u=0 breach=1 end=converged
CBAP_MIG t=25575000 epoch=5115 flow=32 side=new cur=10636162536 next=10702516698 tgt=10799999975 f=0.405 u=0 breach=1 end=converged
CBAP_MIG t=25575000 epoch=5115 flow=37 side=new cur=10636162536 next=10702516698 tgt=10799999975 f=0.405 u=0 breach=1 end=converged
CBAP_MIG t=25575000 epoch=5115 flow=38 side=new cur=10636162536 next=10702516698 tgt=10799999975 f=0.405 u=0 breach=1 end=converged
CBAP_MIG t=25575000 epoch=5115 flow=39 side=new cur=10636162536 next=10702516698 tgt=10799999975 f=0.405 u=0 breach=1 end=converged
CBAP_MIG t=25575000 epoch=5115 flow=42 side=new cur=10636162536 next=10702516698 tgt=10799999975 f=0.405 u=0 breach=1 end=converged
CBAP_MIG t=25575000 epoch=5115 flow=44 side=new cur=10636162536 next=10702516698 tgt=10799999975 f=0.405 u=0 breach=1 end=converged
CBAP_MIG t=25575000 epoch=5115 flow=45 side=new cur=10636162536 next=10702516698 tgt=10799999975 f=0.405 u=0 breach=1 end=converged
CBAP_MIG t=25575000 epoch=5115 flow=46 side=new cur=10636162536 next=10702516698 tgt=10799999975 f=0.405 u=0 breach=1 end=converged
CBAP_MIG t=25575000 epoch=5115 flow=49 side=new cur=10636162536 next=10702516698 tgt=10799999975 f=0.405 u=0 breach=1 end=converged
CBAP_MIG t=25575000 epoch=5115 flow=51 side=new cur=10636162536 next=10702516698 tgt=10799999975 f=0.405 u=0 breach=1 end=converged
CBAP_MIG t=25575000 epoch=5115 flow=52 side=new cur=10636162536 next=10702516698 tgt=10799999975 f=0.405 u=0 breach=1 end=converged
CBAP_MIG t=25575000 epoch=5115 flow=53 side=new cur=10636162536 next=10702516698 tgt=10799999975 f=0.405 u=0 breach=1 end=converged
CBAP_MIG t=25575000 epoch=5115 flow=55 side=new cur=10636162536 next=10702516698 tgt=10799999975 f=0.405 u=0 breach=1 end=converged
CBAP_MIG t=25575000 epoch=5115 flow=57 side=new cur=10636162536 next=10702516698 tgt=10799999975 f=0.405 u=0 breach=1 end=converged
CBAP_MIG t=25575000 epoch=5115 flow=58 side=new cur=10636162536 next=10702516698 tgt=10799999975 f=0.405 u=0 breach=1 end=converged
CBAP_MIG t=25575000 epoch=5115 flow=59 side=new cur=10636162536 next=10702516698 tgt=10799999975 f=0.405 u=0 breach=1 end=converged
CBAP_MIG t=25575000 epoch=5115 flow=61 side=new cur=10636162536 next=10702516698 tgt=10799999975 f=0.405 u=0 breach=1 end=converged
CBAP_MIG t=25575000 epoch=5115 flow=62 side=new cur=10636162536 next=10702516698 tgt=10799999975 f=0.405 u=0 breach=1 end=converged
CBAP_MIG t=25575000 epoch=5115 flow=64 side=new cur=10636162536 next=10702516698 tgt=10799999975 f=0.405 u=0 breach=1 end=converged
CBAP_MIG_REPLAN t=25645000 reason=active_set_shrank flow=0 batch=0 newest_batch=1 cur=4000006253 target=4000000000 ceiling=320000000000 old_side_present=1
CBAP_MIG_REPLAN t=25645000 reason=active_set_shrank flow=1 batch=1 newest_batch=1 cur=10702516698 target=11099999982 ceiling=400000000000 old_side_present=1
CBAP_MIG_REPLAN t=25645000 reason=active_set_shrank flow=2 batch=1 newest_batch=1 cur=10702516698 target=11099999982 ceiling=400000000000 old_side_present=1
CBAP_MIG_REPLAN t=25645000 reason=active_set_shrank flow=5 batch=1 newest_batch=1 cur=10702516698 target=11099999982 ceiling=400000000000 old_side_present=1
CBAP_MIG_REPLAN t=25645000 reason=active_set_shrank flow=7 batch=1 newest_batch=1 cur=10702516698 target=11099999982 ceiling=400000000000 old_side_present=1
CBAP_MIG_REPLAN t=25645000 reason=active_set_shrank flow=8 batch=1 newest_batch=1 cur=10702516698 target=11099999982 ceiling=400000000000 old_side_present=1
CBAP_MIG_REPLAN t=25645000 reason=active_set_shrank flow=9 batch=1 newest_batch=1 cur=10702516698 target=11099999982 ceiling=400000000000 old_side_present=1
CBAP_MIG_REPLAN t=25645000 reason=active_set_shrank flow=12 batch=1 newest_batch=1 cur=10702516698 target=11099999982 ceiling=400000000000 old_side_present=1
CBAP_MIG_REPLAN t=25645000 reason=active_set_shrank flow=13 batch=1 newest_batch=1 cur=10702516698 target=11099999982 ceiling=400000000000 old_side_present=1
CBAP_MIG_REPLAN t=25645000 reason=active_set_shrank flow=15 batch=1 newest_batch=1 cur=10702516698 target=11099999982 ceiling=400000000000 old_side_present=1
CBAP_MIG_REPLAN t=25645000 reason=active_set_shrank flow=16 batch=1 newest_batch=1 cur=10702516698 target=11099999982 ceiling=400000000000 old_side_present=1
CBAP_MIG_REPLAN t=25645000 reason=active_set_shrank flow=17 batch=1 newest_batch=1 cur=10702516698 target=11099999982 ceiling=400000000000 old_side_present=1
CBAP_MIG_REPLAN t=25645000 reason=active_set_shrank flow=18 batch=1 newest_batch=1 cur=10702516698 target=11099999982 ceiling=400000000000 old_side_present=1
CBAP_MIG_REPLAN t=25645000 reason=active_set_shrank flow=20 batch=1 newest_batch=1 cur=10702516698 target=11099999982 ceiling=400000000000 old_side_present=1
CBAP_MIG_REPLAN t=25645000 reason=active_set_shrank flow=21 batch=1 newest_batch=1 cur=10702516698 target=11099999982 ceiling=400000000000 old_side_present=1
CBAP_MIG_REPLAN t=25645000 reason=active_set_shrank flow=27 batch=1 newest_batch=1 cur=10702516698 target=11099999982 ceiling=400000000000 old_side_present=1
CBAP_MIG_REPLAN t=25645000 reason=active_set_shrank flow=28 batch=1 newest_batch=1 cur=10702516698 target=11099999982 ceiling=400000000000 old_side_present=1
CBAP_MIG_REPLAN t=25645000 reason=active_set_shrank flow=31 batch=1 newest_batch=1 cur=10702516698 target=11099999982 ceiling=400000000000 old_side_present=1
CBAP_MIG_REPLAN t=25645000 reason=active_set_shrank flow=32 batch=1 newest_batch=1 cur=10702516698 target=11099999982 ceiling=400000000000 old_side_present=1
CBAP_MIG_REPLAN t=25645000 reason=active_set_shrank flow=37 batch=1 newest_batch=1 cur=10702516698 target=11099999982 ceiling=400000000000 old_side_present=1
CBAP_MIG_REPLAN t=25645000 reason=active_set_shrank flow=38 batch=1 newest_batch=1 cur=10702516698 target=11099999982 ceiling=400000000000 old_side_present=1
CBAP_MIG_REPLAN t=25645000 reason=active_set_shrank flow=39 batch=1 newest_batch=1 cur=10702516698 target=11099999982 ceiling=400000000000 old_side_present=1
CBAP_MIG_REPLAN t=25645000 reason=active_set_shrank flow=42 batch=1 newest_batch=1 cur=10702516698 target=11099999982 ceiling=400000000000 old_side_present=1
CBAP_MIG_REPLAN t=25645000 reason=active_set_shrank flow=44 batch=1 newest_batch=1 cur=10702516698 target=11099999982 ceiling=400000000000 old_side_present=1
CBAP_MIG_REPLAN t=25645000 reason=active_set_shrank flow=45 batch=1 newest_batch=1 cur=10702516698 target=11099999982 ceiling=400000000000 old_side_present=1
CBAP_MIG_REPLAN t=25645000 reason=active_set_shrank flow=46 batch=1 newest_batch=1 cur=10702516698 target=11099999982 ceiling=400000000000 old_side_present=1
CBAP_MIG_REPLAN t=25645000 reason=active_set_shrank flow=49 batch=1 newest_batch=1 cur=10702516698 target=11099999982 ceiling=400000000000 old_side_present=1
CBAP_MIG_REPLAN t=25645000 reason=active_set_shrank flow=51 batch=1 newest_batch=1 cur=10702516698 target=11099999982 ceiling=400000000000 old_side_present=1
CBAP_MIG_REPLAN t=25645000 reason=active_set_shrank flow=52 batch=1 newest_batch=1 cur=10702516698 target=11099999982 ceiling=400000000000 old_side_present=1
CBAP_MIG_REPLAN t=25645000 reason=active_set_shrank flow=53 batch=1 newest_batch=1 cur=10702516698 target=11099999982 ceiling=400000000000 old_side_present=1
CBAP_MIG_REPLAN t=25645000 reason=active_set_shrank flow=55 batch=1 newest_batch=1 cur=10702516698 target=11099999982 ceiling=400000000000 old_side_present=1
CBAP_MIG_REPLAN t=25645000 reason=active_set_shrank flow=57 batch=1 newest_batch=1 cur=10702516698 target=11099999982 ceiling=400000000000 old_side_present=1
CBAP_MIG_REPLAN t=25645000 reason=active_set_shrank flow=58 batch=1 newest_batch=1 cur=10702516698 target=11099999982 ceiling=400000000000 old_side_present=1
CBAP_MIG_REPLAN t=25645000 reason=active_set_shrank flow=59 batch=1 newest_batch=1 cur=10702516698 target=11099999982 ceiling=400000000000 old_side_present=1
CBAP_MIG_REPLAN t=25645000 reason=active_set_shrank flow=61 batch=1 newest_batch=1 cur=10702516698 target=11099999982 ceiling=400000000000 old_side_present=1
CBAP_MIG_REPLAN t=25645000 reason=active_set_shrank flow=62 batch=1 newest_batch=1 cur=10702516698 target=11099999982 ceiling=400000000000 old_side_present=1
CBAP_MIG_REPLAN t=25645000 reason=active_set_shrank flow=64 batch=1 newest_batch=1 cur=10702516698 target=11099999982 ceiling=400000000000 old_side_present=1
CBAP_MIG t=25645000 epoch=5129 flow=0 side=old cur=4000006253 next=4000004377 tgt=4000000000 f=0.3 u=0 breach=0 end=converged
CBAP_MIG t=25645000 epoch=5129 flow=1 side=new cur=10702516698 next=10863497428 tgt=11099999982 f=0.405 u=0 breach=1 end=
CBAP_MIG t=25645000 epoch=5129 flow=2 side=new cur=10702516698 next=10863497428 tgt=11099999982 f=0.405 u=0 breach=1 end=
CBAP_MIG t=25645000 epoch=5129 flow=5 side=new cur=10702516698 next=10863497428 tgt=11099999982 f=0.405 u=0 breach=1 end=
CBAP_MIG t=25645000 epoch=5129 flow=7 side=new cur=10702516698 next=10863497428 tgt=11099999982 f=0.405 u=0 breach=1 end=
CBAP_MIG t=25645000 epoch=5129 flow=8 side=new cur=10702516698 next=10863497428 tgt=11099999982 f=0.405 u=0 breach=1 end=
CBAP_MIG t=25645000 epoch=5129 flow=9 side=new cur=10702516698 next=10863497428 tgt=11099999982 f=0.405 u=0 breach=1 end=
CBAP_MIG t=25645000 epoch=5129 flow=12 side=new cur=10702516698 next=10863497428 tgt=11099999982 f=0.405 u=0 breach=1 end=
CBAP_MIG t=25645000 epoch=5129 flow=13 side=new cur=10702516698 next=10863497428 tgt=11099999982 f=0.405 u=0 breach=1 end=
CBAP_MIG t=25645000 epoch=5129 flow=15 side=new cur=10702516698 next=10863497428 tgt=11099999982 f=0.405 u=0 breach=1 end=
CBAP_MIG t=25645000 epoch=5129 flow=16 side=new cur=10702516698 next=10863497428 tgt=11099999982 f=0.405 u=0 breach=1 end=
CBAP_MIG t=25645000 epoch=5129 flow=17 side=new cur=10702516698 next=10863497428 tgt=11099999982 f=0.405 u=0 breach=1 end=
CBAP_MIG t=25645000 epoch=5129 flow=18 side=new cur=10702516698 next=10863497428 tgt=11099999982 f=0.405 u=0 breach=1 end=
CBAP_MIG t=25645000 epoch=5129 flow=20 side=new cur=10702516698 next=10863497428 tgt=11099999982 f=0.405 u=0 breach=1 end=
CBAP_MIG t=25645000 epoch=5129 flow=21 side=new cur=10702516698 next=10863497428 tgt=11099999982 f=0.405 u=0 breach=1 end=
CBAP_MIG t=25645000 epoch=5129 flow=27 side=new cur=10702516698 next=10863497428 tgt=11099999982 f=0.405 u=0 breach=1 end=
CBAP_MIG t=25645000 epoch=5129 flow=28 side=new cur=10702516698 next=10863497428 tgt=11099999982 f=0.405 u=0 breach=1 end=
CBAP_MIG t=25645000 epoch=5129 flow=31 side=new cur=10702516698 next=10863497428 tgt=11099999982 f=0.405 u=0 breach=1 end=
CBAP_MIG t=25645000 epoch=5129 flow=32 side=new cur=10702516698 next=10863497428 tgt=11099999982 f=0.405 u=0 breach=1 end=
CBAP_MIG t=25645000 epoch=5129 flow=37 side=new cur=10702516698 next=10863497428 tgt=11099999982 f=0.405 u=0 breach=1 end=
CBAP_MIG t=25645000 epoch=5129 flow=38 side=new cur=10702516698 next=10863497428 tgt=11099999982 f=0.405 u=0 breach=1 end=
CBAP_MIG t=25645000 epoch=5129 flow=39 side=new cur=10702516698 next=10863497428 tgt=11099999982 f=0.405 u=0 breach=1 end=
CBAP_MIG t=25645000 epoch=5129 flow=42 side=new cur=10702516698 next=10863497428 tgt=11099999982 f=0.405 u=0 breach=1 end=
CBAP_MIG t=25645000 epoch=5129 flow=44 side=new cur=10702516698 next=10863497428 tgt=11099999982 f=0.405 u=0 breach=1 end=
CBAP_MIG t=25645000 epoch=5129 flow=45 side=new cur=10702516698 next=10863497428 tgt=11099999982 f=0.405 u=0 breach=1 end=
CBAP_MIG t=25645000 epoch=5129 flow=46 side=new cur=10702516698 next=10863497428 tgt=11099999982 f=0.405 u=0 breach=1 end=
CBAP_MIG t=25645000 epoch=5129 flow=49 side=new cur=10702516698 next=10863497428 tgt=11099999982 f=0.405 u=0 breach=1 end=
CBAP_MIG t=25645000 epoch=5129 flow=51 side=new cur=10702516698 next=10863497428 tgt=11099999982 f=0.405 u=0 breach=1 end=
CBAP_MIG t=25645000 epoch=5129 flow=52 side=new cur=10702516698 next=10863497428 tgt=11099999982 f=0.405 u=0 breach=1 end=
CBAP_MIG t=25645000 epoch=5129 flow=53 side=new cur=10702516698 next=10863497428 tgt=11099999982 f=0.405 u=0 breach=1 end=
CBAP_MIG t=25645000 epoch=5129 flow=55 side=new cur=10702516698 next=10863497428 tgt=11099999982 f=0.405 u=0 breach=1 end=
CBAP_MIG t=25645000 epoch=5129 flow=57 side=new cur=10702516698 next=10863497428 tgt=11099999982 f=0.405 u=0 breach=1 end=
CBAP_MIG t=25645000 epoch=5129 flow=58 side=new cur=10702516698 next=10863497428 tgt=11099999982 f=0.405 u=0 breach=1 end=
CBAP_MIG t=25645000 epoch=5129 flow=59 side=new cur=10702516698 next=10863497428 tgt=11099999982 f=0.405 u=0 breach=1 end=
CBAP_MIG t=25645000 epoch=5129 flow=61 side=new cur=10702516698 next=10863497428 tgt=11099999982 f=0.405 u=0 breach=1 end=
CBAP_MIG t=25645000 epoch=5129 flow=62 side=new cur=10702516698 next=10863497428 tgt=11099999982 f=0.405 u=0 breach=1 end=
CBAP_MIG t=25645000 epoch=5129 flow=64 side=new cur=10702516698 next=10863497428 tgt=11099999982 f=0.405 u=0 breach=1 end=
CBAP_MIG_REPLAN t=25650000 reason=active_set_shrank flow=0 batch=0 newest_batch=1 cur=4000004377 target=4000000000 ceiling=320000000000 old_side_present=1
CBAP_MIG_REPLAN t=25650000 reason=active_set_shrank flow=1 batch=1 newest_batch=1 cur=10863497428 target=11417142844 ceiling=400000000000 old_side_present=1
CBAP_MIG_REPLAN t=25650000 reason=active_set_shrank flow=2 batch=1 newest_batch=1 cur=10863497428 target=11417142844 ceiling=400000000000 old_side_present=1
CBAP_MIG_REPLAN t=25650000 reason=active_set_shrank flow=5 batch=1 newest_batch=1 cur=10863497428 target=11417142844 ceiling=400000000000 old_side_present=1
CBAP_MIG_REPLAN t=25650000 reason=active_set_shrank flow=7 batch=1 newest_batch=1 cur=10863497428 target=11417142844 ceiling=400000000000 old_side_present=1
CBAP_MIG_REPLAN t=25650000 reason=active_set_shrank flow=8 batch=1 newest_batch=1 cur=10863497428 target=11417142844 ceiling=400000000000 old_side_present=1
CBAP_MIG_REPLAN t=25650000 reason=active_set_shrank flow=9 batch=1 newest_batch=1 cur=10863497428 target=11417142844 ceiling=400000000000 old_side_present=1
CBAP_MIG_REPLAN t=25650000 reason=active_set_shrank flow=12 batch=1 newest_batch=1 cur=10863497428 target=11417142844 ceiling=400000000000 old_side_present=1
CBAP_MIG_REPLAN t=25650000 reason=active_set_shrank flow=13 batch=1 newest_batch=1 cur=10863497428 target=11417142844 ceiling=400000000000 old_side_present=1
CBAP_MIG_REPLAN t=25650000 reason=active_set_shrank flow=15 batch=1 newest_batch=1 cur=10863497428 target=11417142844 ceiling=400000000000 old_side_present=1
CBAP_MIG_REPLAN t=25650000 reason=active_set_shrank flow=16 batch=1 newest_batch=1 cur=10863497428 target=11417142844 ceiling=400000000000 old_side_present=1
CBAP_MIG_REPLAN t=25650000 reason=active_set_shrank flow=17 batch=1 newest_batch=1 cur=10863497428 target=11417142844 ceiling=400000000000 old_side_present=1
CBAP_MIG_REPLAN t=25650000 reason=active_set_shrank flow=18 batch=1 newest_batch=1 cur=10863497428 target=11417142844 ceiling=400000000000 old_side_present=1
CBAP_MIG_REPLAN t=25650000 reason=active_set_shrank flow=20 batch=1 newest_batch=1 cur=10863497428 target=11417142844 ceiling=400000000000 old_side_present=1
CBAP_MIG_REPLAN t=25650000 reason=active_set_shrank flow=21 batch=1 newest_batch=1 cur=10863497428 target=11417142844 ceiling=400000000000 old_side_present=1
CBAP_MIG_REPLAN t=25650000 reason=active_set_shrank flow=27 batch=1 newest_batch=1 cur=10863497428 target=11417142844 ceiling=400000000000 old_side_present=1
CBAP_MIG_REPLAN t=25650000 reason=active_set_shrank flow=28 batch=1 newest_batch=1 cur=10863497428 target=11417142844 ceiling=400000000000 old_side_present=1
CBAP_MIG_REPLAN t=25650000 reason=active_set_shrank flow=31 batch=1 newest_batch=1 cur=10863497428 target=11417142844 ceiling=400000000000 old_side_present=1
CBAP_MIG_REPLAN t=25650000 reason=active_set_shrank flow=32 batch=1 newest_batch=1 cur=10863497428 target=11417142844 ceiling=400000000000 old_side_present=1
CBAP_MIG_REPLAN t=25650000 reason=active_set_shrank flow=37 batch=1 newest_batch=1 cur=10863497428 target=11417142844 ceiling=400000000000 old_side_present=1
CBAP_MIG_REPLAN t=25650000 reason=active_set_shrank flow=38 batch=1 newest_batch=1 cur=10863497428 target=11417142844 ceiling=400000000000 old_side_present=1
CBAP_MIG_REPLAN t=25650000 reason=active_set_shrank flow=39 batch=1 newest_batch=1 cur=10863497428 target=11417142844 ceiling=400000000000 old_side_present=1
CBAP_MIG_REPLAN t=25650000 reason=active_set_shrank flow=42 batch=1 newest_batch=1 cur=10863497428 target=11417142844 ceiling=400000000000 old_side_present=1
CBAP_MIG_REPLAN t=25650000 reason=active_set_shrank flow=44 batch=1 newest_batch=1 cur=10863497428 target=11417142844 ceiling=400000000000 old_side_present=1
CBAP_MIG_REPLAN t=25650000 reason=active_set_shrank flow=45 batch=1 newest_batch=1 cur=10863497428 target=11417142844 ceiling=400000000000 old_side_present=1
CBAP_MIG_REPLAN t=25650000 reason=active_set_shrank flow=46 batch=1 newest_batch=1 cur=10863497428 target=11417142844 ceiling=400000000000 old_side_present=1
CBAP_MIG_REPLAN t=25650000 reason=active_set_shrank flow=49 batch=1 newest_batch=1 cur=10863497428 target=11417142844 ceiling=400000000000 old_side_present=1
CBAP_MIG_REPLAN t=25650000 reason=active_set_shrank flow=51 batch=1 newest_batch=1 cur=10863497428 target=11417142844 ceiling=400000000000 old_side_present=1
CBAP_MIG_REPLAN t=25650000 reason=active_set_shrank flow=53 batch=1 newest_batch=1 cur=10863497428 target=11417142844 ceiling=400000000000 old_side_present=1
CBAP_MIG_REPLAN t=25650000 reason=active_set_shrank flow=55 batch=1 newest_batch=1 cur=10863497428 target=11417142844 ceiling=400000000000 old_side_present=1
CBAP_MIG_REPLAN t=25650000 reason=active_set_shrank flow=57 batch=1 newest_batch=1 cur=10863497428 target=11417142844 ceiling=400000000000 old_side_present=1
CBAP_MIG_REPLAN t=25650000 reason=active_set_shrank flow=58 batch=1 newest_batch=1 cur=10863497428 target=11417142844 ceiling=400000000000 old_side_present=1
CBAP_MIG_REPLAN t=25650000 reason=active_set_shrank flow=59 batch=1 newest_batch=1 cur=10863497428 target=11417142844 ceiling=400000000000 old_side_present=1
CBAP_MIG_REPLAN t=25650000 reason=active_set_shrank flow=61 batch=1 newest_batch=1 cur=10863497428 target=11417142844 ceiling=400000000000 old_side_present=1
CBAP_MIG_REPLAN t=25650000 reason=active_set_shrank flow=62 batch=1 newest_batch=1 cur=10863497428 target=11417142844 ceiling=400000000000 old_side_present=1
CBAP_MIG_REPLAN t=25650000 reason=active_set_shrank flow=64 batch=1 newest_batch=1 cur=10863497428 target=11417142844 ceiling=400000000000 old_side_present=1
CBAP_MIG t=25650000 epoch=5130 flow=0 side=old cur=4000004377 next=4000003063 tgt=4000000000 f=0.3 u=0 breach=0 end=converged
CBAP_MIG t=25650000 epoch=5130 flow=1 side=new cur=10863497428 next=11087723821 tgt=11417142844 f=0.405 u=0 breach=1 end=
CBAP_MIG t=25650000 epoch=5130 flow=2 side=new cur=10863497428 next=11087723821 tgt=11417142844 f=0.405 u=0 breach=1 end=
CBAP_MIG t=25650000 epoch=5130 flow=5 side=new cur=10863497428 next=11087723821 tgt=11417142844 f=0.405 u=0 breach=1 end=
CBAP_MIG t=25650000 epoch=5130 flow=7 side=new cur=10863497428 next=11087723821 tgt=11417142844 f=0.405 u=0 breach=1 end=
CBAP_MIG t=25650000 epoch=5130 flow=8 side=new cur=10863497428 next=11087723821 tgt=11417142844 f=0.405 u=0 breach=1 end=
CBAP_MIG t=25650000 epoch=5130 flow=9 side=new cur=10863497428 next=11087723821 tgt=11417142844 f=0.405 u=0 breach=1 end=
CBAP_MIG t=25650000 epoch=5130 flow=12 side=new cur=10863497428 next=11087723821 tgt=11417142844 f=0.405 u=0 breach=1 end=
CBAP_MIG t=25650000 epoch=5130 flow=13 side=new cur=10863497428 next=11087723821 tgt=11417142844 f=0.405 u=0 breach=1 end=
CBAP_MIG t=25650000 epoch=5130 flow=15 side=new cur=10863497428 next=11087723821 tgt=11417142844 f=0.405 u=0 breach=1 end=
CBAP_MIG t=25650000 epoch=5130 flow=16 side=new cur=10863497428 next=11087723821 tgt=11417142844 f=0.405 u=0 breach=1 end=
CBAP_MIG t=25650000 epoch=5130 flow=17 side=new cur=10863497428 next=11087723821 tgt=11417142844 f=0.405 u=0 breach=1 end=
CBAP_MIG t=25650000 epoch=5130 flow=18 side=new cur=10863497428 next=11087723821 tgt=11417142844 f=0.405 u=0 breach=1 end=
CBAP_MIG t=25650000 epoch=5130 flow=20 side=new cur=10863497428 next=11087723821 tgt=11417142844 f=0.405 u=0 breach=1 end=
CBAP_MIG t=25650000 epoch=5130 flow=21 side=new cur=10863497428 next=11087723821 tgt=11417142844 f=0.405 u=0 breach=1 end=
CBAP_MIG t=25650000 epoch=5130 flow=27 side=new cur=10863497428 next=11087723821 tgt=11417142844 f=0.405 u=0 breach=1 end=
CBAP_MIG t=25650000 epoch=5130 flow=28 side=new cur=10863497428 next=11087723821 tgt=11417142844 f=0.405 u=0 breach=1 end=
CBAP_MIG t=25650000 epoch=5130 flow=31 side=new cur=10863497428 next=11087723821 tgt=11417142844 f=0.405 u=0 breach=1 end=
CBAP_MIG t=25650000 epoch=5130 flow=32 side=new cur=10863497428 next=11087723821 tgt=11417142844 f=0.405 u=0 breach=1 end=
CBAP_MIG t=25650000 epoch=5130 flow=37 side=new cur=10863497428 next=11087723821 tgt=11417142844 f=0.405 u=0 breach=1 end=
CBAP_MIG t=25650000 epoch=5130 flow=38 side=new cur=10863497428 next=11087723821 tgt=11417142844 f=0.405 u=0 breach=1 end=
CBAP_MIG t=25650000 epoch=5130 flow=39 side=new cur=10863497428 next=11087723821 tgt=11417142844 f=0.405 u=0 breach=1 end=
CBAP_MIG t=25650000 epoch=5130 flow=42 side=new cur=10863497428 next=11087723821 tgt=11417142844 f=0.405 u=0 breach=1 end=
CBAP_MIG t=25650000 epoch=5130 flow=44 side=new cur=10863497428 next=11087723821 tgt=11417142844 f=0.405 u=0 breach=1 end=
CBAP_MIG t=25650000 epoch=5130 flow=45 side=new cur=10863497428 next=11087723821 tgt=11417142844 f=0.405 u=0 breach=1 end=
CBAP_MIG t=25650000 epoch=5130 flow=46 side=new cur=10863497428 next=11087723821 tgt=11417142844 f=0.405 u=0 breach=1 end=
CBAP_MIG t=25650000 epoch=5130 flow=49 side=new cur=10863497428 next=11087723821 tgt=11417142844 f=0.405 u=0 breach=1 end=
CBAP_MIG t=25650000 epoch=5130 flow=51 side=new cur=10863497428 next=11087723821 tgt=11417142844 f=0.405 u=0 breach=1 end=
CBAP_MIG t=25650000 epoch=5130 flow=53 side=new cur=10863497428 next=11087723821 tgt=11417142844 f=0.405 u=0 breach=1 end=
CBAP_MIG t=25650000 epoch=5130 flow=55 side=new cur=10863497428 next=11087723821 tgt=11417142844 f=0.405 u=0 breach=1 end=
CBAP_MIG t=25650000 epoch=5130 flow=57 side=new cur=10863497428 next=11087723821 tgt=11417142844 f=0.405 u=0 breach=1 end=
CBAP_MIG t=25650000 epoch=5130 flow=58 side=new cur=10863497428 next=11087723821 tgt=11417142844 f=0.405 u=0 breach=1 end=
CBAP_MIG t=25650000 epoch=5130 flow=59 side=new cur=10863497428 next=11087723821 tgt=11417142844 f=0.405 u=0 breach=1 end=
CBAP_MIG t=25650000 epoch=5130 flow=61 side=new cur=10863497428 next=11087723821 tgt=11417142844 f=0.405 u=0 breach=1 end=
CBAP_MIG t=25650000 epoch=5130 flow=62 side=new cur=10863497428 next=11087723821 tgt=11417142844 f=0.405 u=0 breach=1 end=
CBAP_MIG t=25650000 epoch=5130 flow=64 side=new cur=10863497428 next=11087723821 tgt=11417142844 f=0.405 u=0 breach=1 end=
CBAP_MIG t=25655000 epoch=5131 flow=1 side=new cur=11087723821 next=11221138525 tgt=11417142844 f=0.405 u=0 breach=1 end=
CBAP_MIG t=25655000 epoch=5131 flow=2 side=new cur=11087723821 next=11221138525 tgt=11417142844 f=0.405 u=0 breach=1 end=
CBAP_MIG t=25655000 epoch=5131 flow=5 side=new cur=11087723821 next=11221138525 tgt=11417142844 f=0.405 u=0 breach=1 end=
CBAP_MIG t=25655000 epoch=5131 flow=7 side=new cur=11087723821 next=11221138525 tgt=11417142844 f=0.405 u=0 breach=1 end=
CBAP_MIG t=25655000 epoch=5131 flow=8 side=new cur=11087723821 next=11221138525 tgt=11417142844 f=0.405 u=0 breach=1 end=
CBAP_MIG t=25655000 epoch=5131 flow=9 side=new cur=11087723821 next=11221138525 tgt=11417142844 f=0.405 u=0 breach=1 end=
CBAP_MIG t=25655000 epoch=5131 flow=12 side=new cur=11087723821 next=11221138525 tgt=11417142844 f=0.405 u=0 breach=1 end=
CBAP_MIG t=25655000 epoch=5131 flow=13 side=new cur=11087723821 next=11221138525 tgt=11417142844 f=0.405 u=0 breach=1 end=
CBAP_MIG t=25655000 epoch=5131 flow=15 side=new cur=11087723821 next=11221138525 tgt=11417142844 f=0.405 u=0 breach=1 end=
CBAP_MIG t=25655000 epoch=5131 flow=16 side=new cur=11087723821 next=11221138525 tgt=11417142844 f=0.405 u=0 breach=1 end=
CBAP_MIG t=25655000 epoch=5131 flow=17 side=new cur=11087723821 next=11221138525 tgt=11417142844 f=0.405 u=0 breach=1 end=
CBAP_MIG t=25655000 epoch=5131 flow=18 side=new cur=11087723821 next=11221138525 tgt=11417142844 f=0.405 u=0 breach=1 end=
CBAP_MIG t=25655000 epoch=5131 flow=20 side=new cur=11087723821 next=11221138525 tgt=11417142844 f=0.405 u=0 breach=1 end=
CBAP_MIG t=25655000 epoch=5131 flow=21 side=new cur=11087723821 next=11221138525 tgt=11417142844 f=0.405 u=0 breach=1 end=
CBAP_MIG t=25655000 epoch=5131 flow=27 side=new cur=11087723821 next=11221138525 tgt=11417142844 f=0.405 u=0 breach=1 end=
CBAP_MIG t=25655000 epoch=5131 flow=28 side=new cur=11087723821 next=11221138525 tgt=11417142844 f=0.405 u=0 breach=1 end=
CBAP_MIG t=25655000 epoch=5131 flow=31 side=new cur=11087723821 next=11221138525 tgt=11417142844 f=0.405 u=0 breach=1 end=
CBAP_MIG t=25655000 epoch=5131 flow=32 side=new cur=11087723821 next=11221138525 tgt=11417142844 f=0.405 u=0 breach=1 end=
CBAP_MIG t=25655000 epoch=5131 flow=37 side=new cur=11087723821 next=11221138525 tgt=11417142844 f=0.405 u=0 breach=1 end=
CBAP_MIG t=25655000 epoch=5131 flow=38 side=new cur=11087723821 next=11221138525 tgt=11417142844 f=0.405 u=0 breach=1 end=
CBAP_MIG t=25655000 epoch=5131 flow=39 side=new cur=11087723821 next=11221138525 tgt=11417142844 f=0.405 u=0 breach=1 end=
CBAP_MIG t=25655000 epoch=5131 flow=42 side=new cur=11087723821 next=11221138525 tgt=11417142844 f=0.405 u=0 breach=1 end=
CBAP_MIG t=25655000 epoch=5131 flow=44 side=new cur=11087723821 next=11221138525 tgt=11417142844 f=0.405 u=0 breach=1 end=
CBAP_MIG t=25655000 epoch=5131 flow=45 side=new cur=11087723821 next=11221138525 tgt=11417142844 f=0.405 u=0 breach=1 end=
CBAP_MIG t=25655000 epoch=5131 flow=46 side=new cur=11087723821 next=11221138525 tgt=11417142844 f=0.405 u=0 breach=1 end=
CBAP_MIG t=25655000 epoch=5131 flow=49 side=new cur=11087723821 next=11221138525 tgt=11417142844 f=0.405 u=0 breach=1 end=
CBAP_MIG t=25655000 epoch=5131 flow=51 side=new cur=11087723821 next=11221138525 tgt=11417142844 f=0.405 u=0 breach=1 end=
CBAP_MIG t=25655000 epoch=5131 flow=53 side=new cur=11087723821 next=11221138525 tgt=11417142844 f=0.405 u=0 breach=1 end=
CBAP_MIG t=25655000 epoch=5131 flow=55 side=new cur=11087723821 next=11221138525 tgt=11417142844 f=0.405 u=0 breach=1 end=
CBAP_MIG t=25655000 epoch=5131 flow=57 side=new cur=11087723821 next=11221138525 tgt=11417142844 f=0.405 u=0 breach=1 end=
CBAP_MIG t=25655000 epoch=5131 flow=58 side=new cur=11087723821 next=11221138525 tgt=11417142844 f=0.405 u=0 breach=1 end=
CBAP_MIG t=25655000 epoch=5131 flow=59 side=new cur=11087723821 next=11221138525 tgt=11417142844 f=0.405 u=0 breach=1 end=
CBAP_MIG t=25655000 epoch=5131 flow=61 side=new cur=11087723821 next=11221138525 tgt=11417142844 f=0.405 u=0 breach=1 end=
CBAP_MIG t=25655000 epoch=5131 flow=62 side=new cur=11087723821 next=11221138525 tgt=11417142844 f=0.405 u=0 breach=1 end=
CBAP_MIG t=25655000 epoch=5131 flow=64 side=new cur=11087723821 next=11221138525 tgt=11417142844 f=0.405 u=0 breach=1 end=
CBAP_MIG t=25660000 epoch=5132 flow=1 side=new cur=11221138525 next=11300520274 tgt=11417142844 f=0.405 u=0 breach=1 end=
CBAP_MIG t=25660000 epoch=5132 flow=2 side=new cur=11221138525 next=11300520274 tgt=11417142844 f=0.405 u=0 breach=1 end=
CBAP_MIG t=25660000 epoch=5132 flow=5 side=new cur=11221138525 next=11300520274 tgt=11417142844 f=0.405 u=0 breach=1 end=
CBAP_MIG t=25660000 epoch=5132 flow=7 side=new cur=11221138525 next=11300520274 tgt=11417142844 f=0.405 u=0 breach=1 end=
CBAP_MIG t=25660000 epoch=5132 flow=8 side=new cur=11221138525 next=11300520274 tgt=11417142844 f=0.405 u=0 breach=1 end=
CBAP_MIG t=25660000 epoch=5132 flow=9 side=new cur=11221138525 next=11300520274 tgt=11417142844 f=0.405 u=0 breach=1 end=
CBAP_MIG t=25660000 epoch=5132 flow=12 side=new cur=11221138525 next=11300520274 tgt=11417142844 f=0.405 u=0 breach=1 end=
CBAP_MIG t=25660000 epoch=5132 flow=13 side=new cur=11221138525 next=11300520274 tgt=11417142844 f=0.405 u=0 breach=1 end=
CBAP_MIG t=25660000 epoch=5132 flow=15 side=new cur=11221138525 next=11300520274 tgt=11417142844 f=0.405 u=0 breach=1 end=
CBAP_MIG t=25660000 epoch=5132 flow=16 side=new cur=11221138525 next=11300520274 tgt=11417142844 f=0.405 u=0 breach=1 end=
CBAP_MIG t=25660000 epoch=5132 flow=17 side=new cur=11221138525 next=11300520274 tgt=11417142844 f=0.405 u=0 breach=1 end=
CBAP_MIG t=25660000 epoch=5132 flow=18 side=new cur=11221138525 next=11300520274 tgt=11417142844 f=0.405 u=0 breach=1 end=
CBAP_MIG t=25660000 epoch=5132 flow=20 side=new cur=11221138525 next=11300520274 tgt=11417142844 f=0.405 u=0 breach=1 end=
CBAP_MIG t=25660000 epoch=5132 flow=21 side=new cur=11221138525 next=11300520274 tgt=11417142844 f=0.405 u=0 breach=1 end=
CBAP_MIG t=25660000 epoch=5132 flow=27 side=new cur=11221138525 next=11300520274 tgt=11417142844 f=0.405 u=0 breach=1 end=
CBAP_MIG t=25660000 epoch=5132 flow=28 side=new cur=11221138525 next=11300520274 tgt=11417142844 f=0.405 u=0 breach=1 end=
CBAP_MIG t=25660000 epoch=5132 flow=31 side=new cur=11221138525 next=11300520274 tgt=11417142844 f=0.405 u=0 breach=1 end=
CBAP_MIG t=25660000 epoch=5132 flow=32 side=new cur=11221138525 next=11300520274 tgt=11417142844 f=0.405 u=0 breach=1 end=
CBAP_MIG t=25660000 epoch=5132 flow=37 side=new cur=11221138525 next=11300520274 tgt=11417142844 f=0.405 u=0 breach=1 end=
CBAP_MIG t=25660000 epoch=5132 flow=38 side=new cur=11221138525 next=11300520274 tgt=11417142844 f=0.405 u=0 breach=1 end=
CBAP_MIG t=25660000 epoch=5132 flow=39 side=new cur=11221138525 next=11300520274 tgt=11417142844 f=0.405 u=0 breach=1 end=
CBAP_MIG t=25660000 epoch=5132 flow=42 side=new cur=11221138525 next=11300520274 tgt=11417142844 f=0.405 u=0 breach=1 end=
CBAP_MIG t=25660000 epoch=5132 flow=44 side=new cur=11221138525 next=11300520274 tgt=11417142844 f=0.405 u=0 breach=1 end=
CBAP_MIG t=25660000 epoch=5132 flow=45 side=new cur=11221138525 next=11300520274 tgt=11417142844 f=0.405 u=0 breach=1 end=
CBAP_MIG t=25660000 epoch=5132 flow=46 side=new cur=11221138525 next=11300520274 tgt=11417142844 f=0.405 u=0 breach=1 end=
CBAP_MIG t=25660000 epoch=5132 flow=49 side=new cur=11221138525 next=11300520274 tgt=11417142844 f=0.405 u=0 breach=1 end=
CBAP_MIG t=25660000 epoch=5132 flow=51 side=new cur=11221138525 next=11300520274 tgt=11417142844 f=0.405 u=0 breach=1 end=
CBAP_MIG t=25660000 epoch=5132 flow=53 side=new cur=11221138525 next=11300520274 tgt=11417142844 f=0.405 u=0 breach=1 end=
CBAP_MIG t=25660000 epoch=5132 flow=55 side=new cur=11221138525 next=11300520274 tgt=11417142844 f=0.405 u=0 breach=1 end=
CBAP_MIG t=25660000 epoch=5132 flow=57 side=new cur=11221138525 next=11300520274 tgt=11417142844 f=0.405 u=0 breach=1 end=
CBAP_MIG t=25660000 epoch=5132 flow=58 side=new cur=11221138525 next=11300520274 tgt=11417142844 f=0.405 u=0 breach=1 end=
CBAP_MIG t=25660000 epoch=5132 flow=59 side=new cur=11221138525 next=11300520274 tgt=11417142844 f=0.405 u=0 breach=1 end=
CBAP_MIG t=25660000 epoch=5132 flow=61 side=new cur=11221138525 next=11300520274 tgt=11417142844 f=0.405 u=0 breach=1 end=
CBAP_MIG t=25660000 epoch=5132 flow=62 side=new cur=11221138525 next=11300520274 tgt=11417142844 f=0.405 u=0 breach=1 end=
CBAP_MIG t=25660000 epoch=5132 flow=64 side=new cur=11221138525 next=11300520274 tgt=11417142844 f=0.405 u=0 breach=1 end=
CBAP_MIG t=25665000 epoch=5133 flow=1 side=new cur=11300520274 next=11347752414 tgt=11417142844 f=0.405 u=0 breach=1 end=converged
CBAP_MIG t=25665000 epoch=5133 flow=2 side=new cur=11300520274 next=11347752414 tgt=11417142844 f=0.405 u=0 breach=1 end=converged
CBAP_MIG t=25665000 epoch=5133 flow=5 side=new cur=11300520274 next=11347752414 tgt=11417142844 f=0.405 u=0 breach=1 end=converged
CBAP_MIG t=25665000 epoch=5133 flow=7 side=new cur=11300520274 next=11347752414 tgt=11417142844 f=0.405 u=0 breach=1 end=converged
CBAP_MIG t=25665000 epoch=5133 flow=8 side=new cur=11300520274 next=11347752414 tgt=11417142844 f=0.405 u=0 breach=1 end=converged
CBAP_MIG t=25665000 epoch=5133 flow=9 side=new cur=11300520274 next=11347752414 tgt=11417142844 f=0.405 u=0 breach=1 end=converged
CBAP_MIG t=25665000 epoch=5133 flow=12 side=new cur=11300520274 next=11347752414 tgt=11417142844 f=0.405 u=0 breach=1 end=converged
CBAP_MIG t=25665000 epoch=5133 flow=13 side=new cur=11300520274 next=11347752414 tgt=11417142844 f=0.405 u=0 breach=1 end=converged
CBAP_MIG t=25665000 epoch=5133 flow=15 side=new cur=11300520274 next=11347752414 tgt=11417142844 f=0.405 u=0 breach=1 end=converged
CBAP_MIG t=25665000 epoch=5133 flow=16 side=new cur=11300520274 next=11347752414 tgt=11417142844 f=0.405 u=0 breach=1 end=converged
CBAP_MIG t=25665000 epoch=5133 flow=17 side=new cur=11300520274 next=11347752414 tgt=11417142844 f=0.405 u=0 breach=1 end=converged
CBAP_MIG t=25665000 epoch=5133 flow=18 side=new cur=11300520274 next=11347752414 tgt=11417142844 f=0.405 u=0 breach=1 end=converged
CBAP_MIG t=25665000 epoch=5133 flow=20 side=new cur=11300520274 next=11347752414 tgt=11417142844 f=0.405 u=0 breach=1 end=converged
CBAP_MIG t=25665000 epoch=5133 flow=21 side=new cur=11300520274 next=11347752414 tgt=11417142844 f=0.405 u=0 breach=1 end=converged
CBAP_MIG t=25665000 epoch=5133 flow=27 side=new cur=11300520274 next=11347752414 tgt=11417142844 f=0.405 u=0 breach=1 end=converged
CBAP_MIG t=25665000 epoch=5133 flow=28 side=new cur=11300520274 next=11347752414 tgt=11417142844 f=0.405 u=0 breach=1 end=converged
CBAP_MIG t=25665000 epoch=5133 flow=31 side=new cur=11300520274 next=11347752414 tgt=11417142844 f=0.405 u=0 breach=1 end=converged
CBAP_MIG t=25665000 epoch=5133 flow=32 side=new cur=11300520274 next=11347752414 tgt=11417142844 f=0.405 u=0 breach=1 end=converged
CBAP_MIG t=25665000 epoch=5133 flow=37 side=new cur=11300520274 next=11347752414 tgt=11417142844 f=0.405 u=0 breach=1 end=converged
CBAP_MIG t=25665000 epoch=5133 flow=38 side=new cur=11300520274 next=11347752414 tgt=11417142844 f=0.405 u=0 breach=1 end=converged
CBAP_MIG t=25665000 epoch=5133 flow=39 side=new cur=11300520274 next=11347752414 tgt=11417142844 f=0.405 u=0 breach=1 end=converged
CBAP_MIG t=25665000 epoch=5133 flow=42 side=new cur=11300520274 next=11347752414 tgt=11417142844 f=0.405 u=0 breach=1 end=converged
CBAP_MIG t=25665000 epoch=5133 flow=44 side=new cur=11300520274 next=11347752414 tgt=11417142844 f=0.405 u=0 breach=1 end=converged
CBAP_MIG t=25665000 epoch=5133 flow=45 side=new cur=11300520274 next=11347752414 tgt=11417142844 f=0.405 u=0 breach=1 end=converged
CBAP_MIG t=25665000 epoch=5133 flow=46 side=new cur=11300520274 next=11347752414 tgt=11417142844 f=0.405 u=0 breach=1 end=converged
CBAP_MIG t=25665000 epoch=5133 flow=49 side=new cur=11300520274 next=11347752414 tgt=11417142844 f=0.405 u=0 breach=1 end=converged
CBAP_MIG t=25665000 epoch=5133 flow=51 side=new cur=11300520274 next=11347752414 tgt=11417142844 f=0.405 u=0 breach=1 end=converged
CBAP_MIG t=25665000 epoch=5133 flow=53 side=new cur=11300520274 next=11347752414 tgt=11417142844 f=0.405 u=0 breach=1 end=converged
CBAP_MIG t=25665000 epoch=5133 flow=55 side=new cur=11300520274 next=11347752414 tgt=11417142844 f=0.405 u=0 breach=1 end=converged
CBAP_MIG t=25665000 epoch=5133 flow=57 side=new cur=11300520274 next=11347752414 tgt=11417142844 f=0.405 u=0 breach=1 end=converged
CBAP_MIG t=25665000 epoch=5133 flow=58 side=new cur=11300520274 next=11347752414 tgt=11417142844 f=0.405 u=0 breach=1 end=converged
CBAP_MIG t=25665000 epoch=5133 flow=59 side=new cur=11300520274 next=11347752414 tgt=11417142844 f=0.405 u=0 breach=1 end=converged
CBAP_MIG t=25665000 epoch=5133 flow=61 side=new cur=11300520274 next=11347752414 tgt=11417142844 f=0.405 u=0 breach=1 end=converged
CBAP_MIG t=25665000 epoch=5133 flow=62 side=new cur=11300520274 next=11347752414 tgt=11417142844 f=0.405 u=0 breach=1 end=converged
CBAP_MIG t=25665000 epoch=5133 flow=64 side=new cur=11300520274 next=11347752414 tgt=11417142844 f=0.405 u=0 breach=1 end=converged
CBAP_MIG_REPLAN t=25670000 reason=active_set_shrank flow=0 batch=0 newest_batch=1 cur=4000003063 target=4000000000 ceiling=320000000000 old_side_present=1
CBAP_MIG_REPLAN t=25670000 reason=active_set_shrank flow=1 batch=1 newest_batch=1 cur=11347752414 target=11752941167 ceiling=400000000000 old_side_present=1
CBAP_MIG_REPLAN t=25670000 reason=active_set_shrank flow=2 batch=1 newest_batch=1 cur=11347752414 target=11752941167 ceiling=400000000000 old_side_present=1
CBAP_MIG_REPLAN t=25670000 reason=active_set_shrank flow=5 batch=1 newest_batch=1 cur=11347752414 target=11752941167 ceiling=400000000000 old_side_present=1
CBAP_MIG_REPLAN t=25670000 reason=active_set_shrank flow=7 batch=1 newest_batch=1 cur=11347752414 target=11752941167 ceiling=400000000000 old_side_present=1
CBAP_MIG_REPLAN t=25670000 reason=active_set_shrank flow=8 batch=1 newest_batch=1 cur=11347752414 target=11752941167 ceiling=400000000000 old_side_present=1
CBAP_MIG_REPLAN t=25670000 reason=active_set_shrank flow=9 batch=1 newest_batch=1 cur=11347752414 target=11752941167 ceiling=400000000000 old_side_present=1
CBAP_MIG_REPLAN t=25670000 reason=active_set_shrank flow=12 batch=1 newest_batch=1 cur=11347752414 target=11752941167 ceiling=400000000000 old_side_present=1
CBAP_MIG_REPLAN t=25670000 reason=active_set_shrank flow=13 batch=1 newest_batch=1 cur=11347752414 target=11752941167 ceiling=400000000000 old_side_present=1
CBAP_MIG_REPLAN t=25670000 reason=active_set_shrank flow=15 batch=1 newest_batch=1 cur=11347752414 target=11752941167 ceiling=400000000000 old_side_present=1
CBAP_MIG_REPLAN t=25670000 reason=active_set_shrank flow=16 batch=1 newest_batch=1 cur=11347752414 target=11752941167 ceiling=400000000000 old_side_present=1
CBAP_MIG_REPLAN t=25670000 reason=active_set_shrank flow=17 batch=1 newest_batch=1 cur=11347752414 target=11752941167 ceiling=400000000000 old_side_present=1
CBAP_MIG_REPLAN t=25670000 reason=active_set_shrank flow=18 batch=1 newest_batch=1 cur=11347752414 target=11752941167 ceiling=400000000000 old_side_present=1
CBAP_MIG_REPLAN t=25670000 reason=active_set_shrank flow=20 batch=1 newest_batch=1 cur=11347752414 target=11752941167 ceiling=400000000000 old_side_present=1
CBAP_MIG_REPLAN t=25670000 reason=active_set_shrank flow=21 batch=1 newest_batch=1 cur=11347752414 target=11752941167 ceiling=400000000000 old_side_present=1
CBAP_MIG_REPLAN t=25670000 reason=active_set_shrank flow=28 batch=1 newest_batch=1 cur=11347752414 target=11752941167 ceiling=400000000000 old_side_present=1
CBAP_MIG_REPLAN t=25670000 reason=active_set_shrank flow=31 batch=1 newest_batch=1 cur=11347752414 target=11752941167 ceiling=400000000000 old_side_present=1
CBAP_MIG_REPLAN t=25670000 reason=active_set_shrank flow=32 batch=1 newest_batch=1 cur=11347752414 target=11752941167 ceiling=400000000000 old_side_present=1
CBAP_MIG_REPLAN t=25670000 reason=active_set_shrank flow=37 batch=1 newest_batch=1 cur=11347752414 target=11752941167 ceiling=400000000000 old_side_present=1
CBAP_MIG_REPLAN t=25670000 reason=active_set_shrank flow=38 batch=1 newest_batch=1 cur=11347752414 target=11752941167 ceiling=400000000000 old_side_present=1
CBAP_MIG_REPLAN t=25670000 reason=active_set_shrank flow=39 batch=1 newest_batch=1 cur=11347752414 target=11752941167 ceiling=400000000000 old_side_present=1
CBAP_MIG_REPLAN t=25670000 reason=active_set_shrank flow=42 batch=1 newest_batch=1 cur=11347752414 target=11752941167 ceiling=400000000000 old_side_present=1
CBAP_MIG_REPLAN t=25670000 reason=active_set_shrank flow=44 batch=1 newest_batch=1 cur=11347752414 target=11752941167 ceiling=400000000000 old_side_present=1
CBAP_MIG_REPLAN t=25670000 reason=active_set_shrank flow=45 batch=1 newest_batch=1 cur=11347752414 target=11752941167 ceiling=400000000000 old_side_present=1
CBAP_MIG_REPLAN t=25670000 reason=active_set_shrank flow=46 batch=1 newest_batch=1 cur=11347752414 target=11752941167 ceiling=400000000000 old_side_present=1
CBAP_MIG_REPLAN t=25670000 reason=active_set_shrank flow=49 batch=1 newest_batch=1 cur=11347752414 target=11752941167 ceiling=400000000000 old_side_present=1
CBAP_MIG_REPLAN t=25670000 reason=active_set_shrank flow=51 batch=1 newest_batch=1 cur=11347752414 target=11752941167 ceiling=400000000000 old_side_present=1
CBAP_MIG_REPLAN t=25670000 reason=active_set_shrank flow=53 batch=1 newest_batch=1 cur=11347752414 target=11752941167 ceiling=400000000000 old_side_present=1
CBAP_MIG_REPLAN t=25670000 reason=active_set_shrank flow=55 batch=1 newest_batch=1 cur=11347752414 target=11752941167 ceiling=400000000000 old_side_present=1
CBAP_MIG_REPLAN t=25670000 reason=active_set_shrank flow=57 batch=1 newest_batch=1 cur=11347752414 target=11752941167 ceiling=400000000000 old_side_present=1
CBAP_MIG_REPLAN t=25670000 reason=active_set_shrank flow=58 batch=1 newest_batch=1 cur=11347752414 target=11752941167 ceiling=400000000000 old_side_present=1
CBAP_MIG_REPLAN t=25670000 reason=active_set_shrank flow=59 batch=1 newest_batch=1 cur=11347752414 target=11752941167 ceiling=400000000000 old_side_present=1
CBAP_MIG_REPLAN t=25670000 reason=active_set_shrank flow=61 batch=1 newest_batch=1 cur=11347752414 target=11752941167 ceiling=400000000000 old_side_present=1
CBAP_MIG_REPLAN t=25670000 reason=active_set_shrank flow=62 batch=1 newest_batch=1 cur=11347752414 target=11752941167 ceiling=400000000000 old_side_present=1
CBAP_MIG_REPLAN t=25670000 reason=active_set_shrank flow=64 batch=1 newest_batch=1 cur=11347752414 target=11752941167 ceiling=400000000000 old_side_present=1
CBAP_MIG t=25670000 epoch=5134 flow=0 side=old cur=4000003063 next=4000002144 tgt=4000000000 f=0.3 u=0 breach=0 end=converged
CBAP_MIG t=25670000 epoch=5134 flow=1 side=new cur=11347752414 next=11511853858 tgt=11752941167 f=0.405 u=0 breach=1 end=
CBAP_MIG t=25670000 epoch=5134 flow=2 side=new cur=11347752414 next=11511853858 tgt=11752941167 f=0.405 u=0 breach=1 end=
CBAP_MIG t=25670000 epoch=5134 flow=5 side=new cur=11347752414 next=11511853858 tgt=11752941167 f=0.405 u=0 breach=1 end=
CBAP_MIG t=25670000 epoch=5134 flow=7 side=new cur=11347752414 next=11511853858 tgt=11752941167 f=0.405 u=0 breach=1 end=
CBAP_MIG t=25670000 epoch=5134 flow=8 side=new cur=11347752414 next=11511853858 tgt=11752941167 f=0.405 u=0 breach=1 end=
CBAP_MIG t=25670000 epoch=5134 flow=9 side=new cur=11347752414 next=11511853858 tgt=11752941167 f=0.405 u=0 breach=1 end=
CBAP_MIG t=25670000 epoch=5134 flow=12 side=new cur=11347752414 next=11511853858 tgt=11752941167 f=0.405 u=0 breach=1 end=
CBAP_MIG t=25670000 epoch=5134 flow=13 side=new cur=11347752414 next=11511853858 tgt=11752941167 f=0.405 u=0 breach=1 end=
CBAP_MIG t=25670000 epoch=5134 flow=15 side=new cur=11347752414 next=11511853858 tgt=11752941167 f=0.405 u=0 breach=1 end=
CBAP_MIG t=25670000 epoch=5134 flow=16 side=new cur=11347752414 next=11511853858 tgt=11752941167 f=0.405 u=0 breach=1 end=
CBAP_MIG t=25670000 epoch=5134 flow=17 side=new cur=11347752414 next=11511853858 tgt=11752941167 f=0.405 u=0 breach=1 end=
CBAP_MIG t=25670000 epoch=5134 flow=18 side=new cur=11347752414 next=11511853858 tgt=11752941167 f=0.405 u=0 breach=1 end=
CBAP_MIG t=25670000 epoch=5134 flow=20 side=new cur=11347752414 next=11511853858 tgt=11752941167 f=0.405 u=0 breach=1 end=
CBAP_MIG t=25670000 epoch=5134 flow=21 side=new cur=11347752414 next=11511853858 tgt=11752941167 f=0.405 u=0 breach=1 end=
CBAP_MIG t=25670000 epoch=5134 flow=28 side=new cur=11347752414 next=11511853858 tgt=11752941167 f=0.405 u=0 breach=1 end=
CBAP_MIG t=25670000 epoch=5134 flow=31 side=new cur=11347752414 next=11511853858 tgt=11752941167 f=0.405 u=0 breach=1 end=
CBAP_MIG t=25670000 epoch=5134 flow=32 side=new cur=11347752414 next=11511853858 tgt=11752941167 f=0.405 u=0 breach=1 end=
CBAP_MIG t=25670000 epoch=5134 flow=37 side=new cur=11347752414 next=11511853858 tgt=11752941167 f=0.405 u=0 breach=1 end=
CBAP_MIG t=25670000 epoch=5134 flow=38 side=new cur=11347752414 next=11511853858 tgt=11752941167 f=0.405 u=0 breach=1 end=
CBAP_MIG t=25670000 epoch=5134 flow=39 side=new cur=11347752414 next=11511853858 tgt=11752941167 f=0.405 u=0 breach=1 end=
CBAP_MIG t=25670000 epoch=5134 flow=42 side=new cur=11347752414 next=11511853858 tgt=11752941167 f=0.405 u=0 breach=1 end=
CBAP_MIG t=25670000 epoch=5134 flow=44 side=new cur=11347752414 next=11511853858 tgt=11752941167 f=0.405 u=0 breach=1 end=
CBAP_MIG t=25670000 epoch=5134 flow=45 side=new cur=11347752414 next=11511853858 tgt=11752941167 f=0.405 u=0 breach=1 end=
CBAP_MIG t=25670000 epoch=5134 flow=46 side=new cur=11347752414 next=11511853858 tgt=11752941167 f=0.405 u=0 breach=1 end=
CBAP_MIG t=25670000 epoch=5134 flow=49 side=new cur=11347752414 next=11511853858 tgt=11752941167 f=0.405 u=0 breach=1 end=
CBAP_MIG t=25670000 epoch=5134 flow=51 side=new cur=11347752414 next=11511853858 tgt=11752941167 f=0.405 u=0 breach=1 end=
CBAP_MIG t=25670000 epoch=5134 flow=53 side=new cur=11347752414 next=11511853858 tgt=11752941167 f=0.405 u=0 breach=1 end=
CBAP_MIG t=25670000 epoch=5134 flow=55 side=new cur=11347752414 next=11511853858 tgt=11752941167 f=0.405 u=0 breach=1 end=
CBAP_MIG t=25670000 epoch=5134 flow=57 side=new cur=11347752414 next=11511853858 tgt=11752941167 f=0.405 u=0 breach=1 end=
CBAP_MIG t=25670000 epoch=5134 flow=58 side=new cur=11347752414 next=11511853858 tgt=11752941167 f=0.405 u=0 breach=1 end=
CBAP_MIG t=25670000 epoch=5134 flow=59 side=new cur=11347752414 next=11511853858 tgt=11752941167 f=0.405 u=0 breach=1 end=
CBAP_MIG t=25670000 epoch=5134 flow=61 side=new cur=11347752414 next=11511853858 tgt=11752941167 f=0.405 u=0 breach=1 end=
CBAP_MIG t=25670000 epoch=5134 flow=62 side=new cur=11347752414 next=11511853858 tgt=11752941167 f=0.405 u=0 breach=1 end=
CBAP_MIG t=25670000 epoch=5134 flow=64 side=new cur=11347752414 next=11511853858 tgt=11752941167 f=0.405 u=0 breach=1 end=
CBAP_MIG t=25675000 epoch=5135 flow=1 side=new cur=11511853858 next=11609494218 tgt=11752941167 f=0.405 u=0 breach=1 end=
CBAP_MIG t=25675000 epoch=5135 flow=2 side=new cur=11511853858 next=11609494218 tgt=11752941167 f=0.405 u=0 breach=1 end=
CBAP_MIG t=25675000 epoch=5135 flow=5 side=new cur=11511853858 next=11609494218 tgt=11752941167 f=0.405 u=0 breach=1 end=
CBAP_MIG t=25675000 epoch=5135 flow=7 side=new cur=11511853858 next=11609494218 tgt=11752941167 f=0.405 u=0 breach=1 end=
CBAP_MIG t=25675000 epoch=5135 flow=8 side=new cur=11511853858 next=11609494218 tgt=11752941167 f=0.405 u=0 breach=1 end=
CBAP_MIG t=25675000 epoch=5135 flow=9 side=new cur=11511853858 next=11609494218 tgt=11752941167 f=0.405 u=0 breach=1 end=
CBAP_MIG t=25675000 epoch=5135 flow=12 side=new cur=11511853858 next=11609494218 tgt=11752941167 f=0.405 u=0 breach=1 end=
CBAP_MIG t=25675000 epoch=5135 flow=13 side=new cur=11511853858 next=11609494218 tgt=11752941167 f=0.405 u=0 breach=1 end=
CBAP_MIG t=25675000 epoch=5135 flow=15 side=new cur=11511853858 next=11609494218 tgt=11752941167 f=0.405 u=0 breach=1 end=
CBAP_MIG t=25675000 epoch=5135 flow=16 side=new cur=11511853858 next=11609494218 tgt=11752941167 f=0.405 u=0 breach=1 end=
CBAP_MIG t=25675000 epoch=5135 flow=17 side=new cur=11511853858 next=11609494218 tgt=11752941167 f=0.405 u=0 breach=1 end=
CBAP_MIG t=25675000 epoch=5135 flow=18 side=new cur=11511853858 next=11609494218 tgt=11752941167 f=0.405 u=0 breach=1 end=
CBAP_MIG t=25675000 epoch=5135 flow=20 side=new cur=11511853858 next=11609494218 tgt=11752941167 f=0.405 u=0 breach=1 end=
CBAP_MIG t=25675000 epoch=5135 flow=21 side=new cur=11511853858 next=11609494218 tgt=11752941167 f=0.405 u=0 breach=1 end=
CBAP_MIG t=25675000 epoch=5135 flow=28 side=new cur=11511853858 next=11609494218 tgt=11752941167 f=0.405 u=0 breach=1 end=
CBAP_MIG t=25675000 epoch=5135 flow=31 side=new cur=11511853858 next=11609494218 tgt=11752941167 f=0.405 u=0 breach=1 end=
CBAP_MIG t=25675000 epoch=5135 flow=32 side=new cur=11511853858 next=11609494218 tgt=11752941167 f=0.405 u=0 breach=1 end=
CBAP_MIG t=25675000 epoch=5135 flow=37 side=new cur=11511853858 next=11609494218 tgt=11752941167 f=0.405 u=0 breach=1 end=
CBAP_MIG t=25675000 epoch=5135 flow=38 side=new cur=11511853858 next=11609494218 tgt=11752941167 f=0.405 u=0 breach=1 end=
CBAP_MIG t=25675000 epoch=5135 flow=39 side=new cur=11511853858 next=11609494218 tgt=11752941167 f=0.405 u=0 breach=1 end=
CBAP_MIG t=25675000 epoch=5135 flow=42 side=new cur=11511853858 next=11609494218 tgt=11752941167 f=0.405 u=0 breach=1 end=
CBAP_MIG t=25675000 epoch=5135 flow=44 side=new cur=11511853858 next=11609494218 tgt=11752941167 f=0.405 u=0 breach=1 end=
CBAP_MIG t=25675000 epoch=5135 flow=45 side=new cur=11511853858 next=11609494218 tgt=11752941167 f=0.405 u=0 breach=1 end=
CBAP_MIG t=25675000 epoch=5135 flow=46 side=new cur=11511853858 next=11609494218 tgt=11752941167 f=0.405 u=0 breach=1 end=
CBAP_MIG t=25675000 epoch=5135 flow=49 side=new cur=11511853858 next=11609494218 tgt=11752941167 f=0.405 u=0 breach=1 end=
CBAP_MIG t=25675000 epoch=5135 flow=51 side=new cur=11511853858 next=11609494218 tgt=11752941167 f=0.405 u=0 breach=1 end=
CBAP_MIG t=25675000 epoch=5135 flow=53 side=new cur=11511853858 next=11609494218 tgt=11752941167 f=0.405 u=0 breach=1 end=
CBAP_MIG t=25675000 epoch=5135 flow=55 side=new cur=11511853858 next=11609494218 tgt=11752941167 f=0.405 u=0 breach=1 end=
CBAP_MIG t=25675000 epoch=5135 flow=57 side=new cur=11511853858 next=11609494218 tgt=11752941167 f=0.405 u=0 breach=1 end=
CBAP_MIG t=25675000 epoch=5135 flow=58 side=new cur=11511853858 next=11609494218 tgt=11752941167 f=0.405 u=0 breach=1 end=
CBAP_MIG t=25675000 epoch=5135 flow=59 side=new cur=11511853858 next=11609494218 tgt=11752941167 f=0.405 u=0 breach=1 end=
CBAP_MIG t=25675000 epoch=5135 flow=61 side=new cur=11511853858 next=11609494218 tgt=11752941167 f=0.405 u=0 breach=1 end=
CBAP_MIG t=25675000 epoch=5135 flow=62 side=new cur=11511853858 next=11609494218 tgt=11752941167 f=0.405 u=0 breach=1 end=
CBAP_MIG t=25675000 epoch=5135 flow=64 side=new cur=11511853858 next=11609494218 tgt=11752941167 f=0.405 u=0 breach=1 end=
CBAP_MIG_REPLAN t=25680000 reason=active_set_shrank flow=0 batch=0 newest_batch=1 cur=4000002144 target=4000000000 ceiling=320000000000 old_side_present=1
CBAP_MIG_REPLAN t=25680000 reason=active_set_shrank flow=1 batch=1 newest_batch=1 cur=11609494218 target=12487499993 ceiling=400000000000 old_side_present=1
CBAP_MIG_REPLAN t=25680000 reason=active_set_shrank flow=2 batch=1 newest_batch=1 cur=11609494218 target=12487499993 ceiling=400000000000 old_side_present=1
CBAP_MIG_REPLAN t=25680000 reason=active_set_shrank flow=5 batch=1 newest_batch=1 cur=11609494218 target=12487499993 ceiling=400000000000 old_side_present=1
CBAP_MIG_REPLAN t=25680000 reason=active_set_shrank flow=7 batch=1 newest_batch=1 cur=11609494218 target=12487499993 ceiling=400000000000 old_side_present=1
CBAP_MIG_REPLAN t=25680000 reason=active_set_shrank flow=8 batch=1 newest_batch=1 cur=11609494218 target=12487499993 ceiling=400000000000 old_side_present=1
CBAP_MIG_REPLAN t=25680000 reason=active_set_shrank flow=9 batch=1 newest_batch=1 cur=11609494218 target=12487499993 ceiling=400000000000 old_side_present=1
CBAP_MIG_REPLAN t=25680000 reason=active_set_shrank flow=12 batch=1 newest_batch=1 cur=11609494218 target=12487499993 ceiling=400000000000 old_side_present=1
CBAP_MIG_REPLAN t=25680000 reason=active_set_shrank flow=13 batch=1 newest_batch=1 cur=11609494218 target=12487499993 ceiling=400000000000 old_side_present=1
CBAP_MIG_REPLAN t=25680000 reason=active_set_shrank flow=15 batch=1 newest_batch=1 cur=11609494218 target=12487499993 ceiling=400000000000 old_side_present=1
CBAP_MIG_REPLAN t=25680000 reason=active_set_shrank flow=16 batch=1 newest_batch=1 cur=11609494218 target=12487499993 ceiling=400000000000 old_side_present=1
CBAP_MIG_REPLAN t=25680000 reason=active_set_shrank flow=17 batch=1 newest_batch=1 cur=11609494218 target=12487499993 ceiling=400000000000 old_side_present=1
CBAP_MIG_REPLAN t=25680000 reason=active_set_shrank flow=18 batch=1 newest_batch=1 cur=11609494218 target=12487499993 ceiling=400000000000 old_side_present=1
CBAP_MIG_REPLAN t=25680000 reason=active_set_shrank flow=20 batch=1 newest_batch=1 cur=11609494218 target=12487499993 ceiling=400000000000 old_side_present=1
CBAP_MIG_REPLAN t=25680000 reason=active_set_shrank flow=21 batch=1 newest_batch=1 cur=11609494218 target=12487499993 ceiling=400000000000 old_side_present=1
CBAP_MIG_REPLAN t=25680000 reason=active_set_shrank flow=28 batch=1 newest_batch=1 cur=11609494218 target=12487499993 ceiling=400000000000 old_side_present=1
CBAP_MIG_REPLAN t=25680000 reason=active_set_shrank flow=31 batch=1 newest_batch=1 cur=11609494218 target=12487499993 ceiling=400000000000 old_side_present=1
CBAP_MIG_REPLAN t=25680000 reason=active_set_shrank flow=32 batch=1 newest_batch=1 cur=11609494218 target=12487499993 ceiling=400000000000 old_side_present=1
CBAP_MIG_REPLAN t=25680000 reason=active_set_shrank flow=37 batch=1 newest_batch=1 cur=11609494218 target=12487499993 ceiling=400000000000 old_side_present=1
CBAP_MIG_REPLAN t=25680000 reason=active_set_shrank flow=38 batch=1 newest_batch=1 cur=11609494218 target=12487499993 ceiling=400000000000 old_side_present=1
CBAP_MIG_REPLAN t=25680000 reason=active_set_shrank flow=39 batch=1 newest_batch=1 cur=11609494218 target=12487499993 ceiling=400000000000 old_side_present=1
CBAP_MIG_REPLAN t=25680000 reason=active_set_shrank flow=42 batch=1 newest_batch=1 cur=11609494218 target=12487499993 ceiling=400000000000 old_side_present=1
CBAP_MIG_REPLAN t=25680000 reason=active_set_shrank flow=44 batch=1 newest_batch=1 cur=11609494218 target=12487499993 ceiling=400000000000 old_side_present=1
CBAP_MIG_REPLAN t=25680000 reason=active_set_shrank flow=45 batch=1 newest_batch=1 cur=11609494218 target=12487499993 ceiling=400000000000 old_side_present=1
CBAP_MIG_REPLAN t=25680000 reason=active_set_shrank flow=46 batch=1 newest_batch=1 cur=11609494218 target=12487499993 ceiling=400000000000 old_side_present=1
CBAP_MIG_REPLAN t=25680000 reason=active_set_shrank flow=49 batch=1 newest_batch=1 cur=11609494218 target=12487499993 ceiling=400000000000 old_side_present=1
CBAP_MIG_REPLAN t=25680000 reason=active_set_shrank flow=51 batch=1 newest_batch=1 cur=11609494218 target=12487499993 ceiling=400000000000 old_side_present=1
CBAP_MIG_REPLAN t=25680000 reason=active_set_shrank flow=53 batch=1 newest_batch=1 cur=11609494218 target=12487499993 ceiling=400000000000 old_side_present=1
CBAP_MIG_REPLAN t=25680000 reason=active_set_shrank flow=55 batch=1 newest_batch=1 cur=11609494218 target=12487499993 ceiling=400000000000 old_side_present=1
CBAP_MIG_REPLAN t=25680000 reason=active_set_shrank flow=57 batch=1 newest_batch=1 cur=11609494218 target=12487499993 ceiling=400000000000 old_side_present=1
CBAP_MIG_REPLAN t=25680000 reason=active_set_shrank flow=61 batch=1 newest_batch=1 cur=11609494218 target=12487499993 ceiling=400000000000 old_side_present=1
CBAP_MIG_REPLAN t=25680000 reason=active_set_shrank flow=62 batch=1 newest_batch=1 cur=11609494218 target=12487499993 ceiling=400000000000 old_side_present=1
CBAP_MIG_REPLAN t=25680000 reason=active_set_shrank flow=64 batch=1 newest_batch=1 cur=11609494218 target=12487499993 ceiling=400000000000 old_side_present=1
CBAP_MIG t=25680000 epoch=5136 flow=0 side=old cur=4000002144 next=4000001500 tgt=4000000000 f=0.3 u=0 breach=0 end=converged
CBAP_MIG t=25680000 epoch=5136 flow=1 side=new cur=11609494218 next=11965086556 tgt=12487499993 f=0.405 u=0 breach=1 end=
CBAP_MIG t=25680000 epoch=5136 flow=2 side=new cur=11609494218 next=11965086556 tgt=12487499993 f=0.405 u=0 breach=1 end=
CBAP_MIG t=25680000 epoch=5136 flow=5 side=new cur=11609494218 next=11965086556 tgt=12487499993 f=0.405 u=0 breach=1 end=
CBAP_MIG t=25680000 epoch=5136 flow=7 side=new cur=11609494218 next=11965086556 tgt=12487499993 f=0.405 u=0 breach=1 end=
CBAP_MIG t=25680000 epoch=5136 flow=8 side=new cur=11609494218 next=11965086556 tgt=12487499993 f=0.405 u=0 breach=1 end=
CBAP_MIG t=25680000 epoch=5136 flow=9 side=new cur=11609494218 next=11965086556 tgt=12487499993 f=0.405 u=0 breach=1 end=
CBAP_MIG t=25680000 epoch=5136 flow=12 side=new cur=11609494218 next=11965086556 tgt=12487499993 f=0.405 u=0 breach=1 end=
CBAP_MIG t=25680000 epoch=5136 flow=13 side=new cur=11609494218 next=11965086556 tgt=12487499993 f=0.405 u=0 breach=1 end=
CBAP_MIG t=25680000 epoch=5136 flow=15 side=new cur=11609494218 next=11965086556 tgt=12487499993 f=0.405 u=0 breach=1 end=
CBAP_MIG t=25680000 epoch=5136 flow=16 side=new cur=11609494218 next=11965086556 tgt=12487499993 f=0.405 u=0 breach=1 end=
CBAP_MIG t=25680000 epoch=5136 flow=17 side=new cur=11609494218 next=11965086556 tgt=12487499993 f=0.405 u=0 breach=1 end=
CBAP_MIG t=25680000 epoch=5136 flow=18 side=new cur=11609494218 next=11965086556 tgt=12487499993 f=0.405 u=0 breach=1 end=
CBAP_MIG t=25680000 epoch=5136 flow=20 side=new cur=11609494218 next=11965086556 tgt=12487499993 f=0.405 u=0 breach=1 end=
CBAP_MIG t=25680000 epoch=5136 flow=21 side=new cur=11609494218 next=11965086556 tgt=12487499993 f=0.405 u=0 breach=1 end=
CBAP_MIG t=25680000 epoch=5136 flow=28 side=new cur=11609494218 next=11965086556 tgt=12487499993 f=0.405 u=0 breach=1 end=
CBAP_MIG t=25680000 epoch=5136 flow=31 side=new cur=11609494218 next=11965086556 tgt=12487499993 f=0.405 u=0 breach=1 end=
CBAP_MIG t=25680000 epoch=5136 flow=32 side=new cur=11609494218 next=11965086556 tgt=12487499993 f=0.405 u=0 breach=1 end=
CBAP_MIG t=25680000 epoch=5136 flow=37 side=new cur=11609494218 next=11965086556 tgt=12487499993 f=0.405 u=0 breach=1 end=
CBAP_MIG t=25680000 epoch=5136 flow=38 side=new cur=11609494218 next=11965086556 tgt=12487499993 f=0.405 u=0 breach=1 end=
CBAP_MIG t=25680000 epoch=5136 flow=39 side=new cur=11609494218 next=11965086556 tgt=12487499993 f=0.405 u=0 breach=1 end=
CBAP_MIG t=25680000 epoch=5136 flow=42 side=new cur=11609494218 next=11965086556 tgt=12487499993 f=0.405 u=0 breach=1 end=
CBAP_MIG t=25680000 epoch=5136 flow=44 side=new cur=11609494218 next=11965086556 tgt=12487499993 f=0.405 u=0 breach=1 end=
CBAP_MIG t=25680000 epoch=5136 flow=45 side=new cur=11609494218 next=11965086556 tgt=12487499993 f=0.405 u=0 breach=1 end=
CBAP_MIG t=25680000 epoch=5136 flow=46 side=new cur=11609494218 next=11965086556 tgt=12487499993 f=0.405 u=0 breach=1 end=
CBAP_MIG t=25680000 epoch=5136 flow=49 side=new cur=11609494218 next=11965086556 tgt=12487499993 f=0.405 u=0 breach=1 end=
CBAP_MIG t=25680000 epoch=5136 flow=51 side=new cur=11609494218 next=11965086556 tgt=12487499993 f=0.405 u=0 breach=1 end=
CBAP_MIG t=25680000 epoch=5136 flow=53 side=new cur=11609494218 next=11965086556 tgt=12487499993 f=0.405 u=0 breach=1 end=
CBAP_MIG t=25680000 epoch=5136 flow=55 side=new cur=11609494218 next=11965086556 tgt=12487499993 f=0.405 u=0 breach=1 end=
CBAP_MIG t=25680000 epoch=5136 flow=57 side=new cur=11609494218 next=11965086556 tgt=12487499993 f=0.405 u=0 breach=1 end=
CBAP_MIG t=25680000 epoch=5136 flow=61 side=new cur=11609494218 next=11965086556 tgt=12487499993 f=0.405 u=0 breach=1 end=
CBAP_MIG t=25680000 epoch=5136 flow=62 side=new cur=11609494218 next=11965086556 tgt=12487499993 f=0.405 u=0 breach=1 end=
CBAP_MIG t=25680000 epoch=5136 flow=64 side=new cur=11609494218 next=11965086556 tgt=12487499993 f=0.405 u=0 breach=1 end=
CBAP_MIG t=25685000 epoch=5137 flow=1 side=new cur=11965086556 next=12176663997 tgt=12487499993 f=0.405 u=0 breach=1 end=
CBAP_MIG t=25685000 epoch=5137 flow=2 side=new cur=11965086556 next=12176663997 tgt=12487499993 f=0.405 u=0 breach=1 end=
CBAP_MIG t=25685000 epoch=5137 flow=5 side=new cur=11965086556 next=12176663997 tgt=12487499993 f=0.405 u=0 breach=1 end=
CBAP_MIG t=25685000 epoch=5137 flow=7 side=new cur=11965086556 next=12176663997 tgt=12487499993 f=0.405 u=0 breach=1 end=
CBAP_MIG t=25685000 epoch=5137 flow=8 side=new cur=11965086556 next=12176663997 tgt=12487499993 f=0.405 u=0 breach=1 end=
CBAP_MIG t=25685000 epoch=5137 flow=9 side=new cur=11965086556 next=12176663997 tgt=12487499993 f=0.405 u=0 breach=1 end=
CBAP_MIG t=25685000 epoch=5137 flow=12 side=new cur=11965086556 next=12176663997 tgt=12487499993 f=0.405 u=0 breach=1 end=
CBAP_MIG t=25685000 epoch=5137 flow=13 side=new cur=11965086556 next=12176663997 tgt=12487499993 f=0.405 u=0 breach=1 end=
CBAP_MIG t=25685000 epoch=5137 flow=15 side=new cur=11965086556 next=12176663997 tgt=12487499993 f=0.405 u=0 breach=1 end=
CBAP_MIG t=25685000 epoch=5137 flow=16 side=new cur=11965086556 next=12176663997 tgt=12487499993 f=0.405 u=0 breach=1 end=
CBAP_MIG t=25685000 epoch=5137 flow=17 side=new cur=11965086556 next=12176663997 tgt=12487499993 f=0.405 u=0 breach=1 end=
CBAP_MIG t=25685000 epoch=5137 flow=18 side=new cur=11965086556 next=12176663997 tgt=12487499993 f=0.405 u=0 breach=1 end=
CBAP_MIG t=25685000 epoch=5137 flow=20 side=new cur=11965086556 next=12176663997 tgt=12487499993 f=0.405 u=0 breach=1 end=
CBAP_MIG t=25685000 epoch=5137 flow=21 side=new cur=11965086556 next=12176663997 tgt=12487499993 f=0.405 u=0 breach=1 end=
CBAP_MIG t=25685000 epoch=5137 flow=28 side=new cur=11965086556 next=12176663997 tgt=12487499993 f=0.405 u=0 breach=1 end=
CBAP_MIG t=25685000 epoch=5137 flow=31 side=new cur=11965086556 next=12176663997 tgt=12487499993 f=0.405 u=0 breach=1 end=
CBAP_MIG t=25685000 epoch=5137 flow=32 side=new cur=11965086556 next=12176663997 tgt=12487499993 f=0.405 u=0 breach=1 end=
CBAP_MIG t=25685000 epoch=5137 flow=37 side=new cur=11965086556 next=12176663997 tgt=12487499993 f=0.405 u=0 breach=1 end=
CBAP_MIG t=25685000 epoch=5137 flow=38 side=new cur=11965086556 next=12176663997 tgt=12487499993 f=0.405 u=0 breach=1 end=
CBAP_MIG t=25685000 epoch=5137 flow=39 side=new cur=11965086556 next=12176663997 tgt=12487499993 f=0.405 u=0 breach=1 end=
CBAP_MIG t=25685000 epoch=5137 flow=42 side=new cur=11965086556 next=12176663997 tgt=12487499993 f=0.405 u=0 breach=1 end=
CBAP_MIG t=25685000 epoch=5137 flow=44 side=new cur=11965086556 next=12176663997 tgt=12487499993 f=0.405 u=0 breach=1 end=
CBAP_MIG t=25685000 epoch=5137 flow=45 side=new cur=11965086556 next=12176663997 tgt=12487499993 f=0.405 u=0 breach=1 end=
CBAP_MIG t=25685000 epoch=5137 flow=46 side=new cur=11965086556 next=12176663997 tgt=12487499993 f=0.405 u=0 breach=1 end=
CBAP_MIG t=25685000 epoch=5137 flow=49 side=new cur=11965086556 next=12176663997 tgt=12487499993 f=0.405 u=0 breach=1 end=
CBAP_MIG t=25685000 epoch=5137 flow=51 side=new cur=11965086556 next=12176663997 tgt=12487499993 f=0.405 u=0 breach=1 end=
CBAP_MIG t=25685000 epoch=5137 flow=53 side=new cur=11965086556 next=12176663997 tgt=12487499993 f=0.405 u=0 breach=1 end=
CBAP_MIG t=25685000 epoch=5137 flow=55 side=new cur=11965086556 next=12176663997 tgt=12487499993 f=0.405 u=0 breach=1 end=
CBAP_MIG t=25685000 epoch=5137 flow=57 side=new cur=11965086556 next=12176663997 tgt=12487499993 f=0.405 u=0 breach=1 end=
CBAP_MIG t=25685000 epoch=5137 flow=61 side=new cur=11965086556 next=12176663997 tgt=12487499993 f=0.405 u=0 breach=1 end=
CBAP_MIG t=25685000 epoch=5137 flow=62 side=new cur=11965086556 next=12176663997 tgt=12487499993 f=0.405 u=0 breach=1 end=
CBAP_MIG t=25685000 epoch=5137 flow=64 side=new cur=11965086556 next=12176663997 tgt=12487499993 f=0.405 u=0 breach=1 end=
CBAP_MIG_REPLAN t=25690000 reason=active_set_shrank flow=0 batch=0 newest_batch=1 cur=4000001500 target=4000000000 ceiling=320000000000 old_side_present=1
CBAP_MIG_REPLAN t=25690000 reason=active_set_shrank flow=1 batch=1 newest_batch=1 cur=12176663997 target=12890322575 ceiling=400000000000 old_side_present=1
CBAP_MIG_REPLAN t=25690000 reason=active_set_shrank flow=2 batch=1 newest_batch=1 cur=12176663997 target=12890322575 ceiling=400000000000 old_side_present=1
CBAP_MIG_REPLAN t=25690000 reason=active_set_shrank flow=5 batch=1 newest_batch=1 cur=12176663997 target=12890322575 ceiling=400000000000 old_side_present=1
CBAP_MIG_REPLAN t=25690000 reason=active_set_shrank flow=7 batch=1 newest_batch=1 cur=12176663997 target=12890322575 ceiling=400000000000 old_side_present=1
CBAP_MIG_REPLAN t=25690000 reason=active_set_shrank flow=8 batch=1 newest_batch=1 cur=12176663997 target=12890322575 ceiling=400000000000 old_side_present=1
CBAP_MIG_REPLAN t=25690000 reason=active_set_shrank flow=9 batch=1 newest_batch=1 cur=12176663997 target=12890322575 ceiling=400000000000 old_side_present=1
CBAP_MIG_REPLAN t=25690000 reason=active_set_shrank flow=12 batch=1 newest_batch=1 cur=12176663997 target=12890322575 ceiling=400000000000 old_side_present=1
CBAP_MIG_REPLAN t=25690000 reason=active_set_shrank flow=13 batch=1 newest_batch=1 cur=12176663997 target=12890322575 ceiling=400000000000 old_side_present=1
CBAP_MIG_REPLAN t=25690000 reason=active_set_shrank flow=16 batch=1 newest_batch=1 cur=12176663997 target=12890322575 ceiling=400000000000 old_side_present=1
CBAP_MIG_REPLAN t=25690000 reason=active_set_shrank flow=17 batch=1 newest_batch=1 cur=12176663997 target=12890322575 ceiling=400000000000 old_side_present=1
CBAP_MIG_REPLAN t=25690000 reason=active_set_shrank flow=18 batch=1 newest_batch=1 cur=12176663997 target=12890322575 ceiling=400000000000 old_side_present=1
CBAP_MIG_REPLAN t=25690000 reason=active_set_shrank flow=20 batch=1 newest_batch=1 cur=12176663997 target=12890322575 ceiling=400000000000 old_side_present=1
CBAP_MIG_REPLAN t=25690000 reason=active_set_shrank flow=21 batch=1 newest_batch=1 cur=12176663997 target=12890322575 ceiling=400000000000 old_side_present=1
CBAP_MIG_REPLAN t=25690000 reason=active_set_shrank flow=28 batch=1 newest_batch=1 cur=12176663997 target=12890322575 ceiling=400000000000 old_side_present=1
CBAP_MIG_REPLAN t=25690000 reason=active_set_shrank flow=31 batch=1 newest_batch=1 cur=12176663997 target=12890322575 ceiling=400000000000 old_side_present=1
CBAP_MIG_REPLAN t=25690000 reason=active_set_shrank flow=32 batch=1 newest_batch=1 cur=12176663997 target=12890322575 ceiling=400000000000 old_side_present=1
CBAP_MIG_REPLAN t=25690000 reason=active_set_shrank flow=37 batch=1 newest_batch=1 cur=12176663997 target=12890322575 ceiling=400000000000 old_side_present=1
CBAP_MIG_REPLAN t=25690000 reason=active_set_shrank flow=38 batch=1 newest_batch=1 cur=12176663997 target=12890322575 ceiling=400000000000 old_side_present=1
CBAP_MIG_REPLAN t=25690000 reason=active_set_shrank flow=39 batch=1 newest_batch=1 cur=12176663997 target=12890322575 ceiling=400000000000 old_side_present=1
CBAP_MIG_REPLAN t=25690000 reason=active_set_shrank flow=42 batch=1 newest_batch=1 cur=12176663997 target=12890322575 ceiling=400000000000 old_side_present=1
CBAP_MIG_REPLAN t=25690000 reason=active_set_shrank flow=44 batch=1 newest_batch=1 cur=12176663997 target=12890322575 ceiling=400000000000 old_side_present=1
CBAP_MIG_REPLAN t=25690000 reason=active_set_shrank flow=45 batch=1 newest_batch=1 cur=12176663997 target=12890322575 ceiling=400000000000 old_side_present=1
CBAP_MIG_REPLAN t=25690000 reason=active_set_shrank flow=46 batch=1 newest_batch=1 cur=12176663997 target=12890322575 ceiling=400000000000 old_side_present=1
CBAP_MIG_REPLAN t=25690000 reason=active_set_shrank flow=49 batch=1 newest_batch=1 cur=12176663997 target=12890322575 ceiling=400000000000 old_side_present=1
CBAP_MIG_REPLAN t=25690000 reason=active_set_shrank flow=51 batch=1 newest_batch=1 cur=12176663997 target=12890322575 ceiling=400000000000 old_side_present=1
CBAP_MIG_REPLAN t=25690000 reason=active_set_shrank flow=53 batch=1 newest_batch=1 cur=12176663997 target=12890322575 ceiling=400000000000 old_side_present=1
CBAP_MIG_REPLAN t=25690000 reason=active_set_shrank flow=55 batch=1 newest_batch=1 cur=12176663997 target=12890322575 ceiling=400000000000 old_side_present=1
CBAP_MIG_REPLAN t=25690000 reason=active_set_shrank flow=57 batch=1 newest_batch=1 cur=12176663997 target=12890322575 ceiling=400000000000 old_side_present=1
CBAP_MIG_REPLAN t=25690000 reason=active_set_shrank flow=61 batch=1 newest_batch=1 cur=12176663997 target=12890322575 ceiling=400000000000 old_side_present=1
CBAP_MIG_REPLAN t=25690000 reason=active_set_shrank flow=62 batch=1 newest_batch=1 cur=12176663997 target=12890322575 ceiling=400000000000 old_side_present=1
CBAP_MIG_REPLAN t=25690000 reason=active_set_shrank flow=64 batch=1 newest_batch=1 cur=12176663997 target=12890322575 ceiling=400000000000 old_side_present=1
CBAP_MIG t=25690000 epoch=5138 flow=0 side=old cur=4000001500 next=4000001050 tgt=4000000000 f=0.3 u=0 breach=0 end=converged
CBAP_MIG t=25690000 epoch=5138 flow=1 side=new cur=12176663997 next=12465695721 tgt=12890322575 f=0.405 u=0 breach=1 end=
CBAP_MIG t=25690000 epoch=5138 flow=2 side=new cur=12176663997 next=12465695721 tgt=12890322575 f=0.405 u=0 breach=1 end=
CBAP_MIG t=25690000 epoch=5138 flow=5 side=new cur=12176663997 next=12465695721 tgt=12890322575 f=0.405 u=0 breach=1 end=
CBAP_MIG t=25690000 epoch=5138 flow=7 side=new cur=12176663997 next=12465695721 tgt=12890322575 f=0.405 u=0 breach=1 end=
CBAP_MIG t=25690000 epoch=5138 flow=8 side=new cur=12176663997 next=12465695721 tgt=12890322575 f=0.405 u=0 breach=1 end=
CBAP_MIG t=25690000 epoch=5138 flow=9 side=new cur=12176663997 next=12465695721 tgt=12890322575 f=0.405 u=0 breach=1 end=
CBAP_MIG t=25690000 epoch=5138 flow=12 side=new cur=12176663997 next=12465695721 tgt=12890322575 f=0.405 u=0 breach=1 end=
CBAP_MIG t=25690000 epoch=5138 flow=13 side=new cur=12176663997 next=12465695721 tgt=12890322575 f=0.405 u=0 breach=1 end=
CBAP_MIG t=25690000 epoch=5138 flow=16 side=new cur=12176663997 next=12465695721 tgt=12890322575 f=0.405 u=0 breach=1 end=
CBAP_MIG t=25690000 epoch=5138 flow=17 side=new cur=12176663997 next=12465695721 tgt=12890322575 f=0.405 u=0 breach=1 end=
CBAP_MIG t=25690000 epoch=5138 flow=18 side=new cur=12176663997 next=12465695721 tgt=12890322575 f=0.405 u=0 breach=1 end=
CBAP_MIG t=25690000 epoch=5138 flow=20 side=new cur=12176663997 next=12465695721 tgt=12890322575 f=0.405 u=0 breach=1 end=
CBAP_MIG t=25690000 epoch=5138 flow=21 side=new cur=12176663997 next=12465695721 tgt=12890322575 f=0.405 u=0 breach=1 end=
CBAP_MIG t=25690000 epoch=5138 flow=28 side=new cur=12176663997 next=12465695721 tgt=12890322575 f=0.405 u=0 breach=1 end=
CBAP_MIG t=25690000 epoch=5138 flow=31 side=new cur=12176663997 next=12465695721 tgt=12890322575 f=0.405 u=0 breach=1 end=
CBAP_MIG t=25690000 epoch=5138 flow=32 side=new cur=12176663997 next=12465695721 tgt=12890322575 f=0.405 u=0 breach=1 end=
CBAP_MIG t=25690000 epoch=5138 flow=37 side=new cur=12176663997 next=12465695721 tgt=12890322575 f=0.405 u=0 breach=1 end=
CBAP_MIG t=25690000 epoch=5138 flow=38 side=new cur=12176663997 next=12465695721 tgt=12890322575 f=0.405 u=0 breach=1 end=
CBAP_MIG t=25690000 epoch=5138 flow=39 side=new cur=12176663997 next=12465695721 tgt=12890322575 f=0.405 u=0 breach=1 end=
CBAP_MIG t=25690000 epoch=5138 flow=42 side=new cur=12176663997 next=12465695721 tgt=12890322575 f=0.405 u=0 breach=1 end=
CBAP_MIG t=25690000 epoch=5138 flow=44 side=new cur=12176663997 next=12465695721 tgt=12890322575 f=0.405 u=0 breach=1 end=
CBAP_MIG t=25690000 epoch=5138 flow=45 side=new cur=12176663997 next=12465695721 tgt=12890322575 f=0.405 u=0 breach=1 end=
CBAP_MIG t=25690000 epoch=5138 flow=46 side=new cur=12176663997 next=12465695721 tgt=12890322575 f=0.405 u=0 breach=1 end=
CBAP_MIG t=25690000 epoch=5138 flow=49 side=new cur=12176663997 next=12465695721 tgt=12890322575 f=0.405 u=0 breach=1 end=
CBAP_MIG t=25690000 epoch=5138 flow=51 side=new cur=12176663997 next=12465695721 tgt=12890322575 f=0.405 u=0 breach=1 end=
CBAP_MIG t=25690000 epoch=5138 flow=53 side=new cur=12176663997 next=12465695721 tgt=12890322575 f=0.405 u=0 breach=1 end=
CBAP_MIG t=25690000 epoch=5138 flow=55 side=new cur=12176663997 next=12465695721 tgt=12890322575 f=0.405 u=0 breach=1 end=
CBAP_MIG t=25690000 epoch=5138 flow=57 side=new cur=12176663997 next=12465695721 tgt=12890322575 f=0.405 u=0 breach=1 end=
CBAP_MIG t=25690000 epoch=5138 flow=61 side=new cur=12176663997 next=12465695721 tgt=12890322575 f=0.405 u=0 breach=1 end=
CBAP_MIG t=25690000 epoch=5138 flow=62 side=new cur=12176663997 next=12465695721 tgt=12890322575 f=0.405 u=0 breach=1 end=
CBAP_MIG t=25690000 epoch=5138 flow=64 side=new cur=12176663997 next=12465695721 tgt=12890322575 f=0.405 u=0 breach=1 end=
CBAP_MIG_REPLAN t=25695000 reason=active_set_shrank flow=0 batch=0 newest_batch=1 cur=4000001050 target=4000000000 ceiling=320000000000 old_side_present=1
CBAP_MIG_REPLAN t=25695000 reason=active_set_shrank flow=1 batch=1 newest_batch=1 cur=12465695721 target=13319999996 ceiling=400000000000 old_side_present=1
CBAP_MIG_REPLAN t=25695000 reason=active_set_shrank flow=2 batch=1 newest_batch=1 cur=12465695721 target=13319999996 ceiling=400000000000 old_side_present=1
CBAP_MIG_REPLAN t=25695000 reason=active_set_shrank flow=5 batch=1 newest_batch=1 cur=12465695721 target=13319999996 ceiling=400000000000 old_side_present=1
CBAP_MIG_REPLAN t=25695000 reason=active_set_shrank flow=7 batch=1 newest_batch=1 cur=12465695721 target=13319999996 ceiling=400000000000 old_side_present=1
CBAP_MIG_REPLAN t=25695000 reason=active_set_shrank flow=8 batch=1 newest_batch=1 cur=12465695721 target=13319999996 ceiling=400000000000 old_side_present=1
CBAP_MIG_REPLAN t=25695000 reason=active_set_shrank flow=9 batch=1 newest_batch=1 cur=12465695721 target=13319999996 ceiling=400000000000 old_side_present=1
CBAP_MIG_REPLAN t=25695000 reason=active_set_shrank flow=12 batch=1 newest_batch=1 cur=12465695721 target=13319999996 ceiling=400000000000 old_side_present=1
CBAP_MIG_REPLAN t=25695000 reason=active_set_shrank flow=13 batch=1 newest_batch=1 cur=12465695721 target=13319999996 ceiling=400000000000 old_side_present=1
CBAP_MIG_REPLAN t=25695000 reason=active_set_shrank flow=16 batch=1 newest_batch=1 cur=12465695721 target=13319999996 ceiling=400000000000 old_side_present=1
CBAP_MIG_REPLAN t=25695000 reason=active_set_shrank flow=17 batch=1 newest_batch=1 cur=12465695721 target=13319999996 ceiling=400000000000 old_side_present=1
CBAP_MIG_REPLAN t=25695000 reason=active_set_shrank flow=18 batch=1 newest_batch=1 cur=12465695721 target=13319999996 ceiling=400000000000 old_side_present=1
CBAP_MIG_REPLAN t=25695000 reason=active_set_shrank flow=20 batch=1 newest_batch=1 cur=12465695721 target=13319999996 ceiling=400000000000 old_side_present=1
CBAP_MIG_REPLAN t=25695000 reason=active_set_shrank flow=21 batch=1 newest_batch=1 cur=12465695721 target=13319999996 ceiling=400000000000 old_side_present=1
CBAP_MIG_REPLAN t=25695000 reason=active_set_shrank flow=28 batch=1 newest_batch=1 cur=12465695721 target=13319999996 ceiling=400000000000 old_side_present=1
CBAP_MIG_REPLAN t=25695000 reason=active_set_shrank flow=31 batch=1 newest_batch=1 cur=12465695721 target=13319999996 ceiling=400000000000 old_side_present=1
CBAP_MIG_REPLAN t=25695000 reason=active_set_shrank flow=37 batch=1 newest_batch=1 cur=12465695721 target=13319999996 ceiling=400000000000 old_side_present=1
CBAP_MIG_REPLAN t=25695000 reason=active_set_shrank flow=38 batch=1 newest_batch=1 cur=12465695721 target=13319999996 ceiling=400000000000 old_side_present=1
CBAP_MIG_REPLAN t=25695000 reason=active_set_shrank flow=39 batch=1 newest_batch=1 cur=12465695721 target=13319999996 ceiling=400000000000 old_side_present=1
CBAP_MIG_REPLAN t=25695000 reason=active_set_shrank flow=42 batch=1 newest_batch=1 cur=12465695721 target=13319999996 ceiling=400000000000 old_side_present=1
CBAP_MIG_REPLAN t=25695000 reason=active_set_shrank flow=44 batch=1 newest_batch=1 cur=12465695721 target=13319999996 ceiling=400000000000 old_side_present=1
CBAP_MIG_REPLAN t=25695000 reason=active_set_shrank flow=45 batch=1 newest_batch=1 cur=12465695721 target=13319999996 ceiling=400000000000 old_side_present=1
CBAP_MIG_REPLAN t=25695000 reason=active_set_shrank flow=46 batch=1 newest_batch=1 cur=12465695721 target=13319999996 ceiling=400000000000 old_side_present=1
CBAP_MIG_REPLAN t=25695000 reason=active_set_shrank flow=49 batch=1 newest_batch=1 cur=12465695721 target=13319999996 ceiling=400000000000 old_side_present=1
CBAP_MIG_REPLAN t=25695000 reason=active_set_shrank flow=51 batch=1 newest_batch=1 cur=12465695721 target=13319999996 ceiling=400000000000 old_side_present=1
CBAP_MIG_REPLAN t=25695000 reason=active_set_shrank flow=53 batch=1 newest_batch=1 cur=12465695721 target=13319999996 ceiling=400000000000 old_side_present=1
CBAP_MIG_REPLAN t=25695000 reason=active_set_shrank flow=55 batch=1 newest_batch=1 cur=12465695721 target=13319999996 ceiling=400000000000 old_side_present=1
CBAP_MIG_REPLAN t=25695000 reason=active_set_shrank flow=57 batch=1 newest_batch=1 cur=12465695721 target=13319999996 ceiling=400000000000 old_side_present=1
CBAP_MIG_REPLAN t=25695000 reason=active_set_shrank flow=61 batch=1 newest_batch=1 cur=12465695721 target=13319999996 ceiling=400000000000 old_side_present=1
CBAP_MIG_REPLAN t=25695000 reason=active_set_shrank flow=62 batch=1 newest_batch=1 cur=12465695721 target=13319999996 ceiling=400000000000 old_side_present=1
CBAP_MIG_REPLAN t=25695000 reason=active_set_shrank flow=64 batch=1 newest_batch=1 cur=12465695721 target=13319999996 ceiling=400000000000 old_side_present=1
CBAP_MIG t=25695000 epoch=5139 flow=0 side=old cur=4000001050 next=4000000735 tgt=4000000000 f=0.3 u=0 breach=0 end=converged
CBAP_MIG t=25695000 epoch=5139 flow=1 side=new cur=12465695721 next=12811688952 tgt=13319999996 f=0.405 u=0 breach=1 end=
CBAP_MIG t=25695000 epoch=5139 flow=2 side=new cur=12465695721 next=12811688952 tgt=13319999996 f=0.405 u=0 breach=1 end=
CBAP_MIG t=25695000 epoch=5139 flow=5 side=new cur=12465695721 next=12811688952 tgt=13319999996 f=0.405 u=0 breach=1 end=
CBAP_MIG t=25695000 epoch=5139 flow=7 side=new cur=12465695721 next=12811688952 tgt=13319999996 f=0.405 u=0 breach=1 end=
CBAP_MIG t=25695000 epoch=5139 flow=8 side=new cur=12465695721 next=12811688952 tgt=13319999996 f=0.405 u=0 breach=1 end=
CBAP_MIG t=25695000 epoch=5139 flow=9 side=new cur=12465695721 next=12811688952 tgt=13319999996 f=0.405 u=0 breach=1 end=
CBAP_MIG t=25695000 epoch=5139 flow=12 side=new cur=12465695721 next=12811688952 tgt=13319999996 f=0.405 u=0 breach=1 end=
CBAP_MIG t=25695000 epoch=5139 flow=13 side=new cur=12465695721 next=12811688952 tgt=13319999996 f=0.405 u=0 breach=1 end=
CBAP_MIG t=25695000 epoch=5139 flow=16 side=new cur=12465695721 next=12811688952 tgt=13319999996 f=0.405 u=0 breach=1 end=
CBAP_MIG t=25695000 epoch=5139 flow=17 side=new cur=12465695721 next=12811688952 tgt=13319999996 f=0.405 u=0 breach=1 end=
CBAP_MIG t=25695000 epoch=5139 flow=18 side=new cur=12465695721 next=12811688952 tgt=13319999996 f=0.405 u=0 breach=1 end=
CBAP_MIG t=25695000 epoch=5139 flow=20 side=new cur=12465695721 next=12811688952 tgt=13319999996 f=0.405 u=0 breach=1 end=
CBAP_MIG t=25695000 epoch=5139 flow=21 side=new cur=12465695721 next=12811688952 tgt=13319999996 f=0.405 u=0 breach=1 end=
CBAP_MIG t=25695000 epoch=5139 flow=28 side=new cur=12465695721 next=12811688952 tgt=13319999996 f=0.405 u=0 breach=1 end=
CBAP_MIG t=25695000 epoch=5139 flow=31 side=new cur=12465695721 next=12811688952 tgt=13319999996 f=0.405 u=0 breach=1 end=
CBAP_MIG t=25695000 epoch=5139 flow=37 side=new cur=12465695721 next=12811688952 tgt=13319999996 f=0.405 u=0 breach=1 end=
CBAP_MIG t=25695000 epoch=5139 flow=38 side=new cur=12465695721 next=12811688952 tgt=13319999996 f=0.405 u=0 breach=1 end=
CBAP_MIG t=25695000 epoch=5139 flow=39 side=new cur=12465695721 next=12811688952 tgt=13319999996 f=0.405 u=0 breach=1 end=
CBAP_MIG t=25695000 epoch=5139 flow=42 side=new cur=12465695721 next=12811688952 tgt=13319999996 f=0.405 u=0 breach=1 end=
CBAP_MIG t=25695000 epoch=5139 flow=44 side=new cur=12465695721 next=12811688952 tgt=13319999996 f=0.405 u=0 breach=1 end=
CBAP_MIG t=25695000 epoch=5139 flow=45 side=new cur=12465695721 next=12811688952 tgt=13319999996 f=0.405 u=0 breach=1 end=
CBAP_MIG t=25695000 epoch=5139 flow=46 side=new cur=12465695721 next=12811688952 tgt=13319999996 f=0.405 u=0 breach=1 end=
CBAP_MIG t=25695000 epoch=5139 flow=49 side=new cur=12465695721 next=12811688952 tgt=13319999996 f=0.405 u=0 breach=1 end=
CBAP_MIG t=25695000 epoch=5139 flow=51 side=new cur=12465695721 next=12811688952 tgt=13319999996 f=0.405 u=0 breach=1 end=
CBAP_MIG t=25695000 epoch=5139 flow=53 side=new cur=12465695721 next=12811688952 tgt=13319999996 f=0.405 u=0 breach=1 end=
CBAP_MIG t=25695000 epoch=5139 flow=55 side=new cur=12465695721 next=12811688952 tgt=13319999996 f=0.405 u=0 breach=1 end=
CBAP_MIG t=25695000 epoch=5139 flow=57 side=new cur=12465695721 next=12811688952 tgt=13319999996 f=0.405 u=0 breach=1 end=
CBAP_MIG t=25695000 epoch=5139 flow=61 side=new cur=12465695721 next=12811688952 tgt=13319999996 f=0.405 u=0 breach=1 end=
CBAP_MIG t=25695000 epoch=5139 flow=62 side=new cur=12465695721 next=12811688952 tgt=13319999996 f=0.405 u=0 breach=1 end=
CBAP_MIG t=25695000 epoch=5139 flow=64 side=new cur=12465695721 next=12811688952 tgt=13319999996 f=0.405 u=0 breach=1 end=
CBAP_MIG t=25700000 epoch=5140 flow=1 side=new cur=12811688952 next=13017554924 tgt=13319999996 f=0.405 u=0 breach=1 end=
CBAP_MIG t=25700000 epoch=5140 flow=2 side=new cur=12811688952 next=13017554924 tgt=13319999996 f=0.405 u=0 breach=1 end=
CBAP_MIG t=25700000 epoch=5140 flow=5 side=new cur=12811688952 next=13017554924 tgt=13319999996 f=0.405 u=0 breach=1 end=
CBAP_MIG t=25700000 epoch=5140 flow=7 side=new cur=12811688952 next=13017554924 tgt=13319999996 f=0.405 u=0 breach=1 end=
CBAP_MIG t=25700000 epoch=5140 flow=8 side=new cur=12811688952 next=13017554924 tgt=13319999996 f=0.405 u=0 breach=1 end=
CBAP_MIG t=25700000 epoch=5140 flow=9 side=new cur=12811688952 next=13017554924 tgt=13319999996 f=0.405 u=0 breach=1 end=
CBAP_MIG t=25700000 epoch=5140 flow=12 side=new cur=12811688952 next=13017554924 tgt=13319999996 f=0.405 u=0 breach=1 end=
CBAP_MIG t=25700000 epoch=5140 flow=13 side=new cur=12811688952 next=13017554924 tgt=13319999996 f=0.405 u=0 breach=1 end=
CBAP_MIG t=25700000 epoch=5140 flow=16 side=new cur=12811688952 next=13017554924 tgt=13319999996 f=0.405 u=0 breach=1 end=
CBAP_MIG t=25700000 epoch=5140 flow=17 side=new cur=12811688952 next=13017554924 tgt=13319999996 f=0.405 u=0 breach=1 end=
CBAP_MIG t=25700000 epoch=5140 flow=18 side=new cur=12811688952 next=13017554924 tgt=13319999996 f=0.405 u=0 breach=1 end=
CBAP_MIG t=25700000 epoch=5140 flow=20 side=new cur=12811688952 next=13017554924 tgt=13319999996 f=0.405 u=0 breach=1 end=
CBAP_MIG t=25700000 epoch=5140 flow=21 side=new cur=12811688952 next=13017554924 tgt=13319999996 f=0.405 u=0 breach=1 end=
CBAP_MIG t=25700000 epoch=5140 flow=28 side=new cur=12811688952 next=13017554924 tgt=13319999996 f=0.405 u=0 breach=1 end=
CBAP_MIG t=25700000 epoch=5140 flow=31 side=new cur=12811688952 next=13017554924 tgt=13319999996 f=0.405 u=0 breach=1 end=
CBAP_MIG t=25700000 epoch=5140 flow=37 side=new cur=12811688952 next=13017554924 tgt=13319999996 f=0.405 u=0 breach=1 end=
CBAP_MIG t=25700000 epoch=5140 flow=38 side=new cur=12811688952 next=13017554924 tgt=13319999996 f=0.405 u=0 breach=1 end=
CBAP_MIG t=25700000 epoch=5140 flow=39 side=new cur=12811688952 next=13017554924 tgt=13319999996 f=0.405 u=0 breach=1 end=
CBAP_MIG t=25700000 epoch=5140 flow=42 side=new cur=12811688952 next=13017554924 tgt=13319999996 f=0.405 u=0 breach=1 end=
CBAP_MIG t=25700000 epoch=5140 flow=44 side=new cur=12811688952 next=13017554924 tgt=13319999996 f=0.405 u=0 breach=1 end=
CBAP_MIG t=25700000 epoch=5140 flow=45 side=new cur=12811688952 next=13017554924 tgt=13319999996 f=0.405 u=0 breach=1 end=
CBAP_MIG t=25700000 epoch=5140 flow=46 side=new cur=12811688952 next=13017554924 tgt=13319999996 f=0.405 u=0 breach=1 end=
CBAP_MIG t=25700000 epoch=5140 flow=49 side=new cur=12811688952 next=13017554924 tgt=13319999996 f=0.405 u=0 breach=1 end=
CBAP_MIG t=25700000 epoch=5140 flow=51 side=new cur=12811688952 next=13017554924 tgt=13319999996 f=0.405 u=0 breach=1 end=
CBAP_MIG t=25700000 epoch=5140 flow=53 side=new cur=12811688952 next=13017554924 tgt=13319999996 f=0.405 u=0 breach=1 end=
CBAP_MIG t=25700000 epoch=5140 flow=55 side=new cur=12811688952 next=13017554924 tgt=13319999996 f=0.405 u=0 breach=1 end=
CBAP_MIG t=25700000 epoch=5140 flow=57 side=new cur=12811688952 next=13017554924 tgt=13319999996 f=0.405 u=0 breach=1 end=
CBAP_MIG t=25700000 epoch=5140 flow=61 side=new cur=12811688952 next=13017554924 tgt=13319999996 f=0.405 u=0 breach=1 end=
CBAP_MIG t=25700000 epoch=5140 flow=62 side=new cur=12811688952 next=13017554924 tgt=13319999996 f=0.405 u=0 breach=1 end=
CBAP_MIG t=25700000 epoch=5140 flow=64 side=new cur=12811688952 next=13017554924 tgt=13319999996 f=0.405 u=0 breach=1 end=
CBAP_MIG t=25705000 epoch=5141 flow=1 side=new cur=13017554924 next=13140045178 tgt=13319999996 f=0.405 u=0 breach=1 end=
CBAP_MIG t=25705000 epoch=5141 flow=2 side=new cur=13017554924 next=13140045178 tgt=13319999996 f=0.405 u=0 breach=1 end=
CBAP_MIG t=25705000 epoch=5141 flow=5 side=new cur=13017554924 next=13140045178 tgt=13319999996 f=0.405 u=0 breach=1 end=
CBAP_MIG t=25705000 epoch=5141 flow=7 side=new cur=13017554924 next=13140045178 tgt=13319999996 f=0.405 u=0 breach=1 end=
CBAP_MIG t=25705000 epoch=5141 flow=8 side=new cur=13017554924 next=13140045178 tgt=13319999996 f=0.405 u=0 breach=1 end=
CBAP_MIG t=25705000 epoch=5141 flow=9 side=new cur=13017554924 next=13140045178 tgt=13319999996 f=0.405 u=0 breach=1 end=
CBAP_MIG t=25705000 epoch=5141 flow=12 side=new cur=13017554924 next=13140045178 tgt=13319999996 f=0.405 u=0 breach=1 end=
CBAP_MIG t=25705000 epoch=5141 flow=13 side=new cur=13017554924 next=13140045178 tgt=13319999996 f=0.405 u=0 breach=1 end=
CBAP_MIG t=25705000 epoch=5141 flow=16 side=new cur=13017554924 next=13140045178 tgt=13319999996 f=0.405 u=0 breach=1 end=
CBAP_MIG t=25705000 epoch=5141 flow=17 side=new cur=13017554924 next=13140045178 tgt=13319999996 f=0.405 u=0 breach=1 end=
CBAP_MIG t=25705000 epoch=5141 flow=18 side=new cur=13017554924 next=13140045178 tgt=13319999996 f=0.405 u=0 breach=1 end=
CBAP_MIG t=25705000 epoch=5141 flow=20 side=new cur=13017554924 next=13140045178 tgt=13319999996 f=0.405 u=0 breach=1 end=
CBAP_MIG t=25705000 epoch=5141 flow=21 side=new cur=13017554924 next=13140045178 tgt=13319999996 f=0.405 u=0 breach=1 end=
CBAP_MIG t=25705000 epoch=5141 flow=28 side=new cur=13017554924 next=13140045178 tgt=13319999996 f=0.405 u=0 breach=1 end=
CBAP_MIG t=25705000 epoch=5141 flow=31 side=new cur=13017554924 next=13140045178 tgt=13319999996 f=0.405 u=0 breach=1 end=
CBAP_MIG t=25705000 epoch=5141 flow=37 side=new cur=13017554924 next=13140045178 tgt=13319999996 f=0.405 u=0 breach=1 end=
CBAP_MIG t=25705000 epoch=5141 flow=38 side=new cur=13017554924 next=13140045178 tgt=13319999996 f=0.405 u=0 breach=1 end=
CBAP_MIG t=25705000 epoch=5141 flow=39 side=new cur=13017554924 next=13140045178 tgt=13319999996 f=0.405 u=0 breach=1 end=
CBAP_MIG t=25705000 epoch=5141 flow=42 side=new cur=13017554924 next=13140045178 tgt=13319999996 f=0.405 u=0 breach=1 end=
CBAP_MIG t=25705000 epoch=5141 flow=44 side=new cur=13017554924 next=13140045178 tgt=13319999996 f=0.405 u=0 breach=1 end=
CBAP_MIG t=25705000 epoch=5141 flow=45 side=new cur=13017554924 next=13140045178 tgt=13319999996 f=0.405 u=0 breach=1 end=
CBAP_MIG t=25705000 epoch=5141 flow=46 side=new cur=13017554924 next=13140045178 tgt=13319999996 f=0.405 u=0 breach=1 end=
CBAP_MIG t=25705000 epoch=5141 flow=49 side=new cur=13017554924 next=13140045178 tgt=13319999996 f=0.405 u=0 breach=1 end=
CBAP_MIG t=25705000 epoch=5141 flow=51 side=new cur=13017554924 next=13140045178 tgt=13319999996 f=0.405 u=0 breach=1 end=
CBAP_MIG t=25705000 epoch=5141 flow=53 side=new cur=13017554924 next=13140045178 tgt=13319999996 f=0.405 u=0 breach=1 end=
CBAP_MIG t=25705000 epoch=5141 flow=55 side=new cur=13017554924 next=13140045178 tgt=13319999996 f=0.405 u=0 breach=1 end=
CBAP_MIG t=25705000 epoch=5141 flow=57 side=new cur=13017554924 next=13140045178 tgt=13319999996 f=0.405 u=0 breach=1 end=
CBAP_MIG t=25705000 epoch=5141 flow=61 side=new cur=13017554924 next=13140045178 tgt=13319999996 f=0.405 u=0 breach=1 end=
CBAP_MIG t=25705000 epoch=5141 flow=62 side=new cur=13017554924 next=13140045178 tgt=13319999996 f=0.405 u=0 breach=1 end=
CBAP_MIG t=25705000 epoch=5141 flow=64 side=new cur=13017554924 next=13140045178 tgt=13319999996 f=0.405 u=0 breach=1 end=
CBAP_MIG_REPLAN t=25710000 reason=active_set_shrank flow=0 batch=0 newest_batch=1 cur=4000000735 target=4000000000 ceiling=320000000000 old_side_present=1
CBAP_MIG_REPLAN t=25710000 reason=active_set_shrank flow=1 batch=1 newest_batch=1 cur=13140045178 target=14271428568 ceiling=400000000000 old_side_present=1
CBAP_MIG_REPLAN t=25710000 reason=active_set_shrank flow=2 batch=1 newest_batch=1 cur=13140045178 target=14271428568 ceiling=400000000000 old_side_present=1
CBAP_MIG_REPLAN t=25710000 reason=active_set_shrank flow=5 batch=1 newest_batch=1 cur=13140045178 target=14271428568 ceiling=400000000000 old_side_present=1
CBAP_MIG_REPLAN t=25710000 reason=active_set_shrank flow=7 batch=1 newest_batch=1 cur=13140045178 target=14271428568 ceiling=400000000000 old_side_present=1
CBAP_MIG_REPLAN t=25710000 reason=active_set_shrank flow=8 batch=1 newest_batch=1 cur=13140045178 target=14271428568 ceiling=400000000000 old_side_present=1
CBAP_MIG_REPLAN t=25710000 reason=active_set_shrank flow=9 batch=1 newest_batch=1 cur=13140045178 target=14271428568 ceiling=400000000000 old_side_present=1
CBAP_MIG_REPLAN t=25710000 reason=active_set_shrank flow=12 batch=1 newest_batch=1 cur=13140045178 target=14271428568 ceiling=400000000000 old_side_present=1
CBAP_MIG_REPLAN t=25710000 reason=active_set_shrank flow=13 batch=1 newest_batch=1 cur=13140045178 target=14271428568 ceiling=400000000000 old_side_present=1
CBAP_MIG_REPLAN t=25710000 reason=active_set_shrank flow=16 batch=1 newest_batch=1 cur=13140045178 target=14271428568 ceiling=400000000000 old_side_present=1
CBAP_MIG_REPLAN t=25710000 reason=active_set_shrank flow=17 batch=1 newest_batch=1 cur=13140045178 target=14271428568 ceiling=400000000000 old_side_present=1
CBAP_MIG_REPLAN t=25710000 reason=active_set_shrank flow=18 batch=1 newest_batch=1 cur=13140045178 target=14271428568 ceiling=400000000000 old_side_present=1
CBAP_MIG_REPLAN t=25710000 reason=active_set_shrank flow=20 batch=1 newest_batch=1 cur=13140045178 target=14271428568 ceiling=400000000000 old_side_present=1
CBAP_MIG_REPLAN t=25710000 reason=active_set_shrank flow=21 batch=1 newest_batch=1 cur=13140045178 target=14271428568 ceiling=400000000000 old_side_present=1
CBAP_MIG_REPLAN t=25710000 reason=active_set_shrank flow=28 batch=1 newest_batch=1 cur=13140045178 target=14271428568 ceiling=400000000000 old_side_present=1
CBAP_MIG_REPLAN t=25710000 reason=active_set_shrank flow=37 batch=1 newest_batch=1 cur=13140045178 target=14271428568 ceiling=400000000000 old_side_present=1
CBAP_MIG_REPLAN t=25710000 reason=active_set_shrank flow=38 batch=1 newest_batch=1 cur=13140045178 target=14271428568 ceiling=400000000000 old_side_present=1
CBAP_MIG_REPLAN t=25710000 reason=active_set_shrank flow=39 batch=1 newest_batch=1 cur=13140045178 target=14271428568 ceiling=400000000000 old_side_present=1
CBAP_MIG_REPLAN t=25710000 reason=active_set_shrank flow=42 batch=1 newest_batch=1 cur=13140045178 target=14271428568 ceiling=400000000000 old_side_present=1
CBAP_MIG_REPLAN t=25710000 reason=active_set_shrank flow=44 batch=1 newest_batch=1 cur=13140045178 target=14271428568 ceiling=400000000000 old_side_present=1
CBAP_MIG_REPLAN t=25710000 reason=active_set_shrank flow=45 batch=1 newest_batch=1 cur=13140045178 target=14271428568 ceiling=400000000000 old_side_present=1
CBAP_MIG_REPLAN t=25710000 reason=active_set_shrank flow=46 batch=1 newest_batch=1 cur=13140045178 target=14271428568 ceiling=400000000000 old_side_present=1
CBAP_MIG_REPLAN t=25710000 reason=active_set_shrank flow=49 batch=1 newest_batch=1 cur=13140045178 target=14271428568 ceiling=400000000000 old_side_present=1
CBAP_MIG_REPLAN t=25710000 reason=active_set_shrank flow=53 batch=1 newest_batch=1 cur=13140045178 target=14271428568 ceiling=400000000000 old_side_present=1
CBAP_MIG_REPLAN t=25710000 reason=active_set_shrank flow=55 batch=1 newest_batch=1 cur=13140045178 target=14271428568 ceiling=400000000000 old_side_present=1
CBAP_MIG_REPLAN t=25710000 reason=active_set_shrank flow=57 batch=1 newest_batch=1 cur=13140045178 target=14271428568 ceiling=400000000000 old_side_present=1
CBAP_MIG_REPLAN t=25710000 reason=active_set_shrank flow=61 batch=1 newest_batch=1 cur=13140045178 target=14271428568 ceiling=400000000000 old_side_present=1
CBAP_MIG_REPLAN t=25710000 reason=active_set_shrank flow=62 batch=1 newest_batch=1 cur=13140045178 target=14271428568 ceiling=400000000000 old_side_present=1
CBAP_MIG_REPLAN t=25710000 reason=active_set_shrank flow=64 batch=1 newest_batch=1 cur=13140045178 target=14271428568 ceiling=400000000000 old_side_present=1
CBAP_MIG t=25710000 epoch=5142 flow=0 side=old cur=4000000735 next=4000000514 tgt=4000000000 f=0.3 u=0 breach=0 end=converged
CBAP_MIG t=25710000 epoch=5142 flow=1 side=new cur=13140045178 next=13598255450 tgt=14271428568 f=0.405 u=0 breach=1 end=
CBAP_MIG t=25710000 epoch=5142 flow=2 side=new cur=13140045178 next=13598255450 tgt=14271428568 f=0.405 u=0 breach=1 end=
CBAP_MIG t=25710000 epoch=5142 flow=5 side=new cur=13140045178 next=13598255450 tgt=14271428568 f=0.405 u=0 breach=1 end=
CBAP_MIG t=25710000 epoch=5142 flow=7 side=new cur=13140045178 next=13598255450 tgt=14271428568 f=0.405 u=0 breach=1 end=
CBAP_MIG t=25710000 epoch=5142 flow=8 side=new cur=13140045178 next=13598255450 tgt=14271428568 f=0.405 u=0 breach=1 end=
CBAP_MIG t=25710000 epoch=5142 flow=9 side=new cur=13140045178 next=13598255450 tgt=14271428568 f=0.405 u=0 breach=1 end=
CBAP_MIG t=25710000 epoch=5142 flow=12 side=new cur=13140045178 next=13598255450 tgt=14271428568 f=0.405 u=0 breach=1 end=
CBAP_MIG t=25710000 epoch=5142 flow=13 side=new cur=13140045178 next=13598255450 tgt=14271428568 f=0.405 u=0 breach=1 end=
CBAP_MIG t=25710000 epoch=5142 flow=16 side=new cur=13140045178 next=13598255450 tgt=14271428568 f=0.405 u=0 breach=1 end=
CBAP_MIG t=25710000 epoch=5142 flow=17 side=new cur=13140045178 next=13598255450 tgt=14271428568 f=0.405 u=0 breach=1 end=
CBAP_MIG t=25710000 epoch=5142 flow=18 side=new cur=13140045178 next=13598255450 tgt=14271428568 f=0.405 u=0 breach=1 end=
CBAP_MIG t=25710000 epoch=5142 flow=20 side=new cur=13140045178 next=13598255450 tgt=14271428568 f=0.405 u=0 breach=1 end=
CBAP_MIG t=25710000 epoch=5142 flow=21 side=new cur=13140045178 next=13598255450 tgt=14271428568 f=0.405 u=0 breach=1 end=
CBAP_MIG t=25710000 epoch=5142 flow=28 side=new cur=13140045178 next=13598255450 tgt=14271428568 f=0.405 u=0 breach=1 end=
CBAP_MIG t=25710000 epoch=5142 flow=37 side=new cur=13140045178 next=13598255450 tgt=14271428568 f=0.405 u=0 breach=1 end=
CBAP_MIG t=25710000 epoch=5142 flow=38 side=new cur=13140045178 next=13598255450 tgt=14271428568 f=0.405 u=0 breach=1 end=
CBAP_MIG t=25710000 epoch=5142 flow=39 side=new cur=13140045178 next=13598255450 tgt=14271428568 f=0.405 u=0 breach=1 end=
CBAP_MIG t=25710000 epoch=5142 flow=42 side=new cur=13140045178 next=13598255450 tgt=14271428568 f=0.405 u=0 breach=1 end=
CBAP_MIG t=25710000 epoch=5142 flow=44 side=new cur=13140045178 next=13598255450 tgt=14271428568 f=0.405 u=0 breach=1 end=
CBAP_MIG t=25710000 epoch=5142 flow=45 side=new cur=13140045178 next=13598255450 tgt=14271428568 f=0.405 u=0 breach=1 end=
CBAP_MIG t=25710000 epoch=5142 flow=46 side=new cur=13140045178 next=13598255450 tgt=14271428568 f=0.405 u=0 breach=1 end=
CBAP_MIG t=25710000 epoch=5142 flow=49 side=new cur=13140045178 next=13598255450 tgt=14271428568 f=0.405 u=0 breach=1 end=
CBAP_MIG t=25710000 epoch=5142 flow=53 side=new cur=13140045178 next=13598255450 tgt=14271428568 f=0.405 u=0 breach=1 end=
CBAP_MIG t=25710000 epoch=5142 flow=55 side=new cur=13140045178 next=13598255450 tgt=14271428568 f=0.405 u=0 breach=1 end=
CBAP_MIG t=25710000 epoch=5142 flow=57 side=new cur=13140045178 next=13598255450 tgt=14271428568 f=0.405 u=0 breach=1 end=
CBAP_MIG t=25710000 epoch=5142 flow=61 side=new cur=13140045178 next=13598255450 tgt=14271428568 f=0.405 u=0 breach=1 end=
CBAP_MIG t=25710000 epoch=5142 flow=62 side=new cur=13140045178 next=13598255450 tgt=14271428568 f=0.405 u=0 breach=1 end=
CBAP_MIG t=25710000 epoch=5142 flow=64 side=new cur=13140045178 next=13598255450 tgt=14271428568 f=0.405 u=0 breach=1 end=
CBAP_MIG t=25715000 epoch=5143 flow=1 side=new cur=13598255450 next=13870890562 tgt=14271428568 f=0.405 u=0 breach=1 end=
CBAP_MIG t=25715000 epoch=5143 flow=2 side=new cur=13598255450 next=13870890562 tgt=14271428568 f=0.405 u=0 breach=1 end=
CBAP_MIG t=25715000 epoch=5143 flow=5 side=new cur=13598255450 next=13870890562 tgt=14271428568 f=0.405 u=0 breach=1 end=
CBAP_MIG t=25715000 epoch=5143 flow=7 side=new cur=13598255450 next=13870890562 tgt=14271428568 f=0.405 u=0 breach=1 end=
CBAP_MIG t=25715000 epoch=5143 flow=8 side=new cur=13598255450 next=13870890562 tgt=14271428568 f=0.405 u=0 breach=1 end=
CBAP_MIG t=25715000 epoch=5143 flow=9 side=new cur=13598255450 next=13870890562 tgt=14271428568 f=0.405 u=0 breach=1 end=
CBAP_MIG t=25715000 epoch=5143 flow=12 side=new cur=13598255450 next=13870890562 tgt=14271428568 f=0.405 u=0 breach=1 end=
CBAP_MIG t=25715000 epoch=5143 flow=13 side=new cur=13598255450 next=13870890562 tgt=14271428568 f=0.405 u=0 breach=1 end=
CBAP_MIG t=25715000 epoch=5143 flow=16 side=new cur=13598255450 next=13870890562 tgt=14271428568 f=0.405 u=0 breach=1 end=
CBAP_MIG t=25715000 epoch=5143 flow=17 side=new cur=13598255450 next=13870890562 tgt=14271428568 f=0.405 u=0 breach=1 end=
CBAP_MIG t=25715000 epoch=5143 flow=18 side=new cur=13598255450 next=13870890562 tgt=14271428568 f=0.405 u=0 breach=1 end=
CBAP_MIG t=25715000 epoch=5143 flow=20 side=new cur=13598255450 next=13870890562 tgt=14271428568 f=0.405 u=0 breach=1 end=
CBAP_MIG t=25715000 epoch=5143 flow=21 side=new cur=13598255450 next=13870890562 tgt=14271428568 f=0.405 u=0 breach=1 end=
CBAP_MIG t=25715000 epoch=5143 flow=28 side=new cur=13598255450 next=13870890562 tgt=14271428568 f=0.405 u=0 breach=1 end=
CBAP_MIG t=25715000 epoch=5143 flow=37 side=new cur=13598255450 next=13870890562 tgt=14271428568 f=0.405 u=0 breach=1 end=
CBAP_MIG t=25715000 epoch=5143 flow=38 side=new cur=13598255450 next=13870890562 tgt=14271428568 f=0.405 u=0 breach=1 end=
CBAP_MIG t=25715000 epoch=5143 flow=39 side=new cur=13598255450 next=13870890562 tgt=14271428568 f=0.405 u=0 breach=1 end=
CBAP_MIG t=25715000 epoch=5143 flow=42 side=new cur=13598255450 next=13870890562 tgt=14271428568 f=0.405 u=0 breach=1 end=
CBAP_MIG t=25715000 epoch=5143 flow=44 side=new cur=13598255450 next=13870890562 tgt=14271428568 f=0.405 u=0 breach=1 end=
CBAP_MIG t=25715000 epoch=5143 flow=45 side=new cur=13598255450 next=13870890562 tgt=14271428568 f=0.405 u=0 breach=1 end=
CBAP_MIG t=25715000 epoch=5143 flow=46 side=new cur=13598255450 next=13870890562 tgt=14271428568 f=0.405 u=0 breach=1 end=
CBAP_MIG t=25715000 epoch=5143 flow=49 side=new cur=13598255450 next=13870890562 tgt=14271428568 f=0.405 u=0 breach=1 end=
CBAP_MIG t=25715000 epoch=5143 flow=53 side=new cur=13598255450 next=13870890562 tgt=14271428568 f=0.405 u=0 breach=1 end=
CBAP_MIG t=25715000 epoch=5143 flow=55 side=new cur=13598255450 next=13870890562 tgt=14271428568 f=0.405 u=0 breach=1 end=
CBAP_MIG t=25715000 epoch=5143 flow=57 side=new cur=13598255450 next=13870890562 tgt=14271428568 f=0.405 u=0 breach=1 end=
CBAP_MIG t=25715000 epoch=5143 flow=61 side=new cur=13598255450 next=13870890562 tgt=14271428568 f=0.405 u=0 breach=1 end=
CBAP_MIG t=25715000 epoch=5143 flow=62 side=new cur=13598255450 next=13870890562 tgt=14271428568 f=0.405 u=0 breach=1 end=
CBAP_MIG t=25715000 epoch=5143 flow=64 side=new cur=13598255450 next=13870890562 tgt=14271428568 f=0.405 u=0 breach=1 end=
CBAP_MIG t=25720000 epoch=5144 flow=1 side=new cur=13870890562 next=14033108454 tgt=14271428568 f=0.405 u=0 breach=1 end=
CBAP_MIG t=25720000 epoch=5144 flow=2 side=new cur=13870890562 next=14033108454 tgt=14271428568 f=0.405 u=0 breach=1 end=
CBAP_MIG t=25720000 epoch=5144 flow=5 side=new cur=13870890562 next=14033108454 tgt=14271428568 f=0.405 u=0 breach=1 end=
CBAP_MIG t=25720000 epoch=5144 flow=7 side=new cur=13870890562 next=14033108454 tgt=14271428568 f=0.405 u=0 breach=1 end=
CBAP_MIG t=25720000 epoch=5144 flow=8 side=new cur=13870890562 next=14033108454 tgt=14271428568 f=0.405 u=0 breach=1 end=
CBAP_MIG t=25720000 epoch=5144 flow=9 side=new cur=13870890562 next=14033108454 tgt=14271428568 f=0.405 u=0 breach=1 end=
CBAP_MIG t=25720000 epoch=5144 flow=12 side=new cur=13870890562 next=14033108454 tgt=14271428568 f=0.405 u=0 breach=1 end=
CBAP_MIG t=25720000 epoch=5144 flow=13 side=new cur=13870890562 next=14033108454 tgt=14271428568 f=0.405 u=0 breach=1 end=
CBAP_MIG t=25720000 epoch=5144 flow=16 side=new cur=13870890562 next=14033108454 tgt=14271428568 f=0.405 u=0 breach=1 end=
CBAP_MIG t=25720000 epoch=5144 flow=17 side=new cur=13870890562 next=14033108454 tgt=14271428568 f=0.405 u=0 breach=1 end=
CBAP_MIG t=25720000 epoch=5144 flow=18 side=new cur=13870890562 next=14033108454 tgt=14271428568 f=0.405 u=0 breach=1 end=
CBAP_MIG t=25720000 epoch=5144 flow=20 side=new cur=13870890562 next=14033108454 tgt=14271428568 f=0.405 u=0 breach=1 end=
CBAP_MIG t=25720000 epoch=5144 flow=21 side=new cur=13870890562 next=14033108454 tgt=14271428568 f=0.405 u=0 breach=1 end=
CBAP_MIG t=25720000 epoch=5144 flow=28 side=new cur=13870890562 next=14033108454 tgt=14271428568 f=0.405 u=0 breach=1 end=
CBAP_MIG t=25720000 epoch=5144 flow=37 side=new cur=13870890562 next=14033108454 tgt=14271428568 f=0.405 u=0 breach=1 end=
CBAP_MIG t=25720000 epoch=5144 flow=38 side=new cur=13870890562 next=14033108454 tgt=14271428568 f=0.405 u=0 breach=1 end=
CBAP_MIG t=25720000 epoch=5144 flow=39 side=new cur=13870890562 next=14033108454 tgt=14271428568 f=0.405 u=0 breach=1 end=
CBAP_MIG t=25720000 epoch=5144 flow=42 side=new cur=13870890562 next=14033108454 tgt=14271428568 f=0.405 u=0 breach=1 end=
CBAP_MIG t=25720000 epoch=5144 flow=44 side=new cur=13870890562 next=14033108454 tgt=14271428568 f=0.405 u=0 breach=1 end=
CBAP_MIG t=25720000 epoch=5144 flow=45 side=new cur=13870890562 next=14033108454 tgt=14271428568 f=0.405 u=0 breach=1 end=
CBAP_MIG t=25720000 epoch=5144 flow=46 side=new cur=13870890562 next=14033108454 tgt=14271428568 f=0.405 u=0 breach=1 end=
CBAP_MIG t=25720000 epoch=5144 flow=49 side=new cur=13870890562 next=14033108454 tgt=14271428568 f=0.405 u=0 breach=1 end=
CBAP_MIG t=25720000 epoch=5144 flow=53 side=new cur=13870890562 next=14033108454 tgt=14271428568 f=0.405 u=0 breach=1 end=
CBAP_MIG t=25720000 epoch=5144 flow=55 side=new cur=13870890562 next=14033108454 tgt=14271428568 f=0.405 u=0 breach=1 end=
CBAP_MIG t=25720000 epoch=5144 flow=57 side=new cur=13870890562 next=14033108454 tgt=14271428568 f=0.405 u=0 breach=1 end=
CBAP_MIG t=25720000 epoch=5144 flow=61 side=new cur=13870890562 next=14033108454 tgt=14271428568 f=0.405 u=0 breach=1 end=
CBAP_MIG t=25720000 epoch=5144 flow=62 side=new cur=13870890562 next=14033108454 tgt=14271428568 f=0.405 u=0 breach=1 end=
CBAP_MIG t=25720000 epoch=5144 flow=64 side=new cur=13870890562 next=14033108454 tgt=14271428568 f=0.405 u=0 breach=1 end=
CBAP_MIG_REPLAN t=25725000 reason=active_set_shrank flow=0 batch=0 newest_batch=1 cur=4000000514 target=4000000000 ceiling=320000000000 old_side_present=1
CBAP_MIG_REPLAN t=25725000 reason=active_set_shrank flow=1 batch=1 newest_batch=1 cur=14033108454 target=15369230767 ceiling=400000000000 old_side_present=1
CBAP_MIG_REPLAN t=25725000 reason=active_set_shrank flow=2 batch=1 newest_batch=1 cur=14033108454 target=15369230767 ceiling=400000000000 old_side_present=1
CBAP_MIG_REPLAN t=25725000 reason=active_set_shrank flow=5 batch=1 newest_batch=1 cur=14033108454 target=15369230767 ceiling=400000000000 old_side_present=1
CBAP_MIG_REPLAN t=25725000 reason=active_set_shrank flow=7 batch=1 newest_batch=1 cur=14033108454 target=15369230767 ceiling=400000000000 old_side_present=1
CBAP_MIG_REPLAN t=25725000 reason=active_set_shrank flow=8 batch=1 newest_batch=1 cur=14033108454 target=15369230767 ceiling=400000000000 old_side_present=1
CBAP_MIG_REPLAN t=25725000 reason=active_set_shrank flow=9 batch=1 newest_batch=1 cur=14033108454 target=15369230767 ceiling=400000000000 old_side_present=1
CBAP_MIG_REPLAN t=25725000 reason=active_set_shrank flow=12 batch=1 newest_batch=1 cur=14033108454 target=15369230767 ceiling=400000000000 old_side_present=1
CBAP_MIG_REPLAN t=25725000 reason=active_set_shrank flow=13 batch=1 newest_batch=1 cur=14033108454 target=15369230767 ceiling=400000000000 old_side_present=1
CBAP_MIG_REPLAN t=25725000 reason=active_set_shrank flow=16 batch=1 newest_batch=1 cur=14033108454 target=15369230767 ceiling=400000000000 old_side_present=1
CBAP_MIG_REPLAN t=25725000 reason=active_set_shrank flow=17 batch=1 newest_batch=1 cur=14033108454 target=15369230767 ceiling=400000000000 old_side_present=1
CBAP_MIG_REPLAN t=25725000 reason=active_set_shrank flow=20 batch=1 newest_batch=1 cur=14033108454 target=15369230767 ceiling=400000000000 old_side_present=1
CBAP_MIG_REPLAN t=25725000 reason=active_set_shrank flow=21 batch=1 newest_batch=1 cur=14033108454 target=15369230767 ceiling=400000000000 old_side_present=1
CBAP_MIG_REPLAN t=25725000 reason=active_set_shrank flow=37 batch=1 newest_batch=1 cur=14033108454 target=15369230767 ceiling=400000000000 old_side_present=1
CBAP_MIG_REPLAN t=25725000 reason=active_set_shrank flow=38 batch=1 newest_batch=1 cur=14033108454 target=15369230767 ceiling=400000000000 old_side_present=1
CBAP_MIG_REPLAN t=25725000 reason=active_set_shrank flow=39 batch=1 newest_batch=1 cur=14033108454 target=15369230767 ceiling=400000000000 old_side_present=1
CBAP_MIG_REPLAN t=25725000 reason=active_set_shrank flow=42 batch=1 newest_batch=1 cur=14033108454 target=15369230767 ceiling=400000000000 old_side_present=1
CBAP_MIG_REPLAN t=25725000 reason=active_set_shrank flow=44 batch=1 newest_batch=1 cur=14033108454 target=15369230767 ceiling=400000000000 old_side_present=1
CBAP_MIG_REPLAN t=25725000 reason=active_set_shrank flow=45 batch=1 newest_batch=1 cur=14033108454 target=15369230767 ceiling=400000000000 old_side_present=1
CBAP_MIG_REPLAN t=25725000 reason=active_set_shrank flow=46 batch=1 newest_batch=1 cur=14033108454 target=15369230767 ceiling=400000000000 old_side_present=1
CBAP_MIG_REPLAN t=25725000 reason=active_set_shrank flow=49 batch=1 newest_batch=1 cur=14033108454 target=15369230767 ceiling=400000000000 old_side_present=1
CBAP_MIG_REPLAN t=25725000 reason=active_set_shrank flow=53 batch=1 newest_batch=1 cur=14033108454 target=15369230767 ceiling=400000000000 old_side_present=1
CBAP_MIG_REPLAN t=25725000 reason=active_set_shrank flow=55 batch=1 newest_batch=1 cur=14033108454 target=15369230767 ceiling=400000000000 old_side_present=1
CBAP_MIG_REPLAN t=25725000 reason=active_set_shrank flow=57 batch=1 newest_batch=1 cur=14033108454 target=15369230767 ceiling=400000000000 old_side_present=1
CBAP_MIG_REPLAN t=25725000 reason=active_set_shrank flow=61 batch=1 newest_batch=1 cur=14033108454 target=15369230767 ceiling=400000000000 old_side_present=1
CBAP_MIG_REPLAN t=25725000 reason=active_set_shrank flow=62 batch=1 newest_batch=1 cur=14033108454 target=15369230767 ceiling=400000000000 old_side_present=1
CBAP_MIG_REPLAN t=25725000 reason=active_set_shrank flow=64 batch=1 newest_batch=1 cur=14033108454 target=15369230767 ceiling=400000000000 old_side_present=1
CBAP_MIG t=25725000 epoch=5145 flow=0 side=old cur=4000000514 next=4000000359 tgt=4000000000 f=0.3 u=0 breach=0 end=converged
CBAP_MIG t=25725000 epoch=5145 flow=1 side=new cur=14033108454 next=14574237990 tgt=15369230767 f=0.405 u=0 breach=1 end=
CBAP_MIG t=25725000 epoch=5145 flow=2 side=new cur=14033108454 next=14574237990 tgt=15369230767 f=0.405 u=0 breach=1 end=
CBAP_MIG t=25725000 epoch=5145 flow=5 side=new cur=14033108454 next=14574237990 tgt=15369230767 f=0.405 u=0 breach=1 end=
CBAP_MIG t=25725000 epoch=5145 flow=7 side=new cur=14033108454 next=14574237990 tgt=15369230767 f=0.405 u=0 breach=1 end=
CBAP_MIG t=25725000 epoch=5145 flow=8 side=new cur=14033108454 next=14574237990 tgt=15369230767 f=0.405 u=0 breach=1 end=
CBAP_MIG t=25725000 epoch=5145 flow=9 side=new cur=14033108454 next=14574237990 tgt=15369230767 f=0.405 u=0 breach=1 end=
CBAP_MIG t=25725000 epoch=5145 flow=12 side=new cur=14033108454 next=14574237990 tgt=15369230767 f=0.405 u=0 breach=1 end=
CBAP_MIG t=25725000 epoch=5145 flow=13 side=new cur=14033108454 next=14574237990 tgt=15369230767 f=0.405 u=0 breach=1 end=
CBAP_MIG t=25725000 epoch=5145 flow=16 side=new cur=14033108454 next=14574237990 tgt=15369230767 f=0.405 u=0 breach=1 end=
CBAP_MIG t=25725000 epoch=5145 flow=17 side=new cur=14033108454 next=14574237990 tgt=15369230767 f=0.405 u=0 breach=1 end=
CBAP_MIG t=25725000 epoch=5145 flow=20 side=new cur=14033108454 next=14574237990 tgt=15369230767 f=0.405 u=0 breach=1 end=
CBAP_MIG t=25725000 epoch=5145 flow=21 side=new cur=14033108454 next=14574237990 tgt=15369230767 f=0.405 u=0 breach=1 end=
CBAP_MIG t=25725000 epoch=5145 flow=37 side=new cur=14033108454 next=14574237990 tgt=15369230767 f=0.405 u=0 breach=1 end=
CBAP_MIG t=25725000 epoch=5145 flow=38 side=new cur=14033108454 next=14574237990 tgt=15369230767 f=0.405 u=0 breach=1 end=
CBAP_MIG t=25725000 epoch=5145 flow=39 side=new cur=14033108454 next=14574237990 tgt=15369230767 f=0.405 u=0 breach=1 end=
CBAP_MIG t=25725000 epoch=5145 flow=42 side=new cur=14033108454 next=14574237990 tgt=15369230767 f=0.405 u=0 breach=1 end=
CBAP_MIG t=25725000 epoch=5145 flow=44 side=new cur=14033108454 next=14574237990 tgt=15369230767 f=0.405 u=0 breach=1 end=
CBAP_MIG t=25725000 epoch=5145 flow=45 side=new cur=14033108454 next=14574237990 tgt=15369230767 f=0.405 u=0 breach=1 end=
CBAP_MIG t=25725000 epoch=5145 flow=46 side=new cur=14033108454 next=14574237990 tgt=15369230767 f=0.405 u=0 breach=1 end=
CBAP_MIG t=25725000 epoch=5145 flow=49 side=new cur=14033108454 next=14574237990 tgt=15369230767 f=0.405 u=0 breach=1 end=
CBAP_MIG t=25725000 epoch=5145 flow=53 side=new cur=14033108454 next=14574237990 tgt=15369230767 f=0.405 u=0 breach=1 end=
CBAP_MIG t=25725000 epoch=5145 flow=55 side=new cur=14033108454 next=14574237990 tgt=15369230767 f=0.405 u=0 breach=1 end=
CBAP_MIG t=25725000 epoch=5145 flow=57 side=new cur=14033108454 next=14574237990 tgt=15369230767 f=0.405 u=0 breach=1 end=
CBAP_MIG t=25725000 epoch=5145 flow=61 side=new cur=14033108454 next=14574237990 tgt=15369230767 f=0.405 u=0 breach=1 end=
CBAP_MIG t=25725000 epoch=5145 flow=62 side=new cur=14033108454 next=14574237990 tgt=15369230767 f=0.405 u=0 breach=1 end=
CBAP_MIG t=25725000 epoch=5145 flow=64 side=new cur=14033108454 next=14574237990 tgt=15369230767 f=0.405 u=0 breach=1 end=
CBAP_MIG t=25730000 epoch=5146 flow=1 side=new cur=14574237990 next=14896210064 tgt=15369230767 f=0.405 u=0 breach=1 end=
CBAP_MIG t=25730000 epoch=5146 flow=2 side=new cur=14574237990 next=14896210064 tgt=15369230767 f=0.405 u=0 breach=1 end=
CBAP_MIG t=25730000 epoch=5146 flow=5 side=new cur=14574237990 next=14896210064 tgt=15369230767 f=0.405 u=0 breach=1 end=
CBAP_MIG t=25730000 epoch=5146 flow=7 side=new cur=14574237990 next=14896210064 tgt=15369230767 f=0.405 u=0 breach=1 end=
CBAP_MIG t=25730000 epoch=5146 flow=8 side=new cur=14574237990 next=14896210064 tgt=15369230767 f=0.405 u=0 breach=1 end=
CBAP_MIG t=25730000 epoch=5146 flow=9 side=new cur=14574237990 next=14896210064 tgt=15369230767 f=0.405 u=0 breach=1 end=
CBAP_MIG t=25730000 epoch=5146 flow=12 side=new cur=14574237990 next=14896210064 tgt=15369230767 f=0.405 u=0 breach=1 end=
CBAP_MIG t=25730000 epoch=5146 flow=13 side=new cur=14574237990 next=14896210064 tgt=15369230767 f=0.405 u=0 breach=1 end=
CBAP_MIG t=25730000 epoch=5146 flow=16 side=new cur=14574237990 next=14896210064 tgt=15369230767 f=0.405 u=0 breach=1 end=
CBAP_MIG t=25730000 epoch=5146 flow=17 side=new cur=14574237990 next=14896210064 tgt=15369230767 f=0.405 u=0 breach=1 end=
CBAP_MIG t=25730000 epoch=5146 flow=20 side=new cur=14574237990 next=14896210064 tgt=15369230767 f=0.405 u=0 breach=1 end=
CBAP_MIG t=25730000 epoch=5146 flow=21 side=new cur=14574237990 next=14896210064 tgt=15369230767 f=0.405 u=0 breach=1 end=
CBAP_MIG t=25730000 epoch=5146 flow=37 side=new cur=14574237990 next=14896210064 tgt=15369230767 f=0.405 u=0 breach=1 end=
CBAP_MIG t=25730000 epoch=5146 flow=38 side=new cur=14574237990 next=14896210064 tgt=15369230767 f=0.405 u=0 breach=1 end=
CBAP_MIG t=25730000 epoch=5146 flow=39 side=new cur=14574237990 next=14896210064 tgt=15369230767 f=0.405 u=0 breach=1 end=
CBAP_MIG t=25730000 epoch=5146 flow=42 side=new cur=14574237990 next=14896210064 tgt=15369230767 f=0.405 u=0 breach=1 end=
CBAP_MIG t=25730000 epoch=5146 flow=44 side=new cur=14574237990 next=14896210064 tgt=15369230767 f=0.405 u=0 breach=1 end=
CBAP_MIG t=25730000 epoch=5146 flow=45 side=new cur=14574237990 next=14896210064 tgt=15369230767 f=0.405 u=0 breach=1 end=
CBAP_MIG t=25730000 epoch=5146 flow=46 side=new cur=14574237990 next=14896210064 tgt=15369230767 f=0.405 u=0 breach=1 end=
CBAP_MIG t=25730000 epoch=5146 flow=49 side=new cur=14574237990 next=14896210064 tgt=15369230767 f=0.405 u=0 breach=1 end=
CBAP_MIG t=25730000 epoch=5146 flow=53 side=new cur=14574237990 next=14896210064 tgt=15369230767 f=0.405 u=0 breach=1 end=
CBAP_MIG t=25730000 epoch=5146 flow=55 side=new cur=14574237990 next=14896210064 tgt=15369230767 f=0.405 u=0 breach=1 end=
CBAP_MIG t=25730000 epoch=5146 flow=57 side=new cur=14574237990 next=14896210064 tgt=15369230767 f=0.405 u=0 breach=1 end=
CBAP_MIG t=25730000 epoch=5146 flow=61 side=new cur=14574237990 next=14896210064 tgt=15369230767 f=0.405 u=0 breach=1 end=
CBAP_MIG t=25730000 epoch=5146 flow=62 side=new cur=14574237990 next=14896210064 tgt=15369230767 f=0.405 u=0 breach=1 end=
CBAP_MIG t=25730000 epoch=5146 flow=64 side=new cur=14574237990 next=14896210064 tgt=15369230767 f=0.405 u=0 breach=1 end=
CBAP_MIG t=25735000 epoch=5147 flow=1 side=new cur=14896210064 next=15087783448 tgt=15369230767 f=0.405 u=0 breach=1 end=
CBAP_MIG t=25735000 epoch=5147 flow=2 side=new cur=14896210064 next=15087783448 tgt=15369230767 f=0.405 u=0 breach=1 end=
CBAP_MIG t=25735000 epoch=5147 flow=5 side=new cur=14896210064 next=15087783448 tgt=15369230767 f=0.405 u=0 breach=1 end=
CBAP_MIG t=25735000 epoch=5147 flow=7 side=new cur=14896210064 next=15087783448 tgt=15369230767 f=0.405 u=0 breach=1 end=
CBAP_MIG t=25735000 epoch=5147 flow=8 side=new cur=14896210064 next=15087783448 tgt=15369230767 f=0.405 u=0 breach=1 end=
CBAP_MIG t=25735000 epoch=5147 flow=9 side=new cur=14896210064 next=15087783448 tgt=15369230767 f=0.405 u=0 breach=1 end=
CBAP_MIG t=25735000 epoch=5147 flow=12 side=new cur=14896210064 next=15087783448 tgt=15369230767 f=0.405 u=0 breach=1 end=
CBAP_MIG t=25735000 epoch=5147 flow=13 side=new cur=14896210064 next=15087783448 tgt=15369230767 f=0.405 u=0 breach=1 end=
CBAP_MIG t=25735000 epoch=5147 flow=16 side=new cur=14896210064 next=15087783448 tgt=15369230767 f=0.405 u=0 breach=1 end=
CBAP_MIG t=25735000 epoch=5147 flow=17 side=new cur=14896210064 next=15087783448 tgt=15369230767 f=0.405 u=0 breach=1 end=
CBAP_MIG t=25735000 epoch=5147 flow=20 side=new cur=14896210064 next=15087783448 tgt=15369230767 f=0.405 u=0 breach=1 end=
CBAP_MIG t=25735000 epoch=5147 flow=21 side=new cur=14896210064 next=15087783448 tgt=15369230767 f=0.405 u=0 breach=1 end=
CBAP_MIG t=25735000 epoch=5147 flow=37 side=new cur=14896210064 next=15087783448 tgt=15369230767 f=0.405 u=0 breach=1 end=
CBAP_MIG t=25735000 epoch=5147 flow=38 side=new cur=14896210064 next=15087783448 tgt=15369230767 f=0.405 u=0 breach=1 end=
CBAP_MIG t=25735000 epoch=5147 flow=39 side=new cur=14896210064 next=15087783448 tgt=15369230767 f=0.405 u=0 breach=1 end=
CBAP_MIG t=25735000 epoch=5147 flow=42 side=new cur=14896210064 next=15087783448 tgt=15369230767 f=0.405 u=0 breach=1 end=
CBAP_MIG t=25735000 epoch=5147 flow=44 side=new cur=14896210064 next=15087783448 tgt=15369230767 f=0.405 u=0 breach=1 end=
CBAP_MIG t=25735000 epoch=5147 flow=45 side=new cur=14896210064 next=15087783448 tgt=15369230767 f=0.405 u=0 breach=1 end=
CBAP_MIG t=25735000 epoch=5147 flow=46 side=new cur=14896210064 next=15087783448 tgt=15369230767 f=0.405 u=0 breach=1 end=
CBAP_MIG t=25735000 epoch=5147 flow=49 side=new cur=14896210064 next=15087783448 tgt=15369230767 f=0.405 u=0 breach=1 end=
CBAP_MIG t=25735000 epoch=5147 flow=53 side=new cur=14896210064 next=15087783448 tgt=15369230767 f=0.405 u=0 breach=1 end=
CBAP_MIG t=25735000 epoch=5147 flow=55 side=new cur=14896210064 next=15087783448 tgt=15369230767 f=0.405 u=0 breach=1 end=
CBAP_MIG t=25735000 epoch=5147 flow=57 side=new cur=14896210064 next=15087783448 tgt=15369230767 f=0.405 u=0 breach=1 end=
CBAP_MIG t=25735000 epoch=5147 flow=61 side=new cur=14896210064 next=15087783448 tgt=15369230767 f=0.405 u=0 breach=1 end=
CBAP_MIG t=25735000 epoch=5147 flow=62 side=new cur=14896210064 next=15087783448 tgt=15369230767 f=0.405 u=0 breach=1 end=
CBAP_MIG t=25735000 epoch=5147 flow=64 side=new cur=14896210064 next=15087783448 tgt=15369230767 f=0.405 u=0 breach=1 end=
CBAP_MIG_REPLAN t=25740000 reason=active_set_shrank flow=0 batch=0 newest_batch=1 cur=4000000359 target=4000000000 ceiling=320000000000 old_side_present=1
CBAP_MIG_REPLAN t=25740000 reason=active_set_shrank flow=1 batch=1 newest_batch=1 cur=15087783448 target=16143999998 ceiling=400000000000 old_side_present=1
CBAP_MIG_REPLAN t=25740000 reason=active_set_shrank flow=2 batch=1 newest_batch=1 cur=15087783448 target=16143999998 ceiling=400000000000 old_side_present=1
CBAP_MIG_REPLAN t=25740000 reason=active_set_shrank flow=5 batch=1 newest_batch=1 cur=15087783448 target=16143999998 ceiling=400000000000 old_side_present=1
CBAP_MIG_REPLAN t=25740000 reason=active_set_shrank flow=7 batch=1 newest_batch=1 cur=15087783448 target=16143999998 ceiling=400000000000 old_side_present=1
CBAP_MIG_REPLAN t=25740000 reason=active_set_shrank flow=8 batch=1 newest_batch=1 cur=15087783448 target=16143999998 ceiling=400000000000 old_side_present=1
CBAP_MIG_REPLAN t=25740000 reason=active_set_shrank flow=9 batch=1 newest_batch=1 cur=15087783448 target=16143999998 ceiling=400000000000 old_side_present=1
CBAP_MIG_REPLAN t=25740000 reason=active_set_shrank flow=12 batch=1 newest_batch=1 cur=15087783448 target=16143999998 ceiling=400000000000 old_side_present=1
CBAP_MIG_REPLAN t=25740000 reason=active_set_shrank flow=13 batch=1 newest_batch=1 cur=15087783448 target=16143999998 ceiling=400000000000 old_side_present=1
CBAP_MIG_REPLAN t=25740000 reason=active_set_shrank flow=16 batch=1 newest_batch=1 cur=15087783448 target=16143999998 ceiling=400000000000 old_side_present=1
CBAP_MIG_REPLAN t=25740000 reason=active_set_shrank flow=17 batch=1 newest_batch=1 cur=15087783448 target=16143999998 ceiling=400000000000 old_side_present=1
CBAP_MIG_REPLAN t=25740000 reason=active_set_shrank flow=21 batch=1 newest_batch=1 cur=15087783448 target=16143999998 ceiling=400000000000 old_side_present=1
CBAP_MIG_REPLAN t=25740000 reason=active_set_shrank flow=37 batch=1 newest_batch=1 cur=15087783448 target=16143999998 ceiling=400000000000 old_side_present=1
CBAP_MIG_REPLAN t=25740000 reason=active_set_shrank flow=38 batch=1 newest_batch=1 cur=15087783448 target=16143999998 ceiling=400000000000 old_side_present=1
CBAP_MIG_REPLAN t=25740000 reason=active_set_shrank flow=39 batch=1 newest_batch=1 cur=15087783448 target=16143999998 ceiling=400000000000 old_side_present=1
CBAP_MIG_REPLAN t=25740000 reason=active_set_shrank flow=42 batch=1 newest_batch=1 cur=15087783448 target=16143999998 ceiling=400000000000 old_side_present=1
CBAP_MIG_REPLAN t=25740000 reason=active_set_shrank flow=44 batch=1 newest_batch=1 cur=15087783448 target=16143999998 ceiling=400000000000 old_side_present=1
CBAP_MIG_REPLAN t=25740000 reason=active_set_shrank flow=45 batch=1 newest_batch=1 cur=15087783448 target=16143999998 ceiling=400000000000 old_side_present=1
CBAP_MIG_REPLAN t=25740000 reason=active_set_shrank flow=46 batch=1 newest_batch=1 cur=15087783448 target=16143999998 ceiling=400000000000 old_side_present=1
CBAP_MIG_REPLAN t=25740000 reason=active_set_shrank flow=49 batch=1 newest_batch=1 cur=15087783448 target=16143999998 ceiling=400000000000 old_side_present=1
CBAP_MIG_REPLAN t=25740000 reason=active_set_shrank flow=53 batch=1 newest_batch=1 cur=15087783448 target=16143999998 ceiling=400000000000 old_side_present=1
CBAP_MIG_REPLAN t=25740000 reason=active_set_shrank flow=55 batch=1 newest_batch=1 cur=15087783448 target=16143999998 ceiling=400000000000 old_side_present=1
CBAP_MIG_REPLAN t=25740000 reason=active_set_shrank flow=57 batch=1 newest_batch=1 cur=15087783448 target=16143999998 ceiling=400000000000 old_side_present=1
CBAP_MIG_REPLAN t=25740000 reason=active_set_shrank flow=61 batch=1 newest_batch=1 cur=15087783448 target=16143999998 ceiling=400000000000 old_side_present=1
CBAP_MIG_REPLAN t=25740000 reason=active_set_shrank flow=62 batch=1 newest_batch=1 cur=15087783448 target=16143999998 ceiling=400000000000 old_side_present=1
CBAP_MIG_REPLAN t=25740000 reason=active_set_shrank flow=64 batch=1 newest_batch=1 cur=15087783448 target=16143999998 ceiling=400000000000 old_side_present=1
CBAP_MIG t=25740000 epoch=5148 flow=0 side=old cur=4000000359 next=4000000251 tgt=4000000000 f=0.3 u=0 breach=0 end=converged
CBAP_MIG t=25740000 epoch=5148 flow=1 side=new cur=15087783448 next=15515551150 tgt=16143999998 f=0.405 u=0 breach=1 end=
CBAP_MIG t=25740000 epoch=5148 flow=2 side=new cur=15087783448 next=15515551150 tgt=16143999998 f=0.405 u=0 breach=1 end=
CBAP_MIG t=25740000 epoch=5148 flow=5 side=new cur=15087783448 next=15515551150 tgt=16143999998 f=0.405 u=0 breach=1 end=
CBAP_MIG t=25740000 epoch=5148 flow=7 side=new cur=15087783448 next=15515551150 tgt=16143999998 f=0.405 u=0 breach=1 end=
CBAP_MIG t=25740000 epoch=5148 flow=8 side=new cur=15087783448 next=15515551150 tgt=16143999998 f=0.405 u=0 breach=1 end=
CBAP_MIG t=25740000 epoch=5148 flow=9 side=new cur=15087783448 next=15515551150 tgt=16143999998 f=0.405 u=0 breach=1 end=
CBAP_MIG t=25740000 epoch=5148 flow=12 side=new cur=15087783448 next=15515551150 tgt=16143999998 f=0.405 u=0 breach=1 end=
CBAP_MIG t=25740000 epoch=5148 flow=13 side=new cur=15087783448 next=15515551150 tgt=16143999998 f=0.405 u=0 breach=1 end=
CBAP_MIG t=25740000 epoch=5148 flow=16 side=new cur=15087783448 next=15515551150 tgt=16143999998 f=0.405 u=0 breach=1 end=
CBAP_MIG t=25740000 epoch=5148 flow=17 side=new cur=15087783448 next=15515551150 tgt=16143999998 f=0.405 u=0 breach=1 end=
CBAP_MIG t=25740000 epoch=5148 flow=21 side=new cur=15087783448 next=15515551150 tgt=16143999998 f=0.405 u=0 breach=1 end=
CBAP_MIG t=25740000 epoch=5148 flow=37 side=new cur=15087783448 next=15515551150 tgt=16143999998 f=0.405 u=0 breach=1 end=
CBAP_MIG t=25740000 epoch=5148 flow=38 side=new cur=15087783448 next=15515551150 tgt=16143999998 f=0.405 u=0 breach=1 end=
CBAP_MIG t=25740000 epoch=5148 flow=39 side=new cur=15087783448 next=15515551150 tgt=16143999998 f=0.405 u=0 breach=1 end=
CBAP_MIG t=25740000 epoch=5148 flow=42 side=new cur=15087783448 next=15515551150 tgt=16143999998 f=0.405 u=0 breach=1 end=
CBAP_MIG t=25740000 epoch=5148 flow=44 side=new cur=15087783448 next=15515551150 tgt=16143999998 f=0.405 u=0 breach=1 end=
CBAP_MIG t=25740000 epoch=5148 flow=45 side=new cur=15087783448 next=15515551150 tgt=16143999998 f=0.405 u=0 breach=1 end=
CBAP_MIG t=25740000 epoch=5148 flow=46 side=new cur=15087783448 next=15515551150 tgt=16143999998 f=0.405 u=0 breach=1 end=
CBAP_MIG t=25740000 epoch=5148 flow=49 side=new cur=15087783448 next=15515551150 tgt=16143999998 f=0.405 u=0 breach=1 end=
CBAP_MIG t=25740000 epoch=5148 flow=53 side=new cur=15087783448 next=15515551150 tgt=16143999998 f=0.405 u=0 breach=1 end=
CBAP_MIG t=25740000 epoch=5148 flow=55 side=new cur=15087783448 next=15515551150 tgt=16143999998 f=0.405 u=0 breach=1 end=
CBAP_MIG t=25740000 epoch=5148 flow=57 side=new cur=15087783448 next=15515551150 tgt=16143999998 f=0.405 u=0 breach=1 end=
CBAP_MIG t=25740000 epoch=5148 flow=61 side=new cur=15087783448 next=15515551150 tgt=16143999998 f=0.405 u=0 breach=1 end=
CBAP_MIG t=25740000 epoch=5148 flow=62 side=new cur=15087783448 next=15515551150 tgt=16143999998 f=0.405 u=0 breach=1 end=
CBAP_MIG t=25740000 epoch=5148 flow=64 side=new cur=15087783448 next=15515551150 tgt=16143999998 f=0.405 u=0 breach=1 end=
CBAP_MIG t=25745000 epoch=5149 flow=1 side=new cur=15515551150 next=15770072933 tgt=16143999998 f=0.405 u=0 breach=1 end=
CBAP_MIG t=25745000 epoch=5149 flow=2 side=new cur=15515551150 next=15770072933 tgt=16143999998 f=0.405 u=0 breach=1 end=
CBAP_MIG t=25745000 epoch=5149 flow=5 side=new cur=15515551150 next=15770072933 tgt=16143999998 f=0.405 u=0 breach=1 end=
CBAP_MIG t=25745000 epoch=5149 flow=7 side=new cur=15515551150 next=15770072933 tgt=16143999998 f=0.405 u=0 breach=1 end=
CBAP_MIG t=25745000 epoch=5149 flow=8 side=new cur=15515551150 next=15770072933 tgt=16143999998 f=0.405 u=0 breach=1 end=
CBAP_MIG t=25745000 epoch=5149 flow=9 side=new cur=15515551150 next=15770072933 tgt=16143999998 f=0.405 u=0 breach=1 end=
CBAP_MIG t=25745000 epoch=5149 flow=12 side=new cur=15515551150 next=15770072933 tgt=16143999998 f=0.405 u=0 breach=1 end=
CBAP_MIG t=25745000 epoch=5149 flow=13 side=new cur=15515551150 next=15770072933 tgt=16143999998 f=0.405 u=0 breach=1 end=
CBAP_MIG t=25745000 epoch=5149 flow=16 side=new cur=15515551150 next=15770072933 tgt=16143999998 f=0.405 u=0 breach=1 end=
CBAP_MIG t=25745000 epoch=5149 flow=17 side=new cur=15515551150 next=15770072933 tgt=16143999998 f=0.405 u=0 breach=1 end=
CBAP_MIG t=25745000 epoch=5149 flow=21 side=new cur=15515551150 next=15770072933 tgt=16143999998 f=0.405 u=0 breach=1 end=
CBAP_MIG t=25745000 epoch=5149 flow=37 side=new cur=15515551150 next=15770072933 tgt=16143999998 f=0.405 u=0 breach=1 end=
CBAP_MIG t=25745000 epoch=5149 flow=38 side=new cur=15515551150 next=15770072933 tgt=16143999998 f=0.405 u=0 breach=1 end=
CBAP_MIG t=25745000 epoch=5149 flow=39 side=new cur=15515551150 next=15770072933 tgt=16143999998 f=0.405 u=0 breach=1 end=
CBAP_MIG t=25745000 epoch=5149 flow=42 side=new cur=15515551150 next=15770072933 tgt=16143999998 f=0.405 u=0 breach=1 end=
CBAP_MIG t=25745000 epoch=5149 flow=44 side=new cur=15515551150 next=15770072933 tgt=16143999998 f=0.405 u=0 breach=1 end=
CBAP_MIG t=25745000 epoch=5149 flow=45 side=new cur=15515551150 next=15770072933 tgt=16143999998 f=0.405 u=0 breach=1 end=
CBAP_MIG t=25745000 epoch=5149 flow=46 side=new cur=15515551150 next=15770072933 tgt=16143999998 f=0.405 u=0 breach=1 end=
CBAP_MIG t=25745000 epoch=5149 flow=49 side=new cur=15515551150 next=15770072933 tgt=16143999998 f=0.405 u=0 breach=1 end=
CBAP_MIG t=25745000 epoch=5149 flow=53 side=new cur=15515551150 next=15770072933 tgt=16143999998 f=0.405 u=0 breach=1 end=
CBAP_MIG t=25745000 epoch=5149 flow=55 side=new cur=15515551150 next=15770072933 tgt=16143999998 f=0.405 u=0 breach=1 end=
CBAP_MIG t=25745000 epoch=5149 flow=57 side=new cur=15515551150 next=15770072933 tgt=16143999998 f=0.405 u=0 breach=1 end=
CBAP_MIG t=25745000 epoch=5149 flow=61 side=new cur=15515551150 next=15770072933 tgt=16143999998 f=0.405 u=0 breach=1 end=
CBAP_MIG t=25745000 epoch=5149 flow=62 side=new cur=15515551150 next=15770072933 tgt=16143999998 f=0.405 u=0 breach=1 end=
CBAP_MIG t=25745000 epoch=5149 flow=64 side=new cur=15515551150 next=15770072933 tgt=16143999998 f=0.405 u=0 breach=1 end=
CBAP_MIG t=25750000 epoch=5150 flow=1 side=new cur=15770072933 next=15921513394 tgt=16143999998 f=0.405 u=0 breach=1 end=
CBAP_MIG t=25750000 epoch=5150 flow=2 side=new cur=15770072933 next=15921513394 tgt=16143999998 f=0.405 u=0 breach=1 end=
CBAP_MIG t=25750000 epoch=5150 flow=5 side=new cur=15770072933 next=15921513394 tgt=16143999998 f=0.405 u=0 breach=1 end=
CBAP_MIG t=25750000 epoch=5150 flow=7 side=new cur=15770072933 next=15921513394 tgt=16143999998 f=0.405 u=0 breach=1 end=
CBAP_MIG t=25750000 epoch=5150 flow=8 side=new cur=15770072933 next=15921513394 tgt=16143999998 f=0.405 u=0 breach=1 end=
CBAP_MIG t=25750000 epoch=5150 flow=9 side=new cur=15770072933 next=15921513394 tgt=16143999998 f=0.405 u=0 breach=1 end=
CBAP_MIG t=25750000 epoch=5150 flow=12 side=new cur=15770072933 next=15921513394 tgt=16143999998 f=0.405 u=0 breach=1 end=
CBAP_MIG t=25750000 epoch=5150 flow=13 side=new cur=15770072933 next=15921513394 tgt=16143999998 f=0.405 u=0 breach=1 end=
CBAP_MIG t=25750000 epoch=5150 flow=16 side=new cur=15770072933 next=15921513394 tgt=16143999998 f=0.405 u=0 breach=1 end=
CBAP_MIG t=25750000 epoch=5150 flow=17 side=new cur=15770072933 next=15921513394 tgt=16143999998 f=0.405 u=0 breach=1 end=
CBAP_MIG t=25750000 epoch=5150 flow=21 side=new cur=15770072933 next=15921513394 tgt=16143999998 f=0.405 u=0 breach=1 end=
CBAP_MIG t=25750000 epoch=5150 flow=37 side=new cur=15770072933 next=15921513394 tgt=16143999998 f=0.405 u=0 breach=1 end=
CBAP_MIG t=25750000 epoch=5150 flow=38 side=new cur=15770072933 next=15921513394 tgt=16143999998 f=0.405 u=0 breach=1 end=
CBAP_MIG t=25750000 epoch=5150 flow=39 side=new cur=15770072933 next=15921513394 tgt=16143999998 f=0.405 u=0 breach=1 end=
CBAP_MIG t=25750000 epoch=5150 flow=42 side=new cur=15770072933 next=15921513394 tgt=16143999998 f=0.405 u=0 breach=1 end=
CBAP_MIG t=25750000 epoch=5150 flow=44 side=new cur=15770072933 next=15921513394 tgt=16143999998 f=0.405 u=0 breach=1 end=
CBAP_MIG t=25750000 epoch=5150 flow=45 side=new cur=15770072933 next=15921513394 tgt=16143999998 f=0.405 u=0 breach=1 end=
CBAP_MIG t=25750000 epoch=5150 flow=46 side=new cur=15770072933 next=15921513394 tgt=16143999998 f=0.405 u=0 breach=1 end=
CBAP_MIG t=25750000 epoch=5150 flow=49 side=new cur=15770072933 next=15921513394 tgt=16143999998 f=0.405 u=0 breach=1 end=
CBAP_MIG t=25750000 epoch=5150 flow=53 side=new cur=15770072933 next=15921513394 tgt=16143999998 f=0.405 u=0 breach=1 end=
CBAP_MIG t=25750000 epoch=5150 flow=55 side=new cur=15770072933 next=15921513394 tgt=16143999998 f=0.405 u=0 breach=1 end=
CBAP_MIG t=25750000 epoch=5150 flow=57 side=new cur=15770072933 next=15921513394 tgt=16143999998 f=0.405 u=0 breach=1 end=
CBAP_MIG t=25750000 epoch=5150 flow=61 side=new cur=15770072933 next=15921513394 tgt=16143999998 f=0.405 u=0 breach=1 end=
CBAP_MIG t=25750000 epoch=5150 flow=62 side=new cur=15770072933 next=15921513394 tgt=16143999998 f=0.405 u=0 breach=1 end=
CBAP_MIG t=25750000 epoch=5150 flow=64 side=new cur=15770072933 next=15921513394 tgt=16143999998 f=0.405 u=0 breach=1 end=
CBAP_MIG_REPLAN t=25755000 reason=active_set_shrank flow=0 batch=0 newest_batch=1 cur=4000000251 target=4000000000 ceiling=320000000000 old_side_present=1
CBAP_MIG_REPLAN t=25755000 reason=active_set_shrank flow=1 batch=1 newest_batch=1 cur=15921513394 target=17373913042 ceiling=400000000000 old_side_present=1
CBAP_MIG_REPLAN t=25755000 reason=active_set_shrank flow=2 batch=1 newest_batch=1 cur=15921513394 target=17373913042 ceiling=400000000000 old_side_present=1
CBAP_MIG_REPLAN t=25755000 reason=active_set_shrank flow=5 batch=1 newest_batch=1 cur=15921513394 target=17373913042 ceiling=400000000000 old_side_present=1
CBAP_MIG_REPLAN t=25755000 reason=active_set_shrank flow=7 batch=1 newest_batch=1 cur=15921513394 target=17373913042 ceiling=400000000000 old_side_present=1
CBAP_MIG_REPLAN t=25755000 reason=active_set_shrank flow=8 batch=1 newest_batch=1 cur=15921513394 target=17373913042 ceiling=400000000000 old_side_present=1
CBAP_MIG_REPLAN t=25755000 reason=active_set_shrank flow=12 batch=1 newest_batch=1 cur=15921513394 target=17373913042 ceiling=400000000000 old_side_present=1
CBAP_MIG_REPLAN t=25755000 reason=active_set_shrank flow=13 batch=1 newest_batch=1 cur=15921513394 target=17373913042 ceiling=400000000000 old_side_present=1
CBAP_MIG_REPLAN t=25755000 reason=active_set_shrank flow=16 batch=1 newest_batch=1 cur=15921513394 target=17373913042 ceiling=400000000000 old_side_present=1
CBAP_MIG_REPLAN t=25755000 reason=active_set_shrank flow=17 batch=1 newest_batch=1 cur=15921513394 target=17373913042 ceiling=400000000000 old_side_present=1
CBAP_MIG_REPLAN t=25755000 reason=active_set_shrank flow=21 batch=1 newest_batch=1 cur=15921513394 target=17373913042 ceiling=400000000000 old_side_present=1
CBAP_MIG_REPLAN t=25755000 reason=active_set_shrank flow=37 batch=1 newest_batch=1 cur=15921513394 target=17373913042 ceiling=400000000000 old_side_present=1
CBAP_MIG_REPLAN t=25755000 reason=active_set_shrank flow=38 batch=1 newest_batch=1 cur=15921513394 target=17373913042 ceiling=400000000000 old_side_present=1
CBAP_MIG_REPLAN t=25755000 reason=active_set_shrank flow=39 batch=1 newest_batch=1 cur=15921513394 target=17373913042 ceiling=400000000000 old_side_present=1
CBAP_MIG_REPLAN t=25755000 reason=active_set_shrank flow=44 batch=1 newest_batch=1 cur=15921513394 target=17373913042 ceiling=400000000000 old_side_present=1
CBAP_MIG_REPLAN t=25755000 reason=active_set_shrank flow=45 batch=1 newest_batch=1 cur=15921513394 target=17373913042 ceiling=400000000000 old_side_present=1
CBAP_MIG_REPLAN t=25755000 reason=active_set_shrank flow=46 batch=1 newest_batch=1 cur=15921513394 target=17373913042 ceiling=400000000000 old_side_present=1
CBAP_MIG_REPLAN t=25755000 reason=active_set_shrank flow=49 batch=1 newest_batch=1 cur=15921513394 target=17373913042 ceiling=400000000000 old_side_present=1
CBAP_MIG_REPLAN t=25755000 reason=active_set_shrank flow=53 batch=1 newest_batch=1 cur=15921513394 target=17373913042 ceiling=400000000000 old_side_present=1
CBAP_MIG_REPLAN t=25755000 reason=active_set_shrank flow=55 batch=1 newest_batch=1 cur=15921513394 target=17373913042 ceiling=400000000000 old_side_present=1
CBAP_MIG_REPLAN t=25755000 reason=active_set_shrank flow=57 batch=1 newest_batch=1 cur=15921513394 target=17373913042 ceiling=400000000000 old_side_present=1
CBAP_MIG_REPLAN t=25755000 reason=active_set_shrank flow=61 batch=1 newest_batch=1 cur=15921513394 target=17373913042 ceiling=400000000000 old_side_present=1
CBAP_MIG_REPLAN t=25755000 reason=active_set_shrank flow=62 batch=1 newest_batch=1 cur=15921513394 target=17373913042 ceiling=400000000000 old_side_present=1
CBAP_MIG_REPLAN t=25755000 reason=active_set_shrank flow=64 batch=1 newest_batch=1 cur=15921513394 target=17373913042 ceiling=400000000000 old_side_present=1
CBAP_MIG t=25755000 epoch=5151 flow=0 side=old cur=4000000251 next=4000000175 tgt=4000000000 f=0.3 u=0 breach=0 end=converged
CBAP_MIG t=25755000 epoch=5151 flow=1 side=new cur=15921513394 next=16509735251 tgt=17373913042 f=0.405 u=0 breach=1 end=
CBAP_MIG t=25755000 epoch=5151 flow=2 side=new cur=15921513394 next=16509735251 tgt=17373913042 f=0.405 u=0 breach=1 end=
CBAP_MIG t=25755000 epoch=5151 flow=5 side=new cur=15921513394 next=16509735251 tgt=17373913042 f=0.405 u=0 breach=1 end=
CBAP_MIG t=25755000 epoch=5151 flow=7 side=new cur=15921513394 next=16509735251 tgt=17373913042 f=0.405 u=0 breach=1 end=
CBAP_MIG t=25755000 epoch=5151 flow=8 side=new cur=15921513394 next=16509735251 tgt=17373913042 f=0.405 u=0 breach=1 end=
CBAP_MIG t=25755000 epoch=5151 flow=12 side=new cur=15921513394 next=16509735251 tgt=17373913042 f=0.405 u=0 breach=1 end=
CBAP_MIG t=25755000 epoch=5151 flow=13 side=new cur=15921513394 next=16509735251 tgt=17373913042 f=0.405 u=0 breach=1 end=
CBAP_MIG t=25755000 epoch=5151 flow=16 side=new cur=15921513394 next=16509735251 tgt=17373913042 f=0.405 u=0 breach=1 end=
CBAP_MIG t=25755000 epoch=5151 flow=17 side=new cur=15921513394 next=16509735251 tgt=17373913042 f=0.405 u=0 breach=1 end=
CBAP_MIG t=25755000 epoch=5151 flow=21 side=new cur=15921513394 next=16509735251 tgt=17373913042 f=0.405 u=0 breach=1 end=
CBAP_MIG t=25755000 epoch=5151 flow=37 side=new cur=15921513394 next=16509735251 tgt=17373913042 f=0.405 u=0 breach=1 end=
CBAP_MIG t=25755000 epoch=5151 flow=38 side=new cur=15921513394 next=16509735251 tgt=17373913042 f=0.405 u=0 breach=1 end=
CBAP_MIG t=25755000 epoch=5151 flow=39 side=new cur=15921513394 next=16509735251 tgt=17373913042 f=0.405 u=0 breach=1 end=
CBAP_MIG t=25755000 epoch=5151 flow=44 side=new cur=15921513394 next=16509735251 tgt=17373913042 f=0.405 u=0 breach=1 end=
CBAP_MIG t=25755000 epoch=5151 flow=45 side=new cur=15921513394 next=16509735251 tgt=17373913042 f=0.405 u=0 breach=1 end=
CBAP_MIG t=25755000 epoch=5151 flow=46 side=new cur=15921513394 next=16509735251 tgt=17373913042 f=0.405 u=0 breach=1 end=
CBAP_MIG t=25755000 epoch=5151 flow=49 side=new cur=15921513394 next=16509735251 tgt=17373913042 f=0.405 u=0 breach=1 end=
CBAP_MIG t=25755000 epoch=5151 flow=53 side=new cur=15921513394 next=16509735251 tgt=17373913042 f=0.405 u=0 breach=1 end=
CBAP_MIG t=25755000 epoch=5151 flow=55 side=new cur=15921513394 next=16509735251 tgt=17373913042 f=0.405 u=0 breach=1 end=
CBAP_MIG t=25755000 epoch=5151 flow=57 side=new cur=15921513394 next=16509735251 tgt=17373913042 f=0.405 u=0 breach=1 end=
CBAP_MIG t=25755000 epoch=5151 flow=61 side=new cur=15921513394 next=16509735251 tgt=17373913042 f=0.405 u=0 breach=1 end=
CBAP_MIG t=25755000 epoch=5151 flow=62 side=new cur=15921513394 next=16509735251 tgt=17373913042 f=0.405 u=0 breach=1 end=
CBAP_MIG t=25755000 epoch=5151 flow=64 side=new cur=15921513394 next=16509735251 tgt=17373913042 f=0.405 u=0 breach=1 end=
CBAP_MIG_REPLAN t=25760000 reason=active_set_shrank flow=0 batch=0 newest_batch=1 cur=4000000175 target=4000000000 ceiling=320000000000 old_side_present=1
CBAP_MIG_REPLAN t=25760000 reason=active_set_shrank flow=1 batch=1 newest_batch=1 cur=16509735251 target=19028571427 ceiling=400000000000 old_side_present=1
CBAP_MIG_REPLAN t=25760000 reason=active_set_shrank flow=2 batch=1 newest_batch=1 cur=16509735251 target=19028571427 ceiling=400000000000 old_side_present=1
CBAP_MIG_REPLAN t=25760000 reason=active_set_shrank flow=5 batch=1 newest_batch=1 cur=16509735251 target=19028571427 ceiling=400000000000 old_side_present=1
CBAP_MIG_REPLAN t=25760000 reason=active_set_shrank flow=7 batch=1 newest_batch=1 cur=16509735251 target=19028571427 ceiling=400000000000 old_side_present=1
CBAP_MIG_REPLAN t=25760000 reason=active_set_shrank flow=8 batch=1 newest_batch=1 cur=16509735251 target=19028571427 ceiling=400000000000 old_side_present=1
CBAP_MIG_REPLAN t=25760000 reason=active_set_shrank flow=12 batch=1 newest_batch=1 cur=16509735251 target=19028571427 ceiling=400000000000 old_side_present=1
CBAP_MIG_REPLAN t=25760000 reason=active_set_shrank flow=13 batch=1 newest_batch=1 cur=16509735251 target=19028571427 ceiling=400000000000 old_side_present=1
CBAP_MIG_REPLAN t=25760000 reason=active_set_shrank flow=17 batch=1 newest_batch=1 cur=16509735251 target=19028571427 ceiling=400000000000 old_side_present=1
CBAP_MIG_REPLAN t=25760000 reason=active_set_shrank flow=21 batch=1 newest_batch=1 cur=16509735251 target=19028571427 ceiling=400000000000 old_side_present=1
CBAP_MIG_REPLAN t=25760000 reason=active_set_shrank flow=37 batch=1 newest_batch=1 cur=16509735251 target=19028571427 ceiling=400000000000 old_side_present=1
CBAP_MIG_REPLAN t=25760000 reason=active_set_shrank flow=38 batch=1 newest_batch=1 cur=16509735251 target=19028571427 ceiling=400000000000 old_side_present=1
CBAP_MIG_REPLAN t=25760000 reason=active_set_shrank flow=39 batch=1 newest_batch=1 cur=16509735251 target=19028571427 ceiling=400000000000 old_side_present=1
CBAP_MIG_REPLAN t=25760000 reason=active_set_shrank flow=44 batch=1 newest_batch=1 cur=16509735251 target=19028571427 ceiling=400000000000 old_side_present=1
CBAP_MIG_REPLAN t=25760000 reason=active_set_shrank flow=45 batch=1 newest_batch=1 cur=16509735251 target=19028571427 ceiling=400000000000 old_side_present=1
CBAP_MIG_REPLAN t=25760000 reason=active_set_shrank flow=46 batch=1 newest_batch=1 cur=16509735251 target=19028571427 ceiling=400000000000 old_side_present=1
CBAP_MIG_REPLAN t=25760000 reason=active_set_shrank flow=49 batch=1 newest_batch=1 cur=16509735251 target=19028571427 ceiling=400000000000 old_side_present=1
CBAP_MIG_REPLAN t=25760000 reason=active_set_shrank flow=53 batch=1 newest_batch=1 cur=16509735251 target=19028571427 ceiling=400000000000 old_side_present=1
CBAP_MIG_REPLAN t=25760000 reason=active_set_shrank flow=55 batch=1 newest_batch=1 cur=16509735251 target=19028571427 ceiling=400000000000 old_side_present=1
CBAP_MIG_REPLAN t=25760000 reason=active_set_shrank flow=57 batch=1 newest_batch=1 cur=16509735251 target=19028571427 ceiling=400000000000 old_side_present=1
CBAP_MIG_REPLAN t=25760000 reason=active_set_shrank flow=61 batch=1 newest_batch=1 cur=16509735251 target=19028571427 ceiling=400000000000 old_side_present=1
CBAP_MIG_REPLAN t=25760000 reason=active_set_shrank flow=64 batch=1 newest_batch=1 cur=16509735251 target=19028571427 ceiling=400000000000 old_side_present=1
CBAP_MIG t=25760000 epoch=5152 flow=0 side=old cur=4000000175 next=4000000122 tgt=4000000000 f=0.3 u=0 breach=0 end=converged
CBAP_MIG t=25760000 epoch=5152 flow=1 side=new cur=16509735251 next=17529863902 tgt=19028571427 f=0.405 u=0 breach=1 end=
CBAP_MIG t=25760000 epoch=5152 flow=2 side=new cur=16509735251 next=17529863902 tgt=19028571427 f=0.405 u=0 breach=1 end=
CBAP_MIG t=25760000 epoch=5152 flow=5 side=new cur=16509735251 next=17529863902 tgt=19028571427 f=0.405 u=0 breach=1 end=
CBAP_MIG t=25760000 epoch=5152 flow=7 side=new cur=16509735251 next=17529863902 tgt=19028571427 f=0.405 u=0 breach=1 end=
CBAP_MIG t=25760000 epoch=5152 flow=8 side=new cur=16509735251 next=17529863902 tgt=19028571427 f=0.405 u=0 breach=1 end=
CBAP_MIG t=25760000 epoch=5152 flow=12 side=new cur=16509735251 next=17529863902 tgt=19028571427 f=0.405 u=0 breach=1 end=
CBAP_MIG t=25760000 epoch=5152 flow=13 side=new cur=16509735251 next=17529863902 tgt=19028571427 f=0.405 u=0 breach=1 end=
CBAP_MIG t=25760000 epoch=5152 flow=17 side=new cur=16509735251 next=17529863902 tgt=19028571427 f=0.405 u=0 breach=1 end=
CBAP_MIG t=25760000 epoch=5152 flow=21 side=new cur=16509735251 next=17529863902 tgt=19028571427 f=0.405 u=0 breach=1 end=
CBAP_MIG t=25760000 epoch=5152 flow=37 side=new cur=16509735251 next=17529863902 tgt=19028571427 f=0.405 u=0 breach=1 end=
CBAP_MIG t=25760000 epoch=5152 flow=38 side=new cur=16509735251 next=17529863902 tgt=19028571427 f=0.405 u=0 breach=1 end=
CBAP_MIG t=25760000 epoch=5152 flow=39 side=new cur=16509735251 next=17529863902 tgt=19028571427 f=0.405 u=0 breach=1 end=
CBAP_MIG t=25760000 epoch=5152 flow=44 side=new cur=16509735251 next=17529863902 tgt=19028571427 f=0.405 u=0 breach=1 end=
CBAP_MIG t=25760000 epoch=5152 flow=45 side=new cur=16509735251 next=17529863902 tgt=19028571427 f=0.405 u=0 breach=1 end=
CBAP_MIG t=25760000 epoch=5152 flow=46 side=new cur=16509735251 next=17529863902 tgt=19028571427 f=0.405 u=0 breach=1 end=
CBAP_MIG t=25760000 epoch=5152 flow=49 side=new cur=16509735251 next=17529863902 tgt=19028571427 f=0.405 u=0 breach=1 end=
CBAP_MIG t=25760000 epoch=5152 flow=53 side=new cur=16509735251 next=17529863902 tgt=19028571427 f=0.405 u=0 breach=1 end=
CBAP_MIG t=25760000 epoch=5152 flow=55 side=new cur=16509735251 next=17529863902 tgt=19028571427 f=0.405 u=0 breach=1 end=
CBAP_MIG t=25760000 epoch=5152 flow=57 side=new cur=16509735251 next=17529863902 tgt=19028571427 f=0.405 u=0 breach=1 end=
CBAP_MIG t=25760000 epoch=5152 flow=61 side=new cur=16509735251 next=17529863902 tgt=19028571427 f=0.405 u=0 breach=1 end=
CBAP_MIG t=25760000 epoch=5152 flow=64 side=new cur=16509735251 next=17529863902 tgt=19028571427 f=0.405 u=0 breach=1 end=
CBAP_MIG t=25765000 epoch=5153 flow=1 side=new cur=17529863902 next=18136840449 tgt=19028571427 f=0.405 u=0 breach=1 end=
CBAP_MIG t=25765000 epoch=5153 flow=2 side=new cur=17529863902 next=18136840449 tgt=19028571427 f=0.405 u=0 breach=1 end=
CBAP_MIG t=25765000 epoch=5153 flow=5 side=new cur=17529863902 next=18136840449 tgt=19028571427 f=0.405 u=0 breach=1 end=
CBAP_MIG t=25765000 epoch=5153 flow=7 side=new cur=17529863902 next=18136840449 tgt=19028571427 f=0.405 u=0 breach=1 end=
CBAP_MIG t=25765000 epoch=5153 flow=8 side=new cur=17529863902 next=18136840449 tgt=19028571427 f=0.405 u=0 breach=1 end=
CBAP_MIG t=25765000 epoch=5153 flow=12 side=new cur=17529863902 next=18136840449 tgt=19028571427 f=0.405 u=0 breach=1 end=
CBAP_MIG t=25765000 epoch=5153 flow=13 side=new cur=17529863902 next=18136840449 tgt=19028571427 f=0.405 u=0 breach=1 end=
CBAP_MIG t=25765000 epoch=5153 flow=17 side=new cur=17529863902 next=18136840449 tgt=19028571427 f=0.405 u=0 breach=1 end=
CBAP_MIG t=25765000 epoch=5153 flow=21 side=new cur=17529863902 next=18136840449 tgt=19028571427 f=0.405 u=0 breach=1 end=
CBAP_MIG t=25765000 epoch=5153 flow=37 side=new cur=17529863902 next=18136840449 tgt=19028571427 f=0.405 u=0 breach=1 end=
CBAP_MIG t=25765000 epoch=5153 flow=38 side=new cur=17529863902 next=18136840449 tgt=19028571427 f=0.405 u=0 breach=1 end=
CBAP_MIG t=25765000 epoch=5153 flow=39 side=new cur=17529863902 next=18136840449 tgt=19028571427 f=0.405 u=0 breach=1 end=
CBAP_MIG t=25765000 epoch=5153 flow=44 side=new cur=17529863902 next=18136840449 tgt=19028571427 f=0.405 u=0 breach=1 end=
CBAP_MIG t=25765000 epoch=5153 flow=45 side=new cur=17529863902 next=18136840449 tgt=19028571427 f=0.405 u=0 breach=1 end=
CBAP_MIG t=25765000 epoch=5153 flow=46 side=new cur=17529863902 next=18136840449 tgt=19028571427 f=0.405 u=0 breach=1 end=
CBAP_MIG t=25765000 epoch=5153 flow=49 side=new cur=17529863902 next=18136840449 tgt=19028571427 f=0.405 u=0 breach=1 end=
CBAP_MIG t=25765000 epoch=5153 flow=53 side=new cur=17529863902 next=18136840449 tgt=19028571427 f=0.405 u=0 breach=1 end=
CBAP_MIG t=25765000 epoch=5153 flow=55 side=new cur=17529863902 next=18136840449 tgt=19028571427 f=0.405 u=0 breach=1 end=
CBAP_MIG t=25765000 epoch=5153 flow=57 side=new cur=17529863902 next=18136840449 tgt=19028571427 f=0.405 u=0 breach=1 end=
CBAP_MIG t=25765000 epoch=5153 flow=61 side=new cur=17529863902 next=18136840449 tgt=19028571427 f=0.405 u=0 breach=1 end=
CBAP_MIG t=25765000 epoch=5153 flow=64 side=new cur=17529863902 next=18136840449 tgt=19028571427 f=0.405 u=0 breach=1 end=
CBAP_MIG t=25770000 epoch=5154 flow=1 side=new cur=18136840449 next=18497991495 tgt=19028571427 f=0.405 u=0 breach=1 end=
CBAP_MIG t=25770000 epoch=5154 flow=2 side=new cur=18136840449 next=18497991495 tgt=19028571427 f=0.405 u=0 breach=1 end=
CBAP_MIG t=25770000 epoch=5154 flow=5 side=new cur=18136840449 next=18497991495 tgt=19028571427 f=0.405 u=0 breach=1 end=
CBAP_MIG t=25770000 epoch=5154 flow=7 side=new cur=18136840449 next=18497991495 tgt=19028571427 f=0.405 u=0 breach=1 end=
CBAP_MIG t=25770000 epoch=5154 flow=8 side=new cur=18136840449 next=18497991495 tgt=19028571427 f=0.405 u=0 breach=1 end=
CBAP_MIG t=25770000 epoch=5154 flow=12 side=new cur=18136840449 next=18497991495 tgt=19028571427 f=0.405 u=0 breach=1 end=
CBAP_MIG t=25770000 epoch=5154 flow=13 side=new cur=18136840449 next=18497991495 tgt=19028571427 f=0.405 u=0 breach=1 end=
CBAP_MIG t=25770000 epoch=5154 flow=17 side=new cur=18136840449 next=18497991495 tgt=19028571427 f=0.405 u=0 breach=1 end=
CBAP_MIG t=25770000 epoch=5154 flow=21 side=new cur=18136840449 next=18497991495 tgt=19028571427 f=0.405 u=0 breach=1 end=
CBAP_MIG t=25770000 epoch=5154 flow=37 side=new cur=18136840449 next=18497991495 tgt=19028571427 f=0.405 u=0 breach=1 end=
CBAP_MIG t=25770000 epoch=5154 flow=38 side=new cur=18136840449 next=18497991495 tgt=19028571427 f=0.405 u=0 breach=1 end=
CBAP_MIG t=25770000 epoch=5154 flow=39 side=new cur=18136840449 next=18497991495 tgt=19028571427 f=0.405 u=0 breach=1 end=
CBAP_MIG t=25770000 epoch=5154 flow=44 side=new cur=18136840449 next=18497991495 tgt=19028571427 f=0.405 u=0 breach=1 end=
CBAP_MIG t=25770000 epoch=5154 flow=45 side=new cur=18136840449 next=18497991495 tgt=19028571427 f=0.405 u=0 breach=1 end=
CBAP_MIG t=25770000 epoch=5154 flow=46 side=new cur=18136840449 next=18497991495 tgt=19028571427 f=0.405 u=0 breach=1 end=
CBAP_MIG t=25770000 epoch=5154 flow=49 side=new cur=18136840449 next=18497991495 tgt=19028571427 f=0.405 u=0 breach=1 end=
CBAP_MIG t=25770000 epoch=5154 flow=53 side=new cur=18136840449 next=18497991495 tgt=19028571427 f=0.405 u=0 breach=1 end=
CBAP_MIG t=25770000 epoch=5154 flow=55 side=new cur=18136840449 next=18497991495 tgt=19028571427 f=0.405 u=0 breach=1 end=
CBAP_MIG t=25770000 epoch=5154 flow=57 side=new cur=18136840449 next=18497991495 tgt=19028571427 f=0.405 u=0 breach=1 end=
CBAP_MIG t=25770000 epoch=5154 flow=61 side=new cur=18136840449 next=18497991495 tgt=19028571427 f=0.405 u=0 breach=1 end=
CBAP_MIG t=25770000 epoch=5154 flow=64 side=new cur=18136840449 next=18497991495 tgt=19028571427 f=0.405 u=0 breach=1 end=
CBAP_MIG t=25775000 epoch=5155 flow=1 side=new cur=18497991495 next=18712876367 tgt=19028571427 f=0.405 u=0 breach=1 end=
CBAP_MIG t=25775000 epoch=5155 flow=2 side=new cur=18497991495 next=18712876367 tgt=19028571427 f=0.405 u=0 breach=1 end=
CBAP_MIG t=25775000 epoch=5155 flow=5 side=new cur=18497991495 next=18712876367 tgt=19028571427 f=0.405 u=0 breach=1 end=
CBAP_MIG t=25775000 epoch=5155 flow=7 side=new cur=18497991495 next=18712876367 tgt=19028571427 f=0.405 u=0 breach=1 end=
CBAP_MIG t=25775000 epoch=5155 flow=8 side=new cur=18497991495 next=18712876367 tgt=19028571427 f=0.405 u=0 breach=1 end=
CBAP_MIG t=25775000 epoch=5155 flow=12 side=new cur=18497991495 next=18712876367 tgt=19028571427 f=0.405 u=0 breach=1 end=
CBAP_MIG t=25775000 epoch=5155 flow=13 side=new cur=18497991495 next=18712876367 tgt=19028571427 f=0.405 u=0 breach=1 end=
CBAP_MIG t=25775000 epoch=5155 flow=17 side=new cur=18497991495 next=18712876367 tgt=19028571427 f=0.405 u=0 breach=1 end=
CBAP_MIG t=25775000 epoch=5155 flow=21 side=new cur=18497991495 next=18712876367 tgt=19028571427 f=0.405 u=0 breach=1 end=
CBAP_MIG t=25775000 epoch=5155 flow=37 side=new cur=18497991495 next=18712876367 tgt=19028571427 f=0.405 u=0 breach=1 end=
CBAP_MIG t=25775000 epoch=5155 flow=38 side=new cur=18497991495 next=18712876367 tgt=19028571427 f=0.405 u=0 breach=1 end=
CBAP_MIG t=25775000 epoch=5155 flow=39 side=new cur=18497991495 next=18712876367 tgt=19028571427 f=0.405 u=0 breach=1 end=
CBAP_MIG t=25775000 epoch=5155 flow=44 side=new cur=18497991495 next=18712876367 tgt=19028571427 f=0.405 u=0 breach=1 end=
CBAP_MIG t=25775000 epoch=5155 flow=45 side=new cur=18497991495 next=18712876367 tgt=19028571427 f=0.405 u=0 breach=1 end=
CBAP_MIG t=25775000 epoch=5155 flow=46 side=new cur=18497991495 next=18712876367 tgt=19028571427 f=0.405 u=0 breach=1 end=
CBAP_MIG t=25775000 epoch=5155 flow=49 side=new cur=18497991495 next=18712876367 tgt=19028571427 f=0.405 u=0 breach=1 end=
CBAP_MIG t=25775000 epoch=5155 flow=53 side=new cur=18497991495 next=18712876367 tgt=19028571427 f=0.405 u=0 breach=1 end=
CBAP_MIG t=25775000 epoch=5155 flow=55 side=new cur=18497991495 next=18712876367 tgt=19028571427 f=0.405 u=0 breach=1 end=
CBAP_MIG t=25775000 epoch=5155 flow=57 side=new cur=18497991495 next=18712876367 tgt=19028571427 f=0.405 u=0 breach=1 end=
CBAP_MIG t=25775000 epoch=5155 flow=61 side=new cur=18497991495 next=18712876367 tgt=19028571427 f=0.405 u=0 breach=1 end=
CBAP_MIG t=25775000 epoch=5155 flow=64 side=new cur=18497991495 next=18712876367 tgt=19028571427 f=0.405 u=0 breach=1 end=
CBAP_MIG t=25780000 epoch=5156 flow=1 side=new cur=18712876367 next=18840732866 tgt=19028571427 f=0.405 u=0 breach=1 end=converged
CBAP_MIG t=25780000 epoch=5156 flow=2 side=new cur=18712876367 next=18840732866 tgt=19028571427 f=0.405 u=0 breach=1 end=converged
CBAP_MIG t=25780000 epoch=5156 flow=5 side=new cur=18712876367 next=18840732866 tgt=19028571427 f=0.405 u=0 breach=1 end=converged
CBAP_MIG t=25780000 epoch=5156 flow=7 side=new cur=18712876367 next=18840732866 tgt=19028571427 f=0.405 u=0 breach=1 end=converged
CBAP_MIG t=25780000 epoch=5156 flow=8 side=new cur=18712876367 next=18840732866 tgt=19028571427 f=0.405 u=0 breach=1 end=converged
CBAP_MIG t=25780000 epoch=5156 flow=12 side=new cur=18712876367 next=18840732866 tgt=19028571427 f=0.405 u=0 breach=1 end=converged
CBAP_MIG t=25780000 epoch=5156 flow=13 side=new cur=18712876367 next=18840732866 tgt=19028571427 f=0.405 u=0 breach=1 end=converged
CBAP_MIG t=25780000 epoch=5156 flow=17 side=new cur=18712876367 next=18840732866 tgt=19028571427 f=0.405 u=0 breach=1 end=converged
CBAP_MIG t=25780000 epoch=5156 flow=21 side=new cur=18712876367 next=18840732866 tgt=19028571427 f=0.405 u=0 breach=1 end=converged
CBAP_MIG t=25780000 epoch=5156 flow=37 side=new cur=18712876367 next=18840732866 tgt=19028571427 f=0.405 u=0 breach=1 end=converged
CBAP_MIG t=25780000 epoch=5156 flow=38 side=new cur=18712876367 next=18840732866 tgt=19028571427 f=0.405 u=0 breach=1 end=converged
CBAP_MIG t=25780000 epoch=5156 flow=39 side=new cur=18712876367 next=18840732866 tgt=19028571427 f=0.405 u=0 breach=1 end=converged
CBAP_MIG t=25780000 epoch=5156 flow=44 side=new cur=18712876367 next=18840732866 tgt=19028571427 f=0.405 u=0 breach=1 end=converged
CBAP_MIG t=25780000 epoch=5156 flow=45 side=new cur=18712876367 next=18840732866 tgt=19028571427 f=0.405 u=0 breach=1 end=converged
CBAP_MIG t=25780000 epoch=5156 flow=46 side=new cur=18712876367 next=18840732866 tgt=19028571427 f=0.405 u=0 breach=1 end=converged
CBAP_MIG t=25780000 epoch=5156 flow=49 side=new cur=18712876367 next=18840732866 tgt=19028571427 f=0.405 u=0 breach=1 end=converged
CBAP_MIG t=25780000 epoch=5156 flow=53 side=new cur=18712876367 next=18840732866 tgt=19028571427 f=0.405 u=0 breach=1 end=converged
CBAP_MIG t=25780000 epoch=5156 flow=55 side=new cur=18712876367 next=18840732866 tgt=19028571427 f=0.405 u=0 breach=1 end=converged
CBAP_MIG t=25780000 epoch=5156 flow=57 side=new cur=18712876367 next=18840732866 tgt=19028571427 f=0.405 u=0 breach=1 end=converged
CBAP_MIG t=25780000 epoch=5156 flow=61 side=new cur=18712876367 next=18840732866 tgt=19028571427 f=0.405 u=0 breach=1 end=converged
CBAP_MIG t=25780000 epoch=5156 flow=64 side=new cur=18712876367 next=18840732866 tgt=19028571427 f=0.405 u=0 breach=1 end=converged
CBAP_MIG_REPLAN t=25785000 reason=active_set_shrank flow=0 batch=0 newest_batch=1 cur=4000000122 target=4000000000 ceiling=320000000000 old_side_present=1
CBAP_MIG_REPLAN t=25785000 reason=active_set_shrank flow=1 batch=1 newest_batch=1 cur=18840732866 target=19979999999 ceiling=400000000000 old_side_present=1
CBAP_MIG_REPLAN t=25785000 reason=active_set_shrank flow=2 batch=1 newest_batch=1 cur=18840732866 target=19979999999 ceiling=400000000000 old_side_present=1
CBAP_MIG_REPLAN t=25785000 reason=active_set_shrank flow=5 batch=1 newest_batch=1 cur=18840732866 target=19979999999 ceiling=400000000000 old_side_present=1
CBAP_MIG_REPLAN t=25785000 reason=active_set_shrank flow=7 batch=1 newest_batch=1 cur=18840732866 target=19979999999 ceiling=400000000000 old_side_present=1
CBAP_MIG_REPLAN t=25785000 reason=active_set_shrank flow=8 batch=1 newest_batch=1 cur=18840732866 target=19979999999 ceiling=400000000000 old_side_present=1
CBAP_MIG_REPLAN t=25785000 reason=active_set_shrank flow=12 batch=1 newest_batch=1 cur=18840732866 target=19979999999 ceiling=400000000000 old_side_present=1
CBAP_MIG_REPLAN t=25785000 reason=active_set_shrank flow=13 batch=1 newest_batch=1 cur=18840732866 target=19979999999 ceiling=400000000000 old_side_present=1
CBAP_MIG_REPLAN t=25785000 reason=active_set_shrank flow=17 batch=1 newest_batch=1 cur=18840732866 target=19979999999 ceiling=400000000000 old_side_present=1
CBAP_MIG_REPLAN t=25785000 reason=active_set_shrank flow=21 batch=1 newest_batch=1 cur=18840732866 target=19979999999 ceiling=400000000000 old_side_present=1
CBAP_MIG_REPLAN t=25785000 reason=active_set_shrank flow=37 batch=1 newest_batch=1 cur=18840732866 target=19979999999 ceiling=400000000000 old_side_present=1
CBAP_MIG_REPLAN t=25785000 reason=active_set_shrank flow=39 batch=1 newest_batch=1 cur=18840732866 target=19979999999 ceiling=400000000000 old_side_present=1
CBAP_MIG_REPLAN t=25785000 reason=active_set_shrank flow=44 batch=1 newest_batch=1 cur=18840732866 target=19979999999 ceiling=400000000000 old_side_present=1
CBAP_MIG_REPLAN t=25785000 reason=active_set_shrank flow=45 batch=1 newest_batch=1 cur=18840732866 target=19979999999 ceiling=400000000000 old_side_present=1
CBAP_MIG_REPLAN t=25785000 reason=active_set_shrank flow=46 batch=1 newest_batch=1 cur=18840732866 target=19979999999 ceiling=400000000000 old_side_present=1
CBAP_MIG_REPLAN t=25785000 reason=active_set_shrank flow=49 batch=1 newest_batch=1 cur=18840732866 target=19979999999 ceiling=400000000000 old_side_present=1
CBAP_MIG_REPLAN t=25785000 reason=active_set_shrank flow=53 batch=1 newest_batch=1 cur=18840732866 target=19979999999 ceiling=400000000000 old_side_present=1
CBAP_MIG_REPLAN t=25785000 reason=active_set_shrank flow=55 batch=1 newest_batch=1 cur=18840732866 target=19979999999 ceiling=400000000000 old_side_present=1
CBAP_MIG_REPLAN t=25785000 reason=active_set_shrank flow=57 batch=1 newest_batch=1 cur=18840732866 target=19979999999 ceiling=400000000000 old_side_present=1
CBAP_MIG_REPLAN t=25785000 reason=active_set_shrank flow=61 batch=1 newest_batch=1 cur=18840732866 target=19979999999 ceiling=400000000000 old_side_present=1
CBAP_MIG_REPLAN t=25785000 reason=active_set_shrank flow=64 batch=1 newest_batch=1 cur=18840732866 target=19979999999 ceiling=400000000000 old_side_present=1
CBAP_MIG t=25785000 epoch=5157 flow=0 side=old cur=4000000122 next=4000000085 tgt=4000000000 f=0.3 u=0 breach=0 end=converged
CBAP_MIG t=25785000 epoch=5157 flow=1 side=new cur=18840732866 next=19302136054 tgt=19979999999 f=0.405 u=0 breach=1 end=
CBAP_MIG t=25785000 epoch=5157 flow=2 side=new cur=18840732866 next=19302136054 tgt=19979999999 f=0.405 u=0 breach=1 end=
CBAP_MIG t=25785000 epoch=5157 flow=5 side=new cur=18840732866 next=19302136054 tgt=19979999999 f=0.405 u=0 breach=1 end=
CBAP_MIG t=25785000 epoch=5157 flow=7 side=new cur=18840732866 next=19302136054 tgt=19979999999 f=0.405 u=0 breach=1 end=
CBAP_MIG t=25785000 epoch=5157 flow=8 side=new cur=18840732866 next=19302136054 tgt=19979999999 f=0.405 u=0 breach=1 end=
CBAP_MIG t=25785000 epoch=5157 flow=12 side=new cur=18840732866 next=19302136054 tgt=19979999999 f=0.405 u=0 breach=1 end=
CBAP_MIG t=25785000 epoch=5157 flow=13 side=new cur=18840732866 next=19302136054 tgt=19979999999 f=0.405 u=0 breach=1 end=
CBAP_MIG t=25785000 epoch=5157 flow=17 side=new cur=18840732866 next=19302136054 tgt=19979999999 f=0.405 u=0 breach=1 end=
CBAP_MIG t=25785000 epoch=5157 flow=21 side=new cur=18840732866 next=19302136054 tgt=19979999999 f=0.405 u=0 breach=1 end=
CBAP_MIG t=25785000 epoch=5157 flow=37 side=new cur=18840732866 next=19302136054 tgt=19979999999 f=0.405 u=0 breach=1 end=
CBAP_MIG t=25785000 epoch=5157 flow=39 side=new cur=18840732866 next=19302136054 tgt=19979999999 f=0.405 u=0 breach=1 end=
CBAP_MIG t=25785000 epoch=5157 flow=44 side=new cur=18840732866 next=19302136054 tgt=19979999999 f=0.405 u=0 breach=1 end=
CBAP_MIG t=25785000 epoch=5157 flow=45 side=new cur=18840732866 next=19302136054 tgt=19979999999 f=0.405 u=0 breach=1 end=
CBAP_MIG t=25785000 epoch=5157 flow=46 side=new cur=18840732866 next=19302136054 tgt=19979999999 f=0.405 u=0 breach=1 end=
CBAP_MIG t=25785000 epoch=5157 flow=49 side=new cur=18840732866 next=19302136054 tgt=19979999999 f=0.405 u=0 breach=1 end=
CBAP_MIG t=25785000 epoch=5157 flow=53 side=new cur=18840732866 next=19302136054 tgt=19979999999 f=0.405 u=0 breach=1 end=
CBAP_MIG t=25785000 epoch=5157 flow=55 side=new cur=18840732866 next=19302136054 tgt=19979999999 f=0.405 u=0 breach=1 end=
CBAP_MIG t=25785000 epoch=5157 flow=57 side=new cur=18840732866 next=19302136054 tgt=19979999999 f=0.405 u=0 breach=1 end=
CBAP_MIG t=25785000 epoch=5157 flow=61 side=new cur=18840732866 next=19302136054 tgt=19979999999 f=0.405 u=0 breach=1 end=
CBAP_MIG t=25785000 epoch=5157 flow=64 side=new cur=18840732866 next=19302136054 tgt=19979999999 f=0.405 u=0 breach=1 end=
CBAP_MIG t=25790000 epoch=5158 flow=1 side=new cur=19302136054 next=19576670951 tgt=19979999999 f=0.405 u=0 breach=1 end=
CBAP_MIG t=25790000 epoch=5158 flow=2 side=new cur=19302136054 next=19576670951 tgt=19979999999 f=0.405 u=0 breach=1 end=
CBAP_MIG t=25790000 epoch=5158 flow=5 side=new cur=19302136054 next=19576670951 tgt=19979999999 f=0.405 u=0 breach=1 end=
CBAP_MIG t=25790000 epoch=5158 flow=7 side=new cur=19302136054 next=19576670951 tgt=19979999999 f=0.405 u=0 breach=1 end=
CBAP_MIG t=25790000 epoch=5158 flow=8 side=new cur=19302136054 next=19576670951 tgt=19979999999 f=0.405 u=0 breach=1 end=
CBAP_MIG t=25790000 epoch=5158 flow=12 side=new cur=19302136054 next=19576670951 tgt=19979999999 f=0.405 u=0 breach=1 end=
CBAP_MIG t=25790000 epoch=5158 flow=13 side=new cur=19302136054 next=19576670951 tgt=19979999999 f=0.405 u=0 breach=1 end=
CBAP_MIG t=25790000 epoch=5158 flow=17 side=new cur=19302136054 next=19576670951 tgt=19979999999 f=0.405 u=0 breach=1 end=
CBAP_MIG t=25790000 epoch=5158 flow=21 side=new cur=19302136054 next=19576670951 tgt=19979999999 f=0.405 u=0 breach=1 end=
CBAP_MIG t=25790000 epoch=5158 flow=37 side=new cur=19302136054 next=19576670951 tgt=19979999999 f=0.405 u=0 breach=1 end=
CBAP_MIG t=25790000 epoch=5158 flow=39 side=new cur=19302136054 next=19576670951 tgt=19979999999 f=0.405 u=0 breach=1 end=
CBAP_MIG t=25790000 epoch=5158 flow=44 side=new cur=19302136054 next=19576670951 tgt=19979999999 f=0.405 u=0 breach=1 end=
CBAP_MIG t=25790000 epoch=5158 flow=45 side=new cur=19302136054 next=19576670951 tgt=19979999999 f=0.405 u=0 breach=1 end=
CBAP_MIG t=25790000 epoch=5158 flow=46 side=new cur=19302136054 next=19576670951 tgt=19979999999 f=0.405 u=0 breach=1 end=
CBAP_MIG t=25790000 epoch=5158 flow=49 side=new cur=19302136054 next=19576670951 tgt=19979999999 f=0.405 u=0 breach=1 end=
CBAP_MIG t=25790000 epoch=5158 flow=53 side=new cur=19302136054 next=19576670951 tgt=19979999999 f=0.405 u=0 breach=1 end=
CBAP_MIG t=25790000 epoch=5158 flow=55 side=new cur=19302136054 next=19576670951 tgt=19979999999 f=0.405 u=0 breach=1 end=
CBAP_MIG t=25790000 epoch=5158 flow=57 side=new cur=19302136054 next=19576670951 tgt=19979999999 f=0.405 u=0 breach=1 end=
CBAP_MIG t=25790000 epoch=5158 flow=61 side=new cur=19302136054 next=19576670951 tgt=19979999999 f=0.405 u=0 breach=1 end=
CBAP_MIG t=25790000 epoch=5158 flow=64 side=new cur=19302136054 next=19576670951 tgt=19979999999 f=0.405 u=0 breach=1 end=
CBAP_MIG_REPLAN t=25795000 reason=active_set_shrank flow=0 batch=0 newest_batch=1 cur=4000000085 target=4000000000 ceiling=320000000000 old_side_present=1
CBAP_MIG_REPLAN t=25795000 reason=active_set_shrank flow=1 batch=1 newest_batch=1 cur=19576670951 target=21031578946 ceiling=400000000000 old_side_present=1
CBAP_MIG_REPLAN t=25795000 reason=active_set_shrank flow=2 batch=1 newest_batch=1 cur=19576670951 target=21031578946 ceiling=400000000000 old_side_present=1
CBAP_MIG_REPLAN t=25795000 reason=active_set_shrank flow=5 batch=1 newest_batch=1 cur=19576670951 target=21031578946 ceiling=400000000000 old_side_present=1
CBAP_MIG_REPLAN t=25795000 reason=active_set_shrank flow=7 batch=1 newest_batch=1 cur=19576670951 target=21031578946 ceiling=400000000000 old_side_present=1
CBAP_MIG_REPLAN t=25795000 reason=active_set_shrank flow=8 batch=1 newest_batch=1 cur=19576670951 target=21031578946 ceiling=400000000000 old_side_present=1
CBAP_MIG_REPLAN t=25795000 reason=active_set_shrank flow=12 batch=1 newest_batch=1 cur=19576670951 target=21031578946 ceiling=400000000000 old_side_present=1
CBAP_MIG_REPLAN t=25795000 reason=active_set_shrank flow=13 batch=1 newest_batch=1 cur=19576670951 target=21031578946 ceiling=400000000000 old_side_present=1
CBAP_MIG_REPLAN t=25795000 reason=active_set_shrank flow=21 batch=1 newest_batch=1 cur=19576670951 target=21031578946 ceiling=400000000000 old_side_present=1
CBAP_MIG_REPLAN t=25795000 reason=active_set_shrank flow=37 batch=1 newest_batch=1 cur=19576670951 target=21031578946 ceiling=400000000000 old_side_present=1
CBAP_MIG_REPLAN t=25795000 reason=active_set_shrank flow=39 batch=1 newest_batch=1 cur=19576670951 target=21031578946 ceiling=400000000000 old_side_present=1
CBAP_MIG_REPLAN t=25795000 reason=active_set_shrank flow=44 batch=1 newest_batch=1 cur=19576670951 target=21031578946 ceiling=400000000000 old_side_present=1
CBAP_MIG_REPLAN t=25795000 reason=active_set_shrank flow=45 batch=1 newest_batch=1 cur=19576670951 target=21031578946 ceiling=400000000000 old_side_present=1
CBAP_MIG_REPLAN t=25795000 reason=active_set_shrank flow=46 batch=1 newest_batch=1 cur=19576670951 target=21031578946 ceiling=400000000000 old_side_present=1
CBAP_MIG_REPLAN t=25795000 reason=active_set_shrank flow=49 batch=1 newest_batch=1 cur=19576670951 target=21031578946 ceiling=400000000000 old_side_present=1
CBAP_MIG_REPLAN t=25795000 reason=active_set_shrank flow=53 batch=1 newest_batch=1 cur=19576670951 target=21031578946 ceiling=400000000000 old_side_present=1
CBAP_MIG_REPLAN t=25795000 reason=active_set_shrank flow=55 batch=1 newest_batch=1 cur=19576670951 target=21031578946 ceiling=400000000000 old_side_present=1
CBAP_MIG_REPLAN t=25795000 reason=active_set_shrank flow=57 batch=1 newest_batch=1 cur=19576670951 target=21031578946 ceiling=400000000000 old_side_present=1
CBAP_MIG_REPLAN t=25795000 reason=active_set_shrank flow=61 batch=1 newest_batch=1 cur=19576670951 target=21031578946 ceiling=400000000000 old_side_present=1
CBAP_MIG_REPLAN t=25795000 reason=active_set_shrank flow=64 batch=1 newest_batch=1 cur=19576670951 target=21031578946 ceiling=400000000000 old_side_present=1
CBAP_MIG t=25795000 epoch=5159 flow=0 side=old cur=4000000085 next=4000000059 tgt=4000000000 f=0.3 u=0 breach=0 end=converged
CBAP_MIG t=25795000 epoch=5159 flow=1 side=new cur=19576670951 next=20165908688 tgt=21031578946 f=0.405 u=0 breach=1 end=
CBAP_MIG t=25795000 epoch=5159 flow=2 side=new cur=19576670951 next=20165908688 tgt=21031578946 f=0.405 u=0 breach=1 end=
CBAP_MIG t=25795000 epoch=5159 flow=5 side=new cur=19576670951 next=20165908688 tgt=21031578946 f=0.405 u=0 breach=1 end=
CBAP_MIG t=25795000 epoch=5159 flow=7 side=new cur=19576670951 next=20165908688 tgt=21031578946 f=0.405 u=0 breach=1 end=
CBAP_MIG t=25795000 epoch=5159 flow=8 side=new cur=19576670951 next=20165908688 tgt=21031578946 f=0.405 u=0 breach=1 end=
CBAP_MIG t=25795000 epoch=5159 flow=12 side=new cur=19576670951 next=20165908688 tgt=21031578946 f=0.405 u=0 breach=1 end=
CBAP_MIG t=25795000 epoch=5159 flow=13 side=new cur=19576670951 next=20165908688 tgt=21031578946 f=0.405 u=0 breach=1 end=
CBAP_MIG t=25795000 epoch=5159 flow=21 side=new cur=19576670951 next=20165908688 tgt=21031578946 f=0.405 u=0 breach=1 end=
CBAP_MIG t=25795000 epoch=5159 flow=37 side=new cur=19576670951 next=20165908688 tgt=21031578946 f=0.405 u=0 breach=1 end=
CBAP_MIG t=25795000 epoch=5159 flow=39 side=new cur=19576670951 next=20165908688 tgt=21031578946 f=0.405 u=0 breach=1 end=
CBAP_MIG t=25795000 epoch=5159 flow=44 side=new cur=19576670951 next=20165908688 tgt=21031578946 f=0.405 u=0 breach=1 end=
CBAP_MIG t=25795000 epoch=5159 flow=45 side=new cur=19576670951 next=20165908688 tgt=21031578946 f=0.405 u=0 breach=1 end=
CBAP_MIG t=25795000 epoch=5159 flow=46 side=new cur=19576670951 next=20165908688 tgt=21031578946 f=0.405 u=0 breach=1 end=
CBAP_MIG t=25795000 epoch=5159 flow=49 side=new cur=19576670951 next=20165908688 tgt=21031578946 f=0.405 u=0 breach=1 end=
CBAP_MIG t=25795000 epoch=5159 flow=53 side=new cur=19576670951 next=20165908688 tgt=21031578946 f=0.405 u=0 breach=1 end=
CBAP_MIG t=25795000 epoch=5159 flow=55 side=new cur=19576670951 next=20165908688 tgt=21031578946 f=0.405 u=0 breach=1 end=
CBAP_MIG t=25795000 epoch=5159 flow=57 side=new cur=19576670951 next=20165908688 tgt=21031578946 f=0.405 u=0 breach=1 end=
CBAP_MIG t=25795000 epoch=5159 flow=61 side=new cur=19576670951 next=20165908688 tgt=21031578946 f=0.405 u=0 breach=1 end=
CBAP_MIG t=25795000 epoch=5159 flow=64 side=new cur=19576670951 next=20165908688 tgt=21031578946 f=0.405 u=0 breach=1 end=
CBAP_MIG t=25800000 epoch=5160 flow=1 side=new cur=20165908688 next=20516505142 tgt=21031578946 f=0.405 u=0 breach=1 end=
CBAP_MIG t=25800000 epoch=5160 flow=2 side=new cur=20165908688 next=20516505142 tgt=21031578946 f=0.405 u=0 breach=1 end=
CBAP_MIG t=25800000 epoch=5160 flow=5 side=new cur=20165908688 next=20516505142 tgt=21031578946 f=0.405 u=0 breach=1 end=
CBAP_MIG t=25800000 epoch=5160 flow=7 side=new cur=20165908688 next=20516505142 tgt=21031578946 f=0.405 u=0 breach=1 end=
CBAP_MIG t=25800000 epoch=5160 flow=8 side=new cur=20165908688 next=20516505142 tgt=21031578946 f=0.405 u=0 breach=1 end=
CBAP_MIG t=25800000 epoch=5160 flow=12 side=new cur=20165908688 next=20516505142 tgt=21031578946 f=0.405 u=0 breach=1 end=
CBAP_MIG t=25800000 epoch=5160 flow=13 side=new cur=20165908688 next=20516505142 tgt=21031578946 f=0.405 u=0 breach=1 end=
CBAP_MIG t=25800000 epoch=5160 flow=21 side=new cur=20165908688 next=20516505142 tgt=21031578946 f=0.405 u=0 breach=1 end=
CBAP_MIG t=25800000 epoch=5160 flow=37 side=new cur=20165908688 next=20516505142 tgt=21031578946 f=0.405 u=0 breach=1 end=
CBAP_MIG t=25800000 epoch=5160 flow=39 side=new cur=20165908688 next=20516505142 tgt=21031578946 f=0.405 u=0 breach=1 end=
CBAP_MIG t=25800000 epoch=5160 flow=44 side=new cur=20165908688 next=20516505142 tgt=21031578946 f=0.405 u=0 breach=1 end=
CBAP_MIG t=25800000 epoch=5160 flow=45 side=new cur=20165908688 next=20516505142 tgt=21031578946 f=0.405 u=0 breach=1 end=
CBAP_MIG t=25800000 epoch=5160 flow=46 side=new cur=20165908688 next=20516505142 tgt=21031578946 f=0.405 u=0 breach=1 end=
CBAP_MIG t=25800000 epoch=5160 flow=49 side=new cur=20165908688 next=20516505142 tgt=21031578946 f=0.405 u=0 breach=1 end=
CBAP_MIG t=25800000 epoch=5160 flow=53 side=new cur=20165908688 next=20516505142 tgt=21031578946 f=0.405 u=0 breach=1 end=
CBAP_MIG t=25800000 epoch=5160 flow=55 side=new cur=20165908688 next=20516505142 tgt=21031578946 f=0.405 u=0 breach=1 end=
CBAP_MIG t=25800000 epoch=5160 flow=57 side=new cur=20165908688 next=20516505142 tgt=21031578946 f=0.405 u=0 breach=1 end=
CBAP_MIG t=25800000 epoch=5160 flow=61 side=new cur=20165908688 next=20516505142 tgt=21031578946 f=0.405 u=0 breach=1 end=
CBAP_MIG t=25800000 epoch=5160 flow=64 side=new cur=20165908688 next=20516505142 tgt=21031578946 f=0.405 u=0 breach=1 end=
CBAP_MIG t=25805000 epoch=5161 flow=1 side=new cur=20516505142 next=20725110032 tgt=21031578946 f=0.405 u=0 breach=1 end=
CBAP_MIG t=25805000 epoch=5161 flow=2 side=new cur=20516505142 next=20725110032 tgt=21031578946 f=0.405 u=0 breach=1 end=
CBAP_MIG t=25805000 epoch=5161 flow=5 side=new cur=20516505142 next=20725110032 tgt=21031578946 f=0.405 u=0 breach=1 end=
CBAP_MIG t=25805000 epoch=5161 flow=7 side=new cur=20516505142 next=20725110032 tgt=21031578946 f=0.405 u=0 breach=1 end=
CBAP_MIG t=25805000 epoch=5161 flow=8 side=new cur=20516505142 next=20725110032 tgt=21031578946 f=0.405 u=0 breach=1 end=
CBAP_MIG t=25805000 epoch=5161 flow=12 side=new cur=20516505142 next=20725110032 tgt=21031578946 f=0.405 u=0 breach=1 end=
CBAP_MIG t=25805000 epoch=5161 flow=13 side=new cur=20516505142 next=20725110032 tgt=21031578946 f=0.405 u=0 breach=1 end=
CBAP_MIG t=25805000 epoch=5161 flow=21 side=new cur=20516505142 next=20725110032 tgt=21031578946 f=0.405 u=0 breach=1 end=
CBAP_MIG t=25805000 epoch=5161 flow=37 side=new cur=20516505142 next=20725110032 tgt=21031578946 f=0.405 u=0 breach=1 end=
CBAP_MIG t=25805000 epoch=5161 flow=39 side=new cur=20516505142 next=20725110032 tgt=21031578946 f=0.405 u=0 breach=1 end=
CBAP_MIG t=25805000 epoch=5161 flow=44 side=new cur=20516505142 next=20725110032 tgt=21031578946 f=0.405 u=0 breach=1 end=
CBAP_MIG t=25805000 epoch=5161 flow=45 side=new cur=20516505142 next=20725110032 tgt=21031578946 f=0.405 u=0 breach=1 end=
CBAP_MIG t=25805000 epoch=5161 flow=46 side=new cur=20516505142 next=20725110032 tgt=21031578946 f=0.405 u=0 breach=1 end=
CBAP_MIG t=25805000 epoch=5161 flow=49 side=new cur=20516505142 next=20725110032 tgt=21031578946 f=0.405 u=0 breach=1 end=
CBAP_MIG t=25805000 epoch=5161 flow=53 side=new cur=20516505142 next=20725110032 tgt=21031578946 f=0.405 u=0 breach=1 end=
CBAP_MIG t=25805000 epoch=5161 flow=55 side=new cur=20516505142 next=20725110032 tgt=21031578946 f=0.405 u=0 breach=1 end=
CBAP_MIG t=25805000 epoch=5161 flow=57 side=new cur=20516505142 next=20725110032 tgt=21031578946 f=0.405 u=0 breach=1 end=
CBAP_MIG t=25805000 epoch=5161 flow=61 side=new cur=20516505142 next=20725110032 tgt=21031578946 f=0.405 u=0 breach=1 end=
CBAP_MIG t=25805000 epoch=5161 flow=64 side=new cur=20516505142 next=20725110032 tgt=21031578946 f=0.405 u=0 breach=1 end=
CBAP_MIG_REPLAN t=25810000 reason=active_set_shrank flow=0 batch=0 newest_batch=1 cur=4000000059 target=4000000000 ceiling=320000000000 old_side_present=1
CBAP_MIG_REPLAN t=25810000 reason=active_set_shrank flow=1 batch=1 newest_batch=1 cur=20725110032 target=23505882352 ceiling=400000000000 old_side_present=1
CBAP_MIG_REPLAN t=25810000 reason=active_set_shrank flow=2 batch=1 newest_batch=1 cur=20725110032 target=23505882352 ceiling=400000000000 old_side_present=1
CBAP_MIG_REPLAN t=25810000 reason=active_set_shrank flow=5 batch=1 newest_batch=1 cur=20725110032 target=23505882352 ceiling=400000000000 old_side_present=1
CBAP_MIG_REPLAN t=25810000 reason=active_set_shrank flow=7 batch=1 newest_batch=1 cur=20725110032 target=23505882352 ceiling=400000000000 old_side_present=1
CBAP_MIG_REPLAN t=25810000 reason=active_set_shrank flow=8 batch=1 newest_batch=1 cur=20725110032 target=23505882352 ceiling=400000000000 old_side_present=1
CBAP_MIG_REPLAN t=25810000 reason=active_set_shrank flow=12 batch=1 newest_batch=1 cur=20725110032 target=23505882352 ceiling=400000000000 old_side_present=1
CBAP_MIG_REPLAN t=25810000 reason=active_set_shrank flow=13 batch=1 newest_batch=1 cur=20725110032 target=23505882352 ceiling=400000000000 old_side_present=1
CBAP_MIG_REPLAN t=25810000 reason=active_set_shrank flow=39 batch=1 newest_batch=1 cur=20725110032 target=23505882352 ceiling=400000000000 old_side_present=1
CBAP_MIG_REPLAN t=25810000 reason=active_set_shrank flow=44 batch=1 newest_batch=1 cur=20725110032 target=23505882352 ceiling=400000000000 old_side_present=1
CBAP_MIG_REPLAN t=25810000 reason=active_set_shrank flow=45 batch=1 newest_batch=1 cur=20725110032 target=23505882352 ceiling=400000000000 old_side_present=1
CBAP_MIG_REPLAN t=25810000 reason=active_set_shrank flow=46 batch=1 newest_batch=1 cur=20725110032 target=23505882352 ceiling=400000000000 old_side_present=1
CBAP_MIG_REPLAN t=25810000 reason=active_set_shrank flow=49 batch=1 newest_batch=1 cur=20725110032 target=23505882352 ceiling=400000000000 old_side_present=1
CBAP_MIG_REPLAN t=25810000 reason=active_set_shrank flow=53 batch=1 newest_batch=1 cur=20725110032 target=23505882352 ceiling=400000000000 old_side_present=1
CBAP_MIG_REPLAN t=25810000 reason=active_set_shrank flow=55 batch=1 newest_batch=1 cur=20725110032 target=23505882352 ceiling=400000000000 old_side_present=1
CBAP_MIG_REPLAN t=25810000 reason=active_set_shrank flow=57 batch=1 newest_batch=1 cur=20725110032 target=23505882352 ceiling=400000000000 old_side_present=1
CBAP_MIG_REPLAN t=25810000 reason=active_set_shrank flow=61 batch=1 newest_batch=1 cur=20725110032 target=23505882352 ceiling=400000000000 old_side_present=1
CBAP_MIG_REPLAN t=25810000 reason=active_set_shrank flow=64 batch=1 newest_batch=1 cur=20725110032 target=23505882352 ceiling=400000000000 old_side_present=1
CBAP_MIG t=25810000 epoch=5162 flow=0 side=old cur=4000000059 next=4000000041 tgt=4000000000 f=0.3 u=0 breach=0 end=converged
CBAP_MIG t=25810000 epoch=5162 flow=1 side=new cur=20725110032 next=21851322821 tgt=23505882352 f=0.405 u=0 breach=1 end=
CBAP_MIG t=25810000 epoch=5162 flow=2 side=new cur=20725110032 next=21851322821 tgt=23505882352 f=0.405 u=0 breach=1 end=
CBAP_MIG t=25810000 epoch=5162 flow=5 side=new cur=20725110032 next=21851322821 tgt=23505882352 f=0.405 u=0 breach=1 end=
CBAP_MIG t=25810000 epoch=5162 flow=7 side=new cur=20725110032 next=21851322821 tgt=23505882352 f=0.405 u=0 breach=1 end=
CBAP_MIG t=25810000 epoch=5162 flow=8 side=new cur=20725110032 next=21851322821 tgt=23505882352 f=0.405 u=0 breach=1 end=
CBAP_MIG t=25810000 epoch=5162 flow=12 side=new cur=20725110032 next=21851322821 tgt=23505882352 f=0.405 u=0 breach=1 end=
CBAP_MIG t=25810000 epoch=5162 flow=13 side=new cur=20725110032 next=21851322821 tgt=23505882352 f=0.405 u=0 breach=1 end=
CBAP_MIG t=25810000 epoch=5162 flow=39 side=new cur=20725110032 next=21851322821 tgt=23505882352 f=0.405 u=0 breach=1 end=
CBAP_MIG t=25810000 epoch=5162 flow=44 side=new cur=20725110032 next=21851322821 tgt=23505882352 f=0.405 u=0 breach=1 end=
CBAP_MIG t=25810000 epoch=5162 flow=45 side=new cur=20725110032 next=21851322821 tgt=23505882352 f=0.405 u=0 breach=1 end=
CBAP_MIG t=25810000 epoch=5162 flow=46 side=new cur=20725110032 next=21851322821 tgt=23505882352 f=0.405 u=0 breach=1 end=
CBAP_MIG t=25810000 epoch=5162 flow=49 side=new cur=20725110032 next=21851322821 tgt=23505882352 f=0.405 u=0 breach=1 end=
CBAP_MIG t=25810000 epoch=5162 flow=53 side=new cur=20725110032 next=21851322821 tgt=23505882352 f=0.405 u=0 breach=1 end=
CBAP_MIG t=25810000 epoch=5162 flow=55 side=new cur=20725110032 next=21851322821 tgt=23505882352 f=0.405 u=0 breach=1 end=
CBAP_MIG t=25810000 epoch=5162 flow=57 side=new cur=20725110032 next=21851322821 tgt=23505882352 f=0.405 u=0 breach=1 end=
CBAP_MIG t=25810000 epoch=5162 flow=61 side=new cur=20725110032 next=21851322821 tgt=23505882352 f=0.405 u=0 breach=1 end=
CBAP_MIG t=25810000 epoch=5162 flow=64 side=new cur=20725110032 next=21851322821 tgt=23505882352 f=0.405 u=0 breach=1 end=
CBAP_MIG t=25815000 epoch=5163 flow=1 side=new cur=21851322821 next=22521419431 tgt=23505882352 f=0.405 u=0 breach=1 end=
CBAP_MIG t=25815000 epoch=5163 flow=2 side=new cur=21851322821 next=22521419431 tgt=23505882352 f=0.405 u=0 breach=1 end=
CBAP_MIG t=25815000 epoch=5163 flow=5 side=new cur=21851322821 next=22521419431 tgt=23505882352 f=0.405 u=0 breach=1 end=
CBAP_MIG t=25815000 epoch=5163 flow=7 side=new cur=21851322821 next=22521419431 tgt=23505882352 f=0.405 u=0 breach=1 end=
CBAP_MIG t=25815000 epoch=5163 flow=8 side=new cur=21851322821 next=22521419431 tgt=23505882352 f=0.405 u=0 breach=1 end=
CBAP_MIG t=25815000 epoch=5163 flow=12 side=new cur=21851322821 next=22521419431 tgt=23505882352 f=0.405 u=0 breach=1 end=
CBAP_MIG t=25815000 epoch=5163 flow=13 side=new cur=21851322821 next=22521419431 tgt=23505882352 f=0.405 u=0 breach=1 end=
CBAP_MIG t=25815000 epoch=5163 flow=39 side=new cur=21851322821 next=22521419431 tgt=23505882352 f=0.405 u=0 breach=1 end=
CBAP_MIG t=25815000 epoch=5163 flow=44 side=new cur=21851322821 next=22521419431 tgt=23505882352 f=0.405 u=0 breach=1 end=
CBAP_MIG t=25815000 epoch=5163 flow=45 side=new cur=21851322821 next=22521419431 tgt=23505882352 f=0.405 u=0 breach=1 end=
CBAP_MIG t=25815000 epoch=5163 flow=46 side=new cur=21851322821 next=22521419431 tgt=23505882352 f=0.405 u=0 breach=1 end=
CBAP_MIG t=25815000 epoch=5163 flow=49 side=new cur=21851322821 next=22521419431 tgt=23505882352 f=0.405 u=0 breach=1 end=
CBAP_MIG t=25815000 epoch=5163 flow=53 side=new cur=21851322821 next=22521419431 tgt=23505882352 f=0.405 u=0 breach=1 end=
CBAP_MIG t=25815000 epoch=5163 flow=55 side=new cur=21851322821 next=22521419431 tgt=23505882352 f=0.405 u=0 breach=1 end=
CBAP_MIG t=25815000 epoch=5163 flow=57 side=new cur=21851322821 next=22521419431 tgt=23505882352 f=0.405 u=0 breach=1 end=
CBAP_MIG t=25815000 epoch=5163 flow=61 side=new cur=21851322821 next=22521419431 tgt=23505882352 f=0.405 u=0 breach=1 end=
CBAP_MIG t=25815000 epoch=5163 flow=64 side=new cur=21851322821 next=22521419431 tgt=23505882352 f=0.405 u=0 breach=1 end=
CBAP_MIG t=25820000 epoch=5164 flow=1 side=new cur=22521419431 next=22920126914 tgt=23505882352 f=0.405 u=0 breach=1 end=
CBAP_MIG t=25820000 epoch=5164 flow=2 side=new cur=22521419431 next=22920126914 tgt=23505882352 f=0.405 u=0 breach=1 end=
CBAP_MIG t=25820000 epoch=5164 flow=5 side=new cur=22521419431 next=22920126914 tgt=23505882352 f=0.405 u=0 breach=1 end=
CBAP_MIG t=25820000 epoch=5164 flow=7 side=new cur=22521419431 next=22920126914 tgt=23505882352 f=0.405 u=0 breach=1 end=
CBAP_MIG t=25820000 epoch=5164 flow=8 side=new cur=22521419431 next=22920126914 tgt=23505882352 f=0.405 u=0 breach=1 end=
CBAP_MIG t=25820000 epoch=5164 flow=12 side=new cur=22521419431 next=22920126914 tgt=23505882352 f=0.405 u=0 breach=1 end=
CBAP_MIG t=25820000 epoch=5164 flow=13 side=new cur=22521419431 next=22920126914 tgt=23505882352 f=0.405 u=0 breach=1 end=
CBAP_MIG t=25820000 epoch=5164 flow=39 side=new cur=22521419431 next=22920126914 tgt=23505882352 f=0.405 u=0 breach=1 end=
CBAP_MIG t=25820000 epoch=5164 flow=44 side=new cur=22521419431 next=22920126914 tgt=23505882352 f=0.405 u=0 breach=1 end=
CBAP_MIG t=25820000 epoch=5164 flow=45 side=new cur=22521419431 next=22920126914 tgt=23505882352 f=0.405 u=0 breach=1 end=
CBAP_MIG t=25820000 epoch=5164 flow=46 side=new cur=22521419431 next=22920126914 tgt=23505882352 f=0.405 u=0 breach=1 end=
CBAP_MIG t=25820000 epoch=5164 flow=49 side=new cur=22521419431 next=22920126914 tgt=23505882352 f=0.405 u=0 breach=1 end=
CBAP_MIG t=25820000 epoch=5164 flow=53 side=new cur=22521419431 next=22920126914 tgt=23505882352 f=0.405 u=0 breach=1 end=
CBAP_MIG t=25820000 epoch=5164 flow=55 side=new cur=22521419431 next=22920126914 tgt=23505882352 f=0.405 u=0 breach=1 end=
CBAP_MIG t=25820000 epoch=5164 flow=57 side=new cur=22521419431 next=22920126914 tgt=23505882352 f=0.405 u=0 breach=1 end=
CBAP_MIG t=25820000 epoch=5164 flow=61 side=new cur=22521419431 next=22920126914 tgt=23505882352 f=0.405 u=0 breach=1 end=
CBAP_MIG t=25820000 epoch=5164 flow=64 side=new cur=22521419431 next=22920126914 tgt=23505882352 f=0.405 u=0 breach=1 end=
CBAP_MIG t=25825000 epoch=5165 flow=1 side=new cur=22920126914 next=23157357866 tgt=23505882352 f=0.405 u=0 breach=1 end=
CBAP_MIG t=25825000 epoch=5165 flow=2 side=new cur=22920126914 next=23157357866 tgt=23505882352 f=0.405 u=0 breach=1 end=
CBAP_MIG t=25825000 epoch=5165 flow=5 side=new cur=22920126914 next=23157357866 tgt=23505882352 f=0.405 u=0 breach=1 end=
CBAP_MIG t=25825000 epoch=5165 flow=7 side=new cur=22920126914 next=23157357866 tgt=23505882352 f=0.405 u=0 breach=1 end=
CBAP_MIG t=25825000 epoch=5165 flow=8 side=new cur=22920126914 next=23157357866 tgt=23505882352 f=0.405 u=0 breach=1 end=
CBAP_MIG t=25825000 epoch=5165 flow=12 side=new cur=22920126914 next=23157357866 tgt=23505882352 f=0.405 u=0 breach=1 end=
CBAP_MIG t=25825000 epoch=5165 flow=13 side=new cur=22920126914 next=23157357866 tgt=23505882352 f=0.405 u=0 breach=1 end=
CBAP_MIG t=25825000 epoch=5165 flow=39 side=new cur=22920126914 next=23157357866 tgt=23505882352 f=0.405 u=0 breach=1 end=
CBAP_MIG t=25825000 epoch=5165 flow=44 side=new cur=22920126914 next=23157357866 tgt=23505882352 f=0.405 u=0 breach=1 end=
CBAP_MIG t=25825000 epoch=5165 flow=45 side=new cur=22920126914 next=23157357866 tgt=23505882352 f=0.405 u=0 breach=1 end=
CBAP_MIG t=25825000 epoch=5165 flow=46 side=new cur=22920126914 next=23157357866 tgt=23505882352 f=0.405 u=0 breach=1 end=
CBAP_MIG t=25825000 epoch=5165 flow=49 side=new cur=22920126914 next=23157357866 tgt=23505882352 f=0.405 u=0 breach=1 end=
CBAP_MIG t=25825000 epoch=5165 flow=53 side=new cur=22920126914 next=23157357866 tgt=23505882352 f=0.405 u=0 breach=1 end=
CBAP_MIG t=25825000 epoch=5165 flow=55 side=new cur=22920126914 next=23157357866 tgt=23505882352 f=0.405 u=0 breach=1 end=
CBAP_MIG t=25825000 epoch=5165 flow=57 side=new cur=22920126914 next=23157357866 tgt=23505882352 f=0.405 u=0 breach=1 end=
CBAP_MIG t=25825000 epoch=5165 flow=61 side=new cur=22920126914 next=23157357866 tgt=23505882352 f=0.405 u=0 breach=1 end=
CBAP_MIG t=25825000 epoch=5165 flow=64 side=new cur=22920126914 next=23157357866 tgt=23505882352 f=0.405 u=0 breach=1 end=
CBAP_MIG_REPLAN t=25830000 reason=active_set_shrank flow=0 batch=0 newest_batch=1 cur=4000000041 target=4000000000 ceiling=320000000000 old_side_present=1
CBAP_MIG_REPLAN t=25830000 reason=active_set_shrank flow=1 batch=1 newest_batch=1 cur=23157357866 target=24974999999 ceiling=400000000000 old_side_present=1
CBAP_MIG_REPLAN t=25830000 reason=active_set_shrank flow=2 batch=1 newest_batch=1 cur=23157357866 target=24974999999 ceiling=400000000000 old_side_present=1
CBAP_MIG_REPLAN t=25830000 reason=active_set_shrank flow=5 batch=1 newest_batch=1 cur=23157357866 target=24974999999 ceiling=400000000000 old_side_present=1
CBAP_MIG_REPLAN t=25830000 reason=active_set_shrank flow=7 batch=1 newest_batch=1 cur=23157357866 target=24974999999 ceiling=400000000000 old_side_present=1
CBAP_MIG_REPLAN t=25830000 reason=active_set_shrank flow=8 batch=1 newest_batch=1 cur=23157357866 target=24974999999 ceiling=400000000000 old_side_present=1
CBAP_MIG_REPLAN t=25830000 reason=active_set_shrank flow=12 batch=1 newest_batch=1 cur=23157357866 target=24974999999 ceiling=400000000000 old_side_present=1
CBAP_MIG_REPLAN t=25830000 reason=active_set_shrank flow=13 batch=1 newest_batch=1 cur=23157357866 target=24974999999 ceiling=400000000000 old_side_present=1
CBAP_MIG_REPLAN t=25830000 reason=active_set_shrank flow=39 batch=1 newest_batch=1 cur=23157357866 target=24974999999 ceiling=400000000000 old_side_present=1
CBAP_MIG_REPLAN t=25830000 reason=active_set_shrank flow=44 batch=1 newest_batch=1 cur=23157357866 target=24974999999 ceiling=400000000000 old_side_present=1
CBAP_MIG_REPLAN t=25830000 reason=active_set_shrank flow=45 batch=1 newest_batch=1 cur=23157357866 target=24974999999 ceiling=400000000000 old_side_present=1
CBAP_MIG_REPLAN t=25830000 reason=active_set_shrank flow=49 batch=1 newest_batch=1 cur=23157357866 target=24974999999 ceiling=400000000000 old_side_present=1
CBAP_MIG_REPLAN t=25830000 reason=active_set_shrank flow=53 batch=1 newest_batch=1 cur=23157357866 target=24974999999 ceiling=400000000000 old_side_present=1
CBAP_MIG_REPLAN t=25830000 reason=active_set_shrank flow=55 batch=1 newest_batch=1 cur=23157357866 target=24974999999 ceiling=400000000000 old_side_present=1
CBAP_MIG_REPLAN t=25830000 reason=active_set_shrank flow=57 batch=1 newest_batch=1 cur=23157357866 target=24974999999 ceiling=400000000000 old_side_present=1
CBAP_MIG_REPLAN t=25830000 reason=active_set_shrank flow=61 batch=1 newest_batch=1 cur=23157357866 target=24974999999 ceiling=400000000000 old_side_present=1
CBAP_MIG_REPLAN t=25830000 reason=active_set_shrank flow=64 batch=1 newest_batch=1 cur=23157357866 target=24974999999 ceiling=400000000000 old_side_present=1
CBAP_MIG t=25830000 epoch=5166 flow=0 side=old cur=4000000041 next=4000000028 tgt=4000000000 f=0.3 u=0 breach=0 end=converged
CBAP_MIG t=25830000 epoch=5166 flow=1 side=new cur=23157357866 next=23893502929 tgt=24974999999 f=0.405 u=0 breach=1 end=
CBAP_MIG t=25830000 epoch=5166 flow=2 side=new cur=23157357866 next=23893502929 tgt=24974999999 f=0.405 u=0 breach=1 end=
CBAP_MIG t=25830000 epoch=5166 flow=5 side=new cur=23157357866 next=23893502929 tgt=24974999999 f=0.405 u=0 breach=1 end=
CBAP_MIG t=25830000 epoch=5166 flow=7 side=new cur=23157357866 next=23893502929 tgt=24974999999 f=0.405 u=0 breach=1 end=
CBAP_MIG t=25830000 epoch=5166 flow=8 side=new cur=23157357866 next=23893502929 tgt=24974999999 f=0.405 u=0 breach=1 end=
CBAP_MIG t=25830000 epoch=5166 flow=12 side=new cur=23157357866 next=23893502929 tgt=24974999999 f=0.405 u=0 breach=1 end=
CBAP_MIG t=25830000 epoch=5166 flow=13 side=new cur=23157357866 next=23893502929 tgt=24974999999 f=0.405 u=0 breach=1 end=
CBAP_MIG t=25830000 epoch=5166 flow=39 side=new cur=23157357866 next=23893502929 tgt=24974999999 f=0.405 u=0 breach=1 end=
CBAP_MIG t=25830000 epoch=5166 flow=44 side=new cur=23157357866 next=23893502929 tgt=24974999999 f=0.405 u=0 breach=1 end=
CBAP_MIG t=25830000 epoch=5166 flow=45 side=new cur=23157357866 next=23893502929 tgt=24974999999 f=0.405 u=0 breach=1 end=
CBAP_MIG t=25830000 epoch=5166 flow=49 side=new cur=23157357866 next=23893502929 tgt=24974999999 f=0.405 u=0 breach=1 end=
CBAP_MIG t=25830000 epoch=5166 flow=53 side=new cur=23157357866 next=23893502929 tgt=24974999999 f=0.405 u=0 breach=1 end=
CBAP_MIG t=25830000 epoch=5166 flow=55 side=new cur=23157357866 next=23893502929 tgt=24974999999 f=0.405 u=0 breach=1 end=
CBAP_MIG t=25830000 epoch=5166 flow=57 side=new cur=23157357866 next=23893502929 tgt=24974999999 f=0.405 u=0 breach=1 end=
CBAP_MIG t=25830000 epoch=5166 flow=61 side=new cur=23157357866 next=23893502929 tgt=24974999999 f=0.405 u=0 breach=1 end=
CBAP_MIG t=25830000 epoch=5166 flow=64 side=new cur=23157357866 next=23893502929 tgt=24974999999 f=0.405 u=0 breach=1 end=
CBAP_MIG_REPLAN t=25835000 reason=active_set_shrank flow=0 batch=0 newest_batch=1 cur=4000000028 target=4000000000 ceiling=320000000000 old_side_present=1
CBAP_MIG_REPLAN t=25835000 reason=active_set_shrank flow=1 batch=1 newest_batch=1 cur=23893502929 target=28542857142 ceiling=400000000000 old_side_present=1
CBAP_MIG_REPLAN t=25835000 reason=active_set_shrank flow=2 batch=1 newest_batch=1 cur=23893502929 target=28542857142 ceiling=400000000000 old_side_present=1
CBAP_MIG_REPLAN t=25835000 reason=active_set_shrank flow=5 batch=1 newest_batch=1 cur=23893502929 target=28542857142 ceiling=400000000000 old_side_present=1
CBAP_MIG_REPLAN t=25835000 reason=active_set_shrank flow=7 batch=1 newest_batch=1 cur=23893502929 target=28542857142 ceiling=400000000000 old_side_present=1
CBAP_MIG_REPLAN t=25835000 reason=active_set_shrank flow=8 batch=1 newest_batch=1 cur=23893502929 target=28542857142 ceiling=400000000000 old_side_present=1
CBAP_MIG_REPLAN t=25835000 reason=active_set_shrank flow=12 batch=1 newest_batch=1 cur=23893502929 target=28542857142 ceiling=400000000000 old_side_present=1
CBAP_MIG_REPLAN t=25835000 reason=active_set_shrank flow=13 batch=1 newest_batch=1 cur=23893502929 target=28542857142 ceiling=400000000000 old_side_present=1
CBAP_MIG_REPLAN t=25835000 reason=active_set_shrank flow=44 batch=1 newest_batch=1 cur=23893502929 target=28542857142 ceiling=400000000000 old_side_present=1
CBAP_MIG_REPLAN t=25835000 reason=active_set_shrank flow=49 batch=1 newest_batch=1 cur=23893502929 target=28542857142 ceiling=400000000000 old_side_present=1
CBAP_MIG_REPLAN t=25835000 reason=active_set_shrank flow=53 batch=1 newest_batch=1 cur=23893502929 target=28542857142 ceiling=400000000000 old_side_present=1
CBAP_MIG_REPLAN t=25835000 reason=active_set_shrank flow=55 batch=1 newest_batch=1 cur=23893502929 target=28542857142 ceiling=400000000000 old_side_present=1
CBAP_MIG_REPLAN t=25835000 reason=active_set_shrank flow=57 batch=1 newest_batch=1 cur=23893502929 target=28542857142 ceiling=400000000000 old_side_present=1
CBAP_MIG_REPLAN t=25835000 reason=active_set_shrank flow=61 batch=1 newest_batch=1 cur=23893502929 target=28542857142 ceiling=400000000000 old_side_present=1
CBAP_MIG_REPLAN t=25835000 reason=active_set_shrank flow=64 batch=1 newest_batch=1 cur=23893502929 target=28542857142 ceiling=400000000000 old_side_present=1
CBAP_MIG t=25835000 epoch=5167 flow=0 side=old cur=4000000028 next=4000000019 tgt=4000000000 f=0.3 u=0 breach=0 end=converged
CBAP_MIG t=25835000 epoch=5167 flow=1 side=new cur=23893502929 next=25776491385 tgt=28542857142 f=0.405 u=0 breach=1 end=
CBAP_MIG t=25835000 epoch=5167 flow=2 side=new cur=23893502929 next=25776491385 tgt=28542857142 f=0.405 u=0 breach=1 end=
CBAP_MIG t=25835000 epoch=5167 flow=5 side=new cur=23893502929 next=25776491385 tgt=28542857142 f=0.405 u=0 breach=1 end=
CBAP_MIG t=25835000 epoch=5167 flow=7 side=new cur=23893502929 next=25776491385 tgt=28542857142 f=0.405 u=0 breach=1 end=
CBAP_MIG t=25835000 epoch=5167 flow=8 side=new cur=23893502929 next=25776491385 tgt=28542857142 f=0.405 u=0 breach=1 end=
CBAP_MIG t=25835000 epoch=5167 flow=12 side=new cur=23893502929 next=25776491385 tgt=28542857142 f=0.405 u=0 breach=1 end=
CBAP_MIG t=25835000 epoch=5167 flow=13 side=new cur=23893502929 next=25776491385 tgt=28542857142 f=0.405 u=0 breach=1 end=
CBAP_MIG t=25835000 epoch=5167 flow=44 side=new cur=23893502929 next=25776491385 tgt=28542857142 f=0.405 u=0 breach=1 end=
CBAP_MIG t=25835000 epoch=5167 flow=49 side=new cur=23893502929 next=25776491385 tgt=28542857142 f=0.405 u=0 breach=1 end=
CBAP_MIG t=25835000 epoch=5167 flow=53 side=new cur=23893502929 next=25776491385 tgt=28542857142 f=0.405 u=0 breach=1 end=
CBAP_MIG t=25835000 epoch=5167 flow=55 side=new cur=23893502929 next=25776491385 tgt=28542857142 f=0.405 u=0 breach=1 end=
CBAP_MIG t=25835000 epoch=5167 flow=57 side=new cur=23893502929 next=25776491385 tgt=28542857142 f=0.405 u=0 breach=1 end=
CBAP_MIG t=25835000 epoch=5167 flow=61 side=new cur=23893502929 next=25776491385 tgt=28542857142 f=0.405 u=0 breach=1 end=
CBAP_MIG t=25835000 epoch=5167 flow=64 side=new cur=23893502929 next=25776491385 tgt=28542857142 f=0.405 u=0 breach=1 end=
CBAP_MIG t=25840000 epoch=5168 flow=1 side=new cur=25776491385 next=26896869516 tgt=28542857142 f=0.405 u=0 breach=1 end=
CBAP_MIG t=25840000 epoch=5168 flow=2 side=new cur=25776491385 next=26896869516 tgt=28542857142 f=0.405 u=0 breach=1 end=
CBAP_MIG t=25840000 epoch=5168 flow=5 side=new cur=25776491385 next=26896869516 tgt=28542857142 f=0.405 u=0 breach=1 end=
CBAP_MIG t=25840000 epoch=5168 flow=7 side=new cur=25776491385 next=26896869516 tgt=28542857142 f=0.405 u=0 breach=1 end=
CBAP_MIG t=25840000 epoch=5168 flow=8 side=new cur=25776491385 next=26896869516 tgt=28542857142 f=0.405 u=0 breach=1 end=
CBAP_MIG t=25840000 epoch=5168 flow=12 side=new cur=25776491385 next=26896869516 tgt=28542857142 f=0.405 u=0 breach=1 end=
CBAP_MIG t=25840000 epoch=5168 flow=13 side=new cur=25776491385 next=26896869516 tgt=28542857142 f=0.405 u=0 breach=1 end=
CBAP_MIG t=25840000 epoch=5168 flow=44 side=new cur=25776491385 next=26896869516 tgt=28542857142 f=0.405 u=0 breach=1 end=
CBAP_MIG t=25840000 epoch=5168 flow=49 side=new cur=25776491385 next=26896869516 tgt=28542857142 f=0.405 u=0 breach=1 end=
CBAP_MIG t=25840000 epoch=5168 flow=53 side=new cur=25776491385 next=26896869516 tgt=28542857142 f=0.405 u=0 breach=1 end=
CBAP_MIG t=25840000 epoch=5168 flow=55 side=new cur=25776491385 next=26896869516 tgt=28542857142 f=0.405 u=0 breach=1 end=
CBAP_MIG t=25840000 epoch=5168 flow=57 side=new cur=25776491385 next=26896869516 tgt=28542857142 f=0.405 u=0 breach=1 end=
CBAP_MIG t=25840000 epoch=5168 flow=61 side=new cur=25776491385 next=26896869516 tgt=28542857142 f=0.405 u=0 breach=1 end=
CBAP_MIG t=25840000 epoch=5168 flow=64 side=new cur=25776491385 next=26896869516 tgt=28542857142 f=0.405 u=0 breach=1 end=
CBAP_MIG_REPLAN t=25845000 reason=active_set_shrank flow=0 batch=0 newest_batch=1 cur=4000000019 target=4000000000 ceiling=320000000000 old_side_present=1
CBAP_MIG_REPLAN t=25845000 reason=active_set_shrank flow=1 batch=1 newest_batch=1 cur=26896869516 target=30738461538 ceiling=400000000000 old_side_present=1
CBAP_MIG_REPLAN t=25845000 reason=active_set_shrank flow=2 batch=1 newest_batch=1 cur=26896869516 target=30738461538 ceiling=400000000000 old_side_present=1
CBAP_MIG_REPLAN t=25845000 reason=active_set_shrank flow=5 batch=1 newest_batch=1 cur=26896869516 target=30738461538 ceiling=400000000000 old_side_present=1
CBAP_MIG_REPLAN t=25845000 reason=active_set_shrank flow=7 batch=1 newest_batch=1 cur=26896869516 target=30738461538 ceiling=400000000000 old_side_present=1
CBAP_MIG_REPLAN t=25845000 reason=active_set_shrank flow=8 batch=1 newest_batch=1 cur=26896869516 target=30738461538 ceiling=400000000000 old_side_present=1
CBAP_MIG_REPLAN t=25845000 reason=active_set_shrank flow=12 batch=1 newest_batch=1 cur=26896869516 target=30738461538 ceiling=400000000000 old_side_present=1
CBAP_MIG_REPLAN t=25845000 reason=active_set_shrank flow=13 batch=1 newest_batch=1 cur=26896869516 target=30738461538 ceiling=400000000000 old_side_present=1
CBAP_MIG_REPLAN t=25845000 reason=active_set_shrank flow=44 batch=1 newest_batch=1 cur=26896869516 target=30738461538 ceiling=400000000000 old_side_present=1
CBAP_MIG_REPLAN t=25845000 reason=active_set_shrank flow=49 batch=1 newest_batch=1 cur=26896869516 target=30738461538 ceiling=400000000000 old_side_present=1
CBAP_MIG_REPLAN t=25845000 reason=active_set_shrank flow=53 batch=1 newest_batch=1 cur=26896869516 target=30738461538 ceiling=400000000000 old_side_present=1
CBAP_MIG_REPLAN t=25845000 reason=active_set_shrank flow=55 batch=1 newest_batch=1 cur=26896869516 target=30738461538 ceiling=400000000000 old_side_present=1
CBAP_MIG_REPLAN t=25845000 reason=active_set_shrank flow=61 batch=1 newest_batch=1 cur=26896869516 target=30738461538 ceiling=400000000000 old_side_present=1
CBAP_MIG_REPLAN t=25845000 reason=active_set_shrank flow=64 batch=1 newest_batch=1 cur=26896869516 target=30738461538 ceiling=400000000000 old_side_present=1
CBAP_MIG t=25845000 epoch=5169 flow=0 side=old cur=4000000019 next=4000000013 tgt=4000000000 f=0.3 u=0 breach=0 end=converged
CBAP_MIG t=25845000 epoch=5169 flow=1 side=new cur=26896869516 next=28452714284 tgt=30738461538 f=0.405 u=0 breach=1 end=
CBAP_MIG t=25845000 epoch=5169 flow=2 side=new cur=26896869516 next=28452714284 tgt=30738461538 f=0.405 u=0 breach=1 end=
CBAP_MIG t=25845000 epoch=5169 flow=5 side=new cur=26896869516 next=28452714284 tgt=30738461538 f=0.405 u=0 breach=1 end=
CBAP_MIG t=25845000 epoch=5169 flow=7 side=new cur=26896869516 next=28452714284 tgt=30738461538 f=0.405 u=0 breach=1 end=
CBAP_MIG t=25845000 epoch=5169 flow=8 side=new cur=26896869516 next=28452714284 tgt=30738461538 f=0.405 u=0 breach=1 end=
CBAP_MIG t=25845000 epoch=5169 flow=12 side=new cur=26896869516 next=28452714284 tgt=30738461538 f=0.405 u=0 breach=1 end=
CBAP_MIG t=25845000 epoch=5169 flow=13 side=new cur=26896869516 next=28452714284 tgt=30738461538 f=0.405 u=0 breach=1 end=
CBAP_MIG t=25845000 epoch=5169 flow=44 side=new cur=26896869516 next=28452714284 tgt=30738461538 f=0.405 u=0 breach=1 end=
CBAP_MIG t=25845000 epoch=5169 flow=49 side=new cur=26896869516 next=28452714284 tgt=30738461538 f=0.405 u=0 breach=1 end=
CBAP_MIG t=25845000 epoch=5169 flow=53 side=new cur=26896869516 next=28452714284 tgt=30738461538 f=0.405 u=0 breach=1 end=
CBAP_MIG t=25845000 epoch=5169 flow=55 side=new cur=26896869516 next=28452714284 tgt=30738461538 f=0.405 u=0 breach=1 end=
CBAP_MIG t=25845000 epoch=5169 flow=61 side=new cur=26896869516 next=28452714284 tgt=30738461538 f=0.405 u=0 breach=1 end=
CBAP_MIG t=25845000 epoch=5169 flow=64 side=new cur=26896869516 next=28452714284 tgt=30738461538 f=0.405 u=0 breach=1 end=
CBAP_MIG_REPLAN t=25850000 reason=active_set_shrank flow=0 batch=0 newest_batch=1 cur=4000000013 target=4000000000 ceiling=320000000000 old_side_present=1
CBAP_MIG_REPLAN t=25850000 reason=active_set_shrank flow=2 batch=1 newest_batch=1 cur=28452714284 target=36327272727 ceiling=400000000000 old_side_present=1
CBAP_MIG_REPLAN t=25850000 reason=active_set_shrank flow=5 batch=1 newest_batch=1 cur=28452714284 target=36327272727 ceiling=400000000000 old_side_present=1
CBAP_MIG_REPLAN t=25850000 reason=active_set_shrank flow=7 batch=1 newest_batch=1 cur=28452714284 target=36327272727 ceiling=400000000000 old_side_present=1
CBAP_MIG_REPLAN t=25850000 reason=active_set_shrank flow=8 batch=1 newest_batch=1 cur=28452714284 target=36327272727 ceiling=400000000000 old_side_present=1
CBAP_MIG_REPLAN t=25850000 reason=active_set_shrank flow=12 batch=1 newest_batch=1 cur=28452714284 target=36327272727 ceiling=400000000000 old_side_present=1
CBAP_MIG_REPLAN t=25850000 reason=active_set_shrank flow=13 batch=1 newest_batch=1 cur=28452714284 target=36327272727 ceiling=400000000000 old_side_present=1
CBAP_MIG_REPLAN t=25850000 reason=active_set_shrank flow=49 batch=1 newest_batch=1 cur=28452714284 target=36327272727 ceiling=400000000000 old_side_present=1
CBAP_MIG_REPLAN t=25850000 reason=active_set_shrank flow=53 batch=1 newest_batch=1 cur=28452714284 target=36327272727 ceiling=400000000000 old_side_present=1
CBAP_MIG_REPLAN t=25850000 reason=active_set_shrank flow=55 batch=1 newest_batch=1 cur=28452714284 target=36327272727 ceiling=400000000000 old_side_present=1
CBAP_MIG_REPLAN t=25850000 reason=active_set_shrank flow=61 batch=1 newest_batch=1 cur=28452714284 target=36327272727 ceiling=400000000000 old_side_present=1
CBAP_MIG_REPLAN t=25850000 reason=active_set_shrank flow=64 batch=1 newest_batch=1 cur=28452714284 target=36327272727 ceiling=400000000000 old_side_present=1
CBAP_MIG t=25850000 epoch=5170 flow=0 side=old cur=4000000013 next=4000000009 tgt=4000000000 f=0.3 u=0 breach=0 end=converged
CBAP_MIG t=25850000 epoch=5170 flow=2 side=new cur=28452714284 next=31641910453 tgt=36327272727 f=0.405 u=0 breach=1 end=
CBAP_MIG t=25850000 epoch=5170 flow=5 side=new cur=28452714284 next=31641910453 tgt=36327272727 f=0.405 u=0 breach=1 end=
CBAP_MIG t=25850000 epoch=5170 flow=7 side=new cur=28452714284 next=31641910453 tgt=36327272727 f=0.405 u=0 breach=1 end=
CBAP_MIG t=25850000 epoch=5170 flow=8 side=new cur=28452714284 next=31641910453 tgt=36327272727 f=0.405 u=0 breach=1 end=
CBAP_MIG t=25850000 epoch=5170 flow=12 side=new cur=28452714284 next=31641910453 tgt=36327272727 f=0.405 u=0 breach=1 end=
CBAP_MIG t=25850000 epoch=5170 flow=13 side=new cur=28452714284 next=31641910453 tgt=36327272727 f=0.405 u=0 breach=1 end=
CBAP_MIG t=25850000 epoch=5170 flow=49 side=new cur=28452714284 next=31641910453 tgt=36327272727 f=0.405 u=0 breach=1 end=
CBAP_MIG t=25850000 epoch=5170 flow=53 side=new cur=28452714284 next=31641910453 tgt=36327272727 f=0.405 u=0 breach=1 end=
CBAP_MIG t=25850000 epoch=5170 flow=55 side=new cur=28452714284 next=31641910453 tgt=36327272727 f=0.405 u=0 breach=1 end=
CBAP_MIG t=25850000 epoch=5170 flow=61 side=new cur=28452714284 next=31641910453 tgt=36327272727 f=0.405 u=0 breach=1 end=
CBAP_MIG t=25850000 epoch=5170 flow=64 side=new cur=28452714284 next=31641910453 tgt=36327272727 f=0.405 u=0 breach=1 end=
CBAP_MIG_REPLAN t=25855000 reason=active_set_shrank flow=0 batch=0 newest_batch=1 cur=4000000009 target=4000000000 ceiling=320000000000 old_side_present=1
CBAP_MIG_REPLAN t=25855000 reason=active_set_shrank flow=2 batch=1 newest_batch=1 cur=31641910453 target=44400000000 ceiling=400000000000 old_side_present=1
CBAP_MIG_REPLAN t=25855000 reason=active_set_shrank flow=5 batch=1 newest_batch=1 cur=31641910453 target=44400000000 ceiling=400000000000 old_side_present=1
CBAP_MIG_REPLAN t=25855000 reason=active_set_shrank flow=7 batch=1 newest_batch=1 cur=31641910453 target=44400000000 ceiling=400000000000 old_side_present=1
CBAP_MIG_REPLAN t=25855000 reason=active_set_shrank flow=12 batch=1 newest_batch=1 cur=31641910453 target=44400000000 ceiling=400000000000 old_side_present=1
CBAP_MIG_REPLAN t=25855000 reason=active_set_shrank flow=13 batch=1 newest_batch=1 cur=31641910453 target=44400000000 ceiling=400000000000 old_side_present=1
CBAP_MIG_REPLAN t=25855000 reason=active_set_shrank flow=49 batch=1 newest_batch=1 cur=31641910453 target=44400000000 ceiling=400000000000 old_side_present=1
CBAP_MIG_REPLAN t=25855000 reason=active_set_shrank flow=53 batch=1 newest_batch=1 cur=31641910453 target=44400000000 ceiling=400000000000 old_side_present=1
CBAP_MIG_REPLAN t=25855000 reason=active_set_shrank flow=55 batch=1 newest_batch=1 cur=31641910453 target=44400000000 ceiling=400000000000 old_side_present=1
CBAP_MIG_REPLAN t=25855000 reason=active_set_shrank flow=64 batch=1 newest_batch=1 cur=31641910453 target=44400000000 ceiling=400000000000 old_side_present=1
CBAP_MIG t=25855000 epoch=5171 flow=0 side=old cur=4000000009 next=4000000006 tgt=4000000000 f=0.3 u=0 breach=0 end=converged
CBAP_MIG t=25855000 epoch=5171 flow=2 side=new cur=31641910453 next=36808936719 tgt=44400000000 f=0.405 u=0 breach=1 end=
CBAP_MIG t=25855000 epoch=5171 flow=5 side=new cur=31641910453 next=36808936719 tgt=44400000000 f=0.405 u=0 breach=1 end=
CBAP_MIG t=25855000 epoch=5171 flow=7 side=new cur=31641910453 next=36808936719 tgt=44400000000 f=0.405 u=0 breach=1 end=
CBAP_MIG t=25855000 epoch=5171 flow=12 side=new cur=31641910453 next=36808936719 tgt=44400000000 f=0.405 u=0 breach=1 end=
CBAP_MIG t=25855000 epoch=5171 flow=13 side=new cur=31641910453 next=36808936719 tgt=44400000000 f=0.405 u=0 breach=1 end=
CBAP_MIG t=25855000 epoch=5171 flow=49 side=new cur=31641910453 next=36808936719 tgt=44400000000 f=0.405 u=0 breach=1 end=
CBAP_MIG t=25855000 epoch=5171 flow=53 side=new cur=31641910453 next=36808936719 tgt=44400000000 f=0.405 u=0 breach=1 end=
CBAP_MIG t=25855000 epoch=5171 flow=55 side=new cur=31641910453 next=36808936719 tgt=44400000000 f=0.405 u=0 breach=1 end=
CBAP_MIG t=25855000 epoch=5171 flow=64 side=new cur=31641910453 next=36808936719 tgt=44400000000 f=0.405 u=0 breach=1 end=
CBAP_MIG_REPLAN t=25860000 reason=active_set_shrank flow=0 batch=0 newest_batch=1 cur=4000000006 target=4000000000 ceiling=320000000000 old_side_present=1
CBAP_MIG_REPLAN t=25860000 reason=active_set_shrank flow=2 batch=1 newest_batch=1 cur=36808936719 target=49950000000 ceiling=400000000000 old_side_present=1
CBAP_MIG_REPLAN t=25860000 reason=active_set_shrank flow=5 batch=1 newest_batch=1 cur=36808936719 target=49950000000 ceiling=400000000000 old_side_present=1
CBAP_MIG_REPLAN t=25860000 reason=active_set_shrank flow=7 batch=1 newest_batch=1 cur=36808936719 target=49950000000 ceiling=400000000000 old_side_present=1
CBAP_MIG_REPLAN t=25860000 reason=active_set_shrank flow=13 batch=1 newest_batch=1 cur=36808936719 target=49950000000 ceiling=400000000000 old_side_present=1
CBAP_MIG_REPLAN t=25860000 reason=active_set_shrank flow=49 batch=1 newest_batch=1 cur=36808936719 target=49950000000 ceiling=400000000000 old_side_present=1
CBAP_MIG_REPLAN t=25860000 reason=active_set_shrank flow=53 batch=1 newest_batch=1 cur=36808936719 target=49950000000 ceiling=400000000000 old_side_present=1
CBAP_MIG_REPLAN t=25860000 reason=active_set_shrank flow=55 batch=1 newest_batch=1 cur=36808936719 target=49950000000 ceiling=400000000000 old_side_present=1
CBAP_MIG_REPLAN t=25860000 reason=active_set_shrank flow=64 batch=1 newest_batch=1 cur=36808936719 target=49950000000 ceiling=400000000000 old_side_present=1
CBAP_MIG t=25860000 epoch=5172 flow=0 side=old cur=4000000006 next=4000000004 tgt=4000000000 f=0.3 u=0 breach=0 end=converged
CBAP_MIG t=25860000 epoch=5172 flow=2 side=new cur=36808936719 next=42131067347 tgt=49950000000 f=0.405 u=0 breach=1 end=
CBAP_MIG t=25860000 epoch=5172 flow=5 side=new cur=36808936719 next=42131067347 tgt=49950000000 f=0.405 u=0 breach=1 end=
CBAP_MIG t=25860000 epoch=5172 flow=7 side=new cur=36808936719 next=42131067347 tgt=49950000000 f=0.405 u=0 breach=1 end=
CBAP_MIG t=25860000 epoch=5172 flow=13 side=new cur=36808936719 next=42131067347 tgt=49950000000 f=0.405 u=0 breach=1 end=
CBAP_MIG t=25860000 epoch=5172 flow=49 side=new cur=36808936719 next=42131067347 tgt=49950000000 f=0.405 u=0 breach=1 end=
CBAP_MIG t=25860000 epoch=5172 flow=53 side=new cur=36808936719 next=42131067347 tgt=49950000000 f=0.405 u=0 breach=1 end=
CBAP_MIG t=25860000 epoch=5172 flow=55 side=new cur=36808936719 next=42131067347 tgt=49950000000 f=0.405 u=0 breach=1 end=
CBAP_MIG t=25860000 epoch=5172 flow=64 side=new cur=36808936719 next=42131067347 tgt=49950000000 f=0.405 u=0 breach=1 end=
CBAP_MIG_REPLAN t=25865000 reason=active_set_shrank flow=0 batch=0 newest_batch=1 cur=4000000004 target=4000000000 ceiling=320000000000 old_side_present=1
CBAP_MIG_REPLAN t=25865000 reason=active_set_shrank flow=2 batch=1 newest_batch=1 cur=42131067347 target=66600000000 ceiling=400000000000 old_side_present=1
CBAP_MIG_REPLAN t=25865000 reason=active_set_shrank flow=5 batch=1 newest_batch=1 cur=42131067347 target=66600000000 ceiling=400000000000 old_side_present=1
CBAP_MIG_REPLAN t=25865000 reason=active_set_shrank flow=7 batch=1 newest_batch=1 cur=42131067347 target=66600000000 ceiling=400000000000 old_side_present=1
CBAP_MIG_REPLAN t=25865000 reason=active_set_shrank flow=49 batch=1 newest_batch=1 cur=42131067347 target=66600000000 ceiling=400000000000 old_side_present=1
CBAP_MIG_REPLAN t=25865000 reason=active_set_shrank flow=53 batch=1 newest_batch=1 cur=42131067347 target=66600000000 ceiling=400000000000 old_side_present=1
CBAP_MIG_REPLAN t=25865000 reason=active_set_shrank flow=55 batch=1 newest_batch=1 cur=42131067347 target=66600000000 ceiling=400000000000 old_side_present=1
CBAP_MIG t=25865000 epoch=5173 flow=0 side=old cur=4000000004 next=4000000002 tgt=4000000000 f=0.3 u=0 breach=0 end=converged
CBAP_MIG t=25865000 epoch=5173 flow=2 side=new cur=42131067347 next=52040985071 tgt=66600000000 f=0.405 u=0 breach=1 end=
CBAP_MIG t=25865000 epoch=5173 flow=5 side=new cur=42131067347 next=52040985071 tgt=66600000000 f=0.405 u=0 breach=1 end=
CBAP_MIG t=25865000 epoch=5173 flow=7 side=new cur=42131067347 next=52040985071 tgt=66600000000 f=0.405 u=0 breach=1 end=
CBAP_MIG t=25865000 epoch=5173 flow=49 side=new cur=42131067347 next=52040985071 tgt=66600000000 f=0.405 u=0 breach=1 end=
CBAP_MIG t=25865000 epoch=5173 flow=53 side=new cur=42131067347 next=52040985071 tgt=66600000000 f=0.405 u=0 breach=1 end=
CBAP_MIG t=25865000 epoch=5173 flow=55 side=new cur=42131067347 next=52040985071 tgt=66600000000 f=0.405 u=0 breach=1 end=
CBAP_MIG_REPLAN t=25870000 reason=active_set_shrank flow=0 batch=0 newest_batch=1 cur=4000000002 target=4000000000 ceiling=320000000000 old_side_present=1
CBAP_MIG_REPLAN t=25870000 reason=active_set_shrank flow=2 batch=1 newest_batch=1 cur=52040985071 target=99900000000 ceiling=400000000000 old_side_present=1
CBAP_MIG_REPLAN t=25870000 reason=active_set_shrank flow=7 batch=1 newest_batch=1 cur=52040985071 target=99900000000 ceiling=400000000000 old_side_present=1
CBAP_MIG_REPLAN t=25870000 reason=active_set_shrank flow=49 batch=1 newest_batch=1 cur=52040985071 target=99900000000 ceiling=400000000000 old_side_present=1
CBAP_MIG_REPLAN t=25870000 reason=active_set_shrank flow=55 batch=1 newest_batch=1 cur=52040985071 target=99900000000 ceiling=400000000000 old_side_present=1
CBAP_MIG t=25870000 epoch=5174 flow=0 side=old cur=4000000002 next=4000000001 tgt=4000000000 f=0.3 u=0 breach=0 end=converged
CBAP_MIG t=25870000 epoch=5174 flow=2 side=new cur=52040985071 next=71423886117 tgt=99900000000 f=0.405 u=0 breach=1 end=
CBAP_MIG t=25870000 epoch=5174 flow=7 side=new cur=52040985071 next=71423886117 tgt=99900000000 f=0.405 u=0 breach=1 end=
CBAP_MIG t=25870000 epoch=5174 flow=49 side=new cur=52040985071 next=71423886117 tgt=99900000000 f=0.405 u=0 breach=1 end=
CBAP_MIG t=25870000 epoch=5174 flow=55 side=new cur=52040985071 next=71423886117 tgt=99900000000 f=0.405 u=0 breach=1 end=
CBAP_MIG_REPLAN t=25875000 reason=active_set_shrank flow=0 batch=0 newest_batch=1 cur=4000000001 target=4000000000 ceiling=320000000000 old_side_present=1
CBAP_MIG_REPLAN t=25875000 reason=active_set_shrank flow=7 batch=1 newest_batch=1 cur=71423886117 target=133200000000 ceiling=400000000000 old_side_present=1
CBAP_MIG_REPLAN t=25875000 reason=active_set_shrank flow=49 batch=1 newest_batch=1 cur=71423886117 target=133200000000 ceiling=400000000000 old_side_present=1
CBAP_MIG_REPLAN t=25875000 reason=active_set_shrank flow=55 batch=1 newest_batch=1 cur=71423886117 target=133200000000 ceiling=400000000000 old_side_present=1
CBAP_MIG t=25875000 epoch=5175 flow=0 side=old cur=4000000001 next=4000000000 tgt=4000000000 f=0.3 u=0 breach=0 end=converged
CBAP_MIG t=25875000 epoch=5175 flow=7 side=new cur=71423886117 next=96443212239 tgt=133200000000 f=0.405 u=0 breach=1 end=
CBAP_MIG t=25875000 epoch=5175 flow=49 side=new cur=71423886117 next=96443212239 tgt=133200000000 f=0.405 u=0 breach=1 end=
CBAP_MIG t=25875000 epoch=5175 flow=55 side=new cur=71423886117 next=96443212239 tgt=133200000000 f=0.405 u=0 breach=1 end=
CBAP_MIG t=25880000 epoch=5176 flow=7 side=new cur=96443212239 next=111329711282 tgt=133200000000 f=0.405 u=0 breach=1 end=
CBAP_MIG t=25880000 epoch=5176 flow=49 side=new cur=96443212239 next=111329711282 tgt=133200000000 f=0.405 u=0 breach=1 end=
CBAP_MIG t=25880000 epoch=5176 flow=55 side=new cur=96443212239 next=111329711282 tgt=133200000000 f=0.405 u=0 breach=1 end=
CBAP_MIG_REPLAN t=25885000 reason=active_set_shrank flow=0 batch=0 newest_batch=1 cur=4000000000 target=4000000000 ceiling=320000000000 old_side_present=1
CBAP_MIG_REPLAN t=25885000 reason=active_set_shrank flow=7 batch=1 newest_batch=1 cur=111329711282 target=199800000000 ceiling=400000000000 old_side_present=1
CBAP_MIG_REPLAN t=25885000 reason=active_set_shrank flow=55 batch=1 newest_batch=1 cur=111329711282 target=199800000000 ceiling=400000000000 old_side_present=1
CBAP_MIG t=25885000 epoch=5177 flow=0 side=old cur=4000000000 next=4000000000 tgt=4000000000 f=0.405 u=0 breach=0 end=converged
CBAP_MIG t=25885000 epoch=5177 flow=7 side=new cur=111329711282 next=147160178212 tgt=199800000000 f=0.405 u=0 breach=1 end=
CBAP_MIG t=25885000 epoch=5177 flow=55 side=new cur=111329711282 next=147160178212 tgt=199800000000 f=0.405 u=0 breach=1 end=
CBAP_MIG t=25890000 epoch=5178 flow=7 side=new cur=147160178212 next=168479306036 tgt=199800000000 f=0.405 u=0 breach=1 end=
CBAP_MIG t=25890000 epoch=5178 flow=55 side=new cur=147160178212 next=168479306036 tgt=199800000000 f=0.405 u=0 breach=1 end=
CBAP_MIG_REPLAN t=25895000 reason=active_set_shrank flow=0 batch=0 newest_batch=1 cur=4000000000 target=4000000000 ceiling=320000000000 old_side_present=1
CBAP_MIG_REPLAN t=25895000 reason=active_set_shrank flow=55 batch=1 newest_batch=1 cur=168479306036 target=399600000001 ceiling=400000000000 old_side_present=1
CBAP_MIG t=25895000 epoch=5179 flow=0 side=old cur=4000000000 next=4000000000 tgt=4000000000 f=0.405 u=0 breach=0 end=converged
CBAP_MIG t=25895000 epoch=5179 flow=55 side=new cur=168479306036 next=262083187091 tgt=399600000001 f=0.405 u=0 breach=1 end=
CBAP_MIG_REPLAN t=25900000 reason=active_set_shrank flow=0 batch=0 newest_batch=0 cur=4000000000 target=320000000000 ceiling=320000000000 old_side_present=0
CBAP_MIG t=25900000 epoch=5180 flow=0 side=new cur=4000000000 next=131979999999 tgt=320000000000 f=0.405 u=0 breach=0 end=
CBAP_MIG t=25905000 epoch=5181 flow=0 side=new cur=131979999999 next=208128099999 tgt=320000000000 f=0.405 u=0 breach=0 end=
CBAP_MIG t=25910000 epoch=5182 flow=0 side=new cur=208128099999 next=253436219499 tgt=320000000000 f=0.405 u=0 breach=0 end=
CBAP_MIG t=25915000 epoch=5183 flow=0 side=new cur=253436219499 next=280394550601 tgt=320000000000 f=0.405 u=0 breach=0 end=
CBAP_MIG t=25920000 epoch=5184 flow=0 side=new cur=280394550601 next=296434757607 tgt=320000000000 f=0.405 u=0 breach=0 end=
CBAP_MIG t=25925000 epoch=5185 flow=0 side=new cur=296434757607 next=305978680776 tgt=320000000000 f=0.405 u=0 breach=0 end=
CBAP_MIG t=25930000 epoch=5186 flow=0 side=new cur=305978680776 next=311657315061 tgt=320000000000 f=0.405 u=0 breach=0 end=
CBAP_MIG t=25935000 epoch=5187 flow=0 side=new cur=311657315061 next=315036102461 tgt=320000000000 f=0.405 u=0 breach=0 end=
CBAP_MIG t=25940000 epoch=5188 flow=0 side=new cur=315036102461 next=317046480964 tgt=320000000000 f=0.405 u=0 breach=0 end=converged
123.98
