ENABLE_QCN			Yes
USE_DYNAMIC_PFC_THRESHOLD	Yes
CLAMP_TARGET_RATE		No
PAUSE_TIME			5
DATA_RATE			10Gbps
LINK_DELAY			0.001ms
PACKET_PAYLOAD_SIZE		952
L2_CHUNK_SIZE			4000
L2_ACK_INTERVAL			1
L2_BACK_TO_ZERO			No
TOPOLOGY_FILE			/work/v2_400g/configs/topo_400g.txt
FLOW_FILE			/work/v2_400g/configs/scrv2_d16_b060_flow.txt
TRACE_FILE			/work/v2_400g/results/scrv2_d16_b060/s1_trace.txt
TRACE_OUTPUT_FILE		/work/v2_400g/results/scrv2_d16_b060/trace_output.txt
SIMULATOR_STOP_TIME		0.088
CC_MODE		30
ALPHA_RESUME_INTERVAL		55
RATE_DECREASE_INTERVAL		4
RP_TIMER			300
EWMA_GAIN			0.00390625
FAST_RECOVERY_TIMES		5
RATE_AI				50Mb/s
RATE_HAI			100Mb/s
MIN_RATE		4000Mb/s
DCTCP_RATE_AI				1000Mb/s
ERROR_RATE_PER_LINK		0
HAS_WIN		1
GLOBAL_T		1
MI_THRESH		5
VAR_WIN		0
FAST_REACT		1
U_TARGET		0.95
INT_MULTI				1
RATE_BOUND		1
ACK_HIGH_PRIO		0
LINK_DOWN				0 0 0
ENABLE_TRACE				0
BUFFER_SIZE				64
QLEN_MON_FILE				/dev/null
QLEN_MON_START				0
QLEN_MON_END				88197001
KMAX_MAP				 400000000000 1600
KMIN_MAP				 400000000000 400
PMAX_MAP				 400000000000 0.2
MULTI_RATE				1
SAMPLE_FEEDBACK				0
PFC_OUTPUT_FILE				/work/v2_400g/results/scrv2_d16_b060/pfc_events.csv
CBAP_PHASE_SPREAD_ENABLE		1
CBAP_STEADY_CAP_ENABLE		1
CBAP_STEADY_CAP_FRACTION		1
CBAP_SBA_STEADY_FILL		0
CBAP_HOLD_TRACK_TARGET		0
CBAP_QUEUE_BAND_ENABLE		0
CBAP_QUEUE_BAND_V2_ENABLE		1
CBAP_QB2_BMAX_RATIO		0.06
CBAP_QB2_QTARGET_RATIO		0.2
SBA_WIRE_DOMAIN_PLANNING		1
QLEN_TS_FILE				/work/v2_400g/results/scrv2_d16_b060/qlen_ts.csv
QLEN_TS_INTERVAL_NS			2000
TX_TIME_ROUND_NS		1
CBAP_TX_RECORDS_MAX		2000000
CBAP_REALLOC_PARSED migration_enable=1 core_initial_release=1 initial_release_ratio=0.9 migration_trace=1
CBAP_TELEMETRY_LINK link_id=0 node=84 if=1 faces_node=64 dev_rate_bps=400000000000 cfg_capacity_bps=400000000000
maxRtt=12076 maxBdp=603800
Running Simulation.
QB2_MANIFEST link=0 bmax_ratio=0.0600 qtarget_ratio=0.2000 q_abs=3999999 h_eff_us=13.000
SBA_PLAN_AT t=10000000 group=0 application_ready=10000000 common_release=10005000 members=1
SBA_LIFECYCLE batch=0 release_ns=10005000 installed=0 collecting=0 hold=0 startup=0 dcqcn_owned=0 finished=0 new_batch=1 rho_init=0.9000
SBA_LIFECYCLE_CHECK batch=0 link=0 batch_sum=400000000000 old_retained=0 available=400000000000 bound=400000000000 margin=1
CBAP_MIG_REPLAN t=10010000 reason=active_set_grew flow=0 batch=0 newest_batch=0 cur=320000000000 target=320000000000 ceiling=320000000000 old_side_present=0
CBAP_MIG t=10010000 epoch=2002 flow=0 side=new cur=320000000000 next=320000000000 tgt=320000000000 f=0.405 u=0 breach=0 end=converged
SBA_PLAN_AT t=30000000 group=1 application_ready=30000000 common_release=30005000 members=64
SBA_LIFECYCLE batch=1 release_ns=30005000 installed=1 collecting=0 hold=0 startup=0 dcqcn_owned=1 finished=0 new_batch=64 rho_init=0.9000
SBA_LIFECYCLE_LINK batch=1 link=0 old_applied=320000000000 available=400000000000
SBA_LIFECYCLE_CHECK batch=1 link=0 batch_sum=368000000000 old_retained=32000000000 available=400000000000 bound=400000000000 margin=64
CBAP_MIG_REPLAN t=30010000 reason=active_set_grew flow=0 batch=0 newest_batch=1 cur=320000000000 target=31999999999 ceiling=320000000000 old_side_present=1
CBAP_MIG_REPLAN t=30010000 reason=active_set_grew flow=1 batch=1 newest_batch=1 cur=4201680672 target=5750000000 ceiling=400000000000 old_side_present=1
CBAP_MIG_REPLAN t=30010000 reason=active_set_grew flow=2 batch=1 newest_batch=1 cur=4201680672 target=5750000000 ceiling=400000000000 old_side_present=1
CBAP_MIG_REPLAN t=30010000 reason=active_set_grew flow=3 batch=1 newest_batch=1 cur=4201680672 target=5750000000 ceiling=400000000000 old_side_present=1
CBAP_MIG_REPLAN t=30010000 reason=active_set_grew flow=4 batch=1 newest_batch=1 cur=4201680672 target=5750000000 ceiling=400000000000 old_side_present=1
CBAP_MIG_REPLAN t=30010000 reason=active_set_grew flow=5 batch=1 newest_batch=1 cur=4201680672 target=5750000000 ceiling=400000000000 old_side_present=1
CBAP_MIG_REPLAN t=30010000 reason=active_set_grew flow=6 batch=1 newest_batch=1 cur=4201680672 target=5750000000 ceiling=400000000000 old_side_present=1
CBAP_MIG_REPLAN t=30010000 reason=active_set_grew flow=7 batch=1 newest_batch=1 cur=4201680672 target=5750000000 ceiling=400000000000 old_side_present=1
CBAP_MIG_REPLAN t=30010000 reason=active_set_grew flow=8 batch=1 newest_batch=1 cur=4201680672 target=5750000000 ceiling=400000000000 old_side_present=1
CBAP_MIG_REPLAN t=30010000 reason=active_set_grew flow=9 batch=1 newest_batch=1 cur=4201680672 target=5750000000 ceiling=400000000000 old_side_present=1
CBAP_MIG_REPLAN t=30010000 reason=active_set_grew flow=10 batch=1 newest_batch=1 cur=4201680672 target=5750000000 ceiling=400000000000 old_side_present=1
CBAP_MIG_REPLAN t=30010000 reason=active_set_grew flow=11 batch=1 newest_batch=1 cur=4201680672 target=5750000000 ceiling=400000000000 old_side_present=1
CBAP_MIG_REPLAN t=30010000 reason=active_set_grew flow=12 batch=1 newest_batch=1 cur=4201680672 target=5750000000 ceiling=400000000000 old_side_present=1
CBAP_MIG_REPLAN t=30010000 reason=active_set_grew flow=13 batch=1 newest_batch=1 cur=4201680672 target=5750000000 ceiling=400000000000 old_side_present=1
CBAP_MIG_REPLAN t=30010000 reason=active_set_grew flow=14 batch=1 newest_batch=1 cur=4201680672 target=5750000000 ceiling=400000000000 old_side_present=1
CBAP_MIG_REPLAN t=30010000 reason=active_set_grew flow=15 batch=1 newest_batch=1 cur=4201680672 target=5750000000 ceiling=400000000000 old_side_present=1
CBAP_MIG_REPLAN t=30010000 reason=active_set_grew flow=16 batch=1 newest_batch=1 cur=4201680672 target=5750000000 ceiling=400000000000 old_side_present=1
CBAP_MIG_REPLAN t=30010000 reason=active_set_grew flow=17 batch=1 newest_batch=1 cur=4201680672 target=5750000000 ceiling=400000000000 old_side_present=1
CBAP_MIG_REPLAN t=30010000 reason=active_set_grew flow=18 batch=1 newest_batch=1 cur=4201680672 target=5750000000 ceiling=400000000000 old_side_present=1
CBAP_MIG_REPLAN t=30010000 reason=active_set_grew flow=19 batch=1 newest_batch=1 cur=4201680672 target=5750000000 ceiling=400000000000 old_side_present=1
CBAP_MIG_REPLAN t=30010000 reason=active_set_grew flow=20 batch=1 newest_batch=1 cur=4201680672 target=5750000000 ceiling=400000000000 old_side_present=1
CBAP_MIG_REPLAN t=30010000 reason=active_set_grew flow=21 batch=1 newest_batch=1 cur=4201680672 target=5750000000 ceiling=400000000000 old_side_present=1
CBAP_MIG_REPLAN t=30010000 reason=active_set_grew flow=22 batch=1 newest_batch=1 cur=4201680672 target=5750000000 ceiling=400000000000 old_side_present=1
CBAP_MIG_REPLAN t=30010000 reason=active_set_grew flow=23 batch=1 newest_batch=1 cur=4201680672 target=5750000000 ceiling=400000000000 old_side_present=1
CBAP_MIG_REPLAN t=30010000 reason=active_set_grew flow=24 batch=1 newest_batch=1 cur=4201680672 target=5750000000 ceiling=400000000000 old_side_present=1
CBAP_MIG_REPLAN t=30010000 reason=active_set_grew flow=25 batch=1 newest_batch=1 cur=4201680672 target=5750000000 ceiling=400000000000 old_side_present=1
CBAP_MIG_REPLAN t=30010000 reason=active_set_grew flow=26 batch=1 newest_batch=1 cur=4201680672 target=5750000000 ceiling=400000000000 old_side_present=1
CBAP_MIG_REPLAN t=30010000 reason=active_set_grew flow=27 batch=1 newest_batch=1 cur=4201680672 target=5750000000 ceiling=400000000000 old_side_present=1
CBAP_MIG_REPLAN t=30010000 reason=active_set_grew flow=28 batch=1 newest_batch=1 cur=4201680672 target=5750000000 ceiling=400000000000 old_side_present=1
CBAP_MIG_REPLAN t=30010000 reason=active_set_grew flow=29 batch=1 newest_batch=1 cur=4201680672 target=5750000000 ceiling=400000000000 old_side_present=1
CBAP_MIG_REPLAN t=30010000 reason=active_set_grew flow=30 batch=1 newest_batch=1 cur=4201680672 target=5750000000 ceiling=400000000000 old_side_present=1
CBAP_MIG_REPLAN t=30010000 reason=active_set_grew flow=31 batch=1 newest_batch=1 cur=4201680672 target=5750000000 ceiling=400000000000 old_side_present=1
CBAP_MIG_REPLAN t=30010000 reason=active_set_grew flow=32 batch=1 newest_batch=1 cur=4201680672 target=5750000000 ceiling=400000000000 old_side_present=1
CBAP_MIG_REPLAN t=30010000 reason=active_set_grew flow=33 batch=1 newest_batch=1 cur=4201680672 target=5750000000 ceiling=400000000000 old_side_present=1
CBAP_MIG_REPLAN t=30010000 reason=active_set_grew flow=34 batch=1 newest_batch=1 cur=4201680672 target=5750000000 ceiling=400000000000 old_side_present=1
CBAP_MIG_REPLAN t=30010000 reason=active_set_grew flow=35 batch=1 newest_batch=1 cur=4201680672 target=5750000000 ceiling=400000000000 old_side_present=1
CBAP_MIG_REPLAN t=30010000 reason=active_set_grew flow=36 batch=1 newest_batch=1 cur=4201680672 target=5750000000 ceiling=400000000000 old_side_present=1
CBAP_MIG_REPLAN t=30010000 reason=active_set_grew flow=37 batch=1 newest_batch=1 cur=4201680672 target=5750000000 ceiling=400000000000 old_side_present=1
CBAP_MIG_REPLAN t=30010000 reason=active_set_grew flow=38 batch=1 newest_batch=1 cur=4201680672 target=5750000000 ceiling=400000000000 old_side_present=1
CBAP_MIG_REPLAN t=30010000 reason=active_set_grew flow=39 batch=1 newest_batch=1 cur=4201680672 target=5750000000 ceiling=400000000000 old_side_present=1
CBAP_MIG_REPLAN t=30010000 reason=active_set_grew flow=40 batch=1 newest_batch=1 cur=4201680672 target=5750000000 ceiling=400000000000 old_side_present=1
CBAP_MIG_REPLAN t=30010000 reason=active_set_grew flow=41 batch=1 newest_batch=1 cur=4201680672 target=5750000000 ceiling=400000000000 old_side_present=1
CBAP_MIG_REPLAN t=30010000 reason=active_set_grew flow=42 batch=1 newest_batch=1 cur=4201680672 target=5750000000 ceiling=400000000000 old_side_present=1
CBAP_MIG_REPLAN t=30010000 reason=active_set_grew flow=43 batch=1 newest_batch=1 cur=4201680672 target=5750000000 ceiling=400000000000 old_side_present=1
CBAP_MIG_REPLAN t=30010000 reason=active_set_grew flow=44 batch=1 newest_batch=1 cur=4201680672 target=5750000000 ceiling=400000000000 old_side_present=1
CBAP_MIG_REPLAN t=30010000 reason=active_set_grew flow=45 batch=1 newest_batch=1 cur=4201680672 target=5750000000 ceiling=400000000000 old_side_present=1
CBAP_MIG_REPLAN t=30010000 reason=active_set_grew flow=46 batch=1 newest_batch=1 cur=4201680672 target=5750000000 ceiling=400000000000 old_side_present=1
CBAP_MIG_REPLAN t=30010000 reason=active_set_grew flow=47 batch=1 newest_batch=1 cur=4201680672 target=5750000000 ceiling=400000000000 old_side_present=1
CBAP_MIG_REPLAN t=30010000 reason=active_set_grew flow=48 batch=1 newest_batch=1 cur=4201680672 target=5750000000 ceiling=400000000000 old_side_present=1
CBAP_MIG_REPLAN t=30010000 reason=active_set_grew flow=49 batch=1 newest_batch=1 cur=4201680672 target=5750000000 ceiling=400000000000 old_side_present=1
CBAP_MIG_REPLAN t=30010000 reason=active_set_grew flow=50 batch=1 newest_batch=1 cur=4201680672 target=5750000000 ceiling=400000000000 old_side_present=1
CBAP_MIG_REPLAN t=30010000 reason=active_set_grew flow=51 batch=1 newest_batch=1 cur=4201680672 target=5750000000 ceiling=400000000000 old_side_present=1
CBAP_MIG_REPLAN t=30010000 reason=active_set_grew flow=52 batch=1 newest_batch=1 cur=4201680672 target=5750000000 ceiling=400000000000 old_side_present=1
CBAP_MIG_REPLAN t=30010000 reason=active_set_grew flow=53 batch=1 newest_batch=1 cur=4201680672 target=5750000000 ceiling=400000000000 old_side_present=1
CBAP_MIG_REPLAN t=30010000 reason=active_set_grew flow=54 batch=1 newest_batch=1 cur=4201680672 target=5750000000 ceiling=400000000000 old_side_present=1
CBAP_MIG_REPLAN t=30010000 reason=active_set_grew flow=55 batch=1 newest_batch=1 cur=4201680672 target=5750000000 ceiling=400000000000 old_side_present=1
CBAP_MIG_REPLAN t=30010000 reason=active_set_grew flow=56 batch=1 newest_batch=1 cur=4201680672 target=5750000000 ceiling=400000000000 old_side_present=1
CBAP_MIG_REPLAN t=30010000 reason=active_set_grew flow=57 batch=1 newest_batch=1 cur=4201680672 target=5750000000 ceiling=400000000000 old_side_present=1
CBAP_MIG_REPLAN t=30010000 reason=active_set_grew flow=58 batch=1 newest_batch=1 cur=4201680672 target=5750000000 ceiling=400000000000 old_side_present=1
CBAP_MIG_REPLAN t=30010000 reason=active_set_grew flow=59 batch=1 newest_batch=1 cur=4201680672 target=5750000000 ceiling=400000000000 old_side_present=1
CBAP_MIG_REPLAN t=30010000 reason=active_set_grew flow=60 batch=1 newest_batch=1 cur=4201680672 target=5750000000 ceiling=400000000000 old_side_present=1
CBAP_MIG_REPLAN t=30010000 reason=active_set_grew flow=61 batch=1 newest_batch=1 cur=4201680672 target=5750000000 ceiling=400000000000 old_side_present=1
CBAP_MIG_REPLAN t=30010000 reason=active_set_grew flow=62 batch=1 newest_batch=1 cur=4201680672 target=5750000000 ceiling=400000000000 old_side_present=1
CBAP_MIG_REPLAN t=30010000 reason=active_set_grew flow=63 batch=1 newest_batch=1 cur=4201680672 target=5750000000 ceiling=400000000000 old_side_present=1
CBAP_MIG_REPLAN t=30010000 reason=active_set_grew flow=64 batch=1 newest_batch=1 cur=4201680672 target=5750000000 ceiling=400000000000 old_side_present=1
CBAP_MIG t=30010000 epoch=6002 flow=0 side=old cur=320000000000 next=233599999999 tgt=31999999999 f=0.3 u=0 breach=0 end=
CBAP_MIG t=30010000 epoch=6002 flow=1 side=new cur=4201680672 next=4828749999 tgt=5750000000 f=0.405 u=0 breach=0 end=
CBAP_MIG t=30010000 epoch=6002 flow=2 side=new cur=4201680672 next=4828749999 tgt=5750000000 f=0.405 u=0 breach=0 end=
CBAP_MIG t=30010000 epoch=6002 flow=3 side=new cur=4201680672 next=4828749999 tgt=5750000000 f=0.405 u=0 breach=0 end=
CBAP_MIG t=30010000 epoch=6002 flow=4 side=new cur=4201680672 next=4828749999 tgt=5750000000 f=0.405 u=0 breach=0 end=
CBAP_MIG t=30010000 epoch=6002 flow=5 side=new cur=4201680672 next=4828749999 tgt=5750000000 f=0.405 u=0 breach=0 end=
CBAP_MIG t=30010000 epoch=6002 flow=6 side=new cur=4201680672 next=4828749999 tgt=5750000000 f=0.405 u=0 breach=0 end=
CBAP_MIG t=30010000 epoch=6002 flow=7 side=new cur=4201680672 next=4828749999 tgt=5750000000 f=0.405 u=0 breach=0 end=
CBAP_MIG t=30010000 epoch=6002 flow=8 side=new cur=4201680672 next=4828749999 tgt=5750000000 f=0.405 u=0 breach=0 end=
CBAP_MIG t=30010000 epoch=6002 flow=9 side=new cur=4201680672 next=4828749999 tgt=5750000000 f=0.405 u=0 breach=0 end=
CBAP_MIG t=30010000 epoch=6002 flow=10 side=new cur=4201680672 next=4828749999 tgt=5750000000 f=0.405 u=0 breach=0 end=
CBAP_MIG t=30010000 epoch=6002 flow=11 side=new cur=4201680672 next=4828749999 tgt=5750000000 f=0.405 u=0 breach=0 end=
CBAP_MIG t=30010000 epoch=6002 flow=12 side=new cur=4201680672 next=4828749999 tgt=5750000000 f=0.405 u=0 breach=0 end=
CBAP_MIG t=30010000 epoch=6002 flow=13 side=new cur=4201680672 next=4828749999 tgt=5750000000 f=0.405 u=0 breach=0 end=
CBAP_MIG t=30010000 epoch=6002 flow=14 side=new cur=4201680672 next=4828749999 tgt=5750000000 f=0.405 u=0 breach=0 end=
CBAP_MIG t=30010000 epoch=6002 flow=15 side=new cur=4201680672 next=4828749999 tgt=5750000000 f=0.405 u=0 breach=0 end=
CBAP_MIG t=30010000 epoch=6002 flow=16 side=new cur=4201680672 next=4828749999 tgt=5750000000 f=0.405 u=0 breach=0 end=
CBAP_MIG t=30010000 epoch=6002 flow=17 side=new cur=4201680672 next=4828749999 tgt=5750000000 f=0.405 u=0 breach=0 end=
CBAP_MIG t=30010000 epoch=6002 flow=18 side=new cur=4201680672 next=4828749999 tgt=5750000000 f=0.405 u=0 breach=0 end=
CBAP_MIG t=30010000 epoch=6002 flow=19 side=new cur=4201680672 next=4828749999 tgt=5750000000 f=0.405 u=0 breach=0 end=
CBAP_MIG t=30010000 epoch=6002 flow=20 side=new cur=4201680672 next=4828749999 tgt=5750000000 f=0.405 u=0 breach=0 end=
CBAP_MIG t=30010000 epoch=6002 flow=21 side=new cur=4201680672 next=4828749999 tgt=5750000000 f=0.405 u=0 breach=0 end=
CBAP_MIG t=30010000 epoch=6002 flow=22 side=new cur=4201680672 next=4828749999 tgt=5750000000 f=0.405 u=0 breach=0 end=
CBAP_MIG t=30010000 epoch=6002 flow=23 side=new cur=4201680672 next=4828749999 tgt=5750000000 f=0.405 u=0 breach=0 end=
CBAP_MIG t=30010000 epoch=6002 flow=24 side=new cur=4201680672 next=4828749999 tgt=5750000000 f=0.405 u=0 breach=0 end=
CBAP_MIG t=30010000 epoch=6002 flow=25 side=new cur=4201680672 next=4828749999 tgt=5750000000 f=0.405 u=0 breach=0 end=
CBAP_MIG t=30010000 epoch=6002 flow=26 side=new cur=4201680672 next=4828749999 tgt=5750000000 f=0.405 u=0 breach=0 end=
CBAP_MIG t=30010000 epoch=6002 flow=27 side=new cur=4201680672 next=4828749999 tgt=5750000000 f=0.405 u=0 breach=0 end=
CBAP_MIG t=30010000 epoch=6002 flow=28 side=new cur=4201680672 next=4828749999 tgt=5750000000 f=0.405 u=0 breach=0 end=
CBAP_MIG t=30010000 epoch=6002 flow=29 side=new cur=4201680672 next=4828749999 tgt=5750000000 f=0.405 u=0 breach=0 end=
CBAP_MIG t=30010000 epoch=6002 flow=30 side=new cur=4201680672 next=4828749999 tgt=5750000000 f=0.405 u=0 breach=0 end=
CBAP_MIG t=30010000 epoch=6002 flow=31 side=new cur=4201680672 next=4828749999 tgt=5750000000 f=0.405 u=0 breach=0 end=
CBAP_MIG t=30010000 epoch=6002 flow=32 side=new cur=4201680672 next=4828749999 tgt=5750000000 f=0.405 u=0 breach=0 end=
CBAP_MIG t=30010000 epoch=6002 flow=33 side=new cur=4201680672 next=4828749999 tgt=5750000000 f=0.405 u=0 breach=0 end=
CBAP_MIG t=30010000 epoch=6002 flow=34 side=new cur=4201680672 next=4828749999 tgt=5750000000 f=0.405 u=0 breach=0 end=
CBAP_MIG t=30010000 epoch=6002 flow=35 side=new cur=4201680672 next=4828749999 tgt=5750000000 f=0.405 u=0 breach=0 end=
CBAP_MIG t=30010000 epoch=6002 flow=36 side=new cur=4201680672 next=4828749999 tgt=5750000000 f=0.405 u=0 breach=0 end=
CBAP_MIG t=30010000 epoch=6002 flow=37 side=new cur=4201680672 next=4828749999 tgt=5750000000 f=0.405 u=0 breach=0 end=
CBAP_MIG t=30010000 epoch=6002 flow=38 side=new cur=4201680672 next=4828749999 tgt=5750000000 f=0.405 u=0 breach=0 end=
CBAP_MIG t=30010000 epoch=6002 flow=39 side=new cur=4201680672 next=4828749999 tgt=5750000000 f=0.405 u=0 breach=0 end=
CBAP_MIG t=30010000 epoch=6002 flow=40 side=new cur=4201680672 next=4828749999 tgt=5750000000 f=0.405 u=0 breach=0 end=
CBAP_MIG t=30010000 epoch=6002 flow=41 side=new cur=4201680672 next=4828749999 tgt=5750000000 f=0.405 u=0 breach=0 end=
CBAP_MIG t=30010000 epoch=6002 flow=42 side=new cur=4201680672 next=4828749999 tgt=5750000000 f=0.405 u=0 breach=0 end=
CBAP_MIG t=30010000 epoch=6002 flow=43 side=new cur=4201680672 next=4828749999 tgt=5750000000 f=0.405 u=0 breach=0 end=
CBAP_MIG t=30010000 epoch=6002 flow=44 side=new cur=4201680672 next=4828749999 tgt=5750000000 f=0.405 u=0 breach=0 end=
CBAP_MIG t=30010000 epoch=6002 flow=45 side=new cur=4201680672 next=4828749999 tgt=5750000000 f=0.405 u=0 breach=0 end=
CBAP_MIG t=30010000 epoch=6002 flow=46 side=new cur=4201680672 next=4828749999 tgt=5750000000 f=0.405 u=0 breach=0 end=
CBAP_MIG t=30010000 epoch=6002 flow=47 side=new cur=4201680672 next=4828749999 tgt=5750000000 f=0.405 u=0 breach=0 end=
CBAP_MIG t=30010000 epoch=6002 flow=48 side=new cur=4201680672 next=4828749999 tgt=5750000000 f=0.405 u=0 breach=0 end=
CBAP_MIG t=30010000 epoch=6002 flow=49 side=new cur=4201680672 next=4828749999 tgt=5750000000 f=0.405 u=0 breach=0 end=
CBAP_MIG t=30010000 epoch=6002 flow=50 side=new cur=4201680672 next=4828749999 tgt=5750000000 f=0.405 u=0 breach=0 end=
CBAP_MIG t=30010000 epoch=6002 flow=51 side=new cur=4201680672 next=4828749999 tgt=5750000000 f=0.405 u=0 breach=0 end=
CBAP_MIG t=30010000 epoch=6002 flow=52 side=new cur=4201680672 next=4828749999 tgt=5750000000 f=0.405 u=0 breach=0 end=
CBAP_MIG t=30010000 epoch=6002 flow=53 side=new cur=4201680672 next=4828749999 tgt=5750000000 f=0.405 u=0 breach=0 end=
CBAP_MIG t=30010000 epoch=6002 flow=54 side=new cur=4201680672 next=4828749999 tgt=5750000000 f=0.405 u=0 breach=0 end=
CBAP_MIG t=30010000 epoch=6002 flow=55 side=new cur=4201680672 next=4828749999 tgt=5750000000 f=0.405 u=0 breach=0 end=
CBAP_MIG t=30010000 epoch=6002 flow=56 side=new cur=4201680672 next=4828749999 tgt=5750000000 f=0.405 u=0 breach=0 end=
CBAP_MIG t=30010000 epoch=6002 flow=57 side=new cur=4201680672 next=4828749999 tgt=5750000000 f=0.405 u=0 breach=0 end=
CBAP_MIG t=30010000 epoch=6002 flow=58 side=new cur=4201680672 next=4828749999 tgt=5750000000 f=0.405 u=0 breach=0 end=
CBAP_MIG t=30010000 epoch=6002 flow=59 side=new cur=4201680672 next=4828749999 tgt=5750000000 f=0.405 u=0 breach=0 end=
CBAP_MIG t=30010000 epoch=6002 flow=60 side=new cur=4201680672 next=4828749999 tgt=5750000000 f=0.405 u=0 breach=0 end=
CBAP_MIG t=30010000 epoch=6002 flow=61 side=new cur=4201680672 next=4828749999 tgt=5750000000 f=0.405 u=0 breach=0 end=
CBAP_MIG t=30010000 epoch=6002 flow=62 side=new cur=4201680672 next=4828749999 tgt=5750000000 f=0.405 u=0 breach=0 end=
CBAP_MIG t=30010000 epoch=6002 flow=63 side=new cur=4201680672 next=4828749999 tgt=5750000000 f=0.405 u=0 breach=0 end=
CBAP_MIG t=30010000 epoch=6002 flow=64 side=new cur=4201680672 next=4828749999 tgt=5750000000 f=0.405 u=0 breach=0 end=
CBAP_MIG t=30015000 epoch=6003 flow=0 side=old cur=233599999999 next=173119999999 tgt=31999999999 f=0.3 u=0 breach=0 end=
CBAP_MIG t=30015000 epoch=6003 flow=1 side=new cur=4201680672 next=4828749999 tgt=5750000000 f=0.405 u=0 breach=0 end=
CBAP_MIG t=30015000 epoch=6003 flow=2 side=new cur=4201680672 next=4828749999 tgt=5750000000 f=0.405 u=0 breach=0 end=
CBAP_MIG t=30015000 epoch=6003 flow=3 side=new cur=4201680672 next=4828749999 tgt=5750000000 f=0.405 u=0 breach=0 end=
CBAP_MIG t=30015000 epoch=6003 flow=4 side=new cur=4201680672 next=4828749999 tgt=5750000000 f=0.405 u=0 breach=0 end=
CBAP_MIG t=30015000 epoch=6003 flow=5 side=new cur=4201680672 next=4828749999 tgt=5750000000 f=0.405 u=0 breach=0 end=
CBAP_MIG t=30015000 epoch=6003 flow=6 side=new cur=4201680672 next=4828749999 tgt=5750000000 f=0.405 u=0 breach=0 end=
CBAP_MIG t=30015000 epoch=6003 flow=7 side=new cur=4201680672 next=4828749999 tgt=5750000000 f=0.405 u=0 breach=0 end=
CBAP_MIG t=30015000 epoch=6003 flow=8 side=new cur=4201680672 next=4828749999 tgt=5750000000 f=0.405 u=0 breach=0 end=
CBAP_MIG t=30015000 epoch=6003 flow=9 side=new cur=4201680672 next=4828749999 tgt=5750000000 f=0.405 u=0 breach=0 end=
CBAP_MIG t=30015000 epoch=6003 flow=10 side=new cur=4201680672 next=4828749999 tgt=5750000000 f=0.405 u=0 breach=0 end=
CBAP_MIG t=30015000 epoch=6003 flow=11 side=new cur=4201680672 next=4828749999 tgt=5750000000 f=0.405 u=0 breach=0 end=
CBAP_MIG t=30015000 epoch=6003 flow=12 side=new cur=4201680672 next=4828749999 tgt=5750000000 f=0.405 u=0 breach=0 end=
CBAP_MIG t=30015000 epoch=6003 flow=13 side=new cur=4201680672 next=4828749999 tgt=5750000000 f=0.405 u=0 breach=0 end=
CBAP_MIG t=30015000 epoch=6003 flow=14 side=new cur=4201680672 next=4828749999 tgt=5750000000 f=0.405 u=0 breach=0 end=
CBAP_MIG t=30015000 epoch=6003 flow=15 side=new cur=4201680672 next=4828749999 tgt=5750000000 f=0.405 u=0 breach=0 end=
CBAP_MIG t=30015000 epoch=6003 flow=16 side=new cur=4201680672 next=4828749999 tgt=5750000000 f=0.405 u=0 breach=0 end=
CBAP_MIG t=30015000 epoch=6003 flow=17 side=new cur=4201680672 next=4828749999 tgt=5750000000 f=0.405 u=0 breach=0 end=
CBAP_MIG t=30015000 epoch=6003 flow=18 side=new cur=4201680672 next=4828749999 tgt=5750000000 f=0.405 u=0 breach=0 end=
CBAP_MIG t=30015000 epoch=6003 flow=19 side=new cur=4201680672 next=4828749999 tgt=5750000000 f=0.405 u=0 breach=0 end=
CBAP_MIG t=30015000 epoch=6003 flow=20 side=new cur=4201680672 next=4828749999 tgt=5750000000 f=0.405 u=0 breach=0 end=
CBAP_MIG t=30015000 epoch=6003 flow=21 side=new cur=4201680672 next=4828749999 tgt=5750000000 f=0.405 u=0 breach=0 end=
CBAP_MIG t=30015000 epoch=6003 flow=22 side=new cur=4201680672 next=4828749999 tgt=5750000000 f=0.405 u=0 breach=0 end=
CBAP_MIG t=30015000 epoch=6003 flow=23 side=new cur=4201680672 next=4828749999 tgt=5750000000 f=0.405 u=0 breach=0 end=
CBAP_MIG t=30015000 epoch=6003 flow=24 side=new cur=4201680672 next=4828749999 tgt=5750000000 f=0.405 u=0 breach=0 end=
CBAP_MIG t=30015000 epoch=6003 flow=25 side=new cur=4201680672 next=4828749999 tgt=5750000000 f=0.405 u=0 breach=0 end=
CBAP_MIG t=30015000 epoch=6003 flow=26 side=new cur=4201680672 next=4828749999 tgt=5750000000 f=0.405 u=0 breach=0 end=
CBAP_MIG t=30015000 epoch=6003 flow=27 side=new cur=4201680672 next=4828749999 tgt=5750000000 f=0.405 u=0 breach=0 end=
CBAP_MIG t=30015000 epoch=6003 flow=28 side=new cur=4201680672 next=4828749999 tgt=5750000000 f=0.405 u=0 breach=0 end=
CBAP_MIG t=30015000 epoch=6003 flow=29 side=new cur=4201680672 next=4828749999 tgt=5750000000 f=0.405 u=0 breach=0 end=
CBAP_MIG t=30015000 epoch=6003 flow=30 side=new cur=4201680672 next=4828749999 tgt=5750000000 f=0.405 u=0 breach=0 end=
CBAP_MIG t=30015000 epoch=6003 flow=31 side=new cur=4201680672 next=4828749999 tgt=5750000000 f=0.405 u=0 breach=0 end=
CBAP_MIG t=30015000 epoch=6003 flow=32 side=new cur=4201680672 next=4828749999 tgt=5750000000 f=0.405 u=0 breach=0 end=
CBAP_MIG t=30015000 epoch=6003 flow=33 side=new cur=4201680672 next=4828749999 tgt=5750000000 f=0.405 u=0 breach=0 end=
CBAP_MIG t=30015000 epoch=6003 flow=34 side=new cur=4201680672 next=4828749999 tgt=5750000000 f=0.405 u=0 breach=0 end=
CBAP_MIG t=30015000 epoch=6003 flow=35 side=new cur=4201680672 next=4828749999 tgt=5750000000 f=0.405 u=0 breach=0 end=
CBAP_MIG t=30015000 epoch=6003 flow=36 side=new cur=4201680672 next=4828749999 tgt=5750000000 f=0.405 u=0 breach=0 end=
CBAP_MIG t=30015000 epoch=6003 flow=37 side=new cur=4201680672 next=4828749999 tgt=5750000000 f=0.405 u=0 breach=0 end=
CBAP_MIG t=30015000 epoch=6003 flow=38 side=new cur=4201680672 next=4828749999 tgt=5750000000 f=0.405 u=0 breach=0 end=
CBAP_MIG t=30015000 epoch=6003 flow=39 side=new cur=4201680672 next=4828749999 tgt=5750000000 f=0.405 u=0 breach=0 end=
CBAP_MIG t=30015000 epoch=6003 flow=40 side=new cur=4201680672 next=4828749999 tgt=5750000000 f=0.405 u=0 breach=0 end=
CBAP_MIG t=30015000 epoch=6003 flow=41 side=new cur=4201680672 next=4828749999 tgt=5750000000 f=0.405 u=0 breach=0 end=
CBAP_MIG t=30015000 epoch=6003 flow=42 side=new cur=4201680672 next=4828749999 tgt=5750000000 f=0.405 u=0 breach=0 end=
CBAP_MIG t=30015000 epoch=6003 flow=43 side=new cur=4201680672 next=4828749999 tgt=5750000000 f=0.405 u=0 breach=0 end=
CBAP_MIG t=30015000 epoch=6003 flow=44 side=new cur=4201680672 next=4828749999 tgt=5750000000 f=0.405 u=0 breach=0 end=
CBAP_MIG t=30015000 epoch=6003 flow=45 side=new cur=4201680672 next=4828749999 tgt=5750000000 f=0.405 u=0 breach=0 end=
CBAP_MIG t=30015000 epoch=6003 flow=46 side=new cur=4201680672 next=4828749999 tgt=5750000000 f=0.405 u=0 breach=0 end=
CBAP_MIG t=30015000 epoch=6003 flow=47 side=new cur=4201680672 next=4828749999 tgt=5750000000 f=0.405 u=0 breach=0 end=
CBAP_MIG t=30015000 epoch=6003 flow=48 side=new cur=4201680672 next=4828749999 tgt=5750000000 f=0.405 u=0 breach=0 end=
CBAP_MIG t=30015000 epoch=6003 flow=49 side=new cur=4201680672 next=4828749999 tgt=5750000000 f=0.405 u=0 breach=0 end=
CBAP_MIG t=30015000 epoch=6003 flow=50 side=new cur=4201680672 next=4828749999 tgt=5750000000 f=0.405 u=0 breach=0 end=
CBAP_MIG t=30015000 epoch=6003 flow=51 side=new cur=4201680672 next=4828749999 tgt=5750000000 f=0.405 u=0 breach=0 end=
CBAP_MIG t=30015000 epoch=6003 flow=52 side=new cur=4201680672 next=4828749999 tgt=5750000000 f=0.405 u=0 breach=0 end=
CBAP_MIG t=30015000 epoch=6003 flow=53 side=new cur=4201680672 next=4828749999 tgt=5750000000 f=0.405 u=0 breach=0 end=
CBAP_MIG t=30015000 epoch=6003 flow=54 side=new cur=4201680672 next=4828749999 tgt=5750000000 f=0.405 u=0 breach=0 end=
CBAP_MIG t=30015000 epoch=6003 flow=55 side=new cur=4201680672 next=4828749999 tgt=5750000000 f=0.405 u=0 breach=0 end=
CBAP_MIG t=30015000 epoch=6003 flow=56 side=new cur=4201680672 next=4828749999 tgt=5750000000 f=0.405 u=0 breach=0 end=
CBAP_MIG t=30015000 epoch=6003 flow=57 side=new cur=4201680672 next=4828749999 tgt=5750000000 f=0.405 u=0 breach=0 end=
CBAP_MIG t=30015000 epoch=6003 flow=58 side=new cur=4201680672 next=4828749999 tgt=5750000000 f=0.405 u=0 breach=0 end=
CBAP_MIG t=30015000 epoch=6003 flow=59 side=new cur=4201680672 next=4828749999 tgt=5750000000 f=0.405 u=0 breach=0 end=
CBAP_MIG t=30015000 epoch=6003 flow=60 side=new cur=4201680672 next=4828749999 tgt=5750000000 f=0.405 u=0 breach=0 end=
CBAP_MIG t=30015000 epoch=6003 flow=61 side=new cur=4201680672 next=4828749999 tgt=5750000000 f=0.405 u=0 breach=0 end=
CBAP_MIG t=30015000 epoch=6003 flow=62 side=new cur=4201680672 next=4828749999 tgt=5750000000 f=0.405 u=0 breach=0 end=
CBAP_MIG t=30015000 epoch=6003 flow=63 side=new cur=4201680672 next=4828749999 tgt=5750000000 f=0.405 u=0 breach=0 end=
CBAP_MIG t=30015000 epoch=6003 flow=64 side=new cur=4201680672 next=4828749999 tgt=5750000000 f=0.405 u=0 breach=0 end=
CBAP_MIG t=30020000 epoch=6004 flow=0 side=old cur=173119999999 next=130783999999 tgt=31999999999 f=0.3 u=0 breach=0 end=
CBAP_MIG t=30020000 epoch=6004 flow=1 side=new cur=4201680672 next=4828749999 tgt=5750000000 f=0.405 u=0 breach=0 end=
CBAP_MIG t=30020000 epoch=6004 flow=2 side=new cur=4201680672 next=4828749999 tgt=5750000000 f=0.405 u=0 breach=0 end=
CBAP_MIG t=30020000 epoch=6004 flow=3 side=new cur=4201680672 next=4828749999 tgt=5750000000 f=0.405 u=0 breach=0 end=
CBAP_MIG t=30020000 epoch=6004 flow=4 side=new cur=4201680672 next=4828749999 tgt=5750000000 f=0.405 u=0 breach=0 end=
CBAP_MIG t=30020000 epoch=6004 flow=5 side=new cur=4201680672 next=4828749999 tgt=5750000000 f=0.405 u=0 breach=0 end=
CBAP_MIG t=30020000 epoch=6004 flow=6 side=new cur=4201680672 next=4828749999 tgt=5750000000 f=0.405 u=0 breach=0 end=
CBAP_MIG t=30020000 epoch=6004 flow=7 side=new cur=4201680672 next=4828749999 tgt=5750000000 f=0.405 u=0 breach=0 end=
CBAP_MIG t=30020000 epoch=6004 flow=8 side=new cur=4201680672 next=4828749999 tgt=5750000000 f=0.405 u=0 breach=0 end=
CBAP_MIG t=30020000 epoch=6004 flow=9 side=new cur=4201680672 next=4828749999 tgt=5750000000 f=0.405 u=0 breach=0 end=
CBAP_MIG t=30020000 epoch=6004 flow=10 side=new cur=4201680672 next=4828749999 tgt=5750000000 f=0.405 u=0 breach=0 end=
CBAP_MIG t=30020000 epoch=6004 flow=11 side=new cur=4201680672 next=4828749999 tgt=5750000000 f=0.405 u=0 breach=0 end=
CBAP_MIG t=30020000 epoch=6004 flow=12 side=new cur=4201680672 next=4828749999 tgt=5750000000 f=0.405 u=0 breach=0 end=
CBAP_MIG t=30020000 epoch=6004 flow=13 side=new cur=4201680672 next=4828749999 tgt=5750000000 f=0.405 u=0 breach=0 end=
CBAP_MIG t=30020000 epoch=6004 flow=14 side=new cur=4201680672 next=4828749999 tgt=5750000000 f=0.405 u=0 breach=0 end=
CBAP_MIG t=30020000 epoch=6004 flow=15 side=new cur=4201680672 next=4828749999 tgt=5750000000 f=0.405 u=0 breach=0 end=
CBAP_MIG t=30020000 epoch=6004 flow=16 side=new cur=4201680672 next=4828749999 tgt=5750000000 f=0.405 u=0 breach=0 end=
CBAP_MIG t=30020000 epoch=6004 flow=17 side=new cur=4201680672 next=4828749999 tgt=5750000000 f=0.405 u=0 breach=0 end=
CBAP_MIG t=30020000 epoch=6004 flow=18 side=new cur=4201680672 next=4828749999 tgt=5750000000 f=0.405 u=0 breach=0 end=
CBAP_MIG t=30020000 epoch=6004 flow=19 side=new cur=4201680672 next=4828749999 tgt=5750000000 f=0.405 u=0 breach=0 end=
CBAP_MIG t=30020000 epoch=6004 flow=20 side=new cur=4201680672 next=4828749999 tgt=5750000000 f=0.405 u=0 breach=0 end=
CBAP_MIG t=30020000 epoch=6004 flow=21 side=new cur=4201680672 next=4828749999 tgt=5750000000 f=0.405 u=0 breach=0 end=
CBAP_MIG t=30020000 epoch=6004 flow=22 side=new cur=4201680672 next=4828749999 tgt=5750000000 f=0.405 u=0 breach=0 end=
CBAP_MIG t=30020000 epoch=6004 flow=23 side=new cur=4201680672 next=4828749999 tgt=5750000000 f=0.405 u=0 breach=0 end=
CBAP_MIG t=30020000 epoch=6004 flow=24 side=new cur=4201680672 next=4828749999 tgt=5750000000 f=0.405 u=0 breach=0 end=
CBAP_MIG t=30020000 epoch=6004 flow=25 side=new cur=4201680672 next=4828749999 tgt=5750000000 f=0.405 u=0 breach=0 end=
CBAP_MIG t=30020000 epoch=6004 flow=26 side=new cur=4201680672 next=4828749999 tgt=5750000000 f=0.405 u=0 breach=0 end=
CBAP_MIG t=30020000 epoch=6004 flow=27 side=new cur=4201680672 next=4828749999 tgt=5750000000 f=0.405 u=0 breach=0 end=
CBAP_MIG t=30020000 epoch=6004 flow=28 side=new cur=4201680672 next=4828749999 tgt=5750000000 f=0.405 u=0 breach=0 end=
CBAP_MIG t=30020000 epoch=6004 flow=29 side=new cur=4201680672 next=4828749999 tgt=5750000000 f=0.405 u=0 breach=0 end=
CBAP_MIG t=30020000 epoch=6004 flow=30 side=new cur=4201680672 next=4828749999 tgt=5750000000 f=0.405 u=0 breach=0 end=
CBAP_MIG t=30020000 epoch=6004 flow=31 side=new cur=4201680672 next=4828749999 tgt=5750000000 f=0.405 u=0 breach=0 end=
CBAP_MIG t=30020000 epoch=6004 flow=32 side=new cur=4201680672 next=4828749999 tgt=5750000000 f=0.405 u=0 breach=0 end=
CBAP_MIG t=30020000 epoch=6004 flow=33 side=new cur=4201680672 next=4828749999 tgt=5750000000 f=0.405 u=0 breach=0 end=
CBAP_MIG t=30020000 epoch=6004 flow=34 side=new cur=4201680672 next=4828749999 tgt=5750000000 f=0.405 u=0 breach=0 end=
CBAP_MIG t=30020000 epoch=6004 flow=35 side=new cur=4201680672 next=4828749999 tgt=5750000000 f=0.405 u=0 breach=0 end=
CBAP_MIG t=30020000 epoch=6004 flow=36 side=new cur=4201680672 next=4828749999 tgt=5750000000 f=0.405 u=0 breach=0 end=
CBAP_MIG t=30020000 epoch=6004 flow=37 side=new cur=4201680672 next=4828749999 tgt=5750000000 f=0.405 u=0 breach=0 end=
CBAP_MIG t=30020000 epoch=6004 flow=38 side=new cur=4201680672 next=4828749999 tgt=5750000000 f=0.405 u=0 breach=0 end=
CBAP_MIG t=30020000 epoch=6004 flow=39 side=new cur=4201680672 next=4828749999 tgt=5750000000 f=0.405 u=0 breach=0 end=
CBAP_MIG t=30020000 epoch=6004 flow=40 side=new cur=4201680672 next=4828749999 tgt=5750000000 f=0.405 u=0 breach=0 end=
CBAP_MIG t=30020000 epoch=6004 flow=41 side=new cur=4201680672 next=4828749999 tgt=5750000000 f=0.405 u=0 breach=0 end=
CBAP_MIG t=30020000 epoch=6004 flow=42 side=new cur=4201680672 next=4828749999 tgt=5750000000 f=0.405 u=0 breach=0 end=
CBAP_MIG t=30020000 epoch=6004 flow=43 side=new cur=4201680672 next=4828749999 tgt=5750000000 f=0.405 u=0 breach=0 end=
CBAP_MIG t=30020000 epoch=6004 flow=44 side=new cur=4201680672 next=4828749999 tgt=5750000000 f=0.405 u=0 breach=0 end=
CBAP_MIG t=30020000 epoch=6004 flow=45 side=new cur=4201680672 next=4828749999 tgt=5750000000 f=0.405 u=0 breach=0 end=
CBAP_MIG t=30020000 epoch=6004 flow=46 side=new cur=4201680672 next=4828749999 tgt=5750000000 f=0.405 u=0 breach=0 end=
CBAP_MIG t=30020000 epoch=6004 flow=47 side=new cur=4201680672 next=4828749999 tgt=5750000000 f=0.405 u=0 breach=0 end=
CBAP_MIG t=30020000 epoch=6004 flow=48 side=new cur=4201680672 next=4828749999 tgt=5750000000 f=0.405 u=0 breach=0 end=
CBAP_MIG t=30020000 epoch=6004 flow=49 side=new cur=4201680672 next=4828749999 tgt=5750000000 f=0.405 u=0 breach=0 end=
CBAP_MIG t=30020000 epoch=6004 flow=50 side=new cur=4201680672 next=4828749999 tgt=5750000000 f=0.405 u=0 breach=0 end=
CBAP_MIG t=30020000 epoch=6004 flow=51 side=new cur=4201680672 next=4828749999 tgt=5750000000 f=0.405 u=0 breach=0 end=
CBAP_MIG t=30020000 epoch=6004 flow=52 side=new cur=4201680672 next=4828749999 tgt=5750000000 f=0.405 u=0 breach=0 end=
CBAP_MIG t=30020000 epoch=6004 flow=53 side=new cur=4201680672 next=4828749999 tgt=5750000000 f=0.405 u=0 breach=0 end=
CBAP_MIG t=30020000 epoch=6004 flow=54 side=new cur=4201680672 next=4828749999 tgt=5750000000 f=0.405 u=0 breach=0 end=
CBAP_MIG t=30020000 epoch=6004 flow=55 side=new cur=4201680672 next=4828749999 tgt=5750000000 f=0.405 u=0 breach=0 end=
CBAP_MIG t=30020000 epoch=6004 flow=56 side=new cur=4201680672 next=4828749999 tgt=5750000000 f=0.405 u=0 breach=0 end=
CBAP_MIG t=30020000 epoch=6004 flow=57 side=new cur=4201680672 next=4828749999 tgt=5750000000 f=0.405 u=0 breach=0 end=
CBAP_MIG t=30020000 epoch=6004 flow=58 side=new cur=4201680672 next=4828749999 tgt=5750000000 f=0.405 u=0 breach=0 end=
CBAP_MIG t=30020000 epoch=6004 flow=59 side=new cur=4201680672 next=4828749999 tgt=5750000000 f=0.405 u=0 breach=0 end=
CBAP_MIG t=30020000 epoch=6004 flow=60 side=new cur=4201680672 next=4828749999 tgt=5750000000 f=0.405 u=0 breach=0 end=
CBAP_MIG t=30020000 epoch=6004 flow=61 side=new cur=4201680672 next=4828749999 tgt=5750000000 f=0.405 u=0 breach=0 end=
CBAP_MIG t=30020000 epoch=6004 flow=62 side=new cur=4201680672 next=4828749999 tgt=5750000000 f=0.405 u=0 breach=0 end=
CBAP_MIG t=30020000 epoch=6004 flow=63 side=new cur=4201680672 next=4828749999 tgt=5750000000 f=0.405 u=0 breach=0 end=
CBAP_MIG t=30020000 epoch=6004 flow=64 side=new cur=4201680672 next=4828749999 tgt=5750000000 f=0.405 u=0 breach=0 end=
CBAP_MIG t=30025000 epoch=6005 flow=0 side=old cur=130783999999 next=101148799999 tgt=31999999999 f=0.3 u=0 breach=0 end=
CBAP_MIG t=30025000 epoch=6005 flow=1 side=new cur=4206500000 next=4831617499 tgt=5750000000 f=0.405 u=0 breach=0 end=
CBAP_MIG t=30025000 epoch=6005 flow=2 side=new cur=4206500000 next=4831617499 tgt=5750000000 f=0.405 u=0 breach=0 end=
CBAP_MIG t=30025000 epoch=6005 flow=3 side=new cur=4206500000 next=4831617499 tgt=5750000000 f=0.405 u=0 breach=0 end=
CBAP_MIG t=30025000 epoch=6005 flow=4 side=new cur=4206500000 next=4831617499 tgt=5750000000 f=0.405 u=0 breach=0 end=
CBAP_MIG t=30025000 epoch=6005 flow=5 side=new cur=4206500000 next=4831617499 tgt=5750000000 f=0.405 u=0 breach=0 end=
CBAP_MIG t=30025000 epoch=6005 flow=6 side=new cur=4206500000 next=4831617499 tgt=5750000000 f=0.405 u=0 breach=0 end=
CBAP_MIG t=30025000 epoch=6005 flow=7 side=new cur=4206500000 next=4831617499 tgt=5750000000 f=0.405 u=0 breach=0 end=
CBAP_MIG t=30025000 epoch=6005 flow=8 side=new cur=4206500000 next=4831617499 tgt=5750000000 f=0.405 u=0 breach=0 end=
CBAP_MIG t=30025000 epoch=6005 flow=9 side=new cur=4206500000 next=4831617499 tgt=5750000000 f=0.405 u=0 breach=0 end=
CBAP_MIG t=30025000 epoch=6005 flow=10 side=new cur=4206500000 next=4831617499 tgt=5750000000 f=0.405 u=0 breach=0 end=
CBAP_MIG t=30025000 epoch=6005 flow=11 side=new cur=4206500000 next=4831617499 tgt=5750000000 f=0.405 u=0 breach=0 end=
CBAP_MIG t=30025000 epoch=6005 flow=12 side=new cur=4206500000 next=4831617499 tgt=5750000000 f=0.405 u=0 breach=0 end=
CBAP_MIG t=30025000 epoch=6005 flow=13 side=new cur=4206500000 next=4831617499 tgt=5750000000 f=0.405 u=0 breach=0 end=
CBAP_MIG t=30025000 epoch=6005 flow=14 side=new cur=4206500000 next=4831617499 tgt=5750000000 f=0.405 u=0 breach=0 end=
CBAP_MIG t=30025000 epoch=6005 flow=15 side=new cur=4206500000 next=4831617499 tgt=5750000000 f=0.405 u=0 breach=0 end=
CBAP_MIG t=30025000 epoch=6005 flow=16 side=new cur=4206500000 next=4831617499 tgt=5750000000 f=0.405 u=0 breach=0 end=
CBAP_MIG t=30025000 epoch=6005 flow=17 side=new cur=4206500000 next=4831617499 tgt=5750000000 f=0.405 u=0 breach=0 end=
CBAP_MIG t=30025000 epoch=6005 flow=18 side=new cur=4206500000 next=4831617499 tgt=5750000000 f=0.405 u=0 breach=0 end=
CBAP_MIG t=30025000 epoch=6005 flow=19 side=new cur=4206500000 next=4831617499 tgt=5750000000 f=0.405 u=0 breach=0 end=
CBAP_MIG t=30025000 epoch=6005 flow=20 side=new cur=4206500000 next=4831617499 tgt=5750000000 f=0.405 u=0 breach=0 end=
CBAP_MIG t=30025000 epoch=6005 flow=21 side=new cur=4206500000 next=4831617499 tgt=5750000000 f=0.405 u=0 breach=0 end=
CBAP_MIG t=30025000 epoch=6005 flow=22 side=new cur=4206500000 next=4831617499 tgt=5750000000 f=0.405 u=0 breach=0 end=
CBAP_MIG t=30025000 epoch=6005 flow=23 side=new cur=4206500000 next=4831617499 tgt=5750000000 f=0.405 u=0 breach=0 end=
CBAP_MIG t=30025000 epoch=6005 flow=24 side=new cur=4206500000 next=4831617499 tgt=5750000000 f=0.405 u=0 breach=0 end=
CBAP_MIG t=30025000 epoch=6005 flow=25 side=new cur=4206500000 next=4831617499 tgt=5750000000 f=0.405 u=0 breach=0 end=
CBAP_MIG t=30025000 epoch=6005 flow=26 side=new cur=4206500000 next=4831617499 tgt=5750000000 f=0.405 u=0 breach=0 end=
CBAP_MIG t=30025000 epoch=6005 flow=27 side=new cur=4206500000 next=4831617499 tgt=5750000000 f=0.405 u=0 breach=0 end=
CBAP_MIG t=30025000 epoch=6005 flow=28 side=new cur=4206500000 next=4831617499 tgt=5750000000 f=0.405 u=0 breach=0 end=
CBAP_MIG t=30025000 epoch=6005 flow=29 side=new cur=4206500000 next=4831617499 tgt=5750000000 f=0.405 u=0 breach=0 end=
CBAP_MIG t=30025000 epoch=6005 flow=30 side=new cur=4206500000 next=4831617499 tgt=5750000000 f=0.405 u=0 breach=0 end=
CBAP_MIG t=30025000 epoch=6005 flow=31 side=new cur=4206500000 next=4831617499 tgt=5750000000 f=0.405 u=0 breach=0 end=
CBAP_MIG t=30025000 epoch=6005 flow=32 side=new cur=4206500000 next=4831617499 tgt=5750000000 f=0.405 u=0 breach=0 end=
CBAP_MIG t=30025000 epoch=6005 flow=33 side=new cur=4206500000 next=4831617499 tgt=5750000000 f=0.405 u=0 breach=0 end=
CBAP_MIG t=30025000 epoch=6005 flow=34 side=new cur=4206500000 next=4831617499 tgt=5750000000 f=0.405 u=0 breach=0 end=
CBAP_MIG t=30025000 epoch=6005 flow=35 side=new cur=4206500000 next=4831617499 tgt=5750000000 f=0.405 u=0 breach=0 end=
CBAP_MIG t=30025000 epoch=6005 flow=36 side=new cur=4206500000 next=4831617499 tgt=5750000000 f=0.405 u=0 breach=0 end=
CBAP_MIG t=30025000 epoch=6005 flow=37 side=new cur=4206500000 next=4831617499 tgt=5750000000 f=0.405 u=0 breach=0 end=
CBAP_MIG t=30025000 epoch=6005 flow=38 side=new cur=4206500000 next=4831617499 tgt=5750000000 f=0.405 u=0 breach=0 end=
CBAP_MIG t=30025000 epoch=6005 flow=39 side=new cur=4206500000 next=4831617499 tgt=5750000000 f=0.405 u=0 breach=0 end=
CBAP_MIG t=30025000 epoch=6005 flow=40 side=new cur=4206500000 next=4831617499 tgt=5750000000 f=0.405 u=0 breach=0 end=
CBAP_MIG t=30025000 epoch=6005 flow=41 side=new cur=4206500000 next=4831617499 tgt=5750000000 f=0.405 u=0 breach=0 end=
CBAP_MIG t=30025000 epoch=6005 flow=42 side=new cur=4206500000 next=4831617499 tgt=5750000000 f=0.405 u=0 breach=0 end=
CBAP_MIG t=30025000 epoch=6005 flow=43 side=new cur=4206500000 next=4831617499 tgt=5750000000 f=0.405 u=0 breach=0 end=
CBAP_MIG t=30025000 epoch=6005 flow=44 side=new cur=4206500000 next=4831617499 tgt=5750000000 f=0.405 u=0 breach=0 end=
CBAP_MIG t=30025000 epoch=6005 flow=45 side=new cur=4206500000 next=4831617499 tgt=5750000000 f=0.405 u=0 breach=0 end=
CBAP_MIG t=30025000 epoch=6005 flow=46 side=new cur=4206500000 next=4831617499 tgt=5750000000 f=0.405 u=0 breach=0 end=
CBAP_MIG t=30025000 epoch=6005 flow=47 side=new cur=4206500000 next=4831617499 tgt=5750000000 f=0.405 u=0 breach=0 end=
CBAP_MIG t=30025000 epoch=6005 flow=48 side=new cur=4206500000 next=4831617499 tgt=5750000000 f=0.405 u=0 breach=0 end=
CBAP_MIG t=30025000 epoch=6005 flow=49 side=new cur=4206500000 next=4831617499 tgt=5750000000 f=0.405 u=0 breach=0 end=
CBAP_MIG t=30025000 epoch=6005 flow=50 side=new cur=4206500000 next=4831617499 tgt=5750000000 f=0.405 u=0 breach=0 end=
CBAP_MIG t=30025000 epoch=6005 flow=51 side=new cur=4206500000 next=4831617499 tgt=5750000000 f=0.405 u=0 breach=0 end=
CBAP_MIG t=30025000 epoch=6005 flow=52 side=new cur=4206500000 next=4831617499 tgt=5750000000 f=0.405 u=0 breach=0 end=
CBAP_MIG t=30025000 epoch=6005 flow=53 side=new cur=4206500000 next=4831617499 tgt=5750000000 f=0.405 u=0 breach=0 end=
CBAP_MIG t=30025000 epoch=6005 flow=54 side=new cur=4206500000 next=4831617499 tgt=5750000000 f=0.405 u=0 breach=0 end=
CBAP_MIG t=30025000 epoch=6005 flow=55 side=new cur=4206500000 next=4831617499 tgt=5750000000 f=0.405 u=0 breach=0 end=
CBAP_MIG t=30025000 epoch=6005 flow=56 side=new cur=4206500000 next=4831617499 tgt=5750000000 f=0.405 u=0 breach=0 end=
CBAP_MIG t=30025000 epoch=6005 flow=57 side=new cur=4206500000 next=4831617499 tgt=5750000000 f=0.405 u=0 breach=0 end=
CBAP_MIG t=30025000 epoch=6005 flow=58 side=new cur=4206500000 next=4831617499 tgt=5750000000 f=0.405 u=0 breach=0 end=
CBAP_MIG t=30025000 epoch=6005 flow=59 side=new cur=4206500000 next=4831617499 tgt=5750000000 f=0.405 u=0 breach=0 end=
CBAP_MIG t=30025000 epoch=6005 flow=60 side=new cur=4206500000 next=4831617499 tgt=5750000000 f=0.405 u=0 breach=0 end=
CBAP_MIG t=30025000 epoch=6005 flow=61 side=new cur=4206500000 next=4831617499 tgt=5750000000 f=0.405 u=0 breach=0 end=
CBAP_MIG t=30025000 epoch=6005 flow=62 side=new cur=4206500000 next=4831617499 tgt=5750000000 f=0.405 u=0 breach=0 end=
CBAP_MIG t=30025000 epoch=6005 flow=63 side=new cur=4206500000 next=4831617499 tgt=5750000000 f=0.405 u=0 breach=0 end=
CBAP_MIG t=30025000 epoch=6005 flow=64 side=new cur=4206500000 next=4831617499 tgt=5750000000 f=0.405 u=0 breach=0 end=
CBAP_MIG t=30030000 epoch=6006 flow=0 side=old cur=101148799999 next=80404159999 tgt=31999999999 f=0.3 u=0 breach=0 end=
CBAP_MIG t=30030000 epoch=6006 flow=1 side=new cur=5044550000 next=5330257249 tgt=5750000000 f=0.405 u=0 breach=1 end=
CBAP_MIG t=30030000 epoch=6006 flow=2 side=new cur=5044550000 next=5330257249 tgt=5750000000 f=0.405 u=0 breach=1 end=
CBAP_MIG t=30030000 epoch=6006 flow=3 side=new cur=5044550000 next=5330257249 tgt=5750000000 f=0.405 u=0 breach=1 end=
CBAP_MIG t=30030000 epoch=6006 flow=4 side=new cur=5044550000 next=5330257249 tgt=5750000000 f=0.405 u=0 breach=1 end=
CBAP_MIG t=30030000 epoch=6006 flow=5 side=new cur=5044550000 next=5330257249 tgt=5750000000 f=0.405 u=0 breach=1 end=
CBAP_MIG t=30030000 epoch=6006 flow=6 side=new cur=5044550000 next=5330257249 tgt=5750000000 f=0.405 u=0 breach=1 end=
CBAP_MIG t=30030000 epoch=6006 flow=7 side=new cur=5044550000 next=5330257249 tgt=5750000000 f=0.405 u=0 breach=1 end=
CBAP_MIG t=30030000 epoch=6006 flow=8 side=new cur=5044550000 next=5330257249 tgt=5750000000 f=0.405 u=0 breach=1 end=
CBAP_MIG t=30030000 epoch=6006 flow=9 side=new cur=5044550000 next=5330257249 tgt=5750000000 f=0.405 u=0 breach=1 end=
CBAP_MIG t=30030000 epoch=6006 flow=10 side=new cur=5044550000 next=5330257249 tgt=5750000000 f=0.405 u=0 breach=1 end=
CBAP_MIG t=30030000 epoch=6006 flow=11 side=new cur=5044550000 next=5330257249 tgt=5750000000 f=0.405 u=0 breach=1 end=
CBAP_MIG t=30030000 epoch=6006 flow=12 side=new cur=5044550000 next=5330257249 tgt=5750000000 f=0.405 u=0 breach=1 end=
CBAP_MIG t=30030000 epoch=6006 flow=13 side=new cur=5044550000 next=5330257249 tgt=5750000000 f=0.405 u=0 breach=1 end=
CBAP_MIG t=30030000 epoch=6006 flow=14 side=new cur=5044550000 next=5330257249 tgt=5750000000 f=0.405 u=0 breach=1 end=
CBAP_MIG t=30030000 epoch=6006 flow=15 side=new cur=5044550000 next=5330257249 tgt=5750000000 f=0.405 u=0 breach=1 end=
CBAP_MIG t=30030000 epoch=6006 flow=16 side=new cur=5044550000 next=5330257249 tgt=5750000000 f=0.405 u=0 breach=1 end=
CBAP_MIG t=30030000 epoch=6006 flow=17 side=new cur=5044550000 next=5330257249 tgt=5750000000 f=0.405 u=0 breach=1 end=
CBAP_MIG t=30030000 epoch=6006 flow=18 side=new cur=5044550000 next=5330257249 tgt=5750000000 f=0.405 u=0 breach=1 end=
CBAP_MIG t=30030000 epoch=6006 flow=19 side=new cur=5044550000 next=5330257249 tgt=5750000000 f=0.405 u=0 breach=1 end=
CBAP_MIG t=30030000 epoch=6006 flow=20 side=new cur=5044550000 next=5330257249 tgt=5750000000 f=0.405 u=0 breach=1 end=
CBAP_MIG t=30030000 epoch=6006 flow=21 side=new cur=5044550000 next=5330257249 tgt=5750000000 f=0.405 u=0 breach=1 end=
CBAP_MIG t=30030000 epoch=6006 flow=22 side=new cur=5044550000 next=5330257249 tgt=5750000000 f=0.405 u=0 breach=1 end=
CBAP_MIG t=30030000 epoch=6006 flow=23 side=new cur=5044550000 next=5330257249 tgt=5750000000 f=0.405 u=0 breach=1 end=
CBAP_MIG t=30030000 epoch=6006 flow=24 side=new cur=5044550000 next=5330257249 tgt=5750000000 f=0.405 u=0 breach=1 end=
CBAP_MIG t=30030000 epoch=6006 flow=25 side=new cur=5044550000 next=5330257249 tgt=5750000000 f=0.405 u=0 breach=1 end=
CBAP_MIG t=30030000 epoch=6006 flow=26 side=new cur=5044550000 next=5330257249 tgt=5750000000 f=0.405 u=0 breach=1 end=
CBAP_MIG t=30030000 epoch=6006 flow=27 side=new cur=5044550000 next=5330257249 tgt=5750000000 f=0.405 u=0 breach=1 end=
CBAP_MIG t=30030000 epoch=6006 flow=28 side=new cur=5044550000 next=5330257249 tgt=5750000000 f=0.405 u=0 breach=1 end=
CBAP_MIG t=30030000 epoch=6006 flow=29 side=new cur=5044550000 next=5330257249 tgt=5750000000 f=0.405 u=0 breach=1 end=
CBAP_MIG t=30030000 epoch=6006 flow=30 side=new cur=5044550000 next=5330257249 tgt=5750000000 f=0.405 u=0 breach=1 end=
CBAP_MIG t=30030000 epoch=6006 flow=31 side=new cur=5044550000 next=5330257249 tgt=5750000000 f=0.405 u=0 breach=1 end=
CBAP_MIG t=30030000 epoch=6006 flow=32 side=new cur=5044550000 next=5330257249 tgt=5750000000 f=0.405 u=0 breach=1 end=
CBAP_MIG t=30030000 epoch=6006 flow=33 side=new cur=5044550000 next=5330257249 tgt=5750000000 f=0.405 u=0 breach=1 end=
CBAP_MIG t=30030000 epoch=6006 flow=34 side=new cur=5044550000 next=5330257249 tgt=5750000000 f=0.405 u=0 breach=1 end=
CBAP_MIG t=30030000 epoch=6006 flow=35 side=new cur=5044550000 next=5330257249 tgt=5750000000 f=0.405 u=0 breach=1 end=
CBAP_MIG t=30030000 epoch=6006 flow=36 side=new cur=5044550000 next=5330257249 tgt=5750000000 f=0.405 u=0 breach=1 end=
CBAP_MIG t=30030000 epoch=6006 flow=37 side=new cur=5044550000 next=5330257249 tgt=5750000000 f=0.405 u=0 breach=1 end=
CBAP_MIG t=30030000 epoch=6006 flow=38 side=new cur=5044550000 next=5330257249 tgt=5750000000 f=0.405 u=0 breach=1 end=
CBAP_MIG t=30030000 epoch=6006 flow=39 side=new cur=5044550000 next=5330257249 tgt=5750000000 f=0.405 u=0 breach=1 end=
CBAP_MIG t=30030000 epoch=6006 flow=40 side=new cur=5044550000 next=5330257249 tgt=5750000000 f=0.405 u=0 breach=1 end=
CBAP_MIG t=30030000 epoch=6006 flow=41 side=new cur=5044550000 next=5330257249 tgt=5750000000 f=0.405 u=0 breach=1 end=
CBAP_MIG t=30030000 epoch=6006 flow=42 side=new cur=5044550000 next=5330257249 tgt=5750000000 f=0.405 u=0 breach=1 end=
CBAP_MIG t=30030000 epoch=6006 flow=43 side=new cur=5044550000 next=5330257249 tgt=5750000000 f=0.405 u=0 breach=1 end=
CBAP_MIG t=30030000 epoch=6006 flow=44 side=new cur=5044550000 next=5330257249 tgt=5750000000 f=0.405 u=0 breach=1 end=
CBAP_MIG t=30030000 epoch=6006 flow=45 side=new cur=5044550000 next=5330257249 tgt=5750000000 f=0.405 u=0 breach=1 end=
CBAP_MIG t=30030000 epoch=6006 flow=46 side=new cur=5044550000 next=5330257249 tgt=5750000000 f=0.405 u=0 breach=1 end=
CBAP_MIG t=30030000 epoch=6006 flow=47 side=new cur=5044550000 next=5330257249 tgt=5750000000 f=0.405 u=0 breach=1 end=
CBAP_MIG t=30030000 epoch=6006 flow=48 side=new cur=5044550000 next=5330257249 tgt=5750000000 f=0.405 u=0 breach=1 end=
CBAP_MIG t=30030000 epoch=6006 flow=49 side=new cur=5044550000 next=5330257249 tgt=5750000000 f=0.405 u=0 breach=1 end=
CBAP_MIG t=30030000 epoch=6006 flow=50 side=new cur=5044550000 next=5330257249 tgt=5750000000 f=0.405 u=0 breach=1 end=
CBAP_MIG t=30030000 epoch=6006 flow=51 side=new cur=5044550000 next=5330257249 tgt=5750000000 f=0.405 u=0 breach=1 end=
CBAP_MIG t=30030000 epoch=6006 flow=52 side=new cur=5044550000 next=5330257249 tgt=5750000000 f=0.405 u=0 breach=1 end=
CBAP_MIG t=30030000 epoch=6006 flow=53 side=new cur=5044550000 next=5330257249 tgt=5750000000 f=0.405 u=0 breach=1 end=
CBAP_MIG t=30030000 epoch=6006 flow=54 side=new cur=5044550000 next=5330257249 tgt=5750000000 f=0.405 u=0 breach=1 end=
CBAP_MIG t=30030000 epoch=6006 flow=55 side=new cur=5044550000 next=5330257249 tgt=5750000000 f=0.405 u=0 breach=1 end=
CBAP_MIG t=30030000 epoch=6006 flow=56 side=new cur=5044550000 next=5330257249 tgt=5750000000 f=0.405 u=0 breach=1 end=
CBAP_MIG t=30030000 epoch=6006 flow=57 side=new cur=5044550000 next=5330257249 tgt=5750000000 f=0.405 u=0 breach=1 end=
CBAP_MIG t=30030000 epoch=6006 flow=58 side=new cur=5044550000 next=5330257249 tgt=5750000000 f=0.405 u=0 breach=1 end=
CBAP_MIG t=30030000 epoch=6006 flow=59 side=new cur=5044550000 next=5330257249 tgt=5750000000 f=0.405 u=0 breach=1 end=
CBAP_MIG t=30030000 epoch=6006 flow=60 side=new cur=5044550000 next=5330257249 tgt=5750000000 f=0.405 u=0 breach=1 end=
CBAP_MIG t=30030000 epoch=6006 flow=61 side=new cur=5044550000 next=5330257249 tgt=5750000000 f=0.405 u=0 breach=1 end=
CBAP_MIG t=30030000 epoch=6006 flow=62 side=new cur=5044550000 next=5330257249 tgt=5750000000 f=0.405 u=0 breach=1 end=
CBAP_MIG t=30030000 epoch=6006 flow=63 side=new cur=5044550000 next=5330257249 tgt=5750000000 f=0.405 u=0 breach=1 end=
CBAP_MIG t=30030000 epoch=6006 flow=64 side=new cur=5044550000 next=5330257249 tgt=5750000000 f=0.405 u=0 breach=1 end=
CBAP_MIG t=30035000 epoch=6007 flow=0 side=old cur=80404159999 next=65882911999 tgt=31999999999 f=0.3 u=0 breach=0 end=
CBAP_MIG t=30035000 epoch=6007 flow=1 side=new cur=5368685000 next=5523117574 tgt=5750000000 f=0.405 u=0 breach=2 end=
CBAP_MIG t=30035000 epoch=6007 flow=2 side=new cur=5368685000 next=5523117574 tgt=5750000000 f=0.405 u=0 breach=2 end=
CBAP_MIG t=30035000 epoch=6007 flow=3 side=new cur=5368685000 next=5523117574 tgt=5750000000 f=0.405 u=0 breach=2 end=
CBAP_MIG t=30035000 epoch=6007 flow=4 side=new cur=5368685000 next=5523117574 tgt=5750000000 f=0.405 u=0 breach=2 end=
CBAP_MIG t=30035000 epoch=6007 flow=5 side=new cur=5368685000 next=5523117574 tgt=5750000000 f=0.405 u=0 breach=2 end=
CBAP_MIG t=30035000 epoch=6007 flow=6 side=new cur=5368685000 next=5523117574 tgt=5750000000 f=0.405 u=0 breach=2 end=
CBAP_MIG t=30035000 epoch=6007 flow=7 side=new cur=5368685000 next=5523117574 tgt=5750000000 f=0.405 u=0 breach=2 end=
CBAP_MIG t=30035000 epoch=6007 flow=8 side=new cur=5368685000 next=5523117574 tgt=5750000000 f=0.405 u=0 breach=2 end=
CBAP_MIG t=30035000 epoch=6007 flow=9 side=new cur=5368685000 next=5523117574 tgt=5750000000 f=0.405 u=0 breach=2 end=
CBAP_MIG t=30035000 epoch=6007 flow=10 side=new cur=5368685000 next=5523117574 tgt=5750000000 f=0.405 u=0 breach=2 end=
CBAP_MIG t=30035000 epoch=6007 flow=11 side=new cur=5368685000 next=5523117574 tgt=5750000000 f=0.405 u=0 breach=2 end=
CBAP_MIG t=30035000 epoch=6007 flow=12 side=new cur=5368685000 next=5523117574 tgt=5750000000 f=0.405 u=0 breach=2 end=
CBAP_MIG t=30035000 epoch=6007 flow=13 side=new cur=5368685000 next=5523117574 tgt=5750000000 f=0.405 u=0 breach=2 end=
CBAP_MIG t=30035000 epoch=6007 flow=14 side=new cur=5368685000 next=5523117574 tgt=5750000000 f=0.405 u=0 breach=2 end=
CBAP_MIG t=30035000 epoch=6007 flow=15 side=new cur=5368685000 next=5523117574 tgt=5750000000 f=0.405 u=0 breach=2 end=
CBAP_MIG t=30035000 epoch=6007 flow=16 side=new cur=5368685000 next=5523117574 tgt=5750000000 f=0.405 u=0 breach=2 end=
CBAP_MIG t=30035000 epoch=6007 flow=17 side=new cur=5368685000 next=5523117574 tgt=5750000000 f=0.405 u=0 breach=2 end=
CBAP_MIG t=30035000 epoch=6007 flow=18 side=new cur=5368685000 next=5523117574 tgt=5750000000 f=0.405 u=0 breach=2 end=
CBAP_MIG t=30035000 epoch=6007 flow=19 side=new cur=5368685000 next=5523117574 tgt=5750000000 f=0.405 u=0 breach=2 end=
CBAP_MIG t=30035000 epoch=6007 flow=20 side=new cur=5368685000 next=5523117574 tgt=5750000000 f=0.405 u=0 breach=2 end=
CBAP_MIG t=30035000 epoch=6007 flow=21 side=new cur=5368685000 next=5523117574 tgt=5750000000 f=0.405 u=0 breach=2 end=
CBAP_MIG t=30035000 epoch=6007 flow=22 side=new cur=5368685000 next=5523117574 tgt=5750000000 f=0.405 u=0 breach=2 end=
CBAP_MIG t=30035000 epoch=6007 flow=23 side=new cur=5368685000 next=5523117574 tgt=5750000000 f=0.405 u=0 breach=2 end=
CBAP_MIG t=30035000 epoch=6007 flow=24 side=new cur=5368685000 next=5523117574 tgt=5750000000 f=0.405 u=0 breach=2 end=
CBAP_MIG t=30035000 epoch=6007 flow=25 side=new cur=5368685000 next=5523117574 tgt=5750000000 f=0.405 u=0 breach=2 end=
CBAP_MIG t=30035000 epoch=6007 flow=26 side=new cur=5368685000 next=5523117574 tgt=5750000000 f=0.405 u=0 breach=2 end=
CBAP_MIG t=30035000 epoch=6007 flow=27 side=new cur=5368685000 next=5523117574 tgt=5750000000 f=0.405 u=0 breach=2 end=
CBAP_MIG t=30035000 epoch=6007 flow=28 side=new cur=5368685000 next=5523117574 tgt=5750000000 f=0.405 u=0 breach=2 end=
CBAP_MIG t=30035000 epoch=6007 flow=29 side=new cur=5368685000 next=5523117574 tgt=5750000000 f=0.405 u=0 breach=2 end=
CBAP_MIG t=30035000 epoch=6007 flow=30 side=new cur=5368685000 next=5523117574 tgt=5750000000 f=0.405 u=0 breach=2 end=
CBAP_MIG t=30035000 epoch=6007 flow=31 side=new cur=5368685000 next=5523117574 tgt=5750000000 f=0.405 u=0 breach=2 end=
CBAP_MIG t=30035000 epoch=6007 flow=32 side=new cur=5368685000 next=5523117574 tgt=5750000000 f=0.405 u=0 breach=2 end=
CBAP_MIG t=30035000 epoch=6007 flow=33 side=new cur=5368685000 next=5523117574 tgt=5750000000 f=0.405 u=0 breach=2 end=
CBAP_MIG t=30035000 epoch=6007 flow=34 side=new cur=5368685000 next=5523117574 tgt=5750000000 f=0.405 u=0 breach=2 end=
CBAP_MIG t=30035000 epoch=6007 flow=35 side=new cur=5368685000 next=5523117574 tgt=5750000000 f=0.405 u=0 breach=2 end=
CBAP_MIG t=30035000 epoch=6007 flow=36 side=new cur=5368685000 next=5523117574 tgt=5750000000 f=0.405 u=0 breach=2 end=
CBAP_MIG t=30035000 epoch=6007 flow=37 side=new cur=5368685000 next=5523117574 tgt=5750000000 f=0.405 u=0 breach=2 end=
CBAP_MIG t=30035000 epoch=6007 flow=38 side=new cur=5368685000 next=5523117574 tgt=5750000000 f=0.405 u=0 breach=2 end=
CBAP_MIG t=30035000 epoch=6007 flow=39 side=new cur=5368685000 next=5523117574 tgt=5750000000 f=0.405 u=0 breach=2 end=
CBAP_MIG t=30035000 epoch=6007 flow=40 side=new cur=5368685000 next=5523117574 tgt=5750000000 f=0.405 u=0 breach=2 end=
CBAP_MIG t=30035000 epoch=6007 flow=41 side=new cur=5368685000 next=5523117574 tgt=5750000000 f=0.405 u=0 breach=2 end=
CBAP_MIG t=30035000 epoch=6007 flow=42 side=new cur=5368685000 next=5523117574 tgt=5750000000 f=0.405 u=0 breach=2 end=
CBAP_MIG t=30035000 epoch=6007 flow=43 side=new cur=5368685000 next=5523117574 tgt=5750000000 f=0.405 u=0 breach=2 end=
CBAP_MIG t=30035000 epoch=6007 flow=44 side=new cur=5368685000 next=5523117574 tgt=5750000000 f=0.405 u=0 breach=2 end=
CBAP_MIG t=30035000 epoch=6007 flow=45 side=new cur=5368685000 next=5523117574 tgt=5750000000 f=0.405 u=0 breach=2 end=
CBAP_MIG t=30035000 epoch=6007 flow=46 side=new cur=5368685000 next=5523117574 tgt=5750000000 f=0.405 u=0 breach=2 end=
CBAP_MIG t=30035000 epoch=6007 flow=47 side=new cur=5368685000 next=5523117574 tgt=5750000000 f=0.405 u=0 breach=2 end=
CBAP_MIG t=30035000 epoch=6007 flow=48 side=new cur=5368685000 next=5523117574 tgt=5750000000 f=0.405 u=0 breach=2 end=
CBAP_MIG t=30035000 epoch=6007 flow=49 side=new cur=5368685000 next=5523117574 tgt=5750000000 f=0.405 u=0 breach=2 end=
CBAP_MIG t=30035000 epoch=6007 flow=50 side=new cur=5368685000 next=5523117574 tgt=5750000000 f=0.405 u=0 breach=2 end=
CBAP_MIG t=30035000 epoch=6007 flow=51 side=new cur=5368685000 next=5523117574 tgt=5750000000 f=0.405 u=0 breach=2 end=
CBAP_MIG t=30035000 epoch=6007 flow=52 side=new cur=5368685000 next=5523117574 tgt=5750000000 f=0.405 u=0 breach=2 end=
CBAP_MIG t=30035000 epoch=6007 flow=53 side=new cur=5368685000 next=5523117574 tgt=5750000000 f=0.405 u=0 breach=2 end=
CBAP_MIG t=30035000 epoch=6007 flow=54 side=new cur=5368685000 next=5523117574 tgt=5750000000 f=0.405 u=0 breach=2 end=
CBAP_MIG t=30035000 epoch=6007 flow=55 side=new cur=5368685000 next=5523117574 tgt=5750000000 f=0.405 u=0 breach=2 end=
CBAP_MIG t=30035000 epoch=6007 flow=56 side=new cur=5368685000 next=5523117574 tgt=5750000000 f=0.405 u=0 breach=2 end=
CBAP_MIG t=30035000 epoch=6007 flow=57 side=new cur=5368685000 next=5523117574 tgt=5750000000 f=0.405 u=0 breach=2 end=
CBAP_MIG t=30035000 epoch=6007 flow=58 side=new cur=5368685000 next=5523117574 tgt=5750000000 f=0.405 u=0 breach=2 end=
CBAP_MIG t=30035000 epoch=6007 flow=59 side=new cur=5368685000 next=5523117574 tgt=5750000000 f=0.405 u=0 breach=2 end=
CBAP_MIG t=30035000 epoch=6007 flow=60 side=new cur=5368685000 next=5523117574 tgt=5750000000 f=0.405 u=0 breach=2 end=
CBAP_MIG t=30035000 epoch=6007 flow=61 side=new cur=5368685000 next=5523117574 tgt=5750000000 f=0.405 u=0 breach=2 end=
CBAP_MIG t=30035000 epoch=6007 flow=62 side=new cur=5368685000 next=5523117574 tgt=5750000000 f=0.405 u=0 breach=2 end=
CBAP_MIG t=30035000 epoch=6007 flow=63 side=new cur=5368685000 next=5523117574 tgt=5750000000 f=0.405 u=0 breach=2 end=
CBAP_MIG t=30035000 epoch=6007 flow=64 side=new cur=5368685000 next=5523117574 tgt=5750000000 f=0.405 u=0 breach=2 end=
CBAP_MIG t=30040000 epoch=6008 flow=0 side=old cur=65882911999 next=55718038399 tgt=31999999999 f=0.3 u=0 breach=0 end=
CBAP_MIG t=30040000 epoch=6008 flow=1 side=new cur=5595579500 next=5658119802 tgt=5750000000 f=0.405 u=0 breach=3 end=
CBAP_MIG t=30040000 epoch=6008 flow=2 side=new cur=5595579500 next=5658119802 tgt=5750000000 f=0.405 u=0 breach=3 end=
CBAP_MIG t=30040000 epoch=6008 flow=3 side=new cur=5595579500 next=5658119802 tgt=5750000000 f=0.405 u=0 breach=3 end=
CBAP_MIG t=30040000 epoch=6008 flow=4 side=new cur=5595579500 next=5658119802 tgt=5750000000 f=0.405 u=0 breach=3 end=
CBAP_MIG t=30040000 epoch=6008 flow=5 side=new cur=5595579500 next=5658119802 tgt=5750000000 f=0.405 u=0 breach=3 end=
CBAP_MIG t=30040000 epoch=6008 flow=6 side=new cur=5595579500 next=5658119802 tgt=5750000000 f=0.405 u=0 breach=3 end=
CBAP_MIG t=30040000 epoch=6008 flow=7 side=new cur=5595579500 next=5658119802 tgt=5750000000 f=0.405 u=0 breach=3 end=
CBAP_MIG t=30040000 epoch=6008 flow=8 side=new cur=5595579500 next=5658119802 tgt=5750000000 f=0.405 u=0 breach=3 end=
CBAP_MIG t=30040000 epoch=6008 flow=9 side=new cur=5595579500 next=5658119802 tgt=5750000000 f=0.405 u=0 breach=3 end=
CBAP_MIG t=30040000 epoch=6008 flow=10 side=new cur=5595579500 next=5658119802 tgt=5750000000 f=0.405 u=0 breach=3 end=
CBAP_MIG t=30040000 epoch=6008 flow=11 side=new cur=5595579500 next=5658119802 tgt=5750000000 f=0.405 u=0 breach=3 end=
CBAP_MIG t=30040000 epoch=6008 flow=12 side=new cur=5595579500 next=5658119802 tgt=5750000000 f=0.405 u=0 breach=3 end=
CBAP_MIG t=30040000 epoch=6008 flow=13 side=new cur=5595579500 next=5658119802 tgt=5750000000 f=0.405 u=0 breach=3 end=
CBAP_MIG t=30040000 epoch=6008 flow=14 side=new cur=5595579500 next=5658119802 tgt=5750000000 f=0.405 u=0 breach=3 end=
CBAP_MIG t=30040000 epoch=6008 flow=15 side=new cur=5595579500 next=5658119802 tgt=5750000000 f=0.405 u=0 breach=3 end=
CBAP_MIG t=30040000 epoch=6008 flow=16 side=new cur=5595579500 next=5658119802 tgt=5750000000 f=0.405 u=0 breach=3 end=
CBAP_MIG t=30040000 epoch=6008 flow=17 side=new cur=5595579500 next=5658119802 tgt=5750000000 f=0.405 u=0 breach=3 end=
CBAP_MIG t=30040000 epoch=6008 flow=18 side=new cur=5595579500 next=5658119802 tgt=5750000000 f=0.405 u=0 breach=3 end=
CBAP_MIG t=30040000 epoch=6008 flow=19 side=new cur=5595579500 next=5658119802 tgt=5750000000 f=0.405 u=0 breach=3 end=
CBAP_MIG t=30040000 epoch=6008 flow=20 side=new cur=5595579500 next=5658119802 tgt=5750000000 f=0.405 u=0 breach=3 end=
CBAP_MIG t=30040000 epoch=6008 flow=21 side=new cur=5595579500 next=5658119802 tgt=5750000000 f=0.405 u=0 breach=3 end=
CBAP_MIG t=30040000 epoch=6008 flow=22 side=new cur=5595579500 next=5658119802 tgt=5750000000 f=0.405 u=0 breach=3 end=
CBAP_MIG t=30040000 epoch=6008 flow=23 side=new cur=5595579500 next=5658119802 tgt=5750000000 f=0.405 u=0 breach=3 end=
CBAP_MIG t=30040000 epoch=6008 flow=24 side=new cur=5595579500 next=5658119802 tgt=5750000000 f=0.405 u=0 breach=3 end=
CBAP_MIG t=30040000 epoch=6008 flow=25 side=new cur=5595579500 next=5658119802 tgt=5750000000 f=0.405 u=0 breach=3 end=
CBAP_MIG t=30040000 epoch=6008 flow=26 side=new cur=5595579500 next=5658119802 tgt=5750000000 f=0.405 u=0 breach=3 end=
CBAP_MIG t=30040000 epoch=6008 flow=27 side=new cur=5595579500 next=5658119802 tgt=5750000000 f=0.405 u=0 breach=3 end=
CBAP_MIG t=30040000 epoch=6008 flow=28 side=new cur=5595579500 next=5658119802 tgt=5750000000 f=0.405 u=0 breach=3 end=
CBAP_MIG t=30040000 epoch=6008 flow=29 side=new cur=5595579500 next=5658119802 tgt=5750000000 f=0.405 u=0 breach=3 end=
CBAP_MIG t=30040000 epoch=6008 flow=30 side=new cur=5595579500 next=5658119802 tgt=5750000000 f=0.405 u=0 breach=3 end=
CBAP_MIG t=30040000 epoch=6008 flow=31 side=new cur=5595579500 next=5658119802 tgt=5750000000 f=0.405 u=0 breach=3 end=
CBAP_MIG t=30040000 epoch=6008 flow=32 side=new cur=5595579500 next=5658119802 tgt=5750000000 f=0.405 u=0 breach=3 end=
CBAP_MIG t=30040000 epoch=6008 flow=33 side=new cur=5595579500 next=5658119802 tgt=5750000000 f=0.405 u=0 breach=3 end=
CBAP_MIG t=30040000 epoch=6008 flow=34 side=new cur=5595579500 next=5658119802 tgt=5750000000 f=0.405 u=0 breach=3 end=
CBAP_MIG t=30040000 epoch=6008 flow=35 side=new cur=5595579500 next=5658119802 tgt=5750000000 f=0.405 u=0 breach=3 end=
CBAP_MIG t=30040000 epoch=6008 flow=36 side=new cur=5595579500 next=5658119802 tgt=5750000000 f=0.405 u=0 breach=3 end=
CBAP_MIG t=30040000 epoch=6008 flow=37 side=new cur=5595579500 next=5658119802 tgt=5750000000 f=0.405 u=0 breach=3 end=
CBAP_MIG t=30040000 epoch=6008 flow=38 side=new cur=5595579500 next=5658119802 tgt=5750000000 f=0.405 u=0 breach=3 end=
CBAP_MIG t=30040000 epoch=6008 flow=39 side=new cur=5595579500 next=5658119802 tgt=5750000000 f=0.405 u=0 breach=3 end=
CBAP_MIG t=30040000 epoch=6008 flow=40 side=new cur=5595579500 next=5658119802 tgt=5750000000 f=0.405 u=0 breach=3 end=
CBAP_MIG t=30040000 epoch=6008 flow=41 side=new cur=5595579500 next=5658119802 tgt=5750000000 f=0.405 u=0 breach=3 end=
CBAP_MIG t=30040000 epoch=6008 flow=42 side=new cur=5595579500 next=5658119802 tgt=5750000000 f=0.405 u=0 breach=3 end=
CBAP_MIG t=30040000 epoch=6008 flow=43 side=new cur=5595579500 next=5658119802 tgt=5750000000 f=0.405 u=0 breach=3 end=
CBAP_MIG t=30040000 epoch=6008 flow=44 side=new cur=5595579500 next=5658119802 tgt=5750000000 f=0.405 u=0 breach=3 end=
CBAP_MIG t=30040000 epoch=6008 flow=45 side=new cur=5595579500 next=5658119802 tgt=5750000000 f=0.405 u=0 breach=3 end=
CBAP_MIG t=30040000 epoch=6008 flow=46 side=new cur=5595579500 next=5658119802 tgt=5750000000 f=0.405 u=0 breach=3 end=
CBAP_MIG t=30040000 epoch=6008 flow=47 side=new cur=5595579500 next=5658119802 tgt=5750000000 f=0.405 u=0 breach=3 end=
CBAP_MIG t=30040000 epoch=6008 flow=48 side=new cur=5595579500 next=5658119802 tgt=5750000000 f=0.405 u=0 breach=3 end=
CBAP_MIG t=30040000 epoch=6008 flow=49 side=new cur=5595579500 next=5658119802 tgt=5750000000 f=0.405 u=0 breach=3 end=
CBAP_MIG t=30040000 epoch=6008 flow=50 side=new cur=5595579500 next=5658119802 tgt=5750000000 f=0.405 u=0 breach=3 end=
CBAP_MIG t=30040000 epoch=6008 flow=51 side=new cur=5595579500 next=5658119802 tgt=5750000000 f=0.405 u=0 breach=3 end=
CBAP_MIG t=30040000 epoch=6008 flow=52 side=new cur=5595579500 next=5658119802 tgt=5750000000 f=0.405 u=0 breach=3 end=
CBAP_MIG t=30040000 epoch=6008 flow=53 side=new cur=5595579500 next=5658119802 tgt=5750000000 f=0.405 u=0 breach=3 end=
CBAP_MIG t=30040000 epoch=6008 flow=54 side=new cur=5595579500 next=5658119802 tgt=5750000000 f=0.405 u=0 breach=3 end=
CBAP_MIG t=30040000 epoch=6008 flow=55 side=new cur=5595579500 next=5658119802 tgt=5750000000 f=0.405 u=0 breach=3 end=
CBAP_MIG t=30040000 epoch=6008 flow=56 side=new cur=5595579500 next=5658119802 tgt=5750000000 f=0.405 u=0 breach=3 end=
CBAP_MIG t=30040000 epoch=6008 flow=57 side=new cur=5595579500 next=5658119802 tgt=5750000000 f=0.405 u=0 breach=3 end=
CBAP_MIG t=30040000 epoch=6008 flow=58 side=new cur=5595579500 next=5658119802 tgt=5750000000 f=0.405 u=0 breach=3 end=
CBAP_MIG t=30040000 epoch=6008 flow=59 side=new cur=5595579500 next=5658119802 tgt=5750000000 f=0.405 u=0 breach=3 end=
CBAP_MIG t=30040000 epoch=6008 flow=60 side=new cur=5595579500 next=5658119802 tgt=5750000000 f=0.405 u=0 breach=3 end=
CBAP_MIG t=30040000 epoch=6008 flow=61 side=new cur=5595579500 next=5658119802 tgt=5750000000 f=0.405 u=0 breach=3 end=
CBAP_MIG t=30040000 epoch=6008 flow=62 side=new cur=5595579500 next=5658119802 tgt=5750000000 f=0.405 u=0 breach=3 end=
CBAP_MIG t=30040000 epoch=6008 flow=63 side=new cur=5595579500 next=5658119802 tgt=5750000000 f=0.405 u=0 breach=3 end=
CBAP_MIG t=30040000 epoch=6008 flow=64 side=new cur=5595579500 next=5658119802 tgt=5750000000 f=0.405 u=0 breach=3 end=
CBAP_MIG t=30045000 epoch=6009 flow=0 side=old cur=55718038399 next=48602626879 tgt=31999999999 f=0.3 u=0 breach=0 end=
CBAP_MIG t=30045000 epoch=6009 flow=1 side=new cur=5379405650 next=5529496361 tgt=5750000000 f=0.405 u=0 breach=3 end=
CBAP_MIG t=30045000 epoch=6009 flow=2 side=new cur=5379405650 next=5529496361 tgt=5750000000 f=0.405 u=0 breach=3 end=
CBAP_MIG t=30045000 epoch=6009 flow=3 side=new cur=5379405650 next=5529496361 tgt=5750000000 f=0.405 u=0 breach=3 end=
CBAP_MIG t=30045000 epoch=6009 flow=4 side=new cur=5379405650 next=5529496361 tgt=5750000000 f=0.405 u=0 breach=3 end=
CBAP_MIG t=30045000 epoch=6009 flow=5 side=new cur=5379405650 next=5529496361 tgt=5750000000 f=0.405 u=0 breach=3 end=
CBAP_MIG t=30045000 epoch=6009 flow=6 side=new cur=5379405650 next=5529496361 tgt=5750000000 f=0.405 u=0 breach=3 end=
CBAP_MIG t=30045000 epoch=6009 flow=7 side=new cur=5379405650 next=5529496361 tgt=5750000000 f=0.405 u=0 breach=3 end=
CBAP_MIG t=30045000 epoch=6009 flow=8 side=new cur=5379405650 next=5529496361 tgt=5750000000 f=0.405 u=0 breach=3 end=
CBAP_MIG t=30045000 epoch=6009 flow=9 side=new cur=5379405650 next=5529496361 tgt=5750000000 f=0.405 u=0 breach=3 end=
CBAP_MIG t=30045000 epoch=6009 flow=10 side=new cur=5379405650 next=5529496361 tgt=5750000000 f=0.405 u=0 breach=3 end=
CBAP_MIG t=30045000 epoch=6009 flow=11 side=new cur=5379405650 next=5529496361 tgt=5750000000 f=0.405 u=0 breach=3 end=
CBAP_MIG t=30045000 epoch=6009 flow=12 side=new cur=5379405650 next=5529496361 tgt=5750000000 f=0.405 u=0 breach=3 end=
CBAP_MIG t=30045000 epoch=6009 flow=13 side=new cur=5379405650 next=5529496361 tgt=5750000000 f=0.405 u=0 breach=3 end=
CBAP_MIG t=30045000 epoch=6009 flow=14 side=new cur=5379405650 next=5529496361 tgt=5750000000 f=0.405 u=0 breach=3 end=
CBAP_MIG t=30045000 epoch=6009 flow=15 side=new cur=5379405650 next=5529496361 tgt=5750000000 f=0.405 u=0 breach=3 end=
CBAP_MIG t=30045000 epoch=6009 flow=16 side=new cur=5379405650 next=5529496361 tgt=5750000000 f=0.405 u=0 breach=3 end=
CBAP_MIG t=30045000 epoch=6009 flow=17 side=new cur=5379405650 next=5529496361 tgt=5750000000 f=0.405 u=0 breach=3 end=
CBAP_MIG t=30045000 epoch=6009 flow=18 side=new cur=5379405650 next=5529496361 tgt=5750000000 f=0.405 u=0 breach=3 end=
CBAP_MIG t=30045000 epoch=6009 flow=19 side=new cur=5379405650 next=5529496361 tgt=5750000000 f=0.405 u=0 breach=3 end=
CBAP_MIG t=30045000 epoch=6009 flow=20 side=new cur=5379405650 next=5529496361 tgt=5750000000 f=0.405 u=0 breach=3 end=
CBAP_MIG t=30045000 epoch=6009 flow=21 side=new cur=5379405650 next=5529496361 tgt=5750000000 f=0.405 u=0 breach=3 end=
CBAP_MIG t=30045000 epoch=6009 flow=22 side=new cur=5379405650 next=5529496361 tgt=5750000000 f=0.405 u=0 breach=3 end=
CBAP_MIG t=30045000 epoch=6009 flow=23 side=new cur=5379405650 next=5529496361 tgt=5750000000 f=0.405 u=0 breach=3 end=
CBAP_MIG t=30045000 epoch=6009 flow=24 side=new cur=5379405650 next=5529496361 tgt=5750000000 f=0.405 u=0 breach=3 end=
CBAP_MIG t=30045000 epoch=6009 flow=25 side=new cur=5379405650 next=5529496361 tgt=5750000000 f=0.405 u=0 breach=3 end=
CBAP_MIG t=30045000 epoch=6009 flow=26 side=new cur=5379405650 next=5529496361 tgt=5750000000 f=0.405 u=0 breach=3 end=
CBAP_MIG t=30045000 epoch=6009 flow=27 side=new cur=5379405650 next=5529496361 tgt=5750000000 f=0.405 u=0 breach=3 end=
CBAP_MIG t=30045000 epoch=6009 flow=28 side=new cur=5379405650 next=5529496361 tgt=5750000000 f=0.405 u=0 breach=3 end=
CBAP_MIG t=30045000 epoch=6009 flow=29 side=new cur=5379405650 next=5529496361 tgt=5750000000 f=0.405 u=0 breach=3 end=
CBAP_MIG t=30045000 epoch=6009 flow=30 side=new cur=5379405650 next=5529496361 tgt=5750000000 f=0.405 u=0 breach=3 end=
CBAP_MIG t=30045000 epoch=6009 flow=31 side=new cur=5379405650 next=5529496361 tgt=5750000000 f=0.405 u=0 breach=3 end=
CBAP_MIG t=30045000 epoch=6009 flow=32 side=new cur=5379405650 next=5529496361 tgt=5750000000 f=0.405 u=0 breach=3 end=
CBAP_MIG t=30045000 epoch=6009 flow=33 side=new cur=5379405650 next=5529496361 tgt=5750000000 f=0.405 u=0 breach=3 end=
CBAP_MIG t=30045000 epoch=6009 flow=34 side=new cur=5379405650 next=5529496361 tgt=5750000000 f=0.405 u=0 breach=3 end=
CBAP_MIG t=30045000 epoch=6009 flow=35 side=new cur=5379405650 next=5529496361 tgt=5750000000 f=0.405 u=0 breach=3 end=
CBAP_MIG t=30045000 epoch=6009 flow=36 side=new cur=5379405650 next=5529496361 tgt=5750000000 f=0.405 u=0 breach=3 end=
CBAP_MIG t=30045000 epoch=6009 flow=37 side=new cur=5379405650 next=5529496361 tgt=5750000000 f=0.405 u=0 breach=3 end=
CBAP_MIG t=30045000 epoch=6009 flow=38 side=new cur=5379405650 next=5529496361 tgt=5750000000 f=0.405 u=0 breach=3 end=
CBAP_MIG t=30045000 epoch=6009 flow=39 side=new cur=5379405650 next=5529496361 tgt=5750000000 f=0.405 u=0 breach=3 end=
CBAP_MIG t=30045000 epoch=6009 flow=40 side=new cur=5379405650 next=5529496361 tgt=5750000000 f=0.405 u=0 breach=3 end=
CBAP_MIG t=30045000 epoch=6009 flow=41 side=new cur=5379405650 next=5529496361 tgt=5750000000 f=0.405 u=0 breach=3 end=
CBAP_MIG t=30045000 epoch=6009 flow=42 side=new cur=5379405650 next=5529496361 tgt=5750000000 f=0.405 u=0 breach=3 end=
CBAP_MIG t=30045000 epoch=6009 flow=43 side=new cur=5379405650 next=5529496361 tgt=5750000000 f=0.405 u=0 breach=3 end=
CBAP_MIG t=30045000 epoch=6009 flow=44 side=new cur=5379405650 next=5529496361 tgt=5750000000 f=0.405 u=0 breach=3 end=
CBAP_MIG t=30045000 epoch=6009 flow=45 side=new cur=5379405650 next=5529496361 tgt=5750000000 f=0.405 u=0 breach=3 end=
CBAP_MIG t=30045000 epoch=6009 flow=46 side=new cur=5379405650 next=5529496361 tgt=5750000000 f=0.405 u=0 breach=3 end=
CBAP_MIG t=30045000 epoch=6009 flow=47 side=new cur=5379405650 next=5529496361 tgt=5750000000 f=0.405 u=0 breach=3 end=
CBAP_MIG t=30045000 epoch=6009 flow=48 side=new cur=5379405650 next=5529496361 tgt=5750000000 f=0.405 u=0 breach=3 end=
CBAP_MIG t=30045000 epoch=6009 flow=49 side=new cur=5379405650 next=5529496361 tgt=5750000000 f=0.405 u=0 breach=3 end=
CBAP_MIG t=30045000 epoch=6009 flow=50 side=new cur=5379405650 next=5529496361 tgt=5750000000 f=0.405 u=0 breach=3 end=
CBAP_MIG t=30045000 epoch=6009 flow=51 side=new cur=5379405650 next=5529496361 tgt=5750000000 f=0.405 u=0 breach=3 end=
CBAP_MIG t=30045000 epoch=6009 flow=52 side=new cur=5379405650 next=5529496361 tgt=5750000000 f=0.405 u=0 breach=3 end=
CBAP_MIG t=30045000 epoch=6009 flow=53 side=new cur=5379405650 next=5529496361 tgt=5750000000 f=0.405 u=0 breach=3 end=
CBAP_MIG t=30045000 epoch=6009 flow=54 side=new cur=5379405650 next=5529496361 tgt=5750000000 f=0.405 u=0 breach=3 end=
CBAP_MIG t=30045000 epoch=6009 flow=55 side=new cur=5379405650 next=5529496361 tgt=5750000000 f=0.405 u=0 breach=3 end=
CBAP_MIG t=30045000 epoch=6009 flow=56 side=new cur=5379405650 next=5529496361 tgt=5750000000 f=0.405 u=0 breach=3 end=
CBAP_MIG t=30045000 epoch=6009 flow=57 side=new cur=5379405650 next=5529496361 tgt=5750000000 f=0.405 u=0 breach=3 end=
CBAP_MIG t=30045000 epoch=6009 flow=58 side=new cur=5379405650 next=5529496361 tgt=5750000000 f=0.405 u=0 breach=3 end=
CBAP_MIG t=30045000 epoch=6009 flow=59 side=new cur=5379405650 next=5529496361 tgt=5750000000 f=0.405 u=0 breach=3 end=
CBAP_MIG t=30045000 epoch=6009 flow=60 side=new cur=5379405650 next=5529496361 tgt=5750000000 f=0.405 u=0 breach=3 end=
CBAP_MIG t=30045000 epoch=6009 flow=61 side=new cur=5379405650 next=5529496361 tgt=5750000000 f=0.405 u=0 breach=3 end=
CBAP_MIG t=30045000 epoch=6009 flow=62 side=new cur=5379405650 next=5529496361 tgt=5750000000 f=0.405 u=0 breach=3 end=
CBAP_MIG t=30045000 epoch=6009 flow=63 side=new cur=5379405650 next=5529496361 tgt=5750000000 f=0.405 u=0 breach=3 end=
CBAP_MIG t=30045000 epoch=6009 flow=64 side=new cur=5379405650 next=5529496361 tgt=5750000000 f=0.405 u=0 breach=3 end=
CBAP_MIG t=30050000 epoch=6010 flow=0 side=old cur=48602626879 next=43621838815 tgt=31999999999 f=0.3 u=0 breach=0 end=
CBAP_MIG t=30050000 epoch=6010 flow=1 side=new cur=5529496361 next=5618800334 tgt=5750000000 f=0.405 u=0 breach=3 end=
CBAP_MIG t=30050000 epoch=6010 flow=2 side=new cur=5529496361 next=5618800334 tgt=5750000000 f=0.405 u=0 breach=3 end=
CBAP_MIG t=30050000 epoch=6010 flow=3 side=new cur=5529496361 next=5618800334 tgt=5750000000 f=0.405 u=0 breach=3 end=
CBAP_MIG t=30050000 epoch=6010 flow=4 side=new cur=5529496361 next=5618800334 tgt=5750000000 f=0.405 u=0 breach=3 end=
CBAP_MIG t=30050000 epoch=6010 flow=5 side=new cur=5529496361 next=5618800334 tgt=5750000000 f=0.405 u=0 breach=3 end=
CBAP_MIG t=30050000 epoch=6010 flow=6 side=new cur=5529496361 next=5618800334 tgt=5750000000 f=0.405 u=0 breach=3 end=
CBAP_MIG t=30050000 epoch=6010 flow=7 side=new cur=5529496361 next=5618800334 tgt=5750000000 f=0.405 u=0 breach=3 end=
CBAP_MIG t=30050000 epoch=6010 flow=8 side=new cur=5529496361 next=5618800334 tgt=5750000000 f=0.405 u=0 breach=3 end=
CBAP_MIG t=30050000 epoch=6010 flow=9 side=new cur=5529496361 next=5618800334 tgt=5750000000 f=0.405 u=0 breach=3 end=
CBAP_MIG t=30050000 epoch=6010 flow=10 side=new cur=5529496361 next=5618800334 tgt=5750000000 f=0.405 u=0 breach=3 end=
CBAP_MIG t=30050000 epoch=6010 flow=11 side=new cur=5529496361 next=5618800334 tgt=5750000000 f=0.405 u=0 breach=3 end=
CBAP_MIG t=30050000 epoch=6010 flow=12 side=new cur=5529496361 next=5618800334 tgt=5750000000 f=0.405 u=0 breach=3 end=
CBAP_MIG t=30050000 epoch=6010 flow=13 side=new cur=5529496361 next=5618800334 tgt=5750000000 f=0.405 u=0 breach=3 end=
CBAP_MIG t=30050000 epoch=6010 flow=14 side=new cur=5529496361 next=5618800334 tgt=5750000000 f=0.405 u=0 breach=3 end=
CBAP_MIG t=30050000 epoch=6010 flow=15 side=new cur=5529496361 next=5618800334 tgt=5750000000 f=0.405 u=0 breach=3 end=
CBAP_MIG t=30050000 epoch=6010 flow=16 side=new cur=5529496361 next=5618800334 tgt=5750000000 f=0.405 u=0 breach=3 end=
CBAP_MIG t=30050000 epoch=6010 flow=17 side=new cur=5529496361 next=5618800334 tgt=5750000000 f=0.405 u=0 breach=3 end=
CBAP_MIG t=30050000 epoch=6010 flow=18 side=new cur=5529496361 next=5618800334 tgt=5750000000 f=0.405 u=0 breach=3 end=
CBAP_MIG t=30050000 epoch=6010 flow=19 side=new cur=5529496361 next=5618800334 tgt=5750000000 f=0.405 u=0 breach=3 end=
CBAP_MIG t=30050000 epoch=6010 flow=20 side=new cur=5529496361 next=5618800334 tgt=5750000000 f=0.405 u=0 breach=3 end=
CBAP_MIG t=30050000 epoch=6010 flow=21 side=new cur=5529496361 next=5618800334 tgt=5750000000 f=0.405 u=0 breach=3 end=
CBAP_MIG t=30050000 epoch=6010 flow=22 side=new cur=5529496361 next=5618800334 tgt=5750000000 f=0.405 u=0 breach=3 end=
CBAP_MIG t=30050000 epoch=6010 flow=23 side=new cur=5529496361 next=5618800334 tgt=5750000000 f=0.405 u=0 breach=3 end=
CBAP_MIG t=30050000 epoch=6010 flow=24 side=new cur=5529496361 next=5618800334 tgt=5750000000 f=0.405 u=0 breach=3 end=
CBAP_MIG t=30050000 epoch=6010 flow=25 side=new cur=5529496361 next=5618800334 tgt=5750000000 f=0.405 u=0 breach=3 end=
CBAP_MIG t=30050000 epoch=6010 flow=26 side=new cur=5529496361 next=5618800334 tgt=5750000000 f=0.405 u=0 breach=3 end=
CBAP_MIG t=30050000 epoch=6010 flow=27 side=new cur=5529496361 next=5618800334 tgt=5750000000 f=0.405 u=0 breach=3 end=
CBAP_MIG t=30050000 epoch=6010 flow=28 side=new cur=5529496361 next=5618800334 tgt=5750000000 f=0.405 u=0 breach=3 end=
CBAP_MIG t=30050000 epoch=6010 flow=29 side=new cur=5529496361 next=5618800334 tgt=5750000000 f=0.405 u=0 breach=3 end=
CBAP_MIG t=30050000 epoch=6010 flow=30 side=new cur=5529496361 next=5618800334 tgt=5750000000 f=0.405 u=0 breach=3 end=
CBAP_MIG t=30050000 epoch=6010 flow=31 side=new cur=5529496361 next=5618800334 tgt=5750000000 f=0.405 u=0 breach=3 end=
CBAP_MIG t=30050000 epoch=6010 flow=32 side=new cur=5529496361 next=5618800334 tgt=5750000000 f=0.405 u=0 breach=3 end=
CBAP_MIG t=30050000 epoch=6010 flow=33 side=new cur=5529496361 next=5618800334 tgt=5750000000 f=0.405 u=0 breach=3 end=
CBAP_MIG t=30050000 epoch=6010 flow=34 side=new cur=5529496361 next=5618800334 tgt=5750000000 f=0.405 u=0 breach=3 end=
CBAP_MIG t=30050000 epoch=6010 flow=35 side=new cur=5529496361 next=5618800334 tgt=5750000000 f=0.405 u=0 breach=3 end=
CBAP_MIG t=30050000 epoch=6010 flow=36 side=new cur=5529496361 next=5618800334 tgt=5750000000 f=0.405 u=0 breach=3 end=
CBAP_MIG t=30050000 epoch=6010 flow=37 side=new cur=5529496361 next=5618800334 tgt=5750000000 f=0.405 u=0 breach=3 end=
CBAP_MIG t=30050000 epoch=6010 flow=38 side=new cur=5529496361 next=5618800334 tgt=5750000000 f=0.405 u=0 breach=3 end=
CBAP_MIG t=30050000 epoch=6010 flow=39 side=new cur=5529496361 next=5618800334 tgt=5750000000 f=0.405 u=0 breach=3 end=
CBAP_MIG t=30050000 epoch=6010 flow=40 side=new cur=5529496361 next=5618800334 tgt=5750000000 f=0.405 u=0 breach=3 end=
CBAP_MIG t=30050000 epoch=6010 flow=41 side=new cur=5529496361 next=5618800334 tgt=5750000000 f=0.405 u=0 breach=3 end=
CBAP_MIG t=30050000 epoch=6010 flow=42 side=new cur=5529496361 next=5618800334 tgt=5750000000 f=0.405 u=0 breach=3 end=
CBAP_MIG t=30050000 epoch=6010 flow=43 side=new cur=5529496361 next=5618800334 tgt=5750000000 f=0.405 u=0 breach=3 end=
CBAP_MIG t=30050000 epoch=6010 flow=44 side=new cur=5529496361 next=5618800334 tgt=5750000000 f=0.405 u=0 breach=3 end=
CBAP_MIG t=30050000 epoch=6010 flow=45 side=new cur=5529496361 next=5618800334 tgt=5750000000 f=0.405 u=0 breach=3 end=
CBAP_MIG t=30050000 epoch=6010 flow=46 side=new cur=5529496361 next=5618800334 tgt=5750000000 f=0.405 u=0 breach=3 end=
CBAP_MIG t=30050000 epoch=6010 flow=47 side=new cur=5529496361 next=5618800334 tgt=5750000000 f=0.405 u=0 breach=3 end=
CBAP_MIG t=30050000 epoch=6010 flow=48 side=new cur=5529496361 next=5618800334 tgt=5750000000 f=0.405 u=0 breach=3 end=
CBAP_MIG t=30050000 epoch=6010 flow=49 side=new cur=5529496361 next=5618800334 tgt=5750000000 f=0.405 u=0 breach=3 end=
CBAP_MIG t=30050000 epoch=6010 flow=50 side=new cur=5529496361 next=5618800334 tgt=5750000000 f=0.405 u=0 breach=3 end=
CBAP_MIG t=30050000 epoch=6010 flow=51 side=new cur=5529496361 next=5618800334 tgt=5750000000 f=0.405 u=0 breach=3 end=
CBAP_MIG t=30050000 epoch=6010 flow=52 side=new cur=5529496361 next=5618800334 tgt=5750000000 f=0.405 u=0 breach=3 end=
CBAP_MIG t=30050000 epoch=6010 flow=53 side=new cur=5529496361 next=5618800334 tgt=5750000000 f=0.405 u=0 breach=3 end=
CBAP_MIG t=30050000 epoch=6010 flow=54 side=new cur=5529496361 next=5618800334 tgt=5750000000 f=0.405 u=0 breach=3 end=
CBAP_MIG t=30050000 epoch=6010 flow=55 side=new cur=5529496361 next=5618800334 tgt=5750000000 f=0.405 u=0 breach=3 end=
CBAP_MIG t=30050000 epoch=6010 flow=56 side=new cur=5529496361 next=5618800334 tgt=5750000000 f=0.405 u=0 breach=3 end=
CBAP_MIG t=30050000 epoch=6010 flow=57 side=new cur=5529496361 next=5618800334 tgt=5750000000 f=0.405 u=0 breach=3 end=
CBAP_MIG t=30050000 epoch=6010 flow=58 side=new cur=5529496361 next=5618800334 tgt=5750000000 f=0.405 u=0 breach=3 end=
CBAP_MIG t=30050000 epoch=6010 flow=59 side=new cur=5529496361 next=5618800334 tgt=5750000000 f=0.405 u=0 breach=3 end=
CBAP_MIG t=30050000 epoch=6010 flow=60 side=new cur=5529496361 next=5618800334 tgt=5750000000 f=0.405 u=0 breach=3 end=
CBAP_MIG t=30050000 epoch=6010 flow=61 side=new cur=5529496361 next=5618800334 tgt=5750000000 f=0.405 u=0 breach=3 end=
CBAP_MIG t=30050000 epoch=6010 flow=62 side=new cur=5529496361 next=5618800334 tgt=5750000000 f=0.405 u=0 breach=3 end=
CBAP_MIG t=30050000 epoch=6010 flow=63 side=new cur=5529496361 next=5618800334 tgt=5750000000 f=0.405 u=0 breach=3 end=
CBAP_MIG t=30050000 epoch=6010 flow=64 side=new cur=5529496361 next=5618800334 tgt=5750000000 f=0.405 u=0 breach=3 end=
CBAP_MIG t=30055000 epoch=6011 flow=0 side=old cur=43621838815 next=40135287170 tgt=31999999999 f=0.3 u=0 breach=0 end=
CBAP_MIG t=30055000 epoch=6011 flow=1 side=new cur=5618800334 next=5671936198 tgt=5750000000 f=0.405 u=0 breach=3 end=
CBAP_MIG t=30055000 epoch=6011 flow=2 side=new cur=5618800334 next=5671936198 tgt=5750000000 f=0.405 u=0 breach=3 end=
CBAP_MIG t=30055000 epoch=6011 flow=3 side=new cur=5618800334 next=5671936198 tgt=5750000000 f=0.405 u=0 breach=3 end=
CBAP_MIG t=30055000 epoch=6011 flow=4 side=new cur=5618800334 next=5671936198 tgt=5750000000 f=0.405 u=0 breach=3 end=
CBAP_MIG t=30055000 epoch=6011 flow=5 side=new cur=5618800334 next=5671936198 tgt=5750000000 f=0.405 u=0 breach=3 end=
CBAP_MIG t=30055000 epoch=6011 flow=6 side=new cur=5618800334 next=5671936198 tgt=5750000000 f=0.405 u=0 breach=3 end=
CBAP_MIG t=30055000 epoch=6011 flow=7 side=new cur=5618800334 next=5671936198 tgt=5750000000 f=0.405 u=0 breach=3 end=
CBAP_MIG t=30055000 epoch=6011 flow=8 side=new cur=5618800334 next=5671936198 tgt=5750000000 f=0.405 u=0 breach=3 end=
CBAP_MIG t=30055000 epoch=6011 flow=9 side=new cur=5618800334 next=5671936198 tgt=5750000000 f=0.405 u=0 breach=3 end=
CBAP_MIG t=30055000 epoch=6011 flow=10 side=new cur=5618800334 next=5671936198 tgt=5750000000 f=0.405 u=0 breach=3 end=
CBAP_MIG t=30055000 epoch=6011 flow=11 side=new cur=5618800334 next=5671936198 tgt=5750000000 f=0.405 u=0 breach=3 end=
CBAP_MIG t=30055000 epoch=6011 flow=12 side=new cur=5618800334 next=5671936198 tgt=5750000000 f=0.405 u=0 breach=3 end=
CBAP_MIG t=30055000 epoch=6011 flow=13 side=new cur=5618800334 next=5671936198 tgt=5750000000 f=0.405 u=0 breach=3 end=
CBAP_MIG t=30055000 epoch=6011 flow=14 side=new cur=5618800334 next=5671936198 tgt=5750000000 f=0.405 u=0 breach=3 end=
CBAP_MIG t=30055000 epoch=6011 flow=15 side=new cur=5618800334 next=5671936198 tgt=5750000000 f=0.405 u=0 breach=3 end=
CBAP_MIG t=30055000 epoch=6011 flow=16 side=new cur=5618800334 next=5671936198 tgt=5750000000 f=0.405 u=0 breach=3 end=
CBAP_MIG t=30055000 epoch=6011 flow=17 side=new cur=5618800334 next=5671936198 tgt=5750000000 f=0.405 u=0 breach=3 end=
CBAP_MIG t=30055000 epoch=6011 flow=18 side=new cur=5618800334 next=5671936198 tgt=5750000000 f=0.405 u=0 breach=3 end=
CBAP_MIG t=30055000 epoch=6011 flow=19 side=new cur=5618800334 next=5671936198 tgt=5750000000 f=0.405 u=0 breach=3 end=
CBAP_MIG t=30055000 epoch=6011 flow=20 side=new cur=5618800334 next=5671936198 tgt=5750000000 f=0.405 u=0 breach=3 end=
CBAP_MIG t=30055000 epoch=6011 flow=21 side=new cur=5618800334 next=5671936198 tgt=5750000000 f=0.405 u=0 breach=3 end=
CBAP_MIG t=30055000 epoch=6011 flow=22 side=new cur=5618800334 next=5671936198 tgt=5750000000 f=0.405 u=0 breach=3 end=
CBAP_MIG t=30055000 epoch=6011 flow=23 side=new cur=5618800334 next=5671936198 tgt=5750000000 f=0.405 u=0 breach=3 end=
CBAP_MIG t=30055000 epoch=6011 flow=24 side=new cur=5618800334 next=5671936198 tgt=5750000000 f=0.405 u=0 breach=3 end=
CBAP_MIG t=30055000 epoch=6011 flow=25 side=new cur=5618800334 next=5671936198 tgt=5750000000 f=0.405 u=0 breach=3 end=
CBAP_MIG t=30055000 epoch=6011 flow=26 side=new cur=5618800334 next=5671936198 tgt=5750000000 f=0.405 u=0 breach=3 end=
CBAP_MIG t=30055000 epoch=6011 flow=27 side=new cur=5618800334 next=5671936198 tgt=5750000000 f=0.405 u=0 breach=3 end=
CBAP_MIG t=30055000 epoch=6011 flow=28 side=new cur=5618800334 next=5671936198 tgt=5750000000 f=0.405 u=0 breach=3 end=
CBAP_MIG t=30055000 epoch=6011 flow=29 side=new cur=5618800334 next=5671936198 tgt=5750000000 f=0.405 u=0 breach=3 end=
CBAP_MIG t=30055000 epoch=6011 flow=30 side=new cur=5618800334 next=5671936198 tgt=5750000000 f=0.405 u=0 breach=3 end=
CBAP_MIG t=30055000 epoch=6011 flow=31 side=new cur=5618800334 next=5671936198 tgt=5750000000 f=0.405 u=0 breach=3 end=
CBAP_MIG t=30055000 epoch=6011 flow=32 side=new cur=5618800334 next=5671936198 tgt=5750000000 f=0.405 u=0 breach=3 end=
CBAP_MIG t=30055000 epoch=6011 flow=33 side=new cur=5618800334 next=5671936198 tgt=5750000000 f=0.405 u=0 breach=3 end=
CBAP_MIG t=30055000 epoch=6011 flow=34 side=new cur=5618800334 next=5671936198 tgt=5750000000 f=0.405 u=0 breach=3 end=
CBAP_MIG t=30055000 epoch=6011 flow=35 side=new cur=5618800334 next=5671936198 tgt=5750000000 f=0.405 u=0 breach=3 end=
CBAP_MIG t=30055000 epoch=6011 flow=36 side=new cur=5618800334 next=5671936198 tgt=5750000000 f=0.405 u=0 breach=3 end=
CBAP_MIG t=30055000 epoch=6011 flow=37 side=new cur=5618800334 next=5671936198 tgt=5750000000 f=0.405 u=0 breach=3 end=
CBAP_MIG t=30055000 epoch=6011 flow=38 side=new cur=5618800334 next=5671936198 tgt=5750000000 f=0.405 u=0 breach=3 end=
CBAP_MIG t=30055000 epoch=6011 flow=39 side=new cur=5618800334 next=5671936198 tgt=5750000000 f=0.405 u=0 breach=3 end=
CBAP_MIG t=30055000 epoch=6011 flow=40 side=new cur=5618800334 next=5671936198 tgt=5750000000 f=0.405 u=0 breach=3 end=
CBAP_MIG t=30055000 epoch=6011 flow=41 side=new cur=5618800334 next=5671936198 tgt=5750000000 f=0.405 u=0 breach=3 end=
CBAP_MIG t=30055000 epoch=6011 flow=42 side=new cur=5618800334 next=5671936198 tgt=5750000000 f=0.405 u=0 breach=3 end=
CBAP_MIG t=30055000 epoch=6011 flow=43 side=new cur=5618800334 next=5671936198 tgt=5750000000 f=0.405 u=0 breach=3 end=
CBAP_MIG t=30055000 epoch=6011 flow=44 side=new cur=5618800334 next=5671936198 tgt=5750000000 f=0.405 u=0 breach=3 end=
CBAP_MIG t=30055000 epoch=6011 flow=45 side=new cur=5618800334 next=5671936198 tgt=5750000000 f=0.405 u=0 breach=3 end=
CBAP_MIG t=30055000 epoch=6011 flow=46 side=new cur=5618800334 next=5671936198 tgt=5750000000 f=0.405 u=0 breach=3 end=
CBAP_MIG t=30055000 epoch=6011 flow=47 side=new cur=5618800334 next=5671936198 tgt=5750000000 f=0.405 u=0 breach=3 end=
CBAP_MIG t=30055000 epoch=6011 flow=48 side=new cur=5618800334 next=5671936198 tgt=5750000000 f=0.405 u=0 breach=3 end=
CBAP_MIG t=30055000 epoch=6011 flow=49 side=new cur=5618800334 next=5671936198 tgt=5750000000 f=0.405 u=0 breach=3 end=
CBAP_MIG t=30055000 epoch=6011 flow=50 side=new cur=5618800334 next=5671936198 tgt=5750000000 f=0.405 u=0 breach=3 end=
CBAP_MIG t=30055000 epoch=6011 flow=51 side=new cur=5618800334 next=5671936198 tgt=5750000000 f=0.405 u=0 breach=3 end=
CBAP_MIG t=30055000 epoch=6011 flow=52 side=new cur=5618800334 next=5671936198 tgt=5750000000 f=0.405 u=0 breach=3 end=
CBAP_MIG t=30055000 epoch=6011 flow=53 side=new cur=5618800334 next=5671936198 tgt=5750000000 f=0.405 u=0 breach=3 end=
CBAP_MIG t=30055000 epoch=6011 flow=54 side=new cur=5618800334 next=5671936198 tgt=5750000000 f=0.405 u=0 breach=3 end=
CBAP_MIG t=30055000 epoch=6011 flow=55 side=new cur=5618800334 next=5671936198 tgt=5750000000 f=0.405 u=0 breach=3 end=
CBAP_MIG t=30055000 epoch=6011 flow=56 side=new cur=5618800334 next=5671936198 tgt=5750000000 f=0.405 u=0 breach=3 end=
CBAP_MIG t=30055000 epoch=6011 flow=57 side=new cur=5618800334 next=5671936198 tgt=5750000000 f=0.405 u=0 breach=3 end=
CBAP_MIG t=30055000 epoch=6011 flow=58 side=new cur=5618800334 next=5671936198 tgt=5750000000 f=0.405 u=0 breach=3 end=
CBAP_MIG t=30055000 epoch=6011 flow=59 side=new cur=5618800334 next=5671936198 tgt=5750000000 f=0.405 u=0 breach=3 end=
CBAP_MIG t=30055000 epoch=6011 flow=60 side=new cur=5618800334 next=5671936198 tgt=5750000000 f=0.405 u=0 breach=3 end=
CBAP_MIG t=30055000 epoch=6011 flow=61 side=new cur=5618800334 next=5671936198 tgt=5750000000 f=0.405 u=0 breach=3 end=
CBAP_MIG t=30055000 epoch=6011 flow=62 side=new cur=5618800334 next=5671936198 tgt=5750000000 f=0.405 u=0 breach=3 end=
CBAP_MIG t=30055000 epoch=6011 flow=63 side=new cur=5618800334 next=5671936198 tgt=5750000000 f=0.405 u=0 breach=3 end=
CBAP_MIG t=30055000 epoch=6011 flow=64 side=new cur=5618800334 next=5671936198 tgt=5750000000 f=0.405 u=0 breach=3 end=
CBAP_MIG t=30060000 epoch=6012 flow=0 side=old cur=40135287170 next=37694701018 tgt=31999999999 f=0.3 u=0 breach=0 end=
CBAP_MIG t=30060000 epoch=6012 flow=1 side=new cur=5997886137 next=5923520295 tgt=5750000000 f=0.3 u=0 breach=4 end=
CBAP_MIG t=30060000 epoch=6012 flow=2 side=new cur=5997886137 next=5923520295 tgt=5750000000 f=0.3 u=0 breach=4 end=
CBAP_MIG t=30060000 epoch=6012 flow=3 side=new cur=5997886137 next=5923520295 tgt=5750000000 f=0.3 u=0 breach=4 end=
CBAP_MIG t=30060000 epoch=6012 flow=4 side=new cur=5997886137 next=5923520295 tgt=5750000000 f=0.3 u=0 breach=4 end=
CBAP_MIG t=30060000 epoch=6012 flow=5 side=new cur=5997886137 next=5923520295 tgt=5750000000 f=0.3 u=0 breach=4 end=
CBAP_MIG t=30060000 epoch=6012 flow=6 side=new cur=5997886137 next=5923520295 tgt=5750000000 f=0.3 u=0 breach=4 end=
CBAP_MIG t=30060000 epoch=6012 flow=7 side=new cur=5997886137 next=5923520295 tgt=5750000000 f=0.3 u=0 breach=4 end=
CBAP_MIG t=30060000 epoch=6012 flow=8 side=new cur=5997886137 next=5923520295 tgt=5750000000 f=0.3 u=0 breach=4 end=
CBAP_MIG t=30060000 epoch=6012 flow=9 side=new cur=5997886137 next=5923520295 tgt=5750000000 f=0.3 u=0 breach=4 end=
CBAP_MIG t=30060000 epoch=6012 flow=10 side=new cur=5997886137 next=5923520295 tgt=5750000000 f=0.3 u=0 breach=4 end=
CBAP_MIG t=30060000 epoch=6012 flow=11 side=new cur=5997886137 next=5923520295 tgt=5750000000 f=0.3 u=0 breach=4 end=
CBAP_MIG t=30060000 epoch=6012 flow=12 side=new cur=5997886137 next=5923520295 tgt=5750000000 f=0.3 u=0 breach=4 end=
CBAP_MIG t=30060000 epoch=6012 flow=13 side=new cur=5997886137 next=5923520295 tgt=5750000000 f=0.3 u=0 breach=4 end=
CBAP_MIG t=30060000 epoch=6012 flow=14 side=new cur=5997886137 next=5923520295 tgt=5750000000 f=0.3 u=0 breach=4 end=
CBAP_MIG t=30060000 epoch=6012 flow=15 side=new cur=5997886137 next=5923520295 tgt=5750000000 f=0.3 u=0 breach=4 end=
CBAP_MIG t=30060000 epoch=6012 flow=16 side=new cur=5997886137 next=5923520295 tgt=5750000000 f=0.3 u=0 breach=4 end=
CBAP_MIG t=30060000 epoch=6012 flow=17 side=new cur=5997886137 next=5923520295 tgt=5750000000 f=0.3 u=0 breach=4 end=
CBAP_MIG t=30060000 epoch=6012 flow=18 side=new cur=5997886137 next=5923520295 tgt=5750000000 f=0.3 u=0 breach=4 end=
CBAP_MIG t=30060000 epoch=6012 flow=19 side=new cur=5997886137 next=5923520295 tgt=5750000000 f=0.3 u=0 breach=4 end=
CBAP_MIG t=30060000 epoch=6012 flow=20 side=new cur=5997886137 next=5923520295 tgt=5750000000 f=0.3 u=0 breach=4 end=
CBAP_MIG t=30060000 epoch=6012 flow=21 side=new cur=5997886137 next=5923520295 tgt=5750000000 f=0.3 u=0 breach=4 end=
CBAP_MIG t=30060000 epoch=6012 flow=22 side=new cur=5997886137 next=5923520295 tgt=5750000000 f=0.3 u=0 breach=4 end=
CBAP_MIG t=30060000 epoch=6012 flow=23 side=new cur=5997886137 next=5923520295 tgt=5750000000 f=0.3 u=0 breach=4 end=
CBAP_MIG t=30060000 epoch=6012 flow=24 side=new cur=5997886137 next=5923520295 tgt=5750000000 f=0.3 u=0 breach=4 end=
CBAP_MIG t=30060000 epoch=6012 flow=25 side=new cur=5997886137 next=5923520295 tgt=5750000000 f=0.3 u=0 breach=4 end=
CBAP_MIG t=30060000 epoch=6012 flow=26 side=new cur=5997886137 next=5923520295 tgt=5750000000 f=0.3 u=0 breach=4 end=
CBAP_MIG t=30060000 epoch=6012 flow=27 side=new cur=5997886137 next=5923520295 tgt=5750000000 f=0.3 u=0 breach=4 end=
CBAP_MIG t=30060000 epoch=6012 flow=28 side=new cur=5997886137 next=5923520295 tgt=5750000000 f=0.3 u=0 breach=4 end=
CBAP_MIG t=30060000 epoch=6012 flow=29 side=new cur=5997886137 next=5923520295 tgt=5750000000 f=0.3 u=0 breach=4 end=
CBAP_MIG t=30060000 epoch=6012 flow=30 side=new cur=5997886137 next=5923520295 tgt=5750000000 f=0.3 u=0 breach=4 end=
CBAP_MIG t=30060000 epoch=6012 flow=31 side=new cur=5997886137 next=5923520295 tgt=5750000000 f=0.3 u=0 breach=4 end=
CBAP_MIG t=30060000 epoch=6012 flow=32 side=new cur=5997886137 next=5923520295 tgt=5750000000 f=0.3 u=0 breach=4 end=
CBAP_MIG t=30060000 epoch=6012 flow=33 side=new cur=5997886137 next=5923520295 tgt=5750000000 f=0.3 u=0 breach=4 end=
CBAP_MIG t=30060000 epoch=6012 flow=34 side=new cur=5997886137 next=5923520295 tgt=5750000000 f=0.3 u=0 breach=4 end=
CBAP_MIG t=30060000 epoch=6012 flow=35 side=new cur=5997886137 next=5923520295 tgt=5750000000 f=0.3 u=0 breach=4 end=
CBAP_MIG t=30060000 epoch=6012 flow=36 side=new cur=5997886137 next=5923520295 tgt=5750000000 f=0.3 u=0 breach=4 end=
CBAP_MIG t=30060000 epoch=6012 flow=37 side=new cur=5997886137 next=5923520295 tgt=5750000000 f=0.3 u=0 breach=4 end=
CBAP_MIG t=30060000 epoch=6012 flow=38 side=new cur=5997886137 next=5923520295 tgt=5750000000 f=0.3 u=0 breach=4 end=
CBAP_MIG t=30060000 epoch=6012 flow=39 side=new cur=5997886137 next=5923520295 tgt=5750000000 f=0.3 u=0 breach=4 end=
CBAP_MIG t=30060000 epoch=6012 flow=40 side=new cur=5997886137 next=5923520295 tgt=5750000000 f=0.3 u=0 breach=4 end=
CBAP_MIG t=30060000 epoch=6012 flow=41 side=new cur=5997886137 next=5923520295 tgt=5750000000 f=0.3 u=0 breach=4 end=
CBAP_MIG t=30060000 epoch=6012 flow=42 side=new cur=5997886137 next=5923520295 tgt=5750000000 f=0.3 u=0 breach=4 end=
CBAP_MIG t=30060000 epoch=6012 flow=43 side=new cur=5997886137 next=5923520295 tgt=5750000000 f=0.3 u=0 breach=4 end=
CBAP_MIG t=30060000 epoch=6012 flow=44 side=new cur=5997886137 next=5923520295 tgt=5750000000 f=0.3 u=0 breach=4 end=
CBAP_MIG t=30060000 epoch=6012 flow=45 side=new cur=5997886137 next=5923520295 tgt=5750000000 f=0.3 u=0 breach=4 end=
CBAP_MIG t=30060000 epoch=6012 flow=46 side=new cur=5997886137 next=5923520295 tgt=5750000000 f=0.3 u=0 breach=4 end=
CBAP_MIG t=30060000 epoch=6012 flow=47 side=new cur=5997886137 next=5923520295 tgt=5750000000 f=0.3 u=0 breach=4 end=
CBAP_MIG t=30060000 epoch=6012 flow=48 side=new cur=5997886137 next=5923520295 tgt=5750000000 f=0.3 u=0 breach=4 end=
CBAP_MIG t=30060000 epoch=6012 flow=49 side=new cur=5997886137 next=5923520295 tgt=5750000000 f=0.3 u=0 breach=4 end=
CBAP_MIG t=30060000 epoch=6012 flow=50 side=new cur=5997886137 next=5923520295 tgt=5750000000 f=0.3 u=0 breach=4 end=
CBAP_MIG t=30060000 epoch=6012 flow=51 side=new cur=5997886137 next=5923520295 tgt=5750000000 f=0.3 u=0 breach=4 end=
CBAP_MIG t=30060000 epoch=6012 flow=52 side=new cur=5997886137 next=5923520295 tgt=5750000000 f=0.3 u=0 breach=4 end=
CBAP_MIG t=30060000 epoch=6012 flow=53 side=new cur=5997886137 next=5923520295 tgt=5750000000 f=0.3 u=0 breach=4 end=
CBAP_MIG t=30060000 epoch=6012 flow=54 side=new cur=5997886137 next=5923520295 tgt=5750000000 f=0.3 u=0 breach=4 end=
CBAP_MIG t=30060000 epoch=6012 flow=55 side=new cur=5997886137 next=5923520295 tgt=5750000000 f=0.3 u=0 breach=4 end=
CBAP_MIG t=30060000 epoch=6012 flow=56 side=new cur=5997886137 next=5923520295 tgt=5750000000 f=0.3 u=0 breach=4 end=
CBAP_MIG t=30060000 epoch=6012 flow=57 side=new cur=5997886137 next=5923520295 tgt=5750000000 f=0.3 u=0 breach=4 end=
CBAP_MIG t=30060000 epoch=6012 flow=58 side=new cur=5997886137 next=5923520295 tgt=5750000000 f=0.3 u=0 breach=4 end=
CBAP_MIG t=30060000 epoch=6012 flow=59 side=new cur=5997886137 next=5923520295 tgt=5750000000 f=0.3 u=0 breach=4 end=
CBAP_MIG t=30060000 epoch=6012 flow=60 side=new cur=5997886137 next=5923520295 tgt=5750000000 f=0.3 u=0 breach=4 end=
CBAP_MIG t=30060000 epoch=6012 flow=61 side=new cur=5997886137 next=5923520295 tgt=5750000000 f=0.3 u=0 breach=4 end=
CBAP_MIG t=30060000 epoch=6012 flow=62 side=new cur=5997886137 next=5923520295 tgt=5750000000 f=0.3 u=0 breach=4 end=
CBAP_MIG t=30060000 epoch=6012 flow=63 side=new cur=5997886137 next=5923520295 tgt=5750000000 f=0.3 u=0 breach=4 end=
CBAP_MIG t=30060000 epoch=6012 flow=64 side=new cur=5997886137 next=5923520295 tgt=5750000000 f=0.3 u=0 breach=4 end=
CBAP_MIG t=30065000 epoch=6013 flow=0 side=old cur=37694701018 next=35986290712 tgt=31999999999 f=0.3 u=0 breach=0 end=
CBAP_MIG t=30065000 epoch=6013 flow=1 side=new cur=6036020296 next=5950214207 tgt=5750000000 f=0.3 u=0 breach=5 end=
CBAP_MIG t=30065000 epoch=6013 flow=2 side=new cur=6036020296 next=5950214207 tgt=5750000000 f=0.3 u=0 breach=5 end=
CBAP_MIG t=30065000 epoch=6013 flow=3 side=new cur=6036020296 next=5950214207 tgt=5750000000 f=0.3 u=0 breach=5 end=
CBAP_MIG t=30065000 epoch=6013 flow=4 side=new cur=6036020296 next=5950214207 tgt=5750000000 f=0.3 u=0 breach=5 end=
CBAP_MIG t=30065000 epoch=6013 flow=5 side=new cur=6036020296 next=5950214207 tgt=5750000000 f=0.3 u=0 breach=5 end=
CBAP_MIG t=30065000 epoch=6013 flow=6 side=new cur=6036020296 next=5950214207 tgt=5750000000 f=0.3 u=0 breach=5 end=
CBAP_MIG t=30065000 epoch=6013 flow=7 side=new cur=6036020296 next=5950214207 tgt=5750000000 f=0.3 u=0 breach=5 end=
CBAP_MIG t=30065000 epoch=6013 flow=8 side=new cur=6036020296 next=5950214207 tgt=5750000000 f=0.3 u=0 breach=5 end=
CBAP_MIG t=30065000 epoch=6013 flow=9 side=new cur=6036020296 next=5950214207 tgt=5750000000 f=0.3 u=0 breach=5 end=
CBAP_MIG t=30065000 epoch=6013 flow=10 side=new cur=6036020296 next=5950214207 tgt=5750000000 f=0.3 u=0 breach=5 end=
CBAP_MIG t=30065000 epoch=6013 flow=11 side=new cur=6036020296 next=5950214207 tgt=5750000000 f=0.3 u=0 breach=5 end=
CBAP_MIG t=30065000 epoch=6013 flow=12 side=new cur=6036020296 next=5950214207 tgt=5750000000 f=0.3 u=0 breach=5 end=
CBAP_MIG t=30065000 epoch=6013 flow=13 side=new cur=6036020296 next=5950214207 tgt=5750000000 f=0.3 u=0 breach=5 end=
CBAP_MIG t=30065000 epoch=6013 flow=14 side=new cur=6036020296 next=5950214207 tgt=5750000000 f=0.3 u=0 breach=5 end=
CBAP_MIG t=30065000 epoch=6013 flow=15 side=new cur=6036020296 next=5950214207 tgt=5750000000 f=0.3 u=0 breach=5 end=
CBAP_MIG t=30065000 epoch=6013 flow=16 side=new cur=6036020296 next=5950214207 tgt=5750000000 f=0.3 u=0 breach=5 end=
CBAP_MIG t=30065000 epoch=6013 flow=17 side=new cur=6036020296 next=5950214207 tgt=5750000000 f=0.3 u=0 breach=5 end=
CBAP_MIG t=30065000 epoch=6013 flow=18 side=new cur=6036020296 next=5950214207 tgt=5750000000 f=0.3 u=0 breach=5 end=
CBAP_MIG t=30065000 epoch=6013 flow=19 side=new cur=6036020296 next=5950214207 tgt=5750000000 f=0.3 u=0 breach=5 end=
CBAP_MIG t=30065000 epoch=6013 flow=20 side=new cur=6036020296 next=5950214207 tgt=5750000000 f=0.3 u=0 breach=5 end=
CBAP_MIG t=30065000 epoch=6013 flow=21 side=new cur=6036020296 next=5950214207 tgt=5750000000 f=0.3 u=0 breach=5 end=
CBAP_MIG t=30065000 epoch=6013 flow=22 side=new cur=6036020296 next=5950214207 tgt=5750000000 f=0.3 u=0 breach=5 end=
CBAP_MIG t=30065000 epoch=6013 flow=23 side=new cur=6036020296 next=5950214207 tgt=5750000000 f=0.3 u=0 breach=5 end=
CBAP_MIG t=30065000 epoch=6013 flow=24 side=new cur=6036020296 next=5950214207 tgt=5750000000 f=0.3 u=0 breach=5 end=
CBAP_MIG t=30065000 epoch=6013 flow=25 side=new cur=6036020296 next=5950214207 tgt=5750000000 f=0.3 u=0 breach=5 end=
CBAP_MIG t=30065000 epoch=6013 flow=26 side=new cur=6036020296 next=5950214207 tgt=5750000000 f=0.3 u=0 breach=5 end=
CBAP_MIG t=30065000 epoch=6013 flow=27 side=new cur=6036020296 next=5950214207 tgt=5750000000 f=0.3 u=0 breach=5 end=
CBAP_MIG t=30065000 epoch=6013 flow=28 side=new cur=6036020296 next=5950214207 tgt=5750000000 f=0.3 u=0 breach=5 end=
CBAP_MIG t=30065000 epoch=6013 flow=29 side=new cur=6036020296 next=5950214207 tgt=5750000000 f=0.3 u=0 breach=5 end=
CBAP_MIG t=30065000 epoch=6013 flow=30 side=new cur=6036020296 next=5950214207 tgt=5750000000 f=0.3 u=0 breach=5 end=
CBAP_MIG t=30065000 epoch=6013 flow=31 side=new cur=6036020296 next=5950214207 tgt=5750000000 f=0.3 u=0 breach=5 end=
CBAP_MIG t=30065000 epoch=6013 flow=32 side=new cur=6036020296 next=5950214207 tgt=5750000000 f=0.3 u=0 breach=5 end=
CBAP_MIG t=30065000 epoch=6013 flow=33 side=new cur=6036020296 next=5950214207 tgt=5750000000 f=0.3 u=0 breach=5 end=
CBAP_MIG t=30065000 epoch=6013 flow=34 side=new cur=6036020296 next=5950214207 tgt=5750000000 f=0.3 u=0 breach=5 end=
CBAP_MIG t=30065000 epoch=6013 flow=35 side=new cur=6036020296 next=5950214207 tgt=5750000000 f=0.3 u=0 breach=5 end=
CBAP_MIG t=30065000 epoch=6013 flow=36 side=new cur=6036020296 next=5950214207 tgt=5750000000 f=0.3 u=0 breach=5 end=
CBAP_MIG t=30065000 epoch=6013 flow=37 side=new cur=6036020296 next=5950214207 tgt=5750000000 f=0.3 u=0 breach=5 end=
CBAP_MIG t=30065000 epoch=6013 flow=38 side=new cur=6036020296 next=5950214207 tgt=5750000000 f=0.3 u=0 breach=5 end=
CBAP_MIG t=30065000 epoch=6013 flow=39 side=new cur=6036020296 next=5950214207 tgt=5750000000 f=0.3 u=0 breach=5 end=
CBAP_MIG t=30065000 epoch=6013 flow=40 side=new cur=6036020296 next=5950214207 tgt=5750000000 f=0.3 u=0 breach=5 end=
CBAP_MIG t=30065000 epoch=6013 flow=41 side=new cur=6036020296 next=5950214207 tgt=5750000000 f=0.3 u=0 breach=5 end=
CBAP_MIG t=30065000 epoch=6013 flow=42 side=new cur=6036020296 next=5950214207 tgt=5750000000 f=0.3 u=0 breach=5 end=
CBAP_MIG t=30065000 epoch=6013 flow=43 side=new cur=6036020296 next=5950214207 tgt=5750000000 f=0.3 u=0 breach=5 end=
CBAP_MIG t=30065000 epoch=6013 flow=44 side=new cur=6036020296 next=5950214207 tgt=5750000000 f=0.3 u=0 breach=5 end=
CBAP_MIG t=30065000 epoch=6013 flow=45 side=new cur=6036020296 next=5950214207 tgt=5750000000 f=0.3 u=0 breach=5 end=
CBAP_MIG t=30065000 epoch=6013 flow=46 side=new cur=6036020296 next=5950214207 tgt=5750000000 f=0.3 u=0 breach=5 end=
CBAP_MIG t=30065000 epoch=6013 flow=47 side=new cur=6036020296 next=5950214207 tgt=5750000000 f=0.3 u=0 breach=5 end=
CBAP_MIG t=30065000 epoch=6013 flow=48 side=new cur=6036020296 next=5950214207 tgt=5750000000 f=0.3 u=0 breach=5 end=
CBAP_MIG t=30065000 epoch=6013 flow=49 side=new cur=6036020296 next=5950214207 tgt=5750000000 f=0.3 u=0 breach=5 end=
CBAP_MIG t=30065000 epoch=6013 flow=50 side=new cur=6036020296 next=5950214207 tgt=5750000000 f=0.3 u=0 breach=5 end=
CBAP_MIG t=30065000 epoch=6013 flow=51 side=new cur=6036020296 next=5950214207 tgt=5750000000 f=0.3 u=0 breach=5 end=
CBAP_MIG t=30065000 epoch=6013 flow=52 side=new cur=6036020296 next=5950214207 tgt=5750000000 f=0.3 u=0 breach=5 end=
CBAP_MIG t=30065000 epoch=6013 flow=53 side=new cur=6036020296 next=5950214207 tgt=5750000000 f=0.3 u=0 breach=5 end=
CBAP_MIG t=30065000 epoch=6013 flow=54 side=new cur=6036020296 next=5950214207 tgt=5750000000 f=0.3 u=0 breach=5 end=
CBAP_MIG t=30065000 epoch=6013 flow=55 side=new cur=6036020296 next=5950214207 tgt=5750000000 f=0.3 u=0 breach=5 end=
CBAP_MIG t=30065000 epoch=6013 flow=56 side=new cur=6036020296 next=5950214207 tgt=5750000000 f=0.3 u=0 breach=5 end=
CBAP_MIG t=30065000 epoch=6013 flow=57 side=new cur=6036020296 next=5950214207 tgt=5750000000 f=0.3 u=0 breach=5 end=
CBAP_MIG t=30065000 epoch=6013 flow=58 side=new cur=6036020296 next=5950214207 tgt=5750000000 f=0.3 u=0 breach=5 end=
CBAP_MIG t=30065000 epoch=6013 flow=59 side=new cur=6036020296 next=5950214207 tgt=5750000000 f=0.3 u=0 breach=5 end=
CBAP_MIG t=30065000 epoch=6013 flow=60 side=new cur=6036020296 next=5950214207 tgt=5750000000 f=0.3 u=0 breach=5 end=
CBAP_MIG t=30065000 epoch=6013 flow=61 side=new cur=6036020296 next=5950214207 tgt=5750000000 f=0.3 u=0 breach=5 end=
CBAP_MIG t=30065000 epoch=6013 flow=62 side=new cur=6036020296 next=5950214207 tgt=5750000000 f=0.3 u=0 breach=5 end=
CBAP_MIG t=30065000 epoch=6013 flow=63 side=new cur=6036020296 next=5950214207 tgt=5750000000 f=0.3 u=0 breach=5 end=
CBAP_MIG t=30065000 epoch=6013 flow=64 side=new cur=6036020296 next=5950214207 tgt=5750000000 f=0.3 u=0 breach=5 end=
CBAP_MIG t=30070000 epoch=6014 flow=0 side=old cur=35986290712 next=34790403498 tgt=31999999999 f=0.3 u=0 breach=0 end=
CBAP_MIG t=30070000 epoch=6014 flow=1 side=new cur=6062714207 next=5968899944 tgt=5750000000 f=0.3 u=0 breach=6 end=
CBAP_MIG t=30070000 epoch=6014 flow=2 side=new cur=6062714207 next=5968899944 tgt=5750000000 f=0.3 u=0 breach=6 end=
CBAP_MIG t=30070000 epoch=6014 flow=3 side=new cur=6062714207 next=5968899944 tgt=5750000000 f=0.3 u=0 breach=6 end=
CBAP_MIG t=30070000 epoch=6014 flow=4 side=new cur=6062714207 next=5968899944 tgt=5750000000 f=0.3 u=0 breach=6 end=
CBAP_MIG t=30070000 epoch=6014 flow=5 side=new cur=6062714207 next=5968899944 tgt=5750000000 f=0.3 u=0 breach=6 end=
CBAP_MIG t=30070000 epoch=6014 flow=6 side=new cur=6062714207 next=5968899944 tgt=5750000000 f=0.3 u=0 breach=6 end=
CBAP_MIG t=30070000 epoch=6014 flow=7 side=new cur=6062714207 next=5968899944 tgt=5750000000 f=0.3 u=0 breach=6 end=
CBAP_MIG t=30070000 epoch=6014 flow=8 side=new cur=6062714207 next=5968899944 tgt=5750000000 f=0.3 u=0 breach=6 end=
CBAP_MIG t=30070000 epoch=6014 flow=9 side=new cur=6062714207 next=5968899944 tgt=5750000000 f=0.3 u=0 breach=6 end=
CBAP_MIG t=30070000 epoch=6014 flow=10 side=new cur=6062714207 next=5968899944 tgt=5750000000 f=0.3 u=0 breach=6 end=
CBAP_MIG t=30070000 epoch=6014 flow=11 side=new cur=6062714207 next=5968899944 tgt=5750000000 f=0.3 u=0 breach=6 end=
CBAP_MIG t=30070000 epoch=6014 flow=12 side=new cur=6062714207 next=5968899944 tgt=5750000000 f=0.3 u=0 breach=6 end=
CBAP_MIG t=30070000 epoch=6014 flow=13 side=new cur=6062714207 next=5968899944 tgt=5750000000 f=0.3 u=0 breach=6 end=
CBAP_MIG t=30070000 epoch=6014 flow=14 side=new cur=6062714207 next=5968899944 tgt=5750000000 f=0.3 u=0 breach=6 end=
CBAP_MIG t=30070000 epoch=6014 flow=15 side=new cur=6062714207 next=5968899944 tgt=5750000000 f=0.3 u=0 breach=6 end=
CBAP_MIG t=30070000 epoch=6014 flow=16 side=new cur=6062714207 next=5968899944 tgt=5750000000 f=0.3 u=0 breach=6 end=
CBAP_MIG t=30070000 epoch=6014 flow=17 side=new cur=6062714207 next=5968899944 tgt=5750000000 f=0.3 u=0 breach=6 end=
CBAP_MIG t=30070000 epoch=6014 flow=18 side=new cur=6062714207 next=5968899944 tgt=5750000000 f=0.3 u=0 breach=6 end=
CBAP_MIG t=30070000 epoch=6014 flow=19 side=new cur=6062714207 next=5968899944 tgt=5750000000 f=0.3 u=0 breach=6 end=
CBAP_MIG t=30070000 epoch=6014 flow=20 side=new cur=6062714207 next=5968899944 tgt=5750000000 f=0.3 u=0 breach=6 end=
CBAP_MIG t=30070000 epoch=6014 flow=21 side=new cur=6062714207 next=5968899944 tgt=5750000000 f=0.3 u=0 breach=6 end=
CBAP_MIG t=30070000 epoch=6014 flow=22 side=new cur=6062714207 next=5968899944 tgt=5750000000 f=0.3 u=0 breach=6 end=
CBAP_MIG t=30070000 epoch=6014 flow=23 side=new cur=6062714207 next=5968899944 tgt=5750000000 f=0.3 u=0 breach=6 end=
CBAP_MIG t=30070000 epoch=6014 flow=24 side=new cur=6062714207 next=5968899944 tgt=5750000000 f=0.3 u=0 breach=6 end=
CBAP_MIG t=30070000 epoch=6014 flow=25 side=new cur=6062714207 next=5968899944 tgt=5750000000 f=0.3 u=0 breach=6 end=
CBAP_MIG t=30070000 epoch=6014 flow=26 side=new cur=6062714207 next=5968899944 tgt=5750000000 f=0.3 u=0 breach=6 end=
CBAP_MIG t=30070000 epoch=6014 flow=27 side=new cur=6062714207 next=5968899944 tgt=5750000000 f=0.3 u=0 breach=6 end=
CBAP_MIG t=30070000 epoch=6014 flow=28 side=new cur=6062714207 next=5968899944 tgt=5750000000 f=0.3 u=0 breach=6 end=
CBAP_MIG t=30070000 epoch=6014 flow=29 side=new cur=6062714207 next=5968899944 tgt=5750000000 f=0.3 u=0 breach=6 end=
CBAP_MIG t=30070000 epoch=6014 flow=30 side=new cur=6062714207 next=5968899944 tgt=5750000000 f=0.3 u=0 breach=6 end=
CBAP_MIG t=30070000 epoch=6014 flow=31 side=new cur=6062714207 next=5968899944 tgt=5750000000 f=0.3 u=0 breach=6 end=
CBAP_MIG t=30070000 epoch=6014 flow=32 side=new cur=6062714207 next=5968899944 tgt=5750000000 f=0.3 u=0 breach=6 end=
CBAP_MIG t=30070000 epoch=6014 flow=33 side=new cur=6062714207 next=5968899944 tgt=5750000000 f=0.3 u=0 breach=6 end=
CBAP_MIG t=30070000 epoch=6014 flow=34 side=new cur=6062714207 next=5968899944 tgt=5750000000 f=0.3 u=0 breach=6 end=
CBAP_MIG t=30070000 epoch=6014 flow=35 side=new cur=6062714207 next=5968899944 tgt=5750000000 f=0.3 u=0 breach=6 end=
CBAP_MIG t=30070000 epoch=6014 flow=36 side=new cur=6062714207 next=5968899944 tgt=5750000000 f=0.3 u=0 breach=6 end=
CBAP_MIG t=30070000 epoch=6014 flow=37 side=new cur=6062714207 next=5968899944 tgt=5750000000 f=0.3 u=0 breach=6 end=
CBAP_MIG t=30070000 epoch=6014 flow=38 side=new cur=6062714207 next=5968899944 tgt=5750000000 f=0.3 u=0 breach=6 end=
CBAP_MIG t=30070000 epoch=6014 flow=39 side=new cur=6062714207 next=5968899944 tgt=5750000000 f=0.3 u=0 breach=6 end=
CBAP_MIG t=30070000 epoch=6014 flow=40 side=new cur=6062714207 next=5968899944 tgt=5750000000 f=0.3 u=0 breach=6 end=
CBAP_MIG t=30070000 epoch=6014 flow=41 side=new cur=6062714207 next=5968899944 tgt=5750000000 f=0.3 u=0 breach=6 end=
CBAP_MIG t=30070000 epoch=6014 flow=42 side=new cur=6062714207 next=5968899944 tgt=5750000000 f=0.3 u=0 breach=6 end=
CBAP_MIG t=30070000 epoch=6014 flow=43 side=new cur=6062714207 next=5968899944 tgt=5750000000 f=0.3 u=0 breach=6 end=
CBAP_MIG t=30070000 epoch=6014 flow=44 side=new cur=6062714207 next=5968899944 tgt=5750000000 f=0.3 u=0 breach=6 end=
CBAP_MIG t=30070000 epoch=6014 flow=45 side=new cur=6062714207 next=5968899944 tgt=5750000000 f=0.3 u=0 breach=6 end=
CBAP_MIG t=30070000 epoch=6014 flow=46 side=new cur=6062714207 next=5968899944 tgt=5750000000 f=0.3 u=0 breach=6 end=
CBAP_MIG t=30070000 epoch=6014 flow=47 side=new cur=6062714207 next=5968899944 tgt=5750000000 f=0.3 u=0 breach=6 end=
CBAP_MIG t=30070000 epoch=6014 flow=48 side=new cur=6062714207 next=5968899944 tgt=5750000000 f=0.3 u=0 breach=6 end=
CBAP_MIG t=30070000 epoch=6014 flow=49 side=new cur=6062714207 next=5968899944 tgt=5750000000 f=0.3 u=0 breach=6 end=
CBAP_MIG t=30070000 epoch=6014 flow=50 side=new cur=6062714207 next=5968899944 tgt=5750000000 f=0.3 u=0 breach=6 end=
CBAP_MIG t=30070000 epoch=6014 flow=51 side=new cur=6062714207 next=5968899944 tgt=5750000000 f=0.3 u=0 breach=6 end=
CBAP_MIG t=30070000 epoch=6014 flow=52 side=new cur=6062714207 next=5968899944 tgt=5750000000 f=0.3 u=0 breach=6 end=
CBAP_MIG t=30070000 epoch=6014 flow=53 side=new cur=6062714207 next=5968899944 tgt=5750000000 f=0.3 u=0 breach=6 end=
CBAP_MIG t=30070000 epoch=6014 flow=54 side=new cur=6062714207 next=5968899944 tgt=5750000000 f=0.3 u=0 breach=6 end=
CBAP_MIG t=30070000 epoch=6014 flow=55 side=new cur=6062714207 next=5968899944 tgt=5750000000 f=0.3 u=0 breach=6 end=
CBAP_MIG t=30070000 epoch=6014 flow=56 side=new cur=6062714207 next=5968899944 tgt=5750000000 f=0.3 u=0 breach=6 end=
CBAP_MIG t=30070000 epoch=6014 flow=57 side=new cur=6062714207 next=5968899944 tgt=5750000000 f=0.3 u=0 breach=6 end=
CBAP_MIG t=30070000 epoch=6014 flow=58 side=new cur=6062714207 next=5968899944 tgt=5750000000 f=0.3 u=0 breach=6 end=
CBAP_MIG t=30070000 epoch=6014 flow=59 side=new cur=6062714207 next=5968899944 tgt=5750000000 f=0.3 u=0 breach=6 end=
CBAP_MIG t=30070000 epoch=6014 flow=60 side=new cur=6062714207 next=5968899944 tgt=5750000000 f=0.3 u=0 breach=6 end=
CBAP_MIG t=30070000 epoch=6014 flow=61 side=new cur=6062714207 next=5968899944 tgt=5750000000 f=0.3 u=0 breach=6 end=
CBAP_MIG t=30070000 epoch=6014 flow=62 side=new cur=6062714207 next=5968899944 tgt=5750000000 f=0.3 u=0 breach=6 end=
CBAP_MIG t=30070000 epoch=6014 flow=63 side=new cur=6062714207 next=5968899944 tgt=5750000000 f=0.3 u=0 breach=6 end=
CBAP_MIG t=30070000 epoch=6014 flow=64 side=new cur=6062714207 next=5968899944 tgt=5750000000 f=0.3 u=0 breach=6 end=
CBAP_MIG t=30075000 epoch=6015 flow=0 side=old cur=34790403498 next=33953282448 tgt=31999999999 f=0.3 u=0 breach=0 end=deadline_retargeted
CBAP_MIG t=30075000 epoch=6015 flow=1 side=new cur=5706399945 next=5724057967 tgt=5750000000 f=0.405 u=0 breach=6 end=converged
CBAP_MIG t=30075000 epoch=6015 flow=2 side=new cur=5706399945 next=5724057967 tgt=5750000000 f=0.405 u=0 breach=6 end=converged
CBAP_MIG t=30075000 epoch=6015 flow=3 side=new cur=5706399945 next=5724057967 tgt=5750000000 f=0.405 u=0 breach=6 end=converged
CBAP_MIG t=30075000 epoch=6015 flow=4 side=new cur=5706399945 next=5724057967 tgt=5750000000 f=0.405 u=0 breach=6 end=converged
CBAP_MIG t=30075000 epoch=6015 flow=5 side=new cur=5706399945 next=5724057967 tgt=5750000000 f=0.405 u=0 breach=6 end=converged
CBAP_MIG t=30075000 epoch=6015 flow=6 side=new cur=5706399945 next=5724057967 tgt=5750000000 f=0.405 u=0 breach=6 end=converged
CBAP_MIG t=30075000 epoch=6015 flow=7 side=new cur=5706399945 next=5724057967 tgt=5750000000 f=0.405 u=0 breach=6 end=converged
CBAP_MIG t=30075000 epoch=6015 flow=8 side=new cur=5706399945 next=5724057967 tgt=5750000000 f=0.405 u=0 breach=6 end=converged
CBAP_MIG t=30075000 epoch=6015 flow=9 side=new cur=5706399945 next=5724057967 tgt=5750000000 f=0.405 u=0 breach=6 end=converged
CBAP_MIG t=30075000 epoch=6015 flow=10 side=new cur=5706399945 next=5724057967 tgt=5750000000 f=0.405 u=0 breach=6 end=converged
CBAP_MIG t=30075000 epoch=6015 flow=11 side=new cur=5706399945 next=5724057967 tgt=5750000000 f=0.405 u=0 breach=6 end=converged
CBAP_MIG t=30075000 epoch=6015 flow=12 side=new cur=5706399945 next=5724057967 tgt=5750000000 f=0.405 u=0 breach=6 end=converged
CBAP_MIG t=30075000 epoch=6015 flow=13 side=new cur=5706399945 next=5724057967 tgt=5750000000 f=0.405 u=0 breach=6 end=converged
CBAP_MIG t=30075000 epoch=6015 flow=14 side=new cur=5706399945 next=5724057967 tgt=5750000000 f=0.405 u=0 breach=6 end=converged
CBAP_MIG t=30075000 epoch=6015 flow=15 side=new cur=5706399945 next=5724057967 tgt=5750000000 f=0.405 u=0 breach=6 end=converged
CBAP_MIG t=30075000 epoch=6015 flow=16 side=new cur=5706399945 next=5724057967 tgt=5750000000 f=0.405 u=0 breach=6 end=converged
CBAP_MIG t=30075000 epoch=6015 flow=17 side=new cur=5706399945 next=5724057967 tgt=5750000000 f=0.405 u=0 breach=6 end=converged
CBAP_MIG t=30075000 epoch=6015 flow=18 side=new cur=5706399945 next=5724057967 tgt=5750000000 f=0.405 u=0 breach=6 end=converged
CBAP_MIG t=30075000 epoch=6015 flow=19 side=new cur=5706399945 next=5724057967 tgt=5750000000 f=0.405 u=0 breach=6 end=converged
CBAP_MIG t=30075000 epoch=6015 flow=20 side=new cur=5706399945 next=5724057967 tgt=5750000000 f=0.405 u=0 breach=6 end=converged
CBAP_MIG t=30075000 epoch=6015 flow=21 side=new cur=5706399945 next=5724057967 tgt=5750000000 f=0.405 u=0 breach=6 end=converged
CBAP_MIG t=30075000 epoch=6015 flow=22 side=new cur=5706399945 next=5724057967 tgt=5750000000 f=0.405 u=0 breach=6 end=converged
CBAP_MIG t=30075000 epoch=6015 flow=23 side=new cur=5706399945 next=5724057967 tgt=5750000000 f=0.405 u=0 breach=6 end=converged
CBAP_MIG t=30075000 epoch=6015 flow=24 side=new cur=5706399945 next=5724057967 tgt=5750000000 f=0.405 u=0 breach=6 end=converged
CBAP_MIG t=30075000 epoch=6015 flow=25 side=new cur=5706399945 next=5724057967 tgt=5750000000 f=0.405 u=0 breach=6 end=converged
CBAP_MIG t=30075000 epoch=6015 flow=26 side=new cur=5706399945 next=5724057967 tgt=5750000000 f=0.405 u=0 breach=6 end=converged
CBAP_MIG t=30075000 epoch=6015 flow=27 side=new cur=5706399945 next=5724057967 tgt=5750000000 f=0.405 u=0 breach=6 end=converged
CBAP_MIG t=30075000 epoch=6015 flow=28 side=new cur=5706399945 next=5724057967 tgt=5750000000 f=0.405 u=0 breach=6 end=converged
CBAP_MIG t=30075000 epoch=6015 flow=29 side=new cur=5706399945 next=5724057967 tgt=5750000000 f=0.405 u=0 breach=6 end=converged
CBAP_MIG t=30075000 epoch=6015 flow=30 side=new cur=5706399945 next=5724057967 tgt=5750000000 f=0.405 u=0 breach=6 end=converged
CBAP_MIG t=30075000 epoch=6015 flow=31 side=new cur=5706399945 next=5724057967 tgt=5750000000 f=0.405 u=0 breach=6 end=converged
CBAP_MIG t=30075000 epoch=6015 flow=32 side=new cur=5706399945 next=5724057967 tgt=5750000000 f=0.405 u=0 breach=6 end=converged
CBAP_MIG t=30075000 epoch=6015 flow=33 side=new cur=5706399945 next=5724057967 tgt=5750000000 f=0.405 u=0 breach=6 end=converged
CBAP_MIG t=30075000 epoch=6015 flow=34 side=new cur=5706399945 next=5724057967 tgt=5750000000 f=0.405 u=0 breach=6 end=converged
CBAP_MIG t=30075000 epoch=6015 flow=35 side=new cur=5706399945 next=5724057967 tgt=5750000000 f=0.405 u=0 breach=6 end=converged
CBAP_MIG t=30075000 epoch=6015 flow=36 side=new cur=5706399945 next=5724057967 tgt=5750000000 f=0.405 u=0 breach=6 end=converged
CBAP_MIG t=30075000 epoch=6015 flow=37 side=new cur=5706399945 next=5724057967 tgt=5750000000 f=0.405 u=0 breach=6 end=converged
CBAP_MIG t=30075000 epoch=6015 flow=38 side=new cur=5706399945 next=5724057967 tgt=5750000000 f=0.405 u=0 breach=6 end=converged
CBAP_MIG t=30075000 epoch=6015 flow=39 side=new cur=5706399945 next=5724057967 tgt=5750000000 f=0.405 u=0 breach=6 end=converged
CBAP_MIG t=30075000 epoch=6015 flow=40 side=new cur=5706399945 next=5724057967 tgt=5750000000 f=0.405 u=0 breach=6 end=converged
CBAP_MIG t=30075000 epoch=6015 flow=41 side=new cur=5706399945 next=5724057967 tgt=5750000000 f=0.405 u=0 breach=6 end=converged
CBAP_MIG t=30075000 epoch=6015 flow=42 side=new cur=5706399945 next=5724057967 tgt=5750000000 f=0.405 u=0 breach=6 end=converged
CBAP_MIG t=30075000 epoch=6015 flow=43 side=new cur=5706399945 next=5724057967 tgt=5750000000 f=0.405 u=0 breach=6 end=converged
CBAP_MIG t=30075000 epoch=6015 flow=44 side=new cur=5706399945 next=5724057967 tgt=5750000000 f=0.405 u=0 breach=6 end=converged
CBAP_MIG t=30075000 epoch=6015 flow=45 side=new cur=5706399945 next=5724057967 tgt=5750000000 f=0.405 u=0 breach=6 end=converged
CBAP_MIG t=30075000 epoch=6015 flow=46 side=new cur=5706399945 next=5724057967 tgt=5750000000 f=0.405 u=0 breach=6 end=converged
CBAP_MIG t=30075000 epoch=6015 flow=47 side=new cur=5706399945 next=5724057967 tgt=5750000000 f=0.405 u=0 breach=6 end=converged
CBAP_MIG t=30075000 epoch=6015 flow=48 side=new cur=5706399945 next=5724057967 tgt=5750000000 f=0.405 u=0 breach=6 end=converged
CBAP_MIG t=30075000 epoch=6015 flow=49 side=new cur=5706399945 next=5724057967 tgt=5750000000 f=0.405 u=0 breach=6 end=converged
CBAP_MIG t=30075000 epoch=6015 flow=50 side=new cur=5706399945 next=5724057967 tgt=5750000000 f=0.405 u=0 breach=6 end=converged
CBAP_MIG t=30075000 epoch=6015 flow=51 side=new cur=5706399945 next=5724057967 tgt=5750000000 f=0.405 u=0 breach=6 end=converged
CBAP_MIG t=30075000 epoch=6015 flow=52 side=new cur=5706399945 next=5724057967 tgt=5750000000 f=0.405 u=0 breach=6 end=converged
CBAP_MIG t=30075000 epoch=6015 flow=53 side=new cur=5706399945 next=5724057967 tgt=5750000000 f=0.405 u=0 breach=6 end=converged
CBAP_MIG t=30075000 epoch=6015 flow=54 side=new cur=5706399945 next=5724057967 tgt=5750000000 f=0.405 u=0 breach=6 end=converged
CBAP_MIG t=30075000 epoch=6015 flow=55 side=new cur=5706399945 next=5724057967 tgt=5750000000 f=0.405 u=0 breach=6 end=converged
CBAP_MIG t=30075000 epoch=6015 flow=56 side=new cur=5706399945 next=5724057967 tgt=5750000000 f=0.405 u=0 breach=6 end=converged
CBAP_MIG t=30075000 epoch=6015 flow=57 side=new cur=5706399945 next=5724057967 tgt=5750000000 f=0.405 u=0 breach=6 end=converged
CBAP_MIG t=30075000 epoch=6015 flow=58 side=new cur=5706399945 next=5724057967 tgt=5750000000 f=0.405 u=0 breach=6 end=converged
CBAP_MIG t=30075000 epoch=6015 flow=59 side=new cur=5706399945 next=5724057967 tgt=5750000000 f=0.405 u=0 breach=6 end=converged
CBAP_MIG t=30075000 epoch=6015 flow=60 side=new cur=5706399945 next=5724057967 tgt=5750000000 f=0.405 u=0 breach=6 end=converged
CBAP_MIG t=30075000 epoch=6015 flow=61 side=new cur=5706399945 next=5724057967 tgt=5750000000 f=0.405 u=0 breach=6 end=converged
CBAP_MIG t=30075000 epoch=6015 flow=62 side=new cur=5706399945 next=5724057967 tgt=5750000000 f=0.405 u=0 breach=6 end=converged
CBAP_MIG t=30075000 epoch=6015 flow=63 side=new cur=5706399945 next=5724057967 tgt=5750000000 f=0.405 u=0 breach=6 end=converged
CBAP_MIG t=30075000 epoch=6015 flow=64 side=new cur=5706399945 next=5724057967 tgt=5750000000 f=0.405 u=0 breach=6 end=converged
CBAP_MIG_REPLAN t=30080000 reason=deadline_lapsed flow=0 batch=0 newest_batch=1 cur=33953282448 target=4000000000 ceiling=320000000000 old_side_present=1
CBAP_MIG_REPLAN t=30080000 reason=deadline_lapsed flow=1 batch=1 newest_batch=1 cur=5724057967 target=6196947996 ceiling=400000000000 old_side_present=1
CBAP_MIG_REPLAN t=30080000 reason=deadline_lapsed flow=2 batch=1 newest_batch=1 cur=5724057967 target=6196947996 ceiling=400000000000 old_side_present=1
CBAP_MIG_REPLAN t=30080000 reason=deadline_lapsed flow=3 batch=1 newest_batch=1 cur=5724057967 target=6196947996 ceiling=400000000000 old_side_present=1
CBAP_MIG_REPLAN t=30080000 reason=deadline_lapsed flow=4 batch=1 newest_batch=1 cur=5724057967 target=6196947996 ceiling=400000000000 old_side_present=1
CBAP_MIG_REPLAN t=30080000 reason=deadline_lapsed flow=5 batch=1 newest_batch=1 cur=5724057967 target=6196947996 ceiling=400000000000 old_side_present=1
CBAP_MIG_REPLAN t=30080000 reason=deadline_lapsed flow=6 batch=1 newest_batch=1 cur=5724057967 target=6196947996 ceiling=400000000000 old_side_present=1
CBAP_MIG_REPLAN t=30080000 reason=deadline_lapsed flow=7 batch=1 newest_batch=1 cur=5724057967 target=6196947996 ceiling=400000000000 old_side_present=1
CBAP_MIG_REPLAN t=30080000 reason=deadline_lapsed flow=8 batch=1 newest_batch=1 cur=5724057967 target=6196947996 ceiling=400000000000 old_side_present=1
CBAP_MIG_REPLAN t=30080000 reason=deadline_lapsed flow=9 batch=1 newest_batch=1 cur=5724057967 target=6196947996 ceiling=400000000000 old_side_present=1
CBAP_MIG_REPLAN t=30080000 reason=deadline_lapsed flow=10 batch=1 newest_batch=1 cur=5724057967 target=6196947996 ceiling=400000000000 old_side_present=1
CBAP_MIG_REPLAN t=30080000 reason=deadline_lapsed flow=11 batch=1 newest_batch=1 cur=5724057967 target=6196947996 ceiling=400000000000 old_side_present=1
CBAP_MIG_REPLAN t=30080000 reason=deadline_lapsed flow=12 batch=1 newest_batch=1 cur=5724057967 target=6196947996 ceiling=400000000000 old_side_present=1
CBAP_MIG_REPLAN t=30080000 reason=deadline_lapsed flow=13 batch=1 newest_batch=1 cur=5724057967 target=6196947996 ceiling=400000000000 old_side_present=1
CBAP_MIG_REPLAN t=30080000 reason=deadline_lapsed flow=14 batch=1 newest_batch=1 cur=5724057967 target=6196947996 ceiling=400000000000 old_side_present=1
CBAP_MIG_REPLAN t=30080000 reason=deadline_lapsed flow=15 batch=1 newest_batch=1 cur=5724057967 target=6196947996 ceiling=400000000000 old_side_present=1
CBAP_MIG_REPLAN t=30080000 reason=deadline_lapsed flow=16 batch=1 newest_batch=1 cur=5724057967 target=6196947996 ceiling=400000000000 old_side_present=1
CBAP_MIG_REPLAN t=30080000 reason=deadline_lapsed flow=17 batch=1 newest_batch=1 cur=5724057967 target=6196947996 ceiling=400000000000 old_side_present=1
CBAP_MIG_REPLAN t=30080000 reason=deadline_lapsed flow=18 batch=1 newest_batch=1 cur=5724057967 target=6196947996 ceiling=400000000000 old_side_present=1
CBAP_MIG_REPLAN t=30080000 reason=deadline_lapsed flow=19 batch=1 newest_batch=1 cur=5724057967 target=6196947996 ceiling=400000000000 old_side_present=1
CBAP_MIG_REPLAN t=30080000 reason=deadline_lapsed flow=20 batch=1 newest_batch=1 cur=5724057967 target=6196947996 ceiling=400000000000 old_side_present=1
CBAP_MIG_REPLAN t=30080000 reason=deadline_lapsed flow=21 batch=1 newest_batch=1 cur=5724057967 target=6196947996 ceiling=400000000000 old_side_present=1
CBAP_MIG_REPLAN t=30080000 reason=deadline_lapsed flow=22 batch=1 newest_batch=1 cur=5724057967 target=6196947996 ceiling=400000000000 old_side_present=1
CBAP_MIG_REPLAN t=30080000 reason=deadline_lapsed flow=23 batch=1 newest_batch=1 cur=5724057967 target=6196947996 ceiling=400000000000 old_side_present=1
CBAP_MIG_REPLAN t=30080000 reason=deadline_lapsed flow=24 batch=1 newest_batch=1 cur=5724057967 target=6196947996 ceiling=400000000000 old_side_present=1
CBAP_MIG_REPLAN t=30080000 reason=deadline_lapsed flow=25 batch=1 newest_batch=1 cur=5724057967 target=6196947996 ceiling=400000000000 old_side_present=1
CBAP_MIG_REPLAN t=30080000 reason=deadline_lapsed flow=26 batch=1 newest_batch=1 cur=5724057967 target=6196947996 ceiling=400000000000 old_side_present=1
CBAP_MIG_REPLAN t=30080000 reason=deadline_lapsed flow=27 batch=1 newest_batch=1 cur=5724057967 target=6196947996 ceiling=400000000000 old_side_present=1
CBAP_MIG_REPLAN t=30080000 reason=deadline_lapsed flow=28 batch=1 newest_batch=1 cur=5724057967 target=6196947996 ceiling=400000000000 old_side_present=1
CBAP_MIG_REPLAN t=30080000 reason=deadline_lapsed flow=29 batch=1 newest_batch=1 cur=5724057967 target=6196947996 ceiling=400000000000 old_side_present=1
CBAP_MIG_REPLAN t=30080000 reason=deadline_lapsed flow=30 batch=1 newest_batch=1 cur=5724057967 target=6196947996 ceiling=400000000000 old_side_present=1
CBAP_MIG_REPLAN t=30080000 reason=deadline_lapsed flow=31 batch=1 newest_batch=1 cur=5724057967 target=6196947996 ceiling=400000000000 old_side_present=1
CBAP_MIG_REPLAN t=30080000 reason=deadline_lapsed flow=32 batch=1 newest_batch=1 cur=5724057967 target=6196947996 ceiling=400000000000 old_side_present=1
CBAP_MIG_REPLAN t=30080000 reason=deadline_lapsed flow=33 batch=1 newest_batch=1 cur=5724057967 target=6196947996 ceiling=400000000000 old_side_present=1
CBAP_MIG_REPLAN t=30080000 reason=deadline_lapsed flow=34 batch=1 newest_batch=1 cur=5724057967 target=6196947996 ceiling=400000000000 old_side_present=1
CBAP_MIG_REPLAN t=30080000 reason=deadline_lapsed flow=35 batch=1 newest_batch=1 cur=5724057967 target=6196947996 ceiling=400000000000 old_side_present=1
CBAP_MIG_REPLAN t=30080000 reason=deadline_lapsed flow=36 batch=1 newest_batch=1 cur=5724057967 target=6196947996 ceiling=400000000000 old_side_present=1
CBAP_MIG_REPLAN t=30080000 reason=deadline_lapsed flow=37 batch=1 newest_batch=1 cur=5724057967 target=6196947996 ceiling=400000000000 old_side_present=1
CBAP_MIG_REPLAN t=30080000 reason=deadline_lapsed flow=38 batch=1 newest_batch=1 cur=5724057967 target=6196947996 ceiling=400000000000 old_side_present=1
CBAP_MIG_REPLAN t=30080000 reason=deadline_lapsed flow=39 batch=1 newest_batch=1 cur=5724057967 target=6196947996 ceiling=400000000000 old_side_present=1
CBAP_MIG_REPLAN t=30080000 reason=deadline_lapsed flow=40 batch=1 newest_batch=1 cur=5724057967 target=6196947996 ceiling=400000000000 old_side_present=1
CBAP_MIG_REPLAN t=30080000 reason=deadline_lapsed flow=41 batch=1 newest_batch=1 cur=5724057967 target=6196947996 ceiling=400000000000 old_side_present=1
CBAP_MIG_REPLAN t=30080000 reason=deadline_lapsed flow=42 batch=1 newest_batch=1 cur=5724057967 target=6196947996 ceiling=400000000000 old_side_present=1
CBAP_MIG_REPLAN t=30080000 reason=deadline_lapsed flow=43 batch=1 newest_batch=1 cur=5724057967 target=6196947996 ceiling=400000000000 old_side_present=1
CBAP_MIG_REPLAN t=30080000 reason=deadline_lapsed flow=44 batch=1 newest_batch=1 cur=5724057967 target=6196947996 ceiling=400000000000 old_side_present=1
CBAP_MIG_REPLAN t=30080000 reason=deadline_lapsed flow=45 batch=1 newest_batch=1 cur=5724057967 target=6196947996 ceiling=400000000000 old_side_present=1
CBAP_MIG_REPLAN t=30080000 reason=deadline_lapsed flow=46 batch=1 newest_batch=1 cur=5724057967 target=6196947996 ceiling=400000000000 old_side_present=1
CBAP_MIG_REPLAN t=30080000 reason=deadline_lapsed flow=47 batch=1 newest_batch=1 cur=5724057967 target=6196947996 ceiling=400000000000 old_side_present=1
CBAP_MIG_REPLAN t=30080000 reason=deadline_lapsed flow=48 batch=1 newest_batch=1 cur=5724057967 target=6196947996 ceiling=400000000000 old_side_present=1
CBAP_MIG_REPLAN t=30080000 reason=deadline_lapsed flow=49 batch=1 newest_batch=1 cur=5724057967 target=6196947996 ceiling=400000000000 old_side_present=1
CBAP_MIG_REPLAN t=30080000 reason=deadline_lapsed flow=50 batch=1 newest_batch=1 cur=5724057967 target=6196947996 ceiling=400000000000 old_side_present=1
CBAP_MIG_REPLAN t=30080000 reason=deadline_lapsed flow=51 batch=1 newest_batch=1 cur=5724057967 target=6196947996 ceiling=400000000000 old_side_present=1
CBAP_MIG_REPLAN t=30080000 reason=deadline_lapsed flow=52 batch=1 newest_batch=1 cur=5724057967 target=6196947996 ceiling=400000000000 old_side_present=1
CBAP_MIG_REPLAN t=30080000 reason=deadline_lapsed flow=53 batch=1 newest_batch=1 cur=5724057967 target=6196947996 ceiling=400000000000 old_side_present=1
CBAP_MIG_REPLAN t=30080000 reason=deadline_lapsed flow=54 batch=1 newest_batch=1 cur=5724057967 target=6196947996 ceiling=400000000000 old_side_present=1
CBAP_MIG_REPLAN t=30080000 reason=deadline_lapsed flow=55 batch=1 newest_batch=1 cur=5724057967 target=6196947996 ceiling=400000000000 old_side_present=1
CBAP_MIG_REPLAN t=30080000 reason=deadline_lapsed flow=56 batch=1 newest_batch=1 cur=5724057967 target=6196947996 ceiling=400000000000 old_side_present=1
CBAP_MIG_REPLAN t=30080000 reason=deadline_lapsed flow=57 batch=1 newest_batch=1 cur=5724057967 target=6196947996 ceiling=400000000000 old_side_present=1
CBAP_MIG_REPLAN t=30080000 reason=deadline_lapsed flow=58 batch=1 newest_batch=1 cur=5724057967 target=6196947996 ceiling=400000000000 old_side_present=1
CBAP_MIG_REPLAN t=30080000 reason=deadline_lapsed flow=59 batch=1 newest_batch=1 cur=5724057967 target=6196947996 ceiling=400000000000 old_side_present=1
CBAP_MIG_REPLAN t=30080000 reason=deadline_lapsed flow=60 batch=1 newest_batch=1 cur=5724057967 target=6196947996 ceiling=400000000000 old_side_present=1
CBAP_MIG_REPLAN t=30080000 reason=deadline_lapsed flow=61 batch=1 newest_batch=1 cur=5724057967 target=6196947996 ceiling=400000000000 old_side_present=1
CBAP_MIG_REPLAN t=30080000 reason=deadline_lapsed flow=62 batch=1 newest_batch=1 cur=5724057967 target=6196947996 ceiling=400000000000 old_side_present=1
CBAP_MIG_REPLAN t=30080000 reason=deadline_lapsed flow=63 batch=1 newest_batch=1 cur=5724057967 target=6196947996 ceiling=400000000000 old_side_present=1
CBAP_MIG_REPLAN t=30080000 reason=deadline_lapsed flow=64 batch=1 newest_batch=1 cur=5724057967 target=6196947996 ceiling=400000000000 old_side_present=1
CBAP_MIG t=30080000 epoch=6016 flow=0 side=old cur=33953282448 next=24967297713 tgt=4000000000 f=0.3 u=0 breach=0 end=
CBAP_MIG t=30080000 epoch=6016 flow=1 side=new cur=5724057967 next=5915578428 tgt=6196947996 f=0.405 u=0 breach=6 end=
CBAP_MIG t=30080000 epoch=6016 flow=2 side=new cur=5724057967 next=5915578428 tgt=6196947996 f=0.405 u=0 breach=6 end=
CBAP_MIG t=30080000 epoch=6016 flow=3 side=new cur=5724057967 next=5915578428 tgt=6196947996 f=0.405 u=0 breach=6 end=
CBAP_MIG t=30080000 epoch=6016 flow=4 side=new cur=5724057967 next=5915578428 tgt=6196947996 f=0.405 u=0 breach=6 end=
CBAP_MIG t=30080000 epoch=6016 flow=5 side=new cur=5724057967 next=5915578428 tgt=6196947996 f=0.405 u=0 breach=6 end=
CBAP_MIG t=30080000 epoch=6016 flow=6 side=new cur=5724057967 next=5915578428 tgt=6196947996 f=0.405 u=0 breach=6 end=
CBAP_MIG t=30080000 epoch=6016 flow=7 side=new cur=5724057967 next=5915578428 tgt=6196947996 f=0.405 u=0 breach=6 end=
CBAP_MIG t=30080000 epoch=6016 flow=8 side=new cur=5724057967 next=5915578428 tgt=6196947996 f=0.405 u=0 breach=6 end=
CBAP_MIG t=30080000 epoch=6016 flow=9 side=new cur=5724057967 next=5915578428 tgt=6196947996 f=0.405 u=0 breach=6 end=
CBAP_MIG t=30080000 epoch=6016 flow=10 side=new cur=5724057967 next=5915578428 tgt=6196947996 f=0.405 u=0 breach=6 end=
CBAP_MIG t=30080000 epoch=6016 flow=11 side=new cur=5724057967 next=5915578428 tgt=6196947996 f=0.405 u=0 breach=6 end=
CBAP_MIG t=30080000 epoch=6016 flow=12 side=new cur=5724057967 next=5915578428 tgt=6196947996 f=0.405 u=0 breach=6 end=
CBAP_MIG t=30080000 epoch=6016 flow=13 side=new cur=5724057967 next=5915578428 tgt=6196947996 f=0.405 u=0 breach=6 end=
CBAP_MIG t=30080000 epoch=6016 flow=14 side=new cur=5724057967 next=5915578428 tgt=6196947996 f=0.405 u=0 breach=6 end=
CBAP_MIG t=30080000 epoch=6016 flow=15 side=new cur=5724057967 next=5915578428 tgt=6196947996 f=0.405 u=0 breach=6 end=
CBAP_MIG t=30080000 epoch=6016 flow=16 side=new cur=5724057967 next=5915578428 tgt=6196947996 f=0.405 u=0 breach=6 end=
CBAP_MIG t=30080000 epoch=6016 flow=17 side=new cur=5724057967 next=5915578428 tgt=6196947996 f=0.405 u=0 breach=6 end=
CBAP_MIG t=30080000 epoch=6016 flow=18 side=new cur=5724057967 next=5915578428 tgt=6196947996 f=0.405 u=0 breach=6 end=
CBAP_MIG t=30080000 epoch=6016 flow=19 side=new cur=5724057967 next=5915578428 tgt=6196947996 f=0.405 u=0 breach=6 end=
CBAP_MIG t=30080000 epoch=6016 flow=20 side=new cur=5724057967 next=5915578428 tgt=6196947996 f=0.405 u=0 breach=6 end=
CBAP_MIG t=30080000 epoch=6016 flow=21 side=new cur=5724057967 next=5915578428 tgt=6196947996 f=0.405 u=0 breach=6 end=
CBAP_MIG t=30080000 epoch=6016 flow=22 side=new cur=5724057967 next=5915578428 tgt=6196947996 f=0.405 u=0 breach=6 end=
CBAP_MIG t=30080000 epoch=6016 flow=23 side=new cur=5724057967 next=5915578428 tgt=6196947996 f=0.405 u=0 breach=6 end=
CBAP_MIG t=30080000 epoch=6016 flow=24 side=new cur=5724057967 next=5915578428 tgt=6196947996 f=0.405 u=0 breach=6 end=
CBAP_MIG t=30080000 epoch=6016 flow=25 side=new cur=5724057967 next=5915578428 tgt=6196947996 f=0.405 u=0 breach=6 end=
CBAP_MIG t=30080000 epoch=6016 flow=26 side=new cur=5724057967 next=5915578428 tgt=6196947996 f=0.405 u=0 breach=6 end=
CBAP_MIG t=30080000 epoch=6016 flow=27 side=new cur=5724057967 next=5915578428 tgt=6196947996 f=0.405 u=0 breach=6 end=
CBAP_MIG t=30080000 epoch=6016 flow=28 side=new cur=5724057967 next=5915578428 tgt=6196947996 f=0.405 u=0 breach=6 end=
CBAP_MIG t=30080000 epoch=6016 flow=29 side=new cur=5724057967 next=5915578428 tgt=6196947996 f=0.405 u=0 breach=6 end=
CBAP_MIG t=30080000 epoch=6016 flow=30 side=new cur=5724057967 next=5915578428 tgt=6196947996 f=0.405 u=0 breach=6 end=
CBAP_MIG t=30080000 epoch=6016 flow=31 side=new cur=5724057967 next=5915578428 tgt=6196947996 f=0.405 u=0 breach=6 end=
CBAP_MIG t=30080000 epoch=6016 flow=32 side=new cur=5724057967 next=5915578428 tgt=6196947996 f=0.405 u=0 breach=6 end=
CBAP_MIG t=30080000 epoch=6016 flow=33 side=new cur=5724057967 next=5915578428 tgt=6196947996 f=0.405 u=0 breach=6 end=
CBAP_MIG t=30080000 epoch=6016 flow=34 side=new cur=5724057967 next=5915578428 tgt=6196947996 f=0.405 u=0 breach=6 end=
CBAP_MIG t=30080000 epoch=6016 flow=35 side=new cur=5724057967 next=5915578428 tgt=6196947996 f=0.405 u=0 breach=6 end=
CBAP_MIG t=30080000 epoch=6016 flow=36 side=new cur=5724057967 next=5915578428 tgt=6196947996 f=0.405 u=0 breach=6 end=
CBAP_MIG t=30080000 epoch=6016 flow=37 side=new cur=5724057967 next=5915578428 tgt=6196947996 f=0.405 u=0 breach=6 end=
CBAP_MIG t=30080000 epoch=6016 flow=38 side=new cur=5724057967 next=5915578428 tgt=6196947996 f=0.405 u=0 breach=6 end=
CBAP_MIG t=30080000 epoch=6016 flow=39 side=new cur=5724057967 next=5915578428 tgt=6196947996 f=0.405 u=0 breach=6 end=
CBAP_MIG t=30080000 epoch=6016 flow=40 side=new cur=5724057967 next=5915578428 tgt=6196947996 f=0.405 u=0 breach=6 end=
CBAP_MIG t=30080000 epoch=6016 flow=41 side=new cur=5724057967 next=5915578428 tgt=6196947996 f=0.405 u=0 breach=6 end=
CBAP_MIG t=30080000 epoch=6016 flow=42 side=new cur=5724057967 next=5915578428 tgt=6196947996 f=0.405 u=0 breach=6 end=
CBAP_MIG t=30080000 epoch=6016 flow=43 side=new cur=5724057967 next=5915578428 tgt=6196947996 f=0.405 u=0 breach=6 end=
CBAP_MIG t=30080000 epoch=6016 flow=44 side=new cur=5724057967 next=5915578428 tgt=6196947996 f=0.405 u=0 breach=6 end=
CBAP_MIG t=30080000 epoch=6016 flow=45 side=new cur=5724057967 next=5915578428 tgt=6196947996 f=0.405 u=0 breach=6 end=
CBAP_MIG t=30080000 epoch=6016 flow=46 side=new cur=5724057967 next=5915578428 tgt=6196947996 f=0.405 u=0 breach=6 end=
CBAP_MIG t=30080000 epoch=6016 flow=47 side=new cur=5724057967 next=5915578428 tgt=6196947996 f=0.405 u=0 breach=6 end=
CBAP_MIG t=30080000 epoch=6016 flow=48 side=new cur=5724057967 next=5915578428 tgt=6196947996 f=0.405 u=0 breach=6 end=
CBAP_MIG t=30080000 epoch=6016 flow=49 side=new cur=5724057967 next=5915578428 tgt=6196947996 f=0.405 u=0 breach=6 end=
CBAP_MIG t=30080000 epoch=6016 flow=50 side=new cur=5724057967 next=5915578428 tgt=6196947996 f=0.405 u=0 breach=6 end=
CBAP_MIG t=30080000 epoch=6016 flow=51 side=new cur=5724057967 next=5915578428 tgt=6196947996 f=0.405 u=0 breach=6 end=
CBAP_MIG t=30080000 epoch=6016 flow=52 side=new cur=5724057967 next=5915578428 tgt=6196947996 f=0.405 u=0 breach=6 end=
CBAP_MIG t=30080000 epoch=6016 flow=53 side=new cur=5724057967 next=5915578428 tgt=6196947996 f=0.405 u=0 breach=6 end=
CBAP_MIG t=30080000 epoch=6016 flow=54 side=new cur=5724057967 next=5915578428 tgt=6196947996 f=0.405 u=0 breach=6 end=
CBAP_MIG t=30080000 epoch=6016 flow=55 side=new cur=5724057967 next=5915578428 tgt=6196947996 f=0.405 u=0 breach=6 end=
CBAP_MIG t=30080000 epoch=6016 flow=56 side=new cur=5724057967 next=5915578428 tgt=6196947996 f=0.405 u=0 breach=6 end=
CBAP_MIG t=30080000 epoch=6016 flow=57 side=new cur=5724057967 next=5915578428 tgt=6196947996 f=0.405 u=0 breach=6 end=
CBAP_MIG t=30080000 epoch=6016 flow=58 side=new cur=5724057967 next=5915578428 tgt=6196947996 f=0.405 u=0 breach=6 end=
CBAP_MIG t=30080000 epoch=6016 flow=59 side=new cur=5724057967 next=5915578428 tgt=6196947996 f=0.405 u=0 breach=6 end=
CBAP_MIG t=30080000 epoch=6016 flow=60 side=new cur=5724057967 next=5915578428 tgt=6196947996 f=0.405 u=0 breach=6 end=
CBAP_MIG t=30080000 epoch=6016 flow=61 side=new cur=5724057967 next=5915578428 tgt=6196947996 f=0.405 u=0 breach=6 end=
CBAP_MIG t=30080000 epoch=6016 flow=62 side=new cur=5724057967 next=5915578428 tgt=6196947996 f=0.405 u=0 breach=6 end=
CBAP_MIG t=30080000 epoch=6016 flow=63 side=new cur=5724057967 next=5915578428 tgt=6196947996 f=0.405 u=0 breach=6 end=
CBAP_MIG t=30080000 epoch=6016 flow=64 side=new cur=5724057967 next=5915578428 tgt=6196947996 f=0.405 u=0 breach=6 end=
CBAP_MIG t=30085000 epoch=6017 flow=0 side=old cur=24967297713 next=18677108399 tgt=4000000000 f=0.3 u=0 breach=0 end=
CBAP_MIG t=30085000 epoch=6017 flow=1 side=new cur=5915578428 next=6029533103 tgt=6196947996 f=0.405 u=0 breach=6 end=
CBAP_MIG t=30085000 epoch=6017 flow=2 side=new cur=5915578428 next=6029533103 tgt=6196947996 f=0.405 u=0 breach=6 end=
CBAP_MIG t=30085000 epoch=6017 flow=3 side=new cur=5915578428 next=6029533103 tgt=6196947996 f=0.405 u=0 breach=6 end=
CBAP_MIG t=30085000 epoch=6017 flow=4 side=new cur=5915578428 next=6029533103 tgt=6196947996 f=0.405 u=0 breach=6 end=
CBAP_MIG t=30085000 epoch=6017 flow=5 side=new cur=5915578428 next=6029533103 tgt=6196947996 f=0.405 u=0 breach=6 end=
CBAP_MIG t=30085000 epoch=6017 flow=6 side=new cur=5915578428 next=6029533103 tgt=6196947996 f=0.405 u=0 breach=6 end=
CBAP_MIG t=30085000 epoch=6017 flow=7 side=new cur=5915578428 next=6029533103 tgt=6196947996 f=0.405 u=0 breach=6 end=
CBAP_MIG t=30085000 epoch=6017 flow=8 side=new cur=5915578428 next=6029533103 tgt=6196947996 f=0.405 u=0 breach=6 end=
CBAP_MIG t=30085000 epoch=6017 flow=9 side=new cur=5915578428 next=6029533103 tgt=6196947996 f=0.405 u=0 breach=6 end=
CBAP_MIG t=30085000 epoch=6017 flow=10 side=new cur=5915578428 next=6029533103 tgt=6196947996 f=0.405 u=0 breach=6 end=
CBAP_MIG t=30085000 epoch=6017 flow=11 side=new cur=5915578428 next=6029533103 tgt=6196947996 f=0.405 u=0 breach=6 end=
CBAP_MIG t=30085000 epoch=6017 flow=12 side=new cur=5915578428 next=6029533103 tgt=6196947996 f=0.405 u=0 breach=6 end=
CBAP_MIG t=30085000 epoch=6017 flow=13 side=new cur=5915578428 next=6029533103 tgt=6196947996 f=0.405 u=0 breach=6 end=
CBAP_MIG t=30085000 epoch=6017 flow=14 side=new cur=5915578428 next=6029533103 tgt=6196947996 f=0.405 u=0 breach=6 end=
CBAP_MIG t=30085000 epoch=6017 flow=15 side=new cur=5915578428 next=6029533103 tgt=6196947996 f=0.405 u=0 breach=6 end=
CBAP_MIG t=30085000 epoch=6017 flow=16 side=new cur=5915578428 next=6029533103 tgt=6196947996 f=0.405 u=0 breach=6 end=
CBAP_MIG t=30085000 epoch=6017 flow=17 side=new cur=5915578428 next=6029533103 tgt=6196947996 f=0.405 u=0 breach=6 end=
CBAP_MIG t=30085000 epoch=6017 flow=18 side=new cur=5915578428 next=6029533103 tgt=6196947996 f=0.405 u=0 breach=6 end=
CBAP_MIG t=30085000 epoch=6017 flow=19 side=new cur=5915578428 next=6029533103 tgt=6196947996 f=0.405 u=0 breach=6 end=
CBAP_MIG t=30085000 epoch=6017 flow=20 side=new cur=5915578428 next=6029533103 tgt=6196947996 f=0.405 u=0 breach=6 end=
CBAP_MIG t=30085000 epoch=6017 flow=21 side=new cur=5915578428 next=6029533103 tgt=6196947996 f=0.405 u=0 breach=6 end=
CBAP_MIG t=30085000 epoch=6017 flow=22 side=new cur=5915578428 next=6029533103 tgt=6196947996 f=0.405 u=0 breach=6 end=
CBAP_MIG t=30085000 epoch=6017 flow=23 side=new cur=5915578428 next=6029533103 tgt=6196947996 f=0.405 u=0 breach=6 end=
CBAP_MIG t=30085000 epoch=6017 flow=24 side=new cur=5915578428 next=6029533103 tgt=6196947996 f=0.405 u=0 breach=6 end=
CBAP_MIG t=30085000 epoch=6017 flow=25 side=new cur=5915578428 next=6029533103 tgt=6196947996 f=0.405 u=0 breach=6 end=
CBAP_MIG t=30085000 epoch=6017 flow=26 side=new cur=5915578428 next=6029533103 tgt=6196947996 f=0.405 u=0 breach=6 end=
CBAP_MIG t=30085000 epoch=6017 flow=27 side=new cur=5915578428 next=6029533103 tgt=6196947996 f=0.405 u=0 breach=6 end=
CBAP_MIG t=30085000 epoch=6017 flow=28 side=new cur=5915578428 next=6029533103 tgt=6196947996 f=0.405 u=0 breach=6 end=
CBAP_MIG t=30085000 epoch=6017 flow=29 side=new cur=5915578428 next=6029533103 tgt=6196947996 f=0.405 u=0 breach=6 end=
CBAP_MIG t=30085000 epoch=6017 flow=30 side=new cur=5915578428 next=6029533103 tgt=6196947996 f=0.405 u=0 breach=6 end=
CBAP_MIG t=30085000 epoch=6017 flow=31 side=new cur=5915578428 next=6029533103 tgt=6196947996 f=0.405 u=0 breach=6 end=
CBAP_MIG t=30085000 epoch=6017 flow=32 side=new cur=5915578428 next=6029533103 tgt=6196947996 f=0.405 u=0 breach=6 end=
CBAP_MIG t=30085000 epoch=6017 flow=33 side=new cur=5915578428 next=6029533103 tgt=6196947996 f=0.405 u=0 breach=6 end=
CBAP_MIG t=30085000 epoch=6017 flow=34 side=new cur=5915578428 next=6029533103 tgt=6196947996 f=0.405 u=0 breach=6 end=
CBAP_MIG t=30085000 epoch=6017 flow=35 side=new cur=5915578428 next=6029533103 tgt=6196947996 f=0.405 u=0 breach=6 end=
CBAP_MIG t=30085000 epoch=6017 flow=36 side=new cur=5915578428 next=6029533103 tgt=6196947996 f=0.405 u=0 breach=6 end=
CBAP_MIG t=30085000 epoch=6017 flow=37 side=new cur=5915578428 next=6029533103 tgt=6196947996 f=0.405 u=0 breach=6 end=
CBAP_MIG t=30085000 epoch=6017 flow=38 side=new cur=5915578428 next=6029533103 tgt=6196947996 f=0.405 u=0 breach=6 end=
CBAP_MIG t=30085000 epoch=6017 flow=39 side=new cur=5915578428 next=6029533103 tgt=6196947996 f=0.405 u=0 breach=6 end=
CBAP_MIG t=30085000 epoch=6017 flow=40 side=new cur=5915578428 next=6029533103 tgt=6196947996 f=0.405 u=0 breach=6 end=
CBAP_MIG t=30085000 epoch=6017 flow=41 side=new cur=5915578428 next=6029533103 tgt=6196947996 f=0.405 u=0 breach=6 end=
CBAP_MIG t=30085000 epoch=6017 flow=42 side=new cur=5915578428 next=6029533103 tgt=6196947996 f=0.405 u=0 breach=6 end=
CBAP_MIG t=30085000 epoch=6017 flow=43 side=new cur=5915578428 next=6029533103 tgt=6196947996 f=0.405 u=0 breach=6 end=
CBAP_MIG t=30085000 epoch=6017 flow=44 side=new cur=5915578428 next=6029533103 tgt=6196947996 f=0.405 u=0 breach=6 end=
CBAP_MIG t=30085000 epoch=6017 flow=45 side=new cur=5915578428 next=6029533103 tgt=6196947996 f=0.405 u=0 breach=6 end=
CBAP_MIG t=30085000 epoch=6017 flow=46 side=new cur=5915578428 next=6029533103 tgt=6196947996 f=0.405 u=0 breach=6 end=
CBAP_MIG t=30085000 epoch=6017 flow=47 side=new cur=5915578428 next=6029533103 tgt=6196947996 f=0.405 u=0 breach=6 end=
CBAP_MIG t=30085000 epoch=6017 flow=48 side=new cur=5915578428 next=6029533103 tgt=6196947996 f=0.405 u=0 breach=6 end=
CBAP_MIG t=30085000 epoch=6017 flow=49 side=new cur=5915578428 next=6029533103 tgt=6196947996 f=0.405 u=0 breach=6 end=
CBAP_MIG t=30085000 epoch=6017 flow=50 side=new cur=5915578428 next=6029533103 tgt=6196947996 f=0.405 u=0 breach=6 end=
CBAP_MIG t=30085000 epoch=6017 flow=51 side=new cur=5915578428 next=6029533103 tgt=6196947996 f=0.405 u=0 breach=6 end=
CBAP_MIG t=30085000 epoch=6017 flow=52 side=new cur=5915578428 next=6029533103 tgt=6196947996 f=0.405 u=0 breach=6 end=
CBAP_MIG t=30085000 epoch=6017 flow=53 side=new cur=5915578428 next=6029533103 tgt=6196947996 f=0.405 u=0 breach=6 end=
CBAP_MIG t=30085000 epoch=6017 flow=54 side=new cur=5915578428 next=6029533103 tgt=6196947996 f=0.405 u=0 breach=6 end=
CBAP_MIG t=30085000 epoch=6017 flow=55 side=new cur=5915578428 next=6029533103 tgt=6196947996 f=0.405 u=0 breach=6 end=
CBAP_MIG t=30085000 epoch=6017 flow=56 side=new cur=5915578428 next=6029533103 tgt=6196947996 f=0.405 u=0 breach=6 end=
CBAP_MIG t=30085000 epoch=6017 flow=57 side=new cur=5915578428 next=6029533103 tgt=6196947996 f=0.405 u=0 breach=6 end=
CBAP_MIG t=30085000 epoch=6017 flow=58 side=new cur=5915578428 next=6029533103 tgt=6196947996 f=0.405 u=0 breach=6 end=
CBAP_MIG t=30085000 epoch=6017 flow=59 side=new cur=5915578428 next=6029533103 tgt=6196947996 f=0.405 u=0 breach=6 end=
CBAP_MIG t=30085000 epoch=6017 flow=60 side=new cur=5915578428 next=6029533103 tgt=6196947996 f=0.405 u=0 breach=6 end=
CBAP_MIG t=30085000 epoch=6017 flow=61 side=new cur=5915578428 next=6029533103 tgt=6196947996 f=0.405 u=0 breach=6 end=
CBAP_MIG t=30085000 epoch=6017 flow=62 side=new cur=5915578428 next=6029533103 tgt=6196947996 f=0.405 u=0 breach=6 end=
CBAP_MIG t=30085000 epoch=6017 flow=63 side=new cur=5915578428 next=6029533103 tgt=6196947996 f=0.405 u=0 breach=6 end=
CBAP_MIG t=30085000 epoch=6017 flow=64 side=new cur=5915578428 next=6029533103 tgt=6196947996 f=0.405 u=0 breach=6 end=
CBAP_MIG t=30090000 epoch=6018 flow=0 side=old cur=18677108399 next=14273975879 tgt=4000000000 f=0.3 u=0 breach=0 end=
CBAP_MIG t=30090000 epoch=6018 flow=1 side=new cur=6333170181 next=6292303525 tgt=6196947996 f=0.3 u=0 breach=7 end=
CBAP_MIG t=30090000 epoch=6018 flow=2 side=new cur=6333170181 next=6292303525 tgt=6196947996 f=0.3 u=0 breach=7 end=
CBAP_MIG t=30090000 epoch=6018 flow=3 side=new cur=6333170181 next=6292303525 tgt=6196947996 f=0.3 u=0 breach=7 end=
CBAP_MIG t=30090000 epoch=6018 flow=4 side=new cur=6333170181 next=6292303525 tgt=6196947996 f=0.3 u=0 breach=7 end=
CBAP_MIG t=30090000 epoch=6018 flow=5 side=new cur=6333170181 next=6292303525 tgt=6196947996 f=0.3 u=0 breach=7 end=
CBAP_MIG t=30090000 epoch=6018 flow=6 side=new cur=6333170181 next=6292303525 tgt=6196947996 f=0.3 u=0 breach=7 end=
CBAP_MIG t=30090000 epoch=6018 flow=7 side=new cur=6333170181 next=6292303525 tgt=6196947996 f=0.3 u=0 breach=7 end=
CBAP_MIG t=30090000 epoch=6018 flow=8 side=new cur=6333170181 next=6292303525 tgt=6196947996 f=0.3 u=0 breach=7 end=
CBAP_MIG t=30090000 epoch=6018 flow=9 side=new cur=6333170181 next=6292303525 tgt=6196947996 f=0.3 u=0 breach=7 end=
CBAP_MIG t=30090000 epoch=6018 flow=10 side=new cur=6333170181 next=6292303525 tgt=6196947996 f=0.3 u=0 breach=7 end=
CBAP_MIG t=30090000 epoch=6018 flow=11 side=new cur=6333170181 next=6292303525 tgt=6196947996 f=0.3 u=0 breach=7 end=
CBAP_MIG t=30090000 epoch=6018 flow=12 side=new cur=6333170181 next=6292303525 tgt=6196947996 f=0.3 u=0 breach=7 end=
CBAP_MIG t=30090000 epoch=6018 flow=13 side=new cur=6333170181 next=6292303525 tgt=6196947996 f=0.3 u=0 breach=7 end=
CBAP_MIG t=30090000 epoch=6018 flow=14 side=new cur=6333170181 next=6292303525 tgt=6196947996 f=0.3 u=0 breach=7 end=
CBAP_MIG t=30090000 epoch=6018 flow=15 side=new cur=6333170181 next=6292303525 tgt=6196947996 f=0.3 u=0 breach=7 end=
CBAP_MIG t=30090000 epoch=6018 flow=16 side=new cur=6333170181 next=6292303525 tgt=6196947996 f=0.3 u=0 breach=7 end=
CBAP_MIG t=30090000 epoch=6018 flow=17 side=new cur=6333170181 next=6292303525 tgt=6196947996 f=0.3 u=0 breach=7 end=
CBAP_MIG t=30090000 epoch=6018 flow=18 side=new cur=6333170181 next=6292303525 tgt=6196947996 f=0.3 u=0 breach=7 end=
CBAP_MIG t=30090000 epoch=6018 flow=19 side=new cur=6333170181 next=6292303525 tgt=6196947996 f=0.3 u=0 breach=7 end=
CBAP_MIG t=30090000 epoch=6018 flow=20 side=new cur=6333170181 next=6292303525 tgt=6196947996 f=0.3 u=0 breach=7 end=
CBAP_MIG t=30090000 epoch=6018 flow=21 side=new cur=6333170181 next=6292303525 tgt=6196947996 f=0.3 u=0 breach=7 end=
CBAP_MIG t=30090000 epoch=6018 flow=22 side=new cur=6333170181 next=6292303525 tgt=6196947996 f=0.3 u=0 breach=7 end=
CBAP_MIG t=30090000 epoch=6018 flow=23 side=new cur=6333170181 next=6292303525 tgt=6196947996 f=0.3 u=0 breach=7 end=
CBAP_MIG t=30090000 epoch=6018 flow=24 side=new cur=6333170181 next=6292303525 tgt=6196947996 f=0.3 u=0 breach=7 end=
CBAP_MIG t=30090000 epoch=6018 flow=25 side=new cur=6333170181 next=6292303525 tgt=6196947996 f=0.3 u=0 breach=7 end=
CBAP_MIG t=30090000 epoch=6018 flow=26 side=new cur=6333170181 next=6292303525 tgt=6196947996 f=0.3 u=0 breach=7 end=
CBAP_MIG t=30090000 epoch=6018 flow=27 side=new cur=6333170181 next=6292303525 tgt=6196947996 f=0.3 u=0 breach=7 end=
CBAP_MIG t=30090000 epoch=6018 flow=28 side=new cur=6333170181 next=6292303525 tgt=6196947996 f=0.3 u=0 breach=7 end=
CBAP_MIG t=30090000 epoch=6018 flow=29 side=new cur=6333170181 next=6292303525 tgt=6196947996 f=0.3 u=0 breach=7 end=
CBAP_MIG t=30090000 epoch=6018 flow=30 side=new cur=6333170181 next=6292303525 tgt=6196947996 f=0.3 u=0 breach=7 end=
CBAP_MIG t=30090000 epoch=6018 flow=31 side=new cur=6333170181 next=6292303525 tgt=6196947996 f=0.3 u=0 breach=7 end=
CBAP_MIG t=30090000 epoch=6018 flow=32 side=new cur=6333170181 next=6292303525 tgt=6196947996 f=0.3 u=0 breach=7 end=
CBAP_MIG t=30090000 epoch=6018 flow=33 side=new cur=6333170181 next=6292303525 tgt=6196947996 f=0.3 u=0 breach=7 end=
CBAP_MIG t=30090000 epoch=6018 flow=34 side=new cur=6333170181 next=6292303525 tgt=6196947996 f=0.3 u=0 breach=7 end=
CBAP_MIG t=30090000 epoch=6018 flow=35 side=new cur=6333170181 next=6292303525 tgt=6196947996 f=0.3 u=0 breach=7 end=
CBAP_MIG t=30090000 epoch=6018 flow=36 side=new cur=6333170181 next=6292303525 tgt=6196947996 f=0.3 u=0 breach=7 end=
CBAP_MIG t=30090000 epoch=6018 flow=37 side=new cur=6333170181 next=6292303525 tgt=6196947996 f=0.3 u=0 breach=7 end=
CBAP_MIG t=30090000 epoch=6018 flow=38 side=new cur=6333170181 next=6292303525 tgt=6196947996 f=0.3 u=0 breach=7 end=
CBAP_MIG t=30090000 epoch=6018 flow=39 side=new cur=6333170181 next=6292303525 tgt=6196947996 f=0.3 u=0 breach=7 end=
CBAP_MIG t=30090000 epoch=6018 flow=40 side=new cur=6333170181 next=6292303525 tgt=6196947996 f=0.3 u=0 breach=7 end=
CBAP_MIG t=30090000 epoch=6018 flow=41 side=new cur=6333170181 next=6292303525 tgt=6196947996 f=0.3 u=0 breach=7 end=
CBAP_MIG t=30090000 epoch=6018 flow=42 side=new cur=6333170181 next=6292303525 tgt=6196947996 f=0.3 u=0 breach=7 end=
CBAP_MIG t=30090000 epoch=6018 flow=43 side=new cur=6333170181 next=6292303525 tgt=6196947996 f=0.3 u=0 breach=7 end=
CBAP_MIG t=30090000 epoch=6018 flow=44 side=new cur=6333170181 next=6292303525 tgt=6196947996 f=0.3 u=0 breach=7 end=
CBAP_MIG t=30090000 epoch=6018 flow=45 side=new cur=6333170181 next=6292303525 tgt=6196947996 f=0.3 u=0 breach=7 end=
CBAP_MIG t=30090000 epoch=6018 flow=46 side=new cur=6333170181 next=6292303525 tgt=6196947996 f=0.3 u=0 breach=7 end=
CBAP_MIG t=30090000 epoch=6018 flow=47 side=new cur=6333170181 next=6292303525 tgt=6196947996 f=0.3 u=0 breach=7 end=
CBAP_MIG t=30090000 epoch=6018 flow=48 side=new cur=6333170181 next=6292303525 tgt=6196947996 f=0.3 u=0 breach=7 end=
CBAP_MIG t=30090000 epoch=6018 flow=49 side=new cur=6333170181 next=6292303525 tgt=6196947996 f=0.3 u=0 breach=7 end=
CBAP_MIG t=30090000 epoch=6018 flow=50 side=new cur=6333170181 next=6292303525 tgt=6196947996 f=0.3 u=0 breach=7 end=
CBAP_MIG t=30090000 epoch=6018 flow=51 side=new cur=6333170181 next=6292303525 tgt=6196947996 f=0.3 u=0 breach=7 end=
CBAP_MIG t=30090000 epoch=6018 flow=52 side=new cur=6333170181 next=6292303525 tgt=6196947996 f=0.3 u=0 breach=7 end=
CBAP_MIG t=30090000 epoch=6018 flow=53 side=new cur=6333170181 next=6292303525 tgt=6196947996 f=0.3 u=0 breach=7 end=
CBAP_MIG t=30090000 epoch=6018 flow=54 side=new cur=6333170181 next=6292303525 tgt=6196947996 f=0.3 u=0 breach=7 end=
CBAP_MIG t=30090000 epoch=6018 flow=55 side=new cur=6333170181 next=6292303525 tgt=6196947996 f=0.3 u=0 breach=7 end=
CBAP_MIG t=30090000 epoch=6018 flow=56 side=new cur=6333170181 next=6292303525 tgt=6196947996 f=0.3 u=0 breach=7 end=
CBAP_MIG t=30090000 epoch=6018 flow=57 side=new cur=6333170181 next=6292303525 tgt=6196947996 f=0.3 u=0 breach=7 end=
CBAP_MIG t=30090000 epoch=6018 flow=58 side=new cur=6333170181 next=6292303525 tgt=6196947996 f=0.3 u=0 breach=7 end=
CBAP_MIG t=30090000 epoch=6018 flow=59 side=new cur=6333170181 next=6292303525 tgt=6196947996 f=0.3 u=0 breach=7 end=
CBAP_MIG t=30090000 epoch=6018 flow=60 side=new cur=6333170181 next=6292303525 tgt=6196947996 f=0.3 u=0 breach=7 end=
CBAP_MIG t=30090000 epoch=6018 flow=61 side=new cur=6333170181 next=6292303525 tgt=6196947996 f=0.3 u=0 breach=7 end=
CBAP_MIG t=30090000 epoch=6018 flow=62 side=new cur=6333170181 next=6292303525 tgt=6196947996 f=0.3 u=0 breach=7 end=
CBAP_MIG t=30090000 epoch=6018 flow=63 side=new cur=6333170181 next=6292303525 tgt=6196947996 f=0.3 u=0 breach=7 end=
CBAP_MIG t=30090000 epoch=6018 flow=64 side=new cur=6333170181 next=6292303525 tgt=6196947996 f=0.3 u=0 breach=7 end=
CBAP_MIG t=30095000 epoch=6019 flow=0 side=old cur=14273975879 next=11191783115 tgt=4000000000 f=0.3 u=0 breach=0 end=
CBAP_MIG t=30095000 epoch=6019 flow=1 side=new cur=6401969126 next=6340462787 tgt=6196947996 f=0.3 u=0 breach=8 end=
CBAP_MIG t=30095000 epoch=6019 flow=2 side=new cur=6401969126 next=6340462787 tgt=6196947996 f=0.3 u=0 breach=8 end=
CBAP_MIG t=30095000 epoch=6019 flow=3 side=new cur=6401969126 next=6340462787 tgt=6196947996 f=0.3 u=0 breach=8 end=
CBAP_MIG t=30095000 epoch=6019 flow=4 side=new cur=6401969126 next=6340462787 tgt=6196947996 f=0.3 u=0 breach=8 end=
CBAP_MIG t=30095000 epoch=6019 flow=5 side=new cur=6401969126 next=6340462787 tgt=6196947996 f=0.3 u=0 breach=8 end=
CBAP_MIG t=30095000 epoch=6019 flow=6 side=new cur=6401969126 next=6340462787 tgt=6196947996 f=0.3 u=0 breach=8 end=
CBAP_MIG t=30095000 epoch=6019 flow=7 side=new cur=6401969126 next=6340462787 tgt=6196947996 f=0.3 u=0 breach=8 end=
CBAP_MIG t=30095000 epoch=6019 flow=8 side=new cur=6401969126 next=6340462787 tgt=6196947996 f=0.3 u=0 breach=8 end=
CBAP_MIG t=30095000 epoch=6019 flow=9 side=new cur=6401969126 next=6340462787 tgt=6196947996 f=0.3 u=0 breach=8 end=
CBAP_MIG t=30095000 epoch=6019 flow=10 side=new cur=6401969126 next=6340462787 tgt=6196947996 f=0.3 u=0 breach=8 end=
CBAP_MIG t=30095000 epoch=6019 flow=11 side=new cur=6401969126 next=6340462787 tgt=6196947996 f=0.3 u=0 breach=8 end=
CBAP_MIG t=30095000 epoch=6019 flow=12 side=new cur=6401969126 next=6340462787 tgt=6196947996 f=0.3 u=0 breach=8 end=
CBAP_MIG t=30095000 epoch=6019 flow=13 side=new cur=6401969126 next=6340462787 tgt=6196947996 f=0.3 u=0 breach=8 end=
CBAP_MIG t=30095000 epoch=6019 flow=14 side=new cur=6401969126 next=6340462787 tgt=6196947996 f=0.3 u=0 breach=8 end=
CBAP_MIG t=30095000 epoch=6019 flow=15 side=new cur=6401969126 next=6340462787 tgt=6196947996 f=0.3 u=0 breach=8 end=
CBAP_MIG t=30095000 epoch=6019 flow=16 side=new cur=6401969126 next=6340462787 tgt=6196947996 f=0.3 u=0 breach=8 end=
CBAP_MIG t=30095000 epoch=6019 flow=17 side=new cur=6401969126 next=6340462787 tgt=6196947996 f=0.3 u=0 breach=8 end=
CBAP_MIG t=30095000 epoch=6019 flow=18 side=new cur=6401969126 next=6340462787 tgt=6196947996 f=0.3 u=0 breach=8 end=
CBAP_MIG t=30095000 epoch=6019 flow=19 side=new cur=6401969126 next=6340462787 tgt=6196947996 f=0.3 u=0 breach=8 end=
CBAP_MIG t=30095000 epoch=6019 flow=20 side=new cur=6401969126 next=6340462787 tgt=6196947996 f=0.3 u=0 breach=8 end=
CBAP_MIG t=30095000 epoch=6019 flow=21 side=new cur=6401969126 next=6340462787 tgt=6196947996 f=0.3 u=0 breach=8 end=
CBAP_MIG t=30095000 epoch=6019 flow=22 side=new cur=6401969126 next=6340462787 tgt=6196947996 f=0.3 u=0 breach=8 end=
CBAP_MIG t=30095000 epoch=6019 flow=23 side=new cur=6401969126 next=6340462787 tgt=6196947996 f=0.3 u=0 breach=8 end=
CBAP_MIG t=30095000 epoch=6019 flow=24 side=new cur=6401969126 next=6340462787 tgt=6196947996 f=0.3 u=0 breach=8 end=
CBAP_MIG t=30095000 epoch=6019 flow=25 side=new cur=6401969126 next=6340462787 tgt=6196947996 f=0.3 u=0 breach=8 end=
CBAP_MIG t=30095000 epoch=6019 flow=26 side=new cur=6401969126 next=6340462787 tgt=6196947996 f=0.3 u=0 breach=8 end=
CBAP_MIG t=30095000 epoch=6019 flow=27 side=new cur=6401969126 next=6340462787 tgt=6196947996 f=0.3 u=0 breach=8 end=
CBAP_MIG t=30095000 epoch=6019 flow=28 side=new cur=6401969126 next=6340462787 tgt=6196947996 f=0.3 u=0 breach=8 end=
CBAP_MIG t=30095000 epoch=6019 flow=29 side=new cur=6401969126 next=6340462787 tgt=6196947996 f=0.3 u=0 breach=8 end=
CBAP_MIG t=30095000 epoch=6019 flow=30 side=new cur=6401969126 next=6340462787 tgt=6196947996 f=0.3 u=0 breach=8 end=
CBAP_MIG t=30095000 epoch=6019 flow=31 side=new cur=6401969126 next=6340462787 tgt=6196947996 f=0.3 u=0 breach=8 end=
CBAP_MIG t=30095000 epoch=6019 flow=32 side=new cur=6401969126 next=6340462787 tgt=6196947996 f=0.3 u=0 breach=8 end=
CBAP_MIG t=30095000 epoch=6019 flow=33 side=new cur=6401969126 next=6340462787 tgt=6196947996 f=0.3 u=0 breach=8 end=
CBAP_MIG t=30095000 epoch=6019 flow=34 side=new cur=6401969126 next=6340462787 tgt=6196947996 f=0.3 u=0 breach=8 end=
CBAP_MIG t=30095000 epoch=6019 flow=35 side=new cur=6401969126 next=6340462787 tgt=6196947996 f=0.3 u=0 breach=8 end=
CBAP_MIG t=30095000 epoch=6019 flow=36 side=new cur=6401969126 next=6340462787 tgt=6196947996 f=0.3 u=0 breach=8 end=
CBAP_MIG t=30095000 epoch=6019 flow=37 side=new cur=6401969126 next=6340462787 tgt=6196947996 f=0.3 u=0 breach=8 end=
CBAP_MIG t=30095000 epoch=6019 flow=38 side=new cur=6401969126 next=6340462787 tgt=6196947996 f=0.3 u=0 breach=8 end=
CBAP_MIG t=30095000 epoch=6019 flow=39 side=new cur=6401969126 next=6340462787 tgt=6196947996 f=0.3 u=0 breach=8 end=
CBAP_MIG t=30095000 epoch=6019 flow=40 side=new cur=6401969126 next=6340462787 tgt=6196947996 f=0.3 u=0 breach=8 end=
CBAP_MIG t=30095000 epoch=6019 flow=41 side=new cur=6401969126 next=6340462787 tgt=6196947996 f=0.3 u=0 breach=8 end=
CBAP_MIG t=30095000 epoch=6019 flow=42 side=new cur=6401969126 next=6340462787 tgt=6196947996 f=0.3 u=0 breach=8 end=
CBAP_MIG t=30095000 epoch=6019 flow=43 side=new cur=6401969126 next=6340462787 tgt=6196947996 f=0.3 u=0 breach=8 end=
CBAP_MIG t=30095000 epoch=6019 flow=44 side=new cur=6401969126 next=6340462787 tgt=6196947996 f=0.3 u=0 breach=8 end=
CBAP_MIG t=30095000 epoch=6019 flow=45 side=new cur=6401969126 next=6340462787 tgt=6196947996 f=0.3 u=0 breach=8 end=
CBAP_MIG t=30095000 epoch=6019 flow=46 side=new cur=6401969126 next=6340462787 tgt=6196947996 f=0.3 u=0 breach=8 end=
CBAP_MIG t=30095000 epoch=6019 flow=47 side=new cur=6401969126 next=6340462787 tgt=6196947996 f=0.3 u=0 breach=8 end=
CBAP_MIG t=30095000 epoch=6019 flow=48 side=new cur=6401969126 next=6340462787 tgt=6196947996 f=0.3 u=0 breach=8 end=
CBAP_MIG t=30095000 epoch=6019 flow=49 side=new cur=6401969126 next=6340462787 tgt=6196947996 f=0.3 u=0 breach=8 end=
CBAP_MIG t=30095000 epoch=6019 flow=50 side=new cur=6401969126 next=6340462787 tgt=6196947996 f=0.3 u=0 breach=8 end=
CBAP_MIG t=30095000 epoch=6019 flow=51 side=new cur=6401969126 next=6340462787 tgt=6196947996 f=0.3 u=0 breach=8 end=
CBAP_MIG t=30095000 epoch=6019 flow=52 side=new cur=6401969126 next=6340462787 tgt=6196947996 f=0.3 u=0 breach=8 end=
CBAP_MIG t=30095000 epoch=6019 flow=53 side=new cur=6401969126 next=6340462787 tgt=6196947996 f=0.3 u=0 breach=8 end=
CBAP_MIG t=30095000 epoch=6019 flow=54 side=new cur=6401969126 next=6340462787 tgt=6196947996 f=0.3 u=0 breach=8 end=
CBAP_MIG t=30095000 epoch=6019 flow=55 side=new cur=6401969126 next=6340462787 tgt=6196947996 f=0.3 u=0 breach=8 end=
CBAP_MIG t=30095000 epoch=6019 flow=56 side=new cur=6401969126 next=6340462787 tgt=6196947996 f=0.3 u=0 breach=8 end=
CBAP_MIG t=30095000 epoch=6019 flow=57 side=new cur=6401969126 next=6340462787 tgt=6196947996 f=0.3 u=0 breach=8 end=
CBAP_MIG t=30095000 epoch=6019 flow=58 side=new cur=6401969126 next=6340462787 tgt=6196947996 f=0.3 u=0 breach=8 end=
CBAP_MIG t=30095000 epoch=6019 flow=59 side=new cur=6401969126 next=6340462787 tgt=6196947996 f=0.3 u=0 breach=8 end=
CBAP_MIG t=30095000 epoch=6019 flow=60 side=new cur=6401969126 next=6340462787 tgt=6196947996 f=0.3 u=0 breach=8 end=
CBAP_MIG t=30095000 epoch=6019 flow=61 side=new cur=6401969126 next=6340462787 tgt=6196947996 f=0.3 u=0 breach=8 end=
CBAP_MIG t=30095000 epoch=6019 flow=62 side=new cur=6401969126 next=6340462787 tgt=6196947996 f=0.3 u=0 breach=8 end=
CBAP_MIG t=30095000 epoch=6019 flow=63 side=new cur=6401969126 next=6340462787 tgt=6196947996 f=0.3 u=0 breach=8 end=
CBAP_MIG t=30095000 epoch=6019 flow=64 side=new cur=6401969126 next=6340462787 tgt=6196947996 f=0.3 u=0 breach=8 end=
CBAP_MIG t=30100000 epoch=6020 flow=0 side=old cur=11191783115 next=9034248180 tgt=4000000000 f=0.3 u=0 breach=0 end=
CBAP_MIG t=30100000 epoch=6020 flow=1 side=new cur=6450128388 next=6374174270 tgt=6196947996 f=0.3 u=0 breach=9 end=
CBAP_MIG t=30100000 epoch=6020 flow=2 side=new cur=6450128388 next=6374174270 tgt=6196947996 f=0.3 u=0 breach=9 end=
CBAP_MIG t=30100000 epoch=6020 flow=3 side=new cur=6450128388 next=6374174270 tgt=6196947996 f=0.3 u=0 breach=9 end=
CBAP_MIG t=30100000 epoch=6020 flow=4 side=new cur=6450128388 next=6374174270 tgt=6196947996 f=0.3 u=0 breach=9 end=
CBAP_MIG t=30100000 epoch=6020 flow=5 side=new cur=6450128388 next=6374174270 tgt=6196947996 f=0.3 u=0 breach=9 end=
CBAP_MIG t=30100000 epoch=6020 flow=6 side=new cur=6450128388 next=6374174270 tgt=6196947996 f=0.3 u=0 breach=9 end=
CBAP_MIG t=30100000 epoch=6020 flow=7 side=new cur=6450128388 next=6374174270 tgt=6196947996 f=0.3 u=0 breach=9 end=
CBAP_MIG t=30100000 epoch=6020 flow=8 side=new cur=6450128388 next=6374174270 tgt=6196947996 f=0.3 u=0 breach=9 end=
CBAP_MIG t=30100000 epoch=6020 flow=9 side=new cur=6450128388 next=6374174270 tgt=6196947996 f=0.3 u=0 breach=9 end=
CBAP_MIG t=30100000 epoch=6020 flow=10 side=new cur=6450128388 next=6374174270 tgt=6196947996 f=0.3 u=0 breach=9 end=
CBAP_MIG t=30100000 epoch=6020 flow=11 side=new cur=6450128388 next=6374174270 tgt=6196947996 f=0.3 u=0 breach=9 end=
CBAP_MIG t=30100000 epoch=6020 flow=12 side=new cur=6450128388 next=6374174270 tgt=6196947996 f=0.3 u=0 breach=9 end=
CBAP_MIG t=30100000 epoch=6020 flow=13 side=new cur=6450128388 next=6374174270 tgt=6196947996 f=0.3 u=0 breach=9 end=
CBAP_MIG t=30100000 epoch=6020 flow=14 side=new cur=6450128388 next=6374174270 tgt=6196947996 f=0.3 u=0 breach=9 end=
CBAP_MIG t=30100000 epoch=6020 flow=15 side=new cur=6450128388 next=6374174270 tgt=6196947996 f=0.3 u=0 breach=9 end=
CBAP_MIG t=30100000 epoch=6020 flow=16 side=new cur=6450128388 next=6374174270 tgt=6196947996 f=0.3 u=0 breach=9 end=
CBAP_MIG t=30100000 epoch=6020 flow=17 side=new cur=6450128388 next=6374174270 tgt=6196947996 f=0.3 u=0 breach=9 end=
CBAP_MIG t=30100000 epoch=6020 flow=18 side=new cur=6450128388 next=6374174270 tgt=6196947996 f=0.3 u=0 breach=9 end=
CBAP_MIG t=30100000 epoch=6020 flow=19 side=new cur=6450128388 next=6374174270 tgt=6196947996 f=0.3 u=0 breach=9 end=
CBAP_MIG t=30100000 epoch=6020 flow=20 side=new cur=6450128388 next=6374174270 tgt=6196947996 f=0.3 u=0 breach=9 end=
CBAP_MIG t=30100000 epoch=6020 flow=21 side=new cur=6450128388 next=6374174270 tgt=6196947996 f=0.3 u=0 breach=9 end=
CBAP_MIG t=30100000 epoch=6020 flow=22 side=new cur=6450128388 next=6374174270 tgt=6196947996 f=0.3 u=0 breach=9 end=
CBAP_MIG t=30100000 epoch=6020 flow=23 side=new cur=6450128388 next=6374174270 tgt=6196947996 f=0.3 u=0 breach=9 end=
CBAP_MIG t=30100000 epoch=6020 flow=24 side=new cur=6450128388 next=6374174270 tgt=6196947996 f=0.3 u=0 breach=9 end=
CBAP_MIG t=30100000 epoch=6020 flow=25 side=new cur=6450128388 next=6374174270 tgt=6196947996 f=0.3 u=0 breach=9 end=
CBAP_MIG t=30100000 epoch=6020 flow=26 side=new cur=6450128388 next=6374174270 tgt=6196947996 f=0.3 u=0 breach=9 end=
CBAP_MIG t=30100000 epoch=6020 flow=27 side=new cur=6450128388 next=6374174270 tgt=6196947996 f=0.3 u=0 breach=9 end=
CBAP_MIG t=30100000 epoch=6020 flow=28 side=new cur=6450128388 next=6374174270 tgt=6196947996 f=0.3 u=0 breach=9 end=
CBAP_MIG t=30100000 epoch=6020 flow=29 side=new cur=6450128388 next=6374174270 tgt=6196947996 f=0.3 u=0 breach=9 end=
CBAP_MIG t=30100000 epoch=6020 flow=30 side=new cur=6450128388 next=6374174270 tgt=6196947996 f=0.3 u=0 breach=9 end=
CBAP_MIG t=30100000 epoch=6020 flow=31 side=new cur=6450128388 next=6374174270 tgt=6196947996 f=0.3 u=0 breach=9 end=
CBAP_MIG t=30100000 epoch=6020 flow=32 side=new cur=6450128388 next=6374174270 tgt=6196947996 f=0.3 u=0 breach=9 end=
CBAP_MIG t=30100000 epoch=6020 flow=33 side=new cur=6450128388 next=6374174270 tgt=6196947996 f=0.3 u=0 breach=9 end=
CBAP_MIG t=30100000 epoch=6020 flow=34 side=new cur=6450128388 next=6374174270 tgt=6196947996 f=0.3 u=0 breach=9 end=
CBAP_MIG t=30100000 epoch=6020 flow=35 side=new cur=6450128388 next=6374174270 tgt=6196947996 f=0.3 u=0 breach=9 end=
CBAP_MIG t=30100000 epoch=6020 flow=36 side=new cur=6450128388 next=6374174270 tgt=6196947996 f=0.3 u=0 breach=9 end=
CBAP_MIG t=30100000 epoch=6020 flow=37 side=new cur=6450128388 next=6374174270 tgt=6196947996 f=0.3 u=0 breach=9 end=
CBAP_MIG t=30100000 epoch=6020 flow=38 side=new cur=6450128388 next=6374174270 tgt=6196947996 f=0.3 u=0 breach=9 end=
CBAP_MIG t=30100000 epoch=6020 flow=39 side=new cur=6450128388 next=6374174270 tgt=6196947996 f=0.3 u=0 breach=9 end=
CBAP_MIG t=30100000 epoch=6020 flow=40 side=new cur=6450128388 next=6374174270 tgt=6196947996 f=0.3 u=0 breach=9 end=
CBAP_MIG t=30100000 epoch=6020 flow=41 side=new cur=6450128388 next=6374174270 tgt=6196947996 f=0.3 u=0 breach=9 end=
CBAP_MIG t=30100000 epoch=6020 flow=42 side=new cur=6450128388 next=6374174270 tgt=6196947996 f=0.3 u=0 breach=9 end=
CBAP_MIG t=30100000 epoch=6020 flow=43 side=new cur=6450128388 next=6374174270 tgt=6196947996 f=0.3 u=0 breach=9 end=
CBAP_MIG t=30100000 epoch=6020 flow=44 side=new cur=6450128388 next=6374174270 tgt=6196947996 f=0.3 u=0 breach=9 end=
CBAP_MIG t=30100000 epoch=6020 flow=45 side=new cur=6450128388 next=6374174270 tgt=6196947996 f=0.3 u=0 breach=9 end=
CBAP_MIG t=30100000 epoch=6020 flow=46 side=new cur=6450128388 next=6374174270 tgt=6196947996 f=0.3 u=0 breach=9 end=
CBAP_MIG t=30100000 epoch=6020 flow=47 side=new cur=6450128388 next=6374174270 tgt=6196947996 f=0.3 u=0 breach=9 end=
CBAP_MIG t=30100000 epoch=6020 flow=48 side=new cur=6450128388 next=6374174270 tgt=6196947996 f=0.3 u=0 breach=9 end=
CBAP_MIG t=30100000 epoch=6020 flow=49 side=new cur=6450128388 next=6374174270 tgt=6196947996 f=0.3 u=0 breach=9 end=
CBAP_MIG t=30100000 epoch=6020 flow=50 side=new cur=6450128388 next=6374174270 tgt=6196947996 f=0.3 u=0 breach=9 end=
CBAP_MIG t=30100000 epoch=6020 flow=51 side=new cur=6450128388 next=6374174270 tgt=6196947996 f=0.3 u=0 breach=9 end=
CBAP_MIG t=30100000 epoch=6020 flow=52 side=new cur=6450128388 next=6374174270 tgt=6196947996 f=0.3 u=0 breach=9 end=
CBAP_MIG t=30100000 epoch=6020 flow=53 side=new cur=6450128388 next=6374174270 tgt=6196947996 f=0.3 u=0 breach=9 end=
CBAP_MIG t=30100000 epoch=6020 flow=54 side=new cur=6450128388 next=6374174270 tgt=6196947996 f=0.3 u=0 breach=9 end=
CBAP_MIG t=30100000 epoch=6020 flow=55 side=new cur=6450128388 next=6374174270 tgt=6196947996 f=0.3 u=0 breach=9 end=
CBAP_MIG t=30100000 epoch=6020 flow=56 side=new cur=6450128388 next=6374174270 tgt=6196947996 f=0.3 u=0 breach=9 end=
CBAP_MIG t=30100000 epoch=6020 flow=57 side=new cur=6450128388 next=6374174270 tgt=6196947996 f=0.3 u=0 breach=9 end=
CBAP_MIG t=30100000 epoch=6020 flow=58 side=new cur=6450128388 next=6374174270 tgt=6196947996 f=0.3 u=0 breach=9 end=
CBAP_MIG t=30100000 epoch=6020 flow=59 side=new cur=6450128388 next=6374174270 tgt=6196947996 f=0.3 u=0 breach=9 end=
CBAP_MIG t=30100000 epoch=6020 flow=60 side=new cur=6450128388 next=6374174270 tgt=6196947996 f=0.3 u=0 breach=9 end=
CBAP_MIG t=30100000 epoch=6020 flow=61 side=new cur=6450128388 next=6374174270 tgt=6196947996 f=0.3 u=0 breach=9 end=
CBAP_MIG t=30100000 epoch=6020 flow=62 side=new cur=6450128388 next=6374174270 tgt=6196947996 f=0.3 u=0 breach=9 end=
CBAP_MIG t=30100000 epoch=6020 flow=63 side=new cur=6450128388 next=6374174270 tgt=6196947996 f=0.3 u=0 breach=9 end=
CBAP_MIG t=30100000 epoch=6020 flow=64 side=new cur=6450128388 next=6374174270 tgt=6196947996 f=0.3 u=0 breach=9 end=
CBAP_MIG t=30105000 epoch=6021 flow=0 side=old cur=9034248180 next=7523973726 tgt=4000000000 f=0.3 u=0.03548 breach=0 end=
CBAP_MIG t=30105000 epoch=6021 flow=1 side=new cur=6108839872 next=6143867186 tgt=6196947996 f=0.397549 u=0.03548 breach=9 end=converged
CBAP_MIG t=30105000 epoch=6021 flow=2 side=new cur=6108839872 next=6143867186 tgt=6196947996 f=0.397549 u=0.03548 breach=9 end=converged
CBAP_MIG t=30105000 epoch=6021 flow=3 side=new cur=6108839872 next=6143867186 tgt=6196947996 f=0.397549 u=0.03548 breach=9 end=converged
CBAP_MIG t=30105000 epoch=6021 flow=4 side=new cur=6108839872 next=6143867186 tgt=6196947996 f=0.397549 u=0.03548 breach=9 end=converged
CBAP_MIG t=30105000 epoch=6021 flow=5 side=new cur=6108839872 next=6143867186 tgt=6196947996 f=0.397549 u=0.03548 breach=9 end=converged
CBAP_MIG t=30105000 epoch=6021 flow=6 side=new cur=6108839872 next=6143867186 tgt=6196947996 f=0.397549 u=0.03548 breach=9 end=converged
CBAP_MIG t=30105000 epoch=6021 flow=7 side=new cur=6108839872 next=6143867186 tgt=6196947996 f=0.397549 u=0.03548 breach=9 end=converged
CBAP_MIG t=30105000 epoch=6021 flow=8 side=new cur=6108839872 next=6143867186 tgt=6196947996 f=0.397549 u=0.03548 breach=9 end=converged
CBAP_MIG t=30105000 epoch=6021 flow=9 side=new cur=6108839872 next=6143867186 tgt=6196947996 f=0.397549 u=0.03548 breach=9 end=converged
CBAP_MIG t=30105000 epoch=6021 flow=10 side=new cur=6108839872 next=6143867186 tgt=6196947996 f=0.397549 u=0.03548 breach=9 end=converged
CBAP_MIG t=30105000 epoch=6021 flow=11 side=new cur=6108839872 next=6143867186 tgt=6196947996 f=0.397549 u=0.03548 breach=9 end=converged
CBAP_MIG t=30105000 epoch=6021 flow=12 side=new cur=6108839872 next=6143867186 tgt=6196947996 f=0.397549 u=0.03548 breach=9 end=converged
CBAP_MIG t=30105000 epoch=6021 flow=13 side=new cur=6108839872 next=6143867186 tgt=6196947996 f=0.397549 u=0.03548 breach=9 end=converged
CBAP_MIG t=30105000 epoch=6021 flow=14 side=new cur=6108839872 next=6143867186 tgt=6196947996 f=0.397549 u=0.03548 breach=9 end=converged
CBAP_MIG t=30105000 epoch=6021 flow=15 side=new cur=6108839872 next=6143867186 tgt=6196947996 f=0.397549 u=0.03548 breach=9 end=converged
CBAP_MIG t=30105000 epoch=6021 flow=16 side=new cur=6108839872 next=6143867186 tgt=6196947996 f=0.397549 u=0.03548 breach=9 end=converged
CBAP_MIG t=30105000 epoch=6021 flow=17 side=new cur=6108839872 next=6143867186 tgt=6196947996 f=0.397549 u=0.03548 breach=9 end=converged
CBAP_MIG t=30105000 epoch=6021 flow=18 side=new cur=6108839872 next=6143867186 tgt=6196947996 f=0.397549 u=0.03548 breach=9 end=converged
CBAP_MIG t=30105000 epoch=6021 flow=19 side=new cur=6108839872 next=6143867186 tgt=6196947996 f=0.397549 u=0.03548 breach=9 end=converged
CBAP_MIG t=30105000 epoch=6021 flow=20 side=new cur=6108839872 next=6143867186 tgt=6196947996 f=0.397549 u=0.03548 breach=9 end=converged
CBAP_MIG t=30105000 epoch=6021 flow=21 side=new cur=6108839872 next=6143867186 tgt=6196947996 f=0.397549 u=0.03548 breach=9 end=converged
CBAP_MIG t=30105000 epoch=6021 flow=22 side=new cur=6108839872 next=6143867186 tgt=6196947996 f=0.397549 u=0.03548 breach=9 end=converged
CBAP_MIG t=30105000 epoch=6021 flow=23 side=new cur=6108839872 next=6143867186 tgt=6196947996 f=0.397549 u=0.03548 breach=9 end=converged
CBAP_MIG t=30105000 epoch=6021 flow=24 side=new cur=6108839872 next=6143867186 tgt=6196947996 f=0.397549 u=0.03548 breach=9 end=converged
CBAP_MIG t=30105000 epoch=6021 flow=25 side=new cur=6108839872 next=6143867186 tgt=6196947996 f=0.397549 u=0.03548 breach=9 end=converged
CBAP_MIG t=30105000 epoch=6021 flow=26 side=new cur=6108839872 next=6143867186 tgt=6196947996 f=0.397549 u=0.03548 breach=9 end=converged
CBAP_MIG t=30105000 epoch=6021 flow=27 side=new cur=6108839872 next=6143867186 tgt=6196947996 f=0.397549 u=0.03548 breach=9 end=converged
CBAP_MIG t=30105000 epoch=6021 flow=28 side=new cur=6108839872 next=6143867186 tgt=6196947996 f=0.397549 u=0.03548 breach=9 end=converged
CBAP_MIG t=30105000 epoch=6021 flow=29 side=new cur=6108839872 next=6143867186 tgt=6196947996 f=0.397549 u=0.03548 breach=9 end=converged
CBAP_MIG t=30105000 epoch=6021 flow=30 side=new cur=6108839872 next=6143867186 tgt=6196947996 f=0.397549 u=0.03548 breach=9 end=converged
CBAP_MIG t=30105000 epoch=6021 flow=31 side=new cur=6108839872 next=6143867186 tgt=6196947996 f=0.397549 u=0.03548 breach=9 end=converged
CBAP_MIG t=30105000 epoch=6021 flow=32 side=new cur=6108839872 next=6143867186 tgt=6196947996 f=0.397549 u=0.03548 breach=9 end=converged
CBAP_MIG t=30105000 epoch=6021 flow=33 side=new cur=6108839872 next=6143867186 tgt=6196947996 f=0.397549 u=0.03548 breach=9 end=converged
CBAP_MIG t=30105000 epoch=6021 flow=34 side=new cur=6108839872 next=6143867186 tgt=6196947996 f=0.397549 u=0.03548 breach=9 end=converged
CBAP_MIG t=30105000 epoch=6021 flow=35 side=new cur=6108839872 next=6143867186 tgt=6196947996 f=0.397549 u=0.03548 breach=9 end=converged
CBAP_MIG t=30105000 epoch=6021 flow=36 side=new cur=6108839872 next=6143867186 tgt=6196947996 f=0.397549 u=0.03548 breach=9 end=converged
CBAP_MIG t=30105000 epoch=6021 flow=37 side=new cur=6108839872 next=6143867186 tgt=6196947996 f=0.397549 u=0.03548 breach=9 end=converged
CBAP_MIG t=30105000 epoch=6021 flow=38 side=new cur=6108839872 next=6143867186 tgt=6196947996 f=0.397549 u=0.03548 breach=9 end=converged
CBAP_MIG t=30105000 epoch=6021 flow=39 side=new cur=6108839872 next=6143867186 tgt=6196947996 f=0.397549 u=0.03548 breach=9 end=converged
CBAP_MIG t=30105000 epoch=6021 flow=40 side=new cur=6108839872 next=6143867186 tgt=6196947996 f=0.397549 u=0.03548 breach=9 end=converged
CBAP_MIG t=30105000 epoch=6021 flow=41 side=new cur=6108839872 next=6143867186 tgt=6196947996 f=0.397549 u=0.03548 breach=9 end=converged
CBAP_MIG t=30105000 epoch=6021 flow=42 side=new cur=6108839872 next=6143867186 tgt=6196947996 f=0.397549 u=0.03548 breach=9 end=converged
CBAP_MIG t=30105000 epoch=6021 flow=43 side=new cur=6108839872 next=6143867186 tgt=6196947996 f=0.397549 u=0.03548 breach=9 end=converged
CBAP_MIG t=30105000 epoch=6021 flow=44 side=new cur=6108839872 next=6143867186 tgt=6196947996 f=0.397549 u=0.03548 breach=9 end=converged
CBAP_MIG t=30105000 epoch=6021 flow=45 side=new cur=6108839872 next=6143867186 tgt=6196947996 f=0.397549 u=0.03548 breach=9 end=converged
CBAP_MIG t=30105000 epoch=6021 flow=46 side=new cur=6108839872 next=6143867186 tgt=6196947996 f=0.397549 u=0.03548 breach=9 end=converged
CBAP_MIG t=30105000 epoch=6021 flow=47 side=new cur=6108839872 next=6143867186 tgt=6196947996 f=0.397549 u=0.03548 breach=9 end=converged
CBAP_MIG t=30105000 epoch=6021 flow=48 side=new cur=6108839872 next=6143867186 tgt=6196947996 f=0.397549 u=0.03548 breach=9 end=converged
CBAP_MIG t=30105000 epoch=6021 flow=49 side=new cur=6108839872 next=6143867186 tgt=6196947996 f=0.397549 u=0.03548 breach=9 end=converged
CBAP_MIG t=30105000 epoch=6021 flow=50 side=new cur=6108839872 next=6143867186 tgt=6196947996 f=0.397549 u=0.03548 breach=9 end=converged
CBAP_MIG t=30105000 epoch=6021 flow=51 side=new cur=6108839872 next=6143867186 tgt=6196947996 f=0.397549 u=0.03548 breach=9 end=converged
CBAP_MIG t=30105000 epoch=6021 flow=52 side=new cur=6108839872 next=6143867186 tgt=6196947996 f=0.397549 u=0.03548 breach=9 end=converged
CBAP_MIG t=30105000 epoch=6021 flow=53 side=new cur=6108839872 next=6143867186 tgt=6196947996 f=0.397549 u=0.03548 breach=9 end=converged
CBAP_MIG t=30105000 epoch=6021 flow=54 side=new cur=6108839872 next=6143867186 tgt=6196947996 f=0.397549 u=0.03548 breach=9 end=converged
CBAP_MIG t=30105000 epoch=6021 flow=55 side=new cur=6108839872 next=6143867186 tgt=6196947996 f=0.397549 u=0.03548 breach=9 end=converged
CBAP_MIG t=30105000 epoch=6021 flow=56 side=new cur=6108839872 next=6143867186 tgt=6196947996 f=0.397549 u=0.03548 breach=9 end=converged
CBAP_MIG t=30105000 epoch=6021 flow=57 side=new cur=6108839872 next=6143867186 tgt=6196947996 f=0.397549 u=0.03548 breach=9 end=converged
CBAP_MIG t=30105000 epoch=6021 flow=58 side=new cur=6108839872 next=6143867186 tgt=6196947996 f=0.397549 u=0.03548 breach=9 end=converged
CBAP_MIG t=30105000 epoch=6021 flow=59 side=new cur=6108839872 next=6143867186 tgt=6196947996 f=0.397549 u=0.03548 breach=9 end=converged
CBAP_MIG t=30105000 epoch=6021 flow=60 side=new cur=6108839872 next=6143867186 tgt=6196947996 f=0.397549 u=0.03548 breach=9 end=converged
CBAP_MIG t=30105000 epoch=6021 flow=61 side=new cur=6108839872 next=6143867186 tgt=6196947996 f=0.397549 u=0.03548 breach=9 end=converged
CBAP_MIG t=30105000 epoch=6021 flow=62 side=new cur=6108839872 next=6143867186 tgt=6196947996 f=0.397549 u=0.03548 breach=9 end=converged
CBAP_MIG t=30105000 epoch=6021 flow=63 side=new cur=6108839872 next=6143867186 tgt=6196947996 f=0.397549 u=0.03548 breach=9 end=converged
CBAP_MIG t=30105000 epoch=6021 flow=64 side=new cur=6108839872 next=6143867186 tgt=6196947996 f=0.397549 u=0.03548 breach=9 end=converged
CBAP_MIG t=30110000 epoch=6022 flow=0 side=old cur=7523973726 next=6466781608 tgt=4000000000 f=0.3 u=0.09996 breach=0 end=
CBAP_MIG t=30115000 epoch=6023 flow=0 side=old cur=6466781608 next=5726747125 tgt=4000000000 f=0.3 u=0.11136 breach=0 end=
CBAP_MIG t=30120000 epoch=6024 flow=0 side=old cur=5726747125 next=5208722987 tgt=4000000000 f=0.3 u=0.1592 breach=0 end=
CBAP_MIG t=30125000 epoch=6025 flow=0 side=old cur=5208722987 next=4846106090 tgt=4000000000 f=0.3 u=0.11132 breach=0 end=
CBAP_MIG t=30130000 epoch=6026 flow=0 side=old cur=4846106090 next=4592274263 tgt=4000000000 f=0.3 u=0.23464 breach=0 end=
CBAP_MIG t=30135000 epoch=6027 flow=0 side=old cur=4592274263 next=4414591984 tgt=4000000000 f=0.3 u=0.30012 breach=0 end=
CBAP_MIG t=30140000 epoch=6028 flow=0 side=old cur=4414591984 next=4290214388 tgt=4000000000 f=0.3 u=0.35012 breach=0 end=
CBAP_MIG t=30145000 epoch=6029 flow=0 side=old cur=4290214388 next=4203150071 tgt=4000000000 f=0.3 u=0.38988 breach=0 end=deadline_retargeted
CBAP_MIG_REPLAN t=30150000 reason=deadline_lapsed flow=1 batch=1 newest_batch=1 cur=6559325780 target=6618432577 ceiling=400000000000 old_side_present=1
CBAP_MIG_REPLAN t=30150000 reason=deadline_lapsed flow=2 batch=1 newest_batch=1 cur=6559325780 target=6618432577 ceiling=400000000000 old_side_present=1
CBAP_MIG_REPLAN t=30150000 reason=deadline_lapsed flow=3 batch=1 newest_batch=1 cur=6559325780 target=6618432577 ceiling=400000000000 old_side_present=1
CBAP_MIG_REPLAN t=30150000 reason=deadline_lapsed flow=4 batch=1 newest_batch=1 cur=6559325780 target=6618432577 ceiling=400000000000 old_side_present=1
CBAP_MIG_REPLAN t=30150000 reason=deadline_lapsed flow=5 batch=1 newest_batch=1 cur=6559325780 target=6618432577 ceiling=400000000000 old_side_present=1
CBAP_MIG_REPLAN t=30150000 reason=deadline_lapsed flow=6 batch=1 newest_batch=1 cur=6559325780 target=6618432577 ceiling=400000000000 old_side_present=1
CBAP_MIG_REPLAN t=30150000 reason=deadline_lapsed flow=7 batch=1 newest_batch=1 cur=6559325780 target=6618432577 ceiling=400000000000 old_side_present=1
CBAP_MIG_REPLAN t=30150000 reason=deadline_lapsed flow=8 batch=1 newest_batch=1 cur=6559325780 target=6618432577 ceiling=400000000000 old_side_present=1
CBAP_MIG_REPLAN t=30150000 reason=deadline_lapsed flow=9 batch=1 newest_batch=1 cur=6559325780 target=6618432577 ceiling=400000000000 old_side_present=1
CBAP_MIG_REPLAN t=30150000 reason=deadline_lapsed flow=10 batch=1 newest_batch=1 cur=6559325780 target=6618432577 ceiling=400000000000 old_side_present=1
CBAP_MIG_REPLAN t=30150000 reason=deadline_lapsed flow=11 batch=1 newest_batch=1 cur=6559325780 target=6618432577 ceiling=400000000000 old_side_present=1
CBAP_MIG_REPLAN t=30150000 reason=deadline_lapsed flow=12 batch=1 newest_batch=1 cur=6559325780 target=6618432577 ceiling=400000000000 old_side_present=1
CBAP_MIG_REPLAN t=30150000 reason=deadline_lapsed flow=13 batch=1 newest_batch=1 cur=6559325780 target=6618432577 ceiling=400000000000 old_side_present=1
CBAP_MIG_REPLAN t=30150000 reason=deadline_lapsed flow=14 batch=1 newest_batch=1 cur=6559325780 target=6618432577 ceiling=400000000000 old_side_present=1
CBAP_MIG_REPLAN t=30150000 reason=deadline_lapsed flow=15 batch=1 newest_batch=1 cur=6559325780 target=6618432577 ceiling=400000000000 old_side_present=1
CBAP_MIG_REPLAN t=30150000 reason=deadline_lapsed flow=16 batch=1 newest_batch=1 cur=6559325780 target=6618432577 ceiling=400000000000 old_side_present=1
CBAP_MIG_REPLAN t=30150000 reason=deadline_lapsed flow=17 batch=1 newest_batch=1 cur=6559325780 target=6618432577 ceiling=400000000000 old_side_present=1
CBAP_MIG_REPLAN t=30150000 reason=deadline_lapsed flow=18 batch=1 newest_batch=1 cur=6559325780 target=6618432577 ceiling=400000000000 old_side_present=1
CBAP_MIG_REPLAN t=30150000 reason=deadline_lapsed flow=19 batch=1 newest_batch=1 cur=6559325780 target=6618432577 ceiling=400000000000 old_side_present=1
CBAP_MIG_REPLAN t=30150000 reason=deadline_lapsed flow=20 batch=1 newest_batch=1 cur=6559325780 target=6618432577 ceiling=400000000000 old_side_present=1
CBAP_MIG_REPLAN t=30150000 reason=deadline_lapsed flow=21 batch=1 newest_batch=1 cur=6559325780 target=6618432577 ceiling=400000000000 old_side_present=1
CBAP_MIG_REPLAN t=30150000 reason=deadline_lapsed flow=22 batch=1 newest_batch=1 cur=6559325780 target=6618432577 ceiling=400000000000 old_side_present=1
CBAP_MIG_REPLAN t=30150000 reason=deadline_lapsed flow=23 batch=1 newest_batch=1 cur=6559325780 target=6618432577 ceiling=400000000000 old_side_present=1
CBAP_MIG_REPLAN t=30150000 reason=deadline_lapsed flow=24 batch=1 newest_batch=1 cur=6559325780 target=6618432577 ceiling=400000000000 old_side_present=1
CBAP_MIG_REPLAN t=30150000 reason=deadline_lapsed flow=25 batch=1 newest_batch=1 cur=6559325780 target=6618432577 ceiling=400000000000 old_side_present=1
CBAP_MIG_REPLAN t=30150000 reason=deadline_lapsed flow=26 batch=1 newest_batch=1 cur=6559325780 target=6618432577 ceiling=400000000000 old_side_present=1
CBAP_MIG_REPLAN t=30150000 reason=deadline_lapsed flow=27 batch=1 newest_batch=1 cur=6559325780 target=6618432577 ceiling=400000000000 old_side_present=1
CBAP_MIG_REPLAN t=30150000 reason=deadline_lapsed flow=28 batch=1 newest_batch=1 cur=6559325780 target=6618432577 ceiling=400000000000 old_side_present=1
CBAP_MIG_REPLAN t=30150000 reason=deadline_lapsed flow=29 batch=1 newest_batch=1 cur=6559325780 target=6618432577 ceiling=400000000000 old_side_present=1
CBAP_MIG_REPLAN t=30150000 reason=deadline_lapsed flow=30 batch=1 newest_batch=1 cur=6559325780 target=6618432577 ceiling=400000000000 old_side_present=1
CBAP_MIG_REPLAN t=30150000 reason=deadline_lapsed flow=31 batch=1 newest_batch=1 cur=6559325780 target=6618432577 ceiling=400000000000 old_side_present=1
CBAP_MIG_REPLAN t=30150000 reason=deadline_lapsed flow=32 batch=1 newest_batch=1 cur=6559325780 target=6618432577 ceiling=400000000000 old_side_present=1
CBAP_MIG_REPLAN t=30150000 reason=deadline_lapsed flow=33 batch=1 newest_batch=1 cur=6559325780 target=6618432577 ceiling=400000000000 old_side_present=1
CBAP_MIG_REPLAN t=30150000 reason=deadline_lapsed flow=34 batch=1 newest_batch=1 cur=6559325780 target=6618432577 ceiling=400000000000 old_side_present=1
CBAP_MIG_REPLAN t=30150000 reason=deadline_lapsed flow=35 batch=1 newest_batch=1 cur=6559325780 target=6618432577 ceiling=400000000000 old_side_present=1
CBAP_MIG_REPLAN t=30150000 reason=deadline_lapsed flow=36 batch=1 newest_batch=1 cur=6559325780 target=6618432577 ceiling=400000000000 old_side_present=1
CBAP_MIG_REPLAN t=30150000 reason=deadline_lapsed flow=37 batch=1 newest_batch=1 cur=6559325780 target=6618432577 ceiling=400000000000 old_side_present=1
CBAP_MIG_REPLAN t=30150000 reason=deadline_lapsed flow=38 batch=1 newest_batch=1 cur=6559325780 target=6618432577 ceiling=400000000000 old_side_present=1
CBAP_MIG_REPLAN t=30150000 reason=deadline_lapsed flow=39 batch=1 newest_batch=1 cur=6559325780 target=6618432577 ceiling=400000000000 old_side_present=1
CBAP_MIG_REPLAN t=30150000 reason=deadline_lapsed flow=40 batch=1 newest_batch=1 cur=6559325780 target=6618432577 ceiling=400000000000 old_side_present=1
CBAP_MIG_REPLAN t=30150000 reason=deadline_lapsed flow=41 batch=1 newest_batch=1 cur=6559325780 target=6618432577 ceiling=400000000000 old_side_present=1
CBAP_MIG_REPLAN t=30150000 reason=deadline_lapsed flow=42 batch=1 newest_batch=1 cur=6559325780 target=6618432577 ceiling=400000000000 old_side_present=1
CBAP_MIG_REPLAN t=30150000 reason=deadline_lapsed flow=43 batch=1 newest_batch=1 cur=6559325780 target=6618432577 ceiling=400000000000 old_side_present=1
CBAP_MIG_REPLAN t=30150000 reason=deadline_lapsed flow=44 batch=1 newest_batch=1 cur=6559325780 target=6618432577 ceiling=400000000000 old_side_present=1
CBAP_MIG_REPLAN t=30150000 reason=deadline_lapsed flow=45 batch=1 newest_batch=1 cur=6559325780 target=6618432577 ceiling=400000000000 old_side_present=1
CBAP_MIG_REPLAN t=30150000 reason=deadline_lapsed flow=46 batch=1 newest_batch=1 cur=6559325780 target=6618432577 ceiling=400000000000 old_side_present=1
CBAP_MIG_REPLAN t=30150000 reason=deadline_lapsed flow=47 batch=1 newest_batch=1 cur=6559325780 target=6618432577 ceiling=400000000000 old_side_present=1
CBAP_MIG_REPLAN t=30150000 reason=deadline_lapsed flow=48 batch=1 newest_batch=1 cur=6559325780 target=6618432577 ceiling=400000000000 old_side_present=1
CBAP_MIG_REPLAN t=30150000 reason=deadline_lapsed flow=49 batch=1 newest_batch=1 cur=6559325780 target=6618432577 ceiling=400000000000 old_side_present=1
CBAP_MIG_REPLAN t=30150000 reason=deadline_lapsed flow=50 batch=1 newest_batch=1 cur=6559325780 target=6618432577 ceiling=400000000000 old_side_present=1
CBAP_MIG_REPLAN t=30150000 reason=deadline_lapsed flow=51 batch=1 newest_batch=1 cur=6559325780 target=6618432577 ceiling=400000000000 old_side_present=1
CBAP_MIG_REPLAN t=30150000 reason=deadline_lapsed flow=52 batch=1 newest_batch=1 cur=6559325780 target=6618432577 ceiling=400000000000 old_side_present=1
CBAP_MIG_REPLAN t=30150000 reason=deadline_lapsed flow=53 batch=1 newest_batch=1 cur=6559325780 target=6618432577 ceiling=400000000000 old_side_present=1
CBAP_MIG_REPLAN t=30150000 reason=deadline_lapsed flow=54 batch=1 newest_batch=1 cur=6559325780 target=6618432577 ceiling=400000000000 old_side_present=1
CBAP_MIG_REPLAN t=30150000 reason=deadline_lapsed flow=55 batch=1 newest_batch=1 cur=6559325780 target=6618432577 ceiling=400000000000 old_side_present=1
CBAP_MIG_REPLAN t=30150000 reason=deadline_lapsed flow=56 batch=1 newest_batch=1 cur=6559325780 target=6618432577 ceiling=400000000000 old_side_present=1
CBAP_MIG_REPLAN t=30150000 reason=deadline_lapsed flow=57 batch=1 newest_batch=1 cur=6559325780 target=6618432577 ceiling=400000000000 old_side_present=1
CBAP_MIG_REPLAN t=30150000 reason=deadline_lapsed flow=58 batch=1 newest_batch=1 cur=6559325780 target=6618432577 ceiling=400000000000 old_side_present=1
CBAP_MIG_REPLAN t=30150000 reason=deadline_lapsed flow=59 batch=1 newest_batch=1 cur=6559325780 target=6618432577 ceiling=400000000000 old_side_present=1
CBAP_MIG_REPLAN t=30150000 reason=deadline_lapsed flow=60 batch=1 newest_batch=1 cur=6559325780 target=6618432577 ceiling=400000000000 old_side_present=1
CBAP_MIG_REPLAN t=30150000 reason=deadline_lapsed flow=61 batch=1 newest_batch=1 cur=6559325780 target=6618432577 ceiling=400000000000 old_side_present=1
CBAP_MIG_REPLAN t=30150000 reason=deadline_lapsed flow=62 batch=1 newest_batch=1 cur=6559325780 target=6618432577 ceiling=400000000000 old_side_present=1
CBAP_MIG_REPLAN t=30150000 reason=deadline_lapsed flow=63 batch=1 newest_batch=1 cur=6559325780 target=6618432577 ceiling=400000000000 old_side_present=1
CBAP_MIG_REPLAN t=30150000 reason=deadline_lapsed flow=64 batch=1 newest_batch=1 cur=6559325780 target=6618432577 ceiling=400000000000 old_side_present=1
CBAP_MIG t=30150000 epoch=6030 flow=0 side=old cur=4203150071 next=4142205049 tgt=4000000000 f=0.3 u=0.32916 breach=0 end=
CBAP_MIG t=30150000 epoch=6030 flow=1 side=new cur=6559325780 next=6579178358 tgt=6618432577 f=0.335876 u=0.32916 breach=9 end=converged
CBAP_MIG t=30150000 epoch=6030 flow=2 side=new cur=6559325780 next=6579178358 tgt=6618432577 f=0.335876 u=0.32916 breach=9 end=converged
CBAP_MIG t=30150000 epoch=6030 flow=3 side=new cur=6559325780 next=6579178358 tgt=6618432577 f=0.335876 u=0.32916 breach=9 end=converged
CBAP_MIG t=30150000 epoch=6030 flow=4 side=new cur=6559325780 next=6579178358 tgt=6618432577 f=0.335876 u=0.32916 breach=9 end=converged
CBAP_MIG t=30150000 epoch=6030 flow=5 side=new cur=6559325780 next=6579178358 tgt=6618432577 f=0.335876 u=0.32916 breach=9 end=converged
CBAP_MIG t=30150000 epoch=6030 flow=6 side=new cur=6559325780 next=6579178358 tgt=6618432577 f=0.335876 u=0.32916 breach=9 end=converged
CBAP_MIG t=30150000 epoch=6030 flow=7 side=new cur=6559325780 next=6579178358 tgt=6618432577 f=0.335876 u=0.32916 breach=9 end=converged
CBAP_MIG t=30150000 epoch=6030 flow=8 side=new cur=6559325780 next=6579178358 tgt=6618432577 f=0.335876 u=0.32916 breach=9 end=converged
CBAP_MIG t=30150000 epoch=6030 flow=9 side=new cur=6559325780 next=6579178358 tgt=6618432577 f=0.335876 u=0.32916 breach=9 end=converged
CBAP_MIG t=30150000 epoch=6030 flow=10 side=new cur=6559325780 next=6579178358 tgt=6618432577 f=0.335876 u=0.32916 breach=9 end=converged
CBAP_MIG t=30150000 epoch=6030 flow=11 side=new cur=6559325780 next=6579178358 tgt=6618432577 f=0.335876 u=0.32916 breach=9 end=converged
CBAP_MIG t=30150000 epoch=6030 flow=12 side=new cur=6559325780 next=6579178358 tgt=6618432577 f=0.335876 u=0.32916 breach=9 end=converged
CBAP_MIG t=30150000 epoch=6030 flow=13 side=new cur=6559325780 next=6579178358 tgt=6618432577 f=0.335876 u=0.32916 breach=9 end=converged
CBAP_MIG t=30150000 epoch=6030 flow=14 side=new cur=6559325780 next=6579178358 tgt=6618432577 f=0.335876 u=0.32916 breach=9 end=converged
CBAP_MIG t=30150000 epoch=6030 flow=15 side=new cur=6559325780 next=6579178358 tgt=6618432577 f=0.335876 u=0.32916 breach=9 end=converged
CBAP_MIG t=30150000 epoch=6030 flow=16 side=new cur=6559325780 next=6579178358 tgt=6618432577 f=0.335876 u=0.32916 breach=9 end=converged
CBAP_MIG t=30150000 epoch=6030 flow=17 side=new cur=6559325780 next=6579178358 tgt=6618432577 f=0.335876 u=0.32916 breach=9 end=converged
CBAP_MIG t=30150000 epoch=6030 flow=18 side=new cur=6559325780 next=6579178358 tgt=6618432577 f=0.335876 u=0.32916 breach=9 end=converged
CBAP_MIG t=30150000 epoch=6030 flow=19 side=new cur=6559325780 next=6579178358 tgt=6618432577 f=0.335876 u=0.32916 breach=9 end=converged
CBAP_MIG t=30150000 epoch=6030 flow=20 side=new cur=6559325780 next=6579178358 tgt=6618432577 f=0.335876 u=0.32916 breach=9 end=converged
CBAP_MIG t=30150000 epoch=6030 flow=21 side=new cur=6559325780 next=6579178358 tgt=6618432577 f=0.335876 u=0.32916 breach=9 end=converged
CBAP_MIG t=30150000 epoch=6030 flow=22 side=new cur=6559325780 next=6579178358 tgt=6618432577 f=0.335876 u=0.32916 breach=9 end=converged
CBAP_MIG t=30150000 epoch=6030 flow=23 side=new cur=6559325780 next=6579178358 tgt=6618432577 f=0.335876 u=0.32916 breach=9 end=converged
CBAP_MIG t=30150000 epoch=6030 flow=24 side=new cur=6559325780 next=6579178358 tgt=6618432577 f=0.335876 u=0.32916 breach=9 end=converged
CBAP_MIG t=30150000 epoch=6030 flow=25 side=new cur=6559325780 next=6579178358 tgt=6618432577 f=0.335876 u=0.32916 breach=9 end=converged
CBAP_MIG t=30150000 epoch=6030 flow=26 side=new cur=6559325780 next=6579178358 tgt=6618432577 f=0.335876 u=0.32916 breach=9 end=converged
CBAP_MIG t=30150000 epoch=6030 flow=27 side=new cur=6559325780 next=6579178358 tgt=6618432577 f=0.335876 u=0.32916 breach=9 end=converged
CBAP_MIG t=30150000 epoch=6030 flow=28 side=new cur=6559325780 next=6579178358 tgt=6618432577 f=0.335876 u=0.32916 breach=9 end=converged
CBAP_MIG t=30150000 epoch=6030 flow=29 side=new cur=6559325780 next=6579178358 tgt=6618432577 f=0.335876 u=0.32916 breach=9 end=converged
CBAP_MIG t=30150000 epoch=6030 flow=30 side=new cur=6559325780 next=6579178358 tgt=6618432577 f=0.335876 u=0.32916 breach=9 end=converged
CBAP_MIG t=30150000 epoch=6030 flow=31 side=new cur=6559325780 next=6579178358 tgt=6618432577 f=0.335876 u=0.32916 breach=9 end=converged
CBAP_MIG t=30150000 epoch=6030 flow=32 side=new cur=6559325780 next=6579178358 tgt=6618432577 f=0.335876 u=0.32916 breach=9 end=converged
CBAP_MIG t=30150000 epoch=6030 flow=33 side=new cur=6559325780 next=6579178358 tgt=6618432577 f=0.335876 u=0.32916 breach=9 end=converged
CBAP_MIG t=30150000 epoch=6030 flow=34 side=new cur=6559325780 next=6579178358 tgt=6618432577 f=0.335876 u=0.32916 breach=9 end=converged
CBAP_MIG t=30150000 epoch=6030 flow=35 side=new cur=6559325780 next=6579178358 tgt=6618432577 f=0.335876 u=0.32916 breach=9 end=converged
CBAP_MIG t=30150000 epoch=6030 flow=36 side=new cur=6559325780 next=6579178358 tgt=6618432577 f=0.335876 u=0.32916 breach=9 end=converged
CBAP_MIG t=30150000 epoch=6030 flow=37 side=new cur=6559325780 next=6579178358 tgt=6618432577 f=0.335876 u=0.32916 breach=9 end=converged
CBAP_MIG t=30150000 epoch=6030 flow=38 side=new cur=6559325780 next=6579178358 tgt=6618432577 f=0.335876 u=0.32916 breach=9 end=converged
CBAP_MIG t=30150000 epoch=6030 flow=39 side=new cur=6559325780 next=6579178358 tgt=6618432577 f=0.335876 u=0.32916 breach=9 end=converged
CBAP_MIG t=30150000 epoch=6030 flow=40 side=new cur=6559325780 next=6579178358 tgt=6618432577 f=0.335876 u=0.32916 breach=9 end=converged
CBAP_MIG t=30150000 epoch=6030 flow=41 side=new cur=6559325780 next=6579178358 tgt=6618432577 f=0.335876 u=0.32916 breach=9 end=converged
CBAP_MIG t=30150000 epoch=6030 flow=42 side=new cur=6559325780 next=6579178358 tgt=6618432577 f=0.335876 u=0.32916 breach=9 end=converged
CBAP_MIG t=30150000 epoch=6030 flow=43 side=new cur=6559325780 next=6579178358 tgt=6618432577 f=0.335876 u=0.32916 breach=9 end=converged
CBAP_MIG t=30150000 epoch=6030 flow=44 side=new cur=6559325780 next=6579178358 tgt=6618432577 f=0.335876 u=0.32916 breach=9 end=converged
CBAP_MIG t=30150000 epoch=6030 flow=45 side=new cur=6559325780 next=6579178358 tgt=6618432577 f=0.335876 u=0.32916 breach=9 end=converged
CBAP_MIG t=30150000 epoch=6030 flow=46 side=new cur=6559325780 next=6579178358 tgt=6618432577 f=0.335876 u=0.32916 breach=9 end=converged
CBAP_MIG t=30150000 epoch=6030 flow=47 side=new cur=6559325780 next=6579178358 tgt=6618432577 f=0.335876 u=0.32916 breach=9 end=converged
CBAP_MIG t=30150000 epoch=6030 flow=48 side=new cur=6559325780 next=6579178358 tgt=6618432577 f=0.335876 u=0.32916 breach=9 end=converged
CBAP_MIG t=30150000 epoch=6030 flow=49 side=new cur=6559325780 next=6579178358 tgt=6618432577 f=0.335876 u=0.32916 breach=9 end=converged
CBAP_MIG t=30150000 epoch=6030 flow=50 side=new cur=6559325780 next=6579178358 tgt=6618432577 f=0.335876 u=0.32916 breach=9 end=converged
CBAP_MIG t=30150000 epoch=6030 flow=51 side=new cur=6559325780 next=6579178358 tgt=6618432577 f=0.335876 u=0.32916 breach=9 end=converged
CBAP_MIG t=30150000 epoch=6030 flow=52 side=new cur=6559325780 next=6579178358 tgt=6618432577 f=0.335876 u=0.32916 breach=9 end=converged
CBAP_MIG t=30150000 epoch=6030 flow=53 side=new cur=6559325780 next=6579178358 tgt=6618432577 f=0.335876 u=0.32916 breach=9 end=converged
CBAP_MIG t=30150000 epoch=6030 flow=54 side=new cur=6559325780 next=6579178358 tgt=6618432577 f=0.335876 u=0.32916 breach=9 end=converged
CBAP_MIG t=30150000 epoch=6030 flow=55 side=new cur=6559325780 next=6579178358 tgt=6618432577 f=0.335876 u=0.32916 breach=9 end=converged
CBAP_MIG t=30150000 epoch=6030 flow=56 side=new cur=6559325780 next=6579178358 tgt=6618432577 f=0.335876 u=0.32916 breach=9 end=converged
CBAP_MIG t=30150000 epoch=6030 flow=57 side=new cur=6559325780 next=6579178358 tgt=6618432577 f=0.335876 u=0.32916 breach=9 end=converged
CBAP_MIG t=30150000 epoch=6030 flow=58 side=new cur=6559325780 next=6579178358 tgt=6618432577 f=0.335876 u=0.32916 breach=9 end=converged
CBAP_MIG t=30150000 epoch=6030 flow=59 side=new cur=6559325780 next=6579178358 tgt=6618432577 f=0.335876 u=0.32916 breach=9 end=converged
CBAP_MIG t=30150000 epoch=6030 flow=60 side=new cur=6559325780 next=6579178358 tgt=6618432577 f=0.335876 u=0.32916 breach=9 end=converged
CBAP_MIG t=30150000 epoch=6030 flow=61 side=new cur=6559325780 next=6579178358 tgt=6618432577 f=0.335876 u=0.32916 breach=9 end=converged
CBAP_MIG t=30150000 epoch=6030 flow=62 side=new cur=6559325780 next=6579178358 tgt=6618432577 f=0.335876 u=0.32916 breach=9 end=converged
CBAP_MIG t=30150000 epoch=6030 flow=63 side=new cur=6559325780 next=6579178358 tgt=6618432577 f=0.335876 u=0.32916 breach=9 end=converged
CBAP_MIG t=30150000 epoch=6030 flow=64 side=new cur=6559325780 next=6579178358 tgt=6618432577 f=0.335876 u=0.32916 breach=9 end=converged
CBAP_MIG t=30155000 epoch=6031 flow=0 side=old cur=4142205049 next=4099543534 tgt=4000000000 f=0.3 u=0.3294 breach=0 end=
CBAP_MIG t=30160000 epoch=6032 flow=0 side=old cur=4099543534 next=4069680473 tgt=4000000000 f=0.3 u=0.42416 breach=0 end=
CBAP_MIG t=30165000 epoch=6033 flow=0 side=old cur=4069680473 next=4048776331 tgt=4000000000 f=0.3 u=0.5544 breach=0 end=
CBAP_MIG t=30170000 epoch=6034 flow=0 side=old cur=4048776331 next=4034143431 tgt=4000000000 f=0.3 u=0.6106 breach=0 end=converged
CBAP_MIG_REPLAN t=32045000 reason=active_set_shrank flow=0 batch=0 newest_batch=1 cur=4006401892 target=4000000000 ceiling=320000000000 old_side_present=1
CBAP_MIG_REPLAN t=32045000 reason=active_set_shrank flow=2 batch=1 newest_batch=1 cur=5042492971 target=6342846981 ceiling=400000000000 old_side_present=1
CBAP_MIG_REPLAN t=32045000 reason=active_set_shrank flow=3 batch=1 newest_batch=1 cur=6787151624 target=6342846981 ceiling=400000000000 old_side_present=1
CBAP_MIG_REPLAN t=32045000 reason=active_set_shrank flow=4 batch=1 newest_batch=1 cur=5407600585 target=6342846981 ceiling=400000000000 old_side_present=1
CBAP_MIG_REPLAN t=32045000 reason=active_set_shrank flow=5 batch=1 newest_batch=1 cur=5177195101 target=6342846981 ceiling=400000000000 old_side_present=1
CBAP_MIG_REPLAN t=32045000 reason=active_set_shrank flow=6 batch=1 newest_batch=1 cur=7073698656 target=6342846981 ceiling=400000000000 old_side_present=1
CBAP_MIG_REPLAN t=32045000 reason=active_set_shrank flow=7 batch=1 newest_batch=1 cur=7468214020 target=6342846981 ceiling=400000000000 old_side_present=1
CBAP_MIG_REPLAN t=32045000 reason=active_set_shrank flow=8 batch=1 newest_batch=1 cur=4536161272 target=6342846981 ceiling=400000000000 old_side_present=1
CBAP_MIG_REPLAN t=32045000 reason=active_set_shrank flow=9 batch=1 newest_batch=1 cur=5952307678 target=6342846981 ceiling=400000000000 old_side_present=1
CBAP_MIG_REPLAN t=32045000 reason=active_set_shrank flow=10 batch=1 newest_batch=1 cur=4751961565 target=6342846981 ceiling=400000000000 old_side_present=1
CBAP_MIG_REPLAN t=32045000 reason=active_set_shrank flow=11 batch=1 newest_batch=1 cur=4905514081 target=6342846981 ceiling=400000000000 old_side_present=1
CBAP_MIG_REPLAN t=32045000 reason=active_set_shrank flow=12 batch=1 newest_batch=1 cur=5340403181 target=6342846981 ceiling=400000000000 old_side_present=1
CBAP_MIG_REPLAN t=32045000 reason=active_set_shrank flow=13 batch=1 newest_batch=1 cur=5346389408 target=6342846981 ceiling=400000000000 old_side_present=1
CBAP_MIG_REPLAN t=32045000 reason=active_set_shrank flow=14 batch=1 newest_batch=1 cur=5025140550 target=6342846981 ceiling=400000000000 old_side_present=1
CBAP_MIG_REPLAN t=32045000 reason=active_set_shrank flow=15 batch=1 newest_batch=1 cur=4536161272 target=6342846981 ceiling=400000000000 old_side_present=1
CBAP_MIG_REPLAN t=32045000 reason=active_set_shrank flow=16 batch=1 newest_batch=1 cur=4514705881 target=6342846981 ceiling=400000000000 old_side_present=1
CBAP_MIG_REPLAN t=32045000 reason=active_set_shrank flow=17 batch=1 newest_batch=1 cur=6803617951 target=6342846981 ceiling=400000000000 old_side_present=1
CBAP_MIG_REPLAN t=32045000 reason=active_set_shrank flow=18 batch=1 newest_batch=1 cur=4416997188 target=6342846981 ceiling=400000000000 old_side_present=1
CBAP_MIG_REPLAN t=32045000 reason=active_set_shrank flow=19 batch=1 newest_batch=1 cur=4770615381 target=6342846981 ceiling=400000000000 old_side_present=1
CBAP_MIG_REPLAN t=32045000 reason=active_set_shrank flow=20 batch=1 newest_batch=1 cur=5025140550 target=6342846981 ceiling=400000000000 old_side_present=1
CBAP_MIG_REPLAN t=32045000 reason=active_set_shrank flow=21 batch=1 newest_batch=1 cur=5042492970 target=6342846981 ceiling=400000000000 old_side_present=1
CBAP_MIG_REPLAN t=32045000 reason=active_set_shrank flow=22 batch=1 newest_batch=1 cur=5118882250 target=6342846981 ceiling=400000000000 old_side_present=1
CBAP_MIG_REPLAN t=32045000 reason=active_set_shrank flow=23 batch=1 newest_batch=1 cur=5365299340 target=6342846981 ceiling=400000000000 old_side_present=1
CBAP_MIG_REPLAN t=32045000 reason=active_set_shrank flow=24 batch=1 newest_batch=1 cur=5784510278 target=6342846981 ceiling=400000000000 old_side_present=1
CBAP_MIG_REPLAN t=32045000 reason=active_set_shrank flow=25 batch=1 newest_batch=1 cur=4770615381 target=6342846981 ceiling=400000000000 old_side_present=1
CBAP_MIG_REPLAN t=32045000 reason=active_set_shrank flow=26 batch=1 newest_batch=1 cur=5450264173 target=6342846981 ceiling=400000000000 old_side_present=1
CBAP_MIG_REPLAN t=32045000 reason=active_set_shrank flow=27 batch=1 newest_batch=1 cur=9214608512 target=6342846981 ceiling=400000000000 old_side_present=1
CBAP_MIG_REPLAN t=32045000 reason=active_set_shrank flow=28 batch=1 newest_batch=1 cur=10658517538 target=6342846981 ceiling=400000000000 old_side_present=1
CBAP_MIG_REPLAN t=32045000 reason=active_set_shrank flow=29 batch=1 newest_batch=1 cur=5435614523 target=6342846981 ceiling=400000000000 old_side_present=1
CBAP_MIG_REPLAN t=32045000 reason=active_set_shrank flow=30 batch=1 newest_batch=1 cur=4751961565 target=6342846981 ceiling=400000000000 old_side_present=1
CBAP_MIG_REPLAN t=32045000 reason=active_set_shrank flow=31 batch=1 newest_batch=1 cur=5042492970 target=6342846981 ceiling=400000000000 old_side_present=1
CBAP_MIG_REPLAN t=32045000 reason=active_set_shrank flow=32 batch=1 newest_batch=1 cur=7318532123 target=6342846981 ceiling=400000000000 old_side_present=1
CBAP_MIG_REPLAN t=32045000 reason=active_set_shrank flow=33 batch=1 newest_batch=1 cur=4671537374 target=6342846981 ceiling=400000000000 old_side_present=1
CBAP_MIG_REPLAN t=32045000 reason=active_set_shrank flow=34 batch=1 newest_batch=1 cur=4536161272 target=6342846981 ceiling=400000000000 old_side_present=1
CBAP_MIG_REPLAN t=32045000 reason=active_set_shrank flow=35 batch=1 newest_batch=1 cur=4770615381 target=6342846981 ceiling=400000000000 old_side_present=1
CBAP_MIG_REPLAN t=32045000 reason=active_set_shrank flow=36 batch=1 newest_batch=1 cur=4770615381 target=6342846981 ceiling=400000000000 old_side_present=1
CBAP_MIG_REPLAN t=32045000 reason=active_set_shrank flow=37 batch=1 newest_batch=1 cur=6770166575 target=6342846981 ceiling=400000000000 old_side_present=1
CBAP_MIG_REPLAN t=32045000 reason=active_set_shrank flow=38 batch=1 newest_batch=1 cur=5042492971 target=6342846981 ceiling=400000000000 old_side_present=1
CBAP_MIG_REPLAN t=32045000 reason=active_set_shrank flow=39 batch=1 newest_batch=1 cur=11054046590 target=6342846981 ceiling=400000000000 old_side_present=1
CBAP_MIG_REPLAN t=32045000 reason=active_set_shrank flow=40 batch=1 newest_batch=1 cur=6803617951 target=6342846981 ceiling=400000000000 old_side_present=1
CBAP_MIG_REPLAN t=32045000 reason=active_set_shrank flow=41 batch=1 newest_batch=1 cur=5118882250 target=6342846981 ceiling=400000000000 old_side_present=1
CBAP_MIG_REPLAN t=32045000 reason=active_set_shrank flow=42 batch=1 newest_batch=1 cur=5390792652 target=6342846981 ceiling=400000000000 old_side_present=1
CBAP_MIG_REPLAN t=32045000 reason=active_set_shrank flow=43 batch=1 newest_batch=1 cur=4770615381 target=6342846981 ceiling=400000000000 old_side_present=1
CBAP_MIG_REPLAN t=32045000 reason=active_set_shrank flow=44 batch=1 newest_batch=1 cur=4823896549 target=6342846981 ceiling=400000000000 old_side_present=1
CBAP_MIG_REPLAN t=32045000 reason=active_set_shrank flow=45 batch=1 newest_batch=1 cur=5286764704 target=6342846981 ceiling=400000000000 old_side_present=1
CBAP_MIG_REPLAN t=32045000 reason=active_set_shrank flow=46 batch=1 newest_batch=1 cur=5346389408 target=6342846981 ceiling=400000000000 old_side_present=1
CBAP_MIG_REPLAN t=32045000 reason=active_set_shrank flow=47 batch=1 newest_batch=1 cur=4905514081 target=6342846981 ceiling=400000000000 old_side_present=1
CBAP_MIG_REPLAN t=32045000 reason=active_set_shrank flow=48 batch=1 newest_batch=1 cur=5399146815 target=6342846981 ceiling=400000000000 old_side_present=1
CBAP_MIG_REPLAN t=32045000 reason=active_set_shrank flow=49 batch=1 newest_batch=1 cur=5879903912 target=6342846981 ceiling=400000000000 old_side_present=1
CBAP_MIG_REPLAN t=32045000 reason=active_set_shrank flow=50 batch=1 newest_batch=1 cur=7697952192 target=6342846981 ceiling=400000000000 old_side_present=1
CBAP_MIG_REPLAN t=32045000 reason=active_set_shrank flow=51 batch=1 newest_batch=1 cur=5025140550 target=6342846981 ceiling=400000000000 old_side_present=1
CBAP_MIG_REPLAN t=32045000 reason=active_set_shrank flow=52 batch=1 newest_batch=1 cur=5025140550 target=6342846981 ceiling=400000000000 old_side_present=1
CBAP_MIG_REPLAN t=32045000 reason=active_set_shrank flow=53 batch=1 newest_batch=1 cur=4538555763 target=6342846981 ceiling=400000000000 old_side_present=1
CBAP_MIG_REPLAN t=32045000 reason=active_set_shrank flow=54 batch=1 newest_batch=1 cur=5313025210 target=6342846981 ceiling=400000000000 old_side_present=1
CBAP_MIG_REPLAN t=32045000 reason=active_set_shrank flow=55 batch=1 newest_batch=1 cur=4751961565 target=6342846981 ceiling=400000000000 old_side_present=1
CBAP_MIG_REPLAN t=32045000 reason=active_set_shrank flow=56 batch=1 newest_batch=1 cur=4905514081 target=6342846981 ceiling=400000000000 old_side_present=1
CBAP_MIG_REPLAN t=32045000 reason=active_set_shrank flow=57 batch=1 newest_batch=1 cur=5340403181 target=6342846981 ceiling=400000000000 old_side_present=1
CBAP_MIG_REPLAN t=32045000 reason=active_set_shrank flow=58 batch=1 newest_batch=1 cur=7295558693 target=6342846981 ceiling=400000000000 old_side_present=1
CBAP_MIG_REPLAN t=32045000 reason=active_set_shrank flow=59 batch=1 newest_batch=1 cur=4525210084 target=6342846981 ceiling=400000000000 old_side_present=1
CBAP_MIG_REPLAN t=32045000 reason=active_set_shrank flow=60 batch=1 newest_batch=1 cur=6803617951 target=6342846981 ceiling=400000000000 old_side_present=1
CBAP_MIG_REPLAN t=32045000 reason=active_set_shrank flow=61 batch=1 newest_batch=1 cur=5496390715 target=6342846981 ceiling=400000000000 old_side_present=1
CBAP_MIG_REPLAN t=32045000 reason=active_set_shrank flow=62 batch=1 newest_batch=1 cur=4770615381 target=6342846981 ceiling=400000000000 old_side_present=1
CBAP_MIG_REPLAN t=32045000 reason=active_set_shrank flow=63 batch=1 newest_batch=1 cur=5042492970 target=6342846981 ceiling=400000000000 old_side_present=1
CBAP_MIG_REPLAN t=32045000 reason=active_set_shrank flow=64 batch=1 newest_batch=1 cur=6797205626 target=6342846981 ceiling=400000000000 old_side_present=1
CBAP_MIG t=32045000 epoch=6409 flow=0 side=old cur=4006401892 next=4004481324 tgt=4000000000 f=0.3 u=0 breach=0 end=converged
CBAP_MIG t=32045000 epoch=6409 flow=2 side=new cur=5042492971 next=5569136345 tgt=6342846981 f=0.405 u=0 breach=9 end=
CBAP_MIG t=32045000 epoch=6409 flow=3 side=new cur=6787151624 next=6653860231 tgt=6342846981 f=0.3 u=0 breach=9 end=
CBAP_MIG t=32045000 epoch=6409 flow=4 side=new cur=5407600585 next=5786375375 tgt=6342846981 f=0.405 u=0 breach=9 end=
CBAP_MIG t=32045000 epoch=6409 flow=5 side=new cur=5177195101 next=5649284112 tgt=6342846981 f=0.405 u=0 breach=9 end=
CBAP_MIG t=32045000 epoch=6409 flow=6 side=new cur=7073698656 next=6854443153 tgt=6342846981 f=0.3 u=0 breach=9 end=
CBAP_MIG t=32045000 epoch=6409 flow=7 side=new cur=7468214020 next=7130603908 tgt=6342846981 f=0.3 u=0 breach=9 end=
CBAP_MIG t=32045000 epoch=6409 flow=8 side=new cur=4536161272 next=5267868984 tgt=6342846981 f=0.405 u=0 breach=9 end=
CBAP_MIG t=32045000 epoch=6409 flow=9 side=new cur=5952307678 next=6110476095 tgt=6342846981 f=0.405 u=0 breach=9 end=
CBAP_MIG t=32045000 epoch=6409 flow=10 side=new cur=4751961565 next=5396270158 tgt=6342846981 f=0.405 u=0 breach=9 end=
CBAP_MIG t=32045000 epoch=6409 flow=11 side=new cur=4905514081 next=5487633905 tgt=6342846981 f=0.405 u=0 breach=9 end=
CBAP_MIG t=32045000 epoch=6409 flow=12 side=new cur=5340403181 next=5746392919 tgt=6342846981 f=0.405 u=0 breach=9 end=
CBAP_MIG t=32045000 epoch=6409 flow=13 side=new cur=5346389408 next=5749954725 tgt=6342846981 f=0.405 u=0 breach=9 end=
CBAP_MIG t=32045000 epoch=6409 flow=14 side=new cur=5025140550 next=5558811654 tgt=6342846981 f=0.405 u=0 breach=9 end=
CBAP_MIG t=32045000 epoch=6409 flow=15 side=new cur=4536161272 next=5267868984 tgt=6342846981 f=0.405 u=0 breach=9 end=
CBAP_MIG t=32045000 epoch=6409 flow=16 side=new cur=4514705881 next=5255103026 tgt=6342846981 f=0.405 u=0 breach=9 end=
CBAP_MIG t=32045000 epoch=6409 flow=17 side=new cur=6803617951 next=6665386660 tgt=6342846981 f=0.3 u=0 breach=9 end=
CBAP_MIG t=32045000 epoch=6409 flow=18 side=new cur=4416997188 next=5196966354 tgt=6342846981 f=0.405 u=0 breach=9 end=
CBAP_MIG t=32045000 epoch=6409 flow=19 side=new cur=4770615381 next=5407369178 tgt=6342846981 f=0.405 u=0 breach=9 end=
CBAP_MIG t=32045000 epoch=6409 flow=20 side=new cur=5025140550 next=5558811654 tgt=6342846981 f=0.405 u=0 breach=9 end=
CBAP_MIG t=32045000 epoch=6409 flow=21 side=new cur=5042492970 next=5569136344 tgt=6342846981 f=0.405 u=0 breach=9 end=
CBAP_MIG t=32045000 epoch=6409 flow=22 side=new cur=5118882250 next=5614587966 tgt=6342846981 f=0.405 u=0 breach=9 end=
CBAP_MIG t=32045000 epoch=6409 flow=23 side=new cur=5365299340 next=5761206134 tgt=6342846981 f=0.405 u=0 breach=9 end=
CBAP_MIG t=32045000 epoch=6409 flow=24 side=new cur=5784510278 next=6010636642 tgt=6342846981 f=0.405 u=0 breach=9 end=
CBAP_MIG t=32045000 epoch=6409 flow=25 side=new cur=4770615381 next=5407369178 tgt=6342846981 f=0.405 u=0 breach=9 end=
CBAP_MIG t=32045000 epoch=6409 flow=26 side=new cur=5450264173 next=5811760210 tgt=6342846981 f=0.405 u=0 breach=9 end=
CBAP_MIG t=32045000 epoch=6409 flow=27 side=new cur=9214608512 next=8353080052 tgt=6342846981 f=0.3 u=0 breach=9 end=
CBAP_MIG t=32045000 epoch=6409 flow=28 side=new cur=10658517538 next=9363816370 tgt=6342846981 f=0.3 u=0 breach=9 end=
CBAP_MIG t=32045000 epoch=6409 flow=29 side=new cur=5435614523 next=5803043668 tgt=6342846981 f=0.405 u=0 breach=9 end=
CBAP_MIG t=32045000 epoch=6409 flow=30 side=new cur=4751961565 next=5396270158 tgt=6342846981 f=0.405 u=0 breach=9 end=
CBAP_MIG t=32045000 epoch=6409 flow=31 side=new cur=5042492970 next=5569136344 tgt=6342846981 f=0.405 u=0 breach=9 end=
CBAP_MIG t=32045000 epoch=6409 flow=32 side=new cur=7318532123 next=7025826580 tgt=6342846981 f=0.3 u=0 breach=9 end=
CBAP_MIG t=32045000 epoch=6409 flow=33 side=new cur=4671537374 next=5348417764 tgt=6342846981 f=0.405 u=0 breach=9 end=
CBAP_MIG t=32045000 epoch=6409 flow=34 side=new cur=4536161272 next=5267868984 tgt=6342846981 f=0.405 u=0 breach=9 end=
CBAP_MIG t=32045000 epoch=6409 flow=35 side=new cur=4770615381 next=5407369178 tgt=6342846981 f=0.405 u=0 breach=9 end=
CBAP_MIG t=32045000 epoch=6409 flow=36 side=new cur=4770615381 next=5407369178 tgt=6342846981 f=0.405 u=0 breach=9 end=
CBAP_MIG t=32045000 epoch=6409 flow=37 side=new cur=6770166575 next=6641970696 tgt=6342846981 f=0.3 u=0 breach=9 end=
CBAP_MIG t=32045000 epoch=6409 flow=38 side=new cur=5042492971 next=5569136345 tgt=6342846981 f=0.405 u=0 breach=9 end=
CBAP_MIG t=32045000 epoch=6409 flow=39 side=new cur=11054046590 next=9640686707 tgt=6342846981 f=0.3 u=0 breach=9 end=
CBAP_MIG t=32045000 epoch=6409 flow=40 side=new cur=6803617951 next=6665386660 tgt=6342846981 f=0.3 u=0 breach=9 end=
CBAP_MIG t=32045000 epoch=6409 flow=41 side=new cur=5118882250 next=5614587966 tgt=6342846981 f=0.405 u=0 breach=9 end=
CBAP_MIG t=32045000 epoch=6409 flow=42 side=new cur=5390792652 next=5776374655 tgt=6342846981 f=0.405 u=0 breach=9 end=
CBAP_MIG t=32045000 epoch=6409 flow=43 side=new cur=4770615381 next=5407369178 tgt=6342846981 f=0.405 u=0 breach=9 end=
CBAP_MIG t=32045000 epoch=6409 flow=44 side=new cur=4823896549 next=5439071473 tgt=6342846981 f=0.405 u=0 breach=9 end=
CBAP_MIG t=32045000 epoch=6409 flow=45 side=new cur=5286764704 next=5714478026 tgt=6342846981 f=0.405 u=0 breach=9 end=
CBAP_MIG t=32045000 epoch=6409 flow=46 side=new cur=5346389408 next=5749954725 tgt=6342846981 f=0.405 u=0 breach=9 end=
CBAP_MIG t=32045000 epoch=6409 flow=47 side=new cur=4905514081 next=5487633905 tgt=6342846981 f=0.405 u=0 breach=9 end=
CBAP_MIG t=32045000 epoch=6409 flow=48 side=new cur=5399146815 next=5781345382 tgt=6342846981 f=0.405 u=0 breach=9 end=
CBAP_MIG t=32045000 epoch=6409 flow=49 side=new cur=5879903912 next=6067395854 tgt=6342846981 f=0.405 u=0 breach=9 end=
CBAP_MIG t=32045000 epoch=6409 flow=50 side=new cur=7697952192 next=7291420628 tgt=6342846981 f=0.3 u=0 breach=9 end=
CBAP_MIG t=32045000 epoch=6409 flow=51 side=new cur=5025140550 next=5558811654 tgt=6342846981 f=0.405 u=0 breach=9 end=
CBAP_MIG t=32045000 epoch=6409 flow=52 side=new cur=5025140550 next=5558811654 tgt=6342846981 f=0.405 u=0 breach=9 end=
CBAP_MIG t=32045000 epoch=6409 flow=53 side=new cur=4538555763 next=5269293706 tgt=6342846981 f=0.405 u=0 breach=9 end=
CBAP_MIG t=32045000 epoch=6409 flow=54 side=new cur=5313025210 next=5730103027 tgt=6342846981 f=0.405 u=0 breach=9 end=
CBAP_MIG t=32045000 epoch=6409 flow=55 side=new cur=4751961565 next=5396270158 tgt=6342846981 f=0.405 u=0 breach=9 end=
CBAP_MIG t=32045000 epoch=6409 flow=56 side=new cur=4905514081 next=5487633905 tgt=6342846981 f=0.405 u=0 breach=9 end=
CBAP_MIG t=32045000 epoch=6409 flow=57 side=new cur=5340403181 next=5746392919 tgt=6342846981 f=0.405 u=0 breach=9 end=
CBAP_MIG t=32045000 epoch=6409 flow=58 side=new cur=7295558693 next=7009745179 tgt=6342846981 f=0.3 u=0 breach=9 end=
CBAP_MIG t=32045000 epoch=6409 flow=59 side=new cur=4525210084 next=5261353027 tgt=6342846981 f=0.405 u=0 breach=9 end=
CBAP_MIG t=32045000 epoch=6409 flow=60 side=new cur=6803617951 next=6665386660 tgt=6342846981 f=0.3 u=0 breach=9 end=
CBAP_MIG t=32045000 epoch=6409 flow=61 side=new cur=5496390715 next=5839205502 tgt=6342846981 f=0.405 u=0 breach=9 end=
CBAP_MIG t=32045000 epoch=6409 flow=62 side=new cur=4770615381 next=5407369178 tgt=6342846981 f=0.405 u=0 breach=9 end=
CBAP_MIG t=32045000 epoch=6409 flow=63 side=new cur=5042492970 next=5569136344 tgt=6342846981 f=0.405 u=0 breach=9 end=
CBAP_MIG t=32045000 epoch=6409 flow=64 side=new cur=6797205626 next=6660898032 tgt=6342846981 f=0.3 u=0 breach=9 end=
CBAP_MIG t=32050000 epoch=6410 flow=2 side=new cur=5569136345 next=5882489152 tgt=6342846981 f=0.405 u=0 breach=9 end=
CBAP_MIG t=32050000 epoch=6410 flow=3 side=new cur=6653860231 next=6560556256 tgt=6342846981 f=0.3 u=0 breach=9 end=
CBAP_MIG t=32050000 epoch=6410 flow=4 side=new cur=5786375375 next=6011746375 tgt=6342846981 f=0.405 u=0 breach=9 end=
CBAP_MIG t=32050000 epoch=6410 flow=5 side=new cur=5649284112 next=5930177073 tgt=6342846981 f=0.405 u=0 breach=9 end=
CBAP_MIG t=32050000 epoch=6410 flow=6 side=new cur=6854443153 next=6700964301 tgt=6342846981 f=0.3 u=0 breach=9 end=
CBAP_MIG t=32050000 epoch=6410 flow=7 side=new cur=7130603908 next=6894276829 tgt=6342846981 f=0.3 u=0 breach=9 end=
CBAP_MIG t=32050000 epoch=6410 flow=8 side=new cur=5267868984 next=5703235072 tgt=6342846981 f=0.405 u=0 breach=9 end=
CBAP_MIG t=32050000 epoch=6410 flow=9 side=new cur=6110476095 next=6204586303 tgt=6342846981 f=0.405 u=0 breach=9 end=
CBAP_MIG t=32050000 epoch=6410 flow=10 side=new cur=5396270158 next=5779633771 tgt=6342846981 f=0.405 u=0 breach=9 end=
CBAP_MIG t=32050000 epoch=6410 flow=11 side=new cur=5487633905 next=5833995200 tgt=6342846981 f=0.405 u=0 breach=9 end=
CBAP_MIG t=32050000 epoch=6410 flow=12 side=new cur=5746392919 next=5987956814 tgt=6342846981 f=0.405 u=0 breach=9 end=
CBAP_MIG t=32050000 epoch=6410 flow=13 side=new cur=5749954725 next=5990076088 tgt=6342846981 f=0.405 u=0 breach=9 end=
CBAP_MIG t=32050000 epoch=6410 flow=14 side=new cur=5558811654 next=5876345961 tgt=6342846981 f=0.405 u=0 breach=9 end=
CBAP_MIG t=32050000 epoch=6410 flow=15 side=new cur=5267868984 next=5703235072 tgt=6342846981 f=0.405 u=0 breach=9 end=
CBAP_MIG t=32050000 epoch=6410 flow=16 side=new cur=5255103026 next=5695639327 tgt=6342846981 f=0.405 u=0 breach=9 end=
CBAP_MIG t=32050000 epoch=6410 flow=17 side=new cur=6665386660 next=6568624756 tgt=6342846981 f=0.3 u=0 breach=9 end=
CBAP_MIG t=32050000 epoch=6410 flow=18 side=new cur=5196966354 next=5661048007 tgt=6342846981 f=0.405 u=0 breach=9 end=
CBAP_MIG t=32050000 epoch=6410 flow=19 side=new cur=5407369178 next=5786237688 tgt=6342846981 f=0.405 u=0 breach=9 end=
CBAP_MIG t=32050000 epoch=6410 flow=20 side=new cur=5558811654 next=5876345961 tgt=6342846981 f=0.405 u=0 breach=9 end=
CBAP_MIG t=32050000 epoch=6410 flow=21 side=new cur=5569136344 next=5882489151 tgt=6342846981 f=0.405 u=0 breach=9 end=
CBAP_MIG t=32050000 epoch=6410 flow=22 side=new cur=5614587966 next=5909532867 tgt=6342846981 f=0.405 u=0 breach=9 end=
CBAP_MIG t=32050000 epoch=6410 flow=23 side=new cur=5761206134 next=5996770677 tgt=6342846981 f=0.405 u=0 breach=9 end=
CBAP_MIG t=32050000 epoch=6410 flow=24 side=new cur=6010636642 next=6145181829 tgt=6342846981 f=0.405 u=0 breach=9 end=
CBAP_MIG t=32050000 epoch=6410 flow=25 side=new cur=5407369178 next=5786237688 tgt=6342846981 f=0.405 u=0 breach=9 end=
CBAP_MIG t=32050000 epoch=6410 flow=26 side=new cur=5811760210 next=6026850352 tgt=6342846981 f=0.405 u=0 breach=9 end=
CBAP_MIG t=32050000 epoch=6410 flow=27 side=new cur=8353080052 next=7750010130 tgt=6342846981 f=0.3 u=0 breach=9 end=
CBAP_MIG t=32050000 epoch=6410 flow=28 side=new cur=9363816370 next=8457525553 tgt=6342846981 f=0.3 u=0 breach=9 end=
CBAP_MIG t=32050000 epoch=6410 flow=29 side=new cur=5803043668 next=6021664009 tgt=6342846981 f=0.405 u=0 breach=9 end=
CBAP_MIG t=32050000 epoch=6410 flow=30 side=new cur=5396270158 next=5779633771 tgt=6342846981 f=0.405 u=0 breach=9 end=
CBAP_MIG t=32050000 epoch=6410 flow=31 side=new cur=5569136344 next=5882489151 tgt=6342846981 f=0.405 u=0 breach=9 end=
CBAP_MIG t=32050000 epoch=6410 flow=32 side=new cur=7025826580 next=6820932700 tgt=6342846981 f=0.3 u=0 breach=9 end=
CBAP_MIG t=32050000 epoch=6410 flow=33 side=new cur=5348417764 next=5751161596 tgt=6342846981 f=0.405 u=0 breach=9 end=
CBAP_MIG t=32050000 epoch=6410 flow=34 side=new cur=5267868984 next=5703235072 tgt=6342846981 f=0.405 u=0 breach=9 end=
CBAP_MIG t=32050000 epoch=6410 flow=35 side=new cur=5407369178 next=5786237688 tgt=6342846981 f=0.405 u=0 breach=9 end=
CBAP_MIG t=32050000 epoch=6410 flow=36 side=new cur=5407369178 next=5786237688 tgt=6342846981 f=0.405 u=0 breach=9 end=
CBAP_MIG t=32050000 epoch=6410 flow=37 side=new cur=6641970696 next=6552233581 tgt=6342846981 f=0.3 u=0 breach=9 end=
CBAP_MIG t=32050000 epoch=6410 flow=38 side=new cur=5569136345 next=5882489152 tgt=6342846981 f=0.405 u=0 breach=9 end=
CBAP_MIG t=32050000 epoch=6410 flow=39 side=new cur=9640686707 next=8651334789 tgt=6342846981 f=0.3 u=0 breach=9 end=
CBAP_MIG t=32050000 epoch=6410 flow=40 side=new cur=6665386660 next=6568624756 tgt=6342846981 f=0.3 u=0 breach=9 end=
CBAP_MIG t=32050000 epoch=6410 flow=41 side=new cur=5614587966 next=5909532867 tgt=6342846981 f=0.405 u=0 breach=9 end=
CBAP_MIG t=32050000 epoch=6410 flow=42 side=new cur=5776374655 next=6005795947 tgt=6342846981 f=0.405 u=0 breach=9 end=
CBAP_MIG t=32050000 epoch=6410 flow=43 side=new cur=5407369178 next=5786237688 tgt=6342846981 f=0.405 u=0 breach=9 end=
CBAP_MIG t=32050000 epoch=6410 flow=44 side=new cur=5439071473 next=5805100553 tgt=6342846981 f=0.405 u=0 breach=9 end=
CBAP_MIG t=32050000 epoch=6410 flow=45 side=new cur=5714478026 next=5968967452 tgt=6342846981 f=0.405 u=0 breach=9 end=
CBAP_MIG t=32050000 epoch=6410 flow=46 side=new cur=5749954725 next=5990076088 tgt=6342846981 f=0.405 u=0 breach=9 end=
CBAP_MIG t=32050000 epoch=6410 flow=47 side=new cur=5487633905 next=5833995200 tgt=6342846981 f=0.405 u=0 breach=9 end=
CBAP_MIG t=32050000 epoch=6410 flow=48 side=new cur=5781345382 next=6008753529 tgt=6342846981 f=0.405 u=0 breach=9 end=
CBAP_MIG t=32050000 epoch=6410 flow=49 side=new cur=6067395854 next=6178953560 tgt=6342846981 f=0.405 u=0 breach=9 end=
CBAP_MIG t=32050000 epoch=6410 flow=50 side=new cur=7291420628 next=7006848533 tgt=6342846981 f=0.3 u=0 breach=9 end=
CBAP_MIG t=32050000 epoch=6410 flow=51 side=new cur=5558811654 next=5876345961 tgt=6342846981 f=0.405 u=0 breach=9 end=
CBAP_MIG t=32050000 epoch=6410 flow=52 side=new cur=5558811654 next=5876345961 tgt=6342846981 f=0.405 u=0 breach=9 end=
CBAP_MIG t=32050000 epoch=6410 flow=53 side=new cur=5269293706 next=5704082782 tgt=6342846981 f=0.405 u=0 breach=9 end=
CBAP_MIG t=32050000 epoch=6410 flow=54 side=new cur=5730103027 next=5978264328 tgt=6342846981 f=0.405 u=0 breach=9 end=
CBAP_MIG t=32050000 epoch=6410 flow=55 side=new cur=5396270158 next=5779633771 tgt=6342846981 f=0.405 u=0 breach=9 end=
CBAP_MIG t=32050000 epoch=6410 flow=56 side=new cur=5487633905 next=5833995200 tgt=6342846981 f=0.405 u=0 breach=9 end=
CBAP_MIG t=32050000 epoch=6410 flow=57 side=new cur=5746392919 next=5987956814 tgt=6342846981 f=0.405 u=0 breach=9 end=
CBAP_MIG t=32050000 epoch=6410 flow=58 side=new cur=7009745179 next=6809675719 tgt=6342846981 f=0.3 u=0 breach=9 end=
CBAP_MIG t=32050000 epoch=6410 flow=59 side=new cur=5261353027 next=5699358078 tgt=6342846981 f=0.405 u=0 breach=9 end=
CBAP_MIG t=32050000 epoch=6410 flow=60 side=new cur=6665386660 next=6568624756 tgt=6342846981 f=0.3 u=0 breach=9 end=
CBAP_MIG t=32050000 epoch=6410 flow=61 side=new cur=5839205502 next=6043180300 tgt=6342846981 f=0.405 u=0 breach=9 end=
CBAP_MIG t=32050000 epoch=6410 flow=62 side=new cur=5407369178 next=5786237688 tgt=6342846981 f=0.405 u=0 breach=9 end=
CBAP_MIG t=32050000 epoch=6410 flow=63 side=new cur=5569136344 next=5882489151 tgt=6342846981 f=0.405 u=0 breach=9 end=
CBAP_MIG t=32050000 epoch=6410 flow=64 side=new cur=6660898032 next=6565482716 tgt=6342846981 f=0.3 u=0 breach=9 end=
CBAP_MIG t=32055000 epoch=6411 flow=2 side=new cur=5882489152 next=6068934072 tgt=6342846981 f=0.405 u=0 breach=9 end=
CBAP_MIG t=32055000 epoch=6411 flow=3 side=new cur=6560556256 next=6495243473 tgt=6342846981 f=0.3 u=0 breach=9 end=
CBAP_MIG t=32055000 epoch=6411 flow=4 side=new cur=6011746375 next=6145842120 tgt=6342846981 f=0.405 u=0 breach=9 end=
CBAP_MIG t=32055000 epoch=6411 flow=5 side=new cur=5930177073 next=6097308385 tgt=6342846981 f=0.405 u=0 breach=9 end=
CBAP_MIG t=32055000 epoch=6411 flow=6 side=new cur=6700964301 next=6593529105 tgt=6342846981 f=0.3 u=0 breach=9 end=
CBAP_MIG t=32055000 epoch=6411 flow=7 side=new cur=6894276829 next=6728847874 tgt=6342846981 f=0.3 u=0 breach=9 end=
CBAP_MIG t=32055000 epoch=6411 flow=8 side=new cur=5703235072 next=5962277895 tgt=6342846981 f=0.405 u=0 breach=9 end=
CBAP_MIG t=32055000 epoch=6411 flow=9 side=new cur=6204586303 next=6260581877 tgt=6342846981 f=0.405 u=0 breach=9 end=
CBAP_MIG t=32055000 epoch=6411 flow=10 side=new cur=5779633771 next=6007735121 tgt=6342846981 f=0.405 u=0 breach=9 end=
CBAP_MIG t=32055000 epoch=6411 flow=11 side=new cur=5833995200 next=6040080171 tgt=6342846981 f=0.405 u=0 breach=9 end=
CBAP_MIG t=32055000 epoch=6411 flow=12 side=new cur=5987956814 next=6131687331 tgt=6342846981 f=0.405 u=0 breach=9 end=
CBAP_MIG t=32055000 epoch=6411 flow=13 side=new cur=5990076088 next=6132948299 tgt=6342846981 f=0.405 u=0 breach=9 end=
CBAP_MIG t=32055000 epoch=6411 flow=14 side=new cur=5876345961 next=6065278874 tgt=6342846981 f=0.405 u=0 breach=9 end=
CBAP_MIG t=32055000 epoch=6411 flow=15 side=new cur=5703235072 next=5962277895 tgt=6342846981 f=0.405 u=0 breach=9 end=
CBAP_MIG t=32055000 epoch=6411 flow=16 side=new cur=5695639327 next=5957758426 tgt=6342846981 f=0.405 u=0 breach=9 end=
CBAP_MIG t=32055000 epoch=6411 flow=17 side=new cur=6568624756 next=6500891423 tgt=6342846981 f=0.3 u=0 breach=9 end=
CBAP_MIG t=32055000 epoch=6411 flow=18 side=new cur=5661048007 next=5937176591 tgt=6342846981 f=0.405 u=0 breach=9 end=
CBAP_MIG t=32055000 epoch=6411 flow=19 side=new cur=5786237688 next=6011664451 tgt=6342846981 f=0.405 u=0 breach=9 end=
CBAP_MIG t=32055000 epoch=6411 flow=20 side=new cur=5876345961 next=6065278874 tgt=6342846981 f=0.405 u=0 breach=9 end=
CBAP_MIG t=32055000 epoch=6411 flow=21 side=new cur=5882489151 next=6068934072 tgt=6342846981 f=0.405 u=0 breach=9 end=
CBAP_MIG t=32055000 epoch=6411 flow=22 side=new cur=5909532867 next=6085025083 tgt=6342846981 f=0.405 u=0 breach=9 end=
CBAP_MIG t=32055000 epoch=6411 flow=23 side=new cur=5996770677 next=6136931580 tgt=6342846981 f=0.405 u=0 breach=9 end=
CBAP_MIG t=32055000 epoch=6411 flow=24 side=new cur=6145181829 next=6225236215 tgt=6342846981 f=0.405 u=0 breach=9 end=
CBAP_MIG t=32055000 epoch=6411 flow=25 side=new cur=5786237688 next=6011664451 tgt=6342846981 f=0.405 u=0 breach=9 end=
CBAP_MIG t=32055000 epoch=6411 flow=26 side=new cur=6026850352 next=6154828986 tgt=6342846981 f=0.405 u=0 breach=9 end=
CBAP_MIG t=32055000 epoch=6411 flow=27 side=new cur=7750010130 next=7327861185 tgt=6342846981 f=0.3 u=0 breach=9 end=
CBAP_MIG t=32055000 epoch=6411 flow=28 side=new cur=8457525553 next=7823121981 tgt=6342846981 f=0.3 u=0 breach=9 end=
CBAP_MIG t=32055000 epoch=6411 flow=29 side=new cur=6021664009 next=6151743112 tgt=6342846981 f=0.405 u=0 breach=9 end=
CBAP_MIG t=32055000 epoch=6411 flow=30 side=new cur=5779633771 next=6007735121 tgt=6342846981 f=0.405 u=0 breach=9 end=
CBAP_MIG t=32055000 epoch=6411 flow=31 side=new cur=5882489151 next=6068934072 tgt=6342846981 f=0.405 u=0 breach=9 end=
CBAP_MIG t=32055000 epoch=6411 flow=32 side=new cur=6820932700 next=6677506984 tgt=6342846981 f=0.3 u=0 breach=9 end=
CBAP_MIG t=32055000 epoch=6411 flow=33 side=new cur=5751161596 next=5990794176 tgt=6342846981 f=0.405 u=0 breach=9 end=
CBAP_MIG t=32055000 epoch=6411 flow=34 side=new cur=5703235072 next=5962277895 tgt=6342846981 f=0.405 u=0 breach=9 end=
CBAP_MIG t=32055000 epoch=6411 flow=35 side=new cur=5786237688 next=6011664451 tgt=6342846981 f=0.405 u=0 breach=9 end=
CBAP_MIG t=32055000 epoch=6411 flow=36 side=new cur=5786237688 next=6011664451 tgt=6342846981 f=0.405 u=0 breach=9 end=
CBAP_MIG t=32055000 epoch=6411 flow=37 side=new cur=6552233581 next=6489417601 tgt=6342846981 f=0.3 u=0 breach=9 end=
CBAP_MIG t=32055000 epoch=6411 flow=38 side=new cur=5882489152 next=6068934072 tgt=6342846981 f=0.405 u=0 breach=9 end=
CBAP_MIG t=32055000 epoch=6411 flow=39 side=new cur=8651334789 next=7958788446 tgt=6342846981 f=0.3 u=0 breach=9 end=
CBAP_MIG t=32055000 epoch=6411 flow=40 side=new cur=6568624756 next=6500891423 tgt=6342846981 f=0.3 u=0 breach=9 end=
CBAP_MIG t=32055000 epoch=6411 flow=41 side=new cur=5909532867 next=6085025083 tgt=6342846981 f=0.405 u=0 breach=9 end=
CBAP_MIG t=32055000 epoch=6411 flow=42 side=new cur=6005795947 next=6142301615 tgt=6342846981 f=0.405 u=0 breach=9 end=
CBAP_MIG t=32055000 epoch=6411 flow=43 side=new cur=5786237688 next=6011664451 tgt=6342846981 f=0.405 u=0 breach=9 end=
CBAP_MIG t=32055000 epoch=6411 flow=44 side=new cur=5805100553 next=6022887856 tgt=6342846981 f=0.405 u=0 breach=9 end=
CBAP_MIG t=32055000 epoch=6411 flow=45 side=new cur=5968967452 next=6120388661 tgt=6342846981 f=0.405 u=0 breach=9 end=
CBAP_MIG t=32055000 epoch=6411 flow=46 side=new cur=5990076088 next=6132948299 tgt=6342846981 f=0.405 u=0 breach=9 end=
CBAP_MIG t=32055000 epoch=6411 flow=47 side=new cur=5833995200 next=6040080171 tgt=6342846981 f=0.405 u=0 breach=9 end=
CBAP_MIG t=32055000 epoch=6411 flow=48 side=new cur=6008753529 next=6144061377 tgt=6342846981 f=0.405 u=0 breach=9 end=
CBAP_MIG t=32055000 epoch=6411 flow=49 side=new cur=6178953560 next=6245330395 tgt=6342846981 f=0.405 u=0 breach=9 end=
CBAP_MIG t=32055000 epoch=6411 flow=50 side=new cur=7006848533 next=6807648067 tgt=6342846981 f=0.3 u=0 breach=9 end=
CBAP_MIG t=32055000 epoch=6411 flow=51 side=new cur=5876345961 next=6065278874 tgt=6342846981 f=0.405 u=0 breach=9 end=
CBAP_MIG t=32055000 epoch=6411 flow=52 side=new cur=5876345961 next=6065278874 tgt=6342846981 f=0.405 u=0 breach=9 end=
CBAP_MIG t=32055000 epoch=6411 flow=53 side=new cur=5704082782 next=5962782282 tgt=6342846981 f=0.405 u=0 breach=9 end=
CBAP_MIG t=32055000 epoch=6411 flow=54 side=new cur=5978264328 next=6125920302 tgt=6342846981 f=0.405 u=0 breach=9 end=
CBAP_MIG t=32055000 epoch=6411 flow=55 side=new cur=5779633771 next=6007735121 tgt=6342846981 f=0.405 u=0 breach=9 end=
CBAP_MIG t=32055000 epoch=6411 flow=56 side=new cur=5833995200 next=6040080171 tgt=6342846981 f=0.405 u=0 breach=9 end=
CBAP_MIG t=32055000 epoch=6411 flow=57 side=new cur=5987956814 next=6131687331 tgt=6342846981 f=0.405 u=0 breach=9 end=
CBAP_MIG t=32055000 epoch=6411 flow=58 side=new cur=6809675719 next=6669627097 tgt=6342846981 f=0.3 u=0 breach=9 end=
CBAP_MIG t=32055000 epoch=6411 flow=59 side=new cur=5699358078 next=5959971083 tgt=6342846981 f=0.405 u=0 breach=9 end=
CBAP_MIG t=32055000 epoch=6411 flow=60 side=new cur=6568624756 next=6500891423 tgt=6342846981 f=0.3 u=0 breach=9 end=
CBAP_MIG t=32055000 epoch=6411 flow=61 side=new cur=6043180300 next=6164545305 tgt=6342846981 f=0.405 u=0 breach=9 end=
CBAP_MIG t=32055000 epoch=6411 flow=62 side=new cur=5786237688 next=6011664451 tgt=6342846981 f=0.405 u=0 breach=9 end=
CBAP_MIG t=32055000 epoch=6411 flow=63 side=new cur=5882489151 next=6068934072 tgt=6342846981 f=0.405 u=0 breach=9 end=
CBAP_MIG t=32055000 epoch=6411 flow=64 side=new cur=6565482716 next=6498691995 tgt=6342846981 f=0.3 u=0 breach=9 end=
CBAP_MIG t=32060000 epoch=6412 flow=2 side=new cur=6068934072 next=6179868800 tgt=6342846981 f=0.405 u=0 breach=9 end=
CBAP_MIG t=32060000 epoch=6412 flow=3 side=new cur=6495243473 next=6449524525 tgt=6342846981 f=0.3 u=0 breach=9 end=
CBAP_MIG t=32060000 epoch=6412 flow=4 side=new cur=6145842120 next=6225629088 tgt=6342846981 f=0.405 u=0 breach=9 end=
CBAP_MIG t=32060000 epoch=6412 flow=5 side=new cur=6097308385 next=6196751516 tgt=6342846981 f=0.405 u=0 breach=9 end=
CBAP_MIG t=32060000 epoch=6412 flow=6 side=new cur=6593529105 next=6518324467 tgt=6342846981 f=0.3 u=0 breach=9 end=
CBAP_MIG t=32060000 epoch=6412 flow=7 side=new cur=6728847874 next=6613047606 tgt=6342846981 f=0.3 u=0 breach=9 end=
CBAP_MIG t=32060000 epoch=6412 flow=8 side=new cur=5962277895 next=6116408374 tgt=6342846981 f=0.405 u=0 breach=9 end=
CBAP_MIG t=32060000 epoch=6412 flow=9 side=new cur=6260581877 next=6293899244 tgt=6342846981 f=0.405 u=0 breach=9 end=converged
CBAP_MIG t=32060000 epoch=6412 flow=10 side=new cur=6007735121 next=6143455424 tgt=6342846981 f=0.405 u=0 breach=9 end=
CBAP_MIG t=32060000 epoch=6412 flow=11 side=new cur=6040080171 next=6162700729 tgt=6342846981 f=0.405 u=0 breach=9 end=
CBAP_MIG t=32060000 epoch=6412 flow=12 side=new cur=6131687331 next=6217206989 tgt=6342846981 f=0.405 u=0 breach=9 end=
CBAP_MIG t=32060000 epoch=6412 flow=13 side=new cur=6132948299 next=6217957265 tgt=6342846981 f=0.405 u=0 breach=9 end=
CBAP_MIG t=32060000 epoch=6412 flow=14 side=new cur=6065278874 next=6177693957 tgt=6342846981 f=0.405 u=0 breach=9 end=
CBAP_MIG t=32060000 epoch=6412 flow=15 side=new cur=5962277895 next=6116408374 tgt=6342846981 f=0.405 u=0 breach=9 end=
CBAP_MIG t=32060000 epoch=6412 flow=16 side=new cur=5957758426 next=6113719290 tgt=6342846981 f=0.405 u=0 breach=9 end=
CBAP_MIG t=32060000 epoch=6412 flow=17 side=new cur=6500891423 next=6453478090 tgt=6342846981 f=0.3 u=0 breach=9 end=
CBAP_MIG t=32060000 epoch=6412 flow=18 side=new cur=5937176591 next=6101473098 tgt=6342846981 f=0.405 u=0 breach=9 end=
CBAP_MIG t=32060000 epoch=6412 flow=19 side=new cur=6011664451 next=6145793375 tgt=6342846981 f=0.405 u=0 breach=9 end=
CBAP_MIG t=32060000 epoch=6412 flow=20 side=new cur=6065278874 next=6177693957 tgt=6342846981 f=0.405 u=0 breach=9 end=
CBAP_MIG t=32060000 epoch=6412 flow=21 side=new cur=6068934072 next=6179868800 tgt=6342846981 f=0.405 u=0 breach=9 end=
CBAP_MIG t=32060000 epoch=6412 flow=22 side=new cur=6085025083 next=6189442951 tgt=6342846981 f=0.405 u=0 breach=9 end=
CBAP_MIG t=32060000 epoch=6412 flow=23 side=new cur=6136931580 next=6220327317 tgt=6342846981 f=0.405 u=0 breach=9 end=
CBAP_MIG t=32060000 epoch=6412 flow=24 side=new cur=6225236215 next=6272868575 tgt=6342846981 f=0.405 u=0 breach=9 end=
CBAP_MIG t=32060000 epoch=6412 flow=25 side=new cur=6011664451 next=6145793375 tgt=6342846981 f=0.405 u=0 breach=9 end=
CBAP_MIG t=32060000 epoch=6412 flow=26 side=new cur=6154828986 next=6230976273 tgt=6342846981 f=0.405 u=0 breach=9 end=
CBAP_MIG t=32060000 epoch=6412 flow=27 side=new cur=7327861185 next=7032356923 tgt=6342846981 f=0.3 u=0 breach=9 end=
CBAP_MIG t=32060000 epoch=6412 flow=28 side=new cur=7823121981 next=7379039481 tgt=6342846981 f=0.3 u=0 breach=9 end=
CBAP_MIG t=32060000 epoch=6412 flow=29 side=new cur=6151743112 next=6229140178 tgt=6342846981 f=0.405 u=0 breach=9 end=
CBAP_MIG t=32060000 epoch=6412 flow=30 side=new cur=6007735121 next=6143455424 tgt=6342846981 f=0.405 u=0 breach=9 end=
CBAP_MIG t=32060000 epoch=6412 flow=31 side=new cur=6068934072 next=6179868800 tgt=6342846981 f=0.405 u=0 breach=9 end=
CBAP_MIG t=32060000 epoch=6412 flow=32 side=new cur=6677506984 next=6577108983 tgt=6342846981 f=0.3 u=0 breach=9 end=
CBAP_MIG t=32060000 epoch=6412 flow=33 side=new cur=5990794176 next=6133375562 tgt=6342846981 f=0.405 u=0 breach=9 end=
CBAP_MIG t=32060000 epoch=6412 flow=34 side=new cur=5962277895 next=6116408374 tgt=6342846981 f=0.405 u=0 breach=9 end=
CBAP_MIG t=32060000 epoch=6412 flow=35 side=new cur=6011664451 next=6145793375 tgt=6342846981 f=0.405 u=0 breach=9 end=
CBAP_MIG t=32060000 epoch=6412 flow=36 side=new cur=6011664451 next=6145793375 tgt=6342846981 f=0.405 u=0 breach=9 end=
CBAP_MIG t=32060000 epoch=6412 flow=37 side=new cur=6489417601 next=6445446415 tgt=6342846981 f=0.3 u=0 breach=9 end=
CBAP_MIG t=32060000 epoch=6412 flow=38 side=new cur=6068934072 next=6179868800 tgt=6342846981 f=0.405 u=0 breach=9 end=
CBAP_MIG t=32060000 epoch=6412 flow=39 side=new cur=7958788446 next=7474006006 tgt=6342846981 f=0.3 u=0 breach=9 end=
CBAP_MIG t=32060000 epoch=6412 flow=40 side=new cur=6500891423 next=6453478090 tgt=6342846981 f=0.3 u=0 breach=9 end=
CBAP_MIG t=32060000 epoch=6412 flow=41 side=new cur=6085025083 next=6189442951 tgt=6342846981 f=0.405 u=0 breach=9 end=
CBAP_MIG t=32060000 epoch=6412 flow=42 side=new cur=6142301615 next=6223522488 tgt=6342846981 f=0.405 u=0 breach=9 end=
CBAP_MIG t=32060000 epoch=6412 flow=43 side=new cur=6011664451 next=6145793375 tgt=6342846981 f=0.405 u=0 breach=9 end=
CBAP_MIG t=32060000 epoch=6412 flow=44 side=new cur=6022887856 next=6152471301 tgt=6342846981 f=0.405 u=0 breach=9 end=
CBAP_MIG t=32060000 epoch=6412 flow=45 side=new cur=6120388661 next=6210484280 tgt=6342846981 f=0.405 u=0 breach=9 end=
CBAP_MIG t=32060000 epoch=6412 flow=46 side=new cur=6132948299 next=6217957265 tgt=6342846981 f=0.405 u=0 breach=9 end=
CBAP_MIG t=32060000 epoch=6412 flow=47 side=new cur=6040080171 next=6162700729 tgt=6342846981 f=0.405 u=0 breach=9 end=
CBAP_MIG t=32060000 epoch=6412 flow=48 side=new cur=6144061377 next=6224569546 tgt=6342846981 f=0.405 u=0 breach=9 end=
CBAP_MIG t=32060000 epoch=6412 flow=49 side=new cur=6245330395 next=6284824612 tgt=6342846981 f=0.405 u=0 breach=9 end=converged
CBAP_MIG t=32060000 epoch=6412 flow=50 side=new cur=6807648067 next=6668207741 tgt=6342846981 f=0.3 u=0 breach=9 end=
CBAP_MIG t=32060000 epoch=6412 flow=51 side=new cur=6065278874 next=6177693957 tgt=6342846981 f=0.405 u=0 breach=9 end=
CBAP_MIG t=32060000 epoch=6412 flow=52 side=new cur=6065278874 next=6177693957 tgt=6342846981 f=0.405 u=0 breach=9 end=
CBAP_MIG t=32060000 epoch=6412 flow=53 side=new cur=5962782282 next=6116708485 tgt=6342846981 f=0.405 u=0 breach=9 end=
CBAP_MIG t=32060000 epoch=6412 flow=54 side=new cur=6125920302 next=6213775606 tgt=6342846981 f=0.405 u=0 breach=9 end=
CBAP_MIG t=32060000 epoch=6412 flow=55 side=new cur=6007735121 next=6143455424 tgt=6342846981 f=0.405 u=0 breach=9 end=
CBAP_MIG t=32060000 epoch=6412 flow=56 side=new cur=6040080171 next=6162700729 tgt=6342846981 f=0.405 u=0 breach=9 end=
CBAP_MIG t=32060000 epoch=6412 flow=57 side=new cur=6131687331 next=6217206989 tgt=6342846981 f=0.405 u=0 breach=9 end=
CBAP_MIG t=32060000 epoch=6412 flow=58 side=new cur=6669627097 next=6571593062 tgt=6342846981 f=0.3 u=0 breach=9 end=
CBAP_MIG t=32060000 epoch=6412 flow=59 side=new cur=5959971083 next=6115035821 tgt=6342846981 f=0.405 u=0 breach=9 end=
CBAP_MIG t=32060000 epoch=6412 flow=60 side=new cur=6500891423 next=6453478090 tgt=6342846981 f=0.3 u=0 breach=9 end=
CBAP_MIG t=32060000 epoch=6412 flow=61 side=new cur=6164545305 next=6236757483 tgt=6342846981 f=0.405 u=0 breach=9 end=
CBAP_MIG t=32060000 epoch=6412 flow=62 side=new cur=6011664451 next=6145793375 tgt=6342846981 f=0.405 u=0 breach=9 end=
CBAP_MIG t=32060000 epoch=6412 flow=63 side=new cur=6068934072 next=6179868800 tgt=6342846981 f=0.405 u=0 breach=9 end=
CBAP_MIG t=32060000 epoch=6412 flow=64 side=new cur=6498691995 next=6451938490 tgt=6342846981 f=0.3 u=0 breach=9 end=
CBAP_MIG t=32065000 epoch=6413 flow=2 side=new cur=6179868800 next=6245874963 tgt=6342846981 f=0.405 u=0 breach=9 end=
CBAP_MIG t=32065000 epoch=6413 flow=3 side=new cur=6449524525 next=6417521261 tgt=6342846981 f=0.3 u=0 breach=9 end=
CBAP_MIG t=32065000 epoch=6413 flow=4 side=new cur=6225629088 next=6273102334 tgt=6342846981 f=0.405 u=0 breach=9 end=
CBAP_MIG t=32065000 epoch=6413 flow=5 side=new cur=6196751516 next=6255920179 tgt=6342846981 f=0.405 u=0 breach=9 end=
CBAP_MIG t=32065000 epoch=6413 flow=6 side=new cur=6518324467 next=6465681221 tgt=6342846981 f=0.3 u=0 breach=9 end=
CBAP_MIG t=32065000 epoch=6413 flow=7 side=new cur=6613047606 next=6531987418 tgt=6342846981 f=0.3 u=0 breach=9 end=
CBAP_MIG t=32065000 epoch=6413 flow=8 side=new cur=6116408374 next=6208116009 tgt=6342846981 f=0.405 u=0 breach=9 end=
CBAP_MIG t=32065000 epoch=6413 flow=10 side=new cur=6143455424 next=6224209004 tgt=6342846981 f=0.405 u=0 breach=9 end=
CBAP_MIG t=32065000 epoch=6413 flow=11 side=new cur=6162700729 next=6235659961 tgt=6342846981 f=0.405 u=0 breach=9 end=
CBAP_MIG t=32065000 epoch=6413 flow=12 side=new cur=6217206989 next=6268091185 tgt=6342846981 f=0.405 u=0 breach=9 end=
CBAP_MIG t=32065000 epoch=6413 flow=13 side=new cur=6217957265 next=6268537599 tgt=6342846981 f=0.405 u=0 breach=9 end=
CBAP_MIG t=32065000 epoch=6413 flow=14 side=new cur=6177693957 next=6244580931 tgt=6342846981 f=0.405 u=0 breach=9 end=
CBAP_MIG t=32065000 epoch=6413 flow=15 side=new cur=6116408374 next=6208116009 tgt=6342846981 f=0.405 u=0 breach=9 end=
CBAP_MIG t=32065000 epoch=6413 flow=16 side=new cur=6113719290 next=6206516004 tgt=6342846981 f=0.405 u=0 breach=9 end=
CBAP_MIG t=32065000 epoch=6413 flow=17 side=new cur=6453478090 next=6420288757 tgt=6342846981 f=0.3 u=0 breach=9 end=
CBAP_MIG t=32065000 epoch=6413 flow=18 side=new cur=6101473098 next=6199229520 tgt=6342846981 f=0.405 u=0 breach=9 end=
CBAP_MIG t=32065000 epoch=6413 flow=19 side=new cur=6145793375 next=6225600085 tgt=6342846981 f=0.405 u=0 breach=9 end=
CBAP_MIG t=32065000 epoch=6413 flow=20 side=new cur=6177693957 next=6244580931 tgt=6342846981 f=0.405 u=0 breach=9 end=
CBAP_MIG t=32065000 epoch=6413 flow=21 side=new cur=6179868800 next=6245874963 tgt=6342846981 f=0.405 u=0 breach=9 end=
CBAP_MIG t=32065000 epoch=6413 flow=22 side=new cur=6189442951 next=6251571583 tgt=6342846981 f=0.405 u=0 breach=9 end=
CBAP_MIG t=32065000 epoch=6413 flow=23 side=new cur=6220327317 next=6269947780 tgt=6342846981 f=0.405 u=0 breach=9 end=
CBAP_MIG t=32065000 epoch=6413 flow=24 side=new cur=6272868575 next=6301209829 tgt=6342846981 f=0.405 u=0 breach=9 end=converged
CBAP_MIG t=32065000 epoch=6413 flow=25 side=new cur=6145793375 next=6225600085 tgt=6342846981 f=0.405 u=0 breach=9 end=
CBAP_MIG t=32065000 epoch=6413 flow=26 side=new cur=6230976273 next=6276283909 tgt=6342846981 f=0.405 u=0 breach=9 end=
CBAP_MIG t=32065000 epoch=6413 flow=27 side=new cur=7032356923 next=6825503940 tgt=6342846981 f=0.3 u=0 breach=9 end=
CBAP_MIG t=32065000 epoch=6413 flow=28 side=new cur=7379039481 next=7068181731 tgt=6342846981 f=0.3 u=0 breach=9 end=
CBAP_MIG t=32065000 epoch=6413 flow=29 side=new cur=6229140178 next=6275191433 tgt=6342846981 f=0.405 u=0 breach=9 end=
CBAP_MIG t=32065000 epoch=6413 flow=30 side=new cur=6143455424 next=6224209004 tgt=6342846981 f=0.405 u=0 breach=9 end=
CBAP_MIG t=32065000 epoch=6413 flow=31 side=new cur=6179868800 next=6245874963 tgt=6342846981 f=0.405 u=0 breach=9 end=
CBAP_MIG t=32065000 epoch=6413 flow=32 side=new cur=6577108983 next=6506830382 tgt=6342846981 f=0.3 u=0 breach=9 end=
CBAP_MIG t=32065000 epoch=6413 flow=33 side=new cur=6133375562 next=6218211486 tgt=6342846981 f=0.405 u=0 breach=9 end=
CBAP_MIG t=32065000 epoch=6413 flow=34 side=new cur=6116408374 next=6208116009 tgt=6342846981 f=0.405 u=0 breach=9 end=
CBAP_MIG t=32065000 epoch=6413 flow=35 side=new cur=6145793375 next=6225600085 tgt=6342846981 f=0.405 u=0 breach=9 end=
CBAP_MIG t=32065000 epoch=6413 flow=36 side=new cur=6145793375 next=6225600085 tgt=6342846981 f=0.405 u=0 breach=9 end=
CBAP_MIG t=32065000 epoch=6413 flow=37 side=new cur=6445446415 next=6414666584 tgt=6342846981 f=0.3 u=0 breach=9 end=
CBAP_MIG t=32065000 epoch=6413 flow=38 side=new cur=6179868800 next=6245874963 tgt=6342846981 f=0.405 u=0 breach=9 end=
CBAP_MIG t=32065000 epoch=6413 flow=39 side=new cur=7474006006 next=7134658298 tgt=6342846981 f=0.3 u=0 breach=9 end=
CBAP_MIG t=32065000 epoch=6413 flow=40 side=new cur=6453478090 next=6420288757 tgt=6342846981 f=0.3 u=0 breach=9 end=
CBAP_MIG t=32065000 epoch=6413 flow=41 side=new cur=6189442951 next=6251571583 tgt=6342846981 f=0.405 u=0 breach=9 end=
CBAP_MIG t=32065000 epoch=6413 flow=42 side=new cur=6223522488 next=6271848907 tgt=6342846981 f=0.405 u=0 breach=9 end=
CBAP_MIG t=32065000 epoch=6413 flow=43 side=new cur=6145793375 next=6225600085 tgt=6342846981 f=0.405 u=0 breach=9 end=
CBAP_MIG t=32065000 epoch=6413 flow=44 side=new cur=6152471301 next=6229573451 tgt=6342846981 f=0.405 u=0 breach=9 end=
CBAP_MIG t=32065000 epoch=6413 flow=45 side=new cur=6210484280 next=6264091173 tgt=6342846981 f=0.405 u=0 breach=9 end=
CBAP_MIG t=32065000 epoch=6413 flow=46 side=new cur=6217957265 next=6268537599 tgt=6342846981 f=0.405 u=0 breach=9 end=
CBAP_MIG t=32065000 epoch=6413 flow=47 side=new cur=6162700729 next=6235659961 tgt=6342846981 f=0.405 u=0 breach=9 end=
CBAP_MIG t=32065000 epoch=6413 flow=48 side=new cur=6224569546 next=6272471907 tgt=6342846981 f=0.405 u=0 breach=9 end=
CBAP_MIG t=32065000 epoch=6413 flow=50 side=new cur=6668207741 next=6570599513 tgt=6342846981 f=0.3 u=0 breach=9 end=
CBAP_MIG t=32065000 epoch=6413 flow=51 side=new cur=6177693957 next=6244580931 tgt=6342846981 f=0.405 u=0 breach=9 end=
CBAP_MIG t=32065000 epoch=6413 flow=52 side=new cur=6177693957 next=6244580931 tgt=6342846981 f=0.405 u=0 breach=9 end=
CBAP_MIG t=32065000 epoch=6413 flow=53 side=new cur=6116708485 next=6208294575 tgt=6342846981 f=0.405 u=0 breach=9 end=
CBAP_MIG t=32065000 epoch=6413 flow=54 side=new cur=6213775606 next=6266049512 tgt=6342846981 f=0.405 u=0 breach=9 end=
CBAP_MIG t=32065000 epoch=6413 flow=55 side=new cur=6143455424 next=6224209004 tgt=6342846981 f=0.405 u=0 breach=9 end=
CBAP_MIG t=32065000 epoch=6413 flow=56 side=new cur=6162700729 next=6235659961 tgt=6342846981 f=0.405 u=0 breach=9 end=
CBAP_MIG t=32065000 epoch=6413 flow=57 side=new cur=6217206989 next=6268091185 tgt=6342846981 f=0.405 u=0 breach=9 end=
CBAP_MIG t=32065000 epoch=6413 flow=58 side=new cur=6571593062 next=6502969237 tgt=6342846981 f=0.3 u=0 breach=9 end=
CBAP_MIG t=32065000 epoch=6413 flow=59 side=new cur=6115035821 next=6207299340 tgt=6342846981 f=0.405 u=0 breach=9 end=
CBAP_MIG t=32065000 epoch=6413 flow=60 side=new cur=6453478090 next=6420288757 tgt=6342846981 f=0.3 u=0 breach=9 end=
CBAP_MIG t=32065000 epoch=6413 flow=61 side=new cur=6236757483 next=6279723729 tgt=6342846981 f=0.405 u=0 breach=9 end=converged
CBAP_MIG t=32065000 epoch=6413 flow=62 side=new cur=6145793375 next=6225600085 tgt=6342846981 f=0.405 u=0 breach=9 end=
CBAP_MIG t=32065000 epoch=6413 flow=63 side=new cur=6179868800 next=6245874963 tgt=6342846981 f=0.405 u=0 breach=9 end=
CBAP_MIG t=32065000 epoch=6413 flow=64 side=new cur=6451938490 next=6419211037 tgt=6342846981 f=0.3 u=0 breach=9 end=
CBAP_MIG t=32070000 epoch=6414 flow=2 side=new cur=6245874963 next=6285148630 tgt=6342846981 f=0.405 u=0 breach=9 end=converged
CBAP_MIG t=32070000 epoch=6414 flow=3 side=new cur=6417521261 next=6395118977 tgt=6342846981 f=0.3 u=0 breach=9 end=converged
CBAP_MIG t=32070000 epoch=6414 flow=4 side=new cur=6273102334 next=6301348916 tgt=6342846981 f=0.405 u=0 breach=9 end=converged
CBAP_MIG t=32070000 epoch=6414 flow=5 side=new cur=6255920179 next=6291125533 tgt=6342846981 f=0.405 u=0 breach=9 end=converged
CBAP_MIG t=32070000 epoch=6414 flow=6 side=new cur=6465681221 next=6428830949 tgt=6342846981 f=0.3 u=0 breach=9 end=
CBAP_MIG t=32070000 epoch=6414 flow=7 side=new cur=6531987418 next=6475245286 tgt=6342846981 f=0.3 u=0 breach=9 end=
CBAP_MIG t=32070000 epoch=6414 flow=8 side=new cur=6208116009 next=6262682052 tgt=6342846981 f=0.405 u=0 breach=9 end=
CBAP_MIG t=32070000 epoch=6414 flow=10 side=new cur=6224209004 next=6272257384 tgt=6342846981 f=0.405 u=0 breach=9 end=
CBAP_MIG t=32070000 epoch=6414 flow=11 side=new cur=6235659961 next=6279070704 tgt=6342846981 f=0.405 u=0 breach=9 end=
CBAP_MIG t=32070000 epoch=6414 flow=12 side=new cur=6268091185 next=6298367282 tgt=6342846981 f=0.405 u=0 breach=9 end=converged
CBAP_MIG t=32070000 epoch=6414 flow=13 side=new cur=6268537599 next=6298632898 tgt=6342846981 f=0.405 u=0 breach=9 end=converged
CBAP_MIG t=32070000 epoch=6414 flow=14 side=new cur=6244580931 next=6284378681 tgt=6342846981 f=0.405 u=0 breach=9 end=converged
CBAP_MIG t=32070000 epoch=6414 flow=15 side=new cur=6208116009 next=6262682052 tgt=6342846981 f=0.405 u=0 breach=9 end=
CBAP_MIG t=32070000 epoch=6414 flow=16 side=new cur=6206516004 next=6261730049 tgt=6342846981 f=0.405 u=0 breach=9 end=
CBAP_MIG t=32070000 epoch=6414 flow=17 side=new cur=6420288757 next=6397056224 tgt=6342846981 f=0.3 u=0 breach=9 end=converged
CBAP_MIG t=32070000 epoch=6414 flow=18 side=new cur=6199229520 next=6257394591 tgt=6342846981 f=0.405 u=0 breach=9 end=
CBAP_MIG t=32070000 epoch=6414 flow=19 side=new cur=6225600085 next=6273085077 tgt=6342846981 f=0.405 u=0 breach=9 end=
CBAP_MIG t=32070000 epoch=6414 flow=20 side=new cur=6244580931 next=6284378681 tgt=6342846981 f=0.405 u=0 breach=9 end=converged
CBAP_MIG t=32070000 epoch=6414 flow=21 side=new cur=6245874963 next=6285148630 tgt=6342846981 f=0.405 u=0 breach=9 end=converged
CBAP_MIG t=32070000 epoch=6414 flow=22 side=new cur=6251571583 next=6288538119 tgt=6342846981 f=0.405 u=0 breach=9 end=converged
CBAP_MIG t=32070000 epoch=6414 flow=23 side=new cur=6269947780 next=6299471956 tgt=6342846981 f=0.405 u=0 breach=9 end=converged
CBAP_MIG t=32070000 epoch=6414 flow=25 side=new cur=6225600085 next=6273085077 tgt=6342846981 f=0.405 u=0 breach=9 end=
CBAP_MIG t=32070000 epoch=6414 flow=26 side=new cur=6276283909 next=6303241953 tgt=6342846981 f=0.405 u=0 breach=9 end=converged
CBAP_MIG t=32070000 epoch=6414 flow=27 side=new cur=6825503940 next=6680706852 tgt=6342846981 f=0.3 u=0 breach=9 end=
CBAP_MIG t=32070000 epoch=6414 flow=28 side=new cur=7068181731 next=6850581306 tgt=6342846981 f=0.3 u=0 breach=9 end=
CBAP_MIG t=32070000 epoch=6414 flow=29 side=new cur=6275191433 next=6302591929 tgt=6342846981 f=0.405 u=0 breach=9 end=converged
CBAP_MIG t=32070000 epoch=6414 flow=30 side=new cur=6224209004 next=6272257384 tgt=6342846981 f=0.405 u=0 breach=9 end=
CBAP_MIG t=32070000 epoch=6414 flow=31 side=new cur=6245874963 next=6285148630 tgt=6342846981 f=0.405 u=0 breach=9 end=converged
CBAP_MIG t=32070000 epoch=6414 flow=32 side=new cur=6506830382 next=6457635361 tgt=6342846981 f=0.3 u=0 breach=9 end=
CBAP_MIG t=32070000 epoch=6414 flow=33 side=new cur=6218211486 next=6268688861 tgt=6342846981 f=0.405 u=0 breach=9 end=
CBAP_MIG t=32070000 epoch=6414 flow=34 side=new cur=6208116009 next=6262682052 tgt=6342846981 f=0.405 u=0 breach=9 end=
CBAP_MIG t=32070000 epoch=6414 flow=35 side=new cur=6225600085 next=6273085077 tgt=6342846981 f=0.405 u=0 breach=9 end=
CBAP_MIG t=32070000 epoch=6414 flow=36 side=new cur=6225600085 next=6273085077 tgt=6342846981 f=0.405 u=0 breach=9 end=
CBAP_MIG t=32070000 epoch=6414 flow=37 side=new cur=6414666584 next=6393120703 tgt=6342846981 f=0.3 u=0 breach=9 end=converged
CBAP_MIG t=32070000 epoch=6414 flow=38 side=new cur=6245874963 next=6285148630 tgt=6342846981 f=0.405 u=0 breach=9 end=converged
CBAP_MIG t=32070000 epoch=6414 flow=39 side=new cur=7134658298 next=6897114902 tgt=6342846981 f=0.3 u=0 breach=9 end=
CBAP_MIG t=32070000 epoch=6414 flow=40 side=new cur=6420288757 next=6397056224 tgt=6342846981 f=0.3 u=0 breach=9 end=converged
CBAP_MIG t=32070000 epoch=6414 flow=41 side=new cur=6251571583 next=6288538119 tgt=6342846981 f=0.405 u=0 breach=9 end=converged
CBAP_MIG t=32070000 epoch=6414 flow=42 side=new cur=6271848907 next=6300603126 tgt=6342846981 f=0.405 u=0 breach=9 end=converged
CBAP_MIG t=32070000 epoch=6414 flow=43 side=new cur=6225600085 next=6273085077 tgt=6342846981 f=0.405 u=0 breach=9 end=
CBAP_MIG t=32070000 epoch=6414 flow=44 side=new cur=6229573451 next=6275449230 tgt=6342846981 f=0.405 u=0 breach=9 end=
CBAP_MIG t=32070000 epoch=6414 flow=45 side=new cur=6264091173 next=6295987275 tgt=6342846981 f=0.405 u=0 breach=9 end=converged
CBAP_MIG t=32070000 epoch=6414 flow=46 side=new cur=6268537599 next=6298632898 tgt=6342846981 f=0.405 u=0 breach=9 end=converged
CBAP_MIG t=32070000 epoch=6414 flow=47 side=new cur=6235659961 next=6279070704 tgt=6342846981 f=0.405 u=0 breach=9 end=
CBAP_MIG t=32070000 epoch=6414 flow=48 side=new cur=6272471907 next=6300973811 tgt=6342846981 f=0.405 u=0 breach=9 end=converged
CBAP_MIG t=32070000 epoch=6414 flow=50 side=new cur=6570599513 next=6502273753 tgt=6342846981 f=0.3 u=0 breach=9 end=
CBAP_MIG t=32070000 epoch=6414 flow=51 side=new cur=6244580931 next=6284378681 tgt=6342846981 f=0.405 u=0 breach=9 end=converged
CBAP_MIG t=32070000 epoch=6414 flow=52 side=new cur=6244580931 next=6284378681 tgt=6342846981 f=0.405 u=0 breach=9 end=converged
CBAP_MIG t=32070000 epoch=6414 flow=53 side=new cur=6208294575 next=6262788299 tgt=6342846981 f=0.405 u=0 breach=9 end=
CBAP_MIG t=32070000 epoch=6414 flow=54 side=new cur=6266049512 next=6297152486 tgt=6342846981 f=0.405 u=0 breach=9 end=converged
CBAP_MIG t=32070000 epoch=6414 flow=55 side=new cur=6224209004 next=6272257384 tgt=6342846981 f=0.405 u=0 breach=9 end=
CBAP_MIG t=32070000 epoch=6414 flow=56 side=new cur=6235659961 next=6279070704 tgt=6342846981 f=0.405 u=0 breach=9 end=
CBAP_MIG t=32070000 epoch=6414 flow=57 side=new cur=6268091185 next=6298367282 tgt=6342846981 f=0.405 u=0 breach=9 end=converged
CBAP_MIG t=32070000 epoch=6414 flow=58 side=new cur=6502969237 next=6454932560 tgt=6342846981 f=0.3 u=0 breach=9 end=
CBAP_MIG t=32070000 epoch=6414 flow=59 side=new cur=6207299340 next=6262196134 tgt=6342846981 f=0.405 u=0 breach=9 end=
CBAP_MIG t=32070000 epoch=6414 flow=60 side=new cur=6420288757 next=6397056224 tgt=6342846981 f=0.3 u=0 breach=9 end=converged
CBAP_MIG t=32070000 epoch=6414 flow=62 side=new cur=6225600085 next=6273085077 tgt=6342846981 f=0.405 u=0 breach=9 end=
CBAP_MIG t=32070000 epoch=6414 flow=63 side=new cur=6245874963 next=6285148630 tgt=6342846981 f=0.405 u=0 breach=9 end=converged
CBAP_MIG t=32070000 epoch=6414 flow=64 side=new cur=6419211037 next=6396301820 tgt=6342846981 f=0.3 u=0 breach=9 end=converged
CBAP_MIG t=32075000 epoch=6415 flow=6 side=new cur=6428830949 next=6403035758 tgt=6342846981 f=0.3 u=0 breach=9 end=converged
CBAP_MIG t=32075000 epoch=6415 flow=7 side=new cur=6475245286 next=6435525794 tgt=6342846981 f=0.3 u=0 breach=9 end=
CBAP_MIG t=32075000 epoch=6415 flow=8 side=new cur=6262682052 next=6295148848 tgt=6342846981 f=0.405 u=0 breach=9 end=converged
CBAP_MIG t=32075000 epoch=6415 flow=10 side=new cur=6272257384 next=6300846170 tgt=6342846981 f=0.405 u=0 breach=9 end=converged
CBAP_MIG t=32075000 epoch=6415 flow=11 side=new cur=6279070704 next=6304900096 tgt=6342846981 f=0.405 u=0 breach=9 end=converged
CBAP_MIG t=32075000 epoch=6415 flow=15 side=new cur=6262682052 next=6295148848 tgt=6342846981 f=0.405 u=0 breach=9 end=converged
CBAP_MIG t=32075000 epoch=6415 flow=16 side=new cur=6261730049 next=6294582406 tgt=6342846981 f=0.405 u=0 breach=9 end=converged
CBAP_MIG t=32075000 epoch=6415 flow=18 side=new cur=6257394591 next=6292002808 tgt=6342846981 f=0.405 u=0 breach=9 end=converged
CBAP_MIG t=32075000 epoch=6415 flow=19 side=new cur=6273085077 next=6301338648 tgt=6342846981 f=0.405 u=0 breach=9 end=converged
CBAP_MIG t=32075000 epoch=6415 flow=25 side=new cur=6273085077 next=6301338648 tgt=6342846981 f=0.405 u=0 breach=9 end=converged
CBAP_MIG t=32075000 epoch=6415 flow=27 side=new cur=6680706852 next=6579348890 tgt=6342846981 f=0.3 u=0 breach=9 end=
CBAP_MIG t=32075000 epoch=6415 flow=28 side=new cur=6850581306 next=6698261008 tgt=6342846981 f=0.3 u=0 breach=9 end=
CBAP_MIG t=32075000 epoch=6415 flow=30 side=new cur=6272257384 next=6300846170 tgt=6342846981 f=0.405 u=0 breach=9 end=converged
CBAP_MIG t=32075000 epoch=6415 flow=32 side=new cur=6457635361 next=6423198847 tgt=6342846981 f=0.3 u=0 breach=9 end=
CBAP_MIG t=32075000 epoch=6415 flow=33 side=new cur=6268688861 next=6298722899 tgt=6342846981 f=0.405 u=0 breach=9 end=converged
CBAP_MIG t=32075000 epoch=6415 flow=34 side=new cur=6262682052 next=6295148848 tgt=6342846981 f=0.405 u=0 breach=9 end=converged
CBAP_MIG t=32075000 epoch=6415 flow=35 side=new cur=6273085077 next=6301338648 tgt=6342846981 f=0.405 u=0 breach=9 end=converged
CBAP_MIG t=32075000 epoch=6415 flow=36 side=new cur=6273085077 next=6301338648 tgt=6342846981 f=0.405 u=0 breach=9 end=converged
CBAP_MIG t=32075000 epoch=6415 flow=39 side=new cur=6897114902 next=6730834525 tgt=6342846981 f=0.3 u=0 breach=9 end=
CBAP_MIG t=32075000 epoch=6415 flow=43 side=new cur=6273085077 next=6301338648 tgt=6342846981 f=0.405 u=0 breach=9 end=converged
CBAP_MIG t=32075000 epoch=6415 flow=44 side=new cur=6275449230 next=6302745319 tgt=6342846981 f=0.405 u=0 breach=9 end=converged
CBAP_MIG t=32075000 epoch=6415 flow=47 side=new cur=6279070704 next=6304900096 tgt=6342846981 f=0.405 u=0 breach=9 end=converged
CBAP_MIG t=32075000 epoch=6415 flow=50 side=new cur=6502273753 next=6454445721 tgt=6342846981 f=0.3 u=0 breach=9 end=
CBAP_MIG t=32075000 epoch=6415 flow=53 side=new cur=6262788299 next=6295212065 tgt=6342846981 f=0.405 u=0 breach=9 end=converged
CBAP_MIG t=32075000 epoch=6415 flow=55 side=new cur=6272257384 next=6300846170 tgt=6342846981 f=0.405 u=0 breach=9 end=converged
CBAP_MIG t=32075000 epoch=6415 flow=56 side=new cur=6279070704 next=6304900096 tgt=6342846981 f=0.405 u=0 breach=9 end=converged
CBAP_MIG t=32075000 epoch=6415 flow=58 side=new cur=6454932560 next=6421306886 tgt=6342846981 f=0.3 u=0 breach=9 end=
CBAP_MIG t=32075000 epoch=6415 flow=59 side=new cur=6262196134 next=6294859727 tgt=6342846981 f=0.405 u=0 breach=9 end=converged
CBAP_MIG t=32075000 epoch=6415 flow=62 side=new cur=6273085077 next=6301338648 tgt=6342846981 f=0.405 u=0 breach=9 end=converged
CBAP_MIG t=32080000 epoch=6416 flow=7 side=new cur=6435525794 next=6407722150 tgt=6342846981 f=0.3 u=0 breach=9 end=
CBAP_MIG t=32080000 epoch=6416 flow=27 side=new cur=6579348890 next=6508398317 tgt=6342846981 f=0.3 u=0 breach=9 end=
CBAP_MIG t=32080000 epoch=6416 flow=28 side=new cur=6698261008 next=6591636799 tgt=6342846981 f=0.3 u=0 breach=9 end=
CBAP_MIG t=32080000 epoch=6416 flow=32 side=new cur=6423198847 next=6399093287 tgt=6342846981 f=0.3 u=0 breach=9 end=converged
CBAP_MIG t=32080000 epoch=6416 flow=39 side=new cur=6730834525 next=6614438261 tgt=6342846981 f=0.3 u=0 breach=9 end=
CBAP_MIG t=32080000 epoch=6416 flow=50 side=new cur=6454445721 next=6420966099 tgt=6342846981 f=0.3 u=0 breach=9 end=
CBAP_MIG t=32080000 epoch=6416 flow=58 side=new cur=6421306886 next=6397768914 tgt=6342846981 f=0.3 u=0 breach=9 end=converged
CBAP_MIG t=32085000 epoch=6417 flow=7 side=new cur=6407722150 next=6388259599 tgt=6342846981 f=0.3 u=0 breach=9 end=converged
CBAP_MIG t=32085000 epoch=6417 flow=27 side=new cur=6508398317 next=6458732916 tgt=6342846981 f=0.3 u=0 breach=9 end=
CBAP_MIG t=32085000 epoch=6417 flow=28 side=new cur=6591636799 next=6516999853 tgt=6342846981 f=0.3 u=0 breach=9 end=
CBAP_MIG t=32085000 epoch=6417 flow=39 side=new cur=6614438261 next=6532960877 tgt=6342846981 f=0.3 u=0 breach=9 end=
CBAP_MIG t=32085000 epoch=6417 flow=50 side=new cur=6420966099 next=6397530363 tgt=6342846981 f=0.3 u=0 breach=9 end=converged
CBAP_MIG t=32090000 epoch=6418 flow=27 side=new cur=6458732916 next=6423967135 tgt=6342846981 f=0.3 u=0 breach=9 end=
CBAP_MIG t=32090000 epoch=6418 flow=28 side=new cur=6516999853 next=6464753991 tgt=6342846981 f=0.3 u=0 breach=9 end=
CBAP_MIG t=32090000 epoch=6418 flow=39 side=new cur=6532960877 next=6475926708 tgt=6342846981 f=0.3 u=0 breach=9 end=
CBAP_MIG t=32095000 epoch=6419 flow=27 side=new cur=6423967135 next=6399631088 tgt=6342846981 f=0.3 u=0 breach=9 end=converged
CBAP_MIG t=32095000 epoch=6419 flow=28 side=new cur=6464753991 next=6428181888 tgt=6342846981 f=0.3 u=0 breach=9 end=
CBAP_MIG t=32095000 epoch=6419 flow=39 side=new cur=6475926708 next=6436002789 tgt=6342846981 f=0.3 u=0 breach=9 end=
CBAP_MIG t=32100000 epoch=6420 flow=28 side=new cur=6428181888 next=6402581415 tgt=6342846981 f=0.3 u=0 breach=9 end=converged
CBAP_MIG t=32100000 epoch=6420 flow=39 side=new cur=6436002789 next=6408056046 tgt=6342846981 f=0.3 u=0 breach=9 end=
CBAP_MIG t=32105000 epoch=6421 flow=39 side=new cur=6408056046 next=6388493326 tgt=6342846981 f=0.3 u=0 breach=9 end=converged
CBAP_MIG_REPLAN t=34940000 reason=active_set_shrank flow=0 batch=0 newest_batch=1 cur=4004481324 target=4000000000 ceiling=320000000000 old_side_present=1
CBAP_MIG_REPLAN t=34940000 reason=active_set_shrank flow=2 batch=1 newest_batch=1 cur=6285148630 target=6445154062 ceiling=400000000000 old_side_present=1
CBAP_MIG_REPLAN t=34940000 reason=active_set_shrank flow=3 batch=1 newest_batch=1 cur=6395118977 target=6445154062 ceiling=400000000000 old_side_present=1
CBAP_MIG_REPLAN t=34940000 reason=active_set_shrank flow=4 batch=1 newest_batch=1 cur=6301348916 target=6445154062 ceiling=400000000000 old_side_present=1
CBAP_MIG_REPLAN t=34940000 reason=active_set_shrank flow=5 batch=1 newest_batch=1 cur=6291125533 target=6445154062 ceiling=400000000000 old_side_present=1
CBAP_MIG_REPLAN t=34940000 reason=active_set_shrank flow=6 batch=1 newest_batch=1 cur=6403035758 target=6445154062 ceiling=400000000000 old_side_present=1
CBAP_MIG_REPLAN t=34940000 reason=active_set_shrank flow=7 batch=1 newest_batch=1 cur=6388259599 target=6445154062 ceiling=400000000000 old_side_present=1
CBAP_MIG_REPLAN t=34940000 reason=active_set_shrank flow=8 batch=1 newest_batch=1 cur=6295148848 target=6445154062 ceiling=400000000000 old_side_present=1
CBAP_MIG_REPLAN t=34940000 reason=active_set_shrank flow=9 batch=1 newest_batch=1 cur=6293899244 target=6445154062 ceiling=400000000000 old_side_present=1
CBAP_MIG_REPLAN t=34940000 reason=active_set_shrank flow=10 batch=1 newest_batch=1 cur=6300846170 target=6445154062 ceiling=400000000000 old_side_present=1
CBAP_MIG_REPLAN t=34940000 reason=active_set_shrank flow=11 batch=1 newest_batch=1 cur=6304900096 target=6445154062 ceiling=400000000000 old_side_present=1
CBAP_MIG_REPLAN t=34940000 reason=active_set_shrank flow=12 batch=1 newest_batch=1 cur=6298367282 target=6445154062 ceiling=400000000000 old_side_present=1
CBAP_MIG_REPLAN t=34940000 reason=active_set_shrank flow=13 batch=1 newest_batch=1 cur=6298632898 target=6445154062 ceiling=400000000000 old_side_present=1
CBAP_MIG_REPLAN t=34940000 reason=active_set_shrank flow=14 batch=1 newest_batch=1 cur=6284378681 target=6445154062 ceiling=400000000000 old_side_present=1
CBAP_MIG_REPLAN t=34940000 reason=active_set_shrank flow=15 batch=1 newest_batch=1 cur=6295148848 target=6445154062 ceiling=400000000000 old_side_present=1
CBAP_MIG_REPLAN t=34940000 reason=active_set_shrank flow=16 batch=1 newest_batch=1 cur=6294582406 target=6445154062 ceiling=400000000000 old_side_present=1
CBAP_MIG_REPLAN t=34940000 reason=active_set_shrank flow=17 batch=1 newest_batch=1 cur=6397056224 target=6445154062 ceiling=400000000000 old_side_present=1
CBAP_MIG_REPLAN t=34940000 reason=active_set_shrank flow=18 batch=1 newest_batch=1 cur=6292002808 target=6445154062 ceiling=400000000000 old_side_present=1
CBAP_MIG_REPLAN t=34940000 reason=active_set_shrank flow=19 batch=1 newest_batch=1 cur=6301338648 target=6445154062 ceiling=400000000000 old_side_present=1
CBAP_MIG_REPLAN t=34940000 reason=active_set_shrank flow=20 batch=1 newest_batch=1 cur=6284378681 target=6445154062 ceiling=400000000000 old_side_present=1
CBAP_MIG_REPLAN t=34940000 reason=active_set_shrank flow=21 batch=1 newest_batch=1 cur=6285148630 target=6445154062 ceiling=400000000000 old_side_present=1
CBAP_MIG_REPLAN t=34940000 reason=active_set_shrank flow=22 batch=1 newest_batch=1 cur=6288538119 target=6445154062 ceiling=400000000000 old_side_present=1
CBAP_MIG_REPLAN t=34940000 reason=active_set_shrank flow=23 batch=1 newest_batch=1 cur=6299471956 target=6445154062 ceiling=400000000000 old_side_present=1
CBAP_MIG_REPLAN t=34940000 reason=active_set_shrank flow=24 batch=1 newest_batch=1 cur=6301209829 target=6445154062 ceiling=400000000000 old_side_present=1
CBAP_MIG_REPLAN t=34940000 reason=active_set_shrank flow=25 batch=1 newest_batch=1 cur=6301338648 target=6445154062 ceiling=400000000000 old_side_present=1
CBAP_MIG_REPLAN t=34940000 reason=active_set_shrank flow=26 batch=1 newest_batch=1 cur=6303241953 target=6445154062 ceiling=400000000000 old_side_present=1
CBAP_MIG_REPLAN t=34940000 reason=active_set_shrank flow=27 batch=1 newest_batch=1 cur=6399631088 target=6445154062 ceiling=400000000000 old_side_present=1
CBAP_MIG_REPLAN t=34940000 reason=active_set_shrank flow=29 batch=1 newest_batch=1 cur=6302591929 target=6445154062 ceiling=400000000000 old_side_present=1
CBAP_MIG_REPLAN t=34940000 reason=active_set_shrank flow=30 batch=1 newest_batch=1 cur=6300846170 target=6445154062 ceiling=400000000000 old_side_present=1
CBAP_MIG_REPLAN t=34940000 reason=active_set_shrank flow=31 batch=1 newest_batch=1 cur=6285148630 target=6445154062 ceiling=400000000000 old_side_present=1
CBAP_MIG_REPLAN t=34940000 reason=active_set_shrank flow=32 batch=1 newest_batch=1 cur=6399093287 target=6445154062 ceiling=400000000000 old_side_present=1
CBAP_MIG_REPLAN t=34940000 reason=active_set_shrank flow=33 batch=1 newest_batch=1 cur=6298722899 target=6445154062 ceiling=400000000000 old_side_present=1
CBAP_MIG_REPLAN t=34940000 reason=active_set_shrank flow=34 batch=1 newest_batch=1 cur=6295148848 target=6445154062 ceiling=400000000000 old_side_present=1
CBAP_MIG_REPLAN t=34940000 reason=active_set_shrank flow=35 batch=1 newest_batch=1 cur=6301338648 target=6445154062 ceiling=400000000000 old_side_present=1
CBAP_MIG_REPLAN t=34940000 reason=active_set_shrank flow=36 batch=1 newest_batch=1 cur=6301338648 target=6445154062 ceiling=400000000000 old_side_present=1
CBAP_MIG_REPLAN t=34940000 reason=active_set_shrank flow=37 batch=1 newest_batch=1 cur=6393120703 target=6445154062 ceiling=400000000000 old_side_present=1
CBAP_MIG_REPLAN t=34940000 reason=active_set_shrank flow=38 batch=1 newest_batch=1 cur=6285148630 target=6445154062 ceiling=400000000000 old_side_present=1
CBAP_MIG_REPLAN t=34940000 reason=active_set_shrank flow=39 batch=1 newest_batch=1 cur=6388493326 target=6445154062 ceiling=400000000000 old_side_present=1
CBAP_MIG_REPLAN t=34940000 reason=active_set_shrank flow=40 batch=1 newest_batch=1 cur=6397056224 target=6445154062 ceiling=400000000000 old_side_present=1
CBAP_MIG_REPLAN t=34940000 reason=active_set_shrank flow=41 batch=1 newest_batch=1 cur=6288538119 target=6445154062 ceiling=400000000000 old_side_present=1
CBAP_MIG_REPLAN t=34940000 reason=active_set_shrank flow=42 batch=1 newest_batch=1 cur=6300603126 target=6445154062 ceiling=400000000000 old_side_present=1
CBAP_MIG_REPLAN t=34940000 reason=active_set_shrank flow=43 batch=1 newest_batch=1 cur=6301338648 target=6445154062 ceiling=400000000000 old_side_present=1
CBAP_MIG_REPLAN t=34940000 reason=active_set_shrank flow=44 batch=1 newest_batch=1 cur=6302745319 target=6445154062 ceiling=400000000000 old_side_present=1
CBAP_MIG_REPLAN t=34940000 reason=active_set_shrank flow=45 batch=1 newest_batch=1 cur=6295987275 target=6445154062 ceiling=400000000000 old_side_present=1
CBAP_MIG_REPLAN t=34940000 reason=active_set_shrank flow=46 batch=1 newest_batch=1 cur=6298632898 target=6445154062 ceiling=400000000000 old_side_present=1
CBAP_MIG_REPLAN t=34940000 reason=active_set_shrank flow=47 batch=1 newest_batch=1 cur=6304900096 target=6445154062 ceiling=400000000000 old_side_present=1
CBAP_MIG_REPLAN t=34940000 reason=active_set_shrank flow=48 batch=1 newest_batch=1 cur=6300973811 target=6445154062 ceiling=400000000000 old_side_present=1
CBAP_MIG_REPLAN t=34940000 reason=active_set_shrank flow=49 batch=1 newest_batch=1 cur=6284824612 target=6445154062 ceiling=400000000000 old_side_present=1
CBAP_MIG_REPLAN t=34940000 reason=active_set_shrank flow=50 batch=1 newest_batch=1 cur=6397530363 target=6445154062 ceiling=400000000000 old_side_present=1
CBAP_MIG_REPLAN t=34940000 reason=active_set_shrank flow=51 batch=1 newest_batch=1 cur=6284378681 target=6445154062 ceiling=400000000000 old_side_present=1
CBAP_MIG_REPLAN t=34940000 reason=active_set_shrank flow=52 batch=1 newest_batch=1 cur=6284378681 target=6445154062 ceiling=400000000000 old_side_present=1
CBAP_MIG_REPLAN t=34940000 reason=active_set_shrank flow=53 batch=1 newest_batch=1 cur=6295212065 target=6445154062 ceiling=400000000000 old_side_present=1
CBAP_MIG_REPLAN t=34940000 reason=active_set_shrank flow=54 batch=1 newest_batch=1 cur=6297152486 target=6445154062 ceiling=400000000000 old_side_present=1
CBAP_MIG_REPLAN t=34940000 reason=active_set_shrank flow=55 batch=1 newest_batch=1 cur=6300846170 target=6445154062 ceiling=400000000000 old_side_present=1
CBAP_MIG_REPLAN t=34940000 reason=active_set_shrank flow=56 batch=1 newest_batch=1 cur=6304900096 target=6445154062 ceiling=400000000000 old_side_present=1
CBAP_MIG_REPLAN t=34940000 reason=active_set_shrank flow=57 batch=1 newest_batch=1 cur=6298367282 target=6445154062 ceiling=400000000000 old_side_present=1
CBAP_MIG_REPLAN t=34940000 reason=active_set_shrank flow=58 batch=1 newest_batch=1 cur=6397768914 target=6445154062 ceiling=400000000000 old_side_present=1
CBAP_MIG_REPLAN t=34940000 reason=active_set_shrank flow=59 batch=1 newest_batch=1 cur=6294859727 target=6445154062 ceiling=400000000000 old_side_present=1
CBAP_MIG_REPLAN t=34940000 reason=active_set_shrank flow=60 batch=1 newest_batch=1 cur=6397056224 target=6445154062 ceiling=400000000000 old_side_present=1
CBAP_MIG_REPLAN t=34940000 reason=active_set_shrank flow=61 batch=1 newest_batch=1 cur=6279723729 target=6445154062 ceiling=400000000000 old_side_present=1
CBAP_MIG_REPLAN t=34940000 reason=active_set_shrank flow=62 batch=1 newest_batch=1 cur=6301338648 target=6445154062 ceiling=400000000000 old_side_present=1
CBAP_MIG_REPLAN t=34940000 reason=active_set_shrank flow=63 batch=1 newest_batch=1 cur=6285148630 target=6445154062 ceiling=400000000000 old_side_present=1
CBAP_MIG_REPLAN t=34940000 reason=active_set_shrank flow=64 batch=1 newest_batch=1 cur=6396301820 target=6445154062 ceiling=400000000000 old_side_present=1
CBAP_MIG t=34940000 epoch=6988 flow=0 side=old cur=4004481324 next=4003136926 tgt=4000000000 f=0.3 u=1 breach=0 end=converged
CBAP_MIG t=34940000 epoch=6988 flow=2 side=new cur=6285148630 next=6316349689 tgt=6445154062 f=0.195 u=1 breach=9 end=
CBAP_MIG t=34940000 epoch=6988 flow=3 side=new cur=6395118977 next=6404875818 tgt=6445154062 f=0.195 u=1 breach=9 end=converged
CBAP_MIG t=34940000 epoch=6988 flow=4 side=new cur=6301348916 next=6329390919 tgt=6445154062 f=0.195 u=1 breach=9 end=
CBAP_MIG t=34940000 epoch=6988 flow=5 side=new cur=6291125533 next=6321161096 tgt=6445154062 f=0.195 u=1 breach=9 end=
CBAP_MIG t=34940000 epoch=6988 flow=6 side=new cur=6403035758 next=6411248827 tgt=6445154062 f=0.195 u=1 breach=9 end=converged
CBAP_MIG t=34940000 epoch=6988 flow=7 side=new cur=6388259599 next=6399354019 tgt=6445154062 f=0.195 u=1 breach=9 end=converged
CBAP_MIG t=34940000 epoch=6988 flow=8 side=new cur=6295148848 next=6324399864 tgt=6445154062 f=0.195 u=1 breach=9 end=
CBAP_MIG t=34940000 epoch=6988 flow=9 side=new cur=6293899244 next=6323393933 tgt=6445154062 f=0.195 u=1 breach=9 end=
CBAP_MIG t=34940000 epoch=6988 flow=10 side=new cur=6300846170 next=6328986208 tgt=6445154062 f=0.195 u=1 breach=9 end=
CBAP_MIG t=34940000 epoch=6988 flow=11 side=new cur=6304900096 next=6332249619 tgt=6445154062 f=0.195 u=1 breach=9 end=
CBAP_MIG t=34940000 epoch=6988 flow=12 side=new cur=6298367282 next=6326990704 tgt=6445154062 f=0.195 u=1 breach=9 end=
CBAP_MIG t=34940000 epoch=6988 flow=13 side=new cur=6298632898 next=6327204524 tgt=6445154062 f=0.195 u=1 breach=9 end=
CBAP_MIG t=34940000 epoch=6988 flow=14 side=new cur=6284378681 next=6315729880 tgt=6445154062 f=0.195 u=1 breach=9 end=
CBAP_MIG t=34940000 epoch=6988 flow=15 side=new cur=6295148848 next=6324399864 tgt=6445154062 f=0.195 u=1 breach=9 end=
CBAP_MIG t=34940000 epoch=6988 flow=16 side=new cur=6294582406 next=6323943878 tgt=6445154062 f=0.195 u=1 breach=9 end=
CBAP_MIG t=34940000 epoch=6988 flow=17 side=new cur=6397056224 next=6406435302 tgt=6445154062 f=0.195 u=1 breach=9 end=converged
CBAP_MIG t=34940000 epoch=6988 flow=18 side=new cur=6292002808 next=6321867302 tgt=6445154062 f=0.195 u=1 breach=9 end=
CBAP_MIG t=34940000 epoch=6988 flow=19 side=new cur=6301338648 next=6329382653 tgt=6445154062 f=0.195 u=1 breach=9 end=
CBAP_MIG t=34940000 epoch=6988 flow=20 side=new cur=6284378681 next=6315729880 tgt=6445154062 f=0.195 u=1 breach=9 end=
CBAP_MIG t=34940000 epoch=6988 flow=21 side=new cur=6285148630 next=6316349689 tgt=6445154062 f=0.195 u=1 breach=9 end=
CBAP_MIG t=34940000 epoch=6988 flow=22 side=new cur=6288538119 next=6319078227 tgt=6445154062 f=0.195 u=1 breach=9 end=
CBAP_MIG t=34940000 epoch=6988 flow=23 side=new cur=6299471956 next=6327879966 tgt=6445154062 f=0.195 u=1 breach=9 end=
CBAP_MIG t=34940000 epoch=6988 flow=24 side=new cur=6301209829 next=6329278954 tgt=6445154062 f=0.195 u=1 breach=9 end=
CBAP_MIG t=34940000 epoch=6988 flow=25 side=new cur=6301338648 next=6329382653 tgt=6445154062 f=0.195 u=1 breach=9 end=
CBAP_MIG t=34940000 epoch=6988 flow=26 side=new cur=6303241953 next=6330914814 tgt=6445154062 f=0.195 u=1 breach=9 end=
CBAP_MIG t=34940000 epoch=6988 flow=27 side=new cur=6399631088 next=6408508067 tgt=6445154062 f=0.195 u=1 breach=9 end=converged
CBAP_MIG t=34940000 epoch=6988 flow=29 side=new cur=6302591929 next=6330391544 tgt=6445154062 f=0.195 u=1 breach=9 end=
CBAP_MIG t=34940000 epoch=6988 flow=30 side=new cur=6300846170 next=6328986208 tgt=6445154062 f=0.195 u=1 breach=9 end=
CBAP_MIG t=34940000 epoch=6988 flow=31 side=new cur=6285148630 next=6316349689 tgt=6445154062 f=0.195 u=1 breach=9 end=
CBAP_MIG t=34940000 epoch=6988 flow=32 side=new cur=6399093287 next=6408075138 tgt=6445154062 f=0.195 u=1 breach=9 end=converged
CBAP_MIG t=34940000 epoch=6988 flow=33 side=new cur=6298722899 next=6327276975 tgt=6445154062 f=0.195 u=1 breach=9 end=
CBAP_MIG t=34940000 epoch=6988 flow=34 side=new cur=6295148848 next=6324399864 tgt=6445154062 f=0.195 u=1 breach=9 end=
CBAP_MIG t=34940000 epoch=6988 flow=35 side=new cur=6301338648 next=6329382653 tgt=6445154062 f=0.195 u=1 breach=9 end=
CBAP_MIG t=34940000 epoch=6988 flow=36 side=new cur=6301338648 next=6329382653 tgt=6445154062 f=0.195 u=1 breach=9 end=
CBAP_MIG t=34940000 epoch=6988 flow=37 side=new cur=6393120703 next=6403267208 tgt=6445154062 f=0.195 u=1 breach=9 end=converged
CBAP_MIG t=34940000 epoch=6988 flow=38 side=new cur=6285148630 next=6316349689 tgt=6445154062 f=0.195 u=1 breach=9 end=
CBAP_MIG t=34940000 epoch=6988 flow=39 side=new cur=6388493326 next=6399542169 tgt=6445154062 f=0.195 u=1 breach=9 end=converged
CBAP_MIG t=34940000 epoch=6988 flow=40 side=new cur=6397056224 next=6406435302 tgt=6445154062 f=0.195 u=1 breach=9 end=converged
CBAP_MIG t=34940000 epoch=6988 flow=41 side=new cur=6288538119 next=6319078227 tgt=6445154062 f=0.195 u=1 breach=9 end=
CBAP_MIG t=34940000 epoch=6988 flow=42 side=new cur=6300603126 next=6328790558 tgt=6445154062 f=0.195 u=1 breach=9 end=
CBAP_MIG t=34940000 epoch=6988 flow=43 side=new cur=6301338648 next=6329382653 tgt=6445154062 f=0.195 u=1 breach=9 end=
CBAP_MIG t=34940000 epoch=6988 flow=44 side=new cur=6302745319 next=6330515023 tgt=6445154062 f=0.195 u=1 breach=9 end=
CBAP_MIG t=34940000 epoch=6988 flow=45 side=new cur=6295987275 next=6325074798 tgt=6445154062 f=0.195 u=1 breach=9 end=
CBAP_MIG t=34940000 epoch=6988 flow=46 side=new cur=6298632898 next=6327204524 tgt=6445154062 f=0.195 u=1 breach=9 end=
CBAP_MIG t=34940000 epoch=6988 flow=47 side=new cur=6304900096 next=6332249619 tgt=6445154062 f=0.195 u=1 breach=9 end=
CBAP_MIG t=34940000 epoch=6988 flow=48 side=new cur=6300973811 next=6329088959 tgt=6445154062 f=0.195 u=1 breach=9 end=
CBAP_MIG t=34940000 epoch=6988 flow=49 side=new cur=6284824612 next=6316088854 tgt=6445154062 f=0.195 u=1 breach=9 end=
CBAP_MIG t=34940000 epoch=6988 flow=50 side=new cur=6397530363 next=6406816984 tgt=6445154062 f=0.195 u=1 breach=9 end=converged
CBAP_MIG t=34940000 epoch=6988 flow=51 side=new cur=6284378681 next=6315729880 tgt=6445154062 f=0.195 u=1 breach=9 end=
CBAP_MIG t=34940000 epoch=6988 flow=52 side=new cur=6284378681 next=6315729880 tgt=6445154062 f=0.195 u=1 breach=9 end=
CBAP_MIG t=34940000 epoch=6988 flow=53 side=new cur=6295212065 next=6324450754 tgt=6445154062 f=0.195 u=1 breach=9 end=
CBAP_MIG t=34940000 epoch=6988 flow=54 side=new cur=6297152486 next=6326012793 tgt=6445154062 f=0.195 u=1 breach=9 end=
CBAP_MIG t=34940000 epoch=6988 flow=55 side=new cur=6300846170 next=6328986208 tgt=6445154062 f=0.195 u=1 breach=9 end=
CBAP_MIG t=34940000 epoch=6988 flow=56 side=new cur=6304900096 next=6332249619 tgt=6445154062 f=0.195 u=1 breach=9 end=
CBAP_MIG t=34940000 epoch=6988 flow=57 side=new cur=6298367282 next=6326990704 tgt=6445154062 f=0.195 u=1 breach=9 end=
CBAP_MIG t=34940000 epoch=6988 flow=58 side=new cur=6397768914 next=6407009017 tgt=6445154062 f=0.195 u=1 breach=9 end=converged
CBAP_MIG t=34940000 epoch=6988 flow=59 side=new cur=6294859727 next=6324167122 tgt=6445154062 f=0.195 u=1 breach=9 end=
CBAP_MIG t=34940000 epoch=6988 flow=60 side=new cur=6397056224 next=6406435302 tgt=6445154062 f=0.195 u=1 breach=9 end=converged
CBAP_MIG t=34940000 epoch=6988 flow=61 side=new cur=6279723729 next=6311982643 tgt=6445154062 f=0.195 u=1 breach=9 end=
CBAP_MIG t=34940000 epoch=6988 flow=62 side=new cur=6301338648 next=6329382653 tgt=6445154062 f=0.195 u=1 breach=9 end=
CBAP_MIG t=34940000 epoch=6988 flow=63 side=new cur=6285148630 next=6316349689 tgt=6445154062 f=0.195 u=1 breach=9 end=
CBAP_MIG t=34940000 epoch=6988 flow=64 side=new cur=6396301820 next=6405828007 tgt=6445154062 f=0.195 u=1 breach=9 end=converged
CBAP_MIG t=34945000 epoch=6989 flow=2 side=new cur=6316349689 next=6341466541 tgt=6445154062 f=0.195 u=1 breach=9 end=
CBAP_MIG t=34945000 epoch=6989 flow=4 side=new cur=6329390919 next=6351964731 tgt=6445154062 f=0.195 u=1 breach=9 end=
CBAP_MIG t=34945000 epoch=6989 flow=5 side=new cur=6321161096 next=6345339724 tgt=6445154062 f=0.195 u=1 breach=9 end=
CBAP_MIG t=34945000 epoch=6989 flow=8 side=new cur=6324399864 next=6347946932 tgt=6445154062 f=0.195 u=1 breach=9 end=
CBAP_MIG t=34945000 epoch=6989 flow=9 side=new cur=6323393933 next=6347137158 tgt=6445154062 f=0.195 u=1 breach=9 end=
CBAP_MIG t=34945000 epoch=6989 flow=10 side=new cur=6328986208 next=6351638939 tgt=6445154062 f=0.195 u=1 breach=9 end=
CBAP_MIG t=34945000 epoch=6989 flow=11 side=new cur=6332249619 next=6354265985 tgt=6445154062 f=0.195 u=1 breach=9 end=
CBAP_MIG t=34945000 epoch=6989 flow=12 side=new cur=6326990704 next=6350032558 tgt=6445154062 f=0.195 u=1 breach=9 end=
CBAP_MIG t=34945000 epoch=6989 flow=13 side=new cur=6327204524 next=6350204683 tgt=6445154062 f=0.195 u=1 breach=9 end=
CBAP_MIG t=34945000 epoch=6989 flow=14 side=new cur=6315729880 next=6340967595 tgt=6445154062 f=0.195 u=1 breach=9 end=
CBAP_MIG t=34945000 epoch=6989 flow=15 side=new cur=6324399864 next=6347946932 tgt=6445154062 f=0.195 u=1 breach=9 end=
CBAP_MIG t=34945000 epoch=6989 flow=16 side=new cur=6323943878 next=6347579863 tgt=6445154062 f=0.195 u=1 breach=9 end=
CBAP_MIG t=34945000 epoch=6989 flow=18 side=new cur=6321867302 next=6345908220 tgt=6445154062 f=0.195 u=1 breach=9 end=
CBAP_MIG t=34945000 epoch=6989 flow=19 side=new cur=6329382653 next=6351958077 tgt=6445154062 f=0.195 u=1 breach=9 end=
CBAP_MIG t=34945000 epoch=6989 flow=20 side=new cur=6315729880 next=6340967595 tgt=6445154062 f=0.195 u=1 breach=9 end=
CBAP_MIG t=34945000 epoch=6989 flow=21 side=new cur=6316349689 next=6341466541 tgt=6445154062 f=0.195 u=1 breach=9 end=
CBAP_MIG t=34945000 epoch=6989 flow=22 side=new cur=6319078227 next=6343663014 tgt=6445154062 f=0.195 u=1 breach=9 end=
CBAP_MIG t=34945000 epoch=6989 flow=23 side=new cur=6327879966 next=6350748414 tgt=6445154062 f=0.195 u=1 breach=9 end=
CBAP_MIG t=34945000 epoch=6989 flow=24 side=new cur=6329278954 next=6351874600 tgt=6445154062 f=0.195 u=1 breach=9 end=
CBAP_MIG t=34945000 epoch=6989 flow=25 side=new cur=6329382653 next=6351958077 tgt=6445154062 f=0.195 u=1 breach=9 end=
CBAP_MIG t=34945000 epoch=6989 flow=26 side=new cur=6330914814 next=6353191467 tgt=6445154062 f=0.195 u=1 breach=9 end=
CBAP_MIG t=34945000 epoch=6989 flow=29 side=new cur=6330391544 next=6352770235 tgt=6445154062 f=0.195 u=1 breach=9 end=
CBAP_MIG t=34945000 epoch=6989 flow=30 side=new cur=6328986208 next=6351638939 tgt=6445154062 f=0.195 u=1 breach=9 end=
CBAP_MIG t=34945000 epoch=6989 flow=31 side=new cur=6316349689 next=6341466541 tgt=6445154062 f=0.195 u=1 breach=9 end=
CBAP_MIG t=34945000 epoch=6989 flow=33 side=new cur=6327276975 next=6350263006 tgt=6445154062 f=0.195 u=1 breach=9 end=
CBAP_MIG t=34945000 epoch=6989 flow=34 side=new cur=6324399864 next=6347946932 tgt=6445154062 f=0.195 u=1 breach=9 end=
CBAP_MIG t=34945000 epoch=6989 flow=35 side=new cur=6329382653 next=6351958077 tgt=6445154062 f=0.195 u=1 breach=9 end=
CBAP_MIG t=34945000 epoch=6989 flow=36 side=new cur=6329382653 next=6351958077 tgt=6445154062 f=0.195 u=1 breach=9 end=
CBAP_MIG t=34945000 epoch=6989 flow=38 side=new cur=6316349689 next=6341466541 tgt=6445154062 f=0.195 u=1 breach=9 end=
CBAP_MIG t=34945000 epoch=6989 flow=41 side=new cur=6319078227 next=6343663014 tgt=6445154062 f=0.195 u=1 breach=9 end=
CBAP_MIG t=34945000 epoch=6989 flow=42 side=new cur=6328790558 next=6351481441 tgt=6445154062 f=0.195 u=1 breach=9 end=
CBAP_MIG t=34945000 epoch=6989 flow=43 side=new cur=6329382653 next=6351958077 tgt=6445154062 f=0.195 u=1 breach=9 end=
CBAP_MIG t=34945000 epoch=6989 flow=44 side=new cur=6330515023 next=6352869635 tgt=6445154062 f=0.195 u=1 breach=9 end=
CBAP_MIG t=34945000 epoch=6989 flow=45 side=new cur=6325074798 next=6348490254 tgt=6445154062 f=0.195 u=1 breach=9 end=
CBAP_MIG t=34945000 epoch=6989 flow=46 side=new cur=6327204524 next=6350204683 tgt=6445154062 f=0.195 u=1 breach=9 end=
CBAP_MIG t=34945000 epoch=6989 flow=47 side=new cur=6332249619 next=6354265985 tgt=6445154062 f=0.195 u=1 breach=9 end=
CBAP_MIG t=34945000 epoch=6989 flow=48 side=new cur=6329088959 next=6351721654 tgt=6445154062 f=0.195 u=1 breach=9 end=
CBAP_MIG t=34945000 epoch=6989 flow=49 side=new cur=6316088854 next=6341256569 tgt=6445154062 f=0.195 u=1 breach=9 end=
CBAP_MIG t=34945000 epoch=6989 flow=51 side=new cur=6315729880 next=6340967595 tgt=6445154062 f=0.195 u=1 breach=9 end=
CBAP_MIG t=34945000 epoch=6989 flow=52 side=new cur=6315729880 next=6340967595 tgt=6445154062 f=0.195 u=1 breach=9 end=
CBAP_MIG t=34945000 epoch=6989 flow=53 side=new cur=6324450754 next=6347987899 tgt=6445154062 f=0.195 u=1 breach=9 end=
CBAP_MIG t=34945000 epoch=6989 flow=54 side=new cur=6326012793 next=6349245340 tgt=6445154062 f=0.195 u=1 breach=9 end=
CBAP_MIG t=34945000 epoch=6989 flow=55 side=new cur=6328986208 next=6351638939 tgt=6445154062 f=0.195 u=1 breach=9 end=
CBAP_MIG t=34945000 epoch=6989 flow=56 side=new cur=6332249619 next=6354265985 tgt=6445154062 f=0.195 u=1 breach=9 end=
CBAP_MIG t=34945000 epoch=6989 flow=57 side=new cur=6326990704 next=6350032558 tgt=6445154062 f=0.195 u=1 breach=9 end=
CBAP_MIG t=34945000 epoch=6989 flow=59 side=new cur=6324167122 next=6347759575 tgt=6445154062 f=0.195 u=1 breach=9 end=
CBAP_MIG t=34945000 epoch=6989 flow=61 side=new cur=6311982643 next=6337951069 tgt=6445154062 f=0.195 u=1 breach=9 end=
CBAP_MIG t=34945000 epoch=6989 flow=62 side=new cur=6329382653 next=6351958077 tgt=6445154062 f=0.195 u=1 breach=9 end=
CBAP_MIG t=34945000 epoch=6989 flow=63 side=new cur=6316349689 next=6341466541 tgt=6445154062 f=0.195 u=1 breach=9 end=
CBAP_MIG_REPLAN t=34950000 reason=active_set_shrank flow=0 batch=0 newest_batch=1 cur=4003136926 target=4000000000 ceiling=320000000000 old_side_present=1
CBAP_MIG_REPLAN t=34950000 reason=active_set_shrank flow=2 batch=1 newest_batch=1 cur=6341466541 target=6550814529 ceiling=400000000000 old_side_present=1
CBAP_MIG_REPLAN t=34950000 reason=active_set_shrank flow=3 batch=1 newest_batch=1 cur=6404875818 target=6550814529 ceiling=400000000000 old_side_present=1
CBAP_MIG_REPLAN t=34950000 reason=active_set_shrank flow=4 batch=1 newest_batch=1 cur=6351964731 target=6550814529 ceiling=400000000000 old_side_present=1
CBAP_MIG_REPLAN t=34950000 reason=active_set_shrank flow=5 batch=1 newest_batch=1 cur=6345339724 target=6550814529 ceiling=400000000000 old_side_present=1
CBAP_MIG_REPLAN t=34950000 reason=active_set_shrank flow=6 batch=1 newest_batch=1 cur=6411248827 target=6550814529 ceiling=400000000000 old_side_present=1
CBAP_MIG_REPLAN t=34950000 reason=active_set_shrank flow=7 batch=1 newest_batch=1 cur=6399354019 target=6550814529 ceiling=400000000000 old_side_present=1
CBAP_MIG_REPLAN t=34950000 reason=active_set_shrank flow=8 batch=1 newest_batch=1 cur=6347946932 target=6550814529 ceiling=400000000000 old_side_present=1
CBAP_MIG_REPLAN t=34950000 reason=active_set_shrank flow=9 batch=1 newest_batch=1 cur=6347137158 target=6550814529 ceiling=400000000000 old_side_present=1
CBAP_MIG_REPLAN t=34950000 reason=active_set_shrank flow=10 batch=1 newest_batch=1 cur=6351638939 target=6550814529 ceiling=400000000000 old_side_present=1
CBAP_MIG_REPLAN t=34950000 reason=active_set_shrank flow=11 batch=1 newest_batch=1 cur=6354265985 target=6550814529 ceiling=400000000000 old_side_present=1
CBAP_MIG_REPLAN t=34950000 reason=active_set_shrank flow=12 batch=1 newest_batch=1 cur=6350032558 target=6550814529 ceiling=400000000000 old_side_present=1
CBAP_MIG_REPLAN t=34950000 reason=active_set_shrank flow=13 batch=1 newest_batch=1 cur=6350204683 target=6550814529 ceiling=400000000000 old_side_present=1
CBAP_MIG_REPLAN t=34950000 reason=active_set_shrank flow=14 batch=1 newest_batch=1 cur=6340967595 target=6550814529 ceiling=400000000000 old_side_present=1
CBAP_MIG_REPLAN t=34950000 reason=active_set_shrank flow=15 batch=1 newest_batch=1 cur=6347946932 target=6550814529 ceiling=400000000000 old_side_present=1
CBAP_MIG_REPLAN t=34950000 reason=active_set_shrank flow=16 batch=1 newest_batch=1 cur=6347579863 target=6550814529 ceiling=400000000000 old_side_present=1
CBAP_MIG_REPLAN t=34950000 reason=active_set_shrank flow=17 batch=1 newest_batch=1 cur=6406435302 target=6550814529 ceiling=400000000000 old_side_present=1
CBAP_MIG_REPLAN t=34950000 reason=active_set_shrank flow=18 batch=1 newest_batch=1 cur=6345908220 target=6550814529 ceiling=400000000000 old_side_present=1
CBAP_MIG_REPLAN t=34950000 reason=active_set_shrank flow=19 batch=1 newest_batch=1 cur=6351958077 target=6550814529 ceiling=400000000000 old_side_present=1
CBAP_MIG_REPLAN t=34950000 reason=active_set_shrank flow=20 batch=1 newest_batch=1 cur=6340967595 target=6550814529 ceiling=400000000000 old_side_present=1
CBAP_MIG_REPLAN t=34950000 reason=active_set_shrank flow=21 batch=1 newest_batch=1 cur=6341466541 target=6550814529 ceiling=400000000000 old_side_present=1
CBAP_MIG_REPLAN t=34950000 reason=active_set_shrank flow=22 batch=1 newest_batch=1 cur=6343663014 target=6550814529 ceiling=400000000000 old_side_present=1
CBAP_MIG_REPLAN t=34950000 reason=active_set_shrank flow=23 batch=1 newest_batch=1 cur=6350748414 target=6550814529 ceiling=400000000000 old_side_present=1
CBAP_MIG_REPLAN t=34950000 reason=active_set_shrank flow=24 batch=1 newest_batch=1 cur=6351874600 target=6550814529 ceiling=400000000000 old_side_present=1
CBAP_MIG_REPLAN t=34950000 reason=active_set_shrank flow=25 batch=1 newest_batch=1 cur=6351958077 target=6550814529 ceiling=400000000000 old_side_present=1
CBAP_MIG_REPLAN t=34950000 reason=active_set_shrank flow=26 batch=1 newest_batch=1 cur=6353191467 target=6550814529 ceiling=400000000000 old_side_present=1
CBAP_MIG_REPLAN t=34950000 reason=active_set_shrank flow=27 batch=1 newest_batch=1 cur=6408508067 target=6550814529 ceiling=400000000000 old_side_present=1
CBAP_MIG_REPLAN t=34950000 reason=active_set_shrank flow=29 batch=1 newest_batch=1 cur=6352770235 target=6550814529 ceiling=400000000000 old_side_present=1
CBAP_MIG_REPLAN t=34950000 reason=active_set_shrank flow=30 batch=1 newest_batch=1 cur=6351638939 target=6550814529 ceiling=400000000000 old_side_present=1
CBAP_MIG_REPLAN t=34950000 reason=active_set_shrank flow=31 batch=1 newest_batch=1 cur=6341466541 target=6550814529 ceiling=400000000000 old_side_present=1
CBAP_MIG_REPLAN t=34950000 reason=active_set_shrank flow=32 batch=1 newest_batch=1 cur=6408075138 target=6550814529 ceiling=400000000000 old_side_present=1
CBAP_MIG_REPLAN t=34950000 reason=active_set_shrank flow=33 batch=1 newest_batch=1 cur=6350263006 target=6550814529 ceiling=400000000000 old_side_present=1
CBAP_MIG_REPLAN t=34950000 reason=active_set_shrank flow=34 batch=1 newest_batch=1 cur=6347946932 target=6550814529 ceiling=400000000000 old_side_present=1
CBAP_MIG_REPLAN t=34950000 reason=active_set_shrank flow=35 batch=1 newest_batch=1 cur=6351958077 target=6550814529 ceiling=400000000000 old_side_present=1
CBAP_MIG_REPLAN t=34950000 reason=active_set_shrank flow=36 batch=1 newest_batch=1 cur=6351958077 target=6550814529 ceiling=400000000000 old_side_present=1
CBAP_MIG_REPLAN t=34950000 reason=active_set_shrank flow=37 batch=1 newest_batch=1 cur=6403267208 target=6550814529 ceiling=400000000000 old_side_present=1
CBAP_MIG_REPLAN t=34950000 reason=active_set_shrank flow=38 batch=1 newest_batch=1 cur=6341466541 target=6550814529 ceiling=400000000000 old_side_present=1
CBAP_MIG_REPLAN t=34950000 reason=active_set_shrank flow=40 batch=1 newest_batch=1 cur=6406435302 target=6550814529 ceiling=400000000000 old_side_present=1
CBAP_MIG_REPLAN t=34950000 reason=active_set_shrank flow=41 batch=1 newest_batch=1 cur=6343663014 target=6550814529 ceiling=400000000000 old_side_present=1
CBAP_MIG_REPLAN t=34950000 reason=active_set_shrank flow=42 batch=1 newest_batch=1 cur=6351481441 target=6550814529 ceiling=400000000000 old_side_present=1
CBAP_MIG_REPLAN t=34950000 reason=active_set_shrank flow=43 batch=1 newest_batch=1 cur=6351958077 target=6550814529 ceiling=400000000000 old_side_present=1
CBAP_MIG_REPLAN t=34950000 reason=active_set_shrank flow=44 batch=1 newest_batch=1 cur=6352869635 target=6550814529 ceiling=400000000000 old_side_present=1
CBAP_MIG_REPLAN t=34950000 reason=active_set_shrank flow=45 batch=1 newest_batch=1 cur=6348490254 target=6550814529 ceiling=400000000000 old_side_present=1
CBAP_MIG_REPLAN t=34950000 reason=active_set_shrank flow=46 batch=1 newest_batch=1 cur=6350204683 target=6550814529 ceiling=400000000000 old_side_present=1
CBAP_MIG_REPLAN t=34950000 reason=active_set_shrank flow=47 batch=1 newest_batch=1 cur=6354265985 target=6550814529 ceiling=400000000000 old_side_present=1
CBAP_MIG_REPLAN t=34950000 reason=active_set_shrank flow=48 batch=1 newest_batch=1 cur=6351721654 target=6550814529 ceiling=400000000000 old_side_present=1
CBAP_MIG_REPLAN t=34950000 reason=active_set_shrank flow=49 batch=1 newest_batch=1 cur=6341256569 target=6550814529 ceiling=400000000000 old_side_present=1
CBAP_MIG_REPLAN t=34950000 reason=active_set_shrank flow=50 batch=1 newest_batch=1 cur=6406816984 target=6550814529 ceiling=400000000000 old_side_present=1
CBAP_MIG_REPLAN t=34950000 reason=active_set_shrank flow=51 batch=1 newest_batch=1 cur=6340967595 target=6550814529 ceiling=400000000000 old_side_present=1
CBAP_MIG_REPLAN t=34950000 reason=active_set_shrank flow=52 batch=1 newest_batch=1 cur=6340967595 target=6550814529 ceiling=400000000000 old_side_present=1
CBAP_MIG_REPLAN t=34950000 reason=active_set_shrank flow=53 batch=1 newest_batch=1 cur=6347987899 target=6550814529 ceiling=400000000000 old_side_present=1
CBAP_MIG_REPLAN t=34950000 reason=active_set_shrank flow=54 batch=1 newest_batch=1 cur=6349245340 target=6550814529 ceiling=400000000000 old_side_present=1
CBAP_MIG_REPLAN t=34950000 reason=active_set_shrank flow=55 batch=1 newest_batch=1 cur=6351638939 target=6550814529 ceiling=400000000000 old_side_present=1
CBAP_MIG_REPLAN t=34950000 reason=active_set_shrank flow=56 batch=1 newest_batch=1 cur=6354265985 target=6550814529 ceiling=400000000000 old_side_present=1
CBAP_MIG_REPLAN t=34950000 reason=active_set_shrank flow=57 batch=1 newest_batch=1 cur=6350032558 target=6550814529 ceiling=400000000000 old_side_present=1
CBAP_MIG_REPLAN t=34950000 reason=active_set_shrank flow=58 batch=1 newest_batch=1 cur=6407009017 target=6550814529 ceiling=400000000000 old_side_present=1
CBAP_MIG_REPLAN t=34950000 reason=active_set_shrank flow=59 batch=1 newest_batch=1 cur=6347759575 target=6550814529 ceiling=400000000000 old_side_present=1
CBAP_MIG_REPLAN t=34950000 reason=active_set_shrank flow=60 batch=1 newest_batch=1 cur=6406435302 target=6550814529 ceiling=400000000000 old_side_present=1
CBAP_MIG_REPLAN t=34950000 reason=active_set_shrank flow=61 batch=1 newest_batch=1 cur=6337951069 target=6550814529 ceiling=400000000000 old_side_present=1
CBAP_MIG_REPLAN t=34950000 reason=active_set_shrank flow=62 batch=1 newest_batch=1 cur=6351958077 target=6550814529 ceiling=400000000000 old_side_present=1
CBAP_MIG_REPLAN t=34950000 reason=active_set_shrank flow=63 batch=1 newest_batch=1 cur=6341466541 target=6550814529 ceiling=400000000000 old_side_present=1
CBAP_MIG_REPLAN t=34950000 reason=active_set_shrank flow=64 batch=1 newest_batch=1 cur=6405828007 target=6550814529 ceiling=400000000000 old_side_present=1
CBAP_MIG t=34950000 epoch=6990 flow=0 side=old cur=4003136926 next=4002195848 tgt=4000000000 f=0.3 u=1 breach=0 end=converged
CBAP_MIG t=34950000 epoch=6990 flow=2 side=new cur=6341466541 next=6382289398 tgt=6550814529 f=0.195 u=1 breach=9 end=
CBAP_MIG t=34950000 epoch=6990 flow=3 side=new cur=6404875818 next=6433333866 tgt=6550814529 f=0.195 u=1 breach=9 end=
CBAP_MIG t=34950000 epoch=6990 flow=4 side=new cur=6351964731 next=6390740441 tgt=6550814529 f=0.195 u=1 breach=9 end=
CBAP_MIG t=34950000 epoch=6990 flow=5 side=new cur=6345339724 next=6385407310 tgt=6550814529 f=0.195 u=1 breach=9 end=
CBAP_MIG t=34950000 epoch=6990 flow=6 side=new cur=6411248827 next=6438464138 tgt=6550814529 f=0.195 u=1 breach=9 end=
CBAP_MIG t=34950000 epoch=6990 flow=7 side=new cur=6399354019 next=6428888818 tgt=6550814529 f=0.195 u=1 breach=9 end=
CBAP_MIG t=34950000 epoch=6990 flow=8 side=new cur=6347946932 next=6387506113 tgt=6550814529 f=0.195 u=1 breach=9 end=
CBAP_MIG t=34950000 epoch=6990 flow=9 side=new cur=6347137158 next=6386854245 tgt=6550814529 f=0.195 u=1 breach=9 end=
CBAP_MIG t=34950000 epoch=6990 flow=10 side=new cur=6351638939 next=6390478179 tgt=6550814529 f=0.195 u=1 breach=9 end=
CBAP_MIG t=34950000 epoch=6990 flow=11 side=new cur=6354265985 next=6392592951 tgt=6550814529 f=0.195 u=1 breach=9 end=
CBAP_MIG t=34950000 epoch=6990 flow=12 side=new cur=6350032558 next=6389185042 tgt=6550814529 f=0.195 u=1 breach=9 end=
CBAP_MIG t=34950000 epoch=6990 flow=13 side=new cur=6350204683 next=6389323602 tgt=6550814529 f=0.195 u=1 breach=9 end=
CBAP_MIG t=34950000 epoch=6990 flow=14 side=new cur=6340967595 next=6381887747 tgt=6550814529 f=0.195 u=1 breach=9 end=
CBAP_MIG t=34950000 epoch=6990 flow=15 side=new cur=6347946932 next=6387506113 tgt=6550814529 f=0.195 u=1 breach=9 end=
CBAP_MIG t=34950000 epoch=6990 flow=16 side=new cur=6347579863 next=6387210622 tgt=6550814529 f=0.195 u=1 breach=9 end=
CBAP_MIG t=34950000 epoch=6990 flow=17 side=new cur=6406435302 next=6434589251 tgt=6550814529 f=0.195 u=1 breach=9 end=
CBAP_MIG t=34950000 epoch=6990 flow=18 side=new cur=6345908220 next=6385864950 tgt=6550814529 f=0.195 u=1 breach=9 end=
CBAP_MIG t=34950000 epoch=6990 flow=19 side=new cur=6351958077 next=6390735085 tgt=6550814529 f=0.195 u=1 breach=9 end=
CBAP_MIG t=34950000 epoch=6990 flow=20 side=new cur=6340967595 next=6381887747 tgt=6550814529 f=0.195 u=1 breach=9 end=
CBAP_MIG t=34950000 epoch=6990 flow=21 side=new cur=6341466541 next=6382289398 tgt=6550814529 f=0.195 u=1 breach=9 end=
CBAP_MIG t=34950000 epoch=6990 flow=22 side=new cur=6343663014 next=6384057559 tgt=6550814529 f=0.195 u=1 breach=9 end=
CBAP_MIG t=34950000 epoch=6990 flow=23 side=new cur=6350748414 next=6389761306 tgt=6550814529 f=0.195 u=1 breach=9 end=
CBAP_MIG t=34950000 epoch=6990 flow=24 side=new cur=6351874600 next=6390667886 tgt=6550814529 f=0.195 u=1 breach=9 end=
CBAP_MIG t=34950000 epoch=6990 flow=25 side=new cur=6351958077 next=6390735085 tgt=6550814529 f=0.195 u=1 breach=9 end=
CBAP_MIG t=34950000 epoch=6990 flow=26 side=new cur=6353191467 next=6391727964 tgt=6550814529 f=0.195 u=1 breach=9 end=
CBAP_MIG t=34950000 epoch=6990 flow=27 side=new cur=6408508067 next=6436257827 tgt=6550814529 f=0.195 u=1 breach=9 end=
CBAP_MIG t=34950000 epoch=6990 flow=29 side=new cur=6352770235 next=6391388872 tgt=6550814529 f=0.195 u=1 breach=9 end=
CBAP_MIG t=34950000 epoch=6990 flow=30 side=new cur=6351638939 next=6390478179 tgt=6550814529 f=0.195 u=1 breach=9 end=
CBAP_MIG t=34950000 epoch=6990 flow=31 side=new cur=6341466541 next=6382289398 tgt=6550814529 f=0.195 u=1 breach=9 end=
CBAP_MIG t=34950000 epoch=6990 flow=32 side=new cur=6408075138 next=6435909319 tgt=6550814529 f=0.195 u=1 breach=9 end=
CBAP_MIG t=34950000 epoch=6990 flow=33 side=new cur=6350263006 next=6389370552 tgt=6550814529 f=0.195 u=1 breach=9 end=
CBAP_MIG t=34950000 epoch=6990 flow=34 side=new cur=6347946932 next=6387506113 tgt=6550814529 f=0.195 u=1 breach=9 end=
CBAP_MIG t=34950000 epoch=6990 flow=35 side=new cur=6351958077 next=6390735085 tgt=6550814529 f=0.195 u=1 breach=9 end=
CBAP_MIG t=34950000 epoch=6990 flow=36 side=new cur=6351958077 next=6390735085 tgt=6550814529 f=0.195 u=1 breach=9 end=
CBAP_MIG t=34950000 epoch=6990 flow=37 side=new cur=6403267208 next=6432038935 tgt=6550814529 f=0.195 u=1 breach=9 end=
CBAP_MIG t=34950000 epoch=6990 flow=38 side=new cur=6341466541 next=6382289398 tgt=6550814529 f=0.195 u=1 breach=9 end=
CBAP_MIG t=34950000 epoch=6990 flow=40 side=new cur=6406435302 next=6434589251 tgt=6550814529 f=0.195 u=1 breach=9 end=
CBAP_MIG t=34950000 epoch=6990 flow=41 side=new cur=6343663014 next=6384057559 tgt=6550814529 f=0.195 u=1 breach=9 end=
CBAP_MIG t=34950000 epoch=6990 flow=42 side=new cur=6351481441 next=6390351393 tgt=6550814529 f=0.195 u=1 breach=9 end=
CBAP_MIG t=34950000 epoch=6990 flow=43 side=new cur=6351958077 next=6390735085 tgt=6550814529 f=0.195 u=1 breach=9 end=
CBAP_MIG t=34950000 epoch=6990 flow=44 side=new cur=6352869635 next=6391468889 tgt=6550814529 f=0.195 u=1 breach=9 end=
CBAP_MIG t=34950000 epoch=6990 flow=45 side=new cur=6348490254 next=6387943487 tgt=6550814529 f=0.195 u=1 breach=9 end=
CBAP_MIG t=34950000 epoch=6990 flow=46 side=new cur=6350204683 next=6389323602 tgt=6550814529 f=0.195 u=1 breach=9 end=
CBAP_MIG t=34950000 epoch=6990 flow=47 side=new cur=6354265985 next=6392592951 tgt=6550814529 f=0.195 u=1 breach=9 end=
CBAP_MIG t=34950000 epoch=6990 flow=48 side=new cur=6351721654 next=6390544764 tgt=6550814529 f=0.195 u=1 breach=9 end=
CBAP_MIG t=34950000 epoch=6990 flow=49 side=new cur=6341256569 next=6382120371 tgt=6550814529 f=0.195 u=1 breach=9 end=
CBAP_MIG t=34950000 epoch=6990 flow=50 side=new cur=6406816984 next=6434896505 tgt=6550814529 f=0.195 u=1 breach=9 end=
CBAP_MIG t=34950000 epoch=6990 flow=51 side=new cur=6340967595 next=6381887747 tgt=6550814529 f=0.195 u=1 breach=9 end=
CBAP_MIG t=34950000 epoch=6990 flow=52 side=new cur=6340967595 next=6381887747 tgt=6550814529 f=0.195 u=1 breach=9 end=
CBAP_MIG t=34950000 epoch=6990 flow=53 side=new cur=6347987899 next=6387539091 tgt=6550814529 f=0.195 u=1 breach=9 end=
CBAP_MIG t=34950000 epoch=6990 flow=54 side=new cur=6349245340 next=6388551331 tgt=6550814529 f=0.195 u=1 breach=9 end=
CBAP_MIG t=34950000 epoch=6990 flow=55 side=new cur=6351638939 next=6390478179 tgt=6550814529 f=0.195 u=1 breach=9 end=
CBAP_MIG t=34950000 epoch=6990 flow=56 side=new cur=6354265985 next=6392592951 tgt=6550814529 f=0.195 u=1 breach=9 end=
CBAP_MIG t=34950000 epoch=6990 flow=57 side=new cur=6350032558 next=6389185042 tgt=6550814529 f=0.195 u=1 breach=9 end=
CBAP_MIG t=34950000 epoch=6990 flow=58 side=new cur=6407009017 next=6435051091 tgt=6550814529 f=0.195 u=1 breach=9 end=
CBAP_MIG t=34950000 epoch=6990 flow=59 side=new cur=6347759575 next=6387355291 tgt=6550814529 f=0.195 u=1 breach=9 end=
CBAP_MIG t=34950000 epoch=6990 flow=60 side=new cur=6406435302 next=6434589251 tgt=6550814529 f=0.195 u=1 breach=9 end=
CBAP_MIG t=34950000 epoch=6990 flow=61 side=new cur=6337951069 next=6379459443 tgt=6550814529 f=0.195 u=1 breach=9 end=
CBAP_MIG t=34950000 epoch=6990 flow=62 side=new cur=6351958077 next=6390735085 tgt=6550814529 f=0.195 u=1 breach=9 end=
CBAP_MIG t=34950000 epoch=6990 flow=63 side=new cur=6341466541 next=6382289398 tgt=6550814529 f=0.195 u=1 breach=9 end=
CBAP_MIG t=34950000 epoch=6990 flow=64 side=new cur=6405828007 next=6434100378 tgt=6550814529 f=0.195 u=1 breach=9 end=
CBAP_MIG t=34955000 epoch=6991 flow=2 side=new cur=6382289398 next=6415151798 tgt=6550814529 f=0.195 u=1 breach=9 end=
CBAP_MIG t=34955000 epoch=6991 flow=3 side=new cur=6433333866 next=6456242595 tgt=6550814529 f=0.195 u=1 breach=9 end=
CBAP_MIG t=34955000 epoch=6991 flow=4 side=new cur=6390740441 next=6421954888 tgt=6550814529 f=0.195 u=1 breach=9 end=
CBAP_MIG t=34955000 epoch=6991 flow=5 side=new cur=6385407310 next=6417661717 tgt=6550814529 f=0.195 u=1 breach=9 end=
CBAP_MIG t=34955000 epoch=6991 flow=6 side=new cur=6438464138 next=6460372464 tgt=6550814529 f=0.195 u=1 breach=9 end=
CBAP_MIG t=34955000 epoch=6991 flow=7 side=new cur=6428888818 next=6452664331 tgt=6550814529 f=0.195 u=1 breach=9 end=
CBAP_MIG t=34955000 epoch=6991 flow=8 side=new cur=6387506113 next=6419351254 tgt=6550814529 f=0.195 u=1 breach=9 end=
CBAP_MIG t=34955000 epoch=6991 flow=9 side=new cur=6386854245 next=6418826500 tgt=6550814529 f=0.195 u=1 breach=9 end=
CBAP_MIG t=34955000 epoch=6991 flow=10 side=new cur=6390478179 next=6421743767 tgt=6550814529 f=0.195 u=1 breach=9 end=
CBAP_MIG t=34955000 epoch=6991 flow=11 side=new cur=6392592951 next=6423446158 tgt=6550814529 f=0.195 u=1 breach=9 end=
CBAP_MIG t=34955000 epoch=6991 flow=12 side=new cur=6389185042 next=6420702791 tgt=6550814529 f=0.195 u=1 breach=9 end=
CBAP_MIG t=34955000 epoch=6991 flow=13 side=new cur=6389323602 next=6420814332 tgt=6550814529 f=0.195 u=1 breach=9 end=
CBAP_MIG t=34955000 epoch=6991 flow=14 side=new cur=6381887747 next=6414828469 tgt=6550814529 f=0.195 u=1 breach=9 end=
CBAP_MIG t=34955000 epoch=6991 flow=15 side=new cur=6387506113 next=6419351254 tgt=6550814529 f=0.195 u=1 breach=9 end=
CBAP_MIG t=34955000 epoch=6991 flow=16 side=new cur=6387210622 next=6419113383 tgt=6550814529 f=0.195 u=1 breach=9 end=
CBAP_MIG t=34955000 epoch=6991 flow=17 side=new cur=6434589251 next=6457253180 tgt=6550814529 f=0.195 u=1 breach=9 end=
CBAP_MIG t=34955000 epoch=6991 flow=18 side=new cur=6385864950 next=6418030117 tgt=6550814529 f=0.195 u=1 breach=9 end=
CBAP_MIG t=34955000 epoch=6991 flow=19 side=new cur=6390735085 next=6421950576 tgt=6550814529 f=0.195 u=1 breach=9 end=
CBAP_MIG t=34955000 epoch=6991 flow=20 side=new cur=6381887747 next=6414828469 tgt=6550814529 f=0.195 u=1 breach=9 end=
CBAP_MIG t=34955000 epoch=6991 flow=21 side=new cur=6382289398 next=6415151798 tgt=6550814529 f=0.195 u=1 breach=9 end=
CBAP_MIG t=34955000 epoch=6991 flow=22 side=new cur=6384057559 next=6416575168 tgt=6550814529 f=0.195 u=1 breach=9 end=
CBAP_MIG t=34955000 epoch=6991 flow=23 side=new cur=6389761306 next=6421166684 tgt=6550814529 f=0.195 u=1 breach=9 end=
CBAP_MIG t=34955000 epoch=6991 flow=24 side=new cur=6390667886 next=6421896481 tgt=6550814529 f=0.195 u=1 breach=9 end=
CBAP_MIG t=34955000 epoch=6991 flow=25 side=new cur=6390735085 next=6421950576 tgt=6550814529 f=0.195 u=1 breach=9 end=
CBAP_MIG t=34955000 epoch=6991 flow=26 side=new cur=6391727964 next=6422749844 tgt=6550814529 f=0.195 u=1 breach=9 end=
CBAP_MIG t=34955000 epoch=6991 flow=27 side=new cur=6436257827 next=6458596383 tgt=6550814529 f=0.195 u=1 breach=9 end=
CBAP_MIG t=34955000 epoch=6991 flow=29 side=new cur=6391388872 next=6422476875 tgt=6550814529 f=0.195 u=1 breach=9 end=
CBAP_MIG t=34955000 epoch=6991 flow=30 side=new cur=6390478179 next=6421743767 tgt=6550814529 f=0.195 u=1 breach=9 end=
CBAP_MIG t=34955000 epoch=6991 flow=31 side=new cur=6382289398 next=6415151798 tgt=6550814529 f=0.195 u=1 breach=9 end=
CBAP_MIG t=34955000 epoch=6991 flow=32 side=new cur=6435909319 next=6458315834 tgt=6550814529 f=0.195 u=1 breach=9 end=
CBAP_MIG t=34955000 epoch=6991 flow=33 side=new cur=6389370552 next=6420852127 tgt=6550814529 f=0.195 u=1 breach=9 end=
CBAP_MIG t=34955000 epoch=6991 flow=34 side=new cur=6387506113 next=6419351254 tgt=6550814529 f=0.195 u=1 breach=9 end=
CBAP_MIG t=34955000 epoch=6991 flow=35 side=new cur=6390735085 next=6421950576 tgt=6550814529 f=0.195 u=1 breach=9 end=
CBAP_MIG t=34955000 epoch=6991 flow=36 side=new cur=6390735085 next=6421950576 tgt=6550814529 f=0.195 u=1 breach=9 end=
CBAP_MIG t=34955000 epoch=6991 flow=37 side=new cur=6432038935 next=6455200175 tgt=6550814529 f=0.195 u=1 breach=9 end=
CBAP_MIG t=34955000 epoch=6991 flow=38 side=new cur=6382289398 next=6415151798 tgt=6550814529 f=0.195 u=1 breach=9 end=
CBAP_MIG t=34955000 epoch=6991 flow=40 side=new cur=6434589251 next=6457253180 tgt=6550814529 f=0.195 u=1 breach=9 end=
CBAP_MIG t=34955000 epoch=6991 flow=41 side=new cur=6384057559 next=6416575168 tgt=6550814529 f=0.195 u=1 breach=9 end=
CBAP_MIG t=34955000 epoch=6991 flow=42 side=new cur=6390351393 next=6421641704 tgt=6550814529 f=0.195 u=1 breach=9 end=
CBAP_MIG t=34955000 epoch=6991 flow=43 side=new cur=6390735085 next=6421950576 tgt=6550814529 f=0.195 u=1 breach=9 end=
CBAP_MIG t=34955000 epoch=6991 flow=44 side=new cur=6391468889 next=6422541288 tgt=6550814529 f=0.195 u=1 breach=9 end=
CBAP_MIG t=34955000 epoch=6991 flow=45 side=new cur=6387943487 next=6419703340 tgt=6550814529 f=0.195 u=1 breach=9 end=
CBAP_MIG t=34955000 epoch=6991 flow=46 side=new cur=6389323602 next=6420814332 tgt=6550814529 f=0.195 u=1 breach=9 end=
CBAP_MIG t=34955000 epoch=6991 flow=47 side=new cur=6392592951 next=6423446158 tgt=6550814529 f=0.195 u=1 breach=9 end=
CBAP_MIG t=34955000 epoch=6991 flow=48 side=new cur=6390544764 next=6421797368 tgt=6550814529 f=0.195 u=1 breach=9 end=
CBAP_MIG t=34955000 epoch=6991 flow=49 side=new cur=6382120371 next=6415015731 tgt=6550814529 f=0.195 u=1 breach=9 end=
CBAP_MIG t=34955000 epoch=6991 flow=50 side=new cur=6434896505 next=6457500519 tgt=6550814529 f=0.195 u=1 breach=9 end=
CBAP_MIG t=34955000 epoch=6991 flow=51 side=new cur=6381887747 next=6414828469 tgt=6550814529 f=0.195 u=1 breach=9 end=
CBAP_MIG t=34955000 epoch=6991 flow=52 side=new cur=6381887747 next=6414828469 tgt=6550814529 f=0.195 u=1 breach=9 end=
CBAP_MIG t=34955000 epoch=6991 flow=53 side=new cur=6387539091 next=6419377801 tgt=6550814529 f=0.195 u=1 breach=9 end=
CBAP_MIG t=34955000 epoch=6991 flow=54 side=new cur=6388551331 next=6420192654 tgt=6550814529 f=0.195 u=1 breach=9 end=
CBAP_MIG t=34955000 epoch=6991 flow=55 side=new cur=6390478179 next=6421743767 tgt=6550814529 f=0.195 u=1 breach=9 end=
CBAP_MIG t=34955000 epoch=6991 flow=56 side=new cur=6392592951 next=6423446158 tgt=6550814529 f=0.195 u=1 breach=9 end=
CBAP_MIG t=34955000 epoch=6991 flow=57 side=new cur=6389185042 next=6420702791 tgt=6550814529 f=0.195 u=1 breach=9 end=
CBAP_MIG t=34955000 epoch=6991 flow=58 side=new cur=6435051091 next=6457624961 tgt=6550814529 f=0.195 u=1 breach=9 end=
CBAP_MIG t=34955000 epoch=6991 flow=59 side=new cur=6387355291 next=6419229842 tgt=6550814529 f=0.195 u=1 breach=9 end=
CBAP_MIG t=34955000 epoch=6991 flow=60 side=new cur=6434589251 next=6457253180 tgt=6550814529 f=0.195 u=1 breach=9 end=
CBAP_MIG t=34955000 epoch=6991 flow=61 side=new cur=6379459443 next=6412873684 tgt=6550814529 f=0.195 u=1 breach=9 end=
CBAP_MIG t=34955000 epoch=6991 flow=62 side=new cur=6390735085 next=6421950576 tgt=6550814529 f=0.195 u=1 breach=9 end=
CBAP_MIG t=34955000 epoch=6991 flow=63 side=new cur=6382289398 next=6415151798 tgt=6550814529 f=0.195 u=1 breach=9 end=
CBAP_MIG t=34955000 epoch=6991 flow=64 side=new cur=6434100378 next=6456859637 tgt=6550814529 f=0.195 u=1 breach=9 end=
CBAP_MIG t=34960000 epoch=6992 flow=2 side=new cur=6415151798 next=6441606030 tgt=6550814529 f=0.195 u=1 breach=9 end=
CBAP_MIG t=34960000 epoch=6992 flow=3 side=new cur=6456242595 next=6474684122 tgt=6550814529 f=0.195 u=1 breach=9 end=
CBAP_MIG t=34960000 epoch=6992 flow=4 side=new cur=6421954888 next=6447082517 tgt=6550814529 f=0.195 u=1 breach=9 end=
CBAP_MIG t=34960000 epoch=6992 flow=5 side=new cur=6417661717 next=6443626515 tgt=6550814529 f=0.195 u=1 breach=9 end=
CBAP_MIG t=34960000 epoch=6992 flow=6 side=new cur=6460372464 next=6478008666 tgt=6550814529 f=0.195 u=1 breach=9 end=
CBAP_MIG t=34960000 epoch=6992 flow=7 side=new cur=6452664331 next=6471803619 tgt=6550814529 f=0.195 u=1 breach=9 end=
CBAP_MIG t=34960000 epoch=6992 flow=8 side=new cur=6419351254 next=6444986592 tgt=6550814529 f=0.195 u=1 breach=9 end=
CBAP_MIG t=34960000 epoch=6992 flow=9 side=new cur=6418826500 next=6444564165 tgt=6550814529 f=0.195 u=1 breach=9 end=
CBAP_MIG t=34960000 epoch=6992 flow=10 side=new cur=6421743767 next=6446912565 tgt=6550814529 f=0.195 u=1 breach=9 end=
CBAP_MIG t=34960000 epoch=6992 flow=11 side=new cur=6423446158 next=6448282990 tgt=6550814529 f=0.195 u=1 breach=9 end=
CBAP_MIG t=34960000 epoch=6992 flow=12 side=new cur=6420702791 next=6446074579 tgt=6550814529 f=0.195 u=1 breach=9 end=
CBAP_MIG t=34960000 epoch=6992 flow=13 side=new cur=6420814332 next=6446164370 tgt=6550814529 f=0.195 u=1 breach=9 end=
CBAP_MIG t=34960000 epoch=6992 flow=14 side=new cur=6414828469 next=6441345750 tgt=6550814529 f=0.195 u=1 breach=9 end=
CBAP_MIG t=34960000 epoch=6992 flow=15 side=new cur=6419351254 next=6444986592 tgt=6550814529 f=0.195 u=1 breach=9 end=
CBAP_MIG t=34960000 epoch=6992 flow=16 side=new cur=6419113383 next=6444795106 tgt=6550814529 f=0.195 u=1 breach=9 end=
CBAP_MIG t=34960000 epoch=6992 flow=17 side=new cur=6457253180 next=6475497643 tgt=6550814529 f=0.195 u=1 breach=9 end=
CBAP_MIG t=34960000 epoch=6992 flow=18 side=new cur=6418030117 next=6443923077 tgt=6550814529 f=0.195 u=1 breach=9 end=
CBAP_MIG t=34960000 epoch=6992 flow=19 side=new cur=6421950576 next=6447079046 tgt=6550814529 f=0.195 u=1 breach=9 end=
CBAP_MIG t=34960000 epoch=6992 flow=20 side=new cur=6414828469 next=6441345750 tgt=6550814529 f=0.195 u=1 breach=9 end=
CBAP_MIG t=34960000 epoch=6992 flow=21 side=new cur=6415151798 next=6441606030 tgt=6550814529 f=0.195 u=1 breach=9 end=
CBAP_MIG t=34960000 epoch=6992 flow=22 side=new cur=6416575168 next=6442751843 tgt=6550814529 f=0.195 u=1 breach=9 end=
CBAP_MIG t=34960000 epoch=6992 flow=23 side=new cur=6421166684 next=6446448013 tgt=6550814529 f=0.195 u=1 breach=9 end=
CBAP_MIG t=34960000 epoch=6992 flow=24 side=new cur=6421896481 next=6447035500 tgt=6550814529 f=0.195 u=1 breach=9 end=
CBAP_MIG t=34960000 epoch=6992 flow=25 side=new cur=6421950576 next=6447079046 tgt=6550814529 f=0.195 u=1 breach=9 end=
CBAP_MIG t=34960000 epoch=6992 flow=26 side=new cur=6422749844 next=6447722457 tgt=6550814529 f=0.195 u=1 breach=9 end=
CBAP_MIG t=34960000 epoch=6992 flow=27 side=new cur=6458596383 next=6476578921 tgt=6550814529 f=0.195 u=1 breach=9 end=
CBAP_MIG t=34960000 epoch=6992 flow=29 side=new cur=6422476875 next=6447502717 tgt=6550814529 f=0.195 u=1 breach=9 end=
CBAP_MIG t=34960000 epoch=6992 flow=30 side=new cur=6421743767 next=6446912565 tgt=6550814529 f=0.195 u=1 breach=9 end=
CBAP_MIG t=34960000 epoch=6992 flow=31 side=new cur=6415151798 next=6441606030 tgt=6550814529 f=0.195 u=1 breach=9 end=
CBAP_MIG t=34960000 epoch=6992 flow=32 side=new cur=6458315834 next=6476353079 tgt=6550814529 f=0.195 u=1 breach=9 end=
CBAP_MIG t=34960000 epoch=6992 flow=33 side=new cur=6420852127 next=6446194795 tgt=6550814529 f=0.195 u=1 breach=9 end=
CBAP_MIG t=34960000 epoch=6992 flow=34 side=new cur=6419351254 next=6444986592 tgt=6550814529 f=0.195 u=1 breach=9 end=
CBAP_MIG t=34960000 epoch=6992 flow=35 side=new cur=6421950576 next=6447079046 tgt=6550814529 f=0.195 u=1 breach=9 end=
CBAP_MIG t=34960000 epoch=6992 flow=36 side=new cur=6421950576 next=6447079046 tgt=6550814529 f=0.195 u=1 breach=9 end=
CBAP_MIG t=34960000 epoch=6992 flow=37 side=new cur=6455200175 next=6473844974 tgt=6550814529 f=0.195 u=1 breach=9 end=
CBAP_MIG t=34960000 epoch=6992 flow=38 side=new cur=6415151798 next=6441606030 tgt=6550814529 f=0.195 u=1 breach=9 end=
CBAP_MIG t=34960000 epoch=6992 flow=40 side=new cur=6457253180 next=6475497643 tgt=6550814529 f=0.195 u=1 breach=9 end=
CBAP_MIG t=34960000 epoch=6992 flow=41 side=new cur=6416575168 next=6442751843 tgt=6550814529 f=0.195 u=1 breach=9 end=
CBAP_MIG t=34960000 epoch=6992 flow=42 side=new cur=6421641704 next=6446830404 tgt=6550814529 f=0.195 u=1 breach=9 end=
CBAP_MIG t=34960000 epoch=6992 flow=43 side=new cur=6421950576 next=6447079046 tgt=6550814529 f=0.195 u=1 breach=9 end=
CBAP_MIG t=34960000 epoch=6992 flow=44 side=new cur=6422541288 next=6447554569 tgt=6550814529 f=0.195 u=1 breach=9 end=
CBAP_MIG t=34960000 epoch=6992 flow=45 side=new cur=6419703340 next=6445270021 tgt=6550814529 f=0.195 u=1 breach=9 end=
CBAP_MIG t=34960000 epoch=6992 flow=46 side=new cur=6420814332 next=6446164370 tgt=6550814529 f=0.195 u=1 breach=9 end=
CBAP_MIG t=34960000 epoch=6992 flow=47 side=new cur=6423446158 next=6448282990 tgt=6550814529 f=0.195 u=1 breach=9 end=
CBAP_MIG t=34960000 epoch=6992 flow=48 side=new cur=6421797368 next=6446955714 tgt=6550814529 f=0.195 u=1 breach=9 end=
CBAP_MIG t=34960000 epoch=6992 flow=49 side=new cur=6415015731 next=6441496496 tgt=6550814529 f=0.195 u=1 breach=9 end=
CBAP_MIG t=34960000 epoch=6992 flow=50 side=new cur=6457500519 next=6475696750 tgt=6550814529 f=0.195 u=1 breach=9 end=
CBAP_MIG t=34960000 epoch=6992 flow=51 side=new cur=6414828469 next=6441345750 tgt=6550814529 f=0.195 u=1 breach=9 end=
CBAP_MIG t=34960000 epoch=6992 flow=52 side=new cur=6414828469 next=6441345750 tgt=6550814529 f=0.195 u=1 breach=9 end=
CBAP_MIG t=34960000 epoch=6992 flow=53 side=new cur=6419377801 next=6445007962 tgt=6550814529 f=0.195 u=1 breach=9 end=
CBAP_MIG t=34960000 epoch=6992 flow=54 side=new cur=6420192654 next=6445663919 tgt=6550814529 f=0.195 u=1 breach=9 end=
CBAP_MIG t=34960000 epoch=6992 flow=55 side=new cur=6421743767 next=6446912565 tgt=6550814529 f=0.195 u=1 breach=9 end=
CBAP_MIG t=34960000 epoch=6992 flow=56 side=new cur=6423446158 next=6448282990 tgt=6550814529 f=0.195 u=1 breach=9 end=
CBAP_MIG t=34960000 epoch=6992 flow=57 side=new cur=6420702791 next=6446074579 tgt=6550814529 f=0.195 u=1 breach=9 end=
CBAP_MIG t=34960000 epoch=6992 flow=58 side=new cur=6457624961 next=6475796926 tgt=6550814529 f=0.195 u=1 breach=9 end=
CBAP_MIG t=34960000 epoch=6992 flow=59 side=new cur=6419229842 next=6444888855 tgt=6550814529 f=0.195 u=1 breach=9 end=
CBAP_MIG t=34960000 epoch=6992 flow=60 side=new cur=6457253180 next=6475497643 tgt=6550814529 f=0.195 u=1 breach=9 end=
CBAP_MIG t=34960000 epoch=6992 flow=61 side=new cur=6412873684 next=6439772148 tgt=6550814529 f=0.195 u=1 breach=9 end=
CBAP_MIG t=34960000 epoch=6992 flow=62 side=new cur=6421950576 next=6447079046 tgt=6550814529 f=0.195 u=1 breach=9 end=
CBAP_MIG t=34960000 epoch=6992 flow=63 side=new cur=6415151798 next=6441606030 tgt=6550814529 f=0.195 u=1 breach=9 end=
CBAP_MIG t=34960000 epoch=6992 flow=64 side=new cur=6456859637 next=6475180840 tgt=6550814529 f=0.195 u=1 breach=9 end=
CBAP_MIG t=34965000 epoch=6993 flow=2 side=new cur=6441606030 next=6462901687 tgt=6550814529 f=0.195 u=1 breach=9 end=
CBAP_MIG t=34965000 epoch=6993 flow=3 side=new cur=6474684122 next=6489529551 tgt=6550814529 f=0.195 u=1 breach=9 end=converged
CBAP_MIG t=34965000 epoch=6993 flow=4 side=new cur=6447082517 next=6467310259 tgt=6550814529 f=0.195 u=1 breach=9 end=
CBAP_MIG t=34965000 epoch=6993 flow=5 side=new cur=6443626515 next=6464528177 tgt=6550814529 f=0.195 u=1 breach=9 end=
CBAP_MIG t=34965000 epoch=6993 flow=6 side=new cur=6478008666 next=6492205809 tgt=6550814529 f=0.195 u=1 breach=9 end=converged
CBAP_MIG t=34965000 epoch=6993 flow=7 side=new cur=6471803619 next=6487210746 tgt=6550814529 f=0.195 u=1 breach=9 end=converged
CBAP_MIG t=34965000 epoch=6993 flow=8 side=new cur=6444986592 next=6465623039 tgt=6550814529 f=0.195 u=1 breach=9 end=
CBAP_MIG t=34965000 epoch=6993 flow=9 side=new cur=6444564165 next=6465282985 tgt=6550814529 f=0.195 u=1 breach=9 end=
CBAP_MIG t=34965000 epoch=6993 flow=10 side=new cur=6446912565 next=6467173447 tgt=6550814529 f=0.195 u=1 breach=9 end=
CBAP_MIG t=34965000 epoch=6993 flow=11 side=new cur=6448282990 next=6468276640 tgt=6550814529 f=0.195 u=1 breach=9 end=
CBAP_MIG t=34965000 epoch=6993 flow=12 side=new cur=6446074579 next=6466498869 tgt=6550814529 f=0.195 u=1 breach=9 end=
CBAP_MIG t=34965000 epoch=6993 flow=13 side=new cur=6446164370 next=6466571151 tgt=6550814529 f=0.195 u=1 breach=9 end=
CBAP_MIG t=34965000 epoch=6993 flow=14 side=new cur=6441345750 next=6462692161 tgt=6550814529 f=0.195 u=1 breach=9 end=
CBAP_MIG t=34965000 epoch=6993 flow=15 side=new cur=6444986592 next=6465623039 tgt=6550814529 f=0.195 u=1 breach=9 end=
CBAP_MIG t=34965000 epoch=6993 flow=16 side=new cur=6444795106 next=6465468893 tgt=6550814529 f=0.195 u=1 breach=9 end=
CBAP_MIG t=34965000 epoch=6993 flow=17 side=new cur=6475497643 next=6490184435 tgt=6550814529 f=0.195 u=1 breach=9 end=converged
CBAP_MIG t=34965000 epoch=6993 flow=18 side=new cur=6443923077 next=6464766910 tgt=6550814529 f=0.195 u=1 breach=9 end=
CBAP_MIG t=34965000 epoch=6993 flow=19 side=new cur=6447079046 next=6467307465 tgt=6550814529 f=0.195 u=1 breach=9 end=
CBAP_MIG t=34965000 epoch=6993 flow=20 side=new cur=6441345750 next=6462692161 tgt=6550814529 f=0.195 u=1 breach=9 end=
CBAP_MIG t=34965000 epoch=6993 flow=21 side=new cur=6441606030 next=6462901687 tgt=6550814529 f=0.195 u=1 breach=9 end=
CBAP_MIG t=34965000 epoch=6993 flow=22 side=new cur=6442751843 next=6463824066 tgt=6550814529 f=0.195 u=1 breach=9 end=
CBAP_MIG t=34965000 epoch=6993 flow=23 side=new cur=6446448013 next=6466799483 tgt=6550814529 f=0.195 u=1 breach=9 end=
CBAP_MIG t=34965000 epoch=6993 flow=24 side=new cur=6447035500 next=6467272410 tgt=6550814529 f=0.195 u=1 breach=9 end=
CBAP_MIG t=34965000 epoch=6993 flow=25 side=new cur=6447079046 next=6467307465 tgt=6550814529 f=0.195 u=1 breach=9 end=
CBAP_MIG t=34965000 epoch=6993 flow=26 side=new cur=6447722457 next=6467825411 tgt=6550814529 f=0.195 u=1 breach=9 end=
CBAP_MIG t=34965000 epoch=6993 flow=27 side=new cur=6476578921 next=6491054864 tgt=6550814529 f=0.195 u=1 breach=9 end=converged
CBAP_MIG t=34965000 epoch=6993 flow=29 side=new cur=6447502717 next=6467648520 tgt=6550814529 f=0.195 u=1 breach=9 end=
CBAP_MIG t=34965000 epoch=6993 flow=30 side=new cur=6446912565 next=6467173447 tgt=6550814529 f=0.195 u=1 breach=9 end=
CBAP_MIG t=34965000 epoch=6993 flow=31 side=new cur=6441606030 next=6462901687 tgt=6550814529 f=0.195 u=1 breach=9 end=
CBAP_MIG t=34965000 epoch=6993 flow=32 side=new cur=6476353079 next=6490873061 tgt=6550814529 f=0.195 u=1 breach=9 end=converged
CBAP_MIG t=34965000 epoch=6993 flow=33 side=new cur=6446194795 next=6466595643 tgt=6550814529 f=0.195 u=1 breach=9 end=
CBAP_MIG t=34965000 epoch=6993 flow=34 side=new cur=6444986592 next=6465623039 tgt=6550814529 f=0.195 u=1 breach=9 end=
CBAP_MIG t=34965000 epoch=6993 flow=35 side=new cur=6447079046 next=6467307465 tgt=6550814529 f=0.195 u=1 breach=9 end=
CBAP_MIG t=34965000 epoch=6993 flow=36 side=new cur=6447079046 next=6467307465 tgt=6550814529 f=0.195 u=1 breach=9 end=
CBAP_MIG t=34965000 epoch=6993 flow=37 side=new cur=6473844974 next=6488854037 tgt=6550814529 f=0.195 u=1 breach=9 end=converged
CBAP_MIG t=34965000 epoch=6993 flow=38 side=new cur=6441606030 next=6462901687 tgt=6550814529 f=0.195 u=1 breach=9 end=
CBAP_MIG t=34965000 epoch=6993 flow=40 side=new cur=6475497643 next=6490184435 tgt=6550814529 f=0.195 u=1 breach=9 end=converged
CBAP_MIG t=34965000 epoch=6993 flow=41 side=new cur=6442751843 next=6463824066 tgt=6550814529 f=0.195 u=1 breach=9 end=
CBAP_MIG t=34965000 epoch=6993 flow=42 side=new cur=6446830404 next=6467107308 tgt=6550814529 f=0.195 u=1 breach=9 end=
CBAP_MIG t=34965000 epoch=6993 flow=43 side=new cur=6447079046 next=6467307465 tgt=6550814529 f=0.195 u=1 breach=9 end=
CBAP_MIG t=34965000 epoch=6993 flow=44 side=new cur=6447554569 next=6467690261 tgt=6550814529 f=0.195 u=1 breach=9 end=
CBAP_MIG t=34965000 epoch=6993 flow=45 side=new cur=6445270021 next=6465851200 tgt=6550814529 f=0.195 u=1 breach=9 end=
CBAP_MIG t=34965000 epoch=6993 flow=46 side=new cur=6446164370 next=6466571151 tgt=6550814529 f=0.195 u=1 breach=9 end=
CBAP_MIG t=34965000 epoch=6993 flow=47 side=new cur=6448282990 next=6468276640 tgt=6550814529 f=0.195 u=1 breach=9 end=
CBAP_MIG t=34965000 epoch=6993 flow=48 side=new cur=6446955714 next=6467208182 tgt=6550814529 f=0.195 u=1 breach=9 end=
CBAP_MIG t=34965000 epoch=6993 flow=49 side=new cur=6441496496 next=6462813512 tgt=6550814529 f=0.195 u=1 breach=9 end=
CBAP_MIG t=34965000 epoch=6993 flow=50 side=new cur=6475696750 next=6490344716 tgt=6550814529 f=0.195 u=1 breach=9 end=converged
CBAP_MIG t=34965000 epoch=6993 flow=51 side=new cur=6441345750 next=6462692161 tgt=6550814529 f=0.195 u=1 breach=9 end=
CBAP_MIG t=34965000 epoch=6993 flow=52 side=new cur=6441345750 next=6462692161 tgt=6550814529 f=0.195 u=1 breach=9 end=
CBAP_MIG t=34965000 epoch=6993 flow=53 side=new cur=6445007962 next=6465640242 tgt=6550814529 f=0.195 u=1 breach=9 end=
CBAP_MIG t=34965000 epoch=6993 flow=54 side=new cur=6445663919 next=6466168287 tgt=6550814529 f=0.195 u=1 breach=9 end=
CBAP_MIG t=34965000 epoch=6993 flow=55 side=new cur=6446912565 next=6467173447 tgt=6550814529 f=0.195 u=1 breach=9 end=
CBAP_MIG t=34965000 epoch=6993 flow=56 side=new cur=6448282990 next=6468276640 tgt=6550814529 f=0.195 u=1 breach=9 end=
CBAP_MIG t=34965000 epoch=6993 flow=57 side=new cur=6446074579 next=6466498869 tgt=6550814529 f=0.195 u=1 breach=9 end=
CBAP_MIG t=34965000 epoch=6993 flow=58 side=new cur=6475796926 next=6490425358 tgt=6550814529 f=0.195 u=1 breach=9 end=converged
CBAP_MIG t=34965000 epoch=6993 flow=59 side=new cur=6444888855 next=6465544361 tgt=6550814529 f=0.195 u=1 breach=9 end=
CBAP_MIG t=34965000 epoch=6993 flow=60 side=new cur=6475497643 next=6490184435 tgt=6550814529 f=0.195 u=1 breach=9 end=converged
CBAP_MIG t=34965000 epoch=6993 flow=61 side=new cur=6439772148 next=6461425412 tgt=6550814529 f=0.195 u=1 breach=9 end=
CBAP_MIG t=34965000 epoch=6993 flow=62 side=new cur=6447079046 next=6467307465 tgt=6550814529 f=0.195 u=1 breach=9 end=
CBAP_MIG t=34965000 epoch=6993 flow=63 side=new cur=6441606030 next=6462901687 tgt=6550814529 f=0.195 u=1 breach=9 end=
CBAP_MIG t=34965000 epoch=6993 flow=64 side=new cur=6475180840 next=6489929409 tgt=6550814529 f=0.195 u=1 breach=9 end=converged
CBAP_MIG t=34970000 epoch=6994 flow=2 side=new cur=6462901687 next=6480044691 tgt=6550814529 f=0.195 u=1 breach=9 end=
CBAP_MIG t=34970000 epoch=6994 flow=4 side=new cur=6467310259 next=6483593591 tgt=6550814529 f=0.195 u=1 breach=9 end=
CBAP_MIG t=34970000 epoch=6994 flow=5 side=new cur=6464528177 next=6481354015 tgt=6550814529 f=0.195 u=1 breach=9 end=
CBAP_MIG t=34970000 epoch=6994 flow=8 side=new cur=6465623039 next=6482235379 tgt=6550814529 f=0.195 u=1 breach=9 end=
CBAP_MIG t=34970000 epoch=6994 flow=9 side=new cur=6465282985 next=6481961636 tgt=6550814529 f=0.195 u=1 breach=9 end=
CBAP_MIG t=34970000 epoch=6994 flow=10 side=new cur=6467173447 next=6483483457 tgt=6550814529 f=0.195 u=1 breach=9 end=
CBAP_MIG t=34970000 epoch=6994 flow=11 side=new cur=6468276640 next=6484371528 tgt=6550814529 f=0.195 u=1 breach=9 end=
CBAP_MIG t=34970000 epoch=6994 flow=12 side=new cur=6466498869 next=6482940422 tgt=6550814529 f=0.195 u=1 breach=9 end=
CBAP_MIG t=34970000 epoch=6994 flow=13 side=new cur=6466571151 next=6482998609 tgt=6550814529 f=0.195 u=1 breach=9 end=
CBAP_MIG t=34970000 epoch=6994 flow=14 side=new cur=6462692161 next=6479876022 tgt=6550814529 f=0.195 u=1 breach=9 end=
CBAP_MIG t=34970000 epoch=6994 flow=15 side=new cur=6465623039 next=6482235379 tgt=6550814529 f=0.195 u=1 breach=9 end=
CBAP_MIG t=34970000 epoch=6994 flow=16 side=new cur=6465468893 next=6482111292 tgt=6550814529 f=0.195 u=1 breach=9 end=
CBAP_MIG t=34970000 epoch=6994 flow=18 side=new cur=6464766910 next=6481546195 tgt=6550814529 f=0.195 u=1 breach=9 end=
CBAP_MIG t=34970000 epoch=6994 flow=19 side=new cur=6467307465 next=6483591342 tgt=6550814529 f=0.195 u=1 breach=9 end=
CBAP_MIG t=34970000 epoch=6994 flow=20 side=new cur=6462692161 next=6479876022 tgt=6550814529 f=0.195 u=1 breach=9 end=
CBAP_MIG t=34970000 epoch=6994 flow=21 side=new cur=6462901687 next=6480044691 tgt=6550814529 f=0.195 u=1 breach=9 end=
CBAP_MIG t=34970000 epoch=6994 flow=22 side=new cur=6463824066 next=6480787206 tgt=6550814529 f=0.195 u=1 breach=9 end=
CBAP_MIG t=34970000 epoch=6994 flow=23 side=new cur=6466799483 next=6483182416 tgt=6550814529 f=0.195 u=1 breach=9 end=
CBAP_MIG t=34970000 epoch=6994 flow=24 side=new cur=6467272410 next=6483563123 tgt=6550814529 f=0.195 u=1 breach=9 end=
CBAP_MIG t=34970000 epoch=6994 flow=25 side=new cur=6467307465 next=6483591342 tgt=6550814529 f=0.195 u=1 breach=9 end=
CBAP_MIG t=34970000 epoch=6994 flow=26 side=new cur=6467825411 next=6484008289 tgt=6550814529 f=0.195 u=1 breach=9 end=
CBAP_MIG t=34970000 epoch=6994 flow=29 side=new cur=6467648520 next=6483865891 tgt=6550814529 f=0.195 u=1 breach=9 end=
CBAP_MIG t=34970000 epoch=6994 flow=30 side=new cur=6467173447 next=6483483457 tgt=6550814529 f=0.195 u=1 breach=9 end=
CBAP_MIG t=34970000 epoch=6994 flow=31 side=new cur=6462901687 next=6480044691 tgt=6550814529 f=0.195 u=1 breach=9 end=
CBAP_MIG t=34970000 epoch=6994 flow=33 side=new cur=6466595643 next=6483018325 tgt=6550814529 f=0.195 u=1 breach=9 end=
CBAP_MIG t=34970000 epoch=6994 flow=34 side=new cur=6465623039 next=6482235379 tgt=6550814529 f=0.195 u=1 breach=9 end=
CBAP_MIG t=34970000 epoch=6994 flow=35 side=new cur=6467307465 next=6483591342 tgt=6550814529 f=0.195 u=1 breach=9 end=
CBAP_MIG t=34970000 epoch=6994 flow=36 side=new cur=6467307465 next=6483591342 tgt=6550814529 f=0.195 u=1 breach=9 end=
CBAP_MIG t=34970000 epoch=6994 flow=38 side=new cur=6462901687 next=6480044691 tgt=6550814529 f=0.195 u=1 breach=9 end=
CBAP_MIG t=34970000 epoch=6994 flow=41 side=new cur=6463824066 next=6480787206 tgt=6550814529 f=0.195 u=1 breach=9 end=
CBAP_MIG t=34970000 epoch=6994 flow=42 side=new cur=6467107308 next=6483430216 tgt=6550814529 f=0.195 u=1 breach=9 end=
CBAP_MIG t=34970000 epoch=6994 flow=43 side=new cur=6467307465 next=6483591342 tgt=6550814529 f=0.195 u=1 breach=9 end=
CBAP_MIG t=34970000 epoch=6994 flow=44 side=new cur=6467690261 next=6483899493 tgt=6550814529 f=0.195 u=1 breach=9 end=
CBAP_MIG t=34970000 epoch=6994 flow=45 side=new cur=6465851200 next=6482419049 tgt=6550814529 f=0.195 u=1 breach=9 end=
CBAP_MIG t=34970000 epoch=6994 flow=46 side=new cur=6466571151 next=6482998609 tgt=6550814529 f=0.195 u=1 breach=9 end=
CBAP_MIG t=34970000 epoch=6994 flow=47 side=new cur=6468276640 next=6484371528 tgt=6550814529 f=0.195 u=1 breach=9 end=
CBAP_MIG t=34970000 epoch=6994 flow=48 side=new cur=6467208182 next=6483511419 tgt=6550814529 f=0.195 u=1 breach=9 end=
CBAP_MIG t=34970000 epoch=6994 flow=49 side=new cur=6462813512 next=6479973710 tgt=6550814529 f=0.195 u=1 breach=9 end=
CBAP_MIG t=34970000 epoch=6994 flow=51 side=new cur=6462692161 next=6479876022 tgt=6550814529 f=0.195 u=1 breach=9 end=
CBAP_MIG t=34970000 epoch=6994 flow=52 side=new cur=6462692161 next=6479876022 tgt=6550814529 f=0.195 u=1 breach=9 end=
CBAP_MIG t=34970000 epoch=6994 flow=53 side=new cur=6465640242 next=6482249227 tgt=6550814529 f=0.195 u=1 breach=9 end=
CBAP_MIG t=34970000 epoch=6994 flow=54 side=new cur=6466168287 next=6482674304 tgt=6550814529 f=0.195 u=1 breach=9 end=
CBAP_MIG t=34970000 epoch=6994 flow=55 side=new cur=6467173447 next=6483483457 tgt=6550814529 f=0.195 u=1 breach=9 end=
CBAP_MIG t=34970000 epoch=6994 flow=56 side=new cur=6468276640 next=6484371528 tgt=6550814529 f=0.195 u=1 breach=9 end=
CBAP_MIG t=34970000 epoch=6994 flow=57 side=new cur=6466498869 next=6482940422 tgt=6550814529 f=0.195 u=1 breach=9 end=
CBAP_MIG t=34970000 epoch=6994 flow=59 side=new cur=6465544361 next=6482172043 tgt=6550814529 f=0.195 u=1 breach=9 end=
CBAP_MIG t=34970000 epoch=6994 flow=61 side=new cur=6461425412 next=6478856289 tgt=6550814529 f=0.195 u=1 breach=9 end=
CBAP_MIG t=34970000 epoch=6994 flow=62 side=new cur=6467307465 next=6483591342 tgt=6550814529 f=0.195 u=1 breach=9 end=
CBAP_MIG t=34970000 epoch=6994 flow=63 side=new cur=6462901687 next=6480044691 tgt=6550814529 f=0.195 u=1 breach=9 end=
CBAP_MIG t=34975000 epoch=6995 flow=2 side=new cur=6480044691 next=6493844809 tgt=6550814529 f=0.195 u=1 breach=9 end=converged
CBAP_MIG t=34975000 epoch=6995 flow=4 side=new cur=6483593591 next=6496701673 tgt=6550814529 f=0.195 u=1 breach=9 end=converged
CBAP_MIG t=34975000 epoch=6995 flow=5 side=new cur=6481354015 next=6494898815 tgt=6550814529 f=0.195 u=1 breach=9 end=converged
CBAP_MIG t=34975000 epoch=6995 flow=8 side=new cur=6482235379 next=6495608313 tgt=6550814529 f=0.195 u=1 breach=9 end=converged
CBAP_MIG t=34975000 epoch=6995 flow=9 side=new cur=6481961636 next=6495387950 tgt=6550814529 f=0.195 u=1 breach=9 end=converged
CBAP_MIG t=34975000 epoch=6995 flow=10 side=new cur=6483483457 next=6496613016 tgt=6550814529 f=0.195 u=1 breach=9 end=converged
CBAP_MIG t=34975000 epoch=6995 flow=11 side=new cur=6484371528 next=6497327913 tgt=6550814529 f=0.195 u=1 breach=9 end=converged
CBAP_MIG t=34975000 epoch=6995 flow=12 side=new cur=6482940422 next=6496175872 tgt=6550814529 f=0.195 u=1 breach=9 end=converged
CBAP_MIG t=34975000 epoch=6995 flow=13 side=new cur=6482998609 next=6496222713 tgt=6550814529 f=0.195 u=1 breach=9 end=converged
CBAP_MIG t=34975000 epoch=6995 flow=14 side=new cur=6479876022 next=6493709030 tgt=6550814529 f=0.195 u=1 breach=9 end=converged
CBAP_MIG t=34975000 epoch=6995 flow=15 side=new cur=6482235379 next=6495608313 tgt=6550814529 f=0.195 u=1 breach=9 end=converged
CBAP_MIG t=34975000 epoch=6995 flow=16 side=new cur=6482111292 next=6495508423 tgt=6550814529 f=0.195 u=1 breach=9 end=converged
CBAP_MIG t=34975000 epoch=6995 flow=18 side=new cur=6481546195 next=6495053520 tgt=6550814529 f=0.195 u=1 breach=9 end=converged
CBAP_MIG t=34975000 epoch=6995 flow=19 side=new cur=6483591342 next=6496699863 tgt=6550814529 f=0.195 u=1 breach=9 end=converged
CBAP_MIG t=34975000 epoch=6995 flow=20 side=new cur=6479876022 next=6493709030 tgt=6550814529 f=0.195 u=1 breach=9 end=converged
CBAP_MIG t=34975000 epoch=6995 flow=21 side=new cur=6480044691 next=6493844809 tgt=6550814529 f=0.195 u=1 breach=9 end=converged
CBAP_MIG t=34975000 epoch=6995 flow=22 side=new cur=6480787206 next=6494442533 tgt=6550814529 f=0.195 u=1 breach=9 end=converged
CBAP_MIG t=34975000 epoch=6995 flow=23 side=new cur=6483182416 next=6496370678 tgt=6550814529 f=0.195 u=1 breach=9 end=converged
CBAP_MIG t=34975000 epoch=6995 flow=24 side=new cur=6483563123 next=6496677147 tgt=6550814529 f=0.195 u=1 breach=9 end=converged
CBAP_MIG t=34975000 epoch=6995 flow=25 side=new cur=6483591342 next=6496699863 tgt=6550814529 f=0.195 u=1 breach=9 end=converged
CBAP_MIG t=34975000 epoch=6995 flow=26 side=new cur=6484008289 next=6497035505 tgt=6550814529 f=0.195 u=1 breach=9 end=converged
CBAP_MIG t=34975000 epoch=6995 flow=29 side=new cur=6483865891 next=6496920875 tgt=6550814529 f=0.195 u=1 breach=9 end=converged
CBAP_MIG t=34975000 epoch=6995 flow=30 side=new cur=6483483457 next=6496613016 tgt=6550814529 f=0.195 u=1 breach=9 end=converged
CBAP_MIG t=34975000 epoch=6995 flow=31 side=new cur=6480044691 next=6493844809 tgt=6550814529 f=0.195 u=1 breach=9 end=converged
CBAP_MIG t=34975000 epoch=6995 flow=33 side=new cur=6483018325 next=6496238584 tgt=6550814529 f=0.195 u=1 breach=9 end=converged
CBAP_MIG t=34975000 epoch=6995 flow=34 side=new cur=6482235379 next=6495608313 tgt=6550814529 f=0.195 u=1 breach=9 end=converged
CBAP_MIG t=34975000 epoch=6995 flow=35 side=new cur=6483591342 next=6496699863 tgt=6550814529 f=0.195 u=1 breach=9 end=converged
CBAP_MIG t=34975000 epoch=6995 flow=36 side=new cur=6483591342 next=6496699863 tgt=6550814529 f=0.195 u=1 breach=9 end=converged
CBAP_MIG t=34975000 epoch=6995 flow=38 side=new cur=6480044691 next=6493844809 tgt=6550814529 f=0.195 u=1 breach=9 end=converged
CBAP_MIG t=34975000 epoch=6995 flow=41 side=new cur=6480787206 next=6494442533 tgt=6550814529 f=0.195 u=1 breach=9 end=converged
CBAP_MIG t=34975000 epoch=6995 flow=42 side=new cur=6483430216 next=6496570157 tgt=6550814529 f=0.195 u=1 breach=9 end=converged
CBAP_MIG t=34975000 epoch=6995 flow=43 side=new cur=6483591342 next=6496699863 tgt=6550814529 f=0.195 u=1 breach=9 end=converged
CBAP_MIG t=34975000 epoch=6995 flow=44 side=new cur=6483899493 next=6496947925 tgt=6550814529 f=0.195 u=1 breach=9 end=converged
CBAP_MIG t=34975000 epoch=6995 flow=45 side=new cur=6482419049 next=6495756167 tgt=6550814529 f=0.195 u=1 breach=9 end=converged
CBAP_MIG t=34975000 epoch=6995 flow=46 side=new cur=6482998609 next=6496222713 tgt=6550814529 f=0.195 u=1 breach=9 end=converged
CBAP_MIG t=34975000 epoch=6995 flow=47 side=new cur=6484371528 next=6497327913 tgt=6550814529 f=0.195 u=1 breach=9 end=converged
CBAP_MIG t=34975000 epoch=6995 flow=48 side=new cur=6483511419 next=6496635525 tgt=6550814529 f=0.195 u=1 breach=9 end=converged
CBAP_MIG t=34975000 epoch=6995 flow=49 side=new cur=6479973710 next=6493787669 tgt=6550814529 f=0.195 u=1 breach=9 end=converged
CBAP_MIG t=34975000 epoch=6995 flow=51 side=new cur=6479876022 next=6493709030 tgt=6550814529 f=0.195 u=1 breach=9 end=converged
CBAP_MIG t=34975000 epoch=6995 flow=52 side=new cur=6479876022 next=6493709030 tgt=6550814529 f=0.195 u=1 breach=9 end=converged
CBAP_MIG t=34975000 epoch=6995 flow=53 side=new cur=6482249227 next=6495619460 tgt=6550814529 f=0.195 u=1 breach=9 end=converged
CBAP_MIG t=34975000 epoch=6995 flow=54 side=new cur=6482674304 next=6495961647 tgt=6550814529 f=0.195 u=1 breach=9 end=converged
CBAP_MIG t=34975000 epoch=6995 flow=55 side=new cur=6483483457 next=6496613016 tgt=6550814529 f=0.195 u=1 breach=9 end=converged
CBAP_MIG t=34975000 epoch=6995 flow=56 side=new cur=6484371528 next=6497327913 tgt=6550814529 f=0.195 u=1 breach=9 end=converged
CBAP_MIG t=34975000 epoch=6995 flow=57 side=new cur=6482940422 next=6496175872 tgt=6550814529 f=0.195 u=1 breach=9 end=converged
CBAP_MIG t=34975000 epoch=6995 flow=59 side=new cur=6482172043 next=6495557327 tgt=6550814529 f=0.195 u=1 breach=9 end=converged
CBAP_MIG t=34975000 epoch=6995 flow=61 side=new cur=6478856289 next=6492888145 tgt=6550814529 f=0.195 u=1 breach=9 end=converged
CBAP_MIG t=34975000 epoch=6995 flow=62 side=new cur=6483591342 next=6496699863 tgt=6550814529 f=0.195 u=1 breach=9 end=converged
CBAP_MIG t=34975000 epoch=6995 flow=63 side=new cur=6480044691 next=6493844809 tgt=6550814529 f=0.195 u=1 breach=9 end=converged
CBAP_MIG_REPLAN t=35275000 reason=active_set_shrank flow=0 batch=0 newest_batch=1 cur=4002195848 target=4000000000 ceiling=320000000000 old_side_present=1
CBAP_MIG_REPLAN t=35275000 reason=active_set_shrank flow=2 batch=1 newest_batch=1 cur=6493844809 target=6972966145 ceiling=400000000000 old_side_present=1
CBAP_MIG_REPLAN t=35275000 reason=active_set_shrank flow=3 batch=1 newest_batch=1 cur=6489529551 target=6972966145 ceiling=400000000000 old_side_present=1
CBAP_MIG_REPLAN t=35275000 reason=active_set_shrank flow=4 batch=1 newest_batch=1 cur=6496701673 target=6972966145 ceiling=400000000000 old_side_present=1
CBAP_MIG_REPLAN t=35275000 reason=active_set_shrank flow=5 batch=1 newest_batch=1 cur=6494898815 target=6972966145 ceiling=400000000000 old_side_present=1
CBAP_MIG_REPLAN t=35275000 reason=active_set_shrank flow=6 batch=1 newest_batch=1 cur=6492205809 target=6972966145 ceiling=400000000000 old_side_present=1
CBAP_MIG_REPLAN t=35275000 reason=active_set_shrank flow=8 batch=1 newest_batch=1 cur=6495608313 target=6972966145 ceiling=400000000000 old_side_present=1
CBAP_MIG_REPLAN t=35275000 reason=active_set_shrank flow=9 batch=1 newest_batch=1 cur=6495387950 target=6972966145 ceiling=400000000000 old_side_present=1
CBAP_MIG_REPLAN t=35275000 reason=active_set_shrank flow=10 batch=1 newest_batch=1 cur=6496613016 target=6972966145 ceiling=400000000000 old_side_present=1
CBAP_MIG_REPLAN t=35275000 reason=active_set_shrank flow=11 batch=1 newest_batch=1 cur=6497327913 target=6972966145 ceiling=400000000000 old_side_present=1
CBAP_MIG_REPLAN t=35275000 reason=active_set_shrank flow=12 batch=1 newest_batch=1 cur=6496175872 target=6972966145 ceiling=400000000000 old_side_present=1
CBAP_MIG_REPLAN t=35275000 reason=active_set_shrank flow=13 batch=1 newest_batch=1 cur=6496222713 target=6972966145 ceiling=400000000000 old_side_present=1
CBAP_MIG_REPLAN t=35275000 reason=active_set_shrank flow=14 batch=1 newest_batch=1 cur=6493709030 target=6972966145 ceiling=400000000000 old_side_present=1
CBAP_MIG_REPLAN t=35275000 reason=active_set_shrank flow=15 batch=1 newest_batch=1 cur=6495608313 target=6972966145 ceiling=400000000000 old_side_present=1
CBAP_MIG_REPLAN t=35275000 reason=active_set_shrank flow=16 batch=1 newest_batch=1 cur=6495508423 target=6972966145 ceiling=400000000000 old_side_present=1
CBAP_MIG_REPLAN t=35275000 reason=active_set_shrank flow=17 batch=1 newest_batch=1 cur=6490184435 target=6972966145 ceiling=400000000000 old_side_present=1
CBAP_MIG_REPLAN t=35275000 reason=active_set_shrank flow=18 batch=1 newest_batch=1 cur=6495053520 target=6972966145 ceiling=400000000000 old_side_present=1
CBAP_MIG_REPLAN t=35275000 reason=active_set_shrank flow=19 batch=1 newest_batch=1 cur=6496699863 target=6972966145 ceiling=400000000000 old_side_present=1
CBAP_MIG_REPLAN t=35275000 reason=active_set_shrank flow=20 batch=1 newest_batch=1 cur=6493709030 target=6972966145 ceiling=400000000000 old_side_present=1
CBAP_MIG_REPLAN t=35275000 reason=active_set_shrank flow=21 batch=1 newest_batch=1 cur=6493844809 target=6972966145 ceiling=400000000000 old_side_present=1
CBAP_MIG_REPLAN t=35275000 reason=active_set_shrank flow=22 batch=1 newest_batch=1 cur=6494442533 target=6972966145 ceiling=400000000000 old_side_present=1
CBAP_MIG_REPLAN t=35275000 reason=active_set_shrank flow=23 batch=1 newest_batch=1 cur=6496370678 target=6972966145 ceiling=400000000000 old_side_present=1
CBAP_MIG_REPLAN t=35275000 reason=active_set_shrank flow=24 batch=1 newest_batch=1 cur=6496677147 target=6972966145 ceiling=400000000000 old_side_present=1
CBAP_MIG_REPLAN t=35275000 reason=active_set_shrank flow=25 batch=1 newest_batch=1 cur=6496699863 target=6972966145 ceiling=400000000000 old_side_present=1
CBAP_MIG_REPLAN t=35275000 reason=active_set_shrank flow=26 batch=1 newest_batch=1 cur=6497035505 target=6972966145 ceiling=400000000000 old_side_present=1
CBAP_MIG_REPLAN t=35275000 reason=active_set_shrank flow=27 batch=1 newest_batch=1 cur=6491054864 target=6972966145 ceiling=400000000000 old_side_present=1
CBAP_MIG_REPLAN t=35275000 reason=active_set_shrank flow=29 batch=1 newest_batch=1 cur=6496920875 target=6972966145 ceiling=400000000000 old_side_present=1
CBAP_MIG_REPLAN t=35275000 reason=active_set_shrank flow=30 batch=1 newest_batch=1 cur=6496613016 target=6972966145 ceiling=400000000000 old_side_present=1
CBAP_MIG_REPLAN t=35275000 reason=active_set_shrank flow=31 batch=1 newest_batch=1 cur=6493844809 target=6972966145 ceiling=400000000000 old_side_present=1
CBAP_MIG_REPLAN t=35275000 reason=active_set_shrank flow=32 batch=1 newest_batch=1 cur=6490873061 target=6972966145 ceiling=400000000000 old_side_present=1
CBAP_MIG_REPLAN t=35275000 reason=active_set_shrank flow=33 batch=1 newest_batch=1 cur=6496238584 target=6972966145 ceiling=400000000000 old_side_present=1
CBAP_MIG_REPLAN t=35275000 reason=active_set_shrank flow=34 batch=1 newest_batch=1 cur=6495608313 target=6972966145 ceiling=400000000000 old_side_present=1
CBAP_MIG_REPLAN t=35275000 reason=active_set_shrank flow=35 batch=1 newest_batch=1 cur=6496699863 target=6972966145 ceiling=400000000000 old_side_present=1
CBAP_MIG_REPLAN t=35275000 reason=active_set_shrank flow=36 batch=1 newest_batch=1 cur=6496699863 target=6972966145 ceiling=400000000000 old_side_present=1
CBAP_MIG_REPLAN t=35275000 reason=active_set_shrank flow=37 batch=1 newest_batch=1 cur=6488854037 target=6972966145 ceiling=400000000000 old_side_present=1
CBAP_MIG_REPLAN t=35275000 reason=active_set_shrank flow=38 batch=1 newest_batch=1 cur=6493844809 target=6972966145 ceiling=400000000000 old_side_present=1
CBAP_MIG_REPLAN t=35275000 reason=active_set_shrank flow=40 batch=1 newest_batch=1 cur=6490184435 target=6972966145 ceiling=400000000000 old_side_present=1
CBAP_MIG_REPLAN t=35275000 reason=active_set_shrank flow=41 batch=1 newest_batch=1 cur=6494442533 target=6972966145 ceiling=400000000000 old_side_present=1
CBAP_MIG_REPLAN t=35275000 reason=active_set_shrank flow=42 batch=1 newest_batch=1 cur=6496570157 target=6972966145 ceiling=400000000000 old_side_present=1
CBAP_MIG_REPLAN t=35275000 reason=active_set_shrank flow=43 batch=1 newest_batch=1 cur=6496699863 target=6972966145 ceiling=400000000000 old_side_present=1
CBAP_MIG_REPLAN t=35275000 reason=active_set_shrank flow=44 batch=1 newest_batch=1 cur=6496947925 target=6972966145 ceiling=400000000000 old_side_present=1
CBAP_MIG_REPLAN t=35275000 reason=active_set_shrank flow=45 batch=1 newest_batch=1 cur=6495756167 target=6972966145 ceiling=400000000000 old_side_present=1
CBAP_MIG_REPLAN t=35275000 reason=active_set_shrank flow=46 batch=1 newest_batch=1 cur=6496222713 target=6972966145 ceiling=400000000000 old_side_present=1
CBAP_MIG_REPLAN t=35275000 reason=active_set_shrank flow=47 batch=1 newest_batch=1 cur=6497327913 target=6972966145 ceiling=400000000000 old_side_present=1
CBAP_MIG_REPLAN t=35275000 reason=active_set_shrank flow=48 batch=1 newest_batch=1 cur=6496635525 target=6972966145 ceiling=400000000000 old_side_present=1
CBAP_MIG_REPLAN t=35275000 reason=active_set_shrank flow=49 batch=1 newest_batch=1 cur=6493787669 target=6972966145 ceiling=400000000000 old_side_present=1
CBAP_MIG_REPLAN t=35275000 reason=active_set_shrank flow=50 batch=1 newest_batch=1 cur=6490344716 target=6972966145 ceiling=400000000000 old_side_present=1
CBAP_MIG_REPLAN t=35275000 reason=active_set_shrank flow=51 batch=1 newest_batch=1 cur=6493709030 target=6972966145 ceiling=400000000000 old_side_present=1
CBAP_MIG_REPLAN t=35275000 reason=active_set_shrank flow=52 batch=1 newest_batch=1 cur=6493709030 target=6972966145 ceiling=400000000000 old_side_present=1
CBAP_MIG_REPLAN t=35275000 reason=active_set_shrank flow=53 batch=1 newest_batch=1 cur=6495619460 target=6972966145 ceiling=400000000000 old_side_present=1
CBAP_MIG_REPLAN t=35275000 reason=active_set_shrank flow=54 batch=1 newest_batch=1 cur=6495961647 target=6972966145 ceiling=400000000000 old_side_present=1
CBAP_MIG_REPLAN t=35275000 reason=active_set_shrank flow=55 batch=1 newest_batch=1 cur=6496613016 target=6972966145 ceiling=400000000000 old_side_present=1
CBAP_MIG_REPLAN t=35275000 reason=active_set_shrank flow=56 batch=1 newest_batch=1 cur=6497327913 target=6972966145 ceiling=400000000000 old_side_present=1
CBAP_MIG_REPLAN t=35275000 reason=active_set_shrank flow=57 batch=1 newest_batch=1 cur=6496175872 target=6972966145 ceiling=400000000000 old_side_present=1
CBAP_MIG_REPLAN t=35275000 reason=active_set_shrank flow=58 batch=1 newest_batch=1 cur=6490425358 target=6972966145 ceiling=400000000000 old_side_present=1
CBAP_MIG_REPLAN t=35275000 reason=active_set_shrank flow=59 batch=1 newest_batch=1 cur=6495557327 target=6972966145 ceiling=400000000000 old_side_present=1
CBAP_MIG_REPLAN t=35275000 reason=active_set_shrank flow=60 batch=1 newest_batch=1 cur=6490184435 target=6972966145 ceiling=400000000000 old_side_present=1
CBAP_MIG_REPLAN t=35275000 reason=active_set_shrank flow=61 batch=1 newest_batch=1 cur=6492888145 target=6972966145 ceiling=400000000000 old_side_present=1
CBAP_MIG_REPLAN t=35275000 reason=active_set_shrank flow=62 batch=1 newest_batch=1 cur=6496699863 target=6972966145 ceiling=400000000000 old_side_present=1
CBAP_MIG_REPLAN t=35275000 reason=active_set_shrank flow=63 batch=1 newest_batch=1 cur=6493844809 target=6972966145 ceiling=400000000000 old_side_present=1
CBAP_MIG_REPLAN t=35275000 reason=active_set_shrank flow=64 batch=1 newest_batch=1 cur=6489929409 target=6972966145 ceiling=400000000000 old_side_present=1
CBAP_MIG t=35275000 epoch=7055 flow=0 side=old cur=4002195848 next=4001537093 tgt=4000000000 f=0.3 u=1 breach=0 end=converged
CBAP_MIG t=35275000 epoch=7055 flow=2 side=new cur=6493844809 next=6587273469 tgt=6972966145 f=0.195 u=1 breach=9 end=
CBAP_MIG t=35275000 epoch=7055 flow=3 side=new cur=6489529551 next=6583799686 tgt=6972966145 f=0.195 u=1 breach=9 end=
CBAP_MIG t=35275000 epoch=7055 flow=4 side=new cur=6496701673 next=6589573245 tgt=6972966145 f=0.195 u=1 breach=9 end=
CBAP_MIG t=35275000 epoch=7055 flow=5 side=new cur=6494898815 next=6588121944 tgt=6972966145 f=0.195 u=1 breach=9 end=
CBAP_MIG t=35275000 epoch=7055 flow=6 side=new cur=6492205809 next=6585954074 tgt=6972966145 f=0.195 u=1 breach=9 end=
CBAP_MIG t=35275000 epoch=7055 flow=8 side=new cur=6495608313 next=6588693090 tgt=6972966145 f=0.195 u=1 breach=9 end=
CBAP_MIG t=35275000 epoch=7055 flow=9 side=new cur=6495387950 next=6588515698 tgt=6972966145 f=0.195 u=1 breach=9 end=
CBAP_MIG t=35275000 epoch=7055 flow=10 side=new cur=6496613016 next=6589501876 tgt=6972966145 f=0.195 u=1 breach=9 end=
CBAP_MIG t=35275000 epoch=7055 flow=11 side=new cur=6497327913 next=6590077368 tgt=6972966145 f=0.195 u=1 breach=9 end=
CBAP_MIG t=35275000 epoch=7055 flow=12 side=new cur=6496175872 next=6589149975 tgt=6972966145 f=0.195 u=1 breach=9 end=
CBAP_MIG t=35275000 epoch=7055 flow=13 side=new cur=6496222713 next=6589187682 tgt=6972966145 f=0.195 u=1 breach=9 end=
CBAP_MIG t=35275000 epoch=7055 flow=14 side=new cur=6493709030 next=6587164167 tgt=6972966145 f=0.195 u=1 breach=9 end=
CBAP_MIG t=35275000 epoch=7055 flow=15 side=new cur=6495608313 next=6588693090 tgt=6972966145 f=0.195 u=1 breach=9 end=
CBAP_MIG t=35275000 epoch=7055 flow=16 side=new cur=6495508423 next=6588612678 tgt=6972966145 f=0.195 u=1 breach=9 end=
CBAP_MIG t=35275000 epoch=7055 flow=17 side=new cur=6490184435 next=6584326868 tgt=6972966145 f=0.195 u=1 breach=9 end=
CBAP_MIG t=35275000 epoch=7055 flow=18 side=new cur=6495053520 next=6588246481 tgt=6972966145 f=0.195 u=1 breach=9 end=
CBAP_MIG t=35275000 epoch=7055 flow=19 side=new cur=6496699863 next=6589571787 tgt=6972966145 f=0.195 u=1 breach=9 end=
CBAP_MIG t=35275000 epoch=7055 flow=20 side=new cur=6493709030 next=6587164167 tgt=6972966145 f=0.195 u=1 breach=9 end=
CBAP_MIG t=35275000 epoch=7055 flow=21 side=new cur=6493844809 next=6587273469 tgt=6972966145 f=0.195 u=1 breach=9 end=
CBAP_MIG t=35275000 epoch=7055 flow=22 side=new cur=6494442533 next=6587754637 tgt=6972966145 f=0.195 u=1 breach=9 end=
CBAP_MIG t=35275000 epoch=7055 flow=23 side=new cur=6496370678 next=6589306794 tgt=6972966145 f=0.195 u=1 breach=9 end=
CBAP_MIG t=35275000 epoch=7055 flow=24 side=new cur=6496677147 next=6589553501 tgt=6972966145 f=0.195 u=1 breach=9 end=
CBAP_MIG t=35275000 epoch=7055 flow=25 side=new cur=6496699863 next=6589571787 tgt=6972966145 f=0.195 u=1 breach=9 end=
CBAP_MIG t=35275000 epoch=7055 flow=26 side=new cur=6497035505 next=6589841979 tgt=6972966145 f=0.195 u=1 breach=9 end=
CBAP_MIG t=35275000 epoch=7055 flow=27 side=new cur=6491054864 next=6585027563 tgt=6972966145 f=0.195 u=1 breach=9 end=
CBAP_MIG t=35275000 epoch=7055 flow=29 side=new cur=6496920875 next=6589749702 tgt=6972966145 f=0.195 u=1 breach=9 end=
CBAP_MIG t=35275000 epoch=7055 flow=30 side=new cur=6496613016 next=6589501876 tgt=6972966145 f=0.195 u=1 breach=9 end=
CBAP_MIG t=35275000 epoch=7055 flow=31 side=new cur=6493844809 next=6587273469 tgt=6972966145 f=0.195 u=1 breach=9 end=
CBAP_MIG t=35275000 epoch=7055 flow=32 side=new cur=6490873061 next=6584881212 tgt=6972966145 f=0.195 u=1 breach=9 end=
CBAP_MIG t=35275000 epoch=7055 flow=33 side=new cur=6496238584 next=6589200458 tgt=6972966145 f=0.195 u=1 breach=9 end=
CBAP_MIG t=35275000 epoch=7055 flow=34 side=new cur=6495608313 next=6588693090 tgt=6972966145 f=0.195 u=1 breach=9 end=
CBAP_MIG t=35275000 epoch=7055 flow=35 side=new cur=6496699863 next=6589571787 tgt=6972966145 f=0.195 u=1 breach=9 end=
CBAP_MIG t=35275000 epoch=7055 flow=36 side=new cur=6496699863 next=6589571787 tgt=6972966145 f=0.195 u=1 breach=9 end=
CBAP_MIG t=35275000 epoch=7055 flow=37 side=new cur=6488854037 next=6583255898 tgt=6972966145 f=0.195 u=1 breach=9 end=
CBAP_MIG t=35275000 epoch=7055 flow=38 side=new cur=6493844809 next=6587273469 tgt=6972966145 f=0.195 u=1 breach=9 end=
CBAP_MIG t=35275000 epoch=7055 flow=40 side=new cur=6490184435 next=6584326868 tgt=6972966145 f=0.195 u=1 breach=9 end=
CBAP_MIG t=35275000 epoch=7055 flow=41 side=new cur=6494442533 next=6587754637 tgt=6972966145 f=0.195 u=1 breach=9 end=
CBAP_MIG t=35275000 epoch=7055 flow=42 side=new cur=6496570157 next=6589467374 tgt=6972966145 f=0.195 u=1 breach=9 end=
CBAP_MIG t=35275000 epoch=7055 flow=43 side=new cur=6496699863 next=6589571787 tgt=6972966145 f=0.195 u=1 breach=9 end=
CBAP_MIG t=35275000 epoch=7055 flow=44 side=new cur=6496947925 next=6589771477 tgt=6972966145 f=0.195 u=1 breach=9 end=
CBAP_MIG t=35275000 epoch=7055 flow=45 side=new cur=6495756167 next=6588812112 tgt=6972966145 f=0.195 u=1 breach=9 end=
CBAP_MIG t=35275000 epoch=7055 flow=46 side=new cur=6496222713 next=6589187682 tgt=6972966145 f=0.195 u=1 breach=9 end=
CBAP_MIG t=35275000 epoch=7055 flow=47 side=new cur=6497327913 next=6590077368 tgt=6972966145 f=0.195 u=1 breach=9 end=
CBAP_MIG t=35275000 epoch=7055 flow=48 side=new cur=6496635525 next=6589519995 tgt=6972966145 f=0.195 u=1 breach=9 end=
CBAP_MIG t=35275000 epoch=7055 flow=49 side=new cur=6493787669 next=6587227471 tgt=6972966145 f=0.195 u=1 breach=9 end=
CBAP_MIG t=35275000 epoch=7055 flow=50 side=new cur=6490344716 next=6584455894 tgt=6972966145 f=0.195 u=1 breach=9 end=
CBAP_MIG t=35275000 epoch=7055 flow=51 side=new cur=6493709030 next=6587164167 tgt=6972966145 f=0.195 u=1 breach=9 end=
CBAP_MIG t=35275000 epoch=7055 flow=52 side=new cur=6493709030 next=6587164167 tgt=6972966145 f=0.195 u=1 breach=9 end=
CBAP_MIG t=35275000 epoch=7055 flow=53 side=new cur=6495619460 next=6588702063 tgt=6972966145 f=0.195 u=1 breach=9 end=
CBAP_MIG t=35275000 epoch=7055 flow=54 side=new cur=6495961647 next=6588977524 tgt=6972966145 f=0.195 u=1 breach=9 end=
CBAP_MIG t=35275000 epoch=7055 flow=55 side=new cur=6496613016 next=6589501876 tgt=6972966145 f=0.195 u=1 breach=9 end=
CBAP_MIG t=35275000 epoch=7055 flow=56 side=new cur=6497327913 next=6590077368 tgt=6972966145 f=0.195 u=1 breach=9 end=
CBAP_MIG t=35275000 epoch=7055 flow=57 side=new cur=6496175872 next=6589149975 tgt=6972966145 f=0.195 u=1 breach=9 end=
CBAP_MIG t=35275000 epoch=7055 flow=58 side=new cur=6490425358 next=6584520811 tgt=6972966145 f=0.195 u=1 breach=9 end=
CBAP_MIG t=35275000 epoch=7055 flow=59 side=new cur=6495557327 next=6588652046 tgt=6972966145 f=0.195 u=1 breach=9 end=
CBAP_MIG t=35275000 epoch=7055 flow=60 side=new cur=6490184435 next=6584326868 tgt=6972966145 f=0.195 u=1 breach=9 end=
CBAP_MIG t=35275000 epoch=7055 flow=61 side=new cur=6492888145 next=6586503354 tgt=6972966145 f=0.195 u=1 breach=9 end=
CBAP_MIG t=35275000 epoch=7055 flow=62 side=new cur=6496699863 next=6589571787 tgt=6972966145 f=0.195 u=1 breach=9 end=
CBAP_MIG t=35275000 epoch=7055 flow=63 side=new cur=6493844809 next=6587273469 tgt=6972966145 f=0.195 u=1 breach=9 end=
CBAP_MIG t=35275000 epoch=7055 flow=64 side=new cur=6489929409 next=6584121572 tgt=6972966145 f=0.195 u=1 breach=9 end=
CBAP_MIG t=35280000 epoch=7056 flow=2 side=new cur=6587273469 next=6662483540 tgt=6972966145 f=0.195 u=1 breach=9 end=
CBAP_MIG t=35280000 epoch=7056 flow=3 side=new cur=6583799686 next=6659687145 tgt=6972966145 f=0.195 u=1 breach=9 end=
CBAP_MIG t=35280000 epoch=7056 flow=4 side=new cur=6589573245 next=6664334860 tgt=6972966145 f=0.195 u=1 breach=9 end=
CBAP_MIG t=35280000 epoch=7056 flow=5 side=new cur=6588121944 next=6663166563 tgt=6972966145 f=0.195 u=1 breach=9 end=
CBAP_MIG t=35280000 epoch=7056 flow=6 side=new cur=6585954074 next=6661421427 tgt=6972966145 f=0.195 u=1 breach=9 end=
CBAP_MIG t=35280000 epoch=7056 flow=8 side=new cur=6588693090 next=6663626335 tgt=6972966145 f=0.195 u=1 breach=9 end=
CBAP_MIG t=35280000 epoch=7056 flow=9 side=new cur=6588515698 next=6663483535 tgt=6972966145 f=0.195 u=1 breach=9 end=
CBAP_MIG t=35280000 epoch=7056 flow=10 side=new cur=6589501876 next=6664277408 tgt=6972966145 f=0.195 u=1 breach=9 end=
CBAP_MIG t=35280000 epoch=7056 flow=11 side=new cur=6590077368 next=6664740679 tgt=6972966145 f=0.195 u=1 breach=9 end=
CBAP_MIG t=35280000 epoch=7056 flow=12 side=new cur=6589149975 next=6663994128 tgt=6972966145 f=0.195 u=1 breach=9 end=
CBAP_MIG t=35280000 epoch=7056 flow=13 side=new cur=6589187682 next=6664024482 tgt=6972966145 f=0.195 u=1 breach=9 end=
CBAP_MIG t=35280000 epoch=7056 flow=14 side=new cur=6587164167 next=6662395552 tgt=6972966145 f=0.195 u=1 breach=9 end=
CBAP_MIG t=35280000 epoch=7056 flow=15 side=new cur=6588693090 next=6663626335 tgt=6972966145 f=0.195 u=1 breach=9 end=
CBAP_MIG t=35280000 epoch=7056 flow=16 side=new cur=6588612678 next=6663561604 tgt=6972966145 f=0.195 u=1 breach=9 end=
CBAP_MIG t=35280000 epoch=7056 flow=17 side=new cur=6584326868 next=6660111527 tgt=6972966145 f=0.195 u=1 breach=9 end=
CBAP_MIG t=35280000 epoch=7056 flow=18 side=new cur=6588246481 next=6663266815 tgt=6972966145 f=0.195 u=1 breach=9 end=
CBAP_MIG t=35280000 epoch=7056 flow=19 side=new cur=6589571787 next=6664333686 tgt=6972966145 f=0.195 u=1 breach=9 end=
CBAP_MIG t=35280000 epoch=7056 flow=20 side=new cur=6587164167 next=6662395552 tgt=6972966145 f=0.195 u=1 breach=9 end=
CBAP_MIG t=35280000 epoch=7056 flow=21 side=new cur=6587273469 next=6662483540 tgt=6972966145 f=0.195 u=1 breach=9 end=
CBAP_MIG t=35280000 epoch=7056 flow=22 side=new cur=6587754637 next=6662870881 tgt=6972966145 f=0.195 u=1 breach=9 end=
CBAP_MIG t=35280000 epoch=7056 flow=23 side=new cur=6589306794 next=6664120367 tgt=6972966145 f=0.195 u=1 breach=9 end=
CBAP_MIG t=35280000 epoch=7056 flow=24 side=new cur=6589553501 next=6664318966 tgt=6972966145 f=0.195 u=1 breach=9 end=
CBAP_MIG t=35280000 epoch=7056 flow=25 side=new cur=6589571787 next=6664333686 tgt=6972966145 f=0.195 u=1 breach=9 end=
CBAP_MIG t=35280000 epoch=7056 flow=26 side=new cur=6589841979 next=6664551191 tgt=6972966145 f=0.195 u=1 breach=9 end=
CBAP_MIG t=35280000 epoch=7056 flow=27 side=new cur=6585027563 next=6660675586 tgt=6972966145 f=0.195 u=1 breach=9 end=
CBAP_MIG t=35280000 epoch=7056 flow=29 side=new cur=6589749702 next=6664476908 tgt=6972966145 f=0.195 u=1 breach=9 end=
CBAP_MIG t=35280000 epoch=7056 flow=30 side=new cur=6589501876 next=6664277408 tgt=6972966145 f=0.195 u=1 breach=9 end=
CBAP_MIG t=35280000 epoch=7056 flow=31 side=new cur=6587273469 next=6662483540 tgt=6972966145 f=0.195 u=1 breach=9 end=
CBAP_MIG t=35280000 epoch=7056 flow=32 side=new cur=6584881212 next=6660557773 tgt=6972966145 f=0.195 u=1 breach=9 end=
CBAP_MIG t=35280000 epoch=7056 flow=33 side=new cur=6589200458 next=6664034766 tgt=6972966145 f=0.195 u=1 breach=9 end=
CBAP_MIG t=35280000 epoch=7056 flow=34 side=new cur=6588693090 next=6663626335 tgt=6972966145 f=0.195 u=1 breach=9 end=
CBAP_MIG t=35280000 epoch=7056 flow=35 side=new cur=6589571787 next=6664333686 tgt=6972966145 f=0.195 u=1 breach=9 end=
CBAP_MIG t=35280000 epoch=7056 flow=36 side=new cur=6589571787 next=6664333686 tgt=6972966145 f=0.195 u=1 breach=9 end=
CBAP_MIG t=35280000 epoch=7056 flow=37 side=new cur=6583255898 next=6659249396 tgt=6972966145 f=0.195 u=1 breach=9 end=
CBAP_MIG t=35280000 epoch=7056 flow=38 side=new cur=6587273469 next=6662483540 tgt=6972966145 f=0.195 u=1 breach=9 end=
CBAP_MIG t=35280000 epoch=7056 flow=40 side=new cur=6584326868 next=6660111527 tgt=6972966145 f=0.195 u=1 breach=9 end=
CBAP_MIG t=35280000 epoch=7056 flow=41 side=new cur=6587754637 next=6662870881 tgt=6972966145 f=0.195 u=1 breach=9 end=
CBAP_MIG t=35280000 epoch=7056 flow=42 side=new cur=6589467374 next=6664249634 tgt=6972966145 f=0.195 u=1 breach=9 end=
CBAP_MIG t=35280000 epoch=7056 flow=43 side=new cur=6589571787 next=6664333686 tgt=6972966145 f=0.195 u=1 breach=9 end=
CBAP_MIG t=35280000 epoch=7056 flow=44 side=new cur=6589771477 next=6664494437 tgt=6972966145 f=0.195 u=1 breach=9 end=
CBAP_MIG t=35280000 epoch=7056 flow=45 side=new cur=6588812112 next=6663722148 tgt=6972966145 f=0.195 u=1 breach=9 end=
CBAP_MIG t=35280000 epoch=7056 flow=46 side=new cur=6589187682 next=6664024482 tgt=6972966145 f=0.195 u=1 breach=9 end=
CBAP_MIG t=35280000 epoch=7056 flow=47 side=new cur=6590077368 next=6664740679 tgt=6972966145 f=0.195 u=1 breach=9 end=
CBAP_MIG t=35280000 epoch=7056 flow=48 side=new cur=6589519995 next=6664291994 tgt=6972966145 f=0.195 u=1 breach=9 end=
CBAP_MIG t=35280000 epoch=7056 flow=49 side=new cur=6587227471 next=6662446512 tgt=6972966145 f=0.195 u=1 breach=9 end=
CBAP_MIG t=35280000 epoch=7056 flow=50 side=new cur=6584455894 next=6660215392 tgt=6972966145 f=0.195 u=1 breach=9 end=
CBAP_MIG t=35280000 epoch=7056 flow=51 side=new cur=6587164167 next=6662395552 tgt=6972966145 f=0.195 u=1 breach=9 end=
CBAP_MIG t=35280000 epoch=7056 flow=52 side=new cur=6587164167 next=6662395552 tgt=6972966145 f=0.195 u=1 breach=9 end=
CBAP_MIG t=35280000 epoch=7056 flow=53 side=new cur=6588702063 next=6663633558 tgt=6972966145 f=0.195 u=1 breach=9 end=
CBAP_MIG t=35280000 epoch=7056 flow=54 side=new cur=6588977524 next=6663855305 tgt=6972966145 f=0.195 u=1 breach=9 end=
CBAP_MIG t=35280000 epoch=7056 flow=55 side=new cur=6589501876 next=6664277408 tgt=6972966145 f=0.195 u=1 breach=9 end=
CBAP_MIG t=35280000 epoch=7056 flow=56 side=new cur=6590077368 next=6664740679 tgt=6972966145 f=0.195 u=1 breach=9 end=
CBAP_MIG t=35280000 epoch=7056 flow=57 side=new cur=6589149975 next=6663994128 tgt=6972966145 f=0.195 u=1 breach=9 end=
CBAP_MIG t=35280000 epoch=7056 flow=58 side=new cur=6584520811 next=6660267651 tgt=6972966145 f=0.195 u=1 breach=9 end=
CBAP_MIG t=35280000 epoch=7056 flow=59 side=new cur=6588652046 next=6663593295 tgt=6972966145 f=0.195 u=1 breach=9 end=
CBAP_MIG t=35280000 epoch=7056 flow=60 side=new cur=6584326868 next=6660111527 tgt=6972966145 f=0.195 u=1 breach=9 end=
CBAP_MIG t=35280000 epoch=7056 flow=61 side=new cur=6586503354 next=6661863598 tgt=6972966145 f=0.195 u=1 breach=9 end=
CBAP_MIG t=35280000 epoch=7056 flow=62 side=new cur=6589571787 next=6664333686 tgt=6972966145 f=0.195 u=1 breach=9 end=
CBAP_MIG t=35280000 epoch=7056 flow=63 side=new cur=6587273469 next=6662483540 tgt=6972966145 f=0.195 u=1 breach=9 end=
CBAP_MIG t=35280000 epoch=7056 flow=64 side=new cur=6584121572 next=6659946263 tgt=6972966145 f=0.195 u=1 breach=9 end=
CBAP_MIG t=35285000 epoch=7057 flow=2 side=new cur=6662483540 next=6723027647 tgt=6972966145 f=0.195 u=1 breach=9 end=
CBAP_MIG t=35285000 epoch=7057 flow=3 side=new cur=6659687145 next=6720776550 tgt=6972966145 f=0.195 u=1 breach=9 end=
CBAP_MIG t=35285000 epoch=7057 flow=4 side=new cur=6664334860 next=6724517960 tgt=6972966145 f=0.195 u=1 breach=9 end=
CBAP_MIG t=35285000 epoch=7057 flow=5 side=new cur=6663166563 next=6723577481 tgt=6972966145 f=0.195 u=1 breach=9 end=
CBAP_MIG t=35285000 epoch=7057 flow=6 side=new cur=6661421427 next=6722172647 tgt=6972966145 f=0.195 u=1 breach=9 end=
CBAP_MIG t=35285000 epoch=7057 flow=8 side=new cur=6663626335 next=6723947597 tgt=6972966145 f=0.195 u=1 breach=9 end=
CBAP_MIG t=35285000 epoch=7057 flow=9 side=new cur=6663483535 next=6723832643 tgt=6972966145 f=0.195 u=1 breach=9 end=
CBAP_MIG t=35285000 epoch=7057 flow=10 side=new cur=6664277408 next=6724471711 tgt=6972966145 f=0.195 u=1 breach=9 end=
CBAP_MIG t=35285000 epoch=7057 flow=11 side=new cur=6664740679 next=6724844644 tgt=6972966145 f=0.195 u=1 breach=9 end=
CBAP_MIG t=35285000 epoch=7057 flow=12 side=new cur=6663994128 next=6724243671 tgt=6972966145 f=0.195 u=1 breach=9 end=
CBAP_MIG t=35285000 epoch=7057 flow=13 side=new cur=6664024482 next=6724268106 tgt=6972966145 f=0.195 u=1 breach=9 end=
CBAP_MIG t=35285000 epoch=7057 flow=14 side=new cur=6662395552 next=6722956817 tgt=6972966145 f=0.195 u=1 breach=9 end=
CBAP_MIG t=35285000 epoch=7057 flow=15 side=new cur=6663626335 next=6723947597 tgt=6972966145 f=0.195 u=1 breach=9 end=
CBAP_MIG t=35285000 epoch=7057 flow=16 side=new cur=6663561604 next=6723895489 tgt=6972966145 f=0.195 u=1 breach=9 end=
CBAP_MIG t=35285000 epoch=7057 flow=17 side=new cur=6660111527 next=6721118177 tgt=6972966145 f=0.195 u=1 breach=9 end=
CBAP_MIG t=35285000 epoch=7057 flow=18 side=new cur=6663266815 next=6723658184 tgt=6972966145 f=0.195 u=1 breach=9 end=
CBAP_MIG t=35285000 epoch=7057 flow=19 side=new cur=6664333686 next=6724517015 tgt=6972966145 f=0.195 u=1 breach=9 end=
CBAP_MIG t=35285000 epoch=7057 flow=20 side=new cur=6662395552 next=6722956817 tgt=6972966145 f=0.195 u=1 breach=9 end=
CBAP_MIG t=35285000 epoch=7057 flow=21 side=new cur=6662483540 next=6723027647 tgt=6972966145 f=0.195 u=1 breach=9 end=
CBAP_MIG t=35285000 epoch=7057 flow=22 side=new cur=6662870881 next=6723339457 tgt=6972966145 f=0.195 u=1 breach=9 end=
CBAP_MIG t=35285000 epoch=7057 flow=23 side=new cur=6664120367 next=6724345293 tgt=6972966145 f=0.195 u=1 breach=9 end=
CBAP_MIG t=35285000 epoch=7057 flow=24 side=new cur=6664318966 next=6724505165 tgt=6972966145 f=0.195 u=1 breach=9 end=
CBAP_MIG t=35285000 epoch=7057 flow=25 side=new cur=6664333686 next=6724517015 tgt=6972966145 f=0.195 u=1 breach=9 end=
CBAP_MIG t=35285000 epoch=7057 flow=26 side=new cur=6664551191 next=6724692107 tgt=6972966145 f=0.195 u=1 breach=9 end=
CBAP_MIG t=35285000 epoch=7057 flow=27 side=new cur=6660675586 next=6721572245 tgt=6972966145 f=0.195 u=1 breach=9 end=
CBAP_MIG t=35285000 epoch=7057 flow=29 side=new cur=6664476908 next=6724632309 tgt=6972966145 f=0.195 u=1 breach=9 end=
CBAP_MIG t=35285000 epoch=7057 flow=30 side=new cur=6664277408 next=6724471711 tgt=6972966145 f=0.195 u=1 breach=9 end=
CBAP_MIG t=35285000 epoch=7057 flow=31 side=new cur=6662483540 next=6723027647 tgt=6972966145 f=0.195 u=1 breach=9 end=
CBAP_MIG t=35285000 epoch=7057 flow=32 side=new cur=6660557773 next=6721477405 tgt=6972966145 f=0.195 u=1 breach=9 end=
CBAP_MIG t=35285000 epoch=7057 flow=33 side=new cur=6664034766 next=6724276384 tgt=6972966145 f=0.195 u=1 breach=9 end=
CBAP_MIG t=35285000 epoch=7057 flow=34 side=new cur=6663626335 next=6723947597 tgt=6972966145 f=0.195 u=1 breach=9 end=
CBAP_MIG t=35285000 epoch=7057 flow=35 side=new cur=6664333686 next=6724517015 tgt=6972966145 f=0.195 u=1 breach=9 end=
CBAP_MIG t=35285000 epoch=7057 flow=36 side=new cur=6664333686 next=6724517015 tgt=6972966145 f=0.195 u=1 breach=9 end=
CBAP_MIG t=35285000 epoch=7057 flow=37 side=new cur=6659249396 next=6720424162 tgt=6972966145 f=0.195 u=1 breach=9 end=
CBAP_MIG t=35285000 epoch=7057 flow=38 side=new cur=6662483540 next=6723027647 tgt=6972966145 f=0.195 u=1 breach=9 end=
CBAP_MIG t=35285000 epoch=7057 flow=40 side=new cur=6660111527 next=6721118177 tgt=6972966145 f=0.195 u=1 breach=9 end=
CBAP_MIG t=35285000 epoch=7057 flow=41 side=new cur=6662870881 next=6723339457 tgt=6972966145 f=0.195 u=1 breach=9 end=
CBAP_MIG t=35285000 epoch=7057 flow=42 side=new cur=6664249634 next=6724449353 tgt=6972966145 f=0.195 u=1 breach=9 end=
CBAP_MIG t=35285000 epoch=7057 flow=43 side=new cur=6664333686 next=6724517015 tgt=6972966145 f=0.195 u=1 breach=9 end=
CBAP_MIG t=35285000 epoch=7057 flow=44 side=new cur=6664494437 next=6724646420 tgt=6972966145 f=0.195 u=1 breach=9 end=
CBAP_MIG t=35285000 epoch=7057 flow=45 side=new cur=6663722148 next=6724024727 tgt=6972966145 f=0.195 u=1 breach=9 end=
CBAP_MIG t=35285000 epoch=7057 flow=46 side=new cur=6664024482 next=6724268106 tgt=6972966145 f=0.195 u=1 breach=9 end=
CBAP_MIG t=35285000 epoch=7057 flow=47 side=new cur=6664740679 next=6724844644 tgt=6972966145 f=0.195 u=1 breach=9 end=
CBAP_MIG t=35285000 epoch=7057 flow=48 side=new cur=6664291994 next=6724483453 tgt=6972966145 f=0.195 u=1 breach=9 end=
CBAP_MIG t=35285000 epoch=7057 flow=49 side=new cur=6662446512 next=6722997840 tgt=6972966145 f=0.195 u=1 breach=9 end=
CBAP_MIG t=35285000 epoch=7057 flow=50 side=new cur=6660215392 next=6721201788 tgt=6972966145 f=0.195 u=1 breach=9 end=
CBAP_MIG t=35285000 epoch=7057 flow=51 side=new cur=6662395552 next=6722956817 tgt=6972966145 f=0.195 u=1 breach=9 end=
CBAP_MIG t=35285000 epoch=7057 flow=52 side=new cur=6662395552 next=6722956817 tgt=6972966145 f=0.195 u=1 breach=9 end=
CBAP_MIG t=35285000 epoch=7057 flow=53 side=new cur=6663633558 next=6723953412 tgt=6972966145 f=0.195 u=1 breach=9 end=
CBAP_MIG t=35285000 epoch=7057 flow=54 side=new cur=6663855305 next=6724131918 tgt=6972966145 f=0.195 u=1 breach=9 end=
CBAP_MIG t=35285000 epoch=7057 flow=55 side=new cur=6664277408 next=6724471711 tgt=6972966145 f=0.195 u=1 breach=9 end=
CBAP_MIG t=35285000 epoch=7057 flow=56 side=new cur=6664740679 next=6724844644 tgt=6972966145 f=0.195 u=1 breach=9 end=
CBAP_MIG t=35285000 epoch=7057 flow=57 side=new cur=6663994128 next=6724243671 tgt=6972966145 f=0.195 u=1 breach=9 end=
CBAP_MIG t=35285000 epoch=7057 flow=58 side=new cur=6660267651 next=6721243857 tgt=6972966145 f=0.195 u=1 breach=9 end=
CBAP_MIG t=35285000 epoch=7057 flow=59 side=new cur=6663593295 next=6723921000 tgt=6972966145 f=0.195 u=1 breach=9 end=
CBAP_MIG t=35285000 epoch=7057 flow=60 side=new cur=6660111527 next=6721118177 tgt=6972966145 f=0.195 u=1 breach=9 end=
CBAP_MIG t=35285000 epoch=7057 flow=61 side=new cur=6661863598 next=6722528594 tgt=6972966145 f=0.195 u=1 breach=9 end=
CBAP_MIG t=35285000 epoch=7057 flow=62 side=new cur=6664333686 next=6724517015 tgt=6972966145 f=0.195 u=1 breach=9 end=
CBAP_MIG t=35285000 epoch=7057 flow=63 side=new cur=6662483540 next=6723027647 tgt=6972966145 f=0.195 u=1 breach=9 end=
CBAP_MIG t=35285000 epoch=7057 flow=64 side=new cur=6659946263 next=6720985139 tgt=6972966145 f=0.195 u=1 breach=9 end=
CBAP_MIG t=35290000 epoch=7058 flow=2 side=new cur=6723027647 next=6771765654 tgt=6972966145 f=0.195 u=1 breach=9 end=
CBAP_MIG t=35290000 epoch=7058 flow=3 side=new cur=6720776550 next=6769953521 tgt=6972966145 f=0.195 u=1 breach=9 end=
CBAP_MIG t=35290000 epoch=7058 flow=4 side=new cur=6724517960 next=6772965356 tgt=6972966145 f=0.195 u=1 breach=9 end=
CBAP_MIG t=35290000 epoch=7058 flow=5 side=new cur=6723577481 next=6772208270 tgt=6972966145 f=0.195 u=1 breach=9 end=
CBAP_MIG t=35290000 epoch=7058 flow=6 side=new cur=6722172647 next=6771077379 tgt=6972966145 f=0.195 u=1 breach=9 end=
CBAP_MIG t=35290000 epoch=7058 flow=8 side=new cur=6723947597 next=6772506213 tgt=6972966145 f=0.195 u=1 breach=9 end=
CBAP_MIG t=35290000 epoch=7058 flow=9 side=new cur=6723832643 next=6772413675 tgt=6972966145 f=0.195 u=1 breach=9 end=
CBAP_MIG t=35290000 epoch=7058 flow=10 side=new cur=6724471711 next=6772928125 tgt=6972966145 f=0.195 u=1 breach=9 end=
CBAP_MIG t=35290000 epoch=7058 flow=11 side=new cur=6724844644 next=6773228336 tgt=6972966145 f=0.195 u=1 breach=9 end=
CBAP_MIG t=35290000 epoch=7058 flow=12 side=new cur=6724243671 next=6772744553 tgt=6972966145 f=0.195 u=1 breach=9 end=
CBAP_MIG t=35290000 epoch=7058 flow=13 side=new cur=6724268106 next=6772764223 tgt=6972966145 f=0.195 u=1 breach=9 end=
CBAP_MIG t=35290000 epoch=7058 flow=14 side=new cur=6722956817 next=6771708635 tgt=6972966145 f=0.195 u=1 breach=9 end=
CBAP_MIG t=35290000 epoch=7058 flow=15 side=new cur=6723947597 next=6772506213 tgt=6972966145 f=0.195 u=1 breach=9 end=
CBAP_MIG t=35290000 epoch=7058 flow=16 side=new cur=6723895489 next=6772464266 tgt=6972966145 f=0.195 u=1 breach=9 end=
CBAP_MIG t=35290000 epoch=7058 flow=17 side=new cur=6721118177 next=6770228530 tgt=6972966145 f=0.195 u=1 breach=9 end=
CBAP_MIG t=35290000 epoch=7058 flow=18 side=new cur=6723658184 next=6772273236 tgt=6972966145 f=0.195 u=1 breach=9 end=
CBAP_MIG t=35290000 epoch=7058 flow=19 side=new cur=6724517015 next=6772964595 tgt=6972966145 f=0.195 u=1 breach=9 end=
CBAP_MIG t=35290000 epoch=7058 flow=20 side=new cur=6722956817 next=6771708635 tgt=6972966145 f=0.195 u=1 breach=9 end=
CBAP_MIG t=35290000 epoch=7058 flow=21 side=new cur=6723027647 next=6771765654 tgt=6972966145 f=0.195 u=1 breach=9 end=
CBAP_MIG t=35290000 epoch=7058 flow=22 side=new cur=6723339457 next=6772016661 tgt=6972966145 f=0.195 u=1 breach=9 end=
CBAP_MIG t=35290000 epoch=7058 flow=23 side=new cur=6724345293 next=6772826359 tgt=6972966145 f=0.195 u=1 breach=9 end=
CBAP_MIG t=35290000 epoch=7058 flow=24 side=new cur=6724505165 next=6772955056 tgt=6972966145 f=0.195 u=1 breach=9 end=
CBAP_MIG t=35290000 epoch=7058 flow=25 side=new cur=6724517015 next=6772964595 tgt=6972966145 f=0.195 u=1 breach=9 end=
CBAP_MIG t=35290000 epoch=7058 flow=26 side=new cur=6724692107 next=6773105544 tgt=6972966145 f=0.195 u=1 breach=9 end=
CBAP_MIG t=35290000 epoch=7058 flow=27 side=new cur=6721572245 next=6770594055 tgt=6972966145 f=0.195 u=1 breach=9 end=
CBAP_MIG t=35290000 epoch=7058 flow=29 side=new cur=6724632309 next=6773057407 tgt=6972966145 f=0.195 u=1 breach=9 end=
CBAP_MIG t=35290000 epoch=7058 flow=30 side=new cur=6724471711 next=6772928125 tgt=6972966145 f=0.195 u=1 breach=9 end=
CBAP_MIG t=35290000 epoch=7058 flow=31 side=new cur=6723027647 next=6771765654 tgt=6972966145 f=0.195 u=1 breach=9 end=
CBAP_MIG t=35290000 epoch=7058 flow=32 side=new cur=6721477405 next=6770517709 tgt=6972966145 f=0.195 u=1 breach=9 end=
CBAP_MIG t=35290000 epoch=7058 flow=33 side=new cur=6724276384 next=6772770887 tgt=6972966145 f=0.195 u=1 breach=9 end=
CBAP_MIG t=35290000 epoch=7058 flow=34 side=new cur=6723947597 next=6772506213 tgt=6972966145 f=0.195 u=1 breach=9 end=
CBAP_MIG t=35290000 epoch=7058 flow=35 side=new cur=6724517015 next=6772964595 tgt=6972966145 f=0.195 u=1 breach=9 end=
CBAP_MIG t=35290000 epoch=7058 flow=36 side=new cur=6724517015 next=6772964595 tgt=6972966145 f=0.195 u=1 breach=9 end=
CBAP_MIG t=35290000 epoch=7058 flow=37 side=new cur=6720424162 next=6769669848 tgt=6972966145 f=0.195 u=1 breach=9 end=
CBAP_MIG t=35290000 epoch=7058 flow=38 side=new cur=6723027647 next=6771765654 tgt=6972966145 f=0.195 u=1 breach=9 end=
CBAP_MIG t=35290000 epoch=7058 flow=40 side=new cur=6721118177 next=6770228530 tgt=6972966145 f=0.195 u=1 breach=9 end=
CBAP_MIG t=35290000 epoch=7058 flow=41 side=new cur=6723339457 next=6772016661 tgt=6972966145 f=0.195 u=1 breach=9 end=
CBAP_MIG t=35290000 epoch=7058 flow=42 side=new cur=6724449353 next=6772910127 tgt=6972966145 f=0.195 u=1 breach=9 end=
CBAP_MIG t=35290000 epoch=7058 flow=43 side=new cur=6724517015 next=6772964595 tgt=6972966145 f=0.195 u=1 breach=9 end=
CBAP_MIG t=35290000 epoch=7058 flow=44 side=new cur=6724646420 next=6773068766 tgt=6972966145 f=0.195 u=1 breach=9 end=
CBAP_MIG t=35290000 epoch=7058 flow=45 side=new cur=6724024727 next=6772568303 tgt=6972966145 f=0.195 u=1 breach=9 end=
CBAP_MIG t=35290000 epoch=7058 flow=46 side=new cur=6724268106 next=6772764223 tgt=6972966145 f=0.195 u=1 breach=9 end=
CBAP_MIG t=35290000 epoch=7058 flow=47 side=new cur=6724844644 next=6773228336 tgt=6972966145 f=0.195 u=1 breach=9 end=
CBAP_MIG t=35290000 epoch=7058 flow=48 side=new cur=6724483453 next=6772937577 tgt=6972966145 f=0.195 u=1 breach=9 end=
CBAP_MIG t=35290000 epoch=7058 flow=49 side=new cur=6722997840 next=6771741659 tgt=6972966145 f=0.195 u=1 breach=9 end=
CBAP_MIG t=35290000 epoch=7058 flow=50 side=new cur=6721201788 next=6770295837 tgt=6972966145 f=0.195 u=1 breach=9 end=
CBAP_MIG t=35290000 epoch=7058 flow=51 side=new cur=6722956817 next=6771708635 tgt=6972966145 f=0.195 u=1 breach=9 end=
CBAP_MIG t=35290000 epoch=7058 flow=52 side=new cur=6722956817 next=6771708635 tgt=6972966145 f=0.195 u=1 breach=9 end=
CBAP_MIG t=35290000 epoch=7058 flow=53 side=new cur=6723953412 next=6772510894 tgt=6972966145 f=0.195 u=1 breach=9 end=
CBAP_MIG t=35290000 epoch=7058 flow=54 side=new cur=6724131918 next=6772654592 tgt=6972966145 f=0.195 u=1 breach=9 end=
CBAP_MIG t=35290000 epoch=7058 flow=55 side=new cur=6724471711 next=6772928125 tgt=6972966145 f=0.195 u=1 breach=9 end=
CBAP_MIG t=35290000 epoch=7058 flow=56 side=new cur=6724844644 next=6773228336 tgt=6972966145 f=0.195 u=1 breach=9 end=
CBAP_MIG t=35290000 epoch=7058 flow=57 side=new cur=6724243671 next=6772744553 tgt=6972966145 f=0.195 u=1 breach=9 end=
CBAP_MIG t=35290000 epoch=7058 flow=58 side=new cur=6721243857 next=6770329703 tgt=6972966145 f=0.195 u=1 breach=9 end=
CBAP_MIG t=35290000 epoch=7058 flow=59 side=new cur=6723921000 next=6772484803 tgt=6972966145 f=0.195 u=1 breach=9 end=
CBAP_MIG t=35290000 epoch=7058 flow=60 side=new cur=6721118177 next=6770228530 tgt=6972966145 f=0.195 u=1 breach=9 end=
CBAP_MIG t=35290000 epoch=7058 flow=61 side=new cur=6722528594 next=6771363916 tgt=6972966145 f=0.195 u=1 breach=9 end=
CBAP_MIG t=35290000 epoch=7058 flow=62 side=new cur=6724517015 next=6772964595 tgt=6972966145 f=0.195 u=1 breach=9 end=
CBAP_MIG t=35290000 epoch=7058 flow=63 side=new cur=6723027647 next=6771765654 tgt=6972966145 f=0.195 u=1 breach=9 end=
CBAP_MIG t=35290000 epoch=7058 flow=64 side=new cur=6720985139 next=6770121435 tgt=6972966145 f=0.195 u=1 breach=9 end=
CBAP_MIG t=35295000 epoch=7059 flow=2 side=new cur=6771765654 next=6810999749 tgt=6972966145 f=0.195 u=1 breach=9 end=
CBAP_MIG t=35295000 epoch=7059 flow=3 side=new cur=6769953521 next=6809540982 tgt=6972966145 f=0.195 u=1 breach=9 end=
CBAP_MIG t=35295000 epoch=7059 flow=4 side=new cur=6772965356 next=6811965509 tgt=6972966145 f=0.195 u=1 breach=9 end=
CBAP_MIG t=35295000 epoch=7059 flow=5 side=new cur=6772208270 next=6811356055 tgt=6972966145 f=0.195 u=1 breach=9 end=
CBAP_MIG t=35295000 epoch=7059 flow=6 side=new cur=6771077379 next=6810445688 tgt=6972966145 f=0.195 u=1 breach=9 end=
CBAP_MIG t=35295000 epoch=7059 flow=8 side=new cur=6772506213 next=6811595899 tgt=6972966145 f=0.195 u=1 breach=9 end=
CBAP_MIG t=35295000 epoch=7059 flow=9 side=new cur=6772413675 next=6811521406 tgt=6972966145 f=0.195 u=1 breach=9 end=
CBAP_MIG t=35295000 epoch=7059 flow=10 side=new cur=6772928125 next=6811935538 tgt=6972966145 f=0.195 u=1 breach=9 end=
CBAP_MIG t=35295000 epoch=7059 flow=11 side=new cur=6773228336 next=6812177208 tgt=6972966145 f=0.195 u=1 breach=9 end=
CBAP_MIG t=35295000 epoch=7059 flow=12 side=new cur=6772744553 next=6811787763 tgt=6972966145 f=0.195 u=1 breach=9 end=
CBAP_MIG t=35295000 epoch=7059 flow=13 side=new cur=6772764223 next=6811803597 tgt=6972966145 f=0.195 u=1 breach=9 end=
CBAP_MIG t=35295000 epoch=7059 flow=14 side=new cur=6771708635 next=6810953849 tgt=6972966145 f=0.195 u=1 breach=9 end=
CBAP_MIG t=35295000 epoch=7059 flow=15 side=new cur=6772506213 next=6811595899 tgt=6972966145 f=0.195 u=1 breach=9 end=
CBAP_MIG t=35295000 epoch=7059 flow=16 side=new cur=6772464266 next=6811562132 tgt=6972966145 f=0.195 u=1 breach=9 end=
CBAP_MIG t=35295000 epoch=7059 flow=17 side=new cur=6770228530 next=6809762364 tgt=6972966145 f=0.195 u=1 breach=9 end=
CBAP_MIG t=35295000 epoch=7059 flow=18 side=new cur=6772273236 next=6811408353 tgt=6972966145 f=0.195 u=1 breach=9 end=
CBAP_MIG t=35295000 epoch=7059 flow=19 side=new cur=6772964595 next=6811964897 tgt=6972966145 f=0.195 u=1 breach=9 end=
CBAP_MIG t=35295000 epoch=7059 flow=20 side=new cur=6771708635 next=6810953849 tgt=6972966145 f=0.195 u=1 breach=9 end=
CBAP_MIG t=35295000 epoch=7059 flow=21 side=new cur=6771765654 next=6810999749 tgt=6972966145 f=0.195 u=1 breach=9 end=
CBAP_MIG t=35295000 epoch=7059 flow=22 side=new cur=6772016661 next=6811201810 tgt=6972966145 f=0.195 u=1 breach=9 end=
CBAP_MIG t=35295000 epoch=7059 flow=23 side=new cur=6772826359 next=6811853617 tgt=6972966145 f=0.195 u=1 breach=9 end=
CBAP_MIG t=35295000 epoch=7059 flow=24 side=new cur=6772955056 next=6811957218 tgt=6972966145 f=0.195 u=1 breach=9 end=
CBAP_MIG t=35295000 epoch=7059 flow=25 side=new cur=6772964595 next=6811964897 tgt=6972966145 f=0.195 u=1 breach=9 end=
CBAP_MIG t=35295000 epoch=7059 flow=26 side=new cur=6773105544 next=6812078361 tgt=6972966145 f=0.195 u=1 breach=9 end=
CBAP_MIG t=35295000 epoch=7059 flow=27 side=new cur=6770594055 next=6810056612 tgt=6972966145 f=0.195 u=1 breach=9 end=
CBAP_MIG t=35295000 epoch=7059 flow=29 side=new cur=6773057407 next=6812039610 tgt=6972966145 f=0.195 u=1 breach=9 end=
CBAP_MIG t=35295000 epoch=7059 flow=30 side=new cur=6772928125 next=6811935538 tgt=6972966145 f=0.195 u=1 breach=9 end=
CBAP_MIG t=35295000 epoch=7059 flow=31 side=new cur=6771765654 next=6810999749 tgt=6972966145 f=0.195 u=1 breach=9 end=
CBAP_MIG t=35295000 epoch=7059 flow=32 side=new cur=6770517709 next=6809995154 tgt=6972966145 f=0.195 u=1 breach=9 end=
CBAP_MIG t=35295000 epoch=7059 flow=33 side=new cur=6772770887 next=6811808962 tgt=6972966145 f=0.195 u=1 breach=9 end=
CBAP_MIG t=35295000 epoch=7059 flow=34 side=new cur=6772506213 next=6811595899 tgt=6972966145 f=0.195 u=1 breach=9 end=
CBAP_MIG t=35295000 epoch=7059 flow=35 side=new cur=6772964595 next=6811964897 tgt=6972966145 f=0.195 u=1 breach=9 end=
CBAP_MIG t=35295000 epoch=7059 flow=36 side=new cur=6772964595 next=6811964897 tgt=6972966145 f=0.195 u=1 breach=9 end=
CBAP_MIG t=35295000 epoch=7059 flow=37 side=new cur=6769669848 next=6809312625 tgt=6972966145 f=0.195 u=1 breach=9 end=
CBAP_MIG t=35295000 epoch=7059 flow=38 side=new cur=6771765654 next=6810999749 tgt=6972966145 f=0.195 u=1 breach=9 end=
CBAP_MIG t=35295000 epoch=7059 flow=40 side=new cur=6770228530 next=6809762364 tgt=6972966145 f=0.195 u=1 breach=9 end=
CBAP_MIG t=35295000 epoch=7059 flow=41 side=new cur=6772016661 next=6811201810 tgt=6972966145 f=0.195 u=1 breach=9 end=
CBAP_MIG t=35295000 epoch=7059 flow=42 side=new cur=6772910127 next=6811921050 tgt=6972966145 f=0.195 u=1 breach=9 end=
CBAP_MIG t=35295000 epoch=7059 flow=43 side=new cur=6772964595 next=6811964897 tgt=6972966145 f=0.195 u=1 breach=9 end=
CBAP_MIG t=35295000 epoch=7059 flow=44 side=new cur=6773068766 next=6812048754 tgt=6972966145 f=0.195 u=1 breach=9 end=
CBAP_MIG t=35295000 epoch=7059 flow=45 side=new cur=6772568303 next=6811645882 tgt=6972966145 f=0.195 u=1 breach=9 end=
CBAP_MIG t=35295000 epoch=7059 flow=46 side=new cur=6772764223 next=6811803597 tgt=6972966145 f=0.195 u=1 breach=9 end=
CBAP_MIG t=35295000 epoch=7059 flow=47 side=new cur=6773228336 next=6812177208 tgt=6972966145 f=0.195 u=1 breach=9 end=
CBAP_MIG t=35295000 epoch=7059 flow=48 side=new cur=6772937577 next=6811943147 tgt=6972966145 f=0.195 u=1 breach=9 end=
CBAP_MIG t=35295000 epoch=7059 flow=49 side=new cur=6771741659 next=6810980433 tgt=6972966145 f=0.195 u=1 breach=9 end=
CBAP_MIG t=35295000 epoch=7059 flow=50 side=new cur=6770295837 next=6809816547 tgt=6972966145 f=0.195 u=1 breach=9 end=
CBAP_MIG t=35295000 epoch=7059 flow=51 side=new cur=6771708635 next=6810953849 tgt=6972966145 f=0.195 u=1 breach=9 end=
CBAP_MIG t=35295000 epoch=7059 flow=52 side=new cur=6771708635 next=6810953849 tgt=6972966145 f=0.195 u=1 breach=9 end=
CBAP_MIG t=35295000 epoch=7059 flow=53 side=new cur=6772510894 next=6811599667 tgt=6972966145 f=0.195 u=1 breach=9 end=
CBAP_MIG t=35295000 epoch=7059 flow=54 side=new cur=6772654592 next=6811715344 tgt=6972966145 f=0.195 u=1 breach=9 end=
CBAP_MIG t=35295000 epoch=7059 flow=55 side=new cur=6772928125 next=6811935538 tgt=6972966145 f=0.195 u=1 breach=9 end=
CBAP_MIG t=35295000 epoch=7059 flow=56 side=new cur=6773228336 next=6812177208 tgt=6972966145 f=0.195 u=1 breach=9 end=
CBAP_MIG t=35295000 epoch=7059 flow=57 side=new cur=6772744553 next=6811787763 tgt=6972966145 f=0.195 u=1 breach=9 end=
CBAP_MIG t=35295000 epoch=7059 flow=58 side=new cur=6770329703 next=6809843809 tgt=6972966145 f=0.195 u=1 breach=9 end=
CBAP_MIG t=35295000 epoch=7059 flow=59 side=new cur=6772484803 next=6811578664 tgt=6972966145 f=0.195 u=1 breach=9 end=
CBAP_MIG t=35295000 epoch=7059 flow=60 side=new cur=6770228530 next=6809762364 tgt=6972966145 f=0.195 u=1 breach=9 end=
CBAP_MIG t=35295000 epoch=7059 flow=61 side=new cur=6771363916 next=6810676350 tgt=6972966145 f=0.195 u=1 breach=9 end=
CBAP_MIG t=35295000 epoch=7059 flow=62 side=new cur=6772964595 next=6811964897 tgt=6972966145 f=0.195 u=1 breach=9 end=
CBAP_MIG t=35295000 epoch=7059 flow=63 side=new cur=6771765654 next=6810999749 tgt=6972966145 f=0.195 u=1 breach=9 end=
CBAP_MIG t=35295000 epoch=7059 flow=64 side=new cur=6770121435 next=6809676153 tgt=6972966145 f=0.195 u=1 breach=9 end=
CBAP_MIG t=35300000 epoch=7060 flow=2 side=new cur=6810999749 next=6842583196 tgt=6972966145 f=0.195 u=1 breach=9 end=
CBAP_MIG t=35300000 epoch=7060 flow=3 side=new cur=6809540982 next=6841408888 tgt=6972966145 f=0.195 u=1 breach=9 end=
CBAP_MIG t=35300000 epoch=7060 flow=4 side=new cur=6811965509 next=6843360633 tgt=6972966145 f=0.195 u=1 breach=9 end=
CBAP_MIG t=35300000 epoch=7060 flow=5 side=new cur=6811356055 next=6842870022 tgt=6972966145 f=0.195 u=1 breach=9 end=
CBAP_MIG t=35300000 epoch=7060 flow=6 side=new cur=6810445688 next=6842137177 tgt=6972966145 f=0.195 u=1 breach=9 end=
CBAP_MIG t=35300000 epoch=7060 flow=8 side=new cur=6811595899 next=6843063096 tgt=6972966145 f=0.195 u=1 breach=9 end=
CBAP_MIG t=35300000 epoch=7060 flow=9 side=new cur=6811521406 next=6843003130 tgt=6972966145 f=0.195 u=1 breach=9 end=
CBAP_MIG t=35300000 epoch=7060 flow=10 side=new cur=6811935538 next=6843336506 tgt=6972966145 f=0.195 u=1 breach=9 end=
CBAP_MIG t=35300000 epoch=7060 flow=11 side=new cur=6812177208 next=6843531050 tgt=6972966145 f=0.195 u=1 breach=9 end=
CBAP_MIG t=35300000 epoch=7060 flow=12 side=new cur=6811787763 next=6843217547 tgt=6972966145 f=0.195 u=1 breach=9 end=
CBAP_MIG t=35300000 epoch=7060 flow=13 side=new cur=6811803597 next=6843230293 tgt=6972966145 f=0.195 u=1 breach=9 end=
CBAP_MIG t=35300000 epoch=7060 flow=14 side=new cur=6810953849 next=6842546246 tgt=6972966145 f=0.195 u=1 breach=9 end=
CBAP_MIG t=35300000 epoch=7060 flow=15 side=new cur=6811595899 next=6843063096 tgt=6972966145 f=0.195 u=1 breach=9 end=
CBAP_MIG t=35300000 epoch=7060 flow=16 side=new cur=6811562132 next=6843035914 tgt=6972966145 f=0.195 u=1 breach=9 end=
CBAP_MIG t=35300000 epoch=7060 flow=17 side=new cur=6809762364 next=6841587101 tgt=6972966145 f=0.195 u=1 breach=9 end=
CBAP_MIG t=35300000 epoch=7060 flow=18 side=new cur=6811408353 next=6842912122 tgt=6972966145 f=0.195 u=1 breach=9 end=
CBAP_MIG t=35300000 epoch=7060 flow=19 side=new cur=6811964897 next=6843360140 tgt=6972966145 f=0.195 u=1 breach=9 end=
CBAP_MIG t=35300000 epoch=7060 flow=20 side=new cur=6810953849 next=6842546246 tgt=6972966145 f=0.195 u=1 breach=9 end=
CBAP_MIG t=35300000 epoch=7060 flow=21 side=new cur=6810999749 next=6842583196 tgt=6972966145 f=0.195 u=1 breach=9 end=
CBAP_MIG t=35300000 epoch=7060 flow=22 side=new cur=6811201810 next=6842745855 tgt=6972966145 f=0.195 u=1 breach=9 end=
CBAP_MIG t=35300000 epoch=7060 flow=23 side=new cur=6811853617 next=6843270559 tgt=6972966145 f=0.195 u=1 breach=9 end=
CBAP_MIG t=35300000 epoch=7060 flow=24 side=new cur=6811957218 next=6843353958 tgt=6972966145 f=0.195 u=1 breach=9 end=
CBAP_MIG t=35300000 epoch=7060 flow=25 side=new cur=6811964897 next=6843360140 tgt=6972966145 f=0.195 u=1 breach=9 end=
CBAP_MIG t=35300000 epoch=7060 flow=26 side=new cur=6812078361 next=6843451478 tgt=6972966145 f=0.195 u=1 breach=9 end=
CBAP_MIG t=35300000 epoch=7060 flow=27 side=new cur=6810056612 next=6841823970 tgt=6972966145 f=0.195 u=1 breach=9 end=
CBAP_MIG t=35300000 epoch=7060 flow=29 side=new cur=6812039610 next=6843420284 tgt=6972966145 f=0.195 u=1 breach=9 end=
CBAP_MIG t=35300000 epoch=7060 flow=30 side=new cur=6811935538 next=6843336506 tgt=6972966145 f=0.195 u=1 breach=9 end=
CBAP_MIG t=35300000 epoch=7060 flow=31 side=new cur=6810999749 next=6842583196 tgt=6972966145 f=0.195 u=1 breach=9 end=
CBAP_MIG t=35300000 epoch=7060 flow=32 side=new cur=6809995154 next=6841774497 tgt=6972966145 f=0.195 u=1 breach=9 end=
CBAP_MIG t=35300000 epoch=7060 flow=33 side=new cur=6811808962 next=6843234612 tgt=6972966145 f=0.195 u=1 breach=9 end=
CBAP_MIG t=35300000 epoch=7060 flow=34 side=new cur=6811595899 next=6843063096 tgt=6972966145 f=0.195 u=1 breach=9 end=
CBAP_MIG t=35300000 epoch=7060 flow=35 side=new cur=6811964897 next=6843360140 tgt=6972966145 f=0.195 u=1 breach=9 end=
CBAP_MIG t=35300000 epoch=7060 flow=36 side=new cur=6811964897 next=6843360140 tgt=6972966145 f=0.195 u=1 breach=9 end=
CBAP_MIG t=35300000 epoch=7060 flow=37 side=new cur=6809312625 next=6841225061 tgt=6972966145 f=0.195 u=1 breach=9 end=
CBAP_MIG t=35300000 epoch=7060 flow=38 side=new cur=6810999749 next=6842583196 tgt=6972966145 f=0.195 u=1 breach=9 end=
CBAP_MIG t=35300000 epoch=7060 flow=40 side=new cur=6809762364 next=6841587101 tgt=6972966145 f=0.195 u=1 breach=9 end=
CBAP_MIG t=35300000 epoch=7060 flow=41 side=new cur=6811201810 next=6842745855 tgt=6972966145 f=0.195 u=1 breach=9 end=
CBAP_MIG t=35300000 epoch=7060 flow=42 side=new cur=6811921050 next=6843324843 tgt=6972966145 f=0.195 u=1 breach=9 end=
CBAP_MIG t=35300000 epoch=7060 flow=43 side=new cur=6811964897 next=6843360140 tgt=6972966145 f=0.195 u=1 breach=9 end=
CBAP_MIG t=35300000 epoch=7060 flow=44 side=new cur=6812048754 next=6843427645 tgt=6972966145 f=0.195 u=1 breach=9 end=
CBAP_MIG t=35300000 epoch=7060 flow=45 side=new cur=6811645882 next=6843103333 tgt=6972966145 f=0.195 u=1 breach=9 end=
CBAP_MIG t=35300000 epoch=7060 flow=46 side=new cur=6811803597 next=6843230293 tgt=6972966145 f=0.195 u=1 breach=9 end=
CBAP_MIG t=35300000 epoch=7060 flow=47 side=new cur=6812177208 next=6843531050 tgt=6972966145 f=0.195 u=1 breach=9 end=
CBAP_MIG t=35300000 epoch=7060 flow=48 side=new cur=6811943147 next=6843342631 tgt=6972966145 f=0.195 u=1 breach=9 end=
CBAP_MIG t=35300000 epoch=7060 flow=49 side=new cur=6810980433 next=6842567646 tgt=6972966145 f=0.195 u=1 breach=9 end=
CBAP_MIG t=35300000 epoch=7060 flow=50 side=new cur=6809816547 next=6841630718 tgt=6972966145 f=0.195 u=1 breach=9 end=
CBAP_MIG t=35300000 epoch=7060 flow=51 side=new cur=6810953849 next=6842546246 tgt=6972966145 f=0.195 u=1 breach=9 end=
CBAP_MIG t=35300000 epoch=7060 flow=52 side=new cur=6810953849 next=6842546246 tgt=6972966145 f=0.195 u=1 breach=9 end=
CBAP_MIG t=35300000 epoch=7060 flow=53 side=new cur=6811599667 next=6843066130 tgt=6972966145 f=0.195 u=1 breach=9 end=
CBAP_MIG t=35300000 epoch=7060 flow=54 side=new cur=6811715344 next=6843159250 tgt=6972966145 f=0.195 u=1 breach=9 end=
CBAP_MIG t=35300000 epoch=7060 flow=55 side=new cur=6811935538 next=6843336506 tgt=6972966145 f=0.195 u=1 breach=9 end=
CBAP_MIG t=35300000 epoch=7060 flow=56 side=new cur=6812177208 next=6843531050 tgt=6972966145 f=0.195 u=1 breach=9 end=
CBAP_MIG t=35300000 epoch=7060 flow=57 side=new cur=6811787763 next=6843217547 tgt=6972966145 f=0.195 u=1 breach=9 end=
CBAP_MIG t=35300000 epoch=7060 flow=58 side=new cur=6809843809 next=6841652664 tgt=6972966145 f=0.195 u=1 breach=9 end=
CBAP_MIG t=35300000 epoch=7060 flow=59 side=new cur=6811578664 next=6843049222 tgt=6972966145 f=0.195 u=1 breach=9 end=
CBAP_MIG t=35300000 epoch=7060 flow=60 side=new cur=6809762364 next=6841587101 tgt=6972966145 f=0.195 u=1 breach=9 end=
CBAP_MIG t=35300000 epoch=7060 flow=61 side=new cur=6810676350 next=6842322860 tgt=6972966145 f=0.195 u=1 breach=9 end=
CBAP_MIG t=35300000 epoch=7060 flow=62 side=new cur=6811964897 next=6843360140 tgt=6972966145 f=0.195 u=1 breach=9 end=
CBAP_MIG t=35300000 epoch=7060 flow=63 side=new cur=6810999749 next=6842583196 tgt=6972966145 f=0.195 u=1 breach=9 end=
CBAP_MIG t=35300000 epoch=7060 flow=64 side=new cur=6809676153 next=6841517701 tgt=6972966145 f=0.195 u=1 breach=9 end=
CBAP_MIG t=35305000 epoch=7061 flow=2 side=new cur=6842583196 next=6868007871 tgt=6972966145 f=0.195 u=1 breach=9 end=
CBAP_MIG t=35305000 epoch=7061 flow=3 side=new cur=6841408888 next=6867062553 tgt=6972966145 f=0.195 u=1 breach=9 end=
CBAP_MIG t=35305000 epoch=7061 flow=4 side=new cur=6843360633 next=6868633707 tgt=6972966145 f=0.195 u=1 breach=9 end=
CBAP_MIG t=35305000 epoch=7061 flow=5 side=new cur=6842870022 next=6868238765 tgt=6972966145 f=0.195 u=1 breach=9 end=
CBAP_MIG t=35305000 epoch=7061 flow=6 side=new cur=6842137177 next=6867648825 tgt=6972966145 f=0.195 u=1 breach=9 end=
CBAP_MIG t=35305000 epoch=7061 flow=8 side=new cur=6843063096 next=6868394190 tgt=6972966145 f=0.195 u=1 breach=9 end=
CBAP_MIG t=35305000 epoch=7061 flow=9 side=new cur=6843003130 next=6868345917 tgt=6972966145 f=0.195 u=1 breach=9 end=
CBAP_MIG t=35305000 epoch=7061 flow=10 side=new cur=6843336506 next=6868614285 tgt=6972966145 f=0.195 u=1 breach=9 end=
CBAP_MIG t=35305000 epoch=7061 flow=11 side=new cur=6843531050 next=6868770893 tgt=6972966145 f=0.195 u=1 breach=9 end=
CBAP_MIG t=35305000 epoch=7061 flow=12 side=new cur=6843217547 next=6868518523 tgt=6972966145 f=0.195 u=1 breach=9 end=
CBAP_MIG t=35305000 epoch=7061 flow=13 side=new cur=6843230293 next=6868528784 tgt=6972966145 f=0.195 u=1 breach=9 end=
CBAP_MIG t=35305000 epoch=7061 flow=14 side=new cur=6842546246 next=6867978126 tgt=6972966145 f=0.195 u=1 breach=9 end=
CBAP_MIG t=35305000 epoch=7061 flow=15 side=new cur=6843063096 next=6868394190 tgt=6972966145 f=0.195 u=1 breach=9 end=
CBAP_MIG t=35305000 epoch=7061 flow=16 side=new cur=6843035914 next=6868372309 tgt=6972966145 f=0.195 u=1 breach=9 end=
CBAP_MIG t=35305000 epoch=7061 flow=17 side=new cur=6841587101 next=6867206014 tgt=6972966145 f=0.195 u=1 breach=9 end=
CBAP_MIG t=35305000 epoch=7061 flow=18 side=new cur=6842912122 next=6868272656 tgt=6972966145 f=0.195 u=1 breach=9 end=
CBAP_MIG t=35305000 epoch=7061 flow=19 side=new cur=6843360140 next=6868633310 tgt=6972966145 f=0.195 u=1 breach=9 end=
CBAP_MIG t=35305000 epoch=7061 flow=20 side=new cur=6842546246 next=6867978126 tgt=6972966145 f=0.195 u=1 breach=9 end=
CBAP_MIG t=35305000 epoch=7061 flow=21 side=new cur=6842583196 next=6868007871 tgt=6972966145 f=0.195 u=1 breach=9 end=
CBAP_MIG t=35305000 epoch=7061 flow=22 side=new cur=6842745855 next=6868138811 tgt=6972966145 f=0.195 u=1 breach=9 end=
CBAP_MIG t=35305000 epoch=7061 flow=23 side=new cur=6843270559 next=6868561198 tgt=6972966145 f=0.195 u=1 breach=9 end=
CBAP_MIG t=35305000 epoch=7061 flow=24 side=new cur=6843353958 next=6868628334 tgt=6972966145 f=0.195 u=1 breach=9 end=
CBAP_MIG t=35305000 epoch=7061 flow=25 side=new cur=6843360140 next=6868633310 tgt=6972966145 f=0.195 u=1 breach=9 end=
CBAP_MIG t=35305000 epoch=7061 flow=26 side=new cur=6843451478 next=6868706838 tgt=6972966145 f=0.195 u=1 breach=9 end=
CBAP_MIG t=35305000 epoch=7061 flow=27 side=new cur=6841823970 next=6867396694 tgt=6972966145 f=0.195 u=1 breach=9 end=
CBAP_MIG t=35305000 epoch=7061 flow=29 side=new cur=6843420284 next=6868681726 tgt=6972966145 f=0.195 u=1 breach=9 end=
CBAP_MIG t=35305000 epoch=7061 flow=30 side=new cur=6843336506 next=6868614285 tgt=6972966145 f=0.195 u=1 breach=9 end=
CBAP_MIG t=35305000 epoch=7061 flow=31 side=new cur=6842583196 next=6868007871 tgt=6972966145 f=0.195 u=1 breach=9 end=
CBAP_MIG t=35305000 epoch=7061 flow=32 side=new cur=6841774497 next=6867356868 tgt=6972966145 f=0.195 u=1 breach=9 end=
CBAP_MIG t=35305000 epoch=7061 flow=33 side=new cur=6843234612 next=6868532260 tgt=6972966145 f=0.195 u=1 breach=9 end=
CBAP_MIG t=35305000 epoch=7061 flow=34 side=new cur=6843063096 next=6868394190 tgt=6972966145 f=0.195 u=1 breach=9 end=
CBAP_MIG t=35305000 epoch=7061 flow=35 side=new cur=6843360140 next=6868633310 tgt=6972966145 f=0.195 u=1 breach=9 end=
CBAP_MIG t=35305000 epoch=7061 flow=36 side=new cur=6843360140 next=6868633310 tgt=6972966145 f=0.195 u=1 breach=9 end=
CBAP_MIG t=35305000 epoch=7061 flow=37 side=new cur=6841225061 next=6866914572 tgt=6972966145 f=0.195 u=1 breach=9 end=
CBAP_MIG t=35305000 epoch=7061 flow=38 side=new cur=6842583196 next=6868007871 tgt=6972966145 f=0.195 u=1 breach=9 end=
CBAP_MIG t=35305000 epoch=7061 flow=40 side=new cur=6841587101 next=6867206014 tgt=6972966145 f=0.195 u=1 breach=9 end=
CBAP_MIG t=35305000 epoch=7061 flow=41 side=new cur=6842745855 next=6868138811 tgt=6972966145 f=0.195 u=1 breach=9 end=
CBAP_MIG t=35305000 epoch=7061 flow=42 side=new cur=6843324843 next=6868604896 tgt=6972966145 f=0.195 u=1 breach=9 end=
CBAP_MIG t=35305000 epoch=7061 flow=43 side=new cur=6843360140 next=6868633310 tgt=6972966145 f=0.195 u=1 breach=9 end=
CBAP_MIG t=35305000 epoch=7061 flow=44 side=new cur=6843427645 next=6868687652 tgt=6972966145 f=0.195 u=1 breach=9 end=
CBAP_MIG t=35305000 epoch=7061 flow=45 side=new cur=6843103333 next=6868426581 tgt=6972966145 f=0.195 u=1 breach=9 end=
CBAP_MIG t=35305000 epoch=7061 flow=46 side=new cur=6843230293 next=6868528784 tgt=6972966145 f=0.195 u=1 breach=9 end=
CBAP_MIG t=35305000 epoch=7061 flow=47 side=new cur=6843531050 next=6868770893 tgt=6972966145 f=0.195 u=1 breach=9 end=
CBAP_MIG t=35305000 epoch=7061 flow=48 side=new cur=6843342631 next=6868619216 tgt=6972966145 f=0.195 u=1 breach=9 end=
CBAP_MIG t=35305000 epoch=7061 flow=49 side=new cur=6842567646 next=6867995353 tgt=6972966145 f=0.195 u=1 breach=9 end=
CBAP_MIG t=35305000 epoch=7061 flow=50 side=new cur=6841630718 next=6867241126 tgt=6972966145 f=0.195 u=1 breach=9 end=
CBAP_MIG t=35305000 epoch=7061 flow=51 side=new cur=6842546246 next=6867978126 tgt=6972966145 f=0.195 u=1 breach=9 end=
CBAP_MIG t=35305000 epoch=7061 flow=52 side=new cur=6842546246 next=6867978126 tgt=6972966145 f=0.195 u=1 breach=9 end=
CBAP_MIG t=35305000 epoch=7061 flow=53 side=new cur=6843066130 next=6868396632 tgt=6972966145 f=0.195 u=1 breach=9 end=
CBAP_MIG t=35305000 epoch=7061 flow=54 side=new cur=6843159250 next=6868471594 tgt=6972966145 f=0.195 u=1 breach=9 end=
CBAP_MIG t=35305000 epoch=7061 flow=55 side=new cur=6843336506 next=6868614285 tgt=6972966145 f=0.195 u=1 breach=9 end=
CBAP_MIG t=35305000 epoch=7061 flow=56 side=new cur=6843531050 next=6868770893 tgt=6972966145 f=0.195 u=1 breach=9 end=
CBAP_MIG t=35305000 epoch=7061 flow=57 side=new cur=6843217547 next=6868518523 tgt=6972966145 f=0.195 u=1 breach=9 end=
CBAP_MIG t=35305000 epoch=7061 flow=58 side=new cur=6841652664 next=6867258792 tgt=6972966145 f=0.195 u=1 breach=9 end=
CBAP_MIG t=35305000 epoch=7061 flow=59 side=new cur=6843049222 next=6868383021 tgt=6972966145 f=0.195 u=1 breach=9 end=
CBAP_MIG t=35305000 epoch=7061 flow=60 side=new cur=6841587101 next=6867206014 tgt=6972966145 f=0.195 u=1 breach=9 end=
CBAP_MIG t=35305000 epoch=7061 flow=61 side=new cur=6842322860 next=6867798300 tgt=6972966145 f=0.195 u=1 breach=9 end=
CBAP_MIG t=35305000 epoch=7061 flow=62 side=new cur=6843360140 next=6868633310 tgt=6972966145 f=0.195 u=1 breach=9 end=
CBAP_MIG t=35305000 epoch=7061 flow=63 side=new cur=6842583196 next=6868007871 tgt=6972966145 f=0.195 u=1 breach=9 end=
CBAP_MIG t=35305000 epoch=7061 flow=64 side=new cur=6841517701 next=6867150147 tgt=6972966145 f=0.195 u=1 breach=9 end=
CBAP_MIG t=35310000 epoch=7062 flow=2 side=new cur=6868007871 next=6888474734 tgt=6972966145 f=0.195 u=1 breach=9 end=
CBAP_MIG t=35310000 epoch=7062 flow=3 side=new cur=6867062553 next=6887713753 tgt=6972966145 f=0.195 u=1 breach=9 end=
CBAP_MIG t=35310000 epoch=7062 flow=4 side=new cur=6868633707 next=6888978532 tgt=6972966145 f=0.195 u=1 breach=9 end=
CBAP_MIG t=35310000 epoch=7062 flow=5 side=new cur=6868238765 next=6888660604 tgt=6972966145 f=0.195 u=1 breach=9 end=
CBAP_MIG t=35310000 epoch=7062 flow=6 side=new cur=6867648825 next=6888185702 tgt=6972966145 f=0.195 u=1 breach=9 end=
CBAP_MIG t=35310000 epoch=7062 flow=8 side=new cur=6868394190 next=6888785721 tgt=6972966145 f=0.195 u=1 breach=9 end=
CBAP_MIG t=35310000 epoch=7062 flow=9 side=new cur=6868345917 next=6888746861 tgt=6972966145 f=0.195 u=1 breach=9 end=
CBAP_MIG t=35310000 epoch=7062 flow=10 side=new cur=6868614285 next=6888962897 tgt=6972966145 f=0.195 u=1 breach=9 end=
CBAP_MIG t=35310000 epoch=7062 flow=11 side=new cur=6868770893 next=6889088967 tgt=6972966145 f=0.195 u=1 breach=9 end=
CBAP_MIG t=35310000 epoch=7062 flow=12 side=new cur=6868518523 next=6888885809 tgt=6972966145 f=0.195 u=1 breach=9 end=
CBAP_MIG t=35310000 epoch=7062 flow=13 side=new cur=6868528784 next=6888894069 tgt=6972966145 f=0.195 u=1 breach=9 end=
CBAP_MIG t=35310000 epoch=7062 flow=14 side=new cur=6867978126 next=6888450789 tgt=6972966145 f=0.195 u=1 breach=9 end=
CBAP_MIG t=35310000 epoch=7062 flow=15 side=new cur=6868394190 next=6888785721 tgt=6972966145 f=0.195 u=1 breach=9 end=
CBAP_MIG t=35310000 epoch=7062 flow=16 side=new cur=6868372309 next=6888768107 tgt=6972966145 f=0.195 u=1 breach=9 end=
CBAP_MIG t=35310000 epoch=7062 flow=17 side=new cur=6867206014 next=6887829239 tgt=6972966145 f=0.195 u=1 breach=9 end=
CBAP_MIG t=35310000 epoch=7062 flow=18 side=new cur=6868272656 next=6888687886 tgt=6972966145 f=0.195 u=1 breach=9 end=
CBAP_MIG t=35310000 epoch=7062 flow=19 side=new cur=6868633310 next=6888978212 tgt=6972966145 f=0.195 u=1 breach=9 end=
CBAP_MIG t=35310000 epoch=7062 flow=20 side=new cur=6867978126 next=6888450789 tgt=6972966145 f=0.195 u=1 breach=9 end=
CBAP_MIG t=35310000 epoch=7062 flow=21 side=new cur=6868007871 next=6888474734 tgt=6972966145 f=0.195 u=1 breach=9 end=
CBAP_MIG t=35310000 epoch=7062 flow=22 side=new cur=6868138811 next=6888580141 tgt=6972966145 f=0.195 u=1 breach=9 end=
CBAP_MIG t=35310000 epoch=7062 flow=23 side=new cur=6868561198 next=6888920162 tgt=6972966145 f=0.195 u=1 breach=9 end=
CBAP_MIG t=35310000 epoch=7062 flow=24 side=new cur=6868628334 next=6888974207 tgt=6972966145 f=0.195 u=1 breach=9 end=
CBAP_MIG t=35310000 epoch=7062 flow=25 side=new cur=6868633310 next=6888978212 tgt=6972966145 f=0.195 u=1 breach=9 end=
CBAP_MIG t=35310000 epoch=7062 flow=26 side=new cur=6868706838 next=6889037402 tgt=6972966145 f=0.195 u=1 breach=9 end=
CBAP_MIG t=35310000 epoch=7062 flow=27 side=new cur=6867396694 next=6887982736 tgt=6972966145 f=0.195 u=1 breach=9 end=
CBAP_MIG t=35310000 epoch=7062 flow=29 side=new cur=6868681726 next=6889017187 tgt=6972966145 f=0.195 u=1 breach=9 end=
CBAP_MIG t=35310000 epoch=7062 flow=30 side=new cur=6868614285 next=6888962897 tgt=6972966145 f=0.195 u=1 breach=9 end=
CBAP_MIG t=35310000 epoch=7062 flow=31 side=new cur=6868007871 next=6888474734 tgt=6972966145 f=0.195 u=1 breach=9 end=
CBAP_MIG t=35310000 epoch=7062 flow=32 side=new cur=6867356868 next=6887950677 tgt=6972966145 f=0.195 u=1 breach=9 end=
CBAP_MIG t=35310000 epoch=7062 flow=33 side=new cur=6868532260 next=6888896867 tgt=6972966145 f=0.195 u=1 breach=9 end=
CBAP_MIG t=35310000 epoch=7062 flow=34 side=new cur=6868394190 next=6888785721 tgt=6972966145 f=0.195 u=1 breach=9 end=
CBAP_MIG t=35310000 epoch=7062 flow=35 side=new cur=6868633310 next=6888978212 tgt=6972966145 f=0.195 u=1 breach=9 end=
CBAP_MIG t=35310000 epoch=7062 flow=36 side=new cur=6868633310 next=6888978212 tgt=6972966145 f=0.195 u=1 breach=9 end=
CBAP_MIG t=35310000 epoch=7062 flow=37 side=new cur=6866914572 next=6887594628 tgt=6972966145 f=0.195 u=1 breach=9 end=
CBAP_MIG t=35310000 epoch=7062 flow=38 side=new cur=6868007871 next=6888474734 tgt=6972966145 f=0.195 u=1 breach=9 end=
CBAP_MIG t=35310000 epoch=7062 flow=40 side=new cur=6867206014 next=6887829239 tgt=6972966145 f=0.195 u=1 breach=9 end=
CBAP_MIG t=35310000 epoch=7062 flow=41 side=new cur=6868138811 next=6888580141 tgt=6972966145 f=0.195 u=1 breach=9 end=
CBAP_MIG t=35310000 epoch=7062 flow=42 side=new cur=6868604896 next=6888955339 tgt=6972966145 f=0.195 u=1 breach=9 end=
CBAP_MIG t=35310000 epoch=7062 flow=43 side=new cur=6868633310 next=6888978212 tgt=6972966145 f=0.195 u=1 breach=9 end=
CBAP_MIG t=35310000 epoch=7062 flow=44 side=new cur=6868687652 next=6889021958 tgt=6972966145 f=0.195 u=1 breach=9 end=
CBAP_MIG t=35310000 epoch=7062 flow=45 side=new cur=6868426581 next=6888811795 tgt=6972966145 f=0.195 u=1 breach=9 end=
CBAP_MIG t=35310000 epoch=7062 flow=46 side=new cur=6868528784 next=6888894069 tgt=6972966145 f=0.195 u=1 breach=9 end=
CBAP_MIG t=35310000 epoch=7062 flow=47 side=new cur=6868770893 next=6889088967 tgt=6972966145 f=0.195 u=1 breach=9 end=
CBAP_MIG t=35310000 epoch=7062 flow=48 side=new cur=6868619216 next=6888966867 tgt=6972966145 f=0.195 u=1 breach=9 end=
CBAP_MIG t=35310000 epoch=7062 flow=49 side=new cur=6867995353 next=6888464657 tgt=6972966145 f=0.195 u=1 breach=9 end=
CBAP_MIG t=35310000 epoch=7062 flow=50 side=new cur=6867241126 next=6887857504 tgt=6972966145 f=0.195 u=1 breach=9 end=
CBAP_MIG t=35310000 epoch=7062 flow=51 side=new cur=6867978126 next=6888450789 tgt=6972966145 f=0.195 u=1 breach=9 end=
CBAP_MIG t=35310000 epoch=7062 flow=52 side=new cur=6867978126 next=6888450789 tgt=6972966145 f=0.195 u=1 breach=9 end=
CBAP_MIG t=35310000 epoch=7062 flow=53 side=new cur=6868396632 next=6888787687 tgt=6972966145 f=0.195 u=1 breach=9 end=
CBAP_MIG t=35310000 epoch=7062 flow=54 side=new cur=6868471594 next=6888848031 tgt=6972966145 f=0.195 u=1 breach=9 end=
CBAP_MIG t=35310000 epoch=7062 flow=55 side=new cur=6868614285 next=6888962897 tgt=6972966145 f=0.195 u=1 breach=9 end=
CBAP_MIG t=35310000 epoch=7062 flow=56 side=new cur=6868770893 next=6889088967 tgt=6972966145 f=0.195 u=1 breach=9 end=
CBAP_MIG t=35310000 epoch=7062 flow=57 side=new cur=6868518523 next=6888885809 tgt=6972966145 f=0.195 u=1 breach=9 end=
CBAP_MIG t=35310000 epoch=7062 flow=58 side=new cur=6867258792 next=6887871725 tgt=6972966145 f=0.195 u=1 breach=9 end=
CBAP_MIG t=35310000 epoch=7062 flow=59 side=new cur=6868383021 next=6888776730 tgt=6972966145 f=0.195 u=1 breach=9 end=
CBAP_MIG t=35310000 epoch=7062 flow=60 side=new cur=6867206014 next=6887829239 tgt=6972966145 f=0.195 u=1 breach=9 end=
CBAP_MIG t=35310000 epoch=7062 flow=61 side=new cur=6867798300 next=6888306029 tgt=6972966145 f=0.195 u=1 breach=9 end=
CBAP_MIG t=35310000 epoch=7062 flow=62 side=new cur=6868633310 next=6888978212 tgt=6972966145 f=0.195 u=1 breach=9 end=
CBAP_MIG t=35310000 epoch=7062 flow=63 side=new cur=6868007871 next=6888474734 tgt=6972966145 f=0.195 u=1 breach=9 end=
CBAP_MIG t=35310000 epoch=7062 flow=64 side=new cur=6867150147 next=6887784266 tgt=6972966145 f=0.195 u=1 breach=9 end=
CBAP_MIG t=35315000 epoch=7063 flow=2 side=new cur=6888474734 next=6904950559 tgt=6972966145 f=0.195 u=1 breach=9 end=converged
CBAP_MIG t=35315000 epoch=7063 flow=3 side=new cur=6887713753 next=6904337969 tgt=6972966145 f=0.195 u=1 breach=9 end=converged
CBAP_MIG t=35315000 epoch=7063 flow=4 side=new cur=6888978532 next=6905356116 tgt=6972966145 f=0.195 u=1 breach=9 end=converged
CBAP_MIG t=35315000 epoch=7063 flow=5 side=new cur=6888660604 next=6905100184 tgt=6972966145 f=0.195 u=1 breach=9 end=converged
CBAP_MIG t=35315000 epoch=7063 flow=6 side=new cur=6888185702 next=6904717888 tgt=6972966145 f=0.195 u=1 breach=9 end=converged
CBAP_MIG t=35315000 epoch=7063 flow=8 side=new cur=6888785721 next=6905200903 tgt=6972966145 f=0.195 u=1 breach=9 end=converged
CBAP_MIG t=35315000 epoch=7063 flow=9 side=new cur=6888746861 next=6905169621 tgt=6972966145 f=0.195 u=1 breach=9 end=converged
CBAP_MIG t=35315000 epoch=7063 flow=10 side=new cur=6888962897 next=6905343530 tgt=6972966145 f=0.195 u=1 breach=9 end=converged
CBAP_MIG t=35315000 epoch=7063 flow=11 side=new cur=6889088967 next=6905445016 tgt=6972966145 f=0.195 u=1 breach=9 end=converged
CBAP_MIG t=35315000 epoch=7063 flow=12 side=new cur=6888885809 next=6905281474 tgt=6972966145 f=0.195 u=1 breach=9 end=converged
CBAP_MIG t=35315000 epoch=7063 flow=13 side=new cur=6888894069 next=6905288123 tgt=6972966145 f=0.195 u=1 breach=9 end=converged
CBAP_MIG t=35315000 epoch=7063 flow=14 side=new cur=6888450789 next=6904931283 tgt=6972966145 f=0.195 u=1 breach=9 end=converged
CBAP_MIG t=35315000 epoch=7063 flow=15 side=new cur=6888785721 next=6905200903 tgt=6972966145 f=0.195 u=1 breach=9 end=converged
CBAP_MIG t=35315000 epoch=7063 flow=16 side=new cur=6888768107 next=6905186724 tgt=6972966145 f=0.195 u=1 breach=9 end=converged
CBAP_MIG t=35315000 epoch=7063 flow=17 side=new cur=6887829239 next=6904430935 tgt=6972966145 f=0.195 u=1 breach=9 end=converged
CBAP_MIG t=35315000 epoch=7063 flow=18 side=new cur=6888687886 next=6905122146 tgt=6972966145 f=0.195 u=1 breach=9 end=converged
CBAP_MIG t=35315000 epoch=7063 flow=19 side=new cur=6888978212 next=6905355858 tgt=6972966145 f=0.195 u=1 breach=9 end=converged
CBAP_MIG t=35315000 epoch=7063 flow=20 side=new cur=6888450789 next=6904931283 tgt=6972966145 f=0.195 u=1 breach=9 end=converged
CBAP_MIG t=35315000 epoch=7063 flow=21 side=new cur=6888474734 next=6904950559 tgt=6972966145 f=0.195 u=1 breach=9 end=converged
CBAP_MIG t=35315000 epoch=7063 flow=22 side=new cur=6888580141 next=6905035411 tgt=6972966145 f=0.195 u=1 breach=9 end=converged
CBAP_MIG t=35315000 epoch=7063 flow=23 side=new cur=6888920162 next=6905309128 tgt=6972966145 f=0.195 u=1 breach=9 end=converged
CBAP_MIG t=35315000 epoch=7063 flow=24 side=new cur=6888974207 next=6905352634 tgt=6972966145 f=0.195 u=1 breach=9 end=converged
CBAP_MIG t=35315000 epoch=7063 flow=25 side=new cur=6888978212 next=6905355858 tgt=6972966145 f=0.195 u=1 breach=9 end=converged
CBAP_MIG t=35315000 epoch=7063 flow=26 side=new cur=6889037402 next=6905403506 tgt=6972966145 f=0.195 u=1 breach=9 end=converged
CBAP_MIG t=35315000 epoch=7063 flow=27 side=new cur=6887982736 next=6904554500 tgt=6972966145 f=0.195 u=1 breach=9 end=converged
CBAP_MIG t=35315000 epoch=7063 flow=29 side=new cur=6889017187 next=6905387233 tgt=6972966145 f=0.195 u=1 breach=9 end=converged
CBAP_MIG t=35315000 epoch=7063 flow=30 side=new cur=6888962897 next=6905343530 tgt=6972966145 f=0.195 u=1 breach=9 end=converged
CBAP_MIG t=35315000 epoch=7063 flow=31 side=new cur=6888474734 next=6904950559 tgt=6972966145 f=0.195 u=1 breach=9 end=converged
CBAP_MIG t=35315000 epoch=7063 flow=32 side=new cur=6887950677 next=6904528693 tgt=6972966145 f=0.195 u=1 breach=9 end=converged
CBAP_MIG t=35315000 epoch=7063 flow=33 side=new cur=6888896867 next=6905290376 tgt=6972966145 f=0.195 u=1 breach=9 end=converged
CBAP_MIG t=35315000 epoch=7063 flow=34 side=new cur=6888785721 next=6905200903 tgt=6972966145 f=0.195 u=1 breach=9 end=converged
CBAP_MIG t=35315000 epoch=7063 flow=35 side=new cur=6888978212 next=6905355858 tgt=6972966145 f=0.195 u=1 breach=9 end=converged
CBAP_MIG t=35315000 epoch=7063 flow=36 side=new cur=6888978212 next=6905355858 tgt=6972966145 f=0.195 u=1 breach=9 end=converged
CBAP_MIG t=35315000 epoch=7063 flow=37 side=new cur=6887594628 next=6904242073 tgt=6972966145 f=0.195 u=1 breach=9 end=converged
CBAP_MIG t=35315000 epoch=7063 flow=38 side=new cur=6888474734 next=6904950559 tgt=6972966145 f=0.195 u=1 breach=9 end=converged
CBAP_MIG t=35315000 epoch=7063 flow=40 side=new cur=6887829239 next=6904430935 tgt=6972966145 f=0.195 u=1 breach=9 end=converged
CBAP_MIG t=35315000 epoch=7063 flow=41 side=new cur=6888580141 next=6905035411 tgt=6972966145 f=0.195 u=1 breach=9 end=converged
CBAP_MIG t=35315000 epoch=7063 flow=42 side=new cur=6888955339 next=6905337446 tgt=6972966145 f=0.195 u=1 breach=9 end=converged
CBAP_MIG t=35315000 epoch=7063 flow=43 side=new cur=6888978212 next=6905355858 tgt=6972966145 f=0.195 u=1 breach=9 end=converged
CBAP_MIG t=35315000 epoch=7063 flow=44 side=new cur=6889021958 next=6905391074 tgt=6972966145 f=0.195 u=1 breach=9 end=converged
CBAP_MIG t=35315000 epoch=7063 flow=45 side=new cur=6888811795 next=6905221893 tgt=6972966145 f=0.195 u=1 breach=9 end=converged
CBAP_MIG t=35315000 epoch=7063 flow=46 side=new cur=6888894069 next=6905288123 tgt=6972966145 f=0.195 u=1 breach=9 end=converged
CBAP_MIG t=35315000 epoch=7063 flow=47 side=new cur=6889088967 next=6905445016 tgt=6972966145 f=0.195 u=1 breach=9 end=converged
CBAP_MIG t=35315000 epoch=7063 flow=48 side=new cur=6888966867 next=6905346726 tgt=6972966145 f=0.195 u=1 breach=9 end=converged
CBAP_MIG t=35315000 epoch=7063 flow=49 side=new cur=6888464657 next=6904942447 tgt=6972966145 f=0.195 u=1 breach=9 end=converged
CBAP_MIG t=35315000 epoch=7063 flow=50 side=new cur=6887857504 next=6904453688 tgt=6972966145 f=0.195 u=1 breach=9 end=converged
CBAP_MIG t=35315000 epoch=7063 flow=51 side=new cur=6888450789 next=6904931283 tgt=6972966145 f=0.195 u=1 breach=9 end=converged
CBAP_MIG t=35315000 epoch=7063 flow=52 side=new cur=6888450789 next=6904931283 tgt=6972966145 f=0.195 u=1 breach=9 end=converged
CBAP_MIG t=35315000 epoch=7063 flow=53 side=new cur=6888787687 next=6905202486 tgt=6972966145 f=0.195 u=1 breach=9 end=converged
CBAP_MIG t=35315000 epoch=7063 flow=54 side=new cur=6888848031 next=6905251063 tgt=6972966145 f=0.195 u=1 breach=9 end=converged
CBAP_MIG t=35315000 epoch=7063 flow=55 side=new cur=6888962897 next=6905343530 tgt=6972966145 f=0.195 u=1 breach=9 end=converged
CBAP_MIG t=35315000 epoch=7063 flow=56 side=new cur=6889088967 next=6905445016 tgt=6972966145 f=0.195 u=1 breach=9 end=converged
CBAP_MIG t=35315000 epoch=7063 flow=57 side=new cur=6888885809 next=6905281474 tgt=6972966145 f=0.195 u=1 breach=9 end=converged
CBAP_MIG t=35315000 epoch=7063 flow=58 side=new cur=6887871725 next=6904465136 tgt=6972966145 f=0.195 u=1 breach=9 end=converged
CBAP_MIG t=35315000 epoch=7063 flow=59 side=new cur=6888776730 next=6905193665 tgt=6972966145 f=0.195 u=1 breach=9 end=converged
CBAP_MIG t=35315000 epoch=7063 flow=60 side=new cur=6887829239 next=6904430935 tgt=6972966145 f=0.195 u=1 breach=9 end=converged
CBAP_MIG t=35315000 epoch=7063 flow=61 side=new cur=6888306029 next=6904814751 tgt=6972966145 f=0.195 u=1 breach=9 end=converged
CBAP_MIG t=35315000 epoch=7063 flow=62 side=new cur=6888978212 next=6905355858 tgt=6972966145 f=0.195 u=1 breach=9 end=converged
CBAP_MIG t=35315000 epoch=7063 flow=63 side=new cur=6888474734 next=6904950559 tgt=6972966145 f=0.195 u=1 breach=9 end=converged
CBAP_MIG t=35315000 epoch=7063 flow=64 side=new cur=6887784266 next=6904394732 tgt=6972966145 f=0.195 u=1 breach=9 end=converged
CBAP_MIG_REPLAN t=35415000 reason=active_set_shrank flow=0 batch=0 newest_batch=1 cur=4001537093 target=4000000000 ceiling=320000000000 old_side_present=1
CBAP_MIG_REPLAN t=35415000 reason=active_set_shrank flow=2 batch=1 newest_batch=1 cur=6904950559 target=6772878750 ceiling=400000000000 old_side_present=1
CBAP_MIG_REPLAN t=35415000 reason=active_set_shrank flow=3 batch=1 newest_batch=1 cur=6904337969 target=6772878750 ceiling=400000000000 old_side_present=1
CBAP_MIG_REPLAN t=35415000 reason=active_set_shrank flow=4 batch=1 newest_batch=1 cur=6905356116 target=6772878750 ceiling=400000000000 old_side_present=1
CBAP_MIG_REPLAN t=35415000 reason=active_set_shrank flow=5 batch=1 newest_batch=1 cur=6905100184 target=6772878750 ceiling=400000000000 old_side_present=1
CBAP_MIG_REPLAN t=35415000 reason=active_set_shrank flow=6 batch=1 newest_batch=1 cur=6904717888 target=6772878750 ceiling=400000000000 old_side_present=1
CBAP_MIG_REPLAN t=35415000 reason=active_set_shrank flow=8 batch=1 newest_batch=1 cur=6905200903 target=6772878750 ceiling=400000000000 old_side_present=1
CBAP_MIG_REPLAN t=35415000 reason=active_set_shrank flow=9 batch=1 newest_batch=1 cur=6905169621 target=6772878750 ceiling=400000000000 old_side_present=1
CBAP_MIG_REPLAN t=35415000 reason=active_set_shrank flow=10 batch=1 newest_batch=1 cur=6905343530 target=6772878750 ceiling=400000000000 old_side_present=1
CBAP_MIG_REPLAN t=35415000 reason=active_set_shrank flow=11 batch=1 newest_batch=1 cur=6905445016 target=6772878750 ceiling=400000000000 old_side_present=1
CBAP_MIG_REPLAN t=35415000 reason=active_set_shrank flow=12 batch=1 newest_batch=1 cur=6905281474 target=6772878750 ceiling=400000000000 old_side_present=1
CBAP_MIG_REPLAN t=35415000 reason=active_set_shrank flow=13 batch=1 newest_batch=1 cur=6905288123 target=6772878750 ceiling=400000000000 old_side_present=1
CBAP_MIG_REPLAN t=35415000 reason=active_set_shrank flow=14 batch=1 newest_batch=1 cur=6904931283 target=6772878750 ceiling=400000000000 old_side_present=1
CBAP_MIG_REPLAN t=35415000 reason=active_set_shrank flow=15 batch=1 newest_batch=1 cur=6905200903 target=6772878750 ceiling=400000000000 old_side_present=1
CBAP_MIG_REPLAN t=35415000 reason=active_set_shrank flow=16 batch=1 newest_batch=1 cur=6905186724 target=6772878750 ceiling=400000000000 old_side_present=1
CBAP_MIG_REPLAN t=35415000 reason=active_set_shrank flow=17 batch=1 newest_batch=1 cur=6904430935 target=6772878750 ceiling=400000000000 old_side_present=1
CBAP_MIG_REPLAN t=35415000 reason=active_set_shrank flow=18 batch=1 newest_batch=1 cur=6905122146 target=6772878750 ceiling=400000000000 old_side_present=1
CBAP_MIG_REPLAN t=35415000 reason=active_set_shrank flow=19 batch=1 newest_batch=1 cur=6905355858 target=6772878750 ceiling=400000000000 old_side_present=1
CBAP_MIG_REPLAN t=35415000 reason=active_set_shrank flow=20 batch=1 newest_batch=1 cur=6904931283 target=6772878750 ceiling=400000000000 old_side_present=1
CBAP_MIG_REPLAN t=35415000 reason=active_set_shrank flow=21 batch=1 newest_batch=1 cur=6904950559 target=6772878750 ceiling=400000000000 old_side_present=1
CBAP_MIG_REPLAN t=35415000 reason=active_set_shrank flow=22 batch=1 newest_batch=1 cur=6905035411 target=6772878750 ceiling=400000000000 old_side_present=1
CBAP_MIG_REPLAN t=35415000 reason=active_set_shrank flow=23 batch=1 newest_batch=1 cur=6905309128 target=6772878750 ceiling=400000000000 old_side_present=1
CBAP_MIG_REPLAN t=35415000 reason=active_set_shrank flow=24 batch=1 newest_batch=1 cur=6905352634 target=6772878750 ceiling=400000000000 old_side_present=1
CBAP_MIG_REPLAN t=35415000 reason=active_set_shrank flow=25 batch=1 newest_batch=1 cur=6905355858 target=6772878750 ceiling=400000000000 old_side_present=1
CBAP_MIG_REPLAN t=35415000 reason=active_set_shrank flow=26 batch=1 newest_batch=1 cur=6905403506 target=6772878750 ceiling=400000000000 old_side_present=1
CBAP_MIG_REPLAN t=35415000 reason=active_set_shrank flow=29 batch=1 newest_batch=1 cur=6905387233 target=6772878750 ceiling=400000000000 old_side_present=1
CBAP_MIG_REPLAN t=35415000 reason=active_set_shrank flow=30 batch=1 newest_batch=1 cur=6905343530 target=6772878750 ceiling=400000000000 old_side_present=1
CBAP_MIG_REPLAN t=35415000 reason=active_set_shrank flow=31 batch=1 newest_batch=1 cur=6904950559 target=6772878750 ceiling=400000000000 old_side_present=1
CBAP_MIG_REPLAN t=35415000 reason=active_set_shrank flow=32 batch=1 newest_batch=1 cur=6904528693 target=6772878750 ceiling=400000000000 old_side_present=1
CBAP_MIG_REPLAN t=35415000 reason=active_set_shrank flow=33 batch=1 newest_batch=1 cur=6905290376 target=6772878750 ceiling=400000000000 old_side_present=1
CBAP_MIG_REPLAN t=35415000 reason=active_set_shrank flow=34 batch=1 newest_batch=1 cur=6905200903 target=6772878750 ceiling=400000000000 old_side_present=1
CBAP_MIG_REPLAN t=35415000 reason=active_set_shrank flow=35 batch=1 newest_batch=1 cur=6905355858 target=6772878750 ceiling=400000000000 old_side_present=1
CBAP_MIG_REPLAN t=35415000 reason=active_set_shrank flow=36 batch=1 newest_batch=1 cur=6905355858 target=6772878750 ceiling=400000000000 old_side_present=1
CBAP_MIG_REPLAN t=35415000 reason=active_set_shrank flow=37 batch=1 newest_batch=1 cur=6904242073 target=6772878750 ceiling=400000000000 old_side_present=1
CBAP_MIG_REPLAN t=35415000 reason=active_set_shrank flow=38 batch=1 newest_batch=1 cur=6904950559 target=6772878750 ceiling=400000000000 old_side_present=1
CBAP_MIG_REPLAN t=35415000 reason=active_set_shrank flow=40 batch=1 newest_batch=1 cur=6904430935 target=6772878750 ceiling=400000000000 old_side_present=1
CBAP_MIG_REPLAN t=35415000 reason=active_set_shrank flow=41 batch=1 newest_batch=1 cur=6905035411 target=6772878750 ceiling=400000000000 old_side_present=1
CBAP_MIG_REPLAN t=35415000 reason=active_set_shrank flow=42 batch=1 newest_batch=1 cur=6905337446 target=6772878750 ceiling=400000000000 old_side_present=1
CBAP_MIG_REPLAN t=35415000 reason=active_set_shrank flow=43 batch=1 newest_batch=1 cur=6905355858 target=6772878750 ceiling=400000000000 old_side_present=1
CBAP_MIG_REPLAN t=35415000 reason=active_set_shrank flow=44 batch=1 newest_batch=1 cur=6905391074 target=6772878750 ceiling=400000000000 old_side_present=1
CBAP_MIG_REPLAN t=35415000 reason=active_set_shrank flow=45 batch=1 newest_batch=1 cur=6905221893 target=6772878750 ceiling=400000000000 old_side_present=1
CBAP_MIG_REPLAN t=35415000 reason=active_set_shrank flow=46 batch=1 newest_batch=1 cur=6905288123 target=6772878750 ceiling=400000000000 old_side_present=1
CBAP_MIG_REPLAN t=35415000 reason=active_set_shrank flow=47 batch=1 newest_batch=1 cur=6905445016 target=6772878750 ceiling=400000000000 old_side_present=1
CBAP_MIG_REPLAN t=35415000 reason=active_set_shrank flow=48 batch=1 newest_batch=1 cur=6905346726 target=6772878750 ceiling=400000000000 old_side_present=1
CBAP_MIG_REPLAN t=35415000 reason=active_set_shrank flow=49 batch=1 newest_batch=1 cur=6904942447 target=6772878750 ceiling=400000000000 old_side_present=1
CBAP_MIG_REPLAN t=35415000 reason=active_set_shrank flow=50 batch=1 newest_batch=1 cur=6904453688 target=6772878750 ceiling=400000000000 old_side_present=1
CBAP_MIG_REPLAN t=35415000 reason=active_set_shrank flow=51 batch=1 newest_batch=1 cur=6904931283 target=6772878750 ceiling=400000000000 old_side_present=1
CBAP_MIG_REPLAN t=35415000 reason=active_set_shrank flow=52 batch=1 newest_batch=1 cur=6904931283 target=6772878750 ceiling=400000000000 old_side_present=1
CBAP_MIG_REPLAN t=35415000 reason=active_set_shrank flow=53 batch=1 newest_batch=1 cur=6905202486 target=6772878750 ceiling=400000000000 old_side_present=1
CBAP_MIG_REPLAN t=35415000 reason=active_set_shrank flow=54 batch=1 newest_batch=1 cur=6905251063 target=6772878750 ceiling=400000000000 old_side_present=1
CBAP_MIG_REPLAN t=35415000 reason=active_set_shrank flow=55 batch=1 newest_batch=1 cur=6905343530 target=6772878750 ceiling=400000000000 old_side_present=1
CBAP_MIG_REPLAN t=35415000 reason=active_set_shrank flow=56 batch=1 newest_batch=1 cur=6905445016 target=6772878750 ceiling=400000000000 old_side_present=1
CBAP_MIG_REPLAN t=35415000 reason=active_set_shrank flow=57 batch=1 newest_batch=1 cur=6905281474 target=6772878750 ceiling=400000000000 old_side_present=1
CBAP_MIG_REPLAN t=35415000 reason=active_set_shrank flow=58 batch=1 newest_batch=1 cur=6904465136 target=6772878750 ceiling=400000000000 old_side_present=1
CBAP_MIG_REPLAN t=35415000 reason=active_set_shrank flow=59 batch=1 newest_batch=1 cur=6905193665 target=6772878750 ceiling=400000000000 old_side_present=1
CBAP_MIG_REPLAN t=35415000 reason=active_set_shrank flow=60 batch=1 newest_batch=1 cur=6904430935 target=6772878750 ceiling=400000000000 old_side_present=1
CBAP_MIG_REPLAN t=35415000 reason=active_set_shrank flow=61 batch=1 newest_batch=1 cur=6904814751 target=6772878750 ceiling=400000000000 old_side_present=1
CBAP_MIG_REPLAN t=35415000 reason=active_set_shrank flow=62 batch=1 newest_batch=1 cur=6905355858 target=6772878750 ceiling=400000000000 old_side_present=1
CBAP_MIG_REPLAN t=35415000 reason=active_set_shrank flow=63 batch=1 newest_batch=1 cur=6904950559 target=6772878750 ceiling=400000000000 old_side_present=1
CBAP_MIG_REPLAN t=35415000 reason=active_set_shrank flow=64 batch=1 newest_batch=1 cur=6904394732 target=6772878750 ceiling=400000000000 old_side_present=1
CBAP_MIG t=35415000 epoch=7083 flow=0 side=old cur=4001537093 next=4001075965 tgt=4000000000 f=0.3 u=1 breach=0 end=converged
CBAP_MIG t=35415000 epoch=7083 flow=2 side=new cur=6904950559 next=6865329016 tgt=6772878750 f=0.3 u=1 breach=9 end=
CBAP_MIG t=35415000 epoch=7083 flow=3 side=new cur=6904337969 next=6864900203 tgt=6772878750 f=0.3 u=1 breach=9 end=
CBAP_MIG t=35415000 epoch=7083 flow=4 side=new cur=6905356116 next=6865612906 tgt=6772878750 f=0.3 u=1 breach=9 end=
CBAP_MIG t=35415000 epoch=7083 flow=5 side=new cur=6905100184 next=6865433753 tgt=6772878750 f=0.3 u=1 breach=9 end=
CBAP_MIG t=35415000 epoch=7083 flow=6 side=new cur=6904717888 next=6865166146 tgt=6772878750 f=0.3 u=1 breach=9 end=
CBAP_MIG t=35415000 epoch=7083 flow=8 side=new cur=6905200903 next=6865504257 tgt=6772878750 f=0.3 u=1 breach=9 end=
CBAP_MIG t=35415000 epoch=7083 flow=9 side=new cur=6905169621 next=6865482359 tgt=6772878750 f=0.3 u=1 breach=9 end=
CBAP_MIG t=35415000 epoch=7083 flow=10 side=new cur=6905343530 next=6865604096 tgt=6772878750 f=0.3 u=1 breach=9 end=
CBAP_MIG t=35415000 epoch=7083 flow=11 side=new cur=6905445016 next=6865675136 tgt=6772878750 f=0.3 u=1 breach=9 end=
CBAP_MIG t=35415000 epoch=7083 flow=12 side=new cur=6905281474 next=6865560656 tgt=6772878750 f=0.3 u=1 breach=9 end=
CBAP_MIG t=35415000 epoch=7083 flow=13 side=new cur=6905288123 next=6865565311 tgt=6772878750 f=0.3 u=1 breach=9 end=
CBAP_MIG t=35415000 epoch=7083 flow=14 side=new cur=6904931283 next=6865315523 tgt=6772878750 f=0.3 u=1 breach=9 end=
CBAP_MIG t=35415000 epoch=7083 flow=15 side=new cur=6905200903 next=6865504257 tgt=6772878750 f=0.3 u=1 breach=9 end=
CBAP_MIG t=35415000 epoch=7083 flow=16 side=new cur=6905186724 next=6865494331 tgt=6772878750 f=0.3 u=1 breach=9 end=
CBAP_MIG t=35415000 epoch=7083 flow=17 side=new cur=6904430935 next=6864965279 tgt=6772878750 f=0.3 u=1 breach=9 end=
CBAP_MIG t=35415000 epoch=7083 flow=18 side=new cur=6905122146 next=6865449127 tgt=6772878750 f=0.3 u=1 breach=9 end=
CBAP_MIG t=35415000 epoch=7083 flow=19 side=new cur=6905355858 next=6865612725 tgt=6772878750 f=0.3 u=1 breach=9 end=
CBAP_MIG t=35415000 epoch=7083 flow=20 side=new cur=6904931283 next=6865315523 tgt=6772878750 f=0.3 u=1 breach=9 end=
CBAP_MIG t=35415000 epoch=7083 flow=21 side=new cur=6904950559 next=6865329016 tgt=6772878750 f=0.3 u=1 breach=9 end=
CBAP_MIG t=35415000 epoch=7083 flow=22 side=new cur=6905035411 next=6865388412 tgt=6772878750 f=0.3 u=1 breach=9 end=
CBAP_MIG t=35415000 epoch=7083 flow=23 side=new cur=6905309128 next=6865580014 tgt=6772878750 f=0.3 u=1 breach=9 end=
CBAP_MIG t=35415000 epoch=7083 flow=24 side=new cur=6905352634 next=6865610468 tgt=6772878750 f=0.3 u=1 breach=9 end=
CBAP_MIG t=35415000 epoch=7083 flow=25 side=new cur=6905355858 next=6865612725 tgt=6772878750 f=0.3 u=1 breach=9 end=
CBAP_MIG t=35415000 epoch=7083 flow=26 side=new cur=6905403506 next=6865646079 tgt=6772878750 f=0.3 u=1 breach=9 end=
CBAP_MIG t=35415000 epoch=7083 flow=29 side=new cur=6905387233 next=6865634688 tgt=6772878750 f=0.3 u=1 breach=9 end=
CBAP_MIG t=35415000 epoch=7083 flow=30 side=new cur=6905343530 next=6865604096 tgt=6772878750 f=0.3 u=1 breach=9 end=
CBAP_MIG t=35415000 epoch=7083 flow=31 side=new cur=6904950559 next=6865329016 tgt=6772878750 f=0.3 u=1 breach=9 end=
CBAP_MIG t=35415000 epoch=7083 flow=32 side=new cur=6904528693 next=6865033710 tgt=6772878750 f=0.3 u=1 breach=9 end=
CBAP_MIG t=35415000 epoch=7083 flow=33 side=new cur=6905290376 next=6865566888 tgt=6772878750 f=0.3 u=1 breach=9 end=
CBAP_MIG t=35415000 epoch=7083 flow=34 side=new cur=6905200903 next=6865504257 tgt=6772878750 f=0.3 u=1 breach=9 end=
CBAP_MIG t=35415000 epoch=7083 flow=35 side=new cur=6905355858 next=6865612725 tgt=6772878750 f=0.3 u=1 breach=9 end=
CBAP_MIG t=35415000 epoch=7083 flow=36 side=new cur=6905355858 next=6865612725 tgt=6772878750 f=0.3 u=1 breach=9 end=
CBAP_MIG t=35415000 epoch=7083 flow=37 side=new cur=6904242073 next=6864833076 tgt=6772878750 f=0.3 u=1 breach=9 end=
CBAP_MIG t=35415000 epoch=7083 flow=38 side=new cur=6904950559 next=6865329016 tgt=6772878750 f=0.3 u=1 breach=9 end=
CBAP_MIG t=35415000 epoch=7083 flow=40 side=new cur=6904430935 next=6864965279 tgt=6772878750 f=0.3 u=1 breach=9 end=
CBAP_MIG t=35415000 epoch=7083 flow=41 side=new cur=6905035411 next=6865388412 tgt=6772878750 f=0.3 u=1 breach=9 end=
CBAP_MIG t=35415000 epoch=7083 flow=42 side=new cur=6905337446 next=6865599837 tgt=6772878750 f=0.3 u=1 breach=9 end=
CBAP_MIG t=35415000 epoch=7083 flow=43 side=new cur=6905355858 next=6865612725 tgt=6772878750 f=0.3 u=1 breach=9 end=
CBAP_MIG t=35415000 epoch=7083 flow=44 side=new cur=6905391074 next=6865637376 tgt=6772878750 f=0.3 u=1 breach=9 end=
CBAP_MIG t=35415000 epoch=7083 flow=45 side=new cur=6905221893 next=6865518950 tgt=6772878750 f=0.3 u=1 breach=9 end=
CBAP_MIG t=35415000 epoch=7083 flow=46 side=new cur=6905288123 next=6865565311 tgt=6772878750 f=0.3 u=1 breach=9 end=
CBAP_MIG t=35415000 epoch=7083 flow=47 side=new cur=6905445016 next=6865675136 tgt=6772878750 f=0.3 u=1 breach=9 end=
CBAP_MIG t=35415000 epoch=7083 flow=48 side=new cur=6905346726 next=6865606333 tgt=6772878750 f=0.3 u=1 breach=9 end=
CBAP_MIG t=35415000 epoch=7083 flow=49 side=new cur=6904942447 next=6865323337 tgt=6772878750 f=0.3 u=1 breach=9 end=
CBAP_MIG t=35415000 epoch=7083 flow=50 side=new cur=6904453688 next=6864981206 tgt=6772878750 f=0.3 u=1 breach=9 end=
CBAP_MIG t=35415000 epoch=7083 flow=51 side=new cur=6904931283 next=6865315523 tgt=6772878750 f=0.3 u=1 breach=9 end=
CBAP_MIG t=35415000 epoch=7083 flow=52 side=new cur=6904931283 next=6865315523 tgt=6772878750 f=0.3 u=1 breach=9 end=
CBAP_MIG t=35415000 epoch=7083 flow=53 side=new cur=6905202486 next=6865505365 tgt=6772878750 f=0.3 u=1 breach=9 end=
CBAP_MIG t=35415000 epoch=7083 flow=54 side=new cur=6905251063 next=6865539369 tgt=6772878750 f=0.3 u=1 breach=9 end=
CBAP_MIG t=35415000 epoch=7083 flow=55 side=new cur=6905343530 next=6865604096 tgt=6772878750 f=0.3 u=1 breach=9 end=
CBAP_MIG t=35415000 epoch=7083 flow=56 side=new cur=6905445016 next=6865675136 tgt=6772878750 f=0.3 u=1 breach=9 end=
CBAP_MIG t=35415000 epoch=7083 flow=57 side=new cur=6905281474 next=6865560656 tgt=6772878750 f=0.3 u=1 breach=9 end=
CBAP_MIG t=35415000 epoch=7083 flow=58 side=new cur=6904465136 next=6864989220 tgt=6772878750 f=0.3 u=1 breach=9 end=
CBAP_MIG t=35415000 epoch=7083 flow=59 side=new cur=6905193665 next=6865499190 tgt=6772878750 f=0.3 u=1 breach=9 end=
CBAP_MIG t=35415000 epoch=7083 flow=60 side=new cur=6904430935 next=6864965279 tgt=6772878750 f=0.3 u=1 breach=9 end=
CBAP_MIG t=35415000 epoch=7083 flow=61 side=new cur=6904814751 next=6865233950 tgt=6772878750 f=0.3 u=1 breach=9 end=
CBAP_MIG t=35415000 epoch=7083 flow=62 side=new cur=6905355858 next=6865612725 tgt=6772878750 f=0.3 u=1 breach=9 end=
CBAP_MIG t=35415000 epoch=7083 flow=63 side=new cur=6904950559 next=6865329016 tgt=6772878750 f=0.3 u=1 breach=9 end=
CBAP_MIG t=35415000 epoch=7083 flow=64 side=new cur=6904394732 next=6864939937 tgt=6772878750 f=0.3 u=1 breach=9 end=
CBAP_MIG t=35420000 epoch=7084 flow=2 side=new cur=6865329016 next=6837593936 tgt=6772878750 f=0.3 u=1 breach=9 end=converged
CBAP_MIG t=35420000 epoch=7084 flow=3 side=new cur=6864900203 next=6837293767 tgt=6772878750 f=0.3 u=1 breach=9 end=converged
CBAP_MIG t=35420000 epoch=7084 flow=4 side=new cur=6865612906 next=6837792659 tgt=6772878750 f=0.3 u=1 breach=9 end=converged
CBAP_MIG t=35420000 epoch=7084 flow=5 side=new cur=6865433753 next=6837667252 tgt=6772878750 f=0.3 u=1 breach=9 end=converged
CBAP_MIG t=35420000 epoch=7084 flow=6 side=new cur=6865166146 next=6837479927 tgt=6772878750 f=0.3 u=1 breach=9 end=converged
CBAP_MIG t=35420000 epoch=7084 flow=8 side=new cur=6865504257 next=6837716604 tgt=6772878750 f=0.3 u=1 breach=9 end=converged
CBAP_MIG t=35420000 epoch=7084 flow=9 side=new cur=6865482359 next=6837701276 tgt=6772878750 f=0.3 u=1 breach=9 end=converged
CBAP_MIG t=35420000 epoch=7084 flow=10 side=new cur=6865604096 next=6837786492 tgt=6772878750 f=0.3 u=1 breach=9 end=converged
CBAP_MIG t=35420000 epoch=7084 flow=11 side=new cur=6865675136 next=6837836220 tgt=6772878750 f=0.3 u=1 breach=9 end=converged
CBAP_MIG t=35420000 epoch=7084 flow=12 side=new cur=6865560656 next=6837756084 tgt=6772878750 f=0.3 u=1 breach=9 end=converged
CBAP_MIG t=35420000 epoch=7084 flow=13 side=new cur=6865565311 next=6837759342 tgt=6772878750 f=0.3 u=1 breach=9 end=converged
CBAP_MIG t=35420000 epoch=7084 flow=14 side=new cur=6865315523 next=6837584491 tgt=6772878750 f=0.3 u=1 breach=9 end=converged
CBAP_MIG t=35420000 epoch=7084 flow=15 side=new cur=6865504257 next=6837716604 tgt=6772878750 f=0.3 u=1 breach=9 end=converged
CBAP_MIG t=35420000 epoch=7084 flow=16 side=new cur=6865494331 next=6837709656 tgt=6772878750 f=0.3 u=1 breach=9 end=converged
CBAP_MIG t=35420000 epoch=7084 flow=17 side=new cur=6864965279 next=6837339320 tgt=6772878750 f=0.3 u=1 breach=9 end=converged
CBAP_MIG t=35420000 epoch=7084 flow=18 side=new cur=6865449127 next=6837678013 tgt=6772878750 f=0.3 u=1 breach=9 end=converged
CBAP_MIG t=35420000 epoch=7084 flow=19 side=new cur=6865612725 next=6837792532 tgt=6772878750 f=0.3 u=1 breach=9 end=converged
CBAP_MIG t=35420000 epoch=7084 flow=20 side=new cur=6865315523 next=6837584491 tgt=6772878750 f=0.3 u=1 breach=9 end=converged
CBAP_MIG t=35420000 epoch=7084 flow=21 side=new cur=6865329016 next=6837593936 tgt=6772878750 f=0.3 u=1 breach=9 end=converged
CBAP_MIG t=35420000 epoch=7084 flow=22 side=new cur=6865388412 next=6837635513 tgt=6772878750 f=0.3 u=1 breach=9 end=converged
CBAP_MIG t=35420000 epoch=7084 flow=23 side=new cur=6865580014 next=6837769634 tgt=6772878750 f=0.3 u=1 breach=9 end=converged
CBAP_MIG t=35420000 epoch=7084 flow=24 side=new cur=6865610468 next=6837790952 tgt=6772878750 f=0.3 u=1 breach=9 end=converged
CBAP_MIG t=35420000 epoch=7084 flow=25 side=new cur=6865612725 next=6837792532 tgt=6772878750 f=0.3 u=1 breach=9 end=converged
CBAP_MIG t=35420000 epoch=7084 flow=26 side=new cur=6865646079 next=6837815880 tgt=6772878750 f=0.3 u=1 breach=9 end=converged
CBAP_MIG t=35420000 epoch=7084 flow=29 side=new cur=6865634688 next=6837807906 tgt=6772878750 f=0.3 u=1 breach=9 end=converged
CBAP_MIG t=35420000 epoch=7084 flow=30 side=new cur=6865604096 next=6837786492 tgt=6772878750 f=0.3 u=1 breach=9 end=converged
CBAP_MIG t=35420000 epoch=7084 flow=31 side=new cur=6865329016 next=6837593936 tgt=6772878750 f=0.3 u=1 breach=9 end=converged
CBAP_MIG t=35420000 epoch=7084 flow=32 side=new cur=6865033710 next=6837387222 tgt=6772878750 f=0.3 u=1 breach=9 end=converged
CBAP_MIG t=35420000 epoch=7084 flow=33 side=new cur=6865566888 next=6837760446 tgt=6772878750 f=0.3 u=1 breach=9 end=converged
CBAP_MIG t=35420000 epoch=7084 flow=34 side=new cur=6865504257 next=6837716604 tgt=6772878750 f=0.3 u=1 breach=9 end=converged
CBAP_MIG t=35420000 epoch=7084 flow=35 side=new cur=6865612725 next=6837792532 tgt=6772878750 f=0.3 u=1 breach=9 end=converged
CBAP_MIG t=35420000 epoch=7084 flow=36 side=new cur=6865612725 next=6837792532 tgt=6772878750 f=0.3 u=1 breach=9 end=converged
CBAP_MIG t=35420000 epoch=7084 flow=37 side=new cur=6864833076 next=6837246778 tgt=6772878750 f=0.3 u=1 breach=9 end=converged
CBAP_MIG t=35420000 epoch=7084 flow=38 side=new cur=6865329016 next=6837593936 tgt=6772878750 f=0.3 u=1 breach=9 end=converged
CBAP_MIG t=35420000 epoch=7084 flow=40 side=new cur=6864965279 next=6837339320 tgt=6772878750 f=0.3 u=1 breach=9 end=converged
CBAP_MIG t=35420000 epoch=7084 flow=41 side=new cur=6865388412 next=6837635513 tgt=6772878750 f=0.3 u=1 breach=9 end=converged
CBAP_MIG t=35420000 epoch=7084 flow=42 side=new cur=6865599837 next=6837783510 tgt=6772878750 f=0.3 u=1 breach=9 end=converged
CBAP_MIG t=35420000 epoch=7084 flow=43 side=new cur=6865612725 next=6837792532 tgt=6772878750 f=0.3 u=1 breach=9 end=converged
CBAP_MIG t=35420000 epoch=7084 flow=44 side=new cur=6865637376 next=6837809788 tgt=6772878750 f=0.3 u=1 breach=9 end=converged
CBAP_MIG t=35420000 epoch=7084 flow=45 side=new cur=6865518950 next=6837726890 tgt=6772878750 f=0.3 u=1 breach=9 end=converged
CBAP_MIG t=35420000 epoch=7084 flow=46 side=new cur=6865565311 next=6837759342 tgt=6772878750 f=0.3 u=1 breach=9 end=converged
CBAP_MIG t=35420000 epoch=7084 flow=47 side=new cur=6865675136 next=6837836220 tgt=6772878750 f=0.3 u=1 breach=9 end=converged
CBAP_MIG t=35420000 epoch=7084 flow=48 side=new cur=6865606333 next=6837788058 tgt=6772878750 f=0.3 u=1 breach=9 end=converged
CBAP_MIG t=35420000 epoch=7084 flow=49 side=new cur=6865323337 next=6837589960 tgt=6772878750 f=0.3 u=1 breach=9 end=converged
CBAP_MIG t=35420000 epoch=7084 flow=50 side=new cur=6864981206 next=6837350469 tgt=6772878750 f=0.3 u=1 breach=9 end=converged
CBAP_MIG t=35420000 epoch=7084 flow=51 side=new cur=6865315523 next=6837584491 tgt=6772878750 f=0.3 u=1 breach=9 end=converged
CBAP_MIG t=35420000 epoch=7084 flow=52 side=new cur=6865315523 next=6837584491 tgt=6772878750 f=0.3 u=1 breach=9 end=converged
CBAP_MIG t=35420000 epoch=7084 flow=53 side=new cur=6865505365 next=6837717380 tgt=6772878750 f=0.3 u=1 breach=9 end=converged
CBAP_MIG t=35420000 epoch=7084 flow=54 side=new cur=6865539369 next=6837741183 tgt=6772878750 f=0.3 u=1 breach=9 end=converged
CBAP_MIG t=35420000 epoch=7084 flow=55 side=new cur=6865604096 next=6837786492 tgt=6772878750 f=0.3 u=1 breach=9 end=converged
CBAP_MIG t=35420000 epoch=7084 flow=56 side=new cur=6865675136 next=6837836220 tgt=6772878750 f=0.3 u=1 breach=9 end=converged
CBAP_MIG t=35420000 epoch=7084 flow=57 side=new cur=6865560656 next=6837756084 tgt=6772878750 f=0.3 u=1 breach=9 end=converged
CBAP_MIG t=35420000 epoch=7084 flow=58 side=new cur=6864989220 next=6837356079 tgt=6772878750 f=0.3 u=1 breach=9 end=converged
CBAP_MIG t=35420000 epoch=7084 flow=59 side=new cur=6865499190 next=6837713058 tgt=6772878750 f=0.3 u=1 breach=9 end=converged
CBAP_MIG t=35420000 epoch=7084 flow=60 side=new cur=6864965279 next=6837339320 tgt=6772878750 f=0.3 u=1 breach=9 end=converged
CBAP_MIG t=35420000 epoch=7084 flow=61 side=new cur=6865233950 next=6837527390 tgt=6772878750 f=0.3 u=1 breach=9 end=converged
CBAP_MIG t=35420000 epoch=7084 flow=62 side=new cur=6865612725 next=6837792532 tgt=6772878750 f=0.3 u=1 breach=9 end=converged
CBAP_MIG t=35420000 epoch=7084 flow=63 side=new cur=6865329016 next=6837593936 tgt=6772878750 f=0.3 u=1 breach=9 end=converged
CBAP_MIG t=35420000 epoch=7084 flow=64 side=new cur=6864939937 next=6837321580 tgt=6772878750 f=0.3 u=1 breach=9 end=converged
CBAP_MIG_REPLAN t=35485000 reason=active_set_shrank flow=0 batch=0 newest_batch=1 cur=4001075965 target=4000000000 ceiling=320000000000 old_side_present=1
CBAP_MIG_REPLAN t=35485000 reason=active_set_shrank flow=2 batch=1 newest_batch=1 cur=6837593936 target=6889653317 ceiling=400000000000 old_side_present=1
CBAP_MIG_REPLAN t=35485000 reason=active_set_shrank flow=3 batch=1 newest_batch=1 cur=6837293767 target=6889653317 ceiling=400000000000 old_side_present=1
CBAP_MIG_REPLAN t=35485000 reason=active_set_shrank flow=4 batch=1 newest_batch=1 cur=6837792659 target=6889653317 ceiling=400000000000 old_side_present=1
CBAP_MIG_REPLAN t=35485000 reason=active_set_shrank flow=5 batch=1 newest_batch=1 cur=6837667252 target=6889653317 ceiling=400000000000 old_side_present=1
CBAP_MIG_REPLAN t=35485000 reason=active_set_shrank flow=8 batch=1 newest_batch=1 cur=6837716604 target=6889653317 ceiling=400000000000 old_side_present=1
CBAP_MIG_REPLAN t=35485000 reason=active_set_shrank flow=9 batch=1 newest_batch=1 cur=6837701276 target=6889653317 ceiling=400000000000 old_side_present=1
CBAP_MIG_REPLAN t=35485000 reason=active_set_shrank flow=10 batch=1 newest_batch=1 cur=6837786492 target=6889653317 ceiling=400000000000 old_side_present=1
CBAP_MIG_REPLAN t=35485000 reason=active_set_shrank flow=11 batch=1 newest_batch=1 cur=6837836220 target=6889653317 ceiling=400000000000 old_side_present=1
CBAP_MIG_REPLAN t=35485000 reason=active_set_shrank flow=12 batch=1 newest_batch=1 cur=6837756084 target=6889653317 ceiling=400000000000 old_side_present=1
CBAP_MIG_REPLAN t=35485000 reason=active_set_shrank flow=13 batch=1 newest_batch=1 cur=6837759342 target=6889653317 ceiling=400000000000 old_side_present=1
CBAP_MIG_REPLAN t=35485000 reason=active_set_shrank flow=14 batch=1 newest_batch=1 cur=6837584491 target=6889653317 ceiling=400000000000 old_side_present=1
CBAP_MIG_REPLAN t=35485000 reason=active_set_shrank flow=15 batch=1 newest_batch=1 cur=6837716604 target=6889653317 ceiling=400000000000 old_side_present=1
CBAP_MIG_REPLAN t=35485000 reason=active_set_shrank flow=16 batch=1 newest_batch=1 cur=6837709656 target=6889653317 ceiling=400000000000 old_side_present=1
CBAP_MIG_REPLAN t=35485000 reason=active_set_shrank flow=17 batch=1 newest_batch=1 cur=6837339320 target=6889653317 ceiling=400000000000 old_side_present=1
CBAP_MIG_REPLAN t=35485000 reason=active_set_shrank flow=18 batch=1 newest_batch=1 cur=6837678013 target=6889653317 ceiling=400000000000 old_side_present=1
CBAP_MIG_REPLAN t=35485000 reason=active_set_shrank flow=19 batch=1 newest_batch=1 cur=6837792532 target=6889653317 ceiling=400000000000 old_side_present=1
CBAP_MIG_REPLAN t=35485000 reason=active_set_shrank flow=20 batch=1 newest_batch=1 cur=6837584491 target=6889653317 ceiling=400000000000 old_side_present=1
CBAP_MIG_REPLAN t=35485000 reason=active_set_shrank flow=21 batch=1 newest_batch=1 cur=6837593936 target=6889653317 ceiling=400000000000 old_side_present=1
CBAP_MIG_REPLAN t=35485000 reason=active_set_shrank flow=22 batch=1 newest_batch=1 cur=6837635513 target=6889653317 ceiling=400000000000 old_side_present=1
CBAP_MIG_REPLAN t=35485000 reason=active_set_shrank flow=23 batch=1 newest_batch=1 cur=6837769634 target=6889653317 ceiling=400000000000 old_side_present=1
CBAP_MIG_REPLAN t=35485000 reason=active_set_shrank flow=24 batch=1 newest_batch=1 cur=6837790952 target=6889653317 ceiling=400000000000 old_side_present=1
CBAP_MIG_REPLAN t=35485000 reason=active_set_shrank flow=25 batch=1 newest_batch=1 cur=6837792532 target=6889653317 ceiling=400000000000 old_side_present=1
CBAP_MIG_REPLAN t=35485000 reason=active_set_shrank flow=26 batch=1 newest_batch=1 cur=6837815880 target=6889653317 ceiling=400000000000 old_side_present=1
CBAP_MIG_REPLAN t=35485000 reason=active_set_shrank flow=29 batch=1 newest_batch=1 cur=6837807906 target=6889653317 ceiling=400000000000 old_side_present=1
CBAP_MIG_REPLAN t=35485000 reason=active_set_shrank flow=30 batch=1 newest_batch=1 cur=6837786492 target=6889653317 ceiling=400000000000 old_side_present=1
CBAP_MIG_REPLAN t=35485000 reason=active_set_shrank flow=31 batch=1 newest_batch=1 cur=6837593936 target=6889653317 ceiling=400000000000 old_side_present=1
CBAP_MIG_REPLAN t=35485000 reason=active_set_shrank flow=32 batch=1 newest_batch=1 cur=6837387222 target=6889653317 ceiling=400000000000 old_side_present=1
CBAP_MIG_REPLAN t=35485000 reason=active_set_shrank flow=33 batch=1 newest_batch=1 cur=6837760446 target=6889653317 ceiling=400000000000 old_side_present=1
CBAP_MIG_REPLAN t=35485000 reason=active_set_shrank flow=34 batch=1 newest_batch=1 cur=6837716604 target=6889653317 ceiling=400000000000 old_side_present=1
CBAP_MIG_REPLAN t=35485000 reason=active_set_shrank flow=35 batch=1 newest_batch=1 cur=6837792532 target=6889653317 ceiling=400000000000 old_side_present=1
CBAP_MIG_REPLAN t=35485000 reason=active_set_shrank flow=36 batch=1 newest_batch=1 cur=6837792532 target=6889653317 ceiling=400000000000 old_side_present=1
CBAP_MIG_REPLAN t=35485000 reason=active_set_shrank flow=37 batch=1 newest_batch=1 cur=6837246778 target=6889653317 ceiling=400000000000 old_side_present=1
CBAP_MIG_REPLAN t=35485000 reason=active_set_shrank flow=38 batch=1 newest_batch=1 cur=6837593936 target=6889653317 ceiling=400000000000 old_side_present=1
CBAP_MIG_REPLAN t=35485000 reason=active_set_shrank flow=40 batch=1 newest_batch=1 cur=6837339320 target=6889653317 ceiling=400000000000 old_side_present=1
CBAP_MIG_REPLAN t=35485000 reason=active_set_shrank flow=41 batch=1 newest_batch=1 cur=6837635513 target=6889653317 ceiling=400000000000 old_side_present=1
CBAP_MIG_REPLAN t=35485000 reason=active_set_shrank flow=42 batch=1 newest_batch=1 cur=6837783510 target=6889653317 ceiling=400000000000 old_side_present=1
CBAP_MIG_REPLAN t=35485000 reason=active_set_shrank flow=43 batch=1 newest_batch=1 cur=6837792532 target=6889653317 ceiling=400000000000 old_side_present=1
CBAP_MIG_REPLAN t=35485000 reason=active_set_shrank flow=44 batch=1 newest_batch=1 cur=6837809788 target=6889653317 ceiling=400000000000 old_side_present=1
CBAP_MIG_REPLAN t=35485000 reason=active_set_shrank flow=45 batch=1 newest_batch=1 cur=6837726890 target=6889653317 ceiling=400000000000 old_side_present=1
CBAP_MIG_REPLAN t=35485000 reason=active_set_shrank flow=46 batch=1 newest_batch=1 cur=6837759342 target=6889653317 ceiling=400000000000 old_side_present=1
CBAP_MIG_REPLAN t=35485000 reason=active_set_shrank flow=47 batch=1 newest_batch=1 cur=6837836220 target=6889653317 ceiling=400000000000 old_side_present=1
CBAP_MIG_REPLAN t=35485000 reason=active_set_shrank flow=48 batch=1 newest_batch=1 cur=6837788058 target=6889653317 ceiling=400000000000 old_side_present=1
CBAP_MIG_REPLAN t=35485000 reason=active_set_shrank flow=49 batch=1 newest_batch=1 cur=6837589960 target=6889653317 ceiling=400000000000 old_side_present=1
CBAP_MIG_REPLAN t=35485000 reason=active_set_shrank flow=50 batch=1 newest_batch=1 cur=6837350469 target=6889653317 ceiling=400000000000 old_side_present=1
CBAP_MIG_REPLAN t=35485000 reason=active_set_shrank flow=51 batch=1 newest_batch=1 cur=6837584491 target=6889653317 ceiling=400000000000 old_side_present=1
CBAP_MIG_REPLAN t=35485000 reason=active_set_shrank flow=52 batch=1 newest_batch=1 cur=6837584491 target=6889653317 ceiling=400000000000 old_side_present=1
CBAP_MIG_REPLAN t=35485000 reason=active_set_shrank flow=53 batch=1 newest_batch=1 cur=6837717380 target=6889653317 ceiling=400000000000 old_side_present=1
CBAP_MIG_REPLAN t=35485000 reason=active_set_shrank flow=54 batch=1 newest_batch=1 cur=6837741183 target=6889653317 ceiling=400000000000 old_side_present=1
CBAP_MIG_REPLAN t=35485000 reason=active_set_shrank flow=55 batch=1 newest_batch=1 cur=6837786492 target=6889653317 ceiling=400000000000 old_side_present=1
CBAP_MIG_REPLAN t=35485000 reason=active_set_shrank flow=56 batch=1 newest_batch=1 cur=6837836220 target=6889653317 ceiling=400000000000 old_side_present=1
CBAP_MIG_REPLAN t=35485000 reason=active_set_shrank flow=57 batch=1 newest_batch=1 cur=6837756084 target=6889653317 ceiling=400000000000 old_side_present=1
CBAP_MIG_REPLAN t=35485000 reason=active_set_shrank flow=58 batch=1 newest_batch=1 cur=6837356079 target=6889653317 ceiling=400000000000 old_side_present=1
CBAP_MIG_REPLAN t=35485000 reason=active_set_shrank flow=59 batch=1 newest_batch=1 cur=6837713058 target=6889653317 ceiling=400000000000 old_side_present=1
CBAP_MIG_REPLAN t=35485000 reason=active_set_shrank flow=60 batch=1 newest_batch=1 cur=6837339320 target=6889653317 ceiling=400000000000 old_side_present=1
CBAP_MIG_REPLAN t=35485000 reason=active_set_shrank flow=61 batch=1 newest_batch=1 cur=6837527390 target=6889653317 ceiling=400000000000 old_side_present=1
CBAP_MIG_REPLAN t=35485000 reason=active_set_shrank flow=62 batch=1 newest_batch=1 cur=6837792532 target=6889653317 ceiling=400000000000 old_side_present=1
CBAP_MIG_REPLAN t=35485000 reason=active_set_shrank flow=63 batch=1 newest_batch=1 cur=6837593936 target=6889653317 ceiling=400000000000 old_side_present=1
CBAP_MIG_REPLAN t=35485000 reason=active_set_shrank flow=64 batch=1 newest_batch=1 cur=6837321580 target=6889653317 ceiling=400000000000 old_side_present=1
CBAP_MIG t=35485000 epoch=7097 flow=0 side=old cur=4001075965 next=4000753175 tgt=4000000000 f=0.3 u=1 breach=0 end=converged
CBAP_MIG t=35485000 epoch=7097 flow=2 side=new cur=6837593936 next=6847745515 tgt=6889653317 f=0.195 u=1 breach=9 end=converged
CBAP_MIG t=35485000 epoch=7097 flow=3 side=new cur=6837293767 next=6847503879 tgt=6889653317 f=0.195 u=1 breach=9 end=converged
CBAP_MIG t=35485000 epoch=7097 flow=4 side=new cur=6837792659 next=6847905487 tgt=6889653317 f=0.195 u=1 breach=9 end=converged
CBAP_MIG t=35485000 epoch=7097 flow=5 side=new cur=6837667252 next=6847804534 tgt=6889653317 f=0.195 u=1 breach=9 end=converged
CBAP_MIG t=35485000 epoch=7097 flow=8 side=new cur=6837716604 next=6847844263 tgt=6889653317 f=0.195 u=1 breach=9 end=converged
CBAP_MIG t=35485000 epoch=7097 flow=9 side=new cur=6837701276 next=6847831923 tgt=6889653317 f=0.195 u=1 breach=9 end=converged
CBAP_MIG t=35485000 epoch=7097 flow=10 side=new cur=6837786492 next=6847900522 tgt=6889653317 f=0.195 u=1 breach=9 end=converged
CBAP_MIG t=35485000 epoch=7097 flow=11 side=new cur=6837836220 next=6847940553 tgt=6889653317 f=0.195 u=1 breach=9 end=converged
CBAP_MIG t=35485000 epoch=7097 flow=12 side=new cur=6837756084 next=6847876044 tgt=6889653317 f=0.195 u=1 breach=9 end=converged
CBAP_MIG t=35485000 epoch=7097 flow=13 side=new cur=6837759342 next=6847878667 tgt=6889653317 f=0.195 u=1 breach=9 end=converged
CBAP_MIG t=35485000 epoch=7097 flow=14 side=new cur=6837584491 next=6847737912 tgt=6889653317 f=0.195 u=1 breach=9 end=converged
CBAP_MIG t=35485000 epoch=7097 flow=15 side=new cur=6837716604 next=6847844263 tgt=6889653317 f=0.195 u=1 breach=9 end=converged
CBAP_MIG t=35485000 epoch=7097 flow=16 side=new cur=6837709656 next=6847838669 tgt=6889653317 f=0.195 u=1 breach=9 end=converged
CBAP_MIG t=35485000 epoch=7097 flow=17 side=new cur=6837339320 next=6847540549 tgt=6889653317 f=0.195 u=1 breach=9 end=converged
CBAP_MIG t=35485000 epoch=7097 flow=18 side=new cur=6837678013 next=6847813197 tgt=6889653317 f=0.195 u=1 breach=9 end=converged
CBAP_MIG t=35485000 epoch=7097 flow=19 side=new cur=6837792532 next=6847905385 tgt=6889653317 f=0.195 u=1 breach=9 end=converged
CBAP_MIG t=35485000 epoch=7097 flow=20 side=new cur=6837584491 next=6847737912 tgt=6889653317 f=0.195 u=1 breach=9 end=converged
CBAP_MIG t=35485000 epoch=7097 flow=21 side=new cur=6837593936 next=6847745515 tgt=6889653317 f=0.195 u=1 breach=9 end=converged
CBAP_MIG t=35485000 epoch=7097 flow=22 side=new cur=6837635513 next=6847778984 tgt=6889653317 f=0.195 u=1 breach=9 end=converged
CBAP_MIG t=35485000 epoch=7097 flow=23 side=new cur=6837769634 next=6847886952 tgt=6889653317 f=0.195 u=1 breach=9 end=converged
CBAP_MIG t=35485000 epoch=7097 flow=24 side=new cur=6837790952 next=6847904113 tgt=6889653317 f=0.195 u=1 breach=9 end=converged
CBAP_MIG t=35485000 epoch=7097 flow=25 side=new cur=6837792532 next=6847905385 tgt=6889653317 f=0.195 u=1 breach=9 end=converged
CBAP_MIG t=35485000 epoch=7097 flow=26 side=new cur=6837815880 next=6847924180 tgt=6889653317 f=0.195 u=1 breach=9 end=converged
CBAP_MIG t=35485000 epoch=7097 flow=29 side=new cur=6837807906 next=6847917761 tgt=6889653317 f=0.195 u=1 breach=9 end=converged
CBAP_MIG t=35485000 epoch=7097 flow=30 side=new cur=6837786492 next=6847900522 tgt=6889653317 f=0.195 u=1 breach=9 end=converged
CBAP_MIG t=35485000 epoch=7097 flow=31 side=new cur=6837593936 next=6847745515 tgt=6889653317 f=0.195 u=1 breach=9 end=converged
CBAP_MIG t=35485000 epoch=7097 flow=32 side=new cur=6837387222 next=6847579110 tgt=6889653317 f=0.195 u=1 breach=9 end=converged
CBAP_MIG t=35485000 epoch=7097 flow=33 side=new cur=6837760446 next=6847879555 tgt=6889653317 f=0.195 u=1 breach=9 end=converged
CBAP_MIG t=35485000 epoch=7097 flow=34 side=new cur=6837716604 next=6847844263 tgt=6889653317 f=0.195 u=1 breach=9 end=converged
CBAP_MIG t=35485000 epoch=7097 flow=35 side=new cur=6837792532 next=6847905385 tgt=6889653317 f=0.195 u=1 breach=9 end=converged
CBAP_MIG t=35485000 epoch=7097 flow=36 side=new cur=6837792532 next=6847905385 tgt=6889653317 f=0.195 u=1 breach=9 end=converged
CBAP_MIG t=35485000 epoch=7097 flow=37 side=new cur=6837246778 next=6847466053 tgt=6889653317 f=0.195 u=1 breach=9 end=converged
CBAP_MIG t=35485000 epoch=7097 flow=38 side=new cur=6837593936 next=6847745515 tgt=6889653317 f=0.195 u=1 breach=9 end=converged
CBAP_MIG t=35485000 epoch=7097 flow=40 side=new cur=6837339320 next=6847540549 tgt=6889653317 f=0.195 u=1 breach=9 end=converged
CBAP_MIG t=35485000 epoch=7097 flow=41 side=new cur=6837635513 next=6847778984 tgt=6889653317 f=0.195 u=1 breach=9 end=converged
CBAP_MIG t=35485000 epoch=7097 flow=42 side=new cur=6837783510 next=6847898122 tgt=6889653317 f=0.195 u=1 breach=9 end=converged
CBAP_MIG t=35485000 epoch=7097 flow=43 side=new cur=6837792532 next=6847905385 tgt=6889653317 f=0.195 u=1 breach=9 end=converged
CBAP_MIG t=35485000 epoch=7097 flow=44 side=new cur=6837809788 next=6847919276 tgt=6889653317 f=0.195 u=1 breach=9 end=converged
CBAP_MIG t=35485000 epoch=7097 flow=45 side=new cur=6837726890 next=6847852543 tgt=6889653317 f=0.195 u=1 breach=9 end=converged
CBAP_MIG t=35485000 epoch=7097 flow=46 side=new cur=6837759342 next=6847878667 tgt=6889653317 f=0.195 u=1 breach=9 end=converged
CBAP_MIG t=35485000 epoch=7097 flow=47 side=new cur=6837836220 next=6847940553 tgt=6889653317 f=0.195 u=1 breach=9 end=converged
CBAP_MIG t=35485000 epoch=7097 flow=48 side=new cur=6837788058 next=6847901783 tgt=6889653317 f=0.195 u=1 breach=9 end=converged
CBAP_MIG t=35485000 epoch=7097 flow=49 side=new cur=6837589960 next=6847742314 tgt=6889653317 f=0.195 u=1 breach=9 end=converged
CBAP_MIG t=35485000 epoch=7097 flow=50 side=new cur=6837350469 next=6847549524 tgt=6889653317 f=0.195 u=1 breach=9 end=converged
CBAP_MIG t=35485000 epoch=7097 flow=51 side=new cur=6837584491 next=6847737912 tgt=6889653317 f=0.195 u=1 breach=9 end=converged
CBAP_MIG t=35485000 epoch=7097 flow=52 side=new cur=6837584491 next=6847737912 tgt=6889653317 f=0.195 u=1 breach=9 end=converged
CBAP_MIG t=35485000 epoch=7097 flow=53 side=new cur=6837717380 next=6847844887 tgt=6889653317 f=0.195 u=1 breach=9 end=converged
CBAP_MIG t=35485000 epoch=7097 flow=54 side=new cur=6837741183 next=6847864049 tgt=6889653317 f=0.195 u=1 breach=9 end=converged
CBAP_MIG t=35485000 epoch=7097 flow=55 side=new cur=6837786492 next=6847900522 tgt=6889653317 f=0.195 u=1 breach=9 end=converged
CBAP_MIG t=35485000 epoch=7097 flow=56 side=new cur=6837836220 next=6847940553 tgt=6889653317 f=0.195 u=1 breach=9 end=converged
CBAP_MIG t=35485000 epoch=7097 flow=57 side=new cur=6837756084 next=6847876044 tgt=6889653317 f=0.195 u=1 breach=9 end=converged
CBAP_MIG t=35485000 epoch=7097 flow=58 side=new cur=6837356079 next=6847554040 tgt=6889653317 f=0.195 u=1 breach=9 end=converged
CBAP_MIG t=35485000 epoch=7097 flow=59 side=new cur=6837713058 next=6847841408 tgt=6889653317 f=0.195 u=1 breach=9 end=converged
CBAP_MIG t=35485000 epoch=7097 flow=60 side=new cur=6837339320 next=6847540549 tgt=6889653317 f=0.195 u=1 breach=9 end=converged
CBAP_MIG t=35485000 epoch=7097 flow=61 side=new cur=6837527390 next=6847691945 tgt=6889653317 f=0.195 u=1 breach=9 end=converged
CBAP_MIG t=35485000 epoch=7097 flow=62 side=new cur=6837792532 next=6847905385 tgt=6889653317 f=0.195 u=1 breach=9 end=converged
CBAP_MIG t=35485000 epoch=7097 flow=63 side=new cur=6837593936 next=6847745515 tgt=6889653317 f=0.195 u=1 breach=9 end=converged
CBAP_MIG t=35485000 epoch=7097 flow=64 side=new cur=6837321580 next=6847526268 tgt=6889653317 f=0.195 u=1 breach=9 end=converged
CBAP_MIG_REPLAN t=35520000 reason=active_set_shrank flow=0 batch=0 newest_batch=1 cur=4000753175 target=4000000000 ceiling=320000000000 old_side_present=1
CBAP_MIG_REPLAN t=35520000 reason=active_set_shrank flow=2 batch=1 newest_batch=1 cur=6847745515 target=7010524994 ceiling=400000000000 old_side_present=1
CBAP_MIG_REPLAN t=35520000 reason=active_set_shrank flow=3 batch=1 newest_batch=1 cur=6847503879 target=7010524994 ceiling=400000000000 old_side_present=1
CBAP_MIG_REPLAN t=35520000 reason=active_set_shrank flow=4 batch=1 newest_batch=1 cur=6847905487 target=7010524994 ceiling=400000000000 old_side_present=1
CBAP_MIG_REPLAN t=35520000 reason=active_set_shrank flow=5 batch=1 newest_batch=1 cur=6847804534 target=7010524994 ceiling=400000000000 old_side_present=1
CBAP_MIG_REPLAN t=35520000 reason=active_set_shrank flow=8 batch=1 newest_batch=1 cur=6847844263 target=7010524994 ceiling=400000000000 old_side_present=1
CBAP_MIG_REPLAN t=35520000 reason=active_set_shrank flow=9 batch=1 newest_batch=1 cur=6847831923 target=7010524994 ceiling=400000000000 old_side_present=1
CBAP_MIG_REPLAN t=35520000 reason=active_set_shrank flow=10 batch=1 newest_batch=1 cur=6847900522 target=7010524994 ceiling=400000000000 old_side_present=1
CBAP_MIG_REPLAN t=35520000 reason=active_set_shrank flow=11 batch=1 newest_batch=1 cur=6847940553 target=7010524994 ceiling=400000000000 old_side_present=1
CBAP_MIG_REPLAN t=35520000 reason=active_set_shrank flow=12 batch=1 newest_batch=1 cur=6847876044 target=7010524994 ceiling=400000000000 old_side_present=1
CBAP_MIG_REPLAN t=35520000 reason=active_set_shrank flow=13 batch=1 newest_batch=1 cur=6847878667 target=7010524994 ceiling=400000000000 old_side_present=1
CBAP_MIG_REPLAN t=35520000 reason=active_set_shrank flow=14 batch=1 newest_batch=1 cur=6847737912 target=7010524994 ceiling=400000000000 old_side_present=1
CBAP_MIG_REPLAN t=35520000 reason=active_set_shrank flow=15 batch=1 newest_batch=1 cur=6847844263 target=7010524994 ceiling=400000000000 old_side_present=1
CBAP_MIG_REPLAN t=35520000 reason=active_set_shrank flow=16 batch=1 newest_batch=1 cur=6847838669 target=7010524994 ceiling=400000000000 old_side_present=1
CBAP_MIG_REPLAN t=35520000 reason=active_set_shrank flow=17 batch=1 newest_batch=1 cur=6847540549 target=7010524994 ceiling=400000000000 old_side_present=1
CBAP_MIG_REPLAN t=35520000 reason=active_set_shrank flow=18 batch=1 newest_batch=1 cur=6847813197 target=7010524994 ceiling=400000000000 old_side_present=1
CBAP_MIG_REPLAN t=35520000 reason=active_set_shrank flow=19 batch=1 newest_batch=1 cur=6847905385 target=7010524994 ceiling=400000000000 old_side_present=1
CBAP_MIG_REPLAN t=35520000 reason=active_set_shrank flow=20 batch=1 newest_batch=1 cur=6847737912 target=7010524994 ceiling=400000000000 old_side_present=1
CBAP_MIG_REPLAN t=35520000 reason=active_set_shrank flow=21 batch=1 newest_batch=1 cur=6847745515 target=7010524994 ceiling=400000000000 old_side_present=1
CBAP_MIG_REPLAN t=35520000 reason=active_set_shrank flow=22 batch=1 newest_batch=1 cur=6847778984 target=7010524994 ceiling=400000000000 old_side_present=1
CBAP_MIG_REPLAN t=35520000 reason=active_set_shrank flow=23 batch=1 newest_batch=1 cur=6847886952 target=7010524994 ceiling=400000000000 old_side_present=1
CBAP_MIG_REPLAN t=35520000 reason=active_set_shrank flow=24 batch=1 newest_batch=1 cur=6847904113 target=7010524994 ceiling=400000000000 old_side_present=1
CBAP_MIG_REPLAN t=35520000 reason=active_set_shrank flow=25 batch=1 newest_batch=1 cur=6847905385 target=7010524994 ceiling=400000000000 old_side_present=1
CBAP_MIG_REPLAN t=35520000 reason=active_set_shrank flow=26 batch=1 newest_batch=1 cur=6847924180 target=7010524994 ceiling=400000000000 old_side_present=1
CBAP_MIG_REPLAN t=35520000 reason=active_set_shrank flow=29 batch=1 newest_batch=1 cur=6847917761 target=7010524994 ceiling=400000000000 old_side_present=1
CBAP_MIG_REPLAN t=35520000 reason=active_set_shrank flow=30 batch=1 newest_batch=1 cur=6847900522 target=7010524994 ceiling=400000000000 old_side_present=1
CBAP_MIG_REPLAN t=35520000 reason=active_set_shrank flow=31 batch=1 newest_batch=1 cur=6847745515 target=7010524994 ceiling=400000000000 old_side_present=1
CBAP_MIG_REPLAN t=35520000 reason=active_set_shrank flow=32 batch=1 newest_batch=1 cur=6847579110 target=7010524994 ceiling=400000000000 old_side_present=1
CBAP_MIG_REPLAN t=35520000 reason=active_set_shrank flow=33 batch=1 newest_batch=1 cur=6847879555 target=7010524994 ceiling=400000000000 old_side_present=1
CBAP_MIG_REPLAN t=35520000 reason=active_set_shrank flow=34 batch=1 newest_batch=1 cur=6847844263 target=7010524994 ceiling=400000000000 old_side_present=1
CBAP_MIG_REPLAN t=35520000 reason=active_set_shrank flow=35 batch=1 newest_batch=1 cur=6847905385 target=7010524994 ceiling=400000000000 old_side_present=1
CBAP_MIG_REPLAN t=35520000 reason=active_set_shrank flow=36 batch=1 newest_batch=1 cur=6847905385 target=7010524994 ceiling=400000000000 old_side_present=1
CBAP_MIG_REPLAN t=35520000 reason=active_set_shrank flow=37 batch=1 newest_batch=1 cur=6847466053 target=7010524994 ceiling=400000000000 old_side_present=1
CBAP_MIG_REPLAN t=35520000 reason=active_set_shrank flow=38 batch=1 newest_batch=1 cur=6847745515 target=7010524994 ceiling=400000000000 old_side_present=1
CBAP_MIG_REPLAN t=35520000 reason=active_set_shrank flow=40 batch=1 newest_batch=1 cur=6847540549 target=7010524994 ceiling=400000000000 old_side_present=1
CBAP_MIG_REPLAN t=35520000 reason=active_set_shrank flow=41 batch=1 newest_batch=1 cur=6847778984 target=7010524994 ceiling=400000000000 old_side_present=1
CBAP_MIG_REPLAN t=35520000 reason=active_set_shrank flow=42 batch=1 newest_batch=1 cur=6847898122 target=7010524994 ceiling=400000000000 old_side_present=1
CBAP_MIG_REPLAN t=35520000 reason=active_set_shrank flow=43 batch=1 newest_batch=1 cur=6847905385 target=7010524994 ceiling=400000000000 old_side_present=1
CBAP_MIG_REPLAN t=35520000 reason=active_set_shrank flow=44 batch=1 newest_batch=1 cur=6847919276 target=7010524994 ceiling=400000000000 old_side_present=1
CBAP_MIG_REPLAN t=35520000 reason=active_set_shrank flow=45 batch=1 newest_batch=1 cur=6847852543 target=7010524994 ceiling=400000000000 old_side_present=1
CBAP_MIG_REPLAN t=35520000 reason=active_set_shrank flow=46 batch=1 newest_batch=1 cur=6847878667 target=7010524994 ceiling=400000000000 old_side_present=1
CBAP_MIG_REPLAN t=35520000 reason=active_set_shrank flow=47 batch=1 newest_batch=1 cur=6847940553 target=7010524994 ceiling=400000000000 old_side_present=1
CBAP_MIG_REPLAN t=35520000 reason=active_set_shrank flow=48 batch=1 newest_batch=1 cur=6847901783 target=7010524994 ceiling=400000000000 old_side_present=1
CBAP_MIG_REPLAN t=35520000 reason=active_set_shrank flow=49 batch=1 newest_batch=1 cur=6847742314 target=7010524994 ceiling=400000000000 old_side_present=1
CBAP_MIG_REPLAN t=35520000 reason=active_set_shrank flow=51 batch=1 newest_batch=1 cur=6847737912 target=7010524994 ceiling=400000000000 old_side_present=1
CBAP_MIG_REPLAN t=35520000 reason=active_set_shrank flow=52 batch=1 newest_batch=1 cur=6847737912 target=7010524994 ceiling=400000000000 old_side_present=1
CBAP_MIG_REPLAN t=35520000 reason=active_set_shrank flow=53 batch=1 newest_batch=1 cur=6847844887 target=7010524994 ceiling=400000000000 old_side_present=1
CBAP_MIG_REPLAN t=35520000 reason=active_set_shrank flow=54 batch=1 newest_batch=1 cur=6847864049 target=7010524994 ceiling=400000000000 old_side_present=1
CBAP_MIG_REPLAN t=35520000 reason=active_set_shrank flow=55 batch=1 newest_batch=1 cur=6847900522 target=7010524994 ceiling=400000000000 old_side_present=1
CBAP_MIG_REPLAN t=35520000 reason=active_set_shrank flow=56 batch=1 newest_batch=1 cur=6847940553 target=7010524994 ceiling=400000000000 old_side_present=1
CBAP_MIG_REPLAN t=35520000 reason=active_set_shrank flow=57 batch=1 newest_batch=1 cur=6847876044 target=7010524994 ceiling=400000000000 old_side_present=1
CBAP_MIG_REPLAN t=35520000 reason=active_set_shrank flow=58 batch=1 newest_batch=1 cur=6847554040 target=7010524994 ceiling=400000000000 old_side_present=1
CBAP_MIG_REPLAN t=35520000 reason=active_set_shrank flow=59 batch=1 newest_batch=1 cur=6847841408 target=7010524994 ceiling=400000000000 old_side_present=1
CBAP_MIG_REPLAN t=35520000 reason=active_set_shrank flow=60 batch=1 newest_batch=1 cur=6847540549 target=7010524994 ceiling=400000000000 old_side_present=1
CBAP_MIG_REPLAN t=35520000 reason=active_set_shrank flow=61 batch=1 newest_batch=1 cur=6847691945 target=7010524994 ceiling=400000000000 old_side_present=1
CBAP_MIG_REPLAN t=35520000 reason=active_set_shrank flow=62 batch=1 newest_batch=1 cur=6847905385 target=7010524994 ceiling=400000000000 old_side_present=1
CBAP_MIG_REPLAN t=35520000 reason=active_set_shrank flow=63 batch=1 newest_batch=1 cur=6847745515 target=7010524994 ceiling=400000000000 old_side_present=1
CBAP_MIG_REPLAN t=35520000 reason=active_set_shrank flow=64 batch=1 newest_batch=1 cur=6847526268 target=7010524994 ceiling=400000000000 old_side_present=1
CBAP_MIG t=35520000 epoch=7104 flow=0 side=old cur=4000753175 next=4000527222 tgt=4000000000 f=0.3 u=1 breach=0 end=converged
CBAP_MIG t=35520000 epoch=7104 flow=2 side=new cur=6847745515 next=6879487513 tgt=7010524994 f=0.195 u=1 breach=9 end=
CBAP_MIG t=35520000 epoch=7104 flow=3 side=new cur=6847503879 next=6879292996 tgt=7010524994 f=0.195 u=1 breach=9 end=
CBAP_MIG t=35520000 epoch=7104 flow=4 side=new cur=6847905487 next=6879616290 tgt=7010524994 f=0.195 u=1 breach=9 end=
CBAP_MIG t=35520000 epoch=7104 flow=5 side=new cur=6847804534 next=6879535023 tgt=7010524994 f=0.195 u=1 breach=9 end=
CBAP_MIG t=35520000 epoch=7104 flow=8 side=new cur=6847844263 next=6879567005 tgt=7010524994 f=0.195 u=1 breach=9 end=
CBAP_MIG t=35520000 epoch=7104 flow=9 side=new cur=6847831923 next=6879557071 tgt=7010524994 f=0.195 u=1 breach=9 end=
CBAP_MIG t=35520000 epoch=7104 flow=10 side=new cur=6847900522 next=6879612294 tgt=7010524994 f=0.195 u=1 breach=9 end=
CBAP_MIG t=35520000 epoch=7104 flow=11 side=new cur=6847940553 next=6879644518 tgt=7010524994 f=0.195 u=1 breach=9 end=
CBAP_MIG t=35520000 epoch=7104 flow=12 side=new cur=6847876044 next=6879592589 tgt=7010524994 f=0.195 u=1 breach=9 end=
CBAP_MIG t=35520000 epoch=7104 flow=13 side=new cur=6847878667 next=6879594700 tgt=7010524994 f=0.195 u=1 breach=9 end=
CBAP_MIG t=35520000 epoch=7104 flow=14 side=new cur=6847737912 next=6879481392 tgt=7010524994 f=0.195 u=1 breach=9 end=
CBAP_MIG t=35520000 epoch=7104 flow=15 side=new cur=6847844263 next=6879567005 tgt=7010524994 f=0.195 u=1 breach=9 end=
CBAP_MIG t=35520000 epoch=7104 flow=16 side=new cur=6847838669 next=6879562502 tgt=7010524994 f=0.195 u=1 breach=9 end=
CBAP_MIG t=35520000 epoch=7104 flow=17 side=new cur=6847540549 next=6879322515 tgt=7010524994 f=0.195 u=1 breach=9 end=
CBAP_MIG t=35520000 epoch=7104 flow=18 side=new cur=6847813197 next=6879541997 tgt=7010524994 f=0.195 u=1 breach=9 end=
CBAP_MIG t=35520000 epoch=7104 flow=19 side=new cur=6847905385 next=6879616208 tgt=7010524994 f=0.195 u=1 breach=9 end=
CBAP_MIG t=35520000 epoch=7104 flow=20 side=new cur=6847737912 next=6879481392 tgt=7010524994 f=0.195 u=1 breach=9 end=
CBAP_MIG t=35520000 epoch=7104 flow=21 side=new cur=6847745515 next=6879487513 tgt=7010524994 f=0.195 u=1 breach=9 end=
CBAP_MIG t=35520000 epoch=7104 flow=22 side=new cur=6847778984 next=6879514455 tgt=7010524994 f=0.195 u=1 breach=9 end=
CBAP_MIG t=35520000 epoch=7104 flow=23 side=new cur=6847886952 next=6879601370 tgt=7010524994 f=0.195 u=1 breach=9 end=
CBAP_MIG t=35520000 epoch=7104 flow=24 side=new cur=6847904113 next=6879615184 tgt=7010524994 f=0.195 u=1 breach=9 end=
CBAP_MIG t=35520000 epoch=7104 flow=25 side=new cur=6847905385 next=6879616208 tgt=7010524994 f=0.195 u=1 breach=9 end=
CBAP_MIG t=35520000 epoch=7104 flow=26 side=new cur=6847924180 next=6879631338 tgt=7010524994 f=0.195 u=1 breach=9 end=
CBAP_MIG t=35520000 epoch=7104 flow=29 side=new cur=6847917761 next=6879626171 tgt=7010524994 f=0.195 u=1 breach=9 end=
CBAP_MIG t=35520000 epoch=7104 flow=30 side=new cur=6847900522 next=6879612294 tgt=7010524994 f=0.195 u=1 breach=9 end=
CBAP_MIG t=35520000 epoch=7104 flow=31 side=new cur=6847745515 next=6879487513 tgt=7010524994 f=0.195 u=1 breach=9 end=
CBAP_MIG t=35520000 epoch=7104 flow=32 side=new cur=6847579110 next=6879353557 tgt=7010524994 f=0.195 u=1 breach=9 end=
CBAP_MIG t=35520000 epoch=7104 flow=33 side=new cur=6847879555 next=6879595415 tgt=7010524994 f=0.195 u=1 breach=9 end=
CBAP_MIG t=35520000 epoch=7104 flow=34 side=new cur=6847844263 next=6879567005 tgt=7010524994 f=0.195 u=1 breach=9 end=
CBAP_MIG t=35520000 epoch=7104 flow=35 side=new cur=6847905385 next=6879616208 tgt=7010524994 f=0.195 u=1 breach=9 end=
CBAP_MIG t=35520000 epoch=7104 flow=36 side=new cur=6847905385 next=6879616208 tgt=7010524994 f=0.195 u=1 breach=9 end=
CBAP_MIG t=35520000 epoch=7104 flow=37 side=new cur=6847466053 next=6879262546 tgt=7010524994 f=0.195 u=1 breach=9 end=
CBAP_MIG t=35520000 epoch=7104 flow=38 side=new cur=6847745515 next=6879487513 tgt=7010524994 f=0.195 u=1 breach=9 end=
CBAP_MIG t=35520000 epoch=7104 flow=40 side=new cur=6847540549 next=6879322515 tgt=7010524994 f=0.195 u=1 breach=9 end=
CBAP_MIG t=35520000 epoch=7104 flow=41 side=new cur=6847778984 next=6879514455 tgt=7010524994 f=0.195 u=1 breach=9 end=
CBAP_MIG t=35520000 epoch=7104 flow=42 side=new cur=6847898122 next=6879610362 tgt=7010524994 f=0.195 u=1 breach=9 end=
CBAP_MIG t=35520000 epoch=7104 flow=43 side=new cur=6847905385 next=6879616208 tgt=7010524994 f=0.195 u=1 breach=9 end=
CBAP_MIG t=35520000 epoch=7104 flow=44 side=new cur=6847919276 next=6879627391 tgt=7010524994 f=0.195 u=1 breach=9 end=
CBAP_MIG t=35520000 epoch=7104 flow=45 side=new cur=6847852543 next=6879573670 tgt=7010524994 f=0.195 u=1 breach=9 end=
CBAP_MIG t=35520000 epoch=7104 flow=46 side=new cur=6847878667 next=6879594700 tgt=7010524994 f=0.195 u=1 breach=9 end=
CBAP_MIG t=35520000 epoch=7104 flow=47 side=new cur=6847940553 next=6879644518 tgt=7010524994 f=0.195 u=1 breach=9 end=
CBAP_MIG t=35520000 epoch=7104 flow=48 side=new cur=6847901783 next=6879613309 tgt=7010524994 f=0.195 u=1 breach=9 end=
CBAP_MIG t=35520000 epoch=7104 flow=49 side=new cur=6847742314 next=6879484936 tgt=7010524994 f=0.195 u=1 breach=9 end=
CBAP_MIG t=35520000 epoch=7104 flow=51 side=new cur=6847737912 next=6879481392 tgt=7010524994 f=0.195 u=1 breach=9 end=
CBAP_MIG t=35520000 epoch=7104 flow=52 side=new cur=6847737912 next=6879481392 tgt=7010524994 f=0.195 u=1 breach=9 end=
CBAP_MIG t=35520000 epoch=7104 flow=53 side=new cur=6847844887 next=6879567507 tgt=7010524994 f=0.195 u=1 breach=9 end=
CBAP_MIG t=35520000 epoch=7104 flow=54 side=new cur=6847864049 next=6879582933 tgt=7010524994 f=0.195 u=1 breach=9 end=
CBAP_MIG t=35520000 epoch=7104 flow=55 side=new cur=6847900522 next=6879612294 tgt=7010524994 f=0.195 u=1 breach=9 end=
CBAP_MIG t=35520000 epoch=7104 flow=56 side=new cur=6847940553 next=6879644518 tgt=7010524994 f=0.195 u=1 breach=9 end=
CBAP_MIG t=35520000 epoch=7104 flow=57 side=new cur=6847876044 next=6879592589 tgt=7010524994 f=0.195 u=1 breach=9 end=
CBAP_MIG t=35520000 epoch=7104 flow=58 side=new cur=6847554040 next=6879333376 tgt=7010524994 f=0.195 u=1 breach=9 end=
CBAP_MIG t=35520000 epoch=7104 flow=59 side=new cur=6847841408 next=6879564707 tgt=7010524994 f=0.195 u=1 breach=9 end=
CBAP_MIG t=35520000 epoch=7104 flow=60 side=new cur=6847540549 next=6879322515 tgt=7010524994 f=0.195 u=1 breach=9 end=
CBAP_MIG t=35520000 epoch=7104 flow=61 side=new cur=6847691945 next=6879444389 tgt=7010524994 f=0.195 u=1 breach=9 end=
CBAP_MIG t=35520000 epoch=7104 flow=62 side=new cur=6847905385 next=6879616208 tgt=7010524994 f=0.195 u=1 breach=9 end=
CBAP_MIG t=35520000 epoch=7104 flow=63 side=new cur=6847745515 next=6879487513 tgt=7010524994 f=0.195 u=1 breach=9 end=
CBAP_MIG t=35520000 epoch=7104 flow=64 side=new cur=6847526268 next=6879311019 tgt=7010524994 f=0.195 u=1 breach=9 end=
CBAP_MIG t=35525000 epoch=7105 flow=2 side=new cur=6879487513 next=6905039821 tgt=7010524994 f=0.195 u=1 breach=9 end=
CBAP_MIG t=35525000 epoch=7105 flow=3 side=new cur=6879292996 next=6904883235 tgt=7010524994 f=0.195 u=1 breach=9 end=
CBAP_MIG t=35525000 epoch=7105 flow=4 side=new cur=6879616290 next=6905143487 tgt=7010524994 f=0.195 u=1 breach=9 end=
CBAP_MIG t=35525000 epoch=7105 flow=5 side=new cur=6879535023 next=6905078067 tgt=7010524994 f=0.195 u=1 breach=9 end=
CBAP_MIG t=35525000 epoch=7105 flow=8 side=new cur=6879567005 next=6905103812 tgt=7010524994 f=0.195 u=1 breach=9 end=
CBAP_MIG t=35525000 epoch=7105 flow=9 side=new cur=6879557071 next=6905095815 tgt=7010524994 f=0.195 u=1 breach=9 end=
CBAP_MIG t=35525000 epoch=7105 flow=10 side=new cur=6879612294 next=6905140270 tgt=7010524994 f=0.195 u=1 breach=9 end=
CBAP_MIG t=35525000 epoch=7105 flow=11 side=new cur=6879644518 next=6905166210 tgt=7010524994 f=0.195 u=1 breach=9 end=
CBAP_MIG t=35525000 epoch=7105 flow=12 side=new cur=6879592589 next=6905124407 tgt=7010524994 f=0.195 u=1 breach=9 end=
CBAP_MIG t=35525000 epoch=7105 flow=13 side=new cur=6879594700 next=6905126107 tgt=7010524994 f=0.195 u=1 breach=9 end=
CBAP_MIG t=35525000 epoch=7105 flow=14 side=new cur=6879481392 next=6905034894 tgt=7010524994 f=0.195 u=1 breach=9 end=
CBAP_MIG t=35525000 epoch=7105 flow=15 side=new cur=6879567005 next=6905103812 tgt=7010524994 f=0.195 u=1 breach=9 end=
CBAP_MIG t=35525000 epoch=7105 flow=16 side=new cur=6879562502 next=6905100187 tgt=7010524994 f=0.195 u=1 breach=9 end=
CBAP_MIG t=35525000 epoch=7105 flow=17 side=new cur=6879322515 next=6904906998 tgt=7010524994 f=0.195 u=1 breach=9 end=
CBAP_MIG t=35525000 epoch=7105 flow=18 side=new cur=6879541997 next=6905083681 tgt=7010524994 f=0.195 u=1 breach=9 end=
CBAP_MIG t=35525000 epoch=7105 flow=19 side=new cur=6879616208 next=6905143421 tgt=7010524994 f=0.195 u=1 breach=9 end=
CBAP_MIG t=35525000 epoch=7105 flow=20 side=new cur=6879481392 next=6905034894 tgt=7010524994 f=0.195 u=1 breach=9 end=
CBAP_MIG t=35525000 epoch=7105 flow=21 side=new cur=6879487513 next=6905039821 tgt=7010524994 f=0.195 u=1 breach=9 end=
CBAP_MIG t=35525000 epoch=7105 flow=22 side=new cur=6879514455 next=6905061510 tgt=7010524994 f=0.195 u=1 breach=9 end=
CBAP_MIG t=35525000 epoch=7105 flow=23 side=new cur=6879601370 next=6905131476 tgt=7010524994 f=0.195 u=1 breach=9 end=
CBAP_MIG t=35525000 epoch=7105 flow=24 side=new cur=6879615184 next=6905142596 tgt=7010524994 f=0.195 u=1 breach=9 end=
CBAP_MIG t=35525000 epoch=7105 flow=25 side=new cur=6879616208 next=6905143421 tgt=7010524994 f=0.195 u=1 breach=9 end=
CBAP_MIG t=35525000 epoch=7105 flow=26 side=new cur=6879631338 next=6905155600 tgt=7010524994 f=0.195 u=1 breach=9 end=
CBAP_MIG t=35525000 epoch=7105 flow=29 side=new cur=6879626171 next=6905151441 tgt=7010524994 f=0.195 u=1 breach=9 end=
CBAP_MIG t=35525000 epoch=7105 flow=30 side=new cur=6879612294 next=6905140270 tgt=7010524994 f=0.195 u=1 breach=9 end=
CBAP_MIG t=35525000 epoch=7105 flow=31 side=new cur=6879487513 next=6905039821 tgt=7010524994 f=0.195 u=1 breach=9 end=
CBAP_MIG t=35525000 epoch=7105 flow=32 side=new cur=6879353557 next=6904931987 tgt=7010524994 f=0.195 u=1 breach=9 end=
CBAP_MIG t=35525000 epoch=7105 flow=33 side=new cur=6879595415 next=6905126682 tgt=7010524994 f=0.195 u=1 breach=9 end=
CBAP_MIG t=35525000 epoch=7105 flow=34 side=new cur=6879567005 next=6905103812 tgt=7010524994 f=0.195 u=1 breach=9 end=
CBAP_MIG t=35525000 epoch=7105 flow=35 side=new cur=6879616208 next=6905143421 tgt=7010524994 f=0.195 u=1 breach=9 end=
CBAP_MIG t=35525000 epoch=7105 flow=36 side=new cur=6879616208 next=6905143421 tgt=7010524994 f=0.195 u=1 breach=9 end=
CBAP_MIG t=35525000 epoch=7105 flow=37 side=new cur=6879262546 next=6904858723 tgt=7010524994 f=0.195 u=1 breach=9 end=
CBAP_MIG t=35525000 epoch=7105 flow=38 side=new cur=6879487513 next=6905039821 tgt=7010524994 f=0.195 u=1 breach=9 end=
CBAP_MIG t=35525000 epoch=7105 flow=40 side=new cur=6879322515 next=6904906998 tgt=7010524994 f=0.195 u=1 breach=9 end=
CBAP_MIG t=35525000 epoch=7105 flow=41 side=new cur=6879514455 next=6905061510 tgt=7010524994 f=0.195 u=1 breach=9 end=
CBAP_MIG t=35525000 epoch=7105 flow=42 side=new cur=6879610362 next=6905138715 tgt=7010524994 f=0.195 u=1 breach=9 end=
CBAP_MIG t=35525000 epoch=7105 flow=43 side=new cur=6879616208 next=6905143421 tgt=7010524994 f=0.195 u=1 breach=9 end=
CBAP_MIG t=35525000 epoch=7105 flow=44 side=new cur=6879627391 next=6905152423 tgt=7010524994 f=0.195 u=1 breach=9 end=
CBAP_MIG t=35525000 epoch=7105 flow=45 side=new cur=6879573670 next=6905109178 tgt=7010524994 f=0.195 u=1 breach=9 end=
CBAP_MIG t=35525000 epoch=7105 flow=46 side=new cur=6879594700 next=6905126107 tgt=7010524994 f=0.195 u=1 breach=9 end=
CBAP_MIG t=35525000 epoch=7105 flow=47 side=new cur=6879644518 next=6905166210 tgt=7010524994 f=0.195 u=1 breach=9 end=
CBAP_MIG t=35525000 epoch=7105 flow=48 side=new cur=6879613309 next=6905141087 tgt=7010524994 f=0.195 u=1 breach=9 end=
CBAP_MIG t=35525000 epoch=7105 flow=49 side=new cur=6879484936 next=6905037747 tgt=7010524994 f=0.195 u=1 breach=9 end=
CBAP_MIG t=35525000 epoch=7105 flow=51 side=new cur=6879481392 next=6905034894 tgt=7010524994 f=0.195 u=1 breach=9 end=
CBAP_MIG t=35525000 epoch=7105 flow=52 side=new cur=6879481392 next=6905034894 tgt=7010524994 f=0.195 u=1 breach=9 end=
CBAP_MIG t=35525000 epoch=7105 flow=53 side=new cur=6879567507 next=6905104216 tgt=7010524994 f=0.195 u=1 breach=9 end=
CBAP_MIG t=35525000 epoch=7105 flow=54 side=new cur=6879582933 next=6905116634 tgt=7010524994 f=0.195 u=1 breach=9 end=
CBAP_MIG t=35525000 epoch=7105 flow=55 side=new cur=6879612294 next=6905140270 tgt=7010524994 f=0.195 u=1 breach=9 end=
CBAP_MIG t=35525000 epoch=7105 flow=56 side=new cur=6879644518 next=6905166210 tgt=7010524994 f=0.195 u=1 breach=9 end=
CBAP_MIG t=35525000 epoch=7105 flow=57 side=new cur=6879592589 next=6905124407 tgt=7010524994 f=0.195 u=1 breach=9 end=
CBAP_MIG t=35525000 epoch=7105 flow=58 side=new cur=6879333376 next=6904915741 tgt=7010524994 f=0.195 u=1 breach=9 end=
CBAP_MIG t=35525000 epoch=7105 flow=59 side=new cur=6879564707 next=6905101962 tgt=7010524994 f=0.195 u=1 breach=9 end=
CBAP_MIG t=35525000 epoch=7105 flow=60 side=new cur=6879322515 next=6904906998 tgt=7010524994 f=0.195 u=1 breach=9 end=
CBAP_MIG t=35525000 epoch=7105 flow=61 side=new cur=6879444389 next=6905005106 tgt=7010524994 f=0.195 u=1 breach=9 end=
CBAP_MIG t=35525000 epoch=7105 flow=62 side=new cur=6879616208 next=6905143421 tgt=7010524994 f=0.195 u=1 breach=9 end=
CBAP_MIG t=35525000 epoch=7105 flow=63 side=new cur=6879487513 next=6905039821 tgt=7010524994 f=0.195 u=1 breach=9 end=
CBAP_MIG t=35525000 epoch=7105 flow=64 side=new cur=6879311019 next=6904897744 tgt=7010524994 f=0.195 u=1 breach=9 end=
CBAP_MIG t=35530000 epoch=7106 flow=2 side=new cur=6905039821 next=6925609429 tgt=7010524994 f=0.195 u=1 breach=9 end=
CBAP_MIG t=35530000 epoch=7106 flow=3 side=new cur=6904883235 next=6925483378 tgt=7010524994 f=0.195 u=1 breach=9 end=
CBAP_MIG t=35530000 epoch=7106 flow=4 side=new cur=6905143487 next=6925692880 tgt=7010524994 f=0.195 u=1 breach=9 end=
CBAP_MIG t=35530000 epoch=7106 flow=5 side=new cur=6905078067 next=6925640217 tgt=7010524994 f=0.195 u=1 breach=9 end=
CBAP_MIG t=35530000 epoch=7106 flow=8 side=new cur=6905103812 next=6925660942 tgt=7010524994 f=0.195 u=1 breach=9 end=
CBAP_MIG t=35530000 epoch=7106 flow=9 side=new cur=6905095815 next=6925654504 tgt=7010524994 f=0.195 u=1 breach=9 end=
CBAP_MIG t=35530000 epoch=7106 flow=10 side=new cur=6905140270 next=6925690291 tgt=7010524994 f=0.195 u=1 breach=9 end=
CBAP_MIG t=35530000 epoch=7106 flow=11 side=new cur=6905166210 next=6925711172 tgt=7010524994 f=0.195 u=1 breach=9 end=
CBAP_MIG t=35530000 epoch=7106 flow=12 side=new cur=6905124407 next=6925677521 tgt=7010524994 f=0.195 u=1 breach=9 end=
CBAP_MIG t=35530000 epoch=7106 flow=13 side=new cur=6905126107 next=6925678889 tgt=7010524994 f=0.195 u=1 breach=9 end=
CBAP_MIG t=35530000 epoch=7106 flow=14 side=new cur=6905034894 next=6925605463 tgt=7010524994 f=0.195 u=1 breach=9 end=
CBAP_MIG t=35530000 epoch=7106 flow=15 side=new cur=6905103812 next=6925660942 tgt=7010524994 f=0.195 u=1 breach=9 end=
CBAP_MIG t=35530000 epoch=7106 flow=16 side=new cur=6905100187 next=6925658024 tgt=7010524994 f=0.195 u=1 breach=9 end=
CBAP_MIG t=35530000 epoch=7106 flow=17 side=new cur=6904906998 next=6925502507 tgt=7010524994 f=0.195 u=1 breach=9 end=
CBAP_MIG t=35530000 epoch=7106 flow=18 side=new cur=6905083681 next=6925644737 tgt=7010524994 f=0.195 u=1 breach=9 end=
CBAP_MIG t=35530000 epoch=7106 flow=19 side=new cur=6905143421 next=6925692827 tgt=7010524994 f=0.195 u=1 breach=9 end=
CBAP_MIG t=35530000 epoch=7106 flow=20 side=new cur=6905034894 next=6925605463 tgt=7010524994 f=0.195 u=1 breach=9 end=
CBAP_MIG t=35530000 epoch=7106 flow=21 side=new cur=6905039821 next=6925609429 tgt=7010524994 f=0.195 u=1 breach=9 end=
CBAP_MIG t=35530000 epoch=7106 flow=22 side=new cur=6905061510 next=6925626889 tgt=7010524994 f=0.195 u=1 breach=9 end=
CBAP_MIG t=35530000 epoch=7106 flow=23 side=new cur=6905131476 next=6925683212 tgt=7010524994 f=0.195 u=1 breach=9 end=
CBAP_MIG t=35530000 epoch=7106 flow=24 side=new cur=6905142596 next=6925692163 tgt=7010524994 f=0.195 u=1 breach=9 end=
CBAP_MIG t=35530000 epoch=7106 flow=25 side=new cur=6905143421 next=6925692827 tgt=7010524994 f=0.195 u=1 breach=9 end=
CBAP_MIG t=35530000 epoch=7106 flow=26 side=new cur=6905155600 next=6925702631 tgt=7010524994 f=0.195 u=1 breach=9 end=
CBAP_MIG t=35530000 epoch=7106 flow=29 side=new cur=6905151441 next=6925699283 tgt=7010524994 f=0.195 u=1 breach=9 end=
CBAP_MIG t=35530000 epoch=7106 flow=30 side=new cur=6905140270 next=6925690291 tgt=7010524994 f=0.195 u=1 breach=9 end=
CBAP_MIG t=35530000 epoch=7106 flow=31 side=new cur=6905039821 next=6925609429 tgt=7010524994 f=0.195 u=1 breach=9 end=
CBAP_MIG t=35530000 epoch=7106 flow=32 side=new cur=6904931987 next=6925522623 tgt=7010524994 f=0.195 u=1 breach=9 end=
CBAP_MIG t=35530000 epoch=7106 flow=33 side=new cur=6905126682 next=6925679352 tgt=7010524994 f=0.195 u=1 breach=9 end=
CBAP_MIG t=35530000 epoch=7106 flow=34 side=new cur=6905103812 next=6925660942 tgt=7010524994 f=0.195 u=1 breach=9 end=
CBAP_MIG t=35530000 epoch=7106 flow=35 side=new cur=6905143421 next=6925692827 tgt=7010524994 f=0.195 u=1 breach=9 end=
CBAP_MIG t=35530000 epoch=7106 flow=36 side=new cur=6905143421 next=6925692827 tgt=7010524994 f=0.195 u=1 breach=9 end=
CBAP_MIG t=35530000 epoch=7106 flow=37 side=new cur=6904858723 next=6925463645 tgt=7010524994 f=0.195 u=1 breach=9 end=
CBAP_MIG t=35530000 epoch=7106 flow=38 side=new cur=6905039821 next=6925609429 tgt=7010524994 f=0.195 u=1 breach=9 end=
CBAP_MIG t=35530000 epoch=7106 flow=40 side=new cur=6904906998 next=6925502507 tgt=7010524994 f=0.195 u=1 breach=9 end=
CBAP_MIG t=35530000 epoch=7106 flow=41 side=new cur=6905061510 next=6925626889 tgt=7010524994 f=0.195 u=1 breach=9 end=
CBAP_MIG t=35530000 epoch=7106 flow=42 side=new cur=6905138715 next=6925689039 tgt=7010524994 f=0.195 u=1 breach=9 end=
CBAP_MIG t=35530000 epoch=7106 flow=43 side=new cur=6905143421 next=6925692827 tgt=7010524994 f=0.195 u=1 breach=9 end=
CBAP_MIG t=35530000 epoch=7106 flow=44 side=new cur=6905152423 next=6925700074 tgt=7010524994 f=0.195 u=1 breach=9 end=
CBAP_MIG t=35530000 epoch=7106 flow=45 side=new cur=6905109178 next=6925665262 tgt=7010524994 f=0.195 u=1 breach=9 end=
CBAP_MIG t=35530000 epoch=7106 flow=46 side=new cur=6905126107 next=6925678889 tgt=7010524994 f=0.195 u=1 breach=9 end=
CBAP_MIG t=35530000 epoch=7106 flow=47 side=new cur=6905166210 next=6925711172 tgt=7010524994 f=0.195 u=1 breach=9 end=
CBAP_MIG t=35530000 epoch=7106 flow=48 side=new cur=6905141087 next=6925690948 tgt=7010524994 f=0.195 u=1 breach=9 end=
CBAP_MIG t=35530000 epoch=7106 flow=49 side=new cur=6905037747 next=6925607760 tgt=7010524994 f=0.195 u=1 breach=9 end=
CBAP_MIG t=35530000 epoch=7106 flow=51 side=new cur=6905034894 next=6925605463 tgt=7010524994 f=0.195 u=1 breach=9 end=
CBAP_MIG t=35530000 epoch=7106 flow=52 side=new cur=6905034894 next=6925605463 tgt=7010524994 f=0.195 u=1 breach=9 end=
CBAP_MIG t=35530000 epoch=7106 flow=53 side=new cur=6905104216 next=6925661267 tgt=7010524994 f=0.195 u=1 breach=9 end=
CBAP_MIG t=35530000 epoch=7106 flow=54 side=new cur=6905116634 next=6925671264 tgt=7010524994 f=0.195 u=1 breach=9 end=
CBAP_MIG t=35530000 epoch=7106 flow=55 side=new cur=6905140270 next=6925690291 tgt=7010524994 f=0.195 u=1 breach=9 end=
CBAP_MIG t=35530000 epoch=7106 flow=56 side=new cur=6905166210 next=6925711172 tgt=7010524994 f=0.195 u=1 breach=9 end=
CBAP_MIG t=35530000 epoch=7106 flow=57 side=new cur=6905124407 next=6925677521 tgt=7010524994 f=0.195 u=1 breach=9 end=
CBAP_MIG t=35530000 epoch=7106 flow=58 side=new cur=6904915741 next=6925509545 tgt=7010524994 f=0.195 u=1 breach=9 end=
CBAP_MIG t=35530000 epoch=7106 flow=59 side=new cur=6905101962 next=6925659453 tgt=7010524994 f=0.195 u=1 breach=9 end=
CBAP_MIG t=35530000 epoch=7106 flow=60 side=new cur=6904906998 next=6925502507 tgt=7010524994 f=0.195 u=1 breach=9 end=
CBAP_MIG t=35530000 epoch=7106 flow=61 side=new cur=6905005106 next=6925581484 tgt=7010524994 f=0.195 u=1 breach=9 end=
CBAP_MIG t=35530000 epoch=7106 flow=62 side=new cur=6905143421 next=6925692827 tgt=7010524994 f=0.195 u=1 breach=9 end=
CBAP_MIG t=35530000 epoch=7106 flow=63 side=new cur=6905039821 next=6925609429 tgt=7010524994 f=0.195 u=1 breach=9 end=
CBAP_MIG t=35530000 epoch=7106 flow=64 side=new cur=6904897744 next=6925495057 tgt=7010524994 f=0.195 u=1 breach=9 end=
CBAP_MIG t=35535000 epoch=7107 flow=2 side=new cur=6925609429 next=6942167964 tgt=7010524994 f=0.195 u=1 breach=9 end=converged
CBAP_MIG t=35535000 epoch=7107 flow=3 side=new cur=6925483378 next=6942066493 tgt=7010524994 f=0.195 u=1 breach=9 end=converged
CBAP_MIG t=35535000 epoch=7107 flow=4 side=new cur=6925692880 next=6942235142 tgt=7010524994 f=0.195 u=1 breach=9 end=converged
CBAP_MIG t=35535000 epoch=7107 flow=5 side=new cur=6925640217 next=6942192748 tgt=7010524994 f=0.195 u=1 breach=9 end=converged
CBAP_MIG t=35535000 epoch=7107 flow=8 side=new cur=6925660942 next=6942209432 tgt=7010524994 f=0.195 u=1 breach=9 end=converged
CBAP_MIG t=35535000 epoch=7107 flow=9 side=new cur=6925654504 next=6942204249 tgt=7010524994 f=0.195 u=1 breach=9 end=converged
CBAP_MIG t=35535000 epoch=7107 flow=10 side=new cur=6925690291 next=6942233058 tgt=7010524994 f=0.195 u=1 breach=9 end=converged
CBAP_MIG t=35535000 epoch=7107 flow=11 side=new cur=6925711172 next=6942249867 tgt=7010524994 f=0.195 u=1 breach=9 end=converged
CBAP_MIG t=35535000 epoch=7107 flow=12 side=new cur=6925677521 next=6942222778 tgt=7010524994 f=0.195 u=1 breach=9 end=converged
CBAP_MIG t=35535000 epoch=7107 flow=13 side=new cur=6925678889 next=6942223879 tgt=7010524994 f=0.195 u=1 breach=9 end=converged
CBAP_MIG t=35535000 epoch=7107 flow=14 side=new cur=6925605463 next=6942164771 tgt=7010524994 f=0.195 u=1 breach=9 end=converged
CBAP_MIG t=35535000 epoch=7107 flow=15 side=new cur=6925660942 next=6942209432 tgt=7010524994 f=0.195 u=1 breach=9 end=converged
CBAP_MIG t=35535000 epoch=7107 flow=16 side=new cur=6925658024 next=6942207083 tgt=7010524994 f=0.195 u=1 breach=9 end=converged
CBAP_MIG t=35535000 epoch=7107 flow=17 side=new cur=6925502507 next=6942081891 tgt=7010524994 f=0.195 u=1 breach=9 end=converged
CBAP_MIG t=35535000 epoch=7107 flow=18 side=new cur=6925644737 next=6942196387 tgt=7010524994 f=0.195 u=1 breach=9 end=converged
CBAP_MIG t=35535000 epoch=7107 flow=19 side=new cur=6925692827 next=6942235099 tgt=7010524994 f=0.195 u=1 breach=9 end=converged
CBAP_MIG t=35535000 epoch=7107 flow=20 side=new cur=6925605463 next=6942164771 tgt=7010524994 f=0.195 u=1 breach=9 end=converged
CBAP_MIG t=35535000 epoch=7107 flow=21 side=new cur=6925609429 next=6942167964 tgt=7010524994 f=0.195 u=1 breach=9 end=converged
CBAP_MIG t=35535000 epoch=7107 flow=22 side=new cur=6925626889 next=6942182019 tgt=7010524994 f=0.195 u=1 breach=9 end=converged
CBAP_MIG t=35535000 epoch=7107 flow=23 side=new cur=6925683212 next=6942227359 tgt=7010524994 f=0.195 u=1 breach=9 end=converged
CBAP_MIG t=35535000 epoch=7107 flow=24 side=new cur=6925692163 next=6942234565 tgt=7010524994 f=0.195 u=1 breach=9 end=converged
CBAP_MIG t=35535000 epoch=7107 flow=25 side=new cur=6925692827 next=6942235099 tgt=7010524994 f=0.195 u=1 breach=9 end=converged
CBAP_MIG t=35535000 epoch=7107 flow=26 side=new cur=6925702631 next=6942242991 tgt=7010524994 f=0.195 u=1 breach=9 end=converged
CBAP_MIG t=35535000 epoch=7107 flow=29 side=new cur=6925699283 next=6942240296 tgt=7010524994 f=0.195 u=1 breach=9 end=converged
CBAP_MIG t=35535000 epoch=7107 flow=30 side=new cur=6925690291 next=6942233058 tgt=7010524994 f=0.195 u=1 breach=9 end=converged
CBAP_MIG t=35535000 epoch=7107 flow=31 side=new cur=6925609429 next=6942167964 tgt=7010524994 f=0.195 u=1 breach=9 end=converged
CBAP_MIG t=35535000 epoch=7107 flow=32 side=new cur=6925522623 next=6942098085 tgt=7010524994 f=0.195 u=1 breach=9 end=converged
CBAP_MIG t=35535000 epoch=7107 flow=33 side=new cur=6925679352 next=6942224252 tgt=7010524994 f=0.195 u=1 breach=9 end=converged
CBAP_MIG t=35535000 epoch=7107 flow=34 side=new cur=6925660942 next=6942209432 tgt=7010524994 f=0.195 u=1 breach=9 end=converged
CBAP_MIG t=35535000 epoch=7107 flow=35 side=new cur=6925692827 next=6942235099 tgt=7010524994 f=0.195 u=1 breach=9 end=converged
CBAP_MIG t=35535000 epoch=7107 flow=36 side=new cur=6925692827 next=6942235099 tgt=7010524994 f=0.195 u=1 breach=9 end=converged
CBAP_MIG t=35535000 epoch=7107 flow=37 side=new cur=6925463645 next=6942050608 tgt=7010524994 f=0.195 u=1 breach=9 end=converged
CBAP_MIG t=35535000 epoch=7107 flow=38 side=new cur=6925609429 next=6942167964 tgt=7010524994 f=0.195 u=1 breach=9 end=converged
CBAP_MIG t=35535000 epoch=7107 flow=40 side=new cur=6925502507 next=6942081891 tgt=7010524994 f=0.195 u=1 breach=9 end=converged
CBAP_MIG t=35535000 epoch=7107 flow=41 side=new cur=6925626889 next=6942182019 tgt=7010524994 f=0.195 u=1 breach=9 end=converged
CBAP_MIG t=35535000 epoch=7107 flow=42 side=new cur=6925689039 next=6942232050 tgt=7010524994 f=0.195 u=1 breach=9 end=converged
CBAP_MIG t=35535000 epoch=7107 flow=43 side=new cur=6925692827 next=6942235099 tgt=7010524994 f=0.195 u=1 breach=9 end=converged
CBAP_MIG t=35535000 epoch=7107 flow=44 side=new cur=6925700074 next=6942240933 tgt=7010524994 f=0.195 u=1 breach=9 end=converged
CBAP_MIG t=35535000 epoch=7107 flow=45 side=new cur=6925665262 next=6942212909 tgt=7010524994 f=0.195 u=1 breach=9 end=converged
CBAP_MIG t=35535000 epoch=7107 flow=46 side=new cur=6925678889 next=6942223879 tgt=7010524994 f=0.195 u=1 breach=9 end=converged
CBAP_MIG t=35535000 epoch=7107 flow=47 side=new cur=6925711172 next=6942249867 tgt=7010524994 f=0.195 u=1 breach=9 end=converged
CBAP_MIG t=35535000 epoch=7107 flow=48 side=new cur=6925690948 next=6942233586 tgt=7010524994 f=0.195 u=1 breach=9 end=converged
CBAP_MIG t=35535000 epoch=7107 flow=49 side=new cur=6925607760 next=6942166620 tgt=7010524994 f=0.195 u=1 breach=9 end=converged
CBAP_MIG t=35535000 epoch=7107 flow=51 side=new cur=6925605463 next=6942164771 tgt=7010524994 f=0.195 u=1 breach=9 end=converged
CBAP_MIG t=35535000 epoch=7107 flow=52 side=new cur=6925605463 next=6942164771 tgt=7010524994 f=0.195 u=1 breach=9 end=converged
CBAP_MIG t=35535000 epoch=7107 flow=53 side=new cur=6925661267 next=6942209693 tgt=7010524994 f=0.195 u=1 breach=9 end=converged
CBAP_MIG t=35535000 epoch=7107 flow=54 side=new cur=6925671264 next=6942217741 tgt=7010524994 f=0.195 u=1 breach=9 end=converged
CBAP_MIG t=35535000 epoch=7107 flow=55 side=new cur=6925690291 next=6942233058 tgt=7010524994 f=0.195 u=1 breach=9 end=converged
CBAP_MIG t=35535000 epoch=7107 flow=56 side=new cur=6925711172 next=6942249867 tgt=7010524994 f=0.195 u=1 breach=9 end=converged
CBAP_MIG t=35535000 epoch=7107 flow=57 side=new cur=6925677521 next=6942222778 tgt=7010524994 f=0.195 u=1 breach=9 end=converged
CBAP_MIG t=35535000 epoch=7107 flow=58 side=new cur=6925509545 next=6942087557 tgt=7010524994 f=0.195 u=1 breach=9 end=converged
CBAP_MIG t=35535000 epoch=7107 flow=59 side=new cur=6925659453 next=6942208233 tgt=7010524994 f=0.195 u=1 breach=9 end=converged
CBAP_MIG t=35535000 epoch=7107 flow=60 side=new cur=6925502507 next=6942081891 tgt=7010524994 f=0.195 u=1 breach=9 end=converged
CBAP_MIG t=35535000 epoch=7107 flow=61 side=new cur=6925581484 next=6942145468 tgt=7010524994 f=0.195 u=1 breach=9 end=converged
CBAP_MIG t=35535000 epoch=7107 flow=62 side=new cur=6925692827 next=6942235099 tgt=7010524994 f=0.195 u=1 breach=9 end=converged
CBAP_MIG t=35535000 epoch=7107 flow=63 side=new cur=6925609429 next=6942167964 tgt=7010524994 f=0.195 u=1 breach=9 end=converged
CBAP_MIG t=35535000 epoch=7107 flow=64 side=new cur=6925495057 next=6942075894 tgt=7010524994 f=0.195 u=1 breach=9 end=converged
CBAP_MIG_REPLAN t=35585000 reason=active_set_shrank flow=0 batch=0 newest_batch=1 cur=4000527222 target=4000000000 ceiling=320000000000 old_side_present=1
CBAP_MIG_REPLAN t=35585000 reason=active_set_shrank flow=2 batch=1 newest_batch=1 cur=6942167964 target=7135713344 ceiling=400000000000 old_side_present=1
CBAP_MIG_REPLAN t=35585000 reason=active_set_shrank flow=3 batch=1 newest_batch=1 cur=6942066493 target=7135713344 ceiling=400000000000 old_side_present=1
CBAP_MIG_REPLAN t=35585000 reason=active_set_shrank flow=4 batch=1 newest_batch=1 cur=6942235142 target=7135713344 ceiling=400000000000 old_side_present=1
CBAP_MIG_REPLAN t=35585000 reason=active_set_shrank flow=5 batch=1 newest_batch=1 cur=6942192748 target=7135713344 ceiling=400000000000 old_side_present=1
CBAP_MIG_REPLAN t=35585000 reason=active_set_shrank flow=8 batch=1 newest_batch=1 cur=6942209432 target=7135713344 ceiling=400000000000 old_side_present=1
CBAP_MIG_REPLAN t=35585000 reason=active_set_shrank flow=9 batch=1 newest_batch=1 cur=6942204249 target=7135713344 ceiling=400000000000 old_side_present=1
CBAP_MIG_REPLAN t=35585000 reason=active_set_shrank flow=10 batch=1 newest_batch=1 cur=6942233058 target=7135713344 ceiling=400000000000 old_side_present=1
CBAP_MIG_REPLAN t=35585000 reason=active_set_shrank flow=11 batch=1 newest_batch=1 cur=6942249867 target=7135713344 ceiling=400000000000 old_side_present=1
CBAP_MIG_REPLAN t=35585000 reason=active_set_shrank flow=12 batch=1 newest_batch=1 cur=6942222778 target=7135713344 ceiling=400000000000 old_side_present=1
CBAP_MIG_REPLAN t=35585000 reason=active_set_shrank flow=13 batch=1 newest_batch=1 cur=6942223879 target=7135713344 ceiling=400000000000 old_side_present=1
CBAP_MIG_REPLAN t=35585000 reason=active_set_shrank flow=14 batch=1 newest_batch=1 cur=6942164771 target=7135713344 ceiling=400000000000 old_side_present=1
CBAP_MIG_REPLAN t=35585000 reason=active_set_shrank flow=15 batch=1 newest_batch=1 cur=6942209432 target=7135713344 ceiling=400000000000 old_side_present=1
CBAP_MIG_REPLAN t=35585000 reason=active_set_shrank flow=16 batch=1 newest_batch=1 cur=6942207083 target=7135713344 ceiling=400000000000 old_side_present=1
CBAP_MIG_REPLAN t=35585000 reason=active_set_shrank flow=17 batch=1 newest_batch=1 cur=6942081891 target=7135713344 ceiling=400000000000 old_side_present=1
CBAP_MIG_REPLAN t=35585000 reason=active_set_shrank flow=18 batch=1 newest_batch=1 cur=6942196387 target=7135713344 ceiling=400000000000 old_side_present=1
CBAP_MIG_REPLAN t=35585000 reason=active_set_shrank flow=19 batch=1 newest_batch=1 cur=6942235099 target=7135713344 ceiling=400000000000 old_side_present=1
CBAP_MIG_REPLAN t=35585000 reason=active_set_shrank flow=20 batch=1 newest_batch=1 cur=6942164771 target=7135713344 ceiling=400000000000 old_side_present=1
CBAP_MIG_REPLAN t=35585000 reason=active_set_shrank flow=21 batch=1 newest_batch=1 cur=6942167964 target=7135713344 ceiling=400000000000 old_side_present=1
CBAP_MIG_REPLAN t=35585000 reason=active_set_shrank flow=22 batch=1 newest_batch=1 cur=6942182019 target=7135713344 ceiling=400000000000 old_side_present=1
CBAP_MIG_REPLAN t=35585000 reason=active_set_shrank flow=23 batch=1 newest_batch=1 cur=6942227359 target=7135713344 ceiling=400000000000 old_side_present=1
CBAP_MIG_REPLAN t=35585000 reason=active_set_shrank flow=24 batch=1 newest_batch=1 cur=6942234565 target=7135713344 ceiling=400000000000 old_side_present=1
CBAP_MIG_REPLAN t=35585000 reason=active_set_shrank flow=25 batch=1 newest_batch=1 cur=6942235099 target=7135713344 ceiling=400000000000 old_side_present=1
CBAP_MIG_REPLAN t=35585000 reason=active_set_shrank flow=26 batch=1 newest_batch=1 cur=6942242991 target=7135713344 ceiling=400000000000 old_side_present=1
CBAP_MIG_REPLAN t=35585000 reason=active_set_shrank flow=29 batch=1 newest_batch=1 cur=6942240296 target=7135713344 ceiling=400000000000 old_side_present=1
CBAP_MIG_REPLAN t=35585000 reason=active_set_shrank flow=30 batch=1 newest_batch=1 cur=6942233058 target=7135713344 ceiling=400000000000 old_side_present=1
CBAP_MIG_REPLAN t=35585000 reason=active_set_shrank flow=31 batch=1 newest_batch=1 cur=6942167964 target=7135713344 ceiling=400000000000 old_side_present=1
CBAP_MIG_REPLAN t=35585000 reason=active_set_shrank flow=33 batch=1 newest_batch=1 cur=6942224252 target=7135713344 ceiling=400000000000 old_side_present=1
CBAP_MIG_REPLAN t=35585000 reason=active_set_shrank flow=34 batch=1 newest_batch=1 cur=6942209432 target=7135713344 ceiling=400000000000 old_side_present=1
CBAP_MIG_REPLAN t=35585000 reason=active_set_shrank flow=35 batch=1 newest_batch=1 cur=6942235099 target=7135713344 ceiling=400000000000 old_side_present=1
CBAP_MIG_REPLAN t=35585000 reason=active_set_shrank flow=36 batch=1 newest_batch=1 cur=6942235099 target=7135713344 ceiling=400000000000 old_side_present=1
CBAP_MIG_REPLAN t=35585000 reason=active_set_shrank flow=37 batch=1 newest_batch=1 cur=6942050608 target=7135713344 ceiling=400000000000 old_side_present=1
CBAP_MIG_REPLAN t=35585000 reason=active_set_shrank flow=38 batch=1 newest_batch=1 cur=6942167964 target=7135713344 ceiling=400000000000 old_side_present=1
CBAP_MIG_REPLAN t=35585000 reason=active_set_shrank flow=40 batch=1 newest_batch=1 cur=6942081891 target=7135713344 ceiling=400000000000 old_side_present=1
CBAP_MIG_REPLAN t=35585000 reason=active_set_shrank flow=41 batch=1 newest_batch=1 cur=6942182019 target=7135713344 ceiling=400000000000 old_side_present=1
CBAP_MIG_REPLAN t=35585000 reason=active_set_shrank flow=42 batch=1 newest_batch=1 cur=6942232050 target=7135713344 ceiling=400000000000 old_side_present=1
CBAP_MIG_REPLAN t=35585000 reason=active_set_shrank flow=43 batch=1 newest_batch=1 cur=6942235099 target=7135713344 ceiling=400000000000 old_side_present=1
CBAP_MIG_REPLAN t=35585000 reason=active_set_shrank flow=44 batch=1 newest_batch=1 cur=6942240933 target=7135713344 ceiling=400000000000 old_side_present=1
CBAP_MIG_REPLAN t=35585000 reason=active_set_shrank flow=45 batch=1 newest_batch=1 cur=6942212909 target=7135713344 ceiling=400000000000 old_side_present=1
CBAP_MIG_REPLAN t=35585000 reason=active_set_shrank flow=46 batch=1 newest_batch=1 cur=6942223879 target=7135713344 ceiling=400000000000 old_side_present=1
CBAP_MIG_REPLAN t=35585000 reason=active_set_shrank flow=47 batch=1 newest_batch=1 cur=6942249867 target=7135713344 ceiling=400000000000 old_side_present=1
CBAP_MIG_REPLAN t=35585000 reason=active_set_shrank flow=48 batch=1 newest_batch=1 cur=6942233586 target=7135713344 ceiling=400000000000 old_side_present=1
CBAP_MIG_REPLAN t=35585000 reason=active_set_shrank flow=49 batch=1 newest_batch=1 cur=6942166620 target=7135713344 ceiling=400000000000 old_side_present=1
CBAP_MIG_REPLAN t=35585000 reason=active_set_shrank flow=51 batch=1 newest_batch=1 cur=6942164771 target=7135713344 ceiling=400000000000 old_side_present=1
CBAP_MIG_REPLAN t=35585000 reason=active_set_shrank flow=52 batch=1 newest_batch=1 cur=6942164771 target=7135713344 ceiling=400000000000 old_side_present=1
CBAP_MIG_REPLAN t=35585000 reason=active_set_shrank flow=53 batch=1 newest_batch=1 cur=6942209693 target=7135713344 ceiling=400000000000 old_side_present=1
CBAP_MIG_REPLAN t=35585000 reason=active_set_shrank flow=54 batch=1 newest_batch=1 cur=6942217741 target=7135713344 ceiling=400000000000 old_side_present=1
CBAP_MIG_REPLAN t=35585000 reason=active_set_shrank flow=55 batch=1 newest_batch=1 cur=6942233058 target=7135713344 ceiling=400000000000 old_side_present=1
CBAP_MIG_REPLAN t=35585000 reason=active_set_shrank flow=56 batch=1 newest_batch=1 cur=6942249867 target=7135713344 ceiling=400000000000 old_side_present=1
CBAP_MIG_REPLAN t=35585000 reason=active_set_shrank flow=57 batch=1 newest_batch=1 cur=6942222778 target=7135713344 ceiling=400000000000 old_side_present=1
CBAP_MIG_REPLAN t=35585000 reason=active_set_shrank flow=58 batch=1 newest_batch=1 cur=6942087557 target=7135713344 ceiling=400000000000 old_side_present=1
CBAP_MIG_REPLAN t=35585000 reason=active_set_shrank flow=59 batch=1 newest_batch=1 cur=6942208233 target=7135713344 ceiling=400000000000 old_side_present=1
CBAP_MIG_REPLAN t=35585000 reason=active_set_shrank flow=60 batch=1 newest_batch=1 cur=6942081891 target=7135713344 ceiling=400000000000 old_side_present=1
CBAP_MIG_REPLAN t=35585000 reason=active_set_shrank flow=61 batch=1 newest_batch=1 cur=6942145468 target=7135713344 ceiling=400000000000 old_side_present=1
CBAP_MIG_REPLAN t=35585000 reason=active_set_shrank flow=62 batch=1 newest_batch=1 cur=6942235099 target=7135713344 ceiling=400000000000 old_side_present=1
CBAP_MIG_REPLAN t=35585000 reason=active_set_shrank flow=63 batch=1 newest_batch=1 cur=6942167964 target=7135713344 ceiling=400000000000 old_side_present=1
CBAP_MIG_REPLAN t=35585000 reason=active_set_shrank flow=64 batch=1 newest_batch=1 cur=6942075894 target=7135713344 ceiling=400000000000 old_side_present=1
CBAP_MIG t=35585000 epoch=7117 flow=0 side=old cur=4000527222 next=4000369055 tgt=4000000000 f=0.3 u=1 breach=0 end=converged
CBAP_MIG t=35585000 epoch=7117 flow=2 side=new cur=6942167964 next=6979909313 tgt=7135713344 f=0.195 u=1 breach=9 end=
CBAP_MIG t=35585000 epoch=7117 flow=3 side=new cur=6942066493 next=6979827628 tgt=7135713344 f=0.195 u=1 breach=9 end=
CBAP_MIG t=35585000 epoch=7117 flow=4 side=new cur=6942235142 next=6979963391 tgt=7135713344 f=0.195 u=1 breach=9 end=
CBAP_MIG t=35585000 epoch=7117 flow=5 side=new cur=6942192748 next=6979929264 tgt=7135713344 f=0.195 u=1 breach=9 end=
CBAP_MIG t=35585000 epoch=7117 flow=8 side=new cur=6942209432 next=6979942694 tgt=7135713344 f=0.195 u=1 breach=9 end=
CBAP_MIG t=35585000 epoch=7117 flow=9 side=new cur=6942204249 next=6979938522 tgt=7135713344 f=0.195 u=1 breach=9 end=
CBAP_MIG t=35585000 epoch=7117 flow=10 side=new cur=6942233058 next=6979961713 tgt=7135713344 f=0.195 u=1 breach=9 end=
CBAP_MIG t=35585000 epoch=7117 flow=11 side=new cur=6942249867 next=6979975245 tgt=7135713344 f=0.195 u=1 breach=9 end=
CBAP_MIG t=35585000 epoch=7117 flow=12 side=new cur=6942222778 next=6979953438 tgt=7135713344 f=0.195 u=1 breach=9 end=
CBAP_MIG t=35585000 epoch=7117 flow=13 side=new cur=6942223879 next=6979954324 tgt=7135713344 f=0.195 u=1 breach=9 end=
CBAP_MIG t=35585000 epoch=7117 flow=14 side=new cur=6942164771 next=6979906742 tgt=7135713344 f=0.195 u=1 breach=9 end=
CBAP_MIG t=35585000 epoch=7117 flow=15 side=new cur=6942209432 next=6979942694 tgt=7135713344 f=0.195 u=1 breach=9 end=
CBAP_MIG t=35585000 epoch=7117 flow=16 side=new cur=6942207083 next=6979940803 tgt=7135713344 f=0.195 u=1 breach=9 end=
CBAP_MIG t=35585000 epoch=7117 flow=17 side=new cur=6942081891 next=6979840024 tgt=7135713344 f=0.195 u=1 breach=9 end=
CBAP_MIG t=35585000 epoch=7117 flow=18 side=new cur=6942196387 next=6979932193 tgt=7135713344 f=0.195 u=1 breach=9 end=
CBAP_MIG t=35585000 epoch=7117 flow=19 side=new cur=6942235099 next=6979963356 tgt=7135713344 f=0.195 u=1 breach=9 end=
CBAP_MIG t=35585000 epoch=7117 flow=20 side=new cur=6942164771 next=6979906742 tgt=7135713344 f=0.195 u=1 breach=9 end=
CBAP_MIG t=35585000 epoch=7117 flow=21 side=new cur=6942167964 next=6979909313 tgt=7135713344 f=0.195 u=1 breach=9 end=
CBAP_MIG t=35585000 epoch=7117 flow=22 side=new cur=6942182019 next=6979920627 tgt=7135713344 f=0.195 u=1 breach=9 end=
CBAP_MIG t=35585000 epoch=7117 flow=23 side=new cur=6942227359 next=6979957126 tgt=7135713344 f=0.195 u=1 breach=9 end=
CBAP_MIG t=35585000 epoch=7117 flow=24 side=new cur=6942234565 next=6979962926 tgt=7135713344 f=0.195 u=1 breach=9 end=
CBAP_MIG t=35585000 epoch=7117 flow=25 side=new cur=6942235099 next=6979963356 tgt=7135713344 f=0.195 u=1 breach=9 end=
CBAP_MIG t=35585000 epoch=7117 flow=26 side=new cur=6942242991 next=6979969709 tgt=7135713344 f=0.195 u=1 breach=9 end=
CBAP_MIG t=35585000 epoch=7117 flow=29 side=new cur=6942240296 next=6979967540 tgt=7135713344 f=0.195 u=1 breach=9 end=
CBAP_MIG t=35585000 epoch=7117 flow=30 side=new cur=6942233058 next=6979961713 tgt=7135713344 f=0.195 u=1 breach=9 end=
CBAP_MIG t=35585000 epoch=7117 flow=31 side=new cur=6942167964 next=6979909313 tgt=7135713344 f=0.195 u=1 breach=9 end=
CBAP_MIG t=35585000 epoch=7117 flow=33 side=new cur=6942224252 next=6979954624 tgt=7135713344 f=0.195 u=1 breach=9 end=
CBAP_MIG t=35585000 epoch=7117 flow=34 side=new cur=6942209432 next=6979942694 tgt=7135713344 f=0.195 u=1 breach=9 end=
CBAP_MIG t=35585000 epoch=7117 flow=35 side=new cur=6942235099 next=6979963356 tgt=7135713344 f=0.195 u=1 breach=9 end=
CBAP_MIG t=35585000 epoch=7117 flow=36 side=new cur=6942235099 next=6979963356 tgt=7135713344 f=0.195 u=1 breach=9 end=
CBAP_MIG t=35585000 epoch=7117 flow=37 side=new cur=6942050608 next=6979814841 tgt=7135713344 f=0.195 u=1 breach=9 end=
CBAP_MIG t=35585000 epoch=7117 flow=38 side=new cur=6942167964 next=6979909313 tgt=7135713344 f=0.195 u=1 breach=9 end=
CBAP_MIG t=35585000 epoch=7117 flow=40 side=new cur=6942081891 next=6979840024 tgt=7135713344 f=0.195 u=1 breach=9 end=
CBAP_MIG t=35585000 epoch=7117 flow=41 side=new cur=6942182019 next=6979920627 tgt=7135713344 f=0.195 u=1 breach=9 end=
CBAP_MIG t=35585000 epoch=7117 flow=42 side=new cur=6942232050 next=6979960902 tgt=7135713344 f=0.195 u=1 breach=9 end=
CBAP_MIG t=35585000 epoch=7117 flow=43 side=new cur=6942235099 next=6979963356 tgt=7135713344 f=0.195 u=1 breach=9 end=
CBAP_MIG t=35585000 epoch=7117 flow=44 side=new cur=6942240933 next=6979968053 tgt=7135713344 f=0.195 u=1 breach=9 end=
CBAP_MIG t=35585000 epoch=7117 flow=45 side=new cur=6942212909 next=6979945493 tgt=7135713344 f=0.195 u=1 breach=9 end=
CBAP_MIG t=35585000 epoch=7117 flow=46 side=new cur=6942223879 next=6979954324 tgt=7135713344 f=0.195 u=1 breach=9 end=
CBAP_MIG t=35585000 epoch=7117 flow=47 side=new cur=6942249867 next=6979975245 tgt=7135713344 f=0.195 u=1 breach=9 end=
CBAP_MIG t=35585000 epoch=7117 flow=48 side=new cur=6942233586 next=6979962138 tgt=7135713344 f=0.195 u=1 breach=9 end=
CBAP_MIG t=35585000 epoch=7117 flow=49 side=new cur=6942166620 next=6979908231 tgt=7135713344 f=0.195 u=1 breach=9 end=
CBAP_MIG t=35585000 epoch=7117 flow=51 side=new cur=6942164771 next=6979906742 tgt=7135713344 f=0.195 u=1 breach=9 end=
CBAP_MIG t=35585000 epoch=7117 flow=52 side=new cur=6942164771 next=6979906742 tgt=7135713344 f=0.195 u=1 breach=9 end=
CBAP_MIG t=35585000 epoch=7117 flow=53 side=new cur=6942209693 next=6979942904 tgt=7135713344 f=0.195 u=1 breach=9 end=
CBAP_MIG t=35585000 epoch=7117 flow=54 side=new cur=6942217741 next=6979949383 tgt=7135713344 f=0.195 u=1 breach=9 end=
CBAP_MIG t=35585000 epoch=7117 flow=55 side=new cur=6942233058 next=6979961713 tgt=7135713344 f=0.195 u=1 breach=9 end=
CBAP_MIG t=35585000 epoch=7117 flow=56 side=new cur=6942249867 next=6979975245 tgt=7135713344 f=0.195 u=1 breach=9 end=
CBAP_MIG t=35585000 epoch=7117 flow=57 side=new cur=6942222778 next=6979953438 tgt=7135713344 f=0.195 u=1 breach=9 end=
CBAP_MIG t=35585000 epoch=7117 flow=58 side=new cur=6942087557 next=6979844585 tgt=7135713344 f=0.195 u=1 breach=9 end=
CBAP_MIG t=35585000 epoch=7117 flow=59 side=new cur=6942208233 next=6979941729 tgt=7135713344 f=0.195 u=1 breach=9 end=
CBAP_MIG t=35585000 epoch=7117 flow=60 side=new cur=6942081891 next=6979840024 tgt=7135713344 f=0.195 u=1 breach=9 end=
CBAP_MIG t=35585000 epoch=7117 flow=61 side=new cur=6942145468 next=6979891203 tgt=7135713344 f=0.195 u=1 breach=9 end=
CBAP_MIG t=35585000 epoch=7117 flow=62 side=new cur=6942235099 next=6979963356 tgt=7135713344 f=0.195 u=1 breach=9 end=
CBAP_MIG t=35585000 epoch=7117 flow=63 side=new cur=6942167964 next=6979909313 tgt=7135713344 f=0.195 u=1 breach=9 end=
CBAP_MIG t=35585000 epoch=7117 flow=64 side=new cur=6942075894 next=6979835196 tgt=7135713344 f=0.195 u=1 breach=9 end=
CBAP_MIG t=35590000 epoch=7118 flow=2 side=new cur=6979909313 next=7010291099 tgt=7135713344 f=0.195 u=1 breach=9 end=
CBAP_MIG t=35590000 epoch=7118 flow=3 side=new cur=6979827628 next=7010225342 tgt=7135713344 f=0.195 u=1 breach=9 end=
CBAP_MIG t=35590000 epoch=7118 flow=4 side=new cur=6979963391 next=7010334631 tgt=7135713344 f=0.195 u=1 breach=9 end=
CBAP_MIG t=35590000 epoch=7118 flow=5 side=new cur=6979929264 next=7010307159 tgt=7135713344 f=0.195 u=1 breach=9 end=
CBAP_MIG t=35590000 epoch=7118 flow=8 side=new cur=6979942694 next=7010317970 tgt=7135713344 f=0.195 u=1 breach=9 end=
CBAP_MIG t=35590000 epoch=7118 flow=9 side=new cur=6979938522 next=7010314612 tgt=7135713344 f=0.195 u=1 breach=9 end=
CBAP_MIG t=35590000 epoch=7118 flow=10 side=new cur=6979961713 next=7010333281 tgt=7135713344 f=0.195 u=1 breach=9 end=
CBAP_MIG t=35590000 epoch=7118 flow=11 side=new cur=6979975245 next=7010344174 tgt=7135713344 f=0.195 u=1 breach=9 end=
CBAP_MIG t=35590000 epoch=7118 flow=12 side=new cur=6979953438 next=7010326619 tgt=7135713344 f=0.195 u=1 breach=9 end=
CBAP_MIG t=35590000 epoch=7118 flow=13 side=new cur=6979954324 next=7010327332 tgt=7135713344 f=0.195 u=1 breach=9 end=
CBAP_MIG t=35590000 epoch=7118 flow=14 side=new cur=6979906742 next=7010289029 tgt=7135713344 f=0.195 u=1 breach=9 end=
CBAP_MIG t=35590000 epoch=7118 flow=15 side=new cur=6979942694 next=7010317970 tgt=7135713344 f=0.195 u=1 breach=9 end=
CBAP_MIG t=35590000 epoch=7118 flow=16 side=new cur=6979940803 next=7010316448 tgt=7135713344 f=0.195 u=1 breach=9 end=
CBAP_MIG t=35590000 epoch=7118 flow=17 side=new cur=6979840024 next=7010235321 tgt=7135713344 f=0.195 u=1 breach=9 end=
CBAP_MIG t=35590000 epoch=7118 flow=18 side=new cur=6979932193 next=7010309517 tgt=7135713344 f=0.195 u=1 breach=9 end=
CBAP_MIG t=35590000 epoch=7118 flow=19 side=new cur=6979963356 next=7010334603 tgt=7135713344 f=0.195 u=1 breach=9 end=
CBAP_MIG t=35590000 epoch=7118 flow=20 side=new cur=6979906742 next=7010289029 tgt=7135713344 f=0.195 u=1 breach=9 end=
CBAP_MIG t=35590000 epoch=7118 flow=21 side=new cur=6979909313 next=7010291099 tgt=7135713344 f=0.195 u=1 breach=9 end=
CBAP_MIG t=35590000 epoch=7118 flow=22 side=new cur=6979920627 next=7010300206 tgt=7135713344 f=0.195 u=1 breach=9 end=
CBAP_MIG t=35590000 epoch=7118 flow=23 side=new cur=6979957126 next=7010329588 tgt=7135713344 f=0.195 u=1 breach=9 end=
CBAP_MIG t=35590000 epoch=7118 flow=24 side=new cur=6979962926 next=7010334257 tgt=7135713344 f=0.195 u=1 breach=9 end=
CBAP_MIG t=35590000 epoch=7118 flow=25 side=new cur=6979963356 next=7010334603 tgt=7135713344 f=0.195 u=1 breach=9 end=
CBAP_MIG t=35590000 epoch=7118 flow=26 side=new cur=6979969709 next=7010339717 tgt=7135713344 f=0.195 u=1 breach=9 end=
CBAP_MIG t=35590000 epoch=7118 flow=29 side=new cur=6979967540 next=7010337971 tgt=7135713344 f=0.195 u=1 breach=9 end=
CBAP_MIG t=35590000 epoch=7118 flow=30 side=new cur=6979961713 next=7010333281 tgt=7135713344 f=0.195 u=1 breach=9 end=
CBAP_MIG t=35590000 epoch=7118 flow=31 side=new cur=6979909313 next=7010291099 tgt=7135713344 f=0.195 u=1 breach=9 end=
CBAP_MIG t=35590000 epoch=7118 flow=33 side=new cur=6979954624 next=7010327574 tgt=7135713344 f=0.195 u=1 breach=9 end=
CBAP_MIG t=35590000 epoch=7118 flow=34 side=new cur=6979942694 next=7010317970 tgt=7135713344 f=0.195 u=1 breach=9 end=
CBAP_MIG t=35590000 epoch=7118 flow=35 side=new cur=6979963356 next=7010334603 tgt=7135713344 f=0.195 u=1 breach=9 end=
CBAP_MIG t=35590000 epoch=7118 flow=36 side=new cur=6979963356 next=7010334603 tgt=7135713344 f=0.195 u=1 breach=9 end=
CBAP_MIG t=35590000 epoch=7118 flow=37 side=new cur=6979814841 next=7010215049 tgt=7135713344 f=0.195 u=1 breach=9 end=
CBAP_MIG t=35590000 epoch=7118 flow=38 side=new cur=6979909313 next=7010291099 tgt=7135713344 f=0.195 u=1 breach=9 end=
CBAP_MIG t=35590000 epoch=7118 flow=40 side=new cur=6979840024 next=7010235321 tgt=7135713344 f=0.195 u=1 breach=9 end=
CBAP_MIG t=35590000 epoch=7118 flow=41 side=new cur=6979920627 next=7010300206 tgt=7135713344 f=0.195 u=1 breach=9 end=
CBAP_MIG t=35590000 epoch=7118 flow=42 side=new cur=6979960902 next=7010332628 tgt=7135713344 f=0.195 u=1 breach=9 end=
CBAP_MIG t=35590000 epoch=7118 flow=43 side=new cur=6979963356 next=7010334603 tgt=7135713344 f=0.195 u=1 breach=9 end=
CBAP_MIG t=35590000 epoch=7118 flow=44 side=new cur=6979968053 next=7010338384 tgt=7135713344 f=0.195 u=1 breach=9 end=
CBAP_MIG t=35590000 epoch=7118 flow=45 side=new cur=6979945493 next=7010320223 tgt=7135713344 f=0.195 u=1 breach=9 end=
CBAP_MIG t=35590000 epoch=7118 flow=46 side=new cur=6979954324 next=7010327332 tgt=7135713344 f=0.195 u=1 breach=9 end=
CBAP_MIG t=35590000 epoch=7118 flow=47 side=new cur=6979975245 next=7010344174 tgt=7135713344 f=0.195 u=1 breach=9 end=
CBAP_MIG t=35590000 epoch=7118 flow=48 side=new cur=6979962138 next=7010333623 tgt=7135713344 f=0.195 u=1 breach=9 end=
CBAP_MIG t=35590000 epoch=7118 flow=49 side=new cur=6979908231 next=7010290228 tgt=7135713344 f=0.195 u=1 breach=9 end=
CBAP_MIG t=35590000 epoch=7118 flow=51 side=new cur=6979906742 next=7010289029 tgt=7135713344 f=0.195 u=1 breach=9 end=
CBAP_MIG t=35590000 epoch=7118 flow=52 side=new cur=6979906742 next=7010289029 tgt=7135713344 f=0.195 u=1 breach=9 end=
CBAP_MIG t=35590000 epoch=7118 flow=53 side=new cur=6979942904 next=7010318139 tgt=7135713344 f=0.195 u=1 breach=9 end=
CBAP_MIG t=35590000 epoch=7118 flow=54 side=new cur=6979949383 next=7010323355 tgt=7135713344 f=0.195 u=1 breach=9 end=
CBAP_MIG t=35590000 epoch=7118 flow=55 side=new cur=6979961713 next=7010333281 tgt=7135713344 f=0.195 u=1 breach=9 end=
CBAP_MIG t=35590000 epoch=7118 flow=56 side=new cur=6979975245 next=7010344174 tgt=7135713344 f=0.195 u=1 breach=9 end=
CBAP_MIG t=35590000 epoch=7118 flow=57 side=new cur=6979953438 next=7010326619 tgt=7135713344 f=0.195 u=1 breach=9 end=
CBAP_MIG t=35590000 epoch=7118 flow=58 side=new cur=6979844585 next=7010238993 tgt=7135713344 f=0.195 u=1 breach=9 end=
CBAP_MIG t=35590000 epoch=7118 flow=59 side=new cur=6979941729 next=7010317193 tgt=7135713344 f=0.195 u=1 breach=9 end=
CBAP_MIG t=35590000 epoch=7118 flow=60 side=new cur=6979840024 next=7010235321 tgt=7135713344 f=0.195 u=1 breach=9 end=
CBAP_MIG t=35590000 epoch=7118 flow=61 side=new cur=6979891203 next=7010276520 tgt=7135713344 f=0.195 u=1 breach=9 end=
CBAP_MIG t=35590000 epoch=7118 flow=62 side=new cur=6979963356 next=7010334603 tgt=7135713344 f=0.195 u=1 breach=9 end=
CBAP_MIG t=35590000 epoch=7118 flow=63 side=new cur=6979909313 next=7010291099 tgt=7135713344 f=0.195 u=1 breach=9 end=
CBAP_MIG t=35590000 epoch=7118 flow=64 side=new cur=6979835196 next=7010231434 tgt=7135713344 f=0.195 u=1 breach=9 end=
CBAP_MIG t=35595000 epoch=7119 flow=2 side=new cur=7010291099 next=7034748436 tgt=7135713344 f=0.195 u=1 breach=9 end=
CBAP_MIG t=35595000 epoch=7119 flow=3 side=new cur=7010225342 next=7034695502 tgt=7135713344 f=0.195 u=1 breach=9 end=
CBAP_MIG t=35595000 epoch=7119 flow=4 side=new cur=7010334631 next=7034783480 tgt=7135713344 f=0.195 u=1 breach=9 end=
CBAP_MIG t=35595000 epoch=7119 flow=5 side=new cur=7010307159 next=7034761365 tgt=7135713344 f=0.195 u=1 breach=9 end=
CBAP_MIG t=35595000 epoch=7119 flow=8 side=new cur=7010317970 next=7034770067 tgt=7135713344 f=0.195 u=1 breach=9 end=
CBAP_MIG t=35595000 epoch=7119 flow=9 side=new cur=7010314612 next=7034767364 tgt=7135713344 f=0.195 u=1 breach=9 end=
CBAP_MIG t=35595000 epoch=7119 flow=10 side=new cur=7010333281 next=7034782393 tgt=7135713344 f=0.195 u=1 breach=9 end=
CBAP_MIG t=35595000 epoch=7119 flow=11 side=new cur=7010344174 next=7034791162 tgt=7135713344 f=0.195 u=1 breach=9 end=
CBAP_MIG t=35595000 epoch=7119 flow=12 side=new cur=7010326619 next=7034777030 tgt=7135713344 f=0.195 u=1 breach=9 end=
CBAP_MIG t=35595000 epoch=7119 flow=13 side=new cur=7010327332 next=7034777604 tgt=7135713344 f=0.195 u=1 breach=9 end=
CBAP_MIG t=35595000 epoch=7119 flow=14 side=new cur=7010289029 next=7034746770 tgt=7135713344 f=0.195 u=1 breach=9 end=
CBAP_MIG t=35595000 epoch=7119 flow=15 side=new cur=7010317970 next=7034770067 tgt=7135713344 f=0.195 u=1 breach=9 end=
CBAP_MIG t=35595000 epoch=7119 flow=16 side=new cur=7010316448 next=7034768842 tgt=7135713344 f=0.195 u=1 breach=9 end=
CBAP_MIG t=35595000 epoch=7119 flow=17 side=new cur=7010235321 next=7034703535 tgt=7135713344 f=0.195 u=1 breach=9 end=
CBAP_MIG t=35595000 epoch=7119 flow=18 side=new cur=7010309517 next=7034763263 tgt=7135713344 f=0.195 u=1 breach=9 end=
CBAP_MIG t=35595000 epoch=7119 flow=19 side=new cur=7010334603 next=7034783457 tgt=7135713344 f=0.195 u=1 breach=9 end=
CBAP_MIG t=35595000 epoch=7119 flow=20 side=new cur=7010289029 next=7034746770 tgt=7135713344 f=0.195 u=1 breach=9 end=
CBAP_MIG t=35595000 epoch=7119 flow=21 side=new cur=7010291099 next=7034748436 tgt=7135713344 f=0.195 u=1 breach=9 end=
CBAP_MIG t=35595000 epoch=7119 flow=22 side=new cur=7010300206 next=7034755767 tgt=7135713344 f=0.195 u=1 breach=9 end=
CBAP_MIG t=35595000 epoch=7119 flow=23 side=new cur=7010329588 next=7034779420 tgt=7135713344 f=0.195 u=1 breach=9 end=
CBAP_MIG t=35595000 epoch=7119 flow=24 side=new cur=7010334257 next=7034783178 tgt=7135713344 f=0.195 u=1 breach=9 end=
CBAP_MIG t=35595000 epoch=7119 flow=25 side=new cur=7010334603 next=7034783457 tgt=7135713344 f=0.195 u=1 breach=9 end=
CBAP_MIG t=35595000 epoch=7119 flow=26 side=new cur=7010339717 next=7034787574 tgt=7135713344 f=0.195 u=1 breach=9 end=
CBAP_MIG t=35595000 epoch=7119 flow=29 side=new cur=7010337971 next=7034786168 tgt=7135713344 f=0.195 u=1 breach=9 end=
CBAP_MIG t=35595000 epoch=7119 flow=30 side=new cur=7010333281 next=7034782393 tgt=7135713344 f=0.195 u=1 breach=9 end=
CBAP_MIG t=35595000 epoch=7119 flow=31 side=new cur=7010291099 next=7034748436 tgt=7135713344 f=0.195 u=1 breach=9 end=
CBAP_MIG t=35595000 epoch=7119 flow=33 side=new cur=7010327574 next=7034777799 tgt=7135713344 f=0.195 u=1 breach=9 end=
CBAP_MIG t=35595000 epoch=7119 flow=34 side=new cur=7010317970 next=7034770067 tgt=7135713344 f=0.195 u=1 breach=9 end=
CBAP_MIG t=35595000 epoch=7119 flow=35 side=new cur=7010334603 next=7034783457 tgt=7135713344 f=0.195 u=1 breach=9 end=
CBAP_MIG t=35595000 epoch=7119 flow=36 side=new cur=7010334603 next=7034783457 tgt=7135713344 f=0.195 u=1 breach=9 end=
CBAP_MIG t=35595000 epoch=7119 flow=37 side=new cur=7010215049 next=7034687216 tgt=7135713344 f=0.195 u=1 breach=9 end=
CBAP_MIG t=35595000 epoch=7119 flow=38 side=new cur=7010291099 next=7034748436 tgt=7135713344 f=0.195 u=1 breach=9 end=
CBAP_MIG t=35595000 epoch=7119 flow=40 side=new cur=7010235321 next=7034703535 tgt=7135713344 f=0.195 u=1 breach=9 end=
CBAP_MIG t=35595000 epoch=7119 flow=41 side=new cur=7010300206 next=7034755767 tgt=7135713344 f=0.195 u=1 breach=9 end=
CBAP_MIG t=35595000 epoch=7119 flow=42 side=new cur=7010332628 next=7034781867 tgt=7135713344 f=0.195 u=1 breach=9 end=
CBAP_MIG t=35595000 epoch=7119 flow=43 side=new cur=7010334603 next=7034783457 tgt=7135713344 f=0.195 u=1 breach=9 end=
CBAP_MIG t=35595000 epoch=7119 flow=44 side=new cur=7010338384 next=7034786501 tgt=7135713344 f=0.195 u=1 breach=9 end=
CBAP_MIG t=35595000 epoch=7119 flow=45 side=new cur=7010320223 next=7034771881 tgt=7135713344 f=0.195 u=1 breach=9 end=
CBAP_MIG t=35595000 epoch=7119 flow=46 side=new cur=7010327332 next=7034777604 tgt=7135713344 f=0.195 u=1 breach=9 end=
CBAP_MIG t=35595000 epoch=7119 flow=47 side=new cur=7010344174 next=7034791162 tgt=7135713344 f=0.195 u=1 breach=9 end=
CBAP_MIG t=35595000 epoch=7119 flow=48 side=new cur=7010333623 next=7034782668 tgt=7135713344 f=0.195 u=1 breach=9 end=
CBAP_MIG t=35595000 epoch=7119 flow=49 side=new cur=7010290228 next=7034747735 tgt=7135713344 f=0.195 u=1 breach=9 end=
CBAP_MIG t=35595000 epoch=7119 flow=51 side=new cur=7010289029 next=7034746770 tgt=7135713344 f=0.195 u=1 breach=9 end=
CBAP_MIG t=35595000 epoch=7119 flow=52 side=new cur=7010289029 next=7034746770 tgt=7135713344 f=0.195 u=1 breach=9 end=
CBAP_MIG t=35595000 epoch=7119 flow=53 side=new cur=7010318139 next=7034770203 tgt=7135713344 f=0.195 u=1 breach=9 end=
CBAP_MIG t=35595000 epoch=7119 flow=54 side=new cur=7010323355 next=7034774402 tgt=7135713344 f=0.195 u=1 breach=9 end=
CBAP_MIG t=35595000 epoch=7119 flow=55 side=new cur=7010333281 next=7034782393 tgt=7135713344 f=0.195 u=1 breach=9 end=
CBAP_MIG t=35595000 epoch=7119 flow=56 side=new cur=7010344174 next=7034791162 tgt=7135713344 f=0.195 u=1 breach=9 end=
CBAP_MIG t=35595000 epoch=7119 flow=57 side=new cur=7010326619 next=7034777030 tgt=7135713344 f=0.195 u=1 breach=9 end=
CBAP_MIG t=35595000 epoch=7119 flow=58 side=new cur=7010238993 next=7034706491 tgt=7135713344 f=0.195 u=1 breach=9 end=
CBAP_MIG t=35595000 epoch=7119 flow=59 side=new cur=7010317193 next=7034769442 tgt=7135713344 f=0.195 u=1 breach=9 end=
CBAP_MIG t=35595000 epoch=7119 flow=60 side=new cur=7010235321 next=7034703535 tgt=7135713344 f=0.195 u=1 breach=9 end=
CBAP_MIG t=35595000 epoch=7119 flow=61 side=new cur=7010276520 next=7034736700 tgt=7135713344 f=0.195 u=1 breach=9 end=
CBAP_MIG t=35595000 epoch=7119 flow=62 side=new cur=7010334603 next=7034783457 tgt=7135713344 f=0.195 u=1 breach=9 end=
CBAP_MIG t=35595000 epoch=7119 flow=63 side=new cur=7010291099 next=7034748436 tgt=7135713344 f=0.195 u=1 breach=9 end=
CBAP_MIG t=35595000 epoch=7119 flow=64 side=new cur=7010231434 next=7034700406 tgt=7135713344 f=0.195 u=1 breach=9 end=
CBAP_MIG t=35600000 epoch=7120 flow=2 side=new cur=7034748436 next=7054436593 tgt=7135713344 f=0.195 u=1 breach=9 end=
CBAP_MIG t=35600000 epoch=7120 flow=3 side=new cur=7034695502 next=7054393981 tgt=7135713344 f=0.195 u=1 breach=9 end=
CBAP_MIG t=35600000 epoch=7120 flow=4 side=new cur=7034783480 next=7054464803 tgt=7135713344 f=0.195 u=1 breach=9 end=
CBAP_MIG t=35600000 epoch=7120 flow=5 side=new cur=7034761365 next=7054447000 tgt=7135713344 f=0.195 u=1 breach=9 end=
CBAP_MIG t=35600000 epoch=7120 flow=8 side=new cur=7034770067 next=7054454006 tgt=7135713344 f=0.195 u=1 breach=9 end=
CBAP_MIG t=35600000 epoch=7120 flow=9 side=new cur=7034767364 next=7054451830 tgt=7135713344 f=0.195 u=1 breach=9 end=
CBAP_MIG t=35600000 epoch=7120 flow=10 side=new cur=7034782393 next=7054463928 tgt=7135713344 f=0.195 u=1 breach=9 end=
CBAP_MIG t=35600000 epoch=7120 flow=11 side=new cur=7034791162 next=7054470987 tgt=7135713344 f=0.195 u=1 breach=9 end=
CBAP_MIG t=35600000 epoch=7120 flow=12 side=new cur=7034777030 next=7054459611 tgt=7135713344 f=0.195 u=1 breach=9 end=
CBAP_MIG t=35600000 epoch=7120 flow=13 side=new cur=7034777604 next=7054460073 tgt=7135713344 f=0.195 u=1 breach=9 end=
CBAP_MIG t=35600000 epoch=7120 flow=14 side=new cur=7034746770 next=7054435251 tgt=7135713344 f=0.195 u=1 breach=9 end=
CBAP_MIG t=35600000 epoch=7120 flow=15 side=new cur=7034770067 next=7054454006 tgt=7135713344 f=0.195 u=1 breach=9 end=
CBAP_MIG t=35600000 epoch=7120 flow=16 side=new cur=7034768842 next=7054453019 tgt=7135713344 f=0.195 u=1 breach=9 end=
CBAP_MIG t=35600000 epoch=7120 flow=17 side=new cur=7034703535 next=7054400447 tgt=7135713344 f=0.195 u=1 breach=9 end=
CBAP_MIG t=35600000 epoch=7120 flow=18 side=new cur=7034763263 next=7054448528 tgt=7135713344 f=0.195 u=1 breach=9 end=
CBAP_MIG t=35600000 epoch=7120 flow=19 side=new cur=7034783457 next=7054464784 tgt=7135713344 f=0.195 u=1 breach=9 end=
CBAP_MIG t=35600000 epoch=7120 flow=20 side=new cur=7034746770 next=7054435251 tgt=7135713344 f=0.195 u=1 breach=9 end=
CBAP_MIG t=35600000 epoch=7120 flow=21 side=new cur=7034748436 next=7054436593 tgt=7135713344 f=0.195 u=1 breach=9 end=
CBAP_MIG t=35600000 epoch=7120 flow=22 side=new cur=7034755767 next=7054442494 tgt=7135713344 f=0.195 u=1 breach=9 end=
CBAP_MIG t=35600000 epoch=7120 flow=23 side=new cur=7034779420 next=7054461535 tgt=7135713344 f=0.195 u=1 breach=9 end=
CBAP_MIG t=35600000 epoch=7120 flow=24 side=new cur=7034783178 next=7054464560 tgt=7135713344 f=0.195 u=1 breach=9 end=
CBAP_MIG t=35600000 epoch=7120 flow=25 side=new cur=7034783457 next=7054464784 tgt=7135713344 f=0.195 u=1 breach=9 end=
CBAP_MIG t=35600000 epoch=7120 flow=26 side=new cur=7034787574 next=7054468099 tgt=7135713344 f=0.195 u=1 breach=9 end=
CBAP_MIG t=35600000 epoch=7120 flow=29 side=new cur=7034786168 next=7054466967 tgt=7135713344 f=0.195 u=1 breach=9 end=
CBAP_MIG t=35600000 epoch=7120 flow=30 side=new cur=7034782393 next=7054463928 tgt=7135713344 f=0.195 u=1 breach=9 end=
CBAP_MIG t=35600000 epoch=7120 flow=31 side=new cur=7034748436 next=7054436593 tgt=7135713344 f=0.195 u=1 breach=9 end=
CBAP_MIG t=35600000 epoch=7120 flow=33 side=new cur=7034777799 next=7054460230 tgt=7135713344 f=0.195 u=1 breach=9 end=
CBAP_MIG t=35600000 epoch=7120 flow=34 side=new cur=7034770067 next=7054454006 tgt=7135713344 f=0.195 u=1 breach=9 end=
CBAP_MIG t=35600000 epoch=7120 flow=35 side=new cur=7034783457 next=7054464784 tgt=7135713344 f=0.195 u=1 breach=9 end=
CBAP_MIG t=35600000 epoch=7120 flow=36 side=new cur=7034783457 next=7054464784 tgt=7135713344 f=0.195 u=1 breach=9 end=
CBAP_MIG t=35600000 epoch=7120 flow=37 side=new cur=7034687216 next=7054387310 tgt=7135713344 f=0.195 u=1 breach=9 end=
CBAP_MIG t=35600000 epoch=7120 flow=38 side=new cur=7034748436 next=7054436593 tgt=7135713344 f=0.195 u=1 breach=9 end=
CBAP_MIG t=35600000 epoch=7120 flow=40 side=new cur=7034703535 next=7054400447 tgt=7135713344 f=0.195 u=1 breach=9 end=
CBAP_MIG t=35600000 epoch=7120 flow=41 side=new cur=7034755767 next=7054442494 tgt=7135713344 f=0.195 u=1 breach=9 end=
CBAP_MIG t=35600000 epoch=7120 flow=42 side=new cur=7034781867 next=7054463505 tgt=7135713344 f=0.195 u=1 breach=9 end=
CBAP_MIG t=35600000 epoch=7120 flow=43 side=new cur=7034783457 next=7054464784 tgt=7135713344 f=0.195 u=1 breach=9 end=
CBAP_MIG t=35600000 epoch=7120 flow=44 side=new cur=7034786501 next=7054467235 tgt=7135713344 f=0.195 u=1 breach=9 end=
CBAP_MIG t=35600000 epoch=7120 flow=45 side=new cur=7034771881 next=7054455466 tgt=7135713344 f=0.195 u=1 breach=9 end=
CBAP_MIG t=35600000 epoch=7120 flow=46 side=new cur=7034777604 next=7054460073 tgt=7135713344 f=0.195 u=1 breach=9 end=
CBAP_MIG t=35600000 epoch=7120 flow=47 side=new cur=7034791162 next=7054470987 tgt=7135713344 f=0.195 u=1 breach=9 end=
CBAP_MIG t=35600000 epoch=7120 flow=48 side=new cur=7034782668 next=7054464149 tgt=7135713344 f=0.195 u=1 breach=9 end=
CBAP_MIG t=35600000 epoch=7120 flow=49 side=new cur=7034747735 next=7054436028 tgt=7135713344 f=0.195 u=1 breach=9 end=
CBAP_MIG t=35600000 epoch=7120 flow=51 side=new cur=7034746770 next=7054435251 tgt=7135713344 f=0.195 u=1 breach=9 end=
CBAP_MIG t=35600000 epoch=7120 flow=52 side=new cur=7034746770 next=7054435251 tgt=7135713344 f=0.195 u=1 breach=9 end=
CBAP_MIG t=35600000 epoch=7120 flow=53 side=new cur=7034770203 next=7054454115 tgt=7135713344 f=0.195 u=1 breach=9 end=
CBAP_MIG t=35600000 epoch=7120 flow=54 side=new cur=7034774402 next=7054457495 tgt=7135713344 f=0.195 u=1 breach=9 end=
CBAP_MIG t=35600000 epoch=7120 flow=55 side=new cur=7034782393 next=7054463928 tgt=7135713344 f=0.195 u=1 breach=9 end=
CBAP_MIG t=35600000 epoch=7120 flow=56 side=new cur=7034791162 next=7054470987 tgt=7135713344 f=0.195 u=1 breach=9 end=
CBAP_MIG t=35600000 epoch=7120 flow=57 side=new cur=7034777030 next=7054459611 tgt=7135713344 f=0.195 u=1 breach=9 end=
CBAP_MIG t=35600000 epoch=7120 flow=58 side=new cur=7034706491 next=7054402827 tgt=7135713344 f=0.195 u=1 breach=9 end=
CBAP_MIG t=35600000 epoch=7120 flow=59 side=new cur=7034769442 next=7054453502 tgt=7135713344 f=0.195 u=1 breach=9 end=
CBAP_MIG t=35600000 epoch=7120 flow=60 side=new cur=7034703535 next=7054400447 tgt=7135713344 f=0.195 u=1 breach=9 end=
CBAP_MIG t=35600000 epoch=7120 flow=61 side=new cur=7034736700 next=7054427145 tgt=7135713344 f=0.195 u=1 breach=9 end=
CBAP_MIG t=35600000 epoch=7120 flow=62 side=new cur=7034783457 next=7054464784 tgt=7135713344 f=0.195 u=1 breach=9 end=
CBAP_MIG t=35600000 epoch=7120 flow=63 side=new cur=7034748436 next=7054436593 tgt=7135713344 f=0.195 u=1 breach=9 end=
CBAP_MIG t=35600000 epoch=7120 flow=64 side=new cur=7034700406 next=7054397928 tgt=7135713344 f=0.195 u=1 breach=9 end=
CBAP_MIG t=35605000 epoch=7121 flow=2 side=new cur=7054436593 next=7070285559 tgt=7135713344 f=0.195 u=1 breach=9 end=converged
CBAP_MIG t=35605000 epoch=7121 flow=3 side=new cur=7054393981 next=7070251256 tgt=7135713344 f=0.195 u=1 breach=9 end=converged
CBAP_MIG t=35605000 epoch=7121 flow=4 side=new cur=7054464803 next=7070308268 tgt=7135713344 f=0.195 u=1 breach=9 end=converged
CBAP_MIG t=35605000 epoch=7121 flow=5 side=new cur=7054447000 next=7070293937 tgt=7135713344 f=0.195 u=1 breach=9 end=converged
CBAP_MIG t=35605000 epoch=7121 flow=8 side=new cur=7054454006 next=7070299576 tgt=7135713344 f=0.195 u=1 breach=9 end=converged
CBAP_MIG t=35605000 epoch=7121 flow=9 side=new cur=7054451830 next=7070297825 tgt=7135713344 f=0.195 u=1 breach=9 end=converged
CBAP_MIG t=35605000 epoch=7121 flow=10 side=new cur=7054463928 next=7070307564 tgt=7135713344 f=0.195 u=1 breach=9 end=converged
CBAP_MIG t=35605000 epoch=7121 flow=11 side=new cur=7054470987 next=7070313246 tgt=7135713344 f=0.195 u=1 breach=9 end=converged
CBAP_MIG t=35605000 epoch=7121 flow=12 side=new cur=7054459611 next=7070304088 tgt=7135713344 f=0.195 u=1 breach=9 end=converged
CBAP_MIG t=35605000 epoch=7121 flow=13 side=new cur=7054460073 next=7070304460 tgt=7135713344 f=0.195 u=1 breach=9 end=converged
CBAP_MIG t=35605000 epoch=7121 flow=14 side=new cur=7054435251 next=7070284479 tgt=7135713344 f=0.195 u=1 breach=9 end=converged
CBAP_MIG t=35605000 epoch=7121 flow=15 side=new cur=7054454006 next=7070299576 tgt=7135713344 f=0.195 u=1 breach=9 end=converged
CBAP_MIG t=35605000 epoch=7121 flow=16 side=new cur=7054453019 next=7070298782 tgt=7135713344 f=0.195 u=1 breach=9 end=converged
CBAP_MIG t=35605000 epoch=7121 flow=17 side=new cur=7054400447 next=7070256461 tgt=7135713344 f=0.195 u=1 breach=9 end=converged
CBAP_MIG t=35605000 epoch=7121 flow=18 side=new cur=7054448528 next=7070295167 tgt=7135713344 f=0.195 u=1 breach=9 end=converged
CBAP_MIG t=35605000 epoch=7121 flow=19 side=new cur=7054464784 next=7070308253 tgt=7135713344 f=0.195 u=1 breach=9 end=converged
CBAP_MIG t=35605000 epoch=7121 flow=20 side=new cur=7054435251 next=7070284479 tgt=7135713344 f=0.195 u=1 breach=9 end=converged
CBAP_MIG t=35605000 epoch=7121 flow=21 side=new cur=7054436593 next=7070285559 tgt=7135713344 f=0.195 u=1 breach=9 end=converged
CBAP_MIG t=35605000 epoch=7121 flow=22 side=new cur=7054442494 next=7070290309 tgt=7135713344 f=0.195 u=1 breach=9 end=converged
CBAP_MIG t=35605000 epoch=7121 flow=23 side=new cur=7054461535 next=7070305637 tgt=7135713344 f=0.195 u=1 breach=9 end=converged
CBAP_MIG t=35605000 epoch=7121 flow=24 side=new cur=7054464560 next=7070308072 tgt=7135713344 f=0.195 u=1 breach=9 end=converged
CBAP_MIG t=35605000 epoch=7121 flow=25 side=new cur=7054464784 next=7070308253 tgt=7135713344 f=0.195 u=1 breach=9 end=converged
CBAP_MIG t=35605000 epoch=7121 flow=26 side=new cur=7054468099 next=7070310921 tgt=7135713344 f=0.195 u=1 breach=9 end=converged
CBAP_MIG t=35605000 epoch=7121 flow=29 side=new cur=7054466967 next=7070310010 tgt=7135713344 f=0.195 u=1 breach=9 end=converged
CBAP_MIG t=35605000 epoch=7121 flow=30 side=new cur=7054463928 next=7070307564 tgt=7135713344 f=0.195 u=1 breach=9 end=converged
CBAP_MIG t=35605000 epoch=7121 flow=31 side=new cur=7054436593 next=7070285559 tgt=7135713344 f=0.195 u=1 breach=9 end=converged
CBAP_MIG t=35605000 epoch=7121 flow=33 side=new cur=7054460230 next=7070304587 tgt=7135713344 f=0.195 u=1 breach=9 end=converged
CBAP_MIG t=35605000 epoch=7121 flow=34 side=new cur=7054454006 next=7070299576 tgt=7135713344 f=0.195 u=1 breach=9 end=converged
CBAP_MIG t=35605000 epoch=7121 flow=35 side=new cur=7054464784 next=7070308253 tgt=7135713344 f=0.195 u=1 breach=9 end=converged
CBAP_MIG t=35605000 epoch=7121 flow=36 side=new cur=7054464784 next=7070308253 tgt=7135713344 f=0.195 u=1 breach=9 end=converged
CBAP_MIG t=35605000 epoch=7121 flow=37 side=new cur=7054387310 next=7070245886 tgt=7135713344 f=0.195 u=1 breach=9 end=converged
CBAP_MIG t=35605000 epoch=7121 flow=38 side=new cur=7054436593 next=7070285559 tgt=7135713344 f=0.195 u=1 breach=9 end=converged
CBAP_MIG t=35605000 epoch=7121 flow=40 side=new cur=7054400447 next=7070256461 tgt=7135713344 f=0.195 u=1 breach=9 end=converged
CBAP_MIG t=35605000 epoch=7121 flow=41 side=new cur=7054442494 next=7070290309 tgt=7135713344 f=0.195 u=1 breach=9 end=converged
CBAP_MIG t=35605000 epoch=7121 flow=42 side=new cur=7054463505 next=7070307223 tgt=7135713344 f=0.195 u=1 breach=9 end=converged
CBAP_MIG t=35605000 epoch=7121 flow=43 side=new cur=7054464784 next=7070308253 tgt=7135713344 f=0.195 u=1 breach=9 end=converged
CBAP_MIG t=35605000 epoch=7121 flow=44 side=new cur=7054467235 next=7070310226 tgt=7135713344 f=0.195 u=1 breach=9 end=converged
CBAP_MIG t=35605000 epoch=7121 flow=45 side=new cur=7054455466 next=7070300752 tgt=7135713344 f=0.195 u=1 breach=9 end=converged
CBAP_MIG t=35605000 epoch=7121 flow=46 side=new cur=7054460073 next=7070304460 tgt=7135713344 f=0.195 u=1 breach=9 end=converged
CBAP_MIG t=35605000 epoch=7121 flow=47 side=new cur=7054470987 next=7070313246 tgt=7135713344 f=0.195 u=1 breach=9 end=converged
CBAP_MIG t=35605000 epoch=7121 flow=48 side=new cur=7054464149 next=7070307742 tgt=7135713344 f=0.195 u=1 breach=9 end=converged
CBAP_MIG t=35605000 epoch=7121 flow=49 side=new cur=7054436028 next=7070285104 tgt=7135713344 f=0.195 u=1 breach=9 end=converged
CBAP_MIG t=35605000 epoch=7121 flow=51 side=new cur=7054435251 next=7070284479 tgt=7135713344 f=0.195 u=1 breach=9 end=converged
CBAP_MIG t=35605000 epoch=7121 flow=52 side=new cur=7054435251 next=7070284479 tgt=7135713344 f=0.195 u=1 breach=9 end=converged
CBAP_MIG t=35605000 epoch=7121 flow=53 side=new cur=7054454115 next=7070299664 tgt=7135713344 f=0.195 u=1 breach=9 end=converged
CBAP_MIG t=35605000 epoch=7121 flow=54 side=new cur=7054457495 next=7070302385 tgt=7135713344 f=0.195 u=1 breach=9 end=converged
CBAP_MIG t=35605000 epoch=7121 flow=55 side=new cur=7054463928 next=7070307564 tgt=7135713344 f=0.195 u=1 breach=9 end=converged
CBAP_MIG t=35605000 epoch=7121 flow=56 side=new cur=7054470987 next=7070313246 tgt=7135713344 f=0.195 u=1 breach=9 end=converged
CBAP_MIG t=35605000 epoch=7121 flow=57 side=new cur=7054459611 next=7070304088 tgt=7135713344 f=0.195 u=1 breach=9 end=converged
CBAP_MIG t=35605000 epoch=7121 flow=58 side=new cur=7054402827 next=7070258377 tgt=7135713344 f=0.195 u=1 breach=9 end=converged
CBAP_MIG t=35605000 epoch=7121 flow=59 side=new cur=7054453502 next=7070299171 tgt=7135713344 f=0.195 u=1 breach=9 end=converged
CBAP_MIG t=35605000 epoch=7121 flow=60 side=new cur=7054400447 next=7070256461 tgt=7135713344 f=0.195 u=1 breach=9 end=converged
CBAP_MIG t=35605000 epoch=7121 flow=61 side=new cur=7054427145 next=7070277953 tgt=7135713344 f=0.195 u=1 breach=9 end=converged
CBAP_MIG t=35605000 epoch=7121 flow=62 side=new cur=7054464784 next=7070308253 tgt=7135713344 f=0.195 u=1 breach=9 end=converged
CBAP_MIG t=35605000 epoch=7121 flow=63 side=new cur=7054436593 next=7070285559 tgt=7135713344 f=0.195 u=1 breach=9 end=converged
CBAP_MIG t=35605000 epoch=7121 flow=64 side=new cur=7054397928 next=7070254434 tgt=7135713344 f=0.195 u=1 breach=9 end=converged
CBAP_MIG_REPLAN t=35615000 reason=active_set_shrank flow=0 batch=0 newest_batch=1 cur=4000369055 target=4000000000 ceiling=320000000000 old_side_present=1
CBAP_MIG_REPLAN t=35615000 reason=active_set_shrank flow=2 batch=1 newest_batch=1 cur=7070285559 target=7539621945 ceiling=400000000000 old_side_present=1
CBAP_MIG_REPLAN t=35615000 reason=active_set_shrank flow=3 batch=1 newest_batch=1 cur=7070251256 target=7539621945 ceiling=400000000000 old_side_present=1
CBAP_MIG_REPLAN t=35615000 reason=active_set_shrank flow=4 batch=1 newest_batch=1 cur=7070308268 target=7539621945 ceiling=400000000000 old_side_present=1
CBAP_MIG_REPLAN t=35615000 reason=active_set_shrank flow=5 batch=1 newest_batch=1 cur=7070293937 target=7539621945 ceiling=400000000000 old_side_present=1
CBAP_MIG_REPLAN t=35615000 reason=active_set_shrank flow=8 batch=1 newest_batch=1 cur=7070299576 target=7539621945 ceiling=400000000000 old_side_present=1
CBAP_MIG_REPLAN t=35615000 reason=active_set_shrank flow=9 batch=1 newest_batch=1 cur=7070297825 target=7539621945 ceiling=400000000000 old_side_present=1
CBAP_MIG_REPLAN t=35615000 reason=active_set_shrank flow=10 batch=1 newest_batch=1 cur=7070307564 target=7539621945 ceiling=400000000000 old_side_present=1
CBAP_MIG_REPLAN t=35615000 reason=active_set_shrank flow=11 batch=1 newest_batch=1 cur=7070313246 target=7539621945 ceiling=400000000000 old_side_present=1
CBAP_MIG_REPLAN t=35615000 reason=active_set_shrank flow=12 batch=1 newest_batch=1 cur=7070304088 target=7539621945 ceiling=400000000000 old_side_present=1
CBAP_MIG_REPLAN t=35615000 reason=active_set_shrank flow=13 batch=1 newest_batch=1 cur=7070304460 target=7539621945 ceiling=400000000000 old_side_present=1
CBAP_MIG_REPLAN t=35615000 reason=active_set_shrank flow=14 batch=1 newest_batch=1 cur=7070284479 target=7539621945 ceiling=400000000000 old_side_present=1
CBAP_MIG_REPLAN t=35615000 reason=active_set_shrank flow=15 batch=1 newest_batch=1 cur=7070299576 target=7539621945 ceiling=400000000000 old_side_present=1
CBAP_MIG_REPLAN t=35615000 reason=active_set_shrank flow=16 batch=1 newest_batch=1 cur=7070298782 target=7539621945 ceiling=400000000000 old_side_present=1
CBAP_MIG_REPLAN t=35615000 reason=active_set_shrank flow=18 batch=1 newest_batch=1 cur=7070295167 target=7539621945 ceiling=400000000000 old_side_present=1
CBAP_MIG_REPLAN t=35615000 reason=active_set_shrank flow=19 batch=1 newest_batch=1 cur=7070308253 target=7539621945 ceiling=400000000000 old_side_present=1
CBAP_MIG_REPLAN t=35615000 reason=active_set_shrank flow=20 batch=1 newest_batch=1 cur=7070284479 target=7539621945 ceiling=400000000000 old_side_present=1
CBAP_MIG_REPLAN t=35615000 reason=active_set_shrank flow=21 batch=1 newest_batch=1 cur=7070285559 target=7539621945 ceiling=400000000000 old_side_present=1
CBAP_MIG_REPLAN t=35615000 reason=active_set_shrank flow=22 batch=1 newest_batch=1 cur=7070290309 target=7539621945 ceiling=400000000000 old_side_present=1
CBAP_MIG_REPLAN t=35615000 reason=active_set_shrank flow=23 batch=1 newest_batch=1 cur=7070305637 target=7539621945 ceiling=400000000000 old_side_present=1
CBAP_MIG_REPLAN t=35615000 reason=active_set_shrank flow=24 batch=1 newest_batch=1 cur=7070308072 target=7539621945 ceiling=400000000000 old_side_present=1
CBAP_MIG_REPLAN t=35615000 reason=active_set_shrank flow=25 batch=1 newest_batch=1 cur=7070308253 target=7539621945 ceiling=400000000000 old_side_present=1
CBAP_MIG_REPLAN t=35615000 reason=active_set_shrank flow=26 batch=1 newest_batch=1 cur=7070310921 target=7539621945 ceiling=400000000000 old_side_present=1
CBAP_MIG_REPLAN t=35615000 reason=active_set_shrank flow=29 batch=1 newest_batch=1 cur=7070310010 target=7539621945 ceiling=400000000000 old_side_present=1
CBAP_MIG_REPLAN t=35615000 reason=active_set_shrank flow=30 batch=1 newest_batch=1 cur=7070307564 target=7539621945 ceiling=400000000000 old_side_present=1
CBAP_MIG_REPLAN t=35615000 reason=active_set_shrank flow=31 batch=1 newest_batch=1 cur=7070285559 target=7539621945 ceiling=400000000000 old_side_present=1
CBAP_MIG_REPLAN t=35615000 reason=active_set_shrank flow=33 batch=1 newest_batch=1 cur=7070304587 target=7539621945 ceiling=400000000000 old_side_present=1
CBAP_MIG_REPLAN t=35615000 reason=active_set_shrank flow=34 batch=1 newest_batch=1 cur=7070299576 target=7539621945 ceiling=400000000000 old_side_present=1
CBAP_MIG_REPLAN t=35615000 reason=active_set_shrank flow=35 batch=1 newest_batch=1 cur=7070308253 target=7539621945 ceiling=400000000000 old_side_present=1
CBAP_MIG_REPLAN t=35615000 reason=active_set_shrank flow=36 batch=1 newest_batch=1 cur=7070308253 target=7539621945 ceiling=400000000000 old_side_present=1
CBAP_MIG_REPLAN t=35615000 reason=active_set_shrank flow=37 batch=1 newest_batch=1 cur=7070245886 target=7539621945 ceiling=400000000000 old_side_present=1
CBAP_MIG_REPLAN t=35615000 reason=active_set_shrank flow=38 batch=1 newest_batch=1 cur=7070285559 target=7539621945 ceiling=400000000000 old_side_present=1
CBAP_MIG_REPLAN t=35615000 reason=active_set_shrank flow=41 batch=1 newest_batch=1 cur=7070290309 target=7539621945 ceiling=400000000000 old_side_present=1
CBAP_MIG_REPLAN t=35615000 reason=active_set_shrank flow=42 batch=1 newest_batch=1 cur=7070307223 target=7539621945 ceiling=400000000000 old_side_present=1
CBAP_MIG_REPLAN t=35615000 reason=active_set_shrank flow=43 batch=1 newest_batch=1 cur=7070308253 target=7539621945 ceiling=400000000000 old_side_present=1
CBAP_MIG_REPLAN t=35615000 reason=active_set_shrank flow=44 batch=1 newest_batch=1 cur=7070310226 target=7539621945 ceiling=400000000000 old_side_present=1
CBAP_MIG_REPLAN t=35615000 reason=active_set_shrank flow=45 batch=1 newest_batch=1 cur=7070300752 target=7539621945 ceiling=400000000000 old_side_present=1
CBAP_MIG_REPLAN t=35615000 reason=active_set_shrank flow=46 batch=1 newest_batch=1 cur=7070304460 target=7539621945 ceiling=400000000000 old_side_present=1
CBAP_MIG_REPLAN t=35615000 reason=active_set_shrank flow=47 batch=1 newest_batch=1 cur=7070313246 target=7539621945 ceiling=400000000000 old_side_present=1
CBAP_MIG_REPLAN t=35615000 reason=active_set_shrank flow=48 batch=1 newest_batch=1 cur=7070307742 target=7539621945 ceiling=400000000000 old_side_present=1
CBAP_MIG_REPLAN t=35615000 reason=active_set_shrank flow=49 batch=1 newest_batch=1 cur=7070285104 target=7539621945 ceiling=400000000000 old_side_present=1
CBAP_MIG_REPLAN t=35615000 reason=active_set_shrank flow=51 batch=1 newest_batch=1 cur=7070284479 target=7539621945 ceiling=400000000000 old_side_present=1
CBAP_MIG_REPLAN t=35615000 reason=active_set_shrank flow=52 batch=1 newest_batch=1 cur=7070284479 target=7539621945 ceiling=400000000000 old_side_present=1
CBAP_MIG_REPLAN t=35615000 reason=active_set_shrank flow=53 batch=1 newest_batch=1 cur=7070299664 target=7539621945 ceiling=400000000000 old_side_present=1
CBAP_MIG_REPLAN t=35615000 reason=active_set_shrank flow=54 batch=1 newest_batch=1 cur=7070302385 target=7539621945 ceiling=400000000000 old_side_present=1
CBAP_MIG_REPLAN t=35615000 reason=active_set_shrank flow=55 batch=1 newest_batch=1 cur=7070307564 target=7539621945 ceiling=400000000000 old_side_present=1
CBAP_MIG_REPLAN t=35615000 reason=active_set_shrank flow=56 batch=1 newest_batch=1 cur=7070313246 target=7539621945 ceiling=400000000000 old_side_present=1
CBAP_MIG_REPLAN t=35615000 reason=active_set_shrank flow=57 batch=1 newest_batch=1 cur=7070304088 target=7539621945 ceiling=400000000000 old_side_present=1
CBAP_MIG_REPLAN t=35615000 reason=active_set_shrank flow=58 batch=1 newest_batch=1 cur=7070258377 target=7539621945 ceiling=400000000000 old_side_present=1
CBAP_MIG_REPLAN t=35615000 reason=active_set_shrank flow=59 batch=1 newest_batch=1 cur=7070299171 target=7539621945 ceiling=400000000000 old_side_present=1
CBAP_MIG_REPLAN t=35615000 reason=active_set_shrank flow=61 batch=1 newest_batch=1 cur=7070277953 target=7539621945 ceiling=400000000000 old_side_present=1
CBAP_MIG_REPLAN t=35615000 reason=active_set_shrank flow=62 batch=1 newest_batch=1 cur=7070308253 target=7539621945 ceiling=400000000000 old_side_present=1
CBAP_MIG_REPLAN t=35615000 reason=active_set_shrank flow=63 batch=1 newest_batch=1 cur=7070285559 target=7539621945 ceiling=400000000000 old_side_present=1
CBAP_MIG_REPLAN t=35615000 reason=active_set_shrank flow=64 batch=1 newest_batch=1 cur=7070254434 target=7539621945 ceiling=400000000000 old_side_present=1
CBAP_MIG t=35615000 epoch=7123 flow=0 side=old cur=4000369055 next=4000258338 tgt=4000000000 f=0.3 u=1 breach=0 end=converged
CBAP_MIG t=35615000 epoch=7123 flow=2 side=new cur=7070285559 next=7161806154 tgt=7539621945 f=0.195 u=1 breach=9 end=
CBAP_MIG t=35615000 epoch=7123 flow=3 side=new cur=7070251256 next=7161778540 tgt=7539621945 f=0.195 u=1 breach=9 end=
CBAP_MIG t=35615000 epoch=7123 flow=4 side=new cur=7070308268 next=7161824435 tgt=7539621945 f=0.195 u=1 breach=9 end=
CBAP_MIG t=35615000 epoch=7123 flow=5 side=new cur=7070293937 next=7161812898 tgt=7539621945 f=0.195 u=1 breach=9 end=
CBAP_MIG t=35615000 epoch=7123 flow=8 side=new cur=7070299576 next=7161817437 tgt=7539621945 f=0.195 u=1 breach=9 end=
CBAP_MIG t=35615000 epoch=7123 flow=9 side=new cur=7070297825 next=7161816028 tgt=7539621945 f=0.195 u=1 breach=9 end=
CBAP_MIG t=35615000 epoch=7123 flow=10 side=new cur=7070307564 next=7161823868 tgt=7539621945 f=0.195 u=1 breach=9 end=
CBAP_MIG t=35615000 epoch=7123 flow=11 side=new cur=7070313246 next=7161828442 tgt=7539621945 f=0.195 u=1 breach=9 end=
CBAP_MIG t=35615000 epoch=7123 flow=12 side=new cur=7070304088 next=7161821070 tgt=7539621945 f=0.195 u=1 breach=9 end=
CBAP_MIG t=35615000 epoch=7123 flow=13 side=new cur=7070304460 next=7161821369 tgt=7539621945 f=0.195 u=1 breach=9 end=
CBAP_MIG t=35615000 epoch=7123 flow=14 side=new cur=7070284479 next=7161805284 tgt=7539621945 f=0.195 u=1 breach=9 end=
CBAP_MIG t=35615000 epoch=7123 flow=15 side=new cur=7070299576 next=7161817437 tgt=7539621945 f=0.195 u=1 breach=9 end=
CBAP_MIG t=35615000 epoch=7123 flow=16 side=new cur=7070298782 next=7161816798 tgt=7539621945 f=0.195 u=1 breach=9 end=
CBAP_MIG t=35615000 epoch=7123 flow=18 side=new cur=7070295167 next=7161813888 tgt=7539621945 f=0.195 u=1 breach=9 end=
CBAP_MIG t=35615000 epoch=7123 flow=19 side=new cur=7070308253 next=7161824422 tgt=7539621945 f=0.195 u=1 breach=9 end=
CBAP_MIG t=35615000 epoch=7123 flow=20 side=new cur=7070284479 next=7161805284 tgt=7539621945 f=0.195 u=1 breach=9 end=
CBAP_MIG t=35615000 epoch=7123 flow=21 side=new cur=7070285559 next=7161806154 tgt=7539621945 f=0.195 u=1 breach=9 end=
CBAP_MIG t=35615000 epoch=7123 flow=22 side=new cur=7070290309 next=7161809978 tgt=7539621945 f=0.195 u=1 breach=9 end=
CBAP_MIG t=35615000 epoch=7123 flow=23 side=new cur=7070305637 next=7161822317 tgt=7539621945 f=0.195 u=1 breach=9 end=
CBAP_MIG t=35615000 epoch=7123 flow=24 side=new cur=7070308072 next=7161824277 tgt=7539621945 f=0.195 u=1 breach=9 end=
CBAP_MIG t=35615000 epoch=7123 flow=25 side=new cur=7070308253 next=7161824422 tgt=7539621945 f=0.195 u=1 breach=9 end=
CBAP_MIG t=35615000 epoch=7123 flow=26 side=new cur=7070310921 next=7161826570 tgt=7539621945 f=0.195 u=1 breach=9 end=
CBAP_MIG t=35615000 epoch=7123 flow=29 side=new cur=7070310010 next=7161825837 tgt=7539621945 f=0.195 u=1 breach=9 end=
CBAP_MIG t=35615000 epoch=7123 flow=30 side=new cur=7070307564 next=7161823868 tgt=7539621945 f=0.195 u=1 breach=9 end=
CBAP_MIG t=35615000 epoch=7123 flow=31 side=new cur=7070285559 next=7161806154 tgt=7539621945 f=0.195 u=1 breach=9 end=
CBAP_MIG t=35615000 epoch=7123 flow=33 side=new cur=7070304587 next=7161821471 tgt=7539621945 f=0.195 u=1 breach=9 end=
CBAP_MIG t=35615000 epoch=7123 flow=34 side=new cur=7070299576 next=7161817437 tgt=7539621945 f=0.195 u=1 breach=9 end=
CBAP_MIG t=35615000 epoch=7123 flow=35 side=new cur=7070308253 next=7161824422 tgt=7539621945 f=0.195 u=1 breach=9 end=
CBAP_MIG t=35615000 epoch=7123 flow=36 side=new cur=7070308253 next=7161824422 tgt=7539621945 f=0.195 u=1 breach=9 end=
CBAP_MIG t=35615000 epoch=7123 flow=37 side=new cur=7070245886 next=7161774217 tgt=7539621945 f=0.195 u=1 breach=9 end=
CBAP_MIG t=35615000 epoch=7123 flow=38 side=new cur=7070285559 next=7161806154 tgt=7539621945 f=0.195 u=1 breach=9 end=
CBAP_MIG t=35615000 epoch=7123 flow=41 side=new cur=7070290309 next=7161809978 tgt=7539621945 f=0.195 u=1 breach=9 end=
CBAP_MIG t=35615000 epoch=7123 flow=42 side=new cur=7070307223 next=7161823593 tgt=7539621945 f=0.195 u=1 breach=9 end=
CBAP_MIG t=35615000 epoch=7123 flow=43 side=new cur=7070308253 next=7161824422 tgt=7539621945 f=0.195 u=1 breach=9 end=
CBAP_MIG t=35615000 epoch=7123 flow=44 side=new cur=7070310226 next=7161826011 tgt=7539621945 f=0.195 u=1 breach=9 end=
CBAP_MIG t=35615000 epoch=7123 flow=45 side=new cur=7070300752 next=7161818384 tgt=7539621945 f=0.195 u=1 breach=9 end=
CBAP_MIG t=35615000 epoch=7123 flow=46 side=new cur=7070304460 next=7161821369 tgt=7539621945 f=0.195 u=1 breach=9 end=
CBAP_MIG t=35615000 epoch=7123 flow=47 side=new cur=7070313246 next=7161828442 tgt=7539621945 f=0.195 u=1 breach=9 end=
CBAP_MIG t=35615000 epoch=7123 flow=48 side=new cur=7070307742 next=7161824011 tgt=7539621945 f=0.195 u=1 breach=9 end=
CBAP_MIG t=35615000 epoch=7123 flow=49 side=new cur=7070285104 next=7161805787 tgt=7539621945 f=0.195 u=1 breach=9 end=
CBAP_MIG t=35615000 epoch=7123 flow=51 side=new cur=7070284479 next=7161805284 tgt=7539621945 f=0.195 u=1 breach=9 end=
CBAP_MIG t=35615000 epoch=7123 flow=52 side=new cur=7070284479 next=7161805284 tgt=7539621945 f=0.195 u=1 breach=9 end=
CBAP_MIG t=35615000 epoch=7123 flow=53 side=new cur=7070299664 next=7161817508 tgt=7539621945 f=0.195 u=1 breach=9 end=
CBAP_MIG t=35615000 epoch=7123 flow=54 side=new cur=7070302385 next=7161819699 tgt=7539621945 f=0.195 u=1 breach=9 end=
CBAP_MIG t=35615000 epoch=7123 flow=55 side=new cur=7070307564 next=7161823868 tgt=7539621945 f=0.195 u=1 breach=9 end=
CBAP_MIG t=35615000 epoch=7123 flow=56 side=new cur=7070313246 next=7161828442 tgt=7539621945 f=0.195 u=1 breach=9 end=
CBAP_MIG t=35615000 epoch=7123 flow=57 side=new cur=7070304088 next=7161821070 tgt=7539621945 f=0.195 u=1 breach=9 end=
CBAP_MIG t=35615000 epoch=7123 flow=58 side=new cur=7070258377 next=7161784272 tgt=7539621945 f=0.195 u=1 breach=9 end=
CBAP_MIG t=35615000 epoch=7123 flow=59 side=new cur=7070299171 next=7161817111 tgt=7539621945 f=0.195 u=1 breach=9 end=
CBAP_MIG t=35615000 epoch=7123 flow=61 side=new cur=7070277953 next=7161800031 tgt=7539621945 f=0.195 u=1 breach=9 end=
CBAP_MIG t=35615000 epoch=7123 flow=62 side=new cur=7070308253 next=7161824422 tgt=7539621945 f=0.195 u=1 breach=9 end=
CBAP_MIG t=35615000 epoch=7123 flow=63 side=new cur=7070285559 next=7161806154 tgt=7539621945 f=0.195 u=1 breach=9 end=
CBAP_MIG t=35615000 epoch=7123 flow=64 side=new cur=7070254434 next=7161781098 tgt=7539621945 f=0.195 u=1 breach=9 end=
CBAP_MIG t=35620000 epoch=7124 flow=2 side=new cur=7161806154 next=7235480233 tgt=7539621945 f=0.195 u=1 breach=9 end=
CBAP_MIG t=35620000 epoch=7124 flow=3 side=new cur=7161778540 next=7235458003 tgt=7539621945 f=0.195 u=1 breach=9 end=
CBAP_MIG t=35620000 epoch=7124 flow=4 side=new cur=7161824435 next=7235494949 tgt=7539621945 f=0.195 u=1 breach=9 end=
CBAP_MIG t=35620000 epoch=7124 flow=5 side=new cur=7161812898 next=7235485662 tgt=7539621945 f=0.195 u=1 breach=9 end=
CBAP_MIG t=35620000 epoch=7124 flow=8 side=new cur=7161817437 next=7235489316 tgt=7539621945 f=0.195 u=1 breach=9 end=
CBAP_MIG t=35620000 epoch=7124 flow=9 side=new cur=7161816028 next=7235488181 tgt=7539621945 f=0.195 u=1 breach=9 end=
CBAP_MIG t=35620000 epoch=7124 flow=10 side=new cur=7161823868 next=7235494493 tgt=7539621945 f=0.195 u=1 breach=9 end=
CBAP_MIG t=35620000 epoch=7124 flow=11 side=new cur=7161828442 next=7235498175 tgt=7539621945 f=0.195 u=1 breach=9 end=
CBAP_MIG t=35620000 epoch=7124 flow=12 side=new cur=7161821070 next=7235492240 tgt=7539621945 f=0.195 u=1 breach=9 end=
CBAP_MIG t=35620000 epoch=7124 flow=13 side=new cur=7161821369 next=7235492481 tgt=7539621945 f=0.195 u=1 breach=9 end=
CBAP_MIG t=35620000 epoch=7124 flow=14 side=new cur=7161805284 next=7235479532 tgt=7539621945 f=0.195 u=1 breach=9 end=
CBAP_MIG t=35620000 epoch=7124 flow=15 side=new cur=7161817437 next=7235489316 tgt=7539621945 f=0.195 u=1 breach=9 end=
CBAP_MIG t=35620000 epoch=7124 flow=16 side=new cur=7161816798 next=7235488801 tgt=7539621945 f=0.195 u=1 breach=9 end=
CBAP_MIG t=35620000 epoch=7124 flow=18 side=new cur=7161813888 next=7235486459 tgt=7539621945 f=0.195 u=1 breach=9 end=
CBAP_MIG t=35620000 epoch=7124 flow=19 side=new cur=7161824422 next=7235494938 tgt=7539621945 f=0.195 u=1 breach=9 end=
CBAP_MIG t=35620000 epoch=7124 flow=20 side=new cur=7161805284 next=7235479532 tgt=7539621945 f=0.195 u=1 breach=9 end=
CBAP_MIG t=35620000 epoch=7124 flow=21 side=new cur=7161806154 next=7235480233 tgt=7539621945 f=0.195 u=1 breach=9 end=
CBAP_MIG t=35620000 epoch=7124 flow=22 side=new cur=7161809978 next=7235483311 tgt=7539621945 f=0.195 u=1 breach=9 end=
CBAP_MIG t=35620000 epoch=7124 flow=23 side=new cur=7161822317 next=7235493244 tgt=7539621945 f=0.195 u=1 breach=9 end=
CBAP_MIG t=35620000 epoch=7124 flow=24 side=new cur=7161824277 next=7235494822 tgt=7539621945 f=0.195 u=1 breach=9 end=
CBAP_MIG t=35620000 epoch=7124 flow=25 side=new cur=7161824422 next=7235494938 tgt=7539621945 f=0.195 u=1 breach=9 end=
CBAP_MIG t=35620000 epoch=7124 flow=26 side=new cur=7161826570 next=7235496668 tgt=7539621945 f=0.195 u=1 breach=9 end=
CBAP_MIG t=35620000 epoch=7124 flow=29 side=new cur=7161825837 next=7235496078 tgt=7539621945 f=0.195 u=1 breach=9 end=
CBAP_MIG t=35620000 epoch=7124 flow=30 side=new cur=7161823868 next=7235494493 tgt=7539621945 f=0.195 u=1 breach=9 end=
CBAP_MIG t=35620000 epoch=7124 flow=31 side=new cur=7161806154 next=7235480233 tgt=7539621945 f=0.195 u=1 breach=9 end=
CBAP_MIG t=35620000 epoch=7124 flow=33 side=new cur=7161821471 next=7235492563 tgt=7539621945 f=0.195 u=1 breach=9 end=
CBAP_MIG t=35620000 epoch=7124 flow=34 side=new cur=7161817437 next=7235489316 tgt=7539621945 f=0.195 u=1 breach=9 end=
CBAP_MIG t=35620000 epoch=7124 flow=35 side=new cur=7161824422 next=7235494938 tgt=7539621945 f=0.195 u=1 breach=9 end=
CBAP_MIG t=35620000 epoch=7124 flow=36 side=new cur=7161824422 next=7235494938 tgt=7539621945 f=0.195 u=1 breach=9 end=
CBAP_MIG t=35620000 epoch=7124 flow=37 side=new cur=7161774217 next=7235454523 tgt=7539621945 f=0.195 u=1 breach=9 end=
CBAP_MIG t=35620000 epoch=7124 flow=38 side=new cur=7161806154 next=7235480233 tgt=7539621945 f=0.195 u=1 breach=9 end=
CBAP_MIG t=35620000 epoch=7124 flow=41 side=new cur=7161809978 next=7235483311 tgt=7539621945 f=0.195 u=1 breach=9 end=
CBAP_MIG t=35620000 epoch=7124 flow=42 side=new cur=7161823593 next=7235494271 tgt=7539621945 f=0.195 u=1 breach=9 end=
CBAP_MIG t=35620000 epoch=7124 flow=43 side=new cur=7161824422 next=7235494938 tgt=7539621945 f=0.195 u=1 breach=9 end=
CBAP_MIG t=35620000 epoch=7124 flow=44 side=new cur=7161826011 next=7235496218 tgt=7539621945 f=0.195 u=1 breach=9 end=
CBAP_MIG t=35620000 epoch=7124 flow=45 side=new cur=7161818384 next=7235490078 tgt=7539621945 f=0.195 u=1 breach=9 end=
CBAP_MIG t=35620000 epoch=7124 flow=46 side=new cur=7161821369 next=7235492481 tgt=7539621945 f=0.195 u=1 breach=9 end=
CBAP_MIG t=35620000 epoch=7124 flow=47 side=new cur=7161828442 next=7235498175 tgt=7539621945 f=0.195 u=1 breach=9 end=
CBAP_MIG t=35620000 epoch=7124 flow=48 side=new cur=7161824011 next=7235494608 tgt=7539621945 f=0.195 u=1 breach=9 end=
CBAP_MIG t=35620000 epoch=7124 flow=49 side=new cur=7161805787 next=7235479937 tgt=7539621945 f=0.195 u=1 breach=9 end=
CBAP_MIG t=35620000 epoch=7124 flow=51 side=new cur=7161805284 next=7235479532 tgt=7539621945 f=0.195 u=1 breach=9 end=
CBAP_MIG t=35620000 epoch=7124 flow=52 side=new cur=7161805284 next=7235479532 tgt=7539621945 f=0.195 u=1 breach=9 end=
CBAP_MIG t=35620000 epoch=7124 flow=53 side=new cur=7161817508 next=7235489373 tgt=7539621945 f=0.195 u=1 breach=9 end=
CBAP_MIG t=35620000 epoch=7124 flow=54 side=new cur=7161819699 next=7235491136 tgt=7539621945 f=0.195 u=1 breach=9 end=
CBAP_MIG t=35620000 epoch=7124 flow=55 side=new cur=7161823868 next=7235494493 tgt=7539621945 f=0.195 u=1 breach=9 end=
CBAP_MIG t=35620000 epoch=7124 flow=56 side=new cur=7161828442 next=7235498175 tgt=7539621945 f=0.195 u=1 breach=9 end=
CBAP_MIG t=35620000 epoch=7124 flow=57 side=new cur=7161821070 next=7235492240 tgt=7539621945 f=0.195 u=1 breach=9 end=
CBAP_MIG t=35620000 epoch=7124 flow=58 side=new cur=7161784272 next=7235462618 tgt=7539621945 f=0.195 u=1 breach=9 end=
CBAP_MIG t=35620000 epoch=7124 flow=59 side=new cur=7161817111 next=7235489053 tgt=7539621945 f=0.195 u=1 breach=9 end=
CBAP_MIG t=35620000 epoch=7124 flow=61 side=new cur=7161800031 next=7235475304 tgt=7539621945 f=0.195 u=1 breach=9 end=
CBAP_MIG t=35620000 epoch=7124 flow=62 side=new cur=7161824422 next=7235494938 tgt=7539621945 f=0.195 u=1 breach=9 end=
CBAP_MIG t=35620000 epoch=7124 flow=63 side=new cur=7161806154 next=7235480233 tgt=7539621945 f=0.195 u=1 breach=9 end=
CBAP_MIG t=35620000 epoch=7124 flow=64 side=new cur=7161781098 next=7235460063 tgt=7539621945 f=0.195 u=1 breach=9 end=
CBAP_MIG t=35625000 epoch=7125 flow=2 side=new cur=7235480233 next=7294787866 tgt=7539621945 f=0.195 u=1 breach=9 end=
CBAP_MIG t=35625000 epoch=7125 flow=3 side=new cur=7235458003 next=7294769971 tgt=7539621945 f=0.195 u=1 breach=9 end=
CBAP_MIG t=35625000 epoch=7125 flow=4 side=new cur=7235494949 next=7294799713 tgt=7539621945 f=0.195 u=1 breach=9 end=
CBAP_MIG t=35625000 epoch=7125 flow=5 side=new cur=7235485662 next=7294792237 tgt=7539621945 f=0.195 u=1 breach=9 end=
CBAP_MIG t=35625000 epoch=7125 flow=8 side=new cur=7235489316 next=7294795178 tgt=7539621945 f=0.195 u=1 breach=9 end=
CBAP_MIG t=35625000 epoch=7125 flow=9 side=new cur=7235488181 next=7294794264 tgt=7539621945 f=0.195 u=1 breach=9 end=
CBAP_MIG t=35625000 epoch=7125 flow=10 side=new cur=7235494493 next=7294799346 tgt=7539621945 f=0.195 u=1 breach=9 end=
CBAP_MIG t=35625000 epoch=7125 flow=11 side=new cur=7235498175 next=7294802310 tgt=7539621945 f=0.195 u=1 breach=9 end=
CBAP_MIG t=35625000 epoch=7125 flow=12 side=new cur=7235492240 next=7294797532 tgt=7539621945 f=0.195 u=1 breach=9 end=
CBAP_MIG t=35625000 epoch=7125 flow=13 side=new cur=7235492481 next=7294797726 tgt=7539621945 f=0.195 u=1 breach=9 end=
CBAP_MIG t=35625000 epoch=7125 flow=14 side=new cur=7235479532 next=7294787302 tgt=7539621945 f=0.195 u=1 breach=9 end=
CBAP_MIG t=35625000 epoch=7125 flow=15 side=new cur=7235489316 next=7294795178 tgt=7539621945 f=0.195 u=1 breach=9 end=
CBAP_MIG t=35625000 epoch=7125 flow=16 side=new cur=7235488801 next=7294794764 tgt=7539621945 f=0.195 u=1 breach=9 end=
CBAP_MIG t=35625000 epoch=7125 flow=18 side=new cur=7235486459 next=7294792878 tgt=7539621945 f=0.195 u=1 breach=9 end=
CBAP_MIG t=35625000 epoch=7125 flow=19 side=new cur=7235494938 next=7294799704 tgt=7539621945 f=0.195 u=1 breach=9 end=
CBAP_MIG t=35625000 epoch=7125 flow=20 side=new cur=7235479532 next=7294787302 tgt=7539621945 f=0.195 u=1 breach=9 end=
CBAP_MIG t=35625000 epoch=7125 flow=21 side=new cur=7235480233 next=7294787866 tgt=7539621945 f=0.195 u=1 breach=9 end=
CBAP_MIG t=35625000 epoch=7125 flow=22 side=new cur=7235483311 next=7294790344 tgt=7539621945 f=0.195 u=1 breach=9 end=
CBAP_MIG t=35625000 epoch=7125 flow=23 side=new cur=7235493244 next=7294798340 tgt=7539621945 f=0.195 u=1 breach=9 end=
CBAP_MIG t=35625000 epoch=7125 flow=24 side=new cur=7235494822 next=7294799610 tgt=7539621945 f=0.195 u=1 breach=9 end=
CBAP_MIG t=35625000 epoch=7125 flow=25 side=new cur=7235494938 next=7294799704 tgt=7539621945 f=0.195 u=1 breach=9 end=
CBAP_MIG t=35625000 epoch=7125 flow=26 side=new cur=7235496668 next=7294801097 tgt=7539621945 f=0.195 u=1 breach=9 end=
CBAP_MIG t=35625000 epoch=7125 flow=29 side=new cur=7235496078 next=7294800622 tgt=7539621945 f=0.195 u=1 breach=9 end=
CBAP_MIG t=35625000 epoch=7125 flow=30 side=new cur=7235494493 next=7294799346 tgt=7539621945 f=0.195 u=1 breach=9 end=
CBAP_MIG t=35625000 epoch=7125 flow=31 side=new cur=7235480233 next=7294787866 tgt=7539621945 f=0.195 u=1 breach=9 end=
CBAP_MIG t=35625000 epoch=7125 flow=33 side=new cur=7235492563 next=7294797792 tgt=7539621945 f=0.195 u=1 breach=9 end=
CBAP_MIG t=35625000 epoch=7125 flow=34 side=new cur=7235489316 next=7294795178 tgt=7539621945 f=0.195 u=1 breach=9 end=
CBAP_MIG t=35625000 epoch=7125 flow=35 side=new cur=7235494938 next=7294799704 tgt=7539621945 f=0.195 u=1 breach=9 end=
CBAP_MIG t=35625000 epoch=7125 flow=36 side=new cur=7235494938 next=7294799704 tgt=7539621945 f=0.195 u=1 breach=9 end=
CBAP_MIG t=35625000 epoch=7125 flow=37 side=new cur=7235454523 next=7294767170 tgt=7539621945 f=0.195 u=1 breach=9 end=
CBAP_MIG t=35625000 epoch=7125 flow=38 side=new cur=7235480233 next=7294787866 tgt=7539621945 f=0.195 u=1 breach=9 end=
CBAP_MIG t=35625000 epoch=7125 flow=41 side=new cur=7235483311 next=7294790344 tgt=7539621945 f=0.195 u=1 breach=9 end=
CBAP_MIG t=35625000 epoch=7125 flow=42 side=new cur=7235494271 next=7294799167 tgt=7539621945 f=0.195 u=1 breach=9 end=
CBAP_MIG t=35625000 epoch=7125 flow=43 side=new cur=7235494938 next=7294799704 tgt=7539621945 f=0.195 u=1 breach=9 end=
CBAP_MIG t=35625000 epoch=7125 flow=44 side=new cur=7235496218 next=7294800734 tgt=7539621945 f=0.195 u=1 breach=9 end=
CBAP_MIG t=35625000 epoch=7125 flow=45 side=new cur=7235490078 next=7294795792 tgt=7539621945 f=0.195 u=1 breach=9 end=
CBAP_MIG t=35625000 epoch=7125 flow=46 side=new cur=7235492481 next=7294797726 tgt=7539621945 f=0.195 u=1 breach=9 end=
CBAP_MIG t=35625000 epoch=7125 flow=47 side=new cur=7235498175 next=7294802310 tgt=7539621945 f=0.195 u=1 breach=9 end=
CBAP_MIG t=35625000 epoch=7125 flow=48 side=new cur=7235494608 next=7294799438 tgt=7539621945 f=0.195 u=1 breach=9 end=
CBAP_MIG t=35625000 epoch=7125 flow=49 side=new cur=7235479937 next=7294787628 tgt=7539621945 f=0.195 u=1 breach=9 end=
CBAP_MIG t=35625000 epoch=7125 flow=51 side=new cur=7235479532 next=7294787302 tgt=7539621945 f=0.195 u=1 breach=9 end=
CBAP_MIG t=35625000 epoch=7125 flow=52 side=new cur=7235479532 next=7294787302 tgt=7539621945 f=0.195 u=1 breach=9 end=
CBAP_MIG t=35625000 epoch=7125 flow=53 side=new cur=7235489373 next=7294795224 tgt=7539621945 f=0.195 u=1 breach=9 end=
CBAP_MIG t=35625000 epoch=7125 flow=54 side=new cur=7235491136 next=7294796643 tgt=7539621945 f=0.195 u=1 breach=9 end=
CBAP_MIG t=35625000 epoch=7125 flow=55 side=new cur=7235494493 next=7294799346 tgt=7539621945 f=0.195 u=1 breach=9 end=
CBAP_MIG t=35625000 epoch=7125 flow=56 side=new cur=7235498175 next=7294802310 tgt=7539621945 f=0.195 u=1 breach=9 end=
CBAP_MIG t=35625000 epoch=7125 flow=57 side=new cur=7235492240 next=7294797532 tgt=7539621945 f=0.195 u=1 breach=9 end=
CBAP_MIG t=35625000 epoch=7125 flow=58 side=new cur=7235462618 next=7294773686 tgt=7539621945 f=0.195 u=1 breach=9 end=
CBAP_MIG t=35625000 epoch=7125 flow=59 side=new cur=7235489053 next=7294794966 tgt=7539621945 f=0.195 u=1 breach=9 end=
CBAP_MIG t=35625000 epoch=7125 flow=61 side=new cur=7235475304 next=7294783898 tgt=7539621945 f=0.195 u=1 breach=9 end=
CBAP_MIG t=35625000 epoch=7125 flow=62 side=new cur=7235494938 next=7294799704 tgt=7539621945 f=0.195 u=1 breach=9 end=
CBAP_MIG t=35625000 epoch=7125 flow=63 side=new cur=7235480233 next=7294787866 tgt=7539621945 f=0.195 u=1 breach=9 end=
CBAP_MIG t=35625000 epoch=7125 flow=64 side=new cur=7235460063 next=7294771629 tgt=7539621945 f=0.195 u=1 breach=9 end=
CBAP_MIG t=35630000 epoch=7126 flow=2 side=new cur=7294787866 next=7342530511 tgt=7539621945 f=0.195 u=1 breach=9 end=
CBAP_MIG t=35630000 epoch=7126 flow=3 side=new cur=7294769971 next=7342516105 tgt=7539621945 f=0.195 u=1 breach=9 end=
CBAP_MIG t=35630000 epoch=7126 flow=4 side=new cur=7294799713 next=7342540048 tgt=7539621945 f=0.195 u=1 breach=9 end=
CBAP_MIG t=35630000 epoch=7126 flow=5 side=new cur=7294792237 next=7342534030 tgt=7539621945 f=0.195 u=1 breach=9 end=
CBAP_MIG t=35630000 epoch=7126 flow=8 side=new cur=7294795178 next=7342536397 tgt=7539621945 f=0.195 u=1 breach=9 end=
CBAP_MIG t=35630000 epoch=7126 flow=9 side=new cur=7294794264 next=7342535661 tgt=7539621945 f=0.195 u=1 breach=9 end=
CBAP_MIG t=35630000 epoch=7126 flow=10 side=new cur=7294799346 next=7342539752 tgt=7539621945 f=0.195 u=1 breach=9 end=
CBAP_MIG t=35630000 epoch=7126 flow=11 side=new cur=7294802310 next=7342542138 tgt=7539621945 f=0.195 u=1 breach=9 end=
CBAP_MIG t=35630000 epoch=7126 flow=12 side=new cur=7294797532 next=7342538292 tgt=7539621945 f=0.195 u=1 breach=9 end=
CBAP_MIG t=35630000 epoch=7126 flow=13 side=new cur=7294797726 next=7342538448 tgt=7539621945 f=0.195 u=1 breach=9 end=
CBAP_MIG t=35630000 epoch=7126 flow=14 side=new cur=7294787302 next=7342530057 tgt=7539621945 f=0.195 u=1 breach=9 end=
CBAP_MIG t=35630000 epoch=7126 flow=15 side=new cur=7294795178 next=7342536397 tgt=7539621945 f=0.195 u=1 breach=9 end=
CBAP_MIG t=35630000 epoch=7126 flow=16 side=new cur=7294794764 next=7342536064 tgt=7539621945 f=0.195 u=1 breach=9 end=
CBAP_MIG t=35630000 epoch=7126 flow=18 side=new cur=7294792878 next=7342534546 tgt=7539621945 f=0.195 u=1 breach=9 end=
CBAP_MIG t=35630000 epoch=7126 flow=19 side=new cur=7294799704 next=7342540040 tgt=7539621945 f=0.195 u=1 breach=9 end=
CBAP_MIG t=35630000 epoch=7126 flow=20 side=new cur=7294787302 next=7342530057 tgt=7539621945 f=0.195 u=1 breach=9 end=
CBAP_MIG t=35630000 epoch=7126 flow=21 side=new cur=7294787866 next=7342530511 tgt=7539621945 f=0.195 u=1 breach=9 end=
CBAP_MIG t=35630000 epoch=7126 flow=22 side=new cur=7294790344 next=7342532506 tgt=7539621945 f=0.195 u=1 breach=9 end=
CBAP_MIG t=35630000 epoch=7126 flow=23 side=new cur=7294798340 next=7342538942 tgt=7539621945 f=0.195 u=1 breach=9 end=
CBAP_MIG t=35630000 epoch=7126 flow=24 side=new cur=7294799610 next=7342539965 tgt=7539621945 f=0.195 u=1 breach=9 end=
CBAP_MIG t=35630000 epoch=7126 flow=25 side=new cur=7294799704 next=7342540040 tgt=7539621945 f=0.195 u=1 breach=9 end=
CBAP_MIG t=35630000 epoch=7126 flow=26 side=new cur=7294801097 next=7342541162 tgt=7539621945 f=0.195 u=1 breach=9 end=
CBAP_MIG t=35630000 epoch=7126 flow=29 side=new cur=7294800622 next=7342540779 tgt=7539621945 f=0.195 u=1 breach=9 end=
CBAP_MIG t=35630000 epoch=7126 flow=30 side=new cur=7294799346 next=7342539752 tgt=7539621945 f=0.195 u=1 breach=9 end=
CBAP_MIG t=35630000 epoch=7126 flow=31 side=new cur=7294787866 next=7342530511 tgt=7539621945 f=0.195 u=1 breach=9 end=
CBAP_MIG t=35630000 epoch=7126 flow=33 side=new cur=7294797792 next=7342538501 tgt=7539621945 f=0.195 u=1 breach=9 end=
CBAP_MIG t=35630000 epoch=7126 flow=34 side=new cur=7294795178 next=7342536397 tgt=7539621945 f=0.195 u=1 breach=9 end=
CBAP_MIG t=35630000 epoch=7126 flow=35 side=new cur=7294799704 next=7342540040 tgt=7539621945 f=0.195 u=1 breach=9 end=
CBAP_MIG t=35630000 epoch=7126 flow=36 side=new cur=7294799704 next=7342540040 tgt=7539621945 f=0.195 u=1 breach=9 end=
CBAP_MIG t=35630000 epoch=7126 flow=37 side=new cur=7294767170 next=7342513851 tgt=7539621945 f=0.195 u=1 breach=9 end=
CBAP_MIG t=35630000 epoch=7126 flow=38 side=new cur=7294787866 next=7342530511 tgt=7539621945 f=0.195 u=1 breach=9 end=
CBAP_MIG t=35630000 epoch=7126 flow=41 side=new cur=7294790344 next=7342532506 tgt=7539621945 f=0.195 u=1 breach=9 end=
CBAP_MIG t=35630000 epoch=7126 flow=42 side=new cur=7294799167 next=7342539608 tgt=7539621945 f=0.195 u=1 breach=9 end=
CBAP_MIG t=35630000 epoch=7126 flow=43 side=new cur=7294799704 next=7342540040 tgt=7539621945 f=0.195 u=1 breach=9 end=
CBAP_MIG t=35630000 epoch=7126 flow=44 side=new cur=7294800734 next=7342540870 tgt=7539621945 f=0.195 u=1 breach=9 end=
CBAP_MIG t=35630000 epoch=7126 flow=45 side=new cur=7294795792 next=7342536891 tgt=7539621945 f=0.195 u=1 breach=9 end=
CBAP_MIG t=35630000 epoch=7126 flow=46 side=new cur=7294797726 next=7342538448 tgt=7539621945 f=0.195 u=1 breach=9 end=
CBAP_MIG t=35630000 epoch=7126 flow=47 side=new cur=7294802310 next=7342542138 tgt=7539621945 f=0.195 u=1 breach=9 end=
CBAP_MIG t=35630000 epoch=7126 flow=48 side=new cur=7294799438 next=7342539826 tgt=7539621945 f=0.195 u=1 breach=9 end=
CBAP_MIG t=35630000 epoch=7126 flow=49 side=new cur=7294787628 next=7342530319 tgt=7539621945 f=0.195 u=1 breach=9 end=
CBAP_MIG t=35630000 epoch=7126 flow=51 side=new cur=7294787302 next=7342530057 tgt=7539621945 f=0.195 u=1 breach=9 end=
CBAP_MIG t=35630000 epoch=7126 flow=52 side=new cur=7294787302 next=7342530057 tgt=7539621945 f=0.195 u=1 breach=9 end=
CBAP_MIG t=35630000 epoch=7126 flow=53 side=new cur=7294795224 next=7342536434 tgt=7539621945 f=0.195 u=1 breach=9 end=
CBAP_MIG t=35630000 epoch=7126 flow=54 side=new cur=7294796643 next=7342537576 tgt=7539621945 f=0.195 u=1 breach=9 end=
CBAP_MIG t=35630000 epoch=7126 flow=55 side=new cur=7294799346 next=7342539752 tgt=7539621945 f=0.195 u=1 breach=9 end=
CBAP_MIG t=35630000 epoch=7126 flow=56 side=new cur=7294802310 next=7342542138 tgt=7539621945 f=0.195 u=1 breach=9 end=
CBAP_MIG t=35630000 epoch=7126 flow=57 side=new cur=7294797532 next=7342538292 tgt=7539621945 f=0.195 u=1 breach=9 end=
CBAP_MIG t=35630000 epoch=7126 flow=58 side=new cur=7294773686 next=7342519096 tgt=7539621945 f=0.195 u=1 breach=9 end=
CBAP_MIG t=35630000 epoch=7126 flow=59 side=new cur=7294794966 next=7342536226 tgt=7539621945 f=0.195 u=1 breach=9 end=
CBAP_MIG t=35630000 epoch=7126 flow=61 side=new cur=7294783898 next=7342527317 tgt=7539621945 f=0.195 u=1 breach=9 end=
CBAP_MIG t=35630000 epoch=7126 flow=62 side=new cur=7294799704 next=7342540040 tgt=7539621945 f=0.195 u=1 breach=9 end=
CBAP_MIG t=35630000 epoch=7126 flow=63 side=new cur=7294787866 next=7342530511 tgt=7539621945 f=0.195 u=1 breach=9 end=
CBAP_MIG t=35630000 epoch=7126 flow=64 side=new cur=7294771629 next=7342517440 tgt=7539621945 f=0.195 u=1 breach=9 end=
CBAP_MIG t=35635000 epoch=7127 flow=2 side=new cur=7342530511 next=7380963340 tgt=7539621945 f=0.195 u=1 breach=9 end=
CBAP_MIG t=35635000 epoch=7127 flow=3 side=new cur=7342516105 next=7380951743 tgt=7539621945 f=0.195 u=1 breach=9 end=
CBAP_MIG t=35635000 epoch=7127 flow=4 side=new cur=7342540048 next=7380971017 tgt=7539621945 f=0.195 u=1 breach=9 end=
CBAP_MIG t=35635000 epoch=7127 flow=5 side=new cur=7342534030 next=7380966173 tgt=7539621945 f=0.195 u=1 breach=9 end=
CBAP_MIG t=35635000 epoch=7127 flow=8 side=new cur=7342536397 next=7380968078 tgt=7539621945 f=0.195 u=1 breach=9 end=
CBAP_MIG t=35635000 epoch=7127 flow=9 side=new cur=7342535661 next=7380967486 tgt=7539621945 f=0.195 u=1 breach=9 end=
CBAP_MIG t=35635000 epoch=7127 flow=10 side=new cur=7342539752 next=7380970779 tgt=7539621945 f=0.195 u=1 breach=9 end=
CBAP_MIG t=35635000 epoch=7127 flow=11 side=new cur=7342542138 next=7380972700 tgt=7539621945 f=0.195 u=1 breach=9 end=
CBAP_MIG t=35635000 epoch=7127 flow=12 side=new cur=7342538292 next=7380969604 tgt=7539621945 f=0.195 u=1 breach=9 end=
CBAP_MIG t=35635000 epoch=7127 flow=13 side=new cur=7342538448 next=7380969729 tgt=7539621945 f=0.195 u=1 breach=9 end=
CBAP_MIG t=35635000 epoch=7127 flow=14 side=new cur=7342530057 next=7380962975 tgt=7539621945 f=0.195 u=1 breach=9 end=
CBAP_MIG t=35635000 epoch=7127 flow=15 side=new cur=7342536397 next=7380968078 tgt=7539621945 f=0.195 u=1 breach=9 end=
CBAP_MIG t=35635000 epoch=7127 flow=16 side=new cur=7342536064 next=7380967810 tgt=7539621945 f=0.195 u=1 breach=9 end=
CBAP_MIG t=35635000 epoch=7127 flow=18 side=new cur=7342534546 next=7380966588 tgt=7539621945 f=0.195 u=1 breach=9 end=
CBAP_MIG t=35635000 epoch=7127 flow=19 side=new cur=7342540040 next=7380971011 tgt=7539621945 f=0.195 u=1 breach=9 end=
CBAP_MIG t=35635000 epoch=7127 flow=20 side=new cur=7342530057 next=7380962975 tgt=7539621945 f=0.195 u=1 breach=9 end=
CBAP_MIG t=35635000 epoch=7127 flow=21 side=new cur=7342530511 next=7380963340 tgt=7539621945 f=0.195 u=1 breach=9 end=
CBAP_MIG t=35635000 epoch=7127 flow=22 side=new cur=7342532506 next=7380964946 tgt=7539621945 f=0.195 u=1 breach=9 end=
CBAP_MIG t=35635000 epoch=7127 flow=23 side=new cur=7342538942 next=7380970127 tgt=7539621945 f=0.195 u=1 breach=9 end=
CBAP_MIG t=35635000 epoch=7127 flow=24 side=new cur=7342539965 next=7380970951 tgt=7539621945 f=0.195 u=1 breach=9 end=
CBAP_MIG t=35635000 epoch=7127 flow=25 side=new cur=7342540040 next=7380971011 tgt=7539621945 f=0.195 u=1 breach=9 end=
CBAP_MIG t=35635000 epoch=7127 flow=26 side=new cur=7342541162 next=7380971914 tgt=7539621945 f=0.195 u=1 breach=9 end=
CBAP_MIG t=35635000 epoch=7127 flow=29 side=new cur=7342540779 next=7380971606 tgt=7539621945 f=0.195 u=1 breach=9 end=
CBAP_MIG t=35635000 epoch=7127 flow=30 side=new cur=7342539752 next=7380970779 tgt=7539621945 f=0.195 u=1 breach=9 end=
CBAP_MIG t=35635000 epoch=7127 flow=31 side=new cur=7342530511 next=7380963340 tgt=7539621945 f=0.195 u=1 breach=9 end=
CBAP_MIG t=35635000 epoch=7127 flow=33 side=new cur=7342538501 next=7380969772 tgt=7539621945 f=0.195 u=1 breach=9 end=
CBAP_MIG t=35635000 epoch=7127 flow=34 side=new cur=7342536397 next=7380968078 tgt=7539621945 f=0.195 u=1 breach=9 end=
CBAP_MIG t=35635000 epoch=7127 flow=35 side=new cur=7342540040 next=7380971011 tgt=7539621945 f=0.195 u=1 breach=9 end=
CBAP_MIG t=35635000 epoch=7127 flow=36 side=new cur=7342540040 next=7380971011 tgt=7539621945 f=0.195 u=1 breach=9 end=
CBAP_MIG t=35635000 epoch=7127 flow=37 side=new cur=7342513851 next=7380949929 tgt=7539621945 f=0.195 u=1 breach=9 end=
CBAP_MIG t=35635000 epoch=7127 flow=38 side=new cur=7342530511 next=7380963340 tgt=7539621945 f=0.195 u=1 breach=9 end=
CBAP_MIG t=35635000 epoch=7127 flow=41 side=new cur=7342532506 next=7380964946 tgt=7539621945 f=0.195 u=1 breach=9 end=
CBAP_MIG t=35635000 epoch=7127 flow=42 side=new cur=7342539608 next=7380970663 tgt=7539621945 f=0.195 u=1 breach=9 end=
CBAP_MIG t=35635000 epoch=7127 flow=43 side=new cur=7342540040 next=7380971011 tgt=7539621945 f=0.195 u=1 breach=9 end=
CBAP_MIG t=35635000 epoch=7127 flow=44 side=new cur=7342540870 next=7380971679 tgt=7539621945 f=0.195 u=1 breach=9 end=
CBAP_MIG t=35635000 epoch=7127 flow=45 side=new cur=7342536891 next=7380968476 tgt=7539621945 f=0.195 u=1 breach=9 end=
CBAP_MIG t=35635000 epoch=7127 flow=46 side=new cur=7342538448 next=7380969729 tgt=7539621945 f=0.195 u=1 breach=9 end=
CBAP_MIG t=35635000 epoch=7127 flow=47 side=new cur=7342542138 next=7380972700 tgt=7539621945 f=0.195 u=1 breach=9 end=
CBAP_MIG t=35635000 epoch=7127 flow=48 side=new cur=7342539826 next=7380970839 tgt=7539621945 f=0.195 u=1 breach=9 end=
CBAP_MIG t=35635000 epoch=7127 flow=49 side=new cur=7342530319 next=7380963186 tgt=7539621945 f=0.195 u=1 breach=9 end=
CBAP_MIG t=35635000 epoch=7127 flow=51 side=new cur=7342530057 next=7380962975 tgt=7539621945 f=0.195 u=1 breach=9 end=
CBAP_MIG t=35635000 epoch=7127 flow=52 side=new cur=7342530057 next=7380962975 tgt=7539621945 f=0.195 u=1 breach=9 end=
CBAP_MIG t=35635000 epoch=7127 flow=53 side=new cur=7342536434 next=7380968108 tgt=7539621945 f=0.195 u=1 breach=9 end=
CBAP_MIG t=35635000 epoch=7127 flow=54 side=new cur=7342537576 next=7380969027 tgt=7539621945 f=0.195 u=1 breach=9 end=
CBAP_MIG t=35635000 epoch=7127 flow=55 side=new cur=7342539752 next=7380970779 tgt=7539621945 f=0.195 u=1 breach=9 end=
CBAP_MIG t=35635000 epoch=7127 flow=56 side=new cur=7342542138 next=7380972700 tgt=7539621945 f=0.195 u=1 breach=9 end=
CBAP_MIG t=35635000 epoch=7127 flow=57 side=new cur=7342538292 next=7380969604 tgt=7539621945 f=0.195 u=1 breach=9 end=
CBAP_MIG t=35635000 epoch=7127 flow=58 side=new cur=7342519096 next=7380954151 tgt=7539621945 f=0.195 u=1 breach=9 end=
CBAP_MIG t=35635000 epoch=7127 flow=59 side=new cur=7342536226 next=7380967941 tgt=7539621945 f=0.195 u=1 breach=9 end=
CBAP_MIG t=35635000 epoch=7127 flow=61 side=new cur=7342527317 next=7380960769 tgt=7539621945 f=0.195 u=1 breach=9 end=
CBAP_MIG t=35635000 epoch=7127 flow=62 side=new cur=7342540040 next=7380971011 tgt=7539621945 f=0.195 u=1 breach=9 end=
CBAP_MIG t=35635000 epoch=7127 flow=63 side=new cur=7342530511 next=7380963340 tgt=7539621945 f=0.195 u=1 breach=9 end=
CBAP_MIG t=35635000 epoch=7127 flow=64 side=new cur=7342517440 next=7380952818 tgt=7539621945 f=0.195 u=1 breach=9 end=
CBAP_MIG t=35640000 epoch=7128 flow=2 side=new cur=7380963340 next=7411901767 tgt=7539621945 f=0.195 u=1 breach=9 end=
CBAP_MIG t=35640000 epoch=7128 flow=3 side=new cur=7380951743 next=7411892432 tgt=7539621945 f=0.195 u=1 breach=9 end=
CBAP_MIG t=35640000 epoch=7128 flow=4 side=new cur=7380971017 next=7411907947 tgt=7539621945 f=0.195 u=1 breach=9 end=
CBAP_MIG t=35640000 epoch=7128 flow=5 side=new cur=7380966173 next=7411904048 tgt=7539621945 f=0.195 u=1 breach=9 end=
CBAP_MIG t=35640000 epoch=7128 flow=8 side=new cur=7380968078 next=7411905582 tgt=7539621945 f=0.195 u=1 breach=9 end=
CBAP_MIG t=35640000 epoch=7128 flow=9 side=new cur=7380967486 next=7411905105 tgt=7539621945 f=0.195 u=1 breach=9 end=
CBAP_MIG t=35640000 epoch=7128 flow=10 side=new cur=7380970779 next=7411907756 tgt=7539621945 f=0.195 u=1 breach=9 end=
CBAP_MIG t=35640000 epoch=7128 flow=11 side=new cur=7380972700 next=7411909302 tgt=7539621945 f=0.195 u=1 breach=9 end=
CBAP_MIG t=35640000 epoch=7128 flow=12 side=new cur=7380969604 next=7411906810 tgt=7539621945 f=0.195 u=1 breach=9 end=
CBAP_MIG t=35640000 epoch=7128 flow=13 side=new cur=7380969729 next=7411906911 tgt=7539621945 f=0.195 u=1 breach=9 end=
CBAP_MIG t=35640000 epoch=7128 flow=14 side=new cur=7380962975 next=7411901474 tgt=7539621945 f=0.195 u=1 breach=9 end=
CBAP_MIG t=35640000 epoch=7128 flow=15 side=new cur=7380968078 next=7411905582 tgt=7539621945 f=0.195 u=1 breach=9 end=
CBAP_MIG t=35640000 epoch=7128 flow=16 side=new cur=7380967810 next=7411905366 tgt=7539621945 f=0.195 u=1 breach=9 end=
CBAP_MIG t=35640000 epoch=7128 flow=18 side=new cur=7380966588 next=7411904382 tgt=7539621945 f=0.195 u=1 breach=9 end=
CBAP_MIG t=35640000 epoch=7128 flow=19 side=new cur=7380971011 next=7411907943 tgt=7539621945 f=0.195 u=1 breach=9 end=
CBAP_MIG t=35640000 epoch=7128 flow=20 side=new cur=7380962975 next=7411901474 tgt=7539621945 f=0.195 u=1 breach=9 end=
CBAP_MIG t=35640000 epoch=7128 flow=21 side=new cur=7380963340 next=7411901767 tgt=7539621945 f=0.195 u=1 breach=9 end=
CBAP_MIG t=35640000 epoch=7128 flow=22 side=new cur=7380964946 next=7411903060 tgt=7539621945 f=0.195 u=1 breach=9 end=
CBAP_MIG t=35640000 epoch=7128 flow=23 side=new cur=7380970127 next=7411907231 tgt=7539621945 f=0.195 u=1 breach=9 end=
CBAP_MIG t=35640000 epoch=7128 flow=24 side=new cur=7380970951 next=7411907894 tgt=7539621945 f=0.195 u=1 breach=9 end=
CBAP_MIG t=35640000 epoch=7128 flow=25 side=new cur=7380971011 next=7411907943 tgt=7539621945 f=0.195 u=1 breach=9 end=
CBAP_MIG t=35640000 epoch=7128 flow=26 side=new cur=7380971914 next=7411908670 tgt=7539621945 f=0.195 u=1 breach=9 end=
CBAP_MIG t=35640000 epoch=7128 flow=29 side=new cur=7380971606 next=7411908422 tgt=7539621945 f=0.195 u=1 breach=9 end=
CBAP_MIG t=35640000 epoch=7128 flow=30 side=new cur=7380970779 next=7411907756 tgt=7539621945 f=0.195 u=1 breach=9 end=
CBAP_MIG t=35640000 epoch=7128 flow=31 side=new cur=7380963340 next=7411901767 tgt=7539621945 f=0.195 u=1 breach=9 end=
CBAP_MIG t=35640000 epoch=7128 flow=33 side=new cur=7380969772 next=7411906945 tgt=7539621945 f=0.195 u=1 breach=9 end=
CBAP_MIG t=35640000 epoch=7128 flow=34 side=new cur=7380968078 next=7411905582 tgt=7539621945 f=0.195 u=1 breach=9 end=
CBAP_MIG t=35640000 epoch=7128 flow=35 side=new cur=7380971011 next=7411907943 tgt=7539621945 f=0.195 u=1 breach=9 end=
CBAP_MIG t=35640000 epoch=7128 flow=36 side=new cur=7380971011 next=7411907943 tgt=7539621945 f=0.195 u=1 breach=9 end=
CBAP_MIG t=35640000 epoch=7128 flow=37 side=new cur=7380949929 next=7411890972 tgt=7539621945 f=0.195 u=1 breach=9 end=
CBAP_MIG t=35640000 epoch=7128 flow=38 side=new cur=7380963340 next=7411901767 tgt=7539621945 f=0.195 u=1 breach=9 end=
CBAP_MIG t=35640000 epoch=7128 flow=41 side=new cur=7380964946 next=7411903060 tgt=7539621945 f=0.195 u=1 breach=9 end=
CBAP_MIG t=35640000 epoch=7128 flow=42 side=new cur=7380970663 next=7411907662 tgt=7539621945 f=0.195 u=1 breach=9 end=
CBAP_MIG t=35640000 epoch=7128 flow=43 side=new cur=7380971011 next=7411907943 tgt=7539621945 f=0.195 u=1 breach=9 end=
CBAP_MIG t=35640000 epoch=7128 flow=44 side=new cur=7380971679 next=7411908480 tgt=7539621945 f=0.195 u=1 breach=9 end=
CBAP_MIG t=35640000 epoch=7128 flow=45 side=new cur=7380968476 next=7411905902 tgt=7539621945 f=0.195 u=1 breach=9 end=
CBAP_MIG t=35640000 epoch=7128 flow=46 side=new cur=7380969729 next=7411906911 tgt=7539621945 f=0.195 u=1 breach=9 end=
CBAP_MIG t=35640000 epoch=7128 flow=47 side=new cur=7380972700 next=7411909302 tgt=7539621945 f=0.195 u=1 breach=9 end=
CBAP_MIG t=35640000 epoch=7128 flow=48 side=new cur=7380970839 next=7411907804 tgt=7539621945 f=0.195 u=1 breach=9 end=
CBAP_MIG t=35640000 epoch=7128 flow=49 side=new cur=7380963186 next=7411901644 tgt=7539621945 f=0.195 u=1 breach=9 end=
CBAP_MIG t=35640000 epoch=7128 flow=51 side=new cur=7380962975 next=7411901474 tgt=7539621945 f=0.195 u=1 breach=9 end=
CBAP_MIG t=35640000 epoch=7128 flow=52 side=new cur=7380962975 next=7411901474 tgt=7539621945 f=0.195 u=1 breach=9 end=
CBAP_MIG t=35640000 epoch=7128 flow=53 side=new cur=7380968108 next=7411905606 tgt=7539621945 f=0.195 u=1 breach=9 end=
CBAP_MIG t=35640000 epoch=7128 flow=54 side=new cur=7380969027 next=7411906346 tgt=7539621945 f=0.195 u=1 breach=9 end=
CBAP_MIG t=35640000 epoch=7128 flow=55 side=new cur=7380970779 next=7411907756 tgt=7539621945 f=0.195 u=1 breach=9 end=
CBAP_MIG t=35640000 epoch=7128 flow=56 side=new cur=7380972700 next=7411909302 tgt=7539621945 f=0.195 u=1 breach=9 end=
CBAP_MIG t=35640000 epoch=7128 flow=57 side=new cur=7380969604 next=7411906810 tgt=7539621945 f=0.195 u=1 breach=9 end=
CBAP_MIG t=35640000 epoch=7128 flow=58 side=new cur=7380954151 next=7411894370 tgt=7539621945 f=0.195 u=1 breach=9 end=
CBAP_MIG t=35640000 epoch=7128 flow=59 side=new cur=7380967941 next=7411905471 tgt=7539621945 f=0.195 u=1 breach=9 end=
CBAP_MIG t=35640000 epoch=7128 flow=61 side=new cur=7380960769 next=7411899698 tgt=7539621945 f=0.195 u=1 breach=9 end=
CBAP_MIG t=35640000 epoch=7128 flow=62 side=new cur=7380971011 next=7411907943 tgt=7539621945 f=0.195 u=1 breach=9 end=
CBAP_MIG t=35640000 epoch=7128 flow=63 side=new cur=7380963340 next=7411901767 tgt=7539621945 f=0.195 u=1 breach=9 end=
CBAP_MIG t=35640000 epoch=7128 flow=64 side=new cur=7380952818 next=7411893297 tgt=7539621945 f=0.195 u=1 breach=9 end=
CBAP_MIG t=35645000 epoch=7129 flow=2 side=new cur=7411901767 next=7436807201 tgt=7539621945 f=0.195 u=1 breach=9 end=
CBAP_MIG t=35645000 epoch=7129 flow=3 side=new cur=7411892432 next=7436799687 tgt=7539621945 f=0.195 u=1 breach=9 end=
CBAP_MIG t=35645000 epoch=7129 flow=4 side=new cur=7411907947 next=7436812176 tgt=7539621945 f=0.195 u=1 breach=9 end=
CBAP_MIG t=35645000 epoch=7129 flow=5 side=new cur=7411904048 next=7436809037 tgt=7539621945 f=0.195 u=1 breach=9 end=
CBAP_MIG t=35645000 epoch=7129 flow=8 side=new cur=7411905582 next=7436810272 tgt=7539621945 f=0.195 u=1 breach=9 end=
CBAP_MIG t=35645000 epoch=7129 flow=9 side=new cur=7411905105 next=7436809888 tgt=7539621945 f=0.195 u=1 breach=9 end=
CBAP_MIG t=35645000 epoch=7129 flow=10 side=new cur=7411907756 next=7436812022 tgt=7539621945 f=0.195 u=1 breach=9 end=
CBAP_MIG t=35645000 epoch=7129 flow=11 side=new cur=7411909302 next=7436813267 tgt=7539621945 f=0.195 u=1 breach=9 end=
CBAP_MIG t=35645000 epoch=7129 flow=12 side=new cur=7411906810 next=7436811261 tgt=7539621945 f=0.195 u=1 breach=9 end=
CBAP_MIG t=35645000 epoch=7129 flow=13 side=new cur=7411906911 next=7436811342 tgt=7539621945 f=0.195 u=1 breach=9 end=
CBAP_MIG t=35645000 epoch=7129 flow=14 side=new cur=7411901474 next=7436806965 tgt=7539621945 f=0.195 u=1 breach=9 end=
CBAP_MIG t=35645000 epoch=7129 flow=15 side=new cur=7411905582 next=7436810272 tgt=7539621945 f=0.195 u=1 breach=9 end=
CBAP_MIG t=35645000 epoch=7129 flow=16 side=new cur=7411905366 next=7436810098 tgt=7539621945 f=0.195 u=1 breach=9 end=
CBAP_MIG t=35645000 epoch=7129 flow=18 side=new cur=7411904382 next=7436809306 tgt=7539621945 f=0.195 u=1 breach=9 end=
CBAP_MIG t=35645000 epoch=7129 flow=19 side=new cur=7411907943 next=7436812173 tgt=7539621945 f=0.195 u=1 breach=9 end=
CBAP_MIG t=35645000 epoch=7129 flow=20 side=new cur=7411901474 next=7436806965 tgt=7539621945 f=0.195 u=1 breach=9 end=
CBAP_MIG t=35645000 epoch=7129 flow=21 side=new cur=7411901767 next=7436807201 tgt=7539621945 f=0.195 u=1 breach=9 end=
CBAP_MIG t=35645000 epoch=7129 flow=22 side=new cur=7411903060 next=7436808242 tgt=7539621945 f=0.195 u=1 breach=9 end=
CBAP_MIG t=35645000 epoch=7129 flow=23 side=new cur=7411907231 next=7436811600 tgt=7539621945 f=0.195 u=1 breach=9 end=
CBAP_MIG t=35645000 epoch=7129 flow=24 side=new cur=7411907894 next=7436812133 tgt=7539621945 f=0.195 u=1 breach=9 end=
CBAP_MIG t=35645000 epoch=7129 flow=25 side=new cur=7411907943 next=7436812173 tgt=7539621945 f=0.195 u=1 breach=9 end=
CBAP_MIG t=35645000 epoch=7129 flow=26 side=new cur=7411908670 next=7436812758 tgt=7539621945 f=0.195 u=1 breach=9 end=
CBAP_MIG t=35645000 epoch=7129 flow=29 side=new cur=7411908422 next=7436812558 tgt=7539621945 f=0.195 u=1 breach=9 end=
CBAP_MIG t=35645000 epoch=7129 flow=30 side=new cur=7411907756 next=7436812022 tgt=7539621945 f=0.195 u=1 breach=9 end=
CBAP_MIG t=35645000 epoch=7129 flow=31 side=new cur=7411901767 next=7436807201 tgt=7539621945 f=0.195 u=1 breach=9 end=
CBAP_MIG t=35645000 epoch=7129 flow=33 side=new cur=7411906945 next=7436811370 tgt=7539621945 f=0.195 u=1 breach=9 end=
CBAP_MIG t=35645000 epoch=7129 flow=34 side=new cur=7411905582 next=7436810272 tgt=7539621945 f=0.195 u=1 breach=9 end=
CBAP_MIG t=35645000 epoch=7129 flow=35 side=new cur=7411907943 next=7436812173 tgt=7539621945 f=0.195 u=1 breach=9 end=
CBAP_MIG t=35645000 epoch=7129 flow=36 side=new cur=7411907943 next=7436812173 tgt=7539621945 f=0.195 u=1 breach=9 end=
CBAP_MIG t=35645000 epoch=7129 flow=37 side=new cur=7411890972 next=7436798511 tgt=7539621945 f=0.195 u=1 breach=9 end=
CBAP_MIG t=35645000 epoch=7129 flow=38 side=new cur=7411901767 next=7436807201 tgt=7539621945 f=0.195 u=1 breach=9 end=
CBAP_MIG t=35645000 epoch=7129 flow=41 side=new cur=7411903060 next=7436808242 tgt=7539621945 f=0.195 u=1 breach=9 end=
CBAP_MIG t=35645000 epoch=7129 flow=42 side=new cur=7411907662 next=7436811947 tgt=7539621945 f=0.195 u=1 breach=9 end=
CBAP_MIG t=35645000 epoch=7129 flow=43 side=new cur=7411907943 next=7436812173 tgt=7539621945 f=0.195 u=1 breach=9 end=
CBAP_MIG t=35645000 epoch=7129 flow=44 side=new cur=7411908480 next=7436812605 tgt=7539621945 f=0.195 u=1 breach=9 end=
CBAP_MIG t=35645000 epoch=7129 flow=45 side=new cur=7411905902 next=7436810530 tgt=7539621945 f=0.195 u=1 breach=9 end=
CBAP_MIG t=35645000 epoch=7129 flow=46 side=new cur=7411906911 next=7436811342 tgt=7539621945 f=0.195 u=1 breach=9 end=
CBAP_MIG t=35645000 epoch=7129 flow=47 side=new cur=7411909302 next=7436813267 tgt=7539621945 f=0.195 u=1 breach=9 end=
CBAP_MIG t=35645000 epoch=7129 flow=48 side=new cur=7411907804 next=7436812061 tgt=7539621945 f=0.195 u=1 breach=9 end=
CBAP_MIG t=35645000 epoch=7129 flow=49 side=new cur=7411901644 next=7436807102 tgt=7539621945 f=0.195 u=1 breach=9 end=
CBAP_MIG t=35645000 epoch=7129 flow=51 side=new cur=7411901474 next=7436806965 tgt=7539621945 f=0.195 u=1 breach=9 end=
CBAP_MIG t=35645000 epoch=7129 flow=52 side=new cur=7411901474 next=7436806965 tgt=7539621945 f=0.195 u=1 breach=9 end=
CBAP_MIG t=35645000 epoch=7129 flow=53 side=new cur=7411905606 next=7436810292 tgt=7539621945 f=0.195 u=1 breach=9 end=
CBAP_MIG t=35645000 epoch=7129 flow=54 side=new cur=7411906346 next=7436810887 tgt=7539621945 f=0.195 u=1 breach=9 end=
CBAP_MIG t=35645000 epoch=7129 flow=55 side=new cur=7411907756 next=7436812022 tgt=7539621945 f=0.195 u=1 breach=9 end=
CBAP_MIG t=35645000 epoch=7129 flow=56 side=new cur=7411909302 next=7436813267 tgt=7539621945 f=0.195 u=1 breach=9 end=
CBAP_MIG t=35645000 epoch=7129 flow=57 side=new cur=7411906810 next=7436811261 tgt=7539621945 f=0.195 u=1 breach=9 end=
CBAP_MIG t=35645000 epoch=7129 flow=58 side=new cur=7411894370 next=7436801247 tgt=7539621945 f=0.195 u=1 breach=9 end=
CBAP_MIG t=35645000 epoch=7129 flow=59 side=new cur=7411905471 next=7436810183 tgt=7539621945 f=0.195 u=1 breach=9 end=
CBAP_MIG t=35645000 epoch=7129 flow=61 side=new cur=7411899698 next=7436805536 tgt=7539621945 f=0.195 u=1 breach=9 end=
CBAP_MIG t=35645000 epoch=7129 flow=62 side=new cur=7411907943 next=7436812173 tgt=7539621945 f=0.195 u=1 breach=9 end=
CBAP_MIG t=35645000 epoch=7129 flow=63 side=new cur=7411901767 next=7436807201 tgt=7539621945 f=0.195 u=1 breach=9 end=
CBAP_MIG t=35645000 epoch=7129 flow=64 side=new cur=7411893297 next=7436800383 tgt=7539621945 f=0.195 u=1 breach=9 end=
CBAP_MIG t=35650000 epoch=7130 flow=2 side=new cur=7436807201 next=7456856076 tgt=7539621945 f=0.195 u=1 breach=9 end=
CBAP_MIG t=35650000 epoch=7130 flow=3 side=new cur=7436799687 next=7456850027 tgt=7539621945 f=0.195 u=1 breach=9 end=
CBAP_MIG t=35650000 epoch=7130 flow=4 side=new cur=7436812176 next=7456860080 tgt=7539621945 f=0.195 u=1 breach=9 end=
CBAP_MIG t=35650000 epoch=7130 flow=5 side=new cur=7436809037 next=7456857554 tgt=7539621945 f=0.195 u=1 breach=9 end=
CBAP_MIG t=35650000 epoch=7130 flow=8 side=new cur=7436810272 next=7456858548 tgt=7539621945 f=0.195 u=1 breach=9 end=
CBAP_MIG t=35650000 epoch=7130 flow=9 side=new cur=7436809888 next=7456858239 tgt=7539621945 f=0.195 u=1 breach=9 end=
CBAP_MIG t=35650000 epoch=7130 flow=10 side=new cur=7436812022 next=7456859956 tgt=7539621945 f=0.195 u=1 breach=9 end=
CBAP_MIG t=35650000 epoch=7130 flow=11 side=new cur=7436813267 next=7456860959 tgt=7539621945 f=0.195 u=1 breach=9 end=
CBAP_MIG t=35650000 epoch=7130 flow=12 side=new cur=7436811261 next=7456859344 tgt=7539621945 f=0.195 u=1 breach=9 end=
CBAP_MIG t=35650000 epoch=7130 flow=13 side=new cur=7436811342 next=7456859409 tgt=7539621945 f=0.195 u=1 breach=9 end=
CBAP_MIG t=35650000 epoch=7130 flow=14 side=new cur=7436806965 next=7456855886 tgt=7539621945 f=0.195 u=1 breach=9 end=
CBAP_MIG t=35650000 epoch=7130 flow=15 side=new cur=7436810272 next=7456858548 tgt=7539621945 f=0.195 u=1 breach=9 end=
CBAP_MIG t=35650000 epoch=7130 flow=16 side=new cur=7436810098 next=7456858408 tgt=7539621945 f=0.195 u=1 breach=9 end=
CBAP_MIG t=35650000 epoch=7130 flow=18 side=new cur=7436809306 next=7456857770 tgt=7539621945 f=0.195 u=1 breach=9 end=
CBAP_MIG t=35650000 epoch=7130 flow=19 side=new cur=7436812173 next=7456860078 tgt=7539621945 f=0.195 u=1 breach=9 end=
CBAP_MIG t=35650000 epoch=7130 flow=20 side=new cur=7436806965 next=7456855886 tgt=7539621945 f=0.195 u=1 breach=9 end=
CBAP_MIG t=35650000 epoch=7130 flow=21 side=new cur=7436807201 next=7456856076 tgt=7539621945 f=0.195 u=1 breach=9 end=
CBAP_MIG t=35650000 epoch=7130 flow=22 side=new cur=7436808242 next=7456856914 tgt=7539621945 f=0.195 u=1 breach=9 end=
CBAP_MIG t=35650000 epoch=7130 flow=23 side=new cur=7436811600 next=7456859617 tgt=7539621945 f=0.195 u=1 breach=9 end=
CBAP_MIG t=35650000 epoch=7130 flow=24 side=new cur=7436812133 next=7456860046 tgt=7539621945 f=0.195 u=1 breach=9 end=
CBAP_MIG t=35650000 epoch=7130 flow=25 side=new cur=7436812173 next=7456860078 tgt=7539621945 f=0.195 u=1 breach=9 end=
CBAP_MIG t=35650000 epoch=7130 flow=26 side=new cur=7436812758 next=7456860549 tgt=7539621945 f=0.195 u=1 breach=9 end=
CBAP_MIG t=35650000 epoch=7130 flow=29 side=new cur=7436812558 next=7456860388 tgt=7539621945 f=0.195 u=1 breach=9 end=
CBAP_MIG t=35650000 epoch=7130 flow=30 side=new cur=7436812022 next=7456859956 tgt=7539621945 f=0.195 u=1 breach=9 end=
CBAP_MIG t=35650000 epoch=7130 flow=31 side=new cur=7436807201 next=7456856076 tgt=7539621945 f=0.195 u=1 breach=9 end=
CBAP_MIG t=35650000 epoch=7130 flow=33 side=new cur=7436811370 next=7456859432 tgt=7539621945 f=0.195 u=1 breach=9 end=
CBAP_MIG t=35650000 epoch=7130 flow=34 side=new cur=7436810272 next=7456858548 tgt=7539621945 f=0.195 u=1 breach=9 end=
CBAP_MIG t=35650000 epoch=7130 flow=35 side=new cur=7436812173 next=7456860078 tgt=7539621945 f=0.195 u=1 breach=9 end=
CBAP_MIG t=35650000 epoch=7130 flow=36 side=new cur=7436812173 next=7456860078 tgt=7539621945 f=0.195 u=1 breach=9 end=
CBAP_MIG t=35650000 epoch=7130 flow=37 side=new cur=7436798511 next=7456849080 tgt=7539621945 f=0.195 u=1 breach=9 end=
CBAP_MIG t=35650000 epoch=7130 flow=38 side=new cur=7436807201 next=7456856076 tgt=7539621945 f=0.195 u=1 breach=9 end=
CBAP_MIG t=35650000 epoch=7130 flow=41 side=new cur=7436808242 next=7456856914 tgt=7539621945 f=0.195 u=1 breach=9 end=
CBAP_MIG t=35650000 epoch=7130 flow=42 side=new cur=7436811947 next=7456859896 tgt=7539621945 f=0.195 u=1 breach=9 end=
CBAP_MIG t=35650000 epoch=7130 flow=43 side=new cur=7436812173 next=7456860078 tgt=7539621945 f=0.195 u=1 breach=9 end=
CBAP_MIG t=35650000 epoch=7130 flow=44 side=new cur=7436812605 next=7456860426 tgt=7539621945 f=0.195 u=1 breach=9 end=
CBAP_MIG t=35650000 epoch=7130 flow=45 side=new cur=7436810530 next=7456858755 tgt=7539621945 f=0.195 u=1 breach=9 end=
CBAP_MIG t=35650000 epoch=7130 flow=46 side=new cur=7436811342 next=7456859409 tgt=7539621945 f=0.195 u=1 breach=9 end=
CBAP_MIG t=35650000 epoch=7130 flow=47 side=new cur=7436813267 next=7456860959 tgt=7539621945 f=0.195 u=1 breach=9 end=
CBAP_MIG t=35650000 epoch=7130 flow=48 side=new cur=7436812061 next=7456859988 tgt=7539621945 f=0.195 u=1 breach=9 end=
CBAP_MIG t=35650000 epoch=7130 flow=49 side=new cur=7436807102 next=7456855996 tgt=7539621945 f=0.195 u=1 breach=9 end=
CBAP_MIG t=35650000 epoch=7130 flow=51 side=new cur=7436806965 next=7456855886 tgt=7539621945 f=0.195 u=1 breach=9 end=
CBAP_MIG t=35650000 epoch=7130 flow=52 side=new cur=7436806965 next=7456855886 tgt=7539621945 f=0.195 u=1 breach=9 end=
CBAP_MIG t=35650000 epoch=7130 flow=53 side=new cur=7436810292 next=7456858564 tgt=7539621945 f=0.195 u=1 breach=9 end=
CBAP_MIG t=35650000 epoch=7130 flow=54 side=new cur=7436810887 next=7456859043 tgt=7539621945 f=0.195 u=1 breach=9 end=
CBAP_MIG t=35650000 epoch=7130 flow=55 side=new cur=7436812022 next=7456859956 tgt=7539621945 f=0.195 u=1 breach=9 end=
CBAP_MIG t=35650000 epoch=7130 flow=56 side=new cur=7436813267 next=7456860959 tgt=7539621945 f=0.195 u=1 breach=9 end=
CBAP_MIG t=35650000 epoch=7130 flow=57 side=new cur=7436811261 next=7456859344 tgt=7539621945 f=0.195 u=1 breach=9 end=
CBAP_MIG t=35650000 epoch=7130 flow=58 side=new cur=7436801247 next=7456851283 tgt=7539621945 f=0.195 u=1 breach=9 end=
CBAP_MIG t=35650000 epoch=7130 flow=59 side=new cur=7436810183 next=7456858476 tgt=7539621945 f=0.195 u=1 breach=9 end=
CBAP_MIG t=35650000 epoch=7130 flow=61 side=new cur=7436805536 next=7456854735 tgt=7539621945 f=0.195 u=1 breach=9 end=
CBAP_MIG t=35650000 epoch=7130 flow=62 side=new cur=7436812173 next=7456860078 tgt=7539621945 f=0.195 u=1 breach=9 end=
CBAP_MIG t=35650000 epoch=7130 flow=63 side=new cur=7436807201 next=7456856076 tgt=7539621945 f=0.195 u=1 breach=9 end=
CBAP_MIG t=35650000 epoch=7130 flow=64 side=new cur=7436800383 next=7456850587 tgt=7539621945 f=0.195 u=1 breach=9 end=
CBAP_MIG t=35655000 epoch=7131 flow=2 side=new cur=7456856076 next=7472995420 tgt=7539621945 f=0.195 u=1 breach=9 end=converged
CBAP_MIG t=35655000 epoch=7131 flow=3 side=new cur=7456850027 next=7472990551 tgt=7539621945 f=0.195 u=1 breach=9 end=converged
CBAP_MIG t=35655000 epoch=7131 flow=4 side=new cur=7456860080 next=7472998643 tgt=7539621945 f=0.195 u=1 breach=9 end=converged
CBAP_MIG t=35655000 epoch=7131 flow=5 side=new cur=7456857554 next=7472996610 tgt=7539621945 f=0.195 u=1 breach=9 end=converged
CBAP_MIG t=35655000 epoch=7131 flow=8 side=new cur=7456858548 next=7472997410 tgt=7539621945 f=0.195 u=1 breach=9 end=converged
CBAP_MIG t=35655000 epoch=7131 flow=9 side=new cur=7456858239 next=7472997161 tgt=7539621945 f=0.195 u=1 breach=9 end=converged
CBAP_MIG t=35655000 epoch=7131 flow=10 side=new cur=7456859956 next=7472998543 tgt=7539621945 f=0.195 u=1 breach=9 end=converged
CBAP_MIG t=35655000 epoch=7131 flow=11 side=new cur=7456860959 next=7472999351 tgt=7539621945 f=0.195 u=1 breach=9 end=converged
CBAP_MIG t=35655000 epoch=7131 flow=12 side=new cur=7456859344 next=7472998051 tgt=7539621945 f=0.195 u=1 breach=9 end=converged
CBAP_MIG t=35655000 epoch=7131 flow=13 side=new cur=7456859409 next=7472998103 tgt=7539621945 f=0.195 u=1 breach=9 end=converged
CBAP_MIG t=35655000 epoch=7131 flow=14 side=new cur=7456855886 next=7472995267 tgt=7539621945 f=0.195 u=1 breach=9 end=converged
CBAP_MIG t=35655000 epoch=7131 flow=15 side=new cur=7456858548 next=7472997410 tgt=7539621945 f=0.195 u=1 breach=9 end=converged
CBAP_MIG t=35655000 epoch=7131 flow=16 side=new cur=7456858408 next=7472997297 tgt=7539621945 f=0.195 u=1 breach=9 end=converged
CBAP_MIG t=35655000 epoch=7131 flow=18 side=new cur=7456857770 next=7472996784 tgt=7539621945 f=0.195 u=1 breach=9 end=converged
CBAP_MIG t=35655000 epoch=7131 flow=19 side=new cur=7456860078 next=7472998642 tgt=7539621945 f=0.195 u=1 breach=9 end=converged
CBAP_MIG t=35655000 epoch=7131 flow=20 side=new cur=7456855886 next=7472995267 tgt=7539621945 f=0.195 u=1 breach=9 end=converged
CBAP_MIG t=35655000 epoch=7131 flow=21 side=new cur=7456856076 next=7472995420 tgt=7539621945 f=0.195 u=1 breach=9 end=converged
CBAP_MIG t=35655000 epoch=7131 flow=22 side=new cur=7456856914 next=7472996095 tgt=7539621945 f=0.195 u=1 breach=9 end=converged
CBAP_MIG t=35655000 epoch=7131 flow=23 side=new cur=7456859617 next=7472998270 tgt=7539621945 f=0.195 u=1 breach=9 end=converged
CBAP_MIG t=35655000 epoch=7131 flow=24 side=new cur=7456860046 next=7472998616 tgt=7539621945 f=0.195 u=1 breach=9 end=converged
CBAP_MIG t=35655000 epoch=7131 flow=25 side=new cur=7456860078 next=7472998642 tgt=7539621945 f=0.195 u=1 breach=9 end=converged
CBAP_MIG t=35655000 epoch=7131 flow=26 side=new cur=7456860549 next=7472999021 tgt=7539621945 f=0.195 u=1 breach=9 end=converged
CBAP_MIG t=35655000 epoch=7131 flow=29 side=new cur=7456860388 next=7472998891 tgt=7539621945 f=0.195 u=1 breach=9 end=converged
CBAP_MIG t=35655000 epoch=7131 flow=30 side=new cur=7456859956 next=7472998543 tgt=7539621945 f=0.195 u=1 breach=9 end=converged
CBAP_MIG t=35655000 epoch=7131 flow=31 side=new cur=7456856076 next=7472995420 tgt=7539621945 f=0.195 u=1 breach=9 end=converged
CBAP_MIG t=35655000 epoch=7131 flow=33 side=new cur=7456859432 next=7472998122 tgt=7539621945 f=0.195 u=1 breach=9 end=converged
CBAP_MIG t=35655000 epoch=7131 flow=34 side=new cur=7456858548 next=7472997410 tgt=7539621945 f=0.195 u=1 breach=9 end=converged
CBAP_MIG t=35655000 epoch=7131 flow=35 side=new cur=7456860078 next=7472998642 tgt=7539621945 f=0.195 u=1 breach=9 end=converged
CBAP_MIG t=35655000 epoch=7131 flow=36 side=new cur=7456860078 next=7472998642 tgt=7539621945 f=0.195 u=1 breach=9 end=converged
CBAP_MIG t=35655000 epoch=7131 flow=37 side=new cur=7456849080 next=7472989788 tgt=7539621945 f=0.195 u=1 breach=9 end=converged
CBAP_MIG t=35655000 epoch=7131 flow=38 side=new cur=7456856076 next=7472995420 tgt=7539621945 f=0.195 u=1 breach=9 end=converged
CBAP_MIG t=35655000 epoch=7131 flow=41 side=new cur=7456856914 next=7472996095 tgt=7539621945 f=0.195 u=1 breach=9 end=converged
CBAP_MIG t=35655000 epoch=7131 flow=42 side=new cur=7456859896 next=7472998495 tgt=7539621945 f=0.195 u=1 breach=9 end=converged
CBAP_MIG t=35655000 epoch=7131 flow=43 side=new cur=7456860078 next=7472998642 tgt=7539621945 f=0.195 u=1 breach=9 end=converged
CBAP_MIG t=35655000 epoch=7131 flow=44 side=new cur=7456860426 next=7472998922 tgt=7539621945 f=0.195 u=1 breach=9 end=converged
CBAP_MIG t=35655000 epoch=7131 flow=45 side=new cur=7456858755 next=7472997577 tgt=7539621945 f=0.195 u=1 breach=9 end=converged
CBAP_MIG t=35655000 epoch=7131 flow=46 side=new cur=7456859409 next=7472998103 tgt=7539621945 f=0.195 u=1 breach=9 end=converged
CBAP_MIG t=35655000 epoch=7131 flow=47 side=new cur=7456860959 next=7472999351 tgt=7539621945 f=0.195 u=1 breach=9 end=converged
CBAP_MIG t=35655000 epoch=7131 flow=48 side=new cur=7456859988 next=7472998569 tgt=7539621945 f=0.195 u=1 breach=9 end=converged
CBAP_MIG t=35655000 epoch=7131 flow=49 side=new cur=7456855996 next=7472995356 tgt=7539621945 f=0.195 u=1 breach=9 end=converged
CBAP_MIG t=35655000 epoch=7131 flow=51 side=new cur=7456855886 next=7472995267 tgt=7539621945 f=0.195 u=1 breach=9 end=converged
CBAP_MIG t=35655000 epoch=7131 flow=52 side=new cur=7456855886 next=7472995267 tgt=7539621945 f=0.195 u=1 breach=9 end=converged
CBAP_MIG t=35655000 epoch=7131 flow=53 side=new cur=7456858564 next=7472997423 tgt=7539621945 f=0.195 u=1 breach=9 end=converged
CBAP_MIG t=35655000 epoch=7131 flow=54 side=new cur=7456859043 next=7472997808 tgt=7539621945 f=0.195 u=1 breach=9 end=converged
CBAP_MIG t=35655000 epoch=7131 flow=55 side=new cur=7456859956 next=7472998543 tgt=7539621945 f=0.195 u=1 breach=9 end=converged
CBAP_MIG t=35655000 epoch=7131 flow=56 side=new cur=7456860959 next=7472999351 tgt=7539621945 f=0.195 u=1 breach=9 end=converged
CBAP_MIG t=35655000 epoch=7131 flow=57 side=new cur=7456859344 next=7472998051 tgt=7539621945 f=0.195 u=1 breach=9 end=converged
CBAP_MIG t=35655000 epoch=7131 flow=58 side=new cur=7456851283 next=7472991562 tgt=7539621945 f=0.195 u=1 breach=9 end=converged
CBAP_MIG t=35655000 epoch=7131 flow=59 side=new cur=7456858476 next=7472997352 tgt=7539621945 f=0.195 u=1 breach=9 end=converged
CBAP_MIG t=35655000 epoch=7131 flow=61 side=new cur=7456854735 next=7472994340 tgt=7539621945 f=0.195 u=1 breach=9 end=converged
CBAP_MIG t=35655000 epoch=7131 flow=62 side=new cur=7456860078 next=7472998642 tgt=7539621945 f=0.195 u=1 breach=9 end=converged
CBAP_MIG t=35655000 epoch=7131 flow=63 side=new cur=7456856076 next=7472995420 tgt=7539621945 f=0.195 u=1 breach=9 end=converged
CBAP_MIG t=35655000 epoch=7131 flow=64 side=new cur=7456850587 next=7472991001 tgt=7539621945 f=0.195 u=1 breach=9 end=converged
CBAP_MIG_REPLAN t=35670000 reason=active_set_shrank flow=0 batch=0 newest_batch=1 cur=4000258338 target=4000000000 ceiling=320000000000 old_side_present=1
CBAP_MIG_REPLAN t=35670000 reason=active_set_shrank flow=2 batch=1 newest_batch=1 cur=7472995420 target=7684614887 ceiling=400000000000 old_side_present=1
CBAP_MIG_REPLAN t=35670000 reason=active_set_shrank flow=4 batch=1 newest_batch=1 cur=7472998643 target=7684614887 ceiling=400000000000 old_side_present=1
CBAP_MIG_REPLAN t=35670000 reason=active_set_shrank flow=5 batch=1 newest_batch=1 cur=7472996610 target=7684614887 ceiling=400000000000 old_side_present=1
CBAP_MIG_REPLAN t=35670000 reason=active_set_shrank flow=8 batch=1 newest_batch=1 cur=7472997410 target=7684614887 ceiling=400000000000 old_side_present=1
CBAP_MIG_REPLAN t=35670000 reason=active_set_shrank flow=9 batch=1 newest_batch=1 cur=7472997161 target=7684614887 ceiling=400000000000 old_side_present=1
CBAP_MIG_REPLAN t=35670000 reason=active_set_shrank flow=10 batch=1 newest_batch=1 cur=7472998543 target=7684614887 ceiling=400000000000 old_side_present=1
CBAP_MIG_REPLAN t=35670000 reason=active_set_shrank flow=11 batch=1 newest_batch=1 cur=7472999351 target=7684614887 ceiling=400000000000 old_side_present=1
CBAP_MIG_REPLAN t=35670000 reason=active_set_shrank flow=12 batch=1 newest_batch=1 cur=7472998051 target=7684614887 ceiling=400000000000 old_side_present=1
CBAP_MIG_REPLAN t=35670000 reason=active_set_shrank flow=13 batch=1 newest_batch=1 cur=7472998103 target=7684614887 ceiling=400000000000 old_side_present=1
CBAP_MIG_REPLAN t=35670000 reason=active_set_shrank flow=14 batch=1 newest_batch=1 cur=7472995267 target=7684614887 ceiling=400000000000 old_side_present=1
CBAP_MIG_REPLAN t=35670000 reason=active_set_shrank flow=15 batch=1 newest_batch=1 cur=7472997410 target=7684614887 ceiling=400000000000 old_side_present=1
CBAP_MIG_REPLAN t=35670000 reason=active_set_shrank flow=16 batch=1 newest_batch=1 cur=7472997297 target=7684614887 ceiling=400000000000 old_side_present=1
CBAP_MIG_REPLAN t=35670000 reason=active_set_shrank flow=18 batch=1 newest_batch=1 cur=7472996784 target=7684614887 ceiling=400000000000 old_side_present=1
CBAP_MIG_REPLAN t=35670000 reason=active_set_shrank flow=19 batch=1 newest_batch=1 cur=7472998642 target=7684614887 ceiling=400000000000 old_side_present=1
CBAP_MIG_REPLAN t=35670000 reason=active_set_shrank flow=20 batch=1 newest_batch=1 cur=7472995267 target=7684614887 ceiling=400000000000 old_side_present=1
CBAP_MIG_REPLAN t=35670000 reason=active_set_shrank flow=21 batch=1 newest_batch=1 cur=7472995420 target=7684614887 ceiling=400000000000 old_side_present=1
CBAP_MIG_REPLAN t=35670000 reason=active_set_shrank flow=22 batch=1 newest_batch=1 cur=7472996095 target=7684614887 ceiling=400000000000 old_side_present=1
CBAP_MIG_REPLAN t=35670000 reason=active_set_shrank flow=23 batch=1 newest_batch=1 cur=7472998270 target=7684614887 ceiling=400000000000 old_side_present=1
CBAP_MIG_REPLAN t=35670000 reason=active_set_shrank flow=24 batch=1 newest_batch=1 cur=7472998616 target=7684614887 ceiling=400000000000 old_side_present=1
CBAP_MIG_REPLAN t=35670000 reason=active_set_shrank flow=25 batch=1 newest_batch=1 cur=7472998642 target=7684614887 ceiling=400000000000 old_side_present=1
CBAP_MIG_REPLAN t=35670000 reason=active_set_shrank flow=26 batch=1 newest_batch=1 cur=7472999021 target=7684614887 ceiling=400000000000 old_side_present=1
CBAP_MIG_REPLAN t=35670000 reason=active_set_shrank flow=29 batch=1 newest_batch=1 cur=7472998891 target=7684614887 ceiling=400000000000 old_side_present=1
CBAP_MIG_REPLAN t=35670000 reason=active_set_shrank flow=30 batch=1 newest_batch=1 cur=7472998543 target=7684614887 ceiling=400000000000 old_side_present=1
CBAP_MIG_REPLAN t=35670000 reason=active_set_shrank flow=31 batch=1 newest_batch=1 cur=7472995420 target=7684614887 ceiling=400000000000 old_side_present=1
CBAP_MIG_REPLAN t=35670000 reason=active_set_shrank flow=33 batch=1 newest_batch=1 cur=7472998122 target=7684614887 ceiling=400000000000 old_side_present=1
CBAP_MIG_REPLAN t=35670000 reason=active_set_shrank flow=34 batch=1 newest_batch=1 cur=7472997410 target=7684614887 ceiling=400000000000 old_side_present=1
CBAP_MIG_REPLAN t=35670000 reason=active_set_shrank flow=35 batch=1 newest_batch=1 cur=7472998642 target=7684614887 ceiling=400000000000 old_side_present=1
CBAP_MIG_REPLAN t=35670000 reason=active_set_shrank flow=36 batch=1 newest_batch=1 cur=7472998642 target=7684614887 ceiling=400000000000 old_side_present=1
CBAP_MIG_REPLAN t=35670000 reason=active_set_shrank flow=37 batch=1 newest_batch=1 cur=7472989788 target=7684614887 ceiling=400000000000 old_side_present=1
CBAP_MIG_REPLAN t=35670000 reason=active_set_shrank flow=38 batch=1 newest_batch=1 cur=7472995420 target=7684614887 ceiling=400000000000 old_side_present=1
CBAP_MIG_REPLAN t=35670000 reason=active_set_shrank flow=41 batch=1 newest_batch=1 cur=7472996095 target=7684614887 ceiling=400000000000 old_side_present=1
CBAP_MIG_REPLAN t=35670000 reason=active_set_shrank flow=42 batch=1 newest_batch=1 cur=7472998495 target=7684614887 ceiling=400000000000 old_side_present=1
CBAP_MIG_REPLAN t=35670000 reason=active_set_shrank flow=43 batch=1 newest_batch=1 cur=7472998642 target=7684614887 ceiling=400000000000 old_side_present=1
CBAP_MIG_REPLAN t=35670000 reason=active_set_shrank flow=44 batch=1 newest_batch=1 cur=7472998922 target=7684614887 ceiling=400000000000 old_side_present=1
CBAP_MIG_REPLAN t=35670000 reason=active_set_shrank flow=45 batch=1 newest_batch=1 cur=7472997577 target=7684614887 ceiling=400000000000 old_side_present=1
CBAP_MIG_REPLAN t=35670000 reason=active_set_shrank flow=46 batch=1 newest_batch=1 cur=7472998103 target=7684614887 ceiling=400000000000 old_side_present=1
CBAP_MIG_REPLAN t=35670000 reason=active_set_shrank flow=47 batch=1 newest_batch=1 cur=7472999351 target=7684614887 ceiling=400000000000 old_side_present=1
CBAP_MIG_REPLAN t=35670000 reason=active_set_shrank flow=48 batch=1 newest_batch=1 cur=7472998569 target=7684614887 ceiling=400000000000 old_side_present=1
CBAP_MIG_REPLAN t=35670000 reason=active_set_shrank flow=49 batch=1 newest_batch=1 cur=7472995356 target=7684614887 ceiling=400000000000 old_side_present=1
CBAP_MIG_REPLAN t=35670000 reason=active_set_shrank flow=51 batch=1 newest_batch=1 cur=7472995267 target=7684614887 ceiling=400000000000 old_side_present=1
CBAP_MIG_REPLAN t=35670000 reason=active_set_shrank flow=52 batch=1 newest_batch=1 cur=7472995267 target=7684614887 ceiling=400000000000 old_side_present=1
CBAP_MIG_REPLAN t=35670000 reason=active_set_shrank flow=53 batch=1 newest_batch=1 cur=7472997423 target=7684614887 ceiling=400000000000 old_side_present=1
CBAP_MIG_REPLAN t=35670000 reason=active_set_shrank flow=54 batch=1 newest_batch=1 cur=7472997808 target=7684614887 ceiling=400000000000 old_side_present=1
CBAP_MIG_REPLAN t=35670000 reason=active_set_shrank flow=55 batch=1 newest_batch=1 cur=7472998543 target=7684614887 ceiling=400000000000 old_side_present=1
CBAP_MIG_REPLAN t=35670000 reason=active_set_shrank flow=56 batch=1 newest_batch=1 cur=7472999351 target=7684614887 ceiling=400000000000 old_side_present=1
CBAP_MIG_REPLAN t=35670000 reason=active_set_shrank flow=57 batch=1 newest_batch=1 cur=7472998051 target=7684614887 ceiling=400000000000 old_side_present=1
CBAP_MIG_REPLAN t=35670000 reason=active_set_shrank flow=58 batch=1 newest_batch=1 cur=7472991562 target=7684614887 ceiling=400000000000 old_side_present=1
CBAP_MIG_REPLAN t=35670000 reason=active_set_shrank flow=59 batch=1 newest_batch=1 cur=7472997352 target=7684614887 ceiling=400000000000 old_side_present=1
CBAP_MIG_REPLAN t=35670000 reason=active_set_shrank flow=61 batch=1 newest_batch=1 cur=7472994340 target=7684614887 ceiling=400000000000 old_side_present=1
CBAP_MIG_REPLAN t=35670000 reason=active_set_shrank flow=62 batch=1 newest_batch=1 cur=7472998642 target=7684614887 ceiling=400000000000 old_side_present=1
CBAP_MIG_REPLAN t=35670000 reason=active_set_shrank flow=63 batch=1 newest_batch=1 cur=7472995420 target=7684614887 ceiling=400000000000 old_side_present=1
CBAP_MIG_REPLAN t=35670000 reason=active_set_shrank flow=64 batch=1 newest_batch=1 cur=7472991001 target=7684614887 ceiling=400000000000 old_side_present=1
CBAP_MIG t=35670000 epoch=7134 flow=0 side=old cur=4000258338 next=4000180836 tgt=4000000000 f=0.3 u=1 breach=0 end=converged
CBAP_MIG t=35670000 epoch=7134 flow=2 side=new cur=7472995420 next=7514261216 tgt=7684614887 f=0.195 u=1 breach=9 end=
CBAP_MIG t=35670000 epoch=7134 flow=4 side=new cur=7472998643 next=7514263810 tgt=7684614887 f=0.195 u=1 breach=9 end=
CBAP_MIG t=35670000 epoch=7134 flow=5 side=new cur=7472996610 next=7514262174 tgt=7684614887 f=0.195 u=1 breach=9 end=
CBAP_MIG t=35670000 epoch=7134 flow=8 side=new cur=7472997410 next=7514262818 tgt=7684614887 f=0.195 u=1 breach=9 end=
CBAP_MIG t=35670000 epoch=7134 flow=9 side=new cur=7472997161 next=7514262617 tgt=7684614887 f=0.195 u=1 breach=9 end=
CBAP_MIG t=35670000 epoch=7134 flow=10 side=new cur=7472998543 next=7514263730 tgt=7684614887 f=0.195 u=1 breach=9 end=
CBAP_MIG t=35670000 epoch=7134 flow=11 side=new cur=7472999351 next=7514264380 tgt=7684614887 f=0.195 u=1 breach=9 end=
CBAP_MIG t=35670000 epoch=7134 flow=12 side=new cur=7472998051 next=7514263334 tgt=7684614887 f=0.195 u=1 breach=9 end=
CBAP_MIG t=35670000 epoch=7134 flow=13 side=new cur=7472998103 next=7514263375 tgt=7684614887 f=0.195 u=1 breach=9 end=
CBAP_MIG t=35670000 epoch=7134 flow=14 side=new cur=7472995267 next=7514261092 tgt=7684614887 f=0.195 u=1 breach=9 end=
CBAP_MIG t=35670000 epoch=7134 flow=15 side=new cur=7472997410 next=7514262818 tgt=7684614887 f=0.195 u=1 breach=9 end=
CBAP_MIG t=35670000 epoch=7134 flow=16 side=new cur=7472997297 next=7514262727 tgt=7684614887 f=0.195 u=1 breach=9 end=
CBAP_MIG t=35670000 epoch=7134 flow=18 side=new cur=7472996784 next=7514262314 tgt=7684614887 f=0.195 u=1 breach=9 end=
CBAP_MIG t=35670000 epoch=7134 flow=19 side=new cur=7472998642 next=7514263809 tgt=7684614887 f=0.195 u=1 breach=9 end=
CBAP_MIG t=35670000 epoch=7134 flow=20 side=new cur=7472995267 next=7514261092 tgt=7684614887 f=0.195 u=1 breach=9 end=
CBAP_MIG t=35670000 epoch=7134 flow=21 side=new cur=7472995420 next=7514261216 tgt=7684614887 f=0.195 u=1 breach=9 end=
CBAP_MIG t=35670000 epoch=7134 flow=22 side=new cur=7472996095 next=7514261759 tgt=7684614887 f=0.195 u=1 breach=9 end=
CBAP_MIG t=35670000 epoch=7134 flow=23 side=new cur=7472998270 next=7514263510 tgt=7684614887 f=0.195 u=1 breach=9 end=
CBAP_MIG t=35670000 epoch=7134 flow=24 side=new cur=7472998616 next=7514263788 tgt=7684614887 f=0.195 u=1 breach=9 end=
CBAP_MIG t=35670000 epoch=7134 flow=25 side=new cur=7472998642 next=7514263809 tgt=7684614887 f=0.195 u=1 breach=9 end=
CBAP_MIG t=35670000 epoch=7134 flow=26 side=new cur=7472999021 next=7514264114 tgt=7684614887 f=0.195 u=1 breach=9 end=
CBAP_MIG t=35670000 epoch=7134 flow=29 side=new cur=7472998891 next=7514264010 tgt=7684614887 f=0.195 u=1 breach=9 end=
CBAP_MIG t=35670000 epoch=7134 flow=30 side=new cur=7472998543 next=7514263730 tgt=7684614887 f=0.195 u=1 breach=9 end=
CBAP_MIG t=35670000 epoch=7134 flow=31 side=new cur=7472995420 next=7514261216 tgt=7684614887 f=0.195 u=1 breach=9 end=
CBAP_MIG t=35670000 epoch=7134 flow=33 side=new cur=7472998122 next=7514263391 tgt=7684614887 f=0.195 u=1 breach=9 end=
CBAP_MIG t=35670000 epoch=7134 flow=34 side=new cur=7472997410 next=7514262818 tgt=7684614887 f=0.195 u=1 breach=9 end=
CBAP_MIG t=35670000 epoch=7134 flow=35 side=new cur=7472998642 next=7514263809 tgt=7684614887 f=0.195 u=1 breach=9 end=
CBAP_MIG t=35670000 epoch=7134 flow=36 side=new cur=7472998642 next=7514263809 tgt=7684614887 f=0.195 u=1 breach=9 end=
CBAP_MIG t=35670000 epoch=7134 flow=37 side=new cur=7472989788 next=7514256682 tgt=7684614887 f=0.195 u=1 breach=9 end=
CBAP_MIG t=35670000 epoch=7134 flow=38 side=new cur=7472995420 next=7514261216 tgt=7684614887 f=0.195 u=1 breach=9 end=
CBAP_MIG t=35670000 epoch=7134 flow=41 side=new cur=7472996095 next=7514261759 tgt=7684614887 f=0.195 u=1 breach=9 end=
CBAP_MIG t=35670000 epoch=7134 flow=42 side=new cur=7472998495 next=7514263691 tgt=7684614887 f=0.195 u=1 breach=9 end=
CBAP_MIG t=35670000 epoch=7134 flow=43 side=new cur=7472998642 next=7514263809 tgt=7684614887 f=0.195 u=1 breach=9 end=
CBAP_MIG t=35670000 epoch=7134 flow=44 side=new cur=7472998922 next=7514264035 tgt=7684614887 f=0.195 u=1 breach=9 end=
CBAP_MIG t=35670000 epoch=7134 flow=45 side=new cur=7472997577 next=7514262952 tgt=7684614887 f=0.195 u=1 breach=9 end=
CBAP_MIG t=35670000 epoch=7134 flow=46 side=new cur=7472998103 next=7514263375 tgt=7684614887 f=0.195 u=1 breach=9 end=
CBAP_MIG t=35670000 epoch=7134 flow=47 side=new cur=7472999351 next=7514264380 tgt=7684614887 f=0.195 u=1 breach=9 end=
CBAP_MIG t=35670000 epoch=7134 flow=48 side=new cur=7472998569 next=7514263751 tgt=7684614887 f=0.195 u=1 breach=9 end=
CBAP_MIG t=35670000 epoch=7134 flow=49 side=new cur=7472995356 next=7514261164 tgt=7684614887 f=0.195 u=1 breach=9 end=
CBAP_MIG t=35670000 epoch=7134 flow=51 side=new cur=7472995267 next=7514261092 tgt=7684614887 f=0.195 u=1 breach=9 end=
CBAP_MIG t=35670000 epoch=7134 flow=52 side=new cur=7472995267 next=7514261092 tgt=7684614887 f=0.195 u=1 breach=9 end=
CBAP_MIG t=35670000 epoch=7134 flow=53 side=new cur=7472997423 next=7514262828 tgt=7684614887 f=0.195 u=1 breach=9 end=
CBAP_MIG t=35670000 epoch=7134 flow=54 side=new cur=7472997808 next=7514263138 tgt=7684614887 f=0.195 u=1 breach=9 end=
CBAP_MIG t=35670000 epoch=7134 flow=55 side=new cur=7472998543 next=7514263730 tgt=7684614887 f=0.195 u=1 breach=9 end=
CBAP_MIG t=35670000 epoch=7134 flow=56 side=new cur=7472999351 next=7514264380 tgt=7684614887 f=0.195 u=1 breach=9 end=
CBAP_MIG t=35670000 epoch=7134 flow=57 side=new cur=7472998051 next=7514263334 tgt=7684614887 f=0.195 u=1 breach=9 end=
CBAP_MIG t=35670000 epoch=7134 flow=58 side=new cur=7472991562 next=7514258110 tgt=7684614887 f=0.195 u=1 breach=9 end=
CBAP_MIG t=35670000 epoch=7134 flow=59 side=new cur=7472997352 next=7514262771 tgt=7684614887 f=0.195 u=1 breach=9 end=
CBAP_MIG t=35670000 epoch=7134 flow=61 side=new cur=7472994340 next=7514260346 tgt=7684614887 f=0.195 u=1 breach=9 end=
CBAP_MIG t=35670000 epoch=7134 flow=62 side=new cur=7472998642 next=7514263809 tgt=7684614887 f=0.195 u=1 breach=9 end=
CBAP_MIG t=35670000 epoch=7134 flow=63 side=new cur=7472995420 next=7514261216 tgt=7684614887 f=0.195 u=1 breach=9 end=
CBAP_MIG t=35670000 epoch=7134 flow=64 side=new cur=7472991001 next=7514257658 tgt=7684614887 f=0.195 u=1 breach=9 end=
CBAP_MIG t=35675000 epoch=7135 flow=2 side=new cur=7514261216 next=7547480181 tgt=7684614887 f=0.195 u=1 breach=9 end=
CBAP_MIG t=35675000 epoch=7135 flow=4 side=new cur=7514263810 next=7547482270 tgt=7684614887 f=0.195 u=1 breach=9 end=
CBAP_MIG t=35675000 epoch=7135 flow=5 side=new cur=7514262174 next=7547480953 tgt=7684614887 f=0.195 u=1 breach=9 end=
CBAP_MIG t=35675000 epoch=7135 flow=8 side=new cur=7514262818 next=7547481471 tgt=7684614887 f=0.195 u=1 breach=9 end=
CBAP_MIG t=35675000 epoch=7135 flow=9 side=new cur=7514262617 next=7547481309 tgt=7684614887 f=0.195 u=1 breach=9 end=
CBAP_MIG t=35675000 epoch=7135 flow=10 side=new cur=7514263730 next=7547482205 tgt=7684614887 f=0.195 u=1 breach=9 end=
CBAP_MIG t=35675000 epoch=7135 flow=11 side=new cur=7514264380 next=7547482728 tgt=7684614887 f=0.195 u=1 breach=9 end=
CBAP_MIG t=35675000 epoch=7135 flow=12 side=new cur=7514263334 next=7547481886 tgt=7684614887 f=0.195 u=1 breach=9 end=
CBAP_MIG t=35675000 epoch=7135 flow=13 side=new cur=7514263375 next=7547481919 tgt=7684614887 f=0.195 u=1 breach=9 end=
CBAP_MIG t=35675000 epoch=7135 flow=14 side=new cur=7514261092 next=7547480082 tgt=7684614887 f=0.195 u=1 breach=9 end=
CBAP_MIG t=35675000 epoch=7135 flow=15 side=new cur=7514262818 next=7547481471 tgt=7684614887 f=0.195 u=1 breach=9 end=
CBAP_MIG t=35675000 epoch=7135 flow=16 side=new cur=7514262727 next=7547481398 tgt=7684614887 f=0.195 u=1 breach=9 end=
CBAP_MIG t=35675000 epoch=7135 flow=18 side=new cur=7514262314 next=7547481065 tgt=7684614887 f=0.195 u=1 breach=9 end=
CBAP_MIG t=35675000 epoch=7135 flow=19 side=new cur=7514263809 next=7547482269 tgt=7684614887 f=0.195 u=1 breach=9 end=
CBAP_MIG t=35675000 epoch=7135 flow=20 side=new cur=7514261092 next=7547480082 tgt=7684614887 f=0.195 u=1 breach=9 end=
CBAP_MIG t=35675000 epoch=7135 flow=21 side=new cur=7514261216 next=7547480181 tgt=7684614887 f=0.195 u=1 breach=9 end=
CBAP_MIG t=35675000 epoch=7135 flow=22 side=new cur=7514261759 next=7547480618 tgt=7684614887 f=0.195 u=1 breach=9 end=
CBAP_MIG t=35675000 epoch=7135 flow=23 side=new cur=7514263510 next=7547482028 tgt=7684614887 f=0.195 u=1 breach=9 end=
CBAP_MIG t=35675000 epoch=7135 flow=24 side=new cur=7514263788 next=7547482252 tgt=7684614887 f=0.195 u=1 breach=9 end=
CBAP_MIG t=35675000 epoch=7135 flow=25 side=new cur=7514263809 next=7547482269 tgt=7684614887 f=0.195 u=1 breach=9 end=
CBAP_MIG t=35675000 epoch=7135 flow=26 side=new cur=7514264114 next=7547482514 tgt=7684614887 f=0.195 u=1 breach=9 end=
CBAP_MIG t=35675000 epoch=7135 flow=29 side=new cur=7514264010 next=7547482431 tgt=7684614887 f=0.195 u=1 breach=9 end=
CBAP_MIG t=35675000 epoch=7135 flow=30 side=new cur=7514263730 next=7547482205 tgt=7684614887 f=0.195 u=1 breach=9 end=
CBAP_MIG t=35675000 epoch=7135 flow=31 side=new cur=7514261216 next=7547480181 tgt=7684614887 f=0.195 u=1 breach=9 end=
CBAP_MIG t=35675000 epoch=7135 flow=33 side=new cur=7514263391 next=7547481932 tgt=7684614887 f=0.195 u=1 breach=9 end=
CBAP_MIG t=35675000 epoch=7135 flow=34 side=new cur=7514262818 next=7547481471 tgt=7684614887 f=0.195 u=1 breach=9 end=
CBAP_MIG t=35675000 epoch=7135 flow=35 side=new cur=7514263809 next=7547482269 tgt=7684614887 f=0.195 u=1 breach=9 end=
CBAP_MIG t=35675000 epoch=7135 flow=36 side=new cur=7514263809 next=7547482269 tgt=7684614887 f=0.195 u=1 breach=9 end=
CBAP_MIG t=35675000 epoch=7135 flow=37 side=new cur=7514256682 next=7547476531 tgt=7684614887 f=0.195 u=1 breach=9 end=
CBAP_MIG t=35675000 epoch=7135 flow=38 side=new cur=7514261216 next=7547480181 tgt=7684614887 f=0.195 u=1 breach=9 end=
CBAP_MIG t=35675000 epoch=7135 flow=41 side=new cur=7514261759 next=7547480618 tgt=7684614887 f=0.195 u=1 breach=9 end=
CBAP_MIG t=35675000 epoch=7135 flow=42 side=new cur=7514263691 next=7547482174 tgt=7684614887 f=0.195 u=1 breach=9 end=
CBAP_MIG t=35675000 epoch=7135 flow=43 side=new cur=7514263809 next=7547482269 tgt=7684614887 f=0.195 u=1 breach=9 end=
CBAP_MIG t=35675000 epoch=7135 flow=44 side=new cur=7514264035 next=7547482451 tgt=7684614887 f=0.195 u=1 breach=9 end=
CBAP_MIG t=35675000 epoch=7135 flow=45 side=new cur=7514262952 next=7547481579 tgt=7684614887 f=0.195 u=1 breach=9 end=
CBAP_MIG t=35675000 epoch=7135 flow=46 side=new cur=7514263375 next=7547481919 tgt=7684614887 f=0.195 u=1 breach=9 end=
CBAP_MIG t=35675000 epoch=7135 flow=47 side=new cur=7514264380 next=7547482728 tgt=7684614887 f=0.195 u=1 breach=9 end=
CBAP_MIG t=35675000 epoch=7135 flow=48 side=new cur=7514263751 next=7547482222 tgt=7684614887 f=0.195 u=1 breach=9 end=
CBAP_MIG t=35675000 epoch=7135 flow=49 side=new cur=7514261164 next=7547480139 tgt=7684614887 f=0.195 u=1 breach=9 end=
CBAP_MIG t=35675000 epoch=7135 flow=51 side=new cur=7514261092 next=7547480082 tgt=7684614887 f=0.195 u=1 breach=9 end=
CBAP_MIG t=35675000 epoch=7135 flow=52 side=new cur=7514261092 next=7547480082 tgt=7684614887 f=0.195 u=1 breach=9 end=
CBAP_MIG t=35675000 epoch=7135 flow=53 side=new cur=7514262828 next=7547481479 tgt=7684614887 f=0.195 u=1 breach=9 end=
CBAP_MIG t=35675000 epoch=7135 flow=54 side=new cur=7514263138 next=7547481729 tgt=7684614887 f=0.195 u=1 breach=9 end=
CBAP_MIG t=35675000 epoch=7135 flow=55 side=new cur=7514263730 next=7547482205 tgt=7684614887 f=0.195 u=1 breach=9 end=
CBAP_MIG t=35675000 epoch=7135 flow=56 side=new cur=7514264380 next=7547482728 tgt=7684614887 f=0.195 u=1 breach=9 end=
CBAP_MIG t=35675000 epoch=7135 flow=57 side=new cur=7514263334 next=7547481886 tgt=7684614887 f=0.195 u=1 breach=9 end=
CBAP_MIG t=35675000 epoch=7135 flow=58 side=new cur=7514258110 next=7547477681 tgt=7684614887 f=0.195 u=1 breach=9 end=
CBAP_MIG t=35675000 epoch=7135 flow=59 side=new cur=7514262771 next=7547481433 tgt=7684614887 f=0.195 u=1 breach=9 end=
CBAP_MIG t=35675000 epoch=7135 flow=61 side=new cur=7514260346 next=7547479481 tgt=7684614887 f=0.195 u=1 breach=9 end=
CBAP_MIG t=35675000 epoch=7135 flow=62 side=new cur=7514263809 next=7547482269 tgt=7684614887 f=0.195 u=1 breach=9 end=
CBAP_MIG t=35675000 epoch=7135 flow=63 side=new cur=7514261216 next=7547480181 tgt=7684614887 f=0.195 u=1 breach=9 end=
CBAP_MIG t=35675000 epoch=7135 flow=64 side=new cur=7514257658 next=7547477317 tgt=7684614887 f=0.195 u=1 breach=9 end=
CBAP_MIG t=35680000 epoch=7136 flow=2 side=new cur=7547480181 next=7574221448 tgt=7684614887 f=0.195 u=1 breach=9 end=
CBAP_MIG t=35680000 epoch=7136 flow=4 side=new cur=7547482270 next=7574223130 tgt=7684614887 f=0.195 u=1 breach=9 end=
CBAP_MIG t=35680000 epoch=7136 flow=5 side=new cur=7547480953 next=7574222070 tgt=7684614887 f=0.195 u=1 breach=9 end=
CBAP_MIG t=35680000 epoch=7136 flow=8 side=new cur=7547481471 next=7574222487 tgt=7684614887 f=0.195 u=1 breach=9 end=
CBAP_MIG t=35680000 epoch=7136 flow=9 side=new cur=7547481309 next=7574222356 tgt=7684614887 f=0.195 u=1 breach=9 end=
CBAP_MIG t=35680000 epoch=7136 flow=10 side=new cur=7547482205 next=7574223077 tgt=7684614887 f=0.195 u=1 breach=9 end=
CBAP_MIG t=35680000 epoch=7136 flow=11 side=new cur=7547482728 next=7574223499 tgt=7684614887 f=0.195 u=1 breach=9 end=
CBAP_MIG t=35680000 epoch=7136 flow=12 side=new cur=7547481886 next=7574222821 tgt=7684614887 f=0.195 u=1 breach=9 end=
CBAP_MIG t=35680000 epoch=7136 flow=13 side=new cur=7547481919 next=7574222847 tgt=7684614887 f=0.195 u=1 breach=9 end=
CBAP_MIG t=35680000 epoch=7136 flow=14 side=new cur=7547480082 next=7574221368 tgt=7684614887 f=0.195 u=1 breach=9 end=
CBAP_MIG t=35680000 epoch=7136 flow=15 side=new cur=7547481471 next=7574222487 tgt=7684614887 f=0.195 u=1 breach=9 end=
CBAP_MIG t=35680000 epoch=7136 flow=16 side=new cur=7547481398 next=7574222428 tgt=7684614887 f=0.195 u=1 breach=9 end=
CBAP_MIG t=35680000 epoch=7136 flow=18 side=new cur=7547481065 next=7574222160 tgt=7684614887 f=0.195 u=1 breach=9 end=
CBAP_MIG t=35680000 epoch=7136 flow=19 side=new cur=7547482269 next=7574223129 tgt=7684614887 f=0.195 u=1 breach=9 end=
CBAP_MIG t=35680000 epoch=7136 flow=20 side=new cur=7547480082 next=7574221368 tgt=7684614887 f=0.195 u=1 breach=9 end=
CBAP_MIG t=35680000 epoch=7136 flow=21 side=new cur=7547480181 next=7574221448 tgt=7684614887 f=0.195 u=1 breach=9 end=
CBAP_MIG t=35680000 epoch=7136 flow=22 side=new cur=7547480618 next=7574221800 tgt=7684614887 f=0.195 u=1 breach=9 end=
CBAP_MIG t=35680000 epoch=7136 flow=23 side=new cur=7547482028 next=7574222935 tgt=7684614887 f=0.195 u=1 breach=9 end=
CBAP_MIG t=35680000 epoch=7136 flow=24 side=new cur=7547482252 next=7574223115 tgt=7684614887 f=0.195 u=1 breach=9 end=
CBAP_MIG t=35680000 epoch=7136 flow=25 side=new cur=7547482269 next=7574223129 tgt=7684614887 f=0.195 u=1 breach=9 end=
CBAP_MIG t=35680000 epoch=7136 flow=26 side=new cur=7547482514 next=7574223326 tgt=7684614887 f=0.195 u=1 breach=9 end=
CBAP_MIG t=35680000 epoch=7136 flow=29 side=new cur=7547482431 next=7574223259 tgt=7684614887 f=0.195 u=1 breach=9 end=
CBAP_MIG t=35680000 epoch=7136 flow=30 side=new cur=7547482205 next=7574223077 tgt=7684614887 f=0.195 u=1 breach=9 end=
CBAP_MIG t=35680000 epoch=7136 flow=31 side=new cur=7547480181 next=7574221448 tgt=7684614887 f=0.195 u=1 breach=9 end=
CBAP_MIG t=35680000 epoch=7136 flow=33 side=new cur=7547481932 next=7574222858 tgt=7684614887 f=0.195 u=1 breach=9 end=
CBAP_MIG t=35680000 epoch=7136 flow=34 side=new cur=7547481471 next=7574222487 tgt=7684614887 f=0.195 u=1 breach=9 end=
CBAP_MIG t=35680000 epoch=7136 flow=35 side=new cur=7547482269 next=7574223129 tgt=7684614887 f=0.195 u=1 breach=9 end=
CBAP_MIG t=35680000 epoch=7136 flow=36 side=new cur=7547482269 next=7574223129 tgt=7684614887 f=0.195 u=1 breach=9 end=
CBAP_MIG t=35680000 epoch=7136 flow=37 side=new cur=7547476531 next=7574218510 tgt=7684614887 f=0.195 u=1 breach=9 end=
CBAP_MIG t=35680000 epoch=7136 flow=38 side=new cur=7547480181 next=7574221448 tgt=7684614887 f=0.195 u=1 breach=9 end=
CBAP_MIG t=35680000 epoch=7136 flow=41 side=new cur=7547480618 next=7574221800 tgt=7684614887 f=0.195 u=1 breach=9 end=
CBAP_MIG t=35680000 epoch=7136 flow=42 side=new cur=7547482174 next=7574223053 tgt=7684614887 f=0.195 u=1 breach=9 end=
CBAP_MIG t=35680000 epoch=7136 flow=43 side=new cur=7547482269 next=7574223129 tgt=7684614887 f=0.195 u=1 breach=9 end=
CBAP_MIG t=35680000 epoch=7136 flow=44 side=new cur=7547482451 next=7574223276 tgt=7684614887 f=0.195 u=1 breach=9 end=
CBAP_MIG t=35680000 epoch=7136 flow=45 side=new cur=7547481579 next=7574222574 tgt=7684614887 f=0.195 u=1 breach=9 end=
CBAP_MIG t=35680000 epoch=7136 flow=46 side=new cur=7547481919 next=7574222847 tgt=7684614887 f=0.195 u=1 breach=9 end=
CBAP_MIG t=35680000 epoch=7136 flow=47 side=new cur=7547482728 next=7574223499 tgt=7684614887 f=0.195 u=1 breach=9 end=
CBAP_MIG t=35680000 epoch=7136 flow=48 side=new cur=7547482222 next=7574223091 tgt=7684614887 f=0.195 u=1 breach=9 end=
CBAP_MIG t=35680000 epoch=7136 flow=49 side=new cur=7547480139 next=7574221414 tgt=7684614887 f=0.195 u=1 breach=9 end=
CBAP_MIG t=35680000 epoch=7136 flow=51 side=new cur=7547480082 next=7574221368 tgt=7684614887 f=0.195 u=1 breach=9 end=
CBAP_MIG t=35680000 epoch=7136 flow=52 side=new cur=7547480082 next=7574221368 tgt=7684614887 f=0.195 u=1 breach=9 end=
CBAP_MIG t=35680000 epoch=7136 flow=53 side=new cur=7547481479 next=7574222493 tgt=7684614887 f=0.195 u=1 breach=9 end=
CBAP_MIG t=35680000 epoch=7136 flow=54 side=new cur=7547481729 next=7574222694 tgt=7684614887 f=0.195 u=1 breach=9 end=
CBAP_MIG t=35680000 epoch=7136 flow=55 side=new cur=7547482205 next=7574223077 tgt=7684614887 f=0.195 u=1 breach=9 end=
CBAP_MIG t=35680000 epoch=7136 flow=56 side=new cur=7547482728 next=7574223499 tgt=7684614887 f=0.195 u=1 breach=9 end=
CBAP_MIG t=35680000 epoch=7136 flow=57 side=new cur=7547481886 next=7574222821 tgt=7684614887 f=0.195 u=1 breach=9 end=
CBAP_MIG t=35680000 epoch=7136 flow=58 side=new cur=7547477681 next=7574219436 tgt=7684614887 f=0.195 u=1 breach=9 end=
CBAP_MIG t=35680000 epoch=7136 flow=59 side=new cur=7547481433 next=7574222456 tgt=7684614887 f=0.195 u=1 breach=9 end=
CBAP_MIG t=35680000 epoch=7136 flow=61 side=new cur=7547479481 next=7574220885 tgt=7684614887 f=0.195 u=1 breach=9 end=
CBAP_MIG t=35680000 epoch=7136 flow=62 side=new cur=7547482269 next=7574223129 tgt=7684614887 f=0.195 u=1 breach=9 end=
CBAP_MIG t=35680000 epoch=7136 flow=63 side=new cur=7547480181 next=7574221448 tgt=7684614887 f=0.195 u=1 breach=9 end=
CBAP_MIG t=35680000 epoch=7136 flow=64 side=new cur=7547477317 next=7574219143 tgt=7684614887 f=0.195 u=1 breach=9 end=
CBAP_MIG_REPLAN t=35685000 reason=active_set_shrank flow=0 batch=0 newest_batch=1 cur=4000180836 target=4000000000 ceiling=320000000000 old_side_present=1
CBAP_MIG_REPLAN t=35685000 reason=active_set_shrank flow=2 batch=1 newest_batch=1 cur=7574221448 target=7835293763 ceiling=400000000000 old_side_present=1
CBAP_MIG_REPLAN t=35685000 reason=active_set_shrank flow=4 batch=1 newest_batch=1 cur=7574223130 target=7835293763 ceiling=400000000000 old_side_present=1
CBAP_MIG_REPLAN t=35685000 reason=active_set_shrank flow=5 batch=1 newest_batch=1 cur=7574222070 target=7835293763 ceiling=400000000000 old_side_present=1
CBAP_MIG_REPLAN t=35685000 reason=active_set_shrank flow=8 batch=1 newest_batch=1 cur=7574222487 target=7835293763 ceiling=400000000000 old_side_present=1
CBAP_MIG_REPLAN t=35685000 reason=active_set_shrank flow=9 batch=1 newest_batch=1 cur=7574222356 target=7835293763 ceiling=400000000000 old_side_present=1
CBAP_MIG_REPLAN t=35685000 reason=active_set_shrank flow=10 batch=1 newest_batch=1 cur=7574223077 target=7835293763 ceiling=400000000000 old_side_present=1
CBAP_MIG_REPLAN t=35685000 reason=active_set_shrank flow=11 batch=1 newest_batch=1 cur=7574223499 target=7835293763 ceiling=400000000000 old_side_present=1
CBAP_MIG_REPLAN t=35685000 reason=active_set_shrank flow=12 batch=1 newest_batch=1 cur=7574222821 target=7835293763 ceiling=400000000000 old_side_present=1
CBAP_MIG_REPLAN t=35685000 reason=active_set_shrank flow=13 batch=1 newest_batch=1 cur=7574222847 target=7835293763 ceiling=400000000000 old_side_present=1
CBAP_MIG_REPLAN t=35685000 reason=active_set_shrank flow=14 batch=1 newest_batch=1 cur=7574221368 target=7835293763 ceiling=400000000000 old_side_present=1
CBAP_MIG_REPLAN t=35685000 reason=active_set_shrank flow=15 batch=1 newest_batch=1 cur=7574222487 target=7835293763 ceiling=400000000000 old_side_present=1
CBAP_MIG_REPLAN t=35685000 reason=active_set_shrank flow=16 batch=1 newest_batch=1 cur=7574222428 target=7835293763 ceiling=400000000000 old_side_present=1
CBAP_MIG_REPLAN t=35685000 reason=active_set_shrank flow=18 batch=1 newest_batch=1 cur=7574222160 target=7835293763 ceiling=400000000000 old_side_present=1
CBAP_MIG_REPLAN t=35685000 reason=active_set_shrank flow=19 batch=1 newest_batch=1 cur=7574223129 target=7835293763 ceiling=400000000000 old_side_present=1
CBAP_MIG_REPLAN t=35685000 reason=active_set_shrank flow=20 batch=1 newest_batch=1 cur=7574221368 target=7835293763 ceiling=400000000000 old_side_present=1
CBAP_MIG_REPLAN t=35685000 reason=active_set_shrank flow=21 batch=1 newest_batch=1 cur=7574221448 target=7835293763 ceiling=400000000000 old_side_present=1
CBAP_MIG_REPLAN t=35685000 reason=active_set_shrank flow=22 batch=1 newest_batch=1 cur=7574221800 target=7835293763 ceiling=400000000000 old_side_present=1
CBAP_MIG_REPLAN t=35685000 reason=active_set_shrank flow=23 batch=1 newest_batch=1 cur=7574222935 target=7835293763 ceiling=400000000000 old_side_present=1
CBAP_MIG_REPLAN t=35685000 reason=active_set_shrank flow=24 batch=1 newest_batch=1 cur=7574223115 target=7835293763 ceiling=400000000000 old_side_present=1
CBAP_MIG_REPLAN t=35685000 reason=active_set_shrank flow=25 batch=1 newest_batch=1 cur=7574223129 target=7835293763 ceiling=400000000000 old_side_present=1
CBAP_MIG_REPLAN t=35685000 reason=active_set_shrank flow=26 batch=1 newest_batch=1 cur=7574223326 target=7835293763 ceiling=400000000000 old_side_present=1
CBAP_MIG_REPLAN t=35685000 reason=active_set_shrank flow=29 batch=1 newest_batch=1 cur=7574223259 target=7835293763 ceiling=400000000000 old_side_present=1
CBAP_MIG_REPLAN t=35685000 reason=active_set_shrank flow=30 batch=1 newest_batch=1 cur=7574223077 target=7835293763 ceiling=400000000000 old_side_present=1
CBAP_MIG_REPLAN t=35685000 reason=active_set_shrank flow=31 batch=1 newest_batch=1 cur=7574221448 target=7835293763 ceiling=400000000000 old_side_present=1
CBAP_MIG_REPLAN t=35685000 reason=active_set_shrank flow=33 batch=1 newest_batch=1 cur=7574222858 target=7835293763 ceiling=400000000000 old_side_present=1
CBAP_MIG_REPLAN t=35685000 reason=active_set_shrank flow=34 batch=1 newest_batch=1 cur=7574222487 target=7835293763 ceiling=400000000000 old_side_present=1
CBAP_MIG_REPLAN t=35685000 reason=active_set_shrank flow=35 batch=1 newest_batch=1 cur=7574223129 target=7835293763 ceiling=400000000000 old_side_present=1
CBAP_MIG_REPLAN t=35685000 reason=active_set_shrank flow=36 batch=1 newest_batch=1 cur=7574223129 target=7835293763 ceiling=400000000000 old_side_present=1
CBAP_MIG_REPLAN t=35685000 reason=active_set_shrank flow=37 batch=1 newest_batch=1 cur=7574218510 target=7835293763 ceiling=400000000000 old_side_present=1
CBAP_MIG_REPLAN t=35685000 reason=active_set_shrank flow=38 batch=1 newest_batch=1 cur=7574221448 target=7835293763 ceiling=400000000000 old_side_present=1
CBAP_MIG_REPLAN t=35685000 reason=active_set_shrank flow=41 batch=1 newest_batch=1 cur=7574221800 target=7835293763 ceiling=400000000000 old_side_present=1
CBAP_MIG_REPLAN t=35685000 reason=active_set_shrank flow=42 batch=1 newest_batch=1 cur=7574223053 target=7835293763 ceiling=400000000000 old_side_present=1
CBAP_MIG_REPLAN t=35685000 reason=active_set_shrank flow=43 batch=1 newest_batch=1 cur=7574223129 target=7835293763 ceiling=400000000000 old_side_present=1
CBAP_MIG_REPLAN t=35685000 reason=active_set_shrank flow=44 batch=1 newest_batch=1 cur=7574223276 target=7835293763 ceiling=400000000000 old_side_present=1
CBAP_MIG_REPLAN t=35685000 reason=active_set_shrank flow=45 batch=1 newest_batch=1 cur=7574222574 target=7835293763 ceiling=400000000000 old_side_present=1
CBAP_MIG_REPLAN t=35685000 reason=active_set_shrank flow=46 batch=1 newest_batch=1 cur=7574222847 target=7835293763 ceiling=400000000000 old_side_present=1
CBAP_MIG_REPLAN t=35685000 reason=active_set_shrank flow=47 batch=1 newest_batch=1 cur=7574223499 target=7835293763 ceiling=400000000000 old_side_present=1
CBAP_MIG_REPLAN t=35685000 reason=active_set_shrank flow=48 batch=1 newest_batch=1 cur=7574223091 target=7835293763 ceiling=400000000000 old_side_present=1
CBAP_MIG_REPLAN t=35685000 reason=active_set_shrank flow=49 batch=1 newest_batch=1 cur=7574221414 target=7835293763 ceiling=400000000000 old_side_present=1
CBAP_MIG_REPLAN t=35685000 reason=active_set_shrank flow=51 batch=1 newest_batch=1 cur=7574221368 target=7835293763 ceiling=400000000000 old_side_present=1
CBAP_MIG_REPLAN t=35685000 reason=active_set_shrank flow=52 batch=1 newest_batch=1 cur=7574221368 target=7835293763 ceiling=400000000000 old_side_present=1
CBAP_MIG_REPLAN t=35685000 reason=active_set_shrank flow=53 batch=1 newest_batch=1 cur=7574222493 target=7835293763 ceiling=400000000000 old_side_present=1
CBAP_MIG_REPLAN t=35685000 reason=active_set_shrank flow=54 batch=1 newest_batch=1 cur=7574222694 target=7835293763 ceiling=400000000000 old_side_present=1
CBAP_MIG_REPLAN t=35685000 reason=active_set_shrank flow=55 batch=1 newest_batch=1 cur=7574223077 target=7835293763 ceiling=400000000000 old_side_present=1
CBAP_MIG_REPLAN t=35685000 reason=active_set_shrank flow=56 batch=1 newest_batch=1 cur=7574223499 target=7835293763 ceiling=400000000000 old_side_present=1
CBAP_MIG_REPLAN t=35685000 reason=active_set_shrank flow=57 batch=1 newest_batch=1 cur=7574222821 target=7835293763 ceiling=400000000000 old_side_present=1
CBAP_MIG_REPLAN t=35685000 reason=active_set_shrank flow=59 batch=1 newest_batch=1 cur=7574222456 target=7835293763 ceiling=400000000000 old_side_present=1
CBAP_MIG_REPLAN t=35685000 reason=active_set_shrank flow=61 batch=1 newest_batch=1 cur=7574220885 target=7835293763 ceiling=400000000000 old_side_present=1
CBAP_MIG_REPLAN t=35685000 reason=active_set_shrank flow=62 batch=1 newest_batch=1 cur=7574223129 target=7835293763 ceiling=400000000000 old_side_present=1
CBAP_MIG_REPLAN t=35685000 reason=active_set_shrank flow=63 batch=1 newest_batch=1 cur=7574221448 target=7835293763 ceiling=400000000000 old_side_present=1
CBAP_MIG_REPLAN t=35685000 reason=active_set_shrank flow=64 batch=1 newest_batch=1 cur=7574219143 target=7835293763 ceiling=400000000000 old_side_present=1
CBAP_MIG t=35685000 epoch=7137 flow=0 side=old cur=4000180836 next=4000126585 tgt=4000000000 f=0.3 u=1 breach=0 end=converged
CBAP_MIG t=35685000 epoch=7137 flow=2 side=new cur=7574221448 next=7625130549 tgt=7835293763 f=0.195 u=1 breach=9 end=
CBAP_MIG t=35685000 epoch=7137 flow=4 side=new cur=7574223130 next=7625131903 tgt=7835293763 f=0.195 u=1 breach=9 end=
CBAP_MIG t=35685000 epoch=7137 flow=5 side=new cur=7574222070 next=7625131050 tgt=7835293763 f=0.195 u=1 breach=9 end=
CBAP_MIG t=35685000 epoch=7137 flow=8 side=new cur=7574222487 next=7625131385 tgt=7835293763 f=0.195 u=1 breach=9 end=
CBAP_MIG t=35685000 epoch=7137 flow=9 side=new cur=7574222356 next=7625131280 tgt=7835293763 f=0.195 u=1 breach=9 end=
CBAP_MIG t=35685000 epoch=7137 flow=10 side=new cur=7574223077 next=7625131860 tgt=7835293763 f=0.195 u=1 breach=9 end=
CBAP_MIG t=35685000 epoch=7137 flow=11 side=new cur=7574223499 next=7625132200 tgt=7835293763 f=0.195 u=1 breach=9 end=
CBAP_MIG t=35685000 epoch=7137 flow=12 side=new cur=7574222821 next=7625131654 tgt=7835293763 f=0.195 u=1 breach=9 end=
CBAP_MIG t=35685000 epoch=7137 flow=13 side=new cur=7574222847 next=7625131675 tgt=7835293763 f=0.195 u=1 breach=9 end=
CBAP_MIG t=35685000 epoch=7137 flow=14 side=new cur=7574221368 next=7625130485 tgt=7835293763 f=0.195 u=1 breach=9 end=
CBAP_MIG t=35685000 epoch=7137 flow=15 side=new cur=7574222487 next=7625131385 tgt=7835293763 f=0.195 u=1 breach=9 end=
CBAP_MIG t=35685000 epoch=7137 flow=16 side=new cur=7574222428 next=7625131338 tgt=7835293763 f=0.195 u=1 breach=9 end=
CBAP_MIG t=35685000 epoch=7137 flow=18 side=new cur=7574222160 next=7625131122 tgt=7835293763 f=0.195 u=1 breach=9 end=
CBAP_MIG t=35685000 epoch=7137 flow=19 side=new cur=7574223129 next=7625131902 tgt=7835293763 f=0.195 u=1 breach=9 end=
CBAP_MIG t=35685000 epoch=7137 flow=20 side=new cur=7574221368 next=7625130485 tgt=7835293763 f=0.195 u=1 breach=9 end=
CBAP_MIG t=35685000 epoch=7137 flow=21 side=new cur=7574221448 next=7625130549 tgt=7835293763 f=0.195 u=1 breach=9 end=
CBAP_MIG t=35685000 epoch=7137 flow=22 side=new cur=7574221800 next=7625130832 tgt=7835293763 f=0.195 u=1 breach=9 end=
CBAP_MIG t=35685000 epoch=7137 flow=23 side=new cur=7574222935 next=7625131746 tgt=7835293763 f=0.195 u=1 breach=9 end=
CBAP_MIG t=35685000 epoch=7137 flow=24 side=new cur=7574223115 next=7625131891 tgt=7835293763 f=0.195 u=1 breach=9 end=
CBAP_MIG t=35685000 epoch=7137 flow=25 side=new cur=7574223129 next=7625131902 tgt=7835293763 f=0.195 u=1 breach=9 end=
CBAP_MIG t=35685000 epoch=7137 flow=26 side=new cur=7574223326 next=7625132061 tgt=7835293763 f=0.195 u=1 breach=9 end=
CBAP_MIG t=35685000 epoch=7137 flow=29 side=new cur=7574223259 next=7625132007 tgt=7835293763 f=0.195 u=1 breach=9 end=
CBAP_MIG t=35685000 epoch=7137 flow=30 side=new cur=7574223077 next=7625131860 tgt=7835293763 f=0.195 u=1 breach=9 end=
CBAP_MIG t=35685000 epoch=7137 flow=31 side=new cur=7574221448 next=7625130549 tgt=7835293763 f=0.195 u=1 breach=9 end=
CBAP_MIG t=35685000 epoch=7137 flow=33 side=new cur=7574222858 next=7625131684 tgt=7835293763 f=0.195 u=1 breach=9 end=
CBAP_MIG t=35685000 epoch=7137 flow=34 side=new cur=7574222487 next=7625131385 tgt=7835293763 f=0.195 u=1 breach=9 end=
CBAP_MIG t=35685000 epoch=7137 flow=35 side=new cur=7574223129 next=7625131902 tgt=7835293763 f=0.195 u=1 breach=9 end=
CBAP_MIG t=35685000 epoch=7137 flow=36 side=new cur=7574223129 next=7625131902 tgt=7835293763 f=0.195 u=1 breach=9 end=
CBAP_MIG t=35685000 epoch=7137 flow=37 side=new cur=7574218510 next=7625128184 tgt=7835293763 f=0.195 u=1 breach=9 end=
CBAP_MIG t=35685000 epoch=7137 flow=38 side=new cur=7574221448 next=7625130549 tgt=7835293763 f=0.195 u=1 breach=9 end=
CBAP_MIG t=35685000 epoch=7137 flow=41 side=new cur=7574221800 next=7625130832 tgt=7835293763 f=0.195 u=1 breach=9 end=
CBAP_MIG t=35685000 epoch=7137 flow=42 side=new cur=7574223053 next=7625131841 tgt=7835293763 f=0.195 u=1 breach=9 end=
CBAP_MIG t=35685000 epoch=7137 flow=43 side=new cur=7574223129 next=7625131902 tgt=7835293763 f=0.195 u=1 breach=9 end=
CBAP_MIG t=35685000 epoch=7137 flow=44 side=new cur=7574223276 next=7625132020 tgt=7835293763 f=0.195 u=1 breach=9 end=
CBAP_MIG t=35685000 epoch=7137 flow=45 side=new cur=7574222574 next=7625131455 tgt=7835293763 f=0.195 u=1 breach=9 end=
CBAP_MIG t=35685000 epoch=7137 flow=46 side=new cur=7574222847 next=7625131675 tgt=7835293763 f=0.195 u=1 breach=9 end=
CBAP_MIG t=35685000 epoch=7137 flow=47 side=new cur=7574223499 next=7625132200 tgt=7835293763 f=0.195 u=1 breach=9 end=
CBAP_MIG t=35685000 epoch=7137 flow=48 side=new cur=7574223091 next=7625131872 tgt=7835293763 f=0.195 u=1 breach=9 end=
CBAP_MIG t=35685000 epoch=7137 flow=49 side=new cur=7574221414 next=7625130522 tgt=7835293763 f=0.195 u=1 breach=9 end=
CBAP_MIG t=35685000 epoch=7137 flow=51 side=new cur=7574221368 next=7625130485 tgt=7835293763 f=0.195 u=1 breach=9 end=
CBAP_MIG t=35685000 epoch=7137 flow=52 side=new cur=7574221368 next=7625130485 tgt=7835293763 f=0.195 u=1 breach=9 end=
CBAP_MIG t=35685000 epoch=7137 flow=53 side=new cur=7574222493 next=7625131390 tgt=7835293763 f=0.195 u=1 breach=9 end=
CBAP_MIG t=35685000 epoch=7137 flow=54 side=new cur=7574222694 next=7625131552 tgt=7835293763 f=0.195 u=1 breach=9 end=
CBAP_MIG t=35685000 epoch=7137 flow=55 side=new cur=7574223077 next=7625131860 tgt=7835293763 f=0.195 u=1 breach=9 end=
CBAP_MIG t=35685000 epoch=7137 flow=56 side=new cur=7574223499 next=7625132200 tgt=7835293763 f=0.195 u=1 breach=9 end=
CBAP_MIG t=35685000 epoch=7137 flow=57 side=new cur=7574222821 next=7625131654 tgt=7835293763 f=0.195 u=1 breach=9 end=
CBAP_MIG t=35685000 epoch=7137 flow=59 side=new cur=7574222456 next=7625131360 tgt=7835293763 f=0.195 u=1 breach=9 end=
CBAP_MIG t=35685000 epoch=7137 flow=61 side=new cur=7574220885 next=7625130096 tgt=7835293763 f=0.195 u=1 breach=9 end=
CBAP_MIG t=35685000 epoch=7137 flow=62 side=new cur=7574223129 next=7625131902 tgt=7835293763 f=0.195 u=1 breach=9 end=
CBAP_MIG t=35685000 epoch=7137 flow=63 side=new cur=7574221448 next=7625130549 tgt=7835293763 f=0.195 u=1 breach=9 end=
CBAP_MIG t=35685000 epoch=7137 flow=64 side=new cur=7574219143 next=7625128693 tgt=7835293763 f=0.195 u=1 breach=9 end=
CBAP_MIG t=35690000 epoch=7138 flow=2 side=new cur=7625130549 next=7666112375 tgt=7835293763 f=0.195 u=1 breach=9 end=
CBAP_MIG t=35690000 epoch=7138 flow=4 side=new cur=7625131903 next=7666113465 tgt=7835293763 f=0.195 u=1 breach=9 end=
CBAP_MIG t=35690000 epoch=7138 flow=5 side=new cur=7625131050 next=7666112779 tgt=7835293763 f=0.195 u=1 breach=9 end=
CBAP_MIG t=35690000 epoch=7138 flow=8 side=new cur=7625131385 next=7666113048 tgt=7835293763 f=0.195 u=1 breach=9 end=
CBAP_MIG t=35690000 epoch=7138 flow=9 side=new cur=7625131280 next=7666112964 tgt=7835293763 f=0.195 u=1 breach=9 end=
CBAP_MIG t=35690000 epoch=7138 flow=10 side=new cur=7625131860 next=7666113431 tgt=7835293763 f=0.195 u=1 breach=9 end=
CBAP_MIG t=35690000 epoch=7138 flow=11 side=new cur=7625132200 next=7666113704 tgt=7835293763 f=0.195 u=1 breach=9 end=
CBAP_MIG t=35690000 epoch=7138 flow=12 side=new cur=7625131654 next=7666113265 tgt=7835293763 f=0.195 u=1 breach=9 end=
CBAP_MIG t=35690000 epoch=7138 flow=13 side=new cur=7625131675 next=7666113282 tgt=7835293763 f=0.195 u=1 breach=9 end=
CBAP_MIG t=35690000 epoch=7138 flow=14 side=new cur=7625130485 next=7666112324 tgt=7835293763 f=0.195 u=1 breach=9 end=
CBAP_MIG t=35690000 epoch=7138 flow=15 side=new cur=7625131385 next=7666113048 tgt=7835293763 f=0.195 u=1 breach=9 end=
CBAP_MIG t=35690000 epoch=7138 flow=16 side=new cur=7625131338 next=7666113010 tgt=7835293763 f=0.195 u=1 breach=9 end=
CBAP_MIG t=35690000 epoch=7138 flow=18 side=new cur=7625131122 next=7666112836 tgt=7835293763 f=0.195 u=1 breach=9 end=
CBAP_MIG t=35690000 epoch=7138 flow=19 side=new cur=7625131902 next=7666113464 tgt=7835293763 f=0.195 u=1 breach=9 end=
CBAP_MIG t=35690000 epoch=7138 flow=20 side=new cur=7625130485 next=7666112324 tgt=7835293763 f=0.195 u=1 breach=9 end=
CBAP_MIG t=35690000 epoch=7138 flow=21 side=new cur=7625130549 next=7666112375 tgt=7835293763 f=0.195 u=1 breach=9 end=
CBAP_MIG t=35690000 epoch=7138 flow=22 side=new cur=7625130832 next=7666112603 tgt=7835293763 f=0.195 u=1 breach=9 end=
CBAP_MIG t=35690000 epoch=7138 flow=23 side=new cur=7625131746 next=7666113339 tgt=7835293763 f=0.195 u=1 breach=9 end=
CBAP_MIG t=35690000 epoch=7138 flow=24 side=new cur=7625131891 next=7666113456 tgt=7835293763 f=0.195 u=1 breach=9 end=
CBAP_MIG t=35690000 epoch=7138 flow=25 side=new cur=7625131902 next=7666113464 tgt=7835293763 f=0.195 u=1 breach=9 end=
CBAP_MIG t=35690000 epoch=7138 flow=26 side=new cur=7625132061 next=7666113592 tgt=7835293763 f=0.195 u=1 breach=9 end=
CBAP_MIG t=35690000 epoch=7138 flow=29 side=new cur=7625132007 next=7666113549 tgt=7835293763 f=0.195 u=1 breach=9 end=
CBAP_MIG t=35690000 epoch=7138 flow=30 side=new cur=7625131860 next=7666113431 tgt=7835293763 f=0.195 u=1 breach=9 end=
CBAP_MIG t=35690000 epoch=7138 flow=31 side=new cur=7625130549 next=7666112375 tgt=7835293763 f=0.195 u=1 breach=9 end=
CBAP_MIG t=35690000 epoch=7138 flow=33 side=new cur=7625131684 next=7666113289 tgt=7835293763 f=0.195 u=1 breach=9 end=
CBAP_MIG t=35690000 epoch=7138 flow=34 side=new cur=7625131385 next=7666113048 tgt=7835293763 f=0.195 u=1 breach=9 end=
CBAP_MIG t=35690000 epoch=7138 flow=35 side=new cur=7625131902 next=7666113464 tgt=7835293763 f=0.195 u=1 breach=9 end=
CBAP_MIG t=35690000 epoch=7138 flow=36 side=new cur=7625131902 next=7666113464 tgt=7835293763 f=0.195 u=1 breach=9 end=
CBAP_MIG t=35690000 epoch=7138 flow=37 side=new cur=7625128184 next=7666110471 tgt=7835293763 f=0.195 u=1 breach=9 end=
CBAP_MIG t=35690000 epoch=7138 flow=38 side=new cur=7625130549 next=7666112375 tgt=7835293763 f=0.195 u=1 breach=9 end=
CBAP_MIG t=35690000 epoch=7138 flow=41 side=new cur=7625130832 next=7666112603 tgt=7835293763 f=0.195 u=1 breach=9 end=
CBAP_MIG t=35690000 epoch=7138 flow=42 side=new cur=7625131841 next=7666113415 tgt=7835293763 f=0.195 u=1 breach=9 end=
CBAP_MIG t=35690000 epoch=7138 flow=43 side=new cur=7625131902 next=7666113464 tgt=7835293763 f=0.195 u=1 breach=9 end=
CBAP_MIG t=35690000 epoch=7138 flow=44 side=new cur=7625132020 next=7666113559 tgt=7835293763 f=0.195 u=1 breach=9 end=
CBAP_MIG t=35690000 epoch=7138 flow=45 side=new cur=7625131455 next=7666113105 tgt=7835293763 f=0.195 u=1 breach=9 end=
CBAP_MIG t=35690000 epoch=7138 flow=46 side=new cur=7625131675 next=7666113282 tgt=7835293763 f=0.195 u=1 breach=9 end=
CBAP_MIG t=35690000 epoch=7138 flow=47 side=new cur=7625132200 next=7666113704 tgt=7835293763 f=0.195 u=1 breach=9 end=
CBAP_MIG t=35690000 epoch=7138 flow=48 side=new cur=7625131872 next=7666113440 tgt=7835293763 f=0.195 u=1 breach=9 end=
CBAP_MIG t=35690000 epoch=7138 flow=49 side=new cur=7625130522 next=7666112353 tgt=7835293763 f=0.195 u=1 breach=9 end=
CBAP_MIG t=35690000 epoch=7138 flow=51 side=new cur=7625130485 next=7666112324 tgt=7835293763 f=0.195 u=1 breach=9 end=
CBAP_MIG t=35690000 epoch=7138 flow=52 side=new cur=7625130485 next=7666112324 tgt=7835293763 f=0.195 u=1 breach=9 end=
CBAP_MIG t=35690000 epoch=7138 flow=53 side=new cur=7625131390 next=7666113052 tgt=7835293763 f=0.195 u=1 breach=9 end=
CBAP_MIG t=35690000 epoch=7138 flow=54 side=new cur=7625131552 next=7666113183 tgt=7835293763 f=0.195 u=1 breach=9 end=
CBAP_MIG t=35690000 epoch=7138 flow=55 side=new cur=7625131860 next=7666113431 tgt=7835293763 f=0.195 u=1 breach=9 end=
CBAP_MIG t=35690000 epoch=7138 flow=56 side=new cur=7625132200 next=7666113704 tgt=7835293763 f=0.195 u=1 breach=9 end=
CBAP_MIG t=35690000 epoch=7138 flow=57 side=new cur=7625131654 next=7666113265 tgt=7835293763 f=0.195 u=1 breach=9 end=
CBAP_MIG t=35690000 epoch=7138 flow=59 side=new cur=7625131360 next=7666113028 tgt=7835293763 f=0.195 u=1 breach=9 end=
CBAP_MIG t=35690000 epoch=7138 flow=61 side=new cur=7625130096 next=7666112011 tgt=7835293763 f=0.195 u=1 breach=9 end=
CBAP_MIG t=35690000 epoch=7138 flow=62 side=new cur=7625131902 next=7666113464 tgt=7835293763 f=0.195 u=1 breach=9 end=
CBAP_MIG t=35690000 epoch=7138 flow=63 side=new cur=7625130549 next=7666112375 tgt=7835293763 f=0.195 u=1 breach=9 end=
CBAP_MIG t=35690000 epoch=7138 flow=64 side=new cur=7625128693 next=7666110881 tgt=7835293763 f=0.195 u=1 breach=9 end=
CBAP_MIG_REPLAN t=35695000 reason=active_set_shrank flow=0 batch=0 newest_batch=1 cur=4000126585 target=4000000000 ceiling=320000000000 old_side_present=1
CBAP_MIG_REPLAN t=35695000 reason=active_set_shrank flow=2 batch=1 newest_batch=1 cur=7666112375 target=7991999746 ceiling=400000000000 old_side_present=1
CBAP_MIG_REPLAN t=35695000 reason=active_set_shrank flow=4 batch=1 newest_batch=1 cur=7666113465 target=7991999746 ceiling=400000000000 old_side_present=1
CBAP_MIG_REPLAN t=35695000 reason=active_set_shrank flow=5 batch=1 newest_batch=1 cur=7666112779 target=7991999746 ceiling=400000000000 old_side_present=1
CBAP_MIG_REPLAN t=35695000 reason=active_set_shrank flow=8 batch=1 newest_batch=1 cur=7666113048 target=7991999746 ceiling=400000000000 old_side_present=1
CBAP_MIG_REPLAN t=35695000 reason=active_set_shrank flow=9 batch=1 newest_batch=1 cur=7666112964 target=7991999746 ceiling=400000000000 old_side_present=1
CBAP_MIG_REPLAN t=35695000 reason=active_set_shrank flow=10 batch=1 newest_batch=1 cur=7666113431 target=7991999746 ceiling=400000000000 old_side_present=1
CBAP_MIG_REPLAN t=35695000 reason=active_set_shrank flow=11 batch=1 newest_batch=1 cur=7666113704 target=7991999746 ceiling=400000000000 old_side_present=1
CBAP_MIG_REPLAN t=35695000 reason=active_set_shrank flow=12 batch=1 newest_batch=1 cur=7666113265 target=7991999746 ceiling=400000000000 old_side_present=1
CBAP_MIG_REPLAN t=35695000 reason=active_set_shrank flow=13 batch=1 newest_batch=1 cur=7666113282 target=7991999746 ceiling=400000000000 old_side_present=1
CBAP_MIG_REPLAN t=35695000 reason=active_set_shrank flow=14 batch=1 newest_batch=1 cur=7666112324 target=7991999746 ceiling=400000000000 old_side_present=1
CBAP_MIG_REPLAN t=35695000 reason=active_set_shrank flow=15 batch=1 newest_batch=1 cur=7666113048 target=7991999746 ceiling=400000000000 old_side_present=1
CBAP_MIG_REPLAN t=35695000 reason=active_set_shrank flow=16 batch=1 newest_batch=1 cur=7666113010 target=7991999746 ceiling=400000000000 old_side_present=1
CBAP_MIG_REPLAN t=35695000 reason=active_set_shrank flow=18 batch=1 newest_batch=1 cur=7666112836 target=7991999746 ceiling=400000000000 old_side_present=1
CBAP_MIG_REPLAN t=35695000 reason=active_set_shrank flow=19 batch=1 newest_batch=1 cur=7666113464 target=7991999746 ceiling=400000000000 old_side_present=1
CBAP_MIG_REPLAN t=35695000 reason=active_set_shrank flow=20 batch=1 newest_batch=1 cur=7666112324 target=7991999746 ceiling=400000000000 old_side_present=1
CBAP_MIG_REPLAN t=35695000 reason=active_set_shrank flow=21 batch=1 newest_batch=1 cur=7666112375 target=7991999746 ceiling=400000000000 old_side_present=1
CBAP_MIG_REPLAN t=35695000 reason=active_set_shrank flow=22 batch=1 newest_batch=1 cur=7666112603 target=7991999746 ceiling=400000000000 old_side_present=1
CBAP_MIG_REPLAN t=35695000 reason=active_set_shrank flow=23 batch=1 newest_batch=1 cur=7666113339 target=7991999746 ceiling=400000000000 old_side_present=1
CBAP_MIG_REPLAN t=35695000 reason=active_set_shrank flow=24 batch=1 newest_batch=1 cur=7666113456 target=7991999746 ceiling=400000000000 old_side_present=1
CBAP_MIG_REPLAN t=35695000 reason=active_set_shrank flow=25 batch=1 newest_batch=1 cur=7666113464 target=7991999746 ceiling=400000000000 old_side_present=1
CBAP_MIG_REPLAN t=35695000 reason=active_set_shrank flow=26 batch=1 newest_batch=1 cur=7666113592 target=7991999746 ceiling=400000000000 old_side_present=1
CBAP_MIG_REPLAN t=35695000 reason=active_set_shrank flow=29 batch=1 newest_batch=1 cur=7666113549 target=7991999746 ceiling=400000000000 old_side_present=1
CBAP_MIG_REPLAN t=35695000 reason=active_set_shrank flow=30 batch=1 newest_batch=1 cur=7666113431 target=7991999746 ceiling=400000000000 old_side_present=1
CBAP_MIG_REPLAN t=35695000 reason=active_set_shrank flow=31 batch=1 newest_batch=1 cur=7666112375 target=7991999746 ceiling=400000000000 old_side_present=1
CBAP_MIG_REPLAN t=35695000 reason=active_set_shrank flow=33 batch=1 newest_batch=1 cur=7666113289 target=7991999746 ceiling=400000000000 old_side_present=1
CBAP_MIG_REPLAN t=35695000 reason=active_set_shrank flow=34 batch=1 newest_batch=1 cur=7666113048 target=7991999746 ceiling=400000000000 old_side_present=1
CBAP_MIG_REPLAN t=35695000 reason=active_set_shrank flow=35 batch=1 newest_batch=1 cur=7666113464 target=7991999746 ceiling=400000000000 old_side_present=1
CBAP_MIG_REPLAN t=35695000 reason=active_set_shrank flow=36 batch=1 newest_batch=1 cur=7666113464 target=7991999746 ceiling=400000000000 old_side_present=1
CBAP_MIG_REPLAN t=35695000 reason=active_set_shrank flow=38 batch=1 newest_batch=1 cur=7666112375 target=7991999746 ceiling=400000000000 old_side_present=1
CBAP_MIG_REPLAN t=35695000 reason=active_set_shrank flow=41 batch=1 newest_batch=1 cur=7666112603 target=7991999746 ceiling=400000000000 old_side_present=1
CBAP_MIG_REPLAN t=35695000 reason=active_set_shrank flow=42 batch=1 newest_batch=1 cur=7666113415 target=7991999746 ceiling=400000000000 old_side_present=1
CBAP_MIG_REPLAN t=35695000 reason=active_set_shrank flow=43 batch=1 newest_batch=1 cur=7666113464 target=7991999746 ceiling=400000000000 old_side_present=1
CBAP_MIG_REPLAN t=35695000 reason=active_set_shrank flow=44 batch=1 newest_batch=1 cur=7666113559 target=7991999746 ceiling=400000000000 old_side_present=1
CBAP_MIG_REPLAN t=35695000 reason=active_set_shrank flow=45 batch=1 newest_batch=1 cur=7666113105 target=7991999746 ceiling=400000000000 old_side_present=1
CBAP_MIG_REPLAN t=35695000 reason=active_set_shrank flow=46 batch=1 newest_batch=1 cur=7666113282 target=7991999746 ceiling=400000000000 old_side_present=1
CBAP_MIG_REPLAN t=35695000 reason=active_set_shrank flow=47 batch=1 newest_batch=1 cur=7666113704 target=7991999746 ceiling=400000000000 old_side_present=1
CBAP_MIG_REPLAN t=35695000 reason=active_set_shrank flow=48 batch=1 newest_batch=1 cur=7666113440 target=7991999746 ceiling=400000000000 old_side_present=1
CBAP_MIG_REPLAN t=35695000 reason=active_set_shrank flow=49 batch=1 newest_batch=1 cur=7666112353 target=7991999746 ceiling=400000000000 old_side_present=1
CBAP_MIG_REPLAN t=35695000 reason=active_set_shrank flow=51 batch=1 newest_batch=1 cur=7666112324 target=7991999746 ceiling=400000000000 old_side_present=1
CBAP_MIG_REPLAN t=35695000 reason=active_set_shrank flow=52 batch=1 newest_batch=1 cur=7666112324 target=7991999746 ceiling=400000000000 old_side_present=1
CBAP_MIG_REPLAN t=35695000 reason=active_set_shrank flow=53 batch=1 newest_batch=1 cur=7666113052 target=7991999746 ceiling=400000000000 old_side_present=1
CBAP_MIG_REPLAN t=35695000 reason=active_set_shrank flow=54 batch=1 newest_batch=1 cur=7666113183 target=7991999746 ceiling=400000000000 old_side_present=1
CBAP_MIG_REPLAN t=35695000 reason=active_set_shrank flow=55 batch=1 newest_batch=1 cur=7666113431 target=7991999746 ceiling=400000000000 old_side_present=1
CBAP_MIG_REPLAN t=35695000 reason=active_set_shrank flow=56 batch=1 newest_batch=1 cur=7666113704 target=7991999746 ceiling=400000000000 old_side_present=1
CBAP_MIG_REPLAN t=35695000 reason=active_set_shrank flow=57 batch=1 newest_batch=1 cur=7666113265 target=7991999746 ceiling=400000000000 old_side_present=1
CBAP_MIG_REPLAN t=35695000 reason=active_set_shrank flow=59 batch=1 newest_batch=1 cur=7666113028 target=7991999746 ceiling=400000000000 old_side_present=1
CBAP_MIG_REPLAN t=35695000 reason=active_set_shrank flow=61 batch=1 newest_batch=1 cur=7666112011 target=7991999746 ceiling=400000000000 old_side_present=1
CBAP_MIG_REPLAN t=35695000 reason=active_set_shrank flow=62 batch=1 newest_batch=1 cur=7666113464 target=7991999746 ceiling=400000000000 old_side_present=1
CBAP_MIG_REPLAN t=35695000 reason=active_set_shrank flow=63 batch=1 newest_batch=1 cur=7666112375 target=7991999746 ceiling=400000000000 old_side_present=1
CBAP_MIG_REPLAN t=35695000 reason=active_set_shrank flow=64 batch=1 newest_batch=1 cur=7666110881 target=7991999746 ceiling=400000000000 old_side_present=1
CBAP_MIG t=35695000 epoch=7139 flow=0 side=old cur=4000126585 next=4000088609 tgt=4000000000 f=0.3 u=1 breach=0 end=converged
CBAP_MIG t=35695000 epoch=7139 flow=2 side=new cur=7666112375 next=7729660412 tgt=7991999746 f=0.195 u=1 breach=9 end=
CBAP_MIG t=35695000 epoch=7139 flow=4 side=new cur=7666113465 next=7729661289 tgt=7991999746 f=0.195 u=1 breach=9 end=
CBAP_MIG t=35695000 epoch=7139 flow=5 side=new cur=7666112779 next=7729660737 tgt=7991999746 f=0.195 u=1 breach=9 end=
CBAP_MIG t=35695000 epoch=7139 flow=8 side=new cur=7666113048 next=7729660954 tgt=7991999746 f=0.195 u=1 breach=9 end=
CBAP_MIG t=35695000 epoch=7139 flow=9 side=new cur=7666112964 next=7729660886 tgt=7991999746 f=0.195 u=1 breach=9 end=
CBAP_MIG t=35695000 epoch=7139 flow=10 side=new cur=7666113431 next=7729661262 tgt=7991999746 f=0.195 u=1 breach=9 end=
CBAP_MIG t=35695000 epoch=7139 flow=11 side=new cur=7666113704 next=7729661482 tgt=7991999746 f=0.195 u=1 breach=9 end=
CBAP_MIG t=35695000 epoch=7139 flow=12 side=new cur=7666113265 next=7729661128 tgt=7991999746 f=0.195 u=1 breach=9 end=
CBAP_MIG t=35695000 epoch=7139 flow=13 side=new cur=7666113282 next=7729661142 tgt=7991999746 f=0.195 u=1 breach=9 end=
CBAP_MIG t=35695000 epoch=7139 flow=14 side=new cur=7666112324 next=7729660371 tgt=7991999746 f=0.195 u=1 breach=9 end=
CBAP_MIG t=35695000 epoch=7139 flow=15 side=new cur=7666113048 next=7729660954 tgt=7991999746 f=0.195 u=1 breach=9 end=
CBAP_MIG t=35695000 epoch=7139 flow=16 side=new cur=7666113010 next=7729660923 tgt=7991999746 f=0.195 u=1 breach=9 end=
CBAP_MIG t=35695000 epoch=7139 flow=18 side=new cur=7666112836 next=7729660783 tgt=7991999746 f=0.195 u=1 breach=9 end=
CBAP_MIG t=35695000 epoch=7139 flow=19 side=new cur=7666113464 next=7729661288 tgt=7991999746 f=0.195 u=1 breach=9 end=
CBAP_MIG t=35695000 epoch=7139 flow=20 side=new cur=7666112324 next=7729660371 tgt=7991999746 f=0.195 u=1 breach=9 end=
CBAP_MIG t=35695000 epoch=7139 flow=21 side=new cur=7666112375 next=7729660412 tgt=7991999746 f=0.195 u=1 breach=9 end=
CBAP_MIG t=35695000 epoch=7139 flow=22 side=new cur=7666112603 next=7729660595 tgt=7991999746 f=0.195 u=1 breach=9 end=
CBAP_MIG t=35695000 epoch=7139 flow=23 side=new cur=7666113339 next=7729661188 tgt=7991999746 f=0.195 u=1 breach=9 end=
CBAP_MIG t=35695000 epoch=7139 flow=24 side=new cur=7666113456 next=7729661282 tgt=7991999746 f=0.195 u=1 breach=9 end=
CBAP_MIG t=35695000 epoch=7139 flow=25 side=new cur=7666113464 next=7729661288 tgt=7991999746 f=0.195 u=1 breach=9 end=
CBAP_MIG t=35695000 epoch=7139 flow=26 side=new cur=7666113592 next=7729661392 tgt=7991999746 f=0.195 u=1 breach=9 end=
CBAP_MIG t=35695000 epoch=7139 flow=29 side=new cur=7666113549 next=7729661357 tgt=7991999746 f=0.195 u=1 breach=9 end=
CBAP_MIG t=35695000 epoch=7139 flow=30 side=new cur=7666113431 next=7729661262 tgt=7991999746 f=0.195 u=1 breach=9 end=
CBAP_MIG t=35695000 epoch=7139 flow=31 side=new cur=7666112375 next=7729660412 tgt=7991999746 f=0.195 u=1 breach=9 end=
CBAP_MIG t=35695000 epoch=7139 flow=33 side=new cur=7666113289 next=7729661148 tgt=7991999746 f=0.195 u=1 breach=9 end=
CBAP_MIG t=35695000 epoch=7139 flow=34 side=new cur=7666113048 next=7729660954 tgt=7991999746 f=0.195 u=1 breach=9 end=
CBAP_MIG t=35695000 epoch=7139 flow=35 side=new cur=7666113464 next=7729661288 tgt=7991999746 f=0.195 u=1 breach=9 end=
CBAP_MIG t=35695000 epoch=7139 flow=36 side=new cur=7666113464 next=7729661288 tgt=7991999746 f=0.195 u=1 breach=9 end=
CBAP_MIG t=35695000 epoch=7139 flow=38 side=new cur=7666112375 next=7729660412 tgt=7991999746 f=0.195 u=1 breach=9 end=
CBAP_MIG t=35695000 epoch=7139 flow=41 side=new cur=7666112603 next=7729660595 tgt=7991999746 f=0.195 u=1 breach=9 end=
CBAP_MIG t=35695000 epoch=7139 flow=42 side=new cur=7666113415 next=7729661249 tgt=7991999746 f=0.195 u=1 breach=9 end=
CBAP_MIG t=35695000 epoch=7139 flow=43 side=new cur=7666113464 next=7729661288 tgt=7991999746 f=0.195 u=1 breach=9 end=
CBAP_MIG t=35695000 epoch=7139 flow=44 side=new cur=7666113559 next=7729661365 tgt=7991999746 f=0.195 u=1 breach=9 end=
CBAP_MIG t=35695000 epoch=7139 flow=45 side=new cur=7666113105 next=7729660999 tgt=7991999746 f=0.195 u=1 breach=9 end=
CBAP_MIG t=35695000 epoch=7139 flow=46 side=new cur=7666113282 next=7729661142 tgt=7991999746 f=0.195 u=1 breach=9 end=
CBAP_MIG t=35695000 epoch=7139 flow=47 side=new cur=7666113704 next=7729661482 tgt=7991999746 f=0.195 u=1 breach=9 end=
CBAP_MIG t=35695000 epoch=7139 flow=48 side=new cur=7666113440 next=7729661269 tgt=7991999746 f=0.195 u=1 breach=9 end=
CBAP_MIG t=35695000 epoch=7139 flow=49 side=new cur=7666112353 next=7729660394 tgt=7991999746 f=0.195 u=1 breach=9 end=
CBAP_MIG t=35695000 epoch=7139 flow=51 side=new cur=7666112324 next=7729660371 tgt=7991999746 f=0.195 u=1 breach=9 end=
CBAP_MIG t=35695000 epoch=7139 flow=52 side=new cur=7666112324 next=7729660371 tgt=7991999746 f=0.195 u=1 breach=9 end=
CBAP_MIG t=35695000 epoch=7139 flow=53 side=new cur=7666113052 next=7729660957 tgt=7991999746 f=0.195 u=1 breach=9 end=
CBAP_MIG t=35695000 epoch=7139 flow=54 side=new cur=7666113183 next=7729661062 tgt=7991999746 f=0.195 u=1 breach=9 end=
CBAP_MIG t=35695000 epoch=7139 flow=55 side=new cur=7666113431 next=7729661262 tgt=7991999746 f=0.195 u=1 breach=9 end=
CBAP_MIG t=35695000 epoch=7139 flow=56 side=new cur=7666113704 next=7729661482 tgt=7991999746 f=0.195 u=1 breach=9 end=
CBAP_MIG t=35695000 epoch=7139 flow=57 side=new cur=7666113265 next=7729661128 tgt=7991999746 f=0.195 u=1 breach=9 end=
CBAP_MIG t=35695000 epoch=7139 flow=59 side=new cur=7666113028 next=7729660938 tgt=7991999746 f=0.195 u=1 breach=9 end=
CBAP_MIG t=35695000 epoch=7139 flow=61 side=new cur=7666112011 next=7729660119 tgt=7991999746 f=0.195 u=1 breach=9 end=
CBAP_MIG t=35695000 epoch=7139 flow=62 side=new cur=7666113464 next=7729661288 tgt=7991999746 f=0.195 u=1 breach=9 end=
CBAP_MIG t=35695000 epoch=7139 flow=63 side=new cur=7666112375 next=7729660412 tgt=7991999746 f=0.195 u=1 breach=9 end=
CBAP_MIG t=35695000 epoch=7139 flow=64 side=new cur=7666110881 next=7729659209 tgt=7991999746 f=0.195 u=1 breach=9 end=
CBAP_MIG t=35700000 epoch=7140 flow=2 side=new cur=7729660412 next=7780816582 tgt=7991999746 f=0.195 u=1 breach=9 end=
CBAP_MIG t=35700000 epoch=7140 flow=4 side=new cur=7729661289 next=7780817288 tgt=7991999746 f=0.195 u=1 breach=9 end=
CBAP_MIG t=35700000 epoch=7140 flow=5 side=new cur=7729660737 next=7780816843 tgt=7991999746 f=0.195 u=1 breach=9 end=
CBAP_MIG t=35700000 epoch=7140 flow=8 side=new cur=7729660954 next=7780817018 tgt=7991999746 f=0.195 u=1 breach=9 end=
CBAP_MIG t=35700000 epoch=7140 flow=9 side=new cur=7729660886 next=7780816963 tgt=7991999746 f=0.195 u=1 breach=9 end=
CBAP_MIG t=35700000 epoch=7140 flow=10 side=new cur=7729661262 next=7780817266 tgt=7991999746 f=0.195 u=1 breach=9 end=
CBAP_MIG t=35700000 epoch=7140 flow=11 side=new cur=7729661482 next=7780817443 tgt=7991999746 f=0.195 u=1 breach=9 end=
CBAP_MIG t=35700000 epoch=7140 flow=12 side=new cur=7729661128 next=7780817158 tgt=7991999746 f=0.195 u=1 breach=9 end=
CBAP_MIG t=35700000 epoch=7140 flow=13 side=new cur=7729661142 next=7780817169 tgt=7991999746 f=0.195 u=1 breach=9 end=
CBAP_MIG t=35700000 epoch=7140 flow=14 side=new cur=7729660371 next=7780816549 tgt=7991999746 f=0.195 u=1 breach=9 end=
CBAP_MIG t=35700000 epoch=7140 flow=15 side=new cur=7729660954 next=7780817018 tgt=7991999746 f=0.195 u=1 breach=9 end=
CBAP_MIG t=35700000 epoch=7140 flow=16 side=new cur=7729660923 next=7780816993 tgt=7991999746 f=0.195 u=1 breach=9 end=
CBAP_MIG t=35700000 epoch=7140 flow=18 side=new cur=7729660783 next=7780816880 tgt=7991999746 f=0.195 u=1 breach=9 end=
CBAP_MIG t=35700000 epoch=7140 flow=19 side=new cur=7729661288 next=7780817287 tgt=7991999746 f=0.195 u=1 breach=9 end=
CBAP_MIG t=35700000 epoch=7140 flow=20 side=new cur=7729660371 next=7780816549 tgt=7991999746 f=0.195 u=1 breach=9 end=
CBAP_MIG t=35700000 epoch=7140 flow=21 side=new cur=7729660412 next=7780816582 tgt=7991999746 f=0.195 u=1 breach=9 end=
CBAP_MIG t=35700000 epoch=7140 flow=22 side=new cur=7729660595 next=7780816729 tgt=7991999746 f=0.195 u=1 breach=9 end=
CBAP_MIG t=35700000 epoch=7140 flow=23 side=new cur=7729661188 next=7780817206 tgt=7991999746 f=0.195 u=1 breach=9 end=
CBAP_MIG t=35700000 epoch=7140 flow=24 side=new cur=7729661282 next=7780817282 tgt=7991999746 f=0.195 u=1 breach=9 end=
CBAP_MIG t=35700000 epoch=7140 flow=25 side=new cur=7729661288 next=7780817287 tgt=7991999746 f=0.195 u=1 breach=9 end=
CBAP_MIG t=35700000 epoch=7140 flow=26 side=new cur=7729661392 next=7780817371 tgt=7991999746 f=0.195 u=1 breach=9 end=
CBAP_MIG t=35700000 epoch=7140 flow=29 side=new cur=7729661357 next=7780817342 tgt=7991999746 f=0.195 u=1 breach=9 end=
CBAP_MIG t=35700000 epoch=7140 flow=30 side=new cur=7729661262 next=7780817266 tgt=7991999746 f=0.195 u=1 breach=9 end=
CBAP_MIG t=35700000 epoch=7140 flow=31 side=new cur=7729660412 next=7780816582 tgt=7991999746 f=0.195 u=1 breach=9 end=
CBAP_MIG t=35700000 epoch=7140 flow=33 side=new cur=7729661148 next=7780817174 tgt=7991999746 f=0.195 u=1 breach=9 end=
CBAP_MIG t=35700000 epoch=7140 flow=34 side=new cur=7729660954 next=7780817018 tgt=7991999746 f=0.195 u=1 breach=9 end=
CBAP_MIG t=35700000 epoch=7140 flow=35 side=new cur=7729661288 next=7780817287 tgt=7991999746 f=0.195 u=1 breach=9 end=
CBAP_MIG t=35700000 epoch=7140 flow=36 side=new cur=7729661288 next=7780817287 tgt=7991999746 f=0.195 u=1 breach=9 end=
CBAP_MIG t=35700000 epoch=7140 flow=38 side=new cur=7729660412 next=7780816582 tgt=7991999746 f=0.195 u=1 breach=9 end=
CBAP_MIG t=35700000 epoch=7140 flow=41 side=new cur=7729660595 next=7780816729 tgt=7991999746 f=0.195 u=1 breach=9 end=
CBAP_MIG t=35700000 epoch=7140 flow=42 side=new cur=7729661249 next=7780817255 tgt=7991999746 f=0.195 u=1 breach=9 end=
CBAP_MIG t=35700000 epoch=7140 flow=43 side=new cur=7729661288 next=7780817287 tgt=7991999746 f=0.195 u=1 breach=9 end=
CBAP_MIG t=35700000 epoch=7140 flow=44 side=new cur=7729661365 next=7780817349 tgt=7991999746 f=0.195 u=1 breach=9 end=
CBAP_MIG t=35700000 epoch=7140 flow=45 side=new cur=7729660999 next=7780817054 tgt=7991999746 f=0.195 u=1 breach=9 end=
CBAP_MIG t=35700000 epoch=7140 flow=46 side=new cur=7729661142 next=7780817169 tgt=7991999746 f=0.195 u=1 breach=9 end=
CBAP_MIG t=35700000 epoch=7140 flow=47 side=new cur=7729661482 next=7780817443 tgt=7991999746 f=0.195 u=1 breach=9 end=
CBAP_MIG t=35700000 epoch=7140 flow=48 side=new cur=7729661269 next=7780817272 tgt=7991999746 f=0.195 u=1 breach=9 end=
CBAP_MIG t=35700000 epoch=7140 flow=49 side=new cur=7729660394 next=7780816567 tgt=7991999746 f=0.195 u=1 breach=9 end=
CBAP_MIG t=35700000 epoch=7140 flow=51 side=new cur=7729660371 next=7780816549 tgt=7991999746 f=0.195 u=1 breach=9 end=
CBAP_MIG t=35700000 epoch=7140 flow=52 side=new cur=7729660371 next=7780816549 tgt=7991999746 f=0.195 u=1 breach=9 end=
CBAP_MIG t=35700000 epoch=7140 flow=53 side=new cur=7729660957 next=7780817020 tgt=7991999746 f=0.195 u=1 breach=9 end=
CBAP_MIG t=35700000 epoch=7140 flow=54 side=new cur=7729661062 next=7780817105 tgt=7991999746 f=0.195 u=1 breach=9 end=
CBAP_MIG t=35700000 epoch=7140 flow=55 side=new cur=7729661262 next=7780817266 tgt=7991999746 f=0.195 u=1 breach=9 end=
CBAP_MIG t=35700000 epoch=7140 flow=56 side=new cur=7729661482 next=7780817443 tgt=7991999746 f=0.195 u=1 breach=9 end=
CBAP_MIG t=35700000 epoch=7140 flow=57 side=new cur=7729661128 next=7780817158 tgt=7991999746 f=0.195 u=1 breach=9 end=
CBAP_MIG t=35700000 epoch=7140 flow=59 side=new cur=7729660938 next=7780817005 tgt=7991999746 f=0.195 u=1 breach=9 end=
CBAP_MIG t=35700000 epoch=7140 flow=61 side=new cur=7729660119 next=7780816346 tgt=7991999746 f=0.195 u=1 breach=9 end=
CBAP_MIG t=35700000 epoch=7140 flow=62 side=new cur=7729661288 next=7780817287 tgt=7991999746 f=0.195 u=1 breach=9 end=
CBAP_MIG t=35700000 epoch=7140 flow=63 side=new cur=7729660412 next=7780816582 tgt=7991999746 f=0.195 u=1 breach=9 end=
CBAP_MIG t=35700000 epoch=7140 flow=64 side=new cur=7729659209 next=7780815613 tgt=7991999746 f=0.195 u=1 breach=9 end=
CBAP_MIG t=35705000 epoch=7141 flow=2 side=new cur=7780816582 next=7821997298 tgt=7991999746 f=0.195 u=1 breach=9 end=
CBAP_MIG t=35705000 epoch=7141 flow=4 side=new cur=7780817288 next=7821997867 tgt=7991999746 f=0.195 u=1 breach=9 end=
CBAP_MIG t=35705000 epoch=7141 flow=5 side=new cur=7780816843 next=7821997509 tgt=7991999746 f=0.195 u=1 breach=9 end=
CBAP_MIG t=35705000 epoch=7141 flow=8 side=new cur=7780817018 next=7821997649 tgt=7991999746 f=0.195 u=1 breach=9 end=
CBAP_MIG t=35705000 epoch=7141 flow=9 side=new cur=7780816963 next=7821997605 tgt=7991999746 f=0.195 u=1 breach=9 end=
CBAP_MIG t=35705000 epoch=7141 flow=10 side=new cur=7780817266 next=7821997849 tgt=7991999746 f=0.195 u=1 breach=9 end=
CBAP_MIG t=35705000 epoch=7141 flow=11 side=new cur=7780817443 next=7821997992 tgt=7991999746 f=0.195 u=1 breach=9 end=
CBAP_MIG t=35705000 epoch=7141 flow=12 side=new cur=7780817158 next=7821997762 tgt=7991999746 f=0.195 u=1 breach=9 end=
CBAP_MIG t=35705000 epoch=7141 flow=13 side=new cur=7780817169 next=7821997771 tgt=7991999746 f=0.195 u=1 breach=9 end=
CBAP_MIG t=35705000 epoch=7141 flow=14 side=new cur=7780816549 next=7821997272 tgt=7991999746 f=0.195 u=1 breach=9 end=
CBAP_MIG t=35705000 epoch=7141 flow=15 side=new cur=7780817018 next=7821997649 tgt=7991999746 f=0.195 u=1 breach=9 end=
CBAP_MIG t=35705000 epoch=7141 flow=16 side=new cur=7780816993 next=7821997629 tgt=7991999746 f=0.195 u=1 breach=9 end=
CBAP_MIG t=35705000 epoch=7141 flow=18 side=new cur=7780816880 next=7821997538 tgt=7991999746 f=0.195 u=1 breach=9 end=
CBAP_MIG t=35705000 epoch=7141 flow=19 side=new cur=7780817287 next=7821997866 tgt=7991999746 f=0.195 u=1 breach=9 end=
CBAP_MIG t=35705000 epoch=7141 flow=20 side=new cur=7780816549 next=7821997272 tgt=7991999746 f=0.195 u=1 breach=9 end=
CBAP_MIG t=35705000 epoch=7141 flow=21 side=new cur=7780816582 next=7821997298 tgt=7991999746 f=0.195 u=1 breach=9 end=
CBAP_MIG t=35705000 epoch=7141 flow=22 side=new cur=7780816729 next=7821997417 tgt=7991999746 f=0.195 u=1 breach=9 end=
CBAP_MIG t=35705000 epoch=7141 flow=23 side=new cur=7780817206 next=7821997801 tgt=7991999746 f=0.195 u=1 breach=9 end=
CBAP_MIG t=35705000 epoch=7141 flow=24 side=new cur=7780817282 next=7821997862 tgt=7991999746 f=0.195 u=1 breach=9 end=
CBAP_MIG t=35705000 epoch=7141 flow=25 side=new cur=7780817287 next=7821997866 tgt=7991999746 f=0.195 u=1 breach=9 end=
CBAP_MIG t=35705000 epoch=7141 flow=26 side=new cur=7780817371 next=7821997934 tgt=7991999746 f=0.195 u=1 breach=9 end=
CBAP_MIG t=35705000 epoch=7141 flow=29 side=new cur=7780817342 next=7821997910 tgt=7991999746 f=0.195 u=1 breach=9 end=
CBAP_MIG t=35705000 epoch=7141 flow=30 side=new cur=7780817266 next=7821997849 tgt=7991999746 f=0.195 u=1 breach=9 end=
CBAP_MIG t=35705000 epoch=7141 flow=31 side=new cur=7780816582 next=7821997298 tgt=7991999746 f=0.195 u=1 breach=9 end=
CBAP_MIG t=35705000 epoch=7141 flow=33 side=new cur=7780817174 next=7821997775 tgt=7991999746 f=0.195 u=1 breach=9 end=
CBAP_MIG t=35705000 epoch=7141 flow=34 side=new cur=7780817018 next=7821997649 tgt=7991999746 f=0.195 u=1 breach=9 end=
CBAP_MIG t=35705000 epoch=7141 flow=35 side=new cur=7780817287 next=7821997866 tgt=7991999746 f=0.195 u=1 breach=9 end=
CBAP_MIG t=35705000 epoch=7141 flow=36 side=new cur=7780817287 next=7821997866 tgt=7991999746 f=0.195 u=1 breach=9 end=
CBAP_MIG t=35705000 epoch=7141 flow=38 side=new cur=7780816582 next=7821997298 tgt=7991999746 f=0.195 u=1 breach=9 end=
CBAP_MIG t=35705000 epoch=7141 flow=41 side=new cur=7780816729 next=7821997417 tgt=7991999746 f=0.195 u=1 breach=9 end=
CBAP_MIG t=35705000 epoch=7141 flow=42 side=new cur=7780817255 next=7821997840 tgt=7991999746 f=0.195 u=1 breach=9 end=
CBAP_MIG t=35705000 epoch=7141 flow=43 side=new cur=7780817287 next=7821997866 tgt=7991999746 f=0.195 u=1 breach=9 end=
CBAP_MIG t=35705000 epoch=7141 flow=44 side=new cur=7780817349 next=7821997916 tgt=7991999746 f=0.195 u=1 breach=9 end=
CBAP_MIG t=35705000 epoch=7141 flow=45 side=new cur=7780817054 next=7821997678 tgt=7991999746 f=0.195 u=1 breach=9 end=
CBAP_MIG t=35705000 epoch=7141 flow=46 side=new cur=7780817169 next=7821997771 tgt=7991999746 f=0.195 u=1 breach=9 end=
CBAP_MIG t=35705000 epoch=7141 flow=47 side=new cur=7780817443 next=7821997992 tgt=7991999746 f=0.195 u=1 breach=9 end=
CBAP_MIG t=35705000 epoch=7141 flow=48 side=new cur=7780817272 next=7821997854 tgt=7991999746 f=0.195 u=1 breach=9 end=
CBAP_MIG t=35705000 epoch=7141 flow=49 side=new cur=7780816567 next=7821997286 tgt=7991999746 f=0.195 u=1 breach=9 end=
CBAP_MIG t=35705000 epoch=7141 flow=51 side=new cur=7780816549 next=7821997272 tgt=7991999746 f=0.195 u=1 breach=9 end=
CBAP_MIG t=35705000 epoch=7141 flow=52 side=new cur=7780816549 next=7821997272 tgt=7991999746 f=0.195 u=1 breach=9 end=
CBAP_MIG t=35705000 epoch=7141 flow=53 side=new cur=7780817020 next=7821997651 tgt=7991999746 f=0.195 u=1 breach=9 end=
CBAP_MIG t=35705000 epoch=7141 flow=54 side=new cur=7780817105 next=7821997719 tgt=7991999746 f=0.195 u=1 breach=9 end=
CBAP_MIG t=35705000 epoch=7141 flow=55 side=new cur=7780817266 next=7821997849 tgt=7991999746 f=0.195 u=1 breach=9 end=
CBAP_MIG t=35705000 epoch=7141 flow=56 side=new cur=7780817443 next=7821997992 tgt=7991999746 f=0.195 u=1 breach=9 end=
CBAP_MIG t=35705000 epoch=7141 flow=57 side=new cur=7780817158 next=7821997762 tgt=7991999746 f=0.195 u=1 breach=9 end=
CBAP_MIG t=35705000 epoch=7141 flow=59 side=new cur=7780817005 next=7821997639 tgt=7991999746 f=0.195 u=1 breach=9 end=
CBAP_MIG t=35705000 epoch=7141 flow=61 side=new cur=7780816346 next=7821997109 tgt=7991999746 f=0.195 u=1 breach=9 end=
CBAP_MIG t=35705000 epoch=7141 flow=62 side=new cur=7780817287 next=7821997866 tgt=7991999746 f=0.195 u=1 breach=9 end=
CBAP_MIG t=35705000 epoch=7141 flow=63 side=new cur=7780816582 next=7821997298 tgt=7991999746 f=0.195 u=1 breach=9 end=
CBAP_MIG t=35705000 epoch=7141 flow=64 side=new cur=7780815613 next=7821996518 tgt=7991999746 f=0.195 u=1 breach=9 end=
CBAP_MIG t=35710000 epoch=7142 flow=2 side=new cur=7821997298 next=7855147775 tgt=7991999746 f=0.195 u=1 breach=9 end=
CBAP_MIG t=35710000 epoch=7142 flow=4 side=new cur=7821997867 next=7855148233 tgt=7991999746 f=0.195 u=1 breach=9 end=
CBAP_MIG t=35710000 epoch=7142 flow=5 side=new cur=7821997509 next=7855147945 tgt=7991999746 f=0.195 u=1 breach=9 end=
CBAP_MIG t=35710000 epoch=7142 flow=8 side=new cur=7821997649 next=7855148057 tgt=7991999746 f=0.195 u=1 breach=9 end=
CBAP_MIG t=35710000 epoch=7142 flow=9 side=new cur=7821997605 next=7855148022 tgt=7991999746 f=0.195 u=1 breach=9 end=
CBAP_MIG t=35710000 epoch=7142 flow=10 side=new cur=7821997849 next=7855148218 tgt=7991999746 f=0.195 u=1 breach=9 end=
CBAP_MIG t=35710000 epoch=7142 flow=11 side=new cur=7821997992 next=7855148334 tgt=7991999746 f=0.195 u=1 breach=9 end=
CBAP_MIG t=35710000 epoch=7142 flow=12 side=new cur=7821997762 next=7855148148 tgt=7991999746 f=0.195 u=1 breach=9 end=
CBAP_MIG t=35710000 epoch=7142 flow=13 side=new cur=7821997771 next=7855148156 tgt=7991999746 f=0.195 u=1 breach=9 end=
CBAP_MIG t=35710000 epoch=7142 flow=14 side=new cur=7821997272 next=7855147754 tgt=7991999746 f=0.195 u=1 breach=9 end=
CBAP_MIG t=35710000 epoch=7142 flow=15 side=new cur=7821997649 next=7855148057 tgt=7991999746 f=0.195 u=1 breach=9 end=
CBAP_MIG t=35710000 epoch=7142 flow=16 side=new cur=7821997629 next=7855148041 tgt=7991999746 f=0.195 u=1 breach=9 end=
CBAP_MIG t=35710000 epoch=7142 flow=18 side=new cur=7821997538 next=7855147968 tgt=7991999746 f=0.195 u=1 breach=9 end=
CBAP_MIG t=35710000 epoch=7142 flow=19 side=new cur=7821997866 next=7855148232 tgt=7991999746 f=0.195 u=1 breach=9 end=
CBAP_MIG t=35710000 epoch=7142 flow=20 side=new cur=7821997272 next=7855147754 tgt=7991999746 f=0.195 u=1 breach=9 end=
CBAP_MIG t=35710000 epoch=7142 flow=21 side=new cur=7821997298 next=7855147775 tgt=7991999746 f=0.195 u=1 breach=9 end=
CBAP_MIG t=35710000 epoch=7142 flow=22 side=new cur=7821997417 next=7855147871 tgt=7991999746 f=0.195 u=1 breach=9 end=
CBAP_MIG t=35710000 epoch=7142 flow=23 side=new cur=7821997801 next=7855148180 tgt=7991999746 f=0.195 u=1 breach=9 end=
CBAP_MIG t=35710000 epoch=7142 flow=24 side=new cur=7821997862 next=7855148229 tgt=7991999746 f=0.195 u=1 breach=9 end=
CBAP_MIG t=35710000 epoch=7142 flow=25 side=new cur=7821997866 next=7855148232 tgt=7991999746 f=0.195 u=1 breach=9 end=
CBAP_MIG t=35710000 epoch=7142 flow=26 side=new cur=7821997934 next=7855148287 tgt=7991999746 f=0.195 u=1 breach=9 end=
CBAP_MIG t=35710000 epoch=7142 flow=29 side=new cur=7821997910 next=7855148268 tgt=7991999746 f=0.195 u=1 breach=9 end=
CBAP_MIG t=35710000 epoch=7142 flow=30 side=new cur=7821997849 next=7855148218 tgt=7991999746 f=0.195 u=1 breach=9 end=
CBAP_MIG t=35710000 epoch=7142 flow=31 side=new cur=7821997298 next=7855147775 tgt=7991999746 f=0.195 u=1 breach=9 end=
CBAP_MIG t=35710000 epoch=7142 flow=33 side=new cur=7821997775 next=7855148159 tgt=7991999746 f=0.195 u=1 breach=9 end=
CBAP_MIG t=35710000 epoch=7142 flow=34 side=new cur=7821997649 next=7855148057 tgt=7991999746 f=0.195 u=1 breach=9 end=
CBAP_MIG t=35710000 epoch=7142 flow=35 side=new cur=7821997866 next=7855148232 tgt=7991999746 f=0.195 u=1 breach=9 end=
CBAP_MIG t=35710000 epoch=7142 flow=36 side=new cur=7821997866 next=7855148232 tgt=7991999746 f=0.195 u=1 breach=9 end=
CBAP_MIG t=35710000 epoch=7142 flow=38 side=new cur=7821997298 next=7855147775 tgt=7991999746 f=0.195 u=1 breach=9 end=
CBAP_MIG t=35710000 epoch=7142 flow=41 side=new cur=7821997417 next=7855147871 tgt=7991999746 f=0.195 u=1 breach=9 end=
CBAP_MIG t=35710000 epoch=7142 flow=42 side=new cur=7821997840 next=7855148211 tgt=7991999746 f=0.195 u=1 breach=9 end=
CBAP_MIG t=35710000 epoch=7142 flow=43 side=new cur=7821997866 next=7855148232 tgt=7991999746 f=0.195 u=1 breach=9 end=
CBAP_MIG t=35710000 epoch=7142 flow=44 side=new cur=7821997916 next=7855148272 tgt=7991999746 f=0.195 u=1 breach=9 end=
CBAP_MIG t=35710000 epoch=7142 flow=45 side=new cur=7821997678 next=7855148081 tgt=7991999746 f=0.195 u=1 breach=9 end=
CBAP_MIG t=35710000 epoch=7142 flow=46 side=new cur=7821997771 next=7855148156 tgt=7991999746 f=0.195 u=1 breach=9 end=
CBAP_MIG t=35710000 epoch=7142 flow=47 side=new cur=7821997992 next=7855148334 tgt=7991999746 f=0.195 u=1 breach=9 end=
CBAP_MIG t=35710000 epoch=7142 flow=48 side=new cur=7821997854 next=7855148222 tgt=7991999746 f=0.195 u=1 breach=9 end=
CBAP_MIG t=35710000 epoch=7142 flow=49 side=new cur=7821997286 next=7855147765 tgt=7991999746 f=0.195 u=1 breach=9 end=
CBAP_MIG t=35710000 epoch=7142 flow=51 side=new cur=7821997272 next=7855147754 tgt=7991999746 f=0.195 u=1 breach=9 end=
CBAP_MIG t=35710000 epoch=7142 flow=52 side=new cur=7821997272 next=7855147754 tgt=7991999746 f=0.195 u=1 breach=9 end=
CBAP_MIG t=35710000 epoch=7142 flow=53 side=new cur=7821997651 next=7855148059 tgt=7991999746 f=0.195 u=1 breach=9 end=
CBAP_MIG t=35710000 epoch=7142 flow=54 side=new cur=7821997719 next=7855148114 tgt=7991999746 f=0.195 u=1 breach=9 end=
CBAP_MIG t=35710000 epoch=7142 flow=55 side=new cur=7821997849 next=7855148218 tgt=7991999746 f=0.195 u=1 breach=9 end=
CBAP_MIG t=35710000 epoch=7142 flow=56 side=new cur=7821997992 next=7855148334 tgt=7991999746 f=0.195 u=1 breach=9 end=
CBAP_MIG t=35710000 epoch=7142 flow=57 side=new cur=7821997762 next=7855148148 tgt=7991999746 f=0.195 u=1 breach=9 end=
CBAP_MIG t=35710000 epoch=7142 flow=59 side=new cur=7821997639 next=7855148049 tgt=7991999746 f=0.195 u=1 breach=9 end=
CBAP_MIG t=35710000 epoch=7142 flow=61 side=new cur=7821997109 next=7855147623 tgt=7991999746 f=0.195 u=1 breach=9 end=
CBAP_MIG t=35710000 epoch=7142 flow=62 side=new cur=7821997866 next=7855148232 tgt=7991999746 f=0.195 u=1 breach=9 end=
CBAP_MIG t=35710000 epoch=7142 flow=63 side=new cur=7821997298 next=7855147775 tgt=7991999746 f=0.195 u=1 breach=9 end=
CBAP_MIG t=35710000 epoch=7142 flow=64 side=new cur=7821996518 next=7855147147 tgt=7991999746 f=0.195 u=1 breach=9 end=
CBAP_MIG t=35715000 epoch=7143 flow=2 side=new cur=7855147775 next=7881833909 tgt=7991999746 f=0.195 u=1 breach=9 end=
CBAP_MIG t=35715000 epoch=7143 flow=4 side=new cur=7855148233 next=7881834278 tgt=7991999746 f=0.195 u=1 breach=9 end=
CBAP_MIG t=35715000 epoch=7143 flow=5 side=new cur=7855147945 next=7881834046 tgt=7991999746 f=0.195 u=1 breach=9 end=
CBAP_MIG t=35715000 epoch=7143 flow=8 side=new cur=7855148057 next=7881834136 tgt=7991999746 f=0.195 u=1 breach=9 end=
CBAP_MIG t=35715000 epoch=7143 flow=9 side=new cur=7855148022 next=7881834108 tgt=7991999746 f=0.195 u=1 breach=9 end=
CBAP_MIG t=35715000 epoch=7143 flow=10 side=new cur=7855148218 next=7881834265 tgt=7991999746 f=0.195 u=1 breach=9 end=
CBAP_MIG t=35715000 epoch=7143 flow=11 side=new cur=7855148334 next=7881834359 tgt=7991999746 f=0.195 u=1 breach=9 end=
CBAP_MIG t=35715000 epoch=7143 flow=12 side=new cur=7855148148 next=7881834209 tgt=7991999746 f=0.195 u=1 breach=9 end=
CBAP_MIG t=35715000 epoch=7143 flow=13 side=new cur=7855148156 next=7881834216 tgt=7991999746 f=0.195 u=1 breach=9 end=
CBAP_MIG t=35715000 epoch=7143 flow=14 side=new cur=7855147754 next=7881833892 tgt=7991999746 f=0.195 u=1 breach=9 end=
CBAP_MIG t=35715000 epoch=7143 flow=15 side=new cur=7855148057 next=7881834136 tgt=7991999746 f=0.195 u=1 breach=9 end=
CBAP_MIG t=35715000 epoch=7143 flow=16 side=new cur=7855148041 next=7881834123 tgt=7991999746 f=0.195 u=1 breach=9 end=
CBAP_MIG t=35715000 epoch=7143 flow=18 side=new cur=7855147968 next=7881834064 tgt=7991999746 f=0.195 u=1 breach=9 end=
CBAP_MIG t=35715000 epoch=7143 flow=19 side=new cur=7855148232 next=7881834277 tgt=7991999746 f=0.195 u=1 breach=9 end=
CBAP_MIG t=35715000 epoch=7143 flow=20 side=new cur=7855147754 next=7881833892 tgt=7991999746 f=0.195 u=1 breach=9 end=
CBAP_MIG t=35715000 epoch=7143 flow=21 side=new cur=7855147775 next=7881833909 tgt=7991999746 f=0.195 u=1 breach=9 end=
CBAP_MIG t=35715000 epoch=7143 flow=22 side=new cur=7855147871 next=7881833986 tgt=7991999746 f=0.195 u=1 breach=9 end=
CBAP_MIG t=35715000 epoch=7143 flow=23 side=new cur=7855148180 next=7881834235 tgt=7991999746 f=0.195 u=1 breach=9 end=
CBAP_MIG t=35715000 epoch=7143 flow=24 side=new cur=7855148229 next=7881834274 tgt=7991999746 f=0.195 u=1 breach=9 end=
CBAP_MIG t=35715000 epoch=7143 flow=25 side=new cur=7855148232 next=7881834277 tgt=7991999746 f=0.195 u=1 breach=9 end=
CBAP_MIG t=35715000 epoch=7143 flow=26 side=new cur=7855148287 next=7881834321 tgt=7991999746 f=0.195 u=1 breach=9 end=
CBAP_MIG t=35715000 epoch=7143 flow=29 side=new cur=7855148268 next=7881834306 tgt=7991999746 f=0.195 u=1 breach=9 end=
CBAP_MIG t=35715000 epoch=7143 flow=30 side=new cur=7855148218 next=7881834265 tgt=7991999746 f=0.195 u=1 breach=9 end=
CBAP_MIG t=35715000 epoch=7143 flow=31 side=new cur=7855147775 next=7881833909 tgt=7991999746 f=0.195 u=1 breach=9 end=
CBAP_MIG t=35715000 epoch=7143 flow=33 side=new cur=7855148159 next=7881834218 tgt=7991999746 f=0.195 u=1 breach=9 end=
CBAP_MIG t=35715000 epoch=7143 flow=34 side=new cur=7855148057 next=7881834136 tgt=7991999746 f=0.195 u=1 breach=9 end=
CBAP_MIG t=35715000 epoch=7143 flow=35 side=new cur=7855148232 next=7881834277 tgt=7991999746 f=0.195 u=1 breach=9 end=
CBAP_MIG t=35715000 epoch=7143 flow=36 side=new cur=7855148232 next=7881834277 tgt=7991999746 f=0.195 u=1 breach=9 end=
CBAP_MIG t=35715000 epoch=7143 flow=38 side=new cur=7855147775 next=7881833909 tgt=7991999746 f=0.195 u=1 breach=9 end=
CBAP_MIG t=35715000 epoch=7143 flow=41 side=new cur=7855147871 next=7881833986 tgt=7991999746 f=0.195 u=1 breach=9 end=
CBAP_MIG t=35715000 epoch=7143 flow=42 side=new cur=7855148211 next=7881834260 tgt=7991999746 f=0.195 u=1 breach=9 end=
CBAP_MIG t=35715000 epoch=7143 flow=43 side=new cur=7855148232 next=7881834277 tgt=7991999746 f=0.195 u=1 breach=9 end=
CBAP_MIG t=35715000 epoch=7143 flow=44 side=new cur=7855148272 next=7881834309 tgt=7991999746 f=0.195 u=1 breach=9 end=
CBAP_MIG t=35715000 epoch=7143 flow=45 side=new cur=7855148081 next=7881834155 tgt=7991999746 f=0.195 u=1 breach=9 end=
CBAP_MIG t=35715000 epoch=7143 flow=46 side=new cur=7855148156 next=7881834216 tgt=7991999746 f=0.195 u=1 breach=9 end=
CBAP_MIG t=35715000 epoch=7143 flow=47 side=new cur=7855148334 next=7881834359 tgt=7991999746 f=0.195 u=1 breach=9 end=
CBAP_MIG t=35715000 epoch=7143 flow=48 side=new cur=7855148222 next=7881834269 tgt=7991999746 f=0.195 u=1 breach=9 end=
CBAP_MIG t=35715000 epoch=7143 flow=49 side=new cur=7855147765 next=7881833901 tgt=7991999746 f=0.195 u=1 breach=9 end=
CBAP_MIG t=35715000 epoch=7143 flow=51 side=new cur=7855147754 next=7881833892 tgt=7991999746 f=0.195 u=1 breach=9 end=
CBAP_MIG t=35715000 epoch=7143 flow=52 side=new cur=7855147754 next=7881833892 tgt=7991999746 f=0.195 u=1 breach=9 end=
CBAP_MIG t=35715000 epoch=7143 flow=53 side=new cur=7855148059 next=7881834137 tgt=7991999746 f=0.195 u=1 breach=9 end=
CBAP_MIG t=35715000 epoch=7143 flow=54 side=new cur=7855148114 next=7881834182 tgt=7991999746 f=0.195 u=1 breach=9 end=
CBAP_MIG t=35715000 epoch=7143 flow=55 side=new cur=7855148218 next=7881834265 tgt=7991999746 f=0.195 u=1 breach=9 end=
CBAP_MIG t=35715000 epoch=7143 flow=56 side=new cur=7855148334 next=7881834359 tgt=7991999746 f=0.195 u=1 breach=9 end=
CBAP_MIG t=35715000 epoch=7143 flow=57 side=new cur=7855148148 next=7881834209 tgt=7991999746 f=0.195 u=1 breach=9 end=
CBAP_MIG t=35715000 epoch=7143 flow=59 side=new cur=7855148049 next=7881834129 tgt=7991999746 f=0.195 u=1 breach=9 end=
CBAP_MIG t=35715000 epoch=7143 flow=61 side=new cur=7855147623 next=7881833786 tgt=7991999746 f=0.195 u=1 breach=9 end=
CBAP_MIG t=35715000 epoch=7143 flow=62 side=new cur=7855148232 next=7881834277 tgt=7991999746 f=0.195 u=1 breach=9 end=
CBAP_MIG t=35715000 epoch=7143 flow=63 side=new cur=7855147775 next=7881833909 tgt=7991999746 f=0.195 u=1 breach=9 end=
CBAP_MIG t=35715000 epoch=7143 flow=64 side=new cur=7855147147 next=7881833403 tgt=7991999746 f=0.195 u=1 breach=9 end=
CBAP_MIG t=35720000 epoch=7144 flow=2 side=new cur=7881833909 next=7903316247 tgt=7991999746 f=0.195 u=1 breach=9 end=
CBAP_MIG t=35720000 epoch=7144 flow=4 side=new cur=7881834278 next=7903316544 tgt=7991999746 f=0.195 u=1 breach=9 end=
CBAP_MIG t=35720000 epoch=7144 flow=5 side=new cur=7881834046 next=7903316357 tgt=7991999746 f=0.195 u=1 breach=9 end=
CBAP_MIG t=35720000 epoch=7144 flow=8 side=new cur=7881834136 next=7903316429 tgt=7991999746 f=0.195 u=1 breach=9 end=
CBAP_MIG t=35720000 epoch=7144 flow=9 side=new cur=7881834108 next=7903316407 tgt=7991999746 f=0.195 u=1 breach=9 end=
CBAP_MIG t=35720000 epoch=7144 flow=10 side=new cur=7881834265 next=7903316533 tgt=7991999746 f=0.195 u=1 breach=9 end=
CBAP_MIG t=35720000 epoch=7144 flow=11 side=new cur=7881834359 next=7903316609 tgt=7991999746 f=0.195 u=1 breach=9 end=
CBAP_MIG t=35720000 epoch=7144 flow=12 side=new cur=7881834209 next=7903316488 tgt=7991999746 f=0.195 u=1 breach=9 end=
CBAP_MIG t=35720000 epoch=7144 flow=13 side=new cur=7881834216 next=7903316494 tgt=7991999746 f=0.195 u=1 breach=9 end=
CBAP_MIG t=35720000 epoch=7144 flow=14 side=new cur=7881833892 next=7903316233 tgt=7991999746 f=0.195 u=1 breach=9 end=
CBAP_MIG t=35720000 epoch=7144 flow=15 side=new cur=7881834136 next=7903316429 tgt=7991999746 f=0.195 u=1 breach=9 end=
CBAP_MIG t=35720000 epoch=7144 flow=16 side=new cur=7881834123 next=7903316419 tgt=7991999746 f=0.195 u=1 breach=9 end=
CBAP_MIG t=35720000 epoch=7144 flow=18 side=new cur=7881834064 next=7903316371 tgt=7991999746 f=0.195 u=1 breach=9 end=
CBAP_MIG t=35720000 epoch=7144 flow=19 side=new cur=7881834277 next=7903316543 tgt=7991999746 f=0.195 u=1 breach=9 end=
CBAP_MIG t=35720000 epoch=7144 flow=20 side=new cur=7881833892 next=7903316233 tgt=7991999746 f=0.195 u=1 breach=9 end=
CBAP_MIG t=35720000 epoch=7144 flow=21 side=new cur=7881833909 next=7903316247 tgt=7991999746 f=0.195 u=1 breach=9 end=
CBAP_MIG t=35720000 epoch=7144 flow=22 side=new cur=7881833986 next=7903316309 tgt=7991999746 f=0.195 u=1 breach=9 end=
CBAP_MIG t=35720000 epoch=7144 flow=23 side=new cur=7881834235 next=7903316509 tgt=7991999746 f=0.195 u=1 breach=9 end=
CBAP_MIG t=35720000 epoch=7144 flow=24 side=new cur=7881834274 next=7903316541 tgt=7991999746 f=0.195 u=1 breach=9 end=
CBAP_MIG t=35720000 epoch=7144 flow=25 side=new cur=7881834277 next=7903316543 tgt=7991999746 f=0.195 u=1 breach=9 end=
CBAP_MIG t=35720000 epoch=7144 flow=26 side=new cur=7881834321 next=7903316578 tgt=7991999746 f=0.195 u=1 breach=9 end=
CBAP_MIG t=35720000 epoch=7144 flow=29 side=new cur=7881834306 next=7903316566 tgt=7991999746 f=0.195 u=1 breach=9 end=
CBAP_MIG t=35720000 epoch=7144 flow=30 side=new cur=7881834265 next=7903316533 tgt=7991999746 f=0.195 u=1 breach=9 end=
CBAP_MIG t=35720000 epoch=7144 flow=31 side=new cur=7881833909 next=7903316247 tgt=7991999746 f=0.195 u=1 breach=9 end=
CBAP_MIG t=35720000 epoch=7144 flow=33 side=new cur=7881834218 next=7903316495 tgt=7991999746 f=0.195 u=1 breach=9 end=
CBAP_MIG t=35720000 epoch=7144 flow=34 side=new cur=7881834136 next=7903316429 tgt=7991999746 f=0.195 u=1 breach=9 end=
CBAP_MIG t=35720000 epoch=7144 flow=35 side=new cur=7881834277 next=7903316543 tgt=7991999746 f=0.195 u=1 breach=9 end=
CBAP_MIG t=35720000 epoch=7144 flow=36 side=new cur=7881834277 next=7903316543 tgt=7991999746 f=0.195 u=1 breach=9 end=
CBAP_MIG t=35720000 epoch=7144 flow=38 side=new cur=7881833909 next=7903316247 tgt=7991999746 f=0.195 u=1 breach=9 end=
CBAP_MIG t=35720000 epoch=7144 flow=41 side=new cur=7881833986 next=7903316309 tgt=7991999746 f=0.195 u=1 breach=9 end=
CBAP_MIG t=35720000 epoch=7144 flow=42 side=new cur=7881834260 next=7903316529 tgt=7991999746 f=0.195 u=1 breach=9 end=
CBAP_MIG t=35720000 epoch=7144 flow=43 side=new cur=7881834277 next=7903316543 tgt=7991999746 f=0.195 u=1 breach=9 end=
CBAP_MIG t=35720000 epoch=7144 flow=44 side=new cur=7881834309 next=7903316569 tgt=7991999746 f=0.195 u=1 breach=9 end=
CBAP_MIG t=35720000 epoch=7144 flow=45 side=new cur=7881834155 next=7903316445 tgt=7991999746 f=0.195 u=1 breach=9 end=
CBAP_MIG t=35720000 epoch=7144 flow=46 side=new cur=7881834216 next=7903316494 tgt=7991999746 f=0.195 u=1 breach=9 end=
CBAP_MIG t=35720000 epoch=7144 flow=47 side=new cur=7881834359 next=7903316609 tgt=7991999746 f=0.195 u=1 breach=9 end=
CBAP_MIG t=35720000 epoch=7144 flow=48 side=new cur=7881834269 next=7903316537 tgt=7991999746 f=0.195 u=1 breach=9 end=
CBAP_MIG t=35720000 epoch=7144 flow=49 side=new cur=7881833901 next=7903316240 tgt=7991999746 f=0.195 u=1 breach=9 end=
CBAP_MIG t=35720000 epoch=7144 flow=51 side=new cur=7881833892 next=7903316233 tgt=7991999746 f=0.195 u=1 breach=9 end=
CBAP_MIG t=35720000 epoch=7144 flow=52 side=new cur=7881833892 next=7903316233 tgt=7991999746 f=0.195 u=1 breach=9 end=
CBAP_MIG t=35720000 epoch=7144 flow=53 side=new cur=7881834137 next=7903316430 tgt=7991999746 f=0.195 u=1 breach=9 end=
CBAP_MIG t=35720000 epoch=7144 flow=54 side=new cur=7881834182 next=7903316466 tgt=7991999746 f=0.195 u=1 breach=9 end=
CBAP_MIG t=35720000 epoch=7144 flow=55 side=new cur=7881834265 next=7903316533 tgt=7991999746 f=0.195 u=1 breach=9 end=
CBAP_MIG t=35720000 epoch=7144 flow=56 side=new cur=7881834359 next=7903316609 tgt=7991999746 f=0.195 u=1 breach=9 end=
CBAP_MIG t=35720000 epoch=7144 flow=57 side=new cur=7881834209 next=7903316488 tgt=7991999746 f=0.195 u=1 breach=9 end=
CBAP_MIG t=35720000 epoch=7144 flow=59 side=new cur=7881834129 next=7903316424 tgt=7991999746 f=0.195 u=1 breach=9 end=
CBAP_MIG t=35720000 epoch=7144 flow=61 side=new cur=7881833786 next=7903316148 tgt=7991999746 f=0.195 u=1 breach=9 end=
CBAP_MIG t=35720000 epoch=7144 flow=62 side=new cur=7881834277 next=7903316543 tgt=7991999746 f=0.195 u=1 breach=9 end=
CBAP_MIG t=35720000 epoch=7144 flow=63 side=new cur=7881833909 next=7903316247 tgt=7991999746 f=0.195 u=1 breach=9 end=
CBAP_MIG t=35720000 epoch=7144 flow=64 side=new cur=7881833403 next=7903315839 tgt=7991999746 f=0.195 u=1 breach=9 end=
CBAP_MIG t=35725000 epoch=7145 flow=2 side=new cur=7903316247 next=7920609529 tgt=7991999746 f=0.195 u=1 breach=9 end=converged
CBAP_MIG t=35725000 epoch=7145 flow=4 side=new cur=7903316544 next=7920609768 tgt=7991999746 f=0.195 u=1 breach=9 end=converged
CBAP_MIG t=35725000 epoch=7145 flow=5 side=new cur=7903316357 next=7920609617 tgt=7991999746 f=0.195 u=1 breach=9 end=converged
CBAP_MIG t=35725000 epoch=7145 flow=8 side=new cur=7903316429 next=7920609675 tgt=7991999746 f=0.195 u=1 breach=9 end=converged
CBAP_MIG t=35725000 epoch=7145 flow=9 side=new cur=7903316407 next=7920609658 tgt=7991999746 f=0.195 u=1 breach=9 end=converged
CBAP_MIG t=35725000 epoch=7145 flow=10 side=new cur=7903316533 next=7920609759 tgt=7991999746 f=0.195 u=1 breach=9 end=converged
CBAP_MIG t=35725000 epoch=7145 flow=11 side=new cur=7903316609 next=7920609820 tgt=7991999746 f=0.195 u=1 breach=9 end=converged
CBAP_MIG t=35725000 epoch=7145 flow=12 side=new cur=7903316488 next=7920609723 tgt=7991999746 f=0.195 u=1 breach=9 end=converged
CBAP_MIG t=35725000 epoch=7145 flow=13 side=new cur=7903316494 next=7920609728 tgt=7991999746 f=0.195 u=1 breach=9 end=converged
CBAP_MIG t=35725000 epoch=7145 flow=14 side=new cur=7903316233 next=7920609518 tgt=7991999746 f=0.195 u=1 breach=9 end=converged
CBAP_MIG t=35725000 epoch=7145 flow=15 side=new cur=7903316429 next=7920609675 tgt=7991999746 f=0.195 u=1 breach=9 end=converged
CBAP_MIG t=35725000 epoch=7145 flow=16 side=new cur=7903316419 next=7920609667 tgt=7991999746 f=0.195 u=1 breach=9 end=converged
CBAP_MIG t=35725000 epoch=7145 flow=18 side=new cur=7903316371 next=7920609629 tgt=7991999746 f=0.195 u=1 breach=9 end=converged
CBAP_MIG t=35725000 epoch=7145 flow=19 side=new cur=7903316543 next=7920609767 tgt=7991999746 f=0.195 u=1 breach=9 end=converged
CBAP_MIG t=35725000 epoch=7145 flow=20 side=new cur=7903316233 next=7920609518 tgt=7991999746 f=0.195 u=1 breach=9 end=converged
CBAP_MIG t=35725000 epoch=7145 flow=21 side=new cur=7903316247 next=7920609529 tgt=7991999746 f=0.195 u=1 breach=9 end=converged
CBAP_MIG t=35725000 epoch=7145 flow=22 side=new cur=7903316309 next=7920609579 tgt=7991999746 f=0.195 u=1 breach=9 end=converged
CBAP_MIG t=35725000 epoch=7145 flow=23 side=new cur=7903316509 next=7920609740 tgt=7991999746 f=0.195 u=1 breach=9 end=converged
CBAP_MIG t=35725000 epoch=7145 flow=24 side=new cur=7903316541 next=7920609765 tgt=7991999746 f=0.195 u=1 breach=9 end=converged
CBAP_MIG t=35725000 epoch=7145 flow=25 side=new cur=7903316543 next=7920609767 tgt=7991999746 f=0.195 u=1 breach=9 end=converged
CBAP_MIG t=35725000 epoch=7145 flow=26 side=new cur=7903316578 next=7920609795 tgt=7991999746 f=0.195 u=1 breach=9 end=converged
CBAP_MIG t=35725000 epoch=7145 flow=29 side=new cur=7903316566 next=7920609786 tgt=7991999746 f=0.195 u=1 breach=9 end=converged
CBAP_MIG t=35725000 epoch=7145 flow=30 side=new cur=7903316533 next=7920609759 tgt=7991999746 f=0.195 u=1 breach=9 end=converged
CBAP_MIG t=35725000 epoch=7145 flow=31 side=new cur=7903316247 next=7920609529 tgt=7991999746 f=0.195 u=1 breach=9 end=converged
CBAP_MIG t=35725000 epoch=7145 flow=33 side=new cur=7903316495 next=7920609728 tgt=7991999746 f=0.195 u=1 breach=9 end=converged
CBAP_MIG t=35725000 epoch=7145 flow=34 side=new cur=7903316429 next=7920609675 tgt=7991999746 f=0.195 u=1 breach=9 end=converged
CBAP_MIG t=35725000 epoch=7145 flow=35 side=new cur=7903316543 next=7920609767 tgt=7991999746 f=0.195 u=1 breach=9 end=converged
CBAP_MIG t=35725000 epoch=7145 flow=36 side=new cur=7903316543 next=7920609767 tgt=7991999746 f=0.195 u=1 breach=9 end=converged
CBAP_MIG t=35725000 epoch=7145 flow=38 side=new cur=7903316247 next=7920609529 tgt=7991999746 f=0.195 u=1 breach=9 end=converged
CBAP_MIG t=35725000 epoch=7145 flow=41 side=new cur=7903316309 next=7920609579 tgt=7991999746 f=0.195 u=1 breach=9 end=converged
CBAP_MIG t=35725000 epoch=7145 flow=42 side=new cur=7903316529 next=7920609756 tgt=7991999746 f=0.195 u=1 breach=9 end=converged
CBAP_MIG t=35725000 epoch=7145 flow=43 side=new cur=7903316543 next=7920609767 tgt=7991999746 f=0.195 u=1 breach=9 end=converged
CBAP_MIG t=35725000 epoch=7145 flow=44 side=new cur=7903316569 next=7920609788 tgt=7991999746 f=0.195 u=1 breach=9 end=converged
CBAP_MIG t=35725000 epoch=7145 flow=45 side=new cur=7903316445 next=7920609688 tgt=7991999746 f=0.195 u=1 breach=9 end=converged
CBAP_MIG t=35725000 epoch=7145 flow=46 side=new cur=7903316494 next=7920609728 tgt=7991999746 f=0.195 u=1 breach=9 end=converged
CBAP_MIG t=35725000 epoch=7145 flow=47 side=new cur=7903316609 next=7920609820 tgt=7991999746 f=0.195 u=1 breach=9 end=converged
CBAP_MIG t=35725000 epoch=7145 flow=48 side=new cur=7903316537 next=7920609762 tgt=7991999746 f=0.195 u=1 breach=9 end=converged
CBAP_MIG t=35725000 epoch=7145 flow=49 side=new cur=7903316240 next=7920609523 tgt=7991999746 f=0.195 u=1 breach=9 end=converged
CBAP_MIG t=35725000 epoch=7145 flow=51 side=new cur=7903316233 next=7920609518 tgt=7991999746 f=0.195 u=1 breach=9 end=converged
CBAP_MIG t=35725000 epoch=7145 flow=52 side=new cur=7903316233 next=7920609518 tgt=7991999746 f=0.195 u=1 breach=9 end=converged
CBAP_MIG t=35725000 epoch=7145 flow=53 side=new cur=7903316430 next=7920609676 tgt=7991999746 f=0.195 u=1 breach=9 end=converged
CBAP_MIG t=35725000 epoch=7145 flow=54 side=new cur=7903316466 next=7920609705 tgt=7991999746 f=0.195 u=1 breach=9 end=converged
CBAP_MIG t=35725000 epoch=7145 flow=55 side=new cur=7903316533 next=7920609759 tgt=7991999746 f=0.195 u=1 breach=9 end=converged
CBAP_MIG t=35725000 epoch=7145 flow=56 side=new cur=7903316609 next=7920609820 tgt=7991999746 f=0.195 u=1 breach=9 end=converged
CBAP_MIG t=35725000 epoch=7145 flow=57 side=new cur=7903316488 next=7920609723 tgt=7991999746 f=0.195 u=1 breach=9 end=converged
CBAP_MIG t=35725000 epoch=7145 flow=59 side=new cur=7903316424 next=7920609671 tgt=7991999746 f=0.195 u=1 breach=9 end=converged
CBAP_MIG t=35725000 epoch=7145 flow=61 side=new cur=7903316148 next=7920609449 tgt=7991999746 f=0.195 u=1 breach=9 end=converged
CBAP_MIG t=35725000 epoch=7145 flow=62 side=new cur=7903316543 next=7920609767 tgt=7991999746 f=0.195 u=1 breach=9 end=converged
CBAP_MIG t=35725000 epoch=7145 flow=63 side=new cur=7903316247 next=7920609529 tgt=7991999746 f=0.195 u=1 breach=9 end=converged
CBAP_MIG t=35725000 epoch=7145 flow=64 side=new cur=7903315839 next=7920609200 tgt=7991999746 f=0.195 u=1 breach=9 end=converged
CBAP_MIG_REPLAN t=35785000 reason=active_set_shrank flow=0 batch=0 newest_batch=1 cur=4000088609 target=4000000000 ceiling=320000000000 old_side_present=1
CBAP_MIG_REPLAN t=35785000 reason=active_set_shrank flow=2 batch=1 newest_batch=1 cur=7920609529 target=8155101860 ceiling=400000000000 old_side_present=1
CBAP_MIG_REPLAN t=35785000 reason=active_set_shrank flow=4 batch=1 newest_batch=1 cur=7920609768 target=8155101860 ceiling=400000000000 old_side_present=1
CBAP_MIG_REPLAN t=35785000 reason=active_set_shrank flow=5 batch=1 newest_batch=1 cur=7920609617 target=8155101860 ceiling=400000000000 old_side_present=1
CBAP_MIG_REPLAN t=35785000 reason=active_set_shrank flow=8 batch=1 newest_batch=1 cur=7920609675 target=8155101860 ceiling=400000000000 old_side_present=1
CBAP_MIG_REPLAN t=35785000 reason=active_set_shrank flow=9 batch=1 newest_batch=1 cur=7920609658 target=8155101860 ceiling=400000000000 old_side_present=1
CBAP_MIG_REPLAN t=35785000 reason=active_set_shrank flow=10 batch=1 newest_batch=1 cur=7920609759 target=8155101860 ceiling=400000000000 old_side_present=1
CBAP_MIG_REPLAN t=35785000 reason=active_set_shrank flow=11 batch=1 newest_batch=1 cur=7920609820 target=8155101860 ceiling=400000000000 old_side_present=1
CBAP_MIG_REPLAN t=35785000 reason=active_set_shrank flow=12 batch=1 newest_batch=1 cur=7920609723 target=8155101860 ceiling=400000000000 old_side_present=1
CBAP_MIG_REPLAN t=35785000 reason=active_set_shrank flow=13 batch=1 newest_batch=1 cur=7920609728 target=8155101860 ceiling=400000000000 old_side_present=1
CBAP_MIG_REPLAN t=35785000 reason=active_set_shrank flow=14 batch=1 newest_batch=1 cur=7920609518 target=8155101860 ceiling=400000000000 old_side_present=1
CBAP_MIG_REPLAN t=35785000 reason=active_set_shrank flow=15 batch=1 newest_batch=1 cur=7920609675 target=8155101860 ceiling=400000000000 old_side_present=1
CBAP_MIG_REPLAN t=35785000 reason=active_set_shrank flow=16 batch=1 newest_batch=1 cur=7920609667 target=8155101860 ceiling=400000000000 old_side_present=1
CBAP_MIG_REPLAN t=35785000 reason=active_set_shrank flow=18 batch=1 newest_batch=1 cur=7920609629 target=8155101860 ceiling=400000000000 old_side_present=1
CBAP_MIG_REPLAN t=35785000 reason=active_set_shrank flow=19 batch=1 newest_batch=1 cur=7920609767 target=8155101860 ceiling=400000000000 old_side_present=1
CBAP_MIG_REPLAN t=35785000 reason=active_set_shrank flow=20 batch=1 newest_batch=1 cur=7920609518 target=8155101860 ceiling=400000000000 old_side_present=1
CBAP_MIG_REPLAN t=35785000 reason=active_set_shrank flow=21 batch=1 newest_batch=1 cur=7920609529 target=8155101860 ceiling=400000000000 old_side_present=1
CBAP_MIG_REPLAN t=35785000 reason=active_set_shrank flow=22 batch=1 newest_batch=1 cur=7920609579 target=8155101860 ceiling=400000000000 old_side_present=1
CBAP_MIG_REPLAN t=35785000 reason=active_set_shrank flow=23 batch=1 newest_batch=1 cur=7920609740 target=8155101860 ceiling=400000000000 old_side_present=1
CBAP_MIG_REPLAN t=35785000 reason=active_set_shrank flow=24 batch=1 newest_batch=1 cur=7920609765 target=8155101860 ceiling=400000000000 old_side_present=1
CBAP_MIG_REPLAN t=35785000 reason=active_set_shrank flow=25 batch=1 newest_batch=1 cur=7920609767 target=8155101860 ceiling=400000000000 old_side_present=1
CBAP_MIG_REPLAN t=35785000 reason=active_set_shrank flow=26 batch=1 newest_batch=1 cur=7920609795 target=8155101860 ceiling=400000000000 old_side_present=1
CBAP_MIG_REPLAN t=35785000 reason=active_set_shrank flow=29 batch=1 newest_batch=1 cur=7920609786 target=8155101860 ceiling=400000000000 old_side_present=1
CBAP_MIG_REPLAN t=35785000 reason=active_set_shrank flow=30 batch=1 newest_batch=1 cur=7920609759 target=8155101860 ceiling=400000000000 old_side_present=1
CBAP_MIG_REPLAN t=35785000 reason=active_set_shrank flow=31 batch=1 newest_batch=1 cur=7920609529 target=8155101860 ceiling=400000000000 old_side_present=1
CBAP_MIG_REPLAN t=35785000 reason=active_set_shrank flow=33 batch=1 newest_batch=1 cur=7920609728 target=8155101860 ceiling=400000000000 old_side_present=1
CBAP_MIG_REPLAN t=35785000 reason=active_set_shrank flow=34 batch=1 newest_batch=1 cur=7920609675 target=8155101860 ceiling=400000000000 old_side_present=1
CBAP_MIG_REPLAN t=35785000 reason=active_set_shrank flow=35 batch=1 newest_batch=1 cur=7920609767 target=8155101860 ceiling=400000000000 old_side_present=1
CBAP_MIG_REPLAN t=35785000 reason=active_set_shrank flow=36 batch=1 newest_batch=1 cur=7920609767 target=8155101860 ceiling=400000000000 old_side_present=1
CBAP_MIG_REPLAN t=35785000 reason=active_set_shrank flow=38 batch=1 newest_batch=1 cur=7920609529 target=8155101860 ceiling=400000000000 old_side_present=1
CBAP_MIG_REPLAN t=35785000 reason=active_set_shrank flow=41 batch=1 newest_batch=1 cur=7920609579 target=8155101860 ceiling=400000000000 old_side_present=1
CBAP_MIG_REPLAN t=35785000 reason=active_set_shrank flow=42 batch=1 newest_batch=1 cur=7920609756 target=8155101860 ceiling=400000000000 old_side_present=1
CBAP_MIG_REPLAN t=35785000 reason=active_set_shrank flow=43 batch=1 newest_batch=1 cur=7920609767 target=8155101860 ceiling=400000000000 old_side_present=1
CBAP_MIG_REPLAN t=35785000 reason=active_set_shrank flow=44 batch=1 newest_batch=1 cur=7920609788 target=8155101860 ceiling=400000000000 old_side_present=1
CBAP_MIG_REPLAN t=35785000 reason=active_set_shrank flow=45 batch=1 newest_batch=1 cur=7920609688 target=8155101860 ceiling=400000000000 old_side_present=1
CBAP_MIG_REPLAN t=35785000 reason=active_set_shrank flow=46 batch=1 newest_batch=1 cur=7920609728 target=8155101860 ceiling=400000000000 old_side_present=1
CBAP_MIG_REPLAN t=35785000 reason=active_set_shrank flow=47 batch=1 newest_batch=1 cur=7920609820 target=8155101860 ceiling=400000000000 old_side_present=1
CBAP_MIG_REPLAN t=35785000 reason=active_set_shrank flow=48 batch=1 newest_batch=1 cur=7920609762 target=8155101860 ceiling=400000000000 old_side_present=1
CBAP_MIG_REPLAN t=35785000 reason=active_set_shrank flow=49 batch=1 newest_batch=1 cur=7920609523 target=8155101860 ceiling=400000000000 old_side_present=1
CBAP_MIG_REPLAN t=35785000 reason=active_set_shrank flow=51 batch=1 newest_batch=1 cur=7920609518 target=8155101860 ceiling=400000000000 old_side_present=1
CBAP_MIG_REPLAN t=35785000 reason=active_set_shrank flow=52 batch=1 newest_batch=1 cur=7920609518 target=8155101860 ceiling=400000000000 old_side_present=1
CBAP_MIG_REPLAN t=35785000 reason=active_set_shrank flow=53 batch=1 newest_batch=1 cur=7920609676 target=8155101860 ceiling=400000000000 old_side_present=1
CBAP_MIG_REPLAN t=35785000 reason=active_set_shrank flow=54 batch=1 newest_batch=1 cur=7920609705 target=8155101860 ceiling=400000000000 old_side_present=1
CBAP_MIG_REPLAN t=35785000 reason=active_set_shrank flow=55 batch=1 newest_batch=1 cur=7920609759 target=8155101860 ceiling=400000000000 old_side_present=1
CBAP_MIG_REPLAN t=35785000 reason=active_set_shrank flow=56 batch=1 newest_batch=1 cur=7920609820 target=8155101860 ceiling=400000000000 old_side_present=1
CBAP_MIG_REPLAN t=35785000 reason=active_set_shrank flow=57 batch=1 newest_batch=1 cur=7920609723 target=8155101860 ceiling=400000000000 old_side_present=1
CBAP_MIG_REPLAN t=35785000 reason=active_set_shrank flow=59 batch=1 newest_batch=1 cur=7920609671 target=8155101860 ceiling=400000000000 old_side_present=1
CBAP_MIG_REPLAN t=35785000 reason=active_set_shrank flow=61 batch=1 newest_batch=1 cur=7920609449 target=8155101860 ceiling=400000000000 old_side_present=1
CBAP_MIG_REPLAN t=35785000 reason=active_set_shrank flow=62 batch=1 newest_batch=1 cur=7920609767 target=8155101860 ceiling=400000000000 old_side_present=1
CBAP_MIG_REPLAN t=35785000 reason=active_set_shrank flow=63 batch=1 newest_batch=1 cur=7920609529 target=8155101860 ceiling=400000000000 old_side_present=1
CBAP_MIG t=35785000 epoch=7157 flow=0 side=old cur=4000088609 next=4000062026 tgt=4000000000 f=0.3 u=1 breach=0 end=converged
CBAP_MIG t=35785000 epoch=7157 flow=2 side=new cur=7920609529 next=7966335533 tgt=8155101860 f=0.195 u=1 breach=9 end=
CBAP_MIG t=35785000 epoch=7157 flow=4 side=new cur=7920609768 next=7966335725 tgt=8155101860 f=0.195 u=1 breach=9 end=
CBAP_MIG t=35785000 epoch=7157 flow=5 side=new cur=7920609617 next=7966335604 tgt=8155101860 f=0.195 u=1 breach=9 end=
CBAP_MIG t=35785000 epoch=7157 flow=8 side=new cur=7920609675 next=7966335651 tgt=8155101860 f=0.195 u=1 breach=9 end=
CBAP_MIG t=35785000 epoch=7157 flow=9 side=new cur=7920609658 next=7966335637 tgt=8155101860 f=0.195 u=1 breach=9 end=
CBAP_MIG t=35785000 epoch=7157 flow=10 side=new cur=7920609759 next=7966335718 tgt=8155101860 f=0.195 u=1 breach=9 end=
CBAP_MIG t=35785000 epoch=7157 flow=11 side=new cur=7920609820 next=7966335767 tgt=8155101860 f=0.195 u=1 breach=9 end=
CBAP_MIG t=35785000 epoch=7157 flow=12 side=new cur=7920609723 next=7966335689 tgt=8155101860 f=0.195 u=1 breach=9 end=
CBAP_MIG t=35785000 epoch=7157 flow=13 side=new cur=7920609728 next=7966335693 tgt=8155101860 f=0.195 u=1 breach=9 end=
CBAP_MIG t=35785000 epoch=7157 flow=14 side=new cur=7920609518 next=7966335524 tgt=8155101860 f=0.195 u=1 breach=9 end=
CBAP_MIG t=35785000 epoch=7157 flow=15 side=new cur=7920609675 next=7966335651 tgt=8155101860 f=0.195 u=1 breach=9 end=
CBAP_MIG t=35785000 epoch=7157 flow=16 side=new cur=7920609667 next=7966335644 tgt=8155101860 f=0.195 u=1 breach=9 end=
CBAP_MIG t=35785000 epoch=7157 flow=18 side=new cur=7920609629 next=7966335614 tgt=8155101860 f=0.195 u=1 breach=9 end=
CBAP_MIG t=35785000 epoch=7157 flow=19 side=new cur=7920609767 next=7966335725 tgt=8155101860 f=0.195 u=1 breach=9 end=
CBAP_MIG t=35785000 epoch=7157 flow=20 side=new cur=7920609518 next=7966335524 tgt=8155101860 f=0.195 u=1 breach=9 end=
CBAP_MIG t=35785000 epoch=7157 flow=21 side=new cur=7920609529 next=7966335533 tgt=8155101860 f=0.195 u=1 breach=9 end=
CBAP_MIG t=35785000 epoch=7157 flow=22 side=new cur=7920609579 next=7966335573 tgt=8155101860 f=0.195 u=1 breach=9 end=
CBAP_MIG t=35785000 epoch=7157 flow=23 side=new cur=7920609740 next=7966335703 tgt=8155101860 f=0.195 u=1 breach=9 end=
CBAP_MIG t=35785000 epoch=7157 flow=24 side=new cur=7920609765 next=7966335723 tgt=8155101860 f=0.195 u=1 breach=9 end=
CBAP_MIG t=35785000 epoch=7157 flow=25 side=new cur=7920609767 next=7966335725 tgt=8155101860 f=0.195 u=1 breach=9 end=
CBAP_MIG t=35785000 epoch=7157 flow=26 side=new cur=7920609795 next=7966335747 tgt=8155101860 f=0.195 u=1 breach=9 end=
CBAP_MIG t=35785000 epoch=7157 flow=29 side=new cur=7920609786 next=7966335740 tgt=8155101860 f=0.195 u=1 breach=9 end=
CBAP_MIG t=35785000 epoch=7157 flow=30 side=new cur=7920609759 next=7966335718 tgt=8155101860 f=0.195 u=1 breach=9 end=
CBAP_MIG t=35785000 epoch=7157 flow=31 side=new cur=7920609529 next=7966335533 tgt=8155101860 f=0.195 u=1 breach=9 end=
CBAP_MIG t=35785000 epoch=7157 flow=33 side=new cur=7920609728 next=7966335693 tgt=8155101860 f=0.195 u=1 breach=9 end=
CBAP_MIG t=35785000 epoch=7157 flow=34 side=new cur=7920609675 next=7966335651 tgt=8155101860 f=0.195 u=1 breach=9 end=
CBAP_MIG t=35785000 epoch=7157 flow=35 side=new cur=7920609767 next=7966335725 tgt=8155101860 f=0.195 u=1 breach=9 end=
CBAP_MIG t=35785000 epoch=7157 flow=36 side=new cur=7920609767 next=7966335725 tgt=8155101860 f=0.195 u=1 breach=9 end=
CBAP_MIG t=35785000 epoch=7157 flow=38 side=new cur=7920609529 next=7966335533 tgt=8155101860 f=0.195 u=1 breach=9 end=
CBAP_MIG t=35785000 epoch=7157 flow=41 side=new cur=7920609579 next=7966335573 tgt=8155101860 f=0.195 u=1 breach=9 end=
CBAP_MIG t=35785000 epoch=7157 flow=42 side=new cur=7920609756 next=7966335716 tgt=8155101860 f=0.195 u=1 breach=9 end=
CBAP_MIG t=35785000 epoch=7157 flow=43 side=new cur=7920609767 next=7966335725 tgt=8155101860 f=0.195 u=1 breach=9 end=
CBAP_MIG t=35785000 epoch=7157 flow=44 side=new cur=7920609788 next=7966335742 tgt=8155101860 f=0.195 u=1 breach=9 end=
CBAP_MIG t=35785000 epoch=7157 flow=45 side=new cur=7920609688 next=7966335661 tgt=8155101860 f=0.195 u=1 breach=9 end=
CBAP_MIG t=35785000 epoch=7157 flow=46 side=new cur=7920609728 next=7966335693 tgt=8155101860 f=0.195 u=1 breach=9 end=
CBAP_MIG t=35785000 epoch=7157 flow=47 side=new cur=7920609820 next=7966335767 tgt=8155101860 f=0.195 u=1 breach=9 end=
CBAP_MIG t=35785000 epoch=7157 flow=48 side=new cur=7920609762 next=7966335721 tgt=8155101860 f=0.195 u=1 breach=9 end=
CBAP_MIG t=35785000 epoch=7157 flow=49 side=new cur=7920609523 next=7966335528 tgt=8155101860 f=0.195 u=1 breach=9 end=
CBAP_MIG t=35785000 epoch=7157 flow=51 side=new cur=7920609518 next=7966335524 tgt=8155101860 f=0.195 u=1 breach=9 end=
CBAP_MIG t=35785000 epoch=7157 flow=52 side=new cur=7920609518 next=7966335524 tgt=8155101860 f=0.195 u=1 breach=9 end=
CBAP_MIG t=35785000 epoch=7157 flow=53 side=new cur=7920609676 next=7966335651 tgt=8155101860 f=0.195 u=1 breach=9 end=
CBAP_MIG t=35785000 epoch=7157 flow=54 side=new cur=7920609705 next=7966335675 tgt=8155101860 f=0.195 u=1 breach=9 end=
CBAP_MIG t=35785000 epoch=7157 flow=55 side=new cur=7920609759 next=7966335718 tgt=8155101860 f=0.195 u=1 breach=9 end=
CBAP_MIG t=35785000 epoch=7157 flow=56 side=new cur=7920609820 next=7966335767 tgt=8155101860 f=0.195 u=1 breach=9 end=
CBAP_MIG t=35785000 epoch=7157 flow=57 side=new cur=7920609723 next=7966335689 tgt=8155101860 f=0.195 u=1 breach=9 end=
CBAP_MIG t=35785000 epoch=7157 flow=59 side=new cur=7920609671 next=7966335647 tgt=8155101860 f=0.195 u=1 breach=9 end=
CBAP_MIG t=35785000 epoch=7157 flow=61 side=new cur=7920609449 next=7966335469 tgt=8155101860 f=0.195 u=1 breach=9 end=
CBAP_MIG t=35785000 epoch=7157 flow=62 side=new cur=7920609767 next=7966335725 tgt=8155101860 f=0.195 u=1 breach=9 end=
CBAP_MIG t=35785000 epoch=7157 flow=63 side=new cur=7920609529 next=7966335533 tgt=8155101860 f=0.195 u=1 breach=9 end=
CBAP_MIG t=35790000 epoch=7158 flow=2 side=new cur=7966335533 next=8003144966 tgt=8155101860 f=0.195 u=1 breach=9 end=
CBAP_MIG t=35790000 epoch=7158 flow=4 side=new cur=7966335725 next=8003145121 tgt=8155101860 f=0.195 u=1 breach=9 end=
CBAP_MIG t=35790000 epoch=7158 flow=5 side=new cur=7966335604 next=8003145023 tgt=8155101860 f=0.195 u=1 breach=9 end=
CBAP_MIG t=35790000 epoch=7158 flow=8 side=new cur=7966335651 next=8003145061 tgt=8155101860 f=0.195 u=1 breach=9 end=
CBAP_MIG t=35790000 epoch=7158 flow=9 side=new cur=7966335637 next=8003145050 tgt=8155101860 f=0.195 u=1 breach=9 end=
CBAP_MIG t=35790000 epoch=7158 flow=10 side=new cur=7966335718 next=8003145115 tgt=8155101860 f=0.195 u=1 breach=9 end=
CBAP_MIG t=35790000 epoch=7158 flow=11 side=new cur=7966335767 next=8003145155 tgt=8155101860 f=0.195 u=1 breach=9 end=
CBAP_MIG t=35790000 epoch=7158 flow=12 side=new cur=7966335689 next=8003145092 tgt=8155101860 f=0.195 u=1 breach=9 end=
CBAP_MIG t=35790000 epoch=7158 flow=13 side=new cur=7966335693 next=8003145095 tgt=8155101860 f=0.195 u=1 breach=9 end=
CBAP_MIG t=35790000 epoch=7158 flow=14 side=new cur=7966335524 next=8003144959 tgt=8155101860 f=0.195 u=1 breach=9 end=
CBAP_MIG t=35790000 epoch=7158 flow=15 side=new cur=7966335651 next=8003145061 tgt=8155101860 f=0.195 u=1 breach=9 end=
CBAP_MIG t=35790000 epoch=7158 flow=16 side=new cur=7966335644 next=8003145056 tgt=8155101860 f=0.195 u=1 breach=9 end=
CBAP_MIG t=35790000 epoch=7158 flow=18 side=new cur=7966335614 next=8003145031 tgt=8155101860 f=0.195 u=1 breach=9 end=
CBAP_MIG t=35790000 epoch=7158 flow=19 side=new cur=7966335725 next=8003145121 tgt=8155101860 f=0.195 u=1 breach=9 end=
CBAP_MIG t=35790000 epoch=7158 flow=20 side=new cur=7966335524 next=8003144959 tgt=8155101860 f=0.195 u=1 breach=9 end=
CBAP_MIG t=35790000 epoch=7158 flow=21 side=new cur=7966335533 next=8003144966 tgt=8155101860 f=0.195 u=1 breach=9 end=
CBAP_MIG t=35790000 epoch=7158 flow=22 side=new cur=7966335573 next=8003144998 tgt=8155101860 f=0.195 u=1 breach=9 end=
CBAP_MIG t=35790000 epoch=7158 flow=23 side=new cur=7966335703 next=8003145103 tgt=8155101860 f=0.195 u=1 breach=9 end=
CBAP_MIG t=35790000 epoch=7158 flow=24 side=new cur=7966335723 next=8003145119 tgt=8155101860 f=0.195 u=1 breach=9 end=
CBAP_MIG t=35790000 epoch=7158 flow=25 side=new cur=7966335725 next=8003145121 tgt=8155101860 f=0.195 u=1 breach=9 end=
CBAP_MIG t=35790000 epoch=7158 flow=26 side=new cur=7966335747 next=8003145139 tgt=8155101860 f=0.195 u=1 breach=9 end=
CBAP_MIG t=35790000 epoch=7158 flow=29 side=new cur=7966335740 next=8003145133 tgt=8155101860 f=0.195 u=1 breach=9 end=
CBAP_MIG t=35790000 epoch=7158 flow=30 side=new cur=7966335718 next=8003145115 tgt=8155101860 f=0.195 u=1 breach=9 end=
CBAP_MIG t=35790000 epoch=7158 flow=31 side=new cur=7966335533 next=8003144966 tgt=8155101860 f=0.195 u=1 breach=9 end=
CBAP_MIG t=35790000 epoch=7158 flow=33 side=new cur=7966335693 next=8003145095 tgt=8155101860 f=0.195 u=1 breach=9 end=
CBAP_MIG t=35790000 epoch=7158 flow=34 side=new cur=7966335651 next=8003145061 tgt=8155101860 f=0.195 u=1 breach=9 end=
CBAP_MIG t=35790000 epoch=7158 flow=35 side=new cur=7966335725 next=8003145121 tgt=8155101860 f=0.195 u=1 breach=9 end=
CBAP_MIG t=35790000 epoch=7158 flow=36 side=new cur=7966335725 next=8003145121 tgt=8155101860 f=0.195 u=1 breach=9 end=
CBAP_MIG t=35790000 epoch=7158 flow=38 side=new cur=7966335533 next=8003144966 tgt=8155101860 f=0.195 u=1 breach=9 end=
CBAP_MIG t=35790000 epoch=7158 flow=41 side=new cur=7966335573 next=8003144998 tgt=8155101860 f=0.195 u=1 breach=9 end=
CBAP_MIG t=35790000 epoch=7158 flow=42 side=new cur=7966335716 next=8003145114 tgt=8155101860 f=0.195 u=1 breach=9 end=
CBAP_MIG t=35790000 epoch=7158 flow=43 side=new cur=7966335725 next=8003145121 tgt=8155101860 f=0.195 u=1 breach=9 end=
CBAP_MIG t=35790000 epoch=7158 flow=44 side=new cur=7966335742 next=8003145135 tgt=8155101860 f=0.195 u=1 breach=9 end=
CBAP_MIG t=35790000 epoch=7158 flow=45 side=new cur=7966335661 next=8003145069 tgt=8155101860 f=0.195 u=1 breach=9 end=
CBAP_MIG t=35790000 epoch=7158 flow=46 side=new cur=7966335693 next=8003145095 tgt=8155101860 f=0.195 u=1 breach=9 end=
CBAP_MIG t=35790000 epoch=7158 flow=47 side=new cur=7966335767 next=8003145155 tgt=8155101860 f=0.195 u=1 breach=9 end=
CBAP_MIG t=35790000 epoch=7158 flow=48 side=new cur=7966335721 next=8003145118 tgt=8155101860 f=0.195 u=1 breach=9 end=
CBAP_MIG t=35790000 epoch=7158 flow=49 side=new cur=7966335528 next=8003144962 tgt=8155101860 f=0.195 u=1 breach=9 end=
CBAP_MIG t=35790000 epoch=7158 flow=51 side=new cur=7966335524 next=8003144959 tgt=8155101860 f=0.195 u=1 breach=9 end=
CBAP_MIG t=35790000 epoch=7158 flow=52 side=new cur=7966335524 next=8003144959 tgt=8155101860 f=0.195 u=1 breach=9 end=
CBAP_MIG t=35790000 epoch=7158 flow=53 side=new cur=7966335651 next=8003145061 tgt=8155101860 f=0.195 u=1 breach=9 end=
CBAP_MIG t=35790000 epoch=7158 flow=54 side=new cur=7966335675 next=8003145081 tgt=8155101860 f=0.195 u=1 breach=9 end=
CBAP_MIG t=35790000 epoch=7158 flow=55 side=new cur=7966335718 next=8003145115 tgt=8155101860 f=0.195 u=1 breach=9 end=
CBAP_MIG t=35790000 epoch=7158 flow=56 side=new cur=7966335767 next=8003145155 tgt=8155101860 f=0.195 u=1 breach=9 end=
CBAP_MIG t=35790000 epoch=7158 flow=57 side=new cur=7966335689 next=8003145092 tgt=8155101860 f=0.195 u=1 breach=9 end=
CBAP_MIG t=35790000 epoch=7158 flow=59 side=new cur=7966335647 next=8003145058 tgt=8155101860 f=0.195 u=1 breach=9 end=
CBAP_MIG t=35790000 epoch=7158 flow=61 side=new cur=7966335469 next=8003144915 tgt=8155101860 f=0.195 u=1 breach=9 end=
CBAP_MIG t=35790000 epoch=7158 flow=62 side=new cur=7966335725 next=8003145121 tgt=8155101860 f=0.195 u=1 breach=9 end=
CBAP_MIG t=35790000 epoch=7158 flow=63 side=new cur=7966335533 next=8003144966 tgt=8155101860 f=0.195 u=1 breach=9 end=
CBAP_MIG t=35795000 epoch=7159 flow=2 side=new cur=8003144966 next=8032776560 tgt=8155101860 f=0.195 u=1 breach=9 end=
CBAP_MIG t=35795000 epoch=7159 flow=4 side=new cur=8003145121 next=8032776685 tgt=8155101860 f=0.195 u=1 breach=9 end=
CBAP_MIG t=35795000 epoch=7159 flow=5 side=new cur=8003145023 next=8032776606 tgt=8155101860 f=0.195 u=1 breach=9 end=
CBAP_MIG t=35795000 epoch=7159 flow=8 side=new cur=8003145061 next=8032776636 tgt=8155101860 f=0.195 u=1 breach=9 end=
CBAP_MIG t=35795000 epoch=7159 flow=9 side=new cur=8003145050 next=8032776627 tgt=8155101860 f=0.195 u=1 breach=9 end=
CBAP_MIG t=35795000 epoch=7159 flow=10 side=new cur=8003145115 next=8032776680 tgt=8155101860 f=0.195 u=1 breach=9 end=
CBAP_MIG t=35795000 epoch=7159 flow=11 side=new cur=8003145155 next=8032776712 tgt=8155101860 f=0.195 u=1 breach=9 end=
CBAP_MIG t=35795000 epoch=7159 flow=12 side=new cur=8003145092 next=8032776661 tgt=8155101860 f=0.195 u=1 breach=9 end=
CBAP_MIG t=35795000 epoch=7159 flow=13 side=new cur=8003145095 next=8032776664 tgt=8155101860 f=0.195 u=1 breach=9 end=
CBAP_MIG t=35795000 epoch=7159 flow=14 side=new cur=8003144959 next=8032776554 tgt=8155101860 f=0.195 u=1 breach=9 end=
CBAP_MIG t=35795000 epoch=7159 flow=15 side=new cur=8003145061 next=8032776636 tgt=8155101860 f=0.195 u=1 breach=9 end=
CBAP_MIG t=35795000 epoch=7159 flow=16 side=new cur=8003145056 next=8032776632 tgt=8155101860 f=0.195 u=1 breach=9 end=
CBAP_MIG t=35795000 epoch=7159 flow=18 side=new cur=8003145031 next=8032776612 tgt=8155101860 f=0.195 u=1 breach=9 end=
CBAP_MIG t=35795000 epoch=7159 flow=19 side=new cur=8003145121 next=8032776685 tgt=8155101860 f=0.195 u=1 breach=9 end=
CBAP_MIG t=35795000 epoch=7159 flow=20 side=new cur=8003144959 next=8032776554 tgt=8155101860 f=0.195 u=1 breach=9 end=
CBAP_MIG t=35795000 epoch=7159 flow=21 side=new cur=8003144966 next=8032776560 tgt=8155101860 f=0.195 u=1 breach=9 end=
CBAP_MIG t=35795000 epoch=7159 flow=22 side=new cur=8003144998 next=8032776586 tgt=8155101860 f=0.195 u=1 breach=9 end=
CBAP_MIG t=35795000 epoch=7159 flow=23 side=new cur=8003145103 next=8032776670 tgt=8155101860 f=0.195 u=1 breach=9 end=
CBAP_MIG t=35795000 epoch=7159 flow=24 side=new cur=8003145119 next=8032776683 tgt=8155101860 f=0.195 u=1 breach=9 end=
CBAP_MIG t=35795000 epoch=7159 flow=25 side=new cur=8003145121 next=8032776685 tgt=8155101860 f=0.195 u=1 breach=9 end=
CBAP_MIG t=35795000 epoch=7159 flow=26 side=new cur=8003145139 next=8032776699 tgt=8155101860 f=0.195 u=1 breach=9 end=
CBAP_MIG t=35795000 epoch=7159 flow=29 side=new cur=8003145133 next=8032776694 tgt=8155101860 f=0.195 u=1 breach=9 end=
CBAP_MIG t=35795000 epoch=7159 flow=30 side=new cur=8003145115 next=8032776680 tgt=8155101860 f=0.195 u=1 breach=9 end=
CBAP_MIG t=35795000 epoch=7159 flow=31 side=new cur=8003144966 next=8032776560 tgt=8155101860 f=0.195 u=1 breach=9 end=
CBAP_MIG t=35795000 epoch=7159 flow=33 side=new cur=8003145095 next=8032776664 tgt=8155101860 f=0.195 u=1 breach=9 end=
CBAP_MIG t=35795000 epoch=7159 flow=34 side=new cur=8003145061 next=8032776636 tgt=8155101860 f=0.195 u=1 breach=9 end=
CBAP_MIG t=35795000 epoch=7159 flow=35 side=new cur=8003145121 next=8032776685 tgt=8155101860 f=0.195 u=1 breach=9 end=
CBAP_MIG t=35795000 epoch=7159 flow=36 side=new cur=8003145121 next=8032776685 tgt=8155101860 f=0.195 u=1 breach=9 end=
CBAP_MIG t=35795000 epoch=7159 flow=38 side=new cur=8003144966 next=8032776560 tgt=8155101860 f=0.195 u=1 breach=9 end=
CBAP_MIG t=35795000 epoch=7159 flow=41 side=new cur=8003144998 next=8032776586 tgt=8155101860 f=0.195 u=1 breach=9 end=
CBAP_MIG t=35795000 epoch=7159 flow=42 side=new cur=8003145114 next=8032776679 tgt=8155101860 f=0.195 u=1 breach=9 end=
CBAP_MIG t=35795000 epoch=7159 flow=43 side=new cur=8003145121 next=8032776685 tgt=8155101860 f=0.195 u=1 breach=9 end=
CBAP_MIG t=35795000 epoch=7159 flow=44 side=new cur=8003145135 next=8032776696 tgt=8155101860 f=0.195 u=1 breach=9 end=
CBAP_MIG t=35795000 epoch=7159 flow=45 side=new cur=8003145069 next=8032776643 tgt=8155101860 f=0.195 u=1 breach=9 end=
CBAP_MIG t=35795000 epoch=7159 flow=46 side=new cur=8003145095 next=8032776664 tgt=8155101860 f=0.195 u=1 breach=9 end=
CBAP_MIG t=35795000 epoch=7159 flow=47 side=new cur=8003145155 next=8032776712 tgt=8155101860 f=0.195 u=1 breach=9 end=
CBAP_MIG t=35795000 epoch=7159 flow=48 side=new cur=8003145118 next=8032776682 tgt=8155101860 f=0.195 u=1 breach=9 end=
CBAP_MIG t=35795000 epoch=7159 flow=49 side=new cur=8003144962 next=8032776557 tgt=8155101860 f=0.195 u=1 breach=9 end=
CBAP_MIG t=35795000 epoch=7159 flow=51 side=new cur=8003144959 next=8032776554 tgt=8155101860 f=0.195 u=1 breach=9 end=
CBAP_MIG t=35795000 epoch=7159 flow=52 side=new cur=8003144959 next=8032776554 tgt=8155101860 f=0.195 u=1 breach=9 end=
CBAP_MIG t=35795000 epoch=7159 flow=53 side=new cur=8003145061 next=8032776636 tgt=8155101860 f=0.195 u=1 breach=9 end=
CBAP_MIG t=35795000 epoch=7159 flow=54 side=new cur=8003145081 next=8032776652 tgt=8155101860 f=0.195 u=1 breach=9 end=
CBAP_MIG t=35795000 epoch=7159 flow=55 side=new cur=8003145115 next=8032776680 tgt=8155101860 f=0.195 u=1 breach=9 end=
CBAP_MIG t=35795000 epoch=7159 flow=56 side=new cur=8003145155 next=8032776712 tgt=8155101860 f=0.195 u=1 breach=9 end=
CBAP_MIG t=35795000 epoch=7159 flow=57 side=new cur=8003145092 next=8032776661 tgt=8155101860 f=0.195 u=1 breach=9 end=
CBAP_MIG t=35795000 epoch=7159 flow=59 side=new cur=8003145058 next=8032776634 tgt=8155101860 f=0.195 u=1 breach=9 end=
CBAP_MIG t=35795000 epoch=7159 flow=61 side=new cur=8003144915 next=8032776519 tgt=8155101860 f=0.195 u=1 breach=9 end=
CBAP_MIG t=35795000 epoch=7159 flow=62 side=new cur=8003145121 next=8032776685 tgt=8155101860 f=0.195 u=1 breach=9 end=
CBAP_MIG t=35795000 epoch=7159 flow=63 side=new cur=8003144966 next=8032776560 tgt=8155101860 f=0.195 u=1 breach=9 end=
CBAP_MIG_REPLAN t=35800000 reason=active_set_shrank flow=0 batch=0 newest_batch=1 cur=4000062026 target=4000000000 ceiling=320000000000 old_side_present=1
CBAP_MIG_REPLAN t=35800000 reason=active_set_shrank flow=2 batch=1 newest_batch=1 cur=8032776560 target=8824999870 ceiling=400000000000 old_side_present=1
CBAP_MIG_REPLAN t=35800000 reason=active_set_shrank flow=4 batch=1 newest_batch=1 cur=8032776685 target=8824999870 ceiling=400000000000 old_side_present=1
CBAP_MIG_REPLAN t=35800000 reason=active_set_shrank flow=5 batch=1 newest_batch=1 cur=8032776606 target=8824999870 ceiling=400000000000 old_side_present=1
CBAP_MIG_REPLAN t=35800000 reason=active_set_shrank flow=8 batch=1 newest_batch=1 cur=8032776636 target=8824999870 ceiling=400000000000 old_side_present=1
CBAP_MIG_REPLAN t=35800000 reason=active_set_shrank flow=9 batch=1 newest_batch=1 cur=8032776627 target=8824999870 ceiling=400000000000 old_side_present=1
CBAP_MIG_REPLAN t=35800000 reason=active_set_shrank flow=10 batch=1 newest_batch=1 cur=8032776680 target=8824999870 ceiling=400000000000 old_side_present=1
CBAP_MIG_REPLAN t=35800000 reason=active_set_shrank flow=11 batch=1 newest_batch=1 cur=8032776712 target=8824999870 ceiling=400000000000 old_side_present=1
CBAP_MIG_REPLAN t=35800000 reason=active_set_shrank flow=12 batch=1 newest_batch=1 cur=8032776661 target=8824999870 ceiling=400000000000 old_side_present=1
CBAP_MIG_REPLAN t=35800000 reason=active_set_shrank flow=13 batch=1 newest_batch=1 cur=8032776664 target=8824999870 ceiling=400000000000 old_side_present=1
CBAP_MIG_REPLAN t=35800000 reason=active_set_shrank flow=14 batch=1 newest_batch=1 cur=8032776554 target=8824999870 ceiling=400000000000 old_side_present=1
CBAP_MIG_REPLAN t=35800000 reason=active_set_shrank flow=15 batch=1 newest_batch=1 cur=8032776636 target=8824999870 ceiling=400000000000 old_side_present=1
CBAP_MIG_REPLAN t=35800000 reason=active_set_shrank flow=16 batch=1 newest_batch=1 cur=8032776632 target=8824999870 ceiling=400000000000 old_side_present=1
CBAP_MIG_REPLAN t=35800000 reason=active_set_shrank flow=18 batch=1 newest_batch=1 cur=8032776612 target=8824999870 ceiling=400000000000 old_side_present=1
CBAP_MIG_REPLAN t=35800000 reason=active_set_shrank flow=19 batch=1 newest_batch=1 cur=8032776685 target=8824999870 ceiling=400000000000 old_side_present=1
CBAP_MIG_REPLAN t=35800000 reason=active_set_shrank flow=20 batch=1 newest_batch=1 cur=8032776554 target=8824999870 ceiling=400000000000 old_side_present=1
CBAP_MIG_REPLAN t=35800000 reason=active_set_shrank flow=21 batch=1 newest_batch=1 cur=8032776560 target=8824999870 ceiling=400000000000 old_side_present=1
CBAP_MIG_REPLAN t=35800000 reason=active_set_shrank flow=22 batch=1 newest_batch=1 cur=8032776586 target=8824999870 ceiling=400000000000 old_side_present=1
CBAP_MIG_REPLAN t=35800000 reason=active_set_shrank flow=23 batch=1 newest_batch=1 cur=8032776670 target=8824999870 ceiling=400000000000 old_side_present=1
CBAP_MIG_REPLAN t=35800000 reason=active_set_shrank flow=25 batch=1 newest_batch=1 cur=8032776685 target=8824999870 ceiling=400000000000 old_side_present=1
CBAP_MIG_REPLAN t=35800000 reason=active_set_shrank flow=26 batch=1 newest_batch=1 cur=8032776699 target=8824999870 ceiling=400000000000 old_side_present=1
CBAP_MIG_REPLAN t=35800000 reason=active_set_shrank flow=29 batch=1 newest_batch=1 cur=8032776694 target=8824999870 ceiling=400000000000 old_side_present=1
CBAP_MIG_REPLAN t=35800000 reason=active_set_shrank flow=30 batch=1 newest_batch=1 cur=8032776680 target=8824999870 ceiling=400000000000 old_side_present=1
CBAP_MIG_REPLAN t=35800000 reason=active_set_shrank flow=31 batch=1 newest_batch=1 cur=8032776560 target=8824999870 ceiling=400000000000 old_side_present=1
CBAP_MIG_REPLAN t=35800000 reason=active_set_shrank flow=33 batch=1 newest_batch=1 cur=8032776664 target=8824999870 ceiling=400000000000 old_side_present=1
CBAP_MIG_REPLAN t=35800000 reason=active_set_shrank flow=34 batch=1 newest_batch=1 cur=8032776636 target=8824999870 ceiling=400000000000 old_side_present=1
CBAP_MIG_REPLAN t=35800000 reason=active_set_shrank flow=35 batch=1 newest_batch=1 cur=8032776685 target=8824999870 ceiling=400000000000 old_side_present=1
CBAP_MIG_REPLAN t=35800000 reason=active_set_shrank flow=36 batch=1 newest_batch=1 cur=8032776685 target=8824999870 ceiling=400000000000 old_side_present=1
CBAP_MIG_REPLAN t=35800000 reason=active_set_shrank flow=38 batch=1 newest_batch=1 cur=8032776560 target=8824999870 ceiling=400000000000 old_side_present=1
CBAP_MIG_REPLAN t=35800000 reason=active_set_shrank flow=41 batch=1 newest_batch=1 cur=8032776586 target=8824999870 ceiling=400000000000 old_side_present=1
CBAP_MIG_REPLAN t=35800000 reason=active_set_shrank flow=42 batch=1 newest_batch=1 cur=8032776679 target=8824999870 ceiling=400000000000 old_side_present=1
CBAP_MIG_REPLAN t=35800000 reason=active_set_shrank flow=43 batch=1 newest_batch=1 cur=8032776685 target=8824999870 ceiling=400000000000 old_side_present=1
CBAP_MIG_REPLAN t=35800000 reason=active_set_shrank flow=44 batch=1 newest_batch=1 cur=8032776696 target=8824999870 ceiling=400000000000 old_side_present=1
CBAP_MIG_REPLAN t=35800000 reason=active_set_shrank flow=45 batch=1 newest_batch=1 cur=8032776643 target=8824999870 ceiling=400000000000 old_side_present=1
CBAP_MIG_REPLAN t=35800000 reason=active_set_shrank flow=46 batch=1 newest_batch=1 cur=8032776664 target=8824999870 ceiling=400000000000 old_side_present=1
CBAP_MIG_REPLAN t=35800000 reason=active_set_shrank flow=47 batch=1 newest_batch=1 cur=8032776712 target=8824999870 ceiling=400000000000 old_side_present=1
CBAP_MIG_REPLAN t=35800000 reason=active_set_shrank flow=48 batch=1 newest_batch=1 cur=8032776682 target=8824999870 ceiling=400000000000 old_side_present=1
CBAP_MIG_REPLAN t=35800000 reason=active_set_shrank flow=49 batch=1 newest_batch=1 cur=8032776557 target=8824999870 ceiling=400000000000 old_side_present=1
CBAP_MIG_REPLAN t=35800000 reason=active_set_shrank flow=51 batch=1 newest_batch=1 cur=8032776554 target=8824999870 ceiling=400000000000 old_side_present=1
CBAP_MIG_REPLAN t=35800000 reason=active_set_shrank flow=52 batch=1 newest_batch=1 cur=8032776554 target=8824999870 ceiling=400000000000 old_side_present=1
CBAP_MIG_REPLAN t=35800000 reason=active_set_shrank flow=53 batch=1 newest_batch=1 cur=8032776636 target=8824999870 ceiling=400000000000 old_side_present=1
CBAP_MIG_REPLAN t=35800000 reason=active_set_shrank flow=54 batch=1 newest_batch=1 cur=8032776652 target=8824999870 ceiling=400000000000 old_side_present=1
CBAP_MIG_REPLAN t=35800000 reason=active_set_shrank flow=55 batch=1 newest_batch=1 cur=8032776680 target=8824999870 ceiling=400000000000 old_side_present=1
CBAP_MIG_REPLAN t=35800000 reason=active_set_shrank flow=56 batch=1 newest_batch=1 cur=8032776712 target=8824999870 ceiling=400000000000 old_side_present=1
CBAP_MIG_REPLAN t=35800000 reason=active_set_shrank flow=57 batch=1 newest_batch=1 cur=8032776661 target=8824999870 ceiling=400000000000 old_side_present=1
CBAP_MIG_REPLAN t=35800000 reason=active_set_shrank flow=59 batch=1 newest_batch=1 cur=8032776634 target=8824999870 ceiling=400000000000 old_side_present=1
CBAP_MIG_REPLAN t=35800000 reason=active_set_shrank flow=61 batch=1 newest_batch=1 cur=8032776519 target=8824999870 ceiling=400000000000 old_side_present=1
CBAP_MIG_REPLAN t=35800000 reason=active_set_shrank flow=62 batch=1 newest_batch=1 cur=8032776685 target=8824999870 ceiling=400000000000 old_side_present=1
CBAP_MIG_REPLAN t=35800000 reason=active_set_shrank flow=63 batch=1 newest_batch=1 cur=8032776560 target=8824999870 ceiling=400000000000 old_side_present=1
CBAP_MIG t=35800000 epoch=7160 flow=0 side=old cur=4000062026 next=4000043418 tgt=4000000000 f=0.3 u=1 breach=0 end=converged
CBAP_MIG t=35800000 epoch=7160 flow=2 side=new cur=8032776560 next=8187260105 tgt=8824999870 f=0.195 u=1 breach=9 end=
CBAP_MIG t=35800000 epoch=7160 flow=4 side=new cur=8032776685 next=8187260206 tgt=8824999870 f=0.195 u=1 breach=9 end=
CBAP_MIG t=35800000 epoch=7160 flow=5 side=new cur=8032776606 next=8187260142 tgt=8824999870 f=0.195 u=1 breach=9 end=
CBAP_MIG t=35800000 epoch=7160 flow=8 side=new cur=8032776636 next=8187260166 tgt=8824999870 f=0.195 u=1 breach=9 end=
CBAP_MIG t=35800000 epoch=7160 flow=9 side=new cur=8032776627 next=8187260159 tgt=8824999870 f=0.195 u=1 breach=9 end=
CBAP_MIG t=35800000 epoch=7160 flow=10 side=new cur=8032776680 next=8187260202 tgt=8824999870 f=0.195 u=1 breach=9 end=
CBAP_MIG t=35800000 epoch=7160 flow=11 side=new cur=8032776712 next=8187260227 tgt=8824999870 f=0.195 u=1 breach=9 end=
CBAP_MIG t=35800000 epoch=7160 flow=12 side=new cur=8032776661 next=8187260186 tgt=8824999870 f=0.195 u=1 breach=9 end=
CBAP_MIG t=35800000 epoch=7160 flow=13 side=new cur=8032776664 next=8187260189 tgt=8824999870 f=0.195 u=1 breach=9 end=
CBAP_MIG t=35800000 epoch=7160 flow=14 side=new cur=8032776554 next=8187260100 tgt=8824999870 f=0.195 u=1 breach=9 end=
CBAP_MIG t=35800000 epoch=7160 flow=15 side=new cur=8032776636 next=8187260166 tgt=8824999870 f=0.195 u=1 breach=9 end=
CBAP_MIG t=35800000 epoch=7160 flow=16 side=new cur=8032776632 next=8187260163 tgt=8824999870 f=0.195 u=1 breach=9 end=
CBAP_MIG t=35800000 epoch=7160 flow=18 side=new cur=8032776612 next=8187260147 tgt=8824999870 f=0.195 u=1 breach=9 end=
CBAP_MIG t=35800000 epoch=7160 flow=19 side=new cur=8032776685 next=8187260206 tgt=8824999870 f=0.195 u=1 breach=9 end=
CBAP_MIG t=35800000 epoch=7160 flow=20 side=new cur=8032776554 next=8187260100 tgt=8824999870 f=0.195 u=1 breach=9 end=
CBAP_MIG t=35800000 epoch=7160 flow=21 side=new cur=8032776560 next=8187260105 tgt=8824999870 f=0.195 u=1 breach=9 end=
CBAP_MIG t=35800000 epoch=7160 flow=22 side=new cur=8032776586 next=8187260126 tgt=8824999870 f=0.195 u=1 breach=9 end=
CBAP_MIG t=35800000 epoch=7160 flow=23 side=new cur=8032776670 next=8187260193 tgt=8824999870 f=0.195 u=1 breach=9 end=
CBAP_MIG t=35800000 epoch=7160 flow=25 side=new cur=8032776685 next=8187260206 tgt=8824999870 f=0.195 u=1 breach=9 end=
CBAP_MIG t=35800000 epoch=7160 flow=26 side=new cur=8032776699 next=8187260217 tgt=8824999870 f=0.195 u=1 breach=9 end=
CBAP_MIG t=35800000 epoch=7160 flow=29 side=new cur=8032776694 next=8187260213 tgt=8824999870 f=0.195 u=1 breach=9 end=
CBAP_MIG t=35800000 epoch=7160 flow=30 side=new cur=8032776680 next=8187260202 tgt=8824999870 f=0.195 u=1 breach=9 end=
CBAP_MIG t=35800000 epoch=7160 flow=31 side=new cur=8032776560 next=8187260105 tgt=8824999870 f=0.195 u=1 breach=9 end=
CBAP_MIG t=35800000 epoch=7160 flow=33 side=new cur=8032776664 next=8187260189 tgt=8824999870 f=0.195 u=1 breach=9 end=
CBAP_MIG t=35800000 epoch=7160 flow=34 side=new cur=8032776636 next=8187260166 tgt=8824999870 f=0.195 u=1 breach=9 end=
CBAP_MIG t=35800000 epoch=7160 flow=35 side=new cur=8032776685 next=8187260206 tgt=8824999870 f=0.195 u=1 breach=9 end=
CBAP_MIG t=35800000 epoch=7160 flow=36 side=new cur=8032776685 next=8187260206 tgt=8824999870 f=0.195 u=1 breach=9 end=
CBAP_MIG t=35800000 epoch=7160 flow=38 side=new cur=8032776560 next=8187260105 tgt=8824999870 f=0.195 u=1 breach=9 end=
CBAP_MIG t=35800000 epoch=7160 flow=41 side=new cur=8032776586 next=8187260126 tgt=8824999870 f=0.195 u=1 breach=9 end=
CBAP_MIG t=35800000 epoch=7160 flow=42 side=new cur=8032776679 next=8187260201 tgt=8824999870 f=0.195 u=1 breach=9 end=
CBAP_MIG t=35800000 epoch=7160 flow=43 side=new cur=8032776685 next=8187260206 tgt=8824999870 f=0.195 u=1 breach=9 end=
CBAP_MIG t=35800000 epoch=7160 flow=44 side=new cur=8032776696 next=8187260214 tgt=8824999870 f=0.195 u=1 breach=9 end=
CBAP_MIG t=35800000 epoch=7160 flow=45 side=new cur=8032776643 next=8187260172 tgt=8824999870 f=0.195 u=1 breach=9 end=
CBAP_MIG t=35800000 epoch=7160 flow=46 side=new cur=8032776664 next=8187260189 tgt=8824999870 f=0.195 u=1 breach=9 end=
CBAP_MIG t=35800000 epoch=7160 flow=47 side=new cur=8032776712 next=8187260227 tgt=8824999870 f=0.195 u=1 breach=9 end=
CBAP_MIG t=35800000 epoch=7160 flow=48 side=new cur=8032776682 next=8187260203 tgt=8824999870 f=0.195 u=1 breach=9 end=
CBAP_MIG t=35800000 epoch=7160 flow=49 side=new cur=8032776557 next=8187260103 tgt=8824999870 f=0.195 u=1 breach=9 end=
CBAP_MIG t=35800000 epoch=7160 flow=51 side=new cur=8032776554 next=8187260100 tgt=8824999870 f=0.195 u=1 breach=9 end=
CBAP_MIG t=35800000 epoch=7160 flow=52 side=new cur=8032776554 next=8187260100 tgt=8824999870 f=0.195 u=1 breach=9 end=
CBAP_MIG t=35800000 epoch=7160 flow=53 side=new cur=8032776636 next=8187260166 tgt=8824999870 f=0.195 u=1 breach=9 end=
CBAP_MIG t=35800000 epoch=7160 flow=54 side=new cur=8032776652 next=8187260179 tgt=8824999870 f=0.195 u=1 breach=9 end=
CBAP_MIG t=35800000 epoch=7160 flow=55 side=new cur=8032776680 next=8187260202 tgt=8824999870 f=0.195 u=1 breach=9 end=
CBAP_MIG t=35800000 epoch=7160 flow=56 side=new cur=8032776712 next=8187260227 tgt=8824999870 f=0.195 u=1 breach=9 end=
CBAP_MIG t=35800000 epoch=7160 flow=57 side=new cur=8032776661 next=8187260186 tgt=8824999870 f=0.195 u=1 breach=9 end=
CBAP_MIG t=35800000 epoch=7160 flow=59 side=new cur=8032776634 next=8187260165 tgt=8824999870 f=0.195 u=1 breach=9 end=
CBAP_MIG t=35800000 epoch=7160 flow=61 side=new cur=8032776519 next=8187260072 tgt=8824999870 f=0.195 u=1 breach=9 end=
CBAP_MIG t=35800000 epoch=7160 flow=62 side=new cur=8032776685 next=8187260206 tgt=8824999870 f=0.195 u=1 breach=9 end=
CBAP_MIG t=35800000 epoch=7160 flow=63 side=new cur=8032776560 next=8187260105 tgt=8824999870 f=0.195 u=1 breach=9 end=
CBAP_MIG_REPLAN t=35805000 reason=active_set_shrank flow=0 batch=0 newest_batch=1 cur=4000043418 target=4000000000 ceiling=320000000000 old_side_present=1
CBAP_MIG_REPLAN t=35805000 reason=active_set_shrank flow=2 batch=1 newest_batch=1 cur=8187260105 target=9012765865 ceiling=400000000000 old_side_present=1
CBAP_MIG_REPLAN t=35805000 reason=active_set_shrank flow=4 batch=1 newest_batch=1 cur=8187260206 target=9012765865 ceiling=400000000000 old_side_present=1
CBAP_MIG_REPLAN t=35805000 reason=active_set_shrank flow=5 batch=1 newest_batch=1 cur=8187260142 target=9012765865 ceiling=400000000000 old_side_present=1
CBAP_MIG_REPLAN t=35805000 reason=active_set_shrank flow=8 batch=1 newest_batch=1 cur=8187260166 target=9012765865 ceiling=400000000000 old_side_present=1
CBAP_MIG_REPLAN t=35805000 reason=active_set_shrank flow=9 batch=1 newest_batch=1 cur=8187260159 target=9012765865 ceiling=400000000000 old_side_present=1
CBAP_MIG_REPLAN t=35805000 reason=active_set_shrank flow=10 batch=1 newest_batch=1 cur=8187260202 target=9012765865 ceiling=400000000000 old_side_present=1
CBAP_MIG_REPLAN t=35805000 reason=active_set_shrank flow=11 batch=1 newest_batch=1 cur=8187260227 target=9012765865 ceiling=400000000000 old_side_present=1
CBAP_MIG_REPLAN t=35805000 reason=active_set_shrank flow=12 batch=1 newest_batch=1 cur=8187260186 target=9012765865 ceiling=400000000000 old_side_present=1
CBAP_MIG_REPLAN t=35805000 reason=active_set_shrank flow=13 batch=1 newest_batch=1 cur=8187260189 target=9012765865 ceiling=400000000000 old_side_present=1
CBAP_MIG_REPLAN t=35805000 reason=active_set_shrank flow=14 batch=1 newest_batch=1 cur=8187260100 target=9012765865 ceiling=400000000000 old_side_present=1
CBAP_MIG_REPLAN t=35805000 reason=active_set_shrank flow=15 batch=1 newest_batch=1 cur=8187260166 target=9012765865 ceiling=400000000000 old_side_present=1
CBAP_MIG_REPLAN t=35805000 reason=active_set_shrank flow=16 batch=1 newest_batch=1 cur=8187260163 target=9012765865 ceiling=400000000000 old_side_present=1
CBAP_MIG_REPLAN t=35805000 reason=active_set_shrank flow=18 batch=1 newest_batch=1 cur=8187260147 target=9012765865 ceiling=400000000000 old_side_present=1
CBAP_MIG_REPLAN t=35805000 reason=active_set_shrank flow=19 batch=1 newest_batch=1 cur=8187260206 target=9012765865 ceiling=400000000000 old_side_present=1
CBAP_MIG_REPLAN t=35805000 reason=active_set_shrank flow=20 batch=1 newest_batch=1 cur=8187260100 target=9012765865 ceiling=400000000000 old_side_present=1
CBAP_MIG_REPLAN t=35805000 reason=active_set_shrank flow=21 batch=1 newest_batch=1 cur=8187260105 target=9012765865 ceiling=400000000000 old_side_present=1
CBAP_MIG_REPLAN t=35805000 reason=active_set_shrank flow=22 batch=1 newest_batch=1 cur=8187260126 target=9012765865 ceiling=400000000000 old_side_present=1
CBAP_MIG_REPLAN t=35805000 reason=active_set_shrank flow=23 batch=1 newest_batch=1 cur=8187260193 target=9012765865 ceiling=400000000000 old_side_present=1
CBAP_MIG_REPLAN t=35805000 reason=active_set_shrank flow=25 batch=1 newest_batch=1 cur=8187260206 target=9012765865 ceiling=400000000000 old_side_present=1
CBAP_MIG_REPLAN t=35805000 reason=active_set_shrank flow=26 batch=1 newest_batch=1 cur=8187260217 target=9012765865 ceiling=400000000000 old_side_present=1
CBAP_MIG_REPLAN t=35805000 reason=active_set_shrank flow=29 batch=1 newest_batch=1 cur=8187260213 target=9012765865 ceiling=400000000000 old_side_present=1
CBAP_MIG_REPLAN t=35805000 reason=active_set_shrank flow=30 batch=1 newest_batch=1 cur=8187260202 target=9012765865 ceiling=400000000000 old_side_present=1
CBAP_MIG_REPLAN t=35805000 reason=active_set_shrank flow=31 batch=1 newest_batch=1 cur=8187260105 target=9012765865 ceiling=400000000000 old_side_present=1
CBAP_MIG_REPLAN t=35805000 reason=active_set_shrank flow=33 batch=1 newest_batch=1 cur=8187260189 target=9012765865 ceiling=400000000000 old_side_present=1
CBAP_MIG_REPLAN t=35805000 reason=active_set_shrank flow=34 batch=1 newest_batch=1 cur=8187260166 target=9012765865 ceiling=400000000000 old_side_present=1
CBAP_MIG_REPLAN t=35805000 reason=active_set_shrank flow=35 batch=1 newest_batch=1 cur=8187260206 target=9012765865 ceiling=400000000000 old_side_present=1
CBAP_MIG_REPLAN t=35805000 reason=active_set_shrank flow=36 batch=1 newest_batch=1 cur=8187260206 target=9012765865 ceiling=400000000000 old_side_present=1
CBAP_MIG_REPLAN t=35805000 reason=active_set_shrank flow=38 batch=1 newest_batch=1 cur=8187260105 target=9012765865 ceiling=400000000000 old_side_present=1
CBAP_MIG_REPLAN t=35805000 reason=active_set_shrank flow=41 batch=1 newest_batch=1 cur=8187260126 target=9012765865 ceiling=400000000000 old_side_present=1
CBAP_MIG_REPLAN t=35805000 reason=active_set_shrank flow=42 batch=1 newest_batch=1 cur=8187260201 target=9012765865 ceiling=400000000000 old_side_present=1
CBAP_MIG_REPLAN t=35805000 reason=active_set_shrank flow=43 batch=1 newest_batch=1 cur=8187260206 target=9012765865 ceiling=400000000000 old_side_present=1
CBAP_MIG_REPLAN t=35805000 reason=active_set_shrank flow=44 batch=1 newest_batch=1 cur=8187260214 target=9012765865 ceiling=400000000000 old_side_present=1
CBAP_MIG_REPLAN t=35805000 reason=active_set_shrank flow=45 batch=1 newest_batch=1 cur=8187260172 target=9012765865 ceiling=400000000000 old_side_present=1
CBAP_MIG_REPLAN t=35805000 reason=active_set_shrank flow=46 batch=1 newest_batch=1 cur=8187260189 target=9012765865 ceiling=400000000000 old_side_present=1
CBAP_MIG_REPLAN t=35805000 reason=active_set_shrank flow=47 batch=1 newest_batch=1 cur=8187260227 target=9012765865 ceiling=400000000000 old_side_present=1
CBAP_MIG_REPLAN t=35805000 reason=active_set_shrank flow=48 batch=1 newest_batch=1 cur=8187260203 target=9012765865 ceiling=400000000000 old_side_present=1
CBAP_MIG_REPLAN t=35805000 reason=active_set_shrank flow=49 batch=1 newest_batch=1 cur=8187260103 target=9012765865 ceiling=400000000000 old_side_present=1
CBAP_MIG_REPLAN t=35805000 reason=active_set_shrank flow=51 batch=1 newest_batch=1 cur=8187260100 target=9012765865 ceiling=400000000000 old_side_present=1
CBAP_MIG_REPLAN t=35805000 reason=active_set_shrank flow=52 batch=1 newest_batch=1 cur=8187260100 target=9012765865 ceiling=400000000000 old_side_present=1
CBAP_MIG_REPLAN t=35805000 reason=active_set_shrank flow=53 batch=1 newest_batch=1 cur=8187260166 target=9012765865 ceiling=400000000000 old_side_present=1
CBAP_MIG_REPLAN t=35805000 reason=active_set_shrank flow=54 batch=1 newest_batch=1 cur=8187260179 target=9012765865 ceiling=400000000000 old_side_present=1
CBAP_MIG_REPLAN t=35805000 reason=active_set_shrank flow=55 batch=1 newest_batch=1 cur=8187260202 target=9012765865 ceiling=400000000000 old_side_present=1
CBAP_MIG_REPLAN t=35805000 reason=active_set_shrank flow=56 batch=1 newest_batch=1 cur=8187260227 target=9012765865 ceiling=400000000000 old_side_present=1
CBAP_MIG_REPLAN t=35805000 reason=active_set_shrank flow=57 batch=1 newest_batch=1 cur=8187260186 target=9012765865 ceiling=400000000000 old_side_present=1
CBAP_MIG_REPLAN t=35805000 reason=active_set_shrank flow=59 batch=1 newest_batch=1 cur=8187260165 target=9012765865 ceiling=400000000000 old_side_present=1
CBAP_MIG_REPLAN t=35805000 reason=active_set_shrank flow=62 batch=1 newest_batch=1 cur=8187260206 target=9012765865 ceiling=400000000000 old_side_present=1
CBAP_MIG_REPLAN t=35805000 reason=active_set_shrank flow=63 batch=1 newest_batch=1 cur=8187260105 target=9012765865 ceiling=400000000000 old_side_present=1
CBAP_MIG t=35805000 epoch=7161 flow=0 side=old cur=4000043418 next=4000030392 tgt=4000000000 f=0.3 u=1 breach=0 end=converged
CBAP_MIG t=35805000 epoch=7161 flow=2 side=new cur=8187260105 next=8348233728 tgt=9012765865 f=0.195 u=1 breach=9 end=
CBAP_MIG t=35805000 epoch=7161 flow=4 side=new cur=8187260206 next=8348233809 tgt=9012765865 f=0.195 u=1 breach=9 end=
CBAP_MIG t=35805000 epoch=7161 flow=5 side=new cur=8187260142 next=8348233757 tgt=9012765865 f=0.195 u=1 breach=9 end=
CBAP_MIG t=35805000 epoch=7161 flow=8 side=new cur=8187260166 next=8348233777 tgt=9012765865 f=0.195 u=1 breach=9 end=
CBAP_MIG t=35805000 epoch=7161 flow=9 side=new cur=8187260159 next=8348233771 tgt=9012765865 f=0.195 u=1 breach=9 end=
CBAP_MIG t=35805000 epoch=7161 flow=10 side=new cur=8187260202 next=8348233806 tgt=9012765865 f=0.195 u=1 breach=9 end=
CBAP_MIG t=35805000 epoch=7161 flow=11 side=new cur=8187260227 next=8348233826 tgt=9012765865 f=0.195 u=1 breach=9 end=
CBAP_MIG t=35805000 epoch=7161 flow=12 side=new cur=8187260186 next=8348233793 tgt=9012765865 f=0.195 u=1 breach=9 end=
CBAP_MIG t=35805000 epoch=7161 flow=13 side=new cur=8187260189 next=8348233795 tgt=9012765865 f=0.195 u=1 breach=9 end=
CBAP_MIG t=35805000 epoch=7161 flow=14 side=new cur=8187260100 next=8348233724 tgt=9012765865 f=0.195 u=1 breach=9 end=
CBAP_MIG t=35805000 epoch=7161 flow=15 side=new cur=8187260166 next=8348233777 tgt=9012765865 f=0.195 u=1 breach=9 end=
CBAP_MIG t=35805000 epoch=7161 flow=16 side=new cur=8187260163 next=8348233774 tgt=9012765865 f=0.195 u=1 breach=9 end=
CBAP_MIG t=35805000 epoch=7161 flow=18 side=new cur=8187260147 next=8348233762 tgt=9012765865 f=0.195 u=1 breach=9 end=
CBAP_MIG t=35805000 epoch=7161 flow=19 side=new cur=8187260206 next=8348233809 tgt=9012765865 f=0.195 u=1 breach=9 end=
CBAP_MIG t=35805000 epoch=7161 flow=20 side=new cur=8187260100 next=8348233724 tgt=9012765865 f=0.195 u=1 breach=9 end=
CBAP_MIG t=35805000 epoch=7161 flow=21 side=new cur=8187260105 next=8348233728 tgt=9012765865 f=0.195 u=1 breach=9 end=
CBAP_MIG t=35805000 epoch=7161 flow=22 side=new cur=8187260126 next=8348233745 tgt=9012765865 f=0.195 u=1 breach=9 end=
CBAP_MIG t=35805000 epoch=7161 flow=23 side=new cur=8187260193 next=8348233799 tgt=9012765865 f=0.195 u=1 breach=9 end=
CBAP_MIG t=35805000 epoch=7161 flow=25 side=new cur=8187260206 next=8348233809 tgt=9012765865 f=0.195 u=1 breach=9 end=
CBAP_MIG t=35805000 epoch=7161 flow=26 side=new cur=8187260217 next=8348233818 tgt=9012765865 f=0.195 u=1 breach=9 end=
CBAP_MIG t=35805000 epoch=7161 flow=29 side=new cur=8187260213 next=8348233815 tgt=9012765865 f=0.195 u=1 breach=9 end=
CBAP_MIG t=35805000 epoch=7161 flow=30 side=new cur=8187260202 next=8348233806 tgt=9012765865 f=0.195 u=1 breach=9 end=
CBAP_MIG t=35805000 epoch=7161 flow=31 side=new cur=8187260105 next=8348233728 tgt=9012765865 f=0.195 u=1 breach=9 end=
CBAP_MIG t=35805000 epoch=7161 flow=33 side=new cur=8187260189 next=8348233795 tgt=9012765865 f=0.195 u=1 breach=9 end=
CBAP_MIG t=35805000 epoch=7161 flow=34 side=new cur=8187260166 next=8348233777 tgt=9012765865 f=0.195 u=1 breach=9 end=
CBAP_MIG t=35805000 epoch=7161 flow=35 side=new cur=8187260206 next=8348233809 tgt=9012765865 f=0.195 u=1 breach=9 end=
CBAP_MIG t=35805000 epoch=7161 flow=36 side=new cur=8187260206 next=8348233809 tgt=9012765865 f=0.195 u=1 breach=9 end=
CBAP_MIG t=35805000 epoch=7161 flow=38 side=new cur=8187260105 next=8348233728 tgt=9012765865 f=0.195 u=1 breach=9 end=
CBAP_MIG t=35805000 epoch=7161 flow=41 side=new cur=8187260126 next=8348233745 tgt=9012765865 f=0.195 u=1 breach=9 end=
CBAP_MIG t=35805000 epoch=7161 flow=42 side=new cur=8187260201 next=8348233805 tgt=9012765865 f=0.195 u=1 breach=9 end=
CBAP_MIG t=35805000 epoch=7161 flow=43 side=new cur=8187260206 next=8348233809 tgt=9012765865 f=0.195 u=1 breach=9 end=
CBAP_MIG t=35805000 epoch=7161 flow=44 side=new cur=8187260214 next=8348233815 tgt=9012765865 f=0.195 u=1 breach=9 end=
CBAP_MIG t=35805000 epoch=7161 flow=45 side=new cur=8187260172 next=8348233782 tgt=9012765865 f=0.195 u=1 breach=9 end=
CBAP_MIG t=35805000 epoch=7161 flow=46 side=new cur=8187260189 next=8348233795 tgt=9012765865 f=0.195 u=1 breach=9 end=
CBAP_MIG t=35805000 epoch=7161 flow=47 side=new cur=8187260227 next=8348233826 tgt=9012765865 f=0.195 u=1 breach=9 end=
CBAP_MIG t=35805000 epoch=7161 flow=48 side=new cur=8187260203 next=8348233807 tgt=9012765865 f=0.195 u=1 breach=9 end=
CBAP_MIG t=35805000 epoch=7161 flow=49 side=new cur=8187260103 next=8348233726 tgt=9012765865 f=0.195 u=1 breach=9 end=
CBAP_MIG t=35805000 epoch=7161 flow=51 side=new cur=8187260100 next=8348233724 tgt=9012765865 f=0.195 u=1 breach=9 end=
CBAP_MIG t=35805000 epoch=7161 flow=52 side=new cur=8187260100 next=8348233724 tgt=9012765865 f=0.195 u=1 breach=9 end=
CBAP_MIG t=35805000 epoch=7161 flow=53 side=new cur=8187260166 next=8348233777 tgt=9012765865 f=0.195 u=1 breach=9 end=
CBAP_MIG t=35805000 epoch=7161 flow=54 side=new cur=8187260179 next=8348233787 tgt=9012765865 f=0.195 u=1 breach=9 end=
CBAP_MIG t=35805000 epoch=7161 flow=55 side=new cur=8187260202 next=8348233806 tgt=9012765865 f=0.195 u=1 breach=9 end=
CBAP_MIG t=35805000 epoch=7161 flow=56 side=new cur=8187260227 next=8348233826 tgt=9012765865 f=0.195 u=1 breach=9 end=
CBAP_MIG t=35805000 epoch=7161 flow=57 side=new cur=8187260186 next=8348233793 tgt=9012765865 f=0.195 u=1 breach=9 end=
CBAP_MIG t=35805000 epoch=7161 flow=59 side=new cur=8187260165 next=8348233776 tgt=9012765865 f=0.195 u=1 breach=9 end=
CBAP_MIG t=35805000 epoch=7161 flow=62 side=new cur=8187260206 next=8348233809 tgt=9012765865 f=0.195 u=1 breach=9 end=
CBAP_MIG t=35805000 epoch=7161 flow=63 side=new cur=8187260105 next=8348233728 tgt=9012765865 f=0.195 u=1 breach=9 end=
CBAP_MIG t=35810000 epoch=7162 flow=2 side=new cur=8348233728 next=8477817494 tgt=9012765865 f=0.195 u=1 breach=9 end=
CBAP_MIG t=35810000 epoch=7162 flow=4 side=new cur=8348233809 next=8477817559 tgt=9012765865 f=0.195 u=1 breach=9 end=
CBAP_MIG t=35810000 epoch=7162 flow=5 side=new cur=8348233757 next=8477817518 tgt=9012765865 f=0.195 u=1 breach=9 end=
CBAP_MIG t=35810000 epoch=7162 flow=8 side=new cur=8348233777 next=8477817534 tgt=9012765865 f=0.195 u=1 breach=9 end=
CBAP_MIG t=35810000 epoch=7162 flow=9 side=new cur=8348233771 next=8477817529 tgt=9012765865 f=0.195 u=1 breach=9 end=
CBAP_MIG t=35810000 epoch=7162 flow=10 side=new cur=8348233806 next=8477817557 tgt=9012765865 f=0.195 u=1 breach=9 end=
CBAP_MIG t=35810000 epoch=7162 flow=11 side=new cur=8348233826 next=8477817573 tgt=9012765865 f=0.195 u=1 breach=9 end=
CBAP_MIG t=35810000 epoch=7162 flow=12 side=new cur=8348233793 next=8477817547 tgt=9012765865 f=0.195 u=1 breach=9 end=
CBAP_MIG t=35810000 epoch=7162 flow=13 side=new cur=8348233795 next=8477817548 tgt=9012765865 f=0.195 u=1 breach=9 end=
CBAP_MIG t=35810000 epoch=7162 flow=14 side=new cur=8348233724 next=8477817491 tgt=9012765865 f=0.195 u=1 breach=9 end=
CBAP_MIG t=35810000 epoch=7162 flow=15 side=new cur=8348233777 next=8477817534 tgt=9012765865 f=0.195 u=1 breach=9 end=
CBAP_MIG t=35810000 epoch=7162 flow=16 side=new cur=8348233774 next=8477817531 tgt=9012765865 f=0.195 u=1 breach=9 end=
CBAP_MIG t=35810000 epoch=7162 flow=18 side=new cur=8348233762 next=8477817522 tgt=9012765865 f=0.195 u=1 breach=9 end=
CBAP_MIG t=35810000 epoch=7162 flow=19 side=new cur=8348233809 next=8477817559 tgt=9012765865 f=0.195 u=1 breach=9 end=
CBAP_MIG t=35810000 epoch=7162 flow=20 side=new cur=8348233724 next=8477817491 tgt=9012765865 f=0.195 u=1 breach=9 end=
CBAP_MIG t=35810000 epoch=7162 flow=21 side=new cur=8348233728 next=8477817494 tgt=9012765865 f=0.195 u=1 breach=9 end=
CBAP_MIG t=35810000 epoch=7162 flow=22 side=new cur=8348233745 next=8477817508 tgt=9012765865 f=0.195 u=1 breach=9 end=
CBAP_MIG t=35810000 epoch=7162 flow=23 side=new cur=8348233799 next=8477817551 tgt=9012765865 f=0.195 u=1 breach=9 end=
CBAP_MIG t=35810000 epoch=7162 flow=25 side=new cur=8348233809 next=8477817559 tgt=9012765865 f=0.195 u=1 breach=9 end=
CBAP_MIG t=35810000 epoch=7162 flow=26 side=new cur=8348233818 next=8477817567 tgt=9012765865 f=0.195 u=1 breach=9 end=
CBAP_MIG t=35810000 epoch=7162 flow=29 side=new cur=8348233815 next=8477817564 tgt=9012765865 f=0.195 u=1 breach=9 end=
CBAP_MIG t=35810000 epoch=7162 flow=30 side=new cur=8348233806 next=8477817557 tgt=9012765865 f=0.195 u=1 breach=9 end=
CBAP_MIG t=35810000 epoch=7162 flow=31 side=new cur=8348233728 next=8477817494 tgt=9012765865 f=0.195 u=1 breach=9 end=
CBAP_MIG t=35810000 epoch=7162 flow=33 side=new cur=8348233795 next=8477817548 tgt=9012765865 f=0.195 u=1 breach=9 end=
CBAP_MIG t=35810000 epoch=7162 flow=34 side=new cur=8348233777 next=8477817534 tgt=9012765865 f=0.195 u=1 breach=9 end=
CBAP_MIG t=35810000 epoch=7162 flow=35 side=new cur=8348233809 next=8477817559 tgt=9012765865 f=0.195 u=1 breach=9 end=
CBAP_MIG t=35810000 epoch=7162 flow=36 side=new cur=8348233809 next=8477817559 tgt=9012765865 f=0.195 u=1 breach=9 end=
CBAP_MIG t=35810000 epoch=7162 flow=38 side=new cur=8348233728 next=8477817494 tgt=9012765865 f=0.195 u=1 breach=9 end=
CBAP_MIG t=35810000 epoch=7162 flow=41 side=new cur=8348233745 next=8477817508 tgt=9012765865 f=0.195 u=1 breach=9 end=
CBAP_MIG t=35810000 epoch=7162 flow=42 side=new cur=8348233805 next=8477817556 tgt=9012765865 f=0.195 u=1 breach=9 end=
CBAP_MIG t=35810000 epoch=7162 flow=43 side=new cur=8348233809 next=8477817559 tgt=9012765865 f=0.195 u=1 breach=9 end=
CBAP_MIG t=35810000 epoch=7162 flow=44 side=new cur=8348233815 next=8477817564 tgt=9012765865 f=0.195 u=1 breach=9 end=
CBAP_MIG t=35810000 epoch=7162 flow=45 side=new cur=8348233782 next=8477817538 tgt=9012765865 f=0.195 u=1 breach=9 end=
CBAP_MIG t=35810000 epoch=7162 flow=46 side=new cur=8348233795 next=8477817548 tgt=9012765865 f=0.195 u=1 breach=9 end=
CBAP_MIG t=35810000 epoch=7162 flow=47 side=new cur=8348233826 next=8477817573 tgt=9012765865 f=0.195 u=1 breach=9 end=
CBAP_MIG t=35810000 epoch=7162 flow=48 side=new cur=8348233807 next=8477817558 tgt=9012765865 f=0.195 u=1 breach=9 end=
CBAP_MIG t=35810000 epoch=7162 flow=49 side=new cur=8348233726 next=8477817493 tgt=9012765865 f=0.195 u=1 breach=9 end=
CBAP_MIG t=35810000 epoch=7162 flow=51 side=new cur=8348233724 next=8477817491 tgt=9012765865 f=0.195 u=1 breach=9 end=
CBAP_MIG t=35810000 epoch=7162 flow=52 side=new cur=8348233724 next=8477817491 tgt=9012765865 f=0.195 u=1 breach=9 end=
CBAP_MIG t=35810000 epoch=7162 flow=53 side=new cur=8348233777 next=8477817534 tgt=9012765865 f=0.195 u=1 breach=9 end=
CBAP_MIG t=35810000 epoch=7162 flow=54 side=new cur=8348233787 next=8477817542 tgt=9012765865 f=0.195 u=1 breach=9 end=
CBAP_MIG t=35810000 epoch=7162 flow=55 side=new cur=8348233806 next=8477817557 tgt=9012765865 f=0.195 u=1 breach=9 end=
CBAP_MIG t=35810000 epoch=7162 flow=56 side=new cur=8348233826 next=8477817573 tgt=9012765865 f=0.195 u=1 breach=9 end=
CBAP_MIG t=35810000 epoch=7162 flow=57 side=new cur=8348233793 next=8477817547 tgt=9012765865 f=0.195 u=1 breach=9 end=
CBAP_MIG t=35810000 epoch=7162 flow=59 side=new cur=8348233776 next=8477817533 tgt=9012765865 f=0.195 u=1 breach=9 end=
CBAP_MIG t=35810000 epoch=7162 flow=62 side=new cur=8348233809 next=8477817559 tgt=9012765865 f=0.195 u=1 breach=9 end=
CBAP_MIG t=35810000 epoch=7162 flow=63 side=new cur=8348233728 next=8477817494 tgt=9012765865 f=0.195 u=1 breach=9 end=
CBAP_MIG t=35815000 epoch=7163 flow=2 side=new cur=8477817494 next=8582132426 tgt=9012765865 f=0.195 u=1 breach=9 end=
CBAP_MIG t=35815000 epoch=7163 flow=4 side=new cur=8477817559 next=8582132478 tgt=9012765865 f=0.195 u=1 breach=9 end=
CBAP_MIG t=35815000 epoch=7163 flow=5 side=new cur=8477817518 next=8582132445 tgt=9012765865 f=0.195 u=1 breach=9 end=
CBAP_MIG t=35815000 epoch=7163 flow=8 side=new cur=8477817534 next=8582132458 tgt=9012765865 f=0.195 u=1 breach=9 end=
CBAP_MIG t=35815000 epoch=7163 flow=9 side=new cur=8477817529 next=8582132454 tgt=9012765865 f=0.195 u=1 breach=9 end=
CBAP_MIG t=35815000 epoch=7163 flow=10 side=new cur=8477817557 next=8582132477 tgt=9012765865 f=0.195 u=1 breach=9 end=
CBAP_MIG t=35815000 epoch=7163 flow=11 side=new cur=8477817573 next=8582132489 tgt=9012765865 f=0.195 u=1 breach=9 end=
CBAP_MIG t=35815000 epoch=7163 flow=12 side=new cur=8477817547 next=8582132469 tgt=9012765865 f=0.195 u=1 breach=9 end=
CBAP_MIG t=35815000 epoch=7163 flow=13 side=new cur=8477817548 next=8582132469 tgt=9012765865 f=0.195 u=1 breach=9 end=
CBAP_MIG t=35815000 epoch=7163 flow=14 side=new cur=8477817491 next=8582132423 tgt=9012765865 f=0.195 u=1 breach=9 end=
CBAP_MIG t=35815000 epoch=7163 flow=15 side=new cur=8477817534 next=8582132458 tgt=9012765865 f=0.195 u=1 breach=9 end=
CBAP_MIG t=35815000 epoch=7163 flow=16 side=new cur=8477817531 next=8582132456 tgt=9012765865 f=0.195 u=1 breach=9 end=
CBAP_MIG t=35815000 epoch=7163 flow=18 side=new cur=8477817522 next=8582132448 tgt=9012765865 f=0.195 u=1 breach=9 end=
CBAP_MIG t=35815000 epoch=7163 flow=19 side=new cur=8477817559 next=8582132478 tgt=9012765865 f=0.195 u=1 breach=9 end=
CBAP_MIG t=35815000 epoch=7163 flow=20 side=new cur=8477817491 next=8582132423 tgt=9012765865 f=0.195 u=1 breach=9 end=
CBAP_MIG t=35815000 epoch=7163 flow=21 side=new cur=8477817494 next=8582132426 tgt=9012765865 f=0.195 u=1 breach=9 end=
CBAP_MIG t=35815000 epoch=7163 flow=22 side=new cur=8477817508 next=8582132437 tgt=9012765865 f=0.195 u=1 breach=9 end=
CBAP_MIG t=35815000 epoch=7163 flow=23 side=new cur=8477817551 next=8582132472 tgt=9012765865 f=0.195 u=1 breach=9 end=
CBAP_MIG t=35815000 epoch=7163 flow=25 side=new cur=8477817559 next=8582132478 tgt=9012765865 f=0.195 u=1 breach=9 end=
CBAP_MIG t=35815000 epoch=7163 flow=26 side=new cur=8477817567 next=8582132485 tgt=9012765865 f=0.195 u=1 breach=9 end=
CBAP_MIG t=35815000 epoch=7163 flow=29 side=new cur=8477817564 next=8582132482 tgt=9012765865 f=0.195 u=1 breach=9 end=
CBAP_MIG t=35815000 epoch=7163 flow=30 side=new cur=8477817557 next=8582132477 tgt=9012765865 f=0.195 u=1 breach=9 end=
CBAP_MIG t=35815000 epoch=7163 flow=31 side=new cur=8477817494 next=8582132426 tgt=9012765865 f=0.195 u=1 breach=9 end=
CBAP_MIG t=35815000 epoch=7163 flow=33 side=new cur=8477817548 next=8582132469 tgt=9012765865 f=0.195 u=1 breach=9 end=
CBAP_MIG t=35815000 epoch=7163 flow=34 side=new cur=8477817534 next=8582132458 tgt=9012765865 f=0.195 u=1 breach=9 end=
CBAP_MIG t=35815000 epoch=7163 flow=35 side=new cur=8477817559 next=8582132478 tgt=9012765865 f=0.195 u=1 breach=9 end=
CBAP_MIG t=35815000 epoch=7163 flow=36 side=new cur=8477817559 next=8582132478 tgt=9012765865 f=0.195 u=1 breach=9 end=
CBAP_MIG t=35815000 epoch=7163 flow=38 side=new cur=8477817494 next=8582132426 tgt=9012765865 f=0.195 u=1 breach=9 end=
CBAP_MIG t=35815000 epoch=7163 flow=41 side=new cur=8477817508 next=8582132437 tgt=9012765865 f=0.195 u=1 breach=9 end=
CBAP_MIG t=35815000 epoch=7163 flow=42 side=new cur=8477817556 next=8582132476 tgt=9012765865 f=0.195 u=1 breach=9 end=
CBAP_MIG t=35815000 epoch=7163 flow=43 side=new cur=8477817559 next=8582132478 tgt=9012765865 f=0.195 u=1 breach=9 end=
CBAP_MIG t=35815000 epoch=7163 flow=44 side=new cur=8477817564 next=8582132482 tgt=9012765865 f=0.195 u=1 breach=9 end=
CBAP_MIG t=35815000 epoch=7163 flow=45 side=new cur=8477817538 next=8582132461 tgt=9012765865 f=0.195 u=1 breach=9 end=
CBAP_MIG t=35815000 epoch=7163 flow=46 side=new cur=8477817548 next=8582132469 tgt=9012765865 f=0.195 u=1 breach=9 end=
CBAP_MIG t=35815000 epoch=7163 flow=47 side=new cur=8477817573 next=8582132489 tgt=9012765865 f=0.195 u=1 breach=9 end=
CBAP_MIG t=35815000 epoch=7163 flow=48 side=new cur=8477817558 next=8582132477 tgt=9012765865 f=0.195 u=1 breach=9 end=
CBAP_MIG t=35815000 epoch=7163 flow=49 side=new cur=8477817493 next=8582132425 tgt=9012765865 f=0.195 u=1 breach=9 end=
CBAP_MIG t=35815000 epoch=7163 flow=51 side=new cur=8477817491 next=8582132423 tgt=9012765865 f=0.195 u=1 breach=9 end=
CBAP_MIG t=35815000 epoch=7163 flow=52 side=new cur=8477817491 next=8582132423 tgt=9012765865 f=0.195 u=1 breach=9 end=
CBAP_MIG t=35815000 epoch=7163 flow=53 side=new cur=8477817534 next=8582132458 tgt=9012765865 f=0.195 u=1 breach=9 end=
CBAP_MIG t=35815000 epoch=7163 flow=54 side=new cur=8477817542 next=8582132464 tgt=9012765865 f=0.195 u=1 breach=9 end=
CBAP_MIG t=35815000 epoch=7163 flow=55 side=new cur=8477817557 next=8582132477 tgt=9012765865 f=0.195 u=1 breach=9 end=
CBAP_MIG t=35815000 epoch=7163 flow=56 side=new cur=8477817573 next=8582132489 tgt=9012765865 f=0.195 u=1 breach=9 end=
CBAP_MIG t=35815000 epoch=7163 flow=57 side=new cur=8477817547 next=8582132469 tgt=9012765865 f=0.195 u=1 breach=9 end=
CBAP_MIG t=35815000 epoch=7163 flow=59 side=new cur=8477817533 next=8582132457 tgt=9012765865 f=0.195 u=1 breach=9 end=
CBAP_MIG t=35815000 epoch=7163 flow=62 side=new cur=8477817559 next=8582132478 tgt=9012765865 f=0.195 u=1 breach=9 end=
CBAP_MIG t=35815000 epoch=7163 flow=63 side=new cur=8477817494 next=8582132426 tgt=9012765865 f=0.195 u=1 breach=9 end=
CBAP_MIG t=35820000 epoch=7164 flow=2 side=new cur=8582132426 next=8666105946 tgt=9012765865 f=0.195 u=1 breach=9 end=
CBAP_MIG t=35820000 epoch=7164 flow=4 side=new cur=8582132478 next=8666105988 tgt=9012765865 f=0.195 u=1 breach=9 end=
CBAP_MIG t=35820000 epoch=7164 flow=5 side=new cur=8582132445 next=8666105961 tgt=9012765865 f=0.195 u=1 breach=9 end=
CBAP_MIG t=35820000 epoch=7164 flow=8 side=new cur=8582132458 next=8666105972 tgt=9012765865 f=0.195 u=1 breach=9 end=
CBAP_MIG t=35820000 epoch=7164 flow=9 side=new cur=8582132454 next=8666105969 tgt=9012765865 f=0.195 u=1 breach=9 end=
CBAP_MIG t=35820000 epoch=7164 flow=10 side=new cur=8582132477 next=8666105987 tgt=9012765865 f=0.195 u=1 breach=9 end=
CBAP_MIG t=35820000 epoch=7164 flow=11 side=new cur=8582132489 next=8666105997 tgt=9012765865 f=0.195 u=1 breach=9 end=
CBAP_MIG t=35820000 epoch=7164 flow=12 side=new cur=8582132469 next=8666105981 tgt=9012765865 f=0.195 u=1 breach=9 end=
CBAP_MIG t=35820000 epoch=7164 flow=13 side=new cur=8582132469 next=8666105981 tgt=9012765865 f=0.195 u=1 breach=9 end=
CBAP_MIG t=35820000 epoch=7164 flow=14 side=new cur=8582132423 next=8666105944 tgt=9012765865 f=0.195 u=1 breach=9 end=
CBAP_MIG t=35820000 epoch=7164 flow=15 side=new cur=8582132458 next=8666105972 tgt=9012765865 f=0.195 u=1 breach=9 end=
CBAP_MIG t=35820000 epoch=7164 flow=16 side=new cur=8582132456 next=8666105970 tgt=9012765865 f=0.195 u=1 breach=9 end=
CBAP_MIG t=35820000 epoch=7164 flow=18 side=new cur=8582132448 next=8666105964 tgt=9012765865 f=0.195 u=1 breach=9 end=
CBAP_MIG t=35820000 epoch=7164 flow=19 side=new cur=8582132478 next=8666105988 tgt=9012765865 f=0.195 u=1 breach=9 end=
CBAP_MIG t=35820000 epoch=7164 flow=20 side=new cur=8582132423 next=8666105944 tgt=9012765865 f=0.195 u=1 breach=9 end=
CBAP_MIG t=35820000 epoch=7164 flow=21 side=new cur=8582132426 next=8666105946 tgt=9012765865 f=0.195 u=1 breach=9 end=
CBAP_MIG t=35820000 epoch=7164 flow=22 side=new cur=8582132437 next=8666105955 tgt=9012765865 f=0.195 u=1 breach=9 end=
CBAP_MIG t=35820000 epoch=7164 flow=23 side=new cur=8582132472 next=8666105983 tgt=9012765865 f=0.195 u=1 breach=9 end=
CBAP_MIG t=35820000 epoch=7164 flow=25 side=new cur=8582132478 next=8666105988 tgt=9012765865 f=0.195 u=1 breach=9 end=
CBAP_MIG t=35820000 epoch=7164 flow=26 side=new cur=8582132485 next=8666105994 tgt=9012765865 f=0.195 u=1 breach=9 end=
CBAP_MIG t=35820000 epoch=7164 flow=29 side=new cur=8582132482 next=8666105991 tgt=9012765865 f=0.195 u=1 breach=9 end=
CBAP_MIG t=35820000 epoch=7164 flow=30 side=new cur=8582132477 next=8666105987 tgt=9012765865 f=0.195 u=1 breach=9 end=
CBAP_MIG t=35820000 epoch=7164 flow=31 side=new cur=8582132426 next=8666105946 tgt=9012765865 f=0.195 u=1 breach=9 end=
CBAP_MIG t=35820000 epoch=7164 flow=33 side=new cur=8582132469 next=8666105981 tgt=9012765865 f=0.195 u=1 breach=9 end=
CBAP_MIG t=35820000 epoch=7164 flow=34 side=new cur=8582132458 next=8666105972 tgt=9012765865 f=0.195 u=1 breach=9 end=
CBAP_MIG t=35820000 epoch=7164 flow=35 side=new cur=8582132478 next=8666105988 tgt=9012765865 f=0.195 u=1 breach=9 end=
CBAP_MIG t=35820000 epoch=7164 flow=36 side=new cur=8582132478 next=8666105988 tgt=9012765865 f=0.195 u=1 breach=9 end=
CBAP_MIG t=35820000 epoch=7164 flow=38 side=new cur=8582132426 next=8666105946 tgt=9012765865 f=0.195 u=1 breach=9 end=
CBAP_MIG t=35820000 epoch=7164 flow=41 side=new cur=8582132437 next=8666105955 tgt=9012765865 f=0.195 u=1 breach=9 end=
CBAP_MIG t=35820000 epoch=7164 flow=42 side=new cur=8582132476 next=8666105986 tgt=9012765865 f=0.195 u=1 breach=9 end=
CBAP_MIG t=35820000 epoch=7164 flow=43 side=new cur=8582132478 next=8666105988 tgt=9012765865 f=0.195 u=1 breach=9 end=
CBAP_MIG t=35820000 epoch=7164 flow=44 side=new cur=8582132482 next=8666105991 tgt=9012765865 f=0.195 u=1 breach=9 end=
CBAP_MIG t=35820000 epoch=7164 flow=45 side=new cur=8582132461 next=8666105974 tgt=9012765865 f=0.195 u=1 breach=9 end=
CBAP_MIG t=35820000 epoch=7164 flow=46 side=new cur=8582132469 next=8666105981 tgt=9012765865 f=0.195 u=1 breach=9 end=
CBAP_MIG t=35820000 epoch=7164 flow=47 side=new cur=8582132489 next=8666105997 tgt=9012765865 f=0.195 u=1 breach=9 end=
CBAP_MIG t=35820000 epoch=7164 flow=48 side=new cur=8582132477 next=8666105987 tgt=9012765865 f=0.195 u=1 breach=9 end=
CBAP_MIG t=35820000 epoch=7164 flow=49 side=new cur=8582132425 next=8666105945 tgt=9012765865 f=0.195 u=1 breach=9 end=
CBAP_MIG t=35820000 epoch=7164 flow=51 side=new cur=8582132423 next=8666105944 tgt=9012765865 f=0.195 u=1 breach=9 end=
CBAP_MIG t=35820000 epoch=7164 flow=52 side=new cur=8582132423 next=8666105944 tgt=9012765865 f=0.195 u=1 breach=9 end=
CBAP_MIG t=35820000 epoch=7164 flow=53 side=new cur=8582132458 next=8666105972 tgt=9012765865 f=0.195 u=1 breach=9 end=
CBAP_MIG t=35820000 epoch=7164 flow=54 side=new cur=8582132464 next=8666105977 tgt=9012765865 f=0.195 u=1 breach=9 end=
CBAP_MIG t=35820000 epoch=7164 flow=55 side=new cur=8582132477 next=8666105987 tgt=9012765865 f=0.195 u=1 breach=9 end=
CBAP_MIG t=35820000 epoch=7164 flow=56 side=new cur=8582132489 next=8666105997 tgt=9012765865 f=0.195 u=1 breach=9 end=
CBAP_MIG t=35820000 epoch=7164 flow=57 side=new cur=8582132469 next=8666105981 tgt=9012765865 f=0.195 u=1 breach=9 end=
CBAP_MIG t=35820000 epoch=7164 flow=59 side=new cur=8582132457 next=8666105971 tgt=9012765865 f=0.195 u=1 breach=9 end=
CBAP_MIG t=35820000 epoch=7164 flow=62 side=new cur=8582132478 next=8666105988 tgt=9012765865 f=0.195 u=1 breach=9 end=
CBAP_MIG t=35820000 epoch=7164 flow=63 side=new cur=8582132426 next=8666105946 tgt=9012765865 f=0.195 u=1 breach=9 end=
CBAP_MIG t=35825000 epoch=7165 flow=2 side=new cur=8666105946 next=8733704630 tgt=9012765865 f=0.195 u=1 breach=9 end=
CBAP_MIG t=35825000 epoch=7165 flow=4 side=new cur=8666105988 next=8733704664 tgt=9012765865 f=0.195 u=1 breach=9 end=
CBAP_MIG t=35825000 epoch=7165 flow=5 side=new cur=8666105961 next=8733704642 tgt=9012765865 f=0.195 u=1 breach=9 end=
CBAP_MIG t=35825000 epoch=7165 flow=8 side=new cur=8666105972 next=8733704651 tgt=9012765865 f=0.195 u=1 breach=9 end=
CBAP_MIG t=35825000 epoch=7165 flow=9 side=new cur=8666105969 next=8733704648 tgt=9012765865 f=0.195 u=1 breach=9 end=
CBAP_MIG t=35825000 epoch=7165 flow=10 side=new cur=8666105987 next=8733704663 tgt=9012765865 f=0.195 u=1 breach=9 end=
CBAP_MIG t=35825000 epoch=7165 flow=11 side=new cur=8666105997 next=8733704671 tgt=9012765865 f=0.195 u=1 breach=9 end=
CBAP_MIG t=35825000 epoch=7165 flow=12 side=new cur=8666105981 next=8733704658 tgt=9012765865 f=0.195 u=1 breach=9 end=
CBAP_MIG t=35825000 epoch=7165 flow=13 side=new cur=8666105981 next=8733704658 tgt=9012765865 f=0.195 u=1 breach=9 end=
CBAP_MIG t=35825000 epoch=7165 flow=14 side=new cur=8666105944 next=8733704628 tgt=9012765865 f=0.195 u=1 breach=9 end=
CBAP_MIG t=35825000 epoch=7165 flow=15 side=new cur=8666105972 next=8733704651 tgt=9012765865 f=0.195 u=1 breach=9 end=
CBAP_MIG t=35825000 epoch=7165 flow=16 side=new cur=8666105970 next=8733704649 tgt=9012765865 f=0.195 u=1 breach=9 end=
CBAP_MIG t=35825000 epoch=7165 flow=18 side=new cur=8666105964 next=8733704644 tgt=9012765865 f=0.195 u=1 breach=9 end=
CBAP_MIG t=35825000 epoch=7165 flow=19 side=new cur=8666105988 next=8733704664 tgt=9012765865 f=0.195 u=1 breach=9 end=
CBAP_MIG t=35825000 epoch=7165 flow=20 side=new cur=8666105944 next=8733704628 tgt=9012765865 f=0.195 u=1 breach=9 end=
CBAP_MIG t=35825000 epoch=7165 flow=21 side=new cur=8666105946 next=8733704630 tgt=9012765865 f=0.195 u=1 breach=9 end=
CBAP_MIG t=35825000 epoch=7165 flow=22 side=new cur=8666105955 next=8733704637 tgt=9012765865 f=0.195 u=1 breach=9 end=
CBAP_MIG t=35825000 epoch=7165 flow=23 side=new cur=8666105983 next=8733704659 tgt=9012765865 f=0.195 u=1 breach=9 end=
CBAP_MIG t=35825000 epoch=7165 flow=25 side=new cur=8666105988 next=8733704664 tgt=9012765865 f=0.195 u=1 breach=9 end=
CBAP_MIG t=35825000 epoch=7165 flow=26 side=new cur=8666105994 next=8733704668 tgt=9012765865 f=0.195 u=1 breach=9 end=
CBAP_MIG t=35825000 epoch=7165 flow=29 side=new cur=8666105991 next=8733704666 tgt=9012765865 f=0.195 u=1 breach=9 end=
CBAP_MIG t=35825000 epoch=7165 flow=30 side=new cur=8666105987 next=8733704663 tgt=9012765865 f=0.195 u=1 breach=9 end=
CBAP_MIG t=35825000 epoch=7165 flow=31 side=new cur=8666105946 next=8733704630 tgt=9012765865 f=0.195 u=1 breach=9 end=
CBAP_MIG t=35825000 epoch=7165 flow=33 side=new cur=8666105981 next=8733704658 tgt=9012765865 f=0.195 u=1 breach=9 end=
CBAP_MIG t=35825000 epoch=7165 flow=34 side=new cur=8666105972 next=8733704651 tgt=9012765865 f=0.195 u=1 breach=9 end=
CBAP_MIG t=35825000 epoch=7165 flow=35 side=new cur=8666105988 next=8733704664 tgt=9012765865 f=0.195 u=1 breach=9 end=
CBAP_MIG t=35825000 epoch=7165 flow=36 side=new cur=8666105988 next=8733704664 tgt=9012765865 f=0.195 u=1 breach=9 end=
CBAP_MIG t=35825000 epoch=7165 flow=38 side=new cur=8666105946 next=8733704630 tgt=9012765865 f=0.195 u=1 breach=9 end=
CBAP_MIG t=35825000 epoch=7165 flow=41 side=new cur=8666105955 next=8733704637 tgt=9012765865 f=0.195 u=1 breach=9 end=
CBAP_MIG t=35825000 epoch=7165 flow=42 side=new cur=8666105986 next=8733704662 tgt=9012765865 f=0.195 u=1 breach=9 end=
CBAP_MIG t=35825000 epoch=7165 flow=43 side=new cur=8666105988 next=8733704664 tgt=9012765865 f=0.195 u=1 breach=9 end=
CBAP_MIG t=35825000 epoch=7165 flow=44 side=new cur=8666105991 next=8733704666 tgt=9012765865 f=0.195 u=1 breach=9 end=
CBAP_MIG t=35825000 epoch=7165 flow=45 side=new cur=8666105974 next=8733704652 tgt=9012765865 f=0.195 u=1 breach=9 end=
CBAP_MIG t=35825000 epoch=7165 flow=46 side=new cur=8666105981 next=8733704658 tgt=9012765865 f=0.195 u=1 breach=9 end=
CBAP_MIG t=35825000 epoch=7165 flow=47 side=new cur=8666105997 next=8733704671 tgt=9012765865 f=0.195 u=1 breach=9 end=
CBAP_MIG t=35825000 epoch=7165 flow=48 side=new cur=8666105987 next=8733704663 tgt=9012765865 f=0.195 u=1 breach=9 end=
CBAP_MIG t=35825000 epoch=7165 flow=49 side=new cur=8666105945 next=8733704629 tgt=9012765865 f=0.195 u=1 breach=9 end=
CBAP_MIG t=35825000 epoch=7165 flow=51 side=new cur=8666105944 next=8733704628 tgt=9012765865 f=0.195 u=1 breach=9 end=
CBAP_MIG t=35825000 epoch=7165 flow=52 side=new cur=8666105944 next=8733704628 tgt=9012765865 f=0.195 u=1 breach=9 end=
CBAP_MIG t=35825000 epoch=7165 flow=53 side=new cur=8666105972 next=8733704651 tgt=9012765865 f=0.195 u=1 breach=9 end=
CBAP_MIG t=35825000 epoch=7165 flow=54 side=new cur=8666105977 next=8733704655 tgt=9012765865 f=0.195 u=1 breach=9 end=
CBAP_MIG t=35825000 epoch=7165 flow=55 side=new cur=8666105987 next=8733704663 tgt=9012765865 f=0.195 u=1 breach=9 end=
CBAP_MIG t=35825000 epoch=7165 flow=56 side=new cur=8666105997 next=8733704671 tgt=9012765865 f=0.195 u=1 breach=9 end=
CBAP_MIG t=35825000 epoch=7165 flow=57 side=new cur=8666105981 next=8733704658 tgt=9012765865 f=0.195 u=1 breach=9 end=
CBAP_MIG t=35825000 epoch=7165 flow=59 side=new cur=8666105971 next=8733704650 tgt=9012765865 f=0.195 u=1 breach=9 end=
CBAP_MIG t=35825000 epoch=7165 flow=62 side=new cur=8666105988 next=8733704664 tgt=9012765865 f=0.195 u=1 breach=9 end=
CBAP_MIG t=35825000 epoch=7165 flow=63 side=new cur=8666105946 next=8733704630 tgt=9012765865 f=0.195 u=1 breach=9 end=
CBAP_MIG t=35830000 epoch=7166 flow=2 side=new cur=8733704630 next=8788121570 tgt=9012765865 f=0.195 u=1 breach=9 end=
CBAP_MIG t=35830000 epoch=7166 flow=4 side=new cur=8733704664 next=8788121598 tgt=9012765865 f=0.195 u=1 breach=9 end=
CBAP_MIG t=35830000 epoch=7166 flow=5 side=new cur=8733704642 next=8788121580 tgt=9012765865 f=0.195 u=1 breach=9 end=
CBAP_MIG t=35830000 epoch=7166 flow=8 side=new cur=8733704651 next=8788121587 tgt=9012765865 f=0.195 u=1 breach=9 end=
CBAP_MIG t=35830000 epoch=7166 flow=9 side=new cur=8733704648 next=8788121585 tgt=9012765865 f=0.195 u=1 breach=9 end=
CBAP_MIG t=35830000 epoch=7166 flow=10 side=new cur=8733704663 next=8788121597 tgt=9012765865 f=0.195 u=1 breach=9 end=
CBAP_MIG t=35830000 epoch=7166 flow=11 side=new cur=8733704671 next=8788121603 tgt=9012765865 f=0.195 u=1 breach=9 end=
CBAP_MIG t=35830000 epoch=7166 flow=12 side=new cur=8733704658 next=8788121593 tgt=9012765865 f=0.195 u=1 breach=9 end=
CBAP_MIG t=35830000 epoch=7166 flow=13 side=new cur=8733704658 next=8788121593 tgt=9012765865 f=0.195 u=1 breach=9 end=
CBAP_MIG t=35830000 epoch=7166 flow=14 side=new cur=8733704628 next=8788121569 tgt=9012765865 f=0.195 u=1 breach=9 end=
CBAP_MIG t=35830000 epoch=7166 flow=15 side=new cur=8733704651 next=8788121587 tgt=9012765865 f=0.195 u=1 breach=9 end=
CBAP_MIG t=35830000 epoch=7166 flow=16 side=new cur=8733704649 next=8788121586 tgt=9012765865 f=0.195 u=1 breach=9 end=
CBAP_MIG t=35830000 epoch=7166 flow=18 side=new cur=8733704644 next=8788121582 tgt=9012765865 f=0.195 u=1 breach=9 end=
CBAP_MIG t=35830000 epoch=7166 flow=19 side=new cur=8733704664 next=8788121598 tgt=9012765865 f=0.195 u=1 breach=9 end=
CBAP_MIG t=35830000 epoch=7166 flow=20 side=new cur=8733704628 next=8788121569 tgt=9012765865 f=0.195 u=1 breach=9 end=
CBAP_MIG t=35830000 epoch=7166 flow=21 side=new cur=8733704630 next=8788121570 tgt=9012765865 f=0.195 u=1 breach=9 end=
CBAP_MIG t=35830000 epoch=7166 flow=22 side=new cur=8733704637 next=8788121576 tgt=9012765865 f=0.195 u=1 breach=9 end=
CBAP_MIG t=35830000 epoch=7166 flow=23 side=new cur=8733704659 next=8788121594 tgt=9012765865 f=0.195 u=1 breach=9 end=
CBAP_MIG t=35830000 epoch=7166 flow=25 side=new cur=8733704664 next=8788121598 tgt=9012765865 f=0.195 u=1 breach=9 end=
CBAP_MIG t=35830000 epoch=7166 flow=26 side=new cur=8733704668 next=8788121601 tgt=9012765865 f=0.195 u=1 breach=9 end=
CBAP_MIG t=35830000 epoch=7166 flow=29 side=new cur=8733704666 next=8788121599 tgt=9012765865 f=0.195 u=1 breach=9 end=
CBAP_MIG t=35830000 epoch=7166 flow=30 side=new cur=8733704663 next=8788121597 tgt=9012765865 f=0.195 u=1 breach=9 end=
CBAP_MIG t=35830000 epoch=7166 flow=31 side=new cur=8733704630 next=8788121570 tgt=9012765865 f=0.195 u=1 breach=9 end=
CBAP_MIG t=35830000 epoch=7166 flow=33 side=new cur=8733704658 next=8788121593 tgt=9012765865 f=0.195 u=1 breach=9 end=
CBAP_MIG t=35830000 epoch=7166 flow=34 side=new cur=8733704651 next=8788121587 tgt=9012765865 f=0.195 u=1 breach=9 end=
CBAP_MIG t=35830000 epoch=7166 flow=35 side=new cur=8733704664 next=8788121598 tgt=9012765865 f=0.195 u=1 breach=9 end=
CBAP_MIG t=35830000 epoch=7166 flow=36 side=new cur=8733704664 next=8788121598 tgt=9012765865 f=0.195 u=1 breach=9 end=
CBAP_MIG t=35830000 epoch=7166 flow=38 side=new cur=8733704630 next=8788121570 tgt=9012765865 f=0.195 u=1 breach=9 end=
CBAP_MIG t=35830000 epoch=7166 flow=41 side=new cur=8733704637 next=8788121576 tgt=9012765865 f=0.195 u=1 breach=9 end=
CBAP_MIG t=35830000 epoch=7166 flow=42 side=new cur=8733704662 next=8788121596 tgt=9012765865 f=0.195 u=1 breach=9 end=
CBAP_MIG t=35830000 epoch=7166 flow=43 side=new cur=8733704664 next=8788121598 tgt=9012765865 f=0.195 u=1 breach=9 end=
CBAP_MIG t=35830000 epoch=7166 flow=44 side=new cur=8733704666 next=8788121599 tgt=9012765865 f=0.195 u=1 breach=9 end=
CBAP_MIG t=35830000 epoch=7166 flow=45 side=new cur=8733704652 next=8788121588 tgt=9012765865 f=0.195 u=1 breach=9 end=
CBAP_MIG t=35830000 epoch=7166 flow=46 side=new cur=8733704658 next=8788121593 tgt=9012765865 f=0.195 u=1 breach=9 end=
CBAP_MIG t=35830000 epoch=7166 flow=47 side=new cur=8733704671 next=8788121603 tgt=9012765865 f=0.195 u=1 breach=9 end=
CBAP_MIG t=35830000 epoch=7166 flow=48 side=new cur=8733704663 next=8788121597 tgt=9012765865 f=0.195 u=1 breach=9 end=
CBAP_MIG t=35830000 epoch=7166 flow=49 side=new cur=8733704629 next=8788121570 tgt=9012765865 f=0.195 u=1 breach=9 end=
CBAP_MIG t=35830000 epoch=7166 flow=51 side=new cur=8733704628 next=8788121569 tgt=9012765865 f=0.195 u=1 breach=9 end=
CBAP_MIG t=35830000 epoch=7166 flow=52 side=new cur=8733704628 next=8788121569 tgt=9012765865 f=0.195 u=1 breach=9 end=
CBAP_MIG t=35830000 epoch=7166 flow=53 side=new cur=8733704651 next=8788121587 tgt=9012765865 f=0.195 u=1 breach=9 end=
CBAP_MIG t=35830000 epoch=7166 flow=54 side=new cur=8733704655 next=8788121590 tgt=9012765865 f=0.195 u=1 breach=9 end=
CBAP_MIG t=35830000 epoch=7166 flow=55 side=new cur=8733704663 next=8788121597 tgt=9012765865 f=0.195 u=1 breach=9 end=
CBAP_MIG t=35830000 epoch=7166 flow=56 side=new cur=8733704671 next=8788121603 tgt=9012765865 f=0.195 u=1 breach=9 end=
CBAP_MIG t=35830000 epoch=7166 flow=57 side=new cur=8733704658 next=8788121593 tgt=9012765865 f=0.195 u=1 breach=9 end=
CBAP_MIG t=35830000 epoch=7166 flow=59 side=new cur=8733704650 next=8788121586 tgt=9012765865 f=0.195 u=1 breach=9 end=
CBAP_MIG t=35830000 epoch=7166 flow=62 side=new cur=8733704664 next=8788121598 tgt=9012765865 f=0.195 u=1 breach=9 end=
CBAP_MIG t=35830000 epoch=7166 flow=63 side=new cur=8733704630 next=8788121570 tgt=9012765865 f=0.195 u=1 breach=9 end=
CBAP_MIG_REPLAN t=35835000 reason=active_set_shrank flow=0 batch=0 newest_batch=1 cur=4000030392 target=4000000000 ceiling=320000000000 old_side_present=1
CBAP_MIG_REPLAN t=35835000 reason=active_set_shrank flow=2 batch=1 newest_batch=1 cur=8788121570 target=9208695586 ceiling=400000000000 old_side_present=1
CBAP_MIG_REPLAN t=35835000 reason=active_set_shrank flow=4 batch=1 newest_batch=1 cur=8788121598 target=9208695586 ceiling=400000000000 old_side_present=1
CBAP_MIG_REPLAN t=35835000 reason=active_set_shrank flow=5 batch=1 newest_batch=1 cur=8788121580 target=9208695586 ceiling=400000000000 old_side_present=1
CBAP_MIG_REPLAN t=35835000 reason=active_set_shrank flow=8 batch=1 newest_batch=1 cur=8788121587 target=9208695586 ceiling=400000000000 old_side_present=1
CBAP_MIG_REPLAN t=35835000 reason=active_set_shrank flow=9 batch=1 newest_batch=1 cur=8788121585 target=9208695586 ceiling=400000000000 old_side_present=1
CBAP_MIG_REPLAN t=35835000 reason=active_set_shrank flow=10 batch=1 newest_batch=1 cur=8788121597 target=9208695586 ceiling=400000000000 old_side_present=1
CBAP_MIG_REPLAN t=35835000 reason=active_set_shrank flow=11 batch=1 newest_batch=1 cur=8788121603 target=9208695586 ceiling=400000000000 old_side_present=1
CBAP_MIG_REPLAN t=35835000 reason=active_set_shrank flow=12 batch=1 newest_batch=1 cur=8788121593 target=9208695586 ceiling=400000000000 old_side_present=1
CBAP_MIG_REPLAN t=35835000 reason=active_set_shrank flow=13 batch=1 newest_batch=1 cur=8788121593 target=9208695586 ceiling=400000000000 old_side_present=1
CBAP_MIG_REPLAN t=35835000 reason=active_set_shrank flow=14 batch=1 newest_batch=1 cur=8788121569 target=9208695586 ceiling=400000000000 old_side_present=1
CBAP_MIG_REPLAN t=35835000 reason=active_set_shrank flow=15 batch=1 newest_batch=1 cur=8788121587 target=9208695586 ceiling=400000000000 old_side_present=1
CBAP_MIG_REPLAN t=35835000 reason=active_set_shrank flow=16 batch=1 newest_batch=1 cur=8788121586 target=9208695586 ceiling=400000000000 old_side_present=1
CBAP_MIG_REPLAN t=35835000 reason=active_set_shrank flow=18 batch=1 newest_batch=1 cur=8788121582 target=9208695586 ceiling=400000000000 old_side_present=1
CBAP_MIG_REPLAN t=35835000 reason=active_set_shrank flow=19 batch=1 newest_batch=1 cur=8788121598 target=9208695586 ceiling=400000000000 old_side_present=1
CBAP_MIG_REPLAN t=35835000 reason=active_set_shrank flow=20 batch=1 newest_batch=1 cur=8788121569 target=9208695586 ceiling=400000000000 old_side_present=1
CBAP_MIG_REPLAN t=35835000 reason=active_set_shrank flow=21 batch=1 newest_batch=1 cur=8788121570 target=9208695586 ceiling=400000000000 old_side_present=1
CBAP_MIG_REPLAN t=35835000 reason=active_set_shrank flow=22 batch=1 newest_batch=1 cur=8788121576 target=9208695586 ceiling=400000000000 old_side_present=1
CBAP_MIG_REPLAN t=35835000 reason=active_set_shrank flow=23 batch=1 newest_batch=1 cur=8788121594 target=9208695586 ceiling=400000000000 old_side_present=1
CBAP_MIG_REPLAN t=35835000 reason=active_set_shrank flow=25 batch=1 newest_batch=1 cur=8788121598 target=9208695586 ceiling=400000000000 old_side_present=1
CBAP_MIG_REPLAN t=35835000 reason=active_set_shrank flow=26 batch=1 newest_batch=1 cur=8788121601 target=9208695586 ceiling=400000000000 old_side_present=1
CBAP_MIG_REPLAN t=35835000 reason=active_set_shrank flow=29 batch=1 newest_batch=1 cur=8788121599 target=9208695586 ceiling=400000000000 old_side_present=1
CBAP_MIG_REPLAN t=35835000 reason=active_set_shrank flow=30 batch=1 newest_batch=1 cur=8788121597 target=9208695586 ceiling=400000000000 old_side_present=1
CBAP_MIG_REPLAN t=35835000 reason=active_set_shrank flow=31 batch=1 newest_batch=1 cur=8788121570 target=9208695586 ceiling=400000000000 old_side_present=1
CBAP_MIG_REPLAN t=35835000 reason=active_set_shrank flow=33 batch=1 newest_batch=1 cur=8788121593 target=9208695586 ceiling=400000000000 old_side_present=1
CBAP_MIG_REPLAN t=35835000 reason=active_set_shrank flow=34 batch=1 newest_batch=1 cur=8788121587 target=9208695586 ceiling=400000000000 old_side_present=1
CBAP_MIG_REPLAN t=35835000 reason=active_set_shrank flow=35 batch=1 newest_batch=1 cur=8788121598 target=9208695586 ceiling=400000000000 old_side_present=1
CBAP_MIG_REPLAN t=35835000 reason=active_set_shrank flow=36 batch=1 newest_batch=1 cur=8788121598 target=9208695586 ceiling=400000000000 old_side_present=1
CBAP_MIG_REPLAN t=35835000 reason=active_set_shrank flow=38 batch=1 newest_batch=1 cur=8788121570 target=9208695586 ceiling=400000000000 old_side_present=1
CBAP_MIG_REPLAN t=35835000 reason=active_set_shrank flow=41 batch=1 newest_batch=1 cur=8788121576 target=9208695586 ceiling=400000000000 old_side_present=1
CBAP_MIG_REPLAN t=35835000 reason=active_set_shrank flow=43 batch=1 newest_batch=1 cur=8788121598 target=9208695586 ceiling=400000000000 old_side_present=1
CBAP_MIG_REPLAN t=35835000 reason=active_set_shrank flow=44 batch=1 newest_batch=1 cur=8788121599 target=9208695586 ceiling=400000000000 old_side_present=1
CBAP_MIG_REPLAN t=35835000 reason=active_set_shrank flow=45 batch=1 newest_batch=1 cur=8788121588 target=9208695586 ceiling=400000000000 old_side_present=1
CBAP_MIG_REPLAN t=35835000 reason=active_set_shrank flow=46 batch=1 newest_batch=1 cur=8788121593 target=9208695586 ceiling=400000000000 old_side_present=1
CBAP_MIG_REPLAN t=35835000 reason=active_set_shrank flow=47 batch=1 newest_batch=1 cur=8788121603 target=9208695586 ceiling=400000000000 old_side_present=1
CBAP_MIG_REPLAN t=35835000 reason=active_set_shrank flow=48 batch=1 newest_batch=1 cur=8788121597 target=9208695586 ceiling=400000000000 old_side_present=1
CBAP_MIG_REPLAN t=35835000 reason=active_set_shrank flow=49 batch=1 newest_batch=1 cur=8788121570 target=9208695586 ceiling=400000000000 old_side_present=1
CBAP_MIG_REPLAN t=35835000 reason=active_set_shrank flow=51 batch=1 newest_batch=1 cur=8788121569 target=9208695586 ceiling=400000000000 old_side_present=1
CBAP_MIG_REPLAN t=35835000 reason=active_set_shrank flow=52 batch=1 newest_batch=1 cur=8788121569 target=9208695586 ceiling=400000000000 old_side_present=1
CBAP_MIG_REPLAN t=35835000 reason=active_set_shrank flow=53 batch=1 newest_batch=1 cur=8788121587 target=9208695586 ceiling=400000000000 old_side_present=1
CBAP_MIG_REPLAN t=35835000 reason=active_set_shrank flow=54 batch=1 newest_batch=1 cur=8788121590 target=9208695586 ceiling=400000000000 old_side_present=1
CBAP_MIG_REPLAN t=35835000 reason=active_set_shrank flow=55 batch=1 newest_batch=1 cur=8788121597 target=9208695586 ceiling=400000000000 old_side_present=1
CBAP_MIG_REPLAN t=35835000 reason=active_set_shrank flow=56 batch=1 newest_batch=1 cur=8788121603 target=9208695586 ceiling=400000000000 old_side_present=1
CBAP_MIG_REPLAN t=35835000 reason=active_set_shrank flow=57 batch=1 newest_batch=1 cur=8788121593 target=9208695586 ceiling=400000000000 old_side_present=1
CBAP_MIG_REPLAN t=35835000 reason=active_set_shrank flow=59 batch=1 newest_batch=1 cur=8788121586 target=9208695586 ceiling=400000000000 old_side_present=1
CBAP_MIG_REPLAN t=35835000 reason=active_set_shrank flow=62 batch=1 newest_batch=1 cur=8788121598 target=9208695586 ceiling=400000000000 old_side_present=1
CBAP_MIG_REPLAN t=35835000 reason=active_set_shrank flow=63 batch=1 newest_batch=1 cur=8788121570 target=9208695586 ceiling=400000000000 old_side_present=1
CBAP_MIG t=35835000 epoch=7167 flow=0 side=old cur=4000030392 next=4000021274 tgt=4000000000 f=0.3 u=1 breach=0 end=converged
CBAP_MIG t=35835000 epoch=7167 flow=2 side=new cur=8788121570 next=8870133503 tgt=9208695586 f=0.195 u=1 breach=9 end=
CBAP_MIG t=35835000 epoch=7167 flow=4 side=new cur=8788121598 next=8870133525 tgt=9208695586 f=0.195 u=1 breach=9 end=
CBAP_MIG t=35835000 epoch=7167 flow=5 side=new cur=8788121580 next=8870133511 tgt=9208695586 f=0.195 u=1 breach=9 end=
CBAP_MIG t=35835000 epoch=7167 flow=8 side=new cur=8788121587 next=8870133516 tgt=9208695586 f=0.195 u=1 breach=9 end=
CBAP_MIG t=35835000 epoch=7167 flow=9 side=new cur=8788121585 next=8870133515 tgt=9208695586 f=0.195 u=1 breach=9 end=
CBAP_MIG t=35835000 epoch=7167 flow=10 side=new cur=8788121597 next=8870133524 tgt=9208695586 f=0.195 u=1 breach=9 end=
CBAP_MIG t=35835000 epoch=7167 flow=11 side=new cur=8788121603 next=8870133529 tgt=9208695586 f=0.195 u=1 breach=9 end=
CBAP_MIG t=35835000 epoch=7167 flow=12 side=new cur=8788121593 next=8870133521 tgt=9208695586 f=0.195 u=1 breach=9 end=
CBAP_MIG t=35835000 epoch=7167 flow=13 side=new cur=8788121593 next=8870133521 tgt=9208695586 f=0.195 u=1 breach=9 end=
CBAP_MIG t=35835000 epoch=7167 flow=14 side=new cur=8788121569 next=8870133502 tgt=9208695586 f=0.195 u=1 breach=9 end=
CBAP_MIG t=35835000 epoch=7167 flow=15 side=new cur=8788121587 next=8870133516 tgt=9208695586 f=0.195 u=1 breach=9 end=
CBAP_MIG t=35835000 epoch=7167 flow=16 side=new cur=8788121586 next=8870133516 tgt=9208695586 f=0.195 u=1 breach=9 end=
CBAP_MIG t=35835000 epoch=7167 flow=18 side=new cur=8788121582 next=8870133512 tgt=9208695586 f=0.195 u=1 breach=9 end=
CBAP_MIG t=35835000 epoch=7167 flow=19 side=new cur=8788121598 next=8870133525 tgt=9208695586 f=0.195 u=1 breach=9 end=
CBAP_MIG t=35835000 epoch=7167 flow=20 side=new cur=8788121569 next=8870133502 tgt=9208695586 f=0.195 u=1 breach=9 end=
CBAP_MIG t=35835000 epoch=7167 flow=21 side=new cur=8788121570 next=8870133503 tgt=9208695586 f=0.195 u=1 breach=9 end=
CBAP_MIG t=35835000 epoch=7167 flow=22 side=new cur=8788121576 next=8870133507 tgt=9208695586 f=0.195 u=1 breach=9 end=
CBAP_MIG t=35835000 epoch=7167 flow=23 side=new cur=8788121594 next=8870133522 tgt=9208695586 f=0.195 u=1 breach=9 end=
CBAP_MIG t=35835000 epoch=7167 flow=25 side=new cur=8788121598 next=8870133525 tgt=9208695586 f=0.195 u=1 breach=9 end=
CBAP_MIG t=35835000 epoch=7167 flow=26 side=new cur=8788121601 next=8870133528 tgt=9208695586 f=0.195 u=1 breach=9 end=
CBAP_MIG t=35835000 epoch=7167 flow=29 side=new cur=8788121599 next=8870133526 tgt=9208695586 f=0.195 u=1 breach=9 end=
CBAP_MIG t=35835000 epoch=7167 flow=30 side=new cur=8788121597 next=8870133524 tgt=9208695586 f=0.195 u=1 breach=9 end=
CBAP_MIG t=35835000 epoch=7167 flow=31 side=new cur=8788121570 next=8870133503 tgt=9208695586 f=0.195 u=1 breach=9 end=
CBAP_MIG t=35835000 epoch=7167 flow=33 side=new cur=8788121593 next=8870133521 tgt=9208695586 f=0.195 u=1 breach=9 end=
CBAP_MIG t=35835000 epoch=7167 flow=34 side=new cur=8788121587 next=8870133516 tgt=9208695586 f=0.195 u=1 breach=9 end=
CBAP_MIG t=35835000 epoch=7167 flow=35 side=new cur=8788121598 next=8870133525 tgt=9208695586 f=0.195 u=1 breach=9 end=
CBAP_MIG t=35835000 epoch=7167 flow=36 side=new cur=8788121598 next=8870133525 tgt=9208695586 f=0.195 u=1 breach=9 end=
CBAP_MIG t=35835000 epoch=7167 flow=38 side=new cur=8788121570 next=8870133503 tgt=9208695586 f=0.195 u=1 breach=9 end=
CBAP_MIG t=35835000 epoch=7167 flow=41 side=new cur=8788121576 next=8870133507 tgt=9208695586 f=0.195 u=1 breach=9 end=
CBAP_MIG t=35835000 epoch=7167 flow=43 side=new cur=8788121598 next=8870133525 tgt=9208695586 f=0.195 u=1 breach=9 end=
CBAP_MIG t=35835000 epoch=7167 flow=44 side=new cur=8788121599 next=8870133526 tgt=9208695586 f=0.195 u=1 breach=9 end=
CBAP_MIG t=35835000 epoch=7167 flow=45 side=new cur=8788121588 next=8870133517 tgt=9208695586 f=0.195 u=1 breach=9 end=
CBAP_MIG t=35835000 epoch=7167 flow=46 side=new cur=8788121593 next=8870133521 tgt=9208695586 f=0.195 u=1 breach=9 end=
CBAP_MIG t=35835000 epoch=7167 flow=47 side=new cur=8788121603 next=8870133529 tgt=9208695586 f=0.195 u=1 breach=9 end=
CBAP_MIG t=35835000 epoch=7167 flow=48 side=new cur=8788121597 next=8870133524 tgt=9208695586 f=0.195 u=1 breach=9 end=
CBAP_MIG t=35835000 epoch=7167 flow=49 side=new cur=8788121570 next=8870133503 tgt=9208695586 f=0.195 u=1 breach=9 end=
CBAP_MIG t=35835000 epoch=7167 flow=51 side=new cur=8788121569 next=8870133502 tgt=9208695586 f=0.195 u=1 breach=9 end=
CBAP_MIG t=35835000 epoch=7167 flow=52 side=new cur=8788121569 next=8870133502 tgt=9208695586 f=0.195 u=1 breach=9 end=
CBAP_MIG t=35835000 epoch=7167 flow=53 side=new cur=8788121587 next=8870133516 tgt=9208695586 f=0.195 u=1 breach=9 end=
CBAP_MIG t=35835000 epoch=7167 flow=54 side=new cur=8788121590 next=8870133519 tgt=9208695586 f=0.195 u=1 breach=9 end=
CBAP_MIG t=35835000 epoch=7167 flow=55 side=new cur=8788121597 next=8870133524 tgt=9208695586 f=0.195 u=1 breach=9 end=
CBAP_MIG t=35835000 epoch=7167 flow=56 side=new cur=8788121603 next=8870133529 tgt=9208695586 f=0.195 u=1 breach=9 end=
CBAP_MIG t=35835000 epoch=7167 flow=57 side=new cur=8788121593 next=8870133521 tgt=9208695586 f=0.195 u=1 breach=9 end=
CBAP_MIG t=35835000 epoch=7167 flow=59 side=new cur=8788121586 next=8870133516 tgt=9208695586 f=0.195 u=1 breach=9 end=
CBAP_MIG t=35835000 epoch=7167 flow=62 side=new cur=8788121598 next=8870133525 tgt=9208695586 f=0.195 u=1 breach=9 end=
CBAP_MIG t=35835000 epoch=7167 flow=63 side=new cur=8788121570 next=8870133503 tgt=9208695586 f=0.195 u=1 breach=9 end=
CBAP_MIG t=35840000 epoch=7168 flow=2 side=new cur=8870133503 next=8936153109 tgt=9208695586 f=0.195 u=1 breach=9 end=
CBAP_MIG t=35840000 epoch=7168 flow=4 side=new cur=8870133525 next=8936153126 tgt=9208695586 f=0.195 u=1 breach=9 end=
CBAP_MIG t=35840000 epoch=7168 flow=5 side=new cur=8870133511 next=8936153115 tgt=9208695586 f=0.195 u=1 breach=9 end=
CBAP_MIG t=35840000 epoch=7168 flow=8 side=new cur=8870133516 next=8936153119 tgt=9208695586 f=0.195 u=1 breach=9 end=
CBAP_MIG t=35840000 epoch=7168 flow=9 side=new cur=8870133515 next=8936153118 tgt=9208695586 f=0.195 u=1 breach=9 end=
CBAP_MIG t=35840000 epoch=7168 flow=10 side=new cur=8870133524 next=8936153126 tgt=9208695586 f=0.195 u=1 breach=9 end=
CBAP_MIG t=35840000 epoch=7168 flow=11 side=new cur=8870133529 next=8936153130 tgt=9208695586 f=0.195 u=1 breach=9 end=
CBAP_MIG t=35840000 epoch=7168 flow=12 side=new cur=8870133521 next=8936153123 tgt=9208695586 f=0.195 u=1 breach=9 end=
CBAP_MIG t=35840000 epoch=7168 flow=13 side=new cur=8870133521 next=8936153123 tgt=9208695586 f=0.195 u=1 breach=9 end=
CBAP_MIG t=35840000 epoch=7168 flow=14 side=new cur=8870133502 next=8936153108 tgt=9208695586 f=0.195 u=1 breach=9 end=
CBAP_MIG t=35840000 epoch=7168 flow=15 side=new cur=8870133516 next=8936153119 tgt=9208695586 f=0.195 u=1 breach=9 end=
CBAP_MIG t=35840000 epoch=7168 flow=16 side=new cur=8870133516 next=8936153119 tgt=9208695586 f=0.195 u=1 breach=9 end=
CBAP_MIG t=35840000 epoch=7168 flow=18 side=new cur=8870133512 next=8936153116 tgt=9208695586 f=0.195 u=1 breach=9 end=
CBAP_MIG t=35840000 epoch=7168 flow=19 side=new cur=8870133525 next=8936153126 tgt=9208695586 f=0.195 u=1 breach=9 end=
CBAP_MIG t=35840000 epoch=7168 flow=20 side=new cur=8870133502 next=8936153108 tgt=9208695586 f=0.195 u=1 breach=9 end=
CBAP_MIG t=35840000 epoch=7168 flow=21 side=new cur=8870133503 next=8936153109 tgt=9208695586 f=0.195 u=1 breach=9 end=
CBAP_MIG t=35840000 epoch=7168 flow=22 side=new cur=8870133507 next=8936153112 tgt=9208695586 f=0.195 u=1 breach=9 end=
CBAP_MIG t=35840000 epoch=7168 flow=23 side=new cur=8870133522 next=8936153124 tgt=9208695586 f=0.195 u=1 breach=9 end=
CBAP_MIG t=35840000 epoch=7168 flow=25 side=new cur=8870133525 next=8936153126 tgt=9208695586 f=0.195 u=1 breach=9 end=
CBAP_MIG t=35840000 epoch=7168 flow=26 side=new cur=8870133528 next=8936153129 tgt=9208695586 f=0.195 u=1 breach=9 end=
CBAP_MIG t=35840000 epoch=7168 flow=29 side=new cur=8870133526 next=8936153127 tgt=9208695586 f=0.195 u=1 breach=9 end=
CBAP_MIG t=35840000 epoch=7168 flow=30 side=new cur=8870133524 next=8936153126 tgt=9208695586 f=0.195 u=1 breach=9 end=
CBAP_MIG t=35840000 epoch=7168 flow=31 side=new cur=8870133503 next=8936153109 tgt=9208695586 f=0.195 u=1 breach=9 end=
CBAP_MIG t=35840000 epoch=7168 flow=33 side=new cur=8870133521 next=8936153123 tgt=9208695586 f=0.195 u=1 breach=9 end=
CBAP_MIG t=35840000 epoch=7168 flow=34 side=new cur=8870133516 next=8936153119 tgt=9208695586 f=0.195 u=1 breach=9 end=
CBAP_MIG t=35840000 epoch=7168 flow=35 side=new cur=8870133525 next=8936153126 tgt=9208695586 f=0.195 u=1 breach=9 end=
CBAP_MIG t=35840000 epoch=7168 flow=36 side=new cur=8870133525 next=8936153126 tgt=9208695586 f=0.195 u=1 breach=9 end=
CBAP_MIG t=35840000 epoch=7168 flow=38 side=new cur=8870133503 next=8936153109 tgt=9208695586 f=0.195 u=1 breach=9 end=
CBAP_MIG t=35840000 epoch=7168 flow=41 side=new cur=8870133507 next=8936153112 tgt=9208695586 f=0.195 u=1 breach=9 end=
CBAP_MIG t=35840000 epoch=7168 flow=43 side=new cur=8870133525 next=8936153126 tgt=9208695586 f=0.195 u=1 breach=9 end=
CBAP_MIG t=35840000 epoch=7168 flow=44 side=new cur=8870133526 next=8936153127 tgt=9208695586 f=0.195 u=1 breach=9 end=
CBAP_MIG t=35840000 epoch=7168 flow=45 side=new cur=8870133517 next=8936153120 tgt=9208695586 f=0.195 u=1 breach=9 end=
CBAP_MIG t=35840000 epoch=7168 flow=46 side=new cur=8870133521 next=8936153123 tgt=9208695586 f=0.195 u=1 breach=9 end=
CBAP_MIG t=35840000 epoch=7168 flow=47 side=new cur=8870133529 next=8936153130 tgt=9208695586 f=0.195 u=1 breach=9 end=
CBAP_MIG t=35840000 epoch=7168 flow=48 side=new cur=8870133524 next=8936153126 tgt=9208695586 f=0.195 u=1 breach=9 end=
CBAP_MIG t=35840000 epoch=7168 flow=49 side=new cur=8870133503 next=8936153109 tgt=9208695586 f=0.195 u=1 breach=9 end=
CBAP_MIG t=35840000 epoch=7168 flow=51 side=new cur=8870133502 next=8936153108 tgt=9208695586 f=0.195 u=1 breach=9 end=
CBAP_MIG t=35840000 epoch=7168 flow=52 side=new cur=8870133502 next=8936153108 tgt=9208695586 f=0.195 u=1 breach=9 end=
CBAP_MIG t=35840000 epoch=7168 flow=53 side=new cur=8870133516 next=8936153119 tgt=9208695586 f=0.195 u=1 breach=9 end=
CBAP_MIG t=35840000 epoch=7168 flow=54 side=new cur=8870133519 next=8936153122 tgt=9208695586 f=0.195 u=1 breach=9 end=
CBAP_MIG t=35840000 epoch=7168 flow=55 side=new cur=8870133524 next=8936153126 tgt=9208695586 f=0.195 u=1 breach=9 end=
CBAP_MIG t=35840000 epoch=7168 flow=56 side=new cur=8870133529 next=8936153130 tgt=9208695586 f=0.195 u=1 breach=9 end=
CBAP_MIG t=35840000 epoch=7168 flow=57 side=new cur=8870133521 next=8936153123 tgt=9208695586 f=0.195 u=1 breach=9 end=
CBAP_MIG t=35840000 epoch=7168 flow=59 side=new cur=8870133516 next=8936153119 tgt=9208695586 f=0.195 u=1 breach=9 end=
CBAP_MIG t=35840000 epoch=7168 flow=62 side=new cur=8870133525 next=8936153126 tgt=9208695586 f=0.195 u=1 breach=9 end=
CBAP_MIG t=35840000 epoch=7168 flow=63 side=new cur=8870133503 next=8936153109 tgt=9208695586 f=0.195 u=1 breach=9 end=
CBAP_MIG t=35845000 epoch=7169 flow=2 side=new cur=8936153109 next=8989298892 tgt=9208695586 f=0.195 u=1 breach=9 end=
CBAP_MIG t=35845000 epoch=7169 flow=4 side=new cur=8936153126 next=8989298905 tgt=9208695586 f=0.195 u=1 breach=9 end=
CBAP_MIG t=35845000 epoch=7169 flow=5 side=new cur=8936153115 next=8989298896 tgt=9208695586 f=0.195 u=1 breach=9 end=
CBAP_MIG t=35845000 epoch=7169 flow=8 side=new cur=8936153119 next=8989298900 tgt=9208695586 f=0.195 u=1 breach=9 end=
CBAP_MIG t=35845000 epoch=7169 flow=9 side=new cur=8936153118 next=8989298899 tgt=9208695586 f=0.195 u=1 breach=9 end=
CBAP_MIG t=35845000 epoch=7169 flow=10 side=new cur=8936153126 next=8989298905 tgt=9208695586 f=0.195 u=1 breach=9 end=
CBAP_MIG t=35845000 epoch=7169 flow=11 side=new cur=8936153130 next=8989298908 tgt=9208695586 f=0.195 u=1 breach=9 end=
CBAP_MIG t=35845000 epoch=7169 flow=12 side=new cur=8936153123 next=8989298903 tgt=9208695586 f=0.195 u=1 breach=9 end=
CBAP_MIG t=35845000 epoch=7169 flow=13 side=new cur=8936153123 next=8989298903 tgt=9208695586 f=0.195 u=1 breach=9 end=
CBAP_MIG t=35845000 epoch=7169 flow=14 side=new cur=8936153108 next=8989298891 tgt=9208695586 f=0.195 u=1 breach=9 end=
CBAP_MIG t=35845000 epoch=7169 flow=15 side=new cur=8936153119 next=8989298900 tgt=9208695586 f=0.195 u=1 breach=9 end=
CBAP_MIG t=35845000 epoch=7169 flow=16 side=new cur=8936153119 next=8989298900 tgt=9208695586 f=0.195 u=1 breach=9 end=
CBAP_MIG t=35845000 epoch=7169 flow=18 side=new cur=8936153116 next=8989298897 tgt=9208695586 f=0.195 u=1 breach=9 end=
CBAP_MIG t=35845000 epoch=7169 flow=19 side=new cur=8936153126 next=8989298905 tgt=9208695586 f=0.195 u=1 breach=9 end=
CBAP_MIG t=35845000 epoch=7169 flow=20 side=new cur=8936153108 next=8989298891 tgt=9208695586 f=0.195 u=1 breach=9 end=
CBAP_MIG t=35845000 epoch=7169 flow=21 side=new cur=8936153109 next=8989298892 tgt=9208695586 f=0.195 u=1 breach=9 end=
CBAP_MIG t=35845000 epoch=7169 flow=22 side=new cur=8936153112 next=8989298894 tgt=9208695586 f=0.195 u=1 breach=9 end=
CBAP_MIG t=35845000 epoch=7169 flow=23 side=new cur=8936153124 next=8989298904 tgt=9208695586 f=0.195 u=1 breach=9 end=
CBAP_MIG t=35845000 epoch=7169 flow=25 side=new cur=8936153126 next=8989298905 tgt=9208695586 f=0.195 u=1 breach=9 end=
CBAP_MIG t=35845000 epoch=7169 flow=26 side=new cur=8936153129 next=8989298908 tgt=9208695586 f=0.195 u=1 breach=9 end=
CBAP_MIG t=35845000 epoch=7169 flow=29 side=new cur=8936153127 next=8989298906 tgt=9208695586 f=0.195 u=1 breach=9 end=
CBAP_MIG t=35845000 epoch=7169 flow=30 side=new cur=8936153126 next=8989298905 tgt=9208695586 f=0.195 u=1 breach=9 end=
CBAP_MIG t=35845000 epoch=7169 flow=31 side=new cur=8936153109 next=8989298892 tgt=9208695586 f=0.195 u=1 breach=9 end=
CBAP_MIG t=35845000 epoch=7169 flow=33 side=new cur=8936153123 next=8989298903 tgt=9208695586 f=0.195 u=1 breach=9 end=
CBAP_MIG t=35845000 epoch=7169 flow=34 side=new cur=8936153119 next=8989298900 tgt=9208695586 f=0.195 u=1 breach=9 end=
CBAP_MIG t=35845000 epoch=7169 flow=35 side=new cur=8936153126 next=8989298905 tgt=9208695586 f=0.195 u=1 breach=9 end=
CBAP_MIG t=35845000 epoch=7169 flow=36 side=new cur=8936153126 next=8989298905 tgt=9208695586 f=0.195 u=1 breach=9 end=
CBAP_MIG t=35845000 epoch=7169 flow=38 side=new cur=8936153109 next=8989298892 tgt=9208695586 f=0.195 u=1 breach=9 end=
CBAP_MIG t=35845000 epoch=7169 flow=41 side=new cur=8936153112 next=8989298894 tgt=9208695586 f=0.195 u=1 breach=9 end=
CBAP_MIG t=35845000 epoch=7169 flow=43 side=new cur=8936153126 next=8989298905 tgt=9208695586 f=0.195 u=1 breach=9 end=
CBAP_MIG t=35845000 epoch=7169 flow=44 side=new cur=8936153127 next=8989298906 tgt=9208695586 f=0.195 u=1 breach=9 end=
CBAP_MIG t=35845000 epoch=7169 flow=45 side=new cur=8936153120 next=8989298900 tgt=9208695586 f=0.195 u=1 breach=9 end=
CBAP_MIG t=35845000 epoch=7169 flow=46 side=new cur=8936153123 next=8989298903 tgt=9208695586 f=0.195 u=1 breach=9 end=
CBAP_MIG t=35845000 epoch=7169 flow=47 side=new cur=8936153130 next=8989298908 tgt=9208695586 f=0.195 u=1 breach=9 end=
CBAP_MIG t=35845000 epoch=7169 flow=48 side=new cur=8936153126 next=8989298905 tgt=9208695586 f=0.195 u=1 breach=9 end=
CBAP_MIG t=35845000 epoch=7169 flow=49 side=new cur=8936153109 next=8989298892 tgt=9208695586 f=0.195 u=1 breach=9 end=
CBAP_MIG t=35845000 epoch=7169 flow=51 side=new cur=8936153108 next=8989298891 tgt=9208695586 f=0.195 u=1 breach=9 end=
CBAP_MIG t=35845000 epoch=7169 flow=52 side=new cur=8936153108 next=8989298891 tgt=9208695586 f=0.195 u=1 breach=9 end=
CBAP_MIG t=35845000 epoch=7169 flow=53 side=new cur=8936153119 next=8989298900 tgt=9208695586 f=0.195 u=1 breach=9 end=
CBAP_MIG t=35845000 epoch=7169 flow=54 side=new cur=8936153122 next=8989298902 tgt=9208695586 f=0.195 u=1 breach=9 end=
CBAP_MIG t=35845000 epoch=7169 flow=55 side=new cur=8936153126 next=8989298905 tgt=9208695586 f=0.195 u=1 breach=9 end=
CBAP_MIG t=35845000 epoch=7169 flow=56 side=new cur=8936153130 next=8989298908 tgt=9208695586 f=0.195 u=1 breach=9 end=
CBAP_MIG t=35845000 epoch=7169 flow=57 side=new cur=8936153123 next=8989298903 tgt=9208695586 f=0.195 u=1 breach=9 end=
CBAP_MIG t=35845000 epoch=7169 flow=59 side=new cur=8936153119 next=8989298900 tgt=9208695586 f=0.195 u=1 breach=9 end=
CBAP_MIG t=35845000 epoch=7169 flow=62 side=new cur=8936153126 next=8989298905 tgt=9208695586 f=0.195 u=1 breach=9 end=
CBAP_MIG t=35845000 epoch=7169 flow=63 side=new cur=8936153109 next=8989298892 tgt=9208695586 f=0.195 u=1 breach=9 end=
CBAP_MIG t=35850000 epoch=7170 flow=2 side=new cur=8989298892 next=9032081247 tgt=9208695586 f=0.195 u=1 breach=9 end=
CBAP_MIG t=35850000 epoch=7170 flow=4 side=new cur=8989298905 next=9032081257 tgt=9208695586 f=0.195 u=1 breach=9 end=
CBAP_MIG t=35850000 epoch=7170 flow=5 side=new cur=8989298896 next=9032081250 tgt=9208695586 f=0.195 u=1 breach=9 end=
CBAP_MIG t=35850000 epoch=7170 flow=8 side=new cur=8989298900 next=9032081253 tgt=9208695586 f=0.195 u=1 breach=9 end=
CBAP_MIG t=35850000 epoch=7170 flow=9 side=new cur=8989298899 next=9032081252 tgt=9208695586 f=0.195 u=1 breach=9 end=
CBAP_MIG t=35850000 epoch=7170 flow=10 side=new cur=8989298905 next=9032081257 tgt=9208695586 f=0.195 u=1 breach=9 end=
CBAP_MIG t=35850000 epoch=7170 flow=11 side=new cur=8989298908 next=9032081260 tgt=9208695586 f=0.195 u=1 breach=9 end=
CBAP_MIG t=35850000 epoch=7170 flow=12 side=new cur=8989298903 next=9032081256 tgt=9208695586 f=0.195 u=1 breach=9 end=
CBAP_MIG t=35850000 epoch=7170 flow=13 side=new cur=8989298903 next=9032081256 tgt=9208695586 f=0.195 u=1 breach=9 end=
CBAP_MIG t=35850000 epoch=7170 flow=14 side=new cur=8989298891 next=9032081246 tgt=9208695586 f=0.195 u=1 breach=9 end=
CBAP_MIG t=35850000 epoch=7170 flow=15 side=new cur=8989298900 next=9032081253 tgt=9208695586 f=0.195 u=1 breach=9 end=
CBAP_MIG t=35850000 epoch=7170 flow=16 side=new cur=8989298900 next=9032081253 tgt=9208695586 f=0.195 u=1 breach=9 end=
CBAP_MIG t=35850000 epoch=7170 flow=18 side=new cur=8989298897 next=9032081251 tgt=9208695586 f=0.195 u=1 breach=9 end=
CBAP_MIG t=35850000 epoch=7170 flow=19 side=new cur=8989298905 next=9032081257 tgt=9208695586 f=0.195 u=1 breach=9 end=
CBAP_MIG t=35850000 epoch=7170 flow=20 side=new cur=8989298891 next=9032081246 tgt=9208695586 f=0.195 u=1 breach=9 end=
CBAP_MIG t=35850000 epoch=7170 flow=21 side=new cur=8989298892 next=9032081247 tgt=9208695586 f=0.195 u=1 breach=9 end=
CBAP_MIG t=35850000 epoch=7170 flow=22 side=new cur=8989298894 next=9032081248 tgt=9208695586 f=0.195 u=1 breach=9 end=
CBAP_MIG t=35850000 epoch=7170 flow=23 side=new cur=8989298904 next=9032081256 tgt=9208695586 f=0.195 u=1 breach=9 end=
CBAP_MIG t=35850000 epoch=7170 flow=25 side=new cur=8989298905 next=9032081257 tgt=9208695586 f=0.195 u=1 breach=9 end=
CBAP_MIG t=35850000 epoch=7170 flow=26 side=new cur=8989298908 next=9032081260 tgt=9208695586 f=0.195 u=1 breach=9 end=
CBAP_MIG t=35850000 epoch=7170 flow=29 side=new cur=8989298906 next=9032081258 tgt=9208695586 f=0.195 u=1 breach=9 end=
CBAP_MIG t=35850000 epoch=7170 flow=30 side=new cur=8989298905 next=9032081257 tgt=9208695586 f=0.195 u=1 breach=9 end=
CBAP_MIG t=35850000 epoch=7170 flow=31 side=new cur=8989298892 next=9032081247 tgt=9208695586 f=0.195 u=1 breach=9 end=
CBAP_MIG t=35850000 epoch=7170 flow=33 side=new cur=8989298903 next=9032081256 tgt=9208695586 f=0.195 u=1 breach=9 end=
CBAP_MIG t=35850000 epoch=7170 flow=34 side=new cur=8989298900 next=9032081253 tgt=9208695586 f=0.195 u=1 breach=9 end=
CBAP_MIG t=35850000 epoch=7170 flow=35 side=new cur=8989298905 next=9032081257 tgt=9208695586 f=0.195 u=1 breach=9 end=
CBAP_MIG t=35850000 epoch=7170 flow=36 side=new cur=8989298905 next=9032081257 tgt=9208695586 f=0.195 u=1 breach=9 end=
CBAP_MIG t=35850000 epoch=7170 flow=38 side=new cur=8989298892 next=9032081247 tgt=9208695586 f=0.195 u=1 breach=9 end=
CBAP_MIG t=35850000 epoch=7170 flow=41 side=new cur=8989298894 next=9032081248 tgt=9208695586 f=0.195 u=1 breach=9 end=
CBAP_MIG t=35850000 epoch=7170 flow=43 side=new cur=8989298905 next=9032081257 tgt=9208695586 f=0.195 u=1 breach=9 end=
CBAP_MIG t=35850000 epoch=7170 flow=44 side=new cur=8989298906 next=9032081258 tgt=9208695586 f=0.195 u=1 breach=9 end=
CBAP_MIG t=35850000 epoch=7170 flow=45 side=new cur=8989298900 next=9032081253 tgt=9208695586 f=0.195 u=1 breach=9 end=
CBAP_MIG t=35850000 epoch=7170 flow=46 side=new cur=8989298903 next=9032081256 tgt=9208695586 f=0.195 u=1 breach=9 end=
CBAP_MIG t=35850000 epoch=7170 flow=47 side=new cur=8989298908 next=9032081260 tgt=9208695586 f=0.195 u=1 breach=9 end=
CBAP_MIG t=35850000 epoch=7170 flow=48 side=new cur=8989298905 next=9032081257 tgt=9208695586 f=0.195 u=1 breach=9 end=
CBAP_MIG t=35850000 epoch=7170 flow=49 side=new cur=8989298892 next=9032081247 tgt=9208695586 f=0.195 u=1 breach=9 end=
CBAP_MIG t=35850000 epoch=7170 flow=51 side=new cur=8989298891 next=9032081246 tgt=9208695586 f=0.195 u=1 breach=9 end=
CBAP_MIG t=35850000 epoch=7170 flow=52 side=new cur=8989298891 next=9032081246 tgt=9208695586 f=0.195 u=1 breach=9 end=
CBAP_MIG t=35850000 epoch=7170 flow=53 side=new cur=8989298900 next=9032081253 tgt=9208695586 f=0.195 u=1 breach=9 end=
CBAP_MIG t=35850000 epoch=7170 flow=54 side=new cur=8989298902 next=9032081255 tgt=9208695586 f=0.195 u=1 breach=9 end=
CBAP_MIG t=35850000 epoch=7170 flow=55 side=new cur=8989298905 next=9032081257 tgt=9208695586 f=0.195 u=1 breach=9 end=
CBAP_MIG t=35850000 epoch=7170 flow=56 side=new cur=8989298908 next=9032081260 tgt=9208695586 f=0.195 u=1 breach=9 end=
CBAP_MIG t=35850000 epoch=7170 flow=57 side=new cur=8989298903 next=9032081256 tgt=9208695586 f=0.195 u=1 breach=9 end=
CBAP_MIG t=35850000 epoch=7170 flow=59 side=new cur=8989298900 next=9032081253 tgt=9208695586 f=0.195 u=1 breach=9 end=
CBAP_MIG t=35850000 epoch=7170 flow=62 side=new cur=8989298905 next=9032081257 tgt=9208695586 f=0.195 u=1 breach=9 end=
CBAP_MIG t=35850000 epoch=7170 flow=63 side=new cur=8989298892 next=9032081247 tgt=9208695586 f=0.195 u=1 breach=9 end=
CBAP_MIG t=35855000 epoch=7171 flow=2 side=new cur=9032081247 next=9066521043 tgt=9208695586 f=0.195 u=1 breach=9 end=
CBAP_MIG t=35855000 epoch=7171 flow=4 side=new cur=9032081257 next=9066521051 tgt=9208695586 f=0.195 u=1 breach=9 end=
CBAP_MIG t=35855000 epoch=7171 flow=5 side=new cur=9032081250 next=9066521045 tgt=9208695586 f=0.195 u=1 breach=9 end=
CBAP_MIG t=35855000 epoch=7171 flow=8 side=new cur=9032081253 next=9066521047 tgt=9208695586 f=0.195 u=1 breach=9 end=
CBAP_MIG t=35855000 epoch=7171 flow=9 side=new cur=9032081252 next=9066521047 tgt=9208695586 f=0.195 u=1 breach=9 end=
CBAP_MIG t=35855000 epoch=7171 flow=10 side=new cur=9032081257 next=9066521051 tgt=9208695586 f=0.195 u=1 breach=9 end=
CBAP_MIG t=35855000 epoch=7171 flow=11 side=new cur=9032081260 next=9066521053 tgt=9208695586 f=0.195 u=1 breach=9 end=
CBAP_MIG t=35855000 epoch=7171 flow=12 side=new cur=9032081256 next=9066521050 tgt=9208695586 f=0.195 u=1 breach=9 end=
CBAP_MIG t=35855000 epoch=7171 flow=13 side=new cur=9032081256 next=9066521050 tgt=9208695586 f=0.195 u=1 breach=9 end=
CBAP_MIG t=35855000 epoch=7171 flow=14 side=new cur=9032081246 next=9066521042 tgt=9208695586 f=0.195 u=1 breach=9 end=
CBAP_MIG t=35855000 epoch=7171 flow=15 side=new cur=9032081253 next=9066521047 tgt=9208695586 f=0.195 u=1 breach=9 end=
CBAP_MIG t=35855000 epoch=7171 flow=16 side=new cur=9032081253 next=9066521047 tgt=9208695586 f=0.195 u=1 breach=9 end=
CBAP_MIG t=35855000 epoch=7171 flow=18 side=new cur=9032081251 next=9066521046 tgt=9208695586 f=0.195 u=1 breach=9 end=
CBAP_MIG t=35855000 epoch=7171 flow=19 side=new cur=9032081257 next=9066521051 tgt=9208695586 f=0.195 u=1 breach=9 end=
CBAP_MIG t=35855000 epoch=7171 flow=20 side=new cur=9032081246 next=9066521042 tgt=9208695586 f=0.195 u=1 breach=9 end=
CBAP_MIG t=35855000 epoch=7171 flow=21 side=new cur=9032081247 next=9066521043 tgt=9208695586 f=0.195 u=1 breach=9 end=
CBAP_MIG t=35855000 epoch=7171 flow=22 side=new cur=9032081248 next=9066521043 tgt=9208695586 f=0.195 u=1 breach=9 end=
CBAP_MIG t=35855000 epoch=7171 flow=23 side=new cur=9032081256 next=9066521050 tgt=9208695586 f=0.195 u=1 breach=9 end=
CBAP_MIG t=35855000 epoch=7171 flow=25 side=new cur=9032081257 next=9066521051 tgt=9208695586 f=0.195 u=1 breach=9 end=
CBAP_MIG t=35855000 epoch=7171 flow=26 side=new cur=9032081260 next=9066521053 tgt=9208695586 f=0.195 u=1 breach=9 end=
CBAP_MIG t=35855000 epoch=7171 flow=29 side=new cur=9032081258 next=9066521051 tgt=9208695586 f=0.195 u=1 breach=9 end=
CBAP_MIG t=35855000 epoch=7171 flow=30 side=new cur=9032081257 next=9066521051 tgt=9208695586 f=0.195 u=1 breach=9 end=
CBAP_MIG t=35855000 epoch=7171 flow=31 side=new cur=9032081247 next=9066521043 tgt=9208695586 f=0.195 u=1 breach=9 end=
CBAP_MIG t=35855000 epoch=7171 flow=33 side=new cur=9032081256 next=9066521050 tgt=9208695586 f=0.195 u=1 breach=9 end=
CBAP_MIG t=35855000 epoch=7171 flow=34 side=new cur=9032081253 next=9066521047 tgt=9208695586 f=0.195 u=1 breach=9 end=
CBAP_MIG t=35855000 epoch=7171 flow=35 side=new cur=9032081257 next=9066521051 tgt=9208695586 f=0.195 u=1 breach=9 end=
CBAP_MIG t=35855000 epoch=7171 flow=36 side=new cur=9032081257 next=9066521051 tgt=9208695586 f=0.195 u=1 breach=9 end=
CBAP_MIG t=35855000 epoch=7171 flow=38 side=new cur=9032081247 next=9066521043 tgt=9208695586 f=0.195 u=1 breach=9 end=
CBAP_MIG t=35855000 epoch=7171 flow=41 side=new cur=9032081248 next=9066521043 tgt=9208695586 f=0.195 u=1 breach=9 end=
CBAP_MIG t=35855000 epoch=7171 flow=43 side=new cur=9032081257 next=9066521051 tgt=9208695586 f=0.195 u=1 breach=9 end=
CBAP_MIG t=35855000 epoch=7171 flow=44 side=new cur=9032081258 next=9066521051 tgt=9208695586 f=0.195 u=1 breach=9 end=
CBAP_MIG t=35855000 epoch=7171 flow=45 side=new cur=9032081253 next=9066521047 tgt=9208695586 f=0.195 u=1 breach=9 end=
CBAP_MIG t=35855000 epoch=7171 flow=46 side=new cur=9032081256 next=9066521050 tgt=9208695586 f=0.195 u=1 breach=9 end=
CBAP_MIG t=35855000 epoch=7171 flow=47 side=new cur=9032081260 next=9066521053 tgt=9208695586 f=0.195 u=1 breach=9 end=
CBAP_MIG t=35855000 epoch=7171 flow=48 side=new cur=9032081257 next=9066521051 tgt=9208695586 f=0.195 u=1 breach=9 end=
CBAP_MIG t=35855000 epoch=7171 flow=49 side=new cur=9032081247 next=9066521043 tgt=9208695586 f=0.195 u=1 breach=9 end=
CBAP_MIG t=35855000 epoch=7171 flow=51 side=new cur=9032081246 next=9066521042 tgt=9208695586 f=0.195 u=1 breach=9 end=
CBAP_MIG t=35855000 epoch=7171 flow=52 side=new cur=9032081246 next=9066521042 tgt=9208695586 f=0.195 u=1 breach=9 end=
CBAP_MIG t=35855000 epoch=7171 flow=53 side=new cur=9032081253 next=9066521047 tgt=9208695586 f=0.195 u=1 breach=9 end=
CBAP_MIG t=35855000 epoch=7171 flow=54 side=new cur=9032081255 next=9066521049 tgt=9208695586 f=0.195 u=1 breach=9 end=
CBAP_MIG t=35855000 epoch=7171 flow=55 side=new cur=9032081257 next=9066521051 tgt=9208695586 f=0.195 u=1 breach=9 end=
CBAP_MIG t=35855000 epoch=7171 flow=56 side=new cur=9032081260 next=9066521053 tgt=9208695586 f=0.195 u=1 breach=9 end=
CBAP_MIG t=35855000 epoch=7171 flow=57 side=new cur=9032081256 next=9066521050 tgt=9208695586 f=0.195 u=1 breach=9 end=
CBAP_MIG t=35855000 epoch=7171 flow=59 side=new cur=9032081253 next=9066521047 tgt=9208695586 f=0.195 u=1 breach=9 end=
CBAP_MIG t=35855000 epoch=7171 flow=62 side=new cur=9032081257 next=9066521051 tgt=9208695586 f=0.195 u=1 breach=9 end=
CBAP_MIG t=35855000 epoch=7171 flow=63 side=new cur=9032081247 next=9066521043 tgt=9208695586 f=0.195 u=1 breach=9 end=
CBAP_MIG_REPLAN t=35860000 reason=active_set_shrank flow=0 batch=0 newest_batch=1 cur=4000021274 target=4000000000 ceiling=320000000000 old_side_present=1
CBAP_MIG_REPLAN t=35860000 reason=active_set_shrank flow=2 batch=1 newest_batch=1 cur=9066521043 target=9413333286 ceiling=400000000000 old_side_present=1
CBAP_MIG_REPLAN t=35860000 reason=active_set_shrank flow=4 batch=1 newest_batch=1 cur=9066521051 target=9413333286 ceiling=400000000000 old_side_present=1
CBAP_MIG_REPLAN t=35860000 reason=active_set_shrank flow=5 batch=1 newest_batch=1 cur=9066521045 target=9413333286 ceiling=400000000000 old_side_present=1
CBAP_MIG_REPLAN t=35860000 reason=active_set_shrank flow=8 batch=1 newest_batch=1 cur=9066521047 target=9413333286 ceiling=400000000000 old_side_present=1
CBAP_MIG_REPLAN t=35860000 reason=active_set_shrank flow=9 batch=1 newest_batch=1 cur=9066521047 target=9413333286 ceiling=400000000000 old_side_present=1
CBAP_MIG_REPLAN t=35860000 reason=active_set_shrank flow=10 batch=1 newest_batch=1 cur=9066521051 target=9413333286 ceiling=400000000000 old_side_present=1
CBAP_MIG_REPLAN t=35860000 reason=active_set_shrank flow=11 batch=1 newest_batch=1 cur=9066521053 target=9413333286 ceiling=400000000000 old_side_present=1
CBAP_MIG_REPLAN t=35860000 reason=active_set_shrank flow=12 batch=1 newest_batch=1 cur=9066521050 target=9413333286 ceiling=400000000000 old_side_present=1
CBAP_MIG_REPLAN t=35860000 reason=active_set_shrank flow=13 batch=1 newest_batch=1 cur=9066521050 target=9413333286 ceiling=400000000000 old_side_present=1
CBAP_MIG_REPLAN t=35860000 reason=active_set_shrank flow=14 batch=1 newest_batch=1 cur=9066521042 target=9413333286 ceiling=400000000000 old_side_present=1
CBAP_MIG_REPLAN t=35860000 reason=active_set_shrank flow=15 batch=1 newest_batch=1 cur=9066521047 target=9413333286 ceiling=400000000000 old_side_present=1
CBAP_MIG_REPLAN t=35860000 reason=active_set_shrank flow=16 batch=1 newest_batch=1 cur=9066521047 target=9413333286 ceiling=400000000000 old_side_present=1
CBAP_MIG_REPLAN t=35860000 reason=active_set_shrank flow=18 batch=1 newest_batch=1 cur=9066521046 target=9413333286 ceiling=400000000000 old_side_present=1
CBAP_MIG_REPLAN t=35860000 reason=active_set_shrank flow=19 batch=1 newest_batch=1 cur=9066521051 target=9413333286 ceiling=400000000000 old_side_present=1
CBAP_MIG_REPLAN t=35860000 reason=active_set_shrank flow=20 batch=1 newest_batch=1 cur=9066521042 target=9413333286 ceiling=400000000000 old_side_present=1
CBAP_MIG_REPLAN t=35860000 reason=active_set_shrank flow=21 batch=1 newest_batch=1 cur=9066521043 target=9413333286 ceiling=400000000000 old_side_present=1
CBAP_MIG_REPLAN t=35860000 reason=active_set_shrank flow=22 batch=1 newest_batch=1 cur=9066521043 target=9413333286 ceiling=400000000000 old_side_present=1
CBAP_MIG_REPLAN t=35860000 reason=active_set_shrank flow=23 batch=1 newest_batch=1 cur=9066521050 target=9413333286 ceiling=400000000000 old_side_present=1
CBAP_MIG_REPLAN t=35860000 reason=active_set_shrank flow=25 batch=1 newest_batch=1 cur=9066521051 target=9413333286 ceiling=400000000000 old_side_present=1
CBAP_MIG_REPLAN t=35860000 reason=active_set_shrank flow=26 batch=1 newest_batch=1 cur=9066521053 target=9413333286 ceiling=400000000000 old_side_present=1
CBAP_MIG_REPLAN t=35860000 reason=active_set_shrank flow=30 batch=1 newest_batch=1 cur=9066521051 target=9413333286 ceiling=400000000000 old_side_present=1
CBAP_MIG_REPLAN t=35860000 reason=active_set_shrank flow=31 batch=1 newest_batch=1 cur=9066521043 target=9413333286 ceiling=400000000000 old_side_present=1
CBAP_MIG_REPLAN t=35860000 reason=active_set_shrank flow=33 batch=1 newest_batch=1 cur=9066521050 target=9413333286 ceiling=400000000000 old_side_present=1
CBAP_MIG_REPLAN t=35860000 reason=active_set_shrank flow=34 batch=1 newest_batch=1 cur=9066521047 target=9413333286 ceiling=400000000000 old_side_present=1
CBAP_MIG_REPLAN t=35860000 reason=active_set_shrank flow=35 batch=1 newest_batch=1 cur=9066521051 target=9413333286 ceiling=400000000000 old_side_present=1
CBAP_MIG_REPLAN t=35860000 reason=active_set_shrank flow=36 batch=1 newest_batch=1 cur=9066521051 target=9413333286 ceiling=400000000000 old_side_present=1
CBAP_MIG_REPLAN t=35860000 reason=active_set_shrank flow=38 batch=1 newest_batch=1 cur=9066521043 target=9413333286 ceiling=400000000000 old_side_present=1
CBAP_MIG_REPLAN t=35860000 reason=active_set_shrank flow=41 batch=1 newest_batch=1 cur=9066521043 target=9413333286 ceiling=400000000000 old_side_present=1
CBAP_MIG_REPLAN t=35860000 reason=active_set_shrank flow=43 batch=1 newest_batch=1 cur=9066521051 target=9413333286 ceiling=400000000000 old_side_present=1
CBAP_MIG_REPLAN t=35860000 reason=active_set_shrank flow=44 batch=1 newest_batch=1 cur=9066521051 target=9413333286 ceiling=400000000000 old_side_present=1
CBAP_MIG_REPLAN t=35860000 reason=active_set_shrank flow=45 batch=1 newest_batch=1 cur=9066521047 target=9413333286 ceiling=400000000000 old_side_present=1
CBAP_MIG_REPLAN t=35860000 reason=active_set_shrank flow=46 batch=1 newest_batch=1 cur=9066521050 target=9413333286 ceiling=400000000000 old_side_present=1
CBAP_MIG_REPLAN t=35860000 reason=active_set_shrank flow=47 batch=1 newest_batch=1 cur=9066521053 target=9413333286 ceiling=400000000000 old_side_present=1
CBAP_MIG_REPLAN t=35860000 reason=active_set_shrank flow=48 batch=1 newest_batch=1 cur=9066521051 target=9413333286 ceiling=400000000000 old_side_present=1
CBAP_MIG_REPLAN t=35860000 reason=active_set_shrank flow=49 batch=1 newest_batch=1 cur=9066521043 target=9413333286 ceiling=400000000000 old_side_present=1
CBAP_MIG_REPLAN t=35860000 reason=active_set_shrank flow=51 batch=1 newest_batch=1 cur=9066521042 target=9413333286 ceiling=400000000000 old_side_present=1
CBAP_MIG_REPLAN t=35860000 reason=active_set_shrank flow=52 batch=1 newest_batch=1 cur=9066521042 target=9413333286 ceiling=400000000000 old_side_present=1
CBAP_MIG_REPLAN t=35860000 reason=active_set_shrank flow=53 batch=1 newest_batch=1 cur=9066521047 target=9413333286 ceiling=400000000000 old_side_present=1
CBAP_MIG_REPLAN t=35860000 reason=active_set_shrank flow=54 batch=1 newest_batch=1 cur=9066521049 target=9413333286 ceiling=400000000000 old_side_present=1
CBAP_MIG_REPLAN t=35860000 reason=active_set_shrank flow=55 batch=1 newest_batch=1 cur=9066521051 target=9413333286 ceiling=400000000000 old_side_present=1
CBAP_MIG_REPLAN t=35860000 reason=active_set_shrank flow=56 batch=1 newest_batch=1 cur=9066521053 target=9413333286 ceiling=400000000000 old_side_present=1
CBAP_MIG_REPLAN t=35860000 reason=active_set_shrank flow=57 batch=1 newest_batch=1 cur=9066521050 target=9413333286 ceiling=400000000000 old_side_present=1
CBAP_MIG_REPLAN t=35860000 reason=active_set_shrank flow=59 batch=1 newest_batch=1 cur=9066521047 target=9413333286 ceiling=400000000000 old_side_present=1
CBAP_MIG_REPLAN t=35860000 reason=active_set_shrank flow=62 batch=1 newest_batch=1 cur=9066521051 target=9413333286 ceiling=400000000000 old_side_present=1
CBAP_MIG_REPLAN t=35860000 reason=active_set_shrank flow=63 batch=1 newest_batch=1 cur=9066521043 target=9413333286 ceiling=400000000000 old_side_present=1
CBAP_MIG t=35860000 epoch=7172 flow=0 side=old cur=4000021274 next=4000014891 tgt=4000000000 f=0.3 u=1 breach=0 end=converged
CBAP_MIG t=35860000 epoch=7172 flow=2 side=new cur=9066521043 next=9134149430 tgt=9413333286 f=0.195 u=1 breach=9 end=
CBAP_MIG t=35860000 epoch=7172 flow=4 side=new cur=9066521051 next=9134149436 tgt=9413333286 f=0.195 u=1 breach=9 end=
CBAP_MIG t=35860000 epoch=7172 flow=5 side=new cur=9066521045 next=9134149431 tgt=9413333286 f=0.195 u=1 breach=9 end=
CBAP_MIG t=35860000 epoch=7172 flow=8 side=new cur=9066521047 next=9134149433 tgt=9413333286 f=0.195 u=1 breach=9 end=
CBAP_MIG t=35860000 epoch=7172 flow=9 side=new cur=9066521047 next=9134149433 tgt=9413333286 f=0.195 u=1 breach=9 end=
CBAP_MIG t=35860000 epoch=7172 flow=10 side=new cur=9066521051 next=9134149436 tgt=9413333286 f=0.195 u=1 breach=9 end=
CBAP_MIG t=35860000 epoch=7172 flow=11 side=new cur=9066521053 next=9134149438 tgt=9413333286 f=0.195 u=1 breach=9 end=
CBAP_MIG t=35860000 epoch=7172 flow=12 side=new cur=9066521050 next=9134149436 tgt=9413333286 f=0.195 u=1 breach=9 end=
CBAP_MIG t=35860000 epoch=7172 flow=13 side=new cur=9066521050 next=9134149436 tgt=9413333286 f=0.195 u=1 breach=9 end=
CBAP_MIG t=35860000 epoch=7172 flow=14 side=new cur=9066521042 next=9134149429 tgt=9413333286 f=0.195 u=1 breach=9 end=
CBAP_MIG t=35860000 epoch=7172 flow=15 side=new cur=9066521047 next=9134149433 tgt=9413333286 f=0.195 u=1 breach=9 end=
CBAP_MIG t=35860000 epoch=7172 flow=16 side=new cur=9066521047 next=9134149433 tgt=9413333286 f=0.195 u=1 breach=9 end=
CBAP_MIG t=35860000 epoch=7172 flow=18 side=new cur=9066521046 next=9134149432 tgt=9413333286 f=0.195 u=1 breach=9 end=
CBAP_MIG t=35860000 epoch=7172 flow=19 side=new cur=9066521051 next=9134149436 tgt=9413333286 f=0.195 u=1 breach=9 end=
CBAP_MIG t=35860000 epoch=7172 flow=20 side=new cur=9066521042 next=9134149429 tgt=9413333286 f=0.195 u=1 breach=9 end=
CBAP_MIG t=35860000 epoch=7172 flow=21 side=new cur=9066521043 next=9134149430 tgt=9413333286 f=0.195 u=1 breach=9 end=
CBAP_MIG t=35860000 epoch=7172 flow=22 side=new cur=9066521043 next=9134149430 tgt=9413333286 f=0.195 u=1 breach=9 end=
CBAP_MIG t=35860000 epoch=7172 flow=23 side=new cur=9066521050 next=9134149436 tgt=9413333286 f=0.195 u=1 breach=9 end=
CBAP_MIG t=35860000 epoch=7172 flow=25 side=new cur=9066521051 next=9134149436 tgt=9413333286 f=0.195 u=1 breach=9 end=
CBAP_MIG t=35860000 epoch=7172 flow=26 side=new cur=9066521053 next=9134149438 tgt=9413333286 f=0.195 u=1 breach=9 end=
CBAP_MIG t=35860000 epoch=7172 flow=30 side=new cur=9066521051 next=9134149436 tgt=9413333286 f=0.195 u=1 breach=9 end=
CBAP_MIG t=35860000 epoch=7172 flow=31 side=new cur=9066521043 next=9134149430 tgt=9413333286 f=0.195 u=1 breach=9 end=
CBAP_MIG t=35860000 epoch=7172 flow=33 side=new cur=9066521050 next=9134149436 tgt=9413333286 f=0.195 u=1 breach=9 end=
CBAP_MIG t=35860000 epoch=7172 flow=34 side=new cur=9066521047 next=9134149433 tgt=9413333286 f=0.195 u=1 breach=9 end=
CBAP_MIG t=35860000 epoch=7172 flow=35 side=new cur=9066521051 next=9134149436 tgt=9413333286 f=0.195 u=1 breach=9 end=
CBAP_MIG t=35860000 epoch=7172 flow=36 side=new cur=9066521051 next=9134149436 tgt=9413333286 f=0.195 u=1 breach=9 end=
CBAP_MIG t=35860000 epoch=7172 flow=38 side=new cur=9066521043 next=9134149430 tgt=9413333286 f=0.195 u=1 breach=9 end=
CBAP_MIG t=35860000 epoch=7172 flow=41 side=new cur=9066521043 next=9134149430 tgt=9413333286 f=0.195 u=1 breach=9 end=
CBAP_MIG t=35860000 epoch=7172 flow=43 side=new cur=9066521051 next=9134149436 tgt=9413333286 f=0.195 u=1 breach=9 end=
CBAP_MIG t=35860000 epoch=7172 flow=44 side=new cur=9066521051 next=9134149436 tgt=9413333286 f=0.195 u=1 breach=9 end=
CBAP_MIG t=35860000 epoch=7172 flow=45 side=new cur=9066521047 next=9134149433 tgt=9413333286 f=0.195 u=1 breach=9 end=
CBAP_MIG t=35860000 epoch=7172 flow=46 side=new cur=9066521050 next=9134149436 tgt=9413333286 f=0.195 u=1 breach=9 end=
CBAP_MIG t=35860000 epoch=7172 flow=47 side=new cur=9066521053 next=9134149438 tgt=9413333286 f=0.195 u=1 breach=9 end=
CBAP_MIG t=35860000 epoch=7172 flow=48 side=new cur=9066521051 next=9134149436 tgt=9413333286 f=0.195 u=1 breach=9 end=
CBAP_MIG t=35860000 epoch=7172 flow=49 side=new cur=9066521043 next=9134149430 tgt=9413333286 f=0.195 u=1 breach=9 end=
CBAP_MIG t=35860000 epoch=7172 flow=51 side=new cur=9066521042 next=9134149429 tgt=9413333286 f=0.195 u=1 breach=9 end=
CBAP_MIG t=35860000 epoch=7172 flow=52 side=new cur=9066521042 next=9134149429 tgt=9413333286 f=0.195 u=1 breach=9 end=
CBAP_MIG t=35860000 epoch=7172 flow=53 side=new cur=9066521047 next=9134149433 tgt=9413333286 f=0.195 u=1 breach=9 end=
CBAP_MIG t=35860000 epoch=7172 flow=54 side=new cur=9066521049 next=9134149435 tgt=9413333286 f=0.195 u=1 breach=9 end=
CBAP_MIG t=35860000 epoch=7172 flow=55 side=new cur=9066521051 next=9134149436 tgt=9413333286 f=0.195 u=1 breach=9 end=
CBAP_MIG t=35860000 epoch=7172 flow=56 side=new cur=9066521053 next=9134149438 tgt=9413333286 f=0.195 u=1 breach=9 end=
CBAP_MIG t=35860000 epoch=7172 flow=57 side=new cur=9066521050 next=9134149436 tgt=9413333286 f=0.195 u=1 breach=9 end=
CBAP_MIG t=35860000 epoch=7172 flow=59 side=new cur=9066521047 next=9134149433 tgt=9413333286 f=0.195 u=1 breach=9 end=
CBAP_MIG t=35860000 epoch=7172 flow=62 side=new cur=9066521051 next=9134149436 tgt=9413333286 f=0.195 u=1 breach=9 end=
CBAP_MIG t=35860000 epoch=7172 flow=63 side=new cur=9066521043 next=9134149430 tgt=9413333286 f=0.195 u=1 breach=9 end=
CBAP_MIG t=35865000 epoch=7173 flow=2 side=new cur=9134149430 next=9188590281 tgt=9413333286 f=0.195 u=1 breach=9 end=
CBAP_MIG t=35865000 epoch=7173 flow=4 side=new cur=9134149436 next=9188590286 tgt=9413333286 f=0.195 u=1 breach=9 end=
CBAP_MIG t=35865000 epoch=7173 flow=5 side=new cur=9134149431 next=9188590282 tgt=9413333286 f=0.195 u=1 breach=9 end=
CBAP_MIG t=35865000 epoch=7173 flow=8 side=new cur=9134149433 next=9188590284 tgt=9413333286 f=0.195 u=1 breach=9 end=
CBAP_MIG t=35865000 epoch=7173 flow=9 side=new cur=9134149433 next=9188590284 tgt=9413333286 f=0.195 u=1 breach=9 end=
CBAP_MIG t=35865000 epoch=7173 flow=10 side=new cur=9134149436 next=9188590286 tgt=9413333286 f=0.195 u=1 breach=9 end=
CBAP_MIG t=35865000 epoch=7173 flow=11 side=new cur=9134149438 next=9188590288 tgt=9413333286 f=0.195 u=1 breach=9 end=
CBAP_MIG t=35865000 epoch=7173 flow=12 side=new cur=9134149436 next=9188590286 tgt=9413333286 f=0.195 u=1 breach=9 end=
CBAP_MIG t=35865000 epoch=7173 flow=13 side=new cur=9134149436 next=9188590286 tgt=9413333286 f=0.195 u=1 breach=9 end=
CBAP_MIG t=35865000 epoch=7173 flow=14 side=new cur=9134149429 next=9188590281 tgt=9413333286 f=0.195 u=1 breach=9 end=
CBAP_MIG t=35865000 epoch=7173 flow=15 side=new cur=9134149433 next=9188590284 tgt=9413333286 f=0.195 u=1 breach=9 end=
CBAP_MIG t=35865000 epoch=7173 flow=16 side=new cur=9134149433 next=9188590284 tgt=9413333286 f=0.195 u=1 breach=9 end=
CBAP_MIG t=35865000 epoch=7173 flow=18 side=new cur=9134149432 next=9188590283 tgt=9413333286 f=0.195 u=1 breach=9 end=
CBAP_MIG t=35865000 epoch=7173 flow=19 side=new cur=9134149436 next=9188590286 tgt=9413333286 f=0.195 u=1 breach=9 end=
CBAP_MIG t=35865000 epoch=7173 flow=20 side=new cur=9134149429 next=9188590281 tgt=9413333286 f=0.195 u=1 breach=9 end=
CBAP_MIG t=35865000 epoch=7173 flow=21 side=new cur=9134149430 next=9188590281 tgt=9413333286 f=0.195 u=1 breach=9 end=
CBAP_MIG t=35865000 epoch=7173 flow=22 side=new cur=9134149430 next=9188590281 tgt=9413333286 f=0.195 u=1 breach=9 end=
CBAP_MIG t=35865000 epoch=7173 flow=23 side=new cur=9134149436 next=9188590286 tgt=9413333286 f=0.195 u=1 breach=9 end=
CBAP_MIG t=35865000 epoch=7173 flow=25 side=new cur=9134149436 next=9188590286 tgt=9413333286 f=0.195 u=1 breach=9 end=
CBAP_MIG t=35865000 epoch=7173 flow=26 side=new cur=9134149438 next=9188590288 tgt=9413333286 f=0.195 u=1 breach=9 end=
CBAP_MIG t=35865000 epoch=7173 flow=30 side=new cur=9134149436 next=9188590286 tgt=9413333286 f=0.195 u=1 breach=9 end=
CBAP_MIG t=35865000 epoch=7173 flow=31 side=new cur=9134149430 next=9188590281 tgt=9413333286 f=0.195 u=1 breach=9 end=
CBAP_MIG t=35865000 epoch=7173 flow=33 side=new cur=9134149436 next=9188590286 tgt=9413333286 f=0.195 u=1 breach=9 end=
CBAP_MIG t=35865000 epoch=7173 flow=34 side=new cur=9134149433 next=9188590284 tgt=9413333286 f=0.195 u=1 breach=9 end=
CBAP_MIG t=35865000 epoch=7173 flow=35 side=new cur=9134149436 next=9188590286 tgt=9413333286 f=0.195 u=1 breach=9 end=
CBAP_MIG t=35865000 epoch=7173 flow=36 side=new cur=9134149436 next=9188590286 tgt=9413333286 f=0.195 u=1 breach=9 end=
CBAP_MIG t=35865000 epoch=7173 flow=38 side=new cur=9134149430 next=9188590281 tgt=9413333286 f=0.195 u=1 breach=9 end=
CBAP_MIG t=35865000 epoch=7173 flow=41 side=new cur=9134149430 next=9188590281 tgt=9413333286 f=0.195 u=1 breach=9 end=
CBAP_MIG t=35865000 epoch=7173 flow=43 side=new cur=9134149436 next=9188590286 tgt=9413333286 f=0.195 u=1 breach=9 end=
CBAP_MIG t=35865000 epoch=7173 flow=44 side=new cur=9134149436 next=9188590286 tgt=9413333286 f=0.195 u=1 breach=9 end=
CBAP_MIG t=35865000 epoch=7173 flow=45 side=new cur=9134149433 next=9188590284 tgt=9413333286 f=0.195 u=1 breach=9 end=
CBAP_MIG t=35865000 epoch=7173 flow=46 side=new cur=9134149436 next=9188590286 tgt=9413333286 f=0.195 u=1 breach=9 end=
CBAP_MIG t=35865000 epoch=7173 flow=47 side=new cur=9134149438 next=9188590288 tgt=9413333286 f=0.195 u=1 breach=9 end=
CBAP_MIG t=35865000 epoch=7173 flow=48 side=new cur=9134149436 next=9188590286 tgt=9413333286 f=0.195 u=1 breach=9 end=
CBAP_MIG t=35865000 epoch=7173 flow=49 side=new cur=9134149430 next=9188590281 tgt=9413333286 f=0.195 u=1 breach=9 end=
CBAP_MIG t=35865000 epoch=7173 flow=51 side=new cur=9134149429 next=9188590281 tgt=9413333286 f=0.195 u=1 breach=9 end=
CBAP_MIG t=35865000 epoch=7173 flow=52 side=new cur=9134149429 next=9188590281 tgt=9413333286 f=0.195 u=1 breach=9 end=
CBAP_MIG t=35865000 epoch=7173 flow=53 side=new cur=9134149433 next=9188590284 tgt=9413333286 f=0.195 u=1 breach=9 end=
CBAP_MIG t=35865000 epoch=7173 flow=54 side=new cur=9134149435 next=9188590285 tgt=9413333286 f=0.195 u=1 breach=9 end=
CBAP_MIG t=35865000 epoch=7173 flow=55 side=new cur=9134149436 next=9188590286 tgt=9413333286 f=0.195 u=1 breach=9 end=
CBAP_MIG t=35865000 epoch=7173 flow=56 side=new cur=9134149438 next=9188590288 tgt=9413333286 f=0.195 u=1 breach=9 end=
CBAP_MIG t=35865000 epoch=7173 flow=57 side=new cur=9134149436 next=9188590286 tgt=9413333286 f=0.195 u=1 breach=9 end=
CBAP_MIG t=35865000 epoch=7173 flow=59 side=new cur=9134149433 next=9188590284 tgt=9413333286 f=0.195 u=1 breach=9 end=
CBAP_MIG t=35865000 epoch=7173 flow=62 side=new cur=9134149436 next=9188590286 tgt=9413333286 f=0.195 u=1 breach=9 end=
CBAP_MIG t=35865000 epoch=7173 flow=63 side=new cur=9134149430 next=9188590281 tgt=9413333286 f=0.195 u=1 breach=9 end=
CBAP_MIG_REPLAN t=35870000 reason=active_set_shrank flow=0 batch=0 newest_batch=1 cur=4000014891 target=4000000000 ceiling=320000000000 old_side_present=1
CBAP_MIG_REPLAN t=35870000 reason=active_set_shrank flow=2 batch=1 newest_batch=1 cur=9188590281 target=9851162756 ceiling=400000000000 old_side_present=1
CBAP_MIG_REPLAN t=35870000 reason=active_set_shrank flow=5 batch=1 newest_batch=1 cur=9188590282 target=9851162756 ceiling=400000000000 old_side_present=1
CBAP_MIG_REPLAN t=35870000 reason=active_set_shrank flow=8 batch=1 newest_batch=1 cur=9188590284 target=9851162756 ceiling=400000000000 old_side_present=1
CBAP_MIG_REPLAN t=35870000 reason=active_set_shrank flow=9 batch=1 newest_batch=1 cur=9188590284 target=9851162756 ceiling=400000000000 old_side_present=1
CBAP_MIG_REPLAN t=35870000 reason=active_set_shrank flow=10 batch=1 newest_batch=1 cur=9188590286 target=9851162756 ceiling=400000000000 old_side_present=1
CBAP_MIG_REPLAN t=35870000 reason=active_set_shrank flow=11 batch=1 newest_batch=1 cur=9188590288 target=9851162756 ceiling=400000000000 old_side_present=1
CBAP_MIG_REPLAN t=35870000 reason=active_set_shrank flow=12 batch=1 newest_batch=1 cur=9188590286 target=9851162756 ceiling=400000000000 old_side_present=1
CBAP_MIG_REPLAN t=35870000 reason=active_set_shrank flow=13 batch=1 newest_batch=1 cur=9188590286 target=9851162756 ceiling=400000000000 old_side_present=1
CBAP_MIG_REPLAN t=35870000 reason=active_set_shrank flow=14 batch=1 newest_batch=1 cur=9188590281 target=9851162756 ceiling=400000000000 old_side_present=1
CBAP_MIG_REPLAN t=35870000 reason=active_set_shrank flow=15 batch=1 newest_batch=1 cur=9188590284 target=9851162756 ceiling=400000000000 old_side_present=1
CBAP_MIG_REPLAN t=35870000 reason=active_set_shrank flow=16 batch=1 newest_batch=1 cur=9188590284 target=9851162756 ceiling=400000000000 old_side_present=1
CBAP_MIG_REPLAN t=35870000 reason=active_set_shrank flow=18 batch=1 newest_batch=1 cur=9188590283 target=9851162756 ceiling=400000000000 old_side_present=1
CBAP_MIG_REPLAN t=35870000 reason=active_set_shrank flow=19 batch=1 newest_batch=1 cur=9188590286 target=9851162756 ceiling=400000000000 old_side_present=1
CBAP_MIG_REPLAN t=35870000 reason=active_set_shrank flow=20 batch=1 newest_batch=1 cur=9188590281 target=9851162756 ceiling=400000000000 old_side_present=1
CBAP_MIG_REPLAN t=35870000 reason=active_set_shrank flow=21 batch=1 newest_batch=1 cur=9188590281 target=9851162756 ceiling=400000000000 old_side_present=1
CBAP_MIG_REPLAN t=35870000 reason=active_set_shrank flow=22 batch=1 newest_batch=1 cur=9188590281 target=9851162756 ceiling=400000000000 old_side_present=1
CBAP_MIG_REPLAN t=35870000 reason=active_set_shrank flow=23 batch=1 newest_batch=1 cur=9188590286 target=9851162756 ceiling=400000000000 old_side_present=1
CBAP_MIG_REPLAN t=35870000 reason=active_set_shrank flow=25 batch=1 newest_batch=1 cur=9188590286 target=9851162756 ceiling=400000000000 old_side_present=1
CBAP_MIG_REPLAN t=35870000 reason=active_set_shrank flow=26 batch=1 newest_batch=1 cur=9188590288 target=9851162756 ceiling=400000000000 old_side_present=1
CBAP_MIG_REPLAN t=35870000 reason=active_set_shrank flow=30 batch=1 newest_batch=1 cur=9188590286 target=9851162756 ceiling=400000000000 old_side_present=1
CBAP_MIG_REPLAN t=35870000 reason=active_set_shrank flow=31 batch=1 newest_batch=1 cur=9188590281 target=9851162756 ceiling=400000000000 old_side_present=1
CBAP_MIG_REPLAN t=35870000 reason=active_set_shrank flow=33 batch=1 newest_batch=1 cur=9188590286 target=9851162756 ceiling=400000000000 old_side_present=1
CBAP_MIG_REPLAN t=35870000 reason=active_set_shrank flow=34 batch=1 newest_batch=1 cur=9188590284 target=9851162756 ceiling=400000000000 old_side_present=1
CBAP_MIG_REPLAN t=35870000 reason=active_set_shrank flow=35 batch=1 newest_batch=1 cur=9188590286 target=9851162756 ceiling=400000000000 old_side_present=1
CBAP_MIG_REPLAN t=35870000 reason=active_set_shrank flow=36 batch=1 newest_batch=1 cur=9188590286 target=9851162756 ceiling=400000000000 old_side_present=1
CBAP_MIG_REPLAN t=35870000 reason=active_set_shrank flow=38 batch=1 newest_batch=1 cur=9188590281 target=9851162756 ceiling=400000000000 old_side_present=1
CBAP_MIG_REPLAN t=35870000 reason=active_set_shrank flow=41 batch=1 newest_batch=1 cur=9188590281 target=9851162756 ceiling=400000000000 old_side_present=1
CBAP_MIG_REPLAN t=35870000 reason=active_set_shrank flow=43 batch=1 newest_batch=1 cur=9188590286 target=9851162756 ceiling=400000000000 old_side_present=1
CBAP_MIG_REPLAN t=35870000 reason=active_set_shrank flow=44 batch=1 newest_batch=1 cur=9188590286 target=9851162756 ceiling=400000000000 old_side_present=1
CBAP_MIG_REPLAN t=35870000 reason=active_set_shrank flow=45 batch=1 newest_batch=1 cur=9188590284 target=9851162756 ceiling=400000000000 old_side_present=1
CBAP_MIG_REPLAN t=35870000 reason=active_set_shrank flow=46 batch=1 newest_batch=1 cur=9188590286 target=9851162756 ceiling=400000000000 old_side_present=1
CBAP_MIG_REPLAN t=35870000 reason=active_set_shrank flow=47 batch=1 newest_batch=1 cur=9188590288 target=9851162756 ceiling=400000000000 old_side_present=1
CBAP_MIG_REPLAN t=35870000 reason=active_set_shrank flow=49 batch=1 newest_batch=1 cur=9188590281 target=9851162756 ceiling=400000000000 old_side_present=1
CBAP_MIG_REPLAN t=35870000 reason=active_set_shrank flow=51 batch=1 newest_batch=1 cur=9188590281 target=9851162756 ceiling=400000000000 old_side_present=1
CBAP_MIG_REPLAN t=35870000 reason=active_set_shrank flow=52 batch=1 newest_batch=1 cur=9188590281 target=9851162756 ceiling=400000000000 old_side_present=1
CBAP_MIG_REPLAN t=35870000 reason=active_set_shrank flow=53 batch=1 newest_batch=1 cur=9188590284 target=9851162756 ceiling=400000000000 old_side_present=1
CBAP_MIG_REPLAN t=35870000 reason=active_set_shrank flow=54 batch=1 newest_batch=1 cur=9188590285 target=9851162756 ceiling=400000000000 old_side_present=1
CBAP_MIG_REPLAN t=35870000 reason=active_set_shrank flow=55 batch=1 newest_batch=1 cur=9188590286 target=9851162756 ceiling=400000000000 old_side_present=1
CBAP_MIG_REPLAN t=35870000 reason=active_set_shrank flow=56 batch=1 newest_batch=1 cur=9188590288 target=9851162756 ceiling=400000000000 old_side_present=1
CBAP_MIG_REPLAN t=35870000 reason=active_set_shrank flow=57 batch=1 newest_batch=1 cur=9188590286 target=9851162756 ceiling=400000000000 old_side_present=1
CBAP_MIG_REPLAN t=35870000 reason=active_set_shrank flow=59 batch=1 newest_batch=1 cur=9188590284 target=9851162756 ceiling=400000000000 old_side_present=1
CBAP_MIG_REPLAN t=35870000 reason=active_set_shrank flow=62 batch=1 newest_batch=1 cur=9188590286 target=9851162756 ceiling=400000000000 old_side_present=1
CBAP_MIG_REPLAN t=35870000 reason=active_set_shrank flow=63 batch=1 newest_batch=1 cur=9188590281 target=9851162756 ceiling=400000000000 old_side_present=1
CBAP_MIG t=35870000 epoch=7174 flow=0 side=old cur=4000014891 next=4000010423 tgt=4000000000 f=0.3 u=1 breach=0 end=converged
CBAP_MIG t=35870000 epoch=7174 flow=2 side=new cur=9188590281 next=9317791913 tgt=9851162756 f=0.195 u=1 breach=9 end=
CBAP_MIG t=35870000 epoch=7174 flow=5 side=new cur=9188590282 next=9317791914 tgt=9851162756 f=0.195 u=1 breach=9 end=
CBAP_MIG t=35870000 epoch=7174 flow=8 side=new cur=9188590284 next=9317791916 tgt=9851162756 f=0.195 u=1 breach=9 end=
CBAP_MIG t=35870000 epoch=7174 flow=9 side=new cur=9188590284 next=9317791916 tgt=9851162756 f=0.195 u=1 breach=9 end=
CBAP_MIG t=35870000 epoch=7174 flow=10 side=new cur=9188590286 next=9317791917 tgt=9851162756 f=0.195 u=1 breach=9 end=
CBAP_MIG t=35870000 epoch=7174 flow=11 side=new cur=9188590288 next=9317791919 tgt=9851162756 f=0.195 u=1 breach=9 end=
CBAP_MIG t=35870000 epoch=7174 flow=12 side=new cur=9188590286 next=9317791917 tgt=9851162756 f=0.195 u=1 breach=9 end=
CBAP_MIG t=35870000 epoch=7174 flow=13 side=new cur=9188590286 next=9317791917 tgt=9851162756 f=0.195 u=1 breach=9 end=
CBAP_MIG t=35870000 epoch=7174 flow=14 side=new cur=9188590281 next=9317791913 tgt=9851162756 f=0.195 u=1 breach=9 end=
CBAP_MIG t=35870000 epoch=7174 flow=15 side=new cur=9188590284 next=9317791916 tgt=9851162756 f=0.195 u=1 breach=9 end=
CBAP_MIG t=35870000 epoch=7174 flow=16 side=new cur=9188590284 next=9317791916 tgt=9851162756 f=0.195 u=1 breach=9 end=
CBAP_MIG t=35870000 epoch=7174 flow=18 side=new cur=9188590283 next=9317791915 tgt=9851162756 f=0.195 u=1 breach=9 end=
CBAP_MIG t=35870000 epoch=7174 flow=19 side=new cur=9188590286 next=9317791917 tgt=9851162756 f=0.195 u=1 breach=9 end=
CBAP_MIG t=35870000 epoch=7174 flow=20 side=new cur=9188590281 next=9317791913 tgt=9851162756 f=0.195 u=1 breach=9 end=
CBAP_MIG t=35870000 epoch=7174 flow=21 side=new cur=9188590281 next=9317791913 tgt=9851162756 f=0.195 u=1 breach=9 end=
CBAP_MIG t=35870000 epoch=7174 flow=22 side=new cur=9188590281 next=9317791913 tgt=9851162756 f=0.195 u=1 breach=9 end=
CBAP_MIG t=35870000 epoch=7174 flow=23 side=new cur=9188590286 next=9317791917 tgt=9851162756 f=0.195 u=1 breach=9 end=
CBAP_MIG t=35870000 epoch=7174 flow=25 side=new cur=9188590286 next=9317791917 tgt=9851162756 f=0.195 u=1 breach=9 end=
CBAP_MIG t=35870000 epoch=7174 flow=26 side=new cur=9188590288 next=9317791919 tgt=9851162756 f=0.195 u=1 breach=9 end=
CBAP_MIG t=35870000 epoch=7174 flow=30 side=new cur=9188590286 next=9317791917 tgt=9851162756 f=0.195 u=1 breach=9 end=
CBAP_MIG t=35870000 epoch=7174 flow=31 side=new cur=9188590281 next=9317791913 tgt=9851162756 f=0.195 u=1 breach=9 end=
CBAP_MIG t=35870000 epoch=7174 flow=33 side=new cur=9188590286 next=9317791917 tgt=9851162756 f=0.195 u=1 breach=9 end=
CBAP_MIG t=35870000 epoch=7174 flow=34 side=new cur=9188590284 next=9317791916 tgt=9851162756 f=0.195 u=1 breach=9 end=
CBAP_MIG t=35870000 epoch=7174 flow=35 side=new cur=9188590286 next=9317791917 tgt=9851162756 f=0.195 u=1 breach=9 end=
CBAP_MIG t=35870000 epoch=7174 flow=36 side=new cur=9188590286 next=9317791917 tgt=9851162756 f=0.195 u=1 breach=9 end=
CBAP_MIG t=35870000 epoch=7174 flow=38 side=new cur=9188590281 next=9317791913 tgt=9851162756 f=0.195 u=1 breach=9 end=
CBAP_MIG t=35870000 epoch=7174 flow=41 side=new cur=9188590281 next=9317791913 tgt=9851162756 f=0.195 u=1 breach=9 end=
CBAP_MIG t=35870000 epoch=7174 flow=43 side=new cur=9188590286 next=9317791917 tgt=9851162756 f=0.195 u=1 breach=9 end=
CBAP_MIG t=35870000 epoch=7174 flow=44 side=new cur=9188590286 next=9317791917 tgt=9851162756 f=0.195 u=1 breach=9 end=
CBAP_MIG t=35870000 epoch=7174 flow=45 side=new cur=9188590284 next=9317791916 tgt=9851162756 f=0.195 u=1 breach=9 end=
CBAP_MIG t=35870000 epoch=7174 flow=46 side=new cur=9188590286 next=9317791917 tgt=9851162756 f=0.195 u=1 breach=9 end=
CBAP_MIG t=35870000 epoch=7174 flow=47 side=new cur=9188590288 next=9317791919 tgt=9851162756 f=0.195 u=1 breach=9 end=
CBAP_MIG t=35870000 epoch=7174 flow=49 side=new cur=9188590281 next=9317791913 tgt=9851162756 f=0.195 u=1 breach=9 end=
CBAP_MIG t=35870000 epoch=7174 flow=51 side=new cur=9188590281 next=9317791913 tgt=9851162756 f=0.195 u=1 breach=9 end=
CBAP_MIG t=35870000 epoch=7174 flow=52 side=new cur=9188590281 next=9317791913 tgt=9851162756 f=0.195 u=1 breach=9 end=
CBAP_MIG t=35870000 epoch=7174 flow=53 side=new cur=9188590284 next=9317791916 tgt=9851162756 f=0.195 u=1 breach=9 end=
CBAP_MIG t=35870000 epoch=7174 flow=54 side=new cur=9188590285 next=9317791916 tgt=9851162756 f=0.195 u=1 breach=9 end=
CBAP_MIG t=35870000 epoch=7174 flow=55 side=new cur=9188590286 next=9317791917 tgt=9851162756 f=0.195 u=1 breach=9 end=
CBAP_MIG t=35870000 epoch=7174 flow=56 side=new cur=9188590288 next=9317791919 tgt=9851162756 f=0.195 u=1 breach=9 end=
CBAP_MIG t=35870000 epoch=7174 flow=57 side=new cur=9188590286 next=9317791917 tgt=9851162756 f=0.195 u=1 breach=9 end=
CBAP_MIG t=35870000 epoch=7174 flow=59 side=new cur=9188590284 next=9317791916 tgt=9851162756 f=0.195 u=1 breach=9 end=
CBAP_MIG t=35870000 epoch=7174 flow=62 side=new cur=9188590286 next=9317791917 tgt=9851162756 f=0.195 u=1 breach=9 end=
CBAP_MIG t=35870000 epoch=7174 flow=63 side=new cur=9188590281 next=9317791913 tgt=9851162756 f=0.195 u=1 breach=9 end=
CBAP_MIG_REPLAN t=35875000 reason=active_set_shrank flow=0 batch=0 newest_batch=1 cur=4000010423 target=4000000000 ceiling=320000000000 old_side_present=1
CBAP_MIG_REPLAN t=35875000 reason=active_set_shrank flow=2 batch=1 newest_batch=1 cur=9317791913 target=9746341438 ceiling=400000000000 old_side_present=1
CBAP_MIG_REPLAN t=35875000 reason=active_set_shrank flow=5 batch=1 newest_batch=1 cur=9317791914 target=9746341438 ceiling=400000000000 old_side_present=1
CBAP_MIG_REPLAN t=35875000 reason=active_set_shrank flow=8 batch=1 newest_batch=1 cur=9317791916 target=9746341438 ceiling=400000000000 old_side_present=1
CBAP_MIG_REPLAN t=35875000 reason=active_set_shrank flow=10 batch=1 newest_batch=1 cur=9317791917 target=9746341438 ceiling=400000000000 old_side_present=1
CBAP_MIG_REPLAN t=35875000 reason=active_set_shrank flow=11 batch=1 newest_batch=1 cur=9317791919 target=9746341438 ceiling=400000000000 old_side_present=1
CBAP_MIG_REPLAN t=35875000 reason=active_set_shrank flow=12 batch=1 newest_batch=1 cur=9317791917 target=9746341438 ceiling=400000000000 old_side_present=1
CBAP_MIG_REPLAN t=35875000 reason=active_set_shrank flow=13 batch=1 newest_batch=1 cur=9317791917 target=9746341438 ceiling=400000000000 old_side_present=1
CBAP_MIG_REPLAN t=35875000 reason=active_set_shrank flow=14 batch=1 newest_batch=1 cur=9317791913 target=9746341438 ceiling=400000000000 old_side_present=1
CBAP_MIG_REPLAN t=35875000 reason=active_set_shrank flow=15 batch=1 newest_batch=1 cur=9317791916 target=9746341438 ceiling=400000000000 old_side_present=1
CBAP_MIG_REPLAN t=35875000 reason=active_set_shrank flow=16 batch=1 newest_batch=1 cur=9317791916 target=9746341438 ceiling=400000000000 old_side_present=1
CBAP_MIG_REPLAN t=35875000 reason=active_set_shrank flow=18 batch=1 newest_batch=1 cur=9317791915 target=9746341438 ceiling=400000000000 old_side_present=1
CBAP_MIG_REPLAN t=35875000 reason=active_set_shrank flow=19 batch=1 newest_batch=1 cur=9317791917 target=9746341438 ceiling=400000000000 old_side_present=1
CBAP_MIG_REPLAN t=35875000 reason=active_set_shrank flow=20 batch=1 newest_batch=1 cur=9317791913 target=9746341438 ceiling=400000000000 old_side_present=1
CBAP_MIG_REPLAN t=35875000 reason=active_set_shrank flow=21 batch=1 newest_batch=1 cur=9317791913 target=9746341438 ceiling=400000000000 old_side_present=1
CBAP_MIG_REPLAN t=35875000 reason=active_set_shrank flow=22 batch=1 newest_batch=1 cur=9317791913 target=9746341438 ceiling=400000000000 old_side_present=1
CBAP_MIG_REPLAN t=35875000 reason=active_set_shrank flow=25 batch=1 newest_batch=1 cur=9317791917 target=9746341438 ceiling=400000000000 old_side_present=1
CBAP_MIG_REPLAN t=35875000 reason=active_set_shrank flow=26 batch=1 newest_batch=1 cur=9317791919 target=9746341438 ceiling=400000000000 old_side_present=1
CBAP_MIG_REPLAN t=35875000 reason=active_set_shrank flow=30 batch=1 newest_batch=1 cur=9317791917 target=9746341438 ceiling=400000000000 old_side_present=1
CBAP_MIG_REPLAN t=35875000 reason=active_set_shrank flow=31 batch=1 newest_batch=1 cur=9317791913 target=9746341438 ceiling=400000000000 old_side_present=1
CBAP_MIG_REPLAN t=35875000 reason=active_set_shrank flow=33 batch=1 newest_batch=1 cur=9317791917 target=9746341438 ceiling=400000000000 old_side_present=1
CBAP_MIG_REPLAN t=35875000 reason=active_set_shrank flow=34 batch=1 newest_batch=1 cur=9317791916 target=9746341438 ceiling=400000000000 old_side_present=1
CBAP_MIG_REPLAN t=35875000 reason=active_set_shrank flow=35 batch=1 newest_batch=1 cur=9317791917 target=9746341438 ceiling=400000000000 old_side_present=1
CBAP_MIG_REPLAN t=35875000 reason=active_set_shrank flow=36 batch=1 newest_batch=1 cur=9317791917 target=9746341438 ceiling=400000000000 old_side_present=1
CBAP_MIG_REPLAN t=35875000 reason=active_set_shrank flow=38 batch=1 newest_batch=1 cur=9317791913 target=9746341438 ceiling=400000000000 old_side_present=1
CBAP_MIG_REPLAN t=35875000 reason=active_set_shrank flow=41 batch=1 newest_batch=1 cur=9317791913 target=9746341438 ceiling=400000000000 old_side_present=1
CBAP_MIG_REPLAN t=35875000 reason=active_set_shrank flow=43 batch=1 newest_batch=1 cur=9317791917 target=9746341438 ceiling=400000000000 old_side_present=1
CBAP_MIG_REPLAN t=35875000 reason=active_set_shrank flow=44 batch=1 newest_batch=1 cur=9317791917 target=9746341438 ceiling=400000000000 old_side_present=1
CBAP_MIG_REPLAN t=35875000 reason=active_set_shrank flow=45 batch=1 newest_batch=1 cur=9317791916 target=9746341438 ceiling=400000000000 old_side_present=1
CBAP_MIG_REPLAN t=35875000 reason=active_set_shrank flow=46 batch=1 newest_batch=1 cur=9317791917 target=9746341438 ceiling=400000000000 old_side_present=1
CBAP_MIG_REPLAN t=35875000 reason=active_set_shrank flow=47 batch=1 newest_batch=1 cur=9317791919 target=9746341438 ceiling=400000000000 old_side_present=1
CBAP_MIG_REPLAN t=35875000 reason=active_set_shrank flow=49 batch=1 newest_batch=1 cur=9317791913 target=9746341438 ceiling=400000000000 old_side_present=1
CBAP_MIG_REPLAN t=35875000 reason=active_set_shrank flow=51 batch=1 newest_batch=1 cur=9317791913 target=9746341438 ceiling=400000000000 old_side_present=1
CBAP_MIG_REPLAN t=35875000 reason=active_set_shrank flow=52 batch=1 newest_batch=1 cur=9317791913 target=9746341438 ceiling=400000000000 old_side_present=1
CBAP_MIG_REPLAN t=35875000 reason=active_set_shrank flow=53 batch=1 newest_batch=1 cur=9317791916 target=9746341438 ceiling=400000000000 old_side_present=1
CBAP_MIG_REPLAN t=35875000 reason=active_set_shrank flow=54 batch=1 newest_batch=1 cur=9317791916 target=9746341438 ceiling=400000000000 old_side_present=1
CBAP_MIG_REPLAN t=35875000 reason=active_set_shrank flow=55 batch=1 newest_batch=1 cur=9317791917 target=9746341438 ceiling=400000000000 old_side_present=1
CBAP_MIG_REPLAN t=35875000 reason=active_set_shrank flow=56 batch=1 newest_batch=1 cur=9317791919 target=9746341438 ceiling=400000000000 old_side_present=1
CBAP_MIG_REPLAN t=35875000 reason=active_set_shrank flow=57 batch=1 newest_batch=1 cur=9317791917 target=9746341438 ceiling=400000000000 old_side_present=1
CBAP_MIG_REPLAN t=35875000 reason=active_set_shrank flow=59 batch=1 newest_batch=1 cur=9317791916 target=9746341438 ceiling=400000000000 old_side_present=1
CBAP_MIG_REPLAN t=35875000 reason=active_set_shrank flow=62 batch=1 newest_batch=1 cur=9317791917 target=9746341438 ceiling=400000000000 old_side_present=1
CBAP_MIG_REPLAN t=35875000 reason=active_set_shrank flow=63 batch=1 newest_batch=1 cur=9317791913 target=9746341438 ceiling=400000000000 old_side_present=1
CBAP_MIG t=35875000 epoch=7175 flow=0 side=old cur=4000010423 next=4000007296 tgt=4000000000 f=0.3 u=1 breach=0 end=converged
CBAP_MIG t=35875000 epoch=7175 flow=2 side=new cur=9317791913 next=9401359070 tgt=9746341438 f=0.195 u=1 breach=9 end=
CBAP_MIG t=35875000 epoch=7175 flow=5 side=new cur=9317791914 next=9401359071 tgt=9746341438 f=0.195 u=1 breach=9 end=
CBAP_MIG t=35875000 epoch=7175 flow=8 side=new cur=9317791916 next=9401359072 tgt=9746341438 f=0.195 u=1 breach=9 end=
CBAP_MIG t=35875000 epoch=7175 flow=10 side=new cur=9317791917 next=9401359073 tgt=9746341438 f=0.195 u=1 breach=9 end=
CBAP_MIG t=35875000 epoch=7175 flow=11 side=new cur=9317791919 next=9401359075 tgt=9746341438 f=0.195 u=1 breach=9 end=
CBAP_MIG t=35875000 epoch=7175 flow=12 side=new cur=9317791917 next=9401359073 tgt=9746341438 f=0.195 u=1 breach=9 end=
CBAP_MIG t=35875000 epoch=7175 flow=13 side=new cur=9317791917 next=9401359073 tgt=9746341438 f=0.195 u=1 breach=9 end=
CBAP_MIG t=35875000 epoch=7175 flow=14 side=new cur=9317791913 next=9401359070 tgt=9746341438 f=0.195 u=1 breach=9 end=
CBAP_MIG t=35875000 epoch=7175 flow=15 side=new cur=9317791916 next=9401359072 tgt=9746341438 f=0.195 u=1 breach=9 end=
CBAP_MIG t=35875000 epoch=7175 flow=16 side=new cur=9317791916 next=9401359072 tgt=9746341438 f=0.195 u=1 breach=9 end=
CBAP_MIG t=35875000 epoch=7175 flow=18 side=new cur=9317791915 next=9401359071 tgt=9746341438 f=0.195 u=1 breach=9 end=
CBAP_MIG t=35875000 epoch=7175 flow=19 side=new cur=9317791917 next=9401359073 tgt=9746341438 f=0.195 u=1 breach=9 end=
CBAP_MIG t=35875000 epoch=7175 flow=20 side=new cur=9317791913 next=9401359070 tgt=9746341438 f=0.195 u=1 breach=9 end=
CBAP_MIG t=35875000 epoch=7175 flow=21 side=new cur=9317791913 next=9401359070 tgt=9746341438 f=0.195 u=1 breach=9 end=
CBAP_MIG t=35875000 epoch=7175 flow=22 side=new cur=9317791913 next=9401359070 tgt=9746341438 f=0.195 u=1 breach=9 end=
CBAP_MIG t=35875000 epoch=7175 flow=25 side=new cur=9317791917 next=9401359073 tgt=9746341438 f=0.195 u=1 breach=9 end=
CBAP_MIG t=35875000 epoch=7175 flow=26 side=new cur=9317791919 next=9401359075 tgt=9746341438 f=0.195 u=1 breach=9 end=
CBAP_MIG t=35875000 epoch=7175 flow=30 side=new cur=9317791917 next=9401359073 tgt=9746341438 f=0.195 u=1 breach=9 end=
CBAP_MIG t=35875000 epoch=7175 flow=31 side=new cur=9317791913 next=9401359070 tgt=9746341438 f=0.195 u=1 breach=9 end=
CBAP_MIG t=35875000 epoch=7175 flow=33 side=new cur=9317791917 next=9401359073 tgt=9746341438 f=0.195 u=1 breach=9 end=
CBAP_MIG t=35875000 epoch=7175 flow=34 side=new cur=9317791916 next=9401359072 tgt=9746341438 f=0.195 u=1 breach=9 end=
CBAP_MIG t=35875000 epoch=7175 flow=35 side=new cur=9317791917 next=9401359073 tgt=9746341438 f=0.195 u=1 breach=9 end=
CBAP_MIG t=35875000 epoch=7175 flow=36 side=new cur=9317791917 next=9401359073 tgt=9746341438 f=0.195 u=1 breach=9 end=
CBAP_MIG t=35875000 epoch=7175 flow=38 side=new cur=9317791913 next=9401359070 tgt=9746341438 f=0.195 u=1 breach=9 end=
CBAP_MIG t=35875000 epoch=7175 flow=41 side=new cur=9317791913 next=9401359070 tgt=9746341438 f=0.195 u=1 breach=9 end=
CBAP_MIG t=35875000 epoch=7175 flow=43 side=new cur=9317791917 next=9401359073 tgt=9746341438 f=0.195 u=1 breach=9 end=
CBAP_MIG t=35875000 epoch=7175 flow=44 side=new cur=9317791917 next=9401359073 tgt=9746341438 f=0.195 u=1 breach=9 end=
CBAP_MIG t=35875000 epoch=7175 flow=45 side=new cur=9317791916 next=9401359072 tgt=9746341438 f=0.195 u=1 breach=9 end=
CBAP_MIG t=35875000 epoch=7175 flow=46 side=new cur=9317791917 next=9401359073 tgt=9746341438 f=0.195 u=1 breach=9 end=
CBAP_MIG t=35875000 epoch=7175 flow=47 side=new cur=9317791919 next=9401359075 tgt=9746341438 f=0.195 u=1 breach=9 end=
CBAP_MIG t=35875000 epoch=7175 flow=49 side=new cur=9317791913 next=9401359070 tgt=9746341438 f=0.195 u=1 breach=9 end=
CBAP_MIG t=35875000 epoch=7175 flow=51 side=new cur=9317791913 next=9401359070 tgt=9746341438 f=0.195 u=1 breach=9 end=
CBAP_MIG t=35875000 epoch=7175 flow=52 side=new cur=9317791913 next=9401359070 tgt=9746341438 f=0.195 u=1 breach=9 end=
CBAP_MIG t=35875000 epoch=7175 flow=53 side=new cur=9317791916 next=9401359072 tgt=9746341438 f=0.195 u=1 breach=9 end=
CBAP_MIG t=35875000 epoch=7175 flow=54 side=new cur=9317791916 next=9401359072 tgt=9746341438 f=0.195 u=1 breach=9 end=
CBAP_MIG t=35875000 epoch=7175 flow=55 side=new cur=9317791917 next=9401359073 tgt=9746341438 f=0.195 u=1 breach=9 end=
CBAP_MIG t=35875000 epoch=7175 flow=56 side=new cur=9317791919 next=9401359075 tgt=9746341438 f=0.195 u=1 breach=9 end=
CBAP_MIG t=35875000 epoch=7175 flow=57 side=new cur=9317791917 next=9401359073 tgt=9746341438 f=0.195 u=1 breach=9 end=
CBAP_MIG t=35875000 epoch=7175 flow=59 side=new cur=9317791916 next=9401359072 tgt=9746341438 f=0.195 u=1 breach=9 end=
CBAP_MIG t=35875000 epoch=7175 flow=62 side=new cur=9317791917 next=9401359073 tgt=9746341438 f=0.195 u=1 breach=9 end=
CBAP_MIG t=35875000 epoch=7175 flow=63 side=new cur=9317791913 next=9401359070 tgt=9746341438 f=0.195 u=1 breach=9 end=
CBAP_MIG t=35880000 epoch=7176 flow=2 side=new cur=9401359070 next=9468630631 tgt=9746341438 f=0.195 u=1 breach=9 end=
CBAP_MIG t=35880000 epoch=7176 flow=5 side=new cur=9401359071 next=9468630632 tgt=9746341438 f=0.195 u=1 breach=9 end=
CBAP_MIG t=35880000 epoch=7176 flow=8 side=new cur=9401359072 next=9468630633 tgt=9746341438 f=0.195 u=1 breach=9 end=
CBAP_MIG t=35880000 epoch=7176 flow=10 side=new cur=9401359073 next=9468630634 tgt=9746341438 f=0.195 u=1 breach=9 end=
CBAP_MIG t=35880000 epoch=7176 flow=11 side=new cur=9401359075 next=9468630635 tgt=9746341438 f=0.195 u=1 breach=9 end=
CBAP_MIG t=35880000 epoch=7176 flow=12 side=new cur=9401359073 next=9468630634 tgt=9746341438 f=0.195 u=1 breach=9 end=
CBAP_MIG t=35880000 epoch=7176 flow=13 side=new cur=9401359073 next=9468630634 tgt=9746341438 f=0.195 u=1 breach=9 end=
CBAP_MIG t=35880000 epoch=7176 flow=14 side=new cur=9401359070 next=9468630631 tgt=9746341438 f=0.195 u=1 breach=9 end=
CBAP_MIG t=35880000 epoch=7176 flow=15 side=new cur=9401359072 next=9468630633 tgt=9746341438 f=0.195 u=1 breach=9 end=
CBAP_MIG t=35880000 epoch=7176 flow=16 side=new cur=9401359072 next=9468630633 tgt=9746341438 f=0.195 u=1 breach=9 end=
CBAP_MIG t=35880000 epoch=7176 flow=18 side=new cur=9401359071 next=9468630632 tgt=9746341438 f=0.195 u=1 breach=9 end=
CBAP_MIG t=35880000 epoch=7176 flow=19 side=new cur=9401359073 next=9468630634 tgt=9746341438 f=0.195 u=1 breach=9 end=
CBAP_MIG t=35880000 epoch=7176 flow=20 side=new cur=9401359070 next=9468630631 tgt=9746341438 f=0.195 u=1 breach=9 end=
CBAP_MIG t=35880000 epoch=7176 flow=21 side=new cur=9401359070 next=9468630631 tgt=9746341438 f=0.195 u=1 breach=9 end=
CBAP_MIG t=35880000 epoch=7176 flow=22 side=new cur=9401359070 next=9468630631 tgt=9746341438 f=0.195 u=1 breach=9 end=
CBAP_MIG t=35880000 epoch=7176 flow=25 side=new cur=9401359073 next=9468630634 tgt=9746341438 f=0.195 u=1 breach=9 end=
CBAP_MIG t=35880000 epoch=7176 flow=26 side=new cur=9401359075 next=9468630635 tgt=9746341438 f=0.195 u=1 breach=9 end=
CBAP_MIG t=35880000 epoch=7176 flow=30 side=new cur=9401359073 next=9468630634 tgt=9746341438 f=0.195 u=1 breach=9 end=
CBAP_MIG t=35880000 epoch=7176 flow=31 side=new cur=9401359070 next=9468630631 tgt=9746341438 f=0.195 u=1 breach=9 end=
CBAP_MIG t=35880000 epoch=7176 flow=33 side=new cur=9401359073 next=9468630634 tgt=9746341438 f=0.195 u=1 breach=9 end=
CBAP_MIG t=35880000 epoch=7176 flow=34 side=new cur=9401359072 next=9468630633 tgt=9746341438 f=0.195 u=1 breach=9 end=
CBAP_MIG t=35880000 epoch=7176 flow=35 side=new cur=9401359073 next=9468630634 tgt=9746341438 f=0.195 u=1 breach=9 end=
CBAP_MIG t=35880000 epoch=7176 flow=36 side=new cur=9401359073 next=9468630634 tgt=9746341438 f=0.195 u=1 breach=9 end=
CBAP_MIG t=35880000 epoch=7176 flow=38 side=new cur=9401359070 next=9468630631 tgt=9746341438 f=0.195 u=1 breach=9 end=
CBAP_MIG t=35880000 epoch=7176 flow=41 side=new cur=9401359070 next=9468630631 tgt=9746341438 f=0.195 u=1 breach=9 end=
CBAP_MIG t=35880000 epoch=7176 flow=43 side=new cur=9401359073 next=9468630634 tgt=9746341438 f=0.195 u=1 breach=9 end=
CBAP_MIG t=35880000 epoch=7176 flow=44 side=new cur=9401359073 next=9468630634 tgt=9746341438 f=0.195 u=1 breach=9 end=
CBAP_MIG t=35880000 epoch=7176 flow=45 side=new cur=9401359072 next=9468630633 tgt=9746341438 f=0.195 u=1 breach=9 end=
CBAP_MIG t=35880000 epoch=7176 flow=46 side=new cur=9401359073 next=9468630634 tgt=9746341438 f=0.195 u=1 breach=9 end=
CBAP_MIG t=35880000 epoch=7176 flow=47 side=new cur=9401359075 next=9468630635 tgt=9746341438 f=0.195 u=1 breach=9 end=
CBAP_MIG t=35880000 epoch=7176 flow=49 side=new cur=9401359070 next=9468630631 tgt=9746341438 f=0.195 u=1 breach=9 end=
CBAP_MIG t=35880000 epoch=7176 flow=51 side=new cur=9401359070 next=9468630631 tgt=9746341438 f=0.195 u=1 breach=9 end=
CBAP_MIG t=35880000 epoch=7176 flow=52 side=new cur=9401359070 next=9468630631 tgt=9746341438 f=0.195 u=1 breach=9 end=
CBAP_MIG t=35880000 epoch=7176 flow=53 side=new cur=9401359072 next=9468630633 tgt=9746341438 f=0.195 u=1 breach=9 end=
CBAP_MIG t=35880000 epoch=7176 flow=54 side=new cur=9401359072 next=9468630633 tgt=9746341438 f=0.195 u=1 breach=9 end=
CBAP_MIG t=35880000 epoch=7176 flow=55 side=new cur=9401359073 next=9468630634 tgt=9746341438 f=0.195 u=1 breach=9 end=
CBAP_MIG t=35880000 epoch=7176 flow=56 side=new cur=9401359075 next=9468630635 tgt=9746341438 f=0.195 u=1 breach=9 end=
CBAP_MIG t=35880000 epoch=7176 flow=57 side=new cur=9401359073 next=9468630634 tgt=9746341438 f=0.195 u=1 breach=9 end=
CBAP_MIG t=35880000 epoch=7176 flow=59 side=new cur=9401359072 next=9468630633 tgt=9746341438 f=0.195 u=1 breach=9 end=
CBAP_MIG t=35880000 epoch=7176 flow=62 side=new cur=9401359073 next=9468630634 tgt=9746341438 f=0.195 u=1 breach=9 end=
CBAP_MIG t=35880000 epoch=7176 flow=63 side=new cur=9401359070 next=9468630631 tgt=9746341438 f=0.195 u=1 breach=9 end=
CBAP_MIG t=35885000 epoch=7177 flow=2 side=new cur=9468630631 next=9522784238 tgt=9746341438 f=0.195 u=1 breach=9 end=
CBAP_MIG t=35885000 epoch=7177 flow=5 side=new cur=9468630632 next=9522784239 tgt=9746341438 f=0.195 u=1 breach=9 end=
CBAP_MIG t=35885000 epoch=7177 flow=8 side=new cur=9468630633 next=9522784239 tgt=9746341438 f=0.195 u=1 breach=9 end=
CBAP_MIG t=35885000 epoch=7177 flow=10 side=new cur=9468630634 next=9522784240 tgt=9746341438 f=0.195 u=1 breach=9 end=
CBAP_MIG t=35885000 epoch=7177 flow=11 side=new cur=9468630635 next=9522784241 tgt=9746341438 f=0.195 u=1 breach=9 end=
CBAP_MIG t=35885000 epoch=7177 flow=12 side=new cur=9468630634 next=9522784240 tgt=9746341438 f=0.195 u=1 breach=9 end=
CBAP_MIG t=35885000 epoch=7177 flow=13 side=new cur=9468630634 next=9522784240 tgt=9746341438 f=0.195 u=1 breach=9 end=
CBAP_MIG t=35885000 epoch=7177 flow=14 side=new cur=9468630631 next=9522784238 tgt=9746341438 f=0.195 u=1 breach=9 end=
CBAP_MIG t=35885000 epoch=7177 flow=15 side=new cur=9468630633 next=9522784239 tgt=9746341438 f=0.195 u=1 breach=9 end=
CBAP_MIG t=35885000 epoch=7177 flow=16 side=new cur=9468630633 next=9522784239 tgt=9746341438 f=0.195 u=1 breach=9 end=
CBAP_MIG t=35885000 epoch=7177 flow=18 side=new cur=9468630632 next=9522784239 tgt=9746341438 f=0.195 u=1 breach=9 end=
CBAP_MIG t=35885000 epoch=7177 flow=19 side=new cur=9468630634 next=9522784240 tgt=9746341438 f=0.195 u=1 breach=9 end=
CBAP_MIG t=35885000 epoch=7177 flow=20 side=new cur=9468630631 next=9522784238 tgt=9746341438 f=0.195 u=1 breach=9 end=
CBAP_MIG t=35885000 epoch=7177 flow=21 side=new cur=9468630631 next=9522784238 tgt=9746341438 f=0.195 u=1 breach=9 end=
CBAP_MIG t=35885000 epoch=7177 flow=22 side=new cur=9468630631 next=9522784238 tgt=9746341438 f=0.195 u=1 breach=9 end=
CBAP_MIG t=35885000 epoch=7177 flow=25 side=new cur=9468630634 next=9522784240 tgt=9746341438 f=0.195 u=1 breach=9 end=
CBAP_MIG t=35885000 epoch=7177 flow=26 side=new cur=9468630635 next=9522784241 tgt=9746341438 f=0.195 u=1 breach=9 end=
CBAP_MIG t=35885000 epoch=7177 flow=30 side=new cur=9468630634 next=9522784240 tgt=9746341438 f=0.195 u=1 breach=9 end=
CBAP_MIG t=35885000 epoch=7177 flow=31 side=new cur=9468630631 next=9522784238 tgt=9746341438 f=0.195 u=1 breach=9 end=
CBAP_MIG t=35885000 epoch=7177 flow=33 side=new cur=9468630634 next=9522784240 tgt=9746341438 f=0.195 u=1 breach=9 end=
CBAP_MIG t=35885000 epoch=7177 flow=34 side=new cur=9468630633 next=9522784239 tgt=9746341438 f=0.195 u=1 breach=9 end=
CBAP_MIG t=35885000 epoch=7177 flow=35 side=new cur=9468630634 next=9522784240 tgt=9746341438 f=0.195 u=1 breach=9 end=
CBAP_MIG t=35885000 epoch=7177 flow=36 side=new cur=9468630634 next=9522784240 tgt=9746341438 f=0.195 u=1 breach=9 end=
CBAP_MIG t=35885000 epoch=7177 flow=38 side=new cur=9468630631 next=9522784238 tgt=9746341438 f=0.195 u=1 breach=9 end=
CBAP_MIG t=35885000 epoch=7177 flow=41 side=new cur=9468630631 next=9522784238 tgt=9746341438 f=0.195 u=1 breach=9 end=
CBAP_MIG t=35885000 epoch=7177 flow=43 side=new cur=9468630634 next=9522784240 tgt=9746341438 f=0.195 u=1 breach=9 end=
CBAP_MIG t=35885000 epoch=7177 flow=44 side=new cur=9468630634 next=9522784240 tgt=9746341438 f=0.195 u=1 breach=9 end=
CBAP_MIG t=35885000 epoch=7177 flow=45 side=new cur=9468630633 next=9522784239 tgt=9746341438 f=0.195 u=1 breach=9 end=
CBAP_MIG t=35885000 epoch=7177 flow=46 side=new cur=9468630634 next=9522784240 tgt=9746341438 f=0.195 u=1 breach=9 end=
CBAP_MIG t=35885000 epoch=7177 flow=47 side=new cur=9468630635 next=9522784241 tgt=9746341438 f=0.195 u=1 breach=9 end=
CBAP_MIG t=35885000 epoch=7177 flow=49 side=new cur=9468630631 next=9522784238 tgt=9746341438 f=0.195 u=1 breach=9 end=
CBAP_MIG t=35885000 epoch=7177 flow=51 side=new cur=9468630631 next=9522784238 tgt=9746341438 f=0.195 u=1 breach=9 end=
CBAP_MIG t=35885000 epoch=7177 flow=52 side=new cur=9468630631 next=9522784238 tgt=9746341438 f=0.195 u=1 breach=9 end=
CBAP_MIG t=35885000 epoch=7177 flow=53 side=new cur=9468630633 next=9522784239 tgt=9746341438 f=0.195 u=1 breach=9 end=
CBAP_MIG t=35885000 epoch=7177 flow=54 side=new cur=9468630633 next=9522784239 tgt=9746341438 f=0.195 u=1 breach=9 end=
CBAP_MIG t=35885000 epoch=7177 flow=55 side=new cur=9468630634 next=9522784240 tgt=9746341438 f=0.195 u=1 breach=9 end=
CBAP_MIG t=35885000 epoch=7177 flow=56 side=new cur=9468630635 next=9522784241 tgt=9746341438 f=0.195 u=1 breach=9 end=
CBAP_MIG t=35885000 epoch=7177 flow=57 side=new cur=9468630634 next=9522784240 tgt=9746341438 f=0.195 u=1 breach=9 end=
CBAP_MIG t=35885000 epoch=7177 flow=59 side=new cur=9468630633 next=9522784239 tgt=9746341438 f=0.195 u=1 breach=9 end=
CBAP_MIG t=35885000 epoch=7177 flow=62 side=new cur=9468630634 next=9522784240 tgt=9746341438 f=0.195 u=1 breach=9 end=
CBAP_MIG t=35885000 epoch=7177 flow=63 side=new cur=9468630631 next=9522784238 tgt=9746341438 f=0.195 u=1 breach=9 end=
CBAP_MIG t=35890000 epoch=7178 flow=2 side=new cur=9522784238 next=9566377892 tgt=9746341438 f=0.195 u=1 breach=9 end=
CBAP_MIG t=35890000 epoch=7178 flow=5 side=new cur=9522784239 next=9566377892 tgt=9746341438 f=0.195 u=1 breach=9 end=
CBAP_MIG t=35890000 epoch=7178 flow=8 side=new cur=9522784239 next=9566377892 tgt=9746341438 f=0.195 u=1 breach=9 end=
CBAP_MIG t=35890000 epoch=7178 flow=10 side=new cur=9522784240 next=9566377893 tgt=9746341438 f=0.195 u=1 breach=9 end=
CBAP_MIG t=35890000 epoch=7178 flow=11 side=new cur=9522784241 next=9566377894 tgt=9746341438 f=0.195 u=1 breach=9 end=
CBAP_MIG t=35890000 epoch=7178 flow=12 side=new cur=9522784240 next=9566377893 tgt=9746341438 f=0.195 u=1 breach=9 end=
CBAP_MIG t=35890000 epoch=7178 flow=13 side=new cur=9522784240 next=9566377893 tgt=9746341438 f=0.195 u=1 breach=9 end=
CBAP_MIG t=35890000 epoch=7178 flow=14 side=new cur=9522784238 next=9566377892 tgt=9746341438 f=0.195 u=1 breach=9 end=
CBAP_MIG t=35890000 epoch=7178 flow=15 side=new cur=9522784239 next=9566377892 tgt=9746341438 f=0.195 u=1 breach=9 end=
CBAP_MIG t=35890000 epoch=7178 flow=16 side=new cur=9522784239 next=9566377892 tgt=9746341438 f=0.195 u=1 breach=9 end=
CBAP_MIG t=35890000 epoch=7178 flow=18 side=new cur=9522784239 next=9566377892 tgt=9746341438 f=0.195 u=1 breach=9 end=
CBAP_MIG t=35890000 epoch=7178 flow=19 side=new cur=9522784240 next=9566377893 tgt=9746341438 f=0.195 u=1 breach=9 end=
CBAP_MIG t=35890000 epoch=7178 flow=20 side=new cur=9522784238 next=9566377892 tgt=9746341438 f=0.195 u=1 breach=9 end=
CBAP_MIG t=35890000 epoch=7178 flow=21 side=new cur=9522784238 next=9566377892 tgt=9746341438 f=0.195 u=1 breach=9 end=
CBAP_MIG t=35890000 epoch=7178 flow=22 side=new cur=9522784238 next=9566377892 tgt=9746341438 f=0.195 u=1 breach=9 end=
CBAP_MIG t=35890000 epoch=7178 flow=25 side=new cur=9522784240 next=9566377893 tgt=9746341438 f=0.195 u=1 breach=9 end=
CBAP_MIG t=35890000 epoch=7178 flow=26 side=new cur=9522784241 next=9566377894 tgt=9746341438 f=0.195 u=1 breach=9 end=
CBAP_MIG t=35890000 epoch=7178 flow=30 side=new cur=9522784240 next=9566377893 tgt=9746341438 f=0.195 u=1 breach=9 end=
CBAP_MIG t=35890000 epoch=7178 flow=31 side=new cur=9522784238 next=9566377892 tgt=9746341438 f=0.195 u=1 breach=9 end=
CBAP_MIG t=35890000 epoch=7178 flow=33 side=new cur=9522784240 next=9566377893 tgt=9746341438 f=0.195 u=1 breach=9 end=
CBAP_MIG t=35890000 epoch=7178 flow=34 side=new cur=9522784239 next=9566377892 tgt=9746341438 f=0.195 u=1 breach=9 end=
CBAP_MIG t=35890000 epoch=7178 flow=35 side=new cur=9522784240 next=9566377893 tgt=9746341438 f=0.195 u=1 breach=9 end=
CBAP_MIG t=35890000 epoch=7178 flow=36 side=new cur=9522784240 next=9566377893 tgt=9746341438 f=0.195 u=1 breach=9 end=
CBAP_MIG t=35890000 epoch=7178 flow=38 side=new cur=9522784238 next=9566377892 tgt=9746341438 f=0.195 u=1 breach=9 end=
CBAP_MIG t=35890000 epoch=7178 flow=41 side=new cur=9522784238 next=9566377892 tgt=9746341438 f=0.195 u=1 breach=9 end=
CBAP_MIG t=35890000 epoch=7178 flow=43 side=new cur=9522784240 next=9566377893 tgt=9746341438 f=0.195 u=1 breach=9 end=
CBAP_MIG t=35890000 epoch=7178 flow=44 side=new cur=9522784240 next=9566377893 tgt=9746341438 f=0.195 u=1 breach=9 end=
CBAP_MIG t=35890000 epoch=7178 flow=45 side=new cur=9522784239 next=9566377892 tgt=9746341438 f=0.195 u=1 breach=9 end=
CBAP_MIG t=35890000 epoch=7178 flow=46 side=new cur=9522784240 next=9566377893 tgt=9746341438 f=0.195 u=1 breach=9 end=
CBAP_MIG t=35890000 epoch=7178 flow=47 side=new cur=9522784241 next=9566377894 tgt=9746341438 f=0.195 u=1 breach=9 end=
CBAP_MIG t=35890000 epoch=7178 flow=49 side=new cur=9522784238 next=9566377892 tgt=9746341438 f=0.195 u=1 breach=9 end=
CBAP_MIG t=35890000 epoch=7178 flow=51 side=new cur=9522784238 next=9566377892 tgt=9746341438 f=0.195 u=1 breach=9 end=
CBAP_MIG t=35890000 epoch=7178 flow=52 side=new cur=9522784238 next=9566377892 tgt=9746341438 f=0.195 u=1 breach=9 end=
CBAP_MIG t=35890000 epoch=7178 flow=53 side=new cur=9522784239 next=9566377892 tgt=9746341438 f=0.195 u=1 breach=9 end=
CBAP_MIG t=35890000 epoch=7178 flow=54 side=new cur=9522784239 next=9566377892 tgt=9746341438 f=0.195 u=1 breach=9 end=
CBAP_MIG t=35890000 epoch=7178 flow=55 side=new cur=9522784240 next=9566377893 tgt=9746341438 f=0.195 u=1 breach=9 end=
CBAP_MIG t=35890000 epoch=7178 flow=56 side=new cur=9522784241 next=9566377894 tgt=9746341438 f=0.195 u=1 breach=9 end=
CBAP_MIG t=35890000 epoch=7178 flow=57 side=new cur=9522784240 next=9566377893 tgt=9746341438 f=0.195 u=1 breach=9 end=
CBAP_MIG t=35890000 epoch=7178 flow=59 side=new cur=9522784239 next=9566377892 tgt=9746341438 f=0.195 u=1 breach=9 end=
CBAP_MIG t=35890000 epoch=7178 flow=62 side=new cur=9522784240 next=9566377893 tgt=9746341438 f=0.195 u=1 breach=9 end=
CBAP_MIG t=35890000 epoch=7178 flow=63 side=new cur=9522784238 next=9566377892 tgt=9746341438 f=0.195 u=1 breach=9 end=
CBAP_MIG_REPLAN t=35895000 reason=active_set_shrank flow=0 batch=0 newest_batch=1 cur=4000007296 target=4000000000 ceiling=320000000000 old_side_present=1
CBAP_MIG_REPLAN t=35895000 reason=active_set_shrank flow=2 batch=1 newest_batch=1 cur=9566377892 target=10589999981 ceiling=400000000000 old_side_present=1
CBAP_MIG_REPLAN t=35895000 reason=active_set_shrank flow=5 batch=1 newest_batch=1 cur=9566377892 target=10589999981 ceiling=400000000000 old_side_present=1
CBAP_MIG_REPLAN t=35895000 reason=active_set_shrank flow=8 batch=1 newest_batch=1 cur=9566377892 target=10589999981 ceiling=400000000000 old_side_present=1
CBAP_MIG_REPLAN t=35895000 reason=active_set_shrank flow=10 batch=1 newest_batch=1 cur=9566377893 target=10589999981 ceiling=400000000000 old_side_present=1
CBAP_MIG_REPLAN t=35895000 reason=active_set_shrank flow=11 batch=1 newest_batch=1 cur=9566377894 target=10589999981 ceiling=400000000000 old_side_present=1
CBAP_MIG_REPLAN t=35895000 reason=active_set_shrank flow=12 batch=1 newest_batch=1 cur=9566377893 target=10589999981 ceiling=400000000000 old_side_present=1
CBAP_MIG_REPLAN t=35895000 reason=active_set_shrank flow=13 batch=1 newest_batch=1 cur=9566377893 target=10589999981 ceiling=400000000000 old_side_present=1
CBAP_MIG_REPLAN t=35895000 reason=active_set_shrank flow=14 batch=1 newest_batch=1 cur=9566377892 target=10589999981 ceiling=400000000000 old_side_present=1
CBAP_MIG_REPLAN t=35895000 reason=active_set_shrank flow=15 batch=1 newest_batch=1 cur=9566377892 target=10589999981 ceiling=400000000000 old_side_present=1
CBAP_MIG_REPLAN t=35895000 reason=active_set_shrank flow=16 batch=1 newest_batch=1 cur=9566377892 target=10589999981 ceiling=400000000000 old_side_present=1
CBAP_MIG_REPLAN t=35895000 reason=active_set_shrank flow=18 batch=1 newest_batch=1 cur=9566377892 target=10589999981 ceiling=400000000000 old_side_present=1
CBAP_MIG_REPLAN t=35895000 reason=active_set_shrank flow=19 batch=1 newest_batch=1 cur=9566377893 target=10589999981 ceiling=400000000000 old_side_present=1
CBAP_MIG_REPLAN t=35895000 reason=active_set_shrank flow=20 batch=1 newest_batch=1 cur=9566377892 target=10589999981 ceiling=400000000000 old_side_present=1
CBAP_MIG_REPLAN t=35895000 reason=active_set_shrank flow=21 batch=1 newest_batch=1 cur=9566377892 target=10589999981 ceiling=400000000000 old_side_present=1
CBAP_MIG_REPLAN t=35895000 reason=active_set_shrank flow=22 batch=1 newest_batch=1 cur=9566377892 target=10589999981 ceiling=400000000000 old_side_present=1
CBAP_MIG_REPLAN t=35895000 reason=active_set_shrank flow=25 batch=1 newest_batch=1 cur=9566377893 target=10589999981 ceiling=400000000000 old_side_present=1
CBAP_MIG_REPLAN t=35895000 reason=active_set_shrank flow=30 batch=1 newest_batch=1 cur=9566377893 target=10589999981 ceiling=400000000000 old_side_present=1
CBAP_MIG_REPLAN t=35895000 reason=active_set_shrank flow=31 batch=1 newest_batch=1 cur=9566377892 target=10589999981 ceiling=400000000000 old_side_present=1
CBAP_MIG_REPLAN t=35895000 reason=active_set_shrank flow=33 batch=1 newest_batch=1 cur=9566377893 target=10589999981 ceiling=400000000000 old_side_present=1
CBAP_MIG_REPLAN t=35895000 reason=active_set_shrank flow=34 batch=1 newest_batch=1 cur=9566377892 target=10589999981 ceiling=400000000000 old_side_present=1
CBAP_MIG_REPLAN t=35895000 reason=active_set_shrank flow=35 batch=1 newest_batch=1 cur=9566377893 target=10589999981 ceiling=400000000000 old_side_present=1
CBAP_MIG_REPLAN t=35895000 reason=active_set_shrank flow=36 batch=1 newest_batch=1 cur=9566377893 target=10589999981 ceiling=400000000000 old_side_present=1
CBAP_MIG_REPLAN t=35895000 reason=active_set_shrank flow=38 batch=1 newest_batch=1 cur=9566377892 target=10589999981 ceiling=400000000000 old_side_present=1
CBAP_MIG_REPLAN t=35895000 reason=active_set_shrank flow=41 batch=1 newest_batch=1 cur=9566377892 target=10589999981 ceiling=400000000000 old_side_present=1
CBAP_MIG_REPLAN t=35895000 reason=active_set_shrank flow=43 batch=1 newest_batch=1 cur=9566377893 target=10589999981 ceiling=400000000000 old_side_present=1
CBAP_MIG_REPLAN t=35895000 reason=active_set_shrank flow=44 batch=1 newest_batch=1 cur=9566377893 target=10589999981 ceiling=400000000000 old_side_present=1
CBAP_MIG_REPLAN t=35895000 reason=active_set_shrank flow=45 batch=1 newest_batch=1 cur=9566377892 target=10589999981 ceiling=400000000000 old_side_present=1
CBAP_MIG_REPLAN t=35895000 reason=active_set_shrank flow=46 batch=1 newest_batch=1 cur=9566377893 target=10589999981 ceiling=400000000000 old_side_present=1
CBAP_MIG_REPLAN t=35895000 reason=active_set_shrank flow=47 batch=1 newest_batch=1 cur=9566377894 target=10589999981 ceiling=400000000000 old_side_present=1
CBAP_MIG_REPLAN t=35895000 reason=active_set_shrank flow=49 batch=1 newest_batch=1 cur=9566377892 target=10589999981 ceiling=400000000000 old_side_present=1
CBAP_MIG_REPLAN t=35895000 reason=active_set_shrank flow=51 batch=1 newest_batch=1 cur=9566377892 target=10589999981 ceiling=400000000000 old_side_present=1
CBAP_MIG_REPLAN t=35895000 reason=active_set_shrank flow=52 batch=1 newest_batch=1 cur=9566377892 target=10589999981 ceiling=400000000000 old_side_present=1
CBAP_MIG_REPLAN t=35895000 reason=active_set_shrank flow=53 batch=1 newest_batch=1 cur=9566377892 target=10589999981 ceiling=400000000000 old_side_present=1
CBAP_MIG_REPLAN t=35895000 reason=active_set_shrank flow=54 batch=1 newest_batch=1 cur=9566377892 target=10589999981 ceiling=400000000000 old_side_present=1
CBAP_MIG_REPLAN t=35895000 reason=active_set_shrank flow=55 batch=1 newest_batch=1 cur=9566377893 target=10589999981 ceiling=400000000000 old_side_present=1
CBAP_MIG_REPLAN t=35895000 reason=active_set_shrank flow=56 batch=1 newest_batch=1 cur=9566377894 target=10589999981 ceiling=400000000000 old_side_present=1
CBAP_MIG_REPLAN t=35895000 reason=active_set_shrank flow=57 batch=1 newest_batch=1 cur=9566377893 target=10589999981 ceiling=400000000000 old_side_present=1
CBAP_MIG_REPLAN t=35895000 reason=active_set_shrank flow=59 batch=1 newest_batch=1 cur=9566377892 target=10589999981 ceiling=400000000000 old_side_present=1
CBAP_MIG_REPLAN t=35895000 reason=active_set_shrank flow=62 batch=1 newest_batch=1 cur=9566377893 target=10589999981 ceiling=400000000000 old_side_present=1
CBAP_MIG_REPLAN t=35895000 reason=active_set_shrank flow=63 batch=1 newest_batch=1 cur=9566377892 target=10589999981 ceiling=400000000000 old_side_present=1
CBAP_MIG t=35895000 epoch=7179 flow=0 side=old cur=4000007296 next=4000005107 tgt=4000000000 f=0.3 u=1 breach=0 end=converged
CBAP_MIG t=35895000 epoch=7179 flow=2 side=new cur=9566377892 next=9765984199 tgt=10589999981 f=0.195 u=1 breach=9 end=
CBAP_MIG t=35895000 epoch=7179 flow=5 side=new cur=9566377892 next=9765984199 tgt=10589999981 f=0.195 u=1 breach=9 end=
CBAP_MIG t=35895000 epoch=7179 flow=8 side=new cur=9566377892 next=9765984199 tgt=10589999981 f=0.195 u=1 breach=9 end=
CBAP_MIG t=35895000 epoch=7179 flow=10 side=new cur=9566377893 next=9765984200 tgt=10589999981 f=0.195 u=1 breach=9 end=
CBAP_MIG t=35895000 epoch=7179 flow=11 side=new cur=9566377894 next=9765984200 tgt=10589999981 f=0.195 u=1 breach=9 end=
CBAP_MIG t=35895000 epoch=7179 flow=12 side=new cur=9566377893 next=9765984200 tgt=10589999981 f=0.195 u=1 breach=9 end=
CBAP_MIG t=35895000 epoch=7179 flow=13 side=new cur=9566377893 next=9765984200 tgt=10589999981 f=0.195 u=1 breach=9 end=
CBAP_MIG t=35895000 epoch=7179 flow=14 side=new cur=9566377892 next=9765984199 tgt=10589999981 f=0.195 u=1 breach=9 end=
CBAP_MIG t=35895000 epoch=7179 flow=15 side=new cur=9566377892 next=9765984199 tgt=10589999981 f=0.195 u=1 breach=9 end=
CBAP_MIG t=35895000 epoch=7179 flow=16 side=new cur=9566377892 next=9765984199 tgt=10589999981 f=0.195 u=1 breach=9 end=
CBAP_MIG t=35895000 epoch=7179 flow=18 side=new cur=9566377892 next=9765984199 tgt=10589999981 f=0.195 u=1 breach=9 end=
CBAP_MIG t=35895000 epoch=7179 flow=19 side=new cur=9566377893 next=9765984200 tgt=10589999981 f=0.195 u=1 breach=9 end=
CBAP_MIG t=35895000 epoch=7179 flow=20 side=new cur=9566377892 next=9765984199 tgt=10589999981 f=0.195 u=1 breach=9 end=
CBAP_MIG t=35895000 epoch=7179 flow=21 side=new cur=9566377892 next=9765984199 tgt=10589999981 f=0.195 u=1 breach=9 end=
CBAP_MIG t=35895000 epoch=7179 flow=22 side=new cur=9566377892 next=9765984199 tgt=10589999981 f=0.195 u=1 breach=9 end=
CBAP_MIG t=35895000 epoch=7179 flow=25 side=new cur=9566377893 next=9765984200 tgt=10589999981 f=0.195 u=1 breach=9 end=
CBAP_MIG t=35895000 epoch=7179 flow=30 side=new cur=9566377893 next=9765984200 tgt=10589999981 f=0.195 u=1 breach=9 end=
CBAP_MIG t=35895000 epoch=7179 flow=31 side=new cur=9566377892 next=9765984199 tgt=10589999981 f=0.195 u=1 breach=9 end=
CBAP_MIG t=35895000 epoch=7179 flow=33 side=new cur=9566377893 next=9765984200 tgt=10589999981 f=0.195 u=1 breach=9 end=
CBAP_MIG t=35895000 epoch=7179 flow=34 side=new cur=9566377892 next=9765984199 tgt=10589999981 f=0.195 u=1 breach=9 end=
CBAP_MIG t=35895000 epoch=7179 flow=35 side=new cur=9566377893 next=9765984200 tgt=10589999981 f=0.195 u=1 breach=9 end=
CBAP_MIG t=35895000 epoch=7179 flow=36 side=new cur=9566377893 next=9765984200 tgt=10589999981 f=0.195 u=1 breach=9 end=
CBAP_MIG t=35895000 epoch=7179 flow=38 side=new cur=9566377892 next=9765984199 tgt=10589999981 f=0.195 u=1 breach=9 end=
CBAP_MIG t=35895000 epoch=7179 flow=41 side=new cur=9566377892 next=9765984199 tgt=10589999981 f=0.195 u=1 breach=9 end=
CBAP_MIG t=35895000 epoch=7179 flow=43 side=new cur=9566377893 next=9765984200 tgt=10589999981 f=0.195 u=1 breach=9 end=
CBAP_MIG t=35895000 epoch=7179 flow=44 side=new cur=9566377893 next=9765984200 tgt=10589999981 f=0.195 u=1 breach=9 end=
CBAP_MIG t=35895000 epoch=7179 flow=45 side=new cur=9566377892 next=9765984199 tgt=10589999981 f=0.195 u=1 breach=9 end=
CBAP_MIG t=35895000 epoch=7179 flow=46 side=new cur=9566377893 next=9765984200 tgt=10589999981 f=0.195 u=1 breach=9 end=
CBAP_MIG t=35895000 epoch=7179 flow=47 side=new cur=9566377894 next=9765984200 tgt=10589999981 f=0.195 u=1 breach=9 end=
CBAP_MIG t=35895000 epoch=7179 flow=49 side=new cur=9566377892 next=9765984199 tgt=10589999981 f=0.195 u=1 breach=9 end=
CBAP_MIG t=35895000 epoch=7179 flow=51 side=new cur=9566377892 next=9765984199 tgt=10589999981 f=0.195 u=1 breach=9 end=
CBAP_MIG t=35895000 epoch=7179 flow=52 side=new cur=9566377892 next=9765984199 tgt=10589999981 f=0.195 u=1 breach=9 end=
CBAP_MIG t=35895000 epoch=7179 flow=53 side=new cur=9566377892 next=9765984199 tgt=10589999981 f=0.195 u=1 breach=9 end=
CBAP_MIG t=35895000 epoch=7179 flow=54 side=new cur=9566377892 next=9765984199 tgt=10589999981 f=0.195 u=1 breach=9 end=
CBAP_MIG t=35895000 epoch=7179 flow=55 side=new cur=9566377893 next=9765984200 tgt=10589999981 f=0.195 u=1 breach=9 end=
CBAP_MIG t=35895000 epoch=7179 flow=56 side=new cur=9566377894 next=9765984200 tgt=10589999981 f=0.195 u=1 breach=9 end=
CBAP_MIG t=35895000 epoch=7179 flow=57 side=new cur=9566377893 next=9765984200 tgt=10589999981 f=0.195 u=1 breach=9 end=
CBAP_MIG t=35895000 epoch=7179 flow=59 side=new cur=9566377892 next=9765984199 tgt=10589999981 f=0.195 u=1 breach=9 end=
CBAP_MIG t=35895000 epoch=7179 flow=62 side=new cur=9566377893 next=9765984200 tgt=10589999981 f=0.195 u=1 breach=9 end=
CBAP_MIG t=35895000 epoch=7179 flow=63 side=new cur=9566377892 next=9765984199 tgt=10589999981 f=0.195 u=1 breach=9 end=
CBAP_MIG_REPLAN t=35900000 reason=active_set_shrank flow=0 batch=0 newest_batch=1 cur=4000005107 target=4000000000 ceiling=320000000000 old_side_present=1
CBAP_MIG_REPLAN t=35900000 reason=active_set_shrank flow=2 batch=1 newest_batch=1 cur=9765984199 target=11147368407 ceiling=400000000000 old_side_present=1
CBAP_MIG_REPLAN t=35900000 reason=active_set_shrank flow=5 batch=1 newest_batch=1 cur=9765984199 target=11147368407 ceiling=400000000000 old_side_present=1
CBAP_MIG_REPLAN t=35900000 reason=active_set_shrank flow=8 batch=1 newest_batch=1 cur=9765984199 target=11147368407 ceiling=400000000000 old_side_present=1
CBAP_MIG_REPLAN t=35900000 reason=active_set_shrank flow=10 batch=1 newest_batch=1 cur=9765984200 target=11147368407 ceiling=400000000000 old_side_present=1
CBAP_MIG_REPLAN t=35900000 reason=active_set_shrank flow=11 batch=1 newest_batch=1 cur=9765984200 target=11147368407 ceiling=400000000000 old_side_present=1
CBAP_MIG_REPLAN t=35900000 reason=active_set_shrank flow=12 batch=1 newest_batch=1 cur=9765984200 target=11147368407 ceiling=400000000000 old_side_present=1
CBAP_MIG_REPLAN t=35900000 reason=active_set_shrank flow=13 batch=1 newest_batch=1 cur=9765984200 target=11147368407 ceiling=400000000000 old_side_present=1
CBAP_MIG_REPLAN t=35900000 reason=active_set_shrank flow=14 batch=1 newest_batch=1 cur=9765984199 target=11147368407 ceiling=400000000000 old_side_present=1
CBAP_MIG_REPLAN t=35900000 reason=active_set_shrank flow=15 batch=1 newest_batch=1 cur=9765984199 target=11147368407 ceiling=400000000000 old_side_present=1
CBAP_MIG_REPLAN t=35900000 reason=active_set_shrank flow=16 batch=1 newest_batch=1 cur=9765984199 target=11147368407 ceiling=400000000000 old_side_present=1
CBAP_MIG_REPLAN t=35900000 reason=active_set_shrank flow=18 batch=1 newest_batch=1 cur=9765984199 target=11147368407 ceiling=400000000000 old_side_present=1
CBAP_MIG_REPLAN t=35900000 reason=active_set_shrank flow=19 batch=1 newest_batch=1 cur=9765984200 target=11147368407 ceiling=400000000000 old_side_present=1
CBAP_MIG_REPLAN t=35900000 reason=active_set_shrank flow=20 batch=1 newest_batch=1 cur=9765984199 target=11147368407 ceiling=400000000000 old_side_present=1
CBAP_MIG_REPLAN t=35900000 reason=active_set_shrank flow=21 batch=1 newest_batch=1 cur=9765984199 target=11147368407 ceiling=400000000000 old_side_present=1
CBAP_MIG_REPLAN t=35900000 reason=active_set_shrank flow=22 batch=1 newest_batch=1 cur=9765984199 target=11147368407 ceiling=400000000000 old_side_present=1
CBAP_MIG_REPLAN t=35900000 reason=active_set_shrank flow=25 batch=1 newest_batch=1 cur=9765984200 target=11147368407 ceiling=400000000000 old_side_present=1
CBAP_MIG_REPLAN t=35900000 reason=active_set_shrank flow=30 batch=1 newest_batch=1 cur=9765984200 target=11147368407 ceiling=400000000000 old_side_present=1
CBAP_MIG_REPLAN t=35900000 reason=active_set_shrank flow=31 batch=1 newest_batch=1 cur=9765984199 target=11147368407 ceiling=400000000000 old_side_present=1
CBAP_MIG_REPLAN t=35900000 reason=active_set_shrank flow=33 batch=1 newest_batch=1 cur=9765984200 target=11147368407 ceiling=400000000000 old_side_present=1
CBAP_MIG_REPLAN t=35900000 reason=active_set_shrank flow=34 batch=1 newest_batch=1 cur=9765984199 target=11147368407 ceiling=400000000000 old_side_present=1
CBAP_MIG_REPLAN t=35900000 reason=active_set_shrank flow=35 batch=1 newest_batch=1 cur=9765984200 target=11147368407 ceiling=400000000000 old_side_present=1
CBAP_MIG_REPLAN t=35900000 reason=active_set_shrank flow=36 batch=1 newest_batch=1 cur=9765984200 target=11147368407 ceiling=400000000000 old_side_present=1
CBAP_MIG_REPLAN t=35900000 reason=active_set_shrank flow=41 batch=1 newest_batch=1 cur=9765984199 target=11147368407 ceiling=400000000000 old_side_present=1
CBAP_MIG_REPLAN t=35900000 reason=active_set_shrank flow=43 batch=1 newest_batch=1 cur=9765984200 target=11147368407 ceiling=400000000000 old_side_present=1
CBAP_MIG_REPLAN t=35900000 reason=active_set_shrank flow=44 batch=1 newest_batch=1 cur=9765984200 target=11147368407 ceiling=400000000000 old_side_present=1
CBAP_MIG_REPLAN t=35900000 reason=active_set_shrank flow=45 batch=1 newest_batch=1 cur=9765984199 target=11147368407 ceiling=400000000000 old_side_present=1
CBAP_MIG_REPLAN t=35900000 reason=active_set_shrank flow=46 batch=1 newest_batch=1 cur=9765984200 target=11147368407 ceiling=400000000000 old_side_present=1
CBAP_MIG_REPLAN t=35900000 reason=active_set_shrank flow=47 batch=1 newest_batch=1 cur=9765984200 target=11147368407 ceiling=400000000000 old_side_present=1
CBAP_MIG_REPLAN t=35900000 reason=active_set_shrank flow=51 batch=1 newest_batch=1 cur=9765984199 target=11147368407 ceiling=400000000000 old_side_present=1
CBAP_MIG_REPLAN t=35900000 reason=active_set_shrank flow=52 batch=1 newest_batch=1 cur=9765984199 target=11147368407 ceiling=400000000000 old_side_present=1
CBAP_MIG_REPLAN t=35900000 reason=active_set_shrank flow=53 batch=1 newest_batch=1 cur=9765984199 target=11147368407 ceiling=400000000000 old_side_present=1
CBAP_MIG_REPLAN t=35900000 reason=active_set_shrank flow=54 batch=1 newest_batch=1 cur=9765984199 target=11147368407 ceiling=400000000000 old_side_present=1
CBAP_MIG_REPLAN t=35900000 reason=active_set_shrank flow=55 batch=1 newest_batch=1 cur=9765984200 target=11147368407 ceiling=400000000000 old_side_present=1
CBAP_MIG_REPLAN t=35900000 reason=active_set_shrank flow=56 batch=1 newest_batch=1 cur=9765984200 target=11147368407 ceiling=400000000000 old_side_present=1
CBAP_MIG_REPLAN t=35900000 reason=active_set_shrank flow=57 batch=1 newest_batch=1 cur=9765984200 target=11147368407 ceiling=400000000000 old_side_present=1
CBAP_MIG_REPLAN t=35900000 reason=active_set_shrank flow=59 batch=1 newest_batch=1 cur=9765984199 target=11147368407 ceiling=400000000000 old_side_present=1
CBAP_MIG_REPLAN t=35900000 reason=active_set_shrank flow=62 batch=1 newest_batch=1 cur=9765984200 target=11147368407 ceiling=400000000000 old_side_present=1
CBAP_MIG_REPLAN t=35900000 reason=active_set_shrank flow=63 batch=1 newest_batch=1 cur=9765984199 target=11147368407 ceiling=400000000000 old_side_present=1
CBAP_MIG t=35900000 epoch=7180 flow=0 side=old cur=4000005107 next=4000003574 tgt=4000000000 f=0.3 u=1 breach=0 end=converged
CBAP_MIG t=35900000 epoch=7180 flow=2 side=new cur=9765984199 next=10035354119 tgt=11147368407 f=0.195 u=1 breach=9 end=
CBAP_MIG t=35900000 epoch=7180 flow=5 side=new cur=9765984199 next=10035354119 tgt=11147368407 f=0.195 u=1 breach=9 end=
CBAP_MIG t=35900000 epoch=7180 flow=8 side=new cur=9765984199 next=10035354119 tgt=11147368407 f=0.195 u=1 breach=9 end=
CBAP_MIG t=35900000 epoch=7180 flow=10 side=new cur=9765984200 next=10035354120 tgt=11147368407 f=0.195 u=1 breach=9 end=
CBAP_MIG t=35900000 epoch=7180 flow=11 side=new cur=9765984200 next=10035354120 tgt=11147368407 f=0.195 u=1 breach=9 end=
CBAP_MIG t=35900000 epoch=7180 flow=12 side=new cur=9765984200 next=10035354120 tgt=11147368407 f=0.195 u=1 breach=9 end=
CBAP_MIG t=35900000 epoch=7180 flow=13 side=new cur=9765984200 next=10035354120 tgt=11147368407 f=0.195 u=1 breach=9 end=
CBAP_MIG t=35900000 epoch=7180 flow=14 side=new cur=9765984199 next=10035354119 tgt=11147368407 f=0.195 u=1 breach=9 end=
CBAP_MIG t=35900000 epoch=7180 flow=15 side=new cur=9765984199 next=10035354119 tgt=11147368407 f=0.195 u=1 breach=9 end=
CBAP_MIG t=35900000 epoch=7180 flow=16 side=new cur=9765984199 next=10035354119 tgt=11147368407 f=0.195 u=1 breach=9 end=
CBAP_MIG t=35900000 epoch=7180 flow=18 side=new cur=9765984199 next=10035354119 tgt=11147368407 f=0.195 u=1 breach=9 end=
CBAP_MIG t=35900000 epoch=7180 flow=19 side=new cur=9765984200 next=10035354120 tgt=11147368407 f=0.195 u=1 breach=9 end=
CBAP_MIG t=35900000 epoch=7180 flow=20 side=new cur=9765984199 next=10035354119 tgt=11147368407 f=0.195 u=1 breach=9 end=
CBAP_MIG t=35900000 epoch=7180 flow=21 side=new cur=9765984199 next=10035354119 tgt=11147368407 f=0.195 u=1 breach=9 end=
CBAP_MIG t=35900000 epoch=7180 flow=22 side=new cur=9765984199 next=10035354119 tgt=11147368407 f=0.195 u=1 breach=9 end=
CBAP_MIG t=35900000 epoch=7180 flow=25 side=new cur=9765984200 next=10035354120 tgt=11147368407 f=0.195 u=1 breach=9 end=
CBAP_MIG t=35900000 epoch=7180 flow=30 side=new cur=9765984200 next=10035354120 tgt=11147368407 f=0.195 u=1 breach=9 end=
CBAP_MIG t=35900000 epoch=7180 flow=31 side=new cur=9765984199 next=10035354119 tgt=11147368407 f=0.195 u=1 breach=9 end=
CBAP_MIG t=35900000 epoch=7180 flow=33 side=new cur=9765984200 next=10035354120 tgt=11147368407 f=0.195 u=1 breach=9 end=
CBAP_MIG t=35900000 epoch=7180 flow=34 side=new cur=9765984199 next=10035354119 tgt=11147368407 f=0.195 u=1 breach=9 end=
CBAP_MIG t=35900000 epoch=7180 flow=35 side=new cur=9765984200 next=10035354120 tgt=11147368407 f=0.195 u=1 breach=9 end=
CBAP_MIG t=35900000 epoch=7180 flow=36 side=new cur=9765984200 next=10035354120 tgt=11147368407 f=0.195 u=1 breach=9 end=
CBAP_MIG t=35900000 epoch=7180 flow=41 side=new cur=9765984199 next=10035354119 tgt=11147368407 f=0.195 u=1 breach=9 end=
CBAP_MIG t=35900000 epoch=7180 flow=43 side=new cur=9765984200 next=10035354120 tgt=11147368407 f=0.195 u=1 breach=9 end=
CBAP_MIG t=35900000 epoch=7180 flow=44 side=new cur=9765984200 next=10035354120 tgt=11147368407 f=0.195 u=1 breach=9 end=
CBAP_MIG t=35900000 epoch=7180 flow=45 side=new cur=9765984199 next=10035354119 tgt=11147368407 f=0.195 u=1 breach=9 end=
CBAP_MIG t=35900000 epoch=7180 flow=46 side=new cur=9765984200 next=10035354120 tgt=11147368407 f=0.195 u=1 breach=9 end=
CBAP_MIG t=35900000 epoch=7180 flow=47 side=new cur=9765984200 next=10035354120 tgt=11147368407 f=0.195 u=1 breach=9 end=
CBAP_MIG t=35900000 epoch=7180 flow=51 side=new cur=9765984199 next=10035354119 tgt=11147368407 f=0.195 u=1 breach=9 end=
CBAP_MIG t=35900000 epoch=7180 flow=52 side=new cur=9765984199 next=10035354119 tgt=11147368407 f=0.195 u=1 breach=9 end=
CBAP_MIG t=35900000 epoch=7180 flow=53 side=new cur=9765984199 next=10035354119 tgt=11147368407 f=0.195 u=1 breach=9 end=
CBAP_MIG t=35900000 epoch=7180 flow=54 side=new cur=9765984199 next=10035354119 tgt=11147368407 f=0.195 u=1 breach=9 end=
CBAP_MIG t=35900000 epoch=7180 flow=55 side=new cur=9765984200 next=10035354120 tgt=11147368407 f=0.195 u=1 breach=9 end=
CBAP_MIG t=35900000 epoch=7180 flow=56 side=new cur=9765984200 next=10035354120 tgt=11147368407 f=0.195 u=1 breach=9 end=
CBAP_MIG t=35900000 epoch=7180 flow=57 side=new cur=9765984200 next=10035354120 tgt=11147368407 f=0.195 u=1 breach=9 end=
CBAP_MIG t=35900000 epoch=7180 flow=59 side=new cur=9765984199 next=10035354119 tgt=11147368407 f=0.195 u=1 breach=9 end=
CBAP_MIG t=35900000 epoch=7180 flow=62 side=new cur=9765984200 next=10035354120 tgt=11147368407 f=0.195 u=1 breach=9 end=
CBAP_MIG t=35900000 epoch=7180 flow=63 side=new cur=9765984199 next=10035354119 tgt=11147368407 f=0.195 u=1 breach=9 end=
CBAP_MIG_REPLAN t=35905000 reason=active_set_shrank flow=0 batch=0 newest_batch=1 cur=4000003574 target=4000000000 ceiling=320000000000 old_side_present=1
CBAP_MIG_REPLAN t=35905000 reason=active_set_shrank flow=8 batch=1 newest_batch=1 cur=10035354119 target=11099999990 ceiling=400000000000 old_side_present=1
CBAP_MIG_REPLAN t=35905000 reason=active_set_shrank flow=10 batch=1 newest_batch=1 cur=10035354120 target=11099999990 ceiling=400000000000 old_side_present=1
CBAP_MIG_REPLAN t=35905000 reason=active_set_shrank flow=11 batch=1 newest_batch=1 cur=10035354120 target=11099999990 ceiling=400000000000 old_side_present=1
CBAP_MIG_REPLAN t=35905000 reason=active_set_shrank flow=12 batch=1 newest_batch=1 cur=10035354120 target=11099999990 ceiling=400000000000 old_side_present=1
CBAP_MIG_REPLAN t=35905000 reason=active_set_shrank flow=13 batch=1 newest_batch=1 cur=10035354120 target=11099999990 ceiling=400000000000 old_side_present=1
CBAP_MIG_REPLAN t=35905000 reason=active_set_shrank flow=14 batch=1 newest_batch=1 cur=10035354119 target=11099999990 ceiling=400000000000 old_side_present=1
CBAP_MIG_REPLAN t=35905000 reason=active_set_shrank flow=15 batch=1 newest_batch=1 cur=10035354119 target=11099999990 ceiling=400000000000 old_side_present=1
CBAP_MIG_REPLAN t=35905000 reason=active_set_shrank flow=16 batch=1 newest_batch=1 cur=10035354119 target=11099999990 ceiling=400000000000 old_side_present=1
CBAP_MIG_REPLAN t=35905000 reason=active_set_shrank flow=18 batch=1 newest_batch=1 cur=10035354119 target=11099999990 ceiling=400000000000 old_side_present=1
CBAP_MIG_REPLAN t=35905000 reason=active_set_shrank flow=19 batch=1 newest_batch=1 cur=10035354120 target=11099999990 ceiling=400000000000 old_side_present=1
CBAP_MIG_REPLAN t=35905000 reason=active_set_shrank flow=20 batch=1 newest_batch=1 cur=10035354119 target=11099999990 ceiling=400000000000 old_side_present=1
CBAP_MIG_REPLAN t=35905000 reason=active_set_shrank flow=21 batch=1 newest_batch=1 cur=10035354119 target=11099999990 ceiling=400000000000 old_side_present=1
CBAP_MIG_REPLAN t=35905000 reason=active_set_shrank flow=22 batch=1 newest_batch=1 cur=10035354119 target=11099999990 ceiling=400000000000 old_side_present=1
CBAP_MIG_REPLAN t=35905000 reason=active_set_shrank flow=25 batch=1 newest_batch=1 cur=10035354120 target=11099999990 ceiling=400000000000 old_side_present=1
CBAP_MIG_REPLAN t=35905000 reason=active_set_shrank flow=30 batch=1 newest_batch=1 cur=10035354120 target=11099999990 ceiling=400000000000 old_side_present=1
CBAP_MIG_REPLAN t=35905000 reason=active_set_shrank flow=31 batch=1 newest_batch=1 cur=10035354119 target=11099999990 ceiling=400000000000 old_side_present=1
CBAP_MIG_REPLAN t=35905000 reason=active_set_shrank flow=33 batch=1 newest_batch=1 cur=10035354120 target=11099999990 ceiling=400000000000 old_side_present=1
CBAP_MIG_REPLAN t=35905000 reason=active_set_shrank flow=34 batch=1 newest_batch=1 cur=10035354119 target=11099999990 ceiling=400000000000 old_side_present=1
CBAP_MIG_REPLAN t=35905000 reason=active_set_shrank flow=35 batch=1 newest_batch=1 cur=10035354120 target=11099999990 ceiling=400000000000 old_side_present=1
CBAP_MIG_REPLAN t=35905000 reason=active_set_shrank flow=36 batch=1 newest_batch=1 cur=10035354120 target=11099999990 ceiling=400000000000 old_side_present=1
CBAP_MIG_REPLAN t=35905000 reason=active_set_shrank flow=41 batch=1 newest_batch=1 cur=10035354119 target=11099999990 ceiling=400000000000 old_side_present=1
CBAP_MIG_REPLAN t=35905000 reason=active_set_shrank flow=43 batch=1 newest_batch=1 cur=10035354120 target=11099999990 ceiling=400000000000 old_side_present=1
CBAP_MIG_REPLAN t=35905000 reason=active_set_shrank flow=44 batch=1 newest_batch=1 cur=10035354120 target=11099999990 ceiling=400000000000 old_side_present=1
CBAP_MIG_REPLAN t=35905000 reason=active_set_shrank flow=45 batch=1 newest_batch=1 cur=10035354119 target=11099999990 ceiling=400000000000 old_side_present=1
CBAP_MIG_REPLAN t=35905000 reason=active_set_shrank flow=46 batch=1 newest_batch=1 cur=10035354120 target=11099999990 ceiling=400000000000 old_side_present=1
CBAP_MIG_REPLAN t=35905000 reason=active_set_shrank flow=47 batch=1 newest_batch=1 cur=10035354120 target=11099999990 ceiling=400000000000 old_side_present=1
CBAP_MIG_REPLAN t=35905000 reason=active_set_shrank flow=51 batch=1 newest_batch=1 cur=10035354119 target=11099999990 ceiling=400000000000 old_side_present=1
CBAP_MIG_REPLAN t=35905000 reason=active_set_shrank flow=52 batch=1 newest_batch=1 cur=10035354119 target=11099999990 ceiling=400000000000 old_side_present=1
CBAP_MIG_REPLAN t=35905000 reason=active_set_shrank flow=53 batch=1 newest_batch=1 cur=10035354119 target=11099999990 ceiling=400000000000 old_side_present=1
CBAP_MIG_REPLAN t=35905000 reason=active_set_shrank flow=54 batch=1 newest_batch=1 cur=10035354119 target=11099999990 ceiling=400000000000 old_side_present=1
CBAP_MIG_REPLAN t=35905000 reason=active_set_shrank flow=55 batch=1 newest_batch=1 cur=10035354120 target=11099999990 ceiling=400000000000 old_side_present=1
CBAP_MIG_REPLAN t=35905000 reason=active_set_shrank flow=56 batch=1 newest_batch=1 cur=10035354120 target=11099999990 ceiling=400000000000 old_side_present=1
CBAP_MIG_REPLAN t=35905000 reason=active_set_shrank flow=57 batch=1 newest_batch=1 cur=10035354120 target=11099999990 ceiling=400000000000 old_side_present=1
CBAP_MIG_REPLAN t=35905000 reason=active_set_shrank flow=59 batch=1 newest_batch=1 cur=10035354119 target=11099999990 ceiling=400000000000 old_side_present=1
CBAP_MIG_REPLAN t=35905000 reason=active_set_shrank flow=62 batch=1 newest_batch=1 cur=10035354120 target=11099999990 ceiling=400000000000 old_side_present=1
CBAP_MIG_REPLAN t=35905000 reason=active_set_shrank flow=63 batch=1 newest_batch=1 cur=10035354119 target=11099999990 ceiling=400000000000 old_side_present=1
CBAP_MIG t=35905000 epoch=7181 flow=0 side=old cur=4000003574 next=4000002501 tgt=4000000000 f=0.3 u=1 breach=0 end=converged
CBAP_MIG t=35905000 epoch=7181 flow=8 side=new cur=10035354119 next=10242960063 tgt=11099999990 f=0.195 u=1 breach=9 end=
CBAP_MIG t=35905000 epoch=7181 flow=10 side=new cur=10035354120 next=10242960064 tgt=11099999990 f=0.195 u=1 breach=9 end=
CBAP_MIG t=35905000 epoch=7181 flow=11 side=new cur=10035354120 next=10242960064 tgt=11099999990 f=0.195 u=1 breach=9 end=
CBAP_MIG t=35905000 epoch=7181 flow=12 side=new cur=10035354120 next=10242960064 tgt=11099999990 f=0.195 u=1 breach=9 end=
CBAP_MIG t=35905000 epoch=7181 flow=13 side=new cur=10035354120 next=10242960064 tgt=11099999990 f=0.195 u=1 breach=9 end=
CBAP_MIG t=35905000 epoch=7181 flow=14 side=new cur=10035354119 next=10242960063 tgt=11099999990 f=0.195 u=1 breach=9 end=
CBAP_MIG t=35905000 epoch=7181 flow=15 side=new cur=10035354119 next=10242960063 tgt=11099999990 f=0.195 u=1 breach=9 end=
CBAP_MIG t=35905000 epoch=7181 flow=16 side=new cur=10035354119 next=10242960063 tgt=11099999990 f=0.195 u=1 breach=9 end=
CBAP_MIG t=35905000 epoch=7181 flow=18 side=new cur=10035354119 next=10242960063 tgt=11099999990 f=0.195 u=1 breach=9 end=
CBAP_MIG t=35905000 epoch=7181 flow=19 side=new cur=10035354120 next=10242960064 tgt=11099999990 f=0.195 u=1 breach=9 end=
CBAP_MIG t=35905000 epoch=7181 flow=20 side=new cur=10035354119 next=10242960063 tgt=11099999990 f=0.195 u=1 breach=9 end=
CBAP_MIG t=35905000 epoch=7181 flow=21 side=new cur=10035354119 next=10242960063 tgt=11099999990 f=0.195 u=1 breach=9 end=
CBAP_MIG t=35905000 epoch=7181 flow=22 side=new cur=10035354119 next=10242960063 tgt=11099999990 f=0.195 u=1 breach=9 end=
CBAP_MIG t=35905000 epoch=7181 flow=25 side=new cur=10035354120 next=10242960064 tgt=11099999990 f=0.195 u=1 breach=9 end=
CBAP_MIG t=35905000 epoch=7181 flow=30 side=new cur=10035354120 next=10242960064 tgt=11099999990 f=0.195 u=1 breach=9 end=
CBAP_MIG t=35905000 epoch=7181 flow=31 side=new cur=10035354119 next=10242960063 tgt=11099999990 f=0.195 u=1 breach=9 end=
CBAP_MIG t=35905000 epoch=7181 flow=33 side=new cur=10035354120 next=10242960064 tgt=11099999990 f=0.195 u=1 breach=9 end=
CBAP_MIG t=35905000 epoch=7181 flow=34 side=new cur=10035354119 next=10242960063 tgt=11099999990 f=0.195 u=1 breach=9 end=
CBAP_MIG t=35905000 epoch=7181 flow=35 side=new cur=10035354120 next=10242960064 tgt=11099999990 f=0.195 u=1 breach=9 end=
CBAP_MIG t=35905000 epoch=7181 flow=36 side=new cur=10035354120 next=10242960064 tgt=11099999990 f=0.195 u=1 breach=9 end=
CBAP_MIG t=35905000 epoch=7181 flow=41 side=new cur=10035354119 next=10242960063 tgt=11099999990 f=0.195 u=1 breach=9 end=
CBAP_MIG t=35905000 epoch=7181 flow=43 side=new cur=10035354120 next=10242960064 tgt=11099999990 f=0.195 u=1 breach=9 end=
CBAP_MIG t=35905000 epoch=7181 flow=44 side=new cur=10035354120 next=10242960064 tgt=11099999990 f=0.195 u=1 breach=9 end=
CBAP_MIG t=35905000 epoch=7181 flow=45 side=new cur=10035354119 next=10242960063 tgt=11099999990 f=0.195 u=1 breach=9 end=
CBAP_MIG t=35905000 epoch=7181 flow=46 side=new cur=10035354120 next=10242960064 tgt=11099999990 f=0.195 u=1 breach=9 end=
CBAP_MIG t=35905000 epoch=7181 flow=47 side=new cur=10035354120 next=10242960064 tgt=11099999990 f=0.195 u=1 breach=9 end=
CBAP_MIG t=35905000 epoch=7181 flow=51 side=new cur=10035354119 next=10242960063 tgt=11099999990 f=0.195 u=1 breach=9 end=
CBAP_MIG t=35905000 epoch=7181 flow=52 side=new cur=10035354119 next=10242960063 tgt=11099999990 f=0.195 u=1 breach=9 end=
CBAP_MIG t=35905000 epoch=7181 flow=53 side=new cur=10035354119 next=10242960063 tgt=11099999990 f=0.195 u=1 breach=9 end=
CBAP_MIG t=35905000 epoch=7181 flow=54 side=new cur=10035354119 next=10242960063 tgt=11099999990 f=0.195 u=1 breach=9 end=
CBAP_MIG t=35905000 epoch=7181 flow=55 side=new cur=10035354120 next=10242960064 tgt=11099999990 f=0.195 u=1 breach=9 end=
CBAP_MIG t=35905000 epoch=7181 flow=56 side=new cur=10035354120 next=10242960064 tgt=11099999990 f=0.195 u=1 breach=9 end=
CBAP_MIG t=35905000 epoch=7181 flow=57 side=new cur=10035354120 next=10242960064 tgt=11099999990 f=0.195 u=1 breach=9 end=
CBAP_MIG t=35905000 epoch=7181 flow=59 side=new cur=10035354119 next=10242960063 tgt=11099999990 f=0.195 u=1 breach=9 end=
CBAP_MIG t=35905000 epoch=7181 flow=62 side=new cur=10035354120 next=10242960064 tgt=11099999990 f=0.195 u=1 breach=9 end=
CBAP_MIG t=35905000 epoch=7181 flow=63 side=new cur=10035354119 next=10242960063 tgt=11099999990 f=0.195 u=1 breach=9 end=
CBAP_MIG t=35910000 epoch=7182 flow=8 side=new cur=10242960063 next=10410082848 tgt=11099999990 f=0.195 u=1 breach=9 end=
CBAP_MIG t=35910000 epoch=7182 flow=10 side=new cur=10242960064 next=10410082849 tgt=11099999990 f=0.195 u=1 breach=9 end=
CBAP_MIG t=35910000 epoch=7182 flow=11 side=new cur=10242960064 next=10410082849 tgt=11099999990 f=0.195 u=1 breach=9 end=
CBAP_MIG t=35910000 epoch=7182 flow=12 side=new cur=10242960064 next=10410082849 tgt=11099999990 f=0.195 u=1 breach=9 end=
CBAP_MIG t=35910000 epoch=7182 flow=13 side=new cur=10242960064 next=10410082849 tgt=11099999990 f=0.195 u=1 breach=9 end=
CBAP_MIG t=35910000 epoch=7182 flow=14 side=new cur=10242960063 next=10410082848 tgt=11099999990 f=0.195 u=1 breach=9 end=
CBAP_MIG t=35910000 epoch=7182 flow=15 side=new cur=10242960063 next=10410082848 tgt=11099999990 f=0.195 u=1 breach=9 end=
CBAP_MIG t=35910000 epoch=7182 flow=16 side=new cur=10242960063 next=10410082848 tgt=11099999990 f=0.195 u=1 breach=9 end=
CBAP_MIG t=35910000 epoch=7182 flow=18 side=new cur=10242960063 next=10410082848 tgt=11099999990 f=0.195 u=1 breach=9 end=
CBAP_MIG t=35910000 epoch=7182 flow=19 side=new cur=10242960064 next=10410082849 tgt=11099999990 f=0.195 u=1 breach=9 end=
CBAP_MIG t=35910000 epoch=7182 flow=20 side=new cur=10242960063 next=10410082848 tgt=11099999990 f=0.195 u=1 breach=9 end=
CBAP_MIG t=35910000 epoch=7182 flow=21 side=new cur=10242960063 next=10410082848 tgt=11099999990 f=0.195 u=1 breach=9 end=
CBAP_MIG t=35910000 epoch=7182 flow=22 side=new cur=10242960063 next=10410082848 tgt=11099999990 f=0.195 u=1 breach=9 end=
CBAP_MIG t=35910000 epoch=7182 flow=25 side=new cur=10242960064 next=10410082849 tgt=11099999990 f=0.195 u=1 breach=9 end=
CBAP_MIG t=35910000 epoch=7182 flow=30 side=new cur=10242960064 next=10410082849 tgt=11099999990 f=0.195 u=1 breach=9 end=
CBAP_MIG t=35910000 epoch=7182 flow=31 side=new cur=10242960063 next=10410082848 tgt=11099999990 f=0.195 u=1 breach=9 end=
CBAP_MIG t=35910000 epoch=7182 flow=33 side=new cur=10242960064 next=10410082849 tgt=11099999990 f=0.195 u=1 breach=9 end=
CBAP_MIG t=35910000 epoch=7182 flow=34 side=new cur=10242960063 next=10410082848 tgt=11099999990 f=0.195 u=1 breach=9 end=
CBAP_MIG t=35910000 epoch=7182 flow=35 side=new cur=10242960064 next=10410082849 tgt=11099999990 f=0.195 u=1 breach=9 end=
CBAP_MIG t=35910000 epoch=7182 flow=36 side=new cur=10242960064 next=10410082849 tgt=11099999990 f=0.195 u=1 breach=9 end=
CBAP_MIG t=35910000 epoch=7182 flow=41 side=new cur=10242960063 next=10410082848 tgt=11099999990 f=0.195 u=1 breach=9 end=
CBAP_MIG t=35910000 epoch=7182 flow=43 side=new cur=10242960064 next=10410082849 tgt=11099999990 f=0.195 u=1 breach=9 end=
CBAP_MIG t=35910000 epoch=7182 flow=44 side=new cur=10242960064 next=10410082849 tgt=11099999990 f=0.195 u=1 breach=9 end=
CBAP_MIG t=35910000 epoch=7182 flow=45 side=new cur=10242960063 next=10410082848 tgt=11099999990 f=0.195 u=1 breach=9 end=
CBAP_MIG t=35910000 epoch=7182 flow=46 side=new cur=10242960064 next=10410082849 tgt=11099999990 f=0.195 u=1 breach=9 end=
CBAP_MIG t=35910000 epoch=7182 flow=47 side=new cur=10242960064 next=10410082849 tgt=11099999990 f=0.195 u=1 breach=9 end=
CBAP_MIG t=35910000 epoch=7182 flow=51 side=new cur=10242960063 next=10410082848 tgt=11099999990 f=0.195 u=1 breach=9 end=
CBAP_MIG t=35910000 epoch=7182 flow=52 side=new cur=10242960063 next=10410082848 tgt=11099999990 f=0.195 u=1 breach=9 end=
CBAP_MIG t=35910000 epoch=7182 flow=53 side=new cur=10242960063 next=10410082848 tgt=11099999990 f=0.195 u=1 breach=9 end=
CBAP_MIG t=35910000 epoch=7182 flow=54 side=new cur=10242960063 next=10410082848 tgt=11099999990 f=0.195 u=1 breach=9 end=
CBAP_MIG t=35910000 epoch=7182 flow=55 side=new cur=10242960064 next=10410082849 tgt=11099999990 f=0.195 u=1 breach=9 end=
CBAP_MIG t=35910000 epoch=7182 flow=56 side=new cur=10242960064 next=10410082849 tgt=11099999990 f=0.195 u=1 breach=9 end=
CBAP_MIG t=35910000 epoch=7182 flow=57 side=new cur=10242960064 next=10410082849 tgt=11099999990 f=0.195 u=1 breach=9 end=
CBAP_MIG t=35910000 epoch=7182 flow=59 side=new cur=10242960063 next=10410082848 tgt=11099999990 f=0.195 u=1 breach=9 end=
CBAP_MIG t=35910000 epoch=7182 flow=62 side=new cur=10242960064 next=10410082849 tgt=11099999990 f=0.195 u=1 breach=9 end=
CBAP_MIG t=35910000 epoch=7182 flow=63 side=new cur=10242960063 next=10410082848 tgt=11099999990 f=0.195 u=1 breach=9 end=
CBAP_MIG t=35915000 epoch=7183 flow=8 side=new cur=10410082848 next=10557424312 tgt=11099999990 f=0.213564 u=0.9116 breach=9 end=
CBAP_MIG t=35915000 epoch=7183 flow=10 side=new cur=10410082849 next=10557424313 tgt=11099999990 f=0.213564 u=0.9116 breach=9 end=
CBAP_MIG t=35915000 epoch=7183 flow=11 side=new cur=10410082849 next=10557424313 tgt=11099999990 f=0.213564 u=0.9116 breach=9 end=
CBAP_MIG t=35915000 epoch=7183 flow=12 side=new cur=10410082849 next=10557424313 tgt=11099999990 f=0.213564 u=0.9116 breach=9 end=
CBAP_MIG t=35915000 epoch=7183 flow=13 side=new cur=10410082849 next=10557424313 tgt=11099999990 f=0.213564 u=0.9116 breach=9 end=
CBAP_MIG t=35915000 epoch=7183 flow=14 side=new cur=10410082848 next=10557424312 tgt=11099999990 f=0.213564 u=0.9116 breach=9 end=
CBAP_MIG t=35915000 epoch=7183 flow=15 side=new cur=10410082848 next=10557424312 tgt=11099999990 f=0.213564 u=0.9116 breach=9 end=
CBAP_MIG t=35915000 epoch=7183 flow=16 side=new cur=10410082848 next=10557424312 tgt=11099999990 f=0.213564 u=0.9116 breach=9 end=
CBAP_MIG t=35915000 epoch=7183 flow=18 side=new cur=10410082848 next=10557424312 tgt=11099999990 f=0.213564 u=0.9116 breach=9 end=
CBAP_MIG t=35915000 epoch=7183 flow=19 side=new cur=10410082849 next=10557424313 tgt=11099999990 f=0.213564 u=0.9116 breach=9 end=
CBAP_MIG t=35915000 epoch=7183 flow=20 side=new cur=10410082848 next=10557424312 tgt=11099999990 f=0.213564 u=0.9116 breach=9 end=
CBAP_MIG t=35915000 epoch=7183 flow=21 side=new cur=10410082848 next=10557424312 tgt=11099999990 f=0.213564 u=0.9116 breach=9 end=
CBAP_MIG t=35915000 epoch=7183 flow=22 side=new cur=10410082848 next=10557424312 tgt=11099999990 f=0.213564 u=0.9116 breach=9 end=
CBAP_MIG t=35915000 epoch=7183 flow=25 side=new cur=10410082849 next=10557424313 tgt=11099999990 f=0.213564 u=0.9116 breach=9 end=
CBAP_MIG t=35915000 epoch=7183 flow=30 side=new cur=10410082849 next=10557424313 tgt=11099999990 f=0.213564 u=0.9116 breach=9 end=
CBAP_MIG t=35915000 epoch=7183 flow=31 side=new cur=10410082848 next=10557424312 tgt=11099999990 f=0.213564 u=0.9116 breach=9 end=
CBAP_MIG t=35915000 epoch=7183 flow=33 side=new cur=10410082849 next=10557424313 tgt=11099999990 f=0.213564 u=0.9116 breach=9 end=
CBAP_MIG t=35915000 epoch=7183 flow=34 side=new cur=10410082848 next=10557424312 tgt=11099999990 f=0.213564 u=0.9116 breach=9 end=
CBAP_MIG t=35915000 epoch=7183 flow=35 side=new cur=10410082849 next=10557424313 tgt=11099999990 f=0.213564 u=0.9116 breach=9 end=
CBAP_MIG t=35915000 epoch=7183 flow=36 side=new cur=10410082849 next=10557424313 tgt=11099999990 f=0.213564 u=0.9116 breach=9 end=
CBAP_MIG t=35915000 epoch=7183 flow=41 side=new cur=10410082848 next=10557424312 tgt=11099999990 f=0.213564 u=0.9116 breach=9 end=
CBAP_MIG t=35915000 epoch=7183 flow=43 side=new cur=10410082849 next=10557424313 tgt=11099999990 f=0.213564 u=0.9116 breach=9 end=
CBAP_MIG t=35915000 epoch=7183 flow=44 side=new cur=10410082849 next=10557424313 tgt=11099999990 f=0.213564 u=0.9116 breach=9 end=
CBAP_MIG t=35915000 epoch=7183 flow=45 side=new cur=10410082848 next=10557424312 tgt=11099999990 f=0.213564 u=0.9116 breach=9 end=
CBAP_MIG t=35915000 epoch=7183 flow=46 side=new cur=10410082849 next=10557424313 tgt=11099999990 f=0.213564 u=0.9116 breach=9 end=
CBAP_MIG t=35915000 epoch=7183 flow=47 side=new cur=10410082849 next=10557424313 tgt=11099999990 f=0.213564 u=0.9116 breach=9 end=
CBAP_MIG t=35915000 epoch=7183 flow=51 side=new cur=10410082848 next=10557424312 tgt=11099999990 f=0.213564 u=0.9116 breach=9 end=
CBAP_MIG t=35915000 epoch=7183 flow=52 side=new cur=10410082848 next=10557424312 tgt=11099999990 f=0.213564 u=0.9116 breach=9 end=
CBAP_MIG t=35915000 epoch=7183 flow=53 side=new cur=10410082848 next=10557424312 tgt=11099999990 f=0.213564 u=0.9116 breach=9 end=
CBAP_MIG t=35915000 epoch=7183 flow=54 side=new cur=10410082848 next=10557424312 tgt=11099999990 f=0.213564 u=0.9116 breach=9 end=
CBAP_MIG t=35915000 epoch=7183 flow=55 side=new cur=10410082849 next=10557424313 tgt=11099999990 f=0.213564 u=0.9116 breach=9 end=
CBAP_MIG t=35915000 epoch=7183 flow=56 side=new cur=10410082849 next=10557424313 tgt=11099999990 f=0.213564 u=0.9116 breach=9 end=
CBAP_MIG t=35915000 epoch=7183 flow=57 side=new cur=10410082849 next=10557424313 tgt=11099999990 f=0.213564 u=0.9116 breach=9 end=
CBAP_MIG t=35915000 epoch=7183 flow=59 side=new cur=10410082848 next=10557424312 tgt=11099999990 f=0.213564 u=0.9116 breach=9 end=
CBAP_MIG t=35915000 epoch=7183 flow=62 side=new cur=10410082849 next=10557424313 tgt=11099999990 f=0.213564 u=0.9116 breach=9 end=
CBAP_MIG t=35915000 epoch=7183 flow=63 side=new cur=10410082848 next=10557424312 tgt=11099999990 f=0.213564 u=0.9116 breach=9 end=
CBAP_MIG t=35920000 epoch=7184 flow=8 side=new cur=10557424312 next=10683266493 tgt=11099999990 f=0.231935 u=0.82412 breach=9 end=
CBAP_MIG t=35920000 epoch=7184 flow=10 side=new cur=10557424313 next=10683266494 tgt=11099999990 f=0.231935 u=0.82412 breach=9 end=
CBAP_MIG t=35920000 epoch=7184 flow=11 side=new cur=10557424313 next=10683266494 tgt=11099999990 f=0.231935 u=0.82412 breach=9 end=
CBAP_MIG t=35920000 epoch=7184 flow=12 side=new cur=10557424313 next=10683266494 tgt=11099999990 f=0.231935 u=0.82412 breach=9 end=
CBAP_MIG t=35920000 epoch=7184 flow=13 side=new cur=10557424313 next=10683266494 tgt=11099999990 f=0.231935 u=0.82412 breach=9 end=
CBAP_MIG t=35920000 epoch=7184 flow=14 side=new cur=10557424312 next=10683266493 tgt=11099999990 f=0.231935 u=0.82412 breach=9 end=
CBAP_MIG t=35920000 epoch=7184 flow=15 side=new cur=10557424312 next=10683266493 tgt=11099999990 f=0.231935 u=0.82412 breach=9 end=
CBAP_MIG t=35920000 epoch=7184 flow=16 side=new cur=10557424312 next=10683266493 tgt=11099999990 f=0.231935 u=0.82412 breach=9 end=
CBAP_MIG t=35920000 epoch=7184 flow=18 side=new cur=10557424312 next=10683266493 tgt=11099999990 f=0.231935 u=0.82412 breach=9 end=
CBAP_MIG t=35920000 epoch=7184 flow=19 side=new cur=10557424313 next=10683266494 tgt=11099999990 f=0.231935 u=0.82412 breach=9 end=
CBAP_MIG t=35920000 epoch=7184 flow=20 side=new cur=10557424312 next=10683266493 tgt=11099999990 f=0.231935 u=0.82412 breach=9 end=
CBAP_MIG t=35920000 epoch=7184 flow=21 side=new cur=10557424312 next=10683266493 tgt=11099999990 f=0.231935 u=0.82412 breach=9 end=
CBAP_MIG t=35920000 epoch=7184 flow=22 side=new cur=10557424312 next=10683266493 tgt=11099999990 f=0.231935 u=0.82412 breach=9 end=
CBAP_MIG t=35920000 epoch=7184 flow=25 side=new cur=10557424313 next=10683266494 tgt=11099999990 f=0.231935 u=0.82412 breach=9 end=
CBAP_MIG t=35920000 epoch=7184 flow=30 side=new cur=10557424313 next=10683266494 tgt=11099999990 f=0.231935 u=0.82412 breach=9 end=
CBAP_MIG t=35920000 epoch=7184 flow=31 side=new cur=10557424312 next=10683266493 tgt=11099999990 f=0.231935 u=0.82412 breach=9 end=
CBAP_MIG t=35920000 epoch=7184 flow=33 side=new cur=10557424313 next=10683266494 tgt=11099999990 f=0.231935 u=0.82412 breach=9 end=
CBAP_MIG t=35920000 epoch=7184 flow=34 side=new cur=10557424312 next=10683266493 tgt=11099999990 f=0.231935 u=0.82412 breach=9 end=
CBAP_MIG t=35920000 epoch=7184 flow=35 side=new cur=10557424313 next=10683266494 tgt=11099999990 f=0.231935 u=0.82412 breach=9 end=
CBAP_MIG t=35920000 epoch=7184 flow=36 side=new cur=10557424313 next=10683266494 tgt=11099999990 f=0.231935 u=0.82412 breach=9 end=
CBAP_MIG t=35920000 epoch=7184 flow=41 side=new cur=10557424312 next=10683266493 tgt=11099999990 f=0.231935 u=0.82412 breach=9 end=
CBAP_MIG t=35920000 epoch=7184 flow=43 side=new cur=10557424313 next=10683266494 tgt=11099999990 f=0.231935 u=0.82412 breach=9 end=
CBAP_MIG t=35920000 epoch=7184 flow=44 side=new cur=10557424313 next=10683266494 tgt=11099999990 f=0.231935 u=0.82412 breach=9 end=
CBAP_MIG t=35920000 epoch=7184 flow=45 side=new cur=10557424312 next=10683266493 tgt=11099999990 f=0.231935 u=0.82412 breach=9 end=
CBAP_MIG t=35920000 epoch=7184 flow=46 side=new cur=10557424313 next=10683266494 tgt=11099999990 f=0.231935 u=0.82412 breach=9 end=
CBAP_MIG t=35920000 epoch=7184 flow=47 side=new cur=10557424313 next=10683266494 tgt=11099999990 f=0.231935 u=0.82412 breach=9 end=
CBAP_MIG t=35920000 epoch=7184 flow=51 side=new cur=10557424312 next=10683266493 tgt=11099999990 f=0.231935 u=0.82412 breach=9 end=
CBAP_MIG t=35920000 epoch=7184 flow=52 side=new cur=10557424312 next=10683266493 tgt=11099999990 f=0.231935 u=0.82412 breach=9 end=
CBAP_MIG t=35920000 epoch=7184 flow=53 side=new cur=10557424312 next=10683266493 tgt=11099999990 f=0.231935 u=0.82412 breach=9 end=
CBAP_MIG t=35920000 epoch=7184 flow=54 side=new cur=10557424312 next=10683266493 tgt=11099999990 f=0.231935 u=0.82412 breach=9 end=
CBAP_MIG t=35920000 epoch=7184 flow=55 side=new cur=10557424313 next=10683266494 tgt=11099999990 f=0.231935 u=0.82412 breach=9 end=
CBAP_MIG t=35920000 epoch=7184 flow=56 side=new cur=10557424313 next=10683266494 tgt=11099999990 f=0.231935 u=0.82412 breach=9 end=
CBAP_MIG t=35920000 epoch=7184 flow=57 side=new cur=10557424313 next=10683266494 tgt=11099999990 f=0.231935 u=0.82412 breach=9 end=
CBAP_MIG t=35920000 epoch=7184 flow=59 side=new cur=10557424312 next=10683266493 tgt=11099999990 f=0.231935 u=0.82412 breach=9 end=
CBAP_MIG t=35920000 epoch=7184 flow=62 side=new cur=10557424313 next=10683266494 tgt=11099999990 f=0.231935 u=0.82412 breach=9 end=
CBAP_MIG t=35920000 epoch=7184 flow=63 side=new cur=10557424312 next=10683266493 tgt=11099999990 f=0.231935 u=0.82412 breach=9 end=
CBAP_MIG t=35925000 epoch=7185 flow=8 side=new cur=10683266493 next=10792369489 tgt=11099999990 f=0.261805 u=0.68188 breach=9 end=
CBAP_MIG t=35925000 epoch=7185 flow=10 side=new cur=10683266494 next=10792369490 tgt=11099999990 f=0.261805 u=0.68188 breach=9 end=
CBAP_MIG t=35925000 epoch=7185 flow=11 side=new cur=10683266494 next=10792369490 tgt=11099999990 f=0.261805 u=0.68188 breach=9 end=
CBAP_MIG t=35925000 epoch=7185 flow=12 side=new cur=10683266494 next=10792369490 tgt=11099999990 f=0.261805 u=0.68188 breach=9 end=
CBAP_MIG t=35925000 epoch=7185 flow=13 side=new cur=10683266494 next=10792369490 tgt=11099999990 f=0.261805 u=0.68188 breach=9 end=
CBAP_MIG t=35925000 epoch=7185 flow=14 side=new cur=10683266493 next=10792369489 tgt=11099999990 f=0.261805 u=0.68188 breach=9 end=
CBAP_MIG t=35925000 epoch=7185 flow=15 side=new cur=10683266493 next=10792369489 tgt=11099999990 f=0.261805 u=0.68188 breach=9 end=
CBAP_MIG t=35925000 epoch=7185 flow=16 side=new cur=10683266493 next=10792369489 tgt=11099999990 f=0.261805 u=0.68188 breach=9 end=
CBAP_MIG t=35925000 epoch=7185 flow=18 side=new cur=10683266493 next=10792369489 tgt=11099999990 f=0.261805 u=0.68188 breach=9 end=
CBAP_MIG t=35925000 epoch=7185 flow=19 side=new cur=10683266494 next=10792369490 tgt=11099999990 f=0.261805 u=0.68188 breach=9 end=
CBAP_MIG t=35925000 epoch=7185 flow=20 side=new cur=10683266493 next=10792369489 tgt=11099999990 f=0.261805 u=0.68188 breach=9 end=
CBAP_MIG t=35925000 epoch=7185 flow=21 side=new cur=10683266493 next=10792369489 tgt=11099999990 f=0.261805 u=0.68188 breach=9 end=
CBAP_MIG t=35925000 epoch=7185 flow=22 side=new cur=10683266493 next=10792369489 tgt=11099999990 f=0.261805 u=0.68188 breach=9 end=
CBAP_MIG t=35925000 epoch=7185 flow=25 side=new cur=10683266494 next=10792369490 tgt=11099999990 f=0.261805 u=0.68188 breach=9 end=
CBAP_MIG t=35925000 epoch=7185 flow=30 side=new cur=10683266494 next=10792369490 tgt=11099999990 f=0.261805 u=0.68188 breach=9 end=
CBAP_MIG t=35925000 epoch=7185 flow=31 side=new cur=10683266493 next=10792369489 tgt=11099999990 f=0.261805 u=0.68188 breach=9 end=
CBAP_MIG t=35925000 epoch=7185 flow=33 side=new cur=10683266494 next=10792369490 tgt=11099999990 f=0.261805 u=0.68188 breach=9 end=
CBAP_MIG t=35925000 epoch=7185 flow=34 side=new cur=10683266493 next=10792369489 tgt=11099999990 f=0.261805 u=0.68188 breach=9 end=
CBAP_MIG t=35925000 epoch=7185 flow=35 side=new cur=10683266494 next=10792369490 tgt=11099999990 f=0.261805 u=0.68188 breach=9 end=
CBAP_MIG t=35925000 epoch=7185 flow=36 side=new cur=10683266494 next=10792369490 tgt=11099999990 f=0.261805 u=0.68188 breach=9 end=
CBAP_MIG t=35925000 epoch=7185 flow=41 side=new cur=10683266493 next=10792369489 tgt=11099999990 f=0.261805 u=0.68188 breach=9 end=
CBAP_MIG t=35925000 epoch=7185 flow=43 side=new cur=10683266494 next=10792369490 tgt=11099999990 f=0.261805 u=0.68188 breach=9 end=
CBAP_MIG t=35925000 epoch=7185 flow=44 side=new cur=10683266494 next=10792369490 tgt=11099999990 f=0.261805 u=0.68188 breach=9 end=
CBAP_MIG t=35925000 epoch=7185 flow=45 side=new cur=10683266493 next=10792369489 tgt=11099999990 f=0.261805 u=0.68188 breach=9 end=
CBAP_MIG t=35925000 epoch=7185 flow=46 side=new cur=10683266494 next=10792369490 tgt=11099999990 f=0.261805 u=0.68188 breach=9 end=
CBAP_MIG t=35925000 epoch=7185 flow=47 side=new cur=10683266494 next=10792369490 tgt=11099999990 f=0.261805 u=0.68188 breach=9 end=
CBAP_MIG t=35925000 epoch=7185 flow=51 side=new cur=10683266493 next=10792369489 tgt=11099999990 f=0.261805 u=0.68188 breach=9 end=
CBAP_MIG t=35925000 epoch=7185 flow=52 side=new cur=10683266493 next=10792369489 tgt=11099999990 f=0.261805 u=0.68188 breach=9 end=
CBAP_MIG t=35925000 epoch=7185 flow=53 side=new cur=10683266493 next=10792369489 tgt=11099999990 f=0.261805 u=0.68188 breach=9 end=
CBAP_MIG t=35925000 epoch=7185 flow=54 side=new cur=10683266493 next=10792369489 tgt=11099999990 f=0.261805 u=0.68188 breach=9 end=
CBAP_MIG t=35925000 epoch=7185 flow=55 side=new cur=10683266494 next=10792369490 tgt=11099999990 f=0.261805 u=0.68188 breach=9 end=
CBAP_MIG t=35925000 epoch=7185 flow=56 side=new cur=10683266494 next=10792369490 tgt=11099999990 f=0.261805 u=0.68188 breach=9 end=
CBAP_MIG t=35925000 epoch=7185 flow=57 side=new cur=10683266494 next=10792369490 tgt=11099999990 f=0.261805 u=0.68188 breach=9 end=
CBAP_MIG t=35925000 epoch=7185 flow=59 side=new cur=10683266493 next=10792369489 tgt=11099999990 f=0.261805 u=0.68188 breach=9 end=
CBAP_MIG t=35925000 epoch=7185 flow=62 side=new cur=10683266494 next=10792369490 tgt=11099999990 f=0.261805 u=0.68188 breach=9 end=
CBAP_MIG t=35925000 epoch=7185 flow=63 side=new cur=10683266493 next=10792369489 tgt=11099999990 f=0.261805 u=0.68188 breach=9 end=
CBAP_MIG_REPLAN t=35930000 reason=active_set_shrank flow=0 batch=0 newest_batch=1 cur=4000002501 target=4000000000 ceiling=320000000000 old_side_present=1
CBAP_MIG_REPLAN t=35930000 reason=active_set_shrank flow=8 batch=1 newest_batch=1 cur=10792369489 target=12102857135 ceiling=400000000000 old_side_present=1
CBAP_MIG_REPLAN t=35930000 reason=active_set_shrank flow=10 batch=1 newest_batch=1 cur=10792369490 target=12102857135 ceiling=400000000000 old_side_present=1
CBAP_MIG_REPLAN t=35930000 reason=active_set_shrank flow=11 batch=1 newest_batch=1 cur=10792369490 target=12102857135 ceiling=400000000000 old_side_present=1
CBAP_MIG_REPLAN t=35930000 reason=active_set_shrank flow=12 batch=1 newest_batch=1 cur=10792369490 target=12102857135 ceiling=400000000000 old_side_present=1
CBAP_MIG_REPLAN t=35930000 reason=active_set_shrank flow=13 batch=1 newest_batch=1 cur=10792369490 target=12102857135 ceiling=400000000000 old_side_present=1
CBAP_MIG_REPLAN t=35930000 reason=active_set_shrank flow=14 batch=1 newest_batch=1 cur=10792369489 target=12102857135 ceiling=400000000000 old_side_present=1
CBAP_MIG_REPLAN t=35930000 reason=active_set_shrank flow=15 batch=1 newest_batch=1 cur=10792369489 target=12102857135 ceiling=400000000000 old_side_present=1
CBAP_MIG_REPLAN t=35930000 reason=active_set_shrank flow=16 batch=1 newest_batch=1 cur=10792369489 target=12102857135 ceiling=400000000000 old_side_present=1
CBAP_MIG_REPLAN t=35930000 reason=active_set_shrank flow=18 batch=1 newest_batch=1 cur=10792369489 target=12102857135 ceiling=400000000000 old_side_present=1
CBAP_MIG_REPLAN t=35930000 reason=active_set_shrank flow=19 batch=1 newest_batch=1 cur=10792369490 target=12102857135 ceiling=400000000000 old_side_present=1
CBAP_MIG_REPLAN t=35930000 reason=active_set_shrank flow=20 batch=1 newest_batch=1 cur=10792369489 target=12102857135 ceiling=400000000000 old_side_present=1
CBAP_MIG_REPLAN t=35930000 reason=active_set_shrank flow=21 batch=1 newest_batch=1 cur=10792369489 target=12102857135 ceiling=400000000000 old_side_present=1
CBAP_MIG_REPLAN t=35930000 reason=active_set_shrank flow=22 batch=1 newest_batch=1 cur=10792369489 target=12102857135 ceiling=400000000000 old_side_present=1
CBAP_MIG_REPLAN t=35930000 reason=active_set_shrank flow=25 batch=1 newest_batch=1 cur=10792369490 target=12102857135 ceiling=400000000000 old_side_present=1
CBAP_MIG_REPLAN t=35930000 reason=active_set_shrank flow=30 batch=1 newest_batch=1 cur=10792369490 target=12102857135 ceiling=400000000000 old_side_present=1
CBAP_MIG_REPLAN t=35930000 reason=active_set_shrank flow=31 batch=1 newest_batch=1 cur=10792369489 target=12102857135 ceiling=400000000000 old_side_present=1
CBAP_MIG_REPLAN t=35930000 reason=active_set_shrank flow=33 batch=1 newest_batch=1 cur=10792369490 target=12102857135 ceiling=400000000000 old_side_present=1
CBAP_MIG_REPLAN t=35930000 reason=active_set_shrank flow=34 batch=1 newest_batch=1 cur=10792369489 target=12102857135 ceiling=400000000000 old_side_present=1
CBAP_MIG_REPLAN t=35930000 reason=active_set_shrank flow=35 batch=1 newest_batch=1 cur=10792369490 target=12102857135 ceiling=400000000000 old_side_present=1
CBAP_MIG_REPLAN t=35930000 reason=active_set_shrank flow=36 batch=1 newest_batch=1 cur=10792369490 target=12102857135 ceiling=400000000000 old_side_present=1
CBAP_MIG_REPLAN t=35930000 reason=active_set_shrank flow=43 batch=1 newest_batch=1 cur=10792369490 target=12102857135 ceiling=400000000000 old_side_present=1
CBAP_MIG_REPLAN t=35930000 reason=active_set_shrank flow=44 batch=1 newest_batch=1 cur=10792369490 target=12102857135 ceiling=400000000000 old_side_present=1
CBAP_MIG_REPLAN t=35930000 reason=active_set_shrank flow=45 batch=1 newest_batch=1 cur=10792369489 target=12102857135 ceiling=400000000000 old_side_present=1
CBAP_MIG_REPLAN t=35930000 reason=active_set_shrank flow=46 batch=1 newest_batch=1 cur=10792369490 target=12102857135 ceiling=400000000000 old_side_present=1
CBAP_MIG_REPLAN t=35930000 reason=active_set_shrank flow=47 batch=1 newest_batch=1 cur=10792369490 target=12102857135 ceiling=400000000000 old_side_present=1
CBAP_MIG_REPLAN t=35930000 reason=active_set_shrank flow=51 batch=1 newest_batch=1 cur=10792369489 target=12102857135 ceiling=400000000000 old_side_present=1
CBAP_MIG_REPLAN t=35930000 reason=active_set_shrank flow=52 batch=1 newest_batch=1 cur=10792369489 target=12102857135 ceiling=400000000000 old_side_present=1
CBAP_MIG_REPLAN t=35930000 reason=active_set_shrank flow=53 batch=1 newest_batch=1 cur=10792369489 target=12102857135 ceiling=400000000000 old_side_present=1
CBAP_MIG_REPLAN t=35930000 reason=active_set_shrank flow=54 batch=1 newest_batch=1 cur=10792369489 target=12102857135 ceiling=400000000000 old_side_present=1
CBAP_MIG_REPLAN t=35930000 reason=active_set_shrank flow=55 batch=1 newest_batch=1 cur=10792369490 target=12102857135 ceiling=400000000000 old_side_present=1
CBAP_MIG_REPLAN t=35930000 reason=active_set_shrank flow=56 batch=1 newest_batch=1 cur=10792369490 target=12102857135 ceiling=400000000000 old_side_present=1
CBAP_MIG_REPLAN t=35930000 reason=active_set_shrank flow=57 batch=1 newest_batch=1 cur=10792369490 target=12102857135 ceiling=400000000000 old_side_present=1
CBAP_MIG_REPLAN t=35930000 reason=active_set_shrank flow=59 batch=1 newest_batch=1 cur=10792369489 target=12102857135 ceiling=400000000000 old_side_present=1
CBAP_MIG_REPLAN t=35930000 reason=active_set_shrank flow=62 batch=1 newest_batch=1 cur=10792369490 target=12102857135 ceiling=400000000000 old_side_present=1
CBAP_MIG_REPLAN t=35930000 reason=active_set_shrank flow=63 batch=1 newest_batch=1 cur=10792369489 target=12102857135 ceiling=400000000000 old_side_present=1
CBAP_MIG t=35930000 epoch=7186 flow=0 side=old cur=4000002501 next=4000001750 tgt=4000000000 f=0.3 u=0.54172 breach=0 end=converged
CBAP_MIG t=35930000 epoch=7186 flow=8 side=new cur=10792369489 next=11174034338 tgt=12102857135 f=0.291239 u=0.54172 breach=9 end=
CBAP_MIG t=35930000 epoch=7186 flow=10 side=new cur=10792369490 next=11174034339 tgt=12102857135 f=0.291239 u=0.54172 breach=9 end=
CBAP_MIG t=35930000 epoch=7186 flow=11 side=new cur=10792369490 next=11174034339 tgt=12102857135 f=0.291239 u=0.54172 breach=9 end=
CBAP_MIG t=35930000 epoch=7186 flow=12 side=new cur=10792369490 next=11174034339 tgt=12102857135 f=0.291239 u=0.54172 breach=9 end=
CBAP_MIG t=35930000 epoch=7186 flow=13 side=new cur=10792369490 next=11174034339 tgt=12102857135 f=0.291239 u=0.54172 breach=9 end=
CBAP_MIG t=35930000 epoch=7186 flow=14 side=new cur=10792369489 next=11174034338 tgt=12102857135 f=0.291239 u=0.54172 breach=9 end=
CBAP_MIG t=35930000 epoch=7186 flow=15 side=new cur=10792369489 next=11174034338 tgt=12102857135 f=0.291239 u=0.54172 breach=9 end=
CBAP_MIG t=35930000 epoch=7186 flow=16 side=new cur=10792369489 next=11174034338 tgt=12102857135 f=0.291239 u=0.54172 breach=9 end=
CBAP_MIG t=35930000 epoch=7186 flow=18 side=new cur=10792369489 next=11174034338 tgt=12102857135 f=0.291239 u=0.54172 breach=9 end=
CBAP_MIG t=35930000 epoch=7186 flow=19 side=new cur=10792369490 next=11174034339 tgt=12102857135 f=0.291239 u=0.54172 breach=9 end=
CBAP_MIG t=35930000 epoch=7186 flow=20 side=new cur=10792369489 next=11174034338 tgt=12102857135 f=0.291239 u=0.54172 breach=9 end=
CBAP_MIG t=35930000 epoch=7186 flow=21 side=new cur=10792369489 next=11174034338 tgt=12102857135 f=0.291239 u=0.54172 breach=9 end=
CBAP_MIG t=35930000 epoch=7186 flow=22 side=new cur=10792369489 next=11174034338 tgt=12102857135 f=0.291239 u=0.54172 breach=9 end=
CBAP_MIG t=35930000 epoch=7186 flow=25 side=new cur=10792369490 next=11174034339 tgt=12102857135 f=0.291239 u=0.54172 breach=9 end=
CBAP_MIG t=35930000 epoch=7186 flow=30 side=new cur=10792369490 next=11174034339 tgt=12102857135 f=0.291239 u=0.54172 breach=9 end=
CBAP_MIG t=35930000 epoch=7186 flow=31 side=new cur=10792369489 next=11174034338 tgt=12102857135 f=0.291239 u=0.54172 breach=9 end=
CBAP_MIG t=35930000 epoch=7186 flow=33 side=new cur=10792369490 next=11174034339 tgt=12102857135 f=0.291239 u=0.54172 breach=9 end=
CBAP_MIG t=35930000 epoch=7186 flow=34 side=new cur=10792369489 next=11174034338 tgt=12102857135 f=0.291239 u=0.54172 breach=9 end=
CBAP_MIG t=35930000 epoch=7186 flow=35 side=new cur=10792369490 next=11174034339 tgt=12102857135 f=0.291239 u=0.54172 breach=9 end=
CBAP_MIG t=35930000 epoch=7186 flow=36 side=new cur=10792369490 next=11174034339 tgt=12102857135 f=0.291239 u=0.54172 breach=9 end=
CBAP_MIG t=35930000 epoch=7186 flow=43 side=new cur=10792369490 next=11174034339 tgt=12102857135 f=0.291239 u=0.54172 breach=9 end=
CBAP_MIG t=35930000 epoch=7186 flow=44 side=new cur=10792369490 next=11174034339 tgt=12102857135 f=0.291239 u=0.54172 breach=9 end=
CBAP_MIG t=35930000 epoch=7186 flow=45 side=new cur=10792369489 next=11174034338 tgt=12102857135 f=0.291239 u=0.54172 breach=9 end=
CBAP_MIG t=35930000 epoch=7186 flow=46 side=new cur=10792369490 next=11174034339 tgt=12102857135 f=0.291239 u=0.54172 breach=9 end=
CBAP_MIG t=35930000 epoch=7186 flow=47 side=new cur=10792369490 next=11174034339 tgt=12102857135 f=0.291239 u=0.54172 breach=9 end=
CBAP_MIG t=35930000 epoch=7186 flow=51 side=new cur=10792369489 next=11174034338 tgt=12102857135 f=0.291239 u=0.54172 breach=9 end=
CBAP_MIG t=35930000 epoch=7186 flow=52 side=new cur=10792369489 next=11174034338 tgt=12102857135 f=0.291239 u=0.54172 breach=9 end=
CBAP_MIG t=35930000 epoch=7186 flow=53 side=new cur=10792369489 next=11174034338 tgt=12102857135 f=0.291239 u=0.54172 breach=9 end=
CBAP_MIG t=35930000 epoch=7186 flow=54 side=new cur=10792369489 next=11174034338 tgt=12102857135 f=0.291239 u=0.54172 breach=9 end=
CBAP_MIG t=35930000 epoch=7186 flow=55 side=new cur=10792369490 next=11174034339 tgt=12102857135 f=0.291239 u=0.54172 breach=9 end=
CBAP_MIG t=35930000 epoch=7186 flow=56 side=new cur=10792369490 next=11174034339 tgt=12102857135 f=0.291239 u=0.54172 breach=9 end=
CBAP_MIG t=35930000 epoch=7186 flow=57 side=new cur=10792369490 next=11174034339 tgt=12102857135 f=0.291239 u=0.54172 breach=9 end=
CBAP_MIG t=35930000 epoch=7186 flow=59 side=new cur=10792369489 next=11174034338 tgt=12102857135 f=0.291239 u=0.54172 breach=9 end=
CBAP_MIG t=35930000 epoch=7186 flow=62 side=new cur=10792369490 next=11174034339 tgt=12102857135 f=0.291239 u=0.54172 breach=9 end=
CBAP_MIG t=35930000 epoch=7186 flow=63 side=new cur=10792369489 next=11174034338 tgt=12102857135 f=0.291239 u=0.54172 breach=9 end=
CBAP_MIG_REPLAN t=35935000 reason=active_set_shrank flow=0 batch=0 newest_batch=1 cur=4000001750 target=4000000000 ceiling=320000000000 old_side_present=1
CBAP_MIG_REPLAN t=35935000 reason=active_set_shrank flow=8 batch=1 newest_batch=1 cur=11174034338 target=12109090903 ceiling=400000000000 old_side_present=1
CBAP_MIG_REPLAN t=35935000 reason=active_set_shrank flow=10 batch=1 newest_batch=1 cur=11174034339 target=12109090903 ceiling=400000000000 old_side_present=1
CBAP_MIG_REPLAN t=35935000 reason=active_set_shrank flow=12 batch=1 newest_batch=1 cur=11174034339 target=12109090903 ceiling=400000000000 old_side_present=1
CBAP_MIG_REPLAN t=35935000 reason=active_set_shrank flow=13 batch=1 newest_batch=1 cur=11174034339 target=12109090903 ceiling=400000000000 old_side_present=1
CBAP_MIG_REPLAN t=35935000 reason=active_set_shrank flow=14 batch=1 newest_batch=1 cur=11174034338 target=12109090903 ceiling=400000000000 old_side_present=1
CBAP_MIG_REPLAN t=35935000 reason=active_set_shrank flow=15 batch=1 newest_batch=1 cur=11174034338 target=12109090903 ceiling=400000000000 old_side_present=1
CBAP_MIG_REPLAN t=35935000 reason=active_set_shrank flow=16 batch=1 newest_batch=1 cur=11174034338 target=12109090903 ceiling=400000000000 old_side_present=1
CBAP_MIG_REPLAN t=35935000 reason=active_set_shrank flow=18 batch=1 newest_batch=1 cur=11174034338 target=12109090903 ceiling=400000000000 old_side_present=1
CBAP_MIG_REPLAN t=35935000 reason=active_set_shrank flow=19 batch=1 newest_batch=1 cur=11174034339 target=12109090903 ceiling=400000000000 old_side_present=1
CBAP_MIG_REPLAN t=35935000 reason=active_set_shrank flow=20 batch=1 newest_batch=1 cur=11174034338 target=12109090903 ceiling=400000000000 old_side_present=1
CBAP_MIG_REPLAN t=35935000 reason=active_set_shrank flow=21 batch=1 newest_batch=1 cur=11174034338 target=12109090903 ceiling=400000000000 old_side_present=1
CBAP_MIG_REPLAN t=35935000 reason=active_set_shrank flow=25 batch=1 newest_batch=1 cur=11174034339 target=12109090903 ceiling=400000000000 old_side_present=1
CBAP_MIG_REPLAN t=35935000 reason=active_set_shrank flow=30 batch=1 newest_batch=1 cur=11174034339 target=12109090903 ceiling=400000000000 old_side_present=1
CBAP_MIG_REPLAN t=35935000 reason=active_set_shrank flow=31 batch=1 newest_batch=1 cur=11174034338 target=12109090903 ceiling=400000000000 old_side_present=1
CBAP_MIG_REPLAN t=35935000 reason=active_set_shrank flow=33 batch=1 newest_batch=1 cur=11174034339 target=12109090903 ceiling=400000000000 old_side_present=1
CBAP_MIG_REPLAN t=35935000 reason=active_set_shrank flow=34 batch=1 newest_batch=1 cur=11174034338 target=12109090903 ceiling=400000000000 old_side_present=1
CBAP_MIG_REPLAN t=35935000 reason=active_set_shrank flow=35 batch=1 newest_batch=1 cur=11174034339 target=12109090903 ceiling=400000000000 old_side_present=1
CBAP_MIG_REPLAN t=35935000 reason=active_set_shrank flow=36 batch=1 newest_batch=1 cur=11174034339 target=12109090903 ceiling=400000000000 old_side_present=1
CBAP_MIG_REPLAN t=35935000 reason=active_set_shrank flow=43 batch=1 newest_batch=1 cur=11174034339 target=12109090903 ceiling=400000000000 old_side_present=1
CBAP_MIG_REPLAN t=35935000 reason=active_set_shrank flow=44 batch=1 newest_batch=1 cur=11174034339 target=12109090903 ceiling=400000000000 old_side_present=1
CBAP_MIG_REPLAN t=35935000 reason=active_set_shrank flow=45 batch=1 newest_batch=1 cur=11174034338 target=12109090903 ceiling=400000000000 old_side_present=1
CBAP_MIG_REPLAN t=35935000 reason=active_set_shrank flow=46 batch=1 newest_batch=1 cur=11174034339 target=12109090903 ceiling=400000000000 old_side_present=1
CBAP_MIG_REPLAN t=35935000 reason=active_set_shrank flow=47 batch=1 newest_batch=1 cur=11174034339 target=12109090903 ceiling=400000000000 old_side_present=1
CBAP_MIG_REPLAN t=35935000 reason=active_set_shrank flow=51 batch=1 newest_batch=1 cur=11174034338 target=12109090903 ceiling=400000000000 old_side_present=1
CBAP_MIG_REPLAN t=35935000 reason=active_set_shrank flow=52 batch=1 newest_batch=1 cur=11174034338 target=12109090903 ceiling=400000000000 old_side_present=1
CBAP_MIG_REPLAN t=35935000 reason=active_set_shrank flow=53 batch=1 newest_batch=1 cur=11174034338 target=12109090903 ceiling=400000000000 old_side_present=1
CBAP_MIG_REPLAN t=35935000 reason=active_set_shrank flow=54 batch=1 newest_batch=1 cur=11174034338 target=12109090903 ceiling=400000000000 old_side_present=1
CBAP_MIG_REPLAN t=35935000 reason=active_set_shrank flow=55 batch=1 newest_batch=1 cur=11174034339 target=12109090903 ceiling=400000000000 old_side_present=1
CBAP_MIG_REPLAN t=35935000 reason=active_set_shrank flow=56 batch=1 newest_batch=1 cur=11174034339 target=12109090903 ceiling=400000000000 old_side_present=1
CBAP_MIG_REPLAN t=35935000 reason=active_set_shrank flow=57 batch=1 newest_batch=1 cur=11174034339 target=12109090903 ceiling=400000000000 old_side_present=1
CBAP_MIG_REPLAN t=35935000 reason=active_set_shrank flow=59 batch=1 newest_batch=1 cur=11174034338 target=12109090903 ceiling=400000000000 old_side_present=1
CBAP_MIG_REPLAN t=35935000 reason=active_set_shrank flow=62 batch=1 newest_batch=1 cur=11174034339 target=12109090903 ceiling=400000000000 old_side_present=1
CBAP_MIG_REPLAN t=35935000 reason=active_set_shrank flow=63 batch=1 newest_batch=1 cur=11174034338 target=12109090903 ceiling=400000000000 old_side_present=1
CBAP_MIG t=35935000 epoch=7187 flow=0 side=old cur=4000001750 next=4000001225 tgt=4000000000 f=0.3 u=0.4048 breach=0 end=converged
CBAP_MIG t=35935000 epoch=7187 flow=8 side=new cur=11174034338 next=11473244958 tgt=12109090903 f=0.319992 u=0.4048 breach=9 end=
CBAP_MIG t=35935000 epoch=7187 flow=10 side=new cur=11174034339 next=11473244959 tgt=12109090903 f=0.319992 u=0.4048 breach=9 end=
CBAP_MIG t=35935000 epoch=7187 flow=12 side=new cur=11174034339 next=11473244959 tgt=12109090903 f=0.319992 u=0.4048 breach=9 end=
CBAP_MIG t=35935000 epoch=7187 flow=13 side=new cur=11174034339 next=11473244959 tgt=12109090903 f=0.319992 u=0.4048 breach=9 end=
CBAP_MIG t=35935000 epoch=7187 flow=14 side=new cur=11174034338 next=11473244958 tgt=12109090903 f=0.319992 u=0.4048 breach=9 end=
CBAP_MIG t=35935000 epoch=7187 flow=15 side=new cur=11174034338 next=11473244958 tgt=12109090903 f=0.319992 u=0.4048 breach=9 end=
CBAP_MIG t=35935000 epoch=7187 flow=16 side=new cur=11174034338 next=11473244958 tgt=12109090903 f=0.319992 u=0.4048 breach=9 end=
CBAP_MIG t=35935000 epoch=7187 flow=18 side=new cur=11174034338 next=11473244958 tgt=12109090903 f=0.319992 u=0.4048 breach=9 end=
CBAP_MIG t=35935000 epoch=7187 flow=19 side=new cur=11174034339 next=11473244959 tgt=12109090903 f=0.319992 u=0.4048 breach=9 end=
CBAP_MIG t=35935000 epoch=7187 flow=20 side=new cur=11174034338 next=11473244958 tgt=12109090903 f=0.319992 u=0.4048 breach=9 end=
CBAP_MIG t=35935000 epoch=7187 flow=21 side=new cur=11174034338 next=11473244958 tgt=12109090903 f=0.319992 u=0.4048 breach=9 end=
CBAP_MIG t=35935000 epoch=7187 flow=25 side=new cur=11174034339 next=11473244959 tgt=12109090903 f=0.319992 u=0.4048 breach=9 end=
CBAP_MIG t=35935000 epoch=7187 flow=30 side=new cur=11174034339 next=11473244959 tgt=12109090903 f=0.319992 u=0.4048 breach=9 end=
CBAP_MIG t=35935000 epoch=7187 flow=31 side=new cur=11174034338 next=11473244958 tgt=12109090903 f=0.319992 u=0.4048 breach=9 end=
CBAP_MIG t=35935000 epoch=7187 flow=33 side=new cur=11174034339 next=11473244959 tgt=12109090903 f=0.319992 u=0.4048 breach=9 end=
CBAP_MIG t=35935000 epoch=7187 flow=34 side=new cur=11174034338 next=11473244958 tgt=12109090903 f=0.319992 u=0.4048 breach=9 end=
CBAP_MIG t=35935000 epoch=7187 flow=35 side=new cur=11174034339 next=11473244959 tgt=12109090903 f=0.319992 u=0.4048 breach=9 end=
CBAP_MIG t=35935000 epoch=7187 flow=36 side=new cur=11174034339 next=11473244959 tgt=12109090903 f=0.319992 u=0.4048 breach=9 end=
CBAP_MIG t=35935000 epoch=7187 flow=43 side=new cur=11174034339 next=11473244959 tgt=12109090903 f=0.319992 u=0.4048 breach=9 end=
CBAP_MIG t=35935000 epoch=7187 flow=44 side=new cur=11174034339 next=11473244959 tgt=12109090903 f=0.319992 u=0.4048 breach=9 end=
CBAP_MIG t=35935000 epoch=7187 flow=45 side=new cur=11174034338 next=11473244958 tgt=12109090903 f=0.319992 u=0.4048 breach=9 end=
CBAP_MIG t=35935000 epoch=7187 flow=46 side=new cur=11174034339 next=11473244959 tgt=12109090903 f=0.319992 u=0.4048 breach=9 end=
CBAP_MIG t=35935000 epoch=7187 flow=47 side=new cur=11174034339 next=11473244959 tgt=12109090903 f=0.319992 u=0.4048 breach=9 end=
CBAP_MIG t=35935000 epoch=7187 flow=51 side=new cur=11174034338 next=11473244958 tgt=12109090903 f=0.319992 u=0.4048 breach=9 end=
CBAP_MIG t=35935000 epoch=7187 flow=52 side=new cur=11174034338 next=11473244958 tgt=12109090903 f=0.319992 u=0.4048 breach=9 end=
CBAP_MIG t=35935000 epoch=7187 flow=53 side=new cur=11174034338 next=11473244958 tgt=12109090903 f=0.319992 u=0.4048 breach=9 end=
CBAP_MIG t=35935000 epoch=7187 flow=54 side=new cur=11174034338 next=11473244958 tgt=12109090903 f=0.319992 u=0.4048 breach=9 end=
CBAP_MIG t=35935000 epoch=7187 flow=55 side=new cur=11174034339 next=11473244959 tgt=12109090903 f=0.319992 u=0.4048 breach=9 end=
CBAP_MIG t=35935000 epoch=7187 flow=56 side=new cur=11174034339 next=11473244959 tgt=12109090903 f=0.319992 u=0.4048 breach=9 end=
CBAP_MIG t=35935000 epoch=7187 flow=57 side=new cur=11174034339 next=11473244959 tgt=12109090903 f=0.319992 u=0.4048 breach=9 end=
CBAP_MIG t=35935000 epoch=7187 flow=59 side=new cur=11174034338 next=11473244958 tgt=12109090903 f=0.319992 u=0.4048 breach=9 end=
CBAP_MIG t=35935000 epoch=7187 flow=62 side=new cur=11174034339 next=11473244959 tgt=12109090903 f=0.319992 u=0.4048 breach=9 end=
CBAP_MIG t=35935000 epoch=7187 flow=63 side=new cur=11174034338 next=11473244958 tgt=12109090903 f=0.319992 u=0.4048 breach=9 end=
CBAP_MIG_REPLAN t=35940000 reason=active_set_shrank flow=0 batch=0 newest_batch=1 cur=4000001225 target=4000000000 ceiling=320000000000 old_side_present=1
CBAP_MIG_REPLAN t=35940000 reason=active_set_shrank flow=8 batch=1 newest_batch=1 cur=11473244958 target=12487499996 ceiling=400000000000 old_side_present=1
CBAP_MIG_REPLAN t=35940000 reason=active_set_shrank flow=10 batch=1 newest_batch=1 cur=11473244959 target=12487499996 ceiling=400000000000 old_side_present=1
CBAP_MIG_REPLAN t=35940000 reason=active_set_shrank flow=13 batch=1 newest_batch=1 cur=11473244959 target=12487499996 ceiling=400000000000 old_side_present=1
CBAP_MIG_REPLAN t=35940000 reason=active_set_shrank flow=14 batch=1 newest_batch=1 cur=11473244958 target=12487499996 ceiling=400000000000 old_side_present=1
CBAP_MIG_REPLAN t=35940000 reason=active_set_shrank flow=15 batch=1 newest_batch=1 cur=11473244958 target=12487499996 ceiling=400000000000 old_side_present=1
CBAP_MIG_REPLAN t=35940000 reason=active_set_shrank flow=16 batch=1 newest_batch=1 cur=11473244958 target=12487499996 ceiling=400000000000 old_side_present=1
CBAP_MIG_REPLAN t=35940000 reason=active_set_shrank flow=18 batch=1 newest_batch=1 cur=11473244958 target=12487499996 ceiling=400000000000 old_side_present=1
CBAP_MIG_REPLAN t=35940000 reason=active_set_shrank flow=19 batch=1 newest_batch=1 cur=11473244959 target=12487499996 ceiling=400000000000 old_side_present=1
CBAP_MIG_REPLAN t=35940000 reason=active_set_shrank flow=20 batch=1 newest_batch=1 cur=11473244958 target=12487499996 ceiling=400000000000 old_side_present=1
CBAP_MIG_REPLAN t=35940000 reason=active_set_shrank flow=21 batch=1 newest_batch=1 cur=11473244958 target=12487499996 ceiling=400000000000 old_side_present=1
CBAP_MIG_REPLAN t=35940000 reason=active_set_shrank flow=25 batch=1 newest_batch=1 cur=11473244959 target=12487499996 ceiling=400000000000 old_side_present=1
CBAP_MIG_REPLAN t=35940000 reason=active_set_shrank flow=30 batch=1 newest_batch=1 cur=11473244959 target=12487499996 ceiling=400000000000 old_side_present=1
CBAP_MIG_REPLAN t=35940000 reason=active_set_shrank flow=31 batch=1 newest_batch=1 cur=11473244958 target=12487499996 ceiling=400000000000 old_side_present=1
CBAP_MIG_REPLAN t=35940000 reason=active_set_shrank flow=33 batch=1 newest_batch=1 cur=11473244959 target=12487499996 ceiling=400000000000 old_side_present=1
CBAP_MIG_REPLAN t=35940000 reason=active_set_shrank flow=34 batch=1 newest_batch=1 cur=11473244958 target=12487499996 ceiling=400000000000 old_side_present=1
CBAP_MIG_REPLAN t=35940000 reason=active_set_shrank flow=35 batch=1 newest_batch=1 cur=11473244959 target=12487499996 ceiling=400000000000 old_side_present=1
CBAP_MIG_REPLAN t=35940000 reason=active_set_shrank flow=36 batch=1 newest_batch=1 cur=11473244959 target=12487499996 ceiling=400000000000 old_side_present=1
CBAP_MIG_REPLAN t=35940000 reason=active_set_shrank flow=43 batch=1 newest_batch=1 cur=11473244959 target=12487499996 ceiling=400000000000 old_side_present=1
CBAP_MIG_REPLAN t=35940000 reason=active_set_shrank flow=44 batch=1 newest_batch=1 cur=11473244959 target=12487499996 ceiling=400000000000 old_side_present=1
CBAP_MIG_REPLAN t=35940000 reason=active_set_shrank flow=45 batch=1 newest_batch=1 cur=11473244958 target=12487499996 ceiling=400000000000 old_side_present=1
CBAP_MIG_REPLAN t=35940000 reason=active_set_shrank flow=46 batch=1 newest_batch=1 cur=11473244959 target=12487499996 ceiling=400000000000 old_side_present=1
CBAP_MIG_REPLAN t=35940000 reason=active_set_shrank flow=47 batch=1 newest_batch=1 cur=11473244959 target=12487499996 ceiling=400000000000 old_side_present=1
CBAP_MIG_REPLAN t=35940000 reason=active_set_shrank flow=51 batch=1 newest_batch=1 cur=11473244958 target=12487499996 ceiling=400000000000 old_side_present=1
CBAP_MIG_REPLAN t=35940000 reason=active_set_shrank flow=52 batch=1 newest_batch=1 cur=11473244958 target=12487499996 ceiling=400000000000 old_side_present=1
CBAP_MIG_REPLAN t=35940000 reason=active_set_shrank flow=53 batch=1 newest_batch=1 cur=11473244958 target=12487499996 ceiling=400000000000 old_side_present=1
CBAP_MIG_REPLAN t=35940000 reason=active_set_shrank flow=54 batch=1 newest_batch=1 cur=11473244958 target=12487499996 ceiling=400000000000 old_side_present=1
CBAP_MIG_REPLAN t=35940000 reason=active_set_shrank flow=55 batch=1 newest_batch=1 cur=11473244959 target=12487499996 ceiling=400000000000 old_side_present=1
CBAP_MIG_REPLAN t=35940000 reason=active_set_shrank flow=56 batch=1 newest_batch=1 cur=11473244959 target=12487499996 ceiling=400000000000 old_side_present=1
CBAP_MIG_REPLAN t=35940000 reason=active_set_shrank flow=57 batch=1 newest_batch=1 cur=11473244959 target=12487499996 ceiling=400000000000 old_side_present=1
CBAP_MIG_REPLAN t=35940000 reason=active_set_shrank flow=59 batch=1 newest_batch=1 cur=11473244958 target=12487499996 ceiling=400000000000 old_side_present=1
CBAP_MIG_REPLAN t=35940000 reason=active_set_shrank flow=62 batch=1 newest_batch=1 cur=11473244959 target=12487499996 ceiling=400000000000 old_side_present=1
CBAP_MIG_REPLAN t=35940000 reason=active_set_shrank flow=63 batch=1 newest_batch=1 cur=11473244958 target=12487499996 ceiling=400000000000 old_side_present=1
CBAP_MIG t=35940000 epoch=7188 flow=0 side=old cur=4000001225 next=4000000857 tgt=4000000000 f=0.3 u=0.17628 breach=0 end=converged
CBAP_MIG t=35940000 epoch=7188 flow=8 side=new cur=11473244958 next=11846471743 tgt=12487499996 f=0.367981 u=0.17628 breach=9 end=
CBAP_MIG t=35940000 epoch=7188 flow=10 side=new cur=11473244959 next=11846471744 tgt=12487499996 f=0.367981 u=0.17628 breach=9 end=
CBAP_MIG t=35940000 epoch=7188 flow=13 side=new cur=11473244959 next=11846471744 tgt=12487499996 f=0.367981 u=0.17628 breach=9 end=
CBAP_MIG t=35940000 epoch=7188 flow=14 side=new cur=11473244958 next=11846471743 tgt=12487499996 f=0.367981 u=0.17628 breach=9 end=
CBAP_MIG t=35940000 epoch=7188 flow=15 side=new cur=11473244958 next=11846471743 tgt=12487499996 f=0.367981 u=0.17628 breach=9 end=
CBAP_MIG t=35940000 epoch=7188 flow=16 side=new cur=11473244958 next=11846471743 tgt=12487499996 f=0.367981 u=0.17628 breach=9 end=
CBAP_MIG t=35940000 epoch=7188 flow=18 side=new cur=11473244958 next=11846471743 tgt=12487499996 f=0.367981 u=0.17628 breach=9 end=
CBAP_MIG t=35940000 epoch=7188 flow=19 side=new cur=11473244959 next=11846471744 tgt=12487499996 f=0.367981 u=0.17628 breach=9 end=
CBAP_MIG t=35940000 epoch=7188 flow=20 side=new cur=11473244958 next=11846471743 tgt=12487499996 f=0.367981 u=0.17628 breach=9 end=
CBAP_MIG t=35940000 epoch=7188 flow=21 side=new cur=11473244958 next=11846471743 tgt=12487499996 f=0.367981 u=0.17628 breach=9 end=
CBAP_MIG t=35940000 epoch=7188 flow=25 side=new cur=11473244959 next=11846471744 tgt=12487499996 f=0.367981 u=0.17628 breach=9 end=
CBAP_MIG t=35940000 epoch=7188 flow=30 side=new cur=11473244959 next=11846471744 tgt=12487499996 f=0.367981 u=0.17628 breach=9 end=
CBAP_MIG t=35940000 epoch=7188 flow=31 side=new cur=11473244958 next=11846471743 tgt=12487499996 f=0.367981 u=0.17628 breach=9 end=
CBAP_MIG t=35940000 epoch=7188 flow=33 side=new cur=11473244959 next=11846471744 tgt=12487499996 f=0.367981 u=0.17628 breach=9 end=
CBAP_MIG t=35940000 epoch=7188 flow=34 side=new cur=11473244958 next=11846471743 tgt=12487499996 f=0.367981 u=0.17628 breach=9 end=
CBAP_MIG t=35940000 epoch=7188 flow=35 side=new cur=11473244959 next=11846471744 tgt=12487499996 f=0.367981 u=0.17628 breach=9 end=
CBAP_MIG t=35940000 epoch=7188 flow=36 side=new cur=11473244959 next=11846471744 tgt=12487499996 f=0.367981 u=0.17628 breach=9 end=
CBAP_MIG t=35940000 epoch=7188 flow=43 side=new cur=11473244959 next=11846471744 tgt=12487499996 f=0.367981 u=0.17628 breach=9 end=
CBAP_MIG t=35940000 epoch=7188 flow=44 side=new cur=11473244959 next=11846471744 tgt=12487499996 f=0.367981 u=0.17628 breach=9 end=
CBAP_MIG t=35940000 epoch=7188 flow=45 side=new cur=11473244958 next=11846471743 tgt=12487499996 f=0.367981 u=0.17628 breach=9 end=
CBAP_MIG t=35940000 epoch=7188 flow=46 side=new cur=11473244959 next=11846471744 tgt=12487499996 f=0.367981 u=0.17628 breach=9 end=
CBAP_MIG t=35940000 epoch=7188 flow=47 side=new cur=11473244959 next=11846471744 tgt=12487499996 f=0.367981 u=0.17628 breach=9 end=
CBAP_MIG t=35940000 epoch=7188 flow=51 side=new cur=11473244958 next=11846471743 tgt=12487499996 f=0.367981 u=0.17628 breach=9 end=
CBAP_MIG t=35940000 epoch=7188 flow=52 side=new cur=11473244958 next=11846471743 tgt=12487499996 f=0.367981 u=0.17628 breach=9 end=
CBAP_MIG t=35940000 epoch=7188 flow=53 side=new cur=11473244958 next=11846471743 tgt=12487499996 f=0.367981 u=0.17628 breach=9 end=
CBAP_MIG t=35940000 epoch=7188 flow=54 side=new cur=11473244958 next=11846471743 tgt=12487499996 f=0.367981 u=0.17628 breach=9 end=
CBAP_MIG t=35940000 epoch=7188 flow=55 side=new cur=11473244959 next=11846471744 tgt=12487499996 f=0.367981 u=0.17628 breach=9 end=
CBAP_MIG t=35940000 epoch=7188 flow=56 side=new cur=11473244959 next=11846471744 tgt=12487499996 f=0.367981 u=0.17628 breach=9 end=
CBAP_MIG t=35940000 epoch=7188 flow=57 side=new cur=11473244959 next=11846471744 tgt=12487499996 f=0.367981 u=0.17628 breach=9 end=
CBAP_MIG t=35940000 epoch=7188 flow=59 side=new cur=11473244958 next=11846471743 tgt=12487499996 f=0.367981 u=0.17628 breach=9 end=
CBAP_MIG t=35940000 epoch=7188 flow=62 side=new cur=11473244959 next=11846471744 tgt=12487499996 f=0.367981 u=0.17628 breach=9 end=
CBAP_MIG t=35940000 epoch=7188 flow=63 side=new cur=11473244958 next=11846471743 tgt=12487499996 f=0.367981 u=0.17628 breach=9 end=
CBAP_MIG_REPLAN t=35945000 reason=active_set_shrank flow=0 batch=0 newest_batch=1 cur=4000000857 target=4000000000 ceiling=320000000000 old_side_present=1
CBAP_MIG_REPLAN t=35945000 reason=active_set_shrank flow=8 batch=1 newest_batch=1 cur=11846471743 target=13319999997 ceiling=400000000000 old_side_present=1
CBAP_MIG_REPLAN t=35945000 reason=active_set_shrank flow=10 batch=1 newest_batch=1 cur=11846471744 target=13319999997 ceiling=400000000000 old_side_present=1
CBAP_MIG_REPLAN t=35945000 reason=active_set_shrank flow=13 batch=1 newest_batch=1 cur=11846471744 target=13319999997 ceiling=400000000000 old_side_present=1
CBAP_MIG_REPLAN t=35945000 reason=active_set_shrank flow=14 batch=1 newest_batch=1 cur=11846471743 target=13319999997 ceiling=400000000000 old_side_present=1
CBAP_MIG_REPLAN t=35945000 reason=active_set_shrank flow=15 batch=1 newest_batch=1 cur=11846471743 target=13319999997 ceiling=400000000000 old_side_present=1
CBAP_MIG_REPLAN t=35945000 reason=active_set_shrank flow=16 batch=1 newest_batch=1 cur=11846471743 target=13319999997 ceiling=400000000000 old_side_present=1
CBAP_MIG_REPLAN t=35945000 reason=active_set_shrank flow=18 batch=1 newest_batch=1 cur=11846471743 target=13319999997 ceiling=400000000000 old_side_present=1
CBAP_MIG_REPLAN t=35945000 reason=active_set_shrank flow=19 batch=1 newest_batch=1 cur=11846471744 target=13319999997 ceiling=400000000000 old_side_present=1
CBAP_MIG_REPLAN t=35945000 reason=active_set_shrank flow=20 batch=1 newest_batch=1 cur=11846471743 target=13319999997 ceiling=400000000000 old_side_present=1
CBAP_MIG_REPLAN t=35945000 reason=active_set_shrank flow=21 batch=1 newest_batch=1 cur=11846471743 target=13319999997 ceiling=400000000000 old_side_present=1
CBAP_MIG_REPLAN t=35945000 reason=active_set_shrank flow=25 batch=1 newest_batch=1 cur=11846471744 target=13319999997 ceiling=400000000000 old_side_present=1
CBAP_MIG_REPLAN t=35945000 reason=active_set_shrank flow=30 batch=1 newest_batch=1 cur=11846471744 target=13319999997 ceiling=400000000000 old_side_present=1
CBAP_MIG_REPLAN t=35945000 reason=active_set_shrank flow=31 batch=1 newest_batch=1 cur=11846471743 target=13319999997 ceiling=400000000000 old_side_present=1
CBAP_MIG_REPLAN t=35945000 reason=active_set_shrank flow=33 batch=1 newest_batch=1 cur=11846471744 target=13319999997 ceiling=400000000000 old_side_present=1
CBAP_MIG_REPLAN t=35945000 reason=active_set_shrank flow=34 batch=1 newest_batch=1 cur=11846471743 target=13319999997 ceiling=400000000000 old_side_present=1
CBAP_MIG_REPLAN t=35945000 reason=active_set_shrank flow=35 batch=1 newest_batch=1 cur=11846471744 target=13319999997 ceiling=400000000000 old_side_present=1
CBAP_MIG_REPLAN t=35945000 reason=active_set_shrank flow=36 batch=1 newest_batch=1 cur=11846471744 target=13319999997 ceiling=400000000000 old_side_present=1
CBAP_MIG_REPLAN t=35945000 reason=active_set_shrank flow=43 batch=1 newest_batch=1 cur=11846471744 target=13319999997 ceiling=400000000000 old_side_present=1
CBAP_MIG_REPLAN t=35945000 reason=active_set_shrank flow=44 batch=1 newest_batch=1 cur=11846471744 target=13319999997 ceiling=400000000000 old_side_present=1
CBAP_MIG_REPLAN t=35945000 reason=active_set_shrank flow=45 batch=1 newest_batch=1 cur=11846471743 target=13319999997 ceiling=400000000000 old_side_present=1
CBAP_MIG_REPLAN t=35945000 reason=active_set_shrank flow=46 batch=1 newest_batch=1 cur=11846471744 target=13319999997 ceiling=400000000000 old_side_present=1
CBAP_MIG_REPLAN t=35945000 reason=active_set_shrank flow=47 batch=1 newest_batch=1 cur=11846471744 target=13319999997 ceiling=400000000000 old_side_present=1
CBAP_MIG_REPLAN t=35945000 reason=active_set_shrank flow=51 batch=1 newest_batch=1 cur=11846471743 target=13319999997 ceiling=400000000000 old_side_present=1
CBAP_MIG_REPLAN t=35945000 reason=active_set_shrank flow=52 batch=1 newest_batch=1 cur=11846471743 target=13319999997 ceiling=400000000000 old_side_present=1
CBAP_MIG_REPLAN t=35945000 reason=active_set_shrank flow=53 batch=1 newest_batch=1 cur=11846471743 target=13319999997 ceiling=400000000000 old_side_present=1
CBAP_MIG_REPLAN t=35945000 reason=active_set_shrank flow=55 batch=1 newest_batch=1 cur=11846471744 target=13319999997 ceiling=400000000000 old_side_present=1
CBAP_MIG_REPLAN t=35945000 reason=active_set_shrank flow=57 batch=1 newest_batch=1 cur=11846471744 target=13319999997 ceiling=400000000000 old_side_present=1
CBAP_MIG_REPLAN t=35945000 reason=active_set_shrank flow=59 batch=1 newest_batch=1 cur=11846471743 target=13319999997 ceiling=400000000000 old_side_present=1
CBAP_MIG_REPLAN t=35945000 reason=active_set_shrank flow=62 batch=1 newest_batch=1 cur=11846471744 target=13319999997 ceiling=400000000000 old_side_present=1
CBAP_MIG_REPLAN t=35945000 reason=active_set_shrank flow=63 batch=1 newest_batch=1 cur=11846471743 target=13319999997 ceiling=400000000000 old_side_present=1
CBAP_MIG t=35945000 epoch=7189 flow=0 side=old cur=4000000857 next=4000000599 tgt=4000000000 f=0.3 u=0 breach=0 end=converged
CBAP_MIG t=35945000 epoch=7189 flow=8 side=new cur=11846471743 next=12443250685 tgt=13319999997 f=0.405 u=0 breach=9 end=
CBAP_MIG t=35945000 epoch=7189 flow=10 side=new cur=11846471744 next=12443250686 tgt=13319999997 f=0.405 u=0 breach=9 end=
CBAP_MIG t=35945000 epoch=7189 flow=13 side=new cur=11846471744 next=12443250686 tgt=13319999997 f=0.405 u=0 breach=9 end=
CBAP_MIG t=35945000 epoch=7189 flow=14 side=new cur=11846471743 next=12443250685 tgt=13319999997 f=0.405 u=0 breach=9 end=
CBAP_MIG t=35945000 epoch=7189 flow=15 side=new cur=11846471743 next=12443250685 tgt=13319999997 f=0.405 u=0 breach=9 end=
CBAP_MIG t=35945000 epoch=7189 flow=16 side=new cur=11846471743 next=12443250685 tgt=13319999997 f=0.405 u=0 breach=9 end=
CBAP_MIG t=35945000 epoch=7189 flow=18 side=new cur=11846471743 next=12443250685 tgt=13319999997 f=0.405 u=0 breach=9 end=
CBAP_MIG t=35945000 epoch=7189 flow=19 side=new cur=11846471744 next=12443250686 tgt=13319999997 f=0.405 u=0 breach=9 end=
CBAP_MIG t=35945000 epoch=7189 flow=20 side=new cur=11846471743 next=12443250685 tgt=13319999997 f=0.405 u=0 breach=9 end=
CBAP_MIG t=35945000 epoch=7189 flow=21 side=new cur=11846471743 next=12443250685 tgt=13319999997 f=0.405 u=0 breach=9 end=
CBAP_MIG t=35945000 epoch=7189 flow=25 side=new cur=11846471744 next=12443250686 tgt=13319999997 f=0.405 u=0 breach=9 end=
CBAP_MIG t=35945000 epoch=7189 flow=30 side=new cur=11846471744 next=12443250686 tgt=13319999997 f=0.405 u=0 breach=9 end=
CBAP_MIG t=35945000 epoch=7189 flow=31 side=new cur=11846471743 next=12443250685 tgt=13319999997 f=0.405 u=0 breach=9 end=
CBAP_MIG t=35945000 epoch=7189 flow=33 side=new cur=11846471744 next=12443250686 tgt=13319999997 f=0.405 u=0 breach=9 end=
CBAP_MIG t=35945000 epoch=7189 flow=34 side=new cur=11846471743 next=12443250685 tgt=13319999997 f=0.405 u=0 breach=9 end=
CBAP_MIG t=35945000 epoch=7189 flow=35 side=new cur=11846471744 next=12443250686 tgt=13319999997 f=0.405 u=0 breach=9 end=
CBAP_MIG t=35945000 epoch=7189 flow=36 side=new cur=11846471744 next=12443250686 tgt=13319999997 f=0.405 u=0 breach=9 end=
CBAP_MIG t=35945000 epoch=7189 flow=43 side=new cur=11846471744 next=12443250686 tgt=13319999997 f=0.405 u=0 breach=9 end=
CBAP_MIG t=35945000 epoch=7189 flow=44 side=new cur=11846471744 next=12443250686 tgt=13319999997 f=0.405 u=0 breach=9 end=
CBAP_MIG t=35945000 epoch=7189 flow=45 side=new cur=11846471743 next=12443250685 tgt=13319999997 f=0.405 u=0 breach=9 end=
CBAP_MIG t=35945000 epoch=7189 flow=46 side=new cur=11846471744 next=12443250686 tgt=13319999997 f=0.405 u=0 breach=9 end=
CBAP_MIG t=35945000 epoch=7189 flow=47 side=new cur=11846471744 next=12443250686 tgt=13319999997 f=0.405 u=0 breach=9 end=
CBAP_MIG t=35945000 epoch=7189 flow=51 side=new cur=11846471743 next=12443250685 tgt=13319999997 f=0.405 u=0 breach=9 end=
CBAP_MIG t=35945000 epoch=7189 flow=52 side=new cur=11846471743 next=12443250685 tgt=13319999997 f=0.405 u=0 breach=9 end=
CBAP_MIG t=35945000 epoch=7189 flow=53 side=new cur=11846471743 next=12443250685 tgt=13319999997 f=0.405 u=0 breach=9 end=
CBAP_MIG t=35945000 epoch=7189 flow=55 side=new cur=11846471744 next=12443250686 tgt=13319999997 f=0.405 u=0 breach=9 end=
CBAP_MIG t=35945000 epoch=7189 flow=57 side=new cur=11846471744 next=12443250686 tgt=13319999997 f=0.405 u=0 breach=9 end=
CBAP_MIG t=35945000 epoch=7189 flow=59 side=new cur=11846471743 next=12443250685 tgt=13319999997 f=0.405 u=0 breach=9 end=
CBAP_MIG t=35945000 epoch=7189 flow=62 side=new cur=11846471744 next=12443250686 tgt=13319999997 f=0.405 u=0 breach=9 end=
CBAP_MIG t=35945000 epoch=7189 flow=63 side=new cur=11846471743 next=12443250685 tgt=13319999997 f=0.405 u=0 breach=9 end=
CBAP_MIG_REPLAN t=35950000 reason=active_set_shrank flow=0 batch=0 newest_batch=1 cur=4000000599 target=4000000000 ceiling=320000000000 old_side_present=1
CBAP_MIG_REPLAN t=35950000 reason=active_set_shrank flow=8 batch=1 newest_batch=1 cur=12443250685 target=14799999997 ceiling=400000000000 old_side_present=1
CBAP_MIG_REPLAN t=35950000 reason=active_set_shrank flow=10 batch=1 newest_batch=1 cur=12443250686 target=14799999997 ceiling=400000000000 old_side_present=1
CBAP_MIG_REPLAN t=35950000 reason=active_set_shrank flow=13 batch=1 newest_batch=1 cur=12443250686 target=14799999997 ceiling=400000000000 old_side_present=1
CBAP_MIG_REPLAN t=35950000 reason=active_set_shrank flow=14 batch=1 newest_batch=1 cur=12443250685 target=14799999997 ceiling=400000000000 old_side_present=1
CBAP_MIG_REPLAN t=35950000 reason=active_set_shrank flow=15 batch=1 newest_batch=1 cur=12443250685 target=14799999997 ceiling=400000000000 old_side_present=1
CBAP_MIG_REPLAN t=35950000 reason=active_set_shrank flow=16 batch=1 newest_batch=1 cur=12443250685 target=14799999997 ceiling=400000000000 old_side_present=1
CBAP_MIG_REPLAN t=35950000 reason=active_set_shrank flow=18 batch=1 newest_batch=1 cur=12443250685 target=14799999997 ceiling=400000000000 old_side_present=1
CBAP_MIG_REPLAN t=35950000 reason=active_set_shrank flow=19 batch=1 newest_batch=1 cur=12443250686 target=14799999997 ceiling=400000000000 old_side_present=1
CBAP_MIG_REPLAN t=35950000 reason=active_set_shrank flow=20 batch=1 newest_batch=1 cur=12443250685 target=14799999997 ceiling=400000000000 old_side_present=1
CBAP_MIG_REPLAN t=35950000 reason=active_set_shrank flow=21 batch=1 newest_batch=1 cur=12443250685 target=14799999997 ceiling=400000000000 old_side_present=1
CBAP_MIG_REPLAN t=35950000 reason=active_set_shrank flow=25 batch=1 newest_batch=1 cur=12443250686 target=14799999997 ceiling=400000000000 old_side_present=1
CBAP_MIG_REPLAN t=35950000 reason=active_set_shrank flow=30 batch=1 newest_batch=1 cur=12443250686 target=14799999997 ceiling=400000000000 old_side_present=1
CBAP_MIG_REPLAN t=35950000 reason=active_set_shrank flow=31 batch=1 newest_batch=1 cur=12443250685 target=14799999997 ceiling=400000000000 old_side_present=1
CBAP_MIG_REPLAN t=35950000 reason=active_set_shrank flow=33 batch=1 newest_batch=1 cur=12443250686 target=14799999997 ceiling=400000000000 old_side_present=1
CBAP_MIG_REPLAN t=35950000 reason=active_set_shrank flow=34 batch=1 newest_batch=1 cur=12443250685 target=14799999997 ceiling=400000000000 old_side_present=1
CBAP_MIG_REPLAN t=35950000 reason=active_set_shrank flow=35 batch=1 newest_batch=1 cur=12443250686 target=14799999997 ceiling=400000000000 old_side_present=1
CBAP_MIG_REPLAN t=35950000 reason=active_set_shrank flow=36 batch=1 newest_batch=1 cur=12443250686 target=14799999997 ceiling=400000000000 old_side_present=1
CBAP_MIG_REPLAN t=35950000 reason=active_set_shrank flow=43 batch=1 newest_batch=1 cur=12443250686 target=14799999997 ceiling=400000000000 old_side_present=1
CBAP_MIG_REPLAN t=35950000 reason=active_set_shrank flow=45 batch=1 newest_batch=1 cur=12443250685 target=14799999997 ceiling=400000000000 old_side_present=1
CBAP_MIG_REPLAN t=35950000 reason=active_set_shrank flow=46 batch=1 newest_batch=1 cur=12443250686 target=14799999997 ceiling=400000000000 old_side_present=1
CBAP_MIG_REPLAN t=35950000 reason=active_set_shrank flow=51 batch=1 newest_batch=1 cur=12443250685 target=14799999997 ceiling=400000000000 old_side_present=1
CBAP_MIG_REPLAN t=35950000 reason=active_set_shrank flow=52 batch=1 newest_batch=1 cur=12443250685 target=14799999997 ceiling=400000000000 old_side_present=1
CBAP_MIG_REPLAN t=35950000 reason=active_set_shrank flow=53 batch=1 newest_batch=1 cur=12443250685 target=14799999997 ceiling=400000000000 old_side_present=1
CBAP_MIG_REPLAN t=35950000 reason=active_set_shrank flow=55 batch=1 newest_batch=1 cur=12443250686 target=14799999997 ceiling=400000000000 old_side_present=1
CBAP_MIG_REPLAN t=35950000 reason=active_set_shrank flow=59 batch=1 newest_batch=1 cur=12443250685 target=14799999997 ceiling=400000000000 old_side_present=1
CBAP_MIG_REPLAN t=35950000 reason=active_set_shrank flow=62 batch=1 newest_batch=1 cur=12443250686 target=14799999997 ceiling=400000000000 old_side_present=1
CBAP_MIG_REPLAN t=35950000 reason=active_set_shrank flow=63 batch=1 newest_batch=1 cur=12443250685 target=14799999997 ceiling=400000000000 old_side_present=1
CBAP_MIG t=35950000 epoch=7190 flow=0 side=old cur=4000000599 next=4000000419 tgt=4000000000 f=0.3 u=0 breach=0 end=converged
CBAP_MIG t=35950000 epoch=7190 flow=8 side=new cur=12443250685 next=13397734156 tgt=14799999997 f=0.405 u=0 breach=9 end=
CBAP_MIG t=35950000 epoch=7190 flow=10 side=new cur=12443250686 next=13397734156 tgt=14799999997 f=0.405 u=0 breach=9 end=
CBAP_MIG t=35950000 epoch=7190 flow=13 side=new cur=12443250686 next=13397734156 tgt=14799999997 f=0.405 u=0 breach=9 end=
CBAP_MIG t=35950000 epoch=7190 flow=14 side=new cur=12443250685 next=13397734156 tgt=14799999997 f=0.405 u=0 breach=9 end=
CBAP_MIG t=35950000 epoch=7190 flow=15 side=new cur=12443250685 next=13397734156 tgt=14799999997 f=0.405 u=0 breach=9 end=
CBAP_MIG t=35950000 epoch=7190 flow=16 side=new cur=12443250685 next=13397734156 tgt=14799999997 f=0.405 u=0 breach=9 end=
CBAP_MIG t=35950000 epoch=7190 flow=18 side=new cur=12443250685 next=13397734156 tgt=14799999997 f=0.405 u=0 breach=9 end=
CBAP_MIG t=35950000 epoch=7190 flow=19 side=new cur=12443250686 next=13397734156 tgt=14799999997 f=0.405 u=0 breach=9 end=
CBAP_MIG t=35950000 epoch=7190 flow=20 side=new cur=12443250685 next=13397734156 tgt=14799999997 f=0.405 u=0 breach=9 end=
CBAP_MIG t=35950000 epoch=7190 flow=21 side=new cur=12443250685 next=13397734156 tgt=14799999997 f=0.405 u=0 breach=9 end=
CBAP_MIG t=35950000 epoch=7190 flow=25 side=new cur=12443250686 next=13397734156 tgt=14799999997 f=0.405 u=0 breach=9 end=
CBAP_MIG t=35950000 epoch=7190 flow=30 side=new cur=12443250686 next=13397734156 tgt=14799999997 f=0.405 u=0 breach=9 end=
CBAP_MIG t=35950000 epoch=7190 flow=31 side=new cur=12443250685 next=13397734156 tgt=14799999997 f=0.405 u=0 breach=9 end=
CBAP_MIG t=35950000 epoch=7190 flow=33 side=new cur=12443250686 next=13397734156 tgt=14799999997 f=0.405 u=0 breach=9 end=
CBAP_MIG t=35950000 epoch=7190 flow=34 side=new cur=12443250685 next=13397734156 tgt=14799999997 f=0.405 u=0 breach=9 end=
CBAP_MIG t=35950000 epoch=7190 flow=35 side=new cur=12443250686 next=13397734156 tgt=14799999997 f=0.405 u=0 breach=9 end=
CBAP_MIG t=35950000 epoch=7190 flow=36 side=new cur=12443250686 next=13397734156 tgt=14799999997 f=0.405 u=0 breach=9 end=
CBAP_MIG t=35950000 epoch=7190 flow=43 side=new cur=12443250686 next=13397734156 tgt=14799999997 f=0.405 u=0 breach=9 end=
CBAP_MIG t=35950000 epoch=7190 flow=45 side=new cur=12443250685 next=13397734156 tgt=14799999997 f=0.405 u=0 breach=9 end=
CBAP_MIG t=35950000 epoch=7190 flow=46 side=new cur=12443250686 next=13397734156 tgt=14799999997 f=0.405 u=0 breach=9 end=
CBAP_MIG t=35950000 epoch=7190 flow=51 side=new cur=12443250685 next=13397734156 tgt=14799999997 f=0.405 u=0 breach=9 end=
CBAP_MIG t=35950000 epoch=7190 flow=52 side=new cur=12443250685 next=13397734156 tgt=14799999997 f=0.405 u=0 breach=9 end=
CBAP_MIG t=35950000 epoch=7190 flow=53 side=new cur=12443250685 next=13397734156 tgt=14799999997 f=0.405 u=0 breach=9 end=
CBAP_MIG t=35950000 epoch=7190 flow=55 side=new cur=12443250686 next=13397734156 tgt=14799999997 f=0.405 u=0 breach=9 end=
CBAP_MIG t=35950000 epoch=7190 flow=59 side=new cur=12443250685 next=13397734156 tgt=14799999997 f=0.405 u=0 breach=9 end=
CBAP_MIG t=35950000 epoch=7190 flow=62 side=new cur=12443250686 next=13397734156 tgt=14799999997 f=0.405 u=0 breach=9 end=
CBAP_MIG t=35950000 epoch=7190 flow=63 side=new cur=12443250685 next=13397734156 tgt=14799999997 f=0.405 u=0 breach=9 end=
CBAP_MIG_REPLAN t=35955000 reason=active_set_shrank flow=0 batch=0 newest_batch=1 cur=4000000419 target=4000000000 ceiling=320000000000 old_side_present=1
CBAP_MIG_REPLAN t=35955000 reason=active_set_shrank flow=8 batch=1 newest_batch=1 cur=13397734156 target=16649999998 ceiling=400000000000 old_side_present=1
CBAP_MIG_REPLAN t=35955000 reason=active_set_shrank flow=10 batch=1 newest_batch=1 cur=13397734156 target=16649999998 ceiling=400000000000 old_side_present=1
CBAP_MIG_REPLAN t=35955000 reason=active_set_shrank flow=14 batch=1 newest_batch=1 cur=13397734156 target=16649999998 ceiling=400000000000 old_side_present=1
CBAP_MIG_REPLAN t=35955000 reason=active_set_shrank flow=15 batch=1 newest_batch=1 cur=13397734156 target=16649999998 ceiling=400000000000 old_side_present=1
CBAP_MIG_REPLAN t=35955000 reason=active_set_shrank flow=16 batch=1 newest_batch=1 cur=13397734156 target=16649999998 ceiling=400000000000 old_side_present=1
CBAP_MIG_REPLAN t=35955000 reason=active_set_shrank flow=18 batch=1 newest_batch=1 cur=13397734156 target=16649999998 ceiling=400000000000 old_side_present=1
CBAP_MIG_REPLAN t=35955000 reason=active_set_shrank flow=19 batch=1 newest_batch=1 cur=13397734156 target=16649999998 ceiling=400000000000 old_side_present=1
CBAP_MIG_REPLAN t=35955000 reason=active_set_shrank flow=20 batch=1 newest_batch=1 cur=13397734156 target=16649999998 ceiling=400000000000 old_side_present=1
CBAP_MIG_REPLAN t=35955000 reason=active_set_shrank flow=21 batch=1 newest_batch=1 cur=13397734156 target=16649999998 ceiling=400000000000 old_side_present=1
CBAP_MIG_REPLAN t=35955000 reason=active_set_shrank flow=25 batch=1 newest_batch=1 cur=13397734156 target=16649999998 ceiling=400000000000 old_side_present=1
CBAP_MIG_REPLAN t=35955000 reason=active_set_shrank flow=30 batch=1 newest_batch=1 cur=13397734156 target=16649999998 ceiling=400000000000 old_side_present=1
CBAP_MIG_REPLAN t=35955000 reason=active_set_shrank flow=31 batch=1 newest_batch=1 cur=13397734156 target=16649999998 ceiling=400000000000 old_side_present=1
CBAP_MIG_REPLAN t=35955000 reason=active_set_shrank flow=33 batch=1 newest_batch=1 cur=13397734156 target=16649999998 ceiling=400000000000 old_side_present=1
CBAP_MIG_REPLAN t=35955000 reason=active_set_shrank flow=34 batch=1 newest_batch=1 cur=13397734156 target=16649999998 ceiling=400000000000 old_side_present=1
CBAP_MIG_REPLAN t=35955000 reason=active_set_shrank flow=35 batch=1 newest_batch=1 cur=13397734156 target=16649999998 ceiling=400000000000 old_side_present=1
CBAP_MIG_REPLAN t=35955000 reason=active_set_shrank flow=36 batch=1 newest_batch=1 cur=13397734156 target=16649999998 ceiling=400000000000 old_side_present=1
CBAP_MIG_REPLAN t=35955000 reason=active_set_shrank flow=43 batch=1 newest_batch=1 cur=13397734156 target=16649999998 ceiling=400000000000 old_side_present=1
CBAP_MIG_REPLAN t=35955000 reason=active_set_shrank flow=51 batch=1 newest_batch=1 cur=13397734156 target=16649999998 ceiling=400000000000 old_side_present=1
CBAP_MIG_REPLAN t=35955000 reason=active_set_shrank flow=52 batch=1 newest_batch=1 cur=13397734156 target=16649999998 ceiling=400000000000 old_side_present=1
CBAP_MIG_REPLAN t=35955000 reason=active_set_shrank flow=53 batch=1 newest_batch=1 cur=13397734156 target=16649999998 ceiling=400000000000 old_side_present=1
CBAP_MIG_REPLAN t=35955000 reason=active_set_shrank flow=55 batch=1 newest_batch=1 cur=13397734156 target=16649999998 ceiling=400000000000 old_side_present=1
CBAP_MIG_REPLAN t=35955000 reason=active_set_shrank flow=59 batch=1 newest_batch=1 cur=13397734156 target=16649999998 ceiling=400000000000 old_side_present=1
CBAP_MIG_REPLAN t=35955000 reason=active_set_shrank flow=62 batch=1 newest_batch=1 cur=13397734156 target=16649999998 ceiling=400000000000 old_side_present=1
CBAP_MIG_REPLAN t=35955000 reason=active_set_shrank flow=63 batch=1 newest_batch=1 cur=13397734156 target=16649999998 ceiling=400000000000 old_side_present=1
CBAP_MIG t=35955000 epoch=7191 flow=0 side=old cur=4000000419 next=4000000293 tgt=4000000000 f=0.3 u=0 breach=0 end=converged
CBAP_MIG t=35955000 epoch=7191 flow=8 side=new cur=13397734156 next=14714901822 tgt=16649999998 f=0.405 u=0 breach=9 end=
CBAP_MIG t=35955000 epoch=7191 flow=10 side=new cur=13397734156 next=14714901822 tgt=16649999998 f=0.405 u=0 breach=9 end=
CBAP_MIG t=35955000 epoch=7191 flow=14 side=new cur=13397734156 next=14714901822 tgt=16649999998 f=0.405 u=0 breach=9 end=
CBAP_MIG t=35955000 epoch=7191 flow=15 side=new cur=13397734156 next=14714901822 tgt=16649999998 f=0.405 u=0 breach=9 end=
CBAP_MIG t=35955000 epoch=7191 flow=16 side=new cur=13397734156 next=14714901822 tgt=16649999998 f=0.405 u=0 breach=9 end=
CBAP_MIG t=35955000 epoch=7191 flow=18 side=new cur=13397734156 next=14714901822 tgt=16649999998 f=0.405 u=0 breach=9 end=
CBAP_MIG t=35955000 epoch=7191 flow=19 side=new cur=13397734156 next=14714901822 tgt=16649999998 f=0.405 u=0 breach=9 end=
CBAP_MIG t=35955000 epoch=7191 flow=20 side=new cur=13397734156 next=14714901822 tgt=16649999998 f=0.405 u=0 breach=9 end=
CBAP_MIG t=35955000 epoch=7191 flow=21 side=new cur=13397734156 next=14714901822 tgt=16649999998 f=0.405 u=0 breach=9 end=
CBAP_MIG t=35955000 epoch=7191 flow=25 side=new cur=13397734156 next=14714901822 tgt=16649999998 f=0.405 u=0 breach=9 end=
CBAP_MIG t=35955000 epoch=7191 flow=30 side=new cur=13397734156 next=14714901822 tgt=16649999998 f=0.405 u=0 breach=9 end=
CBAP_MIG t=35955000 epoch=7191 flow=31 side=new cur=13397734156 next=14714901822 tgt=16649999998 f=0.405 u=0 breach=9 end=
CBAP_MIG t=35955000 epoch=7191 flow=33 side=new cur=13397734156 next=14714901822 tgt=16649999998 f=0.405 u=0 breach=9 end=
CBAP_MIG t=35955000 epoch=7191 flow=34 side=new cur=13397734156 next=14714901822 tgt=16649999998 f=0.405 u=0 breach=9 end=
CBAP_MIG t=35955000 epoch=7191 flow=35 side=new cur=13397734156 next=14714901822 tgt=16649999998 f=0.405 u=0 breach=9 end=
CBAP_MIG t=35955000 epoch=7191 flow=36 side=new cur=13397734156 next=14714901822 tgt=16649999998 f=0.405 u=0 breach=9 end=
CBAP_MIG t=35955000 epoch=7191 flow=43 side=new cur=13397734156 next=14714901822 tgt=16649999998 f=0.405 u=0 breach=9 end=
CBAP_MIG t=35955000 epoch=7191 flow=51 side=new cur=13397734156 next=14714901822 tgt=16649999998 f=0.405 u=0 breach=9 end=
CBAP_MIG t=35955000 epoch=7191 flow=52 side=new cur=13397734156 next=14714901822 tgt=16649999998 f=0.405 u=0 breach=9 end=
CBAP_MIG t=35955000 epoch=7191 flow=53 side=new cur=13397734156 next=14714901822 tgt=16649999998 f=0.405 u=0 breach=9 end=
CBAP_MIG t=35955000 epoch=7191 flow=55 side=new cur=13397734156 next=14714901822 tgt=16649999998 f=0.405 u=0 breach=9 end=
CBAP_MIG t=35955000 epoch=7191 flow=59 side=new cur=13397734156 next=14714901822 tgt=16649999998 f=0.405 u=0 breach=9 end=
CBAP_MIG t=35955000 epoch=7191 flow=62 side=new cur=13397734156 next=14714901822 tgt=16649999998 f=0.405 u=0 breach=9 end=
CBAP_MIG t=35955000 epoch=7191 flow=63 side=new cur=13397734156 next=14714901822 tgt=16649999998 f=0.405 u=0 breach=9 end=
CBAP_MIG_REPLAN t=35960000 reason=active_set_shrank flow=0 batch=0 newest_batch=1 cur=4000000293 target=4000000000 ceiling=320000000000 old_side_present=1
CBAP_MIG_REPLAN t=35960000 reason=active_set_shrank flow=8 batch=1 newest_batch=1 cur=14714901822 target=22199999998 ceiling=400000000000 old_side_present=1
CBAP_MIG_REPLAN t=35960000 reason=active_set_shrank flow=14 batch=1 newest_batch=1 cur=14714901822 target=22199999998 ceiling=400000000000 old_side_present=1
CBAP_MIG_REPLAN t=35960000 reason=active_set_shrank flow=15 batch=1 newest_batch=1 cur=14714901822 target=22199999998 ceiling=400000000000 old_side_present=1
CBAP_MIG_REPLAN t=35960000 reason=active_set_shrank flow=16 batch=1 newest_batch=1 cur=14714901822 target=22199999998 ceiling=400000000000 old_side_present=1
CBAP_MIG_REPLAN t=35960000 reason=active_set_shrank flow=18 batch=1 newest_batch=1 cur=14714901822 target=22199999998 ceiling=400000000000 old_side_present=1
CBAP_MIG_REPLAN t=35960000 reason=active_set_shrank flow=19 batch=1 newest_batch=1 cur=14714901822 target=22199999998 ceiling=400000000000 old_side_present=1
CBAP_MIG_REPLAN t=35960000 reason=active_set_shrank flow=20 batch=1 newest_batch=1 cur=14714901822 target=22199999998 ceiling=400000000000 old_side_present=1
CBAP_MIG_REPLAN t=35960000 reason=active_set_shrank flow=21 batch=1 newest_batch=1 cur=14714901822 target=22199999998 ceiling=400000000000 old_side_present=1
CBAP_MIG_REPLAN t=35960000 reason=active_set_shrank flow=30 batch=1 newest_batch=1 cur=14714901822 target=22199999998 ceiling=400000000000 old_side_present=1
CBAP_MIG_REPLAN t=35960000 reason=active_set_shrank flow=31 batch=1 newest_batch=1 cur=14714901822 target=22199999998 ceiling=400000000000 old_side_present=1
CBAP_MIG_REPLAN t=35960000 reason=active_set_shrank flow=33 batch=1 newest_batch=1 cur=14714901822 target=22199999998 ceiling=400000000000 old_side_present=1
CBAP_MIG_REPLAN t=35960000 reason=active_set_shrank flow=34 batch=1 newest_batch=1 cur=14714901822 target=22199999998 ceiling=400000000000 old_side_present=1
CBAP_MIG_REPLAN t=35960000 reason=active_set_shrank flow=51 batch=1 newest_batch=1 cur=14714901822 target=22199999998 ceiling=400000000000 old_side_present=1
CBAP_MIG_REPLAN t=35960000 reason=active_set_shrank flow=52 batch=1 newest_batch=1 cur=14714901822 target=22199999998 ceiling=400000000000 old_side_present=1
CBAP_MIG_REPLAN t=35960000 reason=active_set_shrank flow=53 batch=1 newest_batch=1 cur=14714901822 target=22199999998 ceiling=400000000000 old_side_present=1
CBAP_MIG_REPLAN t=35960000 reason=active_set_shrank flow=55 batch=1 newest_batch=1 cur=14714901822 target=22199999998 ceiling=400000000000 old_side_present=1
CBAP_MIG_REPLAN t=35960000 reason=active_set_shrank flow=59 batch=1 newest_batch=1 cur=14714901822 target=22199999998 ceiling=400000000000 old_side_present=1
CBAP_MIG_REPLAN t=35960000 reason=active_set_shrank flow=63 batch=1 newest_batch=1 cur=14714901822 target=22199999998 ceiling=400000000000 old_side_present=1
CBAP_MIG t=35960000 epoch=7192 flow=0 side=old cur=4000000293 next=4000000205 tgt=4000000000 f=0.3 u=0 breach=0 end=converged
CBAP_MIG t=35960000 epoch=7192 flow=8 side=new cur=14714901822 next=17746366583 tgt=22199999998 f=0.405 u=0 breach=9 end=
CBAP_MIG t=35960000 epoch=7192 flow=14 side=new cur=14714901822 next=17746366583 tgt=22199999998 f=0.405 u=0 breach=9 end=
CBAP_MIG t=35960000 epoch=7192 flow=15 side=new cur=14714901822 next=17746366583 tgt=22199999998 f=0.405 u=0 breach=9 end=
CBAP_MIG t=35960000 epoch=7192 flow=16 side=new cur=14714901822 next=17746366583 tgt=22199999998 f=0.405 u=0 breach=9 end=
CBAP_MIG t=35960000 epoch=7192 flow=18 side=new cur=14714901822 next=17746366583 tgt=22199999998 f=0.405 u=0 breach=9 end=
CBAP_MIG t=35960000 epoch=7192 flow=19 side=new cur=14714901822 next=17746366583 tgt=22199999998 f=0.405 u=0 breach=9 end=
CBAP_MIG t=35960000 epoch=7192 flow=20 side=new cur=14714901822 next=17746366583 tgt=22199999998 f=0.405 u=0 breach=9 end=
CBAP_MIG t=35960000 epoch=7192 flow=21 side=new cur=14714901822 next=17746366583 tgt=22199999998 f=0.405 u=0 breach=9 end=
CBAP_MIG t=35960000 epoch=7192 flow=30 side=new cur=14714901822 next=17746366583 tgt=22199999998 f=0.405 u=0 breach=9 end=
CBAP_MIG t=35960000 epoch=7192 flow=31 side=new cur=14714901822 next=17746366583 tgt=22199999998 f=0.405 u=0 breach=9 end=
CBAP_MIG t=35960000 epoch=7192 flow=33 side=new cur=14714901822 next=17746366583 tgt=22199999998 f=0.405 u=0 breach=9 end=
CBAP_MIG t=35960000 epoch=7192 flow=34 side=new cur=14714901822 next=17746366583 tgt=22199999998 f=0.405 u=0 breach=9 end=
CBAP_MIG t=35960000 epoch=7192 flow=51 side=new cur=14714901822 next=17746366583 tgt=22199999998 f=0.405 u=0 breach=9 end=
CBAP_MIG t=35960000 epoch=7192 flow=52 side=new cur=14714901822 next=17746366583 tgt=22199999998 f=0.405 u=0 breach=9 end=
CBAP_MIG t=35960000 epoch=7192 flow=53 side=new cur=14714901822 next=17746366583 tgt=22199999998 f=0.405 u=0 breach=9 end=
CBAP_MIG t=35960000 epoch=7192 flow=55 side=new cur=14714901822 next=17746366583 tgt=22199999998 f=0.405 u=0 breach=9 end=
CBAP_MIG t=35960000 epoch=7192 flow=59 side=new cur=14714901822 next=17746366583 tgt=22199999998 f=0.405 u=0 breach=9 end=
CBAP_MIG t=35960000 epoch=7192 flow=63 side=new cur=14714901822 next=17746366583 tgt=22199999998 f=0.405 u=0 breach=9 end=
CBAP_MIG_REPLAN t=35965000 reason=active_set_shrank flow=0 batch=0 newest_batch=1 cur=4000000205 target=4000000000 ceiling=320000000000 old_side_present=1
CBAP_MIG_REPLAN t=35965000 reason=active_set_shrank flow=8 batch=1 newest_batch=1 cur=17746366583 target=36327272725 ceiling=400000000000 old_side_present=1
CBAP_MIG_REPLAN t=35965000 reason=active_set_shrank flow=14 batch=1 newest_batch=1 cur=17746366583 target=36327272725 ceiling=400000000000 old_side_present=1
CBAP_MIG_REPLAN t=35965000 reason=active_set_shrank flow=15 batch=1 newest_batch=1 cur=17746366583 target=36327272725 ceiling=400000000000 old_side_present=1
CBAP_MIG_REPLAN t=35965000 reason=active_set_shrank flow=16 batch=1 newest_batch=1 cur=17746366583 target=36327272725 ceiling=400000000000 old_side_present=1
CBAP_MIG_REPLAN t=35965000 reason=active_set_shrank flow=18 batch=1 newest_batch=1 cur=17746366583 target=36327272725 ceiling=400000000000 old_side_present=1
CBAP_MIG_REPLAN t=35965000 reason=active_set_shrank flow=31 batch=1 newest_batch=1 cur=17746366583 target=36327272725 ceiling=400000000000 old_side_present=1
CBAP_MIG_REPLAN t=35965000 reason=active_set_shrank flow=34 batch=1 newest_batch=1 cur=17746366583 target=36327272725 ceiling=400000000000 old_side_present=1
CBAP_MIG_REPLAN t=35965000 reason=active_set_shrank flow=52 batch=1 newest_batch=1 cur=17746366583 target=36327272725 ceiling=400000000000 old_side_present=1
CBAP_MIG_REPLAN t=35965000 reason=active_set_shrank flow=53 batch=1 newest_batch=1 cur=17746366583 target=36327272725 ceiling=400000000000 old_side_present=1
CBAP_MIG_REPLAN t=35965000 reason=active_set_shrank flow=55 batch=1 newest_batch=1 cur=17746366583 target=36327272725 ceiling=400000000000 old_side_present=1
CBAP_MIG_REPLAN t=35965000 reason=active_set_shrank flow=59 batch=1 newest_batch=1 cur=17746366583 target=36327272725 ceiling=400000000000 old_side_present=1
CBAP_MIG t=35965000 epoch=7193 flow=0 side=old cur=4000000205 next=4000000143 tgt=4000000000 f=0.3 u=0 breach=0 end=converged
CBAP_MIG t=35965000 epoch=7193 flow=8 side=new cur=17746366583 next=25271633570 tgt=36327272725 f=0.405 u=0 breach=9 end=
CBAP_MIG t=35965000 epoch=7193 flow=14 side=new cur=17746366583 next=25271633570 tgt=36327272725 f=0.405 u=0 breach=9 end=
CBAP_MIG t=35965000 epoch=7193 flow=15 side=new cur=17746366583 next=25271633570 tgt=36327272725 f=0.405 u=0 breach=9 end=
CBAP_MIG t=35965000 epoch=7193 flow=16 side=new cur=17746366583 next=25271633570 tgt=36327272725 f=0.405 u=0 breach=9 end=
CBAP_MIG t=35965000 epoch=7193 flow=18 side=new cur=17746366583 next=25271633570 tgt=36327272725 f=0.405 u=0 breach=9 end=
CBAP_MIG t=35965000 epoch=7193 flow=31 side=new cur=17746366583 next=25271633570 tgt=36327272725 f=0.405 u=0 breach=9 end=
CBAP_MIG t=35965000 epoch=7193 flow=34 side=new cur=17746366583 next=25271633570 tgt=36327272725 f=0.405 u=0 breach=9 end=
CBAP_MIG t=35965000 epoch=7193 flow=52 side=new cur=17746366583 next=25271633570 tgt=36327272725 f=0.405 u=0 breach=9 end=
CBAP_MIG t=35965000 epoch=7193 flow=53 side=new cur=17746366583 next=25271633570 tgt=36327272725 f=0.405 u=0 breach=9 end=
CBAP_MIG t=35965000 epoch=7193 flow=55 side=new cur=17746366583 next=25271633570 tgt=36327272725 f=0.405 u=0 breach=9 end=
CBAP_MIG t=35965000 epoch=7193 flow=59 side=new cur=17746366583 next=25271633570 tgt=36327272725 f=0.405 u=0 breach=9 end=
CBAP_MIG_REPLAN t=35970000 reason=active_set_shrank flow=0 batch=0 newest_batch=1 cur=4000000143 target=4000000000 ceiling=320000000000 old_side_present=1
CBAP_MIG_REPLAN t=35970000 reason=active_set_shrank flow=8 batch=1 newest_batch=1 cur=25271633570 target=39959999998 ceiling=400000000000 old_side_present=1
CBAP_MIG_REPLAN t=35970000 reason=active_set_shrank flow=14 batch=1 newest_batch=1 cur=25271633570 target=39959999998 ceiling=400000000000 old_side_present=1
CBAP_MIG_REPLAN t=35970000 reason=active_set_shrank flow=15 batch=1 newest_batch=1 cur=25271633570 target=39959999998 ceiling=400000000000 old_side_present=1
CBAP_MIG_REPLAN t=35970000 reason=active_set_shrank flow=16 batch=1 newest_batch=1 cur=25271633570 target=39959999998 ceiling=400000000000 old_side_present=1
CBAP_MIG_REPLAN t=35970000 reason=active_set_shrank flow=18 batch=1 newest_batch=1 cur=25271633570 target=39959999998 ceiling=400000000000 old_side_present=1
CBAP_MIG_REPLAN t=35970000 reason=active_set_shrank flow=31 batch=1 newest_batch=1 cur=25271633570 target=39959999998 ceiling=400000000000 old_side_present=1
CBAP_MIG_REPLAN t=35970000 reason=active_set_shrank flow=34 batch=1 newest_batch=1 cur=25271633570 target=39959999998 ceiling=400000000000 old_side_present=1
CBAP_MIG_REPLAN t=35970000 reason=active_set_shrank flow=52 batch=1 newest_batch=1 cur=25271633570 target=39959999998 ceiling=400000000000 old_side_present=1
CBAP_MIG_REPLAN t=35970000 reason=active_set_shrank flow=53 batch=1 newest_batch=1 cur=25271633570 target=39959999998 ceiling=400000000000 old_side_present=1
CBAP_MIG_REPLAN t=35970000 reason=active_set_shrank flow=59 batch=1 newest_batch=1 cur=25271633570 target=39959999998 ceiling=400000000000 old_side_present=1
CBAP_MIG t=35970000 epoch=7194 flow=0 side=old cur=4000000143 next=4000000100 tgt=4000000000 f=0.3 u=0 breach=0 end=converged
CBAP_MIG t=35970000 epoch=7194 flow=8 side=new cur=25271633570 next=31220421973 tgt=39959999998 f=0.405 u=0 breach=9 end=
CBAP_MIG t=35970000 epoch=7194 flow=14 side=new cur=25271633570 next=31220421973 tgt=39959999998 f=0.405 u=0 breach=9 end=
CBAP_MIG t=35970000 epoch=7194 flow=15 side=new cur=25271633570 next=31220421973 tgt=39959999998 f=0.405 u=0 breach=9 end=
CBAP_MIG t=35970000 epoch=7194 flow=16 side=new cur=25271633570 next=31220421973 tgt=39959999998 f=0.405 u=0 breach=9 end=
CBAP_MIG t=35970000 epoch=7194 flow=18 side=new cur=25271633570 next=31220421973 tgt=39959999998 f=0.405 u=0 breach=9 end=
CBAP_MIG t=35970000 epoch=7194 flow=31 side=new cur=25271633570 next=31220421973 tgt=39959999998 f=0.405 u=0 breach=9 end=
CBAP_MIG t=35970000 epoch=7194 flow=34 side=new cur=25271633570 next=31220421973 tgt=39959999998 f=0.405 u=0 breach=9 end=
CBAP_MIG t=35970000 epoch=7194 flow=52 side=new cur=25271633570 next=31220421973 tgt=39959999998 f=0.405 u=0 breach=9 end=
CBAP_MIG t=35970000 epoch=7194 flow=53 side=new cur=25271633570 next=31220421973 tgt=39959999998 f=0.405 u=0 breach=9 end=
CBAP_MIG t=35970000 epoch=7194 flow=59 side=new cur=25271633570 next=31220421973 tgt=39959999998 f=0.405 u=0 breach=9 end=
CBAP_MIG_REPLAN t=35975000 reason=active_set_shrank flow=0 batch=0 newest_batch=1 cur=4000000100 target=4000000000 ceiling=320000000000 old_side_present=1
CBAP_MIG_REPLAN t=35975000 reason=active_set_shrank flow=8 batch=1 newest_batch=1 cur=31220421973 target=57085714284 ceiling=400000000000 old_side_present=1
CBAP_MIG_REPLAN t=35975000 reason=active_set_shrank flow=15 batch=1 newest_batch=1 cur=31220421973 target=57085714284 ceiling=400000000000 old_side_present=1
CBAP_MIG_REPLAN t=35975000 reason=active_set_shrank flow=16 batch=1 newest_batch=1 cur=31220421973 target=57085714284 ceiling=400000000000 old_side_present=1
CBAP_MIG_REPLAN t=35975000 reason=active_set_shrank flow=18 batch=1 newest_batch=1 cur=31220421973 target=57085714284 ceiling=400000000000 old_side_present=1
CBAP_MIG_REPLAN t=35975000 reason=active_set_shrank flow=34 batch=1 newest_batch=1 cur=31220421973 target=57085714284 ceiling=400000000000 old_side_present=1
CBAP_MIG_REPLAN t=35975000 reason=active_set_shrank flow=52 batch=1 newest_batch=1 cur=31220421973 target=57085714284 ceiling=400000000000 old_side_present=1
CBAP_MIG_REPLAN t=35975000 reason=active_set_shrank flow=59 batch=1 newest_batch=1 cur=31220421973 target=57085714284 ceiling=400000000000 old_side_present=1
CBAP_MIG t=35975000 epoch=7195 flow=0 side=old cur=4000000100 next=4000000070 tgt=4000000000 f=0.3 u=0 breach=0 end=converged
CBAP_MIG t=35975000 epoch=7195 flow=8 side=new cur=31220421973 next=41695865358 tgt=57085714284 f=0.405 u=0 breach=9 end=
CBAP_MIG t=35975000 epoch=7195 flow=15 side=new cur=31220421973 next=41695865358 tgt=57085714284 f=0.405 u=0 breach=9 end=
CBAP_MIG t=35975000 epoch=7195 flow=16 side=new cur=31220421973 next=41695865358 tgt=57085714284 f=0.405 u=0 breach=9 end=
CBAP_MIG t=35975000 epoch=7195 flow=18 side=new cur=31220421973 next=41695865358 tgt=57085714284 f=0.405 u=0 breach=9 end=
CBAP_MIG t=35975000 epoch=7195 flow=34 side=new cur=31220421973 next=41695865358 tgt=57085714284 f=0.405 u=0 breach=9 end=
CBAP_MIG t=35975000 epoch=7195 flow=52 side=new cur=31220421973 next=41695865358 tgt=57085714284 f=0.405 u=0 breach=9 end=
CBAP_MIG t=35975000 epoch=7195 flow=59 side=new cur=31220421973 next=41695865358 tgt=57085714284 f=0.405 u=0 breach=9 end=
CBAP_MIG_REPLAN t=35980000 reason=active_set_shrank flow=0 batch=0 newest_batch=1 cur=4000000070 target=4000000000 ceiling=320000000000 old_side_present=1
CBAP_MIG_REPLAN t=35980000 reason=active_set_shrank flow=18 batch=1 newest_batch=1 cur=41695865358 target=399599999994 ceiling=400000000000 old_side_present=1
CBAP_MIG t=35980000 epoch=7196 flow=0 side=old cur=4000000070 next=4000000049 tgt=4000000000 f=0.3 u=0 breach=0 end=converged
CBAP_MIG t=35980000 epoch=7196 flow=18 side=new cur=41695865358 next=186647039885 tgt=399599999994 f=0.405 u=0 breach=9 end=
CBAP_MIG_REPLAN t=35985000 reason=active_set_shrank flow=0 batch=0 newest_batch=0 cur=4000000049 target=320000000000 ceiling=320000000000 old_side_present=0
CBAP_MIG t=35985000 epoch=7197 flow=0 side=new cur=4000000049 next=131980000029 tgt=320000000000 f=0.405 u=0 breach=0 end=
CBAP_MIG t=35990000 epoch=7198 flow=0 side=new cur=131980000029 next=208128100017 tgt=320000000000 f=0.405 u=0 breach=0 end=
CBAP_MIG t=35995000 epoch=7199 flow=0 side=new cur=208128100017 next=253436219510 tgt=320000000000 f=0.405 u=0 breach=0 end=
CBAP_MIG t=36000000 epoch=7200 flow=0 side=new cur=253436219510 next=280394550608 tgt=320000000000 f=0.405 u=0 breach=0 end=
CBAP_MIG t=36005000 epoch=7201 flow=0 side=new cur=280394550608 next=296434757611 tgt=320000000000 f=0.405 u=0 breach=0 end=
CBAP_MIG t=36010000 epoch=7202 flow=0 side=new cur=296434757611 next=305978680778 tgt=320000000000 f=0.405 u=0 breach=0 end=
CBAP_MIG t=36015000 epoch=7203 flow=0 side=new cur=305978680778 next=311657315062 tgt=320000000000 f=0.405 u=0 breach=0 end=
CBAP_MIG t=36020000 epoch=7204 flow=0 side=new cur=311657315062 next=315036102461 tgt=320000000000 f=0.405 u=0 breach=0 end=
CBAP_MIG t=36025000 epoch=7205 flow=0 side=new cur=315036102461 next=317046480964 tgt=320000000000 f=0.405 u=0 breach=0 end=converged
3277.58
