time_ns,total_queue_bytes,max_port_queue_bytes
0,0,0
2000,0,0
4000,0,0
6000,0,0
8000,0,0
10000,0,0
12000,0,0
14000,0,0
16000,0,0
18000,0,0
20000,0,0
22000,0,0
24000,0,0
26000,0,0
28000,0,0
30000,0,0
32000,0,0
34000,0,0
36000,0,0
38000,0,0
40000,0,0
42000,0,0
44000,0,0
46000,0,0
48000,0,0
50000,0,0
52000,0,0
54000,0,0
56000,0,0
58000,0,0
60000,0,0
62000,0,0
64000,0,0
66000,0,0
68000,0,0
70000,0,0
72000,0,0
74000,0,0
76000,0,0
78000,0,0
80000,0,0
82000,0,0
84000,0,0
86000,0,0
88000,0,0
90000,0,0
92000,0,0
94000,0,0
96000,0,0
98000,0,0
100000,0,0
102000,0,0
104000,0,0
106000,0,0
108000,0,0
110000,0,0
112000,0,0
114000,0,0
116000,0,0
118000,0,0
120000,0,0
122000,0,0
124000,0,0
126000,0,0
128000,0,0
130000,0,0
132000,0,0
134000,0,0
136000,0,0
138000,0,0
140000,0,0
142000,0,0
144000,0,0
146000,0,0
148000,0,0
150000,0,0
152000,0,0
154000,0,0
156000,0,0
158000,0,0
160000,0,0
162000,0,0
164000,0,0
166000,0,0
168000,0,0
170000,0,0
172000,0,0
174000,0,0
176000,0,0
178000,0,0
180000,0,0
182000,0,0
184000,0,0
186000,0,0
188000,0,0
190000,0,0
192000,0,0
194000,0,0
196000,0,0
198000,0,0
200000,0,0
202000,0,0
204000,0,0
206000,0,0
208000,0,0
210000,0,0
212000,0,0
214000,0,0
216000,0,0
218000,0,0
220000,0,0
222000,0,0
224000,0,0
226000,0,0
228000,0,0
230000,0,0
232000,0,0
234000,0,0
236000,0,0
238000,0,0
240000,0,0
242000,0,0
244000,0,0
246000,0,0
248000,0,0
250000,0,0
252000,0,0
254000,0,0
256000,0,0
258000,0,0
260000,0,0
262000,0,0
264000,0,0
266000,0,0
268000,0,0
270000,0,0
272000,0,0
274000,0,0
276000,0,0
278000,0,0
280000,0,0
282000,0,0
284000,0,0
286000,0,0
288000,0,0
290000,0,0
292000,0,0
294000,0,0
296000,0,0
298000,0,0
300000,0,0
302000,0,0
304000,0,0
306000,0,0
308000,0,0
310000,0,0
312000,0,0
314000,0,0
316000,0,0
318000,0,0
320000,0,0
322000,0,0
324000,0,0
326000,0,0
328000,0,0
330000,0,0
332000,0,0
334000,0,0
336000,0,0
338000,0,0
340000,0,0
342000,0,0
344000,0,0
346000,0,0
348000,0,0
350000,0,0
352000,0,0
354000,0,0
356000,0,0
358000,0,0
360000,0,0
362000,0,0
364000,0,0
366000,0,0
368000,0,0
370000,0,0
372000,0,0
374000,0,0
376000,0,0
378000,0,0
380000,0,0
382000,0,0
384000,0,0
386000,0,0
388000,0,0
390000,0,0
392000,0,0
394000,0,0
396000,0,0
398000,0,0
400000,0,0
402000,0,0
404000,0,0
406000,0,0
408000,0,0
410000,0,0
412000,0,0
414000,0,0
416000,0,0
418000,0,0
420000,0,0
422000,0,0
424000,0,0
426000,0,0
428000,0,0
430000,0,0
432000,0,0
434000,0,0
436000,0,0
438000,0,0
440000,0,0
442000,0,0
444000,0,0
446000,0,0
448000,0,0
450000,0,0
452000,0,0
454000,0,0
456000,0,0
458000,0,0
460000,0,0
462000,0,0
464000,0,0
466000,0,0
468000,0,0
470000,0,0
472000,0,0
474000,0,0
476000,0,0
478000,0,0
480000,0,0
482000,0,0
484000,0,0
486000,0,0
488000,0,0
490000,0,0
492000,0,0
494000,0,0
496000,0,0
498000,0,0
500000,0,0
502000,0,0
504000,0,0
506000,0,0
508000,0,0
510000,0,0
512000,0,0
514000,0,0
516000,0,0
518000,0,0
520000,0,0
522000,0,0
524000,0,0
526000,0,0
528000,0,0
530000,0,0
532000,0,0
534000,0,0
536000,0,0
538000,0,0
540000,0,0
542000,0,0
544000,0,0
546000,0,0
548000,0,0
550000,0,0
552000,0,0
554000,0,0
556000,0,0
558000,0,0
560000,0,0
562000,0,0
564000,0,0
566000,0,0
568000,0,0
570000,0,0
572000,0,0
574000,0,0
576000,0,0
578000,0,0
580000,0,0
582000,0,0
584000,0,0
586000,0,0
588000,0,0
590000,0,0
592000,0,0
594000,0,0
596000,0,0
598000,0,0
600000,0,0
602000,0,0
604000,0,0
606000,0,0
608000,0,0
610000,0,0
612000,0,0
614000,0,0
616000,0,0
618000,0,0
620000,0,0
622000,0,0
624000,0,0
626000,0,0
628000,0,0
630000,0,0
632000,0,0
634000,0,0
636000,0,0
638000,0,0
640000,0,0
642000,0,0
644000,0,0
646000,0,0
648000,0,0
650000,0,0
652000,0,0
654000,0,0
656000,0,0
658000,0,0
660000,0,0
662000,0,0
664000,0,0
666000,0,0
668000,0,0
670000,0,0
672000,0,0
674000,0,0
676000,0,0
678000,0,0
680000,0,0
682000,0,0
684000,0,0
686000,0,0
688000,0,0
690000,0,0
692000,0,0
694000,0,0
696000,0,0
698000,0,0
700000,0,0
702000,0,0
704000,0,0
706000,0,0
708000,0,0
710000,0,0
712000,0,0
714000,0,0
716000,0,0
718000,0,0
720000,0,0
722000,0,0
724000,0,0
726000,0,0
728000,0,0
730000,0,0
732000,0,0
734000,0,0
736000,0,0
738000,0,0
740000,0,0
742000,0,0
744000,0,0
746000,0,0
748000,0,0
750000,0,0
752000,0,0
754000,0,0
756000,0,0
758000,0,0
760000,0,0
762000,0,0
764000,0,0
766000,0,0
768000,0,0
770000,0,0
772000,0,0
774000,0,0
776000,0,0
778000,0,0
780000,0,0
782000,0,0
784000,0,0
786000,0,0
788000,0,0
790000,0,0
792000,0,0
794000,0,0
796000,0,0
798000,0,0
800000,0,0
802000,0,0
804000,0,0
806000,0,0
808000,0,0
810000,0,0
812000,0,0
814000,0,0
816000,0,0
818000,0,0
820000,0,0
822000,0,0
824000,0,0
826000,0,0
828000,0,0
830000,0,0
832000,0,0
834000,0,0
836000,0,0
838000,0,0
840000,0,0
842000,0,0
844000,0,0
846000,0,0
848000,0,0
850000,0,0
852000,0,0
854000,0,0
856000,0,0
858000,0,0
860000,0,0
862000,0,0
864000,0,0
866000,0,0
868000,0,0
870000,0,0
872000,0,0
874000,0,0
876000,0,0
878000,0,0
880000,0,0
882000,0,0
884000,0,0
886000,0,0
888000,0,0
890000,0,0
892000,0,0
894000,0,0
896000,0,0
898000,0,0
900000,0,0
902000,0,0
904000,0,0
906000,0,0
908000,0,0
910000,0,0
912000,0,0
914000,0,0
916000,0,0
918000,0,0
920000,0,0
922000,0,0
924000,0,0
926000,0,0
928000,0,0
930000,0,0
932000,0,0
934000,0,0
936000,0,0
938000,0,0
940000,0,0
942000,0,0
944000,0,0
946000,0,0
948000,0,0
950000,0,0
952000,0,0
954000,0,0
956000,0,0
958000,0,0
960000,0,0
962000,0,0
964000,0,0
966000,0,0
968000,0,0
970000,0,0
972000,0,0
974000,0,0
976000,0,0
978000,0,0
980000,0,0
982000,0,0
984000,0,0
986000,0,0
988000,0,0
990000,0,0
992000,0,0
994000,0,0
996000,0,0
998000,0,0
1000000,0,0
1002000,0,0
1004000,0,0
1006000,0,0
1008000,0,0
1010000,0,0
1012000,0,0
1014000,0,0
1016000,0,0
1018000,0,0
1020000,0,0
1022000,0,0
1024000,0,0
1026000,0,0
1028000,0,0
1030000,0,0
1032000,0,0
1034000,0,0
1036000,0,0
1038000,0,0
1040000,0,0
1042000,0,0
1044000,0,0
1046000,0,0
1048000,0,0
1050000,0,0
1052000,0,0
1054000,0,0
1056000,0,0
1058000,0,0
1060000,0,0
1062000,0,0
1064000,0,0
1066000,0,0
1068000,0,0
1070000,0,0
1072000,0,0
1074000,0,0
1076000,0,0
1078000,0,0
1080000,0,0
1082000,0,0
1084000,0,0
1086000,0,0
1088000,0,0
1090000,0,0
1092000,0,0
1094000,0,0
1096000,0,0
1098000,0,0
1100000,0,0
1102000,0,0
1104000,0,0
1106000,0,0
1108000,0,0
1110000,0,0
1112000,0,0
1114000,0,0
1116000,0,0
1118000,0,0
1120000,0,0
1122000,0,0
1124000,0,0
1126000,0,0
1128000,0,0
1130000,0,0
1132000,0,0
1134000,0,0
1136000,0,0
1138000,0,0
1140000,0,0
1142000,0,0
1144000,0,0
1146000,0,0
1148000,0,0
1150000,0,0
1152000,0,0
1154000,0,0
1156000,0,0
1158000,0,0
1160000,0,0
1162000,0,0
1164000,0,0
1166000,0,0
1168000,0,0
1170000,0,0
1172000,0,0
1174000,0,0
1176000,0,0
1178000,0,0
1180000,0,0
1182000,0,0
1184000,0,0
1186000,0,0
1188000,0,0
1190000,0,0
1192000,0,0
1194000,0,0
1196000,0,0
1198000,0,0
1200000,0,0
1202000,0,0
1204000,0,0
1206000,0,0
1208000,0,0
1210000,0,0
1212000,0,0
1214000,0,0
1216000,0,0
1218000,0,0
1220000,0,0
1222000,0,0
1224000,0,0
1226000,0,0
1228000,0,0
1230000,0,0
1232000,0,0
1234000,0,0
1236000,0,0
1238000,0,0
1240000,0,0
1242000,0,0
1244000,0,0
1246000,0,0
1248000,0,0
1250000,0,0
1252000,0,0
1254000,0,0
1256000,0,0
1258000,0,0
1260000,0,0
1262000,0,0
1264000,0,0
1266000,0,0
1268000,0,0
1270000,0,0
1272000,0,0
1274000,0,0
1276000,0,0
1278000,0,0
1280000,0,0
1282000,0,0
1284000,0,0
1286000,0,0
1288000,0,0
1290000,0,0
1292000,0,0
1294000,0,0
1296000,0,0
1298000,0,0
1300000,0,0
1302000,0,0
1304000,0,0
1306000,0,0
1308000,0,0
1310000,0,0
1312000,0,0
1314000,0,0
1316000,0,0
1318000,0,0
1320000,0,0
1322000,0,0
1324000,0,0
1326000,0,0
1328000,0,0
1330000,0,0
1332000,0,0
1334000,0,0
1336000,0,0
1338000,0,0
1340000,0,0
1342000,0,0
1344000,0,0
1346000,0,0
1348000,0,0
1350000,0,0
1352000,0,0
1354000,0,0
1356000,0,0
1358000,0,0
1360000,0,0
1362000,0,0
1364000,0,0
1366000,0,0
1368000,0,0
1370000,0,0
1372000,0,0
1374000,0,0
1376000,0,0
1378000,0,0
1380000,0,0
1382000,0,0
1384000,0,0
1386000,0,0
1388000,0,0
1390000,0,0
1392000,0,0
1394000,0,0
1396000,0,0
1398000,0,0
1400000,0,0
1402000,0,0
1404000,0,0
1406000,0,0
1408000,0,0
1410000,0,0
1412000,0,0
1414000,0,0
1416000,0,0
1418000,0,0
1420000,0,0
1422000,0,0
1424000,0,0
1426000,0,0
1428000,0,0
1430000,0,0
1432000,0,0
1434000,0,0
1436000,0,0
1438000,0,0
1440000,0,0
1442000,0,0
1444000,0,0
1446000,0,0
1448000,0,0
1450000,0,0
1452000,0,0
1454000,0,0
1456000,0,0
1458000,0,0
1460000,0,0
1462000,0,0
1464000,0,0
1466000,0,0
1468000,0,0
1470000,0,0
1472000,0,0
1474000,0,0
1476000,0,0
1478000,0,0
1480000,0,0
1482000,0,0
1484000,0,0
1486000,0,0
1488000,0,0
1490000,0,0
1492000,0,0
1494000,0,0
1496000,0,0
1498000,0,0
1500000,0,0
1502000,0,0
1504000,0,0
1506000,0,0
1508000,0,0
1510000,0,0
1512000,0,0
1514000,0,0
1516000,0,0
1518000,0,0
1520000,0,0
1522000,0,0
1524000,0,0
1526000,0,0
1528000,0,0
1530000,0,0
1532000,0,0
1534000,0,0
1536000,0,0
1538000,0,0
1540000,0,0
1542000,0,0
1544000,0,0
1546000,0,0
1548000,0,0
1550000,0,0
1552000,0,0
1554000,0,0
1556000,0,0
1558000,0,0
1560000,0,0
1562000,0,0
1564000,0,0
1566000,0,0
1568000,0,0
1570000,0,0
1572000,0,0
1574000,0,0
1576000,0,0
1578000,0,0
1580000,0,0
1582000,0,0
1584000,0,0
1586000,0,0
1588000,0,0
1590000,0,0
1592000,0,0
1594000,0,0
1596000,0,0
1598000,0,0
1600000,0,0
1602000,0,0
1604000,0,0
1606000,0,0
1608000,0,0
1610000,0,0
1612000,0,0
1614000,0,0
1616000,0,0
1618000,0,0
1620000,0,0
1622000,0,0
1624000,0,0
1626000,0,0
1628000,0,0
1630000,0,0
1632000,0,0
1634000,0,0
1636000,0,0
1638000,0,0
1640000,0,0
1642000,0,0
1644000,0,0
1646000,0,0
1648000,0,0
1650000,0,0
1652000,0,0
1654000,0,0
1656000,0,0
1658000,0,0
1660000,0,0
1662000,0,0
1664000,0,0
1666000,0,0
1668000,0,0
1670000,0,0
1672000,0,0
1674000,0,0
1676000,0,0
1678000,0,0
1680000,0,0
1682000,0,0
1684000,0,0
1686000,0,0
1688000,0,0
1690000,0,0
1692000,0,0
1694000,0,0
1696000,0,0
1698000,0,0
1700000,0,0
1702000,0,0
1704000,0,0
1706000,0,0
1708000,0,0
1710000,0,0
1712000,0,0
1714000,0,0
1716000,0,0
1718000,0,0
1720000,0,0
1722000,0,0
1724000,0,0
1726000,0,0
1728000,0,0
1730000,0,0
1732000,0,0
1734000,0,0
1736000,0,0
1738000,0,0
1740000,0,0
1742000,0,0
1744000,0,0
1746000,0,0
1748000,0,0
1750000,0,0
1752000,0,0
1754000,0,0
1756000,0,0
1758000,0,0
1760000,0,0
1762000,0,0
1764000,0,0
1766000,0,0
1768000,0,0
1770000,0,0
1772000,0,0
1774000,0,0
1776000,0,0
1778000,0,0
1780000,0,0
1782000,0,0
1784000,0,0
1786000,0,0
1788000,0,0
1790000,0,0
1792000,0,0
1794000,0,0
1796000,0,0
1798000,0,0
1800000,0,0
1802000,0,0
1804000,0,0
1806000,0,0
1808000,0,0
1810000,0,0
1812000,0,0
1814000,0,0
1816000,0,0
1818000,0,0
1820000,0,0
1822000,0,0
1824000,0,0
1826000,0,0
1828000,0,0
1830000,0,0
1832000,0,0
1834000,0,0
1836000,0,0
1838000,0,0
1840000,0,0
1842000,0,0
1844000,0,0
1846000,0,0
1848000,0,0
1850000,0,0
1852000,0,0
1854000,0,0
1856000,0,0
1858000,0,0
1860000,0,0
1862000,0,0
1864000,0,0
1866000,0,0
1868000,0,0
1870000,0,0
1872000,0,0
1874000,0,0
1876000,0,0
1878000,0,0
1880000,0,0
1882000,0,0
1884000,0,0
1886000,0,0
1888000,0,0
1890000,0,0
1892000,0,0
1894000,0,0
1896000,0,0
1898000,0,0
1900000,0,0
1902000,0,0
1904000,0,0
1906000,0,0
1908000,0,0
1910000,0,0
1912000,0,0
1914000,0,0
1916000,0,0
1918000,0,0
1920000,0,0
1922000,0,0
1924000,0,0
1926000,0,0
1928000,0,0
1930000,0,0
1932000,0,0
1934000,0,0
1936000,0,0
1938000,0,0
1940000,0,0
1942000,0,0
1944000,0,0
1946000,0,0
1948000,0,0
1950000,0,0
1952000,0,0
1954000,0,0
1956000,0,0
1958000,0,0
1960000,0,0
1962000,0,0
1964000,0,0
1966000,0,0
1968000,0,0
1970000,0,0
1972000,0,0
1974000,0,0
1976000,0,0
1978000,0,0
1980000,0,0
1982000,0,0
1984000,0,0
1986000,0,0
1988000,0,0
1990000,0,0
1992000,0,0
1994000,0,0
1996000,0,0
1998000,0,0
2000000,0,0
2002000,0,0
2004000,0,0
2006000,0,0
2008000,0,0
2010000,0,0
2012000,0,0
2014000,0,0
2016000,0,0
2018000,0,0
2020000,0,0
2022000,0,0
2024000,0,0
2026000,0,0
2028000,0,0
2030000,0,0
2032000,0,0
2034000,0,0
2036000,0,0
2038000,0,0
2040000,0,0
2042000,0,0
2044000,0,0
2046000,0,0
2048000,0,0
2050000,0,0
2052000,0,0
2054000,0,0
2056000,0,0
2058000,0,0
2060000,0,0
2062000,0,0
2064000,0,0
2066000,0,0
2068000,0,0
2070000,0,0
2072000,0,0
2074000,0,0
2076000,0,0
2078000,0,0
2080000,0,0
2082000,0,0
2084000,0,0
2086000,0,0
2088000,0,0
2090000,0,0
2092000,0,0
2094000,0,0
2096000,0,0
2098000,0,0
2100000,0,0
2102000,0,0
2104000,0,0
2106000,0,0
2108000,0,0
2110000,0,0
2112000,0,0
2114000,0,0
2116000,0,0
2118000,0,0
2120000,0,0
2122000,0,0
2124000,0,0
2126000,0,0
2128000,0,0
2130000,0,0
2132000,0,0
2134000,0,0
2136000,0,0
2138000,0,0
2140000,0,0
2142000,0,0
2144000,0,0
2146000,0,0
2148000,0,0
2150000,0,0
2152000,0,0
2154000,0,0
2156000,0,0
2158000,0,0
2160000,0,0
2162000,0,0
2164000,0,0
2166000,0,0
2168000,0,0
2170000,0,0
2172000,0,0
2174000,0,0
2176000,0,0
2178000,0,0
2180000,0,0
2182000,0,0
2184000,0,0
2186000,0,0
2188000,0,0
2190000,0,0
2192000,0,0
2194000,0,0
2196000,0,0
2198000,0,0
2200000,0,0
2202000,0,0
2204000,0,0
2206000,0,0
2208000,0,0
2210000,0,0
2212000,0,0
2214000,0,0
2216000,0,0
2218000,0,0
2220000,0,0
2222000,0,0
2224000,0,0
2226000,0,0
2228000,0,0
2230000,0,0
2232000,0,0
2234000,0,0
2236000,0,0
2238000,0,0
2240000,0,0
2242000,0,0
2244000,0,0
2246000,0,0
2248000,0,0
2250000,0,0
2252000,0,0
2254000,0,0
2256000,0,0
2258000,0,0
2260000,0,0
2262000,0,0
2264000,0,0
2266000,0,0
2268000,0,0
2270000,0,0
2272000,0,0
2274000,0,0
2276000,0,0
2278000,0,0
2280000,0,0
2282000,0,0
2284000,0,0
2286000,0,0
2288000,0,0
2290000,0,0
2292000,0,0
2294000,0,0
2296000,0,0
2298000,0,0
2300000,0,0
2302000,0,0
2304000,0,0
2306000,0,0
2308000,0,0
2310000,0,0
2312000,0,0
2314000,0,0
2316000,0,0
2318000,0,0
2320000,0,0
2322000,0,0
2324000,0,0
2326000,0,0
2328000,0,0
2330000,0,0
2332000,0,0
2334000,0,0
2336000,0,0
2338000,0,0
2340000,0,0
2342000,0,0
2344000,0,0
2346000,0,0
2348000,0,0
2350000,0,0
2352000,0,0
2354000,0,0
2356000,0,0
2358000,0,0
2360000,0,0
2362000,0,0
2364000,0,0
2366000,0,0
2368000,0,0
2370000,0,0
2372000,0,0
2374000,0,0
2376000,0,0
2378000,0,0
2380000,0,0
2382000,0,0
2384000,0,0
2386000,0,0
2388000,0,0
2390000,0,0
2392000,0,0
2394000,0,0
2396000,0,0
2398000,0,0
2400000,0,0
2402000,0,0
2404000,0,0
2406000,0,0
2408000,0,0
2410000,0,0
2412000,0,0
2414000,0,0
2416000,0,0
2418000,0,0
2420000,0,0
2422000,0,0
2424000,0,0
2426000,0,0
2428000,0,0
2430000,0,0
2432000,0,0
2434000,0,0
2436000,0,0
2438000,0,0
2440000,0,0
2442000,0,0
2444000,0,0
2446000,0,0
2448000,0,0
2450000,0,0
2452000,0,0
2454000,0,0
2456000,0,0
2458000,0,0
2460000,0,0
2462000,0,0
2464000,0,0
2466000,0,0
2468000,0,0
2470000,0,0
2472000,0,0
2474000,0,0
2476000,0,0
2478000,0,0
2480000,0,0
2482000,0,0
2484000,0,0
2486000,0,0
2488000,0,0
2490000,0,0
2492000,0,0
2494000,0,0
2496000,0,0
2498000,0,0
2500000,0,0
2502000,0,0
2504000,0,0
2506000,0,0
2508000,0,0
2510000,0,0
2512000,0,0
2514000,0,0
2516000,0,0
2518000,0,0
2520000,0,0
2522000,0,0
2524000,0,0
2526000,0,0
2528000,0,0
2530000,0,0
2532000,0,0
2534000,0,0
2536000,0,0
2538000,0,0
2540000,0,0
2542000,0,0
2544000,0,0
2546000,0,0
2548000,0,0
2550000,0,0
2552000,0,0
2554000,0,0
2556000,0,0
2558000,0,0
2560000,0,0
2562000,0,0
2564000,0,0
2566000,0,0
2568000,0,0
2570000,0,0
2572000,0,0
2574000,0,0
2576000,0,0
2578000,0,0
2580000,0,0
2582000,0,0
2584000,0,0
2586000,0,0
2588000,0,0
2590000,0,0
2592000,0,0
2594000,0,0
2596000,0,0
2598000,0,0
2600000,0,0
2602000,0,0
2604000,0,0
2606000,0,0
2608000,0,0
2610000,0,0
2612000,0,0
2614000,0,0
2616000,0,0
2618000,0,0
2620000,0,0
2622000,0,0
2624000,0,0
2626000,0,0
2628000,0,0
2630000,0,0
2632000,0,0
2634000,0,0
2636000,0,0
2638000,0,0
2640000,0,0
2642000,0,0
2644000,0,0
2646000,0,0
2648000,0,0
2650000,0,0
2652000,0,0
2654000,0,0
2656000,0,0
2658000,0,0
2660000,0,0
2662000,0,0
2664000,0,0
2666000,0,0
2668000,0,0
2670000,0,0
2672000,0,0
2674000,0,0
2676000,0,0
2678000,0,0
2680000,0,0
2682000,0,0
2684000,0,0
2686000,0,0
2688000,0,0
2690000,0,0
2692000,0,0
2694000,0,0
2696000,0,0
2698000,0,0
2700000,0,0
2702000,0,0
2704000,0,0
2706000,0,0
2708000,0,0
2710000,0,0
2712000,0,0
2714000,0,0
2716000,0,0
2718000,0,0
2720000,0,0
2722000,0,0
2724000,0,0
2726000,0,0
2728000,0,0
2730000,0,0
2732000,0,0
2734000,0,0
2736000,0,0
2738000,0,0
2740000,0,0
2742000,0,0
2744000,0,0
2746000,0,0
2748000,0,0
2750000,0,0
2752000,0,0
2754000,0,0
2756000,0,0
2758000,0,0
2760000,0,0
2762000,0,0
2764000,0,0
2766000,0,0
2768000,0,0
2770000,0,0
2772000,0,0
2774000,0,0
2776000,0,0
2778000,0,0
2780000,0,0
2782000,0,0
2784000,0,0
2786000,0,0
2788000,0,0
2790000,0,0
2792000,0,0
2794000,0,0
2796000,0,0
2798000,0,0
2800000,0,0
2802000,0,0
2804000,0,0
2806000,0,0
2808000,0,0
2810000,0,0
2812000,0,0
2814000,0,0
2816000,0,0
2818000,0,0
2820000,0,0
2822000,0,0
2824000,0,0
2826000,0,0
2828000,0,0
2830000,0,0
2832000,0,0
2834000,0,0
2836000,0,0
2838000,0,0
2840000,0,0
2842000,0,0
2844000,0,0
2846000,0,0
2848000,0,0
2850000,0,0
2852000,0,0
2854000,0,0
2856000,0,0
2858000,0,0
2860000,0,0
2862000,0,0
2864000,0,0
2866000,0,0
2868000,0,0
2870000,0,0
2872000,0,0
2874000,0,0
2876000,0,0
2878000,0,0
2880000,0,0
2882000,0,0
2884000,0,0
2886000,0,0
2888000,0,0
2890000,0,0
2892000,0,0
2894000,0,0
2896000,0,0
2898000,0,0
2900000,0,0
2902000,0,0
2904000,0,0
2906000,0,0
2908000,0,0
2910000,0,0
2912000,0,0
2914000,0,0
2916000,0,0
2918000,0,0
2920000,0,0
2922000,0,0
2924000,0,0
2926000,0,0
2928000,0,0
2930000,0,0
2932000,0,0
2934000,0,0
2936000,0,0
2938000,0,0
2940000,0,0
2942000,0,0
2944000,0,0
2946000,0,0
2948000,0,0
2950000,0,0
2952000,0,0
2954000,0,0
2956000,0,0
2958000,0,0
2960000,0,0
2962000,0,0
2964000,0,0
2966000,0,0
2968000,0,0
2970000,0,0
2972000,0,0
2974000,0,0
2976000,0,0
2978000,0,0
2980000,0,0
2982000,0,0
2984000,0,0
2986000,0,0
2988000,0,0
2990000,0,0
2992000,0,0
2994000,0,0
2996000,0,0
2998000,0,0
3000000,0,0
3002000,0,0
3004000,0,0
3006000,0,0
3008000,0,0
3010000,0,0
3012000,0,0
3014000,0,0
3016000,0,0
3018000,0,0
3020000,0,0
3022000,0,0
3024000,0,0
3026000,0,0
3028000,0,0
3030000,0,0
3032000,0,0
3034000,0,0
3036000,0,0
3038000,0,0
3040000,0,0
3042000,0,0
3044000,0,0
3046000,0,0
3048000,0,0
3050000,0,0
3052000,0,0
3054000,0,0
3056000,0,0
3058000,0,0
3060000,0,0
3062000,0,0
3064000,0,0
3066000,0,0
3068000,0,0
3070000,0,0
3072000,0,0
3074000,0,0
3076000,0,0
3078000,0,0
3080000,0,0
3082000,0,0
3084000,0,0
3086000,0,0
3088000,0,0
3090000,0,0
3092000,0,0
3094000,0,0
3096000,0,0
3098000,0,0
3100000,0,0
3102000,0,0
3104000,0,0
3106000,0,0
3108000,0,0
3110000,0,0
3112000,0,0
3114000,0,0
3116000,0,0
3118000,0,0
3120000,0,0
3122000,0,0
3124000,0,0
3126000,0,0
3128000,0,0
3130000,0,0
3132000,0,0
3134000,0,0
3136000,0,0
3138000,0,0
3140000,0,0
3142000,0,0
3144000,0,0
3146000,0,0
3148000,0,0
3150000,0,0
3152000,0,0
3154000,0,0
3156000,0,0
3158000,0,0
3160000,0,0
3162000,0,0
3164000,0,0
3166000,0,0
3168000,0,0
3170000,0,0
3172000,0,0
3174000,0,0
3176000,0,0
3178000,0,0
3180000,0,0
3182000,0,0
3184000,0,0
3186000,0,0
3188000,0,0
3190000,0,0
3192000,0,0
3194000,0,0
3196000,0,0
3198000,0,0
3200000,0,0
3202000,0,0
3204000,0,0
3206000,0,0
3208000,0,0
3210000,0,0
3212000,0,0
3214000,0,0
3216000,0,0
3218000,0,0
3220000,0,0
3222000,0,0
3224000,0,0
3226000,0,0
3228000,0,0
3230000,0,0
3232000,0,0
3234000,0,0
3236000,0,0
3238000,0,0
3240000,0,0
3242000,0,0
3244000,0,0
3246000,0,0
3248000,0,0
3250000,0,0
3252000,0,0
3254000,0,0
3256000,0,0
3258000,0,0
3260000,0,0
3262000,0,0
3264000,0,0
3266000,0,0
3268000,0,0
3270000,0,0
3272000,0,0
3274000,0,0
3276000,0,0
3278000,0,0
3280000,0,0
3282000,0,0
3284000,0,0
3286000,0,0
3288000,0,0
3290000,0,0
3292000,0,0
3294000,0,0
3296000,0,0
3298000,0,0
3300000,0,0
3302000,0,0
3304000,0,0
3306000,0,0
3308000,0,0
3310000,0,0
3312000,0,0
3314000,0,0
3316000,0,0
3318000,0,0
3320000,0,0
3322000,0,0
3324000,0,0
3326000,0,0
3328000,0,0
3330000,0,0
3332000,0,0
3334000,0,0
3336000,0,0
3338000,0,0
3340000,0,0
3342000,0,0
3344000,0,0
3346000,0,0
3348000,0,0
3350000,0,0
3352000,0,0
3354000,0,0
3356000,0,0
3358000,0,0
3360000,0,0
3362000,0,0
3364000,0,0
3366000,0,0
3368000,0,0
3370000,0,0
3372000,0,0
3374000,0,0
3376000,0,0
3378000,0,0
3380000,0,0
3382000,0,0
3384000,0,0
3386000,0,0
3388000,0,0
3390000,0,0
3392000,0,0
3394000,0,0
3396000,0,0
3398000,0,0
3400000,0,0
3402000,0,0
3404000,0,0
3406000,0,0
3408000,0,0
3410000,0,0
3412000,0,0
3414000,0,0
3416000,0,0
3418000,0,0
3420000,0,0
3422000,0,0
3424000,0,0
3426000,0,0
3428000,0,0
3430000,0,0
3432000,0,0
3434000,0,0
3436000,0,0
3438000,0,0
3440000,0,0
3442000,0,0
3444000,0,0
3446000,0,0
3448000,0,0
3450000,0,0
3452000,0,0
3454000,0,0
3456000,0,0
3458000,0,0
3460000,0,0
3462000,0,0
3464000,0,0
3466000,0,0
3468000,0,0
3470000,0,0
3472000,0,0
3474000,0,0
3476000,0,0
3478000,0,0
3480000,0,0
3482000,0,0
3484000,0,0
3486000,0,0
3488000,0,0
3490000,0,0
3492000,0,0
3494000,0,0
3496000,0,0
3498000,0,0
3500000,0,0
3502000,0,0
3504000,0,0
3506000,0,0
3508000,0,0
3510000,0,0
3512000,0,0
3514000,0,0
3516000,0,0
3518000,0,0
3520000,0,0
3522000,0,0
3524000,0,0
3526000,0,0
3528000,0,0
3530000,0,0
3532000,0,0
3534000,0,0
3536000,0,0
3538000,0,0
3540000,0,0
3542000,0,0
3544000,0,0
3546000,0,0
3548000,0,0
3550000,0,0
3552000,0,0
3554000,0,0
3556000,0,0
3558000,0,0
3560000,0,0
3562000,0,0
3564000,0,0
3566000,0,0
3568000,0,0
3570000,0,0
3572000,0,0
3574000,0,0
3576000,0,0
3578000,0,0
3580000,0,0
3582000,0,0
3584000,0,0
3586000,0,0
3588000,0,0
3590000,0,0
3592000,0,0
3594000,0,0
3596000,0,0
3598000,0,0
3600000,0,0
3602000,0,0
3604000,0,0
3606000,0,0
3608000,0,0
3610000,0,0
3612000,0,0
3614000,0,0
3616000,0,0
3618000,0,0
3620000,0,0
3622000,0,0
3624000,0,0
3626000,0,0
3628000,0,0
3630000,0,0
3632000,0,0
3634000,0,0
3636000,0,0
3638000,0,0
3640000,0,0
3642000,0,0
3644000,0,0
3646000,0,0
3648000,0,0
3650000,0,0
3652000,0,0
3654000,0,0
3656000,0,0
3658000,0,0
3660000,0,0
3662000,0,0
3664000,0,0
3666000,0,0
3668000,0,0
3670000,0,0
3672000,0,0
3674000,0,0
3676000,0,0
3678000,0,0
3680000,0,0
3682000,0,0
3684000,0,0
3686000,0,0
3688000,0,0
3690000,0,0
3692000,0,0
3694000,0,0
3696000,0,0
3698000,0,0
3700000,0,0
3702000,0,0
3704000,0,0
3706000,0,0
3708000,0,0
3710000,0,0
3712000,0,0
3714000,0,0
3716000,0,0
3718000,0,0
3720000,0,0
3722000,0,0
3724000,0,0
3726000,0,0
3728000,0,0
3730000,0,0
3732000,0,0
3734000,0,0
3736000,0,0
3738000,0,0
3740000,0,0
3742000,0,0
3744000,0,0
3746000,0,0
3748000,0,0
3750000,0,0
3752000,0,0
3754000,0,0
3756000,0,0
3758000,0,0
3760000,0,0
3762000,0,0
3764000,0,0
3766000,0,0
3768000,0,0
3770000,0,0
3772000,0,0
3774000,0,0
3776000,0,0
3778000,0,0
3780000,0,0
3782000,0,0
3784000,0,0
3786000,0,0
3788000,0,0
3790000,0,0
3792000,0,0
3794000,0,0
3796000,0,0
3798000,0,0
3800000,0,0
3802000,0,0
3804000,0,0
3806000,0,0
3808000,0,0
3810000,0,0
3812000,0,0
3814000,0,0
3816000,0,0
3818000,0,0
3820000,0,0
3822000,0,0
3824000,0,0
3826000,0,0
3828000,0,0
3830000,0,0
3832000,0,0
3834000,0,0
3836000,0,0
3838000,0,0
3840000,0,0
3842000,0,0
3844000,0,0
3846000,0,0
3848000,0,0
3850000,0,0
3852000,0,0
3854000,0,0
3856000,0,0
3858000,0,0
3860000,0,0
3862000,0,0
3864000,0,0
3866000,0,0
3868000,0,0
3870000,0,0
3872000,0,0
3874000,0,0
3876000,0,0
3878000,0,0
3880000,0,0
3882000,0,0
3884000,0,0
3886000,0,0
3888000,0,0
3890000,0,0
3892000,0,0
3894000,0,0
3896000,0,0
3898000,0,0
3900000,0,0
3902000,0,0
3904000,0,0
3906000,0,0
3908000,0,0
3910000,0,0
3912000,0,0
3914000,0,0
3916000,0,0
3918000,0,0
3920000,0,0
3922000,0,0
3924000,0,0
3926000,0,0
3928000,0,0
3930000,0,0
3932000,0,0
3934000,0,0
3936000,0,0
3938000,0,0
3940000,0,0
3942000,0,0
3944000,0,0
3946000,0,0
3948000,0,0
3950000,0,0
3952000,0,0
3954000,0,0
3956000,0,0
3958000,0,0
3960000,0,0
3962000,0,0
3964000,0,0
3966000,0,0
3968000,0,0
3970000,0,0
3972000,0,0
3974000,0,0
3976000,0,0
3978000,0,0
3980000,0,0
3982000,0,0
3984000,0,0
3986000,0,0
3988000,0,0
3990000,0,0
3992000,0,0
3994000,0,0
3996000,0,0
3998000,0,0
4000000,0,0
4002000,0,0
4004000,0,0
4006000,0,0
4008000,0,0
4010000,0,0
4012000,0,0
4014000,0,0
4016000,0,0
4018000,0,0
4020000,0,0
4022000,0,0
4024000,0,0
4026000,0,0
4028000,0,0
4030000,0,0
4032000,0,0
4034000,0,0
4036000,0,0
4038000,0,0
4040000,0,0
4042000,0,0
4044000,0,0
4046000,0,0
4048000,0,0
4050000,0,0
4052000,0,0
4054000,0,0
4056000,0,0
4058000,0,0
4060000,0,0
4062000,0,0
4064000,0,0
4066000,0,0
4068000,0,0
4070000,0,0
4072000,0,0
4074000,0,0
4076000,0,0
4078000,0,0
4080000,0,0
4082000,0,0
4084000,0,0
4086000,0,0
4088000,0,0
4090000,0,0
4092000,0,0
4094000,0,0
4096000,0,0
4098000,0,0
4100000,0,0
4102000,0,0
4104000,0,0
4106000,0,0
4108000,0,0
4110000,0,0
4112000,0,0
4114000,0,0
4116000,0,0
4118000,0,0
4120000,0,0
4122000,0,0
4124000,0,0
4126000,0,0
4128000,0,0
4130000,0,0
4132000,0,0
4134000,0,0
4136000,0,0
4138000,0,0
4140000,0,0
4142000,0,0
4144000,0,0
4146000,0,0
4148000,0,0
4150000,0,0
4152000,0,0
4154000,0,0
4156000,0,0
4158000,0,0
4160000,0,0
4162000,0,0
4164000,0,0
4166000,0,0
4168000,0,0
4170000,0,0
4172000,0,0
4174000,0,0
4176000,0,0
4178000,0,0
4180000,0,0
4182000,0,0
4184000,0,0
4186000,0,0
4188000,0,0
4190000,0,0
4192000,0,0
4194000,0,0
4196000,0,0
4198000,0,0
4200000,0,0
4202000,0,0
4204000,0,0
4206000,0,0
4208000,0,0
4210000,0,0
4212000,0,0
4214000,0,0
4216000,0,0
4218000,0,0
4220000,0,0
4222000,0,0
4224000,0,0
4226000,0,0
4228000,0,0
4230000,0,0
4232000,0,0
4234000,0,0
4236000,0,0
4238000,0,0
4240000,0,0
4242000,0,0
4244000,0,0
4246000,0,0
4248000,0,0
4250000,0,0
4252000,0,0
4254000,0,0
4256000,0,0
4258000,0,0
4260000,0,0
4262000,0,0
4264000,0,0
4266000,0,0
4268000,0,0
4270000,0,0
4272000,0,0
4274000,0,0
4276000,0,0
4278000,0,0
4280000,0,0
4282000,0,0
4284000,0,0
4286000,0,0
4288000,0,0
4290000,0,0
4292000,0,0
4294000,0,0
4296000,0,0
4298000,0,0
4300000,0,0
4302000,0,0
4304000,0,0
4306000,0,0
4308000,0,0
4310000,0,0
4312000,0,0
4314000,0,0
4316000,0,0
4318000,0,0
4320000,0,0
4322000,0,0
4324000,0,0
4326000,0,0
4328000,0,0
4330000,0,0
4332000,0,0
4334000,0,0
4336000,0,0
4338000,0,0
4340000,0,0
4342000,0,0
4344000,0,0
4346000,0,0
4348000,0,0
4350000,0,0
4352000,0,0
4354000,0,0
4356000,0,0
4358000,0,0
4360000,0,0
4362000,0,0
4364000,0,0
4366000,0,0
4368000,0,0
4370000,0,0
4372000,0,0
4374000,0,0
4376000,0,0
4378000,0,0
4380000,0,0
4382000,0,0
4384000,0,0
4386000,0,0
4388000,0,0
4390000,0,0
4392000,0,0
4394000,0,0
4396000,0,0
4398000,0,0
4400000,0,0
4402000,0,0
4404000,0,0
4406000,0,0
4408000,0,0
4410000,0,0
4412000,0,0
4414000,0,0
4416000,0,0
4418000,0,0
4420000,0,0
4422000,0,0
4424000,0,0
4426000,0,0
4428000,0,0
4430000,0,0
4432000,0,0
4434000,0,0
4436000,0,0
4438000,0,0
4440000,0,0
4442000,0,0
4444000,0,0
4446000,0,0
4448000,0,0
4450000,0,0
4452000,0,0
4454000,0,0
4456000,0,0
4458000,0,0
4460000,0,0
4462000,0,0
4464000,0,0
4466000,0,0
4468000,0,0
4470000,0,0
4472000,0,0
4474000,0,0
4476000,0,0
4478000,0,0
4480000,0,0
4482000,0,0
4484000,0,0
4486000,0,0
4488000,0,0
4490000,0,0
4492000,0,0
4494000,0,0
4496000,0,0
4498000,0,0
4500000,0,0
4502000,0,0
4504000,0,0
4506000,0,0
4508000,0,0
4510000,0,0
4512000,0,0
4514000,0,0
4516000,0,0
4518000,0,0
4520000,0,0
4522000,0,0
4524000,0,0
4526000,0,0
4528000,0,0
4530000,0,0
4532000,0,0
4534000,0,0
4536000,0,0
4538000,0,0
4540000,0,0
4542000,0,0
4544000,0,0
4546000,0,0
4548000,0,0
4550000,0,0
4552000,0,0
4554000,0,0
4556000,0,0
4558000,0,0
4560000,0,0
4562000,0,0
4564000,0,0
4566000,0,0
4568000,0,0
4570000,0,0
4572000,0,0
4574000,0,0
4576000,0,0
4578000,0,0
4580000,0,0
4582000,0,0
4584000,0,0
4586000,0,0
4588000,0,0
4590000,0,0
4592000,0,0
4594000,0,0
4596000,0,0
4598000,0,0
4600000,0,0
4602000,0,0
4604000,0,0
4606000,0,0
4608000,0,0
4610000,0,0
4612000,0,0
4614000,0,0
4616000,0,0
4618000,0,0
4620000,0,0
4622000,0,0
4624000,0,0
4626000,0,0
4628000,0,0
4630000,0,0
4632000,0,0
4634000,0,0
4636000,0,0
4638000,0,0
4640000,0,0
4642000,0,0
4644000,0,0
4646000,0,0
4648000,0,0
4650000,0,0
4652000,0,0
4654000,0,0
4656000,0,0
4658000,0,0
4660000,0,0
4662000,0,0
4664000,0,0
4666000,0,0
4668000,0,0
4670000,0,0
4672000,0,0
4674000,0,0
4676000,0,0
4678000,0,0
4680000,0,0
4682000,0,0
4684000,0,0
4686000,0,0
4688000,0,0
4690000,0,0
4692000,0,0
4694000,0,0
4696000,0,0
4698000,0,0
4700000,0,0
4702000,0,0
4704000,0,0
4706000,0,0
4708000,0,0
4710000,0,0
4712000,0,0
4714000,0,0
4716000,0,0
4718000,0,0
4720000,0,0
4722000,0,0
4724000,0,0
4726000,0,0
4728000,0,0
4730000,0,0
4732000,0,0
4734000,0,0
4736000,0,0
4738000,0,0
4740000,0,0
4742000,0,0
4744000,0,0
4746000,0,0
4748000,0,0
4750000,0,0
4752000,0,0
4754000,0,0
4756000,0,0
4758000,0,0
4760000,0,0
4762000,0,0
4764000,0,0
4766000,0,0
4768000,0,0
4770000,0,0
4772000,0,0
4774000,0,0
4776000,0,0
4778000,0,0
4780000,0,0
4782000,0,0
4784000,0,0
4786000,0,0
4788000,0,0
4790000,0,0
4792000,0,0
4794000,0,0
4796000,0,0
4798000,0,0
4800000,0,0
4802000,0,0
4804000,0,0
4806000,0,0
4808000,0,0
4810000,0,0
4812000,0,0
4814000,0,0
4816000,0,0
4818000,0,0
4820000,0,0
4822000,0,0
4824000,0,0
4826000,0,0
4828000,0,0
4830000,0,0
4832000,0,0
4834000,0,0
4836000,0,0
4838000,0,0
4840000,0,0
4842000,0,0
4844000,0,0
4846000,0,0
4848000,0,0
4850000,0,0
4852000,0,0
4854000,0,0
4856000,0,0
4858000,0,0
4860000,0,0
4862000,0,0
4864000,0,0
4866000,0,0
4868000,0,0
4870000,0,0
4872000,0,0
4874000,0,0
4876000,0,0
4878000,0,0
4880000,0,0
4882000,0,0
4884000,0,0
4886000,0,0
4888000,0,0
4890000,0,0
4892000,0,0
4894000,0,0
4896000,0,0
4898000,0,0
4900000,0,0
4902000,0,0
4904000,0,0
4906000,0,0
4908000,0,0
4910000,0,0
4912000,0,0
4914000,0,0
4916000,0,0
4918000,0,0
4920000,0,0
4922000,0,0
4924000,0,0
4926000,0,0
4928000,0,0
4930000,0,0
4932000,0,0
4934000,0,0
4936000,0,0
4938000,0,0
4940000,0,0
4942000,0,0
4944000,0,0
4946000,0,0
4948000,0,0
4950000,0,0
4952000,0,0
4954000,0,0
4956000,0,0
4958000,0,0
4960000,0,0
4962000,0,0
4964000,0,0
4966000,0,0
4968000,0,0
4970000,0,0
4972000,0,0
4974000,0,0
4976000,0,0
4978000,0,0
4980000,0,0
4982000,0,0
4984000,0,0
4986000,0,0
4988000,0,0
4990000,0,0
4992000,0,0
4994000,0,0
4996000,0,0
4998000,0,0
5000000,0,0
5002000,0,0
5004000,0,0
5006000,0,0
5008000,0,0
5010000,0,0
5012000,0,0
5014000,0,0
5016000,0,0
5018000,0,0
5020000,0,0
5022000,0,0
5024000,0,0
5026000,0,0
5028000,0,0
5030000,0,0
5032000,0,0
5034000,0,0
5036000,0,0
5038000,0,0
5040000,0,0
5042000,0,0
5044000,0,0
5046000,0,0
5048000,0,0
5050000,0,0
5052000,0,0
5054000,0,0
5056000,0,0
5058000,0,0
5060000,0,0
5062000,0,0
5064000,0,0
5066000,0,0
5068000,0,0
5070000,0,0
5072000,0,0
5074000,0,0
5076000,0,0
5078000,0,0
5080000,0,0
5082000,0,0
5084000,0,0
5086000,0,0
5088000,0,0
5090000,0,0
5092000,0,0
5094000,0,0
5096000,0,0
5098000,0,0
5100000,0,0
5102000,0,0
5104000,0,0
5106000,0,0
5108000,0,0
5110000,0,0
5112000,0,0
5114000,0,0
5116000,0,0
5118000,0,0
5120000,0,0
5122000,0,0
5124000,0,0
5126000,0,0
5128000,0,0
5130000,0,0
5132000,0,0
5134000,0,0
5136000,0,0
5138000,0,0
5140000,0,0
5142000,0,0
5144000,0,0
5146000,0,0
5148000,0,0
5150000,0,0
5152000,0,0
5154000,0,0
5156000,0,0
5158000,0,0
5160000,0,0
5162000,0,0
5164000,0,0
5166000,0,0
5168000,0,0
5170000,0,0
5172000,0,0
5174000,0,0
5176000,0,0
5178000,0,0
5180000,0,0
5182000,0,0
5184000,0,0
5186000,0,0
5188000,0,0
5190000,0,0
5192000,0,0
5194000,0,0
5196000,0,0
5198000,0,0
5200000,0,0
5202000,0,0
5204000,0,0
5206000,0,0
5208000,0,0
5210000,0,0
5212000,0,0
5214000,0,0
5216000,0,0
5218000,0,0
5220000,0,0
5222000,0,0
5224000,0,0
5226000,0,0
5228000,0,0
5230000,0,0
5232000,0,0
5234000,0,0
5236000,0,0
5238000,0,0
5240000,0,0
5242000,0,0
5244000,0,0
5246000,0,0
5248000,0,0
5250000,0,0
5252000,0,0
5254000,0,0
5256000,0,0
5258000,0,0
5260000,0,0
5262000,0,0
5264000,0,0
5266000,0,0
5268000,0,0
5270000,0,0
5272000,0,0
5274000,0,0
5276000,0,0
5278000,0,0
5280000,0,0
5282000,0,0
5284000,0,0
5286000,0,0
5288000,0,0
5290000,0,0
5292000,0,0
5294000,0,0
5296000,0,0
5298000,0,0
5300000,0,0
5302000,0,0
5304000,0,0
5306000,0,0
5308000,0,0
5310000,0,0
5312000,0,0
5314000,0,0
5316000,0,0
5318000,0,0
5320000,0,0
5322000,0,0
5324000,0,0
5326000,0,0
5328000,0,0
5330000,0,0
5332000,0,0
5334000,0,0
5336000,0,0
5338000,0,0
5340000,0,0
5342000,0,0
5344000,0,0
5346000,0,0
5348000,0,0
5350000,0,0
5352000,0,0
5354000,0,0
5356000,0,0
5358000,0,0
5360000,0,0
5362000,0,0
5364000,0,0
5366000,0,0
5368000,0,0
5370000,0,0
5372000,0,0
5374000,0,0
5376000,0,0
5378000,0,0
5380000,0,0
5382000,0,0
5384000,0,0
5386000,0,0
5388000,0,0
5390000,0,0
5392000,0,0
5394000,0,0
5396000,0,0
5398000,0,0
5400000,0,0
5402000,0,0
5404000,0,0
5406000,0,0
5408000,0,0
5410000,0,0
5412000,0,0
5414000,0,0
5416000,0,0
5418000,0,0
5420000,0,0
5422000,0,0
5424000,0,0
5426000,0,0
5428000,0,0
5430000,0,0
5432000,0,0
5434000,0,0
5436000,0,0
5438000,0,0
5440000,0,0
5442000,0,0
5444000,0,0
5446000,0,0
5448000,0,0
5450000,0,0
5452000,0,0
5454000,0,0
5456000,0,0
5458000,0,0
5460000,0,0
5462000,0,0
5464000,0,0
5466000,0,0
5468000,0,0
5470000,0,0
5472000,0,0
5474000,0,0
5476000,0,0
5478000,0,0
5480000,0,0
5482000,0,0
5484000,0,0
5486000,0,0
5488000,0,0
5490000,0,0
5492000,0,0
5494000,0,0
5496000,0,0
5498000,0,0
5500000,0,0
5502000,0,0
5504000,0,0
5506000,0,0
5508000,0,0
5510000,0,0
5512000,0,0
5514000,0,0
5516000,0,0
5518000,0,0
5520000,0,0
5522000,0,0
5524000,0,0
5526000,0,0
5528000,0,0
5530000,0,0
5532000,0,0
5534000,0,0
5536000,0,0
5538000,0,0
5540000,0,0
5542000,0,0
5544000,0,0
5546000,0,0
5548000,0,0
5550000,0,0
5552000,0,0
5554000,0,0
5556000,0,0
5558000,0,0
5560000,0,0
5562000,0,0
5564000,0,0
5566000,0,0
5568000,0,0
5570000,0,0
5572000,0,0
5574000,0,0
5576000,0,0
5578000,0,0
5580000,0,0
5582000,0,0
5584000,0,0
5586000,0,0
5588000,0,0
5590000,0,0
5592000,0,0
5594000,0,0
5596000,0,0
5598000,0,0
5600000,0,0
5602000,0,0
5604000,0,0
5606000,0,0
5608000,0,0
5610000,0,0
5612000,0,0
5614000,0,0
5616000,0,0
5618000,0,0
5620000,0,0
5622000,0,0
5624000,0,0
5626000,0,0
5628000,0,0
5630000,0,0
5632000,0,0
5634000,0,0
5636000,0,0
5638000,0,0
5640000,0,0
5642000,0,0
5644000,0,0
5646000,0,0
5648000,0,0
5650000,0,0
5652000,0,0
5654000,0,0
5656000,0,0
5658000,0,0
5660000,0,0
5662000,0,0
5664000,0,0
5666000,0,0
5668000,0,0
5670000,0,0
5672000,0,0
5674000,0,0
5676000,0,0
5678000,0,0
5680000,0,0
5682000,0,0
5684000,0,0
5686000,0,0
5688000,0,0
5690000,0,0
5692000,0,0
5694000,0,0
5696000,0,0
5698000,0,0
5700000,0,0
5702000,0,0
5704000,0,0
5706000,0,0
5708000,0,0
5710000,0,0
5712000,0,0
5714000,0,0
5716000,0,0
5718000,0,0
5720000,0,0
5722000,0,0
5724000,0,0
5726000,0,0
5728000,0,0
5730000,0,0
5732000,0,0
5734000,0,0
5736000,0,0
5738000,0,0
5740000,0,0
5742000,0,0
5744000,0,0
5746000,0,0
5748000,0,0
5750000,0,0
5752000,0,0
5754000,0,0
5756000,0,0
5758000,0,0
5760000,0,0
5762000,0,0
5764000,0,0
5766000,0,0
5768000,0,0
5770000,0,0
5772000,0,0
5774000,0,0
5776000,0,0
5778000,0,0
5780000,0,0
5782000,0,0
5784000,0,0
5786000,0,0
5788000,0,0
5790000,0,0
5792000,0,0
5794000,0,0
5796000,0,0
5798000,0,0
5800000,0,0
5802000,0,0
5804000,0,0
5806000,0,0
5808000,0,0
5810000,0,0
5812000,0,0
5814000,0,0
5816000,0,0
5818000,0,0
5820000,0,0
5822000,0,0
5824000,0,0
5826000,0,0
5828000,0,0
5830000,0,0
5832000,0,0
5834000,0,0
5836000,0,0
5838000,0,0
5840000,0,0
5842000,0,0
5844000,0,0
5846000,0,0
5848000,0,0
5850000,0,0
5852000,0,0
5854000,0,0
5856000,0,0
5858000,0,0
5860000,0,0
5862000,0,0
5864000,0,0
5866000,0,0
5868000,0,0
5870000,0,0
5872000,0,0
5874000,0,0
5876000,0,0
5878000,0,0
5880000,0,0
5882000,0,0
5884000,0,0
5886000,0,0
5888000,0,0
5890000,0,0
5892000,0,0
5894000,0,0
5896000,0,0
5898000,0,0
5900000,0,0
5902000,0,0
5904000,0,0
5906000,0,0
5908000,0,0
5910000,0,0
5912000,0,0
5914000,0,0
5916000,0,0
5918000,0,0
5920000,0,0
5922000,0,0
5924000,0,0
5926000,0,0
5928000,0,0
5930000,0,0
5932000,0,0
5934000,0,0
5936000,0,0
5938000,0,0
5940000,0,0
5942000,0,0
5944000,0,0
5946000,0,0
5948000,0,0
5950000,0,0
5952000,0,0
5954000,0,0
5956000,0,0
5958000,0,0
5960000,0,0
5962000,0,0
5964000,0,0
5966000,0,0
5968000,0,0
5970000,0,0
5972000,0,0
5974000,0,0
5976000,0,0
5978000,0,0
5980000,0,0
5982000,0,0
5984000,0,0
5986000,0,0
5988000,0,0
5990000,0,0
5992000,0,0
5994000,0,0
5996000,0,0
5998000,0,0
6000000,0,0
6002000,0,0
6004000,0,0
6006000,0,0
6008000,0,0
6010000,0,0
6012000,0,0
6014000,0,0
6016000,0,0
6018000,0,0
6020000,0,0
6022000,0,0
6024000,0,0
6026000,0,0
6028000,0,0
6030000,0,0
6032000,0,0
6034000,0,0
6036000,0,0
6038000,0,0
6040000,0,0
6042000,0,0
6044000,0,0
6046000,0,0
6048000,0,0
6050000,0,0
6052000,0,0
6054000,0,0
6056000,0,0
6058000,0,0
6060000,0,0
6062000,0,0
6064000,0,0
6066000,0,0
6068000,0,0
6070000,0,0
6072000,0,0
6074000,0,0
6076000,0,0
6078000,0,0
6080000,0,0
6082000,0,0
6084000,0,0
6086000,0,0
6088000,0,0
6090000,0,0
6092000,0,0
6094000,0,0
6096000,0,0
6098000,0,0
6100000,0,0
6102000,0,0
6104000,0,0
6106000,0,0
6108000,0,0
6110000,0,0
6112000,0,0
6114000,0,0
6116000,0,0
6118000,0,0
6120000,0,0
6122000,0,0
6124000,0,0
6126000,0,0
6128000,0,0
6130000,0,0
6132000,0,0
6134000,0,0
6136000,0,0
6138000,0,0
6140000,0,0
6142000,0,0
6144000,0,0
6146000,0,0
6148000,0,0
6150000,0,0
6152000,0,0
6154000,0,0
6156000,0,0
6158000,0,0
6160000,0,0
6162000,0,0
6164000,0,0
6166000,0,0
6168000,0,0
6170000,0,0
6172000,0,0
6174000,0,0
6176000,0,0
6178000,0,0
6180000,0,0
6182000,0,0
6184000,0,0
6186000,0,0
6188000,0,0
6190000,0,0
6192000,0,0
6194000,0,0
6196000,0,0
6198000,0,0
6200000,0,0
6202000,0,0
6204000,0,0
6206000,0,0
6208000,0,0
6210000,0,0
6212000,0,0
6214000,0,0
6216000,0,0
6218000,0,0
6220000,0,0
6222000,0,0
6224000,0,0
6226000,0,0
6228000,0,0
6230000,0,0
6232000,0,0
6234000,0,0
6236000,0,0
6238000,0,0
6240000,0,0
6242000,0,0
6244000,0,0
6246000,0,0
6248000,0,0
6250000,0,0
6252000,0,0
6254000,0,0
6256000,0,0
6258000,0,0
6260000,0,0
6262000,0,0
6264000,0,0
6266000,0,0
6268000,0,0
6270000,0,0
6272000,0,0
6274000,0,0
6276000,0,0
6278000,0,0
6280000,0,0
6282000,0,0
6284000,0,0
6286000,0,0
6288000,0,0
6290000,0,0
6292000,0,0
6294000,0,0
6296000,0,0
6298000,0,0
6300000,0,0
6302000,0,0
6304000,0,0
6306000,0,0
6308000,0,0
6310000,0,0
6312000,0,0
6314000,0,0
6316000,0,0
6318000,0,0
6320000,0,0
6322000,0,0
6324000,0,0
6326000,0,0
6328000,0,0
6330000,0,0
6332000,0,0
6334000,0,0
6336000,0,0
6338000,0,0
6340000,0,0
6342000,0,0
6344000,0,0
6346000,0,0
6348000,0,0
6350000,0,0
6352000,0,0
6354000,0,0
6356000,0,0
6358000,0,0
6360000,0,0
6362000,0,0
6364000,0,0
6366000,0,0
6368000,0,0
6370000,0,0
6372000,0,0
6374000,0,0
6376000,0,0
6378000,0,0
6380000,0,0
6382000,0,0
6384000,0,0
6386000,0,0
6388000,0,0
6390000,0,0
6392000,0,0
6394000,0,0
6396000,0,0
6398000,0,0
6400000,0,0
6402000,0,0
6404000,0,0
6406000,0,0
6408000,0,0
6410000,0,0
6412000,0,0
6414000,0,0
6416000,0,0
6418000,0,0
6420000,0,0
6422000,0,0
6424000,0,0
6426000,0,0
6428000,0,0
6430000,0,0
6432000,0,0
6434000,0,0
6436000,0,0
6438000,0,0
6440000,0,0
6442000,0,0
6444000,0,0
6446000,0,0
6448000,0,0
6450000,0,0
6452000,0,0
6454000,0,0
6456000,0,0
6458000,0,0
6460000,0,0
6462000,0,0
6464000,0,0
6466000,0,0
6468000,0,0
6470000,0,0
6472000,0,0
6474000,0,0
6476000,0,0
6478000,0,0
6480000,0,0
6482000,0,0
6484000,0,0
6486000,0,0
6488000,0,0
6490000,0,0
6492000,0,0
6494000,0,0
6496000,0,0
6498000,0,0
6500000,0,0
6502000,0,0
6504000,0,0
6506000,0,0
6508000,0,0
6510000,0,0
6512000,0,0
6514000,0,0
6516000,0,0
6518000,0,0
6520000,0,0
6522000,0,0
6524000,0,0
6526000,0,0
6528000,0,0
6530000,0,0
6532000,0,0
6534000,0,0
6536000,0,0
6538000,0,0
6540000,0,0
6542000,0,0
6544000,0,0
6546000,0,0
6548000,0,0
6550000,0,0
6552000,0,0
6554000,0,0
6556000,0,0
6558000,0,0
6560000,0,0
6562000,0,0
6564000,0,0
6566000,0,0
6568000,0,0
6570000,0,0
6572000,0,0
6574000,0,0
6576000,0,0
6578000,0,0
6580000,0,0
6582000,0,0
6584000,0,0
6586000,0,0
6588000,0,0
6590000,0,0
6592000,0,0
6594000,0,0
6596000,0,0
6598000,0,0
6600000,0,0
6602000,0,0
6604000,0,0
6606000,0,0
6608000,0,0
6610000,0,0
6612000,0,0
6614000,0,0
6616000,0,0
6618000,0,0
6620000,0,0
6622000,0,0
6624000,0,0
6626000,0,0
6628000,0,0
6630000,0,0
6632000,0,0
6634000,0,0
6636000,0,0
6638000,0,0
6640000,0,0
6642000,0,0
6644000,0,0
6646000,0,0
6648000,0,0
6650000,0,0
6652000,0,0
6654000,0,0
6656000,0,0
6658000,0,0
6660000,0,0
6662000,0,0
6664000,0,0
6666000,0,0
6668000,0,0
6670000,0,0
6672000,0,0
6674000,0,0
6676000,0,0
6678000,0,0
6680000,0,0
6682000,0,0
6684000,0,0
6686000,0,0
6688000,0,0
6690000,0,0
6692000,0,0
6694000,0,0
6696000,0,0
6698000,0,0
6700000,0,0
6702000,0,0
6704000,0,0
6706000,0,0
6708000,0,0
6710000,0,0
6712000,0,0
6714000,0,0
6716000,0,0
6718000,0,0
6720000,0,0
6722000,0,0
6724000,0,0
6726000,0,0
6728000,0,0
6730000,0,0
6732000,0,0
6734000,0,0
6736000,0,0
6738000,0,0
6740000,0,0
6742000,0,0
6744000,0,0
6746000,0,0
6748000,0,0
6750000,0,0
6752000,0,0
6754000,0,0
6756000,0,0
6758000,0,0
6760000,0,0
6762000,0,0
6764000,0,0
6766000,0,0
6768000,0,0
6770000,0,0
6772000,0,0
6774000,0,0
6776000,0,0
6778000,0,0
6780000,0,0
6782000,0,0
6784000,0,0
6786000,0,0
6788000,0,0
6790000,0,0
6792000,0,0
6794000,0,0
6796000,0,0
6798000,0,0
6800000,0,0
6802000,0,0
6804000,0,0
6806000,0,0
6808000,0,0
6810000,0,0
6812000,0,0
6814000,0,0
6816000,0,0
6818000,0,0
6820000,0,0
6822000,0,0
6824000,0,0
6826000,0,0
6828000,0,0
6830000,0,0
6832000,0,0
6834000,0,0
6836000,0,0
6838000,0,0
6840000,0,0
6842000,0,0
6844000,0,0
6846000,0,0
6848000,0,0
6850000,0,0
6852000,0,0
6854000,0,0
6856000,0,0
6858000,0,0
6860000,0,0
6862000,0,0
6864000,0,0
6866000,0,0
6868000,0,0
6870000,0,0
6872000,0,0
6874000,0,0
6876000,0,0
6878000,0,0
6880000,0,0
6882000,0,0
6884000,0,0
6886000,0,0
6888000,0,0
6890000,0,0
6892000,0,0
6894000,0,0
6896000,0,0
6898000,0,0
6900000,0,0
6902000,0,0
6904000,0,0
6906000,0,0
6908000,0,0
6910000,0,0
6912000,0,0
6914000,0,0
6916000,0,0
6918000,0,0
6920000,0,0
6922000,0,0
6924000,0,0
6926000,0,0
6928000,0,0
6930000,0,0
6932000,0,0
6934000,0,0
6936000,0,0
6938000,0,0
6940000,0,0
6942000,0,0
6944000,0,0
6946000,0,0
6948000,0,0
6950000,0,0
6952000,0,0
6954000,0,0
6956000,0,0
6958000,0,0
6960000,0,0
6962000,0,0
6964000,0,0
6966000,0,0
6968000,0,0
6970000,0,0
6972000,0,0
6974000,0,0
6976000,0,0
6978000,0,0
6980000,0,0
6982000,0,0
6984000,0,0
6986000,0,0
6988000,0,0
6990000,0,0
6992000,0,0
6994000,0,0
6996000,0,0
6998000,0,0
7000000,0,0
7002000,0,0
7004000,0,0
7006000,0,0
7008000,0,0
7010000,0,0
7012000,0,0
7014000,0,0
7016000,0,0
7018000,0,0
7020000,0,0
7022000,0,0
7024000,0,0
7026000,0,0
7028000,0,0
7030000,0,0
7032000,0,0
7034000,0,0
7036000,0,0
7038000,0,0
7040000,0,0
7042000,0,0
7044000,0,0
7046000,0,0
7048000,0,0
7050000,0,0
7052000,0,0
7054000,0,0
7056000,0,0
7058000,0,0
7060000,0,0
7062000,0,0
7064000,0,0
7066000,0,0
7068000,0,0
7070000,0,0
7072000,0,0
7074000,0,0
7076000,0,0
7078000,0,0
7080000,0,0
7082000,0,0
7084000,0,0
7086000,0,0
7088000,0,0
7090000,0,0
7092000,0,0
7094000,0,0
7096000,0,0
7098000,0,0
7100000,0,0
7102000,0,0
7104000,0,0
7106000,0,0
7108000,0,0
7110000,0,0
7112000,0,0
7114000,0,0
7116000,0,0
7118000,0,0
7120000,0,0
7122000,0,0
7124000,0,0
7126000,0,0
7128000,0,0
7130000,0,0
7132000,0,0
7134000,0,0
7136000,0,0
7138000,0,0
7140000,0,0
7142000,0,0
7144000,0,0
7146000,0,0
7148000,0,0
7150000,0,0
7152000,0,0
7154000,0,0
7156000,0,0
7158000,0,0
7160000,0,0
7162000,0,0
7164000,0,0
7166000,0,0
7168000,0,0
7170000,0,0
7172000,0,0
7174000,0,0
7176000,0,0
7178000,0,0
7180000,0,0
7182000,0,0
7184000,0,0
7186000,0,0
7188000,0,0
7190000,0,0
7192000,0,0
7194000,0,0
7196000,0,0
7198000,0,0
7200000,0,0
7202000,0,0
7204000,0,0
7206000,0,0
7208000,0,0
7210000,0,0
7212000,0,0
7214000,0,0
7216000,0,0
7218000,0,0
7220000,0,0
7222000,0,0
7224000,0,0
7226000,0,0
7228000,0,0
7230000,0,0
7232000,0,0
7234000,0,0
7236000,0,0
7238000,0,0
7240000,0,0
7242000,0,0
7244000,0,0
7246000,0,0
7248000,0,0
7250000,0,0
7252000,0,0
7254000,0,0
7256000,0,0
7258000,0,0
7260000,0,0
7262000,0,0
7264000,0,0
7266000,0,0
7268000,0,0
7270000,0,0
7272000,0,0
7274000,0,0
7276000,0,0
7278000,0,0
7280000,0,0
7282000,0,0
7284000,0,0
7286000,0,0
7288000,0,0
7290000,0,0
7292000,0,0
7294000,0,0
7296000,0,0
7298000,0,0
7300000,0,0
7302000,0,0
7304000,0,0
7306000,0,0
7308000,0,0
7310000,0,0
7312000,0,0
7314000,0,0
7316000,0,0
7318000,0,0
7320000,0,0
7322000,0,0
7324000,0,0
7326000,0,0
7328000,0,0
7330000,0,0
7332000,0,0
7334000,0,0
7336000,0,0
7338000,0,0
7340000,0,0
7342000,0,0
7344000,0,0
7346000,0,0
7348000,0,0
7350000,0,0
7352000,0,0
7354000,0,0
7356000,0,0
7358000,0,0
7360000,0,0
7362000,0,0
7364000,0,0
7366000,0,0
7368000,0,0
7370000,0,0
7372000,0,0
7374000,0,0
7376000,0,0
7378000,0,0
7380000,0,0
7382000,0,0
7384000,0,0
7386000,0,0
7388000,0,0
7390000,0,0
7392000,0,0
7394000,0,0
7396000,0,0
7398000,0,0
7400000,0,0
7402000,0,0
7404000,0,0
7406000,0,0
7408000,0,0
7410000,0,0
7412000,0,0
7414000,0,0
7416000,0,0
7418000,0,0
7420000,0,0
7422000,0,0
7424000,0,0
7426000,0,0
7428000,0,0
7430000,0,0
7432000,0,0
7434000,0,0
7436000,0,0
7438000,0,0
7440000,0,0
7442000,0,0
7444000,0,0
7446000,0,0
7448000,0,0
7450000,0,0
7452000,0,0
7454000,0,0
7456000,0,0
7458000,0,0
7460000,0,0
7462000,0,0
7464000,0,0
7466000,0,0
7468000,0,0
7470000,0,0
7472000,0,0
7474000,0,0
7476000,0,0
7478000,0,0
7480000,0,0
7482000,0,0
7484000,0,0
7486000,0,0
7488000,0,0
7490000,0,0
7492000,0,0
7494000,0,0
7496000,0,0
7498000,0,0
7500000,0,0
7502000,0,0
7504000,0,0
7506000,0,0
7508000,0,0
7510000,0,0
7512000,0,0
7514000,0,0
7516000,0,0
7518000,0,0
7520000,0,0
7522000,0,0
7524000,0,0
7526000,0,0
7528000,0,0
7530000,0,0
7532000,0,0
7534000,0,0
7536000,0,0
7538000,0,0
7540000,0,0
7542000,0,0
7544000,0,0
7546000,0,0
7548000,0,0
7550000,0,0
7552000,0,0
7554000,0,0
7556000,0,0
7558000,0,0
7560000,0,0
7562000,0,0
7564000,0,0
7566000,0,0
7568000,0,0
7570000,0,0
7572000,0,0
7574000,0,0
7576000,0,0
7578000,0,0
7580000,0,0
7582000,0,0
7584000,0,0
7586000,0,0
7588000,0,0
7590000,0,0
7592000,0,0
7594000,0,0
7596000,0,0
7598000,0,0
7600000,0,0
7602000,0,0
7604000,0,0
7606000,0,0
7608000,0,0
7610000,0,0
7612000,0,0
7614000,0,0
7616000,0,0
7618000,0,0
7620000,0,0
7622000,0,0
7624000,0,0
7626000,0,0
7628000,0,0
7630000,0,0
7632000,0,0
7634000,0,0
7636000,0,0
7638000,0,0
7640000,0,0
7642000,0,0
7644000,0,0
7646000,0,0
7648000,0,0
7650000,0,0
7652000,0,0
7654000,0,0
7656000,0,0
7658000,0,0
7660000,0,0
7662000,0,0
7664000,0,0
7666000,0,0
7668000,0,0
7670000,0,0
7672000,0,0
7674000,0,0
7676000,0,0
7678000,0,0
7680000,0,0
7682000,0,0
7684000,0,0
7686000,0,0
7688000,0,0
7690000,0,0
7692000,0,0
7694000,0,0
7696000,0,0
7698000,0,0
7700000,0,0
7702000,0,0
7704000,0,0
7706000,0,0
7708000,0,0
7710000,0,0
7712000,0,0
7714000,0,0
7716000,0,0
7718000,0,0
7720000,0,0
7722000,0,0
7724000,0,0
7726000,0,0
7728000,0,0
7730000,0,0
7732000,0,0
7734000,0,0
7736000,0,0
7738000,0,0
7740000,0,0
7742000,0,0
7744000,0,0
7746000,0,0
7748000,0,0
7750000,0,0
7752000,0,0
7754000,0,0
7756000,0,0
7758000,0,0
7760000,0,0
7762000,0,0
7764000,0,0
7766000,0,0
7768000,0,0
7770000,0,0
7772000,0,0
7774000,0,0
7776000,0,0
7778000,0,0
7780000,0,0
7782000,0,0
7784000,0,0
7786000,0,0
7788000,0,0
7790000,0,0
7792000,0,0
7794000,0,0
7796000,0,0
7798000,0,0
7800000,0,0
7802000,0,0
7804000,0,0
7806000,0,0
7808000,0,0
7810000,0,0
7812000,0,0
7814000,0,0
7816000,0,0
7818000,0,0
7820000,0,0
7822000,0,0
7824000,0,0
7826000,0,0
7828000,0,0
7830000,0,0
7832000,0,0
7834000,0,0
7836000,0,0
7838000,0,0
7840000,0,0
7842000,0,0
7844000,0,0
7846000,0,0
7848000,0,0
7850000,0,0
7852000,0,0
7854000,0,0
7856000,0,0
7858000,0,0
7860000,0,0
7862000,0,0
7864000,0,0
7866000,0,0
7868000,0,0
7870000,0,0
7872000,0,0
7874000,0,0
7876000,0,0
7878000,0,0
7880000,0,0
7882000,0,0
7884000,0,0
7886000,0,0
7888000,0,0
7890000,0,0
7892000,0,0
7894000,0,0
7896000,0,0
7898000,0,0
7900000,0,0
7902000,0,0
7904000,0,0
7906000,0,0
7908000,0,0
7910000,0,0
7912000,0,0
7914000,0,0
7916000,0,0
7918000,0,0
7920000,0,0
7922000,0,0
7924000,0,0
7926000,0,0
7928000,0,0
7930000,0,0
7932000,0,0
7934000,0,0
7936000,0,0
7938000,0,0
7940000,0,0
7942000,0,0
7944000,0,0
7946000,0,0
7948000,0,0
7950000,0,0
7952000,0,0
7954000,0,0
7956000,0,0
7958000,0,0
7960000,0,0
7962000,0,0
7964000,0,0
7966000,0,0
7968000,0,0
7970000,0,0
7972000,0,0
7974000,0,0
7976000,0,0
7978000,0,0
7980000,0,0
7982000,0,0
7984000,0,0
7986000,0,0
7988000,0,0
7990000,0,0
7992000,0,0
7994000,0,0
7996000,0,0
7998000,0,0
8000000,0,0
8002000,0,0
8004000,0,0
8006000,0,0
8008000,0,0
8010000,0,0
8012000,0,0
8014000,0,0
8016000,0,0
8018000,0,0
8020000,0,0
8022000,0,0
8024000,0,0
8026000,0,0
8028000,0,0
8030000,0,0
8032000,0,0
8034000,0,0
8036000,0,0
8038000,0,0
8040000,0,0
8042000,0,0
8044000,0,0
8046000,0,0
8048000,0,0
8050000,0,0
8052000,0,0
8054000,0,0
8056000,0,0
8058000,0,0
8060000,0,0
8062000,0,0
8064000,0,0
8066000,0,0
8068000,0,0
8070000,0,0
8072000,0,0
8074000,0,0
8076000,0,0
8078000,0,0
8080000,0,0
8082000,0,0
8084000,0,0
8086000,0,0
8088000,0,0
8090000,0,0
8092000,0,0
8094000,0,0
8096000,0,0
8098000,0,0
8100000,0,0
8102000,0,0
8104000,0,0
8106000,0,0
8108000,0,0
8110000,0,0
8112000,0,0
8114000,0,0
8116000,0,0
8118000,0,0
8120000,0,0
8122000,0,0
8124000,0,0
8126000,0,0
8128000,0,0
8130000,0,0
8132000,0,0
8134000,0,0
8136000,0,0
8138000,0,0
8140000,0,0
8142000,0,0
8144000,0,0
8146000,0,0
8148000,0,0
8150000,0,0
8152000,0,0
8154000,0,0
8156000,0,0
8158000,0,0
8160000,0,0
8162000,0,0
8164000,0,0
8166000,0,0
8168000,0,0
8170000,0,0
8172000,0,0
8174000,0,0
8176000,0,0
8178000,0,0
8180000,0,0
8182000,0,0
8184000,0,0
8186000,0,0
8188000,0,0
8190000,0,0
8192000,0,0
8194000,0,0
8196000,0,0
8198000,0,0
8200000,0,0
8202000,0,0
8204000,0,0
8206000,0,0
8208000,0,0
8210000,0,0
8212000,0,0
8214000,0,0
8216000,0,0
8218000,0,0
8220000,0,0
8222000,0,0
8224000,0,0
8226000,0,0
8228000,0,0
8230000,0,0
8232000,0,0
8234000,0,0
8236000,0,0
8238000,0,0
8240000,0,0
8242000,0,0
8244000,0,0
8246000,0,0
8248000,0,0
8250000,0,0
8252000,0,0
8254000,0,0
8256000,0,0
8258000,0,0
8260000,0,0
8262000,0,0
8264000,0,0
8266000,0,0
8268000,0,0
8270000,0,0
8272000,0,0
8274000,0,0
8276000,0,0
8278000,0,0
8280000,0,0
8282000,0,0
8284000,0,0
8286000,0,0
8288000,0,0
8290000,0,0
8292000,0,0
8294000,0,0
8296000,0,0
8298000,0,0
8300000,0,0
8302000,0,0
8304000,0,0
8306000,0,0
8308000,0,0
8310000,0,0
8312000,0,0
8314000,0,0
8316000,0,0
8318000,0,0
8320000,0,0
8322000,0,0
8324000,0,0
8326000,0,0
8328000,0,0
8330000,0,0
8332000,0,0
8334000,0,0
8336000,0,0
8338000,0,0
8340000,0,0
8342000,0,0
8344000,0,0
8346000,0,0
8348000,0,0
8350000,0,0
8352000,0,0
8354000,0,0
8356000,0,0
8358000,0,0
8360000,0,0
8362000,0,0
8364000,0,0
8366000,0,0
8368000,0,0
8370000,0,0
8372000,0,0
8374000,0,0
8376000,0,0
8378000,0,0
8380000,0,0
8382000,0,0
8384000,0,0
8386000,0,0
8388000,0,0
8390000,0,0
8392000,0,0
8394000,0,0
8396000,0,0
8398000,0,0
8400000,0,0
8402000,0,0
8404000,0,0
8406000,0,0
8408000,0,0
8410000,0,0
8412000,0,0
8414000,0,0
8416000,0,0
8418000,0,0
8420000,0,0
8422000,0,0
8424000,0,0
8426000,0,0
8428000,0,0
8430000,0,0
8432000,0,0
8434000,0,0
8436000,0,0
8438000,0,0
8440000,0,0
8442000,0,0
8444000,0,0
8446000,0,0
8448000,0,0
8450000,0,0
8452000,0,0
8454000,0,0
8456000,0,0
8458000,0,0
8460000,0,0
8462000,0,0
8464000,0,0
8466000,0,0
8468000,0,0
8470000,0,0
8472000,0,0
8474000,0,0
8476000,0,0
8478000,0,0
8480000,0,0
8482000,0,0
8484000,0,0
8486000,0,0
8488000,0,0
8490000,0,0
8492000,0,0
8494000,0,0
8496000,0,0
8498000,0,0
8500000,0,0
8502000,0,0
8504000,0,0
8506000,0,0
8508000,0,0
8510000,0,0
8512000,0,0
8514000,0,0
8516000,0,0
8518000,0,0
8520000,0,0
8522000,0,0
8524000,0,0
8526000,0,0
8528000,0,0
8530000,0,0
8532000,0,0
8534000,0,0
8536000,0,0
8538000,0,0
8540000,0,0
8542000,0,0
8544000,0,0
8546000,0,0
8548000,0,0
8550000,0,0
8552000,0,0
8554000,0,0
8556000,0,0
8558000,0,0
8560000,0,0
8562000,0,0
8564000,0,0
8566000,0,0
8568000,0,0
8570000,0,0
8572000,0,0
8574000,0,0
8576000,0,0
8578000,0,0
8580000,0,0
8582000,0,0
8584000,0,0
8586000,0,0
8588000,0,0
8590000,0,0
8592000,0,0
8594000,0,0
8596000,0,0
8598000,0,0
8600000,0,0
8602000,0,0
8604000,0,0
8606000,0,0
8608000,0,0
8610000,0,0
8612000,0,0
8614000,0,0
8616000,0,0
8618000,0,0
8620000,0,0
8622000,0,0
8624000,0,0
8626000,0,0
8628000,0,0
8630000,0,0
8632000,0,0
8634000,0,0
8636000,0,0
8638000,0,0
8640000,0,0
8642000,0,0
8644000,0,0
8646000,0,0
8648000,0,0
8650000,0,0
8652000,0,0
8654000,0,0
8656000,0,0
8658000,0,0
8660000,0,0
8662000,0,0
8664000,0,0
8666000,0,0
8668000,0,0
8670000,0,0
8672000,0,0
8674000,0,0
8676000,0,0
8678000,0,0
8680000,0,0
8682000,0,0
8684000,0,0
8686000,0,0
8688000,0,0
8690000,0,0
8692000,0,0
8694000,0,0
8696000,0,0
8698000,0,0
8700000,0,0
8702000,0,0
8704000,0,0
8706000,0,0
8708000,0,0
8710000,0,0
8712000,0,0
8714000,0,0
8716000,0,0
8718000,0,0
8720000,0,0
8722000,0,0
8724000,0,0
8726000,0,0
8728000,0,0
8730000,0,0
8732000,0,0
8734000,0,0
8736000,0,0
8738000,0,0
8740000,0,0
8742000,0,0
8744000,0,0
8746000,0,0
8748000,0,0
8750000,0,0
8752000,0,0
8754000,0,0
8756000,0,0
8758000,0,0
8760000,0,0
8762000,0,0
8764000,0,0
8766000,0,0
8768000,0,0
8770000,0,0
8772000,0,0
8774000,0,0
8776000,0,0
8778000,0,0
8780000,0,0
8782000,0,0
8784000,0,0
8786000,0,0
8788000,0,0
8790000,0,0
8792000,0,0
8794000,0,0
8796000,0,0
8798000,0,0
8800000,0,0
8802000,0,0
8804000,0,0
8806000,0,0
8808000,0,0
8810000,0,0
8812000,0,0
8814000,0,0
8816000,0,0
8818000,0,0
8820000,0,0
8822000,0,0
8824000,0,0
8826000,0,0
8828000,0,0
8830000,0,0
8832000,0,0
8834000,0,0
8836000,0,0
8838000,0,0
8840000,0,0
8842000,0,0
8844000,0,0
8846000,0,0
8848000,0,0
8850000,0,0
8852000,0,0
8854000,0,0
8856000,0,0
8858000,0,0
8860000,0,0
8862000,0,0
8864000,0,0
8866000,0,0
8868000,0,0
8870000,0,0
8872000,0,0
8874000,0,0
8876000,0,0
8878000,0,0
8880000,0,0
8882000,0,0
8884000,0,0
8886000,0,0
8888000,0,0
8890000,0,0
8892000,0,0
8894000,0,0
8896000,0,0
8898000,0,0
8900000,0,0
8902000,0,0
8904000,0,0
8906000,0,0
8908000,0,0
8910000,0,0
8912000,0,0
8914000,0,0
8916000,0,0
8918000,0,0
8920000,0,0
8922000,0,0
8924000,0,0
8926000,0,0
8928000,0,0
8930000,0,0
8932000,0,0
8934000,0,0
8936000,0,0
8938000,0,0
8940000,0,0
8942000,0,0
8944000,0,0
8946000,0,0
8948000,0,0
8950000,0,0
8952000,0,0
8954000,0,0
8956000,0,0
8958000,0,0
8960000,0,0
8962000,0,0
8964000,0,0
8966000,0,0
8968000,0,0
8970000,0,0
8972000,0,0
8974000,0,0
8976000,0,0
8978000,0,0
8980000,0,0
8982000,0,0
8984000,0,0
8986000,0,0
8988000,0,0
8990000,0,0
8992000,0,0
8994000,0,0
8996000,0,0
8998000,0,0
9000000,0,0
9002000,0,0
9004000,0,0
9006000,0,0
9008000,0,0
9010000,0,0
9012000,0,0
9014000,0,0
9016000,0,0
9018000,0,0
9020000,0,0
9022000,0,0
9024000,0,0
9026000,0,0
9028000,0,0
9030000,0,0
9032000,0,0
9034000,0,0
9036000,0,0
9038000,0,0
9040000,0,0
9042000,0,0
9044000,0,0
9046000,0,0
9048000,0,0
9050000,0,0
9052000,0,0
9054000,0,0
9056000,0,0
9058000,0,0
9060000,0,0
9062000,0,0
9064000,0,0
9066000,0,0
9068000,0,0
9070000,0,0
9072000,0,0
9074000,0,0
9076000,0,0
9078000,0,0
9080000,0,0
9082000,0,0
9084000,0,0
9086000,0,0
9088000,0,0
9090000,0,0
9092000,0,0
9094000,0,0
9096000,0,0
9098000,0,0
9100000,0,0
9102000,0,0
9104000,0,0
9106000,0,0
9108000,0,0
9110000,0,0
9112000,0,0
9114000,0,0
9116000,0,0
9118000,0,0
9120000,0,0
9122000,0,0
9124000,0,0
9126000,0,0
9128000,0,0
9130000,0,0
9132000,0,0
9134000,0,0
9136000,0,0
9138000,0,0
9140000,0,0
9142000,0,0
9144000,0,0
9146000,0,0
9148000,0,0
9150000,0,0
9152000,0,0
9154000,0,0
9156000,0,0
9158000,0,0
9160000,0,0
9162000,0,0
9164000,0,0
9166000,0,0
9168000,0,0
9170000,0,0
9172000,0,0
9174000,0,0
9176000,0,0
9178000,0,0
9180000,0,0
9182000,0,0
9184000,0,0
9186000,0,0
9188000,0,0
9190000,0,0
9192000,0,0
9194000,0,0
9196000,0,0
9198000,0,0
9200000,0,0
9202000,0,0
9204000,0,0
9206000,0,0
9208000,0,0
9210000,0,0
9212000,0,0
9214000,0,0
9216000,0,0
9218000,0,0
9220000,0,0
9222000,0,0
9224000,0,0
9226000,0,0
9228000,0,0
9230000,0,0
9232000,0,0
9234000,0,0
9236000,0,0
9238000,0,0
9240000,0,0
9242000,0,0
9244000,0,0
9246000,0,0
9248000,0,0
9250000,0,0
9252000,0,0
9254000,0,0
9256000,0,0
9258000,0,0
9260000,0,0
9262000,0,0
9264000,0,0
9266000,0,0
9268000,0,0
9270000,0,0
9272000,0,0
9274000,0,0
9276000,0,0
9278000,0,0
9280000,0,0
9282000,0,0
9284000,0,0
9286000,0,0
9288000,0,0
9290000,0,0
9292000,0,0
9294000,0,0
9296000,0,0
9298000,0,0
9300000,0,0
9302000,0,0
9304000,0,0
9306000,0,0
9308000,0,0
9310000,0,0
9312000,0,0
9314000,0,0
9316000,0,0
9318000,0,0
9320000,0,0
9322000,0,0
9324000,0,0
9326000,0,0
9328000,0,0
9330000,0,0
9332000,0,0
9334000,0,0
9336000,0,0
9338000,0,0
9340000,0,0
9342000,0,0
9344000,0,0
9346000,0,0
9348000,0,0
9350000,0,0
9352000,0,0
9354000,0,0
9356000,0,0
9358000,0,0
9360000,0,0
9362000,0,0
9364000,0,0
9366000,0,0
9368000,0,0
9370000,0,0
9372000,0,0
9374000,0,0
9376000,0,0
9378000,0,0
9380000,0,0
9382000,0,0
9384000,0,0
9386000,0,0
9388000,0,0
9390000,0,0
9392000,0,0
9394000,0,0
9396000,0,0
9398000,0,0
9400000,0,0
9402000,0,0
9404000,0,0
9406000,0,0
9408000,0,0
9410000,0,0
9412000,0,0
9414000,0,0
9416000,0,0
9418000,0,0
9420000,0,0
9422000,0,0
9424000,0,0
9426000,0,0
9428000,0,0
9430000,0,0
9432000,0,0
9434000,0,0
9436000,0,0
9438000,0,0
9440000,0,0
9442000,0,0
9444000,0,0
9446000,0,0
9448000,0,0
9450000,0,0
9452000,0,0
9454000,0,0
9456000,0,0
9458000,0,0
9460000,0,0
9462000,0,0
9464000,0,0
9466000,0,0
9468000,0,0
9470000,0,0
9472000,0,0
9474000,0,0
9476000,0,0
9478000,0,0
9480000,0,0
9482000,0,0
9484000,0,0
9486000,0,0
9488000,0,0
9490000,0,0
9492000,0,0
9494000,0,0
9496000,0,0
9498000,0,0
9500000,0,0
9502000,0,0
9504000,0,0
9506000,0,0
9508000,0,0
9510000,0,0
9512000,0,0
9514000,0,0
9516000,0,0
9518000,0,0
9520000,0,0
9522000,0,0
9524000,0,0
9526000,0,0
9528000,0,0
9530000,0,0
9532000,0,0
9534000,0,0
9536000,0,0
9538000,0,0
9540000,0,0
9542000,0,0
9544000,0,0
9546000,0,0
9548000,0,0
9550000,0,0
9552000,0,0
9554000,0,0
9556000,0,0
9558000,0,0
9560000,0,0
9562000,0,0
9564000,0,0
9566000,0,0
9568000,0,0
9570000,0,0
9572000,0,0
9574000,0,0
9576000,0,0
9578000,0,0
9580000,0,0
9582000,0,0
9584000,0,0
9586000,0,0
9588000,0,0
9590000,0,0
9592000,0,0
9594000,0,0
9596000,0,0
9598000,0,0
9600000,0,0
9602000,0,0
9604000,0,0
9606000,0,0
9608000,0,0
9610000,0,0
9612000,0,0
9614000,0,0
9616000,0,0
9618000,0,0
9620000,0,0
9622000,0,0
9624000,0,0
9626000,0,0
9628000,0,0
9630000,0,0
9632000,0,0
9634000,0,0
9636000,0,0
9638000,0,0
9640000,0,0
9642000,0,0
9644000,0,0
9646000,0,0
9648000,0,0
9650000,0,0
9652000,0,0
9654000,0,0
9656000,0,0
9658000,0,0
9660000,0,0
9662000,0,0
9664000,0,0
9666000,0,0
9668000,0,0
9670000,0,0
9672000,0,0
9674000,0,0
9676000,0,0
9678000,0,0
9680000,0,0
9682000,0,0
9684000,0,0
9686000,0,0
9688000,0,0
9690000,0,0
9692000,0,0
9694000,0,0
9696000,0,0
9698000,0,0
9700000,0,0
9702000,0,0
9704000,0,0
9706000,0,0
9708000,0,0
9710000,0,0
9712000,0,0
9714000,0,0
9716000,0,0
9718000,0,0
9720000,0,0
9722000,0,0
9724000,0,0
9726000,0,0
9728000,0,0
9730000,0,0
9732000,0,0
9734000,0,0
9736000,0,0
9738000,0,0
9740000,0,0
9742000,0,0
9744000,0,0
9746000,0,0
9748000,0,0
9750000,0,0
9752000,0,0
9754000,0,0
9756000,0,0
9758000,0,0
9760000,0,0
9762000,0,0
9764000,0,0
9766000,0,0
9768000,0,0
9770000,0,0
9772000,0,0
9774000,0,0
9776000,0,0
9778000,0,0
9780000,0,0
9782000,0,0
9784000,0,0
9786000,0,0
9788000,0,0
9790000,0,0
9792000,0,0
9794000,0,0
9796000,0,0
9798000,0,0
9800000,0,0
9802000,0,0
9804000,0,0
9806000,0,0
9808000,0,0
9810000,0,0
9812000,0,0
9814000,0,0
9816000,0,0
9818000,0,0
9820000,0,0
9822000,0,0
9824000,0,0
9826000,0,0
9828000,0,0
9830000,0,0
9832000,0,0
9834000,0,0
9836000,0,0
9838000,0,0
9840000,0,0
9842000,0,0
9844000,0,0
9846000,0,0
9848000,0,0
9850000,0,0
9852000,0,0
9854000,0,0
9856000,0,0
9858000,0,0
9860000,0,0
9862000,0,0
9864000,0,0
9866000,0,0
9868000,0,0
9870000,0,0
9872000,0,0
9874000,0,0
9876000,0,0
9878000,0,0
9880000,0,0
9882000,0,0
9884000,0,0
9886000,0,0
9888000,0,0
9890000,0,0
9892000,0,0
9894000,0,0
9896000,0,0
9898000,0,0
9900000,0,0
9902000,0,0
9904000,0,0
9906000,0,0
9908000,0,0
9910000,0,0
9912000,0,0
9914000,0,0
9916000,0,0
9918000,0,0
9920000,0,0
9922000,0,0
9924000,0,0
9926000,0,0
9928000,0,0
9930000,0,0
9932000,0,0
9934000,0,0
9936000,0,0
9938000,0,0
9940000,0,0
9942000,0,0
9944000,0,0
9946000,0,0
9948000,0,0
9950000,0,0
9952000,0,0
9954000,0,0
9956000,0,0
9958000,0,0
9960000,0,0
9962000,0,0
9964000,0,0
9966000,0,0
9968000,0,0
9970000,0,0
9972000,0,0
9974000,0,0
9976000,0,0
9978000,0,0
9980000,0,0
9982000,0,0
9984000,0,0
9986000,0,0
9988000,0,0
9990000,0,0
9992000,0,0
9994000,0,0
9996000,0,0
9998000,0,0
10000000,0,0
10002000,0,0
10004000,0,0
10006000,0,0
10008000,0,0
10010000,0,0
10012000,0,0
10014000,0,0
10016000,0,0
10018000,0,0
10020000,0,0
10022000,0,0
10024000,0,0
10026000,0,0
10028000,0,0
10030000,0,0
10032000,0,0
10034000,0,0
10036000,0,0
10038000,0,0
10040000,0,0
10042000,0,0
10044000,0,0
10046000,0,0
10048000,0,0
10050000,0,0
10052000,0,0
10054000,0,0
10056000,0,0
10058000,0,0
10060000,0,0
10062000,0,0
10064000,0,0
10066000,0,0
10068000,0,0
10070000,0,0
10072000,0,0
10074000,0,0
10076000,0,0
10078000,0,0
10080000,0,0
10082000,0,0
10084000,0,0
10086000,0,0
10088000,0,0
10090000,0,0
10092000,0,0
10094000,0,0
10096000,0,0
10098000,0,0
10100000,0,0
10102000,0,0
10104000,0,0
10106000,0,0
10108000,0,0
10110000,0,0
10112000,0,0
10114000,0,0
10116000,0,0
10118000,0,0
10120000,0,0
10122000,0,0
10124000,0,0
10126000,0,0
10128000,0,0
10130000,0,0
10132000,0,0
10134000,0,0
10136000,0,0
10138000,0,0
10140000,0,0
10142000,0,0
10144000,0,0
10146000,0,0
10148000,0,0
10150000,0,0
10152000,0,0
10154000,0,0
10156000,0,0
10158000,0,0
10160000,0,0
10162000,0,0
10164000,0,0
10166000,0,0
10168000,0,0
10170000,0,0
10172000,0,0
10174000,0,0
10176000,0,0
10178000,0,0
10180000,0,0
10182000,0,0
10184000,0,0
10186000,0,0
10188000,0,0
10190000,0,0
10192000,0,0
10194000,0,0
10196000,0,0
10198000,0,0
10200000,0,0
10202000,0,0
10204000,0,0
10206000,0,0
10208000,0,0
10210000,0,0
10212000,0,0
10214000,0,0
10216000,0,0
10218000,0,0
10220000,0,0
10222000,0,0
10224000,0,0
10226000,0,0
10228000,0,0
10230000,0,0
10232000,0,0
10234000,0,0
10236000,0,0
10238000,0,0
10240000,0,0
10242000,0,0
10244000,0,0
10246000,0,0
10248000,0,0
10250000,0,0
10252000,0,0
10254000,0,0
10256000,0,0
10258000,0,0
10260000,0,0
10262000,0,0
10264000,0,0
10266000,0,0
10268000,0,0
10270000,0,0
10272000,0,0
10274000,0,0
10276000,0,0
10278000,0,0
10280000,0,0
10282000,0,0
10284000,0,0
10286000,0,0
10288000,0,0
10290000,0,0
10292000,0,0
10294000,0,0
10296000,0,0
10298000,0,0
10300000,0,0
10302000,0,0
10304000,0,0
10306000,0,0
10308000,0,0
10310000,0,0
10312000,0,0
10314000,0,0
10316000,0,0
10318000,0,0
10320000,0,0
10322000,0,0
10324000,0,0
10326000,0,0
10328000,0,0
10330000,0,0
10332000,0,0
10334000,0,0
10336000,0,0
10338000,0,0
10340000,0,0
10342000,0,0
10344000,0,0
10346000,0,0
10348000,0,0
10350000,0,0
10352000,0,0
10354000,0,0
10356000,0,0
10358000,0,0
10360000,0,0
10362000,0,0
10364000,0,0
10366000,0,0
10368000,0,0
10370000,0,0
10372000,0,0
10374000,0,0
10376000,0,0
10378000,0,0
10380000,0,0
10382000,0,0
10384000,0,0
10386000,0,0
10388000,0,0
10390000,0,0
10392000,0,0
10394000,0,0
10396000,0,0
10398000,0,0
10400000,0,0
10402000,0,0
10404000,0,0
10406000,0,0
10408000,0,0
10410000,0,0
10412000,0,0
10414000,0,0
10416000,0,0
10418000,0,0
10420000,0,0
10422000,0,0
10424000,0,0
10426000,0,0
10428000,0,0
10430000,0,0
10432000,0,0
10434000,0,0
10436000,0,0
10438000,0,0
10440000,0,0
10442000,0,0
10444000,0,0
10446000,0,0
10448000,0,0
10450000,0,0
10452000,0,0
10454000,0,0
10456000,0,0
10458000,0,0
10460000,0,0
10462000,0,0
10464000,0,0
10466000,0,0
10468000,0,0
10470000,0,0
10472000,0,0
10474000,0,0
10476000,0,0
10478000,0,0
10480000,0,0
10482000,0,0
10484000,0,0
10486000,0,0
10488000,0,0
10490000,0,0
10492000,0,0
10494000,0,0
10496000,0,0
10498000,0,0
10500000,0,0
10502000,0,0
10504000,0,0
10506000,0,0
10508000,0,0
10510000,0,0
10512000,0,0
10514000,0,0
10516000,0,0
10518000,0,0
10520000,0,0
10522000,0,0
10524000,0,0
10526000,0,0
10528000,0,0
10530000,0,0
10532000,0,0
10534000,0,0
10536000,0,0
10538000,0,0
10540000,0,0
10542000,0,0
10544000,0,0
10546000,0,0
10548000,0,0
10550000,0,0
10552000,0,0
10554000,0,0
10556000,0,0
10558000,0,0
10560000,0,0
10562000,0,0
10564000,0,0
10566000,0,0
10568000,0,0
10570000,0,0
10572000,0,0
10574000,0,0
10576000,0,0
10578000,0,0
10580000,0,0
10582000,0,0
10584000,0,0
10586000,0,0
10588000,0,0
10590000,0,0
10592000,0,0
10594000,0,0
10596000,0,0
10598000,0,0
10600000,0,0
10602000,0,0
10604000,0,0
10606000,0,0
10608000,0,0
10610000,0,0
10612000,0,0
10614000,0,0
10616000,0,0
10618000,0,0
10620000,0,0
10622000,0,0
10624000,0,0
10626000,0,0
10628000,0,0
10630000,0,0
10632000,0,0
10634000,0,0
10636000,0,0
10638000,0,0
10640000,0,0
10642000,0,0
10644000,0,0
10646000,0,0
10648000,0,0
10650000,0,0
10652000,0,0
10654000,0,0
10656000,0,0
10658000,0,0
10660000,0,0
10662000,0,0
10664000,0,0
10666000,0,0
10668000,0,0
10670000,0,0
10672000,0,0
10674000,0,0
10676000,0,0
10678000,0,0
10680000,0,0
10682000,0,0
10684000,0,0
10686000,0,0
10688000,0,0
10690000,0,0
10692000,0,0
10694000,0,0
10696000,0,0
10698000,0,0
10700000,0,0
10702000,0,0
10704000,0,0
10706000,0,0
10708000,0,0
10710000,0,0
10712000,0,0
10714000,0,0
10716000,0,0
10718000,0,0
10720000,0,0
10722000,0,0
10724000,0,0
10726000,0,0
10728000,0,0
10730000,0,0
10732000,0,0
10734000,0,0
10736000,0,0
10738000,0,0
10740000,0,0
10742000,0,0
10744000,0,0
10746000,0,0
10748000,0,0
10750000,0,0
10752000,0,0
10754000,0,0
10756000,0,0
10758000,0,0
10760000,0,0
10762000,0,0
10764000,0,0
10766000,0,0
10768000,0,0
10770000,0,0
10772000,0,0
10774000,0,0
10776000,0,0
10778000,0,0
10780000,0,0
10782000,0,0
10784000,0,0
10786000,0,0
10788000,0,0
10790000,0,0
10792000,0,0
10794000,0,0
10796000,0,0
10798000,0,0
10800000,0,0
10802000,0,0
10804000,0,0
10806000,0,0
10808000,0,0
10810000,0,0
10812000,0,0
10814000,0,0
10816000,0,0
10818000,0,0
10820000,0,0
10822000,0,0
10824000,0,0
10826000,0,0
10828000,0,0
10830000,0,0
10832000,0,0
10834000,0,0
10836000,0,0
10838000,0,0
10840000,0,0
10842000,0,0
10844000,0,0
10846000,0,0
10848000,0,0
10850000,0,0
10852000,0,0
10854000,0,0
10856000,0,0
10858000,0,0
10860000,0,0
10862000,0,0
10864000,0,0
10866000,0,0
10868000,0,0
10870000,0,0
10872000,0,0
10874000,0,0
10876000,0,0
10878000,0,0
10880000,0,0
10882000,0,0
10884000,0,0
10886000,0,0
10888000,0,0
10890000,0,0
10892000,0,0
10894000,0,0
10896000,0,0
10898000,0,0
10900000,0,0
10902000,0,0
10904000,0,0
10906000,0,0
10908000,0,0
10910000,0,0
10912000,0,0
10914000,0,0
10916000,0,0
10918000,0,0
10920000,0,0
10922000,0,0
10924000,0,0
10926000,0,0
10928000,0,0
10930000,0,0
10932000,0,0
10934000,0,0
10936000,0,0
10938000,0,0
10940000,0,0
10942000,0,0
10944000,0,0
10946000,0,0
10948000,0,0
10950000,0,0
10952000,0,0
10954000,0,0
10956000,0,0
10958000,0,0
10960000,0,0
10962000,0,0
10964000,0,0
10966000,0,0
10968000,0,0
10970000,0,0
10972000,0,0
10974000,0,0
10976000,0,0
10978000,0,0
10980000,0,0
10982000,0,0
10984000,0,0
10986000,0,0
10988000,0,0
10990000,0,0
10992000,0,0
10994000,0,0
10996000,0,0
10998000,0,0
11000000,0,0
11002000,0,0
11004000,0,0
11006000,0,0
11008000,0,0
11010000,0,0
11012000,0,0
11014000,0,0
11016000,0,0
11018000,0,0
11020000,0,0
11022000,0,0
11024000,0,0
11026000,0,0
11028000,0,0
11030000,0,0
11032000,0,0
11034000,0,0
11036000,0,0
11038000,0,0
11040000,0,0
11042000,0,0
11044000,0,0
11046000,0,0
11048000,0,0
11050000,0,0
11052000,0,0
11054000,0,0
11056000,0,0
11058000,0,0
11060000,0,0
11062000,0,0
11064000,0,0
11066000,0,0
11068000,0,0
11070000,0,0
11072000,0,0
11074000,0,0
11076000,0,0
11078000,0,0
11080000,0,0
11082000,0,0
11084000,0,0
11086000,0,0
11088000,0,0
11090000,0,0
11092000,0,0
11094000,0,0
11096000,0,0
11098000,0,0
11100000,0,0
11102000,0,0
11104000,0,0
11106000,0,0
11108000,0,0
11110000,0,0
11112000,0,0
11114000,0,0
11116000,0,0
11118000,0,0
11120000,0,0
11122000,0,0
11124000,0,0
11126000,0,0
11128000,0,0
11130000,0,0
11132000,0,0
11134000,0,0
11136000,0,0
11138000,0,0
11140000,0,0
11142000,0,0
11144000,0,0
11146000,0,0
11148000,0,0
11150000,0,0
11152000,0,0
11154000,0,0
11156000,0,0
11158000,0,0
11160000,0,0
11162000,0,0
11164000,0,0
11166000,0,0
11168000,0,0
11170000,0,0
11172000,0,0
11174000,0,0
11176000,0,0
11178000,0,0
11180000,0,0
11182000,0,0
11184000,0,0
11186000,0,0
11188000,0,0
11190000,0,0
11192000,0,0
11194000,0,0
11196000,0,0
11198000,0,0
11200000,0,0
11202000,0,0
11204000,0,0
11206000,0,0
11208000,0,0
11210000,0,0
11212000,0,0
11214000,0,0
11216000,0,0
11218000,0,0
11220000,0,0
11222000,0,0
11224000,0,0
11226000,0,0
11228000,0,0
11230000,0,0
11232000,0,0
11234000,0,0
11236000,0,0
11238000,0,0
11240000,0,0
11242000,0,0
11244000,0,0
11246000,0,0
11248000,0,0
11250000,0,0
11252000,0,0
11254000,0,0
11256000,0,0
11258000,0,0
11260000,0,0
11262000,0,0
11264000,0,0
11266000,0,0
11268000,0,0
11270000,0,0
11272000,0,0
11274000,0,0
11276000,0,0
11278000,0,0
11280000,0,0
11282000,0,0
11284000,0,0
11286000,0,0
11288000,0,0
11290000,0,0
11292000,0,0
11294000,0,0
11296000,0,0
11298000,0,0
11300000,0,0
11302000,0,0
11304000,0,0
11306000,0,0
11308000,0,0
11310000,0,0
11312000,0,0
11314000,0,0
11316000,0,0
11318000,0,0
11320000,0,0
11322000,0,0
11324000,0,0
11326000,0,0
11328000,0,0
11330000,0,0
11332000,0,0
11334000,0,0
11336000,0,0
11338000,0,0
11340000,0,0
11342000,0,0
11344000,0,0
11346000,0,0
11348000,0,0
11350000,0,0
11352000,0,0
11354000,0,0
11356000,0,0
11358000,0,0
11360000,0,0
11362000,0,0
11364000,0,0
11366000,0,0
11368000,0,0
11370000,0,0
11372000,0,0
11374000,0,0
11376000,0,0
11378000,0,0
11380000,0,0
11382000,0,0
11384000,0,0
11386000,0,0
11388000,0,0
11390000,0,0
11392000,0,0
11394000,0,0
11396000,0,0
11398000,0,0
11400000,0,0
11402000,0,0
11404000,0,0
11406000,0,0
11408000,0,0
11410000,0,0
11412000,0,0
11414000,0,0
11416000,0,0
11418000,0,0
11420000,0,0
11422000,0,0
11424000,0,0
11426000,0,0
11428000,0,0
11430000,0,0
11432000,0,0
11434000,0,0
11436000,0,0
11438000,0,0
11440000,0,0
11442000,0,0
11444000,0,0
11446000,0,0
11448000,0,0
11450000,0,0
11452000,0,0
11454000,0,0
11456000,0,0
11458000,0,0
11460000,0,0
11462000,0,0
11464000,0,0
11466000,0,0
11468000,0,0
11470000,0,0
11472000,0,0
11474000,0,0
11476000,0,0
11478000,0,0
11480000,0,0
11482000,0,0
11484000,0,0
11486000,0,0
11488000,0,0
11490000,0,0
11492000,0,0
11494000,0,0
11496000,0,0
11498000,0,0
11500000,0,0
11502000,0,0
11504000,0,0
11506000,0,0
11508000,0,0
11510000,0,0
11512000,0,0
11514000,0,0
11516000,0,0
11518000,0,0
11520000,0,0
11522000,0,0
11524000,0,0
11526000,0,0
11528000,0,0
11530000,0,0
11532000,0,0
11534000,0,0
11536000,0,0
11538000,0,0
11540000,0,0
11542000,0,0
11544000,0,0
11546000,0,0
11548000,0,0
11550000,0,0
11552000,0,0
11554000,0,0
11556000,0,0
11558000,0,0
11560000,0,0
11562000,0,0
11564000,0,0
11566000,0,0
11568000,0,0
11570000,0,0
11572000,0,0
11574000,0,0
11576000,0,0
11578000,0,0
11580000,0,0
11582000,0,0
11584000,0,0
11586000,0,0
11588000,0,0
11590000,0,0
11592000,0,0
11594000,0,0
11596000,0,0
11598000,0,0
11600000,0,0
11602000,0,0
11604000,0,0
11606000,0,0
11608000,0,0
11610000,0,0
11612000,0,0
11614000,0,0
11616000,0,0
11618000,0,0
11620000,0,0
11622000,0,0
11624000,0,0
11626000,0,0
11628000,0,0
11630000,0,0
11632000,0,0
11634000,0,0
11636000,0,0
11638000,0,0
11640000,0,0
11642000,0,0
11644000,0,0
11646000,0,0
11648000,0,0
11650000,0,0
11652000,0,0
11654000,0,0
11656000,0,0
11658000,0,0
11660000,0,0
11662000,0,0
11664000,0,0
11666000,0,0
11668000,0,0
11670000,0,0
11672000,0,0
11674000,0,0
11676000,0,0
11678000,0,0
11680000,0,0
11682000,0,0
11684000,0,0
11686000,0,0
11688000,0,0
11690000,0,0
11692000,0,0
11694000,0,0
11696000,0,0
11698000,0,0
11700000,0,0
11702000,0,0
11704000,0,0
11706000,0,0
11708000,0,0
11710000,0,0
11712000,0,0
11714000,0,0
11716000,0,0
11718000,0,0
11720000,0,0
11722000,0,0
11724000,0,0
11726000,0,0
11728000,0,0
11730000,0,0
11732000,0,0
11734000,0,0
11736000,0,0
11738000,0,0
11740000,0,0
11742000,0,0
11744000,0,0
11746000,0,0
11748000,0,0
11750000,0,0
11752000,0,0
11754000,0,0
11756000,0,0
11758000,0,0
11760000,0,0
11762000,0,0
11764000,0,0
11766000,0,0
11768000,0,0
11770000,0,0
11772000,0,0
11774000,0,0
11776000,0,0
11778000,0,0
11780000,0,0
11782000,0,0
11784000,0,0
11786000,0,0
11788000,0,0
11790000,0,0
11792000,0,0
11794000,0,0
11796000,0,0
11798000,0,0
11800000,0,0
11802000,0,0
11804000,0,0
11806000,0,0
11808000,0,0
11810000,0,0
11812000,0,0
11814000,0,0
11816000,0,0
11818000,0,0
11820000,0,0
11822000,0,0
11824000,0,0
11826000,0,0
11828000,0,0
11830000,0,0
11832000,0,0
11834000,0,0
11836000,0,0
11838000,0,0
11840000,0,0
11842000,0,0
11844000,0,0
11846000,0,0
11848000,0,0
11850000,0,0
11852000,0,0
11854000,0,0
11856000,0,0
11858000,0,0
11860000,0,0
11862000,0,0
11864000,0,0
11866000,0,0
11868000,0,0
11870000,0,0
11872000,0,0
11874000,0,0
11876000,0,0
11878000,0,0
11880000,0,0
11882000,0,0
11884000,0,0
11886000,0,0
11888000,0,0
11890000,0,0
11892000,0,0
11894000,0,0
11896000,0,0
11898000,0,0
11900000,0,0
11902000,0,0
11904000,0,0
11906000,0,0
11908000,0,0
11910000,0,0
11912000,0,0
11914000,0,0
11916000,0,0
11918000,0,0
11920000,0,0
11922000,0,0
11924000,0,0
11926000,0,0
11928000,0,0
11930000,0,0
11932000,0,0
11934000,0,0
11936000,0,0
11938000,0,0
11940000,0,0
11942000,0,0
11944000,0,0
11946000,0,0
11948000,0,0
11950000,0,0
11952000,0,0
11954000,0,0
11956000,0,0
11958000,0,0
11960000,0,0
11962000,0,0
11964000,0,0
11966000,0,0
11968000,0,0
11970000,0,0
11972000,0,0
11974000,0,0
11976000,0,0
11978000,0,0
11980000,0,0
11982000,0,0
11984000,0,0
11986000,0,0
11988000,0,0
11990000,0,0
11992000,0,0
11994000,0,0
11996000,0,0
11998000,0,0
12000000,0,0
12002000,0,0
12004000,0,0
12006000,0,0
12008000,0,0
12010000,0,0
12012000,0,0
12014000,0,0
12016000,0,0
12018000,0,0
12020000,0,0
12022000,0,0
12024000,0,0
12026000,0,0
12028000,0,0
12030000,0,0
12032000,0,0
12034000,0,0
12036000,0,0
12038000,0,0
12040000,0,0
12042000,0,0
12044000,0,0
12046000,0,0
12048000,0,0
12050000,0,0
12052000,0,0
12054000,0,0
12056000,0,0
12058000,0,0
12060000,0,0
12062000,0,0
12064000,0,0
12066000,0,0
12068000,0,0
12070000,0,0
12072000,0,0
12074000,0,0
12076000,0,0
12078000,0,0
12080000,0,0
12082000,0,0
12084000,0,0
12086000,0,0
12088000,0,0
12090000,0,0
12092000,0,0
12094000,0,0
12096000,0,0
12098000,0,0
12100000,0,0
12102000,0,0
12104000,0,0
12106000,0,0
12108000,0,0
12110000,0,0
12112000,0,0
12114000,0,0
12116000,0,0
12118000,0,0
12120000,0,0
12122000,0,0
12124000,0,0
12126000,0,0
12128000,0,0
12130000,0,0
12132000,0,0
12134000,0,0
12136000,0,0
12138000,0,0
12140000,0,0
12142000,0,0
12144000,0,0
12146000,0,0
12148000,0,0
12150000,0,0
12152000,0,0
12154000,0,0
12156000,0,0
12158000,0,0
12160000,0,0
12162000,0,0
12164000,0,0
12166000,0,0
12168000,0,0
12170000,0,0
12172000,0,0
12174000,0,0
12176000,0,0
12178000,0,0
12180000,0,0
12182000,0,0
12184000,0,0
12186000,0,0
12188000,0,0
12190000,0,0
12192000,0,0
12194000,0,0
12196000,0,0
12198000,0,0
12200000,0,0
12202000,0,0
12204000,0,0
12206000,0,0
12208000,0,0
12210000,0,0
12212000,0,0
12214000,0,0
12216000,0,0
12218000,0,0
12220000,0,0
12222000,0,0
12224000,0,0
12226000,0,0
12228000,0,0
12230000,0,0
12232000,0,0
12234000,0,0
12236000,0,0
12238000,0,0
12240000,0,0
12242000,0,0
12244000,0,0
12246000,0,0
12248000,0,0
12250000,0,0
12252000,0,0
12254000,0,0
12256000,0,0
12258000,0,0
12260000,0,0
12262000,0,0
12264000,0,0
12266000,0,0
12268000,0,0
12270000,0,0
12272000,0,0
12274000,0,0
12276000,0,0
12278000,0,0
12280000,0,0
12282000,0,0
12284000,0,0
12286000,0,0
12288000,0,0
12290000,0,0
12292000,0,0
12294000,0,0
12296000,0,0
12298000,0,0
12300000,0,0
12302000,0,0
12304000,0,0
12306000,0,0
12308000,0,0
12310000,0,0
12312000,0,0
12314000,0,0
12316000,0,0
12318000,0,0
12320000,0,0
12322000,0,0
12324000,0,0
12326000,0,0
12328000,0,0
12330000,0,0
12332000,0,0
12334000,0,0
12336000,0,0
12338000,0,0
12340000,0,0
12342000,0,0
12344000,0,0
12346000,0,0
12348000,0,0
12350000,0,0
12352000,0,0
12354000,0,0
12356000,0,0
12358000,0,0
12360000,0,0
12362000,0,0
12364000,0,0
12366000,0,0
12368000,0,0
12370000,0,0
12372000,0,0
12374000,0,0
12376000,0,0
12378000,0,0
12380000,0,0
12382000,0,0
12384000,0,0
12386000,0,0
12388000,0,0
12390000,0,0
12392000,0,0
12394000,0,0
12396000,0,0
12398000,0,0
12400000,0,0
12402000,0,0
12404000,0,0
12406000,0,0
12408000,0,0
12410000,0,0
12412000,0,0
12414000,0,0
12416000,0,0
12418000,0,0
12420000,0,0
12422000,0,0
12424000,0,0
12426000,0,0
12428000,0,0
12430000,0,0
12432000,0,0
12434000,0,0
12436000,0,0
12438000,0,0
12440000,0,0
12442000,0,0
12444000,0,0
12446000,0,0
12448000,0,0
12450000,0,0
12452000,0,0
12454000,0,0
12456000,0,0
12458000,0,0
12460000,0,0
12462000,0,0
12464000,0,0
12466000,0,0
12468000,0,0
12470000,0,0
12472000,0,0
12474000,0,0
12476000,0,0
12478000,0,0
12480000,0,0
12482000,0,0
12484000,0,0
12486000,0,0
12488000,0,0
12490000,0,0
12492000,0,0
12494000,0,0
12496000,0,0
12498000,0,0
12500000,0,0
12502000,0,0
12504000,0,0
12506000,0,0
12508000,0,0
12510000,0,0
12512000,0,0
12514000,0,0
12516000,0,0
12518000,0,0
12520000,0,0
12522000,0,0
12524000,0,0
12526000,0,0
12528000,0,0
12530000,0,0
12532000,0,0
12534000,0,0
12536000,0,0
12538000,0,0
12540000,0,0
12542000,0,0
12544000,0,0
12546000,0,0
12548000,0,0
12550000,0,0
12552000,0,0
12554000,0,0
12556000,0,0
12558000,0,0
12560000,0,0
12562000,0,0
12564000,0,0
12566000,0,0
12568000,0,0
12570000,0,0
12572000,0,0
12574000,0,0
12576000,0,0
12578000,0,0
12580000,0,0
12582000,0,0
12584000,0,0
12586000,0,0
12588000,0,0
12590000,0,0
12592000,0,0
12594000,0,0
12596000,0,0
12598000,0,0
12600000,0,0
12602000,0,0
12604000,0,0
12606000,0,0
12608000,0,0
12610000,0,0
12612000,0,0
12614000,0,0
12616000,0,0
12618000,0,0
12620000,0,0
12622000,0,0
12624000,0,0
12626000,0,0
12628000,0,0
12630000,0,0
12632000,0,0
12634000,0,0
12636000,0,0
12638000,0,0
12640000,0,0
12642000,0,0
12644000,0,0
12646000,0,0
12648000,0,0
12650000,0,0
12652000,0,0
12654000,0,0
12656000,0,0
12658000,0,0
12660000,0,0
12662000,0,0
12664000,0,0
12666000,0,0
12668000,0,0
12670000,0,0
12672000,0,0
12674000,0,0
12676000,0,0
12678000,0,0
12680000,0,0
12682000,0,0
12684000,0,0
12686000,0,0
12688000,0,0
12690000,0,0
12692000,0,0
12694000,0,0
12696000,0,0
12698000,0,0
12700000,0,0
12702000,0,0
12704000,0,0
12706000,0,0
12708000,0,0
12710000,0,0
12712000,0,0
12714000,0,0
12716000,0,0
12718000,0,0
12720000,0,0
12722000,0,0
12724000,0,0
12726000,0,0
12728000,0,0
12730000,0,0
12732000,0,0
12734000,0,0
12736000,0,0
12738000,0,0
12740000,0,0
12742000,0,0
12744000,0,0
12746000,0,0
12748000,0,0
12750000,0,0
12752000,0,0
12754000,0,0
12756000,0,0
12758000,0,0
12760000,0,0
12762000,0,0
12764000,0,0
12766000,0,0
12768000,0,0
12770000,0,0
12772000,0,0
12774000,0,0
12776000,0,0
12778000,0,0
12780000,0,0
12782000,0,0
12784000,0,0
12786000,0,0
12788000,0,0
12790000,0,0
12792000,0,0
12794000,0,0
12796000,0,0
12798000,0,0
12800000,0,0
12802000,0,0
12804000,0,0
12806000,0,0
12808000,0,0
12810000,0,0
12812000,0,0
12814000,0,0
12816000,0,0
12818000,0,0
12820000,0,0
12822000,0,0
12824000,0,0
12826000,0,0
12828000,0,0
12830000,0,0
12832000,0,0
12834000,0,0
12836000,0,0
12838000,0,0
12840000,0,0
12842000,0,0
12844000,0,0
12846000,0,0
12848000,0,0
12850000,0,0
12852000,0,0
12854000,0,0
12856000,0,0
12858000,0,0
12860000,0,0
12862000,0,0
12864000,0,0
12866000,0,0
12868000,0,0
12870000,0,0
12872000,0,0
12874000,0,0
12876000,0,0
12878000,0,0
12880000,0,0
12882000,0,0
12884000,0,0
12886000,0,0
12888000,0,0
12890000,0,0
12892000,0,0
12894000,0,0
12896000,0,0
12898000,0,0
12900000,0,0
12902000,0,0
12904000,0,0
12906000,0,0
12908000,0,0
12910000,0,0
12912000,0,0
12914000,0,0
12916000,0,0
12918000,0,0
12920000,0,0
12922000,0,0
12924000,0,0
12926000,0,0
12928000,0,0
12930000,0,0
12932000,0,0
12934000,0,0
12936000,0,0
12938000,0,0
12940000,0,0
12942000,0,0
12944000,0,0
12946000,0,0
12948000,0,0
12950000,0,0
12952000,0,0
12954000,0,0
12956000,0,0
12958000,0,0
12960000,0,0
12962000,0,0
12964000,0,0
12966000,0,0
12968000,0,0
12970000,0,0
12972000,0,0
12974000,0,0
12976000,0,0
12978000,0,0
12980000,0,0
12982000,0,0
12984000,0,0
12986000,0,0
12988000,0,0
12990000,0,0
12992000,0,0
12994000,0,0
12996000,0,0
12998000,0,0
13000000,0,0
13002000,0,0
13004000,0,0
13006000,0,0
13008000,0,0
13010000,0,0
13012000,0,0
13014000,0,0
13016000,0,0
13018000,0,0
13020000,0,0
13022000,0,0
13024000,0,0
13026000,0,0
13028000,0,0
13030000,0,0
13032000,0,0
13034000,0,0
13036000,0,0
13038000,0,0
13040000,0,0
13042000,0,0
13044000,0,0
13046000,0,0
13048000,0,0
13050000,0,0
13052000,0,0
13054000,0,0
13056000,0,0
13058000,0,0
13060000,0,0
13062000,0,0
13064000,0,0
13066000,0,0
13068000,0,0
13070000,0,0
13072000,0,0
13074000,0,0
13076000,0,0
13078000,0,0
13080000,0,0
13082000,0,0
13084000,0,0
13086000,0,0
13088000,0,0
13090000,0,0
13092000,0,0
13094000,0,0
13096000,0,0
13098000,0,0
13100000,0,0
13102000,0,0
13104000,0,0
13106000,0,0
13108000,0,0
13110000,0,0
13112000,0,0
13114000,0,0
13116000,0,0
13118000,0,0
13120000,0,0
13122000,0,0
13124000,0,0
13126000,0,0
13128000,0,0
13130000,0,0
13132000,0,0
13134000,0,0
13136000,0,0
13138000,0,0
13140000,0,0
13142000,0,0
13144000,0,0
13146000,0,0
13148000,0,0
13150000,0,0
13152000,0,0
13154000,0,0
13156000,0,0
13158000,0,0
13160000,0,0
13162000,0,0
13164000,0,0
13166000,0,0
13168000,0,0
13170000,0,0
13172000,0,0
13174000,0,0
13176000,0,0
13178000,0,0
13180000,0,0
13182000,0,0
13184000,0,0
13186000,0,0
13188000,0,0
13190000,0,0
13192000,0,0
13194000,0,0
13196000,0,0
13198000,0,0
13200000,0,0
13202000,0,0
13204000,0,0
13206000,0,0
13208000,0,0
13210000,0,0
13212000,0,0
13214000,0,0
13216000,0,0
13218000,0,0
13220000,0,0
13222000,0,0
13224000,0,0
13226000,0,0
13228000,0,0
13230000,0,0
13232000,0,0
13234000,0,0
13236000,0,0
13238000,0,0
13240000,0,0
13242000,0,0
13244000,0,0
13246000,0,0
13248000,0,0
13250000,0,0
13252000,0,0
13254000,0,0
13256000,0,0
13258000,0,0
13260000,0,0
13262000,0,0
13264000,0,0
13266000,0,0
13268000,0,0
13270000,0,0
13272000,0,0
13274000,0,0
13276000,0,0
13278000,0,0
13280000,0,0
13282000,0,0
13284000,0,0
13286000,0,0
13288000,0,0
13290000,0,0
13292000,0,0
13294000,0,0
13296000,0,0
13298000,0,0
13300000,0,0
13302000,0,0
13304000,0,0
13306000,0,0
13308000,0,0
13310000,0,0
13312000,0,0
13314000,0,0
13316000,0,0
13318000,0,0
13320000,0,0
13322000,0,0
13324000,0,0
13326000,0,0
13328000,0,0
13330000,0,0
13332000,0,0
13334000,0,0
13336000,0,0
13338000,0,0
13340000,0,0
13342000,0,0
13344000,0,0
13346000,0,0
13348000,0,0
13350000,0,0
13352000,0,0
13354000,0,0
13356000,0,0
13358000,0,0
13360000,0,0
13362000,0,0
13364000,0,0
13366000,0,0
13368000,0,0
13370000,0,0
13372000,0,0
13374000,0,0
13376000,0,0
13378000,0,0
13380000,0,0
13382000,0,0
13384000,0,0
13386000,0,0
13388000,0,0
13390000,0,0
13392000,0,0
13394000,0,0
13396000,0,0
13398000,0,0
13400000,0,0
13402000,0,0
13404000,0,0
13406000,0,0
13408000,0,0
13410000,0,0
13412000,0,0
13414000,0,0
13416000,0,0
13418000,0,0
13420000,0,0
13422000,0,0
13424000,0,0
13426000,0,0
13428000,0,0
13430000,0,0
13432000,0,0
13434000,0,0
13436000,0,0
13438000,0,0
13440000,0,0
13442000,0,0
13444000,0,0
13446000,0,0
13448000,0,0
13450000,0,0
13452000,0,0
13454000,0,0
13456000,0,0
13458000,0,0
13460000,0,0
13462000,0,0
13464000,0,0
13466000,0,0
13468000,0,0
13470000,0,0
13472000,0,0
13474000,0,0
13476000,0,0
13478000,0,0
13480000,0,0
13482000,0,0
13484000,0,0
13486000,0,0
13488000,0,0
13490000,0,0
13492000,0,0
13494000,0,0
13496000,0,0
13498000,0,0
13500000,0,0
13502000,0,0
13504000,0,0
13506000,0,0
13508000,0,0
13510000,0,0
13512000,0,0
13514000,0,0
13516000,0,0
13518000,0,0
13520000,0,0
13522000,0,0
13524000,0,0
13526000,0,0
13528000,0,0
13530000,0,0
13532000,0,0
13534000,0,0
13536000,0,0
13538000,0,0
13540000,0,0
13542000,0,0
13544000,0,0
13546000,0,0
13548000,0,0
13550000,0,0
13552000,0,0
13554000,0,0
13556000,0,0
13558000,0,0
13560000,0,0
13562000,0,0
13564000,0,0
13566000,0,0
13568000,0,0
13570000,0,0
13572000,0,0
13574000,0,0
13576000,0,0
13578000,0,0
13580000,0,0
13582000,0,0
13584000,0,0
13586000,0,0
13588000,0,0
13590000,0,0
13592000,0,0
13594000,0,0
13596000,0,0
13598000,0,0
13600000,0,0
13602000,0,0
13604000,0,0
13606000,0,0
13608000,0,0
13610000,0,0
13612000,0,0
13614000,0,0
13616000,0,0
13618000,0,0
13620000,0,0
13622000,0,0
13624000,0,0
13626000,0,0
13628000,0,0
13630000,0,0
13632000,0,0
13634000,0,0
13636000,0,0
13638000,0,0
13640000,0,0
13642000,0,0
13644000,0,0
13646000,0,0
13648000,0,0
13650000,0,0
13652000,0,0
13654000,0,0
13656000,0,0
13658000,0,0
13660000,0,0
13662000,0,0
13664000,0,0
13666000,0,0
13668000,0,0
13670000,0,0
13672000,0,0
13674000,0,0
13676000,0,0
13678000,0,0
13680000,0,0
13682000,0,0
13684000,0,0
13686000,0,0
13688000,0,0
13690000,0,0
13692000,0,0
13694000,0,0
13696000,0,0
13698000,0,0
13700000,0,0
13702000,0,0
13704000,0,0
13706000,0,0
13708000,0,0
13710000,0,0
13712000,0,0
13714000,0,0
13716000,0,0
13718000,0,0
13720000,0,0
13722000,0,0
13724000,0,0
13726000,0,0
13728000,0,0
13730000,0,0
13732000,0,0
13734000,0,0
13736000,0,0
13738000,0,0
13740000,0,0
13742000,0,0
13744000,0,0
13746000,0,0
13748000,0,0
13750000,0,0
13752000,0,0
13754000,0,0
13756000,0,0
13758000,0,0
13760000,0,0
13762000,0,0
13764000,0,0
13766000,0,0
13768000,0,0
13770000,0,0
13772000,0,0
13774000,0,0
13776000,0,0
13778000,0,0
13780000,0,0
13782000,0,0
13784000,0,0
13786000,0,0
13788000,0,0
13790000,0,0
13792000,0,0
13794000,0,0
13796000,0,0
13798000,0,0
13800000,0,0
13802000,0,0
13804000,0,0
13806000,0,0
13808000,0,0
13810000,0,0
13812000,0,0
13814000,0,0
13816000,0,0
13818000,0,0
13820000,0,0
13822000,0,0
13824000,0,0
13826000,0,0
13828000,0,0
13830000,0,0
13832000,0,0
13834000,0,0
13836000,0,0
13838000,0,0
13840000,0,0
13842000,0,0
13844000,0,0
13846000,0,0
13848000,0,0
13850000,0,0
13852000,0,0
13854000,0,0
13856000,0,0
13858000,0,0
13860000,0,0
13862000,0,0
13864000,0,0
13866000,0,0
13868000,0,0
13870000,0,0
13872000,0,0
13874000,0,0
13876000,0,0
13878000,0,0
13880000,0,0
13882000,0,0
13884000,0,0
13886000,0,0
13888000,0,0
13890000,0,0
13892000,0,0
13894000,0,0
13896000,0,0
13898000,0,0
13900000,0,0
13902000,0,0
13904000,0,0
13906000,0,0
13908000,0,0
13910000,0,0
13912000,0,0
13914000,0,0
13916000,0,0
13918000,0,0
13920000,0,0
13922000,0,0
13924000,0,0
13926000,0,0
13928000,0,0
13930000,0,0
13932000,0,0
13934000,0,0
13936000,0,0
13938000,0,0
13940000,0,0
13942000,0,0
13944000,0,0
13946000,0,0
13948000,0,0
13950000,0,0
13952000,0,0
13954000,0,0
13956000,0,0
13958000,0,0
13960000,0,0
13962000,0,0
13964000,0,0
13966000,0,0
13968000,0,0
13970000,0,0
13972000,0,0
13974000,0,0
13976000,0,0
13978000,0,0
13980000,0,0
13982000,0,0
13984000,0,0
13986000,0,0
13988000,0,0
13990000,0,0
13992000,0,0
13994000,0,0
13996000,0,0
13998000,0,0
14000000,0,0
14002000,0,0
14004000,0,0
14006000,0,0
14008000,0,0
14010000,0,0
14012000,0,0
14014000,0,0
14016000,0,0
14018000,0,0
14020000,0,0
14022000,0,0
14024000,0,0
14026000,0,0
14028000,0,0
14030000,0,0
14032000,0,0
14034000,0,0
14036000,0,0
14038000,0,0
14040000,0,0
14042000,0,0
14044000,0,0
14046000,0,0
14048000,0,0
14050000,0,0
14052000,0,0
14054000,0,0
14056000,0,0
14058000,0,0
14060000,0,0
14062000,0,0
14064000,0,0
14066000,0,0
14068000,0,0
14070000,0,0
14072000,0,0
14074000,0,0
14076000,0,0
14078000,0,0
14080000,0,0
14082000,0,0
14084000,0,0
14086000,0,0
14088000,0,0
14090000,0,0
14092000,0,0
14094000,0,0
14096000,0,0
14098000,0,0
14100000,0,0
14102000,0,0
14104000,0,0
14106000,0,0
14108000,0,0
14110000,0,0
14112000,0,0
14114000,0,0
14116000,0,0
14118000,0,0
14120000,0,0
14122000,0,0
14124000,0,0
14126000,0,0
14128000,0,0
14130000,0,0
14132000,0,0
14134000,0,0
14136000,0,0
14138000,0,0
14140000,0,0
14142000,0,0
14144000,0,0
14146000,0,0
14148000,0,0
14150000,0,0
14152000,0,0
14154000,0,0
14156000,0,0
14158000,0,0
14160000,0,0
14162000,0,0
14164000,0,0
14166000,0,0
14168000,0,0
14170000,0,0
14172000,0,0
14174000,0,0
14176000,0,0
14178000,0,0
14180000,0,0
14182000,0,0
14184000,0,0
14186000,0,0
14188000,0,0
14190000,0,0
14192000,0,0
14194000,0,0
14196000,0,0
14198000,0,0
14200000,0,0
14202000,0,0
14204000,0,0
14206000,0,0
14208000,0,0
14210000,0,0
14212000,0,0
14214000,0,0
14216000,0,0
14218000,0,0
14220000,0,0
14222000,0,0
14224000,0,0
14226000,0,0
14228000,0,0
14230000,0,0
14232000,0,0
14234000,0,0
14236000,0,0
14238000,0,0
14240000,0,0
14242000,0,0
14244000,0,0
14246000,0,0
14248000,0,0
14250000,0,0
14252000,0,0
14254000,0,0
14256000,0,0
14258000,0,0
14260000,0,0
14262000,0,0
14264000,0,0
14266000,0,0
14268000,0,0
14270000,0,0
14272000,0,0
14274000,0,0
14276000,0,0
14278000,0,0
14280000,0,0
14282000,0,0
14284000,0,0
14286000,0,0
14288000,0,0
14290000,0,0
14292000,0,0
14294000,0,0
14296000,0,0
14298000,0,0
14300000,0,0
14302000,0,0
14304000,0,0
14306000,0,0
14308000,0,0
14310000,0,0
14312000,0,0
14314000,0,0
14316000,0,0
14318000,0,0
14320000,0,0
14322000,0,0
14324000,0,0
14326000,0,0
14328000,0,0
14330000,0,0
14332000,0,0
14334000,0,0
14336000,0,0
14338000,0,0
14340000,0,0
14342000,0,0
14344000,0,0
14346000,0,0
14348000,0,0
14350000,0,0
14352000,0,0
14354000,0,0
14356000,0,0
14358000,0,0
14360000,0,0
14362000,0,0
14364000,0,0
14366000,0,0
14368000,0,0
14370000,0,0
14372000,0,0
14374000,0,0
14376000,0,0
14378000,0,0
14380000,0,0
14382000,0,0
14384000,0,0
14386000,0,0
14388000,0,0
14390000,0,0
14392000,0,0
14394000,0,0
14396000,0,0
14398000,0,0
14400000,0,0
14402000,0,0
14404000,0,0
14406000,0,0
14408000,0,0
14410000,0,0
14412000,0,0
14414000,0,0
14416000,0,0
14418000,0,0
14420000,0,0
14422000,0,0
14424000,0,0
14426000,0,0
14428000,0,0
14430000,0,0
14432000,0,0
14434000,0,0
14436000,0,0
14438000,0,0
14440000,0,0
14442000,0,0
14444000,0,0
14446000,0,0
14448000,0,0
14450000,0,0
14452000,0,0
14454000,0,0
14456000,0,0
14458000,0,0
14460000,0,0
14462000,0,0
14464000,0,0
14466000,0,0
14468000,0,0
14470000,0,0
14472000,0,0
14474000,0,0
14476000,0,0
14478000,0,0
14480000,0,0
14482000,0,0
14484000,0,0
14486000,0,0
14488000,0,0
14490000,0,0
14492000,0,0
14494000,0,0
14496000,0,0
14498000,0,0
14500000,0,0
14502000,0,0
14504000,0,0
14506000,0,0
14508000,0,0
14510000,0,0
14512000,0,0
14514000,0,0
14516000,0,0
14518000,0,0
14520000,0,0
14522000,0,0
14524000,0,0
14526000,0,0
14528000,0,0
14530000,0,0
14532000,0,0
14534000,0,0
14536000,0,0
14538000,0,0
14540000,0,0
14542000,0,0
14544000,0,0
14546000,0,0
14548000,0,0
14550000,0,0
14552000,0,0
14554000,0,0
14556000,0,0
14558000,0,0
14560000,0,0
14562000,0,0
14564000,0,0
14566000,0,0
14568000,0,0
14570000,0,0
14572000,0,0
14574000,0,0
14576000,0,0
14578000,0,0
14580000,0,0
14582000,0,0
14584000,0,0
14586000,0,0
14588000,0,0
14590000,0,0
14592000,0,0
14594000,0,0
14596000,0,0
14598000,0,0
14600000,0,0
14602000,0,0
14604000,0,0
14606000,0,0
14608000,0,0
14610000,0,0
14612000,0,0
14614000,0,0
14616000,0,0
14618000,0,0
14620000,0,0
14622000,0,0
14624000,0,0
14626000,0,0
14628000,0,0
14630000,0,0
14632000,0,0
14634000,0,0
14636000,0,0
14638000,0,0
14640000,0,0
14642000,0,0
14644000,0,0
14646000,0,0
14648000,0,0
14650000,0,0
14652000,0,0
14654000,0,0
14656000,0,0
14658000,0,0
14660000,0,0
14662000,0,0
14664000,0,0
14666000,0,0
14668000,0,0
14670000,0,0
14672000,0,0
14674000,0,0
14676000,0,0
14678000,0,0
14680000,0,0
14682000,0,0
14684000,0,0
14686000,0,0
14688000,0,0
14690000,0,0
14692000,0,0
14694000,0,0
14696000,0,0
14698000,0,0
14700000,0,0
14702000,0,0
14704000,0,0
14706000,0,0
14708000,0,0
14710000,0,0
14712000,0,0
14714000,0,0
14716000,0,0
14718000,0,0
14720000,0,0
14722000,0,0
14724000,0,0
14726000,0,0
14728000,0,0
14730000,0,0
14732000,0,0
14734000,0,0
14736000,0,0
14738000,0,0
14740000,0,0
14742000,0,0
14744000,0,0
14746000,0,0
14748000,0,0
14750000,0,0
14752000,0,0
14754000,0,0
14756000,0,0
14758000,0,0
14760000,0,0
14762000,0,0
14764000,0,0
14766000,0,0
14768000,0,0
14770000,0,0
14772000,0,0
14774000,0,0
14776000,0,0
14778000,0,0
14780000,0,0
14782000,0,0
14784000,0,0
14786000,0,0
14788000,0,0
14790000,0,0
14792000,0,0
14794000,0,0
14796000,0,0
14798000,0,0
14800000,0,0
14802000,0,0
14804000,0,0
14806000,0,0
14808000,0,0
14810000,0,0
14812000,0,0
14814000,0,0
14816000,0,0
14818000,0,0
14820000,0,0
14822000,0,0
14824000,0,0
14826000,0,0
14828000,0,0
14830000,0,0
14832000,0,0
14834000,0,0
14836000,0,0
14838000,0,0
14840000,0,0
14842000,0,0
14844000,0,0
14846000,0,0
14848000,0,0
14850000,0,0
14852000,0,0
14854000,0,0
14856000,0,0
14858000,0,0
14860000,0,0
14862000,0,0
14864000,0,0
14866000,0,0
14868000,0,0
14870000,0,0
14872000,0,0
14874000,0,0
14876000,0,0
14878000,0,0
14880000,0,0
14882000,0,0
14884000,0,0
14886000,0,0
14888000,0,0
14890000,0,0
14892000,0,0
14894000,0,0
14896000,0,0
14898000,0,0
14900000,0,0
14902000,0,0
14904000,0,0
14906000,0,0
14908000,0,0
14910000,0,0
14912000,0,0
14914000,0,0
14916000,0,0
14918000,0,0
14920000,0,0
14922000,0,0
14924000,0,0
14926000,0,0
14928000,0,0
14930000,0,0
14932000,0,0
14934000,0,0
14936000,0,0
14938000,0,0
14940000,0,0
14942000,0,0
14944000,0,0
14946000,0,0
14948000,0,0
14950000,0,0
14952000,0,0
14954000,0,0
14956000,0,0
14958000,0,0
14960000,0,0
14962000,0,0
14964000,0,0
14966000,0,0
14968000,0,0
14970000,0,0
14972000,0,0
14974000,0,0
14976000,0,0
14978000,0,0
14980000,0,0
14982000,0,0
14984000,0,0
14986000,0,0
14988000,0,0
14990000,0,0
14992000,0,0
14994000,0,0
14996000,0,0
14998000,0,0
15000000,0,0
15002000,0,0
15004000,0,0
15006000,0,0
15008000,0,0
15010000,0,0
15012000,0,0
15014000,0,0
15016000,0,0
15018000,0,0
15020000,0,0
15022000,0,0
15024000,0,0
15026000,0,0
15028000,0,0
15030000,0,0
15032000,0,0
15034000,0,0
15036000,0,0
15038000,0,0
15040000,0,0
15042000,0,0
15044000,0,0
15046000,0,0
15048000,0,0
15050000,0,0
15052000,0,0
15054000,0,0
15056000,0,0
15058000,0,0
15060000,0,0
15062000,0,0
15064000,0,0
15066000,0,0
15068000,0,0
15070000,0,0
15072000,0,0
15074000,0,0
15076000,0,0
15078000,0,0
15080000,0,0
15082000,0,0
15084000,0,0
15086000,0,0
15088000,0,0
15090000,0,0
15092000,0,0
15094000,0,0
15096000,0,0
15098000,0,0
15100000,0,0
15102000,0,0
15104000,0,0
15106000,0,0
15108000,0,0
15110000,0,0
15112000,0,0
15114000,0,0
15116000,0,0
15118000,0,0
15120000,0,0
15122000,0,0
15124000,0,0
15126000,0,0
15128000,0,0
15130000,0,0
15132000,0,0
15134000,0,0
15136000,0,0
15138000,0,0
15140000,0,0
15142000,0,0
15144000,0,0
15146000,0,0
15148000,0,0
15150000,0,0
15152000,0,0
15154000,0,0
15156000,0,0
15158000,0,0
15160000,0,0
15162000,0,0
15164000,0,0
15166000,0,0
15168000,0,0
15170000,0,0
15172000,0,0
15174000,0,0
15176000,0,0
15178000,0,0
15180000,0,0
15182000,0,0
15184000,0,0
15186000,0,0
15188000,0,0
15190000,0,0
15192000,0,0
15194000,0,0
15196000,0,0
15198000,0,0
15200000,0,0
15202000,0,0
15204000,0,0
15206000,0,0
15208000,0,0
15210000,0,0
15212000,0,0
15214000,0,0
15216000,0,0
15218000,0,0
15220000,0,0
15222000,0,0
15224000,0,0
15226000,0,0
15228000,0,0
15230000,0,0
15232000,0,0
15234000,0,0
15236000,0,0
15238000,0,0
15240000,0,0
15242000,0,0
15244000,0,0
15246000,0,0
15248000,0,0
15250000,0,0
15252000,0,0
15254000,0,0
15256000,0,0
15258000,0,0
15260000,0,0
15262000,0,0
15264000,0,0
15266000,0,0
15268000,0,0
15270000,0,0
15272000,0,0
15274000,0,0
15276000,0,0
15278000,0,0
15280000,0,0
15282000,0,0
15284000,0,0
15286000,0,0
15288000,0,0
15290000,0,0
15292000,0,0
15294000,0,0
15296000,0,0
15298000,0,0
15300000,0,0
15302000,0,0
15304000,0,0
15306000,0,0
15308000,0,0
15310000,0,0
15312000,0,0
15314000,0,0
15316000,0,0
15318000,0,0
15320000,0,0
15322000,0,0
15324000,0,0
15326000,0,0
15328000,0,0
15330000,0,0
15332000,0,0
15334000,0,0
15336000,0,0
15338000,0,0
15340000,0,0
15342000,0,0
15344000,0,0
15346000,0,0
15348000,0,0
15350000,0,0
15352000,0,0
15354000,0,0
15356000,0,0
15358000,0,0
15360000,0,0
15362000,0,0
15364000,0,0
15366000,0,0
15368000,0,0
15370000,0,0
15372000,0,0
15374000,0,0
15376000,0,0
15378000,0,0
15380000,0,0
15382000,0,0
15384000,0,0
15386000,0,0
15388000,0,0
15390000,0,0
15392000,0,0
15394000,0,0
15396000,0,0
15398000,0,0
15400000,0,0
15402000,0,0
15404000,0,0
15406000,0,0
15408000,0,0
15410000,0,0
15412000,0,0
15414000,0,0
15416000,0,0
15418000,0,0
15420000,0,0
15422000,0,0
15424000,0,0
15426000,0,0
15428000,0,0
15430000,0,0
15432000,0,0
15434000,0,0
15436000,0,0
15438000,0,0
15440000,0,0
15442000,0,0
15444000,0,0
15446000,0,0
15448000,0,0
15450000,0,0
15452000,0,0
15454000,0,0
15456000,0,0
15458000,0,0
15460000,0,0
15462000,0,0
15464000,0,0
15466000,0,0
15468000,0,0
15470000,0,0
15472000,0,0
15474000,0,0
15476000,0,0
15478000,0,0
15480000,0,0
15482000,0,0
15484000,0,0
15486000,0,0
15488000,0,0
15490000,0,0
15492000,0,0
15494000,0,0
15496000,0,0
15498000,0,0
15500000,0,0
15502000,0,0
15504000,0,0
15506000,0,0
15508000,0,0
15510000,0,0
15512000,0,0
15514000,0,0
15516000,0,0
15518000,0,0
15520000,0,0
15522000,0,0
15524000,0,0
15526000,0,0
15528000,0,0
15530000,0,0
15532000,0,0
15534000,0,0
15536000,0,0
15538000,0,0
15540000,0,0
15542000,0,0
15544000,0,0
15546000,0,0
15548000,0,0
15550000,0,0
15552000,0,0
15554000,0,0
15556000,0,0
15558000,0,0
15560000,0,0
15562000,0,0
15564000,0,0
15566000,0,0
15568000,0,0
15570000,0,0
15572000,0,0
15574000,0,0
15576000,0,0
15578000,0,0
15580000,0,0
15582000,0,0
15584000,0,0
15586000,0,0
15588000,0,0
15590000,0,0
15592000,0,0
15594000,0,0
15596000,0,0
15598000,0,0
15600000,0,0
15602000,0,0
15604000,0,0
15606000,0,0
15608000,0,0
15610000,0,0
15612000,0,0
15614000,0,0
15616000,0,0
15618000,0,0
15620000,0,0
15622000,0,0
15624000,0,0
15626000,0,0
15628000,0,0
15630000,0,0
15632000,0,0
15634000,0,0
15636000,0,0
15638000,0,0
15640000,0,0
15642000,0,0
15644000,0,0
15646000,0,0
15648000,0,0
15650000,0,0
15652000,0,0
15654000,0,0
15656000,0,0
15658000,0,0
15660000,0,0
15662000,0,0
15664000,0,0
15666000,0,0
15668000,0,0
15670000,0,0
15672000,0,0
15674000,0,0
15676000,0,0
15678000,0,0
15680000,0,0
15682000,0,0
15684000,0,0
15686000,0,0
15688000,0,0
15690000,0,0
15692000,0,0
15694000,0,0
15696000,0,0
15698000,0,0
15700000,0,0
15702000,0,0
15704000,0,0
15706000,0,0
15708000,0,0
15710000,0,0
15712000,0,0
15714000,0,0
15716000,0,0
15718000,0,0
15720000,0,0
15722000,0,0
15724000,0,0
15726000,0,0
15728000,0,0
15730000,0,0
15732000,0,0
15734000,0,0
15736000,0,0
15738000,0,0
15740000,0,0
15742000,0,0
15744000,0,0
15746000,0,0
15748000,0,0
15750000,0,0
15752000,0,0
15754000,0,0
15756000,0,0
15758000,0,0
15760000,0,0
15762000,0,0
15764000,0,0
15766000,0,0
15768000,0,0
15770000,0,0
15772000,0,0
15774000,0,0
15776000,0,0
15778000,0,0
15780000,0,0
15782000,0,0
15784000,0,0
15786000,0,0
15788000,0,0
15790000,0,0
15792000,0,0
15794000,0,0
15796000,0,0
15798000,0,0
15800000,0,0
15802000,0,0
15804000,0,0
15806000,0,0
15808000,0,0
15810000,0,0
15812000,0,0
15814000,0,0
15816000,0,0
15818000,0,0
15820000,0,0
15822000,0,0
15824000,0,0
15826000,0,0
15828000,0,0
15830000,0,0
15832000,0,0
15834000,0,0
15836000,0,0
15838000,0,0
15840000,0,0
15842000,0,0
15844000,0,0
15846000,0,0
15848000,0,0
15850000,0,0
15852000,0,0
15854000,0,0
15856000,0,0
15858000,0,0
15860000,0,0
15862000,0,0
15864000,0,0
15866000,0,0
15868000,0,0
15870000,0,0
15872000,0,0
15874000,0,0
15876000,0,0
15878000,0,0
15880000,0,0
15882000,0,0
15884000,0,0
15886000,0,0
15888000,0,0
15890000,0,0
15892000,0,0
15894000,0,0
15896000,0,0
15898000,0,0
15900000,0,0
15902000,0,0
15904000,0,0
15906000,0,0
15908000,0,0
15910000,0,0
15912000,0,0
15914000,0,0
15916000,0,0
15918000,0,0
15920000,0,0
15922000,0,0
15924000,0,0
15926000,0,0
15928000,0,0
15930000,0,0
15932000,0,0
15934000,0,0
15936000,0,0
15938000,0,0
15940000,0,0
15942000,0,0
15944000,0,0
15946000,0,0
15948000,0,0
15950000,0,0
15952000,0,0
15954000,0,0
15956000,0,0
15958000,0,0
15960000,0,0
15962000,0,0
15964000,0,0
15966000,0,0
15968000,0,0
15970000,0,0
15972000,0,0
15974000,0,0
15976000,0,0
15978000,0,0
15980000,0,0
15982000,0,0
15984000,0,0
15986000,0,0
15988000,0,0
15990000,0,0
15992000,0,0
15994000,0,0
15996000,0,0
15998000,0,0
16000000,0,0
16002000,0,0
16004000,0,0
16006000,0,0
16008000,0,0
16010000,0,0
16012000,0,0
16014000,0,0
16016000,0,0
16018000,0,0
16020000,0,0
16022000,0,0
16024000,0,0
16026000,0,0
16028000,0,0
16030000,0,0
16032000,0,0
16034000,0,0
16036000,0,0
16038000,0,0
16040000,0,0
16042000,0,0
16044000,0,0
16046000,0,0
16048000,0,0
16050000,0,0
16052000,0,0
16054000,0,0
16056000,0,0
16058000,0,0
16060000,0,0
16062000,0,0
16064000,0,0
16066000,0,0
16068000,0,0
16070000,0,0
16072000,0,0
16074000,0,0
16076000,0,0
16078000,0,0
16080000,0,0
16082000,0,0
16084000,0,0
16086000,0,0
16088000,0,0
16090000,0,0
16092000,0,0
16094000,0,0
16096000,0,0
16098000,0,0
16100000,0,0
16102000,0,0
16104000,0,0
16106000,0,0
16108000,0,0
16110000,0,0
16112000,0,0
16114000,0,0
16116000,0,0
16118000,0,0
16120000,0,0
16122000,0,0
16124000,0,0
16126000,0,0
16128000,0,0
16130000,0,0
16132000,0,0
16134000,0,0
16136000,0,0
16138000,0,0
16140000,0,0
16142000,0,0
16144000,0,0
16146000,0,0
16148000,0,0
16150000,0,0
16152000,0,0
16154000,0,0
16156000,0,0
16158000,0,0
16160000,0,0
16162000,0,0
16164000,0,0
16166000,0,0
16168000,0,0
16170000,0,0
16172000,0,0
16174000,0,0
16176000,0,0
16178000,0,0
16180000,0,0
16182000,0,0
16184000,0,0
16186000,0,0
16188000,0,0
16190000,0,0
16192000,0,0
16194000,0,0
16196000,0,0
16198000,0,0
16200000,0,0
16202000,0,0
16204000,0,0
16206000,0,0
16208000,0,0
16210000,0,0
16212000,0,0
16214000,0,0
16216000,0,0
16218000,0,0
16220000,0,0
16222000,0,0
16224000,0,0
16226000,0,0
16228000,0,0
16230000,0,0
16232000,0,0
16234000,0,0
16236000,0,0
16238000,0,0
16240000,0,0
16242000,0,0
16244000,0,0
16246000,0,0
16248000,0,0
16250000,0,0
16252000,0,0
16254000,0,0
16256000,0,0
16258000,0,0
16260000,0,0
16262000,0,0
16264000,0,0
16266000,0,0
16268000,0,0
16270000,0,0
16272000,0,0
16274000,0,0
16276000,0,0
16278000,0,0
16280000,0,0
16282000,0,0
16284000,0,0
16286000,0,0
16288000,0,0
16290000,0,0
16292000,0,0
16294000,0,0
16296000,0,0
16298000,0,0
16300000,0,0
16302000,0,0
16304000,0,0
16306000,0,0
16308000,0,0
16310000,0,0
16312000,0,0
16314000,0,0
16316000,0,0
16318000,0,0
16320000,0,0
16322000,0,0
16324000,0,0
16326000,0,0
16328000,0,0
16330000,0,0
16332000,0,0
16334000,0,0
16336000,0,0
16338000,0,0
16340000,0,0
16342000,0,0
16344000,0,0
16346000,0,0
16348000,0,0
16350000,0,0
16352000,0,0
16354000,0,0
16356000,0,0
16358000,0,0
16360000,0,0
16362000,0,0
16364000,0,0
16366000,0,0
16368000,0,0
16370000,0,0
16372000,0,0
16374000,0,0
16376000,0,0
16378000,0,0
16380000,0,0
16382000,0,0
16384000,0,0
16386000,0,0
16388000,0,0
16390000,0,0
16392000,0,0
16394000,0,0
16396000,0,0
16398000,0,0
16400000,0,0
16402000,0,0
16404000,0,0
16406000,0,0
16408000,0,0
16410000,0,0
16412000,0,0
16414000,0,0
16416000,0,0
16418000,0,0
16420000,0,0
16422000,0,0
16424000,0,0
16426000,0,0
16428000,0,0
16430000,0,0
16432000,0,0
16434000,0,0
16436000,0,0
16438000,0,0
16440000,0,0
16442000,0,0
16444000,0,0
16446000,0,0
16448000,0,0
16450000,0,0
16452000,0,0
16454000,0,0
16456000,0,0
16458000,0,0
16460000,0,0
16462000,0,0
16464000,0,0
16466000,0,0
16468000,0,0
16470000,0,0
16472000,0,0
16474000,0,0
16476000,0,0
16478000,0,0
16480000,0,0
16482000,0,0
16484000,0,0
16486000,0,0
16488000,0,0
16490000,0,0
16492000,0,0
16494000,0,0
16496000,0,0
16498000,0,0
16500000,0,0
16502000,0,0
16504000,0,0
16506000,0,0
16508000,0,0
16510000,0,0
16512000,0,0
16514000,0,0
16516000,0,0
16518000,0,0
16520000,0,0
16522000,0,0
16524000,0,0
16526000,0,0
16528000,0,0
16530000,0,0
16532000,0,0
16534000,0,0
16536000,0,0
16538000,0,0
16540000,0,0
16542000,0,0
16544000,0,0
16546000,0,0
16548000,0,0
16550000,0,0
16552000,0,0
16554000,0,0
16556000,0,0
16558000,0,0
16560000,0,0
16562000,0,0
16564000,0,0
16566000,0,0
16568000,0,0
16570000,0,0
16572000,0,0
16574000,0,0
16576000,0,0
16578000,0,0
16580000,0,0
16582000,0,0
16584000,0,0
16586000,0,0
16588000,0,0
16590000,0,0
16592000,0,0
16594000,0,0
16596000,0,0
16598000,0,0
16600000,0,0
16602000,0,0
16604000,0,0
16606000,0,0
16608000,0,0
16610000,0,0
16612000,0,0
16614000,0,0
16616000,0,0
16618000,0,0
16620000,0,0
16622000,0,0
16624000,0,0
16626000,0,0
16628000,0,0
16630000,0,0
16632000,0,0
16634000,0,0
16636000,0,0
16638000,0,0
16640000,0,0
16642000,0,0
16644000,0,0
16646000,0,0
16648000,0,0
16650000,0,0
16652000,0,0
16654000,0,0
16656000,0,0
16658000,0,0
16660000,0,0
16662000,0,0
16664000,0,0
16666000,0,0
16668000,0,0
16670000,0,0
16672000,0,0
16674000,0,0
16676000,0,0
16678000,0,0
16680000,0,0
16682000,0,0
16684000,0,0
16686000,0,0
16688000,0,0
16690000,0,0
16692000,0,0
16694000,0,0
16696000,0,0
16698000,0,0
16700000,0,0
16702000,0,0
16704000,0,0
16706000,0,0
16708000,0,0
16710000,0,0
16712000,0,0
16714000,0,0
16716000,0,0
16718000,0,0
16720000,0,0
16722000,0,0
16724000,0,0
16726000,0,0
16728000,0,0
16730000,0,0
16732000,0,0
16734000,0,0
16736000,0,0
16738000,0,0
16740000,0,0
16742000,0,0
16744000,0,0
16746000,0,0
16748000,0,0
16750000,0,0
16752000,0,0
16754000,0,0
16756000,0,0
16758000,0,0
16760000,0,0
16762000,0,0
16764000,0,0
16766000,0,0
16768000,0,0
16770000,0,0
16772000,0,0
16774000,0,0
16776000,0,0
16778000,0,0
16780000,0,0
16782000,0,0
16784000,0,0
16786000,0,0
16788000,0,0
16790000,0,0
16792000,0,0
16794000,0,0
16796000,0,0
16798000,0,0
16800000,0,0
16802000,0,0
16804000,0,0
16806000,0,0
16808000,0,0
16810000,0,0
16812000,0,0
16814000,0,0
16816000,0,0
16818000,0,0
16820000,0,0
16822000,0,0
16824000,0,0
16826000,0,0
16828000,0,0
16830000,0,0
16832000,0,0
16834000,0,0
16836000,0,0
16838000,0,0
16840000,0,0
16842000,0,0
16844000,0,0
16846000,0,0
16848000,0,0
16850000,0,0
16852000,0,0
16854000,0,0
16856000,0,0
16858000,0,0
16860000,0,0
16862000,0,0
16864000,0,0
16866000,0,0
16868000,0,0
16870000,0,0
16872000,0,0
16874000,0,0
16876000,0,0
16878000,0,0
16880000,0,0
16882000,0,0
16884000,0,0
16886000,0,0
16888000,0,0
16890000,0,0
16892000,0,0
16894000,0,0
16896000,0,0
16898000,0,0
16900000,0,0
16902000,0,0
16904000,0,0
16906000,0,0
16908000,0,0
16910000,0,0
16912000,0,0
16914000,0,0
16916000,0,0
16918000,0,0
16920000,0,0
16922000,0,0
16924000,0,0
16926000,0,0
16928000,0,0
16930000,0,0
16932000,0,0
16934000,0,0
16936000,0,0
16938000,0,0
16940000,0,0
16942000,0,0
16944000,0,0
16946000,0,0
16948000,0,0
16950000,0,0
16952000,0,0
16954000,0,0
16956000,0,0
16958000,0,0
16960000,0,0
16962000,0,0
16964000,0,0
16966000,0,0
16968000,0,0
16970000,0,0
16972000,0,0
16974000,0,0
16976000,0,0
16978000,0,0
16980000,0,0
16982000,0,0
16984000,0,0
16986000,0,0
16988000,0,0
16990000,0,0
16992000,0,0
16994000,0,0
16996000,0,0
16998000,0,0
17000000,0,0
17002000,0,0
17004000,0,0
17006000,0,0
17008000,0,0
17010000,0,0
17012000,0,0
17014000,0,0
17016000,0,0
17018000,0,0
17020000,0,0
17022000,0,0
17024000,0,0
17026000,0,0
17028000,0,0
17030000,0,0
17032000,0,0
17034000,0,0
17036000,0,0
17038000,0,0
17040000,0,0
17042000,0,0
17044000,0,0
17046000,0,0
17048000,0,0
17050000,0,0
17052000,0,0
17054000,0,0
17056000,0,0
17058000,0,0
17060000,0,0
17062000,0,0
17064000,0,0
17066000,0,0
17068000,0,0
17070000,0,0
17072000,0,0
17074000,0,0
17076000,0,0
17078000,0,0
17080000,0,0
17082000,0,0
17084000,0,0
17086000,0,0
17088000,0,0
17090000,0,0
17092000,0,0
17094000,0,0
17096000,0,0
17098000,0,0
17100000,0,0
17102000,0,0
17104000,0,0
17106000,0,0
17108000,0,0
17110000,0,0
17112000,0,0
17114000,0,0
17116000,0,0
17118000,0,0
17120000,0,0
17122000,0,0
17124000,0,0
17126000,0,0
17128000,0,0
17130000,0,0
17132000,0,0
17134000,0,0
17136000,0,0
17138000,0,0
17140000,0,0
17142000,0,0
17144000,0,0
17146000,0,0
17148000,0,0
17150000,0,0
17152000,0,0
17154000,0,0
17156000,0,0
17158000,0,0
17160000,0,0
17162000,0,0
17164000,0,0
17166000,0,0
17168000,0,0
17170000,0,0
17172000,0,0
17174000,0,0
17176000,0,0
17178000,0,0
17180000,0,0
17182000,0,0
17184000,0,0
17186000,0,0
17188000,0,0
17190000,0,0
17192000,0,0
17194000,0,0
17196000,0,0
17198000,0,0
17200000,0,0
17202000,0,0
17204000,0,0
17206000,0,0
17208000,0,0
17210000,0,0
17212000,0,0
17214000,0,0
17216000,0,0
17218000,0,0
17220000,0,0
17222000,0,0
17224000,0,0
17226000,0,0
17228000,0,0
17230000,0,0
17232000,0,0
17234000,0,0
17236000,0,0
17238000,0,0
17240000,0,0
17242000,0,0
17244000,0,0
17246000,0,0
17248000,0,0
17250000,0,0
17252000,0,0
17254000,0,0
17256000,0,0
17258000,0,0
17260000,0,0
17262000,0,0
17264000,0,0
17266000,0,0
17268000,0,0
17270000,0,0
17272000,0,0
17274000,0,0
17276000,0,0
17278000,0,0
17280000,0,0
17282000,0,0
17284000,0,0
17286000,0,0
17288000,0,0
17290000,0,0
17292000,0,0
17294000,0,0
17296000,0,0
17298000,0,0
17300000,0,0
17302000,0,0
17304000,0,0
17306000,0,0
17308000,0,0
17310000,0,0
17312000,0,0
17314000,0,0
17316000,0,0
17318000,0,0
17320000,0,0
17322000,0,0
17324000,0,0
17326000,0,0
17328000,0,0
17330000,0,0
17332000,0,0
17334000,0,0
17336000,0,0
17338000,0,0
17340000,0,0
17342000,0,0
17344000,0,0
17346000,0,0
17348000,0,0
17350000,0,0
17352000,0,0
17354000,0,0
17356000,0,0
17358000,0,0
17360000,0,0
17362000,0,0
17364000,0,0
17366000,0,0
17368000,0,0
17370000,0,0
17372000,0,0
17374000,0,0
17376000,0,0
17378000,0,0
17380000,0,0
17382000,0,0
17384000,0,0
17386000,0,0
17388000,0,0
17390000,0,0
17392000,0,0
17394000,0,0
17396000,0,0
17398000,0,0
17400000,0,0
17402000,0,0
17404000,0,0
17406000,0,0
17408000,0,0
17410000,0,0
17412000,0,0
17414000,0,0
17416000,0,0
17418000,0,0
17420000,0,0
17422000,0,0
17424000,0,0
17426000,0,0
17428000,0,0
17430000,0,0
17432000,0,0
17434000,0,0
17436000,0,0
17438000,0,0
17440000,0,0
17442000,0,0
17444000,0,0
17446000,0,0
17448000,0,0
17450000,0,0
17452000,0,0
17454000,0,0
17456000,0,0
17458000,0,0
17460000,0,0
17462000,0,0
17464000,0,0
17466000,0,0
17468000,0,0
17470000,0,0
17472000,0,0
17474000,0,0
17476000,0,0
17478000,0,0
17480000,0,0
17482000,0,0
17484000,0,0
17486000,0,0
17488000,0,0
17490000,0,0
17492000,0,0
17494000,0,0
17496000,0,0
17498000,0,0
17500000,0,0
17502000,0,0
17504000,0,0
17506000,0,0
17508000,0,0
17510000,0,0
17512000,0,0
17514000,0,0
17516000,0,0
17518000,0,0
17520000,0,0
17522000,0,0
17524000,0,0
17526000,0,0
17528000,0,0
17530000,0,0
17532000,0,0
17534000,0,0
17536000,0,0
17538000,0,0
17540000,0,0
17542000,0,0
17544000,0,0
17546000,0,0
17548000,0,0
17550000,0,0
17552000,0,0
17554000,0,0
17556000,0,0
17558000,0,0
17560000,0,0
17562000,0,0
17564000,0,0
17566000,0,0
17568000,0,0
17570000,0,0
17572000,0,0
17574000,0,0
17576000,0,0
17578000,0,0
17580000,0,0
17582000,0,0
17584000,0,0
17586000,0,0
17588000,0,0
17590000,0,0
17592000,0,0
17594000,0,0
17596000,0,0
17598000,0,0
17600000,0,0
17602000,0,0
17604000,0,0
17606000,0,0
17608000,0,0
17610000,0,0
17612000,0,0
17614000,0,0
17616000,0,0
17618000,0,0
17620000,0,0
17622000,0,0
17624000,0,0
17626000,0,0
17628000,0,0
17630000,0,0
17632000,0,0
17634000,0,0
17636000,0,0
17638000,0,0
17640000,0,0
17642000,0,0
17644000,0,0
17646000,0,0
17648000,0,0
17650000,0,0
17652000,0,0
17654000,0,0
17656000,0,0
17658000,0,0
17660000,0,0
17662000,0,0
17664000,0,0
17666000,0,0
17668000,0,0
17670000,0,0
17672000,0,0
17674000,0,0
17676000,0,0
17678000,0,0
17680000,0,0
17682000,0,0
17684000,0,0
17686000,0,0
17688000,0,0
17690000,0,0
17692000,0,0
17694000,0,0
17696000,0,0
17698000,0,0
17700000,0,0
17702000,0,0
17704000,0,0
17706000,0,0
17708000,0,0
17710000,0,0
17712000,0,0
17714000,0,0
17716000,0,0
17718000,0,0
17720000,0,0
17722000,0,0
17724000,0,0
17726000,0,0
17728000,0,0
17730000,0,0
17732000,0,0
17734000,0,0
17736000,0,0
17738000,0,0
17740000,0,0
17742000,0,0
17744000,0,0
17746000,0,0
17748000,0,0
17750000,0,0
17752000,0,0
17754000,0,0
17756000,0,0
17758000,0,0
17760000,0,0
17762000,0,0
17764000,0,0
17766000,0,0
17768000,0,0
17770000,0,0
17772000,0,0
17774000,0,0
17776000,0,0
17778000,0,0
17780000,0,0
17782000,0,0
17784000,0,0
17786000,0,0
17788000,0,0
17790000,0,0
17792000,0,0
17794000,0,0
17796000,0,0
17798000,0,0
17800000,0,0
17802000,0,0
17804000,0,0
17806000,0,0
17808000,0,0
17810000,0,0
17812000,0,0
17814000,0,0
17816000,0,0
17818000,0,0
17820000,0,0
17822000,0,0
17824000,0,0
17826000,0,0
17828000,0,0
17830000,0,0
17832000,0,0
17834000,0,0
17836000,0,0
17838000,0,0
17840000,0,0
17842000,0,0
17844000,0,0
17846000,0,0
17848000,0,0
17850000,0,0
17852000,0,0
17854000,0,0
17856000,0,0
17858000,0,0
17860000,0,0
17862000,0,0
17864000,0,0
17866000,0,0
17868000,0,0
17870000,0,0
17872000,0,0
17874000,0,0
17876000,0,0
17878000,0,0
17880000,0,0
17882000,0,0
17884000,0,0
17886000,0,0
17888000,0,0
17890000,0,0
17892000,0,0
17894000,0,0
17896000,0,0
17898000,0,0
17900000,0,0
17902000,0,0
17904000,0,0
17906000,0,0
17908000,0,0
17910000,0,0
17912000,0,0
17914000,0,0
17916000,0,0
17918000,0,0
17920000,0,0
17922000,0,0
17924000,0,0
17926000,0,0
17928000,0,0
17930000,0,0
17932000,0,0
17934000,0,0
17936000,0,0
17938000,0,0
17940000,0,0
17942000,0,0
17944000,0,0
17946000,0,0
17948000,0,0
17950000,0,0
17952000,0,0
17954000,0,0
17956000,0,0
17958000,0,0
17960000,0,0
17962000,0,0
17964000,0,0
17966000,0,0
17968000,0,0
17970000,0,0
17972000,0,0
17974000,0,0
17976000,0,0
17978000,0,0
17980000,0,0
17982000,0,0
17984000,0,0
17986000,0,0
17988000,0,0
17990000,0,0
17992000,0,0
17994000,0,0
17996000,0,0
17998000,0,0
18000000,0,0
18002000,0,0
18004000,0,0
18006000,0,0
18008000,0,0
18010000,0,0
18012000,0,0
18014000,0,0
18016000,0,0
18018000,0,0
18020000,0,0
18022000,0,0
18024000,0,0
18026000,0,0
18028000,0,0
18030000,0,0
18032000,0,0
18034000,0,0
18036000,0,0
18038000,0,0
18040000,0,0
18042000,0,0
18044000,0,0
18046000,0,0
18048000,0,0
18050000,0,0
18052000,0,0
18054000,0,0
18056000,0,0
18058000,0,0
18060000,0,0
18062000,0,0
18064000,0,0
18066000,0,0
18068000,0,0
18070000,0,0
18072000,0,0
18074000,0,0
18076000,0,0
18078000,0,0
18080000,0,0
18082000,0,0
18084000,0,0
18086000,0,0
18088000,0,0
18090000,0,0
18092000,0,0
18094000,0,0
18096000,0,0
18098000,0,0
18100000,0,0
18102000,0,0
18104000,0,0
18106000,0,0
18108000,0,0
18110000,0,0
18112000,0,0
18114000,0,0
18116000,0,0
18118000,0,0
18120000,0,0
18122000,0,0
18124000,0,0
18126000,0,0
18128000,0,0
18130000,0,0
18132000,0,0
18134000,0,0
18136000,0,0
18138000,0,0
18140000,0,0
18142000,0,0
18144000,0,0
18146000,0,0
18148000,0,0
18150000,0,0
18152000,0,0
18154000,0,0
18156000,0,0
18158000,0,0
18160000,0,0
18162000,0,0
18164000,0,0
18166000,0,0
18168000,0,0
18170000,0,0
18172000,0,0
18174000,0,0
18176000,0,0
18178000,0,0
18180000,0,0
18182000,0,0
18184000,0,0
18186000,0,0
18188000,0,0
18190000,0,0
18192000,0,0
18194000,0,0
18196000,0,0
18198000,0,0
18200000,0,0
18202000,0,0
18204000,0,0
18206000,0,0
18208000,0,0
18210000,0,0
18212000,0,0
18214000,0,0
18216000,0,0
18218000,0,0
18220000,0,0
18222000,0,0
18224000,0,0
18226000,0,0
18228000,0,0
18230000,0,0
18232000,0,0
18234000,0,0
18236000,0,0
18238000,0,0
18240000,0,0
18242000,0,0
18244000,0,0
18246000,0,0
18248000,0,0
18250000,0,0
18252000,0,0
18254000,0,0
18256000,0,0
18258000,0,0
18260000,0,0
18262000,0,0
18264000,0,0
18266000,0,0
18268000,0,0
18270000,0,0
18272000,0,0
18274000,0,0
18276000,0,0
18278000,0,0
18280000,0,0
18282000,0,0
18284000,0,0
18286000,0,0
18288000,0,0
18290000,0,0
18292000,0,0
18294000,0,0
18296000,0,0
18298000,0,0
18300000,0,0
18302000,0,0
18304000,0,0
18306000,0,0
18308000,0,0
18310000,0,0
18312000,0,0
18314000,0,0
18316000,0,0
18318000,0,0
18320000,0,0
18322000,0,0
18324000,0,0
18326000,0,0
18328000,0,0
18330000,0,0
18332000,0,0
18334000,0,0
18336000,0,0
18338000,0,0
18340000,0,0
18342000,0,0
18344000,0,0
18346000,0,0
18348000,0,0
18350000,0,0
18352000,0,0
18354000,0,0
18356000,0,0
18358000,0,0
18360000,0,0
18362000,0,0
18364000,0,0
18366000,0,0
18368000,0,0
18370000,0,0
18372000,0,0
18374000,0,0
18376000,0,0
18378000,0,0
18380000,0,0
18382000,0,0
18384000,0,0
18386000,0,0
18388000,0,0
18390000,0,0
18392000,0,0
18394000,0,0
18396000,0,0
18398000,0,0
18400000,0,0
18402000,0,0
18404000,0,0
18406000,0,0
18408000,0,0
18410000,0,0
18412000,0,0
18414000,0,0
18416000,0,0
18418000,0,0
18420000,0,0
18422000,0,0
18424000,0,0
18426000,0,0
18428000,0,0
18430000,0,0
18432000,0,0
18434000,0,0
18436000,0,0
18438000,0,0
18440000,0,0
18442000,0,0
18444000,0,0
18446000,0,0
18448000,0,0
18450000,0,0
18452000,0,0
18454000,0,0
18456000,0,0
18458000,0,0
18460000,0,0
18462000,0,0
18464000,0,0
18466000,0,0
18468000,0,0
18470000,0,0
18472000,0,0
18474000,0,0
18476000,0,0
18478000,0,0
18480000,0,0
18482000,0,0
18484000,0,0
18486000,0,0
18488000,0,0
18490000,0,0
18492000,0,0
18494000,0,0
18496000,0,0
18498000,0,0
18500000,0,0
18502000,0,0
18504000,0,0
18506000,0,0
18508000,0,0
18510000,0,0
18512000,0,0
18514000,0,0
18516000,0,0
18518000,0,0
18520000,0,0
18522000,0,0
18524000,0,0
18526000,0,0
18528000,0,0
18530000,0,0
18532000,0,0
18534000,0,0
18536000,0,0
18538000,0,0
18540000,0,0
18542000,0,0
18544000,0,0
18546000,0,0
18548000,0,0
18550000,0,0
18552000,0,0
18554000,0,0
18556000,0,0
18558000,0,0
18560000,0,0
18562000,0,0
18564000,0,0
18566000,0,0
18568000,0,0
18570000,0,0
18572000,0,0
18574000,0,0
18576000,0,0
18578000,0,0
18580000,0,0
18582000,0,0
18584000,0,0
18586000,0,0
18588000,0,0
18590000,0,0
18592000,0,0
18594000,0,0
18596000,0,0
18598000,0,0
18600000,0,0
18602000,0,0
18604000,0,0
18606000,0,0
18608000,0,0
18610000,0,0
18612000,0,0
18614000,0,0
18616000,0,0
18618000,0,0
18620000,0,0
18622000,0,0
18624000,0,0
18626000,0,0
18628000,0,0
18630000,0,0
18632000,0,0
18634000,0,0
18636000,0,0
18638000,0,0
18640000,0,0
18642000,0,0
18644000,0,0
18646000,0,0
18648000,0,0
18650000,0,0
18652000,0,0
18654000,0,0
18656000,0,0
18658000,0,0
18660000,0,0
18662000,0,0
18664000,0,0
18666000,0,0
18668000,0,0
18670000,0,0
18672000,0,0
18674000,0,0
18676000,0,0
18678000,0,0
18680000,0,0
18682000,0,0
18684000,0,0
18686000,0,0
18688000,0,0
18690000,0,0
18692000,0,0
18694000,0,0
18696000,0,0
18698000,0,0
18700000,0,0
18702000,0,0
18704000,0,0
18706000,0,0
18708000,0,0
18710000,0,0
18712000,0,0
18714000,0,0
18716000,0,0
18718000,0,0
18720000,0,0
18722000,0,0
18724000,0,0
18726000,0,0
18728000,0,0
18730000,0,0
18732000,0,0
18734000,0,0
18736000,0,0
18738000,0,0
18740000,0,0
18742000,0,0
18744000,0,0
18746000,0,0
18748000,0,0
18750000,0,0
18752000,0,0
18754000,0,0
18756000,0,0
18758000,0,0
18760000,0,0
18762000,0,0
18764000,0,0
18766000,0,0
18768000,0,0
18770000,0,0
18772000,0,0
18774000,0,0
18776000,0,0
18778000,0,0
18780000,0,0
18782000,0,0
18784000,0,0
18786000,0,0
18788000,0,0
18790000,0,0
18792000,0,0
18794000,0,0
18796000,0,0
18798000,0,0
18800000,0,0
18802000,0,0
18804000,0,0
18806000,0,0
18808000,0,0
18810000,0,0
18812000,0,0
18814000,0,0
18816000,0,0
18818000,0,0
18820000,0,0
18822000,0,0
18824000,0,0
18826000,0,0
18828000,0,0
18830000,0,0
18832000,0,0
18834000,0,0
18836000,0,0
18838000,0,0
18840000,0,0
18842000,0,0
18844000,0,0
18846000,0,0
18848000,0,0
18850000,0,0
18852000,0,0
18854000,0,0
18856000,0,0
18858000,0,0
18860000,0,0
18862000,0,0
18864000,0,0
18866000,0,0
18868000,0,0
18870000,0,0
18872000,0,0
18874000,0,0
18876000,0,0
18878000,0,0
18880000,0,0
18882000,0,0
18884000,0,0
18886000,0,0
18888000,0,0
18890000,0,0
18892000,0,0
18894000,0,0
18896000,0,0
18898000,0,0
18900000,0,0
18902000,0,0
18904000,0,0
18906000,0,0
18908000,0,0
18910000,0,0
18912000,0,0
18914000,0,0
18916000,0,0
18918000,0,0
18920000,0,0
18922000,0,0
18924000,0,0
18926000,0,0
18928000,0,0
18930000,0,0
18932000,0,0
18934000,0,0
18936000,0,0
18938000,0,0
18940000,0,0
18942000,0,0
18944000,0,0
18946000,0,0
18948000,0,0
18950000,0,0
18952000,0,0
18954000,0,0
18956000,0,0
18958000,0,0
18960000,0,0
18962000,0,0
18964000,0,0
18966000,0,0
18968000,0,0
18970000,0,0
18972000,0,0
18974000,0,0
18976000,0,0
18978000,0,0
18980000,0,0
18982000,0,0
18984000,0,0
18986000,0,0
18988000,0,0
18990000,0,0
18992000,0,0
18994000,0,0
18996000,0,0
18998000,0,0
19000000,0,0
19002000,0,0
19004000,0,0
19006000,0,0
19008000,0,0
19010000,0,0
19012000,0,0
19014000,0,0
19016000,0,0
19018000,0,0
19020000,0,0
19022000,0,0
19024000,0,0
19026000,0,0
19028000,0,0
19030000,0,0
19032000,0,0
19034000,0,0
19036000,0,0
19038000,0,0
19040000,0,0
19042000,0,0
19044000,0,0
19046000,0,0
19048000,0,0
19050000,0,0
19052000,0,0
19054000,0,0
19056000,0,0
19058000,0,0
19060000,0,0
19062000,0,0
19064000,0,0
19066000,0,0
19068000,0,0
19070000,0,0
19072000,0,0
19074000,0,0
19076000,0,0
19078000,0,0
19080000,0,0
19082000,0,0
19084000,0,0
19086000,0,0
19088000,0,0
19090000,0,0
19092000,0,0
19094000,0,0
19096000,0,0
19098000,0,0
19100000,0,0
19102000,0,0
19104000,0,0
19106000,0,0
19108000,0,0
19110000,0,0
19112000,0,0
19114000,0,0
19116000,0,0
19118000,0,0
19120000,0,0
19122000,0,0
19124000,0,0
19126000,0,0
19128000,0,0
19130000,0,0
19132000,0,0
19134000,0,0
19136000,0,0
19138000,0,0
19140000,0,0
19142000,0,0
19144000,0,0
19146000,0,0
19148000,0,0
19150000,0,0
19152000,0,0
19154000,0,0
19156000,0,0
19158000,0,0
19160000,0,0
19162000,0,0
19164000,0,0
19166000,0,0
19168000,0,0
19170000,0,0
19172000,0,0
19174000,0,0
19176000,0,0
19178000,0,0
19180000,0,0
19182000,0,0
19184000,0,0
19186000,0,0
19188000,0,0
19190000,0,0
19192000,0,0
19194000,0,0
19196000,0,0
19198000,0,0
19200000,0,0
19202000,0,0
19204000,0,0
19206000,0,0
19208000,0,0
19210000,0,0
19212000,0,0
19214000,0,0
19216000,0,0
19218000,0,0
19220000,0,0
19222000,0,0
19224000,0,0
19226000,0,0
19228000,0,0
19230000,0,0
19232000,0,0
19234000,0,0
19236000,0,0
19238000,0,0
19240000,0,0
19242000,0,0
19244000,0,0
19246000,0,0
19248000,0,0
19250000,0,0
19252000,0,0
19254000,0,0
19256000,0,0
19258000,0,0
19260000,0,0
19262000,0,0
19264000,0,0
19266000,0,0
19268000,0,0
19270000,0,0
19272000,0,0
19274000,0,0
19276000,0,0
19278000,0,0
19280000,0,0
19282000,0,0
19284000,0,0
19286000,0,0
19288000,0,0
19290000,0,0
19292000,0,0
19294000,0,0
19296000,0,0
19298000,0,0
19300000,0,0
19302000,0,0
19304000,0,0
19306000,0,0
19308000,0,0
19310000,0,0
19312000,0,0
19314000,0,0
19316000,0,0
19318000,0,0
19320000,0,0
19322000,0,0
19324000,0,0
19326000,0,0
19328000,0,0
19330000,0,0
19332000,0,0
19334000,0,0
19336000,0,0
19338000,0,0
19340000,0,0
19342000,0,0
19344000,0,0
19346000,0,0
19348000,0,0
19350000,0,0
19352000,0,0
19354000,0,0
19356000,0,0
19358000,0,0
19360000,0,0
19362000,0,0
19364000,0,0
19366000,0,0
19368000,0,0
19370000,0,0
19372000,0,0
19374000,0,0
19376000,0,0
19378000,0,0
19380000,0,0
19382000,0,0
19384000,0,0
19386000,0,0
19388000,0,0
19390000,0,0
19392000,0,0
19394000,0,0
19396000,0,0
19398000,0,0
19400000,0,0
19402000,0,0
19404000,0,0
19406000,0,0
19408000,0,0
19410000,0,0
19412000,0,0
19414000,0,0
19416000,0,0
19418000,0,0
19420000,0,0
19422000,0,0
19424000,0,0
19426000,0,0
19428000,0,0
19430000,0,0
19432000,0,0
19434000,0,0
19436000,0,0
19438000,0,0
19440000,0,0
19442000,0,0
19444000,0,0
19446000,0,0
19448000,0,0
19450000,0,0
19452000,0,0
19454000,0,0
19456000,0,0
19458000,0,0
19460000,0,0
19462000,0,0
19464000,0,0
19466000,0,0
19468000,0,0
19470000,0,0
19472000,0,0
19474000,0,0
19476000,0,0
19478000,0,0
19480000,0,0
19482000,0,0
19484000,0,0
19486000,0,0
19488000,0,0
19490000,0,0
19492000,0,0
19494000,0,0
19496000,0,0
19498000,0,0
19500000,0,0
19502000,0,0
19504000,0,0
19506000,0,0
19508000,0,0
19510000,0,0
19512000,0,0
19514000,0,0
19516000,0,0
19518000,0,0
19520000,0,0
19522000,0,0
19524000,0,0
19526000,0,0
19528000,0,0
19530000,0,0
19532000,0,0
19534000,0,0
19536000,0,0
19538000,0,0
19540000,0,0
19542000,0,0
19544000,0,0
19546000,0,0
19548000,0,0
19550000,0,0
19552000,0,0
19554000,0,0
19556000,0,0
19558000,0,0
19560000,0,0
19562000,0,0
19564000,0,0
19566000,0,0
19568000,0,0
19570000,0,0
19572000,0,0
19574000,0,0
19576000,0,0
19578000,0,0
19580000,0,0
19582000,0,0
19584000,0,0
19586000,0,0
19588000,0,0
19590000,0,0
19592000,0,0
19594000,0,0
19596000,0,0
19598000,0,0
19600000,0,0
19602000,0,0
19604000,0,0
19606000,0,0
19608000,0,0
19610000,0,0
19612000,0,0
19614000,0,0
19616000,0,0
19618000,0,0
19620000,0,0
19622000,0,0
19624000,0,0
19626000,0,0
19628000,0,0
19630000,0,0
19632000,0,0
19634000,0,0
19636000,0,0
19638000,0,0
19640000,0,0
19642000,0,0
19644000,0,0
19646000,0,0
19648000,0,0
19650000,0,0
19652000,0,0
19654000,0,0
19656000,0,0
19658000,0,0
19660000,0,0
19662000,0,0
19664000,0,0
19666000,0,0
19668000,0,0
19670000,0,0
19672000,0,0
19674000,0,0
19676000,0,0
19678000,0,0
19680000,0,0
19682000,0,0
19684000,0,0
19686000,0,0
19688000,0,0
19690000,0,0
19692000,0,0
19694000,0,0
19696000,0,0
19698000,0,0
19700000,0,0
19702000,0,0
19704000,0,0
19706000,0,0
19708000,0,0
19710000,0,0
19712000,0,0
19714000,0,0
19716000,0,0
19718000,0,0
19720000,0,0
19722000,0,0
19724000,0,0
19726000,0,0
19728000,0,0
19730000,0,0
19732000,0,0
19734000,0,0
19736000,0,0
19738000,0,0
19740000,0,0
19742000,0,0
19744000,0,0
19746000,0,0
19748000,0,0
19750000,0,0
19752000,0,0
19754000,0,0
19756000,0,0
19758000,0,0
19760000,0,0
19762000,0,0
19764000,0,0
19766000,0,0
19768000,0,0
19770000,0,0
19772000,0,0
19774000,0,0
19776000,0,0
19778000,0,0
19780000,0,0
19782000,0,0
19784000,0,0
19786000,0,0
19788000,0,0
19790000,0,0
19792000,0,0
19794000,0,0
19796000,0,0
19798000,0,0
19800000,0,0
19802000,0,0
19804000,0,0
19806000,0,0
19808000,0,0
19810000,0,0
19812000,0,0
19814000,0,0
19816000,0,0
19818000,0,0
19820000,0,0
19822000,0,0
19824000,0,0
19826000,0,0
19828000,0,0
19830000,0,0
19832000,0,0
19834000,0,0
19836000,0,0
19838000,0,0
19840000,0,0
19842000,0,0
19844000,0,0
19846000,0,0
19848000,0,0
19850000,0,0
19852000,0,0
19854000,0,0
19856000,0,0
19858000,0,0
19860000,0,0
19862000,0,0
19864000,0,0
19866000,0,0
19868000,0,0
19870000,0,0
19872000,0,0
19874000,0,0
19876000,0,0
19878000,0,0
19880000,0,0
19882000,0,0
19884000,0,0
19886000,0,0
19888000,0,0
19890000,0,0
19892000,0,0
19894000,0,0
19896000,0,0
19898000,0,0
19900000,0,0
19902000,0,0
19904000,0,0
19906000,0,0
19908000,0,0
19910000,0,0
19912000,0,0
19914000,0,0
19916000,0,0
19918000,0,0
19920000,0,0
19922000,0,0
19924000,0,0
19926000,0,0
19928000,0,0
19930000,0,0
19932000,0,0
19934000,0,0
19936000,0,0
19938000,0,0
19940000,0,0
19942000,0,0
19944000,0,0
19946000,0,0
19948000,0,0
19950000,0,0
19952000,0,0
19954000,0,0
19956000,0,0
19958000,0,0
19960000,0,0
19962000,0,0
19964000,0,0
19966000,0,0
19968000,0,0
19970000,0,0
19972000,0,0
19974000,0,0
19976000,0,0
19978000,0,0
19980000,0,0
19982000,0,0
19984000,0,0
19986000,0,0
19988000,0,0
19990000,0,0
19992000,0,0
19994000,0,0
19996000,0,0
19998000,0,0
20000000,0,0
20002000,551218,47932
20004000,2549774,229240
20006000,5634094,729400
20008000,8801774,1229560
20010000,11953824,1719300
20012000,15118378,2219460
20014000,18270428,2709200
20016000,19865730,3209360
20018000,20191876,3456314
20020000,20193960,3610530
20022000,20222094,3962726
20024000,20235640,4315964
20026000,20211674,4659824
20028000,20225220,5012020
20030000,20858756,5356922
20032000,20947326,5454870
20034000,20946284,5513222
20036000,20940032,5570532
20038000,20935864,5628884
20040000,20928570,5686194
20042000,20927528,5744546
20044000,21113004,5801856
20046000,21109878,5763302
20048000,21100500,5723706
20050000,21093206,5683068
20052000,21091122,5644514
20054000,21080702,5604918
20056000,21077576,5566364
20058000,21067156,5526768
20060000,21059862,5487172
20062000,21056736,5448618
20064000,21046316,5409022
20066000,21043190,5370468
20068000,21035896,5330872
20070000,21026518,5291276
20072000,21024434,5348586
20074000,21016098,5497592
20076000,21010888,5648682
20078000,21008804,5799772
20080000,20999426,5946694
20082000,20998384,6097784
20084000,20990048,6245748
20086000,20985880,6396838
20088000,20984838,6547928
20090000,20977544,6695892
20092000,20973376,6846982
20094000,20972334,6997030
20096000,20966082,7144994
20098000,20966082,7296084
20100000,20958788,7443006
20102000,20955662,7594096
20104000,20954620,7744144
20106000,20951494,7892108
20108000,20953578,8042156
20110000,20953578,8193246
20112000,20948368,8340168
20114000,20951494,8491258
20116000,20947326,8638180
20118000,20947326,8789270
20120000,20949410,8939318
20122000,20946284,9087282
20124000,20948368,9237330
20126000,20945242,9385294
20128000,20944200,9535342
20130000,20947326,9685390
20132000,20944200,9833354
20134000,20942116,9983402
20136000,20946284,10134492
20138000,20942116,10281414
20140000,20945242,10432504
20142000,20942116,10579426
20144000,20942116,10730516
20146000,20944200,10880564
20148000,20941074,11028528
20150000,20944200,11178576
20152000,20944200,11329666
20154000,20940032,11476588
20156000,20944200,11627678
20158000,20940032,11774600
20160000,20941074,11925690
20162000,20943158,12075738
20164000,20940032,12223702
20166000,20943158,12373750
20168000,20940032,12521714
20170000,20940032,12671762
20172000,20943158,12822852
20174000,20938990,12969774
20176000,20938990,13120864
20178000,20942116,13270912
20180000,20938990,13417834
20182000,20942116,13568924
20184000,20938990,13715846
20186000,20938990,13866936
20188000,20942116,14016984
20190000,20938990,14164948
20192000,20942116,14314996
20194000,20942116,14466086
20196000,20938990,14613008
20198000,20943158,14764098
20200000,20938990,14911020
20202000,20940032,15062110
20204000,20942116,15212158
20206000,20940032,15360122
20208000,20942116,15510170
20210000,20940032,15658134
20212000,20938990,15808182
20214000,20943158,15959272
20216000,20940032,16106194
20218000,20938990,16257284
20220000,20943158,16407332
20222000,20941074,16555296
20224000,20943158,16705344
20226000,20941074,16853308
20228000,20955662,17003356
20230000,20980670,17137774
20232000,20979628,17249268
20234000,20980670,17361804
20236000,20981712,17475382
20238000,20979628,17585834
20240000,20982754,17699412
20242000,20979628,17808822
20244000,20980670,17922400
20246000,20981712,18034936
20248000,20980670,18146430
20250000,20982754,18258966
20252000,20980670,18369418
20254000,20980670,18481954
20256000,20983796,18595532
20258000,20980670,18705984
20260000,20980670,18819562
20262000,20982754,18931056
20264000,21002552,19042550
20266000,21021308,19135288
20268000,21021308,19210312
20270000,21020266,19285336
20272000,21022350,19360360
20274000,21020266,19433300
20276000,21023392,19509366
20278000,21022350,19584390
20280000,21021308,19658372
20282000,21046316,19734438
20284000,21059862,19785496
20286000,21059862,19823008
20288000,21060904,19860520
20290000,21061946,19899074
20292000,21061946,19936586
20294000,21060904,19973056
20296000,21060904,20010568
20298000,21062988,20049122
20300000,21061946,20085592
20302000,21061946,20124146
20304000,21061946,20160616
20306000,21062988,20199170
20308000,21062988,20235640
20310000,21062988,20273152
20312000,21087996,20310664
20314000,21114046,20325252
20316000,21114046,20312748
20318000,21115088,20301286
20320000,21114046,20287740
20322000,21116130,20277320
20324000,21115088,20263774
20326000,21117172,20253354
20328000,21111962,20240850
20330000,21065072,20232514
20332000,21066114,20271068
20334000,21083828,20307538
20336000,21117172,20328378
20338000,21117172,20315874
20340000,21117172,20304412
20342000,21117172,20291908
20344000,21118214,20280446
20346000,21117172,20266900
20348000,21119256,20256480
20350000,21116130,20242934
20352000,21069240,20233556
20354000,21070282,20271068
20356000,21083828,20308580
20358000,21120298,20332546
20360000,21120298,20320042
20362000,21119256,20306496
20364000,21121340,20296076
20366000,21121340,20283572
20368000,21122382,20273152
20370000,21121340,20259606
20372000,21122382,20248144
20374000,21076534,20235640
20376000,21073408,20268984
20378000,21079660,20305454
20380000,21123424,20336714
20382000,21123424,20325252
20384000,21123424,20312748
20386000,21124466,20301286
20388000,21123424,20287740
20390000,21124466,20276278
20392000,21124466,20263774
20394000,21126550,20253354
20396000,21087996,20240850
20398000,21075492,20266900
20400000,21076534,20303370
20402000,21126550,20340882
20404000,21125508,20327336
20406000,21127592,20316916
20408000,21127592,20304412
20410000,21129676,20293992
20412000,21129676,20281488
20414000,21129676,20270026
20416000,21128634,20256480
20418000,21096332,20245018
20420000,21078618,20264816
20422000,21080702,20303370
20424000,21124466,20339840
20426000,21132802,20335672
20428000,21131760,20323168
20430000,21130718,20309622
20432000,21132802,20299202
20434000,21131760,20285656
20436000,21132802,20274194
20438000,21132802,20261690
20440000,21105710,20250228
20442000,21083828,20265858
20444000,21084870,20304412
20446000,21122382,20339840
20448000,21135928,20340882
20450000,21134886,20327336
20452000,21135928,20315874
20454000,21135928,20303370
20456000,21136970,20291908
20458000,21138012,20280446
20460000,21138012,20268984
20462000,21116130,20256480
20464000,21089038,20265858
20466000,21086954,20301286
20468000,21122382,20339840
20470000,21139054,20344008
20472000,21140096,20332546
20474000,21141138,20321084
20476000,21140096,20308580
20478000,21141138,20297118
20480000,21141138,20284614
20482000,21142180,20273152
20484000,21124466,20259606
20486000,21092164,20263774
20488000,21091122,20300244
20490000,21121340,20339840
20492000,21143222,20350260
20494000,21144264,20338798
20496000,21144264,20326294
20498000,21145306,20314832
20500000,21144264,20301286
20502000,21145306,20289824
20504000,21146348,20278362
20506000,21136970,20266900
20508000,21095290,20263774
20510000,21096332,20302328
20512000,21120298,20339840
20514000,21147390,20354428
20516000,21148432,20342966
20518000,21148432,20330462
20520000,21149474,20319000
20522000,21150516,20307538
20524000,21149474,20295034
20526000,21149474,20282530
20528000,21145306,20270026
20530000,21097374,20259606
20532000,21098416,20297118
20534000,21110920,20331504
20536000,21145306,20353386
20538000,21144264,20339840
20540000,21142180,20326294
20542000,21141138,20312748
20544000,21135928,20295034
20546000,21132802,20279404
20548000,21131760,20265858
20550000,21121340,20250228
20552000,21076534,20242934
20554000,21073408,20277320
20556000,21082786,20307538
20558000,21115088,20327336
20560000,21111962,20311706
20562000,21107794,20295034
20564000,21104668,20279404
20566000,21096332,20259606
20568000,21092164,20243976
20570000,21080702,20222094
20572000,21068198,20206464
20574000,21027560,20202296
20576000,21027560,20238766
20578000,21048400,20276278
20580000,21080702,20295034
20582000,21075492,20277320
20584000,21078618,20267942
20586000,21071324,20249186
20588000,21071324,20236682
20590000,21068198,20221052
20592000,21067156,20207506
20594000,21050484,20190834
20596000,21011930,20188750
20598000,21006720,20221052
20600000,21030686,20258564
20602000,21050484,20266900
20604000,21051526,20255438
20606000,21047358,20238766
20608000,21045274,20224178
20610000,21041106,20207506
20612000,21036938,20190834
20614000,21034854,20176246
20616000,21014014,20161658
20618000,20973376,20159574
20620000,20972334,20196044
20622000,20996300,20228346
20624000,21015056,20234598
20626000,21009846,20216884
20628000,21008804,20203338
20630000,21011930,20193960
20632000,21007762,20177288
20634000,21005678,20162700
20636000,21002552,20148112
20638000,20979628,20134566
20640000,20948368,20140818
20642000,20948368,20178330
20644000,20977544,20210632
20646000,20995258,20215842
20648000,20989006,20197086
20650000,20986922,20183540
20652000,20983796,20167910
20654000,20980670,20152280
20656000,20978586,20137692
20658000,20975460,20122062
20660000,20947326,20109558
20662000,20921276,20121020
20664000,20918150,20154364
20666000,20954620,20189792
20668000,20960872,20183540
20670000,20959830,20169994
20672000,20956704,20154364
20674000,20952536,20137692
20676000,20951494,20124146
20678000,20947326,20107474
20680000,20945242,20092886
20682000,20902520,20074130
20684000,20883764,20092886
20686000,20883764,20129356
20688000,20922318,20160616
20690000,20925444,20151238
20692000,20918150,20131440
20694000,20913982,20114768
20696000,20909814,20098096
20698000,20904604,20081424
20700000,20899394,20063710
20702000,20896268,20048080
20704000,20845210,20027240
20706000,20834790,20053290
20708000,20829580,20082466
20710000,20875428,20115810
20712000,20870218,20098096
20714000,20866050,20081424
20716000,20857714,20061626
20718000,20854588,20045996
20720000,20849378,20028282
20722000,20846252,20012652
20724000,20835832,19992854
20726000,20782690,19977224
20728000,20779564,20010568
20730000,20785816,20042870
20732000,20818118,20063710
20734000,20811866,20044954
20736000,20808740,20029324
20738000,20802488,20010568
20740000,20800404,19995980
20742000,20794152,19976182
20744000,20788942,19959510
20746000,20774354,19942838
20748000,20730590,19936586
20750000,20722254,19965762
20752000,20736842,19999106
20754000,20763934,20013694
20756000,20757682,19994938
20758000,20753514,19978266
20760000,20746220,19958468
20762000,20743094,19942838
20764000,20734758,19923040
20766000,20728506,19904284
20768000,20705582,19886570
20770000,20668070,19885528
20772000,20663902,19918872
20774000,20681616,19948048
20776000,20701414,19955342
20778000,20696204,19937628
20780000,20689952,19919914
20782000,20683700,19901158
20784000,20677448,19882402
20786000,20673280,19865730
20788000,20667028,19846974
20790000,20638894,19830302
20792000,20605550,19834470
20794000,20600340,19866772
20796000,20627432,19900116
20798000,20639936,19900116
20800000,20636810,19884486
20802000,20628474,19863646
20804000,20624306,19846974
20806000,20618054,19828218
20808000,20611802,19809462
20810000,20605550,19790706
20812000,20568038,19771950
20814000,20541988,19783412
20816000,20536778,19814672
20818000,20566996,19843848
20820000,20573248,19837596
20822000,20568038,19819882
20824000,20556576,19795916
20826000,20551366,19778202
20828000,20541988,19757362
20830000,20534694,19737564
20832000,20527400,19717766
20834000,20476342,19695884
20836000,20458628,19715682
20838000,20447166,19740690
20840000,20484678,19768824
20842000,20478426,19750068
20844000,20469048,19729228
20846000,20459670,19707346
20848000,20450292,19685464
20850000,20432578,19655246
20852000,20419032,19629196
20854000,20398192,19598978
20856000,20339840,19578138
20858000,20323168,19597936
20860000,20311706,19621902
20862000,20345050,19642742
20864000,20333588,19618776
20866000,20316916,19589600
20868000,20307538,19567718
20870000,20289824,19537500
20872000,20276278,19511450
20874000,20257522,19480190
20876000,20227304,19452056
20878000,20177288,19439552
20880000,20160616,19459350
20882000,20158532,19485400
20884000,20181456,19495820
20886000,20167910,19469770
20888000,20151238,19440594
20890000,20137692,19415586
20892000,20117894,19383284
20894000,20107474,19360360
20896000,20089760,19330142
20898000,20060584,19305134
20900000,20011610,19292630
20902000,19997022,19315554
20904000,19994938,19338478
20906000,20015778,19347856
20908000,19999106,19318680
20910000,19985560,19292630
20912000,19968888,19263454
20914000,19953258,19235320
20916000,19937628,19207186
20918000,19916788,19173842
20920000,19883444,19151960
20922000,19837596,19143624
20924000,19825092,19168632
20926000,19816756,19186346
20928000,19848016,19205102
20930000,19830302,19172800
20932000,19825092,19151960
20934000,19806336,19118616
20936000,19800084,19096734
20938000,19781328,19063390
20940000,19734438,19042550
20942000,19709430,19051928
20944000,19700052,19076936
20946000,19715682,19098818
20948000,19725060,19093608
20950000,19711514,19066516
20952000,19699010,19039424
20954000,19688590,19014416
20956000,19672960,18985240
20958000,19651078,18959190
20960000,19593768,18937308
20962000,19586474,18965442
20964000,19571886,18983156
20966000,19609398,19008164
20968000,19591684,18975862
20970000,19582306,18952938
20972000,19564592,18921678
20974000,19554172,18897712
20976000,19535416,18865410
20978000,19496862,18845612
20980000,19459350,18843528
20982000,19454140,18872704
20984000,19456224,18888334
20986000,19477064,18895628
20988000,19458308,18863326
20990000,19451014,18841444
20992000,19427048,18810184
20994000,19414544,18787260
20996000,19393704,18758084
20998000,19334310,18734118
21000000,19325974,18757042
21002000,19311386,18777882
21004000,19347856,18802890
21006000,19338478,18781008
21008000,19324932,18757042
21010000,19305134,18725782
21012000,19295756,18702858
21014000,19275958,18671598
21016000,19242614,18647632
21018000,19195724,18637212
21020000,19184262,18665346
21022000,19182178,18683060
21024000,19207186,18696606
21026000,19187388,18664304
21028000,19180094,18642422
21030000,19159254,18611162
21032000,19153002,18590322
21034000,19131120,18555936
21036000,19077978,18534054
21038000,19049844,18543432
21040000,19039424,18571566
21042000,19039424,18591364
21044000,19061306,18598658
21046000,19044634,18571566
21048000,19030046,18544474
21050000,19019626,18519466
21052000,18984198,18490290
21054000,18938350,18480912
21056000,18921678,18500710
21058000,18910216,18526760
21060000,18927930,18543432
21062000,18931056,18533012
21064000,18906048,18499668
21066000,18896670,18477786
21068000,18875830,18445484
21070000,18822688,18422560
21072000,18789344,18428812
21074000,18777882,18455904
21076000,18763294,18471534
21078000,18794554,18491332
21080000,18770588,18459030
21082000,18754958,18439232
21084000,18736202,18404846
21086000,18678892,18381922
21088000,18649716,18389216
21090000,18635128,18416308
21092000,18616372,18436106
21094000,18601784,18461114
21096000,18633044,18481954
21098000,18618456,18456946
21100000,18601784,18430896
21102000,18564272,18401720
21104000,18517382,18395468
21106000,18498626,18414224
21108000,18482996,18440274
21110000,18462156,18457988
21112000,18489248,18484038
21114000,18478828,18461114
21116000,18463198,18438190
21118000,18424644,18405888
21120000,18401720,18401720
21122000,18393384,18393384
21124000,18388174,18388174
21126000,18360040,18360040
21128000,18354830,18354830
21130000,18326696,18326696
21132000,18322528,18322528
21134000,18293352,18293352
21136000,18283974,18283974
21138000,18258966,18258966
21140000,18249588,18249588
21142000,18227706,18227706
21144000,18214160,18214160
21146000,18196446,18196446
21148000,18179774,18179774
21150000,18165186,18165186
21152000,18145388,18144346
21154000,18128716,18128716
21156000,18108918,18108918
21158000,18097456,18097456
21160000,18072448,18072448
21162000,18060986,18060986
21164000,18038062,18038062
21166000,18027642,18027642
21168000,18002634,18002634
21170000,17992214,17992214
21172000,17966164,17966164
21174000,17959912,17959912
21176000,17931778,17931778
21178000,17927610,17927610
21180000,17897392,17897392
21182000,17894266,17894266
21184000,17865090,17865090
21186000,17855712,17855712
21188000,17831746,17831746
21190000,17821326,17821326
21192000,17800486,17800486
21194000,17786940,17786940
21196000,17768184,17768184
21198000,17752554,17752554
21200000,17736924,17736924
21202000,17716084,17716084
21204000,17701496,17701496
21206000,17680656,17680656
21208000,17669194,17669194
21210000,17645228,17645228
21212000,17632724,17632724
21214000,17610842,17610842
21216000,17599380,17599380
21218000,17575414,17575414
21220000,17564994,17564994
21222000,17537902,17537902
21224000,17532692,17532692
21226000,17503516,17503516
21228000,17499348,17499348
21230000,17470172,17470172
21232000,17464962,17464962
21234000,17437870,17437870
21236000,17428492,17428492
21238000,17403484,17403484
21240000,17394106,17394106
21242000,17372224,17372224
21244000,17358678,17358678
21246000,17340964,17340964
21248000,17323250,17323250
21250000,17309704,17309704
21252000,17288864,17288864
21254000,17273234,17273234
21256000,17252394,17252394
21258000,17240932,17240932
21260000,17218008,17218008
21262000,17205504,17205504
21264000,17182580,17182580
21266000,17172160,17172160
21268000,17147152,17147152
21270000,17135690,17135690
21272000,17109640,17109640
21274000,17104430,17104430
21276000,17076296,17076296
21278000,17072128,17072128
21280000,17041910,17041910
21282000,17035658,17035658
21284000,17008566,17008566
21286000,16999188,16999188
21288000,16976264,16976264
21290000,16964802,16964802
21292000,16945004,16945004
21294000,16930416,16930416
21296000,16912702,16912702
21298000,16896030,16896030
21300000,16880400,16880400
21302000,16861644,16861644
21304000,16846014,16846014
21306000,16824132,16824132
21308000,16813712,16813712
21310000,16789746,16789746
21312000,16776200,16776200
21314000,16754318,16754318
21316000,16742856,16742856
21318000,16719932,16719932
21320000,16708470,16708470
21322000,16681378,16681378
21324000,16677210,16677210
21326000,16648034,16648034
21328000,16642824,16642824
21330000,16614690,16614690
21332000,16607396,16607396
21334000,16580304,16580304
21336000,16571968,16571968
21338000,16548002,16548002
21340000,16537582,16537582
21342000,16516742,16516742
21344000,16502154,16502154
21346000,16485482,16485482
21348000,16467768,16467768
21350000,16453180,16453180
21352000,16433382,16433382
21354000,16417752,16417752
21356000,16396912,16396912
21358000,16384408,16384408
21360000,16362526,16362526
21362000,16348980,16348980
21364000,16326056,16326056
21366000,16315636,16315636
21368000,16291670,16291670
21370000,16280208,16280208
21372000,16254158,16254158
21374000,16248948,16248948
21376000,16220814,16220814
21378000,16215604,16215604
21380000,16186428,16186428
21382000,16180176,16180176
21384000,16152042,16152042
21386000,16144748,16144748
21388000,16120782,16120782
21390000,16108278,16108278
21392000,16089522,16089522
21394000,16073892,16073892
21396000,16057220,16057220
21398000,16040548,16040548
21400000,16024918,16024918
21402000,16005120,16005120
21404000,15990532,15990532
21406000,15968650,15968650
21408000,15957188,15957188
21410000,15933222,15933222
21412000,15920718,15920718
21414000,15897794,15897794
21416000,15887374,15887374
21418000,15863408,15863408
21420000,15852988,15852988
21422000,15825896,15825896
21424000,15821728,15821728
21426000,15792552,15792552
21428000,15788384,15788384
21430000,15759208,15759208
21432000,15751914,15751914
21434000,15724822,15724822
21436000,15716486,15716486
21438000,15692520,15692520
21440000,15681058,15681058
21442000,15661260,15661260
21444000,15646672,15646672
21446000,15630000,15630000
21448000,15611244,15611244
21450000,15597698,15597698
21452000,15576858,15576858
21454000,15562270,15562270
21456000,15540388,15540388
21458000,15528926,15528926
21460000,15504960,15504960
21462000,15493498,15493498
21464000,15468490,15468490
21466000,15460154,15460154
21468000,15434104,15434104
21470000,15425768,15425768
21472000,15398676,15398676
21474000,15393466,15393466
21476000,15365332,15365332
21478000,15360122,15360122
21480000,15330946,15330946
21482000,15323652,15323652
21484000,15296560,15296560
21486000,15288224,15288224
21488000,15265300,15265300
21490000,15252796,15252796
21492000,15234040,15234040
21494000,15218410,15218410
21496000,15201738,15201738
21498000,15184024,15184024
21500000,15169436,15169436
21502000,15148596,15148596
21504000,15135050,15135050
21506000,15111084,15111084
21508000,15100664,15100664
21510000,15076698,15076698
21512000,15066278,15066278
21514000,15041270,15041270
21516000,15031892,15031892
21518000,15005842,15005842
21520000,14997506,14997506
21522000,14970414,14970414
21524000,14966246,14966246
21526000,14937070,14937070
21528000,14932902,14932902
21530000,14902684,14902684
21532000,14895390,14895390
21534000,14869340,14869340
21536000,14859962,14859962
21538000,14837038,14837038
21540000,14825576,14825576
21542000,14805778,14805778
21544000,14791190,14791190
21546000,14774518,14774518
21548000,14755762,14755762
21550000,14741174,14741174
21552000,14719292,14719292
21554000,14707830,14707830
21556000,14683864,14683864
21558000,14672402,14672402
21560000,14649478,14649478
21562000,14638016,14638016
21564000,14613008,14613008
21566000,14604672,14604672
21568000,14577580,14577580
21570000,14570286,14570286
21572000,14542152,14542152
21574000,14536942,14536942
21576000,14509850,14509850
21578000,14504640,14504640
21580000,14474422,14474422
21582000,14467128,14467128
21584000,14441078,14441078
21586000,14431700,14431700
21588000,14409818,14409818
21590000,14396272,14396272
21592000,14378558,14378558
21594000,14361886,14361886
21596000,14347298,14347298
21598000,14327500,14327500
21600000,14312912,14312912
21602000,14291030,14291030
21604000,14279568,14279568
21606000,14254560,14254560
21608000,14245182,14245182
21610000,14220174,14220174
21612000,14210796,14210796
21614000,14185788,14185788
21616000,14175368,14175368
21618000,14149318,14149318
21620000,14142024,14142024
21622000,14113890,14113890
21624000,14109722,14109722
21626000,14080546,14080546
21628000,14077420,14077420
21630000,14047202,14047202
21632000,14038866,14038866
21634000,14013858,14013858
21636000,14003438,14003438
21638000,13982598,13982598
21640000,13969052,13969052
21642000,13950296,13950296
21644000,13934666,13934666
21646000,13919036,13919036
21648000,13898196,13898196
21650000,13884650,13884650
21652000,13862768,13862768
21654000,13852348,13852348
21656000,13827340,13827340
21658000,13815878,13815878
21660000,13792954,13792954
21662000,13782534,13782534
21664000,13756484,13756484
21666000,13748148,13748148
21668000,13720014,13720014
21670000,13714804,13714804
21672000,13685628,13685628
21674000,13681460,13681460
21676000,13652284,13652284
21678000,13649158,13649158
21680000,13619982,13619982
21682000,13610604,13610604
21684000,13585596,13585596
21686000,13576218,13576218
21688000,13554336,13554336
21690000,13540790,13540790
21692000,13523076,13523076
21694000,13506404,13506404
21696000,13491816,13491816
21698000,13470976,13470976
21700000,13455346,13455346
21702000,13435548,13435548
21704000,13423044,13423044
21706000,13399078,13399078
21708000,13387616,13387616
21710000,13364692,13364692
21712000,13354272,13354272
21714000,13329264,13329264
21716000,13318844,13318844
21718000,13292794,13292794
21720000,13286542,13286542
21722000,13258408,13258408
21724000,13254240,13254240
21726000,13224022,13224022
21728000,13220896,13220896
21730000,13191720,13191720
21732000,13182342,13182342
21734000,13158376,13158376
21736000,13147956,13147956
21738000,13127116,13127116
21740000,13113570,13113570
21742000,13094814,13094814
21744000,13079184,13079184
21746000,13063554,13063554
21748000,13042714,13042714
21750000,13028126,13028126
21752000,13006244,13006244
21754000,12995824,12995824
21756000,12971858,12971858
21758000,12959354,12959354
21760000,12937472,12937472
21762000,12926010,12926010
21764000,12902044,12902044
21766000,12890582,12890582
21768000,12864532,12864532
21770000,12859322,12859322
21772000,12830146,12830146
21774000,12825978,12825978
21776000,12796802,12796802
21778000,12790550,12790550
21780000,12763458,12763458
21782000,12754080,12754080
21784000,12730114,12730114
21786000,12719694,12719694
21788000,12698854,12698854
21790000,12684266,12684266
21792000,12667594,12667594
21794000,12649880,12649880
21796000,12636334,12636334
21798000,12615494,12615494
21800000,12599864,12599864
21802000,12579024,12579024
21804000,12567562,12567562
21806000,12544638,12544638
21808000,12532134,12532134
21810000,12508168,12508168
21812000,12498790,12498790
21814000,12473782,12473782
21816000,12462320,12462320
21818000,12436270,12436270
21820000,12431060,12431060
21822000,12402926,12402926
21824000,12397716,12397716
21826000,12368540,12368540
21828000,12362288,12362288
21830000,12334154,12334154
21832000,12325818,12325818
21834000,12302894,12302894
21836000,12291432,12291432
21838000,12271634,12271634
21840000,12257046,12257046
21842000,12239332,12239332
21844000,12222660,12222660
21846000,12207030,12207030
21848000,12188274,12188274
21850000,12172644,12172644
21852000,12150762,12150762
21854000,12139300,12139300
21856000,12116376,12116376
21858000,12102830,12102830
21860000,12080948,12080948
21862000,12069486,12069486
21864000,12046562,12046562
21866000,12035100,12035100
21868000,12008008,12008008
21870000,12003840,12003840
21872000,11974664,11974664
21874000,11969454,11969454
21876000,11941320,11941320
21878000,11934026,11934026
21880000,11906934,11906934
21882000,11898598,11898598
21884000,11874632,11874632
21886000,11863170,11863170
21888000,11843372,11843372
21890000,11828784,11828784
21892000,11812112,11812112
21894000,11794398,11794398
21896000,11779810,11779810
21898000,11760012,11760012
21900000,11744382,11744382
21902000,11723542,11723542
21904000,11711038,11711038
21906000,11688114,11688114
21908000,11675610,11675610
21910000,11651644,11651644
21912000,11642266,11642266
21914000,11617258,11617258
21916000,11606838,11606838
21918000,11580788,11580788
21920000,11575578,11575578
21922000,11547444,11547444
21924000,11542234,11542234
21926000,11513058,11513058
21928000,11506806,11506806
21930000,11478672,11478672
21932000,11471378,11471378
21934000,11447412,11447412
21936000,11434908,11434908
21938000,11416152,11416152
21940000,11400522,11400522
21942000,11383850,11383850
21944000,11367178,11367178
21946000,11351548,11351548
21948000,11331750,11331750
21950000,11317162,11317162
21952000,11295280,11295280
21954000,11283818,11283818
21956000,11258810,11258810
21958000,11247348,11247348
21960000,11223382,11223382
21962000,11214004,11214004
21964000,11188996,11188996
21966000,11179618,11179618
21968000,11152526,11152526
21970000,11148358,11148358
21972000,11119182,11119182
21974000,11115014,11115014
21976000,11085838,11085838
21978000,11078544,11078544
21980000,11051452,11051452
21982000,11043116,11043116
21984000,11019150,11019150
21986000,11007688,11007688
21988000,10987890,10987890
21990000,10973302,10973302
21992000,10956630,10956630
21994000,10937874,10937874
21996000,10924328,10924328
21998000,10903488,10903488
22000000,10888900,10888900
22002000,10867018,10867018
22004000,10855556,10855556
22006000,10831590,10831590
22008000,10820128,10820128
22010000,10795120,10795120
22012000,10786784,10786784
22014000,10759692,10759692
22016000,10752398,10752398
22018000,10725306,10725306
22020000,10720096,10720096
22022000,10691962,10691962
22024000,10686752,10686752
22026000,10656534,10656534
22028000,10650282,10650282
22030000,10623190,10623190
22032000,10614854,10614854
22034000,10591930,10591930
22036000,10579426,10579426
22038000,10560670,10560670
22040000,10545040,10545040
22042000,10528368,10528368
22044000,10510654,10510654
22046000,10495024,10495024
22048000,10474184,10474184
22050000,10461680,10461680
22052000,10437714,10437714
22054000,10427294,10427294
22056000,10403328,10403328
22058000,10392908,10392908
22060000,10367900,10367900
22062000,10358522,10358522
22064000,10332472,10332472
22066000,10324136,10324136
22068000,10297044,10297044
22070000,10291834,10291834
22072000,10263700,10263700
22074000,10259532,10259532
22076000,10229314,10229314
22078000,10220978,10220978
22080000,10195970,10195970
22082000,10185550,10185550
22084000,10163668,10163668
22086000,10151164,10151164
22088000,10132408,10132408
22090000,10116778,10116778
22092000,10101148,10101148
22094000,10081350,10081350
22096000,10067804,10067804
22098000,10044880,10044880
22100000,10034460,10034460
22102000,10009452,10009452
22104000,9999032,9999032
22106000,9975066,9975066
22108000,9964646,9964646
22110000,9939638,9939638
22112000,9931302,9931302
22114000,9903168,9903168
22116000,9896916,9896916
22118000,9868782,9868782
22120000,9863572,9863572
22122000,9836480,9836480
22124000,9831270,9831270
22126000,9801052,9801052
22128000,9793758,9793758
22130000,9767708,9767708
22132000,9758330,9758330
22134000,9736448,9736448
22136000,9722902,9722902
22138000,9705188,9705188
22140000,9688516,9688516
22142000,9673928,9673928
22144000,9654130,9654130
22146000,9639542,9639542
22148000,9617660,9617660
22150000,9606198,9606198
22152000,9581190,9581190
22154000,9570770,9570770
22156000,9546804,9546804
22158000,9537426,9537426
22160000,9512418,9512418
22162000,9501998,9501998
22164000,9474906,9474906
22166000,9468654,9468654
22168000,9440520,9440520
22170000,9436352,9436352
22172000,9407176,9407176
22174000,9404050,9404050
22176000,9373832,9373832
22178000,9364454,9364454
22180000,9340488,9340488
22182000,9330068,9330068
22184000,9309228,9309228
22186000,9295682,9295682
22188000,9276926,9276926
22190000,9261296,9261296
22192000,9245666,9245666
22194000,9225868,9224826
22196000,9210238,9210238
22198000,9189398,9189398
22200000,9178978,9178978
22202000,9153970,9153970
22204000,9141466,9141466
22206000,9119584,9119584
22208000,9108122,9108122
22210000,9083114,9083114
22212000,9073736,9073736
22214000,9046644,9046644
22216000,9041434,9041434
22218000,9012258,9012258
22220000,9008090,9008090
22222000,8978914,8978914
22224000,8974746,8974746
22226000,8946612,8946612
22228000,8937234,8937234
22230000,8912226,8912226
22232000,8902848,8902848
22234000,8880966,8880966
22236000,8867420,8867420
22238000,8849706,8849706
22240000,8833034,8833034
22242000,8818446,8818446
22244000,8797606,8797606
22246000,8781976,8781976
22248000,8762178,8762178
22250000,8749674,8749674
22252000,8725708,8725708
22254000,8714246,8714246
22256000,8691322,8691322
22258000,8680902,8680902
22260000,8655894,8655894
22262000,8645474,8645474
22264000,8619424,8619424
22266000,8613172,8613172
22268000,8585038,8585038
22270000,8580870,8580870
22272000,8550652,8550652
22274000,8546484,8546484
22276000,8518350,8518350
22278000,8508972,8508972
22280000,8485006,8485006
22282000,8474586,8474586
22284000,8453746,8453746
22286000,8440200,8440200
22288000,8421444,8421444
22290000,8404772,8404772
22292000,8390184,8390184
22294000,8369344,8369344
22296000,8354756,8354756
22298000,8332874,8332874
22300000,8322454,8322454
22302000,8298488,8298488
22304000,8285984,8285984
22306000,8264102,8264102
22308000,8252640,8252640
22310000,8228674,8228674
22312000,8217212,8217212
22314000,8190120,8190120
22316000,8185952,8185952
22318000,8156776,8156776
22320000,8152608,8152608
22322000,8123432,8123432
22324000,8116138,8116138
22326000,8090088,8090088
22328000,8080710,8080710
22330000,8056744,8056744
22332000,8046324,8046324
22334000,8025484,8025484
22336000,8010896,8010896
22338000,7994224,7994224
22340000,7976510,7976510
22342000,7961922,7961922
22344000,7942124,7942124
22346000,7926494,7926494
22348000,7905654,7905654
22350000,7894192,7894192
22352000,7871268,7871268
22354000,7857722,7857722
22356000,7834798,7834798
22358000,7824378,7824378
22360000,7800412,7800412
22362000,7788950,7788950
22364000,7762900,7762900
22366000,7757690,7757690
22368000,7729556,7729556
22370000,7724346,7724346
22372000,7695170,7695170
22374000,7688918,7688918
22376000,7660784,7660784
22378000,7652448,7652448
22380000,7629524,7629524
22382000,7618062,7618062
22384000,7598264,7598264
22386000,7582634,7582634
22388000,7565962,7565962
22390000,7549290,7549290
22392000,7533660,7533660
22394000,7514904,7514904
22396000,7499274,7499274
22398000,7477392,7477392
22400000,7465930,7465930
22402000,7443006,7443006
22404000,7429460,7429460
22406000,7407578,7407578
22408000,7396116,7396116
22410000,7373192,7373192
22412000,7361730,7361730
22414000,7334638,7334638
22416000,7330470,7330470
22418000,7301294,7301294
22420000,7296084,7296084
22422000,7267950,7267950
22424000,7260656,7260656
22426000,7233564,7233564
22428000,7225228,7225228
22430000,7201262,7201262
22432000,7189800,7189800
22434000,7170002,7170002
22436000,7155414,7155414
22438000,7138742,7138742
22440000,7121028,7121028
22442000,7106440,7106440
22444000,7085600,7085600
22446000,7071012,7071012
22448000,7050172,7050172
22450000,7037668,7037668
22452000,7014744,7014744
22454000,7002240,7002240
22456000,6978274,6978274
22458000,6968896,6968896
22460000,6943888,6943888
22462000,6933468,6933468
22464000,6907418,6907418
22466000,6902208,6902208
22468000,6874074,6874074
22470000,6868864,6868864
22472000,6839688,6839688
22474000,6833436,6833436
22476000,6805302,6805302
22478000,6798008,6798008
22480000,6774042,6774042
22482000,6761538,6761538
22484000,6742782,6742782
22486000,6727152,6727152
22488000,6710480,6710480
22490000,6692766,6692766
22492000,6678178,6678178
22494000,6658380,6658380
22496000,6643792,6643792
22498000,6620868,6620868
22500000,6610448,6610448
22502000,6585440,6585440
22504000,6573978,6573978
22506000,6550012,6550012
22508000,6540634,6540634
22510000,6515626,6515626
22512000,6506248,6506248
22514000,6479156,6479156
22516000,6474988,6474988
22518000,6445812,6445812
22520000,6441644,6441644
22522000,6412468,6412468
22524000,6404132,6404132
22526000,6378082,6378082
22528000,6368704,6368704
22530000,6345780,6345780
22532000,6334318,6334318
22534000,6314520,6314520
22536000,6299932,6299932
22538000,6283260,6283260
22540000,6264504,6264504
22542000,6250958,6250958
22544000,6229076,6229076
22546000,6215530,6215530
22548000,6192606,6192606
22550000,6181144,6181144
22552000,6158220,6158220
22554000,6146758,6146758
22556000,6121750,6121750
22558000,6113414,6113414
22560000,6086322,6086322
22562000,6079028,6079028
22564000,6051936,6051936
22566000,6046726,6046726
22568000,6018592,6018592
22570000,6013382,6013382
22572000,5983164,5983164
22574000,5976912,5976912
22576000,5949820,5949820
22578000,5941484,5941484
22580000,5918560,5918560
22582000,5906056,5906056
22584000,5887300,5887300
22586000,5871670,5871670
22588000,5854998,5854998
22590000,5837284,5837284
22592000,5821654,5821654
22594000,5800814,5800814
22596000,5788310,5788310
22598000,5764344,5764344
22600000,5753924,5753924
22602000,5729958,5729958
22604000,5719538,5719538
22606000,5694530,5694530
22608000,5685152,5685152
22610000,5659102,5659102
22612000,5650766,5650766
22614000,5622632,5622632
22616000,5618464,5618464
22618000,5590330,5590330
22620000,5586162,5586162
22622000,5555944,5555944
22624000,5547608,5547608
22626000,5522600,5522600
22628000,5512180,5512180
22630000,5490298,5490298
22632000,5477794,5477794
22634000,5459038,5459038
22636000,5443408,5443408
22638000,5427778,5427778
22640000,5407980,5407980
22642000,5394434,5394434
22644000,5371510,5371510
22646000,5361090,5361090
22648000,5336082,5336082
22650000,5325662,5325662
22652000,5301696,5301696
22654000,5291276,5291276
22656000,5266268,5266268
22658000,5256890,5256890
22660000,5229798,5229798
22662000,5223546,5223546
22664000,5195412,5195412
22666000,5190202,5190202
22668000,5162068,5162068
22670000,5157900,5157900
22672000,5127682,5127682
22674000,5120388,5120388
22676000,5094338,5094338
22678000,5084960,5084960
22680000,5063078,5063078
22682000,5049532,5049532
22684000,5031818,5031818
22686000,5015146,5015146
22688000,5000558,5000558
22690000,4979718,4979718
22692000,4965130,4965130
22694000,4944290,4944290
22696000,4932828,4932828
22698000,4907820,4907820
22700000,4897400,4897400
22702000,4873434,4873434
22704000,4864056,4864056
22706000,4838006,4838006
22708000,4828628,4828628
22710000,4801536,4801536
22712000,4795284,4795284
22714000,4766108,4766108
22716000,4762982,4762982
22718000,4732764,4732764
22720000,4730680,4730680
22722000,4700462,4700462
22724000,4691084,4691084
22726000,4667118,4667118
22728000,4656698,4656698
22730000,4635858,4635858
22732000,4622312,4622312
22734000,4603556,4603556
22736000,4587926,4587926
22738000,4572296,4572296
22740000,4551456,4551456
22742000,4536868,4536868
22744000,4516028,4516028
22746000,4504566,4504566
22748000,4480600,4480600
22750000,4468096,4468096
22752000,4446214,4446214
22754000,4434752,4434752
22756000,4409744,4409744
22758000,4400366,4400366
22760000,4373274,4373274
22762000,4368064,4368064
22764000,4338888,4338888
22766000,4334720,4334720
22768000,4305544,4305544
22770000,4301376,4301376
22772000,4273242,4273242
22774000,4263864,4263864
22776000,4238856,4238856
22778000,4229478,4229478
22780000,4207596,4207596
22782000,4194050,4194050
22784000,4176336,4176336
22786000,4159664,4159664
22788000,4145076,4145076
22790000,4124236,4124236
22792000,4108606,4108606
22794000,4087766,4087766
22796000,4076304,4076304
22798000,4052338,4052338
22800000,4040876,4040876
22802000,4017952,4017952
22804000,4007532,4007532
22806000,3982524,3982524
22808000,3971062,3971062
22810000,3946054,3946054
22812000,3939802,3939802
22814000,3911668,3911668
22816000,3907500,3907500
22818000,3877282,3877282
22820000,3872072,3872072
22822000,3843938,3843938
22824000,3834560,3834560
22826000,3811636,3811636
22828000,3800174,3800174
22830000,3780376,3780376
22832000,3765788,3765788
22834000,3748074,3748074
22836000,3731402,3731402
22838000,3716814,3716814
22840000,3695974,3695974
22842000,3681386,3681386
22844000,3659504,3659504
22846000,3649084,3649084
22848000,3625118,3625118
22850000,3612614,3612614
22852000,3589690,3589690
22854000,3579270,3579270
22856000,3555304,3555304
22858000,3543842,3543842
22860000,3516750,3516750
22862000,3512582,3512582
22864000,3483406,3483406
22866000,3478196,3478196
22868000,3450062,3450062
22870000,3442768,3442768
22872000,3415676,3415676
22874000,3407340,3407340
22876000,3383374,3383374
22878000,3372954,3372954
22880000,3352114,3352114
22882000,3337526,3337526
22884000,3320854,3320854
22886000,3303140,3303140
22888000,3288552,3288552
22890000,3268754,3268754
22892000,3253124,3253124
22894000,3232284,3232284
22896000,3219780,3219780
22898000,3197898,3197898
22900000,3184352,3184352
22902000,3161428,3161428
22904000,3151008,3151008
22906000,3127042,3127042
22908000,3115580,3115580
22910000,3089530,3089530
22912000,3084320,3084320
22914000,3056186,3056186
22916000,3050976,3050976
22918000,3021800,3021800
22920000,3015548,3015548
22922000,2987414,2987414
22924000,2979078,2979078
22926000,2956154,2956154
22928000,2943650,2943650
22930000,2924894,2924894
22932000,2909264,2909264
22934000,2892592,2892592
22936000,2875920,2875920
22938000,2860290,2860290
22940000,2841534,2841534
22942000,2825904,2825904
22944000,2804022,2804022
22946000,2792560,2792560
22948000,2768594,2768594
22950000,2756090,2756090
22952000,2733166,2733166
22954000,2722746,2722746
22956000,2698780,2698780
22958000,2688360,2688360
22960000,2661268,2661268
22962000,2657100,2657100
22964000,2627924,2627924
22966000,2622714,2622714
22968000,2594580,2594580
22970000,2587286,2587286
22972000,2560194,2560194
22974000,2551858,2551858
22976000,2527892,2527892
22978000,2516430,2516430
22980000,2496632,2496632
22982000,2482044,2482044
22984000,2465372,2465372
22986000,2447658,2447658
22988000,2433070,2433070
22990000,2412230,2412230
22992000,2397642,2397642
22994000,2376802,2376802
22996000,2364298,2364298
22998000,2340332,2340332
23000000,2328870,2328870
23002000,2303862,2303862
23004000,2295526,2295526
23006000,2269476,2269476
23008000,2260098,2260098
23010000,2234048,2234048
23012000,2228838,2228838
23014000,2200704,2200704
23016000,2195494,2195494
23018000,2166318,2166318
23020000,2160066,2160066
23022000,2131932,2131932
23024000,2124638,2124638
23026000,2100672,2100672
23028000,2088168,2088168
23030000,2069412,2069412
23032000,2053782,2053782
23034000,2037110,2037110
23036000,2019396,2019396
23038000,2004808,2004808
23040000,1985010,1985010
23042000,1970422,1970422
23044000,1947498,1947498
23046000,1937078,1937078
23048000,1912070,1912070
23050000,1900608,1900608
23052000,1876642,1876642
23054000,1867264,1867264
23056000,1841214,1841214
23058000,1832878,1832878
23060000,1805786,1805786
23062000,1801618,1801618
23064000,1772442,1772442
23066000,1768274,1768274
23068000,1738056,1738056
23070000,1730762,1730762
23072000,1704712,1704712
23074000,1695334,1695334
23076000,1672410,1672410
23078000,1660948,1660948
23080000,1641150,1641150
23082000,1626562,1626562
23084000,1609890,1609890
23086000,1591134,1591134
23088000,1576546,1576546
23090000,1554664,1554664
23092000,1542160,1542160
23094000,1519236,1519236
23096000,1507774,1507774
23098000,1484850,1484850
23100000,1473388,1473388
23102000,1448380,1448380
23104000,1440044,1440044
23106000,1412952,1412952
23108000,1405658,1405658
23110000,1378566,1378566
23112000,1372314,1372314
23114000,1345222,1345222
23116000,1340012,1340012
23118000,1309794,1309794
23120000,1302500,1302500
23122000,1276450,1276450
23124000,1267072,1267072
23126000,1245190,1245190
23128000,1231644,1231644
23130000,1213930,1213930
23132000,1197258,1197258
23134000,1181628,1181628
23136000,1162872,1162872
23138000,1148284,1148284
23140000,1126402,1126402
23142000,1114940,1114940
23144000,1089932,1089932
23146000,1080554,1080554
23148000,1055546,1055546
23150000,1046168,1046168
23152000,1021160,1021160
23154000,1011782,1011782
23156000,984690,984690
23158000,977396,977396
23160000,949262,949262
23162000,945094,945094
23164000,916960,916960
23166000,912792,912792
23168000,882574,882574
23170000,874238,874238
23172000,849230,849230
23174000,838810,838810
23176000,816928,816928
23178000,804424,804424
23180000,785668,785668
23182000,770038,770038
23184000,754408,754408
23186000,734610,734610
23188000,721064,721064
23190000,698140,698140
23192000,687720,687720
23194000,662712,662712
23196000,651250,651250
23198000,628326,628326
23200000,617906,617906
23202000,592898,592898
23204000,583520,583520
23206000,555386,555386
23208000,550176,550176
23210000,522042,522042
23212000,516832,516832
23214000,488698,488698
23216000,484530,484530
23218000,454312,454312
23220000,445976,445976
23222000,420968,420968
23224000,411590,411590
23226000,389708,389708
23228000,376162,376162
23230000,358448,358448
23232000,341776,341776
23234000,327188,327188
23236000,307390,306348
23238000,290718,290718
23240000,270920,270920
23242000,259458,259458
23244000,234450,234450
23246000,222988,222988
23248000,200064,200064
23250000,189644,189644
23252000,164636,164636
23254000,154216,154216
23256000,128166,128166
23258000,121914,121914
23260000,92738,92738
23262000,89612,89612
23264000,59394,59394
23266000,56268,56268
23268000,27092,27092
23270000,17714,17714
23272000,0,0
23274000,0,0
23276000,0,0
23278000,1042,1042
23280000,0,0
23282000,1042,1042
23284000,0,0
23286000,1042,1042
23288000,0,0
23290000,1042,1042
23292000,0,0
23294000,1042,1042
23296000,0,0
23298000,0,0
23300000,0,0
23302000,1042,1042
23304000,0,0
23306000,0,0
23308000,0,0
23310000,0,0
23312000,2084,2084
23314000,1042,1042
23316000,2084,2084
23318000,0,0
23320000,0,0
23322000,0,0
23324000,0,0
23326000,0,0
23328000,0,0
23330000,0,0
23332000,0,0
23334000,2084,2084
23336000,0,0
23338000,4168,4168
23340000,0,0
23342000,5210,5210
23344000,0,0
23346000,5210,5210
23348000,0,0
23350000,10420,10420
23352000,0,0
23354000,8336,8336
23356000,2084,2084
23358000,0,0
23360000,0,0
23362000,7294,6252
23364000,4168,4168
23366000,5210,5210
23368000,6252,6252
23370000,1042,1042
23372000,2084,2084
23374000,2084,2084
23376000,1042,1042
23378000,0,0
23380000,3126,3126
23382000,1042,1042
23384000,9378,9378
23386000,5210,5210
23388000,0,0
23390000,9378,9378
23392000,5210,5210
23394000,0,0
23396000,4168,2084
23398000,3126,3126
23400000,1042,1042
23402000,0,0
23404000,4168,4168
23406000,4168,4168
23408000,0,0
23410000,8336,8336
23412000,13546,13546
23414000,0,0
23416000,14588,13546
23418000,19798,18756
23420000,3126,2084
23422000,12504,12504
23424000,20840,20840
23426000,8336,8336
23428000,5210,5210
23430000,13546,13546
23432000,15630,15630
23434000,6252,6252
23436000,6252,6252
23438000,8336,7294
23440000,10420,10420
23442000,3126,3126
23444000,3126,3126
23446000,6252,6252
23448000,6252,5210
23450000,3126,3126
23452000,3126,3126
23454000,2084,2084
23456000,2084,2084
23458000,2084,2084
23460000,4168,4168
23462000,2084,2084
23464000,4168,4168
23466000,8336,7294
23468000,0,0
23470000,11462,11462
23472000,11462,11462
23474000,3126,3126
23476000,15630,11462
23478000,7294,7294
23480000,2084,2084
23482000,3126,3126
23484000,10420,10420
23486000,0,0
23488000,7294,7294
23490000,2084,1042
23492000,3126,3126
23494000,4168,3126
23496000,6252,6252
23498000,0,0
23500000,5210,5210
23502000,3126,3126
23504000,6252,6252
23506000,1042,1042
23508000,3126,3126
23510000,12504,12504
23512000,2084,2084
23514000,5210,5210
23516000,10420,9378
23518000,0,0
23520000,6252,6252
23522000,12504,11462
23524000,2084,2084
23526000,1042,1042
23528000,7294,7294
23530000,5210,5210
23532000,1042,1042
23534000,5210,4168
23536000,6252,6252
23538000,5210,4168
23540000,0,0
23542000,5210,5210
23544000,8336,8336
23546000,2084,2084
23548000,1042,1042
23550000,1042,1042
23552000,7294,7294
23554000,5210,5210
23556000,2084,2084
23558000,6252,6252
23560000,4168,4168
23562000,2084,2084
23564000,3126,2084
23566000,6252,6252
23568000,2084,2084
23570000,1042,1042
23572000,4168,4168
23574000,5210,5210
23576000,2084,2084
23578000,1042,1042
23580000,8336,8336
23582000,9378,9378
23584000,3126,3126
23586000,10420,10420
23588000,9378,9378
23590000,0,0
23592000,7294,7294
23594000,10420,10420
23596000,2084,2084
23598000,3126,3126
23600000,2084,2084
23602000,2084,1042
23604000,5210,5210
23606000,3126,3126
23608000,2084,2084
23610000,5210,5210
23612000,5210,5210
23614000,3126,3126
23616000,2084,2084
23618000,3126,3126
23620000,3126,3126
23622000,6252,5210
23624000,2084,1042
23626000,8336,6252
23628000,6252,6252
23630000,2084,2084
23632000,5210,5210
23634000,0,0
23636000,2084,2084
23638000,6252,6252
23640000,2084,2084
23642000,0,0
23644000,7294,7294
23646000,2084,2084
23648000,0,0
23650000,3126,3126
23652000,5210,5210
23654000,3126,3126
23656000,5210,5210
23658000,3126,3126
23660000,4168,4168
23662000,2084,2084
23664000,3126,1042
23666000,3126,3126
23668000,8336,8336
23670000,3126,2084
23672000,4168,4168
23674000,9378,9378
23676000,7294,7294
23678000,0,0
23680000,8336,8336
23682000,10420,10420
23684000,3126,3126
23686000,4168,4168
23688000,12504,12504
23690000,7294,7294
23692000,2084,2084
23694000,11462,10420
23696000,8336,8336
23698000,2084,2084
23700000,2084,2084
23702000,5210,4168
23704000,5210,4168
23706000,5210,5210
23708000,2084,2084
23710000,2084,2084
23712000,9378,9378
23714000,2084,2084
23716000,0,0
23718000,4168,4168
23720000,2084,2084
23722000,2084,1042
23724000,2084,2084
23726000,5210,5210
23728000,1042,1042
23730000,0,0
23732000,5210,5210
23734000,2084,2084
23736000,0,0
23738000,4168,4168
23740000,7294,7294
23742000,5210,5210
23744000,3126,3126
23746000,5210,5210
23748000,6252,6252
23750000,1042,1042
23752000,3126,3126
23754000,2084,2084
23756000,3126,3126
23758000,4168,4168
23760000,4168,4168
23762000,3126,3126
23764000,1042,1042
23766000,3126,3126
23768000,3126,2084
23770000,1042,1042
23772000,1042,1042
23774000,4168,2084
23776000,3126,3126
23778000,1042,1042
23780000,8336,8336
23782000,6252,6252
23784000,4168,4168
23786000,8336,7294
23788000,10420,9378
23790000,1042,1042
23792000,3126,3126
23794000,11462,10420
23796000,0,0
23798000,3126,3126
23800000,5210,5210
23802000,1042,1042
23804000,3126,3126
23806000,8336,8336
23808000,0,0
23810000,5210,4168
23812000,1042,1042
23814000,1042,1042
23816000,3126,3126
23818000,7294,7294
23820000,0,0
23822000,3126,2084
23824000,3126,3126
23826000,5210,2084
23828000,3126,3126
23830000,3126,3126
23832000,2084,2084
23834000,6252,6252
23836000,1042,1042
23838000,3126,3126
23840000,6252,6252
23842000,1042,1042
23844000,3126,3126
23846000,6252,6252
23848000,1042,1042
23850000,6252,5210
23852000,6252,6252
23854000,2084,2084
23856000,8336,8336
23858000,1042,1042
23860000,3126,3126
23862000,10420,9378
23864000,1042,1042
23866000,3126,3126
23868000,6252,6252
23870000,4168,4168
23872000,1042,1042
23874000,6252,5210
23876000,3126,3126
23878000,0,0
23880000,1042,1042
23882000,2084,2084
23884000,0,0
23886000,2084,2084
23888000,3126,2084
23890000,0,0
23892000,3126,3126
23894000,3126,3126
23896000,1042,1042
23898000,1042,1042
23900000,2084,2084
23902000,3126,3126
23904000,2084,2084
23906000,4168,4168
23908000,0,0
23910000,7294,7294
23912000,4168,4168
23914000,0,0
23916000,2084,2084
23918000,4168,4168
23920000,4168,4168
23922000,4168,4168
23924000,4168,3126
23926000,2084,2084
23928000,3126,3126
23930000,8336,7294
23932000,6252,6252
23934000,0,0
23936000,11462,11462
23938000,7294,7294
23940000,2084,2084
23942000,3126,3126
23944000,6252,6252
23946000,4168,4168
23948000,3126,3126
23950000,4168,4168
23952000,5210,5210
23954000,5210,5210
23956000,1042,1042
23958000,5210,5210
23960000,7294,7294
23962000,2084,2084
23964000,3126,2084
23966000,5210,5210
23968000,5210,5210
23970000,1042,1042
23972000,3126,3126
23974000,3126,3126
23976000,3126,2084
23978000,4168,4168
23980000,0,0
23982000,2084,2084
23984000,3126,3126
23986000,3126,3126
23988000,0,0
23990000,4168,4168
23992000,4168,3126
23994000,4168,3126
23996000,0,0
23998000,2084,2084
24000000,4168,4168
24002000,2084,1042
24004000,2084,2084
24006000,1042,1042
24008000,4168,4168
24010000,4168,3126
24012000,2084,2084
24014000,3126,3126
24016000,4168,4168
24018000,0,0
24020000,2084,2084
24022000,3126,3126
24024000,0,0
24026000,3126,3126
24028000,1042,1042
24030000,1042,1042
24032000,2084,2084
24034000,0,0
24036000,0,0
24038000,5210,5210
24040000,5210,5210
24042000,5210,5210
24044000,1042,1042
24046000,3126,3126
24048000,2084,2084
24050000,2084,2084
24052000,3126,1042
24054000,3126,3126
24056000,8336,7294
24058000,2084,2084
24060000,4168,4168
24062000,6252,5210
24064000,0,0
24066000,3126,2084
24068000,1042,1042
24070000,0,0
24072000,0,0
24074000,4168,4168
24076000,4168,4168
24078000,0,0
24080000,1042,1042
24082000,3126,3126
24084000,1042,1042
24086000,2084,2084
24088000,1042,1042
24090000,3126,3126
24092000,0,0
24094000,4168,4168
24096000,0,0
24098000,4168,4168
24100000,1042,1042
24102000,4168,3126
24104000,5210,5210
24106000,2084,2084
24108000,2084,2084
24110000,2084,2084
24112000,3126,3126
24114000,1042,1042
24116000,1042,1042
24118000,5210,5210
24120000,4168,4168
24122000,2084,2084
24124000,6252,6252
24126000,3126,3126
24128000,0,0
24130000,5210,5210
24132000,5210,5210
24134000,4168,4168
24136000,3126,3126
24138000,2084,2084
24140000,5210,5210
24142000,2084,1042
24144000,1042,1042
24146000,4168,4168
24148000,4168,4168
24150000,6252,6252
24152000,1042,1042
24154000,4168,4168
24156000,4168,4168
24158000,0,0
24160000,2084,2084
24162000,4168,4168
24164000,0,0
24166000,5210,5210
24168000,5210,5210
24170000,1042,1042
24172000,2084,2084
24174000,6252,6252
24176000,4168,4168
24178000,4168,4168
24180000,5210,4168
24182000,4168,4168
24184000,1042,1042
24186000,1042,1042
24188000,4168,4168
24190000,3126,3126
24192000,3126,3126
24194000,2084,2084
24196000,3126,3126
24198000,4168,4168
24200000,0,0
24202000,2084,2084
24204000,6252,6252
24206000,3126,3126
24208000,5210,5210
24210000,7294,7294
24212000,5210,5210
24214000,1042,1042
24216000,7294,7294
24218000,7294,6252
24220000,1042,1042
24222000,1042,1042
24224000,0,0
24226000,2084,2084
24228000,4168,3126
24230000,1042,1042
24232000,0,0
24234000,6252,6252
24236000,2084,2084
24238000,0,0
24240000,7294,4168
24242000,0,0
24244000,0,0
24246000,4168,4168
24248000,7294,7294
24250000,0,0
24252000,6252,6252
24254000,4168,4168
24256000,4168,4168
24258000,1042,1042
24260000,7294,7294
24262000,8336,8336
24264000,2084,2084
24266000,5210,3126
24268000,3126,2084
24270000,8336,8336
24272000,5210,5210
24274000,2084,2084
24276000,10420,10420
24278000,9378,9378
24280000,0,0
24282000,5210,5210
24284000,10420,10420
24286000,0,0
24288000,0,0
24290000,5210,5210
24292000,6252,6252
24294000,5210,5210
24296000,3126,3126
24298000,7294,7294
24300000,5210,4168
24302000,0,0
24304000,5210,5210
24306000,4168,4168
24308000,0,0
24310000,3126,2084
24312000,8336,8336
24314000,1042,1042
24316000,2084,2084
24318000,7294,7294
24320000,6252,6252
24322000,3126,3126
24324000,8336,8336
24326000,3126,3126
24328000,3126,3126
24330000,1042,1042
24332000,3126,3126
24334000,3126,3126
24336000,0,0
24338000,2084,2084
24340000,4168,4168
24342000,3126,3126
24344000,3126,3126
24346000,1042,1042
24348000,9378,8336
24350000,3126,3126
24352000,1042,1042
24354000,7294,7294
24356000,6252,5210
24358000,1042,1042
24360000,6252,6252
24362000,4168,4168
24364000,3126,3126
24366000,2084,2084
24368000,4168,4168
24370000,2084,2084
24372000,0,0
24374000,2084,2084
24376000,4168,4168
24378000,4168,4168
24380000,3126,3126
24382000,3126,3126
24384000,4168,4168
24386000,1042,1042
24388000,1042,1042
24390000,2084,2084
24392000,3126,3126
24394000,1042,1042
24396000,0,0
24398000,5210,5210
24400000,4168,3126
24402000,0,0
24404000,0,0
24406000,6252,6252
24408000,7294,7294
24410000,0,0
24412000,4168,3126
24414000,1042,1042
24416000,0,0
24418000,5210,5210
24420000,7294,7294
24422000,1042,1042
24424000,4168,4168
24426000,6252,6252
24428000,1042,1042
24430000,2084,2084
24432000,6252,6252
24434000,3126,3126
24436000,0,0
24438000,5210,5210
24440000,6252,6252
24442000,3126,3126
24444000,0,0
24446000,0,0
24448000,1042,1042
24450000,1042,1042
24452000,1042,1042
24454000,2084,2084
24456000,6252,6252
24458000,3126,3126
24460000,1042,1042
24462000,3126,3126
24464000,2084,2084
24466000,1042,1042
24468000,1042,1042
24470000,2084,2084
24472000,5210,5210
24474000,2084,2084
24476000,5210,4168
24478000,1042,1042
24480000,2084,2084
24482000,4168,4168
24484000,3126,3126
24486000,1042,1042
24488000,1042,1042
24490000,6252,6252
24492000,0,0
24494000,5210,5210
24496000,8336,8336
24498000,4168,4168
24500000,1042,1042
24502000,9378,9378
24504000,4168,4168
24506000,1042,1042
24508000,1042,1042
24510000,6252,6252
24512000,3126,3126
24514000,4168,4168
24516000,3126,3126
24518000,5210,5210
24520000,0,0
24522000,0,0
24524000,2084,1042
24526000,5210,5210
24528000,3126,2084
24530000,1042,1042
24532000,8336,8336
24534000,5210,5210
24536000,1042,1042
24538000,7294,7294
24540000,6252,6252
24542000,2084,2084
24544000,3126,3126
24546000,6252,6252
24548000,4168,4168
24550000,2084,2084
24552000,4168,4168
24554000,7294,7294
24556000,4168,4168
24558000,2084,2084
24560000,5210,5210
24562000,6252,6252
24564000,4168,4168
24566000,3126,2084
24568000,5210,4168
24570000,6252,6252
24572000,5210,5210
24574000,1042,1042
24576000,3126,3126
24578000,3126,3126
24580000,2084,2084
24582000,4168,4168
24584000,6252,6252
24586000,4168,4168
24588000,0,0
24590000,2084,2084
24592000,4168,4168
24594000,4168,4168
24596000,0,0
24598000,4168,4168
24600000,4168,4168
24602000,1042,1042
24604000,2084,1042
24606000,6252,6252
24608000,5210,5210
24610000,0,0
24612000,4168,4168
24614000,6252,5210
24616000,6252,6252
24618000,3126,3126
24620000,5210,4168
24622000,3126,3126
24624000,1042,1042
24626000,3126,3126
24628000,6252,6252
24630000,5210,5210
24632000,2084,2084
24634000,5210,5210
24636000,4168,4168
24638000,0,0
24640000,4168,4168
24642000,3126,3126
24644000,2084,2084
24646000,4168,3126
24648000,3126,3126
24650000,5210,5210
24652000,2084,2084
24654000,5210,5210
24656000,2084,2084
24658000,0,0
24660000,8336,8336
24662000,2084,2084
24664000,2084,2084
24666000,9378,9378
24668000,1042,1042
24670000,3126,3126
24672000,2084,2084
24674000,3126,3126
24676000,1042,1042
24678000,2084,2084
24680000,2084,2084
24682000,5210,5210
24684000,3126,2084
24686000,1042,1042
24688000,1042,1042
24690000,2084,2084
24692000,2084,2084
24694000,3126,3126
24696000,3126,2084
24698000,2084,2084
24700000,2084,2084
24702000,3126,3126
24704000,3126,3126
24706000,1042,1042
24708000,3126,3126
24710000,4168,4168
24712000,0,0
24714000,6252,6252
24716000,4168,4168
24718000,2084,2084
24720000,3126,3126
24722000,9378,8336
24724000,1042,1042
24726000,0,0
24728000,2084,2084
24730000,2084,1042
24732000,8336,8336
24734000,4168,4168
24736000,2084,2084
24738000,4168,4168
24740000,3126,3126
24742000,2084,2084
24744000,4168,4168
24746000,2084,2084
24748000,4168,4168
24750000,4168,4168
24752000,2084,2084
24754000,1042,1042
24756000,4168,4168
24758000,2084,1042
24760000,3126,3126
24762000,1042,1042
24764000,7294,7294
24766000,4168,3126
24768000,1042,1042
24770000,4168,4168
24772000,2084,2084
24774000,2084,2084
24776000,0,0
24778000,9378,9378
24780000,5210,5210
24782000,0,0
24784000,6252,6252
24786000,7294,7294
24788000,0,0
24790000,3126,3126
24792000,7294,7294
24794000,0,0
24796000,3126,3126
24798000,13546,11462
24800000,3126,3126
24802000,3126,3126
24804000,3126,3126
24806000,11462,11462
24808000,2084,2084
24810000,7294,6252
24812000,3126,3126
24814000,4168,4168
24816000,5210,3126
24818000,0,0
24820000,2084,2084
24822000,5210,5210
24824000,3126,3126
24826000,1042,1042
24828000,0,0
24830000,1042,1042
24832000,3126,3126
24834000,1042,1042
24836000,2084,2084
24838000,7294,7294
24840000,0,0
24842000,4168,3126
24844000,5210,5210
24846000,6252,6252
24848000,3126,3126
24850000,4168,4168
24852000,9378,8336
24854000,8336,7294
24856000,2084,2084
24858000,8336,7294
24860000,3126,3126
24862000,2084,2084
24864000,0,0
24866000,2084,2084
24868000,2084,2084
24870000,4168,4168
24872000,5210,5210
24874000,0,0
24876000,5210,5210
24878000,9378,8336
24880000,0,0
24882000,5210,5210
24884000,8336,7294
24886000,0,0
24888000,0,0
24890000,0,0
24892000,8336,8336
24894000,6252,5210
24896000,1042,1042
24898000,4168,4168
24900000,8336,8336
24902000,3126,2084
24904000,0,0
24906000,11462,11462
24908000,9378,9378
24910000,3126,3126
24912000,6252,6252
24914000,10420,10420
24916000,3126,3126
24918000,2084,2084
24920000,6252,6252
24922000,5210,5210
24924000,1042,1042
24926000,5210,5210
24928000,5210,5210
24930000,1042,1042
24932000,4168,4168
24934000,7294,7294
24936000,2084,1042
24938000,4168,4168
24940000,9378,9378
24942000,0,0
24944000,8336,8336
24946000,7294,7294
24948000,3126,3126
24950000,2084,2084
24952000,6252,6252
24954000,4168,4168
24956000,3126,3126
24958000,0,0
24960000,4168,4168
24962000,9378,9378
24964000,1042,1042
24966000,0,0
24968000,10420,9378
24970000,8336,7294
24972000,0,0
24974000,6252,6252
24976000,6252,6252
24978000,4168,4168
24980000,3126,3126
24982000,2084,2084
24984000,5210,5210
24986000,1042,1042
24988000,2084,2084
24990000,0,0
24992000,3126,3126
24994000,0,0
24996000,4168,4168
24998000,5210,5210
25000000,0,0
25002000,4168,4168
25004000,5210,5210
25006000,2084,2084
25008000,0,0
25010000,6252,6252
25012000,5210,5210
25014000,2084,2084
25016000,0,0
25018000,6252,5210
25020000,3126,3126
25022000,3126,3126
25024000,0,0
25026000,6252,5210
25028000,3126,3126
25030000,0,0
25032000,4168,4168
25034000,9378,9378
25036000,0,0
25038000,4168,4168
25040000,9378,9378
25042000,2084,2084
25044000,2084,2084
25046000,8336,8336
25048000,10420,10420
25050000,1042,1042
25052000,6252,6252
25054000,11462,11462
25056000,3126,3126
25058000,2084,2084
25060000,6252,6252
25062000,3126,3126
25064000,1042,1042
25066000,2084,1042
25068000,5210,5210
25070000,1042,1042
25072000,1042,1042
25074000,4168,3126
25076000,1042,1042
25078000,2084,2084
25080000,5210,3126
25082000,4168,3126
25084000,4168,4168
25086000,0,0
25088000,5210,4168
25090000,3126,2084
25092000,3126,3126
25094000,0,0
25096000,3126,3126
25098000,8336,6252
25100000,3126,3126
25102000,1042,1042
25104000,6252,6252
25106000,8336,8336
25108000,0,0
25110000,3126,3126
25112000,7294,7294
25114000,7294,6252
25116000,1042,1042
25118000,5210,5210
25120000,8336,7294
25122000,1042,1042
25124000,4168,4168
25126000,0,0
25128000,4168,3126
25130000,2084,1042
25132000,4168,4168
25134000,1042,1042
25136000,6252,6252
25138000,3126,2084
25140000,0,0
25142000,8336,7294
25144000,2084,2084
25146000,3126,3126
25148000,6252,6252
25150000,4168,4168
25152000,0,0
25154000,2084,2084
25156000,8336,6252
25158000,6252,5210
25160000,0,0
25162000,7294,7294
25164000,11462,11462
25166000,6252,6252
25168000,3126,3126
25170000,7294,7294
25172000,7294,7294
25174000,1042,1042
25176000,2084,2084
25178000,8336,8336
25180000,2084,2084
25182000,1042,1042
25184000,2084,2084
25186000,5210,5210
25188000,2084,1042
25190000,2084,2084
25192000,2084,2084
25194000,2084,2084
25196000,4168,4168
25198000,2084,2084
25200000,0,0
25202000,4168,4168
25204000,4168,4168
25206000,0,0
25208000,4168,4168
25210000,2084,2084
25212000,1042,1042
25214000,2084,2084
25216000,6252,6252
25218000,4168,4168
25220000,2084,2084
25222000,5210,5210
25224000,6252,6252
25226000,1042,1042
25228000,3126,3126
25230000,9378,9378
25232000,1042,1042
25234000,2084,1042
25236000,5210,5210
25238000,7294,7294
25240000,0,0
25242000,4168,4168
25244000,9378,8336
25246000,4168,4168
25248000,1042,1042
25250000,3126,3126
25252000,6252,6252
25254000,6252,5210
25256000,3126,3126
25258000,4168,4168
25260000,3126,3126
25262000,2084,2084
25264000,0,0
25266000,3126,3126
25268000,5210,5210
25270000,1042,1042
25272000,3126,3126
25274000,1042,1042
25276000,1042,1042
25278000,2084,2084
25280000,0,0
25282000,4168,3126
25284000,4168,4168
25286000,1042,1042
25288000,1042,1042
25290000,8336,8336
25292000,3126,3126
25294000,2084,2084
25296000,5210,5210
25298000,5210,5210
25300000,2084,2084
25302000,1042,1042
25304000,3126,3126
25306000,5210,5210
25308000,0,0
25310000,1042,1042
25312000,2084,2084
25314000,3126,3126
25316000,0,0
25318000,4168,4168
25320000,9378,9378
25322000,1042,1042
25324000,1042,1042
25326000,9378,9378
25328000,4168,4168
25330000,3126,3126
25332000,10420,10420
25334000,11462,11462
25336000,1042,1042
25338000,4168,4168
25340000,13546,13546
25342000,7294,7294
25344000,2084,2084
25346000,7294,7294
25348000,4168,4168
25350000,1042,1042
25352000,6252,6252
25354000,0,0
25356000,3126,2084
25358000,7294,7294
25360000,4168,4168
25362000,3126,3126
25364000,7294,7294
25366000,6252,6252
25368000,0,0
25370000,0,0
25372000,6252,6252
25374000,6252,6252
25376000,3126,3126
25378000,4168,4168
25380000,8336,8336
25382000,2084,2084
25384000,1042,1042
25386000,5210,3126
25388000,1042,1042
25390000,1042,1042
25392000,5210,5210
25394000,6252,6252
25396000,1042,1042
25398000,1042,1042
25400000,3126,3126
25402000,10420,10420
25404000,0,0
25406000,3126,3126
25408000,5210,5210
25410000,6252,5210
25412000,1042,1042
25414000,8336,8336
25416000,5210,5210
25418000,3126,3126
25420000,5210,5210
25422000,7294,7294
25424000,6252,6252
25426000,0,0
25428000,3126,3126
25430000,0,0
25432000,2084,2084
25434000,3126,2084
25436000,1042,1042
25438000,4168,4168
25440000,3126,3126
25442000,2084,2084
25444000,0,0
25446000,4168,2084
25448000,1042,1042
25450000,1042,1042
25452000,3126,3126
25454000,2084,2084
25456000,1042,1042
25458000,8336,7294
25460000,1042,1042
25462000,2084,2084
25464000,2084,2084
25466000,8336,8336
25468000,0,0
25470000,2084,2084
25472000,5210,5210
25474000,5210,4168
25476000,0,0
25478000,8336,6252
25480000,5210,4168
25482000,3126,3126
25484000,4168,3126
25486000,4168,4168
25488000,8336,8336
25490000,2084,2084
25492000,3126,3126
25494000,4168,3126
25496000,0,0
25498000,2084,2084
25500000,4168,4168
25502000,0,0
25504000,1042,1042
25506000,1042,1042
25508000,2084,2084
25510000,4168,4168
25512000,3126,3126
25514000,2084,2084
25516000,10420,9378
25518000,0,0
25520000,0,0
25522000,6252,6252
25524000,1042,1042
25526000,1042,1042
25528000,3126,3126
25530000,3126,3126
25532000,0,0
25534000,9378,9378
25536000,9378,8336
25538000,1042,1042
25540000,4168,4168
25542000,11462,10420
25544000,2084,2084
25546000,2084,2084
25548000,5210,4168
25550000,4168,4168
25552000,3126,3126
25554000,2084,2084
25556000,0,0
25558000,7294,6252
25560000,5210,5210
25562000,3126,3126
25564000,7294,6252
25566000,5210,5210
25568000,4168,4168
25570000,6252,6252
25572000,6252,6252
25574000,2084,2084
25576000,2084,2084
25578000,2084,2084
25580000,1042,1042
25582000,6252,6252
25584000,1042,1042
25586000,3126,3126
25588000,2084,2084
25590000,1042,1042
25592000,4168,4168
25594000,0,0
25596000,0,0
25598000,9378,9378
25600000,5210,5210
25602000,0,0
25604000,3126,3126
25606000,7294,7294
25608000,1042,1042
25610000,0,0
25612000,7294,7294
25614000,3126,3126
25616000,4168,4168
25618000,0,0
25620000,1042,1042
25622000,3126,3126
25624000,3126,3126
25626000,2084,2084
25628000,3126,3126
25630000,4168,4168
25632000,2084,2084
25634000,4168,4168
25636000,2084,2084
25638000,3126,3126
25640000,3126,3126
25642000,8336,8336
25644000,1042,1042
25646000,3126,3126
25648000,7294,7294
25650000,5210,5210
25652000,0,0
25654000,4168,4168
25656000,8336,8336
25658000,0,0
25660000,3126,2084
25662000,3126,3126
25664000,3126,3126
25666000,0,0
25668000,3126,3126
25670000,5210,5210
25672000,1042,1042
25674000,6252,6252
25676000,4168,4168
25678000,2084,2084
25680000,2084,2084
25682000,2084,2084
25684000,6252,6252
25686000,1042,1042
25688000,1042,1042
25690000,2084,1042
25692000,1042,1042
25694000,2084,2084
25696000,2084,2084
25698000,2084,2084
25700000,4168,3126
25702000,1042,1042
25704000,5210,5210
25706000,4168,4168
25708000,5210,5210
25710000,3126,3126
25712000,3126,3126
25714000,4168,4168
25716000,4168,4168
25718000,3126,2084
25720000,0,0
25722000,7294,7294
25724000,5210,5210
25726000,1042,1042
25728000,2084,2084
25730000,3126,3126
25732000,4168,4168
25734000,2084,2084
25736000,1042,1042
25738000,3126,3126
25740000,1042,1042
25742000,3126,3126
25744000,3126,3126
25746000,3126,3126
25748000,7294,6252
25750000,1042,1042
25752000,0,0
25754000,1042,1042
25756000,4168,3126
25758000,2084,2084
25760000,5210,5210
25762000,2084,2084
25764000,4168,4168
25766000,5210,5210
25768000,0,0
25770000,6252,6252
25772000,4168,4168
25774000,1042,1042
25776000,0,0
25778000,6252,6252
25780000,1042,1042
25782000,2084,2084
25784000,1042,1042
25786000,4168,3126
25788000,2084,2084
25790000,3126,3126
25792000,1042,1042
25794000,2084,2084
25796000,7294,6252
25798000,0,0
25800000,4168,4168
25802000,9378,9378
25804000,2084,2084
25806000,2084,2084
25808000,8336,7294
25810000,3126,3126
25812000,2084,2084
25814000,4168,4168
25816000,5210,5210
25818000,3126,3126
25820000,2084,2084
25822000,4168,4168
25824000,0,0
25826000,2084,2084
25828000,6252,6252
25830000,4168,4168
25832000,1042,1042
25834000,6252,6252
25836000,3126,3126
25838000,3126,3126
25840000,4168,4168
25842000,1042,1042
25844000,2084,2084
25846000,5210,5210
25848000,0,0
25850000,4168,2084
25852000,4168,4168
25854000,3126,3126
25856000,0,0
25858000,4168,4168
25860000,2084,2084
25862000,5210,4168
25864000,1042,1042
25866000,0,0
25868000,4168,4168
25870000,4168,4168
25872000,3126,3126
25874000,3126,2084
25876000,0,0
25878000,3126,3126
25880000,2084,2084
25882000,2084,2084
25884000,0,0
25886000,4168,4168
25888000,3126,3126
25890000,0,0
25892000,4168,4168
25894000,9378,8336
25896000,1042,1042
25898000,2084,2084
25900000,6252,6252
25902000,4168,4168
25904000,0,0
25906000,5210,5210
25908000,5210,4168
25910000,2084,2084
25912000,3126,3126
25914000,2084,2084
25916000,1042,1042
25918000,3126,3126
25920000,1042,1042
25922000,2084,2084
25924000,6252,6252
25926000,4168,4168
25928000,5210,5210
25930000,3126,3126
25932000,4168,4168
25934000,6252,6252
25936000,0,0
25938000,2084,2084
25940000,2084,2084
25942000,8336,8336
25944000,0,0
25946000,2084,2084
25948000,6252,6252
25950000,4168,3126
25952000,5210,5210
25954000,4168,4168
25956000,5210,5210
25958000,5210,5210
25960000,2084,2084
25962000,1042,1042
25964000,5210,5210
25966000,5210,5210
25968000,3126,2084
25970000,3126,3126
25972000,5210,5210
25974000,5210,5210
25976000,2084,2084
25978000,3126,3126
25980000,6252,6252
25982000,1042,1042
25984000,0,0
25986000,4168,4168
25988000,6252,6252
25990000,0,0
25992000,2084,2084
25994000,3126,2084
25996000,0,0
25998000,0,0
26000000,2084,2084
26002000,2084,2084
26004000,4168,4168
26006000,4168,3126
26008000,6252,6252
26010000,0,0
26012000,4168,4168
26014000,7294,7294
26016000,3126,3126
26018000,3126,3126
26020000,7294,7294
26022000,6252,6252
26024000,2084,2084
26026000,4168,4168
26028000,9378,8336
26030000,2084,2084
26032000,1042,1042
26034000,8336,7294
26036000,0,0
26038000,4168,4168
26040000,5210,4168
26042000,5210,5210
26044000,0,0
26046000,3126,3126
26048000,8336,7294
26050000,1042,1042
26052000,0,0
26054000,5210,5210
26056000,5210,5210
26058000,1042,1042
26060000,2084,2084
26062000,5210,5210
26064000,4168,4168
26066000,4168,4168
26068000,2084,2084
26070000,2084,2084
26072000,6252,5210
26074000,0,0
26076000,4168,4168
26078000,3126,3126
26080000,4168,4168
26082000,5210,5210
26084000,1042,1042
26086000,4168,4168
26088000,7294,5210
26090000,3126,3126
26092000,0,0
26094000,5210,5210
26096000,9378,9378
26098000,2084,2084
26100000,4168,4168
26102000,10420,10420
26104000,7294,7294
26106000,3126,3126
26108000,10420,8336
26110000,4168,4168
26112000,0,0
26114000,2084,2084
26116000,6252,6252
26118000,5210,5210
26120000,1042,1042
26122000,6252,6252
26124000,5210,5210
26126000,3126,3126
26128000,4168,4168
26130000,1042,1042
26132000,4168,4168
26134000,2084,2084
26136000,3126,3126
26138000,4168,4168
26140000,3126,2084
26142000,3126,3126
26144000,0,0
26146000,3126,3126
26148000,6252,5210
26150000,6252,6252
26152000,3126,3126
26154000,2084,2084
26156000,5210,5210
26158000,0,0
26160000,2084,2084
26162000,0,0
26164000,4168,4168
26166000,1042,1042
26168000,5210,5210
26170000,3126,2084
26172000,0,0
26174000,2084,2084
26176000,6252,5210
26178000,1042,1042
26180000,1042,1042
26182000,0,0
26184000,7294,7294
26186000,2084,2084
26188000,1042,1042
26190000,6252,6252
26192000,10420,8336
26194000,1042,1042
26196000,3126,3126
26198000,5210,5210
26200000,3126,2084
26202000,2084,2084
26204000,0,0
26206000,1042,1042
26208000,4168,4168
26210000,6252,4168
26212000,1042,1042
26214000,0,0
26216000,9378,9378
26218000,7294,6252
26220000,1042,1042
26222000,3126,3126
26224000,6252,6252
26226000,6252,6252
26228000,4168,4168
26230000,3126,3126
26232000,6252,6252
26234000,7294,7294
26236000,1042,1042
26238000,6252,6252
26240000,10420,8336
26242000,1042,1042
26244000,5210,5210
26246000,12504,11462
26248000,6252,6252
26250000,3126,3126
26252000,6252,6252
26254000,12504,12504
26256000,1042,1042
26258000,5210,5210
26260000,9378,9378
26262000,0,0
26264000,4168,2084
26266000,3126,3126
26268000,6252,6252
26270000,2084,2084
26272000,1042,1042
26274000,4168,4168
26276000,3126,3126
26278000,1042,1042
26280000,2084,2084
26282000,3126,3126
26284000,1042,1042
26286000,3126,2084
26288000,5210,4168
26290000,4168,4168
26292000,5210,5210
26294000,7294,7294
26296000,6252,6252
26298000,1042,1042
26300000,5210,5210
26302000,6252,5210
26304000,3126,3126
26306000,2084,1042
26308000,6252,6252
26310000,6252,6252
26312000,4168,4168
26314000,3126,3126
26316000,1042,1042
26318000,5210,5210
26320000,5210,5210
26322000,0,0
26324000,6252,6252
26326000,8336,8336
26328000,2084,2084
26330000,1042,1042
26332000,2084,2084
26334000,5210,5210
26336000,2084,1042
26338000,2084,2084
26340000,2084,2084
26342000,2084,2084
26344000,4168,4168
26346000,0,0
26348000,5210,5210
26350000,4168,4168
26352000,3126,3126
26354000,4168,3126
26356000,1042,1042
26358000,1042,1042
26360000,4168,4168
26362000,3126,3126
26364000,2084,2084
26366000,5210,4168
26368000,12504,9378
26370000,2084,2084
26372000,2084,2084
26374000,8336,7294
26376000,6252,6252
26378000,6252,5210
26380000,3126,3126
26382000,9378,9378
26384000,6252,6252
26386000,1042,1042
26388000,6252,6252
26390000,4168,4168
26392000,0,0
26394000,1042,1042
26396000,3126,3126
26398000,5210,5210
26400000,4168,4168
26402000,0,0
26404000,4168,4168
26406000,3126,3126
26408000,3126,3126
26410000,0,0
26412000,0,0
26414000,5210,5210
26416000,4168,4168
26418000,0,0
26420000,7294,6252
26422000,2084,2084
26424000,2084,2084
26426000,3126,3126
26428000,5210,5210
26430000,0,0
26432000,6252,6252
26434000,0,0
26436000,3126,3126
26438000,3126,3126
26440000,3126,3126
26442000,2084,2084
26444000,4168,4168
26446000,2084,2084
26448000,4168,4168
26450000,2084,2084
26452000,3126,3126
26454000,1042,1042
26456000,8336,8336
26458000,6252,6252
26460000,1042,1042
26462000,7294,6252
26464000,7294,7294
26466000,4168,4168
26468000,2084,2084
26470000,6252,6252
26472000,4168,4168
26474000,0,0
26476000,4168,4168
26478000,4168,4168
26480000,8336,8336
26482000,6252,6252
26484000,3126,3126
26486000,6252,6252
26488000,3126,3126
26490000,2084,2084
26492000,4168,4168
26494000,7294,7294
26496000,0,0
26498000,1042,1042
26500000,5210,5210
26502000,1042,1042
26504000,0,0
26506000,5210,5210
26508000,2084,2084
26510000,3126,3126
26512000,2084,2084
26514000,5210,5210
26516000,2084,2084
26518000,3126,3126
26520000,3126,3126
26522000,7294,7294
26524000,5210,5210
26526000,0,0
26528000,9378,8336
26530000,2084,2084
26532000,3126,3126
26534000,8336,7294
26536000,6252,6252
26538000,5210,5210
26540000,4168,4168
26542000,5210,5210
26544000,3126,3126
26546000,0,0
26548000,8336,8336
26550000,2084,2084
26552000,5210,5210
26554000,6252,6252
26556000,4168,4168
26558000,1042,1042
26560000,2084,2084
26562000,2084,2084
26564000,2084,2084
26566000,4168,4168
26568000,2084,2084
26570000,2084,2084
26572000,6252,6252
26574000,0,0
26576000,3126,3126
26578000,8336,7294
26580000,2084,1042
26582000,3126,3126
26584000,3126,3126
26586000,6252,6252
26588000,2084,2084
26590000,2084,2084
26592000,2084,2084
26594000,4168,4168
26596000,0,0
26598000,3126,3126
26600000,7294,7294
26602000,1042,1042
26604000,1042,1042
26606000,7294,7294
26608000,11462,11462
26610000,1042,1042
26612000,3126,3126
26614000,11462,11462
26616000,3126,3126
26618000,0,0
26620000,4168,3126
26622000,8336,8336
26624000,2084,2084
26626000,2084,2084
26628000,6252,6252
26630000,3126,3126
26632000,0,0
26634000,8336,8336
26636000,4168,4168
26638000,2084,2084
26640000,6252,6252
26642000,4168,4168
26644000,9378,9378
26646000,0,0
26648000,4168,4168
26650000,5210,5210
26652000,1042,1042
26654000,0,0
26656000,4168,4168
26658000,9378,9378
26660000,7294,7294
26662000,2084,2084
26664000,10420,10420
26666000,8336,8336
26668000,0,0
26670000,5210,5210
26672000,10420,10420
26674000,3126,3126
26676000,1042,1042
26678000,7294,6252
26680000,2084,2084
26682000,3126,3126
26684000,4168,3126
26686000,0,0
26688000,1042,1042
26690000,8336,8336
26692000,2084,2084
26694000,1042,1042
26696000,5210,5210
26698000,2084,2084
26700000,1042,1042
26702000,3126,3126
26704000,2084,2084
26706000,3126,3126
26708000,6252,6252
26710000,2084,2084
26712000,3126,3126
26714000,7294,7294
26716000,0,0
26718000,5210,5210
26720000,5210,5210
26722000,1042,1042
26724000,7294,7294
26726000,5210,5210
26728000,2084,2084
26730000,4168,4168
26732000,7294,7294
26734000,0,0
26736000,1042,1042
26738000,7294,7294
26740000,5210,4168
26742000,3126,3126
26744000,4168,4168
26746000,3126,3126
26748000,3126,3126
26750000,7294,7294
26752000,0,0
26754000,4168,4168
26756000,5210,5210
26758000,1042,1042
26760000,2084,2084
26762000,4168,4168
26764000,3126,3126
26766000,1042,1042
26768000,3126,3126
26770000,1042,1042
26772000,2084,2084
26774000,3126,3126
26776000,0,0
26778000,6252,6252
26780000,5210,5210
26782000,3126,3126
26784000,0,0
26786000,7294,7294
26788000,6252,6252
26790000,4168,4168
26792000,3126,3126
26794000,3126,3126
26796000,1042,1042
26798000,2084,2084
26800000,5210,5210
26802000,1042,1042
26804000,3126,3126
26806000,4168,3126
26808000,0,0
26810000,2084,2084
26812000,6252,5210
26814000,2084,2084
26816000,1042,1042
26818000,7294,7294
26820000,3126,3126
26822000,0,0
26824000,5210,5210
26826000,8336,8336
26828000,2084,2084
26830000,2084,2084
26832000,6252,6252
26834000,4168,4168
26836000,0,0
26838000,3126,3126
26840000,2084,2084
26842000,1042,1042
26844000,3126,3126
26846000,1042,1042
26848000,2084,2084
26850000,3126,3126
26852000,1042,1042
26854000,3126,3126
26856000,4168,4168
26858000,7294,7294
26860000,2084,2084
26862000,3126,3126
26864000,3126,3126
26866000,3126,2084
26868000,1042,1042
26870000,6252,6252
26872000,1042,1042
26874000,2084,2084
26876000,0,0
26878000,2084,1042
26880000,3126,3126
26882000,3126,3126
26884000,1042,1042
26886000,2084,2084
26888000,3126,2084
26890000,3126,3126
26892000,1042,1042
26894000,3126,2084
26896000,6252,6252
26898000,2084,2084
26900000,0,0
26902000,5210,4168
26904000,4168,4168
26906000,4168,3126
26908000,0,0
26910000,4168,4168
26912000,0,0
26914000,4168,4168
26916000,1042,1042
26918000,0,0
26920000,5210,5210
26922000,6252,6252
26924000,1042,1042
26926000,3126,3126
26928000,5210,5210
26930000,5210,5210
26932000,2084,1042
26934000,1042,1042
26936000,4168,4168
26938000,3126,3126
26940000,3126,3126
26942000,8336,8336
26944000,9378,9378
26946000,2084,2084
26948000,3126,3126
26950000,8336,8336
26952000,0,0
26954000,2084,2084
26956000,5210,5210
26958000,6252,6252
26960000,1042,1042
26962000,1042,1042
26964000,3126,3126
26966000,0,0
26968000,4168,4168
26970000,2084,2084
26972000,3126,3126
26974000,3126,3126
26976000,5210,5210
26978000,3126,3126
26980000,0,0
26982000,5210,5210
26984000,6252,5210
26986000,4168,3126
26988000,4168,3126
26990000,5210,5210
26992000,8336,8336
26994000,4168,3126
26996000,5210,5210
26998000,1042,1042
27000000,2084,2084
27002000,5210,5210
27004000,3126,3126
27006000,0,0
27008000,4168,4168
27010000,3126,2084
27012000,4168,3126
27014000,3126,3126
27016000,2084,2084
27018000,1042,1042
27020000,5210,5210
27022000,7294,7294
27024000,3126,3126
27026000,10420,9378
27028000,9378,9378
27030000,1042,1042
27032000,5210,5210
27034000,9378,9378
27036000,6252,6252
27038000,1042,1042
27040000,13546,13546
27042000,7294,7294
27044000,2084,2084
27046000,9378,9378
27048000,7294,7294
27050000,4168,4168
27052000,5210,4168
27054000,6252,6252
27056000,2084,2084
27058000,1042,1042
27060000,3126,3126
27062000,2084,1042
27064000,3126,3126
27066000,0,0
27068000,6252,6252
27070000,7294,7294
27072000,0,0
27074000,7294,6252
27076000,12504,12504
27078000,0,0
27080000,5210,5210
27082000,6252,6252
27084000,4168,4168
27086000,3126,2084
27088000,1042,1042
27090000,1042,1042
27092000,6252,5210
27094000,8336,8336
27096000,0,0
27098000,7294,7294
27100000,8336,7294
27102000,5210,5210
27104000,1042,1042
27106000,5210,5210
27108000,3126,3126
27110000,1042,1042
27112000,2084,2084
27114000,3126,3126
27116000,0,0
27118000,5210,5210
27120000,0,0
27122000,2084,2084
27124000,1042,1042
27126000,1042,1042
27128000,4168,4168
27130000,3126,2084
27132000,2084,2084
27134000,2084,2084
27136000,3126,3126
27138000,3126,3126
27140000,1042,1042
27142000,1042,1042
27144000,3126,3126
27146000,3126,3126
27148000,1042,1042
27150000,3126,3126
27152000,6252,6252
27154000,1042,1042
27156000,1042,1042
27158000,8336,8336
27160000,0,0
27162000,2084,2084
27164000,7294,6252
27166000,5210,5210
27168000,4168,4168
27170000,3126,3126
27172000,12504,12504
27174000,2084,2084
27176000,1042,1042
27178000,7294,7294
27180000,9378,9378
27182000,2084,2084
27184000,3126,3126
27186000,6252,6252
27188000,2084,2084
27190000,0,0
27192000,0,0
27194000,3126,3126
27196000,5210,5210
27198000,1042,1042
27200000,0,0
27202000,1042,1042
27204000,3126,3126
27206000,3126,3126
27208000,0,0
27210000,5210,4168
27212000,7294,7294
27214000,0,0
27216000,3126,3126
27218000,8336,8336
27220000,4168,4168
27222000,0,0
27224000,5210,5210
27226000,5210,3126
27228000,0,0
27230000,2084,2084
27232000,2084,2084
27234000,5210,5210
27236000,3126,3126
27238000,4168,4168
27240000,5210,5210
27242000,0,0
27244000,6252,6252
27246000,3126,3126
27248000,3126,2084
27250000,4168,2084
27252000,2084,2084
27254000,0,0
27256000,2084,2084
27258000,3126,3126
27260000,1042,1042
27262000,4168,4168
27264000,0,0
27266000,2084,2084
27268000,3126,3126
27270000,1042,1042
27272000,4168,4168
27274000,4168,4168
27276000,3126,2084
27278000,1042,1042
27280000,4168,4168
27282000,3126,3126
27284000,4168,4168
27286000,3126,3126
27288000,13546,12504
27290000,5210,5210
27292000,2084,1042
27294000,8336,7294
27296000,10420,9378
27298000,3126,3126
27300000,7294,6252
27302000,5210,5210
27304000,1042,1042
27306000,2084,2084
27308000,6252,6252
27310000,1042,1042
27312000,0,0
27314000,4168,4168
27316000,4168,4168
27318000,1042,1042
27320000,2084,2084
27322000,5210,5210
27324000,3126,2084
27326000,2084,2084
27328000,3126,3126
27330000,5210,5210
27332000,0,0
27334000,5210,5210
27336000,7294,7294
27338000,0,0
27340000,1042,1042
27342000,10420,10420
27344000,1042,1042
27346000,2084,2084
27348000,4168,4168
27350000,4168,4168
27352000,3126,3126
27354000,2084,2084
27356000,7294,7294
27358000,2084,2084
27360000,4168,4168
27362000,3126,3126
27364000,1042,1042
27366000,2084,2084
27368000,3126,3126
27370000,3126,3126
27372000,5210,5210
27374000,4168,4168
27376000,0,0
27378000,1042,1042
27380000,1042,1042
27382000,2084,1042
27384000,0,0
27386000,1042,1042
27388000,4168,4168
27390000,10420,10420
27392000,2084,2084
27394000,2084,2084
27396000,9378,8336
27398000,1042,1042
27400000,3126,3126
27402000,6252,6252
27404000,4168,4168
27406000,3126,3126
27408000,6252,6252
27410000,8336,8336
27412000,2084,2084
27414000,6252,6252
27416000,7294,7294
27418000,2084,2084
27420000,4168,4168
27422000,5210,5210
27424000,4168,4168
27426000,2084,2084
27428000,0,0
27430000,1042,1042
27432000,0,0
27434000,0,0
27436000,0,0
27438000,5210,4168
27440000,0,0
27442000,0,0
27444000,7294,7294
27446000,4168,4168
27448000,3126,2084
27450000,11462,10420
27452000,5210,5210
27454000,0,0
27456000,7294,6252
27458000,12504,12504
27460000,3126,2084
27462000,2084,1042
27464000,6252,4168
27466000,3126,3126
27468000,1042,1042
27470000,1042,1042
27472000,4168,4168
27474000,2084,2084
27476000,5210,5210
27478000,3126,3126
27480000,1042,1042
27482000,3126,3126
27484000,8336,7294
27486000,2084,2084
27488000,2084,2084
27490000,2084,1042
27492000,1042,1042
27494000,2084,2084
27496000,1042,1042
27498000,2084,2084
27500000,4168,3126
27502000,5210,5210
27504000,0,0
27506000,7294,7294
27508000,7294,7294
27510000,1042,1042
27512000,0,0
27514000,4168,3126
27516000,3126,3126
27518000,1042,1042
27520000,5210,3126
27522000,2084,2084
27524000,4168,4168
27526000,7294,7294
27528000,8336,8336
27530000,0,0
27532000,4168,3126
27534000,9378,9378
27536000,5210,5210
27538000,3126,3126
27540000,7294,7294
27542000,5210,5210
27544000,0,0
27546000,10420,9378
27548000,3126,3126
27550000,0,0
27552000,4168,3126
27554000,1042,1042
27556000,1042,1042
27558000,2084,2084
27560000,5210,5210
27562000,0,0
27564000,6252,4168
27566000,2084,2084
27568000,2084,2084
27570000,5210,3126
27572000,2084,1042
27574000,1042,1042
27576000,1042,1042
27578000,3126,3126
27580000,1042,1042
27582000,3126,3126
27584000,3126,3126
27586000,1042,1042
27588000,2084,1042
27590000,5210,5210
27592000,6252,6252
27594000,0,0
27596000,6252,6252
27598000,5210,5210
27600000,0,0
27602000,3126,3126
27604000,10420,10420
27606000,2084,2084
27608000,2084,2084
27610000,14588,14588
27612000,9378,9378
27614000,1042,1042
27616000,8336,8336
27618000,8336,8336
27620000,4168,4168
27622000,9378,7294
27624000,5210,5210
27626000,5210,5210
27628000,3126,3126
27630000,4168,4168
27632000,2084,2084
27634000,3126,3126
27636000,0,0
27638000,3126,3126
27640000,4168,4168
27642000,6252,6252
27644000,1042,1042
27646000,6252,6252
27648000,4168,4168
27650000,2084,2084
27652000,3126,3126
27654000,3126,3126
27656000,5210,4168
27658000,0,0
27660000,2084,2084
27662000,6252,5210
27664000,6252,5210
27666000,3126,3126
27668000,3126,3126
27670000,10420,10420
27672000,4168,4168
27674000,1042,1042
27676000,9378,7294
27678000,5210,5210
27680000,2084,2084
27682000,8336,8336
27684000,0,0
27686000,3126,3126
27688000,3126,3126
27690000,4168,4168
27692000,2084,1042
27694000,1042,1042
27696000,0,0
27698000,8336,7294
27700000,4168,4168
27702000,0,0
27704000,6252,5210
27706000,3126,3126
27708000,3126,3126
27710000,2084,2084
27712000,2084,2084
27714000,1042,1042
27716000,1042,1042
27718000,5210,5210
27720000,5210,5210
27722000,1042,1042
27724000,4168,4168
27726000,2084,2084
27728000,1042,1042
27730000,2084,2084
27732000,6252,5210
27734000,2084,2084
27736000,3126,3126
27738000,12504,12504
27740000,2084,2084
27742000,2084,2084
27744000,10420,10420
27746000,2084,2084
27748000,0,0
27750000,9378,9378
27752000,7294,7294
27754000,0,0
27756000,7294,6252
27758000,8336,8336
27760000,3126,2084
27762000,1042,1042
27764000,4168,4168
27766000,1042,1042
27768000,4168,4168
27770000,3126,3126
27772000,3126,3126
27774000,8336,7294
27776000,7294,7294
27778000,5210,5210
27780000,5210,4168
27782000,2084,2084
27784000,1042,1042
27786000,2084,2084
27788000,4168,4168
27790000,1042,1042
27792000,5210,5210
27794000,1042,1042
27796000,1042,1042
27798000,2084,2084
27800000,3126,3126
27802000,0,0
27804000,5210,5210
27806000,4168,4168
27808000,0,0
27810000,5210,5210
27812000,5210,4168
27814000,1042,1042
27816000,1042,1042
27818000,1042,1042
27820000,3126,2084
27822000,5210,5210
27824000,2084,2084
27826000,5210,4168
27828000,8336,6252
27830000,1042,1042
27832000,5210,5210
27834000,5210,4168
27836000,1042,1042
27838000,1042,1042
27840000,6252,6252
27842000,8336,8336
27844000,3126,3126
27846000,6252,6252
27848000,3126,3126
27850000,3126,3126
27852000,2084,2084
27854000,5210,5210
27856000,7294,6252
27858000,4168,4168
27860000,3126,3126
27862000,0,0
27864000,5210,5210
27866000,2084,1042
27868000,3126,3126
27870000,4168,4168
27872000,0,0
27874000,6252,6252
27876000,3126,3126
27878000,0,0
27880000,5210,5210
27882000,1042,1042
27884000,5210,5210
27886000,3126,3126
27888000,4168,4168
27890000,4168,3126
27892000,1042,1042
27894000,7294,7294
27896000,7294,7294
27898000,0,0
27900000,4168,4168
27902000,11462,11462
27904000,2084,2084
27906000,0,0
27908000,8336,6252
27910000,11462,11462
27912000,1042,1042
27914000,1042,1042
27916000,9378,8336
27918000,1042,1042
27920000,1042,1042
27922000,5210,4168
27924000,1042,1042
27926000,0,0
27928000,4168,4168
27930000,4168,3126
27932000,1042,1042
27934000,3126,3126
27936000,3126,3126
27938000,1042,1042
27940000,2084,2084
27942000,4168,4168
27944000,4168,4168
27946000,2084,2084
27948000,2084,2084
27950000,10420,10420
27952000,5210,5210
27954000,1042,1042
27956000,5210,5210
27958000,7294,6252
27960000,4168,4168
27962000,3126,3126
27964000,7294,7294
27966000,4168,4168
27968000,1042,1042
27970000,4168,4168
27972000,2084,2084
27974000,1042,1042
27976000,6252,6252
27978000,7294,7294
27980000,5210,5210
27982000,4168,4168
27984000,9378,9378
27986000,6252,6252
27988000,0,0
27990000,9378,9378
27992000,6252,5210
27994000,2084,2084
27996000,6252,6252
27998000,4168,4168
28000000,5210,4168
28002000,2084,2084
28004000,2084,2084
28006000,3126,3126
28008000,10420,10420
28010000,4168,4168
28012000,3126,3126
28014000,13546,12504
28016000,4168,3126
28018000,2084,2084
28020000,12504,10420
28022000,5210,5210
28024000,4168,4168
28026000,10420,10420
28028000,9378,9378
28030000,0,0
28032000,8336,8336
28034000,10420,10420
28036000,1042,1042
28038000,4168,4168
28040000,7294,7294
28042000,6252,6252
28044000,2084,2084
28046000,1042,1042
28048000,3126,3126
28050000,5210,5210
28052000,0,0
28054000,7294,7294
28056000,7294,6252
28058000,2084,2084
28060000,2084,2084
28062000,3126,3126
28064000,6252,6252
28066000,0,0
28068000,0,0
28070000,5210,5210
28072000,8336,8336
28074000,1042,1042
28076000,4168,4168
28078000,7294,7294
28080000,5210,5210
28082000,2084,2084
28084000,3126,3126
28086000,2084,2084
28088000,0,0
28090000,3126,3126
28092000,9378,7294
28094000,0,0
28096000,0,0
28098000,6252,6252
28100000,2084,2084
28102000,1042,1042
28104000,6252,5210
28106000,5210,5210
28108000,1042,1042
28110000,8336,8336
28112000,11462,11462
28114000,0,0
28116000,7294,7294
28118000,13546,12504
28120000,2084,2084
28122000,2084,2084
28124000,9378,9378
28126000,2084,2084
28128000,0,0
28130000,2084,2084
28132000,3126,3126
28134000,3126,3126
28136000,2084,2084
28138000,3126,3126
28140000,6252,6252
28142000,0,0
28144000,4168,4168
28146000,7294,7294
28148000,3126,2084
28150000,0,0
28152000,5210,5210
28154000,3126,3126
28156000,2084,1042
28158000,2084,2084
28160000,1042,1042
28162000,1042,1042
28164000,7294,7294
28166000,3126,3126
28168000,0,0
28170000,4168,4168
28172000,4168,4168
28174000,1042,1042
28176000,1042,1042
28178000,8336,7294
28180000,3126,3126
28182000,1042,1042
28184000,2084,2084
28186000,1042,1042
28188000,1042,1042
28190000,1042,1042
28192000,1042,1042
28194000,0,0
28196000,5210,5210
28198000,3126,3126
28200000,0,0
28202000,7294,7294
28204000,5210,5210
28206000,0,0
28208000,2084,2084
28210000,6252,6252
28212000,0,0
28214000,3126,3126
28216000,0,0
28218000,4168,4168
28220000,6252,6252
28222000,2084,2084
28224000,0,0
28226000,6252,6252
28228000,6252,6252
28230000,2084,2084
28232000,2084,2084
28234000,5210,5210
28236000,4168,4168
28238000,1042,1042
28240000,3126,3126
28242000,3126,3126
28244000,0,0
28246000,6252,5210
28248000,4168,4168
28250000,0,0
28252000,1042,1042
28254000,4168,4168
28256000,2084,2084
28258000,2084,2084
28260000,2084,2084
28262000,1042,1042
28264000,5210,5210
28266000,3126,3126
28268000,2084,2084
28270000,2084,2084
28272000,6252,6252
28274000,2084,2084
28276000,3126,3126
28278000,6252,6252
28280000,1042,1042
28282000,4168,4168
28284000,5210,5210
28286000,0,0
28288000,3126,3126
28290000,7294,7294
28292000,3126,3126
28294000,1042,1042
28296000,4168,4168
28298000,3126,3126
28300000,1042,1042
28302000,4168,4168
28304000,2084,2084
28306000,3126,3126
28308000,3126,3126
28310000,4168,3126
28312000,0,0
28314000,4168,4168
28316000,0,0
28318000,3126,3126
28320000,5210,5210
28322000,0,0
28324000,3126,2084
28326000,3126,3126
28328000,3126,3126
28330000,1042,1042
28332000,6252,6252
28334000,3126,3126
28336000,5210,5210
28338000,6252,6252
28340000,3126,3126
28342000,1042,1042
28344000,4168,4168
28346000,3126,3126
28348000,6252,6252
28350000,4168,4168
28352000,2084,2084
28354000,4168,4168
28356000,7294,7294
28358000,2084,2084
28360000,3126,3126
28362000,10420,8336
28364000,2084,2084
28366000,7294,6252
28368000,3126,3126
28370000,3126,3126
28372000,4168,4168
28374000,4168,4168
28376000,2084,2084
28378000,1042,1042
28380000,7294,7294
28382000,3126,3126
28384000,2084,2084
28386000,0,0
28388000,4168,4168
28390000,4168,2084
28392000,1042,1042
28394000,1042,1042
28396000,2084,1042
28398000,1042,1042
28400000,1042,1042
28402000,0,0
28404000,2084,2084
28406000,3126,3126
28408000,6252,6252
28410000,0,0
28412000,3126,3126
28414000,7294,7294
28416000,5210,5210
28418000,1042,1042
28420000,6252,6252
28422000,7294,7294
28424000,1042,1042
28426000,6252,6252
28428000,8336,8336
28430000,1042,1042
28432000,4168,4168
28434000,8336,8336
28436000,0,0
28438000,2084,2084
28440000,5210,5210
28442000,4168,4168
28444000,0,0
28446000,0,0
28448000,3126,3126
28450000,5210,3126
28452000,6252,6252
28454000,2084,2084
28456000,3126,3126
28458000,7294,7294
28460000,2084,2084
28462000,4168,4168
28464000,6252,6252
28466000,3126,3126
28468000,3126,3126
28470000,9378,8336
28472000,5210,5210
28474000,1042,1042
28476000,6252,6252
28478000,9378,8336
28480000,2084,2084
28482000,4168,4168
28484000,4168,4168
28486000,10420,9378
28488000,9378,9378
28490000,0,0
28492000,5210,5210
28494000,9378,9378
28496000,5210,5210
28498000,0,0
28500000,5210,5210
28502000,8336,8336
28504000,6252,4168
28506000,2084,1042
28508000,6252,6252
28510000,7294,6252
28512000,0,0
28514000,6252,6252
28516000,8336,8336
28518000,2084,2084
28520000,5210,5210
28522000,7294,7294
28524000,2084,2084
28526000,2084,2084
28528000,8336,7294
28530000,0,0
28532000,4168,4168
28534000,6252,6252
28536000,0,0
28538000,3126,3126
28540000,11462,11462
28542000,0,0
28544000,6252,6252
28546000,11462,11462
28548000,4168,4168
28550000,1042,1042
28552000,8336,8336
28554000,7294,7294
28556000,2084,2084
28558000,2084,2084
28560000,2084,2084
28562000,3126,3126
28564000,8336,8336
28566000,0,0
28568000,4168,4168
28570000,0,0
28572000,0,0
28574000,5210,5210
28576000,7294,7294
28578000,1042,1042
28580000,5210,5210
28582000,5210,5210
28584000,2084,1042
28586000,0,0
28588000,3126,3126
28590000,3126,3126
28592000,7294,6252
28594000,7294,7294
28596000,2084,2084
28598000,5210,5210
28600000,7294,7294
28602000,4168,4168
28604000,3126,3126
28606000,1042,1042
28608000,3126,2084
28610000,3126,3126
28612000,0,0
28614000,1042,1042
28616000,10420,9378
28618000,0,0
28620000,0,0
28622000,6252,6252
28624000,12504,10420
28626000,2084,2084
28628000,6252,6252
28630000,10420,10420
28632000,7294,7294
28634000,1042,1042
28636000,2084,2084
28638000,4168,4168
28640000,7294,7294
28642000,0,0
28644000,2084,2084
28646000,4168,4168
28648000,5210,4168
28650000,0,0
28652000,2084,2084
28654000,7294,7294
28656000,6252,6252
28658000,6252,6252
28660000,8336,8336
28662000,5210,4168
28664000,3126,3126
28666000,6252,4168
28668000,2084,2084
28670000,1042,1042
28672000,2084,2084
28674000,5210,5210
28676000,4168,4168
28678000,3126,3126
28680000,4168,4168
28682000,3126,3126
28684000,3126,3126
28686000,5210,5210
28688000,1042,1042
28690000,2084,2084
28692000,4168,4168
28694000,1042,1042
28696000,0,0
28698000,4168,4168
28700000,1042,1042
28702000,2084,2084
28704000,0,0
28706000,5210,3126
28708000,2084,2084
28710000,4168,4168
28712000,0,0
28714000,6252,6252
28716000,2084,2084
28718000,1042,1042
28720000,4168,4168
28722000,7294,7294
28724000,4168,4168
28726000,2084,2084
28728000,5210,5210
28730000,4168,4168
28732000,1042,1042
28734000,2084,2084
28736000,8336,8336
28738000,9378,8336
28740000,3126,3126
28742000,8336,7294
28744000,5210,5210
28746000,2084,2084
28748000,5210,5210
28750000,2084,2084
28752000,2084,2084
28754000,1042,1042
28756000,5210,5210
28758000,3126,3126
28760000,0,0
28762000,3126,2084
28764000,1042,1042
28766000,6252,6252
28768000,4168,4168
28770000,5210,5210
28772000,6252,6252
28774000,1042,1042
28776000,1042,1042
28778000,5210,5210
28780000,3126,3126
28782000,1042,1042
28784000,3126,3126
28786000,5210,5210
28788000,2084,1042
28790000,4168,4168
28792000,5210,5210
28794000,8336,8336
28796000,5210,5210
28798000,1042,1042
28800000,7294,7294
28802000,4168,4168
28804000,3126,3126
28806000,1042,1042
28808000,5210,5210
28810000,6252,4168
28812000,0,0
28814000,2084,2084
28816000,1042,1042
28818000,1042,1042
28820000,0,0
28822000,1042,1042
28824000,1042,1042
28826000,3126,3126
28828000,2084,2084
28830000,6252,6252
28832000,2084,2084
28834000,4168,3126
28836000,3126,3126
28838000,4168,4168
28840000,0,0
28842000,4168,4168
28844000,1042,1042
28846000,9378,9378
28848000,2084,2084
28850000,3126,3126
28852000,5210,5210
28854000,1042,1042
28856000,0,0
28858000,4168,4168
28860000,6252,6252
28862000,1042,1042
28864000,5210,5210
28866000,5210,5210
28868000,5210,5210
28870000,3126,3126
28872000,0,0
28874000,4168,4168
28876000,7294,6252
28878000,2084,2084
28880000,4168,4168
28882000,6252,6252
28884000,3126,3126
28886000,1042,1042
28888000,7294,7294
28890000,6252,6252
28892000,3126,3126
28894000,7294,6252
28896000,5210,5210
28898000,1042,1042
28900000,3126,3126
28902000,7294,7294
28904000,4168,4168
28906000,6252,6252
28908000,5210,5210
28910000,3126,3126
28912000,7294,7294
28914000,2084,2084
28916000,5210,5210
28918000,6252,5210
28920000,1042,1042
28922000,1042,1042
28924000,5210,5210
28926000,7294,7294
28928000,0,0
28930000,1042,1042
28932000,9378,9378
28934000,1042,1042
28936000,3126,3126
28938000,6252,6252
28940000,3126,3126
28942000,2084,2084
28944000,7294,7294
28946000,0,0
28948000,0,0
28950000,9378,6252
28952000,4168,3126
28954000,2084,2084
28956000,4168,3126
28958000,4168,4168
28960000,4168,4168
28962000,8336,8336
28964000,1042,1042
28966000,2084,2084
28968000,5210,5210
28970000,3126,3126
28972000,0,0
28974000,9378,9378
28976000,5210,4168
28978000,3126,2084
28980000,3126,3126
28982000,1042,1042
28984000,4168,4168
28986000,0,0
28988000,2084,2084
28990000,2084,2084
28992000,2084,2084
28994000,1042,1042
28996000,3126,3126
28998000,3126,3126
29000000,4168,3126
29002000,1042,1042
29004000,2084,2084
29006000,0,0
29008000,2084,2084
29010000,2084,2084
29012000,1042,1042
29014000,3126,3126
29016000,1042,1042
29018000,2084,2084
29020000,10420,9378
29022000,6252,6252
29024000,1042,1042
29026000,8336,8336
29028000,6252,4168
29030000,1042,1042
29032000,3126,3126
29034000,5210,5210
29036000,5210,5210
29038000,4168,3126
29040000,3126,2084
29042000,4168,3126
29044000,1042,1042
29046000,2084,2084
29048000,4168,3126
29050000,2084,2084
29052000,1042,1042
29054000,3126,2084
29056000,5210,5210
29058000,3126,3126
29060000,7294,7294
29062000,2084,2084
29064000,1042,1042
29066000,6252,6252
29068000,1042,1042
29070000,1042,1042
29072000,5210,5210
29074000,5210,3126
29076000,0,0
29078000,3126,3126
29080000,5210,5210
29082000,7294,4168
29084000,0,0
29086000,2084,2084
29088000,2084,2084
29090000,3126,3126
29092000,4168,4168
29094000,2084,2084
29096000,3126,3126
29098000,1042,1042
29100000,6252,5210
29102000,2084,2084
29104000,0,0
29106000,7294,7294
29108000,4168,4168
29110000,0,0
29112000,9378,9378
29114000,5210,5210
29116000,1042,1042
29118000,5210,5210
29120000,10420,9378
29122000,3126,3126
29124000,0,0
29126000,4168,4168
29128000,2084,2084
29130000,5210,5210
29132000,1042,1042
29134000,5210,5210
29136000,2084,2084
29138000,1042,1042
29140000,0,0
29142000,1042,1042
29144000,5210,4168
29146000,0,0
29148000,2084,2084
29150000,0,0
29152000,0,0
29154000,4168,4168
29156000,3126,3126
29158000,0,0
29160000,0,0
29162000,3126,3126
29164000,3126,3126
29166000,5210,4168
29168000,0,0
29170000,6252,6252
29172000,4168,4168
29174000,1042,1042
29176000,5210,5210
29178000,2084,2084
29180000,1042,1042
29182000,0,0
29184000,5210,5210
29186000,3126,2084
29188000,4168,4168
29190000,1042,1042
29192000,4168,3126
29194000,4168,3126
29196000,4168,4168
29198000,1042,1042
29200000,4168,4168
29202000,3126,3126
29204000,8336,8336
29206000,2084,2084
29208000,0,0
29210000,5210,5210
29212000,4168,3126
29214000,0,0
29216000,5210,4168
29218000,8336,7294
29220000,1042,1042
29222000,3126,3126
29224000,13546,12504
29226000,1042,1042
29228000,3126,3126
29230000,8336,8336
29232000,10420,10420
29234000,0,0
29236000,8336,8336
29238000,5210,5210
29240000,0,0
29242000,6252,6252
29244000,6252,6252
29246000,1042,1042
29248000,3126,3126
29250000,2084,2084
29252000,7294,7294
29254000,5210,5210
29256000,1042,1042
29258000,3126,3126
29260000,5210,5210
29262000,3126,3126
29264000,1042,1042
29266000,1042,1042
29268000,4168,4168
29270000,4168,4168
29272000,0,0
29274000,4168,4168
29276000,4168,4168
29278000,2084,2084
29280000,1042,1042
29282000,3126,3126
29284000,3126,3126
29286000,1042,1042
29288000,3126,2084
29290000,0,0
29292000,1042,1042
29294000,5210,5210
29296000,8336,8336
29298000,0,0
29300000,1042,1042
29302000,8336,8336
29304000,3126,3126
29306000,5210,5210
29308000,3126,3126
29310000,10420,9378
29312000,2084,2084
29314000,1042,1042
29316000,8336,7294
29318000,0,0
29320000,1042,1042
29322000,5210,4168
29324000,3126,3126
29326000,3126,3126
29328000,9378,9378
29330000,4168,3126
29332000,0,0
29334000,8336,7294
29336000,9378,8336
29338000,1042,1042
29340000,6252,6252
29342000,10420,10420
29344000,4168,4168
29346000,4168,4168
29348000,4168,4168
29350000,3126,3126
29352000,1042,1042
29354000,0,0
29356000,4168,3126
29358000,2084,2084
29360000,4168,4168
29362000,6252,5210
29364000,6252,6252
29366000,5210,5210
29368000,2084,2084
29370000,5210,5210
29372000,9378,9378
29374000,0,0
29376000,7294,7294
29378000,10420,9378
29380000,3126,3126
29382000,4168,4168
29384000,9378,9378
29386000,2084,2084
29388000,0,0
29390000,4168,4168
29392000,0,0
29394000,2084,2084
29396000,3126,3126
29398000,0,0
29400000,6252,6252
29402000,7294,7294
29404000,0,0
29406000,11462,11462
29408000,9378,9378
29410000,2084,2084
29412000,3126,3126
29414000,8336,8336
29416000,3126,3126
29418000,5210,4168
29420000,5210,5210
29422000,5210,5210
29424000,0,0
29426000,6252,6252
29428000,4168,4168
29430000,2084,2084
29432000,1042,1042
29434000,5210,5210
29436000,5210,5210
29438000,0,0
29440000,5210,5210
29442000,6252,5210
29444000,1042,1042
29446000,5210,4168
29448000,4168,4168
29450000,0,0
29452000,4168,3126
29454000,5210,5210
29456000,0,0
29458000,4168,4168
29460000,4168,4168
29462000,1042,1042
29464000,3126,2084
29466000,5210,4168
29468000,2084,2084
29470000,0,0
29472000,4168,4168
29474000,1042,1042
29476000,5210,4168
29478000,4168,4168
29480000,3126,3126
29482000,4168,3126
29484000,4168,4168
29486000,1042,1042
29488000,1042,1042
29490000,3126,3126
29492000,2084,2084
29494000,5210,5210
29496000,2084,1042
29498000,3126,3126
29500000,3126,2084
29502000,5210,5210
29504000,0,0
29506000,9378,8336
29508000,1042,1042
29510000,3126,3126
29512000,2084,2084
29514000,3126,3126
29516000,8336,8336
29518000,2084,2084
29520000,1042,1042
29522000,4168,4168
29524000,4168,4168
29526000,1042,1042
29528000,2084,2084
29530000,9378,9378
29532000,1042,1042
29534000,1042,1042
29536000,6252,5210
29538000,3126,3126
29540000,0,0
29542000,4168,3126
29544000,3126,2084
29546000,1042,1042
29548000,2084,2084
29550000,3126,3126
29552000,3126,3126
29554000,6252,6252
29556000,6252,6252
29558000,0,0
29560000,5210,5210
29562000,6252,6252
29564000,3126,3126
29566000,1042,1042
29568000,4168,4168
29570000,3126,3126
29572000,4168,4168
29574000,1042,1042
29576000,6252,6252
29578000,0,0
29580000,2084,2084
29582000,5210,5210
29584000,4168,4168
29586000,0,0
29588000,11462,9378
29590000,11462,11462
29592000,1042,1042
29594000,6252,6252
29596000,9378,9378
29598000,3126,3126
29600000,1042,1042
29602000,5210,5210
29604000,8336,8336
29606000,0,0
29608000,1042,1042
29610000,7294,6252
29612000,2084,2084
29614000,2084,2084
29616000,3126,3126
29618000,1042,1042
29620000,2084,2084
29622000,2084,2084
29624000,2084,2084
29626000,2084,2084
29628000,2084,2084
29630000,5210,5210
29632000,5210,5210
29634000,1042,1042
29636000,4168,4168
29638000,5210,5210
29640000,1042,1042
29642000,1042,1042
29644000,4168,2084
29646000,2084,2084
29648000,2084,2084
29650000,1042,1042
29652000,2084,2084
29654000,0,0
29656000,0,0
29658000,1042,1042
29660000,2084,2084
29662000,3126,3126
29664000,3126,3126
29666000,4168,4168
29668000,7294,7294
29670000,1042,1042
29672000,3126,3126
29674000,2084,2084
29676000,5210,4168
29678000,1042,1042
29680000,5210,5210
29682000,5210,5210
29684000,0,0
29686000,6252,6252
29688000,7294,7294
29690000,1042,1042
29692000,5210,5210
29694000,6252,6252
29696000,4168,4168
29698000,1042,1042
29700000,4168,4168
29702000,7294,7294
29704000,3126,3126
29706000,2084,1042
29708000,4168,4168
29710000,6252,6252
29712000,3126,3126
29714000,1042,1042
29716000,1042,1042
29718000,4168,4168
29720000,2084,2084
29722000,1042,1042
29724000,2084,2084
29726000,7294,7294
29728000,2084,2084
29730000,4168,4168
29732000,7294,7294
29734000,3126,3126
29736000,7294,7294
29738000,6252,5210
29740000,3126,3126
29742000,3126,3126
29744000,6252,5210
29746000,5210,5210
29748000,4168,2084
29750000,9378,8336
29752000,4168,4168
29754000,3126,3126
29756000,7294,7294
29758000,4168,4168
29760000,0,0
29762000,6252,6252
29764000,2084,2084
29766000,0,0
29768000,5210,5210
29770000,2084,2084
29772000,7294,7294
29774000,5210,5210
29776000,3126,3126
29778000,4168,4168
29780000,6252,6252
29782000,2084,2084
29784000,0,0
29786000,9378,9378
29788000,1042,1042
29790000,1042,1042
29792000,5210,5210
29794000,6252,6252
29796000,1042,1042
29798000,8336,7294
29800000,3126,2084
29802000,5210,5210
29804000,3126,3126
29806000,2084,2084
29808000,2084,1042
29810000,1042,1042
29812000,0,0
29814000,4168,4168
29816000,3126,3126
29818000,4168,4168
29820000,5210,4168
29822000,2084,2084
29824000,3126,3126
29826000,4168,4168
29828000,5210,5210
29830000,11462,11462
29832000,1042,1042
29834000,2084,2084
29836000,4168,4168
29838000,2084,2084
29840000,0,0
29842000,5210,4168
29844000,10420,7294
29846000,1042,1042
29848000,2084,2084
29850000,5210,5210
29852000,1042,1042
29854000,2084,2084
29856000,4168,4168
29858000,5210,5210
29860000,1042,1042
29862000,3126,3126
29864000,2084,2084
29866000,6252,6252
29868000,4168,4168
29870000,0,0
29872000,3126,2084
29874000,4168,4168
29876000,0,0
29878000,3126,3126
29880000,12504,12504
29882000,1042,1042
29884000,4168,4168
29886000,11462,11462
29888000,1042,1042
29890000,1042,1042
29892000,10420,10420
29894000,6252,6252
29896000,2084,2084
29898000,5210,5210
29900000,7294,7294
29902000,0,0
29904000,2084,2084
29906000,6252,6252
29908000,9378,9378
29910000,2084,2084
29912000,3126,3126
29914000,5210,5210
29916000,5210,5210
29918000,1042,1042
29920000,7294,7294
29922000,5210,5210
29924000,4168,4168
29926000,4168,4168
29928000,4168,4168
29930000,2084,2084
29932000,6252,6252
29934000,3126,3126
29936000,6252,6252
29938000,3126,3126
29940000,4168,4168
29942000,3126,3126
29944000,5210,5210
29946000,0,0
29948000,5210,5210
29950000,10420,8336
29952000,1042,1042
29954000,2084,2084
29956000,10420,8336
29958000,4168,3126
29960000,0,0
29962000,2084,2084
29964000,7294,7294
29966000,7294,7294
29968000,1042,1042
29970000,4168,4168
29972000,5210,5210
29974000,6252,6252
29976000,3126,3126
29978000,0,0
29980000,4168,4168
29982000,5210,5210
29984000,0,0
29986000,2084,2084
29988000,7294,7294
29990000,0,0
29992000,1042,1042
29994000,5210,5210
29996000,2084,2084
29998000,0,0
30000000,3126,3126
30002000,5210,5210
30004000,0,0
30006000,5210,5210
30008000,5210,5210
30010000,1042,1042
30012000,2084,2084
30014000,1042,1042
30016000,4168,4168
30018000,2084,2084
30020000,0,0
30022000,2084,2084
30024000,6252,6252
30026000,5210,5210
30028000,3126,3126
30030000,7294,7294
30032000,4168,3126
30034000,0,0
30036000,2084,2084
30038000,9378,9378
30040000,3126,3126
30042000,0,0
30044000,1042,1042
30046000,1042,1042
30048000,5210,5210
30050000,1042,1042
30052000,1042,1042
30054000,2084,2084
30056000,2084,2084
30058000,2084,2084
30060000,1042,1042
30062000,2084,1042
30064000,3126,3126
30066000,4168,4168
30068000,0,0
30070000,1042,1042
30072000,5210,5210
30074000,0,0
30076000,0,0
30078000,2084,2084
30080000,2084,2084
30082000,2084,2084
30084000,4168,2084
30086000,1042,1042
30088000,2084,2084
30090000,4168,4168
30092000,3126,3126
30094000,4168,4168
30096000,1042,1042
30098000,6252,6252
30100000,5210,5210
30102000,0,0
30104000,1042,1042
30106000,5210,5210
30108000,6252,5210
30110000,3126,3126
30112000,2084,2084
30114000,4168,4168
30116000,4168,4168
30118000,1042,1042
30120000,5210,5210
30122000,2084,2084
30124000,6252,6252
30126000,3126,3126
30128000,4168,3126
30130000,4168,4168
30132000,2084,2084
30134000,1042,1042
30136000,8336,8336
30138000,4168,4168
30140000,1042,1042
30142000,8336,8336
30144000,6252,6252
30146000,1042,1042
30148000,4168,4168
30150000,6252,6252
30152000,1042,1042
30154000,3126,3126
30156000,0,0
30158000,4168,3126
30160000,3126,3126
30162000,6252,5210
30164000,1042,1042
30166000,3126,3126
30168000,4168,4168
30170000,5210,5210
30172000,0,0
30174000,9378,9378
30176000,2084,2084
30178000,3126,3126
30180000,6252,5210
30182000,2084,2084
30184000,2084,2084
30186000,1042,1042
30188000,3126,3126
30190000,1042,1042
30192000,3126,3126
30194000,3126,3126
30196000,1042,1042
30198000,3126,3126
30200000,3126,3126
30202000,2084,2084
30204000,1042,1042
30206000,3126,3126
30208000,1042,1042
30210000,3126,3126
30212000,0,0
30214000,1042,1042
30216000,4168,4168
30218000,0,0
30220000,4168,4168
30222000,8336,8336
30224000,0,0
30226000,4168,4168
30228000,6252,5210
30230000,0,0
30232000,2084,1042
30234000,6252,5210
30236000,0,0
30238000,1042,1042
30240000,7294,7294
30242000,6252,6252
30244000,0,0
30246000,3126,3126
30248000,1042,1042
30250000,3126,3126
30252000,0,0
30254000,1042,1042
30256000,5210,4168
30258000,5210,5210
30260000,4168,2084
30262000,0,0
30264000,7294,6252
30266000,1042,1042
30268000,4168,4168
30270000,3126,3126
30272000,3126,3126
30274000,1042,1042
30276000,4168,4168
30278000,0,0
30280000,5210,4168
30282000,7294,7294
30284000,2084,2084
30286000,2084,2084
30288000,14588,12504
30290000,1042,1042
30292000,0,0
30294000,4168,4168
30296000,9378,9378
30298000,5210,5210
30300000,2084,2084
30302000,5210,3126
30304000,0,0
30306000,2084,2084
30308000,4168,4168
30310000,2084,2084
30312000,1042,1042
30314000,4168,4168
30316000,0,0
30318000,1042,1042
30320000,7294,6252
30322000,0,0
30324000,1042,1042
30326000,2084,2084
30328000,7294,6252
30330000,1042,1042
30332000,2084,2084
30334000,4168,3126
30336000,3126,3126
30338000,2084,2084
30340000,2084,2084
30342000,4168,4168
30344000,0,0
30346000,7294,7294
30348000,2084,2084
30350000,4168,4168
30352000,0,0
30354000,1042,1042
30356000,3126,3126
30358000,0,0
30360000,3126,2084
30362000,1042,1042
30364000,2084,1042
30366000,2084,1042
30368000,2084,2084
30370000,2084,2084
30372000,1042,1042
30374000,3126,3126
30376000,1042,1042
30378000,4168,4168
30380000,7294,7294
30382000,1042,1042
30384000,4168,4168
30386000,6252,6252
30388000,8336,8336
30390000,3126,3126
30392000,7294,7294
30394000,8336,7294
30396000,5210,5210
30398000,2084,2084
30400000,5210,4168
30402000,6252,6252
30404000,1042,1042
30406000,6252,5210
30408000,4168,4168
30410000,1042,1042
30412000,3126,1042
30414000,6252,6252
30416000,3126,3126
30418000,3126,3126
30420000,14588,14588
30422000,4168,4168
30424000,0,0
30426000,8336,8336
30428000,6252,5210
30430000,0,0
30432000,9378,9378
30434000,2084,2084
30436000,1042,1042
30438000,6252,5210
30440000,1042,1042
30442000,0,0
30444000,8336,8336
30446000,7294,7294
30448000,3126,3126
30450000,13546,9378
30452000,4168,4168
30454000,3126,3126
30456000,0,0
30458000,4168,4168
30460000,1042,1042
30462000,5210,4168
30464000,0,0
30466000,2084,2084
30468000,6252,6252
30470000,2084,2084
30472000,1042,1042
30474000,3126,3126
30476000,1042,1042
30478000,3126,3126
30480000,1042,1042
30482000,0,0
30484000,4168,3126
30486000,5210,5210
30488000,2084,1042
30490000,2084,2084
30492000,11462,11462
30494000,1042,1042
30496000,2084,2084
30498000,8336,7294
30500000,0,0
30502000,2084,2084
30504000,5210,5210
30506000,1042,1042
30508000,7294,6252
30510000,2084,2084
30512000,4168,3126
30514000,6252,6252
30516000,3126,3126
30518000,0,0
30520000,4168,4168
30522000,4168,4168
30524000,0,0
30526000,5210,5210
30528000,5210,5210
30530000,0,0
30532000,3126,3126
30534000,9378,9378
30536000,2084,2084
30538000,5210,5210
30540000,5210,5210
30542000,5210,5210
30544000,1042,1042
30546000,1042,1042
30548000,6252,6252
30550000,1042,1042
30552000,1042,1042
30554000,1042,1042
30556000,7294,7294
30558000,4168,4168
30560000,1042,1042
30562000,3126,3126
30564000,6252,6252
30566000,2084,2084
30568000,0,0
30570000,1042,1042
30572000,7294,6252
30574000,1042,1042
30576000,2084,2084
30578000,4168,4168
30580000,8336,8336
30582000,1042,1042
30584000,2084,2084
30586000,3126,3126
30588000,7294,6252
30590000,2084,2084
30592000,4168,4168
30594000,10420,10420
30596000,4168,3126
30598000,0,0
30600000,7294,7294
30602000,5210,5210
30604000,2084,2084
30606000,7294,7294
30608000,5210,5210
30610000,4168,4168
30612000,5210,5210
30614000,9378,9378
30616000,5210,5210
30618000,2084,2084
30620000,3126,3126
30622000,4168,4168
30624000,3126,3126
30626000,0,0
30628000,6252,5210
30630000,8336,8336
30632000,0,0
30634000,5210,5210
30636000,10420,10420
30638000,5210,5210
30640000,3126,2084
30642000,6252,6252
30644000,6252,6252
30646000,3126,3126
30648000,1042,1042
30650000,4168,4168
30652000,8336,8336
30654000,1042,1042
30656000,2084,1042
30658000,6252,6252
30660000,5210,5210
30662000,2084,2084
30664000,2084,2084
30666000,3126,3126
30668000,4168,4168
30670000,1042,1042
30672000,2084,2084
30674000,4168,4168
30676000,0,0
30678000,4168,4168
30680000,0,0
30682000,5210,5210
30684000,3126,3126
30686000,1042,1042
30688000,5210,3126
30690000,4168,4168
30692000,0,0
30694000,5210,5210
30696000,9378,8336
30698000,4168,4168
30700000,2084,2084
30702000,5210,5210
30704000,6252,6252
30706000,4168,4168
30708000,1042,1042
30710000,5210,5210
30712000,2084,2084
30714000,5210,5210
30716000,0,0
30718000,5210,5210
30720000,5210,5210
30722000,2084,2084
30724000,1042,1042
30726000,4168,4168
30728000,1042,1042
30730000,0,0
30732000,2084,1042
30734000,2084,2084
30736000,3126,2084
30738000,0,0
30740000,2084,2084
30742000,3126,3126
30744000,2084,2084
30746000,0,0
30748000,4168,4168
30750000,3126,3126
30752000,1042,1042
30754000,5210,5210
30756000,2084,2084
30758000,1042,1042
30760000,6252,6252
30762000,0,0
30764000,6252,6252
30766000,3126,3126
30768000,2084,2084
30770000,1042,1042
30772000,0,0
30774000,6252,6252
30776000,2084,2084
30778000,3126,3126
30780000,3126,2084
30782000,5210,5210
30784000,0,0
30786000,5210,5210
30788000,6252,6252
30790000,0,0
30792000,4168,4168
30794000,3126,3126
30796000,4168,4168
30798000,0,0
30800000,4168,4168
30802000,7294,7294
30804000,6252,6252
30806000,1042,1042
30808000,5210,5210
30810000,7294,6252
30812000,0,0
30814000,3126,3126
30816000,5210,5210
30818000,8336,8336
30820000,5210,5210
30822000,0,0
30824000,7294,7294
30826000,6252,6252
30828000,1042,1042
30830000,1042,1042
30832000,8336,8336
30834000,5210,3126
30836000,1042,1042
30838000,5210,5210
30840000,1042,1042
30842000,2084,2084
30844000,10420,8336
30846000,1042,1042
30848000,2084,2084
30850000,6252,6252
30852000,0,0
30854000,4168,4168
30856000,7294,6252
30858000,0,0
30860000,4168,4168
30862000,6252,6252
30864000,1042,1042
30866000,6252,5210
30868000,2084,2084
30870000,2084,2084
30872000,2084,2084
30874000,2084,2084
30876000,6252,6252
30878000,6252,5210
30880000,2084,2084
30882000,0,0
30884000,5210,5210
30886000,10420,10420
30888000,5210,5210
30890000,3126,3126
30892000,7294,7294
30894000,5210,5210
30896000,2084,2084
30898000,4168,4168
30900000,7294,7294
30902000,6252,5210
30904000,4168,4168
30906000,2084,2084
30908000,4168,4168
30910000,5210,5210
30912000,2084,2084
30914000,3126,2084
30916000,5210,5210
30918000,2084,2084
30920000,5210,4168
30922000,8336,7294
30924000,8336,8336
30926000,1042,1042
30928000,9378,9378
30930000,8336,8336
30932000,1042,1042
30934000,6252,5210
30936000,8336,7294
30938000,2084,2084
30940000,4168,4168
30942000,4168,4168
30944000,7294,7294
30946000,3126,3126
30948000,6252,6252
30950000,5210,5210
30952000,1042,1042
30954000,13546,13546
30956000,7294,7294
30958000,0,0
30960000,10420,8336
30962000,9378,9378
30964000,0,0
30966000,6252,6252
30968000,13546,13546
30970000,1042,1042
30972000,2084,2084
30974000,5210,5210
30976000,3126,3126
30978000,3126,3126
30980000,1042,1042
30982000,0,0
30984000,3126,3126
30986000,6252,6252
30988000,1042,1042
30990000,3126,3126
30992000,5210,5210
30994000,7294,7294
30996000,3126,2084
30998000,4168,4168
31000000,2084,2084
31002000,3126,3126
31004000,2084,2084
31006000,3126,3126
31008000,2084,2084
31010000,7294,7294
31012000,3126,3126
31014000,1042,1042
31016000,2084,2084
31018000,4168,3126
31020000,3126,3126
31022000,1042,1042
31024000,4168,2084
31026000,9378,9378
31028000,3126,3126
31030000,1042,1042
31032000,8336,7294
31034000,1042,1042
31036000,4168,4168
31038000,6252,6252
31040000,7294,7294
31042000,4168,3126
31044000,5210,5210
31046000,6252,6252
31048000,0,0
31050000,7294,7294
31052000,2084,2084
31054000,3126,3126
31056000,8336,8336
31058000,8336,8336
31060000,0,0
31062000,2084,2084
31064000,12504,11462
31066000,3126,3126
31068000,1042,1042
31070000,4168,3126
31072000,7294,7294
31074000,2084,2084
31076000,3126,3126
31078000,9378,8336
31080000,13546,12504
31082000,2084,2084
31084000,2084,2084
31086000,14588,14588
31088000,5210,5210
31090000,3126,3126
31092000,6252,6252
31094000,8336,7294
31096000,2084,2084
31098000,4168,4168
31100000,4168,4168
31102000,1042,1042
31104000,3126,3126
31106000,4168,4168
31108000,0,0
31110000,1042,1042
31112000,3126,3126
31114000,4168,4168
31116000,0,0
31118000,3126,3126
31120000,7294,7294
31122000,0,0
31124000,4168,4168
31126000,2084,2084
31128000,2084,2084
31130000,6252,6252
31132000,2084,2084
31134000,3126,3126
31136000,4168,4168
31138000,1042,1042
31140000,4168,4168
31142000,0,0
31144000,2084,2084
31146000,2084,2084
31148000,2084,2084
31150000,2084,2084
31152000,2084,2084
31154000,1042,1042
31156000,4168,3126
31158000,3126,3126
31160000,1042,1042
31162000,3126,3126
31164000,3126,3126
31166000,2084,2084
31168000,4168,4168
31170000,2084,2084
31172000,0,0
31174000,2084,2084
31176000,3126,2084
31178000,0,0
31180000,4168,4168
31182000,0,0
31184000,2084,2084
31186000,8336,8336
31188000,1042,1042
31190000,1042,1042
31192000,9378,9378
31194000,9378,8336
31196000,0,0
31198000,7294,7294
31200000,7294,7294
31202000,6252,6252
31204000,4168,3126
31206000,2084,2084
31208000,5210,5210
31210000,4168,4168
31212000,2084,2084
31214000,2084,2084
31216000,6252,5210
31218000,3126,3126
31220000,0,0
31222000,5210,5210
31224000,6252,6252
31226000,0,0
31228000,5210,5210
31230000,4168,4168
31232000,1042,1042
31234000,2084,2084
31236000,2084,1042
31238000,0,0
31240000,3126,3126
31242000,4168,4168
31244000,6252,6252
31246000,6252,6252
31248000,1042,1042
31250000,3126,3126
31252000,6252,6252
31254000,1042,1042
31256000,5210,5210
31258000,5210,5210
31260000,3126,3126
31262000,2084,2084
31264000,6252,6252
31266000,1042,1042
31268000,3126,3126
31270000,4168,4168
31272000,3126,3126
31274000,1042,1042
31276000,1042,1042
31278000,1042,1042
31280000,1042,1042
31282000,4168,4168
31284000,0,0
31286000,5210,5210
31288000,6252,5210
31290000,0,0
31292000,2084,2084
31294000,4168,4168
31296000,3126,3126
31298000,1042,1042
31300000,0,0
31302000,1042,1042
31304000,3126,3126
31306000,2084,2084
31308000,3126,3126
31310000,3126,3126
31312000,5210,4168
31314000,2084,2084
31316000,3126,2084
31318000,0,0
31320000,5210,4168
31322000,7294,7294
31324000,1042,1042
31326000,4168,4168
31328000,9378,9378
31330000,4168,4168
31332000,0,0
31334000,9378,8336
31336000,6252,6252
31338000,3126,3126
31340000,3126,3126
31342000,5210,5210
31344000,6252,6252
31346000,5210,5210
31348000,4168,3126
31350000,0,0
31352000,0,0
31354000,4168,4168
31356000,2084,2084
31358000,1042,1042
31360000,3126,3126
31362000,0,0
31364000,7294,7294
31366000,2084,2084
31368000,6252,5210
31370000,1042,1042
31372000,2084,2084
31374000,4168,4168
31376000,0,0
31378000,3126,3126
31380000,5210,5210
31382000,1042,1042
31384000,4168,4168
31386000,5210,5210
31388000,7294,7294
31390000,2084,2084
31392000,4168,4168
31394000,7294,7294
31396000,2084,2084
31398000,0,0
31400000,2084,2084
31402000,4168,4168
31404000,2084,2084
31406000,4168,4168
31408000,1042,1042
31410000,0,0
31412000,0,0
31414000,1042,1042
31416000,2084,2084
31418000,1042,1042
31420000,1042,1042
31422000,4168,4168
31424000,3126,3126
31426000,1042,1042
31428000,2084,2084
31430000,3126,3126
31432000,1042,1042
31434000,4168,4168
31436000,1042,1042
31438000,1042,1042
31440000,4168,4168
31442000,2084,2084
31444000,1042,1042
31446000,5210,5210
31448000,1042,1042
31450000,6252,6252
31452000,2084,2084
31454000,2084,2084
31456000,4168,4168
31458000,4168,4168
31460000,1042,1042
31462000,3126,3126
31464000,6252,4168
31466000,3126,3126
31468000,1042,1042
31470000,0,0
31472000,7294,7294
31474000,3126,3126
31476000,1042,1042
31478000,3126,3126
31480000,5210,4168
31482000,4168,4168
31484000,2084,2084
31486000,3126,3126
31488000,8336,8336
31490000,1042,1042
31492000,1042,1042
31494000,6252,6252
31496000,8336,8336
31498000,0,0
31500000,8336,7294
31502000,8336,8336
31504000,3126,3126
31506000,3126,3126
31508000,0,0
31510000,1042,1042
31512000,5210,5210
31514000,0,0
31516000,0,0
31518000,5210,5210
31520000,5210,5210
31522000,1042,1042
31524000,4168,4168
31526000,3126,3126
31528000,2084,1042
31530000,2084,2084
31532000,2084,2084
31534000,2084,2084
31536000,1042,1042
31538000,5210,4168
31540000,1042,1042
31542000,0,0
31544000,3126,3126
31546000,1042,1042
31548000,1042,1042
31550000,10420,8336
31552000,1042,1042
31554000,5210,5210
31556000,4168,3126
31558000,5210,5210
31560000,3126,3126
31562000,4168,4168
31564000,6252,6252
31566000,2084,2084
31568000,4168,4168
31570000,3126,3126
31572000,4168,4168
31574000,0,0
31576000,5210,5210
31578000,4168,3126
31580000,2084,2084
31582000,2084,2084
31584000,5210,5210
31586000,1042,1042
31588000,1042,1042
31590000,5210,5210
31592000,0,0
31594000,2084,2084
31596000,3126,3126
31598000,1042,1042
31600000,6252,6252
31602000,1042,1042
31604000,4168,4168
31606000,5210,5210
31608000,1042,1042
31610000,3126,2084
31612000,2084,2084
31614000,6252,6252
31616000,1042,1042
31618000,1042,1042
31620000,10420,10420
31622000,7294,7294
31624000,3126,3126
31626000,6252,6252
31628000,9378,9378
31630000,2084,2084
31632000,2084,2084
31634000,9378,9378
31636000,3126,3126
31638000,0,0
31640000,5210,5210
31642000,5210,5210
31644000,0,0
31646000,2084,2084
31648000,0,0
31650000,0,0
31652000,4168,4168
31654000,3126,2084
31656000,0,0
31658000,5210,5210
31660000,1042,1042
31662000,3126,3126
31664000,6252,6252
31666000,5210,5210
31668000,0,0
31670000,2084,2084
31672000,4168,4168
31674000,5210,5210
31676000,3126,3126
31678000,3126,3126
31680000,5210,5210
31682000,1042,1042
31684000,2084,2084
31686000,1042,1042
31688000,4168,3126
31690000,6252,6252
31692000,2084,1042
31694000,4168,4168
31696000,4168,4168
31698000,0,0
31700000,5210,5210
31702000,4168,4168
31704000,3126,3126
31706000,4168,3126
31708000,2084,1042
31710000,0,0
31712000,4168,4168
31714000,2084,2084
31716000,2084,2084
31718000,5210,5210
31720000,4168,4168
31722000,2084,2084
31724000,5210,4168
31726000,1042,1042
31728000,2084,2084
31730000,5210,5210
31732000,3126,3126
31734000,1042,1042
31736000,5210,4168
31738000,5210,5210
31740000,3126,3126
31742000,4168,4168
31744000,6252,6252
31746000,3126,2084
31748000,2084,2084
31750000,7294,6252
31752000,1042,1042
31754000,2084,2084
31756000,9378,9378
31758000,8336,8336
31760000,2084,2084
31762000,8336,7294
31764000,5210,5210
31766000,2084,2084
31768000,1042,1042
31770000,6252,6252
31772000,3126,3126
31774000,0,0
31776000,1042,1042
31778000,4168,4168
31780000,3126,3126
31782000,4168,4168
31784000,1042,1042
31786000,2084,2084
31788000,5210,5210
31790000,0,0
31792000,3126,3126
31794000,6252,6252
31796000,1042,1042
31798000,2084,2084
31800000,2084,2084
31802000,4168,4168
31804000,1042,1042
31806000,2084,2084
31808000,1042,1042
31810000,5210,5210
31812000,6252,5210
31814000,0,0
31816000,3126,3126
31818000,8336,8336
31820000,1042,1042
31822000,2084,2084
31824000,6252,5210
31826000,2084,2084
31828000,3126,3126
31830000,4168,4168
31832000,4168,4168
31834000,5210,5210
31836000,1042,1042
31838000,5210,5210
31840000,2084,2084
31842000,0,0
31844000,7294,7294
31846000,0,0
31848000,7294,7294
31850000,7294,7294
31852000,2084,2084
31854000,1042,1042
31856000,8336,8336
31858000,4168,4168
31860000,4168,4168
31862000,4168,4168
31864000,4168,4168
31866000,1042,1042
31868000,7294,7294
31870000,2084,2084
31872000,2084,2084
31874000,6252,6252
31876000,3126,3126
31878000,2084,2084
31880000,3126,3126
31882000,4168,4168
31884000,4168,4168
31886000,2084,2084
31888000,2084,2084
31890000,6252,5210
31892000,5210,4168
31894000,1042,1042
31896000,3126,3126
31898000,3126,3126
31900000,3126,3126
31902000,2084,2084
31904000,3126,3126
31906000,5210,5210
31908000,2084,2084
31910000,2084,2084
31912000,3126,3126
31914000,3126,3126
31916000,1042,1042
31918000,1042,1042
31920000,6252,6252
31922000,2084,2084
31924000,2084,2084
31926000,3126,3126
31928000,3126,2084
31930000,2084,2084
31932000,9378,8336
31934000,2084,2084
31936000,3126,3126
31938000,9378,9378
31940000,2084,2084
31942000,1042,1042
31944000,4168,4168
31946000,4168,4168
31948000,2084,2084
31950000,3126,3126
31952000,2084,2084
31954000,3126,3126
31956000,4168,4168
31958000,834,834
31960000,1042,1042
31962000,8336,8336
31964000,1042,1042
31966000,5210,5210
31968000,4168,4168
31970000,2084,2084
31972000,0,0
31974000,4168,4168
31976000,2084,2084
31978000,1042,1042
31980000,6252,6252
31982000,4168,4168
31984000,1042,1042
31986000,6252,6252
31988000,5210,5210
31990000,1042,1042
31992000,3126,3126
31994000,8336,8336
31996000,4168,4168
31998000,2084,2084
32000000,9378,9378
32002000,11462,10420
32004000,2084,2084
32006000,9378,9378
32008000,8336,8336
32010000,5210,5210
32012000,1042,1042
32014000,4168,4168
32016000,7294,7294
32018000,5210,5210
32020000,1042,1042
32022000,7294,7294
32024000,4168,4168
32026000,4168,4168
32028000,0,0
32030000,7294,7294
32032000,9378,7294
32034000,2084,1042
32036000,1042,1042
32038000,0,0
32040000,7294,7294
32042000,1042,1042
32044000,1042,1042
32046000,4168,4168
32048000,4168,4168
32050000,2084,2084
32052000,0,0
32054000,5210,4168
32056000,4168,4168
32058000,6252,6252
32060000,1042,1042
32062000,1042,1042
32064000,2084,2084
32066000,4168,4168
32068000,6252,6252
32070000,1042,1042
32072000,4168,4168
32074000,2084,2084
32076000,3126,3126
32078000,0,0
32080000,0,0
32082000,2084,2084
32084000,4168,4168
32086000,0,0
32088000,1042,1042
32090000,5210,5210
32092000,5210,5210
32094000,0,0
32096000,5210,5210
32098000,5210,5210
32100000,6252,6252
32102000,1042,1042
32104000,4168,4168
32106000,6252,5210
32108000,3126,3126
32110000,0,0
32112000,5210,5210
32114000,2084,2084
32116000,2918,2918
32118000,1042,1042
32120000,0,0
32122000,3126,3126
32124000,3126,3126
32126000,0,0
32128000,0,0
32130000,5210,5210
32132000,4168,4168
32134000,2084,2084
32136000,1042,1042
32138000,2084,2084
32140000,1042,1042
32142000,2084,2084
32144000,3126,3126
32146000,1042,1042
32148000,0,0
32150000,3126,3126
32152000,8336,7294
32154000,2084,2084
32156000,1042,1042
32158000,0,0
32160000,0,0
32162000,2084,2084
32164000,3126,2084
32166000,1042,1042
32168000,5210,4168
32170000,1042,1042
32172000,1042,1042
32174000,5210,5210
32176000,11462,9378
32178000,6252,6252
32180000,0,0
32182000,5210,5210
32184000,9378,9378
32186000,11462,11462
32188000,3126,3126
32190000,0,0
32192000,0,0
32194000,8336,8336
32196000,7294,7294
32198000,4168,4168
32200000,1042,1042
32202000,0,0
32204000,4168,4168
32206000,2084,2084
32208000,0,0
32210000,1042,1042
32212000,1042,1042
32214000,1042,1042
32216000,1042,1042
32218000,1042,1042
32220000,0,0
32222000,2084,2084
32224000,2084,2084
32226000,3126,3126
32228000,4168,4168
32230000,6252,6252
32232000,6252,6252
32234000,2084,2084
32236000,3126,2084
32238000,0,0
32240000,0,0
32242000,1042,1042
32244000,5210,5210
32246000,8336,8336
32248000,4168,4168
32250000,3126,3126
32252000,0,0
32254000,0,0
32256000,3126,2084
32258000,1042,1042
32260000,4168,4168
32262000,4168,4168
32264000,3126,2084
32266000,0,0
32268000,0,0
32270000,0,0
32272000,3126,3126
32274000,3126,3126
32276000,4168,4168
32278000,4168,4168
32280000,4168,4168
32282000,6252,5210
32284000,2084,1042
32286000,1042,1042
32288000,3126,3126
32290000,7294,7294
32292000,8336,8336
32294000,8336,8336
32296000,8336,8336
32298000,5210,3126
32300000,2084,2084
32302000,2084,2084
32304000,0,0
32306000,0,0
32308000,0,0
32310000,0,0
32312000,0,0
32314000,0,0
32316000,0,0
32318000,0,0
32320000,0,0
32322000,0,0
32324000,0,0
32326000,0,0
32328000,3126,2084
32330000,0,0
32332000,3126,3126
32334000,2084,2084
32336000,2084,2084
32338000,1042,1042
32340000,0,0
32342000,0,0
32344000,0,0
32346000,0,0
32348000,0,0
32350000,0,0
32352000,0,0
32354000,1042,1042
32356000,0,0
32358000,0,0
32360000,2084,2084
32362000,0,0
32364000,1042,1042
32366000,2084,2084
32368000,1042,1042
32370000,0,0
32372000,1042,1042
32374000,0,0
32376000,0,0
32378000,0,0
32380000,3126,3126
32382000,0,0
32384000,0,0
32386000,1042,1042
32388000,0,0
32390000,2084,1042
32392000,0,0
32394000,0,0
32396000,0,0
32398000,0,0
32400000,0,0
32402000,0,0
32404000,0,0
32406000,0,0
32408000,0,0
32410000,0,0
32412000,0,0
32414000,0,0
32416000,0,0
32418000,0,0
32420000,0,0
32422000,0,0
32424000,0,0
32426000,0,0
32428000,0,0
32430000,0,0
32432000,0,0
32434000,0,0
32436000,0,0
32438000,0,0
32440000,0,0
32442000,0,0
32444000,0,0
32446000,0,0
32448000,0,0
32450000,0,0
32452000,0,0
32454000,0,0
32456000,0,0
32458000,0,0
32460000,0,0
32462000,0,0
32464000,0,0
32466000,0,0
32468000,0,0
32470000,0,0
32472000,0,0
32474000,0,0
32476000,0,0
32478000,0,0
32480000,0,0
32482000,0,0
32484000,0,0
32486000,0,0
32488000,0,0
32490000,0,0
32492000,0,0
32494000,0,0
32496000,0,0
32498000,0,0
32500000,0,0
32502000,0,0
32504000,0,0
32506000,0,0
32508000,0,0
32510000,0,0
32512000,0,0
32514000,0,0
32516000,0,0
32518000,0,0
32520000,0,0
32522000,0,0
32524000,0,0
32526000,0,0
32528000,0,0
32530000,0,0
32532000,0,0
32534000,0,0
32536000,0,0
32538000,0,0
32540000,0,0
32542000,0,0
32544000,0,0
32546000,0,0
32548000,0,0
32550000,0,0
32552000,0,0
32554000,0,0
32556000,0,0
32558000,0,0
32560000,0,0
32562000,0,0
32564000,0,0
32566000,0,0
32568000,0,0
32570000,0,0
32572000,0,0
32574000,0,0
32576000,0,0
32578000,0,0
32580000,0,0
32582000,0,0
32584000,0,0
32586000,0,0
32588000,0,0
32590000,0,0
32592000,0,0
32594000,0,0
32596000,0,0
32598000,0,0
32600000,0,0
32602000,0,0
32604000,0,0
32606000,0,0
32608000,0,0
32610000,0,0
32612000,0,0
32614000,0,0
32616000,0,0
32618000,0,0
32620000,0,0
32622000,0,0
32624000,0,0
32626000,0,0
32628000,0,0
32630000,0,0
32632000,0,0
32634000,0,0
32636000,0,0
32638000,0,0
32640000,0,0
32642000,0,0
32644000,0,0
32646000,0,0
32648000,0,0
32650000,0,0
32652000,0,0
32654000,0,0
32656000,0,0
32658000,0,0
32660000,0,0
32662000,0,0
32664000,0,0
32666000,0,0
32668000,0,0
32670000,0,0
32672000,0,0
32674000,0,0
32676000,0,0
32678000,0,0
32680000,0,0
32682000,0,0
32684000,0,0
32686000,0,0
32688000,0,0
32690000,0,0
32692000,0,0
32694000,0,0
32696000,0,0
32698000,0,0
32700000,0,0
32702000,0,0
32704000,0,0
32706000,0,0
32708000,0,0
32710000,0,0
32712000,0,0
32714000,0,0
32716000,0,0
32718000,0,0
32720000,0,0
32722000,0,0
32724000,0,0
32726000,0,0
32728000,0,0
32730000,0,0
32732000,0,0
32734000,0,0
32736000,0,0
32738000,0,0
32740000,0,0
32742000,0,0
32744000,0,0
32746000,0,0
32748000,0,0
32750000,0,0
32752000,0,0
32754000,0,0
32756000,0,0
32758000,0,0
32760000,0,0
32762000,0,0
32764000,0,0
32766000,0,0
32768000,0,0
32770000,0,0
32772000,0,0
32774000,0,0
32776000,0,0
32778000,0,0
32780000,0,0
32782000,0,0
32784000,0,0
32786000,0,0
32788000,0,0
32790000,0,0
32792000,0,0
32794000,0,0
32796000,0,0
32798000,0,0
32800000,0,0
32802000,0,0
32804000,0,0
32806000,0,0
32808000,0,0
32810000,0,0
32812000,0,0
32814000,0,0
32816000,0,0
32818000,0,0
32820000,0,0
32822000,0,0
32824000,0,0
32826000,0,0
32828000,0,0
32830000,0,0
32832000,0,0
32834000,0,0
32836000,0,0
32838000,0,0
32840000,0,0
32842000,0,0
32844000,0,0
32846000,0,0
32848000,0,0
32850000,0,0
32852000,0,0
32854000,0,0
32856000,0,0
32858000,0,0
32860000,0,0
32862000,0,0
32864000,0,0
32866000,0,0
32868000,0,0
32870000,0,0
32872000,0,0
32874000,0,0
32876000,0,0
32878000,0,0
32880000,0,0
32882000,0,0
32884000,0,0
32886000,0,0
32888000,0,0
32890000,0,0
32892000,0,0
32894000,0,0
32896000,0,0
32898000,0,0
32900000,0,0
32902000,0,0
32904000,0,0
32906000,0,0
32908000,0,0
32910000,0,0
32912000,0,0
32914000,0,0
32916000,0,0
32918000,0,0
32920000,0,0
32922000,0,0
32924000,0,0
32926000,0,0
32928000,0,0
32930000,0,0
32932000,0,0
32934000,0,0
32936000,0,0
32938000,0,0
32940000,0,0
32942000,0,0
32944000,0,0
32946000,0,0
32948000,0,0
32950000,0,0
32952000,0,0
32954000,0,0
32956000,0,0
32958000,0,0
32960000,0,0
32962000,0,0
32964000,0,0
32966000,0,0
32968000,0,0
32970000,0,0
32972000,0,0
32974000,0,0
32976000,0,0
32978000,0,0
32980000,0,0
32982000,0,0
32984000,0,0
32986000,0,0
32988000,0,0
32990000,0,0
32992000,0,0
32994000,0,0
32996000,0,0
32998000,0,0
33000000,0,0
33002000,0,0
33004000,0,0
33006000,0,0
33008000,0,0
33010000,0,0
33012000,0,0
33014000,0,0
33016000,0,0
33018000,0,0
33020000,0,0
33022000,0,0
33024000,0,0
33026000,0,0
33028000,0,0
33030000,0,0
33032000,0,0
33034000,0,0
33036000,0,0
33038000,0,0
33040000,0,0
33042000,0,0
33044000,0,0
33046000,0,0
33048000,0,0
33050000,0,0
33052000,0,0
33054000,0,0
33056000,0,0
33058000,0,0
33060000,0,0
33062000,0,0
33064000,0,0
33066000,0,0
33068000,0,0
33070000,0,0
33072000,0,0
33074000,0,0
33076000,0,0
33078000,0,0
33080000,0,0
33082000,0,0
33084000,0,0
33086000,0,0
33088000,0,0
33090000,0,0
33092000,0,0
33094000,0,0
33096000,0,0
33098000,0,0
33100000,0,0
33102000,0,0
33104000,0,0
33106000,0,0
33108000,0,0
33110000,0,0
33112000,0,0
33114000,0,0
33116000,0,0
33118000,0,0
33120000,0,0
33122000,0,0
33124000,0,0
33126000,0,0
33128000,0,0
33130000,0,0
33132000,0,0
33134000,0,0
33136000,0,0
33138000,0,0
33140000,0,0
33142000,0,0
33144000,0,0
33146000,0,0
33148000,0,0
33150000,0,0
33152000,0,0
33154000,0,0
33156000,0,0
33158000,0,0
33160000,0,0
33162000,0,0
33164000,0,0
33166000,0,0
33168000,0,0
33170000,0,0
33172000,0,0
33174000,0,0
33176000,0,0
33178000,0,0
33180000,0,0
33182000,0,0
33184000,0,0
33186000,0,0
33188000,0,0
33190000,0,0
33192000,0,0
33194000,0,0
33196000,0,0
33198000,0,0
33200000,0,0
33202000,0,0
33204000,0,0
33206000,0,0
33208000,0,0
33210000,0,0
33212000,0,0
33214000,0,0
33216000,0,0
33218000,0,0
33220000,0,0
33222000,0,0
33224000,0,0
33226000,0,0
33228000,0,0
33230000,0,0
33232000,0,0
33234000,0,0
33236000,0,0
33238000,0,0
33240000,0,0
33242000,0,0
33244000,0,0
33246000,0,0
33248000,0,0
33250000,0,0
33252000,0,0
33254000,0,0
33256000,0,0
33258000,0,0
33260000,0,0
33262000,0,0
33264000,0,0
33266000,0,0
33268000,0,0
33270000,0,0
33272000,0,0
33274000,0,0
33276000,0,0
33278000,0,0
33280000,0,0
33282000,0,0
33284000,0,0
33286000,0,0
33288000,0,0
33290000,0,0
33292000,0,0
33294000,0,0
33296000,0,0
33298000,0,0
33300000,0,0
33302000,0,0
33304000,0,0
33306000,0,0
33308000,0,0
33310000,0,0
33312000,0,0
33314000,0,0
33316000,0,0
33318000,0,0
33320000,0,0
33322000,0,0
33324000,0,0
33326000,0,0
33328000,0,0
33330000,0,0
33332000,0,0
33334000,0,0
33336000,0,0
33338000,0,0
33340000,0,0
33342000,0,0
33344000,0,0
33346000,0,0
33348000,0,0
33350000,0,0
33352000,0,0
33354000,0,0
33356000,0,0
33358000,0,0
33360000,0,0
33362000,0,0
33364000,0,0
33366000,0,0
33368000,0,0
33370000,0,0
33372000,0,0
33374000,0,0
33376000,0,0
33378000,0,0
33380000,0,0
33382000,0,0
33384000,0,0
33386000,0,0
33388000,0,0
33390000,0,0
33392000,0,0
33394000,0,0
33396000,0,0
33398000,0,0
33400000,0,0
33402000,0,0
33404000,0,0
33406000,0,0
33408000,0,0
33410000,0,0
33412000,0,0
33414000,0,0
33416000,0,0
33418000,0,0
33420000,0,0
33422000,0,0
33424000,0,0
33426000,0,0
33428000,0,0
33430000,0,0
33432000,0,0
33434000,0,0
33436000,0,0
33438000,0,0
33440000,0,0
33442000,0,0
33444000,0,0
33446000,0,0
33448000,0,0
33450000,0,0
33452000,0,0
33454000,0,0
33456000,0,0
33458000,0,0
33460000,0,0
33462000,0,0
33464000,0,0
33466000,0,0
33468000,0,0
33470000,0,0
33472000,0,0
33474000,0,0
33476000,0,0
33478000,0,0
33480000,0,0
33482000,0,0
33484000,0,0
33486000,0,0
33488000,0,0
33490000,0,0
33492000,0,0
33494000,0,0
33496000,0,0
33498000,0,0
33500000,0,0
33502000,0,0
33504000,0,0
33506000,0,0
33508000,0,0
33510000,0,0
33512000,0,0
33514000,0,0
33516000,0,0
33518000,0,0
33520000,0,0
33522000,0,0
33524000,0,0
33526000,0,0
33528000,0,0
33530000,0,0
33532000,0,0
33534000,0,0
33536000,0,0
33538000,0,0
33540000,0,0
33542000,0,0
33544000,0,0
33546000,0,0
33548000,0,0
33550000,0,0
33552000,0,0
33554000,0,0
33556000,0,0
33558000,0,0
33560000,0,0
33562000,0,0
33564000,0,0
33566000,0,0
33568000,0,0
33570000,0,0
33572000,0,0
33574000,0,0
33576000,0,0
33578000,0,0
33580000,0,0
33582000,0,0
33584000,0,0
33586000,0,0
33588000,0,0
33590000,0,0
33592000,0,0
33594000,0,0
33596000,0,0
33598000,0,0
33600000,0,0
33602000,0,0
33604000,0,0
33606000,0,0
33608000,0,0
33610000,0,0
33612000,0,0
33614000,0,0
33616000,0,0
33618000,0,0
33620000,0,0
33622000,0,0
33624000,0,0
33626000,0,0
33628000,0,0
33630000,0,0
33632000,0,0
33634000,0,0
33636000,0,0
33638000,0,0
33640000,0,0
33642000,0,0
33644000,0,0
33646000,0,0
33648000,0,0
33650000,0,0
33652000,0,0
33654000,0,0
33656000,0,0
33658000,0,0
33660000,0,0
33662000,0,0
33664000,0,0
33666000,0,0
33668000,0,0
33670000,0,0
33672000,0,0
33674000,0,0
33676000,0,0
33678000,0,0
33680000,0,0
33682000,0,0
33684000,0,0
33686000,0,0
33688000,0,0
33690000,0,0
33692000,0,0
33694000,0,0
33696000,0,0
33698000,0,0
33700000,0,0
33702000,0,0
33704000,0,0
33706000,0,0
33708000,0,0
33710000,0,0
33712000,0,0
33714000,0,0
33716000,0,0
33718000,0,0
33720000,0,0
33722000,0,0
33724000,0,0
33726000,0,0
33728000,0,0
33730000,0,0
33732000,0,0
33734000,0,0
33736000,0,0
33738000,0,0
33740000,0,0
33742000,0,0
33744000,0,0
33746000,0,0
33748000,0,0
33750000,0,0
33752000,0,0
33754000,0,0
33756000,0,0
33758000,0,0
33760000,0,0
33762000,0,0
33764000,0,0
33766000,0,0
33768000,0,0
33770000,0,0
33772000,0,0
33774000,0,0
33776000,0,0
33778000,0,0
33780000,0,0
33782000,0,0
33784000,0,0
33786000,0,0
33788000,0,0
33790000,0,0
33792000,0,0
33794000,0,0
33796000,0,0
33798000,0,0
33800000,0,0
33802000,0,0
33804000,0,0
33806000,0,0
33808000,0,0
33810000,0,0
33812000,0,0
33814000,0,0
33816000,0,0
33818000,0,0
33820000,0,0
33822000,0,0
33824000,0,0
33826000,0,0
33828000,0,0
33830000,0,0
33832000,0,0
33834000,0,0
33836000,0,0
33838000,0,0
33840000,0,0
33842000,0,0
33844000,0,0
33846000,0,0
33848000,0,0
33850000,0,0
33852000,0,0
33854000,0,0
33856000,0,0
33858000,0,0
33860000,0,0
33862000,0,0
33864000,0,0
33866000,0,0
33868000,0,0
33870000,0,0
33872000,0,0
33874000,0,0
33876000,0,0
33878000,0,0
33880000,0,0
33882000,0,0
33884000,0,0
33886000,0,0
33888000,0,0
33890000,0,0
33892000,0,0
33894000,0,0
33896000,0,0
33898000,0,0
33900000,0,0
33902000,0,0
33904000,0,0
33906000,0,0
33908000,0,0
33910000,0,0
33912000,0,0
33914000,0,0
33916000,0,0
33918000,0,0
33920000,0,0
33922000,0,0
33924000,0,0
33926000,0,0
33928000,0,0
33930000,0,0
33932000,0,0
33934000,0,0
33936000,0,0
33938000,0,0
33940000,0,0
33942000,0,0
33944000,0,0
33946000,0,0
33948000,0,0
33950000,0,0
33952000,0,0
33954000,0,0
33956000,0,0
33958000,0,0
33960000,0,0
33962000,0,0
33964000,0,0
33966000,0,0
33968000,0,0
33970000,0,0
33972000,0,0
33974000,0,0
33976000,0,0
33978000,0,0
33980000,0,0
33982000,0,0
33984000,0,0
33986000,0,0
33988000,0,0
33990000,0,0
33992000,0,0
33994000,0,0
33996000,0,0
33998000,0,0
34000000,0,0
34002000,0,0
34004000,0,0
34006000,0,0
34008000,0,0
34010000,0,0
34012000,0,0
34014000,0,0
34016000,0,0
34018000,0,0
34020000,0,0
34022000,0,0
34024000,0,0
34026000,0,0
34028000,0,0
34030000,0,0
34032000,0,0
34034000,0,0
34036000,0,0
34038000,0,0
34040000,0,0
34042000,0,0
34044000,0,0
34046000,0,0
34048000,0,0
34050000,0,0
34052000,0,0
34054000,0,0
34056000,0,0
34058000,0,0
34060000,0,0
34062000,0,0
34064000,0,0
34066000,0,0
34068000,0,0
34070000,0,0
34072000,0,0
34074000,0,0
34076000,0,0
34078000,0,0
34080000,0,0
34082000,0,0
34084000,0,0
34086000,0,0
34088000,0,0
34090000,0,0
34092000,0,0
34094000,0,0
34096000,0,0
34098000,0,0
34100000,0,0
34102000,0,0
34104000,0,0
34106000,0,0
34108000,0,0
34110000,0,0
34112000,0,0
34114000,0,0
34116000,0,0
34118000,0,0
34120000,0,0
34122000,0,0
34124000,0,0
34126000,0,0
34128000,0,0
34130000,0,0
34132000,0,0
34134000,0,0
34136000,0,0
34138000,0,0
34140000,0,0
34142000,0,0
34144000,0,0
34146000,0,0
34148000,0,0
34150000,0,0
34152000,0,0
34154000,0,0
34156000,0,0
34158000,0,0
34160000,0,0
34162000,0,0
34164000,0,0
34166000,0,0
34168000,0,0
34170000,0,0
34172000,0,0
34174000,0,0
34176000,0,0
34178000,0,0
34180000,0,0
34182000,0,0
34184000,0,0
34186000,0,0
34188000,0,0
34190000,0,0
34192000,0,0
34194000,0,0
34196000,0,0
34198000,0,0
34200000,0,0
34202000,0,0
34204000,0,0
34206000,0,0
34208000,0,0
34210000,0,0
34212000,0,0
34214000,0,0
34216000,0,0
34218000,0,0
34220000,0,0
34222000,0,0
34224000,0,0
34226000,0,0
34228000,0,0
34230000,0,0
34232000,0,0
34234000,0,0
34236000,0,0
34238000,0,0
34240000,0,0
34242000,0,0
34244000,0,0
34246000,0,0
34248000,0,0
34250000,0,0
34252000,0,0
34254000,0,0
34256000,0,0
34258000,0,0
34260000,0,0
34262000,0,0
34264000,0,0
34266000,0,0
34268000,0,0
34270000,0,0
34272000,0,0
34274000,0,0
34276000,0,0
34278000,0,0
34280000,0,0
34282000,0,0
34284000,0,0
34286000,0,0
34288000,0,0
34290000,0,0
34292000,0,0
34294000,0,0
34296000,0,0
34298000,0,0
34300000,0,0
34302000,0,0
34304000,0,0
34306000,0,0
34308000,0,0
34310000,0,0
34312000,0,0
34314000,0,0
34316000,0,0
34318000,0,0
34320000,0,0
34322000,0,0
34324000,0,0
34326000,0,0
34328000,0,0
34330000,0,0
34332000,0,0
34334000,0,0
34336000,0,0
34338000,0,0
34340000,0,0
34342000,0,0
34344000,0,0
34346000,0,0
34348000,0,0
34350000,0,0
34352000,0,0
34354000,0,0
34356000,0,0
34358000,0,0
34360000,0,0
34362000,0,0
34364000,0,0
34366000,0,0
34368000,0,0
34370000,0,0
34372000,0,0
34374000,0,0
34376000,0,0
34378000,0,0
34380000,0,0
34382000,0,0
34384000,0,0
34386000,0,0
34388000,0,0
34390000,0,0
34392000,0,0
34394000,0,0
34396000,0,0
34398000,0,0
34400000,0,0
34402000,0,0
34404000,0,0
34406000,0,0
34408000,0,0
34410000,0,0
34412000,0,0
34414000,0,0
34416000,0,0
34418000,0,0
34420000,0,0
34422000,0,0
34424000,0,0
34426000,0,0
34428000,0,0
34430000,0,0
34432000,0,0
34434000,0,0
34436000,0,0
34438000,0,0
34440000,0,0
34442000,0,0
34444000,0,0
34446000,0,0
34448000,0,0
34450000,0,0
34452000,0,0
34454000,0,0
34456000,0,0
34458000,0,0
34460000,0,0
34462000,0,0
34464000,0,0
34466000,0,0
34468000,0,0
34470000,0,0
34472000,0,0
34474000,0,0
34476000,0,0
34478000,0,0
34480000,0,0
34482000,0,0
34484000,0,0
34486000,0,0
34488000,0,0
34490000,0,0
34492000,0,0
34494000,0,0
34496000,0,0
34498000,0,0
34500000,0,0
34502000,0,0
34504000,0,0
34506000,0,0
34508000,0,0
34510000,0,0
34512000,0,0
34514000,0,0
34516000,0,0
34518000,0,0
34520000,0,0
34522000,0,0
34524000,0,0
34526000,0,0
34528000,0,0
34530000,0,0
34532000,0,0
34534000,0,0
34536000,0,0
34538000,0,0
34540000,0,0
34542000,0,0
34544000,0,0
34546000,0,0
34548000,0,0
34550000,0,0
34552000,0,0
34554000,0,0
34556000,0,0
34558000,0,0
34560000,0,0
34562000,0,0
34564000,0,0
34566000,0,0
34568000,0,0
34570000,0,0
34572000,0,0
34574000,0,0
34576000,0,0
34578000,0,0
34580000,0,0
34582000,0,0
34584000,0,0
34586000,0,0
34588000,0,0
34590000,0,0
34592000,0,0
34594000,0,0
34596000,0,0
34598000,0,0
34600000,0,0
34602000,0,0
34604000,0,0
34606000,0,0
34608000,0,0
34610000,0,0
34612000,0,0
34614000,0,0
34616000,0,0
34618000,0,0
34620000,0,0
34622000,0,0
34624000,0,0
34626000,0,0
34628000,0,0
34630000,0,0
34632000,0,0
34634000,0,0
34636000,0,0
34638000,0,0
34640000,0,0
34642000,0,0
34644000,0,0
34646000,0,0
34648000,0,0
34650000,0,0
34652000,0,0
34654000,0,0
34656000,0,0
34658000,0,0
34660000,0,0
34662000,0,0
34664000,0,0
34666000,0,0
34668000,0,0
34670000,0,0
34672000,0,0
34674000,0,0
34676000,0,0
34678000,0,0
34680000,0,0
34682000,0,0
34684000,0,0
34686000,0,0
34688000,0,0
34690000,0,0
34692000,0,0
34694000,0,0
34696000,0,0
34698000,0,0
34700000,0,0
34702000,0,0
34704000,0,0
34706000,0,0
34708000,0,0
34710000,0,0
34712000,0,0
34714000,0,0
34716000,0,0
34718000,0,0
34720000,0,0
34722000,0,0
34724000,0,0
34726000,0,0
34728000,0,0
34730000,0,0
34732000,0,0
34734000,0,0
34736000,0,0
34738000,0,0
34740000,0,0
34742000,0,0
34744000,0,0
34746000,0,0
34748000,0,0
34750000,0,0
34752000,0,0
34754000,0,0
34756000,0,0
34758000,0,0
34760000,0,0
34762000,0,0
34764000,0,0
34766000,0,0
34768000,0,0
34770000,0,0
34772000,0,0
34774000,0,0
34776000,0,0
34778000,0,0
34780000,0,0
34782000,0,0
34784000,0,0
34786000,0,0
34788000,0,0
34790000,0,0
34792000,0,0
34794000,0,0
34796000,0,0
34798000,0,0
34800000,0,0
34802000,0,0
34804000,0,0
34806000,0,0
34808000,0,0
34810000,0,0
34812000,0,0
34814000,0,0
34816000,0,0
34818000,0,0
34820000,0,0
34822000,0,0
34824000,0,0
34826000,0,0
34828000,0,0
34830000,0,0
34832000,0,0
34834000,0,0
34836000,0,0
34838000,0,0
34840000,0,0
34842000,0,0
34844000,0,0
34846000,0,0
34848000,0,0
34850000,0,0
34852000,0,0
34854000,0,0
34856000,0,0
34858000,0,0
34860000,0,0
34862000,0,0
34864000,0,0
34866000,0,0
34868000,0,0
34870000,0,0
34872000,0,0
34874000,0,0
34876000,0,0
34878000,0,0
34880000,0,0
34882000,0,0
34884000,0,0
34886000,0,0
34888000,0,0
34890000,0,0
34892000,0,0
34894000,0,0
34896000,0,0
34898000,0,0
34900000,0,0
34902000,0,0
34904000,0,0
34906000,0,0
34908000,0,0
34910000,0,0
34912000,0,0
34914000,0,0
34916000,0,0
34918000,0,0
34920000,0,0
34922000,0,0
34924000,0,0
34926000,0,0
34928000,0,0
34930000,0,0
34932000,0,0
34934000,0,0
34936000,0,0
34938000,0,0
34940000,0,0
34942000,0,0
34944000,0,0
34946000,0,0
34948000,0,0
34950000,0,0
34952000,0,0
34954000,0,0
34956000,0,0
34958000,0,0
34960000,0,0
34962000,0,0
34964000,0,0
34966000,0,0
34968000,0,0
34970000,0,0
34972000,0,0
34974000,0,0
34976000,0,0
34978000,0,0
34980000,0,0
34982000,0,0
34984000,0,0
34986000,0,0
34988000,0,0
34990000,0,0
34992000,0,0
34994000,0,0
34996000,0,0
34998000,0,0
35000000,0,0
35002000,0,0
35004000,0,0
35006000,0,0
35008000,0,0
35010000,0,0
35012000,0,0
35014000,0,0
35016000,0,0
35018000,0,0
35020000,0,0
35022000,0,0
35024000,0,0
35026000,0,0
35028000,0,0
35030000,0,0
35032000,0,0
35034000,0,0
35036000,0,0
35038000,0,0
35040000,0,0
35042000,0,0
35044000,0,0
35046000,0,0
35048000,0,0
35050000,0,0
35052000,0,0
35054000,0,0
35056000,0,0
35058000,0,0
35060000,0,0
35062000,0,0
35064000,0,0
35066000,0,0
35068000,0,0
35070000,0,0
35072000,0,0
35074000,0,0
35076000,0,0
35078000,0,0
35080000,0,0
35082000,0,0
35084000,0,0
35086000,0,0
35088000,0,0
35090000,0,0
35092000,0,0
35094000,0,0
35096000,0,0
35098000,0,0
35100000,0,0
35102000,0,0
35104000,0,0
35106000,0,0
35108000,0,0
35110000,0,0
35112000,0,0
35114000,0,0
35116000,0,0
35118000,0,0
35120000,0,0
35122000,0,0
35124000,0,0
35126000,0,0
35128000,0,0
35130000,0,0
35132000,0,0
35134000,0,0
35136000,0,0
35138000,0,0
35140000,0,0
35142000,0,0
35144000,0,0
35146000,0,0
35148000,0,0
35150000,0,0
35152000,0,0
35154000,0,0
35156000,0,0
35158000,0,0
35160000,0,0
35162000,0,0
35164000,0,0
35166000,0,0
35168000,0,0
35170000,0,0
35172000,0,0
35174000,0,0
35176000,0,0
35178000,0,0
35180000,0,0
35182000,0,0
35184000,0,0
35186000,0,0
35188000,0,0
35190000,0,0
35192000,0,0
35194000,0,0
35196000,0,0
35198000,0,0
35200000,0,0
35202000,0,0
35204000,0,0
35206000,0,0
35208000,0,0
35210000,0,0
35212000,0,0
35214000,0,0
35216000,0,0
35218000,0,0
35220000,0,0
35222000,0,0
35224000,0,0
35226000,0,0
35228000,0,0
35230000,0,0
35232000,0,0
35234000,0,0
35236000,0,0
35238000,0,0
35240000,0,0
35242000,0,0
35244000,0,0
35246000,0,0
35248000,0,0
35250000,0,0
35252000,0,0
35254000,0,0
35256000,0,0
35258000,0,0
35260000,0,0
35262000,0,0
35264000,0,0
35266000,0,0
35268000,0,0
35270000,0,0
35272000,0,0
35274000,0,0
35276000,0,0
35278000,0,0
35280000,0,0
35282000,0,0
35284000,0,0
35286000,0,0
35288000,0,0
35290000,0,0
35292000,0,0
35294000,0,0
35296000,0,0
35298000,0,0
35300000,0,0
35302000,0,0
35304000,0,0
35306000,0,0
35308000,0,0
35310000,0,0
35312000,0,0
35314000,0,0
35316000,0,0
35318000,0,0
35320000,0,0
35322000,0,0
35324000,0,0
35326000,0,0
35328000,0,0
35330000,0,0
35332000,0,0
35334000,0,0
35336000,0,0
35338000,0,0
35340000,0,0
35342000,0,0
35344000,0,0
35346000,0,0
35348000,0,0
35350000,0,0
35352000,0,0
35354000,0,0
35356000,0,0
35358000,0,0
35360000,0,0
35362000,0,0
35364000,0,0
35366000,0,0
35368000,0,0
35370000,0,0
35372000,0,0
35374000,0,0
35376000,0,0
35378000,0,0
35380000,0,0
35382000,0,0
35384000,0,0
35386000,0,0
35388000,0,0
35390000,0,0
35392000,0,0
35394000,0,0
35396000,0,0
35398000,0,0
35400000,0,0
35402000,0,0
35404000,0,0
35406000,0,0
35408000,0,0
35410000,0,0
35412000,0,0
35414000,0,0
35416000,0,0
35418000,0,0
35420000,0,0
35422000,0,0
35424000,0,0
35426000,0,0
35428000,0,0
35430000,0,0
35432000,0,0
35434000,0,0
35436000,0,0
35438000,0,0
35440000,0,0
35442000,0,0
35444000,0,0
35446000,0,0
35448000,0,0
35450000,0,0
35452000,0,0
35454000,0,0
35456000,0,0
35458000,0,0
35460000,0,0
35462000,0,0
35464000,0,0
35466000,0,0
35468000,0,0
35470000,0,0
35472000,0,0
35474000,0,0
35476000,0,0
35478000,0,0
35480000,0,0
35482000,0,0
35484000,0,0
35486000,0,0
35488000,0,0
35490000,0,0
35492000,0,0
35494000,0,0
35496000,0,0
35498000,0,0
35500000,0,0
35502000,0,0
35504000,0,0
35506000,0,0
35508000,0,0
35510000,0,0
35512000,0,0
35514000,0,0
35516000,0,0
35518000,0,0
35520000,0,0
35522000,0,0
35524000,0,0
35526000,0,0
35528000,0,0
35530000,0,0
35532000,0,0
35534000,0,0
35536000,0,0
35538000,0,0
35540000,0,0
35542000,0,0
35544000,0,0
35546000,0,0
35548000,0,0
35550000,0,0
35552000,0,0
35554000,0,0
35556000,0,0
35558000,0,0
35560000,0,0
35562000,0,0
35564000,0,0
35566000,0,0
35568000,0,0
35570000,0,0
35572000,0,0
35574000,0,0
35576000,0,0
35578000,0,0
35580000,0,0
35582000,0,0
35584000,0,0
35586000,0,0
35588000,0,0
35590000,0,0
35592000,0,0
35594000,0,0
35596000,0,0
35598000,0,0
35600000,0,0
35602000,0,0
35604000,0,0
35606000,0,0
35608000,0,0
35610000,0,0
35612000,0,0
35614000,0,0
35616000,0,0
35618000,0,0
35620000,0,0
35622000,0,0
35624000,0,0
35626000,0,0
35628000,0,0
35630000,0,0
35632000,0,0
35634000,0,0
35636000,0,0
35638000,0,0
35640000,0,0
35642000,0,0
35644000,0,0
35646000,0,0
35648000,0,0
35650000,0,0
35652000,0,0
35654000,0,0
35656000,0,0
35658000,0,0
35660000,0,0
35662000,0,0
35664000,0,0
35666000,0,0
35668000,0,0
35670000,0,0
35672000,0,0
35674000,0,0
35676000,0,0
35678000,0,0
35680000,0,0
35682000,0,0
35684000,0,0
35686000,0,0
35688000,0,0
35690000,0,0
35692000,0,0
35694000,0,0
35696000,0,0
35698000,0,0
35700000,0,0
35702000,0,0
35704000,0,0
35706000,0,0
35708000,0,0
35710000,0,0
35712000,0,0
35714000,0,0
35716000,0,0
35718000,0,0
35720000,0,0
35722000,0,0
35724000,0,0
35726000,0,0
35728000,0,0
35730000,0,0
35732000,0,0
35734000,0,0
35736000,0,0
35738000,0,0
35740000,0,0
35742000,0,0
35744000,0,0
35746000,0,0
35748000,0,0
35750000,0,0
35752000,0,0
35754000,0,0
35756000,0,0
35758000,0,0
35760000,0,0
35762000,0,0
35764000,0,0
35766000,0,0
35768000,0,0
35770000,0,0
35772000,0,0
35774000,0,0
35776000,0,0
35778000,0,0
35780000,0,0
35782000,0,0
35784000,0,0
35786000,0,0
35788000,0,0
35790000,0,0
35792000,0,0
35794000,0,0
35796000,0,0
35798000,0,0
35800000,0,0
35802000,0,0
35804000,0,0
35806000,0,0
35808000,0,0
35810000,0,0
35812000,0,0
35814000,0,0
35816000,0,0
35818000,0,0
35820000,0,0
35822000,0,0
35824000,0,0
35826000,0,0
35828000,0,0
35830000,0,0
35832000,0,0
35834000,0,0
35836000,0,0
35838000,0,0
35840000,0,0
35842000,0,0
35844000,0,0
35846000,0,0
35848000,0,0
35850000,0,0
35852000,0,0
35854000,0,0
35856000,0,0
35858000,0,0
35860000,0,0
35862000,0,0
35864000,0,0
35866000,0,0
35868000,0,0
35870000,0,0
35872000,0,0
35874000,0,0
35876000,0,0
35878000,0,0
35880000,0,0
35882000,0,0
35884000,0,0
35886000,0,0
35888000,0,0
35890000,0,0
35892000,0,0
35894000,0,0
35896000,0,0
35898000,0,0
35900000,0,0
35902000,0,0
35904000,0,0
35906000,0,0
35908000,0,0
35910000,0,0
35912000,0,0
35914000,0,0
35916000,0,0
35918000,0,0
35920000,0,0
35922000,0,0
35924000,0,0
35926000,0,0
35928000,0,0
35930000,0,0
35932000,0,0
35934000,0,0
35936000,0,0
35938000,0,0
35940000,0,0
35942000,0,0
35944000,0,0
35946000,0,0
35948000,0,0
35950000,0,0
35952000,0,0
35954000,0,0
35956000,0,0
35958000,0,0
35960000,0,0
35962000,0,0
35964000,0,0
35966000,0,0
35968000,0,0
35970000,0,0
35972000,0,0
35974000,0,0
35976000,0,0
35978000,0,0
35980000,0,0
35982000,0,0
35984000,0,0
35986000,0,0
35988000,0,0
35990000,0,0
35992000,0,0
35994000,0,0
35996000,0,0
35998000,0,0
36000000,0,0
36002000,0,0
36004000,0,0
36006000,0,0
36008000,0,0
36010000,0,0
36012000,0,0
36014000,0,0
36016000,0,0
36018000,0,0
36020000,0,0
36022000,0,0
36024000,0,0
36026000,0,0
36028000,0,0
36030000,0,0
36032000,0,0
36034000,0,0
36036000,0,0
36038000,0,0
36040000,0,0
36042000,0,0
36044000,0,0
36046000,0,0
36048000,0,0
36050000,0,0
36052000,0,0
36054000,0,0
36056000,0,0
36058000,0,0
36060000,0,0
36062000,0,0
36064000,0,0
36066000,0,0
36068000,0,0
36070000,0,0
36072000,0,0
36074000,0,0
36076000,0,0
36078000,0,0
36080000,0,0
36082000,0,0
36084000,0,0
36086000,0,0
36088000,0,0
36090000,0,0
36092000,0,0
36094000,0,0
36096000,0,0
36098000,0,0
36100000,0,0
36102000,0,0
36104000,0,0
36106000,0,0
36108000,0,0
36110000,0,0
36112000,0,0
36114000,0,0
36116000,0,0
36118000,0,0
36120000,0,0
36122000,0,0
36124000,0,0
36126000,0,0
36128000,0,0
36130000,0,0
36132000,0,0
36134000,0,0
36136000,0,0
36138000,0,0
36140000,0,0
36142000,0,0
36144000,0,0
36146000,0,0
36148000,0,0
36150000,0,0
36152000,0,0
36154000,0,0
36156000,0,0
36158000,0,0
36160000,0,0
36162000,0,0
36164000,0,0
36166000,0,0
36168000,0,0
36170000,0,0
36172000,0,0
36174000,0,0
36176000,0,0
36178000,0,0
36180000,0,0
36182000,0,0
36184000,0,0
36186000,0,0
36188000,0,0
36190000,0,0
36192000,0,0
36194000,0,0
36196000,0,0
36198000,0,0
36200000,0,0
36202000,0,0
36204000,0,0
36206000,0,0
36208000,0,0
36210000,0,0
36212000,0,0
36214000,0,0
36216000,0,0
36218000,0,0
36220000,0,0
36222000,0,0
36224000,0,0
36226000,0,0
36228000,0,0
36230000,0,0
36232000,0,0
36234000,0,0
36236000,0,0
36238000,0,0
36240000,0,0
36242000,0,0
36244000,0,0
36246000,0,0
36248000,0,0
36250000,0,0
36252000,0,0
36254000,0,0
36256000,0,0
36258000,0,0
36260000,0,0
36262000,0,0
36264000,0,0
36266000,0,0
36268000,0,0
36270000,0,0
36272000,0,0
36274000,0,0
36276000,0,0
36278000,0,0
36280000,0,0
36282000,0,0
36284000,0,0
36286000,0,0
36288000,0,0
36290000,0,0
36292000,0,0
36294000,0,0
36296000,0,0
36298000,0,0
36300000,0,0
36302000,0,0
36304000,0,0
36306000,0,0
36308000,0,0
36310000,0,0
36312000,0,0
36314000,0,0
36316000,0,0
36318000,0,0
36320000,0,0
36322000,0,0
36324000,0,0
36326000,0,0
36328000,0,0
36330000,0,0
36332000,0,0
36334000,0,0
36336000,0,0
36338000,0,0
36340000,0,0
36342000,0,0
36344000,0,0
36346000,0,0
36348000,0,0
36350000,0,0
36352000,0,0
36354000,0,0
36356000,0,0
36358000,0,0
36360000,0,0
36362000,0,0
36364000,0,0
36366000,0,0
36368000,0,0
36370000,0,0
36372000,0,0
36374000,0,0
36376000,0,0
36378000,0,0
36380000,0,0
36382000,0,0
36384000,0,0
36386000,0,0
36388000,0,0
36390000,0,0
36392000,0,0
36394000,0,0
36396000,0,0
36398000,0,0
36400000,0,0
36402000,0,0
36404000,0,0
36406000,0,0
36408000,0,0
36410000,0,0
36412000,0,0
36414000,0,0
36416000,0,0
36418000,0,0
36420000,0,0
36422000,0,0
36424000,0,0
36426000,0,0
36428000,0,0
36430000,0,0
36432000,0,0
36434000,0,0
36436000,0,0
36438000,0,0
36440000,0,0
36442000,0,0
36444000,0,0
36446000,0,0
36448000,0,0
36450000,0,0
36452000,0,0
36454000,0,0
36456000,0,0
36458000,0,0
36460000,0,0
36462000,0,0
36464000,0,0
36466000,0,0
36468000,0,0
36470000,0,0
36472000,0,0
36474000,0,0
36476000,0,0
36478000,0,0
36480000,0,0
36482000,0,0
36484000,0,0
36486000,0,0
36488000,0,0
36490000,0,0
36492000,0,0
36494000,0,0
36496000,0,0
36498000,0,0
36500000,0,0
36502000,0,0
36504000,0,0
36506000,0,0
36508000,0,0
36510000,0,0
36512000,0,0
36514000,0,0
36516000,0,0
36518000,0,0
36520000,0,0
36522000,0,0
36524000,0,0
36526000,0,0
36528000,0,0
36530000,0,0
36532000,0,0
36534000,0,0
36536000,0,0
36538000,0,0
36540000,0,0
36542000,0,0
36544000,0,0
36546000,0,0
36548000,0,0
36550000,0,0
36552000,0,0
36554000,0,0
36556000,0,0
36558000,0,0
36560000,0,0
36562000,0,0
36564000,0,0
36566000,0,0
36568000,0,0
36570000,0,0
36572000,0,0
36574000,0,0
36576000,0,0
36578000,0,0
36580000,0,0
36582000,0,0
36584000,0,0
36586000,0,0
36588000,0,0
36590000,0,0
36592000,0,0
36594000,0,0
36596000,0,0
36598000,0,0
36600000,0,0
36602000,0,0
36604000,0,0
36606000,0,0
36608000,0,0
36610000,0,0
36612000,0,0
36614000,0,0
36616000,0,0
36618000,0,0
36620000,0,0
36622000,0,0
36624000,0,0
36626000,0,0
36628000,0,0
36630000,0,0
36632000,0,0
36634000,0,0
36636000,0,0
36638000,0,0
36640000,0,0
36642000,0,0
36644000,0,0
36646000,0,0
36648000,0,0
36650000,0,0
36652000,0,0
36654000,0,0
36656000,0,0
36658000,0,0
36660000,0,0
36662000,0,0
36664000,0,0
36666000,0,0
36668000,0,0
36670000,0,0
36672000,0,0
36674000,0,0
36676000,0,0
36678000,0,0
36680000,0,0
36682000,0,0
36684000,0,0
36686000,0,0
36688000,0,0
36690000,0,0
36692000,0,0
36694000,0,0
36696000,0,0
36698000,0,0
36700000,0,0
36702000,0,0
36704000,0,0
36706000,0,0
36708000,0,0
36710000,0,0
36712000,0,0
36714000,0,0
36716000,0,0
36718000,0,0
36720000,0,0
36722000,0,0
36724000,0,0
36726000,0,0
36728000,0,0
36730000,0,0
36732000,0,0
36734000,0,0
36736000,0,0
36738000,0,0
36740000,0,0
36742000,0,0
36744000,0,0
36746000,0,0
36748000,0,0
36750000,0,0
36752000,0,0
36754000,0,0
36756000,0,0
36758000,0,0
36760000,0,0
36762000,0,0
36764000,0,0
36766000,0,0
36768000,0,0
36770000,0,0
36772000,0,0
36774000,0,0
36776000,0,0
36778000,0,0
36780000,0,0
36782000,0,0
36784000,0,0
36786000,0,0
36788000,0,0
36790000,0,0
36792000,0,0
36794000,0,0
36796000,0,0
36798000,0,0
36800000,0,0
36802000,0,0
36804000,0,0
36806000,0,0
36808000,0,0
36810000,0,0
36812000,0,0
36814000,0,0
36816000,0,0
36818000,0,0
36820000,0,0
36822000,0,0
36824000,0,0
36826000,0,0
36828000,0,0
36830000,0,0
36832000,0,0
36834000,0,0
36836000,0,0
36838000,0,0
36840000,0,0
36842000,0,0
36844000,0,0
36846000,0,0
36848000,0,0
36850000,0,0
36852000,0,0
36854000,0,0
36856000,0,0
36858000,0,0
36860000,0,0
36862000,0,0
36864000,0,0
36866000,0,0
36868000,0,0
36870000,0,0
36872000,0,0
36874000,0,0
36876000,0,0
36878000,0,0
36880000,0,0
36882000,0,0
36884000,0,0
36886000,0,0
36888000,0,0
36890000,0,0
36892000,0,0
36894000,0,0
36896000,0,0
36898000,0,0
36900000,0,0
36902000,0,0
36904000,0,0
36906000,0,0
36908000,0,0
36910000,0,0
36912000,0,0
36914000,0,0
36916000,0,0
36918000,0,0
36920000,0,0
36922000,0,0
36924000,0,0
36926000,0,0
36928000,0,0
36930000,0,0
36932000,0,0
36934000,0,0
36936000,0,0
36938000,0,0
36940000,0,0
36942000,0,0
36944000,0,0
36946000,0,0
36948000,0,0
36950000,0,0
36952000,0,0
36954000,0,0
36956000,0,0
36958000,0,0
36960000,0,0
36962000,0,0
36964000,0,0
36966000,0,0
36968000,0,0
36970000,0,0
36972000,0,0
36974000,0,0
36976000,0,0
36978000,0,0
36980000,0,0
36982000,0,0
36984000,0,0
36986000,0,0
36988000,0,0
36990000,0,0
36992000,0,0
36994000,0,0
36996000,0,0
36998000,0,0
37000000,0,0
37002000,0,0
37004000,0,0
37006000,0,0
37008000,0,0
37010000,0,0
37012000,0,0
37014000,0,0
37016000,0,0
37018000,0,0
37020000,0,0
37022000,0,0
37024000,0,0
37026000,0,0
37028000,0,0
37030000,0,0
37032000,0,0
37034000,0,0
37036000,0,0
37038000,0,0
37040000,0,0
37042000,0,0
37044000,0,0
37046000,0,0
37048000,0,0
37050000,0,0
37052000,0,0
37054000,0,0
37056000,0,0
37058000,0,0
37060000,0,0
37062000,0,0
37064000,0,0
37066000,0,0
37068000,0,0
37070000,0,0
37072000,0,0
37074000,0,0
37076000,0,0
37078000,0,0
37080000,0,0
37082000,0,0
37084000,0,0
37086000,0,0
37088000,0,0
37090000,0,0
37092000,0,0
37094000,0,0
37096000,0,0
37098000,0,0
37100000,0,0
37102000,0,0
37104000,0,0
37106000,0,0
37108000,0,0
37110000,0,0
37112000,0,0
37114000,0,0
37116000,0,0
37118000,0,0
37120000,0,0
37122000,0,0
37124000,0,0
37126000,0,0
37128000,0,0
37130000,0,0
37132000,0,0
37134000,0,0
37136000,0,0
37138000,0,0
37140000,0,0
37142000,0,0
37144000,0,0
37146000,0,0
37148000,0,0
37150000,0,0
37152000,0,0
37154000,0,0
37156000,0,0
37158000,0,0
37160000,0,0
37162000,0,0
37164000,0,0
37166000,0,0
37168000,0,0
37170000,0,0
37172000,0,0
37174000,0,0
37176000,0,0
37178000,0,0
37180000,0,0
37182000,0,0
37184000,0,0
37186000,0,0
37188000,0,0
37190000,0,0
37192000,0,0
37194000,0,0
37196000,0,0
37198000,0,0
37200000,0,0
37202000,0,0
37204000,0,0
37206000,0,0
37208000,0,0
37210000,0,0
37212000,0,0
37214000,0,0
37216000,0,0
37218000,0,0
37220000,0,0
37222000,0,0
37224000,0,0
37226000,0,0
37228000,0,0
37230000,0,0
37232000,0,0
37234000,0,0
37236000,0,0
37238000,0,0
37240000,0,0
37242000,0,0
37244000,0,0
37246000,0,0
37248000,0,0
37250000,0,0
37252000,0,0
37254000,0,0
37256000,0,0
37258000,0,0
37260000,0,0
37262000,0,0
37264000,0,0
37266000,0,0
37268000,0,0
37270000,0,0
37272000,0,0
37274000,0,0
37276000,0,0
37278000,0,0
37280000,0,0
37282000,0,0
37284000,0,0
37286000,0,0
37288000,0,0
37290000,0,0
37292000,0,0
37294000,0,0
37296000,0,0
37298000,0,0
37300000,0,0
37302000,0,0
37304000,0,0
37306000,0,0
37308000,0,0
37310000,0,0
37312000,0,0
37314000,0,0
37316000,0,0
37318000,0,0
37320000,0,0
37322000,0,0
37324000,0,0
37326000,0,0
37328000,0,0
37330000,0,0
37332000,0,0
37334000,0,0
37336000,0,0
37338000,0,0
37340000,0,0
37342000,0,0
37344000,0,0
37346000,0,0
37348000,0,0
37350000,0,0
37352000,0,0
37354000,0,0
37356000,0,0
37358000,0,0
37360000,0,0
37362000,0,0
37364000,0,0
37366000,0,0
37368000,0,0
37370000,0,0
37372000,0,0
37374000,0,0
37376000,0,0
37378000,0,0
37380000,0,0
37382000,0,0
37384000,0,0
37386000,0,0
37388000,0,0
37390000,0,0
37392000,0,0
37394000,0,0
37396000,0,0
37398000,0,0
37400000,0,0
37402000,0,0
37404000,0,0
37406000,0,0
37408000,0,0
37410000,0,0
37412000,0,0
37414000,0,0
37416000,0,0
37418000,0,0
37420000,0,0
37422000,0,0
37424000,0,0
37426000,0,0
37428000,0,0
37430000,0,0
37432000,0,0
37434000,0,0
37436000,0,0
37438000,0,0
37440000,0,0
37442000,0,0
37444000,0,0
37446000,0,0
37448000,0,0
37450000,0,0
37452000,0,0
37454000,0,0
37456000,0,0
37458000,0,0
37460000,0,0
37462000,0,0
37464000,0,0
37466000,0,0
37468000,0,0
37470000,0,0
37472000,0,0
37474000,0,0
37476000,0,0
37478000,0,0
37480000,0,0
37482000,0,0
37484000,0,0
37486000,0,0
37488000,0,0
37490000,0,0
37492000,0,0
37494000,0,0
37496000,0,0
37498000,0,0
37500000,0,0
37502000,0,0
37504000,0,0
37506000,0,0
37508000,0,0
37510000,0,0
37512000,0,0
37514000,0,0
37516000,0,0
37518000,0,0
37520000,0,0
37522000,0,0
37524000,0,0
37526000,0,0
37528000,0,0
37530000,0,0
37532000,0,0
37534000,0,0
37536000,0,0
37538000,0,0
37540000,0,0
37542000,0,0
37544000,0,0
37546000,0,0
37548000,0,0
37550000,0,0
37552000,0,0
37554000,0,0
37556000,0,0
37558000,0,0
37560000,0,0
37562000,0,0
37564000,0,0
37566000,0,0
37568000,0,0
37570000,0,0
37572000,0,0
37574000,0,0
37576000,0,0
37578000,0,0
37580000,0,0
37582000,0,0
37584000,0,0
37586000,0,0
37588000,0,0
37590000,0,0
37592000,0,0
37594000,0,0
37596000,0,0
37598000,0,0
37600000,0,0
37602000,0,0
37604000,0,0
37606000,0,0
37608000,0,0
37610000,0,0
37612000,0,0
37614000,0,0
37616000,0,0
37618000,0,0
37620000,0,0
37622000,0,0
37624000,0,0
37626000,0,0
37628000,0,0
37630000,0,0
37632000,0,0
37634000,0,0
37636000,0,0
37638000,0,0
37640000,0,0
37642000,0,0
37644000,0,0
37646000,0,0
37648000,0,0
37650000,0,0
37652000,0,0
37654000,0,0
37656000,0,0
37658000,0,0
37660000,0,0
37662000,0,0
37664000,0,0
37666000,0,0
37668000,0,0
37670000,0,0
37672000,0,0
37674000,0,0
37676000,0,0
37678000,0,0
37680000,0,0
37682000,0,0
37684000,0,0
37686000,0,0
37688000,0,0
37690000,0,0
37692000,0,0
37694000,0,0
37696000,0,0
37698000,0,0
37700000,0,0
37702000,0,0
37704000,0,0
37706000,0,0
37708000,0,0
37710000,0,0
37712000,0,0
37714000,0,0
37716000,0,0
37718000,0,0
37720000,0,0
37722000,0,0
37724000,0,0
37726000,0,0
37728000,0,0
37730000,0,0
37732000,0,0
37734000,0,0
37736000,0,0
37738000,0,0
37740000,0,0
37742000,0,0
37744000,0,0
37746000,0,0
37748000,0,0
37750000,0,0
37752000,0,0
37754000,0,0
37756000,0,0
37758000,0,0
37760000,0,0
37762000,0,0
37764000,0,0
37766000,0,0
37768000,0,0
37770000,0,0
37772000,0,0
37774000,0,0
37776000,0,0
37778000,0,0
37780000,0,0
37782000,0,0
37784000,0,0
37786000,0,0
37788000,0,0
37790000,0,0
37792000,0,0
37794000,0,0
37796000,0,0
37798000,0,0
37800000,0,0
37802000,0,0
37804000,0,0
37806000,0,0
37808000,0,0
37810000,0,0
37812000,0,0
37814000,0,0
37816000,0,0
37818000,0,0
37820000,0,0
37822000,0,0
37824000,0,0
37826000,0,0
37828000,0,0
37830000,0,0
37832000,0,0
37834000,0,0
37836000,0,0
37838000,0,0
37840000,0,0
37842000,0,0
37844000,0,0
37846000,0,0
37848000,0,0
37850000,0,0
37852000,0,0
37854000,0,0
37856000,0,0
37858000,0,0
37860000,0,0
37862000,0,0
37864000,0,0
37866000,0,0
37868000,0,0
37870000,0,0
37872000,0,0
37874000,0,0
37876000,0,0
37878000,0,0
37880000,0,0
37882000,0,0
37884000,0,0
37886000,0,0
37888000,0,0
37890000,0,0
37892000,0,0
37894000,0,0
37896000,0,0
37898000,0,0
37900000,0,0
37902000,0,0
37904000,0,0
37906000,0,0
37908000,0,0
37910000,0,0
37912000,0,0
37914000,0,0
37916000,0,0
37918000,0,0
37920000,0,0
37922000,0,0
37924000,0,0
37926000,0,0
37928000,0,0
37930000,0,0
37932000,0,0
37934000,0,0
37936000,0,0
37938000,0,0
37940000,0,0
37942000,0,0
37944000,0,0
37946000,0,0
37948000,0,0
37950000,0,0
37952000,0,0
37954000,0,0
37956000,0,0
37958000,0,0
37960000,0,0
37962000,0,0
37964000,0,0
37966000,0,0
37968000,0,0
37970000,0,0
37972000,0,0
37974000,0,0
37976000,0,0
37978000,0,0
37980000,0,0
37982000,0,0
37984000,0,0
37986000,0,0
37988000,0,0
37990000,0,0
37992000,0,0
37994000,0,0
37996000,0,0
37998000,0,0
38000000,0,0
38002000,0,0
38004000,0,0
38006000,0,0
38008000,0,0
38010000,0,0
38012000,0,0
38014000,0,0
38016000,0,0
38018000,0,0
38020000,0,0
38022000,0,0
38024000,0,0
38026000,0,0
38028000,0,0
38030000,0,0
38032000,0,0
38034000,0,0
38036000,0,0
38038000,0,0
38040000,0,0
38042000,0,0
38044000,0,0
38046000,0,0
38048000,0,0
38050000,0,0
38052000,0,0
38054000,0,0
38056000,0,0
38058000,0,0
38060000,0,0
38062000,0,0
38064000,0,0
38066000,0,0
38068000,0,0
38070000,0,0
38072000,0,0
38074000,0,0
38076000,0,0
38078000,0,0
38080000,0,0
38082000,0,0
38084000,0,0
38086000,0,0
38088000,0,0
38090000,0,0
38092000,0,0
38094000,0,0
38096000,0,0
38098000,0,0
38100000,0,0
38102000,0,0
38104000,0,0
38106000,0,0
38108000,0,0
38110000,0,0
38112000,0,0
38114000,0,0
38116000,0,0
38118000,0,0
38120000,0,0
38122000,0,0
38124000,0,0
38126000,0,0
38128000,0,0
38130000,0,0
38132000,0,0
38134000,0,0
38136000,0,0
38138000,0,0
38140000,0,0
38142000,0,0
38144000,0,0
38146000,0,0
38148000,0,0
38150000,0,0
38152000,0,0
38154000,0,0
38156000,0,0
38158000,0,0
38160000,0,0
38162000,0,0
38164000,0,0
38166000,0,0
38168000,0,0
38170000,0,0
38172000,0,0
38174000,0,0
38176000,0,0
38178000,0,0
38180000,0,0
38182000,0,0
38184000,0,0
38186000,0,0
38188000,0,0
38190000,0,0
38192000,0,0
38194000,0,0
38196000,0,0
38198000,0,0
38200000,0,0
38202000,0,0
38204000,0,0
38206000,0,0
38208000,0,0
38210000,0,0
38212000,0,0
38214000,0,0
38216000,0,0
38218000,0,0
38220000,0,0
38222000,0,0
38224000,0,0
38226000,0,0
38228000,0,0
38230000,0,0
38232000,0,0
38234000,0,0
38236000,0,0
38238000,0,0
38240000,0,0
38242000,0,0
38244000,0,0
38246000,0,0
38248000,0,0
38250000,0,0
38252000,0,0
38254000,0,0
38256000,0,0
38258000,0,0
38260000,0,0
38262000,0,0
38264000,0,0
38266000,0,0
38268000,0,0
38270000,0,0
38272000,0,0
38274000,0,0
38276000,0,0
38278000,0,0
38280000,0,0
38282000,0,0
38284000,0,0
38286000,0,0
38288000,0,0
38290000,0,0
38292000,0,0
38294000,0,0
38296000,0,0
38298000,0,0
38300000,0,0
38302000,0,0
38304000,0,0
38306000,0,0
38308000,0,0
38310000,0,0
38312000,0,0
38314000,0,0
38316000,0,0
38318000,0,0
38320000,0,0
38322000,0,0
38324000,0,0
38326000,0,0
38328000,0,0
38330000,0,0
38332000,0,0
38334000,0,0
38336000,0,0
38338000,0,0
38340000,0,0
38342000,0,0
38344000,0,0
38346000,0,0
38348000,0,0
38350000,0,0
38352000,0,0
38354000,0,0
38356000,0,0
38358000,0,0
38360000,0,0
38362000,0,0
38364000,0,0
38366000,0,0
38368000,0,0
38370000,0,0
38372000,0,0
38374000,0,0
38376000,0,0
38378000,0,0
38380000,0,0
38382000,0,0
38384000,0,0
38386000,0,0
38388000,0,0
38390000,0,0
38392000,0,0
38394000,0,0
38396000,0,0
38398000,0,0
38400000,0,0
38402000,0,0
38404000,0,0
38406000,0,0
38408000,0,0
38410000,0,0
38412000,0,0
38414000,0,0
38416000,0,0
38418000,0,0
38420000,0,0
38422000,0,0
38424000,0,0
38426000,0,0
38428000,0,0
38430000,0,0
38432000,0,0
38434000,0,0
38436000,0,0
38438000,0,0
38440000,0,0
38442000,0,0
38444000,0,0
38446000,0,0
38448000,0,0
38450000,0,0
38452000,0,0
38454000,0,0
38456000,0,0
38458000,0,0
38460000,0,0
38462000,0,0
38464000,0,0
38466000,0,0
38468000,0,0
38470000,0,0
38472000,0,0
38474000,0,0
38476000,0,0
38478000,0,0
38480000,0,0
38482000,0,0
38484000,0,0
38486000,0,0
38488000,0,0
38490000,0,0
38492000,0,0
38494000,0,0
38496000,0,0
38498000,0,0
38500000,0,0
38502000,0,0
38504000,0,0
38506000,0,0
38508000,0,0
38510000,0,0
38512000,0,0
38514000,0,0
38516000,0,0
38518000,0,0
38520000,0,0
38522000,0,0
38524000,0,0
38526000,0,0
38528000,0,0
38530000,0,0
38532000,0,0
38534000,0,0
38536000,0,0
38538000,0,0
38540000,0,0
38542000,0,0
38544000,0,0
38546000,0,0
38548000,0,0
38550000,0,0
38552000,0,0
38554000,0,0
38556000,0,0
38558000,0,0
38560000,0,0
38562000,0,0
38564000,0,0
38566000,0,0
38568000,0,0
38570000,0,0
38572000,0,0
38574000,0,0
38576000,0,0
38578000,0,0
38580000,0,0
38582000,0,0
38584000,0,0
38586000,0,0
38588000,0,0
38590000,0,0
38592000,0,0
38594000,0,0
38596000,0,0
38598000,0,0
38600000,0,0
38602000,0,0
38604000,0,0
38606000,0,0
38608000,0,0
38610000,0,0
38612000,0,0
38614000,0,0
38616000,0,0
38618000,0,0
38620000,0,0
38622000,0,0
38624000,0,0
38626000,0,0
38628000,0,0
38630000,0,0
38632000,0,0
38634000,0,0
38636000,0,0
38638000,0,0
38640000,0,0
38642000,0,0
38644000,0,0
38646000,0,0
38648000,0,0
38650000,0,0
38652000,0,0
38654000,0,0
38656000,0,0
38658000,0,0
38660000,0,0
38662000,0,0
38664000,0,0
38666000,0,0
38668000,0,0
38670000,0,0
38672000,0,0
38674000,0,0
38676000,0,0
38678000,0,0
38680000,0,0
38682000,0,0
38684000,0,0
38686000,0,0
38688000,0,0
38690000,0,0
38692000,0,0
38694000,0,0
38696000,0,0
38698000,0,0
38700000,0,0
38702000,0,0
38704000,0,0
38706000,0,0
38708000,0,0
38710000,0,0
38712000,0,0
38714000,0,0
38716000,0,0
38718000,0,0
38720000,0,0
38722000,0,0
38724000,0,0
38726000,0,0
38728000,0,0
38730000,0,0
38732000,0,0
38734000,0,0
38736000,0,0
38738000,0,0
38740000,0,0
38742000,0,0
38744000,0,0
38746000,0,0
38748000,0,0
38750000,0,0
38752000,0,0
38754000,0,0
38756000,0,0
38758000,0,0
38760000,0,0
38762000,0,0
38764000,0,0
38766000,0,0
38768000,0,0
38770000,0,0
38772000,0,0
38774000,0,0
38776000,0,0
38778000,0,0
38780000,0,0
38782000,0,0
38784000,0,0
38786000,0,0
38788000,0,0
38790000,0,0
38792000,0,0
38794000,0,0
38796000,0,0
38798000,0,0
38800000,0,0
38802000,0,0
38804000,0,0
38806000,0,0
38808000,0,0
38810000,0,0
38812000,0,0
38814000,0,0
38816000,0,0
38818000,0,0
38820000,0,0
38822000,0,0
38824000,0,0
38826000,0,0
38828000,0,0
38830000,0,0
38832000,0,0
38834000,0,0
38836000,0,0
38838000,0,0
38840000,0,0
38842000,0,0
38844000,0,0
38846000,0,0
38848000,0,0
38850000,0,0
38852000,0,0
38854000,0,0
38856000,0,0
38858000,0,0
38860000,0,0
38862000,0,0
38864000,0,0
38866000,0,0
38868000,0,0
38870000,0,0
38872000,0,0
38874000,0,0
38876000,0,0
38878000,0,0
38880000,0,0
38882000,0,0
38884000,0,0
38886000,0,0
38888000,0,0
38890000,0,0
38892000,0,0
38894000,0,0
38896000,0,0
38898000,0,0
38900000,0,0
38902000,0,0
38904000,0,0
38906000,0,0
38908000,0,0
38910000,0,0
38912000,0,0
38914000,0,0
38916000,0,0
38918000,0,0
38920000,0,0
38922000,0,0
38924000,0,0
38926000,0,0
38928000,0,0
38930000,0,0
38932000,0,0
38934000,0,0
38936000,0,0
38938000,0,0
38940000,0,0
38942000,0,0
38944000,0,0
38946000,0,0
38948000,0,0
38950000,0,0
38952000,0,0
38954000,0,0
38956000,0,0
38958000,0,0
38960000,0,0
38962000,0,0
38964000,0,0
38966000,0,0
38968000,0,0
38970000,0,0
38972000,0,0
38974000,0,0
38976000,0,0
38978000,0,0
38980000,0,0
38982000,0,0
38984000,0,0
38986000,0,0
38988000,0,0
38990000,0,0
38992000,0,0
38994000,0,0
38996000,0,0
38998000,0,0
39000000,0,0
39002000,0,0
39004000,0,0
39006000,0,0
39008000,0,0
39010000,0,0
39012000,0,0
39014000,0,0
39016000,0,0
39018000,0,0
39020000,0,0
39022000,0,0
39024000,0,0
39026000,0,0
39028000,0,0
39030000,0,0
39032000,0,0
39034000,0,0
39036000,0,0
39038000,0,0
39040000,0,0
39042000,0,0
39044000,0,0
39046000,0,0
39048000,0,0
39050000,0,0
39052000,0,0
39054000,0,0
39056000,0,0
39058000,0,0
39060000,0,0
39062000,0,0
39064000,0,0
39066000,0,0
39068000,0,0
39070000,0,0
39072000,0,0
39074000,0,0
39076000,0,0
39078000,0,0
39080000,0,0
39082000,0,0
39084000,0,0
39086000,0,0
39088000,0,0
39090000,0,0
39092000,0,0
39094000,0,0
39096000,0,0
39098000,0,0
39100000,0,0
39102000,0,0
39104000,0,0
39106000,0,0
39108000,0,0
39110000,0,0
39112000,0,0
39114000,0,0
39116000,0,0
39118000,0,0
39120000,0,0
39122000,0,0
39124000,0,0
39126000,0,0
39128000,0,0
39130000,0,0
39132000,0,0
39134000,0,0
39136000,0,0
39138000,0,0
39140000,0,0
39142000,0,0
39144000,0,0
39146000,0,0
39148000,0,0
39150000,0,0
39152000,0,0
39154000,0,0
39156000,0,0
39158000,0,0
39160000,0,0
39162000,0,0
39164000,0,0
39166000,0,0
39168000,0,0
39170000,0,0
39172000,0,0
39174000,0,0
39176000,0,0
39178000,0,0
39180000,0,0
39182000,0,0
39184000,0,0
39186000,0,0
39188000,0,0
39190000,0,0
39192000,0,0
39194000,0,0
39196000,0,0
39198000,0,0
39200000,0,0
39202000,0,0
39204000,0,0
39206000,0,0
39208000,0,0
39210000,0,0
39212000,0,0
39214000,0,0
39216000,0,0
39218000,0,0
39220000,0,0
39222000,0,0
39224000,0,0
39226000,0,0
39228000,0,0
39230000,0,0
39232000,0,0
39234000,0,0
39236000,0,0
39238000,0,0
39240000,0,0
39242000,0,0
39244000,0,0
39246000,0,0
39248000,0,0
39250000,0,0
39252000,0,0
39254000,0,0
39256000,0,0
39258000,0,0
39260000,0,0
39262000,0,0
39264000,0,0
39266000,0,0
39268000,0,0
39270000,0,0
39272000,0,0
39274000,0,0
39276000,0,0
39278000,0,0
39280000,0,0
39282000,0,0
39284000,0,0
39286000,0,0
39288000,0,0
39290000,0,0
39292000,0,0
39294000,0,0
39296000,0,0
39298000,0,0
39300000,0,0
39302000,0,0
39304000,0,0
39306000,0,0
39308000,0,0
39310000,0,0
39312000,0,0
39314000,0,0
39316000,0,0
39318000,0,0
39320000,0,0
39322000,0,0
39324000,0,0
39326000,0,0
39328000,0,0
39330000,0,0
39332000,0,0
39334000,0,0
39336000,0,0
39338000,0,0
39340000,0,0
39342000,0,0
39344000,0,0
39346000,0,0
39348000,0,0
39350000,0,0
39352000,0,0
39354000,0,0
39356000,0,0
39358000,0,0
39360000,0,0
39362000,0,0
39364000,0,0
39366000,0,0
39368000,0,0
39370000,0,0
39372000,0,0
39374000,0,0
39376000,0,0
39378000,0,0
39380000,0,0
39382000,0,0
39384000,0,0
39386000,0,0
39388000,0,0
39390000,0,0
39392000,0,0
39394000,0,0
39396000,0,0
39398000,0,0
39400000,0,0
39402000,0,0
39404000,0,0
39406000,0,0
39408000,0,0
39410000,0,0
39412000,0,0
39414000,0,0
39416000,0,0
39418000,0,0
39420000,0,0
39422000,0,0
39424000,0,0
39426000,0,0
39428000,0,0
39430000,0,0
39432000,0,0
39434000,0,0
39436000,0,0
39438000,0,0
39440000,0,0
39442000,0,0
39444000,0,0
39446000,0,0
39448000,0,0
39450000,0,0
39452000,0,0
39454000,0,0
39456000,0,0
39458000,0,0
39460000,0,0
39462000,0,0
39464000,0,0
39466000,0,0
39468000,0,0
39470000,0,0
39472000,0,0
39474000,0,0
39476000,0,0
39478000,0,0
39480000,0,0
39482000,0,0
39484000,0,0
39486000,0,0
39488000,0,0
39490000,0,0
39492000,0,0
39494000,0,0
39496000,0,0
39498000,0,0
39500000,0,0
39502000,0,0
39504000,0,0
39506000,0,0
39508000,0,0
39510000,0,0
39512000,0,0
39514000,0,0
39516000,0,0
39518000,0,0
39520000,0,0
39522000,0,0
39524000,0,0
39526000,0,0
39528000,0,0
39530000,0,0
39532000,0,0
39534000,0,0
39536000,0,0
39538000,0,0
39540000,0,0
39542000,0,0
39544000,0,0
39546000,0,0
39548000,0,0
39550000,0,0
39552000,0,0
39554000,0,0
39556000,0,0
39558000,0,0
39560000,0,0
39562000,0,0
39564000,0,0
39566000,0,0
39568000,0,0
39570000,0,0
39572000,0,0
39574000,0,0
39576000,0,0
39578000,0,0
39580000,0,0
39582000,0,0
39584000,0,0
39586000,0,0
39588000,0,0
39590000,0,0
39592000,0,0
39594000,0,0
39596000,0,0
39598000,0,0
39600000,0,0
39602000,0,0
39604000,0,0
39606000,0,0
39608000,0,0
39610000,0,0
39612000,0,0
39614000,0,0
39616000,0,0
39618000,0,0
39620000,0,0
39622000,0,0
39624000,0,0
39626000,0,0
39628000,0,0
39630000,0,0
39632000,0,0
39634000,0,0
39636000,0,0
39638000,0,0
39640000,0,0
39642000,0,0
39644000,0,0
39646000,0,0
39648000,0,0
39650000,0,0
39652000,0,0
39654000,0,0
39656000,0,0
39658000,0,0
39660000,0,0
39662000,0,0
39664000,0,0
39666000,0,0
39668000,0,0
39670000,0,0
39672000,0,0
39674000,0,0
39676000,0,0
39678000,0,0
39680000,0,0
39682000,0,0
39684000,0,0
39686000,0,0
39688000,0,0
39690000,0,0
39692000,0,0
39694000,0,0
39696000,0,0
39698000,0,0
39700000,0,0
39702000,0,0
39704000,0,0
39706000,0,0
39708000,0,0
39710000,0,0
39712000,0,0
39714000,0,0
39716000,0,0
39718000,0,0
39720000,0,0
39722000,0,0
39724000,0,0
39726000,0,0
39728000,0,0
39730000,0,0
39732000,0,0
39734000,0,0
39736000,0,0
39738000,0,0
39740000,0,0
39742000,0,0
39744000,0,0
39746000,0,0
39748000,0,0
39750000,0,0
39752000,0,0
39754000,0,0
39756000,0,0
39758000,0,0
39760000,0,0
39762000,0,0
39764000,0,0
39766000,0,0
39768000,0,0
39770000,0,0
39772000,0,0
39774000,0,0
39776000,0,0
39778000,0,0
39780000,0,0
39782000,0,0
39784000,0,0
39786000,0,0
39788000,0,0
39790000,0,0
39792000,0,0
39794000,0,0
39796000,0,0
39798000,0,0
39800000,0,0
39802000,0,0
39804000,0,0
39806000,0,0
39808000,0,0
39810000,0,0
39812000,0,0
39814000,0,0
39816000,0,0
39818000,0,0
39820000,0,0
39822000,0,0
39824000,0,0
39826000,0,0
39828000,0,0
39830000,0,0
39832000,0,0
39834000,0,0
39836000,0,0
39838000,0,0
39840000,0,0
39842000,0,0
39844000,0,0
39846000,0,0
39848000,0,0
39850000,0,0
39852000,0,0
39854000,0,0
39856000,0,0
39858000,0,0
39860000,0,0
39862000,0,0
39864000,0,0
39866000,0,0
39868000,0,0
39870000,0,0
39872000,0,0
39874000,0,0
39876000,0,0
39878000,0,0
39880000,0,0
39882000,0,0
39884000,0,0
39886000,0,0
39888000,0,0
39890000,0,0
39892000,0,0
39894000,0,0
39896000,0,0
39898000,0,0
39900000,0,0
39902000,0,0
39904000,0,0
39906000,0,0
39908000,0,0
39910000,0,0
39912000,0,0
39914000,0,0
39916000,0,0
39918000,0,0
39920000,0,0
39922000,0,0
39924000,0,0
39926000,0,0
39928000,0,0
39930000,0,0
39932000,0,0
39934000,0,0
39936000,0,0
39938000,0,0
39940000,0,0
39942000,0,0
39944000,0,0
39946000,0,0
39948000,0,0
39950000,0,0
39952000,0,0
39954000,0,0
39956000,0,0
39958000,0,0
39960000,0,0
39962000,0,0
39964000,0,0
39966000,0,0
39968000,0,0
39970000,0,0
39972000,0,0
39974000,0,0
39976000,0,0
39978000,0,0
39980000,0,0
39982000,0,0
39984000,0,0
39986000,0,0
39988000,0,0
39990000,0,0
39992000,0,0
39994000,0,0
39996000,0,0
39998000,0,0
40000000,0,0
40002000,0,0
40004000,0,0
40006000,0,0
40008000,0,0
40010000,0,0
40012000,0,0
40014000,0,0
40016000,0,0
40018000,0,0
40020000,0,0
40022000,0,0
40024000,0,0
40026000,0,0
40028000,0,0
40030000,0,0
40032000,0,0
40034000,0,0
40036000,0,0
40038000,0,0
40040000,0,0
40042000,0,0
40044000,0,0
40046000,0,0
40048000,0,0
40050000,0,0
40052000,0,0
40054000,0,0
40056000,0,0
40058000,0,0
40060000,0,0
40062000,0,0
40064000,0,0
40066000,0,0
40068000,0,0
40070000,0,0
40072000,0,0
40074000,0,0
40076000,0,0
40078000,0,0
40080000,0,0
40082000,0,0
40084000,0,0
40086000,0,0
40088000,0,0
40090000,0,0
40092000,0,0
40094000,0,0
40096000,0,0
40098000,0,0
40100000,0,0
40102000,0,0
40104000,0,0
40106000,0,0
40108000,0,0
40110000,0,0
40112000,0,0
40114000,0,0
40116000,0,0
40118000,0,0
40120000,0,0
40122000,0,0
40124000,0,0
40126000,0,0
40128000,0,0
40130000,0,0
40132000,0,0
40134000,0,0
40136000,0,0
40138000,0,0
40140000,0,0
40142000,0,0
40144000,0,0
40146000,0,0
40148000,0,0
40150000,0,0
40152000,0,0
40154000,0,0
40156000,0,0
40158000,0,0
40160000,0,0
40162000,0,0
40164000,0,0
40166000,0,0
40168000,0,0
40170000,0,0
40172000,0,0
40174000,0,0
40176000,0,0
40178000,0,0
40180000,0,0
40182000,0,0
40184000,0,0
40186000,0,0
40188000,0,0
40190000,0,0
40192000,0,0
40194000,0,0
40196000,0,0
40198000,0,0
40200000,0,0
40202000,0,0
40204000,0,0
40206000,0,0
40208000,0,0
40210000,0,0
40212000,0,0
40214000,0,0
40216000,0,0
40218000,0,0
40220000,0,0
40222000,0,0
40224000,0,0
40226000,0,0
40228000,0,0
40230000,0,0
40232000,0,0
40234000,0,0
40236000,0,0
40238000,0,0
40240000,0,0
40242000,0,0
40244000,0,0
40246000,0,0
40248000,0,0
40250000,0,0
40252000,0,0
40254000,0,0
40256000,0,0
40258000,0,0
40260000,0,0
40262000,0,0
40264000,0,0
40266000,0,0
40268000,0,0
40270000,0,0
40272000,0,0
40274000,0,0
40276000,0,0
40278000,0,0
40280000,0,0
40282000,0,0
40284000,0,0
40286000,0,0
40288000,0,0
40290000,0,0
40292000,0,0
40294000,0,0
40296000,0,0
40298000,0,0
40300000,0,0
40302000,0,0
40304000,0,0
40306000,0,0
40308000,0,0
40310000,0,0
40312000,0,0
40314000,0,0
40316000,0,0
40318000,0,0
40320000,0,0
40322000,0,0
40324000,0,0
40326000,0,0
40328000,0,0
40330000,0,0
40332000,0,0
40334000,0,0
40336000,0,0
40338000,0,0
40340000,0,0
40342000,0,0
40344000,0,0
40346000,0,0
40348000,0,0
40350000,0,0
40352000,0,0
40354000,0,0
40356000,0,0
40358000,0,0
40360000,0,0
40362000,0,0
40364000,0,0
40366000,0,0
40368000,0,0
40370000,0,0
40372000,0,0
40374000,0,0
40376000,0,0
40378000,0,0
40380000,0,0
40382000,0,0
40384000,0,0
40386000,0,0
40388000,0,0
40390000,0,0
40392000,0,0
40394000,0,0
40396000,0,0
40398000,0,0
40400000,0,0
40402000,0,0
40404000,0,0
40406000,0,0
40408000,0,0
40410000,0,0
40412000,0,0
40414000,0,0
40416000,0,0
40418000,0,0
40420000,0,0
40422000,0,0
40424000,0,0
40426000,0,0
40428000,0,0
40430000,0,0
40432000,0,0
40434000,0,0
40436000,0,0
40438000,0,0
40440000,0,0
40442000,0,0
40444000,0,0
40446000,0,0
40448000,0,0
40450000,0,0
40452000,0,0
40454000,0,0
40456000,0,0
40458000,0,0
40460000,0,0
40462000,0,0
40464000,0,0
40466000,0,0
40468000,0,0
40470000,0,0
40472000,0,0
40474000,0,0
40476000,0,0
40478000,0,0
40480000,0,0
40482000,0,0
40484000,0,0
40486000,0,0
40488000,0,0
40490000,0,0
40492000,0,0
40494000,0,0
40496000,0,0
40498000,0,0
40500000,0,0
40502000,0,0
40504000,0,0
40506000,0,0
40508000,0,0
40510000,0,0
40512000,0,0
40514000,0,0
40516000,0,0
40518000,0,0
40520000,0,0
40522000,0,0
40524000,0,0
40526000,0,0
40528000,0,0
40530000,0,0
40532000,0,0
40534000,0,0
40536000,0,0
40538000,0,0
40540000,0,0
40542000,0,0
40544000,0,0
40546000,0,0
40548000,0,0
40550000,0,0
40552000,0,0
40554000,0,0
40556000,0,0
40558000,0,0
40560000,0,0
40562000,0,0
40564000,0,0
40566000,0,0
40568000,0,0
40570000,0,0
40572000,0,0
40574000,0,0
40576000,0,0
40578000,0,0
40580000,0,0
40582000,0,0
40584000,0,0
40586000,0,0
40588000,0,0
40590000,0,0
40592000,0,0
40594000,0,0
40596000,0,0
40598000,0,0
40600000,0,0
40602000,0,0
40604000,0,0
40606000,0,0
40608000,0,0
40610000,0,0
40612000,0,0
40614000,0,0
40616000,0,0
40618000,0,0
40620000,0,0
40622000,0,0
40624000,0,0
40626000,0,0
40628000,0,0
40630000,0,0
40632000,0,0
40634000,0,0
40636000,0,0
40638000,0,0
40640000,0,0
40642000,0,0
40644000,0,0
40646000,0,0
40648000,0,0
40650000,0,0
40652000,0,0
40654000,0,0
40656000,0,0
40658000,0,0
40660000,0,0
40662000,0,0
40664000,0,0
40666000,0,0
40668000,0,0
40670000,0,0
40672000,0,0
40674000,0,0
40676000,0,0
40678000,0,0
40680000,0,0
40682000,0,0
40684000,0,0
40686000,0,0
40688000,0,0
40690000,0,0
40692000,0,0
40694000,0,0
40696000,0,0
40698000,0,0
40700000,0,0
40702000,0,0
40704000,0,0
40706000,0,0
40708000,0,0
40710000,0,0
40712000,0,0
40714000,0,0
40716000,0,0
40718000,0,0
40720000,0,0
40722000,0,0
40724000,0,0
40726000,0,0
40728000,0,0
40730000,0,0
40732000,0,0
40734000,0,0
40736000,0,0
40738000,0,0
40740000,0,0
40742000,0,0
40744000,0,0
40746000,0,0
40748000,0,0
40750000,0,0
40752000,0,0
40754000,0,0
40756000,0,0
40758000,0,0
40760000,0,0
40762000,0,0
40764000,0,0
40766000,0,0
40768000,0,0
40770000,0,0
40772000,0,0
40774000,0,0
40776000,0,0
40778000,0,0
40780000,0,0
40782000,0,0
40784000,0,0
40786000,0,0
40788000,0,0
40790000,0,0
40792000,0,0
40794000,0,0
40796000,0,0
40798000,0,0
40800000,0,0
40802000,0,0
40804000,0,0
40806000,0,0
40808000,0,0
40810000,0,0
40812000,0,0
40814000,0,0
40816000,0,0
40818000,0,0
40820000,0,0
40822000,0,0
40824000,0,0
40826000,0,0
40828000,0,0
40830000,0,0
40832000,0,0
40834000,0,0
40836000,0,0
40838000,0,0
40840000,0,0
40842000,0,0
40844000,0,0
40846000,0,0
40848000,0,0
40850000,0,0
40852000,0,0
40854000,0,0
40856000,0,0
40858000,0,0
40860000,0,0
40862000,0,0
40864000,0,0
40866000,0,0
40868000,0,0
40870000,0,0
40872000,0,0
40874000,0,0
40876000,0,0
40878000,0,0
40880000,0,0
40882000,0,0
40884000,0,0
40886000,0,0
40888000,0,0
40890000,0,0
40892000,0,0
40894000,0,0
40896000,0,0
40898000,0,0
40900000,0,0
40902000,0,0
40904000,0,0
40906000,0,0
40908000,0,0
40910000,0,0
40912000,0,0
40914000,0,0
40916000,0,0
40918000,0,0
40920000,0,0
40922000,0,0
40924000,0,0
40926000,0,0
40928000,0,0
40930000,0,0
40932000,0,0
40934000,0,0
40936000,0,0
40938000,0,0
40940000,0,0
40942000,0,0
40944000,0,0
40946000,0,0
40948000,0,0
40950000,0,0
40952000,0,0
40954000,0,0
40956000,0,0
40958000,0,0
40960000,0,0
40962000,0,0
40964000,0,0
40966000,0,0
40968000,0,0
40970000,0,0
40972000,0,0
40974000,0,0
40976000,0,0
40978000,0,0
40980000,0,0
40982000,0,0
40984000,0,0
40986000,0,0
40988000,0,0
40990000,0,0
40992000,0,0
40994000,0,0
40996000,0,0
40998000,0,0
41000000,0,0
41002000,0,0
41004000,0,0
41006000,0,0
41008000,0,0
41010000,0,0
41012000,0,0
41014000,0,0
41016000,0,0
41018000,0,0
41020000,0,0
41022000,0,0
41024000,0,0
41026000,0,0
41028000,0,0
41030000,0,0
41032000,0,0
41034000,0,0
41036000,0,0
41038000,0,0
41040000,0,0
41042000,0,0
41044000,0,0
41046000,0,0
41048000,0,0
41050000,0,0
41052000,0,0
41054000,0,0
41056000,0,0
41058000,0,0
41060000,0,0
41062000,0,0
41064000,0,0
41066000,0,0
41068000,0,0
41070000,0,0
41072000,0,0
41074000,0,0
41076000,0,0
41078000,0,0
41080000,0,0
41082000,0,0
41084000,0,0
41086000,0,0
41088000,0,0
41090000,0,0
41092000,0,0
41094000,0,0
41096000,0,0
41098000,0,0
41100000,0,0
41102000,0,0
41104000,0,0
41106000,0,0
41108000,0,0
41110000,0,0
41112000,0,0
41114000,0,0
41116000,0,0
41118000,0,0
41120000,0,0
41122000,0,0
41124000,0,0
41126000,0,0
41128000,0,0
41130000,0,0
41132000,0,0
41134000,0,0
41136000,0,0
41138000,0,0
41140000,0,0
41142000,0,0
41144000,0,0
41146000,0,0
41148000,0,0
41150000,0,0
41152000,0,0
41154000,0,0
41156000,0,0
41158000,0,0
41160000,0,0
41162000,0,0
41164000,0,0
41166000,0,0
41168000,0,0
41170000,0,0
41172000,0,0
41174000,0,0
41176000,0,0
41178000,0,0
41180000,0,0
41182000,0,0
41184000,0,0
41186000,0,0
41188000,0,0
41190000,0,0
41192000,0,0
41194000,0,0
41196000,0,0
41198000,0,0
41200000,0,0
41202000,0,0
41204000,0,0
41206000,0,0
41208000,0,0
41210000,0,0
41212000,0,0
41214000,0,0
41216000,0,0
41218000,0,0
41220000,0,0
41222000,0,0
41224000,0,0
41226000,0,0
41228000,0,0
41230000,0,0
41232000,0,0
41234000,0,0
41236000,0,0
41238000,0,0
41240000,0,0
41242000,0,0
41244000,0,0
41246000,0,0
41248000,0,0
41250000,0,0
41252000,0,0
41254000,0,0
41256000,0,0
41258000,0,0
41260000,0,0
41262000,0,0
41264000,0,0
41266000,0,0
41268000,0,0
41270000,0,0
41272000,0,0
41274000,0,0
41276000,0,0
41278000,0,0
41280000,0,0
41282000,0,0
41284000,0,0
41286000,0,0
41288000,0,0
41290000,0,0
41292000,0,0
41294000,0,0
41296000,0,0
41298000,0,0
41300000,0,0
41302000,0,0
41304000,0,0
41306000,0,0
41308000,0,0
41310000,0,0
41312000,0,0
41314000,0,0
41316000,0,0
41318000,0,0
41320000,0,0
41322000,0,0
41324000,0,0
41326000,0,0
41328000,0,0
41330000,0,0
41332000,0,0
41334000,0,0
41336000,0,0
41338000,0,0
41340000,0,0
41342000,0,0
41344000,0,0
41346000,0,0
41348000,0,0
41350000,0,0
41352000,0,0
41354000,0,0
41356000,0,0
41358000,0,0
41360000,0,0
41362000,0,0
41364000,0,0
41366000,0,0
41368000,0,0
41370000,0,0
41372000,0,0
41374000,0,0
41376000,0,0
41378000,0,0
41380000,0,0
41382000,0,0
41384000,0,0
41386000,0,0
41388000,0,0
41390000,0,0
41392000,0,0
41394000,0,0
41396000,0,0
41398000,0,0
41400000,0,0
41402000,0,0
41404000,0,0
41406000,0,0
41408000,0,0
41410000,0,0
41412000,0,0
41414000,0,0
41416000,0,0
41418000,0,0
41420000,0,0
41422000,0,0
41424000,0,0
41426000,0,0
41428000,0,0
41430000,0,0
41432000,0,0
41434000,0,0
41436000,0,0
41438000,0,0
41440000,0,0
41442000,0,0
41444000,0,0
41446000,0,0
41448000,0,0
41450000,0,0
41452000,0,0
41454000,0,0
41456000,0,0
41458000,0,0
41460000,0,0
41462000,0,0
41464000,0,0
41466000,0,0
41468000,0,0
41470000,0,0
41472000,0,0
41474000,0,0
41476000,0,0
41478000,0,0
41480000,0,0
41482000,0,0
41484000,0,0
41486000,0,0
41488000,0,0
41490000,0,0
41492000,0,0
41494000,0,0
41496000,0,0
41498000,0,0
41500000,0,0
41502000,0,0
41504000,0,0
41506000,0,0
41508000,0,0
41510000,0,0
41512000,0,0
41514000,0,0
41516000,0,0
41518000,0,0
41520000,0,0
41522000,0,0
41524000,0,0
41526000,0,0
41528000,0,0
41530000,0,0
41532000,0,0
41534000,0,0
41536000,0,0
41538000,0,0
41540000,0,0
41542000,0,0
41544000,0,0
41546000,0,0
41548000,0,0
41550000,0,0
41552000,0,0
41554000,0,0
41556000,0,0
41558000,0,0
41560000,0,0
41562000,0,0
41564000,0,0
41566000,0,0
41568000,0,0
41570000,0,0
41572000,0,0
41574000,0,0
41576000,0,0
41578000,0,0
41580000,0,0
41582000,0,0
41584000,0,0
41586000,0,0
41588000,0,0
41590000,0,0
41592000,0,0
41594000,0,0
41596000,0,0
41598000,0,0
41600000,0,0
41602000,0,0
41604000,0,0
41606000,0,0
41608000,0,0
41610000,0,0
41612000,0,0
41614000,0,0
41616000,0,0
41618000,0,0
41620000,0,0
41622000,0,0
41624000,0,0
41626000,0,0
41628000,0,0
41630000,0,0
41632000,0,0
41634000,0,0
41636000,0,0
41638000,0,0
41640000,0,0
41642000,0,0
41644000,0,0
41646000,0,0
41648000,0,0
41650000,0,0
41652000,0,0
41654000,0,0
41656000,0,0
41658000,0,0
41660000,0,0
41662000,0,0
41664000,0,0
41666000,0,0
41668000,0,0
41670000,0,0
41672000,0,0
41674000,0,0
41676000,0,0
41678000,0,0
41680000,0,0
41682000,0,0
41684000,0,0
41686000,0,0
41688000,0,0
41690000,0,0
41692000,0,0
41694000,0,0
41696000,0,0
41698000,0,0
41700000,0,0
41702000,0,0
41704000,0,0
41706000,0,0
41708000,0,0
41710000,0,0
41712000,0,0
41714000,0,0
41716000,0,0
41718000,0,0
41720000,0,0
41722000,0,0
41724000,0,0
41726000,0,0
41728000,0,0
41730000,0,0
41732000,0,0
41734000,0,0
41736000,0,0
41738000,0,0
41740000,0,0
41742000,0,0
41744000,0,0
41746000,0,0
41748000,0,0
41750000,0,0
41752000,0,0
41754000,0,0
41756000,0,0
41758000,0,0
41760000,0,0
41762000,0,0
41764000,0,0
41766000,0,0
41768000,0,0
41770000,0,0
41772000,0,0
41774000,0,0
41776000,0,0
41778000,0,0
41780000,0,0
41782000,0,0
41784000,0,0
41786000,0,0
41788000,0,0
41790000,0,0
41792000,0,0
41794000,0,0
41796000,0,0
41798000,0,0
41800000,0,0
41802000,0,0
41804000,0,0
41806000,0,0
41808000,0,0
41810000,0,0
41812000,0,0
41814000,0,0
41816000,0,0
41818000,0,0
41820000,0,0
41822000,0,0
41824000,0,0
41826000,0,0
41828000,0,0
41830000,0,0
41832000,0,0
41834000,0,0
41836000,0,0
41838000,0,0
41840000,0,0
41842000,0,0
41844000,0,0
41846000,0,0
41848000,0,0
41850000,0,0
41852000,0,0
41854000,0,0
41856000,0,0
41858000,0,0
41860000,0,0
41862000,0,0
41864000,0,0
41866000,0,0
41868000,0,0
41870000,0,0
41872000,0,0
41874000,0,0
41876000,0,0
41878000,0,0
41880000,0,0
41882000,0,0
41884000,0,0
41886000,0,0
41888000,0,0
41890000,0,0
41892000,0,0
41894000,0,0
41896000,0,0
41898000,0,0
41900000,0,0
41902000,0,0
41904000,0,0
41906000,0,0
41908000,0,0
41910000,0,0
41912000,0,0
41914000,0,0
41916000,0,0
41918000,0,0
41920000,0,0
41922000,0,0
41924000,0,0
41926000,0,0
41928000,0,0
41930000,0,0
41932000,0,0
41934000,0,0
41936000,0,0
41938000,0,0
41940000,0,0
41942000,0,0
41944000,0,0
41946000,0,0
41948000,0,0
41950000,0,0
41952000,0,0
41954000,0,0
41956000,0,0
41958000,0,0
41960000,0,0
41962000,0,0
41964000,0,0
41966000,0,0
41968000,0,0
41970000,0,0
41972000,0,0
41974000,0,0
41976000,0,0
41978000,0,0
41980000,0,0
41982000,0,0
41984000,0,0
41986000,0,0
41988000,0,0
41990000,0,0
41992000,0,0
41994000,0,0
41996000,0,0
41998000,0,0
42000000,0,0
42002000,0,0
42004000,0,0
42006000,0,0
42008000,0,0
42010000,0,0
42012000,0,0
42014000,0,0
42016000,0,0
42018000,0,0
42020000,0,0
42022000,0,0
42024000,0,0
42026000,0,0
42028000,0,0
42030000,0,0
42032000,0,0
42034000,0,0
42036000,0,0
42038000,0,0
42040000,0,0
42042000,0,0
42044000,0,0
42046000,0,0
42048000,0,0
42050000,0,0
42052000,0,0
42054000,0,0
42056000,0,0
42058000,0,0
42060000,0,0
42062000,0,0
42064000,0,0
42066000,0,0
42068000,0,0
42070000,0,0
42072000,0,0
42074000,0,0
42076000,0,0
42078000,0,0
42080000,0,0
42082000,0,0
42084000,0,0
42086000,0,0
42088000,0,0
42090000,0,0
42092000,0,0
42094000,0,0
42096000,0,0
42098000,0,0
42100000,0,0
42102000,0,0
42104000,0,0
42106000,0,0
42108000,0,0
42110000,0,0
42112000,0,0
42114000,0,0
42116000,0,0
42118000,0,0
42120000,0,0
42122000,0,0
42124000,0,0
42126000,0,0
42128000,0,0
42130000,0,0
42132000,0,0
42134000,0,0
42136000,0,0
42138000,0,0
42140000,0,0
42142000,0,0
42144000,0,0
42146000,0,0
42148000,0,0
42150000,0,0
42152000,0,0
42154000,0,0
42156000,0,0
42158000,0,0
42160000,0,0
42162000,0,0
42164000,0,0
42166000,0,0
42168000,0,0
42170000,0,0
42172000,0,0
42174000,0,0
42176000,0,0
42178000,0,0
42180000,0,0
42182000,0,0
42184000,0,0
42186000,0,0
42188000,0,0
42190000,0,0
42192000,0,0
42194000,0,0
42196000,0,0
42198000,0,0
42200000,0,0
42202000,0,0
42204000,0,0
42206000,0,0
42208000,0,0
42210000,0,0
42212000,0,0
42214000,0,0
42216000,0,0
42218000,0,0
42220000,0,0
42222000,0,0
42224000,0,0
42226000,0,0
42228000,0,0
42230000,0,0
42232000,0,0
42234000,0,0
42236000,0,0
42238000,0,0
42240000,0,0
42242000,0,0
42244000,0,0
42246000,0,0
42248000,0,0
42250000,0,0
42252000,0,0
42254000,0,0
42256000,0,0
42258000,0,0
42260000,0,0
42262000,0,0
42264000,0,0
42266000,0,0
42268000,0,0
42270000,0,0
42272000,0,0
42274000,0,0
42276000,0,0
42278000,0,0
42280000,0,0
42282000,0,0
42284000,0,0
42286000,0,0
42288000,0,0
42290000,0,0
42292000,0,0
42294000,0,0
42296000,0,0
42298000,0,0
42300000,0,0
42302000,0,0
42304000,0,0
42306000,0,0
42308000,0,0
42310000,0,0
42312000,0,0
42314000,0,0
42316000,0,0
42318000,0,0
42320000,0,0
42322000,0,0
42324000,0,0
42326000,0,0
42328000,0,0
42330000,0,0
42332000,0,0
42334000,0,0
42336000,0,0
42338000,0,0
42340000,0,0
42342000,0,0
42344000,0,0
42346000,0,0
42348000,0,0
42350000,0,0
42352000,0,0
42354000,0,0
42356000,0,0
42358000,0,0
42360000,0,0
42362000,0,0
42364000,0,0
42366000,0,0
42368000,0,0
42370000,0,0
42372000,0,0
42374000,0,0
42376000,0,0
42378000,0,0
42380000,0,0
42382000,0,0
42384000,0,0
42386000,0,0
42388000,0,0
42390000,0,0
42392000,0,0
42394000,0,0
42396000,0,0
42398000,0,0
42400000,0,0
42402000,0,0
42404000,0,0
42406000,0,0
42408000,0,0
42410000,0,0
42412000,0,0
42414000,0,0
42416000,0,0
42418000,0,0
42420000,0,0
42422000,0,0
42424000,0,0
42426000,0,0
42428000,0,0
42430000,0,0
42432000,0,0
42434000,0,0
42436000,0,0
42438000,0,0
42440000,0,0
42442000,0,0
42444000,0,0
42446000,0,0
42448000,0,0
42450000,0,0
42452000,0,0
42454000,0,0
42456000,0,0
42458000,0,0
42460000,0,0
42462000,0,0
42464000,0,0
42466000,0,0
42468000,0,0
42470000,0,0
42472000,0,0
42474000,0,0
42476000,0,0
42478000,0,0
42480000,0,0
42482000,0,0
42484000,0,0
42486000,0,0
42488000,0,0
42490000,0,0
42492000,0,0
42494000,0,0
42496000,0,0
42498000,0,0
42500000,0,0
42502000,0,0
42504000,0,0
42506000,0,0
42508000,0,0
42510000,0,0
42512000,0,0
42514000,0,0
42516000,0,0
42518000,0,0
42520000,0,0
42522000,0,0
42524000,0,0
42526000,0,0
42528000,0,0
42530000,0,0
42532000,0,0
42534000,0,0
42536000,0,0
42538000,0,0
42540000,0,0
42542000,0,0
42544000,0,0
42546000,0,0
42548000,0,0
42550000,0,0
42552000,0,0
42554000,0,0
42556000,0,0
42558000,0,0
42560000,0,0
42562000,0,0
42564000,0,0
42566000,0,0
42568000,0,0
42570000,0,0
42572000,0,0
42574000,0,0
42576000,0,0
42578000,0,0
42580000,0,0
42582000,0,0
42584000,0,0
42586000,0,0
42588000,0,0
42590000,0,0
42592000,0,0
42594000,0,0
42596000,0,0
42598000,0,0
42600000,0,0
42602000,0,0
42604000,0,0
42606000,0,0
42608000,0,0
42610000,0,0
42612000,0,0
42614000,0,0
42616000,0,0
42618000,0,0
42620000,0,0
42622000,0,0
42624000,0,0
42626000,0,0
42628000,0,0
42630000,0,0
42632000,0,0
42634000,0,0
42636000,0,0
42638000,0,0
42640000,0,0
42642000,0,0
42644000,0,0
42646000,0,0
42648000,0,0
42650000,0,0
42652000,0,0
42654000,0,0
42656000,0,0
42658000,0,0
42660000,0,0
42662000,0,0
42664000,0,0
42666000,0,0
42668000,0,0
42670000,0,0
42672000,0,0
42674000,0,0
42676000,0,0
42678000,0,0
42680000,0,0
42682000,0,0
42684000,0,0
42686000,0,0
42688000,0,0
42690000,0,0
42692000,0,0
42694000,0,0
42696000,0,0
42698000,0,0
42700000,0,0
42702000,0,0
42704000,0,0
42706000,0,0
42708000,0,0
42710000,0,0
42712000,0,0
42714000,0,0
42716000,0,0
42718000,0,0
42720000,0,0
42722000,0,0
42724000,0,0
42726000,0,0
42728000,0,0
42730000,0,0
42732000,0,0
42734000,0,0
42736000,0,0
42738000,0,0
42740000,0,0
42742000,0,0
42744000,0,0
42746000,0,0
42748000,0,0
42750000,0,0
42752000,0,0
42754000,0,0
42756000,0,0
42758000,0,0
42760000,0,0
42762000,0,0
42764000,0,0
42766000,0,0
42768000,0,0
42770000,0,0
42772000,0,0
42774000,0,0
42776000,0,0
42778000,0,0
42780000,0,0
42782000,0,0
42784000,0,0
42786000,0,0
42788000,0,0
42790000,0,0
42792000,0,0
42794000,0,0
42796000,0,0
42798000,0,0
42800000,0,0
42802000,0,0
42804000,0,0
42806000,0,0
42808000,0,0
42810000,0,0
42812000,0,0
42814000,0,0
42816000,0,0
42818000,0,0
42820000,0,0
42822000,0,0
42824000,0,0
42826000,0,0
42828000,0,0
42830000,0,0
42832000,0,0
42834000,0,0
42836000,0,0
42838000,0,0
42840000,0,0
42842000,0,0
42844000,0,0
42846000,0,0
42848000,0,0
42850000,0,0
42852000,0,0
42854000,0,0
42856000,0,0
42858000,0,0
42860000,0,0
42862000,0,0
42864000,0,0
42866000,0,0
42868000,0,0
42870000,0,0
42872000,0,0
42874000,0,0
42876000,0,0
42878000,0,0
42880000,0,0
42882000,0,0
42884000,0,0
42886000,0,0
42888000,0,0
42890000,0,0
42892000,0,0
42894000,0,0
42896000,0,0
42898000,0,0
42900000,0,0
42902000,0,0
42904000,0,0
42906000,0,0
42908000,0,0
42910000,0,0
42912000,0,0
42914000,0,0
42916000,0,0
42918000,0,0
42920000,0,0
42922000,0,0
42924000,0,0
42926000,0,0
42928000,0,0
42930000,0,0
42932000,0,0
42934000,0,0
42936000,0,0
42938000,0,0
42940000,0,0
42942000,0,0
42944000,0,0
42946000,0,0
42948000,0,0
42950000,0,0
42952000,0,0
42954000,0,0
42956000,0,0
42958000,0,0
42960000,0,0
42962000,0,0
42964000,0,0
42966000,0,0
42968000,0,0
42970000,0,0
42972000,0,0
42974000,0,0
42976000,0,0
42978000,0,0
42980000,0,0
42982000,0,0
42984000,0,0
42986000,0,0
42988000,0,0
42990000,0,0
42992000,0,0
42994000,0,0
42996000,0,0
42998000,0,0
43000000,0,0
43002000,0,0
43004000,0,0
43006000,0,0
43008000,0,0
43010000,0,0
43012000,0,0
43014000,0,0
43016000,0,0
43018000,0,0
43020000,0,0
43022000,0,0
43024000,0,0
43026000,0,0
43028000,0,0
43030000,0,0
43032000,0,0
43034000,0,0
43036000,0,0
43038000,0,0
43040000,0,0
43042000,0,0
43044000,0,0
43046000,0,0
43048000,0,0
43050000,0,0
43052000,0,0
43054000,0,0
43056000,0,0
43058000,0,0
43060000,0,0
43062000,0,0
43064000,0,0
43066000,0,0
43068000,0,0
43070000,0,0
43072000,0,0
43074000,0,0
43076000,0,0
43078000,0,0
43080000,0,0
43082000,0,0
43084000,0,0
43086000,0,0
43088000,0,0
43090000,0,0
43092000,0,0
43094000,0,0
43096000,0,0
43098000,0,0
43100000,0,0
43102000,0,0
43104000,0,0
43106000,0,0
43108000,0,0
43110000,0,0
43112000,0,0
43114000,0,0
43116000,0,0
43118000,0,0
43120000,0,0
43122000,0,0
43124000,0,0
43126000,0,0
43128000,0,0
43130000,0,0
43132000,0,0
43134000,0,0
43136000,0,0
43138000,0,0
43140000,0,0
43142000,0,0
43144000,0,0
43146000,0,0
43148000,0,0
43150000,0,0
43152000,0,0
43154000,0,0
43156000,0,0
43158000,0,0
43160000,0,0
43162000,0,0
43164000,0,0
43166000,0,0
43168000,0,0
43170000,0,0
43172000,0,0
43174000,0,0
43176000,0,0
43178000,0,0
43180000,0,0
43182000,0,0
43184000,0,0
43186000,0,0
43188000,0,0
43190000,0,0
43192000,0,0
43194000,0,0
43196000,0,0
43198000,0,0
43200000,0,0
43202000,0,0
43204000,0,0
43206000,0,0
43208000,0,0
43210000,0,0
43212000,0,0
43214000,0,0
43216000,0,0
43218000,0,0
43220000,0,0
43222000,0,0
43224000,0,0
43226000,0,0
43228000,0,0
43230000,0,0
43232000,0,0
43234000,0,0
43236000,0,0
43238000,0,0
43240000,0,0
43242000,0,0
43244000,0,0
43246000,0,0
43248000,0,0
43250000,0,0
43252000,0,0
43254000,0,0
43256000,0,0
43258000,0,0
43260000,0,0
43262000,0,0
43264000,0,0
43266000,0,0
43268000,0,0
43270000,0,0
43272000,0,0
43274000,0,0
43276000,0,0
43278000,0,0
43280000,0,0
43282000,0,0
43284000,0,0
43286000,0,0
43288000,0,0
43290000,0,0
43292000,0,0
43294000,0,0
43296000,0,0
43298000,0,0
43300000,0,0
43302000,0,0
43304000,0,0
43306000,0,0
43308000,0,0
43310000,0,0
43312000,0,0
43314000,0,0
43316000,0,0
43318000,0,0
43320000,0,0
43322000,0,0
43324000,0,0
43326000,0,0
43328000,0,0
43330000,0,0
43332000,0,0
43334000,0,0
43336000,0,0
43338000,0,0
43340000,0,0
43342000,0,0
43344000,0,0
43346000,0,0
43348000,0,0
43350000,0,0
43352000,0,0
43354000,0,0
43356000,0,0
43358000,0,0
43360000,0,0
43362000,0,0
43364000,0,0
43366000,0,0
43368000,0,0
43370000,0,0
43372000,0,0
43374000,0,0
43376000,0,0
43378000,0,0
43380000,0,0
43382000,0,0
43384000,0,0
43386000,0,0
43388000,0,0
43390000,0,0
43392000,0,0
43394000,0,0
43396000,0,0
43398000,0,0
43400000,0,0
43402000,0,0
43404000,0,0
43406000,0,0
43408000,0,0
43410000,0,0
43412000,0,0
43414000,0,0
43416000,0,0
43418000,0,0
43420000,0,0
43422000,0,0
43424000,0,0
43426000,0,0
43428000,0,0
43430000,0,0
43432000,0,0
43434000,0,0
43436000,0,0
43438000,0,0
43440000,0,0
43442000,0,0
43444000,0,0
43446000,0,0
43448000,0,0
43450000,0,0
43452000,0,0
43454000,0,0
43456000,0,0
43458000,0,0
43460000,0,0
43462000,0,0
43464000,0,0
43466000,0,0
43468000,0,0
43470000,0,0
43472000,0,0
43474000,0,0
43476000,0,0
43478000,0,0
43480000,0,0
43482000,0,0
43484000,0,0
43486000,0,0
43488000,0,0
43490000,0,0
43492000,0,0
43494000,0,0
43496000,0,0
43498000,0,0
43500000,0,0
43502000,0,0
43504000,0,0
43506000,0,0
43508000,0,0
43510000,0,0
43512000,0,0
43514000,0,0
43516000,0,0
43518000,0,0
43520000,0,0
43522000,0,0
43524000,0,0
43526000,0,0
43528000,0,0
43530000,0,0
43532000,0,0
43534000,0,0
43536000,0,0
43538000,0,0
43540000,0,0
43542000,0,0
43544000,0,0
43546000,0,0
43548000,0,0
43550000,0,0
43552000,0,0
43554000,0,0
43556000,0,0
43558000,0,0
43560000,0,0
43562000,0,0
43564000,0,0
43566000,0,0
43568000,0,0
43570000,0,0
43572000,0,0
43574000,0,0
43576000,0,0
43578000,0,0
43580000,0,0
43582000,0,0
43584000,0,0
43586000,0,0
43588000,0,0
43590000,0,0
43592000,0,0
43594000,0,0
43596000,0,0
43598000,0,0
43600000,0,0
43602000,0,0
43604000,0,0
43606000,0,0
43608000,0,0
43610000,0,0
43612000,0,0
43614000,0,0
43616000,0,0
43618000,0,0
43620000,0,0
43622000,0,0
43624000,0,0
43626000,0,0
43628000,0,0
43630000,0,0
43632000,0,0
43634000,0,0
43636000,0,0
43638000,0,0
43640000,0,0
43642000,0,0
43644000,0,0
43646000,0,0
43648000,0,0
43650000,0,0
43652000,0,0
43654000,0,0
43656000,0,0
43658000,0,0
43660000,0,0
43662000,0,0
43664000,0,0
43666000,0,0
43668000,0,0
43670000,0,0
43672000,0,0
43674000,0,0
43676000,0,0
43678000,0,0
43680000,0,0
43682000,0,0
43684000,0,0
43686000,0,0
43688000,0,0
43690000,0,0
43692000,0,0
43694000,0,0
43696000,0,0
43698000,0,0
43700000,0,0
43702000,0,0
43704000,0,0
43706000,0,0
43708000,0,0
43710000,0,0
43712000,0,0
43714000,0,0
43716000,0,0
43718000,0,0
43720000,0,0
43722000,0,0
43724000,0,0
43726000,0,0
43728000,0,0
43730000,0,0
43732000,0,0
43734000,0,0
43736000,0,0
43738000,0,0
43740000,0,0
43742000,0,0
43744000,0,0
43746000,0,0
43748000,0,0
43750000,0,0
43752000,0,0
43754000,0,0
43756000,0,0
43758000,0,0
43760000,0,0
43762000,0,0
43764000,0,0
43766000,0,0
43768000,0,0
43770000,0,0
43772000,0,0
43774000,0,0
43776000,0,0
43778000,0,0
43780000,0,0
43782000,0,0
43784000,0,0
43786000,0,0
43788000,0,0
43790000,0,0
43792000,0,0
43794000,0,0
43796000,0,0
43798000,0,0
43800000,0,0
43802000,0,0
43804000,0,0
43806000,0,0
43808000,0,0
43810000,0,0
43812000,0,0
43814000,0,0
43816000,0,0
43818000,0,0
43820000,0,0
43822000,0,0
43824000,0,0
43826000,0,0
43828000,0,0
43830000,0,0
43832000,0,0
43834000,0,0
43836000,0,0
43838000,0,0
43840000,0,0
43842000,0,0
43844000,0,0
43846000,0,0
43848000,0,0
43850000,0,0
43852000,0,0
43854000,0,0
43856000,0,0
43858000,0,0
43860000,0,0
43862000,0,0
43864000,0,0
43866000,0,0
43868000,0,0
43870000,0,0
43872000,0,0
43874000,0,0
43876000,0,0
43878000,0,0
43880000,0,0
43882000,0,0
43884000,0,0
43886000,0,0
43888000,0,0
43890000,0,0
43892000,0,0
43894000,0,0
43896000,0,0
43898000,0,0
43900000,0,0
43902000,0,0
43904000,0,0
43906000,0,0
43908000,0,0
43910000,0,0
43912000,0,0
43914000,0,0
43916000,0,0
43918000,0,0
43920000,0,0
43922000,0,0
43924000,0,0
43926000,0,0
43928000,0,0
43930000,0,0
43932000,0,0
43934000,0,0
43936000,0,0
43938000,0,0
43940000,0,0
43942000,0,0
43944000,0,0
43946000,0,0
43948000,0,0
43950000,0,0
43952000,0,0
43954000,0,0
43956000,0,0
43958000,0,0
43960000,0,0
43962000,0,0
43964000,0,0
43966000,0,0
43968000,0,0
43970000,0,0
43972000,0,0
43974000,0,0
43976000,0,0
43978000,0,0
43980000,0,0
43982000,0,0
43984000,0,0
43986000,0,0
43988000,0,0
43990000,0,0
43992000,0,0
43994000,0,0
43996000,0,0
43998000,0,0
44000000,0,0
44002000,0,0
44004000,0,0
44006000,0,0
44008000,0,0
44010000,0,0
44012000,0,0
44014000,0,0
44016000,0,0
44018000,0,0
44020000,0,0
44022000,0,0
44024000,0,0
44026000,0,0
44028000,0,0
44030000,0,0
44032000,0,0
44034000,0,0
44036000,0,0
44038000,0,0
44040000,0,0
44042000,0,0
44044000,0,0
44046000,0,0
44048000,0,0
44050000,0,0
44052000,0,0
44054000,0,0
44056000,0,0
44058000,0,0
44060000,0,0
44062000,0,0
44064000,0,0
44066000,0,0
44068000,0,0
44070000,0,0
44072000,0,0
44074000,0,0
44076000,0,0
44078000,0,0
44080000,0,0
44082000,0,0
44084000,0,0
44086000,0,0
44088000,0,0
44090000,0,0
44092000,0,0
44094000,0,0
44096000,0,0
44098000,0,0
44100000,0,0
44102000,0,0
44104000,0,0
44106000,0,0
44108000,0,0
44110000,0,0
44112000,0,0
44114000,0,0
44116000,0,0
44118000,0,0
44120000,0,0
44122000,0,0
44124000,0,0
44126000,0,0
44128000,0,0
44130000,0,0
44132000,0,0
44134000,0,0
44136000,0,0
44138000,0,0
44140000,0,0
44142000,0,0
44144000,0,0
44146000,0,0
44148000,0,0
44150000,0,0
44152000,0,0
44154000,0,0
44156000,0,0
44158000,0,0
44160000,0,0
44162000,0,0
44164000,0,0
44166000,0,0
44168000,0,0
44170000,0,0
44172000,0,0
44174000,0,0
44176000,0,0
44178000,0,0
44180000,0,0
44182000,0,0
44184000,0,0
44186000,0,0
44188000,0,0
44190000,0,0
44192000,0,0
44194000,0,0
44196000,0,0
44198000,0,0
44200000,0,0
44202000,0,0
44204000,0,0
44206000,0,0
44208000,0,0
44210000,0,0
44212000,0,0
44214000,0,0
44216000,0,0
44218000,0,0
44220000,0,0
44222000,0,0
44224000,0,0
44226000,0,0
44228000,0,0
44230000,0,0
44232000,0,0
44234000,0,0
44236000,0,0
44238000,0,0
44240000,0,0
44242000,0,0
44244000,0,0
44246000,0,0
44248000,0,0
44250000,0,0
44252000,0,0
44254000,0,0
44256000,0,0
44258000,0,0
44260000,0,0
44262000,0,0
44264000,0,0
44266000,0,0
44268000,0,0
44270000,0,0
44272000,0,0
44274000,0,0
44276000,0,0
44278000,0,0
44280000,0,0
44282000,0,0
44284000,0,0
44286000,0,0
44288000,0,0
44290000,0,0
44292000,0,0
44294000,0,0
44296000,0,0
44298000,0,0
44300000,0,0
44302000,0,0
44304000,0,0
44306000,0,0
44308000,0,0
44310000,0,0
44312000,0,0
44314000,0,0
44316000,0,0
44318000,0,0
44320000,0,0
44322000,0,0
44324000,0,0
44326000,0,0
44328000,0,0
44330000,0,0
44332000,0,0
44334000,0,0
44336000,0,0
44338000,0,0
44340000,0,0
44342000,0,0
44344000,0,0
44346000,0,0
44348000,0,0
44350000,0,0
44352000,0,0
44354000,0,0
44356000,0,0
44358000,0,0
44360000,0,0
44362000,0,0
44364000,0,0
44366000,0,0
44368000,0,0
44370000,0,0
44372000,0,0
44374000,0,0
44376000,0,0
44378000,0,0
44380000,0,0
44382000,0,0
44384000,0,0
44386000,0,0
44388000,0,0
44390000,0,0
44392000,0,0
44394000,0,0
44396000,0,0
44398000,0,0
44400000,0,0
44402000,0,0
44404000,0,0
44406000,0,0
44408000,0,0
44410000,0,0
44412000,0,0
44414000,0,0
44416000,0,0
44418000,0,0
44420000,0,0
44422000,0,0
44424000,0,0
44426000,0,0
44428000,0,0
44430000,0,0
44432000,0,0
44434000,0,0
44436000,0,0
44438000,0,0
44440000,0,0
44442000,0,0
44444000,0,0
44446000,0,0
44448000,0,0
44450000,0,0
44452000,0,0
44454000,0,0
44456000,0,0
44458000,0,0
44460000,0,0
44462000,0,0
44464000,0,0
44466000,0,0
44468000,0,0
44470000,0,0
44472000,0,0
44474000,0,0
44476000,0,0
44478000,0,0
44480000,0,0
44482000,0,0
44484000,0,0
44486000,0,0
44488000,0,0
44490000,0,0
44492000,0,0
44494000,0,0
44496000,0,0
44498000,0,0
44500000,0,0
44502000,0,0
44504000,0,0
44506000,0,0
44508000,0,0
44510000,0,0
44512000,0,0
44514000,0,0
44516000,0,0
44518000,0,0
44520000,0,0
44522000,0,0
44524000,0,0
44526000,0,0
44528000,0,0
44530000,0,0
44532000,0,0
44534000,0,0
44536000,0,0
44538000,0,0
44540000,0,0
44542000,0,0
44544000,0,0
44546000,0,0
44548000,0,0
44550000,0,0
44552000,0,0
44554000,0,0
44556000,0,0
44558000,0,0
44560000,0,0
44562000,0,0
44564000,0,0
44566000,0,0
44568000,0,0
44570000,0,0
44572000,0,0
44574000,0,0
44576000,0,0
44578000,0,0
44580000,0,0
44582000,0,0
44584000,0,0
44586000,0,0
44588000,0,0
44590000,0,0
44592000,0,0
44594000,0,0
44596000,0,0
44598000,0,0
44600000,0,0
44602000,0,0
44604000,0,0
44606000,0,0
44608000,0,0
44610000,0,0
44612000,0,0
44614000,0,0
44616000,0,0
44618000,0,0
44620000,0,0
44622000,0,0
44624000,0,0
44626000,0,0
44628000,0,0
44630000,0,0
44632000,0,0
44634000,0,0
44636000,0,0
44638000,0,0
44640000,0,0
44642000,0,0
44644000,0,0
44646000,0,0
44648000,0,0
44650000,0,0
44652000,0,0
44654000,0,0
44656000,0,0
44658000,0,0
44660000,0,0
44662000,0,0
44664000,0,0
44666000,0,0
44668000,0,0
44670000,0,0
44672000,0,0
44674000,0,0
44676000,0,0
44678000,0,0
44680000,0,0
44682000,0,0
44684000,0,0
44686000,0,0
44688000,0,0
44690000,0,0
44692000,0,0
44694000,0,0
44696000,0,0
44698000,0,0
44700000,0,0
44702000,0,0
44704000,0,0
44706000,0,0
44708000,0,0
44710000,0,0
44712000,0,0
44714000,0,0
44716000,0,0
44718000,0,0
44720000,0,0
44722000,0,0
44724000,0,0
44726000,0,0
44728000,0,0
44730000,0,0
44732000,0,0
44734000,0,0
44736000,0,0
44738000,0,0
44740000,0,0
44742000,0,0
44744000,0,0
44746000,0,0
44748000,0,0
44750000,0,0
44752000,0,0
44754000,0,0
44756000,0,0
44758000,0,0
44760000,0,0
44762000,0,0
44764000,0,0
44766000,0,0
44768000,0,0
44770000,0,0
44772000,0,0
44774000,0,0
44776000,0,0
44778000,0,0
44780000,0,0
44782000,0,0
44784000,0,0
44786000,0,0
44788000,0,0
44790000,0,0
44792000,0,0
44794000,0,0
44796000,0,0
44798000,0,0
44800000,0,0
44802000,0,0
44804000,0,0
44806000,0,0
44808000,0,0
44810000,0,0
44812000,0,0
44814000,0,0
44816000,0,0
44818000,0,0
44820000,0,0
44822000,0,0
44824000,0,0
44826000,0,0
44828000,0,0
44830000,0,0
44832000,0,0
44834000,0,0
44836000,0,0
44838000,0,0
44840000,0,0
44842000,0,0
44844000,0,0
44846000,0,0
44848000,0,0
44850000,0,0
44852000,0,0
44854000,0,0
44856000,0,0
44858000,0,0
44860000,0,0
44862000,0,0
44864000,0,0
44866000,0,0
44868000,0,0
44870000,0,0
44872000,0,0
44874000,0,0
44876000,0,0
44878000,0,0
44880000,0,0
44882000,0,0
44884000,0,0
44886000,0,0
44888000,0,0
44890000,0,0
44892000,0,0
44894000,0,0
44896000,0,0
44898000,0,0
44900000,0,0
44902000,0,0
44904000,0,0
44906000,0,0
44908000,0,0
44910000,0,0
44912000,0,0
44914000,0,0
44916000,0,0
44918000,0,0
44920000,0,0
44922000,0,0
44924000,0,0
44926000,0,0
44928000,0,0
44930000,0,0
44932000,0,0
44934000,0,0
44936000,0,0
44938000,0,0
44940000,0,0
44942000,0,0
44944000,0,0
44946000,0,0
44948000,0,0
44950000,0,0
44952000,0,0
44954000,0,0
44956000,0,0
44958000,0,0
44960000,0,0
44962000,0,0
44964000,0,0
44966000,0,0
44968000,0,0
44970000,0,0
44972000,0,0
44974000,0,0
44976000,0,0
44978000,0,0
44980000,0,0
44982000,0,0
44984000,0,0
44986000,0,0
44988000,0,0
44990000,0,0
44992000,0,0
44994000,0,0
44996000,0,0
44998000,0,0
45000000,0,0
45002000,0,0
45004000,0,0
45006000,0,0
45008000,0,0
45010000,0,0
45012000,0,0
45014000,0,0
45016000,0,0
45018000,0,0
45020000,0,0
45022000,0,0
45024000,0,0
45026000,0,0
45028000,0,0
45030000,0,0
45032000,0,0
45034000,0,0
45036000,0,0
45038000,0,0
45040000,0,0
45042000,0,0
45044000,0,0
45046000,0,0
45048000,0,0
45050000,0,0
45052000,0,0
45054000,0,0
45056000,0,0
45058000,0,0
45060000,0,0
45062000,0,0
45064000,0,0
45066000,0,0
45068000,0,0
45070000,0,0
45072000,0,0
45074000,0,0
45076000,0,0
45078000,0,0
45080000,0,0
45082000,0,0
45084000,0,0
45086000,0,0
45088000,0,0
45090000,0,0
45092000,0,0
45094000,0,0
45096000,0,0
45098000,0,0
45100000,0,0
45102000,0,0
45104000,0,0
45106000,0,0
45108000,0,0
45110000,0,0
45112000,0,0
45114000,0,0
45116000,0,0
45118000,0,0
45120000,0,0
45122000,0,0
45124000,0,0
45126000,0,0
45128000,0,0
45130000,0,0
45132000,0,0
45134000,0,0
45136000,0,0
45138000,0,0
45140000,0,0
45142000,0,0
45144000,0,0
45146000,0,0
45148000,0,0
45150000,0,0
45152000,0,0
45154000,0,0
45156000,0,0
45158000,0,0
45160000,0,0
45162000,0,0
45164000,0,0
45166000,0,0
45168000,0,0
45170000,0,0
45172000,0,0
45174000,0,0
45176000,0,0
45178000,0,0
45180000,0,0
45182000,0,0
45184000,0,0
45186000,0,0
45188000,0,0
45190000,0,0
45192000,0,0
45194000,0,0
45196000,0,0
45198000,0,0
45200000,0,0
45202000,0,0
45204000,0,0
45206000,0,0
45208000,0,0
45210000,0,0
45212000,0,0
45214000,0,0
45216000,0,0
45218000,0,0
45220000,0,0
45222000,0,0
45224000,0,0
45226000,0,0
45228000,0,0
45230000,0,0
45232000,0,0
45234000,0,0
45236000,0,0
45238000,0,0
45240000,0,0
45242000,0,0
45244000,0,0
45246000,0,0
45248000,0,0
45250000,0,0
45252000,0,0
45254000,0,0
45256000,0,0
45258000,0,0
45260000,0,0
45262000,0,0
45264000,0,0
45266000,0,0
45268000,0,0
45270000,0,0
45272000,0,0
45274000,0,0
45276000,0,0
45278000,0,0
45280000,0,0
45282000,0,0
45284000,0,0
45286000,0,0
45288000,0,0
45290000,0,0
45292000,0,0
45294000,0,0
45296000,0,0
45298000,0,0
45300000,0,0
45302000,0,0
45304000,0,0
45306000,0,0
45308000,0,0
45310000,0,0
45312000,0,0
45314000,0,0
45316000,0,0
45318000,0,0
45320000,0,0
45322000,0,0
45324000,0,0
45326000,0,0
45328000,0,0
45330000,0,0
45332000,0,0
45334000,0,0
45336000,0,0
45338000,0,0
45340000,0,0
45342000,0,0
45344000,0,0
45346000,0,0
45348000,0,0
45350000,0,0
45352000,0,0
45354000,0,0
45356000,0,0
45358000,0,0
45360000,0,0
45362000,0,0
45364000,0,0
45366000,0,0
45368000,0,0
45370000,0,0
45372000,0,0
45374000,0,0
45376000,0,0
45378000,0,0
45380000,0,0
45382000,0,0
45384000,0,0
45386000,0,0
45388000,0,0
45390000,0,0
45392000,0,0
45394000,0,0
45396000,0,0
45398000,0,0
45400000,0,0
45402000,0,0
45404000,0,0
45406000,0,0
45408000,0,0
45410000,0,0
45412000,0,0
45414000,0,0
45416000,0,0
45418000,0,0
45420000,0,0
45422000,0,0
45424000,0,0
45426000,0,0
45428000,0,0
45430000,0,0
45432000,0,0
45434000,0,0
45436000,0,0
45438000,0,0
45440000,0,0
45442000,0,0
45444000,0,0
45446000,0,0
45448000,0,0
45450000,0,0
45452000,0,0
45454000,0,0
45456000,0,0
45458000,0,0
45460000,0,0
45462000,0,0
45464000,0,0
45466000,0,0
45468000,0,0
45470000,0,0
45472000,0,0
45474000,0,0
45476000,0,0
45478000,0,0
45480000,0,0
45482000,0,0
45484000,0,0
45486000,0,0
45488000,0,0
45490000,0,0
45492000,0,0
45494000,0,0
45496000,0,0
45498000,0,0
45500000,0,0
45502000,0,0
45504000,0,0
45506000,0,0
45508000,0,0
45510000,0,0
45512000,0,0
45514000,0,0
45516000,0,0
45518000,0,0
45520000,0,0
45522000,0,0
45524000,0,0
45526000,0,0
45528000,0,0
45530000,0,0
45532000,0,0
45534000,0,0
45536000,0,0
45538000,0,0
45540000,0,0
45542000,0,0
45544000,0,0
45546000,0,0
45548000,0,0
45550000,0,0
45552000,0,0
45554000,0,0
45556000,0,0
45558000,0,0
45560000,0,0
45562000,0,0
45564000,0,0
45566000,0,0
45568000,0,0
45570000,0,0
45572000,0,0
45574000,0,0
45576000,0,0
45578000,0,0
45580000,0,0
45582000,0,0
45584000,0,0
45586000,0,0
45588000,0,0
45590000,0,0
45592000,0,0
45594000,0,0
45596000,0,0
45598000,0,0
45600000,0,0
45602000,0,0
45604000,0,0
45606000,0,0
45608000,0,0
45610000,0,0
45612000,0,0
45614000,0,0
45616000,0,0
45618000,0,0
45620000,0,0
45622000,0,0
45624000,0,0
45626000,0,0
45628000,0,0
45630000,0,0
45632000,0,0
45634000,0,0
45636000,0,0
45638000,0,0
45640000,0,0
45642000,0,0
45644000,0,0
45646000,0,0
45648000,0,0
45650000,0,0
45652000,0,0
45654000,0,0
45656000,0,0
45658000,0,0
45660000,0,0
45662000,0,0
45664000,0,0
45666000,0,0
45668000,0,0
45670000,0,0
45672000,0,0
45674000,0,0
45676000,0,0
45678000,0,0
45680000,0,0
45682000,0,0
45684000,0,0
45686000,0,0
45688000,0,0
45690000,0,0
45692000,0,0
45694000,0,0
45696000,0,0
45698000,0,0
45700000,0,0
45702000,0,0
45704000,0,0
45706000,0,0
45708000,0,0
45710000,0,0
45712000,0,0
45714000,0,0
45716000,0,0
45718000,0,0
45720000,0,0
45722000,0,0
45724000,0,0
45726000,0,0
45728000,0,0
45730000,0,0
45732000,0,0
45734000,0,0
45736000,0,0
45738000,0,0
45740000,0,0
45742000,0,0
45744000,0,0
45746000,0,0
45748000,0,0
45750000,0,0
45752000,0,0
45754000,0,0
45756000,0,0
45758000,0,0
45760000,0,0
45762000,0,0
45764000,0,0
45766000,0,0
45768000,0,0
45770000,0,0
45772000,0,0
45774000,0,0
45776000,0,0
45778000,0,0
45780000,0,0
45782000,0,0
45784000,0,0
45786000,0,0
45788000,0,0
45790000,0,0
45792000,0,0
45794000,0,0
45796000,0,0
45798000,0,0
45800000,0,0
45802000,0,0
45804000,0,0
45806000,0,0
45808000,0,0
45810000,0,0
45812000,0,0
45814000,0,0
45816000,0,0
45818000,0,0
45820000,0,0
45822000,0,0
45824000,0,0
45826000,0,0
45828000,0,0
45830000,0,0
45832000,0,0
45834000,0,0
45836000,0,0
45838000,0,0
45840000,0,0
45842000,0,0
45844000,0,0
45846000,0,0
45848000,0,0
45850000,0,0
45852000,0,0
45854000,0,0
45856000,0,0
45858000,0,0
45860000,0,0
45862000,0,0
45864000,0,0
45866000,0,0
45868000,0,0
45870000,0,0
45872000,0,0
45874000,0,0
45876000,0,0
45878000,0,0
45880000,0,0
45882000,0,0
45884000,0,0
45886000,0,0
45888000,0,0
45890000,0,0
45892000,0,0
45894000,0,0
45896000,0,0
45898000,0,0
45900000,0,0
45902000,0,0
45904000,0,0
45906000,0,0
45908000,0,0
45910000,0,0
45912000,0,0
45914000,0,0
45916000,0,0
45918000,0,0
45920000,0,0
45922000,0,0
45924000,0,0
45926000,0,0
45928000,0,0
45930000,0,0
45932000,0,0
45934000,0,0
45936000,0,0
45938000,0,0
45940000,0,0
45942000,0,0
45944000,0,0
45946000,0,0
45948000,0,0
45950000,0,0
45952000,0,0
45954000,0,0
45956000,0,0
45958000,0,0
45960000,0,0
45962000,0,0
45964000,0,0
45966000,0,0
45968000,0,0
45970000,0,0
45972000,0,0
45974000,0,0
45976000,0,0
45978000,0,0
45980000,0,0
45982000,0,0
45984000,0,0
45986000,0,0
45988000,0,0
45990000,0,0
45992000,0,0
45994000,0,0
45996000,0,0
45998000,0,0
46000000,0,0
46002000,0,0
46004000,0,0
46006000,0,0
46008000,0,0
46010000,0,0
46012000,0,0
46014000,0,0
46016000,0,0
46018000,0,0
46020000,0,0
46022000,0,0
46024000,0,0
46026000,0,0
46028000,0,0
46030000,0,0
46032000,0,0
46034000,0,0
46036000,0,0
46038000,0,0
46040000,0,0
46042000,0,0
46044000,0,0
46046000,0,0
46048000,0,0
46050000,0,0
46052000,0,0
46054000,0,0
46056000,0,0
46058000,0,0
46060000,0,0
46062000,0,0
46064000,0,0
46066000,0,0
46068000,0,0
46070000,0,0
46072000,0,0
46074000,0,0
46076000,0,0
46078000,0,0
46080000,0,0
46082000,0,0
46084000,0,0
46086000,0,0
46088000,0,0
46090000,0,0
46092000,0,0
46094000,0,0
46096000,0,0
46098000,0,0
46100000,0,0
46102000,0,0
46104000,0,0
46106000,0,0
46108000,0,0
46110000,0,0
46112000,0,0
46114000,0,0
46116000,0,0
46118000,0,0
46120000,0,0
46122000,0,0
46124000,0,0
46126000,0,0
46128000,0,0
46130000,0,0
46132000,0,0
46134000,0,0
46136000,0,0
46138000,0,0
46140000,0,0
46142000,0,0
46144000,0,0
46146000,0,0
46148000,0,0
46150000,0,0
46152000,0,0
46154000,0,0
46156000,0,0
46158000,0,0
46160000,0,0
46162000,0,0
46164000,0,0
46166000,0,0
46168000,0,0
46170000,0,0
46172000,0,0
46174000,0,0
46176000,0,0
46178000,0,0
46180000,0,0
46182000,0,0
46184000,0,0
46186000,0,0
46188000,0,0
46190000,0,0
46192000,0,0
46194000,0,0
46196000,0,0
46198000,0,0
46200000,0,0
46202000,0,0
46204000,0,0
46206000,0,0
46208000,0,0
46210000,0,0
46212000,0,0
46214000,0,0
46216000,0,0
46218000,0,0
46220000,0,0
46222000,0,0
46224000,0,0
46226000,0,0
46228000,0,0
46230000,0,0
46232000,0,0
46234000,0,0
46236000,0,0
46238000,0,0
46240000,0,0
46242000,0,0
46244000,0,0
46246000,0,0
46248000,0,0
46250000,0,0
46252000,0,0
46254000,0,0
46256000,0,0
46258000,0,0
46260000,0,0
46262000,0,0
46264000,0,0
46266000,0,0
46268000,0,0
46270000,0,0
46272000,0,0
46274000,0,0
46276000,0,0
46278000,0,0
46280000,0,0
46282000,0,0
46284000,0,0
46286000,0,0
46288000,0,0
46290000,0,0
46292000,0,0
46294000,0,0
46296000,0,0
46298000,0,0
46300000,0,0
46302000,0,0
46304000,0,0
46306000,0,0
46308000,0,0
46310000,0,0
46312000,0,0
46314000,0,0
46316000,0,0
46318000,0,0
46320000,0,0
46322000,0,0
46324000,0,0
46326000,0,0
46328000,0,0
46330000,0,0
46332000,0,0
46334000,0,0
46336000,0,0
46338000,0,0
46340000,0,0
46342000,0,0
46344000,0,0
46346000,0,0
46348000,0,0
46350000,0,0
46352000,0,0
46354000,0,0
46356000,0,0
46358000,0,0
46360000,0,0
46362000,0,0
46364000,0,0
46366000,0,0
46368000,0,0
46370000,0,0
46372000,0,0
46374000,0,0
46376000,0,0
46378000,0,0
46380000,0,0
46382000,0,0
46384000,0,0
46386000,0,0
46388000,0,0
46390000,0,0
46392000,0,0
46394000,0,0
46396000,0,0
46398000,0,0
46400000,0,0
46402000,0,0
46404000,0,0
46406000,0,0
46408000,0,0
46410000,0,0
46412000,0,0
46414000,0,0
46416000,0,0
46418000,0,0
46420000,0,0
46422000,0,0
46424000,0,0
46426000,0,0
46428000,0,0
46430000,0,0
46432000,0,0
46434000,0,0
46436000,0,0
46438000,0,0
46440000,0,0
46442000,0,0
46444000,0,0
46446000,0,0
46448000,0,0
46450000,0,0
46452000,0,0
46454000,0,0
46456000,0,0
46458000,0,0
46460000,0,0
46462000,0,0
46464000,0,0
46466000,0,0
46468000,0,0
46470000,0,0
46472000,0,0
46474000,0,0
46476000,0,0
46478000,0,0
46480000,0,0
46482000,0,0
46484000,0,0
46486000,0,0
46488000,0,0
46490000,0,0
46492000,0,0
46494000,0,0
46496000,0,0
46498000,0,0
46500000,0,0
46502000,0,0
46504000,0,0
46506000,0,0
46508000,0,0
46510000,0,0
46512000,0,0
46514000,0,0
46516000,0,0
46518000,0,0
46520000,0,0
46522000,0,0
46524000,0,0
46526000,0,0
46528000,0,0
46530000,0,0
46532000,0,0
46534000,0,0
46536000,0,0
46538000,0,0
46540000,0,0
46542000,0,0
46544000,0,0
46546000,0,0
46548000,0,0
46550000,0,0
46552000,0,0
46554000,0,0
46556000,0,0
46558000,0,0
46560000,0,0
46562000,0,0
46564000,0,0
46566000,0,0
46568000,0,0
46570000,0,0
46572000,0,0
46574000,0,0
46576000,0,0
46578000,0,0
46580000,0,0
46582000,0,0
46584000,0,0
46586000,0,0
46588000,0,0
46590000,0,0
46592000,0,0
46594000,0,0
46596000,0,0
46598000,0,0
46600000,0,0
46602000,0,0
46604000,0,0
46606000,0,0
46608000,0,0
46610000,0,0
46612000,0,0
46614000,0,0
46616000,0,0
46618000,0,0
46620000,0,0
46622000,0,0
46624000,0,0
46626000,0,0
46628000,0,0
46630000,0,0
46632000,0,0
46634000,0,0
46636000,0,0
46638000,0,0
46640000,0,0
46642000,0,0
46644000,0,0
46646000,0,0
46648000,0,0
46650000,0,0
46652000,0,0
46654000,0,0
46656000,0,0
46658000,0,0
46660000,0,0
46662000,0,0
46664000,0,0
46666000,0,0
46668000,0,0
46670000,0,0
46672000,0,0
46674000,0,0
46676000,0,0
46678000,0,0
46680000,0,0
46682000,0,0
46684000,0,0
46686000,0,0
46688000,0,0
46690000,0,0
46692000,0,0
46694000,0,0
46696000,0,0
46698000,0,0
46700000,0,0
46702000,0,0
46704000,0,0
46706000,0,0
46708000,0,0
46710000,0,0
46712000,0,0
46714000,0,0
46716000,0,0
46718000,0,0
46720000,0,0
46722000,0,0
46724000,0,0
46726000,0,0
46728000,0,0
46730000,0,0
46732000,0,0
46734000,0,0
46736000,0,0
46738000,0,0
46740000,0,0
46742000,0,0
46744000,0,0
46746000,0,0
46748000,0,0
46750000,0,0
46752000,0,0
46754000,0,0
46756000,0,0
46758000,0,0
46760000,0,0
46762000,0,0
46764000,0,0
46766000,0,0
46768000,0,0
46770000,0,0
46772000,0,0
46774000,0,0
46776000,0,0
46778000,0,0
46780000,0,0
46782000,0,0
46784000,0,0
46786000,0,0
46788000,0,0
46790000,0,0
46792000,0,0
46794000,0,0
46796000,0,0
46798000,0,0
46800000,0,0
46802000,0,0
46804000,0,0
46806000,0,0
46808000,0,0
46810000,0,0
46812000,0,0
46814000,0,0
46816000,0,0
46818000,0,0
46820000,0,0
46822000,0,0
46824000,0,0
46826000,0,0
46828000,0,0
46830000,0,0
46832000,0,0
46834000,0,0
46836000,0,0
46838000,0,0
46840000,0,0
46842000,0,0
46844000,0,0
46846000,0,0
46848000,0,0
46850000,0,0
46852000,0,0
46854000,0,0
46856000,0,0
46858000,0,0
46860000,0,0
46862000,0,0
46864000,0,0
46866000,0,0
46868000,0,0
46870000,0,0
46872000,0,0
46874000,0,0
46876000,0,0
46878000,0,0
46880000,0,0
46882000,0,0
46884000,0,0
46886000,0,0
46888000,0,0
46890000,0,0
46892000,0,0
46894000,0,0
46896000,0,0
46898000,0,0
46900000,0,0
46902000,0,0
46904000,0,0
46906000,0,0
46908000,0,0
46910000,0,0
46912000,0,0
46914000,0,0
46916000,0,0
46918000,0,0
46920000,0,0
46922000,0,0
46924000,0,0
46926000,0,0
46928000,0,0
46930000,0,0
46932000,0,0
46934000,0,0
46936000,0,0
46938000,0,0
46940000,0,0
46942000,0,0
46944000,0,0
46946000,0,0
46948000,0,0
46950000,0,0
46952000,0,0
46954000,0,0
46956000,0,0
46958000,0,0
46960000,0,0
46962000,0,0
46964000,0,0
46966000,0,0
46968000,0,0
46970000,0,0
46972000,0,0
46974000,0,0
46976000,0,0
46978000,0,0
46980000,0,0
46982000,0,0
46984000,0,0
46986000,0,0
46988000,0,0
46990000,0,0
46992000,0,0
46994000,0,0
46996000,0,0
46998000,0,0
47000000,0,0
47002000,0,0
47004000,0,0
47006000,0,0
47008000,0,0
47010000,0,0
47012000,0,0
47014000,0,0
47016000,0,0
47018000,0,0
47020000,0,0
47022000,0,0
47024000,0,0
47026000,0,0
47028000,0,0
47030000,0,0
47032000,0,0
47034000,0,0
47036000,0,0
47038000,0,0
47040000,0,0
47042000,0,0
47044000,0,0
47046000,0,0
47048000,0,0
47050000,0,0
47052000,0,0
47054000,0,0
47056000,0,0
47058000,0,0
47060000,0,0
47062000,0,0
47064000,0,0
47066000,0,0
47068000,0,0
47070000,0,0
47072000,0,0
47074000,0,0
47076000,0,0
47078000,0,0
47080000,0,0
47082000,0,0
47084000,0,0
47086000,0,0
47088000,0,0
47090000,0,0
47092000,0,0
47094000,0,0
47096000,0,0
47098000,0,0
47100000,0,0
47102000,0,0
47104000,0,0
47106000,0,0
47108000,0,0
47110000,0,0
47112000,0,0
47114000,0,0
47116000,0,0
47118000,0,0
47120000,0,0
47122000,0,0
47124000,0,0
47126000,0,0
47128000,0,0
47130000,0,0
47132000,0,0
47134000,0,0
47136000,0,0
47138000,0,0
47140000,0,0
47142000,0,0
47144000,0,0
47146000,0,0
47148000,0,0
47150000,0,0
47152000,0,0
47154000,0,0
47156000,0,0
47158000,0,0
47160000,0,0
47162000,0,0
47164000,0,0
47166000,0,0
47168000,0,0
47170000,0,0
47172000,0,0
47174000,0,0
47176000,0,0
47178000,0,0
47180000,0,0
47182000,0,0
47184000,0,0
47186000,0,0
47188000,0,0
47190000,0,0
47192000,0,0
47194000,0,0
47196000,0,0
47198000,0,0
47200000,0,0
47202000,0,0
47204000,0,0
47206000,0,0
47208000,0,0
47210000,0,0
47212000,0,0
47214000,0,0
47216000,0,0
47218000,0,0
47220000,0,0
47222000,0,0
47224000,0,0
47226000,0,0
47228000,0,0
47230000,0,0
47232000,0,0
47234000,0,0
47236000,0,0
47238000,0,0
47240000,0,0
47242000,0,0
47244000,0,0
47246000,0,0
47248000,0,0
47250000,0,0
47252000,0,0
47254000,0,0
47256000,0,0
47258000,0,0
47260000,0,0
47262000,0,0
47264000,0,0
47266000,0,0
47268000,0,0
47270000,0,0
47272000,0,0
47274000,0,0
47276000,0,0
47278000,0,0
47280000,0,0
47282000,0,0
47284000,0,0
47286000,0,0
47288000,0,0
47290000,0,0
47292000,0,0
47294000,0,0
47296000,0,0
47298000,0,0
47300000,0,0
47302000,0,0
47304000,0,0
47306000,0,0
47308000,0,0
47310000,0,0
47312000,0,0
47314000,0,0
47316000,0,0
47318000,0,0
47320000,0,0
47322000,0,0
47324000,0,0
47326000,0,0
47328000,0,0
47330000,0,0
47332000,0,0
47334000,0,0
47336000,0,0
47338000,0,0
47340000,0,0
47342000,0,0
47344000,0,0
47346000,0,0
47348000,0,0
47350000,0,0
47352000,0,0
47354000,0,0
47356000,0,0
47358000,0,0
47360000,0,0
47362000,0,0
47364000,0,0
47366000,0,0
47368000,0,0
47370000,0,0
47372000,0,0
47374000,0,0
47376000,0,0
47378000,0,0
47380000,0,0
47382000,0,0
47384000,0,0
47386000,0,0
47388000,0,0
47390000,0,0
47392000,0,0
47394000,0,0
47396000,0,0
47398000,0,0
47400000,0,0
47402000,0,0
47404000,0,0
47406000,0,0
47408000,0,0
47410000,0,0
47412000,0,0
47414000,0,0
47416000,0,0
47418000,0,0
47420000,0,0
47422000,0,0
47424000,0,0
47426000,0,0
47428000,0,0
47430000,0,0
47432000,0,0
47434000,0,0
47436000,0,0
47438000,0,0
47440000,0,0
47442000,0,0
47444000,0,0
47446000,0,0
47448000,0,0
47450000,0,0
47452000,0,0
47454000,0,0
47456000,0,0
47458000,0,0
47460000,0,0
47462000,0,0
47464000,0,0
47466000,0,0
47468000,0,0
47470000,0,0
47472000,0,0
47474000,0,0
47476000,0,0
47478000,0,0
47480000,0,0
47482000,0,0
47484000,0,0
47486000,0,0
47488000,0,0
47490000,0,0
47492000,0,0
47494000,0,0
47496000,0,0
47498000,0,0
47500000,0,0
47502000,0,0
47504000,0,0
47506000,0,0
47508000,0,0
47510000,0,0
47512000,0,0
47514000,0,0
47516000,0,0
47518000,0,0
47520000,0,0
47522000,0,0
47524000,0,0
47526000,0,0
47528000,0,0
47530000,0,0
47532000,0,0
47534000,0,0
47536000,0,0
47538000,0,0
47540000,0,0
47542000,0,0
47544000,0,0
47546000,0,0
47548000,0,0
47550000,0,0
47552000,0,0
47554000,0,0
47556000,0,0
47558000,0,0
47560000,0,0
47562000,0,0
47564000,0,0
47566000,0,0
47568000,0,0
47570000,0,0
47572000,0,0
47574000,0,0
47576000,0,0
47578000,0,0
47580000,0,0
47582000,0,0
47584000,0,0
47586000,0,0
47588000,0,0
47590000,0,0
47592000,0,0
47594000,0,0
47596000,0,0
47598000,0,0
47600000,0,0
47602000,0,0
47604000,0,0
47606000,0,0
47608000,0,0
47610000,0,0
47612000,0,0
47614000,0,0
47616000,0,0
47618000,0,0
47620000,0,0
47622000,0,0
47624000,0,0
47626000,0,0
47628000,0,0
47630000,0,0
47632000,0,0
47634000,0,0
47636000,0,0
47638000,0,0
47640000,0,0
47642000,0,0
47644000,0,0
47646000,0,0
47648000,0,0
47650000,0,0
47652000,0,0
47654000,0,0
47656000,0,0
47658000,0,0
47660000,0,0
47662000,0,0
47664000,0,0
47666000,0,0
47668000,0,0
47670000,0,0
47672000,0,0
47674000,0,0
47676000,0,0
47678000,0,0
47680000,0,0
47682000,0,0
47684000,0,0
47686000,0,0
47688000,0,0
47690000,0,0
47692000,0,0
47694000,0,0
47696000,0,0
47698000,0,0
47700000,0,0
47702000,0,0
47704000,0,0
47706000,0,0
47708000,0,0
47710000,0,0
47712000,0,0
47714000,0,0
47716000,0,0
47718000,0,0
47720000,0,0
47722000,0,0
47724000,0,0
47726000,0,0
47728000,0,0
47730000,0,0
47732000,0,0
47734000,0,0
47736000,0,0
47738000,0,0
47740000,0,0
47742000,0,0
47744000,0,0
47746000,0,0
47748000,0,0
47750000,0,0
47752000,0,0
47754000,0,0
47756000,0,0
47758000,0,0
47760000,0,0
47762000,0,0
47764000,0,0
47766000,0,0
47768000,0,0
47770000,0,0
47772000,0,0
47774000,0,0
47776000,0,0
47778000,0,0
47780000,0,0
47782000,0,0
47784000,0,0
47786000,0,0
47788000,0,0
47790000,0,0
47792000,0,0
47794000,0,0
47796000,0,0
47798000,0,0
47800000,0,0
47802000,0,0
47804000,0,0
47806000,0,0
47808000,0,0
47810000,0,0
47812000,0,0
47814000,0,0
47816000,0,0
47818000,0,0
47820000,0,0
47822000,0,0
47824000,0,0
47826000,0,0
47828000,0,0
47830000,0,0
47832000,0,0
47834000,0,0
47836000,0,0
47838000,0,0
47840000,0,0
47842000,0,0
47844000,0,0
47846000,0,0
47848000,0,0
47850000,0,0
47852000,0,0
47854000,0,0
47856000,0,0
47858000,0,0
47860000,0,0
47862000,0,0
47864000,0,0
47866000,0,0
47868000,0,0
47870000,0,0
47872000,0,0
47874000,0,0
47876000,0,0
47878000,0,0
47880000,0,0
47882000,0,0
47884000,0,0
47886000,0,0
47888000,0,0
47890000,0,0
47892000,0,0
47894000,0,0
47896000,0,0
47898000,0,0
47900000,0,0
47902000,0,0
47904000,0,0
47906000,0,0
47908000,0,0
47910000,0,0
47912000,0,0
47914000,0,0
47916000,0,0
47918000,0,0
47920000,0,0
47922000,0,0
47924000,0,0
47926000,0,0
47928000,0,0
47930000,0,0
47932000,0,0
47934000,0,0
47936000,0,0
47938000,0,0
47940000,0,0
47942000,0,0
47944000,0,0
47946000,0,0
47948000,0,0
47950000,0,0
47952000,0,0
47954000,0,0
47956000,0,0
47958000,0,0
47960000,0,0
47962000,0,0
47964000,0,0
47966000,0,0
47968000,0,0
47970000,0,0
47972000,0,0
47974000,0,0
47976000,0,0
47978000,0,0
47980000,0,0
47982000,0,0
47984000,0,0
47986000,0,0
47988000,0,0
47990000,0,0
47992000,0,0
47994000,0,0
47996000,0,0
47998000,0,0
48000000,0,0
48002000,0,0
48004000,0,0
48006000,0,0
48008000,0,0
48010000,0,0
48012000,0,0
48014000,0,0
48016000,0,0
48018000,0,0
48020000,0,0
48022000,0,0
48024000,0,0
48026000,0,0
48028000,0,0
48030000,0,0
48032000,0,0
48034000,0,0
48036000,0,0
48038000,0,0
48040000,0,0
48042000,0,0
48044000,0,0
48046000,0,0
48048000,0,0
48050000,0,0
48052000,0,0
48054000,0,0
48056000,0,0
48058000,0,0
48060000,0,0
48062000,0,0
48064000,0,0
48066000,0,0
48068000,0,0
48070000,0,0
48072000,0,0
48074000,0,0
48076000,0,0
48078000,0,0
48080000,0,0
48082000,0,0
48084000,0,0
48086000,0,0
48088000,0,0
48090000,0,0
48092000,0,0
48094000,0,0
48096000,0,0
48098000,0,0
48100000,0,0
48102000,0,0
48104000,0,0
48106000,0,0
48108000,0,0
48110000,0,0
48112000,0,0
48114000,0,0
48116000,0,0
48118000,0,0
48120000,0,0
48122000,0,0
48124000,0,0
48126000,0,0
48128000,0,0
48130000,0,0
48132000,0,0
48134000,0,0
48136000,0,0
48138000,0,0
48140000,0,0
48142000,0,0
48144000,0,0
48146000,0,0
48148000,0,0
48150000,0,0
48152000,0,0
48154000,0,0
48156000,0,0
48158000,0,0
48160000,0,0
48162000,0,0
48164000,0,0
48166000,0,0
48168000,0,0
48170000,0,0
48172000,0,0
48174000,0,0
48176000,0,0
48178000,0,0
48180000,0,0
48182000,0,0
48184000,0,0
48186000,0,0
48188000,0,0
48190000,0,0
48192000,0,0
48194000,0,0
48196000,0,0
48198000,0,0
48200000,0,0
48202000,0,0
48204000,0,0
48206000,0,0
48208000,0,0
48210000,0,0
48212000,0,0
48214000,0,0
48216000,0,0
48218000,0,0
48220000,0,0
48222000,0,0
48224000,0,0
48226000,0,0
48228000,0,0
48230000,0,0
48232000,0,0
48234000,0,0
48236000,0,0
48238000,0,0
48240000,0,0
48242000,0,0
48244000,0,0
48246000,0,0
48248000,0,0
48250000,0,0
48252000,0,0
48254000,0,0
48256000,0,0
48258000,0,0
48260000,0,0
48262000,0,0
48264000,0,0
48266000,0,0
48268000,0,0
48270000,0,0
48272000,0,0
48274000,0,0
48276000,0,0
48278000,0,0
48280000,0,0
48282000,0,0
48284000,0,0
48286000,0,0
48288000,0,0
48290000,0,0
48292000,0,0
48294000,0,0
48296000,0,0
48298000,0,0
48300000,0,0
48302000,0,0
48304000,0,0
48306000,0,0
48308000,0,0
48310000,0,0
48312000,0,0
48314000,0,0
48316000,0,0
48318000,0,0
48320000,0,0
48322000,0,0
48324000,0,0
48326000,0,0
48328000,0,0
48330000,0,0
48332000,0,0
48334000,0,0
48336000,0,0
48338000,0,0
48340000,0,0
48342000,0,0
48344000,0,0
48346000,0,0
48348000,0,0
48350000,0,0
48352000,0,0
48354000,0,0
48356000,0,0
48358000,0,0
48360000,0,0
48362000,0,0
48364000,0,0
48366000,0,0
48368000,0,0
48370000,0,0
48372000,0,0
48374000,0,0
48376000,0,0
48378000,0,0
48380000,0,0
48382000,0,0
48384000,0,0
48386000,0,0
48388000,0,0
48390000,0,0
48392000,0,0
48394000,0,0
48396000,0,0
48398000,0,0
48400000,0,0
48402000,0,0
48404000,0,0
48406000,0,0
48408000,0,0
48410000,0,0
48412000,0,0
48414000,0,0
48416000,0,0
48418000,0,0
48420000,0,0
48422000,0,0
48424000,0,0
48426000,0,0
48428000,0,0
48430000,0,0
48432000,0,0
48434000,0,0
48436000,0,0
48438000,0,0
48440000,0,0
48442000,0,0
48444000,0,0
48446000,0,0
48448000,0,0
48450000,0,0
48452000,0,0
48454000,0,0
48456000,0,0
48458000,0,0
48460000,0,0
48462000,0,0
48464000,0,0
48466000,0,0
48468000,0,0
48470000,0,0
48472000,0,0
48474000,0,0
48476000,0,0
48478000,0,0
48480000,0,0
48482000,0,0
48484000,0,0
48486000,0,0
48488000,0,0
48490000,0,0
48492000,0,0
48494000,0,0
48496000,0,0
48498000,0,0
48500000,0,0
48502000,0,0
48504000,0,0
48506000,0,0
48508000,0,0
48510000,0,0
48512000,0,0
48514000,0,0
48516000,0,0
48518000,0,0
48520000,0,0
48522000,0,0
48524000,0,0
48526000,0,0
48528000,0,0
48530000,0,0
48532000,0,0
48534000,0,0
48536000,0,0
48538000,0,0
48540000,0,0
48542000,0,0
48544000,0,0
48546000,0,0
48548000,0,0
48550000,0,0
48552000,0,0
48554000,0,0
48556000,0,0
48558000,0,0
48560000,0,0
48562000,0,0
48564000,0,0
48566000,0,0
48568000,0,0
48570000,0,0
48572000,0,0
48574000,0,0
48576000,0,0
48578000,0,0
48580000,0,0
48582000,0,0
48584000,0,0
48586000,0,0
48588000,0,0
48590000,0,0
48592000,0,0
48594000,0,0
48596000,0,0
48598000,0,0
48600000,0,0
48602000,0,0
48604000,0,0
48606000,0,0
48608000,0,0
48610000,0,0
48612000,0,0
48614000,0,0
48616000,0,0
48618000,0,0
48620000,0,0
48622000,0,0
48624000,0,0
48626000,0,0
48628000,0,0
48630000,0,0
48632000,0,0
48634000,0,0
48636000,0,0
48638000,0,0
48640000,0,0
48642000,0,0
48644000,0,0
48646000,0,0
48648000,0,0
48650000,0,0
48652000,0,0
48654000,0,0
48656000,0,0
48658000,0,0
48660000,0,0
48662000,0,0
