time_ns,generation,flow_id,old_rate_bps,rate_bps,stage,delta_prev_stage_ns,delta_from_command_ns,seq
100010000,1,0,160000000000,116799999999,rate_command,0,0,0
100010000,2,1,2100840336,2414374999,rate_command,0,0,0
100010000,3,2,2100840336,2414374999,rate_command,0,0,0
100010000,4,3,2100840336,2414374999,rate_command,0,0,0
100010000,5,4,2100840336,2414374999,rate_command,0,0,0
100010000,6,5,2100840336,2414374999,rate_command,0,0,0
100010000,7,6,2100840336,2414374999,rate_command,0,0,0
100010000,8,7,2100840336,2414374999,rate_command,0,0,0
100010000,9,8,2100840336,2414374999,rate_command,0,0,0
100010000,10,9,2100840336,2414374999,rate_command,0,0,0
100010000,11,10,2100840336,2414374999,rate_command,0,0,0
100010000,12,11,2100840336,2414374999,rate_command,0,0,0
100010000,13,12,2100840336,2414374999,rate_command,0,0,0
100010000,14,13,2100840336,2414374999,rate_command,0,0,0
100010000,15,14,2100840336,2414374999,rate_command,0,0,0
100010000,16,15,2100840336,2414374999,rate_command,0,0,0
100010000,17,16,2100840336,2414374999,rate_command,0,0,0
100010000,18,17,2100840336,2414374999,rate_command,0,0,0
100010000,19,18,2100840336,2414374999,rate_command,0,0,0
100010000,20,19,2100840336,2414374999,rate_command,0,0,0
100010000,21,20,2100840336,2414374999,rate_command,0,0,0
100010000,22,21,2100840336,2414374999,rate_command,0,0,0
100010000,23,22,2100840336,2414374999,rate_command,0,0,0
100010000,24,23,2100840336,2414374999,rate_command,0,0,0
100010000,25,24,2100840336,2414374999,rate_command,0,0,0
100010000,26,25,2100840336,2414374999,rate_command,0,0,0
100010000,27,26,2100840336,2414374999,rate_command,0,0,0
100010000,28,27,2100840336,2414374999,rate_command,0,0,0
100010000,29,28,2100840336,2414374999,rate_command,0,0,0
100010000,30,29,2100840336,2414374999,rate_command,0,0,0
100010000,30,29,0,2414374999,sender_rate_effect,0,0,1904
100010000,31,30,2100840336,2414374999,rate_command,0,0,0
100010000,31,30,0,2414374999,sender_rate_effect,0,0,1904
100010000,32,31,2100840336,2414374999,rate_command,0,0,0
100010000,32,31,0,2414374999,sender_rate_effect,0,0,1904
100010000,33,32,2100840336,2414374999,rate_command,0,0,0
100010000,33,32,0,2414374999,sender_rate_effect,0,0,1904
100010000,34,33,2100840336,2414374999,rate_command,0,0,0
100010000,34,33,0,2414374999,sender_rate_effect,0,0,1904
100010000,35,34,2100840336,2414374999,rate_command,0,0,0
100010000,35,34,0,2414374999,sender_rate_effect,0,0,1904
100010000,36,35,2100840336,2414374999,rate_command,0,0,0
100010000,36,35,0,2414374999,sender_rate_effect,0,0,1904
100010000,37,36,2100840336,2414374999,rate_command,0,0,0
100010000,37,36,0,2414374999,sender_rate_effect,0,0,1904
100010000,38,37,2100840336,2414374999,rate_command,0,0,0
100010000,38,37,0,2414374999,sender_rate_effect,0,0,1904
100010000,39,38,2100840336,2414374999,rate_command,0,0,0
100010000,39,38,0,2414374999,sender_rate_effect,0,0,1904
100010000,40,39,2100840336,2414374999,rate_command,0,0,0
100010000,40,39,0,2414374999,sender_rate_effect,0,0,1904
100010000,41,40,2100840336,2414374999,rate_command,0,0,0
100010000,42,41,2100840336,2414374999,rate_command,0,0,0
100010000,43,42,2100840336,2414374999,rate_command,0,0,0
100010000,44,43,2100840336,2414374999,rate_command,0,0,0
100010000,45,44,2100840336,2414374999,rate_command,0,0,0
100010000,46,45,2100840336,2414374999,rate_command,0,0,0
100010000,47,46,2100840336,2414374999,rate_command,0,0,0
100010000,48,47,2100840336,2414374999,rate_command,0,0,0
100010000,49,48,2100840336,2414374999,rate_command,0,0,0
100010000,50,49,2100840336,2414374999,rate_command,0,0,0
100010000,51,50,2100840336,2414374999,rate_command,0,0,0
100010000,52,51,2100840336,2414374999,rate_command,0,0,0
100010000,53,52,2100840336,2414374999,rate_command,0,0,0
100010000,54,53,2100840336,2414374999,rate_command,0,0,0
100010000,55,54,2100840336,2414374999,rate_command,0,0,0
100010000,56,55,2100840336,2414374999,rate_command,0,0,0
100010000,57,56,2100840336,2414374999,rate_command,0,0,0
100010000,58,57,2100840336,2414374999,rate_command,0,0,0
100010000,59,58,2100840336,2414374999,rate_command,0,0,0
100010000,60,59,2100840336,2414374999,rate_command,0,0,0
100010000,61,60,2100840336,2414374999,rate_command,0,0,0
100010000,62,61,2100840336,2414374999,rate_command,0,0,0
100010000,63,62,2100840336,2414374999,rate_command,0,0,0
100010000,64,63,2100840336,2414374999,rate_command,0,0,0
100010000,65,64,2100840336,2414374999,rate_command,0,0,0
100010040,1,0,0,116799999999,sender_rate_effect,40,0,1748281360
100010504,41,40,0,2414374999,sender_rate_effect,504,0,1904
100010547,42,41,0,2414374999,sender_rate_effect,547,0,1904
100010591,43,42,0,2414374999,sender_rate_effect,591,0,1904
100010634,44,43,0,2414374999,sender_rate_effect,634,0,1904
100010678,45,44,0,2414374999,sender_rate_effect,678,0,1904
100010721,46,45,0,2414374999,sender_rate_effect,721,0,1904
100010765,47,46,0,2414374999,sender_rate_effect,765,0,1904
100010808,48,47,0,2414374999,sender_rate_effect,808,0,1904
100010852,49,48,0,2414374999,sender_rate_effect,852,0,1904
100010895,50,49,0,2414374999,sender_rate_effect,895,0,1904
100010938,51,50,0,2414374999,sender_rate_effect,938,0,1904
100010982,52,51,0,2414374999,sender_rate_effect,982,0,1904
100011025,53,52,0,2414374999,sender_rate_effect,1025,0,1904
100011069,54,53,0,2414374999,sender_rate_effect,1069,0,1904
100011112,55,54,0,2414374999,sender_rate_effect,1112,0,1904
100011147,1,0,0,116799999999,arrival_at_bottleneck,1107,1147,1748281360
100011156,56,55,0,2414374999,sender_rate_effect,1156,0,1904
100011199,57,56,0,2414374999,sender_rate_effect,1199,0,1904
100011243,58,57,0,2414374999,sender_rate_effect,1243,0,1904
100011286,59,58,0,2414374999,sender_rate_effect,1286,0,1904
100011330,60,59,0,2414374999,sender_rate_effect,1330,0,1904
100011373,61,60,0,2414374999,sender_rate_effect,1373,0,1904
100011417,62,61,0,2414374999,sender_rate_effect,1417,0,1904
100011460,63,62,0,2414374999,sender_rate_effect,1460,0,1904
100011504,64,63,0,2414374999,sender_rate_effect,1504,0,1904
100011547,65,64,0,2414374999,sender_rate_effect,1547,0,1904
100011835,1,0,0,116799999999,first_affected_at_bottleneck,1795,1835,1748281360
100012618,2,1,0,2414374999,sender_rate_effect,2618,0,2856
100012661,3,2,0,2414374999,sender_rate_effect,2661,0,2856
100012704,4,3,0,2414374999,sender_rate_effect,2704,0,2856
100012748,5,4,0,2414374999,sender_rate_effect,2748,0,2856
100012791,6,5,0,2414374999,sender_rate_effect,2791,0,2856
100012835,7,6,0,2414374999,sender_rate_effect,2835,0,2856
100012878,8,7,0,2414374999,sender_rate_effect,2878,0,2856
100012922,9,8,0,2414374999,sender_rate_effect,2922,0,2856
100012965,10,9,0,2414374999,sender_rate_effect,2965,0,2856
100013009,11,10,0,2414374999,sender_rate_effect,3009,0,2856
100013052,12,11,0,2414374999,sender_rate_effect,3052,0,2856
100013096,13,12,0,2414374999,sender_rate_effect,3096,0,2856
100013139,14,13,0,2414374999,sender_rate_effect,3139,0,2856
100013183,15,14,0,2414374999,sender_rate_effect,3183,0,2856
100013226,16,15,0,2414374999,sender_rate_effect,3226,0,2856
100013270,17,16,0,2414374999,sender_rate_effect,3270,0,2856
100013313,18,17,0,2414374999,sender_rate_effect,3313,0,2856
100013356,19,18,0,2414374999,sender_rate_effect,3356,0,2856
100013400,20,19,0,2414374999,sender_rate_effect,3400,0,2856
100013443,21,20,0,2414374999,sender_rate_effect,3443,0,2856
100013487,22,21,0,2414374999,sender_rate_effect,3487,0,2856
100013530,23,22,0,2414374999,sender_rate_effect,3530,0,2856
100013574,24,23,0,2414374999,sender_rate_effect,3574,0,2856
100013617,25,24,0,2414374999,sender_rate_effect,3617,0,2856
100013661,26,25,0,2414374999,sender_rate_effect,3661,0,2856
100013704,27,26,0,2414374999,sender_rate_effect,3704,0,2856
100013748,28,27,0,2414374999,sender_rate_effect,3748,0,2856
100013791,29,28,0,2414374999,sender_rate_effect,3791,0,2856
100015000,66,0,116799999999,86559999999,rate_command,0,0,0
100015000,67,1,2100840336,2414374999,rate_command,0,0,0
100015000,68,2,2100840336,2414374999,rate_command,0,0,0
100015000,69,3,2100840336,2414374999,rate_command,0,0,0
100015000,70,4,2100840336,2414374999,rate_command,0,0,0
100015000,71,5,2100840336,2414374999,rate_command,0,0,0
100015000,72,6,2100840336,2414374999,rate_command,0,0,0
100015000,73,7,2100840336,2414374999,rate_command,0,0,0
100015000,74,8,2100840336,2414374999,rate_command,0,0,0
100015000,75,9,2100840336,2414374999,rate_command,0,0,0
100015000,76,10,2100840336,2414374999,rate_command,0,0,0
100015000,77,11,2100840336,2414374999,rate_command,0,0,0
100015000,78,12,2100840336,2414374999,rate_command,0,0,0
100015000,79,13,2100840336,2414374999,rate_command,0,0,0
100015000,80,14,2100840336,2414374999,rate_command,0,0,0
100015000,81,15,2100840336,2414374999,rate_command,0,0,0
100015000,82,16,2100840336,2414374999,rate_command,0,0,0
100015000,83,17,2100840336,2414374999,rate_command,0,0,0
100015000,84,18,2100840336,2414374999,rate_command,0,0,0
100015000,85,19,2100840336,2414374999,rate_command,0,0,0
100015000,86,20,2100840336,2414374999,rate_command,0,0,0
100015000,87,21,2100840336,2414374999,rate_command,0,0,0
100015000,88,22,2100840336,2414374999,rate_command,0,0,0
100015000,89,23,2100840336,2414374999,rate_command,0,0,0
100015000,90,24,2100840336,2414374999,rate_command,0,0,0
100015000,91,25,2100840336,2414374999,rate_command,0,0,0
100015000,92,26,2100840336,2414374999,rate_command,0,0,0
100015000,93,27,2100840336,2414374999,rate_command,0,0,0
100015000,94,28,2100840336,2414374999,rate_command,0,0,0
100015000,95,29,2100840336,2414374999,rate_command,0,0,0
100015000,96,30,2100840336,2414374999,rate_command,0,0,0
100015000,97,31,2100840336,2414374999,rate_command,0,0,0
100015000,98,32,2100840336,2414374999,rate_command,0,0,0
100015000,99,33,2100840336,2414374999,rate_command,0,0,0
100015000,100,34,2100840336,2414374999,rate_command,0,0,0
100015000,101,35,2100840336,2414374999,rate_command,0,0,0
100015000,102,36,2100840336,2414374999,rate_command,0,0,0
100015000,103,37,2100840336,2414374999,rate_command,0,0,0
100015000,104,38,2100840336,2414374999,rate_command,0,0,0
100015000,105,39,2100840336,2414374999,rate_command,0,0,0
100015000,106,40,2100840336,2414374999,rate_command,0,0,0
100015000,107,41,2100840336,2414374999,rate_command,0,0,0
100015000,108,42,2100840336,2414374999,rate_command,0,0,0
100015000,109,43,2100840336,2414374999,rate_command,0,0,0
100015000,110,44,2100840336,2414374999,rate_command,0,0,0
100015000,111,45,2100840336,2414374999,rate_command,0,0,0
100015000,112,46,2100840336,2414374999,rate_command,0,0,0
100015000,113,47,2100840336,2414374999,rate_command,0,0,0
100015000,114,48,2100840336,2414374999,rate_command,0,0,0
100015000,115,49,2100840336,2414374999,rate_command,0,0,0
100015000,116,50,2100840336,2414374999,rate_command,0,0,0
100015000,117,51,2100840336,2414374999,rate_command,0,0,0
100015000,118,52,2100840336,2414374999,rate_command,0,0,0
100015000,119,53,2100840336,2414374999,rate_command,0,0,0
100015000,120,54,2100840336,2414374999,rate_command,0,0,0
100015000,121,55,2100840336,2414374999,rate_command,0,0,0
100015000,122,56,2100840336,2414374999,rate_command,0,0,0
100015000,122,56,0,2414374999,sender_rate_effect,0,0,2856
100015000,123,57,2100840336,2414374999,rate_command,0,0,0
100015000,123,57,0,2414374999,sender_rate_effect,0,0,2856
100015000,124,58,2100840336,2414374999,rate_command,0,0,0
100015000,124,58,0,2414374999,sender_rate_effect,0,0,2856
100015000,125,59,2100840336,2414374999,rate_command,0,0,0
100015000,125,59,0,2414374999,sender_rate_effect,0,0,2856
100015000,126,60,2100840336,2414374999,rate_command,0,0,0
100015000,126,60,0,2414374999,sender_rate_effect,0,0,2856
100015000,127,61,2100840336,2414374999,rate_command,0,0,0
100015000,127,61,0,2414374999,sender_rate_effect,0,0,2856
100015000,128,62,2100840336,2414374999,rate_command,0,0,0
100015000,128,62,0,2414374999,sender_rate_effect,0,0,2856
100015000,129,63,2100840336,2414374999,rate_command,0,0,0
100015000,129,63,0,2414374999,sender_rate_effect,0,0,2856
100015000,130,64,2100840336,2414374999,rate_command,0,0,0
100015000,130,64,0,2414374999,sender_rate_effect,0,0,2856
100015028,66,0,0,86559999999,sender_rate_effect,28,0,1748350856
100016159,66,0,0,86559999999,arrival_at_bottleneck,1131,1159,1748350856
100016427,67,1,0,2414374999,sender_rate_effect,1427,0,3808
100016470,68,2,0,2414374999,sender_rate_effect,1470,0,3808
100016513,69,3,0,2414374999,sender_rate_effect,1513,0,3808
100016557,70,4,0,2414374999,sender_rate_effect,1557,0,3808
100016600,71,5,0,2414374999,sender_rate_effect,1600,0,3808
100016644,72,6,0,2414374999,sender_rate_effect,1644,0,3808
100016687,73,7,0,2414374999,sender_rate_effect,1687,0,3808
100016731,74,8,0,2414374999,sender_rate_effect,1731,0,3808
100016774,75,9,0,2414374999,sender_rate_effect,1774,0,3808
100016818,76,10,0,2414374999,sender_rate_effect,1818,0,3808
100016861,77,11,0,2414374999,sender_rate_effect,1861,0,3808
100016905,78,12,0,2414374999,sender_rate_effect,1905,0,3808
100016948,79,13,0,2414374999,sender_rate_effect,1948,0,3808
100016992,80,14,0,2414374999,sender_rate_effect,1992,0,3808
100017035,81,15,0,2414374999,sender_rate_effect,2035,0,3808
100017079,82,16,0,2414374999,sender_rate_effect,2079,0,3808
100017122,83,17,0,2414374999,sender_rate_effect,2122,0,3808
100017165,84,18,0,2414374999,sender_rate_effect,2165,0,3808
100017209,85,19,0,2414374999,sender_rate_effect,2209,0,3808
100017252,86,20,0,2414374999,sender_rate_effect,2252,0,3808
100017296,87,21,0,2414374999,sender_rate_effect,2296,0,3808
100017339,88,22,0,2414374999,sender_rate_effect,2339,0,3808
100017383,89,23,0,2414374999,sender_rate_effect,2383,0,3808
100017426,90,24,0,2414374999,sender_rate_effect,2426,0,3808
100017470,91,25,0,2414374999,sender_rate_effect,2470,0,3808
100017513,92,26,0,2414374999,sender_rate_effect,2513,0,3808
100017557,93,27,0,2414374999,sender_rate_effect,2557,0,3808
100017600,94,28,0,2414374999,sender_rate_effect,2600,0,3808
100017618,95,29,0,2414374999,sender_rate_effect,2618,0,3808
100017618,96,30,0,2414374999,sender_rate_effect,2618,0,3808
100017618,97,31,0,2414374999,sender_rate_effect,2618,0,3808
100017618,98,32,0,2414374999,sender_rate_effect,2618,0,3808
100017618,99,33,0,2414374999,sender_rate_effect,2618,0,3808
100017618,100,34,0,2414374999,sender_rate_effect,2618,0,3808
100017618,101,35,0,2414374999,sender_rate_effect,2618,0,3808
100017618,102,36,0,2414374999,sender_rate_effect,2618,0,3808
100017618,103,37,0,2414374999,sender_rate_effect,2618,0,3808
100017618,104,38,0,2414374999,sender_rate_effect,2618,0,3808
100017618,105,39,0,2414374999,sender_rate_effect,2618,0,3808
100018122,106,40,0,2414374999,sender_rate_effect,3122,0,3808
100018165,107,41,0,2414374999,sender_rate_effect,3165,0,3808
100018209,108,42,0,2414374999,sender_rate_effect,3209,0,3808
100018252,109,43,0,2414374999,sender_rate_effect,3252,0,3808
100018270,66,0,0,86559999999,first_affected_at_bottleneck,3242,3270,1748350856
100018296,110,44,0,2414374999,sender_rate_effect,3296,0,3808
100018339,111,45,0,2414374999,sender_rate_effect,3339,0,3808
100018383,112,46,0,2414374999,sender_rate_effect,3383,0,3808
100018426,113,47,0,2414374999,sender_rate_effect,3426,0,3808
100018470,114,48,0,2414374999,sender_rate_effect,3470,0,3808
100018513,115,49,0,2414374999,sender_rate_effect,3513,0,3808
100018556,116,50,0,2414374999,sender_rate_effect,3556,0,3808
100018600,117,51,0,2414374999,sender_rate_effect,3600,0,3808
100018643,118,52,0,2414374999,sender_rate_effect,3643,0,3808
100018687,119,53,0,2414374999,sender_rate_effect,3687,0,3808
100018730,120,54,0,2414374999,sender_rate_effect,3730,0,3808
100018774,121,55,0,2414374999,sender_rate_effect,3774,0,3808
100018926,30,29,0,2414374999,arrival_at_bottleneck,8926,8926,1904
100018926,31,30,0,2414374999,arrival_at_bottleneck,8926,8926,1904
100018926,33,32,0,2414374999,arrival_at_bottleneck,8926,8926,1904
100018947,32,31,0,2414374999,arrival_at_bottleneck,8947,8947,1904
100018965,34,33,0,2414374999,arrival_at_bottleneck,8965,8965,1904
100018965,35,34,0,2414374999,arrival_at_bottleneck,8965,8965,1904
100018986,36,35,0,2414374999,arrival_at_bottleneck,8986,8986,1904
100019004,40,39,0,2414374999,arrival_at_bottleneck,9004,9004,1904
100019004,38,37,0,2414374999,arrival_at_bottleneck,9004,9004,1904
100019025,39,38,0,2414374999,arrival_at_bottleneck,9025,9025,1904
100019064,37,36,0,2414374999,arrival_at_bottleneck,9064,9064,1904
100019430,41,40,0,2414374999,arrival_at_bottleneck,8926,9430,1904
100019473,42,41,0,2414374999,arrival_at_bottleneck,8926,9473,1904
100019517,43,42,0,2414374999,arrival_at_bottleneck,8926,9517,1904
100019560,44,43,0,2414374999,arrival_at_bottleneck,8926,9560,1904
100019604,45,44,0,2414374999,arrival_at_bottleneck,8926,9604,1904
100019647,46,45,0,2414374999,arrival_at_bottleneck,8926,9647,1904
100019691,47,46,0,2414374999,arrival_at_bottleneck,8926,9691,1904
100019734,48,47,0,2414374999,arrival_at_bottleneck,8926,9734,1904
100019778,49,48,0,2414374999,arrival_at_bottleneck,8926,9778,1904
100019821,50,49,0,2414374999,arrival_at_bottleneck,8926,9821,1904
100019864,51,50,0,2414374999,arrival_at_bottleneck,8926,9864,1904
100019908,52,51,0,2414374999,arrival_at_bottleneck,8926,9908,1904
100019951,53,52,0,2414374999,arrival_at_bottleneck,8926,9951,1904
100019995,54,53,0,2414374999,arrival_at_bottleneck,8926,9995,1904
100020000,131,0,86559999999,65391999999,rate_command,0,0,0
100020000,132,1,2100840336,2414374999,rate_command,0,0,0
100020000,132,1,0,2414374999,sender_rate_effect,0,0,4760
100020000,133,2,2100840336,2414374999,rate_command,0,0,0
100020000,133,2,0,2414374999,sender_rate_effect,0,0,4760
100020000,134,3,2100840336,2414374999,rate_command,0,0,0
100020000,134,3,0,2414374999,sender_rate_effect,0,0,4760
100020000,135,4,2100840336,2414374999,rate_command,0,0,0
100020000,135,4,0,2414374999,sender_rate_effect,0,0,4760
100020000,136,5,2100840336,2414374999,rate_command,0,0,0
100020000,136,5,0,2414374999,sender_rate_effect,0,0,4760
100020000,137,6,2100840336,2414374999,rate_command,0,0,0
100020000,137,6,0,2414374999,sender_rate_effect,0,0,4760
100020000,138,7,2100840336,2414374999,rate_command,0,0,0
100020000,139,8,2100840336,2414374999,rate_command,0,0,0
100020000,140,9,2100840336,2414374999,rate_command,0,0,0
100020000,141,10,2100840336,2414374999,rate_command,0,0,0
100020000,142,11,2100840336,2414374999,rate_command,0,0,0
100020000,143,12,2100840336,2414374999,rate_command,0,0,0
100020000,144,13,2100840336,2414374999,rate_command,0,0,0
100020000,145,14,2100840336,2414374999,rate_command,0,0,0
100020000,146,15,2100840336,2414374999,rate_command,0,0,0
100020000,147,16,2100840336,2414374999,rate_command,0,0,0
100020000,148,17,2100840336,2414374999,rate_command,0,0,0
100020000,149,18,2100840336,2414374999,rate_command,0,0,0
100020000,150,19,2100840336,2414374999,rate_command,0,0,0
100020000,151,20,2100840336,2414374999,rate_command,0,0,0
100020000,152,21,2100840336,2414374999,rate_command,0,0,0
100020000,153,22,2100840336,2414374999,rate_command,0,0,0
100020000,154,23,2100840336,2414374999,rate_command,0,0,0
100020000,155,24,2100840336,2414374999,rate_command,0,0,0
100020000,156,25,2100840336,2414374999,rate_command,0,0,0
100020000,157,26,2100840336,2414374999,rate_command,0,0,0
100020000,158,27,2100840336,2414374999,rate_command,0,0,0
100020000,159,28,2100840336,2414374999,rate_command,0,0,0
100020000,160,29,2100840336,2414374999,rate_command,0,0,0
100020000,161,30,2100840336,2414374999,rate_command,0,0,0
100020000,162,31,2100840336,2414374999,rate_command,0,0,0
100020000,163,32,2100840336,2414374999,rate_command,0,0,0
100020000,164,33,2100840336,2414374999,rate_command,0,0,0
100020000,165,34,2100840336,2414374999,rate_command,0,0,0
100020000,166,35,2100840336,2414374999,rate_command,0,0,0
100020000,167,36,2100840336,2414374999,rate_command,0,0,0
100020000,168,37,2100840336,2414374999,rate_command,0,0,0
100020000,169,38,2100840336,2414374999,rate_command,0,0,0
100020000,170,39,2100840336,2414374999,rate_command,0,0,0
100020000,171,40,2100840336,2414374999,rate_command,0,0,0
100020000,172,41,2100840336,2414374999,rate_command,0,0,0
100020000,173,42,2100840336,2414374999,rate_command,0,0,0
100020000,174,43,2100840336,2414374999,rate_command,0,0,0
100020000,175,44,2100840336,2414374999,rate_command,0,0,0
100020000,176,45,2100840336,2414374999,rate_command,0,0,0
100020000,177,46,2100840336,2414374999,rate_command,0,0,0
100020000,178,47,2100840336,2414374999,rate_command,0,0,0
100020000,179,48,2100840336,2414374999,rate_command,0,0,0
100020000,180,49,2100840336,2414374999,rate_command,0,0,0
100020000,181,50,2100840336,2414374999,rate_command,0,0,0
100020000,182,51,2100840336,2414374999,rate_command,0,0,0
100020000,183,52,2100840336,2414374999,rate_command,0,0,0
100020000,184,53,2100840336,2414374999,rate_command,0,0,0
100020000,185,54,2100840336,2414374999,rate_command,0,0,0
100020000,186,55,2100840336,2414374999,rate_command,0,0,0
100020000,187,56,2100840336,2414374999,rate_command,0,0,0
100020000,188,57,2100840336,2414374999,rate_command,0,0,0
100020000,189,58,2100840336,2414374999,rate_command,0,0,0
100020000,190,59,2100840336,2414374999,rate_command,0,0,0
100020000,191,60,2100840336,2414374999,rate_command,0,0,0
100020000,192,61,2100840336,2414374999,rate_command,0,0,0
100020000,193,62,2100840336,2414374999,rate_command,0,0,0
100020000,194,63,2100840336,2414374999,rate_command,0,0,0
100020000,195,64,2100840336,2414374999,rate_command,0,0,0
100020038,55,54,0,2414374999,arrival_at_bottleneck,8926,10038,1904
100020082,56,55,0,2414374999,arrival_at_bottleneck,8926,10082,1904
100020117,57,56,0,2414374999,arrival_at_bottleneck,8918,10117,1904
100020117,58,57,0,2414374999,arrival_at_bottleneck,8874,10117,1904
100020117,60,59,0,2414374999,arrival_at_bottleneck,8787,10117,1904
100020118,131,0,0,65391999999,sender_rate_effect,118,0,1748403216
100020121,61,60,0,2414374999,arrival_at_bottleneck,8748,10121,1904
100020156,59,58,0,2414374999,arrival_at_bottleneck,8870,10156,1904
100020156,64,63,0,2414374999,arrival_at_bottleneck,8652,10156,1904
100020160,62,61,0,2414374999,arrival_at_bottleneck,8743,10160,1904
100020195,65,64,0,2414374999,arrival_at_bottleneck,8648,10195,1904
100020199,63,62,0,2414374999,arrival_at_bottleneck,8739,10199,1904
100020491,138,7,0,2414374999,sender_rate_effect,491,0,4760
100020535,139,8,0,2414374999,sender_rate_effect,535,0,4760
100020578,140,9,0,2414374999,sender_rate_effect,578,0,4760
100020622,141,10,0,2414374999,sender_rate_effect,622,0,4760
100020665,142,11,0,2414374999,sender_rate_effect,665,0,4760
100020709,143,12,0,2414374999,sender_rate_effect,709,0,4760
100020752,144,13,0,2414374999,sender_rate_effect,752,0,4760
100020796,145,14,0,2414374999,sender_rate_effect,796,0,4760
100020839,146,15,0,2414374999,sender_rate_effect,839,0,4760
100020883,147,16,0,2414374999,sender_rate_effect,883,0,4760
100020926,148,17,0,2414374999,sender_rate_effect,926,0,4760
100020969,149,18,0,2414374999,sender_rate_effect,969,0,4760
100021013,150,19,0,2414374999,sender_rate_effect,1013,0,4760
100021039,30,29,0,2414374999,first_affected_at_bottleneck,11039,11039,1904
100021056,151,20,0,2414374999,sender_rate_effect,1056,0,4760
100021078,31,30,0,2414374999,first_affected_at_bottleneck,11078,11078,1904
100021100,152,21,0,2414374999,sender_rate_effect,1100,0,4760
100021117,33,32,0,2414374999,first_affected_at_bottleneck,11117,11117,1904
100021143,153,22,0,2414374999,sender_rate_effect,1143,0,4760
100021156,32,31,0,2414374999,first_affected_at_bottleneck,11156,11156,1904
100021187,154,23,0,2414374999,sender_rate_effect,1187,0,4760
100021195,34,33,0,2414374999,first_affected_at_bottleneck,11195,11195,1904
100021230,155,24,0,2414374999,sender_rate_effect,1230,0,4760
100021234,35,34,0,2414374999,first_affected_at_bottleneck,11234,11234,1904
100021273,36,35,0,2414374999,first_affected_at_bottleneck,11273,11273,1904
100021274,156,25,0,2414374999,sender_rate_effect,1274,0,4760
100021279,131,0,0,65391999999,arrival_at_bottleneck,1161,1279,1748403216
100021312,40,39,0,2414374999,first_affected_at_bottleneck,11312,11312,1904
100021317,157,26,0,2414374999,sender_rate_effect,1317,0,4760
100021351,38,37,0,2414374999,first_affected_at_bottleneck,11351,11351,1904
100021361,158,27,0,2414374999,sender_rate_effect,1361,0,4760
100021404,159,28,0,2414374999,sender_rate_effect,1404,0,4760
100021422,160,29,0,2414374999,sender_rate_effect,1422,0,4760
100021422,161,30,0,2414374999,sender_rate_effect,1422,0,4760
100021422,162,31,0,2414374999,sender_rate_effect,1422,0,4760
100021422,163,32,0,2414374999,sender_rate_effect,1422,0,4760
100021422,164,33,0,2414374999,sender_rate_effect,1422,0,4760
100021422,165,34,0,2414374999,sender_rate_effect,1422,0,4760
100021422,166,35,0,2414374999,sender_rate_effect,1422,0,4760
100021422,167,36,0,2414374999,sender_rate_effect,1422,0,4760
100021422,168,37,0,2414374999,sender_rate_effect,1422,0,4760
100021422,169,38,0,2414374999,sender_rate_effect,1422,0,4760
100021422,170,39,0,2414374999,sender_rate_effect,1422,0,4760
100021429,39,38,0,2414374999,first_affected_at_bottleneck,11429,11429,1904
100021468,37,36,0,2414374999,first_affected_at_bottleneck,11468,11468,1904
100021544,2,1,0,2414374999,arrival_at_bottleneck,8926,11544,2856
100021587,3,2,0,2414374999,arrival_at_bottleneck,8926,11587,2856
100021630,4,3,0,2414374999,arrival_at_bottleneck,8926,11630,2856
100021663,41,40,0,2414374999,first_affected_at_bottleneck,11159,11663,1904
100021674,5,4,0,2414374999,arrival_at_bottleneck,8926,11674,2856
100021717,6,5,0,2414374999,arrival_at_bottleneck,8926,11717,2856
100021741,42,41,0,2414374999,first_affected_at_bottleneck,11194,11741,1904
100021761,7,6,0,2414374999,arrival_at_bottleneck,8926,11761,2856
100021780,43,42,0,2414374999,first_affected_at_bottleneck,11189,11780,1904
100021804,8,7,0,2414374999,arrival_at_bottleneck,8926,11804,2856
100021819,44,43,0,2414374999,first_affected_at_bottleneck,11185,11819,1904
100021848,9,8,0,2414374999,arrival_at_bottleneck,8926,11848,2856
100021891,10,9,0,2414374999,arrival_at_bottleneck,8926,11891,2856
100021897,45,44,0,2414374999,first_affected_at_bottleneck,11219,11897,1904
100021926,171,40,0,2414374999,sender_rate_effect,1926,0,4760
100021935,11,10,0,2414374999,arrival_at_bottleneck,8926,11935,2856
100021936,46,45,0,2414374999,first_affected_at_bottleneck,11215,11936,1904
100021969,172,41,0,2414374999,sender_rate_effect,1969,0,4760
100021978,12,11,0,2414374999,arrival_at_bottleneck,8926,11978,2856
100022013,173,42,0,2414374999,sender_rate_effect,2013,0,4760
100022014,47,46,0,2414374999,first_affected_at_bottleneck,11249,12014,1904
100022022,13,12,0,2414374999,arrival_at_bottleneck,8926,12022,2856
100022053,48,47,0,2414374999,first_affected_at_bottleneck,11245,12053,1904
100022056,174,43,0,2414374999,sender_rate_effect,2056,0,4760
100022065,14,13,0,2414374999,arrival_at_bottleneck,8926,12065,2856
100022100,175,44,0,2414374999,sender_rate_effect,2100,0,4760
100022109,15,14,0,2414374999,arrival_at_bottleneck,8926,12109,2856
100022131,49,48,0,2414374999,first_affected_at_bottleneck,11279,12131,1904
100022143,176,45,0,2414374999,sender_rate_effect,2143,0,4760
100022152,16,15,0,2414374999,arrival_at_bottleneck,8926,12152,2856
100022170,50,49,0,2414374999,first_affected_at_bottleneck,11275,12170,1904
100022187,177,46,0,2414374999,sender_rate_effect,2187,0,4760
100022196,17,16,0,2414374999,arrival_at_bottleneck,8926,12196,2856
100022230,178,47,0,2414374999,sender_rate_effect,2230,0,4760
100022239,18,17,0,2414374999,arrival_at_bottleneck,8926,12239,2856
100022248,51,50,0,2414374999,first_affected_at_bottleneck,11310,12248,1904
100022274,179,48,0,2414374999,sender_rate_effect,2274,0,4760
100022282,19,18,0,2414374999,arrival_at_bottleneck,8926,12282,2856
100022287,52,51,0,2414374999,first_affected_at_bottleneck,11305,12287,1904
100022317,180,49,0,2414374999,sender_rate_effect,2317,0,4760
100022326,20,19,0,2414374999,arrival_at_bottleneck,8926,12326,2856
100022360,181,50,0,2414374999,sender_rate_effect,2360,0,4760
100022365,53,52,0,2414374999,first_affected_at_bottleneck,11340,12365,1904
100022369,21,20,0,2414374999,arrival_at_bottleneck,8926,12369,2856
100022404,182,51,0,2414374999,sender_rate_effect,2404,0,4760
100022404,54,53,0,2414374999,first_affected_at_bottleneck,11335,12404,1904
100022413,22,21,0,2414374999,arrival_at_bottleneck,8926,12413,2856
100022447,183,52,0,2414374999,sender_rate_effect,2447,0,4760
100022456,23,22,0,2414374999,arrival_at_bottleneck,8926,12456,2856
100022482,55,54,0,2414374999,first_affected_at_bottleneck,11370,12482,1904
100022491,184,53,0,2414374999,sender_rate_effect,2491,0,4760
100022500,24,23,0,2414374999,arrival_at_bottleneck,8926,12500,2856
100022521,56,55,0,2414374999,first_affected_at_bottleneck,11365,12521,1904
100022534,185,54,0,2414374999,sender_rate_effect,2534,0,4760
100022543,25,24,0,2414374999,arrival_at_bottleneck,8926,12543,2856
100022578,186,55,0,2414374999,sender_rate_effect,2578,0,4760
100022587,26,25,0,2414374999,arrival_at_bottleneck,8926,12587,2856
100022599,57,56,0,2414374999,first_affected_at_bottleneck,11400,12599,1904
100022613,187,56,0,2414374999,sender_rate_effect,2613,0,4760
100022613,188,57,0,2414374999,sender_rate_effect,2613,0,4760
100022613,189,58,0,2414374999,sender_rate_effect,2613,0,4760
100022613,190,59,0,2414374999,sender_rate_effect,2613,0,4760
100022613,191,60,0,2414374999,sender_rate_effect,2613,0,4760
100022613,192,61,0,2414374999,sender_rate_effect,2613,0,4760
100022613,193,62,0,2414374999,sender_rate_effect,2613,0,4760
100022613,194,63,0,2414374999,sender_rate_effect,2613,0,4760
100022613,195,64,0,2414374999,sender_rate_effect,2613,0,4760
100022630,27,26,0,2414374999,arrival_at_bottleneck,8926,12630,2856
100022638,58,57,0,2414374999,first_affected_at_bottleneck,11395,12638,1904
100022674,28,27,0,2414374999,arrival_at_bottleneck,8926,12674,2856
100022677,60,59,0,2414374999,first_affected_at_bottleneck,11347,12677,1904
100022716,61,60,0,2414374999,first_affected_at_bottleneck,11343,12716,1904
100022717,29,28,0,2414374999,arrival_at_bottleneck,8926,12717,2856
100022755,59,58,0,2414374999,first_affected_at_bottleneck,11469,12755,1904
100022794,64,63,0,2414374999,first_affected_at_bottleneck,11290,12794,1904
100022833,62,61,0,2414374999,first_affected_at_bottleneck,11416,12833,1904
100022872,65,64,0,2414374999,first_affected_at_bottleneck,11325,12872,1904
100022911,63,62,0,2414374999,first_affected_at_bottleneck,11451,12911,1904
100023379,131,0,0,65391999999,first_affected_at_bottleneck,3261,3379,1748403216
100023496,2,1,0,2414374999,first_affected_at_bottleneck,10878,13496,2856
100023535,3,2,0,2414374999,first_affected_at_bottleneck,10874,13535,2856
100023574,4,3,0,2414374999,first_affected_at_bottleneck,10870,13574,2856
100023652,5,4,0,2414374999,first_affected_at_bottleneck,10904,13652,2856
100023691,6,5,0,2414374999,first_affected_at_bottleneck,10900,13691,2856
100023730,7,6,0,2414374999,first_affected_at_bottleneck,10895,13730,2856
100023808,8,7,0,2414374999,first_affected_at_bottleneck,10930,13808,2856
100023847,9,8,0,2414374999,first_affected_at_bottleneck,10925,13847,2856
100023925,10,9,0,2414374999,first_affected_at_bottleneck,10960,13925,2856
100023926,122,56,0,2414374999,arrival_at_bottleneck,8926,8926,2856
100023926,123,57,0,2414374999,arrival_at_bottleneck,8926,8926,2856
100023926,125,59,0,2414374999,arrival_at_bottleneck,8926,8926,2856
100023930,126,60,0,2414374999,arrival_at_bottleneck,8930,8930,2856
100023964,11,10,0,2414374999,first_affected_at_bottleneck,10955,13964,2856
100023965,124,58,0,2414374999,arrival_at_bottleneck,8965,8965,2856
100023965,129,63,0,2414374999,arrival_at_bottleneck,8965,8965,2856
100023969,127,61,0,2414374999,arrival_at_bottleneck,8969,8969,2856
100024003,12,11,0,2414374999,first_affected_at_bottleneck,10951,14003,2856
100024004,130,64,0,2414374999,arrival_at_bottleneck,9004,9004,2856
100024008,128,62,0,2414374999,arrival_at_bottleneck,9008,9008,2856
100024081,13,12,0,2414374999,first_affected_at_bottleneck,10985,14081,2856
100024120,14,13,0,2414374999,first_affected_at_bottleneck,10981,14120,2856
100024159,15,14,0,2414374999,first_affected_at_bottleneck,10976,14159,2856
100024237,16,15,0,2414374999,first_affected_at_bottleneck,11011,14237,2856
100024276,17,16,0,2414374999,first_affected_at_bottleneck,11006,14276,2856
100024315,18,17,0,2414374999,first_affected_at_bottleneck,11002,14315,2856
100024393,19,18,0,2414374999,first_affected_at_bottleneck,11037,14393,2856
100024432,20,19,0,2414374999,first_affected_at_bottleneck,11032,14432,2856
100024471,21,20,0,2414374999,first_affected_at_bottleneck,11028,14471,2856
100024549,22,21,0,2414374999,first_affected_at_bottleneck,11062,14549,2856
100024588,23,22,0,2414374999,first_affected_at_bottleneck,11058,14588,2856
100024666,24,23,0,2414374999,first_affected_at_bottleneck,11092,14666,2856
100024705,25,24,0,2414374999,first_affected_at_bottleneck,11088,14705,2856
100024744,26,25,0,2414374999,first_affected_at_bottleneck,11083,14744,2856
100024822,27,26,0,2414374999,first_affected_at_bottleneck,11118,14822,2856
100024861,28,27,0,2414374999,first_affected_at_bottleneck,11113,14861,2856
100024900,29,28,0,2414374999,first_affected_at_bottleneck,11109,14900,2856
100025000,196,0,65391999999,50574399999,rate_command,0,0,0
100025000,197,1,2103250000,2415808749,rate_command,0,0,0
100025000,198,2,2103250000,2415808749,rate_command,0,0,0
100025000,199,3,2103250000,2415808749,rate_command,0,0,0
100025000,200,4,2103250000,2415808749,rate_command,0,0,0
100025000,201,5,2103250000,2415808749,rate_command,0,0,0
100025000,202,6,2103250000,2415808749,rate_command,0,0,0
100025000,203,7,2103250000,2415808749,rate_command,0,0,0
100025000,204,8,2103250000,2415808749,rate_command,0,0,0
100025000,205,9,2103250000,2415808749,rate_command,0,0,0
100025000,206,10,2103250000,2415808749,rate_command,0,0,0
100025000,207,11,2103250000,2415808749,rate_command,0,0,0
100025000,208,12,2103250000,2415808749,rate_command,0,0,0
100025000,209,13,2103250000,2415808749,rate_command,0,0,0
100025000,210,14,2103250000,2415808749,rate_command,0,0,0
100025000,211,15,2103250000,2415808749,rate_command,0,0,0
100025000,212,16,2103250000,2415808749,rate_command,0,0,0
100025000,213,17,2103250000,2415808749,rate_command,0,0,0
100025000,214,18,2103250000,2415808749,rate_command,0,0,0
100025000,215,19,2103250000,2415808749,rate_command,0,0,0
100025000,216,20,2103250000,2415808749,rate_command,0,0,0
100025000,217,21,2103250000,2415808749,rate_command,0,0,0
100025000,218,22,2103250000,2415808749,rate_command,0,0,0
100025000,219,23,2103250000,2415808749,rate_command,0,0,0
100025000,220,24,2103250000,2415808749,rate_command,0,0,0
100025000,220,24,0,2415808749,sender_rate_effect,0,0,5712
100025000,221,25,2103250000,2415808749,rate_command,0,0,0
100025000,221,25,0,2415808749,sender_rate_effect,0,0,5712
100025000,222,26,2103250000,2415808749,rate_command,0,0,0
100025000,222,26,0,2415808749,sender_rate_effect,0,0,5712
100025000,223,27,2103250000,2415808749,rate_command,0,0,0
100025000,223,27,0,2415808749,sender_rate_effect,0,0,5712
100025000,224,28,2103250000,2415808749,rate_command,0,0,0
100025000,224,28,0,2415808749,sender_rate_effect,0,0,5712
100025000,225,29,2103250000,2415808749,rate_command,0,0,0
100025000,225,29,0,2415808749,sender_rate_effect,0,0,5712
100025000,226,30,2103250000,2415808749,rate_command,0,0,0
100025000,226,30,0,2415808749,sender_rate_effect,0,0,5712
100025000,227,31,2103250000,2415808749,rate_command,0,0,0
100025000,227,31,0,2415808749,sender_rate_effect,0,0,5712
100025000,228,32,2103250000,2415808749,rate_command,0,0,0
100025000,228,32,0,2415808749,sender_rate_effect,0,0,5712
100025000,229,33,2103250000,2415808749,rate_command,0,0,0
100025000,229,33,0,2415808749,sender_rate_effect,0,0,5712
100025000,230,34,2103250000,2415808749,rate_command,0,0,0
100025000,230,34,0,2415808749,sender_rate_effect,0,0,5712
100025000,231,35,2103250000,2415808749,rate_command,0,0,0
100025000,231,35,0,2415808749,sender_rate_effect,0,0,5712
100025000,232,36,2103250000,2415808749,rate_command,0,0,0
100025000,232,36,0,2415808749,sender_rate_effect,0,0,5712
100025000,233,37,2103250000,2415808749,rate_command,0,0,0
100025000,233,37,0,2415808749,sender_rate_effect,0,0,5712
100025000,234,38,2103250000,2415808749,rate_command,0,0,0
100025000,234,38,0,2415808749,sender_rate_effect,0,0,5712
100025000,235,39,2103250000,2415808749,rate_command,0,0,0
100025000,235,39,0,2415808749,sender_rate_effect,0,0,5712
100025000,236,40,2103250000,2415808749,rate_command,0,0,0
100025000,237,41,2103250000,2415808749,rate_command,0,0,0
100025000,238,42,2103250000,2415808749,rate_command,0,0,0
100025000,239,43,2103250000,2415808749,rate_command,0,0,0
100025000,240,44,2103250000,2415808749,rate_command,0,0,0
100025000,241,45,2103250000,2415808749,rate_command,0,0,0
100025000,242,46,2103250000,2415808749,rate_command,0,0,0
100025000,243,47,2103250000,2415808749,rate_command,0,0,0
100025000,244,48,2103250000,2415808749,rate_command,0,0,0
100025000,245,49,2103250000,2415808749,rate_command,0,0,0
100025000,246,50,2103250000,2415808749,rate_command,0,0,0
100025000,247,51,2103250000,2415808749,rate_command,0,0,0
100025000,248,52,2103250000,2415808749,rate_command,0,0,0
100025000,249,53,2103250000,2415808749,rate_command,0,0,0
100025000,250,54,2103250000,2415808749,rate_command,0,0,0
100025000,251,55,2103250000,2415808749,rate_command,0,0,0
100025000,252,56,2103250000,2415808749,rate_command,0,0,0
100025000,253,57,2103250000,2415808749,rate_command,0,0,0
100025000,254,58,2103250000,2415808749,rate_command,0,0,0
100025000,255,59,2103250000,2415808749,rate_command,0,0,0
100025000,256,60,2103250000,2415808749,rate_command,0,0,0
100025000,257,61,2103250000,2415808749,rate_command,0,0,0
100025000,258,62,2103250000,2415808749,rate_command,0,0,0
100025000,259,63,2103250000,2415808749,rate_command,0,0,0
100025000,260,64,2103250000,2415808749,rate_command,0,0,0
100025117,67,1,0,2414374999,arrival_at_bottleneck,8690,10117,3808
100025117,70,4,0,2414374999,arrival_at_bottleneck,8560,10117,3808
100025117,72,6,0,2414374999,arrival_at_bottleneck,8473,10117,3808
100025156,71,5,0,2414374999,arrival_at_bottleneck,8556,10156,3808
100025156,196,0,0,50574399999,sender_rate_effect,156,0,1748442248
100025195,68,2,0,2414374999,arrival_at_bottleneck,8725,10195,3808
100025234,69,3,0,2414374999,arrival_at_bottleneck,8721,10234,3808
100025353,236,40,0,2415808749,sender_rate_effect,353,0,5712
100025396,237,41,0,2415808749,sender_rate_effect,396,0,5712
100025440,238,42,0,2415808749,sender_rate_effect,440,0,5712
100025483,239,43,0,2415808749,sender_rate_effect,483,0,5712
100025527,240,44,0,2415808749,sender_rate_effect,527,0,5712
100025570,241,45,0,2415808749,sender_rate_effect,570,0,5712
100025608,73,7,0,2414374999,arrival_at_bottleneck,8921,10608,3808
100025614,242,46,0,2415808749,sender_rate_effect,614,0,5712
100025652,74,8,0,2414374999,arrival_at_bottleneck,8921,10652,3808
100025657,243,47,0,2415808749,sender_rate_effect,657,0,5712
100025695,75,9,0,2414374999,arrival_at_bottleneck,8921,10695,3808
100025701,244,48,0,2415808749,sender_rate_effect,701,0,5712
100025739,76,10,0,2414374999,arrival_at_bottleneck,8921,10739,3808
100025744,245,49,0,2415808749,sender_rate_effect,744,0,5712
100025782,77,11,0,2414374999,arrival_at_bottleneck,8921,10782,3808
100025787,246,50,0,2415808749,sender_rate_effect,787,0,5712
100025826,78,12,0,2414374999,arrival_at_bottleneck,8921,10826,3808
100025831,247,51,0,2415808749,sender_rate_effect,831,0,5712
100025869,79,13,0,2414374999,arrival_at_bottleneck,8921,10869,3808
100025874,248,52,0,2415808749,sender_rate_effect,874,0,5712
100025913,80,14,0,2414374999,arrival_at_bottleneck,8921,10913,3808
100025918,249,53,0,2415808749,sender_rate_effect,918,0,5712
100025956,81,15,0,2414374999,arrival_at_bottleneck,8921,10956,3808
100025961,250,54,0,2415808749,sender_rate_effect,961,0,5712
100026000,82,16,0,2414374999,arrival_at_bottleneck,8921,11000,3808
100026005,251,55,0,2415808749,sender_rate_effect,1005,0,5712
100026040,252,56,0,2415808749,sender_rate_effect,1040,0,5712
100026040,253,57,0,2415808749,sender_rate_effect,1040,0,5712
100026040,254,58,0,2415808749,sender_rate_effect,1040,0,5712
100026040,255,59,0,2415808749,sender_rate_effect,1040,0,5712
100026040,256,60,0,2415808749,sender_rate_effect,1040,0,5712
100026040,257,61,0,2415808749,sender_rate_effect,1040,0,5712
100026040,258,62,0,2415808749,sender_rate_effect,1040,0,5712
100026040,259,63,0,2415808749,sender_rate_effect,1040,0,5712
100026040,260,64,0,2415808749,sender_rate_effect,1040,0,5712
100026043,83,17,0,2414374999,arrival_at_bottleneck,8921,11043,3808
100026086,84,18,0,2414374999,arrival_at_bottleneck,8921,11086,3808
100026130,85,19,0,2414374999,arrival_at_bottleneck,8921,11130,3808
100026173,86,20,0,2414374999,arrival_at_bottleneck,8921,11173,3808
100026217,87,21,0,2414374999,arrival_at_bottleneck,8921,11217,3808
100026260,88,22,0,2414374999,arrival_at_bottleneck,8921,11260,3808
100026304,89,23,0,2414374999,arrival_at_bottleneck,8921,11304,3808
100026347,90,24,0,2414374999,arrival_at_bottleneck,8921,11347,3808
100026353,196,0,0,50574399999,arrival_at_bottleneck,1197,1353,1748442248
100026382,122,56,0,2414374999,first_affected_at_bottleneck,11382,11382,2856
100026391,91,25,0,2414374999,arrival_at_bottleneck,8921,11391,3808
100026421,123,57,0,2414374999,first_affected_at_bottleneck,11421,11421,2856
100026434,92,26,0,2414374999,arrival_at_bottleneck,8921,11434,3808
100026460,125,59,0,2414374999,first_affected_at_bottleneck,11460,11460,2856
100026478,93,27,0,2414374999,arrival_at_bottleneck,8921,11478,3808
100026499,126,60,0,2414374999,first_affected_at_bottleneck,11499,11499,2856
100026521,94,28,0,2414374999,arrival_at_bottleneck,8921,11521,3808
100026539,95,29,0,2414374999,arrival_at_bottleneck,8921,11539,3808
100026539,96,30,0,2414374999,arrival_at_bottleneck,8921,11539,3808
100026539,98,32,0,2414374999,arrival_at_bottleneck,8921,11539,3808
100026560,97,31,0,2414374999,arrival_at_bottleneck,8942,11560,3808
100026577,124,58,0,2414374999,first_affected_at_bottleneck,11577,11577,2856
100026578,99,33,0,2414374999,arrival_at_bottleneck,8960,11578,3808
100026578,100,34,0,2414374999,arrival_at_bottleneck,8960,11578,3808
100026599,101,35,0,2414374999,arrival_at_bottleneck,8981,11599,3808
100026616,129,63,0,2414374999,first_affected_at_bottleneck,11616,11616,2856
100026617,105,39,0,2414374999,arrival_at_bottleneck,8999,11617,3808
100026617,103,37,0,2414374999,arrival_at_bottleneck,8999,11617,3808
100026638,104,38,0,2414374999,arrival_at_bottleneck,9020,11638,3808
100026655,127,61,0,2414374999,first_affected_at_bottleneck,11655,11655,2856
100026677,102,36,0,2414374999,arrival_at_bottleneck,9059,11677,3808
100026694,130,64,0,2414374999,first_affected_at_bottleneck,11694,11694,2856
100026733,128,62,0,2414374999,first_affected_at_bottleneck,11733,11733,2856
100027043,106,40,0,2414374999,arrival_at_bottleneck,8921,12043,3808
100027086,107,41,0,2414374999,arrival_at_bottleneck,8921,12086,3808
100027123,67,1,0,2414374999,first_affected_at_bottleneck,10696,12123,3808
100027130,108,42,0,2414374999,arrival_at_bottleneck,8921,12130,3808
100027162,70,4,0,2414374999,first_affected_at_bottleneck,10605,12162,3808
100027173,109,43,0,2414374999,arrival_at_bottleneck,8921,12173,3808
100027201,72,6,0,2414374999,first_affected_at_bottleneck,10557,12201,3808
100027217,110,44,0,2414374999,arrival_at_bottleneck,8921,12217,3808
100027231,197,1,0,2415808749,sender_rate_effect,2231,0,6664
100027231,198,2,0,2415808749,sender_rate_effect,2231,0,6664
100027231,199,3,0,2415808749,sender_rate_effect,2231,0,6664
100027231,200,4,0,2415808749,sender_rate_effect,2231,0,6664
100027231,201,5,0,2415808749,sender_rate_effect,2231,0,6664
100027231,202,6,0,2415808749,sender_rate_effect,2231,0,6664
100027240,71,5,0,2414374999,first_affected_at_bottleneck,10640,12240,3808
100027260,111,45,0,2414374999,arrival_at_bottleneck,8921,12260,3808
100027304,112,46,0,2414374999,arrival_at_bottleneck,8921,12304,3808
100027318,68,2,0,2414374999,first_affected_at_bottleneck,10848,12318,3808
100027347,113,47,0,2414374999,arrival_at_bottleneck,8921,12347,3808
100027357,69,3,0,2414374999,first_affected_at_bottleneck,10844,12357,3808
100027391,114,48,0,2414374999,arrival_at_bottleneck,8921,12391,3808
100027434,115,49,0,2414374999,arrival_at_bottleneck,8921,12434,3808
100027477,116,50,0,2414374999,arrival_at_bottleneck,8921,12477,3808
100027513,73,7,0,2414374999,first_affected_at_bottleneck,10826,12513,3808
100027521,117,51,0,2414374999,arrival_at_bottleneck,8921,12521,3808
100027552,74,8,0,2414374999,first_affected_at_bottleneck,10821,12552,3808
100027564,118,52,0,2414374999,arrival_at_bottleneck,8921,12564,3808
100027608,119,53,0,2414374999,arrival_at_bottleneck,8921,12608,3808
100027630,75,9,0,2414374999,first_affected_at_bottleneck,10856,12630,3808
100027651,120,54,0,2414374999,arrival_at_bottleneck,8921,12651,3808
100027669,76,10,0,2414374999,first_affected_at_bottleneck,10851,12669,3808
100027695,121,55,0,2414374999,arrival_at_bottleneck,8921,12695,3808
100027708,77,11,0,2414374999,first_affected_at_bottleneck,10847,12708,3808
100027722,203,7,0,2415808749,sender_rate_effect,2722,0,6664
100027766,204,8,0,2415808749,sender_rate_effect,2766,0,6664
100027786,78,12,0,2414374999,first_affected_at_bottleneck,10881,12786,3808
100027809,205,9,0,2415808749,sender_rate_effect,2809,0,6664
100027825,79,13,0,2414374999,first_affected_at_bottleneck,10877,12825,3808
100027853,206,10,0,2415808749,sender_rate_effect,2853,0,6664
100027864,80,14,0,2414374999,first_affected_at_bottleneck,10872,12864,3808
100027896,207,11,0,2415808749,sender_rate_effect,2896,0,6664
100027940,208,12,0,2415808749,sender_rate_effect,2940,0,6664
100027942,81,15,0,2414374999,first_affected_at_bottleneck,10907,12942,3808
100027981,82,16,0,2414374999,first_affected_at_bottleneck,10902,12981,3808
100027983,209,13,0,2415808749,sender_rate_effect,2983,0,6664
100028027,210,14,0,2415808749,sender_rate_effect,3027,0,6664
100028059,83,17,0,2414374999,first_affected_at_bottleneck,10937,13059,3808
100028070,211,15,0,2415808749,sender_rate_effect,3070,0,6664
100028098,84,18,0,2414374999,first_affected_at_bottleneck,10933,13098,3808
100028114,212,16,0,2415808749,sender_rate_effect,3114,0,6664
100028137,85,19,0,2414374999,first_affected_at_bottleneck,10928,13137,3808
100028157,213,17,0,2415808749,sender_rate_effect,3157,0,6664
100028176,86,20,0,2414374999,first_affected_at_bottleneck,10924,13176,3808
100028200,214,18,0,2415808749,sender_rate_effect,3200,0,6664
100028244,215,19,0,2415808749,sender_rate_effect,3244,0,6664
100028254,87,21,0,2414374999,first_affected_at_bottleneck,10958,13254,3808
100028287,216,20,0,2415808749,sender_rate_effect,3287,0,6664
100028293,88,22,0,2414374999,first_affected_at_bottleneck,10954,13293,3808
100028331,217,21,0,2415808749,sender_rate_effect,3331,0,6664
100028332,89,23,0,2414374999,first_affected_at_bottleneck,10949,13332,3808
100028371,90,24,0,2414374999,first_affected_at_bottleneck,10945,13371,3808
100028374,218,22,0,2415808749,sender_rate_effect,3374,0,6664
100028410,196,0,0,50574399999,first_affected_at_bottleneck,3254,3410,1748442248
100028418,219,23,0,2415808749,sender_rate_effect,3418,0,6664
100028449,91,25,0,2414374999,first_affected_at_bottleneck,10979,13449,3808
100028488,92,26,0,2414374999,first_affected_at_bottleneck,10975,13488,3808
100028527,93,27,0,2414374999,first_affected_at_bottleneck,10970,13527,3808
100028605,94,28,0,2414374999,first_affected_at_bottleneck,11005,13605,3808
100028644,95,29,0,2414374999,first_affected_at_bottleneck,11026,13644,3808
100028683,96,30,0,2414374999,first_affected_at_bottleneck,11065,13683,3808
100028722,98,32,0,2414374999,first_affected_at_bottleneck,11104,13722,3808
100028761,97,31,0,2414374999,first_affected_at_bottleneck,11143,13761,3808
100028800,99,33,0,2414374999,first_affected_at_bottleneck,11182,13800,3808
100028839,100,34,0,2414374999,first_affected_at_bottleneck,11221,13839,3808
100028878,101,35,0,2414374999,first_affected_at_bottleneck,11260,13878,3808
100028917,105,39,0,2414374999,first_affected_at_bottleneck,11299,13917,3808
100028921,132,1,0,2414374999,arrival_at_bottleneck,8921,8921,4760
100028921,135,4,0,2414374999,arrival_at_bottleneck,8921,8921,4760
100028921,137,6,0,2414374999,arrival_at_bottleneck,8921,8921,4760
100028956,103,37,0,2414374999,first_affected_at_bottleneck,11338,13956,3808
100028960,136,5,0,2414374999,arrival_at_bottleneck,8960,8960,4760
100028995,104,38,0,2414374999,first_affected_at_bottleneck,11377,13995,3808
100028999,133,2,0,2414374999,arrival_at_bottleneck,8999,8999,4760
100029038,134,3,0,2414374999,arrival_at_bottleneck,9038,9038,4760
100029073,102,36,0,2414374999,first_affected_at_bottleneck,11455,14073,3808
100029190,106,40,0,2414374999,first_affected_at_bottleneck,11068,14190,3808
100029229,107,41,0,2414374999,first_affected_at_bottleneck,11064,14229,3808
100029268,108,42,0,2414374999,first_affected_at_bottleneck,11059,14268,3808
100029346,109,43,0,2414374999,first_affected_at_bottleneck,11094,14346,3808
100029385,110,44,0,2414374999,first_affected_at_bottleneck,11089,14385,3808
100029412,138,7,0,2414374999,arrival_at_bottleneck,8921,9412,4760
100029424,111,45,0,2414374999,first_affected_at_bottleneck,11085,14424,3808
100029456,139,8,0,2414374999,arrival_at_bottleneck,8921,9456,4760
100029499,140,9,0,2414374999,arrival_at_bottleneck,8921,9499,4760
100029502,112,46,0,2414374999,first_affected_at_bottleneck,11119,14502,3808
100029541,113,47,0,2414374999,first_affected_at_bottleneck,11115,14541,3808
100029543,141,10,0,2414374999,arrival_at_bottleneck,8921,9543,4760
100029580,114,48,0,2414374999,first_affected_at_bottleneck,11110,14580,3808
100029586,142,11,0,2414374999,arrival_at_bottleneck,8921,9586,4760
100029619,115,49,0,2414374999,first_affected_at_bottleneck,11106,14619,3808
100029630,143,12,0,2414374999,arrival_at_bottleneck,8921,9630,4760
100029673,144,13,0,2414374999,arrival_at_bottleneck,8921,9673,4760
100029697,116,50,0,2414374999,first_affected_at_bottleneck,11141,14697,3808
100029717,145,14,0,2414374999,arrival_at_bottleneck,8921,9717,4760
100029736,117,51,0,2414374999,first_affected_at_bottleneck,11136,14736,3808
100029760,146,15,0,2414374999,arrival_at_bottleneck,8921,9760,4760
100029775,118,52,0,2414374999,first_affected_at_bottleneck,11132,14775,3808
100029804,147,16,0,2414374999,arrival_at_bottleneck,8921,9804,4760
100029814,119,53,0,2414374999,first_affected_at_bottleneck,11127,14814,3808
100029847,148,17,0,2414374999,arrival_at_bottleneck,8921,9847,4760
100029890,149,18,0,2414374999,arrival_at_bottleneck,8921,9890,4760
100029892,120,54,0,2414374999,first_affected_at_bottleneck,11162,14892,3808
100029931,121,55,0,2414374999,first_affected_at_bottleneck,11157,14931,3808
100029934,150,19,0,2414374999,arrival_at_bottleneck,8921,9934,4760
100029977,151,20,0,2414374999,arrival_at_bottleneck,8921,9977,4760
100030000,261,0,50574399999,40202079999,rate_command,0,0,0
100030000,262,1,2334775000,2553566124,rate_command,0,0,0
100030000,263,2,2334775000,2553566124,rate_command,0,0,0
100030000,264,3,2334775000,2553566124,rate_command,0,0,0
100030000,265,4,2334775000,2553566124,rate_command,0,0,0
100030000,266,5,2334775000,2553566124,rate_command,0,0,0
100030000,267,6,2334775000,2553566124,rate_command,0,0,0
100030000,268,7,2334775000,2553566124,rate_command,0,0,0
100030000,269,8,2334775000,2553566124,rate_command,0,0,0
100030000,270,9,2334775000,2553566124,rate_command,0,0,0
100030000,271,10,2334775000,2553566124,rate_command,0,0,0
100030000,272,11,2334775000,2553566124,rate_command,0,0,0
100030000,273,12,2334775000,2553566124,rate_command,0,0,0
100030000,274,13,2334775000,2553566124,rate_command,0,0,0
100030000,275,14,2334775000,2553566124,rate_command,0,0,0
100030000,276,15,2334775000,2553566124,rate_command,0,0,0
100030000,277,16,2334775000,2553566124,rate_command,0,0,0
100030000,278,17,2334775000,2553566124,rate_command,0,0,0
100030000,279,18,2334775000,2553566124,rate_command,0,0,0
100030000,280,19,2334775000,2553566124,rate_command,0,0,0
100030000,281,20,2334775000,2553566124,rate_command,0,0,0
100030000,282,21,2334775000,2553566124,rate_command,0,0,0
100030000,283,22,2334775000,2553566124,rate_command,0,0,0
100030000,284,23,2334775000,2553566124,rate_command,0,0,0
100030000,285,24,2334775000,2553566124,rate_command,0,0,0
100030000,286,25,2334775000,2553566124,rate_command,0,0,0
100030000,287,26,2334775000,2553566124,rate_command,0,0,0
100030000,288,27,2334775000,2553566124,rate_command,0,0,0
100030000,289,28,2334775000,2553566124,rate_command,0,0,0
100030000,290,29,2334775000,2553566124,rate_command,0,0,0
100030000,291,30,2334775000,2553566124,rate_command,0,0,0
100030000,292,31,2334775000,2553566124,rate_command,0,0,0
100030000,293,32,2334775000,2553566124,rate_command,0,0,0
100030000,294,33,2334775000,2553566124,rate_command,0,0,0
100030000,295,34,2334775000,2553566124,rate_command,0,0,0
100030000,296,35,2334775000,2553566124,rate_command,0,0,0
100030000,297,36,2334775000,2553566124,rate_command,0,0,0
100030000,298,37,2334775000,2553566124,rate_command,0,0,0
100030000,299,38,2334775000,2553566124,rate_command,0,0,0
100030000,300,39,2334775000,2553566124,rate_command,0,0,0
100030000,301,40,2334775000,2553566124,rate_command,0,0,0
100030000,302,41,2334775000,2553566124,rate_command,0,0,0
100030000,303,42,2334775000,2553566124,rate_command,0,0,0
100030000,304,43,2334775000,2553566124,rate_command,0,0,0
100030000,305,44,2334775000,2553566124,rate_command,0,0,0
100030000,306,45,2334775000,2553566124,rate_command,0,0,0
100030000,307,46,2334775000,2553566124,rate_command,0,0,0
100030000,308,47,2334775000,2553566124,rate_command,0,0,0
100030000,309,48,2334775000,2553566124,rate_command,0,0,0
100030000,310,49,2334775000,2553566124,rate_command,0,0,0
100030000,311,50,2334775000,2553566124,rate_command,0,0,0
100030000,312,51,2334775000,2553566124,rate_command,0,0,0
100030000,313,52,2334775000,2553566124,rate_command,0,0,0
100030000,314,53,2334775000,2553566124,rate_command,0,0,0
100030000,315,54,2334775000,2553566124,rate_command,0,0,0
100030000,316,55,2334775000,2553566124,rate_command,0,0,0
100030000,317,56,2334775000,2553566124,rate_command,0,0,0
100030000,318,57,2334775000,2553566124,rate_command,0,0,0
100030000,319,58,2334775000,2553566124,rate_command,0,0,0
100030000,320,59,2334775000,2553566124,rate_command,0,0,0
100030000,321,60,2334775000,2553566124,rate_command,0,0,0
100030000,322,61,2334775000,2553566124,rate_command,0,0,0
100030000,323,62,2334775000,2553566124,rate_command,0,0,0
100030000,324,63,2334775000,2553566124,rate_command,0,0,0
100030000,325,64,2334775000,2553566124,rate_command,0,0,0
100030021,152,21,0,2414374999,arrival_at_bottleneck,8921,10021,4760
100030064,153,22,0,2414374999,arrival_at_bottleneck,8921,10064,4760
100030094,261,0,0,40202079999,sender_rate_effect,94,0,1748471760
100030108,154,23,0,2414374999,arrival_at_bottleneck,8921,10108,4760
100030117,155,24,0,2414374999,arrival_at_bottleneck,8887,10117,4760
100030117,156,25,0,2414374999,arrival_at_bottleneck,8843,10117,4760
100030117,157,26,0,2414374999,arrival_at_bottleneck,8800,10117,4760
100030147,163,32,0,2414374999,arrival_at_bottleneck,8725,10147,4760
100030156,161,30,0,2414374999,arrival_at_bottleneck,8734,10156,4760
100030156,160,29,0,2414374999,arrival_at_bottleneck,8734,10156,4760
100030156,162,31,0,2414374999,arrival_at_bottleneck,8734,10156,4760
100030186,165,34,0,2414374999,arrival_at_bottleneck,8764,10186,4760
100030195,164,33,0,2414374999,arrival_at_bottleneck,8773,10195,4760
100030195,166,35,0,2414374999,arrival_at_bottleneck,8773,10195,4760
100030225,168,37,0,2414374999,arrival_at_bottleneck,8803,10225,4760
100030234,170,39,0,2414374999,arrival_at_bottleneck,8812,10234,4760
100030234,169,38,0,2414374999,arrival_at_bottleneck,8812,10234,4760
100030273,158,27,0,2414374999,arrival_at_bottleneck,8912,10273,4760
100030273,159,28,0,2414374999,arrival_at_bottleneck,8869,10273,4760
100030312,167,36,0,2414374999,arrival_at_bottleneck,8890,10312,4760
100030436,262,1,0,2553566124,sender_rate_effect,436,0,7616
100030436,263,2,0,2553566124,sender_rate_effect,436,0,7616
100030436,264,3,0,2553566124,sender_rate_effect,436,0,7616
100030436,265,4,0,2553566124,sender_rate_effect,436,0,7616
100030436,266,5,0,2553566124,sender_rate_effect,436,0,7616
100030436,267,6,0,2553566124,sender_rate_effect,436,0,7616
100030470,171,40,0,2414374999,arrival_at_bottleneck,8544,10470,4760
100030513,172,41,0,2414374999,arrival_at_bottleneck,8544,10513,4760
100030557,173,42,0,2414374999,arrival_at_bottleneck,8544,10557,4760
100030600,174,43,0,2414374999,arrival_at_bottleneck,8544,10600,4760
100030633,132,1,0,2414374999,first_affected_at_bottleneck,10633,10633,4760
100030644,175,44,0,2414374999,arrival_at_bottleneck,8544,10644,4760
100030672,135,4,0,2414374999,first_affected_at_bottleneck,10672,10672,4760
100030687,176,45,0,2414374999,arrival_at_bottleneck,8544,10687,4760
100030711,137,6,0,2414374999,first_affected_at_bottleneck,10711,10711,4760
100030731,177,46,0,2414374999,arrival_at_bottleneck,8544,10731,4760
100030750,136,5,0,2414374999,first_affected_at_bottleneck,10750,10750,4760
100030774,178,47,0,2414374999,arrival_at_bottleneck,8544,10774,4760
100030789,133,2,0,2414374999,first_affected_at_bottleneck,10789,10789,4760
100030818,179,48,0,2414374999,arrival_at_bottleneck,8544,10818,4760
100030828,134,3,0,2414374999,first_affected_at_bottleneck,10828,10828,4760
100030861,180,49,0,2414374999,arrival_at_bottleneck,8544,10861,4760
100030904,181,50,0,2414374999,arrival_at_bottleneck,8544,10904,4760
100030927,268,7,0,2553566124,sender_rate_effect,927,0,7616
100030948,182,51,0,2414374999,arrival_at_bottleneck,8544,10948,4760
100030971,269,8,0,2553566124,sender_rate_effect,971,0,7616
100030984,138,7,0,2414374999,first_affected_at_bottleneck,10493,10984,4760
100030991,183,52,0,2414374999,arrival_at_bottleneck,8544,10991,4760
100031014,270,9,0,2553566124,sender_rate_effect,1014,0,7616
100031023,139,8,0,2414374999,first_affected_at_bottleneck,10488,11023,4760
100031035,184,53,0,2414374999,arrival_at_bottleneck,8544,11035,4760
100031058,271,10,0,2553566124,sender_rate_effect,1058,0,7616
100031062,140,9,0,2414374999,first_affected_at_bottleneck,10484,11062,4760
100031078,185,54,0,2414374999,arrival_at_bottleneck,8544,11078,4760
100031101,272,11,0,2553566124,sender_rate_effect,1101,0,7616
100031122,186,55,0,2414374999,arrival_at_bottleneck,8544,11122,4760
100031140,141,10,0,2414374999,first_affected_at_bottleneck,10518,11140,4760
100031145,273,12,0,2553566124,sender_rate_effect,1145,0,7616
100031157,187,56,0,2414374999,arrival_at_bottleneck,8544,11157,4760
100031157,188,57,0,2414374999,arrival_at_bottleneck,8544,11157,4760
100031157,190,59,0,2414374999,arrival_at_bottleneck,8544,11157,4760
100031161,191,60,0,2414374999,arrival_at_bottleneck,8548,11161,4760
100031179,142,11,0,2414374999,first_affected_at_bottleneck,10514,11179,4760
100031188,274,13,0,2553566124,sender_rate_effect,1188,0,7616
100031196,189,58,0,2414374999,arrival_at_bottleneck,8583,11196,4760
100031196,194,63,0,2414374999,arrival_at_bottleneck,8583,11196,4760
100031200,192,61,0,2414374999,arrival_at_bottleneck,8587,11200,4760
100031218,143,12,0,2414374999,first_affected_at_bottleneck,10509,11218,4760
100031232,275,14,0,2553566124,sender_rate_effect,1232,0,7616
100031235,195,64,0,2414374999,arrival_at_bottleneck,8622,11235,4760
100031239,193,62,0,2414374999,arrival_at_bottleneck,8626,11239,4760
100031275,276,15,0,2553566124,sender_rate_effect,1275,0,7616
100031296,144,13,0,2414374999,first_affected_at_bottleneck,10544,11296,4760
100031319,277,16,0,2553566124,sender_rate_effect,1319,0,7616
100031331,261,0,0,40202079999,arrival_at_bottleneck,1237,1331,1748471760
100031335,145,14,0,2414374999,first_affected_at_bottleneck,10539,11335,4760
100031362,278,17,0,2553566124,sender_rate_effect,1362,0,7616
100031374,146,15,0,2414374999,first_affected_at_bottleneck,10535,11374,4760
100031405,279,18,0,2553566124,sender_rate_effect,1405,0,7616
100031413,147,16,0,2414374999,first_affected_at_bottleneck,10530,11413,4760
100031449,280,19,0,2553566124,sender_rate_effect,1449,0,7616
100031491,148,17,0,2414374999,first_affected_at_bottleneck,10565,11491,4760
100031492,281,20,0,2553566124,sender_rate_effect,1492,0,7616
100031530,149,18,0,2414374999,first_affected_at_bottleneck,10561,11530,4760
100031536,282,21,0,2553566124,sender_rate_effect,1536,0,7616
100031569,150,19,0,2414374999,first_affected_at_bottleneck,10556,11569,4760
100031579,283,22,0,2553566124,sender_rate_effect,1579,0,7616
100031608,151,20,0,2414374999,first_affected_at_bottleneck,10552,11608,4760
100031623,284,23,0,2553566124,sender_rate_effect,1623,0,7616
100031632,285,24,0,2553566124,sender_rate_effect,1632,0,7616
100031632,286,25,0,2553566124,sender_rate_effect,1632,0,7616
100031632,287,26,0,2553566124,sender_rate_effect,1632,0,7616
100031632,288,27,0,2553566124,sender_rate_effect,1632,0,7616
100031632,289,28,0,2553566124,sender_rate_effect,1632,0,7616
100031632,290,29,0,2553566124,sender_rate_effect,1632,0,7616
100031632,291,30,0,2553566124,sender_rate_effect,1632,0,7616
100031632,292,31,0,2553566124,sender_rate_effect,1632,0,7616
100031632,293,32,0,2553566124,sender_rate_effect,1632,0,7616
100031632,294,33,0,2553566124,sender_rate_effect,1632,0,7616
100031632,295,34,0,2553566124,sender_rate_effect,1632,0,7616
100031632,296,35,0,2553566124,sender_rate_effect,1632,0,7616
100031632,297,36,0,2553566124,sender_rate_effect,1632,0,7616
100031632,298,37,0,2553566124,sender_rate_effect,1632,0,7616
100031632,299,38,0,2553566124,sender_rate_effect,1632,0,7616
100031632,300,39,0,2553566124,sender_rate_effect,1632,0,7616
100031686,152,21,0,2414374999,first_affected_at_bottleneck,10586,11686,4760
100031725,153,22,0,2414374999,first_affected_at_bottleneck,10582,11725,4760
100031764,154,23,0,2414374999,first_affected_at_bottleneck,10577,11764,4760
100031803,155,24,0,2414374999,first_affected_at_bottleneck,10573,11803,4760
100031842,156,25,0,2414374999,first_affected_at_bottleneck,10568,11842,4760
100031881,157,26,0,2414374999,first_affected_at_bottleneck,10564,11881,4760
100031959,163,32,0,2414374999,first_affected_at_bottleneck,10537,11959,4760
100031985,301,40,0,2553566124,sender_rate_effect,1985,0,7616
100031998,161,30,0,2414374999,first_affected_at_bottleneck,10576,11998,4760
100032028,302,41,0,2553566124,sender_rate_effect,2028,0,7616
100032037,160,29,0,2414374999,first_affected_at_bottleneck,10615,12037,4760
100032072,303,42,0,2553566124,sender_rate_effect,2072,0,7616
100032076,162,31,0,2414374999,first_affected_at_bottleneck,10654,12076,4760
100032115,304,43,0,2553566124,sender_rate_effect,2115,0,7616
100032115,165,34,0,2414374999,first_affected_at_bottleneck,10693,12115,4760
100032154,164,33,0,2414374999,first_affected_at_bottleneck,10732,12154,4760
100032159,305,44,0,2553566124,sender_rate_effect,2159,0,7616
100032193,166,35,0,2414374999,first_affected_at_bottleneck,10771,12193,4760
100032202,306,45,0,2553566124,sender_rate_effect,2202,0,7616
100032232,168,37,0,2414374999,first_affected_at_bottleneck,10810,12232,4760
100032246,307,46,0,2553566124,sender_rate_effect,2246,0,7616
100032271,170,39,0,2414374999,first_affected_at_bottleneck,10849,12271,4760
100032289,308,47,0,2553566124,sender_rate_effect,2289,0,7616
100032310,169,38,0,2414374999,first_affected_at_bottleneck,10888,12310,4760
100032333,309,48,0,2553566124,sender_rate_effect,2333,0,7616
100032349,158,27,0,2414374999,first_affected_at_bottleneck,10988,12349,4760
100032376,310,49,0,2553566124,sender_rate_effect,2376,0,7616
100032388,159,28,0,2414374999,first_affected_at_bottleneck,10984,12388,4760
100032419,311,50,0,2553566124,sender_rate_effect,2419,0,7616
100032463,312,51,0,2553566124,sender_rate_effect,2463,0,7616
100032466,167,36,0,2414374999,first_affected_at_bottleneck,11044,12466,4760
100032506,313,52,0,2553566124,sender_rate_effect,2506,0,7616
100032544,171,40,0,2414374999,first_affected_at_bottleneck,10618,12544,4760
100032550,314,53,0,2553566124,sender_rate_effect,2550,0,7616
100032583,172,41,0,2414374999,first_affected_at_bottleneck,10614,12583,4760
100032593,315,54,0,2553566124,sender_rate_effect,2593,0,7616
100032622,173,42,0,2414374999,first_affected_at_bottleneck,10609,12622,4760
100032637,316,55,0,2553566124,sender_rate_effect,2637,0,7616
100032661,174,43,0,2414374999,first_affected_at_bottleneck,10605,12661,4760
100032672,317,56,0,2553566124,sender_rate_effect,2672,0,7616
100032672,318,57,0,2553566124,sender_rate_effect,2672,0,7616
100032672,319,58,0,2553566124,sender_rate_effect,2672,0,7616
100032672,320,59,0,2553566124,sender_rate_effect,2672,0,7616
100032672,321,60,0,2553566124,sender_rate_effect,2672,0,7616
100032672,322,61,0,2553566124,sender_rate_effect,2672,0,7616
100032672,323,62,0,2553566124,sender_rate_effect,2672,0,7616
100032672,324,63,0,2553566124,sender_rate_effect,2672,0,7616
100032672,325,64,0,2553566124,sender_rate_effect,2672,0,7616
100032739,175,44,0,2414374999,first_affected_at_bottleneck,10639,12739,4760
100032778,176,45,0,2414374999,first_affected_at_bottleneck,10635,12778,4760
100032817,177,46,0,2414374999,first_affected_at_bottleneck,10630,12817,4760
100032856,178,47,0,2414374999,first_affected_at_bottleneck,10626,12856,4760
100032934,179,48,0,2414374999,first_affected_at_bottleneck,10660,12934,4760
100032973,180,49,0,2414374999,first_affected_at_bottleneck,10656,12973,4760
100033012,181,50,0,2414374999,first_affected_at_bottleneck,10652,13012,4760
100033090,182,51,0,2414374999,first_affected_at_bottleneck,10686,13090,4760
100033129,183,52,0,2414374999,first_affected_at_bottleneck,10682,13129,4760
100033168,184,53,0,2414374999,first_affected_at_bottleneck,10677,13168,4760
100033207,185,54,0,2414374999,first_affected_at_bottleneck,10673,13207,4760
100033246,186,55,0,2414374999,first_affected_at_bottleneck,10668,13246,4760
100033324,187,56,0,2414374999,first_affected_at_bottleneck,10711,13324,4760
100033363,188,57,0,2414374999,first_affected_at_bottleneck,10750,13363,4760
100033402,190,59,0,2414374999,first_affected_at_bottleneck,10789,13402,4760
100033441,191,60,0,2414374999,first_affected_at_bottleneck,10828,13441,4760
100033480,189,58,0,2414374999,first_affected_at_bottleneck,10867,13480,4760
100033519,194,63,0,2414374999,first_affected_at_bottleneck,10906,13519,4760
100033544,220,24,0,2415808749,arrival_at_bottleneck,8544,8544,5712
100033544,221,25,0,2415808749,arrival_at_bottleneck,8544,8544,5712
100033544,222,26,0,2415808749,arrival_at_bottleneck,8544,8544,5712
100033558,192,61,0,2414374999,first_affected_at_bottleneck,10945,13558,4760
100033574,228,32,0,2415808749,arrival_at_bottleneck,8574,8574,5712
100033583,226,30,0,2415808749,arrival_at_bottleneck,8583,8583,5712
100033583,225,29,0,2415808749,arrival_at_bottleneck,8583,8583,5712
100033583,227,31,0,2415808749,arrival_at_bottleneck,8583,8583,5712
100033597,195,64,0,2414374999,first_affected_at_bottleneck,10984,13597,4760
100033613,230,34,0,2415808749,arrival_at_bottleneck,8613,8613,5712
100033622,229,33,0,2415808749,arrival_at_bottleneck,8622,8622,5712
100033622,231,35,0,2415808749,arrival_at_bottleneck,8622,8622,5712
100033636,193,62,0,2414374999,first_affected_at_bottleneck,11023,13636,4760
100033652,233,37,0,2415808749,arrival_at_bottleneck,8652,8652,5712
100033661,235,39,0,2415808749,arrival_at_bottleneck,8661,8661,5712
100033661,234,38,0,2415808749,arrival_at_bottleneck,8661,8661,5712
100033675,261,0,0,40202079999,first_affected_at_bottleneck,3581,3675,1748471760
100033700,223,27,0,2415808749,arrival_at_bottleneck,8700,8700,5712
100033700,224,28,0,2415808749,arrival_at_bottleneck,8700,8700,5712
100033739,232,36,0,2415808749,arrival_at_bottleneck,8739,8739,5712
100033897,236,40,0,2415808749,arrival_at_bottleneck,8544,8897,5712
100033940,237,41,0,2415808749,arrival_at_bottleneck,8544,8940,5712
100033984,238,42,0,2415808749,arrival_at_bottleneck,8544,8984,5712
100034027,239,43,0,2415808749,arrival_at_bottleneck,8544,9027,5712
100034071,240,44,0,2415808749,arrival_at_bottleneck,8544,9071,5712
100034114,241,45,0,2415808749,arrival_at_bottleneck,8544,9114,5712
100034158,242,46,0,2415808749,arrival_at_bottleneck,8544,9158,5712
100034201,243,47,0,2415808749,arrival_at_bottleneck,8544,9201,5712
100034245,244,48,0,2415808749,arrival_at_bottleneck,8544,9245,5712
100034288,245,49,0,2415808749,arrival_at_bottleneck,8544,9288,5712
100034331,246,50,0,2415808749,arrival_at_bottleneck,8544,9331,5712
100034375,247,51,0,2415808749,arrival_at_bottleneck,8544,9375,5712
100034418,248,52,0,2415808749,arrival_at_bottleneck,8544,9418,5712
100034462,249,53,0,2415808749,arrival_at_bottleneck,8544,9462,5712
100034505,250,54,0,2415808749,arrival_at_bottleneck,8544,9505,5712
100034549,251,55,0,2415808749,arrival_at_bottleneck,8544,9549,5712
100034584,252,56,0,2415808749,arrival_at_bottleneck,8544,9584,5712
100034584,253,57,0,2415808749,arrival_at_bottleneck,8544,9584,5712
100034584,255,59,0,2415808749,arrival_at_bottleneck,8544,9584,5712
100034588,256,60,0,2415808749,arrival_at_bottleneck,8548,9588,5712
100034623,254,58,0,2415808749,arrival_at_bottleneck,8583,9623,5712
100034623,259,63,0,2415808749,arrival_at_bottleneck,8583,9623,5712
100034627,257,61,0,2415808749,arrival_at_bottleneck,8587,9627,5712
100034662,260,64,0,2415808749,arrival_at_bottleneck,8622,9662,5712
100034666,258,62,0,2415808749,arrival_at_bottleneck,8626,9666,5712
100035000,326,0,40202079999,32941455999,rate_command,0,0,0
100035000,327,1,2496842500,2649996287,rate_command,0,0,0
100035000,328,2,2496842500,2649996287,rate_command,0,0,0
100035000,329,3,2496842500,2649996287,rate_command,0,0,0
100035000,330,4,2496842500,2649996287,rate_command,0,0,0
100035000,331,5,2496842500,2649996287,rate_command,0,0,0
100035000,332,6,2496842500,2649996287,rate_command,0,0,0
100035000,333,7,2496842500,2649996287,rate_command,0,0,0
100035000,334,8,2496842500,2649996287,rate_command,0,0,0
100035000,335,9,2496842500,2649996287,rate_command,0,0,0
100035000,336,10,2496842500,2649996287,rate_command,0,0,0
100035000,337,11,2496842500,2649996287,rate_command,0,0,0
100035000,338,12,2496842500,2649996287,rate_command,0,0,0
100035000,339,13,2496842500,2649996287,rate_command,0,0,0
100035000,340,14,2496842500,2649996287,rate_command,0,0,0
100035000,341,15,2496842500,2649996287,rate_command,0,0,0
100035000,342,16,2496842500,2649996287,rate_command,0,0,0
100035000,343,17,2496842500,2649996287,rate_command,0,0,0
100035000,344,18,2496842500,2649996287,rate_command,0,0,0
100035000,345,19,2496842500,2649996287,rate_command,0,0,0
100035000,346,20,2496842500,2649996287,rate_command,0,0,0
100035000,347,21,2496842500,2649996287,rate_command,0,0,0
100035000,348,22,2496842500,2649996287,rate_command,0,0,0
100035000,349,23,2496842500,2649996287,rate_command,0,0,0
100035000,350,24,2496842500,2649996287,rate_command,0,0,0
100035000,351,25,2496842500,2649996287,rate_command,0,0,0
100035000,352,26,2496842500,2649996287,rate_command,0,0,0
100035000,353,27,2496842500,2649996287,rate_command,0,0,0
100035000,354,28,2496842500,2649996287,rate_command,0,0,0
100035000,355,29,2496842500,2649996287,rate_command,0,0,0
100035000,356,30,2496842500,2649996287,rate_command,0,0,0
100035000,357,31,2496842500,2649996287,rate_command,0,0,0
100035000,358,32,2496842500,2649996287,rate_command,0,0,0
100035000,359,33,2496842500,2649996287,rate_command,0,0,0
100035000,360,34,2496842500,2649996287,rate_command,0,0,0
100035000,361,35,2496842500,2649996287,rate_command,0,0,0
100035000,362,36,2496842500,2649996287,rate_command,0,0,0
100035000,363,37,2496842500,2649996287,rate_command,0,0,0
100035000,364,38,2496842500,2649996287,rate_command,0,0,0
100035000,365,39,2496842500,2649996287,rate_command,0,0,0
100035000,366,40,2496842500,2649996287,rate_command,0,0,0
100035000,367,41,2496842500,2649996287,rate_command,0,0,0
100035000,368,42,2496842500,2649996287,rate_command,0,0,0
100035000,369,43,2496842500,2649996287,rate_command,0,0,0
100035000,370,44,2496842500,2649996287,rate_command,0,0,0
100035000,371,45,2496842500,2649996287,rate_command,0,0,0
100035000,372,46,2496842500,2649996287,rate_command,0,0,0
100035000,373,47,2496842500,2649996287,rate_command,0,0,0
100035000,374,48,2496842500,2649996287,rate_command,0,0,0
100035000,375,49,2496842500,2649996287,rate_command,0,0,0
100035000,376,50,2496842500,2649996287,rate_command,0,0,0
100035000,377,51,2496842500,2649996287,rate_command,0,0,0
100035000,378,52,2496842500,2649996287,rate_command,0,0,0
100035000,379,53,2496842500,2649996287,rate_command,0,0,0
100035000,380,54,2496842500,2649996287,rate_command,0,0,0
100035000,381,55,2496842500,2649996287,rate_command,0,0,0
100035000,382,56,2496842500,2649996287,rate_command,0,0,0
100035000,383,57,2496842500,2649996287,rate_command,0,0,0
100035000,384,58,2496842500,2649996287,rate_command,0,0,0
100035000,385,59,2496842500,2649996287,rate_command,0,0,0
100035000,386,60,2496842500,2649996287,rate_command,0,0,0
100035000,387,61,2496842500,2649996287,rate_command,0,0,0
100035000,388,62,2496842500,2649996287,rate_command,0,0,0
100035000,389,63,2496842500,2649996287,rate_command,0,0,0
100035000,390,64,2496842500,2649996287,rate_command,0,0,0
100035004,366,40,0,2649996287,sender_rate_effect,4,0,8568
100035040,220,24,0,2415808749,first_affected_at_bottleneck,10040,10040,5712
100035047,367,41,0,2649996287,sender_rate_effect,47,0,8568
100035079,221,25,0,2415808749,first_affected_at_bottleneck,10079,10079,5712
100035088,326,0,0,32941455999,sender_rate_effect,88,0,1748495560
100035091,368,42,0,2649996287,sender_rate_effect,91,0,8568
100035118,222,26,0,2415808749,first_affected_at_bottleneck,10118,10118,5712
100035134,369,43,0,2649996287,sender_rate_effect,134,0,8568
100035157,228,32,0,2415808749,first_affected_at_bottleneck,10157,10157,5712
100035178,370,44,0,2649996287,sender_rate_effect,178,0,8568
100035196,226,30,0,2415808749,first_affected_at_bottleneck,10196,10196,5712
100035221,371,45,0,2649996287,sender_rate_effect,221,0,8568
100035235,225,29,0,2415808749,first_affected_at_bottleneck,10235,10235,5712
100035265,372,46,0,2649996287,sender_rate_effect,265,0,8568
100035274,227,31,0,2415808749,first_affected_at_bottleneck,10274,10274,5712
100035308,373,47,0,2649996287,sender_rate_effect,308,0,8568
100035313,230,34,0,2415808749,first_affected_at_bottleneck,10313,10313,5712
100035352,374,48,0,2649996287,sender_rate_effect,352,0,8568
100035352,229,33,0,2415808749,first_affected_at_bottleneck,10352,10352,5712
100035391,231,35,0,2415808749,first_affected_at_bottleneck,10391,10391,5712
100035395,375,49,0,2649996287,sender_rate_effect,395,0,8568
100035430,233,37,0,2415808749,first_affected_at_bottleneck,10430,10430,5712
100035438,376,50,0,2649996287,sender_rate_effect,438,0,8568
100035469,235,39,0,2415808749,first_affected_at_bottleneck,10469,10469,5712
100035482,377,51,0,2649996287,sender_rate_effect,482,0,8568
100035508,234,38,0,2415808749,first_affected_at_bottleneck,10508,10508,5712
100035525,378,52,0,2649996287,sender_rate_effect,525,0,8568
100035547,223,27,0,2415808749,first_affected_at_bottleneck,10547,10547,5712
100035553,197,1,0,2415808749,arrival_at_bottleneck,8322,10553,6664
100035553,200,4,0,2415808749,arrival_at_bottleneck,8322,10553,6664
100035553,202,6,0,2415808749,arrival_at_bottleneck,8322,10553,6664
100035569,379,53,0,2649996287,sender_rate_effect,569,0,8568
100035586,224,28,0,2415808749,first_affected_at_bottleneck,10586,10586,5712
100035592,201,5,0,2415808749,arrival_at_bottleneck,8361,10592,6664
100035612,380,54,0,2649996287,sender_rate_effect,612,0,8568
100035631,198,2,0,2415808749,arrival_at_bottleneck,8400,10631,6664
100035656,381,55,0,2649996287,sender_rate_effect,656,0,8568
100035664,232,36,0,2415808749,first_affected_at_bottleneck,10664,10664,5712
100035670,199,3,0,2415808749,arrival_at_bottleneck,8439,10670,6664
100035691,382,56,0,2649996287,sender_rate_effect,691,0,8568
100035691,383,57,0,2649996287,sender_rate_effect,691,0,8568
100035691,384,58,0,2649996287,sender_rate_effect,691,0,8568
100035691,385,59,0,2649996287,sender_rate_effect,691,0,8568
100035691,386,60,0,2649996287,sender_rate_effect,691,0,8568
100035691,387,61,0,2649996287,sender_rate_effect,691,0,8568
100035691,388,62,0,2649996287,sender_rate_effect,691,0,8568
100035691,389,63,0,2649996287,sender_rate_effect,691,0,8568
100035691,390,64,0,2649996287,sender_rate_effect,691,0,8568
100035703,236,40,0,2415808749,first_affected_at_bottleneck,10350,10703,5712
100035781,237,41,0,2415808749,first_affected_at_bottleneck,10385,10781,5712
100035820,238,42,0,2415808749,first_affected_at_bottleneck,10380,10820,5712
100035859,239,43,0,2415808749,first_affected_at_bottleneck,10376,10859,5712
100035898,240,44,0,2415808749,first_affected_at_bottleneck,10371,10898,5712
100035976,241,45,0,2415808749,first_affected_at_bottleneck,10406,10976,5712
100036015,242,46,0,2415808749,first_affected_at_bottleneck,10401,11015,5712
100036044,203,7,0,2415808749,arrival_at_bottleneck,8322,11044,6664
100036054,243,47,0,2415808749,first_affected_at_bottleneck,10397,11054,5712
100036088,204,8,0,2415808749,arrival_at_bottleneck,8322,11088,6664
100036093,244,48,0,2415808749,first_affected_at_bottleneck,10392,11093,5712
100036131,205,9,0,2415808749,arrival_at_bottleneck,8322,11131,6664
100036132,245,49,0,2415808749,first_affected_at_bottleneck,10388,11132,5712
100036175,206,10,0,2415808749,arrival_at_bottleneck,8322,11175,6664
100036210,246,50,0,2415808749,first_affected_at_bottleneck,10423,11210,5712
100036218,207,11,0,2415808749,arrival_at_bottleneck,8322,11218,6664
100036249,247,51,0,2415808749,first_affected_at_bottleneck,10418,11249,5712
100036262,208,12,0,2415808749,arrival_at_bottleneck,8322,11262,6664
100036288,248,52,0,2415808749,first_affected_at_bottleneck,10414,11288,5712
100036305,209,13,0,2415808749,arrival_at_bottleneck,8322,11305,6664
100036327,249,53,0,2415808749,first_affected_at_bottleneck,10409,11327,5712
100036349,210,14,0,2415808749,arrival_at_bottleneck,8322,11349,6664
100036369,326,0,0,32941455999,arrival_at_bottleneck,1281,1369,1748495560
100036392,211,15,0,2415808749,arrival_at_bottleneck,8322,11392,6664
100036405,250,54,0,2415808749,first_affected_at_bottleneck,10444,11405,5712
100036436,212,16,0,2415808749,arrival_at_bottleneck,8322,11436,6664
100036444,251,55,0,2415808749,first_affected_at_bottleneck,10439,11444,5712
100036479,213,17,0,2415808749,arrival_at_bottleneck,8322,11479,6664
100036483,252,56,0,2415808749,first_affected_at_bottleneck,10443,11483,5712
100036522,214,18,0,2415808749,arrival_at_bottleneck,8322,11522,6664
100036522,253,57,0,2415808749,first_affected_at_bottleneck,10482,11522,5712
100036561,255,59,0,2415808749,first_affected_at_bottleneck,10521,11561,5712
100036566,215,19,0,2415808749,arrival_at_bottleneck,8322,11566,6664
100036600,256,60,0,2415808749,first_affected_at_bottleneck,10560,11600,5712
100036609,216,20,0,2415808749,arrival_at_bottleneck,8322,11609,6664
100036639,254,58,0,2415808749,first_affected_at_bottleneck,10599,11639,5712
100036653,217,21,0,2415808749,arrival_at_bottleneck,8322,11653,6664
100036660,327,1,0,2649996287,sender_rate_effect,1660,0,9520
100036660,328,2,0,2649996287,sender_rate_effect,1660,0,9520
100036660,329,3,0,2649996287,sender_rate_effect,1660,0,9520
100036660,330,4,0,2649996287,sender_rate_effect,1660,0,9520
100036660,331,5,0,2649996287,sender_rate_effect,1660,0,9520
100036660,332,6,0,2649996287,sender_rate_effect,1660,0,9520
100036678,259,63,0,2415808749,first_affected_at_bottleneck,10638,11678,5712
100036696,218,22,0,2415808749,arrival_at_bottleneck,8322,11696,6664
100036717,257,61,0,2415808749,first_affected_at_bottleneck,10677,11717,5712
100036740,219,23,0,2415808749,arrival_at_bottleneck,8322,11740,6664
100036756,260,64,0,2415808749,first_affected_at_bottleneck,10716,11756,5712
100036795,258,62,0,2415808749,first_affected_at_bottleneck,10755,11795,5712
100037029,197,1,0,2415808749,first_affected_at_bottleneck,9798,12029,6664
100037068,200,4,0,2415808749,first_affected_at_bottleneck,9837,12068,6664
100037107,202,6,0,2415808749,first_affected_at_bottleneck,9876,12107,6664
100037146,201,5,0,2415808749,first_affected_at_bottleneck,9915,12146,6664
100037151,333,7,0,2649996287,sender_rate_effect,2151,0,9520
100037185,198,2,0,2415808749,first_affected_at_bottleneck,9954,12185,6664
100037195,334,8,0,2649996287,sender_rate_effect,2195,0,9520
100037224,199,3,0,2415808749,first_affected_at_bottleneck,9993,12224,6664
100037238,335,9,0,2649996287,sender_rate_effect,2238,0,9520
100037282,336,10,0,2649996287,sender_rate_effect,2282,0,9520
100037325,337,11,0,2649996287,sender_rate_effect,2325,0,9520
100037341,203,7,0,2415808749,first_affected_at_bottleneck,9619,12341,6664
100037369,338,12,0,2649996287,sender_rate_effect,2369,0,9520
100037380,204,8,0,2415808749,first_affected_at_bottleneck,9614,12380,6664
100037412,339,13,0,2649996287,sender_rate_effect,2412,0,9520
100037456,340,14,0,2649996287,sender_rate_effect,2456,0,9520
100037458,205,9,0,2415808749,first_affected_at_bottleneck,9649,12458,6664
100037497,206,10,0,2415808749,first_affected_at_bottleneck,9644,12497,6664
100037499,341,15,0,2649996287,sender_rate_effect,2499,0,9520
100037536,207,11,0,2415808749,first_affected_at_bottleneck,9640,12536,6664
100037543,342,16,0,2649996287,sender_rate_effect,2543,0,9520
100037575,208,12,0,2415808749,first_affected_at_bottleneck,9635,12575,6664
100037586,343,17,0,2649996287,sender_rate_effect,2586,0,9520
100037614,209,13,0,2415808749,first_affected_at_bottleneck,9631,12614,6664
100037629,344,18,0,2649996287,sender_rate_effect,2629,0,9520
100037653,210,14,0,2415808749,first_affected_at_bottleneck,9626,12653,6664
100037673,345,19,0,2649996287,sender_rate_effect,2673,0,9520
100037692,326,0,0,32941455999,first_affected_at_bottleneck,2604,2692,1748495560
100037716,346,20,0,2649996287,sender_rate_effect,2716,0,9520
100037731,211,15,0,2415808749,first_affected_at_bottleneck,9661,12731,6664
100037760,347,21,0,2649996287,sender_rate_effect,2760,0,9520
100037770,212,16,0,2415808749,first_affected_at_bottleneck,9656,12770,6664
100037803,348,22,0,2649996287,sender_rate_effect,2803,0,9520
100037809,213,17,0,2415808749,first_affected_at_bottleneck,9652,12809,6664
100037847,349,23,0,2649996287,sender_rate_effect,2847,0,9520
100037848,214,18,0,2415808749,first_affected_at_bottleneck,9648,12848,6664
100037856,350,24,0,2649996287,sender_rate_effect,2856,0,9520
100037856,351,25,0,2649996287,sender_rate_effect,2856,0,9520
100037856,352,26,0,2649996287,sender_rate_effect,2856,0,9520
100037856,353,27,0,2649996287,sender_rate_effect,2856,0,9520
100037856,354,28,0,2649996287,sender_rate_effect,2856,0,9520
100037856,355,29,0,2649996287,sender_rate_effect,2856,0,9520
100037856,356,30,0,2649996287,sender_rate_effect,2856,0,9520
100037856,357,31,0,2649996287,sender_rate_effect,2856,0,9520
100037856,358,32,0,2649996287,sender_rate_effect,2856,0,9520
100037856,359,33,0,2649996287,sender_rate_effect,2856,0,9520
100037856,360,34,0,2649996287,sender_rate_effect,2856,0,9520
100037856,361,35,0,2649996287,sender_rate_effect,2856,0,9520
100037856,362,36,0,2649996287,sender_rate_effect,2856,0,9520
100037856,363,37,0,2649996287,sender_rate_effect,2856,0,9520
100037856,364,38,0,2649996287,sender_rate_effect,2856,0,9520
100037856,365,39,0,2649996287,sender_rate_effect,2856,0,9520
100037887,215,19,0,2415808749,first_affected_at_bottleneck,9643,12887,6664
100037926,216,20,0,2415808749,first_affected_at_bottleneck,9639,12926,6664
100038004,217,21,0,2415808749,first_affected_at_bottleneck,9673,13004,6664
100038043,218,22,0,2415808749,first_affected_at_bottleneck,9669,13043,6664
100038082,219,23,0,2415808749,first_affected_at_bottleneck,9664,13082,6664
100038758,262,1,0,2553566124,arrival_at_bottleneck,8322,8758,7616
100038758,265,4,0,2553566124,arrival_at_bottleneck,8322,8758,7616
100038758,267,6,0,2553566124,arrival_at_bottleneck,8322,8758,7616
100038797,266,5,0,2553566124,arrival_at_bottleneck,8361,8797,7616
100038836,263,2,0,2553566124,arrival_at_bottleneck,8400,8836,7616
100038875,264,3,0,2553566124,arrival_at_bottleneck,8439,8875,7616
100039249,268,7,0,2553566124,arrival_at_bottleneck,8322,9249,7616
100039293,269,8,0,2553566124,arrival_at_bottleneck,8322,9293,7616
100039336,270,9,0,2553566124,arrival_at_bottleneck,8322,9336,7616
100039380,271,10,0,2553566124,arrival_at_bottleneck,8322,9380,7616
100039423,272,11,0,2553566124,arrival_at_bottleneck,8322,9423,7616
100039467,273,12,0,2553566124,arrival_at_bottleneck,8322,9467,7616
100039510,274,13,0,2553566124,arrival_at_bottleneck,8322,9510,7616
100039554,275,14,0,2553566124,arrival_at_bottleneck,8322,9554,7616
100039597,276,15,0,2553566124,arrival_at_bottleneck,8322,9597,7616
100039641,277,16,0,2553566124,arrival_at_bottleneck,8322,9641,7616
100039684,278,17,0,2553566124,arrival_at_bottleneck,8322,9684,7616
100039727,279,18,0,2553566124,arrival_at_bottleneck,8322,9727,7616
100039771,280,19,0,2553566124,arrival_at_bottleneck,8322,9771,7616
100039814,281,20,0,2553566124,arrival_at_bottleneck,8322,9814,7616
100039858,282,21,0,2553566124,arrival_at_bottleneck,8322,9858,7616
100039901,283,22,0,2553566124,arrival_at_bottleneck,8322,9901,7616
100039945,284,23,0,2553566124,arrival_at_bottleneck,8322,9945,7616
100039954,285,24,0,2553566124,arrival_at_bottleneck,8322,9954,7616
100039954,286,25,0,2553566124,arrival_at_bottleneck,8322,9954,7616
100039954,287,26,0,2553566124,arrival_at_bottleneck,8322,9954,7616
100039984,293,32,0,2553566124,arrival_at_bottleneck,8352,9984,7616
100039993,291,30,0,2553566124,arrival_at_bottleneck,8361,9993,7616
100039993,290,29,0,2553566124,arrival_at_bottleneck,8361,9993,7616
100039993,292,31,0,2553566124,arrival_at_bottleneck,8361,9993,7616
100040000,391,0,32941455999,27859019199,rate_command,0,0,0
100040000,392,1,2649996287,2741122790,rate_command,0,0,0
100040000,393,2,2649996287,2741122790,rate_command,0,0,0
100040000,394,3,2649996287,2741122790,rate_command,0,0,0
100040000,395,4,2649996287,2741122790,rate_command,0,0,0
100040000,396,5,2649996287,2741122790,rate_command,0,0,0
100040000,397,6,2649996287,2741122790,rate_command,0,0,0
100040000,398,7,2649996287,2741122790,rate_command,0,0,0
100040000,399,8,2649996287,2741122790,rate_command,0,0,0
100040000,400,9,2649996287,2741122790,rate_command,0,0,0
100040000,401,10,2649996287,2741122790,rate_command,0,0,0
100040000,402,11,2649996287,2741122790,rate_command,0,0,0
100040000,403,12,2649996287,2741122790,rate_command,0,0,0
100040000,404,13,2649996287,2741122790,rate_command,0,0,0
100040000,405,14,2649996287,2741122790,rate_command,0,0,0
100040000,406,15,2649996287,2741122790,rate_command,0,0,0
100040000,407,16,2649996287,2741122790,rate_command,0,0,0
100040000,408,17,2649996287,2741122790,rate_command,0,0,0
100040000,409,18,2649996287,2741122790,rate_command,0,0,0
100040000,410,19,2649996287,2741122790,rate_command,0,0,0
100040000,411,20,2649996287,2741122790,rate_command,0,0,0
100040000,412,21,2649996287,2741122790,rate_command,0,0,0
100040000,413,22,2649996287,2741122790,rate_command,0,0,0
100040000,414,23,2649996287,2741122790,rate_command,0,0,0
100040000,415,24,2649996287,2741122790,rate_command,0,0,0
100040000,416,25,2649996287,2741122790,rate_command,0,0,0
100040000,417,26,2649996287,2741122790,rate_command,0,0,0
100040000,418,27,2649996287,2741122790,rate_command,0,0,0
100040000,419,28,2649996287,2741122790,rate_command,0,0,0
100040000,420,29,2649996287,2741122790,rate_command,0,0,0
100040000,421,30,2649996287,2741122790,rate_command,0,0,0
100040000,422,31,2649996287,2741122790,rate_command,0,0,0
100040000,423,32,2649996287,2741122790,rate_command,0,0,0
100040000,424,33,2649996287,2741122790,rate_command,0,0,0
100040000,425,34,2649996287,2741122790,rate_command,0,0,0
100040000,426,35,2649996287,2741122790,rate_command,0,0,0
100040000,427,36,2649996287,2741122790,rate_command,0,0,0
100040000,428,37,2649996287,2741122790,rate_command,0,0,0
100040000,429,38,2649996287,2741122790,rate_command,0,0,0
100040000,430,39,2649996287,2741122790,rate_command,0,0,0
100040000,431,40,2649996287,2741122790,rate_command,0,0,0
100040000,432,41,2649996287,2741122790,rate_command,0,0,0
100040000,433,42,2649996287,2741122790,rate_command,0,0,0
100040000,434,43,2649996287,2741122790,rate_command,0,0,0
100040000,435,44,2649996287,2741122790,rate_command,0,0,0
100040000,436,45,2649996287,2741122790,rate_command,0,0,0
100040000,437,46,2649996287,2741122790,rate_command,0,0,0
100040000,438,47,2649996287,2741122790,rate_command,0,0,0
100040000,439,48,2649996287,2741122790,rate_command,0,0,0
100040000,440,49,2649996287,2741122790,rate_command,0,0,0
100040000,441,50,2649996287,2741122790,rate_command,0,0,0
100040000,442,51,2649996287,2741122790,rate_command,0,0,0
100040000,443,52,2649996287,2741122790,rate_command,0,0,0
100040000,444,53,2649996287,2741122790,rate_command,0,0,0
100040000,445,54,2649996287,2741122790,rate_command,0,0,0
100040000,446,55,2649996287,2741122790,rate_command,0,0,0
100040000,447,56,2649996287,2741122790,rate_command,0,0,0
100040000,448,57,2649996287,2741122790,rate_command,0,0,0
100040000,449,58,2649996287,2741122790,rate_command,0,0,0
100040000,450,59,2649996287,2741122790,rate_command,0,0,0
100040000,451,60,2649996287,2741122790,rate_command,0,0,0
100040000,452,61,2649996287,2741122790,rate_command,0,0,0
100040000,453,62,2649996287,2741122790,rate_command,0,0,0
100040000,454,63,2649996287,2741122790,rate_command,0,0,0
100040000,455,64,2649996287,2741122790,rate_command,0,0,0
100040023,295,34,0,2553566124,arrival_at_bottleneck,8391,10023,7616
100040032,294,33,0,2553566124,arrival_at_bottleneck,8400,10032,7616
100040032,296,35,0,2553566124,arrival_at_bottleneck,8400,10032,7616
100040032,262,1,0,2553566124,first_affected_at_bottleneck,9596,10032,7616
100040062,298,37,0,2553566124,arrival_at_bottleneck,8430,10062,7616
100040070,398,7,0,2741122790,sender_rate_effect,70,0,10472
100040071,300,39,0,2553566124,arrival_at_bottleneck,8439,10071,7616
100040071,299,38,0,2553566124,arrival_at_bottleneck,8439,10071,7616
100040071,265,4,0,2553566124,first_affected_at_bottleneck,9635,10071,7616
100040110,288,27,0,2553566124,arrival_at_bottleneck,8478,10110,7616
100040110,289,28,0,2553566124,arrival_at_bottleneck,8478,10110,7616
100040110,267,6,0,2553566124,first_affected_at_bottleneck,9674,10110,7616
100040114,399,8,0,2741122790,sender_rate_effect,114,0,10472
100040149,297,36,0,2553566124,arrival_at_bottleneck,8517,10149,7616
100040157,400,9,0,2741122790,sender_rate_effect,157,0,10472
100040164,302,41,0,2553566124,arrival_at_bottleneck,8136,10164,7616
100040188,301,40,0,2553566124,arrival_at_bottleneck,8203,10188,7616
100040188,266,5,0,2553566124,first_affected_at_bottleneck,9752,10188,7616
100040201,401,10,0,2741122790,sender_rate_effect,201,0,10472
100040208,303,42,0,2553566124,arrival_at_bottleneck,8136,10208,7616
100040215,391,0,0,27859019199,sender_rate_effect,215,0,1748515552
100040227,263,2,0,2553566124,first_affected_at_bottleneck,9791,10227,7616
100040244,402,11,0,2741122790,sender_rate_effect,244,0,10472
100040251,304,43,0,2553566124,arrival_at_bottleneck,8136,10251,7616
100040266,264,3,0,2553566124,first_affected_at_bottleneck,9830,10266,7616
100040288,403,12,0,2741122790,sender_rate_effect,288,0,10472
100040295,305,44,0,2553566124,arrival_at_bottleneck,8136,10295,7616
100040331,404,13,0,2741122790,sender_rate_effect,331,0,10472
100040338,306,45,0,2553566124,arrival_at_bottleneck,8136,10338,7616
100040344,268,7,0,2553566124,first_affected_at_bottleneck,9417,10344,7616
100040375,405,14,0,2741122790,sender_rate_effect,375,0,10472
100040382,307,46,0,2553566124,arrival_at_bottleneck,8136,10382,7616
100040418,406,15,0,2741122790,sender_rate_effect,418,0,10472
100040422,269,8,0,2553566124,first_affected_at_bottleneck,9451,10422,7616
100040425,308,47,0,2553566124,arrival_at_bottleneck,8136,10425,7616
100040461,270,9,0,2553566124,first_affected_at_bottleneck,9447,10461,7616
100040462,407,16,0,2741122790,sender_rate_effect,462,0,10472
100040469,309,48,0,2553566124,arrival_at_bottleneck,8136,10469,7616
100040500,271,10,0,2553566124,first_affected_at_bottleneck,9442,10500,7616
100040505,408,17,0,2741122790,sender_rate_effect,505,0,10472
100040512,310,49,0,2553566124,arrival_at_bottleneck,8136,10512,7616
100040539,272,11,0,2553566124,first_affected_at_bottleneck,9438,10539,7616
100040548,409,18,0,2741122790,sender_rate_effect,548,0,10472
100040555,311,50,0,2553566124,arrival_at_bottleneck,8136,10555,7616
100040578,273,12,0,2553566124,first_affected_at_bottleneck,9433,10578,7616
100040592,410,19,0,2741122790,sender_rate_effect,592,0,10472
100040599,312,51,0,2553566124,arrival_at_bottleneck,8136,10599,7616
100040617,274,13,0,2553566124,first_affected_at_bottleneck,9429,10617,7616
100040635,411,20,0,2741122790,sender_rate_effect,635,0,10472
100040642,313,52,0,2553566124,arrival_at_bottleneck,8136,10642,7616
100040679,412,21,0,2741122790,sender_rate_effect,679,0,10472
100040686,314,53,0,2553566124,arrival_at_bottleneck,8136,10686,7616
100040695,275,14,0,2553566124,first_affected_at_bottleneck,9463,10695,7616
100040722,413,22,0,2741122790,sender_rate_effect,722,0,10472
100040729,315,54,0,2553566124,arrival_at_bottleneck,8136,10729,7616
100040734,276,15,0,2553566124,first_affected_at_bottleneck,9459,10734,7616
100040766,414,23,0,2741122790,sender_rate_effect,766,0,10472
100040773,316,55,0,2553566124,arrival_at_bottleneck,8136,10773,7616
100040773,277,16,0,2553566124,first_affected_at_bottleneck,9454,10773,7616
100040775,415,24,0,2741122790,sender_rate_effect,775,0,10472
100040775,416,25,0,2741122790,sender_rate_effect,775,0,10472
100040775,417,26,0,2741122790,sender_rate_effect,775,0,10472
100040775,418,27,0,2741122790,sender_rate_effect,775,0,10472
100040775,419,28,0,2741122790,sender_rate_effect,775,0,10472
100040775,420,29,0,2741122790,sender_rate_effect,775,0,10472
100040775,421,30,0,2741122790,sender_rate_effect,775,0,10472
100040775,422,31,0,2741122790,sender_rate_effect,775,0,10472
100040775,423,32,0,2741122790,sender_rate_effect,775,0,10472
100040775,424,33,0,2741122790,sender_rate_effect,775,0,10472
100040775,425,34,0,2741122790,sender_rate_effect,775,0,10472
100040775,426,35,0,2741122790,sender_rate_effect,775,0,10472
100040775,427,36,0,2741122790,sender_rate_effect,775,0,10472
100040775,428,37,0,2741122790,sender_rate_effect,775,0,10472
100040775,429,38,0,2741122790,sender_rate_effect,775,0,10472
100040775,430,39,0,2741122790,sender_rate_effect,775,0,10472
100040808,317,56,0,2553566124,arrival_at_bottleneck,8136,10808,7616
100040808,318,57,0,2553566124,arrival_at_bottleneck,8136,10808,7616
100040808,320,59,0,2553566124,arrival_at_bottleneck,8136,10808,7616
100040812,321,60,0,2553566124,arrival_at_bottleneck,8140,10812,7616
100040812,278,17,0,2553566124,first_affected_at_bottleneck,9450,10812,7616
100040847,319,58,0,2553566124,arrival_at_bottleneck,8175,10847,7616
100040847,324,63,0,2553566124,arrival_at_bottleneck,8175,10847,7616
100040851,322,61,0,2553566124,arrival_at_bottleneck,8179,10851,7616
100040851,279,18,0,2553566124,first_affected_at_bottleneck,9446,10851,7616
100040886,325,64,0,2553566124,arrival_at_bottleneck,8214,10886,7616
100040890,323,62,0,2553566124,arrival_at_bottleneck,8218,10890,7616
100040929,280,19,0,2553566124,first_affected_at_bottleneck,9480,10929,7616
100040942,431,40,0,2741122790,sender_rate_effect,942,0,10472
100040968,281,20,0,2553566124,first_affected_at_bottleneck,9476,10968,7616
100040985,432,41,0,2741122790,sender_rate_effect,985,0,10472
100041007,282,21,0,2553566124,first_affected_at_bottleneck,9471,11007,7616
100041029,433,42,0,2741122790,sender_rate_effect,1029,0,10472
100041046,283,22,0,2553566124,first_affected_at_bottleneck,9467,11046,7616
100041072,434,43,0,2741122790,sender_rate_effect,1072,0,10472
100041085,284,23,0,2553566124,first_affected_at_bottleneck,9462,11085,7616
100041116,435,44,0,2741122790,sender_rate_effect,1116,0,10472
100041124,285,24,0,2553566124,first_affected_at_bottleneck,9492,11124,7616
100041159,436,45,0,2741122790,sender_rate_effect,1159,0,10472
100041163,286,25,0,2553566124,first_affected_at_bottleneck,9531,11163,7616
100041202,287,26,0,2553566124,first_affected_at_bottleneck,9570,11202,7616
100041203,437,46,0,2741122790,sender_rate_effect,1203,0,10472
100041241,293,32,0,2553566124,first_affected_at_bottleneck,9609,11241,7616
100041246,438,47,0,2741122790,sender_rate_effect,1246,0,10472
100041280,291,30,0,2553566124,first_affected_at_bottleneck,9648,11280,7616
100041290,439,48,0,2741122790,sender_rate_effect,1290,0,10472
100041319,290,29,0,2553566124,first_affected_at_bottleneck,9687,11319,7616
100041333,440,49,0,2741122790,sender_rate_effect,1333,0,10472
100041358,292,31,0,2553566124,first_affected_at_bottleneck,9726,11358,7616
100041376,441,50,0,2741122790,sender_rate_effect,1376,0,10472
100041420,442,51,0,2741122790,sender_rate_effect,1420,0,10472
100041436,295,34,0,2553566124,first_affected_at_bottleneck,9804,11436,7616
100041463,443,52,0,2741122790,sender_rate_effect,1463,0,10472
100041475,294,33,0,2553566124,first_affected_at_bottleneck,9843,11475,7616
100041507,444,53,0,2741122790,sender_rate_effect,1507,0,10472
100041514,296,35,0,2553566124,first_affected_at_bottleneck,9882,11514,7616
100041541,391,0,0,27859019199,arrival_at_bottleneck,1326,1541,1748515552
100041550,445,54,0,2741122790,sender_rate_effect,1550,0,10472
100041553,298,37,0,2553566124,first_affected_at_bottleneck,9921,11553,7616
100041592,300,39,0,2553566124,first_affected_at_bottleneck,9960,11592,7616
100041594,446,55,0,2741122790,sender_rate_effect,1594,0,10472
100041629,447,56,0,2741122790,sender_rate_effect,1629,0,10472
100041629,448,57,0,2741122790,sender_rate_effect,1629,0,10472
100041629,449,58,0,2741122790,sender_rate_effect,1629,0,10472
100041629,450,59,0,2741122790,sender_rate_effect,1629,0,10472
100041629,451,60,0,2741122790,sender_rate_effect,1629,0,10472
100041629,452,61,0,2741122790,sender_rate_effect,1629,0,10472
100041629,453,62,0,2741122790,sender_rate_effect,1629,0,10472
100041629,454,63,0,2741122790,sender_rate_effect,1629,0,10472
100041629,455,64,0,2741122790,sender_rate_effect,1629,0,10472
100041631,299,38,0,2553566124,first_affected_at_bottleneck,9999,11631,7616
100041670,288,27,0,2553566124,first_affected_at_bottleneck,10038,11670,7616
100041709,289,28,0,2553566124,first_affected_at_bottleneck,10077,11709,7616
100041748,297,36,0,2553566124,first_affected_at_bottleneck,10116,11748,7616
100041787,302,41,0,2553566124,first_affected_at_bottleneck,9759,11787,7616
100041826,301,40,0,2553566124,first_affected_at_bottleneck,9841,11826,7616
100041865,303,42,0,2553566124,first_affected_at_bottleneck,9793,11865,7616
100041943,304,43,0,2553566124,first_affected_at_bottleneck,9828,11943,7616
100041982,305,44,0,2553566124,first_affected_at_bottleneck,9823,11982,7616
100042021,306,45,0,2553566124,first_affected_at_bottleneck,9819,12021,7616
100042060,307,46,0,2553566124,first_affected_at_bottleneck,9814,12060,7616
100042099,308,47,0,2553566124,first_affected_at_bottleneck,9810,12099,7616
100042138,309,48,0,2553566124,first_affected_at_bottleneck,9805,12138,7616
100042216,310,49,0,2553566124,first_affected_at_bottleneck,9840,12216,7616
100042255,311,50,0,2553566124,first_affected_at_bottleneck,9836,12255,7616
100042294,312,51,0,2553566124,first_affected_at_bottleneck,9831,12294,7616
100042333,313,52,0,2553566124,first_affected_at_bottleneck,9827,12333,7616
100042372,314,53,0,2553566124,first_affected_at_bottleneck,9822,12372,7616
100042450,315,54,0,2553566124,first_affected_at_bottleneck,9857,12450,7616
100042489,316,55,0,2553566124,first_affected_at_bottleneck,9852,12489,7616
100042528,317,56,0,2553566124,first_affected_at_bottleneck,9856,12528,7616
100042567,318,57,0,2553566124,first_affected_at_bottleneck,9895,12567,7616
100042598,392,1,0,2741122790,sender_rate_effect,2598,0,11424
100042598,393,2,0,2741122790,sender_rate_effect,2598,0,11424
100042598,394,3,0,2741122790,sender_rate_effect,2598,0,11424
100042598,395,4,0,2741122790,sender_rate_effect,2598,0,11424
100042598,396,5,0,2741122790,sender_rate_effect,2598,0,11424
100042598,397,6,0,2741122790,sender_rate_effect,2598,0,11424
100042606,320,59,0,2553566124,first_affected_at_bottleneck,9934,12606,7616
100042645,321,60,0,2553566124,first_affected_at_bottleneck,9973,12645,7616
100042684,319,58,0,2553566124,first_affected_at_bottleneck,10012,12684,7616
100042723,324,63,0,2553566124,first_affected_at_bottleneck,10051,12723,7616
100042762,322,61,0,2553566124,first_affected_at_bottleneck,10090,12762,7616
100042801,325,64,0,2553566124,first_affected_at_bottleneck,10129,12801,7616
100042840,323,62,0,2553566124,first_affected_at_bottleneck,10168,12840,7616
100042957,391,0,0,27859019199,first_affected_at_bottleneck,2742,2957,1748515552
100043183,367,41,0,2649996287,arrival_at_bottleneck,8136,8183,8568
100043207,366,40,0,2649996287,arrival_at_bottleneck,8203,8207,8568
100043227,368,42,0,2649996287,arrival_at_bottleneck,8136,8227,8568
100043270,369,43,0,2649996287,arrival_at_bottleneck,8136,8270,8568
100043314,370,44,0,2649996287,arrival_at_bottleneck,8136,8314,8568
100043357,371,45,0,2649996287,arrival_at_bottleneck,8136,8357,8568
100043401,372,46,0,2649996287,arrival_at_bottleneck,8136,8401,8568
100043444,373,47,0,2649996287,arrival_at_bottleneck,8136,8444,8568
100043488,374,48,0,2649996287,arrival_at_bottleneck,8136,8488,8568
100043531,375,49,0,2649996287,arrival_at_bottleneck,8136,8531,8568
100043574,376,50,0,2649996287,arrival_at_bottleneck,8136,8574,8568
100043618,377,51,0,2649996287,arrival_at_bottleneck,8136,8618,8568
100043661,378,52,0,2649996287,arrival_at_bottleneck,8136,8661,8568
100043705,379,53,0,2649996287,arrival_at_bottleneck,8136,8705,8568
100043748,380,54,0,2649996287,arrival_at_bottleneck,8136,8748,8568
100043792,381,55,0,2649996287,arrival_at_bottleneck,8136,8792,8568
100043827,382,56,0,2649996287,arrival_at_bottleneck,8136,8827,8568
100043827,383,57,0,2649996287,arrival_at_bottleneck,8136,8827,8568
100043827,385,59,0,2649996287,arrival_at_bottleneck,8136,8827,8568
100043831,386,60,0,2649996287,arrival_at_bottleneck,8140,8831,8568
100043866,384,58,0,2649996287,arrival_at_bottleneck,8175,8866,8568
100043866,389,63,0,2649996287,arrival_at_bottleneck,8175,8866,8568
100043870,387,61,0,2649996287,arrival_at_bottleneck,8179,8870,8568
100043905,390,64,0,2649996287,arrival_at_bottleneck,8214,8905,8568
100043909,388,62,0,2649996287,arrival_at_bottleneck,8218,8909,8568
100044712,367,41,0,2649996287,first_affected_at_bottleneck,9665,9712,8568
100044751,366,40,0,2649996287,first_affected_at_bottleneck,9747,9751,8568
100044790,368,42,0,2649996287,first_affected_at_bottleneck,9699,9790,8568
100044796,327,1,0,2649996287,arrival_at_bottleneck,8136,9796,9520
100044796,330,4,0,2649996287,arrival_at_bottleneck,8136,9796,9520
100044796,332,6,0,2649996287,arrival_at_bottleneck,8136,9796,9520
100044835,331,5,0,2649996287,arrival_at_bottleneck,8175,9835,9520
100044868,369,43,0,2649996287,first_affected_at_bottleneck,9734,9868,8568
100044874,328,2,0,2649996287,arrival_at_bottleneck,8214,9874,9520
100044907,370,44,0,2649996287,first_affected_at_bottleneck,9729,9907,8568
100044913,329,3,0,2649996287,arrival_at_bottleneck,8253,9913,9520
100044946,371,45,0,2649996287,first_affected_at_bottleneck,9725,9946,8568
100044985,372,46,0,2649996287,first_affected_at_bottleneck,9720,9985,8568
100045000,456,0,27859019199,24301313439,rate_command,0,0,0
100045000,457,1,2741122790,2795343060,rate_command,0,0,0
100045000,458,2,2741122790,2795343060,rate_command,0,0,0
100045000,459,3,2741122790,2795343060,rate_command,0,0,0
100045000,460,4,2741122790,2795343060,rate_command,0,0,0
100045000,461,5,2741122790,2795343060,rate_command,0,0,0
100045000,462,6,2741122790,2795343060,rate_command,0,0,0
100045000,463,7,2741122790,2795343060,rate_command,0,0,0
100045000,464,8,2741122790,2795343060,rate_command,0,0,0
100045000,465,9,2741122790,2795343060,rate_command,0,0,0
100045000,466,10,2741122790,2795343060,rate_command,0,0,0
100045000,467,11,2741122790,2795343060,rate_command,0,0,0
100045000,468,12,2741122790,2795343060,rate_command,0,0,0
100045000,469,13,2741122790,2795343060,rate_command,0,0,0
100045000,470,14,2741122790,2795343060,rate_command,0,0,0
100045000,471,15,2741122790,2795343060,rate_command,0,0,0
100045000,472,16,2741122790,2795343060,rate_command,0,0,0
100045000,473,17,2741122790,2795343060,rate_command,0,0,0
100045000,474,18,2741122790,2795343060,rate_command,0,0,0
100045000,475,19,2741122790,2795343060,rate_command,0,0,0
100045000,476,20,2741122790,2795343060,rate_command,0,0,0
100045000,477,21,2741122790,2795343060,rate_command,0,0,0
100045000,478,22,2741122790,2795343060,rate_command,0,0,0
100045000,479,23,2741122790,2795343060,rate_command,0,0,0
100045000,480,24,2741122790,2795343060,rate_command,0,0,0
100045000,481,25,2741122790,2795343060,rate_command,0,0,0
100045000,482,26,2741122790,2795343060,rate_command,0,0,0
100045000,483,27,2741122790,2795343060,rate_command,0,0,0
100045000,484,28,2741122790,2795343060,rate_command,0,0,0
100045000,485,29,2741122790,2795343060,rate_command,0,0,0
100045000,486,30,2741122790,2795343060,rate_command,0,0,0
100045000,487,31,2741122790,2795343060,rate_command,0,0,0
100045000,488,32,2741122790,2795343060,rate_command,0,0,0
100045000,489,33,2741122790,2795343060,rate_command,0,0,0
100045000,490,34,2741122790,2795343060,rate_command,0,0,0
100045000,491,35,2741122790,2795343060,rate_command,0,0,0
100045000,492,36,2741122790,2795343060,rate_command,0,0,0
100045000,493,37,2741122790,2795343060,rate_command,0,0,0
100045000,494,38,2741122790,2795343060,rate_command,0,0,0
100045000,495,39,2741122790,2795343060,rate_command,0,0,0
100045000,496,40,2741122790,2795343060,rate_command,0,0,0
100045000,497,41,2741122790,2795343060,rate_command,0,0,0
100045000,498,42,2741122790,2795343060,rate_command,0,0,0
100045000,499,43,2741122790,2795343060,rate_command,0,0,0
100045000,500,44,2741122790,2795343060,rate_command,0,0,0
100045000,501,45,2741122790,2795343060,rate_command,0,0,0
100045000,502,46,2741122790,2795343060,rate_command,0,0,0
100045000,503,47,2741122790,2795343060,rate_command,0,0,0
100045000,504,48,2741122790,2795343060,rate_command,0,0,0
100045000,505,49,2741122790,2795343060,rate_command,0,0,0
100045000,506,50,2741122790,2795343060,rate_command,0,0,0
100045000,507,51,2741122790,2795343060,rate_command,0,0,0
100045000,508,52,2741122790,2795343060,rate_command,0,0,0
100045000,509,53,2741122790,2795343060,rate_command,0,0,0
100045000,510,54,2741122790,2795343060,rate_command,0,0,0
100045000,511,55,2741122790,2795343060,rate_command,0,0,0
100045000,512,56,2741122790,2795343060,rate_command,0,0,0
100045000,513,57,2741122790,2795343060,rate_command,0,0,0
100045000,514,58,2741122790,2795343060,rate_command,0,0,0
100045000,515,59,2741122790,2795343060,rate_command,0,0,0
100045000,516,60,2741122790,2795343060,rate_command,0,0,0
100045000,517,61,2741122790,2795343060,rate_command,0,0,0
100045000,518,62,2741122790,2795343060,rate_command,0,0,0
100045000,519,63,2741122790,2795343060,rate_command,0,0,0
100045000,520,64,2741122790,2795343060,rate_command,0,0,0
100045024,373,47,0,2649996287,first_affected_at_bottleneck,9716,10024,8568
100045063,374,48,0,2649996287,first_affected_at_bottleneck,9711,10063,8568
100045102,375,49,0,2649996287,first_affected_at_bottleneck,9707,10102,8568
100045136,456,0,0,24301313439,sender_rate_effect,136,0,1748531736
100045180,376,50,0,2649996287,first_affected_at_bottleneck,9742,10180,8568
100045187,333,7,0,2649996287,arrival_at_bottleneck,8036,10187,9520
100045219,377,51,0,2649996287,first_affected_at_bottleneck,9737,10219,8568
100045231,334,8,0,2649996287,arrival_at_bottleneck,8036,10231,9520
100045258,378,52,0,2649996287,first_affected_at_bottleneck,9733,10258,8568
100045274,335,9,0,2649996287,arrival_at_bottleneck,8036,10274,9520
100045297,379,53,0,2649996287,first_affected_at_bottleneck,9728,10297,8568
100045318,336,10,0,2649996287,arrival_at_bottleneck,8036,10318,9520
100045336,380,54,0,2649996287,first_affected_at_bottleneck,9724,10336,8568
100045361,337,11,0,2649996287,arrival_at_bottleneck,8036,10361,9520
100045375,381,55,0,2649996287,first_affected_at_bottleneck,9719,10375,8568
100045405,338,12,0,2649996287,arrival_at_bottleneck,8036,10405,9520
100045414,382,56,0,2649996287,first_affected_at_bottleneck,9723,10414,8568
100045448,339,13,0,2649996287,arrival_at_bottleneck,8036,10448,9520
100045453,383,57,0,2649996287,first_affected_at_bottleneck,9762,10453,8568
100045460,457,1,0,2795343060,sender_rate_effect,460,0,12376
100045460,458,2,0,2795343060,sender_rate_effect,460,0,12376
100045460,459,3,0,2795343060,sender_rate_effect,460,0,12376
100045460,460,4,0,2795343060,sender_rate_effect,460,0,12376
100045460,461,5,0,2795343060,sender_rate_effect,460,0,12376
100045460,462,6,0,2795343060,sender_rate_effect,460,0,12376
100045492,340,14,0,2649996287,arrival_at_bottleneck,8036,10492,9520
100045492,385,59,0,2649996287,first_affected_at_bottleneck,9801,10492,8568
100045531,386,60,0,2649996287,first_affected_at_bottleneck,9840,10531,8568
100045535,341,15,0,2649996287,arrival_at_bottleneck,8036,10535,9520
100045579,342,16,0,2649996287,arrival_at_bottleneck,8036,10579,9520
100045609,384,58,0,2649996287,first_affected_at_bottleneck,9918,10609,8568
100045622,343,17,0,2649996287,arrival_at_bottleneck,8036,10622,9520
100045648,389,63,0,2649996287,first_affected_at_bottleneck,9957,10648,8568
100045665,344,18,0,2649996287,arrival_at_bottleneck,8036,10665,9520
100045687,387,61,0,2649996287,first_affected_at_bottleneck,9996,10687,8568
100045709,345,19,0,2649996287,arrival_at_bottleneck,8036,10709,9520
100045726,390,64,0,2649996287,first_affected_at_bottleneck,10035,10726,8568
100045752,346,20,0,2649996287,arrival_at_bottleneck,8036,10752,9520
100045765,388,62,0,2649996287,first_affected_at_bottleneck,10074,10765,8568
100045796,347,21,0,2649996287,arrival_at_bottleneck,8036,10796,9520
100045839,348,22,0,2649996287,arrival_at_bottleneck,8036,10839,9520
100045851,463,7,0,2795343060,sender_rate_effect,851,0,12376
100045883,349,23,0,2649996287,arrival_at_bottleneck,8036,10883,9520
100045892,350,24,0,2649996287,arrival_at_bottleneck,8036,10892,9520
100045892,351,25,0,2649996287,arrival_at_bottleneck,8036,10892,9520
100045892,352,26,0,2649996287,arrival_at_bottleneck,8036,10892,9520
100045895,464,8,0,2795343060,sender_rate_effect,895,0,12376
100045921,327,1,0,2649996287,first_affected_at_bottleneck,9261,10921,9520
100045922,358,32,0,2649996287,arrival_at_bottleneck,8066,10922,9520
100045931,356,30,0,2649996287,arrival_at_bottleneck,8075,10931,9520
100045931,355,29,0,2649996287,arrival_at_bottleneck,8075,10931,9520
100045931,357,31,0,2649996287,arrival_at_bottleneck,8075,10931,9520
100045938,465,9,0,2795343060,sender_rate_effect,938,0,12376
100045960,330,4,0,2649996287,first_affected_at_bottleneck,9300,10960,9520
100045961,360,34,0,2649996287,arrival_at_bottleneck,8105,10961,9520
100045970,359,33,0,2649996287,arrival_at_bottleneck,8114,10970,9520
100045970,361,35,0,2649996287,arrival_at_bottleneck,8114,10970,9520
100045982,466,10,0,2795343060,sender_rate_effect,982,0,12376
100045999,332,6,0,2649996287,first_affected_at_bottleneck,9339,10999,9520
100046000,363,37,0,2649996287,arrival_at_bottleneck,8144,11000,9520
100046009,365,39,0,2649996287,arrival_at_bottleneck,8153,11009,9520
100046009,364,38,0,2649996287,arrival_at_bottleneck,8153,11009,9520
100046025,467,11,0,2795343060,sender_rate_effect,1025,0,12376
100046038,331,5,0,2649996287,first_affected_at_bottleneck,9378,11038,9520
100046048,353,27,0,2649996287,arrival_at_bottleneck,8192,11048,9520
100046048,354,28,0,2649996287,arrival_at_bottleneck,8192,11048,9520
100046069,468,12,0,2795343060,sender_rate_effect,1069,0,12376
100046077,328,2,0,2649996287,first_affected_at_bottleneck,9417,11077,9520
100046087,362,36,0,2649996287,arrival_at_bottleneck,8231,11087,9520
100046112,469,13,0,2795343060,sender_rate_effect,1112,0,12376
100046116,329,3,0,2649996287,first_affected_at_bottleneck,9456,11116,9520
100046156,470,14,0,2795343060,sender_rate_effect,1156,0,12376
100046194,333,7,0,2649996287,first_affected_at_bottleneck,9043,11194,9520
100046199,471,15,0,2795343060,sender_rate_effect,1199,0,12376
100046233,334,8,0,2649996287,first_affected_at_bottleneck,9038,11233,9520
100046243,472,16,0,2795343060,sender_rate_effect,1243,0,12376
100046286,473,17,0,2795343060,sender_rate_effect,1286,0,12376
100046311,335,9,0,2649996287,first_affected_at_bottleneck,9073,11311,9520
100046329,474,18,0,2795343060,sender_rate_effect,1329,0,12376
100046350,336,10,0,2649996287,first_affected_at_bottleneck,9068,11350,9520
100046373,475,19,0,2795343060,sender_rate_effect,1373,0,12376
100046389,337,11,0,2649996287,first_affected_at_bottleneck,9064,11389,9520
100046416,476,20,0,2795343060,sender_rate_effect,1416,0,12376
100046428,338,12,0,2649996287,first_affected_at_bottleneck,9059,11428,9520
100046460,477,21,0,2795343060,sender_rate_effect,1460,0,12376
100046467,339,13,0,2649996287,first_affected_at_bottleneck,9055,11467,9520
100046503,478,22,0,2795343060,sender_rate_effect,1503,0,12376
100046504,456,0,0,24301313439,arrival_at_bottleneck,1368,1504,1748531736
100046506,340,14,0,2649996287,first_affected_at_bottleneck,9050,11506,9520
100046545,341,15,0,2649996287,first_affected_at_bottleneck,9046,11545,9520
100046547,479,23,0,2795343060,sender_rate_effect,1547,0,12376
100046556,480,24,0,2795343060,sender_rate_effect,1556,0,12376
100046556,481,25,0,2795343060,sender_rate_effect,1556,0,12376
100046556,482,26,0,2795343060,sender_rate_effect,1556,0,12376
100046556,483,27,0,2795343060,sender_rate_effect,1556,0,12376
100046556,484,28,0,2795343060,sender_rate_effect,1556,0,12376
100046556,485,29,0,2795343060,sender_rate_effect,1556,0,12376
100046556,486,30,0,2795343060,sender_rate_effect,1556,0,12376
100046556,487,31,0,2795343060,sender_rate_effect,1556,0,12376
100046556,488,32,0,2795343060,sender_rate_effect,1556,0,12376
100046556,489,33,0,2795343060,sender_rate_effect,1556,0,12376
100046556,490,34,0,2795343060,sender_rate_effect,1556,0,12376
100046556,491,35,0,2795343060,sender_rate_effect,1556,0,12376
100046556,492,36,0,2795343060,sender_rate_effect,1556,0,12376
100046556,493,37,0,2795343060,sender_rate_effect,1556,0,12376
100046556,494,38,0,2795343060,sender_rate_effect,1556,0,12376
100046556,495,39,0,2795343060,sender_rate_effect,1556,0,12376
100046623,342,16,0,2649996287,first_affected_at_bottleneck,9080,11623,9520
100046662,343,17,0,2649996287,first_affected_at_bottleneck,9076,11662,9520
100046701,344,18,0,2649996287,first_affected_at_bottleneck,9072,11701,9520
100046723,496,40,0,2795343060,sender_rate_effect,1723,0,12376
100046740,345,19,0,2649996287,first_affected_at_bottleneck,9067,11740,9520
100046766,497,41,0,2795343060,sender_rate_effect,1766,0,12376
100046779,346,20,0,2649996287,first_affected_at_bottleneck,9063,11779,9520
100046810,498,42,0,2795343060,sender_rate_effect,1810,0,12376
100046818,347,21,0,2649996287,first_affected_at_bottleneck,9058,11818,9520
100046853,499,43,0,2795343060,sender_rate_effect,1853,0,12376
100046857,348,22,0,2649996287,first_affected_at_bottleneck,9054,11857,9520
100046897,500,44,0,2795343060,sender_rate_effect,1897,0,12376
100046935,349,23,0,2649996287,first_affected_at_bottleneck,9088,11935,9520
100046940,501,45,0,2795343060,sender_rate_effect,1940,0,12376
100046974,350,24,0,2649996287,first_affected_at_bottleneck,9118,11974,9520
100046984,502,46,0,2795343060,sender_rate_effect,1984,0,12376
100047013,351,25,0,2649996287,first_affected_at_bottleneck,9157,12013,9520
100047027,503,47,0,2795343060,sender_rate_effect,2027,0,12376
100047052,352,26,0,2649996287,first_affected_at_bottleneck,9196,12052,9520
100047071,504,48,0,2795343060,sender_rate_effect,2071,0,12376
100047091,358,32,0,2649996287,first_affected_at_bottleneck,9235,12091,9520
100047114,505,49,0,2795343060,sender_rate_effect,2114,0,12376
100047130,356,30,0,2649996287,first_affected_at_bottleneck,9274,12130,9520
100047157,506,50,0,2795343060,sender_rate_effect,2157,0,12376
100047169,355,29,0,2649996287,first_affected_at_bottleneck,9313,12169,9520
100047201,507,51,0,2795343060,sender_rate_effect,2201,0,12376
100047208,357,31,0,2649996287,first_affected_at_bottleneck,9352,12208,9520
100047244,508,52,0,2795343060,sender_rate_effect,2244,0,12376
100047247,360,34,0,2649996287,first_affected_at_bottleneck,9391,12247,9520
100047286,359,33,0,2649996287,first_affected_at_bottleneck,9430,12286,9520
100047288,509,53,0,2795343060,sender_rate_effect,2288,0,12376
100047325,361,35,0,2649996287,first_affected_at_bottleneck,9469,12325,9520
100047331,510,54,0,2795343060,sender_rate_effect,2331,0,12376
100047364,363,37,0,2649996287,first_affected_at_bottleneck,9508,12364,9520
100047375,511,55,0,2795343060,sender_rate_effect,2375,0,12376
100047403,365,39,0,2649996287,first_affected_at_bottleneck,9547,12403,9520
100047410,512,56,0,2795343060,sender_rate_effect,2410,0,12376
100047410,513,57,0,2795343060,sender_rate_effect,2410,0,12376
100047410,514,58,0,2795343060,sender_rate_effect,2410,0,12376
100047410,515,59,0,2795343060,sender_rate_effect,2410,0,12376
100047410,516,60,0,2795343060,sender_rate_effect,2410,0,12376
100047410,517,61,0,2795343060,sender_rate_effect,2410,0,12376
100047410,518,62,0,2795343060,sender_rate_effect,2410,0,12376
100047410,519,63,0,2795343060,sender_rate_effect,2410,0,12376
100047410,520,64,0,2795343060,sender_rate_effect,2410,0,12376
100047442,364,38,0,2649996287,first_affected_at_bottleneck,9586,12442,9520
100047481,353,27,0,2649996287,first_affected_at_bottleneck,9625,12481,9520
100047520,354,28,0,2649996287,first_affected_at_bottleneck,9664,12520,9520
100047559,362,36,0,2649996287,first_affected_at_bottleneck,9703,12559,9520
100048066,456,0,0,24301313439,first_affected_at_bottleneck,2930,3066,1748531736
100048106,398,7,0,2741122790,arrival_at_bottleneck,8036,8106,10472
100048150,399,8,0,2741122790,arrival_at_bottleneck,8036,8150,10472
100048193,400,9,0,2741122790,arrival_at_bottleneck,8036,8193,10472
100048237,401,10,0,2741122790,arrival_at_bottleneck,8036,8237,10472
100048280,402,11,0,2741122790,arrival_at_bottleneck,8036,8280,10472
100048324,403,12,0,2741122790,arrival_at_bottleneck,8036,8324,10472
100048367,404,13,0,2741122790,arrival_at_bottleneck,8036,8367,10472
100048411,405,14,0,2741122790,arrival_at_bottleneck,8036,8411,10472
100048454,406,15,0,2741122790,arrival_at_bottleneck,8036,8454,10472
100048498,407,16,0,2741122790,arrival_at_bottleneck,8036,8498,10472
100048541,408,17,0,2741122790,arrival_at_bottleneck,8036,8541,10472
100048584,409,18,0,2741122790,arrival_at_bottleneck,8036,8584,10472
100048628,410,19,0,2741122790,arrival_at_bottleneck,8036,8628,10472
100048671,411,20,0,2741122790,arrival_at_bottleneck,8036,8671,10472
100048715,412,21,0,2741122790,arrival_at_bottleneck,8036,8715,10472
100048758,413,22,0,2741122790,arrival_at_bottleneck,8036,8758,10472
100048802,414,23,0,2741122790,arrival_at_bottleneck,8036,8802,10472
100048811,415,24,0,2741122790,arrival_at_bottleneck,8036,8811,10472
100048811,416,25,0,2741122790,arrival_at_bottleneck,8036,8811,10472
100048811,417,26,0,2741122790,arrival_at_bottleneck,8036,8811,10472
100048841,423,32,0,2741122790,arrival_at_bottleneck,8066,8841,10472
100048850,421,30,0,2741122790,arrival_at_bottleneck,8075,8850,10472
100048850,420,29,0,2741122790,arrival_at_bottleneck,8075,8850,10472
100048850,422,31,0,2741122790,arrival_at_bottleneck,8075,8850,10472
100048880,425,34,0,2741122790,arrival_at_bottleneck,8105,8880,10472
100048889,424,33,0,2741122790,arrival_at_bottleneck,8114,8889,10472
100048889,426,35,0,2741122790,arrival_at_bottleneck,8114,8889,10472
100048919,428,37,0,2741122790,arrival_at_bottleneck,8144,8919,10472
100048928,430,39,0,2741122790,arrival_at_bottleneck,8153,8928,10472
100048928,429,38,0,2741122790,arrival_at_bottleneck,8153,8928,10472
100048967,418,27,0,2741122790,arrival_at_bottleneck,8192,8967,10472
100048967,419,28,0,2741122790,arrival_at_bottleneck,8192,8967,10472
100049006,427,36,0,2741122790,arrival_at_bottleneck,8231,9006,10472
100049021,432,41,0,2741122790,arrival_at_bottleneck,8036,9021,10472
100049041,398,7,0,2741122790,first_affected_at_bottleneck,8971,9041,10472
100049045,431,40,0,2741122790,arrival_at_bottleneck,8103,9045,10472
100049065,433,42,0,2741122790,arrival_at_bottleneck,8036,9065,10472
100049108,434,43,0,2741122790,arrival_at_bottleneck,8036,9108,10472
100049119,399,8,0,2741122790,first_affected_at_bottleneck,9005,9119,10472
100049152,435,44,0,2741122790,arrival_at_bottleneck,8036,9152,10472
100049158,400,9,0,2741122790,first_affected_at_bottleneck,9001,9158,10472
100049195,436,45,0,2741122790,arrival_at_bottleneck,8036,9195,10472
100049197,401,10,0,2741122790,first_affected_at_bottleneck,8996,9197,10472
100049236,402,11,0,2741122790,first_affected_at_bottleneck,8992,9236,10472
100049239,437,46,0,2741122790,arrival_at_bottleneck,8036,9239,10472
100049275,403,12,0,2741122790,first_affected_at_bottleneck,8987,9275,10472
100049282,438,47,0,2741122790,arrival_at_bottleneck,8036,9282,10472
100049314,404,13,0,2741122790,first_affected_at_bottleneck,8983,9314,10472
100049326,439,48,0,2741122790,arrival_at_bottleneck,8036,9326,10472
100049353,405,14,0,2741122790,first_affected_at_bottleneck,8978,9353,10472
100049369,440,49,0,2741122790,arrival_at_bottleneck,8036,9369,10472
100049392,406,15,0,2741122790,first_affected_at_bottleneck,8974,9392,10472
100049412,441,50,0,2741122790,arrival_at_bottleneck,8036,9412,10472
100049456,442,51,0,2741122790,arrival_at_bottleneck,8036,9456,10472
100049470,407,16,0,2741122790,first_affected_at_bottleneck,9008,9470,10472
100049499,443,52,0,2741122790,arrival_at_bottleneck,8036,9499,10472
100049509,408,17,0,2741122790,first_affected_at_bottleneck,9004,9509,10472
100049543,444,53,0,2741122790,arrival_at_bottleneck,8036,9543,10472
100049548,409,18,0,2741122790,first_affected_at_bottleneck,9000,9548,10472
100049586,445,54,0,2741122790,arrival_at_bottleneck,8036,9586,10472
100049587,410,19,0,2741122790,first_affected_at_bottleneck,8995,9587,10472
100049626,411,20,0,2741122790,first_affected_at_bottleneck,8991,9626,10472
100049630,446,55,0,2741122790,arrival_at_bottleneck,8036,9630,10472
100049665,447,56,0,2741122790,arrival_at_bottleneck,8036,9665,10472
100049665,448,57,0,2741122790,arrival_at_bottleneck,8036,9665,10472
100049665,450,59,0,2741122790,arrival_at_bottleneck,8036,9665,10472
100049665,412,21,0,2741122790,first_affected_at_bottleneck,8986,9665,10472
100049669,451,60,0,2741122790,arrival_at_bottleneck,8040,9669,10472
100049704,449,58,0,2741122790,arrival_at_bottleneck,8075,9704,10472
100049704,454,63,0,2741122790,arrival_at_bottleneck,8075,9704,10472
100049704,413,22,0,2741122790,first_affected_at_bottleneck,8982,9704,10472
100049708,452,61,0,2741122790,arrival_at_bottleneck,8079,9708,10472
100049743,455,64,0,2741122790,arrival_at_bottleneck,8114,9743,10472
100049743,414,23,0,2741122790,first_affected_at_bottleneck,8977,9743,10472
100049747,453,62,0,2741122790,arrival_at_bottleneck,8118,9747,10472
100049821,415,24,0,2741122790,first_affected_at_bottleneck,9046,9821,10472
100049860,416,25,0,2741122790,first_affected_at_bottleneck,9085,9860,10472
100049899,417,26,0,2741122790,first_affected_at_bottleneck,9124,9899,10472
100049938,423,32,0,2741122790,first_affected_at_bottleneck,9163,9938,10472
100049977,421,30,0,2741122790,first_affected_at_bottleneck,9202,9977,10472
100050000,521,0,24301313439,21810919407,rate_command,0,0,0
100050000,522,1,2795343060,2827604120,rate_command,0,0,0
100050000,523,2,2795343060,2827604120,rate_command,0,0,0
100050000,524,3,2795343060,2827604120,rate_command,0,0,0
100050000,525,4,2795343060,2827604120,rate_command,0,0,0
100050000,526,5,2795343060,2827604120,rate_command,0,0,0
100050000,527,6,2795343060,2827604120,rate_command,0,0,0
100050000,528,7,2795343060,2827604120,rate_command,0,0,0
100050000,529,8,2795343060,2827604120,rate_command,0,0,0
100050000,530,9,2795343060,2827604120,rate_command,0,0,0
100050000,531,10,2795343060,2827604120,rate_command,0,0,0
100050000,532,11,2795343060,2827604120,rate_command,0,0,0
100050000,533,12,2795343060,2827604120,rate_command,0,0,0
100050000,534,13,2795343060,2827604120,rate_command,0,0,0
100050000,535,14,2795343060,2827604120,rate_command,0,0,0
100050000,536,15,2795343060,2827604120,rate_command,0,0,0
100050000,537,16,2795343060,2827604120,rate_command,0,0,0
100050000,538,17,2795343060,2827604120,rate_command,0,0,0
100050000,539,18,2795343060,2827604120,rate_command,0,0,0
100050000,540,19,2795343060,2827604120,rate_command,0,0,0
100050000,541,20,2795343060,2827604120,rate_command,0,0,0
100050000,542,21,2795343060,2827604120,rate_command,0,0,0
100050000,543,22,2795343060,2827604120,rate_command,0,0,0
100050000,544,23,2795343060,2827604120,rate_command,0,0,0
100050000,545,24,2795343060,2827604120,rate_command,0,0,0
100050000,546,25,2795343060,2827604120,rate_command,0,0,0
100050000,547,26,2795343060,2827604120,rate_command,0,0,0
100050000,548,27,2795343060,2827604120,rate_command,0,0,0
100050000,549,28,2795343060,2827604120,rate_command,0,0,0
100050000,550,29,2795343060,2827604120,rate_command,0,0,0
100050000,551,30,2795343060,2827604120,rate_command,0,0,0
100050000,552,31,2795343060,2827604120,rate_command,0,0,0
100050000,553,32,2795343060,2827604120,rate_command,0,0,0
100050000,554,33,2795343060,2827604120,rate_command,0,0,0
100050000,555,34,2795343060,2827604120,rate_command,0,0,0
100050000,556,35,2795343060,2827604120,rate_command,0,0,0
100050000,557,36,2795343060,2827604120,rate_command,0,0,0
100050000,558,37,2795343060,2827604120,rate_command,0,0,0
100050000,559,38,2795343060,2827604120,rate_command,0,0,0
100050000,560,39,2795343060,2827604120,rate_command,0,0,0
100050000,561,40,2795343060,2827604120,rate_command,0,0,0
100050000,562,41,2795343060,2827604120,rate_command,0,0,0
100050000,563,42,2795343060,2827604120,rate_command,0,0,0
100050000,564,43,2795343060,2827604120,rate_command,0,0,0
100050000,565,44,2795343060,2827604120,rate_command,0,0,0
100050000,566,45,2795343060,2827604120,rate_command,0,0,0
100050000,567,46,2795343060,2827604120,rate_command,0,0,0
100050000,568,47,2795343060,2827604120,rate_command,0,0,0
100050000,569,48,2795343060,2827604120,rate_command,0,0,0
100050000,570,49,2795343060,2827604120,rate_command,0,0,0
100050000,571,50,2795343060,2827604120,rate_command,0,0,0
100050000,571,50,0,2827604120,sender_rate_effect,0,0,13328
100050000,572,51,2795343060,2827604120,rate_command,0,0,0
100050000,573,52,2795343060,2827604120,rate_command,0,0,0
100050000,574,53,2795343060,2827604120,rate_command,0,0,0
100050000,575,54,2795343060,2827604120,rate_command,0,0,0
100050000,576,55,2795343060,2827604120,rate_command,0,0,0
100050000,577,56,2795343060,2827604120,rate_command,0,0,0
100050000,578,57,2795343060,2827604120,rate_command,0,0,0
100050000,579,58,2795343060,2827604120,rate_command,0,0,0
100050000,580,59,2795343060,2827604120,rate_command,0,0,0
100050000,581,60,2795343060,2827604120,rate_command,0,0,0
100050000,582,61,2795343060,2827604120,rate_command,0,0,0
100050000,583,62,2795343060,2827604120,rate_command,0,0,0
100050000,584,63,2795343060,2827604120,rate_command,0,0,0
100050000,585,64,2795343060,2827604120,rate_command,0,0,0
100050001,572,51,0,2827604120,sender_rate_effect,1,0,13328
100050001,573,52,0,2827604120,sender_rate_effect,1,0,13328
100050016,420,29,0,2741122790,first_affected_at_bottleneck,9241,10016,10472
100050038,574,53,0,2827604120,sender_rate_effect,38,0,13328
100050055,422,31,0,2741122790,first_affected_at_bottleneck,9280,10055,10472
100050081,575,54,0,2827604120,sender_rate_effect,81,0,13328
100050094,425,34,0,2741122790,first_affected_at_bottleneck,9319,10094,10472
100050108,521,0,0,21810919407,sender_rate_effect,108,0,1748546016
100050125,576,55,0,2827604120,sender_rate_effect,125,0,13328
100050133,424,33,0,2741122790,first_affected_at_bottleneck,9358,10133,10472
100050160,577,56,0,2827604120,sender_rate_effect,160,0,13328
100050160,578,57,0,2827604120,sender_rate_effect,160,0,13328
100050160,579,58,0,2827604120,sender_rate_effect,160,0,13328
100050160,580,59,0,2827604120,sender_rate_effect,160,0,13328
100050160,581,60,0,2827604120,sender_rate_effect,160,0,13328
100050160,582,61,0,2827604120,sender_rate_effect,160,0,13328
100050160,583,62,0,2827604120,sender_rate_effect,160,0,13328
100050160,584,63,0,2827604120,sender_rate_effect,160,0,13328
100050160,585,64,0,2827604120,sender_rate_effect,160,0,13328
100050172,426,35,0,2741122790,first_affected_at_bottleneck,9397,10172,10472
100050211,428,37,0,2741122790,first_affected_at_bottleneck,9436,10211,10472
100050250,430,39,0,2741122790,first_affected_at_bottleneck,9475,10250,10472
100050289,429,38,0,2741122790,first_affected_at_bottleneck,9514,10289,10472
100050328,418,27,0,2741122790,first_affected_at_bottleneck,9553,10328,10472
100050367,419,28,0,2741122790,first_affected_at_bottleneck,9592,10367,10472
100050406,427,36,0,2741122790,first_affected_at_bottleneck,9631,10406,10472
100050445,432,41,0,2741122790,first_affected_at_bottleneck,9460,10445,10472
100050484,431,40,0,2741122790,first_affected_at_bottleneck,9542,10484,10472
100050523,433,42,0,2741122790,first_affected_at_bottleneck,9494,10523,10472
100050562,434,43,0,2741122790,first_affected_at_bottleneck,9490,10562,10472
100050577,392,1,0,2741122790,arrival_at_bottleneck,7979,10577,11424
100050577,395,4,0,2741122790,arrival_at_bottleneck,7979,10577,11424
100050577,397,6,0,2741122790,arrival_at_bottleneck,7979,10577,11424
100050616,396,5,0,2741122790,arrival_at_bottleneck,8018,10616,11424
100050640,435,44,0,2741122790,first_affected_at_bottleneck,9524,10640,10472
100050655,393,2,0,2741122790,arrival_at_bottleneck,8057,10655,11424
100050679,436,45,0,2741122790,first_affected_at_bottleneck,9520,10679,10472
100050694,394,3,0,2741122790,arrival_at_bottleneck,8096,10694,11424
100050718,437,46,0,2741122790,first_affected_at_bottleneck,9515,10718,10472
100050757,438,47,0,2741122790,first_affected_at_bottleneck,9511,10757,10472
100050796,439,48,0,2741122790,first_affected_at_bottleneck,9506,10796,10472
100050835,440,49,0,2741122790,first_affected_at_bottleneck,9502,10835,10472
100050874,441,50,0,2741122790,first_affected_at_bottleneck,9498,10874,10472
100050913,442,51,0,2741122790,first_affected_at_bottleneck,9493,10913,10472
100050991,443,52,0,2741122790,first_affected_at_bottleneck,9528,10991,10472
100051030,444,53,0,2741122790,first_affected_at_bottleneck,9523,11030,10472
100051069,445,54,0,2741122790,first_affected_at_bottleneck,9519,11069,10472
100051072,522,1,0,2827604120,sender_rate_effect,1072,0,14280
100051072,523,2,0,2827604120,sender_rate_effect,1072,0,14280
100051072,524,3,0,2827604120,sender_rate_effect,1072,0,14280
100051072,525,4,0,2827604120,sender_rate_effect,1072,0,14280
100051072,526,5,0,2827604120,sender_rate_effect,1072,0,14280
100051072,527,6,0,2827604120,sender_rate_effect,1072,0,14280
100051108,446,55,0,2741122790,first_affected_at_bottleneck,9514,11108,10472
100051147,447,56,0,2741122790,first_affected_at_bottleneck,9518,11147,10472
100051186,448,57,0,2741122790,first_affected_at_bottleneck,9557,11186,10472
100051225,450,59,0,2741122790,first_affected_at_bottleneck,9596,11225,10472
100051264,451,60,0,2741122790,first_affected_at_bottleneck,9635,11264,10472
100051303,449,58,0,2741122790,first_affected_at_bottleneck,9674,11303,10472
100051342,454,63,0,2741122790,first_affected_at_bottleneck,9713,11342,10472
100051381,452,61,0,2741122790,first_affected_at_bottleneck,9752,11381,10472
100051420,455,64,0,2741122790,first_affected_at_bottleneck,9791,11420,10472
100051459,453,62,0,2741122790,first_affected_at_bottleneck,9830,11459,10472
100051463,528,7,0,2827604120,sender_rate_effect,1463,0,14280
100051507,529,8,0,2827604120,sender_rate_effect,1507,0,14280
100051513,521,0,0,21810919407,arrival_at_bottleneck,1405,1513,1748546016
100051550,530,9,0,2827604120,sender_rate_effect,1550,0,14280
100051594,531,10,0,2827604120,sender_rate_effect,1594,0,14280
100051615,392,1,0,2741122790,first_affected_at_bottleneck,9017,11615,11424
100051637,532,11,0,2827604120,sender_rate_effect,1637,0,14280
100051654,395,4,0,2741122790,first_affected_at_bottleneck,9056,11654,11424
100051681,533,12,0,2827604120,sender_rate_effect,1681,0,14280
100051693,397,6,0,2741122790,first_affected_at_bottleneck,9095,11693,11424
100051724,534,13,0,2827604120,sender_rate_effect,1724,0,14280
100051732,396,5,0,2741122790,first_affected_at_bottleneck,9134,11732,11424
100051768,535,14,0,2827604120,sender_rate_effect,1768,0,14280
100051771,393,2,0,2741122790,first_affected_at_bottleneck,9173,11771,11424
100051810,394,3,0,2741122790,first_affected_at_bottleneck,9212,11810,11424
100051811,536,15,0,2827604120,sender_rate_effect,1811,0,14280
100051855,537,16,0,2827604120,sender_rate_effect,1855,0,14280
100051898,538,17,0,2827604120,sender_rate_effect,1898,0,14280
100051941,539,18,0,2827604120,sender_rate_effect,1941,0,14280
100051985,540,19,0,2827604120,sender_rate_effect,1985,0,14280
100052028,541,20,0,2827604120,sender_rate_effect,2028,0,14280
100052072,542,21,0,2827604120,sender_rate_effect,2072,0,14280
100052115,543,22,0,2827604120,sender_rate_effect,2115,0,14280
100052159,544,23,0,2827604120,sender_rate_effect,2159,0,14280
100052168,545,24,0,2827604120,sender_rate_effect,2168,0,14280
100052168,546,25,0,2827604120,sender_rate_effect,2168,0,14280
100052168,547,26,0,2827604120,sender_rate_effect,2168,0,14280
100052168,548,27,0,2827604120,sender_rate_effect,2168,0,14280
100052168,549,28,0,2827604120,sender_rate_effect,2168,0,14280
100052168,550,29,0,2827604120,sender_rate_effect,2168,0,14280
100052168,551,30,0,2827604120,sender_rate_effect,2168,0,14280
100052168,552,31,0,2827604120,sender_rate_effect,2168,0,14280
100052168,553,32,0,2827604120,sender_rate_effect,2168,0,14280
100052168,554,33,0,2827604120,sender_rate_effect,2168,0,14280
100052168,555,34,0,2827604120,sender_rate_effect,2168,0,14280
100052168,556,35,0,2827604120,sender_rate_effect,2168,0,14280
100052168,557,36,0,2827604120,sender_rate_effect,2168,0,14280
100052168,558,37,0,2827604120,sender_rate_effect,2168,0,14280
100052168,559,38,0,2827604120,sender_rate_effect,2168,0,14280
100052168,560,39,0,2827604120,sender_rate_effect,2168,0,14280
100052335,561,40,0,2827604120,sender_rate_effect,2335,0,14280
100052378,562,41,0,2827604120,sender_rate_effect,2378,0,14280
100052422,563,42,0,2827604120,sender_rate_effect,2422,0,14280
100052434,521,0,0,21810919407,first_affected_at_bottleneck,2326,2434,1748546016
100052465,564,43,0,2827604120,sender_rate_effect,2465,0,14280
100052509,565,44,0,2827604120,sender_rate_effect,2509,0,14280
100052552,566,45,0,2827604120,sender_rate_effect,2552,0,14280
100052596,567,46,0,2827604120,sender_rate_effect,2596,0,14280
100052639,568,47,0,2827604120,sender_rate_effect,2639,0,14280
100052683,569,48,0,2827604120,sender_rate_effect,2683,0,14280
100052726,570,49,0,2827604120,sender_rate_effect,2726,0,14280
100053439,457,1,0,2795343060,arrival_at_bottleneck,7979,8439,12376
100053439,460,4,0,2795343060,arrival_at_bottleneck,7979,8439,12376
100053439,462,6,0,2795343060,arrival_at_bottleneck,7979,8439,12376
100053478,461,5,0,2795343060,arrival_at_bottleneck,8018,8478,12376
100053517,458,2,0,2795343060,arrival_at_bottleneck,8057,8517,12376
100053556,459,3,0,2795343060,arrival_at_bottleneck,8096,8556,12376
100053830,463,7,0,2795343060,arrival_at_bottleneck,7979,8830,12376
100053874,464,8,0,2795343060,arrival_at_bottleneck,7979,8874,12376
100053917,465,9,0,2795343060,arrival_at_bottleneck,7979,8917,12376
100053961,466,10,0,2795343060,arrival_at_bottleneck,7979,8961,12376
100054004,467,11,0,2795343060,arrival_at_bottleneck,7979,9004,12376
100054048,468,12,0,2795343060,arrival_at_bottleneck,7979,9048,12376
100054091,469,13,0,2795343060,arrival_at_bottleneck,7979,9091,12376
100054135,470,14,0,2795343060,arrival_at_bottleneck,7979,9135,12376
100054178,471,15,0,2795343060,arrival_at_bottleneck,7979,9178,12376
100054222,472,16,0,2795343060,arrival_at_bottleneck,7979,9222,12376
100054265,473,17,0,2795343060,arrival_at_bottleneck,7979,9265,12376
100054308,474,18,0,2795343060,arrival_at_bottleneck,7979,9308,12376
100054352,475,19,0,2795343060,arrival_at_bottleneck,7979,9352,12376
100054395,476,20,0,2795343060,arrival_at_bottleneck,7979,9395,12376
100054423,457,1,0,2795343060,first_affected_at_bottleneck,8963,9423,12376
100054439,477,21,0,2795343060,arrival_at_bottleneck,7979,9439,12376
100054462,460,4,0,2795343060,first_affected_at_bottleneck,9002,9462,12376
100054482,478,22,0,2795343060,arrival_at_bottleneck,7979,9482,12376
100054501,462,6,0,2795343060,first_affected_at_bottleneck,9041,9501,12376
100054526,479,23,0,2795343060,arrival_at_bottleneck,7979,9526,12376
100054535,480,24,0,2795343060,arrival_at_bottleneck,7979,9535,12376
100054535,481,25,0,2795343060,arrival_at_bottleneck,7979,9535,12376
100054535,482,26,0,2795343060,arrival_at_bottleneck,7979,9535,12376
100054540,461,5,0,2795343060,first_affected_at_bottleneck,9080,9540,12376
100054565,488,32,0,2795343060,arrival_at_bottleneck,8009,9565,12376
100054574,486,30,0,2795343060,arrival_at_bottleneck,8018,9574,12376
100054574,485,29,0,2795343060,arrival_at_bottleneck,8018,9574,12376
100054574,487,31,0,2795343060,arrival_at_bottleneck,8018,9574,12376
100054579,458,2,0,2795343060,first_affected_at_bottleneck,9119,9579,12376
100054604,490,34,0,2795343060,arrival_at_bottleneck,8048,9604,12376
100054613,489,33,0,2795343060,arrival_at_bottleneck,8057,9613,12376
100054613,491,35,0,2795343060,arrival_at_bottleneck,8057,9613,12376
100054618,459,3,0,2795343060,first_affected_at_bottleneck,9158,9618,12376
100054643,493,37,0,2795343060,arrival_at_bottleneck,8087,9643,12376
100054652,495,39,0,2795343060,arrival_at_bottleneck,8096,9652,12376
100054652,494,38,0,2795343060,arrival_at_bottleneck,8096,9652,12376
100054691,483,27,0,2795343060,arrival_at_bottleneck,8135,9691,12376
100054691,484,28,0,2795343060,arrival_at_bottleneck,8135,9691,12376
100054696,463,7,0,2795343060,first_affected_at_bottleneck,8845,9696,12376
100054730,492,36,0,2795343060,arrival_at_bottleneck,8174,9730,12376
100054735,464,8,0,2795343060,first_affected_at_bottleneck,8840,9735,12376
100054745,497,41,0,2795343060,arrival_at_bottleneck,7979,9745,12376
100054769,496,40,0,2795343060,arrival_at_bottleneck,8046,9769,12376
100054774,465,9,0,2795343060,first_affected_at_bottleneck,8836,9774,12376
100054789,498,42,0,2795343060,arrival_at_bottleneck,7979,9789,12376
100054813,466,10,0,2795343060,first_affected_at_bottleneck,8831,9813,12376
100054832,499,43,0,2795343060,arrival_at_bottleneck,7979,9832,12376
100054852,467,11,0,2795343060,first_affected_at_bottleneck,8827,9852,12376
100054876,500,44,0,2795343060,arrival_at_bottleneck,7979,9876,12376
100054891,468,12,0,2795343060,first_affected_at_bottleneck,8822,9891,12376
100054919,501,45,0,2795343060,arrival_at_bottleneck,7979,9919,12376
100054963,502,46,0,2795343060,arrival_at_bottleneck,7979,9963,12376
100054969,469,13,0,2795343060,first_affected_at_bottleneck,8857,9969,12376
100055000,586,0,21810919407,20067643584,rate_command,0,0,0
100055000,587,1,2909204384,2898943068,rate_command,0,0,0
100055000,588,2,2909204384,2898943068,rate_command,0,0,0
100055000,589,3,2909204384,2898943068,rate_command,0,0,0
100055000,590,4,2909204384,2898943068,rate_command,0,0,0
100055000,591,5,2909204384,2898943068,rate_command,0,0,0
100055000,592,6,2909204384,2898943068,rate_command,0,0,0
100055000,593,7,2909204384,2898943068,rate_command,0,0,0
100055000,594,8,2909204384,2898943068,rate_command,0,0,0
100055000,595,9,2909204384,2898943068,rate_command,0,0,0
100055000,596,10,2909204384,2898943068,rate_command,0,0,0
100055000,597,11,2909204384,2898943068,rate_command,0,0,0
100055000,598,12,2909204384,2898943068,rate_command,0,0,0
100055000,599,13,2909204384,2898943068,rate_command,0,0,0
100055000,600,14,2909204384,2898943068,rate_command,0,0,0
100055000,601,15,2909204384,2898943068,rate_command,0,0,0
100055000,602,16,2909204384,2898943068,rate_command,0,0,0
100055000,603,17,2909204384,2898943068,rate_command,0,0,0
100055000,604,18,2909204384,2898943068,rate_command,0,0,0
100055000,605,19,2909204384,2898943068,rate_command,0,0,0
100055000,606,20,2909204384,2898943068,rate_command,0,0,0
100055000,607,21,2909204384,2898943068,rate_command,0,0,0
100055000,608,22,2909204384,2898943068,rate_command,0,0,0
100055000,609,23,2909204384,2898943068,rate_command,0,0,0
100055000,610,24,2909204384,2898943068,rate_command,0,0,0
100055000,611,25,2909204384,2898943068,rate_command,0,0,0
100055000,612,26,2909204384,2898943068,rate_command,0,0,0
100055000,613,27,2909204384,2898943068,rate_command,0,0,0
100055000,614,28,2909204384,2898943068,rate_command,0,0,0
100055000,615,29,2909204384,2898943068,rate_command,0,0,0
100055000,616,30,2909204384,2898943068,rate_command,0,0,0
100055000,617,31,2909204384,2898943068,rate_command,0,0,0
100055000,618,32,2909204384,2898943068,rate_command,0,0,0
100055000,619,33,2909204384,2898943068,rate_command,0,0,0
100055000,620,34,2909204384,2898943068,rate_command,0,0,0
100055000,621,35,2909204384,2898943068,rate_command,0,0,0
100055000,622,36,2909204384,2898943068,rate_command,0,0,0
100055000,623,37,2909204384,2898943068,rate_command,0,0,0
100055000,624,38,2909204384,2898943068,rate_command,0,0,0
100055000,625,39,2909204384,2898943068,rate_command,0,0,0
100055000,626,40,2909204384,2898943068,rate_command,0,0,0
100055000,627,41,2909204384,2898943068,rate_command,0,0,0
100055000,628,42,2909204384,2898943068,rate_command,0,0,0
100055000,629,43,2909204384,2898943068,rate_command,0,0,0
100055000,630,44,2909204384,2898943068,rate_command,0,0,0
100055000,631,45,2909204384,2898943068,rate_command,0,0,0
100055000,632,46,2909204384,2898943068,rate_command,0,0,0
100055000,633,47,2909204384,2898943068,rate_command,0,0,0
100055000,634,48,2909204384,2898943068,rate_command,0,0,0
100055000,635,49,2909204384,2898943068,rate_command,0,0,0
100055000,636,50,2909204384,2898943068,rate_command,0,0,0
100055000,637,51,2909204384,2898943068,rate_command,0,0,0
100055000,638,52,2909204384,2898943068,rate_command,0,0,0
100055000,639,53,2909204384,2898943068,rate_command,0,0,0
100055000,640,54,2909204384,2898943068,rate_command,0,0,0
100055000,641,55,2909204384,2898943068,rate_command,0,0,0
100055000,642,56,2909204384,2898943068,rate_command,0,0,0
100055000,643,57,2909204384,2898943068,rate_command,0,0,0
100055000,644,58,2909204384,2898943068,rate_command,0,0,0
100055000,645,59,2909204384,2898943068,rate_command,0,0,0
100055000,646,60,2909204384,2898943068,rate_command,0,0,0
100055000,647,61,2909204384,2898943068,rate_command,0,0,0
100055000,648,62,2909204384,2898943068,rate_command,0,0,0
100055000,649,63,2909204384,2898943068,rate_command,0,0,0
100055000,650,64,2909204384,2898943068,rate_command,0,0,0
100055006,503,47,0,2795343060,arrival_at_bottleneck,7979,10006,12376
100055008,470,14,0,2795343060,first_affected_at_bottleneck,8852,10008,12376
100055047,471,15,0,2795343060,first_affected_at_bottleneck,8848,10047,12376
100055050,504,48,0,2795343060,arrival_at_bottleneck,7979,10050,12376
100055060,626,40,0,2898943068,sender_rate_effect,60,0,15232
100055086,472,16,0,2795343060,first_affected_at_bottleneck,8843,10086,12376
100055093,505,49,0,2795343060,arrival_at_bottleneck,7979,10093,12376
100055103,627,41,0,2898943068,sender_rate_effect,103,0,15232
100055118,508,52,0,2795343060,arrival_at_bottleneck,7874,10118,12376
100055125,473,17,0,2795343060,first_affected_at_bottleneck,8839,10125,12376
100055132,506,50,0,2795343060,arrival_at_bottleneck,7975,10132,12376
100055147,628,42,0,2898943068,sender_rate_effect,147,0,15232
100055164,474,18,0,2795343060,first_affected_at_bottleneck,8835,10164,12376
100055171,509,53,0,2795343060,arrival_at_bottleneck,7883,10171,12376
100055190,629,43,0,2898943068,sender_rate_effect,190,0,15232
100055198,510,54,0,2795343060,arrival_at_bottleneck,7867,10198,12376
100055203,475,19,0,2795343060,first_affected_at_bottleneck,8830,10203,12376
100055210,507,51,0,2795343060,arrival_at_bottleneck,8009,10210,12376
100055234,630,44,0,2898943068,sender_rate_effect,234,0,15232
100055242,511,55,0,2795343060,arrival_at_bottleneck,7867,10242,12376
100055242,476,20,0,2795343060,first_affected_at_bottleneck,8826,10242,12376
100055264,586,0,0,20067643584,sender_rate_effect,264,0,1748559344
100055277,512,56,0,2795343060,arrival_at_bottleneck,7867,10277,12376
100055277,513,57,0,2795343060,arrival_at_bottleneck,7867,10277,12376
100055277,515,59,0,2795343060,arrival_at_bottleneck,7867,10277,12376
100055277,631,45,0,2898943068,sender_rate_effect,277,0,15232
100055281,516,60,0,2795343060,arrival_at_bottleneck,7871,10281,12376
100055281,477,21,0,2795343060,first_affected_at_bottleneck,8821,10281,12376
100055316,514,58,0,2795343060,arrival_at_bottleneck,7906,10316,12376
100055316,519,63,0,2795343060,arrival_at_bottleneck,7906,10316,12376
100055320,517,61,0,2795343060,arrival_at_bottleneck,7910,10320,12376
100055321,632,46,0,2898943068,sender_rate_effect,321,0,15232
100055355,520,64,0,2795343060,arrival_at_bottleneck,7945,10355,12376
100055359,518,62,0,2795343060,arrival_at_bottleneck,7949,10359,12376
100055359,478,22,0,2795343060,first_affected_at_bottleneck,8856,10359,12376
100055364,633,47,0,2898943068,sender_rate_effect,364,0,15232
100055398,479,23,0,2795343060,first_affected_at_bottleneck,8851,10398,12376
100055408,634,48,0,2898943068,sender_rate_effect,408,0,15232
100055437,480,24,0,2795343060,first_affected_at_bottleneck,8881,10437,12376
100055451,635,49,0,2898943068,sender_rate_effect,451,0,15232
100055475,636,50,0,2898943068,sender_rate_effect,475,0,15232
100055476,637,51,0,2898943068,sender_rate_effect,476,0,15232
100055476,638,52,0,2898943068,sender_rate_effect,476,0,15232
100055476,481,25,0,2795343060,first_affected_at_bottleneck,8920,10476,12376
100055513,639,53,0,2898943068,sender_rate_effect,513,0,15232
100055515,482,26,0,2795343060,first_affected_at_bottleneck,8959,10515,12376
100055554,488,32,0,2795343060,first_affected_at_bottleneck,8998,10554,12376
100055556,640,54,0,2898943068,sender_rate_effect,556,0,15232
100055593,486,30,0,2795343060,first_affected_at_bottleneck,9037,10593,12376
100055600,641,55,0,2898943068,sender_rate_effect,600,0,15232
100055632,485,29,0,2795343060,first_affected_at_bottleneck,9076,10632,12376
100055635,642,56,0,2898943068,sender_rate_effect,635,0,15232
100055635,643,57,0,2898943068,sender_rate_effect,635,0,15232
100055635,644,58,0,2898943068,sender_rate_effect,635,0,15232
100055635,645,59,0,2898943068,sender_rate_effect,635,0,15232
100055635,646,60,0,2898943068,sender_rate_effect,635,0,15232
100055635,647,61,0,2898943068,sender_rate_effect,635,0,15232
100055635,648,62,0,2898943068,sender_rate_effect,635,0,15232
100055635,649,63,0,2898943068,sender_rate_effect,635,0,15232
100055635,650,64,0,2898943068,sender_rate_effect,635,0,15232
100055671,487,31,0,2795343060,first_affected_at_bottleneck,9115,10671,12376
100055710,490,34,0,2795343060,first_affected_at_bottleneck,9154,10710,12376
100055749,489,33,0,2795343060,first_affected_at_bottleneck,9193,10749,12376
100055788,491,35,0,2795343060,first_affected_at_bottleneck,9232,10788,12376
100055827,493,37,0,2795343060,first_affected_at_bottleneck,9271,10827,12376
100055866,495,39,0,2795343060,first_affected_at_bottleneck,9310,10866,12376
100055905,494,38,0,2795343060,first_affected_at_bottleneck,9349,10905,12376
100055944,483,27,0,2795343060,first_affected_at_bottleneck,9388,10944,12376
100055983,484,28,0,2795343060,first_affected_at_bottleneck,9427,10983,12376
100056022,492,36,0,2795343060,first_affected_at_bottleneck,9466,11022,12376
100056061,497,41,0,2795343060,first_affected_at_bottleneck,9295,11061,12376
100056100,496,40,0,2795343060,first_affected_at_bottleneck,9377,11100,12376
100056139,498,42,0,2795343060,first_affected_at_bottleneck,9329,11139,12376
100056217,499,43,0,2795343060,first_affected_at_bottleneck,9364,11217,12376
100056256,500,44,0,2795343060,first_affected_at_bottleneck,9359,11256,12376
100056295,501,45,0,2795343060,first_affected_at_bottleneck,9355,11295,12376
100056334,502,46,0,2795343060,first_affected_at_bottleneck,9350,11334,12376
100056373,503,47,0,2795343060,first_affected_at_bottleneck,9346,11373,12376
100056412,504,48,0,2795343060,first_affected_at_bottleneck,9341,11412,12376
100056451,505,49,0,2795343060,first_affected_at_bottleneck,9337,11451,12376
100056490,508,52,0,2795343060,first_affected_at_bottleneck,9246,11490,12376
100056529,506,50,0,2795343060,first_affected_at_bottleneck,9372,11529,12376
100056547,587,1,0,2898943068,sender_rate_effect,1547,0,16184
100056547,588,2,0,2898943068,sender_rate_effect,1547,0,16184
100056547,589,3,0,2898943068,sender_rate_effect,1547,0,16184
100056547,590,4,0,2898943068,sender_rate_effect,1547,0,16184
100056547,591,5,0,2898943068,sender_rate_effect,1547,0,16184
100056547,592,6,0,2898943068,sender_rate_effect,1547,0,16184
100056568,509,53,0,2795343060,first_affected_at_bottleneck,9280,11568,12376
100056646,510,54,0,2795343060,first_affected_at_bottleneck,9315,11646,12376
100056685,507,51,0,2795343060,first_affected_at_bottleneck,9484,11685,12376
100056701,586,0,0,20067643584,arrival_at_bottleneck,1437,1701,1748559344
100056724,511,55,0,2795343060,first_affected_at_bottleneck,9349,11724,12376
100056763,512,56,0,2795343060,first_affected_at_bottleneck,9353,11763,12376
100056802,513,57,0,2795343060,first_affected_at_bottleneck,9392,11802,12376
100056841,515,59,0,2795343060,first_affected_at_bottleneck,9431,11841,12376
100056880,516,60,0,2795343060,first_affected_at_bottleneck,9470,11880,12376
100056919,514,58,0,2795343060,first_affected_at_bottleneck,9509,11919,12376
100056938,593,7,0,2898943068,sender_rate_effect,1938,0,16184
100056958,519,63,0,2795343060,first_affected_at_bottleneck,9548,11958,12376
100056982,594,8,0,2898943068,sender_rate_effect,1982,0,16184
100056997,517,61,0,2795343060,first_affected_at_bottleneck,9587,11997,12376
100057025,595,9,0,2898943068,sender_rate_effect,2025,0,16184
100057036,520,64,0,2795343060,first_affected_at_bottleneck,9626,12036,12376
100057069,596,10,0,2898943068,sender_rate_effect,2069,0,16184
100057075,518,62,0,2795343060,first_affected_at_bottleneck,9665,12075,12376
100057112,597,11,0,2898943068,sender_rate_effect,2112,0,16184
100057156,598,12,0,2898943068,sender_rate_effect,2156,0,16184
100057199,599,13,0,2898943068,sender_rate_effect,2199,0,16184
100057243,600,14,0,2898943068,sender_rate_effect,2243,0,16184
100057286,601,15,0,2898943068,sender_rate_effect,2286,0,16184
100057330,602,16,0,2898943068,sender_rate_effect,2330,0,16184
100057373,603,17,0,2898943068,sender_rate_effect,2373,0,16184
100057416,604,18,0,2898943068,sender_rate_effect,2416,0,16184
100057460,605,19,0,2898943068,sender_rate_effect,2460,0,16184
100057503,606,20,0,2898943068,sender_rate_effect,2503,0,16184
100057547,607,21,0,2898943068,sender_rate_effect,2547,0,16184
100057582,586,0,0,20067643584,first_affected_at_bottleneck,2318,2582,1748559344
100057590,608,22,0,2898943068,sender_rate_effect,2590,0,16184
100057634,609,23,0,2898943068,sender_rate_effect,2634,0,16184
100057643,610,24,0,2898943068,sender_rate_effect,2643,0,16184
100057643,611,25,0,2898943068,sender_rate_effect,2643,0,16184
100057643,612,26,0,2898943068,sender_rate_effect,2643,0,16184
100057643,613,27,0,2898943068,sender_rate_effect,2643,0,16184
100057643,614,28,0,2898943068,sender_rate_effect,2643,0,16184
100057643,615,29,0,2898943068,sender_rate_effect,2643,0,16184
100057643,616,30,0,2898943068,sender_rate_effect,2643,0,16184
100057643,617,31,0,2898943068,sender_rate_effect,2643,0,16184
100057643,618,32,0,2898943068,sender_rate_effect,2643,0,16184
100057643,619,33,0,2898943068,sender_rate_effect,2643,0,16184
100057643,620,34,0,2898943068,sender_rate_effect,2643,0,16184
100057643,621,35,0,2898943068,sender_rate_effect,2643,0,16184
100057643,622,36,0,2898943068,sender_rate_effect,2643,0,16184
100057643,623,37,0,2898943068,sender_rate_effect,2643,0,16184
100057643,624,38,0,2898943068,sender_rate_effect,2643,0,16184
100057643,625,39,0,2898943068,sender_rate_effect,2643,0,16184
100057868,573,52,0,2827604120,arrival_at_bottleneck,7867,7868,13328
100057882,571,50,0,2827604120,arrival_at_bottleneck,7882,7882,13328
100057921,574,53,0,2827604120,arrival_at_bottleneck,7883,7921,13328
100057948,575,54,0,2827604120,arrival_at_bottleneck,7867,7948,13328
100057960,572,51,0,2827604120,arrival_at_bottleneck,7959,7960,13328
100057992,576,55,0,2827604120,arrival_at_bottleneck,7867,7992,13328
100058027,577,56,0,2827604120,arrival_at_bottleneck,7867,8027,13328
100058027,578,57,0,2827604120,arrival_at_bottleneck,7867,8027,13328
100058027,580,59,0,2827604120,arrival_at_bottleneck,7867,8027,13328
100058031,581,60,0,2827604120,arrival_at_bottleneck,7871,8031,13328
100058066,579,58,0,2827604120,arrival_at_bottleneck,7906,8066,13328
100058066,584,63,0,2827604120,arrival_at_bottleneck,7906,8066,13328
100058070,582,61,0,2827604120,arrival_at_bottleneck,7910,8070,13328
100058105,585,64,0,2827604120,arrival_at_bottleneck,7945,8105,13328
100058109,583,62,0,2827604120,arrival_at_bottleneck,7949,8109,13328
100058939,522,1,0,2827604120,arrival_at_bottleneck,7867,8939,14280
100058939,525,4,0,2827604120,arrival_at_bottleneck,7867,8939,14280
100058939,527,6,0,2827604120,arrival_at_bottleneck,7867,8939,14280
100058978,526,5,0,2827604120,arrival_at_bottleneck,7906,8978,14280
100059017,523,2,0,2827604120,arrival_at_bottleneck,7945,9017,14280
100059056,524,3,0,2827604120,arrival_at_bottleneck,7984,9056,14280
100059259,573,52,0,2827604120,first_affected_at_bottleneck,9258,9259,13328
100059298,571,50,0,2827604120,first_affected_at_bottleneck,9298,9298,13328
100059330,528,7,0,2827604120,arrival_at_bottleneck,7867,9330,14280
100059374,529,8,0,2827604120,arrival_at_bottleneck,7867,9374,14280
100059376,574,53,0,2827604120,first_affected_at_bottleneck,9338,9376,13328
100059415,575,54,0,2827604120,first_affected_at_bottleneck,9334,9415,13328
100059417,530,9,0,2827604120,arrival_at_bottleneck,7867,9417,14280
100059454,572,51,0,2827604120,first_affected_at_bottleneck,9453,9454,13328
100059461,531,10,0,2827604120,arrival_at_bottleneck,7867,9461,14280
100059493,576,55,0,2827604120,first_affected_at_bottleneck,9368,9493,13328
100059504,532,11,0,2827604120,arrival_at_bottleneck,7867,9504,14280
100059532,577,56,0,2827604120,first_affected_at_bottleneck,9372,9532,13328
100059548,533,12,0,2827604120,arrival_at_bottleneck,7867,9548,14280
100059571,578,57,0,2827604120,first_affected_at_bottleneck,9411,9571,13328
100059591,534,13,0,2827604120,arrival_at_bottleneck,7867,9591,14280
100059610,580,59,0,2827604120,first_affected_at_bottleneck,9450,9610,13328
100059635,535,14,0,2827604120,arrival_at_bottleneck,7867,9635,14280
100059649,581,60,0,2827604120,first_affected_at_bottleneck,9489,9649,13328
100059678,536,15,0,2827604120,arrival_at_bottleneck,7867,9678,14280
100059688,579,58,0,2827604120,first_affected_at_bottleneck,9528,9688,13328
100059722,537,16,0,2827604120,arrival_at_bottleneck,7867,9722,14280
100059727,584,63,0,2827604120,first_affected_at_bottleneck,9567,9727,13328
100059765,538,17,0,2827604120,arrival_at_bottleneck,7867,9765,14280
100059766,582,61,0,2827604120,first_affected_at_bottleneck,9606,9766,13328
100059805,585,64,0,2827604120,first_affected_at_bottleneck,9645,9805,13328
100059808,539,18,0,2827604120,arrival_at_bottleneck,7867,9808,14280
100059844,583,62,0,2827604120,first_affected_at_bottleneck,9684,9844,13328
100059852,540,19,0,2827604120,arrival_at_bottleneck,7867,9852,14280
100059895,541,20,0,2827604120,arrival_at_bottleneck,7867,9895,14280
100059939,542,21,0,2827604120,arrival_at_bottleneck,7867,9939,14280
100059961,522,1,0,2827604120,first_affected_at_bottleneck,8889,9961,14280
100059982,543,22,0,2827604120,arrival_at_bottleneck,7867,9982,14280
100060000,651,0,20067643584,18847350508,rate_command,0,0,0
100060000,525,4,0,2827604120,first_affected_at_bottleneck,8928,10000,14280
100060026,544,23,0,2827604120,arrival_at_bottleneck,7867,10026,14280
100060035,545,24,0,2827604120,arrival_at_bottleneck,7867,10035,14280
100060035,546,25,0,2827604120,arrival_at_bottleneck,7867,10035,14280
100060035,547,26,0,2827604120,arrival_at_bottleneck,7867,10035,14280
100060039,527,6,0,2827604120,first_affected_at_bottleneck,8967,10039,14280
100060065,553,32,0,2827604120,arrival_at_bottleneck,7897,10065,14280
100060066,651,0,0,18847350508,sender_rate_effect,66,0,1748570768
100060074,551,30,0,2827604120,arrival_at_bottleneck,7906,10074,14280
100060074,550,29,0,2827604120,arrival_at_bottleneck,7906,10074,14280
100060074,552,31,0,2827604120,arrival_at_bottleneck,7906,10074,14280
100060078,526,5,0,2827604120,first_affected_at_bottleneck,9006,10078,14280
100060104,555,34,0,2827604120,arrival_at_bottleneck,7936,10104,14280
100060113,554,33,0,2827604120,arrival_at_bottleneck,7945,10113,14280
100060113,556,35,0,2827604120,arrival_at_bottleneck,7945,10113,14280
100060117,523,2,0,2827604120,first_affected_at_bottleneck,9045,10117,14280
100060143,558,37,0,2827604120,arrival_at_bottleneck,7975,10143,14280
100060152,560,39,0,2827604120,arrival_at_bottleneck,7984,10152,14280
100060152,559,38,0,2827604120,arrival_at_bottleneck,7984,10152,14280
100060156,524,3,0,2827604120,first_affected_at_bottleneck,9084,10156,14280
100060191,548,27,0,2827604120,arrival_at_bottleneck,8023,10191,14280
100060191,549,28,0,2827604120,arrival_at_bottleneck,8023,10191,14280
100060220,562,41,0,2827604120,arrival_at_bottleneck,7842,10220,14280
100060230,557,36,0,2827604120,arrival_at_bottleneck,8062,10230,14280
100060234,528,7,0,2827604120,first_affected_at_bottleneck,8771,10234,14280
100060264,563,42,0,2827604120,arrival_at_bottleneck,7842,10264,14280
100060269,561,40,0,2827604120,arrival_at_bottleneck,7934,10269,14280
100060273,529,8,0,2827604120,first_affected_at_bottleneck,8766,10273,14280
100060308,564,43,0,2827604120,arrival_at_bottleneck,7843,10308,14280
100060312,530,9,0,2827604120,first_affected_at_bottleneck,8762,10312,14280
100060351,565,44,0,2827604120,arrival_at_bottleneck,7842,10351,14280
100060351,531,10,0,2827604120,first_affected_at_bottleneck,8757,10351,14280
100060394,566,45,0,2827604120,arrival_at_bottleneck,7842,10394,14280
100060429,532,11,0,2827604120,first_affected_at_bottleneck,8792,10429,14280
100060438,567,46,0,2827604120,arrival_at_bottleneck,7842,10438,14280
100060468,533,12,0,2827604120,first_affected_at_bottleneck,8787,10468,14280
100060481,568,47,0,2827604120,arrival_at_bottleneck,7842,10481,14280
100060507,534,13,0,2827604120,first_affected_at_bottleneck,8783,10507,14280
100060525,569,48,0,2827604120,arrival_at_bottleneck,7842,10525,14280
100060546,535,14,0,2827604120,first_affected_at_bottleneck,8778,10546,14280
100060568,570,49,0,2827604120,arrival_at_bottleneck,7842,10568,14280
100060585,536,15,0,2827604120,first_affected_at_bottleneck,8774,10585,14280
100060624,537,16,0,2827604120,first_affected_at_bottleneck,8769,10624,14280
100060663,538,17,0,2827604120,first_affected_at_bottleneck,8765,10663,14280
100060702,539,18,0,2827604120,first_affected_at_bottleneck,8761,10702,14280
100060741,540,19,0,2827604120,first_affected_at_bottleneck,8756,10741,14280
100060819,541,20,0,2827604120,first_affected_at_bottleneck,8791,10819,14280
100060858,542,21,0,2827604120,first_affected_at_bottleneck,8786,10858,14280
100060897,543,22,0,2827604120,first_affected_at_bottleneck,8782,10897,14280
100060936,544,23,0,2827604120,first_affected_at_bottleneck,8777,10936,14280
100060975,545,24,0,2827604120,first_affected_at_bottleneck,8807,10975,14280
100061014,546,25,0,2827604120,first_affected_at_bottleneck,8846,11014,14280
100061053,547,26,0,2827604120,first_affected_at_bottleneck,8885,11053,14280
100061092,553,32,0,2827604120,first_affected_at_bottleneck,8924,11092,14280
100061131,551,30,0,2827604120,first_affected_at_bottleneck,8963,11131,14280
100061170,550,29,0,2827604120,first_affected_at_bottleneck,9002,11170,14280
100061209,552,31,0,2827604120,first_affected_at_bottleneck,9041,11209,14280
100061248,555,34,0,2827604120,first_affected_at_bottleneck,9080,11248,14280
100061287,554,33,0,2827604120,first_affected_at_bottleneck,9119,11287,14280
100061326,556,35,0,2827604120,first_affected_at_bottleneck,9158,11326,14280
100061365,558,37,0,2827604120,first_affected_at_bottleneck,9197,11365,14280
100061404,560,39,0,2827604120,first_affected_at_bottleneck,9236,11404,14280
100061443,559,38,0,2827604120,first_affected_at_bottleneck,9275,11443,14280
100061482,548,27,0,2827604120,first_affected_at_bottleneck,9314,11482,14280
100061521,549,28,0,2827604120,first_affected_at_bottleneck,9353,11521,14280
100061529,651,0,0,18847350508,arrival_at_bottleneck,1463,1529,1748570768
100061560,562,41,0,2827604120,first_affected_at_bottleneck,9182,11560,14280
100061599,557,36,0,2827604120,first_affected_at_bottleneck,9431,11599,14280
100061638,563,42,0,2827604120,first_affected_at_bottleneck,9216,11638,14280
100061677,561,40,0,2827604120,first_affected_at_bottleneck,9342,11677,14280
100061755,564,43,0,2827604120,first_affected_at_bottleneck,9290,11755,14280
100061794,565,44,0,2827604120,first_affected_at_bottleneck,9285,11794,14280
100061833,566,45,0,2827604120,first_affected_at_bottleneck,9281,11833,14280
100061872,567,46,0,2827604120,first_affected_at_bottleneck,9276,11872,14280
100061911,568,47,0,2827604120,first_affected_at_bottleneck,9272,11911,14280
100061950,569,48,0,2827604120,first_affected_at_bottleneck,9267,11950,14280
100061989,570,49,0,2827604120,first_affected_at_bottleneck,9263,11989,14280
100062691,651,0,0,18847350508,first_affected_at_bottleneck,2625,2691,1748570768
100062945,627,41,0,2898943068,arrival_at_bottleneck,7842,7945,15232
100062989,628,42,0,2898943068,arrival_at_bottleneck,7842,7989,15232
100062994,626,40,0,2898943068,arrival_at_bottleneck,7934,7994,15232
100063033,629,43,0,2898943068,arrival_at_bottleneck,7843,8033,15232
100063076,630,44,0,2898943068,arrival_at_bottleneck,7842,8076,15232
100063119,631,45,0,2898943068,arrival_at_bottleneck,7842,8119,15232
100063163,632,46,0,2898943068,arrival_at_bottleneck,7842,8163,15232
100063206,633,47,0,2898943068,arrival_at_bottleneck,7842,8206,15232
100063250,634,48,0,2898943068,arrival_at_bottleneck,7842,8250,15232
100063293,635,49,0,2898943068,arrival_at_bottleneck,7842,8293,15232
100063318,638,52,0,2898943068,arrival_at_bottleneck,7842,8318,15232
100063332,636,50,0,2898943068,arrival_at_bottleneck,7857,8332,15232
100063371,639,53,0,2898943068,arrival_at_bottleneck,7858,8371,15232
100063398,640,54,0,2898943068,arrival_at_bottleneck,7842,8398,15232
100063410,637,51,0,2898943068,arrival_at_bottleneck,7934,8410,15232
100063442,641,55,0,2898943068,arrival_at_bottleneck,7842,8442,15232
100063477,642,56,0,2898943068,arrival_at_bottleneck,7842,8477,15232
100063477,643,57,0,2898943068,arrival_at_bottleneck,7842,8477,15232
100063477,645,59,0,2898943068,arrival_at_bottleneck,7842,8477,15232
100063481,646,60,0,2898943068,arrival_at_bottleneck,7846,8481,15232
100063516,644,58,0,2898943068,arrival_at_bottleneck,7881,8516,15232
100063516,649,63,0,2898943068,arrival_at_bottleneck,7881,8516,15232
100063520,647,61,0,2898943068,arrival_at_bottleneck,7885,8520,15232
100063555,650,64,0,2898943068,arrival_at_bottleneck,7920,8555,15232
100063559,648,62,0,2898943068,arrival_at_bottleneck,7924,8559,15232
100064329,627,41,0,2898943068,first_affected_at_bottleneck,9226,9329,15232
100064389,587,1,0,2898943068,arrival_at_bottleneck,7842,9389,16184
100064389,590,4,0,2898943068,arrival_at_bottleneck,7842,9389,16184
100064389,592,6,0,2898943068,arrival_at_bottleneck,7842,9389,16184
100064407,628,42,0,2898943068,first_affected_at_bottleneck,9260,9407,15232
100064428,591,5,0,2898943068,arrival_at_bottleneck,7881,9428,16184
100064446,626,40,0,2898943068,first_affected_at_bottleneck,9386,9446,15232
100064467,588,2,0,2898943068,arrival_at_bottleneck,7920,9467,16184
100064485,629,43,0,2898943068,first_affected_at_bottleneck,9295,9485,15232
100064506,589,3,0,2898943068,arrival_at_bottleneck,7959,9506,16184
100064524,630,44,0,2898943068,first_affected_at_bottleneck,9290,9524,15232
100064563,631,45,0,2898943068,first_affected_at_bottleneck,9286,9563,15232
100064602,632,46,0,2898943068,first_affected_at_bottleneck,9281,9602,15232
100064641,633,47,0,2898943068,first_affected_at_bottleneck,9277,9641,15232
100064719,634,48,0,2898943068,first_affected_at_bottleneck,9311,9719,15232
100064758,635,49,0,2898943068,first_affected_at_bottleneck,9307,9758,15232
100064780,593,7,0,2898943068,arrival_at_bottleneck,7842,9780,16184
100064797,638,52,0,2898943068,first_affected_at_bottleneck,9321,9797,15232
100064824,594,8,0,2898943068,arrival_at_bottleneck,7842,9824,16184
100064836,636,50,0,2898943068,first_affected_at_bottleneck,9361,9836,15232
100064867,595,9,0,2898943068,arrival_at_bottleneck,7842,9867,16184
100064875,639,53,0,2898943068,first_affected_at_bottleneck,9362,9875,15232
100064911,596,10,0,2898943068,arrival_at_bottleneck,7842,9911,16184
100064914,640,54,0,2898943068,first_affected_at_bottleneck,9358,9914,15232
100064953,637,51,0,2898943068,first_affected_at_bottleneck,9477,9953,15232
100064954,597,11,0,2898943068,arrival_at_bottleneck,7842,9954,16184
100064992,641,55,0,2898943068,first_affected_at_bottleneck,9392,9992,15232
100064998,598,12,0,2898943068,arrival_at_bottleneck,7842,9998,16184
100065000,652,0,18847350508,17993145355,rate_command,0,0,0
100065031,642,56,0,2898943068,first_affected_at_bottleneck,9396,10031,15232
100065041,599,13,0,2898943068,arrival_at_bottleneck,7842,10041,16184
100065070,643,57,0,2898943068,first_affected_at_bottleneck,9435,10070,15232
100065085,600,14,0,2898943068,arrival_at_bottleneck,7842,10085,16184
100065109,645,59,0,2898943068,first_affected_at_bottleneck,9474,10109,15232
100065118,601,15,0,2898943068,arrival_at_bottleneck,7832,10118,16184
100065148,646,60,0,2898943068,first_affected_at_bottleneck,9513,10148,15232
100065154,602,16,0,2898943068,arrival_at_bottleneck,7824,10154,16184
100065174,652,0,0,17993145355,sender_rate_effect,174,0,1748582192
100065187,644,58,0,2898943068,first_affected_at_bottleneck,9552,10187,15232
100065197,603,17,0,2898943068,arrival_at_bottleneck,7824,10197,16184
100065226,649,63,0,2898943068,first_affected_at_bottleneck,9591,10226,15232
100065240,604,18,0,2898943068,arrival_at_bottleneck,7824,10240,16184
100065265,647,61,0,2898943068,first_affected_at_bottleneck,9630,10265,15232
100065284,605,19,0,2898943068,arrival_at_bottleneck,7824,10284,16184
100065304,650,64,0,2898943068,first_affected_at_bottleneck,9669,10304,15232
100065327,606,20,0,2898943068,arrival_at_bottleneck,7824,10327,16184
100065343,648,62,0,2898943068,first_affected_at_bottleneck,9708,10343,15232
100065371,607,21,0,2898943068,arrival_at_bottleneck,7824,10371,16184
100065414,608,22,0,2898943068,arrival_at_bottleneck,7824,10414,16184
100065458,609,23,0,2898943068,arrival_at_bottleneck,7824,10458,16184
100065460,587,1,0,2898943068,first_affected_at_bottleneck,8913,10460,16184
100065467,610,24,0,2898943068,arrival_at_bottleneck,7824,10467,16184
100065467,611,25,0,2898943068,arrival_at_bottleneck,7824,10467,16184
100065467,612,26,0,2898943068,arrival_at_bottleneck,7824,10467,16184
100065497,618,32,0,2898943068,arrival_at_bottleneck,7854,10497,16184
100065499,590,4,0,2898943068,first_affected_at_bottleneck,8952,10499,16184
100065506,616,30,0,2898943068,arrival_at_bottleneck,7863,10506,16184
100065506,615,29,0,2898943068,arrival_at_bottleneck,7863,10506,16184
100065506,617,31,0,2898943068,arrival_at_bottleneck,7863,10506,16184
100065536,620,34,0,2898943068,arrival_at_bottleneck,7893,10536,16184
100065538,592,6,0,2898943068,first_affected_at_bottleneck,8991,10538,16184
100065545,619,33,0,2898943068,arrival_at_bottleneck,7902,10545,16184
100065545,621,35,0,2898943068,arrival_at_bottleneck,7902,10545,16184
100065575,623,37,0,2898943068,arrival_at_bottleneck,7932,10575,16184
100065577,591,5,0,2898943068,first_affected_at_bottleneck,9030,10577,16184
100065584,625,39,0,2898943068,arrival_at_bottleneck,7941,10584,16184
100065584,624,38,0,2898943068,arrival_at_bottleneck,7941,10584,16184
100065616,588,2,0,2898943068,first_affected_at_bottleneck,9069,10616,16184
100065623,613,27,0,2898943068,arrival_at_bottleneck,7980,10623,16184
100065623,614,28,0,2898943068,arrival_at_bottleneck,7980,10623,16184
100065662,622,36,0,2898943068,arrival_at_bottleneck,8019,10662,16184
100065694,589,3,0,2898943068,first_affected_at_bottleneck,9147,10694,16184
100065733,593,7,0,2898943068,first_affected_at_bottleneck,8795,10733,16184
100065772,594,8,0,2898943068,first_affected_at_bottleneck,8790,10772,16184
100065811,595,9,0,2898943068,first_affected_at_bottleneck,8786,10811,16184
100065850,596,10,0,2898943068,first_affected_at_bottleneck,8781,10850,16184
100065928,597,11,0,2898943068,first_affected_at_bottleneck,8816,10928,16184
100065967,598,12,0,2898943068,first_affected_at_bottleneck,8811,10967,16184
100066006,599,13,0,2898943068,first_affected_at_bottleneck,8807,11006,16184
100066045,600,14,0,2898943068,first_affected_at_bottleneck,8802,11045,16184
100066084,601,15,0,2898943068,first_affected_at_bottleneck,8798,11084,16184
100066123,602,16,0,2898943068,first_affected_at_bottleneck,8793,11123,16184
100066162,603,17,0,2898943068,first_affected_at_bottleneck,8789,11162,16184
100066201,604,18,0,2898943068,first_affected_at_bottleneck,8785,11201,16184
100066240,605,19,0,2898943068,first_affected_at_bottleneck,8780,11240,16184
100066279,606,20,0,2898943068,first_affected_at_bottleneck,8776,11279,16184
100066357,607,21,0,2898943068,first_affected_at_bottleneck,8810,11357,16184
100066396,608,22,0,2898943068,first_affected_at_bottleneck,8806,11396,16184
100066435,609,23,0,2898943068,first_affected_at_bottleneck,8801,11435,16184
100066474,610,24,0,2898943068,first_affected_at_bottleneck,8831,11474,16184
100066513,611,25,0,2898943068,first_affected_at_bottleneck,8870,11513,16184
100066552,612,26,0,2898943068,first_affected_at_bottleneck,8909,11552,16184
100066591,618,32,0,2898943068,first_affected_at_bottleneck,8948,11591,16184
100066630,616,30,0,2898943068,first_affected_at_bottleneck,8987,11630,16184
100066657,652,0,0,17993145355,arrival_at_bottleneck,1483,1657,1748582192
100066669,615,29,0,2898943068,first_affected_at_bottleneck,9026,11669,16184
100066708,617,31,0,2898943068,first_affected_at_bottleneck,9065,11708,16184
100066747,620,34,0,2898943068,first_affected_at_bottleneck,9104,11747,16184
100066786,619,33,0,2898943068,first_affected_at_bottleneck,9143,11786,16184
100066825,621,35,0,2898943068,first_affected_at_bottleneck,9182,11825,16184
100066864,623,37,0,2898943068,first_affected_at_bottleneck,9221,11864,16184
100066903,625,39,0,2898943068,first_affected_at_bottleneck,9260,11903,16184
100066942,624,38,0,2898943068,first_affected_at_bottleneck,9299,11942,16184
100066981,613,27,0,2898943068,first_affected_at_bottleneck,9338,11981,16184
100067020,614,28,0,2898943068,first_affected_at_bottleneck,9377,12020,16184
100067098,622,36,0,2898943068,first_affected_at_bottleneck,9455,12098,16184
100068151,652,0,0,17993145355,first_affected_at_bottleneck,2977,3151,1748582192
100070000,653,0,17993145355,17395201748,rate_command,0,0,0
100070073,653,0,0,17395201748,sender_rate_effect,73,0,1748592664
100071571,653,0,0,17395201748,arrival_at_bottleneck,1498,1571,1748592664
100073221,653,0,0,17395201748,first_affected_at_bottleneck,3148,3221,1748592664
100075000,654,0,17395201748,16976641223,rate_command,0,0,0
100075134,654,0,0,16976641223,sender_rate_effect,134,0,1748603136
100076644,654,0,0,16976641223,arrival_at_bottleneck,1510,1644,1748603136
100078252,654,0,0,16976641223,first_affected_at_bottleneck,3118,3252,1748603136
100080000,655,0,16976641223,12483648856,rate_command,0,0,0
100080000,656,1,2984739980,3081427257,rate_command,0,0,0
100080000,657,2,2984739980,3081427257,rate_command,0,0,0
100080000,658,3,2984739980,3081427257,rate_command,0,0,0
100080000,659,4,2984739980,3081427257,rate_command,0,0,0
100080000,660,5,2984739980,3081427257,rate_command,0,0,0
100080000,661,6,2984739980,3081427257,rate_command,0,0,0
100080000,662,7,2984739980,3081427257,rate_command,0,0,0
100080000,663,8,2984739980,3081427257,rate_command,0,0,0
100080000,664,9,2984739980,3081427257,rate_command,0,0,0
100080000,665,10,2984739980,3081427257,rate_command,0,0,0
100080000,666,11,2984739980,3081427257,rate_command,0,0,0
100080000,667,12,2984739980,3081427257,rate_command,0,0,0
100080000,668,13,2984739980,3081427257,rate_command,0,0,0
100080000,669,14,2984739980,3081427257,rate_command,0,0,0
100080000,670,15,2984739980,3081427257,rate_command,0,0,0
100080000,671,16,2984739980,3081427257,rate_command,0,0,0
100080000,672,17,2984739980,3081427257,rate_command,0,0,0
100080000,673,18,2984739980,3081427257,rate_command,0,0,0
100080000,674,19,2984739980,3081427257,rate_command,0,0,0
100080000,675,20,2984739980,3081427257,rate_command,0,0,0
100080000,676,21,2984739980,3081427257,rate_command,0,0,0
100080000,677,22,2984739980,3081427257,rate_command,0,0,0
100080000,678,23,2984739980,3081427257,rate_command,0,0,0
100080000,679,24,2984739980,3081427257,rate_command,0,0,0
100080000,680,25,2984739980,3081427257,rate_command,0,0,0
100080000,681,26,2984739980,3081427257,rate_command,0,0,0
100080000,682,27,2984739980,3081427257,rate_command,0,0,0
100080000,683,28,2984739980,3081427257,rate_command,0,0,0
100080000,684,29,2984739980,3081427257,rate_command,0,0,0
100080000,685,30,2984739980,3081427257,rate_command,0,0,0
100080000,686,31,2984739980,3081427257,rate_command,0,0,0
100080000,687,32,2984739980,3081427257,rate_command,0,0,0
100080000,688,33,2984739980,3081427257,rate_command,0,0,0
100080000,689,34,2984739980,3081427257,rate_command,0,0,0
100080000,690,35,2984739980,3081427257,rate_command,0,0,0
100080000,691,36,2984739980,3081427257,rate_command,0,0,0
100080000,692,37,2984739980,3081427257,rate_command,0,0,0
100080000,693,38,2984739980,3081427257,rate_command,0,0,0
100080000,694,39,2984739980,3081427257,rate_command,0,0,0
100080000,695,40,2984739980,3081427257,rate_command,0,0,0
100080000,696,41,2984739980,3081427257,rate_command,0,0,0
100080000,697,42,2984739980,3081427257,rate_command,0,0,0
100080000,698,43,2984739980,3081427257,rate_command,0,0,0
100080000,699,44,2984739980,3081427257,rate_command,0,0,0
100080000,700,45,2984739980,3081427257,rate_command,0,0,0
100080000,701,46,2984739980,3081427257,rate_command,0,0,0
100080000,702,47,2984739980,3081427257,rate_command,0,0,0
100080000,703,48,2984739980,3081427257,rate_command,0,0,0
100080000,704,49,2984739980,3081427257,rate_command,0,0,0
100080000,705,50,2984739980,3081427257,rate_command,0,0,0
100080000,706,51,2984739980,3081427257,rate_command,0,0,0
100080000,707,52,2984739980,3081427257,rate_command,0,0,0
100080000,708,53,2984739980,3081427257,rate_command,0,0,0
100080000,709,54,2984739980,3081427257,rate_command,0,0,0
100080000,710,55,2984739980,3081427257,rate_command,0,0,0
100080000,711,56,2984739980,3081427257,rate_command,0,0,0
100080000,712,57,2984739980,3081427257,rate_command,0,0,0
100080000,713,58,2984739980,3081427257,rate_command,0,0,0
100080000,714,59,2984739980,3081427257,rate_command,0,0,0
100080000,715,60,2984739980,3081427257,rate_command,0,0,0
100080000,716,61,2984739980,3081427257,rate_command,0,0,0
100080000,717,62,2984739980,3081427257,rate_command,0,0,0
100080000,718,63,2984739980,3081427257,rate_command,0,0,0
100080000,719,64,2984739980,3081427257,rate_command,0,0,0
100080484,655,0,0,12483648856,sender_rate_effect,484,0,1748613608
100080714,656,1,0,3081427257,sender_rate_effect,714,0,24752
100080714,657,2,0,3081427257,sender_rate_effect,714,0,24752
100080714,658,3,0,3081427257,sender_rate_effect,714,0,24752
100080714,659,4,0,3081427257,sender_rate_effect,714,0,24752
100080714,660,5,0,3081427257,sender_rate_effect,714,0,24752
100080714,661,6,0,3081427257,sender_rate_effect,714,0,24752
100081093,662,7,0,3081427257,sender_rate_effect,1093,0,24752
100081137,663,8,0,3081427257,sender_rate_effect,1137,0,24752
100081180,664,9,0,3081427257,sender_rate_effect,1180,0,24752
100081224,665,10,0,3081427257,sender_rate_effect,1224,0,24752
100081267,666,11,0,3081427257,sender_rate_effect,1267,0,24752
100081311,667,12,0,3081427257,sender_rate_effect,1311,0,24752
100081354,668,13,0,3081427257,sender_rate_effect,1354,0,24752
100081398,669,14,0,3081427257,sender_rate_effect,1398,0,24752
100081431,670,15,0,3081427257,sender_rate_effect,1431,0,24752
100081467,671,16,0,3081427257,sender_rate_effect,1467,0,24752
100081510,672,17,0,3081427257,sender_rate_effect,1510,0,24752
100081553,673,18,0,3081427257,sender_rate_effect,1553,0,24752
100081597,674,19,0,3081427257,sender_rate_effect,1597,0,24752
100081640,675,20,0,3081427257,sender_rate_effect,1640,0,24752
100081684,676,21,0,3081427257,sender_rate_effect,1684,0,24752
100081727,677,22,0,3081427257,sender_rate_effect,1727,0,24752
100081771,678,23,0,3081427257,sender_rate_effect,1771,0,24752
100081780,679,24,0,3081427257,sender_rate_effect,1780,0,24752
100081780,680,25,0,3081427257,sender_rate_effect,1780,0,24752
100081780,681,26,0,3081427257,sender_rate_effect,1780,0,24752
100081780,682,27,0,3081427257,sender_rate_effect,1780,0,24752
100081780,683,28,0,3081427257,sender_rate_effect,1780,0,24752
100081780,684,29,0,3081427257,sender_rate_effect,1780,0,24752
100081780,685,30,0,3081427257,sender_rate_effect,1780,0,24752
100081780,686,31,0,3081427257,sender_rate_effect,1780,0,24752
100081780,687,32,0,3081427257,sender_rate_effect,1780,0,24752
100081780,688,33,0,3081427257,sender_rate_effect,1780,0,24752
100081780,689,34,0,3081427257,sender_rate_effect,1780,0,24752
100081780,690,35,0,3081427257,sender_rate_effect,1780,0,24752
100081780,691,36,0,3081427257,sender_rate_effect,1780,0,24752
100081780,692,37,0,3081427257,sender_rate_effect,1780,0,24752
100081780,693,38,0,3081427257,sender_rate_effect,1780,0,24752
100081780,694,39,0,3081427257,sender_rate_effect,1780,0,24752
100081922,695,40,0,3081427257,sender_rate_effect,1922,0,24752
100081965,696,41,0,3081427257,sender_rate_effect,1965,0,24752
100082009,697,42,0,3081427257,sender_rate_effect,2009,0,24752
100082052,698,43,0,3081427257,sender_rate_effect,2052,0,24752
100082096,699,44,0,3081427257,sender_rate_effect,2096,0,24752
100082139,700,45,0,3081427257,sender_rate_effect,2139,0,24752
100082163,655,0,0,12483648856,arrival_at_bottleneck,1679,2163,1748613608
100082183,701,46,0,3081427257,sender_rate_effect,2183,0,24752
100082226,702,47,0,3081427257,sender_rate_effect,2226,0,24752
100082270,703,48,0,3081427257,sender_rate_effect,2270,0,24752
100082313,704,49,0,3081427257,sender_rate_effect,2313,0,24752
100082337,705,50,0,3081427257,sender_rate_effect,2337,0,24752
100082338,706,51,0,3081427257,sender_rate_effect,2338,0,24752
100082338,707,52,0,3081427257,sender_rate_effect,2338,0,24752
100082375,708,53,0,3081427257,sender_rate_effect,2375,0,24752
100082418,709,54,0,3081427257,sender_rate_effect,2418,0,24752
100082462,710,55,0,3081427257,sender_rate_effect,2462,0,24752
100082497,711,56,0,3081427257,sender_rate_effect,2497,0,24752
100082497,712,57,0,3081427257,sender_rate_effect,2497,0,24752
100082497,713,58,0,3081427257,sender_rate_effect,2497,0,24752
100082497,714,59,0,3081427257,sender_rate_effect,2497,0,24752
100082497,715,60,0,3081427257,sender_rate_effect,2497,0,24752
100082497,716,61,0,3081427257,sender_rate_effect,2497,0,24752
100082497,717,62,0,3081427257,sender_rate_effect,2497,0,24752
100082497,718,63,0,3081427257,sender_rate_effect,2497,0,24752
100082497,719,64,0,3081427257,sender_rate_effect,2497,0,24752
100083829,655,0,0,12483648856,first_affected_at_bottleneck,3345,3829,1748613608
100085000,720,0,12483648856,9338554199,rate_command,0,0,0
100085000,721,1,3081427257,3138956187,rate_command,0,0,0
100085000,722,2,3081427257,3138956187,rate_command,0,0,0
100085000,723,3,3081427257,3138956187,rate_command,0,0,0
100085000,724,4,3081427257,3138956187,rate_command,0,0,0
100085000,725,5,3081427257,3138956187,rate_command,0,0,0
100085000,726,6,3081427257,3138956187,rate_command,0,0,0
100085000,727,7,3081427257,3138956187,rate_command,0,0,0
100085000,728,8,3081427257,3138956187,rate_command,0,0,0
100085000,729,9,3081427257,3138956187,rate_command,0,0,0
100085000,730,10,3081427257,3138956187,rate_command,0,0,0
100085000,731,11,3081427257,3138956187,rate_command,0,0,0
100085000,732,12,3081427257,3138956187,rate_command,0,0,0
100085000,733,13,3081427257,3138956187,rate_command,0,0,0
100085000,734,14,3081427257,3138956187,rate_command,0,0,0
100085000,735,15,3081427257,3138956187,rate_command,0,0,0
100085000,736,16,3081427257,3138956187,rate_command,0,0,0
100085000,737,17,3081427257,3138956187,rate_command,0,0,0
100085000,738,18,3081427257,3138956187,rate_command,0,0,0
100085000,739,19,3081427257,3138956187,rate_command,0,0,0
100085000,740,20,3081427257,3138956187,rate_command,0,0,0
100085000,741,21,3081427257,3138956187,rate_command,0,0,0
100085000,742,22,3081427257,3138956187,rate_command,0,0,0
100085000,743,23,3081427257,3138956187,rate_command,0,0,0
100085000,744,24,3081427257,3138956187,rate_command,0,0,0
100085000,745,25,3081427257,3138956187,rate_command,0,0,0
100085000,746,26,3081427257,3138956187,rate_command,0,0,0
100085000,747,27,3081427257,3138956187,rate_command,0,0,0
100085000,748,28,3081427257,3138956187,rate_command,0,0,0
100085000,749,29,3081427257,3138956187,rate_command,0,0,0
100085000,750,30,3081427257,3138956187,rate_command,0,0,0
100085000,751,31,3081427257,3138956187,rate_command,0,0,0
100085000,752,32,3081427257,3138956187,rate_command,0,0,0
100085000,753,33,3081427257,3138956187,rate_command,0,0,0
100085000,754,34,3081427257,3138956187,rate_command,0,0,0
100085000,755,35,3081427257,3138956187,rate_command,0,0,0
100085000,756,36,3081427257,3138956187,rate_command,0,0,0
100085000,757,37,3081427257,3138956187,rate_command,0,0,0
100085000,758,38,3081427257,3138956187,rate_command,0,0,0
100085000,759,39,3081427257,3138956187,rate_command,0,0,0
100085000,760,40,3081427257,3138956187,rate_command,0,0,0
100085000,761,41,3081427257,3138956187,rate_command,0,0,0
100085000,762,42,3081427257,3138956187,rate_command,0,0,0
100085000,763,43,3081427257,3138956187,rate_command,0,0,0
100085000,764,44,3081427257,3138956187,rate_command,0,0,0
100085000,765,45,3081427257,3138956187,rate_command,0,0,0
100085000,766,46,3081427257,3138956187,rate_command,0,0,0
100085000,767,47,3081427257,3138956187,rate_command,0,0,0
100085000,768,48,3081427257,3138956187,rate_command,0,0,0
100085000,769,49,3081427257,3138956187,rate_command,0,0,0
100085000,770,50,3081427257,3138956187,rate_command,0,0,0
100085000,771,51,3081427257,3138956187,rate_command,0,0,0
100085000,772,52,3081427257,3138956187,rate_command,0,0,0
100085000,773,53,3081427257,3138956187,rate_command,0,0,0
100085000,774,54,3081427257,3138956187,rate_command,0,0,0
100085000,774,54,0,3138956187,sender_rate_effect,0,0,25704
100085000,775,55,3081427257,3138956187,rate_command,0,0,0
100085000,776,56,3081427257,3138956187,rate_command,0,0,0
100085000,777,57,3081427257,3138956187,rate_command,0,0,0
100085000,778,58,3081427257,3138956187,rate_command,0,0,0
100085000,779,59,3081427257,3138956187,rate_command,0,0,0
100085000,780,60,3081427257,3138956187,rate_command,0,0,0
100085000,781,61,3081427257,3138956187,rate_command,0,0,0
100085000,782,62,3081427257,3138956187,rate_command,0,0,0
100085000,783,63,3081427257,3138956187,rate_command,0,0,0
100085000,784,64,3081427257,3138956187,rate_command,0,0,0
100085011,775,55,0,3138956187,sender_rate_effect,11,0,25704
100085046,776,56,0,3138956187,sender_rate_effect,46,0,25704
100085046,777,57,0,3138956187,sender_rate_effect,46,0,25704
100085046,778,58,0,3138956187,sender_rate_effect,46,0,25704
100085046,779,59,0,3138956187,sender_rate_effect,46,0,25704
100085046,780,60,0,3138956187,sender_rate_effect,46,0,25704
100085046,781,61,0,3138956187,sender_rate_effect,46,0,25704
100085046,782,62,0,3138956187,sender_rate_effect,46,0,25704
100085046,783,63,0,3138956187,sender_rate_effect,46,0,25704
100085046,784,64,0,3138956187,sender_rate_effect,46,0,25704
100085820,720,0,0,9338554199,sender_rate_effect,820,0,1748621224
100085860,721,1,0,3138956187,sender_rate_effect,860,0,26656
100085860,722,2,0,3138956187,sender_rate_effect,860,0,26656
100085860,723,3,0,3138956187,sender_rate_effect,860,0,26656
100085860,724,4,0,3138956187,sender_rate_effect,860,0,26656
100085860,725,5,0,3138956187,sender_rate_effect,860,0,26656
100085860,726,6,0,3138956187,sender_rate_effect,860,0,26656
100086239,727,7,0,3138956187,sender_rate_effect,1239,0,26656
100086283,728,8,0,3138956187,sender_rate_effect,1283,0,26656
100086326,729,9,0,3138956187,sender_rate_effect,1326,0,26656
100086370,730,10,0,3138956187,sender_rate_effect,1370,0,26656
100086413,731,11,0,3138956187,sender_rate_effect,1413,0,26656
100086457,732,12,0,3138956187,sender_rate_effect,1457,0,26656
100086500,733,13,0,3138956187,sender_rate_effect,1500,0,26656
100086544,734,14,0,3138956187,sender_rate_effect,1544,0,26656
100086577,735,15,0,3138956187,sender_rate_effect,1577,0,26656
100086613,736,16,0,3138956187,sender_rate_effect,1613,0,26656
100086656,737,17,0,3138956187,sender_rate_effect,1656,0,26656
100086699,738,18,0,3138956187,sender_rate_effect,1699,0,26656
100086743,739,19,0,3138956187,sender_rate_effect,1743,0,26656
100086786,740,20,0,3138956187,sender_rate_effect,1786,0,26656
100086830,741,21,0,3138956187,sender_rate_effect,1830,0,26656
100086873,742,22,0,3138956187,sender_rate_effect,1873,0,26656
100086917,743,23,0,3138956187,sender_rate_effect,1917,0,26656
100086926,744,24,0,3138956187,sender_rate_effect,1926,0,26656
100086926,745,25,0,3138956187,sender_rate_effect,1926,0,26656
100086926,746,26,0,3138956187,sender_rate_effect,1926,0,26656
100086926,747,27,0,3138956187,sender_rate_effect,1926,0,26656
100086926,748,28,0,3138956187,sender_rate_effect,1926,0,26656
100086926,749,29,0,3138956187,sender_rate_effect,1926,0,26656
100086926,750,30,0,3138956187,sender_rate_effect,1926,0,26656
100086926,751,31,0,3138956187,sender_rate_effect,1926,0,26656
100086926,752,32,0,3138956187,sender_rate_effect,1926,0,26656
100086926,753,33,0,3138956187,sender_rate_effect,1926,0,26656
100086926,754,34,0,3138956187,sender_rate_effect,1926,0,26656
100086926,755,35,0,3138956187,sender_rate_effect,1926,0,26656
100086926,756,36,0,3138956187,sender_rate_effect,1926,0,26656
100086926,757,37,0,3138956187,sender_rate_effect,1926,0,26656
100086926,758,38,0,3138956187,sender_rate_effect,1926,0,26656
100086926,759,39,0,3138956187,sender_rate_effect,1926,0,26656
100087068,760,40,0,3138956187,sender_rate_effect,2068,0,26656
100087111,761,41,0,3138956187,sender_rate_effect,2111,0,26656
100087155,762,42,0,3138956187,sender_rate_effect,2155,0,26656
100087198,763,43,0,3138956187,sender_rate_effect,2198,0,26656
100087242,764,44,0,3138956187,sender_rate_effect,2242,0,26656
100087285,765,45,0,3138956187,sender_rate_effect,2285,0,26656
100087329,766,46,0,3138956187,sender_rate_effect,2329,0,26656
100087372,767,47,0,3138956187,sender_rate_effect,2372,0,26656
100087416,768,48,0,3138956187,sender_rate_effect,2416,0,26656
100087459,769,49,0,3138956187,sender_rate_effect,2459,0,26656
100087483,770,50,0,3138956187,sender_rate_effect,2483,0,26656
100087484,771,51,0,3138956187,sender_rate_effect,2484,0,26656
100087484,772,52,0,3138956187,sender_rate_effect,2484,0,26656
100087521,773,53,0,3138956187,sender_rate_effect,2521,0,26656
100087715,720,0,0,9338554199,arrival_at_bottleneck,1895,2715,1748621224
100088428,656,1,0,3081427257,arrival_at_bottleneck,7714,8428,24752
100088428,659,4,0,3081427257,arrival_at_bottleneck,7714,8428,24752
100088428,661,6,0,3081427257,arrival_at_bottleneck,7714,8428,24752
100088467,660,5,0,3081427257,arrival_at_bottleneck,7753,8467,24752
100088506,657,2,0,3081427257,arrival_at_bottleneck,7792,8506,24752
100088545,658,3,0,3081427257,arrival_at_bottleneck,7831,8545,24752
100088807,662,7,0,3081427257,arrival_at_bottleneck,7714,8807,24752
100088851,663,8,0,3081427257,arrival_at_bottleneck,7714,8851,24752
100088894,664,9,0,3081427257,arrival_at_bottleneck,7714,8894,24752
100088938,665,10,0,3081427257,arrival_at_bottleneck,7714,8938,24752
100088981,666,11,0,3081427257,arrival_at_bottleneck,7714,8981,24752
100089025,667,12,0,3081427257,arrival_at_bottleneck,7714,9025,24752
100089068,668,13,0,3081427257,arrival_at_bottleneck,7714,9068,24752
100089112,669,14,0,3081427257,arrival_at_bottleneck,7714,9112,24752
100089145,670,15,0,3081427257,arrival_at_bottleneck,7714,9145,24752
100089181,671,16,0,3081427257,arrival_at_bottleneck,7714,9181,24752
100089224,672,17,0,3081427257,arrival_at_bottleneck,7714,9224,24752
100089267,673,18,0,3081427257,arrival_at_bottleneck,7714,9267,24752
100089311,674,19,0,3081427257,arrival_at_bottleneck,7714,9311,24752
100089354,675,20,0,3081427257,arrival_at_bottleneck,7714,9354,24752
100089398,676,21,0,3081427257,arrival_at_bottleneck,7714,9398,24752
100089441,677,22,0,3081427257,arrival_at_bottleneck,7714,9441,24752
100089485,678,23,0,3081427257,arrival_at_bottleneck,7714,9485,24752
100089494,679,24,0,3081427257,arrival_at_bottleneck,7714,9494,24752
100089494,680,25,0,3081427257,arrival_at_bottleneck,7714,9494,24752
100089494,681,26,0,3081427257,arrival_at_bottleneck,7714,9494,24752
100089524,687,32,0,3081427257,arrival_at_bottleneck,7744,9524,24752
100089533,685,30,0,3081427257,arrival_at_bottleneck,7753,9533,24752
100089533,684,29,0,3081427257,arrival_at_bottleneck,7753,9533,24752
100089533,686,31,0,3081427257,arrival_at_bottleneck,7753,9533,24752
100089563,689,34,0,3081427257,arrival_at_bottleneck,7783,9563,24752
100089572,688,33,0,3081427257,arrival_at_bottleneck,7792,9572,24752
100089572,690,35,0,3081427257,arrival_at_bottleneck,7792,9572,24752
100089602,692,37,0,3081427257,arrival_at_bottleneck,7822,9602,24752
100089611,694,39,0,3081427257,arrival_at_bottleneck,7831,9611,24752
100089611,693,38,0,3081427257,arrival_at_bottleneck,7831,9611,24752
100089650,682,27,0,3081427257,arrival_at_bottleneck,7870,9650,24752
100089650,683,28,0,3081427257,arrival_at_bottleneck,7870,9650,24752
100089679,696,41,0,3081427257,arrival_at_bottleneck,7714,9679,24752
100089689,691,36,0,3081427257,arrival_at_bottleneck,7909,9689,24752
100089718,720,0,0,9338554199,first_affected_at_bottleneck,3898,4718,1748621224
100089723,697,42,0,3081427257,arrival_at_bottleneck,7714,9723,24752
100089728,695,40,0,3081427257,arrival_at_bottleneck,7806,9728,24752
100089757,656,1,0,3081427257,first_affected_at_bottleneck,9043,9757,24752
100089767,698,43,0,3081427257,arrival_at_bottleneck,7715,9767,24752
100089796,659,4,0,3081427257,first_affected_at_bottleneck,9082,9796,24752
100089810,699,44,0,3081427257,arrival_at_bottleneck,7714,9810,24752
100089835,661,6,0,3081427257,first_affected_at_bottleneck,9121,9835,24752
100089853,700,45,0,3081427257,arrival_at_bottleneck,7714,9853,24752
100089874,660,5,0,3081427257,first_affected_at_bottleneck,9160,9874,24752
100089897,701,46,0,3081427257,arrival_at_bottleneck,7714,9897,24752
100089913,657,2,0,3081427257,first_affected_at_bottleneck,9199,9913,24752
100089940,702,47,0,3081427257,arrival_at_bottleneck,7714,9940,24752
100089952,658,3,0,3081427257,first_affected_at_bottleneck,9238,9952,24752
100089984,703,48,0,3081427257,arrival_at_bottleneck,7714,9984,24752
100090000,785,0,9338554199,7136987939,rate_command,0,0,0
100090000,786,1,3138956187,3173185900,rate_command,0,0,0
100090000,787,2,3138956187,3173185900,rate_command,0,0,0
100090000,788,3,3138956187,3173185900,rate_command,0,0,0
100090000,789,4,3138956187,3173185900,rate_command,0,0,0
100090000,790,5,3138956187,3173185900,rate_command,0,0,0
100090000,791,6,3138956187,3173185900,rate_command,0,0,0
100090000,792,7,3138956187,3173185900,rate_command,0,0,0
100090000,793,8,3138956187,3173185900,rate_command,0,0,0
100090000,794,9,3138956187,3173185900,rate_command,0,0,0
100090000,795,10,3138956187,3173185900,rate_command,0,0,0
100090000,796,11,3138956187,3173185900,rate_command,0,0,0
100090000,797,12,3138956187,3173185900,rate_command,0,0,0
100090000,798,13,3138956187,3173185900,rate_command,0,0,0
100090000,799,14,3138956187,3173185900,rate_command,0,0,0
100090000,800,15,3138956187,3173185900,rate_command,0,0,0
100090000,801,16,3138956187,3173185900,rate_command,0,0,0
100090000,802,17,3138956187,3173185900,rate_command,0,0,0
100090000,803,18,3138956187,3173185900,rate_command,0,0,0
100090000,804,19,3138956187,3173185900,rate_command,0,0,0
100090000,805,20,3138956187,3173185900,rate_command,0,0,0
100090000,806,21,3138956187,3173185900,rate_command,0,0,0
100090000,807,22,3138956187,3173185900,rate_command,0,0,0
100090000,808,23,3138956187,3173185900,rate_command,0,0,0
100090000,809,24,3138956187,3173185900,rate_command,0,0,0
100090000,810,25,3138956187,3173185900,rate_command,0,0,0
100090000,811,26,3138956187,3173185900,rate_command,0,0,0
100090000,812,27,3138956187,3173185900,rate_command,0,0,0
100090000,813,28,3138956187,3173185900,rate_command,0,0,0
100090000,814,29,3138956187,3173185900,rate_command,0,0,0
100090000,815,30,3138956187,3173185900,rate_command,0,0,0
100090000,816,31,3138956187,3173185900,rate_command,0,0,0
100090000,817,32,3138956187,3173185900,rate_command,0,0,0
100090000,818,33,3138956187,3173185900,rate_command,0,0,0
100090000,819,34,3138956187,3173185900,rate_command,0,0,0
100090000,820,35,3138956187,3173185900,rate_command,0,0,0
100090000,821,36,3138956187,3173185900,rate_command,0,0,0
100090000,822,37,3138956187,3173185900,rate_command,0,0,0
100090000,823,38,3138956187,3173185900,rate_command,0,0,0
100090000,824,39,3138956187,3173185900,rate_command,0,0,0
100090000,825,40,3138956187,3173185900,rate_command,0,0,0
100090000,826,41,3138956187,3173185900,rate_command,0,0,0
100090000,827,42,3138956187,3173185900,rate_command,0,0,0
100090000,828,43,3138956187,3173185900,rate_command,0,0,0
100090000,829,44,3138956187,3173185900,rate_command,0,0,0
100090000,830,45,3138956187,3173185900,rate_command,0,0,0
100090000,831,46,3138956187,3173185900,rate_command,0,0,0
100090000,832,47,3138956187,3173185900,rate_command,0,0,0
100090000,833,48,3138956187,3173185900,rate_command,0,0,0
100090000,834,49,3138956187,3173185900,rate_command,0,0,0
100090000,834,49,0,3173185900,sender_rate_effect,0,0,27608
100090000,835,50,3138956187,3173185900,rate_command,0,0,0
100090000,836,51,3138956187,3173185900,rate_command,0,0,0
100090000,837,52,3138956187,3173185900,rate_command,0,0,0
100090000,838,53,3138956187,3173185900,rate_command,0,0,0
100090000,839,54,3138956187,3173185900,rate_command,0,0,0
100090000,840,55,3138956187,3173185900,rate_command,0,0,0
100090000,841,56,3138956187,3173185900,rate_command,0,0,0
100090000,842,57,3138956187,3173185900,rate_command,0,0,0
100090000,843,58,3138956187,3173185900,rate_command,0,0,0
100090000,844,59,3138956187,3173185900,rate_command,0,0,0
100090000,845,60,3138956187,3173185900,rate_command,0,0,0
100090000,846,61,3138956187,3173185900,rate_command,0,0,0
100090000,847,62,3138956187,3173185900,rate_command,0,0,0
100090000,848,63,3138956187,3173185900,rate_command,0,0,0
100090000,849,64,3138956187,3173185900,rate_command,0,0,0
100090027,704,49,0,3081427257,arrival_at_bottleneck,7714,10027,24752
100090030,662,7,0,3081427257,first_affected_at_bottleneck,8937,10030,24752
100090052,707,52,0,3081427257,arrival_at_bottleneck,7714,10052,24752
100090066,705,50,0,3081427257,arrival_at_bottleneck,7729,10066,24752
100090069,663,8,0,3081427257,first_affected_at_bottleneck,8932,10069,24752
100090105,708,53,0,3081427257,arrival_at_bottleneck,7730,10105,24752
100090108,664,9,0,3081427257,first_affected_at_bottleneck,8928,10108,24752
100090117,709,54,0,3081427257,arrival_at_bottleneck,7699,10117,24752
100090138,835,50,0,3173185900,sender_rate_effect,138,0,27608
100090139,836,51,0,3173185900,sender_rate_effect,139,0,27608
100090139,837,52,0,3173185900,sender_rate_effect,139,0,27608
100090144,706,51,0,3081427257,arrival_at_bottleneck,7806,10144,24752
100090147,665,10,0,3081427257,first_affected_at_bottleneck,8923,10147,24752
100090156,710,55,0,3081427257,arrival_at_bottleneck,7694,10156,24752
100090163,712,57,0,3081427257,arrival_at_bottleneck,7666,10163,24752
100090163,714,59,0,3081427257,arrival_at_bottleneck,7666,10163,24752
100090176,838,53,0,3173185900,sender_rate_effect,176,0,27608
100090183,711,56,0,3081427257,arrival_at_bottleneck,7686,10183,24752
100090186,666,11,0,3081427257,first_affected_at_bottleneck,8919,10186,24752
100090195,715,60,0,3081427257,arrival_at_bottleneck,7698,10195,24752
100090202,718,63,0,3081427257,arrival_at_bottleneck,7705,10202,24752
100090204,839,54,0,3173185900,sender_rate_effect,204,0,27608
100090215,840,55,0,3173185900,sender_rate_effect,215,0,27608
100090222,713,58,0,3081427257,arrival_at_bottleneck,7725,10222,24752
100090225,667,12,0,3081427257,first_affected_at_bottleneck,8914,10225,24752
100090234,716,61,0,3081427257,arrival_at_bottleneck,7737,10234,24752
100090250,841,56,0,3173185900,sender_rate_effect,250,0,27608
100090250,842,57,0,3173185900,sender_rate_effect,250,0,27608
100090250,843,58,0,3173185900,sender_rate_effect,250,0,27608
100090250,844,59,0,3173185900,sender_rate_effect,250,0,27608
100090250,845,60,0,3173185900,sender_rate_effect,250,0,27608
100090250,846,61,0,3173185900,sender_rate_effect,250,0,27608
100090250,847,62,0,3173185900,sender_rate_effect,250,0,27608
100090250,848,63,0,3173185900,sender_rate_effect,250,0,27608
100090250,849,64,0,3173185900,sender_rate_effect,250,0,27608
100090261,719,64,0,3081427257,arrival_at_bottleneck,7764,10261,24752
100090264,668,13,0,3081427257,first_affected_at_bottleneck,8910,10264,24752
100090273,717,62,0,3081427257,arrival_at_bottleneck,7776,10273,24752
100090303,669,14,0,3081427257,first_affected_at_bottleneck,8905,10303,24752
100090342,670,15,0,3081427257,first_affected_at_bottleneck,8911,10342,24752
100090364,785,0,0,7136987939,sender_rate_effect,364,0,1748625984
100090381,671,16,0,3081427257,first_affected_at_bottleneck,8914,10381,24752
100090420,672,17,0,3081427257,first_affected_at_bottleneck,8910,10420,24752
100090459,673,18,0,3081427257,first_affected_at_bottleneck,8906,10459,24752
100090498,674,19,0,3081427257,first_affected_at_bottleneck,8901,10498,24752
100090537,675,20,0,3081427257,first_affected_at_bottleneck,8897,10537,24752
100090576,676,21,0,3081427257,first_affected_at_bottleneck,8892,10576,24752
100090654,677,22,0,3081427257,first_affected_at_bottleneck,8927,10654,24752
100090693,678,23,0,3081427257,first_affected_at_bottleneck,8922,10693,24752
100090732,679,24,0,3081427257,first_affected_at_bottleneck,8952,10732,24752
100090771,680,25,0,3081427257,first_affected_at_bottleneck,8991,10771,24752
100090810,681,26,0,3081427257,first_affected_at_bottleneck,9030,10810,24752
100090849,687,32,0,3081427257,first_affected_at_bottleneck,9069,10849,24752
100090888,685,30,0,3081427257,first_affected_at_bottleneck,9108,10888,24752
100090927,684,29,0,3081427257,first_affected_at_bottleneck,9147,10927,24752
100090966,686,31,0,3081427257,first_affected_at_bottleneck,9186,10966,24752
100091005,689,34,0,3081427257,first_affected_at_bottleneck,9225,11005,24752
100091044,688,33,0,3081427257,first_affected_at_bottleneck,9264,11044,24752
100091064,786,1,0,3173185900,sender_rate_effect,1064,0,28560
100091064,787,2,0,3173185900,sender_rate_effect,1064,0,28560
100091064,788,3,0,3173185900,sender_rate_effect,1064,0,28560
100091064,789,4,0,3173185900,sender_rate_effect,1064,0,28560
100091064,790,5,0,3173185900,sender_rate_effect,1064,0,28560
100091064,791,6,0,3173185900,sender_rate_effect,1064,0,28560
100091083,690,35,0,3081427257,first_affected_at_bottleneck,9303,11083,24752
100091122,692,37,0,3081427257,first_affected_at_bottleneck,9342,11122,24752
100091161,694,39,0,3081427257,first_affected_at_bottleneck,9381,11161,24752
100091200,693,38,0,3081427257,first_affected_at_bottleneck,9420,11200,24752
100091239,682,27,0,3081427257,first_affected_at_bottleneck,9459,11239,24752
100091278,683,28,0,3081427257,first_affected_at_bottleneck,9498,11278,24752
100091317,696,41,0,3081427257,first_affected_at_bottleneck,9352,11317,24752
100091356,691,36,0,3081427257,first_affected_at_bottleneck,9576,11356,24752
100091395,697,42,0,3081427257,first_affected_at_bottleneck,9386,11395,24752
100091434,695,40,0,3081427257,first_affected_at_bottleneck,9512,11434,24752
100091443,792,7,0,3173185900,sender_rate_effect,1443,0,28560
100091473,698,43,0,3081427257,first_affected_at_bottleneck,9421,11473,24752
100091487,793,8,0,3173185900,sender_rate_effect,1487,0,28560
100091512,699,44,0,3081427257,first_affected_at_bottleneck,9416,11512,24752
100091530,794,9,0,3173185900,sender_rate_effect,1530,0,28560
100091551,700,45,0,3081427257,first_affected_at_bottleneck,9412,11551,24752
100091574,795,10,0,3173185900,sender_rate_effect,1574,0,28560
100091590,701,46,0,3081427257,first_affected_at_bottleneck,9407,11590,24752
100091617,796,11,0,3173185900,sender_rate_effect,1617,0,28560
100091629,702,47,0,3081427257,first_affected_at_bottleneck,9403,11629,24752
100091661,797,12,0,3173185900,sender_rate_effect,1661,0,28560
100091668,703,48,0,3081427257,first_affected_at_bottleneck,9398,11668,24752
100091704,798,13,0,3173185900,sender_rate_effect,1704,0,28560
100091707,704,49,0,3081427257,first_affected_at_bottleneck,9394,11707,24752
100091746,707,52,0,3081427257,first_affected_at_bottleneck,9408,11746,24752
100091748,799,14,0,3173185900,sender_rate_effect,1748,0,28560
100091781,800,15,0,3173185900,sender_rate_effect,1781,0,28560
100091785,705,50,0,3081427257,first_affected_at_bottleneck,9448,11785,24752
100091817,801,16,0,3173185900,sender_rate_effect,1817,0,28560
100091824,708,53,0,3081427257,first_affected_at_bottleneck,9449,11824,24752
100091860,802,17,0,3173185900,sender_rate_effect,1860,0,28560
100091863,709,54,0,3081427257,first_affected_at_bottleneck,9445,11863,24752
100091902,706,51,0,3081427257,first_affected_at_bottleneck,9564,11902,24752
100091903,803,18,0,3173185900,sender_rate_effect,1903,0,28560
100091941,710,55,0,3081427257,first_affected_at_bottleneck,9479,11941,24752
100091947,804,19,0,3173185900,sender_rate_effect,1947,0,28560
100091980,712,57,0,3081427257,first_affected_at_bottleneck,9483,11980,24752
100091990,805,20,0,3173185900,sender_rate_effect,1990,0,28560
100092019,714,59,0,3081427257,first_affected_at_bottleneck,9522,12019,24752
100092034,806,21,0,3173185900,sender_rate_effect,2034,0,28560
100092058,711,56,0,3081427257,first_affected_at_bottleneck,9561,12058,24752
100092077,807,22,0,3173185900,sender_rate_effect,2077,0,28560
100092097,715,60,0,3081427257,first_affected_at_bottleneck,9600,12097,24752
100092121,808,23,0,3173185900,sender_rate_effect,2121,0,28560
100092130,809,24,0,3173185900,sender_rate_effect,2130,0,28560
100092130,810,25,0,3173185900,sender_rate_effect,2130,0,28560
100092130,811,26,0,3173185900,sender_rate_effect,2130,0,28560
100092130,812,27,0,3173185900,sender_rate_effect,2130,0,28560
100092130,813,28,0,3173185900,sender_rate_effect,2130,0,28560
100092130,814,29,0,3173185900,sender_rate_effect,2130,0,28560
100092130,815,30,0,3173185900,sender_rate_effect,2130,0,28560
100092130,816,31,0,3173185900,sender_rate_effect,2130,0,28560
100092130,817,32,0,3173185900,sender_rate_effect,2130,0,28560
100092130,818,33,0,3173185900,sender_rate_effect,2130,0,28560
100092130,819,34,0,3173185900,sender_rate_effect,2130,0,28560
100092130,820,35,0,3173185900,sender_rate_effect,2130,0,28560
100092130,821,36,0,3173185900,sender_rate_effect,2130,0,28560
100092130,822,37,0,3173185900,sender_rate_effect,2130,0,28560
100092130,823,38,0,3173185900,sender_rate_effect,2130,0,28560
100092130,824,39,0,3173185900,sender_rate_effect,2130,0,28560
100092136,718,63,0,3081427257,first_affected_at_bottleneck,9639,12136,24752
100092175,713,58,0,3081427257,first_affected_at_bottleneck,9678,12175,24752
100092214,716,61,0,3081427257,first_affected_at_bottleneck,9717,12214,24752
100092253,719,64,0,3081427257,first_affected_at_bottleneck,9756,12253,24752
100092272,825,40,0,3173185900,sender_rate_effect,2272,0,28560
100092292,717,62,0,3081427257,first_affected_at_bottleneck,9795,12292,24752
100092315,826,41,0,3173185900,sender_rate_effect,2315,0,28560
100092359,827,42,0,3173185900,sender_rate_effect,2359,0,28560
100092402,828,43,0,3173185900,sender_rate_effect,2402,0,28560
100092446,829,44,0,3173185900,sender_rate_effect,2446,0,28560
100092489,830,45,0,3173185900,sender_rate_effect,2489,0,28560
100092523,785,0,0,7136987939,arrival_at_bottleneck,2159,2523,1748625984
100092533,831,46,0,3173185900,sender_rate_effect,2533,0,28560
100092576,832,47,0,3173185900,sender_rate_effect,2576,0,28560
100092620,833,48,0,3173185900,sender_rate_effect,2620,0,28560
100092666,774,54,0,3138956187,arrival_at_bottleneck,7666,7666,25704
100092705,775,55,0,3138956187,arrival_at_bottleneck,7694,7705,25704
100092712,777,57,0,3138956187,arrival_at_bottleneck,7666,7712,25704
100092712,779,59,0,3138956187,arrival_at_bottleneck,7666,7712,25704
100092732,776,56,0,3138956187,arrival_at_bottleneck,7686,7732,25704
100092744,780,60,0,3138956187,arrival_at_bottleneck,7698,7744,25704
100092751,783,63,0,3138956187,arrival_at_bottleneck,7705,7751,25704
100092771,778,58,0,3138956187,arrival_at_bottleneck,7725,7771,25704
100092783,781,61,0,3138956187,arrival_at_bottleneck,7737,7783,25704
100092810,784,64,0,3138956187,arrival_at_bottleneck,7764,7810,25704
100092822,782,62,0,3138956187,arrival_at_bottleneck,7776,7822,25704
100093526,721,1,0,3138956187,arrival_at_bottleneck,7666,8526,26656
100093526,724,4,0,3138956187,arrival_at_bottleneck,7666,8526,26656
100093526,726,6,0,3138956187,arrival_at_bottleneck,7666,8526,26656
100093565,725,5,0,3138956187,arrival_at_bottleneck,7705,8565,26656
100093604,722,2,0,3138956187,arrival_at_bottleneck,7744,8604,26656
100093643,723,3,0,3138956187,arrival_at_bottleneck,7783,8643,26656
100093905,727,7,0,3138956187,arrival_at_bottleneck,7666,8905,26656
100093949,728,8,0,3138956187,arrival_at_bottleneck,7666,8949,26656
100093992,729,9,0,3138956187,arrival_at_bottleneck,7666,8992,26656
100094036,730,10,0,3138956187,arrival_at_bottleneck,7666,9036,26656
100094079,731,11,0,3138956187,arrival_at_bottleneck,7666,9079,26656
100094123,732,12,0,3138956187,arrival_at_bottleneck,7666,9123,26656
100094166,733,13,0,3138956187,arrival_at_bottleneck,7666,9166,26656
100094210,734,14,0,3138956187,arrival_at_bottleneck,7666,9210,26656
100094242,785,0,0,7136987939,first_affected_at_bottleneck,3878,4242,1748625984
100094243,735,15,0,3138956187,arrival_at_bottleneck,7666,9243,26656
100094279,736,16,0,3138956187,arrival_at_bottleneck,7666,9279,26656
100094322,737,17,0,3138956187,arrival_at_bottleneck,7666,9322,26656
100094365,738,18,0,3138956187,arrival_at_bottleneck,7666,9365,26656
100094409,739,19,0,3138956187,arrival_at_bottleneck,7666,9409,26656
100094452,740,20,0,3138956187,arrival_at_bottleneck,7666,9452,26656
100094476,774,54,0,3138956187,first_affected_at_bottleneck,9476,9476,25704
100094496,741,21,0,3138956187,arrival_at_bottleneck,7666,9496,26656
100094539,742,22,0,3138956187,arrival_at_bottleneck,7666,9539,26656
100094554,775,55,0,3138956187,first_affected_at_bottleneck,9543,9554,25704
100094583,743,23,0,3138956187,arrival_at_bottleneck,7666,9583,26656
100094592,744,24,0,3138956187,arrival_at_bottleneck,7666,9592,26656
100094592,745,25,0,3138956187,arrival_at_bottleneck,7666,9592,26656
100094592,746,26,0,3138956187,arrival_at_bottleneck,7666,9592,26656
100094593,777,57,0,3138956187,first_affected_at_bottleneck,9547,9593,25704
100094622,752,32,0,3138956187,arrival_at_bottleneck,7696,9622,26656
100094631,750,30,0,3138956187,arrival_at_bottleneck,7705,9631,26656
100094631,749,29,0,3138956187,arrival_at_bottleneck,7705,9631,26656
100094631,751,31,0,3138956187,arrival_at_bottleneck,7705,9631,26656
100094632,779,59,0,3138956187,first_affected_at_bottleneck,9586,9632,25704
100094661,754,34,0,3138956187,arrival_at_bottleneck,7735,9661,26656
100094670,753,33,0,3138956187,arrival_at_bottleneck,7744,9670,26656
100094670,755,35,0,3138956187,arrival_at_bottleneck,7744,9670,26656
100094671,776,56,0,3138956187,first_affected_at_bottleneck,9625,9671,25704
100094700,757,37,0,3138956187,arrival_at_bottleneck,7774,9700,26656
100094709,759,39,0,3138956187,arrival_at_bottleneck,7783,9709,26656
100094709,758,38,0,3138956187,arrival_at_bottleneck,7783,9709,26656
100094710,780,60,0,3138956187,first_affected_at_bottleneck,9664,9710,25704
100094748,747,27,0,3138956187,arrival_at_bottleneck,7822,9748,26656
100094748,748,28,0,3138956187,arrival_at_bottleneck,7822,9748,26656
100094749,783,63,0,3138956187,first_affected_at_bottleneck,9703,9749,25704
100094777,761,41,0,3138956187,arrival_at_bottleneck,7666,9777,26656
100094787,756,36,0,3138956187,arrival_at_bottleneck,7861,9787,26656
100094788,778,58,0,3138956187,first_affected_at_bottleneck,9742,9788,25704
100094821,762,42,0,3138956187,arrival_at_bottleneck,7666,9821,26656
100094826,760,40,0,3138956187,arrival_at_bottleneck,7758,9826,26656
100094827,781,61,0,3138956187,first_affected_at_bottleneck,9781,9827,25704
100094865,763,43,0,3138956187,arrival_at_bottleneck,7667,9865,26656
100094866,784,64,0,3138956187,first_affected_at_bottleneck,9820,9866,25704
100094905,782,62,0,3138956187,first_affected_at_bottleneck,9859,9905,25704
100094908,764,44,0,3138956187,arrival_at_bottleneck,7666,9908,26656
100094944,721,1,0,3138956187,first_affected_at_bottleneck,9084,9944,26656
100094951,765,45,0,3138956187,arrival_at_bottleneck,7666,9951,26656
100094983,724,4,0,3138956187,first_affected_at_bottleneck,9123,9983,26656
100094995,766,46,0,3138956187,arrival_at_bottleneck,7666,9995,26656
100095000,850,0,7136987939,5595891557,rate_command,0,0,0
100095000,851,1,3013484563,3098530284,rate_command,0,0,0
100095000,852,2,3013484563,3098530284,rate_command,0,0,0
100095000,853,3,3013484563,3098530284,rate_command,0,0,0
100095000,854,4,3013484563,3098530284,rate_command,0,0,0
100095000,855,5,3013484563,3098530284,rate_command,0,0,0
100095000,856,6,3013484563,3098530284,rate_command,0,0,0
100095000,857,7,3013484563,3098530284,rate_command,0,0,0
100095000,858,8,3013484563,3098530284,rate_command,0,0,0
100095000,859,9,3013484563,3098530284,rate_command,0,0,0
100095000,860,10,3013484563,3098530284,rate_command,0,0,0
100095000,861,11,3013484563,3098530284,rate_command,0,0,0
100095000,862,12,3013484563,3098530284,rate_command,0,0,0
100095000,863,13,3013484563,3098530284,rate_command,0,0,0
100095000,864,14,3013484563,3098530284,rate_command,0,0,0
100095000,865,15,3013484563,3098530284,rate_command,0,0,0
100095000,866,16,3013484563,3098530284,rate_command,0,0,0
100095000,867,17,3013484563,3098530284,rate_command,0,0,0
100095000,868,18,3013484563,3098530284,rate_command,0,0,0
100095000,869,19,3013484563,3098530284,rate_command,0,0,0
100095000,870,20,3013484563,3098530284,rate_command,0,0,0
100095000,871,21,3013484563,3098530284,rate_command,0,0,0
100095000,872,22,3013484563,3098530284,rate_command,0,0,0
100095000,873,23,3013484563,3098530284,rate_command,0,0,0
100095000,874,24,3013484563,3098530284,rate_command,0,0,0
100095000,875,25,3013484563,3098530284,rate_command,0,0,0
100095000,876,26,3013484563,3098530284,rate_command,0,0,0
100095000,877,27,3013484563,3098530284,rate_command,0,0,0
100095000,878,28,3013484563,3098530284,rate_command,0,0,0
100095000,879,29,3013484563,3098530284,rate_command,0,0,0
100095000,880,30,3013484563,3098530284,rate_command,0,0,0
100095000,881,31,3013484563,3098530284,rate_command,0,0,0
100095000,882,32,3013484563,3098530284,rate_command,0,0,0
100095000,883,33,3013484563,3098530284,rate_command,0,0,0
100095000,884,34,3013484563,3098530284,rate_command,0,0,0
100095000,885,35,3013484563,3098530284,rate_command,0,0,0
100095000,886,36,3013484563,3098530284,rate_command,0,0,0
100095000,887,37,3013484563,3098530284,rate_command,0,0,0
100095000,888,38,3013484563,3098530284,rate_command,0,0,0
100095000,889,39,3013484563,3098530284,rate_command,0,0,0
100095000,890,40,3013484563,3098530284,rate_command,0,0,0
100095000,891,41,3013484563,3098530284,rate_command,0,0,0
100095000,892,42,3013484563,3098530284,rate_command,0,0,0
100095000,892,42,0,3098530284,sender_rate_effect,0,0,29512
100095000,893,43,3013484563,3098530284,rate_command,0,0,0
100095000,893,43,0,3098530284,sender_rate_effect,0,0,29512
100095000,894,44,3013484563,3098530284,rate_command,0,0,0
100095000,895,45,3013484563,3098530284,rate_command,0,0,0
100095000,896,46,3013484563,3098530284,rate_command,0,0,0
100095000,897,47,3013484563,3098530284,rate_command,0,0,0
100095000,898,48,3013484563,3098530284,rate_command,0,0,0
100095000,899,49,3013484563,3098530284,rate_command,0,0,0
100095000,900,50,3013484563,3098530284,rate_command,0,0,0
100095000,901,51,3013484563,3098530284,rate_command,0,0,0
100095000,902,52,3013484563,3098530284,rate_command,0,0,0
100095000,903,53,3013484563,3098530284,rate_command,0,0,0
100095000,904,54,3013484563,3098530284,rate_command,0,0,0
100095000,905,55,3013484563,3098530284,rate_command,0,0,0
100095000,906,56,3013484563,3098530284,rate_command,0,0,0
100095000,907,57,3013484563,3098530284,rate_command,0,0,0
100095000,908,58,3013484563,3098530284,rate_command,0,0,0
100095000,909,59,3013484563,3098530284,rate_command,0,0,0
100095000,910,60,3013484563,3098530284,rate_command,0,0,0
100095000,911,61,3013484563,3098530284,rate_command,0,0,0
100095000,912,62,3013484563,3098530284,rate_command,0,0,0
100095000,913,63,3013484563,3098530284,rate_command,0,0,0
100095000,914,64,3013484563,3098530284,rate_command,0,0,0
100095022,726,6,0,3138956187,first_affected_at_bottleneck,9162,10022,26656
100095028,894,44,0,3098530284,sender_rate_effect,28,0,29512
100095038,767,47,0,3138956187,arrival_at_bottleneck,7666,10038,26656
100095061,725,5,0,3138956187,first_affected_at_bottleneck,9201,10061,26656
100095071,895,45,0,3098530284,sender_rate_effect,71,0,29512
100095082,768,48,0,3138956187,arrival_at_bottleneck,7666,10082,26656
100095100,722,2,0,3138956187,first_affected_at_bottleneck,9240,10100,26656
100095115,896,46,0,3098530284,sender_rate_effect,115,0,29512
100095117,769,49,0,3138956187,arrival_at_bottleneck,7658,10117,26656
100095139,723,3,0,3138956187,first_affected_at_bottleneck,9279,10139,26656
100095158,897,47,0,3098530284,sender_rate_effect,158,0,29512
100095202,898,48,0,3098530284,sender_rate_effect,202,0,29512
100095217,727,7,0,3138956187,first_affected_at_bottleneck,8978,10217,26656
100095237,899,49,0,3098530284,sender_rate_effect,237,0,29512
100095255,770,50,0,3138956187,arrival_at_bottleneck,7772,10255,26656
100095256,772,52,0,3138956187,arrival_at_bottleneck,7772,10256,26656
100095256,728,8,0,3138956187,first_affected_at_bottleneck,8973,10256,26656
100095294,773,53,0,3138956187,arrival_at_bottleneck,7773,10294,26656
100095295,729,9,0,3138956187,first_affected_at_bottleneck,8969,10295,26656
100095333,771,51,0,3138956187,arrival_at_bottleneck,7849,10333,26656
100095334,730,10,0,3138956187,first_affected_at_bottleneck,8964,10334,26656
100095373,731,11,0,3138956187,first_affected_at_bottleneck,8960,10373,26656
100095375,900,50,0,3098530284,sender_rate_effect,375,0,29512
100095376,901,51,0,3098530284,sender_rate_effect,376,0,29512
100095376,902,52,0,3098530284,sender_rate_effect,376,0,29512
100095412,732,12,0,3138956187,first_affected_at_bottleneck,8955,10412,26656
100095413,903,53,0,3098530284,sender_rate_effect,413,0,29512
100095441,904,54,0,3098530284,sender_rate_effect,441,0,29512
100095451,733,13,0,3138956187,first_affected_at_bottleneck,8951,10451,26656
100095452,905,55,0,3098530284,sender_rate_effect,452,0,29512
100095487,906,56,0,3098530284,sender_rate_effect,487,0,29512
100095487,907,57,0,3098530284,sender_rate_effect,487,0,29512
100095487,908,58,0,3098530284,sender_rate_effect,487,0,29512
100095487,909,59,0,3098530284,sender_rate_effect,487,0,29512
100095487,910,60,0,3098530284,sender_rate_effect,487,0,29512
100095487,911,61,0,3098530284,sender_rate_effect,487,0,29512
100095487,912,62,0,3098530284,sender_rate_effect,487,0,29512
100095487,913,63,0,3098530284,sender_rate_effect,487,0,29512
100095487,914,64,0,3098530284,sender_rate_effect,487,0,29512
100095490,734,14,0,3138956187,first_affected_at_bottleneck,8946,10490,26656
100095529,735,15,0,3138956187,first_affected_at_bottleneck,8952,10529,26656
100095568,736,16,0,3138956187,first_affected_at_bottleneck,8955,10568,26656
100095607,737,17,0,3138956187,first_affected_at_bottleneck,8951,10607,26656
100095646,738,18,0,3138956187,first_affected_at_bottleneck,8947,10646,26656
100095685,739,19,0,3138956187,first_affected_at_bottleneck,8942,10685,26656
100095724,740,20,0,3138956187,first_affected_at_bottleneck,8938,10724,26656
100095763,741,21,0,3138956187,first_affected_at_bottleneck,8933,10763,26656
100095802,742,22,0,3138956187,first_affected_at_bottleneck,8929,10802,26656
100095841,743,23,0,3138956187,first_affected_at_bottleneck,8924,10841,26656
100095880,744,24,0,3138956187,first_affected_at_bottleneck,8954,10880,26656
100095919,745,25,0,3138956187,first_affected_at_bottleneck,8993,10919,26656
100095958,746,26,0,3138956187,first_affected_at_bottleneck,9032,10958,26656
100095997,752,32,0,3138956187,first_affected_at_bottleneck,9071,10997,26656
100096036,750,30,0,3138956187,first_affected_at_bottleneck,9110,11036,26656
100096075,749,29,0,3138956187,first_affected_at_bottleneck,9149,11075,26656
100096114,751,31,0,3138956187,first_affected_at_bottleneck,9188,11114,26656
100096153,754,34,0,3138956187,first_affected_at_bottleneck,9227,11153,26656
100096192,753,33,0,3138956187,first_affected_at_bottleneck,9266,11192,26656
100096231,755,35,0,3138956187,first_affected_at_bottleneck,9305,11231,26656
100096270,757,37,0,3138956187,first_affected_at_bottleneck,9344,11270,26656
100096273,850,0,0,5595891557,sender_rate_effect,1273,0,1748630744
100096301,851,1,0,3098530284,sender_rate_effect,1301,0,30464
100096301,852,2,0,3098530284,sender_rate_effect,1301,0,30464
100096301,853,3,0,3098530284,sender_rate_effect,1301,0,30464
100096301,854,4,0,3098530284,sender_rate_effect,1301,0,30464
100096301,855,5,0,3098530284,sender_rate_effect,1301,0,30464
100096301,856,6,0,3098530284,sender_rate_effect,1301,0,30464
100096309,759,39,0,3138956187,first_affected_at_bottleneck,9383,11309,26656
100096348,758,38,0,3138956187,first_affected_at_bottleneck,9422,11348,26656
100096387,747,27,0,3138956187,first_affected_at_bottleneck,9461,11387,26656
100096426,748,28,0,3138956187,first_affected_at_bottleneck,9500,11426,26656
100096504,761,41,0,3138956187,first_affected_at_bottleneck,9393,11504,26656
100096543,756,36,0,3138956187,first_affected_at_bottleneck,9617,11543,26656
100096582,762,42,0,3138956187,first_affected_at_bottleneck,9427,11582,26656
100096621,760,40,0,3138956187,first_affected_at_bottleneck,9553,11621,26656
100096660,763,43,0,3138956187,first_affected_at_bottleneck,9462,11660,26656
100096680,857,7,0,3098530284,sender_rate_effect,1680,0,30464
100096699,764,44,0,3138956187,first_affected_at_bottleneck,9457,11699,26656
100096724,858,8,0,3098530284,sender_rate_effect,1724,0,30464
100096738,765,45,0,3138956187,first_affected_at_bottleneck,9453,11738,26656
100096767,859,9,0,3098530284,sender_rate_effect,1767,0,30464
100096777,766,46,0,3138956187,first_affected_at_bottleneck,9448,11777,26656
100096811,860,10,0,3098530284,sender_rate_effect,1811,0,30464
100096816,767,47,0,3138956187,first_affected_at_bottleneck,9444,11816,26656
100096854,861,11,0,3098530284,sender_rate_effect,1854,0,30464
100096855,768,48,0,3138956187,first_affected_at_bottleneck,9439,11855,26656
100096894,769,49,0,3138956187,first_affected_at_bottleneck,9435,11894,26656
100096898,862,12,0,3098530284,sender_rate_effect,1898,0,30464
100096933,770,50,0,3138956187,first_affected_at_bottleneck,9450,11933,26656
100096941,863,13,0,3098530284,sender_rate_effect,1941,0,30464
100096972,772,52,0,3138956187,first_affected_at_bottleneck,9488,11972,26656
100096985,864,14,0,3098530284,sender_rate_effect,1985,0,30464
100097011,773,53,0,3138956187,first_affected_at_bottleneck,9490,12011,26656
100097018,865,15,0,3098530284,sender_rate_effect,2018,0,30464
100097054,866,16,0,3098530284,sender_rate_effect,2054,0,30464
100097089,771,51,0,3138956187,first_affected_at_bottleneck,9605,12089,26656
100097097,867,17,0,3098530284,sender_rate_effect,2097,0,30464
100097140,868,18,0,3098530284,sender_rate_effect,2140,0,30464
100097184,869,19,0,3098530284,sender_rate_effect,2184,0,30464
100097227,870,20,0,3098530284,sender_rate_effect,2227,0,30464
100097271,871,21,0,3098530284,sender_rate_effect,2271,0,30464
100097314,872,22,0,3098530284,sender_rate_effect,2314,0,30464
100097358,873,23,0,3098530284,sender_rate_effect,2358,0,30464
100097367,874,24,0,3098530284,sender_rate_effect,2367,0,30464
100097367,875,25,0,3098530284,sender_rate_effect,2367,0,30464
100097367,876,26,0,3098530284,sender_rate_effect,2367,0,30464
100097367,877,27,0,3098530284,sender_rate_effect,2367,0,30464
100097367,878,28,0,3098530284,sender_rate_effect,2367,0,30464
100097367,879,29,0,3098530284,sender_rate_effect,2367,0,30464
100097367,880,30,0,3098530284,sender_rate_effect,2367,0,30464
100097367,881,31,0,3098530284,sender_rate_effect,2367,0,30464
100097367,882,32,0,3098530284,sender_rate_effect,2367,0,30464
100097367,883,33,0,3098530284,sender_rate_effect,2367,0,30464
100097367,884,34,0,3098530284,sender_rate_effect,2367,0,30464
100097367,885,35,0,3098530284,sender_rate_effect,2367,0,30464
100097367,886,36,0,3098530284,sender_rate_effect,2367,0,30464
100097367,887,37,0,3098530284,sender_rate_effect,2367,0,30464
100097367,888,38,0,3098530284,sender_rate_effect,2367,0,30464
100097367,889,39,0,3098530284,sender_rate_effect,2367,0,30464
100097509,890,40,0,3098530284,sender_rate_effect,2509,0,30464
100097552,891,41,0,3098530284,sender_rate_effect,2552,0,30464
100097772,834,49,0,3173185900,arrival_at_bottleneck,7772,7772,27608
100097910,835,50,0,3173185900,arrival_at_bottleneck,7772,7910,27608
100097911,837,52,0,3173185900,arrival_at_bottleneck,7772,7911,27608
100097949,838,53,0,3173185900,arrival_at_bottleneck,7773,7949,27608
100097976,839,54,0,3173185900,arrival_at_bottleneck,7772,7976,27608
100097988,836,51,0,3173185900,arrival_at_bottleneck,7849,7988,27608
100098015,840,55,0,3173185900,arrival_at_bottleneck,7800,8015,27608
100098022,842,57,0,3173185900,arrival_at_bottleneck,7772,8022,27608
100098022,844,59,0,3173185900,arrival_at_bottleneck,7772,8022,27608
100098027,841,56,0,3173185900,arrival_at_bottleneck,7777,8027,27608
100098054,845,60,0,3173185900,arrival_at_bottleneck,7804,8054,27608
100098061,848,63,0,3173185900,arrival_at_bottleneck,7811,8061,27608
100098066,843,58,0,3173185900,arrival_at_bottleneck,7816,8066,27608
100098093,846,61,0,3173185900,arrival_at_bottleneck,7843,8093,27608
100098105,849,64,0,3173185900,arrival_at_bottleneck,7855,8105,27608
100098132,847,62,0,3173185900,arrival_at_bottleneck,7882,8132,27608
100098741,850,0,0,5595891557,arrival_at_bottleneck,2468,3741,1748630744
100098836,786,1,0,3173185900,arrival_at_bottleneck,7772,8836,28560
100098836,789,4,0,3173185900,arrival_at_bottleneck,7772,8836,28560
100098836,791,6,0,3173185900,arrival_at_bottleneck,7772,8836,28560
100098875,790,5,0,3173185900,arrival_at_bottleneck,7811,8875,28560
100098914,787,2,0,3173185900,arrival_at_bottleneck,7850,8914,28560
100098953,788,3,0,3173185900,arrival_at_bottleneck,7889,8953,28560
100099215,792,7,0,3173185900,arrival_at_bottleneck,7772,9215,28560
100099259,793,8,0,3173185900,arrival_at_bottleneck,7772,9259,28560
100099302,794,9,0,3173185900,arrival_at_bottleneck,7772,9302,28560
100099346,795,10,0,3173185900,arrival_at_bottleneck,7772,9346,28560
100099389,796,11,0,3173185900,arrival_at_bottleneck,7772,9389,28560
100099433,797,12,0,3173185900,arrival_at_bottleneck,7772,9433,28560
100099468,834,49,0,3173185900,first_affected_at_bottleneck,9468,9468,27608
100099476,798,13,0,3173185900,arrival_at_bottleneck,7772,9476,28560
100099507,835,50,0,3173185900,first_affected_at_bottleneck,9369,9507,27608
100099520,799,14,0,3173185900,arrival_at_bottleneck,7772,9520,28560
100099546,837,52,0,3173185900,first_affected_at_bottleneck,9407,9546,27608
100099553,800,15,0,3173185900,arrival_at_bottleneck,7772,9553,28560
100099585,838,53,0,3173185900,first_affected_at_bottleneck,9409,9585,27608
100099589,801,16,0,3173185900,arrival_at_bottleneck,7772,9589,28560
100099624,839,54,0,3173185900,first_affected_at_bottleneck,9420,9624,27608
100099632,802,17,0,3173185900,arrival_at_bottleneck,7772,9632,28560
100099663,836,51,0,3173185900,first_affected_at_bottleneck,9524,9663,27608
100099675,803,18,0,3173185900,arrival_at_bottleneck,7772,9675,28560
100099702,840,55,0,3173185900,first_affected_at_bottleneck,9487,9702,27608
100099719,804,19,0,3173185900,arrival_at_bottleneck,7772,9719,28560
100099741,842,57,0,3173185900,first_affected_at_bottleneck,9491,9741,27608
100099762,805,20,0,3173185900,arrival_at_bottleneck,7772,9762,28560
100099780,844,59,0,3173185900,first_affected_at_bottleneck,9530,9780,27608
100099806,806,21,0,3173185900,arrival_at_bottleneck,7772,9806,28560
100099819,841,56,0,3173185900,first_affected_at_bottleneck,9569,9819,27608
100099849,807,22,0,3173185900,arrival_at_bottleneck,7772,9849,28560
100099858,845,60,0,3173185900,first_affected_at_bottleneck,9608,9858,27608
100099893,808,23,0,3173185900,arrival_at_bottleneck,7772,9893,28560
100099897,848,63,0,3173185900,first_affected_at_bottleneck,9647,9897,27608
100099902,809,24,0,3173185900,arrival_at_bottleneck,7772,9902,28560
100099902,810,25,0,3173185900,arrival_at_bottleneck,7772,9902,28560
100099902,811,26,0,3173185900,arrival_at_bottleneck,7772,9902,28560
100099932,817,32,0,3173185900,arrival_at_bottleneck,7802,9932,28560
100099936,843,58,0,3173185900,first_affected_at_bottleneck,9686,9936,27608
100099941,815,30,0,3173185900,arrival_at_bottleneck,7811,9941,28560
100099941,814,29,0,3173185900,arrival_at_bottleneck,7811,9941,28560
100099941,816,31,0,3173185900,arrival_at_bottleneck,7811,9941,28560
100099971,819,34,0,3173185900,arrival_at_bottleneck,7841,9971,28560
100099975,846,61,0,3173185900,first_affected_at_bottleneck,9725,9975,27608
100099980,818,33,0,3173185900,arrival_at_bottleneck,7850,9980,28560
100099980,820,35,0,3173185900,arrival_at_bottleneck,7850,9980,28560
100100000,915,0,5595891557,4517124089,rate_command,0,0,0
100100000,916,1,3098530284,3149132488,rate_command,0,0,0
100100000,917,2,3098530284,3149132488,rate_command,0,0,0
100100000,918,3,3098530284,3149132488,rate_command,0,0,0
100100000,919,4,3098530284,3149132488,rate_command,0,0,0
100100000,920,5,3098530284,3149132488,rate_command,0,0,0
100100000,921,6,3098530284,3149132488,rate_command,0,0,0
100100000,922,7,3098530284,3149132488,rate_command,0,0,0
100100000,923,8,3098530284,3149132488,rate_command,0,0,0
100100000,924,9,3098530284,3149132488,rate_command,0,0,0
100100000,925,10,3098530284,3149132488,rate_command,0,0,0
100100000,926,11,3098530284,3149132488,rate_command,0,0,0
100100000,927,12,3098530284,3149132488,rate_command,0,0,0
100100000,928,13,3098530284,3149132488,rate_command,0,0,0
100100000,929,14,3098530284,3149132488,rate_command,0,0,0
100100000,930,15,3098530284,3149132488,rate_command,0,0,0
100100000,931,16,3098530284,3149132488,rate_command,0,0,0
100100000,932,17,3098530284,3149132488,rate_command,0,0,0
100100000,933,18,3098530284,3149132488,rate_command,0,0,0
100100000,934,19,3098530284,3149132488,rate_command,0,0,0
100100000,935,20,3098530284,3149132488,rate_command,0,0,0
100100000,936,21,3098530284,3149132488,rate_command,0,0,0
100100000,937,22,3098530284,3149132488,rate_command,0,0,0
100100000,938,23,3098530284,3149132488,rate_command,0,0,0
100100000,939,24,3098530284,3149132488,rate_command,0,0,0
100100000,940,25,3098530284,3149132488,rate_command,0,0,0
100100000,941,26,3098530284,3149132488,rate_command,0,0,0
100100000,942,27,3098530284,3149132488,rate_command,0,0,0
100100000,943,28,3098530284,3149132488,rate_command,0,0,0
100100000,944,29,3098530284,3149132488,rate_command,0,0,0
100100000,945,30,3098530284,3149132488,rate_command,0,0,0
100100000,946,31,3098530284,3149132488,rate_command,0,0,0
100100000,947,32,3098530284,3149132488,rate_command,0,0,0
100100000,948,33,3098530284,3149132488,rate_command,0,0,0
100100000,949,34,3098530284,3149132488,rate_command,0,0,0
100100000,950,35,3098530284,3149132488,rate_command,0,0,0
100100000,951,36,3098530284,3149132488,rate_command,0,0,0
100100000,952,37,3098530284,3149132488,rate_command,0,0,0
100100000,953,38,3098530284,3149132488,rate_command,0,0,0
100100000,954,39,3098530284,3149132488,rate_command,0,0,0
100100000,955,40,3098530284,3149132488,rate_command,0,0,0
100100000,956,41,3098530284,3149132488,rate_command,0,0,0
100100000,957,42,3098530284,3149132488,rate_command,0,0,0
100100000,958,43,3098530284,3149132488,rate_command,0,0,0
100100000,959,44,3098530284,3149132488,rate_command,0,0,0
100100000,960,45,3098530284,3149132488,rate_command,0,0,0
100100000,961,46,3098530284,3149132488,rate_command,0,0,0
100100000,962,47,3098530284,3149132488,rate_command,0,0,0
100100000,963,48,3098530284,3149132488,rate_command,0,0,0
100100000,964,49,3098530284,3149132488,rate_command,0,0,0
100100000,965,50,3098530284,3149132488,rate_command,0,0,0
100100000,966,51,3098530284,3149132488,rate_command,0,0,0
100100000,967,52,3098530284,3149132488,rate_command,0,0,0
100100000,968,53,3098530284,3149132488,rate_command,0,0,0
100100000,969,54,3098530284,3149132488,rate_command,0,0,0
100100000,970,55,3098530284,3149132488,rate_command,0,0,0
100100000,971,56,3098530284,3149132488,rate_command,0,0,0
100100000,972,57,3098530284,3149132488,rate_command,0,0,0
100100000,973,58,3098530284,3149132488,rate_command,0,0,0
100100000,974,59,3098530284,3149132488,rate_command,0,0,0
100100000,975,60,3098530284,3149132488,rate_command,0,0,0
100100000,976,61,3098530284,3149132488,rate_command,0,0,0
100100000,977,62,3098530284,3149132488,rate_command,0,0,0
100100000,978,63,3098530284,3149132488,rate_command,0,0,0
100100000,979,64,3098530284,3149132488,rate_command,0,0,0
100100010,822,37,0,3173185900,arrival_at_bottleneck,7880,10010,28560
100100014,849,64,0,3173185900,first_affected_at_bottleneck,9764,10014,27608
100100019,824,39,0,3173185900,arrival_at_bottleneck,7889,10019,28560
100100019,823,38,0,3173185900,arrival_at_bottleneck,7889,10019,28560
100100053,847,62,0,3173185900,first_affected_at_bottleneck,9803,10053,27608
100100058,812,27,0,3173185900,arrival_at_bottleneck,7928,10058,28560
100100058,813,28,0,3173185900,arrival_at_bottleneck,7928,10058,28560
100100087,826,41,0,3173185900,arrival_at_bottleneck,7772,10087,28560
100100092,850,0,0,5595891557,first_affected_at_bottleneck,3819,5092,1748630744
100100097,821,36,0,3173185900,arrival_at_bottleneck,7967,10097,28560
100100126,827,42,0,3173185900,arrival_at_bottleneck,7767,10126,28560
100100129,955,40,0,3149132488,sender_rate_effect,129,0,31416
100100131,786,1,0,3173185900,first_affected_at_bottleneck,9067,10131,28560
100100136,825,40,0,3173185900,arrival_at_bottleneck,7864,10136,28560
100100165,829,44,0,3173185900,arrival_at_bottleneck,7719,10165,28560
100100170,789,4,0,3173185900,first_affected_at_bottleneck,9106,10170,28560
100100172,956,41,0,3149132488,sender_rate_effect,172,0,31416
100100175,828,43,0,3173185900,arrival_at_bottleneck,7773,10175,28560
100100202,957,42,0,3149132488,sender_rate_effect,202,0,31416
100100202,958,43,0,3149132488,sender_rate_effect,202,0,31416
100100204,830,45,0,3173185900,arrival_at_bottleneck,7715,10204,28560
100100209,791,6,0,3173185900,first_affected_at_bottleneck,9145,10209,28560
100100230,959,44,0,3149132488,sender_rate_effect,230,0,31416
100100232,831,46,0,3173185900,arrival_at_bottleneck,7699,10232,28560
100100248,790,5,0,3173185900,first_affected_at_bottleneck,9184,10248,28560
100100273,960,45,0,3149132488,sender_rate_effect,273,0,31416
100100275,832,47,0,3173185900,arrival_at_bottleneck,7699,10275,28560
100100287,787,2,0,3173185900,first_affected_at_bottleneck,9223,10287,28560
100100317,961,46,0,3149132488,sender_rate_effect,317,0,31416
100100319,833,48,0,3173185900,arrival_at_bottleneck,7699,10319,28560
100100326,788,3,0,3173185900,first_affected_at_bottleneck,9262,10326,28560
100100360,962,47,0,3149132488,sender_rate_effect,360,0,31416
100100365,792,7,0,3173185900,first_affected_at_bottleneck,8922,10365,28560
100100404,963,48,0,3149132488,sender_rate_effect,404,0,31416
100100404,793,8,0,3173185900,first_affected_at_bottleneck,8917,10404,28560
100100439,964,49,0,3149132488,sender_rate_effect,439,0,31416
100100443,794,9,0,3173185900,first_affected_at_bottleneck,8913,10443,28560
100100482,795,10,0,3173185900,first_affected_at_bottleneck,8908,10482,28560
100100521,796,11,0,3173185900,first_affected_at_bottleneck,8904,10521,28560
100100560,797,12,0,3173185900,first_affected_at_bottleneck,8899,10560,28560
100100577,965,50,0,3149132488,sender_rate_effect,577,0,31416
100100578,966,51,0,3149132488,sender_rate_effect,578,0,31416
100100578,967,52,0,3149132488,sender_rate_effect,578,0,31416
100100599,798,13,0,3173185900,first_affected_at_bottleneck,8895,10599,28560
100100615,968,53,0,3149132488,sender_rate_effect,615,0,31416
100100638,799,14,0,3173185900,first_affected_at_bottleneck,8890,10638,28560
100100643,969,54,0,3149132488,sender_rate_effect,643,0,31416
100100654,970,55,0,3149132488,sender_rate_effect,654,0,31416
100100677,800,15,0,3173185900,first_affected_at_bottleneck,8896,10677,28560
100100689,971,56,0,3149132488,sender_rate_effect,689,0,31416
100100689,972,57,0,3149132488,sender_rate_effect,689,0,31416
100100689,973,58,0,3149132488,sender_rate_effect,689,0,31416
100100689,974,59,0,3149132488,sender_rate_effect,689,0,31416
100100689,975,60,0,3149132488,sender_rate_effect,689,0,31416
100100689,976,61,0,3149132488,sender_rate_effect,689,0,31416
100100689,977,62,0,3149132488,sender_rate_effect,689,0,31416
100100689,978,63,0,3149132488,sender_rate_effect,689,0,31416
100100689,979,64,0,3149132488,sender_rate_effect,689,0,31416
100100716,801,16,0,3173185900,first_affected_at_bottleneck,8899,10716,28560
100100755,802,17,0,3173185900,first_affected_at_bottleneck,8895,10755,28560
100100794,803,18,0,3173185900,first_affected_at_bottleneck,8891,10794,28560
100100833,804,19,0,3173185900,first_affected_at_bottleneck,8886,10833,28560
100100872,805,20,0,3173185900,first_affected_at_bottleneck,8882,10872,28560
100100902,915,0,0,4517124089,sender_rate_effect,902,0,1748633600
100100911,806,21,0,3173185900,first_affected_at_bottleneck,8877,10911,28560
100100950,807,22,0,3173185900,first_affected_at_bottleneck,8873,10950,28560
100100989,808,23,0,3173185900,first_affected_at_bottleneck,8868,10989,28560
100101028,809,24,0,3173185900,first_affected_at_bottleneck,8898,11028,28560
100101067,810,25,0,3173185900,first_affected_at_bottleneck,8937,11067,28560
100101106,811,26,0,3173185900,first_affected_at_bottleneck,8976,11106,28560
100101145,817,32,0,3173185900,first_affected_at_bottleneck,9015,11145,28560
100101184,815,30,0,3173185900,first_affected_at_bottleneck,9054,11184,28560
100101223,814,29,0,3173185900,first_affected_at_bottleneck,9093,11223,28560
100101262,816,31,0,3173185900,first_affected_at_bottleneck,9132,11262,28560
100101301,819,34,0,3173185900,first_affected_at_bottleneck,9171,11301,28560
100101340,818,33,0,3173185900,first_affected_at_bottleneck,9210,11340,28560
100101379,820,35,0,3173185900,first_affected_at_bottleneck,9249,11379,28560
100101418,822,37,0,3173185900,first_affected_at_bottleneck,9288,11418,28560
100101457,824,39,0,3173185900,first_affected_at_bottleneck,9327,11457,28560
100101496,823,38,0,3173185900,first_affected_at_bottleneck,9366,11496,28560
100101503,916,1,0,3149132488,sender_rate_effect,1503,0,32368
100101503,917,2,0,3149132488,sender_rate_effect,1503,0,32368
100101503,918,3,0,3149132488,sender_rate_effect,1503,0,32368
100101503,919,4,0,3149132488,sender_rate_effect,1503,0,32368
100101503,920,5,0,3149132488,sender_rate_effect,1503,0,32368
100101503,921,6,0,3149132488,sender_rate_effect,1503,0,32368
100101535,812,27,0,3173185900,first_affected_at_bottleneck,9405,11535,28560
100101574,813,28,0,3173185900,first_affected_at_bottleneck,9444,11574,28560
100101613,826,41,0,3173185900,first_affected_at_bottleneck,9298,11613,28560
100101652,821,36,0,3173185900,first_affected_at_bottleneck,9522,11652,28560
100101691,827,42,0,3173185900,first_affected_at_bottleneck,9332,11691,28560
100101730,825,40,0,3173185900,first_affected_at_bottleneck,9458,11730,28560
100101769,829,44,0,3173185900,first_affected_at_bottleneck,9323,11769,28560
100101847,828,43,0,3173185900,first_affected_at_bottleneck,9445,11847,28560
100101882,922,7,0,3149132488,sender_rate_effect,1882,0,32368
100101886,830,45,0,3173185900,first_affected_at_bottleneck,9397,11886,28560
100101925,831,46,0,3173185900,first_affected_at_bottleneck,9392,11925,28560
100101926,923,8,0,3149132488,sender_rate_effect,1926,0,32368
100101964,832,47,0,3173185900,first_affected_at_bottleneck,9388,11964,28560
100101969,924,9,0,3149132488,sender_rate_effect,1969,0,32368
100102003,833,48,0,3173185900,first_affected_at_bottleneck,9383,12003,28560
100102013,925,10,0,3149132488,sender_rate_effect,2013,0,32368
100102056,926,11,0,3149132488,sender_rate_effect,2056,0,32368
100102100,927,12,0,3149132488,sender_rate_effect,2100,0,32368
100102143,928,13,0,3149132488,sender_rate_effect,2143,0,32368
100102187,929,14,0,3149132488,sender_rate_effect,2187,0,32368
100102220,930,15,0,3149132488,sender_rate_effect,2220,0,32368
100102256,931,16,0,3149132488,sender_rate_effect,2256,0,32368
100102299,932,17,0,3149132488,sender_rate_effect,2299,0,32368
100102342,933,18,0,3149132488,sender_rate_effect,2342,0,32368
100102386,934,19,0,3149132488,sender_rate_effect,2386,0,32368
100102429,935,20,0,3149132488,sender_rate_effect,2429,0,32368
100102473,936,21,0,3149132488,sender_rate_effect,2473,0,32368
100102516,937,22,0,3149132488,sender_rate_effect,2516,0,32368
100102560,938,23,0,3149132488,sender_rate_effect,2560,0,32368
100102569,939,24,0,3149132488,sender_rate_effect,2569,0,32368
100102569,940,25,0,3149132488,sender_rate_effect,2569,0,32368
100102569,941,26,0,3149132488,sender_rate_effect,2569,0,32368
100102569,942,27,0,3149132488,sender_rate_effect,2569,0,32368
100102569,943,28,0,3149132488,sender_rate_effect,2569,0,32368
100102569,944,29,0,3149132488,sender_rate_effect,2569,0,32368
100102569,945,30,0,3149132488,sender_rate_effect,2569,0,32368
100102569,946,31,0,3149132488,sender_rate_effect,2569,0,32368
100102569,947,32,0,3149132488,sender_rate_effect,2569,0,32368
100102569,948,33,0,3149132488,sender_rate_effect,2569,0,32368
100102569,949,34,0,3149132488,sender_rate_effect,2569,0,32368
100102569,950,35,0,3149132488,sender_rate_effect,2569,0,32368
100102569,951,36,0,3149132488,sender_rate_effect,2569,0,32368
100102569,952,37,0,3149132488,sender_rate_effect,2569,0,32368
100102569,953,38,0,3149132488,sender_rate_effect,2569,0,32368
100102569,954,39,0,3149132488,sender_rate_effect,2569,0,32368
100102708,892,42,0,3098530284,arrival_at_bottleneck,7708,7708,29512
100102747,894,44,0,3098530284,arrival_at_bottleneck,7719,7747,29512
100102757,893,43,0,3098530284,arrival_at_bottleneck,7757,7757,29512
100102786,895,45,0,3098530284,arrival_at_bottleneck,7715,7786,29512
100102814,896,46,0,3098530284,arrival_at_bottleneck,7699,7814,29512
100102857,897,47,0,3098530284,arrival_at_bottleneck,7699,7857,29512
100102901,898,48,0,3098530284,arrival_at_bottleneck,7699,7901,29512
100102936,899,49,0,3098530284,arrival_at_bottleneck,7699,7936,29512
100103074,900,50,0,3098530284,arrival_at_bottleneck,7699,8074,29512
100103075,902,52,0,3098530284,arrival_at_bottleneck,7699,8075,29512
100103113,903,53,0,3098530284,arrival_at_bottleneck,7700,8113,29512
100103140,904,54,0,3098530284,arrival_at_bottleneck,7699,8140,29512
100103152,901,51,0,3098530284,arrival_at_bottleneck,7776,8152,29512
100103179,905,55,0,3098530284,arrival_at_bottleneck,7727,8179,29512
100103186,907,57,0,3098530284,arrival_at_bottleneck,7699,8186,29512
100103186,909,59,0,3098530284,arrival_at_bottleneck,7699,8186,29512
100103191,906,56,0,3098530284,arrival_at_bottleneck,7704,8191,29512
100103218,910,60,0,3098530284,arrival_at_bottleneck,7731,8218,29512
100103225,913,63,0,3098530284,arrival_at_bottleneck,7738,8225,29512
100103230,908,58,0,3098530284,arrival_at_bottleneck,7743,8230,29512
100103257,911,61,0,3098530284,arrival_at_bottleneck,7770,8257,29512
100103269,914,64,0,3098530284,arrival_at_bottleneck,7782,8269,29512
100103296,912,62,0,3098530284,arrival_at_bottleneck,7809,8296,29512
100103712,915,0,0,4517124089,arrival_at_bottleneck,2810,3712,1748633600
100104000,851,1,0,3098530284,arrival_at_bottleneck,7699,9000,30464
100104000,854,4,0,3098530284,arrival_at_bottleneck,7699,9000,30464
100104000,856,6,0,3098530284,arrival_at_bottleneck,7699,9000,30464
100104039,855,5,0,3098530284,arrival_at_bottleneck,7738,9039,30464
100104078,852,2,0,3098530284,arrival_at_bottleneck,7777,9078,30464
100104117,853,3,0,3098530284,arrival_at_bottleneck,7816,9117,30464
100104265,892,42,0,3098530284,first_affected_at_bottleneck,9265,9265,29512
100104343,894,44,0,3098530284,first_affected_at_bottleneck,9315,9343,29512
100104379,857,7,0,3098530284,arrival_at_bottleneck,7699,9379,30464
100104382,893,43,0,3098530284,first_affected_at_bottleneck,9382,9382,29512
100104421,895,45,0,3098530284,first_affected_at_bottleneck,9350,9421,29512
100104423,858,8,0,3098530284,arrival_at_bottleneck,7699,9423,30464
100104460,896,46,0,3098530284,first_affected_at_bottleneck,9345,9460,29512
100104466,859,9,0,3098530284,arrival_at_bottleneck,7699,9466,30464
100104499,897,47,0,3098530284,first_affected_at_bottleneck,9341,9499,29512
100104510,860,10,0,3098530284,arrival_at_bottleneck,7699,9510,30464
100104538,898,48,0,3098530284,first_affected_at_bottleneck,9336,9538,29512
100104553,861,11,0,3098530284,arrival_at_bottleneck,7699,9553,30464
100104577,899,49,0,3098530284,first_affected_at_bottleneck,9340,9577,29512
100104597,862,12,0,3098530284,arrival_at_bottleneck,7699,9597,30464
100104616,900,50,0,3098530284,first_affected_at_bottleneck,9241,9616,29512
100104640,863,13,0,3098530284,arrival_at_bottleneck,7699,9640,30464
100104655,902,52,0,3098530284,first_affected_at_bottleneck,9279,9655,29512
100104684,864,14,0,3098530284,arrival_at_bottleneck,7699,9684,30464
100104694,903,53,0,3098530284,first_affected_at_bottleneck,9281,9694,29512
100104717,865,15,0,3098530284,arrival_at_bottleneck,7699,9717,30464
100104733,904,54,0,3098530284,first_affected_at_bottleneck,9292,9733,29512
100104753,866,16,0,3098530284,arrival_at_bottleneck,7699,9753,30464
100104772,901,51,0,3098530284,first_affected_at_bottleneck,9396,9772,29512
100104796,867,17,0,3098530284,arrival_at_bottleneck,7699,9796,30464
100104811,905,55,0,3098530284,first_affected_at_bottleneck,9359,9811,29512
100104839,868,18,0,3098530284,arrival_at_bottleneck,7699,9839,30464
100104850,907,57,0,3098530284,first_affected_at_bottleneck,9363,9850,29512
100104883,869,19,0,3098530284,arrival_at_bottleneck,7699,9883,30464
100104889,909,59,0,3098530284,first_affected_at_bottleneck,9402,9889,29512
100104926,870,20,0,3098530284,arrival_at_bottleneck,7699,9926,30464
100104928,906,56,0,3098530284,first_affected_at_bottleneck,9441,9928,29512
100104967,910,60,0,3098530284,first_affected_at_bottleneck,9480,9967,29512
100104970,871,21,0,3098530284,arrival_at_bottleneck,7699,9970,30464
100105000,980,0,4517124089,3761986862,rate_command,0,0,0
100105000,981,1,3054419936,3122886831,rate_command,0,0,0
100105000,982,2,3054419936,3122886831,rate_command,0,0,0
100105000,983,3,3054419936,3122886831,rate_command,0,0,0
100105000,984,4,3054419936,3122886831,rate_command,0,0,0
100105000,985,5,3054419936,3122886831,rate_command,0,0,0
100105000,986,6,3054419936,3122886831,rate_command,0,0,0
100105000,987,7,3054419936,3122886831,rate_command,0,0,0
100105000,988,8,3054419936,3122886831,rate_command,0,0,0
100105000,989,9,3054419936,3122886831,rate_command,0,0,0
100105000,990,10,3054419936,3122886831,rate_command,0,0,0
100105000,991,11,3054419936,3122886831,rate_command,0,0,0
100105000,992,12,3054419936,3122886831,rate_command,0,0,0
100105000,993,13,3054419936,3122886831,rate_command,0,0,0
100105000,994,14,3054419936,3122886831,rate_command,0,0,0
100105000,995,15,3054419936,3122886831,rate_command,0,0,0
100105000,996,16,3054419936,3122886831,rate_command,0,0,0
100105000,997,17,3054419936,3122886831,rate_command,0,0,0
100105000,998,18,3054419936,3122886831,rate_command,0,0,0
100105000,999,19,3054419936,3122886831,rate_command,0,0,0
100105000,999,19,0,3122886831,sender_rate_effect,0,0,33320
100105000,1000,20,3054419936,3122886831,rate_command,0,0,0
100105000,1000,20,0,3122886831,sender_rate_effect,0,0,33320
100105000,1001,21,3054419936,3122886831,rate_command,0,0,0
100105000,1002,22,3054419936,3122886831,rate_command,0,0,0
100105000,1003,23,3054419936,3122886831,rate_command,0,0,0
100105000,1004,24,3054419936,3122886831,rate_command,0,0,0
100105000,1005,25,3054419936,3122886831,rate_command,0,0,0
100105000,1006,26,3054419936,3122886831,rate_command,0,0,0
100105000,1007,27,3054419936,3122886831,rate_command,0,0,0
100105000,1008,28,3054419936,3122886831,rate_command,0,0,0
100105000,1009,29,3054419936,3122886831,rate_command,0,0,0
100105000,1010,30,3054419936,3122886831,rate_command,0,0,0
100105000,1011,31,3054419936,3122886831,rate_command,0,0,0
100105000,1012,32,3054419936,3122886831,rate_command,0,0,0
100105000,1013,33,3054419936,3122886831,rate_command,0,0,0
100105000,1014,34,3054419936,3122886831,rate_command,0,0,0
100105000,1015,35,3054419936,3122886831,rate_command,0,0,0
100105000,1016,36,3054419936,3122886831,rate_command,0,0,0
100105000,1017,37,3054419936,3122886831,rate_command,0,0,0
100105000,1018,38,3054419936,3122886831,rate_command,0,0,0
100105000,1019,39,3054419936,3122886831,rate_command,0,0,0
100105000,1020,40,3054419936,3122886831,rate_command,0,0,0
100105000,1021,41,3054419936,3122886831,rate_command,0,0,0
100105000,1022,42,3054419936,3122886831,rate_command,0,0,0
100105000,1023,43,3054419936,3122886831,rate_command,0,0,0
100105000,1024,44,3054419936,3122886831,rate_command,0,0,0
100105000,1025,45,3054419936,3122886831,rate_command,0,0,0
100105000,1026,46,3054419936,3122886831,rate_command,0,0,0
100105000,1027,47,3054419936,3122886831,rate_command,0,0,0
100105000,1028,48,3054419936,3122886831,rate_command,0,0,0
100105000,1029,49,3054419936,3122886831,rate_command,0,0,0
100105000,1030,50,3054419936,3122886831,rate_command,0,0,0
100105000,1031,51,3054419936,3122886831,rate_command,0,0,0
100105000,1032,52,3054419936,3122886831,rate_command,0,0,0
100105000,1033,53,3054419936,3122886831,rate_command,0,0,0
100105000,1034,54,3054419936,3122886831,rate_command,0,0,0
100105000,1035,55,3054419936,3122886831,rate_command,0,0,0
100105000,1036,56,3054419936,3122886831,rate_command,0,0,0
100105000,1037,57,3054419936,3122886831,rate_command,0,0,0
100105000,1038,58,3054419936,3122886831,rate_command,0,0,0
100105000,1039,59,3054419936,3122886831,rate_command,0,0,0
100105000,1040,60,3054419936,3122886831,rate_command,0,0,0
100105000,1041,61,3054419936,3122886831,rate_command,0,0,0
100105000,1042,62,3054419936,3122886831,rate_command,0,0,0
100105000,1043,63,3054419936,3122886831,rate_command,0,0,0
100105000,1044,64,3054419936,3122886831,rate_command,0,0,0
100105006,913,63,0,3098530284,first_affected_at_bottleneck,9519,10006,29512
100105013,872,22,0,3098530284,arrival_at_bottleneck,7699,10013,30464
100105035,1001,21,0,3122886831,sender_rate_effect,35,0,33320
100105045,908,58,0,3098530284,first_affected_at_bottleneck,9558,10045,29512
100105057,873,23,0,3098530284,arrival_at_bottleneck,7699,10057,30464
100105066,874,24,0,3098530284,arrival_at_bottleneck,7699,10066,30464
100105066,875,25,0,3098530284,arrival_at_bottleneck,7699,10066,30464
100105066,876,26,0,3098530284,arrival_at_bottleneck,7699,10066,30464
100105078,1002,22,0,3122886831,sender_rate_effect,78,0,33320
100105084,911,61,0,3098530284,first_affected_at_bottleneck,9597,10084,29512
100105096,882,32,0,3098530284,arrival_at_bottleneck,7729,10096,30464
100105105,880,30,0,3098530284,arrival_at_bottleneck,7738,10105,30464
100105105,879,29,0,3098530284,arrival_at_bottleneck,7738,10105,30464
100105105,881,31,0,3098530284,arrival_at_bottleneck,7738,10105,30464
100105122,1003,23,0,3122886831,sender_rate_effect,122,0,33320
100105123,914,64,0,3098530284,first_affected_at_bottleneck,9636,10123,29512
100105131,1004,24,0,3122886831,sender_rate_effect,131,0,33320
100105131,1005,25,0,3122886831,sender_rate_effect,131,0,33320
100105131,1006,26,0,3122886831,sender_rate_effect,131,0,33320
100105131,1007,27,0,3122886831,sender_rate_effect,131,0,33320
100105131,1008,28,0,3122886831,sender_rate_effect,131,0,33320
100105131,1009,29,0,3122886831,sender_rate_effect,131,0,33320
100105131,1010,30,0,3122886831,sender_rate_effect,131,0,33320
100105131,1011,31,0,3122886831,sender_rate_effect,131,0,33320
100105131,1012,32,0,3122886831,sender_rate_effect,131,0,33320
100105131,1013,33,0,3122886831,sender_rate_effect,131,0,33320
100105131,1014,34,0,3122886831,sender_rate_effect,131,0,33320
100105131,1015,35,0,3122886831,sender_rate_effect,131,0,33320
100105131,1016,36,0,3122886831,sender_rate_effect,131,0,33320
100105131,1017,37,0,3122886831,sender_rate_effect,131,0,33320
100105131,1018,38,0,3122886831,sender_rate_effect,131,0,33320
100105131,1019,39,0,3122886831,sender_rate_effect,131,0,33320
100105135,884,34,0,3098530284,arrival_at_bottleneck,7768,10135,30464
100105144,883,33,0,3098530284,arrival_at_bottleneck,7777,10144,30464
100105144,885,35,0,3098530284,arrival_at_bottleneck,7777,10144,30464
100105162,912,62,0,3098530284,first_affected_at_bottleneck,9675,10162,29512
100105174,887,37,0,3098530284,arrival_at_bottleneck,7807,10174,30464
100105183,889,39,0,3098530284,arrival_at_bottleneck,7816,10183,30464
100105183,888,38,0,3098530284,arrival_at_bottleneck,7816,10183,30464
100105201,915,0,0,4517124089,first_affected_at_bottleneck,4299,5201,1748633600
100105222,877,27,0,3098530284,arrival_at_bottleneck,7855,10222,30464
100105222,878,28,0,3098530284,arrival_at_bottleneck,7855,10222,30464
100105240,851,1,0,3098530284,first_affected_at_bottleneck,8939,10240,30464
100105261,886,36,0,3098530284,arrival_at_bottleneck,7894,10261,30464
100105279,854,4,0,3098530284,first_affected_at_bottleneck,8978,10279,30464
100105289,891,41,0,3098530284,arrival_at_bottleneck,7737,10289,30464
100105300,890,40,0,3098530284,arrival_at_bottleneck,7791,10300,30464
100105311,1020,40,0,3122886831,sender_rate_effect,311,0,33320
100105318,856,6,0,3098530284,first_affected_at_bottleneck,9017,10318,30464
100105354,1021,41,0,3122886831,sender_rate_effect,354,0,33320
100105357,855,5,0,3098530284,first_affected_at_bottleneck,9056,10357,30464
100105384,1022,42,0,3122886831,sender_rate_effect,384,0,33320
100105384,1023,43,0,3122886831,sender_rate_effect,384,0,33320
100105396,852,2,0,3098530284,first_affected_at_bottleneck,9095,10396,30464
100105412,1024,44,0,3122886831,sender_rate_effect,412,0,33320
100105435,853,3,0,3098530284,first_affected_at_bottleneck,9134,10435,30464
100105455,1025,45,0,3122886831,sender_rate_effect,455,0,33320
100105474,857,7,0,3098530284,first_affected_at_bottleneck,8794,10474,30464
100105499,1026,46,0,3122886831,sender_rate_effect,499,0,33320
100105513,858,8,0,3098530284,first_affected_at_bottleneck,8789,10513,30464
100105542,1027,47,0,3122886831,sender_rate_effect,542,0,33320
100105552,859,9,0,3098530284,first_affected_at_bottleneck,8785,10552,30464
100105586,1028,48,0,3122886831,sender_rate_effect,586,0,33320
100105591,860,10,0,3098530284,first_affected_at_bottleneck,8780,10591,30464
100105621,1029,49,0,3122886831,sender_rate_effect,621,0,33320
100105630,861,11,0,3098530284,first_affected_at_bottleneck,8776,10630,30464
100105669,862,12,0,3098530284,first_affected_at_bottleneck,8771,10669,30464
100105708,863,13,0,3098530284,first_affected_at_bottleneck,8767,10708,30464
100105747,864,14,0,3098530284,first_affected_at_bottleneck,8762,10747,30464
100105759,1030,50,0,3122886831,sender_rate_effect,759,0,33320
100105760,1031,51,0,3122886831,sender_rate_effect,760,0,33320
100105760,1032,52,0,3122886831,sender_rate_effect,760,0,33320
100105786,865,15,0,3098530284,first_affected_at_bottleneck,8768,10786,30464
100105797,1033,53,0,3122886831,sender_rate_effect,797,0,33320
100105825,1034,54,0,3122886831,sender_rate_effect,825,0,33320
100105825,866,16,0,3098530284,first_affected_at_bottleneck,8771,10825,30464
100105836,1035,55,0,3122886831,sender_rate_effect,836,0,33320
100105864,867,17,0,3098530284,first_affected_at_bottleneck,8767,10864,30464
100105871,1036,56,0,3122886831,sender_rate_effect,871,0,33320
100105871,1037,57,0,3122886831,sender_rate_effect,871,0,33320
100105871,1038,58,0,3122886831,sender_rate_effect,871,0,33320
100105871,1039,59,0,3122886831,sender_rate_effect,871,0,33320
100105871,1040,60,0,3122886831,sender_rate_effect,871,0,33320
100105871,1041,61,0,3122886831,sender_rate_effect,871,0,33320
100105871,1042,62,0,3122886831,sender_rate_effect,871,0,33320
100105871,1043,63,0,3122886831,sender_rate_effect,871,0,33320
100105871,1044,64,0,3122886831,sender_rate_effect,871,0,33320
100105903,868,18,0,3098530284,first_affected_at_bottleneck,8763,10903,30464
100105942,869,19,0,3098530284,first_affected_at_bottleneck,8758,10942,30464
100105981,870,20,0,3098530284,first_affected_at_bottleneck,8754,10981,30464
100106020,871,21,0,3098530284,first_affected_at_bottleneck,8749,11020,30464
100106059,872,22,0,3098530284,first_affected_at_bottleneck,8745,11059,30464
100106098,873,23,0,3098530284,first_affected_at_bottleneck,8740,11098,30464
100106137,874,24,0,3098530284,first_affected_at_bottleneck,8770,11137,30464
100106176,875,25,0,3098530284,first_affected_at_bottleneck,8809,11176,30464
100106215,876,26,0,3098530284,first_affected_at_bottleneck,8848,11215,30464
100106254,882,32,0,3098530284,first_affected_at_bottleneck,8887,11254,30464
100106293,880,30,0,3098530284,first_affected_at_bottleneck,8926,11293,30464
100106332,879,29,0,3098530284,first_affected_at_bottleneck,8965,11332,30464
100106371,881,31,0,3098530284,first_affected_at_bottleneck,9004,11371,30464
100106410,884,34,0,3098530284,first_affected_at_bottleneck,9043,11410,30464
100106449,883,33,0,3098530284,first_affected_at_bottleneck,9082,11449,30464
100106488,885,35,0,3098530284,first_affected_at_bottleneck,9121,11488,30464
100106527,887,37,0,3098530284,first_affected_at_bottleneck,9160,11527,30464
100106566,889,39,0,3098530284,first_affected_at_bottleneck,9199,11566,30464
100106570,980,0,0,3761986862,sender_rate_effect,1570,0,1748636456
100106605,888,38,0,3098530284,first_affected_at_bottleneck,9238,11605,30464
100106644,877,27,0,3098530284,first_affected_at_bottleneck,9277,11644,30464
100106683,878,28,0,3098530284,first_affected_at_bottleneck,9316,11683,30464
100106685,981,1,0,3122886831,sender_rate_effect,1685,0,34272
100106685,982,2,0,3122886831,sender_rate_effect,1685,0,34272
100106685,983,3,0,3122886831,sender_rate_effect,1685,0,34272
100106685,984,4,0,3122886831,sender_rate_effect,1685,0,34272
100106685,985,5,0,3122886831,sender_rate_effect,1685,0,34272
100106685,986,6,0,3122886831,sender_rate_effect,1685,0,34272
100106722,886,36,0,3098530284,first_affected_at_bottleneck,9355,11722,30464
100106761,891,41,0,3098530284,first_affected_at_bottleneck,9209,11761,30464
100106800,890,40,0,3098530284,first_affected_at_bottleneck,9291,11800,30464
100107064,987,7,0,3122886831,sender_rate_effect,2064,0,34272
100107108,988,8,0,3122886831,sender_rate_effect,2108,0,34272
100107151,989,9,0,3122886831,sender_rate_effect,2151,0,34272
100107195,990,10,0,3122886831,sender_rate_effect,2195,0,34272
100107238,991,11,0,3122886831,sender_rate_effect,2238,0,34272
100107282,992,12,0,3122886831,sender_rate_effect,2282,0,34272
100107325,993,13,0,3122886831,sender_rate_effect,2325,0,34272
100107369,994,14,0,3122886831,sender_rate_effect,2369,0,34272
100107402,995,15,0,3122886831,sender_rate_effect,2402,0,34272
100107438,996,16,0,3122886831,sender_rate_effect,2438,0,34272
100107481,997,17,0,3122886831,sender_rate_effect,2481,0,34272
100107524,998,18,0,3122886831,sender_rate_effect,2524,0,34272
100107909,956,41,0,3149132488,arrival_at_bottleneck,7737,7909,31416
100107920,955,40,0,3149132488,arrival_at_bottleneck,7791,7920,31416
100107948,957,42,0,3149132488,arrival_at_bottleneck,7746,7948,31416
100107959,958,43,0,3149132488,arrival_at_bottleneck,7757,7959,31416
100107987,959,44,0,3149132488,arrival_at_bottleneck,7757,7987,31416
100108026,960,45,0,3149132488,arrival_at_bottleneck,7753,8026,31416
100108054,961,46,0,3149132488,arrival_at_bottleneck,7737,8054,31416
100108097,962,47,0,3149132488,arrival_at_bottleneck,7737,8097,31416
100108141,963,48,0,3149132488,arrival_at_bottleneck,7737,8141,31416
100108176,964,49,0,3149132488,arrival_at_bottleneck,7737,8176,31416
100108314,965,50,0,3149132488,arrival_at_bottleneck,7737,8314,31416
100108315,967,52,0,3149132488,arrival_at_bottleneck,7737,8315,31416
100108353,968,53,0,3149132488,arrival_at_bottleneck,7738,8353,31416
100108380,969,54,0,3149132488,arrival_at_bottleneck,7737,8380,31416
100108392,966,51,0,3149132488,arrival_at_bottleneck,7814,8392,31416
100108419,970,55,0,3149132488,arrival_at_bottleneck,7765,8419,31416
100108426,972,57,0,3149132488,arrival_at_bottleneck,7737,8426,31416
100108426,974,59,0,3149132488,arrival_at_bottleneck,7737,8426,31416
100108431,971,56,0,3149132488,arrival_at_bottleneck,7742,8431,31416
100108458,975,60,0,3149132488,arrival_at_bottleneck,7769,8458,31416
100108465,978,63,0,3149132488,arrival_at_bottleneck,7776,8465,31416
100108470,973,58,0,3149132488,arrival_at_bottleneck,7781,8470,31416
100108497,976,61,0,3149132488,arrival_at_bottleneck,7808,8497,31416
100108509,979,64,0,3149132488,arrival_at_bottleneck,7820,8509,31416
100108536,977,62,0,3149132488,arrival_at_bottleneck,7847,8536,31416
100109240,916,1,0,3149132488,arrival_at_bottleneck,7737,9240,32368
100109240,919,4,0,3149132488,arrival_at_bottleneck,7737,9240,32368
100109240,921,6,0,3149132488,arrival_at_bottleneck,7737,9240,32368
100109279,920,5,0,3149132488,arrival_at_bottleneck,7776,9279,32368
100109318,917,2,0,3149132488,arrival_at_bottleneck,7815,9318,32368
100109335,956,41,0,3149132488,first_affected_at_bottleneck,9163,9335,31416
100109357,918,3,0,3149132488,arrival_at_bottleneck,7854,9357,32368
100109374,955,40,0,3149132488,first_affected_at_bottleneck,9245,9374,31416
100109413,957,42,0,3149132488,first_affected_at_bottleneck,9211,9413,31416
100109452,958,43,0,3149132488,first_affected_at_bottleneck,9250,9452,31416
100109491,959,44,0,3149132488,first_affected_at_bottleneck,9261,9491,31416
100109530,960,45,0,3149132488,first_affected_at_bottleneck,9257,9530,31416
100109569,961,46,0,3149132488,first_affected_at_bottleneck,9252,9569,31416
100109608,962,47,0,3149132488,first_affected_at_bottleneck,9248,9608,31416
100109619,922,7,0,3149132488,arrival_at_bottleneck,7737,9619,32368
100109647,963,48,0,3149132488,first_affected_at_bottleneck,9243,9647,31416
100109663,923,8,0,3149132488,arrival_at_bottleneck,7737,9663,32368
100109686,964,49,0,3149132488,first_affected_at_bottleneck,9247,9686,31416
100109706,924,9,0,3149132488,arrival_at_bottleneck,7737,9706,32368
100109725,965,50,0,3149132488,first_affected_at_bottleneck,9148,9725,31416
100109735,980,0,0,3761986862,arrival_at_bottleneck,3165,4735,1748636456
100109750,925,10,0,3149132488,arrival_at_bottleneck,7737,9750,32368
100109764,967,52,0,3149132488,first_affected_at_bottleneck,9186,9764,31416
100109793,926,11,0,3149132488,arrival_at_bottleneck,7737,9793,32368
100109803,968,53,0,3149132488,first_affected_at_bottleneck,9188,9803,31416
100109837,927,12,0,3149132488,arrival_at_bottleneck,7737,9837,32368
100109842,969,54,0,3149132488,first_affected_at_bottleneck,9199,9842,31416
100109880,928,13,0,3149132488,arrival_at_bottleneck,7737,9880,32368
100109881,966,51,0,3149132488,first_affected_at_bottleneck,9303,9881,31416
100109920,970,55,0,3149132488,first_affected_at_bottleneck,9266,9920,31416
100109924,929,14,0,3149132488,arrival_at_bottleneck,7737,9924,32368
100109957,930,15,0,3149132488,arrival_at_bottleneck,7737,9957,32368
100109959,972,57,0,3149132488,first_affected_at_bottleneck,9270,9959,31416
100109993,931,16,0,3149132488,arrival_at_bottleneck,7737,9993,32368
100109998,974,59,0,3149132488,first_affected_at_bottleneck,9309,9998,31416
100110000,1045,0,3761986862,3233390803,rate_command,0,0,0
100110000,1046,1,3122886831,3163624633,rate_command,0,0,0
100110000,1047,2,3122886831,3163624633,rate_command,0,0,0
100110000,1048,3,3122886831,3163624633,rate_command,0,0,0
100110000,1049,4,3122886831,3163624633,rate_command,0,0,0
100110000,1050,5,3122886831,3163624633,rate_command,0,0,0
100110000,1051,6,3122886831,3163624633,rate_command,0,0,0
100110000,1052,7,3122886831,3163624633,rate_command,0,0,0
100110000,1053,8,3122886831,3163624633,rate_command,0,0,0
100110000,1054,9,3122886831,3163624633,rate_command,0,0,0
100110000,1055,10,3122886831,3163624633,rate_command,0,0,0
100110000,1056,11,3122886831,3163624633,rate_command,0,0,0
100110000,1057,12,3122886831,3163624633,rate_command,0,0,0
100110000,1058,13,3122886831,3163624633,rate_command,0,0,0
100110000,1059,14,3122886831,3163624633,rate_command,0,0,0
100110000,1060,15,3122886831,3163624633,rate_command,0,0,0
100110000,1061,16,3122886831,3163624633,rate_command,0,0,0
100110000,1061,16,0,3163624633,sender_rate_effect,0,0,35224
100110000,1062,17,3122886831,3163624633,rate_command,0,0,0
100110000,1063,18,3122886831,3163624633,rate_command,0,0,0
100110000,1064,19,3122886831,3163624633,rate_command,0,0,0
100110000,1065,20,3122886831,3163624633,rate_command,0,0,0
100110000,1066,21,3122886831,3163624633,rate_command,0,0,0
100110000,1067,22,3122886831,3163624633,rate_command,0,0,0
100110000,1068,23,3122886831,3163624633,rate_command,0,0,0
100110000,1069,24,3122886831,3163624633,rate_command,0,0,0
100110000,1070,25,3122886831,3163624633,rate_command,0,0,0
100110000,1071,26,3122886831,3163624633,rate_command,0,0,0
100110000,1072,27,3122886831,3163624633,rate_command,0,0,0
100110000,1073,28,3122886831,3163624633,rate_command,0,0,0
100110000,1074,29,3122886831,3163624633,rate_command,0,0,0
100110000,1075,30,3122886831,3163624633,rate_command,0,0,0
100110000,1076,31,3122886831,3163624633,rate_command,0,0,0
100110000,1077,32,3122886831,3163624633,rate_command,0,0,0
100110000,1078,33,3122886831,3163624633,rate_command,0,0,0
100110000,1079,34,3122886831,3163624633,rate_command,0,0,0
100110000,1080,35,3122886831,3163624633,rate_command,0,0,0
100110000,1081,36,3122886831,3163624633,rate_command,0,0,0
100110000,1082,37,3122886831,3163624633,rate_command,0,0,0
100110000,1083,38,3122886831,3163624633,rate_command,0,0,0
100110000,1084,39,3122886831,3163624633,rate_command,0,0,0
100110000,1085,40,3122886831,3163624633,rate_command,0,0,0
100110000,1086,41,3122886831,3163624633,rate_command,0,0,0
100110000,1087,42,3122886831,3163624633,rate_command,0,0,0
100110000,1088,43,3122886831,3163624633,rate_command,0,0,0
100110000,1089,44,3122886831,3163624633,rate_command,0,0,0
100110000,1090,45,3122886831,3163624633,rate_command,0,0,0
100110000,1091,46,3122886831,3163624633,rate_command,0,0,0
100110000,1092,47,3122886831,3163624633,rate_command,0,0,0
100110000,1093,48,3122886831,3163624633,rate_command,0,0,0
100110000,1094,49,3122886831,3163624633,rate_command,0,0,0
100110000,1095,50,3122886831,3163624633,rate_command,0,0,0
100110000,1096,51,3122886831,3163624633,rate_command,0,0,0
100110000,1097,52,3122886831,3163624633,rate_command,0,0,0
100110000,1098,53,3122886831,3163624633,rate_command,0,0,0
100110000,1099,54,3122886831,3163624633,rate_command,0,0,0
100110000,1100,55,3122886831,3163624633,rate_command,0,0,0
100110000,1101,56,3122886831,3163624633,rate_command,0,0,0
100110000,1102,57,3122886831,3163624633,rate_command,0,0,0
100110000,1103,58,3122886831,3163624633,rate_command,0,0,0
100110000,1104,59,3122886831,3163624633,rate_command,0,0,0
100110000,1105,60,3122886831,3163624633,rate_command,0,0,0
100110000,1106,61,3122886831,3163624633,rate_command,0,0,0
100110000,1107,62,3122886831,3163624633,rate_command,0,0,0
100110000,1108,63,3122886831,3163624633,rate_command,0,0,0
100110000,1109,64,3122886831,3163624633,rate_command,0,0,0
100110036,932,17,0,3149132488,arrival_at_bottleneck,7737,10036,32368
100110037,971,56,0,3149132488,first_affected_at_bottleneck,9348,10037,31416
100110076,975,60,0,3149132488,first_affected_at_bottleneck,9387,10076,31416
100110079,933,18,0,3149132488,arrival_at_bottleneck,7737,10079,32368
100110084,1062,17,0,3163624633,sender_rate_effect,84,0,35224
100110115,978,63,0,3149132488,first_affected_at_bottleneck,9426,10115,31416
100110117,934,19,0,3149132488,arrival_at_bottleneck,7731,10117,32368
100110127,1063,18,0,3163624633,sender_rate_effect,127,0,35224
100110152,936,21,0,3149132488,arrival_at_bottleneck,7679,10152,32368
100110154,973,58,0,3149132488,first_affected_at_bottleneck,9465,10154,31416
100110156,935,20,0,3149132488,arrival_at_bottleneck,7727,10156,32368
100110165,1064,19,0,3163624633,sender_rate_effect,165,0,35224
100110165,1065,20,0,3163624633,sender_rate_effect,165,0,35224
100110193,976,61,0,3149132488,first_affected_at_bottleneck,9504,10193,31416
100110195,937,22,0,3149132488,arrival_at_bottleneck,7679,10195,32368
100110200,1066,21,0,3163624633,sender_rate_effect,200,0,35224
100110232,979,64,0,3149132488,first_affected_at_bottleneck,9543,10232,31416
100110239,938,23,0,3149132488,arrival_at_bottleneck,7679,10239,32368
100110243,1067,22,0,3163624633,sender_rate_effect,243,0,35224
100110248,939,24,0,3149132488,arrival_at_bottleneck,7679,10248,32368
100110248,940,25,0,3149132488,arrival_at_bottleneck,7679,10248,32368
100110248,941,26,0,3149132488,arrival_at_bottleneck,7679,10248,32368
100110271,977,62,0,3149132488,first_affected_at_bottleneck,9582,10271,31416
100110278,947,32,0,3149132488,arrival_at_bottleneck,7709,10278,32368
100110287,945,30,0,3149132488,arrival_at_bottleneck,7718,10287,32368
100110287,944,29,0,3149132488,arrival_at_bottleneck,7718,10287,32368
100110287,946,31,0,3149132488,arrival_at_bottleneck,7718,10287,32368
100110287,1068,23,0,3163624633,sender_rate_effect,287,0,35224
100110296,1069,24,0,3163624633,sender_rate_effect,296,0,35224
100110296,1070,25,0,3163624633,sender_rate_effect,296,0,35224
100110296,1071,26,0,3163624633,sender_rate_effect,296,0,35224
100110296,1072,27,0,3163624633,sender_rate_effect,296,0,35224
100110296,1073,28,0,3163624633,sender_rate_effect,296,0,35224
100110296,1074,29,0,3163624633,sender_rate_effect,296,0,35224
100110296,1075,30,0,3163624633,sender_rate_effect,296,0,35224
100110296,1076,31,0,3163624633,sender_rate_effect,296,0,35224
100110296,1077,32,0,3163624633,sender_rate_effect,296,0,35224
100110296,1078,33,0,3163624633,sender_rate_effect,296,0,35224
100110296,1079,34,0,3163624633,sender_rate_effect,296,0,35224
100110296,1080,35,0,3163624633,sender_rate_effect,296,0,35224
100110296,1081,36,0,3163624633,sender_rate_effect,296,0,35224
100110296,1082,37,0,3163624633,sender_rate_effect,296,0,35224
100110296,1083,38,0,3163624633,sender_rate_effect,296,0,35224
100110296,1084,39,0,3163624633,sender_rate_effect,296,0,35224
100110310,916,1,0,3149132488,first_affected_at_bottleneck,8807,10310,32368
100110317,949,34,0,3149132488,arrival_at_bottleneck,7748,10317,32368
100110326,948,33,0,3149132488,arrival_at_bottleneck,7757,10326,32368
100110326,950,35,0,3149132488,arrival_at_bottleneck,7757,10326,32368
100110349,919,4,0,3149132488,first_affected_at_bottleneck,8846,10349,32368
100110356,952,37,0,3149132488,arrival_at_bottleneck,7787,10356,32368
100110365,954,39,0,3149132488,arrival_at_bottleneck,7796,10365,32368
100110365,953,38,0,3149132488,arrival_at_bottleneck,7796,10365,32368
100110388,921,6,0,3149132488,first_affected_at_bottleneck,8885,10388,32368
100110404,942,27,0,3149132488,arrival_at_bottleneck,7835,10404,32368
100110404,943,28,0,3149132488,arrival_at_bottleneck,7835,10404,32368
100110427,920,5,0,3149132488,first_affected_at_bottleneck,8924,10427,32368
100110443,951,36,0,3149132488,arrival_at_bottleneck,7874,10443,32368
100110466,917,2,0,3149132488,first_affected_at_bottleneck,8963,10466,32368
100110476,1085,40,0,3163624633,sender_rate_effect,476,0,35224
100110505,918,3,0,3149132488,first_affected_at_bottleneck,9002,10505,32368
100110519,1086,41,0,3163624633,sender_rate_effect,519,0,35224
100110544,922,7,0,3149132488,first_affected_at_bottleneck,8662,10544,32368
100110549,1087,42,0,3163624633,sender_rate_effect,549,0,35224
100110549,1088,43,0,3163624633,sender_rate_effect,549,0,35224
100110577,1089,44,0,3163624633,sender_rate_effect,577,0,35224
100110583,923,8,0,3149132488,first_affected_at_bottleneck,8657,10583,32368
100110620,1090,45,0,3163624633,sender_rate_effect,620,0,35224
100110622,924,9,0,3149132488,first_affected_at_bottleneck,8653,10622,32368
100110661,980,0,0,3761986862,first_affected_at_bottleneck,4091,5661,1748636456
100110664,1091,46,0,3163624633,sender_rate_effect,664,0,35224
100110700,925,10,0,3149132488,first_affected_at_bottleneck,8687,10700,32368
100110707,1092,47,0,3163624633,sender_rate_effect,707,0,35224
100110739,926,11,0,3149132488,first_affected_at_bottleneck,8683,10739,32368
100110751,1093,48,0,3163624633,sender_rate_effect,751,0,35224
100110778,927,12,0,3149132488,first_affected_at_bottleneck,8678,10778,32368
100110786,1094,49,0,3163624633,sender_rate_effect,786,0,35224
100110817,928,13,0,3149132488,first_affected_at_bottleneck,8674,10817,32368
100110856,929,14,0,3149132488,first_affected_at_bottleneck,8669,10856,32368
100110895,930,15,0,3149132488,first_affected_at_bottleneck,8675,10895,32368
100110924,1095,50,0,3163624633,sender_rate_effect,924,0,35224
100110925,1096,51,0,3163624633,sender_rate_effect,925,0,35224
100110925,1097,52,0,3163624633,sender_rate_effect,925,0,35224
100110934,931,16,0,3149132488,first_affected_at_bottleneck,8678,10934,32368
100110962,1098,53,0,3163624633,sender_rate_effect,962,0,35224
100110973,932,17,0,3149132488,first_affected_at_bottleneck,8674,10973,32368
100110990,1099,54,0,3163624633,sender_rate_effect,990,0,35224
100111001,1100,55,0,3163624633,sender_rate_effect,1001,0,35224
100111012,933,18,0,3149132488,first_affected_at_bottleneck,8670,11012,32368
100111036,1101,56,0,3163624633,sender_rate_effect,1036,0,35224
100111036,1102,57,0,3163624633,sender_rate_effect,1036,0,35224
100111036,1103,58,0,3163624633,sender_rate_effect,1036,0,35224
100111036,1104,59,0,3163624633,sender_rate_effect,1036,0,35224
100111036,1105,60,0,3163624633,sender_rate_effect,1036,0,35224
100111036,1106,61,0,3163624633,sender_rate_effect,1036,0,35224
100111036,1107,62,0,3163624633,sender_rate_effect,1036,0,35224
100111036,1108,63,0,3163624633,sender_rate_effect,1036,0,35224
100111036,1109,64,0,3163624633,sender_rate_effect,1036,0,35224
100111051,934,19,0,3149132488,first_affected_at_bottleneck,8665,11051,32368
100111090,936,21,0,3149132488,first_affected_at_bottleneck,8617,11090,32368
100111129,935,20,0,3149132488,first_affected_at_bottleneck,8700,11129,32368
100111168,937,22,0,3149132488,first_affected_at_bottleneck,8652,11168,32368
100111170,1045,0,0,3233390803,sender_rate_effect,1170,0,1748638360
100111207,938,23,0,3149132488,first_affected_at_bottleneck,8647,11207,32368
100111246,939,24,0,3149132488,first_affected_at_bottleneck,8677,11246,32368
100111285,940,25,0,3149132488,first_affected_at_bottleneck,8716,11285,32368
100111324,941,26,0,3149132488,first_affected_at_bottleneck,8755,11324,32368
100111363,947,32,0,3149132488,first_affected_at_bottleneck,8794,11363,32368
100111402,945,30,0,3149132488,first_affected_at_bottleneck,8833,11402,32368
100111441,944,29,0,3149132488,first_affected_at_bottleneck,8872,11441,32368
100111480,946,31,0,3149132488,first_affected_at_bottleneck,8911,11480,32368
100111519,949,34,0,3149132488,first_affected_at_bottleneck,8950,11519,32368
100111558,948,33,0,3149132488,first_affected_at_bottleneck,8989,11558,32368
100111597,950,35,0,3149132488,first_affected_at_bottleneck,9028,11597,32368
100111636,952,37,0,3149132488,first_affected_at_bottleneck,9067,11636,32368
100111675,954,39,0,3149132488,first_affected_at_bottleneck,9106,11675,32368
100111714,953,38,0,3149132488,first_affected_at_bottleneck,9145,11714,32368
100111753,942,27,0,3149132488,first_affected_at_bottleneck,9184,11753,32368
100111792,943,28,0,3149132488,first_affected_at_bottleneck,9223,11792,32368
100111831,951,36,0,3149132488,first_affected_at_bottleneck,9262,11831,32368
100111850,1046,1,0,3163624633,sender_rate_effect,1850,0,36176
100111850,1047,2,0,3163624633,sender_rate_effect,1850,0,36176
100111850,1048,3,0,3163624633,sender_rate_effect,1850,0,36176
100111850,1049,4,0,3163624633,sender_rate_effect,1850,0,36176
100111850,1050,5,0,3163624633,sender_rate_effect,1850,0,36176
100111850,1051,6,0,3163624633,sender_rate_effect,1850,0,36176
100112229,1052,7,0,3163624633,sender_rate_effect,2229,0,36176
100112273,1053,8,0,3163624633,sender_rate_effect,2273,0,36176
100112316,1054,9,0,3163624633,sender_rate_effect,2316,0,36176
100112360,1055,10,0,3163624633,sender_rate_effect,2360,0,36176
100112403,1056,11,0,3163624633,sender_rate_effect,2403,0,36176
100112447,1057,12,0,3163624633,sender_rate_effect,2447,0,36176
100112490,1058,13,0,3163624633,sender_rate_effect,2490,0,36176
100112534,1059,14,0,3163624633,sender_rate_effect,2534,0,36176
100112567,1060,15,0,3163624633,sender_rate_effect,2567,0,36176
100112679,999,19,0,3122886831,arrival_at_bottleneck,7679,7679,33320
100112714,1001,21,0,3122886831,arrival_at_bottleneck,7679,7714,33320
100112718,1000,20,0,3122886831,arrival_at_bottleneck,7718,7718,33320
100112757,1002,22,0,3122886831,arrival_at_bottleneck,7679,7757,33320
100112801,1003,23,0,3122886831,arrival_at_bottleneck,7679,7801,33320
100112810,1004,24,0,3122886831,arrival_at_bottleneck,7679,7810,33320
100112810,1005,25,0,3122886831,arrival_at_bottleneck,7679,7810,33320
100112810,1006,26,0,3122886831,arrival_at_bottleneck,7679,7810,33320
100112840,1012,32,0,3122886831,arrival_at_bottleneck,7709,7840,33320
100112849,1010,30,0,3122886831,arrival_at_bottleneck,7718,7849,33320
100112849,1009,29,0,3122886831,arrival_at_bottleneck,7718,7849,33320
100112849,1011,31,0,3122886831,arrival_at_bottleneck,7718,7849,33320
100112879,1014,34,0,3122886831,arrival_at_bottleneck,7748,7879,33320
100112888,1013,33,0,3122886831,arrival_at_bottleneck,7757,7888,33320
100112888,1015,35,0,3122886831,arrival_at_bottleneck,7757,7888,33320
100112918,1017,37,0,3122886831,arrival_at_bottleneck,7787,7918,33320
100112927,1019,39,0,3122886831,arrival_at_bottleneck,7796,7927,33320
100112927,1018,38,0,3122886831,arrival_at_bottleneck,7796,7927,33320
100112966,1007,27,0,3122886831,arrival_at_bottleneck,7835,7966,33320
100112966,1008,28,0,3122886831,arrival_at_bottleneck,7835,7966,33320
100113005,1016,36,0,3122886831,arrival_at_bottleneck,7874,8005,33320
100113033,1021,41,0,3122886831,arrival_at_bottleneck,7679,8033,33320
100113044,1020,40,0,3122886831,arrival_at_bottleneck,7733,8044,33320
100113072,1022,42,0,3122886831,arrival_at_bottleneck,7688,8072,33320
100113083,1023,43,0,3122886831,arrival_at_bottleneck,7699,8083,33320
100113111,1024,44,0,3122886831,arrival_at_bottleneck,7699,8111,33320
100113150,1025,45,0,3122886831,arrival_at_bottleneck,7695,8150,33320
100113178,1026,46,0,3122886831,arrival_at_bottleneck,7679,8178,33320
100113221,1027,47,0,3122886831,arrival_at_bottleneck,7679,8221,33320
100113265,1028,48,0,3122886831,arrival_at_bottleneck,7679,8265,33320
100113300,1029,49,0,3122886831,arrival_at_bottleneck,7679,8300,33320
100113438,1030,50,0,3122886831,arrival_at_bottleneck,7679,8438,33320
100113439,1032,52,0,3122886831,arrival_at_bottleneck,7679,8439,33320
100113477,1033,53,0,3122886831,arrival_at_bottleneck,7680,8477,33320
100113504,1034,54,0,3122886831,arrival_at_bottleneck,7679,8504,33320
100113516,1031,51,0,3122886831,arrival_at_bottleneck,7756,8516,33320
100113543,1035,55,0,3122886831,arrival_at_bottleneck,7707,8543,33320
100113550,1037,57,0,3122886831,arrival_at_bottleneck,7679,8550,33320
100113550,1039,59,0,3122886831,arrival_at_bottleneck,7679,8550,33320
100113555,1036,56,0,3122886831,arrival_at_bottleneck,7684,8555,33320
100113582,1040,60,0,3122886831,arrival_at_bottleneck,7711,8582,33320
100113586,999,19,0,3122886831,first_affected_at_bottleneck,8586,8586,33320
100113589,1043,63,0,3122886831,arrival_at_bottleneck,7718,8589,33320
100113594,1038,58,0,3122886831,arrival_at_bottleneck,7723,8594,33320
100113621,1041,61,0,3122886831,arrival_at_bottleneck,7750,8621,33320
100113625,1001,21,0,3122886831,first_affected_at_bottleneck,8590,8625,33320
100113633,1044,64,0,3122886831,arrival_at_bottleneck,7762,8633,33320
100113660,1042,62,0,3122886831,arrival_at_bottleneck,7789,8660,33320
100113664,1000,20,0,3122886831,first_affected_at_bottleneck,8664,8664,33320
100113703,1002,22,0,3122886831,first_affected_at_bottleneck,8625,8703,33320
100113742,1003,23,0,3122886831,first_affected_at_bottleneck,8620,8742,33320
100113781,1004,24,0,3122886831,first_affected_at_bottleneck,8650,8781,33320
100113820,1005,25,0,3122886831,first_affected_at_bottleneck,8689,8820,33320
100113859,1006,26,0,3122886831,first_affected_at_bottleneck,8728,8859,33320
100113898,1012,32,0,3122886831,first_affected_at_bottleneck,8767,8898,33320
100113937,1010,30,0,3122886831,first_affected_at_bottleneck,8806,8937,33320
100113976,1009,29,0,3122886831,first_affected_at_bottleneck,8845,8976,33320
100114015,1011,31,0,3122886831,first_affected_at_bottleneck,8884,9015,33320
100114054,1014,34,0,3122886831,first_affected_at_bottleneck,8923,9054,33320
100114093,1013,33,0,3122886831,first_affected_at_bottleneck,8962,9093,33320
100114132,1015,35,0,3122886831,first_affected_at_bottleneck,9001,9132,33320
100114171,1017,37,0,3122886831,first_affected_at_bottleneck,9040,9171,33320
100114210,1019,39,0,3122886831,first_affected_at_bottleneck,9079,9210,33320
100114249,1018,38,0,3122886831,first_affected_at_bottleneck,9118,9249,33320
100114288,1007,27,0,3122886831,first_affected_at_bottleneck,9157,9288,33320
100114327,1008,28,0,3122886831,first_affected_at_bottleneck,9196,9327,33320
100114364,981,1,0,3122886831,arrival_at_bottleneck,7679,9364,34272
100114364,984,4,0,3122886831,arrival_at_bottleneck,7679,9364,34272
100114364,986,6,0,3122886831,arrival_at_bottleneck,7679,9364,34272
100114366,1016,36,0,3122886831,first_affected_at_bottleneck,9235,9366,33320
100114403,985,5,0,3122886831,arrival_at_bottleneck,7718,9403,34272
100114405,1021,41,0,3122886831,first_affected_at_bottleneck,9051,9405,33320
100114442,982,2,0,3122886831,arrival_at_bottleneck,7757,9442,34272
100114444,1020,40,0,3122886831,first_affected_at_bottleneck,9133,9444,33320
100114481,983,3,0,3122886831,arrival_at_bottleneck,7796,9481,34272
100114483,1022,42,0,3122886831,first_affected_at_bottleneck,9099,9483,33320
100114522,1023,43,0,3122886831,first_affected_at_bottleneck,9138,9522,33320
100114561,1024,44,0,3122886831,first_affected_at_bottleneck,9149,9561,33320
100114600,1025,45,0,3122886831,first_affected_at_bottleneck,9145,9600,33320
100114639,1026,46,0,3122886831,first_affected_at_bottleneck,9140,9639,33320
100114678,1027,47,0,3122886831,first_affected_at_bottleneck,9136,9678,33320
100114683,1045,0,0,3233390803,arrival_at_bottleneck,3513,4683,1748638360
100114717,1028,48,0,3122886831,first_affected_at_bottleneck,9131,9717,33320
100114743,987,7,0,3122886831,arrival_at_bottleneck,7679,9743,34272
100114756,1029,49,0,3122886831,first_affected_at_bottleneck,9135,9756,33320
100114787,988,8,0,3122886831,arrival_at_bottleneck,7679,9787,34272
100114795,1030,50,0,3122886831,first_affected_at_bottleneck,9036,9795,33320
100114830,989,9,0,3122886831,arrival_at_bottleneck,7679,9830,34272
100114834,1032,52,0,3122886831,first_affected_at_bottleneck,9074,9834,33320
100114873,1033,53,0,3122886831,first_affected_at_bottleneck,9076,9873,33320
100114874,990,10,0,3122886831,arrival_at_bottleneck,7679,9874,34272
100114912,1034,54,0,3122886831,first_affected_at_bottleneck,9087,9912,33320
100114917,991,11,0,3122886831,arrival_at_bottleneck,7679,9917,34272
100114951,1031,51,0,3122886831,first_affected_at_bottleneck,9191,9951,33320
100114961,992,12,0,3122886831,arrival_at_bottleneck,7679,9961,34272
100114990,1035,55,0,3122886831,first_affected_at_bottleneck,9154,9990,33320
100115000,1110,0,3233390803,2863373562,rate_command,0,0,0
100115000,1111,1,3074478268,3134821538,rate_command,0,0,0
100115000,1112,2,3074478268,3134821538,rate_command,0,0,0
100115000,1113,3,3074478268,3134821538,rate_command,0,0,0
100115000,1114,4,3074478268,3134821538,rate_command,0,0,0
100115000,1115,5,3074478268,3134821538,rate_command,0,0,0
100115000,1116,6,3074478268,3134821538,rate_command,0,0,0
100115000,1117,7,3074478268,3134821538,rate_command,0,0,0
100115000,1118,8,3074478268,3134821538,rate_command,0,0,0
100115000,1119,9,3074478268,3134821538,rate_command,0,0,0
100115000,1120,10,3074478268,3134821538,rate_command,0,0,0
100115000,1121,11,3074478268,3134821538,rate_command,0,0,0
100115000,1121,11,0,3134821538,sender_rate_effect,0,0,37128
100115000,1122,12,3074478268,3134821538,rate_command,0,0,0
100115000,1122,12,0,3134821538,sender_rate_effect,0,0,37128
100115000,1123,13,3074478268,3134821538,rate_command,0,0,0
100115000,1124,14,3074478268,3134821538,rate_command,0,0,0
100115000,1125,15,3074478268,3134821538,rate_command,0,0,0
100115000,1126,16,3074478268,3134821538,rate_command,0,0,0
100115000,1127,17,3074478268,3134821538,rate_command,0,0,0
100115000,1128,18,3074478268,3134821538,rate_command,0,0,0
100115000,1129,19,3074478268,3134821538,rate_command,0,0,0
100115000,1130,20,3074478268,3134821538,rate_command,0,0,0
100115000,1131,21,3074478268,3134821538,rate_command,0,0,0
100115000,1132,22,3074478268,3134821538,rate_command,0,0,0
100115000,1133,23,3074478268,3134821538,rate_command,0,0,0
100115000,1134,24,3074478268,3134821538,rate_command,0,0,0
100115000,1135,25,3074478268,3134821538,rate_command,0,0,0
100115000,1136,26,3074478268,3134821538,rate_command,0,0,0
100115000,1137,27,3074478268,3134821538,rate_command,0,0,0
100115000,1138,28,3074478268,3134821538,rate_command,0,0,0
100115000,1139,29,3074478268,3134821538,rate_command,0,0,0
100115000,1140,30,3074478268,3134821538,rate_command,0,0,0
100115000,1141,31,3074478268,3134821538,rate_command,0,0,0
100115000,1142,32,3074478268,3134821538,rate_command,0,0,0
100115000,1143,33,3074478268,3134821538,rate_command,0,0,0
100115000,1144,34,3074478268,3134821538,rate_command,0,0,0
100115000,1145,35,3074478268,3134821538,rate_command,0,0,0
100115000,1146,36,3074478268,3134821538,rate_command,0,0,0
100115000,1147,37,3074478268,3134821538,rate_command,0,0,0
100115000,1148,38,3074478268,3134821538,rate_command,0,0,0
100115000,1149,39,3074478268,3134821538,rate_command,0,0,0
100115000,1150,40,3074478268,3134821538,rate_command,0,0,0
100115000,1151,41,3074478268,3134821538,rate_command,0,0,0
100115000,1152,42,3074478268,3134821538,rate_command,0,0,0
100115000,1153,43,3074478268,3134821538,rate_command,0,0,0
100115000,1154,44,3074478268,3134821538,rate_command,0,0,0
100115000,1155,45,3074478268,3134821538,rate_command,0,0,0
100115000,1156,46,3074478268,3134821538,rate_command,0,0,0
100115000,1157,47,3074478268,3134821538,rate_command,0,0,0
100115000,1158,48,3074478268,3134821538,rate_command,0,0,0
100115000,1159,49,3074478268,3134821538,rate_command,0,0,0
100115000,1160,50,3074478268,3134821538,rate_command,0,0,0
100115000,1161,51,3074478268,3134821538,rate_command,0,0,0
100115000,1162,52,3074478268,3134821538,rate_command,0,0,0
100115000,1163,53,3074478268,3134821538,rate_command,0,0,0
100115000,1164,54,3074478268,3134821538,rate_command,0,0,0
100115000,1165,55,3074478268,3134821538,rate_command,0,0,0
100115000,1166,56,3074478268,3134821538,rate_command,0,0,0
100115000,1167,57,3074478268,3134821538,rate_command,0,0,0
100115000,1168,58,3074478268,3134821538,rate_command,0,0,0
100115000,1169,59,3074478268,3134821538,rate_command,0,0,0
100115000,1170,60,3074478268,3134821538,rate_command,0,0,0
100115000,1171,61,3074478268,3134821538,rate_command,0,0,0
100115000,1172,62,3074478268,3134821538,rate_command,0,0,0
100115000,1173,63,3074478268,3134821538,rate_command,0,0,0
100115000,1174,64,3074478268,3134821538,rate_command,0,0,0
100115004,993,13,0,3122886831,arrival_at_bottleneck,7679,10004,34272
100115029,1037,57,0,3122886831,first_affected_at_bottleneck,9158,10029,33320
100115042,1123,13,0,3134821538,sender_rate_effect,42,0,37128
100115048,994,14,0,3122886831,arrival_at_bottleneck,7679,10048,34272
100115068,1039,59,0,3122886831,first_affected_at_bottleneck,9197,10068,33320
100115081,995,15,0,3122886831,arrival_at_bottleneck,7679,10081,34272
100115086,1124,14,0,3134821538,sender_rate_effect,86,0,37128
100115107,1036,56,0,3122886831,first_affected_at_bottleneck,9236,10107,33320
100115117,996,16,0,3122886831,arrival_at_bottleneck,7679,10117,34272
100115119,1125,15,0,3134821538,sender_rate_effect,119,0,37128
100115146,1040,60,0,3122886831,first_affected_at_bottleneck,9275,10146,33320
100115155,1126,16,0,3134821538,sender_rate_effect,155,0,37128
100115185,1043,63,0,3122886831,first_affected_at_bottleneck,9314,10185,33320
100115201,997,17,0,3122886831,arrival_at_bottleneck,7720,10201,34272
100115224,1038,58,0,3122886831,first_affected_at_bottleneck,9353,10224,33320
100115239,1127,17,0,3134821538,sender_rate_effect,239,0,37128
100115244,998,18,0,3122886831,arrival_at_bottleneck,7720,10244,34272
100115263,1041,61,0,3122886831,first_affected_at_bottleneck,9392,10263,33320
100115282,1128,18,0,3134821538,sender_rate_effect,282,0,37128
100115302,1044,64,0,3122886831,first_affected_at_bottleneck,9431,10302,33320
100115320,1129,19,0,3134821538,sender_rate_effect,320,0,37128
100115320,1130,20,0,3134821538,sender_rate_effect,320,0,37128
100115341,1042,62,0,3122886831,first_affected_at_bottleneck,9470,10341,33320
100115355,1131,21,0,3134821538,sender_rate_effect,355,0,37128
100115380,981,1,0,3122886831,first_affected_at_bottleneck,8695,10380,34272
100115398,1132,22,0,3134821538,sender_rate_effect,398,0,37128
100115419,984,4,0,3122886831,first_affected_at_bottleneck,8734,10419,34272
100115442,1133,23,0,3134821538,sender_rate_effect,442,0,37128
100115451,1134,24,0,3134821538,sender_rate_effect,451,0,37128
100115451,1135,25,0,3134821538,sender_rate_effect,451,0,37128
100115451,1136,26,0,3134821538,sender_rate_effect,451,0,37128
100115451,1137,27,0,3134821538,sender_rate_effect,451,0,37128
100115451,1138,28,0,3134821538,sender_rate_effect,451,0,37128
100115451,1139,29,0,3134821538,sender_rate_effect,451,0,37128
100115451,1140,30,0,3134821538,sender_rate_effect,451,0,37128
100115451,1141,31,0,3134821538,sender_rate_effect,451,0,37128
100115451,1142,32,0,3134821538,sender_rate_effect,451,0,37128
100115451,1143,33,0,3134821538,sender_rate_effect,451,0,37128
100115451,1144,34,0,3134821538,sender_rate_effect,451,0,37128
100115451,1145,35,0,3134821538,sender_rate_effect,451,0,37128
100115451,1146,36,0,3134821538,sender_rate_effect,451,0,37128
100115451,1147,37,0,3134821538,sender_rate_effect,451,0,37128
100115451,1148,38,0,3134821538,sender_rate_effect,451,0,37128
100115451,1149,39,0,3134821538,sender_rate_effect,451,0,37128
100115458,986,6,0,3122886831,first_affected_at_bottleneck,8773,10458,34272
100115497,985,5,0,3122886831,first_affected_at_bottleneck,8812,10497,34272
100115536,982,2,0,3122886831,first_affected_at_bottleneck,8851,10536,34272
100115575,983,3,0,3122886831,first_affected_at_bottleneck,8890,10575,34272
100115614,1045,0,0,3233390803,first_affected_at_bottleneck,4444,5614,1748638360
100115631,1150,40,0,3134821538,sender_rate_effect,631,0,37128
100115653,987,7,0,3122886831,first_affected_at_bottleneck,8589,10653,34272
100115674,1151,41,0,3134821538,sender_rate_effect,674,0,37128
100115692,988,8,0,3122886831,first_affected_at_bottleneck,8584,10692,34272
100115704,1152,42,0,3134821538,sender_rate_effect,704,0,37128
100115704,1153,43,0,3134821538,sender_rate_effect,704,0,37128
100115731,989,9,0,3122886831,first_affected_at_bottleneck,8580,10731,34272
100115732,1154,44,0,3134821538,sender_rate_effect,732,0,37128
100115770,990,10,0,3122886831,first_affected_at_bottleneck,8575,10770,34272
100115775,1155,45,0,3134821538,sender_rate_effect,775,0,37128
100115809,991,11,0,3122886831,first_affected_at_bottleneck,8571,10809,34272
100115819,1156,46,0,3134821538,sender_rate_effect,819,0,37128
100115848,992,12,0,3122886831,first_affected_at_bottleneck,8566,10848,34272
100115862,1157,47,0,3134821538,sender_rate_effect,862,0,37128
100115887,993,13,0,3122886831,first_affected_at_bottleneck,8562,10887,34272
100115906,1158,48,0,3134821538,sender_rate_effect,906,0,37128
100115926,994,14,0,3122886831,first_affected_at_bottleneck,8557,10926,34272
100115941,1159,49,0,3134821538,sender_rate_effect,941,0,37128
100115965,995,15,0,3122886831,first_affected_at_bottleneck,8563,10965,34272
100116004,996,16,0,3122886831,first_affected_at_bottleneck,8566,11004,34272
100116043,997,17,0,3122886831,first_affected_at_bottleneck,8562,11043,34272
100116079,1160,50,0,3134821538,sender_rate_effect,1079,0,37128
100116080,1161,51,0,3134821538,sender_rate_effect,1080,0,37128
100116080,1162,52,0,3134821538,sender_rate_effect,1080,0,37128
100116082,998,18,0,3122886831,first_affected_at_bottleneck,8558,11082,34272
100116117,1163,53,0,3134821538,sender_rate_effect,1117,0,37128
100116145,1164,54,0,3134821538,sender_rate_effect,1145,0,37128
100116156,1165,55,0,3134821538,sender_rate_effect,1156,0,37128
100116191,1166,56,0,3134821538,sender_rate_effect,1191,0,37128
100116191,1167,57,0,3134821538,sender_rate_effect,1191,0,37128
100116191,1168,58,0,3134821538,sender_rate_effect,1191,0,37128
100116191,1169,59,0,3134821538,sender_rate_effect,1191,0,37128
100116191,1170,60,0,3134821538,sender_rate_effect,1191,0,37128
100116191,1171,61,0,3134821538,sender_rate_effect,1191,0,37128
100116191,1172,62,0,3134821538,sender_rate_effect,1191,0,37128
100116191,1173,63,0,3134821538,sender_rate_effect,1191,0,37128
100116191,1174,64,0,3134821538,sender_rate_effect,1191,0,37128
100116437,1110,0,0,2863373562,sender_rate_effect,1437,0,1748640264
100117005,1111,1,0,3134821538,sender_rate_effect,2005,0,38080
100117005,1112,2,0,3134821538,sender_rate_effect,2005,0,38080
100117005,1113,3,0,3134821538,sender_rate_effect,2005,0,38080
100117005,1114,4,0,3134821538,sender_rate_effect,2005,0,38080
100117005,1115,5,0,3134821538,sender_rate_effect,2005,0,38080
100117005,1116,6,0,3134821538,sender_rate_effect,2005,0,38080
100117384,1117,7,0,3134821538,sender_rate_effect,2384,0,38080
100117428,1118,8,0,3134821538,sender_rate_effect,2428,0,38080
100117471,1119,9,0,3134821538,sender_rate_effect,2471,0,38080
100117515,1120,10,0,3134821538,sender_rate_effect,2515,0,38080
100117720,1061,16,0,3163624633,arrival_at_bottleneck,7720,7720,35224
100117804,1062,17,0,3163624633,arrival_at_bottleneck,7720,7804,35224
100117847,1063,18,0,3163624633,arrival_at_bottleneck,7720,7847,35224
100117885,1064,19,0,3163624633,arrival_at_bottleneck,7720,7885,35224
100117920,1066,21,0,3163624633,arrival_at_bottleneck,7720,7920,35224
100117924,1065,20,0,3163624633,arrival_at_bottleneck,7759,7924,35224
100117963,1067,22,0,3163624633,arrival_at_bottleneck,7720,7963,35224
100118007,1068,23,0,3163624633,arrival_at_bottleneck,7720,8007,35224
100118016,1069,24,0,3163624633,arrival_at_bottleneck,7720,8016,35224
100118016,1070,25,0,3163624633,arrival_at_bottleneck,7720,8016,35224
100118016,1071,26,0,3163624633,arrival_at_bottleneck,7720,8016,35224
100118046,1077,32,0,3163624633,arrival_at_bottleneck,7750,8046,35224
100118055,1075,30,0,3163624633,arrival_at_bottleneck,7759,8055,35224
100118055,1074,29,0,3163624633,arrival_at_bottleneck,7759,8055,35224
100118055,1076,31,0,3163624633,arrival_at_bottleneck,7759,8055,35224
100118085,1079,34,0,3163624633,arrival_at_bottleneck,7789,8085,35224
100118094,1078,33,0,3163624633,arrival_at_bottleneck,7798,8094,35224
100118094,1080,35,0,3163624633,arrival_at_bottleneck,7798,8094,35224
100118124,1082,37,0,3163624633,arrival_at_bottleneck,7828,8124,35224
100118133,1084,39,0,3163624633,arrival_at_bottleneck,7837,8133,35224
100118133,1083,38,0,3163624633,arrival_at_bottleneck,7837,8133,35224
100118172,1072,27,0,3163624633,arrival_at_bottleneck,7876,8172,35224
100118172,1073,28,0,3163624633,arrival_at_bottleneck,7876,8172,35224
100118211,1081,36,0,3163624633,arrival_at_bottleneck,7915,8211,35224
100118239,1086,41,0,3163624633,arrival_at_bottleneck,7720,8239,35224
100118250,1085,40,0,3163624633,arrival_at_bottleneck,7774,8250,35224
100118278,1087,42,0,3163624633,arrival_at_bottleneck,7729,8278,35224
100118289,1088,43,0,3163624633,arrival_at_bottleneck,7740,8289,35224
100118317,1089,44,0,3163624633,arrival_at_bottleneck,7740,8317,35224
100118356,1090,45,0,3163624633,arrival_at_bottleneck,7736,8356,35224
100118384,1091,46,0,3163624633,arrival_at_bottleneck,7720,8384,35224
100118427,1092,47,0,3163624633,arrival_at_bottleneck,7720,8427,35224
100118471,1093,48,0,3163624633,arrival_at_bottleneck,7720,8471,35224
100118506,1094,49,0,3163624633,arrival_at_bottleneck,7720,8506,35224
100118539,1061,16,0,3163624633,first_affected_at_bottleneck,8539,8539,35224
100118578,1062,17,0,3163624633,first_affected_at_bottleneck,8494,8578,35224
100118617,1063,18,0,3163624633,first_affected_at_bottleneck,8490,8617,35224
100118644,1095,50,0,3163624633,arrival_at_bottleneck,7720,8644,35224
100118645,1097,52,0,3163624633,arrival_at_bottleneck,7720,8645,35224
100118656,1064,19,0,3163624633,first_affected_at_bottleneck,8491,8656,35224
100118683,1098,53,0,3163624633,arrival_at_bottleneck,7721,8683,35224
100118695,1066,21,0,3163624633,first_affected_at_bottleneck,8495,8695,35224
100118710,1099,54,0,3163624633,arrival_at_bottleneck,7720,8710,35224
100118722,1096,51,0,3163624633,arrival_at_bottleneck,7797,8722,35224
100118734,1065,20,0,3163624633,first_affected_at_bottleneck,8569,8734,35224
100118749,1100,55,0,3163624633,arrival_at_bottleneck,7748,8749,35224
100118756,1102,57,0,3163624633,arrival_at_bottleneck,7720,8756,35224
100118756,1104,59,0,3163624633,arrival_at_bottleneck,7720,8756,35224
100118761,1101,56,0,3163624633,arrival_at_bottleneck,7725,8761,35224
100118773,1067,22,0,3163624633,first_affected_at_bottleneck,8530,8773,35224
100118788,1105,60,0,3163624633,arrival_at_bottleneck,7752,8788,35224
100118795,1108,63,0,3163624633,arrival_at_bottleneck,7759,8795,35224
100118800,1103,58,0,3163624633,arrival_at_bottleneck,7764,8800,35224
100118812,1068,23,0,3163624633,first_affected_at_bottleneck,8525,8812,35224
100118827,1106,61,0,3163624633,arrival_at_bottleneck,7791,8827,35224
100118839,1109,64,0,3163624633,arrival_at_bottleneck,7803,8839,35224
100118851,1069,24,0,3163624633,first_affected_at_bottleneck,8555,8851,35224
100118866,1107,62,0,3163624633,arrival_at_bottleneck,7830,8866,35224
100118890,1070,25,0,3163624633,first_affected_at_bottleneck,8594,8890,35224
100118929,1071,26,0,3163624633,first_affected_at_bottleneck,8633,8929,35224
100118968,1077,32,0,3163624633,first_affected_at_bottleneck,8672,8968,35224
100119007,1075,30,0,3163624633,first_affected_at_bottleneck,8711,9007,35224
100119046,1074,29,0,3163624633,first_affected_at_bottleneck,8750,9046,35224
100119085,1076,31,0,3163624633,first_affected_at_bottleneck,8789,9085,35224
100119124,1079,34,0,3163624633,first_affected_at_bottleneck,8828,9124,35224
100119163,1078,33,0,3163624633,first_affected_at_bottleneck,8867,9163,35224
100119202,1080,35,0,3163624633,first_affected_at_bottleneck,8906,9202,35224
100119241,1082,37,0,3163624633,first_affected_at_bottleneck,8945,9241,35224
100119280,1084,39,0,3163624633,first_affected_at_bottleneck,8984,9280,35224
100119319,1083,38,0,3163624633,first_affected_at_bottleneck,9023,9319,35224
100119358,1072,27,0,3163624633,first_affected_at_bottleneck,9062,9358,35224
100119397,1073,28,0,3163624633,first_affected_at_bottleneck,9101,9397,35224
100119436,1081,36,0,3163624633,first_affected_at_bottleneck,9140,9436,35224
100119475,1086,41,0,3163624633,first_affected_at_bottleneck,8956,9475,35224
100119514,1085,40,0,3163624633,first_affected_at_bottleneck,9038,9514,35224
100119553,1087,42,0,3163624633,first_affected_at_bottleneck,9004,9553,35224
100119570,1046,1,0,3163624633,arrival_at_bottleneck,7720,9570,36176
100119570,1049,4,0,3163624633,arrival_at_bottleneck,7720,9570,36176
100119570,1051,6,0,3163624633,arrival_at_bottleneck,7720,9570,36176
100119592,1088,43,0,3163624633,first_affected_at_bottleneck,9043,9592,35224
100119609,1050,5,0,3163624633,arrival_at_bottleneck,7759,9609,36176
100119631,1089,44,0,3163624633,first_affected_at_bottleneck,9054,9631,35224
100119648,1047,2,0,3163624633,arrival_at_bottleneck,7798,9648,36176
100119670,1090,45,0,3163624633,first_affected_at_bottleneck,9050,9670,35224
100119687,1048,3,0,3163624633,arrival_at_bottleneck,7837,9687,36176
100119709,1091,46,0,3163624633,first_affected_at_bottleneck,9045,9709,35224
100119748,1092,47,0,3163624633,first_affected_at_bottleneck,9041,9748,35224
100119787,1093,48,0,3163624633,first_affected_at_bottleneck,9036,9787,35224
100119826,1094,49,0,3163624633,first_affected_at_bottleneck,9040,9826,35224
100119865,1095,50,0,3163624633,first_affected_at_bottleneck,8941,9865,35224
100119904,1097,52,0,3163624633,first_affected_at_bottleneck,8979,9904,35224
100119943,1098,53,0,3163624633,first_affected_at_bottleneck,8981,9943,35224
100119949,1052,7,0,3163624633,arrival_at_bottleneck,7720,9949,36176
100119982,1099,54,0,3163624633,first_affected_at_bottleneck,8992,9982,35224
100119993,1053,8,0,3163624633,arrival_at_bottleneck,7720,9993,36176
100120000,1175,0,2863373562,2604361493,rate_command,0,0,0
100120000,1176,1,3134821538,3170725784,rate_command,0,0,0
100120000,1177,2,3134821538,3170725784,rate_command,0,0,0
100120000,1178,3,3134821538,3170725784,rate_command,0,0,0
100120000,1179,4,3134821538,3170725784,rate_command,0,0,0
100120000,1180,5,3134821538,3170725784,rate_command,0,0,0
100120000,1181,6,3134821538,3170725784,rate_command,0,0,0
100120000,1182,7,3134821538,3170725784,rate_command,0,0,0
100120000,1183,8,3134821538,3170725784,rate_command,0,0,0
100120000,1184,9,3134821538,3170725784,rate_command,0,0,0
100120000,1184,9,0,3170725784,sender_rate_effect,0,0,39032
100120000,1185,10,3134821538,3170725784,rate_command,0,0,0
100120000,1186,11,3134821538,3170725784,rate_command,0,0,0
100120000,1187,12,3134821538,3170725784,rate_command,0,0,0
100120000,1188,13,3134821538,3170725784,rate_command,0,0,0
100120000,1189,14,3134821538,3170725784,rate_command,0,0,0
100120000,1190,15,3134821538,3170725784,rate_command,0,0,0
100120000,1191,16,3134821538,3170725784,rate_command,0,0,0
100120000,1192,17,3134821538,3170725784,rate_command,0,0,0
100120000,1193,18,3134821538,3170725784,rate_command,0,0,0
100120000,1194,19,3134821538,3170725784,rate_command,0,0,0
100120000,1195,20,3134821538,3170725784,rate_command,0,0,0
100120000,1196,21,3134821538,3170725784,rate_command,0,0,0
100120000,1197,22,3134821538,3170725784,rate_command,0,0,0
100120000,1198,23,3134821538,3170725784,rate_command,0,0,0
100120000,1199,24,3134821538,3170725784,rate_command,0,0,0
100120000,1200,25,3134821538,3170725784,rate_command,0,0,0
100120000,1201,26,3134821538,3170725784,rate_command,0,0,0
100120000,1202,27,3134821538,3170725784,rate_command,0,0,0
100120000,1203,28,3134821538,3170725784,rate_command,0,0,0
100120000,1204,29,3134821538,3170725784,rate_command,0,0,0
100120000,1205,30,3134821538,3170725784,rate_command,0,0,0
100120000,1206,31,3134821538,3170725784,rate_command,0,0,0
100120000,1207,32,3134821538,3170725784,rate_command,0,0,0
100120000,1208,33,3134821538,3170725784,rate_command,0,0,0
100120000,1209,34,3134821538,3170725784,rate_command,0,0,0
100120000,1210,35,3134821538,3170725784,rate_command,0,0,0
100120000,1211,36,3134821538,3170725784,rate_command,0,0,0
100120000,1212,37,3134821538,3170725784,rate_command,0,0,0
100120000,1213,38,3134821538,3170725784,rate_command,0,0,0
100120000,1214,39,3134821538,3170725784,rate_command,0,0,0
100120000,1215,40,3134821538,3170725784,rate_command,0,0,0
100120000,1216,41,3134821538,3170725784,rate_command,0,0,0
100120000,1217,42,3134821538,3170725784,rate_command,0,0,0
100120000,1218,43,3134821538,3170725784,rate_command,0,0,0
100120000,1219,44,3134821538,3170725784,rate_command,0,0,0
100120000,1220,45,3134821538,3170725784,rate_command,0,0,0
100120000,1221,46,3134821538,3170725784,rate_command,0,0,0
100120000,1222,47,3134821538,3170725784,rate_command,0,0,0
100120000,1223,48,3134821538,3170725784,rate_command,0,0,0
100120000,1224,49,3134821538,3170725784,rate_command,0,0,0
100120000,1225,50,3134821538,3170725784,rate_command,0,0,0
100120000,1226,51,3134821538,3170725784,rate_command,0,0,0
100120000,1227,52,3134821538,3170725784,rate_command,0,0,0
100120000,1228,53,3134821538,3170725784,rate_command,0,0,0
100120000,1229,54,3134821538,3170725784,rate_command,0,0,0
100120000,1230,55,3134821538,3170725784,rate_command,0,0,0
100120000,1231,56,3134821538,3170725784,rate_command,0,0,0
100120000,1232,57,3134821538,3170725784,rate_command,0,0,0
100120000,1233,58,3134821538,3170725784,rate_command,0,0,0
100120000,1234,59,3134821538,3170725784,rate_command,0,0,0
100120000,1235,60,3134821538,3170725784,rate_command,0,0,0
100120000,1236,61,3134821538,3170725784,rate_command,0,0,0
100120000,1237,62,3134821538,3170725784,rate_command,0,0,0
100120000,1238,63,3134821538,3170725784,rate_command,0,0,0
100120000,1239,64,3134821538,3170725784,rate_command,0,0,0
100120021,1096,51,0,3163624633,first_affected_at_bottleneck,9096,10021,35224
100120036,1054,9,0,3163624633,arrival_at_bottleneck,7720,10036,36176
100120060,1100,55,0,3163624633,first_affected_at_bottleneck,9059,10060,35224
100120080,1055,10,0,3163624633,arrival_at_bottleneck,7720,10080,36176
100120099,1102,57,0,3163624633,first_affected_at_bottleneck,9063,10099,35224
100120109,1185,10,0,3170725784,sender_rate_effect,109,0,39032
100120117,1056,11,0,3163624633,arrival_at_bottleneck,7714,10117,36176
100120138,1104,59,0,3163624633,first_affected_at_bottleneck,9102,10138,35224
100120146,1186,11,0,3170725784,sender_rate_effect,146,0,39032
100120146,1187,12,0,3170725784,sender_rate_effect,146,0,39032
100120156,1057,12,0,3163624633,arrival_at_bottleneck,7709,10156,36176
100120159,1058,13,0,3163624633,arrival_at_bottleneck,7669,10159,36176
100120177,1101,56,0,3163624633,first_affected_at_bottleneck,9141,10177,35224
100120188,1188,13,0,3170725784,sender_rate_effect,188,0,39032
100120203,1059,14,0,3163624633,arrival_at_bottleneck,7669,10203,36176
100120216,1105,60,0,3163624633,first_affected_at_bottleneck,9180,10216,35224
100120232,1189,14,0,3170725784,sender_rate_effect,232,0,39032
100120236,1060,15,0,3163624633,arrival_at_bottleneck,7669,10236,36176
100120255,1108,63,0,3163624633,first_affected_at_bottleneck,9219,10255,35224
100120265,1190,15,0,3170725784,sender_rate_effect,265,0,39032
100120269,1110,0,0,2863373562,arrival_at_bottleneck,3832,5269,1748640264
100120294,1103,58,0,3163624633,first_affected_at_bottleneck,9258,10294,35224
100120301,1191,16,0,3170725784,sender_rate_effect,301,0,39032
100120333,1106,61,0,3163624633,first_affected_at_bottleneck,9297,10333,35224
100120372,1109,64,0,3163624633,first_affected_at_bottleneck,9336,10372,35224
100120385,1192,17,0,3170725784,sender_rate_effect,385,0,39032
100120411,1107,62,0,3163624633,first_affected_at_bottleneck,9375,10411,35224
100120428,1193,18,0,3170725784,sender_rate_effect,428,0,39032
100120450,1046,1,0,3163624633,first_affected_at_bottleneck,8600,10450,36176
100120466,1194,19,0,3170725784,sender_rate_effect,466,0,39032
100120466,1195,20,0,3170725784,sender_rate_effect,466,0,39032
100120489,1049,4,0,3163624633,first_affected_at_bottleneck,8639,10489,36176
100120501,1196,21,0,3170725784,sender_rate_effect,501,0,39032
100120528,1051,6,0,3163624633,first_affected_at_bottleneck,8678,10528,36176
100120544,1197,22,0,3170725784,sender_rate_effect,544,0,39032
100120567,1050,5,0,3163624633,first_affected_at_bottleneck,8717,10567,36176
100120588,1198,23,0,3170725784,sender_rate_effect,588,0,39032
100120597,1199,24,0,3170725784,sender_rate_effect,597,0,39032
100120597,1200,25,0,3170725784,sender_rate_effect,597,0,39032
100120597,1201,26,0,3170725784,sender_rate_effect,597,0,39032
100120597,1202,27,0,3170725784,sender_rate_effect,597,0,39032
100120597,1203,28,0,3170725784,sender_rate_effect,597,0,39032
100120597,1204,29,0,3170725784,sender_rate_effect,597,0,39032
100120597,1205,30,0,3170725784,sender_rate_effect,597,0,39032
100120597,1206,31,0,3170725784,sender_rate_effect,597,0,39032
100120597,1207,32,0,3170725784,sender_rate_effect,597,0,39032
100120597,1208,33,0,3170725784,sender_rate_effect,597,0,39032
100120597,1209,34,0,3170725784,sender_rate_effect,597,0,39032
100120597,1210,35,0,3170725784,sender_rate_effect,597,0,39032
100120597,1211,36,0,3170725784,sender_rate_effect,597,0,39032
100120597,1212,37,0,3170725784,sender_rate_effect,597,0,39032
100120597,1213,38,0,3170725784,sender_rate_effect,597,0,39032
100120597,1214,39,0,3170725784,sender_rate_effect,597,0,39032
100120606,1047,2,0,3163624633,first_affected_at_bottleneck,8756,10606,36176
100120645,1048,3,0,3163624633,first_affected_at_bottleneck,8795,10645,36176
100120684,1052,7,0,3163624633,first_affected_at_bottleneck,8455,10684,36176
100120723,1053,8,0,3163624633,first_affected_at_bottleneck,8450,10723,36176
100120762,1054,9,0,3163624633,first_affected_at_bottleneck,8446,10762,36176
100120777,1215,40,0,3170725784,sender_rate_effect,777,0,39032
100120801,1055,10,0,3163624633,first_affected_at_bottleneck,8441,10801,36176
100120820,1216,41,0,3170725784,sender_rate_effect,820,0,39032
100120840,1056,11,0,3163624633,first_affected_at_bottleneck,8437,10840,36176
100120850,1217,42,0,3170725784,sender_rate_effect,850,0,39032
100120850,1218,43,0,3170725784,sender_rate_effect,850,0,39032
100120878,1219,44,0,3170725784,sender_rate_effect,878,0,39032
100120879,1057,12,0,3163624633,first_affected_at_bottleneck,8432,10879,36176
100120918,1058,13,0,3163624633,first_affected_at_bottleneck,8428,10918,36176
100120921,1220,45,0,3170725784,sender_rate_effect,921,0,39032
100120957,1059,14,0,3163624633,first_affected_at_bottleneck,8423,10957,36176
100120965,1221,46,0,3170725784,sender_rate_effect,965,0,39032
100120996,1060,15,0,3163624633,first_affected_at_bottleneck,8429,10996,36176
100121008,1222,47,0,3170725784,sender_rate_effect,1008,0,39032
100121035,1110,0,0,2863373562,first_affected_at_bottleneck,4598,6035,1748640264
100121052,1223,48,0,3170725784,sender_rate_effect,1052,0,39032
100121087,1224,49,0,3170725784,sender_rate_effect,1087,0,39032
100121225,1225,50,0,3170725784,sender_rate_effect,1225,0,39032
100121226,1226,51,0,3170725784,sender_rate_effect,1226,0,39032
100121226,1227,52,0,3170725784,sender_rate_effect,1226,0,39032
100121263,1228,53,0,3170725784,sender_rate_effect,1263,0,39032
100121291,1229,54,0,3170725784,sender_rate_effect,1291,0,39032
100121302,1230,55,0,3170725784,sender_rate_effect,1302,0,39032
100121337,1231,56,0,3170725784,sender_rate_effect,1337,0,39032
100121337,1232,57,0,3170725784,sender_rate_effect,1337,0,39032
100121337,1233,58,0,3170725784,sender_rate_effect,1337,0,39032
100121337,1234,59,0,3170725784,sender_rate_effect,1337,0,39032
100121337,1235,60,0,3170725784,sender_rate_effect,1337,0,39032
100121337,1236,61,0,3170725784,sender_rate_effect,1337,0,39032
100121337,1237,62,0,3170725784,sender_rate_effect,1337,0,39032
100121337,1238,63,0,3170725784,sender_rate_effect,1337,0,39032
100121337,1239,64,0,3170725784,sender_rate_effect,1337,0,39032
100122151,1176,1,0,3170725784,sender_rate_effect,2151,0,39984
100122151,1177,2,0,3170725784,sender_rate_effect,2151,0,39984
100122151,1178,3,0,3170725784,sender_rate_effect,2151,0,39984
100122151,1179,4,0,3170725784,sender_rate_effect,2151,0,39984
100122151,1180,5,0,3170725784,sender_rate_effect,2151,0,39984
100122151,1181,6,0,3170725784,sender_rate_effect,2151,0,39984
100122301,1175,0,0,2604361493,sender_rate_effect,2301,0,1748642168
100122530,1182,7,0,3170725784,sender_rate_effect,2530,0,39984
100122574,1183,8,0,3170725784,sender_rate_effect,2574,0,39984
100122669,1121,11,0,3134821538,arrival_at_bottleneck,7669,7669,37128
100122708,1122,12,0,3134821538,arrival_at_bottleneck,7708,7708,37128
100122711,1123,13,0,3134821538,arrival_at_bottleneck,7669,7711,37128
100122755,1124,14,0,3134821538,arrival_at_bottleneck,7669,7755,37128
100122788,1125,15,0,3134821538,arrival_at_bottleneck,7669,7788,37128
100122824,1126,16,0,3134821538,arrival_at_bottleneck,7669,7824,37128
100122908,1127,17,0,3134821538,arrival_at_bottleneck,7669,7908,37128
100122951,1128,18,0,3134821538,arrival_at_bottleneck,7669,7951,37128
100122989,1129,19,0,3134821538,arrival_at_bottleneck,7669,7989,37128
100123024,1131,21,0,3134821538,arrival_at_bottleneck,7669,8024,37128
100123028,1130,20,0,3134821538,arrival_at_bottleneck,7708,8028,37128
100123067,1132,22,0,3134821538,arrival_at_bottleneck,7669,8067,37128
100123111,1133,23,0,3134821538,arrival_at_bottleneck,7669,8111,37128
100123120,1134,24,0,3134821538,arrival_at_bottleneck,7669,8120,37128
100123120,1135,25,0,3134821538,arrival_at_bottleneck,7669,8120,37128
100123120,1136,26,0,3134821538,arrival_at_bottleneck,7669,8120,37128
100123150,1142,32,0,3134821538,arrival_at_bottleneck,7699,8150,37128
100123159,1140,30,0,3134821538,arrival_at_bottleneck,7708,8159,37128
100123159,1139,29,0,3134821538,arrival_at_bottleneck,7708,8159,37128
100123159,1141,31,0,3134821538,arrival_at_bottleneck,7708,8159,37128
100123189,1144,34,0,3134821538,arrival_at_bottleneck,7738,8189,37128
100123198,1143,33,0,3134821538,arrival_at_bottleneck,7747,8198,37128
100123198,1145,35,0,3134821538,arrival_at_bottleneck,7747,8198,37128
100123228,1147,37,0,3134821538,arrival_at_bottleneck,7777,8228,37128
100123237,1149,39,0,3134821538,arrival_at_bottleneck,7786,8237,37128
100123237,1148,38,0,3134821538,arrival_at_bottleneck,7786,8237,37128
100123276,1137,27,0,3134821538,arrival_at_bottleneck,7825,8276,37128
100123276,1138,28,0,3134821538,arrival_at_bottleneck,7825,8276,37128
100123315,1146,36,0,3134821538,arrival_at_bottleneck,7864,8315,37128
100123343,1151,41,0,3134821538,arrival_at_bottleneck,7669,8343,37128
100123354,1150,40,0,3134821538,arrival_at_bottleneck,7723,8354,37128
100123375,1121,11,0,3134821538,first_affected_at_bottleneck,8375,8375,37128
100123382,1152,42,0,3134821538,arrival_at_bottleneck,7678,8382,37128
100123393,1153,43,0,3134821538,arrival_at_bottleneck,7689,8393,37128
100123414,1122,12,0,3134821538,first_affected_at_bottleneck,8414,8414,37128
100123421,1154,44,0,3134821538,arrival_at_bottleneck,7689,8421,37128
100123453,1123,13,0,3134821538,first_affected_at_bottleneck,8411,8453,37128
100123460,1155,45,0,3134821538,arrival_at_bottleneck,7685,8460,37128
100123488,1156,46,0,3134821538,arrival_at_bottleneck,7669,8488,37128
100123492,1124,14,0,3134821538,first_affected_at_bottleneck,8406,8492,37128
100123531,1157,47,0,3134821538,arrival_at_bottleneck,7669,8531,37128
100123531,1125,15,0,3134821538,first_affected_at_bottleneck,8412,8531,37128
100123570,1126,16,0,3134821538,first_affected_at_bottleneck,8415,8570,37128
100123575,1158,48,0,3134821538,arrival_at_bottleneck,7669,8575,37128
100123609,1127,17,0,3134821538,first_affected_at_bottleneck,8370,8609,37128
100123610,1159,49,0,3134821538,arrival_at_bottleneck,7669,8610,37128
100123648,1128,18,0,3134821538,first_affected_at_bottleneck,8366,8648,37128
100123687,1129,19,0,3134821538,first_affected_at_bottleneck,8367,8687,37128
100123726,1131,21,0,3134821538,first_affected_at_bottleneck,8371,8726,37128
100123748,1160,50,0,3134821538,arrival_at_bottleneck,7669,8748,37128
100123749,1162,52,0,3134821538,arrival_at_bottleneck,7669,8749,37128
100123765,1130,20,0,3134821538,first_affected_at_bottleneck,8445,8765,37128
100123787,1163,53,0,3134821538,arrival_at_bottleneck,7670,8787,37128
100123804,1132,22,0,3134821538,first_affected_at_bottleneck,8406,8804,37128
100123814,1164,54,0,3134821538,arrival_at_bottleneck,7669,8814,37128
100123826,1161,51,0,3134821538,arrival_at_bottleneck,7746,8826,37128
100123843,1133,23,0,3134821538,first_affected_at_bottleneck,8401,8843,37128
100123853,1165,55,0,3134821538,arrival_at_bottleneck,7697,8853,37128
100123860,1167,57,0,3134821538,arrival_at_bottleneck,7669,8860,37128
100123860,1169,59,0,3134821538,arrival_at_bottleneck,7669,8860,37128
100123865,1166,56,0,3134821538,arrival_at_bottleneck,7674,8865,37128
100123882,1134,24,0,3134821538,first_affected_at_bottleneck,8431,8882,37128
100123892,1170,60,0,3134821538,arrival_at_bottleneck,7701,8892,37128
100123899,1173,63,0,3134821538,arrival_at_bottleneck,7708,8899,37128
100123904,1168,58,0,3134821538,arrival_at_bottleneck,7713,8904,37128
100123921,1135,25,0,3134821538,first_affected_at_bottleneck,8470,8921,37128
100123931,1171,61,0,3134821538,arrival_at_bottleneck,7740,8931,37128
100123943,1174,64,0,3134821538,arrival_at_bottleneck,7752,8943,37128
100123960,1136,26,0,3134821538,first_affected_at_bottleneck,8509,8960,37128
100123970,1172,62,0,3134821538,arrival_at_bottleneck,7779,8970,37128
100123999,1142,32,0,3134821538,first_affected_at_bottleneck,8548,8999,37128
100124038,1140,30,0,3134821538,first_affected_at_bottleneck,8587,9038,37128
100124077,1139,29,0,3134821538,first_affected_at_bottleneck,8626,9077,37128
100124116,1141,31,0,3134821538,first_affected_at_bottleneck,8665,9116,37128
100124155,1144,34,0,3134821538,first_affected_at_bottleneck,8704,9155,37128
100124194,1143,33,0,3134821538,first_affected_at_bottleneck,8743,9194,37128
100124233,1145,35,0,3134821538,first_affected_at_bottleneck,8782,9233,37128
100124272,1147,37,0,3134821538,first_affected_at_bottleneck,8821,9272,37128
100124311,1149,39,0,3134821538,first_affected_at_bottleneck,8860,9311,37128
100124350,1148,38,0,3134821538,first_affected_at_bottleneck,8899,9350,37128
100124389,1137,27,0,3134821538,first_affected_at_bottleneck,8938,9389,37128
100124428,1138,28,0,3134821538,first_affected_at_bottleneck,8977,9428,37128
100124467,1146,36,0,3134821538,first_affected_at_bottleneck,9016,9467,37128
100124545,1151,41,0,3134821538,first_affected_at_bottleneck,8871,9545,37128
100124584,1150,40,0,3134821538,first_affected_at_bottleneck,8953,9584,37128
100124623,1152,42,0,3134821538,first_affected_at_bottleneck,8919,9623,37128
100124662,1153,43,0,3134821538,first_affected_at_bottleneck,8958,9662,37128
100124674,1111,1,0,3134821538,arrival_at_bottleneck,7669,9674,38080
100124674,1114,4,0,3134821538,arrival_at_bottleneck,7669,9674,38080
100124674,1116,6,0,3134821538,arrival_at_bottleneck,7669,9674,38080
100124701,1154,44,0,3134821538,first_affected_at_bottleneck,8969,9701,37128
100124713,1115,5,0,3134821538,arrival_at_bottleneck,7708,9713,38080
100124740,1155,45,0,3134821538,first_affected_at_bottleneck,8965,9740,37128
100124752,1112,2,0,3134821538,arrival_at_bottleneck,7747,9752,38080
100124779,1156,46,0,3134821538,first_affected_at_bottleneck,8960,9779,37128
100124791,1113,3,0,3134821538,arrival_at_bottleneck,7786,9791,38080
100124818,1157,47,0,3134821538,first_affected_at_bottleneck,8956,9818,37128
100124857,1158,48,0,3134821538,first_affected_at_bottleneck,8951,9857,37128
100124896,1159,49,0,3134821538,first_affected_at_bottleneck,8955,9896,37128
100124935,1160,50,0,3134821538,first_affected_at_bottleneck,8856,9935,37128
100124974,1162,52,0,3134821538,first_affected_at_bottleneck,8894,9974,37128
100125000,1240,0,2604361493,2423053045,rate_command,0,0,0
100125000,1241,1,3084306851,3140669545,rate_command,0,0,0
100125000,1242,2,3084306851,3140669545,rate_command,0,0,0
100125000,1243,3,3084306851,3140669545,rate_command,0,0,0
100125000,1244,4,3084306851,3140669545,rate_command,0,0,0
100125000,1245,5,3084306851,3140669545,rate_command,0,0,0
100125000,1246,6,3084306851,3140669545,rate_command,0,0,0
100125000,1247,7,3084306851,3140669545,rate_command,0,0,0
100125000,1248,8,3084306851,3140669545,rate_command,0,0,0
100125000,1249,9,3084306851,3140669545,rate_command,0,0,0
100125000,1250,10,3084306851,3140669545,rate_command,0,0,0
100125000,1251,11,3084306851,3140669545,rate_command,0,0,0
100125000,1252,12,3084306851,3140669545,rate_command,0,0,0
100125000,1253,13,3084306851,3140669545,rate_command,0,0,0
100125000,1254,14,3084306851,3140669545,rate_command,0,0,0
100125000,1255,15,3084306851,3140669545,rate_command,0,0,0
100125000,1256,16,3084306851,3140669545,rate_command,0,0,0
100125000,1257,17,3084306851,3140669545,rate_command,0,0,0
100125000,1258,18,3084306851,3140669545,rate_command,0,0,0
100125000,1259,19,3084306851,3140669545,rate_command,0,0,0
100125000,1260,20,3084306851,3140669545,rate_command,0,0,0
100125000,1261,21,3084306851,3140669545,rate_command,0,0,0
100125000,1262,22,3084306851,3140669545,rate_command,0,0,0
100125000,1263,23,3084306851,3140669545,rate_command,0,0,0
100125000,1264,24,3084306851,3140669545,rate_command,0,0,0
100125000,1265,25,3084306851,3140669545,rate_command,0,0,0
100125000,1266,26,3084306851,3140669545,rate_command,0,0,0
100125000,1267,27,3084306851,3140669545,rate_command,0,0,0
100125000,1268,28,3084306851,3140669545,rate_command,0,0,0
100125000,1269,29,3084306851,3140669545,rate_command,0,0,0
100125000,1270,30,3084306851,3140669545,rate_command,0,0,0
100125000,1271,31,3084306851,3140669545,rate_command,0,0,0
100125000,1272,32,3084306851,3140669545,rate_command,0,0,0
100125000,1273,33,3084306851,3140669545,rate_command,0,0,0
100125000,1274,34,3084306851,3140669545,rate_command,0,0,0
100125000,1275,35,3084306851,3140669545,rate_command,0,0,0
100125000,1276,36,3084306851,3140669545,rate_command,0,0,0
100125000,1277,37,3084306851,3140669545,rate_command,0,0,0
100125000,1278,38,3084306851,3140669545,rate_command,0,0,0
100125000,1279,39,3084306851,3140669545,rate_command,0,0,0
100125000,1280,40,3084306851,3140669545,rate_command,0,0,0
100125000,1281,41,3084306851,3140669545,rate_command,0,0,0
100125000,1282,42,3084306851,3140669545,rate_command,0,0,0
100125000,1283,43,3084306851,3140669545,rate_command,0,0,0
100125000,1284,44,3084306851,3140669545,rate_command,0,0,0
100125000,1285,45,3084306851,3140669545,rate_command,0,0,0
100125000,1286,46,3084306851,3140669545,rate_command,0,0,0
100125000,1287,47,3084306851,3140669545,rate_command,0,0,0
100125000,1288,48,3084306851,3140669545,rate_command,0,0,0
100125000,1289,49,3084306851,3140669545,rate_command,0,0,0
100125000,1290,50,3084306851,3140669545,rate_command,0,0,0
100125000,1291,51,3084306851,3140669545,rate_command,0,0,0
100125000,1292,52,3084306851,3140669545,rate_command,0,0,0
100125000,1293,53,3084306851,3140669545,rate_command,0,0,0
100125000,1294,54,3084306851,3140669545,rate_command,0,0,0
100125000,1295,55,3084306851,3140669545,rate_command,0,0,0
100125000,1296,56,3084306851,3140669545,rate_command,0,0,0
100125000,1297,57,3084306851,3140669545,rate_command,0,0,0
100125000,1298,58,3084306851,3140669545,rate_command,0,0,0
100125000,1299,59,3084306851,3140669545,rate_command,0,0,0
100125000,1300,60,3084306851,3140669545,rate_command,0,0,0
100125000,1301,61,3084306851,3140669545,rate_command,0,0,0
100125000,1302,62,3084306851,3140669545,rate_command,0,0,0
100125000,1303,63,3084306851,3140669545,rate_command,0,0,0
100125000,1304,64,3084306851,3140669545,rate_command,0,0,0
100125013,1163,53,0,3134821538,first_affected_at_bottleneck,8896,10013,37128
100125052,1164,54,0,3134821538,first_affected_at_bottleneck,8907,10052,37128
100125053,1117,7,0,3134821538,arrival_at_bottleneck,7669,10053,38080
100125078,1247,7,0,3140669545,sender_rate_effect,78,0,40936
100125091,1161,51,0,3134821538,first_affected_at_bottleneck,9011,10091,37128
100125097,1118,8,0,3134821538,arrival_at_bottleneck,7669,10097,38080
100125117,1119,9,0,3134821538,arrival_at_bottleneck,7646,10117,38080
100125122,1248,8,0,3140669545,sender_rate_effect,122,0,40936
100125130,1165,55,0,3134821538,first_affected_at_bottleneck,8974,10130,37128
100125142,1249,9,0,3140669545,sender_rate_effect,142,0,40936
100125169,1167,57,0,3134821538,first_affected_at_bottleneck,8978,10169,37128
100125208,1169,59,0,3134821538,first_affected_at_bottleneck,9017,10208,37128
100125226,1120,10,0,3134821538,arrival_at_bottleneck,7711,10226,38080
100125247,1166,56,0,3134821538,first_affected_at_bottleneck,9056,10247,37128
100125251,1250,10,0,3140669545,sender_rate_effect,251,0,40936
100125286,1170,60,0,3134821538,first_affected_at_bottleneck,9095,10286,37128
100125288,1251,11,0,3140669545,sender_rate_effect,288,0,40936
100125288,1252,12,0,3140669545,sender_rate_effect,288,0,40936
100125325,1173,63,0,3134821538,first_affected_at_bottleneck,9134,10325,37128
100125330,1253,13,0,3140669545,sender_rate_effect,330,0,40936
100125364,1168,58,0,3134821538,first_affected_at_bottleneck,9173,10364,37128
100125374,1254,14,0,3140669545,sender_rate_effect,374,0,40936
100125403,1171,61,0,3134821538,first_affected_at_bottleneck,9212,10403,37128
100125407,1255,15,0,3140669545,sender_rate_effect,407,0,40936
100125442,1174,64,0,3134821538,first_affected_at_bottleneck,9251,10442,37128
100125443,1256,16,0,3140669545,sender_rate_effect,443,0,40936
100125481,1172,62,0,3134821538,first_affected_at_bottleneck,9290,10481,37128
100125520,1111,1,0,3134821538,first_affected_at_bottleneck,8515,10520,38080
100125527,1257,17,0,3140669545,sender_rate_effect,527,0,40936
100125559,1114,4,0,3134821538,first_affected_at_bottleneck,8554,10559,38080
100125570,1258,18,0,3140669545,sender_rate_effect,570,0,40936
100125598,1116,6,0,3134821538,first_affected_at_bottleneck,8593,10598,38080
100125602,1240,0,0,2423053045,sender_rate_effect,602,0,1748643120
100125608,1259,19,0,3140669545,sender_rate_effect,608,0,40936
100125608,1260,20,0,3140669545,sender_rate_effect,608,0,40936
100125637,1115,5,0,3134821538,first_affected_at_bottleneck,8632,10637,38080
100125643,1261,21,0,3140669545,sender_rate_effect,643,0,40936
100125676,1112,2,0,3134821538,first_affected_at_bottleneck,8671,10676,38080
100125686,1262,22,0,3140669545,sender_rate_effect,686,0,40936
100125715,1113,3,0,3134821538,first_affected_at_bottleneck,8710,10715,38080
100125730,1263,23,0,3140669545,sender_rate_effect,730,0,40936
100125739,1264,24,0,3140669545,sender_rate_effect,739,0,40936
100125739,1265,25,0,3140669545,sender_rate_effect,739,0,40936
100125739,1266,26,0,3140669545,sender_rate_effect,739,0,40936
100125739,1267,27,0,3140669545,sender_rate_effect,739,0,40936
100125739,1268,28,0,3140669545,sender_rate_effect,739,0,40936
100125739,1269,29,0,3140669545,sender_rate_effect,739,0,40936
100125739,1270,30,0,3140669545,sender_rate_effect,739,0,40936
100125739,1271,31,0,3140669545,sender_rate_effect,739,0,40936
100125739,1272,32,0,3140669545,sender_rate_effect,739,0,40936
100125739,1273,33,0,3140669545,sender_rate_effect,739,0,40936
100125739,1274,34,0,3140669545,sender_rate_effect,739,0,40936
100125739,1275,35,0,3140669545,sender_rate_effect,739,0,40936
100125739,1276,36,0,3140669545,sender_rate_effect,739,0,40936
100125739,1277,37,0,3140669545,sender_rate_effect,739,0,40936
100125739,1278,38,0,3140669545,sender_rate_effect,739,0,40936
100125739,1279,39,0,3140669545,sender_rate_effect,739,0,40936
100125754,1117,7,0,3134821538,first_affected_at_bottleneck,8370,10754,38080
100125793,1118,8,0,3134821538,first_affected_at_bottleneck,8365,10793,38080
100125832,1119,9,0,3134821538,first_affected_at_bottleneck,8361,10832,38080
100125871,1120,10,0,3134821538,first_affected_at_bottleneck,8356,10871,38080
100125919,1280,40,0,3140669545,sender_rate_effect,919,0,40936
100125962,1281,41,0,3140669545,sender_rate_effect,962,0,40936
100125992,1282,42,0,3140669545,sender_rate_effect,992,0,40936
100125992,1283,43,0,3140669545,sender_rate_effect,992,0,40936
100126020,1284,44,0,3140669545,sender_rate_effect,1020,0,40936
100126063,1285,45,0,3140669545,sender_rate_effect,1063,0,40936
100126107,1286,46,0,3140669545,sender_rate_effect,1107,0,40936
100126150,1287,47,0,3140669545,sender_rate_effect,1150,0,40936
100126194,1288,48,0,3140669545,sender_rate_effect,1194,0,40936
100126229,1289,49,0,3140669545,sender_rate_effect,1229,0,40936
100126367,1290,50,0,3140669545,sender_rate_effect,1367,0,40936
100126368,1291,51,0,3140669545,sender_rate_effect,1368,0,40936
100126368,1292,52,0,3140669545,sender_rate_effect,1368,0,40936
100126405,1293,53,0,3140669545,sender_rate_effect,1405,0,40936
100126433,1294,54,0,3140669545,sender_rate_effect,1433,0,40936
100126444,1295,55,0,3140669545,sender_rate_effect,1444,0,40936
100126479,1296,56,0,3140669545,sender_rate_effect,1479,0,40936
100126479,1297,57,0,3140669545,sender_rate_effect,1479,0,40936
100126479,1298,58,0,3140669545,sender_rate_effect,1479,0,40936
100126479,1299,59,0,3140669545,sender_rate_effect,1479,0,40936
100126479,1300,60,0,3140669545,sender_rate_effect,1479,0,40936
100126479,1301,61,0,3140669545,sender_rate_effect,1479,0,40936
100126479,1302,62,0,3140669545,sender_rate_effect,1479,0,40936
100126479,1303,63,0,3140669545,sender_rate_effect,1479,0,40936
100126479,1304,64,0,3140669545,sender_rate_effect,1479,0,40936
100126641,1175,0,0,2604361493,arrival_at_bottleneck,4340,6641,1748642168
100127293,1241,1,0,3140669545,sender_rate_effect,2293,0,41888
100127293,1242,2,0,3140669545,sender_rate_effect,2293,0,41888
100127293,1243,3,0,3140669545,sender_rate_effect,2293,0,41888
100127293,1244,4,0,3140669545,sender_rate_effect,2293,0,41888
100127293,1245,5,0,3140669545,sender_rate_effect,2293,0,41888
100127293,1246,6,0,3140669545,sender_rate_effect,2293,0,41888
100127711,1184,9,0,3170725784,arrival_at_bottleneck,7711,7711,39032
100127820,1185,10,0,3170725784,arrival_at_bottleneck,7711,7820,39032
100127857,1186,11,0,3170725784,arrival_at_bottleneck,7711,7857,39032
100127896,1187,12,0,3170725784,arrival_at_bottleneck,7750,7896,39032
100127899,1188,13,0,3170725784,arrival_at_bottleneck,7711,7899,39032
100127943,1189,14,0,3170725784,arrival_at_bottleneck,7711,7943,39032
100127976,1190,15,0,3170725784,arrival_at_bottleneck,7711,7976,39032
100128012,1191,16,0,3170725784,arrival_at_bottleneck,7711,8012,39032
100128016,1175,0,0,2604361493,first_affected_at_bottleneck,5715,8016,1748642168
100128096,1192,17,0,3170725784,arrival_at_bottleneck,7711,8096,39032
100128139,1193,18,0,3170725784,arrival_at_bottleneck,7711,8139,39032
100128177,1194,19,0,3170725784,arrival_at_bottleneck,7711,8177,39032
100128212,1196,21,0,3170725784,arrival_at_bottleneck,7711,8212,39032
100128216,1195,20,0,3170725784,arrival_at_bottleneck,7750,8216,39032
100128255,1197,22,0,3170725784,arrival_at_bottleneck,7711,8255,39032
100128299,1198,23,0,3170725784,arrival_at_bottleneck,7711,8299,39032
100128308,1199,24,0,3170725784,arrival_at_bottleneck,7711,8308,39032
100128308,1200,25,0,3170725784,arrival_at_bottleneck,7711,8308,39032
100128308,1201,26,0,3170725784,arrival_at_bottleneck,7711,8308,39032
100128338,1207,32,0,3170725784,arrival_at_bottleneck,7741,8338,39032
100128347,1205,30,0,3170725784,arrival_at_bottleneck,7750,8347,39032
100128347,1204,29,0,3170725784,arrival_at_bottleneck,7750,8347,39032
100128347,1206,31,0,3170725784,arrival_at_bottleneck,7750,8347,39032
100128367,1184,9,0,3170725784,first_affected_at_bottleneck,8367,8367,39032
100128377,1209,34,0,3170725784,arrival_at_bottleneck,7780,8377,39032
100128386,1208,33,0,3170725784,arrival_at_bottleneck,7789,8386,39032
100128386,1210,35,0,3170725784,arrival_at_bottleneck,7789,8386,39032
100128406,1185,10,0,3170725784,first_affected_at_bottleneck,8297,8406,39032
100128416,1212,37,0,3170725784,arrival_at_bottleneck,7819,8416,39032
100128425,1214,39,0,3170725784,arrival_at_bottleneck,7828,8425,39032
100128425,1213,38,0,3170725784,arrival_at_bottleneck,7828,8425,39032
100128445,1186,11,0,3170725784,first_affected_at_bottleneck,8299,8445,39032
100128464,1202,27,0,3170725784,arrival_at_bottleneck,7867,8464,39032
100128464,1203,28,0,3170725784,arrival_at_bottleneck,7867,8464,39032
100128484,1187,12,0,3170725784,first_affected_at_bottleneck,8338,8484,39032
100128503,1211,36,0,3170725784,arrival_at_bottleneck,7906,8503,39032
100128523,1188,13,0,3170725784,first_affected_at_bottleneck,8335,8523,39032
100128531,1216,41,0,3170725784,arrival_at_bottleneck,7711,8531,39032
100128542,1215,40,0,3170725784,arrival_at_bottleneck,7765,8542,39032
100128562,1189,14,0,3170725784,first_affected_at_bottleneck,8330,8562,39032
100128570,1217,42,0,3170725784,arrival_at_bottleneck,7720,8570,39032
100128581,1218,43,0,3170725784,arrival_at_bottleneck,7731,8581,39032
100128601,1190,15,0,3170725784,first_affected_at_bottleneck,8336,8601,39032
100128609,1219,44,0,3170725784,arrival_at_bottleneck,7731,8609,39032
100128640,1191,16,0,3170725784,first_affected_at_bottleneck,8339,8640,39032
100128648,1220,45,0,3170725784,arrival_at_bottleneck,7727,8648,39032
100128676,1221,46,0,3170725784,arrival_at_bottleneck,7711,8676,39032
100128679,1192,17,0,3170725784,first_affected_at_bottleneck,8294,8679,39032
100128718,1193,18,0,3170725784,first_affected_at_bottleneck,8290,8718,39032
100128719,1222,47,0,3170725784,arrival_at_bottleneck,7711,8719,39032
100128757,1194,19,0,3170725784,first_affected_at_bottleneck,8291,8757,39032
100128763,1223,48,0,3170725784,arrival_at_bottleneck,7711,8763,39032
100128796,1196,21,0,3170725784,first_affected_at_bottleneck,8295,8796,39032
100128798,1224,49,0,3170725784,arrival_at_bottleneck,7711,8798,39032
100128835,1195,20,0,3170725784,first_affected_at_bottleneck,8369,8835,39032
100128874,1197,22,0,3170725784,first_affected_at_bottleneck,8330,8874,39032
100128913,1198,23,0,3170725784,first_affected_at_bottleneck,8325,8913,39032
100128936,1225,50,0,3170725784,arrival_at_bottleneck,7711,8936,39032
100128937,1227,52,0,3170725784,arrival_at_bottleneck,7711,8937,39032
100128952,1199,24,0,3170725784,first_affected_at_bottleneck,8355,8952,39032
100128975,1228,53,0,3170725784,arrival_at_bottleneck,7712,8975,39032
100128991,1200,25,0,3170725784,first_affected_at_bottleneck,8394,8991,39032
100129002,1229,54,0,3170725784,arrival_at_bottleneck,7711,9002,39032
100129014,1226,51,0,3170725784,arrival_at_bottleneck,7788,9014,39032
100129030,1201,26,0,3170725784,first_affected_at_bottleneck,8433,9030,39032
100129041,1230,55,0,3170725784,arrival_at_bottleneck,7739,9041,39032
100129048,1232,57,0,3170725784,arrival_at_bottleneck,7711,9048,39032
100129048,1234,59,0,3170725784,arrival_at_bottleneck,7711,9048,39032
100129053,1231,56,0,3170725784,arrival_at_bottleneck,7716,9053,39032
100129069,1207,32,0,3170725784,first_affected_at_bottleneck,8472,9069,39032
100129080,1235,60,0,3170725784,arrival_at_bottleneck,7743,9080,39032
100129087,1238,63,0,3170725784,arrival_at_bottleneck,7750,9087,39032
100129092,1233,58,0,3170725784,arrival_at_bottleneck,7755,9092,39032
100129108,1205,30,0,3170725784,first_affected_at_bottleneck,8511,9108,39032
100129119,1236,61,0,3170725784,arrival_at_bottleneck,7782,9119,39032
100129131,1239,64,0,3170725784,arrival_at_bottleneck,7794,9131,39032
100129147,1204,29,0,3170725784,first_affected_at_bottleneck,8550,9147,39032
100129158,1237,62,0,3170725784,arrival_at_bottleneck,7821,9158,39032
100129186,1206,31,0,3170725784,first_affected_at_bottleneck,8589,9186,39032
100129225,1209,34,0,3170725784,first_affected_at_bottleneck,8628,9225,39032
100129264,1208,33,0,3170725784,first_affected_at_bottleneck,8667,9264,39032
100129303,1210,35,0,3170725784,first_affected_at_bottleneck,8706,9303,39032
100129342,1212,37,0,3170725784,first_affected_at_bottleneck,8745,9342,39032
100129381,1214,39,0,3170725784,first_affected_at_bottleneck,8784,9381,39032
100129420,1213,38,0,3170725784,first_affected_at_bottleneck,8823,9420,39032
100129459,1202,27,0,3170725784,first_affected_at_bottleneck,8862,9459,39032
100129498,1203,28,0,3170725784,first_affected_at_bottleneck,8901,9498,39032
100129537,1211,36,0,3170725784,first_affected_at_bottleneck,8940,9537,39032
100129576,1216,41,0,3170725784,first_affected_at_bottleneck,8756,9576,39032
100129615,1215,40,0,3170725784,first_affected_at_bottleneck,8838,9615,39032
100129654,1217,42,0,3170725784,first_affected_at_bottleneck,8804,9654,39032
100129693,1218,43,0,3170725784,first_affected_at_bottleneck,8843,9693,39032
100129732,1219,44,0,3170725784,first_affected_at_bottleneck,8854,9732,39032
100129771,1220,45,0,3170725784,first_affected_at_bottleneck,8850,9771,39032
100129810,1221,46,0,3170725784,first_affected_at_bottleneck,8845,9810,39032
100129849,1222,47,0,3170725784,first_affected_at_bottleneck,8841,9849,39032
100129862,1176,1,0,3170725784,arrival_at_bottleneck,7711,9862,39984
100129862,1179,4,0,3170725784,arrival_at_bottleneck,7711,9862,39984
100129862,1181,6,0,3170725784,arrival_at_bottleneck,7711,9862,39984
100129888,1223,48,0,3170725784,first_affected_at_bottleneck,8836,9888,39032
100129901,1180,5,0,3170725784,arrival_at_bottleneck,7750,9901,39984
100129927,1224,49,0,3170725784,first_affected_at_bottleneck,8840,9927,39032
100129940,1177,2,0,3170725784,arrival_at_bottleneck,7789,9940,39984
100129942,1240,0,0,2423053045,arrival_at_bottleneck,4340,4942,1748643120
100129966,1225,50,0,3170725784,first_affected_at_bottleneck,8741,9966,39032
100129979,1178,3,0,3170725784,arrival_at_bottleneck,7828,9979,39984
100130000,1305,0,2423053045,2296137131,rate_command,0,0,0
100130000,1306,1,3140669545,3174205348,rate_command,0,0,0
100130000,1307,2,3140669545,3174205348,rate_command,0,0,0
100130000,1308,3,3140669545,3174205348,rate_command,0,0,0
100130000,1309,4,3140669545,3174205348,rate_command,0,0,0
100130000,1310,5,3140669545,3174205348,rate_command,0,0,0
100130000,1311,6,3140669545,3174205348,rate_command,0,0,0
100130000,1312,7,3140669545,3174205348,rate_command,0,0,0
100130000,1313,8,3140669545,3174205348,rate_command,0,0,0
100130000,1314,9,3140669545,3174205348,rate_command,0,0,0
100130000,1315,10,3140669545,3174205348,rate_command,0,0,0
100130000,1316,11,3140669545,3174205348,rate_command,0,0,0
100130000,1317,12,3140669545,3174205348,rate_command,0,0,0
100130000,1318,13,3140669545,3174205348,rate_command,0,0,0
100130000,1319,14,3140669545,3174205348,rate_command,0,0,0
100130000,1320,15,3140669545,3174205348,rate_command,0,0,0
100130000,1321,16,3140669545,3174205348,rate_command,0,0,0
100130000,1322,17,3140669545,3174205348,rate_command,0,0,0
100130000,1323,18,3140669545,3174205348,rate_command,0,0,0
100130000,1324,19,3140669545,3174205348,rate_command,0,0,0
100130000,1325,20,3140669545,3174205348,rate_command,0,0,0
100130000,1326,21,3140669545,3174205348,rate_command,0,0,0
100130000,1327,22,3140669545,3174205348,rate_command,0,0,0
100130000,1328,23,3140669545,3174205348,rate_command,0,0,0
100130000,1329,24,3140669545,3174205348,rate_command,0,0,0
100130000,1330,25,3140669545,3174205348,rate_command,0,0,0
100130000,1331,26,3140669545,3174205348,rate_command,0,0,0
100130000,1332,27,3140669545,3174205348,rate_command,0,0,0
100130000,1333,28,3140669545,3174205348,rate_command,0,0,0
100130000,1334,29,3140669545,3174205348,rate_command,0,0,0
100130000,1335,30,3140669545,3174205348,rate_command,0,0,0
100130000,1336,31,3140669545,3174205348,rate_command,0,0,0
100130000,1337,32,3140669545,3174205348,rate_command,0,0,0
100130000,1338,33,3140669545,3174205348,rate_command,0,0,0
100130000,1339,34,3140669545,3174205348,rate_command,0,0,0
100130000,1340,35,3140669545,3174205348,rate_command,0,0,0
100130000,1341,36,3140669545,3174205348,rate_command,0,0,0
100130000,1342,37,3140669545,3174205348,rate_command,0,0,0
100130000,1343,38,3140669545,3174205348,rate_command,0,0,0
100130000,1344,39,3140669545,3174205348,rate_command,0,0,0
100130000,1345,40,3140669545,3174205348,rate_command,0,0,0
100130000,1346,41,3140669545,3174205348,rate_command,0,0,0
100130000,1347,42,3140669545,3174205348,rate_command,0,0,0
100130000,1348,43,3140669545,3174205348,rate_command,0,0,0
100130000,1349,44,3140669545,3174205348,rate_command,0,0,0
100130000,1350,45,3140669545,3174205348,rate_command,0,0,0
100130000,1351,46,3140669545,3174205348,rate_command,0,0,0
100130000,1352,47,3140669545,3174205348,rate_command,0,0,0
100130000,1353,48,3140669545,3174205348,rate_command,0,0,0
100130000,1354,49,3140669545,3174205348,rate_command,0,0,0
100130000,1355,50,3140669545,3174205348,rate_command,0,0,0
100130000,1356,51,3140669545,3174205348,rate_command,0,0,0
100130000,1357,52,3140669545,3174205348,rate_command,0,0,0
100130000,1358,53,3140669545,3174205348,rate_command,0,0,0
100130000,1359,54,3140669545,3174205348,rate_command,0,0,0
100130000,1360,55,3140669545,3174205348,rate_command,0,0,0
100130000,1361,56,3140669545,3174205348,rate_command,0,0,0
100130000,1362,57,3140669545,3174205348,rate_command,0,0,0
100130000,1363,58,3140669545,3174205348,rate_command,0,0,0
100130000,1364,59,3140669545,3174205348,rate_command,0,0,0
100130000,1365,60,3140669545,3174205348,rate_command,0,0,0
100130000,1366,61,3140669545,3174205348,rate_command,0,0,0
100130000,1367,62,3140669545,3174205348,rate_command,0,0,0
100130000,1368,63,3140669545,3174205348,rate_command,0,0,0
100130000,1369,64,3140669545,3174205348,rate_command,0,0,0
100130005,1227,52,0,3170725784,first_affected_at_bottleneck,8779,10005,39032
100130044,1228,53,0,3170725784,first_affected_at_bottleneck,8781,10044,39032
100130083,1229,54,0,3170725784,first_affected_at_bottleneck,8792,10083,39032
100130116,1312,7,0,3174205348,sender_rate_effect,116,0,42840
100130122,1226,51,0,3170725784,first_affected_at_bottleneck,8896,10122,39032
100130160,1313,8,0,3174205348,sender_rate_effect,160,0,42840
100130161,1230,55,0,3170725784,first_affected_at_bottleneck,8859,10161,39032
100130180,1314,9,0,3174205348,sender_rate_effect,180,0,42840
100130195,1182,7,0,3170725784,arrival_at_bottleneck,7665,10195,39984
100130200,1232,57,0,3170725784,first_affected_at_bottleneck,8863,10200,39032
100130239,1183,8,0,3170725784,arrival_at_bottleneck,7665,10239,39984
100130239,1234,59,0,3170725784,first_affected_at_bottleneck,8902,10239,39032
100130278,1231,56,0,3170725784,first_affected_at_bottleneck,8941,10278,39032
100130289,1315,10,0,3174205348,sender_rate_effect,289,0,42840
100130317,1235,60,0,3170725784,first_affected_at_bottleneck,8980,10317,39032
100130326,1316,11,0,3174205348,sender_rate_effect,326,0,42840
100130326,1317,12,0,3174205348,sender_rate_effect,326,0,42840
100130356,1238,63,0,3170725784,first_affected_at_bottleneck,9019,10356,39032
100130368,1318,13,0,3174205348,sender_rate_effect,368,0,42840
100130395,1233,58,0,3170725784,first_affected_at_bottleneck,9058,10395,39032
100130412,1319,14,0,3174205348,sender_rate_effect,412,0,42840
100130434,1236,61,0,3170725784,first_affected_at_bottleneck,9097,10434,39032
100130445,1320,15,0,3174205348,sender_rate_effect,445,0,42840
100130473,1239,64,0,3170725784,first_affected_at_bottleneck,9136,10473,39032
100130481,1321,16,0,3174205348,sender_rate_effect,481,0,42840
100130512,1237,62,0,3170725784,first_affected_at_bottleneck,9175,10512,39032
100130551,1176,1,0,3170725784,first_affected_at_bottleneck,8400,10551,39984
100130565,1322,17,0,3174205348,sender_rate_effect,565,0,42840
100130590,1179,4,0,3170725784,first_affected_at_bottleneck,8439,10590,39984
100130608,1323,18,0,3174205348,sender_rate_effect,608,0,42840
100130629,1181,6,0,3170725784,first_affected_at_bottleneck,8478,10629,39984
100130646,1324,19,0,3174205348,sender_rate_effect,646,0,42840
100130646,1325,20,0,3174205348,sender_rate_effect,646,0,42840
100130668,1180,5,0,3170725784,first_affected_at_bottleneck,8517,10668,39984
100130681,1326,21,0,3174205348,sender_rate_effect,681,0,42840
100130707,1177,2,0,3170725784,first_affected_at_bottleneck,8556,10707,39984
100130724,1327,22,0,3174205348,sender_rate_effect,724,0,42840
100130746,1240,0,0,2423053045,first_affected_at_bottleneck,5144,5746,1748643120
100130768,1328,23,0,3174205348,sender_rate_effect,768,0,42840
100130777,1329,24,0,3174205348,sender_rate_effect,777,0,42840
100130777,1330,25,0,3174205348,sender_rate_effect,777,0,42840
100130777,1331,26,0,3174205348,sender_rate_effect,777,0,42840
100130777,1332,27,0,3174205348,sender_rate_effect,777,0,42840
100130777,1333,28,0,3174205348,sender_rate_effect,777,0,42840
100130777,1334,29,0,3174205348,sender_rate_effect,777,0,42840
100130777,1335,30,0,3174205348,sender_rate_effect,777,0,42840
100130777,1336,31,0,3174205348,sender_rate_effect,777,0,42840
100130777,1337,32,0,3174205348,sender_rate_effect,777,0,42840
100130777,1338,33,0,3174205348,sender_rate_effect,777,0,42840
100130777,1339,34,0,3174205348,sender_rate_effect,777,0,42840
100130777,1340,35,0,3174205348,sender_rate_effect,777,0,42840
100130777,1341,36,0,3174205348,sender_rate_effect,777,0,42840
100130777,1342,37,0,3174205348,sender_rate_effect,777,0,42840
100130777,1343,38,0,3174205348,sender_rate_effect,777,0,42840
100130777,1344,39,0,3174205348,sender_rate_effect,777,0,42840
100130785,1178,3,0,3170725784,first_affected_at_bottleneck,8634,10785,39984
100130824,1182,7,0,3170725784,first_affected_at_bottleneck,8294,10824,39984
100130863,1183,8,0,3170725784,first_affected_at_bottleneck,8289,10863,39984
100130957,1345,40,0,3174205348,sender_rate_effect,957,0,42840
100131000,1346,41,0,3174205348,sender_rate_effect,1000,0,42840
100131030,1347,42,0,3174205348,sender_rate_effect,1030,0,42840
100131030,1348,43,0,3174205348,sender_rate_effect,1030,0,42840
100131058,1349,44,0,3174205348,sender_rate_effect,1058,0,42840
100131101,1350,45,0,3174205348,sender_rate_effect,1101,0,42840
100131145,1351,46,0,3174205348,sender_rate_effect,1145,0,42840
100131188,1352,47,0,3174205348,sender_rate_effect,1188,0,42840
100131232,1353,48,0,3174205348,sender_rate_effect,1232,0,42840
100131267,1354,49,0,3174205348,sender_rate_effect,1267,0,42840
100131405,1355,50,0,3174205348,sender_rate_effect,1405,0,42840
100131406,1356,51,0,3174205348,sender_rate_effect,1406,0,42840
100131406,1357,52,0,3174205348,sender_rate_effect,1406,0,42840
100131443,1358,53,0,3174205348,sender_rate_effect,1443,0,42840
100131471,1359,54,0,3174205348,sender_rate_effect,1471,0,42840
100131482,1360,55,0,3174205348,sender_rate_effect,1482,0,42840
100131517,1361,56,0,3174205348,sender_rate_effect,1517,0,42840
100131517,1362,57,0,3174205348,sender_rate_effect,1517,0,42840
100131517,1363,58,0,3174205348,sender_rate_effect,1517,0,42840
100131517,1364,59,0,3174205348,sender_rate_effect,1517,0,42840
100131517,1365,60,0,3174205348,sender_rate_effect,1517,0,42840
100131517,1366,61,0,3174205348,sender_rate_effect,1517,0,42840
100131517,1367,62,0,3174205348,sender_rate_effect,1517,0,42840
100131517,1368,63,0,3174205348,sender_rate_effect,1517,0,42840
100131517,1369,64,0,3174205348,sender_rate_effect,1517,0,42840
100132331,1306,1,0,3174205348,sender_rate_effect,2331,0,43792
100132331,1307,2,0,3174205348,sender_rate_effect,2331,0,43792
100132331,1308,3,0,3174205348,sender_rate_effect,2331,0,43792
100132331,1309,4,0,3174205348,sender_rate_effect,2331,0,43792
100132331,1310,5,0,3174205348,sender_rate_effect,2331,0,43792
100132331,1311,6,0,3174205348,sender_rate_effect,2331,0,43792
100132387,1305,0,0,2296137131,sender_rate_effect,2387,0,1748645024
100132743,1247,7,0,3140669545,arrival_at_bottleneck,7665,7743,40936
100132787,1248,8,0,3140669545,arrival_at_bottleneck,7665,7787,40936
100132807,1249,9,0,3140669545,arrival_at_bottleneck,7665,7807,40936
100132916,1250,10,0,3140669545,arrival_at_bottleneck,7665,7916,40936
100132953,1251,11,0,3140669545,arrival_at_bottleneck,7665,7953,40936
100132992,1252,12,0,3140669545,arrival_at_bottleneck,7704,7992,40936
100132995,1253,13,0,3140669545,arrival_at_bottleneck,7665,7995,40936
100133039,1254,14,0,3140669545,arrival_at_bottleneck,7665,8039,40936
100133072,1255,15,0,3140669545,arrival_at_bottleneck,7665,8072,40936
100133108,1256,16,0,3140669545,arrival_at_bottleneck,7665,8108,40936
100133192,1257,17,0,3140669545,arrival_at_bottleneck,7665,8192,40936
100133235,1258,18,0,3140669545,arrival_at_bottleneck,7665,8235,40936
100133273,1259,19,0,3140669545,arrival_at_bottleneck,7665,8273,40936
100133308,1261,21,0,3140669545,arrival_at_bottleneck,7665,8308,40936
100133312,1260,20,0,3140669545,arrival_at_bottleneck,7704,8312,40936
100133320,1247,7,0,3140669545,first_affected_at_bottleneck,8242,8320,40936
100133351,1262,22,0,3140669545,arrival_at_bottleneck,7665,8351,40936
100133359,1248,8,0,3140669545,first_affected_at_bottleneck,8237,8359,40936
100133395,1263,23,0,3140669545,arrival_at_bottleneck,7665,8395,40936
100133398,1249,9,0,3140669545,first_affected_at_bottleneck,8256,8398,40936
100133404,1264,24,0,3140669545,arrival_at_bottleneck,7665,8404,40936
100133404,1265,25,0,3140669545,arrival_at_bottleneck,7665,8404,40936
100133404,1266,26,0,3140669545,arrival_at_bottleneck,7665,8404,40936
100133434,1272,32,0,3140669545,arrival_at_bottleneck,7695,8434,40936
100133437,1250,10,0,3140669545,first_affected_at_bottleneck,8186,8437,40936
100133443,1270,30,0,3140669545,arrival_at_bottleneck,7704,8443,40936
100133443,1269,29,0,3140669545,arrival_at_bottleneck,7704,8443,40936
100133443,1271,31,0,3140669545,arrival_at_bottleneck,7704,8443,40936
100133473,1274,34,0,3140669545,arrival_at_bottleneck,7734,8473,40936
100133476,1251,11,0,3140669545,first_affected_at_bottleneck,8188,8476,40936
100133482,1273,33,0,3140669545,arrival_at_bottleneck,7743,8482,40936
100133482,1275,35,0,3140669545,arrival_at_bottleneck,7743,8482,40936
100133512,1277,37,0,3140669545,arrival_at_bottleneck,7773,8512,40936
100133515,1252,12,0,3140669545,first_affected_at_bottleneck,8227,8515,40936
100133521,1279,39,0,3140669545,arrival_at_bottleneck,7782,8521,40936
100133521,1278,38,0,3140669545,arrival_at_bottleneck,7782,8521,40936
100133554,1253,13,0,3140669545,first_affected_at_bottleneck,8224,8554,40936
100133560,1267,27,0,3140669545,arrival_at_bottleneck,7821,8560,40936
100133560,1268,28,0,3140669545,arrival_at_bottleneck,7821,8560,40936
100133593,1254,14,0,3140669545,first_affected_at_bottleneck,8219,8593,40936
100133599,1276,36,0,3140669545,arrival_at_bottleneck,7860,8599,40936
100133627,1281,41,0,3140669545,arrival_at_bottleneck,7665,8627,40936
100133632,1255,15,0,3140669545,first_affected_at_bottleneck,8225,8632,40936
100133638,1280,40,0,3140669545,arrival_at_bottleneck,7719,8638,40936
100133666,1282,42,0,3140669545,arrival_at_bottleneck,7674,8666,40936
100133671,1256,16,0,3140669545,first_affected_at_bottleneck,8228,8671,40936
100133677,1283,43,0,3140669545,arrival_at_bottleneck,7685,8677,40936
100133705,1284,44,0,3140669545,arrival_at_bottleneck,7685,8705,40936
100133710,1257,17,0,3140669545,first_affected_at_bottleneck,8183,8710,40936
100133744,1285,45,0,3140669545,arrival_at_bottleneck,7681,8744,40936
100133749,1258,18,0,3140669545,first_affected_at_bottleneck,8179,8749,40936
100133772,1286,46,0,3140669545,arrival_at_bottleneck,7665,8772,40936
100133788,1259,19,0,3140669545,first_affected_at_bottleneck,8180,8788,40936
100133815,1287,47,0,3140669545,arrival_at_bottleneck,7665,8815,40936
100133827,1261,21,0,3140669545,first_affected_at_bottleneck,8184,8827,40936
100133859,1288,48,0,3140669545,arrival_at_bottleneck,7665,8859,40936
100133866,1260,20,0,3140669545,first_affected_at_bottleneck,8258,8866,40936
100133894,1289,49,0,3140669545,arrival_at_bottleneck,7665,8894,40936
100133905,1262,22,0,3140669545,first_affected_at_bottleneck,8219,8905,40936
100133944,1263,23,0,3140669545,first_affected_at_bottleneck,8214,8944,40936
100133983,1264,24,0,3140669545,first_affected_at_bottleneck,8244,8983,40936
100134022,1265,25,0,3140669545,first_affected_at_bottleneck,8283,9022,40936
100134032,1290,50,0,3140669545,arrival_at_bottleneck,7665,9032,40936
100134033,1292,52,0,3140669545,arrival_at_bottleneck,7665,9033,40936
100134061,1266,26,0,3140669545,first_affected_at_bottleneck,8322,9061,40936
100134071,1293,53,0,3140669545,arrival_at_bottleneck,7666,9071,40936
100134098,1294,54,0,3140669545,arrival_at_bottleneck,7665,9098,40936
100134110,1291,51,0,3140669545,arrival_at_bottleneck,7742,9110,40936
100134137,1295,55,0,3140669545,arrival_at_bottleneck,7693,9137,40936
100134139,1272,32,0,3140669545,first_affected_at_bottleneck,8400,9139,40936
100134144,1297,57,0,3140669545,arrival_at_bottleneck,7665,9144,40936
100134144,1299,59,0,3140669545,arrival_at_bottleneck,7665,9144,40936
100134149,1296,56,0,3140669545,arrival_at_bottleneck,7670,9149,40936
100134176,1300,60,0,3140669545,arrival_at_bottleneck,7697,9176,40936
100134178,1270,30,0,3140669545,first_affected_at_bottleneck,8439,9178,40936
100134183,1303,63,0,3140669545,arrival_at_bottleneck,7704,9183,40936
100134188,1298,58,0,3140669545,arrival_at_bottleneck,7709,9188,40936
100134215,1301,61,0,3140669545,arrival_at_bottleneck,7736,9215,40936
100134217,1269,29,0,3140669545,first_affected_at_bottleneck,8478,9217,40936
100134227,1304,64,0,3140669545,arrival_at_bottleneck,7748,9227,40936
100134254,1302,62,0,3140669545,arrival_at_bottleneck,7775,9254,40936
100134256,1271,31,0,3140669545,first_affected_at_bottleneck,8517,9256,40936
100134295,1274,34,0,3140669545,first_affected_at_bottleneck,8556,9295,40936
100134334,1273,33,0,3140669545,first_affected_at_bottleneck,8595,9334,40936
100134373,1275,35,0,3140669545,first_affected_at_bottleneck,8634,9373,40936
100134412,1277,37,0,3140669545,first_affected_at_bottleneck,8673,9412,40936
100134451,1279,39,0,3140669545,first_affected_at_bottleneck,8712,9451,40936
100134490,1278,38,0,3140669545,first_affected_at_bottleneck,8751,9490,40936
100134529,1267,27,0,3140669545,first_affected_at_bottleneck,8790,9529,40936
100134568,1268,28,0,3140669545,first_affected_at_bottleneck,8829,9568,40936
100134607,1276,36,0,3140669545,first_affected_at_bottleneck,8868,9607,40936
100134646,1281,41,0,3140669545,first_affected_at_bottleneck,8684,9646,40936
100134685,1280,40,0,3140669545,first_affected_at_bottleneck,8766,9685,40936
100134724,1282,42,0,3140669545,first_affected_at_bottleneck,8732,9724,40936
100134763,1283,43,0,3140669545,first_affected_at_bottleneck,8771,9763,40936
100134802,1284,44,0,3140669545,first_affected_at_bottleneck,8782,9802,40936
100134841,1285,45,0,3140669545,first_affected_at_bottleneck,8778,9841,40936
100134880,1286,46,0,3140669545,first_affected_at_bottleneck,8773,9880,40936
100134919,1287,47,0,3140669545,first_affected_at_bottleneck,8769,9919,40936
100134958,1241,1,0,3140669545,arrival_at_bottleneck,7665,9958,41888
100134958,1244,4,0,3140669545,arrival_at_bottleneck,7665,9958,41888
100134958,1246,6,0,3140669545,arrival_at_bottleneck,7665,9958,41888
100134958,1288,48,0,3140669545,first_affected_at_bottleneck,8764,9958,40936
100134997,1245,5,0,3140669545,arrival_at_bottleneck,7704,9997,41888
100134997,1289,49,0,3140669545,first_affected_at_bottleneck,8768,9997,40936
100135000,1370,0,2296137131,2207295991,rate_command,0,0,0
100135000,1371,1,3214122857,3217910069,rate_command,0,0,0
100135000,1372,2,3214122857,3217910069,rate_command,0,0,0
100135000,1373,3,3214122857,3217910069,rate_command,0,0,0
100135000,1374,4,3214122857,3217910069,rate_command,0,0,0
100135000,1375,5,3214122857,3217910069,rate_command,0,0,0
100135000,1376,6,3214122857,3217910069,rate_command,0,0,0
100135000,1377,7,3214122857,3217910069,rate_command,0,0,0
100135000,1378,8,3214122857,3217910069,rate_command,0,0,0
100135000,1379,9,3214122857,3217910069,rate_command,0,0,0
100135000,1380,10,3214122857,3217910069,rate_command,0,0,0
100135000,1381,11,3214122857,3217910069,rate_command,0,0,0
100135000,1382,12,3214122857,3217910069,rate_command,0,0,0
100135000,1383,13,3214122857,3217910069,rate_command,0,0,0
100135000,1384,14,3214122857,3217910069,rate_command,0,0,0
100135000,1385,15,3214122857,3217910069,rate_command,0,0,0
100135000,1386,16,3214122857,3217910069,rate_command,0,0,0
100135000,1387,17,3214122857,3217910069,rate_command,0,0,0
100135000,1388,18,3214122857,3217910069,rate_command,0,0,0
100135000,1389,19,3214122857,3217910069,rate_command,0,0,0
100135000,1390,20,3214122857,3217910069,rate_command,0,0,0
100135000,1391,21,3214122857,3217910069,rate_command,0,0,0
100135000,1392,22,3214122857,3217910069,rate_command,0,0,0
100135000,1393,23,3214122857,3217910069,rate_command,0,0,0
100135000,1394,24,3214122857,3217910069,rate_command,0,0,0
100135000,1395,25,3214122857,3217910069,rate_command,0,0,0
100135000,1396,26,3214122857,3217910069,rate_command,0,0,0
100135000,1397,27,3214122857,3217910069,rate_command,0,0,0
100135000,1398,28,3214122857,3217910069,rate_command,0,0,0
100135000,1399,29,3214122857,3217910069,rate_command,0,0,0
100135000,1400,30,3214122857,3217910069,rate_command,0,0,0
100135000,1401,31,3214122857,3217910069,rate_command,0,0,0
100135000,1402,32,3214122857,3217910069,rate_command,0,0,0
100135000,1403,33,3214122857,3217910069,rate_command,0,0,0
100135000,1404,34,3214122857,3217910069,rate_command,0,0,0
100135000,1405,35,3214122857,3217910069,rate_command,0,0,0
100135000,1406,36,3214122857,3217910069,rate_command,0,0,0
100135000,1407,37,3214122857,3217910069,rate_command,0,0,0
100135000,1408,38,3214122857,3217910069,rate_command,0,0,0
100135000,1409,39,3214122857,3217910069,rate_command,0,0,0
100135000,1410,40,3214122857,3217910069,rate_command,0,0,0
100135000,1411,41,3214122857,3217910069,rate_command,0,0,0
100135000,1412,42,3214122857,3217910069,rate_command,0,0,0
100135000,1413,43,3214122857,3217910069,rate_command,0,0,0
100135000,1414,44,3214122857,3217910069,rate_command,0,0,0
100135000,1415,45,3214122857,3217910069,rate_command,0,0,0
100135000,1416,46,3214122857,3217910069,rate_command,0,0,0
100135000,1417,47,3214122857,3217910069,rate_command,0,0,0
100135000,1418,48,3214122857,3217910069,rate_command,0,0,0
100135000,1419,49,3214122857,3217910069,rate_command,0,0,0
100135000,1420,50,3214122857,3217910069,rate_command,0,0,0
100135000,1421,51,3214122857,3217910069,rate_command,0,0,0
100135000,1422,52,3214122857,3217910069,rate_command,0,0,0
100135000,1423,53,3214122857,3217910069,rate_command,0,0,0
100135000,1424,54,3214122857,3217910069,rate_command,0,0,0
100135000,1425,55,3214122857,3217910069,rate_command,0,0,0
100135000,1426,56,3214122857,3217910069,rate_command,0,0,0
100135000,1427,57,3214122857,3217910069,rate_command,0,0,0
100135000,1428,58,3214122857,3217910069,rate_command,0,0,0
100135000,1429,59,3214122857,3217910069,rate_command,0,0,0
100135000,1430,60,3214122857,3217910069,rate_command,0,0,0
100135000,1431,61,3214122857,3217910069,rate_command,0,0,0
100135000,1432,62,3214122857,3217910069,rate_command,0,0,0
100135000,1433,63,3214122857,3217910069,rate_command,0,0,0
100135000,1434,64,3214122857,3217910069,rate_command,0,0,0
100135036,1242,2,0,3140669545,arrival_at_bottleneck,7743,10036,41888
100135036,1290,50,0,3140669545,first_affected_at_bottleneck,8669,10036,40936
100135075,1243,3,0,3140669545,arrival_at_bottleneck,7782,10075,41888
100135075,1292,52,0,3140669545,first_affected_at_bottleneck,8707,10075,40936
100135093,1377,7,0,3217910069,sender_rate_effect,93,0,44744
100135114,1293,53,0,3140669545,first_affected_at_bottleneck,8709,10114,40936
100135137,1378,8,0,3217910069,sender_rate_effect,137,0,44744
100135153,1294,54,0,3140669545,first_affected_at_bottleneck,8720,10153,40936
100135157,1379,9,0,3217910069,sender_rate_effect,157,0,44744
100135192,1291,51,0,3140669545,first_affected_at_bottleneck,8824,10192,40936
100135231,1295,55,0,3140669545,first_affected_at_bottleneck,8787,10231,40936
100135266,1380,10,0,3217910069,sender_rate_effect,266,0,44744
100135270,1297,57,0,3140669545,first_affected_at_bottleneck,8791,10270,40936
100135303,1381,11,0,3217910069,sender_rate_effect,303,0,44744
100135303,1382,12,0,3217910069,sender_rate_effect,303,0,44744
100135309,1299,59,0,3140669545,first_affected_at_bottleneck,8830,10309,40936
100135345,1383,13,0,3217910069,sender_rate_effect,345,0,44744
100135348,1296,56,0,3140669545,first_affected_at_bottleneck,8869,10348,40936
100135387,1300,60,0,3140669545,first_affected_at_bottleneck,8908,10387,40936
100135389,1384,14,0,3217910069,sender_rate_effect,389,0,44744
100135422,1385,15,0,3217910069,sender_rate_effect,422,0,44744
100135426,1303,63,0,3140669545,first_affected_at_bottleneck,8947,10426,40936
100135458,1386,16,0,3217910069,sender_rate_effect,458,0,44744
100135465,1298,58,0,3140669545,first_affected_at_bottleneck,8986,10465,40936
100135504,1301,61,0,3140669545,first_affected_at_bottleneck,9025,10504,40936
100135542,1387,17,0,3217910069,sender_rate_effect,542,0,44744
100135543,1304,64,0,3140669545,first_affected_at_bottleneck,9064,10543,40936
100135582,1302,62,0,3140669545,first_affected_at_bottleneck,9103,10582,40936
100135585,1388,18,0,3217910069,sender_rate_effect,585,0,44744
100135621,1241,1,0,3140669545,first_affected_at_bottleneck,8328,10621,41888
100135623,1389,19,0,3217910069,sender_rate_effect,623,0,44744
100135623,1390,20,0,3217910069,sender_rate_effect,623,0,44744
100135658,1391,21,0,3217910069,sender_rate_effect,658,0,44744
100135660,1244,4,0,3140669545,first_affected_at_bottleneck,8367,10660,41888
100135699,1246,6,0,3140669545,first_affected_at_bottleneck,8406,10699,41888
100135701,1392,22,0,3217910069,sender_rate_effect,701,0,44744
100135738,1245,5,0,3140669545,first_affected_at_bottleneck,8445,10738,41888
100135745,1393,23,0,3217910069,sender_rate_effect,745,0,44744
100135754,1394,24,0,3217910069,sender_rate_effect,754,0,44744
100135754,1395,25,0,3217910069,sender_rate_effect,754,0,44744
100135754,1396,26,0,3217910069,sender_rate_effect,754,0,44744
100135754,1397,27,0,3217910069,sender_rate_effect,754,0,44744
100135754,1398,28,0,3217910069,sender_rate_effect,754,0,44744
100135754,1399,29,0,3217910069,sender_rate_effect,754,0,44744
100135754,1400,30,0,3217910069,sender_rate_effect,754,0,44744
100135754,1401,31,0,3217910069,sender_rate_effect,754,0,44744
100135754,1402,32,0,3217910069,sender_rate_effect,754,0,44744
100135754,1403,33,0,3217910069,sender_rate_effect,754,0,44744
100135754,1404,34,0,3217910069,sender_rate_effect,754,0,44744
100135754,1405,35,0,3217910069,sender_rate_effect,754,0,44744
100135754,1406,36,0,3217910069,sender_rate_effect,754,0,44744
100135754,1407,37,0,3217910069,sender_rate_effect,754,0,44744
100135754,1408,38,0,3217910069,sender_rate_effect,754,0,44744
100135754,1409,39,0,3217910069,sender_rate_effect,754,0,44744
100135777,1242,2,0,3140669545,first_affected_at_bottleneck,8484,10777,41888
100135816,1243,3,0,3140669545,first_affected_at_bottleneck,8523,10816,41888
100135934,1410,40,0,3217910069,sender_rate_effect,934,0,44744
100135977,1411,41,0,3217910069,sender_rate_effect,977,0,44744
100136007,1412,42,0,3217910069,sender_rate_effect,1007,0,44744
100136007,1413,43,0,3217910069,sender_rate_effect,1007,0,44744
100136011,1370,0,0,2207295991,sender_rate_effect,1011,0,1748645976
100136035,1414,44,0,3217910069,sender_rate_effect,1035,0,44744
100136078,1415,45,0,3217910069,sender_rate_effect,1078,0,44744
100136122,1416,46,0,3217910069,sender_rate_effect,1122,0,44744
100136165,1417,47,0,3217910069,sender_rate_effect,1165,0,44744
100136209,1418,48,0,3217910069,sender_rate_effect,1209,0,44744
100136244,1419,49,0,3217910069,sender_rate_effect,1244,0,44744
100136382,1420,50,0,3217910069,sender_rate_effect,1382,0,44744
100136383,1421,51,0,3217910069,sender_rate_effect,1383,0,44744
100136383,1422,52,0,3217910069,sender_rate_effect,1383,0,44744
100136420,1423,53,0,3217910069,sender_rate_effect,1420,0,44744
100136448,1424,54,0,3217910069,sender_rate_effect,1448,0,44744
100136459,1425,55,0,3217910069,sender_rate_effect,1459,0,44744
100136494,1426,56,0,3217910069,sender_rate_effect,1494,0,44744
100136494,1427,57,0,3217910069,sender_rate_effect,1494,0,44744
100136494,1428,58,0,3217910069,sender_rate_effect,1494,0,44744
100136494,1429,59,0,3217910069,sender_rate_effect,1494,0,44744
100136494,1430,60,0,3217910069,sender_rate_effect,1494,0,44744
100136494,1431,61,0,3217910069,sender_rate_effect,1494,0,44744
100136494,1432,62,0,3217910069,sender_rate_effect,1494,0,44744
100136494,1433,63,0,3217910069,sender_rate_effect,1494,0,44744
100136494,1434,64,0,3217910069,sender_rate_effect,1494,0,44744
100137050,1305,0,0,2296137131,arrival_at_bottleneck,4663,7050,1748645024
100137308,1371,1,0,3217910069,sender_rate_effect,2308,0,45696
100137308,1372,2,0,3217910069,sender_rate_effect,2308,0,45696
100137308,1373,3,0,3217910069,sender_rate_effect,2308,0,45696
100137308,1374,4,0,3217910069,sender_rate_effect,2308,0,45696
100137308,1375,5,0,3217910069,sender_rate_effect,2308,0,45696
100137308,1376,6,0,3217910069,sender_rate_effect,2308,0,45696
100137723,1312,7,0,3174205348,arrival_at_bottleneck,7607,7723,42840
100137767,1313,8,0,3174205348,arrival_at_bottleneck,7607,7767,42840
100137787,1314,9,0,3174205348,arrival_at_bottleneck,7607,7787,42840
100137896,1315,10,0,3174205348,arrival_at_bottleneck,7607,7896,42840
100137933,1316,11,0,3174205348,arrival_at_bottleneck,7607,7933,42840
100137972,1317,12,0,3174205348,arrival_at_bottleneck,7646,7972,42840
100137975,1318,13,0,3174205348,arrival_at_bottleneck,7607,7975,42840
100138019,1319,14,0,3174205348,arrival_at_bottleneck,7607,8019,42840
100138052,1320,15,0,3174205348,arrival_at_bottleneck,7607,8052,42840
100138088,1321,16,0,3174205348,arrival_at_bottleneck,7607,8088,42840
100138117,1305,0,0,2296137131,first_affected_at_bottleneck,5730,8117,1748645024
100138172,1322,17,0,3174205348,arrival_at_bottleneck,7607,8172,42840
100138215,1323,18,0,3174205348,arrival_at_bottleneck,7607,8215,42840
100138253,1324,19,0,3174205348,arrival_at_bottleneck,7607,8253,42840
100138288,1326,21,0,3174205348,arrival_at_bottleneck,7607,8288,42840
100138292,1325,20,0,3174205348,arrival_at_bottleneck,7646,8292,42840
100138331,1327,22,0,3174205348,arrival_at_bottleneck,7607,8331,42840
100138375,1328,23,0,3174205348,arrival_at_bottleneck,7607,8375,42840
100138384,1329,24,0,3174205348,arrival_at_bottleneck,7607,8384,42840
100138384,1330,25,0,3174205348,arrival_at_bottleneck,7607,8384,42840
100138384,1331,26,0,3174205348,arrival_at_bottleneck,7607,8384,42840
100138390,1312,7,0,3174205348,first_affected_at_bottleneck,8274,8390,42840
100138414,1337,32,0,3174205348,arrival_at_bottleneck,7637,8414,42840
100138423,1335,30,0,3174205348,arrival_at_bottleneck,7646,8423,42840
100138423,1334,29,0,3174205348,arrival_at_bottleneck,7646,8423,42840
100138423,1336,31,0,3174205348,arrival_at_bottleneck,7646,8423,42840
100138429,1313,8,0,3174205348,first_affected_at_bottleneck,8269,8429,42840
100138453,1339,34,0,3174205348,arrival_at_bottleneck,7676,8453,42840
100138462,1338,33,0,3174205348,arrival_at_bottleneck,7685,8462,42840
100138462,1340,35,0,3174205348,arrival_at_bottleneck,7685,8462,42840
100138468,1314,9,0,3174205348,first_affected_at_bottleneck,8288,8468,42840
100138492,1342,37,0,3174205348,arrival_at_bottleneck,7715,8492,42840
100138501,1344,39,0,3174205348,arrival_at_bottleneck,7724,8501,42840
100138501,1343,38,0,3174205348,arrival_at_bottleneck,7724,8501,42840
100138507,1315,10,0,3174205348,first_affected_at_bottleneck,8218,8507,42840
100138540,1332,27,0,3174205348,arrival_at_bottleneck,7763,8540,42840
100138540,1333,28,0,3174205348,arrival_at_bottleneck,7763,8540,42840
100138546,1316,11,0,3174205348,first_affected_at_bottleneck,8220,8546,42840
100138579,1341,36,0,3174205348,arrival_at_bottleneck,7802,8579,42840
100138585,1317,12,0,3174205348,first_affected_at_bottleneck,8259,8585,42840
100138607,1346,41,0,3174205348,arrival_at_bottleneck,7607,8607,42840
100138618,1345,40,0,3174205348,arrival_at_bottleneck,7661,8618,42840
100138624,1318,13,0,3174205348,first_affected_at_bottleneck,8256,8624,42840
100138646,1347,42,0,3174205348,arrival_at_bottleneck,7616,8646,42840
100138657,1348,43,0,3174205348,arrival_at_bottleneck,7627,8657,42840
100138663,1319,14,0,3174205348,first_affected_at_bottleneck,8251,8663,42840
100138685,1349,44,0,3174205348,arrival_at_bottleneck,7627,8685,42840
100138702,1320,15,0,3174205348,first_affected_at_bottleneck,8257,8702,42840
100138724,1350,45,0,3174205348,arrival_at_bottleneck,7623,8724,42840
100138741,1321,16,0,3174205348,first_affected_at_bottleneck,8260,8741,42840
100138752,1351,46,0,3174205348,arrival_at_bottleneck,7607,8752,42840
100138780,1322,17,0,3174205348,first_affected_at_bottleneck,8215,8780,42840
100138795,1352,47,0,3174205348,arrival_at_bottleneck,7607,8795,42840
100138819,1323,18,0,3174205348,first_affected_at_bottleneck,8211,8819,42840
100138839,1353,48,0,3174205348,arrival_at_bottleneck,7607,8839,42840
100138858,1324,19,0,3174205348,first_affected_at_bottleneck,8212,8858,42840
100138874,1354,49,0,3174205348,arrival_at_bottleneck,7607,8874,42840
100138897,1326,21,0,3174205348,first_affected_at_bottleneck,8216,8897,42840
100138936,1325,20,0,3174205348,first_affected_at_bottleneck,8290,8936,42840
100138975,1327,22,0,3174205348,first_affected_at_bottleneck,8251,8975,42840
100139012,1355,50,0,3174205348,arrival_at_bottleneck,7607,9012,42840
100139013,1357,52,0,3174205348,arrival_at_bottleneck,7607,9013,42840
100139014,1328,23,0,3174205348,first_affected_at_bottleneck,8246,9014,42840
100139051,1358,53,0,3174205348,arrival_at_bottleneck,7608,9051,42840
100139053,1329,24,0,3174205348,first_affected_at_bottleneck,8276,9053,42840
100139078,1359,54,0,3174205348,arrival_at_bottleneck,7607,9078,42840
100139090,1356,51,0,3174205348,arrival_at_bottleneck,7684,9090,42840
100139092,1330,25,0,3174205348,first_affected_at_bottleneck,8315,9092,42840
100139117,1360,55,0,3174205348,arrival_at_bottleneck,7635,9117,42840
100139124,1362,57,0,3174205348,arrival_at_bottleneck,7607,9124,42840
100139124,1364,59,0,3174205348,arrival_at_bottleneck,7607,9124,42840
100139129,1361,56,0,3174205348,arrival_at_bottleneck,7612,9129,42840
100139131,1331,26,0,3174205348,first_affected_at_bottleneck,8354,9131,42840
100139156,1365,60,0,3174205348,arrival_at_bottleneck,7639,9156,42840
100139163,1368,63,0,3174205348,arrival_at_bottleneck,7646,9163,42840
100139168,1363,58,0,3174205348,arrival_at_bottleneck,7651,9168,42840
100139170,1337,32,0,3174205348,first_affected_at_bottleneck,8393,9170,42840
100139195,1366,61,0,3174205348,arrival_at_bottleneck,7678,9195,42840
100139207,1369,64,0,3174205348,arrival_at_bottleneck,7690,9207,42840
100139209,1335,30,0,3174205348,first_affected_at_bottleneck,8432,9209,42840
100139234,1367,62,0,3174205348,arrival_at_bottleneck,7717,9234,42840
100139248,1334,29,0,3174205348,first_affected_at_bottleneck,8471,9248,42840
100139287,1336,31,0,3174205348,first_affected_at_bottleneck,8510,9287,42840
100139326,1339,34,0,3174205348,first_affected_at_bottleneck,8549,9326,42840
100139365,1338,33,0,3174205348,first_affected_at_bottleneck,8588,9365,42840
100139404,1340,35,0,3174205348,first_affected_at_bottleneck,8627,9404,42840
100139443,1342,37,0,3174205348,first_affected_at_bottleneck,8666,9443,42840
100139482,1344,39,0,3174205348,first_affected_at_bottleneck,8705,9482,42840
100139521,1343,38,0,3174205348,first_affected_at_bottleneck,8744,9521,42840
100139560,1332,27,0,3174205348,first_affected_at_bottleneck,8783,9560,42840
100139599,1333,28,0,3174205348,first_affected_at_bottleneck,8822,9599,42840
100139638,1341,36,0,3174205348,first_affected_at_bottleneck,8861,9638,42840
100139677,1346,41,0,3174205348,first_affected_at_bottleneck,8677,9677,42840
100139716,1345,40,0,3174205348,first_affected_at_bottleneck,8759,9716,42840
100139755,1347,42,0,3174205348,first_affected_at_bottleneck,8725,9755,42840
100139794,1348,43,0,3174205348,first_affected_at_bottleneck,8764,9794,42840
100139833,1349,44,0,3174205348,first_affected_at_bottleneck,8775,9833,42840
100139872,1350,45,0,3174205348,first_affected_at_bottleneck,8771,9872,42840
100139911,1351,46,0,3174205348,first_affected_at_bottleneck,8766,9911,42840
100139938,1306,1,0,3174205348,arrival_at_bottleneck,7607,9938,43792
100139938,1309,4,0,3174205348,arrival_at_bottleneck,7607,9938,43792
100139938,1311,6,0,3174205348,arrival_at_bottleneck,7607,9938,43792
100139950,1352,47,0,3174205348,first_affected_at_bottleneck,8762,9950,42840
100139977,1310,5,0,3174205348,arrival_at_bottleneck,7646,9977,43792
100139989,1353,48,0,3174205348,first_affected_at_bottleneck,8757,9989,42840
100140000,1435,0,2207295991,2145107193,rate_command,0,0,0
100140016,1307,2,0,3174205348,arrival_at_bottleneck,7685,10016,43792
100140028,1354,49,0,3174205348,first_affected_at_bottleneck,8761,10028,42840
100140055,1308,3,0,3174205348,arrival_at_bottleneck,7724,10055,43792
100140067,1355,50,0,3174205348,first_affected_at_bottleneck,8662,10067,42840
100140106,1357,52,0,3174205348,first_affected_at_bottleneck,8700,10106,42840
100140145,1358,53,0,3174205348,first_affected_at_bottleneck,8702,10145,42840
100140184,1359,54,0,3174205348,first_affected_at_bottleneck,8713,10184,42840
100140223,1356,51,0,3174205348,first_affected_at_bottleneck,8817,10223,42840
100140262,1360,55,0,3174205348,first_affected_at_bottleneck,8780,10262,42840
100140301,1362,57,0,3174205348,first_affected_at_bottleneck,8784,10301,42840
100140340,1364,59,0,3174205348,first_affected_at_bottleneck,8823,10340,42840
100140379,1361,56,0,3174205348,first_affected_at_bottleneck,8862,10379,42840
100140418,1365,60,0,3174205348,first_affected_at_bottleneck,8901,10418,42840
100140457,1368,63,0,3174205348,first_affected_at_bottleneck,8940,10457,42840
100140496,1363,58,0,3174205348,first_affected_at_bottleneck,8979,10496,42840
100140535,1366,61,0,3174205348,first_affected_at_bottleneck,9018,10535,42840
100140574,1369,64,0,3174205348,first_affected_at_bottleneck,9057,10574,42840
100140613,1367,62,0,3174205348,first_affected_at_bottleneck,9096,10613,42840
100140652,1306,1,0,3174205348,first_affected_at_bottleneck,8321,10652,43792
100140674,1370,0,0,2207295991,arrival_at_bottleneck,4663,5674,1748645976
100140691,1309,4,0,3174205348,first_affected_at_bottleneck,8360,10691,43792
100140730,1311,6,0,3174205348,first_affected_at_bottleneck,8399,10730,43792
100140769,1310,5,0,3174205348,first_affected_at_bottleneck,8438,10769,43792
100140808,1307,2,0,3174205348,first_affected_at_bottleneck,8477,10808,43792
100140847,1308,3,0,3174205348,first_affected_at_bottleneck,8516,10847,43792
100141315,1370,0,0,2207295991,first_affected_at_bottleneck,5304,6315,1748645976
100142697,1377,7,0,3217910069,arrival_at_bottleneck,7604,7697,44744
100142741,1378,8,0,3217910069,arrival_at_bottleneck,7604,7741,44744
100142761,1379,9,0,3217910069,arrival_at_bottleneck,7604,7761,44744
100142870,1380,10,0,3217910069,arrival_at_bottleneck,7604,7870,44744
100142907,1381,11,0,3217910069,arrival_at_bottleneck,7604,7907,44744
100142946,1382,12,0,3217910069,arrival_at_bottleneck,7643,7946,44744
100142949,1383,13,0,3217910069,arrival_at_bottleneck,7604,7949,44744
100142993,1384,14,0,3217910069,arrival_at_bottleneck,7604,7993,44744
100143026,1385,15,0,3217910069,arrival_at_bottleneck,7604,8026,44744
100143062,1386,16,0,3217910069,arrival_at_bottleneck,7604,8062,44744
100143146,1387,17,0,3217910069,arrival_at_bottleneck,7604,8146,44744
100143189,1388,18,0,3217910069,arrival_at_bottleneck,7604,8189,44744
100143227,1389,19,0,3217910069,arrival_at_bottleneck,7604,8227,44744
100143262,1391,21,0,3217910069,arrival_at_bottleneck,7604,8262,44744
100143266,1390,20,0,3217910069,arrival_at_bottleneck,7643,8266,44744
100143305,1392,22,0,3217910069,arrival_at_bottleneck,7604,8305,44744
100143349,1393,23,0,3217910069,arrival_at_bottleneck,7604,8349,44744
100143358,1394,24,0,3217910069,arrival_at_bottleneck,7604,8358,44744
100143358,1395,25,0,3217910069,arrival_at_bottleneck,7604,8358,44744
100143358,1396,26,0,3217910069,arrival_at_bottleneck,7604,8358,44744
100143364,1435,0,0,2145107193,sender_rate_effect,3364,0,1748647880
100143388,1402,32,0,3217910069,arrival_at_bottleneck,7634,8388,44744
100143397,1400,30,0,3217910069,arrival_at_bottleneck,7643,8397,44744
100143397,1399,29,0,3217910069,arrival_at_bottleneck,7643,8397,44744
100143397,1401,31,0,3217910069,arrival_at_bottleneck,7643,8397,44744
100143421,1377,7,0,3217910069,first_affected_at_bottleneck,8328,8421,44744
100143427,1404,34,0,3217910069,arrival_at_bottleneck,7673,8427,44744
100143436,1403,33,0,3217910069,arrival_at_bottleneck,7682,8436,44744
100143436,1405,35,0,3217910069,arrival_at_bottleneck,7682,8436,44744
100143460,1378,8,0,3217910069,first_affected_at_bottleneck,8323,8460,44744
100143466,1407,37,0,3217910069,arrival_at_bottleneck,7712,8466,44744
100143475,1409,39,0,3217910069,arrival_at_bottleneck,7721,8475,44744
100143475,1408,38,0,3217910069,arrival_at_bottleneck,7721,8475,44744
100143499,1379,9,0,3217910069,first_affected_at_bottleneck,8342,8499,44744
100143514,1397,27,0,3217910069,arrival_at_bottleneck,7760,8514,44744
100143514,1398,28,0,3217910069,arrival_at_bottleneck,7760,8514,44744
100143538,1380,10,0,3217910069,first_affected_at_bottleneck,8272,8538,44744
100143553,1406,36,0,3217910069,arrival_at_bottleneck,7799,8553,44744
100143577,1381,11,0,3217910069,first_affected_at_bottleneck,8274,8577,44744
100143581,1411,41,0,3217910069,arrival_at_bottleneck,7604,8581,44744
100143592,1410,40,0,3217910069,arrival_at_bottleneck,7658,8592,44744
100143616,1382,12,0,3217910069,first_affected_at_bottleneck,8313,8616,44744
100143620,1412,42,0,3217910069,arrival_at_bottleneck,7613,8620,44744
100143631,1413,43,0,3217910069,arrival_at_bottleneck,7624,8631,44744
100143655,1383,13,0,3217910069,first_affected_at_bottleneck,8310,8655,44744
100143659,1414,44,0,3217910069,arrival_at_bottleneck,7624,8659,44744
100143694,1384,14,0,3217910069,first_affected_at_bottleneck,8305,8694,44744
100143698,1415,45,0,3217910069,arrival_at_bottleneck,7620,8698,44744
100143726,1416,46,0,3217910069,arrival_at_bottleneck,7604,8726,44744
100143733,1385,15,0,3217910069,first_affected_at_bottleneck,8311,8733,44744
100143769,1417,47,0,3217910069,arrival_at_bottleneck,7604,8769,44744
100143772,1386,16,0,3217910069,first_affected_at_bottleneck,8314,8772,44744
100143811,1387,17,0,3217910069,first_affected_at_bottleneck,8269,8811,44744
100143813,1418,48,0,3217910069,arrival_at_bottleneck,7604,8813,44744
100143848,1419,49,0,3217910069,arrival_at_bottleneck,7604,8848,44744
100143850,1388,18,0,3217910069,first_affected_at_bottleneck,8265,8850,44744
100143889,1389,19,0,3217910069,first_affected_at_bottleneck,8266,8889,44744
100143928,1391,21,0,3217910069,first_affected_at_bottleneck,8270,8928,44744
100143967,1390,20,0,3217910069,first_affected_at_bottleneck,8344,8967,44744
100143986,1420,50,0,3217910069,arrival_at_bottleneck,7604,8986,44744
100143987,1422,52,0,3217910069,arrival_at_bottleneck,7604,8987,44744
100144006,1392,22,0,3217910069,first_affected_at_bottleneck,8305,9006,44744
100144025,1423,53,0,3217910069,arrival_at_bottleneck,7605,9025,44744
100144045,1393,23,0,3217910069,first_affected_at_bottleneck,8300,9045,44744
100144052,1424,54,0,3217910069,arrival_at_bottleneck,7604,9052,44744
100144064,1421,51,0,3217910069,arrival_at_bottleneck,7681,9064,44744
100144084,1394,24,0,3217910069,first_affected_at_bottleneck,8330,9084,44744
100144091,1425,55,0,3217910069,arrival_at_bottleneck,7632,9091,44744
100144098,1427,57,0,3217910069,arrival_at_bottleneck,7604,9098,44744
100144098,1429,59,0,3217910069,arrival_at_bottleneck,7604,9098,44744
100144103,1426,56,0,3217910069,arrival_at_bottleneck,7609,9103,44744
100144123,1395,25,0,3217910069,first_affected_at_bottleneck,8369,9123,44744
100144130,1430,60,0,3217910069,arrival_at_bottleneck,7636,9130,44744
100144137,1433,63,0,3217910069,arrival_at_bottleneck,7643,9137,44744
100144142,1428,58,0,3217910069,arrival_at_bottleneck,7648,9142,44744
100144162,1396,26,0,3217910069,first_affected_at_bottleneck,8408,9162,44744
100144169,1431,61,0,3217910069,arrival_at_bottleneck,7675,9169,44744
100144181,1434,64,0,3217910069,arrival_at_bottleneck,7687,9181,44744
100144201,1402,32,0,3217910069,first_affected_at_bottleneck,8447,9201,44744
100144208,1432,62,0,3217910069,arrival_at_bottleneck,7714,9208,44744
100144240,1400,30,0,3217910069,first_affected_at_bottleneck,8486,9240,44744
100144279,1399,29,0,3217910069,first_affected_at_bottleneck,8525,9279,44744
100144318,1401,31,0,3217910069,first_affected_at_bottleneck,8564,9318,44744
100144357,1404,34,0,3217910069,first_affected_at_bottleneck,8603,9357,44744
100144396,1403,33,0,3217910069,first_affected_at_bottleneck,8642,9396,44744
100144435,1405,35,0,3217910069,first_affected_at_bottleneck,8681,9435,44744
100144474,1407,37,0,3217910069,first_affected_at_bottleneck,8720,9474,44744
100144513,1409,39,0,3217910069,first_affected_at_bottleneck,8759,9513,44744
100144552,1408,38,0,3217910069,first_affected_at_bottleneck,8798,9552,44744
100144591,1397,27,0,3217910069,first_affected_at_bottleneck,8837,9591,44744
100144630,1398,28,0,3217910069,first_affected_at_bottleneck,8876,9630,44744
100144669,1406,36,0,3217910069,first_affected_at_bottleneck,8915,9669,44744
100144708,1411,41,0,3217910069,first_affected_at_bottleneck,8731,9708,44744
100144747,1410,40,0,3217910069,first_affected_at_bottleneck,8813,9747,44744
100144786,1412,42,0,3217910069,first_affected_at_bottleneck,8779,9786,44744
100144825,1413,43,0,3217910069,first_affected_at_bottleneck,8818,9825,44744
100144864,1414,44,0,3217910069,first_affected_at_bottleneck,8829,9864,44744
100144903,1415,45,0,3217910069,first_affected_at_bottleneck,8825,9903,44744
100144912,1371,1,0,3217910069,arrival_at_bottleneck,7604,9912,45696
100144912,1374,4,0,3217910069,arrival_at_bottleneck,7604,9912,45696
100144912,1376,6,0,3217910069,arrival_at_bottleneck,7604,9912,45696
100144942,1416,46,0,3217910069,first_affected_at_bottleneck,8820,9942,44744
100144951,1375,5,0,3217910069,arrival_at_bottleneck,7643,9951,45696
100144981,1417,47,0,3217910069,first_affected_at_bottleneck,8816,9981,44744
100144990,1372,2,0,3217910069,arrival_at_bottleneck,7682,9990,45696
100145000,1436,0,2145107193,2101575035,rate_command,0,0,0
100145020,1418,48,0,3217910069,first_affected_at_bottleneck,8811,10020,44744
100145029,1373,3,0,3217910069,arrival_at_bottleneck,7721,10029,45696
100145059,1419,49,0,3217910069,first_affected_at_bottleneck,8815,10059,44744
100145098,1420,50,0,3217910069,first_affected_at_bottleneck,8716,10098,44744
100145137,1422,52,0,3217910069,first_affected_at_bottleneck,8754,10137,44744
100145176,1423,53,0,3217910069,first_affected_at_bottleneck,8756,10176,44744
100145215,1424,54,0,3217910069,first_affected_at_bottleneck,8767,10215,44744
100145254,1421,51,0,3217910069,first_affected_at_bottleneck,8871,10254,44744
100145293,1425,55,0,3217910069,first_affected_at_bottleneck,8834,10293,44744
100145332,1427,57,0,3217910069,first_affected_at_bottleneck,8838,10332,44744
100145371,1429,59,0,3217910069,first_affected_at_bottleneck,8877,10371,44744
100145410,1426,56,0,3217910069,first_affected_at_bottleneck,8916,10410,44744
100145449,1430,60,0,3217910069,first_affected_at_bottleneck,8955,10449,44744
100145488,1433,63,0,3217910069,first_affected_at_bottleneck,8994,10488,44744
100145527,1428,58,0,3217910069,first_affected_at_bottleneck,9033,10527,44744
100145566,1431,61,0,3217910069,first_affected_at_bottleneck,9072,10566,44744
100145605,1434,64,0,3217910069,first_affected_at_bottleneck,9111,10605,44744
100145644,1432,62,0,3217910069,first_affected_at_bottleneck,9150,10644,44744
100145722,1371,1,0,3217910069,first_affected_at_bottleneck,8414,10722,45696
100145761,1374,4,0,3217910069,first_affected_at_bottleneck,8453,10761,45696
100145800,1376,6,0,3217910069,first_affected_at_bottleneck,8492,10800,45696
100145839,1375,5,0,3217910069,first_affected_at_bottleneck,8531,10839,45696
100145878,1372,2,0,3217910069,first_affected_at_bottleneck,8570,10878,45696
100145917,1373,3,0,3217910069,first_affected_at_bottleneck,8609,10917,45696
100147170,1436,0,0,2101575035,sender_rate_effect,2170,0,1748648832
100148209,1435,0,0,2145107193,arrival_at_bottleneck,4845,8209,1748647880
100148959,1435,0,0,2145107193,first_affected_at_bottleneck,5595,8959,1748647880
100150000,1437,0,2101575035,2071102524,rate_command,0,0,0
100150000,1438,1,3217910069,3229576588,rate_command,0,0,0
100150000,1439,2,3217910069,3229576588,rate_command,0,0,0
100150000,1440,3,3217910069,3229576588,rate_command,0,0,0
100150000,1441,4,3217910069,3229576588,rate_command,0,0,0
100150000,1442,5,3217910069,3229576588,rate_command,0,0,0
100150000,1443,6,3217910069,3229576588,rate_command,0,0,0
100150000,1444,7,3217910069,3229576588,rate_command,0,0,0
100150000,1445,8,3217910069,3229576588,rate_command,0,0,0
100150000,1446,9,3217910069,3229576588,rate_command,0,0,0
100150000,1447,10,3217910069,3229576588,rate_command,0,0,0
100150000,1448,11,3217910069,3229576588,rate_command,0,0,0
100150000,1449,12,3217910069,3229576588,rate_command,0,0,0
100150000,1450,13,3217910069,3229576588,rate_command,0,0,0
100150000,1451,14,3217910069,3229576588,rate_command,0,0,0
100150000,1452,15,3217910069,3229576588,rate_command,0,0,0
100150000,1453,16,3217910069,3229576588,rate_command,0,0,0
100150000,1454,17,3217910069,3229576588,rate_command,0,0,0
100150000,1455,18,3217910069,3229576588,rate_command,0,0,0
100150000,1456,19,3217910069,3229576588,rate_command,0,0,0
100150000,1457,20,3217910069,3229576588,rate_command,0,0,0
100150000,1458,21,3217910069,3229576588,rate_command,0,0,0
100150000,1459,22,3217910069,3229576588,rate_command,0,0,0
100150000,1460,23,3217910069,3229576588,rate_command,0,0,0
100150000,1461,24,3217910069,3229576588,rate_command,0,0,0
100150000,1462,25,3217910069,3229576588,rate_command,0,0,0
100150000,1463,26,3217910069,3229576588,rate_command,0,0,0
100150000,1464,27,3217910069,3229576588,rate_command,0,0,0
100150000,1465,28,3217910069,3229576588,rate_command,0,0,0
100150000,1466,29,3217910069,3229576588,rate_command,0,0,0
100150000,1467,30,3217910069,3229576588,rate_command,0,0,0
100150000,1468,31,3217910069,3229576588,rate_command,0,0,0
100150000,1469,32,3217910069,3229576588,rate_command,0,0,0
100150000,1470,33,3217910069,3229576588,rate_command,0,0,0
100150000,1471,34,3217910069,3229576588,rate_command,0,0,0
100150000,1472,35,3217910069,3229576588,rate_command,0,0,0
100150000,1473,36,3217910069,3229576588,rate_command,0,0,0
100150000,1474,37,3217910069,3229576588,rate_command,0,0,0
100150000,1475,38,3217910069,3229576588,rate_command,0,0,0
100150000,1476,39,3217910069,3229576588,rate_command,0,0,0
100150000,1477,40,3217910069,3229576588,rate_command,0,0,0
100150000,1478,41,3217910069,3229576588,rate_command,0,0,0
100150000,1479,42,3217910069,3229576588,rate_command,0,0,0
100150000,1480,43,3217910069,3229576588,rate_command,0,0,0
100150000,1481,44,3217910069,3229576588,rate_command,0,0,0
100150000,1482,45,3217910069,3229576588,rate_command,0,0,0
100150000,1483,46,3217910069,3229576588,rate_command,0,0,0
100150000,1484,47,3217910069,3229576588,rate_command,0,0,0
100150000,1485,48,3217910069,3229576588,rate_command,0,0,0
100150000,1486,49,3217910069,3229576588,rate_command,0,0,0
100150000,1487,50,3217910069,3229576588,rate_command,0,0,0
100150000,1488,51,3217910069,3229576588,rate_command,0,0,0
100150000,1489,52,3217910069,3229576588,rate_command,0,0,0
100150000,1490,53,3217910069,3229576588,rate_command,0,0,0
100150000,1491,54,3217910069,3229576588,rate_command,0,0,0
100150000,1492,55,3217910069,3229576588,rate_command,0,0,0
100150000,1493,56,3217910069,3229576588,rate_command,0,0,0
100150000,1494,57,3217910069,3229576588,rate_command,0,0,0
100150000,1495,58,3217910069,3229576588,rate_command,0,0,0
100150000,1496,59,3217910069,3229576588,rate_command,0,0,0
100150000,1497,60,3217910069,3229576588,rate_command,0,0,0
100150000,1498,61,3217910069,3229576588,rate_command,0,0,0
100150000,1499,62,3217910069,3229576588,rate_command,0,0,0
100150000,1500,63,3217910069,3229576588,rate_command,0,0,0
100150000,1501,64,3217910069,3229576588,rate_command,0,0,0
100150006,1444,7,0,3229576588,sender_rate_effect,6,0,50456
100150050,1445,8,0,3229576588,sender_rate_effect,50,0,50456
100150070,1446,9,0,3229576588,sender_rate_effect,70,0,50456
100150179,1447,10,0,3229576588,sender_rate_effect,179,0,50456
100150216,1448,11,0,3229576588,sender_rate_effect,216,0,50456
100150216,1449,12,0,3229576588,sender_rate_effect,216,0,50456
100150258,1450,13,0,3229576588,sender_rate_effect,258,0,50456
100150302,1451,14,0,3229576588,sender_rate_effect,302,0,50456
100150335,1452,15,0,3229576588,sender_rate_effect,335,0,50456
100150371,1453,16,0,3229576588,sender_rate_effect,371,0,50456
100150455,1454,17,0,3229576588,sender_rate_effect,455,0,50456
100150498,1455,18,0,3229576588,sender_rate_effect,498,0,50456
100150536,1456,19,0,3229576588,sender_rate_effect,536,0,50456
100150536,1457,20,0,3229576588,sender_rate_effect,536,0,50456
100150571,1458,21,0,3229576588,sender_rate_effect,571,0,50456
100150614,1459,22,0,3229576588,sender_rate_effect,614,0,50456
100150658,1460,23,0,3229576588,sender_rate_effect,658,0,50456
100150667,1461,24,0,3229576588,sender_rate_effect,667,0,50456
100150667,1462,25,0,3229576588,sender_rate_effect,667,0,50456
100150667,1463,26,0,3229576588,sender_rate_effect,667,0,50456
100150667,1464,27,0,3229576588,sender_rate_effect,667,0,50456
100150667,1465,28,0,3229576588,sender_rate_effect,667,0,50456
100150667,1466,29,0,3229576588,sender_rate_effect,667,0,50456
100150667,1467,30,0,3229576588,sender_rate_effect,667,0,50456
100150667,1468,31,0,3229576588,sender_rate_effect,667,0,50456
100150667,1469,32,0,3229576588,sender_rate_effect,667,0,50456
100150667,1470,33,0,3229576588,sender_rate_effect,667,0,50456
100150667,1471,34,0,3229576588,sender_rate_effect,667,0,50456
100150667,1472,35,0,3229576588,sender_rate_effect,667,0,50456
100150667,1473,36,0,3229576588,sender_rate_effect,667,0,50456
100150667,1474,37,0,3229576588,sender_rate_effect,667,0,50456
100150667,1475,38,0,3229576588,sender_rate_effect,667,0,50456
100150667,1476,39,0,3229576588,sender_rate_effect,667,0,50456
100150847,1477,40,0,3229576588,sender_rate_effect,847,0,50456
100150890,1478,41,0,3229576588,sender_rate_effect,890,0,50456
100150920,1479,42,0,3229576588,sender_rate_effect,920,0,50456
100150920,1480,43,0,3229576588,sender_rate_effect,920,0,50456
100150948,1481,44,0,3229576588,sender_rate_effect,948,0,50456
100150991,1482,45,0,3229576588,sender_rate_effect,991,0,50456
100151032,1437,0,0,2071102524,sender_rate_effect,1032,0,1748649784
100151035,1483,46,0,3229576588,sender_rate_effect,1035,0,50456
100151078,1484,47,0,3229576588,sender_rate_effect,1078,0,50456
100151122,1485,48,0,3229576588,sender_rate_effect,1122,0,50456
100151157,1486,49,0,3229576588,sender_rate_effect,1157,0,50456
100151295,1487,50,0,3229576588,sender_rate_effect,1295,0,50456
100151296,1488,51,0,3229576588,sender_rate_effect,1296,0,50456
100151296,1489,52,0,3229576588,sender_rate_effect,1296,0,50456
100151333,1490,53,0,3229576588,sender_rate_effect,1333,0,50456
100151361,1491,54,0,3229576588,sender_rate_effect,1361,0,50456
100151372,1492,55,0,3229576588,sender_rate_effect,1372,0,50456
100151407,1493,56,0,3229576588,sender_rate_effect,1407,0,50456
100151407,1494,57,0,3229576588,sender_rate_effect,1407,0,50456
100151407,1495,58,0,3229576588,sender_rate_effect,1407,0,50456
100151407,1496,59,0,3229576588,sender_rate_effect,1407,0,50456
100151407,1497,60,0,3229576588,sender_rate_effect,1407,0,50456
100151407,1498,61,0,3229576588,sender_rate_effect,1407,0,50456
100151407,1499,62,0,3229576588,sender_rate_effect,1407,0,50456
100151407,1500,63,0,3229576588,sender_rate_effect,1407,0,50456
100151407,1501,64,0,3229576588,sender_rate_effect,1407,0,50456
100152071,1436,0,0,2101575035,arrival_at_bottleneck,4901,7071,1748648832
100152221,1438,1,0,3229576588,sender_rate_effect,2221,0,51408
100152221,1439,2,0,3229576588,sender_rate_effect,2221,0,51408
100152221,1440,3,0,3229576588,sender_rate_effect,2221,0,51408
100152221,1441,4,0,3229576588,sender_rate_effect,2221,0,51408
100152221,1442,5,0,3229576588,sender_rate_effect,2221,0,51408
100152221,1443,6,0,3229576588,sender_rate_effect,2221,0,51408
100153249,1436,0,0,2101575035,first_affected_at_bottleneck,6079,8249,1748648832
100155000,1502,0,2071102524,2049771766,rate_command,0,0,0
100155933,1437,0,0,2071102524,arrival_at_bottleneck,4901,5933,1748649784
100157188,1437,0,0,2071102524,first_affected_at_bottleneck,6156,7188,1748649784
100157601,1444,7,0,3229576588,arrival_at_bottleneck,7595,7601,50456
100157645,1445,8,0,3229576588,arrival_at_bottleneck,7595,7645,50456
100157665,1446,9,0,3229576588,arrival_at_bottleneck,7595,7665,50456
100157774,1447,10,0,3229576588,arrival_at_bottleneck,7595,7774,50456
100157811,1448,11,0,3229576588,arrival_at_bottleneck,7595,7811,50456
100157850,1449,12,0,3229576588,arrival_at_bottleneck,7634,7850,50456
100157853,1450,13,0,3229576588,arrival_at_bottleneck,7595,7853,50456
100157897,1451,14,0,3229576588,arrival_at_bottleneck,7595,7897,50456
100157930,1452,15,0,3229576588,arrival_at_bottleneck,7595,7930,50456
100157966,1453,16,0,3229576588,arrival_at_bottleneck,7595,7966,50456
100158050,1454,17,0,3229576588,arrival_at_bottleneck,7595,8050,50456
100158093,1455,18,0,3229576588,arrival_at_bottleneck,7595,8093,50456
100158131,1456,19,0,3229576588,arrival_at_bottleneck,7595,8131,50456
100158166,1458,21,0,3229576588,arrival_at_bottleneck,7595,8166,50456
100158170,1457,20,0,3229576588,arrival_at_bottleneck,7634,8170,50456
100158209,1459,22,0,3229576588,arrival_at_bottleneck,7595,8209,50456
100158253,1460,23,0,3229576588,arrival_at_bottleneck,7595,8253,50456
100158262,1461,24,0,3229576588,arrival_at_bottleneck,7595,8262,50456
100158262,1462,25,0,3229576588,arrival_at_bottleneck,7595,8262,50456
100158262,1463,26,0,3229576588,arrival_at_bottleneck,7595,8262,50456
100158292,1469,32,0,3229576588,arrival_at_bottleneck,7625,8292,50456
100158301,1467,30,0,3229576588,arrival_at_bottleneck,7634,8301,50456
100158301,1466,29,0,3229576588,arrival_at_bottleneck,7634,8301,50456
100158301,1468,31,0,3229576588,arrival_at_bottleneck,7634,8301,50456
100158331,1471,34,0,3229576588,arrival_at_bottleneck,7664,8331,50456
100158340,1470,33,0,3229576588,arrival_at_bottleneck,7673,8340,50456
100158340,1472,35,0,3229576588,arrival_at_bottleneck,7673,8340,50456
100158370,1474,37,0,3229576588,arrival_at_bottleneck,7703,8370,50456
100158379,1476,39,0,3229576588,arrival_at_bottleneck,7712,8379,50456
100158379,1475,38,0,3229576588,arrival_at_bottleneck,7712,8379,50456
100158418,1464,27,0,3229576588,arrival_at_bottleneck,7751,8418,50456
100158418,1465,28,0,3229576588,arrival_at_bottleneck,7751,8418,50456
100158457,1473,36,0,3229576588,arrival_at_bottleneck,7790,8457,50456
100158485,1478,41,0,3229576588,arrival_at_bottleneck,7595,8485,50456
100158496,1477,40,0,3229576588,arrival_at_bottleneck,7649,8496,50456
100158524,1479,42,0,3229576588,arrival_at_bottleneck,7604,8524,50456
100158535,1480,43,0,3229576588,arrival_at_bottleneck,7615,8535,50456
100158553,1444,7,0,3229576588,first_affected_at_bottleneck,8547,8553,50456
100158563,1481,44,0,3229576588,arrival_at_bottleneck,7615,8563,50456
100158592,1445,8,0,3229576588,first_affected_at_bottleneck,8542,8592,50456
100158602,1482,45,0,3229576588,arrival_at_bottleneck,7611,8602,50456
100158630,1483,46,0,3229576588,arrival_at_bottleneck,7595,8630,50456
100158631,1446,9,0,3229576588,first_affected_at_bottleneck,8561,8631,50456
100158670,1447,10,0,3229576588,first_affected_at_bottleneck,8491,8670,50456
100158673,1484,47,0,3229576588,arrival_at_bottleneck,7595,8673,50456
100158709,1448,11,0,3229576588,first_affected_at_bottleneck,8493,8709,50456
100158717,1485,48,0,3229576588,arrival_at_bottleneck,7595,8717,50456
100158748,1449,12,0,3229576588,first_affected_at_bottleneck,8532,8748,50456
100158752,1486,49,0,3229576588,arrival_at_bottleneck,7595,8752,50456
100158787,1450,13,0,3229576588,first_affected_at_bottleneck,8529,8787,50456
100158796,1502,0,0,2049771766,sender_rate_effect,3796,0,1748651688
100158826,1451,14,0,3229576588,first_affected_at_bottleneck,8524,8826,50456
100158865,1452,15,0,3229576588,first_affected_at_bottleneck,8530,8865,50456
100158890,1487,50,0,3229576588,arrival_at_bottleneck,7595,8890,50456
100158891,1489,52,0,3229576588,arrival_at_bottleneck,7595,8891,50456
100158904,1453,16,0,3229576588,first_affected_at_bottleneck,8533,8904,50456
100158929,1490,53,0,3229576588,arrival_at_bottleneck,7596,8929,50456
100158943,1454,17,0,3229576588,first_affected_at_bottleneck,8488,8943,50456
100158956,1491,54,0,3229576588,arrival_at_bottleneck,7595,8956,50456
100158968,1488,51,0,3229576588,arrival_at_bottleneck,7672,8968,50456
100158982,1455,18,0,3229576588,first_affected_at_bottleneck,8484,8982,50456
100158995,1492,55,0,3229576588,arrival_at_bottleneck,7623,8995,50456
100159002,1494,57,0,3229576588,arrival_at_bottleneck,7595,9002,50456
100159002,1496,59,0,3229576588,arrival_at_bottleneck,7595,9002,50456
100159007,1493,56,0,3229576588,arrival_at_bottleneck,7600,9007,50456
100159021,1456,19,0,3229576588,first_affected_at_bottleneck,8485,9021,50456
100159034,1497,60,0,3229576588,arrival_at_bottleneck,7627,9034,50456
100159041,1500,63,0,3229576588,arrival_at_bottleneck,7634,9041,50456
100159046,1495,58,0,3229576588,arrival_at_bottleneck,7639,9046,50456
100159060,1458,21,0,3229576588,first_affected_at_bottleneck,8489,9060,50456
100159073,1498,61,0,3229576588,arrival_at_bottleneck,7666,9073,50456
100159085,1501,64,0,3229576588,arrival_at_bottleneck,7678,9085,50456
100159099,1457,20,0,3229576588,first_affected_at_bottleneck,8563,9099,50456
100159112,1499,62,0,3229576588,arrival_at_bottleneck,7705,9112,50456
100159138,1459,22,0,3229576588,first_affected_at_bottleneck,8524,9138,50456
100159177,1460,23,0,3229576588,first_affected_at_bottleneck,8519,9177,50456
100159216,1461,24,0,3229576588,first_affected_at_bottleneck,8549,9216,50456
100159255,1462,25,0,3229576588,first_affected_at_bottleneck,8588,9255,50456
100159294,1463,26,0,3229576588,first_affected_at_bottleneck,8627,9294,50456
100159333,1469,32,0,3229576588,first_affected_at_bottleneck,8666,9333,50456
100159372,1467,30,0,3229576588,first_affected_at_bottleneck,8705,9372,50456
100159411,1466,29,0,3229576588,first_affected_at_bottleneck,8744,9411,50456
100159450,1468,31,0,3229576588,first_affected_at_bottleneck,8783,9450,50456
100159489,1471,34,0,3229576588,first_affected_at_bottleneck,8822,9489,50456
100159528,1470,33,0,3229576588,first_affected_at_bottleneck,8861,9528,50456
100159567,1472,35,0,3229576588,first_affected_at_bottleneck,8900,9567,50456
100159606,1474,37,0,3229576588,first_affected_at_bottleneck,8939,9606,50456
100159645,1476,39,0,3229576588,first_affected_at_bottleneck,8978,9645,50456
100159684,1475,38,0,3229576588,first_affected_at_bottleneck,9017,9684,50456
100159723,1464,27,0,3229576588,first_affected_at_bottleneck,9056,9723,50456
100159762,1465,28,0,3229576588,first_affected_at_bottleneck,9095,9762,50456
100159801,1473,36,0,3229576588,first_affected_at_bottleneck,9134,9801,50456
100159816,1438,1,0,3229576588,arrival_at_bottleneck,7595,9816,51408
100159816,1441,4,0,3229576588,arrival_at_bottleneck,7595,9816,51408
100159816,1443,6,0,3229576588,arrival_at_bottleneck,7595,9816,51408
100159840,1478,41,0,3229576588,first_affected_at_bottleneck,8950,9840,50456
100159855,1442,5,0,3229576588,arrival_at_bottleneck,7634,9855,51408
100159879,1477,40,0,3229576588,first_affected_at_bottleneck,9032,9879,50456
100159894,1439,2,0,3229576588,arrival_at_bottleneck,7673,9894,51408
100159918,1479,42,0,3229576588,first_affected_at_bottleneck,8998,9918,50456
100159933,1440,3,0,3229576588,arrival_at_bottleneck,7712,9933,51408
100159957,1480,43,0,3229576588,first_affected_at_bottleneck,9037,9957,50456
100159996,1481,44,0,3229576588,first_affected_at_bottleneck,9048,9996,50456
100160000,1503,0,2049771766,2034840236,rate_command,0,0,0
100160035,1482,45,0,3229576588,first_affected_at_bottleneck,9044,10035,50456
100160074,1483,46,0,3229576588,first_affected_at_bottleneck,9039,10074,50456
100160113,1484,47,0,3229576588,first_affected_at_bottleneck,9035,10113,50456
100160152,1485,48,0,3229576588,first_affected_at_bottleneck,9030,10152,50456
100160191,1486,49,0,3229576588,first_affected_at_bottleneck,9034,10191,50456
100160230,1487,50,0,3229576588,first_affected_at_bottleneck,8935,10230,50456
100160269,1489,52,0,3229576588,first_affected_at_bottleneck,8973,10269,50456
100160308,1490,53,0,3229576588,first_affected_at_bottleneck,8975,10308,50456
100160347,1491,54,0,3229576588,first_affected_at_bottleneck,8986,10347,50456
100160386,1488,51,0,3229576588,first_affected_at_bottleneck,9090,10386,50456
100160425,1492,55,0,3229576588,first_affected_at_bottleneck,9053,10425,50456
100160464,1494,57,0,3229576588,first_affected_at_bottleneck,9057,10464,50456
100160503,1496,59,0,3229576588,first_affected_at_bottleneck,9096,10503,50456
100160542,1493,56,0,3229576588,first_affected_at_bottleneck,9135,10542,50456
100160581,1497,60,0,3229576588,first_affected_at_bottleneck,9174,10581,50456
100160620,1500,63,0,3229576588,first_affected_at_bottleneck,9213,10620,50456
100160659,1495,58,0,3229576588,first_affected_at_bottleneck,9252,10659,50456
100160698,1498,61,0,3229576588,first_affected_at_bottleneck,9291,10698,50456
100160737,1501,64,0,3229576588,first_affected_at_bottleneck,9330,10737,50456
100160776,1499,62,0,3229576588,first_affected_at_bottleneck,9369,10776,50456
100160815,1438,1,0,3229576588,first_affected_at_bottleneck,8594,10815,51408
100160854,1441,4,0,3229576588,first_affected_at_bottleneck,8633,10854,51408
100160893,1443,6,0,3229576588,first_affected_at_bottleneck,8672,10893,51408
100160971,1442,5,0,3229576588,first_affected_at_bottleneck,8750,10971,51408
100161010,1439,2,0,3229576588,first_affected_at_bottleneck,8789,11010,51408
100161049,1440,3,0,3229576588,first_affected_at_bottleneck,8828,11049,51408
100162727,1503,0,0,2034840236,sender_rate_effect,2727,0,1748652640
100163766,1502,0,0,2049771766,arrival_at_bottleneck,4970,8766,1748651688
100165000,1504,0,2034840236,2024388165,rate_command,0,0,0
100165261,1502,0,0,2049771766,first_affected_at_bottleneck,6465,10261,1748651688
100166678,1504,0,0,2024388165,sender_rate_effect,1678,0,1748653592
100167717,1503,0,0,2034840236,arrival_at_bottleneck,4990,7717,1748652640
100168771,1503,0,0,2034840236,first_affected_at_bottleneck,6044,8771,1748652640
100170000,1505,0,2024388165,2017071715,rate_command,0,0,0
100170644,1505,0,0,2017071715,sender_rate_effect,644,0,1748654544
100171683,1504,0,0,2024388165,arrival_at_bottleneck,5005,6683,1748653592
100173412,1504,0,0,2024388165,first_affected_at_bottleneck,6734,8412,1748653592
100175649,1505,0,0,2017071715,arrival_at_bottleneck,5005,5649,1748654544
100176766,1505,0,0,2017071715,first_affected_at_bottleneck,6122,6766,1748654544
100730000,1506,0,2017071715,66000157670,rate_command,0,0,0
100730000,1506,0,0,66000157670,sender_rate_effect,0,0,1748789728
100731160,1506,0,0,66000157670,arrival_at_bottleneck,1160,1160,1748789728
100731160,1506,0,0,66000157670,first_affected_at_bottleneck,1160,1160,1748789728
100735000,1507,0,66000157670,104070093813,rate_command,0,0,0
100735037,1507,0,0,104070093813,sender_rate_effect,37,0,1748829712
100736152,1507,0,0,104070093813,arrival_at_bottleneck,1115,1152,1748829712
100736152,1507,0,0,104070093813,first_affected_at_bottleneck,1115,1152,1748829712
100740000,1508,0,104070093813,126721705818,rate_command,0,0,0
100740040,1508,0,0,126721705818,sender_rate_effect,40,0,1748892544
100741142,1508,0,0,126721705818,arrival_at_bottleneck,1102,1142,1748892544
100741142,1508,0,0,126721705818,first_affected_at_bottleneck,1102,1142,1748892544
100745000,1509,0,126721705818,140199414961,rate_command,0,0,0
100745011,1509,0,0,140199414961,sender_rate_effect,11,0,1748967752
100746107,1509,0,0,140199414961,arrival_at_bottleneck,1096,1107,1748967752
100746107,1509,0,0,140199414961,first_affected_at_bottleneck,1096,1107,1748967752
100750000,1510,0,140199414961,148218651901,rate_command,0,0,0
100750023,1510,0,0,148218651901,sender_rate_effect,23,0,1749051528
100751115,1510,0,0,148218651901,arrival_at_bottleneck,1092,1115,1749051528
100751115,1510,0,0,148218651901,first_affected_at_bottleneck,1092,1115,1749051528
100755000,1511,0,148218651901,152990097881,rate_command,0,0,0
100755004,1511,0,0,152990097881,sender_rate_effect,4,0,1749141016
100756095,1511,0,0,152990097881,arrival_at_bottleneck,1091,1095,1749141016
100756095,1511,0,0,152990097881,first_affected_at_bottleneck,1091,1095,1749141016
100760000,1512,0,152990097881,155829108239,rate_command,0,0,0
100760047,1512,0,0,155829108239,sender_rate_effect,47,0,1749233360
100761137,1512,0,0,155829108239,arrival_at_bottleneck,1090,1137,1749233360
100761137,1512,0,0,155829108239,first_affected_at_bottleneck,1090,1137,1749233360
100765000,1513,0,155829108239,157518319402,rate_command,0,0,0
100765044,1513,0,0,157518319402,sender_rate_effect,44,0,1749326656
100766133,1513,0,0,157518319402,arrival_at_bottleneck,1089,1133,1749326656
100766133,1513,0,0,157518319402,first_affected_at_bottleneck,1089,1133,1749326656
100770000,1514,0,157518319402,158523400044,rate_command,0,0,0
100770044,1514,0,0,158523400044,sender_rate_effect,44,0,1749421856
100771133,1514,0,0,158523400044,arrival_at_bottleneck,1089,1133,1749421856
100771133,1514,0,0,158523400044,first_affected_at_bottleneck,1089,1133,1749421856
0,0,0,0,0,counters_unmatched_0_superseded_0_negative_0,0,0,0
0,0,0,0,0,counters_pending_0_inflight_0,0,0,0
