time,flow_id,round_id,phase,snd_nxt,snd_una,released_bytes,current_rate,feedback_origin_round,feedback_class
0.002,0,-1,WAIT_RELEASE,0,0,0,0,-1,0
0.00202,0,-1,WAIT_RELEASE,0,0,0,200000000000,-1,0
0.00204,0,-1,WAIT_RELEASE,0,0,0,200000000000,-1,0
0.00206,0,-1,WAIT_RELEASE,0,0,0,200000000000,-1,0
0.00208,0,-1,WAIT_RELEASE,0,0,0,200000000000,-1,0
0.0021,0,-1,WAIT_RELEASE,0,0,0,200000000000,-1,0
0.00212,0,-1,WAIT_RELEASE,0,0,0,200000000000,-1,0
0.00214,0,-1,WAIT_RELEASE,0,0,0,200000000000,-1,0
0.00216,0,-1,WAIT_RELEASE,0,0,0,200000000000,-1,0
0.00218,0,-1,WAIT_RELEASE,0,0,0,200000000000,-1,0
0.0022,0,-1,WAIT_RELEASE,0,0,0,200000000000,-1,0
0.00222,0,-1,WAIT_RELEASE,0,0,0,200000000000,-1,0
0.00224,0,-1,WAIT_RELEASE,0,0,0,200000000000,-1,0
0.00226,0,-1,WAIT_RELEASE,0,0,0,200000000000,-1,0
0.00228,0,-1,WAIT_RELEASE,0,0,0,200000000000,-1,0
0.0023,0,-1,WAIT_RELEASE,0,0,0,200000000000,-1,0
0.00232,0,-1,WAIT_RELEASE,0,0,0,200000000000,-1,0
0.00234,0,-1,WAIT_RELEASE,0,0,0,200000000000,-1,0
0.00236,0,-1,WAIT_RELEASE,0,0,0,200000000000,-1,0
0.00238,0,-1,WAIT_RELEASE,0,0,0,200000000000,-1,0
0.0024,0,-1,WAIT_RELEASE,0,0,0,200000000000,-1,0
0.00242,0,-1,WAIT_RELEASE,0,0,0,200000000000,-1,0
0.00244,0,-1,WAIT_RELEASE,0,0,0,200000000000,-1,0
0.00246,0,-1,WAIT_RELEASE,0,0,0,200000000000,-1,0
0.00248,0,-1,WAIT_RELEASE,0,0,0,200000000000,-1,0
0.0025,0,-1,WAIT_RELEASE,0,0,0,200000000000,-1,0
0.00252,0,-1,WAIT_RELEASE,0,0,0,200000000000,-1,0
0.00254,0,-1,WAIT_RELEASE,0,0,0,200000000000,-1,0
0.00256,0,-1,WAIT_RELEASE,0,0,0,200000000000,-1,0
0.00258,0,-1,WAIT_RELEASE,0,0,0,200000000000,-1,0
0.0026,0,-1,WAIT_RELEASE,0,0,0,200000000000,-1,0
0.00262,0,-1,WAIT_RELEASE,0,0,0,200000000000,-1,0
0.00264,0,-1,WAIT_RELEASE,0,0,0,200000000000,-1,0
0.00266,0,-1,WAIT_RELEASE,0,0,0,200000000000,-1,0
0.00268,0,-1,WAIT_RELEASE,0,0,0,200000000000,-1,0
0.0027,0,-1,WAIT_RELEASE,0,0,0,200000000000,-1,0
0.00272,0,-1,WAIT_RELEASE,0,0,0,200000000000,-1,0
0.00274,0,-1,WAIT_RELEASE,0,0,0,200000000000,-1,0
0.00276,0,-1,WAIT_RELEASE,0,0,0,200000000000,-1,0
0.00278,0,-1,WAIT_RELEASE,0,0,0,200000000000,-1,0
0.0028,0,-1,WAIT_RELEASE,0,0,0,200000000000,-1,0
0.00282,0,-1,WAIT_RELEASE,0,0,0,200000000000,-1,0
0.00284,0,-1,WAIT_RELEASE,0,0,0,200000000000,-1,0
0.00286,0,-1,WAIT_RELEASE,0,0,0,200000000000,-1,0
0.00288,0,-1,WAIT_RELEASE,0,0,0,200000000000,-1,0
0.0029,0,-1,WAIT_RELEASE,0,0,0,200000000000,-1,0
0.00292,0,-1,WAIT_RELEASE,0,0,0,200000000000,-1,0
0.00294,0,-1,WAIT_RELEASE,0,0,0,200000000000,-1,0
0.00296,0,-1,WAIT_RELEASE,0,0,0,200000000000,-1,0
0.00298,0,-1,WAIT_RELEASE,0,0,0,200000000000,-1,0
0.003,0,-1,WAIT_RELEASE,0,0,0,200000000000,-1,0
0.00302,0,-1,WAIT_RELEASE,0,0,0,200000000000,-1,0
0.00304,0,-1,WAIT_RELEASE,0,0,0,200000000000,-1,0
0.00306,0,-1,WAIT_RELEASE,0,0,0,200000000000,-1,0
0.00308,0,-1,WAIT_RELEASE,0,0,0,200000000000,-1,0
0.0031,0,-1,WAIT_RELEASE,0,0,0,200000000000,-1,0
0.00312,0,-1,WAIT_RELEASE,0,0,0,200000000000,-1,0
0.00314,0,-1,WAIT_RELEASE,0,0,0,200000000000,-1,0
0.00316,0,-1,WAIT_RELEASE,0,0,0,200000000000,-1,0
0.00318,0,-1,WAIT_RELEASE,0,0,0,200000000000,-1,0
0.0032,0,-1,WAIT_RELEASE,0,0,0,200000000000,-1,0
0.00322,0,-1,WAIT_RELEASE,0,0,0,200000000000,-1,0
0.00324,0,-1,WAIT_RELEASE,0,0,0,200000000000,-1,0
0.00326,0,-1,WAIT_RELEASE,0,0,0,200000000000,-1,0
0.00328,0,-1,WAIT_RELEASE,0,0,0,200000000000,-1,0
0.0033,0,-1,WAIT_RELEASE,0,0,0,200000000000,-1,0
0.00332,0,-1,WAIT_RELEASE,0,0,0,200000000000,-1,0
0.00334,0,-1,WAIT_RELEASE,0,0,0,200000000000,-1,0
0.00336,0,-1,WAIT_RELEASE,0,0,0,200000000000,-1,0
0.00338,0,-1,WAIT_RELEASE,0,0,0,200000000000,-1,0
0.0034,0,-1,WAIT_RELEASE,0,0,0,200000000000,-1,0
0.00342,0,-1,WAIT_RELEASE,0,0,0,200000000000,-1,0
0.00344,0,-1,WAIT_RELEASE,0,0,0,200000000000,-1,0
0.00346,0,-1,WAIT_RELEASE,0,0,0,200000000000,-1,0
0.00348,0,-1,WAIT_RELEASE,0,0,0,200000000000,-1,0
0.0035,0,-1,WAIT_RELEASE,0,0,0,200000000000,-1,0
0.00352,0,-1,WAIT_RELEASE,0,0,0,200000000000,-1,0
0.00354,0,-1,WAIT_RELEASE,0,0,0,200000000000,-1,0
0.00356,0,-1,WAIT_RELEASE,0,0,0,200000000000,-1,0
0.00358,0,-1,WAIT_RELEASE,0,0,0,200000000000,-1,0
0.0036,0,-1,WAIT_RELEASE,0,0,0,200000000000,-1,0
0.00362,0,-1,WAIT_RELEASE,0,0,0,200000000000,-1,0
0.00364,0,-1,WAIT_RELEASE,0,0,0,200000000000,-1,0
0.00366,0,-1,WAIT_RELEASE,0,0,0,200000000000,-1,0
0.00368,0,-1,WAIT_RELEASE,0,0,0,200000000000,-1,0
0.0037,0,-1,WAIT_RELEASE,0,0,0,200000000000,-1,0
0.00372,0,-1,WAIT_RELEASE,0,0,0,200000000000,-1,0
0.00374,0,-1,WAIT_RELEASE,0,0,0,200000000000,-1,0
0.00376,0,-1,WAIT_RELEASE,0,0,0,200000000000,-1,0
0.00378,0,-1,WAIT_RELEASE,0,0,0,200000000000,-1,0
0.0038,0,-1,WAIT_RELEASE,0,0,0,200000000000,-1,0
0.00382,0,-1,WAIT_RELEASE,0,0,0,200000000000,-1,0
0.00384,0,-1,WAIT_RELEASE,0,0,0,200000000000,-1,0
0.00386,0,-1,WAIT_RELEASE,0,0,0,200000000000,-1,0
0.00388,0,-1,WAIT_RELEASE,0,0,0,200000000000,-1,0
0.0039,0,-1,WAIT_RELEASE,0,0,0,200000000000,-1,0
0.00392,0,-1,WAIT_RELEASE,0,0,0,200000000000,-1,0
0.00394,0,-1,WAIT_RELEASE,0,0,0,200000000000,-1,0
0.00396,0,-1,WAIT_RELEASE,0,0,0,200000000000,-1,0
0.00398,0,-1,WAIT_RELEASE,0,0,0,200000000000,-1,0
0.004,0,-1,WAIT_RELEASE,0,0,0,200000000000,-1,0
0.00402,0,-1,WAIT_RELEASE,0,0,0,200000000000,-1,0
0.00404,0,-1,WAIT_RELEASE,0,0,0,200000000000,-1,0
0.00406,0,-1,WAIT_RELEASE,0,0,0,200000000000,-1,0
0.00408,0,-1,WAIT_RELEASE,0,0,0,200000000000,-1,0
0.0041,0,-1,WAIT_RELEASE,0,0,0,200000000000,-1,0
0.00412,0,-1,WAIT_RELEASE,0,0,0,200000000000,-1,0
0.00414,0,-1,WAIT_RELEASE,0,0,0,200000000000,-1,0
0.00416,0,-1,WAIT_RELEASE,0,0,0,200000000000,-1,0
0.00418,0,-1,WAIT_RELEASE,0,0,0,200000000000,-1,0
0.0042,0,-1,WAIT_RELEASE,0,0,0,200000000000,-1,0
0.00422,0,-1,WAIT_RELEASE,0,0,0,200000000000,-1,0
0.00424,0,-1,WAIT_RELEASE,0,0,0,200000000000,-1,0
0.00426,0,-1,WAIT_RELEASE,0,0,0,200000000000,-1,0
0.00428,0,-1,WAIT_RELEASE,0,0,0,200000000000,-1,0
0.0043,0,-1,WAIT_RELEASE,0,0,0,200000000000,-1,0
0.00432,0,-1,WAIT_RELEASE,0,0,0,200000000000,-1,0
0.00434,0,-1,WAIT_RELEASE,0,0,0,200000000000,-1,0
0.00436,0,-1,WAIT_RELEASE,0,0,0,200000000000,-1,0
0.00438,0,-1,WAIT_RELEASE,0,0,0,200000000000,-1,0
0.0044,0,-1,WAIT_RELEASE,0,0,0,200000000000,-1,0
0.00442,0,-1,WAIT_RELEASE,0,0,0,200000000000,-1,0
0.00444,0,-1,WAIT_RELEASE,0,0,0,200000000000,-1,0
0.00446,0,-1,WAIT_RELEASE,0,0,0,200000000000,-1,0
0.00448,0,-1,WAIT_RELEASE,0,0,0,200000000000,-1,0
0.0045,0,-1,WAIT_RELEASE,0,0,0,200000000000,-1,0
0.00452,0,-1,WAIT_RELEASE,0,0,0,200000000000,-1,0
0.00454,0,-1,WAIT_RELEASE,0,0,0,200000000000,-1,0
0.00456,0,-1,WAIT_RELEASE,0,0,0,200000000000,-1,0
0.00458,0,-1,WAIT_RELEASE,0,0,0,200000000000,-1,0
0.0046,0,-1,WAIT_RELEASE,0,0,0,200000000000,-1,0
0.00462,0,-1,WAIT_RELEASE,0,0,0,200000000000,-1,0
0.00464,0,-1,WAIT_RELEASE,0,0,0,200000000000,-1,0
0.00466,0,-1,WAIT_RELEASE,0,0,0,200000000000,-1,0
0.00468,0,-1,WAIT_RELEASE,0,0,0,200000000000,-1,0
0.0047,0,-1,WAIT_RELEASE,0,0,0,200000000000,-1,0
0.00472,0,-1,WAIT_RELEASE,0,0,0,200000000000,-1,0
0.00474,0,-1,WAIT_RELEASE,0,0,0,200000000000,-1,0
0.00476,0,-1,WAIT_RELEASE,0,0,0,200000000000,-1,0
0.00478,0,-1,WAIT_RELEASE,0,0,0,200000000000,-1,0
0.0048,0,-1,WAIT_RELEASE,0,0,0,200000000000,-1,0
0.00482,0,-1,WAIT_RELEASE,0,0,0,200000000000,-1,0
0.00484,0,-1,WAIT_RELEASE,0,0,0,200000000000,-1,0
0.00486,0,-1,WAIT_RELEASE,0,0,0,200000000000,-1,0
0.00488,0,-1,WAIT_RELEASE,0,0,0,200000000000,-1,0
0.0049,0,-1,WAIT_RELEASE,0,0,0,200000000000,-1,0
0.00492,0,-1,WAIT_RELEASE,0,0,0,200000000000,-1,0
0.00494,0,-1,WAIT_RELEASE,0,0,0,200000000000,-1,0
0.00496,0,-1,WAIT_RELEASE,0,0,0,200000000000,-1,0
0.00498,0,-1,WAIT_RELEASE,0,0,0,200000000000,-1,0
0.005,0,-1,WAIT_RELEASE,0,0,0,200000000000,-1,0
0.00502,0,-1,WAIT_RELEASE,0,0,0,200000000000,-1,0
0.00504,0,-1,WAIT_RELEASE,0,0,0,200000000000,-1,0
0.00506,0,-1,WAIT_RELEASE,0,0,0,200000000000,-1,0
0.00508,0,-1,WAIT_RELEASE,0,0,0,200000000000,-1,0
0.0051,0,-1,WAIT_RELEASE,0,0,0,200000000000,-1,0
0.00512,0,-1,WAIT_RELEASE,0,0,0,200000000000,-1,0
0.00514,0,-1,WAIT_RELEASE,0,0,0,200000000000,-1,0
0.00516,0,-1,WAIT_RELEASE,0,0,0,200000000000,-1,0
0.00518,0,-1,WAIT_RELEASE,0,0,0,200000000000,-1,0
0.0052,0,-1,WAIT_RELEASE,0,0,0,200000000000,-1,0
0.00522,0,-1,WAIT_RELEASE,0,0,0,200000000000,-1,0
0.00524,0,-1,WAIT_RELEASE,0,0,0,200000000000,-1,0
0.00526,0,-1,WAIT_RELEASE,0,0,0,200000000000,-1,0
0.00528,0,-1,WAIT_RELEASE,0,0,0,200000000000,-1,0
0.0053,0,-1,WAIT_RELEASE,0,0,0,200000000000,-1,0
0.00532,0,-1,WAIT_RELEASE,0,0,0,200000000000,-1,0
0.00534,0,-1,WAIT_RELEASE,0,0,0,200000000000,-1,0
0.00536,0,-1,WAIT_RELEASE,0,0,0,200000000000,-1,0
0.00538,0,-1,WAIT_RELEASE,0,0,0,200000000000,-1,0
0.0054,0,-1,WAIT_RELEASE,0,0,0,200000000000,-1,0
0.00542,0,-1,WAIT_RELEASE,0,0,0,200000000000,-1,0
0.00544,0,-1,WAIT_RELEASE,0,0,0,200000000000,-1,0
0.00546,0,-1,WAIT_RELEASE,0,0,0,200000000000,-1,0
0.00548,0,-1,WAIT_RELEASE,0,0,0,200000000000,-1,0
0.0055,0,-1,WAIT_RELEASE,0,0,0,200000000000,-1,0
0.00552,0,-1,WAIT_RELEASE,0,0,0,200000000000,-1,0
0.00554,0,-1,WAIT_RELEASE,0,0,0,200000000000,-1,0
0.00556,0,-1,WAIT_RELEASE,0,0,0,200000000000,-1,0
0.00558,0,-1,WAIT_RELEASE,0,0,0,200000000000,-1,0
0.0056,0,-1,WAIT_RELEASE,0,0,0,200000000000,-1,0
0.00562,0,-1,WAIT_RELEASE,0,0,0,200000000000,-1,0
0.00564,0,-1,WAIT_RELEASE,0,0,0,200000000000,-1,0
0.00566,0,-1,WAIT_RELEASE,0,0,0,200000000000,-1,0
0.00568,0,-1,WAIT_RELEASE,0,0,0,200000000000,-1,0
0.0057,0,-1,WAIT_RELEASE,0,0,0,200000000000,-1,0
0.00572,0,-1,WAIT_RELEASE,0,0,0,200000000000,-1,0
0.00574,0,-1,WAIT_RELEASE,0,0,0,200000000000,-1,0
0.00576,0,-1,WAIT_RELEASE,0,0,0,200000000000,-1,0
0.00578,0,-1,WAIT_RELEASE,0,0,0,200000000000,-1,0
0.0058,0,-1,WAIT_RELEASE,0,0,0,200000000000,-1,0
0.00582,0,-1,WAIT_RELEASE,0,0,0,200000000000,-1,0
0.00584,0,-1,WAIT_RELEASE,0,0,0,200000000000,-1,0
0.00586,0,-1,WAIT_RELEASE,0,0,0,200000000000,-1,0
0.00588,0,-1,WAIT_RELEASE,0,0,0,200000000000,-1,0
0.0059,0,-1,WAIT_RELEASE,0,0,0,200000000000,-1,0
0.00592,0,-1,WAIT_RELEASE,0,0,0,200000000000,-1,0
0.00594,0,-1,WAIT_RELEASE,0,0,0,200000000000,-1,0
0.00596,0,-1,WAIT_RELEASE,0,0,0,200000000000,-1,0
0.00598,0,-1,WAIT_RELEASE,0,0,0,200000000000,-1,0
0.006,0,-1,WAIT_RELEASE,0,0,0,200000000000,-1,0
0.00602,0,-1,WAIT_RELEASE,0,0,0,200000000000,-1,0
0.00604,0,-1,WAIT_RELEASE,0,0,0,200000000000,-1,0
0.00606,0,-1,WAIT_RELEASE,0,0,0,200000000000,-1,0
0.00608,0,-1,WAIT_RELEASE,0,0,0,200000000000,-1,0
0.0061,0,-1,WAIT_RELEASE,0,0,0,200000000000,-1,0
0.00612,0,-1,WAIT_RELEASE,0,0,0,200000000000,-1,0
0.00614,0,-1,WAIT_RELEASE,0,0,0,200000000000,-1,0
0.00616,0,-1,WAIT_RELEASE,0,0,0,200000000000,-1,0
0.00618,0,-1,WAIT_RELEASE,0,0,0,200000000000,-1,0
0.0062,0,-1,WAIT_RELEASE,0,0,0,200000000000,-1,0
0.00622,0,-1,WAIT_RELEASE,0,0,0,200000000000,-1,0
0.00624,0,-1,WAIT_RELEASE,0,0,0,200000000000,-1,0
0.00626,0,-1,WAIT_RELEASE,0,0,0,200000000000,-1,0
0.00628,0,-1,WAIT_RELEASE,0,0,0,200000000000,-1,0
0.0063,0,-1,WAIT_RELEASE,0,0,0,200000000000,-1,0
0.00632,0,-1,WAIT_RELEASE,0,0,0,200000000000,-1,0
0.00634,0,-1,WAIT_RELEASE,0,0,0,200000000000,-1,0
0.00636,0,-1,WAIT_RELEASE,0,0,0,200000000000,-1,0
0.00638,0,-1,WAIT_RELEASE,0,0,0,200000000000,-1,0
0.0064,0,-1,WAIT_RELEASE,0,0,0,200000000000,-1,0
0.00642,0,-1,WAIT_RELEASE,0,0,0,200000000000,-1,0
0.00644,0,-1,WAIT_RELEASE,0,0,0,200000000000,-1,0
0.00646,0,-1,WAIT_RELEASE,0,0,0,200000000000,-1,0
0.00648,0,-1,WAIT_RELEASE,0,0,0,200000000000,-1,0
0.0065,0,-1,WAIT_RELEASE,0,0,0,200000000000,-1,0
0.00652,0,-1,WAIT_RELEASE,0,0,0,200000000000,-1,0
0.00654,0,-1,WAIT_RELEASE,0,0,0,200000000000,-1,0
0.00656,0,-1,WAIT_RELEASE,0,0,0,200000000000,-1,0
0.00658,0,-1,WAIT_RELEASE,0,0,0,200000000000,-1,0
0.0066,0,-1,WAIT_RELEASE,0,0,0,200000000000,-1,0
0.00662,0,-1,WAIT_RELEASE,0,0,0,200000000000,-1,0
0.00664,0,-1,WAIT_RELEASE,0,0,0,200000000000,-1,0
0.00666,0,-1,WAIT_RELEASE,0,0,0,200000000000,-1,0
0.00668,0,-1,WAIT_RELEASE,0,0,0,200000000000,-1,0
0.0067,0,-1,WAIT_RELEASE,0,0,0,200000000000,-1,0
0.00672,0,-1,WAIT_RELEASE,0,0,0,200000000000,-1,0
0.00674,0,-1,WAIT_RELEASE,0,0,0,200000000000,-1,0
0.00676,0,-1,WAIT_RELEASE,0,0,0,200000000000,-1,0
0.00678,0,-1,WAIT_RELEASE,0,0,0,200000000000,-1,0
0.0068,0,-1,WAIT_RELEASE,0,0,0,200000000000,-1,0
0.00682,0,-1,WAIT_RELEASE,0,0,0,200000000000,-1,0
0.00684,0,-1,WAIT_RELEASE,0,0,0,200000000000,-1,0
0.00686,0,-1,WAIT_RELEASE,0,0,0,200000000000,-1,0
0.00688,0,-1,WAIT_RELEASE,0,0,0,200000000000,-1,0
0.0069,0,-1,WAIT_RELEASE,0,0,0,200000000000,-1,0
0.00692,0,-1,WAIT_RELEASE,0,0,0,200000000000,-1,0
0.00694,0,-1,WAIT_RELEASE,0,0,0,200000000000,-1,0
0.00696,0,-1,WAIT_RELEASE,0,0,0,200000000000,-1,0
0.00698,0,-1,WAIT_RELEASE,0,0,0,200000000000,-1,0
0.007,0,-1,WAIT_RELEASE,0,0,0,200000000000,-1,0
0.00702,0,-1,WAIT_RELEASE,0,0,0,200000000000,-1,0
0.00704,0,-1,WAIT_RELEASE,0,0,0,200000000000,-1,0
0.00706,0,-1,WAIT_RELEASE,0,0,0,200000000000,-1,0
0.00708,0,-1,WAIT_RELEASE,0,0,0,200000000000,-1,0
0.0071,0,-1,WAIT_RELEASE,0,0,0,200000000000,-1,0
0.00712,0,-1,WAIT_RELEASE,0,0,0,200000000000,-1,0
0.00714,0,-1,WAIT_RELEASE,0,0,0,200000000000,-1,0
0.00716,0,-1,WAIT_RELEASE,0,0,0,200000000000,-1,0
0.00718,0,-1,WAIT_RELEASE,0,0,0,200000000000,-1,0
0.0072,0,-1,WAIT_RELEASE,0,0,0,200000000000,-1,0
0.00722,0,-1,WAIT_RELEASE,0,0,0,200000000000,-1,0
0.00724,0,-1,WAIT_RELEASE,0,0,0,200000000000,-1,0
0.00726,0,-1,WAIT_RELEASE,0,0,0,200000000000,-1,0
0.00728,0,-1,WAIT_RELEASE,0,0,0,200000000000,-1,0
0.0073,0,-1,WAIT_RELEASE,0,0,0,200000000000,-1,0
0.00732,0,-1,WAIT_RELEASE,0,0,0,200000000000,-1,0
0.00734,0,-1,WAIT_RELEASE,0,0,0,200000000000,-1,0
0.00736,0,-1,WAIT_RELEASE,0,0,0,200000000000,-1,0
0.00738,0,-1,WAIT_RELEASE,0,0,0,200000000000,-1,0
0.0074,0,-1,WAIT_RELEASE,0,0,0,200000000000,-1,0
0.00742,0,-1,WAIT_RELEASE,0,0,0,200000000000,-1,0
0.00744,0,-1,WAIT_RELEASE,0,0,0,200000000000,-1,0
0.00746,0,-1,WAIT_RELEASE,0,0,0,200000000000,-1,0
0.00748,0,-1,WAIT_RELEASE,0,0,0,200000000000,-1,0
0.0075,0,-1,WAIT_RELEASE,0,0,0,200000000000,-1,0
0.00752,0,-1,WAIT_RELEASE,0,0,0,200000000000,-1,0
0.00754,0,-1,WAIT_RELEASE,0,0,0,200000000000,-1,0
0.00756,0,-1,WAIT_RELEASE,0,0,0,200000000000,-1,0
0.00758,0,-1,WAIT_RELEASE,0,0,0,200000000000,-1,0
0.0076,0,-1,WAIT_RELEASE,0,0,0,200000000000,-1,0
0.00762,0,-1,WAIT_RELEASE,0,0,0,200000000000,-1,0
0.00764,0,-1,WAIT_RELEASE,0,0,0,200000000000,-1,0
0.00766,0,-1,WAIT_RELEASE,0,0,0,200000000000,-1,0
0.00768,0,-1,WAIT_RELEASE,0,0,0,200000000000,-1,0
0.0077,0,-1,WAIT_RELEASE,0,0,0,200000000000,-1,0
0.00772,0,-1,WAIT_RELEASE,0,0,0,200000000000,-1,0
0.00774,0,-1,WAIT_RELEASE,0,0,0,200000000000,-1,0
0.00776,0,-1,WAIT_RELEASE,0,0,0,200000000000,-1,0
0.00778,0,-1,WAIT_RELEASE,0,0,0,200000000000,-1,0
0.0078,0,-1,WAIT_RELEASE,0,0,0,200000000000,-1,0
0.00782,0,-1,WAIT_RELEASE,0,0,0,200000000000,-1,0
0.00784,0,-1,WAIT_RELEASE,0,0,0,200000000000,-1,0
0.00786,0,-1,WAIT_RELEASE,0,0,0,200000000000,-1,0
0.00788,0,-1,WAIT_RELEASE,0,0,0,200000000000,-1,0
0.0079,0,-1,WAIT_RELEASE,0,0,0,200000000000,-1,0
0.00792,0,-1,WAIT_RELEASE,0,0,0,200000000000,-1,0
0.00794,0,-1,WAIT_RELEASE,0,0,0,200000000000,-1,0
0.00796,0,-1,WAIT_RELEASE,0,0,0,200000000000,-1,0
0.00798,0,-1,WAIT_RELEASE,0,0,0,200000000000,-1,0
0.008,0,-1,WAIT_RELEASE,0,0,0,200000000000,-1,0
0.00802,0,-1,WAIT_RELEASE,0,0,0,200000000000,-1,0
0.00804,0,-1,WAIT_RELEASE,0,0,0,200000000000,-1,0
0.00806,0,-1,WAIT_RELEASE,0,0,0,200000000000,-1,0
0.00808,0,-1,WAIT_RELEASE,0,0,0,200000000000,-1,0
0.0081,0,-1,WAIT_RELEASE,0,0,0,200000000000,-1,0
0.00812,0,-1,WAIT_RELEASE,0,0,0,200000000000,-1,0
0.00814,0,-1,WAIT_RELEASE,0,0,0,200000000000,-1,0
0.00816,0,-1,WAIT_RELEASE,0,0,0,200000000000,-1,0
0.00818,0,-1,WAIT_RELEASE,0,0,0,200000000000,-1,0
0.0082,0,-1,WAIT_RELEASE,0,0,0,200000000000,-1,0
0.00822,0,-1,WAIT_RELEASE,0,0,0,200000000000,-1,0
0.00824,0,-1,WAIT_RELEASE,0,0,0,200000000000,-1,0
0.00826,0,-1,WAIT_RELEASE,0,0,0,200000000000,-1,0
0.00828,0,-1,WAIT_RELEASE,0,0,0,200000000000,-1,0
0.0083,0,-1,WAIT_RELEASE,0,0,0,200000000000,-1,0
0.00832,0,-1,WAIT_RELEASE,0,0,0,200000000000,-1,0
0.00834,0,-1,WAIT_RELEASE,0,0,0,200000000000,-1,0
0.00836,0,-1,WAIT_RELEASE,0,0,0,200000000000,-1,0
0.00838,0,-1,WAIT_RELEASE,0,0,0,200000000000,-1,0
0.0084,0,-1,WAIT_RELEASE,0,0,0,200000000000,-1,0
0.00842,0,-1,WAIT_RELEASE,0,0,0,200000000000,-1,0
0.00844,0,-1,WAIT_RELEASE,0,0,0,200000000000,-1,0
0.00846,0,-1,WAIT_RELEASE,0,0,0,200000000000,-1,0
0.00848,0,-1,WAIT_RELEASE,0,0,0,200000000000,-1,0
0.0085,0,-1,WAIT_RELEASE,0,0,0,200000000000,-1,0
0.00852,0,-1,WAIT_RELEASE,0,0,0,200000000000,-1,0
0.00854,0,-1,WAIT_RELEASE,0,0,0,200000000000,-1,0
0.00856,0,-1,WAIT_RELEASE,0,0,0,200000000000,-1,0
0.00858,0,-1,WAIT_RELEASE,0,0,0,200000000000,-1,0
0.0086,0,-1,WAIT_RELEASE,0,0,0,200000000000,-1,0
0.00862,0,-1,WAIT_RELEASE,0,0,0,200000000000,-1,0
0.00864,0,-1,WAIT_RELEASE,0,0,0,200000000000,-1,0
0.00866,0,-1,WAIT_RELEASE,0,0,0,200000000000,-1,0
0.00868,0,-1,WAIT_RELEASE,0,0,0,200000000000,-1,0
0.0087,0,-1,WAIT_RELEASE,0,0,0,200000000000,-1,0
0.00872,0,-1,WAIT_RELEASE,0,0,0,200000000000,-1,0
0.00874,0,-1,WAIT_RELEASE,0,0,0,200000000000,-1,0
0.00876,0,-1,WAIT_RELEASE,0,0,0,200000000000,-1,0
0.00878,0,-1,WAIT_RELEASE,0,0,0,200000000000,-1,0
0.0088,0,-1,WAIT_RELEASE,0,0,0,200000000000,-1,0
0.00882,0,-1,WAIT_RELEASE,0,0,0,200000000000,-1,0
0.00884,0,-1,WAIT_RELEASE,0,0,0,200000000000,-1,0
0.00886,0,-1,WAIT_RELEASE,0,0,0,200000000000,-1,0
0.00888,0,-1,WAIT_RELEASE,0,0,0,200000000000,-1,0
0.0089,0,-1,WAIT_RELEASE,0,0,0,200000000000,-1,0
0.00892,0,-1,WAIT_RELEASE,0,0,0,200000000000,-1,0
0.00894,0,-1,WAIT_RELEASE,0,0,0,200000000000,-1,0
0.00896,0,-1,WAIT_RELEASE,0,0,0,200000000000,-1,0
0.00898,0,-1,WAIT_RELEASE,0,0,0,200000000000,-1,0
0.009,0,-1,WAIT_RELEASE,0,0,0,200000000000,-1,0
0.00902,0,-1,WAIT_RELEASE,0,0,0,200000000000,-1,0
0.00904,0,-1,WAIT_RELEASE,0,0,0,200000000000,-1,0
0.00906,0,-1,WAIT_RELEASE,0,0,0,200000000000,-1,0
0.00908,0,-1,WAIT_RELEASE,0,0,0,200000000000,-1,0
0.0091,0,-1,WAIT_RELEASE,0,0,0,200000000000,-1,0
0.00912,0,-1,WAIT_RELEASE,0,0,0,200000000000,-1,0
0.00914,0,-1,WAIT_RELEASE,0,0,0,200000000000,-1,0
0.00916,0,-1,WAIT_RELEASE,0,0,0,200000000000,-1,0
0.00918,0,-1,WAIT_RELEASE,0,0,0,200000000000,-1,0
0.0092,0,-1,WAIT_RELEASE,0,0,0,200000000000,-1,0
0.00922,0,-1,WAIT_RELEASE,0,0,0,200000000000,-1,0
0.00924,0,-1,WAIT_RELEASE,0,0,0,200000000000,-1,0
0.00926,0,-1,WAIT_RELEASE,0,0,0,200000000000,-1,0
0.00928,0,-1,WAIT_RELEASE,0,0,0,200000000000,-1,0
0.0093,0,-1,WAIT_RELEASE,0,0,0,200000000000,-1,0
0.00932,0,-1,WAIT_RELEASE,0,0,0,200000000000,-1,0
0.00934,0,-1,WAIT_RELEASE,0,0,0,200000000000,-1,0
0.00936,0,-1,WAIT_RELEASE,0,0,0,200000000000,-1,0
0.00938,0,-1,WAIT_RELEASE,0,0,0,200000000000,-1,0
0.0094,0,-1,WAIT_RELEASE,0,0,0,200000000000,-1,0
0.00942,0,-1,WAIT_RELEASE,0,0,0,200000000000,-1,0
0.00944,0,-1,WAIT_RELEASE,0,0,0,200000000000,-1,0
0.00946,0,-1,WAIT_RELEASE,0,0,0,200000000000,-1,0
0.00948,0,-1,WAIT_RELEASE,0,0,0,200000000000,-1,0
0.0095,0,-1,WAIT_RELEASE,0,0,0,200000000000,-1,0
0.00952,0,-1,WAIT_RELEASE,0,0,0,200000000000,-1,0
0.00954,0,-1,WAIT_RELEASE,0,0,0,200000000000,-1,0
0.00956,0,-1,WAIT_RELEASE,0,0,0,200000000000,-1,0
0.00958,0,-1,WAIT_RELEASE,0,0,0,200000000000,-1,0
0.0096,0,-1,WAIT_RELEASE,0,0,0,200000000000,-1,0
0.00962,0,-1,WAIT_RELEASE,0,0,0,200000000000,-1,0
0.00964,0,-1,WAIT_RELEASE,0,0,0,200000000000,-1,0
0.00966,0,-1,WAIT_RELEASE,0,0,0,200000000000,-1,0
0.00968,0,-1,WAIT_RELEASE,0,0,0,200000000000,-1,0
0.0097,0,-1,WAIT_RELEASE,0,0,0,200000000000,-1,0
0.00972,0,-1,WAIT_RELEASE,0,0,0,200000000000,-1,0
0.00974,0,-1,WAIT_RELEASE,0,0,0,200000000000,-1,0
0.00976,0,-1,WAIT_RELEASE,0,0,0,200000000000,-1,0
0.00978,0,-1,WAIT_RELEASE,0,0,0,200000000000,-1,0
0.0098,0,-1,WAIT_RELEASE,0,0,0,200000000000,-1,0
0.00982,0,-1,WAIT_RELEASE,0,0,0,200000000000,-1,0
0.00984,0,-1,WAIT_RELEASE,0,0,0,200000000000,-1,0
0.00986,0,-1,WAIT_RELEASE,0,0,0,200000000000,-1,0
0.00988,0,-1,WAIT_RELEASE,0,0,0,200000000000,-1,0
0.0099,0,-1,WAIT_RELEASE,0,0,0,200000000000,-1,0
0.00992,0,-1,WAIT_RELEASE,0,0,0,200000000000,-1,0
0.00994,0,-1,WAIT_RELEASE,0,0,0,200000000000,-1,0
0.00996,0,-1,WAIT_RELEASE,0,0,0,200000000000,-1,0
0.00998,0,-1,WAIT_RELEASE,0,0,0,200000000000,-1,0
0.01,0,-1,WAIT_RELEASE,0,0,0,190000000000,-1,0
0.01002,0,0,INJECTING,332248,241808,1386879564,190000000000,-1,0
0.01004,0,0,INJECTING,774928,684488,1386879564,190000000000,-1,0
0.01006,0,0,INJECTING,1218560,1128120,1386879564,190000000000,-1,0
0.01008,0,0,INJECTING,1661240,1570800,1386879564,190000000000,-1,0
0.0101,0,0,INJECTING,2103920,2013480,1386879564,190000000000,-1,0
0.01012,0,0,INJECTING,2546600,2456160,1386879564,190000000000,-1,0
0.01014,0,0,INJECTING,2989280,2898840,1386879564,190000000000,-1,0
0.01016,0,0,INJECTING,3431960,3341520,1386879564,190000000000,-1,0
0.01018,0,0,INJECTING,3874640,3784200,1386879564,190000000000,-1,0
0.0102,0,0,INJECTING,4317320,4226880,1386879564,190000000000,-1,0
0.01022,0,0,INJECTING,4760000,4670512,1386879564,190000000000,-1,0
0.01024,0,0,INJECTING,5203632,5113192,1386879564,190000000000,-1,0
0.01026,0,0,INJECTING,5646312,5555872,1386879564,190000000000,-1,0
0.01028,0,0,INJECTING,6088992,5998552,1386879564,190000000000,-1,0
0.0103,0,0,INJECTING,6531672,6441232,1386879564,190000000000,-1,0
0.01032,0,0,INJECTING,6974352,6883912,1386879564,190000000000,-1,0
0.01034,0,0,INJECTING,7417032,7326592,1386879564,190000000000,-1,0
0.01036,0,0,INJECTING,7859712,7769272,1386879564,190000000000,-1,0
0.01038,0,0,INJECTING,8302392,8211952,1386879564,190000000000,-1,0
0.0104,0,0,INJECTING,8746024,8655584,1386879564,190000000000,-1,0
0.01042,0,0,INJECTING,9188704,9098264,1386879564,190000000000,-1,0
0.01044,0,0,INJECTING,9631384,9540944,1386879564,190000000000,-1,0
0.01046,0,0,INJECTING,10074064,9983624,1386879564,190000000000,-1,0
0.01048,0,0,INJECTING,10516744,10426304,1386879564,190000000000,-1,0
0.0105,0,0,INJECTING,10959424,10868984,1386879564,190000000000,-1,0
0.01052,0,0,INJECTING,11402104,11311664,1386879564,190000000000,-1,0
0.01054,0,0,INJECTING,11844784,11754344,1386879564,190000000000,-1,0
0.01056,0,0,INJECTING,12287464,12197024,1386879564,190000000000,-1,0
0.01058,0,0,INJECTING,12731096,12640656,1386879564,190000000000,-1,0
0.0106,0,0,INJECTING,13173776,13083336,1386879564,190000000000,-1,0
0.01062,0,0,INJECTING,13616456,13526016,1386879564,190000000000,-1,0
0.01064,0,0,INJECTING,14059136,13968696,1386879564,190000000000,-1,0
0.01066,0,0,INJECTING,14501816,14411376,1386879564,190000000000,-1,0
0.01068,0,0,INJECTING,14944496,14854056,1386879564,190000000000,-1,0
0.0107,0,0,INJECTING,15387176,15296736,1386879564,190000000000,-1,0
0.01072,0,0,INJECTING,15829856,15739416,1386879564,190000000000,-1,0
0.01074,0,0,INJECTING,16273488,16183048,1386879564,190000000000,-1,0
0.01076,0,0,INJECTING,16716168,16625728,1386879564,190000000000,-1,0
0.01078,0,0,INJECTING,17158848,17068408,1386879564,190000000000,-1,0
0.0108,0,0,INJECTING,17601528,17511088,1386879564,190000000000,-1,0
0.01082,0,0,INJECTING,18044208,17953768,1386879564,190000000000,-1,0
0.01084,0,0,INJECTING,18486888,18396448,1386879564,190000000000,-1,0
0.01086,0,0,INJECTING,18929568,18839128,1386879564,190000000000,-1,0
0.01088,0,0,INJECTING,19372248,19281808,1386879564,190000000000,-1,0
0.0109,0,0,INJECTING,19814928,19724488,1386879564,190000000000,-1,0
0.01092,0,0,INJECTING,20258560,20168120,1386879564,190000000000,-1,0
0.01094,0,0,INJECTING,20701240,20610800,1386879564,190000000000,-1,0
0.01096,0,0,INJECTING,21143920,21053480,1386879564,190000000000,-1,0
0.01098,0,0,INJECTING,21586600,21496160,1386879564,190000000000,-1,0
0.011,0,0,INJECTING,22029280,21938840,1386879564,190000000000,-1,0
0.01102,0,0,INJECTING,22479576,22387232,1386879564,190000000000,-1,0
0.01104,0,0,INJECTING,22933680,22840384,1386879564,190000000000,-1,0
0.01106,0,0,INJECTING,23386832,23294488,1386879564,190000000000,-1,0
0.01108,0,0,INJECTING,23839984,23747640,1386879564,190000000000,-1,0
0.0111,0,0,INJECTING,24293136,24200792,1386879564,190000000000,-1,0
0.01112,0,0,INJECTING,24746288,24653944,1386879564,190000000000,-1,0
0.01114,0,0,INJECTING,25200392,25107096,1386879564,190000000000,-1,0
0.01116,0,0,INJECTING,25653544,25561200,1386879564,190000000000,-1,0
0.01118,0,0,INJECTING,26106696,26014352,1386879564,190000000000,-1,0
0.0112,0,0,INJECTING,26559848,26467504,1386879564,190000000000,-1,0
0.01122,0,0,INJECTING,27013000,26920656,1386879564,190000000000,-1,0
0.01124,0,0,INJECTING,27467104,27373808,1386879564,190000000000,-1,0
0.01126,0,0,INJECTING,27920256,27826960,1386879564,190000000000,-1,0
0.01128,0,0,INJECTING,28373408,28281064,1386879564,190000000000,-1,0
0.0113,0,0,INJECTING,28826560,28734216,1386879564,190000000000,-1,0
0.01132,0,0,INJECTING,29279712,29187368,1386879564,190000000000,-1,0
0.01134,0,0,INJECTING,29732864,29640520,1386879564,190000000000,-1,0
0.01136,0,0,INJECTING,30186968,30093672,1386879564,190000000000,-1,0
0.01138,0,0,INJECTING,30640120,30547776,1386879564,190000000000,-1,0
0.0114,0,0,INJECTING,31093272,31000928,1386879564,190000000000,-1,0
0.01142,0,0,INJECTING,31546424,31454080,1386879564,190000000000,-1,0
0.01144,0,0,INJECTING,31999576,31907232,1386879564,190000000000,-1,0
0.01146,0,0,INJECTING,32453680,32360384,1386879564,190000000000,-1,0
0.01148,0,0,INJECTING,32906832,32814488,1386879564,190000000000,-1,0
0.0115,0,0,INJECTING,33359984,33267640,1386879564,190000000000,-1,0
0.01152,0,0,INJECTING,33813136,33720792,1386879564,190000000000,-1,0
0.01154,0,0,INJECTING,34266288,34173944,1386879564,190000000000,-1,0
0.01156,0,0,INJECTING,34720392,34627096,1386879564,190000000000,-1,0
0.01158,0,0,INJECTING,35173544,35081200,1386879564,190000000000,-1,0
0.0116,0,0,INJECTING,35626696,35534352,1386879564,190000000000,-1,0
0.01162,0,0,INJECTING,36079848,35987504,1386879564,190000000000,-1,0
0.01164,0,0,INJECTING,36533000,36440656,1386879564,190000000000,-1,0
0.01166,0,0,INJECTING,36987104,36893808,1386879564,190000000000,-1,0
0.01168,0,0,INJECTING,37440256,37346960,1386879564,190000000000,-1,0
0.0117,0,0,INJECTING,37893408,37801064,1386879564,190000000000,-1,0
0.01172,0,0,INJECTING,38346560,38254216,1386879564,190000000000,-1,0
0.01174,0,0,INJECTING,38799712,38707368,1386879564,190000000000,-1,0
0.01176,0,0,INJECTING,39252864,39160520,1386879564,190000000000,-1,0
0.01178,0,0,INJECTING,39706968,39613672,1386879564,190000000000,-1,0
0.0118,0,0,INJECTING,40160120,40067776,1386879564,190000000000,-1,0
0.01182,0,0,INJECTING,40613272,40520928,1386879564,190000000000,-1,0
0.01184,0,0,INJECTING,41066424,40974080,1386879564,190000000000,-1,0
0.01186,0,0,INJECTING,41519576,41427232,1386879564,190000000000,-1,0
0.01188,0,0,INJECTING,41973680,41880384,1386879564,190000000000,-1,0
0.0119,0,0,INJECTING,42426832,42334488,1386879564,190000000000,-1,0
0.01192,0,0,INJECTING,42879984,42787640,1386879564,190000000000,-1,0
0.01194,0,0,INJECTING,43333136,43240792,1386879564,190000000000,-1,0
0.01196,0,0,INJECTING,43786288,43693944,1386879564,190000000000,-1,0
0.01198,0,0,INJECTING,44240392,44147096,1386879564,190000000000,-1,0
0.012,0,0,INJECTING,44693544,44601200,1386879564,190000000000,-1,0
0.01202,0,0,INJECTING,45146696,45054352,1386879564,190000000000,-1,0
0.01204,0,0,INJECTING,45599848,45507504,1386879564,190000000000,-1,0
0.01206,0,0,INJECTING,46053000,45960656,1386879564,190000000000,-1,0
0.01208,0,0,INJECTING,46507104,46413808,1386879564,190000000000,-1,0
0.0121,0,0,INJECTING,46960256,46866960,1386879564,190000000000,-1,0
0.01212,0,0,INJECTING,47413408,47321064,1386879564,190000000000,-1,0
0.01214,0,0,INJECTING,47866560,47774216,1386879564,190000000000,-1,0
0.01216,0,0,INJECTING,48319712,48227368,1386879564,190000000000,-1,0
0.01218,0,0,INJECTING,48772864,48680520,1386879564,190000000000,-1,0
0.0122,0,0,INJECTING,49226968,49133672,1386879564,190000000000,-1,0
0.01222,0,0,INJECTING,49680120,49587776,1386879564,190000000000,-1,0
0.01224,0,0,INJECTING,50133272,50040928,1386879564,190000000000,-1,0
0.01226,0,0,INJECTING,50586424,50494080,1386879564,190000000000,-1,0
0.01228,0,0,INJECTING,51039576,50947232,1386879564,190000000000,-1,0
0.0123,0,0,INJECTING,51493680,51400384,1386879564,190000000000,-1,0
0.01232,0,0,INJECTING,51946832,51854488,1386879564,190000000000,-1,0
0.01234,0,0,INJECTING,52399984,52307640,1386879564,190000000000,-1,0
0.01236,0,0,INJECTING,52853136,52760792,1386879564,190000000000,-1,0
0.01238,0,0,INJECTING,53306288,53213944,1386879564,190000000000,-1,0
0.0124,0,0,INJECTING,53760392,53667096,1386879564,190000000000,-1,0
0.01242,0,0,INJECTING,54213544,54121200,1386879564,190000000000,-1,0
0.01244,0,0,INJECTING,54666696,54574352,1386879564,190000000000,-1,0
0.01246,0,0,INJECTING,55119848,55027504,1386879564,190000000000,-1,0
0.01248,0,0,INJECTING,55573000,55480656,1386879564,190000000000,-1,0
0.0125,0,0,INJECTING,56027104,55933808,1386879564,190000000000,-1,0
0.01252,0,0,INJECTING,56480256,56386960,1386879564,190000000000,-1,0
0.01254,0,0,INJECTING,56933408,56841064,1386879564,190000000000,-1,0
0.01256,0,0,INJECTING,57386560,57294216,1386879564,190000000000,-1,0
0.01258,0,0,INJECTING,57839712,57747368,1386879564,190000000000,-1,0
0.0126,0,0,INJECTING,58292864,58200520,1386879564,190000000000,-1,0
0.01262,0,0,INJECTING,58746968,58653672,1386879564,190000000000,-1,0
0.01264,0,0,INJECTING,59200120,59107776,1386879564,190000000000,-1,0
0.01266,0,0,INJECTING,59653272,59560928,1386879564,190000000000,-1,0
0.01268,0,0,INJECTING,60106424,60014080,1386879564,190000000000,-1,0
0.0127,0,0,INJECTING,60559576,60467232,1386879564,190000000000,-1,0
0.01272,0,0,INJECTING,61013680,60920384,1386879564,190000000000,-1,0
0.01274,0,0,INJECTING,61466832,61374488,1386879564,190000000000,-1,0
0.01276,0,0,INJECTING,61919984,61827640,1386879564,190000000000,-1,0
0.01278,0,0,INJECTING,62373136,62280792,1386879564,190000000000,-1,0
0.0128,0,0,INJECTING,62826288,62733944,1386879564,190000000000,-1,0
0.01282,0,0,INJECTING,63280392,63187096,1386879564,190000000000,-1,0
0.01284,0,0,INJECTING,63733544,63641200,1386879564,190000000000,-1,0
0.01286,0,0,INJECTING,64186696,64094352,1386879564,190000000000,-1,0
0.01288,0,0,INJECTING,64639848,64547504,1386879564,190000000000,-1,0
0.0129,0,0,INJECTING,65093000,65000656,1386879564,190000000000,-1,0
0.01292,0,0,INJECTING,65547104,65453808,1386879564,190000000000,-1,0
0.01294,0,0,INJECTING,66000256,65906960,1386879564,190000000000,-1,0
0.01296,0,0,INJECTING,66453408,66361064,1386879564,190000000000,-1,0
0.01298,0,0,INJECTING,66906560,66814216,1386879564,190000000000,-1,0
0.013,0,0,INJECTING,67359712,67267368,1386879564,190000000000,-1,0
0.01302,0,0,INJECTING,67812864,67720520,1386879564,190000000000,-1,0
0.01304,0,0,INJECTING,68266968,68173672,1386879564,190000000000,-1,0
0.01306,0,0,INJECTING,68720120,68627776,1386879564,190000000000,-1,0
0.01308,0,0,INJECTING,69173272,69080928,1386879564,190000000000,-1,0
0.0131,0,0,INJECTING,69626424,69534080,1386879564,190000000000,-1,0
0.01312,0,0,INJECTING,70079576,69987232,1386879564,190000000000,-1,0
0.01314,0,0,INJECTING,70533680,70440384,1386879564,190000000000,-1,0
0.01316,0,0,INJECTING,70986832,70894488,1386879564,190000000000,-1,0
0.01318,0,0,INJECTING,71439984,71347640,1386879564,190000000000,-1,0
0.0132,0,0,INJECTING,71893136,71800792,1386879564,190000000000,-1,0
0.01322,0,0,INJECTING,72346288,72253944,1386879564,190000000000,-1,0
0.01324,0,0,INJECTING,72800392,72707096,1386879564,190000000000,-1,0
0.01326,0,0,INJECTING,73253544,73161200,1386879564,190000000000,-1,0
0.01328,0,0,INJECTING,73706696,73614352,1386879564,190000000000,-1,0
0.0133,0,0,INJECTING,74159848,74067504,1386879564,190000000000,-1,0
0.01332,0,0,INJECTING,74613000,74520656,1386879564,190000000000,-1,0
0.01334,0,0,INJECTING,75067104,74973808,1386879564,190000000000,-1,0
0.01336,0,0,INJECTING,75520256,75426960,1386879564,190000000000,-1,0
0.01338,0,0,INJECTING,75973408,75881064,1386879564,190000000000,-1,0
0.0134,0,0,INJECTING,76426560,76334216,1386879564,190000000000,-1,0
0.01342,0,0,INJECTING,76879712,76787368,1386879564,190000000000,-1,0
0.01344,0,0,INJECTING,77332864,77240520,1386879564,190000000000,-1,0
0.01346,0,0,INJECTING,77786968,77693672,1386879564,190000000000,-1,0
0.01348,0,0,INJECTING,78240120,78147776,1386879564,190000000000,-1,0
0.0135,0,0,INJECTING,78693272,78600928,1386879564,190000000000,-1,0
0.01352,0,0,INJECTING,79146424,79054080,1386879564,190000000000,-1,0
0.01354,0,0,INJECTING,79599576,79507232,1386879564,190000000000,-1,0
0.01356,0,0,INJECTING,80053680,79960384,1386879564,190000000000,-1,0
0.01358,0,0,INJECTING,80506832,80414488,1386879564,190000000000,-1,0
0.0136,0,0,INJECTING,80959984,80867640,1386879564,190000000000,-1,0
0.01362,0,0,INJECTING,81413136,81320792,1386879564,190000000000,-1,0
0.01364,0,0,INJECTING,81866288,81773944,1386879564,190000000000,-1,0
0.01366,0,0,INJECTING,82320392,82227096,1386879564,190000000000,-1,0
0.01368,0,0,INJECTING,82773544,82681200,1386879564,190000000000,-1,0
0.0137,0,0,INJECTING,83226696,83134352,1386879564,190000000000,-1,0
0.01372,0,0,INJECTING,83679848,83587504,1386879564,190000000000,-1,0
0.01374,0,0,INJECTING,84133000,84040656,1386879564,190000000000,-1,0
0.01376,0,0,INJECTING,84587104,84493808,1386879564,190000000000,-1,0
0.01378,0,0,INJECTING,85040256,84946960,1386879564,190000000000,-1,0
0.0138,0,0,INJECTING,85493408,85401064,1386879564,190000000000,-1,0
0.01382,0,0,INJECTING,85946560,85854216,1386879564,190000000000,-1,0
0.01384,0,0,INJECTING,86399712,86307368,1386879564,190000000000,-1,0
0.01386,0,0,INJECTING,86852864,86760520,1386879564,190000000000,-1,0
0.01388,0,0,INJECTING,87306968,87213672,1386879564,190000000000,-1,0
0.0139,0,0,INJECTING,87760120,87667776,1386879564,190000000000,-1,0
0.01392,0,0,INJECTING,88213272,88120928,1386879564,190000000000,-1,0
0.01394,0,0,INJECTING,88666424,88574080,1386879564,190000000000,-1,0
0.01396,0,0,INJECTING,89119576,89027232,1386879564,190000000000,-1,0
0.01398,0,0,INJECTING,89573680,89480384,1386879564,190000000000,-1,0
0.014,0,0,INJECTING,90026832,89934488,1386879564,190000000000,-1,0
0.01402,0,0,INJECTING,90479984,90387640,1386879564,190000000000,-1,0
0.01404,0,0,INJECTING,90933136,90840792,1386879564,190000000000,-1,0
0.01406,0,0,INJECTING,91386288,91293944,1386879564,190000000000,-1,0
0.01408,0,0,INJECTING,91840392,91747096,1386879564,190000000000,-1,0
0.0141,0,0,INJECTING,92293544,92201200,1386879564,190000000000,-1,0
0.01412,0,0,INJECTING,92746696,92654352,1386879564,190000000000,-1,0
0.01414,0,0,INJECTING,93199848,93107504,1386879564,190000000000,-1,0
0.01416,0,0,INJECTING,93653000,93560656,1386879564,190000000000,-1,0
0.01418,0,0,INJECTING,94107104,94013808,1386879564,190000000000,-1,0
0.0142,0,0,INJECTING,94560256,94466960,1386879564,190000000000,-1,0
0.01422,0,0,INJECTING,95013408,94921064,1386879564,190000000000,-1,0
0.01424,0,0,INJECTING,95466560,95374216,1386879564,190000000000,-1,0
0.01426,0,0,INJECTING,95919712,95827368,1386879564,190000000000,-1,0
0.01428,0,0,INJECTING,96372864,96280520,1386879564,190000000000,-1,0
0.0143,0,0,INJECTING,96826968,96733672,1386879564,190000000000,-1,0
0.01432,0,0,INJECTING,97280120,97187776,1386879564,190000000000,-1,0
0.01434,0,0,INJECTING,97733272,97640928,1386879564,190000000000,-1,0
0.01436,0,0,INJECTING,98186424,98094080,1386879564,190000000000,-1,0
0.01438,0,0,INJECTING,98639576,98547232,1386879564,190000000000,-1,0
0.0144,0,0,INJECTING,99093680,99000384,1386879564,190000000000,-1,0
0.01442,0,0,INJECTING,99546832,99454488,1386879564,190000000000,-1,0
0.01444,0,0,INJECTING,99999984,99907640,1386879564,190000000000,-1,0
0.01446,0,0,INJECTING,100453136,100360792,1386879564,190000000000,-1,0
0.01448,0,0,INJECTING,100906288,100813944,1386879564,190000000000,-1,0
0.0145,0,0,INJECTING,101360392,101267096,1386879564,190000000000,-1,0
0.01452,0,0,INJECTING,101813544,101721200,1386879564,190000000000,-1,0
0.01454,0,0,INJECTING,102266696,102174352,1386879564,190000000000,-1,0
0.01456,0,0,INJECTING,102719848,102627504,1386879564,190000000000,-1,0
0.01458,0,0,INJECTING,103173000,103080656,1386879564,190000000000,-1,0
0.0146,0,0,INJECTING,103627104,103533808,1386879564,190000000000,-1,0
0.01462,0,0,INJECTING,104080256,103986960,1386879564,190000000000,-1,0
0.01464,0,0,INJECTING,104533408,104441064,1386879564,190000000000,-1,0
0.01466,0,0,INJECTING,104986560,104894216,1386879564,190000000000,-1,0
0.01468,0,0,INJECTING,105439712,105347368,1386879564,190000000000,-1,0
0.0147,0,0,INJECTING,105892864,105800520,1386879564,190000000000,-1,0
0.01472,0,0,INJECTING,106346968,106253672,1386879564,190000000000,-1,0
0.01474,0,0,INJECTING,106800120,106707776,1386879564,190000000000,-1,0
0.01476,0,0,INJECTING,107253272,107160928,1386879564,190000000000,-1,0
0.01478,0,0,INJECTING,107706424,107614080,1386879564,190000000000,-1,0
0.0148,0,0,INJECTING,108159576,108067232,1386879564,190000000000,-1,0
0.01482,0,0,INJECTING,108613680,108520384,1386879564,190000000000,-1,0
0.01484,0,0,INJECTING,109066832,108974488,1386879564,190000000000,-1,0
0.01486,0,0,INJECTING,109519984,109427640,1386879564,190000000000,-1,0
0.01488,0,0,INJECTING,109973136,109880792,1386879564,190000000000,-1,0
0.0149,0,0,INJECTING,110426288,110333944,1386879564,190000000000,-1,0
0.01492,0,0,INJECTING,110880392,110787096,1386879564,190000000000,-1,0
0.01494,0,0,INJECTING,111333544,111241200,1386879564,190000000000,-1,0
0.01496,0,0,INJECTING,111786696,111694352,1386879564,190000000000,-1,0
0.01498,0,0,INJECTING,112239848,112147504,1386879564,190000000000,-1,0
0.015,0,0,INJECTING,112693000,112600656,1386879564,190000000000,-1,0
0.015,1,-1,WAIT_RELEASE,0,0,0,200000000000,-1,0
0.015,2,-1,WAIT_RELEASE,0,0,0,200000000000,-1,0
0.015,3,-1,WAIT_RELEASE,0,0,0,200000000000,-1,0
0.01502,0,0,INJECTING,113147104,113053808,1386879564,190000000000,-1,0
0.01502,1,-1,WAIT_RELEASE,0,0,0,200000000000,-1,0
0.01502,2,-1,WAIT_RELEASE,0,0,0,200000000000,-1,0
0.01502,3,-1,WAIT_RELEASE,0,0,0,200000000000,-1,0
0.01504,0,0,INJECTING,113600256,113506960,1386879564,190000000000,-1,0
0.01504,1,-1,WAIT_RELEASE,0,0,0,200000000000,-1,0
0.01504,2,-1,WAIT_RELEASE,0,0,0,200000000000,-1,0
0.01504,3,-1,WAIT_RELEASE,0,0,0,200000000000,-1,0
0.01506,0,0,INJECTING,114053408,113961064,1386879564,190000000000,-1,0
0.01506,1,-1,WAIT_RELEASE,0,0,0,200000000000,-1,0
0.01506,2,-1,WAIT_RELEASE,0,0,0,200000000000,-1,0
0.01506,3,-1,WAIT_RELEASE,0,0,0,200000000000,-1,0
0.01508,0,0,INJECTING,114506560,114414216,1386879564,190000000000,-1,0
0.01508,1,-1,WAIT_RELEASE,0,0,0,200000000000,-1,0
0.01508,2,-1,WAIT_RELEASE,0,0,0,200000000000,-1,0
0.01508,3,-1,WAIT_RELEASE,0,0,0,200000000000,-1,0
0.0151,0,0,INJECTING,114959712,114867368,1386879564,190000000000,-1,0
0.0151,1,-1,WAIT_RELEASE,0,0,0,200000000000,-1,0
0.0151,2,-1,WAIT_RELEASE,0,0,0,200000000000,-1,0
0.0151,3,-1,WAIT_RELEASE,0,0,0,200000000000,-1,0
0.01512,0,0,INJECTING,115412864,115320520,1386879564,190000000000,-1,0
0.01512,1,-1,WAIT_RELEASE,0,0,0,200000000000,-1,0
0.01512,2,-1,WAIT_RELEASE,0,0,0,200000000000,-1,0
0.01512,3,-1,WAIT_RELEASE,0,0,0,200000000000,-1,0
0.01514,0,0,INJECTING,115866968,115773672,1386879564,190000000000,-1,0
0.01514,1,-1,WAIT_RELEASE,0,0,0,200000000000,-1,0
0.01514,2,-1,WAIT_RELEASE,0,0,0,200000000000,-1,0
0.01514,3,-1,WAIT_RELEASE,0,0,0,200000000000,-1,0
0.01516,0,0,INJECTING,116320120,116227776,1386879564,190000000000,-1,0
0.01516,1,-1,WAIT_RELEASE,0,0,0,200000000000,-1,0
0.01516,2,-1,WAIT_RELEASE,0,0,0,200000000000,-1,0
0.01516,3,-1,WAIT_RELEASE,0,0,0,200000000000,-1,0
0.01518,0,0,INJECTING,116773272,116680928,1386879564,190000000000,-1,0
0.01518,1,-1,WAIT_RELEASE,0,0,0,200000000000,-1,0
0.01518,2,-1,WAIT_RELEASE,0,0,0,200000000000,-1,0
0.01518,3,-1,WAIT_RELEASE,0,0,0,200000000000,-1,0
0.0152,0,0,INJECTING,117226424,117134080,1386879564,190000000000,-1,0
0.0152,1,-1,WAIT_RELEASE,0,0,0,200000000000,-1,0
0.0152,2,-1,WAIT_RELEASE,0,0,0,200000000000,-1,0
0.0152,3,-1,WAIT_RELEASE,0,0,0,200000000000,-1,0
0.01522,0,0,INJECTING,117679576,117587232,1386879564,190000000000,-1,0
0.01522,1,-1,WAIT_RELEASE,0,0,0,200000000000,-1,0
0.01522,2,-1,WAIT_RELEASE,0,0,0,200000000000,-1,0
0.01522,3,-1,WAIT_RELEASE,0,0,0,200000000000,-1,0
0.01524,0,0,INJECTING,118133680,118040384,1386879564,190000000000,-1,0
0.01524,1,-1,WAIT_RELEASE,0,0,0,200000000000,-1,0
0.01524,2,-1,WAIT_RELEASE,0,0,0,200000000000,-1,0
0.01524,3,-1,WAIT_RELEASE,0,0,0,200000000000,-1,0
0.01526,0,0,INJECTING,118586832,118494488,1386879564,190000000000,-1,0
0.01526,1,-1,WAIT_RELEASE,0,0,0,200000000000,-1,0
0.01526,2,-1,WAIT_RELEASE,0,0,0,200000000000,-1,0
0.01526,3,-1,WAIT_RELEASE,0,0,0,200000000000,-1,0
0.01528,0,0,INJECTING,119039984,118947640,1386879564,190000000000,-1,0
0.01528,1,-1,WAIT_RELEASE,0,0,0,200000000000,-1,0
0.01528,2,-1,WAIT_RELEASE,0,0,0,200000000000,-1,0
0.01528,3,-1,WAIT_RELEASE,0,0,0,200000000000,-1,0
0.0153,0,0,INJECTING,119493136,119400792,1386879564,190000000000,-1,0
0.0153,1,-1,WAIT_RELEASE,0,0,0,200000000000,-1,0
0.0153,2,-1,WAIT_RELEASE,0,0,0,200000000000,-1,0
0.0153,3,-1,WAIT_RELEASE,0,0,0,200000000000,-1,0
0.01532,0,0,INJECTING,119946288,119853944,1386879564,190000000000,-1,0
0.01532,1,-1,WAIT_RELEASE,0,0,0,200000000000,-1,0
0.01532,2,-1,WAIT_RELEASE,0,0,0,200000000000,-1,0
0.01532,3,-1,WAIT_RELEASE,0,0,0,200000000000,-1,0
0.01534,0,0,INJECTING,120400392,120307096,1386879564,190000000000,-1,0
0.01534,1,-1,WAIT_RELEASE,0,0,0,200000000000,-1,0
0.01534,2,-1,WAIT_RELEASE,0,0,0,200000000000,-1,0
0.01534,3,-1,WAIT_RELEASE,0,0,0,200000000000,-1,0
0.01536,0,0,INJECTING,120853544,120761200,1386879564,190000000000,-1,0
0.01536,1,-1,WAIT_RELEASE,0,0,0,200000000000,-1,0
0.01536,2,-1,WAIT_RELEASE,0,0,0,200000000000,-1,0
0.01536,3,-1,WAIT_RELEASE,0,0,0,200000000000,-1,0
0.01538,0,0,INJECTING,121306696,121214352,1386879564,190000000000,-1,0
0.01538,1,-1,WAIT_RELEASE,0,0,0,200000000000,-1,0
0.01538,2,-1,WAIT_RELEASE,0,0,0,200000000000,-1,0
0.01538,3,-1,WAIT_RELEASE,0,0,0,200000000000,-1,0
0.0154,0,0,INJECTING,121759848,121667504,1386879564,190000000000,-1,0
0.0154,1,-1,WAIT_RELEASE,0,0,0,200000000000,-1,0
0.0154,2,-1,WAIT_RELEASE,0,0,0,200000000000,-1,0
0.0154,3,-1,WAIT_RELEASE,0,0,0,200000000000,-1,0
0.01542,0,0,INJECTING,122213000,122120656,1386879564,190000000000,-1,0
0.01542,1,-1,WAIT_RELEASE,0,0,0,200000000000,-1,0
0.01542,2,-1,WAIT_RELEASE,0,0,0,200000000000,-1,0
0.01542,3,-1,WAIT_RELEASE,0,0,0,200000000000,-1,0
0.01544,0,0,INJECTING,122667104,122573808,1386879564,190000000000,-1,0
0.01544,1,-1,WAIT_RELEASE,0,0,0,200000000000,-1,0
0.01544,2,-1,WAIT_RELEASE,0,0,0,200000000000,-1,0
0.01544,3,-1,WAIT_RELEASE,0,0,0,200000000000,-1,0
0.01546,0,0,INJECTING,123120256,123026960,1386879564,190000000000,-1,0
0.01546,1,-1,WAIT_RELEASE,0,0,0,200000000000,-1,0
0.01546,2,-1,WAIT_RELEASE,0,0,0,200000000000,-1,0
0.01546,3,-1,WAIT_RELEASE,0,0,0,200000000000,-1,0
0.01548,0,0,INJECTING,123573408,123481064,1386879564,190000000000,-1,0
0.01548,1,-1,WAIT_RELEASE,0,0,0,200000000000,-1,0
0.01548,2,-1,WAIT_RELEASE,0,0,0,200000000000,-1,0
0.01548,3,-1,WAIT_RELEASE,0,0,0,200000000000,-1,0
0.0155,0,0,INJECTING,124026560,123934216,1386879564,190000000000,-1,0
0.0155,1,-1,WAIT_RELEASE,0,0,0,200000000000,-1,0
0.0155,2,-1,WAIT_RELEASE,0,0,0,200000000000,-1,0
0.0155,3,-1,WAIT_RELEASE,0,0,0,200000000000,-1,0
0.01552,0,0,INJECTING,124479712,124387368,1386879564,190000000000,-1,0
0.01552,1,-1,WAIT_RELEASE,0,0,0,200000000000,-1,0
0.01552,2,-1,WAIT_RELEASE,0,0,0,200000000000,-1,0
0.01552,3,-1,WAIT_RELEASE,0,0,0,200000000000,-1,0
0.01554,0,0,INJECTING,124932864,124840520,1386879564,190000000000,-1,0
0.01554,1,-1,WAIT_RELEASE,0,0,0,200000000000,-1,0
0.01554,2,-1,WAIT_RELEASE,0,0,0,200000000000,-1,0
0.01554,3,-1,WAIT_RELEASE,0,0,0,200000000000,-1,0
0.01556,0,0,INJECTING,125386968,125293672,1386879564,190000000000,-1,0
0.01556,1,-1,WAIT_RELEASE,0,0,0,200000000000,-1,0
0.01556,2,-1,WAIT_RELEASE,0,0,0,200000000000,-1,0
0.01556,3,-1,WAIT_RELEASE,0,0,0,200000000000,-1,0
0.01558,0,0,INJECTING,125840120,125747776,1386879564,190000000000,-1,0
0.01558,1,-1,WAIT_RELEASE,0,0,0,200000000000,-1,0
0.01558,2,-1,WAIT_RELEASE,0,0,0,200000000000,-1,0
0.01558,3,-1,WAIT_RELEASE,0,0,0,200000000000,-1,0
0.0156,0,0,INJECTING,126293272,126200928,1386879564,190000000000,-1,0
0.0156,1,-1,WAIT_RELEASE,0,0,0,200000000000,-1,0
0.0156,2,-1,WAIT_RELEASE,0,0,0,200000000000,-1,0
0.0156,3,-1,WAIT_RELEASE,0,0,0,200000000000,-1,0
0.01562,0,0,INJECTING,126746424,126654080,1386879564,190000000000,-1,0
0.01562,1,-1,WAIT_RELEASE,0,0,0,200000000000,-1,0
0.01562,2,-1,WAIT_RELEASE,0,0,0,200000000000,-1,0
0.01562,3,-1,WAIT_RELEASE,0,0,0,200000000000,-1,0
0.01564,0,0,INJECTING,127199576,127107232,1386879564,190000000000,-1,0
0.01564,1,-1,WAIT_RELEASE,0,0,0,200000000000,-1,0
0.01564,2,-1,WAIT_RELEASE,0,0,0,200000000000,-1,0
0.01564,3,-1,WAIT_RELEASE,0,0,0,200000000000,-1,0
0.01566,0,0,INJECTING,127653680,127560384,1386879564,190000000000,-1,0
0.01566,1,-1,WAIT_RELEASE,0,0,0,200000000000,-1,0
0.01566,2,-1,WAIT_RELEASE,0,0,0,200000000000,-1,0
0.01566,3,-1,WAIT_RELEASE,0,0,0,200000000000,-1,0
0.01568,0,0,INJECTING,128106832,128014488,1386879564,190000000000,-1,0
0.01568,1,-1,WAIT_RELEASE,0,0,0,200000000000,-1,0
0.01568,2,-1,WAIT_RELEASE,0,0,0,200000000000,-1,0
0.01568,3,-1,WAIT_RELEASE,0,0,0,200000000000,-1,0
0.0157,0,0,INJECTING,128559984,128467640,1386879564,190000000000,-1,0
0.0157,1,-1,WAIT_RELEASE,0,0,0,200000000000,-1,0
0.0157,2,-1,WAIT_RELEASE,0,0,0,200000000000,-1,0
0.0157,3,-1,WAIT_RELEASE,0,0,0,200000000000,-1,0
0.01572,0,0,INJECTING,129013136,128920792,1386879564,190000000000,-1,0
0.01572,1,-1,WAIT_RELEASE,0,0,0,200000000000,-1,0
0.01572,2,-1,WAIT_RELEASE,0,0,0,200000000000,-1,0
0.01572,3,-1,WAIT_RELEASE,0,0,0,200000000000,-1,0
0.01574,0,0,INJECTING,129466288,129373944,1386879564,190000000000,-1,0
0.01574,1,-1,WAIT_RELEASE,0,0,0,200000000000,-1,0
0.01574,2,-1,WAIT_RELEASE,0,0,0,200000000000,-1,0
0.01574,3,-1,WAIT_RELEASE,0,0,0,200000000000,-1,0
0.01576,0,0,INJECTING,129920392,129827096,1386879564,190000000000,-1,0
0.01576,1,-1,WAIT_RELEASE,0,0,0,200000000000,-1,0
0.01576,2,-1,WAIT_RELEASE,0,0,0,200000000000,-1,0
0.01576,3,-1,WAIT_RELEASE,0,0,0,200000000000,-1,0
0.01578,0,0,INJECTING,130373544,130281200,1386879564,190000000000,-1,0
0.01578,1,-1,WAIT_RELEASE,0,0,0,200000000000,-1,0
0.01578,2,-1,WAIT_RELEASE,0,0,0,200000000000,-1,0
0.01578,3,-1,WAIT_RELEASE,0,0,0,200000000000,-1,0
0.0158,0,0,INJECTING,130826696,130734352,1386879564,190000000000,-1,0
0.0158,1,-1,WAIT_RELEASE,0,0,0,200000000000,-1,0
0.0158,2,-1,WAIT_RELEASE,0,0,0,200000000000,-1,0
0.0158,3,-1,WAIT_RELEASE,0,0,0,200000000000,-1,0
0.01582,0,0,INJECTING,131279848,131187504,1386879564,190000000000,-1,0
0.01582,1,-1,WAIT_RELEASE,0,0,0,200000000000,-1,0
0.01582,2,-1,WAIT_RELEASE,0,0,0,200000000000,-1,0
0.01582,3,-1,WAIT_RELEASE,0,0,0,200000000000,-1,0
0.01584,0,0,INJECTING,131733000,131640656,1386879564,190000000000,-1,0
0.01584,1,-1,WAIT_RELEASE,0,0,0,200000000000,-1,0
0.01584,2,-1,WAIT_RELEASE,0,0,0,200000000000,-1,0
0.01584,3,-1,WAIT_RELEASE,0,0,0,200000000000,-1,0
0.01586,0,0,INJECTING,132187104,132093808,1386879564,190000000000,-1,0
0.01586,1,-1,WAIT_RELEASE,0,0,0,200000000000,-1,0
0.01586,2,-1,WAIT_RELEASE,0,0,0,200000000000,-1,0
0.01586,3,-1,WAIT_RELEASE,0,0,0,200000000000,-1,0
0.01588,0,0,INJECTING,132640256,132546960,1386879564,190000000000,-1,0
0.01588,1,-1,WAIT_RELEASE,0,0,0,200000000000,-1,0
0.01588,2,-1,WAIT_RELEASE,0,0,0,200000000000,-1,0
0.01588,3,-1,WAIT_RELEASE,0,0,0,200000000000,-1,0
0.0159,0,0,INJECTING,133093408,133001064,1386879564,190000000000,-1,0
0.0159,1,-1,WAIT_RELEASE,0,0,0,200000000000,-1,0
0.0159,2,-1,WAIT_RELEASE,0,0,0,200000000000,-1,0
0.0159,3,-1,WAIT_RELEASE,0,0,0,200000000000,-1,0
0.01592,0,0,INJECTING,133546560,133454216,1386879564,190000000000,-1,0
0.01592,1,-1,WAIT_RELEASE,0,0,0,200000000000,-1,0
0.01592,2,-1,WAIT_RELEASE,0,0,0,200000000000,-1,0
0.01592,3,-1,WAIT_RELEASE,0,0,0,200000000000,-1,0
0.01594,0,0,INJECTING,133999712,133907368,1386879564,190000000000,-1,0
0.01594,1,-1,WAIT_RELEASE,0,0,0,200000000000,-1,0
0.01594,2,-1,WAIT_RELEASE,0,0,0,200000000000,-1,0
0.01594,3,-1,WAIT_RELEASE,0,0,0,200000000000,-1,0
0.01596,0,0,INJECTING,134452864,134360520,1386879564,190000000000,-1,0
0.01596,1,-1,WAIT_RELEASE,0,0,0,200000000000,-1,0
0.01596,2,-1,WAIT_RELEASE,0,0,0,200000000000,-1,0
0.01596,3,-1,WAIT_RELEASE,0,0,0,200000000000,-1,0
0.01598,0,0,INJECTING,134906968,134813672,1386879564,190000000000,-1,0
0.01598,1,-1,WAIT_RELEASE,0,0,0,200000000000,-1,0
0.01598,2,-1,WAIT_RELEASE,0,0,0,200000000000,-1,0
0.01598,3,-1,WAIT_RELEASE,0,0,0,200000000000,-1,0
0.016,0,0,INJECTING,135360120,135267776,1386879564,190000000000,-1,0
0.016,1,-1,WAIT_RELEASE,0,0,0,200000000000,-1,0
0.016,2,-1,WAIT_RELEASE,0,0,0,200000000000,-1,0
0.016,3,-1,WAIT_RELEASE,0,0,0,200000000000,-1,0
0.01602,0,0,INJECTING,135813272,135720928,1386879564,190000000000,-1,0
0.01602,1,-1,WAIT_RELEASE,0,0,0,200000000000,-1,0
0.01602,2,-1,WAIT_RELEASE,0,0,0,200000000000,-1,0
0.01602,3,-1,WAIT_RELEASE,0,0,0,200000000000,-1,0
0.01604,0,0,INJECTING,136266424,136174080,1386879564,190000000000,-1,0
0.01604,1,-1,WAIT_RELEASE,0,0,0,200000000000,-1,0
0.01604,2,-1,WAIT_RELEASE,0,0,0,200000000000,-1,0
0.01604,3,-1,WAIT_RELEASE,0,0,0,200000000000,-1,0
0.01606,0,0,INJECTING,136719576,136627232,1386879564,190000000000,-1,0
0.01606,1,-1,WAIT_RELEASE,0,0,0,200000000000,-1,0
0.01606,2,-1,WAIT_RELEASE,0,0,0,200000000000,-1,0
0.01606,3,-1,WAIT_RELEASE,0,0,0,200000000000,-1,0
0.01608,0,0,INJECTING,137173680,137080384,1386879564,190000000000,-1,0
0.01608,1,-1,WAIT_RELEASE,0,0,0,200000000000,-1,0
0.01608,2,-1,WAIT_RELEASE,0,0,0,200000000000,-1,0
0.01608,3,-1,WAIT_RELEASE,0,0,0,200000000000,-1,0
0.0161,0,0,INJECTING,137626832,137534488,1386879564,190000000000,-1,0
0.0161,1,-1,WAIT_RELEASE,0,0,0,200000000000,-1,0
0.0161,2,-1,WAIT_RELEASE,0,0,0,200000000000,-1,0
0.0161,3,-1,WAIT_RELEASE,0,0,0,200000000000,-1,0
0.01612,0,0,INJECTING,138079984,137987640,1386879564,190000000000,-1,0
0.01612,1,-1,WAIT_RELEASE,0,0,0,200000000000,-1,0
0.01612,2,-1,WAIT_RELEASE,0,0,0,200000000000,-1,0
0.01612,3,-1,WAIT_RELEASE,0,0,0,200000000000,-1,0
0.01614,0,0,INJECTING,138533136,138440792,1386879564,190000000000,-1,0
0.01614,1,-1,WAIT_RELEASE,0,0,0,200000000000,-1,0
0.01614,2,-1,WAIT_RELEASE,0,0,0,200000000000,-1,0
0.01614,3,-1,WAIT_RELEASE,0,0,0,200000000000,-1,0
0.01616,0,0,INJECTING,138986288,138893944,1386879564,190000000000,-1,0
0.01616,1,-1,WAIT_RELEASE,0,0,0,200000000000,-1,0
0.01616,2,-1,WAIT_RELEASE,0,0,0,200000000000,-1,0
0.01616,3,-1,WAIT_RELEASE,0,0,0,200000000000,-1,0
0.01618,0,0,INJECTING,139440392,139347096,1386879564,190000000000,-1,0
0.01618,1,-1,WAIT_RELEASE,0,0,0,200000000000,-1,0
0.01618,2,-1,WAIT_RELEASE,0,0,0,200000000000,-1,0
0.01618,3,-1,WAIT_RELEASE,0,0,0,200000000000,-1,0
0.0162,0,0,INJECTING,139893544,139801200,1386879564,190000000000,-1,0
0.0162,1,-1,WAIT_RELEASE,0,0,0,200000000000,-1,0
0.0162,2,-1,WAIT_RELEASE,0,0,0,200000000000,-1,0
0.0162,3,-1,WAIT_RELEASE,0,0,0,200000000000,-1,0
0.01622,0,0,INJECTING,140346696,140254352,1386879564,190000000000,-1,0
0.01622,1,-1,WAIT_RELEASE,0,0,0,200000000000,-1,0
0.01622,2,-1,WAIT_RELEASE,0,0,0,200000000000,-1,0
0.01622,3,-1,WAIT_RELEASE,0,0,0,200000000000,-1,0
0.01624,0,0,INJECTING,140799848,140707504,1386879564,190000000000,-1,0
0.01624,1,-1,WAIT_RELEASE,0,0,0,200000000000,-1,0
0.01624,2,-1,WAIT_RELEASE,0,0,0,200000000000,-1,0
0.01624,3,-1,WAIT_RELEASE,0,0,0,200000000000,-1,0
0.01626,0,0,INJECTING,141253000,141160656,1386879564,190000000000,-1,0
0.01626,1,-1,WAIT_RELEASE,0,0,0,200000000000,-1,0
0.01626,2,-1,WAIT_RELEASE,0,0,0,200000000000,-1,0
0.01626,3,-1,WAIT_RELEASE,0,0,0,200000000000,-1,0
0.01628,0,0,INJECTING,141707104,141613808,1386879564,190000000000,-1,0
0.01628,1,-1,WAIT_RELEASE,0,0,0,200000000000,-1,0
0.01628,2,-1,WAIT_RELEASE,0,0,0,200000000000,-1,0
0.01628,3,-1,WAIT_RELEASE,0,0,0,200000000000,-1,0
0.0163,0,0,INJECTING,142160256,142066960,1386879564,190000000000,-1,0
0.0163,1,-1,WAIT_RELEASE,0,0,0,200000000000,-1,0
0.0163,2,-1,WAIT_RELEASE,0,0,0,200000000000,-1,0
0.0163,3,-1,WAIT_RELEASE,0,0,0,200000000000,-1,0
0.01632,0,0,INJECTING,142613408,142521064,1386879564,190000000000,-1,0
0.01632,1,-1,WAIT_RELEASE,0,0,0,200000000000,-1,0
0.01632,2,-1,WAIT_RELEASE,0,0,0,200000000000,-1,0
0.01632,3,-1,WAIT_RELEASE,0,0,0,200000000000,-1,0
0.01634,0,0,INJECTING,143066560,142974216,1386879564,190000000000,-1,0
0.01634,1,-1,WAIT_RELEASE,0,0,0,200000000000,-1,0
0.01634,2,-1,WAIT_RELEASE,0,0,0,200000000000,-1,0
0.01634,3,-1,WAIT_RELEASE,0,0,0,200000000000,-1,0
0.01636,0,0,INJECTING,143519712,143427368,1386879564,190000000000,-1,0
0.01636,1,-1,WAIT_RELEASE,0,0,0,200000000000,-1,0
0.01636,2,-1,WAIT_RELEASE,0,0,0,200000000000,-1,0
0.01636,3,-1,WAIT_RELEASE,0,0,0,200000000000,-1,0
0.01638,0,0,INJECTING,143972864,143880520,1386879564,190000000000,-1,0
0.01638,1,-1,WAIT_RELEASE,0,0,0,200000000000,-1,0
0.01638,2,-1,WAIT_RELEASE,0,0,0,200000000000,-1,0
0.01638,3,-1,WAIT_RELEASE,0,0,0,200000000000,-1,0
0.0164,0,0,INJECTING,144426968,144333672,1386879564,190000000000,-1,0
0.0164,1,-1,WAIT_RELEASE,0,0,0,200000000000,-1,0
0.0164,2,-1,WAIT_RELEASE,0,0,0,200000000000,-1,0
0.0164,3,-1,WAIT_RELEASE,0,0,0,200000000000,-1,0
0.01642,0,0,INJECTING,144880120,144787776,1386879564,190000000000,-1,0
0.01642,1,-1,WAIT_RELEASE,0,0,0,200000000000,-1,0
0.01642,2,-1,WAIT_RELEASE,0,0,0,200000000000,-1,0
0.01642,3,-1,WAIT_RELEASE,0,0,0,200000000000,-1,0
0.01644,0,0,INJECTING,145333272,145240928,1386879564,190000000000,-1,0
0.01644,1,-1,WAIT_RELEASE,0,0,0,200000000000,-1,0
0.01644,2,-1,WAIT_RELEASE,0,0,0,200000000000,-1,0
0.01644,3,-1,WAIT_RELEASE,0,0,0,200000000000,-1,0
0.01646,0,0,INJECTING,145786424,145694080,1386879564,190000000000,-1,0
0.01646,1,-1,WAIT_RELEASE,0,0,0,200000000000,-1,0
0.01646,2,-1,WAIT_RELEASE,0,0,0,200000000000,-1,0
0.01646,3,-1,WAIT_RELEASE,0,0,0,200000000000,-1,0
0.01648,0,0,INJECTING,146239576,146147232,1386879564,190000000000,-1,0
0.01648,1,-1,WAIT_RELEASE,0,0,0,200000000000,-1,0
0.01648,2,-1,WAIT_RELEASE,0,0,0,200000000000,-1,0
0.01648,3,-1,WAIT_RELEASE,0,0,0,200000000000,-1,0
0.0165,0,0,INJECTING,146693680,146600384,1386879564,190000000000,-1,0
0.0165,1,-1,WAIT_RELEASE,0,0,0,200000000000,-1,0
0.0165,2,-1,WAIT_RELEASE,0,0,0,200000000000,-1,0
0.0165,3,-1,WAIT_RELEASE,0,0,0,200000000000,-1,0
0.01652,0,0,INJECTING,147146832,147054488,1386879564,190000000000,-1,0
0.01652,1,-1,WAIT_RELEASE,0,0,0,200000000000,-1,0
0.01652,2,-1,WAIT_RELEASE,0,0,0,200000000000,-1,0
0.01652,3,-1,WAIT_RELEASE,0,0,0,200000000000,-1,0
0.01654,0,0,INJECTING,147599984,147507640,1386879564,190000000000,-1,0
0.01654,1,-1,WAIT_RELEASE,0,0,0,200000000000,-1,0
0.01654,2,-1,WAIT_RELEASE,0,0,0,200000000000,-1,0
0.01654,3,-1,WAIT_RELEASE,0,0,0,200000000000,-1,0
0.01656,0,0,INJECTING,148053136,147960792,1386879564,190000000000,-1,0
0.01656,1,-1,WAIT_RELEASE,0,0,0,200000000000,-1,0
0.01656,2,-1,WAIT_RELEASE,0,0,0,200000000000,-1,0
0.01656,3,-1,WAIT_RELEASE,0,0,0,200000000000,-1,0
0.01658,0,0,INJECTING,148506288,148413944,1386879564,190000000000,-1,0
0.01658,1,-1,WAIT_RELEASE,0,0,0,200000000000,-1,0
0.01658,2,-1,WAIT_RELEASE,0,0,0,200000000000,-1,0
0.01658,3,-1,WAIT_RELEASE,0,0,0,200000000000,-1,0
0.0166,0,0,INJECTING,148960392,148867096,1386879564,190000000000,-1,0
0.0166,1,-1,WAIT_RELEASE,0,0,0,200000000000,-1,0
0.0166,2,-1,WAIT_RELEASE,0,0,0,200000000000,-1,0
0.0166,3,-1,WAIT_RELEASE,0,0,0,200000000000,-1,0
0.01662,0,0,INJECTING,149413544,149321200,1386879564,190000000000,-1,0
0.01662,1,-1,WAIT_RELEASE,0,0,0,200000000000,-1,0
0.01662,2,-1,WAIT_RELEASE,0,0,0,200000000000,-1,0
0.01662,3,-1,WAIT_RELEASE,0,0,0,200000000000,-1,0
0.01664,0,0,INJECTING,149866696,149774352,1386879564,190000000000,-1,0
0.01664,1,-1,WAIT_RELEASE,0,0,0,200000000000,-1,0
0.01664,2,-1,WAIT_RELEASE,0,0,0,200000000000,-1,0
0.01664,3,-1,WAIT_RELEASE,0,0,0,200000000000,-1,0
0.01666,0,0,INJECTING,150319848,150227504,1386879564,190000000000,-1,0
0.01666,1,-1,WAIT_RELEASE,0,0,0,200000000000,-1,0
0.01666,2,-1,WAIT_RELEASE,0,0,0,200000000000,-1,0
0.01666,3,-1,WAIT_RELEASE,0,0,0,200000000000,-1,0
0.01668,0,0,INJECTING,150773000,150680656,1386879564,190000000000,-1,0
0.01668,1,-1,WAIT_RELEASE,0,0,0,200000000000,-1,0
0.01668,2,-1,WAIT_RELEASE,0,0,0,200000000000,-1,0
0.01668,3,-1,WAIT_RELEASE,0,0,0,200000000000,-1,0
0.0167,0,0,INJECTING,151227104,151133808,1386879564,190000000000,-1,0
0.0167,1,-1,WAIT_RELEASE,0,0,0,200000000000,-1,0
0.0167,2,-1,WAIT_RELEASE,0,0,0,200000000000,-1,0
0.0167,3,-1,WAIT_RELEASE,0,0,0,200000000000,-1,0
0.01672,0,0,INJECTING,151680256,151586960,1386879564,190000000000,-1,0
0.01672,1,-1,WAIT_RELEASE,0,0,0,200000000000,-1,0
0.01672,2,-1,WAIT_RELEASE,0,0,0,200000000000,-1,0
0.01672,3,-1,WAIT_RELEASE,0,0,0,200000000000,-1,0
0.01674,0,0,INJECTING,152133408,152041064,1386879564,190000000000,-1,0
0.01674,1,-1,WAIT_RELEASE,0,0,0,200000000000,-1,0
0.01674,2,-1,WAIT_RELEASE,0,0,0,200000000000,-1,0
0.01674,3,-1,WAIT_RELEASE,0,0,0,200000000000,-1,0
0.01676,0,0,INJECTING,152586560,152494216,1386879564,190000000000,-1,0
0.01676,1,-1,WAIT_RELEASE,0,0,0,200000000000,-1,0
0.01676,2,-1,WAIT_RELEASE,0,0,0,200000000000,-1,0
0.01676,3,-1,WAIT_RELEASE,0,0,0,200000000000,-1,0
0.01678,0,0,INJECTING,153039712,152947368,1386879564,190000000000,-1,0
0.01678,1,-1,WAIT_RELEASE,0,0,0,200000000000,-1,0
0.01678,2,-1,WAIT_RELEASE,0,0,0,200000000000,-1,0
0.01678,3,-1,WAIT_RELEASE,0,0,0,200000000000,-1,0
0.0168,0,0,INJECTING,153492864,153400520,1386879564,190000000000,-1,0
0.0168,1,-1,WAIT_RELEASE,0,0,0,200000000000,-1,0
0.0168,2,-1,WAIT_RELEASE,0,0,0,200000000000,-1,0
0.0168,3,-1,WAIT_RELEASE,0,0,0,200000000000,-1,0
0.01682,0,0,INJECTING,153946968,153853672,1386879564,190000000000,-1,0
0.01682,1,-1,WAIT_RELEASE,0,0,0,200000000000,-1,0
0.01682,2,-1,WAIT_RELEASE,0,0,0,200000000000,-1,0
0.01682,3,-1,WAIT_RELEASE,0,0,0,200000000000,-1,0
0.01684,0,0,INJECTING,154400120,154307776,1386879564,190000000000,-1,0
0.01684,1,-1,WAIT_RELEASE,0,0,0,200000000000,-1,0
0.01684,2,-1,WAIT_RELEASE,0,0,0,200000000000,-1,0
0.01684,3,-1,WAIT_RELEASE,0,0,0,200000000000,-1,0
0.01686,0,0,INJECTING,154853272,154760928,1386879564,190000000000,-1,0
0.01686,1,-1,WAIT_RELEASE,0,0,0,200000000000,-1,0
0.01686,2,-1,WAIT_RELEASE,0,0,0,200000000000,-1,0
0.01686,3,-1,WAIT_RELEASE,0,0,0,200000000000,-1,0
0.01688,0,0,INJECTING,155306424,155214080,1386879564,190000000000,-1,0
0.01688,1,-1,WAIT_RELEASE,0,0,0,200000000000,-1,0
0.01688,2,-1,WAIT_RELEASE,0,0,0,200000000000,-1,0
0.01688,3,-1,WAIT_RELEASE,0,0,0,200000000000,-1,0
0.0169,0,0,INJECTING,155759576,155667232,1386879564,190000000000,-1,0
0.0169,1,-1,WAIT_RELEASE,0,0,0,200000000000,-1,0
0.0169,2,-1,WAIT_RELEASE,0,0,0,200000000000,-1,0
0.0169,3,-1,WAIT_RELEASE,0,0,0,200000000000,-1,0
0.01692,0,0,INJECTING,156213680,156120384,1386879564,190000000000,-1,0
0.01692,1,-1,WAIT_RELEASE,0,0,0,200000000000,-1,0
0.01692,2,-1,WAIT_RELEASE,0,0,0,200000000000,-1,0
0.01692,3,-1,WAIT_RELEASE,0,0,0,200000000000,-1,0
0.01694,0,0,INJECTING,156666832,156574488,1386879564,190000000000,-1,0
0.01694,1,-1,WAIT_RELEASE,0,0,0,200000000000,-1,0
0.01694,2,-1,WAIT_RELEASE,0,0,0,200000000000,-1,0
0.01694,3,-1,WAIT_RELEASE,0,0,0,200000000000,-1,0
0.01696,0,0,INJECTING,157119984,157027640,1386879564,190000000000,-1,0
0.01696,1,-1,WAIT_RELEASE,0,0,0,200000000000,-1,0
0.01696,2,-1,WAIT_RELEASE,0,0,0,200000000000,-1,0
0.01696,3,-1,WAIT_RELEASE,0,0,0,200000000000,-1,0
0.01698,0,0,INJECTING,157573136,157480792,1386879564,190000000000,-1,0
0.01698,1,-1,WAIT_RELEASE,0,0,0,200000000000,-1,0
0.01698,2,-1,WAIT_RELEASE,0,0,0,200000000000,-1,0
0.01698,3,-1,WAIT_RELEASE,0,0,0,200000000000,-1,0
0.017,0,0,INJECTING,158026288,157933944,1386879564,190000000000,-1,0
0.017,1,-1,WAIT_RELEASE,0,0,0,200000000000,-1,0
0.017,2,-1,WAIT_RELEASE,0,0,0,200000000000,-1,0
0.017,3,-1,WAIT_RELEASE,0,0,0,200000000000,-1,0
0.01702,0,0,INJECTING,158480392,158387096,1386879564,190000000000,-1,0
0.01702,1,-1,WAIT_RELEASE,0,0,0,200000000000,-1,0
0.01702,2,-1,WAIT_RELEASE,0,0,0,200000000000,-1,0
0.01702,3,-1,WAIT_RELEASE,0,0,0,200000000000,-1,0
0.01704,0,0,INJECTING,158933544,158841200,1386879564,190000000000,-1,0
0.01704,1,-1,WAIT_RELEASE,0,0,0,200000000000,-1,0
0.01704,2,-1,WAIT_RELEASE,0,0,0,200000000000,-1,0
0.01704,3,-1,WAIT_RELEASE,0,0,0,200000000000,-1,0
0.01706,0,0,INJECTING,159386696,159294352,1386879564,190000000000,-1,0
0.01706,1,-1,WAIT_RELEASE,0,0,0,200000000000,-1,0
0.01706,2,-1,WAIT_RELEASE,0,0,0,200000000000,-1,0
0.01706,3,-1,WAIT_RELEASE,0,0,0,200000000000,-1,0
0.01708,0,0,INJECTING,159839848,159747504,1386879564,190000000000,-1,0
0.01708,1,-1,WAIT_RELEASE,0,0,0,200000000000,-1,0
0.01708,2,-1,WAIT_RELEASE,0,0,0,200000000000,-1,0
0.01708,3,-1,WAIT_RELEASE,0,0,0,200000000000,-1,0
0.0171,0,0,INJECTING,160293000,160200656,1386879564,190000000000,-1,0
0.0171,1,-1,WAIT_RELEASE,0,0,0,200000000000,-1,0
0.0171,2,-1,WAIT_RELEASE,0,0,0,200000000000,-1,0
0.0171,3,-1,WAIT_RELEASE,0,0,0,200000000000,-1,0
0.01712,0,0,INJECTING,160747104,160653808,1386879564,190000000000,-1,0
0.01712,1,-1,WAIT_RELEASE,0,0,0,200000000000,-1,0
0.01712,2,-1,WAIT_RELEASE,0,0,0,200000000000,-1,0
0.01712,3,-1,WAIT_RELEASE,0,0,0,200000000000,-1,0
0.01714,0,0,INJECTING,161200256,161106960,1386879564,190000000000,-1,0
0.01714,1,-1,WAIT_RELEASE,0,0,0,200000000000,-1,0
0.01714,2,-1,WAIT_RELEASE,0,0,0,200000000000,-1,0
0.01714,3,-1,WAIT_RELEASE,0,0,0,200000000000,-1,0
0.01716,0,0,INJECTING,161653408,161561064,1386879564,190000000000,-1,0
0.01716,1,-1,WAIT_RELEASE,0,0,0,200000000000,-1,0
0.01716,2,-1,WAIT_RELEASE,0,0,0,200000000000,-1,0
0.01716,3,-1,WAIT_RELEASE,0,0,0,200000000000,-1,0
0.01718,0,0,INJECTING,162106560,162014216,1386879564,190000000000,-1,0
0.01718,1,-1,WAIT_RELEASE,0,0,0,200000000000,-1,0
0.01718,2,-1,WAIT_RELEASE,0,0,0,200000000000,-1,0
0.01718,3,-1,WAIT_RELEASE,0,0,0,200000000000,-1,0
0.0172,0,0,INJECTING,162559712,162467368,1386879564,190000000000,-1,0
0.0172,1,-1,WAIT_RELEASE,0,0,0,200000000000,-1,0
0.0172,2,-1,WAIT_RELEASE,0,0,0,200000000000,-1,0
0.0172,3,-1,WAIT_RELEASE,0,0,0,200000000000,-1,0
0.01722,0,0,INJECTING,163012864,162920520,1386879564,190000000000,-1,0
0.01722,1,-1,WAIT_RELEASE,0,0,0,200000000000,-1,0
0.01722,2,-1,WAIT_RELEASE,0,0,0,200000000000,-1,0
0.01722,3,-1,WAIT_RELEASE,0,0,0,200000000000,-1,0
0.01724,0,0,INJECTING,163466968,163373672,1386879564,190000000000,-1,0
0.01724,1,-1,WAIT_RELEASE,0,0,0,200000000000,-1,0
0.01724,2,-1,WAIT_RELEASE,0,0,0,200000000000,-1,0
0.01724,3,-1,WAIT_RELEASE,0,0,0,200000000000,-1,0
0.01726,0,0,INJECTING,163920120,163827776,1386879564,190000000000,-1,0
0.01726,1,-1,WAIT_RELEASE,0,0,0,200000000000,-1,0
0.01726,2,-1,WAIT_RELEASE,0,0,0,200000000000,-1,0
0.01726,3,-1,WAIT_RELEASE,0,0,0,200000000000,-1,0
0.01728,0,0,INJECTING,164373272,164280928,1386879564,190000000000,-1,0
0.01728,1,-1,WAIT_RELEASE,0,0,0,200000000000,-1,0
0.01728,2,-1,WAIT_RELEASE,0,0,0,200000000000,-1,0
0.01728,3,-1,WAIT_RELEASE,0,0,0,200000000000,-1,0
0.0173,0,0,INJECTING,164826424,164734080,1386879564,190000000000,-1,0
0.0173,1,-1,WAIT_RELEASE,0,0,0,200000000000,-1,0
0.0173,2,-1,WAIT_RELEASE,0,0,0,200000000000,-1,0
0.0173,3,-1,WAIT_RELEASE,0,0,0,200000000000,-1,0
0.01732,0,0,INJECTING,165279576,165187232,1386879564,190000000000,-1,0
0.01732,1,-1,WAIT_RELEASE,0,0,0,200000000000,-1,0
0.01732,2,-1,WAIT_RELEASE,0,0,0,200000000000,-1,0
0.01732,3,-1,WAIT_RELEASE,0,0,0,200000000000,-1,0
0.01734,0,0,INJECTING,165733680,165640384,1386879564,190000000000,-1,0
0.01734,1,-1,WAIT_RELEASE,0,0,0,200000000000,-1,0
0.01734,2,-1,WAIT_RELEASE,0,0,0,200000000000,-1,0
0.01734,3,-1,WAIT_RELEASE,0,0,0,200000000000,-1,0
0.01736,0,0,INJECTING,166186832,166094488,1386879564,190000000000,-1,0
0.01736,1,-1,WAIT_RELEASE,0,0,0,200000000000,-1,0
0.01736,2,-1,WAIT_RELEASE,0,0,0,200000000000,-1,0
0.01736,3,-1,WAIT_RELEASE,0,0,0,200000000000,-1,0
0.01738,0,0,INJECTING,166639984,166547640,1386879564,190000000000,-1,0
0.01738,1,-1,WAIT_RELEASE,0,0,0,200000000000,-1,0
0.01738,2,-1,WAIT_RELEASE,0,0,0,200000000000,-1,0
0.01738,3,-1,WAIT_RELEASE,0,0,0,200000000000,-1,0
0.0174,0,0,INJECTING,167093136,167000792,1386879564,190000000000,-1,0
0.0174,1,-1,WAIT_RELEASE,0,0,0,200000000000,-1,0
0.0174,2,-1,WAIT_RELEASE,0,0,0,200000000000,-1,0
0.0174,3,-1,WAIT_RELEASE,0,0,0,200000000000,-1,0
0.01742,0,0,INJECTING,167546288,167453944,1386879564,190000000000,-1,0
0.01742,1,-1,WAIT_RELEASE,0,0,0,200000000000,-1,0
0.01742,2,-1,WAIT_RELEASE,0,0,0,200000000000,-1,0
0.01742,3,-1,WAIT_RELEASE,0,0,0,200000000000,-1,0
0.01744,0,0,INJECTING,168000392,167907096,1386879564,190000000000,-1,0
0.01744,1,-1,WAIT_RELEASE,0,0,0,200000000000,-1,0
0.01744,2,-1,WAIT_RELEASE,0,0,0,200000000000,-1,0
0.01744,3,-1,WAIT_RELEASE,0,0,0,200000000000,-1,0
0.01746,0,0,INJECTING,168453544,168361200,1386879564,190000000000,-1,0
0.01746,1,-1,WAIT_RELEASE,0,0,0,200000000000,-1,0
0.01746,2,-1,WAIT_RELEASE,0,0,0,200000000000,-1,0
0.01746,3,-1,WAIT_RELEASE,0,0,0,200000000000,-1,0
0.01748,0,0,INJECTING,168906696,168814352,1386879564,190000000000,-1,0
0.01748,1,-1,WAIT_RELEASE,0,0,0,200000000000,-1,0
0.01748,2,-1,WAIT_RELEASE,0,0,0,200000000000,-1,0
0.01748,3,-1,WAIT_RELEASE,0,0,0,200000000000,-1,0
0.0175,0,0,INJECTING,169359848,169267504,1386879564,190000000000,-1,0
0.0175,1,-1,WAIT_RELEASE,0,0,0,200000000000,-1,0
0.0175,2,-1,WAIT_RELEASE,0,0,0,200000000000,-1,0
0.0175,3,-1,WAIT_RELEASE,0,0,0,200000000000,-1,0
0.01752,0,0,INJECTING,169813000,169720656,1386879564,190000000000,-1,0
0.01752,1,-1,WAIT_RELEASE,0,0,0,200000000000,-1,0
0.01752,2,-1,WAIT_RELEASE,0,0,0,200000000000,-1,0
0.01752,3,-1,WAIT_RELEASE,0,0,0,200000000000,-1,0
0.01754,0,0,INJECTING,170267104,170173808,1386879564,190000000000,-1,0
0.01754,1,-1,WAIT_RELEASE,0,0,0,200000000000,-1,0
0.01754,2,-1,WAIT_RELEASE,0,0,0,200000000000,-1,0
0.01754,3,-1,WAIT_RELEASE,0,0,0,200000000000,-1,0
0.01756,0,0,INJECTING,170720256,170626960,1386879564,190000000000,-1,0
0.01756,1,-1,WAIT_RELEASE,0,0,0,200000000000,-1,0
0.01756,2,-1,WAIT_RELEASE,0,0,0,200000000000,-1,0
0.01756,3,-1,WAIT_RELEASE,0,0,0,200000000000,-1,0
0.01758,0,0,INJECTING,171173408,171081064,1386879564,190000000000,-1,0
0.01758,1,-1,WAIT_RELEASE,0,0,0,200000000000,-1,0
0.01758,2,-1,WAIT_RELEASE,0,0,0,200000000000,-1,0
0.01758,3,-1,WAIT_RELEASE,0,0,0,200000000000,-1,0
0.0176,0,0,INJECTING,171626560,171534216,1386879564,190000000000,-1,0
0.0176,1,-1,WAIT_RELEASE,0,0,0,200000000000,-1,0
0.0176,2,-1,WAIT_RELEASE,0,0,0,200000000000,-1,0
0.0176,3,-1,WAIT_RELEASE,0,0,0,200000000000,-1,0
0.01762,0,0,INJECTING,172079712,171987368,1386879564,190000000000,-1,0
0.01762,1,-1,WAIT_RELEASE,0,0,0,200000000000,-1,0
0.01762,2,-1,WAIT_RELEASE,0,0,0,200000000000,-1,0
0.01762,3,-1,WAIT_RELEASE,0,0,0,200000000000,-1,0
0.01764,0,0,INJECTING,172532864,172440520,1386879564,190000000000,-1,0
0.01764,1,-1,WAIT_RELEASE,0,0,0,200000000000,-1,0
0.01764,2,-1,WAIT_RELEASE,0,0,0,200000000000,-1,0
0.01764,3,-1,WAIT_RELEASE,0,0,0,200000000000,-1,0
0.01766,0,0,INJECTING,172986968,172893672,1386879564,190000000000,-1,0
0.01766,1,-1,WAIT_RELEASE,0,0,0,200000000000,-1,0
0.01766,2,-1,WAIT_RELEASE,0,0,0,200000000000,-1,0
0.01766,3,-1,WAIT_RELEASE,0,0,0,200000000000,-1,0
0.01768,0,0,INJECTING,173440120,173347776,1386879564,190000000000,-1,0
0.01768,1,-1,WAIT_RELEASE,0,0,0,200000000000,-1,0
0.01768,2,-1,WAIT_RELEASE,0,0,0,200000000000,-1,0
0.01768,3,-1,WAIT_RELEASE,0,0,0,200000000000,-1,0
0.0177,0,0,INJECTING,173893272,173800928,1386879564,190000000000,-1,0
0.0177,1,-1,WAIT_RELEASE,0,0,0,200000000000,-1,0
0.0177,2,-1,WAIT_RELEASE,0,0,0,200000000000,-1,0
0.0177,3,-1,WAIT_RELEASE,0,0,0,200000000000,-1,0
0.01772,0,0,INJECTING,174346424,174254080,1386879564,190000000000,-1,0
0.01772,1,-1,WAIT_RELEASE,0,0,0,200000000000,-1,0
0.01772,2,-1,WAIT_RELEASE,0,0,0,200000000000,-1,0
0.01772,3,-1,WAIT_RELEASE,0,0,0,200000000000,-1,0
0.01774,0,0,INJECTING,174799576,174707232,1386879564,190000000000,-1,0
0.01774,1,-1,WAIT_RELEASE,0,0,0,200000000000,-1,0
0.01774,2,-1,WAIT_RELEASE,0,0,0,200000000000,-1,0
0.01774,3,-1,WAIT_RELEASE,0,0,0,200000000000,-1,0
0.01776,0,0,INJECTING,175253680,175160384,1386879564,190000000000,-1,0
0.01776,1,-1,WAIT_RELEASE,0,0,0,200000000000,-1,0
0.01776,2,-1,WAIT_RELEASE,0,0,0,200000000000,-1,0
0.01776,3,-1,WAIT_RELEASE,0,0,0,200000000000,-1,0
0.01778,0,0,INJECTING,175706832,175614488,1386879564,190000000000,-1,0
0.01778,1,-1,WAIT_RELEASE,0,0,0,200000000000,-1,0
0.01778,2,-1,WAIT_RELEASE,0,0,0,200000000000,-1,0
0.01778,3,-1,WAIT_RELEASE,0,0,0,200000000000,-1,0
0.0178,0,0,INJECTING,176159984,176067640,1386879564,190000000000,-1,0
0.0178,1,-1,WAIT_RELEASE,0,0,0,200000000000,-1,0
0.0178,2,-1,WAIT_RELEASE,0,0,0,200000000000,-1,0
0.0178,3,-1,WAIT_RELEASE,0,0,0,200000000000,-1,0
0.01782,0,0,INJECTING,176613136,176520792,1386879564,190000000000,-1,0
0.01782,1,-1,WAIT_RELEASE,0,0,0,200000000000,-1,0
0.01782,2,-1,WAIT_RELEASE,0,0,0,200000000000,-1,0
0.01782,3,-1,WAIT_RELEASE,0,0,0,200000000000,-1,0
0.01784,0,0,INJECTING,177066288,176973944,1386879564,190000000000,-1,0
0.01784,1,-1,WAIT_RELEASE,0,0,0,200000000000,-1,0
0.01784,2,-1,WAIT_RELEASE,0,0,0,200000000000,-1,0
0.01784,3,-1,WAIT_RELEASE,0,0,0,200000000000,-1,0
0.01786,0,0,INJECTING,177520392,177427096,1386879564,190000000000,-1,0
0.01786,1,-1,WAIT_RELEASE,0,0,0,200000000000,-1,0
0.01786,2,-1,WAIT_RELEASE,0,0,0,200000000000,-1,0
0.01786,3,-1,WAIT_RELEASE,0,0,0,200000000000,-1,0
0.01788,0,0,INJECTING,177973544,177881200,1386879564,190000000000,-1,0
0.01788,1,-1,WAIT_RELEASE,0,0,0,200000000000,-1,0
0.01788,2,-1,WAIT_RELEASE,0,0,0,200000000000,-1,0
0.01788,3,-1,WAIT_RELEASE,0,0,0,200000000000,-1,0
0.0179,0,0,INJECTING,178426696,178334352,1386879564,190000000000,-1,0
0.0179,1,-1,WAIT_RELEASE,0,0,0,200000000000,-1,0
0.0179,2,-1,WAIT_RELEASE,0,0,0,200000000000,-1,0
0.0179,3,-1,WAIT_RELEASE,0,0,0,200000000000,-1,0
0.01792,0,0,INJECTING,178879848,178787504,1386879564,190000000000,-1,0
0.01792,1,-1,WAIT_RELEASE,0,0,0,200000000000,-1,0
0.01792,2,-1,WAIT_RELEASE,0,0,0,200000000000,-1,0
0.01792,3,-1,WAIT_RELEASE,0,0,0,200000000000,-1,0
0.01794,0,0,INJECTING,179333000,179240656,1386879564,190000000000,-1,0
0.01794,1,-1,WAIT_RELEASE,0,0,0,200000000000,-1,0
0.01794,2,-1,WAIT_RELEASE,0,0,0,200000000000,-1,0
0.01794,3,-1,WAIT_RELEASE,0,0,0,200000000000,-1,0
0.01796,0,0,INJECTING,179787104,179693808,1386879564,190000000000,-1,0
0.01796,1,-1,WAIT_RELEASE,0,0,0,200000000000,-1,0
0.01796,2,-1,WAIT_RELEASE,0,0,0,200000000000,-1,0
0.01796,3,-1,WAIT_RELEASE,0,0,0,200000000000,-1,0
0.01798,0,0,INJECTING,180240256,180146960,1386879564,190000000000,-1,0
0.01798,1,-1,WAIT_RELEASE,0,0,0,200000000000,-1,0
0.01798,2,-1,WAIT_RELEASE,0,0,0,200000000000,-1,0
0.01798,3,-1,WAIT_RELEASE,0,0,0,200000000000,-1,0
0.018,0,0,INJECTING,180693408,180601064,1386879564,190000000000,-1,0
0.018,1,-1,WAIT_RELEASE,0,0,0,200000000000,-1,0
0.018,2,-1,WAIT_RELEASE,0,0,0,200000000000,-1,0
0.018,3,-1,WAIT_RELEASE,0,0,0,200000000000,-1,0
0.01802,0,0,INJECTING,181146560,181054216,1386879564,190000000000,-1,0
0.01802,1,-1,WAIT_RELEASE,0,0,0,200000000000,-1,0
0.01802,2,-1,WAIT_RELEASE,0,0,0,200000000000,-1,0
0.01802,3,-1,WAIT_RELEASE,0,0,0,200000000000,-1,0
0.01804,0,0,INJECTING,181599712,181507368,1386879564,190000000000,-1,0
0.01804,1,-1,WAIT_RELEASE,0,0,0,200000000000,-1,0
0.01804,2,-1,WAIT_RELEASE,0,0,0,200000000000,-1,0
0.01804,3,-1,WAIT_RELEASE,0,0,0,200000000000,-1,0
0.01806,0,0,INJECTING,182052864,181960520,1386879564,190000000000,-1,0
0.01806,1,-1,WAIT_RELEASE,0,0,0,200000000000,-1,0
0.01806,2,-1,WAIT_RELEASE,0,0,0,200000000000,-1,0
0.01806,3,-1,WAIT_RELEASE,0,0,0,200000000000,-1,0
0.01808,0,0,INJECTING,182506968,182413672,1386879564,190000000000,-1,0
0.01808,1,-1,WAIT_RELEASE,0,0,0,200000000000,-1,0
0.01808,2,-1,WAIT_RELEASE,0,0,0,200000000000,-1,0
0.01808,3,-1,WAIT_RELEASE,0,0,0,200000000000,-1,0
0.0181,0,0,INJECTING,182960120,182867776,1386879564,190000000000,-1,0
0.0181,1,-1,WAIT_RELEASE,0,0,0,200000000000,-1,0
0.0181,2,-1,WAIT_RELEASE,0,0,0,200000000000,-1,0
0.0181,3,-1,WAIT_RELEASE,0,0,0,200000000000,-1,0
0.01812,0,0,INJECTING,183413272,183320928,1386879564,190000000000,-1,0
0.01812,1,-1,WAIT_RELEASE,0,0,0,200000000000,-1,0
0.01812,2,-1,WAIT_RELEASE,0,0,0,200000000000,-1,0
0.01812,3,-1,WAIT_RELEASE,0,0,0,200000000000,-1,0
0.01814,0,0,INJECTING,183866424,183774080,1386879564,190000000000,-1,0
0.01814,1,-1,WAIT_RELEASE,0,0,0,200000000000,-1,0
0.01814,2,-1,WAIT_RELEASE,0,0,0,200000000000,-1,0
0.01814,3,-1,WAIT_RELEASE,0,0,0,200000000000,-1,0
0.01816,0,0,INJECTING,184319576,184227232,1386879564,190000000000,-1,0
0.01816,1,-1,WAIT_RELEASE,0,0,0,200000000000,-1,0
0.01816,2,-1,WAIT_RELEASE,0,0,0,200000000000,-1,0
0.01816,3,-1,WAIT_RELEASE,0,0,0,200000000000,-1,0
0.01818,0,0,INJECTING,184773680,184680384,1386879564,190000000000,-1,0
0.01818,1,-1,WAIT_RELEASE,0,0,0,200000000000,-1,0
0.01818,2,-1,WAIT_RELEASE,0,0,0,200000000000,-1,0
0.01818,3,-1,WAIT_RELEASE,0,0,0,200000000000,-1,0
0.0182,0,0,INJECTING,185226832,185134488,1386879564,190000000000,-1,0
0.0182,1,-1,WAIT_RELEASE,0,0,0,200000000000,-1,0
0.0182,2,-1,WAIT_RELEASE,0,0,0,200000000000,-1,0
0.0182,3,-1,WAIT_RELEASE,0,0,0,200000000000,-1,0
0.01822,0,0,INJECTING,185679984,185587640,1386879564,190000000000,-1,0
0.01822,1,-1,WAIT_RELEASE,0,0,0,200000000000,-1,0
0.01822,2,-1,WAIT_RELEASE,0,0,0,200000000000,-1,0
0.01822,3,-1,WAIT_RELEASE,0,0,0,200000000000,-1,0
0.01824,0,0,INJECTING,186133136,186040792,1386879564,190000000000,-1,0
0.01824,1,-1,WAIT_RELEASE,0,0,0,200000000000,-1,0
0.01824,2,-1,WAIT_RELEASE,0,0,0,200000000000,-1,0
0.01824,3,-1,WAIT_RELEASE,0,0,0,200000000000,-1,0
0.01826,0,0,INJECTING,186586288,186493944,1386879564,190000000000,-1,0
0.01826,1,-1,WAIT_RELEASE,0,0,0,200000000000,-1,0
0.01826,2,-1,WAIT_RELEASE,0,0,0,200000000000,-1,0
0.01826,3,-1,WAIT_RELEASE,0,0,0,200000000000,-1,0
0.01828,0,0,INJECTING,187040392,186947096,1386879564,190000000000,-1,0
0.01828,1,-1,WAIT_RELEASE,0,0,0,200000000000,-1,0
0.01828,2,-1,WAIT_RELEASE,0,0,0,200000000000,-1,0
0.01828,3,-1,WAIT_RELEASE,0,0,0,200000000000,-1,0
0.0183,0,0,INJECTING,187493544,187401200,1386879564,190000000000,-1,0
0.0183,1,-1,WAIT_RELEASE,0,0,0,200000000000,-1,0
0.0183,2,-1,WAIT_RELEASE,0,0,0,200000000000,-1,0
0.0183,3,-1,WAIT_RELEASE,0,0,0,200000000000,-1,0
0.01832,0,0,INJECTING,187946696,187854352,1386879564,190000000000,-1,0
0.01832,1,-1,WAIT_RELEASE,0,0,0,200000000000,-1,0
0.01832,2,-1,WAIT_RELEASE,0,0,0,200000000000,-1,0
0.01832,3,-1,WAIT_RELEASE,0,0,0,200000000000,-1,0
0.01834,0,0,INJECTING,188399848,188307504,1386879564,190000000000,-1,0
0.01834,1,-1,WAIT_RELEASE,0,0,0,200000000000,-1,0
0.01834,2,-1,WAIT_RELEASE,0,0,0,200000000000,-1,0
0.01834,3,-1,WAIT_RELEASE,0,0,0,200000000000,-1,0
0.01836,0,0,INJECTING,188853000,188760656,1386879564,190000000000,-1,0
0.01836,1,-1,WAIT_RELEASE,0,0,0,200000000000,-1,0
0.01836,2,-1,WAIT_RELEASE,0,0,0,200000000000,-1,0
0.01836,3,-1,WAIT_RELEASE,0,0,0,200000000000,-1,0
0.01838,0,0,INJECTING,189307104,189213808,1386879564,190000000000,-1,0
0.01838,1,-1,WAIT_RELEASE,0,0,0,200000000000,-1,0
0.01838,2,-1,WAIT_RELEASE,0,0,0,200000000000,-1,0
0.01838,3,-1,WAIT_RELEASE,0,0,0,200000000000,-1,0
0.0184,0,0,INJECTING,189760256,189666960,1386879564,190000000000,-1,0
0.0184,1,-1,WAIT_RELEASE,0,0,0,200000000000,-1,0
0.0184,2,-1,WAIT_RELEASE,0,0,0,200000000000,-1,0
0.0184,3,-1,WAIT_RELEASE,0,0,0,200000000000,-1,0
0.01842,0,0,INJECTING,190213408,190121064,1386879564,190000000000,-1,0
0.01842,1,-1,WAIT_RELEASE,0,0,0,200000000000,-1,0
0.01842,2,-1,WAIT_RELEASE,0,0,0,200000000000,-1,0
0.01842,3,-1,WAIT_RELEASE,0,0,0,200000000000,-1,0
0.01844,0,0,INJECTING,190666560,190574216,1386879564,190000000000,-1,0
0.01844,1,-1,WAIT_RELEASE,0,0,0,200000000000,-1,0
0.01844,2,-1,WAIT_RELEASE,0,0,0,200000000000,-1,0
0.01844,3,-1,WAIT_RELEASE,0,0,0,200000000000,-1,0
0.01846,0,0,INJECTING,191119712,191027368,1386879564,190000000000,-1,0
0.01846,1,-1,WAIT_RELEASE,0,0,0,200000000000,-1,0
0.01846,2,-1,WAIT_RELEASE,0,0,0,200000000000,-1,0
0.01846,3,-1,WAIT_RELEASE,0,0,0,200000000000,-1,0
0.01848,0,0,INJECTING,191572864,191480520,1386879564,190000000000,-1,0
0.01848,1,-1,WAIT_RELEASE,0,0,0,200000000000,-1,0
0.01848,2,-1,WAIT_RELEASE,0,0,0,200000000000,-1,0
0.01848,3,-1,WAIT_RELEASE,0,0,0,200000000000,-1,0
0.0185,0,0,INJECTING,192026968,191933672,1386879564,190000000000,-1,0
0.0185,1,-1,WAIT_RELEASE,0,0,0,200000000000,-1,0
0.0185,2,-1,WAIT_RELEASE,0,0,0,200000000000,-1,0
0.0185,3,-1,WAIT_RELEASE,0,0,0,200000000000,-1,0
0.01852,0,0,INJECTING,192480120,192387776,1386879564,190000000000,-1,0
0.01852,1,-1,WAIT_RELEASE,0,0,0,200000000000,-1,0
0.01852,2,-1,WAIT_RELEASE,0,0,0,200000000000,-1,0
0.01852,3,-1,WAIT_RELEASE,0,0,0,200000000000,-1,0
0.01854,0,0,INJECTING,192933272,192840928,1386879564,190000000000,-1,0
0.01854,1,-1,WAIT_RELEASE,0,0,0,200000000000,-1,0
0.01854,2,-1,WAIT_RELEASE,0,0,0,200000000000,-1,0
0.01854,3,-1,WAIT_RELEASE,0,0,0,200000000000,-1,0
0.01856,0,0,INJECTING,193386424,193294080,1386879564,190000000000,-1,0
0.01856,1,-1,WAIT_RELEASE,0,0,0,200000000000,-1,0
0.01856,2,-1,WAIT_RELEASE,0,0,0,200000000000,-1,0
0.01856,3,-1,WAIT_RELEASE,0,0,0,200000000000,-1,0
0.01858,0,0,INJECTING,193839576,193747232,1386879564,190000000000,-1,0
0.01858,1,-1,WAIT_RELEASE,0,0,0,200000000000,-1,0
0.01858,2,-1,WAIT_RELEASE,0,0,0,200000000000,-1,0
0.01858,3,-1,WAIT_RELEASE,0,0,0,200000000000,-1,0
0.0186,0,0,INJECTING,194293680,194200384,1386879564,190000000000,-1,0
0.0186,1,-1,WAIT_RELEASE,0,0,0,200000000000,-1,0
0.0186,2,-1,WAIT_RELEASE,0,0,0,200000000000,-1,0
0.0186,3,-1,WAIT_RELEASE,0,0,0,200000000000,-1,0
0.01862,0,0,INJECTING,194746832,194654488,1386879564,190000000000,-1,0
0.01862,1,-1,WAIT_RELEASE,0,0,0,200000000000,-1,0
0.01862,2,-1,WAIT_RELEASE,0,0,0,200000000000,-1,0
0.01862,3,-1,WAIT_RELEASE,0,0,0,200000000000,-1,0
0.01864,0,0,INJECTING,195199984,195107640,1386879564,190000000000,-1,0
0.01864,1,-1,WAIT_RELEASE,0,0,0,200000000000,-1,0
0.01864,2,-1,WAIT_RELEASE,0,0,0,200000000000,-1,0
0.01864,3,-1,WAIT_RELEASE,0,0,0,200000000000,-1,0
0.01866,0,0,INJECTING,195653136,195560792,1386879564,190000000000,-1,0
0.01866,1,-1,WAIT_RELEASE,0,0,0,200000000000,-1,0
0.01866,2,-1,WAIT_RELEASE,0,0,0,200000000000,-1,0
0.01866,3,-1,WAIT_RELEASE,0,0,0,200000000000,-1,0
0.01868,0,0,INJECTING,196106288,196013944,1386879564,190000000000,-1,0
0.01868,1,-1,WAIT_RELEASE,0,0,0,200000000000,-1,0
0.01868,2,-1,WAIT_RELEASE,0,0,0,200000000000,-1,0
0.01868,3,-1,WAIT_RELEASE,0,0,0,200000000000,-1,0
0.0187,0,0,INJECTING,196560392,196467096,1386879564,190000000000,-1,0
0.0187,1,-1,WAIT_RELEASE,0,0,0,200000000000,-1,0
0.0187,2,-1,WAIT_RELEASE,0,0,0,200000000000,-1,0
0.0187,3,-1,WAIT_RELEASE,0,0,0,200000000000,-1,0
0.01872,0,0,INJECTING,197013544,196921200,1386879564,190000000000,-1,0
0.01872,1,-1,WAIT_RELEASE,0,0,0,200000000000,-1,0
0.01872,2,-1,WAIT_RELEASE,0,0,0,200000000000,-1,0
0.01872,3,-1,WAIT_RELEASE,0,0,0,200000000000,-1,0
0.01874,0,0,INJECTING,197466696,197374352,1386879564,190000000000,-1,0
0.01874,1,-1,WAIT_RELEASE,0,0,0,200000000000,-1,0
0.01874,2,-1,WAIT_RELEASE,0,0,0,200000000000,-1,0
0.01874,3,-1,WAIT_RELEASE,0,0,0,200000000000,-1,0
0.01876,0,0,INJECTING,197919848,197827504,1386879564,190000000000,-1,0
0.01876,1,-1,WAIT_RELEASE,0,0,0,200000000000,-1,0
0.01876,2,-1,WAIT_RELEASE,0,0,0,200000000000,-1,0
0.01876,3,-1,WAIT_RELEASE,0,0,0,200000000000,-1,0
0.01878,0,0,INJECTING,198373000,198280656,1386879564,190000000000,-1,0
0.01878,1,-1,WAIT_RELEASE,0,0,0,200000000000,-1,0
0.01878,2,-1,WAIT_RELEASE,0,0,0,200000000000,-1,0
0.01878,3,-1,WAIT_RELEASE,0,0,0,200000000000,-1,0
0.0188,0,0,INJECTING,198827104,198733808,1386879564,190000000000,-1,0
0.0188,1,-1,WAIT_RELEASE,0,0,0,200000000000,-1,0
0.0188,2,-1,WAIT_RELEASE,0,0,0,200000000000,-1,0
0.0188,3,-1,WAIT_RELEASE,0,0,0,200000000000,-1,0
0.01882,0,0,INJECTING,199280256,199186960,1386879564,190000000000,-1,0
0.01882,1,-1,WAIT_RELEASE,0,0,0,200000000000,-1,0
0.01882,2,-1,WAIT_RELEASE,0,0,0,200000000000,-1,0
0.01882,3,-1,WAIT_RELEASE,0,0,0,200000000000,-1,0
0.01884,0,0,INJECTING,199733408,199641064,1386879564,190000000000,-1,0
0.01884,1,-1,WAIT_RELEASE,0,0,0,200000000000,-1,0
0.01884,2,-1,WAIT_RELEASE,0,0,0,200000000000,-1,0
0.01884,3,-1,WAIT_RELEASE,0,0,0,200000000000,-1,0
0.01886,0,0,INJECTING,200186560,200094216,1386879564,190000000000,-1,0
0.01886,1,-1,WAIT_RELEASE,0,0,0,200000000000,-1,0
0.01886,2,-1,WAIT_RELEASE,0,0,0,200000000000,-1,0
0.01886,3,-1,WAIT_RELEASE,0,0,0,200000000000,-1,0
0.01888,0,0,INJECTING,200639712,200547368,1386879564,190000000000,-1,0
0.01888,1,-1,WAIT_RELEASE,0,0,0,200000000000,-1,0
0.01888,2,-1,WAIT_RELEASE,0,0,0,200000000000,-1,0
0.01888,3,-1,WAIT_RELEASE,0,0,0,200000000000,-1,0
0.0189,0,0,INJECTING,201092864,201000520,1386879564,190000000000,-1,0
0.0189,1,-1,WAIT_RELEASE,0,0,0,200000000000,-1,0
0.0189,2,-1,WAIT_RELEASE,0,0,0,200000000000,-1,0
0.0189,3,-1,WAIT_RELEASE,0,0,0,200000000000,-1,0
0.01892,0,0,INJECTING,201546968,201453672,1386879564,190000000000,-1,0
0.01892,1,-1,WAIT_RELEASE,0,0,0,200000000000,-1,0
0.01892,2,-1,WAIT_RELEASE,0,0,0,200000000000,-1,0
0.01892,3,-1,WAIT_RELEASE,0,0,0,200000000000,-1,0
0.01894,0,0,INJECTING,202000120,201907776,1386879564,190000000000,-1,0
0.01894,1,-1,WAIT_RELEASE,0,0,0,200000000000,-1,0
0.01894,2,-1,WAIT_RELEASE,0,0,0,200000000000,-1,0
0.01894,3,-1,WAIT_RELEASE,0,0,0,200000000000,-1,0
0.01896,0,0,INJECTING,202453272,202360928,1386879564,190000000000,-1,0
0.01896,1,-1,WAIT_RELEASE,0,0,0,200000000000,-1,0
0.01896,2,-1,WAIT_RELEASE,0,0,0,200000000000,-1,0
0.01896,3,-1,WAIT_RELEASE,0,0,0,200000000000,-1,0
0.01898,0,0,INJECTING,202906424,202814080,1386879564,190000000000,-1,0
0.01898,1,-1,WAIT_RELEASE,0,0,0,200000000000,-1,0
0.01898,2,-1,WAIT_RELEASE,0,0,0,200000000000,-1,0
0.01898,3,-1,WAIT_RELEASE,0,0,0,200000000000,-1,0
0.019,0,0,INJECTING,203359576,203267232,1386879564,190000000000,-1,0
0.019,1,-1,WAIT_RELEASE,0,0,0,200000000000,-1,0
0.019,2,-1,WAIT_RELEASE,0,0,0,200000000000,-1,0
0.019,3,-1,WAIT_RELEASE,0,0,0,200000000000,-1,0
0.01902,0,0,INJECTING,203813680,203720384,1386879564,190000000000,-1,0
0.01902,1,-1,WAIT_RELEASE,0,0,0,200000000000,-1,0
0.01902,2,-1,WAIT_RELEASE,0,0,0,200000000000,-1,0
0.01902,3,-1,WAIT_RELEASE,0,0,0,200000000000,-1,0
0.01904,0,0,INJECTING,204266832,204174488,1386879564,190000000000,-1,0
0.01904,1,-1,WAIT_RELEASE,0,0,0,200000000000,-1,0
0.01904,2,-1,WAIT_RELEASE,0,0,0,200000000000,-1,0
0.01904,3,-1,WAIT_RELEASE,0,0,0,200000000000,-1,0
0.01906,0,0,INJECTING,204719984,204627640,1386879564,190000000000,-1,0
0.01906,1,-1,WAIT_RELEASE,0,0,0,200000000000,-1,0
0.01906,2,-1,WAIT_RELEASE,0,0,0,200000000000,-1,0
0.01906,3,-1,WAIT_RELEASE,0,0,0,200000000000,-1,0
0.01908,0,0,INJECTING,205173136,205080792,1386879564,190000000000,-1,0
0.01908,1,-1,WAIT_RELEASE,0,0,0,200000000000,-1,0
0.01908,2,-1,WAIT_RELEASE,0,0,0,200000000000,-1,0
0.01908,3,-1,WAIT_RELEASE,0,0,0,200000000000,-1,0
0.0191,0,0,INJECTING,205626288,205533944,1386879564,190000000000,-1,0
0.0191,1,-1,WAIT_RELEASE,0,0,0,200000000000,-1,0
0.0191,2,-1,WAIT_RELEASE,0,0,0,200000000000,-1,0
0.0191,3,-1,WAIT_RELEASE,0,0,0,200000000000,-1,0
0.01912,0,0,INJECTING,206080392,205987096,1386879564,190000000000,-1,0
0.01912,1,-1,WAIT_RELEASE,0,0,0,200000000000,-1,0
0.01912,2,-1,WAIT_RELEASE,0,0,0,200000000000,-1,0
0.01912,3,-1,WAIT_RELEASE,0,0,0,200000000000,-1,0
0.01914,0,0,INJECTING,206533544,206441200,1386879564,190000000000,-1,0
0.01914,1,-1,WAIT_RELEASE,0,0,0,200000000000,-1,0
0.01914,2,-1,WAIT_RELEASE,0,0,0,200000000000,-1,0
0.01914,3,-1,WAIT_RELEASE,0,0,0,200000000000,-1,0
0.01916,0,0,INJECTING,206986696,206894352,1386879564,190000000000,-1,0
0.01916,1,-1,WAIT_RELEASE,0,0,0,200000000000,-1,0
0.01916,2,-1,WAIT_RELEASE,0,0,0,200000000000,-1,0
0.01916,3,-1,WAIT_RELEASE,0,0,0,200000000000,-1,0
0.01918,0,0,INJECTING,207439848,207347504,1386879564,190000000000,-1,0
0.01918,1,-1,WAIT_RELEASE,0,0,0,200000000000,-1,0
0.01918,2,-1,WAIT_RELEASE,0,0,0,200000000000,-1,0
0.01918,3,-1,WAIT_RELEASE,0,0,0,200000000000,-1,0
0.0192,0,0,INJECTING,207893000,207800656,1386879564,190000000000,-1,0
0.0192,1,-1,WAIT_RELEASE,0,0,0,200000000000,-1,0
0.0192,2,-1,WAIT_RELEASE,0,0,0,200000000000,-1,0
0.0192,3,-1,WAIT_RELEASE,0,0,0,200000000000,-1,0
0.01922,0,0,INJECTING,208347104,208253808,1386879564,190000000000,-1,0
0.01922,1,-1,WAIT_RELEASE,0,0,0,200000000000,-1,0
0.01922,2,-1,WAIT_RELEASE,0,0,0,200000000000,-1,0
0.01922,3,-1,WAIT_RELEASE,0,0,0,200000000000,-1,0
0.01924,0,0,INJECTING,208800256,208706960,1386879564,190000000000,-1,0
0.01924,1,-1,WAIT_RELEASE,0,0,0,200000000000,-1,0
0.01924,2,-1,WAIT_RELEASE,0,0,0,200000000000,-1,0
0.01924,3,-1,WAIT_RELEASE,0,0,0,200000000000,-1,0
0.01926,0,0,INJECTING,209253408,209161064,1386879564,190000000000,-1,0
0.01926,1,-1,WAIT_RELEASE,0,0,0,200000000000,-1,0
0.01926,2,-1,WAIT_RELEASE,0,0,0,200000000000,-1,0
0.01926,3,-1,WAIT_RELEASE,0,0,0,200000000000,-1,0
0.01928,0,0,INJECTING,209706560,209614216,1386879564,190000000000,-1,0
0.01928,1,-1,WAIT_RELEASE,0,0,0,200000000000,-1,0
0.01928,2,-1,WAIT_RELEASE,0,0,0,200000000000,-1,0
0.01928,3,-1,WAIT_RELEASE,0,0,0,200000000000,-1,0
0.0193,0,0,INJECTING,210159712,210067368,1386879564,190000000000,-1,0
0.0193,1,-1,WAIT_RELEASE,0,0,0,200000000000,-1,0
0.0193,2,-1,WAIT_RELEASE,0,0,0,200000000000,-1,0
0.0193,3,-1,WAIT_RELEASE,0,0,0,200000000000,-1,0
0.01932,0,0,INJECTING,210612864,210520520,1386879564,190000000000,-1,0
0.01932,1,-1,WAIT_RELEASE,0,0,0,200000000000,-1,0
0.01932,2,-1,WAIT_RELEASE,0,0,0,200000000000,-1,0
0.01932,3,-1,WAIT_RELEASE,0,0,0,200000000000,-1,0
0.01934,0,0,INJECTING,211066968,210973672,1386879564,190000000000,-1,0
0.01934,1,-1,WAIT_RELEASE,0,0,0,200000000000,-1,0
0.01934,2,-1,WAIT_RELEASE,0,0,0,200000000000,-1,0
0.01934,3,-1,WAIT_RELEASE,0,0,0,200000000000,-1,0
0.01936,0,0,INJECTING,211520120,211427776,1386879564,190000000000,-1,0
0.01936,1,-1,WAIT_RELEASE,0,0,0,200000000000,-1,0
0.01936,2,-1,WAIT_RELEASE,0,0,0,200000000000,-1,0
0.01936,3,-1,WAIT_RELEASE,0,0,0,200000000000,-1,0
0.01938,0,0,INJECTING,211973272,211880928,1386879564,190000000000,-1,0
0.01938,1,-1,WAIT_RELEASE,0,0,0,200000000000,-1,0
0.01938,2,-1,WAIT_RELEASE,0,0,0,200000000000,-1,0
0.01938,3,-1,WAIT_RELEASE,0,0,0,200000000000,-1,0
0.0194,0,0,INJECTING,212426424,212334080,1386879564,190000000000,-1,0
0.0194,1,-1,WAIT_RELEASE,0,0,0,200000000000,-1,0
0.0194,2,-1,WAIT_RELEASE,0,0,0,200000000000,-1,0
0.0194,3,-1,WAIT_RELEASE,0,0,0,200000000000,-1,0
0.01942,0,0,INJECTING,212879576,212787232,1386879564,190000000000,-1,0
0.01942,1,-1,WAIT_RELEASE,0,0,0,200000000000,-1,0
0.01942,2,-1,WAIT_RELEASE,0,0,0,200000000000,-1,0
0.01942,3,-1,WAIT_RELEASE,0,0,0,200000000000,-1,0
0.01944,0,0,INJECTING,213333680,213240384,1386879564,190000000000,-1,0
0.01944,1,-1,WAIT_RELEASE,0,0,0,200000000000,-1,0
0.01944,2,-1,WAIT_RELEASE,0,0,0,200000000000,-1,0
0.01944,3,-1,WAIT_RELEASE,0,0,0,200000000000,-1,0
0.01946,0,0,INJECTING,213786832,213694488,1386879564,190000000000,-1,0
0.01946,1,-1,WAIT_RELEASE,0,0,0,200000000000,-1,0
0.01946,2,-1,WAIT_RELEASE,0,0,0,200000000000,-1,0
0.01946,3,-1,WAIT_RELEASE,0,0,0,200000000000,-1,0
0.01948,0,0,INJECTING,214239984,214147640,1386879564,190000000000,-1,0
0.01948,1,-1,WAIT_RELEASE,0,0,0,200000000000,-1,0
0.01948,2,-1,WAIT_RELEASE,0,0,0,200000000000,-1,0
0.01948,3,-1,WAIT_RELEASE,0,0,0,200000000000,-1,0
0.0195,0,0,INJECTING,214693136,214600792,1386879564,190000000000,-1,0
0.0195,1,-1,WAIT_RELEASE,0,0,0,200000000000,-1,0
0.0195,2,-1,WAIT_RELEASE,0,0,0,200000000000,-1,0
0.0195,3,-1,WAIT_RELEASE,0,0,0,200000000000,-1,0
0.01952,0,0,INJECTING,215146288,215053944,1386879564,190000000000,-1,0
0.01952,1,-1,WAIT_RELEASE,0,0,0,200000000000,-1,0
0.01952,2,-1,WAIT_RELEASE,0,0,0,200000000000,-1,0
0.01952,3,-1,WAIT_RELEASE,0,0,0,200000000000,-1,0
0.01954,0,0,INJECTING,215600392,215507096,1386879564,190000000000,-1,0
0.01954,1,-1,WAIT_RELEASE,0,0,0,200000000000,-1,0
0.01954,2,-1,WAIT_RELEASE,0,0,0,200000000000,-1,0
0.01954,3,-1,WAIT_RELEASE,0,0,0,200000000000,-1,0
0.01956,0,0,INJECTING,216053544,215961200,1386879564,190000000000,-1,0
0.01956,1,-1,WAIT_RELEASE,0,0,0,200000000000,-1,0
0.01956,2,-1,WAIT_RELEASE,0,0,0,200000000000,-1,0
0.01956,3,-1,WAIT_RELEASE,0,0,0,200000000000,-1,0
0.01958,0,0,INJECTING,216506696,216414352,1386879564,190000000000,-1,0
0.01958,1,-1,WAIT_RELEASE,0,0,0,200000000000,-1,0
0.01958,2,-1,WAIT_RELEASE,0,0,0,200000000000,-1,0
0.01958,3,-1,WAIT_RELEASE,0,0,0,200000000000,-1,0
0.0196,0,0,INJECTING,216959848,216867504,1386879564,190000000000,-1,0
0.0196,1,-1,WAIT_RELEASE,0,0,0,200000000000,-1,0
0.0196,2,-1,WAIT_RELEASE,0,0,0,200000000000,-1,0
0.0196,3,-1,WAIT_RELEASE,0,0,0,200000000000,-1,0
0.01962,0,0,INJECTING,217413000,217320656,1386879564,190000000000,-1,0
0.01962,1,-1,WAIT_RELEASE,0,0,0,200000000000,-1,0
0.01962,2,-1,WAIT_RELEASE,0,0,0,200000000000,-1,0
0.01962,3,-1,WAIT_RELEASE,0,0,0,200000000000,-1,0
0.01964,0,0,INJECTING,217867104,217773808,1386879564,190000000000,-1,0
0.01964,1,-1,WAIT_RELEASE,0,0,0,200000000000,-1,0
0.01964,2,-1,WAIT_RELEASE,0,0,0,200000000000,-1,0
0.01964,3,-1,WAIT_RELEASE,0,0,0,200000000000,-1,0
0.01966,0,0,INJECTING,218320256,218226960,1386879564,190000000000,-1,0
0.01966,1,-1,WAIT_RELEASE,0,0,0,200000000000,-1,0
0.01966,2,-1,WAIT_RELEASE,0,0,0,200000000000,-1,0
0.01966,3,-1,WAIT_RELEASE,0,0,0,200000000000,-1,0
0.01968,0,0,INJECTING,218773408,218681064,1386879564,190000000000,-1,0
0.01968,1,-1,WAIT_RELEASE,0,0,0,200000000000,-1,0
0.01968,2,-1,WAIT_RELEASE,0,0,0,200000000000,-1,0
0.01968,3,-1,WAIT_RELEASE,0,0,0,200000000000,-1,0
0.0197,0,0,INJECTING,219226560,219134216,1386879564,190000000000,-1,0
0.0197,1,-1,WAIT_RELEASE,0,0,0,200000000000,-1,0
0.0197,2,-1,WAIT_RELEASE,0,0,0,200000000000,-1,0
0.0197,3,-1,WAIT_RELEASE,0,0,0,200000000000,-1,0
0.01972,0,0,INJECTING,219679712,219587368,1386879564,190000000000,-1,0
0.01972,1,-1,WAIT_RELEASE,0,0,0,200000000000,-1,0
0.01972,2,-1,WAIT_RELEASE,0,0,0,200000000000,-1,0
0.01972,3,-1,WAIT_RELEASE,0,0,0,200000000000,-1,0
0.01974,0,0,INJECTING,220132864,220040520,1386879564,190000000000,-1,0
0.01974,1,-1,WAIT_RELEASE,0,0,0,200000000000,-1,0
0.01974,2,-1,WAIT_RELEASE,0,0,0,200000000000,-1,0
0.01974,3,-1,WAIT_RELEASE,0,0,0,200000000000,-1,0
0.01976,0,0,INJECTING,220586968,220493672,1386879564,190000000000,-1,0
0.01976,1,-1,WAIT_RELEASE,0,0,0,200000000000,-1,0
0.01976,2,-1,WAIT_RELEASE,0,0,0,200000000000,-1,0
0.01976,3,-1,WAIT_RELEASE,0,0,0,200000000000,-1,0
0.01978,0,0,INJECTING,221040120,220947776,1386879564,190000000000,-1,0
0.01978,1,-1,WAIT_RELEASE,0,0,0,200000000000,-1,0
0.01978,2,-1,WAIT_RELEASE,0,0,0,200000000000,-1,0
0.01978,3,-1,WAIT_RELEASE,0,0,0,200000000000,-1,0
0.0198,0,0,INJECTING,221493272,221400928,1386879564,190000000000,-1,0
0.0198,1,-1,WAIT_RELEASE,0,0,0,200000000000,-1,0
0.0198,2,-1,WAIT_RELEASE,0,0,0,200000000000,-1,0
0.0198,3,-1,WAIT_RELEASE,0,0,0,200000000000,-1,0
0.01982,0,0,INJECTING,221946424,221854080,1386879564,190000000000,-1,0
0.01982,1,-1,WAIT_RELEASE,0,0,0,200000000000,-1,0
0.01982,2,-1,WAIT_RELEASE,0,0,0,200000000000,-1,0
0.01982,3,-1,WAIT_RELEASE,0,0,0,200000000000,-1,0
0.01984,0,0,INJECTING,222399576,222307232,1386879564,190000000000,-1,0
0.01984,1,-1,WAIT_RELEASE,0,0,0,200000000000,-1,0
0.01984,2,-1,WAIT_RELEASE,0,0,0,200000000000,-1,0
0.01984,3,-1,WAIT_RELEASE,0,0,0,200000000000,-1,0
0.01986,0,0,INJECTING,222853680,222760384,1386879564,190000000000,-1,0
0.01986,1,-1,WAIT_RELEASE,0,0,0,200000000000,-1,0
0.01986,2,-1,WAIT_RELEASE,0,0,0,200000000000,-1,0
0.01986,3,-1,WAIT_RELEASE,0,0,0,200000000000,-1,0
0.01988,0,0,INJECTING,223306832,223214488,1386879564,190000000000,-1,0
0.01988,1,-1,WAIT_RELEASE,0,0,0,200000000000,-1,0
0.01988,2,-1,WAIT_RELEASE,0,0,0,200000000000,-1,0
0.01988,3,-1,WAIT_RELEASE,0,0,0,200000000000,-1,0
0.0199,0,0,INJECTING,223759984,223667640,1386879564,190000000000,-1,0
0.0199,1,-1,WAIT_RELEASE,0,0,0,200000000000,-1,0
0.0199,2,-1,WAIT_RELEASE,0,0,0,200000000000,-1,0
0.0199,3,-1,WAIT_RELEASE,0,0,0,200000000000,-1,0
0.01992,0,0,INJECTING,224213136,224120792,1386879564,190000000000,-1,0
0.01992,1,-1,WAIT_RELEASE,0,0,0,200000000000,-1,0
0.01992,2,-1,WAIT_RELEASE,0,0,0,200000000000,-1,0
0.01992,3,-1,WAIT_RELEASE,0,0,0,200000000000,-1,0
0.01994,0,0,INJECTING,224666288,224573944,1386879564,190000000000,-1,0
0.01994,1,-1,WAIT_RELEASE,0,0,0,200000000000,-1,0
0.01994,2,-1,WAIT_RELEASE,0,0,0,200000000000,-1,0
0.01994,3,-1,WAIT_RELEASE,0,0,0,200000000000,-1,0
0.01996,0,0,INJECTING,225120392,225027096,1386879564,190000000000,-1,0
0.01996,1,-1,WAIT_RELEASE,0,0,0,200000000000,-1,0
0.01996,2,-1,WAIT_RELEASE,0,0,0,200000000000,-1,0
0.01996,3,-1,WAIT_RELEASE,0,0,0,200000000000,-1,0
0.01998,0,0,INJECTING,225573544,225481200,1386879564,190000000000,-1,0
0.01998,1,-1,WAIT_RELEASE,0,0,0,200000000000,-1,0
0.01998,2,-1,WAIT_RELEASE,0,0,0,200000000000,-1,0
0.01998,3,-1,WAIT_RELEASE,0,0,0,200000000000,-1,0
0.02,0,0,INJECTING,226026696,225934352,1386879564,190000000000,-1,0
0.02,1,-1,WAIT_RELEASE,0,0,0,2828125000,-1,0
0.02,2,-1,WAIT_RELEASE,0,0,0,2828125000,-1,0
0.02,3,-1,WAIT_RELEASE,0,0,0,2828125000,-1,0
0.02002,0,0,INJECTING,226396072,226315152,1386879564,102789999999,-1,0
0.02002,1,0,INJECTING,3808,952,4194304,2100840336,-1,0
0.02002,2,0,INJECTING,3808,952,4194304,2100840336,-1,0
0.02002,3,0,INJECTING,3808,952,4194304,2100840336,-1,0
0.02004,0,0,INJECTING,226529352,226491272,1386879564,39117978999,-1,0
0.02004,1,0,INJECTING,10472,5712,4194304,2623138439,-1,0
0.02004,2,0,INJECTING,10472,5712,4194304,2623138439,-1,0
0.02004,3,0,INJECTING,10472,5712,4194304,2623138439,-1,0
0.02006,0,0,INJECTING,226595992,226572192,1386879564,23830326756,-1,0
0.02006,1,0,INJECTING,16184,11424,4194304,2815151144,-1,0
0.02006,2,0,INJECTING,16184,11424,4194304,2815151144,-1,0
0.02006,3,0,INJECTING,16184,11424,4194304,2815151144,-1,0
0.02008,0,0,INJECTING,226645496,226625504,1386879564,20159761452,-1,0
0.02008,1,0,INJECTING,22848,18088,4194304,2853642810,-1,0
0.02008,2,0,INJECTING,22848,18088,4194304,2853642810,-1,0
0.02008,3,0,INJECTING,22848,18088,4194304,2853642810,-1,0
0.0201,0,0,INJECTING,226669296,226661680,1386879564,6372298996,-1,0
0.0201,1,0,INJECTING,30464,24752,4194304,3087932828,-1,0
0.0201,2,0,INJECTING,30464,24752,4194304,3087932828,-1,0
0.0201,3,0,INJECTING,30464,24752,4194304,3087932828,-1,0
0.02012,0,0,INJECTING,226677864,226675008,1386879564,3061929260,-1,0
0.02012,1,0,INJECTING,38080,31416,4194304,3139657355,-1,0
0.02012,2,0,INJECTING,38080,31416,4194304,3139657355,-1,0
0.02012,3,0,INJECTING,38080,31416,4194304,3139657355,-1,0
0.02014,0,0,INJECTING,226683576,226681672,1386879564,2267109487,-1,0
0.02014,1,0,INJECTING,45696,39032,4194304,3147992294,-1,0
0.02014,2,0,INJECTING,45696,39032,4194304,3147992294,-1,0
0.02014,3,0,INJECTING,45696,39032,4194304,3147992294,-1,0
0.02016,0,0,INJECTING,226689288,226686432,1386879564,2068125425,-1,0
0.02016,1,0,INJECTING,53312,46648,4194304,3166260085,-1,0
0.02016,2,0,INJECTING,53312,46648,4194304,3166260085,-1,0
0.02016,3,0,INJECTING,53312,46648,4194304,3166260085,-1,0
0.02018,0,0,INJECTING,226694048,226691192,1386879564,2016356913,-1,0
0.02018,1,0,INJECTING,59976,54264,4194304,3155994423,-1,0
0.02018,2,0,INJECTING,59976,54264,4194304,3155994423,-1,0
0.02018,3,0,INJECTING,59976,54264,4194304,3155994423,-1,0
0.0202,0,0,INJECTING,226698808,226695952,1386879564,2016356913,-1,0
0.0202,1,0,INJECTING,67592,60928,4194304,3155994423,-1,0
0.0202,2,0,INJECTING,67592,60928,4194304,3155994423,-1,0
0.0202,3,0,INJECTING,67592,60928,4194304,3155994423,-1,0
0.02022,0,0,INJECTING,226703568,226700712,1386879564,2016356913,-1,0
0.02022,1,0,INJECTING,75208,68544,4194304,3155994423,-1,0
0.02022,2,0,INJECTING,75208,68544,4194304,3155994423,-1,0
0.02022,3,0,INJECTING,75208,68544,4194304,3155994423,-1,0
0.02024,0,0,INJECTING,226708328,226705472,1386879564,2016356913,-1,0
0.02024,1,0,INJECTING,82824,76160,4194304,3155994423,-1,0
0.02024,2,0,INJECTING,82824,76160,4194304,3155994423,-1,0
0.02024,3,0,INJECTING,82824,76160,4194304,3155994423,-1,0
0.02026,0,0,INJECTING,226713088,226710232,1386879564,2016356913,-1,0
0.02026,1,0,INJECTING,90440,83776,4194304,3155994423,-1,0
0.02026,2,0,INJECTING,90440,82824,4194304,3155994423,-1,0
0.02026,3,0,INJECTING,90440,82824,4194304,3155994423,-1,0
0.02028,0,0,INJECTING,226717848,226714992,1386879564,2016356913,-1,0
0.02028,1,0,INJECTING,98056,90440,4194304,3155994423,-1,0
0.02028,2,0,INJECTING,98056,90440,4194304,3155994423,-1,0
0.02028,3,0,INJECTING,98056,90440,4194304,3155994423,-1,0
0.0203,0,0,INJECTING,226722608,226719752,1386879564,2016356913,-1,0
0.0203,1,0,INJECTING,105672,98056,4194304,3155994423,-1,0
0.0203,2,0,INJECTING,105672,98056,4194304,3155994423,-1,0
0.0203,3,0,INJECTING,105672,98056,4194304,3155994423,-1,0
0.02032,0,0,INJECTING,226727368,226724512,1386879564,2016356913,-1,0
0.02032,1,0,INJECTING,113288,105672,4194304,3155994423,-1,0
0.02032,2,0,INJECTING,113288,105672,4194304,3155994423,-1,0
0.02032,3,0,INJECTING,113288,105672,4194304,3155994423,-1,0
0.02034,0,0,INJECTING,226732128,226729272,1386879564,2016356913,-1,0
0.02034,1,0,INJECTING,120904,112336,4194304,3155994423,-1,0
0.02034,2,0,INJECTING,120904,112336,4194304,3155994423,-1,0
0.02034,3,0,INJECTING,120904,112336,4194304,3155994423,-1,0
0.02036,0,0,INJECTING,226736888,226734032,1386879564,2016356913,-1,0
0.02036,1,0,INJECTING,127568,119952,4194304,3155994423,-1,0
0.02036,2,0,INJECTING,127568,119952,4194304,3155994423,-1,0
0.02036,3,0,INJECTING,127568,119952,4194304,3155994423,-1,0
0.02038,0,0,INJECTING,226741648,226738792,1386879564,2016356913,-1,0
0.02038,1,0,INJECTING,135184,127568,4194304,3155994423,-1,0
0.02038,2,0,INJECTING,135184,127568,4194304,3155994423,-1,0
0.02038,3,0,INJECTING,135184,127568,4194304,3155994423,-1,0
0.0204,0,0,INJECTING,226746408,226743552,1386879564,2016356913,-1,0
0.0204,1,0,INJECTING,142800,135184,4194304,3155994423,-1,0
0.0204,2,0,INJECTING,142800,135184,4194304,3155994423,-1,0
0.0204,3,0,INJECTING,142800,135184,4194304,3155994423,-1,0
0.02042,0,0,INJECTING,226751168,226748312,1386879564,2016356913,-1,0
0.02042,1,0,INJECTING,150416,141848,4194304,3155994423,-1,0
0.02042,2,0,INJECTING,150416,141848,4194304,3155994423,-1,0
0.02042,3,0,INJECTING,150416,141848,4194304,3155994423,-1,0
0.02044,0,0,INJECTING,226755928,226753072,1386879564,2016356913,-1,0
0.02044,1,0,INJECTING,158032,149464,4194304,3155994423,-1,0
0.02044,2,0,INJECTING,158032,149464,4194304,3155994423,-1,0
0.02044,3,0,INJECTING,158032,149464,4194304,3155994423,-1,0
0.02046,0,0,INJECTING,226760688,226757832,1386879564,2016356913,-1,0
0.02046,1,0,INJECTING,165648,157080,4194304,3155994423,-1,0
0.02046,2,0,INJECTING,165648,157080,4194304,3155994423,-1,0
0.02046,3,0,INJECTING,165648,157080,4194304,3155994423,-1,0
0.02048,0,0,INJECTING,226765448,226762592,1386879564,2016356913,-1,0
0.02048,1,0,INJECTING,173264,164696,4194304,3155994423,-1,0
0.02048,2,0,INJECTING,173264,164696,4194304,3155994423,-1,0
0.02048,3,0,INJECTING,173264,164696,4194304,3155994423,-1,0
0.0205,0,0,INJECTING,226770208,226767352,1386879564,2016356913,-1,0
0.0205,1,0,INJECTING,180880,171360,4194304,3155994423,-1,0
0.0205,2,0,INJECTING,180880,171360,4194304,3155994423,-1,0
0.0205,3,0,INJECTING,180880,171360,4194304,3155994423,-1,0
0.02052,0,0,INJECTING,226774968,226771160,1386879564,2016356913,-1,0
0.02052,1,0,INJECTING,188496,178976,4194304,3155994423,-1,0
0.02052,2,0,INJECTING,188496,178976,4194304,3155994423,-1,0
0.02052,3,0,INJECTING,188496,178976,4194304,3155994423,-1,0
0.02054,0,0,INJECTING,226780680,226775920,1386879564,2016356913,-1,0
0.02054,1,0,INJECTING,195160,186592,4194304,3155994423,-1,0
0.02054,2,0,INJECTING,195160,186592,4194304,3155994423,-1,0
0.02054,3,0,INJECTING,195160,186592,4194304,3155994423,-1,0
0.02056,0,0,INJECTING,226785440,226780680,1386879564,2016356913,-1,0
0.02056,1,0,INJECTING,202776,194208,4194304,3155994423,-1,0
0.02056,2,0,INJECTING,202776,193256,4194304,3155994423,-1,0
0.02056,3,0,INJECTING,202776,193256,4194304,3155994423,-1,0
0.02058,0,0,INJECTING,226790200,226785440,1386879564,2016356913,-1,0
0.02058,1,0,INJECTING,210392,200872,4194304,3155994423,-1,0
0.02058,2,0,INJECTING,210392,200872,4194304,3155994423,-1,0
0.02058,3,0,INJECTING,210392,200872,4194304,3155994423,-1,0
0.0206,0,0,INJECTING,226794960,226790200,1386879564,2016356913,-1,0
0.0206,1,0,INJECTING,218008,208488,4194304,3155994423,-1,0
0.0206,2,0,INJECTING,218008,208488,4194304,3155994423,-1,0
0.0206,3,0,INJECTING,218008,208488,4194304,3155994423,-1,0
0.02062,0,0,INJECTING,226799720,226794960,1386879564,2016356913,-1,0
0.02062,1,0,INJECTING,225624,216104,4194304,3155994423,-1,0
0.02062,2,0,INJECTING,225624,216104,4194304,3155994423,-1,0
0.02062,3,0,INJECTING,225624,216104,4194304,3155994423,-1,0
0.02064,0,0,INJECTING,226804480,226799720,1386879564,2016356913,-1,0
0.02064,1,0,INJECTING,233240,222768,4194304,3155994423,-1,0
0.02064,2,0,INJECTING,233240,222768,4194304,3155994423,-1,0
0.02064,3,0,INJECTING,233240,222768,4194304,3155994423,-1,0
0.02066,0,0,INJECTING,226809240,226804480,1386879564,2016356913,-1,0
0.02066,1,0,INJECTING,240856,230384,4194304,3155994423,-1,0
0.02066,2,0,INJECTING,240856,230384,4194304,3155994423,-1,0
0.02066,3,0,INJECTING,240856,230384,4194304,3155994423,-1,0
0.02068,0,0,INJECTING,226814000,226809240,1386879564,2016356913,-1,0
0.02068,1,0,INJECTING,248472,238000,4194304,3155994423,-1,0
0.02068,2,0,INJECTING,248472,238000,4194304,3155994423,-1,0
0.02068,3,0,INJECTING,248472,238000,4194304,3155994423,-1,0
0.0207,0,0,INJECTING,226818760,226814000,1386879564,2016356913,-1,0
0.0207,1,0,INJECTING,256088,245616,4194304,3155994423,-1,0
0.0207,2,0,INJECTING,256088,245616,4194304,3155994423,-1,0
0.0207,3,0,INJECTING,256088,245616,4194304,3155994423,-1,0
0.02072,0,0,INJECTING,226823520,226818760,1386879564,2016356913,-1,0
0.02072,1,0,INJECTING,262752,252280,4194304,3155994423,-1,0
0.02072,2,0,INJECTING,262752,252280,4194304,3155994423,-1,0
0.02072,3,0,INJECTING,262752,252280,4194304,3155994423,-1,0
0.02074,0,0,INJECTING,226828280,226823520,1386879564,2016356913,-1,0
0.02074,1,0,INJECTING,270368,259896,4194304,3155994423,-1,0
0.02074,2,0,INJECTING,270368,259896,4194304,3155994423,-1,0
0.02074,3,0,INJECTING,270368,259896,4194304,3155994423,-1,0
0.02076,0,0,INJECTING,226833040,226828280,1386879564,2016356913,-1,0
0.02076,1,0,INJECTING,277984,267512,4194304,3155994423,-1,0
0.02076,2,0,INJECTING,277984,267512,4194304,3155994423,-1,0
0.02076,3,0,INJECTING,277984,267512,4194304,3155994423,-1,0
0.02078,0,0,INJECTING,226837800,226833040,1386879564,2016356913,-1,0
0.02078,1,0,INJECTING,285600,275128,4194304,3155994423,-1,0
0.02078,2,0,INJECTING,285600,275128,4194304,3155994423,-1,0
0.02078,3,0,INJECTING,285600,275128,4194304,3155994423,-1,0
0.0208,0,0,INJECTING,226842560,226837800,1386879564,2016356913,-1,0
0.0208,1,0,INJECTING,293216,281792,4194304,3274058256,-1,0
0.0208,2,0,INJECTING,293216,281792,4194304,3274058256,-1,0
0.0208,3,0,INJECTING,293216,281792,4194304,3274058256,-1,0
0.02082,0,0,INJECTING,226847320,226842560,1386879564,2016356913,-1,0
0.02082,1,0,INJECTING,300832,289408,4194304,3320446095,-1,0
0.02082,2,0,INJECTING,300832,289408,4194304,3320446095,-1,0
0.02082,3,0,INJECTING,300832,289408,4194304,3320446095,-1,0
0.02084,0,0,INJECTING,226852080,226847320,1386879564,2016356913,-1,0
0.02084,1,0,INJECTING,309400,297024,4194304,3346337195,-1,0
0.02084,2,0,INJECTING,309400,297024,4194304,3346337195,-1,0
0.02084,3,0,INJECTING,309400,297024,4194304,3346337195,-1,0
0.02086,0,0,INJECTING,226856840,226852080,1386879564,2016356913,-1,0
0.02086,1,0,INJECTING,315112,305592,4194304,2000000000,-1,0
0.02086,2,0,INJECTING,317016,305592,4194304,3458600821,-1,0
0.02086,3,0,INJECTING,317016,305592,4194304,3458600821,-1,0
0.02088,0,0,INJECTING,226861600,226856840,1386879564,2016356913,-1,0
0.02088,1,0,INJECTING,319872,312256,4194304,2000000000,-1,0
0.02088,2,0,INJECTING,325584,313208,4194304,3555192068,-1,0
0.02088,3,0,INJECTING,325584,313208,4194304,3555192068,-1,0
0.0209,0,0,INJECTING,226866360,226861600,1386879564,2016356913,-1,0
0.0209,1,0,INJECTING,324632,317968,4194304,2000000000,-1,0
0.0209,2,0,INJECTING,332248,321776,4194304,2000000000,-1,0
0.0209,3,0,INJECTING,334152,321776,4194304,3627526583,-1,0
0.02092,0,0,INJECTING,226871120,226866360,1386879564,2000000000,-1,0
0.02092,1,0,INJECTING,329392,322728,4194304,2000000000,-1,0
0.02092,2,0,INJECTING,337008,329392,4194304,2000000000,-1,0
0.02092,3,0,INJECTING,342720,330344,4194304,3627916033,-1,0
0.02094,0,0,INJECTING,226875880,226871120,1386879564,2000000000,-1,0
0.02094,1,0,INJECTING,334152,327488,4194304,2000000000,-1,0
0.02094,2,0,INJECTING,341768,334152,4194304,2000000000,-1,0
0.02094,3,0,INJECTING,351288,338912,4194304,3708333333,-1,0
0.02096,0,0,INJECTING,226880640,226875880,1386879564,2000000000,-1,0
0.02096,1,0,INJECTING,338912,332248,4194304,2000000000,-1,0
0.02096,2,0,INJECTING,346528,338912,4194304,2000000000,-1,0
0.02096,3,0,INJECTING,360808,347480,4194304,3794871794,-1,0
0.02098,0,0,INJECTING,226885400,226880640,1386879564,2000000000,-1,0
0.02098,1,0,INJECTING,343672,336056,4194304,2000000000,-1,0
0.02098,2,0,INJECTING,351288,343672,4194304,2000000000,-1,0
0.02098,3,0,INJECTING,370328,356048,4194304,4058823529,-1,0
0.021,0,0,INJECTING,226890160,226885400,1386879564,2000000000,-1,0
0.021,1,0,INJECTING,348432,340816,4194304,2000000000,-1,0
0.021,2,0,INJECTING,356048,348432,4194304,2000000000,-1,0
0.021,3,0,INJECTING,379848,365568,4194304,4058823529,-1,0
0.02102,0,0,INJECTING,226894920,226890160,1386879564,2000000000,-1,0
0.02102,1,0,INJECTING,353192,346528,4194304,2000000000,-1,0
0.02102,2,0,INJECTING,360808,353192,4194304,2000000000,-1,0
0.02102,3,0,INJECTING,389368,375088,4194304,4058823529,-1,0
0.02104,0,0,INJECTING,226899680,226894920,1386879564,2000000000,-1,0
0.02104,1,0,INJECTING,357952,351288,4194304,2000000000,-1,0
0.02104,2,0,INJECTING,365568,357952,4194304,2000000000,-1,0
0.02104,3,0,INJECTING,398888,384608,4194304,4058823529,-1,0
0.02106,0,0,INJECTING,226904440,226899680,1386879564,2000000000,-1,0
0.02106,1,0,INJECTING,362712,356048,4194304,2000000000,-1,0
0.02106,2,0,INJECTING,370328,362712,4194304,2000000000,-1,0
0.02106,3,0,INJECTING,408408,395080,4194304,4058823529,-1,0
0.02108,0,0,INJECTING,226909200,226904440,1386879564,2000000000,-1,0
0.02108,1,0,INJECTING,367472,360808,4194304,2000000000,-1,0
0.02108,2,0,INJECTING,375088,367472,4194304,2000000000,-1,0
0.02108,3,0,INJECTING,418880,404600,4194304,4058823529,-1,0
0.0211,0,0,INJECTING,226913960,226909200,1386879564,2000000000,-1,0
0.0211,1,0,INJECTING,372232,365568,4194304,2000000000,-1,0
0.0211,2,0,INJECTING,379848,372232,4194304,2000000000,-1,0
0.0211,3,0,INJECTING,428400,414120,4194304,4058823529,-1,0
0.02112,0,0,INJECTING,226918720,226913960,1386879564,2000000000,-1,0
0.02112,1,0,INJECTING,376992,370328,4194304,2000000000,-1,0
0.02112,2,0,INJECTING,384608,376992,4194304,2000000000,-1,0
0.02112,3,0,INJECTING,437920,423640,4194304,4058823529,-1,0
0.02114,0,0,INJECTING,226923480,226918720,1386879564,2000000000,-1,0
0.02114,1,0,INJECTING,381752,375088,4194304,2000000000,-1,0
0.02114,2,0,INJECTING,389368,381752,4194304,2000000000,-1,0
0.02114,3,0,INJECTING,447440,434112,4194304,4058823529,-1,0
0.02116,0,0,INJECTING,226928240,226923480,1386879564,2000000000,-1,0
0.02116,1,0,INJECTING,387464,379848,4194304,2686114147,-1,0
0.02116,2,0,INJECTING,394128,387464,4194304,2000000000,-1,0
0.02116,3,0,INJECTING,456960,443632,4194304,4058823529,-1,0
0.02118,0,0,INJECTING,226933000,226928240,1386879564,2000000000,-1,0
0.02118,1,0,INJECTING,394128,384608,4194304,2686114147,-1,0
0.02118,2,0,INJECTING,398888,392224,4194304,2000000000,-1,0
0.02118,3,0,INJECTING,466480,453152,4194304,4058823529,-1,0
0.0212,0,0,INJECTING,226937760,226933000,1386879564,2000000000,-1,0
0.0212,1,0,INJECTING,399840,391272,4194304,2686114147,-1,0
0.0212,2,0,INJECTING,403648,396032,4194304,2000000000,-1,0
0.0212,3,0,INJECTING,476000,462672,4194304,4058823529,-1,0
0.02122,0,0,INJECTING,226942520,226937760,1386879564,2000000000,-1,0
0.02122,1,0,INJECTING,406504,397936,4194304,2686114147,-1,0
0.02122,2,0,INJECTING,408408,400792,4194304,2000000000,-1,0
0.02122,3,0,INJECTING,486472,472192,4194304,4058823529,-1,0
0.02124,0,0,INJECTING,226947280,226942520,1386879564,2008178456,-1,0
0.02124,1,0,INJECTING,413168,403648,4194304,2686114147,-1,0
0.02124,2,0,INJECTING,413168,405552,4194304,2000000000,-1,0
0.02124,3,0,INJECTING,495992,481712,4194304,4058823529,-1,0
0.02126,0,0,INJECTING,226952040,226947280,1386879564,2008178456,-1,0
0.02126,1,0,INJECTING,419832,410312,4194304,2686114147,-1,0
0.02126,2,0,INJECTING,417928,410312,4194304,2000000000,-1,0
0.02126,3,0,INJECTING,505512,491232,4194304,4058823529,-1,0
0.02128,0,0,INJECTING,226956800,226952040,1386879564,2008178456,-1,0
0.02128,1,0,INJECTING,425544,416976,4194304,2686114147,-1,0
0.02128,2,0,INJECTING,422688,415072,4194304,2777596034,-1,0
0.02128,3,0,INJECTING,515032,500752,4194304,4058823529,-1,0
0.0213,0,0,INJECTING,226961560,226956800,1386879564,2008178456,-1,0
0.0213,1,0,INJECTING,432208,422688,4194304,2686114147,-1,0
0.0213,2,0,INJECTING,429352,419832,4194304,2777596034,-1,0
0.0213,3,0,INJECTING,524552,510272,4194304,4058823529,-1,0
0.02132,0,0,INJECTING,226966320,226961560,1386879564,2008178456,-1,0
0.02132,1,0,INJECTING,438872,429352,4194304,2686114147,-1,0
0.02132,2,0,INJECTING,436016,425544,4194304,2777596034,-1,0
0.02132,3,0,INJECTING,534072,519792,4194304,4058823529,-1,0
0.02134,0,0,INJECTING,226971080,226966320,1386879564,2008178456,-1,0
0.02134,1,0,INJECTING,444584,435064,4194304,2686114147,-1,0
0.02134,2,0,INJECTING,441728,432208,4194304,2777596034,-1,0
0.02134,3,0,INJECTING,543592,529312,4194304,4058823529,-1,0
0.02136,0,0,INJECTING,226975840,226971080,1386879564,2008178456,-1,0
0.02136,1,0,INJECTING,451248,441728,4194304,2686114147,-1,0
0.02136,2,0,INJECTING,448392,438872,4194304,2777596034,-1,0
0.02136,3,0,INJECTING,554064,538832,4194304,4058823529,-1,0
0.02138,0,0,INJECTING,226980600,226975840,1386879564,2000000000,-1,0
0.02138,1,0,INJECTING,456960,447440,4194304,2000000000,-1,0
0.02138,2,0,INJECTING,455056,445536,4194304,2777596034,-1,0
0.02138,3,0,INJECTING,563584,548352,4194304,4058823529,-1,0
0.0214,0,0,INJECTING,226985360,226980600,1386879564,2000000000,-1,0
0.0214,1,0,INJECTING,461720,454104,4194304,2000000000,-1,0
0.0214,2,0,INJECTING,461720,452200,4194304,2777596034,-1,0
0.0214,3,0,INJECTING,573104,558824,4194304,4058823529,-1,0
0.02142,0,0,INJECTING,226990120,226986312,1386879564,2000000000,-1,0
0.02142,1,0,INJECTING,466480,459816,4194304,2000000000,-1,0
0.02142,2,0,INJECTING,468384,459816,4194304,2777596034,-1,0
0.02142,3,0,INJECTING,582624,569296,4194304,4058823529,-1,0
0.02144,0,0,INJECTING,226994880,226991072,1386879564,2000000000,-1,0
0.02144,1,0,INJECTING,471240,464576,4194304,2000000000,-1,0
0.02144,2,0,INJECTING,475048,466480,4194304,2777596034,-1,0
0.02144,3,0,INJECTING,592144,579768,4194304,4058823529,-1,0
0.02146,0,0,INJECTING,226999640,226996784,1386879564,2000000000,-1,0
0.02146,1,0,INJECTING,476000,470288,4194304,2000000000,-1,0
0.02146,2,0,INJECTING,481712,474096,4194304,2777596034,-1,0
0.02146,3,0,INJECTING,601664,591192,4194304,4058823529,-1,0
0.02148,0,0,INJECTING,227004400,227001544,1386879564,2000000000,-1,0
0.02148,1,0,INJECTING,480760,475048,4194304,2000000000,-1,0
0.02148,2,0,INJECTING,488376,481712,4194304,2777596034,-1,0
0.02148,3,0,INJECTING,611184,601664,4194304,4058823529,-1,0
0.0215,0,0,INJECTING,227009160,227007256,1386879564,2000000000,-1,0
0.0215,1,0,INJECTING,485520,480760,4194304,2000000000,-1,0
0.0215,2,0,INJECTING,495040,488376,4194304,2777596034,-1,0
0.0215,3,0,INJECTING,621656,612136,4194304,4058823529,-1,0
0.02152,0,0,INJECTING,227013920,227012016,1386879564,2000000000,-1,0
0.02152,1,0,INJECTING,490280,485520,4194304,2000000000,-1,0
0.02152,2,0,INJECTING,501704,495992,4194304,2777596034,-1,0
0.02152,3,0,INJECTING,631176,622608,4194304,4058823529,-1,0
0.02154,0,0,INJECTING,227018680,227017728,1386879564,2000000000,-1,0
0.02154,1,0,INJECTING,495040,491232,4194304,2000000000,-1,0
0.02154,2,0,INJECTING,508368,502656,4194304,2777596034,-1,0
0.02154,3,0,INJECTING,640696,633080,4194304,4058823529,-1,0
0.02156,0,0,INJECTING,227023440,227022488,1386879564,2000000000,-1,0
0.02156,1,0,INJECTING,499800,495992,4194304,2000000000,-1,0
0.02156,2,0,INJECTING,515032,510272,4194304,2777596034,-1,0
0.02156,3,0,INJECTING,650216,643552,4194304,4058823529,-1,0
0.02158,0,0,INJECTING,227028200,227027248,1386879564,2000000000,-1,0
0.02158,1,0,INJECTING,504560,500752,4194304,2000000000,-1,0
0.02158,2,0,INJECTING,521696,517888,4194304,3166394051,-1,0
0.02158,3,0,INJECTING,659736,654024,4194304,4058823529,-1,0
0.0216,0,0,INJECTING,227032960,227032008,1386879564,2000000000,-1,0
0.0216,1,0,INJECTING,509320,505512,4194304,2000000000,-1,0
0.0216,2,0,INJECTING,529312,524552,4194304,3166394051,-1,0
0.0216,3,0,INJECTING,669256,663544,4194304,4058823529,-1,0
0.02162,0,0,INJECTING,227037720,227036768,1386879564,2000000000,-1,0
0.02162,1,0,INJECTING,514080,510272,4194304,2000000000,-1,0
0.02162,2,0,INJECTING,536928,532168,4194304,3166394051,-1,0
0.02162,3,0,INJECTING,679728,673064,4194304,4058823529,-1,0
0.02164,0,0,INJECTING,227042480,227041528,1386879564,2000000000,-1,0
0.02164,1,0,INJECTING,518840,515032,4194304,2000000000,-1,0
0.02164,2,0,INJECTING,544544,539784,4194304,3166394051,-1,0
0.02164,3,0,INJECTING,689248,682584,4194304,4058823529,-1,0
0.02166,0,0,INJECTING,227047240,227046288,1386879564,2000000000,-1,0
0.02166,1,0,INJECTING,523600,519792,4194304,2000000000,-1,0
0.02166,2,0,INJECTING,552160,547400,4194304,3166394051,-1,0
0.02166,3,0,INJECTING,698768,693056,4194304,4058823529,-1,0
0.02168,0,0,INJECTING,227052000,227051048,1386879564,2004089228,-1,0
0.02168,1,0,INJECTING,528360,525504,4194304,2343057073,-1,0
0.02168,2,0,INJECTING,558824,555016,4194304,3166394051,-1,0
0.02168,3,0,INJECTING,708288,702576,4194304,4058823529,-1,0
0.0217,0,0,INJECTING,227056760,227055808,1386879564,2004089228,-1,0
0.0217,1,0,INJECTING,534072,530264,4194304,2343057073,-1,0
0.0217,2,0,INJECTING,566440,561680,4194304,3166394051,-1,0
0.0217,3,0,INJECTING,717808,712096,4194304,4058823529,-1,0
0.02172,0,0,INJECTING,227061520,227060568,1386879564,2004089228,-1,0
0.02172,1,0,INJECTING,539784,535976,4194304,2343057073,-1,0
0.02172,2,0,INJECTING,574056,569296,4194304,3166394051,-1,0
0.02172,3,0,INJECTING,727328,720664,4194304,4058823529,-1,0
0.02174,0,0,INJECTING,227066280,227065328,1386879564,2004089228,-1,0
0.02174,1,0,INJECTING,545496,541688,4194304,2343057073,-1,0
0.02174,2,0,INJECTING,581672,576912,4194304,3166394051,-1,0
0.02174,3,0,INJECTING,736848,730184,4194304,4058823529,-1,0
0.02176,0,0,INJECTING,227071040,227070088,1386879564,2004089228,-1,0
0.02176,1,0,INJECTING,551208,546448,4194304,2343057073,-1,0
0.02176,2,0,INJECTING,589288,583576,4194304,3166394051,-1,0
0.02176,3,0,INJECTING,747320,739704,4194304,4058823529,-1,0
0.02178,0,0,INJECTING,227075800,227073896,1386879564,2004089228,-1,0
0.02178,1,0,INJECTING,556920,552160,4194304,2343057073,-1,0
0.02178,2,0,INJECTING,596904,591192,4194304,3166394051,-1,0
0.02178,3,0,INJECTING,756840,749224,4194304,4058823529,-1,0
0.0218,0,0,INJECTING,227080560,227078656,1386879564,2004089228,-1,0
0.0218,1,0,INJECTING,561680,556920,4194304,2343057073,-1,0
0.0218,2,0,INJECTING,604520,597856,4194304,3166394051,-1,0
0.0218,3,0,INJECTING,766360,757792,4194304,4058823529,-1,0
0.02182,0,0,INJECTING,227085320,227083416,1386879564,2004089228,-1,0
0.02182,1,0,INJECTING,567392,562632,4194304,2343057073,-1,0
0.02182,2,0,INJECTING,612136,605472,4194304,3166394051,-1,0
0.02182,3,0,INJECTING,775880,767312,4194304,4058823529,-1,0
0.02184,0,0,INJECTING,227090080,227088176,1386879564,2004089228,-1,0
0.02184,1,0,INJECTING,573104,568344,4194304,2343057073,-1,0
0.02184,2,0,INJECTING,619752,612136,4194304,3166394051,-1,0
0.02184,3,0,INJECTING,785400,776832,4194304,4058823529,-1,0
0.02186,0,0,INJECTING,227094840,227092936,1386879564,2004089228,-1,0
0.02186,1,0,INJECTING,578816,573104,4194304,2343057073,-1,0
0.02186,2,0,INJECTING,627368,619752,4194304,3166394051,-1,0
0.02186,3,0,INJECTING,794920,785400,4194304,4058823529,-1,0
0.02188,0,0,INJECTING,227100552,227096744,1386879564,2004089228,-1,0
0.02188,1,0,INJECTING,584528,578816,4194304,2343057073,-1,0
0.02188,2,0,INJECTING,634984,626416,4194304,3360793059,-1,0
0.02188,3,0,INJECTING,804440,794920,4194304,4058823529,-1,0
0.0219,0,0,INJECTING,227105312,227101504,1386879564,2004089228,-1,0
0.0219,1,0,INJECTING,590240,583576,4194304,2343057073,-1,0
0.0219,2,0,INJECTING,642600,634032,4194304,3360793059,-1,0
0.0219,3,0,INJECTING,814912,803488,4194304,4058823529,-1,0
0.02192,0,0,INJECTING,227110072,227106264,1386879564,2004089228,-1,0
0.02192,1,0,INJECTING,595952,589288,4194304,2343057073,-1,0
0.02192,2,0,INJECTING,650216,641648,4194304,3360793059,-1,0
0.02192,3,0,INJECTING,824432,813008,4194304,4058823529,-1,0
0.02194,0,0,INJECTING,227114832,227110072,1386879564,2004089228,-1,0
0.02194,1,0,INJECTING,600712,594048,4194304,2343057073,-1,0
0.02194,2,0,INJECTING,658784,649264,4194304,3360793059,-1,0
0.02194,3,0,INJECTING,833952,822528,4194304,4058823529,-1,0
0.02196,0,0,INJECTING,227119592,227114832,1386879564,2004089228,-1,0
0.02196,1,0,INJECTING,606424,599760,4194304,2343057073,-1,0
0.02196,2,0,INJECTING,666400,655928,4194304,3360793059,-1,0
0.02196,3,0,INJECTING,843472,831096,4194304,4058823529,-1,0
0.02198,0,0,INJECTING,227124352,227119592,1386879564,2006133842,-1,0
0.02198,1,0,INJECTING,612136,604520,4194304,2514585609,-1,0
0.02198,2,0,INJECTING,674968,663544,4194304,3360793059,-1,0
0.02198,3,0,INJECTING,852992,840616,4194304,4058823529,-1,0
0.022,0,0,INJECTING,227129112,227123400,1386879564,2006133842,-1,0
0.022,1,0,INJECTING,618800,610232,4194304,2514585609,-1,0
0.022,2,0,INJECTING,682584,671160,4194304,3360793059,-1,0
0.022,3,0,INJECTING,862512,849184,4194304,4058823529,-1,0
0.02202,0,0,INJECTING,227133872,227128160,1386879564,2006133842,-1,0
0.02202,1,0,INJECTING,624512,614992,4194304,2514585609,-1,0
0.02202,2,0,INJECTING,690200,678776,4194304,3360793059,-1,0
0.02202,3,0,INJECTING,872032,857752,4194304,4058823529,-1,0
0.02204,0,0,INJECTING,227138632,227131968,1386879564,2006133842,-1,0
0.02204,1,0,INJECTING,630224,620704,4194304,2514585609,-1,0
0.02204,2,0,INJECTING,698768,685440,4194304,3360793059,-1,0
0.02204,3,0,INJECTING,882504,866320,4194304,4058823529,-1,0
0.02206,0,0,INJECTING,227143392,227136728,1386879564,2006133842,-1,0
0.02206,1,0,INJECTING,636888,626416,4194304,2514585609,-1,0
0.02206,2,0,INJECTING,706384,693056,4194304,3360793059,-1,0
0.02206,3,0,INJECTING,892024,875840,4194304,4058823529,-1,0
0.02208,0,0,INJECTING,227148152,227141488,1386879564,2006133842,-1,0
0.02208,1,0,INJECTING,642600,632128,4194304,2514585609,-1,0
0.02208,2,0,INJECTING,714952,701624,4194304,3360793059,-1,0
0.02208,3,0,INJECTING,896784,885360,4194304,2029411764,-1,0
0.0221,0,0,INJECTING,227152912,227147200,1386879564,2006133842,-1,0
0.0221,1,0,INJECTING,648312,638792,4194304,2514585609,-1,0
0.0221,2,0,INJECTING,722568,709240,4194304,3360793059,-1,0
0.0221,3,0,INJECTING,901544,893928,4194304,2029411764,-1,0
0.02212,0,0,INJECTING,227157672,227151960,1386879564,2006133842,-1,0
0.02212,1,0,INJECTING,654024,645456,4194304,2514585609,-1,0
0.02212,2,0,INJECTING,730184,718760,4194304,3360793059,-1,0
0.02212,3,0,INJECTING,906304,899640,4194304,2029411764,-1,0
0.02214,0,0,INJECTING,227162432,227157672,1386879564,2006133842,-1,0
0.02214,1,0,INJECTING,660688,653072,4194304,2514585609,-1,0
0.02214,2,0,INJECTING,738752,728280,4194304,3360793059,-1,0
0.02214,3,0,INJECTING,911064,905352,4194304,2029411764,-1,0
0.02216,0,0,INJECTING,227167192,227163384,1386879564,2006133842,-1,0
0.02216,1,0,INJECTING,666400,659736,4194304,2514585609,-1,0
0.02216,2,0,INJECTING,746368,737800,4194304,3360793059,-1,0
0.02216,3,0,INJECTING,915824,911064,4194304,2029411764,-1,0
0.02218,0,0,INJECTING,227171952,227169096,1386879564,2006133842,-1,0
0.02218,1,0,INJECTING,672112,667352,4194304,2514585609,-1,0
0.02218,2,0,INJECTING,754936,747320,4194304,3457992563,-1,0
0.02218,3,0,INJECTING,921536,916776,4194304,2029411764,-1,0
0.0222,0,0,INJECTING,227176712,227174808,1386879564,2006133842,-1,0
0.0222,1,0,INJECTING,678776,674016,4194304,2514585609,-1,0
0.0222,2,0,INJECTING,762552,756840,4194304,3457992563,-1,0
0.0222,3,0,INJECTING,926296,922488,4194304,2029411764,-1,0
0.02222,0,0,INJECTING,227181472,227180520,1386879564,2006133842,-1,0
0.02222,1,0,INJECTING,684488,680680,4194304,2514585609,-1,0
0.02222,2,0,INJECTING,771120,766360,4194304,3457992563,-1,0
0.02222,3,0,INJECTING,931056,928200,4194304,2029411764,-1,0
0.02224,0,0,INJECTING,227186232,227185280,1386879564,2006133842,-1,0
0.02224,1,0,INJECTING,690200,686392,4194304,2514585609,-1,0
0.02224,2,0,INJECTING,779688,773976,4194304,3457992563,-1,0
0.02224,3,0,INJECTING,935816,932960,4194304,2029411764,-1,0
0.02226,0,0,INJECTING,227190992,227190040,1386879564,2006133842,-1,0
0.02226,1,0,INJECTING,695912,693056,4194304,2514585609,-1,0
0.02226,2,0,INJECTING,787304,782544,4194304,3457992563,-1,0
0.02226,3,0,INJECTING,940576,937720,4194304,2029411764,-1,0
0.02228,0,0,INJECTING,227195752,227194800,1386879564,2007156149,-1,0
0.02228,1,0,INJECTING,702576,698768,4194304,2600349877,-1,0
0.02228,2,0,INJECTING,795872,791112,4194304,3457992563,-1,0
0.02228,3,0,INJECTING,945336,942480,4194304,2029411764,-1,0
0.0223,0,0,INJECTING,227200512,227199560,1386879564,2007156149,-1,0
0.0223,1,0,INJECTING,708288,704480,4194304,2600349877,-1,0
0.0223,2,0,INJECTING,804440,798728,4194304,3457992563,-1,0
0.0223,3,0,INJECTING,950096,947240,4194304,2029411764,-1,0
0.02232,0,0,INJECTING,227205272,227204320,1386879564,2007156149,-1,0
0.02232,1,0,INJECTING,714952,711144,4194304,2600349877,-1,0
0.02232,2,0,INJECTING,812056,807296,4194304,3457992563,-1,0
0.02232,3,0,INJECTING,954856,952000,4194304,2029411764,-1,0
0.02234,0,0,INJECTING,227210032,227209080,1386879564,2007156149,-1,0
0.02234,1,0,INJECTING,720664,716856,4194304,2600349877,-1,0
0.02234,2,0,INJECTING,820624,814912,4194304,3457992563,-1,0
0.02234,3,0,INJECTING,959616,956760,4194304,2029411764,-1,0
0.02236,0,0,INJECTING,227214792,227213840,1386879564,2007156149,-1,0
0.02236,1,0,INJECTING,727328,723520,4194304,2600349877,-1,0
0.02236,2,0,INJECTING,828240,823480,4194304,3457992563,-1,0
0.02236,3,0,INJECTING,964376,961520,4194304,2029411764,-1,0
0.02238,0,0,INJECTING,227219552,227218600,1386879564,2007156149,-1,0
0.02238,1,0,INJECTING,733040,729232,4194304,2600349877,-1,0
0.02238,2,0,INJECTING,836808,832048,4194304,3457992563,-1,0
0.02238,3,0,INJECTING,971040,967232,4194304,3044117646,-1,0
0.0224,0,0,INJECTING,227224312,227223360,1386879564,2007156149,-1,0
0.0224,1,0,INJECTING,739704,735896,4194304,2600349877,-1,0
0.0224,2,0,INJECTING,845376,839664,4194304,3457992563,-1,0
0.0224,3,0,INJECTING,978656,973896,4194304,3044117646,-1,0
0.02242,0,0,INJECTING,227229072,227228120,1386879564,2007156149,-1,0
0.02242,1,0,INJECTING,745416,741608,4194304,2600349877,-1,0
0.02242,2,0,INJECTING,852992,848232,4194304,3457992563,-1,0
0.02242,3,0,INJECTING,985320,981512,4194304,3044117646,-1,0
0.02244,0,0,INJECTING,227233832,227232880,1386879564,2007156149,-1,0
0.02244,1,0,INJECTING,752080,748272,4194304,2600349877,-1,0
0.02244,2,0,INJECTING,861560,856800,4194304,3457992563,-1,0
0.02244,3,0,INJECTING,992936,988176,4194304,3044117646,-1,0
0.02246,0,0,INJECTING,227238592,227237640,1386879564,2007156149,-1,0
0.02246,1,0,INJECTING,757792,753984,4194304,2600349877,-1,0
0.02246,2,0,INJECTING,870128,864416,4194304,3457992563,-1,0
0.02246,3,0,INJECTING,1000552,995792,4194304,3044117646,-1,0
0.02248,0,0,INJECTING,227243352,227242400,1386879564,2007156149,-1,0
0.02248,1,0,INJECTING,764456,760648,4194304,2600349877,-1,0
0.02248,2,0,INJECTING,877744,872984,4194304,3506592315,-1,0
0.02248,3,0,INJECTING,1007216,1003408,4194304,3044117646,-1,0
0.0225,0,0,INJECTING,227248112,227247160,1386879564,2007156149,-1,0
0.0225,1,0,INJECTING,770168,766360,4194304,2600349877,-1,0
0.0225,2,0,INJECTING,886312,881552,4194304,3506592315,-1,0
0.0225,3,0,INJECTING,1014832,1010072,4194304,3044117646,-1,0
0.02252,0,0,INJECTING,227252872,227251920,1386879564,2007156149,-1,0
0.02252,1,0,INJECTING,776832,773024,4194304,2600349877,-1,0
0.02252,2,0,INJECTING,894880,889168,4194304,3506592315,-1,0
0.02252,3,0,INJECTING,1021496,1017688,4194304,3044117646,-1,0
0.02254,0,0,INJECTING,227257632,227256680,1386879564,2007156149,-1,0
0.02254,1,0,INJECTING,782544,778736,4194304,2600349877,-1,0
0.02254,2,0,INJECTING,903448,897736,4194304,3506592315,-1,0
0.02254,3,0,INJECTING,1029112,1024352,4194304,3044117646,-1,0
0.02256,0,0,INJECTING,227262392,227261440,1386879564,2007156149,-1,0
0.02256,1,0,INJECTING,789208,785400,4194304,2600349877,-1,0
0.02256,2,0,INJECTING,911064,906304,4194304,3506592315,-1,0
0.02256,3,0,INJECTING,1036728,1031968,4194304,3044117646,-1,0
0.02258,0,0,INJECTING,227267152,227266200,1386879564,2007667302,-1,0
0.02258,1,0,INJECTING,795872,791112,4194304,2643232011,-1,0
0.02258,2,0,INJECTING,919632,914872,4194304,3506592315,-1,0
0.02258,3,0,INJECTING,1043392,1039584,4194304,3044117646,-1,0
0.0226,0,0,INJECTING,227271912,227270960,1386879564,2007667302,-1,0
0.0226,1,0,INJECTING,801584,797776,4194304,2643232011,-1,0
0.0226,2,0,INJECTING,928200,923440,4194304,3506592315,-1,0
0.0226,3,0,INJECTING,1051008,1046248,4194304,3044117646,-1,0
0.02262,0,0,INJECTING,227276672,227275720,1386879564,2007667302,-1,0
0.02262,1,0,INJECTING,808248,804440,4194304,2643232011,-1,0
0.02262,2,0,INJECTING,936768,931056,4194304,3506592315,-1,0
0.02262,3,0,INJECTING,1058624,1053864,4194304,3044117646,-1,0
0.02264,0,0,INJECTING,227281432,227280480,1386879564,2007667302,-1,0
0.02264,1,0,INJECTING,813960,810152,4194304,2643232011,-1,0
0.02264,2,0,INJECTING,944384,939624,4194304,3506592315,-1,0
0.02264,3,0,INJECTING,1065288,1060528,4194304,3044117646,-1,0
0.02266,0,0,INJECTING,227286192,227285240,1386879564,2007667302,-1,0
0.02266,1,0,INJECTING,820624,816816,4194304,2643232011,-1,0
0.02266,2,0,INJECTING,952952,948192,4194304,3506592315,-1,0
0.02266,3,0,INJECTING,1072904,1068144,4194304,3044117646,-1,0
0.02268,0,0,INJECTING,227290952,227290000,1386879564,2007667302,-1,0
0.02268,1,0,INJECTING,827288,822528,4194304,2643232011,-1,0
0.02268,2,0,INJECTING,961520,955808,4194304,3506592315,-1,0
0.02268,3,0,INJECTING,1080520,1075760,4194304,3551470587,-1,0
0.0227,0,0,INJECTING,227295712,227294760,1386879564,2007667302,-1,0
0.0227,1,0,INJECTING,833000,828240,4194304,2643232011,-1,0
0.0227,2,0,INJECTING,970088,964376,4194304,3506592315,-1,0
0.0227,3,0,INJECTING,1089088,1083376,4194304,3551470587,-1,0
0.02272,0,0,INJECTING,227300472,227298568,1386879564,2007667302,-1,0
0.02272,1,0,INJECTING,839664,834904,4194304,2643232011,-1,0
0.02272,2,0,INJECTING,978656,971992,4194304,3506592315,-1,0
0.02272,3,0,INJECTING,1097656,1090992,4194304,3551470587,-1,0
0.02274,0,0,INJECTING,227305232,227303328,1386879564,2007667302,-1,0
0.02274,1,0,INJECTING,845376,840616,4194304,2643232011,-1,0
0.02274,2,0,INJECTING,986272,979608,4194304,3506592315,-1,0
0.02274,3,0,INJECTING,1106224,1099560,4194304,3551470587,-1,0
0.02276,0,0,INJECTING,227309992,227308088,1386879564,2007667302,-1,0
0.02276,1,0,INJECTING,852040,846328,4194304,2643232011,-1,0
0.02276,2,0,INJECTING,994840,987224,4194304,3506592315,-1,0
0.02276,3,0,INJECTING,1114792,1107176,4194304,3551470587,-1,0
0.02278,0,0,INJECTING,227314752,227311896,1386879564,2007667302,-1,0
0.02278,1,0,INJECTING,858704,852040,4194304,2643232011,-1,0
0.02278,2,0,INJECTING,1003408,995792,4194304,3555892191,-1,0
0.02278,3,0,INJECTING,1123360,1114792,4194304,3551470587,-1,0
0.0228,0,0,INJECTING,227319512,227316656,1386879564,2007667302,-1,0
0.0228,1,0,INJECTING,864416,858704,4194304,2643232011,-1,0
0.0228,2,0,INJECTING,1011976,1003408,4194304,3555892191,-1,0
0.0228,3,0,INJECTING,1131928,1123360,4194304,3551470587,-1,0
0.02282,0,0,INJECTING,227324272,227321416,1386879564,2007667302,-1,0
0.02282,1,0,INJECTING,871080,864416,4194304,2643232011,-1,0
0.02282,2,0,INJECTING,1020544,1011024,4194304,3555892191,-1,0
0.02282,3,0,INJECTING,1140496,1130976,4194304,3551470587,-1,0
0.02284,0,0,INJECTING,227329032,227326176,1386879564,2007667302,-1,0
0.02284,1,0,INJECTING,876792,870128,4194304,2643232011,-1,0
0.02284,2,0,INJECTING,1029112,1019592,4194304,3555892191,-1,0
0.02284,3,0,INJECTING,1149064,1138592,4194304,3551470587,-1,0
0.02286,0,0,INJECTING,227333792,227329984,1386879564,2007667302,-1,0
0.02286,1,0,INJECTING,883456,875840,4194304,2643232011,-1,0
0.02286,2,0,INJECTING,1036728,1027208,4194304,3555892191,-1,0
0.02286,3,0,INJECTING,1156680,1147160,4194304,3551470587,-1,0
0.02288,0,0,INJECTING,227338552,227334744,1386879564,2007922879,-1,0
0.02288,1,0,INJECTING,890120,881552,4194304,2664673078,-1,0
0.02288,2,0,INJECTING,1045296,1034824,4194304,3555892191,-1,0
0.02288,3,0,INJECTING,1165248,1154776,4194304,3551470587,-1,0
0.0229,0,0,INJECTING,227343312,227339504,1386879564,2007922879,-1,0
0.0229,1,0,INJECTING,895832,888216,4194304,2664673078,-1,0
0.0229,2,0,INJECTING,1053864,1043392,4194304,3555892191,-1,0
0.0229,3,0,INJECTING,1173816,1163344,4194304,3551470587,-1,0
0.02292,0,0,INJECTING,227348072,227343312,1386879564,2007922879,-1,0
0.02292,1,0,INJECTING,902496,893928,4194304,2664673078,-1,0
0.02292,2,0,INJECTING,1062432,1051008,4194304,3555892191,-1,0
0.02292,3,0,INJECTING,1182384,1170960,4194304,3551470587,-1,0
0.02294,0,0,INJECTING,227352832,227348072,1386879564,2007922879,-1,0
0.02294,1,0,INJECTING,909160,899640,4194304,2664673078,-1,0
0.02294,2,0,INJECTING,1071000,1058624,4194304,3555892191,-1,0
0.02294,3,0,INJECTING,1190952,1178576,4194304,3551470587,-1,0
0.02296,0,0,INJECTING,227357592,227352832,1386879564,2007922879,-1,0
0.02296,1,0,INJECTING,914872,905352,4194304,2664673078,-1,0
0.02296,2,0,INJECTING,1079568,1066240,4194304,3555892191,-1,0
0.02296,3,0,INJECTING,1199520,1186192,4194304,3551470587,-1,0
0.02298,0,0,INJECTING,227362352,227356640,1386879564,2007922879,-1,0
0.02298,1,0,INJECTING,921536,911064,4194304,2664673078,-1,0
0.02298,2,0,INJECTING,1088136,1074808,4194304,3555892191,-1,0
0.02298,3,0,INJECTING,1208088,1194760,4194304,3805147057,-1,0
0.023,0,0,INJECTING,227367112,227361400,1386879564,2007922879,-1,0
0.023,1,0,INJECTING,928200,917728,4194304,2664673078,-1,0
0.023,2,0,INJECTING,1096704,1082424,4194304,3555892191,-1,0
0.023,3,0,INJECTING,1217608,1202376,4194304,3805147057,-1,0
0.02302,0,0,INJECTING,227371872,227366160,1386879564,2000000000,-1,0
0.02302,1,0,INJECTING,933912,923440,4194304,2664673078,-1,0
0.02302,2,0,INJECTING,1105272,1090992,4194304,3555892191,-1,0
0.02302,3,0,INJECTING,1226176,1210944,4194304,3805147057,-1,0
0.02304,0,0,INJECTING,227376632,227370920,1386879564,2000000000,-1,0
0.02304,1,0,INJECTING,940576,930104,4194304,2664673078,-1,0
0.02304,2,0,INJECTING,1111936,1098608,4194304,2422247774,-1,0
0.02304,3,0,INJECTING,1235696,1220464,4194304,3805147057,-1,0
0.02306,0,0,INJECTING,227381392,227375680,1386879564,2000000000,-1,0
0.02306,1,0,INJECTING,947240,935816,4194304,2664673078,-1,0
0.02306,2,0,INJECTING,1116696,1107176,4194304,2000000000,-1,0
0.02306,3,0,INJECTING,1244264,1229032,4194304,3805147057,-1,0
0.02308,0,0,INJECTING,227386152,227381392,1386879564,2000000000,-1,0
0.02308,1,0,INJECTING,952952,943432,4194304,2664673078,-1,0
0.02308,2,0,INJECTING,1121456,1113840,4194304,2000000000,-1,0
0.02308,3,0,INJECTING,1253784,1239504,4194304,3805147057,-1,0
0.0231,0,0,INJECTING,227390912,227386152,1386879564,2000000000,-1,0
0.0231,1,0,INJECTING,959616,950096,4194304,2664673078,-1,0
0.0231,2,0,INJECTING,1126216,1119552,4194304,2000000000,-1,0
0.0231,3,0,INJECTING,1262352,1249976,4194304,3805147057,-1,0
0.02312,0,0,INJECTING,227395672,227391864,1386879564,2000000000,-1,0
0.02312,1,0,INJECTING,966280,957712,4194304,2664673078,-1,0
0.02312,2,0,INJECTING,1130976,1125264,4194304,2000000000,-1,0
0.02312,3,0,INJECTING,1271872,1260448,4194304,3805147057,-1,0
0.02314,0,0,INJECTING,227400432,227397576,1386879564,2000000000,-1,0
0.02314,1,0,INJECTING,971992,965328,4194304,2664673078,-1,0
0.02314,2,0,INJECTING,1135736,1130976,4194304,2000000000,-1,0
0.02314,3,0,INJECTING,1280440,1270920,4194304,3805147057,-1,0
0.02316,0,0,INJECTING,227405192,227403288,1386879564,2000000000,-1,0
0.02316,1,0,INJECTING,978656,972944,4194304,2664673078,-1,0
0.02316,2,0,INJECTING,1140496,1135736,4194304,2000000000,-1,0
0.02316,3,0,INJECTING,1289960,1281392,4194304,3805147057,-1,0
0.02318,0,0,INJECTING,227409952,227409000,1386879564,2000000000,-1,0
0.02318,1,0,INJECTING,985320,979608,4194304,2700393612,-1,0
0.02318,2,0,INJECTING,1145256,1141448,4194304,2000000000,-1,0
0.02318,3,0,INJECTING,1298528,1291864,4194304,3805147057,-1,0
0.0232,0,0,INJECTING,227414712,227413760,1386879564,2000000000,-1,0
0.0232,1,0,INJECTING,991032,987224,4194304,2700393612,-1,0
0.0232,2,0,INJECTING,1150016,1147160,4194304,2000000000,-1,0
0.0232,3,0,INJECTING,1308048,1302336,4194304,3805147057,-1,0
0.02322,0,0,INJECTING,227419472,227418520,1386879564,2000000000,-1,0
0.02322,1,0,INJECTING,997696,993888,4194304,2700393612,-1,0
0.02322,2,0,INJECTING,1154776,1151920,4194304,2000000000,-1,0
0.02322,3,0,INJECTING,1316616,1311856,4194304,3805147057,-1,0
0.02324,0,0,INJECTING,227424232,227423280,1386879564,2000000000,-1,0
0.02324,1,0,INJECTING,1004360,1000552,4194304,2700393612,-1,0
0.02324,2,0,INJECTING,1159536,1156680,4194304,2000000000,-1,0
0.02324,3,0,INJECTING,1326136,1320424,4194304,3805147057,-1,0
0.02326,0,0,INJECTING,227428992,227428040,1386879564,2000000000,-1,0
0.02326,1,0,INJECTING,1011024,1007216,4194304,2700393612,-1,0
0.02326,2,0,INJECTING,1164296,1161440,4194304,2000000000,-1,0
0.02326,3,0,INJECTING,1334704,1329944,4194304,3805147057,-1,0
0.02328,0,0,INJECTING,227433752,227432800,1386879564,2000000000,-1,0
0.02328,1,0,INJECTING,1016736,1012928,4194304,2700393612,-1,0
0.02328,2,0,INJECTING,1169056,1166200,4194304,2000000000,-1,0
0.02328,3,0,INJECTING,1344224,1338512,4194304,3931985292,-1,0
0.0233,0,0,INJECTING,227438512,227437560,1386879564,2000000000,-1,0
0.0233,1,0,INJECTING,1023400,1019592,4194304,2700393612,-1,0
0.0233,2,0,INJECTING,1173816,1170960,4194304,2000000000,-1,0
0.0233,3,0,INJECTING,1353744,1348032,4194304,3931985292,-1,0
0.02332,0,0,INJECTING,227443272,227442320,1386879564,2003961439,-1,0
0.02332,1,0,INJECTING,1030064,1026256,4194304,2700393612,-1,0
0.02332,2,0,INJECTING,1178576,1175720,4194304,2000000000,-1,0
0.02332,3,0,INJECTING,1363264,1357552,4194304,3931985292,-1,0
0.02334,0,0,INJECTING,227448032,227447080,1386879564,2003961439,-1,0
0.02334,1,0,INJECTING,1036728,1032920,4194304,2700393612,-1,0
0.02334,2,0,INJECTING,1183336,1180480,4194304,2000000000,-1,0
0.02334,3,0,INJECTING,1372784,1367072,4194304,3931985292,-1,0
0.02336,0,0,INJECTING,227452792,227451840,1386879564,2003961439,-1,0
0.02336,1,0,INJECTING,1042440,1038632,4194304,2700393612,-1,0
0.02336,2,0,INJECTING,1190000,1185240,4194304,2777946095,-1,0
0.02336,3,0,INJECTING,1382304,1375640,4194304,3931985292,-1,0
0.02338,0,0,INJECTING,227457552,227456600,1386879564,2003961439,-1,0
0.02338,1,0,INJECTING,1049104,1045296,4194304,2700393612,-1,0
0.02338,2,0,INJECTING,1196664,1191904,4194304,2777946095,-1,0
0.02338,3,0,INJECTING,1390872,1385160,4194304,3931985292,-1,0
0.0234,0,0,INJECTING,227463264,227461360,1386879564,2003961439,-1,0
0.0234,1,0,INJECTING,1055768,1051960,4194304,2700393612,-1,0
0.0234,2,0,INJECTING,1202376,1198568,4194304,2777946095,-1,0
0.0234,3,0,INJECTING,1400392,1394680,4194304,3931985292,-1,0
0.02342,0,0,INJECTING,227468024,227466120,1386879564,2003961439,-1,0
0.02342,1,0,INJECTING,1062432,1057672,4194304,2700393612,-1,0
0.02342,2,0,INJECTING,1209040,1205232,4194304,2777946095,-1,0
0.02342,3,0,INJECTING,1409912,1404200,4194304,3931985292,-1,0
0.02344,0,0,INJECTING,227472784,227470880,1386879564,2003961439,-1,0
0.02344,1,0,INJECTING,1068144,1064336,4194304,2700393612,-1,0
0.02344,2,0,INJECTING,1215704,1211896,4194304,2777946095,-1,0
0.02344,3,0,INJECTING,1419432,1413720,4194304,3931985292,-1,0
0.02346,0,0,INJECTING,227477544,227475640,1386879564,2003961439,-1,0
0.02346,1,0,INJECTING,1074808,1071000,4194304,2700393612,-1,0
0.02346,2,0,INJECTING,1222368,1218560,4194304,2777946095,-1,0
0.02346,3,0,INJECTING,1428952,1423240,4194304,3931985292,-1,0
0.02348,0,0,INJECTING,227482304,227480400,1386879564,2003961439,-1,0
0.02348,1,0,INJECTING,1081472,1077664,4194304,2768253879,-1,0
0.02348,2,0,INJECTING,1229032,1225224,4194304,2777946095,-1,0
0.02348,3,0,INJECTING,1438472,1431808,4194304,3931985292,-1,0
0.0235,0,0,INJECTING,227487064,227485160,1386879564,2003961439,-1,0
0.0235,1,0,INJECTING,1088136,1084328,4194304,2768253879,-1,0
0.0235,2,0,INJECTING,1235696,1231888,4194304,2777946095,-1,0
0.0235,3,0,INJECTING,1447040,1441328,4194304,3931985292,-1,0
0.02352,0,0,INJECTING,227491824,227490872,1386879564,2003961439,-1,0
0.02352,1,0,INJECTING,1094800,1090992,4194304,2768253879,-1,0
0.02352,2,0,INJECTING,1242360,1238552,4194304,2777946095,-1,0
0.02352,3,0,INJECTING,1456560,1450848,4194304,3931985292,-1,0
0.02354,0,0,INJECTING,227496584,227495632,1386879564,2003961439,-1,0
0.02354,1,0,INJECTING,1101464,1096704,4194304,2768253879,-1,0
0.02354,2,0,INJECTING,1249024,1245216,4194304,2777946095,-1,0
0.02354,3,0,INJECTING,1466080,1460368,4194304,3931985292,-1,0
0.02356,0,0,INJECTING,227501344,227499440,1386879564,2003961439,-1,0
0.02356,1,0,INJECTING,1108128,1103368,4194304,2768253879,-1,0
0.02356,2,0,INJECTING,1255688,1251880,4194304,2777946095,-1,0
0.02356,3,0,INJECTING,1475600,1469888,4194304,3931985292,-1,0
0.02358,0,0,INJECTING,227506104,227504200,1386879564,2003961439,-1,0
0.02358,1,0,INJECTING,1114792,1110032,4194304,2768253879,-1,0
0.02358,2,0,INJECTING,1262352,1258544,4194304,2777946095,-1,0
0.02358,3,0,INJECTING,1485120,1479408,4194304,3995404410,-1,0
0.0236,0,0,INJECTING,227510864,227508960,1386879564,2003961439,-1,0
0.0236,1,0,INJECTING,1121456,1116696,4194304,2768253879,-1,0
0.0236,2,0,INJECTING,1269016,1265208,4194304,2777946095,-1,0
0.0236,3,0,INJECTING,1494640,1487976,4194304,3995404410,-1,0
0.02362,0,0,INJECTING,227515624,227513720,1386879564,2005942158,-1,0
0.02362,1,0,INJECTING,1127168,1123360,4194304,2768253879,-1,0
0.02362,2,0,INJECTING,1275680,1270920,4194304,2777946095,-1,0
0.02362,3,0,INJECTING,1504160,1497496,4194304,3995404410,-1,0
0.02364,0,0,INJECTING,227520384,227518480,1386879564,2005942158,-1,0
0.02364,1,0,INJECTING,1133832,1130024,4194304,2768253879,-1,0
0.02364,2,0,INJECTING,1282344,1277584,4194304,2777946095,-1,0
0.02364,3,0,INJECTING,1513680,1507016,4194304,3995404410,-1,0
0.02366,0,0,INJECTING,227525144,227523240,1386879564,2005942158,-1,0
0.02366,1,0,INJECTING,1140496,1135736,4194304,2768253879,-1,0
0.02366,2,0,INJECTING,1289008,1284248,4194304,3166919142,-1,0
0.02366,3,0,INJECTING,1523200,1516536,4194304,3995404410,-1,0
0.02368,0,0,INJECTING,227529904,227528000,1386879564,2005942158,-1,0
0.02368,1,0,INJECTING,1147160,1142400,4194304,2768253879,-1,0
0.02368,2,0,INJECTING,1296624,1291864,4194304,3166919142,-1,0
0.02368,3,0,INJECTING,1532720,1525104,4194304,3995404410,-1,0
0.0237,0,0,INJECTING,227534664,227532760,1386879564,2005942158,-1,0
0.0237,1,0,INJECTING,1153824,1149064,4194304,2768253879,-1,0
0.0237,2,0,INJECTING,1304240,1298528,4194304,3166919142,-1,0
0.0237,3,0,INJECTING,1542240,1534624,4194304,3995404410,-1,0
0.02372,0,0,INJECTING,227539424,227536568,1386879564,2005942158,-1,0
0.02372,1,0,INJECTING,1160488,1154776,4194304,2768253879,-1,0
0.02372,2,0,INJECTING,1311856,1306144,4194304,3166919142,-1,0
0.02372,3,0,INJECTING,1551760,1543192,4194304,3995404410,-1,0
0.02374,0,0,INJECTING,227544184,227541328,1386879564,2005942158,-1,0
0.02374,1,0,INJECTING,1167152,1161440,4194304,2768253879,-1,0
0.02374,2,0,INJECTING,1319472,1312808,4194304,3166919142,-1,0
0.02374,3,0,INJECTING,1561280,1552712,4194304,3995404410,-1,0
0.02376,0,0,INJECTING,227548944,227546088,1386879564,2005942158,-1,0
0.02376,1,0,INJECTING,1173816,1167152,4194304,2768253879,-1,0
0.02376,2,0,INJECTING,1327088,1319472,4194304,3166919142,-1,0
0.02376,3,0,INJECTING,1570800,1561280,4194304,3995404410,-1,0
0.02378,0,0,INJECTING,227553704,227550848,1386879564,2005942158,-1,0
0.02378,1,0,INJECTING,1180480,1173816,4194304,2852184012,-1,0
0.02378,2,0,INJECTING,1334704,1327088,4194304,3166919142,-1,0
0.02378,3,0,INJECTING,1580320,1570800,4194304,3995404410,-1,0
0.0238,0,0,INJECTING,227558464,227554656,1386879564,2005942158,-1,0
0.0238,1,0,INJECTING,1187144,1180480,4194304,2852184012,-1,0
0.0238,2,0,INJECTING,1342320,1333752,4194304,3166919142,-1,0
0.0238,3,0,INJECTING,1589840,1579368,4194304,3995404410,-1,0
0.02382,0,0,INJECTING,227563224,227559416,1386879564,2005942158,-1,0
0.02382,1,0,INJECTING,1193808,1186192,4194304,2852184012,-1,0
0.02382,2,0,INJECTING,1349936,1341368,4194304,3166919142,-1,0
0.02382,3,0,INJECTING,1599360,1587936,4194304,3995404410,-1,0
0.02384,0,0,INJECTING,227567984,227564176,1386879564,2005942158,-1,0
0.02384,1,0,INJECTING,1200472,1192856,4194304,2852184012,-1,0
0.02384,2,0,INJECTING,1357552,1348032,4194304,3166919142,-1,0
0.02384,3,0,INJECTING,1608880,1597456,4194304,3995404410,-1,0
0.02386,0,0,INJECTING,227572744,227568936,1386879564,2005942158,-1,0
0.02386,1,0,INJECTING,1208088,1199520,4194304,2852184012,-1,0
0.02386,2,0,INJECTING,1365168,1355648,4194304,3166919142,-1,0
0.02386,3,0,INJECTING,1618400,1606024,4194304,3995404410,-1,0
0.02388,0,0,INJECTING,227577504,227572744,1386879564,2005942158,-1,0
0.02388,1,0,INJECTING,1214752,1205232,4194304,2852184012,-1,0
0.02388,2,0,INJECTING,1372784,1362312,4194304,3166919142,-1,0
0.02388,3,0,INJECTING,1627920,1615544,4194304,4052113969,-1,0
0.0239,0,0,INJECTING,227582264,227577504,1386879564,2005942158,-1,0
0.0239,1,0,INJECTING,1221416,1211896,4194304,2852184012,-1,0
0.0239,2,0,INJECTING,1379448,1369928,4194304,3166919142,-1,0
0.0239,3,0,INJECTING,1637440,1624112,4194304,4052113969,-1,0
0.02392,0,0,INJECTING,227587024,227582264,1386879564,2006932518,-1,0
0.02392,1,0,INJECTING,1228080,1218560,4194304,2852184012,-1,0
0.02392,2,0,INJECTING,1387064,1376592,4194304,3166919142,-1,0
0.02392,3,0,INJECTING,1646960,1633632,4194304,4052113969,-1,0
0.02394,0,0,INJECTING,227591784,227586072,1386879564,2006932518,-1,0
0.02394,1,0,INJECTING,1234744,1224272,4194304,2852184012,-1,0
0.02394,2,0,INJECTING,1394680,1384208,4194304,3166919142,-1,0
0.02394,3,0,INJECTING,1656480,1642200,4194304,4052113969,-1,0
0.02396,0,0,INJECTING,227596544,227590832,1386879564,2006932518,-1,0
0.02396,1,0,INJECTING,1241408,1230936,4194304,2852184012,-1,0
0.02396,2,0,INJECTING,1403248,1390872,4194304,3361405666,-1,0
0.02396,3,0,INJECTING,1666000,1651720,4194304,4052113969,-1,0
0.02398,0,0,INJECTING,227601304,227595592,1386879564,2006932518,-1,0
0.02398,1,0,INJECTING,1248072,1237600,4194304,2852184012,-1,0
0.02398,2,0,INJECTING,1410864,1397536,4194304,3361405666,-1,0
0.02398,3,0,INJECTING,1675520,1660288,4194304,4052113969,-1,0
0.024,0,0,INJECTING,227606064,227600352,1386879564,2006932518,-1,0
0.024,1,0,INJECTING,1254736,1244264,4194304,2852184012,-1,0
0.024,2,0,INJECTING,1418480,1405152,4194304,3361405666,-1,0
0.024,3,0,INJECTING,1684088,1669808,4194304,2000000000,-1,0
0.02402,0,0,INJECTING,227610824,227605112,1386879564,2006932518,-1,0
0.02402,1,0,INJECTING,1261400,1250928,4194304,2124423636,-1,0
0.02402,2,0,INJECTING,1427048,1413720,4194304,3361405666,-1,0
0.02402,3,0,INJECTING,1688848,1679328,4194304,2000000000,-1,0
0.02404,0,0,INJECTING,227615584,227609872,1386879564,2006932518,-1,0
0.02404,1,0,INJECTING,1266160,1257592,4194304,2000000000,-1,0
0.02404,2,0,INJECTING,1433712,1421336,4194304,2490057872,-1,0
0.02404,3,0,INJECTING,1693608,1685992,4194304,2000000000,-1,0
0.02406,0,0,INJECTING,227620344,227614632,1386879564,2000000000,-1,0
0.02406,1,0,INJECTING,1270920,1264256,4194304,2000000000,-1,0
0.02406,2,0,INJECTING,1440376,1429904,4194304,2490057872,-1,0
0.02406,3,0,INJECTING,1698368,1690752,4194304,2000000000,-1,0
0.02408,0,0,INJECTING,227625104,227620344,1386879564,2000000000,-1,0
0.02408,1,0,INJECTING,1275680,1269016,4194304,2000000000,-1,0
0.02408,2,0,INJECTING,1446088,1437520,4194304,2490057872,-1,0
0.02408,3,0,INJECTING,1703128,1695512,4194304,2000000000,-1,0
0.0241,0,0,INJECTING,227629864,227625104,1386879564,2000000000,-1,0
0.0241,1,0,INJECTING,1280440,1274728,4194304,2000000000,-1,0
0.0241,2,0,INJECTING,1451800,1444184,4194304,2490057872,-1,0
0.0241,3,0,INJECTING,1707888,1701224,4194304,2000000000,-1,0
0.02412,0,0,INJECTING,227634624,227630816,1386879564,2000000000,-1,0
0.02412,1,0,INJECTING,1285200,1279488,4194304,2000000000,-1,0
0.02412,2,0,INJECTING,1457512,1449896,4194304,2490057872,-1,0
0.02412,3,0,INJECTING,1712648,1706936,4194304,2000000000,-1,0
0.02414,0,0,INJECTING,227639384,227636528,1386879564,2000000000,-1,0
0.02414,1,0,INJECTING,1289960,1285200,4194304,2000000000,-1,0
0.02414,2,0,INJECTING,1463224,1457512,4194304,2490057872,-1,0
0.02414,3,0,INJECTING,1717408,1711696,4194304,2000000000,-1,0
0.02416,0,0,INJECTING,227644144,227641288,1386879564,2000000000,-1,0
0.02416,1,0,INJECTING,1294720,1289960,4194304,2000000000,-1,0
0.02416,2,0,INJECTING,1469888,1463224,4194304,2490057872,-1,0
0.02416,3,0,INJECTING,1722168,1717408,4194304,2000000000,-1,0
0.02418,0,0,INJECTING,227648904,227647000,1386879564,2000000000,-1,0
0.02418,1,0,INJECTING,1299480,1295672,4194304,2000000000,-1,0
0.02418,2,0,INJECTING,1475600,1470840,4194304,2490057872,-1,0
0.02418,3,0,INJECTING,1726928,1723120,4194304,2000000000,-1,0
0.0242,0,0,INJECTING,227653664,227651760,1386879564,2000000000,-1,0
0.0242,1,0,INJECTING,1304240,1301384,4194304,2000000000,-1,0
0.0242,2,0,INJECTING,1481312,1476552,4194304,2490057872,-1,0
0.0242,3,0,INJECTING,1731688,1727880,4194304,2000000000,-1,0
0.02422,0,0,INJECTING,227658424,227657472,1386879564,2000000000,-1,0
0.02422,1,0,INJECTING,1309000,1306144,4194304,2000000000,-1,0
0.02422,2,0,INJECTING,1487024,1483216,4194304,2490057872,-1,0
0.02422,3,0,INJECTING,1736448,1733592,4194304,2000000000,-1,0
0.02424,0,0,INJECTING,227663184,227662232,1386879564,2000000000,-1,0
0.02424,1,0,INJECTING,1313760,1310904,4194304,2000000000,-1,0
0.02424,2,0,INJECTING,1493688,1489880,4194304,2490057872,-1,0
0.02424,3,0,INJECTING,1741208,1738352,4194304,2000000000,-1,0
0.02426,0,0,INJECTING,227667944,227666992,1386879564,2000000000,-1,0
0.02426,1,0,INJECTING,1318520,1315664,4194304,2000000000,-1,0
0.02426,2,0,INJECTING,1499400,1495592,4194304,2490057872,-1,0
0.02426,3,0,INJECTING,1745968,1743112,4194304,2000000000,-1,0
0.02428,0,0,INJECTING,227672704,227671752,1386879564,2000000000,-1,0
0.02428,1,0,INJECTING,1323280,1320424,4194304,2000000000,-1,0
0.02428,2,0,INJECTING,1505112,1501304,4194304,2490057872,-1,0
0.02428,3,0,INJECTING,1750728,1747872,4194304,2000000000,-1,0
0.0243,0,0,INJECTING,227677464,227676512,1386879564,2000000000,-1,0
0.0243,1,0,INJECTING,1328040,1325184,4194304,2000000000,-1,0
0.0243,2,0,INJECTING,1510824,1507016,4194304,2490057872,-1,0
0.0243,3,0,INJECTING,1755488,1752632,4194304,2000000000,-1,0
0.02432,0,0,INJECTING,227682224,227681272,1386879564,2000000000,-1,0
0.02432,1,0,INJECTING,1332800,1329944,4194304,2000000000,-1,0
0.02432,2,0,INJECTING,1516536,1513680,4194304,2490057872,-1,0
0.02432,3,0,INJECTING,1762152,1757392,4194304,3026056984,-1,0
0.02434,0,0,INJECTING,227686984,227686032,1386879564,2000000000,-1,0
0.02434,1,0,INJECTING,1338512,1334704,4194304,2426092006,-1,0
0.02434,2,0,INJECTING,1523200,1519392,4194304,2925731769,-1,0
0.02434,3,0,INJECTING,1769768,1765008,4194304,3026056984,-1,0
0.02436,0,0,INJECTING,227691744,227690792,1386879564,2003466259,-1,0
0.02436,1,0,INJECTING,1344224,1340416,4194304,2426092006,-1,0
0.02436,2,0,INJECTING,1529864,1526056,4194304,2925731769,-1,0
0.02436,3,0,INJECTING,1776432,1772624,4194304,3026056984,-1,0
0.02438,0,0,INJECTING,227696504,227695552,1386879564,2003466259,-1,0
0.02438,1,0,INJECTING,1349936,1346128,4194304,2426092006,-1,0
0.02438,2,0,INJECTING,1537480,1532720,4194304,2925731769,-1,0
0.02438,3,0,INJECTING,1784048,1779288,4194304,3026056984,-1,0
0.0244,0,0,INJECTING,227701264,227700312,1386879564,2003466259,-1,0
0.0244,1,0,INJECTING,1355648,1351840,4194304,2426092006,-1,0
0.0244,2,0,INJECTING,1544144,1539384,4194304,2925731769,-1,0
0.0244,3,0,INJECTING,1790712,1786904,4194304,3026056984,-1,0
0.02442,0,0,INJECTING,227706024,227705072,1386879564,2003466259,-1,0
0.02442,1,0,INJECTING,1361360,1357552,4194304,2426092006,-1,0
0.02442,2,0,INJECTING,1550808,1547000,4194304,2925731769,-1,0
0.02442,3,0,INJECTING,1798328,1793568,4194304,3026056984,-1,0
0.02444,0,0,INJECTING,227710784,227709832,1386879564,2003466259,-1,0
0.02444,1,0,INJECTING,1367072,1364216,4194304,2426092006,-1,0
0.02444,2,0,INJECTING,1558424,1553664,4194304,2925731769,-1,0
0.02444,3,0,INJECTING,1804992,1801184,4194304,3026056984,-1,0
0.02446,0,0,INJECTING,227715544,227714592,1386879564,2003466259,-1,0
0.02446,1,0,INJECTING,1372784,1369928,4194304,2426092006,-1,0
0.02446,2,0,INJECTING,1565088,1560328,4194304,2925731769,-1,0
0.02446,3,0,INJECTING,1812608,1807848,4194304,3026056984,-1,0
0.02448,0,0,INJECTING,227720304,227719352,1386879564,2003466259,-1,0
0.02448,1,0,INJECTING,1379448,1375640,4194304,2426092006,-1,0
0.02448,2,0,INJECTING,1571752,1566992,4194304,2925731769,-1,0
0.02448,3,0,INJECTING,1819272,1815464,4194304,3026056984,-1,0
0.0245,0,0,INJECTING,227725064,227724112,1386879564,2003466259,-1,0
0.0245,1,0,INJECTING,1385160,1381352,4194304,2426092006,-1,0
0.0245,2,0,INJECTING,1579368,1574608,4194304,2925731769,-1,0
0.0245,3,0,INJECTING,1826888,1822128,4194304,3026056984,-1,0
0.02452,0,0,INJECTING,227729824,227728872,1386879564,2003466259,-1,0
0.02452,1,0,INJECTING,1390872,1387064,4194304,2426092006,-1,0
0.02452,2,0,INJECTING,1586032,1581272,4194304,2925731769,-1,0
0.02452,3,0,INJECTING,1834504,1829744,4194304,3026056984,-1,0
0.02454,0,0,INJECTING,227734584,227733632,1386879564,2003466259,-1,0
0.02454,1,0,INJECTING,1396584,1392776,4194304,2426092006,-1,0
0.02454,2,0,INJECTING,1592696,1587936,4194304,2925731769,-1,0
0.02454,3,0,INJECTING,1841168,1836408,4194304,3026056984,-1,0
0.02456,0,0,INJECTING,227739344,227738392,1386879564,2003466259,-1,0
0.02456,1,0,INJECTING,1402296,1398488,4194304,2426092006,-1,0
0.02456,2,0,INJECTING,1599360,1595552,4194304,2925731769,-1,0
0.02456,3,0,INJECTING,1848784,1844024,4194304,3026056984,-1,0
0.02458,0,0,INJECTING,227744104,227743152,1386879564,2003466259,-1,0
0.02458,1,0,INJECTING,1408008,1404200,4194304,2426092006,-1,0
0.02458,2,0,INJECTING,1606976,1602216,4194304,2925731769,-1,0
0.02458,3,0,INJECTING,1855448,1850688,4194304,3026056984,-1,0
0.0246,0,0,INJECTING,227748864,227747912,1386879564,2003466259,-1,0
0.0246,1,0,INJECTING,1413720,1409912,4194304,2426092006,-1,0
0.0246,2,0,INJECTING,1613640,1608880,4194304,2925731769,-1,0
0.0246,3,0,INJECTING,1863064,1858304,4194304,3026056984,-1,0
0.02462,0,0,INJECTING,227753624,227751720,1386879564,2003466259,-1,0
0.02462,1,0,INJECTING,1419432,1415624,4194304,2426092006,-1,0
0.02462,2,0,INJECTING,1620304,1615544,4194304,2925731769,-1,0
0.02462,3,0,INJECTING,1871632,1864968,4194304,3539085476,-1,0
0.02464,0,0,INJECTING,227758384,227756480,1386879564,2003466259,-1,0
0.02464,1,0,INJECTING,1425144,1420384,4194304,2639138009,-1,0
0.02464,2,0,INJECTING,1627920,1622208,4194304,3143568717,-1,0
0.02464,3,0,INJECTING,1879248,1873536,4194304,3539085476,-1,0
0.02466,0,0,INJECTING,227763144,227761240,1386879564,2005199388,-1,0
0.02466,1,0,INJECTING,1431808,1426096,4194304,2639138009,-1,0
0.02466,2,0,INJECTING,1635536,1628872,4194304,3143568717,-1,0
0.02466,3,0,INJECTING,1887816,1881152,4194304,3539085476,-1,0
0.02468,0,0,INJECTING,227767904,227766000,1386879564,2005199388,-1,0
0.02468,1,0,INJECTING,1438472,1432760,4194304,2639138009,-1,0
0.02468,2,0,INJECTING,1643152,1636488,4194304,3143568717,-1,0
0.02468,3,0,INJECTING,1896384,1888768,4194304,3539085476,-1,0
0.0247,0,0,INJECTING,227772664,227769808,1386879564,2005199388,-1,0
0.0247,1,0,INJECTING,1444184,1438472,4194304,2639138009,-1,0
0.0247,2,0,INJECTING,1650768,1643152,4194304,3143568717,-1,0
0.0247,3,0,INJECTING,1904952,1897336,4194304,3539085476,-1,0
0.02472,0,0,INJECTING,227777424,227774568,1386879564,2005199388,-1,0
0.02472,1,0,INJECTING,1450848,1444184,4194304,2639138009,-1,0
0.02472,2,0,INJECTING,1657432,1650768,4194304,3143568717,-1,0
0.02472,3,0,INJECTING,1913520,1904952,4194304,3539085476,-1,0
0.02474,0,0,INJECTING,227782184,227779328,1386879564,2005199388,-1,0
0.02474,1,0,INJECTING,1456560,1449896,4194304,2639138009,-1,0
0.02474,2,0,INJECTING,1665048,1657432,4194304,3143568717,-1,0
0.02474,3,0,INJECTING,1922088,1912568,4194304,3539085476,-1,0
0.02476,0,0,INJECTING,227786944,227784088,1386879564,2005199388,-1,0
0.02476,1,0,INJECTING,1463224,1456560,4194304,2639138009,-1,0
0.02476,2,0,INJECTING,1672664,1664096,4194304,3143568717,-1,0
0.02476,3,0,INJECTING,1930656,1921136,4194304,3539085476,-1,0
0.02478,0,0,INJECTING,227791704,227787896,1386879564,2005199388,-1,0
0.02478,1,0,INJECTING,1469888,1462272,4194304,2639138009,-1,0
0.02478,2,0,INJECTING,1680280,1671712,4194304,3143568717,-1,0
0.02478,3,0,INJECTING,1938272,1928752,4194304,3539085476,-1,0
0.0248,0,0,INJECTING,227796464,227792656,1386879564,2005199388,-1,0
0.0248,1,0,INJECTING,1475600,1467984,4194304,2639138009,-1,0
0.0248,2,0,INJECTING,1687896,1678376,4194304,3143568717,-1,0
0.0248,3,0,INJECTING,1946840,1936368,4194304,3539085476,-1,0
0.02482,0,0,INJECTING,227801224,227797416,1386879564,2005199388,-1,0
0.02482,1,0,INJECTING,1482264,1473696,4194304,2639138009,-1,0
0.02482,2,0,INJECTING,1695512,1685992,4194304,3143568717,-1,0
0.02482,3,0,INJECTING,1955408,1944936,4194304,3539085476,-1,0
0.02484,0,0,INJECTING,227805984,227801224,1386879564,2005199388,-1,0
0.02484,1,0,INJECTING,1487976,1479408,4194304,2639138009,-1,0
0.02484,2,0,INJECTING,1703128,1692656,4194304,3143568717,-1,0
0.02484,3,0,INJECTING,1963976,1952552,4194304,3539085476,-1,0
0.02486,0,0,INJECTING,227810744,227805984,1386879564,2005199388,-1,0
0.02486,1,0,INJECTING,1494640,1486072,4194304,2639138009,-1,0
0.02486,2,0,INJECTING,1709792,1699320,4194304,3143568717,-1,0
0.02486,3,0,INJECTING,1972544,1960168,4194304,3539085476,-1,0
0.02488,0,0,INJECTING,227815504,227810744,1386879564,2005199388,-1,0
0.02488,1,0,INJECTING,1501304,1491784,4194304,2639138009,-1,0
0.02488,2,0,INJECTING,1717408,1706936,4194304,3143568717,-1,0
0.02488,3,0,INJECTING,1981112,1967784,4194304,3539085476,-1,0
0.0249,0,0,INJECTING,227820264,227814552,1386879564,2005199388,-1,0
0.0249,1,0,INJECTING,1507016,1497496,4194304,2639138009,-1,0
0.0249,2,0,INJECTING,1725024,1713600,4194304,3143568717,-1,0
0.0249,3,0,INJECTING,1989680,1976352,4194304,3539085476,-1,0
0.02492,0,0,INJECTING,227825024,227819312,1386879564,2005199388,-1,0
0.02492,1,0,INJECTING,1513680,1503208,4194304,2639138009,-1,0
0.02492,2,0,INJECTING,1731688,1721216,4194304,2463149467,-1,0
0.02492,3,0,INJECTING,1998248,1983968,4194304,3795599722,-1,0
0.02494,0,0,INJECTING,227829784,227824072,1386879564,2005199388,-1,0
0.02494,1,0,INJECTING,1519392,1509872,4194304,2745661010,-1,0
0.02494,2,0,INJECTING,1737400,1727880,4194304,2000000000,-1,0
0.02494,3,0,INJECTING,2006816,1992536,4194304,3795599722,-1,0
0.02496,0,0,INJECTING,227834544,227828832,1386879564,2006065953,-1,0
0.02496,1,0,INJECTING,1526056,1515584,4194304,2745661010,-1,0
0.02496,2,0,INJECTING,1742160,1733592,4194304,2000000000,-1,0
0.02496,3,0,INJECTING,2016336,2002056,4194304,3795599722,-1,0
0.02498,0,0,INJECTING,227839304,227834544,1386879564,2006065953,-1,0
0.02498,1,0,INJECTING,1532720,1522248,4194304,2745661010,-1,0
0.02498,2,0,INJECTING,1746920,1739304,4194304,2000000000,-1,0
0.02498,3,0,INJECTING,2024904,2011576,4194304,3795599722,-1,0
0.025,0,0,INJECTING,227844064,227839304,1386879564,2006065953,-1,0
0.025,1,0,INJECTING,1539384,1529864,4194304,2745661010,-1,0
0.025,2,0,INJECTING,1751680,1744064,4194304,2000000000,-1,0
0.025,3,0,INJECTING,2034424,2021096,4194304,3795599722,-1,0
0.02502,0,0,INJECTING,227848824,227844064,1386879564,2006065953,-1,0
0.02502,1,0,INJECTING,1546048,1536528,4194304,2745661010,-1,0
0.02502,2,0,INJECTING,1756440,1748824,4194304,2000000000,-1,0
0.02502,3,0,INJECTING,2042992,2030616,4194304,3795599722,-1,0
0.02504,0,0,INJECTING,227853584,227849776,1386879564,2006065953,-1,0
0.02504,1,0,INJECTING,1552712,1544144,4194304,2745661010,-1,0
0.02504,2,0,INJECTING,1761200,1754536,4194304,2000000000,-1,0
0.02504,3,0,INJECTING,2052512,2040136,4194304,3795599722,-1,0
0.02506,0,0,INJECTING,227858344,227854536,1386879564,2006065953,-1,0
0.02506,1,0,INJECTING,1559376,1550808,4194304,2745661010,-1,0
0.02506,2,0,INJECTING,1765960,1759296,4194304,2000000000,-1,0
0.02506,3,0,INJECTING,2061080,2050608,4194304,3795599722,-1,0
0.02508,0,0,INJECTING,227863104,227860248,1386879564,2006065953,-1,0
0.02508,1,0,INJECTING,1566040,1558424,4194304,2745661010,-1,0
0.02508,2,0,INJECTING,1770720,1765008,4194304,2000000000,-1,0
0.02508,3,0,INJECTING,2070600,2060128,4194304,3795599722,-1,0
0.0251,0,0,INJECTING,227867864,227865008,1386879564,2006065953,-1,0
0.0251,1,0,INJECTING,1571752,1565088,4194304,2745661010,-1,0
0.0251,2,0,INJECTING,1775480,1769768,4194304,2000000000,-1,0
0.0251,3,0,INJECTING,2079168,2069648,4194304,3795599722,-1,0
0.02512,0,0,INJECTING,227872624,227870720,1386879564,2006065953,-1,0
0.02512,1,0,INJECTING,1578416,1572704,4194304,2745661010,-1,0
0.02512,2,0,INJECTING,1780240,1775480,4194304,2000000000,-1,0
0.02512,3,0,INJECTING,2088688,2080120,4194304,3795599722,-1,0
0.02514,0,0,INJECTING,227877384,227875480,1386879564,2006065953,-1,0
0.02514,1,0,INJECTING,1585080,1579368,4194304,2745661010,-1,0
0.02514,2,0,INJECTING,1785000,1780240,4194304,2000000000,-1,0
0.02514,3,0,INJECTING,2097256,2089640,4194304,3795599722,-1,0
0.02516,0,0,INJECTING,227882144,227881192,1386879564,2006065953,-1,0
0.02516,1,0,INJECTING,1591744,1586984,4194304,2745661010,-1,0
0.02516,2,0,INJECTING,1789760,1785952,4194304,2000000000,-1,0
0.02516,3,0,INJECTING,2106776,2099160,4194304,3795599722,-1,0
0.02518,0,0,INJECTING,227886904,227885952,1386879564,2006065953,-1,0
0.02518,1,0,INJECTING,1598408,1593648,4194304,2745661010,-1,0
0.02518,2,0,INJECTING,1794520,1790712,4194304,2000000000,-1,0
0.02518,3,0,INJECTING,2115344,2108680,4194304,3795599722,-1,0
0.0252,0,0,INJECTING,227891664,227890712,1386879564,2006065953,-1,0
0.0252,1,0,INJECTING,1605072,1600312,4194304,2745661010,-1,0
0.0252,2,0,INJECTING,1799280,1795472,4194304,2000000000,-1,0
0.0252,3,0,INJECTING,2124864,2119152,4194304,3795599722,-1,0
0.02522,0,0,INJECTING,227896424,227895472,1386879564,2006065953,-1,0
0.02522,1,0,INJECTING,1611736,1606976,4194304,2745661010,-1,0
0.02522,2,0,INJECTING,1804040,1800232,4194304,2000000000,-1,0
0.02522,3,0,INJECTING,2134384,2128672,4194304,3923856845,-1,0
0.02524,0,0,INJECTING,227901184,227900232,1386879564,2006065953,-1,0
0.02524,1,0,INJECTING,1618400,1613640,4194304,2798922511,-1,0
0.02524,2,0,INJECTING,1808800,1804992,4194304,2000000000,-1,0
0.02524,3,0,INJECTING,2142952,2137240,4194304,3923856845,-1,0
0.02526,0,0,INJECTING,227906896,227904992,1386879564,2006499235,-1,0
0.02526,1,0,INJECTING,1625064,1620304,4194304,2798922511,-1,0
0.02526,2,0,INJECTING,1813560,1809752,4194304,2000000000,-1,0
0.02526,3,0,INJECTING,2152472,2146760,4194304,3923856845,-1,0
0.02528,0,0,INJECTING,227911656,227909752,1386879564,2006499235,-1,0
0.02528,1,0,INJECTING,1631728,1626968,4194304,2798922511,-1,0
0.02528,2,0,INJECTING,1818320,1814512,4194304,2000000000,-1,0
0.02528,3,0,INJECTING,2161992,2156280,4194304,3923856845,-1,0
0.0253,0,0,INJECTING,227916416,227914512,1386879564,2006499235,-1,0
0.0253,1,0,INJECTING,1638392,1633632,4194304,2798922511,-1,0
0.0253,2,0,INJECTING,1823080,1819272,4194304,2571784358,-1,0
0.0253,3,0,INJECTING,2171512,2165800,4194304,3923856845,-1,0
0.02532,0,0,INJECTING,227921176,227919272,1386879564,2006499235,-1,0
0.02532,1,0,INJECTING,1645056,1640296,4194304,2798922511,-1,0
0.02532,2,0,INJECTING,1829744,1824984,4194304,2571784358,-1,0
0.02532,3,0,INJECTING,2181032,2174368,4194304,3923856845,-1,0
0.02534,0,0,INJECTING,227925936,227924032,1386879564,2006499235,-1,0
0.02534,1,0,INJECTING,1651720,1646960,4194304,2798922511,-1,0
0.02534,2,0,INJECTING,1835456,1831648,4194304,2571784358,-1,0
0.02534,3,0,INJECTING,2189600,2183888,4194304,3923856845,-1,0
0.02536,0,0,INJECTING,227930696,227928792,1386879564,2006499235,-1,0
0.02536,1,0,INJECTING,1657432,1653624,4194304,2798922511,-1,0
0.02536,2,0,INJECTING,1841168,1837360,4194304,2571784358,-1,0
0.02536,3,0,INJECTING,2199120,2193408,4194304,3923856845,-1,0
0.02538,0,0,INJECTING,227935456,227933552,1386879564,2006499235,-1,0
0.02538,1,0,INJECTING,1664096,1660288,4194304,2798922511,-1,0
0.02538,2,0,INJECTING,1847832,1843072,4194304,2571784358,-1,0
0.02538,3,0,INJECTING,2208640,2201976,4194304,3923856845,-1,0
0.0254,0,0,INJECTING,227940216,227938312,1386879564,2006499235,-1,0
0.0254,1,0,INJECTING,1670760,1666952,4194304,2798922511,-1,0
0.0254,2,0,INJECTING,1853544,1849736,4194304,2571784358,-1,0
0.0254,3,0,INJECTING,2218160,2211496,4194304,3923856845,-1,0
0.02542,0,0,INJECTING,227944976,227943072,1386879564,2006499235,-1,0
0.02542,1,0,INJECTING,1677424,1673616,4194304,2798922511,-1,0
0.02542,2,0,INJECTING,1860208,1855448,4194304,2571784358,-1,0
0.02542,3,0,INJECTING,2227680,2221016,4194304,3923856845,-1,0
0.02544,0,0,INJECTING,227949736,227947832,1386879564,2006499235,-1,0
0.02544,1,0,INJECTING,1684088,1679328,4194304,2798922511,-1,0
0.02544,2,0,INJECTING,1865920,1861160,4194304,2571784358,-1,0
0.02544,3,0,INJECTING,2236248,2229584,4194304,3923856845,-1,0
0.02546,0,0,INJECTING,227954496,227952592,1386879564,2006499235,-1,0
0.02546,1,0,INJECTING,1690752,1685992,4194304,2798922511,-1,0
0.02546,2,0,INJECTING,1872584,1867824,4194304,2571784358,-1,0
0.02546,3,0,INJECTING,2245768,2239104,4194304,3923856845,-1,0
0.02548,0,0,INJECTING,227959256,227957352,1386879564,2006499235,-1,0
0.02548,1,0,INJECTING,1697416,1692656,4194304,2798922511,-1,0
0.02548,2,0,INJECTING,1878296,1873536,4194304,2571784358,-1,0
0.02548,3,0,INJECTING,2255288,2248624,4194304,3923856845,-1,0
0.0255,0,0,INJECTING,227964016,227962112,1386879564,2006499235,-1,0
0.0255,1,0,INJECTING,1704080,1699320,4194304,2798922511,-1,0
0.0255,2,0,INJECTING,1884008,1879248,4194304,2571784358,-1,0
0.0255,3,0,INJECTING,2264808,2257192,4194304,3923856845,-1,0
0.02552,0,0,INJECTING,227968776,227966872,1386879564,2006499235,-1,0
0.02552,1,0,INJECTING,1710744,1705984,4194304,2798922511,-1,0
0.02552,2,0,INJECTING,1890672,1885912,4194304,2571784358,-1,0
0.02552,3,0,INJECTING,2274328,2266712,4194304,3987985406,-1,0
0.02554,0,0,INJECTING,227973536,227970680,1386879564,2006499235,-1,0
0.02554,1,0,INJECTING,1718360,1712648,4194304,2825553261,-1,0
0.02554,2,0,INJECTING,1896384,1891624,4194304,2571784358,-1,0
0.02554,3,0,INJECTING,2283848,2275280,4194304,3987985406,-1,0
0.02556,0,0,INJECTING,227978296,227975440,1386879564,2006715876,-1,0
0.02556,1,0,INJECTING,1725024,1718360,4194304,2825553261,-1,0
0.02556,2,0,INJECTING,1903048,1897336,4194304,2571784358,-1,0
0.02556,3,0,INJECTING,2293368,2284800,4194304,3987985406,-1,0
0.02558,0,0,INJECTING,227983056,227980200,1386879564,2006715876,-1,0
0.02558,1,0,INJECTING,1731688,1725024,4194304,2825553261,-1,0
0.02558,2,0,INJECTING,1908760,1903048,4194304,2571784358,-1,0
0.02558,3,0,INJECTING,2302888,2293368,4194304,3987985406,-1,0
0.0256,0,0,INJECTING,227987816,227984960,1386879564,2006715876,-1,0
0.0256,1,0,INJECTING,1738352,1731688,4194304,2825553261,-1,0
0.0256,2,0,INJECTING,1915424,1908760,4194304,2857676537,-1,0
0.0256,3,0,INJECTING,2312408,2302888,4194304,3987985406,-1,0
0.02562,0,0,INJECTING,227992576,227988768,1386879564,2006715876,-1,0
0.02562,1,0,INJECTING,1745016,1737400,4194304,2825553261,-1,0
0.02562,2,0,INJECTING,1922088,1914472,4194304,2857676537,-1,0
0.02562,3,0,INJECTING,2321928,2311456,4194304,3987985406,-1,0
0.02564,0,0,INJECTING,227997336,227993528,1386879564,2006715876,-1,0
0.02564,1,0,INJECTING,1751680,1744064,4194304,2825553261,-1,0
0.02564,2,0,INJECTING,1928752,1921136,4194304,2857676537,-1,0
0.02564,3,0,INJECTING,2331448,2320024,4194304,3987985406,-1,0
0.02566,0,0,INJECTING,228002096,227998288,1386879564,2006715876,-1,0
0.02566,1,0,INJECTING,1758344,1750728,4194304,2825553261,-1,0
0.02566,2,0,INJECTING,1935416,1927800,4194304,2857676537,-1,0
0.02566,3,0,INJECTING,2340968,2329544,4194304,3987985406,-1,0
0.02568,0,0,INJECTING,228006856,228003048,1386879564,2006715876,-1,0
0.02568,1,0,INJECTING,1765008,1756440,4194304,2825553261,-1,0
0.02568,2,0,INJECTING,1942080,1933512,4194304,2857676537,-1,0
0.02568,3,0,INJECTING,2350488,2338112,4194304,3987985406,-1,0
0.0257,0,0,INJECTING,228011616,228006856,1386879564,2006715876,-1,0
0.0257,1,0,INJECTING,1771672,1763104,4194304,2825553261,-1,0
0.0257,2,0,INJECTING,1948744,1940176,4194304,2857676537,-1,0
0.0257,3,0,INJECTING,2360008,2347632,4194304,3987985406,-1,0
0.02572,0,0,INJECTING,228016376,228011616,1386879564,2006715876,-1,0
0.02572,1,0,INJECTING,1778336,1768816,4194304,2825553261,-1,0
0.02572,2,0,INJECTING,1956360,1946840,4194304,2857676537,-1,0
0.02572,3,0,INJECTING,2369528,2356200,4194304,3987985406,-1,0
0.02574,0,0,INJECTING,228021136,228016376,1386879564,2006715876,-1,0
0.02574,1,0,INJECTING,1785000,1775480,4194304,2825553261,-1,0
0.02574,2,0,INJECTING,1963024,1953504,4194304,2857676537,-1,0
0.02574,3,0,INJECTING,2378096,2364768,4194304,3987985406,-1,0
0.02576,0,0,INJECTING,228025896,228020184,1386879564,2006715876,-1,0
0.02576,1,0,INJECTING,1791664,1782144,4194304,2825553261,-1,0
0.02576,2,0,INJECTING,1969688,1959216,4194304,2857676537,-1,0
0.02576,3,0,INJECTING,2387616,2373336,4194304,3987985406,-1,0
0.02578,0,0,INJECTING,228030656,228024944,1386879564,2006715876,-1,0
0.02578,1,0,INJECTING,1798328,1787856,4194304,2825553261,-1,0
0.02578,2,0,INJECTING,1976352,1965880,4194304,2857676537,-1,0
0.02578,3,0,INJECTING,2397136,2382856,4194304,3987985406,-1,0
0.0258,0,0,INJECTING,228035416,228029704,1386879564,2006715876,-1,0
0.0258,1,0,INJECTING,1804992,1794520,4194304,2825553261,-1,0
0.0258,2,0,INJECTING,1983016,1972544,4194304,2857676537,-1,0
0.0258,3,0,INJECTING,2406656,2391424,4194304,3987985406,-1,0
0.02582,0,0,INJECTING,228040176,228034464,1386879564,2006715876,-1,0
0.02582,1,0,INJECTING,1811656,1801184,4194304,2825553261,-1,0
0.02582,2,0,INJECTING,1989680,1979208,4194304,2857676537,-1,0
0.02582,3,0,INJECTING,2414272,2400944,4194304,3129464134,-1,0
0.02584,0,0,INJECTING,228044936,228039224,1386879564,2006715876,-1,0
0.02584,1,0,INJECTING,1819272,1807848,4194304,2863868636,-1,0
0.02584,2,0,INJECTING,1997296,1985872,4194304,2857676537,-1,0
0.02584,3,0,INJECTING,2421888,2409512,4194304,3129464134,-1,0
0.02586,0,0,INJECTING,228049696,228043984,1386879564,2031824197,-1,0
0.02586,1,0,INJECTING,1825936,1814512,4194304,2863868636,-1,0
0.02586,2,0,INJECTING,2003960,1992536,4194304,2857676537,-1,0
0.02586,3,0,INJECTING,2429504,2417128,4194304,3129464134,-1,0
0.02588,0,0,INJECTING,228054456,228048744,1386879564,2031824197,-1,0
0.02588,1,0,INJECTING,1832600,1822128,4194304,2863868636,-1,0
0.02588,2,0,INJECTING,2010624,2000152,4194304,2857676537,-1,0
0.02588,3,0,INJECTING,2437120,2425696,4194304,3129464134,-1,0
0.0259,0,0,INJECTING,228059216,228054456,1386879564,2031824197,-1,0
0.0259,1,0,INJECTING,1839264,1829744,4194304,2863868636,-1,0
0.0259,2,0,INJECTING,2017288,2007768,4194304,3000622626,-1,0
0.0259,3,0,INJECTING,2444736,2433312,4194304,3129464134,-1,0
0.02592,0,0,INJECTING,228063976,228060168,1386879564,2031824197,-1,0
0.02592,1,0,INJECTING,1845928,1837360,4194304,2863868636,-1,0
0.02592,2,0,INJECTING,2024904,2015384,4194304,3000622626,-1,0
0.02592,3,0,INJECTING,2452352,2441880,4194304,3129464134,-1,0
0.02594,0,0,INJECTING,228068736,228064928,1386879564,2031824197,-1,0
0.02594,1,0,INJECTING,1852592,1844976,4194304,2863868636,-1,0
0.02594,2,0,INJECTING,2031568,2023000,4194304,3000622626,-1,0
0.02594,3,0,INJECTING,2459016,2450448,4194304,3129464134,-1,0
0.02596,0,0,INJECTING,228073496,228070640,1386879564,2031824197,-1,0
0.02596,1,0,INJECTING,1860208,1852592,4194304,2863868636,-1,0
0.02596,2,0,INJECTING,2039184,2031568,4194304,3000622626,-1,0
0.02596,3,0,INJECTING,2466632,2459016,4194304,3129464134,-1,0
0.02598,0,0,INJECTING,228079208,228076352,1386879564,2031824197,-1,0
0.02598,1,0,INJECTING,1866872,1860208,4194304,2863868636,-1,0
0.02598,2,0,INJECTING,2045848,2039184,4194304,3000622626,-1,0
0.02598,3,0,INJECTING,2474248,2467584,4194304,3129464134,-1,0
0.026,0,0,INJECTING,228083968,228082064,1386879564,2031824197,-1,0
0.026,1,0,INJECTING,1873536,1867824,4194304,2863868636,-1,0
0.026,2,0,INJECTING,2053464,2046800,4194304,3000622626,-1,0
0.026,3,0,INJECTING,2481864,2476152,4194304,3129464134,-1,0
0.02602,0,0,INJECTING,228088728,228086824,1386879564,2031824197,-1,0
0.02602,1,0,INJECTING,1880200,1875440,4194304,2863868636,-1,0
0.02602,2,0,INJECTING,2060128,2055368,4194304,3000622626,-1,0
0.02602,3,0,INJECTING,2489480,2483768,4194304,3129464134,-1,0
0.02604,0,0,INJECTING,228093488,228092536,1386879564,2031824197,-1,0
0.02604,1,0,INJECTING,1886864,1883056,4194304,2863868636,-1,0
0.02604,2,0,INJECTING,2067744,2062984,4194304,3000622626,-1,0
0.02604,3,0,INJECTING,2497096,2492336,4194304,3129464134,-1,0
0.02606,0,0,INJECTING,228098248,228097296,1386879564,2031824197,-1,0
0.02606,1,0,INJECTING,1893528,1889720,4194304,2863868636,-1,0
0.02606,2,0,INJECTING,2074408,2069648,4194304,3000622626,-1,0
0.02606,3,0,INJECTING,2503760,2499952,4194304,3129464134,-1,0
0.02608,0,0,INJECTING,228103008,228102056,1386879564,2031824197,-1,0
0.02608,1,0,INJECTING,1900192,1896384,4194304,2863868636,-1,0
0.02608,2,0,INJECTING,2082024,2077264,4194304,3000622626,-1,0
0.02608,3,0,INJECTING,2511376,2506616,4194304,3129464134,-1,0
0.0261,0,0,INJECTING,228107768,228106816,1386879564,2031824197,-1,0
0.0261,1,0,INJECTING,1907808,1903048,4194304,2863868636,-1,0
0.0261,2,0,INJECTING,2088688,2084880,4194304,3000622626,-1,0
0.0261,3,0,INJECTING,2518992,2514232,4194304,3129464134,-1,0
0.02612,0,0,INJECTING,228112528,228111576,1386879564,2031824197,-1,0
0.02612,1,0,INJECTING,1914472,1909712,4194304,2863868636,-1,0
0.02612,2,0,INJECTING,2096304,2091544,4194304,3000622626,-1,0
0.02612,3,0,INJECTING,2527560,2521848,4194304,3587256910,-1,0
0.02614,0,0,INJECTING,228117288,228116336,1386879564,2031824197,-1,0
0.02614,1,0,INJECTING,1921136,1917328,4194304,2933026324,-1,0
0.02614,2,0,INJECTING,2102968,2099160,4194304,3000622626,-1,0
0.02614,3,0,INJECTING,2536128,2530416,4194304,3587256910,-1,0
0.02616,0,0,INJECTING,228122048,228121096,1386879564,2094378357,-1,0
0.02616,1,0,INJECTING,1927800,1923992,4194304,2933026324,-1,0
0.02616,2,0,INJECTING,2110584,2105824,4194304,3000622626,-1,0
0.02616,3,0,INJECTING,2544696,2538984,4194304,3587256910,-1,0
0.02618,0,0,INJECTING,228127760,228125856,1386879564,2094378357,-1,0
0.02618,1,0,INJECTING,1935416,1930656,4194304,2933026324,-1,0
0.02618,2,0,INJECTING,2117248,2113440,4194304,3000622626,-1,0
0.02618,3,0,INJECTING,2553264,2547552,4194304,3587256910,-1,0
0.0262,0,0,INJECTING,228132520,228131568,1386879564,2094378357,-1,0
0.0262,1,0,INJECTING,1942080,1937320,4194304,2933026324,-1,0
0.0262,2,0,INJECTING,2124864,2120104,4194304,3072095671,-1,0
0.0262,3,0,INJECTING,2561832,2556120,4194304,3587256910,-1,0
0.02622,0,0,INJECTING,228137280,228136328,1386879564,2094378357,-1,0
0.02622,1,0,INJECTING,1948744,1944936,4194304,2933026324,-1,0
0.02622,2,0,INJECTING,2131528,2127720,4194304,3072095671,-1,0
0.02622,3,0,INJECTING,2570400,2564688,4194304,3587256910,-1,0
0.02624,0,0,INJECTING,228142040,228141088,1386879564,2094378357,-1,0
0.02624,1,0,INJECTING,1956360,1951600,4194304,2933026324,-1,0
0.02624,2,0,INJECTING,2139144,2134384,4194304,3072095671,-1,0
0.02624,3,0,INJECTING,2578968,2573256,4194304,3587256910,-1,0
0.02626,0,0,INJECTING,228147752,228145848,1386879564,2094378357,-1,0
0.02626,1,0,INJECTING,1963024,1959216,4194304,2933026324,-1,0
0.02626,2,0,INJECTING,2146760,2142000,4194304,3072095671,-1,0
0.02626,3,0,INJECTING,2587536,2581824,4194304,3587256910,-1,0
0.02628,0,0,INJECTING,228152512,228151560,1386879564,2094378357,-1,0
0.02628,1,0,INJECTING,1969688,1965880,4194304,2933026324,-1,0
0.02628,2,0,INJECTING,2153424,2149616,4194304,3072095671,-1,0
0.02628,3,0,INJECTING,2596104,2590392,4194304,3587256910,-1,0
0.0263,0,0,INJECTING,228157272,228156320,1386879564,2094378357,-1,0
0.0263,1,0,INJECTING,1977304,1972544,4194304,2933026324,-1,0
0.0263,2,0,INJECTING,2161040,2156280,4194304,3072095671,-1,0
0.0263,3,0,INJECTING,2603720,2598960,4194304,3587256910,-1,0
0.02632,0,0,INJECTING,228162032,228161080,1386879564,2094378357,-1,0
0.02632,1,0,INJECTING,1983968,1980160,4194304,2933026324,-1,0
0.02632,2,0,INJECTING,2168656,2163896,4194304,3072095671,-1,0
0.02632,3,0,INJECTING,2612288,2607528,4194304,3587256910,-1,0
0.02634,0,0,INJECTING,228166792,228165840,1386879564,2094378357,-1,0
0.02634,1,0,INJECTING,1990632,1986824,4194304,2933026324,-1,0
0.02634,2,0,INJECTING,2175320,2171512,4194304,3072095671,-1,0
0.02634,3,0,INJECTING,2620856,2616096,4194304,3587256910,-1,0
0.02636,0,0,INJECTING,228172504,228171552,1386879564,2094378357,-1,0
0.02636,1,0,INJECTING,1998248,1993488,4194304,2933026324,-1,0
0.02636,2,0,INJECTING,2182936,2178176,4194304,3072095671,-1,0
0.02636,3,0,INJECTING,2629424,2624664,4194304,3587256910,-1,0
0.02638,0,0,INJECTING,228177264,228176312,1386879564,2094378357,-1,0
0.02638,1,0,INJECTING,2004912,2001104,4194304,2933026324,-1,0
0.02638,2,0,INJECTING,2190552,2185792,4194304,3072095671,-1,0
0.02638,3,0,INJECTING,2637992,2633232,4194304,3587256910,-1,0
0.0264,0,0,INJECTING,228182024,228181072,1386879564,2094378357,-1,0
0.0264,1,0,INJECTING,2011576,2007768,4194304,2933026324,-1,0
0.0264,2,0,INJECTING,2197216,2193408,4194304,3072095671,-1,0
0.0264,3,0,INJECTING,2646560,2641800,4194304,3587256910,-1,0
0.02642,0,0,INJECTING,228186784,228185832,1386879564,2094378357,-1,0
0.02642,1,0,INJECTING,2019192,2014432,4194304,2933026324,-1,0
0.02642,2,0,INJECTING,2204832,2200072,4194304,3072095671,-1,0
0.02642,3,0,INJECTING,2656080,2650368,4194304,3816153298,-1,0
0.02644,0,0,INJECTING,228192496,228190592,1386879564,2094378357,-1,0
0.02644,1,0,INJECTING,2025856,2021096,4194304,3017605168,-1,0
0.02644,2,0,INJECTING,2212448,2207688,4194304,3072095671,-1,0
0.02644,3,0,INJECTING,2664648,2658936,4194304,3816153298,-1,0
0.02646,0,0,INJECTING,228197256,228196304,1386879564,2175655437,-1,0
0.02646,1,0,INJECTING,2033472,2028712,4194304,3017605168,-1,0
0.02646,2,0,INJECTING,2220064,2214352,4194304,3072095671,-1,0
0.02646,3,0,INJECTING,2674168,2668456,4194304,3816153298,-1,0
0.02648,0,0,INJECTING,228202016,228201064,1386879564,2175655437,-1,0
0.02648,1,0,INJECTING,2040136,2035376,4194304,3017605168,-1,0
0.02648,2,0,INJECTING,2226728,2221968,4194304,3072095671,-1,0
0.02648,3,0,INJECTING,2682736,2677024,4194304,3816153298,-1,0
0.0265,0,0,INJECTING,228207728,228205824,1386879564,2175655437,-1,0
0.0265,1,0,INJECTING,2047752,2042040,4194304,3017605168,-1,0
0.0265,2,0,INJECTING,2234344,2228632,4194304,3107832193,-1,0
0.0265,3,0,INJECTING,2692256,2685592,4194304,3816153298,-1,0
0.02652,0,0,INJECTING,228212488,228210584,1386879564,2175655437,-1,0
0.02652,1,0,INJECTING,2054416,2048704,4194304,3017605168,-1,0
0.02652,2,0,INJECTING,2241960,2236248,4194304,3107832193,-1,0
0.02652,3,0,INJECTING,2700824,2694160,4194304,3816153298,-1,0
0.02654,0,0,INJECTING,228218200,228215344,1386879564,2175655437,-1,0
0.02654,1,0,INJECTING,2062032,2056320,4194304,3017605168,-1,0
0.02654,2,0,INJECTING,2248624,2242912,4194304,3107832193,-1,0
0.02654,3,0,INJECTING,2710344,2702728,4194304,3816153298,-1,0
0.02656,0,0,INJECTING,228222960,228221056,1386879564,2175655437,-1,0
0.02656,1,0,INJECTING,2068696,2062984,4194304,3017605168,-1,0
0.02656,2,0,INJECTING,2256240,2249576,4194304,3107832193,-1,0
0.02656,3,0,INJECTING,2719864,2711296,4194304,3816153298,-1,0
0.02658,0,0,INJECTING,228228672,228225816,1386879564,2175655437,-1,0
0.02658,1,0,INJECTING,2076312,2069648,4194304,3017605168,-1,0
0.02658,2,0,INJECTING,2263856,2257192,4194304,3107832193,-1,0
0.02658,3,0,INJECTING,2728432,2719864,4194304,3816153298,-1,0
0.0266,0,0,INJECTING,228233432,228230576,1386879564,2175655437,-1,0
0.0266,1,0,INJECTING,2083928,2076312,4194304,3017605168,-1,0
0.0266,2,0,INJECTING,2271472,2263856,4194304,3107832193,-1,0
0.0266,3,0,INJECTING,2737952,2728432,4194304,3816153298,-1,0
0.02662,0,0,INJECTING,228239144,228235336,1386879564,2175655437,-1,0
0.02662,1,0,INJECTING,2090592,2082976,4194304,3017605168,-1,0
0.02662,2,0,INJECTING,2279088,2271472,4194304,3107832193,-1,0
0.02662,3,0,INJECTING,2746520,2737000,4194304,3816153298,-1,0
0.02664,0,0,INJECTING,228243904,228240096,1386879564,2175655437,-1,0
0.02664,1,0,INJECTING,2098208,2089640,4194304,3017605168,-1,0
0.02664,2,0,INJECTING,2285752,2278136,4194304,3107832193,-1,0
0.02664,3,0,INJECTING,2756040,2745568,4194304,3816153298,-1,0
0.02666,0,0,INJECTING,228248664,228244856,1386879564,2175655437,-1,0
0.02666,1,0,INJECTING,2104872,2097256,4194304,3017605168,-1,0
0.02666,2,0,INJECTING,2293368,2284800,4194304,3107832193,-1,0
0.02666,3,0,INJECTING,2764608,2754136,4194304,3816153298,-1,0
0.02668,0,0,INJECTING,228254376,228250568,1386879564,2175655437,-1,0
0.02668,1,0,INJECTING,2112488,2103920,4194304,3017605168,-1,0
0.02668,2,0,INJECTING,2300984,2292416,4194304,3107832193,-1,0
0.02668,3,0,INJECTING,2774128,2763656,4194304,3816153298,-1,0
0.0267,0,0,INJECTING,228259136,228255328,1386879564,2175655437,-1,0
0.0267,1,0,INJECTING,2119152,2110584,4194304,3017605168,-1,0
0.0267,2,0,INJECTING,2308600,2299080,4194304,3107832193,-1,0
0.0267,3,0,INJECTING,2782696,2772224,4194304,3816153298,-1,0
0.02672,0,0,INJECTING,228264848,228260088,1386879564,2175655437,-1,0
0.02672,1,0,INJECTING,2126768,2117248,4194304,3017605168,-1,0
0.02672,2,0,INJECTING,2315264,2305744,4194304,3107832193,-1,0
0.02672,3,0,INJECTING,2792216,2780792,4194304,3930601492,-1,0
0.02674,0,0,INJECTING,228269608,228264848,1386879564,2175655437,-1,0
0.02674,1,0,INJECTING,2133432,2123912,4194304,3109894590,-1,0
0.02674,2,0,INJECTING,2322880,2313360,4194304,3107832193,-1,0
0.02674,3,0,INJECTING,2801736,2789360,4194304,3930601492,-1,0
0.02676,0,0,INJECTING,228275320,228269608,1386879564,2266293977,-1,0
0.02676,1,0,INJECTING,2141048,2130576,4194304,3109894590,-1,0
0.02676,2,0,INJECTING,2330496,2320024,4194304,3107832193,-1,0
0.02676,3,0,INJECTING,2811256,2797928,4194304,3930601492,-1,0
0.02678,0,0,INJECTING,228280080,228274368,1386879564,2266293977,-1,0
0.02678,1,0,INJECTING,2148664,2138192,4194304,3109894590,-1,0
0.02678,2,0,INJECTING,2338112,2326688,4194304,3107832193,-1,0
0.02678,3,0,INJECTING,2820776,2806496,4194304,3930601492,-1,0
0.0268,0,0,INJECTING,228285792,228280080,1386879564,2266293977,-1,0
0.0268,1,0,INJECTING,2156280,2144856,4194304,3109894590,-1,0
0.0268,2,0,INJECTING,2345728,2333352,4194304,3150700454,-1,0
0.0268,3,0,INJECTING,2829344,2815064,4194304,3930601492,-1,0
0.02682,0,0,INJECTING,228291504,228284840,1386879564,2266293977,-1,0
0.02682,1,0,INJECTING,2163896,2151520,4194304,3109894590,-1,0
0.02682,2,0,INJECTING,2352392,2340968,4194304,3150700454,-1,0
0.02682,3,0,INJECTING,2838864,2823632,4194304,3930601492,-1,0
0.02684,0,0,INJECTING,228296264,228289600,1386879564,2266293977,-1,0
0.02684,1,0,INJECTING,2170560,2158184,4194304,3109894590,-1,0
0.02684,2,0,INJECTING,2360008,2347632,4194304,2297191993,-1,0
0.02684,3,0,INJECTING,2848384,2833152,4194304,3930601492,-1,0
0.02686,0,0,INJECTING,228301976,228295312,1386879564,2266293977,-1,0
0.02686,1,0,INJECTING,2178176,2165800,4194304,3109894590,-1,0
0.02686,2,0,INJECTING,2364768,2355248,4194304,2297191993,-1,0
0.02686,3,0,INJECTING,2857904,2841720,4194304,3930601492,-1,0
0.02688,0,0,INJECTING,228307688,228300072,1386879564,2266293977,-1,0
0.02688,1,0,INJECTING,2185792,2173416,4194304,3109894590,-1,0
0.02688,2,0,INJECTING,2370480,2360960,4194304,2297191993,-1,0
0.02688,3,0,INJECTING,2866472,2851240,4194304,3218252603,-1,0
0.0269,0,0,INJECTING,228312448,228305784,1386879564,2266293977,-1,0
0.0269,1,0,INJECTING,2193408,2181032,4194304,3109894590,-1,0
0.0269,2,0,INJECTING,2376192,2366672,4194304,2297191993,-1,0
0.0269,3,0,INJECTING,2874088,2860760,4194304,3218252603,-1,0
0.02692,0,0,INJECTING,228318160,228311496,1386879564,2266293977,-1,0
0.02692,1,0,INJECTING,2200072,2188648,4194304,3109894590,-1,0
0.02692,2,0,INJECTING,2381904,2372384,4194304,2297191993,-1,0
0.02692,3,0,INJECTING,2881704,2869328,4194304,2635575431,-1,0
0.02694,0,0,INJECTING,228323872,228318160,1386879564,2266293977,-1,0
0.02694,1,0,INJECTING,2207688,2196264,4194304,3109894590,-1,0
0.02694,2,0,INJECTING,2386664,2379048,4194304,2297191993,-1,0
0.02694,3,0,INJECTING,2888368,2877896,4194304,2635575431,-1,0
0.02696,0,0,INJECTING,228328632,228323872,1386879564,2266293977,-1,0
0.02696,1,0,INJECTING,2215304,2204832,4194304,3109894590,-1,0
0.02696,2,0,INJECTING,2392376,2384760,4194304,2297191993,-1,0
0.02696,3,0,INJECTING,2894080,2885512,4194304,2635575431,-1,0
0.02698,0,0,INJECTING,228334344,228329584,1386879564,2266293977,-1,0
0.02698,1,0,INJECTING,2222920,2213400,4194304,3109894590,-1,0
0.02698,2,0,INJECTING,2398088,2391424,4194304,2297191993,-1,0
0.02698,3,0,INJECTING,2900744,2892176,4194304,2635575431,-1,0
0.027,0,0,INJECTING,228340056,228336248,1386879564,2266293977,-1,0
0.027,1,0,INJECTING,2230536,2221968,4194304,3109894590,-1,0
0.027,2,0,INJECTING,2403800,2397136,4194304,2297191993,-1,0
0.027,3,0,INJECTING,2906456,2899792,4194304,2635575431,-1,0
0.02702,0,0,INJECTING,228344816,228341960,1386879564,2266293977,-1,0
0.02702,1,0,INJECTING,2237200,2230536,4194304,3109894590,-1,0
0.02702,2,0,INJECTING,2408560,2403800,4194304,2297191993,-1,0
0.02702,3,0,INJECTING,2913120,2906456,4194304,2635575431,-1,0
0.02704,0,0,INJECTING,228350528,228348624,1386879564,2266293977,-1,0
0.02704,1,0,INJECTING,2244816,2238152,4194304,3206039301,-1,0
0.02704,2,0,INJECTING,2414272,2409512,4194304,2297191993,-1,0
0.02704,3,0,INJECTING,2919784,2914072,4194304,2635575431,-1,0
0.02706,0,0,INJECTING,228356240,228354336,1386879564,2361613247,-1,0
0.02706,1,0,INJECTING,2252432,2246720,4194304,3206039301,-1,0
0.02706,2,0,INJECTING,2419984,2416176,4194304,2297191993,-1,0
0.02706,3,0,INJECTING,2925496,2920736,4194304,2635575431,-1,0
0.02708,0,0,INJECTING,228361952,228361000,1386879564,2361613247,-1,0
0.02708,1,0,INJECTING,2260048,2255288,4194304,3206039301,-1,0
0.02708,2,0,INJECTING,2425696,2421888,4194304,2297191993,-1,0
0.02708,3,0,INJECTING,2932160,2928352,4194304,2635575431,-1,0
0.0271,0,0,INJECTING,228367664,228365760,1386879564,2361613247,-1,0
0.0271,1,0,INJECTING,2267664,2262904,4194304,3206039301,-1,0
0.0271,2,0,INJECTING,2430456,2427600,4194304,2297191993,-1,0
0.0271,3,0,INJECTING,2937872,2934064,4194304,2635575431,-1,0
0.02712,0,0,INJECTING,228373376,228371472,1386879564,2361613247,-1,0
0.02712,1,0,INJECTING,2275280,2270520,4194304,3206039301,-1,0
0.02712,2,0,INJECTING,2436168,2433312,4194304,2297191993,-1,0
0.02712,3,0,INJECTING,2944536,2940728,4194304,2635575431,-1,0
0.02714,0,0,INJECTING,228379088,228377184,1386879564,2361613247,-1,0
0.02714,1,0,INJECTING,2282896,2278136,4194304,3206039301,-1,0
0.02714,2,0,INJECTING,2441880,2438072,4194304,2723946223,-1,0
0.02714,3,0,INJECTING,2950248,2946440,4194304,2635575431,-1,0
0.02716,0,0,INJECTING,228384800,228382896,1386879564,2361613247,-1,0
0.02716,1,0,INJECTING,2290512,2285752,4194304,3206039301,-1,0
0.02716,2,0,INJECTING,2448544,2444736,4194304,2723946223,-1,0
0.02716,3,0,INJECTING,2956912,2953104,4194304,2635575431,-1,0
0.02718,0,0,INJECTING,228389560,228388608,1386879564,2361613247,-1,0
0.02718,1,0,INJECTING,2298128,2293368,4194304,3206039301,-1,0
0.02718,2,0,INJECTING,2455208,2451400,4194304,2723946223,-1,0
0.02718,3,0,INJECTING,2963576,2959768,4194304,2635575431,-1,0
0.0272,0,0,INJECTING,228395272,228394320,1386879564,2361613247,-1,0
0.0272,1,0,INJECTING,2305744,2300984,4194304,3206039301,-1,0
0.0272,2,0,INJECTING,2460920,2457112,4194304,2723946223,-1,0
0.0272,3,0,INJECTING,2969288,2965480,4194304,2635575431,-1,0
0.02722,0,0,INJECTING,228400984,228400032,1386879564,2361613247,-1,0
0.02722,1,0,INJECTING,2313360,2308600,4194304,3206039301,-1,0
0.02722,2,0,INJECTING,2467584,2463776,4194304,2723946223,-1,0
0.02722,3,0,INJECTING,2975952,2972144,4194304,3283088461,-1,0
0.02724,0,0,INJECTING,228406696,228405744,1386879564,2361613247,-1,0
0.02724,1,0,INJECTING,2320976,2317168,4194304,3206039301,-1,0
0.02724,2,0,INJECTING,2474248,2470440,4194304,2723946223,-1,0
0.02724,3,0,INJECTING,2983568,2978808,4194304,3283088461,-1,0
0.02726,0,0,INJECTING,228412408,228411456,1386879564,2361613247,-1,0
0.02726,1,0,INJECTING,2328592,2323832,4194304,3206039301,-1,0
0.02726,2,0,INJECTING,2480912,2477104,4194304,2723946223,-1,0
0.02726,3,0,INJECTING,2991184,2986424,4194304,3283088461,-1,0
0.02728,0,0,INJECTING,228418120,228417168,1386879564,2361613247,-1,0
0.02728,1,0,INJECTING,2336208,2332400,4194304,3206039301,-1,0
0.02728,2,0,INJECTING,2487576,2483768,4194304,2723946223,-1,0
0.02728,3,0,INJECTING,2999752,2994040,4194304,3283088461,-1,0
0.0273,0,0,INJECTING,228423832,228422880,1386879564,2361613247,-1,0
0.0273,1,0,INJECTING,2343824,2340016,4194304,3206039301,-1,0
0.0273,2,0,INJECTING,2494240,2489480,4194304,2723946223,-1,0
0.0273,3,0,INJECTING,3007368,3002608,4194304,3283088461,-1,0
0.02732,0,0,INJECTING,228429544,228427640,1386879564,2361613247,-1,0
0.02732,1,0,INJECTING,2351440,2346680,4194304,3206039301,-1,0
0.02732,2,0,INJECTING,2499952,2496144,4194304,2723946223,-1,0
0.02732,3,0,INJECTING,3014984,3010224,4194304,3283088461,-1,0
0.02734,0,0,INJECTING,228435256,228433352,1386879564,2361613247,-1,0
0.02734,1,0,INJECTING,2360008,2355248,4194304,3304111656,-1,0
0.02734,2,0,INJECTING,2506616,2502808,4194304,2723946223,-1,0
0.02734,3,0,INJECTING,3022600,3017840,4194304,3283088461,-1,0
0.02736,0,0,INJECTING,228440968,228439064,1386879564,2459272882,-1,0
0.02736,1,0,INJECTING,2367624,2362864,4194304,3304111656,-1,0
0.02736,2,0,INJECTING,2513280,2509472,4194304,2723946223,-1,0
0.02736,3,0,INJECTING,3030216,3025456,4194304,3283088461,-1,0
0.02738,0,0,INJECTING,228446680,228445728,1386879564,2459272882,-1,0
0.02738,1,0,INJECTING,2375240,2370480,4194304,3304111656,-1,0
0.02738,2,0,INJECTING,2519944,2516136,4194304,2723946223,-1,0
0.02738,3,0,INJECTING,3038784,3033072,4194304,3283088461,-1,0
0.0274,0,0,INJECTING,228452392,228451440,1386879564,2459272882,-1,0
0.0274,1,0,INJECTING,2382856,2378096,4194304,3304111656,-1,0
0.0274,2,0,INJECTING,2526608,2521848,4194304,2723946223,-1,0
0.0274,3,0,INJECTING,3046400,3041640,4194304,3283088461,-1,0
0.02742,0,0,INJECTING,228458104,228457152,1386879564,2459272882,-1,0
0.02742,1,0,INJECTING,2391424,2386664,4194304,3304111656,-1,0
0.02742,2,0,INJECTING,2532320,2528512,4194304,2723946223,-1,0
0.02742,3,0,INJECTING,3054016,3049256,4194304,3283088461,-1,0
0.02744,0,0,INJECTING,228463816,228462864,1386879564,2459272882,-1,0
0.02744,1,0,INJECTING,2399040,2394280,4194304,3304111656,-1,0
0.02744,2,0,INJECTING,2538984,2535176,4194304,2937323338,-1,0
0.02744,3,0,INJECTING,3061632,3056872,4194304,3283088461,-1,0
0.02746,0,0,INJECTING,228469528,228468576,1386879564,2459272882,-1,0
0.02746,1,0,INJECTING,2406656,2401896,4194304,3304111656,-1,0
0.02746,2,0,INJECTING,2546600,2541840,4194304,2937323338,-1,0
0.02746,3,0,INJECTING,3069248,3064488,4194304,3283088461,-1,0
0.02748,0,0,INJECTING,228476192,228474288,1386879564,2459272882,-1,0
0.02748,1,0,INJECTING,2414272,2409512,4194304,3304111656,-1,0
0.02748,2,0,INJECTING,2553264,2548504,4194304,2937323338,-1,0
0.02748,3,0,INJECTING,3077816,3072104,4194304,3283088461,-1,0
0.0275,0,0,INJECTING,228481904,228480000,1386879564,2459272882,-1,0
0.0275,1,0,INJECTING,2422840,2417128,4194304,3304111656,-1,0
0.0275,2,0,INJECTING,2559928,2556120,4194304,2937323338,-1,0
0.0275,3,0,INJECTING,3085432,3080672,4194304,3283088461,-1,0
0.02752,0,0,INJECTING,228487616,228485712,1386879564,2459272882,-1,0
0.02752,1,0,INJECTING,2430456,2424744,4194304,3304111656,-1,0
0.02752,2,0,INJECTING,2567544,2562784,4194304,2937323338,-1,0
0.02752,3,0,INJECTING,3093048,3088288,4194304,3606844976,-1,0
0.02754,0,0,INJECTING,228493328,228491424,1386879564,2459272882,-1,0
0.02754,1,0,INJECTING,2438072,2432360,4194304,3304111656,-1,0
0.02754,2,0,INJECTING,2574208,2569448,4194304,2937323338,-1,0
0.02754,3,0,INJECTING,3101616,3095904,4194304,3606844976,-1,0
0.02756,0,0,INJECTING,228499040,228497136,1386879564,2459272882,-1,0
0.02756,1,0,INJECTING,2446640,2439976,4194304,3304111656,-1,0
0.02756,2,0,INJECTING,2580872,2576112,4194304,2937323338,-1,0
0.02756,3,0,INJECTING,3110184,3103520,4194304,3606844976,-1,0
0.02758,0,0,INJECTING,228504752,228502848,1386879564,2459272882,-1,0
0.02758,1,0,INJECTING,2454256,2447592,4194304,3304111656,-1,0
0.02758,2,0,INJECTING,2588488,2582776,4194304,2937323338,-1,0
0.02758,3,0,INJECTING,3118752,3112088,4194304,3606844976,-1,0
0.0276,0,0,INJECTING,228511416,228508560,1386879564,2459272882,-1,0
0.0276,1,0,INJECTING,2461872,2455208,4194304,3304111656,-1,0
0.0276,2,0,INJECTING,2595152,2589440,4194304,2937323338,-1,0
0.0276,3,0,INJECTING,3127320,3120656,4194304,3606844976,-1,0
0.02762,0,0,INJECTING,228517128,228514272,1386879564,2459272882,-1,0
0.02762,1,0,INJECTING,2469488,2462824,4194304,3304111656,-1,0
0.02762,2,0,INJECTING,2601816,2596104,4194304,2937323338,-1,0
0.02762,3,0,INJECTING,3135888,3128272,4194304,3606844976,-1,0
0.02764,0,0,INJECTING,228522840,228519984,1386879564,2459272882,-1,0
0.02764,1,0,INJECTING,2478056,2470440,4194304,3403147834,-1,0
0.02764,2,0,INJECTING,2609432,2602768,4194304,2937323338,-1,0
0.02764,3,0,INJECTING,3144456,3136840,4194304,3606844976,-1,0
0.02766,0,0,INJECTING,228528552,228525696,1386879564,2558102700,-1,0
0.02766,1,0,INJECTING,2485672,2478056,4194304,3403147834,-1,0
0.02766,2,0,INJECTING,2616096,2609432,4194304,2937323338,-1,0
0.02766,3,0,INJECTING,3153024,3145408,4194304,3606844976,-1,0
0.02768,0,0,INJECTING,228535216,228531408,1386879564,2558102700,-1,0
0.02768,1,0,INJECTING,2494240,2485672,4194304,3403147834,-1,0
0.02768,2,0,INJECTING,2622760,2616096,4194304,2937323338,-1,0
0.02768,3,0,INJECTING,3161592,3153024,4194304,3606844976,-1,0
0.0277,0,0,INJECTING,228540928,228537120,1386879564,2558102700,-1,0
0.0277,1,0,INJECTING,2501856,2493288,4194304,3403147834,-1,0
0.0277,2,0,INJECTING,2630376,2622760,4194304,2937323338,-1,0
0.0277,3,0,INJECTING,3170160,3161592,4194304,3606844976,-1,0
0.02772,0,0,INJECTING,228546640,228542832,1386879564,2558102700,-1,0
0.02772,1,0,INJECTING,2510424,2500904,4194304,3403147834,-1,0
0.02772,2,0,INJECTING,2637040,2629424,4194304,2937323338,-1,0
0.02772,3,0,INJECTING,3178728,3169208,4194304,3606844976,-1,0
0.02774,0,0,INJECTING,228553304,228548544,1386879564,2558102700,-1,0
0.02774,1,0,INJECTING,2518040,2509472,4194304,3403147834,-1,0
0.02774,2,0,INJECTING,2643704,2636088,4194304,3044011896,-1,0
0.02774,3,0,INJECTING,3187296,3177776,4194304,3606844976,-1,0
0.02776,0,0,INJECTING,228559016,228554256,1386879564,2558102700,-1,0
0.02776,1,0,INJECTING,2526608,2517088,4194304,3403147834,-1,0
0.02776,2,0,INJECTING,2651320,2642752,4194304,3044011896,-1,0
0.02776,3,0,INJECTING,3195864,3185392,4194304,3606844976,-1,0
0.02778,0,0,INJECTING,228565680,228559968,1386879564,2558102700,-1,0
0.02778,1,0,INJECTING,2534224,2524704,4194304,3403147834,-1,0
0.02778,2,0,INJECTING,2658936,2649416,4194304,3044011896,-1,0
0.02778,3,0,INJECTING,3204432,3193960,4194304,3606844976,-1,0
0.0278,0,0,INJECTING,228571392,228565680,1386879564,2558102700,-1,0
0.0278,1,0,INJECTING,2542792,2532320,4194304,3403147834,-1,0
0.0278,2,0,INJECTING,2665600,2656080,4194304,3044011896,-1,0
0.0278,3,0,INJECTING,3213000,3202528,4194304,3606844976,-1,0
0.02782,0,0,INJECTING,228577104,228571392,1386879564,2558102700,-1,0
0.02782,1,0,INJECTING,2550408,2539936,4194304,3403147834,-1,0
0.02782,2,0,INJECTING,2673216,2663696,4194304,3044011896,-1,0
0.02782,3,0,INJECTING,3221568,3210144,4194304,3768723234,-1,0
0.02784,0,0,INJECTING,228583768,228577104,1386879564,2558102700,-1,0
0.02784,1,0,INJECTING,2558976,2547552,4194304,3403147834,-1,0
0.02784,2,0,INJECTING,2680832,2670360,4194304,3044011896,-1,0
0.02784,3,0,INJECTING,3230136,3217760,4194304,3197125500,-1,0
0.02786,0,0,INJECTING,228589480,228582816,1386879564,2558102700,-1,0
0.02786,1,0,INJECTING,2566592,2555168,4194304,3403147834,-1,0
0.02786,2,0,INJECTING,2687496,2677024,4194304,3044011896,-1,0
0.02786,3,0,INJECTING,3237752,3226328,4194304,3197125500,-1,0
0.02788,0,0,INJECTING,228596144,228588528,1386879564,2558102700,-1,0
0.02788,1,0,INJECTING,2575160,2561832,4194304,3403147834,-1,0
0.02788,2,0,INJECTING,2695112,2683688,4194304,3044011896,-1,0
0.02788,3,0,INJECTING,3245368,3233944,4194304,3197125500,-1,0
0.0279,0,0,INJECTING,228601856,228594240,1386879564,2558102700,-1,0
0.0279,1,0,INJECTING,2582776,2570400,4194304,3403147834,-1,0
0.0279,2,0,INJECTING,2701776,2690352,4194304,3044011896,-1,0
0.0279,3,0,INJECTING,3252984,3240608,4194304,3197125500,-1,0
0.02792,0,0,INJECTING,228607568,228599952,1386879564,2558102700,-1,0
0.02792,1,0,INJECTING,2591344,2578016,4194304,3403147834,-1,0
0.02792,2,0,INJECTING,2709392,2697016,4194304,2684786004,-1,0
0.02792,3,0,INJECTING,3260600,3248224,4194304,3197125500,-1,0
0.02794,0,0,INJECTING,228614232,228605664,1386879564,2558102700,-1,0
0.02794,1,0,INJECTING,2598960,2585632,4194304,3502665923,-1,0
0.02794,2,0,INJECTING,2716056,2704632,4194304,2684786004,-1,0
0.02794,3,0,INJECTING,3267264,3254888,4194304,2717352467,-1,0
0.02796,0,0,INJECTING,228619944,228612328,1386879564,2657517609,-1,0
0.02796,1,0,INJECTING,2607528,2593248,4194304,3502665923,-1,0
0.02796,2,0,INJECTING,2721768,2711296,4194304,2684786004,-1,0
0.02796,3,0,INJECTING,3272976,3262504,4194304,2000000000,-1,0
0.02798,0,0,INJECTING,228626608,228618040,1386879564,2657517609,-1,0
0.02798,1,0,INJECTING,2616096,2601816,4194304,3502665923,-1,0
0.02798,2,0,INJECTING,2728432,2717008,4194304,2684786004,-1,0
0.02798,3,0,INJECTING,3277736,3269168,4194304,2000000000,-1,0
0.028,0,0,INJECTING,228633272,228624704,1386879564,2657517609,-1,0
0.028,1,0,INJECTING,2624664,2610384,4194304,3502665923,-1,0
0.028,2,0,INJECTING,2734144,2723672,4194304,2368930329,-1,0
0.028,3,0,INJECTING,3282496,3273928,4194304,2000000000,-1,0
0.02802,0,0,INJECTING,228638984,228631368,1386879564,2657517609,-1,0
0.02802,1,0,INJECTING,2632280,2618952,4194304,3502665923,-1,0
0.02802,2,0,INJECTING,2739856,2730336,4194304,2368930329,-1,0
0.02802,3,0,INJECTING,3287256,3279640,4194304,2000000000,-1,0
0.02804,0,0,INJECTING,228645648,228638032,1386879564,2657517609,-1,0
0.02804,1,0,INJECTING,2640848,2627520,4194304,3502665923,-1,0
0.02804,2,0,INJECTING,2745568,2737000,4194304,2368930329,-1,0
0.02804,3,0,INJECTING,3292016,3284400,4194304,2000000000,-1,0
0.02806,0,0,INJECTING,228651360,228644696,1386879564,2165941694,-1,0
0.02806,1,0,INJECTING,2649416,2637040,4194304,3502665923,-1,0
0.02806,2,0,INJECTING,2751280,2742712,4194304,2368930329,-1,0
0.02806,3,0,INJECTING,3296776,3290112,4194304,2000000000,-1,0
0.02808,0,0,INJECTING,228656120,228651360,1386879564,2165941694,-1,0
0.02808,1,0,INJECTING,2657984,2646560,4194304,3502665923,-1,0
0.02808,2,0,INJECTING,2756992,2749376,4194304,2368930329,-1,0
0.02808,3,0,INJECTING,3301536,3294872,4194304,2000000000,-1,0
0.0281,0,0,INJECTING,228660880,228657072,1386879564,2165941694,-1,0
0.0281,1,0,INJECTING,2666552,2656080,4194304,3502665923,-1,0
0.0281,2,0,INJECTING,2762704,2756040,4194304,2368930329,-1,0
0.0281,3,0,INJECTING,3306296,3300584,4194304,2000000000,-1,0
0.02812,0,0,INJECTING,228666592,228662784,1386879564,2165941694,-1,0
0.02812,1,0,INJECTING,2674168,2664648,4194304,3502665923,-1,0
0.02812,2,0,INJECTING,2768416,2761752,4194304,2368930329,-1,0
0.02812,3,0,INJECTING,3311056,3305344,4194304,2000000000,-1,0
0.02814,0,0,INJECTING,228671352,228668496,1386879564,2165941694,-1,0
0.02814,1,0,INJECTING,2682736,2674168,4194304,3502665923,-1,0
0.02814,2,0,INJECTING,2774128,2768416,4194304,2368930329,-1,0
0.02814,3,0,INJECTING,3315816,3311056,4194304,2000000000,-1,0
0.02816,0,0,INJECTING,228677064,228674208,1386879564,2165941694,-1,0
0.02816,1,0,INJECTING,2691304,2683688,4194304,3502665923,-1,0
0.02816,2,0,INJECTING,2779840,2774128,4194304,2368930329,-1,0
0.02816,3,0,INJECTING,3320576,3316768,4194304,2000000000,-1,0
0.02818,0,0,INJECTING,228681824,228679920,1386879564,2165941694,-1,0
0.02818,1,0,INJECTING,2699872,2693208,4194304,3502665923,-1,0
0.02818,2,0,INJECTING,2785552,2780792,4194304,2368930329,-1,0
0.02818,3,0,INJECTING,3325336,3321528,4194304,2000000000,-1,0
0.0282,0,0,INJECTING,228686584,228685632,1386879564,2165941694,-1,0
0.0282,1,0,INJECTING,2707488,2701776,4194304,3502665923,-1,0
0.0282,2,0,INJECTING,2791264,2787456,4194304,2368930329,-1,0
0.0282,3,0,INJECTING,3330096,3327240,4194304,2000000000,-1,0
0.02822,0,0,INJECTING,228692296,228691344,1386879564,2165941694,-1,0
0.02822,1,0,INJECTING,2716056,2711296,4194304,3502665923,-1,0
0.02822,2,0,INJECTING,2796976,2793168,4194304,2368930329,-1,0
0.02822,3,0,INJECTING,3334856,3332000,4194304,2000000000,-1,0
0.02824,0,0,INJECTING,228697056,228696104,1386879564,2165941694,-1,0
0.02824,1,0,INJECTING,2724624,2718912,4194304,3602424967,-1,0
0.02824,2,0,INJECTING,2801736,2798880,4194304,2368930329,-1,0
0.02824,3,0,INJECTING,3339616,3336760,4194304,2000000000,-1,0
0.02826,0,0,INJECTING,228702768,228701816,1386879564,2165941694,-1,0
0.02826,1,0,INJECTING,2733192,2727480,4194304,3602424967,-1,0
0.02826,2,0,INJECTING,2807448,2804592,4194304,2368930329,-1,0
0.02826,3,0,INJECTING,3345328,3341520,4194304,2884361617,-1,0
0.02828,0,0,INJECTING,228707528,228706576,1386879564,2165941694,-1,0
0.02828,1,0,INJECTING,2741760,2736048,4194304,3602424967,-1,0
0.02828,2,0,INJECTING,2813160,2810304,4194304,2368930329,-1,0
0.02828,3,0,INJECTING,3351992,3347232,4194304,2884361617,-1,0
0.0283,0,0,INJECTING,228713240,228711336,1386879564,2165941694,-1,0
0.0283,1,0,INJECTING,2750328,2744616,4194304,3602424967,-1,0
0.0283,2,0,INJECTING,2819824,2815064,4194304,2706471112,-1,0
0.0283,3,0,INJECTING,3358656,3354848,4194304,2884361617,-1,0
0.02832,0,0,INJECTING,228718000,228717048,1386879564,2165941694,-1,0
0.02832,1,0,INJECTING,2758896,2753184,4194304,3602424967,-1,0
0.02832,2,0,INJECTING,2825536,2821728,4194304,2706471112,-1,0
0.02832,3,0,INJECTING,3365320,3361512,4194304,2884361617,-1,0
0.02834,0,0,INJECTING,228722760,228721808,1386879564,2165941694,-1,0
0.02834,1,0,INJECTING,2767464,2761752,4194304,3602424967,-1,0
0.02834,2,0,INJECTING,2832200,2828392,4194304,2706471112,-1,0
0.02834,3,0,INJECTING,3371984,3368176,4194304,2884361617,-1,0
0.02836,0,0,INJECTING,228728472,228727520,1386879564,2411729651,-1,0
0.02836,1,0,INJECTING,2776032,2770320,4194304,3602424967,-1,0
0.02836,2,0,INJECTING,2838864,2835056,4194304,2706471112,-1,0
0.02836,3,0,INJECTING,3379600,3374840,4194304,2884361617,-1,0
0.02838,0,0,INJECTING,228734184,228733232,1386879564,2411729651,-1,0
0.02838,1,0,INJECTING,2784600,2778888,4194304,3602424967,-1,0
0.02838,2,0,INJECTING,2845528,2841720,4194304,2706471112,-1,0
0.02838,3,0,INJECTING,3386264,3381504,4194304,2884361617,-1,0
0.0284,0,0,INJECTING,228739896,228738944,1386879564,2411729651,-1,0
0.0284,1,0,INJECTING,2793168,2787456,4194304,3602424967,-1,0
0.0284,2,0,INJECTING,2852192,2847432,4194304,2706471112,-1,0
0.0284,3,0,INJECTING,3392928,3389120,4194304,2884361617,-1,0
0.02842,0,0,INJECTING,228745608,228744656,1386879564,2411729651,-1,0
0.02842,1,0,INJECTING,2801736,2796024,4194304,3602424967,-1,0
0.02842,2,0,INJECTING,2857904,2854096,4194304,2706471112,-1,0
0.02842,3,0,INJECTING,3399592,3395784,4194304,2884361617,-1,0
0.02844,0,0,INJECTING,228751320,228750368,1386879564,2411729651,-1,0
0.02844,1,0,INJECTING,2810304,2804592,4194304,3602424967,-1,0
0.02844,2,0,INJECTING,2864568,2860760,4194304,2706471112,-1,0
0.02844,3,0,INJECTING,3407208,3402448,4194304,2884361617,-1,0
0.02846,0,0,INJECTING,228757032,228756080,1386879564,2411729651,-1,0
0.02846,1,0,INJECTING,2818872,2813160,4194304,3602424967,-1,0
0.02846,2,0,INJECTING,2871232,2867424,4194304,2706471112,-1,0
0.02846,3,0,INJECTING,3413872,3409112,4194304,2884361617,-1,0
0.02848,0,0,INJECTING,228762744,228761792,1386879564,2411729651,-1,0
0.02848,1,0,INJECTING,2827440,2821728,4194304,3602424967,-1,0
0.02848,2,0,INJECTING,2877896,2873136,4194304,2706471112,-1,0
0.02848,3,0,INJECTING,3420536,3415776,4194304,2884361617,-1,0
0.0285,0,0,INJECTING,228768456,228767504,1386879564,2411729651,-1,0
0.0285,1,0,INJECTING,2836008,2830296,4194304,3602424967,-1,0
0.0285,2,0,INJECTING,2883608,2879800,4194304,2706471112,-1,0
0.0285,3,0,INJECTING,3427200,3423392,4194304,2884361617,-1,0
0.02852,0,0,INJECTING,228774168,228773216,1386879564,2411729651,-1,0
0.02852,1,0,INJECTING,2844576,2838864,4194304,3602424967,-1,0
0.02852,2,0,INJECTING,2890272,2886464,4194304,2706471112,-1,0
0.02852,3,0,INJECTING,3433864,3430056,4194304,2884361617,-1,0
0.02854,0,0,INJECTING,228780832,228778928,1386879564,2411729651,-1,0
0.02854,1,0,INJECTING,2853144,2847432,4194304,3702304489,-1,0
0.02854,2,0,INJECTING,2896936,2893128,4194304,2706471112,-1,0
0.02854,3,0,INJECTING,3441480,3436720,4194304,2884361617,-1,0
0.02856,0,0,INJECTING,228785592,228784640,1386879564,2288210755,-1,0
0.02856,1,0,INJECTING,2861712,2856952,4194304,3542845651,-1,0
0.02856,2,0,INJECTING,2903600,2898840,4194304,2894514199,-1,0
0.02856,3,0,INJECTING,3448144,3443384,4194304,3279812207,-1,0
0.02858,0,0,INJECTING,228791304,228790352,1386879564,2069199401,-1,0
0.02858,1,0,INJECTING,2870280,2865520,4194304,3260109187,-1,0
0.02858,2,0,INJECTING,2911216,2906456,4194304,3136150239,-1,0
0.02858,3,0,INJECTING,3455760,3451000,4194304,3196954857,-1,0
0.0286,0,0,INJECTING,228796064,228795112,1386879564,2016614775,-1,0
0.0286,1,0,INJECTING,2877896,2873136,4194304,3201416646,-1,0
0.0286,2,0,INJECTING,2917880,2913120,4194304,3150173280,-1,0
0.0286,3,0,INJECTING,3463376,3458616,4194304,3196954857,-1,0
0.02862,0,0,INJECTING,228800824,228799872,1386879564,2016614775,-1,0
0.02862,1,0,INJECTING,2885512,2879800,4194304,3201416646,-1,0
0.02862,2,0,INJECTING,2925496,2920736,4194304,3150173280,-1,0
0.02862,3,0,INJECTING,3470992,3466232,4194304,3196954857,-1,0
0.02864,0,0,INJECTING,228805584,228804632,1386879564,2016614775,-1,0
0.02864,1,0,INJECTING,2893128,2887416,4194304,3201416646,-1,0
0.02864,2,0,INJECTING,2933112,2928352,4194304,3150173280,-1,0
0.02864,3,0,INJECTING,3478608,3473848,4194304,3196954857,-1,0
0.02866,0,0,INJECTING,228810344,228809392,1386879564,2016614775,-1,0
0.02866,1,0,INJECTING,2900744,2895032,4194304,3201416646,-1,0
0.02866,2,0,INJECTING,2940728,2935968,4194304,3150173280,-1,0
0.02866,3,0,INJECTING,3486224,3481464,4194304,3196954857,-1,0
0.02868,0,0,INJECTING,228815104,228814152,1386879564,2016614775,-1,0
0.02868,1,0,INJECTING,2908360,2902648,4194304,3201416646,-1,0
0.02868,2,0,INJECTING,2948344,2943584,4194304,3150173280,-1,0
0.02868,3,0,INJECTING,3493840,3489080,4194304,3196954857,-1,0
0.0287,0,0,INJECTING,228819864,228818912,1386879564,2016614775,-1,0
0.0287,1,0,INJECTING,2915976,2910264,4194304,3201416646,-1,0
0.0287,2,0,INJECTING,2955960,2950248,4194304,3150173280,-1,0
0.0287,3,0,INJECTING,3501456,3496696,4194304,3196954857,-1,0
0.02872,0,0,INJECTING,228824624,228823672,1386879564,2016614775,-1,0
0.02872,1,0,INJECTING,2923592,2917880,4194304,3201416646,-1,0
0.02872,2,0,INJECTING,2963576,2957864,4194304,3150173280,-1,0
0.02872,3,0,INJECTING,3509072,3504312,4194304,3196954857,-1,0
0.02874,0,0,INJECTING,228829384,228828432,1386879564,2016614775,-1,0
0.02874,1,0,INJECTING,2931208,2925496,4194304,3201416646,-1,0
0.02874,2,0,INJECTING,2971192,2965480,4194304,3150173280,-1,0
0.02874,3,0,INJECTING,3516688,3510976,4194304,3196954857,-1,0
0.02876,0,0,INJECTING,228834144,228833192,1386879564,2016614775,-1,0
0.02876,1,0,INJECTING,2938824,2933112,4194304,3201416646,-1,0
0.02876,2,0,INJECTING,2977856,2973096,4194304,3150173280,-1,0
0.02876,3,0,INJECTING,3524304,3519544,4194304,3196954857,-1,0
0.02878,0,0,INJECTING,228838904,228837952,1386879564,2016614775,-1,0
0.02878,1,0,INJECTING,2946440,2940728,4194304,3201416646,-1,0
0.02878,2,0,INJECTING,2985472,2980712,4194304,3150173280,-1,0
0.02878,3,0,INJECTING,3531920,3526208,4194304,3196954857,-1,0
0.0288,0,0,INJECTING,228843664,228842712,1386879564,2016614775,-1,0
0.0288,1,0,INJECTING,2954056,2948344,4194304,3201416646,-1,0
0.0288,2,0,INJECTING,2993088,2987376,4194304,3150173280,-1,0
0.0288,3,0,INJECTING,3539536,3533824,4194304,3196954857,-1,0
0.02882,0,0,INJECTING,228848424,228847472,1386879564,2016614775,-1,0
0.02882,1,0,INJECTING,2961672,2955960,4194304,3201416646,-1,0
0.02882,2,0,INJECTING,3000704,2994992,4194304,3150173280,-1,0
0.02882,3,0,INJECTING,3547152,3541440,4194304,3196954857,-1,0
0.02884,0,0,INJECTING,228853184,228852232,1386879564,2016614775,-1,0
0.02884,1,0,INJECTING,2969288,2963576,4194304,3201416646,-1,0
0.02884,2,0,INJECTING,3008320,3002608,4194304,3150173280,-1,0
0.02884,3,0,INJECTING,3554768,3549056,4194304,3196954857,-1,0
0.02886,0,0,INJECTING,228857944,228856992,1386879564,2016614775,-1,0
0.02886,1,0,INJECTING,2976904,2971192,4194304,3201416646,-1,0
0.02886,2,0,INJECTING,3015936,3010224,4194304,3150173280,-1,0
0.02886,3,0,INJECTING,3562384,3556672,4194304,3196954857,-1,0
0.02888,0,0,INJECTING,228862704,228861752,1386879564,2016614775,-1,0
0.02888,1,0,INJECTING,2984520,2978808,4194304,3201416646,-1,0
0.02888,2,0,INJECTING,3023552,3017840,4194304,3150173280,-1,0
0.02888,3,0,INJECTING,3570000,3564288,4194304,3196954857,-1,0
0.0289,0,0,INJECTING,228867464,228866512,1386879564,2016614775,-1,0
0.0289,1,0,INJECTING,2992136,2986424,4194304,3201416646,-1,0
0.0289,2,0,INJECTING,3031168,3025456,4194304,3150173280,-1,0
0.0289,3,0,INJECTING,3577616,3571904,4194304,3196954857,-1,0
0.02892,0,0,INJECTING,228872224,228871272,1386879564,2016614775,-1,0
0.02892,1,0,INJECTING,2999752,2994040,4194304,3201416646,-1,0
0.02892,2,0,INJECTING,3037832,3032120,4194304,3150173280,-1,0
0.02892,3,0,INJECTING,3585232,3579520,4194304,3196954857,-1,0
0.02894,0,0,INJECTING,228876984,228876032,1386879564,2016614775,-1,0
0.02894,1,0,INJECTING,3007368,3001656,4194304,3201416646,-1,0
0.02894,2,0,INJECTING,3045448,3039736,4194304,3150173280,-1,0
0.02894,3,0,INJECTING,3592848,3587136,4194304,3196954857,-1,0
0.02896,0,0,INJECTING,228882696,228880792,1386879564,2016614775,-1,0
0.02896,1,0,INJECTING,3014984,3008320,4194304,3201416646,-1,0
0.02896,2,0,INJECTING,3053064,3047352,4194304,3150173280,-1,0
0.02896,3,0,INJECTING,3600464,3594752,4194304,3196954857,-1,0
0.02898,0,0,INJECTING,228887456,228885552,1386879564,2016614775,-1,0
0.02898,1,0,INJECTING,3022600,3015936,4194304,3201416646,-1,0
0.02898,2,0,INJECTING,3060680,3054968,4194304,3150173280,-1,0
0.02898,3,0,INJECTING,3608080,3602368,4194304,3196954857,-1,0
0.029,0,0,INJECTING,228892216,228890312,1386879564,2016614775,-1,0
0.029,1,0,INJECTING,3030216,3023552,4194304,3201416646,-1,0
0.029,2,0,INJECTING,3068296,3062584,4194304,3150173280,-1,0
0.029,3,0,INJECTING,3615696,3609984,4194304,3196954857,-1,0
0.02902,0,0,INJECTING,228896976,228895072,1386879564,2016614775,-1,0
0.02902,1,0,INJECTING,3037832,3031168,4194304,3201416646,-1,0
0.02902,2,0,INJECTING,3075912,3069248,4194304,3150173280,-1,0
0.02902,3,0,INJECTING,3623312,3617600,4194304,3196954857,-1,0
0.02904,0,0,INJECTING,228901736,228899832,1386879564,2016614775,-1,0
0.02904,1,0,INJECTING,3045448,3038784,4194304,3201416646,-1,0
0.02904,2,0,INJECTING,3083528,3076864,4194304,3150173280,-1,0
0.02904,3,0,INJECTING,3630928,3625216,4194304,3196954857,-1,0
0.02906,0,0,INJECTING,228906496,228904592,1386879564,2016614775,-1,0
0.02906,1,0,INJECTING,3053064,3046400,4194304,3201416646,-1,0
0.02906,2,0,INJECTING,3091144,3084480,4194304,3150173280,-1,0
0.02906,3,0,INJECTING,3638544,3631880,4194304,3196954857,-1,0
0.02908,0,0,INJECTING,228911256,228909352,1386879564,2016614775,-1,0
0.02908,1,0,INJECTING,3060680,3054016,4194304,3201416646,-1,0
0.02908,2,0,INJECTING,3097808,3092096,4194304,3150173280,-1,0
0.02908,3,0,INJECTING,3646160,3639496,4194304,3196954857,-1,0
0.0291,0,0,INJECTING,228916016,228914112,1386879564,2016614775,-1,0
0.0291,1,0,INJECTING,3068296,3061632,4194304,3201416646,-1,0
0.0291,2,0,INJECTING,3105424,3099712,4194304,3150173280,-1,0
0.0291,3,0,INJECTING,3653776,3647112,4194304,3196954857,-1,0
0.02912,0,0,INJECTING,228920776,228918872,1386879564,2016614775,-1,0
0.02912,1,0,INJECTING,3075912,3069248,4194304,3201416646,-1,0
0.02912,2,0,INJECTING,3113040,3106376,4194304,3150173280,-1,0
0.02912,3,0,INJECTING,3661392,3654728,4194304,3196954857,-1,0
0.02914,0,0,INJECTING,228925536,228923632,1386879564,2016614775,-1,0
0.02914,1,0,INJECTING,3083528,3076864,4194304,3201416646,-1,0
0.02914,2,0,INJECTING,3120656,3113992,4194304,3150173280,-1,0
0.02914,3,0,INJECTING,3669008,3662344,4194304,3196954857,-1,0
0.02916,0,0,INJECTING,228930296,228928392,1386879564,2016614775,-1,0
0.02916,1,0,INJECTING,3091144,3084480,4194304,3201416646,-1,0
0.02916,2,0,INJECTING,3128272,3121608,4194304,3150173280,-1,0
0.02916,3,0,INJECTING,3676624,3669960,4194304,3196954857,-1,0
0.02918,0,0,INJECTING,228935056,228933152,1386879564,2016614775,-1,0
0.02918,1,0,INJECTING,3098760,3092096,4194304,3201416646,-1,0
0.02918,2,0,INJECTING,3135888,3129224,4194304,3150173280,-1,0
0.02918,3,0,INJECTING,3684240,3677576,4194304,3196954857,-1,0
0.0292,0,0,INJECTING,228939816,228937912,1386879564,2016614775,-1,0
0.0292,1,0,INJECTING,3106376,3099712,4194304,3201416646,-1,0
0.0292,2,0,INJECTING,3143504,3136840,4194304,3150173280,-1,0
0.0292,3,0,INJECTING,3691856,3685192,4194304,3196954857,-1,0
0.02922,0,0,INJECTING,228944576,228942672,1386879564,2016614775,-1,0
0.02922,1,0,INJECTING,3113992,3107328,4194304,3201416646,-1,0
0.02922,2,0,INJECTING,3151120,3144456,4194304,3150173280,-1,0
0.02922,3,0,INJECTING,3699472,3692808,4194304,3196954857,-1,0
0.02924,0,0,INJECTING,228949336,228947432,1386879564,2016614775,-1,0
0.02924,1,0,INJECTING,3121608,3114944,4194304,3201416646,-1,0
0.02924,2,0,INJECTING,3157784,3151120,4194304,3150173280,-1,0
0.02924,3,0,INJECTING,3707088,3700424,4194304,3196954857,-1,0
0.02926,0,0,INJECTING,228954096,228952192,1386879564,2016614775,-1,0
0.02926,1,0,INJECTING,3129224,3122560,4194304,3201416646,-1,0
0.02926,2,0,INJECTING,3165400,3158736,4194304,3150173280,-1,0
0.02926,3,0,INJECTING,3714704,3708040,4194304,3196954857,-1,0
0.02928,0,0,INJECTING,228958856,228956952,1386879564,2016614775,-1,0
0.02928,1,0,INJECTING,3136840,3130176,4194304,3201416646,-1,0
0.02928,2,0,INJECTING,3173016,3166352,4194304,3150173280,-1,0
0.02928,3,0,INJECTING,3722320,3715656,4194304,3196954857,-1,0
0.0293,0,0,INJECTING,228963616,228961712,1386879564,2016614775,-1,0
0.0293,1,0,INJECTING,3144456,3136840,4194304,3201416646,-1,0
0.0293,2,0,INJECTING,3180632,3173968,4194304,3150173280,-1,0
0.0293,3,0,INJECTING,3729936,3723272,4194304,3196954857,-1,0
0.02932,0,0,INJECTING,228968376,228966472,1386879564,2016614775,-1,0
0.02932,1,0,INJECTING,3152072,3144456,4194304,3201416646,-1,0
0.02932,2,0,INJECTING,3188248,3181584,4194304,3150173280,-1,0
0.02932,3,0,INJECTING,3737552,3729936,4194304,3196954857,-1,0
0.02934,0,0,INJECTING,228973136,228971232,1386879564,2016614775,-1,0
0.02934,1,0,INJECTING,3159688,3152072,4194304,3201416646,-1,0
0.02934,2,0,INJECTING,3195864,3188248,4194304,3150173280,-1,0
0.02934,3,0,INJECTING,3745168,3737552,4194304,3196954857,-1,0
0.02936,0,0,INJECTING,228977896,228975992,1386879564,2016614775,-1,0
0.02936,1,0,INJECTING,3167304,3159688,4194304,3201416646,-1,0
0.02936,2,0,INJECTING,3203480,3195864,4194304,3150173280,-1,0
0.02936,3,0,INJECTING,3752784,3745168,4194304,3196954857,-1,0
0.02938,0,0,INJECTING,228982656,228980752,1386879564,2016614775,-1,0
0.02938,1,0,INJECTING,3174920,3167304,4194304,3201416646,-1,0
0.02938,2,0,INJECTING,3211096,3203480,4194304,3150173280,-1,0
0.02938,3,0,INJECTING,3760400,3752784,4194304,3196954857,-1,0
0.0294,0,0,INJECTING,228987416,228985512,1386879564,2016614775,-1,0
0.0294,1,0,INJECTING,3182536,3174920,4194304,3201416646,-1,0
0.0294,2,0,INJECTING,3217760,3211096,4194304,3150173280,-1,0
0.0294,3,0,INJECTING,3768016,3760400,4194304,3196954857,-1,0
0.02942,0,0,INJECTING,228992176,228990272,1386879564,2016614775,-1,0
0.02942,1,0,INJECTING,3190152,3182536,4194304,3201416646,-1,0
0.02942,2,0,INJECTING,3225376,3218712,4194304,3150173280,-1,0
0.02942,3,0,INJECTING,3775632,3768016,4194304,3196954857,-1,0
0.02944,0,0,INJECTING,228997888,228995032,1386879564,2016614775,-1,0
0.02944,1,0,INJECTING,3197768,3190152,4194304,3201416646,-1,0
0.02944,2,0,INJECTING,3232992,3226328,4194304,3150173280,-1,0
0.02944,3,0,INJECTING,3783248,3775632,4194304,3196954857,-1,0
0.02946,0,0,INJECTING,229002648,228999792,1386879564,2016614775,-1,0
0.02946,1,0,INJECTING,3205384,3197768,4194304,3201416646,-1,0
0.02946,2,0,INJECTING,3240608,3232992,4194304,3150173280,-1,0
0.02946,3,0,INJECTING,3790864,3783248,4194304,3196954857,-1,0
0.02948,0,0,INJECTING,229007408,229004552,1386879564,2016614775,-1,0
0.02948,1,0,INJECTING,3213000,3205384,4194304,3201416646,-1,0
0.02948,2,0,INJECTING,3248224,3240608,4194304,3150173280,-1,0
0.02948,3,0,INJECTING,3798480,3790864,4194304,3196954857,-1,0
0.0295,0,0,INJECTING,229012168,229009312,1386879564,2011630342,-1,0
0.0295,1,0,INJECTING,3220616,3213000,4194304,3209977212,-1,0
0.0295,2,0,INJECTING,3255840,3248224,4194304,3196929316,-1,0
0.0295,3,0,INJECTING,3806096,3798480,4194304,3207322447,-1,0
0.02952,0,0,INJECTING,229016928,229014072,1386879564,2011630342,-1,0
0.02952,1,0,INJECTING,3228232,3220616,4194304,3209977212,-1,0
0.02952,2,0,INJECTING,3263456,3255840,4194304,3196929316,-1,0
0.02952,3,0,INJECTING,3813712,3806096,4194304,3207322447,-1,0
0.02954,0,0,INJECTING,229021688,229018832,1386879564,2011630342,-1,0
0.02954,1,0,INJECTING,3235848,3228232,4194304,3209977212,-1,0
0.02954,2,0,INJECTING,3271072,3263456,4194304,3196929316,-1,0
0.02954,3,0,INJECTING,3821328,3813712,4194304,3207322447,-1,0
0.02956,0,0,INJECTING,229026448,229023592,1386879564,2011630342,-1,0
0.02956,1,0,INJECTING,3243464,3235848,4194304,3209977212,-1,0
0.02956,2,0,INJECTING,3278688,3271072,4194304,3196929316,-1,0
0.02956,3,0,INJECTING,3828944,3821328,4194304,3207322447,-1,0
0.02958,0,0,INJECTING,229031208,229028352,1386879564,2011630342,-1,0
0.02958,1,0,INJECTING,3251080,3243464,4194304,3209977212,-1,0
0.02958,2,0,INJECTING,3286304,3278688,4194304,3196929316,-1,0
0.02958,3,0,INJECTING,3836560,3828944,4194304,3207322447,-1,0
0.0296,0,0,INJECTING,229035968,229033112,1386879564,2011630342,-1,0
0.0296,1,0,INJECTING,3258696,3251080,4194304,3209977212,-1,0
0.0296,2,0,INJECTING,3293920,3286304,4194304,3196929316,-1,0
0.0296,3,0,INJECTING,3844176,3836560,4194304,3207322447,-1,0
0.02962,0,0,INJECTING,229040728,229037872,1386879564,2008141239,-1,0
0.02962,1,0,INJECTING,3266312,3258696,4194304,3236469702,-1,0
0.02962,2,0,INJECTING,3301536,3293920,4194304,3228706204,-1,0
0.02962,3,0,INJECTING,3851792,3844176,4194304,3234890117,-1,0
0.02964,0,0,INJECTING,229045488,229042632,1386879564,2008141239,-1,0
0.02964,1,0,INJECTING,3273928,3266312,4194304,3252232734,-1,0
0.02964,2,0,INJECTING,3309152,3301536,4194304,3247613452,-1,0
0.02964,3,0,INJECTING,3859408,3851792,4194304,3251292881,-1,0
0.02966,0,0,INJECTING,229050248,229047392,1386879564,2008141239,-1,0
0.02966,1,0,INJECTING,3281544,3273928,4194304,3252232734,-1,0
0.02966,2,0,INJECTING,3316768,3309152,4194304,3247613452,-1,0
0.02966,3,0,INJECTING,3867024,3859408,4194304,3251292881,-1,0
0.02968,0,0,INJECTING,229055008,229052152,1386879564,2008141239,-1,0
0.02968,1,0,INJECTING,3289160,3281544,4194304,3252232734,-1,0
0.02968,2,0,INJECTING,3324384,3316768,4194304,3247613452,-1,0
0.02968,3,0,INJECTING,3874640,3867024,4194304,3251292881,-1,0
0.0297,0,0,INJECTING,229059768,229056912,1386879564,2008141239,-1,0
0.0297,1,0,INJECTING,3297728,3290112,4194304,3252232734,-1,0
0.0297,2,0,INJECTING,3332000,3324384,4194304,3247613452,-1,0
0.0297,3,0,INJECTING,3883208,3875592,4194304,3251292881,-1,0
0.02972,0,0,INJECTING,229064528,229061672,1386879564,2008141239,-1,0
0.02972,1,0,INJECTING,3305344,3297728,4194304,3252232734,-1,0
0.02972,2,0,INJECTING,3339616,3332952,4194304,3247613452,-1,0
0.02972,3,0,INJECTING,3890824,3883208,4194304,3251292881,-1,0
0.02974,0,0,INJECTING,229069288,229066432,1386879564,2008141239,-1,0
0.02974,1,0,INJECTING,3312960,3305344,4194304,3252232734,-1,0
0.02974,2,0,INJECTING,3348184,3340568,4194304,3247613452,-1,0
0.02974,3,0,INJECTING,3898440,3890824,4194304,3251292881,-1,0
0.02976,0,0,INJECTING,229074048,229071192,1386879564,2008141239,-1,0
0.02976,1,0,INJECTING,3320576,3312960,4194304,3252232734,-1,0
0.02976,2,0,INJECTING,3355800,3348184,4194304,3247613452,-1,0
0.02976,3,0,INJECTING,3906056,3898440,4194304,3251292881,-1,0
0.02978,0,0,INJECTING,229078808,229075952,1386879564,2008141239,-1,0
0.02978,1,0,INJECTING,3328192,3320576,4194304,3252232734,-1,0
0.02978,2,0,INJECTING,3363416,3355800,4194304,3247613452,-1,0
0.02978,3,0,INJECTING,3913672,3906056,4194304,3251292881,-1,0
0.0298,0,0,INJECTING,229083568,229080712,1386879564,2008141239,-1,0
0.0298,1,0,INJECTING,3335808,3328192,4194304,3252232734,-1,0
0.0298,2,0,INJECTING,3371032,3363416,4194304,3247613452,-1,0
0.0298,3,0,INJECTING,3921288,3913672,4194304,3251292881,-1,0
0.02982,0,0,INJECTING,229088328,229085472,1386879564,2008141239,-1,0
0.02982,1,0,INJECTING,3343424,3335808,4194304,3252232734,-1,0
0.02982,2,0,INJECTING,3378648,3371032,4194304,3247613452,-1,0
0.02982,3,0,INJECTING,3928904,3921288,4194304,3251292881,-1,0
0.02984,0,0,INJECTING,229093088,229090232,1386879564,2008141239,-1,0
0.02984,1,0,INJECTING,3351040,3343424,4194304,3252232734,-1,0
0.02984,2,0,INJECTING,3386264,3378648,4194304,3247613452,-1,0
0.02984,3,0,INJECTING,3936520,3928904,4194304,3251292881,-1,0
0.02986,0,0,INJECTING,229097848,229094992,1386879564,2008141239,-1,0
0.02986,1,0,INJECTING,3359608,3351992,4194304,3252232734,-1,0
0.02986,2,0,INJECTING,3393880,3386264,4194304,3247613452,-1,0
0.02986,3,0,INJECTING,3945088,3937472,4194304,3251292881,-1,0
0.02988,0,0,INJECTING,229102608,229099752,1386879564,2008141239,-1,0
0.02988,1,0,INJECTING,3367224,3359608,4194304,3252232734,-1,0
0.02988,2,0,INJECTING,3401496,3393880,4194304,3247613452,-1,0
0.02988,3,0,INJECTING,3952704,3945088,4194304,3251292881,-1,0
0.0299,0,0,INJECTING,229107368,229104512,1386879564,2008141239,-1,0
0.0299,1,0,INJECTING,3374840,3367224,4194304,3252232734,-1,0
0.0299,2,0,INJECTING,3410064,3402448,4194304,3247613452,-1,0
0.0299,3,0,INJECTING,3960320,3952704,4194304,3251292881,-1,0
0.02992,0,0,INJECTING,229112128,229109272,1386879564,2005698867,-1,0
0.02992,1,0,INJECTING,3382456,3374840,4194304,3283722981,-1,0
0.02992,2,0,INJECTING,3417680,3410064,4194304,3280974508,-1,0
0.02992,3,0,INJECTING,3967936,3960320,4194304,3283163768,-1,0
0.02994,0,0,INJECTING,229116888,229114032,1386879564,2005698867,-1,0
0.02994,1,0,INJECTING,3390072,3382456,4194304,3302459678,-1,0
0.02994,2,0,INJECTING,3425296,3417680,4194304,3300824336,-1,0
0.02994,3,0,INJECTING,3975552,3967936,4194304,3302126946,-1,0
0.02996,0,0,INJECTING,229121648,229118792,1386879564,2005698867,-1,0
0.02996,1,0,INJECTING,3397688,3390072,4194304,3302459678,-1,0
0.02996,2,0,INJECTING,3432912,3425296,4194304,3300824336,-1,0
0.02996,3,0,INJECTING,3983168,3975552,4194304,3302126946,-1,0
0.02998,0,0,INJECTING,229126408,229123552,1386879564,2005698867,-1,0
0.02998,1,0,INJECTING,3406256,3398640,4194304,3302459678,-1,0
0.02998,2,0,INJECTING,3440528,3432912,4194304,3300824336,-1,0
0.02998,3,0,INJECTING,3991736,3984120,4194304,3302126946,-1,0
0.03,0,0,INJECTING,229131168,229128312,1386879564,2005698867,-1,0
0.03,1,0,INJECTING,3413872,3406256,4194304,3302459678,-1,0
0.03,2,0,INJECTING,3449096,3441480,4194304,3300824336,-1,0
0.03,3,0,INJECTING,3999352,3991736,4194304,3302126946,-1,0
0.03002,0,0,INJECTING,229135928,229133072,1386879564,2003989206,-1,0
0.03002,1,0,INJECTING,3421488,3413872,4194304,3356703063,-1,0
0.03002,2,0,INJECTING,3456712,3449096,4194304,3356124112,-1,0
0.03002,3,0,INJECTING,4006968,3999352,4194304,3356585268,-1,0
0.03004,0,0,INJECTING,229140688,229138784,1386879564,2002792444,-1,0
0.03004,1,0,INJECTING,3430056,3422440,4194304,3413624858,-1,0
0.03004,2,0,INJECTING,3465280,3457664,4194304,3413419895,-1,0
0.03004,3,0,INJECTING,4015536,4007920,4194304,3413583156,-1,0
0.03006,0,0,INJECTING,229145448,229143544,1386879564,2002792444,-1,0
0.03006,1,0,INJECTING,3437672,3430056,4194304,3413624858,-1,0
0.03006,2,0,INJECTING,3472896,3465280,4194304,3413419895,-1,0
0.03006,3,0,INJECTING,4023152,4015536,4194304,3413583156,-1,0
0.03008,0,0,INJECTING,229150208,229148304,1386879564,2002792444,-1,0
0.03008,1,0,INJECTING,3446240,3438624,4194304,3413624858,-1,0
0.03008,2,0,INJECTING,3481464,3473848,4194304,3413419895,-1,0
0.03008,3,0,INJECTING,4031720,4024104,4194304,3413583156,-1,0
0.0301,0,0,INJECTING,229154968,229153064,1386879564,2002792444,-1,0
0.0301,1,0,INJECTING,3453856,3446240,4194304,3413624858,-1,0
0.0301,2,0,INJECTING,3489080,3481464,4194304,3413419895,-1,0
0.0301,3,0,INJECTING,4039336,4031720,4194304,3413583156,-1,0
0.03012,0,0,INJECTING,229159728,229157824,1386879564,2001954710,-1,0
0.03012,1,0,INJECTING,3462424,3454808,4194304,3541349493,-1,0
0.03012,2,0,INJECTING,3497648,3490032,4194304,3541306319,-1,0
0.03012,3,0,INJECTING,4047904,4040288,4194304,3541340709,-1,0
0.03014,0,0,INJECTING,229164488,229162584,1386879564,2001954710,-1,0
0.03014,1,0,INJECTING,3470992,3463376,4194304,3541349493,-1,0
0.03014,2,0,INJECTING,3506216,3498600,4194304,3541306319,-1,0
0.03014,3,0,INJECTING,4056472,4048856,4194304,3541340709,-1,0
0.03016,0,0,INJECTING,229169248,229166392,1386879564,2001954710,-1,0
0.03016,1,0,INJECTING,3479560,3471944,4194304,3541349493,-1,0
0.03016,2,0,INJECTING,3514784,3506216,4194304,3541306319,-1,0
0.03016,3,0,INJECTING,4065040,4056472,4194304,3541340709,-1,0
0.03018,0,0,INJECTING,229174008,229171152,1386879564,2001954710,-1,0
0.03018,1,0,INJECTING,3488128,3479560,4194304,3541349493,-1,0
0.03018,2,0,INJECTING,3522400,3514784,4194304,3541306319,-1,0
0.03018,3,0,INJECTING,4073608,4065040,4194304,3541340709,-1,0
0.0302,0,0,INJECTING,229178768,229175912,1386879564,2001954710,-1,0
0.0302,1,0,INJECTING,3496696,3488128,4194304,3541349493,-1,0
0.0302,2,0,INJECTING,3530968,3523352,4194304,3541306319,-1,0
0.0302,3,0,INJECTING,4082176,4073608,4194304,3541340709,-1,0
0.03022,0,0,INJECTING,229183528,229180672,1386879564,2001954710,-1,0
0.03022,1,0,INJECTING,3504312,3496696,4194304,3541349493,-1,0
0.03022,2,0,INJECTING,3539536,3530968,4194304,3541306319,-1,0
0.03022,3,0,INJECTING,4089792,4082176,4194304,3541340709,-1,0
0.03024,0,0,INJECTING,229188288,229185432,1386879564,2001954710,-1,0
0.03024,1,0,INJECTING,3512880,3504312,4194304,3541349493,-1,0
0.03024,2,0,INJECTING,3548104,3539536,4194304,3541306319,-1,0
0.03024,3,0,INJECTING,4098360,4089792,4194304,3541340709,-1,0
0.03026,0,0,INJECTING,229193048,229190192,1386879564,2001954710,-1,0
0.03026,1,0,INJECTING,3521448,3512880,4194304,3541349493,-1,0
0.03026,2,0,INJECTING,3556672,3548104,4194304,3541306319,-1,0
0.03026,3,0,INJECTING,4106928,4098360,4194304,3541340709,-1,0
0.03028,0,0,INJECTING,229197808,229194952,1386879564,2001954710,-1,0
0.03028,1,0,INJECTING,3530016,3521448,4194304,3541349493,-1,0
0.03028,2,0,INJECTING,3565240,3555720,4194304,3541306319,-1,0
0.03028,3,0,INJECTING,4115496,4106928,4194304,3541340709,-1,0
0.0303,0,0,INJECTING,229202568,229199712,1386879564,2001368297,-1,0
0.0303,1,0,INJECTING,3538584,3529064,4194304,3551248796,-1,0
0.0303,2,0,INJECTING,3573808,3564288,4194304,3551221747,-1,0
0.0303,3,0,INJECTING,4124064,4114544,4194304,3551243293,-1,0
0.03032,0,0,INJECTING,229207328,229204472,1386879564,2001368297,-1,0
0.03032,1,0,INJECTING,3547152,3537632,4194304,3551248796,-1,0
0.03032,2,0,INJECTING,3581424,3572856,4194304,3551221747,-1,0
0.03032,3,0,INJECTING,4132632,4123112,4194304,3551243293,-1,0
0.03034,0,0,INJECTING,229212088,229209232,1386879564,2001368297,-1,0
0.03034,1,0,INJECTING,3555720,3546200,4194304,3551248796,-1,0
0.03034,2,0,INJECTING,3589992,3581424,4194304,3551221747,-1,0
0.03034,3,0,INJECTING,4141200,4131680,4194304,3551243293,-1,0
0.03036,0,0,INJECTING,229216848,229213992,1386879564,2001368297,-1,0
0.03036,1,0,INJECTING,3563336,3554768,4194304,3551248796,-1,0
0.03036,2,0,INJECTING,3598560,3589992,4194304,3551221747,-1,0
0.03036,3,0,INJECTING,4148816,4140248,4194304,3551243293,-1,0
0.03038,0,0,INJECTING,229221608,229218752,1386879564,2001368297,-1,0
0.03038,1,0,INJECTING,3571904,3563336,4194304,3551248796,-1,0
0.03038,2,0,INJECTING,3607128,3597608,4194304,3551221747,-1,0
0.03038,3,0,INJECTING,4157384,4148816,4194304,3551243293,-1,0
0.0304,0,0,INJECTING,229226368,229223512,1386879564,2000957807,-1,0
0.0304,1,0,INJECTING,3580472,3571904,4194304,3642296592,-1,0
0.0304,2,0,INJECTING,3615696,3607128,4194304,3642286099,-1,0
0.0304,3,0,INJECTING,4165952,4157384,4194304,3642294457,-1,0
0.03042,0,0,INJECTING,229231128,229228272,1386879564,2000670464,-1,0
0.03042,1,0,INJECTING,3589992,3580472,4194304,3705729259,-1,0
0.03042,2,0,INJECTING,3624264,3615696,4194304,3705725333,-1,0
0.03042,3,0,INJECTING,4175472,4165952,4194304,3705728460,-1,0
0.03044,0,0,INJECTING,229235888,229233032,1386879564,2000670464,-1,0
0.03044,1,0,INJECTING,3598560,3589040,4194304,3746315823,-1,0
0.03044,2,0,INJECTING,3633784,3624264,4194304,3746314384,-1,0
0.03044,3,0,INJECTING,4184040,4174520,4194304,3746315530,-1,0
0.03046,0,0,INJECTING,229240648,229237792,1386879564,2000670464,-1,0
0.03046,1,0,INJECTING,3607128,3598560,4194304,3746315823,-1,0
0.03046,2,0,INJECTING,3642352,3632832,4194304,3746314384,-1,0
0.03046,3,0,INJECTING,4192608,4184040,4194304,3746315530,-1,0
0.03048,0,0,INJECTING,229245408,229242552,1386879564,2000670464,-1,0
0.03048,1,0,INJECTING,3616648,3607128,4194304,3746315823,-1,0
0.03048,2,0,INJECTING,3650920,3642352,4194304,3746314384,-1,0
0.03048,3,0,WAIT_ACK,4194304,4192608,4194304,3746315530,-1,0
0.0305,0,0,INJECTING,229250168,229247312,1386879564,2000328526,-1,0
0.0305,1,0,INJECTING,3625216,3616648,4194304,3932170258,-1,0
0.0305,2,0,INJECTING,3660440,3651872,4194304,3932169954,-1,0
0.0305,3,0,DONE,4194304,4194304,4194304,3746315530,-1,0
0.03052,0,0,INJECTING,229254928,229253024,1386879564,2000328526,-1,0
0.03052,1,0,INJECTING,3634736,3626168,4194304,3958020923,-1,0
0.03052,2,0,INJECTING,3669960,3660440,4194304,3958020742,-1,0
0.03052,3,0,DONE,4194304,4194304,4194304,3746315530,-1,0
0.03054,0,0,INJECTING,229259688,229257784,1386879564,2000229968,-1,0
0.03054,1,0,INJECTING,3644256,3635688,4194304,4006430340,-1,0
0.03054,2,0,INJECTING,3679480,3669960,4194304,4006430232,-1,0
0.03054,3,0,DONE,4194304,4194304,4194304,3746315530,-1,0
0.03056,0,0,INJECTING,229264448,229262544,1386879564,2000160977,-1,0
0.03056,1,0,INJECTING,3653776,3645208,4194304,4167310129,-1,0
0.03056,2,0,INJECTING,3689000,3680432,4194304,4167310106,-1,0
0.03056,3,0,DONE,4194304,4194304,4194304,3746315530,-1,0
0.03058,0,0,INJECTING,229269208,229267304,1386879564,2000112683,-1,0
0.03058,1,0,INJECTING,3664248,3655680,4194304,4305321220,-1,0
0.03058,2,0,INJECTING,3699472,3689952,4194304,4305321215,-1,0
0.03058,3,0,DONE,4194304,4194304,4194304,3746315530,-1,0
0.0306,0,0,INJECTING,229273968,229272064,1386879564,2000112683,-1,0
0.0306,1,0,INJECTING,3674720,3665200,4194304,4305321220,-1,0
0.0306,2,0,INJECTING,3708992,3700424,4194304,4305321215,-1,0
0.0306,3,0,DONE,4194304,4194304,4194304,3746315530,-1,0
0.03062,0,0,INJECTING,229278728,229276824,1386879564,2000112683,-1,0
0.03062,1,0,INJECTING,3685192,3675672,4194304,4305321220,-1,0
0.03062,2,0,INJECTING,3719464,3710896,4194304,4305321215,-1,0
0.03062,3,0,DONE,4194304,4194304,4194304,3746315530,-1,0
0.03064,0,0,INJECTING,229283488,229281584,1386879564,2000112683,-1,0
0.03064,1,0,INJECTING,3694712,3686144,4194304,4305321220,-1,0
0.03064,2,0,INJECTING,3729936,3721368,4194304,4305321215,-1,0
0.03064,3,0,DONE,4194304,4194304,4194304,3746315530,-1,0
0.03066,0,0,INJECTING,229288248,229286344,1386879564,2000112683,-1,0
0.03066,1,0,INJECTING,3705184,3696616,4194304,4305321220,-1,0
0.03066,2,0,INJECTING,3740408,3730888,4194304,4305321215,-1,0
0.03066,3,0,DONE,4194304,4194304,4194304,3746315530,-1,0
0.03068,0,0,INJECTING,229293008,229291104,1386879564,2000112683,-1,0
0.03068,1,0,INJECTING,3715656,3706136,4194304,4305321220,-1,0
0.03068,2,0,INJECTING,3750880,3741360,4194304,4305321215,-1,0
0.03068,3,0,DONE,4194304,4194304,4194304,3746315530,-1,0
0.0307,0,0,INJECTING,229297768,229295864,1386879564,2000112683,-1,0
0.0307,1,0,INJECTING,3726128,3716608,4194304,4305321220,-1,0
0.0307,2,0,INJECTING,3760400,3751832,4194304,4305321215,-1,0
0.0307,3,0,DONE,4194304,4194304,4194304,3746315530,-1,0
0.03072,0,0,INJECTING,229302528,229300624,1386879564,2000078878,-1,0
0.03072,1,0,INJECTING,3735648,3727080,4194304,4400734203,-1,0
0.03072,2,0,INJECTING,3770872,3762304,4194304,4400734200,-1,0
0.03072,3,0,DONE,4194304,4194304,4194304,3746315530,-1,0
0.03074,0,0,INJECTING,229307288,229305384,1386879564,2000078878,-1,0
0.03074,1,0,INJECTING,3747072,3737552,4194304,4511381765,-1,0
0.03074,2,0,INJECTING,3781344,3772776,4194304,4511381765,-1,0
0.03074,3,0,DONE,4194304,4194304,4194304,3746315530,-1,0
0.03076,0,0,INJECTING,229312048,229310144,1386879564,2000078878,-1,0
0.03076,1,0,INJECTING,3757544,3748976,4194304,4511381765,-1,0
0.03076,2,0,INJECTING,3792768,3783248,4194304,4511381765,-1,0
0.03076,3,0,DONE,4194304,4194304,4194304,3746315530,-1,0
0.03078,0,0,INJECTING,229316808,229314904,1386879564,2000038649,-1,0
0.03078,1,0,INJECTING,3768968,3759448,4194304,4783835220,-1,0
0.03078,2,0,INJECTING,3803240,3794672,4194304,4783835220,-1,0
0.03078,3,0,DONE,4194304,4194304,4194304,3746315530,-1,0
0.0308,0,0,INJECTING,229321568,229319664,1386879564,2000027054,-1,0
0.0308,1,0,INJECTING,3780392,3770872,4194304,4914393693,-1,0
0.0308,2,0,INJECTING,3815616,3806096,4194304,4914393693,-1,0
0.0308,3,0,DONE,4194304,4194304,4194304,3746315530,-1,0
0.03082,0,0,INJECTING,229326328,229324424,1386879564,2000018937,-1,0
0.03082,1,0,INJECTING,3791816,3783248,4194304,4960615249,-1,0
0.03082,2,0,INJECTING,3827040,3817520,4194304,4960615249,-1,0
0.03082,3,0,DONE,4194304,4194304,4194304,3746315530,-1,0
0.03084,0,0,INJECTING,229331088,229329184,1386879564,2000018937,-1,0
0.03084,1,0,INJECTING,3804192,3794672,4194304,4960615249,-1,0
0.03084,2,0,INJECTING,3838464,3829896,4194304,4960615249,-1,0
0.03084,3,0,DONE,4194304,4194304,4194304,3746315530,-1,0
0.03086,0,0,INJECTING,229335848,229333944,1386879564,2000018937,-1,0
0.03086,1,0,INJECTING,3815616,3806096,4194304,4960615249,-1,0
0.03086,2,0,INJECTING,3850840,3841320,4194304,4960615249,-1,0
0.03086,3,0,DONE,4194304,4194304,4194304,3746315530,-1,0
0.03088,0,0,INJECTING,229340608,229338704,1386879564,2000013255,-1,0
0.03088,1,0,INJECTING,3827992,3818472,4194304,5192424321,-1,0
0.03088,2,0,INJECTING,3863216,3853696,4194304,5192424321,-1,0
0.03088,3,0,DONE,4194304,4194304,4194304,3746315530,-1,0
0.0309,0,0,INJECTING,229345368,229343464,1386879564,2000013255,-1,0
0.0309,1,0,INJECTING,3840368,3830848,4194304,5192424321,-1,0
0.0309,2,0,INJECTING,3875592,3866072,4194304,5192424321,-1,0
0.0309,3,0,DONE,4194304,4194304,4194304,3746315530,-1,0
0.03092,0,0,INJECTING,229350128,229348224,1386879564,2000009278,-1,0
0.03092,1,0,INJECTING,3852744,3843224,4194304,5218939824,-1,0
0.03092,2,0,INJECTING,3887968,3877496,4194304,5218939824,-1,0
0.03092,3,0,DONE,4194304,4194304,4194304,3746315530,-1,0
0.03094,0,0,INJECTING,229354888,229352984,1386879564,2000009278,-1,0
0.03094,1,0,INJECTING,3865120,3855600,4194304,5218939824,-1,0
0.03094,2,0,INJECTING,3900344,3890824,4194304,5218939824,-1,0
0.03094,3,0,DONE,4194304,4194304,4194304,3746315530,-1,0
0.03096,0,0,INJECTING,229359648,229357744,1386879564,2000009278,-1,0
0.03096,1,0,INJECTING,3877496,3867976,4194304,5218939824,-1,0
0.03096,2,0,INJECTING,3912720,3903200,4194304,5218939824,-1,0
0.03096,3,0,DONE,4194304,4194304,4194304,3746315530,-1,0
0.03098,0,0,INJECTING,229364408,229362504,1386879564,2000006494,-1,0
0.03098,1,0,INJECTING,3889872,3880352,4194304,5447196270,-1,0
0.03098,2,0,INJECTING,3925096,3915576,4194304,5447196270,-1,0
0.03098,3,0,DONE,4194304,4194304,4194304,3746315530,-1,0
0.031,0,0,INJECTING,229369168,229368216,1386879564,2000004545,-1,0
0.031,1,0,INJECTING,3903200,3893680,4194304,5614017139,-1,0
0.031,2,0,INJECTING,3938424,3927952,4194304,5614017139,-1,0
0.031,3,0,DONE,4194304,4194304,4194304,3746315530,-1,0
0.03102,0,0,INJECTING,229373928,229372976,1386879564,2000003181,-1,0
0.03102,1,0,INJECTING,3917480,3907008,4194304,5931867795,-1,0
0.03102,2,0,INJECTING,3952704,3942232,4194304,5931867795,-1,0
0.03102,3,0,DONE,4194304,4194304,4194304,3746315530,-1,0
0.03104,0,0,INJECTING,229378688,229377736,1386879564,2000003181,-1,0
0.03104,1,0,INJECTING,3931760,3921288,4194304,5957078979,-1,0
0.03104,2,0,INJECTING,3966032,3956512,4194304,5957078979,-1,0
0.03104,3,0,DONE,4194304,4194304,4194304,3746315530,-1,0
0.03106,0,0,INJECTING,229383448,229381544,1386879564,2000003181,-1,0
0.03106,1,0,INJECTING,3946040,3934616,4194304,5957078979,-1,0
0.03106,2,0,INJECTING,3980312,3969840,4194304,5957078979,-1,0
0.03106,3,0,DONE,4194304,4194304,4194304,3746315530,-1,0
0.03108,0,0,INJECTING,229388208,229386304,1386879564,2000003181,-1,0
0.03108,1,0,INJECTING,3960320,3948896,4194304,5957078979,-1,0
0.03108,2,0,INJECTING,3994592,3984120,4194304,5957078979,-1,0
0.03108,3,0,DONE,4194304,4194304,4194304,3746315530,-1,0
0.0311,0,0,INJECTING,229392968,229391064,1386879564,2000003181,-1,0
0.0311,1,0,INJECTING,3973648,3963176,4194304,5957078979,-1,0
0.0311,2,0,INJECTING,4008872,3997448,4194304,5957078979,-1,0
0.0311,3,0,DONE,4194304,4194304,4194304,3746315530,-1,0
0.03112,0,0,INJECTING,229397728,229395824,1386879564,2000001558,-1,0
0.03112,1,0,INJECTING,3988880,3977456,4194304,6230497357,-1,0
0.03112,2,0,INJECTING,4023152,4012680,4194304,6230497357,-1,0
0.03112,3,0,DONE,4194304,4194304,4194304,3746315530,-1,0
0.03114,0,0,INJECTING,229402488,229401536,1386879564,2000001090,-1,0
0.03114,1,0,INJECTING,4004112,3992688,4194304,6658878784,-1,0
0.03114,2,0,INJECTING,4039336,4027912,4194304,6658878784,-1,0
0.03114,3,0,DONE,4194304,4194304,4194304,3746315530,-1,0
0.03116,0,0,INJECTING,229407248,229406296,1386879564,2000000763,-1,0
0.03116,1,0,INJECTING,4020296,4009824,4194304,7054959131,-1,0
0.03116,2,0,INJECTING,4055520,4044096,4194304,7054959131,-1,0
0.03116,3,0,DONE,4194304,4194304,4194304,3746315530,-1,0
0.03118,0,0,INJECTING,229412008,229411056,1386879564,2000000763,-1,0
0.03118,1,0,INJECTING,4037432,4026008,4194304,7087664966,-1,0
0.03118,2,0,INJECTING,4072656,4061232,4194304,7087664966,-1,0
0.03118,3,0,DONE,4194304,4194304,4194304,3746315530,-1,0
0.0312,0,0,INJECTING,229416768,229415816,1386879564,2000000534,-1,0
0.0312,1,0,INJECTING,4054568,4043144,4194304,7289425587,-1,0
0.0312,2,0,INJECTING,4089792,4078368,4194304,7289425587,-1,0
0.0312,3,0,DONE,4194304,4194304,4194304,3746315530,-1,0
0.03122,0,0,INJECTING,229421528,229420576,1386879564,2000000261,-1,0
0.03122,1,0,INJECTING,4072656,4061232,4194304,7809366686,-1,0
0.03122,2,0,INJECTING,4107880,4096456,4194304,7809366686,-1,0
0.03122,3,0,DONE,4194304,4194304,4194304,3746315530,-1,0
0.03124,0,0,INJECTING,229426288,229425336,1386879564,2000000261,-1,0
0.03124,1,0,INJECTING,4091696,4080272,4194304,7927343239,-1,0
0.03124,2,0,INJECTING,4125968,4114544,4194304,7927343239,-1,0
0.03124,3,0,DONE,4194304,4194304,4194304,3746315530,-1,0
0.03126,0,0,INJECTING,229431048,229430096,1386879564,2000000182,-1,0
0.03126,1,0,INJECTING,4110736,4098360,4194304,8088394226,-1,0
0.03126,2,0,INJECTING,4145008,4133584,4194304,8088394226,-1,0
0.03126,3,0,DONE,4194304,4194304,4194304,3746315530,-1,0
0.03128,0,0,INJECTING,229435808,229434856,1386879564,2000000182,-1,0
0.03128,1,0,INJECTING,4129776,4118352,4194304,8275160204,-1,0
0.03128,2,0,INJECTING,4165000,4152624,4194304,8275160204,-1,0
0.03128,3,0,DONE,4194304,4194304,4194304,3746315530,-1,0
0.0313,0,0,INJECTING,229440568,229439616,1386879564,2000000088,-1,0
0.0313,1,0,INJECTING,4149768,4137392,4194304,8701089301,-1,0
0.0313,2,0,INJECTING,4184992,4172616,4194304,8701089301,-1,0
0.0313,3,0,DONE,4194304,4194304,4194304,3746315530,-1,0
0.03132,0,0,INJECTING,229445328,229444376,1386879564,2000000061,-1,0
0.03132,1,0,INJECTING,4171664,4158336,4194304,9412364796,-1,0
0.03132,2,0,WAIT_ACK,4194304,4193560,4194304,9412364796,-1,0
0.03132,3,0,DONE,4194304,4194304,4194304,3746315530,-1,0
0.03134,0,0,INJECTING,229450088,229449136,1386879564,2000000042,-1,0
0.03134,1,0,WAIT_ACK,4194304,4181184,4194304,10034890121,-1,0
0.03134,2,0,DONE,4194304,4194304,4194304,9453642767,-1,0
0.03134,3,0,DONE,4194304,4194304,4194304,3746315530,-1,0
0.03136,0,0,INJECTING,229454848,229453896,1386879564,2000000029,-1,0
0.03136,1,0,DONE,4194304,4194304,4194304,10097709621,-1,0
0.03136,2,0,DONE,4194304,4194304,4194304,9453642767,-1,0
0.03136,3,0,DONE,4194304,4194304,4194304,3746315530,-1,0
0.03138,0,0,INJECTING,229459608,229458656,1386879564,2000000020,-1,0
0.03138,1,0,DONE,4194304,4194304,4194304,10097709621,-1,0
0.03138,2,0,DONE,4194304,4194304,4194304,9453642767,-1,0
0.03138,3,0,DONE,4194304,4194304,4194304,3746315530,-1,0
0.0314,0,0,INJECTING,229464368,229463416,1386879564,2000000014,-1,0
0.0314,1,0,DONE,4194304,4194304,4194304,10097709621,-1,0
0.0314,2,0,DONE,4194304,4194304,4194304,9453642767,-1,0
0.0314,3,0,DONE,4194304,4194304,4194304,3746315530,-1,0
0.03142,0,0,INJECTING,229469128,229468176,1386879564,2000000014,-1,0
0.03142,1,0,DONE,4194304,4194304,4194304,10097709621,-1,0
0.03142,2,0,DONE,4194304,4194304,4194304,9453642767,-1,0
0.03142,3,0,DONE,4194304,4194304,4194304,3746315530,-1,0
0.03144,0,0,INJECTING,229473888,229472936,1386879564,2000000014,-1,0
0.03144,1,0,DONE,4194304,4194304,4194304,10097709621,-1,0
0.03144,2,0,DONE,4194304,4194304,4194304,9453642767,-1,0
0.03144,3,0,DONE,4194304,4194304,4194304,3746315530,-1,0
0.03146,0,0,INJECTING,229478648,229477696,1386879564,2000000009,-1,0
0.03146,1,0,DONE,4194304,4194304,4194304,10097709621,-1,0
0.03146,2,0,DONE,4194304,4194304,4194304,9453642767,-1,0
0.03146,3,0,DONE,4194304,4194304,4194304,3746315530,-1,0
0.03148,0,0,INJECTING,229483408,229482456,1386879564,2000000004,-1,0
0.03148,1,0,DONE,4194304,4194304,4194304,10097709621,-1,0
0.03148,2,0,DONE,4194304,4194304,4194304,9453642767,-1,0
0.03148,3,0,DONE,4194304,4194304,4194304,3746315530,-1,0
0.0315,0,0,INJECTING,229488168,229487216,1386879564,2000000002,-1,0
0.0315,1,0,DONE,4194304,4194304,4194304,10097709621,-1,0
0.0315,2,0,DONE,4194304,4194304,4194304,9453642767,-1,0
0.0315,3,0,DONE,4194304,4194304,4194304,3746315530,-1,0
0.03152,0,0,INJECTING,229492928,229491976,1386879564,2000000000,-1,0
0.03152,1,0,DONE,4194304,4194304,4194304,10097709621,-1,0
0.03152,2,0,DONE,4194304,4194304,4194304,9453642767,-1,0
0.03152,3,0,DONE,4194304,4194304,4194304,3746315530,-1,0
0.03154,0,0,INJECTING,229497688,229496736,1386879564,2000000000,-1,0
0.03154,1,0,DONE,4194304,4194304,4194304,10097709621,-1,0
0.03154,2,0,DONE,4194304,4194304,4194304,9453642767,-1,0
0.03154,3,0,DONE,4194304,4194304,4194304,3746315530,-1,0
0.03156,0,0,INJECTING,229502448,229501496,1386879564,2000000000,-1,0
0.03156,1,0,DONE,4194304,4194304,4194304,10097709621,-1,0
0.03156,2,0,DONE,4194304,4194304,4194304,9453642767,-1,0
0.03156,3,0,DONE,4194304,4194304,4194304,3746315530,-1,0
0.03158,0,0,INJECTING,229507208,229506256,1386879564,2000000000,-1,0
0.03158,1,0,DONE,4194304,4194304,4194304,10097709621,-1,0
0.03158,2,0,DONE,4194304,4194304,4194304,9453642767,-1,0
0.03158,3,0,DONE,4194304,4194304,4194304,3746315530,-1,0
0.0316,0,0,INJECTING,229816608,229735688,1386879564,166437264281,-1,0
0.0316,1,0,DONE,4194304,4194304,4194304,10097709621,-1,0
0.0316,2,0,DONE,4194304,4194304,4194304,9453642767,-1,0
0.0316,3,0,DONE,4194304,4194304,4194304,3746315530,-1,0
0.03162,0,0,INJECTING,230251672,230161232,1386879564,187046795135,-1,0
0.03162,1,0,DONE,4194304,4194304,4194304,10097709621,-1,0
0.03162,2,0,DONE,4194304,4194304,4194304,9453642767,-1,0
0.03162,3,0,DONE,4194304,4194304,4194304,3746315530,-1,0
0.03164,0,0,INJECTING,230705776,230612480,1386879564,188242843105,-1,0
0.03164,1,0,DONE,4194304,4194304,4194304,10097709621,-1,0
0.03164,2,0,DONE,4194304,4194304,4194304,9453642767,-1,0
0.03164,3,0,DONE,4194304,4194304,4194304,3746315530,-1,0
0.03166,0,0,INJECTING,231158928,231066584,1386879564,188242843105,-1,0
0.03166,1,0,DONE,4194304,4194304,4194304,10097709621,-1,0
0.03166,2,0,DONE,4194304,4194304,4194304,9453642767,-1,0
0.03166,3,0,DONE,4194304,4194304,4194304,3746315530,-1,0
0.03168,0,0,INJECTING,231612080,231519736,1386879564,188242843105,-1,0
0.03168,1,0,DONE,4194304,4194304,4194304,10097709621,-1,0
0.03168,2,0,DONE,4194304,4194304,4194304,9453642767,-1,0
0.03168,3,0,DONE,4194304,4194304,4194304,3746315530,-1,0
0.0317,0,0,INJECTING,232065232,231972888,1386879564,188242843105,-1,0
0.0317,1,0,DONE,4194304,4194304,4194304,10097709621,-1,0
0.0317,2,0,DONE,4194304,4194304,4194304,9453642767,-1,0
0.0317,3,0,DONE,4194304,4194304,4194304,3746315530,-1,0
0.03172,0,0,INJECTING,232518384,232426040,1386879564,188242843105,-1,0
0.03172,1,0,DONE,4194304,4194304,4194304,10097709621,-1,0
0.03172,2,0,DONE,4194304,4194304,4194304,9453642767,-1,0
0.03172,3,0,DONE,4194304,4194304,4194304,3746315530,-1,0
0.03174,0,0,INJECTING,232972488,232879192,1386879564,188242843105,-1,0
0.03174,1,0,DONE,4194304,4194304,4194304,10097709621,-1,0
0.03174,2,0,DONE,4194304,4194304,4194304,9453642767,-1,0
0.03174,3,0,DONE,4194304,4194304,4194304,3746315530,-1,0
0.03176,0,0,INJECTING,233425640,233333296,1386879564,188242843105,-1,0
0.03176,1,0,DONE,4194304,4194304,4194304,10097709621,-1,0
0.03176,2,0,DONE,4194304,4194304,4194304,9453642767,-1,0
0.03176,3,0,DONE,4194304,4194304,4194304,3746315530,-1,0
0.03178,0,0,INJECTING,233878792,233786448,1386879564,188242843105,-1,0
0.03178,1,0,DONE,4194304,4194304,4194304,10097709621,-1,0
0.03178,2,0,DONE,4194304,4194304,4194304,9453642767,-1,0
0.03178,3,0,DONE,4194304,4194304,4194304,3746315530,-1,0
0.0318,0,0,INJECTING,234331944,234239600,1386879564,188242843105,-1,0
0.0318,1,0,DONE,4194304,4194304,4194304,10097709621,-1,0
0.0318,2,0,DONE,4194304,4194304,4194304,9453642767,-1,0
0.0318,3,0,DONE,4194304,4194304,4194304,3746315530,-1,0
0.03182,0,0,INJECTING,234785096,234692752,1386879564,188242843105,-1,0
0.03182,1,0,DONE,4194304,4194304,4194304,10097709621,-1,0
0.03182,2,0,DONE,4194304,4194304,4194304,9453642767,-1,0
0.03182,3,0,DONE,4194304,4194304,4194304,3746315530,-1,0
0.03184,0,0,INJECTING,235239200,235145904,1386879564,188242843105,-1,0
0.03184,1,0,DONE,4194304,4194304,4194304,10097709621,-1,0
0.03184,2,0,DONE,4194304,4194304,4194304,9453642767,-1,0
0.03184,3,0,DONE,4194304,4194304,4194304,3746315530,-1,0
0.03186,0,0,INJECTING,235692352,235599056,1386879564,188242843105,-1,0
0.03186,1,0,DONE,4194304,4194304,4194304,10097709621,-1,0
0.03186,2,0,DONE,4194304,4194304,4194304,9453642767,-1,0
0.03186,3,0,DONE,4194304,4194304,4194304,3746315530,-1,0
0.03188,0,0,INJECTING,236145504,236053160,1386879564,188242843105,-1,0
0.03188,1,0,DONE,4194304,4194304,4194304,10097709621,-1,0
0.03188,2,0,DONE,4194304,4194304,4194304,9453642767,-1,0
0.03188,3,0,DONE,4194304,4194304,4194304,3746315530,-1,0
0.0319,0,0,INJECTING,236598656,236506312,1386879564,188242843105,-1,0
0.0319,1,0,DONE,4194304,4194304,4194304,10097709621,-1,0
0.0319,2,0,DONE,4194304,4194304,4194304,9453642767,-1,0
0.0319,3,0,DONE,4194304,4194304,4194304,3746315530,-1,0
0.03192,0,0,INJECTING,237051808,236959464,1386879564,188242843105,-1,0
0.03192,1,0,DONE,4194304,4194304,4194304,10097709621,-1,0
0.03192,2,0,DONE,4194304,4194304,4194304,9453642767,-1,0
0.03192,3,0,DONE,4194304,4194304,4194304,3746315530,-1,0
0.03194,0,0,INJECTING,237504960,237412616,1386879564,188242843105,-1,0
0.03194,1,0,DONE,4194304,4194304,4194304,10097709621,-1,0
0.03194,2,0,DONE,4194304,4194304,4194304,9453642767,-1,0
0.03194,3,0,DONE,4194304,4194304,4194304,3746315530,-1,0
0.03196,0,0,INJECTING,237959064,237865768,1386879564,188242843105,-1,0
0.03196,1,0,DONE,4194304,4194304,4194304,10097709621,-1,0
0.03196,2,0,DONE,4194304,4194304,4194304,9453642767,-1,0
0.03196,3,0,DONE,4194304,4194304,4194304,3746315530,-1,0
0.03198,0,0,INJECTING,238412216,238319872,1386879564,188242843105,-1,0
0.03198,1,0,DONE,4194304,4194304,4194304,10097709621,-1,0
0.03198,2,0,DONE,4194304,4194304,4194304,9453642767,-1,0
0.03198,3,0,DONE,4194304,4194304,4194304,3746315530,-1,0
0.032,0,0,INJECTING,238865368,238773024,1386879564,188242843105,-1,0
0.032,1,0,DONE,4194304,4194304,4194304,10097709621,-1,0
0.032,2,0,DONE,4194304,4194304,4194304,9453642767,-1,0
0.032,3,0,DONE,4194304,4194304,4194304,3746315530,-1,0
0.03202,0,0,INJECTING,239318520,239226176,1386879564,188242843105,-1,0
0.03202,1,0,DONE,4194304,4194304,4194304,10097709621,-1,0
0.03202,2,0,DONE,4194304,4194304,4194304,9453642767,-1,0
0.03202,3,0,DONE,4194304,4194304,4194304,3746315530,-1,0
0.03204,0,0,INJECTING,239771672,239679328,1386879564,188242843105,-1,0
0.03204,1,0,DONE,4194304,4194304,4194304,10097709621,-1,0
0.03204,2,0,DONE,4194304,4194304,4194304,9453642767,-1,0
0.03204,3,0,DONE,4194304,4194304,4194304,3746315530,-1,0
0.03206,0,0,INJECTING,240225776,240132480,1386879564,188242843105,-1,0
0.03206,1,0,DONE,4194304,4194304,4194304,10097709621,-1,0
0.03206,2,0,DONE,4194304,4194304,4194304,9453642767,-1,0
0.03206,3,0,DONE,4194304,4194304,4194304,3746315530,-1,0
0.03208,0,0,INJECTING,240678928,240586584,1386879564,188242843105,-1,0
0.03208,1,0,DONE,4194304,4194304,4194304,10097709621,-1,0
0.03208,2,0,DONE,4194304,4194304,4194304,9453642767,-1,0
0.03208,3,0,DONE,4194304,4194304,4194304,3746315530,-1,0
0.0321,0,0,INJECTING,241132080,241039736,1386879564,188242843105,-1,0
0.0321,1,0,DONE,4194304,4194304,4194304,10097709621,-1,0
0.0321,2,0,DONE,4194304,4194304,4194304,9453642767,-1,0
0.0321,3,0,DONE,4194304,4194304,4194304,3746315530,-1,0
0.03212,0,0,INJECTING,241585232,241492888,1386879564,188242843105,-1,0
0.03212,1,0,DONE,4194304,4194304,4194304,10097709621,-1,0
0.03212,2,0,DONE,4194304,4194304,4194304,9453642767,-1,0
0.03212,3,0,DONE,4194304,4194304,4194304,3746315530,-1,0
0.03214,0,0,INJECTING,242038384,241946040,1386879564,188242843105,-1,0
0.03214,1,0,DONE,4194304,4194304,4194304,10097709621,-1,0
0.03214,2,0,DONE,4194304,4194304,4194304,9453642767,-1,0
0.03214,3,0,DONE,4194304,4194304,4194304,3746315530,-1,0
0.03216,0,0,INJECTING,242492488,242399192,1386879564,188242843105,-1,0
0.03216,1,0,DONE,4194304,4194304,4194304,10097709621,-1,0
0.03216,2,0,DONE,4194304,4194304,4194304,9453642767,-1,0
0.03216,3,0,DONE,4194304,4194304,4194304,3746315530,-1,0
0.03218,0,0,INJECTING,242945640,242853296,1386879564,188242843105,-1,0
0.03218,1,0,DONE,4194304,4194304,4194304,10097709621,-1,0
0.03218,2,0,DONE,4194304,4194304,4194304,9453642767,-1,0
0.03218,3,0,DONE,4194304,4194304,4194304,3746315530,-1,0
0.0322,0,0,INJECTING,243398792,243306448,1386879564,188242843105,-1,0
0.0322,1,0,DONE,4194304,4194304,4194304,10097709621,-1,0
0.0322,2,0,DONE,4194304,4194304,4194304,9453642767,-1,0
0.0322,3,0,DONE,4194304,4194304,4194304,3746315530,-1,0
0.03222,0,0,INJECTING,243851944,243759600,1386879564,188242843105,-1,0
0.03222,1,0,DONE,4194304,4194304,4194304,10097709621,-1,0
0.03222,2,0,DONE,4194304,4194304,4194304,9453642767,-1,0
0.03222,3,0,DONE,4194304,4194304,4194304,3746315530,-1,0
0.03224,0,0,INJECTING,244305096,244212752,1386879564,188242843105,-1,0
0.03224,1,0,DONE,4194304,4194304,4194304,10097709621,-1,0
0.03224,2,0,DONE,4194304,4194304,4194304,9453642767,-1,0
0.03224,3,0,DONE,4194304,4194304,4194304,3746315530,-1,0
0.03226,0,0,INJECTING,244759200,244665904,1386879564,188242843105,-1,0
0.03226,1,0,DONE,4194304,4194304,4194304,10097709621,-1,0
0.03226,2,0,DONE,4194304,4194304,4194304,9453642767,-1,0
0.03226,3,0,DONE,4194304,4194304,4194304,3746315530,-1,0
0.03228,0,0,INJECTING,245212352,245119056,1386879564,188242843105,-1,0
0.03228,1,0,DONE,4194304,4194304,4194304,10097709621,-1,0
0.03228,2,0,DONE,4194304,4194304,4194304,9453642767,-1,0
0.03228,3,0,DONE,4194304,4194304,4194304,3746315530,-1,0
0.0323,0,0,INJECTING,245665504,245573160,1386879564,188242843105,-1,0
0.0323,1,0,DONE,4194304,4194304,4194304,10097709621,-1,0
0.0323,2,0,DONE,4194304,4194304,4194304,9453642767,-1,0
0.0323,3,0,DONE,4194304,4194304,4194304,3746315530,-1,0
0.03232,0,0,INJECTING,246118656,246026312,1386879564,188242843105,-1,0
0.03232,1,0,DONE,4194304,4194304,4194304,10097709621,-1,0
0.03232,2,0,DONE,4194304,4194304,4194304,9453642767,-1,0
0.03232,3,0,DONE,4194304,4194304,4194304,3746315530,-1,0
0.03234,0,0,INJECTING,246571808,246479464,1386879564,188242843105,-1,0
0.03234,1,0,DONE,4194304,4194304,4194304,10097709621,-1,0
0.03234,2,0,DONE,4194304,4194304,4194304,9453642767,-1,0
0.03234,3,0,DONE,4194304,4194304,4194304,3746315530,-1,0
0.03236,0,0,INJECTING,247024960,246932616,1386879564,188242843105,-1,0
0.03236,1,0,DONE,4194304,4194304,4194304,10097709621,-1,0
0.03236,2,0,DONE,4194304,4194304,4194304,9453642767,-1,0
0.03236,3,0,DONE,4194304,4194304,4194304,3746315530,-1,0
0.03238,0,0,INJECTING,247479064,247385768,1386879564,188242843105,-1,0
0.03238,1,0,DONE,4194304,4194304,4194304,10097709621,-1,0
0.03238,2,0,DONE,4194304,4194304,4194304,9453642767,-1,0
0.03238,3,0,DONE,4194304,4194304,4194304,3746315530,-1,0
0.0324,0,0,INJECTING,247932216,247839872,1386879564,188242843105,-1,0
0.0324,1,0,DONE,4194304,4194304,4194304,10097709621,-1,0
0.0324,2,0,DONE,4194304,4194304,4194304,9453642767,-1,0
0.0324,3,0,DONE,4194304,4194304,4194304,3746315530,-1,0
0.03242,0,0,INJECTING,248385368,248293024,1386879564,188242843105,-1,0
0.03242,1,0,DONE,4194304,4194304,4194304,10097709621,-1,0
0.03242,2,0,DONE,4194304,4194304,4194304,9453642767,-1,0
0.03242,3,0,DONE,4194304,4194304,4194304,3746315530,-1,0
0.03244,0,0,INJECTING,248838520,248746176,1386879564,188242843105,-1,0
0.03244,1,0,DONE,4194304,4194304,4194304,10097709621,-1,0
0.03244,2,0,DONE,4194304,4194304,4194304,9453642767,-1,0
0.03244,3,0,DONE,4194304,4194304,4194304,3746315530,-1,0
0.03246,0,0,INJECTING,249291672,249199328,1386879564,188242843105,-1,0
0.03246,1,0,DONE,4194304,4194304,4194304,10097709621,-1,0
0.03246,2,0,DONE,4194304,4194304,4194304,9453642767,-1,0
0.03246,3,0,DONE,4194304,4194304,4194304,3746315530,-1,0
0.03248,0,0,INJECTING,249745776,249652480,1386879564,188242843105,-1,0
0.03248,1,0,DONE,4194304,4194304,4194304,10097709621,-1,0
0.03248,2,0,DONE,4194304,4194304,4194304,9453642767,-1,0
0.03248,3,0,DONE,4194304,4194304,4194304,3746315530,-1,0
0.0325,0,0,INJECTING,250198928,250106584,1386879564,188242843105,-1,0
0.0325,1,0,DONE,4194304,4194304,4194304,10097709621,-1,0
0.0325,2,0,DONE,4194304,4194304,4194304,9453642767,-1,0
0.0325,3,0,DONE,4194304,4194304,4194304,3746315530,-1,0
0.03252,0,0,INJECTING,250652080,250559736,1386879564,188242843105,-1,0
0.03252,1,0,DONE,4194304,4194304,4194304,10097709621,-1,0
0.03252,2,0,DONE,4194304,4194304,4194304,9453642767,-1,0
0.03252,3,0,DONE,4194304,4194304,4194304,3746315530,-1,0
0.03254,0,0,INJECTING,251105232,251012888,1386879564,188242843105,-1,0
0.03254,1,0,DONE,4194304,4194304,4194304,10097709621,-1,0
0.03254,2,0,DONE,4194304,4194304,4194304,9453642767,-1,0
0.03254,3,0,DONE,4194304,4194304,4194304,3746315530,-1,0
0.03256,0,0,INJECTING,251558384,251466040,1386879564,188242843105,-1,0
0.03256,1,0,DONE,4194304,4194304,4194304,10097709621,-1,0
0.03256,2,0,DONE,4194304,4194304,4194304,9453642767,-1,0
0.03256,3,0,DONE,4194304,4194304,4194304,3746315530,-1,0
0.03258,0,0,INJECTING,252012488,251919192,1386879564,188242843105,-1,0
0.03258,1,0,DONE,4194304,4194304,4194304,10097709621,-1,0
0.03258,2,0,DONE,4194304,4194304,4194304,9453642767,-1,0
0.03258,3,0,DONE,4194304,4194304,4194304,3746315530,-1,0
0.0326,0,0,INJECTING,252465640,252373296,1386879564,188242843105,-1,0
0.0326,1,0,DONE,4194304,4194304,4194304,10097709621,-1,0
0.0326,2,0,DONE,4194304,4194304,4194304,9453642767,-1,0
0.0326,3,0,DONE,4194304,4194304,4194304,3746315530,-1,0
0.03262,0,0,INJECTING,252918792,252826448,1386879564,188242843105,-1,0
0.03262,1,0,DONE,4194304,4194304,4194304,10097709621,-1,0
0.03262,2,0,DONE,4194304,4194304,4194304,9453642767,-1,0
0.03262,3,0,DONE,4194304,4194304,4194304,3746315530,-1,0
0.03264,0,0,INJECTING,253371944,253279600,1386879564,188242843105,-1,0
0.03264,1,0,DONE,4194304,4194304,4194304,10097709621,-1,0
0.03264,2,0,DONE,4194304,4194304,4194304,9453642767,-1,0
0.03264,3,0,DONE,4194304,4194304,4194304,3746315530,-1,0
0.03266,0,0,INJECTING,253825096,253732752,1386879564,188242843105,-1,0
0.03266,1,0,DONE,4194304,4194304,4194304,10097709621,-1,0
0.03266,2,0,DONE,4194304,4194304,4194304,9453642767,-1,0
0.03266,3,0,DONE,4194304,4194304,4194304,3746315530,-1,0
0.03268,0,0,INJECTING,254279200,254185904,1386879564,188242843105,-1,0
0.03268,1,0,DONE,4194304,4194304,4194304,10097709621,-1,0
0.03268,2,0,DONE,4194304,4194304,4194304,9453642767,-1,0
0.03268,3,0,DONE,4194304,4194304,4194304,3746315530,-1,0
0.0327,0,0,INJECTING,254732352,254639056,1386879564,188242843105,-1,0
0.0327,1,0,DONE,4194304,4194304,4194304,10097709621,-1,0
0.0327,2,0,DONE,4194304,4194304,4194304,9453642767,-1,0
0.0327,3,0,DONE,4194304,4194304,4194304,3746315530,-1,0
0.03272,0,0,INJECTING,255185504,255093160,1386879564,188242843105,-1,0
0.03272,1,0,DONE,4194304,4194304,4194304,10097709621,-1,0
0.03272,2,0,DONE,4194304,4194304,4194304,9453642767,-1,0
0.03272,3,0,DONE,4194304,4194304,4194304,3746315530,-1,0
0.03274,0,0,INJECTING,255638656,255546312,1386879564,188242843105,-1,0
0.03274,1,0,DONE,4194304,4194304,4194304,10097709621,-1,0
0.03274,2,0,DONE,4194304,4194304,4194304,9453642767,-1,0
0.03274,3,0,DONE,4194304,4194304,4194304,3746315530,-1,0
0.03276,0,0,INJECTING,256091808,255999464,1386879564,188242843105,-1,0
0.03276,1,0,DONE,4194304,4194304,4194304,10097709621,-1,0
0.03276,2,0,DONE,4194304,4194304,4194304,9453642767,-1,0
0.03276,3,0,DONE,4194304,4194304,4194304,3746315530,-1,0
0.03278,0,0,INJECTING,256544960,256452616,1386879564,188242843105,-1,0
0.03278,1,0,DONE,4194304,4194304,4194304,10097709621,-1,0
0.03278,2,0,DONE,4194304,4194304,4194304,9453642767,-1,0
0.03278,3,0,DONE,4194304,4194304,4194304,3746315530,-1,0
0.0328,0,0,INJECTING,256999064,256905768,1386879564,188242843105,-1,0
0.0328,1,0,DONE,4194304,4194304,4194304,10097709621,-1,0
0.0328,2,0,DONE,4194304,4194304,4194304,9453642767,-1,0
0.0328,3,0,DONE,4194304,4194304,4194304,3746315530,-1,0
0.03282,0,0,INJECTING,257452216,257359872,1386879564,188242843105,-1,0
0.03282,1,0,DONE,4194304,4194304,4194304,10097709621,-1,0
0.03282,2,0,DONE,4194304,4194304,4194304,9453642767,-1,0
0.03282,3,0,DONE,4194304,4194304,4194304,3746315530,-1,0
0.03284,0,0,INJECTING,257905368,257813024,1386879564,188242843105,-1,0
0.03284,1,0,DONE,4194304,4194304,4194304,10097709621,-1,0
0.03284,2,0,DONE,4194304,4194304,4194304,9453642767,-1,0
0.03284,3,0,DONE,4194304,4194304,4194304,3746315530,-1,0
0.03286,0,0,INJECTING,258358520,258266176,1386879564,188242843105,-1,0
0.03286,1,0,DONE,4194304,4194304,4194304,10097709621,-1,0
0.03286,2,0,DONE,4194304,4194304,4194304,9453642767,-1,0
0.03286,3,0,DONE,4194304,4194304,4194304,3746315530,-1,0
0.03288,0,0,INJECTING,258811672,258719328,1386879564,188242843105,-1,0
0.03288,1,0,DONE,4194304,4194304,4194304,10097709621,-1,0
0.03288,2,0,DONE,4194304,4194304,4194304,9453642767,-1,0
0.03288,3,0,DONE,4194304,4194304,4194304,3746315530,-1,0
0.0329,0,0,INJECTING,259265776,259172480,1386879564,188242843105,-1,0
0.0329,1,0,DONE,4194304,4194304,4194304,10097709621,-1,0
0.0329,2,0,DONE,4194304,4194304,4194304,9453642767,-1,0
0.0329,3,0,DONE,4194304,4194304,4194304,3746315530,-1,0
0.03292,0,0,INJECTING,259718928,259626584,1386879564,188242843105,-1,0
0.03292,1,0,DONE,4194304,4194304,4194304,10097709621,-1,0
0.03292,2,0,DONE,4194304,4194304,4194304,9453642767,-1,0
0.03292,3,0,DONE,4194304,4194304,4194304,3746315530,-1,0
0.03294,0,0,INJECTING,260172080,260079736,1386879564,188242843105,-1,0
0.03294,1,0,DONE,4194304,4194304,4194304,10097709621,-1,0
0.03294,2,0,DONE,4194304,4194304,4194304,9453642767,-1,0
0.03294,3,0,DONE,4194304,4194304,4194304,3746315530,-1,0
0.03296,0,0,INJECTING,260625232,260532888,1386879564,188242843105,-1,0
0.03296,1,0,DONE,4194304,4194304,4194304,10097709621,-1,0
0.03296,2,0,DONE,4194304,4194304,4194304,9453642767,-1,0
0.03296,3,0,DONE,4194304,4194304,4194304,3746315530,-1,0
0.03298,0,0,INJECTING,261078384,260986040,1386879564,188242843105,-1,0
0.03298,1,0,DONE,4194304,4194304,4194304,10097709621,-1,0
0.03298,2,0,DONE,4194304,4194304,4194304,9453642767,-1,0
0.03298,3,0,DONE,4194304,4194304,4194304,3746315530,-1,0
0.033,0,0,INJECTING,261532488,261439192,1386879564,188242843105,-1,0
0.033,1,0,DONE,4194304,4194304,4194304,10097709621,-1,0
0.033,2,0,DONE,4194304,4194304,4194304,9453642767,-1,0
0.033,3,0,DONE,4194304,4194304,4194304,3746315530,-1,0
0.03302,0,0,INJECTING,261985640,261893296,1386879564,188242843105,-1,0
0.03302,1,0,DONE,4194304,4194304,4194304,10097709621,-1,0
0.03302,2,0,DONE,4194304,4194304,4194304,9453642767,-1,0
0.03302,3,0,DONE,4194304,4194304,4194304,3746315530,-1,0
0.03304,0,0,INJECTING,262438792,262346448,1386879564,188242843105,-1,0
0.03304,1,0,DONE,4194304,4194304,4194304,10097709621,-1,0
0.03304,2,0,DONE,4194304,4194304,4194304,9453642767,-1,0
0.03304,3,0,DONE,4194304,4194304,4194304,3746315530,-1,0
0.03306,0,0,INJECTING,262891944,262799600,1386879564,188242843105,-1,0
0.03306,1,0,DONE,4194304,4194304,4194304,10097709621,-1,0
0.03306,2,0,DONE,4194304,4194304,4194304,9453642767,-1,0
0.03306,3,0,DONE,4194304,4194304,4194304,3746315530,-1,0
0.03308,0,0,INJECTING,263345096,263252752,1386879564,188242843105,-1,0
0.03308,1,0,DONE,4194304,4194304,4194304,10097709621,-1,0
0.03308,2,0,DONE,4194304,4194304,4194304,9453642767,-1,0
0.03308,3,0,DONE,4194304,4194304,4194304,3746315530,-1,0
0.0331,0,0,INJECTING,263799200,263705904,1386879564,188242843105,-1,0
0.0331,1,0,DONE,4194304,4194304,4194304,10097709621,-1,0
0.0331,2,0,DONE,4194304,4194304,4194304,9453642767,-1,0
0.0331,3,0,DONE,4194304,4194304,4194304,3746315530,-1,0
0.03312,0,0,INJECTING,264252352,264159056,1386879564,188242843105,-1,0
0.03312,1,0,DONE,4194304,4194304,4194304,10097709621,-1,0
0.03312,2,0,DONE,4194304,4194304,4194304,9453642767,-1,0
0.03312,3,0,DONE,4194304,4194304,4194304,3746315530,-1,0
0.03314,0,0,INJECTING,264705504,264613160,1386879564,188242843105,-1,0
0.03314,1,0,DONE,4194304,4194304,4194304,10097709621,-1,0
0.03314,2,0,DONE,4194304,4194304,4194304,9453642767,-1,0
0.03314,3,0,DONE,4194304,4194304,4194304,3746315530,-1,0
0.03316,0,0,INJECTING,265158656,265066312,1386879564,188242843105,-1,0
0.03316,1,0,DONE,4194304,4194304,4194304,10097709621,-1,0
0.03316,2,0,DONE,4194304,4194304,4194304,9453642767,-1,0
0.03316,3,0,DONE,4194304,4194304,4194304,3746315530,-1,0
0.03318,0,0,INJECTING,265611808,265519464,1386879564,188242843105,-1,0
0.03318,1,0,DONE,4194304,4194304,4194304,10097709621,-1,0
0.03318,2,0,DONE,4194304,4194304,4194304,9453642767,-1,0
0.03318,3,0,DONE,4194304,4194304,4194304,3746315530,-1,0
0.0332,0,0,INJECTING,266064960,265972616,1386879564,188242843105,-1,0
0.0332,1,0,DONE,4194304,4194304,4194304,10097709621,-1,0
0.0332,2,0,DONE,4194304,4194304,4194304,9453642767,-1,0
0.0332,3,0,DONE,4194304,4194304,4194304,3746315530,-1,0
0.03322,0,0,INJECTING,266519064,266425768,1386879564,188242843105,-1,0
0.03322,1,0,DONE,4194304,4194304,4194304,10097709621,-1,0
0.03322,2,0,DONE,4194304,4194304,4194304,9453642767,-1,0
0.03322,3,0,DONE,4194304,4194304,4194304,3746315530,-1,0
0.03324,0,0,INJECTING,266972216,266879872,1386879564,188242843105,-1,0
0.03324,1,0,DONE,4194304,4194304,4194304,10097709621,-1,0
0.03324,2,0,DONE,4194304,4194304,4194304,9453642767,-1,0
0.03324,3,0,DONE,4194304,4194304,4194304,3746315530,-1,0
0.03326,0,0,INJECTING,267425368,267333024,1386879564,188242843105,-1,0
0.03326,1,0,DONE,4194304,4194304,4194304,10097709621,-1,0
0.03326,2,0,DONE,4194304,4194304,4194304,9453642767,-1,0
0.03326,3,0,DONE,4194304,4194304,4194304,3746315530,-1,0
0.03328,0,0,INJECTING,267878520,267786176,1386879564,188242843105,-1,0
0.03328,1,0,DONE,4194304,4194304,4194304,10097709621,-1,0
0.03328,2,0,DONE,4194304,4194304,4194304,9453642767,-1,0
0.03328,3,0,DONE,4194304,4194304,4194304,3746315530,-1,0
0.0333,0,0,INJECTING,268331672,268239328,1386879564,188242843105,-1,0
0.0333,1,0,DONE,4194304,4194304,4194304,10097709621,-1,0
0.0333,2,0,DONE,4194304,4194304,4194304,9453642767,-1,0
0.0333,3,0,DONE,4194304,4194304,4194304,3746315530,-1,0
0.03332,0,0,INJECTING,268785776,268692480,1386879564,188242843105,-1,0
0.03332,1,0,DONE,4194304,4194304,4194304,10097709621,-1,0
0.03332,2,0,DONE,4194304,4194304,4194304,9453642767,-1,0
0.03332,3,0,DONE,4194304,4194304,4194304,3746315530,-1,0
0.03334,0,0,INJECTING,269238928,269146584,1386879564,188242843105,-1,0
0.03334,1,0,DONE,4194304,4194304,4194304,10097709621,-1,0
0.03334,2,0,DONE,4194304,4194304,4194304,9453642767,-1,0
0.03334,3,0,DONE,4194304,4194304,4194304,3746315530,-1,0
0.03336,0,0,INJECTING,269692080,269599736,1386879564,188242843105,-1,0
0.03336,1,0,DONE,4194304,4194304,4194304,10097709621,-1,0
0.03336,2,0,DONE,4194304,4194304,4194304,9453642767,-1,0
0.03336,3,0,DONE,4194304,4194304,4194304,3746315530,-1,0
0.03338,0,0,INJECTING,270145232,270052888,1386879564,188242843105,-1,0
0.03338,1,0,DONE,4194304,4194304,4194304,10097709621,-1,0
0.03338,2,0,DONE,4194304,4194304,4194304,9453642767,-1,0
0.03338,3,0,DONE,4194304,4194304,4194304,3746315530,-1,0
0.0334,0,0,INJECTING,270598384,270506040,1386879564,188242843105,-1,0
0.0334,1,0,DONE,4194304,4194304,4194304,10097709621,-1,0
0.0334,2,0,DONE,4194304,4194304,4194304,9453642767,-1,0
0.0334,3,0,DONE,4194304,4194304,4194304,3746315530,-1,0
0.03342,0,0,INJECTING,271052488,270959192,1386879564,188242843105,-1,0
0.03342,1,0,DONE,4194304,4194304,4194304,10097709621,-1,0
0.03342,2,0,DONE,4194304,4194304,4194304,9453642767,-1,0
0.03342,3,0,DONE,4194304,4194304,4194304,3746315530,-1,0
0.03344,0,0,INJECTING,271505640,271413296,1386879564,188242843105,-1,0
0.03344,1,0,DONE,4194304,4194304,4194304,10097709621,-1,0
0.03344,2,0,DONE,4194304,4194304,4194304,9453642767,-1,0
0.03344,3,0,DONE,4194304,4194304,4194304,3746315530,-1,0
0.03346,0,0,INJECTING,271958792,271866448,1386879564,188242843105,-1,0
0.03346,1,0,DONE,4194304,4194304,4194304,10097709621,-1,0
0.03346,2,0,DONE,4194304,4194304,4194304,9453642767,-1,0
0.03346,3,0,DONE,4194304,4194304,4194304,3746315530,-1,0
0.03348,0,0,INJECTING,272411944,272319600,1386879564,188242843105,-1,0
0.03348,1,0,DONE,4194304,4194304,4194304,10097709621,-1,0
0.03348,2,0,DONE,4194304,4194304,4194304,9453642767,-1,0
0.03348,3,0,DONE,4194304,4194304,4194304,3746315530,-1,0
0.0335,0,0,INJECTING,272865096,272772752,1386879564,188242843105,-1,0
0.0335,1,0,DONE,4194304,4194304,4194304,10097709621,-1,0
0.0335,2,0,DONE,4194304,4194304,4194304,9453642767,-1,0
0.0335,3,0,DONE,4194304,4194304,4194304,3746315530,-1,0
0.03352,0,0,INJECTING,273319200,273225904,1386879564,188242843105,-1,0
0.03352,1,0,DONE,4194304,4194304,4194304,10097709621,-1,0
0.03352,2,0,DONE,4194304,4194304,4194304,9453642767,-1,0
0.03352,3,0,DONE,4194304,4194304,4194304,3746315530,-1,0
0.03354,0,0,INJECTING,273772352,273679056,1386879564,188242843105,-1,0
0.03354,1,0,DONE,4194304,4194304,4194304,10097709621,-1,0
0.03354,2,0,DONE,4194304,4194304,4194304,9453642767,-1,0
0.03354,3,0,DONE,4194304,4194304,4194304,3746315530,-1,0
0.03356,0,0,INJECTING,274225504,274133160,1386879564,188242843105,-1,0
0.03356,1,0,DONE,4194304,4194304,4194304,10097709621,-1,0
0.03356,2,0,DONE,4194304,4194304,4194304,9453642767,-1,0
0.03356,3,0,DONE,4194304,4194304,4194304,3746315530,-1,0
0.03358,0,0,INJECTING,274678656,274586312,1386879564,188242843105,-1,0
0.03358,1,0,DONE,4194304,4194304,4194304,10097709621,-1,0
0.03358,2,0,DONE,4194304,4194304,4194304,9453642767,-1,0
0.03358,3,0,DONE,4194304,4194304,4194304,3746315530,-1,0
0.0336,0,0,INJECTING,275131808,275039464,1386879564,188242843105,-1,0
0.0336,1,0,DONE,4194304,4194304,4194304,10097709621,-1,0
0.0336,2,0,DONE,4194304,4194304,4194304,9453642767,-1,0
0.0336,3,0,DONE,4194304,4194304,4194304,3746315530,-1,0
0.03362,0,0,INJECTING,275584960,275492616,1386879564,188242843105,-1,0
0.03362,1,0,DONE,4194304,4194304,4194304,10097709621,-1,0
0.03362,2,0,DONE,4194304,4194304,4194304,9453642767,-1,0
0.03362,3,0,DONE,4194304,4194304,4194304,3746315530,-1,0
0.03364,0,0,INJECTING,276039064,275945768,1386879564,188242843105,-1,0
0.03364,1,0,DONE,4194304,4194304,4194304,10097709621,-1,0
0.03364,2,0,DONE,4194304,4194304,4194304,9453642767,-1,0
0.03364,3,0,DONE,4194304,4194304,4194304,3746315530,-1,0
0.03366,0,0,INJECTING,276492216,276399872,1386879564,188242843105,-1,0
0.03366,1,0,DONE,4194304,4194304,4194304,10097709621,-1,0
0.03366,2,0,DONE,4194304,4194304,4194304,9453642767,-1,0
0.03366,3,0,DONE,4194304,4194304,4194304,3746315530,-1,0
0.03368,0,0,INJECTING,276945368,276853024,1386879564,188242843105,-1,0
0.03368,1,0,DONE,4194304,4194304,4194304,10097709621,-1,0
0.03368,2,0,DONE,4194304,4194304,4194304,9453642767,-1,0
0.03368,3,0,DONE,4194304,4194304,4194304,3746315530,-1,0
0.0337,0,0,INJECTING,277398520,277306176,1386879564,188242843105,-1,0
0.0337,1,0,DONE,4194304,4194304,4194304,10097709621,-1,0
0.0337,2,0,DONE,4194304,4194304,4194304,9453642767,-1,0
0.0337,3,0,DONE,4194304,4194304,4194304,3746315530,-1,0
0.03372,0,0,INJECTING,277851672,277759328,1386879564,188242843105,-1,0
0.03372,1,0,DONE,4194304,4194304,4194304,10097709621,-1,0
0.03372,2,0,DONE,4194304,4194304,4194304,9453642767,-1,0
0.03372,3,0,DONE,4194304,4194304,4194304,3746315530,-1,0
0.03374,0,0,INJECTING,278305776,278212480,1386879564,188242843105,-1,0
0.03374,1,0,DONE,4194304,4194304,4194304,10097709621,-1,0
0.03374,2,0,DONE,4194304,4194304,4194304,9453642767,-1,0
0.03374,3,0,DONE,4194304,4194304,4194304,3746315530,-1,0
0.03376,0,0,INJECTING,278758928,278666584,1386879564,188242843105,-1,0
0.03376,1,0,DONE,4194304,4194304,4194304,10097709621,-1,0
0.03376,2,0,DONE,4194304,4194304,4194304,9453642767,-1,0
0.03376,3,0,DONE,4194304,4194304,4194304,3746315530,-1,0
0.03378,0,0,INJECTING,279212080,279119736,1386879564,188242843105,-1,0
0.03378,1,0,DONE,4194304,4194304,4194304,10097709621,-1,0
0.03378,2,0,DONE,4194304,4194304,4194304,9453642767,-1,0
0.03378,3,0,DONE,4194304,4194304,4194304,3746315530,-1,0
0.0338,0,0,INJECTING,279665232,279572888,1386879564,188242843105,-1,0
0.0338,1,0,DONE,4194304,4194304,4194304,10097709621,-1,0
0.0338,2,0,DONE,4194304,4194304,4194304,9453642767,-1,0
0.0338,3,0,DONE,4194304,4194304,4194304,3746315530,-1,0
0.03382,0,0,INJECTING,280118384,280026040,1386879564,188242843105,-1,0
0.03382,1,0,DONE,4194304,4194304,4194304,10097709621,-1,0
0.03382,2,0,DONE,4194304,4194304,4194304,9453642767,-1,0
0.03382,3,0,DONE,4194304,4194304,4194304,3746315530,-1,0
0.03384,0,0,INJECTING,280572488,280479192,1386879564,188242843105,-1,0
0.03384,1,0,DONE,4194304,4194304,4194304,10097709621,-1,0
0.03384,2,0,DONE,4194304,4194304,4194304,9453642767,-1,0
0.03384,3,0,DONE,4194304,4194304,4194304,3746315530,-1,0
0.03386,0,0,INJECTING,281025640,280933296,1386879564,188242843105,-1,0
0.03386,1,0,DONE,4194304,4194304,4194304,10097709621,-1,0
0.03386,2,0,DONE,4194304,4194304,4194304,9453642767,-1,0
0.03386,3,0,DONE,4194304,4194304,4194304,3746315530,-1,0
0.03388,0,0,INJECTING,281478792,281386448,1386879564,188242843105,-1,0
0.03388,1,0,DONE,4194304,4194304,4194304,10097709621,-1,0
0.03388,2,0,DONE,4194304,4194304,4194304,9453642767,-1,0
0.03388,3,0,DONE,4194304,4194304,4194304,3746315530,-1,0
0.0339,0,0,INJECTING,281931944,281839600,1386879564,188242843105,-1,0
0.0339,1,0,DONE,4194304,4194304,4194304,10097709621,-1,0
0.0339,2,0,DONE,4194304,4194304,4194304,9453642767,-1,0
0.0339,3,0,DONE,4194304,4194304,4194304,3746315530,-1,0
0.03392,0,0,INJECTING,282385096,282292752,1386879564,188242843105,-1,0
0.03392,1,0,DONE,4194304,4194304,4194304,10097709621,-1,0
0.03392,2,0,DONE,4194304,4194304,4194304,9453642767,-1,0
0.03392,3,0,DONE,4194304,4194304,4194304,3746315530,-1,0
0.03394,0,0,INJECTING,282839200,282745904,1386879564,188242843105,-1,0
0.03394,1,0,DONE,4194304,4194304,4194304,10097709621,-1,0
0.03394,2,0,DONE,4194304,4194304,4194304,9453642767,-1,0
0.03394,3,0,DONE,4194304,4194304,4194304,3746315530,-1,0
0.03396,0,0,INJECTING,283292352,283199056,1386879564,188242843105,-1,0
0.03396,1,0,DONE,4194304,4194304,4194304,10097709621,-1,0
0.03396,2,0,DONE,4194304,4194304,4194304,9453642767,-1,0
0.03396,3,0,DONE,4194304,4194304,4194304,3746315530,-1,0
0.03398,0,0,INJECTING,283745504,283653160,1386879564,188242843105,-1,0
0.03398,1,0,DONE,4194304,4194304,4194304,10097709621,-1,0
0.03398,2,0,DONE,4194304,4194304,4194304,9453642767,-1,0
0.03398,3,0,DONE,4194304,4194304,4194304,3746315530,-1,0
0.034,0,0,INJECTING,284198656,284106312,1386879564,188242843105,-1,0
0.034,1,0,DONE,4194304,4194304,4194304,10097709621,-1,0
0.034,2,0,DONE,4194304,4194304,4194304,9453642767,-1,0
0.034,3,0,DONE,4194304,4194304,4194304,3746315530,-1,0
0.03402,0,0,INJECTING,284651808,284559464,1386879564,188242843105,-1,0
0.03402,1,0,DONE,4194304,4194304,4194304,10097709621,-1,0
0.03402,2,0,DONE,4194304,4194304,4194304,9453642767,-1,0
0.03402,3,0,DONE,4194304,4194304,4194304,3746315530,-1,0
0.03404,0,0,INJECTING,285104960,285012616,1386879564,188242843105,-1,0
0.03404,1,0,DONE,4194304,4194304,4194304,10097709621,-1,0
0.03404,2,0,DONE,4194304,4194304,4194304,9453642767,-1,0
0.03404,3,0,DONE,4194304,4194304,4194304,3746315530,-1,0
0.03406,0,0,INJECTING,285559064,285465768,1386879564,188242843105,-1,0
0.03406,1,0,DONE,4194304,4194304,4194304,10097709621,-1,0
0.03406,2,0,DONE,4194304,4194304,4194304,9453642767,-1,0
0.03406,3,0,DONE,4194304,4194304,4194304,3746315530,-1,0
0.03408,0,0,INJECTING,286012216,285919872,1386879564,188242843105,-1,0
0.03408,1,0,DONE,4194304,4194304,4194304,10097709621,-1,0
0.03408,2,0,DONE,4194304,4194304,4194304,9453642767,-1,0
0.03408,3,0,DONE,4194304,4194304,4194304,3746315530,-1,0
0.0341,0,0,INJECTING,286465368,286373024,1386879564,188242843105,-1,0
0.0341,1,0,DONE,4194304,4194304,4194304,10097709621,-1,0
0.0341,2,0,DONE,4194304,4194304,4194304,9453642767,-1,0
0.0341,3,0,DONE,4194304,4194304,4194304,3746315530,-1,0
0.03412,0,0,INJECTING,286918520,286826176,1386879564,188242843105,-1,0
0.03412,1,0,DONE,4194304,4194304,4194304,10097709621,-1,0
0.03412,2,0,DONE,4194304,4194304,4194304,9453642767,-1,0
0.03412,3,0,DONE,4194304,4194304,4194304,3746315530,-1,0
0.03414,0,0,INJECTING,287371672,287279328,1386879564,188242843105,-1,0
0.03414,1,0,DONE,4194304,4194304,4194304,10097709621,-1,0
0.03414,2,0,DONE,4194304,4194304,4194304,9453642767,-1,0
0.03414,3,0,DONE,4194304,4194304,4194304,3746315530,-1,0
0.03416,0,0,INJECTING,287825776,287732480,1386879564,188242843105,-1,0
0.03416,1,0,DONE,4194304,4194304,4194304,10097709621,-1,0
0.03416,2,0,DONE,4194304,4194304,4194304,9453642767,-1,0
0.03416,3,0,DONE,4194304,4194304,4194304,3746315530,-1,0
0.03418,0,0,INJECTING,288278928,288186584,1386879564,188242843105,-1,0
0.03418,1,0,DONE,4194304,4194304,4194304,10097709621,-1,0
0.03418,2,0,DONE,4194304,4194304,4194304,9453642767,-1,0
0.03418,3,0,DONE,4194304,4194304,4194304,3746315530,-1,0
0.0342,0,0,INJECTING,288732080,288639736,1386879564,188242843105,-1,0
0.0342,1,0,DONE,4194304,4194304,4194304,10097709621,-1,0
0.0342,2,0,DONE,4194304,4194304,4194304,9453642767,-1,0
0.0342,3,0,DONE,4194304,4194304,4194304,3746315530,-1,0
0.03422,0,0,INJECTING,289185232,289092888,1386879564,188242843105,-1,0
0.03422,1,0,DONE,4194304,4194304,4194304,10097709621,-1,0
0.03422,2,0,DONE,4194304,4194304,4194304,9453642767,-1,0
0.03422,3,0,DONE,4194304,4194304,4194304,3746315530,-1,0
0.03424,0,0,INJECTING,289638384,289546040,1386879564,188242843105,-1,0
0.03424,1,0,DONE,4194304,4194304,4194304,10097709621,-1,0
0.03424,2,0,DONE,4194304,4194304,4194304,9453642767,-1,0
0.03424,3,0,DONE,4194304,4194304,4194304,3746315530,-1,0
0.03426,0,0,INJECTING,290092488,289999192,1386879564,188242843105,-1,0
0.03426,1,0,DONE,4194304,4194304,4194304,10097709621,-1,0
0.03426,2,0,DONE,4194304,4194304,4194304,9453642767,-1,0
0.03426,3,0,DONE,4194304,4194304,4194304,3746315530,-1,0
0.03428,0,0,INJECTING,290545640,290453296,1386879564,188242843105,-1,0
0.03428,1,0,DONE,4194304,4194304,4194304,10097709621,-1,0
0.03428,2,0,DONE,4194304,4194304,4194304,9453642767,-1,0
0.03428,3,0,DONE,4194304,4194304,4194304,3746315530,-1,0
0.0343,0,0,INJECTING,290998792,290906448,1386879564,188242843105,-1,0
0.0343,1,0,DONE,4194304,4194304,4194304,10097709621,-1,0
0.0343,2,0,DONE,4194304,4194304,4194304,9453642767,-1,0
0.0343,3,0,DONE,4194304,4194304,4194304,3746315530,-1,0
0.03432,0,0,INJECTING,291451944,291359600,1386879564,188242843105,-1,0
0.03432,1,0,DONE,4194304,4194304,4194304,10097709621,-1,0
0.03432,2,0,DONE,4194304,4194304,4194304,9453642767,-1,0
0.03432,3,0,DONE,4194304,4194304,4194304,3746315530,-1,0
0.03434,0,0,INJECTING,291905096,291812752,1386879564,188242843105,-1,0
0.03434,1,0,DONE,4194304,4194304,4194304,10097709621,-1,0
0.03434,2,0,DONE,4194304,4194304,4194304,9453642767,-1,0
0.03434,3,0,DONE,4194304,4194304,4194304,3746315530,-1,0
0.03436,0,0,INJECTING,292359200,292265904,1386879564,188242843105,-1,0
0.03436,1,0,DONE,4194304,4194304,4194304,10097709621,-1,0
0.03436,2,0,DONE,4194304,4194304,4194304,9453642767,-1,0
0.03436,3,0,DONE,4194304,4194304,4194304,3746315530,-1,0
0.03438,0,0,INJECTING,292812352,292719056,1386879564,188242843105,-1,0
0.03438,1,0,DONE,4194304,4194304,4194304,10097709621,-1,0
0.03438,2,0,DONE,4194304,4194304,4194304,9453642767,-1,0
0.03438,3,0,DONE,4194304,4194304,4194304,3746315530,-1,0
0.0344,0,0,INJECTING,293265504,293173160,1386879564,188242843105,-1,0
0.0344,1,0,DONE,4194304,4194304,4194304,10097709621,-1,0
0.0344,2,0,DONE,4194304,4194304,4194304,9453642767,-1,0
0.0344,3,0,DONE,4194304,4194304,4194304,3746315530,-1,0
0.03442,0,0,INJECTING,293718656,293626312,1386879564,188242843105,-1,0
0.03442,1,0,DONE,4194304,4194304,4194304,10097709621,-1,0
0.03442,2,0,DONE,4194304,4194304,4194304,9453642767,-1,0
0.03442,3,0,DONE,4194304,4194304,4194304,3746315530,-1,0
0.03444,0,0,INJECTING,294171808,294079464,1386879564,188242843105,-1,0
0.03444,1,0,DONE,4194304,4194304,4194304,10097709621,-1,0
0.03444,2,0,DONE,4194304,4194304,4194304,9453642767,-1,0
0.03444,3,0,DONE,4194304,4194304,4194304,3746315530,-1,0
0.03446,0,0,INJECTING,294624960,294532616,1386879564,188242843105,-1,0
0.03446,1,0,DONE,4194304,4194304,4194304,10097709621,-1,0
0.03446,2,0,DONE,4194304,4194304,4194304,9453642767,-1,0
0.03446,3,0,DONE,4194304,4194304,4194304,3746315530,-1,0
0.03448,0,0,INJECTING,295079064,294985768,1386879564,188242843105,-1,0
0.03448,1,0,DONE,4194304,4194304,4194304,10097709621,-1,0
0.03448,2,0,DONE,4194304,4194304,4194304,9453642767,-1,0
0.03448,3,0,DONE,4194304,4194304,4194304,3746315530,-1,0
0.0345,0,0,INJECTING,295532216,295439872,1386879564,188242843105,-1,0
0.0345,1,0,DONE,4194304,4194304,4194304,10097709621,-1,0
0.0345,2,0,DONE,4194304,4194304,4194304,9453642767,-1,0
0.0345,3,0,DONE,4194304,4194304,4194304,3746315530,-1,0
0.03452,0,0,INJECTING,295985368,295893024,1386879564,188242843105,-1,0
0.03452,1,0,DONE,4194304,4194304,4194304,10097709621,-1,0
0.03452,2,0,DONE,4194304,4194304,4194304,9453642767,-1,0
0.03452,3,0,DONE,4194304,4194304,4194304,3746315530,-1,0
0.03454,0,0,INJECTING,296438520,296346176,1386879564,188242843105,-1,0
0.03454,1,0,DONE,4194304,4194304,4194304,10097709621,-1,0
0.03454,2,0,DONE,4194304,4194304,4194304,9453642767,-1,0
0.03454,3,0,DONE,4194304,4194304,4194304,3746315530,-1,0
0.03456,0,0,INJECTING,296891672,296799328,1386879564,188242843105,-1,0
0.03456,1,0,DONE,4194304,4194304,4194304,10097709621,-1,0
0.03456,2,0,DONE,4194304,4194304,4194304,9453642767,-1,0
0.03456,3,0,DONE,4194304,4194304,4194304,3746315530,-1,0
0.03458,0,0,INJECTING,297345776,297252480,1386879564,188242843105,-1,0
0.03458,1,0,DONE,4194304,4194304,4194304,10097709621,-1,0
0.03458,2,0,DONE,4194304,4194304,4194304,9453642767,-1,0
0.03458,3,0,DONE,4194304,4194304,4194304,3746315530,-1,0
0.0346,0,0,INJECTING,297798928,297706584,1386879564,188242843105,-1,0
0.0346,1,0,DONE,4194304,4194304,4194304,10097709621,-1,0
0.0346,2,0,DONE,4194304,4194304,4194304,9453642767,-1,0
0.0346,3,0,DONE,4194304,4194304,4194304,3746315530,-1,0
0.03462,0,0,INJECTING,298252080,298159736,1386879564,188242843105,-1,0
0.03462,1,0,DONE,4194304,4194304,4194304,10097709621,-1,0
0.03462,2,0,DONE,4194304,4194304,4194304,9453642767,-1,0
0.03462,3,0,DONE,4194304,4194304,4194304,3746315530,-1,0
0.03464,0,0,INJECTING,298705232,298612888,1386879564,188242843105,-1,0
0.03464,1,0,DONE,4194304,4194304,4194304,10097709621,-1,0
0.03464,2,0,DONE,4194304,4194304,4194304,9453642767,-1,0
0.03464,3,0,DONE,4194304,4194304,4194304,3746315530,-1,0
0.03466,0,0,INJECTING,299158384,299066040,1386879564,188242843105,-1,0
0.03466,1,0,DONE,4194304,4194304,4194304,10097709621,-1,0
0.03466,2,0,DONE,4194304,4194304,4194304,9453642767,-1,0
0.03466,3,0,DONE,4194304,4194304,4194304,3746315530,-1,0
0.03468,0,0,INJECTING,299612488,299519192,1386879564,188242843105,-1,0
0.03468,1,0,DONE,4194304,4194304,4194304,10097709621,-1,0
0.03468,2,0,DONE,4194304,4194304,4194304,9453642767,-1,0
0.03468,3,0,DONE,4194304,4194304,4194304,3746315530,-1,0
0.0347,0,0,INJECTING,300065640,299973296,1386879564,188242843105,-1,0
0.0347,1,0,DONE,4194304,4194304,4194304,10097709621,-1,0
0.0347,2,0,DONE,4194304,4194304,4194304,9453642767,-1,0
0.0347,3,0,DONE,4194304,4194304,4194304,3746315530,-1,0
0.03472,0,0,INJECTING,300518792,300426448,1386879564,188242843105,-1,0
0.03472,1,0,DONE,4194304,4194304,4194304,10097709621,-1,0
0.03472,2,0,DONE,4194304,4194304,4194304,9453642767,-1,0
0.03472,3,0,DONE,4194304,4194304,4194304,3746315530,-1,0
0.03474,0,0,INJECTING,300971944,300879600,1386879564,188242843105,-1,0
0.03474,1,0,DONE,4194304,4194304,4194304,10097709621,-1,0
0.03474,2,0,DONE,4194304,4194304,4194304,9453642767,-1,0
0.03474,3,0,DONE,4194304,4194304,4194304,3746315530,-1,0
0.03476,0,0,INJECTING,301425096,301332752,1386879564,188242843105,-1,0
0.03476,1,0,DONE,4194304,4194304,4194304,10097709621,-1,0
0.03476,2,0,DONE,4194304,4194304,4194304,9453642767,-1,0
0.03476,3,0,DONE,4194304,4194304,4194304,3746315530,-1,0
0.03478,0,0,INJECTING,301879200,301785904,1386879564,188242843105,-1,0
0.03478,1,0,DONE,4194304,4194304,4194304,10097709621,-1,0
0.03478,2,0,DONE,4194304,4194304,4194304,9453642767,-1,0
0.03478,3,0,DONE,4194304,4194304,4194304,3746315530,-1,0
0.0348,0,0,INJECTING,302332352,302239056,1386879564,188242843105,-1,0
0.0348,1,0,DONE,4194304,4194304,4194304,10097709621,-1,0
0.0348,2,0,DONE,4194304,4194304,4194304,9453642767,-1,0
0.0348,3,0,DONE,4194304,4194304,4194304,3746315530,-1,0
0.03482,0,0,INJECTING,302785504,302693160,1386879564,188242843105,-1,0
0.03482,1,0,DONE,4194304,4194304,4194304,10097709621,-1,0
0.03482,2,0,DONE,4194304,4194304,4194304,9453642767,-1,0
0.03482,3,0,DONE,4194304,4194304,4194304,3746315530,-1,0
0.03484,0,0,INJECTING,303238656,303146312,1386879564,188242843105,-1,0
0.03484,1,0,DONE,4194304,4194304,4194304,10097709621,-1,0
0.03484,2,0,DONE,4194304,4194304,4194304,9453642767,-1,0
0.03484,3,0,DONE,4194304,4194304,4194304,3746315530,-1,0
0.03486,0,0,INJECTING,303691808,303599464,1386879564,188242843105,-1,0
0.03486,1,0,DONE,4194304,4194304,4194304,10097709621,-1,0
0.03486,2,0,DONE,4194304,4194304,4194304,9453642767,-1,0
0.03486,3,0,DONE,4194304,4194304,4194304,3746315530,-1,0
0.03488,0,0,INJECTING,304144960,304052616,1386879564,188242843105,-1,0
0.03488,1,0,DONE,4194304,4194304,4194304,10097709621,-1,0
0.03488,2,0,DONE,4194304,4194304,4194304,9453642767,-1,0
0.03488,3,0,DONE,4194304,4194304,4194304,3746315530,-1,0
0.0349,0,0,INJECTING,304599064,304505768,1386879564,188242843105,-1,0
0.0349,1,0,DONE,4194304,4194304,4194304,10097709621,-1,0
0.0349,2,0,DONE,4194304,4194304,4194304,9453642767,-1,0
0.0349,3,0,DONE,4194304,4194304,4194304,3746315530,-1,0
0.03492,0,0,INJECTING,305052216,304959872,1386879564,188242843105,-1,0
0.03492,1,0,DONE,4194304,4194304,4194304,10097709621,-1,0
0.03492,2,0,DONE,4194304,4194304,4194304,9453642767,-1,0
0.03492,3,0,DONE,4194304,4194304,4194304,3746315530,-1,0
0.03494,0,0,INJECTING,305505368,305413024,1386879564,188242843105,-1,0
0.03494,1,0,DONE,4194304,4194304,4194304,10097709621,-1,0
0.03494,2,0,DONE,4194304,4194304,4194304,9453642767,-1,0
0.03494,3,0,DONE,4194304,4194304,4194304,3746315530,-1,0
0.03496,0,0,INJECTING,305958520,305866176,1386879564,188242843105,-1,0
0.03496,1,0,DONE,4194304,4194304,4194304,10097709621,-1,0
0.03496,2,0,DONE,4194304,4194304,4194304,9453642767,-1,0
0.03496,3,0,DONE,4194304,4194304,4194304,3746315530,-1,0
0.03498,0,0,INJECTING,306411672,306319328,1386879564,188242843105,-1,0
0.03498,1,0,DONE,4194304,4194304,4194304,10097709621,-1,0
0.03498,2,0,DONE,4194304,4194304,4194304,9453642767,-1,0
0.03498,3,0,DONE,4194304,4194304,4194304,3746315530,-1,0
0.035,0,0,INJECTING,306865776,306772480,1386879564,188242843105,-1,0
0.035,1,0,DONE,4194304,4194304,4194304,10097709621,-1,0
0.035,2,0,DONE,4194304,4194304,4194304,9453642767,-1,0
0.035,3,0,DONE,4194304,4194304,4194304,3746315530,-1,0
0.03502,0,0,INJECTING,307318928,307226584,1386879564,188242843105,-1,0
0.03502,1,0,DONE,4194304,4194304,4194304,10097709621,-1,0
0.03502,2,0,DONE,4194304,4194304,4194304,9453642767,-1,0
0.03502,3,0,DONE,4194304,4194304,4194304,3746315530,-1,0
0.03504,0,0,INJECTING,307772080,307679736,1386879564,188242843105,-1,0
0.03504,1,0,DONE,4194304,4194304,4194304,10097709621,-1,0
0.03504,2,0,DONE,4194304,4194304,4194304,9453642767,-1,0
0.03504,3,0,DONE,4194304,4194304,4194304,3746315530,-1,0
0.03506,0,0,INJECTING,308225232,308132888,1386879564,188242843105,-1,0
0.03506,1,0,DONE,4194304,4194304,4194304,10097709621,-1,0
0.03506,2,0,DONE,4194304,4194304,4194304,9453642767,-1,0
0.03506,3,0,DONE,4194304,4194304,4194304,3746315530,-1,0
0.03508,0,0,INJECTING,308678384,308586040,1386879564,188242843105,-1,0
0.03508,1,0,DONE,4194304,4194304,4194304,10097709621,-1,0
0.03508,2,0,DONE,4194304,4194304,4194304,9453642767,-1,0
0.03508,3,0,DONE,4194304,4194304,4194304,3746315530,-1,0
0.0351,0,0,INJECTING,309132488,309039192,1386879564,188242843105,-1,0
0.0351,1,0,DONE,4194304,4194304,4194304,10097709621,-1,0
0.0351,2,0,DONE,4194304,4194304,4194304,9453642767,-1,0
0.0351,3,0,DONE,4194304,4194304,4194304,3746315530,-1,0
0.03512,0,0,INJECTING,309585640,309493296,1386879564,188242843105,-1,0
0.03512,1,0,DONE,4194304,4194304,4194304,10097709621,-1,0
0.03512,2,0,DONE,4194304,4194304,4194304,9453642767,-1,0
0.03512,3,0,DONE,4194304,4194304,4194304,3746315530,-1,0
0.03514,0,0,INJECTING,310038792,309946448,1386879564,188242843105,-1,0
0.03514,1,0,DONE,4194304,4194304,4194304,10097709621,-1,0
0.03514,2,0,DONE,4194304,4194304,4194304,9453642767,-1,0
0.03514,3,0,DONE,4194304,4194304,4194304,3746315530,-1,0
0.03516,0,0,INJECTING,310491944,310399600,1386879564,188242843105,-1,0
0.03516,1,0,DONE,4194304,4194304,4194304,10097709621,-1,0
0.03516,2,0,DONE,4194304,4194304,4194304,9453642767,-1,0
0.03516,3,0,DONE,4194304,4194304,4194304,3746315530,-1,0
0.03518,0,0,INJECTING,310945096,310852752,1386879564,188242843105,-1,0
0.03518,1,0,DONE,4194304,4194304,4194304,10097709621,-1,0
0.03518,2,0,DONE,4194304,4194304,4194304,9453642767,-1,0
0.03518,3,0,DONE,4194304,4194304,4194304,3746315530,-1,0
0.0352,0,0,INJECTING,311399200,311305904,1386879564,188242843105,-1,0
0.0352,1,0,DONE,4194304,4194304,4194304,10097709621,-1,0
0.0352,2,0,DONE,4194304,4194304,4194304,9453642767,-1,0
0.0352,3,0,DONE,4194304,4194304,4194304,3746315530,-1,0
0.03522,0,0,INJECTING,311852352,311759056,1386879564,188242843105,-1,0
0.03522,1,0,DONE,4194304,4194304,4194304,10097709621,-1,0
0.03522,2,0,DONE,4194304,4194304,4194304,9453642767,-1,0
0.03522,3,0,DONE,4194304,4194304,4194304,3746315530,-1,0
0.03524,0,0,INJECTING,312305504,312213160,1386879564,188242843105,-1,0
0.03524,1,0,DONE,4194304,4194304,4194304,10097709621,-1,0
0.03524,2,0,DONE,4194304,4194304,4194304,9453642767,-1,0
0.03524,3,0,DONE,4194304,4194304,4194304,3746315530,-1,0
0.03526,0,0,INJECTING,312758656,312666312,1386879564,188242843105,-1,0
0.03526,1,0,DONE,4194304,4194304,4194304,10097709621,-1,0
0.03526,2,0,DONE,4194304,4194304,4194304,9453642767,-1,0
0.03526,3,0,DONE,4194304,4194304,4194304,3746315530,-1,0
0.03528,0,0,INJECTING,313211808,313119464,1386879564,188242843105,-1,0
0.03528,1,0,DONE,4194304,4194304,4194304,10097709621,-1,0
0.03528,2,0,DONE,4194304,4194304,4194304,9453642767,-1,0
0.03528,3,0,DONE,4194304,4194304,4194304,3746315530,-1,0
0.0353,0,0,INJECTING,313664960,313572616,1386879564,188242843105,-1,0
0.0353,1,0,DONE,4194304,4194304,4194304,10097709621,-1,0
0.0353,2,0,DONE,4194304,4194304,4194304,9453642767,-1,0
0.0353,3,0,DONE,4194304,4194304,4194304,3746315530,-1,0
0.03532,0,0,INJECTING,314119064,314025768,1386879564,188242843105,-1,0
0.03532,1,0,DONE,4194304,4194304,4194304,10097709621,-1,0
0.03532,2,0,DONE,4194304,4194304,4194304,9453642767,-1,0
0.03532,3,0,DONE,4194304,4194304,4194304,3746315530,-1,0
0.03534,0,0,INJECTING,314572216,314479872,1386879564,188242843105,-1,0
0.03534,1,0,DONE,4194304,4194304,4194304,10097709621,-1,0
0.03534,2,0,DONE,4194304,4194304,4194304,9453642767,-1,0
0.03534,3,0,DONE,4194304,4194304,4194304,3746315530,-1,0
0.03536,0,0,INJECTING,315025368,314933024,1386879564,188242843105,-1,0
0.03536,1,0,DONE,4194304,4194304,4194304,10097709621,-1,0
0.03536,2,0,DONE,4194304,4194304,4194304,9453642767,-1,0
0.03536,3,0,DONE,4194304,4194304,4194304,3746315530,-1,0
0.03538,0,0,INJECTING,315478520,315386176,1386879564,188242843105,-1,0
0.03538,1,0,DONE,4194304,4194304,4194304,10097709621,-1,0
0.03538,2,0,DONE,4194304,4194304,4194304,9453642767,-1,0
0.03538,3,0,DONE,4194304,4194304,4194304,3746315530,-1,0
0.0354,0,0,INJECTING,315931672,315839328,1386879564,188242843105,-1,0
0.0354,1,0,DONE,4194304,4194304,4194304,10097709621,-1,0
0.0354,2,0,DONE,4194304,4194304,4194304,9453642767,-1,0
0.0354,3,0,DONE,4194304,4194304,4194304,3746315530,-1,0
0.03542,0,0,INJECTING,316385776,316292480,1386879564,188242843105,-1,0
0.03542,1,0,DONE,4194304,4194304,4194304,10097709621,-1,0
0.03542,2,0,DONE,4194304,4194304,4194304,9453642767,-1,0
0.03542,3,0,DONE,4194304,4194304,4194304,3746315530,-1,0
0.03544,0,0,INJECTING,316838928,316746584,1386879564,188242843105,-1,0
0.03544,1,0,DONE,4194304,4194304,4194304,10097709621,-1,0
0.03544,2,0,DONE,4194304,4194304,4194304,9453642767,-1,0
0.03544,3,0,DONE,4194304,4194304,4194304,3746315530,-1,0
0.03546,0,0,INJECTING,317292080,317199736,1386879564,188242843105,-1,0
0.03546,1,0,DONE,4194304,4194304,4194304,10097709621,-1,0
0.03546,2,0,DONE,4194304,4194304,4194304,9453642767,-1,0
0.03546,3,0,DONE,4194304,4194304,4194304,3746315530,-1,0
0.03548,0,0,INJECTING,317745232,317652888,1386879564,188242843105,-1,0
0.03548,1,0,DONE,4194304,4194304,4194304,10097709621,-1,0
0.03548,2,0,DONE,4194304,4194304,4194304,9453642767,-1,0
0.03548,3,0,DONE,4194304,4194304,4194304,3746315530,-1,0
0.0355,0,0,INJECTING,318198384,318106040,1386879564,188242843105,-1,0
0.0355,1,0,DONE,4194304,4194304,4194304,10097709621,-1,0
0.0355,2,0,DONE,4194304,4194304,4194304,9453642767,-1,0
0.0355,3,0,DONE,4194304,4194304,4194304,3746315530,-1,0
0.03552,0,0,INJECTING,318652488,318559192,1386879564,188242843105,-1,0
0.03552,1,0,DONE,4194304,4194304,4194304,10097709621,-1,0
0.03552,2,0,DONE,4194304,4194304,4194304,9453642767,-1,0
0.03552,3,0,DONE,4194304,4194304,4194304,3746315530,-1,0
0.03554,0,0,INJECTING,319105640,319013296,1386879564,188242843105,-1,0
0.03554,1,0,DONE,4194304,4194304,4194304,10097709621,-1,0
0.03554,2,0,DONE,4194304,4194304,4194304,9453642767,-1,0
0.03554,3,0,DONE,4194304,4194304,4194304,3746315530,-1,0
0.03556,0,0,INJECTING,319558792,319466448,1386879564,188242843105,-1,0
0.03556,1,0,DONE,4194304,4194304,4194304,10097709621,-1,0
0.03556,2,0,DONE,4194304,4194304,4194304,9453642767,-1,0
0.03556,3,0,DONE,4194304,4194304,4194304,3746315530,-1,0
0.03558,0,0,INJECTING,320011944,319919600,1386879564,188242843105,-1,0
0.03558,1,0,DONE,4194304,4194304,4194304,10097709621,-1,0
0.03558,2,0,DONE,4194304,4194304,4194304,9453642767,-1,0
0.03558,3,0,DONE,4194304,4194304,4194304,3746315530,-1,0
0.0356,0,0,INJECTING,320465096,320372752,1386879564,188242843105,-1,0
0.0356,1,0,DONE,4194304,4194304,4194304,10097709621,-1,0
0.0356,2,0,DONE,4194304,4194304,4194304,9453642767,-1,0
0.0356,3,0,DONE,4194304,4194304,4194304,3746315530,-1,0
0.03562,0,0,INJECTING,320919200,320825904,1386879564,188242843105,-1,0
0.03562,1,0,DONE,4194304,4194304,4194304,10097709621,-1,0
0.03562,2,0,DONE,4194304,4194304,4194304,9453642767,-1,0
0.03562,3,0,DONE,4194304,4194304,4194304,3746315530,-1,0
0.03564,0,0,INJECTING,321372352,321279056,1386879564,188242843105,-1,0
0.03564,1,0,DONE,4194304,4194304,4194304,10097709621,-1,0
0.03564,2,0,DONE,4194304,4194304,4194304,9453642767,-1,0
0.03564,3,0,DONE,4194304,4194304,4194304,3746315530,-1,0
0.03566,0,0,INJECTING,321825504,321733160,1386879564,188242843105,-1,0
0.03566,1,0,DONE,4194304,4194304,4194304,10097709621,-1,0
0.03566,2,0,DONE,4194304,4194304,4194304,9453642767,-1,0
0.03566,3,0,DONE,4194304,4194304,4194304,3746315530,-1,0
0.03568,0,0,INJECTING,322278656,322186312,1386879564,188242843105,-1,0
0.03568,1,0,DONE,4194304,4194304,4194304,10097709621,-1,0
0.03568,2,0,DONE,4194304,4194304,4194304,9453642767,-1,0
0.03568,3,0,DONE,4194304,4194304,4194304,3746315530,-1,0
0.0357,0,0,INJECTING,322731808,322639464,1386879564,188242843105,-1,0
0.0357,1,0,DONE,4194304,4194304,4194304,10097709621,-1,0
0.0357,2,0,DONE,4194304,4194304,4194304,9453642767,-1,0
0.0357,3,0,DONE,4194304,4194304,4194304,3746315530,-1,0
0.03572,0,0,INJECTING,323184960,323092616,1386879564,188242843105,-1,0
0.03572,1,0,DONE,4194304,4194304,4194304,10097709621,-1,0
0.03572,2,0,DONE,4194304,4194304,4194304,9453642767,-1,0
0.03572,3,0,DONE,4194304,4194304,4194304,3746315530,-1,0
0.03574,0,0,INJECTING,323639064,323545768,1386879564,188242843105,-1,0
0.03574,1,0,DONE,4194304,4194304,4194304,10097709621,-1,0
0.03574,2,0,DONE,4194304,4194304,4194304,9453642767,-1,0
0.03574,3,0,DONE,4194304,4194304,4194304,3746315530,-1,0
0.03576,0,0,INJECTING,324092216,323999872,1386879564,188242843105,-1,0
0.03576,1,0,DONE,4194304,4194304,4194304,10097709621,-1,0
0.03576,2,0,DONE,4194304,4194304,4194304,9453642767,-1,0
0.03576,3,0,DONE,4194304,4194304,4194304,3746315530,-1,0
0.03578,0,0,INJECTING,324545368,324453024,1386879564,188242843105,-1,0
0.03578,1,0,DONE,4194304,4194304,4194304,10097709621,-1,0
0.03578,2,0,DONE,4194304,4194304,4194304,9453642767,-1,0
0.03578,3,0,DONE,4194304,4194304,4194304,3746315530,-1,0
0.0358,0,0,INJECTING,324998520,324906176,1386879564,188242843105,-1,0
0.0358,1,0,DONE,4194304,4194304,4194304,10097709621,-1,0
0.0358,2,0,DONE,4194304,4194304,4194304,9453642767,-1,0
0.0358,3,0,DONE,4194304,4194304,4194304,3746315530,-1,0
0.03582,0,0,INJECTING,325451672,325359328,1386879564,188242843105,-1,0
0.03582,1,0,DONE,4194304,4194304,4194304,10097709621,-1,0
0.03582,2,0,DONE,4194304,4194304,4194304,9453642767,-1,0
0.03582,3,0,DONE,4194304,4194304,4194304,3746315530,-1,0
0.03584,0,0,INJECTING,325905776,325812480,1386879564,188242843105,-1,0
0.03584,1,0,DONE,4194304,4194304,4194304,10097709621,-1,0
0.03584,2,0,DONE,4194304,4194304,4194304,9453642767,-1,0
0.03584,3,0,DONE,4194304,4194304,4194304,3746315530,-1,0
0.03586,0,0,INJECTING,326358928,326266584,1386879564,188242843105,-1,0
0.03586,1,0,DONE,4194304,4194304,4194304,10097709621,-1,0
0.03586,2,0,DONE,4194304,4194304,4194304,9453642767,-1,0
0.03586,3,0,DONE,4194304,4194304,4194304,3746315530,-1,0
0.03588,0,0,INJECTING,326812080,326719736,1386879564,188242843105,-1,0
0.03588,1,0,DONE,4194304,4194304,4194304,10097709621,-1,0
0.03588,2,0,DONE,4194304,4194304,4194304,9453642767,-1,0
0.03588,3,0,DONE,4194304,4194304,4194304,3746315530,-1,0
0.0359,0,0,INJECTING,327265232,327172888,1386879564,188242843105,-1,0
0.0359,1,0,DONE,4194304,4194304,4194304,10097709621,-1,0
0.0359,2,0,DONE,4194304,4194304,4194304,9453642767,-1,0
0.0359,3,0,DONE,4194304,4194304,4194304,3746315530,-1,0
0.03592,0,0,INJECTING,327718384,327626040,1386879564,188242843105,-1,0
0.03592,1,0,DONE,4194304,4194304,4194304,10097709621,-1,0
0.03592,2,0,DONE,4194304,4194304,4194304,9453642767,-1,0
0.03592,3,0,DONE,4194304,4194304,4194304,3746315530,-1,0
0.03594,0,0,INJECTING,328172488,328079192,1386879564,188242843105,-1,0
0.03594,1,0,DONE,4194304,4194304,4194304,10097709621,-1,0
0.03594,2,0,DONE,4194304,4194304,4194304,9453642767,-1,0
0.03594,3,0,DONE,4194304,4194304,4194304,3746315530,-1,0
0.03596,0,0,INJECTING,328625640,328533296,1386879564,188242843105,-1,0
0.03596,1,0,DONE,4194304,4194304,4194304,10097709621,-1,0
0.03596,2,0,DONE,4194304,4194304,4194304,9453642767,-1,0
0.03596,3,0,DONE,4194304,4194304,4194304,3746315530,-1,0
0.03598,0,0,INJECTING,329078792,328986448,1386879564,188242843105,-1,0
0.03598,1,0,DONE,4194304,4194304,4194304,10097709621,-1,0
0.03598,2,0,DONE,4194304,4194304,4194304,9453642767,-1,0
0.03598,3,0,DONE,4194304,4194304,4194304,3746315530,-1,0
0.036,0,0,INJECTING,329531944,329439600,1386879564,188242843105,-1,0
0.036,1,0,DONE,4194304,4194304,4194304,10097709621,-1,0
0.036,2,0,DONE,4194304,4194304,4194304,9453642767,-1,0
0.036,3,0,DONE,4194304,4194304,4194304,3746315530,-1,0
0.03602,0,0,INJECTING,329985096,329892752,1386879564,188242843105,-1,0
0.03602,1,0,DONE,4194304,4194304,4194304,10097709621,-1,0
0.03602,2,0,DONE,4194304,4194304,4194304,9453642767,-1,0
0.03602,3,0,DONE,4194304,4194304,4194304,3746315530,-1,0
0.03604,0,0,INJECTING,330439200,330345904,1386879564,188242843105,-1,0
0.03604,1,0,DONE,4194304,4194304,4194304,10097709621,-1,0
0.03604,2,0,DONE,4194304,4194304,4194304,9453642767,-1,0
0.03604,3,0,DONE,4194304,4194304,4194304,3746315530,-1,0
0.03606,0,0,INJECTING,330892352,330799056,1386879564,188242843105,-1,0
0.03606,1,0,DONE,4194304,4194304,4194304,10097709621,-1,0
0.03606,2,0,DONE,4194304,4194304,4194304,9453642767,-1,0
0.03606,3,0,DONE,4194304,4194304,4194304,3746315530,-1,0
0.03608,0,0,INJECTING,331345504,331253160,1386879564,188242843105,-1,0
0.03608,1,0,DONE,4194304,4194304,4194304,10097709621,-1,0
0.03608,2,0,DONE,4194304,4194304,4194304,9453642767,-1,0
0.03608,3,0,DONE,4194304,4194304,4194304,3746315530,-1,0
0.0361,0,0,INJECTING,331798656,331706312,1386879564,188242843105,-1,0
0.0361,1,0,DONE,4194304,4194304,4194304,10097709621,-1,0
0.0361,2,0,DONE,4194304,4194304,4194304,9453642767,-1,0
0.0361,3,0,DONE,4194304,4194304,4194304,3746315530,-1,0
0.03612,0,0,INJECTING,332251808,332159464,1386879564,188242843105,-1,0
0.03612,1,0,DONE,4194304,4194304,4194304,10097709621,-1,0
0.03612,2,0,DONE,4194304,4194304,4194304,9453642767,-1,0
0.03612,3,0,DONE,4194304,4194304,4194304,3746315530,-1,0
0.03614,0,0,INJECTING,332704960,332612616,1386879564,188242843105,-1,0
0.03614,1,0,DONE,4194304,4194304,4194304,10097709621,-1,0
0.03614,2,0,DONE,4194304,4194304,4194304,9453642767,-1,0
0.03614,3,0,DONE,4194304,4194304,4194304,3746315530,-1,0
0.03616,0,0,INJECTING,333159064,333065768,1386879564,188242843105,-1,0
0.03616,1,0,DONE,4194304,4194304,4194304,10097709621,-1,0
0.03616,2,0,DONE,4194304,4194304,4194304,9453642767,-1,0
0.03616,3,0,DONE,4194304,4194304,4194304,3746315530,-1,0
0.03618,0,0,INJECTING,333612216,333519872,1386879564,188242843105,-1,0
0.03618,1,0,DONE,4194304,4194304,4194304,10097709621,-1,0
0.03618,2,0,DONE,4194304,4194304,4194304,9453642767,-1,0
0.03618,3,0,DONE,4194304,4194304,4194304,3746315530,-1,0
0.0362,0,0,INJECTING,334065368,333973024,1386879564,188242843105,-1,0
0.0362,1,0,DONE,4194304,4194304,4194304,10097709621,-1,0
0.0362,2,0,DONE,4194304,4194304,4194304,9453642767,-1,0
0.0362,3,0,DONE,4194304,4194304,4194304,3746315530,-1,0
0.03622,0,0,INJECTING,334518520,334426176,1386879564,188242843105,-1,0
0.03622,1,0,DONE,4194304,4194304,4194304,10097709621,-1,0
0.03622,2,0,DONE,4194304,4194304,4194304,9453642767,-1,0
0.03622,3,0,DONE,4194304,4194304,4194304,3746315530,-1,0
0.03624,0,0,INJECTING,334971672,334879328,1386879564,188242843105,-1,0
0.03624,1,0,DONE,4194304,4194304,4194304,10097709621,-1,0
0.03624,2,0,DONE,4194304,4194304,4194304,9453642767,-1,0
0.03624,3,0,DONE,4194304,4194304,4194304,3746315530,-1,0
0.03626,0,0,INJECTING,335425776,335332480,1386879564,188242843105,-1,0
0.03626,1,0,DONE,4194304,4194304,4194304,10097709621,-1,0
0.03626,2,0,DONE,4194304,4194304,4194304,9453642767,-1,0
0.03626,3,0,DONE,4194304,4194304,4194304,3746315530,-1,0
0.03628,0,0,INJECTING,335878928,335786584,1386879564,188242843105,-1,0
0.03628,1,0,DONE,4194304,4194304,4194304,10097709621,-1,0
0.03628,2,0,DONE,4194304,4194304,4194304,9453642767,-1,0
0.03628,3,0,DONE,4194304,4194304,4194304,3746315530,-1,0
0.0363,0,0,INJECTING,336332080,336239736,1386879564,188242843105,-1,0
0.0363,1,0,DONE,4194304,4194304,4194304,10097709621,-1,0
0.0363,2,0,DONE,4194304,4194304,4194304,9453642767,-1,0
0.0363,3,0,DONE,4194304,4194304,4194304,3746315530,-1,0
0.03632,0,0,INJECTING,336785232,336692888,1386879564,188242843105,-1,0
0.03632,1,0,DONE,4194304,4194304,4194304,10097709621,-1,0
0.03632,2,0,DONE,4194304,4194304,4194304,9453642767,-1,0
0.03632,3,0,DONE,4194304,4194304,4194304,3746315530,-1,0
0.03634,0,0,INJECTING,337238384,337146040,1386879564,188242843105,-1,0
0.03634,1,0,DONE,4194304,4194304,4194304,10097709621,-1,0
0.03634,2,0,DONE,4194304,4194304,4194304,9453642767,-1,0
0.03634,3,0,DONE,4194304,4194304,4194304,3746315530,-1,0
0.03636,0,0,INJECTING,337692488,337599192,1386879564,188242843105,-1,0
0.03636,1,0,DONE,4194304,4194304,4194304,10097709621,-1,0
0.03636,2,0,DONE,4194304,4194304,4194304,9453642767,-1,0
0.03636,3,0,DONE,4194304,4194304,4194304,3746315530,-1,0
0.03638,0,0,INJECTING,338145640,338053296,1386879564,188242843105,-1,0
0.03638,1,0,DONE,4194304,4194304,4194304,10097709621,-1,0
0.03638,2,0,DONE,4194304,4194304,4194304,9453642767,-1,0
0.03638,3,0,DONE,4194304,4194304,4194304,3746315530,-1,0
0.0364,0,0,INJECTING,338598792,338506448,1386879564,188242843105,-1,0
0.0364,1,0,DONE,4194304,4194304,4194304,10097709621,-1,0
0.0364,2,0,DONE,4194304,4194304,4194304,9453642767,-1,0
0.0364,3,0,DONE,4194304,4194304,4194304,3746315530,-1,0
0.03642,0,0,INJECTING,339051944,338959600,1386879564,188242843105,-1,0
0.03642,1,0,DONE,4194304,4194304,4194304,10097709621,-1,0
0.03642,2,0,DONE,4194304,4194304,4194304,9453642767,-1,0
0.03642,3,0,DONE,4194304,4194304,4194304,3746315530,-1,0
0.03644,0,0,INJECTING,339505096,339412752,1386879564,188242843105,-1,0
0.03644,1,0,DONE,4194304,4194304,4194304,10097709621,-1,0
0.03644,2,0,DONE,4194304,4194304,4194304,9453642767,-1,0
0.03644,3,0,DONE,4194304,4194304,4194304,3746315530,-1,0
0.03646,0,0,INJECTING,339959200,339865904,1386879564,188242843105,-1,0
0.03646,1,0,DONE,4194304,4194304,4194304,10097709621,-1,0
0.03646,2,0,DONE,4194304,4194304,4194304,9453642767,-1,0
0.03646,3,0,DONE,4194304,4194304,4194304,3746315530,-1,0
0.03648,0,0,INJECTING,340412352,340319056,1386879564,188242843105,-1,0
0.03648,1,0,DONE,4194304,4194304,4194304,10097709621,-1,0
0.03648,2,0,DONE,4194304,4194304,4194304,9453642767,-1,0
0.03648,3,0,DONE,4194304,4194304,4194304,3746315530,-1,0
0.0365,0,0,INJECTING,340865504,340773160,1386879564,188242843105,-1,0
0.0365,1,0,DONE,4194304,4194304,4194304,10097709621,-1,0
0.0365,2,0,DONE,4194304,4194304,4194304,9453642767,-1,0
0.0365,3,0,DONE,4194304,4194304,4194304,3746315530,-1,0
0.03652,0,0,INJECTING,341318656,341226312,1386879564,188242843105,-1,0
0.03652,1,0,DONE,4194304,4194304,4194304,10097709621,-1,0
0.03652,2,0,DONE,4194304,4194304,4194304,9453642767,-1,0
0.03652,3,0,DONE,4194304,4194304,4194304,3746315530,-1,0
0.03654,0,0,INJECTING,341771808,341679464,1386879564,188242843105,-1,0
0.03654,1,0,DONE,4194304,4194304,4194304,10097709621,-1,0
0.03654,2,0,DONE,4194304,4194304,4194304,9453642767,-1,0
0.03654,3,0,DONE,4194304,4194304,4194304,3746315530,-1,0
0.03656,0,0,INJECTING,342224960,342132616,1386879564,188242843105,-1,0
0.03656,1,0,DONE,4194304,4194304,4194304,10097709621,-1,0
0.03656,2,0,DONE,4194304,4194304,4194304,9453642767,-1,0
0.03656,3,0,DONE,4194304,4194304,4194304,3746315530,-1,0
0.03658,0,0,INJECTING,342679064,342585768,1386879564,188242843105,-1,0
0.03658,1,0,DONE,4194304,4194304,4194304,10097709621,-1,0
0.03658,2,0,DONE,4194304,4194304,4194304,9453642767,-1,0
0.03658,3,0,DONE,4194304,4194304,4194304,3746315530,-1,0
0.0366,0,0,INJECTING,343132216,343039872,1386879564,188242843105,-1,0
0.0366,1,0,DONE,4194304,4194304,4194304,10097709621,-1,0
0.0366,2,0,DONE,4194304,4194304,4194304,9453642767,-1,0
0.0366,3,0,DONE,4194304,4194304,4194304,3746315530,-1,0
0.03662,0,0,INJECTING,343585368,343493024,1386879564,188242843105,-1,0
0.03662,1,0,DONE,4194304,4194304,4194304,10097709621,-1,0
0.03662,2,0,DONE,4194304,4194304,4194304,9453642767,-1,0
0.03662,3,0,DONE,4194304,4194304,4194304,3746315530,-1,0
0.03664,0,0,INJECTING,344038520,343946176,1386879564,188242843105,-1,0
0.03664,1,0,DONE,4194304,4194304,4194304,10097709621,-1,0
0.03664,2,0,DONE,4194304,4194304,4194304,9453642767,-1,0
0.03664,3,0,DONE,4194304,4194304,4194304,3746315530,-1,0
0.03666,0,0,INJECTING,344491672,344399328,1386879564,188242843105,-1,0
0.03666,1,0,DONE,4194304,4194304,4194304,10097709621,-1,0
0.03666,2,0,DONE,4194304,4194304,4194304,9453642767,-1,0
0.03666,3,0,DONE,4194304,4194304,4194304,3746315530,-1,0
0.03668,0,0,INJECTING,344945776,344852480,1386879564,188242843105,-1,0
0.03668,1,0,DONE,4194304,4194304,4194304,10097709621,-1,0
0.03668,2,0,DONE,4194304,4194304,4194304,9453642767,-1,0
0.03668,3,0,DONE,4194304,4194304,4194304,3746315530,-1,0
0.0367,0,0,INJECTING,345398928,345306584,1386879564,188242843105,-1,0
0.0367,1,0,DONE,4194304,4194304,4194304,10097709621,-1,0
0.0367,2,0,DONE,4194304,4194304,4194304,9453642767,-1,0
0.0367,3,0,DONE,4194304,4194304,4194304,3746315530,-1,0
0.03672,0,0,INJECTING,345852080,345759736,1386879564,188242843105,-1,0
0.03672,1,0,DONE,4194304,4194304,4194304,10097709621,-1,0
0.03672,2,0,DONE,4194304,4194304,4194304,9453642767,-1,0
0.03672,3,0,DONE,4194304,4194304,4194304,3746315530,-1,0
0.03674,0,0,INJECTING,346305232,346212888,1386879564,188242843105,-1,0
0.03674,1,0,DONE,4194304,4194304,4194304,10097709621,-1,0
0.03674,2,0,DONE,4194304,4194304,4194304,9453642767,-1,0
0.03674,3,0,DONE,4194304,4194304,4194304,3746315530,-1,0
0.03676,0,0,INJECTING,346758384,346666040,1386879564,188242843105,-1,0
0.03676,1,0,DONE,4194304,4194304,4194304,10097709621,-1,0
0.03676,2,0,DONE,4194304,4194304,4194304,9453642767,-1,0
0.03676,3,0,DONE,4194304,4194304,4194304,3746315530,-1,0
0.03678,0,0,INJECTING,347212488,347119192,1386879564,188242843105,-1,0
0.03678,1,0,DONE,4194304,4194304,4194304,10097709621,-1,0
0.03678,2,0,DONE,4194304,4194304,4194304,9453642767,-1,0
0.03678,3,0,DONE,4194304,4194304,4194304,3746315530,-1,0
0.0368,0,0,INJECTING,347665640,347573296,1386879564,188242843105,-1,0
0.0368,1,0,DONE,4194304,4194304,4194304,10097709621,-1,0
0.0368,2,0,DONE,4194304,4194304,4194304,9453642767,-1,0
0.0368,3,0,DONE,4194304,4194304,4194304,3746315530,-1,0
0.03682,0,0,INJECTING,348118792,348026448,1386879564,188242843105,-1,0
0.03682,1,0,DONE,4194304,4194304,4194304,10097709621,-1,0
0.03682,2,0,DONE,4194304,4194304,4194304,9453642767,-1,0
0.03682,3,0,DONE,4194304,4194304,4194304,3746315530,-1,0
0.03684,0,0,INJECTING,348571944,348479600,1386879564,188242843105,-1,0
0.03684,1,0,DONE,4194304,4194304,4194304,10097709621,-1,0
0.03684,2,0,DONE,4194304,4194304,4194304,9453642767,-1,0
0.03684,3,0,DONE,4194304,4194304,4194304,3746315530,-1,0
0.03686,0,0,INJECTING,349025096,348932752,1386879564,188242843105,-1,0
0.03686,1,0,DONE,4194304,4194304,4194304,10097709621,-1,0
0.03686,2,0,DONE,4194304,4194304,4194304,9453642767,-1,0
0.03686,3,0,DONE,4194304,4194304,4194304,3746315530,-1,0
0.03688,0,0,INJECTING,349479200,349385904,1386879564,188242843105,-1,0
0.03688,1,0,DONE,4194304,4194304,4194304,10097709621,-1,0
0.03688,2,0,DONE,4194304,4194304,4194304,9453642767,-1,0
0.03688,3,0,DONE,4194304,4194304,4194304,3746315530,-1,0
0.0369,0,0,INJECTING,349932352,349839056,1386879564,188242843105,-1,0
0.0369,1,0,DONE,4194304,4194304,4194304,10097709621,-1,0
0.0369,2,0,DONE,4194304,4194304,4194304,9453642767,-1,0
0.0369,3,0,DONE,4194304,4194304,4194304,3746315530,-1,0
0.03692,0,0,INJECTING,350385504,350293160,1386879564,188242843105,-1,0
0.03692,1,0,DONE,4194304,4194304,4194304,10097709621,-1,0
0.03692,2,0,DONE,4194304,4194304,4194304,9453642767,-1,0
0.03692,3,0,DONE,4194304,4194304,4194304,3746315530,-1,0
0.03694,0,0,INJECTING,350838656,350746312,1386879564,188242843105,-1,0
0.03694,1,0,DONE,4194304,4194304,4194304,10097709621,-1,0
0.03694,2,0,DONE,4194304,4194304,4194304,9453642767,-1,0
0.03694,3,0,DONE,4194304,4194304,4194304,3746315530,-1,0
0.03696,0,0,INJECTING,351291808,351199464,1386879564,188242843105,-1,0
0.03696,1,0,DONE,4194304,4194304,4194304,10097709621,-1,0
0.03696,2,0,DONE,4194304,4194304,4194304,9453642767,-1,0
0.03696,3,0,DONE,4194304,4194304,4194304,3746315530,-1,0
0.03698,0,0,INJECTING,351744960,351652616,1386879564,188242843105,-1,0
0.03698,1,0,DONE,4194304,4194304,4194304,10097709621,-1,0
0.03698,2,0,DONE,4194304,4194304,4194304,9453642767,-1,0
0.03698,3,0,DONE,4194304,4194304,4194304,3746315530,-1,0
0.037,0,0,INJECTING,352199064,352105768,1386879564,188242843105,-1,0
0.037,1,0,DONE,4194304,4194304,4194304,10097709621,-1,0
0.037,2,0,DONE,4194304,4194304,4194304,9453642767,-1,0
0.037,3,0,DONE,4194304,4194304,4194304,3746315530,-1,0
0.03702,0,0,INJECTING,352652216,352559872,1386879564,188242843105,-1,0
0.03702,1,0,DONE,4194304,4194304,4194304,10097709621,-1,0
0.03702,2,0,DONE,4194304,4194304,4194304,9453642767,-1,0
0.03702,3,0,DONE,4194304,4194304,4194304,3746315530,-1,0
0.03704,0,0,INJECTING,353105368,353013024,1386879564,188242843105,-1,0
0.03704,1,0,DONE,4194304,4194304,4194304,10097709621,-1,0
0.03704,2,0,DONE,4194304,4194304,4194304,9453642767,-1,0
0.03704,3,0,DONE,4194304,4194304,4194304,3746315530,-1,0
0.03706,0,0,INJECTING,353558520,353466176,1386879564,188242843105,-1,0
0.03706,1,0,DONE,4194304,4194304,4194304,10097709621,-1,0
0.03706,2,0,DONE,4194304,4194304,4194304,9453642767,-1,0
0.03706,3,0,DONE,4194304,4194304,4194304,3746315530,-1,0
0.03708,0,0,INJECTING,354011672,353919328,1386879564,188242843105,-1,0
0.03708,1,0,DONE,4194304,4194304,4194304,10097709621,-1,0
0.03708,2,0,DONE,4194304,4194304,4194304,9453642767,-1,0
0.03708,3,0,DONE,4194304,4194304,4194304,3746315530,-1,0
0.0371,0,0,INJECTING,354465776,354372480,1386879564,188242843105,-1,0
0.0371,1,0,DONE,4194304,4194304,4194304,10097709621,-1,0
0.0371,2,0,DONE,4194304,4194304,4194304,9453642767,-1,0
0.0371,3,0,DONE,4194304,4194304,4194304,3746315530,-1,0
0.03712,0,0,INJECTING,354918928,354826584,1386879564,188242843105,-1,0
0.03712,1,0,DONE,4194304,4194304,4194304,10097709621,-1,0
0.03712,2,0,DONE,4194304,4194304,4194304,9453642767,-1,0
0.03712,3,0,DONE,4194304,4194304,4194304,3746315530,-1,0
0.03714,0,0,INJECTING,355372080,355279736,1386879564,188242843105,-1,0
0.03714,1,0,DONE,4194304,4194304,4194304,10097709621,-1,0
0.03714,2,0,DONE,4194304,4194304,4194304,9453642767,-1,0
0.03714,3,0,DONE,4194304,4194304,4194304,3746315530,-1,0
0.03716,0,0,INJECTING,355825232,355732888,1386879564,188242843105,-1,0
0.03716,1,0,DONE,4194304,4194304,4194304,10097709621,-1,0
0.03716,2,0,DONE,4194304,4194304,4194304,9453642767,-1,0
0.03716,3,0,DONE,4194304,4194304,4194304,3746315530,-1,0
0.03718,0,0,INJECTING,356278384,356186040,1386879564,188242843105,-1,0
0.03718,1,0,DONE,4194304,4194304,4194304,10097709621,-1,0
0.03718,2,0,DONE,4194304,4194304,4194304,9453642767,-1,0
0.03718,3,0,DONE,4194304,4194304,4194304,3746315530,-1,0
0.0372,0,0,INJECTING,356732488,356639192,1386879564,188242843105,-1,0
0.0372,1,0,DONE,4194304,4194304,4194304,10097709621,-1,0
0.0372,2,0,DONE,4194304,4194304,4194304,9453642767,-1,0
0.0372,3,0,DONE,4194304,4194304,4194304,3746315530,-1,0
0.03722,0,0,INJECTING,357185640,357093296,1386879564,188242843105,-1,0
0.03722,1,0,DONE,4194304,4194304,4194304,10097709621,-1,0
0.03722,2,0,DONE,4194304,4194304,4194304,9453642767,-1,0
0.03722,3,0,DONE,4194304,4194304,4194304,3746315530,-1,0
0.03724,0,0,INJECTING,357638792,357546448,1386879564,188242843105,-1,0
0.03724,1,0,DONE,4194304,4194304,4194304,10097709621,-1,0
0.03724,2,0,DONE,4194304,4194304,4194304,9453642767,-1,0
0.03724,3,0,DONE,4194304,4194304,4194304,3746315530,-1,0
0.03726,0,0,INJECTING,358091944,357999600,1386879564,188242843105,-1,0
0.03726,1,0,DONE,4194304,4194304,4194304,10097709621,-1,0
0.03726,2,0,DONE,4194304,4194304,4194304,9453642767,-1,0
0.03726,3,0,DONE,4194304,4194304,4194304,3746315530,-1,0
0.03728,0,0,INJECTING,358545096,358452752,1386879564,188242843105,-1,0
0.03728,1,0,DONE,4194304,4194304,4194304,10097709621,-1,0
0.03728,2,0,DONE,4194304,4194304,4194304,9453642767,-1,0
0.03728,3,0,DONE,4194304,4194304,4194304,3746315530,-1,0
0.0373,0,0,INJECTING,358999200,358905904,1386879564,188242843105,-1,0
0.0373,1,0,DONE,4194304,4194304,4194304,10097709621,-1,0
0.0373,2,0,DONE,4194304,4194304,4194304,9453642767,-1,0
0.0373,3,0,DONE,4194304,4194304,4194304,3746315530,-1,0
0.03732,0,0,INJECTING,359452352,359359056,1386879564,188242843105,-1,0
0.03732,1,0,DONE,4194304,4194304,4194304,10097709621,-1,0
0.03732,2,0,DONE,4194304,4194304,4194304,9453642767,-1,0
0.03732,3,0,DONE,4194304,4194304,4194304,3746315530,-1,0
0.03734,0,0,INJECTING,359905504,359813160,1386879564,188242843105,-1,0
0.03734,1,0,DONE,4194304,4194304,4194304,10097709621,-1,0
0.03734,2,0,DONE,4194304,4194304,4194304,9453642767,-1,0
0.03734,3,0,DONE,4194304,4194304,4194304,3746315530,-1,0
0.03736,0,0,INJECTING,360358656,360266312,1386879564,188242843105,-1,0
0.03736,1,0,DONE,4194304,4194304,4194304,10097709621,-1,0
0.03736,2,0,DONE,4194304,4194304,4194304,9453642767,-1,0
0.03736,3,0,DONE,4194304,4194304,4194304,3746315530,-1,0
0.03738,0,0,INJECTING,360811808,360719464,1386879564,188242843105,-1,0
0.03738,1,0,DONE,4194304,4194304,4194304,10097709621,-1,0
0.03738,2,0,DONE,4194304,4194304,4194304,9453642767,-1,0
0.03738,3,0,DONE,4194304,4194304,4194304,3746315530,-1,0
0.0374,0,0,INJECTING,361264960,361172616,1386879564,188242843105,-1,0
0.0374,1,0,DONE,4194304,4194304,4194304,10097709621,-1,0
0.0374,2,0,DONE,4194304,4194304,4194304,9453642767,-1,0
0.0374,3,0,DONE,4194304,4194304,4194304,3746315530,-1,0
0.03742,0,0,INJECTING,361719064,361625768,1386879564,188242843105,-1,0
0.03742,1,0,DONE,4194304,4194304,4194304,10097709621,-1,0
0.03742,2,0,DONE,4194304,4194304,4194304,9453642767,-1,0
0.03742,3,0,DONE,4194304,4194304,4194304,3746315530,-1,0
0.03744,0,0,INJECTING,362172216,362079872,1386879564,188242843105,-1,0
0.03744,1,0,DONE,4194304,4194304,4194304,10097709621,-1,0
0.03744,2,0,DONE,4194304,4194304,4194304,9453642767,-1,0
0.03744,3,0,DONE,4194304,4194304,4194304,3746315530,-1,0
0.03746,0,0,INJECTING,362625368,362533024,1386879564,188242843105,-1,0
0.03746,1,0,DONE,4194304,4194304,4194304,10097709621,-1,0
0.03746,2,0,DONE,4194304,4194304,4194304,9453642767,-1,0
0.03746,3,0,DONE,4194304,4194304,4194304,3746315530,-1,0
0.03748,0,0,INJECTING,363078520,362986176,1386879564,188242843105,-1,0
0.03748,1,0,DONE,4194304,4194304,4194304,10097709621,-1,0
0.03748,2,0,DONE,4194304,4194304,4194304,9453642767,-1,0
0.03748,3,0,DONE,4194304,4194304,4194304,3746315530,-1,0
0.0375,0,0,INJECTING,363531672,363439328,1386879564,188242843105,-1,0
0.0375,1,0,DONE,4194304,4194304,4194304,10097709621,-1,0
0.0375,2,0,DONE,4194304,4194304,4194304,9453642767,-1,0
0.0375,3,0,DONE,4194304,4194304,4194304,3746315530,-1,0
0.03752,0,0,INJECTING,363985776,363892480,1386879564,188242843105,-1,0
0.03752,1,0,DONE,4194304,4194304,4194304,10097709621,-1,0
0.03752,2,0,DONE,4194304,4194304,4194304,9453642767,-1,0
0.03752,3,0,DONE,4194304,4194304,4194304,3746315530,-1,0
0.03754,0,0,INJECTING,364438928,364346584,1386879564,188242843105,-1,0
0.03754,1,0,DONE,4194304,4194304,4194304,10097709621,-1,0
0.03754,2,0,DONE,4194304,4194304,4194304,9453642767,-1,0
0.03754,3,0,DONE,4194304,4194304,4194304,3746315530,-1,0
0.03756,0,0,INJECTING,364892080,364799736,1386879564,188242843105,-1,0
0.03756,1,0,DONE,4194304,4194304,4194304,10097709621,-1,0
0.03756,2,0,DONE,4194304,4194304,4194304,9453642767,-1,0
0.03756,3,0,DONE,4194304,4194304,4194304,3746315530,-1,0
0.03758,0,0,INJECTING,365345232,365252888,1386879564,188242843105,-1,0
0.03758,1,0,DONE,4194304,4194304,4194304,10097709621,-1,0
0.03758,2,0,DONE,4194304,4194304,4194304,9453642767,-1,0
0.03758,3,0,DONE,4194304,4194304,4194304,3746315530,-1,0
0.0376,0,0,INJECTING,365798384,365706040,1386879564,188242843105,-1,0
0.0376,1,0,DONE,4194304,4194304,4194304,10097709621,-1,0
0.0376,2,0,DONE,4194304,4194304,4194304,9453642767,-1,0
0.0376,3,0,DONE,4194304,4194304,4194304,3746315530,-1,0
0.03762,0,0,INJECTING,366252488,366159192,1386879564,188242843105,-1,0
0.03762,1,0,DONE,4194304,4194304,4194304,10097709621,-1,0
0.03762,2,0,DONE,4194304,4194304,4194304,9453642767,-1,0
0.03762,3,0,DONE,4194304,4194304,4194304,3746315530,-1,0
0.03764,0,0,INJECTING,366705640,366613296,1386879564,188242843105,-1,0
0.03764,1,0,DONE,4194304,4194304,4194304,10097709621,-1,0
0.03764,2,0,DONE,4194304,4194304,4194304,9453642767,-1,0
0.03764,3,0,DONE,4194304,4194304,4194304,3746315530,-1,0
0.03766,0,0,INJECTING,367158792,367066448,1386879564,188242843105,-1,0
0.03766,1,0,DONE,4194304,4194304,4194304,10097709621,-1,0
0.03766,2,0,DONE,4194304,4194304,4194304,9453642767,-1,0
0.03766,3,0,DONE,4194304,4194304,4194304,3746315530,-1,0
0.03768,0,0,INJECTING,367611944,367519600,1386879564,188242843105,-1,0
0.03768,1,0,DONE,4194304,4194304,4194304,10097709621,-1,0
0.03768,2,0,DONE,4194304,4194304,4194304,9453642767,-1,0
0.03768,3,0,DONE,4194304,4194304,4194304,3746315530,-1,0
0.0377,0,0,INJECTING,368065096,367972752,1386879564,188242843105,-1,0
0.0377,1,0,DONE,4194304,4194304,4194304,10097709621,-1,0
0.0377,2,0,DONE,4194304,4194304,4194304,9453642767,-1,0
0.0377,3,0,DONE,4194304,4194304,4194304,3746315530,-1,0
0.03772,0,0,INJECTING,368519200,368425904,1386879564,188242843105,-1,0
0.03772,1,0,DONE,4194304,4194304,4194304,10097709621,-1,0
0.03772,2,0,DONE,4194304,4194304,4194304,9453642767,-1,0
0.03772,3,0,DONE,4194304,4194304,4194304,3746315530,-1,0
0.03774,0,0,INJECTING,368972352,368879056,1386879564,188242843105,-1,0
0.03774,1,0,DONE,4194304,4194304,4194304,10097709621,-1,0
0.03774,2,0,DONE,4194304,4194304,4194304,9453642767,-1,0
0.03774,3,0,DONE,4194304,4194304,4194304,3746315530,-1,0
0.03776,0,0,INJECTING,369425504,369333160,1386879564,188242843105,-1,0
0.03776,1,0,DONE,4194304,4194304,4194304,10097709621,-1,0
0.03776,2,0,DONE,4194304,4194304,4194304,9453642767,-1,0
0.03776,3,0,DONE,4194304,4194304,4194304,3746315530,-1,0
0.03778,0,0,INJECTING,369878656,369786312,1386879564,188242843105,-1,0
0.03778,1,0,DONE,4194304,4194304,4194304,10097709621,-1,0
0.03778,2,0,DONE,4194304,4194304,4194304,9453642767,-1,0
0.03778,3,0,DONE,4194304,4194304,4194304,3746315530,-1,0
0.0378,0,0,INJECTING,370331808,370239464,1386879564,188242843105,-1,0
0.0378,1,0,DONE,4194304,4194304,4194304,10097709621,-1,0
0.0378,2,0,DONE,4194304,4194304,4194304,9453642767,-1,0
0.0378,3,0,DONE,4194304,4194304,4194304,3746315530,-1,0
0.03782,0,0,INJECTING,370784960,370692616,1386879564,188242843105,-1,0
0.03782,1,0,DONE,4194304,4194304,4194304,10097709621,-1,0
0.03782,2,0,DONE,4194304,4194304,4194304,9453642767,-1,0
0.03782,3,0,DONE,4194304,4194304,4194304,3746315530,-1,0
0.03784,0,0,INJECTING,371239064,371145768,1386879564,188242843105,-1,0
0.03784,1,0,DONE,4194304,4194304,4194304,10097709621,-1,0
0.03784,2,0,DONE,4194304,4194304,4194304,9453642767,-1,0
0.03784,3,0,DONE,4194304,4194304,4194304,3746315530,-1,0
0.03786,0,0,INJECTING,371692216,371599872,1386879564,188242843105,-1,0
0.03786,1,0,DONE,4194304,4194304,4194304,10097709621,-1,0
0.03786,2,0,DONE,4194304,4194304,4194304,9453642767,-1,0
0.03786,3,0,DONE,4194304,4194304,4194304,3746315530,-1,0
0.03788,0,0,INJECTING,372145368,372053024,1386879564,188242843105,-1,0
0.03788,1,0,DONE,4194304,4194304,4194304,10097709621,-1,0
0.03788,2,0,DONE,4194304,4194304,4194304,9453642767,-1,0
0.03788,3,0,DONE,4194304,4194304,4194304,3746315530,-1,0
0.0379,0,0,INJECTING,372598520,372506176,1386879564,188242843105,-1,0
0.0379,1,0,DONE,4194304,4194304,4194304,10097709621,-1,0
0.0379,2,0,DONE,4194304,4194304,4194304,9453642767,-1,0
0.0379,3,0,DONE,4194304,4194304,4194304,3746315530,-1,0
0.03792,0,0,INJECTING,373051672,372959328,1386879564,188242843105,-1,0
0.03792,1,0,DONE,4194304,4194304,4194304,10097709621,-1,0
0.03792,2,0,DONE,4194304,4194304,4194304,9453642767,-1,0
0.03792,3,0,DONE,4194304,4194304,4194304,3746315530,-1,0
0.03794,0,0,INJECTING,373505776,373412480,1386879564,188242843105,-1,0
0.03794,1,0,DONE,4194304,4194304,4194304,10097709621,-1,0
0.03794,2,0,DONE,4194304,4194304,4194304,9453642767,-1,0
0.03794,3,0,DONE,4194304,4194304,4194304,3746315530,-1,0
0.03796,0,0,INJECTING,373958928,373866584,1386879564,188242843105,-1,0
0.03796,1,0,DONE,4194304,4194304,4194304,10097709621,-1,0
0.03796,2,0,DONE,4194304,4194304,4194304,9453642767,-1,0
0.03796,3,0,DONE,4194304,4194304,4194304,3746315530,-1,0
0.03798,0,0,INJECTING,374412080,374319736,1386879564,188242843105,-1,0
0.03798,1,0,DONE,4194304,4194304,4194304,10097709621,-1,0
0.03798,2,0,DONE,4194304,4194304,4194304,9453642767,-1,0
0.03798,3,0,DONE,4194304,4194304,4194304,3746315530,-1,0
0.038,0,0,INJECTING,374865232,374772888,1386879564,188242843105,-1,0
0.038,1,0,DONE,4194304,4194304,4194304,10097709621,-1,0
0.038,2,0,DONE,4194304,4194304,4194304,9453642767,-1,0
0.038,3,0,DONE,4194304,4194304,4194304,3746315530,-1,0
0.03802,0,0,INJECTING,375318384,375226040,1386879564,188242843105,-1,0
0.03802,1,0,DONE,4194304,4194304,4194304,10097709621,-1,0
0.03802,2,0,DONE,4194304,4194304,4194304,9453642767,-1,0
0.03802,3,0,DONE,4194304,4194304,4194304,3746315530,-1,0
0.03804,0,0,INJECTING,375772488,375679192,1386879564,188242843105,-1,0
0.03804,1,0,DONE,4194304,4194304,4194304,10097709621,-1,0
0.03804,2,0,DONE,4194304,4194304,4194304,9453642767,-1,0
0.03804,3,0,DONE,4194304,4194304,4194304,3746315530,-1,0
0.03806,0,0,INJECTING,376225640,376133296,1386879564,188242843105,-1,0
0.03806,1,0,DONE,4194304,4194304,4194304,10097709621,-1,0
0.03806,2,0,DONE,4194304,4194304,4194304,9453642767,-1,0
0.03806,3,0,DONE,4194304,4194304,4194304,3746315530,-1,0
0.03808,0,0,INJECTING,376678792,376586448,1386879564,188242843105,-1,0
0.03808,1,0,DONE,4194304,4194304,4194304,10097709621,-1,0
0.03808,2,0,DONE,4194304,4194304,4194304,9453642767,-1,0
0.03808,3,0,DONE,4194304,4194304,4194304,3746315530,-1,0
0.0381,0,0,INJECTING,377131944,377039600,1386879564,188242843105,-1,0
0.0381,1,0,DONE,4194304,4194304,4194304,10097709621,-1,0
0.0381,2,0,DONE,4194304,4194304,4194304,9453642767,-1,0
0.0381,3,0,DONE,4194304,4194304,4194304,3746315530,-1,0
0.03812,0,0,INJECTING,377585096,377492752,1386879564,188242843105,-1,0
0.03812,1,0,DONE,4194304,4194304,4194304,10097709621,-1,0
0.03812,2,0,DONE,4194304,4194304,4194304,9453642767,-1,0
0.03812,3,0,DONE,4194304,4194304,4194304,3746315530,-1,0
0.03814,0,0,INJECTING,378039200,377945904,1386879564,188242843105,-1,0
0.03814,1,0,DONE,4194304,4194304,4194304,10097709621,-1,0
0.03814,2,0,DONE,4194304,4194304,4194304,9453642767,-1,0
0.03814,3,0,DONE,4194304,4194304,4194304,3746315530,-1,0
0.03816,0,0,INJECTING,378492352,378399056,1386879564,188242843105,-1,0
0.03816,1,0,DONE,4194304,4194304,4194304,10097709621,-1,0
0.03816,2,0,DONE,4194304,4194304,4194304,9453642767,-1,0
0.03816,3,0,DONE,4194304,4194304,4194304,3746315530,-1,0
0.03818,0,0,INJECTING,378945504,378853160,1386879564,188242843105,-1,0
0.03818,1,0,DONE,4194304,4194304,4194304,10097709621,-1,0
0.03818,2,0,DONE,4194304,4194304,4194304,9453642767,-1,0
0.03818,3,0,DONE,4194304,4194304,4194304,3746315530,-1,0
0.0382,0,0,INJECTING,379398656,379306312,1386879564,188242843105,-1,0
0.0382,1,0,DONE,4194304,4194304,4194304,10097709621,-1,0
0.0382,2,0,DONE,4194304,4194304,4194304,9453642767,-1,0
0.0382,3,0,DONE,4194304,4194304,4194304,3746315530,-1,0
0.03822,0,0,INJECTING,379851808,379759464,1386879564,188242843105,-1,0
0.03822,1,0,DONE,4194304,4194304,4194304,10097709621,-1,0
0.03822,2,0,DONE,4194304,4194304,4194304,9453642767,-1,0
0.03822,3,0,DONE,4194304,4194304,4194304,3746315530,-1,0
0.03824,0,0,INJECTING,380304960,380212616,1386879564,188242843105,-1,0
0.03824,1,0,DONE,4194304,4194304,4194304,10097709621,-1,0
0.03824,2,0,DONE,4194304,4194304,4194304,9453642767,-1,0
0.03824,3,0,DONE,4194304,4194304,4194304,3746315530,-1,0
0.03826,0,0,INJECTING,380759064,380665768,1386879564,188242843105,-1,0
0.03826,1,0,DONE,4194304,4194304,4194304,10097709621,-1,0
0.03826,2,0,DONE,4194304,4194304,4194304,9453642767,-1,0
0.03826,3,0,DONE,4194304,4194304,4194304,3746315530,-1,0
0.03828,0,0,INJECTING,381212216,381119872,1386879564,188242843105,-1,0
0.03828,1,0,DONE,4194304,4194304,4194304,10097709621,-1,0
0.03828,2,0,DONE,4194304,4194304,4194304,9453642767,-1,0
0.03828,3,0,DONE,4194304,4194304,4194304,3746315530,-1,0
0.0383,0,0,INJECTING,381665368,381573024,1386879564,188242843105,-1,0
0.0383,1,0,DONE,4194304,4194304,4194304,10097709621,-1,0
0.0383,2,0,DONE,4194304,4194304,4194304,9453642767,-1,0
0.0383,3,0,DONE,4194304,4194304,4194304,3746315530,-1,0
0.03832,0,0,INJECTING,382118520,382026176,1386879564,188242843105,-1,0
0.03832,1,0,DONE,4194304,4194304,4194304,10097709621,-1,0
0.03832,2,0,DONE,4194304,4194304,4194304,9453642767,-1,0
0.03832,3,0,DONE,4194304,4194304,4194304,3746315530,-1,0
0.03834,0,0,INJECTING,382571672,382479328,1386879564,188242843105,-1,0
0.03834,1,0,DONE,4194304,4194304,4194304,10097709621,-1,0
0.03834,2,0,DONE,4194304,4194304,4194304,9453642767,-1,0
0.03834,3,0,DONE,4194304,4194304,4194304,3746315530,-1,0
0.03836,0,0,INJECTING,383025776,382932480,1386879564,188242843105,-1,0
0.03836,1,0,DONE,4194304,4194304,4194304,10097709621,-1,0
0.03836,2,0,DONE,4194304,4194304,4194304,9453642767,-1,0
0.03836,3,0,DONE,4194304,4194304,4194304,3746315530,-1,0
0.03838,0,0,INJECTING,383478928,383386584,1386879564,188242843105,-1,0
0.03838,1,0,DONE,4194304,4194304,4194304,10097709621,-1,0
0.03838,2,0,DONE,4194304,4194304,4194304,9453642767,-1,0
0.03838,3,0,DONE,4194304,4194304,4194304,3746315530,-1,0
0.0384,0,0,INJECTING,383932080,383839736,1386879564,188242843105,-1,0
0.0384,1,0,DONE,4194304,4194304,4194304,10097709621,-1,0
0.0384,2,0,DONE,4194304,4194304,4194304,9453642767,-1,0
0.0384,3,0,DONE,4194304,4194304,4194304,3746315530,-1,0
0.03842,0,0,INJECTING,384385232,384292888,1386879564,188242843105,-1,0
0.03842,1,0,DONE,4194304,4194304,4194304,10097709621,-1,0
0.03842,2,0,DONE,4194304,4194304,4194304,9453642767,-1,0
0.03842,3,0,DONE,4194304,4194304,4194304,3746315530,-1,0
0.03844,0,0,INJECTING,384838384,384746040,1386879564,188242843105,-1,0
0.03844,1,0,DONE,4194304,4194304,4194304,10097709621,-1,0
0.03844,2,0,DONE,4194304,4194304,4194304,9453642767,-1,0
0.03844,3,0,DONE,4194304,4194304,4194304,3746315530,-1,0
0.03846,0,0,INJECTING,385292488,385199192,1386879564,188242843105,-1,0
0.03846,1,0,DONE,4194304,4194304,4194304,10097709621,-1,0
0.03846,2,0,DONE,4194304,4194304,4194304,9453642767,-1,0
0.03846,3,0,DONE,4194304,4194304,4194304,3746315530,-1,0
0.03848,0,0,INJECTING,385745640,385653296,1386879564,188242843105,-1,0
0.03848,1,0,DONE,4194304,4194304,4194304,10097709621,-1,0
0.03848,2,0,DONE,4194304,4194304,4194304,9453642767,-1,0
0.03848,3,0,DONE,4194304,4194304,4194304,3746315530,-1,0
0.0385,0,0,INJECTING,386198792,386106448,1386879564,188242843105,-1,0
0.0385,1,0,DONE,4194304,4194304,4194304,10097709621,-1,0
0.0385,2,0,DONE,4194304,4194304,4194304,9453642767,-1,0
0.0385,3,0,DONE,4194304,4194304,4194304,3746315530,-1,0
0.03852,0,0,INJECTING,386651944,386559600,1386879564,188242843105,-1,0
0.03852,1,0,DONE,4194304,4194304,4194304,10097709621,-1,0
0.03852,2,0,DONE,4194304,4194304,4194304,9453642767,-1,0
0.03852,3,0,DONE,4194304,4194304,4194304,3746315530,-1,0
0.03854,0,0,INJECTING,387105096,387012752,1386879564,188242843105,-1,0
0.03854,1,0,DONE,4194304,4194304,4194304,10097709621,-1,0
0.03854,2,0,DONE,4194304,4194304,4194304,9453642767,-1,0
0.03854,3,0,DONE,4194304,4194304,4194304,3746315530,-1,0
0.03856,0,0,INJECTING,387559200,387465904,1386879564,188242843105,-1,0
0.03856,1,0,DONE,4194304,4194304,4194304,10097709621,-1,0
0.03856,2,0,DONE,4194304,4194304,4194304,9453642767,-1,0
0.03856,3,0,DONE,4194304,4194304,4194304,3746315530,-1,0
0.03858,0,0,INJECTING,388012352,387919056,1386879564,188242843105,-1,0
0.03858,1,0,DONE,4194304,4194304,4194304,10097709621,-1,0
0.03858,2,0,DONE,4194304,4194304,4194304,9453642767,-1,0
0.03858,3,0,DONE,4194304,4194304,4194304,3746315530,-1,0
0.0386,0,0,INJECTING,388465504,388373160,1386879564,188242843105,-1,0
0.0386,1,0,DONE,4194304,4194304,4194304,10097709621,-1,0
0.0386,2,0,DONE,4194304,4194304,4194304,9453642767,-1,0
0.0386,3,0,DONE,4194304,4194304,4194304,3746315530,-1,0
0.03862,0,0,INJECTING,388918656,388826312,1386879564,188242843105,-1,0
0.03862,1,0,DONE,4194304,4194304,4194304,10097709621,-1,0
0.03862,2,0,DONE,4194304,4194304,4194304,9453642767,-1,0
0.03862,3,0,DONE,4194304,4194304,4194304,3746315530,-1,0
0.03864,0,0,INJECTING,389371808,389279464,1386879564,188242843105,-1,0
0.03864,1,0,DONE,4194304,4194304,4194304,10097709621,-1,0
0.03864,2,0,DONE,4194304,4194304,4194304,9453642767,-1,0
0.03864,3,0,DONE,4194304,4194304,4194304,3746315530,-1,0
0.03866,0,0,INJECTING,389824960,389732616,1386879564,188242843105,-1,0
0.03866,1,0,DONE,4194304,4194304,4194304,10097709621,-1,0
0.03866,2,0,DONE,4194304,4194304,4194304,9453642767,-1,0
0.03866,3,0,DONE,4194304,4194304,4194304,3746315530,-1,0
0.03868,0,0,INJECTING,390279064,390185768,1386879564,188242843105,-1,0
0.03868,1,0,DONE,4194304,4194304,4194304,10097709621,-1,0
0.03868,2,0,DONE,4194304,4194304,4194304,9453642767,-1,0
0.03868,3,0,DONE,4194304,4194304,4194304,3746315530,-1,0
0.0387,0,0,INJECTING,390732216,390639872,1386879564,188242843105,-1,0
0.0387,1,0,DONE,4194304,4194304,4194304,10097709621,-1,0
0.0387,2,0,DONE,4194304,4194304,4194304,9453642767,-1,0
0.0387,3,0,DONE,4194304,4194304,4194304,3746315530,-1,0
0.03872,0,0,INJECTING,391185368,391093024,1386879564,188242843105,-1,0
0.03872,1,0,DONE,4194304,4194304,4194304,10097709621,-1,0
0.03872,2,0,DONE,4194304,4194304,4194304,9453642767,-1,0
0.03872,3,0,DONE,4194304,4194304,4194304,3746315530,-1,0
0.03874,0,0,INJECTING,391638520,391546176,1386879564,188242843105,-1,0
0.03874,1,0,DONE,4194304,4194304,4194304,10097709621,-1,0
0.03874,2,0,DONE,4194304,4194304,4194304,9453642767,-1,0
0.03874,3,0,DONE,4194304,4194304,4194304,3746315530,-1,0
0.03876,0,0,INJECTING,392091672,391999328,1386879564,188242843105,-1,0
0.03876,1,0,DONE,4194304,4194304,4194304,10097709621,-1,0
0.03876,2,0,DONE,4194304,4194304,4194304,9453642767,-1,0
0.03876,3,0,DONE,4194304,4194304,4194304,3746315530,-1,0
0.03878,0,0,INJECTING,392545776,392452480,1386879564,188242843105,-1,0
0.03878,1,0,DONE,4194304,4194304,4194304,10097709621,-1,0
0.03878,2,0,DONE,4194304,4194304,4194304,9453642767,-1,0
0.03878,3,0,DONE,4194304,4194304,4194304,3746315530,-1,0
0.0388,0,0,INJECTING,392998928,392906584,1386879564,188242843105,-1,0
0.0388,1,0,DONE,4194304,4194304,4194304,10097709621,-1,0
0.0388,2,0,DONE,4194304,4194304,4194304,9453642767,-1,0
0.0388,3,0,DONE,4194304,4194304,4194304,3746315530,-1,0
0.03882,0,0,INJECTING,393452080,393359736,1386879564,188242843105,-1,0
0.03882,1,0,DONE,4194304,4194304,4194304,10097709621,-1,0
0.03882,2,0,DONE,4194304,4194304,4194304,9453642767,-1,0
0.03882,3,0,DONE,4194304,4194304,4194304,3746315530,-1,0
0.03884,0,0,INJECTING,393905232,393812888,1386879564,188242843105,-1,0
0.03884,1,0,DONE,4194304,4194304,4194304,10097709621,-1,0
0.03884,2,0,DONE,4194304,4194304,4194304,9453642767,-1,0
0.03884,3,0,DONE,4194304,4194304,4194304,3746315530,-1,0
0.03886,0,0,INJECTING,394358384,394266040,1386879564,188242843105,-1,0
0.03886,1,0,DONE,4194304,4194304,4194304,10097709621,-1,0
0.03886,2,0,DONE,4194304,4194304,4194304,9453642767,-1,0
0.03886,3,0,DONE,4194304,4194304,4194304,3746315530,-1,0
0.03888,0,0,INJECTING,394812488,394719192,1386879564,188242843105,-1,0
0.03888,1,0,DONE,4194304,4194304,4194304,10097709621,-1,0
0.03888,2,0,DONE,4194304,4194304,4194304,9453642767,-1,0
0.03888,3,0,DONE,4194304,4194304,4194304,3746315530,-1,0
0.0389,0,0,INJECTING,395265640,395173296,1386879564,188242843105,-1,0
0.0389,1,0,DONE,4194304,4194304,4194304,10097709621,-1,0
0.0389,2,0,DONE,4194304,4194304,4194304,9453642767,-1,0
0.0389,3,0,DONE,4194304,4194304,4194304,3746315530,-1,0
0.03892,0,0,INJECTING,395718792,395626448,1386879564,188242843105,-1,0
0.03892,1,0,DONE,4194304,4194304,4194304,10097709621,-1,0
0.03892,2,0,DONE,4194304,4194304,4194304,9453642767,-1,0
0.03892,3,0,DONE,4194304,4194304,4194304,3746315530,-1,0
0.03894,0,0,INJECTING,396171944,396079600,1386879564,188242843105,-1,0
0.03894,1,0,DONE,4194304,4194304,4194304,10097709621,-1,0
0.03894,2,0,DONE,4194304,4194304,4194304,9453642767,-1,0
0.03894,3,0,DONE,4194304,4194304,4194304,3746315530,-1,0
0.03896,0,0,INJECTING,396625096,396532752,1386879564,188242843105,-1,0
0.03896,1,0,DONE,4194304,4194304,4194304,10097709621,-1,0
0.03896,2,0,DONE,4194304,4194304,4194304,9453642767,-1,0
0.03896,3,0,DONE,4194304,4194304,4194304,3746315530,-1,0
0.03898,0,0,INJECTING,397079200,396985904,1386879564,188242843105,-1,0
0.03898,1,0,DONE,4194304,4194304,4194304,10097709621,-1,0
0.03898,2,0,DONE,4194304,4194304,4194304,9453642767,-1,0
0.03898,3,0,DONE,4194304,4194304,4194304,3746315530,-1,0
0.039,0,0,INJECTING,397532352,397439056,1386879564,188242843105,-1,0
0.039,1,0,DONE,4194304,4194304,4194304,10097709621,-1,0
0.039,2,0,DONE,4194304,4194304,4194304,9453642767,-1,0
0.039,3,0,DONE,4194304,4194304,4194304,3746315530,-1,0
0.03902,0,0,INJECTING,397985504,397893160,1386879564,188242843105,-1,0
0.03902,1,0,DONE,4194304,4194304,4194304,10097709621,-1,0
0.03902,2,0,DONE,4194304,4194304,4194304,9453642767,-1,0
0.03902,3,0,DONE,4194304,4194304,4194304,3746315530,-1,0
0.03904,0,0,INJECTING,398438656,398346312,1386879564,188242843105,-1,0
0.03904,1,0,DONE,4194304,4194304,4194304,10097709621,-1,0
0.03904,2,0,DONE,4194304,4194304,4194304,9453642767,-1,0
0.03904,3,0,DONE,4194304,4194304,4194304,3746315530,-1,0
0.03906,0,0,INJECTING,398891808,398799464,1386879564,188242843105,-1,0
0.03906,1,0,DONE,4194304,4194304,4194304,10097709621,-1,0
0.03906,2,0,DONE,4194304,4194304,4194304,9453642767,-1,0
0.03906,3,0,DONE,4194304,4194304,4194304,3746315530,-1,0
0.03908,0,0,INJECTING,399344960,399252616,1386879564,188242843105,-1,0
0.03908,1,0,DONE,4194304,4194304,4194304,10097709621,-1,0
0.03908,2,0,DONE,4194304,4194304,4194304,9453642767,-1,0
0.03908,3,0,DONE,4194304,4194304,4194304,3746315530,-1,0
0.0391,0,0,INJECTING,399799064,399705768,1386879564,188242843105,-1,0
0.0391,1,0,DONE,4194304,4194304,4194304,10097709621,-1,0
0.0391,2,0,DONE,4194304,4194304,4194304,9453642767,-1,0
0.0391,3,0,DONE,4194304,4194304,4194304,3746315530,-1,0
0.03912,0,0,INJECTING,400252216,400159872,1386879564,188242843105,-1,0
0.03912,1,0,DONE,4194304,4194304,4194304,10097709621,-1,0
0.03912,2,0,DONE,4194304,4194304,4194304,9453642767,-1,0
0.03912,3,0,DONE,4194304,4194304,4194304,3746315530,-1,0
0.03914,0,0,INJECTING,400705368,400613024,1386879564,188242843105,-1,0
0.03914,1,0,DONE,4194304,4194304,4194304,10097709621,-1,0
0.03914,2,0,DONE,4194304,4194304,4194304,9453642767,-1,0
0.03914,3,0,DONE,4194304,4194304,4194304,3746315530,-1,0
0.03916,0,0,INJECTING,401158520,401066176,1386879564,188242843105,-1,0
0.03916,1,0,DONE,4194304,4194304,4194304,10097709621,-1,0
0.03916,2,0,DONE,4194304,4194304,4194304,9453642767,-1,0
0.03916,3,0,DONE,4194304,4194304,4194304,3746315530,-1,0
0.03918,0,0,INJECTING,401611672,401519328,1386879564,188242843105,-1,0
0.03918,1,0,DONE,4194304,4194304,4194304,10097709621,-1,0
0.03918,2,0,DONE,4194304,4194304,4194304,9453642767,-1,0
0.03918,3,0,DONE,4194304,4194304,4194304,3746315530,-1,0
0.0392,0,0,INJECTING,402065776,401972480,1386879564,188242843105,-1,0
0.0392,1,0,DONE,4194304,4194304,4194304,10097709621,-1,0
0.0392,2,0,DONE,4194304,4194304,4194304,9453642767,-1,0
0.0392,3,0,DONE,4194304,4194304,4194304,3746315530,-1,0
0.03922,0,0,INJECTING,402518928,402426584,1386879564,188242843105,-1,0
0.03922,1,0,DONE,4194304,4194304,4194304,10097709621,-1,0
0.03922,2,0,DONE,4194304,4194304,4194304,9453642767,-1,0
0.03922,3,0,DONE,4194304,4194304,4194304,3746315530,-1,0
0.03924,0,0,INJECTING,402972080,402879736,1386879564,188242843105,-1,0
0.03924,1,0,DONE,4194304,4194304,4194304,10097709621,-1,0
0.03924,2,0,DONE,4194304,4194304,4194304,9453642767,-1,0
0.03924,3,0,DONE,4194304,4194304,4194304,3746315530,-1,0
0.03926,0,0,INJECTING,403425232,403332888,1386879564,188242843105,-1,0
0.03926,1,0,DONE,4194304,4194304,4194304,10097709621,-1,0
0.03926,2,0,DONE,4194304,4194304,4194304,9453642767,-1,0
0.03926,3,0,DONE,4194304,4194304,4194304,3746315530,-1,0
0.03928,0,0,INJECTING,403878384,403786040,1386879564,188242843105,-1,0
0.03928,1,0,DONE,4194304,4194304,4194304,10097709621,-1,0
0.03928,2,0,DONE,4194304,4194304,4194304,9453642767,-1,0
0.03928,3,0,DONE,4194304,4194304,4194304,3746315530,-1,0
0.0393,0,0,INJECTING,404332488,404239192,1386879564,188242843105,-1,0
0.0393,1,0,DONE,4194304,4194304,4194304,10097709621,-1,0
0.0393,2,0,DONE,4194304,4194304,4194304,9453642767,-1,0
0.0393,3,0,DONE,4194304,4194304,4194304,3746315530,-1,0
0.03932,0,0,INJECTING,404785640,404693296,1386879564,188242843105,-1,0
0.03932,1,0,DONE,4194304,4194304,4194304,10097709621,-1,0
0.03932,2,0,DONE,4194304,4194304,4194304,9453642767,-1,0
0.03932,3,0,DONE,4194304,4194304,4194304,3746315530,-1,0
0.03934,0,0,INJECTING,405238792,405146448,1386879564,188242843105,-1,0
0.03934,1,0,DONE,4194304,4194304,4194304,10097709621,-1,0
0.03934,2,0,DONE,4194304,4194304,4194304,9453642767,-1,0
0.03934,3,0,DONE,4194304,4194304,4194304,3746315530,-1,0
0.03936,0,0,INJECTING,405691944,405599600,1386879564,188242843105,-1,0
0.03936,1,0,DONE,4194304,4194304,4194304,10097709621,-1,0
0.03936,2,0,DONE,4194304,4194304,4194304,9453642767,-1,0
0.03936,3,0,DONE,4194304,4194304,4194304,3746315530,-1,0
0.03938,0,0,INJECTING,406145096,406052752,1386879564,188242843105,-1,0
0.03938,1,0,DONE,4194304,4194304,4194304,10097709621,-1,0
0.03938,2,0,DONE,4194304,4194304,4194304,9453642767,-1,0
0.03938,3,0,DONE,4194304,4194304,4194304,3746315530,-1,0
0.0394,0,0,INJECTING,406599200,406505904,1386879564,188242843105,-1,0
0.0394,1,0,DONE,4194304,4194304,4194304,10097709621,-1,0
0.0394,2,0,DONE,4194304,4194304,4194304,9453642767,-1,0
0.0394,3,0,DONE,4194304,4194304,4194304,3746315530,-1,0
0.03942,0,0,INJECTING,407052352,406959056,1386879564,188242843105,-1,0
0.03942,1,0,DONE,4194304,4194304,4194304,10097709621,-1,0
0.03942,2,0,DONE,4194304,4194304,4194304,9453642767,-1,0
0.03942,3,0,DONE,4194304,4194304,4194304,3746315530,-1,0
0.03944,0,0,INJECTING,407505504,407413160,1386879564,188242843105,-1,0
0.03944,1,0,DONE,4194304,4194304,4194304,10097709621,-1,0
0.03944,2,0,DONE,4194304,4194304,4194304,9453642767,-1,0
0.03944,3,0,DONE,4194304,4194304,4194304,3746315530,-1,0
0.03946,0,0,INJECTING,407958656,407866312,1386879564,188242843105,-1,0
0.03946,1,0,DONE,4194304,4194304,4194304,10097709621,-1,0
0.03946,2,0,DONE,4194304,4194304,4194304,9453642767,-1,0
0.03946,3,0,DONE,4194304,4194304,4194304,3746315530,-1,0
0.03948,0,0,INJECTING,408411808,408319464,1386879564,188242843105,-1,0
0.03948,1,0,DONE,4194304,4194304,4194304,10097709621,-1,0
0.03948,2,0,DONE,4194304,4194304,4194304,9453642767,-1,0
0.03948,3,0,DONE,4194304,4194304,4194304,3746315530,-1,0
0.0395,0,0,INJECTING,408864960,408772616,1386879564,188242843105,-1,0
0.0395,1,0,DONE,4194304,4194304,4194304,10097709621,-1,0
0.0395,2,0,DONE,4194304,4194304,4194304,9453642767,-1,0
0.0395,3,0,DONE,4194304,4194304,4194304,3746315530,-1,0
0.03952,0,0,INJECTING,409319064,409225768,1386879564,188242843105,-1,0
0.03952,1,0,DONE,4194304,4194304,4194304,10097709621,-1,0
0.03952,2,0,DONE,4194304,4194304,4194304,9453642767,-1,0
0.03952,3,0,DONE,4194304,4194304,4194304,3746315530,-1,0
0.03954,0,0,INJECTING,409772216,409679872,1386879564,188242843105,-1,0
0.03954,1,0,DONE,4194304,4194304,4194304,10097709621,-1,0
0.03954,2,0,DONE,4194304,4194304,4194304,9453642767,-1,0
0.03954,3,0,DONE,4194304,4194304,4194304,3746315530,-1,0
0.03956,0,0,INJECTING,410225368,410133024,1386879564,188242843105,-1,0
0.03956,1,0,DONE,4194304,4194304,4194304,10097709621,-1,0
0.03956,2,0,DONE,4194304,4194304,4194304,9453642767,-1,0
0.03956,3,0,DONE,4194304,4194304,4194304,3746315530,-1,0
0.03958,0,0,INJECTING,410678520,410586176,1386879564,188242843105,-1,0
0.03958,1,0,DONE,4194304,4194304,4194304,10097709621,-1,0
0.03958,2,0,DONE,4194304,4194304,4194304,9453642767,-1,0
0.03958,3,0,DONE,4194304,4194304,4194304,3746315530,-1,0
0.0396,0,0,INJECTING,411131672,411039328,1386879564,188242843105,-1,0
0.0396,1,0,DONE,4194304,4194304,4194304,10097709621,-1,0
0.0396,2,0,DONE,4194304,4194304,4194304,9453642767,-1,0
0.0396,3,0,DONE,4194304,4194304,4194304,3746315530,-1,0
0.03962,0,0,INJECTING,411585776,411492480,1386879564,188242843105,-1,0
0.03962,1,0,DONE,4194304,4194304,4194304,10097709621,-1,0
0.03962,2,0,DONE,4194304,4194304,4194304,9453642767,-1,0
0.03962,3,0,DONE,4194304,4194304,4194304,3746315530,-1,0
0.03964,0,0,INJECTING,412038928,411946584,1386879564,188242843105,-1,0
0.03964,1,0,DONE,4194304,4194304,4194304,10097709621,-1,0
0.03964,2,0,DONE,4194304,4194304,4194304,9453642767,-1,0
0.03964,3,0,DONE,4194304,4194304,4194304,3746315530,-1,0
0.03966,0,0,INJECTING,412492080,412399736,1386879564,188242843105,-1,0
0.03966,1,0,DONE,4194304,4194304,4194304,10097709621,-1,0
0.03966,2,0,DONE,4194304,4194304,4194304,9453642767,-1,0
0.03966,3,0,DONE,4194304,4194304,4194304,3746315530,-1,0
0.03968,0,0,INJECTING,412945232,412852888,1386879564,188242843105,-1,0
0.03968,1,0,DONE,4194304,4194304,4194304,10097709621,-1,0
0.03968,2,0,DONE,4194304,4194304,4194304,9453642767,-1,0
0.03968,3,0,DONE,4194304,4194304,4194304,3746315530,-1,0
0.0397,0,0,INJECTING,413398384,413306040,1386879564,188242843105,-1,0
0.0397,1,0,DONE,4194304,4194304,4194304,10097709621,-1,0
0.0397,2,0,DONE,4194304,4194304,4194304,9453642767,-1,0
0.0397,3,0,DONE,4194304,4194304,4194304,3746315530,-1,0
0.03972,0,0,INJECTING,413852488,413759192,1386879564,188242843105,-1,0
0.03972,1,0,DONE,4194304,4194304,4194304,10097709621,-1,0
0.03972,2,0,DONE,4194304,4194304,4194304,9453642767,-1,0
0.03972,3,0,DONE,4194304,4194304,4194304,3746315530,-1,0
0.03974,0,0,INJECTING,414305640,414213296,1386879564,188242843105,-1,0
0.03974,1,0,DONE,4194304,4194304,4194304,10097709621,-1,0
0.03974,2,0,DONE,4194304,4194304,4194304,9453642767,-1,0
0.03974,3,0,DONE,4194304,4194304,4194304,3746315530,-1,0
0.03976,0,0,INJECTING,414758792,414666448,1386879564,188242843105,-1,0
0.03976,1,0,DONE,4194304,4194304,4194304,10097709621,-1,0
0.03976,2,0,DONE,4194304,4194304,4194304,9453642767,-1,0
0.03976,3,0,DONE,4194304,4194304,4194304,3746315530,-1,0
0.03978,0,0,INJECTING,415211944,415119600,1386879564,188242843105,-1,0
0.03978,1,0,DONE,4194304,4194304,4194304,10097709621,-1,0
0.03978,2,0,DONE,4194304,4194304,4194304,9453642767,-1,0
0.03978,3,0,DONE,4194304,4194304,4194304,3746315530,-1,0
0.0398,0,0,INJECTING,415665096,415572752,1386879564,188242843105,-1,0
0.0398,1,0,DONE,4194304,4194304,4194304,10097709621,-1,0
0.0398,2,0,DONE,4194304,4194304,4194304,9453642767,-1,0
0.0398,3,0,DONE,4194304,4194304,4194304,3746315530,-1,0
0.03982,0,0,INJECTING,416119200,416025904,1386879564,188242843105,-1,0
0.03982,1,0,DONE,4194304,4194304,4194304,10097709621,-1,0
0.03982,2,0,DONE,4194304,4194304,4194304,9453642767,-1,0
0.03982,3,0,DONE,4194304,4194304,4194304,3746315530,-1,0
0.03984,0,0,INJECTING,416572352,416479056,1386879564,188242843105,-1,0
0.03984,1,0,DONE,4194304,4194304,4194304,10097709621,-1,0
0.03984,2,0,DONE,4194304,4194304,4194304,9453642767,-1,0
0.03984,3,0,DONE,4194304,4194304,4194304,3746315530,-1,0
0.03986,0,0,INJECTING,417025504,416933160,1386879564,188242843105,-1,0
0.03986,1,0,DONE,4194304,4194304,4194304,10097709621,-1,0
0.03986,2,0,DONE,4194304,4194304,4194304,9453642767,-1,0
0.03986,3,0,DONE,4194304,4194304,4194304,3746315530,-1,0
0.03988,0,0,INJECTING,417478656,417386312,1386879564,188242843105,-1,0
0.03988,1,0,DONE,4194304,4194304,4194304,10097709621,-1,0
0.03988,2,0,DONE,4194304,4194304,4194304,9453642767,-1,0
0.03988,3,0,DONE,4194304,4194304,4194304,3746315530,-1,0
0.0399,0,0,INJECTING,417931808,417839464,1386879564,188242843105,-1,0
0.0399,1,0,DONE,4194304,4194304,4194304,10097709621,-1,0
0.0399,2,0,DONE,4194304,4194304,4194304,9453642767,-1,0
0.0399,3,0,DONE,4194304,4194304,4194304,3746315530,-1,0
0.03992,0,0,INJECTING,418384960,418292616,1386879564,188242843105,-1,0
0.03992,1,0,DONE,4194304,4194304,4194304,10097709621,-1,0
0.03992,2,0,DONE,4194304,4194304,4194304,9453642767,-1,0
0.03992,3,0,DONE,4194304,4194304,4194304,3746315530,-1,0
0.03994,0,0,INJECTING,418839064,418745768,1386879564,188242843105,-1,0
0.03994,1,0,DONE,4194304,4194304,4194304,10097709621,-1,0
0.03994,2,0,DONE,4194304,4194304,4194304,9453642767,-1,0
0.03994,3,0,DONE,4194304,4194304,4194304,3746315530,-1,0
0.03996,0,0,INJECTING,419292216,419199872,1386879564,188242843105,-1,0
0.03996,1,0,DONE,4194304,4194304,4194304,10097709621,-1,0
0.03996,2,0,DONE,4194304,4194304,4194304,9453642767,-1,0
0.03996,3,0,DONE,4194304,4194304,4194304,3746315530,-1,0
0.03998,0,0,INJECTING,419745368,419653024,1386879564,188242843105,-1,0
0.03998,1,0,DONE,4194304,4194304,4194304,10097709621,-1,0
0.03998,2,0,DONE,4194304,4194304,4194304,9453642767,-1,0
0.03998,3,0,DONE,4194304,4194304,4194304,3746315530,-1,0
0.04,0,0,INJECTING,420198520,420106176,1386879564,188242843105,-1,0
0.04,1,0,DONE,4194304,4194304,4194304,10097709621,-1,0
0.04,2,0,DONE,4194304,4194304,4194304,9453642767,-1,0
0.04,3,0,DONE,4194304,4194304,4194304,3746315530,-1,0
0.04002,0,0,INJECTING,420651672,420559328,1386879564,188242843105,-1,0
0.04002,1,0,DONE,4194304,4194304,4194304,10097709621,-1,0
0.04002,2,0,DONE,4194304,4194304,4194304,9453642767,-1,0
0.04002,3,0,DONE,4194304,4194304,4194304,3746315530,-1,0
0.04004,0,0,INJECTING,421105776,421012480,1386879564,188242843105,-1,0
0.04004,1,0,DONE,4194304,4194304,4194304,10097709621,-1,0
0.04004,2,0,DONE,4194304,4194304,4194304,9453642767,-1,0
0.04004,3,0,DONE,4194304,4194304,4194304,3746315530,-1,0
0.04006,0,0,INJECTING,421558928,421466584,1386879564,188242843105,-1,0
0.04006,1,0,DONE,4194304,4194304,4194304,10097709621,-1,0
0.04006,2,0,DONE,4194304,4194304,4194304,9453642767,-1,0
0.04006,3,0,DONE,4194304,4194304,4194304,3746315530,-1,0
0.04008,0,0,INJECTING,422012080,421919736,1386879564,188242843105,-1,0
0.04008,1,0,DONE,4194304,4194304,4194304,10097709621,-1,0
0.04008,2,0,DONE,4194304,4194304,4194304,9453642767,-1,0
0.04008,3,0,DONE,4194304,4194304,4194304,3746315530,-1,0
0.0401,0,0,INJECTING,422465232,422372888,1386879564,188242843105,-1,0
0.0401,1,0,DONE,4194304,4194304,4194304,10097709621,-1,0
0.0401,2,0,DONE,4194304,4194304,4194304,9453642767,-1,0
0.0401,3,0,DONE,4194304,4194304,4194304,3746315530,-1,0
0.04012,0,0,INJECTING,422918384,422826040,1386879564,188242843105,-1,0
0.04012,1,0,DONE,4194304,4194304,4194304,10097709621,-1,0
0.04012,2,0,DONE,4194304,4194304,4194304,9453642767,-1,0
0.04012,3,0,DONE,4194304,4194304,4194304,3746315530,-1,0
0.04014,0,0,INJECTING,423372488,423279192,1386879564,188242843105,-1,0
0.04014,1,0,DONE,4194304,4194304,4194304,10097709621,-1,0
0.04014,2,0,DONE,4194304,4194304,4194304,9453642767,-1,0
0.04014,3,0,DONE,4194304,4194304,4194304,3746315530,-1,0
0.04016,0,0,INJECTING,423825640,423733296,1386879564,188242843105,-1,0
0.04016,1,0,DONE,4194304,4194304,4194304,10097709621,-1,0
0.04016,2,0,DONE,4194304,4194304,4194304,9453642767,-1,0
0.04016,3,0,DONE,4194304,4194304,4194304,3746315530,-1,0
0.04018,0,0,INJECTING,424278792,424186448,1386879564,188242843105,-1,0
0.04018,1,0,DONE,4194304,4194304,4194304,10097709621,-1,0
0.04018,2,0,DONE,4194304,4194304,4194304,9453642767,-1,0
0.04018,3,0,DONE,4194304,4194304,4194304,3746315530,-1,0
0.0402,0,0,INJECTING,424731944,424639600,1386879564,188242843105,-1,0
0.0402,1,0,DONE,4194304,4194304,4194304,10097709621,-1,0
0.0402,2,0,DONE,4194304,4194304,4194304,9453642767,-1,0
0.0402,3,0,DONE,4194304,4194304,4194304,3746315530,-1,0
0.04022,0,0,INJECTING,425185096,425092752,1386879564,188242843105,-1,0
0.04022,1,0,DONE,4194304,4194304,4194304,10097709621,-1,0
0.04022,2,0,DONE,4194304,4194304,4194304,9453642767,-1,0
0.04022,3,0,DONE,4194304,4194304,4194304,3746315530,-1,0
0.04024,0,0,INJECTING,425639200,425545904,1386879564,188242843105,-1,0
0.04024,1,0,DONE,4194304,4194304,4194304,10097709621,-1,0
0.04024,2,0,DONE,4194304,4194304,4194304,9453642767,-1,0
0.04024,3,0,DONE,4194304,4194304,4194304,3746315530,-1,0
0.04026,0,0,INJECTING,426092352,425999056,1386879564,188242843105,-1,0
0.04026,1,0,DONE,4194304,4194304,4194304,10097709621,-1,0
0.04026,2,0,DONE,4194304,4194304,4194304,9453642767,-1,0
0.04026,3,0,DONE,4194304,4194304,4194304,3746315530,-1,0
0.04028,0,0,INJECTING,426545504,426453160,1386879564,188242843105,-1,0
0.04028,1,0,DONE,4194304,4194304,4194304,10097709621,-1,0
0.04028,2,0,DONE,4194304,4194304,4194304,9453642767,-1,0
0.04028,3,0,DONE,4194304,4194304,4194304,3746315530,-1,0
0.0403,0,0,INJECTING,426998656,426906312,1386879564,188242843105,-1,0
0.0403,1,0,DONE,4194304,4194304,4194304,10097709621,-1,0
0.0403,2,0,DONE,4194304,4194304,4194304,9453642767,-1,0
0.0403,3,0,DONE,4194304,4194304,4194304,3746315530,-1,0
0.04032,0,0,INJECTING,427451808,427359464,1386879564,188242843105,-1,0
0.04032,1,0,DONE,4194304,4194304,4194304,10097709621,-1,0
0.04032,2,0,DONE,4194304,4194304,4194304,9453642767,-1,0
0.04032,3,0,DONE,4194304,4194304,4194304,3746315530,-1,0
0.04034,0,0,INJECTING,427904960,427812616,1386879564,188242843105,-1,0
0.04034,1,0,DONE,4194304,4194304,4194304,10097709621,-1,0
0.04034,2,0,DONE,4194304,4194304,4194304,9453642767,-1,0
0.04034,3,0,DONE,4194304,4194304,4194304,3746315530,-1,0
0.04036,0,0,INJECTING,428359064,428265768,1386879564,188242843105,-1,0
0.04036,1,0,DONE,4194304,4194304,4194304,10097709621,-1,0
0.04036,2,0,DONE,4194304,4194304,4194304,9453642767,-1,0
0.04036,3,0,DONE,4194304,4194304,4194304,3746315530,-1,0
0.04038,0,0,INJECTING,428812216,428719872,1386879564,188242843105,-1,0
0.04038,1,0,DONE,4194304,4194304,4194304,10097709621,-1,0
0.04038,2,0,DONE,4194304,4194304,4194304,9453642767,-1,0
0.04038,3,0,DONE,4194304,4194304,4194304,3746315530,-1,0
0.0404,0,0,INJECTING,429265368,429173024,1386879564,188242843105,-1,0
0.0404,1,0,DONE,4194304,4194304,4194304,10097709621,-1,0
0.0404,2,0,DONE,4194304,4194304,4194304,9453642767,-1,0
0.0404,3,0,DONE,4194304,4194304,4194304,3746315530,-1,0
0.04042,0,0,INJECTING,429718520,429626176,1386879564,188242843105,-1,0
0.04042,1,0,DONE,4194304,4194304,4194304,10097709621,-1,0
0.04042,2,0,DONE,4194304,4194304,4194304,9453642767,-1,0
0.04042,3,0,DONE,4194304,4194304,4194304,3746315530,-1,0
0.04044,0,0,INJECTING,430171672,430079328,1386879564,188242843105,-1,0
0.04044,1,0,DONE,4194304,4194304,4194304,10097709621,-1,0
0.04044,2,0,DONE,4194304,4194304,4194304,9453642767,-1,0
0.04044,3,0,DONE,4194304,4194304,4194304,3746315530,-1,0
0.04046,0,0,INJECTING,430625776,430532480,1386879564,188242843105,-1,0
0.04046,1,0,DONE,4194304,4194304,4194304,10097709621,-1,0
0.04046,2,0,DONE,4194304,4194304,4194304,9453642767,-1,0
0.04046,3,0,DONE,4194304,4194304,4194304,3746315530,-1,0
0.04048,0,0,INJECTING,431078928,430986584,1386879564,188242843105,-1,0
0.04048,1,0,DONE,4194304,4194304,4194304,10097709621,-1,0
0.04048,2,0,DONE,4194304,4194304,4194304,9453642767,-1,0
0.04048,3,0,DONE,4194304,4194304,4194304,3746315530,-1,0
0.0405,0,0,INJECTING,431532080,431439736,1386879564,188242843105,-1,0
0.0405,1,0,DONE,4194304,4194304,4194304,10097709621,-1,0
0.0405,2,0,DONE,4194304,4194304,4194304,9453642767,-1,0
0.0405,3,0,DONE,4194304,4194304,4194304,3746315530,-1,0
0.04052,0,0,INJECTING,431985232,431892888,1386879564,188242843105,-1,0
0.04052,1,0,DONE,4194304,4194304,4194304,10097709621,-1,0
0.04052,2,0,DONE,4194304,4194304,4194304,9453642767,-1,0
0.04052,3,0,DONE,4194304,4194304,4194304,3746315530,-1,0
0.04054,0,0,INJECTING,432438384,432346040,1386879564,188242843105,-1,0
0.04054,1,0,DONE,4194304,4194304,4194304,10097709621,-1,0
0.04054,2,0,DONE,4194304,4194304,4194304,9453642767,-1,0
0.04054,3,0,DONE,4194304,4194304,4194304,3746315530,-1,0
0.04056,0,0,INJECTING,432892488,432799192,1386879564,188242843105,-1,0
0.04056,1,0,DONE,4194304,4194304,4194304,10097709621,-1,0
0.04056,2,0,DONE,4194304,4194304,4194304,9453642767,-1,0
0.04056,3,0,DONE,4194304,4194304,4194304,3746315530,-1,0
0.04058,0,0,INJECTING,433345640,433253296,1386879564,188242843105,-1,0
0.04058,1,0,DONE,4194304,4194304,4194304,10097709621,-1,0
0.04058,2,0,DONE,4194304,4194304,4194304,9453642767,-1,0
0.04058,3,0,DONE,4194304,4194304,4194304,3746315530,-1,0
0.0406,0,0,INJECTING,433798792,433706448,1386879564,188242843105,-1,0
0.0406,1,0,DONE,4194304,4194304,4194304,10097709621,-1,0
0.0406,2,0,DONE,4194304,4194304,4194304,9453642767,-1,0
0.0406,3,0,DONE,4194304,4194304,4194304,3746315530,-1,0
0.04062,0,0,INJECTING,434251944,434159600,1386879564,188242843105,-1,0
0.04062,1,0,DONE,4194304,4194304,4194304,10097709621,-1,0
0.04062,2,0,DONE,4194304,4194304,4194304,9453642767,-1,0
0.04062,3,0,DONE,4194304,4194304,4194304,3746315530,-1,0
0.04064,0,0,INJECTING,434705096,434612752,1386879564,188242843105,-1,0
0.04064,1,0,DONE,4194304,4194304,4194304,10097709621,-1,0
0.04064,2,0,DONE,4194304,4194304,4194304,9453642767,-1,0
0.04064,3,0,DONE,4194304,4194304,4194304,3746315530,-1,0
0.04066,0,0,INJECTING,435159200,435065904,1386879564,188242843105,-1,0
0.04066,1,0,DONE,4194304,4194304,4194304,10097709621,-1,0
0.04066,2,0,DONE,4194304,4194304,4194304,9453642767,-1,0
0.04066,3,0,DONE,4194304,4194304,4194304,3746315530,-1,0
0.04068,0,0,INJECTING,435612352,435519056,1386879564,188242843105,-1,0
0.04068,1,0,DONE,4194304,4194304,4194304,10097709621,-1,0
0.04068,2,0,DONE,4194304,4194304,4194304,9453642767,-1,0
0.04068,3,0,DONE,4194304,4194304,4194304,3746315530,-1,0
0.0407,0,0,INJECTING,436065504,435973160,1386879564,188242843105,-1,0
0.0407,1,0,DONE,4194304,4194304,4194304,10097709621,-1,0
0.0407,2,0,DONE,4194304,4194304,4194304,9453642767,-1,0
0.0407,3,0,DONE,4194304,4194304,4194304,3746315530,-1,0
0.04072,0,0,INJECTING,436518656,436426312,1386879564,188242843105,-1,0
0.04072,1,0,DONE,4194304,4194304,4194304,10097709621,-1,0
0.04072,2,0,DONE,4194304,4194304,4194304,9453642767,-1,0
0.04072,3,0,DONE,4194304,4194304,4194304,3746315530,-1,0
0.04074,0,0,INJECTING,436971808,436879464,1386879564,188242843105,-1,0
0.04074,1,0,DONE,4194304,4194304,4194304,10097709621,-1,0
0.04074,2,0,DONE,4194304,4194304,4194304,9453642767,-1,0
0.04074,3,0,DONE,4194304,4194304,4194304,3746315530,-1,0
0.04076,0,0,INJECTING,437424960,437332616,1386879564,188242843105,-1,0
0.04076,1,0,DONE,4194304,4194304,4194304,10097709621,-1,0
0.04076,2,0,DONE,4194304,4194304,4194304,9453642767,-1,0
0.04076,3,0,DONE,4194304,4194304,4194304,3746315530,-1,0
0.04078,0,0,INJECTING,437879064,437785768,1386879564,188242843105,-1,0
0.04078,1,0,DONE,4194304,4194304,4194304,10097709621,-1,0
0.04078,2,0,DONE,4194304,4194304,4194304,9453642767,-1,0
0.04078,3,0,DONE,4194304,4194304,4194304,3746315530,-1,0
0.0408,0,0,INJECTING,438332216,438239872,1386879564,188242843105,-1,0
0.0408,1,0,DONE,4194304,4194304,4194304,10097709621,-1,0
0.0408,2,0,DONE,4194304,4194304,4194304,9453642767,-1,0
0.0408,3,0,DONE,4194304,4194304,4194304,3746315530,-1,0
0.04082,0,0,INJECTING,438785368,438693024,1386879564,188242843105,-1,0
0.04082,1,0,DONE,4194304,4194304,4194304,10097709621,-1,0
0.04082,2,0,DONE,4194304,4194304,4194304,9453642767,-1,0
0.04082,3,0,DONE,4194304,4194304,4194304,3746315530,-1,0
0.04084,0,0,INJECTING,439238520,439146176,1386879564,188242843105,-1,0
0.04084,1,0,DONE,4194304,4194304,4194304,10097709621,-1,0
0.04084,2,0,DONE,4194304,4194304,4194304,9453642767,-1,0
0.04084,3,0,DONE,4194304,4194304,4194304,3746315530,-1,0
0.04086,0,0,INJECTING,439691672,439599328,1386879564,188242843105,-1,0
0.04086,1,0,DONE,4194304,4194304,4194304,10097709621,-1,0
0.04086,2,0,DONE,4194304,4194304,4194304,9453642767,-1,0
0.04086,3,0,DONE,4194304,4194304,4194304,3746315530,-1,0
0.04088,0,0,INJECTING,440145776,440052480,1386879564,188242843105,-1,0
0.04088,1,0,DONE,4194304,4194304,4194304,10097709621,-1,0
0.04088,2,0,DONE,4194304,4194304,4194304,9453642767,-1,0
0.04088,3,0,DONE,4194304,4194304,4194304,3746315530,-1,0
0.0409,0,0,INJECTING,440598928,440506584,1386879564,188242843105,-1,0
0.0409,1,0,DONE,4194304,4194304,4194304,10097709621,-1,0
0.0409,2,0,DONE,4194304,4194304,4194304,9453642767,-1,0
0.0409,3,0,DONE,4194304,4194304,4194304,3746315530,-1,0
0.04092,0,0,INJECTING,441052080,440959736,1386879564,188242843105,-1,0
0.04092,1,0,DONE,4194304,4194304,4194304,10097709621,-1,0
0.04092,2,0,DONE,4194304,4194304,4194304,9453642767,-1,0
0.04092,3,0,DONE,4194304,4194304,4194304,3746315530,-1,0
0.04094,0,0,INJECTING,441505232,441412888,1386879564,188242843105,-1,0
0.04094,1,0,DONE,4194304,4194304,4194304,10097709621,-1,0
0.04094,2,0,DONE,4194304,4194304,4194304,9453642767,-1,0
0.04094,3,0,DONE,4194304,4194304,4194304,3746315530,-1,0
0.04096,0,0,INJECTING,441958384,441866040,1386879564,188242843105,-1,0
0.04096,1,0,DONE,4194304,4194304,4194304,10097709621,-1,0
0.04096,2,0,DONE,4194304,4194304,4194304,9453642767,-1,0
0.04096,3,0,DONE,4194304,4194304,4194304,3746315530,-1,0
0.04098,0,0,INJECTING,442412488,442319192,1386879564,188242843105,-1,0
0.04098,1,0,DONE,4194304,4194304,4194304,10097709621,-1,0
0.04098,2,0,DONE,4194304,4194304,4194304,9453642767,-1,0
0.04098,3,0,DONE,4194304,4194304,4194304,3746315530,-1,0
0.041,0,0,INJECTING,442865640,442773296,1386879564,188242843105,-1,0
0.041,1,0,DONE,4194304,4194304,4194304,10097709621,-1,0
0.041,2,0,DONE,4194304,4194304,4194304,9453642767,-1,0
0.041,3,0,DONE,4194304,4194304,4194304,3746315530,-1,0
0.04102,0,0,INJECTING,443318792,443226448,1386879564,188242843105,-1,0
0.04102,1,0,DONE,4194304,4194304,4194304,10097709621,-1,0
0.04102,2,0,DONE,4194304,4194304,4194304,9453642767,-1,0
0.04102,3,0,DONE,4194304,4194304,4194304,3746315530,-1,0
0.04104,0,0,INJECTING,443771944,443679600,1386879564,188242843105,-1,0
0.04104,1,0,DONE,4194304,4194304,4194304,10097709621,-1,0
0.04104,2,0,DONE,4194304,4194304,4194304,9453642767,-1,0
0.04104,3,0,DONE,4194304,4194304,4194304,3746315530,-1,0
0.04106,0,0,INJECTING,444225096,444132752,1386879564,188242843105,-1,0
0.04106,1,0,DONE,4194304,4194304,4194304,10097709621,-1,0
0.04106,2,0,DONE,4194304,4194304,4194304,9453642767,-1,0
0.04106,3,0,DONE,4194304,4194304,4194304,3746315530,-1,0
0.04108,0,0,INJECTING,444679200,444585904,1386879564,188242843105,-1,0
0.04108,1,0,DONE,4194304,4194304,4194304,10097709621,-1,0
0.04108,2,0,DONE,4194304,4194304,4194304,9453642767,-1,0
0.04108,3,0,DONE,4194304,4194304,4194304,3746315530,-1,0
0.0411,0,0,INJECTING,445132352,445039056,1386879564,188242843105,-1,0
0.0411,1,0,DONE,4194304,4194304,4194304,10097709621,-1,0
0.0411,2,0,DONE,4194304,4194304,4194304,9453642767,-1,0
0.0411,3,0,DONE,4194304,4194304,4194304,3746315530,-1,0
0.04112,0,0,INJECTING,445585504,445493160,1386879564,188242843105,-1,0
0.04112,1,0,DONE,4194304,4194304,4194304,10097709621,-1,0
0.04112,2,0,DONE,4194304,4194304,4194304,9453642767,-1,0
0.04112,3,0,DONE,4194304,4194304,4194304,3746315530,-1,0
0.04114,0,0,INJECTING,446038656,445946312,1386879564,188242843105,-1,0
0.04114,1,0,DONE,4194304,4194304,4194304,10097709621,-1,0
0.04114,2,0,DONE,4194304,4194304,4194304,9453642767,-1,0
0.04114,3,0,DONE,4194304,4194304,4194304,3746315530,-1,0
0.04116,0,0,INJECTING,446491808,446399464,1386879564,188242843105,-1,0
0.04116,1,0,DONE,4194304,4194304,4194304,10097709621,-1,0
0.04116,2,0,DONE,4194304,4194304,4194304,9453642767,-1,0
0.04116,3,0,DONE,4194304,4194304,4194304,3746315530,-1,0
0.04118,0,0,INJECTING,446944960,446852616,1386879564,188242843105,-1,0
0.04118,1,0,DONE,4194304,4194304,4194304,10097709621,-1,0
0.04118,2,0,DONE,4194304,4194304,4194304,9453642767,-1,0
0.04118,3,0,DONE,4194304,4194304,4194304,3746315530,-1,0
0.0412,0,0,INJECTING,447399064,447305768,1386879564,188242843105,-1,0
0.0412,1,0,DONE,4194304,4194304,4194304,10097709621,-1,0
0.0412,2,0,DONE,4194304,4194304,4194304,9453642767,-1,0
0.0412,3,0,DONE,4194304,4194304,4194304,3746315530,-1,0
0.04122,0,0,INJECTING,447852216,447759872,1386879564,188242843105,-1,0
0.04122,1,0,DONE,4194304,4194304,4194304,10097709621,-1,0
0.04122,2,0,DONE,4194304,4194304,4194304,9453642767,-1,0
0.04122,3,0,DONE,4194304,4194304,4194304,3746315530,-1,0
0.04124,0,0,INJECTING,448305368,448213024,1386879564,188242843105,-1,0
0.04124,1,0,DONE,4194304,4194304,4194304,10097709621,-1,0
0.04124,2,0,DONE,4194304,4194304,4194304,9453642767,-1,0
0.04124,3,0,DONE,4194304,4194304,4194304,3746315530,-1,0
0.04126,0,0,INJECTING,448758520,448666176,1386879564,188242843105,-1,0
0.04126,1,0,DONE,4194304,4194304,4194304,10097709621,-1,0
0.04126,2,0,DONE,4194304,4194304,4194304,9453642767,-1,0
0.04126,3,0,DONE,4194304,4194304,4194304,3746315530,-1,0
0.04128,0,0,INJECTING,449211672,449119328,1386879564,188242843105,-1,0
0.04128,1,0,DONE,4194304,4194304,4194304,10097709621,-1,0
0.04128,2,0,DONE,4194304,4194304,4194304,9453642767,-1,0
0.04128,3,0,DONE,4194304,4194304,4194304,3746315530,-1,0
0.0413,0,0,INJECTING,449665776,449572480,1386879564,188242843105,-1,0
0.0413,1,0,DONE,4194304,4194304,4194304,10097709621,-1,0
0.0413,2,0,DONE,4194304,4194304,4194304,9453642767,-1,0
0.0413,3,0,DONE,4194304,4194304,4194304,3746315530,-1,0
0.04132,0,0,INJECTING,450118928,450026584,1386879564,188242843105,-1,0
0.04132,1,0,DONE,4194304,4194304,4194304,10097709621,-1,0
0.04132,2,0,DONE,4194304,4194304,4194304,9453642767,-1,0
0.04132,3,0,DONE,4194304,4194304,4194304,3746315530,-1,0
0.04134,0,0,INJECTING,450572080,450479736,1386879564,188242843105,-1,0
0.04134,1,0,DONE,4194304,4194304,4194304,10097709621,-1,0
0.04134,2,0,DONE,4194304,4194304,4194304,9453642767,-1,0
0.04134,3,0,DONE,4194304,4194304,4194304,3746315530,-1,0
0.04136,0,0,INJECTING,451025232,450932888,1386879564,188242843105,-1,0
0.04136,1,0,DONE,4194304,4194304,4194304,10097709621,-1,0
0.04136,2,0,DONE,4194304,4194304,4194304,9453642767,-1,0
0.04136,3,0,DONE,4194304,4194304,4194304,3746315530,-1,0
0.04138,0,0,INJECTING,451478384,451386040,1386879564,188242843105,-1,0
0.04138,1,0,DONE,4194304,4194304,4194304,10097709621,-1,0
0.04138,2,0,DONE,4194304,4194304,4194304,9453642767,-1,0
0.04138,3,0,DONE,4194304,4194304,4194304,3746315530,-1,0
0.0414,0,0,INJECTING,451932488,451839192,1386879564,188242843105,-1,0
0.0414,1,0,DONE,4194304,4194304,4194304,10097709621,-1,0
0.0414,2,0,DONE,4194304,4194304,4194304,9453642767,-1,0
0.0414,3,0,DONE,4194304,4194304,4194304,3746315530,-1,0
0.04142,0,0,INJECTING,452385640,452293296,1386879564,188242843105,-1,0
0.04142,1,0,DONE,4194304,4194304,4194304,10097709621,-1,0
0.04142,2,0,DONE,4194304,4194304,4194304,9453642767,-1,0
0.04142,3,0,DONE,4194304,4194304,4194304,3746315530,-1,0
0.04144,0,0,INJECTING,452838792,452746448,1386879564,188242843105,-1,0
0.04144,1,0,DONE,4194304,4194304,4194304,10097709621,-1,0
0.04144,2,0,DONE,4194304,4194304,4194304,9453642767,-1,0
0.04144,3,0,DONE,4194304,4194304,4194304,3746315530,-1,0
0.04146,0,0,INJECTING,453291944,453199600,1386879564,188242843105,-1,0
0.04146,1,0,DONE,4194304,4194304,4194304,10097709621,-1,0
0.04146,2,0,DONE,4194304,4194304,4194304,9453642767,-1,0
0.04146,3,0,DONE,4194304,4194304,4194304,3746315530,-1,0
0.04148,0,0,INJECTING,453745096,453652752,1386879564,188242843105,-1,0
0.04148,1,0,DONE,4194304,4194304,4194304,10097709621,-1,0
0.04148,2,0,DONE,4194304,4194304,4194304,9453642767,-1,0
0.04148,3,0,DONE,4194304,4194304,4194304,3746315530,-1,0
0.0415,0,0,INJECTING,454199200,454105904,1386879564,188242843105,-1,0
0.0415,1,0,DONE,4194304,4194304,4194304,10097709621,-1,0
0.0415,2,0,DONE,4194304,4194304,4194304,9453642767,-1,0
0.0415,3,0,DONE,4194304,4194304,4194304,3746315530,-1,0
0.04152,0,0,INJECTING,454652352,454559056,1386879564,188242843105,-1,0
0.04152,1,0,DONE,4194304,4194304,4194304,10097709621,-1,0
0.04152,2,0,DONE,4194304,4194304,4194304,9453642767,-1,0
0.04152,3,0,DONE,4194304,4194304,4194304,3746315530,-1,0
0.04154,0,0,INJECTING,455105504,455013160,1386879564,188242843105,-1,0
0.04154,1,0,DONE,4194304,4194304,4194304,10097709621,-1,0
0.04154,2,0,DONE,4194304,4194304,4194304,9453642767,-1,0
0.04154,3,0,DONE,4194304,4194304,4194304,3746315530,-1,0
0.04156,0,0,INJECTING,455558656,455466312,1386879564,188242843105,-1,0
0.04156,1,0,DONE,4194304,4194304,4194304,10097709621,-1,0
0.04156,2,0,DONE,4194304,4194304,4194304,9453642767,-1,0
0.04156,3,0,DONE,4194304,4194304,4194304,3746315530,-1,0
0.04158,0,0,INJECTING,456011808,455919464,1386879564,188242843105,-1,0
0.04158,1,0,DONE,4194304,4194304,4194304,10097709621,-1,0
0.04158,2,0,DONE,4194304,4194304,4194304,9453642767,-1,0
0.04158,3,0,DONE,4194304,4194304,4194304,3746315530,-1,0
0.0416,0,0,INJECTING,456464960,456372616,1386879564,188242843105,-1,0
0.0416,1,0,DONE,4194304,4194304,4194304,10097709621,-1,0
0.0416,2,0,DONE,4194304,4194304,4194304,9453642767,-1,0
0.0416,3,0,DONE,4194304,4194304,4194304,3746315530,-1,0
0.04162,0,0,INJECTING,456919064,456825768,1386879564,188242843105,-1,0
0.04162,1,0,DONE,4194304,4194304,4194304,10097709621,-1,0
0.04162,2,0,DONE,4194304,4194304,4194304,9453642767,-1,0
0.04162,3,0,DONE,4194304,4194304,4194304,3746315530,-1,0
0.04164,0,0,INJECTING,457372216,457279872,1386879564,188242843105,-1,0
0.04164,1,0,DONE,4194304,4194304,4194304,10097709621,-1,0
0.04164,2,0,DONE,4194304,4194304,4194304,9453642767,-1,0
0.04164,3,0,DONE,4194304,4194304,4194304,3746315530,-1,0
0.04166,0,0,INJECTING,457825368,457733024,1386879564,188242843105,-1,0
0.04166,1,0,DONE,4194304,4194304,4194304,10097709621,-1,0
0.04166,2,0,DONE,4194304,4194304,4194304,9453642767,-1,0
0.04166,3,0,DONE,4194304,4194304,4194304,3746315530,-1,0
0.04168,0,0,INJECTING,458278520,458186176,1386879564,188242843105,-1,0
0.04168,1,0,DONE,4194304,4194304,4194304,10097709621,-1,0
0.04168,2,0,DONE,4194304,4194304,4194304,9453642767,-1,0
0.04168,3,0,DONE,4194304,4194304,4194304,3746315530,-1,0
0.0417,0,0,INJECTING,458731672,458639328,1386879564,188242843105,-1,0
0.0417,1,0,DONE,4194304,4194304,4194304,10097709621,-1,0
0.0417,2,0,DONE,4194304,4194304,4194304,9453642767,-1,0
0.0417,3,0,DONE,4194304,4194304,4194304,3746315530,-1,0
0.04172,0,0,INJECTING,459185776,459092480,1386879564,188242843105,-1,0
0.04172,1,0,DONE,4194304,4194304,4194304,10097709621,-1,0
0.04172,2,0,DONE,4194304,4194304,4194304,9453642767,-1,0
0.04172,3,0,DONE,4194304,4194304,4194304,3746315530,-1,0
0.04174,0,0,INJECTING,459638928,459546584,1386879564,188242843105,-1,0
0.04174,1,0,DONE,4194304,4194304,4194304,10097709621,-1,0
0.04174,2,0,DONE,4194304,4194304,4194304,9453642767,-1,0
0.04174,3,0,DONE,4194304,4194304,4194304,3746315530,-1,0
0.04176,0,0,INJECTING,460092080,459999736,1386879564,188242843105,-1,0
0.04176,1,0,DONE,4194304,4194304,4194304,10097709621,-1,0
0.04176,2,0,DONE,4194304,4194304,4194304,9453642767,-1,0
0.04176,3,0,DONE,4194304,4194304,4194304,3746315530,-1,0
0.04178,0,0,INJECTING,460545232,460452888,1386879564,188242843105,-1,0
0.04178,1,0,DONE,4194304,4194304,4194304,10097709621,-1,0
0.04178,2,0,DONE,4194304,4194304,4194304,9453642767,-1,0
0.04178,3,0,DONE,4194304,4194304,4194304,3746315530,-1,0
0.0418,0,0,INJECTING,460998384,460906040,1386879564,188242843105,-1,0
0.0418,1,0,DONE,4194304,4194304,4194304,10097709621,-1,0
0.0418,2,0,DONE,4194304,4194304,4194304,9453642767,-1,0
0.0418,3,0,DONE,4194304,4194304,4194304,3746315530,-1,0
0.04182,0,0,INJECTING,461452488,461359192,1386879564,188242843105,-1,0
0.04182,1,0,DONE,4194304,4194304,4194304,10097709621,-1,0
0.04182,2,0,DONE,4194304,4194304,4194304,9453642767,-1,0
0.04182,3,0,DONE,4194304,4194304,4194304,3746315530,-1,0
0.04184,0,0,INJECTING,461905640,461813296,1386879564,188242843105,-1,0
0.04184,1,0,DONE,4194304,4194304,4194304,10097709621,-1,0
0.04184,2,0,DONE,4194304,4194304,4194304,9453642767,-1,0
0.04184,3,0,DONE,4194304,4194304,4194304,3746315530,-1,0
0.04186,0,0,INJECTING,462358792,462266448,1386879564,188242843105,-1,0
0.04186,1,0,DONE,4194304,4194304,4194304,10097709621,-1,0
0.04186,2,0,DONE,4194304,4194304,4194304,9453642767,-1,0
0.04186,3,0,DONE,4194304,4194304,4194304,3746315530,-1,0
0.04188,0,0,INJECTING,462811944,462719600,1386879564,188242843105,-1,0
0.04188,1,0,DONE,4194304,4194304,4194304,10097709621,-1,0
0.04188,2,0,DONE,4194304,4194304,4194304,9453642767,-1,0
0.04188,3,0,DONE,4194304,4194304,4194304,3746315530,-1,0
0.0419,0,0,INJECTING,463265096,463172752,1386879564,188242843105,-1,0
0.0419,1,0,DONE,4194304,4194304,4194304,10097709621,-1,0
0.0419,2,0,DONE,4194304,4194304,4194304,9453642767,-1,0
0.0419,3,0,DONE,4194304,4194304,4194304,3746315530,-1,0
0.04192,0,0,INJECTING,463719200,463625904,1386879564,188242843105,-1,0
0.04192,1,0,DONE,4194304,4194304,4194304,10097709621,-1,0
0.04192,2,0,DONE,4194304,4194304,4194304,9453642767,-1,0
0.04192,3,0,DONE,4194304,4194304,4194304,3746315530,-1,0
0.04194,0,0,INJECTING,464172352,464079056,1386879564,188242843105,-1,0
0.04194,1,0,DONE,4194304,4194304,4194304,10097709621,-1,0
0.04194,2,0,DONE,4194304,4194304,4194304,9453642767,-1,0
0.04194,3,0,DONE,4194304,4194304,4194304,3746315530,-1,0
0.04196,0,0,INJECTING,464625504,464533160,1386879564,188242843105,-1,0
0.04196,1,0,DONE,4194304,4194304,4194304,10097709621,-1,0
0.04196,2,0,DONE,4194304,4194304,4194304,9453642767,-1,0
0.04196,3,0,DONE,4194304,4194304,4194304,3746315530,-1,0
0.04198,0,0,INJECTING,465078656,464986312,1386879564,188242843105,-1,0
0.04198,1,0,DONE,4194304,4194304,4194304,10097709621,-1,0
0.04198,2,0,DONE,4194304,4194304,4194304,9453642767,-1,0
0.04198,3,0,DONE,4194304,4194304,4194304,3746315530,-1,0
0.042,0,0,INJECTING,465531808,465439464,1386879564,188242843105,-1,0
0.042,1,0,DONE,4194304,4194304,4194304,10097709621,-1,0
0.042,2,0,DONE,4194304,4194304,4194304,9453642767,-1,0
0.042,3,0,DONE,4194304,4194304,4194304,3746315530,-1,0
0.04202,0,0,INJECTING,465984960,465892616,1386879564,188242843105,-1,0
0.04202,1,0,DONE,4194304,4194304,4194304,10097709621,-1,0
0.04202,2,0,DONE,4194304,4194304,4194304,9453642767,-1,0
0.04202,3,0,DONE,4194304,4194304,4194304,3746315530,-1,0
0.04204,0,0,INJECTING,466439064,466345768,1386879564,188242843105,-1,0
0.04204,1,0,DONE,4194304,4194304,4194304,10097709621,-1,0
0.04204,2,0,DONE,4194304,4194304,4194304,9453642767,-1,0
0.04204,3,0,DONE,4194304,4194304,4194304,3746315530,-1,0
0.04206,0,0,INJECTING,466892216,466799872,1386879564,188242843105,-1,0
0.04206,1,0,DONE,4194304,4194304,4194304,10097709621,-1,0
0.04206,2,0,DONE,4194304,4194304,4194304,9453642767,-1,0
0.04206,3,0,DONE,4194304,4194304,4194304,3746315530,-1,0
0.04208,0,0,INJECTING,467345368,467253024,1386879564,188242843105,-1,0
0.04208,1,0,DONE,4194304,4194304,4194304,10097709621,-1,0
0.04208,2,0,DONE,4194304,4194304,4194304,9453642767,-1,0
0.04208,3,0,DONE,4194304,4194304,4194304,3746315530,-1,0
0.0421,0,0,INJECTING,467798520,467706176,1386879564,188242843105,-1,0
0.0421,1,0,DONE,4194304,4194304,4194304,10097709621,-1,0
0.0421,2,0,DONE,4194304,4194304,4194304,9453642767,-1,0
0.0421,3,0,DONE,4194304,4194304,4194304,3746315530,-1,0
0.04212,0,0,INJECTING,468251672,468159328,1386879564,188242843105,-1,0
0.04212,1,0,DONE,4194304,4194304,4194304,10097709621,-1,0
0.04212,2,0,DONE,4194304,4194304,4194304,9453642767,-1,0
0.04212,3,0,DONE,4194304,4194304,4194304,3746315530,-1,0
0.04214,0,0,INJECTING,468705776,468612480,1386879564,188242843105,-1,0
0.04214,1,0,DONE,4194304,4194304,4194304,10097709621,-1,0
0.04214,2,0,DONE,4194304,4194304,4194304,9453642767,-1,0
0.04214,3,0,DONE,4194304,4194304,4194304,3746315530,-1,0
0.04216,0,0,INJECTING,469158928,469066584,1386879564,188242843105,-1,0
0.04216,1,0,DONE,4194304,4194304,4194304,10097709621,-1,0
0.04216,2,0,DONE,4194304,4194304,4194304,9453642767,-1,0
0.04216,3,0,DONE,4194304,4194304,4194304,3746315530,-1,0
0.04218,0,0,INJECTING,469612080,469519736,1386879564,188242843105,-1,0
0.04218,1,0,DONE,4194304,4194304,4194304,10097709621,-1,0
0.04218,2,0,DONE,4194304,4194304,4194304,9453642767,-1,0
0.04218,3,0,DONE,4194304,4194304,4194304,3746315530,-1,0
0.0422,0,0,INJECTING,470065232,469972888,1386879564,188242843105,-1,0
0.0422,1,0,DONE,4194304,4194304,4194304,10097709621,-1,0
0.0422,2,0,DONE,4194304,4194304,4194304,9453642767,-1,0
0.0422,3,0,DONE,4194304,4194304,4194304,3746315530,-1,0
0.04222,0,0,INJECTING,470518384,470426040,1386879564,188242843105,-1,0
0.04222,1,0,DONE,4194304,4194304,4194304,10097709621,-1,0
0.04222,2,0,DONE,4194304,4194304,4194304,9453642767,-1,0
0.04222,3,0,DONE,4194304,4194304,4194304,3746315530,-1,0
0.04224,0,0,INJECTING,470972488,470879192,1386879564,188242843105,-1,0
0.04224,1,0,DONE,4194304,4194304,4194304,10097709621,-1,0
0.04224,2,0,DONE,4194304,4194304,4194304,9453642767,-1,0
0.04224,3,0,DONE,4194304,4194304,4194304,3746315530,-1,0
0.04226,0,0,INJECTING,471425640,471333296,1386879564,188242843105,-1,0
0.04226,1,0,DONE,4194304,4194304,4194304,10097709621,-1,0
0.04226,2,0,DONE,4194304,4194304,4194304,9453642767,-1,0
0.04226,3,0,DONE,4194304,4194304,4194304,3746315530,-1,0
0.04228,0,0,INJECTING,471878792,471786448,1386879564,188242843105,-1,0
0.04228,1,0,DONE,4194304,4194304,4194304,10097709621,-1,0
0.04228,2,0,DONE,4194304,4194304,4194304,9453642767,-1,0
0.04228,3,0,DONE,4194304,4194304,4194304,3746315530,-1,0
0.0423,0,0,INJECTING,472331944,472239600,1386879564,188242843105,-1,0
0.0423,1,0,DONE,4194304,4194304,4194304,10097709621,-1,0
0.0423,2,0,DONE,4194304,4194304,4194304,9453642767,-1,0
0.0423,3,0,DONE,4194304,4194304,4194304,3746315530,-1,0
0.04232,0,0,INJECTING,472785096,472692752,1386879564,188242843105,-1,0
0.04232,1,0,DONE,4194304,4194304,4194304,10097709621,-1,0
0.04232,2,0,DONE,4194304,4194304,4194304,9453642767,-1,0
0.04232,3,0,DONE,4194304,4194304,4194304,3746315530,-1,0
0.04234,0,0,INJECTING,473239200,473145904,1386879564,188242843105,-1,0
0.04234,1,0,DONE,4194304,4194304,4194304,10097709621,-1,0
0.04234,2,0,DONE,4194304,4194304,4194304,9453642767,-1,0
0.04234,3,0,DONE,4194304,4194304,4194304,3746315530,-1,0
0.04236,0,0,INJECTING,473692352,473599056,1386879564,188242843105,-1,0
0.04236,1,0,DONE,4194304,4194304,4194304,10097709621,-1,0
0.04236,2,0,DONE,4194304,4194304,4194304,9453642767,-1,0
0.04236,3,0,DONE,4194304,4194304,4194304,3746315530,-1,0
0.04238,0,0,INJECTING,474145504,474053160,1386879564,188242843105,-1,0
0.04238,1,0,DONE,4194304,4194304,4194304,10097709621,-1,0
0.04238,2,0,DONE,4194304,4194304,4194304,9453642767,-1,0
0.04238,3,0,DONE,4194304,4194304,4194304,3746315530,-1,0
0.0424,0,0,INJECTING,474598656,474506312,1386879564,188242843105,-1,0
0.0424,1,0,DONE,4194304,4194304,4194304,10097709621,-1,0
0.0424,2,0,DONE,4194304,4194304,4194304,9453642767,-1,0
0.0424,3,0,DONE,4194304,4194304,4194304,3746315530,-1,0
0.04242,0,0,INJECTING,475051808,474959464,1386879564,188242843105,-1,0
0.04242,1,0,DONE,4194304,4194304,4194304,10097709621,-1,0
0.04242,2,0,DONE,4194304,4194304,4194304,9453642767,-1,0
0.04242,3,0,DONE,4194304,4194304,4194304,3746315530,-1,0
0.04244,0,0,INJECTING,475504960,475412616,1386879564,188242843105,-1,0
0.04244,1,0,DONE,4194304,4194304,4194304,10097709621,-1,0
0.04244,2,0,DONE,4194304,4194304,4194304,9453642767,-1,0
0.04244,3,0,DONE,4194304,4194304,4194304,3746315530,-1,0
0.04246,0,0,INJECTING,475959064,475865768,1386879564,188242843105,-1,0
0.04246,1,0,DONE,4194304,4194304,4194304,10097709621,-1,0
0.04246,2,0,DONE,4194304,4194304,4194304,9453642767,-1,0
0.04246,3,0,DONE,4194304,4194304,4194304,3746315530,-1,0
0.04248,0,0,INJECTING,476412216,476319872,1386879564,188242843105,-1,0
0.04248,1,0,DONE,4194304,4194304,4194304,10097709621,-1,0
0.04248,2,0,DONE,4194304,4194304,4194304,9453642767,-1,0
0.04248,3,0,DONE,4194304,4194304,4194304,3746315530,-1,0
0.0425,0,0,INJECTING,476865368,476773024,1386879564,188242843105,-1,0
0.0425,1,0,DONE,4194304,4194304,4194304,10097709621,-1,0
0.0425,2,0,DONE,4194304,4194304,4194304,9453642767,-1,0
0.0425,3,0,DONE,4194304,4194304,4194304,3746315530,-1,0
0.04252,0,0,INJECTING,477318520,477226176,1386879564,188242843105,-1,0
0.04252,1,0,DONE,4194304,4194304,4194304,10097709621,-1,0
0.04252,2,0,DONE,4194304,4194304,4194304,9453642767,-1,0
0.04252,3,0,DONE,4194304,4194304,4194304,3746315530,-1,0
0.04254,0,0,INJECTING,477771672,477679328,1386879564,188242843105,-1,0
0.04254,1,0,DONE,4194304,4194304,4194304,10097709621,-1,0
0.04254,2,0,DONE,4194304,4194304,4194304,9453642767,-1,0
0.04254,3,0,DONE,4194304,4194304,4194304,3746315530,-1,0
0.04256,0,0,INJECTING,478225776,478132480,1386879564,188242843105,-1,0
0.04256,1,0,DONE,4194304,4194304,4194304,10097709621,-1,0
0.04256,2,0,DONE,4194304,4194304,4194304,9453642767,-1,0
0.04256,3,0,DONE,4194304,4194304,4194304,3746315530,-1,0
0.04258,0,0,INJECTING,478678928,478586584,1386879564,188242843105,-1,0
0.04258,1,0,DONE,4194304,4194304,4194304,10097709621,-1,0
0.04258,2,0,DONE,4194304,4194304,4194304,9453642767,-1,0
0.04258,3,0,DONE,4194304,4194304,4194304,3746315530,-1,0
0.0426,0,0,INJECTING,479132080,479039736,1386879564,188242843105,-1,0
0.0426,1,0,DONE,4194304,4194304,4194304,10097709621,-1,0
0.0426,2,0,DONE,4194304,4194304,4194304,9453642767,-1,0
0.0426,3,0,DONE,4194304,4194304,4194304,3746315530,-1,0
0.04262,0,0,INJECTING,479585232,479492888,1386879564,188242843105,-1,0
0.04262,1,0,DONE,4194304,4194304,4194304,10097709621,-1,0
0.04262,2,0,DONE,4194304,4194304,4194304,9453642767,-1,0
0.04262,3,0,DONE,4194304,4194304,4194304,3746315530,-1,0
0.04264,0,0,INJECTING,480038384,479946040,1386879564,188242843105,-1,0
0.04264,1,0,DONE,4194304,4194304,4194304,10097709621,-1,0
0.04264,2,0,DONE,4194304,4194304,4194304,9453642767,-1,0
0.04264,3,0,DONE,4194304,4194304,4194304,3746315530,-1,0
0.04266,0,0,INJECTING,480492488,480399192,1386879564,188242843105,-1,0
0.04266,1,0,DONE,4194304,4194304,4194304,10097709621,-1,0
0.04266,2,0,DONE,4194304,4194304,4194304,9453642767,-1,0
0.04266,3,0,DONE,4194304,4194304,4194304,3746315530,-1,0
0.04268,0,0,INJECTING,480945640,480853296,1386879564,188242843105,-1,0
0.04268,1,0,DONE,4194304,4194304,4194304,10097709621,-1,0
0.04268,2,0,DONE,4194304,4194304,4194304,9453642767,-1,0
0.04268,3,0,DONE,4194304,4194304,4194304,3746315530,-1,0
0.0427,0,0,INJECTING,481398792,481306448,1386879564,188242843105,-1,0
0.0427,1,0,DONE,4194304,4194304,4194304,10097709621,-1,0
0.0427,2,0,DONE,4194304,4194304,4194304,9453642767,-1,0
0.0427,3,0,DONE,4194304,4194304,4194304,3746315530,-1,0
0.04272,0,0,INJECTING,481851944,481759600,1386879564,188242843105,-1,0
0.04272,1,0,DONE,4194304,4194304,4194304,10097709621,-1,0
0.04272,2,0,DONE,4194304,4194304,4194304,9453642767,-1,0
0.04272,3,0,DONE,4194304,4194304,4194304,3746315530,-1,0
0.04274,0,0,INJECTING,482305096,482212752,1386879564,188242843105,-1,0
0.04274,1,0,DONE,4194304,4194304,4194304,10097709621,-1,0
0.04274,2,0,DONE,4194304,4194304,4194304,9453642767,-1,0
0.04274,3,0,DONE,4194304,4194304,4194304,3746315530,-1,0
0.04276,0,0,INJECTING,482759200,482665904,1386879564,188242843105,-1,0
0.04276,1,0,DONE,4194304,4194304,4194304,10097709621,-1,0
0.04276,2,0,DONE,4194304,4194304,4194304,9453642767,-1,0
0.04276,3,0,DONE,4194304,4194304,4194304,3746315530,-1,0
0.04278,0,0,INJECTING,483212352,483119056,1386879564,188242843105,-1,0
0.04278,1,0,DONE,4194304,4194304,4194304,10097709621,-1,0
0.04278,2,0,DONE,4194304,4194304,4194304,9453642767,-1,0
0.04278,3,0,DONE,4194304,4194304,4194304,3746315530,-1,0
0.0428,0,0,INJECTING,483665504,483573160,1386879564,188242843105,-1,0
0.0428,1,0,DONE,4194304,4194304,4194304,10097709621,-1,0
0.0428,2,0,DONE,4194304,4194304,4194304,9453642767,-1,0
0.0428,3,0,DONE,4194304,4194304,4194304,3746315530,-1,0
0.04282,0,0,INJECTING,484118656,484026312,1386879564,188242843105,-1,0
0.04282,1,0,DONE,4194304,4194304,4194304,10097709621,-1,0
0.04282,2,0,DONE,4194304,4194304,4194304,9453642767,-1,0
0.04282,3,0,DONE,4194304,4194304,4194304,3746315530,-1,0
0.04284,0,0,INJECTING,484571808,484479464,1386879564,188242843105,-1,0
0.04284,1,0,DONE,4194304,4194304,4194304,10097709621,-1,0
0.04284,2,0,DONE,4194304,4194304,4194304,9453642767,-1,0
0.04284,3,0,DONE,4194304,4194304,4194304,3746315530,-1,0
0.04286,0,0,INJECTING,485024960,484932616,1386879564,188242843105,-1,0
0.04286,1,0,DONE,4194304,4194304,4194304,10097709621,-1,0
0.04286,2,0,DONE,4194304,4194304,4194304,9453642767,-1,0
0.04286,3,0,DONE,4194304,4194304,4194304,3746315530,-1,0
0.04288,0,0,INJECTING,485479064,485385768,1386879564,188242843105,-1,0
0.04288,1,0,DONE,4194304,4194304,4194304,10097709621,-1,0
0.04288,2,0,DONE,4194304,4194304,4194304,9453642767,-1,0
0.04288,3,0,DONE,4194304,4194304,4194304,3746315530,-1,0
0.0429,0,0,INJECTING,485932216,485839872,1386879564,188242843105,-1,0
0.0429,1,0,DONE,4194304,4194304,4194304,10097709621,-1,0
0.0429,2,0,DONE,4194304,4194304,4194304,9453642767,-1,0
0.0429,3,0,DONE,4194304,4194304,4194304,3746315530,-1,0
0.04292,0,0,INJECTING,486385368,486293024,1386879564,188242843105,-1,0
0.04292,1,0,DONE,4194304,4194304,4194304,10097709621,-1,0
0.04292,2,0,DONE,4194304,4194304,4194304,9453642767,-1,0
0.04292,3,0,DONE,4194304,4194304,4194304,3746315530,-1,0
0.04294,0,0,INJECTING,486838520,486746176,1386879564,188242843105,-1,0
0.04294,1,0,DONE,4194304,4194304,4194304,10097709621,-1,0
0.04294,2,0,DONE,4194304,4194304,4194304,9453642767,-1,0
0.04294,3,0,DONE,4194304,4194304,4194304,3746315530,-1,0
0.04296,0,0,INJECTING,487291672,487199328,1386879564,188242843105,-1,0
0.04296,1,0,DONE,4194304,4194304,4194304,10097709621,-1,0
0.04296,2,0,DONE,4194304,4194304,4194304,9453642767,-1,0
0.04296,3,0,DONE,4194304,4194304,4194304,3746315530,-1,0
0.04298,0,0,INJECTING,487745776,487652480,1386879564,188242843105,-1,0
0.04298,1,0,DONE,4194304,4194304,4194304,10097709621,-1,0
0.04298,2,0,DONE,4194304,4194304,4194304,9453642767,-1,0
0.04298,3,0,DONE,4194304,4194304,4194304,3746315530,-1,0
0.043,0,0,INJECTING,488198928,488106584,1386879564,188242843105,-1,0
0.043,1,0,DONE,4194304,4194304,4194304,10097709621,-1,0
0.043,2,0,DONE,4194304,4194304,4194304,9453642767,-1,0
0.043,3,0,DONE,4194304,4194304,4194304,3746315530,-1,0
0.04302,0,0,INJECTING,488652080,488559736,1386879564,188242843105,-1,0
0.04302,1,0,DONE,4194304,4194304,4194304,10097709621,-1,0
0.04302,2,0,DONE,4194304,4194304,4194304,9453642767,-1,0
0.04302,3,0,DONE,4194304,4194304,4194304,3746315530,-1,0
0.04304,0,0,INJECTING,489105232,489012888,1386879564,188242843105,-1,0
0.04304,1,0,DONE,4194304,4194304,4194304,10097709621,-1,0
0.04304,2,0,DONE,4194304,4194304,4194304,9453642767,-1,0
0.04304,3,0,DONE,4194304,4194304,4194304,3746315530,-1,0
0.04306,0,0,INJECTING,489558384,489466040,1386879564,188242843105,-1,0
0.04306,1,0,DONE,4194304,4194304,4194304,10097709621,-1,0
0.04306,2,0,DONE,4194304,4194304,4194304,9453642767,-1,0
0.04306,3,0,DONE,4194304,4194304,4194304,3746315530,-1,0
0.04308,0,0,INJECTING,490012488,489919192,1386879564,188242843105,-1,0
0.04308,1,0,DONE,4194304,4194304,4194304,10097709621,-1,0
0.04308,2,0,DONE,4194304,4194304,4194304,9453642767,-1,0
0.04308,3,0,DONE,4194304,4194304,4194304,3746315530,-1,0
0.0431,0,0,INJECTING,490465640,490373296,1386879564,188242843105,-1,0
0.0431,1,0,DONE,4194304,4194304,4194304,10097709621,-1,0
0.0431,2,0,DONE,4194304,4194304,4194304,9453642767,-1,0
0.0431,3,0,DONE,4194304,4194304,4194304,3746315530,-1,0
0.04312,0,0,INJECTING,490918792,490826448,1386879564,188242843105,-1,0
0.04312,1,0,DONE,4194304,4194304,4194304,10097709621,-1,0
0.04312,2,0,DONE,4194304,4194304,4194304,9453642767,-1,0
0.04312,3,0,DONE,4194304,4194304,4194304,3746315530,-1,0
0.04314,0,0,INJECTING,491371944,491279600,1386879564,188242843105,-1,0
0.04314,1,0,DONE,4194304,4194304,4194304,10097709621,-1,0
0.04314,2,0,DONE,4194304,4194304,4194304,9453642767,-1,0
0.04314,3,0,DONE,4194304,4194304,4194304,3746315530,-1,0
0.04316,0,0,INJECTING,491825096,491732752,1386879564,188242843105,-1,0
0.04316,1,0,DONE,4194304,4194304,4194304,10097709621,-1,0
0.04316,2,0,DONE,4194304,4194304,4194304,9453642767,-1,0
0.04316,3,0,DONE,4194304,4194304,4194304,3746315530,-1,0
0.04318,0,0,INJECTING,492279200,492185904,1386879564,188242843105,-1,0
0.04318,1,0,DONE,4194304,4194304,4194304,10097709621,-1,0
0.04318,2,0,DONE,4194304,4194304,4194304,9453642767,-1,0
0.04318,3,0,DONE,4194304,4194304,4194304,3746315530,-1,0
0.0432,0,0,INJECTING,492732352,492639056,1386879564,188242843105,-1,0
0.0432,1,0,DONE,4194304,4194304,4194304,10097709621,-1,0
0.0432,2,0,DONE,4194304,4194304,4194304,9453642767,-1,0
0.0432,3,0,DONE,4194304,4194304,4194304,3746315530,-1,0
0.04322,0,0,INJECTING,493185504,493093160,1386879564,188242843105,-1,0
0.04322,1,0,DONE,4194304,4194304,4194304,10097709621,-1,0
0.04322,2,0,DONE,4194304,4194304,4194304,9453642767,-1,0
0.04322,3,0,DONE,4194304,4194304,4194304,3746315530,-1,0
0.04324,0,0,INJECTING,493638656,493546312,1386879564,188242843105,-1,0
0.04324,1,0,DONE,4194304,4194304,4194304,10097709621,-1,0
0.04324,2,0,DONE,4194304,4194304,4194304,9453642767,-1,0
0.04324,3,0,DONE,4194304,4194304,4194304,3746315530,-1,0
0.04326,0,0,INJECTING,494091808,493999464,1386879564,188242843105,-1,0
0.04326,1,0,DONE,4194304,4194304,4194304,10097709621,-1,0
0.04326,2,0,DONE,4194304,4194304,4194304,9453642767,-1,0
0.04326,3,0,DONE,4194304,4194304,4194304,3746315530,-1,0
0.04328,0,0,INJECTING,494544960,494452616,1386879564,188242843105,-1,0
0.04328,1,0,DONE,4194304,4194304,4194304,10097709621,-1,0
0.04328,2,0,DONE,4194304,4194304,4194304,9453642767,-1,0
0.04328,3,0,DONE,4194304,4194304,4194304,3746315530,-1,0
0.0433,0,0,INJECTING,494999064,494905768,1386879564,188242843105,-1,0
0.0433,1,0,DONE,4194304,4194304,4194304,10097709621,-1,0
0.0433,2,0,DONE,4194304,4194304,4194304,9453642767,-1,0
0.0433,3,0,DONE,4194304,4194304,4194304,3746315530,-1,0
0.04332,0,0,INJECTING,495452216,495359872,1386879564,188242843105,-1,0
0.04332,1,0,DONE,4194304,4194304,4194304,10097709621,-1,0
0.04332,2,0,DONE,4194304,4194304,4194304,9453642767,-1,0
0.04332,3,0,DONE,4194304,4194304,4194304,3746315530,-1,0
0.04334,0,0,INJECTING,495905368,495813024,1386879564,188242843105,-1,0
0.04334,1,0,DONE,4194304,4194304,4194304,10097709621,-1,0
0.04334,2,0,DONE,4194304,4194304,4194304,9453642767,-1,0
0.04334,3,0,DONE,4194304,4194304,4194304,3746315530,-1,0
0.04336,0,0,INJECTING,496358520,496266176,1386879564,188242843105,-1,0
0.04336,1,0,DONE,4194304,4194304,4194304,10097709621,-1,0
0.04336,2,0,DONE,4194304,4194304,4194304,9453642767,-1,0
0.04336,3,0,DONE,4194304,4194304,4194304,3746315530,-1,0
0.04338,0,0,INJECTING,496811672,496719328,1386879564,188242843105,-1,0
0.04338,1,0,DONE,4194304,4194304,4194304,10097709621,-1,0
0.04338,2,0,DONE,4194304,4194304,4194304,9453642767,-1,0
0.04338,3,0,DONE,4194304,4194304,4194304,3746315530,-1,0
0.0434,0,0,INJECTING,497265776,497172480,1386879564,188242843105,-1,0
0.0434,1,0,DONE,4194304,4194304,4194304,10097709621,-1,0
0.0434,2,0,DONE,4194304,4194304,4194304,9453642767,-1,0
0.0434,3,0,DONE,4194304,4194304,4194304,3746315530,-1,0
0.04342,0,0,INJECTING,497718928,497626584,1386879564,188242843105,-1,0
0.04342,1,0,DONE,4194304,4194304,4194304,10097709621,-1,0
0.04342,2,0,DONE,4194304,4194304,4194304,9453642767,-1,0
0.04342,3,0,DONE,4194304,4194304,4194304,3746315530,-1,0
0.04344,0,0,INJECTING,498172080,498079736,1386879564,188242843105,-1,0
0.04344,1,0,DONE,4194304,4194304,4194304,10097709621,-1,0
0.04344,2,0,DONE,4194304,4194304,4194304,9453642767,-1,0
0.04344,3,0,DONE,4194304,4194304,4194304,3746315530,-1,0
0.04346,0,0,INJECTING,498625232,498532888,1386879564,188242843105,-1,0
0.04346,1,0,DONE,4194304,4194304,4194304,10097709621,-1,0
0.04346,2,0,DONE,4194304,4194304,4194304,9453642767,-1,0
0.04346,3,0,DONE,4194304,4194304,4194304,3746315530,-1,0
0.04348,0,0,INJECTING,499078384,498986040,1386879564,188242843105,-1,0
0.04348,1,0,DONE,4194304,4194304,4194304,10097709621,-1,0
0.04348,2,0,DONE,4194304,4194304,4194304,9453642767,-1,0
0.04348,3,0,DONE,4194304,4194304,4194304,3746315530,-1,0
0.0435,0,0,INJECTING,499532488,499439192,1386879564,188242843105,-1,0
0.0435,1,0,DONE,4194304,4194304,4194304,10097709621,-1,0
0.0435,2,0,DONE,4194304,4194304,4194304,9453642767,-1,0
0.0435,3,0,DONE,4194304,4194304,4194304,3746315530,-1,0
0.04352,0,0,INJECTING,499985640,499893296,1386879564,188242843105,-1,0
0.04352,1,0,DONE,4194304,4194304,4194304,10097709621,-1,0
0.04352,2,0,DONE,4194304,4194304,4194304,9453642767,-1,0
0.04352,3,0,DONE,4194304,4194304,4194304,3746315530,-1,0
0.04354,0,0,INJECTING,500438792,500346448,1386879564,188242843105,-1,0
0.04354,1,0,DONE,4194304,4194304,4194304,10097709621,-1,0
0.04354,2,0,DONE,4194304,4194304,4194304,9453642767,-1,0
0.04354,3,0,DONE,4194304,4194304,4194304,3746315530,-1,0
0.04356,0,0,INJECTING,500891944,500799600,1386879564,188242843105,-1,0
0.04356,1,0,DONE,4194304,4194304,4194304,10097709621,-1,0
0.04356,2,0,DONE,4194304,4194304,4194304,9453642767,-1,0
0.04356,3,0,DONE,4194304,4194304,4194304,3746315530,-1,0
0.04358,0,0,INJECTING,501345096,501252752,1386879564,188242843105,-1,0
0.04358,1,0,DONE,4194304,4194304,4194304,10097709621,-1,0
0.04358,2,0,DONE,4194304,4194304,4194304,9453642767,-1,0
0.04358,3,0,DONE,4194304,4194304,4194304,3746315530,-1,0
0.0436,0,0,INJECTING,501799200,501705904,1386879564,188242843105,-1,0
0.0436,1,0,DONE,4194304,4194304,4194304,10097709621,-1,0
0.0436,2,0,DONE,4194304,4194304,4194304,9453642767,-1,0
0.0436,3,0,DONE,4194304,4194304,4194304,3746315530,-1,0
0.04362,0,0,INJECTING,502252352,502159056,1386879564,188242843105,-1,0
0.04362,1,0,DONE,4194304,4194304,4194304,10097709621,-1,0
0.04362,2,0,DONE,4194304,4194304,4194304,9453642767,-1,0
0.04362,3,0,DONE,4194304,4194304,4194304,3746315530,-1,0
0.04364,0,0,INJECTING,502705504,502613160,1386879564,188242843105,-1,0
0.04364,1,0,DONE,4194304,4194304,4194304,10097709621,-1,0
0.04364,2,0,DONE,4194304,4194304,4194304,9453642767,-1,0
0.04364,3,0,DONE,4194304,4194304,4194304,3746315530,-1,0
0.04366,0,0,INJECTING,503158656,503066312,1386879564,188242843105,-1,0
0.04366,1,0,DONE,4194304,4194304,4194304,10097709621,-1,0
0.04366,2,0,DONE,4194304,4194304,4194304,9453642767,-1,0
0.04366,3,0,DONE,4194304,4194304,4194304,3746315530,-1,0
0.04368,0,0,INJECTING,503611808,503519464,1386879564,188242843105,-1,0
0.04368,1,0,DONE,4194304,4194304,4194304,10097709621,-1,0
0.04368,2,0,DONE,4194304,4194304,4194304,9453642767,-1,0
0.04368,3,0,DONE,4194304,4194304,4194304,3746315530,-1,0
0.0437,0,0,INJECTING,504064960,503972616,1386879564,188242843105,-1,0
0.0437,1,0,DONE,4194304,4194304,4194304,10097709621,-1,0
0.0437,2,0,DONE,4194304,4194304,4194304,9453642767,-1,0
0.0437,3,0,DONE,4194304,4194304,4194304,3746315530,-1,0
0.04372,0,0,INJECTING,504519064,504425768,1386879564,188242843105,-1,0
0.04372,1,0,DONE,4194304,4194304,4194304,10097709621,-1,0
0.04372,2,0,DONE,4194304,4194304,4194304,9453642767,-1,0
0.04372,3,0,DONE,4194304,4194304,4194304,3746315530,-1,0
0.04374,0,0,INJECTING,504972216,504879872,1386879564,188242843105,-1,0
0.04374,1,0,DONE,4194304,4194304,4194304,10097709621,-1,0
0.04374,2,0,DONE,4194304,4194304,4194304,9453642767,-1,0
0.04374,3,0,DONE,4194304,4194304,4194304,3746315530,-1,0
0.04376,0,0,INJECTING,505425368,505333024,1386879564,188242843105,-1,0
0.04376,1,0,DONE,4194304,4194304,4194304,10097709621,-1,0
0.04376,2,0,DONE,4194304,4194304,4194304,9453642767,-1,0
0.04376,3,0,DONE,4194304,4194304,4194304,3746315530,-1,0
0.04378,0,0,INJECTING,505878520,505786176,1386879564,188242843105,-1,0
0.04378,1,0,DONE,4194304,4194304,4194304,10097709621,-1,0
0.04378,2,0,DONE,4194304,4194304,4194304,9453642767,-1,0
0.04378,3,0,DONE,4194304,4194304,4194304,3746315530,-1,0
0.0438,0,0,INJECTING,506331672,506239328,1386879564,188242843105,-1,0
0.0438,1,0,DONE,4194304,4194304,4194304,10097709621,-1,0
0.0438,2,0,DONE,4194304,4194304,4194304,9453642767,-1,0
0.0438,3,0,DONE,4194304,4194304,4194304,3746315530,-1,0
0.04382,0,0,INJECTING,506785776,506692480,1386879564,188242843105,-1,0
0.04382,1,0,DONE,4194304,4194304,4194304,10097709621,-1,0
0.04382,2,0,DONE,4194304,4194304,4194304,9453642767,-1,0
0.04382,3,0,DONE,4194304,4194304,4194304,3746315530,-1,0
0.04384,0,0,INJECTING,507238928,507146584,1386879564,188242843105,-1,0
0.04384,1,0,DONE,4194304,4194304,4194304,10097709621,-1,0
0.04384,2,0,DONE,4194304,4194304,4194304,9453642767,-1,0
0.04384,3,0,DONE,4194304,4194304,4194304,3746315530,-1,0
0.04386,0,0,INJECTING,507692080,507599736,1386879564,188242843105,-1,0
0.04386,1,0,DONE,4194304,4194304,4194304,10097709621,-1,0
0.04386,2,0,DONE,4194304,4194304,4194304,9453642767,-1,0
0.04386,3,0,DONE,4194304,4194304,4194304,3746315530,-1,0
0.04388,0,0,INJECTING,508145232,508052888,1386879564,188242843105,-1,0
0.04388,1,0,DONE,4194304,4194304,4194304,10097709621,-1,0
0.04388,2,0,DONE,4194304,4194304,4194304,9453642767,-1,0
0.04388,3,0,DONE,4194304,4194304,4194304,3746315530,-1,0
0.0439,0,0,INJECTING,508598384,508506040,1386879564,188242843105,-1,0
0.0439,1,0,DONE,4194304,4194304,4194304,10097709621,-1,0
0.0439,2,0,DONE,4194304,4194304,4194304,9453642767,-1,0
0.0439,3,0,DONE,4194304,4194304,4194304,3746315530,-1,0
0.04392,0,0,INJECTING,509052488,508959192,1386879564,188242843105,-1,0
0.04392,1,0,DONE,4194304,4194304,4194304,10097709621,-1,0
0.04392,2,0,DONE,4194304,4194304,4194304,9453642767,-1,0
0.04392,3,0,DONE,4194304,4194304,4194304,3746315530,-1,0
0.04394,0,0,INJECTING,509505640,509413296,1386879564,188242843105,-1,0
0.04394,1,0,DONE,4194304,4194304,4194304,10097709621,-1,0
0.04394,2,0,DONE,4194304,4194304,4194304,9453642767,-1,0
0.04394,3,0,DONE,4194304,4194304,4194304,3746315530,-1,0
0.04396,0,0,INJECTING,509958792,509866448,1386879564,188242843105,-1,0
0.04396,1,0,DONE,4194304,4194304,4194304,10097709621,-1,0
0.04396,2,0,DONE,4194304,4194304,4194304,9453642767,-1,0
0.04396,3,0,DONE,4194304,4194304,4194304,3746315530,-1,0
0.04398,0,0,INJECTING,510411944,510319600,1386879564,188242843105,-1,0
0.04398,1,0,DONE,4194304,4194304,4194304,10097709621,-1,0
0.04398,2,0,DONE,4194304,4194304,4194304,9453642767,-1,0
0.04398,3,0,DONE,4194304,4194304,4194304,3746315530,-1,0
0.044,0,0,INJECTING,510865096,510772752,1386879564,188242843105,-1,0
0.044,1,0,DONE,4194304,4194304,4194304,10097709621,-1,0
0.044,2,0,DONE,4194304,4194304,4194304,9453642767,-1,0
0.044,3,0,DONE,4194304,4194304,4194304,3746315530,-1,0
0.04402,0,0,INJECTING,511319200,511225904,1386879564,188242843105,-1,0
0.04402,1,0,DONE,4194304,4194304,4194304,10097709621,-1,0
0.04402,2,0,DONE,4194304,4194304,4194304,9453642767,-1,0
0.04402,3,0,DONE,4194304,4194304,4194304,3746315530,-1,0
0.04404,0,0,INJECTING,511772352,511679056,1386879564,188242843105,-1,0
0.04404,1,0,DONE,4194304,4194304,4194304,10097709621,-1,0
0.04404,2,0,DONE,4194304,4194304,4194304,9453642767,-1,0
0.04404,3,0,DONE,4194304,4194304,4194304,3746315530,-1,0
0.04406,0,0,INJECTING,512225504,512133160,1386879564,188242843105,-1,0
0.04406,1,0,DONE,4194304,4194304,4194304,10097709621,-1,0
0.04406,2,0,DONE,4194304,4194304,4194304,9453642767,-1,0
0.04406,3,0,DONE,4194304,4194304,4194304,3746315530,-1,0
0.04408,0,0,INJECTING,512678656,512586312,1386879564,188242843105,-1,0
0.04408,1,0,DONE,4194304,4194304,4194304,10097709621,-1,0
0.04408,2,0,DONE,4194304,4194304,4194304,9453642767,-1,0
0.04408,3,0,DONE,4194304,4194304,4194304,3746315530,-1,0
0.0441,0,0,INJECTING,513131808,513039464,1386879564,188242843105,-1,0
0.0441,1,0,DONE,4194304,4194304,4194304,10097709621,-1,0
0.0441,2,0,DONE,4194304,4194304,4194304,9453642767,-1,0
0.0441,3,0,DONE,4194304,4194304,4194304,3746315530,-1,0
0.04412,0,0,INJECTING,513584960,513492616,1386879564,188242843105,-1,0
0.04412,1,0,DONE,4194304,4194304,4194304,10097709621,-1,0
0.04412,2,0,DONE,4194304,4194304,4194304,9453642767,-1,0
0.04412,3,0,DONE,4194304,4194304,4194304,3746315530,-1,0
0.04414,0,0,INJECTING,514039064,513945768,1386879564,188242843105,-1,0
0.04414,1,0,DONE,4194304,4194304,4194304,10097709621,-1,0
0.04414,2,0,DONE,4194304,4194304,4194304,9453642767,-1,0
0.04414,3,0,DONE,4194304,4194304,4194304,3746315530,-1,0
0.04416,0,0,INJECTING,514492216,514399872,1386879564,188242843105,-1,0
0.04416,1,0,DONE,4194304,4194304,4194304,10097709621,-1,0
0.04416,2,0,DONE,4194304,4194304,4194304,9453642767,-1,0
0.04416,3,0,DONE,4194304,4194304,4194304,3746315530,-1,0
0.04418,0,0,INJECTING,514945368,514853024,1386879564,188242843105,-1,0
0.04418,1,0,DONE,4194304,4194304,4194304,10097709621,-1,0
0.04418,2,0,DONE,4194304,4194304,4194304,9453642767,-1,0
0.04418,3,0,DONE,4194304,4194304,4194304,3746315530,-1,0
0.0442,0,0,INJECTING,515398520,515306176,1386879564,188242843105,-1,0
0.0442,1,0,DONE,4194304,4194304,4194304,10097709621,-1,0
0.0442,2,0,DONE,4194304,4194304,4194304,9453642767,-1,0
0.0442,3,0,DONE,4194304,4194304,4194304,3746315530,-1,0
0.04422,0,0,INJECTING,515851672,515759328,1386879564,188242843105,-1,0
0.04422,1,0,DONE,4194304,4194304,4194304,10097709621,-1,0
0.04422,2,0,DONE,4194304,4194304,4194304,9453642767,-1,0
0.04422,3,0,DONE,4194304,4194304,4194304,3746315530,-1,0
0.04424,0,0,INJECTING,516305776,516212480,1386879564,188242843105,-1,0
0.04424,1,0,DONE,4194304,4194304,4194304,10097709621,-1,0
0.04424,2,0,DONE,4194304,4194304,4194304,9453642767,-1,0
0.04424,3,0,DONE,4194304,4194304,4194304,3746315530,-1,0
0.04426,0,0,INJECTING,516758928,516666584,1386879564,188242843105,-1,0
0.04426,1,0,DONE,4194304,4194304,4194304,10097709621,-1,0
0.04426,2,0,DONE,4194304,4194304,4194304,9453642767,-1,0
0.04426,3,0,DONE,4194304,4194304,4194304,3746315530,-1,0
0.04428,0,0,INJECTING,517212080,517119736,1386879564,188242843105,-1,0
0.04428,1,0,DONE,4194304,4194304,4194304,10097709621,-1,0
0.04428,2,0,DONE,4194304,4194304,4194304,9453642767,-1,0
0.04428,3,0,DONE,4194304,4194304,4194304,3746315530,-1,0
0.0443,0,0,INJECTING,517665232,517572888,1386879564,188242843105,-1,0
0.0443,1,0,DONE,4194304,4194304,4194304,10097709621,-1,0
0.0443,2,0,DONE,4194304,4194304,4194304,9453642767,-1,0
0.0443,3,0,DONE,4194304,4194304,4194304,3746315530,-1,0
0.04432,0,0,INJECTING,518118384,518026040,1386879564,188242843105,-1,0
0.04432,1,0,DONE,4194304,4194304,4194304,10097709621,-1,0
0.04432,2,0,DONE,4194304,4194304,4194304,9453642767,-1,0
0.04432,3,0,DONE,4194304,4194304,4194304,3746315530,-1,0
0.04434,0,0,INJECTING,518572488,518479192,1386879564,188242843105,-1,0
0.04434,1,0,DONE,4194304,4194304,4194304,10097709621,-1,0
0.04434,2,0,DONE,4194304,4194304,4194304,9453642767,-1,0
0.04434,3,0,DONE,4194304,4194304,4194304,3746315530,-1,0
0.04436,0,0,INJECTING,519025640,518933296,1386879564,188242843105,-1,0
0.04436,1,0,DONE,4194304,4194304,4194304,10097709621,-1,0
0.04436,2,0,DONE,4194304,4194304,4194304,9453642767,-1,0
0.04436,3,0,DONE,4194304,4194304,4194304,3746315530,-1,0
0.04438,0,0,INJECTING,519478792,519386448,1386879564,188242843105,-1,0
0.04438,1,0,DONE,4194304,4194304,4194304,10097709621,-1,0
0.04438,2,0,DONE,4194304,4194304,4194304,9453642767,-1,0
0.04438,3,0,DONE,4194304,4194304,4194304,3746315530,-1,0
0.0444,0,0,INJECTING,519931944,519839600,1386879564,188242843105,-1,0
0.0444,1,0,DONE,4194304,4194304,4194304,10097709621,-1,0
0.0444,2,0,DONE,4194304,4194304,4194304,9453642767,-1,0
0.0444,3,0,DONE,4194304,4194304,4194304,3746315530,-1,0
0.04442,0,0,INJECTING,520385096,520292752,1386879564,188242843105,-1,0
0.04442,1,0,DONE,4194304,4194304,4194304,10097709621,-1,0
0.04442,2,0,DONE,4194304,4194304,4194304,9453642767,-1,0
0.04442,3,0,DONE,4194304,4194304,4194304,3746315530,-1,0
0.04444,0,0,INJECTING,520839200,520745904,1386879564,188242843105,-1,0
0.04444,1,0,DONE,4194304,4194304,4194304,10097709621,-1,0
0.04444,2,0,DONE,4194304,4194304,4194304,9453642767,-1,0
0.04444,3,0,DONE,4194304,4194304,4194304,3746315530,-1,0
0.04446,0,0,INJECTING,521292352,521199056,1386879564,188242843105,-1,0
0.04446,1,0,DONE,4194304,4194304,4194304,10097709621,-1,0
0.04446,2,0,DONE,4194304,4194304,4194304,9453642767,-1,0
0.04446,3,0,DONE,4194304,4194304,4194304,3746315530,-1,0
0.04448,0,0,INJECTING,521745504,521653160,1386879564,188242843105,-1,0
0.04448,1,0,DONE,4194304,4194304,4194304,10097709621,-1,0
0.04448,2,0,DONE,4194304,4194304,4194304,9453642767,-1,0
0.04448,3,0,DONE,4194304,4194304,4194304,3746315530,-1,0
0.0445,0,0,INJECTING,522198656,522106312,1386879564,188242843105,-1,0
0.0445,1,0,DONE,4194304,4194304,4194304,10097709621,-1,0
0.0445,2,0,DONE,4194304,4194304,4194304,9453642767,-1,0
0.0445,3,0,DONE,4194304,4194304,4194304,3746315530,-1,0
0.04452,0,0,INJECTING,522651808,522559464,1386879564,188242843105,-1,0
0.04452,1,0,DONE,4194304,4194304,4194304,10097709621,-1,0
0.04452,2,0,DONE,4194304,4194304,4194304,9453642767,-1,0
0.04452,3,0,DONE,4194304,4194304,4194304,3746315530,-1,0
0.04454,0,0,INJECTING,523104960,523012616,1386879564,188242843105,-1,0
0.04454,1,0,DONE,4194304,4194304,4194304,10097709621,-1,0
0.04454,2,0,DONE,4194304,4194304,4194304,9453642767,-1,0
0.04454,3,0,DONE,4194304,4194304,4194304,3746315530,-1,0
0.04456,0,0,INJECTING,523559064,523465768,1386879564,188242843105,-1,0
0.04456,1,0,DONE,4194304,4194304,4194304,10097709621,-1,0
0.04456,2,0,DONE,4194304,4194304,4194304,9453642767,-1,0
0.04456,3,0,DONE,4194304,4194304,4194304,3746315530,-1,0
0.04458,0,0,INJECTING,524012216,523919872,1386879564,188242843105,-1,0
0.04458,1,0,DONE,4194304,4194304,4194304,10097709621,-1,0
0.04458,2,0,DONE,4194304,4194304,4194304,9453642767,-1,0
0.04458,3,0,DONE,4194304,4194304,4194304,3746315530,-1,0
0.0446,0,0,INJECTING,524465368,524373024,1386879564,188242843105,-1,0
0.0446,1,0,DONE,4194304,4194304,4194304,10097709621,-1,0
0.0446,2,0,DONE,4194304,4194304,4194304,9453642767,-1,0
0.0446,3,0,DONE,4194304,4194304,4194304,3746315530,-1,0
0.04462,0,0,INJECTING,524918520,524826176,1386879564,188242843105,-1,0
0.04462,1,0,DONE,4194304,4194304,4194304,10097709621,-1,0
0.04462,2,0,DONE,4194304,4194304,4194304,9453642767,-1,0
0.04462,3,0,DONE,4194304,4194304,4194304,3746315530,-1,0
0.04464,0,0,INJECTING,525371672,525279328,1386879564,188242843105,-1,0
0.04464,1,0,DONE,4194304,4194304,4194304,10097709621,-1,0
0.04464,2,0,DONE,4194304,4194304,4194304,9453642767,-1,0
0.04464,3,0,DONE,4194304,4194304,4194304,3746315530,-1,0
0.04466,0,0,INJECTING,525825776,525732480,1386879564,188242843105,-1,0
0.04466,1,0,DONE,4194304,4194304,4194304,10097709621,-1,0
0.04466,2,0,DONE,4194304,4194304,4194304,9453642767,-1,0
0.04466,3,0,DONE,4194304,4194304,4194304,3746315530,-1,0
0.04468,0,0,INJECTING,526278928,526186584,1386879564,188242843105,-1,0
0.04468,1,0,DONE,4194304,4194304,4194304,10097709621,-1,0
0.04468,2,0,DONE,4194304,4194304,4194304,9453642767,-1,0
0.04468,3,0,DONE,4194304,4194304,4194304,3746315530,-1,0
0.0447,0,0,INJECTING,526732080,526639736,1386879564,188242843105,-1,0
0.0447,1,0,DONE,4194304,4194304,4194304,10097709621,-1,0
0.0447,2,0,DONE,4194304,4194304,4194304,9453642767,-1,0
0.0447,3,0,DONE,4194304,4194304,4194304,3746315530,-1,0
0.04472,0,0,INJECTING,527185232,527092888,1386879564,188242843105,-1,0
0.04472,1,0,DONE,4194304,4194304,4194304,10097709621,-1,0
0.04472,2,0,DONE,4194304,4194304,4194304,9453642767,-1,0
0.04472,3,0,DONE,4194304,4194304,4194304,3746315530,-1,0
0.04474,0,0,INJECTING,527638384,527546040,1386879564,188242843105,-1,0
0.04474,1,0,DONE,4194304,4194304,4194304,10097709621,-1,0
0.04474,2,0,DONE,4194304,4194304,4194304,9453642767,-1,0
0.04474,3,0,DONE,4194304,4194304,4194304,3746315530,-1,0
0.04476,0,0,INJECTING,528092488,527999192,1386879564,188242843105,-1,0
0.04476,1,0,DONE,4194304,4194304,4194304,10097709621,-1,0
0.04476,2,0,DONE,4194304,4194304,4194304,9453642767,-1,0
0.04476,3,0,DONE,4194304,4194304,4194304,3746315530,-1,0
0.04478,0,0,INJECTING,528545640,528453296,1386879564,188242843105,-1,0
0.04478,1,0,DONE,4194304,4194304,4194304,10097709621,-1,0
0.04478,2,0,DONE,4194304,4194304,4194304,9453642767,-1,0
0.04478,3,0,DONE,4194304,4194304,4194304,3746315530,-1,0
0.0448,0,0,INJECTING,528998792,528906448,1386879564,188242843105,-1,0
0.0448,1,0,DONE,4194304,4194304,4194304,10097709621,-1,0
0.0448,2,0,DONE,4194304,4194304,4194304,9453642767,-1,0
0.0448,3,0,DONE,4194304,4194304,4194304,3746315530,-1,0
0.04482,0,0,INJECTING,529451944,529359600,1386879564,188242843105,-1,0
0.04482,1,0,DONE,4194304,4194304,4194304,10097709621,-1,0
0.04482,2,0,DONE,4194304,4194304,4194304,9453642767,-1,0
0.04482,3,0,DONE,4194304,4194304,4194304,3746315530,-1,0
0.04484,0,0,INJECTING,529905096,529812752,1386879564,188242843105,-1,0
0.04484,1,0,DONE,4194304,4194304,4194304,10097709621,-1,0
0.04484,2,0,DONE,4194304,4194304,4194304,9453642767,-1,0
0.04484,3,0,DONE,4194304,4194304,4194304,3746315530,-1,0
0.04486,0,0,INJECTING,530359200,530265904,1386879564,188242843105,-1,0
0.04486,1,0,DONE,4194304,4194304,4194304,10097709621,-1,0
0.04486,2,0,DONE,4194304,4194304,4194304,9453642767,-1,0
0.04486,3,0,DONE,4194304,4194304,4194304,3746315530,-1,0
0.04488,0,0,INJECTING,530812352,530719056,1386879564,188242843105,-1,0
0.04488,1,0,DONE,4194304,4194304,4194304,10097709621,-1,0
0.04488,2,0,DONE,4194304,4194304,4194304,9453642767,-1,0
0.04488,3,0,DONE,4194304,4194304,4194304,3746315530,-1,0
0.0449,0,0,INJECTING,531265504,531173160,1386879564,188242843105,-1,0
0.0449,1,0,DONE,4194304,4194304,4194304,10097709621,-1,0
0.0449,2,0,DONE,4194304,4194304,4194304,9453642767,-1,0
0.0449,3,0,DONE,4194304,4194304,4194304,3746315530,-1,0
0.04492,0,0,INJECTING,531718656,531626312,1386879564,188242843105,-1,0
0.04492,1,0,DONE,4194304,4194304,4194304,10097709621,-1,0
0.04492,2,0,DONE,4194304,4194304,4194304,9453642767,-1,0
0.04492,3,0,DONE,4194304,4194304,4194304,3746315530,-1,0
0.04494,0,0,INJECTING,532171808,532079464,1386879564,188242843105,-1,0
0.04494,1,0,DONE,4194304,4194304,4194304,10097709621,-1,0
0.04494,2,0,DONE,4194304,4194304,4194304,9453642767,-1,0
0.04494,3,0,DONE,4194304,4194304,4194304,3746315530,-1,0
0.04496,0,0,INJECTING,532624960,532532616,1386879564,188242843105,-1,0
0.04496,1,0,DONE,4194304,4194304,4194304,10097709621,-1,0
0.04496,2,0,DONE,4194304,4194304,4194304,9453642767,-1,0
0.04496,3,0,DONE,4194304,4194304,4194304,3746315530,-1,0
0.04498,0,0,INJECTING,533079064,532985768,1386879564,188242843105,-1,0
0.04498,1,0,DONE,4194304,4194304,4194304,10097709621,-1,0
0.04498,2,0,DONE,4194304,4194304,4194304,9453642767,-1,0
0.04498,3,0,DONE,4194304,4194304,4194304,3746315530,-1,0
0.045,0,0,INJECTING,533532216,533439872,1386879564,188242843105,-1,0
0.045,1,0,DONE,4194304,4194304,4194304,10097709621,-1,0
0.045,2,0,DONE,4194304,4194304,4194304,9453642767,-1,0
0.045,3,0,DONE,4194304,4194304,4194304,3746315530,-1,0
0.04502,0,0,INJECTING,533985368,533893024,1386879564,188242843105,-1,0
0.04502,1,0,DONE,4194304,4194304,4194304,10097709621,-1,0
0.04502,2,0,DONE,4194304,4194304,4194304,9453642767,-1,0
0.04502,3,0,DONE,4194304,4194304,4194304,3746315530,-1,0
0.04504,0,0,INJECTING,534438520,534346176,1386879564,188242843105,-1,0
0.04504,1,0,DONE,4194304,4194304,4194304,10097709621,-1,0
0.04504,2,0,DONE,4194304,4194304,4194304,9453642767,-1,0
0.04504,3,0,DONE,4194304,4194304,4194304,3746315530,-1,0
0.04506,0,0,INJECTING,534891672,534799328,1386879564,188242843105,-1,0
0.04506,1,0,DONE,4194304,4194304,4194304,10097709621,-1,0
0.04506,2,0,DONE,4194304,4194304,4194304,9453642767,-1,0
0.04506,3,0,DONE,4194304,4194304,4194304,3746315530,-1,0
0.04508,0,0,INJECTING,535345776,535252480,1386879564,188242843105,-1,0
0.04508,1,0,DONE,4194304,4194304,4194304,10097709621,-1,0
0.04508,2,0,DONE,4194304,4194304,4194304,9453642767,-1,0
0.04508,3,0,DONE,4194304,4194304,4194304,3746315530,-1,0
0.0451,0,0,INJECTING,535798928,535706584,1386879564,188242843105,-1,0
0.0451,1,0,DONE,4194304,4194304,4194304,10097709621,-1,0
0.0451,2,0,DONE,4194304,4194304,4194304,9453642767,-1,0
0.0451,3,0,DONE,4194304,4194304,4194304,3746315530,-1,0
0.04512,0,0,INJECTING,536252080,536159736,1386879564,188242843105,-1,0
0.04512,1,0,DONE,4194304,4194304,4194304,10097709621,-1,0
0.04512,2,0,DONE,4194304,4194304,4194304,9453642767,-1,0
0.04512,3,0,DONE,4194304,4194304,4194304,3746315530,-1,0
0.04514,0,0,INJECTING,536705232,536612888,1386879564,188242843105,-1,0
0.04514,1,0,DONE,4194304,4194304,4194304,10097709621,-1,0
0.04514,2,0,DONE,4194304,4194304,4194304,9453642767,-1,0
0.04514,3,0,DONE,4194304,4194304,4194304,3746315530,-1,0
0.04516,0,0,INJECTING,537158384,537066040,1386879564,188242843105,-1,0
0.04516,1,0,DONE,4194304,4194304,4194304,10097709621,-1,0
0.04516,2,0,DONE,4194304,4194304,4194304,9453642767,-1,0
0.04516,3,0,DONE,4194304,4194304,4194304,3746315530,-1,0
0.04518,0,0,INJECTING,537612488,537519192,1386879564,188242843105,-1,0
0.04518,1,0,DONE,4194304,4194304,4194304,10097709621,-1,0
0.04518,2,0,DONE,4194304,4194304,4194304,9453642767,-1,0
0.04518,3,0,DONE,4194304,4194304,4194304,3746315530,-1,0
0.0452,0,0,INJECTING,538065640,537973296,1386879564,188242843105,-1,0
0.0452,1,0,DONE,4194304,4194304,4194304,10097709621,-1,0
0.0452,2,0,DONE,4194304,4194304,4194304,9453642767,-1,0
0.0452,3,0,DONE,4194304,4194304,4194304,3746315530,-1,0
0.04522,0,0,INJECTING,538518792,538426448,1386879564,188242843105,-1,0
0.04522,1,0,DONE,4194304,4194304,4194304,10097709621,-1,0
0.04522,2,0,DONE,4194304,4194304,4194304,9453642767,-1,0
0.04522,3,0,DONE,4194304,4194304,4194304,3746315530,-1,0
0.04524,0,0,INJECTING,538971944,538879600,1386879564,188242843105,-1,0
0.04524,1,0,DONE,4194304,4194304,4194304,10097709621,-1,0
0.04524,2,0,DONE,4194304,4194304,4194304,9453642767,-1,0
0.04524,3,0,DONE,4194304,4194304,4194304,3746315530,-1,0
0.04526,0,0,INJECTING,539425096,539332752,1386879564,188242843105,-1,0
0.04526,1,0,DONE,4194304,4194304,4194304,10097709621,-1,0
0.04526,2,0,DONE,4194304,4194304,4194304,9453642767,-1,0
0.04526,3,0,DONE,4194304,4194304,4194304,3746315530,-1,0
0.04528,0,0,INJECTING,539879200,539785904,1386879564,188242843105,-1,0
0.04528,1,0,DONE,4194304,4194304,4194304,10097709621,-1,0
0.04528,2,0,DONE,4194304,4194304,4194304,9453642767,-1,0
0.04528,3,0,DONE,4194304,4194304,4194304,3746315530,-1,0
0.0453,0,0,INJECTING,540332352,540239056,1386879564,188242843105,-1,0
0.0453,1,0,DONE,4194304,4194304,4194304,10097709621,-1,0
0.0453,2,0,DONE,4194304,4194304,4194304,9453642767,-1,0
0.0453,3,0,DONE,4194304,4194304,4194304,3746315530,-1,0
0.04532,0,0,INJECTING,540785504,540693160,1386879564,188242843105,-1,0
0.04532,1,0,DONE,4194304,4194304,4194304,10097709621,-1,0
0.04532,2,0,DONE,4194304,4194304,4194304,9453642767,-1,0
0.04532,3,0,DONE,4194304,4194304,4194304,3746315530,-1,0
0.04534,0,0,INJECTING,541238656,541146312,1386879564,188242843105,-1,0
0.04534,1,0,DONE,4194304,4194304,4194304,10097709621,-1,0
0.04534,2,0,DONE,4194304,4194304,4194304,9453642767,-1,0
0.04534,3,0,DONE,4194304,4194304,4194304,3746315530,-1,0
0.04536,0,0,INJECTING,541691808,541599464,1386879564,188242843105,-1,0
0.04536,1,0,DONE,4194304,4194304,4194304,10097709621,-1,0
0.04536,2,0,DONE,4194304,4194304,4194304,9453642767,-1,0
0.04536,3,0,DONE,4194304,4194304,4194304,3746315530,-1,0
0.04538,0,0,INJECTING,542144960,542052616,1386879564,188242843105,-1,0
0.04538,1,0,DONE,4194304,4194304,4194304,10097709621,-1,0
0.04538,2,0,DONE,4194304,4194304,4194304,9453642767,-1,0
0.04538,3,0,DONE,4194304,4194304,4194304,3746315530,-1,0
0.0454,0,0,INJECTING,542599064,542505768,1386879564,188242843105,-1,0
0.0454,1,0,DONE,4194304,4194304,4194304,10097709621,-1,0
0.0454,2,0,DONE,4194304,4194304,4194304,9453642767,-1,0
0.0454,3,0,DONE,4194304,4194304,4194304,3746315530,-1,0
0.04542,0,0,INJECTING,543052216,542959872,1386879564,188242843105,-1,0
0.04542,1,0,DONE,4194304,4194304,4194304,10097709621,-1,0
0.04542,2,0,DONE,4194304,4194304,4194304,9453642767,-1,0
0.04542,3,0,DONE,4194304,4194304,4194304,3746315530,-1,0
0.04544,0,0,INJECTING,543505368,543413024,1386879564,188242843105,-1,0
0.04544,1,0,DONE,4194304,4194304,4194304,10097709621,-1,0
0.04544,2,0,DONE,4194304,4194304,4194304,9453642767,-1,0
0.04544,3,0,DONE,4194304,4194304,4194304,3746315530,-1,0
0.04546,0,0,INJECTING,543958520,543866176,1386879564,188242843105,-1,0
0.04546,1,0,DONE,4194304,4194304,4194304,10097709621,-1,0
0.04546,2,0,DONE,4194304,4194304,4194304,9453642767,-1,0
0.04546,3,0,DONE,4194304,4194304,4194304,3746315530,-1,0
0.04548,0,0,INJECTING,544411672,544319328,1386879564,188242843105,-1,0
0.04548,1,0,DONE,4194304,4194304,4194304,10097709621,-1,0
0.04548,2,0,DONE,4194304,4194304,4194304,9453642767,-1,0
0.04548,3,0,DONE,4194304,4194304,4194304,3746315530,-1,0
0.0455,0,0,INJECTING,544865776,544772480,1386879564,188242843105,-1,0
0.0455,1,0,DONE,4194304,4194304,4194304,10097709621,-1,0
0.0455,2,0,DONE,4194304,4194304,4194304,9453642767,-1,0
0.0455,3,0,DONE,4194304,4194304,4194304,3746315530,-1,0
0.04552,0,0,INJECTING,545318928,545226584,1386879564,188242843105,-1,0
0.04552,1,0,DONE,4194304,4194304,4194304,10097709621,-1,0
0.04552,2,0,DONE,4194304,4194304,4194304,9453642767,-1,0
0.04552,3,0,DONE,4194304,4194304,4194304,3746315530,-1,0
0.04554,0,0,INJECTING,545772080,545679736,1386879564,188242843105,-1,0
0.04554,1,0,DONE,4194304,4194304,4194304,10097709621,-1,0
0.04554,2,0,DONE,4194304,4194304,4194304,9453642767,-1,0
0.04554,3,0,DONE,4194304,4194304,4194304,3746315530,-1,0
0.04556,0,0,INJECTING,546225232,546132888,1386879564,188242843105,-1,0
0.04556,1,0,DONE,4194304,4194304,4194304,10097709621,-1,0
0.04556,2,0,DONE,4194304,4194304,4194304,9453642767,-1,0
0.04556,3,0,DONE,4194304,4194304,4194304,3746315530,-1,0
0.04558,0,0,INJECTING,546678384,546586040,1386879564,188242843105,-1,0
0.04558,1,0,DONE,4194304,4194304,4194304,10097709621,-1,0
0.04558,2,0,DONE,4194304,4194304,4194304,9453642767,-1,0
0.04558,3,0,DONE,4194304,4194304,4194304,3746315530,-1,0
0.0456,0,0,INJECTING,547132488,547039192,1386879564,188242843105,-1,0
0.0456,1,0,DONE,4194304,4194304,4194304,10097709621,-1,0
0.0456,2,0,DONE,4194304,4194304,4194304,9453642767,-1,0
0.0456,3,0,DONE,4194304,4194304,4194304,3746315530,-1,0
0.04562,0,0,INJECTING,547585640,547493296,1386879564,188242843105,-1,0
0.04562,1,0,DONE,4194304,4194304,4194304,10097709621,-1,0
0.04562,2,0,DONE,4194304,4194304,4194304,9453642767,-1,0
0.04562,3,0,DONE,4194304,4194304,4194304,3746315530,-1,0
0.04564,0,0,INJECTING,548038792,547946448,1386879564,188242843105,-1,0
0.04564,1,0,DONE,4194304,4194304,4194304,10097709621,-1,0
0.04564,2,0,DONE,4194304,4194304,4194304,9453642767,-1,0
0.04564,3,0,DONE,4194304,4194304,4194304,3746315530,-1,0
0.04566,0,0,INJECTING,548491944,548399600,1386879564,188242843105,-1,0
0.04566,1,0,DONE,4194304,4194304,4194304,10097709621,-1,0
0.04566,2,0,DONE,4194304,4194304,4194304,9453642767,-1,0
0.04566,3,0,DONE,4194304,4194304,4194304,3746315530,-1,0
0.04568,0,0,INJECTING,548945096,548852752,1386879564,188242843105,-1,0
0.04568,1,0,DONE,4194304,4194304,4194304,10097709621,-1,0
0.04568,2,0,DONE,4194304,4194304,4194304,9453642767,-1,0
0.04568,3,0,DONE,4194304,4194304,4194304,3746315530,-1,0
0.0457,0,0,INJECTING,549399200,549305904,1386879564,188242843105,-1,0
0.0457,1,0,DONE,4194304,4194304,4194304,10097709621,-1,0
0.0457,2,0,DONE,4194304,4194304,4194304,9453642767,-1,0
0.0457,3,0,DONE,4194304,4194304,4194304,3746315530,-1,0
0.04572,0,0,INJECTING,549852352,549759056,1386879564,188242843105,-1,0
0.04572,1,0,DONE,4194304,4194304,4194304,10097709621,-1,0
0.04572,2,0,DONE,4194304,4194304,4194304,9453642767,-1,0
0.04572,3,0,DONE,4194304,4194304,4194304,3746315530,-1,0
0.04574,0,0,INJECTING,550305504,550213160,1386879564,188242843105,-1,0
0.04574,1,0,DONE,4194304,4194304,4194304,10097709621,-1,0
0.04574,2,0,DONE,4194304,4194304,4194304,9453642767,-1,0
0.04574,3,0,DONE,4194304,4194304,4194304,3746315530,-1,0
0.04576,0,0,INJECTING,550758656,550666312,1386879564,188242843105,-1,0
0.04576,1,0,DONE,4194304,4194304,4194304,10097709621,-1,0
0.04576,2,0,DONE,4194304,4194304,4194304,9453642767,-1,0
0.04576,3,0,DONE,4194304,4194304,4194304,3746315530,-1,0
0.04578,0,0,INJECTING,551211808,551119464,1386879564,188242843105,-1,0
0.04578,1,0,DONE,4194304,4194304,4194304,10097709621,-1,0
0.04578,2,0,DONE,4194304,4194304,4194304,9453642767,-1,0
0.04578,3,0,DONE,4194304,4194304,4194304,3746315530,-1,0
0.0458,0,0,INJECTING,551664960,551572616,1386879564,188242843105,-1,0
0.0458,1,0,DONE,4194304,4194304,4194304,10097709621,-1,0
0.0458,2,0,DONE,4194304,4194304,4194304,9453642767,-1,0
0.0458,3,0,DONE,4194304,4194304,4194304,3746315530,-1,0
0.04582,0,0,INJECTING,552119064,552025768,1386879564,188242843105,-1,0
0.04582,1,0,DONE,4194304,4194304,4194304,10097709621,-1,0
0.04582,2,0,DONE,4194304,4194304,4194304,9453642767,-1,0
0.04582,3,0,DONE,4194304,4194304,4194304,3746315530,-1,0
0.04584,0,0,INJECTING,552572216,552479872,1386879564,188242843105,-1,0
0.04584,1,0,DONE,4194304,4194304,4194304,10097709621,-1,0
0.04584,2,0,DONE,4194304,4194304,4194304,9453642767,-1,0
0.04584,3,0,DONE,4194304,4194304,4194304,3746315530,-1,0
0.04586,0,0,INJECTING,553025368,552933024,1386879564,188242843105,-1,0
0.04586,1,0,DONE,4194304,4194304,4194304,10097709621,-1,0
0.04586,2,0,DONE,4194304,4194304,4194304,9453642767,-1,0
0.04586,3,0,DONE,4194304,4194304,4194304,3746315530,-1,0
0.04588,0,0,INJECTING,553478520,553386176,1386879564,188242843105,-1,0
0.04588,1,0,DONE,4194304,4194304,4194304,10097709621,-1,0
0.04588,2,0,DONE,4194304,4194304,4194304,9453642767,-1,0
0.04588,3,0,DONE,4194304,4194304,4194304,3746315530,-1,0
0.0459,0,0,INJECTING,553931672,553839328,1386879564,188242843105,-1,0
0.0459,1,0,DONE,4194304,4194304,4194304,10097709621,-1,0
0.0459,2,0,DONE,4194304,4194304,4194304,9453642767,-1,0
0.0459,3,0,DONE,4194304,4194304,4194304,3746315530,-1,0
0.04592,0,0,INJECTING,554385776,554292480,1386879564,188242843105,-1,0
0.04592,1,0,DONE,4194304,4194304,4194304,10097709621,-1,0
0.04592,2,0,DONE,4194304,4194304,4194304,9453642767,-1,0
0.04592,3,0,DONE,4194304,4194304,4194304,3746315530,-1,0
0.04594,0,0,INJECTING,554838928,554746584,1386879564,188242843105,-1,0
0.04594,1,0,DONE,4194304,4194304,4194304,10097709621,-1,0
0.04594,2,0,DONE,4194304,4194304,4194304,9453642767,-1,0
0.04594,3,0,DONE,4194304,4194304,4194304,3746315530,-1,0
0.04596,0,0,INJECTING,555292080,555199736,1386879564,188242843105,-1,0
0.04596,1,0,DONE,4194304,4194304,4194304,10097709621,-1,0
0.04596,2,0,DONE,4194304,4194304,4194304,9453642767,-1,0
0.04596,3,0,DONE,4194304,4194304,4194304,3746315530,-1,0
0.04598,0,0,INJECTING,555745232,555652888,1386879564,188242843105,-1,0
0.04598,1,0,DONE,4194304,4194304,4194304,10097709621,-1,0
0.04598,2,0,DONE,4194304,4194304,4194304,9453642767,-1,0
0.04598,3,0,DONE,4194304,4194304,4194304,3746315530,-1,0
0.046,0,0,INJECTING,556198384,556106040,1386879564,188242843105,-1,0
0.046,1,0,DONE,4194304,4194304,4194304,10097709621,-1,0
0.046,2,0,DONE,4194304,4194304,4194304,9453642767,-1,0
0.046,3,0,DONE,4194304,4194304,4194304,3746315530,-1,0
0.04602,0,0,INJECTING,556652488,556559192,1386879564,188242843105,-1,0
0.04602,1,0,DONE,4194304,4194304,4194304,10097709621,-1,0
0.04602,2,0,DONE,4194304,4194304,4194304,9453642767,-1,0
0.04602,3,0,DONE,4194304,4194304,4194304,3746315530,-1,0
0.04604,0,0,INJECTING,557105640,557013296,1386879564,188242843105,-1,0
0.04604,1,0,DONE,4194304,4194304,4194304,10097709621,-1,0
0.04604,2,0,DONE,4194304,4194304,4194304,9453642767,-1,0
0.04604,3,0,DONE,4194304,4194304,4194304,3746315530,-1,0
0.04606,0,0,INJECTING,557558792,557466448,1386879564,188242843105,-1,0
0.04606,1,0,DONE,4194304,4194304,4194304,10097709621,-1,0
0.04606,2,0,DONE,4194304,4194304,4194304,9453642767,-1,0
0.04606,3,0,DONE,4194304,4194304,4194304,3746315530,-1,0
0.04608,0,0,INJECTING,558011944,557919600,1386879564,188242843105,-1,0
0.04608,1,0,DONE,4194304,4194304,4194304,10097709621,-1,0
0.04608,2,0,DONE,4194304,4194304,4194304,9453642767,-1,0
0.04608,3,0,DONE,4194304,4194304,4194304,3746315530,-1,0
0.0461,0,0,INJECTING,558465096,558372752,1386879564,188242843105,-1,0
0.0461,1,0,DONE,4194304,4194304,4194304,10097709621,-1,0
0.0461,2,0,DONE,4194304,4194304,4194304,9453642767,-1,0
0.0461,3,0,DONE,4194304,4194304,4194304,3746315530,-1,0
0.04612,0,0,INJECTING,558919200,558825904,1386879564,188242843105,-1,0
0.04612,1,0,DONE,4194304,4194304,4194304,10097709621,-1,0
0.04612,2,0,DONE,4194304,4194304,4194304,9453642767,-1,0
0.04612,3,0,DONE,4194304,4194304,4194304,3746315530,-1,0
0.04614,0,0,INJECTING,559372352,559279056,1386879564,188242843105,-1,0
0.04614,1,0,DONE,4194304,4194304,4194304,10097709621,-1,0
0.04614,2,0,DONE,4194304,4194304,4194304,9453642767,-1,0
0.04614,3,0,DONE,4194304,4194304,4194304,3746315530,-1,0
0.04616,0,0,INJECTING,559825504,559733160,1386879564,188242843105,-1,0
0.04616,1,0,DONE,4194304,4194304,4194304,10097709621,-1,0
0.04616,2,0,DONE,4194304,4194304,4194304,9453642767,-1,0
0.04616,3,0,DONE,4194304,4194304,4194304,3746315530,-1,0
0.04618,0,0,INJECTING,560278656,560186312,1386879564,188242843105,-1,0
0.04618,1,0,DONE,4194304,4194304,4194304,10097709621,-1,0
0.04618,2,0,DONE,4194304,4194304,4194304,9453642767,-1,0
0.04618,3,0,DONE,4194304,4194304,4194304,3746315530,-1,0
0.0462,0,0,INJECTING,560731808,560639464,1386879564,188242843105,-1,0
0.0462,1,0,DONE,4194304,4194304,4194304,10097709621,-1,0
0.0462,2,0,DONE,4194304,4194304,4194304,9453642767,-1,0
0.0462,3,0,DONE,4194304,4194304,4194304,3746315530,-1,0
0.04622,0,0,INJECTING,561184960,561092616,1386879564,188242843105,-1,0
0.04622,1,0,DONE,4194304,4194304,4194304,10097709621,-1,0
0.04622,2,0,DONE,4194304,4194304,4194304,9453642767,-1,0
0.04622,3,0,DONE,4194304,4194304,4194304,3746315530,-1,0
0.04624,0,0,INJECTING,561639064,561545768,1386879564,188242843105,-1,0
0.04624,1,0,DONE,4194304,4194304,4194304,10097709621,-1,0
0.04624,2,0,DONE,4194304,4194304,4194304,9453642767,-1,0
0.04624,3,0,DONE,4194304,4194304,4194304,3746315530,-1,0
0.04626,0,0,INJECTING,562092216,561999872,1386879564,188242843105,-1,0
0.04626,1,0,DONE,4194304,4194304,4194304,10097709621,-1,0
0.04626,2,0,DONE,4194304,4194304,4194304,9453642767,-1,0
0.04626,3,0,DONE,4194304,4194304,4194304,3746315530,-1,0
0.04628,0,0,INJECTING,562545368,562453024,1386879564,188242843105,-1,0
0.04628,1,0,DONE,4194304,4194304,4194304,10097709621,-1,0
0.04628,2,0,DONE,4194304,4194304,4194304,9453642767,-1,0
0.04628,3,0,DONE,4194304,4194304,4194304,3746315530,-1,0
0.0463,0,0,INJECTING,562998520,562906176,1386879564,188242843105,-1,0
0.0463,1,0,DONE,4194304,4194304,4194304,10097709621,-1,0
0.0463,2,0,DONE,4194304,4194304,4194304,9453642767,-1,0
0.0463,3,0,DONE,4194304,4194304,4194304,3746315530,-1,0
0.04632,0,0,INJECTING,563451672,563359328,1386879564,188242843105,-1,0
0.04632,1,0,DONE,4194304,4194304,4194304,10097709621,-1,0
0.04632,2,0,DONE,4194304,4194304,4194304,9453642767,-1,0
0.04632,3,0,DONE,4194304,4194304,4194304,3746315530,-1,0
0.04634,0,0,INJECTING,563905776,563812480,1386879564,188242843105,-1,0
0.04634,1,0,DONE,4194304,4194304,4194304,10097709621,-1,0
0.04634,2,0,DONE,4194304,4194304,4194304,9453642767,-1,0
0.04634,3,0,DONE,4194304,4194304,4194304,3746315530,-1,0
0.04636,0,0,INJECTING,564358928,564266584,1386879564,188242843105,-1,0
0.04636,1,0,DONE,4194304,4194304,4194304,10097709621,-1,0
0.04636,2,0,DONE,4194304,4194304,4194304,9453642767,-1,0
0.04636,3,0,DONE,4194304,4194304,4194304,3746315530,-1,0
0.04638,0,0,INJECTING,564812080,564719736,1386879564,188242843105,-1,0
0.04638,1,0,DONE,4194304,4194304,4194304,10097709621,-1,0
0.04638,2,0,DONE,4194304,4194304,4194304,9453642767,-1,0
0.04638,3,0,DONE,4194304,4194304,4194304,3746315530,-1,0
0.0464,0,0,INJECTING,565265232,565172888,1386879564,188242843105,-1,0
0.0464,1,0,DONE,4194304,4194304,4194304,10097709621,-1,0
0.0464,2,0,DONE,4194304,4194304,4194304,9453642767,-1,0
0.0464,3,0,DONE,4194304,4194304,4194304,3746315530,-1,0
0.04642,0,0,INJECTING,565718384,565626040,1386879564,188242843105,-1,0
0.04642,1,0,DONE,4194304,4194304,4194304,10097709621,-1,0
0.04642,2,0,DONE,4194304,4194304,4194304,9453642767,-1,0
0.04642,3,0,DONE,4194304,4194304,4194304,3746315530,-1,0
0.04644,0,0,INJECTING,566172488,566079192,1386879564,188242843105,-1,0
0.04644,1,0,DONE,4194304,4194304,4194304,10097709621,-1,0
0.04644,2,0,DONE,4194304,4194304,4194304,9453642767,-1,0
0.04644,3,0,DONE,4194304,4194304,4194304,3746315530,-1,0
0.04646,0,0,INJECTING,566625640,566533296,1386879564,188242843105,-1,0
0.04646,1,0,DONE,4194304,4194304,4194304,10097709621,-1,0
0.04646,2,0,DONE,4194304,4194304,4194304,9453642767,-1,0
0.04646,3,0,DONE,4194304,4194304,4194304,3746315530,-1,0
0.04648,0,0,INJECTING,567078792,566986448,1386879564,188242843105,-1,0
0.04648,1,0,DONE,4194304,4194304,4194304,10097709621,-1,0
0.04648,2,0,DONE,4194304,4194304,4194304,9453642767,-1,0
0.04648,3,0,DONE,4194304,4194304,4194304,3746315530,-1,0
0.0465,0,0,INJECTING,567531944,567439600,1386879564,188242843105,-1,0
0.0465,1,0,DONE,4194304,4194304,4194304,10097709621,-1,0
0.0465,2,0,DONE,4194304,4194304,4194304,9453642767,-1,0
0.0465,3,0,DONE,4194304,4194304,4194304,3746315530,-1,0
0.04652,0,0,INJECTING,567985096,567892752,1386879564,188242843105,-1,0
0.04652,1,0,DONE,4194304,4194304,4194304,10097709621,-1,0
0.04652,2,0,DONE,4194304,4194304,4194304,9453642767,-1,0
0.04652,3,0,DONE,4194304,4194304,4194304,3746315530,-1,0
0.04654,0,0,INJECTING,568439200,568345904,1386879564,188242843105,-1,0
0.04654,1,0,DONE,4194304,4194304,4194304,10097709621,-1,0
0.04654,2,0,DONE,4194304,4194304,4194304,9453642767,-1,0
0.04654,3,0,DONE,4194304,4194304,4194304,3746315530,-1,0
0.04656,0,0,INJECTING,568892352,568799056,1386879564,188242843105,-1,0
0.04656,1,0,DONE,4194304,4194304,4194304,10097709621,-1,0
0.04656,2,0,DONE,4194304,4194304,4194304,9453642767,-1,0
0.04656,3,0,DONE,4194304,4194304,4194304,3746315530,-1,0
0.04658,0,0,INJECTING,569345504,569253160,1386879564,188242843105,-1,0
0.04658,1,0,DONE,4194304,4194304,4194304,10097709621,-1,0
0.04658,2,0,DONE,4194304,4194304,4194304,9453642767,-1,0
0.04658,3,0,DONE,4194304,4194304,4194304,3746315530,-1,0
0.0466,0,0,INJECTING,569798656,569706312,1386879564,188242843105,-1,0
0.0466,1,0,DONE,4194304,4194304,4194304,10097709621,-1,0
0.0466,2,0,DONE,4194304,4194304,4194304,9453642767,-1,0
0.0466,3,0,DONE,4194304,4194304,4194304,3746315530,-1,0
0.04662,0,0,INJECTING,570251808,570159464,1386879564,188242843105,-1,0
0.04662,1,0,DONE,4194304,4194304,4194304,10097709621,-1,0
0.04662,2,0,DONE,4194304,4194304,4194304,9453642767,-1,0
0.04662,3,0,DONE,4194304,4194304,4194304,3746315530,-1,0
0.04664,0,0,INJECTING,570704960,570612616,1386879564,188242843105,-1,0
0.04664,1,0,DONE,4194304,4194304,4194304,10097709621,-1,0
0.04664,2,0,DONE,4194304,4194304,4194304,9453642767,-1,0
0.04664,3,0,DONE,4194304,4194304,4194304,3746315530,-1,0
0.04666,0,0,INJECTING,571159064,571065768,1386879564,188242843105,-1,0
0.04666,1,0,DONE,4194304,4194304,4194304,10097709621,-1,0
0.04666,2,0,DONE,4194304,4194304,4194304,9453642767,-1,0
0.04666,3,0,DONE,4194304,4194304,4194304,3746315530,-1,0
0.04668,0,0,INJECTING,571612216,571519872,1386879564,188242843105,-1,0
0.04668,1,0,DONE,4194304,4194304,4194304,10097709621,-1,0
0.04668,2,0,DONE,4194304,4194304,4194304,9453642767,-1,0
0.04668,3,0,DONE,4194304,4194304,4194304,3746315530,-1,0
0.0467,0,0,INJECTING,572065368,571973024,1386879564,188242843105,-1,0
0.0467,1,0,DONE,4194304,4194304,4194304,10097709621,-1,0
0.0467,2,0,DONE,4194304,4194304,4194304,9453642767,-1,0
0.0467,3,0,DONE,4194304,4194304,4194304,3746315530,-1,0
0.04672,0,0,INJECTING,572518520,572426176,1386879564,188242843105,-1,0
0.04672,1,0,DONE,4194304,4194304,4194304,10097709621,-1,0
0.04672,2,0,DONE,4194304,4194304,4194304,9453642767,-1,0
0.04672,3,0,DONE,4194304,4194304,4194304,3746315530,-1,0
0.04674,0,0,INJECTING,572971672,572879328,1386879564,188242843105,-1,0
0.04674,1,0,DONE,4194304,4194304,4194304,10097709621,-1,0
0.04674,2,0,DONE,4194304,4194304,4194304,9453642767,-1,0
0.04674,3,0,DONE,4194304,4194304,4194304,3746315530,-1,0
0.04676,0,0,INJECTING,573425776,573332480,1386879564,188242843105,-1,0
0.04676,1,0,DONE,4194304,4194304,4194304,10097709621,-1,0
0.04676,2,0,DONE,4194304,4194304,4194304,9453642767,-1,0
0.04676,3,0,DONE,4194304,4194304,4194304,3746315530,-1,0
0.04678,0,0,INJECTING,573878928,573786584,1386879564,188242843105,-1,0
0.04678,1,0,DONE,4194304,4194304,4194304,10097709621,-1,0
0.04678,2,0,DONE,4194304,4194304,4194304,9453642767,-1,0
0.04678,3,0,DONE,4194304,4194304,4194304,3746315530,-1,0
0.0468,0,0,INJECTING,574332080,574239736,1386879564,188242843105,-1,0
0.0468,1,0,DONE,4194304,4194304,4194304,10097709621,-1,0
0.0468,2,0,DONE,4194304,4194304,4194304,9453642767,-1,0
0.0468,3,0,DONE,4194304,4194304,4194304,3746315530,-1,0
0.04682,0,0,INJECTING,574785232,574692888,1386879564,188242843105,-1,0
0.04682,1,0,DONE,4194304,4194304,4194304,10097709621,-1,0
0.04682,2,0,DONE,4194304,4194304,4194304,9453642767,-1,0
0.04682,3,0,DONE,4194304,4194304,4194304,3746315530,-1,0
0.04684,0,0,INJECTING,575238384,575146040,1386879564,188242843105,-1,0
0.04684,1,0,DONE,4194304,4194304,4194304,10097709621,-1,0
0.04684,2,0,DONE,4194304,4194304,4194304,9453642767,-1,0
0.04684,3,0,DONE,4194304,4194304,4194304,3746315530,-1,0
0.04686,0,0,INJECTING,575692488,575599192,1386879564,188242843105,-1,0
0.04686,1,0,DONE,4194304,4194304,4194304,10097709621,-1,0
0.04686,2,0,DONE,4194304,4194304,4194304,9453642767,-1,0
0.04686,3,0,DONE,4194304,4194304,4194304,3746315530,-1,0
0.04688,0,0,INJECTING,576145640,576053296,1386879564,188242843105,-1,0
0.04688,1,0,DONE,4194304,4194304,4194304,10097709621,-1,0
0.04688,2,0,DONE,4194304,4194304,4194304,9453642767,-1,0
0.04688,3,0,DONE,4194304,4194304,4194304,3746315530,-1,0
0.0469,0,0,INJECTING,576598792,576506448,1386879564,188242843105,-1,0
0.0469,1,0,DONE,4194304,4194304,4194304,10097709621,-1,0
0.0469,2,0,DONE,4194304,4194304,4194304,9453642767,-1,0
0.0469,3,0,DONE,4194304,4194304,4194304,3746315530,-1,0
0.04692,0,0,INJECTING,577051944,576959600,1386879564,188242843105,-1,0
0.04692,1,0,DONE,4194304,4194304,4194304,10097709621,-1,0
0.04692,2,0,DONE,4194304,4194304,4194304,9453642767,-1,0
0.04692,3,0,DONE,4194304,4194304,4194304,3746315530,-1,0
0.04694,0,0,INJECTING,577505096,577412752,1386879564,188242843105,-1,0
0.04694,1,0,DONE,4194304,4194304,4194304,10097709621,-1,0
0.04694,2,0,DONE,4194304,4194304,4194304,9453642767,-1,0
0.04694,3,0,DONE,4194304,4194304,4194304,3746315530,-1,0
0.04696,0,0,INJECTING,577959200,577865904,1386879564,188242843105,-1,0
0.04696,1,0,DONE,4194304,4194304,4194304,10097709621,-1,0
0.04696,2,0,DONE,4194304,4194304,4194304,9453642767,-1,0
0.04696,3,0,DONE,4194304,4194304,4194304,3746315530,-1,0
0.04698,0,0,INJECTING,578412352,578319056,1386879564,188242843105,-1,0
0.04698,1,0,DONE,4194304,4194304,4194304,10097709621,-1,0
0.04698,2,0,DONE,4194304,4194304,4194304,9453642767,-1,0
0.04698,3,0,DONE,4194304,4194304,4194304,3746315530,-1,0
0.047,0,0,INJECTING,578865504,578773160,1386879564,188242843105,-1,0
0.047,1,0,DONE,4194304,4194304,4194304,10097709621,-1,0
0.047,2,0,DONE,4194304,4194304,4194304,9453642767,-1,0
0.047,3,0,DONE,4194304,4194304,4194304,3746315530,-1,0
0.04702,0,0,INJECTING,579318656,579226312,1386879564,188242843105,-1,0
0.04702,1,0,DONE,4194304,4194304,4194304,10097709621,-1,0
0.04702,2,0,DONE,4194304,4194304,4194304,9453642767,-1,0
0.04702,3,0,DONE,4194304,4194304,4194304,3746315530,-1,0
0.04704,0,0,INJECTING,579771808,579679464,1386879564,188242843105,-1,0
0.04704,1,0,DONE,4194304,4194304,4194304,10097709621,-1,0
0.04704,2,0,DONE,4194304,4194304,4194304,9453642767,-1,0
0.04704,3,0,DONE,4194304,4194304,4194304,3746315530,-1,0
0.04706,0,0,INJECTING,580224960,580132616,1386879564,188242843105,-1,0
0.04706,1,0,DONE,4194304,4194304,4194304,10097709621,-1,0
0.04706,2,0,DONE,4194304,4194304,4194304,9453642767,-1,0
0.04706,3,0,DONE,4194304,4194304,4194304,3746315530,-1,0
0.04708,0,0,INJECTING,580679064,580585768,1386879564,188242843105,-1,0
0.04708,1,0,DONE,4194304,4194304,4194304,10097709621,-1,0
0.04708,2,0,DONE,4194304,4194304,4194304,9453642767,-1,0
0.04708,3,0,DONE,4194304,4194304,4194304,3746315530,-1,0
0.0471,0,0,INJECTING,581132216,581039872,1386879564,188242843105,-1,0
0.0471,1,0,DONE,4194304,4194304,4194304,10097709621,-1,0
0.0471,2,0,DONE,4194304,4194304,4194304,9453642767,-1,0
0.0471,3,0,DONE,4194304,4194304,4194304,3746315530,-1,0
0.04712,0,0,INJECTING,581585368,581493024,1386879564,188242843105,-1,0
0.04712,1,0,DONE,4194304,4194304,4194304,10097709621,-1,0
0.04712,2,0,DONE,4194304,4194304,4194304,9453642767,-1,0
0.04712,3,0,DONE,4194304,4194304,4194304,3746315530,-1,0
0.04714,0,0,INJECTING,582038520,581946176,1386879564,188242843105,-1,0
0.04714,1,0,DONE,4194304,4194304,4194304,10097709621,-1,0
0.04714,2,0,DONE,4194304,4194304,4194304,9453642767,-1,0
0.04714,3,0,DONE,4194304,4194304,4194304,3746315530,-1,0
0.04716,0,0,INJECTING,582491672,582399328,1386879564,188242843105,-1,0
0.04716,1,0,DONE,4194304,4194304,4194304,10097709621,-1,0
0.04716,2,0,DONE,4194304,4194304,4194304,9453642767,-1,0
0.04716,3,0,DONE,4194304,4194304,4194304,3746315530,-1,0
0.04718,0,0,INJECTING,582945776,582852480,1386879564,188242843105,-1,0
0.04718,1,0,DONE,4194304,4194304,4194304,10097709621,-1,0
0.04718,2,0,DONE,4194304,4194304,4194304,9453642767,-1,0
0.04718,3,0,DONE,4194304,4194304,4194304,3746315530,-1,0
0.0472,0,0,INJECTING,583398928,583306584,1386879564,188242843105,-1,0
0.0472,1,0,DONE,4194304,4194304,4194304,10097709621,-1,0
0.0472,2,0,DONE,4194304,4194304,4194304,9453642767,-1,0
0.0472,3,0,DONE,4194304,4194304,4194304,3746315530,-1,0
0.04722,0,0,INJECTING,583852080,583759736,1386879564,188242843105,-1,0
0.04722,1,0,DONE,4194304,4194304,4194304,10097709621,-1,0
0.04722,2,0,DONE,4194304,4194304,4194304,9453642767,-1,0
0.04722,3,0,DONE,4194304,4194304,4194304,3746315530,-1,0
0.04724,0,0,INJECTING,584305232,584212888,1386879564,188242843105,-1,0
0.04724,1,0,DONE,4194304,4194304,4194304,10097709621,-1,0
0.04724,2,0,DONE,4194304,4194304,4194304,9453642767,-1,0
0.04724,3,0,DONE,4194304,4194304,4194304,3746315530,-1,0
0.04726,0,0,INJECTING,584758384,584666040,1386879564,188242843105,-1,0
0.04726,1,0,DONE,4194304,4194304,4194304,10097709621,-1,0
0.04726,2,0,DONE,4194304,4194304,4194304,9453642767,-1,0
0.04726,3,0,DONE,4194304,4194304,4194304,3746315530,-1,0
0.04728,0,0,INJECTING,585212488,585119192,1386879564,188242843105,-1,0
0.04728,1,0,DONE,4194304,4194304,4194304,10097709621,-1,0
0.04728,2,0,DONE,4194304,4194304,4194304,9453642767,-1,0
0.04728,3,0,DONE,4194304,4194304,4194304,3746315530,-1,0
0.0473,0,0,INJECTING,585665640,585573296,1386879564,188242843105,-1,0
0.0473,1,0,DONE,4194304,4194304,4194304,10097709621,-1,0
0.0473,2,0,DONE,4194304,4194304,4194304,9453642767,-1,0
0.0473,3,0,DONE,4194304,4194304,4194304,3746315530,-1,0
0.04732,0,0,INJECTING,586118792,586026448,1386879564,188242843105,-1,0
0.04732,1,0,DONE,4194304,4194304,4194304,10097709621,-1,0
0.04732,2,0,DONE,4194304,4194304,4194304,9453642767,-1,0
0.04732,3,0,DONE,4194304,4194304,4194304,3746315530,-1,0
0.04734,0,0,INJECTING,586571944,586479600,1386879564,188242843105,-1,0
0.04734,1,0,DONE,4194304,4194304,4194304,10097709621,-1,0
0.04734,2,0,DONE,4194304,4194304,4194304,9453642767,-1,0
0.04734,3,0,DONE,4194304,4194304,4194304,3746315530,-1,0
0.04736,0,0,INJECTING,587025096,586932752,1386879564,188242843105,-1,0
0.04736,1,0,DONE,4194304,4194304,4194304,10097709621,-1,0
0.04736,2,0,DONE,4194304,4194304,4194304,9453642767,-1,0
0.04736,3,0,DONE,4194304,4194304,4194304,3746315530,-1,0
0.04738,0,0,INJECTING,587479200,587385904,1386879564,188242843105,-1,0
0.04738,1,0,DONE,4194304,4194304,4194304,10097709621,-1,0
0.04738,2,0,DONE,4194304,4194304,4194304,9453642767,-1,0
0.04738,3,0,DONE,4194304,4194304,4194304,3746315530,-1,0
0.0474,0,0,INJECTING,587932352,587839056,1386879564,188242843105,-1,0
0.0474,1,0,DONE,4194304,4194304,4194304,10097709621,-1,0
0.0474,2,0,DONE,4194304,4194304,4194304,9453642767,-1,0
0.0474,3,0,DONE,4194304,4194304,4194304,3746315530,-1,0
0.04742,0,0,INJECTING,588385504,588293160,1386879564,188242843105,-1,0
0.04742,1,0,DONE,4194304,4194304,4194304,10097709621,-1,0
0.04742,2,0,DONE,4194304,4194304,4194304,9453642767,-1,0
0.04742,3,0,DONE,4194304,4194304,4194304,3746315530,-1,0
0.04744,0,0,INJECTING,588838656,588746312,1386879564,188242843105,-1,0
0.04744,1,0,DONE,4194304,4194304,4194304,10097709621,-1,0
0.04744,2,0,DONE,4194304,4194304,4194304,9453642767,-1,0
0.04744,3,0,DONE,4194304,4194304,4194304,3746315530,-1,0
0.04746,0,0,INJECTING,589291808,589199464,1386879564,188242843105,-1,0
0.04746,1,0,DONE,4194304,4194304,4194304,10097709621,-1,0
0.04746,2,0,DONE,4194304,4194304,4194304,9453642767,-1,0
0.04746,3,0,DONE,4194304,4194304,4194304,3746315530,-1,0
0.04748,0,0,INJECTING,589744960,589652616,1386879564,188242843105,-1,0
0.04748,1,0,DONE,4194304,4194304,4194304,10097709621,-1,0
0.04748,2,0,DONE,4194304,4194304,4194304,9453642767,-1,0
0.04748,3,0,DONE,4194304,4194304,4194304,3746315530,-1,0
0.0475,0,0,INJECTING,590199064,590105768,1386879564,188242843105,-1,0
0.0475,1,0,DONE,4194304,4194304,4194304,10097709621,-1,0
0.0475,2,0,DONE,4194304,4194304,4194304,9453642767,-1,0
0.0475,3,0,DONE,4194304,4194304,4194304,3746315530,-1,0
0.04752,0,0,INJECTING,590652216,590559872,1386879564,188242843105,-1,0
0.04752,1,0,DONE,4194304,4194304,4194304,10097709621,-1,0
0.04752,2,0,DONE,4194304,4194304,4194304,9453642767,-1,0
0.04752,3,0,DONE,4194304,4194304,4194304,3746315530,-1,0
0.04754,0,0,INJECTING,591105368,591013024,1386879564,188242843105,-1,0
0.04754,1,0,DONE,4194304,4194304,4194304,10097709621,-1,0
0.04754,2,0,DONE,4194304,4194304,4194304,9453642767,-1,0
0.04754,3,0,DONE,4194304,4194304,4194304,3746315530,-1,0
0.04756,0,0,INJECTING,591558520,591466176,1386879564,188242843105,-1,0
0.04756,1,0,DONE,4194304,4194304,4194304,10097709621,-1,0
0.04756,2,0,DONE,4194304,4194304,4194304,9453642767,-1,0
0.04756,3,0,DONE,4194304,4194304,4194304,3746315530,-1,0
0.04758,0,0,INJECTING,592011672,591919328,1386879564,188242843105,-1,0
0.04758,1,0,DONE,4194304,4194304,4194304,10097709621,-1,0
0.04758,2,0,DONE,4194304,4194304,4194304,9453642767,-1,0
0.04758,3,0,DONE,4194304,4194304,4194304,3746315530,-1,0
0.0476,0,0,INJECTING,592465776,592372480,1386879564,188242843105,-1,0
0.0476,1,0,DONE,4194304,4194304,4194304,10097709621,-1,0
0.0476,2,0,DONE,4194304,4194304,4194304,9453642767,-1,0
0.0476,3,0,DONE,4194304,4194304,4194304,3746315530,-1,0
0.04762,0,0,INJECTING,592918928,592826584,1386879564,188242843105,-1,0
0.04762,1,0,DONE,4194304,4194304,4194304,10097709621,-1,0
0.04762,2,0,DONE,4194304,4194304,4194304,9453642767,-1,0
0.04762,3,0,DONE,4194304,4194304,4194304,3746315530,-1,0
0.04764,0,0,INJECTING,593372080,593279736,1386879564,188242843105,-1,0
0.04764,1,0,DONE,4194304,4194304,4194304,10097709621,-1,0
0.04764,2,0,DONE,4194304,4194304,4194304,9453642767,-1,0
0.04764,3,0,DONE,4194304,4194304,4194304,3746315530,-1,0
0.04766,0,0,INJECTING,593825232,593732888,1386879564,188242843105,-1,0
0.04766,1,0,DONE,4194304,4194304,4194304,10097709621,-1,0
0.04766,2,0,DONE,4194304,4194304,4194304,9453642767,-1,0
0.04766,3,0,DONE,4194304,4194304,4194304,3746315530,-1,0
0.04768,0,0,INJECTING,594278384,594186040,1386879564,188242843105,-1,0
0.04768,1,0,DONE,4194304,4194304,4194304,10097709621,-1,0
0.04768,2,0,DONE,4194304,4194304,4194304,9453642767,-1,0
0.04768,3,0,DONE,4194304,4194304,4194304,3746315530,-1,0
0.0477,0,0,INJECTING,594732488,594639192,1386879564,188242843105,-1,0
0.0477,1,0,DONE,4194304,4194304,4194304,10097709621,-1,0
0.0477,2,0,DONE,4194304,4194304,4194304,9453642767,-1,0
0.0477,3,0,DONE,4194304,4194304,4194304,3746315530,-1,0
0.04772,0,0,INJECTING,595185640,595093296,1386879564,188242843105,-1,0
0.04772,1,0,DONE,4194304,4194304,4194304,10097709621,-1,0
0.04772,2,0,DONE,4194304,4194304,4194304,9453642767,-1,0
0.04772,3,0,DONE,4194304,4194304,4194304,3746315530,-1,0
0.04774,0,0,INJECTING,595638792,595546448,1386879564,188242843105,-1,0
0.04774,1,0,DONE,4194304,4194304,4194304,10097709621,-1,0
0.04774,2,0,DONE,4194304,4194304,4194304,9453642767,-1,0
0.04774,3,0,DONE,4194304,4194304,4194304,3746315530,-1,0
0.04776,0,0,INJECTING,596091944,595999600,1386879564,188242843105,-1,0
0.04776,1,0,DONE,4194304,4194304,4194304,10097709621,-1,0
0.04776,2,0,DONE,4194304,4194304,4194304,9453642767,-1,0
0.04776,3,0,DONE,4194304,4194304,4194304,3746315530,-1,0
0.04778,0,0,INJECTING,596545096,596452752,1386879564,188242843105,-1,0
0.04778,1,0,DONE,4194304,4194304,4194304,10097709621,-1,0
0.04778,2,0,DONE,4194304,4194304,4194304,9453642767,-1,0
0.04778,3,0,DONE,4194304,4194304,4194304,3746315530,-1,0
0.0478,0,0,INJECTING,596999200,596905904,1386879564,188242843105,-1,0
0.0478,1,0,DONE,4194304,4194304,4194304,10097709621,-1,0
0.0478,2,0,DONE,4194304,4194304,4194304,9453642767,-1,0
0.0478,3,0,DONE,4194304,4194304,4194304,3746315530,-1,0
0.04782,0,0,INJECTING,597452352,597359056,1386879564,188242843105,-1,0
0.04782,1,0,DONE,4194304,4194304,4194304,10097709621,-1,0
0.04782,2,0,DONE,4194304,4194304,4194304,9453642767,-1,0
0.04782,3,0,DONE,4194304,4194304,4194304,3746315530,-1,0
0.04784,0,0,INJECTING,597905504,597813160,1386879564,188242843105,-1,0
0.04784,1,0,DONE,4194304,4194304,4194304,10097709621,-1,0
0.04784,2,0,DONE,4194304,4194304,4194304,9453642767,-1,0
0.04784,3,0,DONE,4194304,4194304,4194304,3746315530,-1,0
0.04786,0,0,INJECTING,598358656,598266312,1386879564,188242843105,-1,0
0.04786,1,0,DONE,4194304,4194304,4194304,10097709621,-1,0
0.04786,2,0,DONE,4194304,4194304,4194304,9453642767,-1,0
0.04786,3,0,DONE,4194304,4194304,4194304,3746315530,-1,0
0.04788,0,0,INJECTING,598811808,598719464,1386879564,188242843105,-1,0
0.04788,1,0,DONE,4194304,4194304,4194304,10097709621,-1,0
0.04788,2,0,DONE,4194304,4194304,4194304,9453642767,-1,0
0.04788,3,0,DONE,4194304,4194304,4194304,3746315530,-1,0
0.0479,0,0,INJECTING,599264960,599172616,1386879564,188242843105,-1,0
0.0479,1,0,DONE,4194304,4194304,4194304,10097709621,-1,0
0.0479,2,0,DONE,4194304,4194304,4194304,9453642767,-1,0
0.0479,3,0,DONE,4194304,4194304,4194304,3746315530,-1,0
0.04792,0,0,INJECTING,599719064,599625768,1386879564,188242843105,-1,0
0.04792,1,0,DONE,4194304,4194304,4194304,10097709621,-1,0
0.04792,2,0,DONE,4194304,4194304,4194304,9453642767,-1,0
0.04792,3,0,DONE,4194304,4194304,4194304,3746315530,-1,0
0.04794,0,0,INJECTING,600172216,600079872,1386879564,188242843105,-1,0
0.04794,1,0,DONE,4194304,4194304,4194304,10097709621,-1,0
0.04794,2,0,DONE,4194304,4194304,4194304,9453642767,-1,0
0.04794,3,0,DONE,4194304,4194304,4194304,3746315530,-1,0
0.04796,0,0,INJECTING,600625368,600533024,1386879564,188242843105,-1,0
0.04796,1,0,DONE,4194304,4194304,4194304,10097709621,-1,0
0.04796,2,0,DONE,4194304,4194304,4194304,9453642767,-1,0
0.04796,3,0,DONE,4194304,4194304,4194304,3746315530,-1,0
0.04798,0,0,INJECTING,601078520,600986176,1386879564,188242843105,-1,0
0.04798,1,0,DONE,4194304,4194304,4194304,10097709621,-1,0
0.04798,2,0,DONE,4194304,4194304,4194304,9453642767,-1,0
0.04798,3,0,DONE,4194304,4194304,4194304,3746315530,-1,0
0.048,0,0,INJECTING,601531672,601439328,1386879564,188242843105,-1,0
0.048,1,0,DONE,4194304,4194304,4194304,10097709621,-1,0
0.048,2,0,DONE,4194304,4194304,4194304,9453642767,-1,0
0.048,3,0,DONE,4194304,4194304,4194304,3746315530,-1,0
0.04802,0,0,INJECTING,601985776,601892480,1386879564,188242843105,-1,0
0.04802,1,0,DONE,4194304,4194304,4194304,10097709621,-1,0
0.04802,2,0,DONE,4194304,4194304,4194304,9453642767,-1,0
0.04802,3,0,DONE,4194304,4194304,4194304,3746315530,-1,0
0.04804,0,0,INJECTING,602438928,602346584,1386879564,188242843105,-1,0
0.04804,1,0,DONE,4194304,4194304,4194304,10097709621,-1,0
0.04804,2,0,DONE,4194304,4194304,4194304,9453642767,-1,0
0.04804,3,0,DONE,4194304,4194304,4194304,3746315530,-1,0
0.04806,0,0,INJECTING,602892080,602799736,1386879564,188242843105,-1,0
0.04806,1,0,DONE,4194304,4194304,4194304,10097709621,-1,0
0.04806,2,0,DONE,4194304,4194304,4194304,9453642767,-1,0
0.04806,3,0,DONE,4194304,4194304,4194304,3746315530,-1,0
0.04808,0,0,INJECTING,603345232,603252888,1386879564,188242843105,-1,0
0.04808,1,0,DONE,4194304,4194304,4194304,10097709621,-1,0
0.04808,2,0,DONE,4194304,4194304,4194304,9453642767,-1,0
0.04808,3,0,DONE,4194304,4194304,4194304,3746315530,-1,0
0.0481,0,0,INJECTING,603798384,603706040,1386879564,188242843105,-1,0
0.0481,1,0,DONE,4194304,4194304,4194304,10097709621,-1,0
0.0481,2,0,DONE,4194304,4194304,4194304,9453642767,-1,0
0.0481,3,0,DONE,4194304,4194304,4194304,3746315530,-1,0
0.04812,0,0,INJECTING,604252488,604159192,1386879564,188242843105,-1,0
0.04812,1,0,DONE,4194304,4194304,4194304,10097709621,-1,0
0.04812,2,0,DONE,4194304,4194304,4194304,9453642767,-1,0
0.04812,3,0,DONE,4194304,4194304,4194304,3746315530,-1,0
0.04814,0,0,INJECTING,604705640,604613296,1386879564,188242843105,-1,0
0.04814,1,0,DONE,4194304,4194304,4194304,10097709621,-1,0
0.04814,2,0,DONE,4194304,4194304,4194304,9453642767,-1,0
0.04814,3,0,DONE,4194304,4194304,4194304,3746315530,-1,0
0.04816,0,0,INJECTING,605158792,605066448,1386879564,188242843105,-1,0
0.04816,1,0,DONE,4194304,4194304,4194304,10097709621,-1,0
0.04816,2,0,DONE,4194304,4194304,4194304,9453642767,-1,0
0.04816,3,0,DONE,4194304,4194304,4194304,3746315530,-1,0
0.04818,0,0,INJECTING,605611944,605519600,1386879564,188242843105,-1,0
0.04818,1,0,DONE,4194304,4194304,4194304,10097709621,-1,0
0.04818,2,0,DONE,4194304,4194304,4194304,9453642767,-1,0
0.04818,3,0,DONE,4194304,4194304,4194304,3746315530,-1,0
0.0482,0,0,INJECTING,606065096,605972752,1386879564,188242843105,-1,0
0.0482,1,0,DONE,4194304,4194304,4194304,10097709621,-1,0
0.0482,2,0,DONE,4194304,4194304,4194304,9453642767,-1,0
0.0482,3,0,DONE,4194304,4194304,4194304,3746315530,-1,0
0.04822,0,0,INJECTING,606519200,606425904,1386879564,188242843105,-1,0
0.04822,1,0,DONE,4194304,4194304,4194304,10097709621,-1,0
0.04822,2,0,DONE,4194304,4194304,4194304,9453642767,-1,0
0.04822,3,0,DONE,4194304,4194304,4194304,3746315530,-1,0
0.04824,0,0,INJECTING,606972352,606879056,1386879564,188242843105,-1,0
0.04824,1,0,DONE,4194304,4194304,4194304,10097709621,-1,0
0.04824,2,0,DONE,4194304,4194304,4194304,9453642767,-1,0
0.04824,3,0,DONE,4194304,4194304,4194304,3746315530,-1,0
0.04826,0,0,INJECTING,607425504,607333160,1386879564,188242843105,-1,0
0.04826,1,0,DONE,4194304,4194304,4194304,10097709621,-1,0
0.04826,2,0,DONE,4194304,4194304,4194304,9453642767,-1,0
0.04826,3,0,DONE,4194304,4194304,4194304,3746315530,-1,0
0.04828,0,0,INJECTING,607878656,607786312,1386879564,188242843105,-1,0
0.04828,1,0,DONE,4194304,4194304,4194304,10097709621,-1,0
0.04828,2,0,DONE,4194304,4194304,4194304,9453642767,-1,0
0.04828,3,0,DONE,4194304,4194304,4194304,3746315530,-1,0
0.0483,0,0,INJECTING,608331808,608239464,1386879564,188242843105,-1,0
0.0483,1,0,DONE,4194304,4194304,4194304,10097709621,-1,0
0.0483,2,0,DONE,4194304,4194304,4194304,9453642767,-1,0
0.0483,3,0,DONE,4194304,4194304,4194304,3746315530,-1,0
0.04832,0,0,INJECTING,608784960,608692616,1386879564,188242843105,-1,0
0.04832,1,0,DONE,4194304,4194304,4194304,10097709621,-1,0
0.04832,2,0,DONE,4194304,4194304,4194304,9453642767,-1,0
0.04832,3,0,DONE,4194304,4194304,4194304,3746315530,-1,0
0.04834,0,0,INJECTING,609239064,609145768,1386879564,188242843105,-1,0
0.04834,1,0,DONE,4194304,4194304,4194304,10097709621,-1,0
0.04834,2,0,DONE,4194304,4194304,4194304,9453642767,-1,0
0.04834,3,0,DONE,4194304,4194304,4194304,3746315530,-1,0
0.04836,0,0,INJECTING,609692216,609599872,1386879564,188242843105,-1,0
0.04836,1,0,DONE,4194304,4194304,4194304,10097709621,-1,0
0.04836,2,0,DONE,4194304,4194304,4194304,9453642767,-1,0
0.04836,3,0,DONE,4194304,4194304,4194304,3746315530,-1,0
0.04838,0,0,INJECTING,610145368,610053024,1386879564,188242843105,-1,0
0.04838,1,0,DONE,4194304,4194304,4194304,10097709621,-1,0
0.04838,2,0,DONE,4194304,4194304,4194304,9453642767,-1,0
0.04838,3,0,DONE,4194304,4194304,4194304,3746315530,-1,0
0.0484,0,0,INJECTING,610598520,610506176,1386879564,188242843105,-1,0
0.0484,1,0,DONE,4194304,4194304,4194304,10097709621,-1,0
0.0484,2,0,DONE,4194304,4194304,4194304,9453642767,-1,0
0.0484,3,0,DONE,4194304,4194304,4194304,3746315530,-1,0
0.04842,0,0,INJECTING,611051672,610959328,1386879564,188242843105,-1,0
0.04842,1,0,DONE,4194304,4194304,4194304,10097709621,-1,0
0.04842,2,0,DONE,4194304,4194304,4194304,9453642767,-1,0
0.04842,3,0,DONE,4194304,4194304,4194304,3746315530,-1,0
0.04844,0,0,INJECTING,611505776,611412480,1386879564,188242843105,-1,0
0.04844,1,0,DONE,4194304,4194304,4194304,10097709621,-1,0
0.04844,2,0,DONE,4194304,4194304,4194304,9453642767,-1,0
0.04844,3,0,DONE,4194304,4194304,4194304,3746315530,-1,0
0.04846,0,0,INJECTING,611958928,611866584,1386879564,188242843105,-1,0
0.04846,1,0,DONE,4194304,4194304,4194304,10097709621,-1,0
0.04846,2,0,DONE,4194304,4194304,4194304,9453642767,-1,0
0.04846,3,0,DONE,4194304,4194304,4194304,3746315530,-1,0
0.04848,0,0,INJECTING,612412080,612319736,1386879564,188242843105,-1,0
0.04848,1,0,DONE,4194304,4194304,4194304,10097709621,-1,0
0.04848,2,0,DONE,4194304,4194304,4194304,9453642767,-1,0
0.04848,3,0,DONE,4194304,4194304,4194304,3746315530,-1,0
0.0485,0,0,INJECTING,612865232,612772888,1386879564,188242843105,-1,0
0.0485,1,0,DONE,4194304,4194304,4194304,10097709621,-1,0
0.0485,2,0,DONE,4194304,4194304,4194304,9453642767,-1,0
0.0485,3,0,DONE,4194304,4194304,4194304,3746315530,-1,0
0.04852,0,0,INJECTING,613318384,613226040,1386879564,188242843105,-1,0
0.04852,1,0,DONE,4194304,4194304,4194304,10097709621,-1,0
0.04852,2,0,DONE,4194304,4194304,4194304,9453642767,-1,0
0.04852,3,0,DONE,4194304,4194304,4194304,3746315530,-1,0
0.04854,0,0,INJECTING,613772488,613679192,1386879564,188242843105,-1,0
0.04854,1,0,DONE,4194304,4194304,4194304,10097709621,-1,0
0.04854,2,0,DONE,4194304,4194304,4194304,9453642767,-1,0
0.04854,3,0,DONE,4194304,4194304,4194304,3746315530,-1,0
0.04856,0,0,INJECTING,614225640,614133296,1386879564,188242843105,-1,0
0.04856,1,0,DONE,4194304,4194304,4194304,10097709621,-1,0
0.04856,2,0,DONE,4194304,4194304,4194304,9453642767,-1,0
0.04856,3,0,DONE,4194304,4194304,4194304,3746315530,-1,0
0.04858,0,0,INJECTING,614678792,614586448,1386879564,188242843105,-1,0
0.04858,1,0,DONE,4194304,4194304,4194304,10097709621,-1,0
0.04858,2,0,DONE,4194304,4194304,4194304,9453642767,-1,0
0.04858,3,0,DONE,4194304,4194304,4194304,3746315530,-1,0
0.0486,0,0,INJECTING,615131944,615039600,1386879564,188242843105,-1,0
0.0486,1,0,DONE,4194304,4194304,4194304,10097709621,-1,0
0.0486,2,0,DONE,4194304,4194304,4194304,9453642767,-1,0
0.0486,3,0,DONE,4194304,4194304,4194304,3746315530,-1,0
0.04862,0,0,INJECTING,615585096,615492752,1386879564,188242843105,-1,0
0.04862,1,0,DONE,4194304,4194304,4194304,10097709621,-1,0
0.04862,2,0,DONE,4194304,4194304,4194304,9453642767,-1,0
0.04862,3,0,DONE,4194304,4194304,4194304,3746315530,-1,0
0.04864,0,0,INJECTING,616039200,615945904,1386879564,188242843105,-1,0
0.04864,1,0,DONE,4194304,4194304,4194304,10097709621,-1,0
0.04864,2,0,DONE,4194304,4194304,4194304,9453642767,-1,0
0.04864,3,0,DONE,4194304,4194304,4194304,3746315530,-1,0
0.04866,0,0,INJECTING,616492352,616399056,1386879564,188242843105,-1,0
0.04866,1,0,DONE,4194304,4194304,4194304,10097709621,-1,0
0.04866,2,0,DONE,4194304,4194304,4194304,9453642767,-1,0
0.04866,3,0,DONE,4194304,4194304,4194304,3746315530,-1,0
0.04868,0,0,INJECTING,616945504,616853160,1386879564,188242843105,-1,0
0.04868,1,0,DONE,4194304,4194304,4194304,10097709621,-1,0
0.04868,2,0,DONE,4194304,4194304,4194304,9453642767,-1,0
0.04868,3,0,DONE,4194304,4194304,4194304,3746315530,-1,0
0.0487,0,0,INJECTING,617398656,617306312,1386879564,188242843105,-1,0
0.0487,1,0,DONE,4194304,4194304,4194304,10097709621,-1,0
0.0487,2,0,DONE,4194304,4194304,4194304,9453642767,-1,0
0.0487,3,0,DONE,4194304,4194304,4194304,3746315530,-1,0
0.04872,0,0,INJECTING,617851808,617759464,1386879564,188242843105,-1,0
0.04872,1,0,DONE,4194304,4194304,4194304,10097709621,-1,0
0.04872,2,0,DONE,4194304,4194304,4194304,9453642767,-1,0
0.04872,3,0,DONE,4194304,4194304,4194304,3746315530,-1,0
0.04874,0,0,INJECTING,618304960,618212616,1386879564,188242843105,-1,0
0.04874,1,0,DONE,4194304,4194304,4194304,10097709621,-1,0
0.04874,2,0,DONE,4194304,4194304,4194304,9453642767,-1,0
0.04874,3,0,DONE,4194304,4194304,4194304,3746315530,-1,0
0.04876,0,0,INJECTING,618759064,618665768,1386879564,188242843105,-1,0
0.04876,1,0,DONE,4194304,4194304,4194304,10097709621,-1,0
0.04876,2,0,DONE,4194304,4194304,4194304,9453642767,-1,0
0.04876,3,0,DONE,4194304,4194304,4194304,3746315530,-1,0
0.04878,0,0,INJECTING,619212216,619119872,1386879564,188242843105,-1,0
0.04878,1,0,DONE,4194304,4194304,4194304,10097709621,-1,0
0.04878,2,0,DONE,4194304,4194304,4194304,9453642767,-1,0
0.04878,3,0,DONE,4194304,4194304,4194304,3746315530,-1,0
0.0488,0,0,INJECTING,619665368,619573024,1386879564,188242843105,-1,0
0.0488,1,0,DONE,4194304,4194304,4194304,10097709621,-1,0
0.0488,2,0,DONE,4194304,4194304,4194304,9453642767,-1,0
0.0488,3,0,DONE,4194304,4194304,4194304,3746315530,-1,0
0.04882,0,0,INJECTING,620118520,620026176,1386879564,188242843105,-1,0
0.04882,1,0,DONE,4194304,4194304,4194304,10097709621,-1,0
0.04882,2,0,DONE,4194304,4194304,4194304,9453642767,-1,0
0.04882,3,0,DONE,4194304,4194304,4194304,3746315530,-1,0
0.04884,0,0,INJECTING,620571672,620479328,1386879564,188242843105,-1,0
0.04884,1,0,DONE,4194304,4194304,4194304,10097709621,-1,0
0.04884,2,0,DONE,4194304,4194304,4194304,9453642767,-1,0
0.04884,3,0,DONE,4194304,4194304,4194304,3746315530,-1,0
0.04886,0,0,INJECTING,621025776,620932480,1386879564,188242843105,-1,0
0.04886,1,0,DONE,4194304,4194304,4194304,10097709621,-1,0
0.04886,2,0,DONE,4194304,4194304,4194304,9453642767,-1,0
0.04886,3,0,DONE,4194304,4194304,4194304,3746315530,-1,0
0.04888,0,0,INJECTING,621478928,621386584,1386879564,188242843105,-1,0
0.04888,1,0,DONE,4194304,4194304,4194304,10097709621,-1,0
0.04888,2,0,DONE,4194304,4194304,4194304,9453642767,-1,0
0.04888,3,0,DONE,4194304,4194304,4194304,3746315530,-1,0
0.0489,0,0,INJECTING,621932080,621839736,1386879564,188242843105,-1,0
0.0489,1,0,DONE,4194304,4194304,4194304,10097709621,-1,0
0.0489,2,0,DONE,4194304,4194304,4194304,9453642767,-1,0
0.0489,3,0,DONE,4194304,4194304,4194304,3746315530,-1,0
0.04892,0,0,INJECTING,622385232,622292888,1386879564,188242843105,-1,0
0.04892,1,0,DONE,4194304,4194304,4194304,10097709621,-1,0
0.04892,2,0,DONE,4194304,4194304,4194304,9453642767,-1,0
0.04892,3,0,DONE,4194304,4194304,4194304,3746315530,-1,0
0.04894,0,0,INJECTING,622838384,622746040,1386879564,188242843105,-1,0
0.04894,1,0,DONE,4194304,4194304,4194304,10097709621,-1,0
0.04894,2,0,DONE,4194304,4194304,4194304,9453642767,-1,0
0.04894,3,0,DONE,4194304,4194304,4194304,3746315530,-1,0
0.04896,0,0,INJECTING,623292488,623199192,1386879564,188242843105,-1,0
0.04896,1,0,DONE,4194304,4194304,4194304,10097709621,-1,0
0.04896,2,0,DONE,4194304,4194304,4194304,9453642767,-1,0
0.04896,3,0,DONE,4194304,4194304,4194304,3746315530,-1,0
0.04898,0,0,INJECTING,623745640,623653296,1386879564,188242843105,-1,0
0.04898,1,0,DONE,4194304,4194304,4194304,10097709621,-1,0
0.04898,2,0,DONE,4194304,4194304,4194304,9453642767,-1,0
0.04898,3,0,DONE,4194304,4194304,4194304,3746315530,-1,0
