time,flow_id,round_id,phase,snd_nxt,snd_una,released_bytes,current_rate,feedback_origin_round,feedback_class
0.002,0,-1,WAIT_RELEASE,0,0,0,0,-1,0
0.00202,0,-1,WAIT_RELEASE,0,0,0,400000000000,-1,0
0.00204,0,-1,WAIT_RELEASE,0,0,0,400000000000,-1,0
0.00206,0,-1,WAIT_RELEASE,0,0,0,400000000000,-1,0
0.00208,0,-1,WAIT_RELEASE,0,0,0,400000000000,-1,0
0.0021,0,-1,WAIT_RELEASE,0,0,0,400000000000,-1,0
0.00212,0,-1,WAIT_RELEASE,0,0,0,400000000000,-1,0
0.00214,0,-1,WAIT_RELEASE,0,0,0,400000000000,-1,0
0.00216,0,-1,WAIT_RELEASE,0,0,0,400000000000,-1,0
0.00218,0,-1,WAIT_RELEASE,0,0,0,400000000000,-1,0
0.0022,0,-1,WAIT_RELEASE,0,0,0,400000000000,-1,0
0.00222,0,-1,WAIT_RELEASE,0,0,0,400000000000,-1,0
0.00224,0,-1,WAIT_RELEASE,0,0,0,400000000000,-1,0
0.00226,0,-1,WAIT_RELEASE,0,0,0,400000000000,-1,0
0.00228,0,-1,WAIT_RELEASE,0,0,0,400000000000,-1,0
0.0023,0,-1,WAIT_RELEASE,0,0,0,400000000000,-1,0
0.00232,0,-1,WAIT_RELEASE,0,0,0,400000000000,-1,0
0.00234,0,-1,WAIT_RELEASE,0,0,0,400000000000,-1,0
0.00236,0,-1,WAIT_RELEASE,0,0,0,400000000000,-1,0
0.00238,0,-1,WAIT_RELEASE,0,0,0,400000000000,-1,0
0.0024,0,-1,WAIT_RELEASE,0,0,0,400000000000,-1,0
0.00242,0,-1,WAIT_RELEASE,0,0,0,400000000000,-1,0
0.00244,0,-1,WAIT_RELEASE,0,0,0,400000000000,-1,0
0.00246,0,-1,WAIT_RELEASE,0,0,0,400000000000,-1,0
0.00248,0,-1,WAIT_RELEASE,0,0,0,400000000000,-1,0
0.0025,0,-1,WAIT_RELEASE,0,0,0,400000000000,-1,0
0.00252,0,-1,WAIT_RELEASE,0,0,0,400000000000,-1,0
0.00254,0,-1,WAIT_RELEASE,0,0,0,400000000000,-1,0
0.00256,0,-1,WAIT_RELEASE,0,0,0,400000000000,-1,0
0.00258,0,-1,WAIT_RELEASE,0,0,0,400000000000,-1,0
0.0026,0,-1,WAIT_RELEASE,0,0,0,400000000000,-1,0
0.00262,0,-1,WAIT_RELEASE,0,0,0,400000000000,-1,0
0.00264,0,-1,WAIT_RELEASE,0,0,0,400000000000,-1,0
0.00266,0,-1,WAIT_RELEASE,0,0,0,400000000000,-1,0
0.00268,0,-1,WAIT_RELEASE,0,0,0,400000000000,-1,0
0.0027,0,-1,WAIT_RELEASE,0,0,0,400000000000,-1,0
0.00272,0,-1,WAIT_RELEASE,0,0,0,400000000000,-1,0
0.00274,0,-1,WAIT_RELEASE,0,0,0,400000000000,-1,0
0.00276,0,-1,WAIT_RELEASE,0,0,0,400000000000,-1,0
0.00278,0,-1,WAIT_RELEASE,0,0,0,400000000000,-1,0
0.0028,0,-1,WAIT_RELEASE,0,0,0,400000000000,-1,0
0.00282,0,-1,WAIT_RELEASE,0,0,0,400000000000,-1,0
0.00284,0,-1,WAIT_RELEASE,0,0,0,400000000000,-1,0
0.00286,0,-1,WAIT_RELEASE,0,0,0,400000000000,-1,0
0.00288,0,-1,WAIT_RELEASE,0,0,0,400000000000,-1,0
0.0029,0,-1,WAIT_RELEASE,0,0,0,400000000000,-1,0
0.00292,0,-1,WAIT_RELEASE,0,0,0,400000000000,-1,0
0.00294,0,-1,WAIT_RELEASE,0,0,0,400000000000,-1,0
0.00296,0,-1,WAIT_RELEASE,0,0,0,400000000000,-1,0
0.00298,0,-1,WAIT_RELEASE,0,0,0,400000000000,-1,0
0.003,0,-1,WAIT_RELEASE,0,0,0,400000000000,-1,0
0.00302,0,-1,WAIT_RELEASE,0,0,0,400000000000,-1,0
0.00304,0,-1,WAIT_RELEASE,0,0,0,400000000000,-1,0
0.00306,0,-1,WAIT_RELEASE,0,0,0,400000000000,-1,0
0.00308,0,-1,WAIT_RELEASE,0,0,0,400000000000,-1,0
0.0031,0,-1,WAIT_RELEASE,0,0,0,400000000000,-1,0
0.00312,0,-1,WAIT_RELEASE,0,0,0,400000000000,-1,0
0.00314,0,-1,WAIT_RELEASE,0,0,0,400000000000,-1,0
0.00316,0,-1,WAIT_RELEASE,0,0,0,400000000000,-1,0
0.00318,0,-1,WAIT_RELEASE,0,0,0,400000000000,-1,0
0.0032,0,-1,WAIT_RELEASE,0,0,0,400000000000,-1,0
0.00322,0,-1,WAIT_RELEASE,0,0,0,400000000000,-1,0
0.00324,0,-1,WAIT_RELEASE,0,0,0,400000000000,-1,0
0.00326,0,-1,WAIT_RELEASE,0,0,0,400000000000,-1,0
0.00328,0,-1,WAIT_RELEASE,0,0,0,400000000000,-1,0
0.0033,0,-1,WAIT_RELEASE,0,0,0,400000000000,-1,0
0.00332,0,-1,WAIT_RELEASE,0,0,0,400000000000,-1,0
0.00334,0,-1,WAIT_RELEASE,0,0,0,400000000000,-1,0
0.00336,0,-1,WAIT_RELEASE,0,0,0,400000000000,-1,0
0.00338,0,-1,WAIT_RELEASE,0,0,0,400000000000,-1,0
0.0034,0,-1,WAIT_RELEASE,0,0,0,400000000000,-1,0
0.00342,0,-1,WAIT_RELEASE,0,0,0,400000000000,-1,0
0.00344,0,-1,WAIT_RELEASE,0,0,0,400000000000,-1,0
0.00346,0,-1,WAIT_RELEASE,0,0,0,400000000000,-1,0
0.00348,0,-1,WAIT_RELEASE,0,0,0,400000000000,-1,0
0.0035,0,-1,WAIT_RELEASE,0,0,0,400000000000,-1,0
0.00352,0,-1,WAIT_RELEASE,0,0,0,400000000000,-1,0
0.00354,0,-1,WAIT_RELEASE,0,0,0,400000000000,-1,0
0.00356,0,-1,WAIT_RELEASE,0,0,0,400000000000,-1,0
0.00358,0,-1,WAIT_RELEASE,0,0,0,400000000000,-1,0
0.0036,0,-1,WAIT_RELEASE,0,0,0,400000000000,-1,0
0.00362,0,-1,WAIT_RELEASE,0,0,0,400000000000,-1,0
0.00364,0,-1,WAIT_RELEASE,0,0,0,400000000000,-1,0
0.00366,0,-1,WAIT_RELEASE,0,0,0,400000000000,-1,0
0.00368,0,-1,WAIT_RELEASE,0,0,0,400000000000,-1,0
0.0037,0,-1,WAIT_RELEASE,0,0,0,400000000000,-1,0
0.00372,0,-1,WAIT_RELEASE,0,0,0,400000000000,-1,0
0.00374,0,-1,WAIT_RELEASE,0,0,0,400000000000,-1,0
0.00376,0,-1,WAIT_RELEASE,0,0,0,400000000000,-1,0
0.00378,0,-1,WAIT_RELEASE,0,0,0,400000000000,-1,0
0.0038,0,-1,WAIT_RELEASE,0,0,0,400000000000,-1,0
0.00382,0,-1,WAIT_RELEASE,0,0,0,400000000000,-1,0
0.00384,0,-1,WAIT_RELEASE,0,0,0,400000000000,-1,0
0.00386,0,-1,WAIT_RELEASE,0,0,0,400000000000,-1,0
0.00388,0,-1,WAIT_RELEASE,0,0,0,400000000000,-1,0
0.0039,0,-1,WAIT_RELEASE,0,0,0,400000000000,-1,0
0.00392,0,-1,WAIT_RELEASE,0,0,0,400000000000,-1,0
0.00394,0,-1,WAIT_RELEASE,0,0,0,400000000000,-1,0
0.00396,0,-1,WAIT_RELEASE,0,0,0,400000000000,-1,0
0.00398,0,-1,WAIT_RELEASE,0,0,0,400000000000,-1,0
0.004,0,-1,WAIT_RELEASE,0,0,0,400000000000,-1,0
0.00402,0,-1,WAIT_RELEASE,0,0,0,400000000000,-1,0
0.00404,0,-1,WAIT_RELEASE,0,0,0,400000000000,-1,0
0.00406,0,-1,WAIT_RELEASE,0,0,0,400000000000,-1,0
0.00408,0,-1,WAIT_RELEASE,0,0,0,400000000000,-1,0
0.0041,0,-1,WAIT_RELEASE,0,0,0,400000000000,-1,0
0.00412,0,-1,WAIT_RELEASE,0,0,0,400000000000,-1,0
0.00414,0,-1,WAIT_RELEASE,0,0,0,400000000000,-1,0
0.00416,0,-1,WAIT_RELEASE,0,0,0,400000000000,-1,0
0.00418,0,-1,WAIT_RELEASE,0,0,0,400000000000,-1,0
0.0042,0,-1,WAIT_RELEASE,0,0,0,400000000000,-1,0
0.00422,0,-1,WAIT_RELEASE,0,0,0,400000000000,-1,0
0.00424,0,-1,WAIT_RELEASE,0,0,0,400000000000,-1,0
0.00426,0,-1,WAIT_RELEASE,0,0,0,400000000000,-1,0
0.00428,0,-1,WAIT_RELEASE,0,0,0,400000000000,-1,0
0.0043,0,-1,WAIT_RELEASE,0,0,0,400000000000,-1,0
0.00432,0,-1,WAIT_RELEASE,0,0,0,400000000000,-1,0
0.00434,0,-1,WAIT_RELEASE,0,0,0,400000000000,-1,0
0.00436,0,-1,WAIT_RELEASE,0,0,0,400000000000,-1,0
0.00438,0,-1,WAIT_RELEASE,0,0,0,400000000000,-1,0
0.0044,0,-1,WAIT_RELEASE,0,0,0,400000000000,-1,0
0.00442,0,-1,WAIT_RELEASE,0,0,0,400000000000,-1,0
0.00444,0,-1,WAIT_RELEASE,0,0,0,400000000000,-1,0
0.00446,0,-1,WAIT_RELEASE,0,0,0,400000000000,-1,0
0.00448,0,-1,WAIT_RELEASE,0,0,0,400000000000,-1,0
0.0045,0,-1,WAIT_RELEASE,0,0,0,400000000000,-1,0
0.00452,0,-1,WAIT_RELEASE,0,0,0,400000000000,-1,0
0.00454,0,-1,WAIT_RELEASE,0,0,0,400000000000,-1,0
0.00456,0,-1,WAIT_RELEASE,0,0,0,400000000000,-1,0
0.00458,0,-1,WAIT_RELEASE,0,0,0,400000000000,-1,0
0.0046,0,-1,WAIT_RELEASE,0,0,0,400000000000,-1,0
0.00462,0,-1,WAIT_RELEASE,0,0,0,400000000000,-1,0
0.00464,0,-1,WAIT_RELEASE,0,0,0,400000000000,-1,0
0.00466,0,-1,WAIT_RELEASE,0,0,0,400000000000,-1,0
0.00468,0,-1,WAIT_RELEASE,0,0,0,400000000000,-1,0
0.0047,0,-1,WAIT_RELEASE,0,0,0,400000000000,-1,0
0.00472,0,-1,WAIT_RELEASE,0,0,0,400000000000,-1,0
0.00474,0,-1,WAIT_RELEASE,0,0,0,400000000000,-1,0
0.00476,0,-1,WAIT_RELEASE,0,0,0,400000000000,-1,0
0.00478,0,-1,WAIT_RELEASE,0,0,0,400000000000,-1,0
0.0048,0,-1,WAIT_RELEASE,0,0,0,400000000000,-1,0
0.00482,0,-1,WAIT_RELEASE,0,0,0,400000000000,-1,0
0.00484,0,-1,WAIT_RELEASE,0,0,0,400000000000,-1,0
0.00486,0,-1,WAIT_RELEASE,0,0,0,400000000000,-1,0
0.00488,0,-1,WAIT_RELEASE,0,0,0,400000000000,-1,0
0.0049,0,-1,WAIT_RELEASE,0,0,0,400000000000,-1,0
0.00492,0,-1,WAIT_RELEASE,0,0,0,400000000000,-1,0
0.00494,0,-1,WAIT_RELEASE,0,0,0,400000000000,-1,0
0.00496,0,-1,WAIT_RELEASE,0,0,0,400000000000,-1,0
0.00498,0,-1,WAIT_RELEASE,0,0,0,400000000000,-1,0
0.005,0,-1,WAIT_RELEASE,0,0,0,400000000000,-1,0
0.00502,0,-1,WAIT_RELEASE,0,0,0,400000000000,-1,0
0.00504,0,-1,WAIT_RELEASE,0,0,0,400000000000,-1,0
0.00506,0,-1,WAIT_RELEASE,0,0,0,400000000000,-1,0
0.00508,0,-1,WAIT_RELEASE,0,0,0,400000000000,-1,0
0.0051,0,-1,WAIT_RELEASE,0,0,0,400000000000,-1,0
0.00512,0,-1,WAIT_RELEASE,0,0,0,400000000000,-1,0
0.00514,0,-1,WAIT_RELEASE,0,0,0,400000000000,-1,0
0.00516,0,-1,WAIT_RELEASE,0,0,0,400000000000,-1,0
0.00518,0,-1,WAIT_RELEASE,0,0,0,400000000000,-1,0
0.0052,0,-1,WAIT_RELEASE,0,0,0,400000000000,-1,0
0.00522,0,-1,WAIT_RELEASE,0,0,0,400000000000,-1,0
0.00524,0,-1,WAIT_RELEASE,0,0,0,400000000000,-1,0
0.00526,0,-1,WAIT_RELEASE,0,0,0,400000000000,-1,0
0.00528,0,-1,WAIT_RELEASE,0,0,0,400000000000,-1,0
0.0053,0,-1,WAIT_RELEASE,0,0,0,400000000000,-1,0
0.00532,0,-1,WAIT_RELEASE,0,0,0,400000000000,-1,0
0.00534,0,-1,WAIT_RELEASE,0,0,0,400000000000,-1,0
0.00536,0,-1,WAIT_RELEASE,0,0,0,400000000000,-1,0
0.00538,0,-1,WAIT_RELEASE,0,0,0,400000000000,-1,0
0.0054,0,-1,WAIT_RELEASE,0,0,0,400000000000,-1,0
0.00542,0,-1,WAIT_RELEASE,0,0,0,400000000000,-1,0
0.00544,0,-1,WAIT_RELEASE,0,0,0,400000000000,-1,0
0.00546,0,-1,WAIT_RELEASE,0,0,0,400000000000,-1,0
0.00548,0,-1,WAIT_RELEASE,0,0,0,400000000000,-1,0
0.0055,0,-1,WAIT_RELEASE,0,0,0,400000000000,-1,0
0.00552,0,-1,WAIT_RELEASE,0,0,0,400000000000,-1,0
0.00554,0,-1,WAIT_RELEASE,0,0,0,400000000000,-1,0
0.00556,0,-1,WAIT_RELEASE,0,0,0,400000000000,-1,0
0.00558,0,-1,WAIT_RELEASE,0,0,0,400000000000,-1,0
0.0056,0,-1,WAIT_RELEASE,0,0,0,400000000000,-1,0
0.00562,0,-1,WAIT_RELEASE,0,0,0,400000000000,-1,0
0.00564,0,-1,WAIT_RELEASE,0,0,0,400000000000,-1,0
0.00566,0,-1,WAIT_RELEASE,0,0,0,400000000000,-1,0
0.00568,0,-1,WAIT_RELEASE,0,0,0,400000000000,-1,0
0.0057,0,-1,WAIT_RELEASE,0,0,0,400000000000,-1,0
0.00572,0,-1,WAIT_RELEASE,0,0,0,400000000000,-1,0
0.00574,0,-1,WAIT_RELEASE,0,0,0,400000000000,-1,0
0.00576,0,-1,WAIT_RELEASE,0,0,0,400000000000,-1,0
0.00578,0,-1,WAIT_RELEASE,0,0,0,400000000000,-1,0
0.0058,0,-1,WAIT_RELEASE,0,0,0,400000000000,-1,0
0.00582,0,-1,WAIT_RELEASE,0,0,0,400000000000,-1,0
0.00584,0,-1,WAIT_RELEASE,0,0,0,400000000000,-1,0
0.00586,0,-1,WAIT_RELEASE,0,0,0,400000000000,-1,0
0.00588,0,-1,WAIT_RELEASE,0,0,0,400000000000,-1,0
0.0059,0,-1,WAIT_RELEASE,0,0,0,400000000000,-1,0
0.00592,0,-1,WAIT_RELEASE,0,0,0,400000000000,-1,0
0.00594,0,-1,WAIT_RELEASE,0,0,0,400000000000,-1,0
0.00596,0,-1,WAIT_RELEASE,0,0,0,400000000000,-1,0
0.00598,0,-1,WAIT_RELEASE,0,0,0,400000000000,-1,0
0.006,0,-1,WAIT_RELEASE,0,0,0,400000000000,-1,0
0.00602,0,-1,WAIT_RELEASE,0,0,0,400000000000,-1,0
0.00604,0,-1,WAIT_RELEASE,0,0,0,400000000000,-1,0
0.00606,0,-1,WAIT_RELEASE,0,0,0,400000000000,-1,0
0.00608,0,-1,WAIT_RELEASE,0,0,0,400000000000,-1,0
0.0061,0,-1,WAIT_RELEASE,0,0,0,400000000000,-1,0
0.00612,0,-1,WAIT_RELEASE,0,0,0,400000000000,-1,0
0.00614,0,-1,WAIT_RELEASE,0,0,0,400000000000,-1,0
0.00616,0,-1,WAIT_RELEASE,0,0,0,400000000000,-1,0
0.00618,0,-1,WAIT_RELEASE,0,0,0,400000000000,-1,0
0.0062,0,-1,WAIT_RELEASE,0,0,0,400000000000,-1,0
0.00622,0,-1,WAIT_RELEASE,0,0,0,400000000000,-1,0
0.00624,0,-1,WAIT_RELEASE,0,0,0,400000000000,-1,0
0.00626,0,-1,WAIT_RELEASE,0,0,0,400000000000,-1,0
0.00628,0,-1,WAIT_RELEASE,0,0,0,400000000000,-1,0
0.0063,0,-1,WAIT_RELEASE,0,0,0,400000000000,-1,0
0.00632,0,-1,WAIT_RELEASE,0,0,0,400000000000,-1,0
0.00634,0,-1,WAIT_RELEASE,0,0,0,400000000000,-1,0
0.00636,0,-1,WAIT_RELEASE,0,0,0,400000000000,-1,0
0.00638,0,-1,WAIT_RELEASE,0,0,0,400000000000,-1,0
0.0064,0,-1,WAIT_RELEASE,0,0,0,400000000000,-1,0
0.00642,0,-1,WAIT_RELEASE,0,0,0,400000000000,-1,0
0.00644,0,-1,WAIT_RELEASE,0,0,0,400000000000,-1,0
0.00646,0,-1,WAIT_RELEASE,0,0,0,400000000000,-1,0
0.00648,0,-1,WAIT_RELEASE,0,0,0,400000000000,-1,0
0.0065,0,-1,WAIT_RELEASE,0,0,0,400000000000,-1,0
0.00652,0,-1,WAIT_RELEASE,0,0,0,400000000000,-1,0
0.00654,0,-1,WAIT_RELEASE,0,0,0,400000000000,-1,0
0.00656,0,-1,WAIT_RELEASE,0,0,0,400000000000,-1,0
0.00658,0,-1,WAIT_RELEASE,0,0,0,400000000000,-1,0
0.0066,0,-1,WAIT_RELEASE,0,0,0,400000000000,-1,0
0.00662,0,-1,WAIT_RELEASE,0,0,0,400000000000,-1,0
0.00664,0,-1,WAIT_RELEASE,0,0,0,400000000000,-1,0
0.00666,0,-1,WAIT_RELEASE,0,0,0,400000000000,-1,0
0.00668,0,-1,WAIT_RELEASE,0,0,0,400000000000,-1,0
0.0067,0,-1,WAIT_RELEASE,0,0,0,400000000000,-1,0
0.00672,0,-1,WAIT_RELEASE,0,0,0,400000000000,-1,0
0.00674,0,-1,WAIT_RELEASE,0,0,0,400000000000,-1,0
0.00676,0,-1,WAIT_RELEASE,0,0,0,400000000000,-1,0
0.00678,0,-1,WAIT_RELEASE,0,0,0,400000000000,-1,0
0.0068,0,-1,WAIT_RELEASE,0,0,0,400000000000,-1,0
0.00682,0,-1,WAIT_RELEASE,0,0,0,400000000000,-1,0
0.00684,0,-1,WAIT_RELEASE,0,0,0,400000000000,-1,0
0.00686,0,-1,WAIT_RELEASE,0,0,0,400000000000,-1,0
0.00688,0,-1,WAIT_RELEASE,0,0,0,400000000000,-1,0
0.0069,0,-1,WAIT_RELEASE,0,0,0,400000000000,-1,0
0.00692,0,-1,WAIT_RELEASE,0,0,0,400000000000,-1,0
0.00694,0,-1,WAIT_RELEASE,0,0,0,400000000000,-1,0
0.00696,0,-1,WAIT_RELEASE,0,0,0,400000000000,-1,0
0.00698,0,-1,WAIT_RELEASE,0,0,0,400000000000,-1,0
0.007,0,-1,WAIT_RELEASE,0,0,0,400000000000,-1,0
0.00702,0,-1,WAIT_RELEASE,0,0,0,400000000000,-1,0
0.00704,0,-1,WAIT_RELEASE,0,0,0,400000000000,-1,0
0.00706,0,-1,WAIT_RELEASE,0,0,0,400000000000,-1,0
0.00708,0,-1,WAIT_RELEASE,0,0,0,400000000000,-1,0
0.0071,0,-1,WAIT_RELEASE,0,0,0,400000000000,-1,0
0.00712,0,-1,WAIT_RELEASE,0,0,0,400000000000,-1,0
0.00714,0,-1,WAIT_RELEASE,0,0,0,400000000000,-1,0
0.00716,0,-1,WAIT_RELEASE,0,0,0,400000000000,-1,0
0.00718,0,-1,WAIT_RELEASE,0,0,0,400000000000,-1,0
0.0072,0,-1,WAIT_RELEASE,0,0,0,400000000000,-1,0
0.00722,0,-1,WAIT_RELEASE,0,0,0,400000000000,-1,0
0.00724,0,-1,WAIT_RELEASE,0,0,0,400000000000,-1,0
0.00726,0,-1,WAIT_RELEASE,0,0,0,400000000000,-1,0
0.00728,0,-1,WAIT_RELEASE,0,0,0,400000000000,-1,0
0.0073,0,-1,WAIT_RELEASE,0,0,0,400000000000,-1,0
0.00732,0,-1,WAIT_RELEASE,0,0,0,400000000000,-1,0
0.00734,0,-1,WAIT_RELEASE,0,0,0,400000000000,-1,0
0.00736,0,-1,WAIT_RELEASE,0,0,0,400000000000,-1,0
0.00738,0,-1,WAIT_RELEASE,0,0,0,400000000000,-1,0
0.0074,0,-1,WAIT_RELEASE,0,0,0,400000000000,-1,0
0.00742,0,-1,WAIT_RELEASE,0,0,0,400000000000,-1,0
0.00744,0,-1,WAIT_RELEASE,0,0,0,400000000000,-1,0
0.00746,0,-1,WAIT_RELEASE,0,0,0,400000000000,-1,0
0.00748,0,-1,WAIT_RELEASE,0,0,0,400000000000,-1,0
0.0075,0,-1,WAIT_RELEASE,0,0,0,400000000000,-1,0
0.00752,0,-1,WAIT_RELEASE,0,0,0,400000000000,-1,0
0.00754,0,-1,WAIT_RELEASE,0,0,0,400000000000,-1,0
0.00756,0,-1,WAIT_RELEASE,0,0,0,400000000000,-1,0
0.00758,0,-1,WAIT_RELEASE,0,0,0,400000000000,-1,0
0.0076,0,-1,WAIT_RELEASE,0,0,0,400000000000,-1,0
0.00762,0,-1,WAIT_RELEASE,0,0,0,400000000000,-1,0
0.00764,0,-1,WAIT_RELEASE,0,0,0,400000000000,-1,0
0.00766,0,-1,WAIT_RELEASE,0,0,0,400000000000,-1,0
0.00768,0,-1,WAIT_RELEASE,0,0,0,400000000000,-1,0
0.0077,0,-1,WAIT_RELEASE,0,0,0,400000000000,-1,0
0.00772,0,-1,WAIT_RELEASE,0,0,0,400000000000,-1,0
0.00774,0,-1,WAIT_RELEASE,0,0,0,400000000000,-1,0
0.00776,0,-1,WAIT_RELEASE,0,0,0,400000000000,-1,0
0.00778,0,-1,WAIT_RELEASE,0,0,0,400000000000,-1,0
0.0078,0,-1,WAIT_RELEASE,0,0,0,400000000000,-1,0
0.00782,0,-1,WAIT_RELEASE,0,0,0,400000000000,-1,0
0.00784,0,-1,WAIT_RELEASE,0,0,0,400000000000,-1,0
0.00786,0,-1,WAIT_RELEASE,0,0,0,400000000000,-1,0
0.00788,0,-1,WAIT_RELEASE,0,0,0,400000000000,-1,0
0.0079,0,-1,WAIT_RELEASE,0,0,0,400000000000,-1,0
0.00792,0,-1,WAIT_RELEASE,0,0,0,400000000000,-1,0
0.00794,0,-1,WAIT_RELEASE,0,0,0,400000000000,-1,0
0.00796,0,-1,WAIT_RELEASE,0,0,0,400000000000,-1,0
0.00798,0,-1,WAIT_RELEASE,0,0,0,400000000000,-1,0
0.008,0,-1,WAIT_RELEASE,0,0,0,400000000000,-1,0
0.00802,0,-1,WAIT_RELEASE,0,0,0,400000000000,-1,0
0.00804,0,-1,WAIT_RELEASE,0,0,0,400000000000,-1,0
0.00806,0,-1,WAIT_RELEASE,0,0,0,400000000000,-1,0
0.00808,0,-1,WAIT_RELEASE,0,0,0,400000000000,-1,0
0.0081,0,-1,WAIT_RELEASE,0,0,0,400000000000,-1,0
0.00812,0,-1,WAIT_RELEASE,0,0,0,400000000000,-1,0
0.00814,0,-1,WAIT_RELEASE,0,0,0,400000000000,-1,0
0.00816,0,-1,WAIT_RELEASE,0,0,0,400000000000,-1,0
0.00818,0,-1,WAIT_RELEASE,0,0,0,400000000000,-1,0
0.0082,0,-1,WAIT_RELEASE,0,0,0,400000000000,-1,0
0.00822,0,-1,WAIT_RELEASE,0,0,0,400000000000,-1,0
0.00824,0,-1,WAIT_RELEASE,0,0,0,400000000000,-1,0
0.00826,0,-1,WAIT_RELEASE,0,0,0,400000000000,-1,0
0.00828,0,-1,WAIT_RELEASE,0,0,0,400000000000,-1,0
0.0083,0,-1,WAIT_RELEASE,0,0,0,400000000000,-1,0
0.00832,0,-1,WAIT_RELEASE,0,0,0,400000000000,-1,0
0.00834,0,-1,WAIT_RELEASE,0,0,0,400000000000,-1,0
0.00836,0,-1,WAIT_RELEASE,0,0,0,400000000000,-1,0
0.00838,0,-1,WAIT_RELEASE,0,0,0,400000000000,-1,0
0.0084,0,-1,WAIT_RELEASE,0,0,0,400000000000,-1,0
0.00842,0,-1,WAIT_RELEASE,0,0,0,400000000000,-1,0
0.00844,0,-1,WAIT_RELEASE,0,0,0,400000000000,-1,0
0.00846,0,-1,WAIT_RELEASE,0,0,0,400000000000,-1,0
0.00848,0,-1,WAIT_RELEASE,0,0,0,400000000000,-1,0
0.0085,0,-1,WAIT_RELEASE,0,0,0,400000000000,-1,0
0.00852,0,-1,WAIT_RELEASE,0,0,0,400000000000,-1,0
0.00854,0,-1,WAIT_RELEASE,0,0,0,400000000000,-1,0
0.00856,0,-1,WAIT_RELEASE,0,0,0,400000000000,-1,0
0.00858,0,-1,WAIT_RELEASE,0,0,0,400000000000,-1,0
0.0086,0,-1,WAIT_RELEASE,0,0,0,400000000000,-1,0
0.00862,0,-1,WAIT_RELEASE,0,0,0,400000000000,-1,0
0.00864,0,-1,WAIT_RELEASE,0,0,0,400000000000,-1,0
0.00866,0,-1,WAIT_RELEASE,0,0,0,400000000000,-1,0
0.00868,0,-1,WAIT_RELEASE,0,0,0,400000000000,-1,0
0.0087,0,-1,WAIT_RELEASE,0,0,0,400000000000,-1,0
0.00872,0,-1,WAIT_RELEASE,0,0,0,400000000000,-1,0
0.00874,0,-1,WAIT_RELEASE,0,0,0,400000000000,-1,0
0.00876,0,-1,WAIT_RELEASE,0,0,0,400000000000,-1,0
0.00878,0,-1,WAIT_RELEASE,0,0,0,400000000000,-1,0
0.0088,0,-1,WAIT_RELEASE,0,0,0,400000000000,-1,0
0.00882,0,-1,WAIT_RELEASE,0,0,0,400000000000,-1,0
0.00884,0,-1,WAIT_RELEASE,0,0,0,400000000000,-1,0
0.00886,0,-1,WAIT_RELEASE,0,0,0,400000000000,-1,0
0.00888,0,-1,WAIT_RELEASE,0,0,0,400000000000,-1,0
0.0089,0,-1,WAIT_RELEASE,0,0,0,400000000000,-1,0
0.00892,0,-1,WAIT_RELEASE,0,0,0,400000000000,-1,0
0.00894,0,-1,WAIT_RELEASE,0,0,0,400000000000,-1,0
0.00896,0,-1,WAIT_RELEASE,0,0,0,400000000000,-1,0
0.00898,0,-1,WAIT_RELEASE,0,0,0,400000000000,-1,0
0.009,0,-1,WAIT_RELEASE,0,0,0,400000000000,-1,0
0.00902,0,-1,WAIT_RELEASE,0,0,0,400000000000,-1,0
0.00904,0,-1,WAIT_RELEASE,0,0,0,400000000000,-1,0
0.00906,0,-1,WAIT_RELEASE,0,0,0,400000000000,-1,0
0.00908,0,-1,WAIT_RELEASE,0,0,0,400000000000,-1,0
0.0091,0,-1,WAIT_RELEASE,0,0,0,400000000000,-1,0
0.00912,0,-1,WAIT_RELEASE,0,0,0,400000000000,-1,0
0.00914,0,-1,WAIT_RELEASE,0,0,0,400000000000,-1,0
0.00916,0,-1,WAIT_RELEASE,0,0,0,400000000000,-1,0
0.00918,0,-1,WAIT_RELEASE,0,0,0,400000000000,-1,0
0.0092,0,-1,WAIT_RELEASE,0,0,0,400000000000,-1,0
0.00922,0,-1,WAIT_RELEASE,0,0,0,400000000000,-1,0
0.00924,0,-1,WAIT_RELEASE,0,0,0,400000000000,-1,0
0.00926,0,-1,WAIT_RELEASE,0,0,0,400000000000,-1,0
0.00928,0,-1,WAIT_RELEASE,0,0,0,400000000000,-1,0
0.0093,0,-1,WAIT_RELEASE,0,0,0,400000000000,-1,0
0.00932,0,-1,WAIT_RELEASE,0,0,0,400000000000,-1,0
0.00934,0,-1,WAIT_RELEASE,0,0,0,400000000000,-1,0
0.00936,0,-1,WAIT_RELEASE,0,0,0,400000000000,-1,0
0.00938,0,-1,WAIT_RELEASE,0,0,0,400000000000,-1,0
0.0094,0,-1,WAIT_RELEASE,0,0,0,400000000000,-1,0
0.00942,0,-1,WAIT_RELEASE,0,0,0,400000000000,-1,0
0.00944,0,-1,WAIT_RELEASE,0,0,0,400000000000,-1,0
0.00946,0,-1,WAIT_RELEASE,0,0,0,400000000000,-1,0
0.00948,0,-1,WAIT_RELEASE,0,0,0,400000000000,-1,0
0.0095,0,-1,WAIT_RELEASE,0,0,0,400000000000,-1,0
0.00952,0,-1,WAIT_RELEASE,0,0,0,400000000000,-1,0
0.00954,0,-1,WAIT_RELEASE,0,0,0,400000000000,-1,0
0.00956,0,-1,WAIT_RELEASE,0,0,0,400000000000,-1,0
0.00958,0,-1,WAIT_RELEASE,0,0,0,400000000000,-1,0
0.0096,0,-1,WAIT_RELEASE,0,0,0,400000000000,-1,0
0.00962,0,-1,WAIT_RELEASE,0,0,0,400000000000,-1,0
0.00964,0,-1,WAIT_RELEASE,0,0,0,400000000000,-1,0
0.00966,0,-1,WAIT_RELEASE,0,0,0,400000000000,-1,0
0.00968,0,-1,WAIT_RELEASE,0,0,0,400000000000,-1,0
0.0097,0,-1,WAIT_RELEASE,0,0,0,400000000000,-1,0
0.00972,0,-1,WAIT_RELEASE,0,0,0,400000000000,-1,0
0.00974,0,-1,WAIT_RELEASE,0,0,0,400000000000,-1,0
0.00976,0,-1,WAIT_RELEASE,0,0,0,400000000000,-1,0
0.00978,0,-1,WAIT_RELEASE,0,0,0,400000000000,-1,0
0.0098,0,-1,WAIT_RELEASE,0,0,0,400000000000,-1,0
0.00982,0,-1,WAIT_RELEASE,0,0,0,400000000000,-1,0
0.00984,0,-1,WAIT_RELEASE,0,0,0,400000000000,-1,0
0.00986,0,-1,WAIT_RELEASE,0,0,0,400000000000,-1,0
0.00988,0,-1,WAIT_RELEASE,0,0,0,400000000000,-1,0
0.0099,0,-1,WAIT_RELEASE,0,0,0,400000000000,-1,0
0.00992,0,-1,WAIT_RELEASE,0,0,0,400000000000,-1,0
0.00994,0,-1,WAIT_RELEASE,0,0,0,400000000000,-1,0
0.00996,0,-1,WAIT_RELEASE,0,0,0,400000000000,-1,0
0.00998,0,-1,WAIT_RELEASE,0,0,0,400000000000,-1,0
0.01,0,-1,WAIT_RELEASE,0,0,0,320000000000,-1,0
0.01002,0,0,INJECTING,571200,417928,7510451818,320000000000,-1,0
0.01004,0,0,INJECTING,1332800,1179528,7510451818,320000000000,-1,0
0.01006,0,0,INJECTING,2094400,1941128,7510451818,320000000000,-1,0
0.01008,0,0,INJECTING,2856000,2702728,7510451818,320000000000,-1,0
0.0101,0,0,INJECTING,3617600,3464328,7510451818,320000000000,-1,0
0.01012,0,0,INJECTING,4379200,4225928,7510451818,320000000000,-1,0
0.01014,0,0,INJECTING,5140800,4987528,7510451818,320000000000,-1,0
0.01016,0,0,INJECTING,5902400,5749128,7510451818,320000000000,-1,0
0.01018,0,0,INJECTING,6664000,6510728,7510451818,320000000000,-1,0
0.0102,0,0,INJECTING,7425600,7272328,7510451818,320000000000,-1,0
0.01022,0,0,INJECTING,8187200,8033928,7510451818,320000000000,-1,0
0.01024,0,0,INJECTING,8948800,8795528,7510451818,320000000000,-1,0
0.01026,0,0,INJECTING,9710400,9557128,7510451818,320000000000,-1,0
0.01028,0,0,INJECTING,10472000,10318728,7510451818,320000000000,-1,0
0.0103,0,0,INJECTING,11233600,11080328,7510451818,320000000000,-1,0
0.01032,0,0,INJECTING,11995200,11841928,7510451818,320000000000,-1,0
0.01034,0,0,INJECTING,12756800,12603528,7510451818,320000000000,-1,0
0.01036,0,0,INJECTING,13518400,13365128,7510451818,320000000000,-1,0
0.01038,0,0,INJECTING,14280000,14126728,7510451818,320000000000,-1,0
0.0104,0,0,INJECTING,15041600,14888328,7510451818,320000000000,-1,0
0.01042,0,0,INJECTING,15803200,15649928,7510451818,320000000000,-1,0
0.01044,0,0,INJECTING,16564800,16411528,7510451818,320000000000,-1,0
0.01046,0,0,INJECTING,17326400,17173128,7510451818,320000000000,-1,0
0.01048,0,0,INJECTING,18088000,17934728,7510451818,320000000000,-1,0
0.0105,0,0,INJECTING,18849600,18696328,7510451818,320000000000,-1,0
0.01052,0,0,INJECTING,19611200,19457928,7510451818,320000000000,-1,0
0.01054,0,0,INJECTING,20372800,20219528,7510451818,320000000000,-1,0
0.01056,0,0,INJECTING,21134400,20981128,7510451818,320000000000,-1,0
0.01058,0,0,INJECTING,21896000,21742728,7510451818,320000000000,-1,0
0.0106,0,0,INJECTING,22657600,22504328,7510451818,320000000000,-1,0
0.01062,0,0,INJECTING,23419200,23265928,7510451818,320000000000,-1,0
0.01064,0,0,INJECTING,24180800,24027528,7510451818,320000000000,-1,0
0.01066,0,0,INJECTING,24942400,24789128,7510451818,320000000000,-1,0
0.01068,0,0,INJECTING,25704000,25550728,7510451818,320000000000,-1,0
0.0107,0,0,INJECTING,26465600,26312328,7510451818,320000000000,-1,0
0.01072,0,0,INJECTING,27227200,27073928,7510451818,320000000000,-1,0
0.01074,0,0,INJECTING,27988800,27835528,7510451818,320000000000,-1,0
0.01076,0,0,INJECTING,28750400,28597128,7510451818,320000000000,-1,0
0.01078,0,0,INJECTING,29512000,29358728,7510451818,320000000000,-1,0
0.0108,0,0,INJECTING,30273600,30120328,7510451818,320000000000,-1,0
0.01082,0,0,INJECTING,31035200,30881928,7510451818,320000000000,-1,0
0.01084,0,0,INJECTING,31796800,31643528,7510451818,320000000000,-1,0
0.01086,0,0,INJECTING,32558400,32405128,7510451818,320000000000,-1,0
0.01088,0,0,INJECTING,33320000,33166728,7510451818,320000000000,-1,0
0.0109,0,0,INJECTING,34081600,33928328,7510451818,320000000000,-1,0
0.01092,0,0,INJECTING,34843200,34689928,7510451818,320000000000,-1,0
0.01094,0,0,INJECTING,35604800,35451528,7510451818,320000000000,-1,0
0.01096,0,0,INJECTING,36366400,36213128,7510451818,320000000000,-1,0
0.01098,0,0,INJECTING,37128000,36974728,7510451818,320000000000,-1,0
0.011,0,0,INJECTING,37889600,37736328,7510451818,320000000000,-1,0
0.01102,0,0,INJECTING,38675000,38515064,7510451818,320000000000,-1,0
0.01104,0,0,INJECTING,39468968,39308080,7510451818,320000000000,-1,0
0.01106,0,0,INJECTING,40261984,40102048,7510451818,320000000000,-1,0
0.01108,0,0,INJECTING,41055000,40895064,7510451818,320000000000,-1,0
0.0111,0,0,INJECTING,41848968,41688080,7510451818,320000000000,-1,0
0.01112,0,0,INJECTING,42641984,42482048,7510451818,320000000000,-1,0
0.01114,0,0,INJECTING,43435000,43275064,7510451818,320000000000,-1,0
0.01116,0,0,INJECTING,44228968,44068080,7510451818,320000000000,-1,0
0.01118,0,0,INJECTING,45021984,44862048,7510451818,320000000000,-1,0
0.0112,0,0,INJECTING,45815000,45655064,7510451818,320000000000,-1,0
0.01122,0,0,INJECTING,46608968,46448080,7510451818,320000000000,-1,0
0.01124,0,0,INJECTING,47401984,47242048,7510451818,320000000000,-1,0
0.01126,0,0,INJECTING,48195000,48035064,7510451818,320000000000,-1,0
0.01128,0,0,INJECTING,48988968,48828080,7510451818,320000000000,-1,0
0.0113,0,0,INJECTING,49781984,49622048,7510451818,320000000000,-1,0
0.01132,0,0,INJECTING,50575000,50415064,7510451818,320000000000,-1,0
0.01134,0,0,INJECTING,51368968,51208080,7510451818,320000000000,-1,0
0.01136,0,0,INJECTING,52161984,52002048,7510451818,320000000000,-1,0
0.01138,0,0,INJECTING,52955000,52795064,7510451818,320000000000,-1,0
0.0114,0,0,INJECTING,53748968,53588080,7510451818,320000000000,-1,0
0.01142,0,0,INJECTING,54541984,54382048,7510451818,320000000000,-1,0
0.01144,0,0,INJECTING,55335000,55175064,7510451818,320000000000,-1,0
0.01146,0,0,INJECTING,56128968,55968080,7510451818,320000000000,-1,0
0.01148,0,0,INJECTING,56921984,56762048,7510451818,320000000000,-1,0
0.0115,0,0,INJECTING,57715000,57555064,7510451818,320000000000,-1,0
0.01152,0,0,INJECTING,58508968,58348080,7510451818,320000000000,-1,0
0.01154,0,0,INJECTING,59301984,59142048,7510451818,320000000000,-1,0
0.01156,0,0,INJECTING,60095000,59935064,7510451818,320000000000,-1,0
0.01158,0,0,INJECTING,60888968,60728080,7510451818,320000000000,-1,0
0.0116,0,0,INJECTING,61681984,61522048,7510451818,320000000000,-1,0
0.01162,0,0,INJECTING,62475000,62315064,7510451818,320000000000,-1,0
0.01164,0,0,INJECTING,63268968,63108080,7510451818,320000000000,-1,0
0.01166,0,0,INJECTING,64061984,63902048,7510451818,320000000000,-1,0
0.01168,0,0,INJECTING,64855000,64695064,7510451818,320000000000,-1,0
0.0117,0,0,INJECTING,65648968,65488080,7510451818,320000000000,-1,0
0.01172,0,0,INJECTING,66441984,66282048,7510451818,320000000000,-1,0
0.01174,0,0,INJECTING,67235000,67075064,7510451818,320000000000,-1,0
0.01176,0,0,INJECTING,68028968,67868080,7510451818,320000000000,-1,0
0.01178,0,0,INJECTING,68821984,68662048,7510451818,320000000000,-1,0
0.0118,0,0,INJECTING,69615000,69455064,7510451818,320000000000,-1,0
0.01182,0,0,INJECTING,70408968,70248080,7510451818,320000000000,-1,0
0.01184,0,0,INJECTING,71201984,71042048,7510451818,320000000000,-1,0
0.01186,0,0,INJECTING,71995000,71835064,7510451818,320000000000,-1,0
0.01188,0,0,INJECTING,72788968,72628080,7510451818,320000000000,-1,0
0.0119,0,0,INJECTING,73581984,73422048,7510451818,320000000000,-1,0
0.01192,0,0,INJECTING,74375000,74215064,7510451818,320000000000,-1,0
0.01194,0,0,INJECTING,75168968,75008080,7510451818,320000000000,-1,0
0.01196,0,0,INJECTING,75961984,75802048,7510451818,320000000000,-1,0
0.01198,0,0,INJECTING,76755000,76595064,7510451818,320000000000,-1,0
0.012,0,0,INJECTING,77548968,77388080,7510451818,320000000000,-1,0
0.01202,0,0,INJECTING,78341984,78182048,7510451818,320000000000,-1,0
0.01204,0,0,INJECTING,79135000,78975064,7510451818,320000000000,-1,0
0.01206,0,0,INJECTING,79928968,79768080,7510451818,320000000000,-1,0
0.01208,0,0,INJECTING,80721984,80562048,7510451818,320000000000,-1,0
0.0121,0,0,INJECTING,81515000,81355064,7510451818,320000000000,-1,0
0.01212,0,0,INJECTING,82308968,82148080,7510451818,320000000000,-1,0
0.01214,0,0,INJECTING,83101984,82942048,7510451818,320000000000,-1,0
0.01216,0,0,INJECTING,83895000,83735064,7510451818,320000000000,-1,0
0.01218,0,0,INJECTING,84688968,84528080,7510451818,320000000000,-1,0
0.0122,0,0,INJECTING,85481984,85322048,7510451818,320000000000,-1,0
0.01222,0,0,INJECTING,86275000,86115064,7510451818,320000000000,-1,0
0.01224,0,0,INJECTING,87068968,86908080,7510451818,320000000000,-1,0
0.01226,0,0,INJECTING,87861984,87702048,7510451818,320000000000,-1,0
0.01228,0,0,INJECTING,88655000,88495064,7510451818,320000000000,-1,0
0.0123,0,0,INJECTING,89448968,89288080,7510451818,320000000000,-1,0
0.01232,0,0,INJECTING,90241984,90082048,7510451818,320000000000,-1,0
0.01234,0,0,INJECTING,91035000,90875064,7510451818,320000000000,-1,0
0.01236,0,0,INJECTING,91828968,91668080,7510451818,320000000000,-1,0
0.01238,0,0,INJECTING,92621984,92462048,7510451818,320000000000,-1,0
0.0124,0,0,INJECTING,93415000,93255064,7510451818,320000000000,-1,0
0.01242,0,0,INJECTING,94208968,94048080,7510451818,320000000000,-1,0
0.01244,0,0,INJECTING,95001984,94842048,7510451818,320000000000,-1,0
0.01246,0,0,INJECTING,95795000,95635064,7510451818,320000000000,-1,0
0.01248,0,0,INJECTING,96588968,96428080,7510451818,320000000000,-1,0
0.0125,0,0,INJECTING,97381984,97222048,7510451818,320000000000,-1,0
0.01252,0,0,INJECTING,98175000,98015064,7510451818,320000000000,-1,0
0.01254,0,0,INJECTING,98968968,98808080,7510451818,320000000000,-1,0
0.01256,0,0,INJECTING,99761984,99602048,7510451818,320000000000,-1,0
0.01258,0,0,INJECTING,100555000,100395064,7510451818,320000000000,-1,0
0.0126,0,0,INJECTING,101348968,101188080,7510451818,320000000000,-1,0
0.01262,0,0,INJECTING,102141984,101982048,7510451818,320000000000,-1,0
0.01264,0,0,INJECTING,102935000,102775064,7510451818,320000000000,-1,0
0.01266,0,0,INJECTING,103728968,103568080,7510451818,320000000000,-1,0
0.01268,0,0,INJECTING,104521984,104362048,7510451818,320000000000,-1,0
0.0127,0,0,INJECTING,105315000,105155064,7510451818,320000000000,-1,0
0.01272,0,0,INJECTING,106108968,105948080,7510451818,320000000000,-1,0
0.01274,0,0,INJECTING,106901984,106742048,7510451818,320000000000,-1,0
0.01276,0,0,INJECTING,107695000,107535064,7510451818,320000000000,-1,0
0.01278,0,0,INJECTING,108488968,108328080,7510451818,320000000000,-1,0
0.0128,0,0,INJECTING,109281984,109122048,7510451818,320000000000,-1,0
0.01282,0,0,INJECTING,110075000,109915064,7510451818,320000000000,-1,0
0.01284,0,0,INJECTING,110868968,110708080,7510451818,320000000000,-1,0
0.01286,0,0,INJECTING,111661984,111502048,7510451818,320000000000,-1,0
0.01288,0,0,INJECTING,112455000,112295064,7510451818,320000000000,-1,0
0.0129,0,0,INJECTING,113248968,113088080,7510451818,320000000000,-1,0
0.01292,0,0,INJECTING,114041984,113882048,7510451818,320000000000,-1,0
0.01294,0,0,INJECTING,114835000,114675064,7510451818,320000000000,-1,0
0.01296,0,0,INJECTING,115628968,115468080,7510451818,320000000000,-1,0
0.01298,0,0,INJECTING,116421984,116262048,7510451818,320000000000,-1,0
0.013,0,0,INJECTING,117215000,117055064,7510451818,320000000000,-1,0
0.01302,0,0,INJECTING,118008968,117848080,7510451818,320000000000,-1,0
0.01304,0,0,INJECTING,118801984,118642048,7510451818,320000000000,-1,0
0.01306,0,0,INJECTING,119595000,119435064,7510451818,320000000000,-1,0
0.01308,0,0,INJECTING,120388968,120228080,7510451818,320000000000,-1,0
0.0131,0,0,INJECTING,121181984,121022048,7510451818,320000000000,-1,0
0.01312,0,0,INJECTING,121975000,121815064,7510451818,320000000000,-1,0
0.01314,0,0,INJECTING,122768968,122608080,7510451818,320000000000,-1,0
0.01316,0,0,INJECTING,123561984,123402048,7510451818,320000000000,-1,0
0.01318,0,0,INJECTING,124355000,124195064,7510451818,320000000000,-1,0
0.0132,0,0,INJECTING,125148968,124988080,7510451818,320000000000,-1,0
0.01322,0,0,INJECTING,125941984,125782048,7510451818,320000000000,-1,0
0.01324,0,0,INJECTING,126735000,126575064,7510451818,320000000000,-1,0
0.01326,0,0,INJECTING,127528968,127368080,7510451818,320000000000,-1,0
0.01328,0,0,INJECTING,128321984,128162048,7510451818,320000000000,-1,0
0.0133,0,0,INJECTING,129115000,128955064,7510451818,320000000000,-1,0
0.01332,0,0,INJECTING,129908968,129748080,7510451818,320000000000,-1,0
0.01334,0,0,INJECTING,130701984,130542048,7510451818,320000000000,-1,0
0.01336,0,0,INJECTING,131495000,131335064,7510451818,320000000000,-1,0
0.01338,0,0,INJECTING,132288968,132128080,7510451818,320000000000,-1,0
0.0134,0,0,INJECTING,133081984,132922048,7510451818,320000000000,-1,0
0.01342,0,0,INJECTING,133875000,133715064,7510451818,320000000000,-1,0
0.01344,0,0,INJECTING,134668968,134508080,7510451818,320000000000,-1,0
0.01346,0,0,INJECTING,135461984,135302048,7510451818,320000000000,-1,0
0.01348,0,0,INJECTING,136255000,136095064,7510451818,320000000000,-1,0
0.0135,0,0,INJECTING,137048968,136888080,7510451818,320000000000,-1,0
0.01352,0,0,INJECTING,137841984,137682048,7510451818,320000000000,-1,0
0.01354,0,0,INJECTING,138635000,138475064,7510451818,320000000000,-1,0
0.01356,0,0,INJECTING,139428968,139268080,7510451818,320000000000,-1,0
0.01358,0,0,INJECTING,140221984,140062048,7510451818,320000000000,-1,0
0.0136,0,0,INJECTING,141015000,140855064,7510451818,320000000000,-1,0
0.01362,0,0,INJECTING,141808968,141648080,7510451818,320000000000,-1,0
0.01364,0,0,INJECTING,142601984,142442048,7510451818,320000000000,-1,0
0.01366,0,0,INJECTING,143395000,143235064,7510451818,320000000000,-1,0
0.01368,0,0,INJECTING,144188968,144028080,7510451818,320000000000,-1,0
0.0137,0,0,INJECTING,144981984,144822048,7510451818,320000000000,-1,0
0.01372,0,0,INJECTING,145775000,145615064,7510451818,320000000000,-1,0
0.01374,0,0,INJECTING,146568968,146408080,7510451818,320000000000,-1,0
0.01376,0,0,INJECTING,147361984,147202048,7510451818,320000000000,-1,0
0.01378,0,0,INJECTING,148155000,147995064,7510451818,320000000000,-1,0
0.0138,0,0,INJECTING,148948968,148788080,7510451818,320000000000,-1,0
0.01382,0,0,INJECTING,149741984,149582048,7510451818,320000000000,-1,0
0.01384,0,0,INJECTING,150535000,150375064,7510451818,320000000000,-1,0
0.01386,0,0,INJECTING,151328968,151168080,7510451818,320000000000,-1,0
0.01388,0,0,INJECTING,152121984,151962048,7510451818,320000000000,-1,0
0.0139,0,0,INJECTING,152915000,152755064,7510451818,320000000000,-1,0
0.01392,0,0,INJECTING,153708968,153548080,7510451818,320000000000,-1,0
0.01394,0,0,INJECTING,154501984,154342048,7510451818,320000000000,-1,0
0.01396,0,0,INJECTING,155295000,155135064,7510451818,320000000000,-1,0
0.01398,0,0,INJECTING,156088968,155928080,7510451818,320000000000,-1,0
0.014,0,0,INJECTING,156881984,156722048,7510451818,320000000000,-1,0
0.01402,0,0,INJECTING,157675000,157515064,7510451818,320000000000,-1,0
0.01404,0,0,INJECTING,158468968,158308080,7510451818,320000000000,-1,0
0.01406,0,0,INJECTING,159261984,159102048,7510451818,320000000000,-1,0
0.01408,0,0,INJECTING,160055000,159895064,7510451818,320000000000,-1,0
0.0141,0,0,INJECTING,160848968,160688080,7510451818,320000000000,-1,0
0.01412,0,0,INJECTING,161641984,161482048,7510451818,320000000000,-1,0
0.01414,0,0,INJECTING,162435000,162275064,7510451818,320000000000,-1,0
0.01416,0,0,INJECTING,163228968,163068080,7510451818,320000000000,-1,0
0.01418,0,0,INJECTING,164021984,163862048,7510451818,320000000000,-1,0
0.0142,0,0,INJECTING,164815000,164655064,7510451818,320000000000,-1,0
0.01422,0,0,INJECTING,165608968,165448080,7510451818,320000000000,-1,0
0.01424,0,0,INJECTING,166401984,166242048,7510451818,320000000000,-1,0
0.01426,0,0,INJECTING,167195000,167035064,7510451818,320000000000,-1,0
0.01428,0,0,INJECTING,167988968,167828080,7510451818,320000000000,-1,0
0.0143,0,0,INJECTING,168781984,168622048,7510451818,320000000000,-1,0
0.01432,0,0,INJECTING,169575000,169415064,7510451818,320000000000,-1,0
0.01434,0,0,INJECTING,170368968,170208080,7510451818,320000000000,-1,0
0.01436,0,0,INJECTING,171161984,171002048,7510451818,320000000000,-1,0
0.01438,0,0,INJECTING,171955000,171795064,7510451818,320000000000,-1,0
0.0144,0,0,INJECTING,172748968,172588080,7510451818,320000000000,-1,0
0.01442,0,0,INJECTING,173541984,173382048,7510451818,320000000000,-1,0
0.01444,0,0,INJECTING,174335000,174175064,7510451818,320000000000,-1,0
0.01446,0,0,INJECTING,175128968,174968080,7510451818,320000000000,-1,0
0.01448,0,0,INJECTING,175921984,175762048,7510451818,320000000000,-1,0
0.0145,0,0,INJECTING,176715000,176555064,7510451818,320000000000,-1,0
0.01452,0,0,INJECTING,177508968,177348080,7510451818,320000000000,-1,0
0.01454,0,0,INJECTING,178301984,178142048,7510451818,320000000000,-1,0
0.01456,0,0,INJECTING,179095000,178935064,7510451818,320000000000,-1,0
0.01458,0,0,INJECTING,179888968,179728080,7510451818,320000000000,-1,0
0.0146,0,0,INJECTING,180681984,180522048,7510451818,320000000000,-1,0
0.01462,0,0,INJECTING,181475000,181315064,7510451818,320000000000,-1,0
0.01464,0,0,INJECTING,182268968,182108080,7510451818,320000000000,-1,0
0.01466,0,0,INJECTING,183061984,182902048,7510451818,320000000000,-1,0
0.01468,0,0,INJECTING,183855000,183695064,7510451818,320000000000,-1,0
0.0147,0,0,INJECTING,184648968,184488080,7510451818,320000000000,-1,0
0.01472,0,0,INJECTING,185441984,185282048,7510451818,320000000000,-1,0
0.01474,0,0,INJECTING,186235000,186075064,7510451818,320000000000,-1,0
0.01476,0,0,INJECTING,187028968,186868080,7510451818,320000000000,-1,0
0.01478,0,0,INJECTING,187821984,187662048,7510451818,320000000000,-1,0
0.0148,0,0,INJECTING,188615000,188455064,7510451818,320000000000,-1,0
0.01482,0,0,INJECTING,189408968,189248080,7510451818,320000000000,-1,0
0.01484,0,0,INJECTING,190201984,190042048,7510451818,320000000000,-1,0
0.01486,0,0,INJECTING,190995000,190835064,7510451818,320000000000,-1,0
0.01488,0,0,INJECTING,191788968,191628080,7510451818,320000000000,-1,0
0.0149,0,0,INJECTING,192581984,192422048,7510451818,320000000000,-1,0
0.01492,0,0,INJECTING,193375000,193215064,7510451818,320000000000,-1,0
0.01494,0,0,INJECTING,194168968,194008080,7510451818,320000000000,-1,0
0.01496,0,0,INJECTING,194961984,194802048,7510451818,320000000000,-1,0
0.01498,0,0,INJECTING,195755000,195595064,7510451818,320000000000,-1,0
0.015,0,0,INJECTING,196548968,196388080,7510451818,320000000000,-1,0
0.01502,0,0,INJECTING,197341984,197182048,7510451818,320000000000,-1,0
0.01504,0,0,INJECTING,198135000,197975064,7510451818,320000000000,-1,0
0.01506,0,0,INJECTING,198928968,198768080,7510451818,320000000000,-1,0
0.01508,0,0,INJECTING,199721984,199562048,7510451818,320000000000,-1,0
0.0151,0,0,INJECTING,200515000,200355064,7510451818,320000000000,-1,0
0.01512,0,0,INJECTING,201308968,201148080,7510451818,320000000000,-1,0
0.01514,0,0,INJECTING,202101984,201942048,7510451818,320000000000,-1,0
0.01516,0,0,INJECTING,202895000,202735064,7510451818,320000000000,-1,0
0.01518,0,0,INJECTING,203688968,203528080,7510451818,320000000000,-1,0
0.0152,0,0,INJECTING,204481984,204322048,7510451818,320000000000,-1,0
0.01522,0,0,INJECTING,205275000,205115064,7510451818,320000000000,-1,0
0.01524,0,0,INJECTING,206068968,205908080,7510451818,320000000000,-1,0
0.01526,0,0,INJECTING,206861984,206702048,7510451818,320000000000,-1,0
0.01528,0,0,INJECTING,207655000,207495064,7510451818,320000000000,-1,0
0.0153,0,0,INJECTING,208448968,208288080,7510451818,320000000000,-1,0
0.01532,0,0,INJECTING,209241984,209082048,7510451818,320000000000,-1,0
0.01534,0,0,INJECTING,210035000,209875064,7510451818,320000000000,-1,0
0.01536,0,0,INJECTING,210828968,210668080,7510451818,320000000000,-1,0
0.01538,0,0,INJECTING,211621984,211462048,7510451818,320000000000,-1,0
0.0154,0,0,INJECTING,212415000,212255064,7510451818,320000000000,-1,0
0.01542,0,0,INJECTING,213208968,213048080,7510451818,320000000000,-1,0
0.01544,0,0,INJECTING,214001984,213842048,7510451818,320000000000,-1,0
0.01546,0,0,INJECTING,214795000,214635064,7510451818,320000000000,-1,0
0.01548,0,0,INJECTING,215588968,215428080,7510451818,320000000000,-1,0
0.0155,0,0,INJECTING,216381984,216222048,7510451818,320000000000,-1,0
0.01552,0,0,INJECTING,217175000,217015064,7510451818,320000000000,-1,0
0.01554,0,0,INJECTING,217968968,217808080,7510451818,320000000000,-1,0
0.01556,0,0,INJECTING,218761984,218602048,7510451818,320000000000,-1,0
0.01558,0,0,INJECTING,219555000,219395064,7510451818,320000000000,-1,0
0.0156,0,0,INJECTING,220348968,220188080,7510451818,320000000000,-1,0
0.01562,0,0,INJECTING,221141984,220982048,7510451818,320000000000,-1,0
0.01564,0,0,INJECTING,221935000,221775064,7510451818,320000000000,-1,0
0.01566,0,0,INJECTING,222728968,222568080,7510451818,320000000000,-1,0
0.01568,0,0,INJECTING,223521984,223362048,7510451818,320000000000,-1,0
0.0157,0,0,INJECTING,224315000,224155064,7510451818,320000000000,-1,0
0.01572,0,0,INJECTING,225108968,224948080,7510451818,320000000000,-1,0
0.01574,0,0,INJECTING,225901984,225742048,7510451818,320000000000,-1,0
0.01576,0,0,INJECTING,226695000,226535064,7510451818,320000000000,-1,0
0.01578,0,0,INJECTING,227488968,227328080,7510451818,320000000000,-1,0
0.0158,0,0,INJECTING,228281984,228122048,7510451818,320000000000,-1,0
0.01582,0,0,INJECTING,229075000,228915064,7510451818,320000000000,-1,0
0.01584,0,0,INJECTING,229868968,229708080,7510451818,320000000000,-1,0
0.01586,0,0,INJECTING,230661984,230502048,7510451818,320000000000,-1,0
0.01588,0,0,INJECTING,231455000,231295064,7510451818,320000000000,-1,0
0.0159,0,0,INJECTING,232248968,232088080,7510451818,320000000000,-1,0
0.01592,0,0,INJECTING,233041984,232882048,7510451818,320000000000,-1,0
0.01594,0,0,INJECTING,233835000,233675064,7510451818,320000000000,-1,0
0.01596,0,0,INJECTING,234628968,234468080,7510451818,320000000000,-1,0
0.01598,0,0,INJECTING,235421984,235262048,7510451818,320000000000,-1,0
0.016,0,0,INJECTING,236215000,236055064,7510451818,320000000000,-1,0
0.01602,0,0,INJECTING,237008968,236848080,7510451818,320000000000,-1,0
0.01604,0,0,INJECTING,237801984,237642048,7510451818,320000000000,-1,0
0.01606,0,0,INJECTING,238595000,238435064,7510451818,320000000000,-1,0
0.01608,0,0,INJECTING,239388968,239228080,7510451818,320000000000,-1,0
0.0161,0,0,INJECTING,240181984,240022048,7510451818,320000000000,-1,0
0.01612,0,0,INJECTING,240975000,240815064,7510451818,320000000000,-1,0
0.01614,0,0,INJECTING,241768968,241608080,7510451818,320000000000,-1,0
0.01616,0,0,INJECTING,242561984,242402048,7510451818,320000000000,-1,0
0.01618,0,0,INJECTING,243355000,243195064,7510451818,320000000000,-1,0
0.0162,0,0,INJECTING,244148968,243988080,7510451818,320000000000,-1,0
0.01622,0,0,INJECTING,244941984,244782048,7510451818,320000000000,-1,0
0.01624,0,0,INJECTING,245735000,245575064,7510451818,320000000000,-1,0
0.01626,0,0,INJECTING,246528968,246368080,7510451818,320000000000,-1,0
0.01628,0,0,INJECTING,247321984,247162048,7510451818,320000000000,-1,0
0.0163,0,0,INJECTING,248115000,247955064,7510451818,320000000000,-1,0
0.01632,0,0,INJECTING,248908968,248748080,7510451818,320000000000,-1,0
0.01634,0,0,INJECTING,249701984,249542048,7510451818,320000000000,-1,0
0.01636,0,0,INJECTING,250495000,250335064,7510451818,320000000000,-1,0
0.01638,0,0,INJECTING,251288968,251128080,7510451818,320000000000,-1,0
0.0164,0,0,INJECTING,252081984,251922048,7510451818,320000000000,-1,0
0.01642,0,0,INJECTING,252875000,252715064,7510451818,320000000000,-1,0
0.01644,0,0,INJECTING,253668968,253508080,7510451818,320000000000,-1,0
0.01646,0,0,INJECTING,254461984,254302048,7510451818,320000000000,-1,0
0.01648,0,0,INJECTING,255255000,255095064,7510451818,320000000000,-1,0
0.0165,0,0,INJECTING,256048968,255888080,7510451818,320000000000,-1,0
0.01652,0,0,INJECTING,256841984,256682048,7510451818,320000000000,-1,0
0.01654,0,0,INJECTING,257635000,257475064,7510451818,320000000000,-1,0
0.01656,0,0,INJECTING,258428968,258268080,7510451818,320000000000,-1,0
0.01658,0,0,INJECTING,259221984,259062048,7510451818,320000000000,-1,0
0.0166,0,0,INJECTING,260015000,259855064,7510451818,320000000000,-1,0
0.01662,0,0,INJECTING,260808968,260648080,7510451818,320000000000,-1,0
0.01664,0,0,INJECTING,261601984,261442048,7510451818,320000000000,-1,0
0.01666,0,0,INJECTING,262395000,262235064,7510451818,320000000000,-1,0
0.01668,0,0,INJECTING,263188968,263028080,7510451818,320000000000,-1,0
0.0167,0,0,INJECTING,263981984,263822048,7510451818,320000000000,-1,0
0.01672,0,0,INJECTING,264775000,264615064,7510451818,320000000000,-1,0
0.01674,0,0,INJECTING,265568968,265408080,7510451818,320000000000,-1,0
0.01676,0,0,INJECTING,266361984,266202048,7510451818,320000000000,-1,0
0.01678,0,0,INJECTING,267155000,266995064,7510451818,320000000000,-1,0
0.0168,0,0,INJECTING,267948968,267788080,7510451818,320000000000,-1,0
0.01682,0,0,INJECTING,268741984,268582048,7510451818,320000000000,-1,0
0.01684,0,0,INJECTING,269535000,269375064,7510451818,320000000000,-1,0
0.01686,0,0,INJECTING,270328968,270168080,7510451818,320000000000,-1,0
0.01688,0,0,INJECTING,271121984,270962048,7510451818,320000000000,-1,0
0.0169,0,0,INJECTING,271915000,271755064,7510451818,320000000000,-1,0
0.01692,0,0,INJECTING,272708968,272548080,7510451818,320000000000,-1,0
0.01694,0,0,INJECTING,273501984,273342048,7510451818,320000000000,-1,0
0.01696,0,0,INJECTING,274295000,274135064,7510451818,320000000000,-1,0
0.01698,0,0,INJECTING,275088968,274928080,7510451818,320000000000,-1,0
0.017,0,0,INJECTING,275881984,275722048,7510451818,320000000000,-1,0
0.01702,0,0,INJECTING,276675000,276515064,7510451818,320000000000,-1,0
0.01704,0,0,INJECTING,277468968,277308080,7510451818,320000000000,-1,0
0.01706,0,0,INJECTING,278261984,278102048,7510451818,320000000000,-1,0
0.01708,0,0,INJECTING,279055000,278895064,7510451818,320000000000,-1,0
0.0171,0,0,INJECTING,279848968,279688080,7510451818,320000000000,-1,0
0.01712,0,0,INJECTING,280641984,280482048,7510451818,320000000000,-1,0
0.01714,0,0,INJECTING,281435000,281275064,7510451818,320000000000,-1,0
0.01716,0,0,INJECTING,282228968,282068080,7510451818,320000000000,-1,0
0.01718,0,0,INJECTING,283021984,282862048,7510451818,320000000000,-1,0
0.0172,0,0,INJECTING,283815000,283655064,7510451818,320000000000,-1,0
0.01722,0,0,INJECTING,284608968,284448080,7510451818,320000000000,-1,0
0.01724,0,0,INJECTING,285401984,285242048,7510451818,320000000000,-1,0
0.01726,0,0,INJECTING,286195000,286035064,7510451818,320000000000,-1,0
0.01728,0,0,INJECTING,286988968,286828080,7510451818,320000000000,-1,0
0.0173,0,0,INJECTING,287781984,287622048,7510451818,320000000000,-1,0
0.01732,0,0,INJECTING,288575000,288415064,7510451818,320000000000,-1,0
0.01734,0,0,INJECTING,289368968,289208080,7510451818,320000000000,-1,0
0.01736,0,0,INJECTING,290161984,290002048,7510451818,320000000000,-1,0
0.01738,0,0,INJECTING,290955000,290795064,7510451818,320000000000,-1,0
0.0174,0,0,INJECTING,291748968,291588080,7510451818,320000000000,-1,0
0.01742,0,0,INJECTING,292541984,292382048,7510451818,320000000000,-1,0
0.01744,0,0,INJECTING,293335000,293175064,7510451818,320000000000,-1,0
0.01746,0,0,INJECTING,294128968,293968080,7510451818,320000000000,-1,0
0.01748,0,0,INJECTING,294921984,294762048,7510451818,320000000000,-1,0
0.0175,0,0,INJECTING,295715000,295555064,7510451818,320000000000,-1,0
0.01752,0,0,INJECTING,296508968,296348080,7510451818,320000000000,-1,0
0.01754,0,0,INJECTING,297301984,297142048,7510451818,320000000000,-1,0
0.01756,0,0,INJECTING,298095000,297935064,7510451818,320000000000,-1,0
0.01758,0,0,INJECTING,298888968,298728080,7510451818,320000000000,-1,0
0.0176,0,0,INJECTING,299681984,299522048,7510451818,320000000000,-1,0
0.01762,0,0,INJECTING,300475000,300315064,7510451818,320000000000,-1,0
0.01764,0,0,INJECTING,301268968,301108080,7510451818,320000000000,-1,0
0.01766,0,0,INJECTING,302061984,301902048,7510451818,320000000000,-1,0
0.01768,0,0,INJECTING,302855000,302695064,7510451818,320000000000,-1,0
0.0177,0,0,INJECTING,303648968,303488080,7510451818,320000000000,-1,0
0.01772,0,0,INJECTING,304441984,304282048,7510451818,320000000000,-1,0
0.01774,0,0,INJECTING,305235000,305075064,7510451818,320000000000,-1,0
0.01776,0,0,INJECTING,306028968,305868080,7510451818,320000000000,-1,0
0.01778,0,0,INJECTING,306821984,306662048,7510451818,320000000000,-1,0
0.0178,0,0,INJECTING,307615000,307455064,7510451818,320000000000,-1,0
0.01782,0,0,INJECTING,308408968,308248080,7510451818,320000000000,-1,0
0.01784,0,0,INJECTING,309201984,309042048,7510451818,320000000000,-1,0
0.01786,0,0,INJECTING,309995000,309835064,7510451818,320000000000,-1,0
0.01788,0,0,INJECTING,310788968,310628080,7510451818,320000000000,-1,0
0.0179,0,0,INJECTING,311581984,311422048,7510451818,320000000000,-1,0
0.01792,0,0,INJECTING,312375000,312215064,7510451818,320000000000,-1,0
0.01794,0,0,INJECTING,313168968,313008080,7510451818,320000000000,-1,0
0.01796,0,0,INJECTING,313961984,313802048,7510451818,320000000000,-1,0
0.01798,0,0,INJECTING,314755000,314595064,7510451818,320000000000,-1,0
0.018,0,0,INJECTING,315548968,315388080,7510451818,320000000000,-1,0
0.01802,0,0,INJECTING,316341984,316182048,7510451818,320000000000,-1,0
0.01804,0,0,INJECTING,317135000,316975064,7510451818,320000000000,-1,0
0.01806,0,0,INJECTING,317928968,317768080,7510451818,320000000000,-1,0
0.01808,0,0,INJECTING,318721984,318562048,7510451818,320000000000,-1,0
0.0181,0,0,INJECTING,319515000,319355064,7510451818,320000000000,-1,0
0.01812,0,0,INJECTING,320308968,320148080,7510451818,320000000000,-1,0
0.01814,0,0,INJECTING,321101984,320942048,7510451818,320000000000,-1,0
0.01816,0,0,INJECTING,321895000,321735064,7510451818,320000000000,-1,0
0.01818,0,0,INJECTING,322688968,322528080,7510451818,320000000000,-1,0
0.0182,0,0,INJECTING,323481984,323322048,7510451818,320000000000,-1,0
0.01822,0,0,INJECTING,324275000,324115064,7510451818,320000000000,-1,0
0.01824,0,0,INJECTING,325068968,324908080,7510451818,320000000000,-1,0
0.01826,0,0,INJECTING,325861984,325702048,7510451818,320000000000,-1,0
0.01828,0,0,INJECTING,326655000,326495064,7510451818,320000000000,-1,0
0.0183,0,0,INJECTING,327448968,327288080,7510451818,320000000000,-1,0
0.01832,0,0,INJECTING,328241984,328082048,7510451818,320000000000,-1,0
0.01834,0,0,INJECTING,329035000,328875064,7510451818,320000000000,-1,0
0.01836,0,0,INJECTING,329828968,329668080,7510451818,320000000000,-1,0
0.01838,0,0,INJECTING,330621984,330462048,7510451818,320000000000,-1,0
0.0184,0,0,INJECTING,331415000,331255064,7510451818,320000000000,-1,0
0.01842,0,0,INJECTING,332208968,332048080,7510451818,320000000000,-1,0
0.01844,0,0,INJECTING,333001984,332842048,7510451818,320000000000,-1,0
0.01846,0,0,INJECTING,333795000,333635064,7510451818,320000000000,-1,0
0.01848,0,0,INJECTING,334588968,334428080,7510451818,320000000000,-1,0
0.0185,0,0,INJECTING,335381984,335222048,7510451818,320000000000,-1,0
0.01852,0,0,INJECTING,336175000,336015064,7510451818,320000000000,-1,0
0.01854,0,0,INJECTING,336968968,336808080,7510451818,320000000000,-1,0
0.01856,0,0,INJECTING,337761984,337602048,7510451818,320000000000,-1,0
0.01858,0,0,INJECTING,338555000,338395064,7510451818,320000000000,-1,0
0.0186,0,0,INJECTING,339348968,339188080,7510451818,320000000000,-1,0
0.01862,0,0,INJECTING,340141984,339982048,7510451818,320000000000,-1,0
0.01864,0,0,INJECTING,340935000,340775064,7510451818,320000000000,-1,0
0.01866,0,0,INJECTING,341728968,341568080,7510451818,320000000000,-1,0
0.01868,0,0,INJECTING,342521984,342362048,7510451818,320000000000,-1,0
0.0187,0,0,INJECTING,343315000,343155064,7510451818,320000000000,-1,0
0.01872,0,0,INJECTING,344108968,343948080,7510451818,320000000000,-1,0
0.01874,0,0,INJECTING,344901984,344742048,7510451818,320000000000,-1,0
0.01876,0,0,INJECTING,345695000,345535064,7510451818,320000000000,-1,0
0.01878,0,0,INJECTING,346488968,346328080,7510451818,320000000000,-1,0
0.0188,0,0,INJECTING,347281984,347122048,7510451818,320000000000,-1,0
0.01882,0,0,INJECTING,348075000,347915064,7510451818,320000000000,-1,0
0.01884,0,0,INJECTING,348868968,348708080,7510451818,320000000000,-1,0
0.01886,0,0,INJECTING,349661984,349502048,7510451818,320000000000,-1,0
0.01888,0,0,INJECTING,350455000,350295064,7510451818,320000000000,-1,0
0.0189,0,0,INJECTING,351248968,351088080,7510451818,320000000000,-1,0
0.01892,0,0,INJECTING,352041984,351882048,7510451818,320000000000,-1,0
0.01894,0,0,INJECTING,352835000,352675064,7510451818,320000000000,-1,0
0.01896,0,0,INJECTING,353628968,353468080,7510451818,320000000000,-1,0
0.01898,0,0,INJECTING,354421984,354262048,7510451818,320000000000,-1,0
0.019,0,0,INJECTING,355215000,355055064,7510451818,320000000000,-1,0
0.01902,0,0,INJECTING,356008968,355848080,7510451818,320000000000,-1,0
0.01904,0,0,INJECTING,356801984,356642048,7510451818,320000000000,-1,0
0.01906,0,0,INJECTING,357595000,357435064,7510451818,320000000000,-1,0
0.01908,0,0,INJECTING,358388968,358228080,7510451818,320000000000,-1,0
0.0191,0,0,INJECTING,359181984,359022048,7510451818,320000000000,-1,0
0.01912,0,0,INJECTING,359975000,359815064,7510451818,320000000000,-1,0
0.01914,0,0,INJECTING,360768968,360608080,7510451818,320000000000,-1,0
0.01916,0,0,INJECTING,361561984,361402048,7510451818,320000000000,-1,0
0.01918,0,0,INJECTING,362355000,362195064,7510451818,320000000000,-1,0
0.0192,0,0,INJECTING,363148968,362988080,7510451818,320000000000,-1,0
0.01922,0,0,INJECTING,363941984,363782048,7510451818,320000000000,-1,0
0.01924,0,0,INJECTING,364735000,364575064,7510451818,320000000000,-1,0
0.01926,0,0,INJECTING,365528968,365368080,7510451818,320000000000,-1,0
0.01928,0,0,INJECTING,366321984,366162048,7510451818,320000000000,-1,0
0.0193,0,0,INJECTING,367115000,366955064,7510451818,320000000000,-1,0
0.01932,0,0,INJECTING,367908968,367748080,7510451818,320000000000,-1,0
0.01934,0,0,INJECTING,368701984,368542048,7510451818,320000000000,-1,0
0.01936,0,0,INJECTING,369495000,369335064,7510451818,320000000000,-1,0
0.01938,0,0,INJECTING,370288968,370128080,7510451818,320000000000,-1,0
0.0194,0,0,INJECTING,371081984,370922048,7510451818,320000000000,-1,0
0.01942,0,0,INJECTING,371875000,371715064,7510451818,320000000000,-1,0
0.01944,0,0,INJECTING,372668968,372508080,7510451818,320000000000,-1,0
0.01946,0,0,INJECTING,373461984,373302048,7510451818,320000000000,-1,0
0.01948,0,0,INJECTING,374255000,374095064,7510451818,320000000000,-1,0
0.0195,0,0,INJECTING,375048968,374888080,7510451818,320000000000,-1,0
0.01952,0,0,INJECTING,375841984,375682048,7510451818,320000000000,-1,0
0.01954,0,0,INJECTING,376635000,376475064,7510451818,320000000000,-1,0
0.01956,0,0,INJECTING,377428968,377268080,7510451818,320000000000,-1,0
0.01958,0,0,INJECTING,378221984,378062048,7510451818,320000000000,-1,0
0.0196,0,0,INJECTING,379015000,378855064,7510451818,320000000000,-1,0
0.01962,0,0,INJECTING,379808968,379648080,7510451818,320000000000,-1,0
0.01964,0,0,INJECTING,380601984,380442048,7510451818,320000000000,-1,0
0.01966,0,0,INJECTING,381395000,381235064,7510451818,320000000000,-1,0
0.01968,0,0,INJECTING,382188968,382028080,7510451818,320000000000,-1,0
0.0197,0,0,INJECTING,382981984,382822048,7510451818,320000000000,-1,0
0.01972,0,0,INJECTING,383775000,383615064,7510451818,320000000000,-1,0
0.01974,0,0,INJECTING,384568968,384408080,7510451818,320000000000,-1,0
0.01976,0,0,INJECTING,385361984,385202048,7510451818,320000000000,-1,0
0.01978,0,0,INJECTING,386155000,385995064,7510451818,320000000000,-1,0
0.0198,0,0,INJECTING,386948968,386788080,7510451818,320000000000,-1,0
0.01982,0,0,INJECTING,387741984,387582048,7510451818,320000000000,-1,0
0.01984,0,0,INJECTING,388535000,388375064,7510451818,320000000000,-1,0
0.01986,0,0,INJECTING,389328968,389168080,7510451818,320000000000,-1,0
0.01988,0,0,INJECTING,390121984,389962048,7510451818,320000000000,-1,0
0.0199,0,0,INJECTING,390915000,390755064,7510451818,320000000000,-1,0
0.01992,0,0,INJECTING,391708968,391548080,7510451818,320000000000,-1,0
0.01994,0,0,INJECTING,392501984,392342048,7510451818,320000000000,-1,0
0.01996,0,0,INJECTING,393295000,393135064,7510451818,320000000000,-1,0
0.01998,0,0,INJECTING,394088968,393928080,7510451818,320000000000,-1,0
0.02,0,0,INJECTING,394881984,394722048,7510451818,320000000000,-1,0
0.02002,0,0,INJECTING,395675000,395515064,7510451818,320000000000,-1,0
0.02004,0,0,INJECTING,396468968,396308080,7510451818,320000000000,-1,0
0.02006,0,0,INJECTING,397261984,397102048,7510451818,320000000000,-1,0
0.02008,0,0,INJECTING,398055000,397895064,7510451818,320000000000,-1,0
0.0201,0,0,INJECTING,398848968,398688080,7510451818,320000000000,-1,0
0.02012,0,0,INJECTING,399641984,399482048,7510451818,320000000000,-1,0
0.02014,0,0,INJECTING,400435000,400275064,7510451818,320000000000,-1,0
0.02016,0,0,INJECTING,401228968,401068080,7510451818,320000000000,-1,0
0.02018,0,0,INJECTING,402021984,401862048,7510451818,320000000000,-1,0
0.0202,0,0,INJECTING,402815000,402655064,7510451818,320000000000,-1,0
0.02022,0,0,INJECTING,403608968,403448080,7510451818,320000000000,-1,0
0.02024,0,0,INJECTING,404401984,404242048,7510451818,320000000000,-1,0
0.02026,0,0,INJECTING,405195000,405035064,7510451818,320000000000,-1,0
0.02028,0,0,INJECTING,405988968,405828080,7510451818,320000000000,-1,0
0.0203,0,0,INJECTING,406781984,406622048,7510451818,320000000000,-1,0
0.02032,0,0,INJECTING,407575000,407415064,7510451818,320000000000,-1,0
0.02034,0,0,INJECTING,408368968,408208080,7510451818,320000000000,-1,0
0.02036,0,0,INJECTING,409161984,409002048,7510451818,320000000000,-1,0
0.02038,0,0,INJECTING,409955000,409795064,7510451818,320000000000,-1,0
0.0204,0,0,INJECTING,410748968,410588080,7510451818,320000000000,-1,0
0.02042,0,0,INJECTING,411541984,411382048,7510451818,320000000000,-1,0
0.02044,0,0,INJECTING,412335000,412175064,7510451818,320000000000,-1,0
0.02046,0,0,INJECTING,413128968,412968080,7510451818,320000000000,-1,0
0.02048,0,0,INJECTING,413921984,413762048,7510451818,320000000000,-1,0
0.0205,0,0,INJECTING,414715000,414555064,7510451818,320000000000,-1,0
0.02052,0,0,INJECTING,415508968,415348080,7510451818,320000000000,-1,0
0.02054,0,0,INJECTING,416301984,416142048,7510451818,320000000000,-1,0
0.02056,0,0,INJECTING,417095000,416935064,7510451818,320000000000,-1,0
0.02058,0,0,INJECTING,417888968,417728080,7510451818,320000000000,-1,0
0.0206,0,0,INJECTING,418681984,418522048,7510451818,320000000000,-1,0
0.02062,0,0,INJECTING,419475000,419315064,7510451818,320000000000,-1,0
0.02064,0,0,INJECTING,420268968,420108080,7510451818,320000000000,-1,0
0.02066,0,0,INJECTING,421061984,420902048,7510451818,320000000000,-1,0
0.02068,0,0,INJECTING,421855000,421695064,7510451818,320000000000,-1,0
0.0207,0,0,INJECTING,422648968,422488080,7510451818,320000000000,-1,0
0.02072,0,0,INJECTING,423441984,423282048,7510451818,320000000000,-1,0
0.02074,0,0,INJECTING,424235000,424075064,7510451818,320000000000,-1,0
0.02076,0,0,INJECTING,425028968,424868080,7510451818,320000000000,-1,0
0.02078,0,0,INJECTING,425821984,425662048,7510451818,320000000000,-1,0
0.0208,0,0,INJECTING,426615000,426455064,7510451818,320000000000,-1,0
0.02082,0,0,INJECTING,427408968,427248080,7510451818,320000000000,-1,0
0.02084,0,0,INJECTING,428201984,428042048,7510451818,320000000000,-1,0
0.02086,0,0,INJECTING,428995000,428835064,7510451818,320000000000,-1,0
0.02088,0,0,INJECTING,429788968,429628080,7510451818,320000000000,-1,0
0.0209,0,0,INJECTING,430581984,430422048,7510451818,320000000000,-1,0
0.02092,0,0,INJECTING,431375000,431215064,7510451818,320000000000,-1,0
0.02094,0,0,INJECTING,432168968,432008080,7510451818,320000000000,-1,0
0.02096,0,0,INJECTING,432961984,432802048,7510451818,320000000000,-1,0
0.02098,0,0,INJECTING,433755000,433595064,7510451818,320000000000,-1,0
0.021,0,0,INJECTING,434548968,434388080,7510451818,320000000000,-1,0
0.02102,0,0,INJECTING,435341984,435182048,7510451818,320000000000,-1,0
0.02104,0,0,INJECTING,436135000,435975064,7510451818,320000000000,-1,0
0.02106,0,0,INJECTING,436928968,436768080,7510451818,320000000000,-1,0
0.02108,0,0,INJECTING,437721984,437562048,7510451818,320000000000,-1,0
0.0211,0,0,INJECTING,438515000,438355064,7510451818,320000000000,-1,0
0.02112,0,0,INJECTING,439308968,439148080,7510451818,320000000000,-1,0
0.02114,0,0,INJECTING,440101984,439942048,7510451818,320000000000,-1,0
0.02116,0,0,INJECTING,440895000,440735064,7510451818,320000000000,-1,0
0.02118,0,0,INJECTING,441688968,441528080,7510451818,320000000000,-1,0
0.0212,0,0,INJECTING,442481984,442322048,7510451818,320000000000,-1,0
0.02122,0,0,INJECTING,443275000,443115064,7510451818,320000000000,-1,0
0.02124,0,0,INJECTING,444068968,443908080,7510451818,320000000000,-1,0
0.02126,0,0,INJECTING,444861984,444702048,7510451818,320000000000,-1,0
0.02128,0,0,INJECTING,445655000,445495064,7510451818,320000000000,-1,0
0.0213,0,0,INJECTING,446448968,446288080,7510451818,320000000000,-1,0
0.02132,0,0,INJECTING,447241984,447082048,7510451818,320000000000,-1,0
0.02134,0,0,INJECTING,448035000,447875064,7510451818,320000000000,-1,0
0.02136,0,0,INJECTING,448828968,448668080,7510451818,320000000000,-1,0
0.02138,0,0,INJECTING,449621984,449462048,7510451818,320000000000,-1,0
0.0214,0,0,INJECTING,450415000,450255064,7510451818,320000000000,-1,0
0.02142,0,0,INJECTING,451208968,451048080,7510451818,320000000000,-1,0
0.02144,0,0,INJECTING,452001984,451842048,7510451818,320000000000,-1,0
0.02146,0,0,INJECTING,452795000,452635064,7510451818,320000000000,-1,0
0.02148,0,0,INJECTING,453588968,453428080,7510451818,320000000000,-1,0
0.0215,0,0,INJECTING,454381984,454222048,7510451818,320000000000,-1,0
0.02152,0,0,INJECTING,455175000,455015064,7510451818,320000000000,-1,0
0.02154,0,0,INJECTING,455968968,455808080,7510451818,320000000000,-1,0
0.02156,0,0,INJECTING,456761984,456602048,7510451818,320000000000,-1,0
0.02158,0,0,INJECTING,457555000,457395064,7510451818,320000000000,-1,0
0.0216,0,0,INJECTING,458348968,458188080,7510451818,320000000000,-1,0
0.02162,0,0,INJECTING,459141984,458982048,7510451818,320000000000,-1,0
0.02164,0,0,INJECTING,459935000,459775064,7510451818,320000000000,-1,0
0.02166,0,0,INJECTING,460728968,460568080,7510451818,320000000000,-1,0
0.02168,0,0,INJECTING,461521984,461362048,7510451818,320000000000,-1,0
0.0217,0,0,INJECTING,462315000,462155064,7510451818,320000000000,-1,0
0.02172,0,0,INJECTING,463108968,462948080,7510451818,320000000000,-1,0
0.02174,0,0,INJECTING,463901984,463742048,7510451818,320000000000,-1,0
0.02176,0,0,INJECTING,464695000,464535064,7510451818,320000000000,-1,0
0.02178,0,0,INJECTING,465488968,465328080,7510451818,320000000000,-1,0
0.0218,0,0,INJECTING,466281984,466122048,7510451818,320000000000,-1,0
0.02182,0,0,INJECTING,467075000,466915064,7510451818,320000000000,-1,0
0.02184,0,0,INJECTING,467868968,467708080,7510451818,320000000000,-1,0
0.02186,0,0,INJECTING,468661984,468502048,7510451818,320000000000,-1,0
0.02188,0,0,INJECTING,469455000,469295064,7510451818,320000000000,-1,0
0.0219,0,0,INJECTING,470248968,470088080,7510451818,320000000000,-1,0
0.02192,0,0,INJECTING,471041984,470882048,7510451818,320000000000,-1,0
0.02194,0,0,INJECTING,471835000,471675064,7510451818,320000000000,-1,0
0.02196,0,0,INJECTING,472628968,472468080,7510451818,320000000000,-1,0
0.02198,0,0,INJECTING,473421984,473262048,7510451818,320000000000,-1,0
0.022,0,0,INJECTING,474215000,474055064,7510451818,320000000000,-1,0
0.02202,0,0,INJECTING,475008968,474848080,7510451818,320000000000,-1,0
0.02204,0,0,INJECTING,475801984,475642048,7510451818,320000000000,-1,0
0.02206,0,0,INJECTING,476595000,476435064,7510451818,320000000000,-1,0
0.02208,0,0,INJECTING,477388968,477228080,7510451818,320000000000,-1,0
0.0221,0,0,INJECTING,478181984,478022048,7510451818,320000000000,-1,0
0.02212,0,0,INJECTING,478975000,478815064,7510451818,320000000000,-1,0
0.02214,0,0,INJECTING,479768968,479608080,7510451818,320000000000,-1,0
0.02216,0,0,INJECTING,480561984,480402048,7510451818,320000000000,-1,0
0.02218,0,0,INJECTING,481355000,481195064,7510451818,320000000000,-1,0
0.0222,0,0,INJECTING,482148968,481988080,7510451818,320000000000,-1,0
0.02222,0,0,INJECTING,482941984,482782048,7510451818,320000000000,-1,0
0.02224,0,0,INJECTING,483735000,483575064,7510451818,320000000000,-1,0
0.02226,0,0,INJECTING,484528968,484368080,7510451818,320000000000,-1,0
0.02228,0,0,INJECTING,485321984,485162048,7510451818,320000000000,-1,0
0.0223,0,0,INJECTING,486115000,485955064,7510451818,320000000000,-1,0
0.02232,0,0,INJECTING,486908968,486748080,7510451818,320000000000,-1,0
0.02234,0,0,INJECTING,487701984,487542048,7510451818,320000000000,-1,0
0.02236,0,0,INJECTING,488495000,488335064,7510451818,320000000000,-1,0
0.02238,0,0,INJECTING,489288968,489128080,7510451818,320000000000,-1,0
0.0224,0,0,INJECTING,490081984,489922048,7510451818,320000000000,-1,0
0.02242,0,0,INJECTING,490875000,490715064,7510451818,320000000000,-1,0
0.02244,0,0,INJECTING,491668968,491508080,7510451818,320000000000,-1,0
0.02246,0,0,INJECTING,492461984,492302048,7510451818,320000000000,-1,0
0.02248,0,0,INJECTING,493255000,493095064,7510451818,320000000000,-1,0
0.0225,0,0,INJECTING,494048968,493888080,7510451818,320000000000,-1,0
0.02252,0,0,INJECTING,494841984,494682048,7510451818,320000000000,-1,0
0.02254,0,0,INJECTING,495635000,495475064,7510451818,320000000000,-1,0
0.02256,0,0,INJECTING,496428968,496268080,7510451818,320000000000,-1,0
0.02258,0,0,INJECTING,497221984,497062048,7510451818,320000000000,-1,0
0.0226,0,0,INJECTING,498015000,497855064,7510451818,320000000000,-1,0
0.02262,0,0,INJECTING,498808968,498648080,7510451818,320000000000,-1,0
0.02264,0,0,INJECTING,499601984,499442048,7510451818,320000000000,-1,0
0.02266,0,0,INJECTING,500395000,500235064,7510451818,320000000000,-1,0
0.02268,0,0,INJECTING,501188968,501028080,7510451818,320000000000,-1,0
0.0227,0,0,INJECTING,501981984,501822048,7510451818,320000000000,-1,0
0.02272,0,0,INJECTING,502775000,502615064,7510451818,320000000000,-1,0
0.02274,0,0,INJECTING,503568968,503408080,7510451818,320000000000,-1,0
0.02276,0,0,INJECTING,504361984,504202048,7510451818,320000000000,-1,0
0.02278,0,0,INJECTING,505155000,504995064,7510451818,320000000000,-1,0
0.0228,0,0,INJECTING,505948968,505788080,7510451818,320000000000,-1,0
0.02282,0,0,INJECTING,506741984,506582048,7510451818,320000000000,-1,0
0.02284,0,0,INJECTING,507535000,507375064,7510451818,320000000000,-1,0
0.02286,0,0,INJECTING,508328968,508168080,7510451818,320000000000,-1,0
0.02288,0,0,INJECTING,509121984,508962048,7510451818,320000000000,-1,0
0.0229,0,0,INJECTING,509915000,509755064,7510451818,320000000000,-1,0
0.02292,0,0,INJECTING,510708968,510548080,7510451818,320000000000,-1,0
0.02294,0,0,INJECTING,511501984,511342048,7510451818,320000000000,-1,0
0.02296,0,0,INJECTING,512295000,512135064,7510451818,320000000000,-1,0
0.02298,0,0,INJECTING,513088968,512928080,7510451818,320000000000,-1,0
0.023,0,0,INJECTING,513881984,513722048,7510451818,320000000000,-1,0
0.02302,0,0,INJECTING,514675000,514515064,7510451818,320000000000,-1,0
0.02304,0,0,INJECTING,515468968,515308080,7510451818,320000000000,-1,0
0.02306,0,0,INJECTING,516261984,516102048,7510451818,320000000000,-1,0
0.02308,0,0,INJECTING,517055000,516895064,7510451818,320000000000,-1,0
0.0231,0,0,INJECTING,517848968,517688080,7510451818,320000000000,-1,0
0.02312,0,0,INJECTING,518641984,518482048,7510451818,320000000000,-1,0
0.02314,0,0,INJECTING,519435000,519275064,7510451818,320000000000,-1,0
0.02316,0,0,INJECTING,520228968,520068080,7510451818,320000000000,-1,0
0.02318,0,0,INJECTING,521021984,520862048,7510451818,320000000000,-1,0
0.0232,0,0,INJECTING,521815000,521655064,7510451818,320000000000,-1,0
0.02322,0,0,INJECTING,522608968,522448080,7510451818,320000000000,-1,0
0.02324,0,0,INJECTING,523401984,523242048,7510451818,320000000000,-1,0
0.02326,0,0,INJECTING,524195000,524035064,7510451818,320000000000,-1,0
0.02328,0,0,INJECTING,524988968,524828080,7510451818,320000000000,-1,0
0.0233,0,0,INJECTING,525781984,525622048,7510451818,320000000000,-1,0
0.02332,0,0,INJECTING,526575000,526415064,7510451818,320000000000,-1,0
0.02334,0,0,INJECTING,527368968,527208080,7510451818,320000000000,-1,0
0.02336,0,0,INJECTING,528161984,528002048,7510451818,320000000000,-1,0
0.02338,0,0,INJECTING,528955000,528795064,7510451818,320000000000,-1,0
0.0234,0,0,INJECTING,529748968,529588080,7510451818,320000000000,-1,0
0.02342,0,0,INJECTING,530541984,530382048,7510451818,320000000000,-1,0
0.02344,0,0,INJECTING,531335000,531175064,7510451818,320000000000,-1,0
0.02346,0,0,INJECTING,532128968,531968080,7510451818,320000000000,-1,0
0.02348,0,0,INJECTING,532921984,532762048,7510451818,320000000000,-1,0
0.0235,0,0,INJECTING,533715000,533555064,7510451818,320000000000,-1,0
0.02352,0,0,INJECTING,534508968,534348080,7510451818,320000000000,-1,0
0.02354,0,0,INJECTING,535301984,535142048,7510451818,320000000000,-1,0
0.02356,0,0,INJECTING,536095000,535935064,7510451818,320000000000,-1,0
0.02358,0,0,INJECTING,536888968,536728080,7510451818,320000000000,-1,0
0.0236,0,0,INJECTING,537681984,537522048,7510451818,320000000000,-1,0
0.02362,0,0,INJECTING,538475000,538315064,7510451818,320000000000,-1,0
0.02364,0,0,INJECTING,539268968,539108080,7510451818,320000000000,-1,0
0.02366,0,0,INJECTING,540061984,539902048,7510451818,320000000000,-1,0
0.02368,0,0,INJECTING,540855000,540695064,7510451818,320000000000,-1,0
0.0237,0,0,INJECTING,541648968,541488080,7510451818,320000000000,-1,0
0.02372,0,0,INJECTING,542441984,542282048,7510451818,320000000000,-1,0
0.02374,0,0,INJECTING,543235000,543075064,7510451818,320000000000,-1,0
0.02376,0,0,INJECTING,544028968,543868080,7510451818,320000000000,-1,0
0.02378,0,0,INJECTING,544821984,544662048,7510451818,320000000000,-1,0
0.0238,0,0,INJECTING,545615000,545455064,7510451818,320000000000,-1,0
0.02382,0,0,INJECTING,546408968,546248080,7510451818,320000000000,-1,0
0.02384,0,0,INJECTING,547201984,547042048,7510451818,320000000000,-1,0
0.02386,0,0,INJECTING,547995000,547835064,7510451818,320000000000,-1,0
0.02388,0,0,INJECTING,548788968,548628080,7510451818,320000000000,-1,0
0.0239,0,0,INJECTING,549581984,549422048,7510451818,320000000000,-1,0
0.02392,0,0,INJECTING,550375000,550215064,7510451818,320000000000,-1,0
0.02394,0,0,INJECTING,551168968,551008080,7510451818,320000000000,-1,0
0.02396,0,0,INJECTING,551961984,551802048,7510451818,320000000000,-1,0
0.02398,0,0,INJECTING,552755000,552595064,7510451818,320000000000,-1,0
0.024,0,0,INJECTING,553548968,553388080,7510451818,320000000000,-1,0
0.02402,0,0,INJECTING,554341984,554182048,7510451818,320000000000,-1,0
0.02404,0,0,INJECTING,555135000,554975064,7510451818,320000000000,-1,0
0.02406,0,0,INJECTING,555928968,555768080,7510451818,320000000000,-1,0
0.02408,0,0,INJECTING,556721984,556562048,7510451818,320000000000,-1,0
0.0241,0,0,INJECTING,557515000,557355064,7510451818,320000000000,-1,0
0.02412,0,0,INJECTING,558308968,558148080,7510451818,320000000000,-1,0
0.02414,0,0,INJECTING,559101984,558942048,7510451818,320000000000,-1,0
0.02416,0,0,INJECTING,559895000,559735064,7510451818,320000000000,-1,0
0.02418,0,0,INJECTING,560688968,560528080,7510451818,320000000000,-1,0
0.0242,0,0,INJECTING,561481984,561322048,7510451818,320000000000,-1,0
0.02422,0,0,INJECTING,562275000,562115064,7510451818,320000000000,-1,0
0.02424,0,0,INJECTING,563068968,562908080,7510451818,320000000000,-1,0
0.02426,0,0,INJECTING,563861984,563702048,7510451818,320000000000,-1,0
0.02428,0,0,INJECTING,564655000,564495064,7510451818,320000000000,-1,0
0.0243,0,0,INJECTING,565448968,565288080,7510451818,320000000000,-1,0
0.02432,0,0,INJECTING,566241984,566082048,7510451818,320000000000,-1,0
0.02434,0,0,INJECTING,567035000,566875064,7510451818,320000000000,-1,0
0.02436,0,0,INJECTING,567828968,567668080,7510451818,320000000000,-1,0
0.02438,0,0,INJECTING,568621984,568462048,7510451818,320000000000,-1,0
0.0244,0,0,INJECTING,569415000,569255064,7510451818,320000000000,-1,0
0.02442,0,0,INJECTING,570208968,570048080,7510451818,320000000000,-1,0
0.02444,0,0,INJECTING,571001984,570842048,7510451818,320000000000,-1,0
0.02446,0,0,INJECTING,571795000,571635064,7510451818,320000000000,-1,0
0.02448,0,0,INJECTING,572588968,572428080,7510451818,320000000000,-1,0
0.0245,0,0,INJECTING,573381984,573222048,7510451818,320000000000,-1,0
0.02452,0,0,INJECTING,574175000,574015064,7510451818,320000000000,-1,0
0.02454,0,0,INJECTING,574968968,574808080,7510451818,320000000000,-1,0
0.02456,0,0,INJECTING,575761984,575602048,7510451818,320000000000,-1,0
0.02458,0,0,INJECTING,576555000,576395064,7510451818,320000000000,-1,0
0.0246,0,0,INJECTING,577348968,577188080,7510451818,320000000000,-1,0
0.02462,0,0,INJECTING,578141984,577982048,7510451818,320000000000,-1,0
0.02464,0,0,INJECTING,578935000,578775064,7510451818,320000000000,-1,0
0.02466,0,0,INJECTING,579728968,579568080,7510451818,320000000000,-1,0
0.02468,0,0,INJECTING,580521984,580362048,7510451818,320000000000,-1,0
0.0247,0,0,INJECTING,581315000,581155064,7510451818,320000000000,-1,0
0.02472,0,0,INJECTING,582108968,581948080,7510451818,320000000000,-1,0
0.02474,0,0,INJECTING,582901984,582742048,7510451818,320000000000,-1,0
0.02476,0,0,INJECTING,583695000,583535064,7510451818,320000000000,-1,0
0.02478,0,0,INJECTING,584488968,584328080,7510451818,320000000000,-1,0
0.0248,0,0,INJECTING,585281984,585122048,7510451818,320000000000,-1,0
0.02482,0,0,INJECTING,586075000,585915064,7510451818,320000000000,-1,0
0.02484,0,0,INJECTING,586868968,586708080,7510451818,320000000000,-1,0
0.02486,0,0,INJECTING,587661984,587502048,7510451818,320000000000,-1,0
0.02488,0,0,INJECTING,588455000,588295064,7510451818,320000000000,-1,0
0.0249,0,0,INJECTING,589248968,589088080,7510451818,320000000000,-1,0
0.02492,0,0,INJECTING,590041984,589882048,7510451818,320000000000,-1,0
0.02494,0,0,INJECTING,590835000,590675064,7510451818,320000000000,-1,0
0.02496,0,0,INJECTING,591628968,591468080,7510451818,320000000000,-1,0
0.02498,0,0,INJECTING,592421984,592262048,7510451818,320000000000,-1,0
0.025,0,0,INJECTING,593215000,593055064,7510451818,320000000000,-1,0
0.02502,0,0,INJECTING,594008968,593848080,7510451818,320000000000,-1,0
0.02504,0,0,INJECTING,594801984,594642048,7510451818,320000000000,-1,0
0.02506,0,0,INJECTING,595595000,595435064,7510451818,320000000000,-1,0
0.02508,0,0,INJECTING,596388968,596228080,7510451818,320000000000,-1,0
0.0251,0,0,INJECTING,597181984,597022048,7510451818,320000000000,-1,0
0.02512,0,0,INJECTING,597975000,597815064,7510451818,320000000000,-1,0
0.02514,0,0,INJECTING,598768968,598608080,7510451818,320000000000,-1,0
0.02516,0,0,INJECTING,599561984,599402048,7510451818,320000000000,-1,0
0.02518,0,0,INJECTING,600355000,600195064,7510451818,320000000000,-1,0
0.0252,0,0,INJECTING,601148968,600988080,7510451818,320000000000,-1,0
0.02522,0,0,INJECTING,601941984,601782048,7510451818,320000000000,-1,0
0.02524,0,0,INJECTING,602735000,602575064,7510451818,320000000000,-1,0
0.02526,0,0,INJECTING,603528968,603368080,7510451818,320000000000,-1,0
0.02528,0,0,INJECTING,604321984,604162048,7510451818,320000000000,-1,0
0.0253,0,0,INJECTING,605115000,604955064,7510451818,320000000000,-1,0
0.02532,0,0,INJECTING,605908968,605748080,7510451818,320000000000,-1,0
0.02534,0,0,INJECTING,606701984,606542048,7510451818,320000000000,-1,0
0.02536,0,0,INJECTING,607495000,607335064,7510451818,320000000000,-1,0
0.02538,0,0,INJECTING,608288968,608128080,7510451818,320000000000,-1,0
0.0254,0,0,INJECTING,609081984,608922048,7510451818,320000000000,-1,0
0.02542,0,0,INJECTING,609875000,609715064,7510451818,320000000000,-1,0
0.02544,0,0,INJECTING,610668968,610508080,7510451818,320000000000,-1,0
0.02546,0,0,INJECTING,611461984,611302048,7510451818,320000000000,-1,0
0.02548,0,0,INJECTING,612255000,612095064,7510451818,320000000000,-1,0
0.0255,0,0,INJECTING,613048968,612888080,7510451818,320000000000,-1,0
0.02552,0,0,INJECTING,613841984,613682048,7510451818,320000000000,-1,0
0.02554,0,0,INJECTING,614635000,614475064,7510451818,320000000000,-1,0
0.02556,0,0,INJECTING,615428968,615268080,7510451818,320000000000,-1,0
0.02558,0,0,INJECTING,616221984,616062048,7510451818,320000000000,-1,0
0.0256,0,0,INJECTING,617015000,616855064,7510451818,320000000000,-1,0
0.02562,0,0,INJECTING,617808968,617648080,7510451818,320000000000,-1,0
0.02564,0,0,INJECTING,618601984,618442048,7510451818,320000000000,-1,0
0.02566,0,0,INJECTING,619395000,619235064,7510451818,320000000000,-1,0
0.02568,0,0,INJECTING,620188968,620028080,7510451818,320000000000,-1,0
0.0257,0,0,INJECTING,620981984,620822048,7510451818,320000000000,-1,0
0.02572,0,0,INJECTING,621775000,621615064,7510451818,320000000000,-1,0
0.02574,0,0,INJECTING,622568968,622408080,7510451818,320000000000,-1,0
0.02576,0,0,INJECTING,623361984,623202048,7510451818,320000000000,-1,0
0.02578,0,0,INJECTING,624155000,623995064,7510451818,320000000000,-1,0
0.0258,0,0,INJECTING,624948968,624788080,7510451818,320000000000,-1,0
0.02582,0,0,INJECTING,625741984,625582048,7510451818,320000000000,-1,0
0.02584,0,0,INJECTING,626535000,626375064,7510451818,320000000000,-1,0
0.02586,0,0,INJECTING,627328968,627168080,7510451818,320000000000,-1,0
0.02588,0,0,INJECTING,628121984,627962048,7510451818,320000000000,-1,0
0.0259,0,0,INJECTING,628915000,628755064,7510451818,320000000000,-1,0
0.02592,0,0,INJECTING,629708968,629548080,7510451818,320000000000,-1,0
0.02594,0,0,INJECTING,630501984,630342048,7510451818,320000000000,-1,0
0.02596,0,0,INJECTING,631295000,631135064,7510451818,320000000000,-1,0
0.02598,0,0,INJECTING,632088968,631928080,7510451818,320000000000,-1,0
0.026,0,0,INJECTING,632881984,632722048,7510451818,320000000000,-1,0
0.02602,0,0,INJECTING,633675000,633515064,7510451818,320000000000,-1,0
0.02604,0,0,INJECTING,634468968,634308080,7510451818,320000000000,-1,0
0.02606,0,0,INJECTING,635261984,635102048,7510451818,320000000000,-1,0
0.02608,0,0,INJECTING,636055000,635895064,7510451818,320000000000,-1,0
0.0261,0,0,INJECTING,636848968,636688080,7510451818,320000000000,-1,0
0.02612,0,0,INJECTING,637641984,637482048,7510451818,320000000000,-1,0
0.02614,0,0,INJECTING,638435000,638275064,7510451818,320000000000,-1,0
0.02616,0,0,INJECTING,639228968,639068080,7510451818,320000000000,-1,0
0.02618,0,0,INJECTING,640021984,639862048,7510451818,320000000000,-1,0
0.0262,0,0,INJECTING,640815000,640655064,7510451818,320000000000,-1,0
0.02622,0,0,INJECTING,641608968,641448080,7510451818,320000000000,-1,0
0.02624,0,0,INJECTING,642401984,642242048,7510451818,320000000000,-1,0
0.02626,0,0,INJECTING,643195000,643035064,7510451818,320000000000,-1,0
0.02628,0,0,INJECTING,643988968,643828080,7510451818,320000000000,-1,0
0.0263,0,0,INJECTING,644781984,644622048,7510451818,320000000000,-1,0
0.02632,0,0,INJECTING,645575000,645415064,7510451818,320000000000,-1,0
0.02634,0,0,INJECTING,646368968,646208080,7510451818,320000000000,-1,0
0.02636,0,0,INJECTING,647161984,647002048,7510451818,320000000000,-1,0
0.02638,0,0,INJECTING,647955000,647795064,7510451818,320000000000,-1,0
0.0264,0,0,INJECTING,648748968,648588080,7510451818,320000000000,-1,0
0.02642,0,0,INJECTING,649541984,649382048,7510451818,320000000000,-1,0
0.02644,0,0,INJECTING,650335000,650175064,7510451818,320000000000,-1,0
0.02646,0,0,INJECTING,651128968,650968080,7510451818,320000000000,-1,0
0.02648,0,0,INJECTING,651921984,651762048,7510451818,320000000000,-1,0
0.0265,0,0,INJECTING,652715000,652555064,7510451818,320000000000,-1,0
0.02652,0,0,INJECTING,653508968,653348080,7510451818,320000000000,-1,0
0.02654,0,0,INJECTING,654301984,654142048,7510451818,320000000000,-1,0
0.02656,0,0,INJECTING,655095000,654935064,7510451818,320000000000,-1,0
0.02658,0,0,INJECTING,655888968,655728080,7510451818,320000000000,-1,0
0.0266,0,0,INJECTING,656681984,656522048,7510451818,320000000000,-1,0
0.02662,0,0,INJECTING,657475000,657315064,7510451818,320000000000,-1,0
0.02664,0,0,INJECTING,658268968,658108080,7510451818,320000000000,-1,0
0.02666,0,0,INJECTING,659061984,658902048,7510451818,320000000000,-1,0
0.02668,0,0,INJECTING,659855000,659695064,7510451818,320000000000,-1,0
0.0267,0,0,INJECTING,660648968,660488080,7510451818,320000000000,-1,0
0.02672,0,0,INJECTING,661441984,661282048,7510451818,320000000000,-1,0
0.02674,0,0,INJECTING,662235000,662075064,7510451818,320000000000,-1,0
0.02676,0,0,INJECTING,663028968,662868080,7510451818,320000000000,-1,0
0.02678,0,0,INJECTING,663821984,663662048,7510451818,320000000000,-1,0
0.0268,0,0,INJECTING,664615000,664455064,7510451818,320000000000,-1,0
0.02682,0,0,INJECTING,665408968,665248080,7510451818,320000000000,-1,0
0.02684,0,0,INJECTING,666201984,666042048,7510451818,320000000000,-1,0
0.02686,0,0,INJECTING,666995000,666835064,7510451818,320000000000,-1,0
0.02688,0,0,INJECTING,667788968,667628080,7510451818,320000000000,-1,0
0.0269,0,0,INJECTING,668581984,668422048,7510451818,320000000000,-1,0
0.02692,0,0,INJECTING,669375000,669215064,7510451818,320000000000,-1,0
0.02694,0,0,INJECTING,670168968,670008080,7510451818,320000000000,-1,0
0.02696,0,0,INJECTING,670961984,670802048,7510451818,320000000000,-1,0
0.02698,0,0,INJECTING,671755000,671595064,7510451818,320000000000,-1,0
0.027,0,0,INJECTING,672548968,672388080,7510451818,320000000000,-1,0
0.02702,0,0,INJECTING,673341984,673182048,7510451818,320000000000,-1,0
0.02704,0,0,INJECTING,674135000,673975064,7510451818,320000000000,-1,0
0.02706,0,0,INJECTING,674928968,674768080,7510451818,320000000000,-1,0
0.02708,0,0,INJECTING,675721984,675562048,7510451818,320000000000,-1,0
0.0271,0,0,INJECTING,676515000,676355064,7510451818,320000000000,-1,0
0.02712,0,0,INJECTING,677308968,677148080,7510451818,320000000000,-1,0
0.02714,0,0,INJECTING,678101984,677942048,7510451818,320000000000,-1,0
0.02716,0,0,INJECTING,678895000,678735064,7510451818,320000000000,-1,0
0.02718,0,0,INJECTING,679688968,679528080,7510451818,320000000000,-1,0
0.0272,0,0,INJECTING,680481984,680322048,7510451818,320000000000,-1,0
0.02722,0,0,INJECTING,681275000,681115064,7510451818,320000000000,-1,0
0.02724,0,0,INJECTING,682068968,681908080,7510451818,320000000000,-1,0
0.02726,0,0,INJECTING,682861984,682702048,7510451818,320000000000,-1,0
0.02728,0,0,INJECTING,683655000,683495064,7510451818,320000000000,-1,0
0.0273,0,0,INJECTING,684448968,684288080,7510451818,320000000000,-1,0
0.02732,0,0,INJECTING,685241984,685082048,7510451818,320000000000,-1,0
0.02734,0,0,INJECTING,686035000,685875064,7510451818,320000000000,-1,0
0.02736,0,0,INJECTING,686828968,686668080,7510451818,320000000000,-1,0
0.02738,0,0,INJECTING,687621984,687462048,7510451818,320000000000,-1,0
0.0274,0,0,INJECTING,688415000,688255064,7510451818,320000000000,-1,0
0.02742,0,0,INJECTING,689208968,689048080,7510451818,320000000000,-1,0
0.02744,0,0,INJECTING,690001984,689842048,7510451818,320000000000,-1,0
0.02746,0,0,INJECTING,690795000,690635064,7510451818,320000000000,-1,0
0.02748,0,0,INJECTING,691588968,691428080,7510451818,320000000000,-1,0
0.0275,0,0,INJECTING,692381984,692222048,7510451818,320000000000,-1,0
0.02752,0,0,INJECTING,693175000,693015064,7510451818,320000000000,-1,0
0.02754,0,0,INJECTING,693968968,693808080,7510451818,320000000000,-1,0
0.02756,0,0,INJECTING,694761984,694602048,7510451818,320000000000,-1,0
0.02758,0,0,INJECTING,695555000,695395064,7510451818,320000000000,-1,0
0.0276,0,0,INJECTING,696348968,696188080,7510451818,320000000000,-1,0
0.02762,0,0,INJECTING,697141984,696982048,7510451818,320000000000,-1,0
0.02764,0,0,INJECTING,697935000,697775064,7510451818,320000000000,-1,0
0.02766,0,0,INJECTING,698728968,698568080,7510451818,320000000000,-1,0
0.02768,0,0,INJECTING,699521984,699362048,7510451818,320000000000,-1,0
0.0277,0,0,INJECTING,700315000,700155064,7510451818,320000000000,-1,0
0.02772,0,0,INJECTING,701108968,700948080,7510451818,320000000000,-1,0
0.02774,0,0,INJECTING,701901984,701742048,7510451818,320000000000,-1,0
0.02776,0,0,INJECTING,702695000,702535064,7510451818,320000000000,-1,0
0.02778,0,0,INJECTING,703488968,703328080,7510451818,320000000000,-1,0
0.0278,0,0,INJECTING,704281984,704122048,7510451818,320000000000,-1,0
0.02782,0,0,INJECTING,705075000,704915064,7510451818,320000000000,-1,0
0.02784,0,0,INJECTING,705868968,705708080,7510451818,320000000000,-1,0
0.02786,0,0,INJECTING,706661984,706502048,7510451818,320000000000,-1,0
0.02788,0,0,INJECTING,707455000,707295064,7510451818,320000000000,-1,0
0.0279,0,0,INJECTING,708248968,708088080,7510451818,320000000000,-1,0
0.02792,0,0,INJECTING,709041984,708882048,7510451818,320000000000,-1,0
0.02794,0,0,INJECTING,709835000,709675064,7510451818,320000000000,-1,0
0.02796,0,0,INJECTING,710628968,710468080,7510451818,320000000000,-1,0
0.02798,0,0,INJECTING,711421984,711262048,7510451818,320000000000,-1,0
0.028,0,0,INJECTING,712215000,712055064,7510451818,320000000000,-1,0
0.02802,0,0,INJECTING,713008968,712848080,7510451818,320000000000,-1,0
0.02804,0,0,INJECTING,713801984,713642048,7510451818,320000000000,-1,0
0.02806,0,0,INJECTING,714595000,714435064,7510451818,320000000000,-1,0
0.02808,0,0,INJECTING,715388968,715228080,7510451818,320000000000,-1,0
0.0281,0,0,INJECTING,716181984,716022048,7510451818,320000000000,-1,0
0.02812,0,0,INJECTING,716975000,716815064,7510451818,320000000000,-1,0
0.02814,0,0,INJECTING,717768968,717608080,7510451818,320000000000,-1,0
0.02816,0,0,INJECTING,718561984,718402048,7510451818,320000000000,-1,0
0.02818,0,0,INJECTING,719355000,719195064,7510451818,320000000000,-1,0
0.0282,0,0,INJECTING,720148968,719988080,7510451818,320000000000,-1,0
0.02822,0,0,INJECTING,720941984,720782048,7510451818,320000000000,-1,0
0.02824,0,0,INJECTING,721735000,721575064,7510451818,320000000000,-1,0
0.02826,0,0,INJECTING,722528968,722368080,7510451818,320000000000,-1,0
0.02828,0,0,INJECTING,723321984,723162048,7510451818,320000000000,-1,0
0.0283,0,0,INJECTING,724115000,723955064,7510451818,320000000000,-1,0
0.02832,0,0,INJECTING,724908968,724748080,7510451818,320000000000,-1,0
0.02834,0,0,INJECTING,725701984,725542048,7510451818,320000000000,-1,0
0.02836,0,0,INJECTING,726495000,726335064,7510451818,320000000000,-1,0
0.02838,0,0,INJECTING,727288968,727128080,7510451818,320000000000,-1,0
0.0284,0,0,INJECTING,728081984,727922048,7510451818,320000000000,-1,0
0.02842,0,0,INJECTING,728875000,728715064,7510451818,320000000000,-1,0
0.02844,0,0,INJECTING,729668968,729508080,7510451818,320000000000,-1,0
0.02846,0,0,INJECTING,730461984,730302048,7510451818,320000000000,-1,0
0.02848,0,0,INJECTING,731255000,731095064,7510451818,320000000000,-1,0
0.0285,0,0,INJECTING,732048968,731888080,7510451818,320000000000,-1,0
0.02852,0,0,INJECTING,732841984,732682048,7510451818,320000000000,-1,0
0.02854,0,0,INJECTING,733635000,733475064,7510451818,320000000000,-1,0
0.02856,0,0,INJECTING,734428968,734268080,7510451818,320000000000,-1,0
0.02858,0,0,INJECTING,735221984,735062048,7510451818,320000000000,-1,0
0.0286,0,0,INJECTING,736015000,735855064,7510451818,320000000000,-1,0
0.02862,0,0,INJECTING,736808968,736648080,7510451818,320000000000,-1,0
0.02864,0,0,INJECTING,737601984,737442048,7510451818,320000000000,-1,0
0.02866,0,0,INJECTING,738395000,738235064,7510451818,320000000000,-1,0
0.02868,0,0,INJECTING,739188968,739028080,7510451818,320000000000,-1,0
0.0287,0,0,INJECTING,739981984,739822048,7510451818,320000000000,-1,0
0.02872,0,0,INJECTING,740775000,740615064,7510451818,320000000000,-1,0
0.02874,0,0,INJECTING,741568968,741408080,7510451818,320000000000,-1,0
0.02876,0,0,INJECTING,742361984,742202048,7510451818,320000000000,-1,0
0.02878,0,0,INJECTING,743155000,742995064,7510451818,320000000000,-1,0
0.0288,0,0,INJECTING,743948968,743788080,7510451818,320000000000,-1,0
0.02882,0,0,INJECTING,744741984,744582048,7510451818,320000000000,-1,0
0.02884,0,0,INJECTING,745535000,745375064,7510451818,320000000000,-1,0
0.02886,0,0,INJECTING,746328968,746168080,7510451818,320000000000,-1,0
0.02888,0,0,INJECTING,747121984,746962048,7510451818,320000000000,-1,0
0.0289,0,0,INJECTING,747915000,747755064,7510451818,320000000000,-1,0
0.02892,0,0,INJECTING,748708968,748548080,7510451818,320000000000,-1,0
0.02894,0,0,INJECTING,749501984,749342048,7510451818,320000000000,-1,0
0.02896,0,0,INJECTING,750295000,750135064,7510451818,320000000000,-1,0
0.02898,0,0,INJECTING,751088968,750928080,7510451818,320000000000,-1,0
0.029,0,0,INJECTING,751881984,751722048,7510451818,320000000000,-1,0
0.02902,0,0,INJECTING,752675000,752515064,7510451818,320000000000,-1,0
0.02904,0,0,INJECTING,753468968,753308080,7510451818,320000000000,-1,0
0.02906,0,0,INJECTING,754261984,754102048,7510451818,320000000000,-1,0
0.02908,0,0,INJECTING,755055000,754895064,7510451818,320000000000,-1,0
0.0291,0,0,INJECTING,755848968,755688080,7510451818,320000000000,-1,0
0.02912,0,0,INJECTING,756641984,756482048,7510451818,320000000000,-1,0
0.02914,0,0,INJECTING,757435000,757275064,7510451818,320000000000,-1,0
0.02916,0,0,INJECTING,758228968,758068080,7510451818,320000000000,-1,0
0.02918,0,0,INJECTING,759021984,758862048,7510451818,320000000000,-1,0
0.0292,0,0,INJECTING,759815000,759655064,7510451818,320000000000,-1,0
0.02922,0,0,INJECTING,760608968,760448080,7510451818,320000000000,-1,0
0.02924,0,0,INJECTING,761401984,761242048,7510451818,320000000000,-1,0
0.02926,0,0,INJECTING,762195000,762035064,7510451818,320000000000,-1,0
0.02928,0,0,INJECTING,762988968,762828080,7510451818,320000000000,-1,0
0.0293,0,0,INJECTING,763781984,763622048,7510451818,320000000000,-1,0
0.02932,0,0,INJECTING,764575000,764415064,7510451818,320000000000,-1,0
0.02934,0,0,INJECTING,765368968,765208080,7510451818,320000000000,-1,0
0.02936,0,0,INJECTING,766161984,766002048,7510451818,320000000000,-1,0
0.02938,0,0,INJECTING,766955000,766795064,7510451818,320000000000,-1,0
0.0294,0,0,INJECTING,767748968,767588080,7510451818,320000000000,-1,0
0.02942,0,0,INJECTING,768541984,768382048,7510451818,320000000000,-1,0
0.02944,0,0,INJECTING,769335000,769175064,7510451818,320000000000,-1,0
0.02946,0,0,INJECTING,770128968,769968080,7510451818,320000000000,-1,0
0.02948,0,0,INJECTING,770921984,770762048,7510451818,320000000000,-1,0
0.0295,0,0,INJECTING,771715000,771555064,7510451818,320000000000,-1,0
0.02952,0,0,INJECTING,772508968,772348080,7510451818,320000000000,-1,0
0.02954,0,0,INJECTING,773301984,773142048,7510451818,320000000000,-1,0
0.02956,0,0,INJECTING,774095000,773935064,7510451818,320000000000,-1,0
0.02958,0,0,INJECTING,774888968,774728080,7510451818,320000000000,-1,0
0.0296,0,0,INJECTING,775681984,775522048,7510451818,320000000000,-1,0
0.02962,0,0,INJECTING,776475000,776315064,7510451818,320000000000,-1,0
0.02964,0,0,INJECTING,777268968,777108080,7510451818,320000000000,-1,0
0.02966,0,0,INJECTING,778061984,777902048,7510451818,320000000000,-1,0
0.02968,0,0,INJECTING,778855000,778695064,7510451818,320000000000,-1,0
0.0297,0,0,INJECTING,779648968,779488080,7510451818,320000000000,-1,0
0.02972,0,0,INJECTING,780441984,780282048,7510451818,320000000000,-1,0
0.02974,0,0,INJECTING,781235000,781075064,7510451818,320000000000,-1,0
0.02976,0,0,INJECTING,782028968,781868080,7510451818,320000000000,-1,0
0.02978,0,0,INJECTING,782821984,782662048,7510451818,320000000000,-1,0
0.0298,0,0,INJECTING,783615000,783455064,7510451818,320000000000,-1,0
0.02982,0,0,INJECTING,784408968,784248080,7510451818,320000000000,-1,0
0.02984,0,0,INJECTING,785201984,785042048,7510451818,320000000000,-1,0
0.02986,0,0,INJECTING,785995000,785835064,7510451818,320000000000,-1,0
0.02988,0,0,INJECTING,786788968,786628080,7510451818,320000000000,-1,0
0.0299,0,0,INJECTING,787581984,787422048,7510451818,320000000000,-1,0
0.02992,0,0,INJECTING,788375000,788215064,7510451818,320000000000,-1,0
0.02994,0,0,INJECTING,789168968,789008080,7510451818,320000000000,-1,0
0.02996,0,0,INJECTING,789961984,789802048,7510451818,320000000000,-1,0
0.02998,0,0,INJECTING,790755000,790595064,7510451818,320000000000,-1,0
0.03,0,0,INJECTING,791548968,791388080,7510451818,320000000000,-1,0
0.03002,0,0,INJECTING,792341984,792182048,7510451818,320000000000,-1,0
0.03004,0,0,INJECTING,793135000,792975064,7510451818,320000000000,-1,0
0.03006,0,0,INJECTING,793928968,793768080,7510451818,320000000000,-1,0
0.03008,0,0,INJECTING,794721984,794562048,7510451818,320000000000,-1,0
0.0301,0,0,INJECTING,795515000,795355064,7510451818,320000000000,-1,0
0.03012,0,0,INJECTING,796308968,796148080,7510451818,320000000000,-1,0
0.03014,0,0,INJECTING,797101984,796942048,7510451818,320000000000,-1,0
0.03016,0,0,INJECTING,797895000,797735064,7510451818,320000000000,-1,0
0.03018,0,0,INJECTING,798688968,798528080,7510451818,320000000000,-1,0
0.0302,0,0,INJECTING,799481984,799322048,7510451818,320000000000,-1,0
0.03022,0,0,INJECTING,800275000,800115064,7510451818,320000000000,-1,0
0.03024,0,0,INJECTING,801068968,800908080,7510451818,320000000000,-1,0
0.03026,0,0,INJECTING,801861984,801702048,7510451818,320000000000,-1,0
0.03028,0,0,INJECTING,802655000,802495064,7510451818,320000000000,-1,0
0.0303,0,0,INJECTING,803448968,803288080,7510451818,320000000000,-1,0
0.03032,0,0,INJECTING,804241984,804082048,7510451818,320000000000,-1,0
0.03034,0,0,INJECTING,805035000,804875064,7510451818,320000000000,-1,0
0.03036,0,0,INJECTING,805828968,805668080,7510451818,320000000000,-1,0
0.03038,0,0,INJECTING,806621984,806462048,7510451818,320000000000,-1,0
0.0304,0,0,INJECTING,807415000,807255064,7510451818,320000000000,-1,0
0.03042,0,0,INJECTING,808208968,808048080,7510451818,320000000000,-1,0
0.03044,0,0,INJECTING,809001984,808842048,7510451818,320000000000,-1,0
0.03046,0,0,INJECTING,809795000,809635064,7510451818,320000000000,-1,0
0.03048,0,0,INJECTING,810588968,810428080,7510451818,320000000000,-1,0
0.0305,0,0,INJECTING,811381984,811222048,7510451818,320000000000,-1,0
0.03052,0,0,INJECTING,812175000,812015064,7510451818,320000000000,-1,0
0.03054,0,0,INJECTING,812968968,812808080,7510451818,320000000000,-1,0
0.03056,0,0,INJECTING,813761984,813602048,7510451818,320000000000,-1,0
0.03058,0,0,INJECTING,814555000,814395064,7510451818,320000000000,-1,0
0.0306,0,0,INJECTING,815348968,815188080,7510451818,320000000000,-1,0
0.03062,0,0,INJECTING,816141984,815982048,7510451818,320000000000,-1,0
0.03064,0,0,INJECTING,816935000,816775064,7510451818,320000000000,-1,0
0.03066,0,0,INJECTING,817728968,817568080,7510451818,320000000000,-1,0
0.03068,0,0,INJECTING,818521984,818362048,7510451818,320000000000,-1,0
0.0307,0,0,INJECTING,819315000,819155064,7510451818,320000000000,-1,0
0.03072,0,0,INJECTING,820108968,819948080,7510451818,320000000000,-1,0
0.03074,0,0,INJECTING,820901984,820742048,7510451818,320000000000,-1,0
0.03076,0,0,INJECTING,821695000,821535064,7510451818,320000000000,-1,0
0.03078,0,0,INJECTING,822488968,822328080,7510451818,320000000000,-1,0
0.0308,0,0,INJECTING,823281984,823122048,7510451818,320000000000,-1,0
0.03082,0,0,INJECTING,824075000,823915064,7510451818,320000000000,-1,0
0.03084,0,0,INJECTING,824868968,824708080,7510451818,320000000000,-1,0
0.03086,0,0,INJECTING,825661984,825502048,7510451818,320000000000,-1,0
0.03088,0,0,INJECTING,826455000,826295064,7510451818,320000000000,-1,0
0.0309,0,0,INJECTING,827248968,827088080,7510451818,320000000000,-1,0
0.03092,0,0,INJECTING,828041984,827882048,7510451818,320000000000,-1,0
0.03094,0,0,INJECTING,828835000,828675064,7510451818,320000000000,-1,0
0.03096,0,0,INJECTING,829628968,829468080,7510451818,320000000000,-1,0
0.03098,0,0,INJECTING,830421984,830262048,7510451818,320000000000,-1,0
0.031,0,0,INJECTING,831215000,831055064,7510451818,320000000000,-1,0
0.03102,0,0,INJECTING,832008968,831848080,7510451818,320000000000,-1,0
0.03104,0,0,INJECTING,832801984,832642048,7510451818,320000000000,-1,0
0.03106,0,0,INJECTING,833595000,833435064,7510451818,320000000000,-1,0
0.03108,0,0,INJECTING,834388968,834228080,7510451818,320000000000,-1,0
0.0311,0,0,INJECTING,835181984,835022048,7510451818,320000000000,-1,0
0.03112,0,0,INJECTING,835975000,835815064,7510451818,320000000000,-1,0
0.03114,0,0,INJECTING,836768968,836608080,7510451818,320000000000,-1,0
0.03116,0,0,INJECTING,837561984,837402048,7510451818,320000000000,-1,0
0.03118,0,0,INJECTING,838355000,838195064,7510451818,320000000000,-1,0
0.0312,0,0,INJECTING,839148968,838988080,7510451818,320000000000,-1,0
0.03122,0,0,INJECTING,839941984,839782048,7510451818,320000000000,-1,0
0.03124,0,0,INJECTING,840735000,840575064,7510451818,320000000000,-1,0
0.03126,0,0,INJECTING,841528968,841368080,7510451818,320000000000,-1,0
0.03128,0,0,INJECTING,842321984,842162048,7510451818,320000000000,-1,0
0.0313,0,0,INJECTING,843115000,842955064,7510451818,320000000000,-1,0
0.03132,0,0,INJECTING,843908968,843748080,7510451818,320000000000,-1,0
0.03134,0,0,INJECTING,844701984,844542048,7510451818,320000000000,-1,0
0.03136,0,0,INJECTING,845495000,845335064,7510451818,320000000000,-1,0
0.03138,0,0,INJECTING,846288968,846128080,7510451818,320000000000,-1,0
0.0314,0,0,INJECTING,847081984,846922048,7510451818,320000000000,-1,0
0.03142,0,0,INJECTING,847875000,847715064,7510451818,320000000000,-1,0
0.03144,0,0,INJECTING,848668968,848508080,7510451818,320000000000,-1,0
0.03146,0,0,INJECTING,849461984,849302048,7510451818,320000000000,-1,0
0.03148,0,0,INJECTING,850255000,850095064,7510451818,320000000000,-1,0
0.0315,0,0,INJECTING,851048968,850888080,7510451818,320000000000,-1,0
0.03152,0,0,INJECTING,851841984,851682048,7510451818,320000000000,-1,0
0.03154,0,0,INJECTING,852635000,852475064,7510451818,320000000000,-1,0
0.03156,0,0,INJECTING,853428968,853268080,7510451818,320000000000,-1,0
0.03158,0,0,INJECTING,854221984,854062048,7510451818,320000000000,-1,0
0.0316,0,0,INJECTING,855015000,854855064,7510451818,320000000000,-1,0
0.03162,0,0,INJECTING,855808968,855648080,7510451818,320000000000,-1,0
0.03164,0,0,INJECTING,856601984,856442048,7510451818,320000000000,-1,0
0.03166,0,0,INJECTING,857395000,857235064,7510451818,320000000000,-1,0
0.03168,0,0,INJECTING,858188968,858028080,7510451818,320000000000,-1,0
0.0317,0,0,INJECTING,858981984,858822048,7510451818,320000000000,-1,0
0.03172,0,0,INJECTING,859775000,859615064,7510451818,320000000000,-1,0
0.03174,0,0,INJECTING,860568968,860408080,7510451818,320000000000,-1,0
0.03176,0,0,INJECTING,861361984,861202048,7510451818,320000000000,-1,0
0.03178,0,0,INJECTING,862155000,861995064,7510451818,320000000000,-1,0
0.0318,0,0,INJECTING,862948968,862788080,7510451818,320000000000,-1,0
0.03182,0,0,INJECTING,863741984,863582048,7510451818,320000000000,-1,0
0.03184,0,0,INJECTING,864535000,864375064,7510451818,320000000000,-1,0
0.03186,0,0,INJECTING,865328968,865168080,7510451818,320000000000,-1,0
0.03188,0,0,INJECTING,866121984,865962048,7510451818,320000000000,-1,0
0.0319,0,0,INJECTING,866915000,866755064,7510451818,320000000000,-1,0
0.03192,0,0,INJECTING,867708968,867548080,7510451818,320000000000,-1,0
0.03194,0,0,INJECTING,868501984,868342048,7510451818,320000000000,-1,0
0.03196,0,0,INJECTING,869295000,869135064,7510451818,320000000000,-1,0
0.03198,0,0,INJECTING,870088968,869928080,7510451818,320000000000,-1,0
0.032,0,0,INJECTING,870881984,870722048,7510451818,320000000000,-1,0
0.03202,0,0,INJECTING,871675000,871515064,7510451818,320000000000,-1,0
0.03204,0,0,INJECTING,872468968,872308080,7510451818,320000000000,-1,0
0.03206,0,0,INJECTING,873261984,873102048,7510451818,320000000000,-1,0
0.03208,0,0,INJECTING,874055000,873895064,7510451818,320000000000,-1,0
0.0321,0,0,INJECTING,874848968,874688080,7510451818,320000000000,-1,0
0.03212,0,0,INJECTING,875641984,875482048,7510451818,320000000000,-1,0
0.03214,0,0,INJECTING,876435000,876275064,7510451818,320000000000,-1,0
0.03216,0,0,INJECTING,877228968,877068080,7510451818,320000000000,-1,0
0.03218,0,0,INJECTING,878021984,877862048,7510451818,320000000000,-1,0
0.0322,0,0,INJECTING,878815000,878655064,7510451818,320000000000,-1,0
0.03222,0,0,INJECTING,879608968,879448080,7510451818,320000000000,-1,0
0.03224,0,0,INJECTING,880401984,880242048,7510451818,320000000000,-1,0
0.03226,0,0,INJECTING,881195000,881035064,7510451818,320000000000,-1,0
0.03228,0,0,INJECTING,881988968,881828080,7510451818,320000000000,-1,0
0.0323,0,0,INJECTING,882781984,882622048,7510451818,320000000000,-1,0
0.03232,0,0,INJECTING,883575000,883415064,7510451818,320000000000,-1,0
0.03234,0,0,INJECTING,884368968,884208080,7510451818,320000000000,-1,0
0.03236,0,0,INJECTING,885161984,885002048,7510451818,320000000000,-1,0
0.03238,0,0,INJECTING,885955000,885795064,7510451818,320000000000,-1,0
0.0324,0,0,INJECTING,886748968,886588080,7510451818,320000000000,-1,0
0.03242,0,0,INJECTING,887541984,887382048,7510451818,320000000000,-1,0
0.03244,0,0,INJECTING,888335000,888175064,7510451818,320000000000,-1,0
0.03246,0,0,INJECTING,889128968,888968080,7510451818,320000000000,-1,0
0.03248,0,0,INJECTING,889921984,889762048,7510451818,320000000000,-1,0
0.0325,0,0,INJECTING,890715000,890555064,7510451818,320000000000,-1,0
0.03252,0,0,INJECTING,891508968,891348080,7510451818,320000000000,-1,0
0.03254,0,0,INJECTING,892301984,892142048,7510451818,320000000000,-1,0
0.03256,0,0,INJECTING,893095000,892935064,7510451818,320000000000,-1,0
0.03258,0,0,INJECTING,893888968,893728080,7510451818,320000000000,-1,0
0.0326,0,0,INJECTING,894681984,894522048,7510451818,320000000000,-1,0
0.03262,0,0,INJECTING,895475000,895315064,7510451818,320000000000,-1,0
0.03264,0,0,INJECTING,896268968,896108080,7510451818,320000000000,-1,0
0.03266,0,0,INJECTING,897061984,896902048,7510451818,320000000000,-1,0
0.03268,0,0,INJECTING,897855000,897695064,7510451818,320000000000,-1,0
0.0327,0,0,INJECTING,898648968,898488080,7510451818,320000000000,-1,0
0.03272,0,0,INJECTING,899441984,899282048,7510451818,320000000000,-1,0
0.03274,0,0,INJECTING,900235000,900075064,7510451818,320000000000,-1,0
0.03276,0,0,INJECTING,901028968,900868080,7510451818,320000000000,-1,0
0.03278,0,0,INJECTING,901821984,901662048,7510451818,320000000000,-1,0
0.0328,0,0,INJECTING,902615000,902455064,7510451818,320000000000,-1,0
0.03282,0,0,INJECTING,903408968,903248080,7510451818,320000000000,-1,0
0.03284,0,0,INJECTING,904201984,904042048,7510451818,320000000000,-1,0
0.03286,0,0,INJECTING,904995000,904835064,7510451818,320000000000,-1,0
0.03288,0,0,INJECTING,905788968,905628080,7510451818,320000000000,-1,0
0.0329,0,0,INJECTING,906581984,906422048,7510451818,320000000000,-1,0
0.03292,0,0,INJECTING,907375000,907215064,7510451818,320000000000,-1,0
0.03294,0,0,INJECTING,908168968,908008080,7510451818,320000000000,-1,0
0.03296,0,0,INJECTING,908961984,908802048,7510451818,320000000000,-1,0
0.03298,0,0,INJECTING,909755000,909595064,7510451818,320000000000,-1,0
0.033,0,0,INJECTING,910548968,910388080,7510451818,320000000000,-1,0
0.03302,0,0,INJECTING,911341984,911182048,7510451818,320000000000,-1,0
0.03304,0,0,INJECTING,912135000,911975064,7510451818,320000000000,-1,0
0.03306,0,0,INJECTING,912928968,912768080,7510451818,320000000000,-1,0
0.03308,0,0,INJECTING,913721984,913562048,7510451818,320000000000,-1,0
0.0331,0,0,INJECTING,914515000,914355064,7510451818,320000000000,-1,0
0.03312,0,0,INJECTING,915308968,915148080,7510451818,320000000000,-1,0
0.03314,0,0,INJECTING,916101984,915942048,7510451818,320000000000,-1,0
0.03316,0,0,INJECTING,916895000,916735064,7510451818,320000000000,-1,0
0.03318,0,0,INJECTING,917688968,917528080,7510451818,320000000000,-1,0
0.0332,0,0,INJECTING,918481984,918322048,7510451818,320000000000,-1,0
0.03322,0,0,INJECTING,919275000,919115064,7510451818,320000000000,-1,0
0.03324,0,0,INJECTING,920068968,919908080,7510451818,320000000000,-1,0
0.03326,0,0,INJECTING,920861984,920702048,7510451818,320000000000,-1,0
0.03328,0,0,INJECTING,921655000,921495064,7510451818,320000000000,-1,0
0.0333,0,0,INJECTING,922448968,922288080,7510451818,320000000000,-1,0
0.03332,0,0,INJECTING,923241984,923082048,7510451818,320000000000,-1,0
0.03334,0,0,INJECTING,924035000,923875064,7510451818,320000000000,-1,0
0.03336,0,0,INJECTING,924828968,924668080,7510451818,320000000000,-1,0
0.03338,0,0,INJECTING,925621984,925462048,7510451818,320000000000,-1,0
0.0334,0,0,INJECTING,926415000,926255064,7510451818,320000000000,-1,0
0.03342,0,0,INJECTING,927208968,927048080,7510451818,320000000000,-1,0
0.03344,0,0,INJECTING,928001984,927842048,7510451818,320000000000,-1,0
0.03346,0,0,INJECTING,928795000,928635064,7510451818,320000000000,-1,0
0.03348,0,0,INJECTING,929588968,929428080,7510451818,320000000000,-1,0
0.0335,0,0,INJECTING,930381984,930222048,7510451818,320000000000,-1,0
0.03352,0,0,INJECTING,931175000,931015064,7510451818,320000000000,-1,0
0.03354,0,0,INJECTING,931968968,931808080,7510451818,320000000000,-1,0
0.03356,0,0,INJECTING,932761984,932602048,7510451818,320000000000,-1,0
0.03358,0,0,INJECTING,933555000,933395064,7510451818,320000000000,-1,0
0.0336,0,0,INJECTING,934348968,934188080,7510451818,320000000000,-1,0
0.03362,0,0,INJECTING,935141984,934982048,7510451818,320000000000,-1,0
0.03364,0,0,INJECTING,935935000,935775064,7510451818,320000000000,-1,0
0.03366,0,0,INJECTING,936728968,936568080,7510451818,320000000000,-1,0
0.03368,0,0,INJECTING,937521984,937362048,7510451818,320000000000,-1,0
0.0337,0,0,INJECTING,938315000,938155064,7510451818,320000000000,-1,0
0.03372,0,0,INJECTING,939108968,938948080,7510451818,320000000000,-1,0
0.03374,0,0,INJECTING,939901984,939742048,7510451818,320000000000,-1,0
0.03376,0,0,INJECTING,940695000,940535064,7510451818,320000000000,-1,0
0.03378,0,0,INJECTING,941488968,941328080,7510451818,320000000000,-1,0
0.0338,0,0,INJECTING,942281984,942122048,7510451818,320000000000,-1,0
0.03382,0,0,INJECTING,943075000,942915064,7510451818,320000000000,-1,0
0.03384,0,0,INJECTING,943868968,943708080,7510451818,320000000000,-1,0
0.03386,0,0,INJECTING,944661984,944502048,7510451818,320000000000,-1,0
0.03388,0,0,INJECTING,945455000,945295064,7510451818,320000000000,-1,0
0.0339,0,0,INJECTING,946248968,946088080,7510451818,320000000000,-1,0
0.03392,0,0,INJECTING,947041984,946882048,7510451818,320000000000,-1,0
0.03394,0,0,INJECTING,947835000,947675064,7510451818,320000000000,-1,0
0.03396,0,0,INJECTING,948628968,948468080,7510451818,320000000000,-1,0
0.03398,0,0,INJECTING,949421984,949262048,7510451818,320000000000,-1,0
0.034,0,0,INJECTING,950215000,950055064,7510451818,320000000000,-1,0
0.03402,0,0,INJECTING,951008968,950848080,7510451818,320000000000,-1,0
0.03404,0,0,INJECTING,951801984,951642048,7510451818,320000000000,-1,0
0.03406,0,0,INJECTING,952595000,952435064,7510451818,320000000000,-1,0
0.03408,0,0,INJECTING,953388968,953228080,7510451818,320000000000,-1,0
0.0341,0,0,INJECTING,954181984,954022048,7510451818,320000000000,-1,0
0.03412,0,0,INJECTING,954975000,954815064,7510451818,320000000000,-1,0
0.03414,0,0,INJECTING,955768968,955608080,7510451818,320000000000,-1,0
0.03416,0,0,INJECTING,956561984,956402048,7510451818,320000000000,-1,0
0.03418,0,0,INJECTING,957355000,957195064,7510451818,320000000000,-1,0
0.0342,0,0,INJECTING,958148968,957988080,7510451818,320000000000,-1,0
0.03422,0,0,INJECTING,958941984,958782048,7510451818,320000000000,-1,0
0.03424,0,0,INJECTING,959735000,959575064,7510451818,320000000000,-1,0
0.03426,0,0,INJECTING,960528968,960368080,7510451818,320000000000,-1,0
0.03428,0,0,INJECTING,961321984,961162048,7510451818,320000000000,-1,0
0.0343,0,0,INJECTING,962115000,961955064,7510451818,320000000000,-1,0
0.03432,0,0,INJECTING,962908968,962748080,7510451818,320000000000,-1,0
0.03434,0,0,INJECTING,963701984,963542048,7510451818,320000000000,-1,0
0.03436,0,0,INJECTING,964495000,964335064,7510451818,320000000000,-1,0
0.03438,0,0,INJECTING,965288968,965128080,7510451818,320000000000,-1,0
0.0344,0,0,INJECTING,966081984,965922048,7510451818,320000000000,-1,0
0.03442,0,0,INJECTING,966875000,966715064,7510451818,320000000000,-1,0
0.03444,0,0,INJECTING,967668968,967508080,7510451818,320000000000,-1,0
0.03446,0,0,INJECTING,968461984,968302048,7510451818,320000000000,-1,0
0.03448,0,0,INJECTING,969255000,969095064,7510451818,320000000000,-1,0
0.0345,0,0,INJECTING,970048968,969888080,7510451818,320000000000,-1,0
0.03452,0,0,INJECTING,970841984,970682048,7510451818,320000000000,-1,0
0.03454,0,0,INJECTING,971635000,971475064,7510451818,320000000000,-1,0
0.03456,0,0,INJECTING,972428968,972268080,7510451818,320000000000,-1,0
0.03458,0,0,INJECTING,973221984,973062048,7510451818,320000000000,-1,0
0.0346,0,0,INJECTING,974015000,973855064,7510451818,320000000000,-1,0
0.03462,0,0,INJECTING,974808968,974648080,7510451818,320000000000,-1,0
0.03464,0,0,INJECTING,975601984,975442048,7510451818,320000000000,-1,0
0.03466,0,0,INJECTING,976395000,976235064,7510451818,320000000000,-1,0
0.03468,0,0,INJECTING,977188968,977028080,7510451818,320000000000,-1,0
0.0347,0,0,INJECTING,977981984,977822048,7510451818,320000000000,-1,0
0.03472,0,0,INJECTING,978775000,978615064,7510451818,320000000000,-1,0
0.03474,0,0,INJECTING,979568968,979408080,7510451818,320000000000,-1,0
0.03476,0,0,INJECTING,980361984,980202048,7510451818,320000000000,-1,0
0.03478,0,0,INJECTING,981155000,980995064,7510451818,320000000000,-1,0
0.0348,0,0,INJECTING,981948968,981788080,7510451818,320000000000,-1,0
0.03482,0,0,INJECTING,982741984,982582048,7510451818,320000000000,-1,0
0.03484,0,0,INJECTING,983535000,983375064,7510451818,320000000000,-1,0
0.03486,0,0,INJECTING,984328968,984168080,7510451818,320000000000,-1,0
0.03488,0,0,INJECTING,985121984,984962048,7510451818,320000000000,-1,0
0.0349,0,0,INJECTING,985915000,985755064,7510451818,320000000000,-1,0
0.03492,0,0,INJECTING,986708968,986548080,7510451818,320000000000,-1,0
0.03494,0,0,INJECTING,987501984,987342048,7510451818,320000000000,-1,0
0.03496,0,0,INJECTING,988295000,988135064,7510451818,320000000000,-1,0
0.03498,0,0,INJECTING,989088968,988928080,7510451818,320000000000,-1,0
0.035,0,0,INJECTING,989881984,989722048,7510451818,320000000000,-1,0
0.03502,0,0,INJECTING,990675000,990515064,7510451818,320000000000,-1,0
0.03504,0,0,INJECTING,991468968,991308080,7510451818,320000000000,-1,0
0.03506,0,0,INJECTING,992261984,992102048,7510451818,320000000000,-1,0
0.03508,0,0,INJECTING,993055000,992895064,7510451818,320000000000,-1,0
0.0351,0,0,INJECTING,993848968,993688080,7510451818,320000000000,-1,0
0.03512,0,0,INJECTING,994641984,994482048,7510451818,320000000000,-1,0
0.03514,0,0,INJECTING,995435000,995275064,7510451818,320000000000,-1,0
0.03516,0,0,INJECTING,996228968,996068080,7510451818,320000000000,-1,0
0.03518,0,0,INJECTING,997021984,996862048,7510451818,320000000000,-1,0
0.0352,0,0,INJECTING,997815000,997655064,7510451818,320000000000,-1,0
0.03522,0,0,INJECTING,998608968,998448080,7510451818,320000000000,-1,0
0.03524,0,0,INJECTING,999401984,999242048,7510451818,320000000000,-1,0
0.03526,0,0,INJECTING,1000195000,1000035064,7510451818,320000000000,-1,0
0.03528,0,0,INJECTING,1000988968,1000828080,7510451818,320000000000,-1,0
0.0353,0,0,INJECTING,1001781984,1001622048,7510451818,320000000000,-1,0
0.03532,0,0,INJECTING,1002575000,1002415064,7510451818,320000000000,-1,0
0.03534,0,0,INJECTING,1003368968,1003208080,7510451818,320000000000,-1,0
0.03536,0,0,INJECTING,1004161984,1004002048,7510451818,320000000000,-1,0
0.03538,0,0,INJECTING,1004955000,1004795064,7510451818,320000000000,-1,0
0.0354,0,0,INJECTING,1005748968,1005588080,7510451818,320000000000,-1,0
0.03542,0,0,INJECTING,1006541984,1006382048,7510451818,320000000000,-1,0
0.03544,0,0,INJECTING,1007335000,1007175064,7510451818,320000000000,-1,0
0.03546,0,0,INJECTING,1008128968,1007968080,7510451818,320000000000,-1,0
0.03548,0,0,INJECTING,1008921984,1008762048,7510451818,320000000000,-1,0
0.0355,0,0,INJECTING,1009715000,1009555064,7510451818,320000000000,-1,0
0.03552,0,0,INJECTING,1010508968,1010348080,7510451818,320000000000,-1,0
0.03554,0,0,INJECTING,1011301984,1011142048,7510451818,320000000000,-1,0
0.03556,0,0,INJECTING,1012095000,1011935064,7510451818,320000000000,-1,0
0.03558,0,0,INJECTING,1012888968,1012728080,7510451818,320000000000,-1,0
0.0356,0,0,INJECTING,1013681984,1013522048,7510451818,320000000000,-1,0
0.03562,0,0,INJECTING,1014475000,1014315064,7510451818,320000000000,-1,0
0.03564,0,0,INJECTING,1015268968,1015108080,7510451818,320000000000,-1,0
0.03566,0,0,INJECTING,1016061984,1015902048,7510451818,320000000000,-1,0
0.03568,0,0,INJECTING,1016855000,1016695064,7510451818,320000000000,-1,0
0.0357,0,0,INJECTING,1017648968,1017488080,7510451818,320000000000,-1,0
0.03572,0,0,INJECTING,1018441984,1018282048,7510451818,320000000000,-1,0
0.03574,0,0,INJECTING,1019235000,1019075064,7510451818,320000000000,-1,0
0.03576,0,0,INJECTING,1020028968,1019868080,7510451818,320000000000,-1,0
0.03578,0,0,INJECTING,1020821984,1020662048,7510451818,320000000000,-1,0
0.0358,0,0,INJECTING,1021615000,1021455064,7510451818,320000000000,-1,0
0.03582,0,0,INJECTING,1022408968,1022248080,7510451818,320000000000,-1,0
0.03584,0,0,INJECTING,1023201984,1023042048,7510451818,320000000000,-1,0
0.03586,0,0,INJECTING,1023995000,1023835064,7510451818,320000000000,-1,0
0.03588,0,0,INJECTING,1024788968,1024628080,7510451818,320000000000,-1,0
0.0359,0,0,INJECTING,1025581984,1025422048,7510451818,320000000000,-1,0
0.03592,0,0,INJECTING,1026375000,1026215064,7510451818,320000000000,-1,0
0.03594,0,0,INJECTING,1027168968,1027008080,7510451818,320000000000,-1,0
0.03596,0,0,INJECTING,1027961984,1027802048,7510451818,320000000000,-1,0
0.03598,0,0,INJECTING,1028755000,1028595064,7510451818,320000000000,-1,0
0.036,0,0,INJECTING,1029548968,1029388080,7510451818,320000000000,-1,0
0.03602,0,0,INJECTING,1030341984,1030182048,7510451818,320000000000,-1,0
0.03604,0,0,INJECTING,1031135000,1030975064,7510451818,320000000000,-1,0
0.03606,0,0,INJECTING,1031928968,1031768080,7510451818,320000000000,-1,0
0.03608,0,0,INJECTING,1032721984,1032562048,7510451818,320000000000,-1,0
0.0361,0,0,INJECTING,1033515000,1033355064,7510451818,320000000000,-1,0
0.03612,0,0,INJECTING,1034308968,1034148080,7510451818,320000000000,-1,0
0.03614,0,0,INJECTING,1035101984,1034942048,7510451818,320000000000,-1,0
0.03616,0,0,INJECTING,1035895000,1035735064,7510451818,320000000000,-1,0
0.03618,0,0,INJECTING,1036688968,1036528080,7510451818,320000000000,-1,0
0.0362,0,0,INJECTING,1037481984,1037322048,7510451818,320000000000,-1,0
0.03622,0,0,INJECTING,1038275000,1038115064,7510451818,320000000000,-1,0
0.03624,0,0,INJECTING,1039068968,1038908080,7510451818,320000000000,-1,0
0.03626,0,0,INJECTING,1039861984,1039702048,7510451818,320000000000,-1,0
0.03628,0,0,INJECTING,1040655000,1040495064,7510451818,320000000000,-1,0
0.0363,0,0,INJECTING,1041448968,1041288080,7510451818,320000000000,-1,0
0.03632,0,0,INJECTING,1042241984,1042082048,7510451818,320000000000,-1,0
0.03634,0,0,INJECTING,1043035000,1042875064,7510451818,320000000000,-1,0
0.03636,0,0,INJECTING,1043828968,1043668080,7510451818,320000000000,-1,0
0.03638,0,0,INJECTING,1044621984,1044462048,7510451818,320000000000,-1,0
0.0364,0,0,INJECTING,1045415000,1045255064,7510451818,320000000000,-1,0
0.03642,0,0,INJECTING,1046208968,1046048080,7510451818,320000000000,-1,0
0.03644,0,0,INJECTING,1047001984,1046842048,7510451818,320000000000,-1,0
0.03646,0,0,INJECTING,1047795000,1047635064,7510451818,320000000000,-1,0
0.03648,0,0,INJECTING,1048588968,1048428080,7510451818,320000000000,-1,0
0.0365,0,0,INJECTING,1049381984,1049222048,7510451818,320000000000,-1,0
0.03652,0,0,INJECTING,1050175000,1050015064,7510451818,320000000000,-1,0
0.03654,0,0,INJECTING,1050968968,1050808080,7510451818,320000000000,-1,0
0.03656,0,0,INJECTING,1051761984,1051602048,7510451818,320000000000,-1,0
0.03658,0,0,INJECTING,1052555000,1052395064,7510451818,320000000000,-1,0
0.0366,0,0,INJECTING,1053348968,1053188080,7510451818,320000000000,-1,0
0.03662,0,0,INJECTING,1054141984,1053982048,7510451818,320000000000,-1,0
0.03664,0,0,INJECTING,1054935000,1054775064,7510451818,320000000000,-1,0
0.03666,0,0,INJECTING,1055728968,1055568080,7510451818,320000000000,-1,0
0.03668,0,0,INJECTING,1056521984,1056362048,7510451818,320000000000,-1,0
0.0367,0,0,INJECTING,1057315000,1057155064,7510451818,320000000000,-1,0
0.03672,0,0,INJECTING,1058108968,1057948080,7510451818,320000000000,-1,0
0.03674,0,0,INJECTING,1058901984,1058742048,7510451818,320000000000,-1,0
0.03676,0,0,INJECTING,1059695000,1059535064,7510451818,320000000000,-1,0
0.03678,0,0,INJECTING,1060488968,1060328080,7510451818,320000000000,-1,0
0.0368,0,0,INJECTING,1061281984,1061122048,7510451818,320000000000,-1,0
0.03682,0,0,INJECTING,1062075000,1061915064,7510451818,320000000000,-1,0
0.03684,0,0,INJECTING,1062868968,1062708080,7510451818,320000000000,-1,0
0.03686,0,0,INJECTING,1063661984,1063502048,7510451818,320000000000,-1,0
0.03688,0,0,INJECTING,1064455000,1064295064,7510451818,320000000000,-1,0
0.0369,0,0,INJECTING,1065248968,1065088080,7510451818,320000000000,-1,0
0.03692,0,0,INJECTING,1066041984,1065882048,7510451818,320000000000,-1,0
0.03694,0,0,INJECTING,1066835000,1066675064,7510451818,320000000000,-1,0
0.03696,0,0,INJECTING,1067628968,1067468080,7510451818,320000000000,-1,0
0.03698,0,0,INJECTING,1068421984,1068262048,7510451818,320000000000,-1,0
0.037,0,0,INJECTING,1069215000,1069055064,7510451818,320000000000,-1,0
0.03702,0,0,INJECTING,1070008968,1069848080,7510451818,320000000000,-1,0
0.03704,0,0,INJECTING,1070801984,1070642048,7510451818,320000000000,-1,0
0.03706,0,0,INJECTING,1071595000,1071435064,7510451818,320000000000,-1,0
0.03708,0,0,INJECTING,1072388968,1072228080,7510451818,320000000000,-1,0
0.0371,0,0,INJECTING,1073181984,1073022048,7510451818,320000000000,-1,0
0.03712,0,0,INJECTING,1073975000,1073815064,7510451818,320000000000,-1,0
0.03714,0,0,INJECTING,1074768968,1074608080,7510451818,320000000000,-1,0
0.03716,0,0,INJECTING,1075561984,1075402048,7510451818,320000000000,-1,0
0.03718,0,0,INJECTING,1076355000,1076195064,7510451818,320000000000,-1,0
0.0372,0,0,INJECTING,1077148968,1076988080,7510451818,320000000000,-1,0
0.03722,0,0,INJECTING,1077941984,1077782048,7510451818,320000000000,-1,0
0.03724,0,0,INJECTING,1078735000,1078575064,7510451818,320000000000,-1,0
0.03726,0,0,INJECTING,1079528968,1079368080,7510451818,320000000000,-1,0
0.03728,0,0,INJECTING,1080321984,1080162048,7510451818,320000000000,-1,0
0.0373,0,0,INJECTING,1081115000,1080955064,7510451818,320000000000,-1,0
0.03732,0,0,INJECTING,1081908968,1081748080,7510451818,320000000000,-1,0
0.03734,0,0,INJECTING,1082701984,1082542048,7510451818,320000000000,-1,0
0.03736,0,0,INJECTING,1083495000,1083335064,7510451818,320000000000,-1,0
0.03738,0,0,INJECTING,1084288968,1084128080,7510451818,320000000000,-1,0
0.0374,0,0,INJECTING,1085081984,1084922048,7510451818,320000000000,-1,0
0.03742,0,0,INJECTING,1085875000,1085715064,7510451818,320000000000,-1,0
0.03744,0,0,INJECTING,1086668968,1086508080,7510451818,320000000000,-1,0
0.03746,0,0,INJECTING,1087461984,1087302048,7510451818,320000000000,-1,0
0.03748,0,0,INJECTING,1088255000,1088095064,7510451818,320000000000,-1,0
0.0375,0,0,INJECTING,1089048968,1088888080,7510451818,320000000000,-1,0
0.03752,0,0,INJECTING,1089841984,1089682048,7510451818,320000000000,-1,0
0.03754,0,0,INJECTING,1090635000,1090475064,7510451818,320000000000,-1,0
0.03756,0,0,INJECTING,1091428968,1091268080,7510451818,320000000000,-1,0
0.03758,0,0,INJECTING,1092221984,1092062048,7510451818,320000000000,-1,0
0.0376,0,0,INJECTING,1093015000,1092855064,7510451818,320000000000,-1,0
0.03762,0,0,INJECTING,1093808968,1093648080,7510451818,320000000000,-1,0
0.03764,0,0,INJECTING,1094601984,1094442048,7510451818,320000000000,-1,0
0.03766,0,0,INJECTING,1095395000,1095235064,7510451818,320000000000,-1,0
0.03768,0,0,INJECTING,1096188968,1096028080,7510451818,320000000000,-1,0
0.0377,0,0,INJECTING,1096981984,1096822048,7510451818,320000000000,-1,0
0.03772,0,0,INJECTING,1097775000,1097615064,7510451818,320000000000,-1,0
0.03774,0,0,INJECTING,1098568968,1098408080,7510451818,320000000000,-1,0
0.03776,0,0,INJECTING,1099361984,1099202048,7510451818,320000000000,-1,0
0.03778,0,0,INJECTING,1100155000,1099995064,7510451818,320000000000,-1,0
0.0378,0,0,INJECTING,1100948968,1100788080,7510451818,320000000000,-1,0
0.03782,0,0,INJECTING,1101741984,1101582048,7510451818,320000000000,-1,0
0.03784,0,0,INJECTING,1102535000,1102375064,7510451818,320000000000,-1,0
0.03786,0,0,INJECTING,1103328968,1103168080,7510451818,320000000000,-1,0
0.03788,0,0,INJECTING,1104121984,1103962048,7510451818,320000000000,-1,0
0.0379,0,0,INJECTING,1104915000,1104755064,7510451818,320000000000,-1,0
0.03792,0,0,INJECTING,1105708968,1105548080,7510451818,320000000000,-1,0
0.03794,0,0,INJECTING,1106501984,1106342048,7510451818,320000000000,-1,0
0.03796,0,0,INJECTING,1107295000,1107135064,7510451818,320000000000,-1,0
0.03798,0,0,INJECTING,1108088968,1107928080,7510451818,320000000000,-1,0
0.038,0,0,INJECTING,1108881984,1108722048,7510451818,320000000000,-1,0
0.03802,0,0,INJECTING,1109675000,1109515064,7510451818,320000000000,-1,0
0.03804,0,0,INJECTING,1110468968,1110308080,7510451818,320000000000,-1,0
0.03806,0,0,INJECTING,1111261984,1111102048,7510451818,320000000000,-1,0
0.03808,0,0,INJECTING,1112055000,1111895064,7510451818,320000000000,-1,0
0.0381,0,0,INJECTING,1112848968,1112688080,7510451818,320000000000,-1,0
0.03812,0,0,INJECTING,1113641984,1113482048,7510451818,320000000000,-1,0
0.03814,0,0,INJECTING,1114435000,1114275064,7510451818,320000000000,-1,0
0.03816,0,0,INJECTING,1115228968,1115068080,7510451818,320000000000,-1,0
0.03818,0,0,INJECTING,1116021984,1115862048,7510451818,320000000000,-1,0
0.0382,0,0,INJECTING,1116815000,1116655064,7510451818,320000000000,-1,0
0.03822,0,0,INJECTING,1117608968,1117448080,7510451818,320000000000,-1,0
0.03824,0,0,INJECTING,1118401984,1118242048,7510451818,320000000000,-1,0
0.03826,0,0,INJECTING,1119195000,1119035064,7510451818,320000000000,-1,0
0.03828,0,0,INJECTING,1119988968,1119828080,7510451818,320000000000,-1,0
0.0383,0,0,INJECTING,1120781984,1120622048,7510451818,320000000000,-1,0
0.03832,0,0,INJECTING,1121575000,1121415064,7510451818,320000000000,-1,0
0.03834,0,0,INJECTING,1122368968,1122208080,7510451818,320000000000,-1,0
0.03836,0,0,INJECTING,1123161984,1123002048,7510451818,320000000000,-1,0
0.03838,0,0,INJECTING,1123955000,1123795064,7510451818,320000000000,-1,0
0.0384,0,0,INJECTING,1124748968,1124588080,7510451818,320000000000,-1,0
0.03842,0,0,INJECTING,1125541984,1125382048,7510451818,320000000000,-1,0
0.03844,0,0,INJECTING,1126335000,1126175064,7510451818,320000000000,-1,0
0.03846,0,0,INJECTING,1127128968,1126968080,7510451818,320000000000,-1,0
0.03848,0,0,INJECTING,1127921984,1127762048,7510451818,320000000000,-1,0
0.0385,0,0,INJECTING,1128715000,1128555064,7510451818,320000000000,-1,0
0.03852,0,0,INJECTING,1129508968,1129348080,7510451818,320000000000,-1,0
0.03854,0,0,INJECTING,1130301984,1130142048,7510451818,320000000000,-1,0
0.03856,0,0,INJECTING,1131095000,1130935064,7510451818,320000000000,-1,0
0.03858,0,0,INJECTING,1131888968,1131728080,7510451818,320000000000,-1,0
0.0386,0,0,INJECTING,1132681984,1132522048,7510451818,320000000000,-1,0
0.03862,0,0,INJECTING,1133475000,1133315064,7510451818,320000000000,-1,0
0.03864,0,0,INJECTING,1134268968,1134108080,7510451818,320000000000,-1,0
0.03866,0,0,INJECTING,1135061984,1134902048,7510451818,320000000000,-1,0
0.03868,0,0,INJECTING,1135855000,1135695064,7510451818,320000000000,-1,0
0.0387,0,0,INJECTING,1136648968,1136488080,7510451818,320000000000,-1,0
0.03872,0,0,INJECTING,1137441984,1137282048,7510451818,320000000000,-1,0
0.03874,0,0,INJECTING,1138235000,1138075064,7510451818,320000000000,-1,0
0.03876,0,0,INJECTING,1139028968,1138868080,7510451818,320000000000,-1,0
0.03878,0,0,INJECTING,1139821984,1139662048,7510451818,320000000000,-1,0
0.0388,0,0,INJECTING,1140615000,1140455064,7510451818,320000000000,-1,0
0.03882,0,0,INJECTING,1141408968,1141248080,7510451818,320000000000,-1,0
0.03884,0,0,INJECTING,1142201984,1142042048,7510451818,320000000000,-1,0
0.03886,0,0,INJECTING,1142995000,1142835064,7510451818,320000000000,-1,0
0.03888,0,0,INJECTING,1143788968,1143628080,7510451818,320000000000,-1,0
0.0389,0,0,INJECTING,1144581984,1144422048,7510451818,320000000000,-1,0
0.03892,0,0,INJECTING,1145375000,1145215064,7510451818,320000000000,-1,0
0.03894,0,0,INJECTING,1146168968,1146008080,7510451818,320000000000,-1,0
0.03896,0,0,INJECTING,1146961984,1146802048,7510451818,320000000000,-1,0
0.03898,0,0,INJECTING,1147755000,1147595064,7510451818,320000000000,-1,0
0.039,0,0,INJECTING,1148548968,1148388080,7510451818,320000000000,-1,0
0.03902,0,0,INJECTING,1149341984,1149182048,7510451818,320000000000,-1,0
0.03904,0,0,INJECTING,1150135000,1149975064,7510451818,320000000000,-1,0
0.03906,0,0,INJECTING,1150928968,1150768080,7510451818,320000000000,-1,0
0.03908,0,0,INJECTING,1151721984,1151562048,7510451818,320000000000,-1,0
0.0391,0,0,INJECTING,1152515000,1152355064,7510451818,320000000000,-1,0
0.03912,0,0,INJECTING,1153308968,1153148080,7510451818,320000000000,-1,0
0.03914,0,0,INJECTING,1154101984,1153942048,7510451818,320000000000,-1,0
0.03916,0,0,INJECTING,1154895000,1154735064,7510451818,320000000000,-1,0
0.03918,0,0,INJECTING,1155688968,1155528080,7510451818,320000000000,-1,0
0.0392,0,0,INJECTING,1156481984,1156322048,7510451818,320000000000,-1,0
0.03922,0,0,INJECTING,1157275000,1157115064,7510451818,320000000000,-1,0
0.03924,0,0,INJECTING,1158068968,1157908080,7510451818,320000000000,-1,0
0.03926,0,0,INJECTING,1158861984,1158702048,7510451818,320000000000,-1,0
0.03928,0,0,INJECTING,1159655000,1159495064,7510451818,320000000000,-1,0
0.0393,0,0,INJECTING,1160448968,1160288080,7510451818,320000000000,-1,0
0.03932,0,0,INJECTING,1161241984,1161082048,7510451818,320000000000,-1,0
0.03934,0,0,INJECTING,1162035000,1161875064,7510451818,320000000000,-1,0
0.03936,0,0,INJECTING,1162828968,1162668080,7510451818,320000000000,-1,0
0.03938,0,0,INJECTING,1163621984,1163462048,7510451818,320000000000,-1,0
0.0394,0,0,INJECTING,1164415000,1164255064,7510451818,320000000000,-1,0
0.03942,0,0,INJECTING,1165208968,1165048080,7510451818,320000000000,-1,0
0.03944,0,0,INJECTING,1166001984,1165842048,7510451818,320000000000,-1,0
0.03946,0,0,INJECTING,1166795000,1166635064,7510451818,320000000000,-1,0
0.03948,0,0,INJECTING,1167588968,1167428080,7510451818,320000000000,-1,0
0.0395,0,0,INJECTING,1168381984,1168222048,7510451818,320000000000,-1,0
0.03952,0,0,INJECTING,1169175000,1169015064,7510451818,320000000000,-1,0
0.03954,0,0,INJECTING,1169968968,1169808080,7510451818,320000000000,-1,0
0.03956,0,0,INJECTING,1170761984,1170602048,7510451818,320000000000,-1,0
0.03958,0,0,INJECTING,1171555000,1171395064,7510451818,320000000000,-1,0
0.0396,0,0,INJECTING,1172348968,1172188080,7510451818,320000000000,-1,0
0.03962,0,0,INJECTING,1173141984,1172982048,7510451818,320000000000,-1,0
0.03964,0,0,INJECTING,1173935000,1173775064,7510451818,320000000000,-1,0
0.03966,0,0,INJECTING,1174728968,1174568080,7510451818,320000000000,-1,0
0.03968,0,0,INJECTING,1175521984,1175362048,7510451818,320000000000,-1,0
0.0397,0,0,INJECTING,1176315000,1176155064,7510451818,320000000000,-1,0
0.03972,0,0,INJECTING,1177108968,1176948080,7510451818,320000000000,-1,0
0.03974,0,0,INJECTING,1177901984,1177742048,7510451818,320000000000,-1,0
0.03976,0,0,INJECTING,1178695000,1178535064,7510451818,320000000000,-1,0
0.03978,0,0,INJECTING,1179488968,1179328080,7510451818,320000000000,-1,0
0.0398,0,0,INJECTING,1180281984,1180122048,7510451818,320000000000,-1,0
0.03982,0,0,INJECTING,1181075000,1180915064,7510451818,320000000000,-1,0
0.03984,0,0,INJECTING,1181868968,1181708080,7510451818,320000000000,-1,0
0.03986,0,0,INJECTING,1182661984,1182502048,7510451818,320000000000,-1,0
0.03988,0,0,INJECTING,1183455000,1183295064,7510451818,320000000000,-1,0
0.0399,0,0,INJECTING,1184248968,1184088080,7510451818,320000000000,-1,0
0.03992,0,0,INJECTING,1185041984,1184882048,7510451818,320000000000,-1,0
0.03994,0,0,INJECTING,1185835000,1185675064,7510451818,320000000000,-1,0
0.03996,0,0,INJECTING,1186628968,1186468080,7510451818,320000000000,-1,0
0.03998,0,0,INJECTING,1187421984,1187262048,7510451818,320000000000,-1,0
0.04,0,0,INJECTING,1188215000,1188055064,7510451818,320000000000,-1,0
0.04002,0,0,INJECTING,1189008968,1188848080,7510451818,320000000000,-1,0
0.04004,0,0,INJECTING,1189801984,1189642048,7510451818,320000000000,-1,0
0.04006,0,0,INJECTING,1190595000,1190435064,7510451818,320000000000,-1,0
0.04008,0,0,INJECTING,1191388968,1191228080,7510451818,320000000000,-1,0
0.0401,0,0,INJECTING,1192181984,1192022048,7510451818,320000000000,-1,0
0.04012,0,0,INJECTING,1192975000,1192815064,7510451818,320000000000,-1,0
0.04014,0,0,INJECTING,1193768968,1193608080,7510451818,320000000000,-1,0
0.04016,0,0,INJECTING,1194561984,1194402048,7510451818,320000000000,-1,0
0.04018,0,0,INJECTING,1195355000,1195195064,7510451818,320000000000,-1,0
0.0402,0,0,INJECTING,1196148968,1195988080,7510451818,320000000000,-1,0
0.04022,0,0,INJECTING,1196941984,1196782048,7510451818,320000000000,-1,0
0.04024,0,0,INJECTING,1197735000,1197575064,7510451818,320000000000,-1,0
0.04026,0,0,INJECTING,1198528968,1198368080,7510451818,320000000000,-1,0
0.04028,0,0,INJECTING,1199321984,1199162048,7510451818,320000000000,-1,0
0.0403,0,0,INJECTING,1200115000,1199955064,7510451818,320000000000,-1,0
0.04032,0,0,INJECTING,1200908968,1200748080,7510451818,320000000000,-1,0
0.04034,0,0,INJECTING,1201701984,1201542048,7510451818,320000000000,-1,0
0.04036,0,0,INJECTING,1202495000,1202335064,7510451818,320000000000,-1,0
0.04038,0,0,INJECTING,1203288968,1203128080,7510451818,320000000000,-1,0
0.0404,0,0,INJECTING,1204081984,1203922048,7510451818,320000000000,-1,0
0.04042,0,0,INJECTING,1204875000,1204715064,7510451818,320000000000,-1,0
0.04044,0,0,INJECTING,1205668968,1205508080,7510451818,320000000000,-1,0
0.04046,0,0,INJECTING,1206461984,1206302048,7510451818,320000000000,-1,0
0.04048,0,0,INJECTING,1207255000,1207095064,7510451818,320000000000,-1,0
0.0405,0,0,INJECTING,1208048968,1207888080,7510451818,320000000000,-1,0
0.04052,0,0,INJECTING,1208841984,1208682048,7510451818,320000000000,-1,0
0.04054,0,0,INJECTING,1209635000,1209475064,7510451818,320000000000,-1,0
0.04056,0,0,INJECTING,1210428968,1210268080,7510451818,320000000000,-1,0
0.04058,0,0,INJECTING,1211221984,1211062048,7510451818,320000000000,-1,0
0.0406,0,0,INJECTING,1212015000,1211855064,7510451818,320000000000,-1,0
0.04062,0,0,INJECTING,1212808968,1212648080,7510451818,320000000000,-1,0
0.04064,0,0,INJECTING,1213601984,1213442048,7510451818,320000000000,-1,0
0.04066,0,0,INJECTING,1214395000,1214235064,7510451818,320000000000,-1,0
0.04068,0,0,INJECTING,1215188968,1215028080,7510451818,320000000000,-1,0
0.0407,0,0,INJECTING,1215981984,1215822048,7510451818,320000000000,-1,0
0.04072,0,0,INJECTING,1216775000,1216615064,7510451818,320000000000,-1,0
0.04074,0,0,INJECTING,1217568968,1217408080,7510451818,320000000000,-1,0
0.04076,0,0,INJECTING,1218361984,1218202048,7510451818,320000000000,-1,0
0.04078,0,0,INJECTING,1219155000,1218995064,7510451818,320000000000,-1,0
0.0408,0,0,INJECTING,1219948968,1219788080,7510451818,320000000000,-1,0
0.04082,0,0,INJECTING,1220741984,1220582048,7510451818,320000000000,-1,0
0.04084,0,0,INJECTING,1221535000,1221375064,7510451818,320000000000,-1,0
0.04086,0,0,INJECTING,1222328968,1222168080,7510451818,320000000000,-1,0
0.04088,0,0,INJECTING,1223121984,1222962048,7510451818,320000000000,-1,0
0.0409,0,0,INJECTING,1223915000,1223755064,7510451818,320000000000,-1,0
0.04092,0,0,INJECTING,1224708968,1224548080,7510451818,320000000000,-1,0
0.04094,0,0,INJECTING,1225501984,1225342048,7510451818,320000000000,-1,0
0.04096,0,0,INJECTING,1226295000,1226135064,7510451818,320000000000,-1,0
0.04098,0,0,INJECTING,1227088968,1226928080,7510451818,320000000000,-1,0
0.041,0,0,INJECTING,1227881984,1227722048,7510451818,320000000000,-1,0
0.04102,0,0,INJECTING,1228675000,1228515064,7510451818,320000000000,-1,0
0.04104,0,0,INJECTING,1229468968,1229308080,7510451818,320000000000,-1,0
0.04106,0,0,INJECTING,1230261984,1230102048,7510451818,320000000000,-1,0
0.04108,0,0,INJECTING,1231055000,1230895064,7510451818,320000000000,-1,0
0.0411,0,0,INJECTING,1231848968,1231688080,7510451818,320000000000,-1,0
0.04112,0,0,INJECTING,1232641984,1232482048,7510451818,320000000000,-1,0
0.04114,0,0,INJECTING,1233435000,1233275064,7510451818,320000000000,-1,0
0.04116,0,0,INJECTING,1234228968,1234068080,7510451818,320000000000,-1,0
0.04118,0,0,INJECTING,1235021984,1234862048,7510451818,320000000000,-1,0
0.0412,0,0,INJECTING,1235815000,1235655064,7510451818,320000000000,-1,0
0.04122,0,0,INJECTING,1236608968,1236448080,7510451818,320000000000,-1,0
0.04124,0,0,INJECTING,1237401984,1237242048,7510451818,320000000000,-1,0
0.04126,0,0,INJECTING,1238195000,1238035064,7510451818,320000000000,-1,0
0.04128,0,0,INJECTING,1238988968,1238828080,7510451818,320000000000,-1,0
0.0413,0,0,INJECTING,1239781984,1239622048,7510451818,320000000000,-1,0
0.04132,0,0,INJECTING,1240575000,1240415064,7510451818,320000000000,-1,0
0.04134,0,0,INJECTING,1241368968,1241208080,7510451818,320000000000,-1,0
0.04136,0,0,INJECTING,1242161984,1242002048,7510451818,320000000000,-1,0
0.04138,0,0,INJECTING,1242955000,1242795064,7510451818,320000000000,-1,0
0.0414,0,0,INJECTING,1243748968,1243588080,7510451818,320000000000,-1,0
0.04142,0,0,INJECTING,1244541984,1244382048,7510451818,320000000000,-1,0
0.04144,0,0,INJECTING,1245335000,1245175064,7510451818,320000000000,-1,0
0.04146,0,0,INJECTING,1246128968,1245968080,7510451818,320000000000,-1,0
0.04148,0,0,INJECTING,1246921984,1246762048,7510451818,320000000000,-1,0
0.0415,0,0,INJECTING,1247715000,1247555064,7510451818,320000000000,-1,0
0.04152,0,0,INJECTING,1248508968,1248348080,7510451818,320000000000,-1,0
0.04154,0,0,INJECTING,1249301984,1249142048,7510451818,320000000000,-1,0
0.04156,0,0,INJECTING,1250095000,1249935064,7510451818,320000000000,-1,0
0.04158,0,0,INJECTING,1250888968,1250728080,7510451818,320000000000,-1,0
0.0416,0,0,INJECTING,1251681984,1251522048,7510451818,320000000000,-1,0
0.04162,0,0,INJECTING,1252475000,1252315064,7510451818,320000000000,-1,0
0.04164,0,0,INJECTING,1253268968,1253108080,7510451818,320000000000,-1,0
0.04166,0,0,INJECTING,1254061984,1253902048,7510451818,320000000000,-1,0
0.04168,0,0,INJECTING,1254855000,1254695064,7510451818,320000000000,-1,0
0.0417,0,0,INJECTING,1255648968,1255488080,7510451818,320000000000,-1,0
0.04172,0,0,INJECTING,1256441984,1256282048,7510451818,320000000000,-1,0
0.04174,0,0,INJECTING,1257235000,1257075064,7510451818,320000000000,-1,0
0.04176,0,0,INJECTING,1258028968,1257868080,7510451818,320000000000,-1,0
0.04178,0,0,INJECTING,1258821984,1258662048,7510451818,320000000000,-1,0
0.0418,0,0,INJECTING,1259615000,1259455064,7510451818,320000000000,-1,0
0.04182,0,0,INJECTING,1260408968,1260248080,7510451818,320000000000,-1,0
0.04184,0,0,INJECTING,1261201984,1261042048,7510451818,320000000000,-1,0
0.04186,0,0,INJECTING,1261995000,1261835064,7510451818,320000000000,-1,0
0.04188,0,0,INJECTING,1262788968,1262628080,7510451818,320000000000,-1,0
0.0419,0,0,INJECTING,1263581984,1263422048,7510451818,320000000000,-1,0
0.04192,0,0,INJECTING,1264375000,1264215064,7510451818,320000000000,-1,0
0.04194,0,0,INJECTING,1265168968,1265008080,7510451818,320000000000,-1,0
0.04196,0,0,INJECTING,1265961984,1265802048,7510451818,320000000000,-1,0
0.04198,0,0,INJECTING,1266755000,1266595064,7510451818,320000000000,-1,0
0.042,0,0,INJECTING,1267548968,1267388080,7510451818,320000000000,-1,0
0.04202,0,0,INJECTING,1268341984,1268182048,7510451818,320000000000,-1,0
0.04204,0,0,INJECTING,1269135000,1268975064,7510451818,320000000000,-1,0
0.04206,0,0,INJECTING,1269928968,1269768080,7510451818,320000000000,-1,0
0.04208,0,0,INJECTING,1270721984,1270562048,7510451818,320000000000,-1,0
0.0421,0,0,INJECTING,1271515000,1271355064,7510451818,320000000000,-1,0
0.04212,0,0,INJECTING,1272308968,1272148080,7510451818,320000000000,-1,0
0.04214,0,0,INJECTING,1273101984,1272942048,7510451818,320000000000,-1,0
0.04216,0,0,INJECTING,1273895000,1273735064,7510451818,320000000000,-1,0
0.04218,0,0,INJECTING,1274688968,1274528080,7510451818,320000000000,-1,0
0.0422,0,0,INJECTING,1275481984,1275322048,7510451818,320000000000,-1,0
0.04222,0,0,INJECTING,1276275000,1276115064,7510451818,320000000000,-1,0
0.04224,0,0,INJECTING,1277068968,1276908080,7510451818,320000000000,-1,0
0.04226,0,0,INJECTING,1277861984,1277702048,7510451818,320000000000,-1,0
0.04228,0,0,INJECTING,1278655000,1278495064,7510451818,320000000000,-1,0
0.0423,0,0,INJECTING,1279448968,1279288080,7510451818,320000000000,-1,0
0.04232,0,0,INJECTING,1280241984,1280082048,7510451818,320000000000,-1,0
0.04234,0,0,INJECTING,1281035000,1280875064,7510451818,320000000000,-1,0
0.04236,0,0,INJECTING,1281828968,1281668080,7510451818,320000000000,-1,0
0.04238,0,0,INJECTING,1282621984,1282462048,7510451818,320000000000,-1,0
0.0424,0,0,INJECTING,1283415000,1283255064,7510451818,320000000000,-1,0
0.04242,0,0,INJECTING,1284208968,1284048080,7510451818,320000000000,-1,0
0.04244,0,0,INJECTING,1285001984,1284842048,7510451818,320000000000,-1,0
0.04246,0,0,INJECTING,1285795000,1285635064,7510451818,320000000000,-1,0
0.04248,0,0,INJECTING,1286588968,1286428080,7510451818,320000000000,-1,0
0.0425,0,0,INJECTING,1287381984,1287222048,7510451818,320000000000,-1,0
0.04252,0,0,INJECTING,1288175000,1288015064,7510451818,320000000000,-1,0
0.04254,0,0,INJECTING,1288968968,1288808080,7510451818,320000000000,-1,0
0.04256,0,0,INJECTING,1289761984,1289602048,7510451818,320000000000,-1,0
0.04258,0,0,INJECTING,1290555000,1290395064,7510451818,320000000000,-1,0
0.0426,0,0,INJECTING,1291348968,1291188080,7510451818,320000000000,-1,0
0.04262,0,0,INJECTING,1292141984,1291982048,7510451818,320000000000,-1,0
0.04264,0,0,INJECTING,1292935000,1292775064,7510451818,320000000000,-1,0
0.04266,0,0,INJECTING,1293728968,1293568080,7510451818,320000000000,-1,0
0.04268,0,0,INJECTING,1294521984,1294362048,7510451818,320000000000,-1,0
0.0427,0,0,INJECTING,1295315000,1295155064,7510451818,320000000000,-1,0
0.04272,0,0,INJECTING,1296108968,1295948080,7510451818,320000000000,-1,0
0.04274,0,0,INJECTING,1296901984,1296742048,7510451818,320000000000,-1,0
0.04276,0,0,INJECTING,1297695000,1297535064,7510451818,320000000000,-1,0
0.04278,0,0,INJECTING,1298488968,1298328080,7510451818,320000000000,-1,0
0.0428,0,0,INJECTING,1299281984,1299122048,7510451818,320000000000,-1,0
0.04282,0,0,INJECTING,1300075000,1299915064,7510451818,320000000000,-1,0
0.04284,0,0,INJECTING,1300868968,1300708080,7510451818,320000000000,-1,0
0.04286,0,0,INJECTING,1301661984,1301502048,7510451818,320000000000,-1,0
0.04288,0,0,INJECTING,1302455000,1302295064,7510451818,320000000000,-1,0
0.0429,0,0,INJECTING,1303248968,1303088080,7510451818,320000000000,-1,0
0.04292,0,0,INJECTING,1304041984,1303882048,7510451818,320000000000,-1,0
0.04294,0,0,INJECTING,1304835000,1304675064,7510451818,320000000000,-1,0
0.04296,0,0,INJECTING,1305628968,1305468080,7510451818,320000000000,-1,0
0.04298,0,0,INJECTING,1306421984,1306262048,7510451818,320000000000,-1,0
0.043,0,0,INJECTING,1307215000,1307055064,7510451818,320000000000,-1,0
0.04302,0,0,INJECTING,1308008968,1307848080,7510451818,320000000000,-1,0
0.04304,0,0,INJECTING,1308801984,1308642048,7510451818,320000000000,-1,0
0.04306,0,0,INJECTING,1309595000,1309435064,7510451818,320000000000,-1,0
0.04308,0,0,INJECTING,1310388968,1310228080,7510451818,320000000000,-1,0
0.0431,0,0,INJECTING,1311181984,1311022048,7510451818,320000000000,-1,0
0.04312,0,0,INJECTING,1311975000,1311815064,7510451818,320000000000,-1,0
0.04314,0,0,INJECTING,1312768968,1312608080,7510451818,320000000000,-1,0
0.04316,0,0,INJECTING,1313561984,1313402048,7510451818,320000000000,-1,0
0.04318,0,0,INJECTING,1314355000,1314195064,7510451818,320000000000,-1,0
0.0432,0,0,INJECTING,1315148968,1314988080,7510451818,320000000000,-1,0
0.04322,0,0,INJECTING,1315941984,1315782048,7510451818,320000000000,-1,0
0.04324,0,0,INJECTING,1316735000,1316575064,7510451818,320000000000,-1,0
0.04326,0,0,INJECTING,1317528968,1317368080,7510451818,320000000000,-1,0
0.04328,0,0,INJECTING,1318321984,1318162048,7510451818,320000000000,-1,0
0.0433,0,0,INJECTING,1319115000,1318955064,7510451818,320000000000,-1,0
0.04332,0,0,INJECTING,1319908968,1319748080,7510451818,320000000000,-1,0
0.04334,0,0,INJECTING,1320701984,1320542048,7510451818,320000000000,-1,0
0.04336,0,0,INJECTING,1321495000,1321335064,7510451818,320000000000,-1,0
0.04338,0,0,INJECTING,1322288968,1322128080,7510451818,320000000000,-1,0
0.0434,0,0,INJECTING,1323081984,1322922048,7510451818,320000000000,-1,0
0.04342,0,0,INJECTING,1323875000,1323715064,7510451818,320000000000,-1,0
0.04344,0,0,INJECTING,1324668968,1324508080,7510451818,320000000000,-1,0
0.04346,0,0,INJECTING,1325461984,1325302048,7510451818,320000000000,-1,0
0.04348,0,0,INJECTING,1326255000,1326095064,7510451818,320000000000,-1,0
0.0435,0,0,INJECTING,1327048968,1326888080,7510451818,320000000000,-1,0
0.04352,0,0,INJECTING,1327841984,1327682048,7510451818,320000000000,-1,0
0.04354,0,0,INJECTING,1328635000,1328475064,7510451818,320000000000,-1,0
0.04356,0,0,INJECTING,1329428968,1329268080,7510451818,320000000000,-1,0
0.04358,0,0,INJECTING,1330221984,1330062048,7510451818,320000000000,-1,0
0.0436,0,0,INJECTING,1331015000,1330855064,7510451818,320000000000,-1,0
0.04362,0,0,INJECTING,1331808968,1331648080,7510451818,320000000000,-1,0
0.04364,0,0,INJECTING,1332601984,1332442048,7510451818,320000000000,-1,0
0.04366,0,0,INJECTING,1333395000,1333235064,7510451818,320000000000,-1,0
0.04368,0,0,INJECTING,1334188968,1334028080,7510451818,320000000000,-1,0
0.0437,0,0,INJECTING,1334981984,1334822048,7510451818,320000000000,-1,0
0.04372,0,0,INJECTING,1335775000,1335615064,7510451818,320000000000,-1,0
0.04374,0,0,INJECTING,1336568968,1336408080,7510451818,320000000000,-1,0
0.04376,0,0,INJECTING,1337361984,1337202048,7510451818,320000000000,-1,0
0.04378,0,0,INJECTING,1338155000,1337995064,7510451818,320000000000,-1,0
0.0438,0,0,INJECTING,1338948968,1338788080,7510451818,320000000000,-1,0
0.04382,0,0,INJECTING,1339741984,1339582048,7510451818,320000000000,-1,0
0.04384,0,0,INJECTING,1340535000,1340375064,7510451818,320000000000,-1,0
0.04386,0,0,INJECTING,1341328968,1341168080,7510451818,320000000000,-1,0
0.04388,0,0,INJECTING,1342121984,1341962048,7510451818,320000000000,-1,0
0.0439,0,0,INJECTING,1342915000,1342755064,7510451818,320000000000,-1,0
0.04392,0,0,INJECTING,1343708968,1343548080,7510451818,320000000000,-1,0
0.04394,0,0,INJECTING,1344501984,1344342048,7510451818,320000000000,-1,0
0.04396,0,0,INJECTING,1345295000,1345135064,7510451818,320000000000,-1,0
0.04398,0,0,INJECTING,1346088968,1345928080,7510451818,320000000000,-1,0
0.044,0,0,INJECTING,1346881984,1346722048,7510451818,320000000000,-1,0
0.04402,0,0,INJECTING,1347675000,1347515064,7510451818,320000000000,-1,0
0.04404,0,0,INJECTING,1348468968,1348308080,7510451818,320000000000,-1,0
0.04406,0,0,INJECTING,1349261984,1349102048,7510451818,320000000000,-1,0
0.04408,0,0,INJECTING,1350055000,1349895064,7510451818,320000000000,-1,0
0.0441,0,0,INJECTING,1350848968,1350688080,7510451818,320000000000,-1,0
0.04412,0,0,INJECTING,1351641984,1351482048,7510451818,320000000000,-1,0
0.04414,0,0,INJECTING,1352435000,1352275064,7510451818,320000000000,-1,0
0.04416,0,0,INJECTING,1353228968,1353068080,7510451818,320000000000,-1,0
0.04418,0,0,INJECTING,1354021984,1353862048,7510451818,320000000000,-1,0
0.0442,0,0,INJECTING,1354815000,1354655064,7510451818,320000000000,-1,0
0.04422,0,0,INJECTING,1355608968,1355448080,7510451818,320000000000,-1,0
0.04424,0,0,INJECTING,1356401984,1356242048,7510451818,320000000000,-1,0
0.04426,0,0,INJECTING,1357195000,1357035064,7510451818,320000000000,-1,0
0.04428,0,0,INJECTING,1357988968,1357828080,7510451818,320000000000,-1,0
0.0443,0,0,INJECTING,1358781984,1358622048,7510451818,320000000000,-1,0
0.04432,0,0,INJECTING,1359575000,1359415064,7510451818,320000000000,-1,0
0.04434,0,0,INJECTING,1360368968,1360208080,7510451818,320000000000,-1,0
0.04436,0,0,INJECTING,1361161984,1361002048,7510451818,320000000000,-1,0
0.04438,0,0,INJECTING,1361955000,1361795064,7510451818,320000000000,-1,0
0.0444,0,0,INJECTING,1362748968,1362588080,7510451818,320000000000,-1,0
0.04442,0,0,INJECTING,1363541984,1363382048,7510451818,320000000000,-1,0
0.04444,0,0,INJECTING,1364335000,1364175064,7510451818,320000000000,-1,0
0.04446,0,0,INJECTING,1365128968,1364968080,7510451818,320000000000,-1,0
0.04448,0,0,INJECTING,1365921984,1365762048,7510451818,320000000000,-1,0
0.0445,0,0,INJECTING,1366715000,1366555064,7510451818,320000000000,-1,0
0.04452,0,0,INJECTING,1367508968,1367348080,7510451818,320000000000,-1,0
0.04454,0,0,INJECTING,1368301984,1368142048,7510451818,320000000000,-1,0
0.04456,0,0,INJECTING,1369095000,1368935064,7510451818,320000000000,-1,0
0.04458,0,0,INJECTING,1369888968,1369728080,7510451818,320000000000,-1,0
0.0446,0,0,INJECTING,1370681984,1370522048,7510451818,320000000000,-1,0
0.04462,0,0,INJECTING,1371475000,1371315064,7510451818,320000000000,-1,0
0.04464,0,0,INJECTING,1372268968,1372108080,7510451818,320000000000,-1,0
0.04466,0,0,INJECTING,1373061984,1372902048,7510451818,320000000000,-1,0
0.04468,0,0,INJECTING,1373855000,1373695064,7510451818,320000000000,-1,0
0.0447,0,0,INJECTING,1374648968,1374488080,7510451818,320000000000,-1,0
0.04472,0,0,INJECTING,1375441984,1375282048,7510451818,320000000000,-1,0
0.04474,0,0,INJECTING,1376235000,1376075064,7510451818,320000000000,-1,0
0.04476,0,0,INJECTING,1377028968,1376868080,7510451818,320000000000,-1,0
0.04478,0,0,INJECTING,1377821984,1377662048,7510451818,320000000000,-1,0
0.0448,0,0,INJECTING,1378615000,1378455064,7510451818,320000000000,-1,0
0.04482,0,0,INJECTING,1379408968,1379248080,7510451818,320000000000,-1,0
0.04484,0,0,INJECTING,1380201984,1380042048,7510451818,320000000000,-1,0
0.04486,0,0,INJECTING,1380995000,1380835064,7510451818,320000000000,-1,0
0.04488,0,0,INJECTING,1381788968,1381628080,7510451818,320000000000,-1,0
0.0449,0,0,INJECTING,1382581984,1382422048,7510451818,320000000000,-1,0
0.04492,0,0,INJECTING,1383375000,1383215064,7510451818,320000000000,-1,0
0.04494,0,0,INJECTING,1384168968,1384008080,7510451818,320000000000,-1,0
0.04496,0,0,INJECTING,1384961984,1384802048,7510451818,320000000000,-1,0
0.04498,0,0,INJECTING,1385755000,1385595064,7510451818,320000000000,-1,0
0.045,0,0,INJECTING,1386548968,1386388080,7510451818,320000000000,-1,0
0.04502,0,0,INJECTING,1387341984,1387182048,7510451818,320000000000,-1,0
0.04504,0,0,INJECTING,1388135000,1387975064,7510451818,320000000000,-1,0
0.04506,0,0,INJECTING,1388928968,1388768080,7510451818,320000000000,-1,0
0.04508,0,0,INJECTING,1389721984,1389562048,7510451818,320000000000,-1,0
0.0451,0,0,INJECTING,1390515000,1390355064,7510451818,320000000000,-1,0
0.04512,0,0,INJECTING,1391308968,1391148080,7510451818,320000000000,-1,0
0.04514,0,0,INJECTING,1392101984,1391942048,7510451818,320000000000,-1,0
0.04516,0,0,INJECTING,1392895000,1392735064,7510451818,320000000000,-1,0
0.04518,0,0,INJECTING,1393688968,1393528080,7510451818,320000000000,-1,0
0.0452,0,0,INJECTING,1394481984,1394322048,7510451818,320000000000,-1,0
0.04522,0,0,INJECTING,1395275000,1395115064,7510451818,320000000000,-1,0
0.04524,0,0,INJECTING,1396068968,1395908080,7510451818,320000000000,-1,0
0.04526,0,0,INJECTING,1396861984,1396702048,7510451818,320000000000,-1,0
0.04528,0,0,INJECTING,1397655000,1397495064,7510451818,320000000000,-1,0
0.0453,0,0,INJECTING,1398448968,1398288080,7510451818,320000000000,-1,0
0.04532,0,0,INJECTING,1399241984,1399082048,7510451818,320000000000,-1,0
0.04534,0,0,INJECTING,1400035000,1399875064,7510451818,320000000000,-1,0
0.04536,0,0,INJECTING,1400828968,1400668080,7510451818,320000000000,-1,0
0.04538,0,0,INJECTING,1401621984,1401462048,7510451818,320000000000,-1,0
0.0454,0,0,INJECTING,1402415000,1402255064,7510451818,320000000000,-1,0
0.04542,0,0,INJECTING,1403208968,1403048080,7510451818,320000000000,-1,0
0.04544,0,0,INJECTING,1404001984,1403842048,7510451818,320000000000,-1,0
0.04546,0,0,INJECTING,1404795000,1404635064,7510451818,320000000000,-1,0
0.04548,0,0,INJECTING,1405588968,1405428080,7510451818,320000000000,-1,0
0.0455,0,0,INJECTING,1406381984,1406222048,7510451818,320000000000,-1,0
0.04552,0,0,INJECTING,1407175000,1407015064,7510451818,320000000000,-1,0
0.04554,0,0,INJECTING,1407968968,1407808080,7510451818,320000000000,-1,0
0.04556,0,0,INJECTING,1408761984,1408602048,7510451818,320000000000,-1,0
0.04558,0,0,INJECTING,1409555000,1409395064,7510451818,320000000000,-1,0
0.0456,0,0,INJECTING,1410348968,1410188080,7510451818,320000000000,-1,0
0.04562,0,0,INJECTING,1411141984,1410982048,7510451818,320000000000,-1,0
0.04564,0,0,INJECTING,1411935000,1411775064,7510451818,320000000000,-1,0
0.04566,0,0,INJECTING,1412728968,1412568080,7510451818,320000000000,-1,0
0.04568,0,0,INJECTING,1413521984,1413362048,7510451818,320000000000,-1,0
0.0457,0,0,INJECTING,1414315000,1414155064,7510451818,320000000000,-1,0
0.04572,0,0,INJECTING,1415108968,1414948080,7510451818,320000000000,-1,0
0.04574,0,0,INJECTING,1415901984,1415742048,7510451818,320000000000,-1,0
0.04576,0,0,INJECTING,1416695000,1416535064,7510451818,320000000000,-1,0
0.04578,0,0,INJECTING,1417488968,1417328080,7510451818,320000000000,-1,0
0.0458,0,0,INJECTING,1418281984,1418122048,7510451818,320000000000,-1,0
0.04582,0,0,INJECTING,1419075000,1418915064,7510451818,320000000000,-1,0
0.04584,0,0,INJECTING,1419868968,1419708080,7510451818,320000000000,-1,0
0.04586,0,0,INJECTING,1420661984,1420502048,7510451818,320000000000,-1,0
0.04588,0,0,INJECTING,1421455000,1421295064,7510451818,320000000000,-1,0
0.0459,0,0,INJECTING,1422248968,1422088080,7510451818,320000000000,-1,0
0.04592,0,0,INJECTING,1423041984,1422882048,7510451818,320000000000,-1,0
0.04594,0,0,INJECTING,1423835000,1423675064,7510451818,320000000000,-1,0
0.04596,0,0,INJECTING,1424628968,1424468080,7510451818,320000000000,-1,0
0.04598,0,0,INJECTING,1425421984,1425262048,7510451818,320000000000,-1,0
0.046,0,0,INJECTING,1426215000,1426055064,7510451818,320000000000,-1,0
0.04602,0,0,INJECTING,1427008968,1426848080,7510451818,320000000000,-1,0
0.04604,0,0,INJECTING,1427801984,1427642048,7510451818,320000000000,-1,0
0.04606,0,0,INJECTING,1428595000,1428435064,7510451818,320000000000,-1,0
0.04608,0,0,INJECTING,1429388968,1429228080,7510451818,320000000000,-1,0
0.0461,0,0,INJECTING,1430181984,1430022048,7510451818,320000000000,-1,0
0.04612,0,0,INJECTING,1430975000,1430815064,7510451818,320000000000,-1,0
0.04614,0,0,INJECTING,1431768968,1431608080,7510451818,320000000000,-1,0
0.04616,0,0,INJECTING,1432561984,1432402048,7510451818,320000000000,-1,0
0.04618,0,0,INJECTING,1433355000,1433195064,7510451818,320000000000,-1,0
0.0462,0,0,INJECTING,1434148968,1433988080,7510451818,320000000000,-1,0
0.04622,0,0,INJECTING,1434941984,1434782048,7510451818,320000000000,-1,0
0.04624,0,0,INJECTING,1435735000,1435575064,7510451818,320000000000,-1,0
0.04626,0,0,INJECTING,1436528968,1436368080,7510451818,320000000000,-1,0
0.04628,0,0,INJECTING,1437321984,1437162048,7510451818,320000000000,-1,0
0.0463,0,0,INJECTING,1438115000,1437955064,7510451818,320000000000,-1,0
0.04632,0,0,INJECTING,1438908968,1438748080,7510451818,320000000000,-1,0
0.04634,0,0,INJECTING,1439701984,1439542048,7510451818,320000000000,-1,0
0.04636,0,0,INJECTING,1440495000,1440335064,7510451818,320000000000,-1,0
0.04638,0,0,INJECTING,1441288968,1441128080,7510451818,320000000000,-1,0
0.0464,0,0,INJECTING,1442081984,1441922048,7510451818,320000000000,-1,0
0.04642,0,0,INJECTING,1442875000,1442715064,7510451818,320000000000,-1,0
0.04644,0,0,INJECTING,1443668968,1443508080,7510451818,320000000000,-1,0
0.04646,0,0,INJECTING,1444461984,1444302048,7510451818,320000000000,-1,0
0.04648,0,0,INJECTING,1445255000,1445095064,7510451818,320000000000,-1,0
0.0465,0,0,INJECTING,1446048968,1445888080,7510451818,320000000000,-1,0
0.04652,0,0,INJECTING,1446841984,1446682048,7510451818,320000000000,-1,0
0.04654,0,0,INJECTING,1447635000,1447475064,7510451818,320000000000,-1,0
0.04656,0,0,INJECTING,1448428968,1448268080,7510451818,320000000000,-1,0
0.04658,0,0,INJECTING,1449221984,1449062048,7510451818,320000000000,-1,0
0.0466,0,0,INJECTING,1450015000,1449855064,7510451818,320000000000,-1,0
0.04662,0,0,INJECTING,1450808968,1450648080,7510451818,320000000000,-1,0
0.04664,0,0,INJECTING,1451601984,1451442048,7510451818,320000000000,-1,0
0.04666,0,0,INJECTING,1452395000,1452235064,7510451818,320000000000,-1,0
0.04668,0,0,INJECTING,1453188968,1453028080,7510451818,320000000000,-1,0
0.0467,0,0,INJECTING,1453981984,1453822048,7510451818,320000000000,-1,0
0.04672,0,0,INJECTING,1454775000,1454615064,7510451818,320000000000,-1,0
0.04674,0,0,INJECTING,1455568968,1455408080,7510451818,320000000000,-1,0
0.04676,0,0,INJECTING,1456361984,1456202048,7510451818,320000000000,-1,0
0.04678,0,0,INJECTING,1457155000,1456995064,7510451818,320000000000,-1,0
0.0468,0,0,INJECTING,1457948968,1457788080,7510451818,320000000000,-1,0
0.04682,0,0,INJECTING,1458741984,1458582048,7510451818,320000000000,-1,0
0.04684,0,0,INJECTING,1459535000,1459375064,7510451818,320000000000,-1,0
0.04686,0,0,INJECTING,1460328968,1460168080,7510451818,320000000000,-1,0
0.04688,0,0,INJECTING,1461121984,1460962048,7510451818,320000000000,-1,0
0.0469,0,0,INJECTING,1461915000,1461755064,7510451818,320000000000,-1,0
0.04692,0,0,INJECTING,1462708968,1462548080,7510451818,320000000000,-1,0
0.04694,0,0,INJECTING,1463501984,1463342048,7510451818,320000000000,-1,0
0.04696,0,0,INJECTING,1464295000,1464135064,7510451818,320000000000,-1,0
0.04698,0,0,INJECTING,1465088968,1464928080,7510451818,320000000000,-1,0
0.047,0,0,INJECTING,1465881984,1465722048,7510451818,320000000000,-1,0
0.04702,0,0,INJECTING,1466675000,1466515064,7510451818,320000000000,-1,0
0.04704,0,0,INJECTING,1467468968,1467308080,7510451818,320000000000,-1,0
0.04706,0,0,INJECTING,1468261984,1468102048,7510451818,320000000000,-1,0
0.04708,0,0,INJECTING,1469055000,1468895064,7510451818,320000000000,-1,0
0.0471,0,0,INJECTING,1469848968,1469688080,7510451818,320000000000,-1,0
0.04712,0,0,INJECTING,1470641984,1470482048,7510451818,320000000000,-1,0
0.04714,0,0,INJECTING,1471435000,1471275064,7510451818,320000000000,-1,0
0.04716,0,0,INJECTING,1472228968,1472068080,7510451818,320000000000,-1,0
0.04718,0,0,INJECTING,1473021984,1472862048,7510451818,320000000000,-1,0
0.0472,0,0,INJECTING,1473815000,1473655064,7510451818,320000000000,-1,0
0.04722,0,0,INJECTING,1474608968,1474448080,7510451818,320000000000,-1,0
0.04724,0,0,INJECTING,1475401984,1475242048,7510451818,320000000000,-1,0
0.04726,0,0,INJECTING,1476195000,1476035064,7510451818,320000000000,-1,0
0.04728,0,0,INJECTING,1476988968,1476828080,7510451818,320000000000,-1,0
0.0473,0,0,INJECTING,1477781984,1477622048,7510451818,320000000000,-1,0
0.04732,0,0,INJECTING,1478575000,1478415064,7510451818,320000000000,-1,0
0.04734,0,0,INJECTING,1479368968,1479208080,7510451818,320000000000,-1,0
0.04736,0,0,INJECTING,1480161984,1480002048,7510451818,320000000000,-1,0
0.04738,0,0,INJECTING,1480955000,1480795064,7510451818,320000000000,-1,0
0.0474,0,0,INJECTING,1481748968,1481588080,7510451818,320000000000,-1,0
0.04742,0,0,INJECTING,1482541984,1482382048,7510451818,320000000000,-1,0
0.04744,0,0,INJECTING,1483335000,1483175064,7510451818,320000000000,-1,0
0.04746,0,0,INJECTING,1484128968,1483968080,7510451818,320000000000,-1,0
0.04748,0,0,INJECTING,1484921984,1484762048,7510451818,320000000000,-1,0
0.0475,0,0,INJECTING,1485715000,1485555064,7510451818,320000000000,-1,0
0.04752,0,0,INJECTING,1486508968,1486348080,7510451818,320000000000,-1,0
0.04754,0,0,INJECTING,1487301984,1487142048,7510451818,320000000000,-1,0
0.04756,0,0,INJECTING,1488095000,1487935064,7510451818,320000000000,-1,0
0.04758,0,0,INJECTING,1488888968,1488728080,7510451818,320000000000,-1,0
0.0476,0,0,INJECTING,1489681984,1489522048,7510451818,320000000000,-1,0
0.04762,0,0,INJECTING,1490475000,1490315064,7510451818,320000000000,-1,0
0.04764,0,0,INJECTING,1491268968,1491108080,7510451818,320000000000,-1,0
0.04766,0,0,INJECTING,1492061984,1491902048,7510451818,320000000000,-1,0
0.04768,0,0,INJECTING,1492855000,1492695064,7510451818,320000000000,-1,0
0.0477,0,0,INJECTING,1493648968,1493488080,7510451818,320000000000,-1,0
0.04772,0,0,INJECTING,1494441984,1494282048,7510451818,320000000000,-1,0
0.04774,0,0,INJECTING,1495235000,1495075064,7510451818,320000000000,-1,0
0.04776,0,0,INJECTING,1496028968,1495868080,7510451818,320000000000,-1,0
0.04778,0,0,INJECTING,1496821984,1496662048,7510451818,320000000000,-1,0
0.0478,0,0,INJECTING,1497615000,1497455064,7510451818,320000000000,-1,0
0.04782,0,0,INJECTING,1498408968,1498248080,7510451818,320000000000,-1,0
0.04784,0,0,INJECTING,1499201984,1499042048,7510451818,320000000000,-1,0
0.04786,0,0,INJECTING,1499995000,1499835064,7510451818,320000000000,-1,0
0.04788,0,0,INJECTING,1500788968,1500628080,7510451818,320000000000,-1,0
0.0479,0,0,INJECTING,1501581984,1501422048,7510451818,320000000000,-1,0
0.04792,0,0,INJECTING,1502375000,1502215064,7510451818,320000000000,-1,0
0.04794,0,0,INJECTING,1503168968,1503008080,7510451818,320000000000,-1,0
0.04796,0,0,INJECTING,1503961984,1503802048,7510451818,320000000000,-1,0
0.04798,0,0,INJECTING,1504755000,1504595064,7510451818,320000000000,-1,0
0.048,0,0,INJECTING,1505548968,1505388080,7510451818,320000000000,-1,0
0.04802,0,0,INJECTING,1506341984,1506182048,7510451818,320000000000,-1,0
0.04804,0,0,INJECTING,1507135000,1506975064,7510451818,320000000000,-1,0
0.04806,0,0,INJECTING,1507928968,1507768080,7510451818,320000000000,-1,0
0.04808,0,0,INJECTING,1508721984,1508562048,7510451818,320000000000,-1,0
0.0481,0,0,INJECTING,1509515000,1509355064,7510451818,320000000000,-1,0
0.04812,0,0,INJECTING,1510308968,1510148080,7510451818,320000000000,-1,0
0.04814,0,0,INJECTING,1511101984,1510942048,7510451818,320000000000,-1,0
0.04816,0,0,INJECTING,1511895000,1511735064,7510451818,320000000000,-1,0
0.04818,0,0,INJECTING,1512688968,1512528080,7510451818,320000000000,-1,0
0.0482,0,0,INJECTING,1513481984,1513322048,7510451818,320000000000,-1,0
0.04822,0,0,INJECTING,1514275000,1514115064,7510451818,320000000000,-1,0
0.04824,0,0,INJECTING,1515068968,1514908080,7510451818,320000000000,-1,0
0.04826,0,0,INJECTING,1515861984,1515702048,7510451818,320000000000,-1,0
0.04828,0,0,INJECTING,1516655000,1516495064,7510451818,320000000000,-1,0
0.0483,0,0,INJECTING,1517448968,1517288080,7510451818,320000000000,-1,0
0.04832,0,0,INJECTING,1518241984,1518082048,7510451818,320000000000,-1,0
0.04834,0,0,INJECTING,1519035000,1518875064,7510451818,320000000000,-1,0
0.04836,0,0,INJECTING,1519828968,1519668080,7510451818,320000000000,-1,0
0.04838,0,0,INJECTING,1520621984,1520462048,7510451818,320000000000,-1,0
0.0484,0,0,INJECTING,1521415000,1521255064,7510451818,320000000000,-1,0
0.04842,0,0,INJECTING,1522208968,1522048080,7510451818,320000000000,-1,0
0.04844,0,0,INJECTING,1523001984,1522842048,7510451818,320000000000,-1,0
0.04846,0,0,INJECTING,1523795000,1523635064,7510451818,320000000000,-1,0
0.04848,0,0,INJECTING,1524588968,1524428080,7510451818,320000000000,-1,0
0.0485,0,0,INJECTING,1525381984,1525222048,7510451818,320000000000,-1,0
0.04852,0,0,INJECTING,1526175000,1526015064,7510451818,320000000000,-1,0
0.04854,0,0,INJECTING,1526968968,1526808080,7510451818,320000000000,-1,0
0.04856,0,0,INJECTING,1527761984,1527602048,7510451818,320000000000,-1,0
0.04858,0,0,INJECTING,1528555000,1528395064,7510451818,320000000000,-1,0
0.0486,0,0,INJECTING,1529348968,1529188080,7510451818,320000000000,-1,0
0.04862,0,0,INJECTING,1530141984,1529982048,7510451818,320000000000,-1,0
0.04864,0,0,INJECTING,1530935000,1530775064,7510451818,320000000000,-1,0
0.04866,0,0,INJECTING,1531728968,1531568080,7510451818,320000000000,-1,0
0.04868,0,0,INJECTING,1532521984,1532362048,7510451818,320000000000,-1,0
0.0487,0,0,INJECTING,1533315000,1533155064,7510451818,320000000000,-1,0
0.04872,0,0,INJECTING,1534108968,1533948080,7510451818,320000000000,-1,0
0.04874,0,0,INJECTING,1534901984,1534742048,7510451818,320000000000,-1,0
0.04876,0,0,INJECTING,1535695000,1535535064,7510451818,320000000000,-1,0
0.04878,0,0,INJECTING,1536488968,1536328080,7510451818,320000000000,-1,0
0.0488,0,0,INJECTING,1537281984,1537122048,7510451818,320000000000,-1,0
0.04882,0,0,INJECTING,1538075000,1537915064,7510451818,320000000000,-1,0
0.04884,0,0,INJECTING,1538868968,1538708080,7510451818,320000000000,-1,0
0.04886,0,0,INJECTING,1539661984,1539502048,7510451818,320000000000,-1,0
0.04888,0,0,INJECTING,1540455000,1540295064,7510451818,320000000000,-1,0
0.0489,0,0,INJECTING,1541248968,1541088080,7510451818,320000000000,-1,0
0.04892,0,0,INJECTING,1542041984,1541882048,7510451818,320000000000,-1,0
0.04894,0,0,INJECTING,1542835000,1542675064,7510451818,320000000000,-1,0
0.04896,0,0,INJECTING,1543628968,1543468080,7510451818,320000000000,-1,0
0.04898,0,0,INJECTING,1544421984,1544262048,7510451818,320000000000,-1,0
0.049,0,0,INJECTING,1545215000,1545055064,7510451818,320000000000,-1,0
0.04902,0,0,INJECTING,1546008968,1545848080,7510451818,320000000000,-1,0
0.04904,0,0,INJECTING,1546801984,1546642048,7510451818,320000000000,-1,0
0.04906,0,0,INJECTING,1547595000,1547435064,7510451818,320000000000,-1,0
0.04908,0,0,INJECTING,1548388968,1548228080,7510451818,320000000000,-1,0
0.0491,0,0,INJECTING,1549181984,1549022048,7510451818,320000000000,-1,0
0.04912,0,0,INJECTING,1549975000,1549815064,7510451818,320000000000,-1,0
0.04914,0,0,INJECTING,1550768968,1550608080,7510451818,320000000000,-1,0
0.04916,0,0,INJECTING,1551561984,1551402048,7510451818,320000000000,-1,0
0.04918,0,0,INJECTING,1552355000,1552195064,7510451818,320000000000,-1,0
0.0492,0,0,INJECTING,1553148968,1552988080,7510451818,320000000000,-1,0
0.04922,0,0,INJECTING,1553941984,1553782048,7510451818,320000000000,-1,0
0.04924,0,0,INJECTING,1554735000,1554575064,7510451818,320000000000,-1,0
0.04926,0,0,INJECTING,1555528968,1555368080,7510451818,320000000000,-1,0
0.04928,0,0,INJECTING,1556321984,1556162048,7510451818,320000000000,-1,0
0.0493,0,0,INJECTING,1557115000,1556955064,7510451818,320000000000,-1,0
0.04932,0,0,INJECTING,1557908968,1557748080,7510451818,320000000000,-1,0
0.04934,0,0,INJECTING,1558701984,1558542048,7510451818,320000000000,-1,0
0.04936,0,0,INJECTING,1559495000,1559335064,7510451818,320000000000,-1,0
0.04938,0,0,INJECTING,1560288968,1560128080,7510451818,320000000000,-1,0
0.0494,0,0,INJECTING,1561081984,1560922048,7510451818,320000000000,-1,0
0.04942,0,0,INJECTING,1561875000,1561715064,7510451818,320000000000,-1,0
0.04944,0,0,INJECTING,1562668968,1562508080,7510451818,320000000000,-1,0
0.04946,0,0,INJECTING,1563461984,1563302048,7510451818,320000000000,-1,0
0.04948,0,0,INJECTING,1564255000,1564095064,7510451818,320000000000,-1,0
0.0495,0,0,INJECTING,1565048968,1564888080,7510451818,320000000000,-1,0
0.04952,0,0,INJECTING,1565841984,1565682048,7510451818,320000000000,-1,0
0.04954,0,0,INJECTING,1566635000,1566475064,7510451818,320000000000,-1,0
0.04956,0,0,INJECTING,1567428968,1567268080,7510451818,320000000000,-1,0
0.04958,0,0,INJECTING,1568221984,1568062048,7510451818,320000000000,-1,0
0.0496,0,0,INJECTING,1569015000,1568855064,7510451818,320000000000,-1,0
0.04962,0,0,INJECTING,1569808968,1569648080,7510451818,320000000000,-1,0
0.04964,0,0,INJECTING,1570601984,1570442048,7510451818,320000000000,-1,0
0.04966,0,0,INJECTING,1571395000,1571235064,7510451818,320000000000,-1,0
0.04968,0,0,INJECTING,1572188968,1572028080,7510451818,320000000000,-1,0
0.0497,0,0,INJECTING,1572981984,1572822048,7510451818,320000000000,-1,0
0.04972,0,0,INJECTING,1573775000,1573615064,7510451818,320000000000,-1,0
0.04974,0,0,INJECTING,1574568968,1574408080,7510451818,320000000000,-1,0
0.04976,0,0,INJECTING,1575361984,1575202048,7510451818,320000000000,-1,0
0.04978,0,0,INJECTING,1576155000,1575995064,7510451818,320000000000,-1,0
0.0498,0,0,INJECTING,1576948968,1576788080,7510451818,320000000000,-1,0
0.04982,0,0,INJECTING,1577741984,1577582048,7510451818,320000000000,-1,0
0.04984,0,0,INJECTING,1578535000,1578375064,7510451818,320000000000,-1,0
0.04986,0,0,INJECTING,1579328968,1579168080,7510451818,320000000000,-1,0
0.04988,0,0,INJECTING,1580121984,1579962048,7510451818,320000000000,-1,0
0.0499,0,0,INJECTING,1580915000,1580755064,7510451818,320000000000,-1,0
0.04992,0,0,INJECTING,1581708968,1581548080,7510451818,320000000000,-1,0
0.04994,0,0,INJECTING,1582501984,1582342048,7510451818,320000000000,-1,0
0.04996,0,0,INJECTING,1583295000,1583135064,7510451818,320000000000,-1,0
0.04998,0,0,INJECTING,1584088968,1583928080,7510451818,320000000000,-1,0
0.05,0,0,INJECTING,1584881984,1584722048,7510451818,320000000000,-1,0
0.05,1,-1,WAIT_RELEASE,0,0,0,0,-1,0
0.05,2,-1,WAIT_RELEASE,0,0,0,0,-1,0
0.05,3,-1,WAIT_RELEASE,0,0,0,0,-1,0
0.05002,0,0,INJECTING,1585675000,1585515064,7510451818,320000000000,-1,0
0.05002,1,-1,WAIT_RELEASE,0,0,0,400000000000,-1,0
0.05002,2,-1,WAIT_RELEASE,0,0,0,400000000000,-1,0
0.05002,3,-1,WAIT_RELEASE,0,0,0,400000000000,-1,0
0.05004,0,0,INJECTING,1586468968,1586308080,7510451818,320000000000,-1,0
0.05004,1,-1,WAIT_RELEASE,0,0,0,400000000000,-1,0
0.05004,2,-1,WAIT_RELEASE,0,0,0,400000000000,-1,0
0.05004,3,-1,WAIT_RELEASE,0,0,0,400000000000,-1,0
0.05006,0,0,INJECTING,1587261984,1587102048,7510451818,320000000000,-1,0
0.05006,1,-1,WAIT_RELEASE,0,0,0,400000000000,-1,0
0.05006,2,-1,WAIT_RELEASE,0,0,0,400000000000,-1,0
0.05006,3,-1,WAIT_RELEASE,0,0,0,400000000000,-1,0
0.05008,0,0,INJECTING,1588055000,1587895064,7510451818,320000000000,-1,0
0.05008,1,-1,WAIT_RELEASE,0,0,0,400000000000,-1,0
0.05008,2,-1,WAIT_RELEASE,0,0,0,400000000000,-1,0
0.05008,3,-1,WAIT_RELEASE,0,0,0,400000000000,-1,0
0.0501,0,0,INJECTING,1588848968,1588688080,7510451818,320000000000,-1,0
0.0501,1,-1,WAIT_RELEASE,0,0,0,400000000000,-1,0
0.0501,2,-1,WAIT_RELEASE,0,0,0,400000000000,-1,0
0.0501,3,-1,WAIT_RELEASE,0,0,0,400000000000,-1,0
0.05012,0,0,INJECTING,1589641984,1589482048,7510451818,320000000000,-1,0
0.05012,1,-1,WAIT_RELEASE,0,0,0,400000000000,-1,0
0.05012,2,-1,WAIT_RELEASE,0,0,0,400000000000,-1,0
0.05012,3,-1,WAIT_RELEASE,0,0,0,400000000000,-1,0
0.05014,0,0,INJECTING,1590435000,1590275064,7510451818,320000000000,-1,0
0.05014,1,-1,WAIT_RELEASE,0,0,0,400000000000,-1,0
0.05014,2,-1,WAIT_RELEASE,0,0,0,400000000000,-1,0
0.05014,3,-1,WAIT_RELEASE,0,0,0,400000000000,-1,0
0.05016,0,0,INJECTING,1591228968,1591068080,7510451818,320000000000,-1,0
0.05016,1,-1,WAIT_RELEASE,0,0,0,400000000000,-1,0
0.05016,2,-1,WAIT_RELEASE,0,0,0,400000000000,-1,0
0.05016,3,-1,WAIT_RELEASE,0,0,0,400000000000,-1,0
0.05018,0,0,INJECTING,1592021984,1591862048,7510451818,320000000000,-1,0
0.05018,1,-1,WAIT_RELEASE,0,0,0,400000000000,-1,0
0.05018,2,-1,WAIT_RELEASE,0,0,0,400000000000,-1,0
0.05018,3,-1,WAIT_RELEASE,0,0,0,400000000000,-1,0
0.0502,0,0,INJECTING,1592815000,1592655064,7510451818,320000000000,-1,0
0.0502,1,-1,WAIT_RELEASE,0,0,0,400000000000,-1,0
0.0502,2,-1,WAIT_RELEASE,0,0,0,400000000000,-1,0
0.0502,3,-1,WAIT_RELEASE,0,0,0,400000000000,-1,0
0.05022,0,0,INJECTING,1593608968,1593448080,7510451818,320000000000,-1,0
0.05022,1,-1,WAIT_RELEASE,0,0,0,400000000000,-1,0
0.05022,2,-1,WAIT_RELEASE,0,0,0,400000000000,-1,0
0.05022,3,-1,WAIT_RELEASE,0,0,0,400000000000,-1,0
0.05024,0,0,INJECTING,1594401984,1594242048,7510451818,320000000000,-1,0
0.05024,1,-1,WAIT_RELEASE,0,0,0,400000000000,-1,0
0.05024,2,-1,WAIT_RELEASE,0,0,0,400000000000,-1,0
0.05024,3,-1,WAIT_RELEASE,0,0,0,400000000000,-1,0
0.05026,0,0,INJECTING,1595195000,1595035064,7510451818,320000000000,-1,0
0.05026,1,-1,WAIT_RELEASE,0,0,0,400000000000,-1,0
0.05026,2,-1,WAIT_RELEASE,0,0,0,400000000000,-1,0
0.05026,3,-1,WAIT_RELEASE,0,0,0,400000000000,-1,0
0.05028,0,0,INJECTING,1595988968,1595828080,7510451818,320000000000,-1,0
0.05028,1,-1,WAIT_RELEASE,0,0,0,400000000000,-1,0
0.05028,2,-1,WAIT_RELEASE,0,0,0,400000000000,-1,0
0.05028,3,-1,WAIT_RELEASE,0,0,0,400000000000,-1,0
0.0503,0,0,INJECTING,1596781984,1596622048,7510451818,320000000000,-1,0
0.0503,1,-1,WAIT_RELEASE,0,0,0,400000000000,-1,0
0.0503,2,-1,WAIT_RELEASE,0,0,0,400000000000,-1,0
0.0503,3,-1,WAIT_RELEASE,0,0,0,400000000000,-1,0
0.05032,0,0,INJECTING,1597575000,1597415064,7510451818,320000000000,-1,0
0.05032,1,-1,WAIT_RELEASE,0,0,0,400000000000,-1,0
0.05032,2,-1,WAIT_RELEASE,0,0,0,400000000000,-1,0
0.05032,3,-1,WAIT_RELEASE,0,0,0,400000000000,-1,0
0.05034,0,0,INJECTING,1598368968,1598208080,7510451818,320000000000,-1,0
0.05034,1,-1,WAIT_RELEASE,0,0,0,400000000000,-1,0
0.05034,2,-1,WAIT_RELEASE,0,0,0,400000000000,-1,0
0.05034,3,-1,WAIT_RELEASE,0,0,0,400000000000,-1,0
0.05036,0,0,INJECTING,1599161984,1599002048,7510451818,320000000000,-1,0
0.05036,1,-1,WAIT_RELEASE,0,0,0,400000000000,-1,0
0.05036,2,-1,WAIT_RELEASE,0,0,0,400000000000,-1,0
0.05036,3,-1,WAIT_RELEASE,0,0,0,400000000000,-1,0
0.05038,0,0,INJECTING,1599955000,1599795064,7510451818,320000000000,-1,0
0.05038,1,-1,WAIT_RELEASE,0,0,0,400000000000,-1,0
0.05038,2,-1,WAIT_RELEASE,0,0,0,400000000000,-1,0
0.05038,3,-1,WAIT_RELEASE,0,0,0,400000000000,-1,0
0.0504,0,0,INJECTING,1600748968,1600588080,7510451818,320000000000,-1,0
0.0504,1,-1,WAIT_RELEASE,0,0,0,400000000000,-1,0
0.0504,2,-1,WAIT_RELEASE,0,0,0,400000000000,-1,0
0.0504,3,-1,WAIT_RELEASE,0,0,0,400000000000,-1,0
0.05042,0,0,INJECTING,1601541984,1601382048,7510451818,320000000000,-1,0
0.05042,1,-1,WAIT_RELEASE,0,0,0,400000000000,-1,0
0.05042,2,-1,WAIT_RELEASE,0,0,0,400000000000,-1,0
0.05042,3,-1,WAIT_RELEASE,0,0,0,400000000000,-1,0
0.05044,0,0,INJECTING,1602335000,1602175064,7510451818,320000000000,-1,0
0.05044,1,-1,WAIT_RELEASE,0,0,0,400000000000,-1,0
0.05044,2,-1,WAIT_RELEASE,0,0,0,400000000000,-1,0
0.05044,3,-1,WAIT_RELEASE,0,0,0,400000000000,-1,0
0.05046,0,0,INJECTING,1603128968,1602968080,7510451818,320000000000,-1,0
0.05046,1,-1,WAIT_RELEASE,0,0,0,400000000000,-1,0
0.05046,2,-1,WAIT_RELEASE,0,0,0,400000000000,-1,0
0.05046,3,-1,WAIT_RELEASE,0,0,0,400000000000,-1,0
0.05048,0,0,INJECTING,1603921984,1603762048,7510451818,320000000000,-1,0
0.05048,1,-1,WAIT_RELEASE,0,0,0,400000000000,-1,0
0.05048,2,-1,WAIT_RELEASE,0,0,0,400000000000,-1,0
0.05048,3,-1,WAIT_RELEASE,0,0,0,400000000000,-1,0
0.0505,0,0,INJECTING,1604715000,1604555064,7510451818,320000000000,-1,0
0.0505,1,-1,WAIT_RELEASE,0,0,0,400000000000,-1,0
0.0505,2,-1,WAIT_RELEASE,0,0,0,400000000000,-1,0
0.0505,3,-1,WAIT_RELEASE,0,0,0,400000000000,-1,0
0.05052,0,0,INJECTING,1605508968,1605348080,7510451818,320000000000,-1,0
0.05052,1,-1,WAIT_RELEASE,0,0,0,400000000000,-1,0
0.05052,2,-1,WAIT_RELEASE,0,0,0,400000000000,-1,0
0.05052,3,-1,WAIT_RELEASE,0,0,0,400000000000,-1,0
0.05054,0,0,INJECTING,1606301984,1606142048,7510451818,320000000000,-1,0
0.05054,1,-1,WAIT_RELEASE,0,0,0,400000000000,-1,0
0.05054,2,-1,WAIT_RELEASE,0,0,0,400000000000,-1,0
0.05054,3,-1,WAIT_RELEASE,0,0,0,400000000000,-1,0
0.05056,0,0,INJECTING,1607095000,1606935064,7510451818,320000000000,-1,0
0.05056,1,-1,WAIT_RELEASE,0,0,0,400000000000,-1,0
0.05056,2,-1,WAIT_RELEASE,0,0,0,400000000000,-1,0
0.05056,3,-1,WAIT_RELEASE,0,0,0,400000000000,-1,0
0.05058,0,0,INJECTING,1607888968,1607728080,7510451818,320000000000,-1,0
0.05058,1,-1,WAIT_RELEASE,0,0,0,400000000000,-1,0
0.05058,2,-1,WAIT_RELEASE,0,0,0,400000000000,-1,0
0.05058,3,-1,WAIT_RELEASE,0,0,0,400000000000,-1,0
0.0506,0,0,INJECTING,1608681984,1608522048,7510451818,320000000000,-1,0
0.0506,1,-1,WAIT_RELEASE,0,0,0,400000000000,-1,0
0.0506,2,-1,WAIT_RELEASE,0,0,0,400000000000,-1,0
0.0506,3,-1,WAIT_RELEASE,0,0,0,400000000000,-1,0
0.05062,0,0,INJECTING,1609475000,1609315064,7510451818,320000000000,-1,0
0.05062,1,-1,WAIT_RELEASE,0,0,0,400000000000,-1,0
0.05062,2,-1,WAIT_RELEASE,0,0,0,400000000000,-1,0
0.05062,3,-1,WAIT_RELEASE,0,0,0,400000000000,-1,0
0.05064,0,0,INJECTING,1610268968,1610108080,7510451818,320000000000,-1,0
0.05064,1,-1,WAIT_RELEASE,0,0,0,400000000000,-1,0
0.05064,2,-1,WAIT_RELEASE,0,0,0,400000000000,-1,0
0.05064,3,-1,WAIT_RELEASE,0,0,0,400000000000,-1,0
0.05066,0,0,INJECTING,1611061984,1610902048,7510451818,320000000000,-1,0
0.05066,1,-1,WAIT_RELEASE,0,0,0,400000000000,-1,0
0.05066,2,-1,WAIT_RELEASE,0,0,0,400000000000,-1,0
0.05066,3,-1,WAIT_RELEASE,0,0,0,400000000000,-1,0
0.05068,0,0,INJECTING,1611855000,1611695064,7510451818,320000000000,-1,0
0.05068,1,-1,WAIT_RELEASE,0,0,0,400000000000,-1,0
0.05068,2,-1,WAIT_RELEASE,0,0,0,400000000000,-1,0
0.05068,3,-1,WAIT_RELEASE,0,0,0,400000000000,-1,0
0.0507,0,0,INJECTING,1612648968,1612488080,7510451818,320000000000,-1,0
0.0507,1,-1,WAIT_RELEASE,0,0,0,400000000000,-1,0
0.0507,2,-1,WAIT_RELEASE,0,0,0,400000000000,-1,0
0.0507,3,-1,WAIT_RELEASE,0,0,0,400000000000,-1,0
0.05072,0,0,INJECTING,1613441984,1613282048,7510451818,320000000000,-1,0
0.05072,1,-1,WAIT_RELEASE,0,0,0,400000000000,-1,0
0.05072,2,-1,WAIT_RELEASE,0,0,0,400000000000,-1,0
0.05072,3,-1,WAIT_RELEASE,0,0,0,400000000000,-1,0
0.05074,0,0,INJECTING,1614235000,1614075064,7510451818,320000000000,-1,0
0.05074,1,-1,WAIT_RELEASE,0,0,0,400000000000,-1,0
0.05074,2,-1,WAIT_RELEASE,0,0,0,400000000000,-1,0
0.05074,3,-1,WAIT_RELEASE,0,0,0,400000000000,-1,0
0.05076,0,0,INJECTING,1615028968,1614868080,7510451818,320000000000,-1,0
0.05076,1,-1,WAIT_RELEASE,0,0,0,400000000000,-1,0
0.05076,2,-1,WAIT_RELEASE,0,0,0,400000000000,-1,0
0.05076,3,-1,WAIT_RELEASE,0,0,0,400000000000,-1,0
0.05078,0,0,INJECTING,1615821984,1615662048,7510451818,320000000000,-1,0
0.05078,1,-1,WAIT_RELEASE,0,0,0,400000000000,-1,0
0.05078,2,-1,WAIT_RELEASE,0,0,0,400000000000,-1,0
0.05078,3,-1,WAIT_RELEASE,0,0,0,400000000000,-1,0
0.0508,0,0,INJECTING,1616615000,1616455064,7510451818,320000000000,-1,0
0.0508,1,-1,WAIT_RELEASE,0,0,0,400000000000,-1,0
0.0508,2,-1,WAIT_RELEASE,0,0,0,400000000000,-1,0
0.0508,3,-1,WAIT_RELEASE,0,0,0,400000000000,-1,0
0.05082,0,0,INJECTING,1617408968,1617248080,7510451818,320000000000,-1,0
0.05082,1,-1,WAIT_RELEASE,0,0,0,400000000000,-1,0
0.05082,2,-1,WAIT_RELEASE,0,0,0,400000000000,-1,0
0.05082,3,-1,WAIT_RELEASE,0,0,0,400000000000,-1,0
0.05084,0,0,INJECTING,1618201984,1618042048,7510451818,320000000000,-1,0
0.05084,1,-1,WAIT_RELEASE,0,0,0,400000000000,-1,0
0.05084,2,-1,WAIT_RELEASE,0,0,0,400000000000,-1,0
0.05084,3,-1,WAIT_RELEASE,0,0,0,400000000000,-1,0
0.05086,0,0,INJECTING,1618995000,1618835064,7510451818,320000000000,-1,0
0.05086,1,-1,WAIT_RELEASE,0,0,0,400000000000,-1,0
0.05086,2,-1,WAIT_RELEASE,0,0,0,400000000000,-1,0
0.05086,3,-1,WAIT_RELEASE,0,0,0,400000000000,-1,0
0.05088,0,0,INJECTING,1619788968,1619628080,7510451818,320000000000,-1,0
0.05088,1,-1,WAIT_RELEASE,0,0,0,400000000000,-1,0
0.05088,2,-1,WAIT_RELEASE,0,0,0,400000000000,-1,0
0.05088,3,-1,WAIT_RELEASE,0,0,0,400000000000,-1,0
0.0509,0,0,INJECTING,1620581984,1620422048,7510451818,320000000000,-1,0
0.0509,1,-1,WAIT_RELEASE,0,0,0,400000000000,-1,0
0.0509,2,-1,WAIT_RELEASE,0,0,0,400000000000,-1,0
0.0509,3,-1,WAIT_RELEASE,0,0,0,400000000000,-1,0
0.05092,0,0,INJECTING,1621375000,1621215064,7510451818,320000000000,-1,0
0.05092,1,-1,WAIT_RELEASE,0,0,0,400000000000,-1,0
0.05092,2,-1,WAIT_RELEASE,0,0,0,400000000000,-1,0
0.05092,3,-1,WAIT_RELEASE,0,0,0,400000000000,-1,0
0.05094,0,0,INJECTING,1622168968,1622008080,7510451818,320000000000,-1,0
0.05094,1,-1,WAIT_RELEASE,0,0,0,400000000000,-1,0
0.05094,2,-1,WAIT_RELEASE,0,0,0,400000000000,-1,0
0.05094,3,-1,WAIT_RELEASE,0,0,0,400000000000,-1,0
0.05096,0,0,INJECTING,1622961984,1622802048,7510451818,320000000000,-1,0
0.05096,1,-1,WAIT_RELEASE,0,0,0,400000000000,-1,0
0.05096,2,-1,WAIT_RELEASE,0,0,0,400000000000,-1,0
0.05096,3,-1,WAIT_RELEASE,0,0,0,400000000000,-1,0
0.05098,0,0,INJECTING,1623755000,1623595064,7510451818,320000000000,-1,0
0.05098,1,-1,WAIT_RELEASE,0,0,0,400000000000,-1,0
0.05098,2,-1,WAIT_RELEASE,0,0,0,400000000000,-1,0
0.05098,3,-1,WAIT_RELEASE,0,0,0,400000000000,-1,0
0.051,0,0,INJECTING,1624548968,1624388080,7510451818,320000000000,-1,0
0.051,1,-1,WAIT_RELEASE,0,0,0,400000000000,-1,0
0.051,2,-1,WAIT_RELEASE,0,0,0,400000000000,-1,0
0.051,3,-1,WAIT_RELEASE,0,0,0,400000000000,-1,0
0.05102,0,0,INJECTING,1625341984,1625182048,7510451818,320000000000,-1,0
0.05102,1,-1,WAIT_RELEASE,0,0,0,400000000000,-1,0
0.05102,2,-1,WAIT_RELEASE,0,0,0,400000000000,-1,0
0.05102,3,-1,WAIT_RELEASE,0,0,0,400000000000,-1,0
0.05104,0,0,INJECTING,1626135000,1625975064,7510451818,320000000000,-1,0
0.05104,1,-1,WAIT_RELEASE,0,0,0,400000000000,-1,0
0.05104,2,-1,WAIT_RELEASE,0,0,0,400000000000,-1,0
0.05104,3,-1,WAIT_RELEASE,0,0,0,400000000000,-1,0
0.05106,0,0,INJECTING,1626928968,1626768080,7510451818,320000000000,-1,0
0.05106,1,-1,WAIT_RELEASE,0,0,0,400000000000,-1,0
0.05106,2,-1,WAIT_RELEASE,0,0,0,400000000000,-1,0
0.05106,3,-1,WAIT_RELEASE,0,0,0,400000000000,-1,0
0.05108,0,0,INJECTING,1627721984,1627562048,7510451818,320000000000,-1,0
0.05108,1,-1,WAIT_RELEASE,0,0,0,400000000000,-1,0
0.05108,2,-1,WAIT_RELEASE,0,0,0,400000000000,-1,0
0.05108,3,-1,WAIT_RELEASE,0,0,0,400000000000,-1,0
0.0511,0,0,INJECTING,1628515000,1628355064,7510451818,320000000000,-1,0
0.0511,1,-1,WAIT_RELEASE,0,0,0,400000000000,-1,0
0.0511,2,-1,WAIT_RELEASE,0,0,0,400000000000,-1,0
0.0511,3,-1,WAIT_RELEASE,0,0,0,400000000000,-1,0
0.05112,0,0,INJECTING,1629308968,1629148080,7510451818,320000000000,-1,0
0.05112,1,-1,WAIT_RELEASE,0,0,0,400000000000,-1,0
0.05112,2,-1,WAIT_RELEASE,0,0,0,400000000000,-1,0
0.05112,3,-1,WAIT_RELEASE,0,0,0,400000000000,-1,0
0.05114,0,0,INJECTING,1630101984,1629942048,7510451818,320000000000,-1,0
0.05114,1,-1,WAIT_RELEASE,0,0,0,400000000000,-1,0
0.05114,2,-1,WAIT_RELEASE,0,0,0,400000000000,-1,0
0.05114,3,-1,WAIT_RELEASE,0,0,0,400000000000,-1,0
0.05116,0,0,INJECTING,1630895000,1630735064,7510451818,320000000000,-1,0
0.05116,1,-1,WAIT_RELEASE,0,0,0,400000000000,-1,0
0.05116,2,-1,WAIT_RELEASE,0,0,0,400000000000,-1,0
0.05116,3,-1,WAIT_RELEASE,0,0,0,400000000000,-1,0
0.05118,0,0,INJECTING,1631688968,1631528080,7510451818,320000000000,-1,0
0.05118,1,-1,WAIT_RELEASE,0,0,0,400000000000,-1,0
0.05118,2,-1,WAIT_RELEASE,0,0,0,400000000000,-1,0
0.05118,3,-1,WAIT_RELEASE,0,0,0,400000000000,-1,0
0.0512,0,0,INJECTING,1632481984,1632322048,7510451818,320000000000,-1,0
0.0512,1,-1,WAIT_RELEASE,0,0,0,400000000000,-1,0
0.0512,2,-1,WAIT_RELEASE,0,0,0,400000000000,-1,0
0.0512,3,-1,WAIT_RELEASE,0,0,0,400000000000,-1,0
0.05122,0,0,INJECTING,1633275000,1633115064,7510451818,320000000000,-1,0
0.05122,1,-1,WAIT_RELEASE,0,0,0,400000000000,-1,0
0.05122,2,-1,WAIT_RELEASE,0,0,0,400000000000,-1,0
0.05122,3,-1,WAIT_RELEASE,0,0,0,400000000000,-1,0
0.05124,0,0,INJECTING,1634068968,1633908080,7510451818,320000000000,-1,0
0.05124,1,-1,WAIT_RELEASE,0,0,0,400000000000,-1,0
0.05124,2,-1,WAIT_RELEASE,0,0,0,400000000000,-1,0
0.05124,3,-1,WAIT_RELEASE,0,0,0,400000000000,-1,0
0.05126,0,0,INJECTING,1634861984,1634702048,7510451818,320000000000,-1,0
0.05126,1,-1,WAIT_RELEASE,0,0,0,400000000000,-1,0
0.05126,2,-1,WAIT_RELEASE,0,0,0,400000000000,-1,0
0.05126,3,-1,WAIT_RELEASE,0,0,0,400000000000,-1,0
0.05128,0,0,INJECTING,1635655000,1635495064,7510451818,320000000000,-1,0
0.05128,1,-1,WAIT_RELEASE,0,0,0,400000000000,-1,0
0.05128,2,-1,WAIT_RELEASE,0,0,0,400000000000,-1,0
0.05128,3,-1,WAIT_RELEASE,0,0,0,400000000000,-1,0
0.0513,0,0,INJECTING,1636448968,1636288080,7510451818,320000000000,-1,0
0.0513,1,-1,WAIT_RELEASE,0,0,0,400000000000,-1,0
0.0513,2,-1,WAIT_RELEASE,0,0,0,400000000000,-1,0
0.0513,3,-1,WAIT_RELEASE,0,0,0,400000000000,-1,0
0.05132,0,0,INJECTING,1637241984,1637082048,7510451818,320000000000,-1,0
0.05132,1,-1,WAIT_RELEASE,0,0,0,400000000000,-1,0
0.05132,2,-1,WAIT_RELEASE,0,0,0,400000000000,-1,0
0.05132,3,-1,WAIT_RELEASE,0,0,0,400000000000,-1,0
0.05134,0,0,INJECTING,1638035000,1637875064,7510451818,320000000000,-1,0
0.05134,1,-1,WAIT_RELEASE,0,0,0,400000000000,-1,0
0.05134,2,-1,WAIT_RELEASE,0,0,0,400000000000,-1,0
0.05134,3,-1,WAIT_RELEASE,0,0,0,400000000000,-1,0
0.05136,0,0,INJECTING,1638828968,1638668080,7510451818,320000000000,-1,0
0.05136,1,-1,WAIT_RELEASE,0,0,0,400000000000,-1,0
0.05136,2,-1,WAIT_RELEASE,0,0,0,400000000000,-1,0
0.05136,3,-1,WAIT_RELEASE,0,0,0,400000000000,-1,0
0.05138,0,0,INJECTING,1639621984,1639462048,7510451818,320000000000,-1,0
0.05138,1,-1,WAIT_RELEASE,0,0,0,400000000000,-1,0
0.05138,2,-1,WAIT_RELEASE,0,0,0,400000000000,-1,0
0.05138,3,-1,WAIT_RELEASE,0,0,0,400000000000,-1,0
0.0514,0,0,INJECTING,1640415000,1640255064,7510451818,320000000000,-1,0
0.0514,1,-1,WAIT_RELEASE,0,0,0,400000000000,-1,0
0.0514,2,-1,WAIT_RELEASE,0,0,0,400000000000,-1,0
0.0514,3,-1,WAIT_RELEASE,0,0,0,400000000000,-1,0
0.05142,0,0,INJECTING,1641208968,1641048080,7510451818,320000000000,-1,0
0.05142,1,-1,WAIT_RELEASE,0,0,0,400000000000,-1,0
0.05142,2,-1,WAIT_RELEASE,0,0,0,400000000000,-1,0
0.05142,3,-1,WAIT_RELEASE,0,0,0,400000000000,-1,0
0.05144,0,0,INJECTING,1642001984,1641842048,7510451818,320000000000,-1,0
0.05144,1,-1,WAIT_RELEASE,0,0,0,400000000000,-1,0
0.05144,2,-1,WAIT_RELEASE,0,0,0,400000000000,-1,0
0.05144,3,-1,WAIT_RELEASE,0,0,0,400000000000,-1,0
0.05146,0,0,INJECTING,1642795000,1642635064,7510451818,320000000000,-1,0
0.05146,1,-1,WAIT_RELEASE,0,0,0,400000000000,-1,0
0.05146,2,-1,WAIT_RELEASE,0,0,0,400000000000,-1,0
0.05146,3,-1,WAIT_RELEASE,0,0,0,400000000000,-1,0
0.05148,0,0,INJECTING,1643588968,1643428080,7510451818,320000000000,-1,0
0.05148,1,-1,WAIT_RELEASE,0,0,0,400000000000,-1,0
0.05148,2,-1,WAIT_RELEASE,0,0,0,400000000000,-1,0
0.05148,3,-1,WAIT_RELEASE,0,0,0,400000000000,-1,0
0.0515,0,0,INJECTING,1644381984,1644222048,7510451818,320000000000,-1,0
0.0515,1,-1,WAIT_RELEASE,0,0,0,400000000000,-1,0
0.0515,2,-1,WAIT_RELEASE,0,0,0,400000000000,-1,0
0.0515,3,-1,WAIT_RELEASE,0,0,0,400000000000,-1,0
0.05152,0,0,INJECTING,1645175000,1645015064,7510451818,320000000000,-1,0
0.05152,1,-1,WAIT_RELEASE,0,0,0,400000000000,-1,0
0.05152,2,-1,WAIT_RELEASE,0,0,0,400000000000,-1,0
0.05152,3,-1,WAIT_RELEASE,0,0,0,400000000000,-1,0
0.05154,0,0,INJECTING,1645968968,1645808080,7510451818,320000000000,-1,0
0.05154,1,-1,WAIT_RELEASE,0,0,0,400000000000,-1,0
0.05154,2,-1,WAIT_RELEASE,0,0,0,400000000000,-1,0
0.05154,3,-1,WAIT_RELEASE,0,0,0,400000000000,-1,0
0.05156,0,0,INJECTING,1646761984,1646602048,7510451818,320000000000,-1,0
0.05156,1,-1,WAIT_RELEASE,0,0,0,400000000000,-1,0
0.05156,2,-1,WAIT_RELEASE,0,0,0,400000000000,-1,0
0.05156,3,-1,WAIT_RELEASE,0,0,0,400000000000,-1,0
0.05158,0,0,INJECTING,1647555000,1647395064,7510451818,320000000000,-1,0
0.05158,1,-1,WAIT_RELEASE,0,0,0,400000000000,-1,0
0.05158,2,-1,WAIT_RELEASE,0,0,0,400000000000,-1,0
0.05158,3,-1,WAIT_RELEASE,0,0,0,400000000000,-1,0
0.0516,0,0,INJECTING,1648348968,1648188080,7510451818,320000000000,-1,0
0.0516,1,-1,WAIT_RELEASE,0,0,0,400000000000,-1,0
0.0516,2,-1,WAIT_RELEASE,0,0,0,400000000000,-1,0
0.0516,3,-1,WAIT_RELEASE,0,0,0,400000000000,-1,0
0.05162,0,0,INJECTING,1649141984,1648982048,7510451818,320000000000,-1,0
0.05162,1,-1,WAIT_RELEASE,0,0,0,400000000000,-1,0
0.05162,2,-1,WAIT_RELEASE,0,0,0,400000000000,-1,0
0.05162,3,-1,WAIT_RELEASE,0,0,0,400000000000,-1,0
0.05164,0,0,INJECTING,1649935000,1649775064,7510451818,320000000000,-1,0
0.05164,1,-1,WAIT_RELEASE,0,0,0,400000000000,-1,0
0.05164,2,-1,WAIT_RELEASE,0,0,0,400000000000,-1,0
0.05164,3,-1,WAIT_RELEASE,0,0,0,400000000000,-1,0
0.05166,0,0,INJECTING,1650728968,1650568080,7510451818,320000000000,-1,0
0.05166,1,-1,WAIT_RELEASE,0,0,0,400000000000,-1,0
0.05166,2,-1,WAIT_RELEASE,0,0,0,400000000000,-1,0
0.05166,3,-1,WAIT_RELEASE,0,0,0,400000000000,-1,0
0.05168,0,0,INJECTING,1651521984,1651362048,7510451818,320000000000,-1,0
0.05168,1,-1,WAIT_RELEASE,0,0,0,400000000000,-1,0
0.05168,2,-1,WAIT_RELEASE,0,0,0,400000000000,-1,0
0.05168,3,-1,WAIT_RELEASE,0,0,0,400000000000,-1,0
0.0517,0,0,INJECTING,1652315000,1652155064,7510451818,320000000000,-1,0
0.0517,1,-1,WAIT_RELEASE,0,0,0,400000000000,-1,0
0.0517,2,-1,WAIT_RELEASE,0,0,0,400000000000,-1,0
0.0517,3,-1,WAIT_RELEASE,0,0,0,400000000000,-1,0
0.05172,0,0,INJECTING,1653108968,1652948080,7510451818,320000000000,-1,0
0.05172,1,-1,WAIT_RELEASE,0,0,0,400000000000,-1,0
0.05172,2,-1,WAIT_RELEASE,0,0,0,400000000000,-1,0
0.05172,3,-1,WAIT_RELEASE,0,0,0,400000000000,-1,0
0.05174,0,0,INJECTING,1653901984,1653742048,7510451818,320000000000,-1,0
0.05174,1,-1,WAIT_RELEASE,0,0,0,400000000000,-1,0
0.05174,2,-1,WAIT_RELEASE,0,0,0,400000000000,-1,0
0.05174,3,-1,WAIT_RELEASE,0,0,0,400000000000,-1,0
0.05176,0,0,INJECTING,1654695000,1654535064,7510451818,320000000000,-1,0
0.05176,1,-1,WAIT_RELEASE,0,0,0,400000000000,-1,0
0.05176,2,-1,WAIT_RELEASE,0,0,0,400000000000,-1,0
0.05176,3,-1,WAIT_RELEASE,0,0,0,400000000000,-1,0
0.05178,0,0,INJECTING,1655488968,1655328080,7510451818,320000000000,-1,0
0.05178,1,-1,WAIT_RELEASE,0,0,0,400000000000,-1,0
0.05178,2,-1,WAIT_RELEASE,0,0,0,400000000000,-1,0
0.05178,3,-1,WAIT_RELEASE,0,0,0,400000000000,-1,0
0.0518,0,0,INJECTING,1656281984,1656122048,7510451818,320000000000,-1,0
0.0518,1,-1,WAIT_RELEASE,0,0,0,400000000000,-1,0
0.0518,2,-1,WAIT_RELEASE,0,0,0,400000000000,-1,0
0.0518,3,-1,WAIT_RELEASE,0,0,0,400000000000,-1,0
0.05182,0,0,INJECTING,1657075000,1656915064,7510451818,320000000000,-1,0
0.05182,1,-1,WAIT_RELEASE,0,0,0,400000000000,-1,0
0.05182,2,-1,WAIT_RELEASE,0,0,0,400000000000,-1,0
0.05182,3,-1,WAIT_RELEASE,0,0,0,400000000000,-1,0
0.05184,0,0,INJECTING,1657868968,1657708080,7510451818,320000000000,-1,0
0.05184,1,-1,WAIT_RELEASE,0,0,0,400000000000,-1,0
0.05184,2,-1,WAIT_RELEASE,0,0,0,400000000000,-1,0
0.05184,3,-1,WAIT_RELEASE,0,0,0,400000000000,-1,0
0.05186,0,0,INJECTING,1658661984,1658502048,7510451818,320000000000,-1,0
0.05186,1,-1,WAIT_RELEASE,0,0,0,400000000000,-1,0
0.05186,2,-1,WAIT_RELEASE,0,0,0,400000000000,-1,0
0.05186,3,-1,WAIT_RELEASE,0,0,0,400000000000,-1,0
0.05188,0,0,INJECTING,1659455000,1659295064,7510451818,320000000000,-1,0
0.05188,1,-1,WAIT_RELEASE,0,0,0,400000000000,-1,0
0.05188,2,-1,WAIT_RELEASE,0,0,0,400000000000,-1,0
0.05188,3,-1,WAIT_RELEASE,0,0,0,400000000000,-1,0
0.0519,0,0,INJECTING,1660248968,1660088080,7510451818,320000000000,-1,0
0.0519,1,-1,WAIT_RELEASE,0,0,0,400000000000,-1,0
0.0519,2,-1,WAIT_RELEASE,0,0,0,400000000000,-1,0
0.0519,3,-1,WAIT_RELEASE,0,0,0,400000000000,-1,0
0.05192,0,0,INJECTING,1661041984,1660882048,7510451818,320000000000,-1,0
0.05192,1,-1,WAIT_RELEASE,0,0,0,400000000000,-1,0
0.05192,2,-1,WAIT_RELEASE,0,0,0,400000000000,-1,0
0.05192,3,-1,WAIT_RELEASE,0,0,0,400000000000,-1,0
0.05194,0,0,INJECTING,1661835000,1661675064,7510451818,320000000000,-1,0
0.05194,1,-1,WAIT_RELEASE,0,0,0,400000000000,-1,0
0.05194,2,-1,WAIT_RELEASE,0,0,0,400000000000,-1,0
0.05194,3,-1,WAIT_RELEASE,0,0,0,400000000000,-1,0
0.05196,0,0,INJECTING,1662628968,1662468080,7510451818,320000000000,-1,0
0.05196,1,-1,WAIT_RELEASE,0,0,0,400000000000,-1,0
0.05196,2,-1,WAIT_RELEASE,0,0,0,400000000000,-1,0
0.05196,3,-1,WAIT_RELEASE,0,0,0,400000000000,-1,0
0.05198,0,0,INJECTING,1663421984,1663262048,7510451818,320000000000,-1,0
0.05198,1,-1,WAIT_RELEASE,0,0,0,400000000000,-1,0
0.05198,2,-1,WAIT_RELEASE,0,0,0,400000000000,-1,0
0.05198,3,-1,WAIT_RELEASE,0,0,0,400000000000,-1,0
0.052,0,0,INJECTING,1664215000,1664055064,7510451818,320000000000,-1,0
0.052,1,-1,WAIT_RELEASE,0,0,0,400000000000,-1,0
0.052,2,-1,WAIT_RELEASE,0,0,0,400000000000,-1,0
0.052,3,-1,WAIT_RELEASE,0,0,0,400000000000,-1,0
0.05202,0,0,INJECTING,1665008968,1664848080,7510451818,320000000000,-1,0
0.05202,1,-1,WAIT_RELEASE,0,0,0,400000000000,-1,0
0.05202,2,-1,WAIT_RELEASE,0,0,0,400000000000,-1,0
0.05202,3,-1,WAIT_RELEASE,0,0,0,400000000000,-1,0
0.05204,0,0,INJECTING,1665801984,1665642048,7510451818,320000000000,-1,0
0.05204,1,-1,WAIT_RELEASE,0,0,0,400000000000,-1,0
0.05204,2,-1,WAIT_RELEASE,0,0,0,400000000000,-1,0
0.05204,3,-1,WAIT_RELEASE,0,0,0,400000000000,-1,0
0.05206,0,0,INJECTING,1666595000,1666435064,7510451818,320000000000,-1,0
0.05206,1,-1,WAIT_RELEASE,0,0,0,400000000000,-1,0
0.05206,2,-1,WAIT_RELEASE,0,0,0,400000000000,-1,0
0.05206,3,-1,WAIT_RELEASE,0,0,0,400000000000,-1,0
0.05208,0,0,INJECTING,1667388968,1667228080,7510451818,320000000000,-1,0
0.05208,1,-1,WAIT_RELEASE,0,0,0,400000000000,-1,0
0.05208,2,-1,WAIT_RELEASE,0,0,0,400000000000,-1,0
0.05208,3,-1,WAIT_RELEASE,0,0,0,400000000000,-1,0
0.0521,0,0,INJECTING,1668181984,1668022048,7510451818,320000000000,-1,0
0.0521,1,-1,WAIT_RELEASE,0,0,0,400000000000,-1,0
0.0521,2,-1,WAIT_RELEASE,0,0,0,400000000000,-1,0
0.0521,3,-1,WAIT_RELEASE,0,0,0,400000000000,-1,0
0.05212,0,0,INJECTING,1668975000,1668815064,7510451818,320000000000,-1,0
0.05212,1,-1,WAIT_RELEASE,0,0,0,400000000000,-1,0
0.05212,2,-1,WAIT_RELEASE,0,0,0,400000000000,-1,0
0.05212,3,-1,WAIT_RELEASE,0,0,0,400000000000,-1,0
0.05214,0,0,INJECTING,1669768968,1669608080,7510451818,320000000000,-1,0
0.05214,1,-1,WAIT_RELEASE,0,0,0,400000000000,-1,0
0.05214,2,-1,WAIT_RELEASE,0,0,0,400000000000,-1,0
0.05214,3,-1,WAIT_RELEASE,0,0,0,400000000000,-1,0
0.05216,0,0,INJECTING,1670561984,1670402048,7510451818,320000000000,-1,0
0.05216,1,-1,WAIT_RELEASE,0,0,0,400000000000,-1,0
0.05216,2,-1,WAIT_RELEASE,0,0,0,400000000000,-1,0
0.05216,3,-1,WAIT_RELEASE,0,0,0,400000000000,-1,0
0.05218,0,0,INJECTING,1671355000,1671195064,7510451818,320000000000,-1,0
0.05218,1,-1,WAIT_RELEASE,0,0,0,400000000000,-1,0
0.05218,2,-1,WAIT_RELEASE,0,0,0,400000000000,-1,0
0.05218,3,-1,WAIT_RELEASE,0,0,0,400000000000,-1,0
0.0522,0,0,INJECTING,1672148968,1671988080,7510451818,320000000000,-1,0
0.0522,1,-1,WAIT_RELEASE,0,0,0,400000000000,-1,0
0.0522,2,-1,WAIT_RELEASE,0,0,0,400000000000,-1,0
0.0522,3,-1,WAIT_RELEASE,0,0,0,400000000000,-1,0
0.05222,0,0,INJECTING,1672941984,1672782048,7510451818,320000000000,-1,0
0.05222,1,-1,WAIT_RELEASE,0,0,0,400000000000,-1,0
0.05222,2,-1,WAIT_RELEASE,0,0,0,400000000000,-1,0
0.05222,3,-1,WAIT_RELEASE,0,0,0,400000000000,-1,0
0.05224,0,0,INJECTING,1673735000,1673575064,7510451818,320000000000,-1,0
0.05224,1,-1,WAIT_RELEASE,0,0,0,400000000000,-1,0
0.05224,2,-1,WAIT_RELEASE,0,0,0,400000000000,-1,0
0.05224,3,-1,WAIT_RELEASE,0,0,0,400000000000,-1,0
0.05226,0,0,INJECTING,1674528968,1674368080,7510451818,320000000000,-1,0
0.05226,1,-1,WAIT_RELEASE,0,0,0,400000000000,-1,0
0.05226,2,-1,WAIT_RELEASE,0,0,0,400000000000,-1,0
0.05226,3,-1,WAIT_RELEASE,0,0,0,400000000000,-1,0
0.05228,0,0,INJECTING,1675321984,1675162048,7510451818,320000000000,-1,0
0.05228,1,-1,WAIT_RELEASE,0,0,0,400000000000,-1,0
0.05228,2,-1,WAIT_RELEASE,0,0,0,400000000000,-1,0
0.05228,3,-1,WAIT_RELEASE,0,0,0,400000000000,-1,0
0.0523,0,0,INJECTING,1676115000,1675955064,7510451818,320000000000,-1,0
0.0523,1,-1,WAIT_RELEASE,0,0,0,400000000000,-1,0
0.0523,2,-1,WAIT_RELEASE,0,0,0,400000000000,-1,0
0.0523,3,-1,WAIT_RELEASE,0,0,0,400000000000,-1,0
0.05232,0,0,INJECTING,1676908968,1676748080,7510451818,320000000000,-1,0
0.05232,1,-1,WAIT_RELEASE,0,0,0,400000000000,-1,0
0.05232,2,-1,WAIT_RELEASE,0,0,0,400000000000,-1,0
0.05232,3,-1,WAIT_RELEASE,0,0,0,400000000000,-1,0
0.05234,0,0,INJECTING,1677701984,1677542048,7510451818,320000000000,-1,0
0.05234,1,-1,WAIT_RELEASE,0,0,0,400000000000,-1,0
0.05234,2,-1,WAIT_RELEASE,0,0,0,400000000000,-1,0
0.05234,3,-1,WAIT_RELEASE,0,0,0,400000000000,-1,0
0.05236,0,0,INJECTING,1678495000,1678335064,7510451818,320000000000,-1,0
0.05236,1,-1,WAIT_RELEASE,0,0,0,400000000000,-1,0
0.05236,2,-1,WAIT_RELEASE,0,0,0,400000000000,-1,0
0.05236,3,-1,WAIT_RELEASE,0,0,0,400000000000,-1,0
0.05238,0,0,INJECTING,1679288968,1679128080,7510451818,320000000000,-1,0
0.05238,1,-1,WAIT_RELEASE,0,0,0,400000000000,-1,0
0.05238,2,-1,WAIT_RELEASE,0,0,0,400000000000,-1,0
0.05238,3,-1,WAIT_RELEASE,0,0,0,400000000000,-1,0
0.0524,0,0,INJECTING,1680081984,1679922048,7510451818,320000000000,-1,0
0.0524,1,-1,WAIT_RELEASE,0,0,0,400000000000,-1,0
0.0524,2,-1,WAIT_RELEASE,0,0,0,400000000000,-1,0
0.0524,3,-1,WAIT_RELEASE,0,0,0,400000000000,-1,0
0.05242,0,0,INJECTING,1680875000,1680715064,7510451818,320000000000,-1,0
0.05242,1,-1,WAIT_RELEASE,0,0,0,400000000000,-1,0
0.05242,2,-1,WAIT_RELEASE,0,0,0,400000000000,-1,0
0.05242,3,-1,WAIT_RELEASE,0,0,0,400000000000,-1,0
0.05244,0,0,INJECTING,1681668968,1681508080,7510451818,320000000000,-1,0
0.05244,1,-1,WAIT_RELEASE,0,0,0,400000000000,-1,0
0.05244,2,-1,WAIT_RELEASE,0,0,0,400000000000,-1,0
0.05244,3,-1,WAIT_RELEASE,0,0,0,400000000000,-1,0
0.05246,0,0,INJECTING,1682461984,1682302048,7510451818,320000000000,-1,0
0.05246,1,-1,WAIT_RELEASE,0,0,0,400000000000,-1,0
0.05246,2,-1,WAIT_RELEASE,0,0,0,400000000000,-1,0
0.05246,3,-1,WAIT_RELEASE,0,0,0,400000000000,-1,0
0.05248,0,0,INJECTING,1683255000,1683095064,7510451818,320000000000,-1,0
0.05248,1,-1,WAIT_RELEASE,0,0,0,400000000000,-1,0
0.05248,2,-1,WAIT_RELEASE,0,0,0,400000000000,-1,0
0.05248,3,-1,WAIT_RELEASE,0,0,0,400000000000,-1,0
0.0525,0,0,INJECTING,1684048968,1683888080,7510451818,320000000000,-1,0
0.0525,1,-1,WAIT_RELEASE,0,0,0,400000000000,-1,0
0.0525,2,-1,WAIT_RELEASE,0,0,0,400000000000,-1,0
0.0525,3,-1,WAIT_RELEASE,0,0,0,400000000000,-1,0
0.05252,0,0,INJECTING,1684841984,1684682048,7510451818,320000000000,-1,0
0.05252,1,-1,WAIT_RELEASE,0,0,0,400000000000,-1,0
0.05252,2,-1,WAIT_RELEASE,0,0,0,400000000000,-1,0
0.05252,3,-1,WAIT_RELEASE,0,0,0,400000000000,-1,0
0.05254,0,0,INJECTING,1685635000,1685475064,7510451818,320000000000,-1,0
0.05254,1,-1,WAIT_RELEASE,0,0,0,400000000000,-1,0
0.05254,2,-1,WAIT_RELEASE,0,0,0,400000000000,-1,0
0.05254,3,-1,WAIT_RELEASE,0,0,0,400000000000,-1,0
0.05256,0,0,INJECTING,1686428968,1686268080,7510451818,320000000000,-1,0
0.05256,1,-1,WAIT_RELEASE,0,0,0,400000000000,-1,0
0.05256,2,-1,WAIT_RELEASE,0,0,0,400000000000,-1,0
0.05256,3,-1,WAIT_RELEASE,0,0,0,400000000000,-1,0
0.05258,0,0,INJECTING,1687221984,1687062048,7510451818,320000000000,-1,0
0.05258,1,-1,WAIT_RELEASE,0,0,0,400000000000,-1,0
0.05258,2,-1,WAIT_RELEASE,0,0,0,400000000000,-1,0
0.05258,3,-1,WAIT_RELEASE,0,0,0,400000000000,-1,0
0.0526,0,0,INJECTING,1688015000,1687855064,7510451818,320000000000,-1,0
0.0526,1,-1,WAIT_RELEASE,0,0,0,400000000000,-1,0
0.0526,2,-1,WAIT_RELEASE,0,0,0,400000000000,-1,0
0.0526,3,-1,WAIT_RELEASE,0,0,0,400000000000,-1,0
0.05262,0,0,INJECTING,1688808968,1688648080,7510451818,320000000000,-1,0
0.05262,1,-1,WAIT_RELEASE,0,0,0,400000000000,-1,0
0.05262,2,-1,WAIT_RELEASE,0,0,0,400000000000,-1,0
0.05262,3,-1,WAIT_RELEASE,0,0,0,400000000000,-1,0
0.05264,0,0,INJECTING,1689601984,1689442048,7510451818,320000000000,-1,0
0.05264,1,-1,WAIT_RELEASE,0,0,0,400000000000,-1,0
0.05264,2,-1,WAIT_RELEASE,0,0,0,400000000000,-1,0
0.05264,3,-1,WAIT_RELEASE,0,0,0,400000000000,-1,0
0.05266,0,0,INJECTING,1690395000,1690235064,7510451818,320000000000,-1,0
0.05266,1,-1,WAIT_RELEASE,0,0,0,400000000000,-1,0
0.05266,2,-1,WAIT_RELEASE,0,0,0,400000000000,-1,0
0.05266,3,-1,WAIT_RELEASE,0,0,0,400000000000,-1,0
0.05268,0,0,INJECTING,1691188968,1691028080,7510451818,320000000000,-1,0
0.05268,1,-1,WAIT_RELEASE,0,0,0,400000000000,-1,0
0.05268,2,-1,WAIT_RELEASE,0,0,0,400000000000,-1,0
0.05268,3,-1,WAIT_RELEASE,0,0,0,400000000000,-1,0
0.0527,0,0,INJECTING,1691981984,1691822048,7510451818,320000000000,-1,0
0.0527,1,-1,WAIT_RELEASE,0,0,0,400000000000,-1,0
0.0527,2,-1,WAIT_RELEASE,0,0,0,400000000000,-1,0
0.0527,3,-1,WAIT_RELEASE,0,0,0,400000000000,-1,0
0.05272,0,0,INJECTING,1692775000,1692615064,7510451818,320000000000,-1,0
0.05272,1,-1,WAIT_RELEASE,0,0,0,400000000000,-1,0
0.05272,2,-1,WAIT_RELEASE,0,0,0,400000000000,-1,0
0.05272,3,-1,WAIT_RELEASE,0,0,0,400000000000,-1,0
0.05274,0,0,INJECTING,1693568968,1693408080,7510451818,320000000000,-1,0
0.05274,1,-1,WAIT_RELEASE,0,0,0,400000000000,-1,0
0.05274,2,-1,WAIT_RELEASE,0,0,0,400000000000,-1,0
0.05274,3,-1,WAIT_RELEASE,0,0,0,400000000000,-1,0
0.05276,0,0,INJECTING,1694361984,1694202048,7510451818,320000000000,-1,0
0.05276,1,-1,WAIT_RELEASE,0,0,0,400000000000,-1,0
0.05276,2,-1,WAIT_RELEASE,0,0,0,400000000000,-1,0
0.05276,3,-1,WAIT_RELEASE,0,0,0,400000000000,-1,0
0.05278,0,0,INJECTING,1695155000,1694995064,7510451818,320000000000,-1,0
0.05278,1,-1,WAIT_RELEASE,0,0,0,400000000000,-1,0
0.05278,2,-1,WAIT_RELEASE,0,0,0,400000000000,-1,0
0.05278,3,-1,WAIT_RELEASE,0,0,0,400000000000,-1,0
0.0528,0,0,INJECTING,1695948968,1695788080,7510451818,320000000000,-1,0
0.0528,1,-1,WAIT_RELEASE,0,0,0,400000000000,-1,0
0.0528,2,-1,WAIT_RELEASE,0,0,0,400000000000,-1,0
0.0528,3,-1,WAIT_RELEASE,0,0,0,400000000000,-1,0
0.05282,0,0,INJECTING,1696741984,1696582048,7510451818,320000000000,-1,0
0.05282,1,-1,WAIT_RELEASE,0,0,0,400000000000,-1,0
0.05282,2,-1,WAIT_RELEASE,0,0,0,400000000000,-1,0
0.05282,3,-1,WAIT_RELEASE,0,0,0,400000000000,-1,0
0.05284,0,0,INJECTING,1697535000,1697375064,7510451818,320000000000,-1,0
0.05284,1,-1,WAIT_RELEASE,0,0,0,400000000000,-1,0
0.05284,2,-1,WAIT_RELEASE,0,0,0,400000000000,-1,0
0.05284,3,-1,WAIT_RELEASE,0,0,0,400000000000,-1,0
0.05286,0,0,INJECTING,1698328968,1698168080,7510451818,320000000000,-1,0
0.05286,1,-1,WAIT_RELEASE,0,0,0,400000000000,-1,0
0.05286,2,-1,WAIT_RELEASE,0,0,0,400000000000,-1,0
0.05286,3,-1,WAIT_RELEASE,0,0,0,400000000000,-1,0
0.05288,0,0,INJECTING,1699121984,1698962048,7510451818,320000000000,-1,0
0.05288,1,-1,WAIT_RELEASE,0,0,0,400000000000,-1,0
0.05288,2,-1,WAIT_RELEASE,0,0,0,400000000000,-1,0
0.05288,3,-1,WAIT_RELEASE,0,0,0,400000000000,-1,0
0.0529,0,0,INJECTING,1699915000,1699755064,7510451818,320000000000,-1,0
0.0529,1,-1,WAIT_RELEASE,0,0,0,400000000000,-1,0
0.0529,2,-1,WAIT_RELEASE,0,0,0,400000000000,-1,0
0.0529,3,-1,WAIT_RELEASE,0,0,0,400000000000,-1,0
0.05292,0,0,INJECTING,1700708968,1700548080,7510451818,320000000000,-1,0
0.05292,1,-1,WAIT_RELEASE,0,0,0,400000000000,-1,0
0.05292,2,-1,WAIT_RELEASE,0,0,0,400000000000,-1,0
0.05292,3,-1,WAIT_RELEASE,0,0,0,400000000000,-1,0
0.05294,0,0,INJECTING,1701501984,1701342048,7510451818,320000000000,-1,0
0.05294,1,-1,WAIT_RELEASE,0,0,0,400000000000,-1,0
0.05294,2,-1,WAIT_RELEASE,0,0,0,400000000000,-1,0
0.05294,3,-1,WAIT_RELEASE,0,0,0,400000000000,-1,0
0.05296,0,0,INJECTING,1702295000,1702135064,7510451818,320000000000,-1,0
0.05296,1,-1,WAIT_RELEASE,0,0,0,400000000000,-1,0
0.05296,2,-1,WAIT_RELEASE,0,0,0,400000000000,-1,0
0.05296,3,-1,WAIT_RELEASE,0,0,0,400000000000,-1,0
0.05298,0,0,INJECTING,1703088968,1702928080,7510451818,320000000000,-1,0
0.05298,1,-1,WAIT_RELEASE,0,0,0,400000000000,-1,0
0.05298,2,-1,WAIT_RELEASE,0,0,0,400000000000,-1,0
0.05298,3,-1,WAIT_RELEASE,0,0,0,400000000000,-1,0
0.053,0,0,INJECTING,1703881984,1703722048,7510451818,320000000000,-1,0
0.053,1,-1,WAIT_RELEASE,0,0,0,400000000000,-1,0
0.053,2,-1,WAIT_RELEASE,0,0,0,400000000000,-1,0
0.053,3,-1,WAIT_RELEASE,0,0,0,400000000000,-1,0
0.05302,0,0,INJECTING,1704675000,1704515064,7510451818,320000000000,-1,0
0.05302,1,-1,WAIT_RELEASE,0,0,0,400000000000,-1,0
0.05302,2,-1,WAIT_RELEASE,0,0,0,400000000000,-1,0
0.05302,3,-1,WAIT_RELEASE,0,0,0,400000000000,-1,0
0.05304,0,0,INJECTING,1705468968,1705308080,7510451818,320000000000,-1,0
0.05304,1,-1,WAIT_RELEASE,0,0,0,400000000000,-1,0
0.05304,2,-1,WAIT_RELEASE,0,0,0,400000000000,-1,0
0.05304,3,-1,WAIT_RELEASE,0,0,0,400000000000,-1,0
0.05306,0,0,INJECTING,1706261984,1706102048,7510451818,320000000000,-1,0
0.05306,1,-1,WAIT_RELEASE,0,0,0,400000000000,-1,0
0.05306,2,-1,WAIT_RELEASE,0,0,0,400000000000,-1,0
0.05306,3,-1,WAIT_RELEASE,0,0,0,400000000000,-1,0
0.05308,0,0,INJECTING,1707055000,1706895064,7510451818,320000000000,-1,0
0.05308,1,-1,WAIT_RELEASE,0,0,0,400000000000,-1,0
0.05308,2,-1,WAIT_RELEASE,0,0,0,400000000000,-1,0
0.05308,3,-1,WAIT_RELEASE,0,0,0,400000000000,-1,0
0.0531,0,0,INJECTING,1707848968,1707688080,7510451818,320000000000,-1,0
0.0531,1,-1,WAIT_RELEASE,0,0,0,400000000000,-1,0
0.0531,2,-1,WAIT_RELEASE,0,0,0,400000000000,-1,0
0.0531,3,-1,WAIT_RELEASE,0,0,0,400000000000,-1,0
0.05312,0,0,INJECTING,1708641984,1708482048,7510451818,320000000000,-1,0
0.05312,1,-1,WAIT_RELEASE,0,0,0,400000000000,-1,0
0.05312,2,-1,WAIT_RELEASE,0,0,0,400000000000,-1,0
0.05312,3,-1,WAIT_RELEASE,0,0,0,400000000000,-1,0
0.05314,0,0,INJECTING,1709435000,1709275064,7510451818,320000000000,-1,0
0.05314,1,-1,WAIT_RELEASE,0,0,0,400000000000,-1,0
0.05314,2,-1,WAIT_RELEASE,0,0,0,400000000000,-1,0
0.05314,3,-1,WAIT_RELEASE,0,0,0,400000000000,-1,0
0.05316,0,0,INJECTING,1710228968,1710068080,7510451818,320000000000,-1,0
0.05316,1,-1,WAIT_RELEASE,0,0,0,400000000000,-1,0
0.05316,2,-1,WAIT_RELEASE,0,0,0,400000000000,-1,0
0.05316,3,-1,WAIT_RELEASE,0,0,0,400000000000,-1,0
0.05318,0,0,INJECTING,1711021984,1710862048,7510451818,320000000000,-1,0
0.05318,1,-1,WAIT_RELEASE,0,0,0,400000000000,-1,0
0.05318,2,-1,WAIT_RELEASE,0,0,0,400000000000,-1,0
0.05318,3,-1,WAIT_RELEASE,0,0,0,400000000000,-1,0
0.0532,0,0,INJECTING,1711815000,1711655064,7510451818,320000000000,-1,0
0.0532,1,-1,WAIT_RELEASE,0,0,0,400000000000,-1,0
0.0532,2,-1,WAIT_RELEASE,0,0,0,400000000000,-1,0
0.0532,3,-1,WAIT_RELEASE,0,0,0,400000000000,-1,0
0.05322,0,0,INJECTING,1712608968,1712448080,7510451818,320000000000,-1,0
0.05322,1,-1,WAIT_RELEASE,0,0,0,400000000000,-1,0
0.05322,2,-1,WAIT_RELEASE,0,0,0,400000000000,-1,0
0.05322,3,-1,WAIT_RELEASE,0,0,0,400000000000,-1,0
0.05324,0,0,INJECTING,1713401984,1713242048,7510451818,320000000000,-1,0
0.05324,1,-1,WAIT_RELEASE,0,0,0,400000000000,-1,0
0.05324,2,-1,WAIT_RELEASE,0,0,0,400000000000,-1,0
0.05324,3,-1,WAIT_RELEASE,0,0,0,400000000000,-1,0
0.05326,0,0,INJECTING,1714195000,1714035064,7510451818,320000000000,-1,0
0.05326,1,-1,WAIT_RELEASE,0,0,0,400000000000,-1,0
0.05326,2,-1,WAIT_RELEASE,0,0,0,400000000000,-1,0
0.05326,3,-1,WAIT_RELEASE,0,0,0,400000000000,-1,0
0.05328,0,0,INJECTING,1714988968,1714828080,7510451818,320000000000,-1,0
0.05328,1,-1,WAIT_RELEASE,0,0,0,400000000000,-1,0
0.05328,2,-1,WAIT_RELEASE,0,0,0,400000000000,-1,0
0.05328,3,-1,WAIT_RELEASE,0,0,0,400000000000,-1,0
0.0533,0,0,INJECTING,1715781984,1715622048,7510451818,320000000000,-1,0
0.0533,1,-1,WAIT_RELEASE,0,0,0,400000000000,-1,0
0.0533,2,-1,WAIT_RELEASE,0,0,0,400000000000,-1,0
0.0533,3,-1,WAIT_RELEASE,0,0,0,400000000000,-1,0
0.05332,0,0,INJECTING,1716575000,1716415064,7510451818,320000000000,-1,0
0.05332,1,-1,WAIT_RELEASE,0,0,0,400000000000,-1,0
0.05332,2,-1,WAIT_RELEASE,0,0,0,400000000000,-1,0
0.05332,3,-1,WAIT_RELEASE,0,0,0,400000000000,-1,0
0.05334,0,0,INJECTING,1717368968,1717208080,7510451818,320000000000,-1,0
0.05334,1,-1,WAIT_RELEASE,0,0,0,400000000000,-1,0
0.05334,2,-1,WAIT_RELEASE,0,0,0,400000000000,-1,0
0.05334,3,-1,WAIT_RELEASE,0,0,0,400000000000,-1,0
0.05336,0,0,INJECTING,1718161984,1718002048,7510451818,320000000000,-1,0
0.05336,1,-1,WAIT_RELEASE,0,0,0,400000000000,-1,0
0.05336,2,-1,WAIT_RELEASE,0,0,0,400000000000,-1,0
0.05336,3,-1,WAIT_RELEASE,0,0,0,400000000000,-1,0
0.05338,0,0,INJECTING,1718955000,1718795064,7510451818,320000000000,-1,0
0.05338,1,-1,WAIT_RELEASE,0,0,0,400000000000,-1,0
0.05338,2,-1,WAIT_RELEASE,0,0,0,400000000000,-1,0
0.05338,3,-1,WAIT_RELEASE,0,0,0,400000000000,-1,0
0.0534,0,0,INJECTING,1719748968,1719588080,7510451818,320000000000,-1,0
0.0534,1,-1,WAIT_RELEASE,0,0,0,400000000000,-1,0
0.0534,2,-1,WAIT_RELEASE,0,0,0,400000000000,-1,0
0.0534,3,-1,WAIT_RELEASE,0,0,0,400000000000,-1,0
0.05342,0,0,INJECTING,1720541984,1720382048,7510451818,320000000000,-1,0
0.05342,1,-1,WAIT_RELEASE,0,0,0,400000000000,-1,0
0.05342,2,-1,WAIT_RELEASE,0,0,0,400000000000,-1,0
0.05342,3,-1,WAIT_RELEASE,0,0,0,400000000000,-1,0
0.05344,0,0,INJECTING,1721335000,1721175064,7510451818,320000000000,-1,0
0.05344,1,-1,WAIT_RELEASE,0,0,0,400000000000,-1,0
0.05344,2,-1,WAIT_RELEASE,0,0,0,400000000000,-1,0
0.05344,3,-1,WAIT_RELEASE,0,0,0,400000000000,-1,0
0.05346,0,0,INJECTING,1722128968,1721968080,7510451818,320000000000,-1,0
0.05346,1,-1,WAIT_RELEASE,0,0,0,400000000000,-1,0
0.05346,2,-1,WAIT_RELEASE,0,0,0,400000000000,-1,0
0.05346,3,-1,WAIT_RELEASE,0,0,0,400000000000,-1,0
0.05348,0,0,INJECTING,1722921984,1722762048,7510451818,320000000000,-1,0
0.05348,1,-1,WAIT_RELEASE,0,0,0,400000000000,-1,0
0.05348,2,-1,WAIT_RELEASE,0,0,0,400000000000,-1,0
0.05348,3,-1,WAIT_RELEASE,0,0,0,400000000000,-1,0
0.0535,0,0,INJECTING,1723715000,1723555064,7510451818,320000000000,-1,0
0.0535,1,-1,WAIT_RELEASE,0,0,0,400000000000,-1,0
0.0535,2,-1,WAIT_RELEASE,0,0,0,400000000000,-1,0
0.0535,3,-1,WAIT_RELEASE,0,0,0,400000000000,-1,0
0.05352,0,0,INJECTING,1724508968,1724348080,7510451818,320000000000,-1,0
0.05352,1,-1,WAIT_RELEASE,0,0,0,400000000000,-1,0
0.05352,2,-1,WAIT_RELEASE,0,0,0,400000000000,-1,0
0.05352,3,-1,WAIT_RELEASE,0,0,0,400000000000,-1,0
0.05354,0,0,INJECTING,1725301984,1725142048,7510451818,320000000000,-1,0
0.05354,1,-1,WAIT_RELEASE,0,0,0,400000000000,-1,0
0.05354,2,-1,WAIT_RELEASE,0,0,0,400000000000,-1,0
0.05354,3,-1,WAIT_RELEASE,0,0,0,400000000000,-1,0
0.05356,0,0,INJECTING,1726095000,1725935064,7510451818,320000000000,-1,0
0.05356,1,-1,WAIT_RELEASE,0,0,0,400000000000,-1,0
0.05356,2,-1,WAIT_RELEASE,0,0,0,400000000000,-1,0
0.05356,3,-1,WAIT_RELEASE,0,0,0,400000000000,-1,0
0.05358,0,0,INJECTING,1726888968,1726728080,7510451818,320000000000,-1,0
0.05358,1,-1,WAIT_RELEASE,0,0,0,400000000000,-1,0
0.05358,2,-1,WAIT_RELEASE,0,0,0,400000000000,-1,0
0.05358,3,-1,WAIT_RELEASE,0,0,0,400000000000,-1,0
0.0536,0,0,INJECTING,1727681984,1727522048,7510451818,320000000000,-1,0
0.0536,1,-1,WAIT_RELEASE,0,0,0,400000000000,-1,0
0.0536,2,-1,WAIT_RELEASE,0,0,0,400000000000,-1,0
0.0536,3,-1,WAIT_RELEASE,0,0,0,400000000000,-1,0
0.05362,0,0,INJECTING,1728475000,1728315064,7510451818,320000000000,-1,0
0.05362,1,-1,WAIT_RELEASE,0,0,0,400000000000,-1,0
0.05362,2,-1,WAIT_RELEASE,0,0,0,400000000000,-1,0
0.05362,3,-1,WAIT_RELEASE,0,0,0,400000000000,-1,0
0.05364,0,0,INJECTING,1729268968,1729108080,7510451818,320000000000,-1,0
0.05364,1,-1,WAIT_RELEASE,0,0,0,400000000000,-1,0
0.05364,2,-1,WAIT_RELEASE,0,0,0,400000000000,-1,0
0.05364,3,-1,WAIT_RELEASE,0,0,0,400000000000,-1,0
0.05366,0,0,INJECTING,1730061984,1729902048,7510451818,320000000000,-1,0
0.05366,1,-1,WAIT_RELEASE,0,0,0,400000000000,-1,0
0.05366,2,-1,WAIT_RELEASE,0,0,0,400000000000,-1,0
0.05366,3,-1,WAIT_RELEASE,0,0,0,400000000000,-1,0
0.05368,0,0,INJECTING,1730855000,1730695064,7510451818,320000000000,-1,0
0.05368,1,-1,WAIT_RELEASE,0,0,0,400000000000,-1,0
0.05368,2,-1,WAIT_RELEASE,0,0,0,400000000000,-1,0
0.05368,3,-1,WAIT_RELEASE,0,0,0,400000000000,-1,0
0.0537,0,0,INJECTING,1731648968,1731488080,7510451818,320000000000,-1,0
0.0537,1,-1,WAIT_RELEASE,0,0,0,400000000000,-1,0
0.0537,2,-1,WAIT_RELEASE,0,0,0,400000000000,-1,0
0.0537,3,-1,WAIT_RELEASE,0,0,0,400000000000,-1,0
0.05372,0,0,INJECTING,1732441984,1732282048,7510451818,320000000000,-1,0
0.05372,1,-1,WAIT_RELEASE,0,0,0,400000000000,-1,0
0.05372,2,-1,WAIT_RELEASE,0,0,0,400000000000,-1,0
0.05372,3,-1,WAIT_RELEASE,0,0,0,400000000000,-1,0
0.05374,0,0,INJECTING,1733235000,1733075064,7510451818,320000000000,-1,0
0.05374,1,-1,WAIT_RELEASE,0,0,0,400000000000,-1,0
0.05374,2,-1,WAIT_RELEASE,0,0,0,400000000000,-1,0
0.05374,3,-1,WAIT_RELEASE,0,0,0,400000000000,-1,0
0.05376,0,0,INJECTING,1734028968,1733868080,7510451818,320000000000,-1,0
0.05376,1,-1,WAIT_RELEASE,0,0,0,400000000000,-1,0
0.05376,2,-1,WAIT_RELEASE,0,0,0,400000000000,-1,0
0.05376,3,-1,WAIT_RELEASE,0,0,0,400000000000,-1,0
0.05378,0,0,INJECTING,1734821984,1734662048,7510451818,320000000000,-1,0
0.05378,1,-1,WAIT_RELEASE,0,0,0,400000000000,-1,0
0.05378,2,-1,WAIT_RELEASE,0,0,0,400000000000,-1,0
0.05378,3,-1,WAIT_RELEASE,0,0,0,400000000000,-1,0
0.0538,0,0,INJECTING,1735615000,1735455064,7510451818,320000000000,-1,0
0.0538,1,-1,WAIT_RELEASE,0,0,0,400000000000,-1,0
0.0538,2,-1,WAIT_RELEASE,0,0,0,400000000000,-1,0
0.0538,3,-1,WAIT_RELEASE,0,0,0,400000000000,-1,0
0.05382,0,0,INJECTING,1736408968,1736248080,7510451818,320000000000,-1,0
0.05382,1,-1,WAIT_RELEASE,0,0,0,400000000000,-1,0
0.05382,2,-1,WAIT_RELEASE,0,0,0,400000000000,-1,0
0.05382,3,-1,WAIT_RELEASE,0,0,0,400000000000,-1,0
0.05384,0,0,INJECTING,1737201984,1737042048,7510451818,320000000000,-1,0
0.05384,1,-1,WAIT_RELEASE,0,0,0,400000000000,-1,0
0.05384,2,-1,WAIT_RELEASE,0,0,0,400000000000,-1,0
0.05384,3,-1,WAIT_RELEASE,0,0,0,400000000000,-1,0
0.05386,0,0,INJECTING,1737995000,1737835064,7510451818,320000000000,-1,0
0.05386,1,-1,WAIT_RELEASE,0,0,0,400000000000,-1,0
0.05386,2,-1,WAIT_RELEASE,0,0,0,400000000000,-1,0
0.05386,3,-1,WAIT_RELEASE,0,0,0,400000000000,-1,0
0.05388,0,0,INJECTING,1738788968,1738628080,7510451818,320000000000,-1,0
0.05388,1,-1,WAIT_RELEASE,0,0,0,400000000000,-1,0
0.05388,2,-1,WAIT_RELEASE,0,0,0,400000000000,-1,0
0.05388,3,-1,WAIT_RELEASE,0,0,0,400000000000,-1,0
0.0539,0,0,INJECTING,1739581984,1739422048,7510451818,320000000000,-1,0
0.0539,1,-1,WAIT_RELEASE,0,0,0,400000000000,-1,0
0.0539,2,-1,WAIT_RELEASE,0,0,0,400000000000,-1,0
0.0539,3,-1,WAIT_RELEASE,0,0,0,400000000000,-1,0
0.05392,0,0,INJECTING,1740375000,1740215064,7510451818,320000000000,-1,0
0.05392,1,-1,WAIT_RELEASE,0,0,0,400000000000,-1,0
0.05392,2,-1,WAIT_RELEASE,0,0,0,400000000000,-1,0
0.05392,3,-1,WAIT_RELEASE,0,0,0,400000000000,-1,0
0.05394,0,0,INJECTING,1741168968,1741008080,7510451818,320000000000,-1,0
0.05394,1,-1,WAIT_RELEASE,0,0,0,400000000000,-1,0
0.05394,2,-1,WAIT_RELEASE,0,0,0,400000000000,-1,0
0.05394,3,-1,WAIT_RELEASE,0,0,0,400000000000,-1,0
0.05396,0,0,INJECTING,1741961984,1741802048,7510451818,320000000000,-1,0
0.05396,1,-1,WAIT_RELEASE,0,0,0,400000000000,-1,0
0.05396,2,-1,WAIT_RELEASE,0,0,0,400000000000,-1,0
0.05396,3,-1,WAIT_RELEASE,0,0,0,400000000000,-1,0
0.05398,0,0,INJECTING,1742755000,1742595064,7510451818,320000000000,-1,0
0.05398,1,-1,WAIT_RELEASE,0,0,0,400000000000,-1,0
0.05398,2,-1,WAIT_RELEASE,0,0,0,400000000000,-1,0
0.05398,3,-1,WAIT_RELEASE,0,0,0,400000000000,-1,0
0.054,0,0,INJECTING,1743548968,1743388080,7510451818,320000000000,-1,0
0.054,1,-1,WAIT_RELEASE,0,0,0,400000000000,-1,0
0.054,2,-1,WAIT_RELEASE,0,0,0,400000000000,-1,0
0.054,3,-1,WAIT_RELEASE,0,0,0,400000000000,-1,0
0.05402,0,0,INJECTING,1744341984,1744182048,7510451818,320000000000,-1,0
0.05402,1,-1,WAIT_RELEASE,0,0,0,400000000000,-1,0
0.05402,2,-1,WAIT_RELEASE,0,0,0,400000000000,-1,0
0.05402,3,-1,WAIT_RELEASE,0,0,0,400000000000,-1,0
0.05404,0,0,INJECTING,1745135000,1744975064,7510451818,320000000000,-1,0
0.05404,1,-1,WAIT_RELEASE,0,0,0,400000000000,-1,0
0.05404,2,-1,WAIT_RELEASE,0,0,0,400000000000,-1,0
0.05404,3,-1,WAIT_RELEASE,0,0,0,400000000000,-1,0
0.05406,0,0,INJECTING,1745928968,1745768080,7510451818,320000000000,-1,0
0.05406,1,-1,WAIT_RELEASE,0,0,0,400000000000,-1,0
0.05406,2,-1,WAIT_RELEASE,0,0,0,400000000000,-1,0
0.05406,3,-1,WAIT_RELEASE,0,0,0,400000000000,-1,0
0.05408,0,0,INJECTING,1746721984,1746562048,7510451818,320000000000,-1,0
0.05408,1,-1,WAIT_RELEASE,0,0,0,400000000000,-1,0
0.05408,2,-1,WAIT_RELEASE,0,0,0,400000000000,-1,0
0.05408,3,-1,WAIT_RELEASE,0,0,0,400000000000,-1,0
0.0541,0,0,INJECTING,1747515000,1747355064,7510451818,320000000000,-1,0
0.0541,1,-1,WAIT_RELEASE,0,0,0,400000000000,-1,0
0.0541,2,-1,WAIT_RELEASE,0,0,0,400000000000,-1,0
0.0541,3,-1,WAIT_RELEASE,0,0,0,400000000000,-1,0
0.05412,0,0,INJECTING,1748308968,1748148080,7510451818,320000000000,-1,0
0.05412,1,-1,WAIT_RELEASE,0,0,0,400000000000,-1,0
0.05412,2,-1,WAIT_RELEASE,0,0,0,400000000000,-1,0
0.05412,3,-1,WAIT_RELEASE,0,0,0,400000000000,-1,0
0.05414,0,0,INJECTING,1749101984,1748942048,7510451818,320000000000,-1,0
0.05414,1,-1,WAIT_RELEASE,0,0,0,400000000000,-1,0
0.05414,2,-1,WAIT_RELEASE,0,0,0,400000000000,-1,0
0.05414,3,-1,WAIT_RELEASE,0,0,0,400000000000,-1,0
0.05416,0,0,INJECTING,1749895000,1749735064,7510451818,320000000000,-1,0
0.05416,1,-1,WAIT_RELEASE,0,0,0,400000000000,-1,0
0.05416,2,-1,WAIT_RELEASE,0,0,0,400000000000,-1,0
0.05416,3,-1,WAIT_RELEASE,0,0,0,400000000000,-1,0
0.05418,0,0,INJECTING,1750688968,1750528080,7510451818,320000000000,-1,0
0.05418,1,-1,WAIT_RELEASE,0,0,0,400000000000,-1,0
0.05418,2,-1,WAIT_RELEASE,0,0,0,400000000000,-1,0
0.05418,3,-1,WAIT_RELEASE,0,0,0,400000000000,-1,0
0.0542,0,0,INJECTING,1751481984,1751322048,7510451818,320000000000,-1,0
0.0542,1,-1,WAIT_RELEASE,0,0,0,400000000000,-1,0
0.0542,2,-1,WAIT_RELEASE,0,0,0,400000000000,-1,0
0.0542,3,-1,WAIT_RELEASE,0,0,0,400000000000,-1,0
0.05422,0,0,INJECTING,1752275000,1752115064,7510451818,320000000000,-1,0
0.05422,1,-1,WAIT_RELEASE,0,0,0,400000000000,-1,0
0.05422,2,-1,WAIT_RELEASE,0,0,0,400000000000,-1,0
0.05422,3,-1,WAIT_RELEASE,0,0,0,400000000000,-1,0
0.05424,0,0,INJECTING,1753068968,1752908080,7510451818,320000000000,-1,0
0.05424,1,-1,WAIT_RELEASE,0,0,0,400000000000,-1,0
0.05424,2,-1,WAIT_RELEASE,0,0,0,400000000000,-1,0
0.05424,3,-1,WAIT_RELEASE,0,0,0,400000000000,-1,0
0.05426,0,0,INJECTING,1753861984,1753702048,7510451818,320000000000,-1,0
0.05426,1,-1,WAIT_RELEASE,0,0,0,400000000000,-1,0
0.05426,2,-1,WAIT_RELEASE,0,0,0,400000000000,-1,0
0.05426,3,-1,WAIT_RELEASE,0,0,0,400000000000,-1,0
0.05428,0,0,INJECTING,1754655000,1754495064,7510451818,320000000000,-1,0
0.05428,1,-1,WAIT_RELEASE,0,0,0,400000000000,-1,0
0.05428,2,-1,WAIT_RELEASE,0,0,0,400000000000,-1,0
0.05428,3,-1,WAIT_RELEASE,0,0,0,400000000000,-1,0
0.0543,0,0,INJECTING,1755448968,1755288080,7510451818,320000000000,-1,0
0.0543,1,-1,WAIT_RELEASE,0,0,0,400000000000,-1,0
0.0543,2,-1,WAIT_RELEASE,0,0,0,400000000000,-1,0
0.0543,3,-1,WAIT_RELEASE,0,0,0,400000000000,-1,0
0.05432,0,0,INJECTING,1756241984,1756082048,7510451818,320000000000,-1,0
0.05432,1,-1,WAIT_RELEASE,0,0,0,400000000000,-1,0
0.05432,2,-1,WAIT_RELEASE,0,0,0,400000000000,-1,0
0.05432,3,-1,WAIT_RELEASE,0,0,0,400000000000,-1,0
0.05434,0,0,INJECTING,1757035000,1756875064,7510451818,320000000000,-1,0
0.05434,1,-1,WAIT_RELEASE,0,0,0,400000000000,-1,0
0.05434,2,-1,WAIT_RELEASE,0,0,0,400000000000,-1,0
0.05434,3,-1,WAIT_RELEASE,0,0,0,400000000000,-1,0
0.05436,0,0,INJECTING,1757828968,1757668080,7510451818,320000000000,-1,0
0.05436,1,-1,WAIT_RELEASE,0,0,0,400000000000,-1,0
0.05436,2,-1,WAIT_RELEASE,0,0,0,400000000000,-1,0
0.05436,3,-1,WAIT_RELEASE,0,0,0,400000000000,-1,0
0.05438,0,0,INJECTING,1758621984,1758462048,7510451818,320000000000,-1,0
0.05438,1,-1,WAIT_RELEASE,0,0,0,400000000000,-1,0
0.05438,2,-1,WAIT_RELEASE,0,0,0,400000000000,-1,0
0.05438,3,-1,WAIT_RELEASE,0,0,0,400000000000,-1,0
0.0544,0,0,INJECTING,1759415000,1759255064,7510451818,320000000000,-1,0
0.0544,1,-1,WAIT_RELEASE,0,0,0,400000000000,-1,0
0.0544,2,-1,WAIT_RELEASE,0,0,0,400000000000,-1,0
0.0544,3,-1,WAIT_RELEASE,0,0,0,400000000000,-1,0
0.05442,0,0,INJECTING,1760208968,1760048080,7510451818,320000000000,-1,0
0.05442,1,-1,WAIT_RELEASE,0,0,0,400000000000,-1,0
0.05442,2,-1,WAIT_RELEASE,0,0,0,400000000000,-1,0
0.05442,3,-1,WAIT_RELEASE,0,0,0,400000000000,-1,0
0.05444,0,0,INJECTING,1761001984,1760842048,7510451818,320000000000,-1,0
0.05444,1,-1,WAIT_RELEASE,0,0,0,400000000000,-1,0
0.05444,2,-1,WAIT_RELEASE,0,0,0,400000000000,-1,0
0.05444,3,-1,WAIT_RELEASE,0,0,0,400000000000,-1,0
0.05446,0,0,INJECTING,1761795000,1761635064,7510451818,320000000000,-1,0
0.05446,1,-1,WAIT_RELEASE,0,0,0,400000000000,-1,0
0.05446,2,-1,WAIT_RELEASE,0,0,0,400000000000,-1,0
0.05446,3,-1,WAIT_RELEASE,0,0,0,400000000000,-1,0
0.05448,0,0,INJECTING,1762588968,1762428080,7510451818,320000000000,-1,0
0.05448,1,-1,WAIT_RELEASE,0,0,0,400000000000,-1,0
0.05448,2,-1,WAIT_RELEASE,0,0,0,400000000000,-1,0
0.05448,3,-1,WAIT_RELEASE,0,0,0,400000000000,-1,0
0.0545,0,0,INJECTING,1763381984,1763222048,7510451818,320000000000,-1,0
0.0545,1,-1,WAIT_RELEASE,0,0,0,400000000000,-1,0
0.0545,2,-1,WAIT_RELEASE,0,0,0,400000000000,-1,0
0.0545,3,-1,WAIT_RELEASE,0,0,0,400000000000,-1,0
0.05452,0,0,INJECTING,1764175000,1764015064,7510451818,320000000000,-1,0
0.05452,1,-1,WAIT_RELEASE,0,0,0,400000000000,-1,0
0.05452,2,-1,WAIT_RELEASE,0,0,0,400000000000,-1,0
0.05452,3,-1,WAIT_RELEASE,0,0,0,400000000000,-1,0
0.05454,0,0,INJECTING,1764968968,1764808080,7510451818,320000000000,-1,0
0.05454,1,-1,WAIT_RELEASE,0,0,0,400000000000,-1,0
0.05454,2,-1,WAIT_RELEASE,0,0,0,400000000000,-1,0
0.05454,3,-1,WAIT_RELEASE,0,0,0,400000000000,-1,0
0.05456,0,0,INJECTING,1765761984,1765602048,7510451818,320000000000,-1,0
0.05456,1,-1,WAIT_RELEASE,0,0,0,400000000000,-1,0
0.05456,2,-1,WAIT_RELEASE,0,0,0,400000000000,-1,0
0.05456,3,-1,WAIT_RELEASE,0,0,0,400000000000,-1,0
0.05458,0,0,INJECTING,1766555000,1766395064,7510451818,320000000000,-1,0
0.05458,1,-1,WAIT_RELEASE,0,0,0,400000000000,-1,0
0.05458,2,-1,WAIT_RELEASE,0,0,0,400000000000,-1,0
0.05458,3,-1,WAIT_RELEASE,0,0,0,400000000000,-1,0
0.0546,0,0,INJECTING,1767348968,1767188080,7510451818,320000000000,-1,0
0.0546,1,-1,WAIT_RELEASE,0,0,0,400000000000,-1,0
0.0546,2,-1,WAIT_RELEASE,0,0,0,400000000000,-1,0
0.0546,3,-1,WAIT_RELEASE,0,0,0,400000000000,-1,0
0.05462,0,0,INJECTING,1768141984,1767982048,7510451818,320000000000,-1,0
0.05462,1,-1,WAIT_RELEASE,0,0,0,400000000000,-1,0
0.05462,2,-1,WAIT_RELEASE,0,0,0,400000000000,-1,0
0.05462,3,-1,WAIT_RELEASE,0,0,0,400000000000,-1,0
0.05464,0,0,INJECTING,1768935000,1768775064,7510451818,320000000000,-1,0
0.05464,1,-1,WAIT_RELEASE,0,0,0,400000000000,-1,0
0.05464,2,-1,WAIT_RELEASE,0,0,0,400000000000,-1,0
0.05464,3,-1,WAIT_RELEASE,0,0,0,400000000000,-1,0
0.05466,0,0,INJECTING,1769728968,1769568080,7510451818,320000000000,-1,0
0.05466,1,-1,WAIT_RELEASE,0,0,0,400000000000,-1,0
0.05466,2,-1,WAIT_RELEASE,0,0,0,400000000000,-1,0
0.05466,3,-1,WAIT_RELEASE,0,0,0,400000000000,-1,0
0.05468,0,0,INJECTING,1770521984,1770362048,7510451818,320000000000,-1,0
0.05468,1,-1,WAIT_RELEASE,0,0,0,400000000000,-1,0
0.05468,2,-1,WAIT_RELEASE,0,0,0,400000000000,-1,0
0.05468,3,-1,WAIT_RELEASE,0,0,0,400000000000,-1,0
0.0547,0,0,INJECTING,1771315000,1771155064,7510451818,320000000000,-1,0
0.0547,1,-1,WAIT_RELEASE,0,0,0,400000000000,-1,0
0.0547,2,-1,WAIT_RELEASE,0,0,0,400000000000,-1,0
0.0547,3,-1,WAIT_RELEASE,0,0,0,400000000000,-1,0
0.05472,0,0,INJECTING,1772108968,1771948080,7510451818,320000000000,-1,0
0.05472,1,-1,WAIT_RELEASE,0,0,0,400000000000,-1,0
0.05472,2,-1,WAIT_RELEASE,0,0,0,400000000000,-1,0
0.05472,3,-1,WAIT_RELEASE,0,0,0,400000000000,-1,0
0.05474,0,0,INJECTING,1772901984,1772742048,7510451818,320000000000,-1,0
0.05474,1,-1,WAIT_RELEASE,0,0,0,400000000000,-1,0
0.05474,2,-1,WAIT_RELEASE,0,0,0,400000000000,-1,0
0.05474,3,-1,WAIT_RELEASE,0,0,0,400000000000,-1,0
0.05476,0,0,INJECTING,1773695000,1773535064,7510451818,320000000000,-1,0
0.05476,1,-1,WAIT_RELEASE,0,0,0,400000000000,-1,0
0.05476,2,-1,WAIT_RELEASE,0,0,0,400000000000,-1,0
0.05476,3,-1,WAIT_RELEASE,0,0,0,400000000000,-1,0
0.05478,0,0,INJECTING,1774488968,1774328080,7510451818,320000000000,-1,0
0.05478,1,-1,WAIT_RELEASE,0,0,0,400000000000,-1,0
0.05478,2,-1,WAIT_RELEASE,0,0,0,400000000000,-1,0
0.05478,3,-1,WAIT_RELEASE,0,0,0,400000000000,-1,0
0.0548,0,0,INJECTING,1775281984,1775122048,7510451818,320000000000,-1,0
0.0548,1,-1,WAIT_RELEASE,0,0,0,400000000000,-1,0
0.0548,2,-1,WAIT_RELEASE,0,0,0,400000000000,-1,0
0.0548,3,-1,WAIT_RELEASE,0,0,0,400000000000,-1,0
0.05482,0,0,INJECTING,1776075000,1775915064,7510451818,320000000000,-1,0
0.05482,1,-1,WAIT_RELEASE,0,0,0,400000000000,-1,0
0.05482,2,-1,WAIT_RELEASE,0,0,0,400000000000,-1,0
0.05482,3,-1,WAIT_RELEASE,0,0,0,400000000000,-1,0
0.05484,0,0,INJECTING,1776868968,1776708080,7510451818,320000000000,-1,0
0.05484,1,-1,WAIT_RELEASE,0,0,0,400000000000,-1,0
0.05484,2,-1,WAIT_RELEASE,0,0,0,400000000000,-1,0
0.05484,3,-1,WAIT_RELEASE,0,0,0,400000000000,-1,0
0.05486,0,0,INJECTING,1777661984,1777502048,7510451818,320000000000,-1,0
0.05486,1,-1,WAIT_RELEASE,0,0,0,400000000000,-1,0
0.05486,2,-1,WAIT_RELEASE,0,0,0,400000000000,-1,0
0.05486,3,-1,WAIT_RELEASE,0,0,0,400000000000,-1,0
0.05488,0,0,INJECTING,1778455000,1778295064,7510451818,320000000000,-1,0
0.05488,1,-1,WAIT_RELEASE,0,0,0,400000000000,-1,0
0.05488,2,-1,WAIT_RELEASE,0,0,0,400000000000,-1,0
0.05488,3,-1,WAIT_RELEASE,0,0,0,400000000000,-1,0
0.0549,0,0,INJECTING,1779248968,1779088080,7510451818,320000000000,-1,0
0.0549,1,-1,WAIT_RELEASE,0,0,0,400000000000,-1,0
0.0549,2,-1,WAIT_RELEASE,0,0,0,400000000000,-1,0
0.0549,3,-1,WAIT_RELEASE,0,0,0,400000000000,-1,0
0.05492,0,0,INJECTING,1780041984,1779882048,7510451818,320000000000,-1,0
0.05492,1,-1,WAIT_RELEASE,0,0,0,400000000000,-1,0
0.05492,2,-1,WAIT_RELEASE,0,0,0,400000000000,-1,0
0.05492,3,-1,WAIT_RELEASE,0,0,0,400000000000,-1,0
0.05494,0,0,INJECTING,1780835000,1780675064,7510451818,320000000000,-1,0
0.05494,1,-1,WAIT_RELEASE,0,0,0,400000000000,-1,0
0.05494,2,-1,WAIT_RELEASE,0,0,0,400000000000,-1,0
0.05494,3,-1,WAIT_RELEASE,0,0,0,400000000000,-1,0
0.05496,0,0,INJECTING,1781628968,1781468080,7510451818,320000000000,-1,0
0.05496,1,-1,WAIT_RELEASE,0,0,0,400000000000,-1,0
0.05496,2,-1,WAIT_RELEASE,0,0,0,400000000000,-1,0
0.05496,3,-1,WAIT_RELEASE,0,0,0,400000000000,-1,0
0.05498,0,0,INJECTING,1782421984,1782262048,7510451818,320000000000,-1,0
0.05498,1,-1,WAIT_RELEASE,0,0,0,400000000000,-1,0
0.05498,2,-1,WAIT_RELEASE,0,0,0,400000000000,-1,0
0.05498,3,-1,WAIT_RELEASE,0,0,0,400000000000,-1,0
0.055,0,0,INJECTING,1783215000,1783055064,7510451818,320000000000,-1,0
0.055,1,-1,WAIT_RELEASE,0,0,0,400000000000,-1,0
0.055,2,-1,WAIT_RELEASE,0,0,0,400000000000,-1,0
0.055,3,-1,WAIT_RELEASE,0,0,0,400000000000,-1,0
0.05502,0,0,INJECTING,1784008968,1783848080,7510451818,320000000000,-1,0
0.05502,1,-1,WAIT_RELEASE,0,0,0,400000000000,-1,0
0.05502,2,-1,WAIT_RELEASE,0,0,0,400000000000,-1,0
0.05502,3,-1,WAIT_RELEASE,0,0,0,400000000000,-1,0
0.05504,0,0,INJECTING,1784801984,1784642048,7510451818,320000000000,-1,0
0.05504,1,-1,WAIT_RELEASE,0,0,0,400000000000,-1,0
0.05504,2,-1,WAIT_RELEASE,0,0,0,400000000000,-1,0
0.05504,3,-1,WAIT_RELEASE,0,0,0,400000000000,-1,0
0.05506,0,0,INJECTING,1785595000,1785435064,7510451818,320000000000,-1,0
0.05506,1,-1,WAIT_RELEASE,0,0,0,400000000000,-1,0
0.05506,2,-1,WAIT_RELEASE,0,0,0,400000000000,-1,0
0.05506,3,-1,WAIT_RELEASE,0,0,0,400000000000,-1,0
0.05508,0,0,INJECTING,1786388968,1786228080,7510451818,320000000000,-1,0
0.05508,1,-1,WAIT_RELEASE,0,0,0,400000000000,-1,0
0.05508,2,-1,WAIT_RELEASE,0,0,0,400000000000,-1,0
0.05508,3,-1,WAIT_RELEASE,0,0,0,400000000000,-1,0
0.0551,0,0,INJECTING,1787181984,1787022048,7510451818,320000000000,-1,0
0.0551,1,-1,WAIT_RELEASE,0,0,0,400000000000,-1,0
0.0551,2,-1,WAIT_RELEASE,0,0,0,400000000000,-1,0
0.0551,3,-1,WAIT_RELEASE,0,0,0,400000000000,-1,0
0.05512,0,0,INJECTING,1787975000,1787815064,7510451818,320000000000,-1,0
0.05512,1,-1,WAIT_RELEASE,0,0,0,400000000000,-1,0
0.05512,2,-1,WAIT_RELEASE,0,0,0,400000000000,-1,0
0.05512,3,-1,WAIT_RELEASE,0,0,0,400000000000,-1,0
0.05514,0,0,INJECTING,1788768968,1788608080,7510451818,320000000000,-1,0
0.05514,1,-1,WAIT_RELEASE,0,0,0,400000000000,-1,0
0.05514,2,-1,WAIT_RELEASE,0,0,0,400000000000,-1,0
0.05514,3,-1,WAIT_RELEASE,0,0,0,400000000000,-1,0
0.05516,0,0,INJECTING,1789561984,1789402048,7510451818,320000000000,-1,0
0.05516,1,-1,WAIT_RELEASE,0,0,0,400000000000,-1,0
0.05516,2,-1,WAIT_RELEASE,0,0,0,400000000000,-1,0
0.05516,3,-1,WAIT_RELEASE,0,0,0,400000000000,-1,0
0.05518,0,0,INJECTING,1790355000,1790195064,7510451818,320000000000,-1,0
0.05518,1,-1,WAIT_RELEASE,0,0,0,400000000000,-1,0
0.05518,2,-1,WAIT_RELEASE,0,0,0,400000000000,-1,0
0.05518,3,-1,WAIT_RELEASE,0,0,0,400000000000,-1,0
0.0552,0,0,INJECTING,1791148968,1790988080,7510451818,320000000000,-1,0
0.0552,1,-1,WAIT_RELEASE,0,0,0,400000000000,-1,0
0.0552,2,-1,WAIT_RELEASE,0,0,0,400000000000,-1,0
0.0552,3,-1,WAIT_RELEASE,0,0,0,400000000000,-1,0
0.05522,0,0,INJECTING,1791941984,1791782048,7510451818,320000000000,-1,0
0.05522,1,-1,WAIT_RELEASE,0,0,0,400000000000,-1,0
0.05522,2,-1,WAIT_RELEASE,0,0,0,400000000000,-1,0
0.05522,3,-1,WAIT_RELEASE,0,0,0,400000000000,-1,0
0.05524,0,0,INJECTING,1792735000,1792575064,7510451818,320000000000,-1,0
0.05524,1,-1,WAIT_RELEASE,0,0,0,400000000000,-1,0
0.05524,2,-1,WAIT_RELEASE,0,0,0,400000000000,-1,0
0.05524,3,-1,WAIT_RELEASE,0,0,0,400000000000,-1,0
0.05526,0,0,INJECTING,1793528968,1793368080,7510451818,320000000000,-1,0
0.05526,1,-1,WAIT_RELEASE,0,0,0,400000000000,-1,0
0.05526,2,-1,WAIT_RELEASE,0,0,0,400000000000,-1,0
0.05526,3,-1,WAIT_RELEASE,0,0,0,400000000000,-1,0
0.05528,0,0,INJECTING,1794321984,1794162048,7510451818,320000000000,-1,0
0.05528,1,-1,WAIT_RELEASE,0,0,0,400000000000,-1,0
0.05528,2,-1,WAIT_RELEASE,0,0,0,400000000000,-1,0
0.05528,3,-1,WAIT_RELEASE,0,0,0,400000000000,-1,0
0.0553,0,0,INJECTING,1795115000,1794955064,7510451818,320000000000,-1,0
0.0553,1,-1,WAIT_RELEASE,0,0,0,400000000000,-1,0
0.0553,2,-1,WAIT_RELEASE,0,0,0,400000000000,-1,0
0.0553,3,-1,WAIT_RELEASE,0,0,0,400000000000,-1,0
0.05532,0,0,INJECTING,1795908968,1795748080,7510451818,320000000000,-1,0
0.05532,1,-1,WAIT_RELEASE,0,0,0,400000000000,-1,0
0.05532,2,-1,WAIT_RELEASE,0,0,0,400000000000,-1,0
0.05532,3,-1,WAIT_RELEASE,0,0,0,400000000000,-1,0
0.05534,0,0,INJECTING,1796701984,1796542048,7510451818,320000000000,-1,0
0.05534,1,-1,WAIT_RELEASE,0,0,0,400000000000,-1,0
0.05534,2,-1,WAIT_RELEASE,0,0,0,400000000000,-1,0
0.05534,3,-1,WAIT_RELEASE,0,0,0,400000000000,-1,0
0.05536,0,0,INJECTING,1797495000,1797335064,7510451818,320000000000,-1,0
0.05536,1,-1,WAIT_RELEASE,0,0,0,400000000000,-1,0
0.05536,2,-1,WAIT_RELEASE,0,0,0,400000000000,-1,0
0.05536,3,-1,WAIT_RELEASE,0,0,0,400000000000,-1,0
0.05538,0,0,INJECTING,1798288968,1798128080,7510451818,320000000000,-1,0
0.05538,1,-1,WAIT_RELEASE,0,0,0,400000000000,-1,0
0.05538,2,-1,WAIT_RELEASE,0,0,0,400000000000,-1,0
0.05538,3,-1,WAIT_RELEASE,0,0,0,400000000000,-1,0
0.0554,0,0,INJECTING,1799081984,1798922048,7510451818,320000000000,-1,0
0.0554,1,-1,WAIT_RELEASE,0,0,0,400000000000,-1,0
0.0554,2,-1,WAIT_RELEASE,0,0,0,400000000000,-1,0
0.0554,3,-1,WAIT_RELEASE,0,0,0,400000000000,-1,0
0.05542,0,0,INJECTING,1799875000,1799715064,7510451818,320000000000,-1,0
0.05542,1,-1,WAIT_RELEASE,0,0,0,400000000000,-1,0
0.05542,2,-1,WAIT_RELEASE,0,0,0,400000000000,-1,0
0.05542,3,-1,WAIT_RELEASE,0,0,0,400000000000,-1,0
0.05544,0,0,INJECTING,1800668968,1800508080,7510451818,320000000000,-1,0
0.05544,1,-1,WAIT_RELEASE,0,0,0,400000000000,-1,0
0.05544,2,-1,WAIT_RELEASE,0,0,0,400000000000,-1,0
0.05544,3,-1,WAIT_RELEASE,0,0,0,400000000000,-1,0
0.05546,0,0,INJECTING,1801461984,1801302048,7510451818,320000000000,-1,0
0.05546,1,-1,WAIT_RELEASE,0,0,0,400000000000,-1,0
0.05546,2,-1,WAIT_RELEASE,0,0,0,400000000000,-1,0
0.05546,3,-1,WAIT_RELEASE,0,0,0,400000000000,-1,0
0.05548,0,0,INJECTING,1802255000,1802095064,7510451818,320000000000,-1,0
0.05548,1,-1,WAIT_RELEASE,0,0,0,400000000000,-1,0
0.05548,2,-1,WAIT_RELEASE,0,0,0,400000000000,-1,0
0.05548,3,-1,WAIT_RELEASE,0,0,0,400000000000,-1,0
0.0555,0,0,INJECTING,1803048968,1802888080,7510451818,320000000000,-1,0
0.0555,1,-1,WAIT_RELEASE,0,0,0,400000000000,-1,0
0.0555,2,-1,WAIT_RELEASE,0,0,0,400000000000,-1,0
0.0555,3,-1,WAIT_RELEASE,0,0,0,400000000000,-1,0
0.05552,0,0,INJECTING,1803841984,1803682048,7510451818,320000000000,-1,0
0.05552,1,-1,WAIT_RELEASE,0,0,0,400000000000,-1,0
0.05552,2,-1,WAIT_RELEASE,0,0,0,400000000000,-1,0
0.05552,3,-1,WAIT_RELEASE,0,0,0,400000000000,-1,0
0.05554,0,0,INJECTING,1804635000,1804475064,7510451818,320000000000,-1,0
0.05554,1,-1,WAIT_RELEASE,0,0,0,400000000000,-1,0
0.05554,2,-1,WAIT_RELEASE,0,0,0,400000000000,-1,0
0.05554,3,-1,WAIT_RELEASE,0,0,0,400000000000,-1,0
0.05556,0,0,INJECTING,1805428968,1805268080,7510451818,320000000000,-1,0
0.05556,1,-1,WAIT_RELEASE,0,0,0,400000000000,-1,0
0.05556,2,-1,WAIT_RELEASE,0,0,0,400000000000,-1,0
0.05556,3,-1,WAIT_RELEASE,0,0,0,400000000000,-1,0
0.05558,0,0,INJECTING,1806221984,1806062048,7510451818,320000000000,-1,0
0.05558,1,-1,WAIT_RELEASE,0,0,0,400000000000,-1,0
0.05558,2,-1,WAIT_RELEASE,0,0,0,400000000000,-1,0
0.05558,3,-1,WAIT_RELEASE,0,0,0,400000000000,-1,0
0.0556,0,0,INJECTING,1807015000,1806855064,7510451818,320000000000,-1,0
0.0556,1,-1,WAIT_RELEASE,0,0,0,400000000000,-1,0
0.0556,2,-1,WAIT_RELEASE,0,0,0,400000000000,-1,0
0.0556,3,-1,WAIT_RELEASE,0,0,0,400000000000,-1,0
0.05562,0,0,INJECTING,1807808968,1807648080,7510451818,320000000000,-1,0
0.05562,1,-1,WAIT_RELEASE,0,0,0,400000000000,-1,0
0.05562,2,-1,WAIT_RELEASE,0,0,0,400000000000,-1,0
0.05562,3,-1,WAIT_RELEASE,0,0,0,400000000000,-1,0
0.05564,0,0,INJECTING,1808601984,1808442048,7510451818,320000000000,-1,0
0.05564,1,-1,WAIT_RELEASE,0,0,0,400000000000,-1,0
0.05564,2,-1,WAIT_RELEASE,0,0,0,400000000000,-1,0
0.05564,3,-1,WAIT_RELEASE,0,0,0,400000000000,-1,0
0.05566,0,0,INJECTING,1809395000,1809235064,7510451818,320000000000,-1,0
0.05566,1,-1,WAIT_RELEASE,0,0,0,400000000000,-1,0
0.05566,2,-1,WAIT_RELEASE,0,0,0,400000000000,-1,0
0.05566,3,-1,WAIT_RELEASE,0,0,0,400000000000,-1,0
0.05568,0,0,INJECTING,1810188968,1810028080,7510451818,320000000000,-1,0
0.05568,1,-1,WAIT_RELEASE,0,0,0,400000000000,-1,0
0.05568,2,-1,WAIT_RELEASE,0,0,0,400000000000,-1,0
0.05568,3,-1,WAIT_RELEASE,0,0,0,400000000000,-1,0
0.0557,0,0,INJECTING,1810981984,1810822048,7510451818,320000000000,-1,0
0.0557,1,-1,WAIT_RELEASE,0,0,0,400000000000,-1,0
0.0557,2,-1,WAIT_RELEASE,0,0,0,400000000000,-1,0
0.0557,3,-1,WAIT_RELEASE,0,0,0,400000000000,-1,0
0.05572,0,0,INJECTING,1811775000,1811615064,7510451818,320000000000,-1,0
0.05572,1,-1,WAIT_RELEASE,0,0,0,400000000000,-1,0
0.05572,2,-1,WAIT_RELEASE,0,0,0,400000000000,-1,0
0.05572,3,-1,WAIT_RELEASE,0,0,0,400000000000,-1,0
0.05574,0,0,INJECTING,1812568968,1812408080,7510451818,320000000000,-1,0
0.05574,1,-1,WAIT_RELEASE,0,0,0,400000000000,-1,0
0.05574,2,-1,WAIT_RELEASE,0,0,0,400000000000,-1,0
0.05574,3,-1,WAIT_RELEASE,0,0,0,400000000000,-1,0
0.05576,0,0,INJECTING,1813361984,1813202048,7510451818,320000000000,-1,0
0.05576,1,-1,WAIT_RELEASE,0,0,0,400000000000,-1,0
0.05576,2,-1,WAIT_RELEASE,0,0,0,400000000000,-1,0
0.05576,3,-1,WAIT_RELEASE,0,0,0,400000000000,-1,0
0.05578,0,0,INJECTING,1814155000,1813995064,7510451818,320000000000,-1,0
0.05578,1,-1,WAIT_RELEASE,0,0,0,400000000000,-1,0
0.05578,2,-1,WAIT_RELEASE,0,0,0,400000000000,-1,0
0.05578,3,-1,WAIT_RELEASE,0,0,0,400000000000,-1,0
0.0558,0,0,INJECTING,1814948968,1814788080,7510451818,320000000000,-1,0
0.0558,1,-1,WAIT_RELEASE,0,0,0,400000000000,-1,0
0.0558,2,-1,WAIT_RELEASE,0,0,0,400000000000,-1,0
0.0558,3,-1,WAIT_RELEASE,0,0,0,400000000000,-1,0
0.05582,0,0,INJECTING,1815741984,1815582048,7510451818,320000000000,-1,0
0.05582,1,-1,WAIT_RELEASE,0,0,0,400000000000,-1,0
0.05582,2,-1,WAIT_RELEASE,0,0,0,400000000000,-1,0
0.05582,3,-1,WAIT_RELEASE,0,0,0,400000000000,-1,0
0.05584,0,0,INJECTING,1816535000,1816375064,7510451818,320000000000,-1,0
0.05584,1,-1,WAIT_RELEASE,0,0,0,400000000000,-1,0
0.05584,2,-1,WAIT_RELEASE,0,0,0,400000000000,-1,0
0.05584,3,-1,WAIT_RELEASE,0,0,0,400000000000,-1,0
0.05586,0,0,INJECTING,1817328968,1817168080,7510451818,320000000000,-1,0
0.05586,1,-1,WAIT_RELEASE,0,0,0,400000000000,-1,0
0.05586,2,-1,WAIT_RELEASE,0,0,0,400000000000,-1,0
0.05586,3,-1,WAIT_RELEASE,0,0,0,400000000000,-1,0
0.05588,0,0,INJECTING,1818121984,1817962048,7510451818,320000000000,-1,0
0.05588,1,-1,WAIT_RELEASE,0,0,0,400000000000,-1,0
0.05588,2,-1,WAIT_RELEASE,0,0,0,400000000000,-1,0
0.05588,3,-1,WAIT_RELEASE,0,0,0,400000000000,-1,0
0.0559,0,0,INJECTING,1818915000,1818755064,7510451818,320000000000,-1,0
0.0559,1,-1,WAIT_RELEASE,0,0,0,400000000000,-1,0
0.0559,2,-1,WAIT_RELEASE,0,0,0,400000000000,-1,0
0.0559,3,-1,WAIT_RELEASE,0,0,0,400000000000,-1,0
0.05592,0,0,INJECTING,1819708968,1819548080,7510451818,320000000000,-1,0
0.05592,1,-1,WAIT_RELEASE,0,0,0,400000000000,-1,0
0.05592,2,-1,WAIT_RELEASE,0,0,0,400000000000,-1,0
0.05592,3,-1,WAIT_RELEASE,0,0,0,400000000000,-1,0
0.05594,0,0,INJECTING,1820501984,1820342048,7510451818,320000000000,-1,0
0.05594,1,-1,WAIT_RELEASE,0,0,0,400000000000,-1,0
0.05594,2,-1,WAIT_RELEASE,0,0,0,400000000000,-1,0
0.05594,3,-1,WAIT_RELEASE,0,0,0,400000000000,-1,0
0.05596,0,0,INJECTING,1821295000,1821135064,7510451818,320000000000,-1,0
0.05596,1,-1,WAIT_RELEASE,0,0,0,400000000000,-1,0
0.05596,2,-1,WAIT_RELEASE,0,0,0,400000000000,-1,0
0.05596,3,-1,WAIT_RELEASE,0,0,0,400000000000,-1,0
0.05598,0,0,INJECTING,1822088968,1821928080,7510451818,320000000000,-1,0
0.05598,1,-1,WAIT_RELEASE,0,0,0,400000000000,-1,0
0.05598,2,-1,WAIT_RELEASE,0,0,0,400000000000,-1,0
0.05598,3,-1,WAIT_RELEASE,0,0,0,400000000000,-1,0
0.056,0,0,INJECTING,1822881984,1822722048,7510451818,320000000000,-1,0
0.056,1,-1,WAIT_RELEASE,0,0,0,400000000000,-1,0
0.056,2,-1,WAIT_RELEASE,0,0,0,400000000000,-1,0
0.056,3,-1,WAIT_RELEASE,0,0,0,400000000000,-1,0
0.05602,0,0,INJECTING,1823675000,1823515064,7510451818,320000000000,-1,0
0.05602,1,-1,WAIT_RELEASE,0,0,0,400000000000,-1,0
0.05602,2,-1,WAIT_RELEASE,0,0,0,400000000000,-1,0
0.05602,3,-1,WAIT_RELEASE,0,0,0,400000000000,-1,0
0.05604,0,0,INJECTING,1824468968,1824308080,7510451818,320000000000,-1,0
0.05604,1,-1,WAIT_RELEASE,0,0,0,400000000000,-1,0
0.05604,2,-1,WAIT_RELEASE,0,0,0,400000000000,-1,0
0.05604,3,-1,WAIT_RELEASE,0,0,0,400000000000,-1,0
0.05606,0,0,INJECTING,1825261984,1825102048,7510451818,320000000000,-1,0
0.05606,1,-1,WAIT_RELEASE,0,0,0,400000000000,-1,0
0.05606,2,-1,WAIT_RELEASE,0,0,0,400000000000,-1,0
0.05606,3,-1,WAIT_RELEASE,0,0,0,400000000000,-1,0
0.05608,0,0,INJECTING,1826055000,1825895064,7510451818,320000000000,-1,0
0.05608,1,-1,WAIT_RELEASE,0,0,0,400000000000,-1,0
0.05608,2,-1,WAIT_RELEASE,0,0,0,400000000000,-1,0
0.05608,3,-1,WAIT_RELEASE,0,0,0,400000000000,-1,0
0.0561,0,0,INJECTING,1826848968,1826688080,7510451818,320000000000,-1,0
0.0561,1,-1,WAIT_RELEASE,0,0,0,400000000000,-1,0
0.0561,2,-1,WAIT_RELEASE,0,0,0,400000000000,-1,0
0.0561,3,-1,WAIT_RELEASE,0,0,0,400000000000,-1,0
0.05612,0,0,INJECTING,1827641984,1827482048,7510451818,320000000000,-1,0
0.05612,1,-1,WAIT_RELEASE,0,0,0,400000000000,-1,0
0.05612,2,-1,WAIT_RELEASE,0,0,0,400000000000,-1,0
0.05612,3,-1,WAIT_RELEASE,0,0,0,400000000000,-1,0
0.05614,0,0,INJECTING,1828435000,1828275064,7510451818,320000000000,-1,0
0.05614,1,-1,WAIT_RELEASE,0,0,0,400000000000,-1,0
0.05614,2,-1,WAIT_RELEASE,0,0,0,400000000000,-1,0
0.05614,3,-1,WAIT_RELEASE,0,0,0,400000000000,-1,0
0.05616,0,0,INJECTING,1829228968,1829068080,7510451818,320000000000,-1,0
0.05616,1,-1,WAIT_RELEASE,0,0,0,400000000000,-1,0
0.05616,2,-1,WAIT_RELEASE,0,0,0,400000000000,-1,0
0.05616,3,-1,WAIT_RELEASE,0,0,0,400000000000,-1,0
0.05618,0,0,INJECTING,1830021984,1829862048,7510451818,320000000000,-1,0
0.05618,1,-1,WAIT_RELEASE,0,0,0,400000000000,-1,0
0.05618,2,-1,WAIT_RELEASE,0,0,0,400000000000,-1,0
0.05618,3,-1,WAIT_RELEASE,0,0,0,400000000000,-1,0
0.0562,0,0,INJECTING,1830815000,1830655064,7510451818,320000000000,-1,0
0.0562,1,-1,WAIT_RELEASE,0,0,0,400000000000,-1,0
0.0562,2,-1,WAIT_RELEASE,0,0,0,400000000000,-1,0
0.0562,3,-1,WAIT_RELEASE,0,0,0,400000000000,-1,0
0.05622,0,0,INJECTING,1831608968,1831448080,7510451818,320000000000,-1,0
0.05622,1,-1,WAIT_RELEASE,0,0,0,400000000000,-1,0
0.05622,2,-1,WAIT_RELEASE,0,0,0,400000000000,-1,0
0.05622,3,-1,WAIT_RELEASE,0,0,0,400000000000,-1,0
0.05624,0,0,INJECTING,1832401984,1832242048,7510451818,320000000000,-1,0
0.05624,1,-1,WAIT_RELEASE,0,0,0,400000000000,-1,0
0.05624,2,-1,WAIT_RELEASE,0,0,0,400000000000,-1,0
0.05624,3,-1,WAIT_RELEASE,0,0,0,400000000000,-1,0
0.05626,0,0,INJECTING,1833195000,1833035064,7510451818,320000000000,-1,0
0.05626,1,-1,WAIT_RELEASE,0,0,0,400000000000,-1,0
0.05626,2,-1,WAIT_RELEASE,0,0,0,400000000000,-1,0
0.05626,3,-1,WAIT_RELEASE,0,0,0,400000000000,-1,0
0.05628,0,0,INJECTING,1833988968,1833828080,7510451818,320000000000,-1,0
0.05628,1,-1,WAIT_RELEASE,0,0,0,400000000000,-1,0
0.05628,2,-1,WAIT_RELEASE,0,0,0,400000000000,-1,0
0.05628,3,-1,WAIT_RELEASE,0,0,0,400000000000,-1,0
0.0563,0,0,INJECTING,1834781984,1834622048,7510451818,320000000000,-1,0
0.0563,1,-1,WAIT_RELEASE,0,0,0,400000000000,-1,0
0.0563,2,-1,WAIT_RELEASE,0,0,0,400000000000,-1,0
0.0563,3,-1,WAIT_RELEASE,0,0,0,400000000000,-1,0
0.05632,0,0,INJECTING,1835575000,1835415064,7510451818,320000000000,-1,0
0.05632,1,-1,WAIT_RELEASE,0,0,0,400000000000,-1,0
0.05632,2,-1,WAIT_RELEASE,0,0,0,400000000000,-1,0
0.05632,3,-1,WAIT_RELEASE,0,0,0,400000000000,-1,0
0.05634,0,0,INJECTING,1836368968,1836208080,7510451818,320000000000,-1,0
0.05634,1,-1,WAIT_RELEASE,0,0,0,400000000000,-1,0
0.05634,2,-1,WAIT_RELEASE,0,0,0,400000000000,-1,0
0.05634,3,-1,WAIT_RELEASE,0,0,0,400000000000,-1,0
0.05636,0,0,INJECTING,1837161984,1837002048,7510451818,320000000000,-1,0
0.05636,1,-1,WAIT_RELEASE,0,0,0,400000000000,-1,0
0.05636,2,-1,WAIT_RELEASE,0,0,0,400000000000,-1,0
0.05636,3,-1,WAIT_RELEASE,0,0,0,400000000000,-1,0
0.05638,0,0,INJECTING,1837955000,1837795064,7510451818,320000000000,-1,0
0.05638,1,-1,WAIT_RELEASE,0,0,0,400000000000,-1,0
0.05638,2,-1,WAIT_RELEASE,0,0,0,400000000000,-1,0
0.05638,3,-1,WAIT_RELEASE,0,0,0,400000000000,-1,0
0.0564,0,0,INJECTING,1838748968,1838588080,7510451818,320000000000,-1,0
0.0564,1,-1,WAIT_RELEASE,0,0,0,400000000000,-1,0
0.0564,2,-1,WAIT_RELEASE,0,0,0,400000000000,-1,0
0.0564,3,-1,WAIT_RELEASE,0,0,0,400000000000,-1,0
0.05642,0,0,INJECTING,1839541984,1839382048,7510451818,320000000000,-1,0
0.05642,1,-1,WAIT_RELEASE,0,0,0,400000000000,-1,0
0.05642,2,-1,WAIT_RELEASE,0,0,0,400000000000,-1,0
0.05642,3,-1,WAIT_RELEASE,0,0,0,400000000000,-1,0
0.05644,0,0,INJECTING,1840335000,1840175064,7510451818,320000000000,-1,0
0.05644,1,-1,WAIT_RELEASE,0,0,0,400000000000,-1,0
0.05644,2,-1,WAIT_RELEASE,0,0,0,400000000000,-1,0
0.05644,3,-1,WAIT_RELEASE,0,0,0,400000000000,-1,0
0.05646,0,0,INJECTING,1841128968,1840968080,7510451818,320000000000,-1,0
0.05646,1,-1,WAIT_RELEASE,0,0,0,400000000000,-1,0
0.05646,2,-1,WAIT_RELEASE,0,0,0,400000000000,-1,0
0.05646,3,-1,WAIT_RELEASE,0,0,0,400000000000,-1,0
0.05648,0,0,INJECTING,1841921984,1841762048,7510451818,320000000000,-1,0
0.05648,1,-1,WAIT_RELEASE,0,0,0,400000000000,-1,0
0.05648,2,-1,WAIT_RELEASE,0,0,0,400000000000,-1,0
0.05648,3,-1,WAIT_RELEASE,0,0,0,400000000000,-1,0
0.0565,0,0,INJECTING,1842715000,1842555064,7510451818,320000000000,-1,0
0.0565,1,-1,WAIT_RELEASE,0,0,0,400000000000,-1,0
0.0565,2,-1,WAIT_RELEASE,0,0,0,400000000000,-1,0
0.0565,3,-1,WAIT_RELEASE,0,0,0,400000000000,-1,0
0.05652,0,0,INJECTING,1843508968,1843348080,7510451818,320000000000,-1,0
0.05652,1,-1,WAIT_RELEASE,0,0,0,400000000000,-1,0
0.05652,2,-1,WAIT_RELEASE,0,0,0,400000000000,-1,0
0.05652,3,-1,WAIT_RELEASE,0,0,0,400000000000,-1,0
0.05654,0,0,INJECTING,1844301984,1844142048,7510451818,320000000000,-1,0
0.05654,1,-1,WAIT_RELEASE,0,0,0,400000000000,-1,0
0.05654,2,-1,WAIT_RELEASE,0,0,0,400000000000,-1,0
0.05654,3,-1,WAIT_RELEASE,0,0,0,400000000000,-1,0
0.05656,0,0,INJECTING,1845095000,1844935064,7510451818,320000000000,-1,0
0.05656,1,-1,WAIT_RELEASE,0,0,0,400000000000,-1,0
0.05656,2,-1,WAIT_RELEASE,0,0,0,400000000000,-1,0
0.05656,3,-1,WAIT_RELEASE,0,0,0,400000000000,-1,0
0.05658,0,0,INJECTING,1845888968,1845728080,7510451818,320000000000,-1,0
0.05658,1,-1,WAIT_RELEASE,0,0,0,400000000000,-1,0
0.05658,2,-1,WAIT_RELEASE,0,0,0,400000000000,-1,0
0.05658,3,-1,WAIT_RELEASE,0,0,0,400000000000,-1,0
0.0566,0,0,INJECTING,1846681984,1846522048,7510451818,320000000000,-1,0
0.0566,1,-1,WAIT_RELEASE,0,0,0,400000000000,-1,0
0.0566,2,-1,WAIT_RELEASE,0,0,0,400000000000,-1,0
0.0566,3,-1,WAIT_RELEASE,0,0,0,400000000000,-1,0
0.05662,0,0,INJECTING,1847475000,1847315064,7510451818,320000000000,-1,0
0.05662,1,-1,WAIT_RELEASE,0,0,0,400000000000,-1,0
0.05662,2,-1,WAIT_RELEASE,0,0,0,400000000000,-1,0
0.05662,3,-1,WAIT_RELEASE,0,0,0,400000000000,-1,0
0.05664,0,0,INJECTING,1848268968,1848108080,7510451818,320000000000,-1,0
0.05664,1,-1,WAIT_RELEASE,0,0,0,400000000000,-1,0
0.05664,2,-1,WAIT_RELEASE,0,0,0,400000000000,-1,0
0.05664,3,-1,WAIT_RELEASE,0,0,0,400000000000,-1,0
0.05666,0,0,INJECTING,1849061984,1848902048,7510451818,320000000000,-1,0
0.05666,1,-1,WAIT_RELEASE,0,0,0,400000000000,-1,0
0.05666,2,-1,WAIT_RELEASE,0,0,0,400000000000,-1,0
0.05666,3,-1,WAIT_RELEASE,0,0,0,400000000000,-1,0
0.05668,0,0,INJECTING,1849855000,1849695064,7510451818,320000000000,-1,0
0.05668,1,-1,WAIT_RELEASE,0,0,0,400000000000,-1,0
0.05668,2,-1,WAIT_RELEASE,0,0,0,400000000000,-1,0
0.05668,3,-1,WAIT_RELEASE,0,0,0,400000000000,-1,0
0.0567,0,0,INJECTING,1850648968,1850488080,7510451818,320000000000,-1,0
0.0567,1,-1,WAIT_RELEASE,0,0,0,400000000000,-1,0
0.0567,2,-1,WAIT_RELEASE,0,0,0,400000000000,-1,0
0.0567,3,-1,WAIT_RELEASE,0,0,0,400000000000,-1,0
0.05672,0,0,INJECTING,1851441984,1851282048,7510451818,320000000000,-1,0
0.05672,1,-1,WAIT_RELEASE,0,0,0,400000000000,-1,0
0.05672,2,-1,WAIT_RELEASE,0,0,0,400000000000,-1,0
0.05672,3,-1,WAIT_RELEASE,0,0,0,400000000000,-1,0
0.05674,0,0,INJECTING,1852235000,1852075064,7510451818,320000000000,-1,0
0.05674,1,-1,WAIT_RELEASE,0,0,0,400000000000,-1,0
0.05674,2,-1,WAIT_RELEASE,0,0,0,400000000000,-1,0
0.05674,3,-1,WAIT_RELEASE,0,0,0,400000000000,-1,0
0.05676,0,0,INJECTING,1853028968,1852868080,7510451818,320000000000,-1,0
0.05676,1,-1,WAIT_RELEASE,0,0,0,400000000000,-1,0
0.05676,2,-1,WAIT_RELEASE,0,0,0,400000000000,-1,0
0.05676,3,-1,WAIT_RELEASE,0,0,0,400000000000,-1,0
0.05678,0,0,INJECTING,1853821984,1853662048,7510451818,320000000000,-1,0
0.05678,1,-1,WAIT_RELEASE,0,0,0,400000000000,-1,0
0.05678,2,-1,WAIT_RELEASE,0,0,0,400000000000,-1,0
0.05678,3,-1,WAIT_RELEASE,0,0,0,400000000000,-1,0
0.0568,0,0,INJECTING,1854615000,1854455064,7510451818,320000000000,-1,0
0.0568,1,-1,WAIT_RELEASE,0,0,0,400000000000,-1,0
0.0568,2,-1,WAIT_RELEASE,0,0,0,400000000000,-1,0
0.0568,3,-1,WAIT_RELEASE,0,0,0,400000000000,-1,0
0.05682,0,0,INJECTING,1855408968,1855248080,7510451818,320000000000,-1,0
0.05682,1,-1,WAIT_RELEASE,0,0,0,400000000000,-1,0
0.05682,2,-1,WAIT_RELEASE,0,0,0,400000000000,-1,0
0.05682,3,-1,WAIT_RELEASE,0,0,0,400000000000,-1,0
0.05684,0,0,INJECTING,1856201984,1856042048,7510451818,320000000000,-1,0
0.05684,1,-1,WAIT_RELEASE,0,0,0,400000000000,-1,0
0.05684,2,-1,WAIT_RELEASE,0,0,0,400000000000,-1,0
0.05684,3,-1,WAIT_RELEASE,0,0,0,400000000000,-1,0
0.05686,0,0,INJECTING,1856995000,1856835064,7510451818,320000000000,-1,0
0.05686,1,-1,WAIT_RELEASE,0,0,0,400000000000,-1,0
0.05686,2,-1,WAIT_RELEASE,0,0,0,400000000000,-1,0
0.05686,3,-1,WAIT_RELEASE,0,0,0,400000000000,-1,0
0.05688,0,0,INJECTING,1857788968,1857628080,7510451818,320000000000,-1,0
0.05688,1,-1,WAIT_RELEASE,0,0,0,400000000000,-1,0
0.05688,2,-1,WAIT_RELEASE,0,0,0,400000000000,-1,0
0.05688,3,-1,WAIT_RELEASE,0,0,0,400000000000,-1,0
0.0569,0,0,INJECTING,1858581984,1858422048,7510451818,320000000000,-1,0
0.0569,1,-1,WAIT_RELEASE,0,0,0,400000000000,-1,0
0.0569,2,-1,WAIT_RELEASE,0,0,0,400000000000,-1,0
0.0569,3,-1,WAIT_RELEASE,0,0,0,400000000000,-1,0
0.05692,0,0,INJECTING,1859375000,1859215064,7510451818,320000000000,-1,0
0.05692,1,-1,WAIT_RELEASE,0,0,0,400000000000,-1,0
0.05692,2,-1,WAIT_RELEASE,0,0,0,400000000000,-1,0
0.05692,3,-1,WAIT_RELEASE,0,0,0,400000000000,-1,0
0.05694,0,0,INJECTING,1860168968,1860008080,7510451818,320000000000,-1,0
0.05694,1,-1,WAIT_RELEASE,0,0,0,400000000000,-1,0
0.05694,2,-1,WAIT_RELEASE,0,0,0,400000000000,-1,0
0.05694,3,-1,WAIT_RELEASE,0,0,0,400000000000,-1,0
0.05696,0,0,INJECTING,1860961984,1860802048,7510451818,320000000000,-1,0
0.05696,1,-1,WAIT_RELEASE,0,0,0,400000000000,-1,0
0.05696,2,-1,WAIT_RELEASE,0,0,0,400000000000,-1,0
0.05696,3,-1,WAIT_RELEASE,0,0,0,400000000000,-1,0
0.05698,0,0,INJECTING,1861755000,1861595064,7510451818,320000000000,-1,0
0.05698,1,-1,WAIT_RELEASE,0,0,0,400000000000,-1,0
0.05698,2,-1,WAIT_RELEASE,0,0,0,400000000000,-1,0
0.05698,3,-1,WAIT_RELEASE,0,0,0,400000000000,-1,0
0.057,0,0,INJECTING,1862548968,1862388080,7510451818,320000000000,-1,0
0.057,1,-1,WAIT_RELEASE,0,0,0,400000000000,-1,0
0.057,2,-1,WAIT_RELEASE,0,0,0,400000000000,-1,0
0.057,3,-1,WAIT_RELEASE,0,0,0,400000000000,-1,0
0.05702,0,0,INJECTING,1863341984,1863182048,7510451818,320000000000,-1,0
0.05702,1,-1,WAIT_RELEASE,0,0,0,400000000000,-1,0
0.05702,2,-1,WAIT_RELEASE,0,0,0,400000000000,-1,0
0.05702,3,-1,WAIT_RELEASE,0,0,0,400000000000,-1,0
0.05704,0,0,INJECTING,1864135000,1863975064,7510451818,320000000000,-1,0
0.05704,1,-1,WAIT_RELEASE,0,0,0,400000000000,-1,0
0.05704,2,-1,WAIT_RELEASE,0,0,0,400000000000,-1,0
0.05704,3,-1,WAIT_RELEASE,0,0,0,400000000000,-1,0
0.05706,0,0,INJECTING,1864928968,1864768080,7510451818,320000000000,-1,0
0.05706,1,-1,WAIT_RELEASE,0,0,0,400000000000,-1,0
0.05706,2,-1,WAIT_RELEASE,0,0,0,400000000000,-1,0
0.05706,3,-1,WAIT_RELEASE,0,0,0,400000000000,-1,0
0.05708,0,0,INJECTING,1865721984,1865562048,7510451818,320000000000,-1,0
0.05708,1,-1,WAIT_RELEASE,0,0,0,400000000000,-1,0
0.05708,2,-1,WAIT_RELEASE,0,0,0,400000000000,-1,0
0.05708,3,-1,WAIT_RELEASE,0,0,0,400000000000,-1,0
0.0571,0,0,INJECTING,1866515000,1866355064,7510451818,320000000000,-1,0
0.0571,1,-1,WAIT_RELEASE,0,0,0,400000000000,-1,0
0.0571,2,-1,WAIT_RELEASE,0,0,0,400000000000,-1,0
0.0571,3,-1,WAIT_RELEASE,0,0,0,400000000000,-1,0
0.05712,0,0,INJECTING,1867308968,1867148080,7510451818,320000000000,-1,0
0.05712,1,-1,WAIT_RELEASE,0,0,0,400000000000,-1,0
0.05712,2,-1,WAIT_RELEASE,0,0,0,400000000000,-1,0
0.05712,3,-1,WAIT_RELEASE,0,0,0,400000000000,-1,0
0.05714,0,0,INJECTING,1868101984,1867942048,7510451818,320000000000,-1,0
0.05714,1,-1,WAIT_RELEASE,0,0,0,400000000000,-1,0
0.05714,2,-1,WAIT_RELEASE,0,0,0,400000000000,-1,0
0.05714,3,-1,WAIT_RELEASE,0,0,0,400000000000,-1,0
0.05716,0,0,INJECTING,1868895000,1868735064,7510451818,320000000000,-1,0
0.05716,1,-1,WAIT_RELEASE,0,0,0,400000000000,-1,0
0.05716,2,-1,WAIT_RELEASE,0,0,0,400000000000,-1,0
0.05716,3,-1,WAIT_RELEASE,0,0,0,400000000000,-1,0
0.05718,0,0,INJECTING,1869688968,1869528080,7510451818,320000000000,-1,0
0.05718,1,-1,WAIT_RELEASE,0,0,0,400000000000,-1,0
0.05718,2,-1,WAIT_RELEASE,0,0,0,400000000000,-1,0
0.05718,3,-1,WAIT_RELEASE,0,0,0,400000000000,-1,0
0.0572,0,0,INJECTING,1870481984,1870322048,7510451818,320000000000,-1,0
0.0572,1,-1,WAIT_RELEASE,0,0,0,400000000000,-1,0
0.0572,2,-1,WAIT_RELEASE,0,0,0,400000000000,-1,0
0.0572,3,-1,WAIT_RELEASE,0,0,0,400000000000,-1,0
0.05722,0,0,INJECTING,1871275000,1871115064,7510451818,320000000000,-1,0
0.05722,1,-1,WAIT_RELEASE,0,0,0,400000000000,-1,0
0.05722,2,-1,WAIT_RELEASE,0,0,0,400000000000,-1,0
0.05722,3,-1,WAIT_RELEASE,0,0,0,400000000000,-1,0
0.05724,0,0,INJECTING,1872068968,1871908080,7510451818,320000000000,-1,0
0.05724,1,-1,WAIT_RELEASE,0,0,0,400000000000,-1,0
0.05724,2,-1,WAIT_RELEASE,0,0,0,400000000000,-1,0
0.05724,3,-1,WAIT_RELEASE,0,0,0,400000000000,-1,0
0.05726,0,0,INJECTING,1872861984,1872702048,7510451818,320000000000,-1,0
0.05726,1,-1,WAIT_RELEASE,0,0,0,400000000000,-1,0
0.05726,2,-1,WAIT_RELEASE,0,0,0,400000000000,-1,0
0.05726,3,-1,WAIT_RELEASE,0,0,0,400000000000,-1,0
0.05728,0,0,INJECTING,1873655000,1873495064,7510451818,320000000000,-1,0
0.05728,1,-1,WAIT_RELEASE,0,0,0,400000000000,-1,0
0.05728,2,-1,WAIT_RELEASE,0,0,0,400000000000,-1,0
0.05728,3,-1,WAIT_RELEASE,0,0,0,400000000000,-1,0
0.0573,0,0,INJECTING,1874448968,1874288080,7510451818,320000000000,-1,0
0.0573,1,-1,WAIT_RELEASE,0,0,0,400000000000,-1,0
0.0573,2,-1,WAIT_RELEASE,0,0,0,400000000000,-1,0
0.0573,3,-1,WAIT_RELEASE,0,0,0,400000000000,-1,0
0.05732,0,0,INJECTING,1875241984,1875082048,7510451818,320000000000,-1,0
0.05732,1,-1,WAIT_RELEASE,0,0,0,400000000000,-1,0
0.05732,2,-1,WAIT_RELEASE,0,0,0,400000000000,-1,0
0.05732,3,-1,WAIT_RELEASE,0,0,0,400000000000,-1,0
0.05734,0,0,INJECTING,1876035000,1875875064,7510451818,320000000000,-1,0
0.05734,1,-1,WAIT_RELEASE,0,0,0,400000000000,-1,0
0.05734,2,-1,WAIT_RELEASE,0,0,0,400000000000,-1,0
0.05734,3,-1,WAIT_RELEASE,0,0,0,400000000000,-1,0
0.05736,0,0,INJECTING,1876828968,1876668080,7510451818,320000000000,-1,0
0.05736,1,-1,WAIT_RELEASE,0,0,0,400000000000,-1,0
0.05736,2,-1,WAIT_RELEASE,0,0,0,400000000000,-1,0
0.05736,3,-1,WAIT_RELEASE,0,0,0,400000000000,-1,0
0.05738,0,0,INJECTING,1877621984,1877462048,7510451818,320000000000,-1,0
0.05738,1,-1,WAIT_RELEASE,0,0,0,400000000000,-1,0
0.05738,2,-1,WAIT_RELEASE,0,0,0,400000000000,-1,0
0.05738,3,-1,WAIT_RELEASE,0,0,0,400000000000,-1,0
0.0574,0,0,INJECTING,1878415000,1878255064,7510451818,320000000000,-1,0
0.0574,1,-1,WAIT_RELEASE,0,0,0,400000000000,-1,0
0.0574,2,-1,WAIT_RELEASE,0,0,0,400000000000,-1,0
0.0574,3,-1,WAIT_RELEASE,0,0,0,400000000000,-1,0
0.05742,0,0,INJECTING,1879208968,1879048080,7510451818,320000000000,-1,0
0.05742,1,-1,WAIT_RELEASE,0,0,0,400000000000,-1,0
0.05742,2,-1,WAIT_RELEASE,0,0,0,400000000000,-1,0
0.05742,3,-1,WAIT_RELEASE,0,0,0,400000000000,-1,0
0.05744,0,0,INJECTING,1880001984,1879842048,7510451818,320000000000,-1,0
0.05744,1,-1,WAIT_RELEASE,0,0,0,400000000000,-1,0
0.05744,2,-1,WAIT_RELEASE,0,0,0,400000000000,-1,0
0.05744,3,-1,WAIT_RELEASE,0,0,0,400000000000,-1,0
0.05746,0,0,INJECTING,1880795000,1880635064,7510451818,320000000000,-1,0
0.05746,1,-1,WAIT_RELEASE,0,0,0,400000000000,-1,0
0.05746,2,-1,WAIT_RELEASE,0,0,0,400000000000,-1,0
0.05746,3,-1,WAIT_RELEASE,0,0,0,400000000000,-1,0
0.05748,0,0,INJECTING,1881588968,1881428080,7510451818,320000000000,-1,0
0.05748,1,-1,WAIT_RELEASE,0,0,0,400000000000,-1,0
0.05748,2,-1,WAIT_RELEASE,0,0,0,400000000000,-1,0
0.05748,3,-1,WAIT_RELEASE,0,0,0,400000000000,-1,0
0.0575,0,0,INJECTING,1882381984,1882222048,7510451818,320000000000,-1,0
0.0575,1,-1,WAIT_RELEASE,0,0,0,400000000000,-1,0
0.0575,2,-1,WAIT_RELEASE,0,0,0,400000000000,-1,0
0.0575,3,-1,WAIT_RELEASE,0,0,0,400000000000,-1,0
0.05752,0,0,INJECTING,1883175000,1883015064,7510451818,320000000000,-1,0
0.05752,1,-1,WAIT_RELEASE,0,0,0,400000000000,-1,0
0.05752,2,-1,WAIT_RELEASE,0,0,0,400000000000,-1,0
0.05752,3,-1,WAIT_RELEASE,0,0,0,400000000000,-1,0
0.05754,0,0,INJECTING,1883968968,1883808080,7510451818,320000000000,-1,0
0.05754,1,-1,WAIT_RELEASE,0,0,0,400000000000,-1,0
0.05754,2,-1,WAIT_RELEASE,0,0,0,400000000000,-1,0
0.05754,3,-1,WAIT_RELEASE,0,0,0,400000000000,-1,0
0.05756,0,0,INJECTING,1884761984,1884602048,7510451818,320000000000,-1,0
0.05756,1,-1,WAIT_RELEASE,0,0,0,400000000000,-1,0
0.05756,2,-1,WAIT_RELEASE,0,0,0,400000000000,-1,0
0.05756,3,-1,WAIT_RELEASE,0,0,0,400000000000,-1,0
0.05758,0,0,INJECTING,1885555000,1885395064,7510451818,320000000000,-1,0
0.05758,1,-1,WAIT_RELEASE,0,0,0,400000000000,-1,0
0.05758,2,-1,WAIT_RELEASE,0,0,0,400000000000,-1,0
0.05758,3,-1,WAIT_RELEASE,0,0,0,400000000000,-1,0
0.0576,0,0,INJECTING,1886348968,1886188080,7510451818,320000000000,-1,0
0.0576,1,-1,WAIT_RELEASE,0,0,0,400000000000,-1,0
0.0576,2,-1,WAIT_RELEASE,0,0,0,400000000000,-1,0
0.0576,3,-1,WAIT_RELEASE,0,0,0,400000000000,-1,0
0.05762,0,0,INJECTING,1887141984,1886982048,7510451818,320000000000,-1,0
0.05762,1,-1,WAIT_RELEASE,0,0,0,400000000000,-1,0
0.05762,2,-1,WAIT_RELEASE,0,0,0,400000000000,-1,0
0.05762,3,-1,WAIT_RELEASE,0,0,0,400000000000,-1,0
0.05764,0,0,INJECTING,1887935000,1887775064,7510451818,320000000000,-1,0
0.05764,1,-1,WAIT_RELEASE,0,0,0,400000000000,-1,0
0.05764,2,-1,WAIT_RELEASE,0,0,0,400000000000,-1,0
0.05764,3,-1,WAIT_RELEASE,0,0,0,400000000000,-1,0
0.05766,0,0,INJECTING,1888728968,1888568080,7510451818,320000000000,-1,0
0.05766,1,-1,WAIT_RELEASE,0,0,0,400000000000,-1,0
0.05766,2,-1,WAIT_RELEASE,0,0,0,400000000000,-1,0
0.05766,3,-1,WAIT_RELEASE,0,0,0,400000000000,-1,0
0.05768,0,0,INJECTING,1889521984,1889362048,7510451818,320000000000,-1,0
0.05768,1,-1,WAIT_RELEASE,0,0,0,400000000000,-1,0
0.05768,2,-1,WAIT_RELEASE,0,0,0,400000000000,-1,0
0.05768,3,-1,WAIT_RELEASE,0,0,0,400000000000,-1,0
0.0577,0,0,INJECTING,1890315000,1890155064,7510451818,320000000000,-1,0
0.0577,1,-1,WAIT_RELEASE,0,0,0,400000000000,-1,0
0.0577,2,-1,WAIT_RELEASE,0,0,0,400000000000,-1,0
0.0577,3,-1,WAIT_RELEASE,0,0,0,400000000000,-1,0
0.05772,0,0,INJECTING,1891108968,1890948080,7510451818,320000000000,-1,0
0.05772,1,-1,WAIT_RELEASE,0,0,0,400000000000,-1,0
0.05772,2,-1,WAIT_RELEASE,0,0,0,400000000000,-1,0
0.05772,3,-1,WAIT_RELEASE,0,0,0,400000000000,-1,0
0.05774,0,0,INJECTING,1891901984,1891742048,7510451818,320000000000,-1,0
0.05774,1,-1,WAIT_RELEASE,0,0,0,400000000000,-1,0
0.05774,2,-1,WAIT_RELEASE,0,0,0,400000000000,-1,0
0.05774,3,-1,WAIT_RELEASE,0,0,0,400000000000,-1,0
0.05776,0,0,INJECTING,1892695000,1892535064,7510451818,320000000000,-1,0
0.05776,1,-1,WAIT_RELEASE,0,0,0,400000000000,-1,0
0.05776,2,-1,WAIT_RELEASE,0,0,0,400000000000,-1,0
0.05776,3,-1,WAIT_RELEASE,0,0,0,400000000000,-1,0
0.05778,0,0,INJECTING,1893488968,1893328080,7510451818,320000000000,-1,0
0.05778,1,-1,WAIT_RELEASE,0,0,0,400000000000,-1,0
0.05778,2,-1,WAIT_RELEASE,0,0,0,400000000000,-1,0
0.05778,3,-1,WAIT_RELEASE,0,0,0,400000000000,-1,0
0.0578,0,0,INJECTING,1894281984,1894122048,7510451818,320000000000,-1,0
0.0578,1,-1,WAIT_RELEASE,0,0,0,400000000000,-1,0
0.0578,2,-1,WAIT_RELEASE,0,0,0,400000000000,-1,0
0.0578,3,-1,WAIT_RELEASE,0,0,0,400000000000,-1,0
0.05782,0,0,INJECTING,1895075000,1894915064,7510451818,320000000000,-1,0
0.05782,1,-1,WAIT_RELEASE,0,0,0,400000000000,-1,0
0.05782,2,-1,WAIT_RELEASE,0,0,0,400000000000,-1,0
0.05782,3,-1,WAIT_RELEASE,0,0,0,400000000000,-1,0
0.05784,0,0,INJECTING,1895868968,1895708080,7510451818,320000000000,-1,0
0.05784,1,-1,WAIT_RELEASE,0,0,0,400000000000,-1,0
0.05784,2,-1,WAIT_RELEASE,0,0,0,400000000000,-1,0
0.05784,3,-1,WAIT_RELEASE,0,0,0,400000000000,-1,0
0.05786,0,0,INJECTING,1896661984,1896502048,7510451818,320000000000,-1,0
0.05786,1,-1,WAIT_RELEASE,0,0,0,400000000000,-1,0
0.05786,2,-1,WAIT_RELEASE,0,0,0,400000000000,-1,0
0.05786,3,-1,WAIT_RELEASE,0,0,0,400000000000,-1,0
0.05788,0,0,INJECTING,1897455000,1897295064,7510451818,320000000000,-1,0
0.05788,1,-1,WAIT_RELEASE,0,0,0,400000000000,-1,0
0.05788,2,-1,WAIT_RELEASE,0,0,0,400000000000,-1,0
0.05788,3,-1,WAIT_RELEASE,0,0,0,400000000000,-1,0
0.0579,0,0,INJECTING,1898248968,1898088080,7510451818,320000000000,-1,0
0.0579,1,-1,WAIT_RELEASE,0,0,0,400000000000,-1,0
0.0579,2,-1,WAIT_RELEASE,0,0,0,400000000000,-1,0
0.0579,3,-1,WAIT_RELEASE,0,0,0,400000000000,-1,0
0.05792,0,0,INJECTING,1899041984,1898882048,7510451818,320000000000,-1,0
0.05792,1,-1,WAIT_RELEASE,0,0,0,400000000000,-1,0
0.05792,2,-1,WAIT_RELEASE,0,0,0,400000000000,-1,0
0.05792,3,-1,WAIT_RELEASE,0,0,0,400000000000,-1,0
0.05794,0,0,INJECTING,1899835000,1899675064,7510451818,320000000000,-1,0
0.05794,1,-1,WAIT_RELEASE,0,0,0,400000000000,-1,0
0.05794,2,-1,WAIT_RELEASE,0,0,0,400000000000,-1,0
0.05794,3,-1,WAIT_RELEASE,0,0,0,400000000000,-1,0
0.05796,0,0,INJECTING,1900628968,1900468080,7510451818,320000000000,-1,0
0.05796,1,-1,WAIT_RELEASE,0,0,0,400000000000,-1,0
0.05796,2,-1,WAIT_RELEASE,0,0,0,400000000000,-1,0
0.05796,3,-1,WAIT_RELEASE,0,0,0,400000000000,-1,0
0.05798,0,0,INJECTING,1901421984,1901262048,7510451818,320000000000,-1,0
0.05798,1,-1,WAIT_RELEASE,0,0,0,400000000000,-1,0
0.05798,2,-1,WAIT_RELEASE,0,0,0,400000000000,-1,0
0.05798,3,-1,WAIT_RELEASE,0,0,0,400000000000,-1,0
0.058,0,0,INJECTING,1902215000,1902055064,7510451818,320000000000,-1,0
0.058,1,-1,WAIT_RELEASE,0,0,0,400000000000,-1,0
0.058,2,-1,WAIT_RELEASE,0,0,0,400000000000,-1,0
0.058,3,-1,WAIT_RELEASE,0,0,0,400000000000,-1,0
0.05802,0,0,INJECTING,1903008968,1902848080,7510451818,320000000000,-1,0
0.05802,1,-1,WAIT_RELEASE,0,0,0,400000000000,-1,0
0.05802,2,-1,WAIT_RELEASE,0,0,0,400000000000,-1,0
0.05802,3,-1,WAIT_RELEASE,0,0,0,400000000000,-1,0
0.05804,0,0,INJECTING,1903801984,1903642048,7510451818,320000000000,-1,0
0.05804,1,-1,WAIT_RELEASE,0,0,0,400000000000,-1,0
0.05804,2,-1,WAIT_RELEASE,0,0,0,400000000000,-1,0
0.05804,3,-1,WAIT_RELEASE,0,0,0,400000000000,-1,0
0.05806,0,0,INJECTING,1904595000,1904435064,7510451818,320000000000,-1,0
0.05806,1,-1,WAIT_RELEASE,0,0,0,400000000000,-1,0
0.05806,2,-1,WAIT_RELEASE,0,0,0,400000000000,-1,0
0.05806,3,-1,WAIT_RELEASE,0,0,0,400000000000,-1,0
0.05808,0,0,INJECTING,1905388968,1905228080,7510451818,320000000000,-1,0
0.05808,1,-1,WAIT_RELEASE,0,0,0,400000000000,-1,0
0.05808,2,-1,WAIT_RELEASE,0,0,0,400000000000,-1,0
0.05808,3,-1,WAIT_RELEASE,0,0,0,400000000000,-1,0
0.0581,0,0,INJECTING,1906181984,1906022048,7510451818,320000000000,-1,0
0.0581,1,-1,WAIT_RELEASE,0,0,0,400000000000,-1,0
0.0581,2,-1,WAIT_RELEASE,0,0,0,400000000000,-1,0
0.0581,3,-1,WAIT_RELEASE,0,0,0,400000000000,-1,0
0.05812,0,0,INJECTING,1906975000,1906815064,7510451818,320000000000,-1,0
0.05812,1,-1,WAIT_RELEASE,0,0,0,400000000000,-1,0
0.05812,2,-1,WAIT_RELEASE,0,0,0,400000000000,-1,0
0.05812,3,-1,WAIT_RELEASE,0,0,0,400000000000,-1,0
0.05814,0,0,INJECTING,1907768968,1907608080,7510451818,320000000000,-1,0
0.05814,1,-1,WAIT_RELEASE,0,0,0,400000000000,-1,0
0.05814,2,-1,WAIT_RELEASE,0,0,0,400000000000,-1,0
0.05814,3,-1,WAIT_RELEASE,0,0,0,400000000000,-1,0
0.05816,0,0,INJECTING,1908561984,1908402048,7510451818,320000000000,-1,0
0.05816,1,-1,WAIT_RELEASE,0,0,0,400000000000,-1,0
0.05816,2,-1,WAIT_RELEASE,0,0,0,400000000000,-1,0
0.05816,3,-1,WAIT_RELEASE,0,0,0,400000000000,-1,0
0.05818,0,0,INJECTING,1909355000,1909195064,7510451818,320000000000,-1,0
0.05818,1,-1,WAIT_RELEASE,0,0,0,400000000000,-1,0
0.05818,2,-1,WAIT_RELEASE,0,0,0,400000000000,-1,0
0.05818,3,-1,WAIT_RELEASE,0,0,0,400000000000,-1,0
0.0582,0,0,INJECTING,1910148968,1909988080,7510451818,320000000000,-1,0
0.0582,1,-1,WAIT_RELEASE,0,0,0,400000000000,-1,0
0.0582,2,-1,WAIT_RELEASE,0,0,0,400000000000,-1,0
0.0582,3,-1,WAIT_RELEASE,0,0,0,400000000000,-1,0
0.05822,0,0,INJECTING,1910941984,1910782048,7510451818,320000000000,-1,0
0.05822,1,-1,WAIT_RELEASE,0,0,0,400000000000,-1,0
0.05822,2,-1,WAIT_RELEASE,0,0,0,400000000000,-1,0
0.05822,3,-1,WAIT_RELEASE,0,0,0,400000000000,-1,0
0.05824,0,0,INJECTING,1911735000,1911575064,7510451818,320000000000,-1,0
0.05824,1,-1,WAIT_RELEASE,0,0,0,400000000000,-1,0
0.05824,2,-1,WAIT_RELEASE,0,0,0,400000000000,-1,0
0.05824,3,-1,WAIT_RELEASE,0,0,0,400000000000,-1,0
0.05826,0,0,INJECTING,1912528968,1912368080,7510451818,320000000000,-1,0
0.05826,1,-1,WAIT_RELEASE,0,0,0,400000000000,-1,0
0.05826,2,-1,WAIT_RELEASE,0,0,0,400000000000,-1,0
0.05826,3,-1,WAIT_RELEASE,0,0,0,400000000000,-1,0
0.05828,0,0,INJECTING,1913321984,1913162048,7510451818,320000000000,-1,0
0.05828,1,-1,WAIT_RELEASE,0,0,0,400000000000,-1,0
0.05828,2,-1,WAIT_RELEASE,0,0,0,400000000000,-1,0
0.05828,3,-1,WAIT_RELEASE,0,0,0,400000000000,-1,0
0.0583,0,0,INJECTING,1914115000,1913955064,7510451818,320000000000,-1,0
0.0583,1,-1,WAIT_RELEASE,0,0,0,400000000000,-1,0
0.0583,2,-1,WAIT_RELEASE,0,0,0,400000000000,-1,0
0.0583,3,-1,WAIT_RELEASE,0,0,0,400000000000,-1,0
0.05832,0,0,INJECTING,1914908968,1914748080,7510451818,320000000000,-1,0
0.05832,1,-1,WAIT_RELEASE,0,0,0,400000000000,-1,0
0.05832,2,-1,WAIT_RELEASE,0,0,0,400000000000,-1,0
0.05832,3,-1,WAIT_RELEASE,0,0,0,400000000000,-1,0
0.05834,0,0,INJECTING,1915701984,1915542048,7510451818,320000000000,-1,0
0.05834,1,-1,WAIT_RELEASE,0,0,0,400000000000,-1,0
0.05834,2,-1,WAIT_RELEASE,0,0,0,400000000000,-1,0
0.05834,3,-1,WAIT_RELEASE,0,0,0,400000000000,-1,0
0.05836,0,0,INJECTING,1916495000,1916335064,7510451818,320000000000,-1,0
0.05836,1,-1,WAIT_RELEASE,0,0,0,400000000000,-1,0
0.05836,2,-1,WAIT_RELEASE,0,0,0,400000000000,-1,0
0.05836,3,-1,WAIT_RELEASE,0,0,0,400000000000,-1,0
0.05838,0,0,INJECTING,1917288968,1917128080,7510451818,320000000000,-1,0
0.05838,1,-1,WAIT_RELEASE,0,0,0,400000000000,-1,0
0.05838,2,-1,WAIT_RELEASE,0,0,0,400000000000,-1,0
0.05838,3,-1,WAIT_RELEASE,0,0,0,400000000000,-1,0
0.0584,0,0,INJECTING,1918081984,1917922048,7510451818,320000000000,-1,0
0.0584,1,-1,WAIT_RELEASE,0,0,0,400000000000,-1,0
0.0584,2,-1,WAIT_RELEASE,0,0,0,400000000000,-1,0
0.0584,3,-1,WAIT_RELEASE,0,0,0,400000000000,-1,0
0.05842,0,0,INJECTING,1918875000,1918715064,7510451818,320000000000,-1,0
0.05842,1,-1,WAIT_RELEASE,0,0,0,400000000000,-1,0
0.05842,2,-1,WAIT_RELEASE,0,0,0,400000000000,-1,0
0.05842,3,-1,WAIT_RELEASE,0,0,0,400000000000,-1,0
0.05844,0,0,INJECTING,1919668968,1919508080,7510451818,320000000000,-1,0
0.05844,1,-1,WAIT_RELEASE,0,0,0,400000000000,-1,0
0.05844,2,-1,WAIT_RELEASE,0,0,0,400000000000,-1,0
0.05844,3,-1,WAIT_RELEASE,0,0,0,400000000000,-1,0
0.05846,0,0,INJECTING,1920461984,1920302048,7510451818,320000000000,-1,0
0.05846,1,-1,WAIT_RELEASE,0,0,0,400000000000,-1,0
0.05846,2,-1,WAIT_RELEASE,0,0,0,400000000000,-1,0
0.05846,3,-1,WAIT_RELEASE,0,0,0,400000000000,-1,0
0.05848,0,0,INJECTING,1921255000,1921095064,7510451818,320000000000,-1,0
0.05848,1,-1,WAIT_RELEASE,0,0,0,400000000000,-1,0
0.05848,2,-1,WAIT_RELEASE,0,0,0,400000000000,-1,0
0.05848,3,-1,WAIT_RELEASE,0,0,0,400000000000,-1,0
0.0585,0,0,INJECTING,1922048968,1921888080,7510451818,320000000000,-1,0
0.0585,1,-1,WAIT_RELEASE,0,0,0,400000000000,-1,0
0.0585,2,-1,WAIT_RELEASE,0,0,0,400000000000,-1,0
0.0585,3,-1,WAIT_RELEASE,0,0,0,400000000000,-1,0
0.05852,0,0,INJECTING,1922841984,1922682048,7510451818,320000000000,-1,0
0.05852,1,-1,WAIT_RELEASE,0,0,0,400000000000,-1,0
0.05852,2,-1,WAIT_RELEASE,0,0,0,400000000000,-1,0
0.05852,3,-1,WAIT_RELEASE,0,0,0,400000000000,-1,0
0.05854,0,0,INJECTING,1923635000,1923475064,7510451818,320000000000,-1,0
0.05854,1,-1,WAIT_RELEASE,0,0,0,400000000000,-1,0
0.05854,2,-1,WAIT_RELEASE,0,0,0,400000000000,-1,0
0.05854,3,-1,WAIT_RELEASE,0,0,0,400000000000,-1,0
0.05856,0,0,INJECTING,1924428968,1924268080,7510451818,320000000000,-1,0
0.05856,1,-1,WAIT_RELEASE,0,0,0,400000000000,-1,0
0.05856,2,-1,WAIT_RELEASE,0,0,0,400000000000,-1,0
0.05856,3,-1,WAIT_RELEASE,0,0,0,400000000000,-1,0
0.05858,0,0,INJECTING,1925221984,1925062048,7510451818,320000000000,-1,0
0.05858,1,-1,WAIT_RELEASE,0,0,0,400000000000,-1,0
0.05858,2,-1,WAIT_RELEASE,0,0,0,400000000000,-1,0
0.05858,3,-1,WAIT_RELEASE,0,0,0,400000000000,-1,0
0.0586,0,0,INJECTING,1926015000,1925855064,7510451818,320000000000,-1,0
0.0586,1,-1,WAIT_RELEASE,0,0,0,400000000000,-1,0
0.0586,2,-1,WAIT_RELEASE,0,0,0,400000000000,-1,0
0.0586,3,-1,WAIT_RELEASE,0,0,0,400000000000,-1,0
0.05862,0,0,INJECTING,1926808968,1926648080,7510451818,320000000000,-1,0
0.05862,1,-1,WAIT_RELEASE,0,0,0,400000000000,-1,0
0.05862,2,-1,WAIT_RELEASE,0,0,0,400000000000,-1,0
0.05862,3,-1,WAIT_RELEASE,0,0,0,400000000000,-1,0
0.05864,0,0,INJECTING,1927601984,1927442048,7510451818,320000000000,-1,0
0.05864,1,-1,WAIT_RELEASE,0,0,0,400000000000,-1,0
0.05864,2,-1,WAIT_RELEASE,0,0,0,400000000000,-1,0
0.05864,3,-1,WAIT_RELEASE,0,0,0,400000000000,-1,0
0.05866,0,0,INJECTING,1928395000,1928235064,7510451818,320000000000,-1,0
0.05866,1,-1,WAIT_RELEASE,0,0,0,400000000000,-1,0
0.05866,2,-1,WAIT_RELEASE,0,0,0,400000000000,-1,0
0.05866,3,-1,WAIT_RELEASE,0,0,0,400000000000,-1,0
0.05868,0,0,INJECTING,1929188968,1929028080,7510451818,320000000000,-1,0
0.05868,1,-1,WAIT_RELEASE,0,0,0,400000000000,-1,0
0.05868,2,-1,WAIT_RELEASE,0,0,0,400000000000,-1,0
0.05868,3,-1,WAIT_RELEASE,0,0,0,400000000000,-1,0
0.0587,0,0,INJECTING,1929981984,1929822048,7510451818,320000000000,-1,0
0.0587,1,-1,WAIT_RELEASE,0,0,0,400000000000,-1,0
0.0587,2,-1,WAIT_RELEASE,0,0,0,400000000000,-1,0
0.0587,3,-1,WAIT_RELEASE,0,0,0,400000000000,-1,0
0.05872,0,0,INJECTING,1930775000,1930615064,7510451818,320000000000,-1,0
0.05872,1,-1,WAIT_RELEASE,0,0,0,400000000000,-1,0
0.05872,2,-1,WAIT_RELEASE,0,0,0,400000000000,-1,0
0.05872,3,-1,WAIT_RELEASE,0,0,0,400000000000,-1,0
0.05874,0,0,INJECTING,1931568968,1931408080,7510451818,320000000000,-1,0
0.05874,1,-1,WAIT_RELEASE,0,0,0,400000000000,-1,0
0.05874,2,-1,WAIT_RELEASE,0,0,0,400000000000,-1,0
0.05874,3,-1,WAIT_RELEASE,0,0,0,400000000000,-1,0
0.05876,0,0,INJECTING,1932361984,1932202048,7510451818,320000000000,-1,0
0.05876,1,-1,WAIT_RELEASE,0,0,0,400000000000,-1,0
0.05876,2,-1,WAIT_RELEASE,0,0,0,400000000000,-1,0
0.05876,3,-1,WAIT_RELEASE,0,0,0,400000000000,-1,0
0.05878,0,0,INJECTING,1933155000,1932995064,7510451818,320000000000,-1,0
0.05878,1,-1,WAIT_RELEASE,0,0,0,400000000000,-1,0
0.05878,2,-1,WAIT_RELEASE,0,0,0,400000000000,-1,0
0.05878,3,-1,WAIT_RELEASE,0,0,0,400000000000,-1,0
0.0588,0,0,INJECTING,1933948968,1933788080,7510451818,320000000000,-1,0
0.0588,1,-1,WAIT_RELEASE,0,0,0,400000000000,-1,0
0.0588,2,-1,WAIT_RELEASE,0,0,0,400000000000,-1,0
0.0588,3,-1,WAIT_RELEASE,0,0,0,400000000000,-1,0
0.05882,0,0,INJECTING,1934741984,1934582048,7510451818,320000000000,-1,0
0.05882,1,-1,WAIT_RELEASE,0,0,0,400000000000,-1,0
0.05882,2,-1,WAIT_RELEASE,0,0,0,400000000000,-1,0
0.05882,3,-1,WAIT_RELEASE,0,0,0,400000000000,-1,0
0.05884,0,0,INJECTING,1935535000,1935375064,7510451818,320000000000,-1,0
0.05884,1,-1,WAIT_RELEASE,0,0,0,400000000000,-1,0
0.05884,2,-1,WAIT_RELEASE,0,0,0,400000000000,-1,0
0.05884,3,-1,WAIT_RELEASE,0,0,0,400000000000,-1,0
0.05886,0,0,INJECTING,1936328968,1936168080,7510451818,320000000000,-1,0
0.05886,1,-1,WAIT_RELEASE,0,0,0,400000000000,-1,0
0.05886,2,-1,WAIT_RELEASE,0,0,0,400000000000,-1,0
0.05886,3,-1,WAIT_RELEASE,0,0,0,400000000000,-1,0
0.05888,0,0,INJECTING,1937121984,1936962048,7510451818,320000000000,-1,0
0.05888,1,-1,WAIT_RELEASE,0,0,0,400000000000,-1,0
0.05888,2,-1,WAIT_RELEASE,0,0,0,400000000000,-1,0
0.05888,3,-1,WAIT_RELEASE,0,0,0,400000000000,-1,0
0.0589,0,0,INJECTING,1937915000,1937755064,7510451818,320000000000,-1,0
0.0589,1,-1,WAIT_RELEASE,0,0,0,400000000000,-1,0
0.0589,2,-1,WAIT_RELEASE,0,0,0,400000000000,-1,0
0.0589,3,-1,WAIT_RELEASE,0,0,0,400000000000,-1,0
0.05892,0,0,INJECTING,1938708968,1938548080,7510451818,320000000000,-1,0
0.05892,1,-1,WAIT_RELEASE,0,0,0,400000000000,-1,0
0.05892,2,-1,WAIT_RELEASE,0,0,0,400000000000,-1,0
0.05892,3,-1,WAIT_RELEASE,0,0,0,400000000000,-1,0
0.05894,0,0,INJECTING,1939501984,1939342048,7510451818,320000000000,-1,0
0.05894,1,-1,WAIT_RELEASE,0,0,0,400000000000,-1,0
0.05894,2,-1,WAIT_RELEASE,0,0,0,400000000000,-1,0
0.05894,3,-1,WAIT_RELEASE,0,0,0,400000000000,-1,0
0.05896,0,0,INJECTING,1940295000,1940135064,7510451818,320000000000,-1,0
0.05896,1,-1,WAIT_RELEASE,0,0,0,400000000000,-1,0
0.05896,2,-1,WAIT_RELEASE,0,0,0,400000000000,-1,0
0.05896,3,-1,WAIT_RELEASE,0,0,0,400000000000,-1,0
0.05898,0,0,INJECTING,1941088968,1940928080,7510451818,320000000000,-1,0
0.05898,1,-1,WAIT_RELEASE,0,0,0,400000000000,-1,0
0.05898,2,-1,WAIT_RELEASE,0,0,0,400000000000,-1,0
0.05898,3,-1,WAIT_RELEASE,0,0,0,400000000000,-1,0
0.059,0,0,INJECTING,1941881984,1941722048,7510451818,320000000000,-1,0
0.059,1,-1,WAIT_RELEASE,0,0,0,400000000000,-1,0
0.059,2,-1,WAIT_RELEASE,0,0,0,400000000000,-1,0
0.059,3,-1,WAIT_RELEASE,0,0,0,400000000000,-1,0
0.05902,0,0,INJECTING,1942675000,1942515064,7510451818,320000000000,-1,0
0.05902,1,-1,WAIT_RELEASE,0,0,0,400000000000,-1,0
0.05902,2,-1,WAIT_RELEASE,0,0,0,400000000000,-1,0
0.05902,3,-1,WAIT_RELEASE,0,0,0,400000000000,-1,0
0.05904,0,0,INJECTING,1943468968,1943308080,7510451818,320000000000,-1,0
0.05904,1,-1,WAIT_RELEASE,0,0,0,400000000000,-1,0
0.05904,2,-1,WAIT_RELEASE,0,0,0,400000000000,-1,0
0.05904,3,-1,WAIT_RELEASE,0,0,0,400000000000,-1,0
0.05906,0,0,INJECTING,1944261984,1944102048,7510451818,320000000000,-1,0
0.05906,1,-1,WAIT_RELEASE,0,0,0,400000000000,-1,0
0.05906,2,-1,WAIT_RELEASE,0,0,0,400000000000,-1,0
0.05906,3,-1,WAIT_RELEASE,0,0,0,400000000000,-1,0
0.05908,0,0,INJECTING,1945055000,1944895064,7510451818,320000000000,-1,0
0.05908,1,-1,WAIT_RELEASE,0,0,0,400000000000,-1,0
0.05908,2,-1,WAIT_RELEASE,0,0,0,400000000000,-1,0
0.05908,3,-1,WAIT_RELEASE,0,0,0,400000000000,-1,0
0.0591,0,0,INJECTING,1945848968,1945688080,7510451818,320000000000,-1,0
0.0591,1,-1,WAIT_RELEASE,0,0,0,400000000000,-1,0
0.0591,2,-1,WAIT_RELEASE,0,0,0,400000000000,-1,0
0.0591,3,-1,WAIT_RELEASE,0,0,0,400000000000,-1,0
0.05912,0,0,INJECTING,1946641984,1946482048,7510451818,320000000000,-1,0
0.05912,1,-1,WAIT_RELEASE,0,0,0,400000000000,-1,0
0.05912,2,-1,WAIT_RELEASE,0,0,0,400000000000,-1,0
0.05912,3,-1,WAIT_RELEASE,0,0,0,400000000000,-1,0
0.05914,0,0,INJECTING,1947435000,1947275064,7510451818,320000000000,-1,0
0.05914,1,-1,WAIT_RELEASE,0,0,0,400000000000,-1,0
0.05914,2,-1,WAIT_RELEASE,0,0,0,400000000000,-1,0
0.05914,3,-1,WAIT_RELEASE,0,0,0,400000000000,-1,0
0.05916,0,0,INJECTING,1948228968,1948068080,7510451818,320000000000,-1,0
0.05916,1,-1,WAIT_RELEASE,0,0,0,400000000000,-1,0
0.05916,2,-1,WAIT_RELEASE,0,0,0,400000000000,-1,0
0.05916,3,-1,WAIT_RELEASE,0,0,0,400000000000,-1,0
0.05918,0,0,INJECTING,1949021984,1948862048,7510451818,320000000000,-1,0
0.05918,1,-1,WAIT_RELEASE,0,0,0,400000000000,-1,0
0.05918,2,-1,WAIT_RELEASE,0,0,0,400000000000,-1,0
0.05918,3,-1,WAIT_RELEASE,0,0,0,400000000000,-1,0
0.0592,0,0,INJECTING,1949815000,1949655064,7510451818,320000000000,-1,0
0.0592,1,-1,WAIT_RELEASE,0,0,0,400000000000,-1,0
0.0592,2,-1,WAIT_RELEASE,0,0,0,400000000000,-1,0
0.0592,3,-1,WAIT_RELEASE,0,0,0,400000000000,-1,0
0.05922,0,0,INJECTING,1950608968,1950448080,7510451818,320000000000,-1,0
0.05922,1,-1,WAIT_RELEASE,0,0,0,400000000000,-1,0
0.05922,2,-1,WAIT_RELEASE,0,0,0,400000000000,-1,0
0.05922,3,-1,WAIT_RELEASE,0,0,0,400000000000,-1,0
0.05924,0,0,INJECTING,1951401984,1951242048,7510451818,320000000000,-1,0
0.05924,1,-1,WAIT_RELEASE,0,0,0,400000000000,-1,0
0.05924,2,-1,WAIT_RELEASE,0,0,0,400000000000,-1,0
0.05924,3,-1,WAIT_RELEASE,0,0,0,400000000000,-1,0
0.05926,0,0,INJECTING,1952195000,1952035064,7510451818,320000000000,-1,0
0.05926,1,-1,WAIT_RELEASE,0,0,0,400000000000,-1,0
0.05926,2,-1,WAIT_RELEASE,0,0,0,400000000000,-1,0
0.05926,3,-1,WAIT_RELEASE,0,0,0,400000000000,-1,0
0.05928,0,0,INJECTING,1952988968,1952828080,7510451818,320000000000,-1,0
0.05928,1,-1,WAIT_RELEASE,0,0,0,400000000000,-1,0
0.05928,2,-1,WAIT_RELEASE,0,0,0,400000000000,-1,0
0.05928,3,-1,WAIT_RELEASE,0,0,0,400000000000,-1,0
0.0593,0,0,INJECTING,1953781984,1953622048,7510451818,320000000000,-1,0
0.0593,1,-1,WAIT_RELEASE,0,0,0,400000000000,-1,0
0.0593,2,-1,WAIT_RELEASE,0,0,0,400000000000,-1,0
0.0593,3,-1,WAIT_RELEASE,0,0,0,400000000000,-1,0
0.05932,0,0,INJECTING,1954575000,1954415064,7510451818,320000000000,-1,0
0.05932,1,-1,WAIT_RELEASE,0,0,0,400000000000,-1,0
0.05932,2,-1,WAIT_RELEASE,0,0,0,400000000000,-1,0
0.05932,3,-1,WAIT_RELEASE,0,0,0,400000000000,-1,0
0.05934,0,0,INJECTING,1955368968,1955208080,7510451818,320000000000,-1,0
0.05934,1,-1,WAIT_RELEASE,0,0,0,400000000000,-1,0
0.05934,2,-1,WAIT_RELEASE,0,0,0,400000000000,-1,0
0.05934,3,-1,WAIT_RELEASE,0,0,0,400000000000,-1,0
0.05936,0,0,INJECTING,1956161984,1956002048,7510451818,320000000000,-1,0
0.05936,1,-1,WAIT_RELEASE,0,0,0,400000000000,-1,0
0.05936,2,-1,WAIT_RELEASE,0,0,0,400000000000,-1,0
0.05936,3,-1,WAIT_RELEASE,0,0,0,400000000000,-1,0
0.05938,0,0,INJECTING,1956955000,1956795064,7510451818,320000000000,-1,0
0.05938,1,-1,WAIT_RELEASE,0,0,0,400000000000,-1,0
0.05938,2,-1,WAIT_RELEASE,0,0,0,400000000000,-1,0
0.05938,3,-1,WAIT_RELEASE,0,0,0,400000000000,-1,0
0.0594,0,0,INJECTING,1957748968,1957588080,7510451818,320000000000,-1,0
0.0594,1,-1,WAIT_RELEASE,0,0,0,400000000000,-1,0
0.0594,2,-1,WAIT_RELEASE,0,0,0,400000000000,-1,0
0.0594,3,-1,WAIT_RELEASE,0,0,0,400000000000,-1,0
0.05942,0,0,INJECTING,1958541984,1958382048,7510451818,320000000000,-1,0
0.05942,1,-1,WAIT_RELEASE,0,0,0,400000000000,-1,0
0.05942,2,-1,WAIT_RELEASE,0,0,0,400000000000,-1,0
0.05942,3,-1,WAIT_RELEASE,0,0,0,400000000000,-1,0
0.05944,0,0,INJECTING,1959335000,1959175064,7510451818,320000000000,-1,0
0.05944,1,-1,WAIT_RELEASE,0,0,0,400000000000,-1,0
0.05944,2,-1,WAIT_RELEASE,0,0,0,400000000000,-1,0
0.05944,3,-1,WAIT_RELEASE,0,0,0,400000000000,-1,0
0.05946,0,0,INJECTING,1960128968,1959968080,7510451818,320000000000,-1,0
0.05946,1,-1,WAIT_RELEASE,0,0,0,400000000000,-1,0
0.05946,2,-1,WAIT_RELEASE,0,0,0,400000000000,-1,0
0.05946,3,-1,WAIT_RELEASE,0,0,0,400000000000,-1,0
0.05948,0,0,INJECTING,1960921984,1960762048,7510451818,320000000000,-1,0
0.05948,1,-1,WAIT_RELEASE,0,0,0,400000000000,-1,0
0.05948,2,-1,WAIT_RELEASE,0,0,0,400000000000,-1,0
0.05948,3,-1,WAIT_RELEASE,0,0,0,400000000000,-1,0
0.0595,0,0,INJECTING,1961715000,1961555064,7510451818,320000000000,-1,0
0.0595,1,-1,WAIT_RELEASE,0,0,0,400000000000,-1,0
0.0595,2,-1,WAIT_RELEASE,0,0,0,400000000000,-1,0
0.0595,3,-1,WAIT_RELEASE,0,0,0,400000000000,-1,0
0.05952,0,0,INJECTING,1962508968,1962348080,7510451818,320000000000,-1,0
0.05952,1,-1,WAIT_RELEASE,0,0,0,400000000000,-1,0
0.05952,2,-1,WAIT_RELEASE,0,0,0,400000000000,-1,0
0.05952,3,-1,WAIT_RELEASE,0,0,0,400000000000,-1,0
0.05954,0,0,INJECTING,1963301984,1963142048,7510451818,320000000000,-1,0
0.05954,1,-1,WAIT_RELEASE,0,0,0,400000000000,-1,0
0.05954,2,-1,WAIT_RELEASE,0,0,0,400000000000,-1,0
0.05954,3,-1,WAIT_RELEASE,0,0,0,400000000000,-1,0
0.05956,0,0,INJECTING,1964095000,1963935064,7510451818,320000000000,-1,0
0.05956,1,-1,WAIT_RELEASE,0,0,0,400000000000,-1,0
0.05956,2,-1,WAIT_RELEASE,0,0,0,400000000000,-1,0
0.05956,3,-1,WAIT_RELEASE,0,0,0,400000000000,-1,0
0.05958,0,0,INJECTING,1964888968,1964728080,7510451818,320000000000,-1,0
0.05958,1,-1,WAIT_RELEASE,0,0,0,400000000000,-1,0
0.05958,2,-1,WAIT_RELEASE,0,0,0,400000000000,-1,0
0.05958,3,-1,WAIT_RELEASE,0,0,0,400000000000,-1,0
0.0596,0,0,INJECTING,1965681984,1965522048,7510451818,320000000000,-1,0
0.0596,1,-1,WAIT_RELEASE,0,0,0,400000000000,-1,0
0.0596,2,-1,WAIT_RELEASE,0,0,0,400000000000,-1,0
0.0596,3,-1,WAIT_RELEASE,0,0,0,400000000000,-1,0
0.05962,0,0,INJECTING,1966475000,1966315064,7510451818,320000000000,-1,0
0.05962,1,-1,WAIT_RELEASE,0,0,0,400000000000,-1,0
0.05962,2,-1,WAIT_RELEASE,0,0,0,400000000000,-1,0
0.05962,3,-1,WAIT_RELEASE,0,0,0,400000000000,-1,0
0.05964,0,0,INJECTING,1967268968,1967108080,7510451818,320000000000,-1,0
0.05964,1,-1,WAIT_RELEASE,0,0,0,400000000000,-1,0
0.05964,2,-1,WAIT_RELEASE,0,0,0,400000000000,-1,0
0.05964,3,-1,WAIT_RELEASE,0,0,0,400000000000,-1,0
0.05966,0,0,INJECTING,1968061984,1967902048,7510451818,320000000000,-1,0
0.05966,1,-1,WAIT_RELEASE,0,0,0,400000000000,-1,0
0.05966,2,-1,WAIT_RELEASE,0,0,0,400000000000,-1,0
0.05966,3,-1,WAIT_RELEASE,0,0,0,400000000000,-1,0
0.05968,0,0,INJECTING,1968855000,1968695064,7510451818,320000000000,-1,0
0.05968,1,-1,WAIT_RELEASE,0,0,0,400000000000,-1,0
0.05968,2,-1,WAIT_RELEASE,0,0,0,400000000000,-1,0
0.05968,3,-1,WAIT_RELEASE,0,0,0,400000000000,-1,0
0.0597,0,0,INJECTING,1969648968,1969488080,7510451818,320000000000,-1,0
0.0597,1,-1,WAIT_RELEASE,0,0,0,400000000000,-1,0
0.0597,2,-1,WAIT_RELEASE,0,0,0,400000000000,-1,0
0.0597,3,-1,WAIT_RELEASE,0,0,0,400000000000,-1,0
0.05972,0,0,INJECTING,1970441984,1970282048,7510451818,320000000000,-1,0
0.05972,1,-1,WAIT_RELEASE,0,0,0,400000000000,-1,0
0.05972,2,-1,WAIT_RELEASE,0,0,0,400000000000,-1,0
0.05972,3,-1,WAIT_RELEASE,0,0,0,400000000000,-1,0
0.05974,0,0,INJECTING,1971235000,1971075064,7510451818,320000000000,-1,0
0.05974,1,-1,WAIT_RELEASE,0,0,0,400000000000,-1,0
0.05974,2,-1,WAIT_RELEASE,0,0,0,400000000000,-1,0
0.05974,3,-1,WAIT_RELEASE,0,0,0,400000000000,-1,0
0.05976,0,0,INJECTING,1972028968,1971868080,7510451818,320000000000,-1,0
0.05976,1,-1,WAIT_RELEASE,0,0,0,400000000000,-1,0
0.05976,2,-1,WAIT_RELEASE,0,0,0,400000000000,-1,0
0.05976,3,-1,WAIT_RELEASE,0,0,0,400000000000,-1,0
0.05978,0,0,INJECTING,1972821984,1972662048,7510451818,320000000000,-1,0
0.05978,1,-1,WAIT_RELEASE,0,0,0,400000000000,-1,0
0.05978,2,-1,WAIT_RELEASE,0,0,0,400000000000,-1,0
0.05978,3,-1,WAIT_RELEASE,0,0,0,400000000000,-1,0
0.0598,0,0,INJECTING,1973615000,1973455064,7510451818,320000000000,-1,0
0.0598,1,-1,WAIT_RELEASE,0,0,0,400000000000,-1,0
0.0598,2,-1,WAIT_RELEASE,0,0,0,400000000000,-1,0
0.0598,3,-1,WAIT_RELEASE,0,0,0,400000000000,-1,0
0.05982,0,0,INJECTING,1974408968,1974248080,7510451818,320000000000,-1,0
0.05982,1,-1,WAIT_RELEASE,0,0,0,400000000000,-1,0
0.05982,2,-1,WAIT_RELEASE,0,0,0,400000000000,-1,0
0.05982,3,-1,WAIT_RELEASE,0,0,0,400000000000,-1,0
0.05984,0,0,INJECTING,1975201984,1975042048,7510451818,320000000000,-1,0
0.05984,1,-1,WAIT_RELEASE,0,0,0,400000000000,-1,0
0.05984,2,-1,WAIT_RELEASE,0,0,0,400000000000,-1,0
0.05984,3,-1,WAIT_RELEASE,0,0,0,400000000000,-1,0
0.05986,0,0,INJECTING,1975995000,1975835064,7510451818,320000000000,-1,0
0.05986,1,-1,WAIT_RELEASE,0,0,0,400000000000,-1,0
0.05986,2,-1,WAIT_RELEASE,0,0,0,400000000000,-1,0
0.05986,3,-1,WAIT_RELEASE,0,0,0,400000000000,-1,0
0.05988,0,0,INJECTING,1976788968,1976628080,7510451818,320000000000,-1,0
0.05988,1,-1,WAIT_RELEASE,0,0,0,400000000000,-1,0
0.05988,2,-1,WAIT_RELEASE,0,0,0,400000000000,-1,0
0.05988,3,-1,WAIT_RELEASE,0,0,0,400000000000,-1,0
0.0599,0,0,INJECTING,1977581984,1977422048,7510451818,320000000000,-1,0
0.0599,1,-1,WAIT_RELEASE,0,0,0,400000000000,-1,0
0.0599,2,-1,WAIT_RELEASE,0,0,0,400000000000,-1,0
0.0599,3,-1,WAIT_RELEASE,0,0,0,400000000000,-1,0
0.05992,0,0,INJECTING,1978375000,1978215064,7510451818,320000000000,-1,0
0.05992,1,-1,WAIT_RELEASE,0,0,0,400000000000,-1,0
0.05992,2,-1,WAIT_RELEASE,0,0,0,400000000000,-1,0
0.05992,3,-1,WAIT_RELEASE,0,0,0,400000000000,-1,0
0.05994,0,0,INJECTING,1979168968,1979008080,7510451818,320000000000,-1,0
0.05994,1,-1,WAIT_RELEASE,0,0,0,400000000000,-1,0
0.05994,2,-1,WAIT_RELEASE,0,0,0,400000000000,-1,0
0.05994,3,-1,WAIT_RELEASE,0,0,0,400000000000,-1,0
0.05996,0,0,INJECTING,1979961984,1979802048,7510451818,320000000000,-1,0
0.05996,1,-1,WAIT_RELEASE,0,0,0,400000000000,-1,0
0.05996,2,-1,WAIT_RELEASE,0,0,0,400000000000,-1,0
0.05996,3,-1,WAIT_RELEASE,0,0,0,400000000000,-1,0
0.05998,0,0,INJECTING,1980755000,1980595064,7510451818,320000000000,-1,0
0.05998,1,-1,WAIT_RELEASE,0,0,0,400000000000,-1,0
0.05998,2,-1,WAIT_RELEASE,0,0,0,400000000000,-1,0
0.05998,3,-1,WAIT_RELEASE,0,0,0,400000000000,-1,0
0.06,0,0,INJECTING,1981548968,1981388080,7510451818,320000000000,-1,0
0.06,1,-1,WAIT_RELEASE,0,0,0,400000000000,-1,0
0.06,2,-1,WAIT_RELEASE,0,0,0,400000000000,-1,0
0.06,3,-1,WAIT_RELEASE,0,0,0,400000000000,-1,0
0.06002,0,0,INJECTING,1982341984,1982182048,7510451818,320000000000,-1,0
0.06002,1,-1,WAIT_RELEASE,0,0,0,400000000000,-1,0
0.06002,2,-1,WAIT_RELEASE,0,0,0,400000000000,-1,0
0.06002,3,-1,WAIT_RELEASE,0,0,0,400000000000,-1,0
0.06004,0,0,INJECTING,1983135000,1982975064,7510451818,320000000000,-1,0
0.06004,1,-1,WAIT_RELEASE,0,0,0,400000000000,-1,0
0.06004,2,-1,WAIT_RELEASE,0,0,0,400000000000,-1,0
0.06004,3,-1,WAIT_RELEASE,0,0,0,400000000000,-1,0
0.06006,0,0,INJECTING,1983928968,1983768080,7510451818,320000000000,-1,0
0.06006,1,-1,WAIT_RELEASE,0,0,0,400000000000,-1,0
0.06006,2,-1,WAIT_RELEASE,0,0,0,400000000000,-1,0
0.06006,3,-1,WAIT_RELEASE,0,0,0,400000000000,-1,0
0.06008,0,0,INJECTING,1984721984,1984562048,7510451818,320000000000,-1,0
0.06008,1,-1,WAIT_RELEASE,0,0,0,400000000000,-1,0
0.06008,2,-1,WAIT_RELEASE,0,0,0,400000000000,-1,0
0.06008,3,-1,WAIT_RELEASE,0,0,0,400000000000,-1,0
0.0601,0,0,INJECTING,1985515000,1985355064,7510451818,320000000000,-1,0
0.0601,1,-1,WAIT_RELEASE,0,0,0,400000000000,-1,0
0.0601,2,-1,WAIT_RELEASE,0,0,0,400000000000,-1,0
0.0601,3,-1,WAIT_RELEASE,0,0,0,400000000000,-1,0
0.06012,0,0,INJECTING,1986308968,1986148080,7510451818,320000000000,-1,0
0.06012,1,-1,WAIT_RELEASE,0,0,0,400000000000,-1,0
0.06012,2,-1,WAIT_RELEASE,0,0,0,400000000000,-1,0
0.06012,3,-1,WAIT_RELEASE,0,0,0,400000000000,-1,0
0.06014,0,0,INJECTING,1987101984,1986942048,7510451818,320000000000,-1,0
0.06014,1,-1,WAIT_RELEASE,0,0,0,400000000000,-1,0
0.06014,2,-1,WAIT_RELEASE,0,0,0,400000000000,-1,0
0.06014,3,-1,WAIT_RELEASE,0,0,0,400000000000,-1,0
0.06016,0,0,INJECTING,1987895000,1987735064,7510451818,320000000000,-1,0
0.06016,1,-1,WAIT_RELEASE,0,0,0,400000000000,-1,0
0.06016,2,-1,WAIT_RELEASE,0,0,0,400000000000,-1,0
0.06016,3,-1,WAIT_RELEASE,0,0,0,400000000000,-1,0
0.06018,0,0,INJECTING,1988688968,1988528080,7510451818,320000000000,-1,0
0.06018,1,-1,WAIT_RELEASE,0,0,0,400000000000,-1,0
0.06018,2,-1,WAIT_RELEASE,0,0,0,400000000000,-1,0
0.06018,3,-1,WAIT_RELEASE,0,0,0,400000000000,-1,0
0.0602,0,0,INJECTING,1989481984,1989322048,7510451818,320000000000,-1,0
0.0602,1,-1,WAIT_RELEASE,0,0,0,400000000000,-1,0
0.0602,2,-1,WAIT_RELEASE,0,0,0,400000000000,-1,0
0.0602,3,-1,WAIT_RELEASE,0,0,0,400000000000,-1,0
0.06022,0,0,INJECTING,1990275000,1990115064,7510451818,320000000000,-1,0
0.06022,1,-1,WAIT_RELEASE,0,0,0,400000000000,-1,0
0.06022,2,-1,WAIT_RELEASE,0,0,0,400000000000,-1,0
0.06022,3,-1,WAIT_RELEASE,0,0,0,400000000000,-1,0
0.06024,0,0,INJECTING,1991068968,1990908080,7510451818,320000000000,-1,0
0.06024,1,-1,WAIT_RELEASE,0,0,0,400000000000,-1,0
0.06024,2,-1,WAIT_RELEASE,0,0,0,400000000000,-1,0
0.06024,3,-1,WAIT_RELEASE,0,0,0,400000000000,-1,0
0.06026,0,0,INJECTING,1991861984,1991702048,7510451818,320000000000,-1,0
0.06026,1,-1,WAIT_RELEASE,0,0,0,400000000000,-1,0
0.06026,2,-1,WAIT_RELEASE,0,0,0,400000000000,-1,0
0.06026,3,-1,WAIT_RELEASE,0,0,0,400000000000,-1,0
0.06028,0,0,INJECTING,1992655000,1992495064,7510451818,320000000000,-1,0
0.06028,1,-1,WAIT_RELEASE,0,0,0,400000000000,-1,0
0.06028,2,-1,WAIT_RELEASE,0,0,0,400000000000,-1,0
0.06028,3,-1,WAIT_RELEASE,0,0,0,400000000000,-1,0
0.0603,0,0,INJECTING,1993448968,1993288080,7510451818,320000000000,-1,0
0.0603,1,-1,WAIT_RELEASE,0,0,0,400000000000,-1,0
0.0603,2,-1,WAIT_RELEASE,0,0,0,400000000000,-1,0
0.0603,3,-1,WAIT_RELEASE,0,0,0,400000000000,-1,0
0.06032,0,0,INJECTING,1994241984,1994082048,7510451818,320000000000,-1,0
0.06032,1,-1,WAIT_RELEASE,0,0,0,400000000000,-1,0
0.06032,2,-1,WAIT_RELEASE,0,0,0,400000000000,-1,0
0.06032,3,-1,WAIT_RELEASE,0,0,0,400000000000,-1,0
0.06034,0,0,INJECTING,1995035000,1994875064,7510451818,320000000000,-1,0
0.06034,1,-1,WAIT_RELEASE,0,0,0,400000000000,-1,0
0.06034,2,-1,WAIT_RELEASE,0,0,0,400000000000,-1,0
0.06034,3,-1,WAIT_RELEASE,0,0,0,400000000000,-1,0
0.06036,0,0,INJECTING,1995828968,1995668080,7510451818,320000000000,-1,0
0.06036,1,-1,WAIT_RELEASE,0,0,0,400000000000,-1,0
0.06036,2,-1,WAIT_RELEASE,0,0,0,400000000000,-1,0
0.06036,3,-1,WAIT_RELEASE,0,0,0,400000000000,-1,0
0.06038,0,0,INJECTING,1996621984,1996462048,7510451818,320000000000,-1,0
0.06038,1,-1,WAIT_RELEASE,0,0,0,400000000000,-1,0
0.06038,2,-1,WAIT_RELEASE,0,0,0,400000000000,-1,0
0.06038,3,-1,WAIT_RELEASE,0,0,0,400000000000,-1,0
0.0604,0,0,INJECTING,1997415000,1997255064,7510451818,320000000000,-1,0
0.0604,1,-1,WAIT_RELEASE,0,0,0,400000000000,-1,0
0.0604,2,-1,WAIT_RELEASE,0,0,0,400000000000,-1,0
0.0604,3,-1,WAIT_RELEASE,0,0,0,400000000000,-1,0
0.06042,0,0,INJECTING,1998208968,1998048080,7510451818,320000000000,-1,0
0.06042,1,-1,WAIT_RELEASE,0,0,0,400000000000,-1,0
0.06042,2,-1,WAIT_RELEASE,0,0,0,400000000000,-1,0
0.06042,3,-1,WAIT_RELEASE,0,0,0,400000000000,-1,0
0.06044,0,0,INJECTING,1999001984,1998842048,7510451818,320000000000,-1,0
0.06044,1,-1,WAIT_RELEASE,0,0,0,400000000000,-1,0
0.06044,2,-1,WAIT_RELEASE,0,0,0,400000000000,-1,0
0.06044,3,-1,WAIT_RELEASE,0,0,0,400000000000,-1,0
0.06046,0,0,INJECTING,1999795000,1999635064,7510451818,320000000000,-1,0
0.06046,1,-1,WAIT_RELEASE,0,0,0,400000000000,-1,0
0.06046,2,-1,WAIT_RELEASE,0,0,0,400000000000,-1,0
0.06046,3,-1,WAIT_RELEASE,0,0,0,400000000000,-1,0
0.06048,0,0,INJECTING,2000588968,2000428080,7510451818,320000000000,-1,0
0.06048,1,-1,WAIT_RELEASE,0,0,0,400000000000,-1,0
0.06048,2,-1,WAIT_RELEASE,0,0,0,400000000000,-1,0
0.06048,3,-1,WAIT_RELEASE,0,0,0,400000000000,-1,0
0.0605,0,0,INJECTING,2001381984,2001222048,7510451818,320000000000,-1,0
0.0605,1,-1,WAIT_RELEASE,0,0,0,400000000000,-1,0
0.0605,2,-1,WAIT_RELEASE,0,0,0,400000000000,-1,0
0.0605,3,-1,WAIT_RELEASE,0,0,0,400000000000,-1,0
0.06052,0,0,INJECTING,2002175000,2002015064,7510451818,320000000000,-1,0
0.06052,1,-1,WAIT_RELEASE,0,0,0,400000000000,-1,0
0.06052,2,-1,WAIT_RELEASE,0,0,0,400000000000,-1,0
0.06052,3,-1,WAIT_RELEASE,0,0,0,400000000000,-1,0
0.06054,0,0,INJECTING,2002968968,2002808080,7510451818,320000000000,-1,0
0.06054,1,-1,WAIT_RELEASE,0,0,0,400000000000,-1,0
0.06054,2,-1,WAIT_RELEASE,0,0,0,400000000000,-1,0
0.06054,3,-1,WAIT_RELEASE,0,0,0,400000000000,-1,0
0.06056,0,0,INJECTING,2003761984,2003602048,7510451818,320000000000,-1,0
0.06056,1,-1,WAIT_RELEASE,0,0,0,400000000000,-1,0
0.06056,2,-1,WAIT_RELEASE,0,0,0,400000000000,-1,0
0.06056,3,-1,WAIT_RELEASE,0,0,0,400000000000,-1,0
0.06058,0,0,INJECTING,2004555000,2004395064,7510451818,320000000000,-1,0
0.06058,1,-1,WAIT_RELEASE,0,0,0,400000000000,-1,0
0.06058,2,-1,WAIT_RELEASE,0,0,0,400000000000,-1,0
0.06058,3,-1,WAIT_RELEASE,0,0,0,400000000000,-1,0
0.0606,0,0,INJECTING,2005348968,2005188080,7510451818,320000000000,-1,0
0.0606,1,-1,WAIT_RELEASE,0,0,0,400000000000,-1,0
0.0606,2,-1,WAIT_RELEASE,0,0,0,400000000000,-1,0
0.0606,3,-1,WAIT_RELEASE,0,0,0,400000000000,-1,0
0.06062,0,0,INJECTING,2006141984,2005982048,7510451818,320000000000,-1,0
0.06062,1,-1,WAIT_RELEASE,0,0,0,400000000000,-1,0
0.06062,2,-1,WAIT_RELEASE,0,0,0,400000000000,-1,0
0.06062,3,-1,WAIT_RELEASE,0,0,0,400000000000,-1,0
0.06064,0,0,INJECTING,2006935000,2006775064,7510451818,320000000000,-1,0
0.06064,1,-1,WAIT_RELEASE,0,0,0,400000000000,-1,0
0.06064,2,-1,WAIT_RELEASE,0,0,0,400000000000,-1,0
0.06064,3,-1,WAIT_RELEASE,0,0,0,400000000000,-1,0
0.06066,0,0,INJECTING,2007728968,2007568080,7510451818,320000000000,-1,0
0.06066,1,-1,WAIT_RELEASE,0,0,0,400000000000,-1,0
0.06066,2,-1,WAIT_RELEASE,0,0,0,400000000000,-1,0
0.06066,3,-1,WAIT_RELEASE,0,0,0,400000000000,-1,0
0.06068,0,0,INJECTING,2008521984,2008362048,7510451818,320000000000,-1,0
0.06068,1,-1,WAIT_RELEASE,0,0,0,400000000000,-1,0
0.06068,2,-1,WAIT_RELEASE,0,0,0,400000000000,-1,0
0.06068,3,-1,WAIT_RELEASE,0,0,0,400000000000,-1,0
0.0607,0,0,INJECTING,2009315000,2009155064,7510451818,320000000000,-1,0
0.0607,1,-1,WAIT_RELEASE,0,0,0,400000000000,-1,0
0.0607,2,-1,WAIT_RELEASE,0,0,0,400000000000,-1,0
0.0607,3,-1,WAIT_RELEASE,0,0,0,400000000000,-1,0
0.06072,0,0,INJECTING,2010108968,2009948080,7510451818,320000000000,-1,0
0.06072,1,-1,WAIT_RELEASE,0,0,0,400000000000,-1,0
0.06072,2,-1,WAIT_RELEASE,0,0,0,400000000000,-1,0
0.06072,3,-1,WAIT_RELEASE,0,0,0,400000000000,-1,0
0.06074,0,0,INJECTING,2010901984,2010742048,7510451818,320000000000,-1,0
0.06074,1,-1,WAIT_RELEASE,0,0,0,400000000000,-1,0
0.06074,2,-1,WAIT_RELEASE,0,0,0,400000000000,-1,0
0.06074,3,-1,WAIT_RELEASE,0,0,0,400000000000,-1,0
0.06076,0,0,INJECTING,2011695000,2011535064,7510451818,320000000000,-1,0
0.06076,1,-1,WAIT_RELEASE,0,0,0,400000000000,-1,0
0.06076,2,-1,WAIT_RELEASE,0,0,0,400000000000,-1,0
0.06076,3,-1,WAIT_RELEASE,0,0,0,400000000000,-1,0
0.06078,0,0,INJECTING,2012488968,2012328080,7510451818,320000000000,-1,0
0.06078,1,-1,WAIT_RELEASE,0,0,0,400000000000,-1,0
0.06078,2,-1,WAIT_RELEASE,0,0,0,400000000000,-1,0
0.06078,3,-1,WAIT_RELEASE,0,0,0,400000000000,-1,0
0.0608,0,0,INJECTING,2013281984,2013122048,7510451818,320000000000,-1,0
0.0608,1,-1,WAIT_RELEASE,0,0,0,400000000000,-1,0
0.0608,2,-1,WAIT_RELEASE,0,0,0,400000000000,-1,0
0.0608,3,-1,WAIT_RELEASE,0,0,0,400000000000,-1,0
0.06082,0,0,INJECTING,2014075000,2013915064,7510451818,320000000000,-1,0
0.06082,1,-1,WAIT_RELEASE,0,0,0,400000000000,-1,0
0.06082,2,-1,WAIT_RELEASE,0,0,0,400000000000,-1,0
0.06082,3,-1,WAIT_RELEASE,0,0,0,400000000000,-1,0
0.06084,0,0,INJECTING,2014868968,2014708080,7510451818,320000000000,-1,0
0.06084,1,-1,WAIT_RELEASE,0,0,0,400000000000,-1,0
0.06084,2,-1,WAIT_RELEASE,0,0,0,400000000000,-1,0
0.06084,3,-1,WAIT_RELEASE,0,0,0,400000000000,-1,0
0.06086,0,0,INJECTING,2015661984,2015502048,7510451818,320000000000,-1,0
0.06086,1,-1,WAIT_RELEASE,0,0,0,400000000000,-1,0
0.06086,2,-1,WAIT_RELEASE,0,0,0,400000000000,-1,0
0.06086,3,-1,WAIT_RELEASE,0,0,0,400000000000,-1,0
0.06088,0,0,INJECTING,2016455000,2016295064,7510451818,320000000000,-1,0
0.06088,1,-1,WAIT_RELEASE,0,0,0,400000000000,-1,0
0.06088,2,-1,WAIT_RELEASE,0,0,0,400000000000,-1,0
0.06088,3,-1,WAIT_RELEASE,0,0,0,400000000000,-1,0
0.0609,0,0,INJECTING,2017248968,2017088080,7510451818,320000000000,-1,0
0.0609,1,-1,WAIT_RELEASE,0,0,0,400000000000,-1,0
0.0609,2,-1,WAIT_RELEASE,0,0,0,400000000000,-1,0
0.0609,3,-1,WAIT_RELEASE,0,0,0,400000000000,-1,0
0.06092,0,0,INJECTING,2018041984,2017882048,7510451818,320000000000,-1,0
0.06092,1,-1,WAIT_RELEASE,0,0,0,400000000000,-1,0
0.06092,2,-1,WAIT_RELEASE,0,0,0,400000000000,-1,0
0.06092,3,-1,WAIT_RELEASE,0,0,0,400000000000,-1,0
0.06094,0,0,INJECTING,2018835000,2018675064,7510451818,320000000000,-1,0
0.06094,1,-1,WAIT_RELEASE,0,0,0,400000000000,-1,0
0.06094,2,-1,WAIT_RELEASE,0,0,0,400000000000,-1,0
0.06094,3,-1,WAIT_RELEASE,0,0,0,400000000000,-1,0
0.06096,0,0,INJECTING,2019628968,2019468080,7510451818,320000000000,-1,0
0.06096,1,-1,WAIT_RELEASE,0,0,0,400000000000,-1,0
0.06096,2,-1,WAIT_RELEASE,0,0,0,400000000000,-1,0
0.06096,3,-1,WAIT_RELEASE,0,0,0,400000000000,-1,0
0.06098,0,0,INJECTING,2020421984,2020262048,7510451818,320000000000,-1,0
0.06098,1,-1,WAIT_RELEASE,0,0,0,400000000000,-1,0
0.06098,2,-1,WAIT_RELEASE,0,0,0,400000000000,-1,0
0.06098,3,-1,WAIT_RELEASE,0,0,0,400000000000,-1,0
0.061,0,0,INJECTING,2021215000,2021055064,7510451818,320000000000,-1,0
0.061,1,-1,WAIT_RELEASE,0,0,0,400000000000,-1,0
0.061,2,-1,WAIT_RELEASE,0,0,0,400000000000,-1,0
0.061,3,-1,WAIT_RELEASE,0,0,0,400000000000,-1,0
0.06102,0,0,INJECTING,2022008968,2021848080,7510451818,320000000000,-1,0
0.06102,1,-1,WAIT_RELEASE,0,0,0,400000000000,-1,0
0.06102,2,-1,WAIT_RELEASE,0,0,0,400000000000,-1,0
0.06102,3,-1,WAIT_RELEASE,0,0,0,400000000000,-1,0
0.06104,0,0,INJECTING,2022801984,2022642048,7510451818,320000000000,-1,0
0.06104,1,-1,WAIT_RELEASE,0,0,0,400000000000,-1,0
0.06104,2,-1,WAIT_RELEASE,0,0,0,400000000000,-1,0
0.06104,3,-1,WAIT_RELEASE,0,0,0,400000000000,-1,0
0.06106,0,0,INJECTING,2023595000,2023435064,7510451818,320000000000,-1,0
0.06106,1,-1,WAIT_RELEASE,0,0,0,400000000000,-1,0
0.06106,2,-1,WAIT_RELEASE,0,0,0,400000000000,-1,0
0.06106,3,-1,WAIT_RELEASE,0,0,0,400000000000,-1,0
0.06108,0,0,INJECTING,2024388968,2024228080,7510451818,320000000000,-1,0
0.06108,1,-1,WAIT_RELEASE,0,0,0,400000000000,-1,0
0.06108,2,-1,WAIT_RELEASE,0,0,0,400000000000,-1,0
0.06108,3,-1,WAIT_RELEASE,0,0,0,400000000000,-1,0
0.0611,0,0,INJECTING,2025181984,2025022048,7510451818,320000000000,-1,0
0.0611,1,-1,WAIT_RELEASE,0,0,0,400000000000,-1,0
0.0611,2,-1,WAIT_RELEASE,0,0,0,400000000000,-1,0
0.0611,3,-1,WAIT_RELEASE,0,0,0,400000000000,-1,0
0.06112,0,0,INJECTING,2025975000,2025815064,7510451818,320000000000,-1,0
0.06112,1,-1,WAIT_RELEASE,0,0,0,400000000000,-1,0
0.06112,2,-1,WAIT_RELEASE,0,0,0,400000000000,-1,0
0.06112,3,-1,WAIT_RELEASE,0,0,0,400000000000,-1,0
0.06114,0,0,INJECTING,2026768968,2026608080,7510451818,320000000000,-1,0
0.06114,1,-1,WAIT_RELEASE,0,0,0,400000000000,-1,0
0.06114,2,-1,WAIT_RELEASE,0,0,0,400000000000,-1,0
0.06114,3,-1,WAIT_RELEASE,0,0,0,400000000000,-1,0
0.06116,0,0,INJECTING,2027561984,2027402048,7510451818,320000000000,-1,0
0.06116,1,-1,WAIT_RELEASE,0,0,0,400000000000,-1,0
0.06116,2,-1,WAIT_RELEASE,0,0,0,400000000000,-1,0
0.06116,3,-1,WAIT_RELEASE,0,0,0,400000000000,-1,0
0.06118,0,0,INJECTING,2028355000,2028195064,7510451818,320000000000,-1,0
0.06118,1,-1,WAIT_RELEASE,0,0,0,400000000000,-1,0
0.06118,2,-1,WAIT_RELEASE,0,0,0,400000000000,-1,0
0.06118,3,-1,WAIT_RELEASE,0,0,0,400000000000,-1,0
0.0612,0,0,INJECTING,2029148968,2028988080,7510451818,320000000000,-1,0
0.0612,1,-1,WAIT_RELEASE,0,0,0,400000000000,-1,0
0.0612,2,-1,WAIT_RELEASE,0,0,0,400000000000,-1,0
0.0612,3,-1,WAIT_RELEASE,0,0,0,400000000000,-1,0
0.06122,0,0,INJECTING,2029941984,2029782048,7510451818,320000000000,-1,0
0.06122,1,-1,WAIT_RELEASE,0,0,0,400000000000,-1,0
0.06122,2,-1,WAIT_RELEASE,0,0,0,400000000000,-1,0
0.06122,3,-1,WAIT_RELEASE,0,0,0,400000000000,-1,0
0.06124,0,0,INJECTING,2030735000,2030575064,7510451818,320000000000,-1,0
0.06124,1,-1,WAIT_RELEASE,0,0,0,400000000000,-1,0
0.06124,2,-1,WAIT_RELEASE,0,0,0,400000000000,-1,0
0.06124,3,-1,WAIT_RELEASE,0,0,0,400000000000,-1,0
0.06126,0,0,INJECTING,2031528968,2031368080,7510451818,320000000000,-1,0
0.06126,1,-1,WAIT_RELEASE,0,0,0,400000000000,-1,0
0.06126,2,-1,WAIT_RELEASE,0,0,0,400000000000,-1,0
0.06126,3,-1,WAIT_RELEASE,0,0,0,400000000000,-1,0
0.06128,0,0,INJECTING,2032321984,2032162048,7510451818,320000000000,-1,0
0.06128,1,-1,WAIT_RELEASE,0,0,0,400000000000,-1,0
0.06128,2,-1,WAIT_RELEASE,0,0,0,400000000000,-1,0
0.06128,3,-1,WAIT_RELEASE,0,0,0,400000000000,-1,0
0.0613,0,0,INJECTING,2033115000,2032955064,7510451818,320000000000,-1,0
0.0613,1,-1,WAIT_RELEASE,0,0,0,400000000000,-1,0
0.0613,2,-1,WAIT_RELEASE,0,0,0,400000000000,-1,0
0.0613,3,-1,WAIT_RELEASE,0,0,0,400000000000,-1,0
0.06132,0,0,INJECTING,2033908968,2033748080,7510451818,320000000000,-1,0
0.06132,1,-1,WAIT_RELEASE,0,0,0,400000000000,-1,0
0.06132,2,-1,WAIT_RELEASE,0,0,0,400000000000,-1,0
0.06132,3,-1,WAIT_RELEASE,0,0,0,400000000000,-1,0
0.06134,0,0,INJECTING,2034701984,2034542048,7510451818,320000000000,-1,0
0.06134,1,-1,WAIT_RELEASE,0,0,0,400000000000,-1,0
0.06134,2,-1,WAIT_RELEASE,0,0,0,400000000000,-1,0
0.06134,3,-1,WAIT_RELEASE,0,0,0,400000000000,-1,0
0.06136,0,0,INJECTING,2035495000,2035335064,7510451818,320000000000,-1,0
0.06136,1,-1,WAIT_RELEASE,0,0,0,400000000000,-1,0
0.06136,2,-1,WAIT_RELEASE,0,0,0,400000000000,-1,0
0.06136,3,-1,WAIT_RELEASE,0,0,0,400000000000,-1,0
0.06138,0,0,INJECTING,2036288968,2036128080,7510451818,320000000000,-1,0
0.06138,1,-1,WAIT_RELEASE,0,0,0,400000000000,-1,0
0.06138,2,-1,WAIT_RELEASE,0,0,0,400000000000,-1,0
0.06138,3,-1,WAIT_RELEASE,0,0,0,400000000000,-1,0
0.0614,0,0,INJECTING,2037081984,2036922048,7510451818,320000000000,-1,0
0.0614,1,-1,WAIT_RELEASE,0,0,0,400000000000,-1,0
0.0614,2,-1,WAIT_RELEASE,0,0,0,400000000000,-1,0
0.0614,3,-1,WAIT_RELEASE,0,0,0,400000000000,-1,0
0.06142,0,0,INJECTING,2037875000,2037715064,7510451818,320000000000,-1,0
0.06142,1,-1,WAIT_RELEASE,0,0,0,400000000000,-1,0
0.06142,2,-1,WAIT_RELEASE,0,0,0,400000000000,-1,0
0.06142,3,-1,WAIT_RELEASE,0,0,0,400000000000,-1,0
0.06144,0,0,INJECTING,2038668968,2038508080,7510451818,320000000000,-1,0
0.06144,1,-1,WAIT_RELEASE,0,0,0,400000000000,-1,0
0.06144,2,-1,WAIT_RELEASE,0,0,0,400000000000,-1,0
0.06144,3,-1,WAIT_RELEASE,0,0,0,400000000000,-1,0
0.06146,0,0,INJECTING,2039461984,2039302048,7510451818,320000000000,-1,0
0.06146,1,-1,WAIT_RELEASE,0,0,0,400000000000,-1,0
0.06146,2,-1,WAIT_RELEASE,0,0,0,400000000000,-1,0
0.06146,3,-1,WAIT_RELEASE,0,0,0,400000000000,-1,0
0.06148,0,0,INJECTING,2040255000,2040095064,7510451818,320000000000,-1,0
0.06148,1,-1,WAIT_RELEASE,0,0,0,400000000000,-1,0
0.06148,2,-1,WAIT_RELEASE,0,0,0,400000000000,-1,0
0.06148,3,-1,WAIT_RELEASE,0,0,0,400000000000,-1,0
0.0615,0,0,INJECTING,2041048968,2040888080,7510451818,320000000000,-1,0
0.0615,1,-1,WAIT_RELEASE,0,0,0,400000000000,-1,0
0.0615,2,-1,WAIT_RELEASE,0,0,0,400000000000,-1,0
0.0615,3,-1,WAIT_RELEASE,0,0,0,400000000000,-1,0
0.06152,0,0,INJECTING,2041841984,2041682048,7510451818,320000000000,-1,0
0.06152,1,-1,WAIT_RELEASE,0,0,0,400000000000,-1,0
0.06152,2,-1,WAIT_RELEASE,0,0,0,400000000000,-1,0
0.06152,3,-1,WAIT_RELEASE,0,0,0,400000000000,-1,0
0.06154,0,0,INJECTING,2042635000,2042475064,7510451818,320000000000,-1,0
0.06154,1,-1,WAIT_RELEASE,0,0,0,400000000000,-1,0
0.06154,2,-1,WAIT_RELEASE,0,0,0,400000000000,-1,0
0.06154,3,-1,WAIT_RELEASE,0,0,0,400000000000,-1,0
0.06156,0,0,INJECTING,2043428968,2043268080,7510451818,320000000000,-1,0
0.06156,1,-1,WAIT_RELEASE,0,0,0,400000000000,-1,0
0.06156,2,-1,WAIT_RELEASE,0,0,0,400000000000,-1,0
0.06156,3,-1,WAIT_RELEASE,0,0,0,400000000000,-1,0
0.06158,0,0,INJECTING,2044221984,2044062048,7510451818,320000000000,-1,0
0.06158,1,-1,WAIT_RELEASE,0,0,0,400000000000,-1,0
0.06158,2,-1,WAIT_RELEASE,0,0,0,400000000000,-1,0
0.06158,3,-1,WAIT_RELEASE,0,0,0,400000000000,-1,0
0.0616,0,0,INJECTING,2045015000,2044855064,7510451818,320000000000,-1,0
0.0616,1,-1,WAIT_RELEASE,0,0,0,400000000000,-1,0
0.0616,2,-1,WAIT_RELEASE,0,0,0,400000000000,-1,0
0.0616,3,-1,WAIT_RELEASE,0,0,0,400000000000,-1,0
0.06162,0,0,INJECTING,2045808968,2045648080,7510451818,320000000000,-1,0
0.06162,1,-1,WAIT_RELEASE,0,0,0,400000000000,-1,0
0.06162,2,-1,WAIT_RELEASE,0,0,0,400000000000,-1,0
0.06162,3,-1,WAIT_RELEASE,0,0,0,400000000000,-1,0
0.06164,0,0,INJECTING,2046601984,2046442048,7510451818,320000000000,-1,0
0.06164,1,-1,WAIT_RELEASE,0,0,0,400000000000,-1,0
0.06164,2,-1,WAIT_RELEASE,0,0,0,400000000000,-1,0
0.06164,3,-1,WAIT_RELEASE,0,0,0,400000000000,-1,0
0.06166,0,0,INJECTING,2047395000,2047235064,7510451818,320000000000,-1,0
0.06166,1,-1,WAIT_RELEASE,0,0,0,400000000000,-1,0
0.06166,2,-1,WAIT_RELEASE,0,0,0,400000000000,-1,0
0.06166,3,-1,WAIT_RELEASE,0,0,0,400000000000,-1,0
0.06168,0,0,INJECTING,2048188968,2048028080,7510451818,320000000000,-1,0
0.06168,1,-1,WAIT_RELEASE,0,0,0,400000000000,-1,0
0.06168,2,-1,WAIT_RELEASE,0,0,0,400000000000,-1,0
0.06168,3,-1,WAIT_RELEASE,0,0,0,400000000000,-1,0
0.0617,0,0,INJECTING,2048981984,2048822048,7510451818,320000000000,-1,0
0.0617,1,-1,WAIT_RELEASE,0,0,0,400000000000,-1,0
0.0617,2,-1,WAIT_RELEASE,0,0,0,400000000000,-1,0
0.0617,3,-1,WAIT_RELEASE,0,0,0,400000000000,-1,0
0.06172,0,0,INJECTING,2049775000,2049615064,7510451818,320000000000,-1,0
0.06172,1,-1,WAIT_RELEASE,0,0,0,400000000000,-1,0
0.06172,2,-1,WAIT_RELEASE,0,0,0,400000000000,-1,0
0.06172,3,-1,WAIT_RELEASE,0,0,0,400000000000,-1,0
0.06174,0,0,INJECTING,2050568968,2050408080,7510451818,320000000000,-1,0
0.06174,1,-1,WAIT_RELEASE,0,0,0,400000000000,-1,0
0.06174,2,-1,WAIT_RELEASE,0,0,0,400000000000,-1,0
0.06174,3,-1,WAIT_RELEASE,0,0,0,400000000000,-1,0
0.06176,0,0,INJECTING,2051361984,2051202048,7510451818,320000000000,-1,0
0.06176,1,-1,WAIT_RELEASE,0,0,0,400000000000,-1,0
0.06176,2,-1,WAIT_RELEASE,0,0,0,400000000000,-1,0
0.06176,3,-1,WAIT_RELEASE,0,0,0,400000000000,-1,0
0.06178,0,0,INJECTING,2052155000,2051995064,7510451818,320000000000,-1,0
0.06178,1,-1,WAIT_RELEASE,0,0,0,400000000000,-1,0
0.06178,2,-1,WAIT_RELEASE,0,0,0,400000000000,-1,0
0.06178,3,-1,WAIT_RELEASE,0,0,0,400000000000,-1,0
0.0618,0,0,INJECTING,2052948968,2052788080,7510451818,320000000000,-1,0
0.0618,1,-1,WAIT_RELEASE,0,0,0,400000000000,-1,0
0.0618,2,-1,WAIT_RELEASE,0,0,0,400000000000,-1,0
0.0618,3,-1,WAIT_RELEASE,0,0,0,400000000000,-1,0
0.06182,0,0,INJECTING,2053741984,2053582048,7510451818,320000000000,-1,0
0.06182,1,-1,WAIT_RELEASE,0,0,0,400000000000,-1,0
0.06182,2,-1,WAIT_RELEASE,0,0,0,400000000000,-1,0
0.06182,3,-1,WAIT_RELEASE,0,0,0,400000000000,-1,0
0.06184,0,0,INJECTING,2054535000,2054375064,7510451818,320000000000,-1,0
0.06184,1,-1,WAIT_RELEASE,0,0,0,400000000000,-1,0
0.06184,2,-1,WAIT_RELEASE,0,0,0,400000000000,-1,0
0.06184,3,-1,WAIT_RELEASE,0,0,0,400000000000,-1,0
0.06186,0,0,INJECTING,2055328968,2055168080,7510451818,320000000000,-1,0
0.06186,1,-1,WAIT_RELEASE,0,0,0,400000000000,-1,0
0.06186,2,-1,WAIT_RELEASE,0,0,0,400000000000,-1,0
0.06186,3,-1,WAIT_RELEASE,0,0,0,400000000000,-1,0
0.06188,0,0,INJECTING,2056121984,2055962048,7510451818,320000000000,-1,0
0.06188,1,-1,WAIT_RELEASE,0,0,0,400000000000,-1,0
0.06188,2,-1,WAIT_RELEASE,0,0,0,400000000000,-1,0
0.06188,3,-1,WAIT_RELEASE,0,0,0,400000000000,-1,0
0.0619,0,0,INJECTING,2056915000,2056755064,7510451818,320000000000,-1,0
0.0619,1,-1,WAIT_RELEASE,0,0,0,400000000000,-1,0
0.0619,2,-1,WAIT_RELEASE,0,0,0,400000000000,-1,0
0.0619,3,-1,WAIT_RELEASE,0,0,0,400000000000,-1,0
0.06192,0,0,INJECTING,2057708968,2057548080,7510451818,320000000000,-1,0
0.06192,1,-1,WAIT_RELEASE,0,0,0,400000000000,-1,0
0.06192,2,-1,WAIT_RELEASE,0,0,0,400000000000,-1,0
0.06192,3,-1,WAIT_RELEASE,0,0,0,400000000000,-1,0
0.06194,0,0,INJECTING,2058501984,2058342048,7510451818,320000000000,-1,0
0.06194,1,-1,WAIT_RELEASE,0,0,0,400000000000,-1,0
0.06194,2,-1,WAIT_RELEASE,0,0,0,400000000000,-1,0
0.06194,3,-1,WAIT_RELEASE,0,0,0,400000000000,-1,0
0.06196,0,0,INJECTING,2059295000,2059135064,7510451818,320000000000,-1,0
0.06196,1,-1,WAIT_RELEASE,0,0,0,400000000000,-1,0
0.06196,2,-1,WAIT_RELEASE,0,0,0,400000000000,-1,0
0.06196,3,-1,WAIT_RELEASE,0,0,0,400000000000,-1,0
0.06198,0,0,INJECTING,2060088968,2059928080,7510451818,320000000000,-1,0
0.06198,1,-1,WAIT_RELEASE,0,0,0,400000000000,-1,0
0.06198,2,-1,WAIT_RELEASE,0,0,0,400000000000,-1,0
0.06198,3,-1,WAIT_RELEASE,0,0,0,400000000000,-1,0
0.062,0,0,INJECTING,2060881984,2060722048,7510451818,320000000000,-1,0
0.062,1,-1,WAIT_RELEASE,0,0,0,400000000000,-1,0
0.062,2,-1,WAIT_RELEASE,0,0,0,400000000000,-1,0
0.062,3,-1,WAIT_RELEASE,0,0,0,400000000000,-1,0
0.06202,0,0,INJECTING,2061675000,2061515064,7510451818,320000000000,-1,0
0.06202,1,-1,WAIT_RELEASE,0,0,0,400000000000,-1,0
0.06202,2,-1,WAIT_RELEASE,0,0,0,400000000000,-1,0
0.06202,3,-1,WAIT_RELEASE,0,0,0,400000000000,-1,0
0.06204,0,0,INJECTING,2062468968,2062308080,7510451818,320000000000,-1,0
0.06204,1,-1,WAIT_RELEASE,0,0,0,400000000000,-1,0
0.06204,2,-1,WAIT_RELEASE,0,0,0,400000000000,-1,0
0.06204,3,-1,WAIT_RELEASE,0,0,0,400000000000,-1,0
0.06206,0,0,INJECTING,2063261984,2063102048,7510451818,320000000000,-1,0
0.06206,1,-1,WAIT_RELEASE,0,0,0,400000000000,-1,0
0.06206,2,-1,WAIT_RELEASE,0,0,0,400000000000,-1,0
0.06206,3,-1,WAIT_RELEASE,0,0,0,400000000000,-1,0
0.06208,0,0,INJECTING,2064055000,2063895064,7510451818,320000000000,-1,0
0.06208,1,-1,WAIT_RELEASE,0,0,0,400000000000,-1,0
0.06208,2,-1,WAIT_RELEASE,0,0,0,400000000000,-1,0
0.06208,3,-1,WAIT_RELEASE,0,0,0,400000000000,-1,0
0.0621,0,0,INJECTING,2064848968,2064688080,7510451818,320000000000,-1,0
0.0621,1,-1,WAIT_RELEASE,0,0,0,400000000000,-1,0
0.0621,2,-1,WAIT_RELEASE,0,0,0,400000000000,-1,0
0.0621,3,-1,WAIT_RELEASE,0,0,0,400000000000,-1,0
0.06212,0,0,INJECTING,2065641984,2065482048,7510451818,320000000000,-1,0
0.06212,1,-1,WAIT_RELEASE,0,0,0,400000000000,-1,0
0.06212,2,-1,WAIT_RELEASE,0,0,0,400000000000,-1,0
0.06212,3,-1,WAIT_RELEASE,0,0,0,400000000000,-1,0
0.06214,0,0,INJECTING,2066435000,2066275064,7510451818,320000000000,-1,0
0.06214,1,-1,WAIT_RELEASE,0,0,0,400000000000,-1,0
0.06214,2,-1,WAIT_RELEASE,0,0,0,400000000000,-1,0
0.06214,3,-1,WAIT_RELEASE,0,0,0,400000000000,-1,0
0.06216,0,0,INJECTING,2067228968,2067068080,7510451818,320000000000,-1,0
0.06216,1,-1,WAIT_RELEASE,0,0,0,400000000000,-1,0
0.06216,2,-1,WAIT_RELEASE,0,0,0,400000000000,-1,0
0.06216,3,-1,WAIT_RELEASE,0,0,0,400000000000,-1,0
0.06218,0,0,INJECTING,2068021984,2067862048,7510451818,320000000000,-1,0
0.06218,1,-1,WAIT_RELEASE,0,0,0,400000000000,-1,0
0.06218,2,-1,WAIT_RELEASE,0,0,0,400000000000,-1,0
0.06218,3,-1,WAIT_RELEASE,0,0,0,400000000000,-1,0
0.0622,0,0,INJECTING,2068815000,2068655064,7510451818,320000000000,-1,0
0.0622,1,-1,WAIT_RELEASE,0,0,0,400000000000,-1,0
0.0622,2,-1,WAIT_RELEASE,0,0,0,400000000000,-1,0
0.0622,3,-1,WAIT_RELEASE,0,0,0,400000000000,-1,0
0.06222,0,0,INJECTING,2069608968,2069448080,7510451818,320000000000,-1,0
0.06222,1,-1,WAIT_RELEASE,0,0,0,400000000000,-1,0
0.06222,2,-1,WAIT_RELEASE,0,0,0,400000000000,-1,0
0.06222,3,-1,WAIT_RELEASE,0,0,0,400000000000,-1,0
0.06224,0,0,INJECTING,2070401984,2070242048,7510451818,320000000000,-1,0
0.06224,1,-1,WAIT_RELEASE,0,0,0,400000000000,-1,0
0.06224,2,-1,WAIT_RELEASE,0,0,0,400000000000,-1,0
0.06224,3,-1,WAIT_RELEASE,0,0,0,400000000000,-1,0
0.06226,0,0,INJECTING,2071195000,2071035064,7510451818,320000000000,-1,0
0.06226,1,-1,WAIT_RELEASE,0,0,0,400000000000,-1,0
0.06226,2,-1,WAIT_RELEASE,0,0,0,400000000000,-1,0
0.06226,3,-1,WAIT_RELEASE,0,0,0,400000000000,-1,0
0.06228,0,0,INJECTING,2071988968,2071828080,7510451818,320000000000,-1,0
0.06228,1,-1,WAIT_RELEASE,0,0,0,400000000000,-1,0
0.06228,2,-1,WAIT_RELEASE,0,0,0,400000000000,-1,0
0.06228,3,-1,WAIT_RELEASE,0,0,0,400000000000,-1,0
0.0623,0,0,INJECTING,2072781984,2072622048,7510451818,320000000000,-1,0
0.0623,1,-1,WAIT_RELEASE,0,0,0,400000000000,-1,0
0.0623,2,-1,WAIT_RELEASE,0,0,0,400000000000,-1,0
0.0623,3,-1,WAIT_RELEASE,0,0,0,400000000000,-1,0
0.06232,0,0,INJECTING,2073575000,2073415064,7510451818,320000000000,-1,0
0.06232,1,-1,WAIT_RELEASE,0,0,0,400000000000,-1,0
0.06232,2,-1,WAIT_RELEASE,0,0,0,400000000000,-1,0
0.06232,3,-1,WAIT_RELEASE,0,0,0,400000000000,-1,0
0.06234,0,0,INJECTING,2074368968,2074208080,7510451818,320000000000,-1,0
0.06234,1,-1,WAIT_RELEASE,0,0,0,400000000000,-1,0
0.06234,2,-1,WAIT_RELEASE,0,0,0,400000000000,-1,0
0.06234,3,-1,WAIT_RELEASE,0,0,0,400000000000,-1,0
0.06236,0,0,INJECTING,2075161984,2075002048,7510451818,320000000000,-1,0
0.06236,1,-1,WAIT_RELEASE,0,0,0,400000000000,-1,0
0.06236,2,-1,WAIT_RELEASE,0,0,0,400000000000,-1,0
0.06236,3,-1,WAIT_RELEASE,0,0,0,400000000000,-1,0
0.06238,0,0,INJECTING,2075955000,2075795064,7510451818,320000000000,-1,0
0.06238,1,-1,WAIT_RELEASE,0,0,0,400000000000,-1,0
0.06238,2,-1,WAIT_RELEASE,0,0,0,400000000000,-1,0
0.06238,3,-1,WAIT_RELEASE,0,0,0,400000000000,-1,0
0.0624,0,0,INJECTING,2076748968,2076588080,7510451818,320000000000,-1,0
0.0624,1,-1,WAIT_RELEASE,0,0,0,400000000000,-1,0
0.0624,2,-1,WAIT_RELEASE,0,0,0,400000000000,-1,0
0.0624,3,-1,WAIT_RELEASE,0,0,0,400000000000,-1,0
0.06242,0,0,INJECTING,2077541984,2077382048,7510451818,320000000000,-1,0
0.06242,1,-1,WAIT_RELEASE,0,0,0,400000000000,-1,0
0.06242,2,-1,WAIT_RELEASE,0,0,0,400000000000,-1,0
0.06242,3,-1,WAIT_RELEASE,0,0,0,400000000000,-1,0
0.06244,0,0,INJECTING,2078335000,2078175064,7510451818,320000000000,-1,0
0.06244,1,-1,WAIT_RELEASE,0,0,0,400000000000,-1,0
0.06244,2,-1,WAIT_RELEASE,0,0,0,400000000000,-1,0
0.06244,3,-1,WAIT_RELEASE,0,0,0,400000000000,-1,0
0.06246,0,0,INJECTING,2079128968,2078968080,7510451818,320000000000,-1,0
0.06246,1,-1,WAIT_RELEASE,0,0,0,400000000000,-1,0
0.06246,2,-1,WAIT_RELEASE,0,0,0,400000000000,-1,0
0.06246,3,-1,WAIT_RELEASE,0,0,0,400000000000,-1,0
0.06248,0,0,INJECTING,2079921984,2079762048,7510451818,320000000000,-1,0
0.06248,1,-1,WAIT_RELEASE,0,0,0,400000000000,-1,0
0.06248,2,-1,WAIT_RELEASE,0,0,0,400000000000,-1,0
0.06248,3,-1,WAIT_RELEASE,0,0,0,400000000000,-1,0
0.0625,0,0,INJECTING,2080715000,2080555064,7510451818,320000000000,-1,0
0.0625,1,-1,WAIT_RELEASE,0,0,0,400000000000,-1,0
0.0625,2,-1,WAIT_RELEASE,0,0,0,400000000000,-1,0
0.0625,3,-1,WAIT_RELEASE,0,0,0,400000000000,-1,0
0.06252,0,0,INJECTING,2081508968,2081348080,7510451818,320000000000,-1,0
0.06252,1,-1,WAIT_RELEASE,0,0,0,400000000000,-1,0
0.06252,2,-1,WAIT_RELEASE,0,0,0,400000000000,-1,0
0.06252,3,-1,WAIT_RELEASE,0,0,0,400000000000,-1,0
0.06254,0,0,INJECTING,2082301984,2082142048,7510451818,320000000000,-1,0
0.06254,1,-1,WAIT_RELEASE,0,0,0,400000000000,-1,0
0.06254,2,-1,WAIT_RELEASE,0,0,0,400000000000,-1,0
0.06254,3,-1,WAIT_RELEASE,0,0,0,400000000000,-1,0
0.06256,0,0,INJECTING,2083095000,2082935064,7510451818,320000000000,-1,0
0.06256,1,-1,WAIT_RELEASE,0,0,0,400000000000,-1,0
0.06256,2,-1,WAIT_RELEASE,0,0,0,400000000000,-1,0
0.06256,3,-1,WAIT_RELEASE,0,0,0,400000000000,-1,0
0.06258,0,0,INJECTING,2083888968,2083728080,7510451818,320000000000,-1,0
0.06258,1,-1,WAIT_RELEASE,0,0,0,400000000000,-1,0
0.06258,2,-1,WAIT_RELEASE,0,0,0,400000000000,-1,0
0.06258,3,-1,WAIT_RELEASE,0,0,0,400000000000,-1,0
0.0626,0,0,INJECTING,2084681984,2084522048,7510451818,320000000000,-1,0
0.0626,1,-1,WAIT_RELEASE,0,0,0,400000000000,-1,0
0.0626,2,-1,WAIT_RELEASE,0,0,0,400000000000,-1,0
0.0626,3,-1,WAIT_RELEASE,0,0,0,400000000000,-1,0
0.06262,0,0,INJECTING,2085475000,2085315064,7510451818,320000000000,-1,0
0.06262,1,-1,WAIT_RELEASE,0,0,0,400000000000,-1,0
0.06262,2,-1,WAIT_RELEASE,0,0,0,400000000000,-1,0
0.06262,3,-1,WAIT_RELEASE,0,0,0,400000000000,-1,0
0.06264,0,0,INJECTING,2086268968,2086108080,7510451818,320000000000,-1,0
0.06264,1,-1,WAIT_RELEASE,0,0,0,400000000000,-1,0
0.06264,2,-1,WAIT_RELEASE,0,0,0,400000000000,-1,0
0.06264,3,-1,WAIT_RELEASE,0,0,0,400000000000,-1,0
0.06266,0,0,INJECTING,2087061984,2086902048,7510451818,320000000000,-1,0
0.06266,1,-1,WAIT_RELEASE,0,0,0,400000000000,-1,0
0.06266,2,-1,WAIT_RELEASE,0,0,0,400000000000,-1,0
0.06266,3,-1,WAIT_RELEASE,0,0,0,400000000000,-1,0
0.06268,0,0,INJECTING,2087855000,2087695064,7510451818,320000000000,-1,0
0.06268,1,-1,WAIT_RELEASE,0,0,0,400000000000,-1,0
0.06268,2,-1,WAIT_RELEASE,0,0,0,400000000000,-1,0
0.06268,3,-1,WAIT_RELEASE,0,0,0,400000000000,-1,0
0.0627,0,0,INJECTING,2088648968,2088488080,7510451818,320000000000,-1,0
0.0627,1,-1,WAIT_RELEASE,0,0,0,400000000000,-1,0
0.0627,2,-1,WAIT_RELEASE,0,0,0,400000000000,-1,0
0.0627,3,-1,WAIT_RELEASE,0,0,0,400000000000,-1,0
0.06272,0,0,INJECTING,2089441984,2089282048,7510451818,320000000000,-1,0
0.06272,1,-1,WAIT_RELEASE,0,0,0,400000000000,-1,0
0.06272,2,-1,WAIT_RELEASE,0,0,0,400000000000,-1,0
0.06272,3,-1,WAIT_RELEASE,0,0,0,400000000000,-1,0
0.06274,0,0,INJECTING,2090235000,2090075064,7510451818,320000000000,-1,0
0.06274,1,-1,WAIT_RELEASE,0,0,0,400000000000,-1,0
0.06274,2,-1,WAIT_RELEASE,0,0,0,400000000000,-1,0
0.06274,3,-1,WAIT_RELEASE,0,0,0,400000000000,-1,0
0.06276,0,0,INJECTING,2091028968,2090868080,7510451818,320000000000,-1,0
0.06276,1,-1,WAIT_RELEASE,0,0,0,400000000000,-1,0
0.06276,2,-1,WAIT_RELEASE,0,0,0,400000000000,-1,0
0.06276,3,-1,WAIT_RELEASE,0,0,0,400000000000,-1,0
0.06278,0,0,INJECTING,2091821984,2091662048,7510451818,320000000000,-1,0
0.06278,1,-1,WAIT_RELEASE,0,0,0,400000000000,-1,0
0.06278,2,-1,WAIT_RELEASE,0,0,0,400000000000,-1,0
0.06278,3,-1,WAIT_RELEASE,0,0,0,400000000000,-1,0
0.0628,0,0,INJECTING,2092615000,2092455064,7510451818,320000000000,-1,0
0.0628,1,-1,WAIT_RELEASE,0,0,0,400000000000,-1,0
0.0628,2,-1,WAIT_RELEASE,0,0,0,400000000000,-1,0
0.0628,3,-1,WAIT_RELEASE,0,0,0,400000000000,-1,0
0.06282,0,0,INJECTING,2093408968,2093248080,7510451818,320000000000,-1,0
0.06282,1,-1,WAIT_RELEASE,0,0,0,400000000000,-1,0
0.06282,2,-1,WAIT_RELEASE,0,0,0,400000000000,-1,0
0.06282,3,-1,WAIT_RELEASE,0,0,0,400000000000,-1,0
0.06284,0,0,INJECTING,2094201984,2094042048,7510451818,320000000000,-1,0
0.06284,1,-1,WAIT_RELEASE,0,0,0,400000000000,-1,0
0.06284,2,-1,WAIT_RELEASE,0,0,0,400000000000,-1,0
0.06284,3,-1,WAIT_RELEASE,0,0,0,400000000000,-1,0
0.06286,0,0,INJECTING,2094995000,2094835064,7510451818,320000000000,-1,0
0.06286,1,-1,WAIT_RELEASE,0,0,0,400000000000,-1,0
0.06286,2,-1,WAIT_RELEASE,0,0,0,400000000000,-1,0
0.06286,3,-1,WAIT_RELEASE,0,0,0,400000000000,-1,0
0.06288,0,0,INJECTING,2095788968,2095628080,7510451818,320000000000,-1,0
0.06288,1,-1,WAIT_RELEASE,0,0,0,400000000000,-1,0
0.06288,2,-1,WAIT_RELEASE,0,0,0,400000000000,-1,0
0.06288,3,-1,WAIT_RELEASE,0,0,0,400000000000,-1,0
0.0629,0,0,INJECTING,2096581984,2096422048,7510451818,320000000000,-1,0
0.0629,1,-1,WAIT_RELEASE,0,0,0,400000000000,-1,0
0.0629,2,-1,WAIT_RELEASE,0,0,0,400000000000,-1,0
0.0629,3,-1,WAIT_RELEASE,0,0,0,400000000000,-1,0
0.06292,0,0,INJECTING,2097375000,2097215064,7510451818,320000000000,-1,0
0.06292,1,-1,WAIT_RELEASE,0,0,0,400000000000,-1,0
0.06292,2,-1,WAIT_RELEASE,0,0,0,400000000000,-1,0
0.06292,3,-1,WAIT_RELEASE,0,0,0,400000000000,-1,0
0.06294,0,0,INJECTING,2098168968,2098008080,7510451818,320000000000,-1,0
0.06294,1,-1,WAIT_RELEASE,0,0,0,400000000000,-1,0
0.06294,2,-1,WAIT_RELEASE,0,0,0,400000000000,-1,0
0.06294,3,-1,WAIT_RELEASE,0,0,0,400000000000,-1,0
0.06296,0,0,INJECTING,2098961984,2098802048,7510451818,320000000000,-1,0
0.06296,1,-1,WAIT_RELEASE,0,0,0,400000000000,-1,0
0.06296,2,-1,WAIT_RELEASE,0,0,0,400000000000,-1,0
0.06296,3,-1,WAIT_RELEASE,0,0,0,400000000000,-1,0
0.06298,0,0,INJECTING,2099755000,2099595064,7510451818,320000000000,-1,0
0.06298,1,-1,WAIT_RELEASE,0,0,0,400000000000,-1,0
0.06298,2,-1,WAIT_RELEASE,0,0,0,400000000000,-1,0
0.06298,3,-1,WAIT_RELEASE,0,0,0,400000000000,-1,0
0.063,0,0,INJECTING,2100548968,2100388080,7510451818,320000000000,-1,0
0.063,1,-1,WAIT_RELEASE,0,0,0,400000000000,-1,0
0.063,2,-1,WAIT_RELEASE,0,0,0,400000000000,-1,0
0.063,3,-1,WAIT_RELEASE,0,0,0,400000000000,-1,0
0.06302,0,0,INJECTING,2101341984,2101182048,7510451818,320000000000,-1,0
0.06302,1,-1,WAIT_RELEASE,0,0,0,400000000000,-1,0
0.06302,2,-1,WAIT_RELEASE,0,0,0,400000000000,-1,0
0.06302,3,-1,WAIT_RELEASE,0,0,0,400000000000,-1,0
0.06304,0,0,INJECTING,2102135000,2101975064,7510451818,320000000000,-1,0
0.06304,1,-1,WAIT_RELEASE,0,0,0,400000000000,-1,0
0.06304,2,-1,WAIT_RELEASE,0,0,0,400000000000,-1,0
0.06304,3,-1,WAIT_RELEASE,0,0,0,400000000000,-1,0
0.06306,0,0,INJECTING,2102928968,2102768080,7510451818,320000000000,-1,0
0.06306,1,-1,WAIT_RELEASE,0,0,0,400000000000,-1,0
0.06306,2,-1,WAIT_RELEASE,0,0,0,400000000000,-1,0
0.06306,3,-1,WAIT_RELEASE,0,0,0,400000000000,-1,0
0.06308,0,0,INJECTING,2103721984,2103562048,7510451818,320000000000,-1,0
0.06308,1,-1,WAIT_RELEASE,0,0,0,400000000000,-1,0
0.06308,2,-1,WAIT_RELEASE,0,0,0,400000000000,-1,0
0.06308,3,-1,WAIT_RELEASE,0,0,0,400000000000,-1,0
0.0631,0,0,INJECTING,2104515000,2104355064,7510451818,320000000000,-1,0
0.0631,1,-1,WAIT_RELEASE,0,0,0,400000000000,-1,0
0.0631,2,-1,WAIT_RELEASE,0,0,0,400000000000,-1,0
0.0631,3,-1,WAIT_RELEASE,0,0,0,400000000000,-1,0
0.06312,0,0,INJECTING,2105308968,2105148080,7510451818,320000000000,-1,0
0.06312,1,-1,WAIT_RELEASE,0,0,0,400000000000,-1,0
0.06312,2,-1,WAIT_RELEASE,0,0,0,400000000000,-1,0
0.06312,3,-1,WAIT_RELEASE,0,0,0,400000000000,-1,0
0.06314,0,0,INJECTING,2106101984,2105942048,7510451818,320000000000,-1,0
0.06314,1,-1,WAIT_RELEASE,0,0,0,400000000000,-1,0
0.06314,2,-1,WAIT_RELEASE,0,0,0,400000000000,-1,0
0.06314,3,-1,WAIT_RELEASE,0,0,0,400000000000,-1,0
0.06316,0,0,INJECTING,2106895000,2106735064,7510451818,320000000000,-1,0
0.06316,1,-1,WAIT_RELEASE,0,0,0,400000000000,-1,0
0.06316,2,-1,WAIT_RELEASE,0,0,0,400000000000,-1,0
0.06316,3,-1,WAIT_RELEASE,0,0,0,400000000000,-1,0
0.06318,0,0,INJECTING,2107688968,2107528080,7510451818,320000000000,-1,0
0.06318,1,-1,WAIT_RELEASE,0,0,0,400000000000,-1,0
0.06318,2,-1,WAIT_RELEASE,0,0,0,400000000000,-1,0
0.06318,3,-1,WAIT_RELEASE,0,0,0,400000000000,-1,0
0.0632,0,0,INJECTING,2108481984,2108322048,7510451818,320000000000,-1,0
0.0632,1,-1,WAIT_RELEASE,0,0,0,400000000000,-1,0
0.0632,2,-1,WAIT_RELEASE,0,0,0,400000000000,-1,0
0.0632,3,-1,WAIT_RELEASE,0,0,0,400000000000,-1,0
0.06322,0,0,INJECTING,2109275000,2109115064,7510451818,320000000000,-1,0
0.06322,1,-1,WAIT_RELEASE,0,0,0,400000000000,-1,0
0.06322,2,-1,WAIT_RELEASE,0,0,0,400000000000,-1,0
0.06322,3,-1,WAIT_RELEASE,0,0,0,400000000000,-1,0
0.06324,0,0,INJECTING,2110068968,2109908080,7510451818,320000000000,-1,0
0.06324,1,-1,WAIT_RELEASE,0,0,0,400000000000,-1,0
0.06324,2,-1,WAIT_RELEASE,0,0,0,400000000000,-1,0
0.06324,3,-1,WAIT_RELEASE,0,0,0,400000000000,-1,0
0.06326,0,0,INJECTING,2110861984,2110702048,7510451818,320000000000,-1,0
0.06326,1,-1,WAIT_RELEASE,0,0,0,400000000000,-1,0
0.06326,2,-1,WAIT_RELEASE,0,0,0,400000000000,-1,0
0.06326,3,-1,WAIT_RELEASE,0,0,0,400000000000,-1,0
0.06328,0,0,INJECTING,2111655000,2111495064,7510451818,320000000000,-1,0
0.06328,1,-1,WAIT_RELEASE,0,0,0,400000000000,-1,0
0.06328,2,-1,WAIT_RELEASE,0,0,0,400000000000,-1,0
0.06328,3,-1,WAIT_RELEASE,0,0,0,400000000000,-1,0
0.0633,0,0,INJECTING,2112448968,2112288080,7510451818,320000000000,-1,0
0.0633,1,-1,WAIT_RELEASE,0,0,0,400000000000,-1,0
0.0633,2,-1,WAIT_RELEASE,0,0,0,400000000000,-1,0
0.0633,3,-1,WAIT_RELEASE,0,0,0,400000000000,-1,0
0.06332,0,0,INJECTING,2113241984,2113082048,7510451818,320000000000,-1,0
0.06332,1,-1,WAIT_RELEASE,0,0,0,400000000000,-1,0
0.06332,2,-1,WAIT_RELEASE,0,0,0,400000000000,-1,0
0.06332,3,-1,WAIT_RELEASE,0,0,0,400000000000,-1,0
0.06334,0,0,INJECTING,2114035000,2113875064,7510451818,320000000000,-1,0
0.06334,1,-1,WAIT_RELEASE,0,0,0,400000000000,-1,0
0.06334,2,-1,WAIT_RELEASE,0,0,0,400000000000,-1,0
0.06334,3,-1,WAIT_RELEASE,0,0,0,400000000000,-1,0
0.06336,0,0,INJECTING,2114828968,2114668080,7510451818,320000000000,-1,0
0.06336,1,-1,WAIT_RELEASE,0,0,0,400000000000,-1,0
0.06336,2,-1,WAIT_RELEASE,0,0,0,400000000000,-1,0
0.06336,3,-1,WAIT_RELEASE,0,0,0,400000000000,-1,0
0.06338,0,0,INJECTING,2115621984,2115462048,7510451818,320000000000,-1,0
0.06338,1,-1,WAIT_RELEASE,0,0,0,400000000000,-1,0
0.06338,2,-1,WAIT_RELEASE,0,0,0,400000000000,-1,0
0.06338,3,-1,WAIT_RELEASE,0,0,0,400000000000,-1,0
0.0634,0,0,INJECTING,2116415000,2116255064,7510451818,320000000000,-1,0
0.0634,1,-1,WAIT_RELEASE,0,0,0,400000000000,-1,0
0.0634,2,-1,WAIT_RELEASE,0,0,0,400000000000,-1,0
0.0634,3,-1,WAIT_RELEASE,0,0,0,400000000000,-1,0
0.06342,0,0,INJECTING,2117208968,2117048080,7510451818,320000000000,-1,0
0.06342,1,-1,WAIT_RELEASE,0,0,0,400000000000,-1,0
0.06342,2,-1,WAIT_RELEASE,0,0,0,400000000000,-1,0
0.06342,3,-1,WAIT_RELEASE,0,0,0,400000000000,-1,0
0.06344,0,0,INJECTING,2118001984,2117842048,7510451818,320000000000,-1,0
0.06344,1,-1,WAIT_RELEASE,0,0,0,400000000000,-1,0
0.06344,2,-1,WAIT_RELEASE,0,0,0,400000000000,-1,0
0.06344,3,-1,WAIT_RELEASE,0,0,0,400000000000,-1,0
0.06346,0,0,INJECTING,2118795000,2118635064,7510451818,320000000000,-1,0
0.06346,1,-1,WAIT_RELEASE,0,0,0,400000000000,-1,0
0.06346,2,-1,WAIT_RELEASE,0,0,0,400000000000,-1,0
0.06346,3,-1,WAIT_RELEASE,0,0,0,400000000000,-1,0
0.06348,0,0,INJECTING,2119588968,2119428080,7510451818,320000000000,-1,0
0.06348,1,-1,WAIT_RELEASE,0,0,0,400000000000,-1,0
0.06348,2,-1,WAIT_RELEASE,0,0,0,400000000000,-1,0
0.06348,3,-1,WAIT_RELEASE,0,0,0,400000000000,-1,0
0.0635,0,0,INJECTING,2120381984,2120222048,7510451818,320000000000,-1,0
0.0635,1,-1,WAIT_RELEASE,0,0,0,400000000000,-1,0
0.0635,2,-1,WAIT_RELEASE,0,0,0,400000000000,-1,0
0.0635,3,-1,WAIT_RELEASE,0,0,0,400000000000,-1,0
0.06352,0,0,INJECTING,2121175000,2121015064,7510451818,320000000000,-1,0
0.06352,1,-1,WAIT_RELEASE,0,0,0,400000000000,-1,0
0.06352,2,-1,WAIT_RELEASE,0,0,0,400000000000,-1,0
0.06352,3,-1,WAIT_RELEASE,0,0,0,400000000000,-1,0
0.06354,0,0,INJECTING,2121968968,2121808080,7510451818,320000000000,-1,0
0.06354,1,-1,WAIT_RELEASE,0,0,0,400000000000,-1,0
0.06354,2,-1,WAIT_RELEASE,0,0,0,400000000000,-1,0
0.06354,3,-1,WAIT_RELEASE,0,0,0,400000000000,-1,0
0.06356,0,0,INJECTING,2122761984,2122602048,7510451818,320000000000,-1,0
0.06356,1,-1,WAIT_RELEASE,0,0,0,400000000000,-1,0
0.06356,2,-1,WAIT_RELEASE,0,0,0,400000000000,-1,0
0.06356,3,-1,WAIT_RELEASE,0,0,0,400000000000,-1,0
0.06358,0,0,INJECTING,2123555000,2123395064,7510451818,320000000000,-1,0
0.06358,1,-1,WAIT_RELEASE,0,0,0,400000000000,-1,0
0.06358,2,-1,WAIT_RELEASE,0,0,0,400000000000,-1,0
0.06358,3,-1,WAIT_RELEASE,0,0,0,400000000000,-1,0
0.0636,0,0,INJECTING,2124348968,2124188080,7510451818,320000000000,-1,0
0.0636,1,-1,WAIT_RELEASE,0,0,0,400000000000,-1,0
0.0636,2,-1,WAIT_RELEASE,0,0,0,400000000000,-1,0
0.0636,3,-1,WAIT_RELEASE,0,0,0,400000000000,-1,0
0.06362,0,0,INJECTING,2125141984,2124982048,7510451818,320000000000,-1,0
0.06362,1,-1,WAIT_RELEASE,0,0,0,400000000000,-1,0
0.06362,2,-1,WAIT_RELEASE,0,0,0,400000000000,-1,0
0.06362,3,-1,WAIT_RELEASE,0,0,0,400000000000,-1,0
0.06364,0,0,INJECTING,2125935000,2125775064,7510451818,320000000000,-1,0
0.06364,1,-1,WAIT_RELEASE,0,0,0,400000000000,-1,0
0.06364,2,-1,WAIT_RELEASE,0,0,0,400000000000,-1,0
0.06364,3,-1,WAIT_RELEASE,0,0,0,400000000000,-1,0
0.06366,0,0,INJECTING,2126728968,2126568080,7510451818,320000000000,-1,0
0.06366,1,-1,WAIT_RELEASE,0,0,0,400000000000,-1,0
0.06366,2,-1,WAIT_RELEASE,0,0,0,400000000000,-1,0
0.06366,3,-1,WAIT_RELEASE,0,0,0,400000000000,-1,0
0.06368,0,0,INJECTING,2127521984,2127362048,7510451818,320000000000,-1,0
0.06368,1,-1,WAIT_RELEASE,0,0,0,400000000000,-1,0
0.06368,2,-1,WAIT_RELEASE,0,0,0,400000000000,-1,0
0.06368,3,-1,WAIT_RELEASE,0,0,0,400000000000,-1,0
0.0637,0,0,INJECTING,2128315000,2128155064,7510451818,320000000000,-1,0
0.0637,1,-1,WAIT_RELEASE,0,0,0,400000000000,-1,0
0.0637,2,-1,WAIT_RELEASE,0,0,0,400000000000,-1,0
0.0637,3,-1,WAIT_RELEASE,0,0,0,400000000000,-1,0
0.06372,0,0,INJECTING,2129108968,2128948080,7510451818,320000000000,-1,0
0.06372,1,-1,WAIT_RELEASE,0,0,0,400000000000,-1,0
0.06372,2,-1,WAIT_RELEASE,0,0,0,400000000000,-1,0
0.06372,3,-1,WAIT_RELEASE,0,0,0,400000000000,-1,0
0.06374,0,0,INJECTING,2129901984,2129742048,7510451818,320000000000,-1,0
0.06374,1,-1,WAIT_RELEASE,0,0,0,400000000000,-1,0
0.06374,2,-1,WAIT_RELEASE,0,0,0,400000000000,-1,0
0.06374,3,-1,WAIT_RELEASE,0,0,0,400000000000,-1,0
0.06376,0,0,INJECTING,2130695000,2130535064,7510451818,320000000000,-1,0
0.06376,1,-1,WAIT_RELEASE,0,0,0,400000000000,-1,0
0.06376,2,-1,WAIT_RELEASE,0,0,0,400000000000,-1,0
0.06376,3,-1,WAIT_RELEASE,0,0,0,400000000000,-1,0
0.06378,0,0,INJECTING,2131488968,2131328080,7510451818,320000000000,-1,0
0.06378,1,-1,WAIT_RELEASE,0,0,0,400000000000,-1,0
0.06378,2,-1,WAIT_RELEASE,0,0,0,400000000000,-1,0
0.06378,3,-1,WAIT_RELEASE,0,0,0,400000000000,-1,0
0.0638,0,0,INJECTING,2132281984,2132122048,7510451818,320000000000,-1,0
0.0638,1,-1,WAIT_RELEASE,0,0,0,400000000000,-1,0
0.0638,2,-1,WAIT_RELEASE,0,0,0,400000000000,-1,0
0.0638,3,-1,WAIT_RELEASE,0,0,0,400000000000,-1,0
0.06382,0,0,INJECTING,2133075000,2132915064,7510451818,320000000000,-1,0
0.06382,1,-1,WAIT_RELEASE,0,0,0,400000000000,-1,0
0.06382,2,-1,WAIT_RELEASE,0,0,0,400000000000,-1,0
0.06382,3,-1,WAIT_RELEASE,0,0,0,400000000000,-1,0
0.06384,0,0,INJECTING,2133868968,2133708080,7510451818,320000000000,-1,0
0.06384,1,-1,WAIT_RELEASE,0,0,0,400000000000,-1,0
0.06384,2,-1,WAIT_RELEASE,0,0,0,400000000000,-1,0
0.06384,3,-1,WAIT_RELEASE,0,0,0,400000000000,-1,0
0.06386,0,0,INJECTING,2134661984,2134502048,7510451818,320000000000,-1,0
0.06386,1,-1,WAIT_RELEASE,0,0,0,400000000000,-1,0
0.06386,2,-1,WAIT_RELEASE,0,0,0,400000000000,-1,0
0.06386,3,-1,WAIT_RELEASE,0,0,0,400000000000,-1,0
0.06388,0,0,INJECTING,2135455000,2135295064,7510451818,320000000000,-1,0
0.06388,1,-1,WAIT_RELEASE,0,0,0,400000000000,-1,0
0.06388,2,-1,WAIT_RELEASE,0,0,0,400000000000,-1,0
0.06388,3,-1,WAIT_RELEASE,0,0,0,400000000000,-1,0
0.0639,0,0,INJECTING,2136248968,2136088080,7510451818,320000000000,-1,0
0.0639,1,-1,WAIT_RELEASE,0,0,0,400000000000,-1,0
0.0639,2,-1,WAIT_RELEASE,0,0,0,400000000000,-1,0
0.0639,3,-1,WAIT_RELEASE,0,0,0,400000000000,-1,0
0.06392,0,0,INJECTING,2137041984,2136882048,7510451818,320000000000,-1,0
0.06392,1,-1,WAIT_RELEASE,0,0,0,400000000000,-1,0
0.06392,2,-1,WAIT_RELEASE,0,0,0,400000000000,-1,0
0.06392,3,-1,WAIT_RELEASE,0,0,0,400000000000,-1,0
0.06394,0,0,INJECTING,2137835000,2137675064,7510451818,320000000000,-1,0
0.06394,1,-1,WAIT_RELEASE,0,0,0,400000000000,-1,0
0.06394,2,-1,WAIT_RELEASE,0,0,0,400000000000,-1,0
0.06394,3,-1,WAIT_RELEASE,0,0,0,400000000000,-1,0
0.06396,0,0,INJECTING,2138628968,2138468080,7510451818,320000000000,-1,0
0.06396,1,-1,WAIT_RELEASE,0,0,0,400000000000,-1,0
0.06396,2,-1,WAIT_RELEASE,0,0,0,400000000000,-1,0
0.06396,3,-1,WAIT_RELEASE,0,0,0,400000000000,-1,0
0.06398,0,0,INJECTING,2139421984,2139262048,7510451818,320000000000,-1,0
0.06398,1,-1,WAIT_RELEASE,0,0,0,400000000000,-1,0
0.06398,2,-1,WAIT_RELEASE,0,0,0,400000000000,-1,0
0.06398,3,-1,WAIT_RELEASE,0,0,0,400000000000,-1,0
0.064,0,0,INJECTING,2140215000,2140055064,7510451818,320000000000,-1,0
0.064,1,-1,WAIT_RELEASE,0,0,0,400000000000,-1,0
0.064,2,-1,WAIT_RELEASE,0,0,0,400000000000,-1,0
0.064,3,-1,WAIT_RELEASE,0,0,0,400000000000,-1,0
0.06402,0,0,INJECTING,2141008968,2140848080,7510451818,320000000000,-1,0
0.06402,1,-1,WAIT_RELEASE,0,0,0,400000000000,-1,0
0.06402,2,-1,WAIT_RELEASE,0,0,0,400000000000,-1,0
0.06402,3,-1,WAIT_RELEASE,0,0,0,400000000000,-1,0
0.06404,0,0,INJECTING,2141801984,2141642048,7510451818,320000000000,-1,0
0.06404,1,-1,WAIT_RELEASE,0,0,0,400000000000,-1,0
0.06404,2,-1,WAIT_RELEASE,0,0,0,400000000000,-1,0
0.06404,3,-1,WAIT_RELEASE,0,0,0,400000000000,-1,0
0.06406,0,0,INJECTING,2142595000,2142435064,7510451818,320000000000,-1,0
0.06406,1,-1,WAIT_RELEASE,0,0,0,400000000000,-1,0
0.06406,2,-1,WAIT_RELEASE,0,0,0,400000000000,-1,0
0.06406,3,-1,WAIT_RELEASE,0,0,0,400000000000,-1,0
0.06408,0,0,INJECTING,2143388968,2143228080,7510451818,320000000000,-1,0
0.06408,1,-1,WAIT_RELEASE,0,0,0,400000000000,-1,0
0.06408,2,-1,WAIT_RELEASE,0,0,0,400000000000,-1,0
0.06408,3,-1,WAIT_RELEASE,0,0,0,400000000000,-1,0
0.0641,0,0,INJECTING,2144181984,2144022048,7510451818,320000000000,-1,0
0.0641,1,-1,WAIT_RELEASE,0,0,0,400000000000,-1,0
0.0641,2,-1,WAIT_RELEASE,0,0,0,400000000000,-1,0
0.0641,3,-1,WAIT_RELEASE,0,0,0,400000000000,-1,0
0.06412,0,0,INJECTING,2144975000,2144815064,7510451818,320000000000,-1,0
0.06412,1,-1,WAIT_RELEASE,0,0,0,400000000000,-1,0
0.06412,2,-1,WAIT_RELEASE,0,0,0,400000000000,-1,0
0.06412,3,-1,WAIT_RELEASE,0,0,0,400000000000,-1,0
0.06414,0,0,INJECTING,2145768968,2145608080,7510451818,320000000000,-1,0
0.06414,1,-1,WAIT_RELEASE,0,0,0,400000000000,-1,0
0.06414,2,-1,WAIT_RELEASE,0,0,0,400000000000,-1,0
0.06414,3,-1,WAIT_RELEASE,0,0,0,400000000000,-1,0
0.06416,0,0,INJECTING,2146561984,2146402048,7510451818,320000000000,-1,0
0.06416,1,-1,WAIT_RELEASE,0,0,0,400000000000,-1,0
0.06416,2,-1,WAIT_RELEASE,0,0,0,400000000000,-1,0
0.06416,3,-1,WAIT_RELEASE,0,0,0,400000000000,-1,0
0.06418,0,0,INJECTING,2147355000,2147195064,7510451818,320000000000,-1,0
0.06418,1,-1,WAIT_RELEASE,0,0,0,400000000000,-1,0
0.06418,2,-1,WAIT_RELEASE,0,0,0,400000000000,-1,0
0.06418,3,-1,WAIT_RELEASE,0,0,0,400000000000,-1,0
0.0642,0,0,INJECTING,2148148968,2147988080,7510451818,320000000000,-1,0
0.0642,1,-1,WAIT_RELEASE,0,0,0,400000000000,-1,0
0.0642,2,-1,WAIT_RELEASE,0,0,0,400000000000,-1,0
0.0642,3,-1,WAIT_RELEASE,0,0,0,400000000000,-1,0
0.06422,0,0,INJECTING,2148941984,2148782048,7510451818,320000000000,-1,0
0.06422,1,-1,WAIT_RELEASE,0,0,0,400000000000,-1,0
0.06422,2,-1,WAIT_RELEASE,0,0,0,400000000000,-1,0
0.06422,3,-1,WAIT_RELEASE,0,0,0,400000000000,-1,0
0.06424,0,0,INJECTING,2149735000,2149575064,7510451818,320000000000,-1,0
0.06424,1,-1,WAIT_RELEASE,0,0,0,400000000000,-1,0
0.06424,2,-1,WAIT_RELEASE,0,0,0,400000000000,-1,0
0.06424,3,-1,WAIT_RELEASE,0,0,0,400000000000,-1,0
0.06426,0,0,INJECTING,2150528968,2150368080,7510451818,320000000000,-1,0
0.06426,1,-1,WAIT_RELEASE,0,0,0,400000000000,-1,0
0.06426,2,-1,WAIT_RELEASE,0,0,0,400000000000,-1,0
0.06426,3,-1,WAIT_RELEASE,0,0,0,400000000000,-1,0
0.06428,0,0,INJECTING,2151321984,2151162048,7510451818,320000000000,-1,0
0.06428,1,-1,WAIT_RELEASE,0,0,0,400000000000,-1,0
0.06428,2,-1,WAIT_RELEASE,0,0,0,400000000000,-1,0
0.06428,3,-1,WAIT_RELEASE,0,0,0,400000000000,-1,0
0.0643,0,0,INJECTING,2152115000,2151955064,7510451818,320000000000,-1,0
0.0643,1,-1,WAIT_RELEASE,0,0,0,400000000000,-1,0
0.0643,2,-1,WAIT_RELEASE,0,0,0,400000000000,-1,0
0.0643,3,-1,WAIT_RELEASE,0,0,0,400000000000,-1,0
0.06432,0,0,INJECTING,2152908968,2152748080,7510451818,320000000000,-1,0
0.06432,1,-1,WAIT_RELEASE,0,0,0,400000000000,-1,0
0.06432,2,-1,WAIT_RELEASE,0,0,0,400000000000,-1,0
0.06432,3,-1,WAIT_RELEASE,0,0,0,400000000000,-1,0
0.06434,0,0,INJECTING,2153701984,2153542048,7510451818,320000000000,-1,0
0.06434,1,-1,WAIT_RELEASE,0,0,0,400000000000,-1,0
0.06434,2,-1,WAIT_RELEASE,0,0,0,400000000000,-1,0
0.06434,3,-1,WAIT_RELEASE,0,0,0,400000000000,-1,0
0.06436,0,0,INJECTING,2154495000,2154335064,7510451818,320000000000,-1,0
0.06436,1,-1,WAIT_RELEASE,0,0,0,400000000000,-1,0
0.06436,2,-1,WAIT_RELEASE,0,0,0,400000000000,-1,0
0.06436,3,-1,WAIT_RELEASE,0,0,0,400000000000,-1,0
0.06438,0,0,INJECTING,2155288968,2155128080,7510451818,320000000000,-1,0
0.06438,1,-1,WAIT_RELEASE,0,0,0,400000000000,-1,0
0.06438,2,-1,WAIT_RELEASE,0,0,0,400000000000,-1,0
0.06438,3,-1,WAIT_RELEASE,0,0,0,400000000000,-1,0
0.0644,0,0,INJECTING,2156081984,2155922048,7510451818,320000000000,-1,0
0.0644,1,-1,WAIT_RELEASE,0,0,0,400000000000,-1,0
0.0644,2,-1,WAIT_RELEASE,0,0,0,400000000000,-1,0
0.0644,3,-1,WAIT_RELEASE,0,0,0,400000000000,-1,0
0.06442,0,0,INJECTING,2156875000,2156715064,7510451818,320000000000,-1,0
0.06442,1,-1,WAIT_RELEASE,0,0,0,400000000000,-1,0
0.06442,2,-1,WAIT_RELEASE,0,0,0,400000000000,-1,0
0.06442,3,-1,WAIT_RELEASE,0,0,0,400000000000,-1,0
0.06444,0,0,INJECTING,2157668968,2157508080,7510451818,320000000000,-1,0
0.06444,1,-1,WAIT_RELEASE,0,0,0,400000000000,-1,0
0.06444,2,-1,WAIT_RELEASE,0,0,0,400000000000,-1,0
0.06444,3,-1,WAIT_RELEASE,0,0,0,400000000000,-1,0
0.06446,0,0,INJECTING,2158461984,2158302048,7510451818,320000000000,-1,0
0.06446,1,-1,WAIT_RELEASE,0,0,0,400000000000,-1,0
0.06446,2,-1,WAIT_RELEASE,0,0,0,400000000000,-1,0
0.06446,3,-1,WAIT_RELEASE,0,0,0,400000000000,-1,0
0.06448,0,0,INJECTING,2159255000,2159095064,7510451818,320000000000,-1,0
0.06448,1,-1,WAIT_RELEASE,0,0,0,400000000000,-1,0
0.06448,2,-1,WAIT_RELEASE,0,0,0,400000000000,-1,0
0.06448,3,-1,WAIT_RELEASE,0,0,0,400000000000,-1,0
0.0645,0,0,INJECTING,2160048968,2159888080,7510451818,320000000000,-1,0
0.0645,1,-1,WAIT_RELEASE,0,0,0,400000000000,-1,0
0.0645,2,-1,WAIT_RELEASE,0,0,0,400000000000,-1,0
0.0645,3,-1,WAIT_RELEASE,0,0,0,400000000000,-1,0
0.06452,0,0,INJECTING,2160841984,2160682048,7510451818,320000000000,-1,0
0.06452,1,-1,WAIT_RELEASE,0,0,0,400000000000,-1,0
0.06452,2,-1,WAIT_RELEASE,0,0,0,400000000000,-1,0
0.06452,3,-1,WAIT_RELEASE,0,0,0,400000000000,-1,0
0.06454,0,0,INJECTING,2161635000,2161475064,7510451818,320000000000,-1,0
0.06454,1,-1,WAIT_RELEASE,0,0,0,400000000000,-1,0
0.06454,2,-1,WAIT_RELEASE,0,0,0,400000000000,-1,0
0.06454,3,-1,WAIT_RELEASE,0,0,0,400000000000,-1,0
0.06456,0,0,INJECTING,2162428968,2162268080,7510451818,320000000000,-1,0
0.06456,1,-1,WAIT_RELEASE,0,0,0,400000000000,-1,0
0.06456,2,-1,WAIT_RELEASE,0,0,0,400000000000,-1,0
0.06456,3,-1,WAIT_RELEASE,0,0,0,400000000000,-1,0
0.06458,0,0,INJECTING,2163221984,2163062048,7510451818,320000000000,-1,0
0.06458,1,-1,WAIT_RELEASE,0,0,0,400000000000,-1,0
0.06458,2,-1,WAIT_RELEASE,0,0,0,400000000000,-1,0
0.06458,3,-1,WAIT_RELEASE,0,0,0,400000000000,-1,0
0.0646,0,0,INJECTING,2164015000,2163855064,7510451818,320000000000,-1,0
0.0646,1,-1,WAIT_RELEASE,0,0,0,400000000000,-1,0
0.0646,2,-1,WAIT_RELEASE,0,0,0,400000000000,-1,0
0.0646,3,-1,WAIT_RELEASE,0,0,0,400000000000,-1,0
0.06462,0,0,INJECTING,2164808968,2164648080,7510451818,320000000000,-1,0
0.06462,1,-1,WAIT_RELEASE,0,0,0,400000000000,-1,0
0.06462,2,-1,WAIT_RELEASE,0,0,0,400000000000,-1,0
0.06462,3,-1,WAIT_RELEASE,0,0,0,400000000000,-1,0
0.06464,0,0,INJECTING,2165601984,2165442048,7510451818,320000000000,-1,0
0.06464,1,-1,WAIT_RELEASE,0,0,0,400000000000,-1,0
0.06464,2,-1,WAIT_RELEASE,0,0,0,400000000000,-1,0
0.06464,3,-1,WAIT_RELEASE,0,0,0,400000000000,-1,0
0.06466,0,0,INJECTING,2166395000,2166235064,7510451818,320000000000,-1,0
0.06466,1,-1,WAIT_RELEASE,0,0,0,400000000000,-1,0
0.06466,2,-1,WAIT_RELEASE,0,0,0,400000000000,-1,0
0.06466,3,-1,WAIT_RELEASE,0,0,0,400000000000,-1,0
0.06468,0,0,INJECTING,2167188968,2167028080,7510451818,320000000000,-1,0
0.06468,1,-1,WAIT_RELEASE,0,0,0,400000000000,-1,0
0.06468,2,-1,WAIT_RELEASE,0,0,0,400000000000,-1,0
0.06468,3,-1,WAIT_RELEASE,0,0,0,400000000000,-1,0
0.0647,0,0,INJECTING,2167981984,2167822048,7510451818,320000000000,-1,0
0.0647,1,-1,WAIT_RELEASE,0,0,0,400000000000,-1,0
0.0647,2,-1,WAIT_RELEASE,0,0,0,400000000000,-1,0
0.0647,3,-1,WAIT_RELEASE,0,0,0,400000000000,-1,0
0.06472,0,0,INJECTING,2168775000,2168615064,7510451818,320000000000,-1,0
0.06472,1,-1,WAIT_RELEASE,0,0,0,400000000000,-1,0
0.06472,2,-1,WAIT_RELEASE,0,0,0,400000000000,-1,0
0.06472,3,-1,WAIT_RELEASE,0,0,0,400000000000,-1,0
0.06474,0,0,INJECTING,2169568968,2169408080,7510451818,320000000000,-1,0
0.06474,1,-1,WAIT_RELEASE,0,0,0,400000000000,-1,0
0.06474,2,-1,WAIT_RELEASE,0,0,0,400000000000,-1,0
0.06474,3,-1,WAIT_RELEASE,0,0,0,400000000000,-1,0
0.06476,0,0,INJECTING,2170361984,2170202048,7510451818,320000000000,-1,0
0.06476,1,-1,WAIT_RELEASE,0,0,0,400000000000,-1,0
0.06476,2,-1,WAIT_RELEASE,0,0,0,400000000000,-1,0
0.06476,3,-1,WAIT_RELEASE,0,0,0,400000000000,-1,0
0.06478,0,0,INJECTING,2171155000,2170995064,7510451818,320000000000,-1,0
0.06478,1,-1,WAIT_RELEASE,0,0,0,400000000000,-1,0
0.06478,2,-1,WAIT_RELEASE,0,0,0,400000000000,-1,0
0.06478,3,-1,WAIT_RELEASE,0,0,0,400000000000,-1,0
0.0648,0,0,INJECTING,2171948968,2171788080,7510451818,320000000000,-1,0
0.0648,1,-1,WAIT_RELEASE,0,0,0,400000000000,-1,0
0.0648,2,-1,WAIT_RELEASE,0,0,0,400000000000,-1,0
0.0648,3,-1,WAIT_RELEASE,0,0,0,400000000000,-1,0
0.06482,0,0,INJECTING,2172741984,2172582048,7510451818,320000000000,-1,0
0.06482,1,-1,WAIT_RELEASE,0,0,0,400000000000,-1,0
0.06482,2,-1,WAIT_RELEASE,0,0,0,400000000000,-1,0
0.06482,3,-1,WAIT_RELEASE,0,0,0,400000000000,-1,0
0.06484,0,0,INJECTING,2173535000,2173375064,7510451818,320000000000,-1,0
0.06484,1,-1,WAIT_RELEASE,0,0,0,400000000000,-1,0
0.06484,2,-1,WAIT_RELEASE,0,0,0,400000000000,-1,0
0.06484,3,-1,WAIT_RELEASE,0,0,0,400000000000,-1,0
0.06486,0,0,INJECTING,2174328968,2174168080,7510451818,320000000000,-1,0
0.06486,1,-1,WAIT_RELEASE,0,0,0,400000000000,-1,0
0.06486,2,-1,WAIT_RELEASE,0,0,0,400000000000,-1,0
0.06486,3,-1,WAIT_RELEASE,0,0,0,400000000000,-1,0
0.06488,0,0,INJECTING,2175121984,2174962048,7510451818,320000000000,-1,0
0.06488,1,-1,WAIT_RELEASE,0,0,0,400000000000,-1,0
0.06488,2,-1,WAIT_RELEASE,0,0,0,400000000000,-1,0
0.06488,3,-1,WAIT_RELEASE,0,0,0,400000000000,-1,0
0.0649,0,0,INJECTING,2175915000,2175755064,7510451818,320000000000,-1,0
0.0649,1,-1,WAIT_RELEASE,0,0,0,400000000000,-1,0
0.0649,2,-1,WAIT_RELEASE,0,0,0,400000000000,-1,0
0.0649,3,-1,WAIT_RELEASE,0,0,0,400000000000,-1,0
0.06492,0,0,INJECTING,2176708968,2176548080,7510451818,320000000000,-1,0
0.06492,1,-1,WAIT_RELEASE,0,0,0,400000000000,-1,0
0.06492,2,-1,WAIT_RELEASE,0,0,0,400000000000,-1,0
0.06492,3,-1,WAIT_RELEASE,0,0,0,400000000000,-1,0
0.06494,0,0,INJECTING,2177501984,2177342048,7510451818,320000000000,-1,0
0.06494,1,-1,WAIT_RELEASE,0,0,0,400000000000,-1,0
0.06494,2,-1,WAIT_RELEASE,0,0,0,400000000000,-1,0
0.06494,3,-1,WAIT_RELEASE,0,0,0,400000000000,-1,0
0.06496,0,0,INJECTING,2178295000,2178135064,7510451818,320000000000,-1,0
0.06496,1,-1,WAIT_RELEASE,0,0,0,400000000000,-1,0
0.06496,2,-1,WAIT_RELEASE,0,0,0,400000000000,-1,0
0.06496,3,-1,WAIT_RELEASE,0,0,0,400000000000,-1,0
0.06498,0,0,INJECTING,2179088968,2178928080,7510451818,320000000000,-1,0
0.06498,1,-1,WAIT_RELEASE,0,0,0,400000000000,-1,0
0.06498,2,-1,WAIT_RELEASE,0,0,0,400000000000,-1,0
0.06498,3,-1,WAIT_RELEASE,0,0,0,400000000000,-1,0
0.065,0,0,INJECTING,2179881984,2179722048,7510451818,320000000000,-1,0
0.065,1,-1,WAIT_RELEASE,0,0,0,400000000000,-1,0
0.065,2,-1,WAIT_RELEASE,0,0,0,400000000000,-1,0
0.065,3,-1,WAIT_RELEASE,0,0,0,400000000000,-1,0
0.06502,0,0,INJECTING,2180675000,2180515064,7510451818,320000000000,-1,0
0.06502,1,-1,WAIT_RELEASE,0,0,0,400000000000,-1,0
0.06502,2,-1,WAIT_RELEASE,0,0,0,400000000000,-1,0
0.06502,3,-1,WAIT_RELEASE,0,0,0,400000000000,-1,0
0.06504,0,0,INJECTING,2181468968,2181308080,7510451818,320000000000,-1,0
0.06504,1,-1,WAIT_RELEASE,0,0,0,400000000000,-1,0
0.06504,2,-1,WAIT_RELEASE,0,0,0,400000000000,-1,0
0.06504,3,-1,WAIT_RELEASE,0,0,0,400000000000,-1,0
0.06506,0,0,INJECTING,2182261984,2182102048,7510451818,320000000000,-1,0
0.06506,1,-1,WAIT_RELEASE,0,0,0,400000000000,-1,0
0.06506,2,-1,WAIT_RELEASE,0,0,0,400000000000,-1,0
0.06506,3,-1,WAIT_RELEASE,0,0,0,400000000000,-1,0
0.06508,0,0,INJECTING,2183055000,2182895064,7510451818,320000000000,-1,0
0.06508,1,-1,WAIT_RELEASE,0,0,0,400000000000,-1,0
0.06508,2,-1,WAIT_RELEASE,0,0,0,400000000000,-1,0
0.06508,3,-1,WAIT_RELEASE,0,0,0,400000000000,-1,0
0.0651,0,0,INJECTING,2183848968,2183688080,7510451818,320000000000,-1,0
0.0651,1,-1,WAIT_RELEASE,0,0,0,400000000000,-1,0
0.0651,2,-1,WAIT_RELEASE,0,0,0,400000000000,-1,0
0.0651,3,-1,WAIT_RELEASE,0,0,0,400000000000,-1,0
0.06512,0,0,INJECTING,2184641984,2184482048,7510451818,320000000000,-1,0
0.06512,1,-1,WAIT_RELEASE,0,0,0,400000000000,-1,0
0.06512,2,-1,WAIT_RELEASE,0,0,0,400000000000,-1,0
0.06512,3,-1,WAIT_RELEASE,0,0,0,400000000000,-1,0
0.06514,0,0,INJECTING,2185435000,2185275064,7510451818,320000000000,-1,0
0.06514,1,-1,WAIT_RELEASE,0,0,0,400000000000,-1,0
0.06514,2,-1,WAIT_RELEASE,0,0,0,400000000000,-1,0
0.06514,3,-1,WAIT_RELEASE,0,0,0,400000000000,-1,0
0.06516,0,0,INJECTING,2186228968,2186068080,7510451818,320000000000,-1,0
0.06516,1,-1,WAIT_RELEASE,0,0,0,400000000000,-1,0
0.06516,2,-1,WAIT_RELEASE,0,0,0,400000000000,-1,0
0.06516,3,-1,WAIT_RELEASE,0,0,0,400000000000,-1,0
0.06518,0,0,INJECTING,2187021984,2186862048,7510451818,320000000000,-1,0
0.06518,1,-1,WAIT_RELEASE,0,0,0,400000000000,-1,0
0.06518,2,-1,WAIT_RELEASE,0,0,0,400000000000,-1,0
0.06518,3,-1,WAIT_RELEASE,0,0,0,400000000000,-1,0
0.0652,0,0,INJECTING,2187815000,2187655064,7510451818,320000000000,-1,0
0.0652,1,-1,WAIT_RELEASE,0,0,0,400000000000,-1,0
0.0652,2,-1,WAIT_RELEASE,0,0,0,400000000000,-1,0
0.0652,3,-1,WAIT_RELEASE,0,0,0,400000000000,-1,0
0.06522,0,0,INJECTING,2188608968,2188448080,7510451818,320000000000,-1,0
0.06522,1,-1,WAIT_RELEASE,0,0,0,400000000000,-1,0
0.06522,2,-1,WAIT_RELEASE,0,0,0,400000000000,-1,0
0.06522,3,-1,WAIT_RELEASE,0,0,0,400000000000,-1,0
0.06524,0,0,INJECTING,2189401984,2189242048,7510451818,320000000000,-1,0
0.06524,1,-1,WAIT_RELEASE,0,0,0,400000000000,-1,0
0.06524,2,-1,WAIT_RELEASE,0,0,0,400000000000,-1,0
0.06524,3,-1,WAIT_RELEASE,0,0,0,400000000000,-1,0
0.06526,0,0,INJECTING,2190195000,2190035064,7510451818,320000000000,-1,0
0.06526,1,-1,WAIT_RELEASE,0,0,0,400000000000,-1,0
0.06526,2,-1,WAIT_RELEASE,0,0,0,400000000000,-1,0
0.06526,3,-1,WAIT_RELEASE,0,0,0,400000000000,-1,0
0.06528,0,0,INJECTING,2190988968,2190828080,7510451818,320000000000,-1,0
0.06528,1,-1,WAIT_RELEASE,0,0,0,400000000000,-1,0
0.06528,2,-1,WAIT_RELEASE,0,0,0,400000000000,-1,0
0.06528,3,-1,WAIT_RELEASE,0,0,0,400000000000,-1,0
0.0653,0,0,INJECTING,2191781984,2191622048,7510451818,320000000000,-1,0
0.0653,1,-1,WAIT_RELEASE,0,0,0,400000000000,-1,0
0.0653,2,-1,WAIT_RELEASE,0,0,0,400000000000,-1,0
0.0653,3,-1,WAIT_RELEASE,0,0,0,400000000000,-1,0
0.06532,0,0,INJECTING,2192575000,2192415064,7510451818,320000000000,-1,0
0.06532,1,-1,WAIT_RELEASE,0,0,0,400000000000,-1,0
0.06532,2,-1,WAIT_RELEASE,0,0,0,400000000000,-1,0
0.06532,3,-1,WAIT_RELEASE,0,0,0,400000000000,-1,0
0.06534,0,0,INJECTING,2193368968,2193208080,7510451818,320000000000,-1,0
0.06534,1,-1,WAIT_RELEASE,0,0,0,400000000000,-1,0
0.06534,2,-1,WAIT_RELEASE,0,0,0,400000000000,-1,0
0.06534,3,-1,WAIT_RELEASE,0,0,0,400000000000,-1,0
0.06536,0,0,INJECTING,2194161984,2194002048,7510451818,320000000000,-1,0
0.06536,1,-1,WAIT_RELEASE,0,0,0,400000000000,-1,0
0.06536,2,-1,WAIT_RELEASE,0,0,0,400000000000,-1,0
0.06536,3,-1,WAIT_RELEASE,0,0,0,400000000000,-1,0
0.06538,0,0,INJECTING,2194955000,2194795064,7510451818,320000000000,-1,0
0.06538,1,-1,WAIT_RELEASE,0,0,0,400000000000,-1,0
0.06538,2,-1,WAIT_RELEASE,0,0,0,400000000000,-1,0
0.06538,3,-1,WAIT_RELEASE,0,0,0,400000000000,-1,0
0.0654,0,0,INJECTING,2195748968,2195588080,7510451818,320000000000,-1,0
0.0654,1,-1,WAIT_RELEASE,0,0,0,400000000000,-1,0
0.0654,2,-1,WAIT_RELEASE,0,0,0,400000000000,-1,0
0.0654,3,-1,WAIT_RELEASE,0,0,0,400000000000,-1,0
0.06542,0,0,INJECTING,2196541984,2196382048,7510451818,320000000000,-1,0
0.06542,1,-1,WAIT_RELEASE,0,0,0,400000000000,-1,0
0.06542,2,-1,WAIT_RELEASE,0,0,0,400000000000,-1,0
0.06542,3,-1,WAIT_RELEASE,0,0,0,400000000000,-1,0
0.06544,0,0,INJECTING,2197335000,2197175064,7510451818,320000000000,-1,0
0.06544,1,-1,WAIT_RELEASE,0,0,0,400000000000,-1,0
0.06544,2,-1,WAIT_RELEASE,0,0,0,400000000000,-1,0
0.06544,3,-1,WAIT_RELEASE,0,0,0,400000000000,-1,0
0.06546,0,0,INJECTING,2198128968,2197968080,7510451818,320000000000,-1,0
0.06546,1,-1,WAIT_RELEASE,0,0,0,400000000000,-1,0
0.06546,2,-1,WAIT_RELEASE,0,0,0,400000000000,-1,0
0.06546,3,-1,WAIT_RELEASE,0,0,0,400000000000,-1,0
0.06548,0,0,INJECTING,2198921984,2198762048,7510451818,320000000000,-1,0
0.06548,1,-1,WAIT_RELEASE,0,0,0,400000000000,-1,0
0.06548,2,-1,WAIT_RELEASE,0,0,0,400000000000,-1,0
0.06548,3,-1,WAIT_RELEASE,0,0,0,400000000000,-1,0
0.0655,0,0,INJECTING,2199715000,2199555064,7510451818,320000000000,-1,0
0.0655,1,-1,WAIT_RELEASE,0,0,0,400000000000,-1,0
0.0655,2,-1,WAIT_RELEASE,0,0,0,400000000000,-1,0
0.0655,3,-1,WAIT_RELEASE,0,0,0,400000000000,-1,0
0.06552,0,0,INJECTING,2200508968,2200348080,7510451818,320000000000,-1,0
0.06552,1,-1,WAIT_RELEASE,0,0,0,400000000000,-1,0
0.06552,2,-1,WAIT_RELEASE,0,0,0,400000000000,-1,0
0.06552,3,-1,WAIT_RELEASE,0,0,0,400000000000,-1,0
0.06554,0,0,INJECTING,2201301984,2201142048,7510451818,320000000000,-1,0
0.06554,1,-1,WAIT_RELEASE,0,0,0,400000000000,-1,0
0.06554,2,-1,WAIT_RELEASE,0,0,0,400000000000,-1,0
0.06554,3,-1,WAIT_RELEASE,0,0,0,400000000000,-1,0
0.06556,0,0,INJECTING,2202095000,2201935064,7510451818,320000000000,-1,0
0.06556,1,-1,WAIT_RELEASE,0,0,0,400000000000,-1,0
0.06556,2,-1,WAIT_RELEASE,0,0,0,400000000000,-1,0
0.06556,3,-1,WAIT_RELEASE,0,0,0,400000000000,-1,0
0.06558,0,0,INJECTING,2202888968,2202728080,7510451818,320000000000,-1,0
0.06558,1,-1,WAIT_RELEASE,0,0,0,400000000000,-1,0
0.06558,2,-1,WAIT_RELEASE,0,0,0,400000000000,-1,0
0.06558,3,-1,WAIT_RELEASE,0,0,0,400000000000,-1,0
0.0656,0,0,INJECTING,2203681984,2203522048,7510451818,320000000000,-1,0
0.0656,1,-1,WAIT_RELEASE,0,0,0,400000000000,-1,0
0.0656,2,-1,WAIT_RELEASE,0,0,0,400000000000,-1,0
0.0656,3,-1,WAIT_RELEASE,0,0,0,400000000000,-1,0
0.06562,0,0,INJECTING,2204475000,2204315064,7510451818,320000000000,-1,0
0.06562,1,-1,WAIT_RELEASE,0,0,0,400000000000,-1,0
0.06562,2,-1,WAIT_RELEASE,0,0,0,400000000000,-1,0
0.06562,3,-1,WAIT_RELEASE,0,0,0,400000000000,-1,0
0.06564,0,0,INJECTING,2205268968,2205108080,7510451818,320000000000,-1,0
0.06564,1,-1,WAIT_RELEASE,0,0,0,400000000000,-1,0
0.06564,2,-1,WAIT_RELEASE,0,0,0,400000000000,-1,0
0.06564,3,-1,WAIT_RELEASE,0,0,0,400000000000,-1,0
0.06566,0,0,INJECTING,2206061984,2205902048,7510451818,320000000000,-1,0
0.06566,1,-1,WAIT_RELEASE,0,0,0,400000000000,-1,0
0.06566,2,-1,WAIT_RELEASE,0,0,0,400000000000,-1,0
0.06566,3,-1,WAIT_RELEASE,0,0,0,400000000000,-1,0
0.06568,0,0,INJECTING,2206855000,2206695064,7510451818,320000000000,-1,0
0.06568,1,-1,WAIT_RELEASE,0,0,0,400000000000,-1,0
0.06568,2,-1,WAIT_RELEASE,0,0,0,400000000000,-1,0
0.06568,3,-1,WAIT_RELEASE,0,0,0,400000000000,-1,0
0.0657,0,0,INJECTING,2207648968,2207488080,7510451818,320000000000,-1,0
0.0657,1,-1,WAIT_RELEASE,0,0,0,400000000000,-1,0
0.0657,2,-1,WAIT_RELEASE,0,0,0,400000000000,-1,0
0.0657,3,-1,WAIT_RELEASE,0,0,0,400000000000,-1,0
0.06572,0,0,INJECTING,2208441984,2208282048,7510451818,320000000000,-1,0
0.06572,1,-1,WAIT_RELEASE,0,0,0,400000000000,-1,0
0.06572,2,-1,WAIT_RELEASE,0,0,0,400000000000,-1,0
0.06572,3,-1,WAIT_RELEASE,0,0,0,400000000000,-1,0
0.06574,0,0,INJECTING,2209235000,2209075064,7510451818,320000000000,-1,0
0.06574,1,-1,WAIT_RELEASE,0,0,0,400000000000,-1,0
0.06574,2,-1,WAIT_RELEASE,0,0,0,400000000000,-1,0
0.06574,3,-1,WAIT_RELEASE,0,0,0,400000000000,-1,0
0.06576,0,0,INJECTING,2210028968,2209868080,7510451818,320000000000,-1,0
0.06576,1,-1,WAIT_RELEASE,0,0,0,400000000000,-1,0
0.06576,2,-1,WAIT_RELEASE,0,0,0,400000000000,-1,0
0.06576,3,-1,WAIT_RELEASE,0,0,0,400000000000,-1,0
0.06578,0,0,INJECTING,2210821984,2210662048,7510451818,320000000000,-1,0
0.06578,1,-1,WAIT_RELEASE,0,0,0,400000000000,-1,0
0.06578,2,-1,WAIT_RELEASE,0,0,0,400000000000,-1,0
0.06578,3,-1,WAIT_RELEASE,0,0,0,400000000000,-1,0
0.0658,0,0,INJECTING,2211615000,2211455064,7510451818,320000000000,-1,0
0.0658,1,-1,WAIT_RELEASE,0,0,0,400000000000,-1,0
0.0658,2,-1,WAIT_RELEASE,0,0,0,400000000000,-1,0
0.0658,3,-1,WAIT_RELEASE,0,0,0,400000000000,-1,0
0.06582,0,0,INJECTING,2212408968,2212248080,7510451818,320000000000,-1,0
0.06582,1,-1,WAIT_RELEASE,0,0,0,400000000000,-1,0
0.06582,2,-1,WAIT_RELEASE,0,0,0,400000000000,-1,0
0.06582,3,-1,WAIT_RELEASE,0,0,0,400000000000,-1,0
0.06584,0,0,INJECTING,2213201984,2213042048,7510451818,320000000000,-1,0
0.06584,1,-1,WAIT_RELEASE,0,0,0,400000000000,-1,0
0.06584,2,-1,WAIT_RELEASE,0,0,0,400000000000,-1,0
0.06584,3,-1,WAIT_RELEASE,0,0,0,400000000000,-1,0
0.06586,0,0,INJECTING,2213995000,2213835064,7510451818,320000000000,-1,0
0.06586,1,-1,WAIT_RELEASE,0,0,0,400000000000,-1,0
0.06586,2,-1,WAIT_RELEASE,0,0,0,400000000000,-1,0
0.06586,3,-1,WAIT_RELEASE,0,0,0,400000000000,-1,0
0.06588,0,0,INJECTING,2214788968,2214628080,7510451818,320000000000,-1,0
0.06588,1,-1,WAIT_RELEASE,0,0,0,400000000000,-1,0
0.06588,2,-1,WAIT_RELEASE,0,0,0,400000000000,-1,0
0.06588,3,-1,WAIT_RELEASE,0,0,0,400000000000,-1,0
0.0659,0,0,INJECTING,2215581984,2215422048,7510451818,320000000000,-1,0
0.0659,1,-1,WAIT_RELEASE,0,0,0,400000000000,-1,0
0.0659,2,-1,WAIT_RELEASE,0,0,0,400000000000,-1,0
0.0659,3,-1,WAIT_RELEASE,0,0,0,400000000000,-1,0
0.06592,0,0,INJECTING,2216375000,2216215064,7510451818,320000000000,-1,0
0.06592,1,-1,WAIT_RELEASE,0,0,0,400000000000,-1,0
0.06592,2,-1,WAIT_RELEASE,0,0,0,400000000000,-1,0
0.06592,3,-1,WAIT_RELEASE,0,0,0,400000000000,-1,0
0.06594,0,0,INJECTING,2217168968,2217008080,7510451818,320000000000,-1,0
0.06594,1,-1,WAIT_RELEASE,0,0,0,400000000000,-1,0
0.06594,2,-1,WAIT_RELEASE,0,0,0,400000000000,-1,0
0.06594,3,-1,WAIT_RELEASE,0,0,0,400000000000,-1,0
0.06596,0,0,INJECTING,2217961984,2217802048,7510451818,320000000000,-1,0
0.06596,1,-1,WAIT_RELEASE,0,0,0,400000000000,-1,0
0.06596,2,-1,WAIT_RELEASE,0,0,0,400000000000,-1,0
0.06596,3,-1,WAIT_RELEASE,0,0,0,400000000000,-1,0
0.06598,0,0,INJECTING,2218755000,2218595064,7510451818,320000000000,-1,0
0.06598,1,-1,WAIT_RELEASE,0,0,0,400000000000,-1,0
0.06598,2,-1,WAIT_RELEASE,0,0,0,400000000000,-1,0
0.06598,3,-1,WAIT_RELEASE,0,0,0,400000000000,-1,0
0.066,0,0,INJECTING,2219548968,2219388080,7510451818,320000000000,-1,0
0.066,1,-1,WAIT_RELEASE,0,0,0,400000000000,-1,0
0.066,2,-1,WAIT_RELEASE,0,0,0,400000000000,-1,0
0.066,3,-1,WAIT_RELEASE,0,0,0,400000000000,-1,0
0.06602,0,0,INJECTING,2220341984,2220182048,7510451818,320000000000,-1,0
0.06602,1,-1,WAIT_RELEASE,0,0,0,400000000000,-1,0
0.06602,2,-1,WAIT_RELEASE,0,0,0,400000000000,-1,0
0.06602,3,-1,WAIT_RELEASE,0,0,0,400000000000,-1,0
0.06604,0,0,INJECTING,2221135000,2220975064,7510451818,320000000000,-1,0
0.06604,1,-1,WAIT_RELEASE,0,0,0,400000000000,-1,0
0.06604,2,-1,WAIT_RELEASE,0,0,0,400000000000,-1,0
0.06604,3,-1,WAIT_RELEASE,0,0,0,400000000000,-1,0
0.06606,0,0,INJECTING,2221928968,2221768080,7510451818,320000000000,-1,0
0.06606,1,-1,WAIT_RELEASE,0,0,0,400000000000,-1,0
0.06606,2,-1,WAIT_RELEASE,0,0,0,400000000000,-1,0
0.06606,3,-1,WAIT_RELEASE,0,0,0,400000000000,-1,0
0.06608,0,0,INJECTING,2222721984,2222562048,7510451818,320000000000,-1,0
0.06608,1,-1,WAIT_RELEASE,0,0,0,400000000000,-1,0
0.06608,2,-1,WAIT_RELEASE,0,0,0,400000000000,-1,0
0.06608,3,-1,WAIT_RELEASE,0,0,0,400000000000,-1,0
0.0661,0,0,INJECTING,2223515000,2223355064,7510451818,320000000000,-1,0
0.0661,1,-1,WAIT_RELEASE,0,0,0,400000000000,-1,0
0.0661,2,-1,WAIT_RELEASE,0,0,0,400000000000,-1,0
0.0661,3,-1,WAIT_RELEASE,0,0,0,400000000000,-1,0
0.06612,0,0,INJECTING,2224308968,2224148080,7510451818,320000000000,-1,0
0.06612,1,-1,WAIT_RELEASE,0,0,0,400000000000,-1,0
0.06612,2,-1,WAIT_RELEASE,0,0,0,400000000000,-1,0
0.06612,3,-1,WAIT_RELEASE,0,0,0,400000000000,-1,0
0.06614,0,0,INJECTING,2225101984,2224942048,7510451818,320000000000,-1,0
0.06614,1,-1,WAIT_RELEASE,0,0,0,400000000000,-1,0
0.06614,2,-1,WAIT_RELEASE,0,0,0,400000000000,-1,0
0.06614,3,-1,WAIT_RELEASE,0,0,0,400000000000,-1,0
0.06616,0,0,INJECTING,2225895000,2225735064,7510451818,320000000000,-1,0
0.06616,1,-1,WAIT_RELEASE,0,0,0,400000000000,-1,0
0.06616,2,-1,WAIT_RELEASE,0,0,0,400000000000,-1,0
0.06616,3,-1,WAIT_RELEASE,0,0,0,400000000000,-1,0
0.06618,0,0,INJECTING,2226688968,2226528080,7510451818,320000000000,-1,0
0.06618,1,-1,WAIT_RELEASE,0,0,0,400000000000,-1,0
0.06618,2,-1,WAIT_RELEASE,0,0,0,400000000000,-1,0
0.06618,3,-1,WAIT_RELEASE,0,0,0,400000000000,-1,0
0.0662,0,0,INJECTING,2227481984,2227322048,7510451818,320000000000,-1,0
0.0662,1,-1,WAIT_RELEASE,0,0,0,400000000000,-1,0
0.0662,2,-1,WAIT_RELEASE,0,0,0,400000000000,-1,0
0.0662,3,-1,WAIT_RELEASE,0,0,0,400000000000,-1,0
0.06622,0,0,INJECTING,2228275000,2228115064,7510451818,320000000000,-1,0
0.06622,1,-1,WAIT_RELEASE,0,0,0,400000000000,-1,0
0.06622,2,-1,WAIT_RELEASE,0,0,0,400000000000,-1,0
0.06622,3,-1,WAIT_RELEASE,0,0,0,400000000000,-1,0
0.06624,0,0,INJECTING,2229068968,2228908080,7510451818,320000000000,-1,0
0.06624,1,-1,WAIT_RELEASE,0,0,0,400000000000,-1,0
0.06624,2,-1,WAIT_RELEASE,0,0,0,400000000000,-1,0
0.06624,3,-1,WAIT_RELEASE,0,0,0,400000000000,-1,0
0.06626,0,0,INJECTING,2229861984,2229702048,7510451818,320000000000,-1,0
0.06626,1,-1,WAIT_RELEASE,0,0,0,400000000000,-1,0
0.06626,2,-1,WAIT_RELEASE,0,0,0,400000000000,-1,0
0.06626,3,-1,WAIT_RELEASE,0,0,0,400000000000,-1,0
0.06628,0,0,INJECTING,2230655000,2230495064,7510451818,320000000000,-1,0
0.06628,1,-1,WAIT_RELEASE,0,0,0,400000000000,-1,0
0.06628,2,-1,WAIT_RELEASE,0,0,0,400000000000,-1,0
0.06628,3,-1,WAIT_RELEASE,0,0,0,400000000000,-1,0
0.0663,0,0,INJECTING,2231448968,2231288080,7510451818,320000000000,-1,0
0.0663,1,-1,WAIT_RELEASE,0,0,0,400000000000,-1,0
0.0663,2,-1,WAIT_RELEASE,0,0,0,400000000000,-1,0
0.0663,3,-1,WAIT_RELEASE,0,0,0,400000000000,-1,0
0.06632,0,0,INJECTING,2232241984,2232082048,7510451818,320000000000,-1,0
0.06632,1,-1,WAIT_RELEASE,0,0,0,400000000000,-1,0
0.06632,2,-1,WAIT_RELEASE,0,0,0,400000000000,-1,0
0.06632,3,-1,WAIT_RELEASE,0,0,0,400000000000,-1,0
0.06634,0,0,INJECTING,2233035000,2232875064,7510451818,320000000000,-1,0
0.06634,1,-1,WAIT_RELEASE,0,0,0,400000000000,-1,0
0.06634,2,-1,WAIT_RELEASE,0,0,0,400000000000,-1,0
0.06634,3,-1,WAIT_RELEASE,0,0,0,400000000000,-1,0
0.06636,0,0,INJECTING,2233828968,2233668080,7510451818,320000000000,-1,0
0.06636,1,-1,WAIT_RELEASE,0,0,0,400000000000,-1,0
0.06636,2,-1,WAIT_RELEASE,0,0,0,400000000000,-1,0
0.06636,3,-1,WAIT_RELEASE,0,0,0,400000000000,-1,0
0.06638,0,0,INJECTING,2234621984,2234462048,7510451818,320000000000,-1,0
0.06638,1,-1,WAIT_RELEASE,0,0,0,400000000000,-1,0
0.06638,2,-1,WAIT_RELEASE,0,0,0,400000000000,-1,0
0.06638,3,-1,WAIT_RELEASE,0,0,0,400000000000,-1,0
0.0664,0,0,INJECTING,2235415000,2235255064,7510451818,320000000000,-1,0
0.0664,1,-1,WAIT_RELEASE,0,0,0,400000000000,-1,0
0.0664,2,-1,WAIT_RELEASE,0,0,0,400000000000,-1,0
0.0664,3,-1,WAIT_RELEASE,0,0,0,400000000000,-1,0
0.06642,0,0,INJECTING,2236208968,2236048080,7510451818,320000000000,-1,0
0.06642,1,-1,WAIT_RELEASE,0,0,0,400000000000,-1,0
0.06642,2,-1,WAIT_RELEASE,0,0,0,400000000000,-1,0
0.06642,3,-1,WAIT_RELEASE,0,0,0,400000000000,-1,0
0.06644,0,0,INJECTING,2237001984,2236842048,7510451818,320000000000,-1,0
0.06644,1,-1,WAIT_RELEASE,0,0,0,400000000000,-1,0
0.06644,2,-1,WAIT_RELEASE,0,0,0,400000000000,-1,0
0.06644,3,-1,WAIT_RELEASE,0,0,0,400000000000,-1,0
0.06646,0,0,INJECTING,2237795000,2237635064,7510451818,320000000000,-1,0
0.06646,1,-1,WAIT_RELEASE,0,0,0,400000000000,-1,0
0.06646,2,-1,WAIT_RELEASE,0,0,0,400000000000,-1,0
0.06646,3,-1,WAIT_RELEASE,0,0,0,400000000000,-1,0
0.06648,0,0,INJECTING,2238588968,2238428080,7510451818,320000000000,-1,0
0.06648,1,-1,WAIT_RELEASE,0,0,0,400000000000,-1,0
0.06648,2,-1,WAIT_RELEASE,0,0,0,400000000000,-1,0
0.06648,3,-1,WAIT_RELEASE,0,0,0,400000000000,-1,0
0.0665,0,0,INJECTING,2239381984,2239222048,7510451818,320000000000,-1,0
0.0665,1,-1,WAIT_RELEASE,0,0,0,400000000000,-1,0
0.0665,2,-1,WAIT_RELEASE,0,0,0,400000000000,-1,0
0.0665,3,-1,WAIT_RELEASE,0,0,0,400000000000,-1,0
0.06652,0,0,INJECTING,2240175000,2240015064,7510451818,320000000000,-1,0
0.06652,1,-1,WAIT_RELEASE,0,0,0,400000000000,-1,0
0.06652,2,-1,WAIT_RELEASE,0,0,0,400000000000,-1,0
0.06652,3,-1,WAIT_RELEASE,0,0,0,400000000000,-1,0
0.06654,0,0,INJECTING,2240968968,2240808080,7510451818,320000000000,-1,0
0.06654,1,-1,WAIT_RELEASE,0,0,0,400000000000,-1,0
0.06654,2,-1,WAIT_RELEASE,0,0,0,400000000000,-1,0
0.06654,3,-1,WAIT_RELEASE,0,0,0,400000000000,-1,0
0.06656,0,0,INJECTING,2241761984,2241602048,7510451818,320000000000,-1,0
0.06656,1,-1,WAIT_RELEASE,0,0,0,400000000000,-1,0
0.06656,2,-1,WAIT_RELEASE,0,0,0,400000000000,-1,0
0.06656,3,-1,WAIT_RELEASE,0,0,0,400000000000,-1,0
0.06658,0,0,INJECTING,2242555000,2242395064,7510451818,320000000000,-1,0
0.06658,1,-1,WAIT_RELEASE,0,0,0,400000000000,-1,0
0.06658,2,-1,WAIT_RELEASE,0,0,0,400000000000,-1,0
0.06658,3,-1,WAIT_RELEASE,0,0,0,400000000000,-1,0
0.0666,0,0,INJECTING,2243348968,2243188080,7510451818,320000000000,-1,0
0.0666,1,-1,WAIT_RELEASE,0,0,0,400000000000,-1,0
0.0666,2,-1,WAIT_RELEASE,0,0,0,400000000000,-1,0
0.0666,3,-1,WAIT_RELEASE,0,0,0,400000000000,-1,0
0.06662,0,0,INJECTING,2244141984,2243982048,7510451818,320000000000,-1,0
0.06662,1,-1,WAIT_RELEASE,0,0,0,400000000000,-1,0
0.06662,2,-1,WAIT_RELEASE,0,0,0,400000000000,-1,0
0.06662,3,-1,WAIT_RELEASE,0,0,0,400000000000,-1,0
0.06664,0,0,INJECTING,2244935000,2244775064,7510451818,320000000000,-1,0
0.06664,1,-1,WAIT_RELEASE,0,0,0,400000000000,-1,0
0.06664,2,-1,WAIT_RELEASE,0,0,0,400000000000,-1,0
0.06664,3,-1,WAIT_RELEASE,0,0,0,400000000000,-1,0
0.06666,0,0,INJECTING,2245728968,2245568080,7510451818,320000000000,-1,0
0.06666,1,-1,WAIT_RELEASE,0,0,0,400000000000,-1,0
0.06666,2,-1,WAIT_RELEASE,0,0,0,400000000000,-1,0
0.06666,3,-1,WAIT_RELEASE,0,0,0,400000000000,-1,0
0.06668,0,0,INJECTING,2246521984,2246362048,7510451818,320000000000,-1,0
0.06668,1,-1,WAIT_RELEASE,0,0,0,400000000000,-1,0
0.06668,2,-1,WAIT_RELEASE,0,0,0,400000000000,-1,0
0.06668,3,-1,WAIT_RELEASE,0,0,0,400000000000,-1,0
0.0667,0,0,INJECTING,2247315000,2247155064,7510451818,320000000000,-1,0
0.0667,1,-1,WAIT_RELEASE,0,0,0,400000000000,-1,0
0.0667,2,-1,WAIT_RELEASE,0,0,0,400000000000,-1,0
0.0667,3,-1,WAIT_RELEASE,0,0,0,400000000000,-1,0
0.06672,0,0,INJECTING,2248108968,2247948080,7510451818,320000000000,-1,0
0.06672,1,-1,WAIT_RELEASE,0,0,0,400000000000,-1,0
0.06672,2,-1,WAIT_RELEASE,0,0,0,400000000000,-1,0
0.06672,3,-1,WAIT_RELEASE,0,0,0,400000000000,-1,0
0.06674,0,0,INJECTING,2248901984,2248742048,7510451818,320000000000,-1,0
0.06674,1,-1,WAIT_RELEASE,0,0,0,400000000000,-1,0
0.06674,2,-1,WAIT_RELEASE,0,0,0,400000000000,-1,0
0.06674,3,-1,WAIT_RELEASE,0,0,0,400000000000,-1,0
0.06676,0,0,INJECTING,2249695000,2249535064,7510451818,320000000000,-1,0
0.06676,1,-1,WAIT_RELEASE,0,0,0,400000000000,-1,0
0.06676,2,-1,WAIT_RELEASE,0,0,0,400000000000,-1,0
0.06676,3,-1,WAIT_RELEASE,0,0,0,400000000000,-1,0
0.06678,0,0,INJECTING,2250488968,2250328080,7510451818,320000000000,-1,0
0.06678,1,-1,WAIT_RELEASE,0,0,0,400000000000,-1,0
0.06678,2,-1,WAIT_RELEASE,0,0,0,400000000000,-1,0
0.06678,3,-1,WAIT_RELEASE,0,0,0,400000000000,-1,0
0.0668,0,0,INJECTING,2251281984,2251122048,7510451818,320000000000,-1,0
0.0668,1,-1,WAIT_RELEASE,0,0,0,400000000000,-1,0
0.0668,2,-1,WAIT_RELEASE,0,0,0,400000000000,-1,0
0.0668,3,-1,WAIT_RELEASE,0,0,0,400000000000,-1,0
0.06682,0,0,INJECTING,2252075000,2251915064,7510451818,320000000000,-1,0
0.06682,1,-1,WAIT_RELEASE,0,0,0,400000000000,-1,0
0.06682,2,-1,WAIT_RELEASE,0,0,0,400000000000,-1,0
0.06682,3,-1,WAIT_RELEASE,0,0,0,400000000000,-1,0
0.06684,0,0,INJECTING,2252868968,2252708080,7510451818,320000000000,-1,0
0.06684,1,-1,WAIT_RELEASE,0,0,0,400000000000,-1,0
0.06684,2,-1,WAIT_RELEASE,0,0,0,400000000000,-1,0
0.06684,3,-1,WAIT_RELEASE,0,0,0,400000000000,-1,0
0.06686,0,0,INJECTING,2253661984,2253502048,7510451818,320000000000,-1,0
0.06686,1,-1,WAIT_RELEASE,0,0,0,400000000000,-1,0
0.06686,2,-1,WAIT_RELEASE,0,0,0,400000000000,-1,0
0.06686,3,-1,WAIT_RELEASE,0,0,0,400000000000,-1,0
0.06688,0,0,INJECTING,2254455000,2254295064,7510451818,320000000000,-1,0
0.06688,1,-1,WAIT_RELEASE,0,0,0,400000000000,-1,0
0.06688,2,-1,WAIT_RELEASE,0,0,0,400000000000,-1,0
0.06688,3,-1,WAIT_RELEASE,0,0,0,400000000000,-1,0
0.0669,0,0,INJECTING,2255248968,2255088080,7510451818,320000000000,-1,0
0.0669,1,-1,WAIT_RELEASE,0,0,0,400000000000,-1,0
0.0669,2,-1,WAIT_RELEASE,0,0,0,400000000000,-1,0
0.0669,3,-1,WAIT_RELEASE,0,0,0,400000000000,-1,0
0.06692,0,0,INJECTING,2256041984,2255882048,7510451818,320000000000,-1,0
0.06692,1,-1,WAIT_RELEASE,0,0,0,400000000000,-1,0
0.06692,2,-1,WAIT_RELEASE,0,0,0,400000000000,-1,0
0.06692,3,-1,WAIT_RELEASE,0,0,0,400000000000,-1,0
0.06694,0,0,INJECTING,2256835000,2256675064,7510451818,320000000000,-1,0
0.06694,1,-1,WAIT_RELEASE,0,0,0,400000000000,-1,0
0.06694,2,-1,WAIT_RELEASE,0,0,0,400000000000,-1,0
0.06694,3,-1,WAIT_RELEASE,0,0,0,400000000000,-1,0
0.06696,0,0,INJECTING,2257628968,2257468080,7510451818,320000000000,-1,0
0.06696,1,-1,WAIT_RELEASE,0,0,0,400000000000,-1,0
0.06696,2,-1,WAIT_RELEASE,0,0,0,400000000000,-1,0
0.06696,3,-1,WAIT_RELEASE,0,0,0,400000000000,-1,0
0.06698,0,0,INJECTING,2258421984,2258262048,7510451818,320000000000,-1,0
0.06698,1,-1,WAIT_RELEASE,0,0,0,400000000000,-1,0
0.06698,2,-1,WAIT_RELEASE,0,0,0,400000000000,-1,0
0.06698,3,-1,WAIT_RELEASE,0,0,0,400000000000,-1,0
0.067,0,0,INJECTING,2259215000,2259055064,7510451818,320000000000,-1,0
0.067,1,-1,WAIT_RELEASE,0,0,0,400000000000,-1,0
0.067,2,-1,WAIT_RELEASE,0,0,0,400000000000,-1,0
0.067,3,-1,WAIT_RELEASE,0,0,0,400000000000,-1,0
0.06702,0,0,INJECTING,2260008968,2259848080,7510451818,320000000000,-1,0
0.06702,1,-1,WAIT_RELEASE,0,0,0,400000000000,-1,0
0.06702,2,-1,WAIT_RELEASE,0,0,0,400000000000,-1,0
0.06702,3,-1,WAIT_RELEASE,0,0,0,400000000000,-1,0
0.06704,0,0,INJECTING,2260801984,2260642048,7510451818,320000000000,-1,0
0.06704,1,-1,WAIT_RELEASE,0,0,0,400000000000,-1,0
0.06704,2,-1,WAIT_RELEASE,0,0,0,400000000000,-1,0
0.06704,3,-1,WAIT_RELEASE,0,0,0,400000000000,-1,0
0.06706,0,0,INJECTING,2261595000,2261435064,7510451818,320000000000,-1,0
0.06706,1,-1,WAIT_RELEASE,0,0,0,400000000000,-1,0
0.06706,2,-1,WAIT_RELEASE,0,0,0,400000000000,-1,0
0.06706,3,-1,WAIT_RELEASE,0,0,0,400000000000,-1,0
0.06708,0,0,INJECTING,2262388968,2262228080,7510451818,320000000000,-1,0
0.06708,1,-1,WAIT_RELEASE,0,0,0,400000000000,-1,0
0.06708,2,-1,WAIT_RELEASE,0,0,0,400000000000,-1,0
0.06708,3,-1,WAIT_RELEASE,0,0,0,400000000000,-1,0
0.0671,0,0,INJECTING,2263181984,2263022048,7510451818,320000000000,-1,0
0.0671,1,-1,WAIT_RELEASE,0,0,0,400000000000,-1,0
0.0671,2,-1,WAIT_RELEASE,0,0,0,400000000000,-1,0
0.0671,3,-1,WAIT_RELEASE,0,0,0,400000000000,-1,0
0.06712,0,0,INJECTING,2263975000,2263815064,7510451818,320000000000,-1,0
0.06712,1,-1,WAIT_RELEASE,0,0,0,400000000000,-1,0
0.06712,2,-1,WAIT_RELEASE,0,0,0,400000000000,-1,0
0.06712,3,-1,WAIT_RELEASE,0,0,0,400000000000,-1,0
0.06714,0,0,INJECTING,2264768968,2264608080,7510451818,320000000000,-1,0
0.06714,1,-1,WAIT_RELEASE,0,0,0,400000000000,-1,0
0.06714,2,-1,WAIT_RELEASE,0,0,0,400000000000,-1,0
0.06714,3,-1,WAIT_RELEASE,0,0,0,400000000000,-1,0
0.06716,0,0,INJECTING,2265561984,2265402048,7510451818,320000000000,-1,0
0.06716,1,-1,WAIT_RELEASE,0,0,0,400000000000,-1,0
0.06716,2,-1,WAIT_RELEASE,0,0,0,400000000000,-1,0
0.06716,3,-1,WAIT_RELEASE,0,0,0,400000000000,-1,0
0.06718,0,0,INJECTING,2266355000,2266195064,7510451818,320000000000,-1,0
0.06718,1,-1,WAIT_RELEASE,0,0,0,400000000000,-1,0
0.06718,2,-1,WAIT_RELEASE,0,0,0,400000000000,-1,0
0.06718,3,-1,WAIT_RELEASE,0,0,0,400000000000,-1,0
0.0672,0,0,INJECTING,2267148968,2266988080,7510451818,320000000000,-1,0
0.0672,1,-1,WAIT_RELEASE,0,0,0,400000000000,-1,0
0.0672,2,-1,WAIT_RELEASE,0,0,0,400000000000,-1,0
0.0672,3,-1,WAIT_RELEASE,0,0,0,400000000000,-1,0
0.06722,0,0,INJECTING,2267941984,2267782048,7510451818,320000000000,-1,0
0.06722,1,-1,WAIT_RELEASE,0,0,0,400000000000,-1,0
0.06722,2,-1,WAIT_RELEASE,0,0,0,400000000000,-1,0
0.06722,3,-1,WAIT_RELEASE,0,0,0,400000000000,-1,0
0.06724,0,0,INJECTING,2268735000,2268575064,7510451818,320000000000,-1,0
0.06724,1,-1,WAIT_RELEASE,0,0,0,400000000000,-1,0
0.06724,2,-1,WAIT_RELEASE,0,0,0,400000000000,-1,0
0.06724,3,-1,WAIT_RELEASE,0,0,0,400000000000,-1,0
0.06726,0,0,INJECTING,2269528968,2269368080,7510451818,320000000000,-1,0
0.06726,1,-1,WAIT_RELEASE,0,0,0,400000000000,-1,0
0.06726,2,-1,WAIT_RELEASE,0,0,0,400000000000,-1,0
0.06726,3,-1,WAIT_RELEASE,0,0,0,400000000000,-1,0
0.06728,0,0,INJECTING,2270321984,2270162048,7510451818,320000000000,-1,0
0.06728,1,-1,WAIT_RELEASE,0,0,0,400000000000,-1,0
0.06728,2,-1,WAIT_RELEASE,0,0,0,400000000000,-1,0
0.06728,3,-1,WAIT_RELEASE,0,0,0,400000000000,-1,0
0.0673,0,0,INJECTING,2271115000,2270955064,7510451818,320000000000,-1,0
0.0673,1,-1,WAIT_RELEASE,0,0,0,400000000000,-1,0
0.0673,2,-1,WAIT_RELEASE,0,0,0,400000000000,-1,0
0.0673,3,-1,WAIT_RELEASE,0,0,0,400000000000,-1,0
0.06732,0,0,INJECTING,2271908968,2271748080,7510451818,320000000000,-1,0
0.06732,1,-1,WAIT_RELEASE,0,0,0,400000000000,-1,0
0.06732,2,-1,WAIT_RELEASE,0,0,0,400000000000,-1,0
0.06732,3,-1,WAIT_RELEASE,0,0,0,400000000000,-1,0
0.06734,0,0,INJECTING,2272701984,2272542048,7510451818,320000000000,-1,0
0.06734,1,-1,WAIT_RELEASE,0,0,0,400000000000,-1,0
0.06734,2,-1,WAIT_RELEASE,0,0,0,400000000000,-1,0
0.06734,3,-1,WAIT_RELEASE,0,0,0,400000000000,-1,0
0.06736,0,0,INJECTING,2273495000,2273335064,7510451818,320000000000,-1,0
0.06736,1,-1,WAIT_RELEASE,0,0,0,400000000000,-1,0
0.06736,2,-1,WAIT_RELEASE,0,0,0,400000000000,-1,0
0.06736,3,-1,WAIT_RELEASE,0,0,0,400000000000,-1,0
0.06738,0,0,INJECTING,2274288968,2274128080,7510451818,320000000000,-1,0
0.06738,1,-1,WAIT_RELEASE,0,0,0,400000000000,-1,0
0.06738,2,-1,WAIT_RELEASE,0,0,0,400000000000,-1,0
0.06738,3,-1,WAIT_RELEASE,0,0,0,400000000000,-1,0
0.0674,0,0,INJECTING,2275081984,2274922048,7510451818,320000000000,-1,0
0.0674,1,-1,WAIT_RELEASE,0,0,0,400000000000,-1,0
0.0674,2,-1,WAIT_RELEASE,0,0,0,400000000000,-1,0
0.0674,3,-1,WAIT_RELEASE,0,0,0,400000000000,-1,0
0.06742,0,0,INJECTING,2275875000,2275715064,7510451818,320000000000,-1,0
0.06742,1,-1,WAIT_RELEASE,0,0,0,400000000000,-1,0
0.06742,2,-1,WAIT_RELEASE,0,0,0,400000000000,-1,0
0.06742,3,-1,WAIT_RELEASE,0,0,0,400000000000,-1,0
0.06744,0,0,INJECTING,2276668968,2276508080,7510451818,320000000000,-1,0
0.06744,1,-1,WAIT_RELEASE,0,0,0,400000000000,-1,0
0.06744,2,-1,WAIT_RELEASE,0,0,0,400000000000,-1,0
0.06744,3,-1,WAIT_RELEASE,0,0,0,400000000000,-1,0
0.06746,0,0,INJECTING,2277461984,2277302048,7510451818,320000000000,-1,0
0.06746,1,-1,WAIT_RELEASE,0,0,0,400000000000,-1,0
0.06746,2,-1,WAIT_RELEASE,0,0,0,400000000000,-1,0
0.06746,3,-1,WAIT_RELEASE,0,0,0,400000000000,-1,0
0.06748,0,0,INJECTING,2278255000,2278095064,7510451818,320000000000,-1,0
0.06748,1,-1,WAIT_RELEASE,0,0,0,400000000000,-1,0
0.06748,2,-1,WAIT_RELEASE,0,0,0,400000000000,-1,0
0.06748,3,-1,WAIT_RELEASE,0,0,0,400000000000,-1,0
0.0675,0,0,INJECTING,2279048968,2278888080,7510451818,320000000000,-1,0
0.0675,1,-1,WAIT_RELEASE,0,0,0,400000000000,-1,0
0.0675,2,-1,WAIT_RELEASE,0,0,0,400000000000,-1,0
0.0675,3,-1,WAIT_RELEASE,0,0,0,400000000000,-1,0
0.06752,0,0,INJECTING,2279841984,2279682048,7510451818,320000000000,-1,0
0.06752,1,-1,WAIT_RELEASE,0,0,0,400000000000,-1,0
0.06752,2,-1,WAIT_RELEASE,0,0,0,400000000000,-1,0
0.06752,3,-1,WAIT_RELEASE,0,0,0,400000000000,-1,0
0.06754,0,0,INJECTING,2280635000,2280475064,7510451818,320000000000,-1,0
0.06754,1,-1,WAIT_RELEASE,0,0,0,400000000000,-1,0
0.06754,2,-1,WAIT_RELEASE,0,0,0,400000000000,-1,0
0.06754,3,-1,WAIT_RELEASE,0,0,0,400000000000,-1,0
0.06756,0,0,INJECTING,2281428968,2281268080,7510451818,320000000000,-1,0
0.06756,1,-1,WAIT_RELEASE,0,0,0,400000000000,-1,0
0.06756,2,-1,WAIT_RELEASE,0,0,0,400000000000,-1,0
0.06756,3,-1,WAIT_RELEASE,0,0,0,400000000000,-1,0
0.06758,0,0,INJECTING,2282221984,2282062048,7510451818,320000000000,-1,0
0.06758,1,-1,WAIT_RELEASE,0,0,0,400000000000,-1,0
0.06758,2,-1,WAIT_RELEASE,0,0,0,400000000000,-1,0
0.06758,3,-1,WAIT_RELEASE,0,0,0,400000000000,-1,0
0.0676,0,0,INJECTING,2283015000,2282855064,7510451818,320000000000,-1,0
0.0676,1,-1,WAIT_RELEASE,0,0,0,400000000000,-1,0
0.0676,2,-1,WAIT_RELEASE,0,0,0,400000000000,-1,0
0.0676,3,-1,WAIT_RELEASE,0,0,0,400000000000,-1,0
0.06762,0,0,INJECTING,2283808968,2283648080,7510451818,320000000000,-1,0
0.06762,1,-1,WAIT_RELEASE,0,0,0,400000000000,-1,0
0.06762,2,-1,WAIT_RELEASE,0,0,0,400000000000,-1,0
0.06762,3,-1,WAIT_RELEASE,0,0,0,400000000000,-1,0
0.06764,0,0,INJECTING,2284601984,2284442048,7510451818,320000000000,-1,0
0.06764,1,-1,WAIT_RELEASE,0,0,0,400000000000,-1,0
0.06764,2,-1,WAIT_RELEASE,0,0,0,400000000000,-1,0
0.06764,3,-1,WAIT_RELEASE,0,0,0,400000000000,-1,0
0.06766,0,0,INJECTING,2285395000,2285235064,7510451818,320000000000,-1,0
0.06766,1,-1,WAIT_RELEASE,0,0,0,400000000000,-1,0
0.06766,2,-1,WAIT_RELEASE,0,0,0,400000000000,-1,0
0.06766,3,-1,WAIT_RELEASE,0,0,0,400000000000,-1,0
0.06768,0,0,INJECTING,2286188968,2286028080,7510451818,320000000000,-1,0
0.06768,1,-1,WAIT_RELEASE,0,0,0,400000000000,-1,0
0.06768,2,-1,WAIT_RELEASE,0,0,0,400000000000,-1,0
0.06768,3,-1,WAIT_RELEASE,0,0,0,400000000000,-1,0
0.0677,0,0,INJECTING,2286981984,2286822048,7510451818,320000000000,-1,0
0.0677,1,-1,WAIT_RELEASE,0,0,0,400000000000,-1,0
0.0677,2,-1,WAIT_RELEASE,0,0,0,400000000000,-1,0
0.0677,3,-1,WAIT_RELEASE,0,0,0,400000000000,-1,0
0.06772,0,0,INJECTING,2287775000,2287615064,7510451818,320000000000,-1,0
0.06772,1,-1,WAIT_RELEASE,0,0,0,400000000000,-1,0
0.06772,2,-1,WAIT_RELEASE,0,0,0,400000000000,-1,0
0.06772,3,-1,WAIT_RELEASE,0,0,0,400000000000,-1,0
0.06774,0,0,INJECTING,2288568968,2288408080,7510451818,320000000000,-1,0
0.06774,1,-1,WAIT_RELEASE,0,0,0,400000000000,-1,0
0.06774,2,-1,WAIT_RELEASE,0,0,0,400000000000,-1,0
0.06774,3,-1,WAIT_RELEASE,0,0,0,400000000000,-1,0
0.06776,0,0,INJECTING,2289361984,2289202048,7510451818,320000000000,-1,0
0.06776,1,-1,WAIT_RELEASE,0,0,0,400000000000,-1,0
0.06776,2,-1,WAIT_RELEASE,0,0,0,400000000000,-1,0
0.06776,3,-1,WAIT_RELEASE,0,0,0,400000000000,-1,0
0.06778,0,0,INJECTING,2290155000,2289995064,7510451818,320000000000,-1,0
0.06778,1,-1,WAIT_RELEASE,0,0,0,400000000000,-1,0
0.06778,2,-1,WAIT_RELEASE,0,0,0,400000000000,-1,0
0.06778,3,-1,WAIT_RELEASE,0,0,0,400000000000,-1,0
0.0678,0,0,INJECTING,2290948968,2290788080,7510451818,320000000000,-1,0
0.0678,1,-1,WAIT_RELEASE,0,0,0,400000000000,-1,0
0.0678,2,-1,WAIT_RELEASE,0,0,0,400000000000,-1,0
0.0678,3,-1,WAIT_RELEASE,0,0,0,400000000000,-1,0
0.06782,0,0,INJECTING,2291741984,2291582048,7510451818,320000000000,-1,0
0.06782,1,-1,WAIT_RELEASE,0,0,0,400000000000,-1,0
0.06782,2,-1,WAIT_RELEASE,0,0,0,400000000000,-1,0
0.06782,3,-1,WAIT_RELEASE,0,0,0,400000000000,-1,0
0.06784,0,0,INJECTING,2292535000,2292375064,7510451818,320000000000,-1,0
0.06784,1,-1,WAIT_RELEASE,0,0,0,400000000000,-1,0
0.06784,2,-1,WAIT_RELEASE,0,0,0,400000000000,-1,0
0.06784,3,-1,WAIT_RELEASE,0,0,0,400000000000,-1,0
0.06786,0,0,INJECTING,2293328968,2293168080,7510451818,320000000000,-1,0
0.06786,1,-1,WAIT_RELEASE,0,0,0,400000000000,-1,0
0.06786,2,-1,WAIT_RELEASE,0,0,0,400000000000,-1,0
0.06786,3,-1,WAIT_RELEASE,0,0,0,400000000000,-1,0
0.06788,0,0,INJECTING,2294121984,2293962048,7510451818,320000000000,-1,0
0.06788,1,-1,WAIT_RELEASE,0,0,0,400000000000,-1,0
0.06788,2,-1,WAIT_RELEASE,0,0,0,400000000000,-1,0
0.06788,3,-1,WAIT_RELEASE,0,0,0,400000000000,-1,0
0.0679,0,0,INJECTING,2294915000,2294755064,7510451818,320000000000,-1,0
0.0679,1,-1,WAIT_RELEASE,0,0,0,400000000000,-1,0
0.0679,2,-1,WAIT_RELEASE,0,0,0,400000000000,-1,0
0.0679,3,-1,WAIT_RELEASE,0,0,0,400000000000,-1,0
0.06792,0,0,INJECTING,2295708968,2295548080,7510451818,320000000000,-1,0
0.06792,1,-1,WAIT_RELEASE,0,0,0,400000000000,-1,0
0.06792,2,-1,WAIT_RELEASE,0,0,0,400000000000,-1,0
0.06792,3,-1,WAIT_RELEASE,0,0,0,400000000000,-1,0
0.06794,0,0,INJECTING,2296501984,2296342048,7510451818,320000000000,-1,0
0.06794,1,-1,WAIT_RELEASE,0,0,0,400000000000,-1,0
0.06794,2,-1,WAIT_RELEASE,0,0,0,400000000000,-1,0
0.06794,3,-1,WAIT_RELEASE,0,0,0,400000000000,-1,0
0.06796,0,0,INJECTING,2297295000,2297135064,7510451818,320000000000,-1,0
0.06796,1,-1,WAIT_RELEASE,0,0,0,400000000000,-1,0
0.06796,2,-1,WAIT_RELEASE,0,0,0,400000000000,-1,0
0.06796,3,-1,WAIT_RELEASE,0,0,0,400000000000,-1,0
0.06798,0,0,INJECTING,2298088968,2297928080,7510451818,320000000000,-1,0
0.06798,1,-1,WAIT_RELEASE,0,0,0,400000000000,-1,0
0.06798,2,-1,WAIT_RELEASE,0,0,0,400000000000,-1,0
0.06798,3,-1,WAIT_RELEASE,0,0,0,400000000000,-1,0
0.068,0,0,INJECTING,2298881984,2298722048,7510451818,320000000000,-1,0
0.068,1,-1,WAIT_RELEASE,0,0,0,400000000000,-1,0
0.068,2,-1,WAIT_RELEASE,0,0,0,400000000000,-1,0
0.068,3,-1,WAIT_RELEASE,0,0,0,400000000000,-1,0
0.06802,0,0,INJECTING,2299675000,2299515064,7510451818,320000000000,-1,0
0.06802,1,-1,WAIT_RELEASE,0,0,0,400000000000,-1,0
0.06802,2,-1,WAIT_RELEASE,0,0,0,400000000000,-1,0
0.06802,3,-1,WAIT_RELEASE,0,0,0,400000000000,-1,0
0.06804,0,0,INJECTING,2300468968,2300308080,7510451818,320000000000,-1,0
0.06804,1,-1,WAIT_RELEASE,0,0,0,400000000000,-1,0
0.06804,2,-1,WAIT_RELEASE,0,0,0,400000000000,-1,0
0.06804,3,-1,WAIT_RELEASE,0,0,0,400000000000,-1,0
0.06806,0,0,INJECTING,2301261984,2301102048,7510451818,320000000000,-1,0
0.06806,1,-1,WAIT_RELEASE,0,0,0,400000000000,-1,0
0.06806,2,-1,WAIT_RELEASE,0,0,0,400000000000,-1,0
0.06806,3,-1,WAIT_RELEASE,0,0,0,400000000000,-1,0
0.06808,0,0,INJECTING,2302055000,2301895064,7510451818,320000000000,-1,0
0.06808,1,-1,WAIT_RELEASE,0,0,0,400000000000,-1,0
0.06808,2,-1,WAIT_RELEASE,0,0,0,400000000000,-1,0
0.06808,3,-1,WAIT_RELEASE,0,0,0,400000000000,-1,0
0.0681,0,0,INJECTING,2302848968,2302688080,7510451818,320000000000,-1,0
0.0681,1,-1,WAIT_RELEASE,0,0,0,400000000000,-1,0
0.0681,2,-1,WAIT_RELEASE,0,0,0,400000000000,-1,0
0.0681,3,-1,WAIT_RELEASE,0,0,0,400000000000,-1,0
0.06812,0,0,INJECTING,2303641984,2303482048,7510451818,320000000000,-1,0
0.06812,1,-1,WAIT_RELEASE,0,0,0,400000000000,-1,0
0.06812,2,-1,WAIT_RELEASE,0,0,0,400000000000,-1,0
0.06812,3,-1,WAIT_RELEASE,0,0,0,400000000000,-1,0
0.06814,0,0,INJECTING,2304435000,2304275064,7510451818,320000000000,-1,0
0.06814,1,-1,WAIT_RELEASE,0,0,0,400000000000,-1,0
0.06814,2,-1,WAIT_RELEASE,0,0,0,400000000000,-1,0
0.06814,3,-1,WAIT_RELEASE,0,0,0,400000000000,-1,0
0.06816,0,0,INJECTING,2305228968,2305068080,7510451818,320000000000,-1,0
0.06816,1,-1,WAIT_RELEASE,0,0,0,400000000000,-1,0
0.06816,2,-1,WAIT_RELEASE,0,0,0,400000000000,-1,0
0.06816,3,-1,WAIT_RELEASE,0,0,0,400000000000,-1,0
0.06818,0,0,INJECTING,2306021984,2305862048,7510451818,320000000000,-1,0
0.06818,1,-1,WAIT_RELEASE,0,0,0,400000000000,-1,0
0.06818,2,-1,WAIT_RELEASE,0,0,0,400000000000,-1,0
0.06818,3,-1,WAIT_RELEASE,0,0,0,400000000000,-1,0
0.0682,0,0,INJECTING,2306815000,2306655064,7510451818,320000000000,-1,0
0.0682,1,-1,WAIT_RELEASE,0,0,0,400000000000,-1,0
0.0682,2,-1,WAIT_RELEASE,0,0,0,400000000000,-1,0
0.0682,3,-1,WAIT_RELEASE,0,0,0,400000000000,-1,0
0.06822,0,0,INJECTING,2307608968,2307448080,7510451818,320000000000,-1,0
0.06822,1,-1,WAIT_RELEASE,0,0,0,400000000000,-1,0
0.06822,2,-1,WAIT_RELEASE,0,0,0,400000000000,-1,0
0.06822,3,-1,WAIT_RELEASE,0,0,0,400000000000,-1,0
0.06824,0,0,INJECTING,2308401984,2308242048,7510451818,320000000000,-1,0
0.06824,1,-1,WAIT_RELEASE,0,0,0,400000000000,-1,0
0.06824,2,-1,WAIT_RELEASE,0,0,0,400000000000,-1,0
0.06824,3,-1,WAIT_RELEASE,0,0,0,400000000000,-1,0
0.06826,0,0,INJECTING,2309195000,2309035064,7510451818,320000000000,-1,0
0.06826,1,-1,WAIT_RELEASE,0,0,0,400000000000,-1,0
0.06826,2,-1,WAIT_RELEASE,0,0,0,400000000000,-1,0
0.06826,3,-1,WAIT_RELEASE,0,0,0,400000000000,-1,0
0.06828,0,0,INJECTING,2309988968,2309828080,7510451818,320000000000,-1,0
0.06828,1,-1,WAIT_RELEASE,0,0,0,400000000000,-1,0
0.06828,2,-1,WAIT_RELEASE,0,0,0,400000000000,-1,0
0.06828,3,-1,WAIT_RELEASE,0,0,0,400000000000,-1,0
0.0683,0,0,INJECTING,2310781984,2310622048,7510451818,320000000000,-1,0
0.0683,1,-1,WAIT_RELEASE,0,0,0,400000000000,-1,0
0.0683,2,-1,WAIT_RELEASE,0,0,0,400000000000,-1,0
0.0683,3,-1,WAIT_RELEASE,0,0,0,400000000000,-1,0
0.06832,0,0,INJECTING,2311575000,2311415064,7510451818,320000000000,-1,0
0.06832,1,-1,WAIT_RELEASE,0,0,0,400000000000,-1,0
0.06832,2,-1,WAIT_RELEASE,0,0,0,400000000000,-1,0
0.06832,3,-1,WAIT_RELEASE,0,0,0,400000000000,-1,0
0.06834,0,0,INJECTING,2312368968,2312208080,7510451818,320000000000,-1,0
0.06834,1,-1,WAIT_RELEASE,0,0,0,400000000000,-1,0
0.06834,2,-1,WAIT_RELEASE,0,0,0,400000000000,-1,0
0.06834,3,-1,WAIT_RELEASE,0,0,0,400000000000,-1,0
0.06836,0,0,INJECTING,2313161984,2313002048,7510451818,320000000000,-1,0
0.06836,1,-1,WAIT_RELEASE,0,0,0,400000000000,-1,0
0.06836,2,-1,WAIT_RELEASE,0,0,0,400000000000,-1,0
0.06836,3,-1,WAIT_RELEASE,0,0,0,400000000000,-1,0
0.06838,0,0,INJECTING,2313955000,2313795064,7510451818,320000000000,-1,0
0.06838,1,-1,WAIT_RELEASE,0,0,0,400000000000,-1,0
0.06838,2,-1,WAIT_RELEASE,0,0,0,400000000000,-1,0
0.06838,3,-1,WAIT_RELEASE,0,0,0,400000000000,-1,0
0.0684,0,0,INJECTING,2314748968,2314588080,7510451818,320000000000,-1,0
0.0684,1,-1,WAIT_RELEASE,0,0,0,400000000000,-1,0
0.0684,2,-1,WAIT_RELEASE,0,0,0,400000000000,-1,0
0.0684,3,-1,WAIT_RELEASE,0,0,0,400000000000,-1,0
0.06842,0,0,INJECTING,2315541984,2315382048,7510451818,320000000000,-1,0
0.06842,1,-1,WAIT_RELEASE,0,0,0,400000000000,-1,0
0.06842,2,-1,WAIT_RELEASE,0,0,0,400000000000,-1,0
0.06842,3,-1,WAIT_RELEASE,0,0,0,400000000000,-1,0
0.06844,0,0,INJECTING,2316335000,2316175064,7510451818,320000000000,-1,0
0.06844,1,-1,WAIT_RELEASE,0,0,0,400000000000,-1,0
0.06844,2,-1,WAIT_RELEASE,0,0,0,400000000000,-1,0
0.06844,3,-1,WAIT_RELEASE,0,0,0,400000000000,-1,0
0.06846,0,0,INJECTING,2317128968,2316968080,7510451818,320000000000,-1,0
0.06846,1,-1,WAIT_RELEASE,0,0,0,400000000000,-1,0
0.06846,2,-1,WAIT_RELEASE,0,0,0,400000000000,-1,0
0.06846,3,-1,WAIT_RELEASE,0,0,0,400000000000,-1,0
0.06848,0,0,INJECTING,2317921984,2317762048,7510451818,320000000000,-1,0
0.06848,1,-1,WAIT_RELEASE,0,0,0,400000000000,-1,0
0.06848,2,-1,WAIT_RELEASE,0,0,0,400000000000,-1,0
0.06848,3,-1,WAIT_RELEASE,0,0,0,400000000000,-1,0
0.0685,0,0,INJECTING,2318715000,2318555064,7510451818,320000000000,-1,0
0.0685,1,-1,WAIT_RELEASE,0,0,0,400000000000,-1,0
0.0685,2,-1,WAIT_RELEASE,0,0,0,400000000000,-1,0
0.0685,3,-1,WAIT_RELEASE,0,0,0,400000000000,-1,0
0.06852,0,0,INJECTING,2319508968,2319348080,7510451818,320000000000,-1,0
0.06852,1,-1,WAIT_RELEASE,0,0,0,400000000000,-1,0
0.06852,2,-1,WAIT_RELEASE,0,0,0,400000000000,-1,0
0.06852,3,-1,WAIT_RELEASE,0,0,0,400000000000,-1,0
0.06854,0,0,INJECTING,2320301984,2320142048,7510451818,320000000000,-1,0
0.06854,1,-1,WAIT_RELEASE,0,0,0,400000000000,-1,0
0.06854,2,-1,WAIT_RELEASE,0,0,0,400000000000,-1,0
0.06854,3,-1,WAIT_RELEASE,0,0,0,400000000000,-1,0
0.06856,0,0,INJECTING,2321095000,2320935064,7510451818,320000000000,-1,0
0.06856,1,-1,WAIT_RELEASE,0,0,0,400000000000,-1,0
0.06856,2,-1,WAIT_RELEASE,0,0,0,400000000000,-1,0
0.06856,3,-1,WAIT_RELEASE,0,0,0,400000000000,-1,0
0.06858,0,0,INJECTING,2321888968,2321728080,7510451818,320000000000,-1,0
0.06858,1,-1,WAIT_RELEASE,0,0,0,400000000000,-1,0
0.06858,2,-1,WAIT_RELEASE,0,0,0,400000000000,-1,0
0.06858,3,-1,WAIT_RELEASE,0,0,0,400000000000,-1,0
0.0686,0,0,INJECTING,2322681984,2322522048,7510451818,320000000000,-1,0
0.0686,1,-1,WAIT_RELEASE,0,0,0,400000000000,-1,0
0.0686,2,-1,WAIT_RELEASE,0,0,0,400000000000,-1,0
0.0686,3,-1,WAIT_RELEASE,0,0,0,400000000000,-1,0
0.06862,0,0,INJECTING,2323475000,2323315064,7510451818,320000000000,-1,0
0.06862,1,-1,WAIT_RELEASE,0,0,0,400000000000,-1,0
0.06862,2,-1,WAIT_RELEASE,0,0,0,400000000000,-1,0
0.06862,3,-1,WAIT_RELEASE,0,0,0,400000000000,-1,0
0.06864,0,0,INJECTING,2324268968,2324108080,7510451818,320000000000,-1,0
0.06864,1,-1,WAIT_RELEASE,0,0,0,400000000000,-1,0
0.06864,2,-1,WAIT_RELEASE,0,0,0,400000000000,-1,0
0.06864,3,-1,WAIT_RELEASE,0,0,0,400000000000,-1,0
0.06866,0,0,INJECTING,2325061984,2324902048,7510451818,320000000000,-1,0
0.06866,1,-1,WAIT_RELEASE,0,0,0,400000000000,-1,0
0.06866,2,-1,WAIT_RELEASE,0,0,0,400000000000,-1,0
0.06866,3,-1,WAIT_RELEASE,0,0,0,400000000000,-1,0
0.06868,0,0,INJECTING,2325855000,2325695064,7510451818,320000000000,-1,0
0.06868,1,-1,WAIT_RELEASE,0,0,0,400000000000,-1,0
0.06868,2,-1,WAIT_RELEASE,0,0,0,400000000000,-1,0
0.06868,3,-1,WAIT_RELEASE,0,0,0,400000000000,-1,0
0.0687,0,0,INJECTING,2326648968,2326488080,7510451818,320000000000,-1,0
0.0687,1,-1,WAIT_RELEASE,0,0,0,400000000000,-1,0
0.0687,2,-1,WAIT_RELEASE,0,0,0,400000000000,-1,0
0.0687,3,-1,WAIT_RELEASE,0,0,0,400000000000,-1,0
0.06872,0,0,INJECTING,2327441984,2327282048,7510451818,320000000000,-1,0
0.06872,1,-1,WAIT_RELEASE,0,0,0,400000000000,-1,0
0.06872,2,-1,WAIT_RELEASE,0,0,0,400000000000,-1,0
0.06872,3,-1,WAIT_RELEASE,0,0,0,400000000000,-1,0
0.06874,0,0,INJECTING,2328235000,2328075064,7510451818,320000000000,-1,0
0.06874,1,-1,WAIT_RELEASE,0,0,0,400000000000,-1,0
0.06874,2,-1,WAIT_RELEASE,0,0,0,400000000000,-1,0
0.06874,3,-1,WAIT_RELEASE,0,0,0,400000000000,-1,0
0.06876,0,0,INJECTING,2329028968,2328868080,7510451818,320000000000,-1,0
0.06876,1,-1,WAIT_RELEASE,0,0,0,400000000000,-1,0
0.06876,2,-1,WAIT_RELEASE,0,0,0,400000000000,-1,0
0.06876,3,-1,WAIT_RELEASE,0,0,0,400000000000,-1,0
0.06878,0,0,INJECTING,2329821984,2329662048,7510451818,320000000000,-1,0
0.06878,1,-1,WAIT_RELEASE,0,0,0,400000000000,-1,0
0.06878,2,-1,WAIT_RELEASE,0,0,0,400000000000,-1,0
0.06878,3,-1,WAIT_RELEASE,0,0,0,400000000000,-1,0
0.0688,0,0,INJECTING,2330615000,2330455064,7510451818,320000000000,-1,0
0.0688,1,-1,WAIT_RELEASE,0,0,0,400000000000,-1,0
0.0688,2,-1,WAIT_RELEASE,0,0,0,400000000000,-1,0
0.0688,3,-1,WAIT_RELEASE,0,0,0,400000000000,-1,0
0.06882,0,0,INJECTING,2331408968,2331248080,7510451818,320000000000,-1,0
0.06882,1,-1,WAIT_RELEASE,0,0,0,400000000000,-1,0
0.06882,2,-1,WAIT_RELEASE,0,0,0,400000000000,-1,0
0.06882,3,-1,WAIT_RELEASE,0,0,0,400000000000,-1,0
0.06884,0,0,INJECTING,2332201984,2332042048,7510451818,320000000000,-1,0
0.06884,1,-1,WAIT_RELEASE,0,0,0,400000000000,-1,0
0.06884,2,-1,WAIT_RELEASE,0,0,0,400000000000,-1,0
0.06884,3,-1,WAIT_RELEASE,0,0,0,400000000000,-1,0
0.06886,0,0,INJECTING,2332995000,2332835064,7510451818,320000000000,-1,0
0.06886,1,-1,WAIT_RELEASE,0,0,0,400000000000,-1,0
0.06886,2,-1,WAIT_RELEASE,0,0,0,400000000000,-1,0
0.06886,3,-1,WAIT_RELEASE,0,0,0,400000000000,-1,0
0.06888,0,0,INJECTING,2333788968,2333628080,7510451818,320000000000,-1,0
0.06888,1,-1,WAIT_RELEASE,0,0,0,400000000000,-1,0
0.06888,2,-1,WAIT_RELEASE,0,0,0,400000000000,-1,0
0.06888,3,-1,WAIT_RELEASE,0,0,0,400000000000,-1,0
0.0689,0,0,INJECTING,2334581984,2334422048,7510451818,320000000000,-1,0
0.0689,1,-1,WAIT_RELEASE,0,0,0,400000000000,-1,0
0.0689,2,-1,WAIT_RELEASE,0,0,0,400000000000,-1,0
0.0689,3,-1,WAIT_RELEASE,0,0,0,400000000000,-1,0
0.06892,0,0,INJECTING,2335375000,2335215064,7510451818,320000000000,-1,0
0.06892,1,-1,WAIT_RELEASE,0,0,0,400000000000,-1,0
0.06892,2,-1,WAIT_RELEASE,0,0,0,400000000000,-1,0
0.06892,3,-1,WAIT_RELEASE,0,0,0,400000000000,-1,0
0.06894,0,0,INJECTING,2336168968,2336008080,7510451818,320000000000,-1,0
0.06894,1,-1,WAIT_RELEASE,0,0,0,400000000000,-1,0
0.06894,2,-1,WAIT_RELEASE,0,0,0,400000000000,-1,0
0.06894,3,-1,WAIT_RELEASE,0,0,0,400000000000,-1,0
0.06896,0,0,INJECTING,2336961984,2336802048,7510451818,320000000000,-1,0
0.06896,1,-1,WAIT_RELEASE,0,0,0,400000000000,-1,0
0.06896,2,-1,WAIT_RELEASE,0,0,0,400000000000,-1,0
0.06896,3,-1,WAIT_RELEASE,0,0,0,400000000000,-1,0
0.06898,0,0,INJECTING,2337755000,2337595064,7510451818,320000000000,-1,0
0.06898,1,-1,WAIT_RELEASE,0,0,0,400000000000,-1,0
0.06898,2,-1,WAIT_RELEASE,0,0,0,400000000000,-1,0
0.06898,3,-1,WAIT_RELEASE,0,0,0,400000000000,-1,0
0.069,0,0,INJECTING,2338548968,2338388080,7510451818,320000000000,-1,0
0.069,1,-1,WAIT_RELEASE,0,0,0,400000000000,-1,0
0.069,2,-1,WAIT_RELEASE,0,0,0,400000000000,-1,0
0.069,3,-1,WAIT_RELEASE,0,0,0,400000000000,-1,0
0.06902,0,0,INJECTING,2339341984,2339182048,7510451818,320000000000,-1,0
0.06902,1,-1,WAIT_RELEASE,0,0,0,400000000000,-1,0
0.06902,2,-1,WAIT_RELEASE,0,0,0,400000000000,-1,0
0.06902,3,-1,WAIT_RELEASE,0,0,0,400000000000,-1,0
0.06904,0,0,INJECTING,2340135000,2339975064,7510451818,320000000000,-1,0
0.06904,1,-1,WAIT_RELEASE,0,0,0,400000000000,-1,0
0.06904,2,-1,WAIT_RELEASE,0,0,0,400000000000,-1,0
0.06904,3,-1,WAIT_RELEASE,0,0,0,400000000000,-1,0
0.06906,0,0,INJECTING,2340928968,2340768080,7510451818,320000000000,-1,0
0.06906,1,-1,WAIT_RELEASE,0,0,0,400000000000,-1,0
0.06906,2,-1,WAIT_RELEASE,0,0,0,400000000000,-1,0
0.06906,3,-1,WAIT_RELEASE,0,0,0,400000000000,-1,0
0.06908,0,0,INJECTING,2341721984,2341562048,7510451818,320000000000,-1,0
0.06908,1,-1,WAIT_RELEASE,0,0,0,400000000000,-1,0
0.06908,2,-1,WAIT_RELEASE,0,0,0,400000000000,-1,0
0.06908,3,-1,WAIT_RELEASE,0,0,0,400000000000,-1,0
0.0691,0,0,INJECTING,2342515000,2342355064,7510451818,320000000000,-1,0
0.0691,1,-1,WAIT_RELEASE,0,0,0,400000000000,-1,0
0.0691,2,-1,WAIT_RELEASE,0,0,0,400000000000,-1,0
0.0691,3,-1,WAIT_RELEASE,0,0,0,400000000000,-1,0
0.06912,0,0,INJECTING,2343308968,2343148080,7510451818,320000000000,-1,0
0.06912,1,-1,WAIT_RELEASE,0,0,0,400000000000,-1,0
0.06912,2,-1,WAIT_RELEASE,0,0,0,400000000000,-1,0
0.06912,3,-1,WAIT_RELEASE,0,0,0,400000000000,-1,0
0.06914,0,0,INJECTING,2344101984,2343942048,7510451818,320000000000,-1,0
0.06914,1,-1,WAIT_RELEASE,0,0,0,400000000000,-1,0
0.06914,2,-1,WAIT_RELEASE,0,0,0,400000000000,-1,0
0.06914,3,-1,WAIT_RELEASE,0,0,0,400000000000,-1,0
0.06916,0,0,INJECTING,2344895000,2344735064,7510451818,320000000000,-1,0
0.06916,1,-1,WAIT_RELEASE,0,0,0,400000000000,-1,0
0.06916,2,-1,WAIT_RELEASE,0,0,0,400000000000,-1,0
0.06916,3,-1,WAIT_RELEASE,0,0,0,400000000000,-1,0
0.06918,0,0,INJECTING,2345688968,2345528080,7510451818,320000000000,-1,0
0.06918,1,-1,WAIT_RELEASE,0,0,0,400000000000,-1,0
0.06918,2,-1,WAIT_RELEASE,0,0,0,400000000000,-1,0
0.06918,3,-1,WAIT_RELEASE,0,0,0,400000000000,-1,0
0.0692,0,0,INJECTING,2346481984,2346322048,7510451818,320000000000,-1,0
0.0692,1,-1,WAIT_RELEASE,0,0,0,400000000000,-1,0
0.0692,2,-1,WAIT_RELEASE,0,0,0,400000000000,-1,0
0.0692,3,-1,WAIT_RELEASE,0,0,0,400000000000,-1,0
0.06922,0,0,INJECTING,2347275000,2347115064,7510451818,320000000000,-1,0
0.06922,1,-1,WAIT_RELEASE,0,0,0,400000000000,-1,0
0.06922,2,-1,WAIT_RELEASE,0,0,0,400000000000,-1,0
0.06922,3,-1,WAIT_RELEASE,0,0,0,400000000000,-1,0
0.06924,0,0,INJECTING,2348068968,2347908080,7510451818,320000000000,-1,0
0.06924,1,-1,WAIT_RELEASE,0,0,0,400000000000,-1,0
0.06924,2,-1,WAIT_RELEASE,0,0,0,400000000000,-1,0
0.06924,3,-1,WAIT_RELEASE,0,0,0,400000000000,-1,0
0.06926,0,0,INJECTING,2348861984,2348702048,7510451818,320000000000,-1,0
0.06926,1,-1,WAIT_RELEASE,0,0,0,400000000000,-1,0
0.06926,2,-1,WAIT_RELEASE,0,0,0,400000000000,-1,0
0.06926,3,-1,WAIT_RELEASE,0,0,0,400000000000,-1,0
0.06928,0,0,INJECTING,2349655000,2349495064,7510451818,320000000000,-1,0
0.06928,1,-1,WAIT_RELEASE,0,0,0,400000000000,-1,0
0.06928,2,-1,WAIT_RELEASE,0,0,0,400000000000,-1,0
0.06928,3,-1,WAIT_RELEASE,0,0,0,400000000000,-1,0
0.0693,0,0,INJECTING,2350448968,2350288080,7510451818,320000000000,-1,0
0.0693,1,-1,WAIT_RELEASE,0,0,0,400000000000,-1,0
0.0693,2,-1,WAIT_RELEASE,0,0,0,400000000000,-1,0
0.0693,3,-1,WAIT_RELEASE,0,0,0,400000000000,-1,0
0.06932,0,0,INJECTING,2351241984,2351082048,7510451818,320000000000,-1,0
0.06932,1,-1,WAIT_RELEASE,0,0,0,400000000000,-1,0
0.06932,2,-1,WAIT_RELEASE,0,0,0,400000000000,-1,0
0.06932,3,-1,WAIT_RELEASE,0,0,0,400000000000,-1,0
0.06934,0,0,INJECTING,2352035000,2351875064,7510451818,320000000000,-1,0
0.06934,1,-1,WAIT_RELEASE,0,0,0,400000000000,-1,0
0.06934,2,-1,WAIT_RELEASE,0,0,0,400000000000,-1,0
0.06934,3,-1,WAIT_RELEASE,0,0,0,400000000000,-1,0
0.06936,0,0,INJECTING,2352828968,2352668080,7510451818,320000000000,-1,0
0.06936,1,-1,WAIT_RELEASE,0,0,0,400000000000,-1,0
0.06936,2,-1,WAIT_RELEASE,0,0,0,400000000000,-1,0
0.06936,3,-1,WAIT_RELEASE,0,0,0,400000000000,-1,0
0.06938,0,0,INJECTING,2353621984,2353462048,7510451818,320000000000,-1,0
0.06938,1,-1,WAIT_RELEASE,0,0,0,400000000000,-1,0
0.06938,2,-1,WAIT_RELEASE,0,0,0,400000000000,-1,0
0.06938,3,-1,WAIT_RELEASE,0,0,0,400000000000,-1,0
0.0694,0,0,INJECTING,2354415000,2354255064,7510451818,320000000000,-1,0
0.0694,1,-1,WAIT_RELEASE,0,0,0,400000000000,-1,0
0.0694,2,-1,WAIT_RELEASE,0,0,0,400000000000,-1,0
0.0694,3,-1,WAIT_RELEASE,0,0,0,400000000000,-1,0
0.06942,0,0,INJECTING,2355208968,2355048080,7510451818,320000000000,-1,0
0.06942,1,-1,WAIT_RELEASE,0,0,0,400000000000,-1,0
0.06942,2,-1,WAIT_RELEASE,0,0,0,400000000000,-1,0
0.06942,3,-1,WAIT_RELEASE,0,0,0,400000000000,-1,0
0.06944,0,0,INJECTING,2356001984,2355842048,7510451818,320000000000,-1,0
0.06944,1,-1,WAIT_RELEASE,0,0,0,400000000000,-1,0
0.06944,2,-1,WAIT_RELEASE,0,0,0,400000000000,-1,0
0.06944,3,-1,WAIT_RELEASE,0,0,0,400000000000,-1,0
0.06946,0,0,INJECTING,2356795000,2356635064,7510451818,320000000000,-1,0
0.06946,1,-1,WAIT_RELEASE,0,0,0,400000000000,-1,0
0.06946,2,-1,WAIT_RELEASE,0,0,0,400000000000,-1,0
0.06946,3,-1,WAIT_RELEASE,0,0,0,400000000000,-1,0
0.06948,0,0,INJECTING,2357588968,2357428080,7510451818,320000000000,-1,0
0.06948,1,-1,WAIT_RELEASE,0,0,0,400000000000,-1,0
0.06948,2,-1,WAIT_RELEASE,0,0,0,400000000000,-1,0
0.06948,3,-1,WAIT_RELEASE,0,0,0,400000000000,-1,0
0.0695,0,0,INJECTING,2358381984,2358222048,7510451818,320000000000,-1,0
0.0695,1,-1,WAIT_RELEASE,0,0,0,400000000000,-1,0
0.0695,2,-1,WAIT_RELEASE,0,0,0,400000000000,-1,0
0.0695,3,-1,WAIT_RELEASE,0,0,0,400000000000,-1,0
0.06952,0,0,INJECTING,2359175000,2359015064,7510451818,320000000000,-1,0
0.06952,1,-1,WAIT_RELEASE,0,0,0,400000000000,-1,0
0.06952,2,-1,WAIT_RELEASE,0,0,0,400000000000,-1,0
0.06952,3,-1,WAIT_RELEASE,0,0,0,400000000000,-1,0
0.06954,0,0,INJECTING,2359968968,2359808080,7510451818,320000000000,-1,0
0.06954,1,-1,WAIT_RELEASE,0,0,0,400000000000,-1,0
0.06954,2,-1,WAIT_RELEASE,0,0,0,400000000000,-1,0
0.06954,3,-1,WAIT_RELEASE,0,0,0,400000000000,-1,0
0.06956,0,0,INJECTING,2360761984,2360602048,7510451818,320000000000,-1,0
0.06956,1,-1,WAIT_RELEASE,0,0,0,400000000000,-1,0
0.06956,2,-1,WAIT_RELEASE,0,0,0,400000000000,-1,0
0.06956,3,-1,WAIT_RELEASE,0,0,0,400000000000,-1,0
0.06958,0,0,INJECTING,2361555000,2361395064,7510451818,320000000000,-1,0
0.06958,1,-1,WAIT_RELEASE,0,0,0,400000000000,-1,0
0.06958,2,-1,WAIT_RELEASE,0,0,0,400000000000,-1,0
0.06958,3,-1,WAIT_RELEASE,0,0,0,400000000000,-1,0
0.0696,0,0,INJECTING,2362348968,2362188080,7510451818,320000000000,-1,0
0.0696,1,-1,WAIT_RELEASE,0,0,0,400000000000,-1,0
0.0696,2,-1,WAIT_RELEASE,0,0,0,400000000000,-1,0
0.0696,3,-1,WAIT_RELEASE,0,0,0,400000000000,-1,0
0.06962,0,0,INJECTING,2363141984,2362982048,7510451818,320000000000,-1,0
0.06962,1,-1,WAIT_RELEASE,0,0,0,400000000000,-1,0
0.06962,2,-1,WAIT_RELEASE,0,0,0,400000000000,-1,0
0.06962,3,-1,WAIT_RELEASE,0,0,0,400000000000,-1,0
0.06964,0,0,INJECTING,2363935000,2363775064,7510451818,320000000000,-1,0
0.06964,1,-1,WAIT_RELEASE,0,0,0,400000000000,-1,0
0.06964,2,-1,WAIT_RELEASE,0,0,0,400000000000,-1,0
0.06964,3,-1,WAIT_RELEASE,0,0,0,400000000000,-1,0
0.06966,0,0,INJECTING,2364728968,2364568080,7510451818,320000000000,-1,0
0.06966,1,-1,WAIT_RELEASE,0,0,0,400000000000,-1,0
0.06966,2,-1,WAIT_RELEASE,0,0,0,400000000000,-1,0
0.06966,3,-1,WAIT_RELEASE,0,0,0,400000000000,-1,0
0.06968,0,0,INJECTING,2365521984,2365362048,7510451818,320000000000,-1,0
0.06968,1,-1,WAIT_RELEASE,0,0,0,400000000000,-1,0
0.06968,2,-1,WAIT_RELEASE,0,0,0,400000000000,-1,0
0.06968,3,-1,WAIT_RELEASE,0,0,0,400000000000,-1,0
0.0697,0,0,INJECTING,2366315000,2366155064,7510451818,320000000000,-1,0
0.0697,1,-1,WAIT_RELEASE,0,0,0,400000000000,-1,0
0.0697,2,-1,WAIT_RELEASE,0,0,0,400000000000,-1,0
0.0697,3,-1,WAIT_RELEASE,0,0,0,400000000000,-1,0
0.06972,0,0,INJECTING,2367108968,2366948080,7510451818,320000000000,-1,0
0.06972,1,-1,WAIT_RELEASE,0,0,0,400000000000,-1,0
0.06972,2,-1,WAIT_RELEASE,0,0,0,400000000000,-1,0
0.06972,3,-1,WAIT_RELEASE,0,0,0,400000000000,-1,0
0.06974,0,0,INJECTING,2367901984,2367742048,7510451818,320000000000,-1,0
0.06974,1,-1,WAIT_RELEASE,0,0,0,400000000000,-1,0
0.06974,2,-1,WAIT_RELEASE,0,0,0,400000000000,-1,0
0.06974,3,-1,WAIT_RELEASE,0,0,0,400000000000,-1,0
0.06976,0,0,INJECTING,2368695000,2368535064,7510451818,320000000000,-1,0
0.06976,1,-1,WAIT_RELEASE,0,0,0,400000000000,-1,0
0.06976,2,-1,WAIT_RELEASE,0,0,0,400000000000,-1,0
0.06976,3,-1,WAIT_RELEASE,0,0,0,400000000000,-1,0
0.06978,0,0,INJECTING,2369488968,2369328080,7510451818,320000000000,-1,0
0.06978,1,-1,WAIT_RELEASE,0,0,0,400000000000,-1,0
0.06978,2,-1,WAIT_RELEASE,0,0,0,400000000000,-1,0
0.06978,3,-1,WAIT_RELEASE,0,0,0,400000000000,-1,0
0.0698,0,0,INJECTING,2370281984,2370122048,7510451818,320000000000,-1,0
0.0698,1,-1,WAIT_RELEASE,0,0,0,400000000000,-1,0
0.0698,2,-1,WAIT_RELEASE,0,0,0,400000000000,-1,0
0.0698,3,-1,WAIT_RELEASE,0,0,0,400000000000,-1,0
0.06982,0,0,INJECTING,2371075000,2370915064,7510451818,320000000000,-1,0
0.06982,1,-1,WAIT_RELEASE,0,0,0,400000000000,-1,0
0.06982,2,-1,WAIT_RELEASE,0,0,0,400000000000,-1,0
0.06982,3,-1,WAIT_RELEASE,0,0,0,400000000000,-1,0
0.06984,0,0,INJECTING,2371868968,2371708080,7510451818,320000000000,-1,0
0.06984,1,-1,WAIT_RELEASE,0,0,0,400000000000,-1,0
0.06984,2,-1,WAIT_RELEASE,0,0,0,400000000000,-1,0
0.06984,3,-1,WAIT_RELEASE,0,0,0,400000000000,-1,0
0.06986,0,0,INJECTING,2372661984,2372502048,7510451818,320000000000,-1,0
0.06986,1,-1,WAIT_RELEASE,0,0,0,400000000000,-1,0
0.06986,2,-1,WAIT_RELEASE,0,0,0,400000000000,-1,0
0.06986,3,-1,WAIT_RELEASE,0,0,0,400000000000,-1,0
0.06988,0,0,INJECTING,2373455000,2373295064,7510451818,320000000000,-1,0
0.06988,1,-1,WAIT_RELEASE,0,0,0,400000000000,-1,0
0.06988,2,-1,WAIT_RELEASE,0,0,0,400000000000,-1,0
0.06988,3,-1,WAIT_RELEASE,0,0,0,400000000000,-1,0
0.0699,0,0,INJECTING,2374248968,2374088080,7510451818,320000000000,-1,0
0.0699,1,-1,WAIT_RELEASE,0,0,0,400000000000,-1,0
0.0699,2,-1,WAIT_RELEASE,0,0,0,400000000000,-1,0
0.0699,3,-1,WAIT_RELEASE,0,0,0,400000000000,-1,0
0.06992,0,0,INJECTING,2375041984,2374882048,7510451818,320000000000,-1,0
0.06992,1,-1,WAIT_RELEASE,0,0,0,400000000000,-1,0
0.06992,2,-1,WAIT_RELEASE,0,0,0,400000000000,-1,0
0.06992,3,-1,WAIT_RELEASE,0,0,0,400000000000,-1,0
0.06994,0,0,INJECTING,2375835000,2375675064,7510451818,320000000000,-1,0
0.06994,1,-1,WAIT_RELEASE,0,0,0,400000000000,-1,0
0.06994,2,-1,WAIT_RELEASE,0,0,0,400000000000,-1,0
0.06994,3,-1,WAIT_RELEASE,0,0,0,400000000000,-1,0
0.06996,0,0,INJECTING,2376628968,2376468080,7510451818,320000000000,-1,0
0.06996,1,-1,WAIT_RELEASE,0,0,0,400000000000,-1,0
0.06996,2,-1,WAIT_RELEASE,0,0,0,400000000000,-1,0
0.06996,3,-1,WAIT_RELEASE,0,0,0,400000000000,-1,0
0.06998,0,0,INJECTING,2377421984,2377262048,7510451818,320000000000,-1,0
0.06998,1,-1,WAIT_RELEASE,0,0,0,400000000000,-1,0
0.06998,2,-1,WAIT_RELEASE,0,0,0,400000000000,-1,0
0.06998,3,-1,WAIT_RELEASE,0,0,0,400000000000,-1,0
0.07,0,0,INJECTING,2378215000,2378055064,7510451818,320000000000,-1,0
0.07,1,-1,WAIT_RELEASE,0,0,0,400000000000,-1,0
0.07,2,-1,WAIT_RELEASE,0,0,0,400000000000,-1,0
0.07,3,-1,WAIT_RELEASE,0,0,0,400000000000,-1,0
0.07002,0,0,INJECTING,2379008968,2378848080,7510451818,320000000000,-1,0
0.07002,1,-1,WAIT_RELEASE,0,0,0,400000000000,-1,0
0.07002,2,-1,WAIT_RELEASE,0,0,0,400000000000,-1,0
0.07002,3,-1,WAIT_RELEASE,0,0,0,400000000000,-1,0
0.07004,0,0,INJECTING,2379801984,2379642048,7510451818,320000000000,-1,0
0.07004,1,-1,WAIT_RELEASE,0,0,0,400000000000,-1,0
0.07004,2,-1,WAIT_RELEASE,0,0,0,400000000000,-1,0
0.07004,3,-1,WAIT_RELEASE,0,0,0,400000000000,-1,0
0.07006,0,0,INJECTING,2380595000,2380435064,7510451818,320000000000,-1,0
0.07006,1,-1,WAIT_RELEASE,0,0,0,400000000000,-1,0
0.07006,2,-1,WAIT_RELEASE,0,0,0,400000000000,-1,0
0.07006,3,-1,WAIT_RELEASE,0,0,0,400000000000,-1,0
0.07008,0,0,INJECTING,2381388968,2381228080,7510451818,320000000000,-1,0
0.07008,1,-1,WAIT_RELEASE,0,0,0,400000000000,-1,0
0.07008,2,-1,WAIT_RELEASE,0,0,0,400000000000,-1,0
0.07008,3,-1,WAIT_RELEASE,0,0,0,400000000000,-1,0
0.0701,0,0,INJECTING,2382181984,2382022048,7510451818,320000000000,-1,0
0.0701,1,-1,WAIT_RELEASE,0,0,0,400000000000,-1,0
0.0701,2,-1,WAIT_RELEASE,0,0,0,400000000000,-1,0
0.0701,3,-1,WAIT_RELEASE,0,0,0,400000000000,-1,0
0.07012,0,0,INJECTING,2382975000,2382815064,7510451818,320000000000,-1,0
0.07012,1,-1,WAIT_RELEASE,0,0,0,400000000000,-1,0
0.07012,2,-1,WAIT_RELEASE,0,0,0,400000000000,-1,0
0.07012,3,-1,WAIT_RELEASE,0,0,0,400000000000,-1,0
0.07014,0,0,INJECTING,2383768968,2383608080,7510451818,320000000000,-1,0
0.07014,1,-1,WAIT_RELEASE,0,0,0,400000000000,-1,0
0.07014,2,-1,WAIT_RELEASE,0,0,0,400000000000,-1,0
0.07014,3,-1,WAIT_RELEASE,0,0,0,400000000000,-1,0
0.07016,0,0,INJECTING,2384561984,2384402048,7510451818,320000000000,-1,0
0.07016,1,-1,WAIT_RELEASE,0,0,0,400000000000,-1,0
0.07016,2,-1,WAIT_RELEASE,0,0,0,400000000000,-1,0
0.07016,3,-1,WAIT_RELEASE,0,0,0,400000000000,-1,0
0.07018,0,0,INJECTING,2385355000,2385195064,7510451818,320000000000,-1,0
0.07018,1,-1,WAIT_RELEASE,0,0,0,400000000000,-1,0
0.07018,2,-1,WAIT_RELEASE,0,0,0,400000000000,-1,0
0.07018,3,-1,WAIT_RELEASE,0,0,0,400000000000,-1,0
0.0702,0,0,INJECTING,2386148968,2385988080,7510451818,320000000000,-1,0
0.0702,1,-1,WAIT_RELEASE,0,0,0,400000000000,-1,0
0.0702,2,-1,WAIT_RELEASE,0,0,0,400000000000,-1,0
0.0702,3,-1,WAIT_RELEASE,0,0,0,400000000000,-1,0
0.07022,0,0,INJECTING,2386941984,2386782048,7510451818,320000000000,-1,0
0.07022,1,-1,WAIT_RELEASE,0,0,0,400000000000,-1,0
0.07022,2,-1,WAIT_RELEASE,0,0,0,400000000000,-1,0
0.07022,3,-1,WAIT_RELEASE,0,0,0,400000000000,-1,0
0.07024,0,0,INJECTING,2387735000,2387575064,7510451818,320000000000,-1,0
0.07024,1,-1,WAIT_RELEASE,0,0,0,400000000000,-1,0
0.07024,2,-1,WAIT_RELEASE,0,0,0,400000000000,-1,0
0.07024,3,-1,WAIT_RELEASE,0,0,0,400000000000,-1,0
0.07026,0,0,INJECTING,2388528968,2388368080,7510451818,320000000000,-1,0
0.07026,1,-1,WAIT_RELEASE,0,0,0,400000000000,-1,0
0.07026,2,-1,WAIT_RELEASE,0,0,0,400000000000,-1,0
0.07026,3,-1,WAIT_RELEASE,0,0,0,400000000000,-1,0
0.07028,0,0,INJECTING,2389321984,2389162048,7510451818,320000000000,-1,0
0.07028,1,-1,WAIT_RELEASE,0,0,0,400000000000,-1,0
0.07028,2,-1,WAIT_RELEASE,0,0,0,400000000000,-1,0
0.07028,3,-1,WAIT_RELEASE,0,0,0,400000000000,-1,0
0.0703,0,0,INJECTING,2390115000,2389955064,7510451818,320000000000,-1,0
0.0703,1,-1,WAIT_RELEASE,0,0,0,400000000000,-1,0
0.0703,2,-1,WAIT_RELEASE,0,0,0,400000000000,-1,0
0.0703,3,-1,WAIT_RELEASE,0,0,0,400000000000,-1,0
0.07032,0,0,INJECTING,2390908968,2390748080,7510451818,320000000000,-1,0
0.07032,1,-1,WAIT_RELEASE,0,0,0,400000000000,-1,0
0.07032,2,-1,WAIT_RELEASE,0,0,0,400000000000,-1,0
0.07032,3,-1,WAIT_RELEASE,0,0,0,400000000000,-1,0
0.07034,0,0,INJECTING,2391701984,2391542048,7510451818,320000000000,-1,0
0.07034,1,-1,WAIT_RELEASE,0,0,0,400000000000,-1,0
0.07034,2,-1,WAIT_RELEASE,0,0,0,400000000000,-1,0
0.07034,3,-1,WAIT_RELEASE,0,0,0,400000000000,-1,0
0.07036,0,0,INJECTING,2392495000,2392335064,7510451818,320000000000,-1,0
0.07036,1,-1,WAIT_RELEASE,0,0,0,400000000000,-1,0
0.07036,2,-1,WAIT_RELEASE,0,0,0,400000000000,-1,0
0.07036,3,-1,WAIT_RELEASE,0,0,0,400000000000,-1,0
0.07038,0,0,INJECTING,2393288968,2393128080,7510451818,320000000000,-1,0
0.07038,1,-1,WAIT_RELEASE,0,0,0,400000000000,-1,0
0.07038,2,-1,WAIT_RELEASE,0,0,0,400000000000,-1,0
0.07038,3,-1,WAIT_RELEASE,0,0,0,400000000000,-1,0
0.0704,0,0,INJECTING,2394081984,2393922048,7510451818,320000000000,-1,0
0.0704,1,-1,WAIT_RELEASE,0,0,0,400000000000,-1,0
0.0704,2,-1,WAIT_RELEASE,0,0,0,400000000000,-1,0
0.0704,3,-1,WAIT_RELEASE,0,0,0,400000000000,-1,0
0.07042,0,0,INJECTING,2394875000,2394715064,7510451818,320000000000,-1,0
0.07042,1,-1,WAIT_RELEASE,0,0,0,400000000000,-1,0
0.07042,2,-1,WAIT_RELEASE,0,0,0,400000000000,-1,0
0.07042,3,-1,WAIT_RELEASE,0,0,0,400000000000,-1,0
0.07044,0,0,INJECTING,2395668968,2395508080,7510451818,320000000000,-1,0
0.07044,1,-1,WAIT_RELEASE,0,0,0,400000000000,-1,0
0.07044,2,-1,WAIT_RELEASE,0,0,0,400000000000,-1,0
0.07044,3,-1,WAIT_RELEASE,0,0,0,400000000000,-1,0
0.07046,0,0,INJECTING,2396461984,2396302048,7510451818,320000000000,-1,0
0.07046,1,-1,WAIT_RELEASE,0,0,0,400000000000,-1,0
0.07046,2,-1,WAIT_RELEASE,0,0,0,400000000000,-1,0
0.07046,3,-1,WAIT_RELEASE,0,0,0,400000000000,-1,0
0.07048,0,0,INJECTING,2397255000,2397095064,7510451818,320000000000,-1,0
0.07048,1,-1,WAIT_RELEASE,0,0,0,400000000000,-1,0
0.07048,2,-1,WAIT_RELEASE,0,0,0,400000000000,-1,0
0.07048,3,-1,WAIT_RELEASE,0,0,0,400000000000,-1,0
0.0705,0,0,INJECTING,2398048968,2397888080,7510451818,320000000000,-1,0
0.0705,1,-1,WAIT_RELEASE,0,0,0,400000000000,-1,0
0.0705,2,-1,WAIT_RELEASE,0,0,0,400000000000,-1,0
0.0705,3,-1,WAIT_RELEASE,0,0,0,400000000000,-1,0
0.07052,0,0,INJECTING,2398841984,2398682048,7510451818,320000000000,-1,0
0.07052,1,-1,WAIT_RELEASE,0,0,0,400000000000,-1,0
0.07052,2,-1,WAIT_RELEASE,0,0,0,400000000000,-1,0
0.07052,3,-1,WAIT_RELEASE,0,0,0,400000000000,-1,0
0.07054,0,0,INJECTING,2399635000,2399475064,7510451818,320000000000,-1,0
0.07054,1,-1,WAIT_RELEASE,0,0,0,400000000000,-1,0
0.07054,2,-1,WAIT_RELEASE,0,0,0,400000000000,-1,0
0.07054,3,-1,WAIT_RELEASE,0,0,0,400000000000,-1,0
0.07056,0,0,INJECTING,2400428968,2400268080,7510451818,320000000000,-1,0
0.07056,1,-1,WAIT_RELEASE,0,0,0,400000000000,-1,0
0.07056,2,-1,WAIT_RELEASE,0,0,0,400000000000,-1,0
0.07056,3,-1,WAIT_RELEASE,0,0,0,400000000000,-1,0
0.07058,0,0,INJECTING,2401221984,2401062048,7510451818,320000000000,-1,0
0.07058,1,-1,WAIT_RELEASE,0,0,0,400000000000,-1,0
0.07058,2,-1,WAIT_RELEASE,0,0,0,400000000000,-1,0
0.07058,3,-1,WAIT_RELEASE,0,0,0,400000000000,-1,0
0.0706,0,0,INJECTING,2402015000,2401855064,7510451818,320000000000,-1,0
0.0706,1,-1,WAIT_RELEASE,0,0,0,400000000000,-1,0
0.0706,2,-1,WAIT_RELEASE,0,0,0,400000000000,-1,0
0.0706,3,-1,WAIT_RELEASE,0,0,0,400000000000,-1,0
0.07062,0,0,INJECTING,2402808968,2402648080,7510451818,320000000000,-1,0
0.07062,1,-1,WAIT_RELEASE,0,0,0,400000000000,-1,0
0.07062,2,-1,WAIT_RELEASE,0,0,0,400000000000,-1,0
0.07062,3,-1,WAIT_RELEASE,0,0,0,400000000000,-1,0
0.07064,0,0,INJECTING,2403601984,2403442048,7510451818,320000000000,-1,0
0.07064,1,-1,WAIT_RELEASE,0,0,0,400000000000,-1,0
0.07064,2,-1,WAIT_RELEASE,0,0,0,400000000000,-1,0
0.07064,3,-1,WAIT_RELEASE,0,0,0,400000000000,-1,0
0.07066,0,0,INJECTING,2404395000,2404235064,7510451818,320000000000,-1,0
0.07066,1,-1,WAIT_RELEASE,0,0,0,400000000000,-1,0
0.07066,2,-1,WAIT_RELEASE,0,0,0,400000000000,-1,0
0.07066,3,-1,WAIT_RELEASE,0,0,0,400000000000,-1,0
0.07068,0,0,INJECTING,2405188968,2405028080,7510451818,320000000000,-1,0
0.07068,1,-1,WAIT_RELEASE,0,0,0,400000000000,-1,0
0.07068,2,-1,WAIT_RELEASE,0,0,0,400000000000,-1,0
0.07068,3,-1,WAIT_RELEASE,0,0,0,400000000000,-1,0
0.0707,0,0,INJECTING,2405981984,2405822048,7510451818,320000000000,-1,0
0.0707,1,-1,WAIT_RELEASE,0,0,0,400000000000,-1,0
0.0707,2,-1,WAIT_RELEASE,0,0,0,400000000000,-1,0
0.0707,3,-1,WAIT_RELEASE,0,0,0,400000000000,-1,0
0.07072,0,0,INJECTING,2406775000,2406615064,7510451818,320000000000,-1,0
0.07072,1,-1,WAIT_RELEASE,0,0,0,400000000000,-1,0
0.07072,2,-1,WAIT_RELEASE,0,0,0,400000000000,-1,0
0.07072,3,-1,WAIT_RELEASE,0,0,0,400000000000,-1,0
0.07074,0,0,INJECTING,2407568968,2407408080,7510451818,320000000000,-1,0
0.07074,1,-1,WAIT_RELEASE,0,0,0,400000000000,-1,0
0.07074,2,-1,WAIT_RELEASE,0,0,0,400000000000,-1,0
0.07074,3,-1,WAIT_RELEASE,0,0,0,400000000000,-1,0
0.07076,0,0,INJECTING,2408361984,2408202048,7510451818,320000000000,-1,0
0.07076,1,-1,WAIT_RELEASE,0,0,0,400000000000,-1,0
0.07076,2,-1,WAIT_RELEASE,0,0,0,400000000000,-1,0
0.07076,3,-1,WAIT_RELEASE,0,0,0,400000000000,-1,0
0.07078,0,0,INJECTING,2409155000,2408995064,7510451818,320000000000,-1,0
0.07078,1,-1,WAIT_RELEASE,0,0,0,400000000000,-1,0
0.07078,2,-1,WAIT_RELEASE,0,0,0,400000000000,-1,0
0.07078,3,-1,WAIT_RELEASE,0,0,0,400000000000,-1,0
0.0708,0,0,INJECTING,2409948968,2409788080,7510451818,320000000000,-1,0
0.0708,1,-1,WAIT_RELEASE,0,0,0,400000000000,-1,0
0.0708,2,-1,WAIT_RELEASE,0,0,0,400000000000,-1,0
0.0708,3,-1,WAIT_RELEASE,0,0,0,400000000000,-1,0
0.07082,0,0,INJECTING,2410741984,2410582048,7510451818,320000000000,-1,0
0.07082,1,-1,WAIT_RELEASE,0,0,0,400000000000,-1,0
0.07082,2,-1,WAIT_RELEASE,0,0,0,400000000000,-1,0
0.07082,3,-1,WAIT_RELEASE,0,0,0,400000000000,-1,0
0.07084,0,0,INJECTING,2411535000,2411375064,7510451818,320000000000,-1,0
0.07084,1,-1,WAIT_RELEASE,0,0,0,400000000000,-1,0
0.07084,2,-1,WAIT_RELEASE,0,0,0,400000000000,-1,0
0.07084,3,-1,WAIT_RELEASE,0,0,0,400000000000,-1,0
0.07086,0,0,INJECTING,2412328968,2412168080,7510451818,320000000000,-1,0
0.07086,1,-1,WAIT_RELEASE,0,0,0,400000000000,-1,0
0.07086,2,-1,WAIT_RELEASE,0,0,0,400000000000,-1,0
0.07086,3,-1,WAIT_RELEASE,0,0,0,400000000000,-1,0
0.07088,0,0,INJECTING,2413121984,2412962048,7510451818,320000000000,-1,0
0.07088,1,-1,WAIT_RELEASE,0,0,0,400000000000,-1,0
0.07088,2,-1,WAIT_RELEASE,0,0,0,400000000000,-1,0
0.07088,3,-1,WAIT_RELEASE,0,0,0,400000000000,-1,0
0.0709,0,0,INJECTING,2413915000,2413755064,7510451818,320000000000,-1,0
0.0709,1,-1,WAIT_RELEASE,0,0,0,400000000000,-1,0
0.0709,2,-1,WAIT_RELEASE,0,0,0,400000000000,-1,0
0.0709,3,-1,WAIT_RELEASE,0,0,0,400000000000,-1,0
0.07092,0,0,INJECTING,2414708968,2414548080,7510451818,320000000000,-1,0
0.07092,1,-1,WAIT_RELEASE,0,0,0,400000000000,-1,0
0.07092,2,-1,WAIT_RELEASE,0,0,0,400000000000,-1,0
0.07092,3,-1,WAIT_RELEASE,0,0,0,400000000000,-1,0
0.07094,0,0,INJECTING,2415501984,2415342048,7510451818,320000000000,-1,0
0.07094,1,-1,WAIT_RELEASE,0,0,0,400000000000,-1,0
0.07094,2,-1,WAIT_RELEASE,0,0,0,400000000000,-1,0
0.07094,3,-1,WAIT_RELEASE,0,0,0,400000000000,-1,0
0.07096,0,0,INJECTING,2416295000,2416135064,7510451818,320000000000,-1,0
0.07096,1,-1,WAIT_RELEASE,0,0,0,400000000000,-1,0
0.07096,2,-1,WAIT_RELEASE,0,0,0,400000000000,-1,0
0.07096,3,-1,WAIT_RELEASE,0,0,0,400000000000,-1,0
0.07098,0,0,INJECTING,2417088968,2416928080,7510451818,320000000000,-1,0
0.07098,1,-1,WAIT_RELEASE,0,0,0,400000000000,-1,0
0.07098,2,-1,WAIT_RELEASE,0,0,0,400000000000,-1,0
0.07098,3,-1,WAIT_RELEASE,0,0,0,400000000000,-1,0
0.071,0,0,INJECTING,2417881984,2417722048,7510451818,320000000000,-1,0
0.071,1,-1,WAIT_RELEASE,0,0,0,400000000000,-1,0
0.071,2,-1,WAIT_RELEASE,0,0,0,400000000000,-1,0
0.071,3,-1,WAIT_RELEASE,0,0,0,400000000000,-1,0
0.07102,0,0,INJECTING,2418675000,2418515064,7510451818,320000000000,-1,0
0.07102,1,-1,WAIT_RELEASE,0,0,0,400000000000,-1,0
0.07102,2,-1,WAIT_RELEASE,0,0,0,400000000000,-1,0
0.07102,3,-1,WAIT_RELEASE,0,0,0,400000000000,-1,0
0.07104,0,0,INJECTING,2419468968,2419308080,7510451818,320000000000,-1,0
0.07104,1,-1,WAIT_RELEASE,0,0,0,400000000000,-1,0
0.07104,2,-1,WAIT_RELEASE,0,0,0,400000000000,-1,0
0.07104,3,-1,WAIT_RELEASE,0,0,0,400000000000,-1,0
0.07106,0,0,INJECTING,2420261984,2420102048,7510451818,320000000000,-1,0
0.07106,1,-1,WAIT_RELEASE,0,0,0,400000000000,-1,0
0.07106,2,-1,WAIT_RELEASE,0,0,0,400000000000,-1,0
0.07106,3,-1,WAIT_RELEASE,0,0,0,400000000000,-1,0
0.07108,0,0,INJECTING,2421055000,2420895064,7510451818,320000000000,-1,0
0.07108,1,-1,WAIT_RELEASE,0,0,0,400000000000,-1,0
0.07108,2,-1,WAIT_RELEASE,0,0,0,400000000000,-1,0
0.07108,3,-1,WAIT_RELEASE,0,0,0,400000000000,-1,0
0.0711,0,0,INJECTING,2421848968,2421688080,7510451818,320000000000,-1,0
0.0711,1,-1,WAIT_RELEASE,0,0,0,400000000000,-1,0
0.0711,2,-1,WAIT_RELEASE,0,0,0,400000000000,-1,0
0.0711,3,-1,WAIT_RELEASE,0,0,0,400000000000,-1,0
0.07112,0,0,INJECTING,2422641984,2422482048,7510451818,320000000000,-1,0
0.07112,1,-1,WAIT_RELEASE,0,0,0,400000000000,-1,0
0.07112,2,-1,WAIT_RELEASE,0,0,0,400000000000,-1,0
0.07112,3,-1,WAIT_RELEASE,0,0,0,400000000000,-1,0
0.07114,0,0,INJECTING,2423435000,2423275064,7510451818,320000000000,-1,0
0.07114,1,-1,WAIT_RELEASE,0,0,0,400000000000,-1,0
0.07114,2,-1,WAIT_RELEASE,0,0,0,400000000000,-1,0
0.07114,3,-1,WAIT_RELEASE,0,0,0,400000000000,-1,0
0.07116,0,0,INJECTING,2424228968,2424068080,7510451818,320000000000,-1,0
0.07116,1,-1,WAIT_RELEASE,0,0,0,400000000000,-1,0
0.07116,2,-1,WAIT_RELEASE,0,0,0,400000000000,-1,0
0.07116,3,-1,WAIT_RELEASE,0,0,0,400000000000,-1,0
0.07118,0,0,INJECTING,2425021984,2424862048,7510451818,320000000000,-1,0
0.07118,1,-1,WAIT_RELEASE,0,0,0,400000000000,-1,0
0.07118,2,-1,WAIT_RELEASE,0,0,0,400000000000,-1,0
0.07118,3,-1,WAIT_RELEASE,0,0,0,400000000000,-1,0
0.0712,0,0,INJECTING,2425815000,2425655064,7510451818,320000000000,-1,0
0.0712,1,-1,WAIT_RELEASE,0,0,0,400000000000,-1,0
0.0712,2,-1,WAIT_RELEASE,0,0,0,400000000000,-1,0
0.0712,3,-1,WAIT_RELEASE,0,0,0,400000000000,-1,0
0.07122,0,0,INJECTING,2426608968,2426448080,7510451818,320000000000,-1,0
0.07122,1,-1,WAIT_RELEASE,0,0,0,400000000000,-1,0
0.07122,2,-1,WAIT_RELEASE,0,0,0,400000000000,-1,0
0.07122,3,-1,WAIT_RELEASE,0,0,0,400000000000,-1,0
0.07124,0,0,INJECTING,2427401984,2427242048,7510451818,320000000000,-1,0
0.07124,1,-1,WAIT_RELEASE,0,0,0,400000000000,-1,0
0.07124,2,-1,WAIT_RELEASE,0,0,0,400000000000,-1,0
0.07124,3,-1,WAIT_RELEASE,0,0,0,400000000000,-1,0
0.07126,0,0,INJECTING,2428195000,2428035064,7510451818,320000000000,-1,0
0.07126,1,-1,WAIT_RELEASE,0,0,0,400000000000,-1,0
0.07126,2,-1,WAIT_RELEASE,0,0,0,400000000000,-1,0
0.07126,3,-1,WAIT_RELEASE,0,0,0,400000000000,-1,0
0.07128,0,0,INJECTING,2428988968,2428828080,7510451818,320000000000,-1,0
0.07128,1,-1,WAIT_RELEASE,0,0,0,400000000000,-1,0
0.07128,2,-1,WAIT_RELEASE,0,0,0,400000000000,-1,0
0.07128,3,-1,WAIT_RELEASE,0,0,0,400000000000,-1,0
0.0713,0,0,INJECTING,2429781984,2429622048,7510451818,320000000000,-1,0
0.0713,1,-1,WAIT_RELEASE,0,0,0,400000000000,-1,0
0.0713,2,-1,WAIT_RELEASE,0,0,0,400000000000,-1,0
0.0713,3,-1,WAIT_RELEASE,0,0,0,400000000000,-1,0
0.07132,0,0,INJECTING,2430575000,2430415064,7510451818,320000000000,-1,0
0.07132,1,-1,WAIT_RELEASE,0,0,0,400000000000,-1,0
0.07132,2,-1,WAIT_RELEASE,0,0,0,400000000000,-1,0
0.07132,3,-1,WAIT_RELEASE,0,0,0,400000000000,-1,0
0.07134,0,0,INJECTING,2431368968,2431208080,7510451818,320000000000,-1,0
0.07134,1,-1,WAIT_RELEASE,0,0,0,400000000000,-1,0
0.07134,2,-1,WAIT_RELEASE,0,0,0,400000000000,-1,0
0.07134,3,-1,WAIT_RELEASE,0,0,0,400000000000,-1,0
0.07136,0,0,INJECTING,2432161984,2432002048,7510451818,320000000000,-1,0
0.07136,1,-1,WAIT_RELEASE,0,0,0,400000000000,-1,0
0.07136,2,-1,WAIT_RELEASE,0,0,0,400000000000,-1,0
0.07136,3,-1,WAIT_RELEASE,0,0,0,400000000000,-1,0
0.07138,0,0,INJECTING,2432955000,2432795064,7510451818,320000000000,-1,0
0.07138,1,-1,WAIT_RELEASE,0,0,0,400000000000,-1,0
0.07138,2,-1,WAIT_RELEASE,0,0,0,400000000000,-1,0
0.07138,3,-1,WAIT_RELEASE,0,0,0,400000000000,-1,0
0.0714,0,0,INJECTING,2433748968,2433588080,7510451818,320000000000,-1,0
0.0714,1,-1,WAIT_RELEASE,0,0,0,400000000000,-1,0
0.0714,2,-1,WAIT_RELEASE,0,0,0,400000000000,-1,0
0.0714,3,-1,WAIT_RELEASE,0,0,0,400000000000,-1,0
0.07142,0,0,INJECTING,2434541984,2434382048,7510451818,320000000000,-1,0
0.07142,1,-1,WAIT_RELEASE,0,0,0,400000000000,-1,0
0.07142,2,-1,WAIT_RELEASE,0,0,0,400000000000,-1,0
0.07142,3,-1,WAIT_RELEASE,0,0,0,400000000000,-1,0
0.07144,0,0,INJECTING,2435335000,2435175064,7510451818,320000000000,-1,0
0.07144,1,-1,WAIT_RELEASE,0,0,0,400000000000,-1,0
0.07144,2,-1,WAIT_RELEASE,0,0,0,400000000000,-1,0
0.07144,3,-1,WAIT_RELEASE,0,0,0,400000000000,-1,0
0.07146,0,0,INJECTING,2436128968,2435968080,7510451818,320000000000,-1,0
0.07146,1,-1,WAIT_RELEASE,0,0,0,400000000000,-1,0
0.07146,2,-1,WAIT_RELEASE,0,0,0,400000000000,-1,0
0.07146,3,-1,WAIT_RELEASE,0,0,0,400000000000,-1,0
0.07148,0,0,INJECTING,2436921984,2436762048,7510451818,320000000000,-1,0
0.07148,1,-1,WAIT_RELEASE,0,0,0,400000000000,-1,0
0.07148,2,-1,WAIT_RELEASE,0,0,0,400000000000,-1,0
0.07148,3,-1,WAIT_RELEASE,0,0,0,400000000000,-1,0
0.0715,0,0,INJECTING,2437715000,2437555064,7510451818,320000000000,-1,0
0.0715,1,-1,WAIT_RELEASE,0,0,0,400000000000,-1,0
0.0715,2,-1,WAIT_RELEASE,0,0,0,400000000000,-1,0
0.0715,3,-1,WAIT_RELEASE,0,0,0,400000000000,-1,0
0.07152,0,0,INJECTING,2438508968,2438348080,7510451818,320000000000,-1,0
0.07152,1,-1,WAIT_RELEASE,0,0,0,400000000000,-1,0
0.07152,2,-1,WAIT_RELEASE,0,0,0,400000000000,-1,0
0.07152,3,-1,WAIT_RELEASE,0,0,0,400000000000,-1,0
0.07154,0,0,INJECTING,2439301984,2439142048,7510451818,320000000000,-1,0
0.07154,1,-1,WAIT_RELEASE,0,0,0,400000000000,-1,0
0.07154,2,-1,WAIT_RELEASE,0,0,0,400000000000,-1,0
0.07154,3,-1,WAIT_RELEASE,0,0,0,400000000000,-1,0
0.07156,0,0,INJECTING,2440095000,2439935064,7510451818,320000000000,-1,0
0.07156,1,-1,WAIT_RELEASE,0,0,0,400000000000,-1,0
0.07156,2,-1,WAIT_RELEASE,0,0,0,400000000000,-1,0
0.07156,3,-1,WAIT_RELEASE,0,0,0,400000000000,-1,0
0.07158,0,0,INJECTING,2440888968,2440728080,7510451818,320000000000,-1,0
0.07158,1,-1,WAIT_RELEASE,0,0,0,400000000000,-1,0
0.07158,2,-1,WAIT_RELEASE,0,0,0,400000000000,-1,0
0.07158,3,-1,WAIT_RELEASE,0,0,0,400000000000,-1,0
0.0716,0,0,INJECTING,2441681984,2441522048,7510451818,320000000000,-1,0
0.0716,1,-1,WAIT_RELEASE,0,0,0,400000000000,-1,0
0.0716,2,-1,WAIT_RELEASE,0,0,0,400000000000,-1,0
0.0716,3,-1,WAIT_RELEASE,0,0,0,400000000000,-1,0
0.07162,0,0,INJECTING,2442475000,2442315064,7510451818,320000000000,-1,0
0.07162,1,-1,WAIT_RELEASE,0,0,0,400000000000,-1,0
0.07162,2,-1,WAIT_RELEASE,0,0,0,400000000000,-1,0
0.07162,3,-1,WAIT_RELEASE,0,0,0,400000000000,-1,0
0.07164,0,0,INJECTING,2443268968,2443108080,7510451818,320000000000,-1,0
0.07164,1,-1,WAIT_RELEASE,0,0,0,400000000000,-1,0
0.07164,2,-1,WAIT_RELEASE,0,0,0,400000000000,-1,0
0.07164,3,-1,WAIT_RELEASE,0,0,0,400000000000,-1,0
0.07166,0,0,INJECTING,2444061984,2443902048,7510451818,320000000000,-1,0
0.07166,1,-1,WAIT_RELEASE,0,0,0,400000000000,-1,0
0.07166,2,-1,WAIT_RELEASE,0,0,0,400000000000,-1,0
0.07166,3,-1,WAIT_RELEASE,0,0,0,400000000000,-1,0
0.07168,0,0,INJECTING,2444855000,2444695064,7510451818,320000000000,-1,0
0.07168,1,-1,WAIT_RELEASE,0,0,0,400000000000,-1,0
0.07168,2,-1,WAIT_RELEASE,0,0,0,400000000000,-1,0
0.07168,3,-1,WAIT_RELEASE,0,0,0,400000000000,-1,0
0.0717,0,0,INJECTING,2445648968,2445488080,7510451818,320000000000,-1,0
0.0717,1,-1,WAIT_RELEASE,0,0,0,400000000000,-1,0
0.0717,2,-1,WAIT_RELEASE,0,0,0,400000000000,-1,0
0.0717,3,-1,WAIT_RELEASE,0,0,0,400000000000,-1,0
0.07172,0,0,INJECTING,2446441984,2446282048,7510451818,320000000000,-1,0
0.07172,1,-1,WAIT_RELEASE,0,0,0,400000000000,-1,0
0.07172,2,-1,WAIT_RELEASE,0,0,0,400000000000,-1,0
0.07172,3,-1,WAIT_RELEASE,0,0,0,400000000000,-1,0
0.07174,0,0,INJECTING,2447235000,2447075064,7510451818,320000000000,-1,0
0.07174,1,-1,WAIT_RELEASE,0,0,0,400000000000,-1,0
0.07174,2,-1,WAIT_RELEASE,0,0,0,400000000000,-1,0
0.07174,3,-1,WAIT_RELEASE,0,0,0,400000000000,-1,0
0.07176,0,0,INJECTING,2448028968,2447868080,7510451818,320000000000,-1,0
0.07176,1,-1,WAIT_RELEASE,0,0,0,400000000000,-1,0
0.07176,2,-1,WAIT_RELEASE,0,0,0,400000000000,-1,0
0.07176,3,-1,WAIT_RELEASE,0,0,0,400000000000,-1,0
0.07178,0,0,INJECTING,2448821984,2448662048,7510451818,320000000000,-1,0
0.07178,1,-1,WAIT_RELEASE,0,0,0,400000000000,-1,0
0.07178,2,-1,WAIT_RELEASE,0,0,0,400000000000,-1,0
0.07178,3,-1,WAIT_RELEASE,0,0,0,400000000000,-1,0
0.0718,0,0,INJECTING,2449615000,2449455064,7510451818,320000000000,-1,0
0.0718,1,-1,WAIT_RELEASE,0,0,0,400000000000,-1,0
0.0718,2,-1,WAIT_RELEASE,0,0,0,400000000000,-1,0
0.0718,3,-1,WAIT_RELEASE,0,0,0,400000000000,-1,0
0.07182,0,0,INJECTING,2450408968,2450248080,7510451818,320000000000,-1,0
0.07182,1,-1,WAIT_RELEASE,0,0,0,400000000000,-1,0
0.07182,2,-1,WAIT_RELEASE,0,0,0,400000000000,-1,0
0.07182,3,-1,WAIT_RELEASE,0,0,0,400000000000,-1,0
0.07184,0,0,INJECTING,2451201984,2451042048,7510451818,320000000000,-1,0
0.07184,1,-1,WAIT_RELEASE,0,0,0,400000000000,-1,0
0.07184,2,-1,WAIT_RELEASE,0,0,0,400000000000,-1,0
0.07184,3,-1,WAIT_RELEASE,0,0,0,400000000000,-1,0
0.07186,0,0,INJECTING,2451995000,2451835064,7510451818,320000000000,-1,0
0.07186,1,-1,WAIT_RELEASE,0,0,0,400000000000,-1,0
0.07186,2,-1,WAIT_RELEASE,0,0,0,400000000000,-1,0
0.07186,3,-1,WAIT_RELEASE,0,0,0,400000000000,-1,0
0.07188,0,0,INJECTING,2452788968,2452628080,7510451818,320000000000,-1,0
0.07188,1,-1,WAIT_RELEASE,0,0,0,400000000000,-1,0
0.07188,2,-1,WAIT_RELEASE,0,0,0,400000000000,-1,0
0.07188,3,-1,WAIT_RELEASE,0,0,0,400000000000,-1,0
0.0719,0,0,INJECTING,2453581984,2453422048,7510451818,320000000000,-1,0
0.0719,1,-1,WAIT_RELEASE,0,0,0,400000000000,-1,0
0.0719,2,-1,WAIT_RELEASE,0,0,0,400000000000,-1,0
0.0719,3,-1,WAIT_RELEASE,0,0,0,400000000000,-1,0
0.07192,0,0,INJECTING,2454375000,2454215064,7510451818,320000000000,-1,0
0.07192,1,-1,WAIT_RELEASE,0,0,0,400000000000,-1,0
0.07192,2,-1,WAIT_RELEASE,0,0,0,400000000000,-1,0
0.07192,3,-1,WAIT_RELEASE,0,0,0,400000000000,-1,0
0.07194,0,0,INJECTING,2455168968,2455008080,7510451818,320000000000,-1,0
0.07194,1,-1,WAIT_RELEASE,0,0,0,400000000000,-1,0
0.07194,2,-1,WAIT_RELEASE,0,0,0,400000000000,-1,0
0.07194,3,-1,WAIT_RELEASE,0,0,0,400000000000,-1,0
0.07196,0,0,INJECTING,2455961984,2455802048,7510451818,320000000000,-1,0
0.07196,1,-1,WAIT_RELEASE,0,0,0,400000000000,-1,0
0.07196,2,-1,WAIT_RELEASE,0,0,0,400000000000,-1,0
0.07196,3,-1,WAIT_RELEASE,0,0,0,400000000000,-1,0
0.07198,0,0,INJECTING,2456755000,2456595064,7510451818,320000000000,-1,0
0.07198,1,-1,WAIT_RELEASE,0,0,0,400000000000,-1,0
0.07198,2,-1,WAIT_RELEASE,0,0,0,400000000000,-1,0
0.07198,3,-1,WAIT_RELEASE,0,0,0,400000000000,-1,0
0.072,0,0,INJECTING,2457548968,2457388080,7510451818,320000000000,-1,0
0.072,1,-1,WAIT_RELEASE,0,0,0,400000000000,-1,0
0.072,2,-1,WAIT_RELEASE,0,0,0,400000000000,-1,0
0.072,3,-1,WAIT_RELEASE,0,0,0,400000000000,-1,0
0.07202,0,0,INJECTING,2458341984,2458182048,7510451818,320000000000,-1,0
0.07202,1,-1,WAIT_RELEASE,0,0,0,400000000000,-1,0
0.07202,2,-1,WAIT_RELEASE,0,0,0,400000000000,-1,0
0.07202,3,-1,WAIT_RELEASE,0,0,0,400000000000,-1,0
0.07204,0,0,INJECTING,2459135000,2458975064,7510451818,320000000000,-1,0
0.07204,1,-1,WAIT_RELEASE,0,0,0,400000000000,-1,0
0.07204,2,-1,WAIT_RELEASE,0,0,0,400000000000,-1,0
0.07204,3,-1,WAIT_RELEASE,0,0,0,400000000000,-1,0
0.07206,0,0,INJECTING,2459928968,2459768080,7510451818,320000000000,-1,0
0.07206,1,-1,WAIT_RELEASE,0,0,0,400000000000,-1,0
0.07206,2,-1,WAIT_RELEASE,0,0,0,400000000000,-1,0
0.07206,3,-1,WAIT_RELEASE,0,0,0,400000000000,-1,0
0.07208,0,0,INJECTING,2460721984,2460562048,7510451818,320000000000,-1,0
0.07208,1,-1,WAIT_RELEASE,0,0,0,400000000000,-1,0
0.07208,2,-1,WAIT_RELEASE,0,0,0,400000000000,-1,0
0.07208,3,-1,WAIT_RELEASE,0,0,0,400000000000,-1,0
0.0721,0,0,INJECTING,2461515000,2461355064,7510451818,320000000000,-1,0
0.0721,1,-1,WAIT_RELEASE,0,0,0,400000000000,-1,0
0.0721,2,-1,WAIT_RELEASE,0,0,0,400000000000,-1,0
0.0721,3,-1,WAIT_RELEASE,0,0,0,400000000000,-1,0
0.07212,0,0,INJECTING,2462308968,2462148080,7510451818,320000000000,-1,0
0.07212,1,-1,WAIT_RELEASE,0,0,0,400000000000,-1,0
0.07212,2,-1,WAIT_RELEASE,0,0,0,400000000000,-1,0
0.07212,3,-1,WAIT_RELEASE,0,0,0,400000000000,-1,0
0.07214,0,0,INJECTING,2463101984,2462942048,7510451818,320000000000,-1,0
0.07214,1,-1,WAIT_RELEASE,0,0,0,400000000000,-1,0
0.07214,2,-1,WAIT_RELEASE,0,0,0,400000000000,-1,0
0.07214,3,-1,WAIT_RELEASE,0,0,0,400000000000,-1,0
0.07216,0,0,INJECTING,2463895000,2463735064,7510451818,320000000000,-1,0
0.07216,1,-1,WAIT_RELEASE,0,0,0,400000000000,-1,0
0.07216,2,-1,WAIT_RELEASE,0,0,0,400000000000,-1,0
0.07216,3,-1,WAIT_RELEASE,0,0,0,400000000000,-1,0
0.07218,0,0,INJECTING,2464688968,2464528080,7510451818,320000000000,-1,0
0.07218,1,-1,WAIT_RELEASE,0,0,0,400000000000,-1,0
0.07218,2,-1,WAIT_RELEASE,0,0,0,400000000000,-1,0
0.07218,3,-1,WAIT_RELEASE,0,0,0,400000000000,-1,0
0.0722,0,0,INJECTING,2465481984,2465322048,7510451818,320000000000,-1,0
0.0722,1,-1,WAIT_RELEASE,0,0,0,400000000000,-1,0
0.0722,2,-1,WAIT_RELEASE,0,0,0,400000000000,-1,0
0.0722,3,-1,WAIT_RELEASE,0,0,0,400000000000,-1,0
0.07222,0,0,INJECTING,2466275000,2466115064,7510451818,320000000000,-1,0
0.07222,1,-1,WAIT_RELEASE,0,0,0,400000000000,-1,0
0.07222,2,-1,WAIT_RELEASE,0,0,0,400000000000,-1,0
0.07222,3,-1,WAIT_RELEASE,0,0,0,400000000000,-1,0
0.07224,0,0,INJECTING,2467068968,2466908080,7510451818,320000000000,-1,0
0.07224,1,-1,WAIT_RELEASE,0,0,0,400000000000,-1,0
0.07224,2,-1,WAIT_RELEASE,0,0,0,400000000000,-1,0
0.07224,3,-1,WAIT_RELEASE,0,0,0,400000000000,-1,0
0.07226,0,0,INJECTING,2467861984,2467702048,7510451818,320000000000,-1,0
0.07226,1,-1,WAIT_RELEASE,0,0,0,400000000000,-1,0
0.07226,2,-1,WAIT_RELEASE,0,0,0,400000000000,-1,0
0.07226,3,-1,WAIT_RELEASE,0,0,0,400000000000,-1,0
0.07228,0,0,INJECTING,2468655000,2468495064,7510451818,320000000000,-1,0
0.07228,1,-1,WAIT_RELEASE,0,0,0,400000000000,-1,0
0.07228,2,-1,WAIT_RELEASE,0,0,0,400000000000,-1,0
0.07228,3,-1,WAIT_RELEASE,0,0,0,400000000000,-1,0
0.0723,0,0,INJECTING,2469448968,2469288080,7510451818,320000000000,-1,0
0.0723,1,-1,WAIT_RELEASE,0,0,0,400000000000,-1,0
0.0723,2,-1,WAIT_RELEASE,0,0,0,400000000000,-1,0
0.0723,3,-1,WAIT_RELEASE,0,0,0,400000000000,-1,0
0.07232,0,0,INJECTING,2470241984,2470082048,7510451818,320000000000,-1,0
0.07232,1,-1,WAIT_RELEASE,0,0,0,400000000000,-1,0
0.07232,2,-1,WAIT_RELEASE,0,0,0,400000000000,-1,0
0.07232,3,-1,WAIT_RELEASE,0,0,0,400000000000,-1,0
0.07234,0,0,INJECTING,2471035000,2470875064,7510451818,320000000000,-1,0
0.07234,1,-1,WAIT_RELEASE,0,0,0,400000000000,-1,0
0.07234,2,-1,WAIT_RELEASE,0,0,0,400000000000,-1,0
0.07234,3,-1,WAIT_RELEASE,0,0,0,400000000000,-1,0
0.07236,0,0,INJECTING,2471828968,2471668080,7510451818,320000000000,-1,0
0.07236,1,-1,WAIT_RELEASE,0,0,0,400000000000,-1,0
0.07236,2,-1,WAIT_RELEASE,0,0,0,400000000000,-1,0
0.07236,3,-1,WAIT_RELEASE,0,0,0,400000000000,-1,0
0.07238,0,0,INJECTING,2472621984,2472462048,7510451818,320000000000,-1,0
0.07238,1,-1,WAIT_RELEASE,0,0,0,400000000000,-1,0
0.07238,2,-1,WAIT_RELEASE,0,0,0,400000000000,-1,0
0.07238,3,-1,WAIT_RELEASE,0,0,0,400000000000,-1,0
0.0724,0,0,INJECTING,2473415000,2473255064,7510451818,320000000000,-1,0
0.0724,1,-1,WAIT_RELEASE,0,0,0,400000000000,-1,0
0.0724,2,-1,WAIT_RELEASE,0,0,0,400000000000,-1,0
0.0724,3,-1,WAIT_RELEASE,0,0,0,400000000000,-1,0
0.07242,0,0,INJECTING,2474208968,2474048080,7510451818,320000000000,-1,0
0.07242,1,-1,WAIT_RELEASE,0,0,0,400000000000,-1,0
0.07242,2,-1,WAIT_RELEASE,0,0,0,400000000000,-1,0
0.07242,3,-1,WAIT_RELEASE,0,0,0,400000000000,-1,0
0.07244,0,0,INJECTING,2475001984,2474842048,7510451818,320000000000,-1,0
0.07244,1,-1,WAIT_RELEASE,0,0,0,400000000000,-1,0
0.07244,2,-1,WAIT_RELEASE,0,0,0,400000000000,-1,0
0.07244,3,-1,WAIT_RELEASE,0,0,0,400000000000,-1,0
0.07246,0,0,INJECTING,2475795000,2475635064,7510451818,320000000000,-1,0
0.07246,1,-1,WAIT_RELEASE,0,0,0,400000000000,-1,0
0.07246,2,-1,WAIT_RELEASE,0,0,0,400000000000,-1,0
0.07246,3,-1,WAIT_RELEASE,0,0,0,400000000000,-1,0
0.07248,0,0,INJECTING,2476588968,2476428080,7510451818,320000000000,-1,0
0.07248,1,-1,WAIT_RELEASE,0,0,0,400000000000,-1,0
0.07248,2,-1,WAIT_RELEASE,0,0,0,400000000000,-1,0
0.07248,3,-1,WAIT_RELEASE,0,0,0,400000000000,-1,0
0.0725,0,0,INJECTING,2477381984,2477222048,7510451818,320000000000,-1,0
0.0725,1,-1,WAIT_RELEASE,0,0,0,400000000000,-1,0
0.0725,2,-1,WAIT_RELEASE,0,0,0,400000000000,-1,0
0.0725,3,-1,WAIT_RELEASE,0,0,0,400000000000,-1,0
0.07252,0,0,INJECTING,2478175000,2478015064,7510451818,320000000000,-1,0
0.07252,1,-1,WAIT_RELEASE,0,0,0,400000000000,-1,0
0.07252,2,-1,WAIT_RELEASE,0,0,0,400000000000,-1,0
0.07252,3,-1,WAIT_RELEASE,0,0,0,400000000000,-1,0
0.07254,0,0,INJECTING,2478968968,2478808080,7510451818,320000000000,-1,0
0.07254,1,-1,WAIT_RELEASE,0,0,0,400000000000,-1,0
0.07254,2,-1,WAIT_RELEASE,0,0,0,400000000000,-1,0
0.07254,3,-1,WAIT_RELEASE,0,0,0,400000000000,-1,0
0.07256,0,0,INJECTING,2479761984,2479602048,7510451818,320000000000,-1,0
0.07256,1,-1,WAIT_RELEASE,0,0,0,400000000000,-1,0
0.07256,2,-1,WAIT_RELEASE,0,0,0,400000000000,-1,0
0.07256,3,-1,WAIT_RELEASE,0,0,0,400000000000,-1,0
0.07258,0,0,INJECTING,2480555000,2480395064,7510451818,320000000000,-1,0
0.07258,1,-1,WAIT_RELEASE,0,0,0,400000000000,-1,0
0.07258,2,-1,WAIT_RELEASE,0,0,0,400000000000,-1,0
0.07258,3,-1,WAIT_RELEASE,0,0,0,400000000000,-1,0
0.0726,0,0,INJECTING,2481348968,2481188080,7510451818,320000000000,-1,0
0.0726,1,-1,WAIT_RELEASE,0,0,0,400000000000,-1,0
0.0726,2,-1,WAIT_RELEASE,0,0,0,400000000000,-1,0
0.0726,3,-1,WAIT_RELEASE,0,0,0,400000000000,-1,0
0.07262,0,0,INJECTING,2482141984,2481982048,7510451818,320000000000,-1,0
0.07262,1,-1,WAIT_RELEASE,0,0,0,400000000000,-1,0
0.07262,2,-1,WAIT_RELEASE,0,0,0,400000000000,-1,0
0.07262,3,-1,WAIT_RELEASE,0,0,0,400000000000,-1,0
0.07264,0,0,INJECTING,2482935000,2482775064,7510451818,320000000000,-1,0
0.07264,1,-1,WAIT_RELEASE,0,0,0,400000000000,-1,0
0.07264,2,-1,WAIT_RELEASE,0,0,0,400000000000,-1,0
0.07264,3,-1,WAIT_RELEASE,0,0,0,400000000000,-1,0
0.07266,0,0,INJECTING,2483728968,2483568080,7510451818,320000000000,-1,0
0.07266,1,-1,WAIT_RELEASE,0,0,0,400000000000,-1,0
0.07266,2,-1,WAIT_RELEASE,0,0,0,400000000000,-1,0
0.07266,3,-1,WAIT_RELEASE,0,0,0,400000000000,-1,0
0.07268,0,0,INJECTING,2484521984,2484362048,7510451818,320000000000,-1,0
0.07268,1,-1,WAIT_RELEASE,0,0,0,400000000000,-1,0
0.07268,2,-1,WAIT_RELEASE,0,0,0,400000000000,-1,0
0.07268,3,-1,WAIT_RELEASE,0,0,0,400000000000,-1,0
0.0727,0,0,INJECTING,2485315000,2485155064,7510451818,320000000000,-1,0
0.0727,1,-1,WAIT_RELEASE,0,0,0,400000000000,-1,0
0.0727,2,-1,WAIT_RELEASE,0,0,0,400000000000,-1,0
0.0727,3,-1,WAIT_RELEASE,0,0,0,400000000000,-1,0
0.07272,0,0,INJECTING,2486108968,2485948080,7510451818,320000000000,-1,0
0.07272,1,-1,WAIT_RELEASE,0,0,0,400000000000,-1,0
0.07272,2,-1,WAIT_RELEASE,0,0,0,400000000000,-1,0
0.07272,3,-1,WAIT_RELEASE,0,0,0,400000000000,-1,0
0.07274,0,0,INJECTING,2486901984,2486742048,7510451818,320000000000,-1,0
0.07274,1,-1,WAIT_RELEASE,0,0,0,400000000000,-1,0
0.07274,2,-1,WAIT_RELEASE,0,0,0,400000000000,-1,0
0.07274,3,-1,WAIT_RELEASE,0,0,0,400000000000,-1,0
0.07276,0,0,INJECTING,2487695000,2487535064,7510451818,320000000000,-1,0
0.07276,1,-1,WAIT_RELEASE,0,0,0,400000000000,-1,0
0.07276,2,-1,WAIT_RELEASE,0,0,0,400000000000,-1,0
0.07276,3,-1,WAIT_RELEASE,0,0,0,400000000000,-1,0
0.07278,0,0,INJECTING,2488488968,2488328080,7510451818,320000000000,-1,0
0.07278,1,-1,WAIT_RELEASE,0,0,0,400000000000,-1,0
0.07278,2,-1,WAIT_RELEASE,0,0,0,400000000000,-1,0
0.07278,3,-1,WAIT_RELEASE,0,0,0,400000000000,-1,0
0.0728,0,0,INJECTING,2489281984,2489122048,7510451818,320000000000,-1,0
0.0728,1,-1,WAIT_RELEASE,0,0,0,400000000000,-1,0
0.0728,2,-1,WAIT_RELEASE,0,0,0,400000000000,-1,0
0.0728,3,-1,WAIT_RELEASE,0,0,0,400000000000,-1,0
0.07282,0,0,INJECTING,2490075000,2489915064,7510451818,320000000000,-1,0
0.07282,1,-1,WAIT_RELEASE,0,0,0,400000000000,-1,0
0.07282,2,-1,WAIT_RELEASE,0,0,0,400000000000,-1,0
0.07282,3,-1,WAIT_RELEASE,0,0,0,400000000000,-1,0
0.07284,0,0,INJECTING,2490868968,2490708080,7510451818,320000000000,-1,0
0.07284,1,-1,WAIT_RELEASE,0,0,0,400000000000,-1,0
0.07284,2,-1,WAIT_RELEASE,0,0,0,400000000000,-1,0
0.07284,3,-1,WAIT_RELEASE,0,0,0,400000000000,-1,0
0.07286,0,0,INJECTING,2491661984,2491502048,7510451818,320000000000,-1,0
0.07286,1,-1,WAIT_RELEASE,0,0,0,400000000000,-1,0
0.07286,2,-1,WAIT_RELEASE,0,0,0,400000000000,-1,0
0.07286,3,-1,WAIT_RELEASE,0,0,0,400000000000,-1,0
0.07288,0,0,INJECTING,2492455000,2492295064,7510451818,320000000000,-1,0
0.07288,1,-1,WAIT_RELEASE,0,0,0,400000000000,-1,0
0.07288,2,-1,WAIT_RELEASE,0,0,0,400000000000,-1,0
0.07288,3,-1,WAIT_RELEASE,0,0,0,400000000000,-1,0
0.0729,0,0,INJECTING,2493248968,2493088080,7510451818,320000000000,-1,0
0.0729,1,-1,WAIT_RELEASE,0,0,0,400000000000,-1,0
0.0729,2,-1,WAIT_RELEASE,0,0,0,400000000000,-1,0
0.0729,3,-1,WAIT_RELEASE,0,0,0,400000000000,-1,0
0.07292,0,0,INJECTING,2494041984,2493882048,7510451818,320000000000,-1,0
0.07292,1,-1,WAIT_RELEASE,0,0,0,400000000000,-1,0
0.07292,2,-1,WAIT_RELEASE,0,0,0,400000000000,-1,0
0.07292,3,-1,WAIT_RELEASE,0,0,0,400000000000,-1,0
0.07294,0,0,INJECTING,2494835000,2494675064,7510451818,320000000000,-1,0
0.07294,1,-1,WAIT_RELEASE,0,0,0,400000000000,-1,0
0.07294,2,-1,WAIT_RELEASE,0,0,0,400000000000,-1,0
0.07294,3,-1,WAIT_RELEASE,0,0,0,400000000000,-1,0
0.07296,0,0,INJECTING,2495628968,2495468080,7510451818,320000000000,-1,0
0.07296,1,-1,WAIT_RELEASE,0,0,0,400000000000,-1,0
0.07296,2,-1,WAIT_RELEASE,0,0,0,400000000000,-1,0
0.07296,3,-1,WAIT_RELEASE,0,0,0,400000000000,-1,0
0.07298,0,0,INJECTING,2496421984,2496262048,7510451818,320000000000,-1,0
0.07298,1,-1,WAIT_RELEASE,0,0,0,400000000000,-1,0
0.07298,2,-1,WAIT_RELEASE,0,0,0,400000000000,-1,0
0.07298,3,-1,WAIT_RELEASE,0,0,0,400000000000,-1,0
0.073,0,0,INJECTING,2497215000,2497055064,7510451818,320000000000,-1,0
0.073,1,-1,WAIT_RELEASE,0,0,0,400000000000,-1,0
0.073,2,-1,WAIT_RELEASE,0,0,0,400000000000,-1,0
0.073,3,-1,WAIT_RELEASE,0,0,0,400000000000,-1,0
0.07302,0,0,INJECTING,2498008968,2497848080,7510451818,320000000000,-1,0
0.07302,1,-1,WAIT_RELEASE,0,0,0,400000000000,-1,0
0.07302,2,-1,WAIT_RELEASE,0,0,0,400000000000,-1,0
0.07302,3,-1,WAIT_RELEASE,0,0,0,400000000000,-1,0
0.07304,0,0,INJECTING,2498801984,2498642048,7510451818,320000000000,-1,0
0.07304,1,-1,WAIT_RELEASE,0,0,0,400000000000,-1,0
0.07304,2,-1,WAIT_RELEASE,0,0,0,400000000000,-1,0
0.07304,3,-1,WAIT_RELEASE,0,0,0,400000000000,-1,0
0.07306,0,0,INJECTING,2499595000,2499435064,7510451818,320000000000,-1,0
0.07306,1,-1,WAIT_RELEASE,0,0,0,400000000000,-1,0
0.07306,2,-1,WAIT_RELEASE,0,0,0,400000000000,-1,0
0.07306,3,-1,WAIT_RELEASE,0,0,0,400000000000,-1,0
0.07308,0,0,INJECTING,2500388968,2500228080,7510451818,320000000000,-1,0
0.07308,1,-1,WAIT_RELEASE,0,0,0,400000000000,-1,0
0.07308,2,-1,WAIT_RELEASE,0,0,0,400000000000,-1,0
0.07308,3,-1,WAIT_RELEASE,0,0,0,400000000000,-1,0
0.0731,0,0,INJECTING,2501181984,2501022048,7510451818,320000000000,-1,0
0.0731,1,-1,WAIT_RELEASE,0,0,0,400000000000,-1,0
0.0731,2,-1,WAIT_RELEASE,0,0,0,400000000000,-1,0
0.0731,3,-1,WAIT_RELEASE,0,0,0,400000000000,-1,0
0.07312,0,0,INJECTING,2501975000,2501815064,7510451818,320000000000,-1,0
0.07312,1,-1,WAIT_RELEASE,0,0,0,400000000000,-1,0
0.07312,2,-1,WAIT_RELEASE,0,0,0,400000000000,-1,0
0.07312,3,-1,WAIT_RELEASE,0,0,0,400000000000,-1,0
0.07314,0,0,INJECTING,2502768968,2502608080,7510451818,320000000000,-1,0
0.07314,1,-1,WAIT_RELEASE,0,0,0,400000000000,-1,0
0.07314,2,-1,WAIT_RELEASE,0,0,0,400000000000,-1,0
0.07314,3,-1,WAIT_RELEASE,0,0,0,400000000000,-1,0
0.07316,0,0,INJECTING,2503561984,2503402048,7510451818,320000000000,-1,0
0.07316,1,-1,WAIT_RELEASE,0,0,0,400000000000,-1,0
0.07316,2,-1,WAIT_RELEASE,0,0,0,400000000000,-1,0
0.07316,3,-1,WAIT_RELEASE,0,0,0,400000000000,-1,0
0.07318,0,0,INJECTING,2504355000,2504195064,7510451818,320000000000,-1,0
0.07318,1,-1,WAIT_RELEASE,0,0,0,400000000000,-1,0
0.07318,2,-1,WAIT_RELEASE,0,0,0,400000000000,-1,0
0.07318,3,-1,WAIT_RELEASE,0,0,0,400000000000,-1,0
0.0732,0,0,INJECTING,2505148968,2504988080,7510451818,320000000000,-1,0
0.0732,1,-1,WAIT_RELEASE,0,0,0,400000000000,-1,0
0.0732,2,-1,WAIT_RELEASE,0,0,0,400000000000,-1,0
0.0732,3,-1,WAIT_RELEASE,0,0,0,400000000000,-1,0
0.07322,0,0,INJECTING,2505941984,2505782048,7510451818,320000000000,-1,0
0.07322,1,-1,WAIT_RELEASE,0,0,0,400000000000,-1,0
0.07322,2,-1,WAIT_RELEASE,0,0,0,400000000000,-1,0
0.07322,3,-1,WAIT_RELEASE,0,0,0,400000000000,-1,0
0.07324,0,0,INJECTING,2506735000,2506575064,7510451818,320000000000,-1,0
0.07324,1,-1,WAIT_RELEASE,0,0,0,400000000000,-1,0
0.07324,2,-1,WAIT_RELEASE,0,0,0,400000000000,-1,0
0.07324,3,-1,WAIT_RELEASE,0,0,0,400000000000,-1,0
0.07326,0,0,INJECTING,2507528968,2507368080,7510451818,320000000000,-1,0
0.07326,1,-1,WAIT_RELEASE,0,0,0,400000000000,-1,0
0.07326,2,-1,WAIT_RELEASE,0,0,0,400000000000,-1,0
0.07326,3,-1,WAIT_RELEASE,0,0,0,400000000000,-1,0
0.07328,0,0,INJECTING,2508321984,2508162048,7510451818,320000000000,-1,0
0.07328,1,-1,WAIT_RELEASE,0,0,0,400000000000,-1,0
0.07328,2,-1,WAIT_RELEASE,0,0,0,400000000000,-1,0
0.07328,3,-1,WAIT_RELEASE,0,0,0,400000000000,-1,0
0.0733,0,0,INJECTING,2509115000,2508955064,7510451818,320000000000,-1,0
0.0733,1,-1,WAIT_RELEASE,0,0,0,400000000000,-1,0
0.0733,2,-1,WAIT_RELEASE,0,0,0,400000000000,-1,0
0.0733,3,-1,WAIT_RELEASE,0,0,0,400000000000,-1,0
0.07332,0,0,INJECTING,2509908968,2509748080,7510451818,320000000000,-1,0
0.07332,1,-1,WAIT_RELEASE,0,0,0,400000000000,-1,0
0.07332,2,-1,WAIT_RELEASE,0,0,0,400000000000,-1,0
0.07332,3,-1,WAIT_RELEASE,0,0,0,400000000000,-1,0
0.07334,0,0,INJECTING,2510701984,2510542048,7510451818,320000000000,-1,0
0.07334,1,-1,WAIT_RELEASE,0,0,0,400000000000,-1,0
0.07334,2,-1,WAIT_RELEASE,0,0,0,400000000000,-1,0
0.07334,3,-1,WAIT_RELEASE,0,0,0,400000000000,-1,0
0.07336,0,0,INJECTING,2511495000,2511335064,7510451818,320000000000,-1,0
0.07336,1,-1,WAIT_RELEASE,0,0,0,400000000000,-1,0
0.07336,2,-1,WAIT_RELEASE,0,0,0,400000000000,-1,0
0.07336,3,-1,WAIT_RELEASE,0,0,0,400000000000,-1,0
0.07338,0,0,INJECTING,2512288968,2512128080,7510451818,320000000000,-1,0
0.07338,1,-1,WAIT_RELEASE,0,0,0,400000000000,-1,0
0.07338,2,-1,WAIT_RELEASE,0,0,0,400000000000,-1,0
0.07338,3,-1,WAIT_RELEASE,0,0,0,400000000000,-1,0
0.0734,0,0,INJECTING,2513081984,2512922048,7510451818,320000000000,-1,0
0.0734,1,-1,WAIT_RELEASE,0,0,0,400000000000,-1,0
0.0734,2,-1,WAIT_RELEASE,0,0,0,400000000000,-1,0
0.0734,3,-1,WAIT_RELEASE,0,0,0,400000000000,-1,0
0.07342,0,0,INJECTING,2513875000,2513715064,7510451818,320000000000,-1,0
0.07342,1,-1,WAIT_RELEASE,0,0,0,400000000000,-1,0
0.07342,2,-1,WAIT_RELEASE,0,0,0,400000000000,-1,0
0.07342,3,-1,WAIT_RELEASE,0,0,0,400000000000,-1,0
0.07344,0,0,INJECTING,2514668968,2514508080,7510451818,320000000000,-1,0
0.07344,1,-1,WAIT_RELEASE,0,0,0,400000000000,-1,0
0.07344,2,-1,WAIT_RELEASE,0,0,0,400000000000,-1,0
0.07344,3,-1,WAIT_RELEASE,0,0,0,400000000000,-1,0
0.07346,0,0,INJECTING,2515461984,2515302048,7510451818,320000000000,-1,0
0.07346,1,-1,WAIT_RELEASE,0,0,0,400000000000,-1,0
0.07346,2,-1,WAIT_RELEASE,0,0,0,400000000000,-1,0
0.07346,3,-1,WAIT_RELEASE,0,0,0,400000000000,-1,0
0.07348,0,0,INJECTING,2516255000,2516095064,7510451818,320000000000,-1,0
0.07348,1,-1,WAIT_RELEASE,0,0,0,400000000000,-1,0
0.07348,2,-1,WAIT_RELEASE,0,0,0,400000000000,-1,0
0.07348,3,-1,WAIT_RELEASE,0,0,0,400000000000,-1,0
0.0735,0,0,INJECTING,2517048968,2516888080,7510451818,320000000000,-1,0
0.0735,1,-1,WAIT_RELEASE,0,0,0,400000000000,-1,0
0.0735,2,-1,WAIT_RELEASE,0,0,0,400000000000,-1,0
0.0735,3,-1,WAIT_RELEASE,0,0,0,400000000000,-1,0
0.07352,0,0,INJECTING,2517841984,2517682048,7510451818,320000000000,-1,0
0.07352,1,-1,WAIT_RELEASE,0,0,0,400000000000,-1,0
0.07352,2,-1,WAIT_RELEASE,0,0,0,400000000000,-1,0
0.07352,3,-1,WAIT_RELEASE,0,0,0,400000000000,-1,0
0.07354,0,0,INJECTING,2518635000,2518475064,7510451818,320000000000,-1,0
0.07354,1,-1,WAIT_RELEASE,0,0,0,400000000000,-1,0
0.07354,2,-1,WAIT_RELEASE,0,0,0,400000000000,-1,0
0.07354,3,-1,WAIT_RELEASE,0,0,0,400000000000,-1,0
0.07356,0,0,INJECTING,2519428968,2519268080,7510451818,320000000000,-1,0
0.07356,1,-1,WAIT_RELEASE,0,0,0,400000000000,-1,0
0.07356,2,-1,WAIT_RELEASE,0,0,0,400000000000,-1,0
0.07356,3,-1,WAIT_RELEASE,0,0,0,400000000000,-1,0
0.07358,0,0,INJECTING,2520221984,2520062048,7510451818,320000000000,-1,0
0.07358,1,-1,WAIT_RELEASE,0,0,0,400000000000,-1,0
0.07358,2,-1,WAIT_RELEASE,0,0,0,400000000000,-1,0
0.07358,3,-1,WAIT_RELEASE,0,0,0,400000000000,-1,0
0.0736,0,0,INJECTING,2521015000,2520855064,7510451818,320000000000,-1,0
0.0736,1,-1,WAIT_RELEASE,0,0,0,400000000000,-1,0
0.0736,2,-1,WAIT_RELEASE,0,0,0,400000000000,-1,0
0.0736,3,-1,WAIT_RELEASE,0,0,0,400000000000,-1,0
0.07362,0,0,INJECTING,2521808968,2521648080,7510451818,320000000000,-1,0
0.07362,1,-1,WAIT_RELEASE,0,0,0,400000000000,-1,0
0.07362,2,-1,WAIT_RELEASE,0,0,0,400000000000,-1,0
0.07362,3,-1,WAIT_RELEASE,0,0,0,400000000000,-1,0
0.07364,0,0,INJECTING,2522601984,2522442048,7510451818,320000000000,-1,0
0.07364,1,-1,WAIT_RELEASE,0,0,0,400000000000,-1,0
0.07364,2,-1,WAIT_RELEASE,0,0,0,400000000000,-1,0
0.07364,3,-1,WAIT_RELEASE,0,0,0,400000000000,-1,0
0.07366,0,0,INJECTING,2523395000,2523235064,7510451818,320000000000,-1,0
0.07366,1,-1,WAIT_RELEASE,0,0,0,400000000000,-1,0
0.07366,2,-1,WAIT_RELEASE,0,0,0,400000000000,-1,0
0.07366,3,-1,WAIT_RELEASE,0,0,0,400000000000,-1,0
0.07368,0,0,INJECTING,2524188968,2524028080,7510451818,320000000000,-1,0
0.07368,1,-1,WAIT_RELEASE,0,0,0,400000000000,-1,0
0.07368,2,-1,WAIT_RELEASE,0,0,0,400000000000,-1,0
0.07368,3,-1,WAIT_RELEASE,0,0,0,400000000000,-1,0
0.0737,0,0,INJECTING,2524981984,2524822048,7510451818,320000000000,-1,0
0.0737,1,-1,WAIT_RELEASE,0,0,0,400000000000,-1,0
0.0737,2,-1,WAIT_RELEASE,0,0,0,400000000000,-1,0
0.0737,3,-1,WAIT_RELEASE,0,0,0,400000000000,-1,0
0.07372,0,0,INJECTING,2525775000,2525615064,7510451818,320000000000,-1,0
0.07372,1,-1,WAIT_RELEASE,0,0,0,400000000000,-1,0
0.07372,2,-1,WAIT_RELEASE,0,0,0,400000000000,-1,0
0.07372,3,-1,WAIT_RELEASE,0,0,0,400000000000,-1,0
0.07374,0,0,INJECTING,2526568968,2526408080,7510451818,320000000000,-1,0
0.07374,1,-1,WAIT_RELEASE,0,0,0,400000000000,-1,0
0.07374,2,-1,WAIT_RELEASE,0,0,0,400000000000,-1,0
0.07374,3,-1,WAIT_RELEASE,0,0,0,400000000000,-1,0
0.07376,0,0,INJECTING,2527361984,2527202048,7510451818,320000000000,-1,0
0.07376,1,-1,WAIT_RELEASE,0,0,0,400000000000,-1,0
0.07376,2,-1,WAIT_RELEASE,0,0,0,400000000000,-1,0
0.07376,3,-1,WAIT_RELEASE,0,0,0,400000000000,-1,0
0.07378,0,0,INJECTING,2528155000,2527995064,7510451818,320000000000,-1,0
0.07378,1,-1,WAIT_RELEASE,0,0,0,400000000000,-1,0
0.07378,2,-1,WAIT_RELEASE,0,0,0,400000000000,-1,0
0.07378,3,-1,WAIT_RELEASE,0,0,0,400000000000,-1,0
0.0738,0,0,INJECTING,2528948968,2528788080,7510451818,320000000000,-1,0
0.0738,1,-1,WAIT_RELEASE,0,0,0,400000000000,-1,0
0.0738,2,-1,WAIT_RELEASE,0,0,0,400000000000,-1,0
0.0738,3,-1,WAIT_RELEASE,0,0,0,400000000000,-1,0
0.07382,0,0,INJECTING,2529741984,2529582048,7510451818,320000000000,-1,0
0.07382,1,-1,WAIT_RELEASE,0,0,0,400000000000,-1,0
0.07382,2,-1,WAIT_RELEASE,0,0,0,400000000000,-1,0
0.07382,3,-1,WAIT_RELEASE,0,0,0,400000000000,-1,0
0.07384,0,0,INJECTING,2530535000,2530375064,7510451818,320000000000,-1,0
0.07384,1,-1,WAIT_RELEASE,0,0,0,400000000000,-1,0
0.07384,2,-1,WAIT_RELEASE,0,0,0,400000000000,-1,0
0.07384,3,-1,WAIT_RELEASE,0,0,0,400000000000,-1,0
0.07386,0,0,INJECTING,2531328968,2531168080,7510451818,320000000000,-1,0
0.07386,1,-1,WAIT_RELEASE,0,0,0,400000000000,-1,0
0.07386,2,-1,WAIT_RELEASE,0,0,0,400000000000,-1,0
0.07386,3,-1,WAIT_RELEASE,0,0,0,400000000000,-1,0
0.07388,0,0,INJECTING,2532121984,2531962048,7510451818,320000000000,-1,0
0.07388,1,-1,WAIT_RELEASE,0,0,0,400000000000,-1,0
0.07388,2,-1,WAIT_RELEASE,0,0,0,400000000000,-1,0
0.07388,3,-1,WAIT_RELEASE,0,0,0,400000000000,-1,0
0.0739,0,0,INJECTING,2532915000,2532755064,7510451818,320000000000,-1,0
0.0739,1,-1,WAIT_RELEASE,0,0,0,400000000000,-1,0
0.0739,2,-1,WAIT_RELEASE,0,0,0,400000000000,-1,0
0.0739,3,-1,WAIT_RELEASE,0,0,0,400000000000,-1,0
0.07392,0,0,INJECTING,2533708968,2533548080,7510451818,320000000000,-1,0
0.07392,1,-1,WAIT_RELEASE,0,0,0,400000000000,-1,0
0.07392,2,-1,WAIT_RELEASE,0,0,0,400000000000,-1,0
0.07392,3,-1,WAIT_RELEASE,0,0,0,400000000000,-1,0
0.07394,0,0,INJECTING,2534501984,2534342048,7510451818,320000000000,-1,0
0.07394,1,-1,WAIT_RELEASE,0,0,0,400000000000,-1,0
0.07394,2,-1,WAIT_RELEASE,0,0,0,400000000000,-1,0
0.07394,3,-1,WAIT_RELEASE,0,0,0,400000000000,-1,0
0.07396,0,0,INJECTING,2535295000,2535135064,7510451818,320000000000,-1,0
0.07396,1,-1,WAIT_RELEASE,0,0,0,400000000000,-1,0
0.07396,2,-1,WAIT_RELEASE,0,0,0,400000000000,-1,0
0.07396,3,-1,WAIT_RELEASE,0,0,0,400000000000,-1,0
0.07398,0,0,INJECTING,2536088968,2535928080,7510451818,320000000000,-1,0
0.07398,1,-1,WAIT_RELEASE,0,0,0,400000000000,-1,0
0.07398,2,-1,WAIT_RELEASE,0,0,0,400000000000,-1,0
0.07398,3,-1,WAIT_RELEASE,0,0,0,400000000000,-1,0
0.074,0,0,INJECTING,2536881984,2536722048,7510451818,320000000000,-1,0
0.074,1,-1,WAIT_RELEASE,0,0,0,400000000000,-1,0
0.074,2,-1,WAIT_RELEASE,0,0,0,400000000000,-1,0
0.074,3,-1,WAIT_RELEASE,0,0,0,400000000000,-1,0
0.07402,0,0,INJECTING,2537675000,2537515064,7510451818,320000000000,-1,0
0.07402,1,-1,WAIT_RELEASE,0,0,0,400000000000,-1,0
0.07402,2,-1,WAIT_RELEASE,0,0,0,400000000000,-1,0
0.07402,3,-1,WAIT_RELEASE,0,0,0,400000000000,-1,0
0.07404,0,0,INJECTING,2538468968,2538308080,7510451818,320000000000,-1,0
0.07404,1,-1,WAIT_RELEASE,0,0,0,400000000000,-1,0
0.07404,2,-1,WAIT_RELEASE,0,0,0,400000000000,-1,0
0.07404,3,-1,WAIT_RELEASE,0,0,0,400000000000,-1,0
0.07406,0,0,INJECTING,2539261984,2539102048,7510451818,320000000000,-1,0
0.07406,1,-1,WAIT_RELEASE,0,0,0,400000000000,-1,0
0.07406,2,-1,WAIT_RELEASE,0,0,0,400000000000,-1,0
0.07406,3,-1,WAIT_RELEASE,0,0,0,400000000000,-1,0
0.07408,0,0,INJECTING,2540055000,2539895064,7510451818,320000000000,-1,0
0.07408,1,-1,WAIT_RELEASE,0,0,0,400000000000,-1,0
0.07408,2,-1,WAIT_RELEASE,0,0,0,400000000000,-1,0
0.07408,3,-1,WAIT_RELEASE,0,0,0,400000000000,-1,0
0.0741,0,0,INJECTING,2540848968,2540688080,7510451818,320000000000,-1,0
0.0741,1,-1,WAIT_RELEASE,0,0,0,400000000000,-1,0
0.0741,2,-1,WAIT_RELEASE,0,0,0,400000000000,-1,0
0.0741,3,-1,WAIT_RELEASE,0,0,0,400000000000,-1,0
0.07412,0,0,INJECTING,2541641984,2541482048,7510451818,320000000000,-1,0
0.07412,1,-1,WAIT_RELEASE,0,0,0,400000000000,-1,0
0.07412,2,-1,WAIT_RELEASE,0,0,0,400000000000,-1,0
0.07412,3,-1,WAIT_RELEASE,0,0,0,400000000000,-1,0
0.07414,0,0,INJECTING,2542435000,2542275064,7510451818,320000000000,-1,0
0.07414,1,-1,WAIT_RELEASE,0,0,0,400000000000,-1,0
0.07414,2,-1,WAIT_RELEASE,0,0,0,400000000000,-1,0
0.07414,3,-1,WAIT_RELEASE,0,0,0,400000000000,-1,0
0.07416,0,0,INJECTING,2543228968,2543068080,7510451818,320000000000,-1,0
0.07416,1,-1,WAIT_RELEASE,0,0,0,400000000000,-1,0
0.07416,2,-1,WAIT_RELEASE,0,0,0,400000000000,-1,0
0.07416,3,-1,WAIT_RELEASE,0,0,0,400000000000,-1,0
0.07418,0,0,INJECTING,2544021984,2543862048,7510451818,320000000000,-1,0
0.07418,1,-1,WAIT_RELEASE,0,0,0,400000000000,-1,0
0.07418,2,-1,WAIT_RELEASE,0,0,0,400000000000,-1,0
0.07418,3,-1,WAIT_RELEASE,0,0,0,400000000000,-1,0
0.0742,0,0,INJECTING,2544815000,2544655064,7510451818,320000000000,-1,0
0.0742,1,-1,WAIT_RELEASE,0,0,0,400000000000,-1,0
0.0742,2,-1,WAIT_RELEASE,0,0,0,400000000000,-1,0
0.0742,3,-1,WAIT_RELEASE,0,0,0,400000000000,-1,0
0.07422,0,0,INJECTING,2545608968,2545448080,7510451818,320000000000,-1,0
0.07422,1,-1,WAIT_RELEASE,0,0,0,400000000000,-1,0
0.07422,2,-1,WAIT_RELEASE,0,0,0,400000000000,-1,0
0.07422,3,-1,WAIT_RELEASE,0,0,0,400000000000,-1,0
0.07424,0,0,INJECTING,2546401984,2546242048,7510451818,320000000000,-1,0
0.07424,1,-1,WAIT_RELEASE,0,0,0,400000000000,-1,0
0.07424,2,-1,WAIT_RELEASE,0,0,0,400000000000,-1,0
0.07424,3,-1,WAIT_RELEASE,0,0,0,400000000000,-1,0
0.07426,0,0,INJECTING,2547195000,2547035064,7510451818,320000000000,-1,0
0.07426,1,-1,WAIT_RELEASE,0,0,0,400000000000,-1,0
0.07426,2,-1,WAIT_RELEASE,0,0,0,400000000000,-1,0
0.07426,3,-1,WAIT_RELEASE,0,0,0,400000000000,-1,0
0.07428,0,0,INJECTING,2547988968,2547828080,7510451818,320000000000,-1,0
0.07428,1,-1,WAIT_RELEASE,0,0,0,400000000000,-1,0
0.07428,2,-1,WAIT_RELEASE,0,0,0,400000000000,-1,0
0.07428,3,-1,WAIT_RELEASE,0,0,0,400000000000,-1,0
0.0743,0,0,INJECTING,2548781984,2548622048,7510451818,320000000000,-1,0
0.0743,1,-1,WAIT_RELEASE,0,0,0,400000000000,-1,0
0.0743,2,-1,WAIT_RELEASE,0,0,0,400000000000,-1,0
0.0743,3,-1,WAIT_RELEASE,0,0,0,400000000000,-1,0
0.07432,0,0,INJECTING,2549575000,2549415064,7510451818,320000000000,-1,0
0.07432,1,-1,WAIT_RELEASE,0,0,0,400000000000,-1,0
0.07432,2,-1,WAIT_RELEASE,0,0,0,400000000000,-1,0
0.07432,3,-1,WAIT_RELEASE,0,0,0,400000000000,-1,0
0.07434,0,0,INJECTING,2550368968,2550208080,7510451818,320000000000,-1,0
0.07434,1,-1,WAIT_RELEASE,0,0,0,400000000000,-1,0
0.07434,2,-1,WAIT_RELEASE,0,0,0,400000000000,-1,0
0.07434,3,-1,WAIT_RELEASE,0,0,0,400000000000,-1,0
0.07436,0,0,INJECTING,2551161984,2551002048,7510451818,320000000000,-1,0
0.07436,1,-1,WAIT_RELEASE,0,0,0,400000000000,-1,0
0.07436,2,-1,WAIT_RELEASE,0,0,0,400000000000,-1,0
0.07436,3,-1,WAIT_RELEASE,0,0,0,400000000000,-1,0
0.07438,0,0,INJECTING,2551955000,2551795064,7510451818,320000000000,-1,0
0.07438,1,-1,WAIT_RELEASE,0,0,0,400000000000,-1,0
0.07438,2,-1,WAIT_RELEASE,0,0,0,400000000000,-1,0
0.07438,3,-1,WAIT_RELEASE,0,0,0,400000000000,-1,0
0.0744,0,0,INJECTING,2552748968,2552588080,7510451818,320000000000,-1,0
0.0744,1,-1,WAIT_RELEASE,0,0,0,400000000000,-1,0
0.0744,2,-1,WAIT_RELEASE,0,0,0,400000000000,-1,0
0.0744,3,-1,WAIT_RELEASE,0,0,0,400000000000,-1,0
0.07442,0,0,INJECTING,2553541984,2553382048,7510451818,320000000000,-1,0
0.07442,1,-1,WAIT_RELEASE,0,0,0,400000000000,-1,0
0.07442,2,-1,WAIT_RELEASE,0,0,0,400000000000,-1,0
0.07442,3,-1,WAIT_RELEASE,0,0,0,400000000000,-1,0
0.07444,0,0,INJECTING,2554335000,2554175064,7510451818,320000000000,-1,0
0.07444,1,-1,WAIT_RELEASE,0,0,0,400000000000,-1,0
0.07444,2,-1,WAIT_RELEASE,0,0,0,400000000000,-1,0
0.07444,3,-1,WAIT_RELEASE,0,0,0,400000000000,-1,0
0.07446,0,0,INJECTING,2555128968,2554968080,7510451818,320000000000,-1,0
0.07446,1,-1,WAIT_RELEASE,0,0,0,400000000000,-1,0
0.07446,2,-1,WAIT_RELEASE,0,0,0,400000000000,-1,0
0.07446,3,-1,WAIT_RELEASE,0,0,0,400000000000,-1,0
0.07448,0,0,INJECTING,2555921984,2555762048,7510451818,320000000000,-1,0
0.07448,1,-1,WAIT_RELEASE,0,0,0,400000000000,-1,0
0.07448,2,-1,WAIT_RELEASE,0,0,0,400000000000,-1,0
0.07448,3,-1,WAIT_RELEASE,0,0,0,400000000000,-1,0
0.0745,0,0,INJECTING,2556715000,2556555064,7510451818,320000000000,-1,0
0.0745,1,-1,WAIT_RELEASE,0,0,0,400000000000,-1,0
0.0745,2,-1,WAIT_RELEASE,0,0,0,400000000000,-1,0
0.0745,3,-1,WAIT_RELEASE,0,0,0,400000000000,-1,0
0.07452,0,0,INJECTING,2557508968,2557348080,7510451818,320000000000,-1,0
0.07452,1,-1,WAIT_RELEASE,0,0,0,400000000000,-1,0
0.07452,2,-1,WAIT_RELEASE,0,0,0,400000000000,-1,0
0.07452,3,-1,WAIT_RELEASE,0,0,0,400000000000,-1,0
0.07454,0,0,INJECTING,2558301984,2558142048,7510451818,320000000000,-1,0
0.07454,1,-1,WAIT_RELEASE,0,0,0,400000000000,-1,0
0.07454,2,-1,WAIT_RELEASE,0,0,0,400000000000,-1,0
0.07454,3,-1,WAIT_RELEASE,0,0,0,400000000000,-1,0
0.07456,0,0,INJECTING,2559095000,2558935064,7510451818,320000000000,-1,0
0.07456,1,-1,WAIT_RELEASE,0,0,0,400000000000,-1,0
0.07456,2,-1,WAIT_RELEASE,0,0,0,400000000000,-1,0
0.07456,3,-1,WAIT_RELEASE,0,0,0,400000000000,-1,0
0.07458,0,0,INJECTING,2559888968,2559728080,7510451818,320000000000,-1,0
0.07458,1,-1,WAIT_RELEASE,0,0,0,400000000000,-1,0
0.07458,2,-1,WAIT_RELEASE,0,0,0,400000000000,-1,0
0.07458,3,-1,WAIT_RELEASE,0,0,0,400000000000,-1,0
0.0746,0,0,INJECTING,2560681984,2560522048,7510451818,320000000000,-1,0
0.0746,1,-1,WAIT_RELEASE,0,0,0,400000000000,-1,0
0.0746,2,-1,WAIT_RELEASE,0,0,0,400000000000,-1,0
0.0746,3,-1,WAIT_RELEASE,0,0,0,400000000000,-1,0
0.07462,0,0,INJECTING,2561475000,2561315064,7510451818,320000000000,-1,0
0.07462,1,-1,WAIT_RELEASE,0,0,0,400000000000,-1,0
0.07462,2,-1,WAIT_RELEASE,0,0,0,400000000000,-1,0
0.07462,3,-1,WAIT_RELEASE,0,0,0,400000000000,-1,0
0.07464,0,0,INJECTING,2562268968,2562108080,7510451818,320000000000,-1,0
0.07464,1,-1,WAIT_RELEASE,0,0,0,400000000000,-1,0
0.07464,2,-1,WAIT_RELEASE,0,0,0,400000000000,-1,0
0.07464,3,-1,WAIT_RELEASE,0,0,0,400000000000,-1,0
0.07466,0,0,INJECTING,2563061984,2562902048,7510451818,320000000000,-1,0
0.07466,1,-1,WAIT_RELEASE,0,0,0,400000000000,-1,0
0.07466,2,-1,WAIT_RELEASE,0,0,0,400000000000,-1,0
0.07466,3,-1,WAIT_RELEASE,0,0,0,400000000000,-1,0
0.07468,0,0,INJECTING,2563855000,2563695064,7510451818,320000000000,-1,0
0.07468,1,-1,WAIT_RELEASE,0,0,0,400000000000,-1,0
0.07468,2,-1,WAIT_RELEASE,0,0,0,400000000000,-1,0
0.07468,3,-1,WAIT_RELEASE,0,0,0,400000000000,-1,0
0.0747,0,0,INJECTING,2564648968,2564488080,7510451818,320000000000,-1,0
0.0747,1,-1,WAIT_RELEASE,0,0,0,400000000000,-1,0
0.0747,2,-1,WAIT_RELEASE,0,0,0,400000000000,-1,0
0.0747,3,-1,WAIT_RELEASE,0,0,0,400000000000,-1,0
0.07472,0,0,INJECTING,2565441984,2565282048,7510451818,320000000000,-1,0
0.07472,1,-1,WAIT_RELEASE,0,0,0,400000000000,-1,0
0.07472,2,-1,WAIT_RELEASE,0,0,0,400000000000,-1,0
0.07472,3,-1,WAIT_RELEASE,0,0,0,400000000000,-1,0
0.07474,0,0,INJECTING,2566235000,2566075064,7510451818,320000000000,-1,0
0.07474,1,-1,WAIT_RELEASE,0,0,0,400000000000,-1,0
0.07474,2,-1,WAIT_RELEASE,0,0,0,400000000000,-1,0
0.07474,3,-1,WAIT_RELEASE,0,0,0,400000000000,-1,0
0.07476,0,0,INJECTING,2567028968,2566868080,7510451818,320000000000,-1,0
0.07476,1,-1,WAIT_RELEASE,0,0,0,400000000000,-1,0
0.07476,2,-1,WAIT_RELEASE,0,0,0,400000000000,-1,0
0.07476,3,-1,WAIT_RELEASE,0,0,0,400000000000,-1,0
0.07478,0,0,INJECTING,2567821984,2567662048,7510451818,320000000000,-1,0
0.07478,1,-1,WAIT_RELEASE,0,0,0,400000000000,-1,0
0.07478,2,-1,WAIT_RELEASE,0,0,0,400000000000,-1,0
0.07478,3,-1,WAIT_RELEASE,0,0,0,400000000000,-1,0
0.0748,0,0,INJECTING,2568615000,2568455064,7510451818,320000000000,-1,0
0.0748,1,-1,WAIT_RELEASE,0,0,0,400000000000,-1,0
0.0748,2,-1,WAIT_RELEASE,0,0,0,400000000000,-1,0
0.0748,3,-1,WAIT_RELEASE,0,0,0,400000000000,-1,0
0.07482,0,0,INJECTING,2569408968,2569248080,7510451818,320000000000,-1,0
0.07482,1,-1,WAIT_RELEASE,0,0,0,400000000000,-1,0
0.07482,2,-1,WAIT_RELEASE,0,0,0,400000000000,-1,0
0.07482,3,-1,WAIT_RELEASE,0,0,0,400000000000,-1,0
0.07484,0,0,INJECTING,2570201984,2570042048,7510451818,320000000000,-1,0
0.07484,1,-1,WAIT_RELEASE,0,0,0,400000000000,-1,0
0.07484,2,-1,WAIT_RELEASE,0,0,0,400000000000,-1,0
0.07484,3,-1,WAIT_RELEASE,0,0,0,400000000000,-1,0
0.07486,0,0,INJECTING,2570995000,2570835064,7510451818,320000000000,-1,0
0.07486,1,-1,WAIT_RELEASE,0,0,0,400000000000,-1,0
0.07486,2,-1,WAIT_RELEASE,0,0,0,400000000000,-1,0
0.07486,3,-1,WAIT_RELEASE,0,0,0,400000000000,-1,0
0.07488,0,0,INJECTING,2571788968,2571628080,7510451818,320000000000,-1,0
0.07488,1,-1,WAIT_RELEASE,0,0,0,400000000000,-1,0
0.07488,2,-1,WAIT_RELEASE,0,0,0,400000000000,-1,0
0.07488,3,-1,WAIT_RELEASE,0,0,0,400000000000,-1,0
0.0749,0,0,INJECTING,2572581984,2572422048,7510451818,320000000000,-1,0
0.0749,1,-1,WAIT_RELEASE,0,0,0,400000000000,-1,0
0.0749,2,-1,WAIT_RELEASE,0,0,0,400000000000,-1,0
0.0749,3,-1,WAIT_RELEASE,0,0,0,400000000000,-1,0
0.07492,0,0,INJECTING,2573375000,2573215064,7510451818,320000000000,-1,0
0.07492,1,-1,WAIT_RELEASE,0,0,0,400000000000,-1,0
0.07492,2,-1,WAIT_RELEASE,0,0,0,400000000000,-1,0
0.07492,3,-1,WAIT_RELEASE,0,0,0,400000000000,-1,0
0.07494,0,0,INJECTING,2574168968,2574008080,7510451818,320000000000,-1,0
0.07494,1,-1,WAIT_RELEASE,0,0,0,400000000000,-1,0
0.07494,2,-1,WAIT_RELEASE,0,0,0,400000000000,-1,0
0.07494,3,-1,WAIT_RELEASE,0,0,0,400000000000,-1,0
0.07496,0,0,INJECTING,2574961984,2574802048,7510451818,320000000000,-1,0
0.07496,1,-1,WAIT_RELEASE,0,0,0,400000000000,-1,0
0.07496,2,-1,WAIT_RELEASE,0,0,0,400000000000,-1,0
0.07496,3,-1,WAIT_RELEASE,0,0,0,400000000000,-1,0
0.07498,0,0,INJECTING,2575755000,2575595064,7510451818,320000000000,-1,0
0.07498,1,-1,WAIT_RELEASE,0,0,0,400000000000,-1,0
0.07498,2,-1,WAIT_RELEASE,0,0,0,400000000000,-1,0
0.07498,3,-1,WAIT_RELEASE,0,0,0,400000000000,-1,0
0.075,0,0,INJECTING,2576548968,2576388080,7510451818,320000000000,-1,0
0.075,1,-1,WAIT_RELEASE,0,0,0,400000000000,-1,0
0.075,2,-1,WAIT_RELEASE,0,0,0,400000000000,-1,0
0.075,3,-1,WAIT_RELEASE,0,0,0,400000000000,-1,0
0.07502,0,0,INJECTING,2577341984,2577182048,7510451818,320000000000,-1,0
0.07502,1,-1,WAIT_RELEASE,0,0,0,400000000000,-1,0
0.07502,2,-1,WAIT_RELEASE,0,0,0,400000000000,-1,0
0.07502,3,-1,WAIT_RELEASE,0,0,0,400000000000,-1,0
0.07504,0,0,INJECTING,2578135000,2577975064,7510451818,320000000000,-1,0
0.07504,1,-1,WAIT_RELEASE,0,0,0,400000000000,-1,0
0.07504,2,-1,WAIT_RELEASE,0,0,0,400000000000,-1,0
0.07504,3,-1,WAIT_RELEASE,0,0,0,400000000000,-1,0
0.07506,0,0,INJECTING,2578928968,2578768080,7510451818,320000000000,-1,0
0.07506,1,-1,WAIT_RELEASE,0,0,0,400000000000,-1,0
0.07506,2,-1,WAIT_RELEASE,0,0,0,400000000000,-1,0
0.07506,3,-1,WAIT_RELEASE,0,0,0,400000000000,-1,0
0.07508,0,0,INJECTING,2579721984,2579562048,7510451818,320000000000,-1,0
0.07508,1,-1,WAIT_RELEASE,0,0,0,400000000000,-1,0
0.07508,2,-1,WAIT_RELEASE,0,0,0,400000000000,-1,0
0.07508,3,-1,WAIT_RELEASE,0,0,0,400000000000,-1,0
0.0751,0,0,INJECTING,2580515000,2580355064,7510451818,320000000000,-1,0
0.0751,1,-1,WAIT_RELEASE,0,0,0,400000000000,-1,0
0.0751,2,-1,WAIT_RELEASE,0,0,0,400000000000,-1,0
0.0751,3,-1,WAIT_RELEASE,0,0,0,400000000000,-1,0
0.07512,0,0,INJECTING,2581308968,2581148080,7510451818,320000000000,-1,0
0.07512,1,-1,WAIT_RELEASE,0,0,0,400000000000,-1,0
0.07512,2,-1,WAIT_RELEASE,0,0,0,400000000000,-1,0
0.07512,3,-1,WAIT_RELEASE,0,0,0,400000000000,-1,0
0.07514,0,0,INJECTING,2582101984,2581942048,7510451818,320000000000,-1,0
0.07514,1,-1,WAIT_RELEASE,0,0,0,400000000000,-1,0
0.07514,2,-1,WAIT_RELEASE,0,0,0,400000000000,-1,0
0.07514,3,-1,WAIT_RELEASE,0,0,0,400000000000,-1,0
0.07516,0,0,INJECTING,2582895000,2582735064,7510451818,320000000000,-1,0
0.07516,1,-1,WAIT_RELEASE,0,0,0,400000000000,-1,0
0.07516,2,-1,WAIT_RELEASE,0,0,0,400000000000,-1,0
0.07516,3,-1,WAIT_RELEASE,0,0,0,400000000000,-1,0
0.07518,0,0,INJECTING,2583688968,2583528080,7510451818,320000000000,-1,0
0.07518,1,-1,WAIT_RELEASE,0,0,0,400000000000,-1,0
0.07518,2,-1,WAIT_RELEASE,0,0,0,400000000000,-1,0
0.07518,3,-1,WAIT_RELEASE,0,0,0,400000000000,-1,0
0.0752,0,0,INJECTING,2584481984,2584322048,7510451818,320000000000,-1,0
0.0752,1,-1,WAIT_RELEASE,0,0,0,400000000000,-1,0
0.0752,2,-1,WAIT_RELEASE,0,0,0,400000000000,-1,0
0.0752,3,-1,WAIT_RELEASE,0,0,0,400000000000,-1,0
0.07522,0,0,INJECTING,2585275000,2585115064,7510451818,320000000000,-1,0
0.07522,1,-1,WAIT_RELEASE,0,0,0,400000000000,-1,0
0.07522,2,-1,WAIT_RELEASE,0,0,0,400000000000,-1,0
0.07522,3,-1,WAIT_RELEASE,0,0,0,400000000000,-1,0
0.07524,0,0,INJECTING,2586068968,2585908080,7510451818,320000000000,-1,0
0.07524,1,-1,WAIT_RELEASE,0,0,0,400000000000,-1,0
0.07524,2,-1,WAIT_RELEASE,0,0,0,400000000000,-1,0
0.07524,3,-1,WAIT_RELEASE,0,0,0,400000000000,-1,0
0.07526,0,0,INJECTING,2586861984,2586702048,7510451818,320000000000,-1,0
0.07526,1,-1,WAIT_RELEASE,0,0,0,400000000000,-1,0
0.07526,2,-1,WAIT_RELEASE,0,0,0,400000000000,-1,0
0.07526,3,-1,WAIT_RELEASE,0,0,0,400000000000,-1,0
0.07528,0,0,INJECTING,2587655000,2587495064,7510451818,320000000000,-1,0
0.07528,1,-1,WAIT_RELEASE,0,0,0,400000000000,-1,0
0.07528,2,-1,WAIT_RELEASE,0,0,0,400000000000,-1,0
0.07528,3,-1,WAIT_RELEASE,0,0,0,400000000000,-1,0
0.0753,0,0,INJECTING,2588448968,2588288080,7510451818,320000000000,-1,0
0.0753,1,-1,WAIT_RELEASE,0,0,0,400000000000,-1,0
0.0753,2,-1,WAIT_RELEASE,0,0,0,400000000000,-1,0
0.0753,3,-1,WAIT_RELEASE,0,0,0,400000000000,-1,0
0.07532,0,0,INJECTING,2589241984,2589082048,7510451818,320000000000,-1,0
0.07532,1,-1,WAIT_RELEASE,0,0,0,400000000000,-1,0
0.07532,2,-1,WAIT_RELEASE,0,0,0,400000000000,-1,0
0.07532,3,-1,WAIT_RELEASE,0,0,0,400000000000,-1,0
0.07534,0,0,INJECTING,2590035000,2589875064,7510451818,320000000000,-1,0
0.07534,1,-1,WAIT_RELEASE,0,0,0,400000000000,-1,0
0.07534,2,-1,WAIT_RELEASE,0,0,0,400000000000,-1,0
0.07534,3,-1,WAIT_RELEASE,0,0,0,400000000000,-1,0
0.07536,0,0,INJECTING,2590828968,2590668080,7510451818,320000000000,-1,0
0.07536,1,-1,WAIT_RELEASE,0,0,0,400000000000,-1,0
0.07536,2,-1,WAIT_RELEASE,0,0,0,400000000000,-1,0
0.07536,3,-1,WAIT_RELEASE,0,0,0,400000000000,-1,0
0.07538,0,0,INJECTING,2591621984,2591462048,7510451818,320000000000,-1,0
0.07538,1,-1,WAIT_RELEASE,0,0,0,400000000000,-1,0
0.07538,2,-1,WAIT_RELEASE,0,0,0,400000000000,-1,0
0.07538,3,-1,WAIT_RELEASE,0,0,0,400000000000,-1,0
0.0754,0,0,INJECTING,2592415000,2592255064,7510451818,320000000000,-1,0
0.0754,1,-1,WAIT_RELEASE,0,0,0,400000000000,-1,0
0.0754,2,-1,WAIT_RELEASE,0,0,0,400000000000,-1,0
0.0754,3,-1,WAIT_RELEASE,0,0,0,400000000000,-1,0
0.07542,0,0,INJECTING,2593208968,2593048080,7510451818,320000000000,-1,0
0.07542,1,-1,WAIT_RELEASE,0,0,0,400000000000,-1,0
0.07542,2,-1,WAIT_RELEASE,0,0,0,400000000000,-1,0
0.07542,3,-1,WAIT_RELEASE,0,0,0,400000000000,-1,0
0.07544,0,0,INJECTING,2594001984,2593842048,7510451818,320000000000,-1,0
0.07544,1,-1,WAIT_RELEASE,0,0,0,400000000000,-1,0
0.07544,2,-1,WAIT_RELEASE,0,0,0,400000000000,-1,0
0.07544,3,-1,WAIT_RELEASE,0,0,0,400000000000,-1,0
0.07546,0,0,INJECTING,2594795000,2594635064,7510451818,320000000000,-1,0
0.07546,1,-1,WAIT_RELEASE,0,0,0,400000000000,-1,0
0.07546,2,-1,WAIT_RELEASE,0,0,0,400000000000,-1,0
0.07546,3,-1,WAIT_RELEASE,0,0,0,400000000000,-1,0
0.07548,0,0,INJECTING,2595588968,2595428080,7510451818,320000000000,-1,0
0.07548,1,-1,WAIT_RELEASE,0,0,0,400000000000,-1,0
0.07548,2,-1,WAIT_RELEASE,0,0,0,400000000000,-1,0
0.07548,3,-1,WAIT_RELEASE,0,0,0,400000000000,-1,0
0.0755,0,0,INJECTING,2596381984,2596222048,7510451818,320000000000,-1,0
0.0755,1,-1,WAIT_RELEASE,0,0,0,400000000000,-1,0
0.0755,2,-1,WAIT_RELEASE,0,0,0,400000000000,-1,0
0.0755,3,-1,WAIT_RELEASE,0,0,0,400000000000,-1,0
0.07552,0,0,INJECTING,2597175000,2597015064,7510451818,320000000000,-1,0
0.07552,1,-1,WAIT_RELEASE,0,0,0,400000000000,-1,0
0.07552,2,-1,WAIT_RELEASE,0,0,0,400000000000,-1,0
0.07552,3,-1,WAIT_RELEASE,0,0,0,400000000000,-1,0
0.07554,0,0,INJECTING,2597968968,2597808080,7510451818,320000000000,-1,0
0.07554,1,-1,WAIT_RELEASE,0,0,0,400000000000,-1,0
0.07554,2,-1,WAIT_RELEASE,0,0,0,400000000000,-1,0
0.07554,3,-1,WAIT_RELEASE,0,0,0,400000000000,-1,0
0.07556,0,0,INJECTING,2598761984,2598602048,7510451818,320000000000,-1,0
0.07556,1,-1,WAIT_RELEASE,0,0,0,400000000000,-1,0
0.07556,2,-1,WAIT_RELEASE,0,0,0,400000000000,-1,0
0.07556,3,-1,WAIT_RELEASE,0,0,0,400000000000,-1,0
0.07558,0,0,INJECTING,2599555000,2599395064,7510451818,320000000000,-1,0
0.07558,1,-1,WAIT_RELEASE,0,0,0,400000000000,-1,0
0.07558,2,-1,WAIT_RELEASE,0,0,0,400000000000,-1,0
0.07558,3,-1,WAIT_RELEASE,0,0,0,400000000000,-1,0
0.0756,0,0,INJECTING,2600348968,2600188080,7510451818,320000000000,-1,0
0.0756,1,-1,WAIT_RELEASE,0,0,0,400000000000,-1,0
0.0756,2,-1,WAIT_RELEASE,0,0,0,400000000000,-1,0
0.0756,3,-1,WAIT_RELEASE,0,0,0,400000000000,-1,0
0.07562,0,0,INJECTING,2601141984,2600982048,7510451818,320000000000,-1,0
0.07562,1,-1,WAIT_RELEASE,0,0,0,400000000000,-1,0
0.07562,2,-1,WAIT_RELEASE,0,0,0,400000000000,-1,0
0.07562,3,-1,WAIT_RELEASE,0,0,0,400000000000,-1,0
0.07564,0,0,INJECTING,2601935000,2601775064,7510451818,320000000000,-1,0
0.07564,1,-1,WAIT_RELEASE,0,0,0,400000000000,-1,0
0.07564,2,-1,WAIT_RELEASE,0,0,0,400000000000,-1,0
0.07564,3,-1,WAIT_RELEASE,0,0,0,400000000000,-1,0
0.07566,0,0,INJECTING,2602728968,2602568080,7510451818,320000000000,-1,0
0.07566,1,-1,WAIT_RELEASE,0,0,0,400000000000,-1,0
0.07566,2,-1,WAIT_RELEASE,0,0,0,400000000000,-1,0
0.07566,3,-1,WAIT_RELEASE,0,0,0,400000000000,-1,0
0.07568,0,0,INJECTING,2603521984,2603362048,7510451818,320000000000,-1,0
0.07568,1,-1,WAIT_RELEASE,0,0,0,400000000000,-1,0
0.07568,2,-1,WAIT_RELEASE,0,0,0,400000000000,-1,0
0.07568,3,-1,WAIT_RELEASE,0,0,0,400000000000,-1,0
0.0757,0,0,INJECTING,2604315000,2604155064,7510451818,320000000000,-1,0
0.0757,1,-1,WAIT_RELEASE,0,0,0,400000000000,-1,0
0.0757,2,-1,WAIT_RELEASE,0,0,0,400000000000,-1,0
0.0757,3,-1,WAIT_RELEASE,0,0,0,400000000000,-1,0
0.07572,0,0,INJECTING,2605108968,2604948080,7510451818,320000000000,-1,0
0.07572,1,-1,WAIT_RELEASE,0,0,0,400000000000,-1,0
0.07572,2,-1,WAIT_RELEASE,0,0,0,400000000000,-1,0
0.07572,3,-1,WAIT_RELEASE,0,0,0,400000000000,-1,0
0.07574,0,0,INJECTING,2605901984,2605742048,7510451818,320000000000,-1,0
0.07574,1,-1,WAIT_RELEASE,0,0,0,400000000000,-1,0
0.07574,2,-1,WAIT_RELEASE,0,0,0,400000000000,-1,0
0.07574,3,-1,WAIT_RELEASE,0,0,0,400000000000,-1,0
0.07576,0,0,INJECTING,2606695000,2606535064,7510451818,320000000000,-1,0
0.07576,1,-1,WAIT_RELEASE,0,0,0,400000000000,-1,0
0.07576,2,-1,WAIT_RELEASE,0,0,0,400000000000,-1,0
0.07576,3,-1,WAIT_RELEASE,0,0,0,400000000000,-1,0
0.07578,0,0,INJECTING,2607488968,2607328080,7510451818,320000000000,-1,0
0.07578,1,-1,WAIT_RELEASE,0,0,0,400000000000,-1,0
0.07578,2,-1,WAIT_RELEASE,0,0,0,400000000000,-1,0
0.07578,3,-1,WAIT_RELEASE,0,0,0,400000000000,-1,0
0.0758,0,0,INJECTING,2608281984,2608122048,7510451818,320000000000,-1,0
0.0758,1,-1,WAIT_RELEASE,0,0,0,400000000000,-1,0
0.0758,2,-1,WAIT_RELEASE,0,0,0,400000000000,-1,0
0.0758,3,-1,WAIT_RELEASE,0,0,0,400000000000,-1,0
0.07582,0,0,INJECTING,2609075000,2608915064,7510451818,320000000000,-1,0
0.07582,1,-1,WAIT_RELEASE,0,0,0,400000000000,-1,0
0.07582,2,-1,WAIT_RELEASE,0,0,0,400000000000,-1,0
0.07582,3,-1,WAIT_RELEASE,0,0,0,400000000000,-1,0
0.07584,0,0,INJECTING,2609868968,2609708080,7510451818,320000000000,-1,0
0.07584,1,-1,WAIT_RELEASE,0,0,0,400000000000,-1,0
0.07584,2,-1,WAIT_RELEASE,0,0,0,400000000000,-1,0
0.07584,3,-1,WAIT_RELEASE,0,0,0,400000000000,-1,0
0.07586,0,0,INJECTING,2610661984,2610502048,7510451818,320000000000,-1,0
0.07586,1,-1,WAIT_RELEASE,0,0,0,400000000000,-1,0
0.07586,2,-1,WAIT_RELEASE,0,0,0,400000000000,-1,0
0.07586,3,-1,WAIT_RELEASE,0,0,0,400000000000,-1,0
0.07588,0,0,INJECTING,2611455000,2611295064,7510451818,320000000000,-1,0
0.07588,1,-1,WAIT_RELEASE,0,0,0,400000000000,-1,0
0.07588,2,-1,WAIT_RELEASE,0,0,0,400000000000,-1,0
0.07588,3,-1,WAIT_RELEASE,0,0,0,400000000000,-1,0
0.0759,0,0,INJECTING,2612248968,2612088080,7510451818,320000000000,-1,0
0.0759,1,-1,WAIT_RELEASE,0,0,0,400000000000,-1,0
0.0759,2,-1,WAIT_RELEASE,0,0,0,400000000000,-1,0
0.0759,3,-1,WAIT_RELEASE,0,0,0,400000000000,-1,0
0.07592,0,0,INJECTING,2613041984,2612882048,7510451818,320000000000,-1,0
0.07592,1,-1,WAIT_RELEASE,0,0,0,400000000000,-1,0
0.07592,2,-1,WAIT_RELEASE,0,0,0,400000000000,-1,0
0.07592,3,-1,WAIT_RELEASE,0,0,0,400000000000,-1,0
0.07594,0,0,INJECTING,2613835000,2613675064,7510451818,320000000000,-1,0
0.07594,1,-1,WAIT_RELEASE,0,0,0,400000000000,-1,0
0.07594,2,-1,WAIT_RELEASE,0,0,0,400000000000,-1,0
0.07594,3,-1,WAIT_RELEASE,0,0,0,400000000000,-1,0
0.07596,0,0,INJECTING,2614628968,2614468080,7510451818,320000000000,-1,0
0.07596,1,-1,WAIT_RELEASE,0,0,0,400000000000,-1,0
0.07596,2,-1,WAIT_RELEASE,0,0,0,400000000000,-1,0
0.07596,3,-1,WAIT_RELEASE,0,0,0,400000000000,-1,0
0.07598,0,0,INJECTING,2615421984,2615262048,7510451818,320000000000,-1,0
0.07598,1,-1,WAIT_RELEASE,0,0,0,400000000000,-1,0
0.07598,2,-1,WAIT_RELEASE,0,0,0,400000000000,-1,0
0.07598,3,-1,WAIT_RELEASE,0,0,0,400000000000,-1,0
0.076,0,0,INJECTING,2616215000,2616055064,7510451818,320000000000,-1,0
0.076,1,-1,WAIT_RELEASE,0,0,0,400000000000,-1,0
0.076,2,-1,WAIT_RELEASE,0,0,0,400000000000,-1,0
0.076,3,-1,WAIT_RELEASE,0,0,0,400000000000,-1,0
0.07602,0,0,INJECTING,2617008968,2616848080,7510451818,320000000000,-1,0
0.07602,1,-1,WAIT_RELEASE,0,0,0,400000000000,-1,0
0.07602,2,-1,WAIT_RELEASE,0,0,0,400000000000,-1,0
0.07602,3,-1,WAIT_RELEASE,0,0,0,400000000000,-1,0
0.07604,0,0,INJECTING,2617801984,2617642048,7510451818,320000000000,-1,0
0.07604,1,-1,WAIT_RELEASE,0,0,0,400000000000,-1,0
0.07604,2,-1,WAIT_RELEASE,0,0,0,400000000000,-1,0
0.07604,3,-1,WAIT_RELEASE,0,0,0,400000000000,-1,0
0.07606,0,0,INJECTING,2618595000,2618435064,7510451818,320000000000,-1,0
0.07606,1,-1,WAIT_RELEASE,0,0,0,400000000000,-1,0
0.07606,2,-1,WAIT_RELEASE,0,0,0,400000000000,-1,0
0.07606,3,-1,WAIT_RELEASE,0,0,0,400000000000,-1,0
0.07608,0,0,INJECTING,2619388968,2619228080,7510451818,320000000000,-1,0
0.07608,1,-1,WAIT_RELEASE,0,0,0,400000000000,-1,0
0.07608,2,-1,WAIT_RELEASE,0,0,0,400000000000,-1,0
0.07608,3,-1,WAIT_RELEASE,0,0,0,400000000000,-1,0
0.0761,0,0,INJECTING,2620181984,2620022048,7510451818,320000000000,-1,0
0.0761,1,-1,WAIT_RELEASE,0,0,0,400000000000,-1,0
0.0761,2,-1,WAIT_RELEASE,0,0,0,400000000000,-1,0
0.0761,3,-1,WAIT_RELEASE,0,0,0,400000000000,-1,0
0.07612,0,0,INJECTING,2620975000,2620815064,7510451818,320000000000,-1,0
0.07612,1,-1,WAIT_RELEASE,0,0,0,400000000000,-1,0
0.07612,2,-1,WAIT_RELEASE,0,0,0,400000000000,-1,0
0.07612,3,-1,WAIT_RELEASE,0,0,0,400000000000,-1,0
0.07614,0,0,INJECTING,2621768968,2621608080,7510451818,320000000000,-1,0
0.07614,1,-1,WAIT_RELEASE,0,0,0,400000000000,-1,0
0.07614,2,-1,WAIT_RELEASE,0,0,0,400000000000,-1,0
0.07614,3,-1,WAIT_RELEASE,0,0,0,400000000000,-1,0
0.07616,0,0,INJECTING,2622561984,2622402048,7510451818,320000000000,-1,0
0.07616,1,-1,WAIT_RELEASE,0,0,0,400000000000,-1,0
0.07616,2,-1,WAIT_RELEASE,0,0,0,400000000000,-1,0
0.07616,3,-1,WAIT_RELEASE,0,0,0,400000000000,-1,0
0.07618,0,0,INJECTING,2623355000,2623195064,7510451818,320000000000,-1,0
0.07618,1,-1,WAIT_RELEASE,0,0,0,400000000000,-1,0
0.07618,2,-1,WAIT_RELEASE,0,0,0,400000000000,-1,0
0.07618,3,-1,WAIT_RELEASE,0,0,0,400000000000,-1,0
0.0762,0,0,INJECTING,2624148968,2623988080,7510451818,320000000000,-1,0
0.0762,1,-1,WAIT_RELEASE,0,0,0,400000000000,-1,0
0.0762,2,-1,WAIT_RELEASE,0,0,0,400000000000,-1,0
0.0762,3,-1,WAIT_RELEASE,0,0,0,400000000000,-1,0
0.07622,0,0,INJECTING,2624941984,2624782048,7510451818,320000000000,-1,0
0.07622,1,-1,WAIT_RELEASE,0,0,0,400000000000,-1,0
0.07622,2,-1,WAIT_RELEASE,0,0,0,400000000000,-1,0
0.07622,3,-1,WAIT_RELEASE,0,0,0,400000000000,-1,0
0.07624,0,0,INJECTING,2625735000,2625575064,7510451818,320000000000,-1,0
0.07624,1,-1,WAIT_RELEASE,0,0,0,400000000000,-1,0
0.07624,2,-1,WAIT_RELEASE,0,0,0,400000000000,-1,0
0.07624,3,-1,WAIT_RELEASE,0,0,0,400000000000,-1,0
0.07626,0,0,INJECTING,2626528968,2626368080,7510451818,320000000000,-1,0
0.07626,1,-1,WAIT_RELEASE,0,0,0,400000000000,-1,0
0.07626,2,-1,WAIT_RELEASE,0,0,0,400000000000,-1,0
0.07626,3,-1,WAIT_RELEASE,0,0,0,400000000000,-1,0
0.07628,0,0,INJECTING,2627321984,2627162048,7510451818,320000000000,-1,0
0.07628,1,-1,WAIT_RELEASE,0,0,0,400000000000,-1,0
0.07628,2,-1,WAIT_RELEASE,0,0,0,400000000000,-1,0
0.07628,3,-1,WAIT_RELEASE,0,0,0,400000000000,-1,0
0.0763,0,0,INJECTING,2628115000,2627955064,7510451818,320000000000,-1,0
0.0763,1,-1,WAIT_RELEASE,0,0,0,400000000000,-1,0
0.0763,2,-1,WAIT_RELEASE,0,0,0,400000000000,-1,0
0.0763,3,-1,WAIT_RELEASE,0,0,0,400000000000,-1,0
0.07632,0,0,INJECTING,2628908968,2628748080,7510451818,320000000000,-1,0
0.07632,1,-1,WAIT_RELEASE,0,0,0,400000000000,-1,0
0.07632,2,-1,WAIT_RELEASE,0,0,0,400000000000,-1,0
0.07632,3,-1,WAIT_RELEASE,0,0,0,400000000000,-1,0
0.07634,0,0,INJECTING,2629701984,2629542048,7510451818,320000000000,-1,0
0.07634,1,-1,WAIT_RELEASE,0,0,0,400000000000,-1,0
0.07634,2,-1,WAIT_RELEASE,0,0,0,400000000000,-1,0
0.07634,3,-1,WAIT_RELEASE,0,0,0,400000000000,-1,0
0.07636,0,0,INJECTING,2630495000,2630335064,7510451818,320000000000,-1,0
0.07636,1,-1,WAIT_RELEASE,0,0,0,400000000000,-1,0
0.07636,2,-1,WAIT_RELEASE,0,0,0,400000000000,-1,0
0.07636,3,-1,WAIT_RELEASE,0,0,0,400000000000,-1,0
0.07638,0,0,INJECTING,2631288968,2631128080,7510451818,320000000000,-1,0
0.07638,1,-1,WAIT_RELEASE,0,0,0,400000000000,-1,0
0.07638,2,-1,WAIT_RELEASE,0,0,0,400000000000,-1,0
0.07638,3,-1,WAIT_RELEASE,0,0,0,400000000000,-1,0
0.0764,0,0,INJECTING,2632081984,2631922048,7510451818,320000000000,-1,0
0.0764,1,-1,WAIT_RELEASE,0,0,0,400000000000,-1,0
0.0764,2,-1,WAIT_RELEASE,0,0,0,400000000000,-1,0
0.0764,3,-1,WAIT_RELEASE,0,0,0,400000000000,-1,0
0.07642,0,0,INJECTING,2632875000,2632715064,7510451818,320000000000,-1,0
0.07642,1,-1,WAIT_RELEASE,0,0,0,400000000000,-1,0
0.07642,2,-1,WAIT_RELEASE,0,0,0,400000000000,-1,0
0.07642,3,-1,WAIT_RELEASE,0,0,0,400000000000,-1,0
0.07644,0,0,INJECTING,2633668968,2633508080,7510451818,320000000000,-1,0
0.07644,1,-1,WAIT_RELEASE,0,0,0,400000000000,-1,0
0.07644,2,-1,WAIT_RELEASE,0,0,0,400000000000,-1,0
0.07644,3,-1,WAIT_RELEASE,0,0,0,400000000000,-1,0
0.07646,0,0,INJECTING,2634461984,2634302048,7510451818,320000000000,-1,0
0.07646,1,-1,WAIT_RELEASE,0,0,0,400000000000,-1,0
0.07646,2,-1,WAIT_RELEASE,0,0,0,400000000000,-1,0
0.07646,3,-1,WAIT_RELEASE,0,0,0,400000000000,-1,0
0.07648,0,0,INJECTING,2635255000,2635095064,7510451818,320000000000,-1,0
0.07648,1,-1,WAIT_RELEASE,0,0,0,400000000000,-1,0
0.07648,2,-1,WAIT_RELEASE,0,0,0,400000000000,-1,0
0.07648,3,-1,WAIT_RELEASE,0,0,0,400000000000,-1,0
0.0765,0,0,INJECTING,2636048968,2635888080,7510451818,320000000000,-1,0
0.0765,1,-1,WAIT_RELEASE,0,0,0,400000000000,-1,0
0.0765,2,-1,WAIT_RELEASE,0,0,0,400000000000,-1,0
0.0765,3,-1,WAIT_RELEASE,0,0,0,400000000000,-1,0
0.07652,0,0,INJECTING,2636841984,2636682048,7510451818,320000000000,-1,0
0.07652,1,-1,WAIT_RELEASE,0,0,0,400000000000,-1,0
0.07652,2,-1,WAIT_RELEASE,0,0,0,400000000000,-1,0
0.07652,3,-1,WAIT_RELEASE,0,0,0,400000000000,-1,0
0.07654,0,0,INJECTING,2637635000,2637475064,7510451818,320000000000,-1,0
0.07654,1,-1,WAIT_RELEASE,0,0,0,400000000000,-1,0
0.07654,2,-1,WAIT_RELEASE,0,0,0,400000000000,-1,0
0.07654,3,-1,WAIT_RELEASE,0,0,0,400000000000,-1,0
0.07656,0,0,INJECTING,2638428968,2638268080,7510451818,320000000000,-1,0
0.07656,1,-1,WAIT_RELEASE,0,0,0,400000000000,-1,0
0.07656,2,-1,WAIT_RELEASE,0,0,0,400000000000,-1,0
0.07656,3,-1,WAIT_RELEASE,0,0,0,400000000000,-1,0
0.07658,0,0,INJECTING,2639221984,2639062048,7510451818,320000000000,-1,0
0.07658,1,-1,WAIT_RELEASE,0,0,0,400000000000,-1,0
0.07658,2,-1,WAIT_RELEASE,0,0,0,400000000000,-1,0
0.07658,3,-1,WAIT_RELEASE,0,0,0,400000000000,-1,0
0.0766,0,0,INJECTING,2640015000,2639855064,7510451818,320000000000,-1,0
0.0766,1,-1,WAIT_RELEASE,0,0,0,400000000000,-1,0
0.0766,2,-1,WAIT_RELEASE,0,0,0,400000000000,-1,0
0.0766,3,-1,WAIT_RELEASE,0,0,0,400000000000,-1,0
0.07662,0,0,INJECTING,2640808968,2640648080,7510451818,320000000000,-1,0
0.07662,1,-1,WAIT_RELEASE,0,0,0,400000000000,-1,0
0.07662,2,-1,WAIT_RELEASE,0,0,0,400000000000,-1,0
0.07662,3,-1,WAIT_RELEASE,0,0,0,400000000000,-1,0
0.07664,0,0,INJECTING,2641601984,2641442048,7510451818,320000000000,-1,0
0.07664,1,-1,WAIT_RELEASE,0,0,0,400000000000,-1,0
0.07664,2,-1,WAIT_RELEASE,0,0,0,400000000000,-1,0
0.07664,3,-1,WAIT_RELEASE,0,0,0,400000000000,-1,0
0.07666,0,0,INJECTING,2642395000,2642235064,7510451818,320000000000,-1,0
0.07666,1,-1,WAIT_RELEASE,0,0,0,400000000000,-1,0
0.07666,2,-1,WAIT_RELEASE,0,0,0,400000000000,-1,0
0.07666,3,-1,WAIT_RELEASE,0,0,0,400000000000,-1,0
0.07668,0,0,INJECTING,2643188968,2643028080,7510451818,320000000000,-1,0
0.07668,1,-1,WAIT_RELEASE,0,0,0,400000000000,-1,0
0.07668,2,-1,WAIT_RELEASE,0,0,0,400000000000,-1,0
0.07668,3,-1,WAIT_RELEASE,0,0,0,400000000000,-1,0
0.0767,0,0,INJECTING,2643981984,2643822048,7510451818,320000000000,-1,0
0.0767,1,-1,WAIT_RELEASE,0,0,0,400000000000,-1,0
0.0767,2,-1,WAIT_RELEASE,0,0,0,400000000000,-1,0
0.0767,3,-1,WAIT_RELEASE,0,0,0,400000000000,-1,0
0.07672,0,0,INJECTING,2644775000,2644615064,7510451818,320000000000,-1,0
0.07672,1,-1,WAIT_RELEASE,0,0,0,400000000000,-1,0
0.07672,2,-1,WAIT_RELEASE,0,0,0,400000000000,-1,0
0.07672,3,-1,WAIT_RELEASE,0,0,0,400000000000,-1,0
0.07674,0,0,INJECTING,2645568968,2645408080,7510451818,320000000000,-1,0
0.07674,1,-1,WAIT_RELEASE,0,0,0,400000000000,-1,0
0.07674,2,-1,WAIT_RELEASE,0,0,0,400000000000,-1,0
0.07674,3,-1,WAIT_RELEASE,0,0,0,400000000000,-1,0
0.07676,0,0,INJECTING,2646361984,2646202048,7510451818,320000000000,-1,0
0.07676,1,-1,WAIT_RELEASE,0,0,0,400000000000,-1,0
0.07676,2,-1,WAIT_RELEASE,0,0,0,400000000000,-1,0
0.07676,3,-1,WAIT_RELEASE,0,0,0,400000000000,-1,0
0.07678,0,0,INJECTING,2647155000,2646995064,7510451818,320000000000,-1,0
0.07678,1,-1,WAIT_RELEASE,0,0,0,400000000000,-1,0
0.07678,2,-1,WAIT_RELEASE,0,0,0,400000000000,-1,0
0.07678,3,-1,WAIT_RELEASE,0,0,0,400000000000,-1,0
0.0768,0,0,INJECTING,2647948968,2647788080,7510451818,320000000000,-1,0
0.0768,1,-1,WAIT_RELEASE,0,0,0,400000000000,-1,0
0.0768,2,-1,WAIT_RELEASE,0,0,0,400000000000,-1,0
0.0768,3,-1,WAIT_RELEASE,0,0,0,400000000000,-1,0
0.07682,0,0,INJECTING,2648741984,2648582048,7510451818,320000000000,-1,0
0.07682,1,-1,WAIT_RELEASE,0,0,0,400000000000,-1,0
0.07682,2,-1,WAIT_RELEASE,0,0,0,400000000000,-1,0
0.07682,3,-1,WAIT_RELEASE,0,0,0,400000000000,-1,0
0.07684,0,0,INJECTING,2649535000,2649375064,7510451818,320000000000,-1,0
0.07684,1,-1,WAIT_RELEASE,0,0,0,400000000000,-1,0
0.07684,2,-1,WAIT_RELEASE,0,0,0,400000000000,-1,0
0.07684,3,-1,WAIT_RELEASE,0,0,0,400000000000,-1,0
0.07686,0,0,INJECTING,2650328968,2650168080,7510451818,320000000000,-1,0
0.07686,1,-1,WAIT_RELEASE,0,0,0,400000000000,-1,0
0.07686,2,-1,WAIT_RELEASE,0,0,0,400000000000,-1,0
0.07686,3,-1,WAIT_RELEASE,0,0,0,400000000000,-1,0
0.07688,0,0,INJECTING,2651121984,2650962048,7510451818,320000000000,-1,0
0.07688,1,-1,WAIT_RELEASE,0,0,0,400000000000,-1,0
0.07688,2,-1,WAIT_RELEASE,0,0,0,400000000000,-1,0
0.07688,3,-1,WAIT_RELEASE,0,0,0,400000000000,-1,0
0.0769,0,0,INJECTING,2651915000,2651755064,7510451818,320000000000,-1,0
0.0769,1,-1,WAIT_RELEASE,0,0,0,400000000000,-1,0
0.0769,2,-1,WAIT_RELEASE,0,0,0,400000000000,-1,0
0.0769,3,-1,WAIT_RELEASE,0,0,0,400000000000,-1,0
0.07692,0,0,INJECTING,2652708968,2652548080,7510451818,320000000000,-1,0
0.07692,1,-1,WAIT_RELEASE,0,0,0,400000000000,-1,0
0.07692,2,-1,WAIT_RELEASE,0,0,0,400000000000,-1,0
0.07692,3,-1,WAIT_RELEASE,0,0,0,400000000000,-1,0
0.07694,0,0,INJECTING,2653501984,2653342048,7510451818,320000000000,-1,0
0.07694,1,-1,WAIT_RELEASE,0,0,0,400000000000,-1,0
0.07694,2,-1,WAIT_RELEASE,0,0,0,400000000000,-1,0
0.07694,3,-1,WAIT_RELEASE,0,0,0,400000000000,-1,0
0.07696,0,0,INJECTING,2654295000,2654135064,7510451818,320000000000,-1,0
0.07696,1,-1,WAIT_RELEASE,0,0,0,400000000000,-1,0
0.07696,2,-1,WAIT_RELEASE,0,0,0,400000000000,-1,0
0.07696,3,-1,WAIT_RELEASE,0,0,0,400000000000,-1,0
0.07698,0,0,INJECTING,2655088968,2654928080,7510451818,320000000000,-1,0
0.07698,1,-1,WAIT_RELEASE,0,0,0,400000000000,-1,0
0.07698,2,-1,WAIT_RELEASE,0,0,0,400000000000,-1,0
0.07698,3,-1,WAIT_RELEASE,0,0,0,400000000000,-1,0
0.077,0,0,INJECTING,2655881984,2655722048,7510451818,320000000000,-1,0
0.077,1,-1,WAIT_RELEASE,0,0,0,400000000000,-1,0
0.077,2,-1,WAIT_RELEASE,0,0,0,400000000000,-1,0
0.077,3,-1,WAIT_RELEASE,0,0,0,400000000000,-1,0
0.07702,0,0,INJECTING,2656675000,2656515064,7510451818,320000000000,-1,0
0.07702,1,-1,WAIT_RELEASE,0,0,0,400000000000,-1,0
0.07702,2,-1,WAIT_RELEASE,0,0,0,400000000000,-1,0
0.07702,3,-1,WAIT_RELEASE,0,0,0,400000000000,-1,0
0.07704,0,0,INJECTING,2657468968,2657308080,7510451818,320000000000,-1,0
0.07704,1,-1,WAIT_RELEASE,0,0,0,400000000000,-1,0
0.07704,2,-1,WAIT_RELEASE,0,0,0,400000000000,-1,0
0.07704,3,-1,WAIT_RELEASE,0,0,0,400000000000,-1,0
0.07706,0,0,INJECTING,2658261984,2658102048,7510451818,320000000000,-1,0
0.07706,1,-1,WAIT_RELEASE,0,0,0,400000000000,-1,0
0.07706,2,-1,WAIT_RELEASE,0,0,0,400000000000,-1,0
0.07706,3,-1,WAIT_RELEASE,0,0,0,400000000000,-1,0
0.07708,0,0,INJECTING,2659055000,2658895064,7510451818,320000000000,-1,0
0.07708,1,-1,WAIT_RELEASE,0,0,0,400000000000,-1,0
0.07708,2,-1,WAIT_RELEASE,0,0,0,400000000000,-1,0
0.07708,3,-1,WAIT_RELEASE,0,0,0,400000000000,-1,0
0.0771,0,0,INJECTING,2659848968,2659688080,7510451818,320000000000,-1,0
0.0771,1,-1,WAIT_RELEASE,0,0,0,400000000000,-1,0
0.0771,2,-1,WAIT_RELEASE,0,0,0,400000000000,-1,0
0.0771,3,-1,WAIT_RELEASE,0,0,0,400000000000,-1,0
0.07712,0,0,INJECTING,2660641984,2660482048,7510451818,320000000000,-1,0
0.07712,1,-1,WAIT_RELEASE,0,0,0,400000000000,-1,0
0.07712,2,-1,WAIT_RELEASE,0,0,0,400000000000,-1,0
0.07712,3,-1,WAIT_RELEASE,0,0,0,400000000000,-1,0
0.07714,0,0,INJECTING,2661435000,2661275064,7510451818,320000000000,-1,0
0.07714,1,-1,WAIT_RELEASE,0,0,0,400000000000,-1,0
0.07714,2,-1,WAIT_RELEASE,0,0,0,400000000000,-1,0
0.07714,3,-1,WAIT_RELEASE,0,0,0,400000000000,-1,0
0.07716,0,0,INJECTING,2662228968,2662068080,7510451818,320000000000,-1,0
0.07716,1,-1,WAIT_RELEASE,0,0,0,400000000000,-1,0
0.07716,2,-1,WAIT_RELEASE,0,0,0,400000000000,-1,0
0.07716,3,-1,WAIT_RELEASE,0,0,0,400000000000,-1,0
0.07718,0,0,INJECTING,2663021984,2662862048,7510451818,320000000000,-1,0
0.07718,1,-1,WAIT_RELEASE,0,0,0,400000000000,-1,0
0.07718,2,-1,WAIT_RELEASE,0,0,0,400000000000,-1,0
0.07718,3,-1,WAIT_RELEASE,0,0,0,400000000000,-1,0
0.0772,0,0,INJECTING,2663815000,2663655064,7510451818,320000000000,-1,0
0.0772,1,-1,WAIT_RELEASE,0,0,0,400000000000,-1,0
0.0772,2,-1,WAIT_RELEASE,0,0,0,400000000000,-1,0
0.0772,3,-1,WAIT_RELEASE,0,0,0,400000000000,-1,0
0.07722,0,0,INJECTING,2664608968,2664448080,7510451818,320000000000,-1,0
0.07722,1,-1,WAIT_RELEASE,0,0,0,400000000000,-1,0
0.07722,2,-1,WAIT_RELEASE,0,0,0,400000000000,-1,0
0.07722,3,-1,WAIT_RELEASE,0,0,0,400000000000,-1,0
0.07724,0,0,INJECTING,2665401984,2665242048,7510451818,320000000000,-1,0
0.07724,1,-1,WAIT_RELEASE,0,0,0,400000000000,-1,0
0.07724,2,-1,WAIT_RELEASE,0,0,0,400000000000,-1,0
0.07724,3,-1,WAIT_RELEASE,0,0,0,400000000000,-1,0
0.07726,0,0,INJECTING,2666195000,2666035064,7510451818,320000000000,-1,0
0.07726,1,-1,WAIT_RELEASE,0,0,0,400000000000,-1,0
0.07726,2,-1,WAIT_RELEASE,0,0,0,400000000000,-1,0
0.07726,3,-1,WAIT_RELEASE,0,0,0,400000000000,-1,0
0.07728,0,0,INJECTING,2666988968,2666828080,7510451818,320000000000,-1,0
0.07728,1,-1,WAIT_RELEASE,0,0,0,400000000000,-1,0
0.07728,2,-1,WAIT_RELEASE,0,0,0,400000000000,-1,0
0.07728,3,-1,WAIT_RELEASE,0,0,0,400000000000,-1,0
0.0773,0,0,INJECTING,2667781984,2667622048,7510451818,320000000000,-1,0
0.0773,1,-1,WAIT_RELEASE,0,0,0,400000000000,-1,0
0.0773,2,-1,WAIT_RELEASE,0,0,0,400000000000,-1,0
0.0773,3,-1,WAIT_RELEASE,0,0,0,400000000000,-1,0
0.07732,0,0,INJECTING,2668575000,2668415064,7510451818,320000000000,-1,0
0.07732,1,-1,WAIT_RELEASE,0,0,0,400000000000,-1,0
0.07732,2,-1,WAIT_RELEASE,0,0,0,400000000000,-1,0
0.07732,3,-1,WAIT_RELEASE,0,0,0,400000000000,-1,0
0.07734,0,0,INJECTING,2669368968,2669208080,7510451818,320000000000,-1,0
0.07734,1,-1,WAIT_RELEASE,0,0,0,400000000000,-1,0
0.07734,2,-1,WAIT_RELEASE,0,0,0,400000000000,-1,0
0.07734,3,-1,WAIT_RELEASE,0,0,0,400000000000,-1,0
0.07736,0,0,INJECTING,2670161984,2670002048,7510451818,320000000000,-1,0
0.07736,1,-1,WAIT_RELEASE,0,0,0,400000000000,-1,0
0.07736,2,-1,WAIT_RELEASE,0,0,0,400000000000,-1,0
0.07736,3,-1,WAIT_RELEASE,0,0,0,400000000000,-1,0
0.07738,0,0,INJECTING,2670955000,2670795064,7510451818,320000000000,-1,0
0.07738,1,-1,WAIT_RELEASE,0,0,0,400000000000,-1,0
0.07738,2,-1,WAIT_RELEASE,0,0,0,400000000000,-1,0
0.07738,3,-1,WAIT_RELEASE,0,0,0,400000000000,-1,0
0.0774,0,0,INJECTING,2671748968,2671588080,7510451818,320000000000,-1,0
0.0774,1,-1,WAIT_RELEASE,0,0,0,400000000000,-1,0
0.0774,2,-1,WAIT_RELEASE,0,0,0,400000000000,-1,0
0.0774,3,-1,WAIT_RELEASE,0,0,0,400000000000,-1,0
0.07742,0,0,INJECTING,2672541984,2672382048,7510451818,320000000000,-1,0
0.07742,1,-1,WAIT_RELEASE,0,0,0,400000000000,-1,0
0.07742,2,-1,WAIT_RELEASE,0,0,0,400000000000,-1,0
0.07742,3,-1,WAIT_RELEASE,0,0,0,400000000000,-1,0
0.07744,0,0,INJECTING,2673335000,2673175064,7510451818,320000000000,-1,0
0.07744,1,-1,WAIT_RELEASE,0,0,0,400000000000,-1,0
0.07744,2,-1,WAIT_RELEASE,0,0,0,400000000000,-1,0
0.07744,3,-1,WAIT_RELEASE,0,0,0,400000000000,-1,0
0.07746,0,0,INJECTING,2674128968,2673968080,7510451818,320000000000,-1,0
0.07746,1,-1,WAIT_RELEASE,0,0,0,400000000000,-1,0
0.07746,2,-1,WAIT_RELEASE,0,0,0,400000000000,-1,0
0.07746,3,-1,WAIT_RELEASE,0,0,0,400000000000,-1,0
0.07748,0,0,INJECTING,2674921984,2674762048,7510451818,320000000000,-1,0
0.07748,1,-1,WAIT_RELEASE,0,0,0,400000000000,-1,0
0.07748,2,-1,WAIT_RELEASE,0,0,0,400000000000,-1,0
0.07748,3,-1,WAIT_RELEASE,0,0,0,400000000000,-1,0
0.0775,0,0,INJECTING,2675715000,2675555064,7510451818,320000000000,-1,0
0.0775,1,-1,WAIT_RELEASE,0,0,0,400000000000,-1,0
0.0775,2,-1,WAIT_RELEASE,0,0,0,400000000000,-1,0
0.0775,3,-1,WAIT_RELEASE,0,0,0,400000000000,-1,0
0.07752,0,0,INJECTING,2676508968,2676348080,7510451818,320000000000,-1,0
0.07752,1,-1,WAIT_RELEASE,0,0,0,400000000000,-1,0
0.07752,2,-1,WAIT_RELEASE,0,0,0,400000000000,-1,0
0.07752,3,-1,WAIT_RELEASE,0,0,0,400000000000,-1,0
0.07754,0,0,INJECTING,2677301984,2677142048,7510451818,320000000000,-1,0
0.07754,1,-1,WAIT_RELEASE,0,0,0,400000000000,-1,0
0.07754,2,-1,WAIT_RELEASE,0,0,0,400000000000,-1,0
0.07754,3,-1,WAIT_RELEASE,0,0,0,400000000000,-1,0
0.07756,0,0,INJECTING,2678095000,2677935064,7510451818,320000000000,-1,0
0.07756,1,-1,WAIT_RELEASE,0,0,0,400000000000,-1,0
0.07756,2,-1,WAIT_RELEASE,0,0,0,400000000000,-1,0
0.07756,3,-1,WAIT_RELEASE,0,0,0,400000000000,-1,0
0.07758,0,0,INJECTING,2678888968,2678728080,7510451818,320000000000,-1,0
0.07758,1,-1,WAIT_RELEASE,0,0,0,400000000000,-1,0
0.07758,2,-1,WAIT_RELEASE,0,0,0,400000000000,-1,0
0.07758,3,-1,WAIT_RELEASE,0,0,0,400000000000,-1,0
0.0776,0,0,INJECTING,2679681984,2679522048,7510451818,320000000000,-1,0
0.0776,1,-1,WAIT_RELEASE,0,0,0,400000000000,-1,0
0.0776,2,-1,WAIT_RELEASE,0,0,0,400000000000,-1,0
0.0776,3,-1,WAIT_RELEASE,0,0,0,400000000000,-1,0
0.07762,0,0,INJECTING,2680475000,2680315064,7510451818,320000000000,-1,0
0.07762,1,-1,WAIT_RELEASE,0,0,0,400000000000,-1,0
0.07762,2,-1,WAIT_RELEASE,0,0,0,400000000000,-1,0
0.07762,3,-1,WAIT_RELEASE,0,0,0,400000000000,-1,0
0.07764,0,0,INJECTING,2681268968,2681108080,7510451818,320000000000,-1,0
0.07764,1,-1,WAIT_RELEASE,0,0,0,400000000000,-1,0
0.07764,2,-1,WAIT_RELEASE,0,0,0,400000000000,-1,0
0.07764,3,-1,WAIT_RELEASE,0,0,0,400000000000,-1,0
0.07766,0,0,INJECTING,2682061984,2681902048,7510451818,320000000000,-1,0
0.07766,1,-1,WAIT_RELEASE,0,0,0,400000000000,-1,0
0.07766,2,-1,WAIT_RELEASE,0,0,0,400000000000,-1,0
0.07766,3,-1,WAIT_RELEASE,0,0,0,400000000000,-1,0
0.07768,0,0,INJECTING,2682855000,2682695064,7510451818,320000000000,-1,0
0.07768,1,-1,WAIT_RELEASE,0,0,0,400000000000,-1,0
0.07768,2,-1,WAIT_RELEASE,0,0,0,400000000000,-1,0
0.07768,3,-1,WAIT_RELEASE,0,0,0,400000000000,-1,0
0.0777,0,0,INJECTING,2683648968,2683488080,7510451818,320000000000,-1,0
0.0777,1,-1,WAIT_RELEASE,0,0,0,400000000000,-1,0
0.0777,2,-1,WAIT_RELEASE,0,0,0,400000000000,-1,0
0.0777,3,-1,WAIT_RELEASE,0,0,0,400000000000,-1,0
0.07772,0,0,INJECTING,2684441984,2684282048,7510451818,320000000000,-1,0
0.07772,1,-1,WAIT_RELEASE,0,0,0,400000000000,-1,0
0.07772,2,-1,WAIT_RELEASE,0,0,0,400000000000,-1,0
0.07772,3,-1,WAIT_RELEASE,0,0,0,400000000000,-1,0
0.07774,0,0,INJECTING,2685235000,2685075064,7510451818,320000000000,-1,0
0.07774,1,-1,WAIT_RELEASE,0,0,0,400000000000,-1,0
0.07774,2,-1,WAIT_RELEASE,0,0,0,400000000000,-1,0
0.07774,3,-1,WAIT_RELEASE,0,0,0,400000000000,-1,0
0.07776,0,0,INJECTING,2686028968,2685868080,7510451818,320000000000,-1,0
0.07776,1,-1,WAIT_RELEASE,0,0,0,400000000000,-1,0
0.07776,2,-1,WAIT_RELEASE,0,0,0,400000000000,-1,0
0.07776,3,-1,WAIT_RELEASE,0,0,0,400000000000,-1,0
0.07778,0,0,INJECTING,2686821984,2686662048,7510451818,320000000000,-1,0
0.07778,1,-1,WAIT_RELEASE,0,0,0,400000000000,-1,0
0.07778,2,-1,WAIT_RELEASE,0,0,0,400000000000,-1,0
0.07778,3,-1,WAIT_RELEASE,0,0,0,400000000000,-1,0
0.0778,0,0,INJECTING,2687615000,2687455064,7510451818,320000000000,-1,0
0.0778,1,-1,WAIT_RELEASE,0,0,0,400000000000,-1,0
0.0778,2,-1,WAIT_RELEASE,0,0,0,400000000000,-1,0
0.0778,3,-1,WAIT_RELEASE,0,0,0,400000000000,-1,0
0.07782,0,0,INJECTING,2688408968,2688248080,7510451818,320000000000,-1,0
0.07782,1,-1,WAIT_RELEASE,0,0,0,400000000000,-1,0
0.07782,2,-1,WAIT_RELEASE,0,0,0,400000000000,-1,0
0.07782,3,-1,WAIT_RELEASE,0,0,0,400000000000,-1,0
0.07784,0,0,INJECTING,2689201984,2689042048,7510451818,320000000000,-1,0
0.07784,1,-1,WAIT_RELEASE,0,0,0,400000000000,-1,0
0.07784,2,-1,WAIT_RELEASE,0,0,0,400000000000,-1,0
0.07784,3,-1,WAIT_RELEASE,0,0,0,400000000000,-1,0
0.07786,0,0,INJECTING,2689995000,2689835064,7510451818,320000000000,-1,0
0.07786,1,-1,WAIT_RELEASE,0,0,0,400000000000,-1,0
0.07786,2,-1,WAIT_RELEASE,0,0,0,400000000000,-1,0
0.07786,3,-1,WAIT_RELEASE,0,0,0,400000000000,-1,0
0.07788,0,0,INJECTING,2690788968,2690628080,7510451818,320000000000,-1,0
0.07788,1,-1,WAIT_RELEASE,0,0,0,400000000000,-1,0
0.07788,2,-1,WAIT_RELEASE,0,0,0,400000000000,-1,0
0.07788,3,-1,WAIT_RELEASE,0,0,0,400000000000,-1,0
0.0779,0,0,INJECTING,2691581984,2691422048,7510451818,320000000000,-1,0
0.0779,1,-1,WAIT_RELEASE,0,0,0,400000000000,-1,0
0.0779,2,-1,WAIT_RELEASE,0,0,0,400000000000,-1,0
0.0779,3,-1,WAIT_RELEASE,0,0,0,400000000000,-1,0
0.07792,0,0,INJECTING,2692375000,2692215064,7510451818,320000000000,-1,0
0.07792,1,-1,WAIT_RELEASE,0,0,0,400000000000,-1,0
0.07792,2,-1,WAIT_RELEASE,0,0,0,400000000000,-1,0
0.07792,3,-1,WAIT_RELEASE,0,0,0,400000000000,-1,0
0.07794,0,0,INJECTING,2693168968,2693008080,7510451818,320000000000,-1,0
0.07794,1,-1,WAIT_RELEASE,0,0,0,400000000000,-1,0
0.07794,2,-1,WAIT_RELEASE,0,0,0,400000000000,-1,0
0.07794,3,-1,WAIT_RELEASE,0,0,0,400000000000,-1,0
0.07796,0,0,INJECTING,2693961984,2693802048,7510451818,320000000000,-1,0
0.07796,1,-1,WAIT_RELEASE,0,0,0,400000000000,-1,0
0.07796,2,-1,WAIT_RELEASE,0,0,0,400000000000,-1,0
0.07796,3,-1,WAIT_RELEASE,0,0,0,400000000000,-1,0
0.07798,0,0,INJECTING,2694755000,2694595064,7510451818,320000000000,-1,0
0.07798,1,-1,WAIT_RELEASE,0,0,0,400000000000,-1,0
0.07798,2,-1,WAIT_RELEASE,0,0,0,400000000000,-1,0
0.07798,3,-1,WAIT_RELEASE,0,0,0,400000000000,-1,0
0.078,0,0,INJECTING,2695548968,2695388080,7510451818,320000000000,-1,0
0.078,1,-1,WAIT_RELEASE,0,0,0,400000000000,-1,0
0.078,2,-1,WAIT_RELEASE,0,0,0,400000000000,-1,0
0.078,3,-1,WAIT_RELEASE,0,0,0,400000000000,-1,0
0.07802,0,0,INJECTING,2696341984,2696182048,7510451818,320000000000,-1,0
0.07802,1,-1,WAIT_RELEASE,0,0,0,400000000000,-1,0
0.07802,2,-1,WAIT_RELEASE,0,0,0,400000000000,-1,0
0.07802,3,-1,WAIT_RELEASE,0,0,0,400000000000,-1,0
0.07804,0,0,INJECTING,2697135000,2696975064,7510451818,320000000000,-1,0
0.07804,1,-1,WAIT_RELEASE,0,0,0,400000000000,-1,0
0.07804,2,-1,WAIT_RELEASE,0,0,0,400000000000,-1,0
0.07804,3,-1,WAIT_RELEASE,0,0,0,400000000000,-1,0
0.07806,0,0,INJECTING,2697928968,2697768080,7510451818,320000000000,-1,0
0.07806,1,-1,WAIT_RELEASE,0,0,0,400000000000,-1,0
0.07806,2,-1,WAIT_RELEASE,0,0,0,400000000000,-1,0
0.07806,3,-1,WAIT_RELEASE,0,0,0,400000000000,-1,0
0.07808,0,0,INJECTING,2698721984,2698562048,7510451818,320000000000,-1,0
0.07808,1,-1,WAIT_RELEASE,0,0,0,400000000000,-1,0
0.07808,2,-1,WAIT_RELEASE,0,0,0,400000000000,-1,0
0.07808,3,-1,WAIT_RELEASE,0,0,0,400000000000,-1,0
0.0781,0,0,INJECTING,2699515000,2699355064,7510451818,320000000000,-1,0
0.0781,1,-1,WAIT_RELEASE,0,0,0,400000000000,-1,0
0.0781,2,-1,WAIT_RELEASE,0,0,0,400000000000,-1,0
0.0781,3,-1,WAIT_RELEASE,0,0,0,400000000000,-1,0
0.07812,0,0,INJECTING,2700308968,2700148080,7510451818,320000000000,-1,0
0.07812,1,-1,WAIT_RELEASE,0,0,0,400000000000,-1,0
0.07812,2,-1,WAIT_RELEASE,0,0,0,400000000000,-1,0
0.07812,3,-1,WAIT_RELEASE,0,0,0,400000000000,-1,0
0.07814,0,0,INJECTING,2701101984,2700942048,7510451818,320000000000,-1,0
0.07814,1,-1,WAIT_RELEASE,0,0,0,400000000000,-1,0
0.07814,2,-1,WAIT_RELEASE,0,0,0,400000000000,-1,0
0.07814,3,-1,WAIT_RELEASE,0,0,0,400000000000,-1,0
0.07816,0,0,INJECTING,2701895000,2701735064,7510451818,320000000000,-1,0
0.07816,1,-1,WAIT_RELEASE,0,0,0,400000000000,-1,0
0.07816,2,-1,WAIT_RELEASE,0,0,0,400000000000,-1,0
0.07816,3,-1,WAIT_RELEASE,0,0,0,400000000000,-1,0
0.07818,0,0,INJECTING,2702688968,2702528080,7510451818,320000000000,-1,0
0.07818,1,-1,WAIT_RELEASE,0,0,0,400000000000,-1,0
0.07818,2,-1,WAIT_RELEASE,0,0,0,400000000000,-1,0
0.07818,3,-1,WAIT_RELEASE,0,0,0,400000000000,-1,0
0.0782,0,0,INJECTING,2703481984,2703322048,7510451818,320000000000,-1,0
0.0782,1,-1,WAIT_RELEASE,0,0,0,400000000000,-1,0
0.0782,2,-1,WAIT_RELEASE,0,0,0,400000000000,-1,0
0.0782,3,-1,WAIT_RELEASE,0,0,0,400000000000,-1,0
0.07822,0,0,INJECTING,2704275000,2704115064,7510451818,320000000000,-1,0
0.07822,1,-1,WAIT_RELEASE,0,0,0,400000000000,-1,0
0.07822,2,-1,WAIT_RELEASE,0,0,0,400000000000,-1,0
0.07822,3,-1,WAIT_RELEASE,0,0,0,400000000000,-1,0
0.07824,0,0,INJECTING,2705068968,2704908080,7510451818,320000000000,-1,0
0.07824,1,-1,WAIT_RELEASE,0,0,0,400000000000,-1,0
0.07824,2,-1,WAIT_RELEASE,0,0,0,400000000000,-1,0
0.07824,3,-1,WAIT_RELEASE,0,0,0,400000000000,-1,0
0.07826,0,0,INJECTING,2705861984,2705702048,7510451818,320000000000,-1,0
0.07826,1,-1,WAIT_RELEASE,0,0,0,400000000000,-1,0
0.07826,2,-1,WAIT_RELEASE,0,0,0,400000000000,-1,0
0.07826,3,-1,WAIT_RELEASE,0,0,0,400000000000,-1,0
0.07828,0,0,INJECTING,2706655000,2706495064,7510451818,320000000000,-1,0
0.07828,1,-1,WAIT_RELEASE,0,0,0,400000000000,-1,0
0.07828,2,-1,WAIT_RELEASE,0,0,0,400000000000,-1,0
0.07828,3,-1,WAIT_RELEASE,0,0,0,400000000000,-1,0
0.0783,0,0,INJECTING,2707448968,2707288080,7510451818,320000000000,-1,0
0.0783,1,-1,WAIT_RELEASE,0,0,0,400000000000,-1,0
0.0783,2,-1,WAIT_RELEASE,0,0,0,400000000000,-1,0
0.0783,3,-1,WAIT_RELEASE,0,0,0,400000000000,-1,0
0.07832,0,0,INJECTING,2708241984,2708082048,7510451818,320000000000,-1,0
0.07832,1,-1,WAIT_RELEASE,0,0,0,400000000000,-1,0
0.07832,2,-1,WAIT_RELEASE,0,0,0,400000000000,-1,0
0.07832,3,-1,WAIT_RELEASE,0,0,0,400000000000,-1,0
0.07834,0,0,INJECTING,2709035000,2708875064,7510451818,320000000000,-1,0
0.07834,1,-1,WAIT_RELEASE,0,0,0,400000000000,-1,0
0.07834,2,-1,WAIT_RELEASE,0,0,0,400000000000,-1,0
0.07834,3,-1,WAIT_RELEASE,0,0,0,400000000000,-1,0
0.07836,0,0,INJECTING,2709828968,2709668080,7510451818,320000000000,-1,0
0.07836,1,-1,WAIT_RELEASE,0,0,0,400000000000,-1,0
0.07836,2,-1,WAIT_RELEASE,0,0,0,400000000000,-1,0
0.07836,3,-1,WAIT_RELEASE,0,0,0,400000000000,-1,0
0.07838,0,0,INJECTING,2710621984,2710462048,7510451818,320000000000,-1,0
0.07838,1,-1,WAIT_RELEASE,0,0,0,400000000000,-1,0
0.07838,2,-1,WAIT_RELEASE,0,0,0,400000000000,-1,0
0.07838,3,-1,WAIT_RELEASE,0,0,0,400000000000,-1,0
0.0784,0,0,INJECTING,2711415000,2711255064,7510451818,320000000000,-1,0
0.0784,1,-1,WAIT_RELEASE,0,0,0,400000000000,-1,0
0.0784,2,-1,WAIT_RELEASE,0,0,0,400000000000,-1,0
0.0784,3,-1,WAIT_RELEASE,0,0,0,400000000000,-1,0
0.07842,0,0,INJECTING,2712208968,2712048080,7510451818,320000000000,-1,0
0.07842,1,-1,WAIT_RELEASE,0,0,0,400000000000,-1,0
0.07842,2,-1,WAIT_RELEASE,0,0,0,400000000000,-1,0
0.07842,3,-1,WAIT_RELEASE,0,0,0,400000000000,-1,0
0.07844,0,0,INJECTING,2713001984,2712842048,7510451818,320000000000,-1,0
0.07844,1,-1,WAIT_RELEASE,0,0,0,400000000000,-1,0
0.07844,2,-1,WAIT_RELEASE,0,0,0,400000000000,-1,0
0.07844,3,-1,WAIT_RELEASE,0,0,0,400000000000,-1,0
0.07846,0,0,INJECTING,2713795000,2713635064,7510451818,320000000000,-1,0
0.07846,1,-1,WAIT_RELEASE,0,0,0,400000000000,-1,0
0.07846,2,-1,WAIT_RELEASE,0,0,0,400000000000,-1,0
0.07846,3,-1,WAIT_RELEASE,0,0,0,400000000000,-1,0
0.07848,0,0,INJECTING,2714588968,2714428080,7510451818,320000000000,-1,0
0.07848,1,-1,WAIT_RELEASE,0,0,0,400000000000,-1,0
0.07848,2,-1,WAIT_RELEASE,0,0,0,400000000000,-1,0
0.07848,3,-1,WAIT_RELEASE,0,0,0,400000000000,-1,0
0.0785,0,0,INJECTING,2715381984,2715222048,7510451818,320000000000,-1,0
0.0785,1,-1,WAIT_RELEASE,0,0,0,400000000000,-1,0
0.0785,2,-1,WAIT_RELEASE,0,0,0,400000000000,-1,0
0.0785,3,-1,WAIT_RELEASE,0,0,0,400000000000,-1,0
0.07852,0,0,INJECTING,2716175000,2716015064,7510451818,320000000000,-1,0
0.07852,1,-1,WAIT_RELEASE,0,0,0,400000000000,-1,0
0.07852,2,-1,WAIT_RELEASE,0,0,0,400000000000,-1,0
0.07852,3,-1,WAIT_RELEASE,0,0,0,400000000000,-1,0
0.07854,0,0,INJECTING,2716968968,2716808080,7510451818,320000000000,-1,0
0.07854,1,-1,WAIT_RELEASE,0,0,0,400000000000,-1,0
0.07854,2,-1,WAIT_RELEASE,0,0,0,400000000000,-1,0
0.07854,3,-1,WAIT_RELEASE,0,0,0,400000000000,-1,0
0.07856,0,0,INJECTING,2717761984,2717602048,7510451818,320000000000,-1,0
0.07856,1,-1,WAIT_RELEASE,0,0,0,400000000000,-1,0
0.07856,2,-1,WAIT_RELEASE,0,0,0,400000000000,-1,0
0.07856,3,-1,WAIT_RELEASE,0,0,0,400000000000,-1,0
0.07858,0,0,INJECTING,2718555000,2718395064,7510451818,320000000000,-1,0
0.07858,1,-1,WAIT_RELEASE,0,0,0,400000000000,-1,0
0.07858,2,-1,WAIT_RELEASE,0,0,0,400000000000,-1,0
0.07858,3,-1,WAIT_RELEASE,0,0,0,400000000000,-1,0
0.0786,0,0,INJECTING,2719348968,2719188080,7510451818,320000000000,-1,0
0.0786,1,-1,WAIT_RELEASE,0,0,0,400000000000,-1,0
0.0786,2,-1,WAIT_RELEASE,0,0,0,400000000000,-1,0
0.0786,3,-1,WAIT_RELEASE,0,0,0,400000000000,-1,0
0.07862,0,0,INJECTING,2720141984,2719982048,7510451818,320000000000,-1,0
0.07862,1,-1,WAIT_RELEASE,0,0,0,400000000000,-1,0
0.07862,2,-1,WAIT_RELEASE,0,0,0,400000000000,-1,0
0.07862,3,-1,WAIT_RELEASE,0,0,0,400000000000,-1,0
0.07864,0,0,INJECTING,2720935000,2720775064,7510451818,320000000000,-1,0
0.07864,1,-1,WAIT_RELEASE,0,0,0,400000000000,-1,0
0.07864,2,-1,WAIT_RELEASE,0,0,0,400000000000,-1,0
0.07864,3,-1,WAIT_RELEASE,0,0,0,400000000000,-1,0
0.07866,0,0,INJECTING,2721728968,2721568080,7510451818,320000000000,-1,0
0.07866,1,-1,WAIT_RELEASE,0,0,0,400000000000,-1,0
0.07866,2,-1,WAIT_RELEASE,0,0,0,400000000000,-1,0
0.07866,3,-1,WAIT_RELEASE,0,0,0,400000000000,-1,0
0.07868,0,0,INJECTING,2722521984,2722362048,7510451818,320000000000,-1,0
0.07868,1,-1,WAIT_RELEASE,0,0,0,400000000000,-1,0
0.07868,2,-1,WAIT_RELEASE,0,0,0,400000000000,-1,0
0.07868,3,-1,WAIT_RELEASE,0,0,0,400000000000,-1,0
0.0787,0,0,INJECTING,2723315000,2723155064,7510451818,320000000000,-1,0
0.0787,1,-1,WAIT_RELEASE,0,0,0,400000000000,-1,0
0.0787,2,-1,WAIT_RELEASE,0,0,0,400000000000,-1,0
0.0787,3,-1,WAIT_RELEASE,0,0,0,400000000000,-1,0
0.07872,0,0,INJECTING,2724108968,2723948080,7510451818,320000000000,-1,0
0.07872,1,-1,WAIT_RELEASE,0,0,0,400000000000,-1,0
0.07872,2,-1,WAIT_RELEASE,0,0,0,400000000000,-1,0
0.07872,3,-1,WAIT_RELEASE,0,0,0,400000000000,-1,0
0.07874,0,0,INJECTING,2724901984,2724742048,7510451818,320000000000,-1,0
0.07874,1,-1,WAIT_RELEASE,0,0,0,400000000000,-1,0
0.07874,2,-1,WAIT_RELEASE,0,0,0,400000000000,-1,0
0.07874,3,-1,WAIT_RELEASE,0,0,0,400000000000,-1,0
0.07876,0,0,INJECTING,2725695000,2725535064,7510451818,320000000000,-1,0
0.07876,1,-1,WAIT_RELEASE,0,0,0,400000000000,-1,0
0.07876,2,-1,WAIT_RELEASE,0,0,0,400000000000,-1,0
0.07876,3,-1,WAIT_RELEASE,0,0,0,400000000000,-1,0
0.07878,0,0,INJECTING,2726488968,2726328080,7510451818,320000000000,-1,0
0.07878,1,-1,WAIT_RELEASE,0,0,0,400000000000,-1,0
0.07878,2,-1,WAIT_RELEASE,0,0,0,400000000000,-1,0
0.07878,3,-1,WAIT_RELEASE,0,0,0,400000000000,-1,0
0.0788,0,0,INJECTING,2727281984,2727122048,7510451818,320000000000,-1,0
0.0788,1,-1,WAIT_RELEASE,0,0,0,400000000000,-1,0
0.0788,2,-1,WAIT_RELEASE,0,0,0,400000000000,-1,0
0.0788,3,-1,WAIT_RELEASE,0,0,0,400000000000,-1,0
0.07882,0,0,INJECTING,2728075000,2727915064,7510451818,320000000000,-1,0
0.07882,1,-1,WAIT_RELEASE,0,0,0,400000000000,-1,0
0.07882,2,-1,WAIT_RELEASE,0,0,0,400000000000,-1,0
0.07882,3,-1,WAIT_RELEASE,0,0,0,400000000000,-1,0
0.07884,0,0,INJECTING,2728868968,2728708080,7510451818,320000000000,-1,0
0.07884,1,-1,WAIT_RELEASE,0,0,0,400000000000,-1,0
0.07884,2,-1,WAIT_RELEASE,0,0,0,400000000000,-1,0
0.07884,3,-1,WAIT_RELEASE,0,0,0,400000000000,-1,0
0.07886,0,0,INJECTING,2729661984,2729502048,7510451818,320000000000,-1,0
0.07886,1,-1,WAIT_RELEASE,0,0,0,400000000000,-1,0
0.07886,2,-1,WAIT_RELEASE,0,0,0,400000000000,-1,0
0.07886,3,-1,WAIT_RELEASE,0,0,0,400000000000,-1,0
0.07888,0,0,INJECTING,2730455000,2730295064,7510451818,320000000000,-1,0
0.07888,1,-1,WAIT_RELEASE,0,0,0,400000000000,-1,0
0.07888,2,-1,WAIT_RELEASE,0,0,0,400000000000,-1,0
0.07888,3,-1,WAIT_RELEASE,0,0,0,400000000000,-1,0
0.0789,0,0,INJECTING,2731248968,2731088080,7510451818,320000000000,-1,0
0.0789,1,-1,WAIT_RELEASE,0,0,0,400000000000,-1,0
0.0789,2,-1,WAIT_RELEASE,0,0,0,400000000000,-1,0
0.0789,3,-1,WAIT_RELEASE,0,0,0,400000000000,-1,0
0.07892,0,0,INJECTING,2732041984,2731882048,7510451818,320000000000,-1,0
0.07892,1,-1,WAIT_RELEASE,0,0,0,400000000000,-1,0
0.07892,2,-1,WAIT_RELEASE,0,0,0,400000000000,-1,0
0.07892,3,-1,WAIT_RELEASE,0,0,0,400000000000,-1,0
0.07894,0,0,INJECTING,2732835000,2732675064,7510451818,320000000000,-1,0
0.07894,1,-1,WAIT_RELEASE,0,0,0,400000000000,-1,0
0.07894,2,-1,WAIT_RELEASE,0,0,0,400000000000,-1,0
0.07894,3,-1,WAIT_RELEASE,0,0,0,400000000000,-1,0
0.07896,0,0,INJECTING,2733628968,2733468080,7510451818,320000000000,-1,0
0.07896,1,-1,WAIT_RELEASE,0,0,0,400000000000,-1,0
0.07896,2,-1,WAIT_RELEASE,0,0,0,400000000000,-1,0
0.07896,3,-1,WAIT_RELEASE,0,0,0,400000000000,-1,0
0.07898,0,0,INJECTING,2734421984,2734262048,7510451818,320000000000,-1,0
0.07898,1,-1,WAIT_RELEASE,0,0,0,400000000000,-1,0
0.07898,2,-1,WAIT_RELEASE,0,0,0,400000000000,-1,0
0.07898,3,-1,WAIT_RELEASE,0,0,0,400000000000,-1,0
0.079,0,0,INJECTING,2735215000,2735055064,7510451818,320000000000,-1,0
0.079,1,-1,WAIT_RELEASE,0,0,0,400000000000,-1,0
0.079,2,-1,WAIT_RELEASE,0,0,0,400000000000,-1,0
0.079,3,-1,WAIT_RELEASE,0,0,0,400000000000,-1,0
0.07902,0,0,INJECTING,2736008968,2735848080,7510451818,320000000000,-1,0
0.07902,1,-1,WAIT_RELEASE,0,0,0,400000000000,-1,0
0.07902,2,-1,WAIT_RELEASE,0,0,0,400000000000,-1,0
0.07902,3,-1,WAIT_RELEASE,0,0,0,400000000000,-1,0
0.07904,0,0,INJECTING,2736801984,2736642048,7510451818,320000000000,-1,0
0.07904,1,-1,WAIT_RELEASE,0,0,0,400000000000,-1,0
0.07904,2,-1,WAIT_RELEASE,0,0,0,400000000000,-1,0
0.07904,3,-1,WAIT_RELEASE,0,0,0,400000000000,-1,0
0.07906,0,0,INJECTING,2737595000,2737435064,7510451818,320000000000,-1,0
0.07906,1,-1,WAIT_RELEASE,0,0,0,400000000000,-1,0
0.07906,2,-1,WAIT_RELEASE,0,0,0,400000000000,-1,0
0.07906,3,-1,WAIT_RELEASE,0,0,0,400000000000,-1,0
0.07908,0,0,INJECTING,2738388968,2738228080,7510451818,320000000000,-1,0
0.07908,1,-1,WAIT_RELEASE,0,0,0,400000000000,-1,0
0.07908,2,-1,WAIT_RELEASE,0,0,0,400000000000,-1,0
0.07908,3,-1,WAIT_RELEASE,0,0,0,400000000000,-1,0
0.0791,0,0,INJECTING,2739181984,2739022048,7510451818,320000000000,-1,0
0.0791,1,-1,WAIT_RELEASE,0,0,0,400000000000,-1,0
0.0791,2,-1,WAIT_RELEASE,0,0,0,400000000000,-1,0
0.0791,3,-1,WAIT_RELEASE,0,0,0,400000000000,-1,0
0.07912,0,0,INJECTING,2739975000,2739815064,7510451818,320000000000,-1,0
0.07912,1,-1,WAIT_RELEASE,0,0,0,400000000000,-1,0
0.07912,2,-1,WAIT_RELEASE,0,0,0,400000000000,-1,0
0.07912,3,-1,WAIT_RELEASE,0,0,0,400000000000,-1,0
0.07914,0,0,INJECTING,2740768968,2740608080,7510451818,320000000000,-1,0
0.07914,1,-1,WAIT_RELEASE,0,0,0,400000000000,-1,0
0.07914,2,-1,WAIT_RELEASE,0,0,0,400000000000,-1,0
0.07914,3,-1,WAIT_RELEASE,0,0,0,400000000000,-1,0
0.07916,0,0,INJECTING,2741561984,2741402048,7510451818,320000000000,-1,0
0.07916,1,-1,WAIT_RELEASE,0,0,0,400000000000,-1,0
0.07916,2,-1,WAIT_RELEASE,0,0,0,400000000000,-1,0
0.07916,3,-1,WAIT_RELEASE,0,0,0,400000000000,-1,0
0.07918,0,0,INJECTING,2742355000,2742195064,7510451818,320000000000,-1,0
0.07918,1,-1,WAIT_RELEASE,0,0,0,400000000000,-1,0
0.07918,2,-1,WAIT_RELEASE,0,0,0,400000000000,-1,0
0.07918,3,-1,WAIT_RELEASE,0,0,0,400000000000,-1,0
0.0792,0,0,INJECTING,2743148968,2742988080,7510451818,320000000000,-1,0
0.0792,1,-1,WAIT_RELEASE,0,0,0,400000000000,-1,0
0.0792,2,-1,WAIT_RELEASE,0,0,0,400000000000,-1,0
0.0792,3,-1,WAIT_RELEASE,0,0,0,400000000000,-1,0
0.07922,0,0,INJECTING,2743941984,2743782048,7510451818,320000000000,-1,0
0.07922,1,-1,WAIT_RELEASE,0,0,0,400000000000,-1,0
0.07922,2,-1,WAIT_RELEASE,0,0,0,400000000000,-1,0
0.07922,3,-1,WAIT_RELEASE,0,0,0,400000000000,-1,0
0.07924,0,0,INJECTING,2744735000,2744575064,7510451818,320000000000,-1,0
0.07924,1,-1,WAIT_RELEASE,0,0,0,400000000000,-1,0
0.07924,2,-1,WAIT_RELEASE,0,0,0,400000000000,-1,0
0.07924,3,-1,WAIT_RELEASE,0,0,0,400000000000,-1,0
0.07926,0,0,INJECTING,2745528968,2745368080,7510451818,320000000000,-1,0
0.07926,1,-1,WAIT_RELEASE,0,0,0,400000000000,-1,0
0.07926,2,-1,WAIT_RELEASE,0,0,0,400000000000,-1,0
0.07926,3,-1,WAIT_RELEASE,0,0,0,400000000000,-1,0
0.07928,0,0,INJECTING,2746321984,2746162048,7510451818,320000000000,-1,0
0.07928,1,-1,WAIT_RELEASE,0,0,0,400000000000,-1,0
0.07928,2,-1,WAIT_RELEASE,0,0,0,400000000000,-1,0
0.07928,3,-1,WAIT_RELEASE,0,0,0,400000000000,-1,0
0.0793,0,0,INJECTING,2747115000,2746955064,7510451818,320000000000,-1,0
0.0793,1,-1,WAIT_RELEASE,0,0,0,400000000000,-1,0
0.0793,2,-1,WAIT_RELEASE,0,0,0,400000000000,-1,0
0.0793,3,-1,WAIT_RELEASE,0,0,0,400000000000,-1,0
0.07932,0,0,INJECTING,2747908968,2747748080,7510451818,320000000000,-1,0
0.07932,1,-1,WAIT_RELEASE,0,0,0,400000000000,-1,0
0.07932,2,-1,WAIT_RELEASE,0,0,0,400000000000,-1,0
0.07932,3,-1,WAIT_RELEASE,0,0,0,400000000000,-1,0
0.07934,0,0,INJECTING,2748701984,2748542048,7510451818,320000000000,-1,0
0.07934,1,-1,WAIT_RELEASE,0,0,0,400000000000,-1,0
0.07934,2,-1,WAIT_RELEASE,0,0,0,400000000000,-1,0
0.07934,3,-1,WAIT_RELEASE,0,0,0,400000000000,-1,0
0.07936,0,0,INJECTING,2749495000,2749335064,7510451818,320000000000,-1,0
0.07936,1,-1,WAIT_RELEASE,0,0,0,400000000000,-1,0
0.07936,2,-1,WAIT_RELEASE,0,0,0,400000000000,-1,0
0.07936,3,-1,WAIT_RELEASE,0,0,0,400000000000,-1,0
0.07938,0,0,INJECTING,2750288968,2750128080,7510451818,320000000000,-1,0
0.07938,1,-1,WAIT_RELEASE,0,0,0,400000000000,-1,0
0.07938,2,-1,WAIT_RELEASE,0,0,0,400000000000,-1,0
0.07938,3,-1,WAIT_RELEASE,0,0,0,400000000000,-1,0
0.0794,0,0,INJECTING,2751081984,2750922048,7510451818,320000000000,-1,0
0.0794,1,-1,WAIT_RELEASE,0,0,0,400000000000,-1,0
0.0794,2,-1,WAIT_RELEASE,0,0,0,400000000000,-1,0
0.0794,3,-1,WAIT_RELEASE,0,0,0,400000000000,-1,0
0.07942,0,0,INJECTING,2751875000,2751715064,7510451818,320000000000,-1,0
0.07942,1,-1,WAIT_RELEASE,0,0,0,400000000000,-1,0
0.07942,2,-1,WAIT_RELEASE,0,0,0,400000000000,-1,0
0.07942,3,-1,WAIT_RELEASE,0,0,0,400000000000,-1,0
0.07944,0,0,INJECTING,2752668968,2752508080,7510451818,320000000000,-1,0
0.07944,1,-1,WAIT_RELEASE,0,0,0,400000000000,-1,0
0.07944,2,-1,WAIT_RELEASE,0,0,0,400000000000,-1,0
0.07944,3,-1,WAIT_RELEASE,0,0,0,400000000000,-1,0
0.07946,0,0,INJECTING,2753461984,2753302048,7510451818,320000000000,-1,0
0.07946,1,-1,WAIT_RELEASE,0,0,0,400000000000,-1,0
0.07946,2,-1,WAIT_RELEASE,0,0,0,400000000000,-1,0
0.07946,3,-1,WAIT_RELEASE,0,0,0,400000000000,-1,0
0.07948,0,0,INJECTING,2754255000,2754095064,7510451818,320000000000,-1,0
0.07948,1,-1,WAIT_RELEASE,0,0,0,400000000000,-1,0
0.07948,2,-1,WAIT_RELEASE,0,0,0,400000000000,-1,0
0.07948,3,-1,WAIT_RELEASE,0,0,0,400000000000,-1,0
0.0795,0,0,INJECTING,2755048968,2754888080,7510451818,320000000000,-1,0
0.0795,1,-1,WAIT_RELEASE,0,0,0,400000000000,-1,0
0.0795,2,-1,WAIT_RELEASE,0,0,0,400000000000,-1,0
0.0795,3,-1,WAIT_RELEASE,0,0,0,400000000000,-1,0
0.07952,0,0,INJECTING,2755841984,2755682048,7510451818,320000000000,-1,0
0.07952,1,-1,WAIT_RELEASE,0,0,0,400000000000,-1,0
0.07952,2,-1,WAIT_RELEASE,0,0,0,400000000000,-1,0
0.07952,3,-1,WAIT_RELEASE,0,0,0,400000000000,-1,0
0.07954,0,0,INJECTING,2756635000,2756475064,7510451818,320000000000,-1,0
0.07954,1,-1,WAIT_RELEASE,0,0,0,400000000000,-1,0
0.07954,2,-1,WAIT_RELEASE,0,0,0,400000000000,-1,0
0.07954,3,-1,WAIT_RELEASE,0,0,0,400000000000,-1,0
0.07956,0,0,INJECTING,2757428968,2757268080,7510451818,320000000000,-1,0
0.07956,1,-1,WAIT_RELEASE,0,0,0,400000000000,-1,0
0.07956,2,-1,WAIT_RELEASE,0,0,0,400000000000,-1,0
0.07956,3,-1,WAIT_RELEASE,0,0,0,400000000000,-1,0
0.07958,0,0,INJECTING,2758221984,2758062048,7510451818,320000000000,-1,0
0.07958,1,-1,WAIT_RELEASE,0,0,0,400000000000,-1,0
0.07958,2,-1,WAIT_RELEASE,0,0,0,400000000000,-1,0
0.07958,3,-1,WAIT_RELEASE,0,0,0,400000000000,-1,0
0.0796,0,0,INJECTING,2759015000,2758855064,7510451818,320000000000,-1,0
0.0796,1,-1,WAIT_RELEASE,0,0,0,400000000000,-1,0
0.0796,2,-1,WAIT_RELEASE,0,0,0,400000000000,-1,0
0.0796,3,-1,WAIT_RELEASE,0,0,0,400000000000,-1,0
0.07962,0,0,INJECTING,2759808968,2759648080,7510451818,320000000000,-1,0
0.07962,1,-1,WAIT_RELEASE,0,0,0,400000000000,-1,0
0.07962,2,-1,WAIT_RELEASE,0,0,0,400000000000,-1,0
0.07962,3,-1,WAIT_RELEASE,0,0,0,400000000000,-1,0
0.07964,0,0,INJECTING,2760601984,2760442048,7510451818,320000000000,-1,0
0.07964,1,-1,WAIT_RELEASE,0,0,0,400000000000,-1,0
0.07964,2,-1,WAIT_RELEASE,0,0,0,400000000000,-1,0
0.07964,3,-1,WAIT_RELEASE,0,0,0,400000000000,-1,0
0.07966,0,0,INJECTING,2761395000,2761235064,7510451818,320000000000,-1,0
0.07966,1,-1,WAIT_RELEASE,0,0,0,400000000000,-1,0
0.07966,2,-1,WAIT_RELEASE,0,0,0,400000000000,-1,0
0.07966,3,-1,WAIT_RELEASE,0,0,0,400000000000,-1,0
0.07968,0,0,INJECTING,2762188968,2762028080,7510451818,320000000000,-1,0
0.07968,1,-1,WAIT_RELEASE,0,0,0,400000000000,-1,0
0.07968,2,-1,WAIT_RELEASE,0,0,0,400000000000,-1,0
0.07968,3,-1,WAIT_RELEASE,0,0,0,400000000000,-1,0
0.0797,0,0,INJECTING,2762981984,2762822048,7510451818,320000000000,-1,0
0.0797,1,-1,WAIT_RELEASE,0,0,0,400000000000,-1,0
0.0797,2,-1,WAIT_RELEASE,0,0,0,400000000000,-1,0
0.0797,3,-1,WAIT_RELEASE,0,0,0,400000000000,-1,0
0.07972,0,0,INJECTING,2763775000,2763615064,7510451818,320000000000,-1,0
0.07972,1,-1,WAIT_RELEASE,0,0,0,400000000000,-1,0
0.07972,2,-1,WAIT_RELEASE,0,0,0,400000000000,-1,0
0.07972,3,-1,WAIT_RELEASE,0,0,0,400000000000,-1,0
0.07974,0,0,INJECTING,2764568968,2764408080,7510451818,320000000000,-1,0
0.07974,1,-1,WAIT_RELEASE,0,0,0,400000000000,-1,0
0.07974,2,-1,WAIT_RELEASE,0,0,0,400000000000,-1,0
0.07974,3,-1,WAIT_RELEASE,0,0,0,400000000000,-1,0
0.07976,0,0,INJECTING,2765361984,2765202048,7510451818,320000000000,-1,0
0.07976,1,-1,WAIT_RELEASE,0,0,0,400000000000,-1,0
0.07976,2,-1,WAIT_RELEASE,0,0,0,400000000000,-1,0
0.07976,3,-1,WAIT_RELEASE,0,0,0,400000000000,-1,0
0.07978,0,0,INJECTING,2766155000,2765995064,7510451818,320000000000,-1,0
0.07978,1,-1,WAIT_RELEASE,0,0,0,400000000000,-1,0
0.07978,2,-1,WAIT_RELEASE,0,0,0,400000000000,-1,0
0.07978,3,-1,WAIT_RELEASE,0,0,0,400000000000,-1,0
0.0798,0,0,INJECTING,2766948968,2766788080,7510451818,320000000000,-1,0
0.0798,1,-1,WAIT_RELEASE,0,0,0,400000000000,-1,0
0.0798,2,-1,WAIT_RELEASE,0,0,0,400000000000,-1,0
0.0798,3,-1,WAIT_RELEASE,0,0,0,400000000000,-1,0
0.07982,0,0,INJECTING,2767741984,2767582048,7510451818,320000000000,-1,0
0.07982,1,-1,WAIT_RELEASE,0,0,0,400000000000,-1,0
0.07982,2,-1,WAIT_RELEASE,0,0,0,400000000000,-1,0
0.07982,3,-1,WAIT_RELEASE,0,0,0,400000000000,-1,0
0.07984,0,0,INJECTING,2768535000,2768375064,7510451818,320000000000,-1,0
0.07984,1,-1,WAIT_RELEASE,0,0,0,400000000000,-1,0
0.07984,2,-1,WAIT_RELEASE,0,0,0,400000000000,-1,0
0.07984,3,-1,WAIT_RELEASE,0,0,0,400000000000,-1,0
0.07986,0,0,INJECTING,2769328968,2769168080,7510451818,320000000000,-1,0
0.07986,1,-1,WAIT_RELEASE,0,0,0,400000000000,-1,0
0.07986,2,-1,WAIT_RELEASE,0,0,0,400000000000,-1,0
0.07986,3,-1,WAIT_RELEASE,0,0,0,400000000000,-1,0
0.07988,0,0,INJECTING,2770121984,2769962048,7510451818,320000000000,-1,0
0.07988,1,-1,WAIT_RELEASE,0,0,0,400000000000,-1,0
0.07988,2,-1,WAIT_RELEASE,0,0,0,400000000000,-1,0
0.07988,3,-1,WAIT_RELEASE,0,0,0,400000000000,-1,0
0.0799,0,0,INJECTING,2770915000,2770755064,7510451818,320000000000,-1,0
0.0799,1,-1,WAIT_RELEASE,0,0,0,400000000000,-1,0
0.0799,2,-1,WAIT_RELEASE,0,0,0,400000000000,-1,0
0.0799,3,-1,WAIT_RELEASE,0,0,0,400000000000,-1,0
0.07992,0,0,INJECTING,2771708968,2771548080,7510451818,320000000000,-1,0
0.07992,1,-1,WAIT_RELEASE,0,0,0,400000000000,-1,0
0.07992,2,-1,WAIT_RELEASE,0,0,0,400000000000,-1,0
0.07992,3,-1,WAIT_RELEASE,0,0,0,400000000000,-1,0
0.07994,0,0,INJECTING,2772501984,2772342048,7510451818,320000000000,-1,0
0.07994,1,-1,WAIT_RELEASE,0,0,0,400000000000,-1,0
0.07994,2,-1,WAIT_RELEASE,0,0,0,400000000000,-1,0
0.07994,3,-1,WAIT_RELEASE,0,0,0,400000000000,-1,0
0.07996,0,0,INJECTING,2773295000,2773135064,7510451818,320000000000,-1,0
0.07996,1,-1,WAIT_RELEASE,0,0,0,400000000000,-1,0
0.07996,2,-1,WAIT_RELEASE,0,0,0,400000000000,-1,0
0.07996,3,-1,WAIT_RELEASE,0,0,0,400000000000,-1,0
0.07998,0,0,INJECTING,2774088968,2773928080,7510451818,320000000000,-1,0
0.07998,1,-1,WAIT_RELEASE,0,0,0,400000000000,-1,0
0.07998,2,-1,WAIT_RELEASE,0,0,0,400000000000,-1,0
0.07998,3,-1,WAIT_RELEASE,0,0,0,400000000000,-1,0
0.08,0,0,INJECTING,2774881984,2774722048,7510451818,320000000000,-1,0
0.08,1,-1,WAIT_RELEASE,0,0,0,400000000000,-1,0
0.08,2,-1,WAIT_RELEASE,0,0,0,400000000000,-1,0
0.08,3,-1,WAIT_RELEASE,0,0,0,400000000000,-1,0
0.08002,0,0,INJECTING,2775675000,2775515064,7510451818,320000000000,-1,0
0.08002,1,-1,WAIT_RELEASE,0,0,0,400000000000,-1,0
0.08002,2,-1,WAIT_RELEASE,0,0,0,400000000000,-1,0
0.08002,3,-1,WAIT_RELEASE,0,0,0,400000000000,-1,0
0.08004,0,0,INJECTING,2776468968,2776308080,7510451818,320000000000,-1,0
0.08004,1,-1,WAIT_RELEASE,0,0,0,400000000000,-1,0
0.08004,2,-1,WAIT_RELEASE,0,0,0,400000000000,-1,0
0.08004,3,-1,WAIT_RELEASE,0,0,0,400000000000,-1,0
0.08006,0,0,INJECTING,2777261984,2777102048,7510451818,320000000000,-1,0
0.08006,1,-1,WAIT_RELEASE,0,0,0,400000000000,-1,0
0.08006,2,-1,WAIT_RELEASE,0,0,0,400000000000,-1,0
0.08006,3,-1,WAIT_RELEASE,0,0,0,400000000000,-1,0
0.08008,0,0,INJECTING,2778055000,2777895064,7510451818,320000000000,-1,0
0.08008,1,-1,WAIT_RELEASE,0,0,0,400000000000,-1,0
0.08008,2,-1,WAIT_RELEASE,0,0,0,400000000000,-1,0
0.08008,3,-1,WAIT_RELEASE,0,0,0,400000000000,-1,0
0.0801,0,0,INJECTING,2778848968,2778688080,7510451818,320000000000,-1,0
0.0801,1,-1,WAIT_RELEASE,0,0,0,400000000000,-1,0
0.0801,2,-1,WAIT_RELEASE,0,0,0,400000000000,-1,0
0.0801,3,-1,WAIT_RELEASE,0,0,0,400000000000,-1,0
0.08012,0,0,INJECTING,2779641984,2779482048,7510451818,320000000000,-1,0
0.08012,1,-1,WAIT_RELEASE,0,0,0,400000000000,-1,0
0.08012,2,-1,WAIT_RELEASE,0,0,0,400000000000,-1,0
0.08012,3,-1,WAIT_RELEASE,0,0,0,400000000000,-1,0
0.08014,0,0,INJECTING,2780435000,2780275064,7510451818,320000000000,-1,0
0.08014,1,-1,WAIT_RELEASE,0,0,0,400000000000,-1,0
0.08014,2,-1,WAIT_RELEASE,0,0,0,400000000000,-1,0
0.08014,3,-1,WAIT_RELEASE,0,0,0,400000000000,-1,0
0.08016,0,0,INJECTING,2781228968,2781068080,7510451818,320000000000,-1,0
0.08016,1,-1,WAIT_RELEASE,0,0,0,400000000000,-1,0
0.08016,2,-1,WAIT_RELEASE,0,0,0,400000000000,-1,0
0.08016,3,-1,WAIT_RELEASE,0,0,0,400000000000,-1,0
0.08018,0,0,INJECTING,2782021984,2781862048,7510451818,320000000000,-1,0
0.08018,1,-1,WAIT_RELEASE,0,0,0,400000000000,-1,0
0.08018,2,-1,WAIT_RELEASE,0,0,0,400000000000,-1,0
0.08018,3,-1,WAIT_RELEASE,0,0,0,400000000000,-1,0
0.0802,0,0,INJECTING,2782815000,2782655064,7510451818,320000000000,-1,0
0.0802,1,-1,WAIT_RELEASE,0,0,0,400000000000,-1,0
0.0802,2,-1,WAIT_RELEASE,0,0,0,400000000000,-1,0
0.0802,3,-1,WAIT_RELEASE,0,0,0,400000000000,-1,0
0.08022,0,0,INJECTING,2783608968,2783448080,7510451818,320000000000,-1,0
0.08022,1,-1,WAIT_RELEASE,0,0,0,400000000000,-1,0
0.08022,2,-1,WAIT_RELEASE,0,0,0,400000000000,-1,0
0.08022,3,-1,WAIT_RELEASE,0,0,0,400000000000,-1,0
0.08024,0,0,INJECTING,2784401984,2784242048,7510451818,320000000000,-1,0
0.08024,1,-1,WAIT_RELEASE,0,0,0,400000000000,-1,0
0.08024,2,-1,WAIT_RELEASE,0,0,0,400000000000,-1,0
0.08024,3,-1,WAIT_RELEASE,0,0,0,400000000000,-1,0
0.08026,0,0,INJECTING,2785195000,2785035064,7510451818,320000000000,-1,0
0.08026,1,-1,WAIT_RELEASE,0,0,0,400000000000,-1,0
0.08026,2,-1,WAIT_RELEASE,0,0,0,400000000000,-1,0
0.08026,3,-1,WAIT_RELEASE,0,0,0,400000000000,-1,0
0.08028,0,0,INJECTING,2785988968,2785828080,7510451818,320000000000,-1,0
0.08028,1,-1,WAIT_RELEASE,0,0,0,400000000000,-1,0
0.08028,2,-1,WAIT_RELEASE,0,0,0,400000000000,-1,0
0.08028,3,-1,WAIT_RELEASE,0,0,0,400000000000,-1,0
0.0803,0,0,INJECTING,2786781984,2786622048,7510451818,320000000000,-1,0
0.0803,1,-1,WAIT_RELEASE,0,0,0,400000000000,-1,0
0.0803,2,-1,WAIT_RELEASE,0,0,0,400000000000,-1,0
0.0803,3,-1,WAIT_RELEASE,0,0,0,400000000000,-1,0
0.08032,0,0,INJECTING,2787575000,2787415064,7510451818,320000000000,-1,0
0.08032,1,-1,WAIT_RELEASE,0,0,0,400000000000,-1,0
0.08032,2,-1,WAIT_RELEASE,0,0,0,400000000000,-1,0
0.08032,3,-1,WAIT_RELEASE,0,0,0,400000000000,-1,0
0.08034,0,0,INJECTING,2788368968,2788208080,7510451818,320000000000,-1,0
0.08034,1,-1,WAIT_RELEASE,0,0,0,400000000000,-1,0
0.08034,2,-1,WAIT_RELEASE,0,0,0,400000000000,-1,0
0.08034,3,-1,WAIT_RELEASE,0,0,0,400000000000,-1,0
0.08036,0,0,INJECTING,2789161984,2789002048,7510451818,320000000000,-1,0
0.08036,1,-1,WAIT_RELEASE,0,0,0,400000000000,-1,0
0.08036,2,-1,WAIT_RELEASE,0,0,0,400000000000,-1,0
0.08036,3,-1,WAIT_RELEASE,0,0,0,400000000000,-1,0
0.08038,0,0,INJECTING,2789955000,2789795064,7510451818,320000000000,-1,0
0.08038,1,-1,WAIT_RELEASE,0,0,0,400000000000,-1,0
0.08038,2,-1,WAIT_RELEASE,0,0,0,400000000000,-1,0
0.08038,3,-1,WAIT_RELEASE,0,0,0,400000000000,-1,0
0.0804,0,0,INJECTING,2790748968,2790588080,7510451818,320000000000,-1,0
0.0804,1,-1,WAIT_RELEASE,0,0,0,400000000000,-1,0
0.0804,2,-1,WAIT_RELEASE,0,0,0,400000000000,-1,0
0.0804,3,-1,WAIT_RELEASE,0,0,0,400000000000,-1,0
0.08042,0,0,INJECTING,2791541984,2791382048,7510451818,320000000000,-1,0
0.08042,1,-1,WAIT_RELEASE,0,0,0,400000000000,-1,0
0.08042,2,-1,WAIT_RELEASE,0,0,0,400000000000,-1,0
0.08042,3,-1,WAIT_RELEASE,0,0,0,400000000000,-1,0
0.08044,0,0,INJECTING,2792335000,2792175064,7510451818,320000000000,-1,0
0.08044,1,-1,WAIT_RELEASE,0,0,0,400000000000,-1,0
0.08044,2,-1,WAIT_RELEASE,0,0,0,400000000000,-1,0
0.08044,3,-1,WAIT_RELEASE,0,0,0,400000000000,-1,0
0.08046,0,0,INJECTING,2793128968,2792968080,7510451818,320000000000,-1,0
0.08046,1,-1,WAIT_RELEASE,0,0,0,400000000000,-1,0
0.08046,2,-1,WAIT_RELEASE,0,0,0,400000000000,-1,0
0.08046,3,-1,WAIT_RELEASE,0,0,0,400000000000,-1,0
0.08048,0,0,INJECTING,2793921984,2793762048,7510451818,320000000000,-1,0
0.08048,1,-1,WAIT_RELEASE,0,0,0,400000000000,-1,0
0.08048,2,-1,WAIT_RELEASE,0,0,0,400000000000,-1,0
0.08048,3,-1,WAIT_RELEASE,0,0,0,400000000000,-1,0
0.0805,0,0,INJECTING,2794715000,2794555064,7510451818,320000000000,-1,0
0.0805,1,-1,WAIT_RELEASE,0,0,0,400000000000,-1,0
0.0805,2,-1,WAIT_RELEASE,0,0,0,400000000000,-1,0
0.0805,3,-1,WAIT_RELEASE,0,0,0,400000000000,-1,0
0.08052,0,0,INJECTING,2795508968,2795348080,7510451818,320000000000,-1,0
0.08052,1,-1,WAIT_RELEASE,0,0,0,400000000000,-1,0
0.08052,2,-1,WAIT_RELEASE,0,0,0,400000000000,-1,0
0.08052,3,-1,WAIT_RELEASE,0,0,0,400000000000,-1,0
0.08054,0,0,INJECTING,2796301984,2796142048,7510451818,320000000000,-1,0
0.08054,1,-1,WAIT_RELEASE,0,0,0,400000000000,-1,0
0.08054,2,-1,WAIT_RELEASE,0,0,0,400000000000,-1,0
0.08054,3,-1,WAIT_RELEASE,0,0,0,400000000000,-1,0
0.08056,0,0,INJECTING,2797095000,2796935064,7510451818,320000000000,-1,0
0.08056,1,-1,WAIT_RELEASE,0,0,0,400000000000,-1,0
0.08056,2,-1,WAIT_RELEASE,0,0,0,400000000000,-1,0
0.08056,3,-1,WAIT_RELEASE,0,0,0,400000000000,-1,0
0.08058,0,0,INJECTING,2797888968,2797728080,7510451818,320000000000,-1,0
0.08058,1,-1,WAIT_RELEASE,0,0,0,400000000000,-1,0
0.08058,2,-1,WAIT_RELEASE,0,0,0,400000000000,-1,0
0.08058,3,-1,WAIT_RELEASE,0,0,0,400000000000,-1,0
0.0806,0,0,INJECTING,2798681984,2798522048,7510451818,320000000000,-1,0
0.0806,1,-1,WAIT_RELEASE,0,0,0,400000000000,-1,0
0.0806,2,-1,WAIT_RELEASE,0,0,0,400000000000,-1,0
0.0806,3,-1,WAIT_RELEASE,0,0,0,400000000000,-1,0
0.08062,0,0,INJECTING,2799475000,2799315064,7510451818,320000000000,-1,0
0.08062,1,-1,WAIT_RELEASE,0,0,0,400000000000,-1,0
0.08062,2,-1,WAIT_RELEASE,0,0,0,400000000000,-1,0
0.08062,3,-1,WAIT_RELEASE,0,0,0,400000000000,-1,0
0.08064,0,0,INJECTING,2800268968,2800108080,7510451818,320000000000,-1,0
0.08064,1,-1,WAIT_RELEASE,0,0,0,400000000000,-1,0
0.08064,2,-1,WAIT_RELEASE,0,0,0,400000000000,-1,0
0.08064,3,-1,WAIT_RELEASE,0,0,0,400000000000,-1,0
0.08066,0,0,INJECTING,2801061984,2800902048,7510451818,320000000000,-1,0
0.08066,1,-1,WAIT_RELEASE,0,0,0,400000000000,-1,0
0.08066,2,-1,WAIT_RELEASE,0,0,0,400000000000,-1,0
0.08066,3,-1,WAIT_RELEASE,0,0,0,400000000000,-1,0
0.08068,0,0,INJECTING,2801855000,2801695064,7510451818,320000000000,-1,0
0.08068,1,-1,WAIT_RELEASE,0,0,0,400000000000,-1,0
0.08068,2,-1,WAIT_RELEASE,0,0,0,400000000000,-1,0
0.08068,3,-1,WAIT_RELEASE,0,0,0,400000000000,-1,0
0.0807,0,0,INJECTING,2802648968,2802488080,7510451818,320000000000,-1,0
0.0807,1,-1,WAIT_RELEASE,0,0,0,400000000000,-1,0
0.0807,2,-1,WAIT_RELEASE,0,0,0,400000000000,-1,0
0.0807,3,-1,WAIT_RELEASE,0,0,0,400000000000,-1,0
0.08072,0,0,INJECTING,2803441984,2803282048,7510451818,320000000000,-1,0
0.08072,1,-1,WAIT_RELEASE,0,0,0,400000000000,-1,0
0.08072,2,-1,WAIT_RELEASE,0,0,0,400000000000,-1,0
0.08072,3,-1,WAIT_RELEASE,0,0,0,400000000000,-1,0
0.08074,0,0,INJECTING,2804235000,2804075064,7510451818,320000000000,-1,0
0.08074,1,-1,WAIT_RELEASE,0,0,0,400000000000,-1,0
0.08074,2,-1,WAIT_RELEASE,0,0,0,400000000000,-1,0
0.08074,3,-1,WAIT_RELEASE,0,0,0,400000000000,-1,0
0.08076,0,0,INJECTING,2805028968,2804868080,7510451818,320000000000,-1,0
0.08076,1,-1,WAIT_RELEASE,0,0,0,400000000000,-1,0
0.08076,2,-1,WAIT_RELEASE,0,0,0,400000000000,-1,0
0.08076,3,-1,WAIT_RELEASE,0,0,0,400000000000,-1,0
0.08078,0,0,INJECTING,2805821984,2805662048,7510451818,320000000000,-1,0
0.08078,1,-1,WAIT_RELEASE,0,0,0,400000000000,-1,0
0.08078,2,-1,WAIT_RELEASE,0,0,0,400000000000,-1,0
0.08078,3,-1,WAIT_RELEASE,0,0,0,400000000000,-1,0
0.0808,0,0,INJECTING,2806615000,2806455064,7510451818,320000000000,-1,0
0.0808,1,-1,WAIT_RELEASE,0,0,0,400000000000,-1,0
0.0808,2,-1,WAIT_RELEASE,0,0,0,400000000000,-1,0
0.0808,3,-1,WAIT_RELEASE,0,0,0,400000000000,-1,0
0.08082,0,0,INJECTING,2807408968,2807248080,7510451818,320000000000,-1,0
0.08082,1,-1,WAIT_RELEASE,0,0,0,400000000000,-1,0
0.08082,2,-1,WAIT_RELEASE,0,0,0,400000000000,-1,0
0.08082,3,-1,WAIT_RELEASE,0,0,0,400000000000,-1,0
0.08084,0,0,INJECTING,2808201984,2808042048,7510451818,320000000000,-1,0
0.08084,1,-1,WAIT_RELEASE,0,0,0,400000000000,-1,0
0.08084,2,-1,WAIT_RELEASE,0,0,0,400000000000,-1,0
0.08084,3,-1,WAIT_RELEASE,0,0,0,400000000000,-1,0
0.08086,0,0,INJECTING,2808995000,2808835064,7510451818,320000000000,-1,0
0.08086,1,-1,WAIT_RELEASE,0,0,0,400000000000,-1,0
0.08086,2,-1,WAIT_RELEASE,0,0,0,400000000000,-1,0
0.08086,3,-1,WAIT_RELEASE,0,0,0,400000000000,-1,0
0.08088,0,0,INJECTING,2809788968,2809628080,7510451818,320000000000,-1,0
0.08088,1,-1,WAIT_RELEASE,0,0,0,400000000000,-1,0
0.08088,2,-1,WAIT_RELEASE,0,0,0,400000000000,-1,0
0.08088,3,-1,WAIT_RELEASE,0,0,0,400000000000,-1,0
0.0809,0,0,INJECTING,2810581984,2810422048,7510451818,320000000000,-1,0
0.0809,1,-1,WAIT_RELEASE,0,0,0,400000000000,-1,0
0.0809,2,-1,WAIT_RELEASE,0,0,0,400000000000,-1,0
0.0809,3,-1,WAIT_RELEASE,0,0,0,400000000000,-1,0
0.08092,0,0,INJECTING,2811375000,2811215064,7510451818,320000000000,-1,0
0.08092,1,-1,WAIT_RELEASE,0,0,0,400000000000,-1,0
0.08092,2,-1,WAIT_RELEASE,0,0,0,400000000000,-1,0
0.08092,3,-1,WAIT_RELEASE,0,0,0,400000000000,-1,0
0.08094,0,0,INJECTING,2812168968,2812008080,7510451818,320000000000,-1,0
0.08094,1,-1,WAIT_RELEASE,0,0,0,400000000000,-1,0
0.08094,2,-1,WAIT_RELEASE,0,0,0,400000000000,-1,0
0.08094,3,-1,WAIT_RELEASE,0,0,0,400000000000,-1,0
0.08096,0,0,INJECTING,2812961984,2812802048,7510451818,320000000000,-1,0
0.08096,1,-1,WAIT_RELEASE,0,0,0,400000000000,-1,0
0.08096,2,-1,WAIT_RELEASE,0,0,0,400000000000,-1,0
0.08096,3,-1,WAIT_RELEASE,0,0,0,400000000000,-1,0
0.08098,0,0,INJECTING,2813755000,2813595064,7510451818,320000000000,-1,0
0.08098,1,-1,WAIT_RELEASE,0,0,0,400000000000,-1,0
0.08098,2,-1,WAIT_RELEASE,0,0,0,400000000000,-1,0
0.08098,3,-1,WAIT_RELEASE,0,0,0,400000000000,-1,0
0.081,0,0,INJECTING,2814548968,2814388080,7510451818,320000000000,-1,0
0.081,1,-1,WAIT_RELEASE,0,0,0,400000000000,-1,0
0.081,2,-1,WAIT_RELEASE,0,0,0,400000000000,-1,0
0.081,3,-1,WAIT_RELEASE,0,0,0,400000000000,-1,0
0.08102,0,0,INJECTING,2815341984,2815182048,7510451818,320000000000,-1,0
0.08102,1,-1,WAIT_RELEASE,0,0,0,400000000000,-1,0
0.08102,2,-1,WAIT_RELEASE,0,0,0,400000000000,-1,0
0.08102,3,-1,WAIT_RELEASE,0,0,0,400000000000,-1,0
0.08104,0,0,INJECTING,2816135000,2815975064,7510451818,320000000000,-1,0
0.08104,1,-1,WAIT_RELEASE,0,0,0,400000000000,-1,0
0.08104,2,-1,WAIT_RELEASE,0,0,0,400000000000,-1,0
0.08104,3,-1,WAIT_RELEASE,0,0,0,400000000000,-1,0
0.08106,0,0,INJECTING,2816928968,2816768080,7510451818,320000000000,-1,0
0.08106,1,-1,WAIT_RELEASE,0,0,0,400000000000,-1,0
0.08106,2,-1,WAIT_RELEASE,0,0,0,400000000000,-1,0
0.08106,3,-1,WAIT_RELEASE,0,0,0,400000000000,-1,0
0.08108,0,0,INJECTING,2817721984,2817562048,7510451818,320000000000,-1,0
0.08108,1,-1,WAIT_RELEASE,0,0,0,400000000000,-1,0
0.08108,2,-1,WAIT_RELEASE,0,0,0,400000000000,-1,0
0.08108,3,-1,WAIT_RELEASE,0,0,0,400000000000,-1,0
0.0811,0,0,INJECTING,2818515000,2818355064,7510451818,320000000000,-1,0
0.0811,1,-1,WAIT_RELEASE,0,0,0,400000000000,-1,0
0.0811,2,-1,WAIT_RELEASE,0,0,0,400000000000,-1,0
0.0811,3,-1,WAIT_RELEASE,0,0,0,400000000000,-1,0
0.08112,0,0,INJECTING,2819308968,2819148080,7510451818,320000000000,-1,0
0.08112,1,-1,WAIT_RELEASE,0,0,0,400000000000,-1,0
0.08112,2,-1,WAIT_RELEASE,0,0,0,400000000000,-1,0
0.08112,3,-1,WAIT_RELEASE,0,0,0,400000000000,-1,0
0.08114,0,0,INJECTING,2820101984,2819942048,7510451818,320000000000,-1,0
0.08114,1,-1,WAIT_RELEASE,0,0,0,400000000000,-1,0
0.08114,2,-1,WAIT_RELEASE,0,0,0,400000000000,-1,0
0.08114,3,-1,WAIT_RELEASE,0,0,0,400000000000,-1,0
0.08116,0,0,INJECTING,2820895000,2820735064,7510451818,320000000000,-1,0
0.08116,1,-1,WAIT_RELEASE,0,0,0,400000000000,-1,0
0.08116,2,-1,WAIT_RELEASE,0,0,0,400000000000,-1,0
0.08116,3,-1,WAIT_RELEASE,0,0,0,400000000000,-1,0
0.08118,0,0,INJECTING,2821688968,2821528080,7510451818,320000000000,-1,0
0.08118,1,-1,WAIT_RELEASE,0,0,0,400000000000,-1,0
0.08118,2,-1,WAIT_RELEASE,0,0,0,400000000000,-1,0
0.08118,3,-1,WAIT_RELEASE,0,0,0,400000000000,-1,0
0.0812,0,0,INJECTING,2822481984,2822322048,7510451818,320000000000,-1,0
0.0812,1,-1,WAIT_RELEASE,0,0,0,400000000000,-1,0
0.0812,2,-1,WAIT_RELEASE,0,0,0,400000000000,-1,0
0.0812,3,-1,WAIT_RELEASE,0,0,0,400000000000,-1,0
0.08122,0,0,INJECTING,2823275000,2823115064,7510451818,320000000000,-1,0
0.08122,1,-1,WAIT_RELEASE,0,0,0,400000000000,-1,0
0.08122,2,-1,WAIT_RELEASE,0,0,0,400000000000,-1,0
0.08122,3,-1,WAIT_RELEASE,0,0,0,400000000000,-1,0
0.08124,0,0,INJECTING,2824068968,2823908080,7510451818,320000000000,-1,0
0.08124,1,-1,WAIT_RELEASE,0,0,0,400000000000,-1,0
0.08124,2,-1,WAIT_RELEASE,0,0,0,400000000000,-1,0
0.08124,3,-1,WAIT_RELEASE,0,0,0,400000000000,-1,0
0.08126,0,0,INJECTING,2824861984,2824702048,7510451818,320000000000,-1,0
0.08126,1,-1,WAIT_RELEASE,0,0,0,400000000000,-1,0
0.08126,2,-1,WAIT_RELEASE,0,0,0,400000000000,-1,0
0.08126,3,-1,WAIT_RELEASE,0,0,0,400000000000,-1,0
0.08128,0,0,INJECTING,2825655000,2825495064,7510451818,320000000000,-1,0
0.08128,1,-1,WAIT_RELEASE,0,0,0,400000000000,-1,0
0.08128,2,-1,WAIT_RELEASE,0,0,0,400000000000,-1,0
0.08128,3,-1,WAIT_RELEASE,0,0,0,400000000000,-1,0
0.0813,0,0,INJECTING,2826448968,2826288080,7510451818,320000000000,-1,0
0.0813,1,-1,WAIT_RELEASE,0,0,0,400000000000,-1,0
0.0813,2,-1,WAIT_RELEASE,0,0,0,400000000000,-1,0
0.0813,3,-1,WAIT_RELEASE,0,0,0,400000000000,-1,0
0.08132,0,0,INJECTING,2827241984,2827082048,7510451818,320000000000,-1,0
0.08132,1,-1,WAIT_RELEASE,0,0,0,400000000000,-1,0
0.08132,2,-1,WAIT_RELEASE,0,0,0,400000000000,-1,0
0.08132,3,-1,WAIT_RELEASE,0,0,0,400000000000,-1,0
0.08134,0,0,INJECTING,2828035000,2827875064,7510451818,320000000000,-1,0
0.08134,1,-1,WAIT_RELEASE,0,0,0,400000000000,-1,0
0.08134,2,-1,WAIT_RELEASE,0,0,0,400000000000,-1,0
0.08134,3,-1,WAIT_RELEASE,0,0,0,400000000000,-1,0
0.08136,0,0,INJECTING,2828828968,2828668080,7510451818,320000000000,-1,0
0.08136,1,-1,WAIT_RELEASE,0,0,0,400000000000,-1,0
0.08136,2,-1,WAIT_RELEASE,0,0,0,400000000000,-1,0
0.08136,3,-1,WAIT_RELEASE,0,0,0,400000000000,-1,0
0.08138,0,0,INJECTING,2829621984,2829462048,7510451818,320000000000,-1,0
0.08138,1,-1,WAIT_RELEASE,0,0,0,400000000000,-1,0
0.08138,2,-1,WAIT_RELEASE,0,0,0,400000000000,-1,0
0.08138,3,-1,WAIT_RELEASE,0,0,0,400000000000,-1,0
0.0814,0,0,INJECTING,2830415000,2830255064,7510451818,320000000000,-1,0
0.0814,1,-1,WAIT_RELEASE,0,0,0,400000000000,-1,0
0.0814,2,-1,WAIT_RELEASE,0,0,0,400000000000,-1,0
0.0814,3,-1,WAIT_RELEASE,0,0,0,400000000000,-1,0
0.08142,0,0,INJECTING,2831208968,2831048080,7510451818,320000000000,-1,0
0.08142,1,-1,WAIT_RELEASE,0,0,0,400000000000,-1,0
0.08142,2,-1,WAIT_RELEASE,0,0,0,400000000000,-1,0
0.08142,3,-1,WAIT_RELEASE,0,0,0,400000000000,-1,0
0.08144,0,0,INJECTING,2832001984,2831842048,7510451818,320000000000,-1,0
0.08144,1,-1,WAIT_RELEASE,0,0,0,400000000000,-1,0
0.08144,2,-1,WAIT_RELEASE,0,0,0,400000000000,-1,0
0.08144,3,-1,WAIT_RELEASE,0,0,0,400000000000,-1,0
0.08146,0,0,INJECTING,2832795000,2832635064,7510451818,320000000000,-1,0
0.08146,1,-1,WAIT_RELEASE,0,0,0,400000000000,-1,0
0.08146,2,-1,WAIT_RELEASE,0,0,0,400000000000,-1,0
0.08146,3,-1,WAIT_RELEASE,0,0,0,400000000000,-1,0
0.08148,0,0,INJECTING,2833588968,2833428080,7510451818,320000000000,-1,0
0.08148,1,-1,WAIT_RELEASE,0,0,0,400000000000,-1,0
0.08148,2,-1,WAIT_RELEASE,0,0,0,400000000000,-1,0
0.08148,3,-1,WAIT_RELEASE,0,0,0,400000000000,-1,0
0.0815,0,0,INJECTING,2834381984,2834222048,7510451818,320000000000,-1,0
0.0815,1,-1,WAIT_RELEASE,0,0,0,400000000000,-1,0
0.0815,2,-1,WAIT_RELEASE,0,0,0,400000000000,-1,0
0.0815,3,-1,WAIT_RELEASE,0,0,0,400000000000,-1,0
0.08152,0,0,INJECTING,2835175000,2835015064,7510451818,320000000000,-1,0
0.08152,1,-1,WAIT_RELEASE,0,0,0,400000000000,-1,0
0.08152,2,-1,WAIT_RELEASE,0,0,0,400000000000,-1,0
0.08152,3,-1,WAIT_RELEASE,0,0,0,400000000000,-1,0
0.08154,0,0,INJECTING,2835968968,2835808080,7510451818,320000000000,-1,0
0.08154,1,-1,WAIT_RELEASE,0,0,0,400000000000,-1,0
0.08154,2,-1,WAIT_RELEASE,0,0,0,400000000000,-1,0
0.08154,3,-1,WAIT_RELEASE,0,0,0,400000000000,-1,0
0.08156,0,0,INJECTING,2836761984,2836602048,7510451818,320000000000,-1,0
0.08156,1,-1,WAIT_RELEASE,0,0,0,400000000000,-1,0
0.08156,2,-1,WAIT_RELEASE,0,0,0,400000000000,-1,0
0.08156,3,-1,WAIT_RELEASE,0,0,0,400000000000,-1,0
0.08158,0,0,INJECTING,2837555000,2837395064,7510451818,320000000000,-1,0
0.08158,1,-1,WAIT_RELEASE,0,0,0,400000000000,-1,0
0.08158,2,-1,WAIT_RELEASE,0,0,0,400000000000,-1,0
0.08158,3,-1,WAIT_RELEASE,0,0,0,400000000000,-1,0
0.0816,0,0,INJECTING,2838348968,2838188080,7510451818,320000000000,-1,0
0.0816,1,-1,WAIT_RELEASE,0,0,0,400000000000,-1,0
0.0816,2,-1,WAIT_RELEASE,0,0,0,400000000000,-1,0
0.0816,3,-1,WAIT_RELEASE,0,0,0,400000000000,-1,0
0.08162,0,0,INJECTING,2839141984,2838982048,7510451818,320000000000,-1,0
0.08162,1,-1,WAIT_RELEASE,0,0,0,400000000000,-1,0
0.08162,2,-1,WAIT_RELEASE,0,0,0,400000000000,-1,0
0.08162,3,-1,WAIT_RELEASE,0,0,0,400000000000,-1,0
0.08164,0,0,INJECTING,2839935000,2839775064,7510451818,320000000000,-1,0
0.08164,1,-1,WAIT_RELEASE,0,0,0,400000000000,-1,0
0.08164,2,-1,WAIT_RELEASE,0,0,0,400000000000,-1,0
0.08164,3,-1,WAIT_RELEASE,0,0,0,400000000000,-1,0
0.08166,0,0,INJECTING,2840728968,2840568080,7510451818,320000000000,-1,0
0.08166,1,-1,WAIT_RELEASE,0,0,0,400000000000,-1,0
0.08166,2,-1,WAIT_RELEASE,0,0,0,400000000000,-1,0
0.08166,3,-1,WAIT_RELEASE,0,0,0,400000000000,-1,0
0.08168,0,0,INJECTING,2841521984,2841362048,7510451818,320000000000,-1,0
0.08168,1,-1,WAIT_RELEASE,0,0,0,400000000000,-1,0
0.08168,2,-1,WAIT_RELEASE,0,0,0,400000000000,-1,0
0.08168,3,-1,WAIT_RELEASE,0,0,0,400000000000,-1,0
0.0817,0,0,INJECTING,2842315000,2842155064,7510451818,320000000000,-1,0
0.0817,1,-1,WAIT_RELEASE,0,0,0,400000000000,-1,0
0.0817,2,-1,WAIT_RELEASE,0,0,0,400000000000,-1,0
0.0817,3,-1,WAIT_RELEASE,0,0,0,400000000000,-1,0
0.08172,0,0,INJECTING,2843108968,2842948080,7510451818,320000000000,-1,0
0.08172,1,-1,WAIT_RELEASE,0,0,0,400000000000,-1,0
0.08172,2,-1,WAIT_RELEASE,0,0,0,400000000000,-1,0
0.08172,3,-1,WAIT_RELEASE,0,0,0,400000000000,-1,0
0.08174,0,0,INJECTING,2843901984,2843742048,7510451818,320000000000,-1,0
0.08174,1,-1,WAIT_RELEASE,0,0,0,400000000000,-1,0
0.08174,2,-1,WAIT_RELEASE,0,0,0,400000000000,-1,0
0.08174,3,-1,WAIT_RELEASE,0,0,0,400000000000,-1,0
0.08176,0,0,INJECTING,2844695000,2844535064,7510451818,320000000000,-1,0
0.08176,1,-1,WAIT_RELEASE,0,0,0,400000000000,-1,0
0.08176,2,-1,WAIT_RELEASE,0,0,0,400000000000,-1,0
0.08176,3,-1,WAIT_RELEASE,0,0,0,400000000000,-1,0
0.08178,0,0,INJECTING,2845488968,2845328080,7510451818,320000000000,-1,0
0.08178,1,-1,WAIT_RELEASE,0,0,0,400000000000,-1,0
0.08178,2,-1,WAIT_RELEASE,0,0,0,400000000000,-1,0
0.08178,3,-1,WAIT_RELEASE,0,0,0,400000000000,-1,0
0.0818,0,0,INJECTING,2846281984,2846122048,7510451818,320000000000,-1,0
0.0818,1,-1,WAIT_RELEASE,0,0,0,400000000000,-1,0
0.0818,2,-1,WAIT_RELEASE,0,0,0,400000000000,-1,0
0.0818,3,-1,WAIT_RELEASE,0,0,0,400000000000,-1,0
0.08182,0,0,INJECTING,2847075000,2846915064,7510451818,320000000000,-1,0
0.08182,1,-1,WAIT_RELEASE,0,0,0,400000000000,-1,0
0.08182,2,-1,WAIT_RELEASE,0,0,0,400000000000,-1,0
0.08182,3,-1,WAIT_RELEASE,0,0,0,400000000000,-1,0
0.08184,0,0,INJECTING,2847868968,2847708080,7510451818,320000000000,-1,0
0.08184,1,-1,WAIT_RELEASE,0,0,0,400000000000,-1,0
0.08184,2,-1,WAIT_RELEASE,0,0,0,400000000000,-1,0
0.08184,3,-1,WAIT_RELEASE,0,0,0,400000000000,-1,0
0.08186,0,0,INJECTING,2848661984,2848502048,7510451818,320000000000,-1,0
0.08186,1,-1,WAIT_RELEASE,0,0,0,400000000000,-1,0
0.08186,2,-1,WAIT_RELEASE,0,0,0,400000000000,-1,0
0.08186,3,-1,WAIT_RELEASE,0,0,0,400000000000,-1,0
0.08188,0,0,INJECTING,2849455000,2849295064,7510451818,320000000000,-1,0
0.08188,1,-1,WAIT_RELEASE,0,0,0,400000000000,-1,0
0.08188,2,-1,WAIT_RELEASE,0,0,0,400000000000,-1,0
0.08188,3,-1,WAIT_RELEASE,0,0,0,400000000000,-1,0
0.0819,0,0,INJECTING,2850248968,2850088080,7510451818,320000000000,-1,0
0.0819,1,-1,WAIT_RELEASE,0,0,0,400000000000,-1,0
0.0819,2,-1,WAIT_RELEASE,0,0,0,400000000000,-1,0
0.0819,3,-1,WAIT_RELEASE,0,0,0,400000000000,-1,0
0.08192,0,0,INJECTING,2851041984,2850882048,7510451818,320000000000,-1,0
0.08192,1,-1,WAIT_RELEASE,0,0,0,400000000000,-1,0
0.08192,2,-1,WAIT_RELEASE,0,0,0,400000000000,-1,0
0.08192,3,-1,WAIT_RELEASE,0,0,0,400000000000,-1,0
0.08194,0,0,INJECTING,2851835000,2851675064,7510451818,320000000000,-1,0
0.08194,1,-1,WAIT_RELEASE,0,0,0,400000000000,-1,0
0.08194,2,-1,WAIT_RELEASE,0,0,0,400000000000,-1,0
0.08194,3,-1,WAIT_RELEASE,0,0,0,400000000000,-1,0
0.08196,0,0,INJECTING,2852628968,2852468080,7510451818,320000000000,-1,0
0.08196,1,-1,WAIT_RELEASE,0,0,0,400000000000,-1,0
0.08196,2,-1,WAIT_RELEASE,0,0,0,400000000000,-1,0
0.08196,3,-1,WAIT_RELEASE,0,0,0,400000000000,-1,0
0.08198,0,0,INJECTING,2853421984,2853262048,7510451818,320000000000,-1,0
0.08198,1,-1,WAIT_RELEASE,0,0,0,400000000000,-1,0
0.08198,2,-1,WAIT_RELEASE,0,0,0,400000000000,-1,0
0.08198,3,-1,WAIT_RELEASE,0,0,0,400000000000,-1,0
0.082,0,0,INJECTING,2854215000,2854055064,7510451818,320000000000,-1,0
0.082,1,-1,WAIT_RELEASE,0,0,0,400000000000,-1,0
0.082,2,-1,WAIT_RELEASE,0,0,0,400000000000,-1,0
0.082,3,-1,WAIT_RELEASE,0,0,0,400000000000,-1,0
0.08202,0,0,INJECTING,2855008968,2854848080,7510451818,320000000000,-1,0
0.08202,1,-1,WAIT_RELEASE,0,0,0,400000000000,-1,0
0.08202,2,-1,WAIT_RELEASE,0,0,0,400000000000,-1,0
0.08202,3,-1,WAIT_RELEASE,0,0,0,400000000000,-1,0
0.08204,0,0,INJECTING,2855801984,2855642048,7510451818,320000000000,-1,0
0.08204,1,-1,WAIT_RELEASE,0,0,0,400000000000,-1,0
0.08204,2,-1,WAIT_RELEASE,0,0,0,400000000000,-1,0
0.08204,3,-1,WAIT_RELEASE,0,0,0,400000000000,-1,0
0.08206,0,0,INJECTING,2856595000,2856435064,7510451818,320000000000,-1,0
0.08206,1,-1,WAIT_RELEASE,0,0,0,400000000000,-1,0
0.08206,2,-1,WAIT_RELEASE,0,0,0,400000000000,-1,0
0.08206,3,-1,WAIT_RELEASE,0,0,0,400000000000,-1,0
0.08208,0,0,INJECTING,2857388968,2857228080,7510451818,320000000000,-1,0
0.08208,1,-1,WAIT_RELEASE,0,0,0,400000000000,-1,0
0.08208,2,-1,WAIT_RELEASE,0,0,0,400000000000,-1,0
0.08208,3,-1,WAIT_RELEASE,0,0,0,400000000000,-1,0
0.0821,0,0,INJECTING,2858181984,2858022048,7510451818,320000000000,-1,0
0.0821,1,-1,WAIT_RELEASE,0,0,0,400000000000,-1,0
0.0821,2,-1,WAIT_RELEASE,0,0,0,400000000000,-1,0
0.0821,3,-1,WAIT_RELEASE,0,0,0,400000000000,-1,0
0.08212,0,0,INJECTING,2858975000,2858815064,7510451818,320000000000,-1,0
0.08212,1,-1,WAIT_RELEASE,0,0,0,400000000000,-1,0
0.08212,2,-1,WAIT_RELEASE,0,0,0,400000000000,-1,0
0.08212,3,-1,WAIT_RELEASE,0,0,0,400000000000,-1,0
0.08214,0,0,INJECTING,2859768968,2859608080,7510451818,320000000000,-1,0
0.08214,1,-1,WAIT_RELEASE,0,0,0,400000000000,-1,0
0.08214,2,-1,WAIT_RELEASE,0,0,0,400000000000,-1,0
0.08214,3,-1,WAIT_RELEASE,0,0,0,400000000000,-1,0
0.08216,0,0,INJECTING,2860561984,2860402048,7510451818,320000000000,-1,0
0.08216,1,-1,WAIT_RELEASE,0,0,0,400000000000,-1,0
0.08216,2,-1,WAIT_RELEASE,0,0,0,400000000000,-1,0
0.08216,3,-1,WAIT_RELEASE,0,0,0,400000000000,-1,0
0.08218,0,0,INJECTING,2861355000,2861195064,7510451818,320000000000,-1,0
0.08218,1,-1,WAIT_RELEASE,0,0,0,400000000000,-1,0
0.08218,2,-1,WAIT_RELEASE,0,0,0,400000000000,-1,0
0.08218,3,-1,WAIT_RELEASE,0,0,0,400000000000,-1,0
0.0822,0,0,INJECTING,2862148968,2861988080,7510451818,320000000000,-1,0
0.0822,1,-1,WAIT_RELEASE,0,0,0,400000000000,-1,0
0.0822,2,-1,WAIT_RELEASE,0,0,0,400000000000,-1,0
0.0822,3,-1,WAIT_RELEASE,0,0,0,400000000000,-1,0
0.08222,0,0,INJECTING,2862941984,2862782048,7510451818,320000000000,-1,0
0.08222,1,-1,WAIT_RELEASE,0,0,0,400000000000,-1,0
0.08222,2,-1,WAIT_RELEASE,0,0,0,400000000000,-1,0
0.08222,3,-1,WAIT_RELEASE,0,0,0,400000000000,-1,0
0.08224,0,0,INJECTING,2863735000,2863575064,7510451818,320000000000,-1,0
0.08224,1,-1,WAIT_RELEASE,0,0,0,400000000000,-1,0
0.08224,2,-1,WAIT_RELEASE,0,0,0,400000000000,-1,0
0.08224,3,-1,WAIT_RELEASE,0,0,0,400000000000,-1,0
0.08226,0,0,INJECTING,2864528968,2864368080,7510451818,320000000000,-1,0
0.08226,1,-1,WAIT_RELEASE,0,0,0,400000000000,-1,0
0.08226,2,-1,WAIT_RELEASE,0,0,0,400000000000,-1,0
0.08226,3,-1,WAIT_RELEASE,0,0,0,400000000000,-1,0
0.08228,0,0,INJECTING,2865321984,2865162048,7510451818,320000000000,-1,0
0.08228,1,-1,WAIT_RELEASE,0,0,0,400000000000,-1,0
0.08228,2,-1,WAIT_RELEASE,0,0,0,400000000000,-1,0
0.08228,3,-1,WAIT_RELEASE,0,0,0,400000000000,-1,0
0.0823,0,0,INJECTING,2866115000,2865955064,7510451818,320000000000,-1,0
0.0823,1,-1,WAIT_RELEASE,0,0,0,400000000000,-1,0
0.0823,2,-1,WAIT_RELEASE,0,0,0,400000000000,-1,0
0.0823,3,-1,WAIT_RELEASE,0,0,0,400000000000,-1,0
0.08232,0,0,INJECTING,2866908968,2866748080,7510451818,320000000000,-1,0
0.08232,1,-1,WAIT_RELEASE,0,0,0,400000000000,-1,0
0.08232,2,-1,WAIT_RELEASE,0,0,0,400000000000,-1,0
0.08232,3,-1,WAIT_RELEASE,0,0,0,400000000000,-1,0
0.08234,0,0,INJECTING,2867701984,2867542048,7510451818,320000000000,-1,0
0.08234,1,-1,WAIT_RELEASE,0,0,0,400000000000,-1,0
0.08234,2,-1,WAIT_RELEASE,0,0,0,400000000000,-1,0
0.08234,3,-1,WAIT_RELEASE,0,0,0,400000000000,-1,0
0.08236,0,0,INJECTING,2868495000,2868335064,7510451818,320000000000,-1,0
0.08236,1,-1,WAIT_RELEASE,0,0,0,400000000000,-1,0
0.08236,2,-1,WAIT_RELEASE,0,0,0,400000000000,-1,0
0.08236,3,-1,WAIT_RELEASE,0,0,0,400000000000,-1,0
0.08238,0,0,INJECTING,2869288968,2869128080,7510451818,320000000000,-1,0
0.08238,1,-1,WAIT_RELEASE,0,0,0,400000000000,-1,0
0.08238,2,-1,WAIT_RELEASE,0,0,0,400000000000,-1,0
0.08238,3,-1,WAIT_RELEASE,0,0,0,400000000000,-1,0
0.0824,0,0,INJECTING,2870081984,2869922048,7510451818,320000000000,-1,0
0.0824,1,-1,WAIT_RELEASE,0,0,0,400000000000,-1,0
0.0824,2,-1,WAIT_RELEASE,0,0,0,400000000000,-1,0
0.0824,3,-1,WAIT_RELEASE,0,0,0,400000000000,-1,0
0.08242,0,0,INJECTING,2870875000,2870715064,7510451818,320000000000,-1,0
0.08242,1,-1,WAIT_RELEASE,0,0,0,400000000000,-1,0
0.08242,2,-1,WAIT_RELEASE,0,0,0,400000000000,-1,0
0.08242,3,-1,WAIT_RELEASE,0,0,0,400000000000,-1,0
0.08244,0,0,INJECTING,2871668968,2871508080,7510451818,320000000000,-1,0
0.08244,1,-1,WAIT_RELEASE,0,0,0,400000000000,-1,0
0.08244,2,-1,WAIT_RELEASE,0,0,0,400000000000,-1,0
0.08244,3,-1,WAIT_RELEASE,0,0,0,400000000000,-1,0
0.08246,0,0,INJECTING,2872461984,2872302048,7510451818,320000000000,-1,0
0.08246,1,-1,WAIT_RELEASE,0,0,0,400000000000,-1,0
0.08246,2,-1,WAIT_RELEASE,0,0,0,400000000000,-1,0
0.08246,3,-1,WAIT_RELEASE,0,0,0,400000000000,-1,0
0.08248,0,0,INJECTING,2873255000,2873095064,7510451818,320000000000,-1,0
0.08248,1,-1,WAIT_RELEASE,0,0,0,400000000000,-1,0
0.08248,2,-1,WAIT_RELEASE,0,0,0,400000000000,-1,0
0.08248,3,-1,WAIT_RELEASE,0,0,0,400000000000,-1,0
0.0825,0,0,INJECTING,2874048968,2873888080,7510451818,320000000000,-1,0
0.0825,1,-1,WAIT_RELEASE,0,0,0,400000000000,-1,0
0.0825,2,-1,WAIT_RELEASE,0,0,0,400000000000,-1,0
0.0825,3,-1,WAIT_RELEASE,0,0,0,400000000000,-1,0
0.08252,0,0,INJECTING,2874841984,2874682048,7510451818,320000000000,-1,0
0.08252,1,-1,WAIT_RELEASE,0,0,0,400000000000,-1,0
0.08252,2,-1,WAIT_RELEASE,0,0,0,400000000000,-1,0
0.08252,3,-1,WAIT_RELEASE,0,0,0,400000000000,-1,0
0.08254,0,0,INJECTING,2875635000,2875475064,7510451818,320000000000,-1,0
0.08254,1,-1,WAIT_RELEASE,0,0,0,400000000000,-1,0
0.08254,2,-1,WAIT_RELEASE,0,0,0,400000000000,-1,0
0.08254,3,-1,WAIT_RELEASE,0,0,0,400000000000,-1,0
0.08256,0,0,INJECTING,2876428968,2876268080,7510451818,320000000000,-1,0
0.08256,1,-1,WAIT_RELEASE,0,0,0,400000000000,-1,0
0.08256,2,-1,WAIT_RELEASE,0,0,0,400000000000,-1,0
0.08256,3,-1,WAIT_RELEASE,0,0,0,400000000000,-1,0
0.08258,0,0,INJECTING,2877221984,2877062048,7510451818,320000000000,-1,0
0.08258,1,-1,WAIT_RELEASE,0,0,0,400000000000,-1,0
0.08258,2,-1,WAIT_RELEASE,0,0,0,400000000000,-1,0
0.08258,3,-1,WAIT_RELEASE,0,0,0,400000000000,-1,0
0.0826,0,0,INJECTING,2878015000,2877855064,7510451818,320000000000,-1,0
0.0826,1,-1,WAIT_RELEASE,0,0,0,400000000000,-1,0
0.0826,2,-1,WAIT_RELEASE,0,0,0,400000000000,-1,0
0.0826,3,-1,WAIT_RELEASE,0,0,0,400000000000,-1,0
0.08262,0,0,INJECTING,2878808968,2878648080,7510451818,320000000000,-1,0
0.08262,1,-1,WAIT_RELEASE,0,0,0,400000000000,-1,0
0.08262,2,-1,WAIT_RELEASE,0,0,0,400000000000,-1,0
0.08262,3,-1,WAIT_RELEASE,0,0,0,400000000000,-1,0
0.08264,0,0,INJECTING,2879601984,2879442048,7510451818,320000000000,-1,0
0.08264,1,-1,WAIT_RELEASE,0,0,0,400000000000,-1,0
0.08264,2,-1,WAIT_RELEASE,0,0,0,400000000000,-1,0
0.08264,3,-1,WAIT_RELEASE,0,0,0,400000000000,-1,0
0.08266,0,0,INJECTING,2880395000,2880235064,7510451818,320000000000,-1,0
0.08266,1,-1,WAIT_RELEASE,0,0,0,400000000000,-1,0
0.08266,2,-1,WAIT_RELEASE,0,0,0,400000000000,-1,0
0.08266,3,-1,WAIT_RELEASE,0,0,0,400000000000,-1,0
0.08268,0,0,INJECTING,2881188968,2881028080,7510451818,320000000000,-1,0
0.08268,1,-1,WAIT_RELEASE,0,0,0,400000000000,-1,0
0.08268,2,-1,WAIT_RELEASE,0,0,0,400000000000,-1,0
0.08268,3,-1,WAIT_RELEASE,0,0,0,400000000000,-1,0
0.0827,0,0,INJECTING,2881981984,2881822048,7510451818,320000000000,-1,0
0.0827,1,-1,WAIT_RELEASE,0,0,0,400000000000,-1,0
0.0827,2,-1,WAIT_RELEASE,0,0,0,400000000000,-1,0
0.0827,3,-1,WAIT_RELEASE,0,0,0,400000000000,-1,0
0.08272,0,0,INJECTING,2882775000,2882615064,7510451818,320000000000,-1,0
0.08272,1,-1,WAIT_RELEASE,0,0,0,400000000000,-1,0
0.08272,2,-1,WAIT_RELEASE,0,0,0,400000000000,-1,0
0.08272,3,-1,WAIT_RELEASE,0,0,0,400000000000,-1,0
0.08274,0,0,INJECTING,2883568968,2883408080,7510451818,320000000000,-1,0
0.08274,1,-1,WAIT_RELEASE,0,0,0,400000000000,-1,0
0.08274,2,-1,WAIT_RELEASE,0,0,0,400000000000,-1,0
0.08274,3,-1,WAIT_RELEASE,0,0,0,400000000000,-1,0
0.08276,0,0,INJECTING,2884361984,2884202048,7510451818,320000000000,-1,0
0.08276,1,-1,WAIT_RELEASE,0,0,0,400000000000,-1,0
0.08276,2,-1,WAIT_RELEASE,0,0,0,400000000000,-1,0
0.08276,3,-1,WAIT_RELEASE,0,0,0,400000000000,-1,0
0.08278,0,0,INJECTING,2885155000,2884995064,7510451818,320000000000,-1,0
0.08278,1,-1,WAIT_RELEASE,0,0,0,400000000000,-1,0
0.08278,2,-1,WAIT_RELEASE,0,0,0,400000000000,-1,0
0.08278,3,-1,WAIT_RELEASE,0,0,0,400000000000,-1,0
0.0828,0,0,INJECTING,2885948968,2885788080,7510451818,320000000000,-1,0
0.0828,1,-1,WAIT_RELEASE,0,0,0,400000000000,-1,0
0.0828,2,-1,WAIT_RELEASE,0,0,0,400000000000,-1,0
0.0828,3,-1,WAIT_RELEASE,0,0,0,400000000000,-1,0
0.08282,0,0,INJECTING,2886741984,2886582048,7510451818,320000000000,-1,0
0.08282,1,-1,WAIT_RELEASE,0,0,0,400000000000,-1,0
0.08282,2,-1,WAIT_RELEASE,0,0,0,400000000000,-1,0
0.08282,3,-1,WAIT_RELEASE,0,0,0,400000000000,-1,0
0.08284,0,0,INJECTING,2887535000,2887375064,7510451818,320000000000,-1,0
0.08284,1,-1,WAIT_RELEASE,0,0,0,400000000000,-1,0
0.08284,2,-1,WAIT_RELEASE,0,0,0,400000000000,-1,0
0.08284,3,-1,WAIT_RELEASE,0,0,0,400000000000,-1,0
0.08286,0,0,INJECTING,2888328968,2888168080,7510451818,320000000000,-1,0
0.08286,1,-1,WAIT_RELEASE,0,0,0,400000000000,-1,0
0.08286,2,-1,WAIT_RELEASE,0,0,0,400000000000,-1,0
0.08286,3,-1,WAIT_RELEASE,0,0,0,400000000000,-1,0
0.08288,0,0,INJECTING,2889121984,2888962048,7510451818,320000000000,-1,0
0.08288,1,-1,WAIT_RELEASE,0,0,0,400000000000,-1,0
0.08288,2,-1,WAIT_RELEASE,0,0,0,400000000000,-1,0
0.08288,3,-1,WAIT_RELEASE,0,0,0,400000000000,-1,0
0.0829,0,0,INJECTING,2889915000,2889755064,7510451818,320000000000,-1,0
0.0829,1,-1,WAIT_RELEASE,0,0,0,400000000000,-1,0
0.0829,2,-1,WAIT_RELEASE,0,0,0,400000000000,-1,0
0.0829,3,-1,WAIT_RELEASE,0,0,0,400000000000,-1,0
0.08292,0,0,INJECTING,2890708968,2890548080,7510451818,320000000000,-1,0
0.08292,1,-1,WAIT_RELEASE,0,0,0,400000000000,-1,0
0.08292,2,-1,WAIT_RELEASE,0,0,0,400000000000,-1,0
0.08292,3,-1,WAIT_RELEASE,0,0,0,400000000000,-1,0
0.08294,0,0,INJECTING,2891501984,2891342048,7510451818,320000000000,-1,0
0.08294,1,-1,WAIT_RELEASE,0,0,0,400000000000,-1,0
0.08294,2,-1,WAIT_RELEASE,0,0,0,400000000000,-1,0
0.08294,3,-1,WAIT_RELEASE,0,0,0,400000000000,-1,0
0.08296,0,0,INJECTING,2892295000,2892135064,7510451818,320000000000,-1,0
0.08296,1,-1,WAIT_RELEASE,0,0,0,400000000000,-1,0
0.08296,2,-1,WAIT_RELEASE,0,0,0,400000000000,-1,0
0.08296,3,-1,WAIT_RELEASE,0,0,0,400000000000,-1,0
0.08298,0,0,INJECTING,2893088968,2892928080,7510451818,320000000000,-1,0
0.08298,1,-1,WAIT_RELEASE,0,0,0,400000000000,-1,0
0.08298,2,-1,WAIT_RELEASE,0,0,0,400000000000,-1,0
0.08298,3,-1,WAIT_RELEASE,0,0,0,400000000000,-1,0
0.083,0,0,INJECTING,2893881984,2893722048,7510451818,320000000000,-1,0
0.083,1,-1,WAIT_RELEASE,0,0,0,400000000000,-1,0
0.083,2,-1,WAIT_RELEASE,0,0,0,400000000000,-1,0
0.083,3,-1,WAIT_RELEASE,0,0,0,400000000000,-1,0
0.08302,0,0,INJECTING,2894675000,2894515064,7510451818,320000000000,-1,0
0.08302,1,-1,WAIT_RELEASE,0,0,0,400000000000,-1,0
0.08302,2,-1,WAIT_RELEASE,0,0,0,400000000000,-1,0
0.08302,3,-1,WAIT_RELEASE,0,0,0,400000000000,-1,0
0.08304,0,0,INJECTING,2895468968,2895308080,7510451818,320000000000,-1,0
0.08304,1,-1,WAIT_RELEASE,0,0,0,400000000000,-1,0
0.08304,2,-1,WAIT_RELEASE,0,0,0,400000000000,-1,0
0.08304,3,-1,WAIT_RELEASE,0,0,0,400000000000,-1,0
0.08306,0,0,INJECTING,2896261984,2896102048,7510451818,320000000000,-1,0
0.08306,1,-1,WAIT_RELEASE,0,0,0,400000000000,-1,0
0.08306,2,-1,WAIT_RELEASE,0,0,0,400000000000,-1,0
0.08306,3,-1,WAIT_RELEASE,0,0,0,400000000000,-1,0
0.08308,0,0,INJECTING,2897055000,2896895064,7510451818,320000000000,-1,0
0.08308,1,-1,WAIT_RELEASE,0,0,0,400000000000,-1,0
0.08308,2,-1,WAIT_RELEASE,0,0,0,400000000000,-1,0
0.08308,3,-1,WAIT_RELEASE,0,0,0,400000000000,-1,0
0.0831,0,0,INJECTING,2897848968,2897688080,7510451818,320000000000,-1,0
0.0831,1,-1,WAIT_RELEASE,0,0,0,400000000000,-1,0
0.0831,2,-1,WAIT_RELEASE,0,0,0,400000000000,-1,0
0.0831,3,-1,WAIT_RELEASE,0,0,0,400000000000,-1,0
0.08312,0,0,INJECTING,2898641984,2898482048,7510451818,320000000000,-1,0
0.08312,1,-1,WAIT_RELEASE,0,0,0,400000000000,-1,0
0.08312,2,-1,WAIT_RELEASE,0,0,0,400000000000,-1,0
0.08312,3,-1,WAIT_RELEASE,0,0,0,400000000000,-1,0
0.08314,0,0,INJECTING,2899435000,2899275064,7510451818,320000000000,-1,0
0.08314,1,-1,WAIT_RELEASE,0,0,0,400000000000,-1,0
0.08314,2,-1,WAIT_RELEASE,0,0,0,400000000000,-1,0
0.08314,3,-1,WAIT_RELEASE,0,0,0,400000000000,-1,0
0.08316,0,0,INJECTING,2900228968,2900068080,7510451818,320000000000,-1,0
0.08316,1,-1,WAIT_RELEASE,0,0,0,400000000000,-1,0
0.08316,2,-1,WAIT_RELEASE,0,0,0,400000000000,-1,0
0.08316,3,-1,WAIT_RELEASE,0,0,0,400000000000,-1,0
0.08318,0,0,INJECTING,2901021984,2900862048,7510451818,320000000000,-1,0
0.08318,1,-1,WAIT_RELEASE,0,0,0,400000000000,-1,0
0.08318,2,-1,WAIT_RELEASE,0,0,0,400000000000,-1,0
0.08318,3,-1,WAIT_RELEASE,0,0,0,400000000000,-1,0
0.0832,0,0,INJECTING,2901815000,2901655064,7510451818,320000000000,-1,0
0.0832,1,-1,WAIT_RELEASE,0,0,0,400000000000,-1,0
0.0832,2,-1,WAIT_RELEASE,0,0,0,400000000000,-1,0
0.0832,3,-1,WAIT_RELEASE,0,0,0,400000000000,-1,0
0.08322,0,0,INJECTING,2902608968,2902448080,7510451818,320000000000,-1,0
0.08322,1,-1,WAIT_RELEASE,0,0,0,400000000000,-1,0
0.08322,2,-1,WAIT_RELEASE,0,0,0,400000000000,-1,0
0.08322,3,-1,WAIT_RELEASE,0,0,0,400000000000,-1,0
0.08324,0,0,INJECTING,2903401984,2903242048,7510451818,320000000000,-1,0
0.08324,1,-1,WAIT_RELEASE,0,0,0,400000000000,-1,0
0.08324,2,-1,WAIT_RELEASE,0,0,0,400000000000,-1,0
0.08324,3,-1,WAIT_RELEASE,0,0,0,400000000000,-1,0
0.08326,0,0,INJECTING,2904195000,2904035064,7510451818,320000000000,-1,0
0.08326,1,-1,WAIT_RELEASE,0,0,0,400000000000,-1,0
0.08326,2,-1,WAIT_RELEASE,0,0,0,400000000000,-1,0
0.08326,3,-1,WAIT_RELEASE,0,0,0,400000000000,-1,0
0.08328,0,0,INJECTING,2904988968,2904828080,7510451818,320000000000,-1,0
0.08328,1,-1,WAIT_RELEASE,0,0,0,400000000000,-1,0
0.08328,2,-1,WAIT_RELEASE,0,0,0,400000000000,-1,0
0.08328,3,-1,WAIT_RELEASE,0,0,0,400000000000,-1,0
0.0833,0,0,INJECTING,2905781984,2905622048,7510451818,320000000000,-1,0
0.0833,1,-1,WAIT_RELEASE,0,0,0,400000000000,-1,0
0.0833,2,-1,WAIT_RELEASE,0,0,0,400000000000,-1,0
0.0833,3,-1,WAIT_RELEASE,0,0,0,400000000000,-1,0
0.08332,0,0,INJECTING,2906575000,2906415064,7510451818,320000000000,-1,0
0.08332,1,-1,WAIT_RELEASE,0,0,0,400000000000,-1,0
0.08332,2,-1,WAIT_RELEASE,0,0,0,400000000000,-1,0
0.08332,3,-1,WAIT_RELEASE,0,0,0,400000000000,-1,0
0.08334,0,0,INJECTING,2907368968,2907208080,7510451818,320000000000,-1,0
0.08334,1,-1,WAIT_RELEASE,0,0,0,400000000000,-1,0
0.08334,2,-1,WAIT_RELEASE,0,0,0,400000000000,-1,0
0.08334,3,-1,WAIT_RELEASE,0,0,0,400000000000,-1,0
0.08336,0,0,INJECTING,2908161984,2908002048,7510451818,320000000000,-1,0
0.08336,1,-1,WAIT_RELEASE,0,0,0,400000000000,-1,0
0.08336,2,-1,WAIT_RELEASE,0,0,0,400000000000,-1,0
0.08336,3,-1,WAIT_RELEASE,0,0,0,400000000000,-1,0
0.08338,0,0,INJECTING,2908955000,2908795064,7510451818,320000000000,-1,0
0.08338,1,-1,WAIT_RELEASE,0,0,0,400000000000,-1,0
0.08338,2,-1,WAIT_RELEASE,0,0,0,400000000000,-1,0
0.08338,3,-1,WAIT_RELEASE,0,0,0,400000000000,-1,0
0.0834,0,0,INJECTING,2909748968,2909588080,7510451818,320000000000,-1,0
0.0834,1,-1,WAIT_RELEASE,0,0,0,400000000000,-1,0
0.0834,2,-1,WAIT_RELEASE,0,0,0,400000000000,-1,0
0.0834,3,-1,WAIT_RELEASE,0,0,0,400000000000,-1,0
0.08342,0,0,INJECTING,2910541984,2910382048,7510451818,320000000000,-1,0
0.08342,1,-1,WAIT_RELEASE,0,0,0,400000000000,-1,0
0.08342,2,-1,WAIT_RELEASE,0,0,0,400000000000,-1,0
0.08342,3,-1,WAIT_RELEASE,0,0,0,400000000000,-1,0
0.08344,0,0,INJECTING,2911335000,2911175064,7510451818,320000000000,-1,0
0.08344,1,-1,WAIT_RELEASE,0,0,0,400000000000,-1,0
0.08344,2,-1,WAIT_RELEASE,0,0,0,400000000000,-1,0
0.08344,3,-1,WAIT_RELEASE,0,0,0,400000000000,-1,0
0.08346,0,0,INJECTING,2912128968,2911968080,7510451818,320000000000,-1,0
0.08346,1,-1,WAIT_RELEASE,0,0,0,400000000000,-1,0
0.08346,2,-1,WAIT_RELEASE,0,0,0,400000000000,-1,0
0.08346,3,-1,WAIT_RELEASE,0,0,0,400000000000,-1,0
0.08348,0,0,INJECTING,2912921984,2912762048,7510451818,320000000000,-1,0
0.08348,1,-1,WAIT_RELEASE,0,0,0,400000000000,-1,0
0.08348,2,-1,WAIT_RELEASE,0,0,0,400000000000,-1,0
0.08348,3,-1,WAIT_RELEASE,0,0,0,400000000000,-1,0
0.0835,0,0,INJECTING,2913715000,2913555064,7510451818,320000000000,-1,0
0.0835,1,-1,WAIT_RELEASE,0,0,0,400000000000,-1,0
0.0835,2,-1,WAIT_RELEASE,0,0,0,400000000000,-1,0
0.0835,3,-1,WAIT_RELEASE,0,0,0,400000000000,-1,0
0.08352,0,0,INJECTING,2914508968,2914348080,7510451818,320000000000,-1,0
0.08352,1,-1,WAIT_RELEASE,0,0,0,400000000000,-1,0
0.08352,2,-1,WAIT_RELEASE,0,0,0,400000000000,-1,0
0.08352,3,-1,WAIT_RELEASE,0,0,0,400000000000,-1,0
0.08354,0,0,INJECTING,2915301984,2915142048,7510451818,320000000000,-1,0
0.08354,1,-1,WAIT_RELEASE,0,0,0,400000000000,-1,0
0.08354,2,-1,WAIT_RELEASE,0,0,0,400000000000,-1,0
0.08354,3,-1,WAIT_RELEASE,0,0,0,400000000000,-1,0
0.08356,0,0,INJECTING,2916095000,2915935064,7510451818,320000000000,-1,0
0.08356,1,-1,WAIT_RELEASE,0,0,0,400000000000,-1,0
0.08356,2,-1,WAIT_RELEASE,0,0,0,400000000000,-1,0
0.08356,3,-1,WAIT_RELEASE,0,0,0,400000000000,-1,0
0.08358,0,0,INJECTING,2916888968,2916728080,7510451818,320000000000,-1,0
0.08358,1,-1,WAIT_RELEASE,0,0,0,400000000000,-1,0
0.08358,2,-1,WAIT_RELEASE,0,0,0,400000000000,-1,0
0.08358,3,-1,WAIT_RELEASE,0,0,0,400000000000,-1,0
0.0836,0,0,INJECTING,2917681984,2917522048,7510451818,320000000000,-1,0
0.0836,1,-1,WAIT_RELEASE,0,0,0,400000000000,-1,0
0.0836,2,-1,WAIT_RELEASE,0,0,0,400000000000,-1,0
0.0836,3,-1,WAIT_RELEASE,0,0,0,400000000000,-1,0
0.08362,0,0,INJECTING,2918475000,2918315064,7510451818,320000000000,-1,0
0.08362,1,-1,WAIT_RELEASE,0,0,0,400000000000,-1,0
0.08362,2,-1,WAIT_RELEASE,0,0,0,400000000000,-1,0
0.08362,3,-1,WAIT_RELEASE,0,0,0,400000000000,-1,0
0.08364,0,0,INJECTING,2919268968,2919108080,7510451818,320000000000,-1,0
0.08364,1,-1,WAIT_RELEASE,0,0,0,400000000000,-1,0
0.08364,2,-1,WAIT_RELEASE,0,0,0,400000000000,-1,0
0.08364,3,-1,WAIT_RELEASE,0,0,0,400000000000,-1,0
0.08366,0,0,INJECTING,2920061984,2919902048,7510451818,320000000000,-1,0
0.08366,1,-1,WAIT_RELEASE,0,0,0,400000000000,-1,0
0.08366,2,-1,WAIT_RELEASE,0,0,0,400000000000,-1,0
0.08366,3,-1,WAIT_RELEASE,0,0,0,400000000000,-1,0
0.08368,0,0,INJECTING,2920855000,2920695064,7510451818,320000000000,-1,0
0.08368,1,-1,WAIT_RELEASE,0,0,0,400000000000,-1,0
0.08368,2,-1,WAIT_RELEASE,0,0,0,400000000000,-1,0
0.08368,3,-1,WAIT_RELEASE,0,0,0,400000000000,-1,0
0.0837,0,0,INJECTING,2921648968,2921488080,7510451818,320000000000,-1,0
0.0837,1,-1,WAIT_RELEASE,0,0,0,400000000000,-1,0
0.0837,2,-1,WAIT_RELEASE,0,0,0,400000000000,-1,0
0.0837,3,-1,WAIT_RELEASE,0,0,0,400000000000,-1,0
0.08372,0,0,INJECTING,2922441984,2922282048,7510451818,320000000000,-1,0
0.08372,1,-1,WAIT_RELEASE,0,0,0,400000000000,-1,0
0.08372,2,-1,WAIT_RELEASE,0,0,0,400000000000,-1,0
0.08372,3,-1,WAIT_RELEASE,0,0,0,400000000000,-1,0
0.08374,0,0,INJECTING,2923235000,2923075064,7510451818,320000000000,-1,0
0.08374,1,-1,WAIT_RELEASE,0,0,0,400000000000,-1,0
0.08374,2,-1,WAIT_RELEASE,0,0,0,400000000000,-1,0
0.08374,3,-1,WAIT_RELEASE,0,0,0,400000000000,-1,0
0.08376,0,0,INJECTING,2924028968,2923868080,7510451818,320000000000,-1,0
0.08376,1,-1,WAIT_RELEASE,0,0,0,400000000000,-1,0
0.08376,2,-1,WAIT_RELEASE,0,0,0,400000000000,-1,0
0.08376,3,-1,WAIT_RELEASE,0,0,0,400000000000,-1,0
0.08378,0,0,INJECTING,2924821984,2924662048,7510451818,320000000000,-1,0
0.08378,1,-1,WAIT_RELEASE,0,0,0,400000000000,-1,0
0.08378,2,-1,WAIT_RELEASE,0,0,0,400000000000,-1,0
0.08378,3,-1,WAIT_RELEASE,0,0,0,400000000000,-1,0
0.0838,0,0,INJECTING,2925615000,2925455064,7510451818,320000000000,-1,0
0.0838,1,-1,WAIT_RELEASE,0,0,0,400000000000,-1,0
0.0838,2,-1,WAIT_RELEASE,0,0,0,400000000000,-1,0
0.0838,3,-1,WAIT_RELEASE,0,0,0,400000000000,-1,0
0.08382,0,0,INJECTING,2926408968,2926248080,7510451818,320000000000,-1,0
0.08382,1,-1,WAIT_RELEASE,0,0,0,400000000000,-1,0
0.08382,2,-1,WAIT_RELEASE,0,0,0,400000000000,-1,0
0.08382,3,-1,WAIT_RELEASE,0,0,0,400000000000,-1,0
0.08384,0,0,INJECTING,2927201984,2927042048,7510451818,320000000000,-1,0
0.08384,1,-1,WAIT_RELEASE,0,0,0,400000000000,-1,0
0.08384,2,-1,WAIT_RELEASE,0,0,0,400000000000,-1,0
0.08384,3,-1,WAIT_RELEASE,0,0,0,400000000000,-1,0
0.08386,0,0,INJECTING,2927995000,2927835064,7510451818,320000000000,-1,0
0.08386,1,-1,WAIT_RELEASE,0,0,0,400000000000,-1,0
0.08386,2,-1,WAIT_RELEASE,0,0,0,400000000000,-1,0
0.08386,3,-1,WAIT_RELEASE,0,0,0,400000000000,-1,0
0.08388,0,0,INJECTING,2928788968,2928628080,7510451818,320000000000,-1,0
0.08388,1,-1,WAIT_RELEASE,0,0,0,400000000000,-1,0
0.08388,2,-1,WAIT_RELEASE,0,0,0,400000000000,-1,0
0.08388,3,-1,WAIT_RELEASE,0,0,0,400000000000,-1,0
0.0839,0,0,INJECTING,2929581984,2929422048,7510451818,320000000000,-1,0
0.0839,1,-1,WAIT_RELEASE,0,0,0,400000000000,-1,0
0.0839,2,-1,WAIT_RELEASE,0,0,0,400000000000,-1,0
0.0839,3,-1,WAIT_RELEASE,0,0,0,400000000000,-1,0
0.08392,0,0,INJECTING,2930375000,2930215064,7510451818,320000000000,-1,0
0.08392,1,-1,WAIT_RELEASE,0,0,0,400000000000,-1,0
0.08392,2,-1,WAIT_RELEASE,0,0,0,400000000000,-1,0
0.08392,3,-1,WAIT_RELEASE,0,0,0,400000000000,-1,0
0.08394,0,0,INJECTING,2931168968,2931008080,7510451818,320000000000,-1,0
0.08394,1,-1,WAIT_RELEASE,0,0,0,400000000000,-1,0
0.08394,2,-1,WAIT_RELEASE,0,0,0,400000000000,-1,0
0.08394,3,-1,WAIT_RELEASE,0,0,0,400000000000,-1,0
0.08396,0,0,INJECTING,2931961984,2931802048,7510451818,320000000000,-1,0
0.08396,1,-1,WAIT_RELEASE,0,0,0,400000000000,-1,0
0.08396,2,-1,WAIT_RELEASE,0,0,0,400000000000,-1,0
0.08396,3,-1,WAIT_RELEASE,0,0,0,400000000000,-1,0
0.08398,0,0,INJECTING,2932755000,2932595064,7510451818,320000000000,-1,0
0.08398,1,-1,WAIT_RELEASE,0,0,0,400000000000,-1,0
0.08398,2,-1,WAIT_RELEASE,0,0,0,400000000000,-1,0
0.08398,3,-1,WAIT_RELEASE,0,0,0,400000000000,-1,0
0.084,0,0,INJECTING,2933548968,2933388080,7510451818,320000000000,-1,0
0.084,1,-1,WAIT_RELEASE,0,0,0,400000000000,-1,0
0.084,2,-1,WAIT_RELEASE,0,0,0,400000000000,-1,0
0.084,3,-1,WAIT_RELEASE,0,0,0,400000000000,-1,0
0.08402,0,0,INJECTING,2934341984,2934182048,7510451818,320000000000,-1,0
0.08402,1,-1,WAIT_RELEASE,0,0,0,400000000000,-1,0
0.08402,2,-1,WAIT_RELEASE,0,0,0,400000000000,-1,0
0.08402,3,-1,WAIT_RELEASE,0,0,0,400000000000,-1,0
0.08404,0,0,INJECTING,2935135000,2934975064,7510451818,320000000000,-1,0
0.08404,1,-1,WAIT_RELEASE,0,0,0,400000000000,-1,0
0.08404,2,-1,WAIT_RELEASE,0,0,0,400000000000,-1,0
0.08404,3,-1,WAIT_RELEASE,0,0,0,400000000000,-1,0
0.08406,0,0,INJECTING,2935928968,2935768080,7510451818,320000000000,-1,0
0.08406,1,-1,WAIT_RELEASE,0,0,0,400000000000,-1,0
0.08406,2,-1,WAIT_RELEASE,0,0,0,400000000000,-1,0
0.08406,3,-1,WAIT_RELEASE,0,0,0,400000000000,-1,0
0.08408,0,0,INJECTING,2936721984,2936562048,7510451818,320000000000,-1,0
0.08408,1,-1,WAIT_RELEASE,0,0,0,400000000000,-1,0
0.08408,2,-1,WAIT_RELEASE,0,0,0,400000000000,-1,0
0.08408,3,-1,WAIT_RELEASE,0,0,0,400000000000,-1,0
0.0841,0,0,INJECTING,2937515000,2937355064,7510451818,320000000000,-1,0
0.0841,1,-1,WAIT_RELEASE,0,0,0,400000000000,-1,0
0.0841,2,-1,WAIT_RELEASE,0,0,0,400000000000,-1,0
0.0841,3,-1,WAIT_RELEASE,0,0,0,400000000000,-1,0
0.08412,0,0,INJECTING,2938308968,2938148080,7510451818,320000000000,-1,0
0.08412,1,-1,WAIT_RELEASE,0,0,0,400000000000,-1,0
0.08412,2,-1,WAIT_RELEASE,0,0,0,400000000000,-1,0
0.08412,3,-1,WAIT_RELEASE,0,0,0,400000000000,-1,0
0.08414,0,0,INJECTING,2939101984,2938942048,7510451818,320000000000,-1,0
0.08414,1,-1,WAIT_RELEASE,0,0,0,400000000000,-1,0
0.08414,2,-1,WAIT_RELEASE,0,0,0,400000000000,-1,0
0.08414,3,-1,WAIT_RELEASE,0,0,0,400000000000,-1,0
0.08416,0,0,INJECTING,2939895000,2939735064,7510451818,320000000000,-1,0
0.08416,1,-1,WAIT_RELEASE,0,0,0,400000000000,-1,0
0.08416,2,-1,WAIT_RELEASE,0,0,0,400000000000,-1,0
0.08416,3,-1,WAIT_RELEASE,0,0,0,400000000000,-1,0
0.08418,0,0,INJECTING,2940688968,2940528080,7510451818,320000000000,-1,0
0.08418,1,-1,WAIT_RELEASE,0,0,0,400000000000,-1,0
0.08418,2,-1,WAIT_RELEASE,0,0,0,400000000000,-1,0
0.08418,3,-1,WAIT_RELEASE,0,0,0,400000000000,-1,0
0.0842,0,0,INJECTING,2941481984,2941322048,7510451818,320000000000,-1,0
0.0842,1,-1,WAIT_RELEASE,0,0,0,400000000000,-1,0
0.0842,2,-1,WAIT_RELEASE,0,0,0,400000000000,-1,0
0.0842,3,-1,WAIT_RELEASE,0,0,0,400000000000,-1,0
0.08422,0,0,INJECTING,2942275000,2942115064,7510451818,320000000000,-1,0
0.08422,1,-1,WAIT_RELEASE,0,0,0,400000000000,-1,0
0.08422,2,-1,WAIT_RELEASE,0,0,0,400000000000,-1,0
0.08422,3,-1,WAIT_RELEASE,0,0,0,400000000000,-1,0
0.08424,0,0,INJECTING,2943068968,2942908080,7510451818,320000000000,-1,0
0.08424,1,-1,WAIT_RELEASE,0,0,0,400000000000,-1,0
0.08424,2,-1,WAIT_RELEASE,0,0,0,400000000000,-1,0
0.08424,3,-1,WAIT_RELEASE,0,0,0,400000000000,-1,0
0.08426,0,0,INJECTING,2943861984,2943702048,7510451818,320000000000,-1,0
0.08426,1,-1,WAIT_RELEASE,0,0,0,400000000000,-1,0
0.08426,2,-1,WAIT_RELEASE,0,0,0,400000000000,-1,0
0.08426,3,-1,WAIT_RELEASE,0,0,0,400000000000,-1,0
0.08428,0,0,INJECTING,2944655000,2944495064,7510451818,320000000000,-1,0
0.08428,1,-1,WAIT_RELEASE,0,0,0,400000000000,-1,0
0.08428,2,-1,WAIT_RELEASE,0,0,0,400000000000,-1,0
0.08428,3,-1,WAIT_RELEASE,0,0,0,400000000000,-1,0
0.0843,0,0,INJECTING,2945448968,2945288080,7510451818,320000000000,-1,0
0.0843,1,-1,WAIT_RELEASE,0,0,0,400000000000,-1,0
0.0843,2,-1,WAIT_RELEASE,0,0,0,400000000000,-1,0
0.0843,3,-1,WAIT_RELEASE,0,0,0,400000000000,-1,0
0.08432,0,0,INJECTING,2946241984,2946082048,7510451818,320000000000,-1,0
0.08432,1,-1,WAIT_RELEASE,0,0,0,400000000000,-1,0
0.08432,2,-1,WAIT_RELEASE,0,0,0,400000000000,-1,0
0.08432,3,-1,WAIT_RELEASE,0,0,0,400000000000,-1,0
0.08434,0,0,INJECTING,2947035000,2946875064,7510451818,320000000000,-1,0
0.08434,1,-1,WAIT_RELEASE,0,0,0,400000000000,-1,0
0.08434,2,-1,WAIT_RELEASE,0,0,0,400000000000,-1,0
0.08434,3,-1,WAIT_RELEASE,0,0,0,400000000000,-1,0
0.08436,0,0,INJECTING,2947828968,2947668080,7510451818,320000000000,-1,0
0.08436,1,-1,WAIT_RELEASE,0,0,0,400000000000,-1,0
0.08436,2,-1,WAIT_RELEASE,0,0,0,400000000000,-1,0
0.08436,3,-1,WAIT_RELEASE,0,0,0,400000000000,-1,0
0.08438,0,0,INJECTING,2948621984,2948462048,7510451818,320000000000,-1,0
0.08438,1,-1,WAIT_RELEASE,0,0,0,400000000000,-1,0
0.08438,2,-1,WAIT_RELEASE,0,0,0,400000000000,-1,0
0.08438,3,-1,WAIT_RELEASE,0,0,0,400000000000,-1,0
0.0844,0,0,INJECTING,2949415000,2949255064,7510451818,320000000000,-1,0
0.0844,1,-1,WAIT_RELEASE,0,0,0,400000000000,-1,0
0.0844,2,-1,WAIT_RELEASE,0,0,0,400000000000,-1,0
0.0844,3,-1,WAIT_RELEASE,0,0,0,400000000000,-1,0
0.08442,0,0,INJECTING,2950208968,2950048080,7510451818,320000000000,-1,0
0.08442,1,-1,WAIT_RELEASE,0,0,0,400000000000,-1,0
0.08442,2,-1,WAIT_RELEASE,0,0,0,400000000000,-1,0
0.08442,3,-1,WAIT_RELEASE,0,0,0,400000000000,-1,0
0.08444,0,0,INJECTING,2951001984,2950842048,7510451818,320000000000,-1,0
0.08444,1,-1,WAIT_RELEASE,0,0,0,400000000000,-1,0
0.08444,2,-1,WAIT_RELEASE,0,0,0,400000000000,-1,0
0.08444,3,-1,WAIT_RELEASE,0,0,0,400000000000,-1,0
0.08446,0,0,INJECTING,2951795000,2951635064,7510451818,320000000000,-1,0
0.08446,1,-1,WAIT_RELEASE,0,0,0,400000000000,-1,0
0.08446,2,-1,WAIT_RELEASE,0,0,0,400000000000,-1,0
0.08446,3,-1,WAIT_RELEASE,0,0,0,400000000000,-1,0
0.08448,0,0,INJECTING,2952588968,2952428080,7510451818,320000000000,-1,0
0.08448,1,-1,WAIT_RELEASE,0,0,0,400000000000,-1,0
0.08448,2,-1,WAIT_RELEASE,0,0,0,400000000000,-1,0
0.08448,3,-1,WAIT_RELEASE,0,0,0,400000000000,-1,0
0.0845,0,0,INJECTING,2953381984,2953222048,7510451818,320000000000,-1,0
0.0845,1,-1,WAIT_RELEASE,0,0,0,400000000000,-1,0
0.0845,2,-1,WAIT_RELEASE,0,0,0,400000000000,-1,0
0.0845,3,-1,WAIT_RELEASE,0,0,0,400000000000,-1,0
0.08452,0,0,INJECTING,2954175000,2954015064,7510451818,320000000000,-1,0
0.08452,1,-1,WAIT_RELEASE,0,0,0,400000000000,-1,0
0.08452,2,-1,WAIT_RELEASE,0,0,0,400000000000,-1,0
0.08452,3,-1,WAIT_RELEASE,0,0,0,400000000000,-1,0
0.08454,0,0,INJECTING,2954968968,2954808080,7510451818,320000000000,-1,0
0.08454,1,-1,WAIT_RELEASE,0,0,0,400000000000,-1,0
0.08454,2,-1,WAIT_RELEASE,0,0,0,400000000000,-1,0
0.08454,3,-1,WAIT_RELEASE,0,0,0,400000000000,-1,0
0.08456,0,0,INJECTING,2955761984,2955602048,7510451818,320000000000,-1,0
0.08456,1,-1,WAIT_RELEASE,0,0,0,400000000000,-1,0
0.08456,2,-1,WAIT_RELEASE,0,0,0,400000000000,-1,0
0.08456,3,-1,WAIT_RELEASE,0,0,0,400000000000,-1,0
0.08458,0,0,INJECTING,2956555000,2956395064,7510451818,320000000000,-1,0
0.08458,1,-1,WAIT_RELEASE,0,0,0,400000000000,-1,0
0.08458,2,-1,WAIT_RELEASE,0,0,0,400000000000,-1,0
0.08458,3,-1,WAIT_RELEASE,0,0,0,400000000000,-1,0
0.0846,0,0,INJECTING,2957348968,2957188080,7510451818,320000000000,-1,0
0.0846,1,-1,WAIT_RELEASE,0,0,0,400000000000,-1,0
0.0846,2,-1,WAIT_RELEASE,0,0,0,400000000000,-1,0
0.0846,3,-1,WAIT_RELEASE,0,0,0,400000000000,-1,0
0.08462,0,0,INJECTING,2958141984,2957982048,7510451818,320000000000,-1,0
0.08462,1,-1,WAIT_RELEASE,0,0,0,400000000000,-1,0
0.08462,2,-1,WAIT_RELEASE,0,0,0,400000000000,-1,0
0.08462,3,-1,WAIT_RELEASE,0,0,0,400000000000,-1,0
0.08464,0,0,INJECTING,2958935000,2958775064,7510451818,320000000000,-1,0
0.08464,1,-1,WAIT_RELEASE,0,0,0,400000000000,-1,0
0.08464,2,-1,WAIT_RELEASE,0,0,0,400000000000,-1,0
0.08464,3,-1,WAIT_RELEASE,0,0,0,400000000000,-1,0
0.08466,0,0,INJECTING,2959728968,2959568080,7510451818,320000000000,-1,0
0.08466,1,-1,WAIT_RELEASE,0,0,0,400000000000,-1,0
0.08466,2,-1,WAIT_RELEASE,0,0,0,400000000000,-1,0
0.08466,3,-1,WAIT_RELEASE,0,0,0,400000000000,-1,0
0.08468,0,0,INJECTING,2960521984,2960362048,7510451818,320000000000,-1,0
0.08468,1,-1,WAIT_RELEASE,0,0,0,400000000000,-1,0
0.08468,2,-1,WAIT_RELEASE,0,0,0,400000000000,-1,0
0.08468,3,-1,WAIT_RELEASE,0,0,0,400000000000,-1,0
0.0847,0,0,INJECTING,2961315000,2961155064,7510451818,320000000000,-1,0
0.0847,1,-1,WAIT_RELEASE,0,0,0,400000000000,-1,0
0.0847,2,-1,WAIT_RELEASE,0,0,0,400000000000,-1,0
0.0847,3,-1,WAIT_RELEASE,0,0,0,400000000000,-1,0
0.08472,0,0,INJECTING,2962108968,2961948080,7510451818,320000000000,-1,0
0.08472,1,-1,WAIT_RELEASE,0,0,0,400000000000,-1,0
0.08472,2,-1,WAIT_RELEASE,0,0,0,400000000000,-1,0
0.08472,3,-1,WAIT_RELEASE,0,0,0,400000000000,-1,0
0.08474,0,0,INJECTING,2962901984,2962742048,7510451818,320000000000,-1,0
0.08474,1,-1,WAIT_RELEASE,0,0,0,400000000000,-1,0
0.08474,2,-1,WAIT_RELEASE,0,0,0,400000000000,-1,0
0.08474,3,-1,WAIT_RELEASE,0,0,0,400000000000,-1,0
0.08476,0,0,INJECTING,2963695000,2963535064,7510451818,320000000000,-1,0
0.08476,1,-1,WAIT_RELEASE,0,0,0,400000000000,-1,0
0.08476,2,-1,WAIT_RELEASE,0,0,0,400000000000,-1,0
0.08476,3,-1,WAIT_RELEASE,0,0,0,400000000000,-1,0
0.08478,0,0,INJECTING,2964488968,2964328080,7510451818,320000000000,-1,0
0.08478,1,-1,WAIT_RELEASE,0,0,0,400000000000,-1,0
0.08478,2,-1,WAIT_RELEASE,0,0,0,400000000000,-1,0
0.08478,3,-1,WAIT_RELEASE,0,0,0,400000000000,-1,0
0.0848,0,0,INJECTING,2965281984,2965122048,7510451818,320000000000,-1,0
0.0848,1,-1,WAIT_RELEASE,0,0,0,400000000000,-1,0
0.0848,2,-1,WAIT_RELEASE,0,0,0,400000000000,-1,0
0.0848,3,-1,WAIT_RELEASE,0,0,0,400000000000,-1,0
0.08482,0,0,INJECTING,2966075000,2965915064,7510451818,320000000000,-1,0
0.08482,1,-1,WAIT_RELEASE,0,0,0,400000000000,-1,0
0.08482,2,-1,WAIT_RELEASE,0,0,0,400000000000,-1,0
0.08482,3,-1,WAIT_RELEASE,0,0,0,400000000000,-1,0
0.08484,0,0,INJECTING,2966868968,2966708080,7510451818,320000000000,-1,0
0.08484,1,-1,WAIT_RELEASE,0,0,0,400000000000,-1,0
0.08484,2,-1,WAIT_RELEASE,0,0,0,400000000000,-1,0
0.08484,3,-1,WAIT_RELEASE,0,0,0,400000000000,-1,0
0.08486,0,0,INJECTING,2967661984,2967502048,7510451818,320000000000,-1,0
0.08486,1,-1,WAIT_RELEASE,0,0,0,400000000000,-1,0
0.08486,2,-1,WAIT_RELEASE,0,0,0,400000000000,-1,0
0.08486,3,-1,WAIT_RELEASE,0,0,0,400000000000,-1,0
0.08488,0,0,INJECTING,2968455000,2968295064,7510451818,320000000000,-1,0
0.08488,1,-1,WAIT_RELEASE,0,0,0,400000000000,-1,0
0.08488,2,-1,WAIT_RELEASE,0,0,0,400000000000,-1,0
0.08488,3,-1,WAIT_RELEASE,0,0,0,400000000000,-1,0
0.0849,0,0,INJECTING,2969248968,2969088080,7510451818,320000000000,-1,0
0.0849,1,-1,WAIT_RELEASE,0,0,0,400000000000,-1,0
0.0849,2,-1,WAIT_RELEASE,0,0,0,400000000000,-1,0
0.0849,3,-1,WAIT_RELEASE,0,0,0,400000000000,-1,0
0.08492,0,0,INJECTING,2970041984,2969882048,7510451818,320000000000,-1,0
0.08492,1,-1,WAIT_RELEASE,0,0,0,400000000000,-1,0
0.08492,2,-1,WAIT_RELEASE,0,0,0,400000000000,-1,0
0.08492,3,-1,WAIT_RELEASE,0,0,0,400000000000,-1,0
0.08494,0,0,INJECTING,2970835000,2970675064,7510451818,320000000000,-1,0
0.08494,1,-1,WAIT_RELEASE,0,0,0,400000000000,-1,0
0.08494,2,-1,WAIT_RELEASE,0,0,0,400000000000,-1,0
0.08494,3,-1,WAIT_RELEASE,0,0,0,400000000000,-1,0
0.08496,0,0,INJECTING,2971628968,2971468080,7510451818,320000000000,-1,0
0.08496,1,-1,WAIT_RELEASE,0,0,0,400000000000,-1,0
0.08496,2,-1,WAIT_RELEASE,0,0,0,400000000000,-1,0
0.08496,3,-1,WAIT_RELEASE,0,0,0,400000000000,-1,0
0.08498,0,0,INJECTING,2972421984,2972262048,7510451818,320000000000,-1,0
0.08498,1,-1,WAIT_RELEASE,0,0,0,400000000000,-1,0
0.08498,2,-1,WAIT_RELEASE,0,0,0,400000000000,-1,0
0.08498,3,-1,WAIT_RELEASE,0,0,0,400000000000,-1,0
0.085,0,0,INJECTING,2973215000,2973055064,7510451818,320000000000,-1,0
0.085,1,-1,WAIT_RELEASE,0,0,0,400000000000,-1,0
0.085,2,-1,WAIT_RELEASE,0,0,0,400000000000,-1,0
0.085,3,-1,WAIT_RELEASE,0,0,0,400000000000,-1,0
0.08502,0,0,INJECTING,2974008968,2973848080,7510451818,320000000000,-1,0
0.08502,1,-1,WAIT_RELEASE,0,0,0,400000000000,-1,0
0.08502,2,-1,WAIT_RELEASE,0,0,0,400000000000,-1,0
0.08502,3,-1,WAIT_RELEASE,0,0,0,400000000000,-1,0
0.08504,0,0,INJECTING,2974801984,2974642048,7510451818,320000000000,-1,0
0.08504,1,-1,WAIT_RELEASE,0,0,0,400000000000,-1,0
0.08504,2,-1,WAIT_RELEASE,0,0,0,400000000000,-1,0
0.08504,3,-1,WAIT_RELEASE,0,0,0,400000000000,-1,0
0.08506,0,0,INJECTING,2975595000,2975435064,7510451818,320000000000,-1,0
0.08506,1,-1,WAIT_RELEASE,0,0,0,400000000000,-1,0
0.08506,2,-1,WAIT_RELEASE,0,0,0,400000000000,-1,0
0.08506,3,-1,WAIT_RELEASE,0,0,0,400000000000,-1,0
0.08508,0,0,INJECTING,2976388968,2976228080,7510451818,320000000000,-1,0
0.08508,1,-1,WAIT_RELEASE,0,0,0,400000000000,-1,0
0.08508,2,-1,WAIT_RELEASE,0,0,0,400000000000,-1,0
0.08508,3,-1,WAIT_RELEASE,0,0,0,400000000000,-1,0
0.0851,0,0,INJECTING,2977181984,2977022048,7510451818,320000000000,-1,0
0.0851,1,-1,WAIT_RELEASE,0,0,0,400000000000,-1,0
0.0851,2,-1,WAIT_RELEASE,0,0,0,400000000000,-1,0
0.0851,3,-1,WAIT_RELEASE,0,0,0,400000000000,-1,0
0.08512,0,0,INJECTING,2977975000,2977815064,7510451818,320000000000,-1,0
0.08512,1,-1,WAIT_RELEASE,0,0,0,400000000000,-1,0
0.08512,2,-1,WAIT_RELEASE,0,0,0,400000000000,-1,0
0.08512,3,-1,WAIT_RELEASE,0,0,0,400000000000,-1,0
0.08514,0,0,INJECTING,2978768968,2978608080,7510451818,320000000000,-1,0
0.08514,1,-1,WAIT_RELEASE,0,0,0,400000000000,-1,0
0.08514,2,-1,WAIT_RELEASE,0,0,0,400000000000,-1,0
0.08514,3,-1,WAIT_RELEASE,0,0,0,400000000000,-1,0
0.08516,0,0,INJECTING,2979561984,2979402048,7510451818,320000000000,-1,0
0.08516,1,-1,WAIT_RELEASE,0,0,0,400000000000,-1,0
0.08516,2,-1,WAIT_RELEASE,0,0,0,400000000000,-1,0
0.08516,3,-1,WAIT_RELEASE,0,0,0,400000000000,-1,0
0.08518,0,0,INJECTING,2980355000,2980195064,7510451818,320000000000,-1,0
0.08518,1,-1,WAIT_RELEASE,0,0,0,400000000000,-1,0
0.08518,2,-1,WAIT_RELEASE,0,0,0,400000000000,-1,0
0.08518,3,-1,WAIT_RELEASE,0,0,0,400000000000,-1,0
0.0852,0,0,INJECTING,2981148968,2980988080,7510451818,320000000000,-1,0
0.0852,1,-1,WAIT_RELEASE,0,0,0,400000000000,-1,0
0.0852,2,-1,WAIT_RELEASE,0,0,0,400000000000,-1,0
0.0852,3,-1,WAIT_RELEASE,0,0,0,400000000000,-1,0
0.08522,0,0,INJECTING,2981941984,2981782048,7510451818,320000000000,-1,0
0.08522,1,-1,WAIT_RELEASE,0,0,0,400000000000,-1,0
0.08522,2,-1,WAIT_RELEASE,0,0,0,400000000000,-1,0
0.08522,3,-1,WAIT_RELEASE,0,0,0,400000000000,-1,0
0.08524,0,0,INJECTING,2982735000,2982575064,7510451818,320000000000,-1,0
0.08524,1,-1,WAIT_RELEASE,0,0,0,400000000000,-1,0
0.08524,2,-1,WAIT_RELEASE,0,0,0,400000000000,-1,0
0.08524,3,-1,WAIT_RELEASE,0,0,0,400000000000,-1,0
0.08526,0,0,INJECTING,2983528968,2983368080,7510451818,320000000000,-1,0
0.08526,1,-1,WAIT_RELEASE,0,0,0,400000000000,-1,0
0.08526,2,-1,WAIT_RELEASE,0,0,0,400000000000,-1,0
0.08526,3,-1,WAIT_RELEASE,0,0,0,400000000000,-1,0
0.08528,0,0,INJECTING,2984321984,2984162048,7510451818,320000000000,-1,0
0.08528,1,-1,WAIT_RELEASE,0,0,0,400000000000,-1,0
0.08528,2,-1,WAIT_RELEASE,0,0,0,400000000000,-1,0
0.08528,3,-1,WAIT_RELEASE,0,0,0,400000000000,-1,0
0.0853,0,0,INJECTING,2985115000,2984955064,7510451818,320000000000,-1,0
0.0853,1,-1,WAIT_RELEASE,0,0,0,400000000000,-1,0
0.0853,2,-1,WAIT_RELEASE,0,0,0,400000000000,-1,0
0.0853,3,-1,WAIT_RELEASE,0,0,0,400000000000,-1,0
0.08532,0,0,INJECTING,2985908968,2985748080,7510451818,320000000000,-1,0
0.08532,1,-1,WAIT_RELEASE,0,0,0,400000000000,-1,0
0.08532,2,-1,WAIT_RELEASE,0,0,0,400000000000,-1,0
0.08532,3,-1,WAIT_RELEASE,0,0,0,400000000000,-1,0
0.08534,0,0,INJECTING,2986701984,2986542048,7510451818,320000000000,-1,0
0.08534,1,-1,WAIT_RELEASE,0,0,0,400000000000,-1,0
0.08534,2,-1,WAIT_RELEASE,0,0,0,400000000000,-1,0
0.08534,3,-1,WAIT_RELEASE,0,0,0,400000000000,-1,0
0.08536,0,0,INJECTING,2987495000,2987335064,7510451818,320000000000,-1,0
0.08536,1,-1,WAIT_RELEASE,0,0,0,400000000000,-1,0
0.08536,2,-1,WAIT_RELEASE,0,0,0,400000000000,-1,0
0.08536,3,-1,WAIT_RELEASE,0,0,0,400000000000,-1,0
0.08538,0,0,INJECTING,2988288968,2988128080,7510451818,320000000000,-1,0
0.08538,1,-1,WAIT_RELEASE,0,0,0,400000000000,-1,0
0.08538,2,-1,WAIT_RELEASE,0,0,0,400000000000,-1,0
0.08538,3,-1,WAIT_RELEASE,0,0,0,400000000000,-1,0
0.0854,0,0,INJECTING,2989081984,2988922048,7510451818,320000000000,-1,0
0.0854,1,-1,WAIT_RELEASE,0,0,0,400000000000,-1,0
0.0854,2,-1,WAIT_RELEASE,0,0,0,400000000000,-1,0
0.0854,3,-1,WAIT_RELEASE,0,0,0,400000000000,-1,0
0.08542,0,0,INJECTING,2989875000,2989715064,7510451818,320000000000,-1,0
0.08542,1,-1,WAIT_RELEASE,0,0,0,400000000000,-1,0
0.08542,2,-1,WAIT_RELEASE,0,0,0,400000000000,-1,0
0.08542,3,-1,WAIT_RELEASE,0,0,0,400000000000,-1,0
0.08544,0,0,INJECTING,2990668968,2990508080,7510451818,320000000000,-1,0
0.08544,1,-1,WAIT_RELEASE,0,0,0,400000000000,-1,0
0.08544,2,-1,WAIT_RELEASE,0,0,0,400000000000,-1,0
0.08544,3,-1,WAIT_RELEASE,0,0,0,400000000000,-1,0
0.08546,0,0,INJECTING,2991461984,2991302048,7510451818,320000000000,-1,0
0.08546,1,-1,WAIT_RELEASE,0,0,0,400000000000,-1,0
0.08546,2,-1,WAIT_RELEASE,0,0,0,400000000000,-1,0
0.08546,3,-1,WAIT_RELEASE,0,0,0,400000000000,-1,0
0.08548,0,0,INJECTING,2992255000,2992095064,7510451818,320000000000,-1,0
0.08548,1,-1,WAIT_RELEASE,0,0,0,400000000000,-1,0
0.08548,2,-1,WAIT_RELEASE,0,0,0,400000000000,-1,0
0.08548,3,-1,WAIT_RELEASE,0,0,0,400000000000,-1,0
0.0855,0,0,INJECTING,2993048968,2992888080,7510451818,320000000000,-1,0
0.0855,1,-1,WAIT_RELEASE,0,0,0,400000000000,-1,0
0.0855,2,-1,WAIT_RELEASE,0,0,0,400000000000,-1,0
0.0855,3,-1,WAIT_RELEASE,0,0,0,400000000000,-1,0
0.08552,0,0,INJECTING,2993841984,2993682048,7510451818,320000000000,-1,0
0.08552,1,-1,WAIT_RELEASE,0,0,0,400000000000,-1,0
0.08552,2,-1,WAIT_RELEASE,0,0,0,400000000000,-1,0
0.08552,3,-1,WAIT_RELEASE,0,0,0,400000000000,-1,0
0.08554,0,0,INJECTING,2994635000,2994475064,7510451818,320000000000,-1,0
0.08554,1,-1,WAIT_RELEASE,0,0,0,400000000000,-1,0
0.08554,2,-1,WAIT_RELEASE,0,0,0,400000000000,-1,0
0.08554,3,-1,WAIT_RELEASE,0,0,0,400000000000,-1,0
0.08556,0,0,INJECTING,2995428968,2995268080,7510451818,320000000000,-1,0
0.08556,1,-1,WAIT_RELEASE,0,0,0,400000000000,-1,0
0.08556,2,-1,WAIT_RELEASE,0,0,0,400000000000,-1,0
0.08556,3,-1,WAIT_RELEASE,0,0,0,400000000000,-1,0
0.08558,0,0,INJECTING,2996221984,2996062048,7510451818,320000000000,-1,0
0.08558,1,-1,WAIT_RELEASE,0,0,0,400000000000,-1,0
0.08558,2,-1,WAIT_RELEASE,0,0,0,400000000000,-1,0
0.08558,3,-1,WAIT_RELEASE,0,0,0,400000000000,-1,0
0.0856,0,0,INJECTING,2997015000,2996855064,7510451818,320000000000,-1,0
0.0856,1,-1,WAIT_RELEASE,0,0,0,400000000000,-1,0
0.0856,2,-1,WAIT_RELEASE,0,0,0,400000000000,-1,0
0.0856,3,-1,WAIT_RELEASE,0,0,0,400000000000,-1,0
0.08562,0,0,INJECTING,2997808968,2997648080,7510451818,320000000000,-1,0
0.08562,1,-1,WAIT_RELEASE,0,0,0,400000000000,-1,0
0.08562,2,-1,WAIT_RELEASE,0,0,0,400000000000,-1,0
0.08562,3,-1,WAIT_RELEASE,0,0,0,400000000000,-1,0
0.08564,0,0,INJECTING,2998601984,2998442048,7510451818,320000000000,-1,0
0.08564,1,-1,WAIT_RELEASE,0,0,0,400000000000,-1,0
0.08564,2,-1,WAIT_RELEASE,0,0,0,400000000000,-1,0
0.08564,3,-1,WAIT_RELEASE,0,0,0,400000000000,-1,0
0.08566,0,0,INJECTING,2999395000,2999235064,7510451818,320000000000,-1,0
0.08566,1,-1,WAIT_RELEASE,0,0,0,400000000000,-1,0
0.08566,2,-1,WAIT_RELEASE,0,0,0,400000000000,-1,0
0.08566,3,-1,WAIT_RELEASE,0,0,0,400000000000,-1,0
0.08568,0,0,INJECTING,3000188968,3000028080,7510451818,320000000000,-1,0
0.08568,1,-1,WAIT_RELEASE,0,0,0,400000000000,-1,0
0.08568,2,-1,WAIT_RELEASE,0,0,0,400000000000,-1,0
0.08568,3,-1,WAIT_RELEASE,0,0,0,400000000000,-1,0
0.0857,0,0,INJECTING,3000981984,3000822048,7510451818,320000000000,-1,0
0.0857,1,-1,WAIT_RELEASE,0,0,0,400000000000,-1,0
0.0857,2,-1,WAIT_RELEASE,0,0,0,400000000000,-1,0
0.0857,3,-1,WAIT_RELEASE,0,0,0,400000000000,-1,0
0.08572,0,0,INJECTING,3001775000,3001615064,7510451818,320000000000,-1,0
0.08572,1,-1,WAIT_RELEASE,0,0,0,400000000000,-1,0
0.08572,2,-1,WAIT_RELEASE,0,0,0,400000000000,-1,0
0.08572,3,-1,WAIT_RELEASE,0,0,0,400000000000,-1,0
0.08574,0,0,INJECTING,3002568968,3002408080,7510451818,320000000000,-1,0
0.08574,1,-1,WAIT_RELEASE,0,0,0,400000000000,-1,0
0.08574,2,-1,WAIT_RELEASE,0,0,0,400000000000,-1,0
0.08574,3,-1,WAIT_RELEASE,0,0,0,400000000000,-1,0
0.08576,0,0,INJECTING,3003361984,3003202048,7510451818,320000000000,-1,0
0.08576,1,-1,WAIT_RELEASE,0,0,0,400000000000,-1,0
0.08576,2,-1,WAIT_RELEASE,0,0,0,400000000000,-1,0
0.08576,3,-1,WAIT_RELEASE,0,0,0,400000000000,-1,0
0.08578,0,0,INJECTING,3004155000,3003995064,7510451818,320000000000,-1,0
0.08578,1,-1,WAIT_RELEASE,0,0,0,400000000000,-1,0
0.08578,2,-1,WAIT_RELEASE,0,0,0,400000000000,-1,0
0.08578,3,-1,WAIT_RELEASE,0,0,0,400000000000,-1,0
0.0858,0,0,INJECTING,3004948968,3004788080,7510451818,320000000000,-1,0
0.0858,1,-1,WAIT_RELEASE,0,0,0,400000000000,-1,0
0.0858,2,-1,WAIT_RELEASE,0,0,0,400000000000,-1,0
0.0858,3,-1,WAIT_RELEASE,0,0,0,400000000000,-1,0
0.08582,0,0,INJECTING,3005741984,3005582048,7510451818,320000000000,-1,0
0.08582,1,-1,WAIT_RELEASE,0,0,0,400000000000,-1,0
0.08582,2,-1,WAIT_RELEASE,0,0,0,400000000000,-1,0
0.08582,3,-1,WAIT_RELEASE,0,0,0,400000000000,-1,0
0.08584,0,0,INJECTING,3006535000,3006375064,7510451818,320000000000,-1,0
0.08584,1,-1,WAIT_RELEASE,0,0,0,400000000000,-1,0
0.08584,2,-1,WAIT_RELEASE,0,0,0,400000000000,-1,0
0.08584,3,-1,WAIT_RELEASE,0,0,0,400000000000,-1,0
0.08586,0,0,INJECTING,3007328968,3007168080,7510451818,320000000000,-1,0
0.08586,1,-1,WAIT_RELEASE,0,0,0,400000000000,-1,0
0.08586,2,-1,WAIT_RELEASE,0,0,0,400000000000,-1,0
0.08586,3,-1,WAIT_RELEASE,0,0,0,400000000000,-1,0
0.08588,0,0,INJECTING,3008121984,3007962048,7510451818,320000000000,-1,0
0.08588,1,-1,WAIT_RELEASE,0,0,0,400000000000,-1,0
0.08588,2,-1,WAIT_RELEASE,0,0,0,400000000000,-1,0
0.08588,3,-1,WAIT_RELEASE,0,0,0,400000000000,-1,0
0.0859,0,0,INJECTING,3008915000,3008755064,7510451818,320000000000,-1,0
0.0859,1,-1,WAIT_RELEASE,0,0,0,400000000000,-1,0
0.0859,2,-1,WAIT_RELEASE,0,0,0,400000000000,-1,0
0.0859,3,-1,WAIT_RELEASE,0,0,0,400000000000,-1,0
0.08592,0,0,INJECTING,3009708968,3009548080,7510451818,320000000000,-1,0
0.08592,1,-1,WAIT_RELEASE,0,0,0,400000000000,-1,0
0.08592,2,-1,WAIT_RELEASE,0,0,0,400000000000,-1,0
0.08592,3,-1,WAIT_RELEASE,0,0,0,400000000000,-1,0
0.08594,0,0,INJECTING,3010501984,3010342048,7510451818,320000000000,-1,0
0.08594,1,-1,WAIT_RELEASE,0,0,0,400000000000,-1,0
0.08594,2,-1,WAIT_RELEASE,0,0,0,400000000000,-1,0
0.08594,3,-1,WAIT_RELEASE,0,0,0,400000000000,-1,0
0.08596,0,0,INJECTING,3011295000,3011135064,7510451818,320000000000,-1,0
0.08596,1,-1,WAIT_RELEASE,0,0,0,400000000000,-1,0
0.08596,2,-1,WAIT_RELEASE,0,0,0,400000000000,-1,0
0.08596,3,-1,WAIT_RELEASE,0,0,0,400000000000,-1,0
0.08598,0,0,INJECTING,3012088968,3011928080,7510451818,320000000000,-1,0
0.08598,1,-1,WAIT_RELEASE,0,0,0,400000000000,-1,0
0.08598,2,-1,WAIT_RELEASE,0,0,0,400000000000,-1,0
0.08598,3,-1,WAIT_RELEASE,0,0,0,400000000000,-1,0
0.086,0,0,INJECTING,3012881984,3012722048,7510451818,320000000000,-1,0
0.086,1,-1,WAIT_RELEASE,0,0,0,400000000000,-1,0
0.086,2,-1,WAIT_RELEASE,0,0,0,400000000000,-1,0
0.086,3,-1,WAIT_RELEASE,0,0,0,400000000000,-1,0
0.08602,0,0,INJECTING,3013675000,3013515064,7510451818,320000000000,-1,0
0.08602,1,-1,WAIT_RELEASE,0,0,0,400000000000,-1,0
0.08602,2,-1,WAIT_RELEASE,0,0,0,400000000000,-1,0
0.08602,3,-1,WAIT_RELEASE,0,0,0,400000000000,-1,0
0.08604,0,0,INJECTING,3014468968,3014308080,7510451818,320000000000,-1,0
0.08604,1,-1,WAIT_RELEASE,0,0,0,400000000000,-1,0
0.08604,2,-1,WAIT_RELEASE,0,0,0,400000000000,-1,0
0.08604,3,-1,WAIT_RELEASE,0,0,0,400000000000,-1,0
0.08606,0,0,INJECTING,3015261984,3015102048,7510451818,320000000000,-1,0
0.08606,1,-1,WAIT_RELEASE,0,0,0,400000000000,-1,0
0.08606,2,-1,WAIT_RELEASE,0,0,0,400000000000,-1,0
0.08606,3,-1,WAIT_RELEASE,0,0,0,400000000000,-1,0
0.08608,0,0,INJECTING,3016055000,3015895064,7510451818,320000000000,-1,0
0.08608,1,-1,WAIT_RELEASE,0,0,0,400000000000,-1,0
0.08608,2,-1,WAIT_RELEASE,0,0,0,400000000000,-1,0
0.08608,3,-1,WAIT_RELEASE,0,0,0,400000000000,-1,0
0.0861,0,0,INJECTING,3016848968,3016688080,7510451818,320000000000,-1,0
0.0861,1,-1,WAIT_RELEASE,0,0,0,400000000000,-1,0
0.0861,2,-1,WAIT_RELEASE,0,0,0,400000000000,-1,0
0.0861,3,-1,WAIT_RELEASE,0,0,0,400000000000,-1,0
0.08612,0,0,INJECTING,3017641984,3017482048,7510451818,320000000000,-1,0
0.08612,1,-1,WAIT_RELEASE,0,0,0,400000000000,-1,0
0.08612,2,-1,WAIT_RELEASE,0,0,0,400000000000,-1,0
0.08612,3,-1,WAIT_RELEASE,0,0,0,400000000000,-1,0
0.08614,0,0,INJECTING,3018435000,3018275064,7510451818,320000000000,-1,0
0.08614,1,-1,WAIT_RELEASE,0,0,0,400000000000,-1,0
0.08614,2,-1,WAIT_RELEASE,0,0,0,400000000000,-1,0
0.08614,3,-1,WAIT_RELEASE,0,0,0,400000000000,-1,0
0.08616,0,0,INJECTING,3019228968,3019068080,7510451818,320000000000,-1,0
0.08616,1,-1,WAIT_RELEASE,0,0,0,400000000000,-1,0
0.08616,2,-1,WAIT_RELEASE,0,0,0,400000000000,-1,0
0.08616,3,-1,WAIT_RELEASE,0,0,0,400000000000,-1,0
0.08618,0,0,INJECTING,3020021984,3019862048,7510451818,320000000000,-1,0
0.08618,1,-1,WAIT_RELEASE,0,0,0,400000000000,-1,0
0.08618,2,-1,WAIT_RELEASE,0,0,0,400000000000,-1,0
0.08618,3,-1,WAIT_RELEASE,0,0,0,400000000000,-1,0
0.0862,0,0,INJECTING,3020815000,3020655064,7510451818,320000000000,-1,0
0.0862,1,-1,WAIT_RELEASE,0,0,0,400000000000,-1,0
0.0862,2,-1,WAIT_RELEASE,0,0,0,400000000000,-1,0
0.0862,3,-1,WAIT_RELEASE,0,0,0,400000000000,-1,0
0.08622,0,0,INJECTING,3021608968,3021448080,7510451818,320000000000,-1,0
0.08622,1,-1,WAIT_RELEASE,0,0,0,400000000000,-1,0
0.08622,2,-1,WAIT_RELEASE,0,0,0,400000000000,-1,0
0.08622,3,-1,WAIT_RELEASE,0,0,0,400000000000,-1,0
0.08624,0,0,INJECTING,3022401984,3022242048,7510451818,320000000000,-1,0
0.08624,1,-1,WAIT_RELEASE,0,0,0,400000000000,-1,0
0.08624,2,-1,WAIT_RELEASE,0,0,0,400000000000,-1,0
0.08624,3,-1,WAIT_RELEASE,0,0,0,400000000000,-1,0
0.08626,0,0,INJECTING,3023195000,3023035064,7510451818,320000000000,-1,0
0.08626,1,-1,WAIT_RELEASE,0,0,0,400000000000,-1,0
0.08626,2,-1,WAIT_RELEASE,0,0,0,400000000000,-1,0
0.08626,3,-1,WAIT_RELEASE,0,0,0,400000000000,-1,0
0.08628,0,0,INJECTING,3023988968,3023828080,7510451818,320000000000,-1,0
0.08628,1,-1,WAIT_RELEASE,0,0,0,400000000000,-1,0
0.08628,2,-1,WAIT_RELEASE,0,0,0,400000000000,-1,0
0.08628,3,-1,WAIT_RELEASE,0,0,0,400000000000,-1,0
0.0863,0,0,INJECTING,3024781984,3024622048,7510451818,320000000000,-1,0
0.0863,1,-1,WAIT_RELEASE,0,0,0,400000000000,-1,0
0.0863,2,-1,WAIT_RELEASE,0,0,0,400000000000,-1,0
0.0863,3,-1,WAIT_RELEASE,0,0,0,400000000000,-1,0
0.08632,0,0,INJECTING,3025575000,3025415064,7510451818,320000000000,-1,0
0.08632,1,-1,WAIT_RELEASE,0,0,0,400000000000,-1,0
0.08632,2,-1,WAIT_RELEASE,0,0,0,400000000000,-1,0
0.08632,3,-1,WAIT_RELEASE,0,0,0,400000000000,-1,0
0.08634,0,0,INJECTING,3026368968,3026208080,7510451818,320000000000,-1,0
0.08634,1,-1,WAIT_RELEASE,0,0,0,400000000000,-1,0
0.08634,2,-1,WAIT_RELEASE,0,0,0,400000000000,-1,0
0.08634,3,-1,WAIT_RELEASE,0,0,0,400000000000,-1,0
0.08636,0,0,INJECTING,3027161984,3027002048,7510451818,320000000000,-1,0
0.08636,1,-1,WAIT_RELEASE,0,0,0,400000000000,-1,0
0.08636,2,-1,WAIT_RELEASE,0,0,0,400000000000,-1,0
0.08636,3,-1,WAIT_RELEASE,0,0,0,400000000000,-1,0
0.08638,0,0,INJECTING,3027955000,3027795064,7510451818,320000000000,-1,0
0.08638,1,-1,WAIT_RELEASE,0,0,0,400000000000,-1,0
0.08638,2,-1,WAIT_RELEASE,0,0,0,400000000000,-1,0
0.08638,3,-1,WAIT_RELEASE,0,0,0,400000000000,-1,0
0.0864,0,0,INJECTING,3028748968,3028588080,7510451818,320000000000,-1,0
0.0864,1,-1,WAIT_RELEASE,0,0,0,400000000000,-1,0
0.0864,2,-1,WAIT_RELEASE,0,0,0,400000000000,-1,0
0.0864,3,-1,WAIT_RELEASE,0,0,0,400000000000,-1,0
0.08642,0,0,INJECTING,3029541984,3029382048,7510451818,320000000000,-1,0
0.08642,1,-1,WAIT_RELEASE,0,0,0,400000000000,-1,0
0.08642,2,-1,WAIT_RELEASE,0,0,0,400000000000,-1,0
0.08642,3,-1,WAIT_RELEASE,0,0,0,400000000000,-1,0
0.08644,0,0,INJECTING,3030335000,3030175064,7510451818,320000000000,-1,0
0.08644,1,-1,WAIT_RELEASE,0,0,0,400000000000,-1,0
0.08644,2,-1,WAIT_RELEASE,0,0,0,400000000000,-1,0
0.08644,3,-1,WAIT_RELEASE,0,0,0,400000000000,-1,0
0.08646,0,0,INJECTING,3031128968,3030968080,7510451818,320000000000,-1,0
0.08646,1,-1,WAIT_RELEASE,0,0,0,400000000000,-1,0
0.08646,2,-1,WAIT_RELEASE,0,0,0,400000000000,-1,0
0.08646,3,-1,WAIT_RELEASE,0,0,0,400000000000,-1,0
0.08648,0,0,INJECTING,3031921984,3031762048,7510451818,320000000000,-1,0
0.08648,1,-1,WAIT_RELEASE,0,0,0,400000000000,-1,0
0.08648,2,-1,WAIT_RELEASE,0,0,0,400000000000,-1,0
0.08648,3,-1,WAIT_RELEASE,0,0,0,400000000000,-1,0
0.0865,0,0,INJECTING,3032715000,3032555064,7510451818,320000000000,-1,0
0.0865,1,-1,WAIT_RELEASE,0,0,0,400000000000,-1,0
0.0865,2,-1,WAIT_RELEASE,0,0,0,400000000000,-1,0
0.0865,3,-1,WAIT_RELEASE,0,0,0,400000000000,-1,0
0.08652,0,0,INJECTING,3033508968,3033348080,7510451818,320000000000,-1,0
0.08652,1,-1,WAIT_RELEASE,0,0,0,400000000000,-1,0
0.08652,2,-1,WAIT_RELEASE,0,0,0,400000000000,-1,0
0.08652,3,-1,WAIT_RELEASE,0,0,0,400000000000,-1,0
0.08654,0,0,INJECTING,3034301984,3034142048,7510451818,320000000000,-1,0
0.08654,1,-1,WAIT_RELEASE,0,0,0,400000000000,-1,0
0.08654,2,-1,WAIT_RELEASE,0,0,0,400000000000,-1,0
0.08654,3,-1,WAIT_RELEASE,0,0,0,400000000000,-1,0
0.08656,0,0,INJECTING,3035095000,3034935064,7510451818,320000000000,-1,0
0.08656,1,-1,WAIT_RELEASE,0,0,0,400000000000,-1,0
0.08656,2,-1,WAIT_RELEASE,0,0,0,400000000000,-1,0
0.08656,3,-1,WAIT_RELEASE,0,0,0,400000000000,-1,0
0.08658,0,0,INJECTING,3035888968,3035728080,7510451818,320000000000,-1,0
0.08658,1,-1,WAIT_RELEASE,0,0,0,400000000000,-1,0
0.08658,2,-1,WAIT_RELEASE,0,0,0,400000000000,-1,0
0.08658,3,-1,WAIT_RELEASE,0,0,0,400000000000,-1,0
0.0866,0,0,INJECTING,3036681984,3036522048,7510451818,320000000000,-1,0
0.0866,1,-1,WAIT_RELEASE,0,0,0,400000000000,-1,0
0.0866,2,-1,WAIT_RELEASE,0,0,0,400000000000,-1,0
0.0866,3,-1,WAIT_RELEASE,0,0,0,400000000000,-1,0
0.08662,0,0,INJECTING,3037475000,3037315064,7510451818,320000000000,-1,0
0.08662,1,-1,WAIT_RELEASE,0,0,0,400000000000,-1,0
0.08662,2,-1,WAIT_RELEASE,0,0,0,400000000000,-1,0
0.08662,3,-1,WAIT_RELEASE,0,0,0,400000000000,-1,0
0.08664,0,0,INJECTING,3038268968,3038108080,7510451818,320000000000,-1,0
0.08664,1,-1,WAIT_RELEASE,0,0,0,400000000000,-1,0
0.08664,2,-1,WAIT_RELEASE,0,0,0,400000000000,-1,0
0.08664,3,-1,WAIT_RELEASE,0,0,0,400000000000,-1,0
0.08666,0,0,INJECTING,3039061984,3038902048,7510451818,320000000000,-1,0
0.08666,1,-1,WAIT_RELEASE,0,0,0,400000000000,-1,0
0.08666,2,-1,WAIT_RELEASE,0,0,0,400000000000,-1,0
0.08666,3,-1,WAIT_RELEASE,0,0,0,400000000000,-1,0
0.08668,0,0,INJECTING,3039855000,3039695064,7510451818,320000000000,-1,0
0.08668,1,-1,WAIT_RELEASE,0,0,0,400000000000,-1,0
0.08668,2,-1,WAIT_RELEASE,0,0,0,400000000000,-1,0
0.08668,3,-1,WAIT_RELEASE,0,0,0,400000000000,-1,0
0.0867,0,0,INJECTING,3040648968,3040488080,7510451818,320000000000,-1,0
0.0867,1,-1,WAIT_RELEASE,0,0,0,400000000000,-1,0
0.0867,2,-1,WAIT_RELEASE,0,0,0,400000000000,-1,0
0.0867,3,-1,WAIT_RELEASE,0,0,0,400000000000,-1,0
0.08672,0,0,INJECTING,3041441984,3041282048,7510451818,320000000000,-1,0
0.08672,1,-1,WAIT_RELEASE,0,0,0,400000000000,-1,0
0.08672,2,-1,WAIT_RELEASE,0,0,0,400000000000,-1,0
0.08672,3,-1,WAIT_RELEASE,0,0,0,400000000000,-1,0
0.08674,0,0,INJECTING,3042235000,3042075064,7510451818,320000000000,-1,0
0.08674,1,-1,WAIT_RELEASE,0,0,0,400000000000,-1,0
0.08674,2,-1,WAIT_RELEASE,0,0,0,400000000000,-1,0
0.08674,3,-1,WAIT_RELEASE,0,0,0,400000000000,-1,0
0.08676,0,0,INJECTING,3043028968,3042868080,7510451818,320000000000,-1,0
0.08676,1,-1,WAIT_RELEASE,0,0,0,400000000000,-1,0
0.08676,2,-1,WAIT_RELEASE,0,0,0,400000000000,-1,0
0.08676,3,-1,WAIT_RELEASE,0,0,0,400000000000,-1,0
0.08678,0,0,INJECTING,3043821984,3043662048,7510451818,320000000000,-1,0
0.08678,1,-1,WAIT_RELEASE,0,0,0,400000000000,-1,0
0.08678,2,-1,WAIT_RELEASE,0,0,0,400000000000,-1,0
0.08678,3,-1,WAIT_RELEASE,0,0,0,400000000000,-1,0
0.0868,0,0,INJECTING,3044615000,3044455064,7510451818,320000000000,-1,0
0.0868,1,-1,WAIT_RELEASE,0,0,0,400000000000,-1,0
0.0868,2,-1,WAIT_RELEASE,0,0,0,400000000000,-1,0
0.0868,3,-1,WAIT_RELEASE,0,0,0,400000000000,-1,0
0.08682,0,0,INJECTING,3045408968,3045248080,7510451818,320000000000,-1,0
0.08682,1,-1,WAIT_RELEASE,0,0,0,400000000000,-1,0
0.08682,2,-1,WAIT_RELEASE,0,0,0,400000000000,-1,0
0.08682,3,-1,WAIT_RELEASE,0,0,0,400000000000,-1,0
0.08684,0,0,INJECTING,3046201984,3046042048,7510451818,320000000000,-1,0
0.08684,1,-1,WAIT_RELEASE,0,0,0,400000000000,-1,0
0.08684,2,-1,WAIT_RELEASE,0,0,0,400000000000,-1,0
0.08684,3,-1,WAIT_RELEASE,0,0,0,400000000000,-1,0
0.08686,0,0,INJECTING,3046995000,3046835064,7510451818,320000000000,-1,0
0.08686,1,-1,WAIT_RELEASE,0,0,0,400000000000,-1,0
0.08686,2,-1,WAIT_RELEASE,0,0,0,400000000000,-1,0
0.08686,3,-1,WAIT_RELEASE,0,0,0,400000000000,-1,0
0.08688,0,0,INJECTING,3047788968,3047628080,7510451818,320000000000,-1,0
0.08688,1,-1,WAIT_RELEASE,0,0,0,400000000000,-1,0
0.08688,2,-1,WAIT_RELEASE,0,0,0,400000000000,-1,0
0.08688,3,-1,WAIT_RELEASE,0,0,0,400000000000,-1,0
0.0869,0,0,INJECTING,3048581984,3048422048,7510451818,320000000000,-1,0
0.0869,1,-1,WAIT_RELEASE,0,0,0,400000000000,-1,0
0.0869,2,-1,WAIT_RELEASE,0,0,0,400000000000,-1,0
0.0869,3,-1,WAIT_RELEASE,0,0,0,400000000000,-1,0
0.08692,0,0,INJECTING,3049375000,3049215064,7510451818,320000000000,-1,0
0.08692,1,-1,WAIT_RELEASE,0,0,0,400000000000,-1,0
0.08692,2,-1,WAIT_RELEASE,0,0,0,400000000000,-1,0
0.08692,3,-1,WAIT_RELEASE,0,0,0,400000000000,-1,0
0.08694,0,0,INJECTING,3050168968,3050008080,7510451818,320000000000,-1,0
0.08694,1,-1,WAIT_RELEASE,0,0,0,400000000000,-1,0
0.08694,2,-1,WAIT_RELEASE,0,0,0,400000000000,-1,0
0.08694,3,-1,WAIT_RELEASE,0,0,0,400000000000,-1,0
0.08696,0,0,INJECTING,3050961984,3050802048,7510451818,320000000000,-1,0
0.08696,1,-1,WAIT_RELEASE,0,0,0,400000000000,-1,0
0.08696,2,-1,WAIT_RELEASE,0,0,0,400000000000,-1,0
0.08696,3,-1,WAIT_RELEASE,0,0,0,400000000000,-1,0
0.08698,0,0,INJECTING,3051755000,3051595064,7510451818,320000000000,-1,0
0.08698,1,-1,WAIT_RELEASE,0,0,0,400000000000,-1,0
0.08698,2,-1,WAIT_RELEASE,0,0,0,400000000000,-1,0
0.08698,3,-1,WAIT_RELEASE,0,0,0,400000000000,-1,0
0.087,0,0,INJECTING,3052548968,3052388080,7510451818,320000000000,-1,0
0.087,1,-1,WAIT_RELEASE,0,0,0,400000000000,-1,0
0.087,2,-1,WAIT_RELEASE,0,0,0,400000000000,-1,0
0.087,3,-1,WAIT_RELEASE,0,0,0,400000000000,-1,0
0.08702,0,0,INJECTING,3053341984,3053182048,7510451818,320000000000,-1,0
0.08702,1,-1,WAIT_RELEASE,0,0,0,400000000000,-1,0
0.08702,2,-1,WAIT_RELEASE,0,0,0,400000000000,-1,0
0.08702,3,-1,WAIT_RELEASE,0,0,0,400000000000,-1,0
0.08704,0,0,INJECTING,3054135000,3053975064,7510451818,320000000000,-1,0
0.08704,1,-1,WAIT_RELEASE,0,0,0,400000000000,-1,0
0.08704,2,-1,WAIT_RELEASE,0,0,0,400000000000,-1,0
0.08704,3,-1,WAIT_RELEASE,0,0,0,400000000000,-1,0
0.08706,0,0,INJECTING,3054928968,3054768080,7510451818,320000000000,-1,0
0.08706,1,-1,WAIT_RELEASE,0,0,0,400000000000,-1,0
0.08706,2,-1,WAIT_RELEASE,0,0,0,400000000000,-1,0
0.08706,3,-1,WAIT_RELEASE,0,0,0,400000000000,-1,0
0.08708,0,0,INJECTING,3055721984,3055562048,7510451818,320000000000,-1,0
0.08708,1,-1,WAIT_RELEASE,0,0,0,400000000000,-1,0
0.08708,2,-1,WAIT_RELEASE,0,0,0,400000000000,-1,0
0.08708,3,-1,WAIT_RELEASE,0,0,0,400000000000,-1,0
0.0871,0,0,INJECTING,3056515000,3056355064,7510451818,320000000000,-1,0
0.0871,1,-1,WAIT_RELEASE,0,0,0,400000000000,-1,0
0.0871,2,-1,WAIT_RELEASE,0,0,0,400000000000,-1,0
0.0871,3,-1,WAIT_RELEASE,0,0,0,400000000000,-1,0
0.08712,0,0,INJECTING,3057308968,3057148080,7510451818,320000000000,-1,0
0.08712,1,-1,WAIT_RELEASE,0,0,0,400000000000,-1,0
0.08712,2,-1,WAIT_RELEASE,0,0,0,400000000000,-1,0
0.08712,3,-1,WAIT_RELEASE,0,0,0,400000000000,-1,0
0.08714,0,0,INJECTING,3058101984,3057942048,7510451818,320000000000,-1,0
0.08714,1,-1,WAIT_RELEASE,0,0,0,400000000000,-1,0
0.08714,2,-1,WAIT_RELEASE,0,0,0,400000000000,-1,0
0.08714,3,-1,WAIT_RELEASE,0,0,0,400000000000,-1,0
0.08716,0,0,INJECTING,3058895000,3058735064,7510451818,320000000000,-1,0
0.08716,1,-1,WAIT_RELEASE,0,0,0,400000000000,-1,0
0.08716,2,-1,WAIT_RELEASE,0,0,0,400000000000,-1,0
0.08716,3,-1,WAIT_RELEASE,0,0,0,400000000000,-1,0
0.08718,0,0,INJECTING,3059688968,3059528080,7510451818,320000000000,-1,0
0.08718,1,-1,WAIT_RELEASE,0,0,0,400000000000,-1,0
0.08718,2,-1,WAIT_RELEASE,0,0,0,400000000000,-1,0
0.08718,3,-1,WAIT_RELEASE,0,0,0,400000000000,-1,0
0.0872,0,0,INJECTING,3060481984,3060322048,7510451818,320000000000,-1,0
0.0872,1,-1,WAIT_RELEASE,0,0,0,400000000000,-1,0
0.0872,2,-1,WAIT_RELEASE,0,0,0,400000000000,-1,0
0.0872,3,-1,WAIT_RELEASE,0,0,0,400000000000,-1,0
0.08722,0,0,INJECTING,3061275000,3061115064,7510451818,320000000000,-1,0
0.08722,1,-1,WAIT_RELEASE,0,0,0,400000000000,-1,0
0.08722,2,-1,WAIT_RELEASE,0,0,0,400000000000,-1,0
0.08722,3,-1,WAIT_RELEASE,0,0,0,400000000000,-1,0
0.08724,0,0,INJECTING,3062068968,3061908080,7510451818,320000000000,-1,0
0.08724,1,-1,WAIT_RELEASE,0,0,0,400000000000,-1,0
0.08724,2,-1,WAIT_RELEASE,0,0,0,400000000000,-1,0
0.08724,3,-1,WAIT_RELEASE,0,0,0,400000000000,-1,0
0.08726,0,0,INJECTING,3062861984,3062702048,7510451818,320000000000,-1,0
0.08726,1,-1,WAIT_RELEASE,0,0,0,400000000000,-1,0
0.08726,2,-1,WAIT_RELEASE,0,0,0,400000000000,-1,0
0.08726,3,-1,WAIT_RELEASE,0,0,0,400000000000,-1,0
0.08728,0,0,INJECTING,3063655000,3063495064,7510451818,320000000000,-1,0
0.08728,1,-1,WAIT_RELEASE,0,0,0,400000000000,-1,0
0.08728,2,-1,WAIT_RELEASE,0,0,0,400000000000,-1,0
0.08728,3,-1,WAIT_RELEASE,0,0,0,400000000000,-1,0
0.0873,0,0,INJECTING,3064448968,3064288080,7510451818,320000000000,-1,0
0.0873,1,-1,WAIT_RELEASE,0,0,0,400000000000,-1,0
0.0873,2,-1,WAIT_RELEASE,0,0,0,400000000000,-1,0
0.0873,3,-1,WAIT_RELEASE,0,0,0,400000000000,-1,0
0.08732,0,0,INJECTING,3065241984,3065082048,7510451818,320000000000,-1,0
0.08732,1,-1,WAIT_RELEASE,0,0,0,400000000000,-1,0
0.08732,2,-1,WAIT_RELEASE,0,0,0,400000000000,-1,0
0.08732,3,-1,WAIT_RELEASE,0,0,0,400000000000,-1,0
0.08734,0,0,INJECTING,3066035000,3065875064,7510451818,320000000000,-1,0
0.08734,1,-1,WAIT_RELEASE,0,0,0,400000000000,-1,0
0.08734,2,-1,WAIT_RELEASE,0,0,0,400000000000,-1,0
0.08734,3,-1,WAIT_RELEASE,0,0,0,400000000000,-1,0
0.08736,0,0,INJECTING,3066828968,3066668080,7510451818,320000000000,-1,0
0.08736,1,-1,WAIT_RELEASE,0,0,0,400000000000,-1,0
0.08736,2,-1,WAIT_RELEASE,0,0,0,400000000000,-1,0
0.08736,3,-1,WAIT_RELEASE,0,0,0,400000000000,-1,0
0.08738,0,0,INJECTING,3067621984,3067462048,7510451818,320000000000,-1,0
0.08738,1,-1,WAIT_RELEASE,0,0,0,400000000000,-1,0
0.08738,2,-1,WAIT_RELEASE,0,0,0,400000000000,-1,0
0.08738,3,-1,WAIT_RELEASE,0,0,0,400000000000,-1,0
0.0874,0,0,INJECTING,3068415000,3068255064,7510451818,320000000000,-1,0
0.0874,1,-1,WAIT_RELEASE,0,0,0,400000000000,-1,0
0.0874,2,-1,WAIT_RELEASE,0,0,0,400000000000,-1,0
0.0874,3,-1,WAIT_RELEASE,0,0,0,400000000000,-1,0
0.08742,0,0,INJECTING,3069208968,3069048080,7510451818,320000000000,-1,0
0.08742,1,-1,WAIT_RELEASE,0,0,0,400000000000,-1,0
0.08742,2,-1,WAIT_RELEASE,0,0,0,400000000000,-1,0
0.08742,3,-1,WAIT_RELEASE,0,0,0,400000000000,-1,0
0.08744,0,0,INJECTING,3070001984,3069842048,7510451818,320000000000,-1,0
0.08744,1,-1,WAIT_RELEASE,0,0,0,400000000000,-1,0
0.08744,2,-1,WAIT_RELEASE,0,0,0,400000000000,-1,0
0.08744,3,-1,WAIT_RELEASE,0,0,0,400000000000,-1,0
0.08746,0,0,INJECTING,3070795000,3070635064,7510451818,320000000000,-1,0
0.08746,1,-1,WAIT_RELEASE,0,0,0,400000000000,-1,0
0.08746,2,-1,WAIT_RELEASE,0,0,0,400000000000,-1,0
0.08746,3,-1,WAIT_RELEASE,0,0,0,400000000000,-1,0
0.08748,0,0,INJECTING,3071588968,3071428080,7510451818,320000000000,-1,0
0.08748,1,-1,WAIT_RELEASE,0,0,0,400000000000,-1,0
0.08748,2,-1,WAIT_RELEASE,0,0,0,400000000000,-1,0
0.08748,3,-1,WAIT_RELEASE,0,0,0,400000000000,-1,0
0.0875,0,0,INJECTING,3072381984,3072222048,7510451818,320000000000,-1,0
0.0875,1,-1,WAIT_RELEASE,0,0,0,400000000000,-1,0
0.0875,2,-1,WAIT_RELEASE,0,0,0,400000000000,-1,0
0.0875,3,-1,WAIT_RELEASE,0,0,0,400000000000,-1,0
0.08752,0,0,INJECTING,3073175000,3073015064,7510451818,320000000000,-1,0
0.08752,1,-1,WAIT_RELEASE,0,0,0,400000000000,-1,0
0.08752,2,-1,WAIT_RELEASE,0,0,0,400000000000,-1,0
0.08752,3,-1,WAIT_RELEASE,0,0,0,400000000000,-1,0
0.08754,0,0,INJECTING,3073968968,3073808080,7510451818,320000000000,-1,0
0.08754,1,-1,WAIT_RELEASE,0,0,0,400000000000,-1,0
0.08754,2,-1,WAIT_RELEASE,0,0,0,400000000000,-1,0
0.08754,3,-1,WAIT_RELEASE,0,0,0,400000000000,-1,0
0.08756,0,0,INJECTING,3074761984,3074602048,7510451818,320000000000,-1,0
0.08756,1,-1,WAIT_RELEASE,0,0,0,400000000000,-1,0
0.08756,2,-1,WAIT_RELEASE,0,0,0,400000000000,-1,0
0.08756,3,-1,WAIT_RELEASE,0,0,0,400000000000,-1,0
0.08758,0,0,INJECTING,3075555000,3075395064,7510451818,320000000000,-1,0
0.08758,1,-1,WAIT_RELEASE,0,0,0,400000000000,-1,0
0.08758,2,-1,WAIT_RELEASE,0,0,0,400000000000,-1,0
0.08758,3,-1,WAIT_RELEASE,0,0,0,400000000000,-1,0
0.0876,0,0,INJECTING,3076348968,3076188080,7510451818,320000000000,-1,0
0.0876,1,-1,WAIT_RELEASE,0,0,0,400000000000,-1,0
0.0876,2,-1,WAIT_RELEASE,0,0,0,400000000000,-1,0
0.0876,3,-1,WAIT_RELEASE,0,0,0,400000000000,-1,0
0.08762,0,0,INJECTING,3077141984,3076982048,7510451818,320000000000,-1,0
0.08762,1,-1,WAIT_RELEASE,0,0,0,400000000000,-1,0
0.08762,2,-1,WAIT_RELEASE,0,0,0,400000000000,-1,0
0.08762,3,-1,WAIT_RELEASE,0,0,0,400000000000,-1,0
0.08764,0,0,INJECTING,3077935000,3077775064,7510451818,320000000000,-1,0
0.08764,1,-1,WAIT_RELEASE,0,0,0,400000000000,-1,0
0.08764,2,-1,WAIT_RELEASE,0,0,0,400000000000,-1,0
0.08764,3,-1,WAIT_RELEASE,0,0,0,400000000000,-1,0
0.08766,0,0,INJECTING,3078728968,3078568080,7510451818,320000000000,-1,0
0.08766,1,-1,WAIT_RELEASE,0,0,0,400000000000,-1,0
0.08766,2,-1,WAIT_RELEASE,0,0,0,400000000000,-1,0
0.08766,3,-1,WAIT_RELEASE,0,0,0,400000000000,-1,0
0.08768,0,0,INJECTING,3079521984,3079362048,7510451818,320000000000,-1,0
0.08768,1,-1,WAIT_RELEASE,0,0,0,400000000000,-1,0
0.08768,2,-1,WAIT_RELEASE,0,0,0,400000000000,-1,0
0.08768,3,-1,WAIT_RELEASE,0,0,0,400000000000,-1,0
0.0877,0,0,INJECTING,3080315000,3080155064,7510451818,320000000000,-1,0
0.0877,1,-1,WAIT_RELEASE,0,0,0,400000000000,-1,0
0.0877,2,-1,WAIT_RELEASE,0,0,0,400000000000,-1,0
0.0877,3,-1,WAIT_RELEASE,0,0,0,400000000000,-1,0
0.08772,0,0,INJECTING,3081108968,3080948080,7510451818,320000000000,-1,0
0.08772,1,-1,WAIT_RELEASE,0,0,0,400000000000,-1,0
0.08772,2,-1,WAIT_RELEASE,0,0,0,400000000000,-1,0
0.08772,3,-1,WAIT_RELEASE,0,0,0,400000000000,-1,0
0.08774,0,0,INJECTING,3081901984,3081742048,7510451818,320000000000,-1,0
0.08774,1,-1,WAIT_RELEASE,0,0,0,400000000000,-1,0
0.08774,2,-1,WAIT_RELEASE,0,0,0,400000000000,-1,0
0.08774,3,-1,WAIT_RELEASE,0,0,0,400000000000,-1,0
0.08776,0,0,INJECTING,3082695000,3082535064,7510451818,320000000000,-1,0
0.08776,1,-1,WAIT_RELEASE,0,0,0,400000000000,-1,0
0.08776,2,-1,WAIT_RELEASE,0,0,0,400000000000,-1,0
0.08776,3,-1,WAIT_RELEASE,0,0,0,400000000000,-1,0
0.08778,0,0,INJECTING,3083488968,3083328080,7510451818,320000000000,-1,0
0.08778,1,-1,WAIT_RELEASE,0,0,0,400000000000,-1,0
0.08778,2,-1,WAIT_RELEASE,0,0,0,400000000000,-1,0
0.08778,3,-1,WAIT_RELEASE,0,0,0,400000000000,-1,0
0.0878,0,0,INJECTING,3084281984,3084122048,7510451818,320000000000,-1,0
0.0878,1,-1,WAIT_RELEASE,0,0,0,400000000000,-1,0
0.0878,2,-1,WAIT_RELEASE,0,0,0,400000000000,-1,0
0.0878,3,-1,WAIT_RELEASE,0,0,0,400000000000,-1,0
0.08782,0,0,INJECTING,3085075000,3084915064,7510451818,320000000000,-1,0
0.08782,1,-1,WAIT_RELEASE,0,0,0,400000000000,-1,0
0.08782,2,-1,WAIT_RELEASE,0,0,0,400000000000,-1,0
0.08782,3,-1,WAIT_RELEASE,0,0,0,400000000000,-1,0
0.08784,0,0,INJECTING,3085868968,3085708080,7510451818,320000000000,-1,0
0.08784,1,-1,WAIT_RELEASE,0,0,0,400000000000,-1,0
0.08784,2,-1,WAIT_RELEASE,0,0,0,400000000000,-1,0
0.08784,3,-1,WAIT_RELEASE,0,0,0,400000000000,-1,0
0.08786,0,0,INJECTING,3086661984,3086502048,7510451818,320000000000,-1,0
0.08786,1,-1,WAIT_RELEASE,0,0,0,400000000000,-1,0
0.08786,2,-1,WAIT_RELEASE,0,0,0,400000000000,-1,0
0.08786,3,-1,WAIT_RELEASE,0,0,0,400000000000,-1,0
0.08788,0,0,INJECTING,3087455000,3087295064,7510451818,320000000000,-1,0
0.08788,1,-1,WAIT_RELEASE,0,0,0,400000000000,-1,0
0.08788,2,-1,WAIT_RELEASE,0,0,0,400000000000,-1,0
0.08788,3,-1,WAIT_RELEASE,0,0,0,400000000000,-1,0
0.0879,0,0,INJECTING,3088248968,3088088080,7510451818,320000000000,-1,0
0.0879,1,-1,WAIT_RELEASE,0,0,0,400000000000,-1,0
0.0879,2,-1,WAIT_RELEASE,0,0,0,400000000000,-1,0
0.0879,3,-1,WAIT_RELEASE,0,0,0,400000000000,-1,0
0.08792,0,0,INJECTING,3089041984,3088882048,7510451818,320000000000,-1,0
0.08792,1,-1,WAIT_RELEASE,0,0,0,400000000000,-1,0
0.08792,2,-1,WAIT_RELEASE,0,0,0,400000000000,-1,0
0.08792,3,-1,WAIT_RELEASE,0,0,0,400000000000,-1,0
0.08794,0,0,INJECTING,3089835000,3089675064,7510451818,320000000000,-1,0
0.08794,1,-1,WAIT_RELEASE,0,0,0,400000000000,-1,0
0.08794,2,-1,WAIT_RELEASE,0,0,0,400000000000,-1,0
0.08794,3,-1,WAIT_RELEASE,0,0,0,400000000000,-1,0
0.08796,0,0,INJECTING,3090628968,3090468080,7510451818,320000000000,-1,0
0.08796,1,-1,WAIT_RELEASE,0,0,0,400000000000,-1,0
0.08796,2,-1,WAIT_RELEASE,0,0,0,400000000000,-1,0
0.08796,3,-1,WAIT_RELEASE,0,0,0,400000000000,-1,0
0.08798,0,0,INJECTING,3091421984,3091262048,7510451818,320000000000,-1,0
0.08798,1,-1,WAIT_RELEASE,0,0,0,400000000000,-1,0
0.08798,2,-1,WAIT_RELEASE,0,0,0,400000000000,-1,0
0.08798,3,-1,WAIT_RELEASE,0,0,0,400000000000,-1,0
0.088,0,0,INJECTING,3092215000,3092055064,7510451818,320000000000,-1,0
0.088,1,-1,WAIT_RELEASE,0,0,0,400000000000,-1,0
0.088,2,-1,WAIT_RELEASE,0,0,0,400000000000,-1,0
0.088,3,-1,WAIT_RELEASE,0,0,0,400000000000,-1,0
0.08802,0,0,INJECTING,3093008968,3092848080,7510451818,320000000000,-1,0
0.08802,1,-1,WAIT_RELEASE,0,0,0,400000000000,-1,0
0.08802,2,-1,WAIT_RELEASE,0,0,0,400000000000,-1,0
0.08802,3,-1,WAIT_RELEASE,0,0,0,400000000000,-1,0
0.08804,0,0,INJECTING,3093801984,3093642048,7510451818,320000000000,-1,0
0.08804,1,-1,WAIT_RELEASE,0,0,0,400000000000,-1,0
0.08804,2,-1,WAIT_RELEASE,0,0,0,400000000000,-1,0
0.08804,3,-1,WAIT_RELEASE,0,0,0,400000000000,-1,0
0.08806,0,0,INJECTING,3094595000,3094435064,7510451818,320000000000,-1,0
0.08806,1,-1,WAIT_RELEASE,0,0,0,400000000000,-1,0
0.08806,2,-1,WAIT_RELEASE,0,0,0,400000000000,-1,0
0.08806,3,-1,WAIT_RELEASE,0,0,0,400000000000,-1,0
0.08808,0,0,INJECTING,3095388968,3095228080,7510451818,320000000000,-1,0
0.08808,1,-1,WAIT_RELEASE,0,0,0,400000000000,-1,0
0.08808,2,-1,WAIT_RELEASE,0,0,0,400000000000,-1,0
0.08808,3,-1,WAIT_RELEASE,0,0,0,400000000000,-1,0
0.0881,0,0,INJECTING,3096181984,3096022048,7510451818,320000000000,-1,0
0.0881,1,-1,WAIT_RELEASE,0,0,0,400000000000,-1,0
0.0881,2,-1,WAIT_RELEASE,0,0,0,400000000000,-1,0
0.0881,3,-1,WAIT_RELEASE,0,0,0,400000000000,-1,0
0.08812,0,0,INJECTING,3096975000,3096815064,7510451818,320000000000,-1,0
0.08812,1,-1,WAIT_RELEASE,0,0,0,400000000000,-1,0
0.08812,2,-1,WAIT_RELEASE,0,0,0,400000000000,-1,0
0.08812,3,-1,WAIT_RELEASE,0,0,0,400000000000,-1,0
0.08814,0,0,INJECTING,3097768968,3097608080,7510451818,320000000000,-1,0
0.08814,1,-1,WAIT_RELEASE,0,0,0,400000000000,-1,0
0.08814,2,-1,WAIT_RELEASE,0,0,0,400000000000,-1,0
0.08814,3,-1,WAIT_RELEASE,0,0,0,400000000000,-1,0
0.08816,0,0,INJECTING,3098561984,3098402048,7510451818,320000000000,-1,0
0.08816,1,-1,WAIT_RELEASE,0,0,0,400000000000,-1,0
0.08816,2,-1,WAIT_RELEASE,0,0,0,400000000000,-1,0
0.08816,3,-1,WAIT_RELEASE,0,0,0,400000000000,-1,0
0.08818,0,0,INJECTING,3099355000,3099195064,7510451818,320000000000,-1,0
0.08818,1,-1,WAIT_RELEASE,0,0,0,400000000000,-1,0
0.08818,2,-1,WAIT_RELEASE,0,0,0,400000000000,-1,0
0.08818,3,-1,WAIT_RELEASE,0,0,0,400000000000,-1,0
0.0882,0,0,INJECTING,3100148968,3099988080,7510451818,320000000000,-1,0
0.0882,1,-1,WAIT_RELEASE,0,0,0,400000000000,-1,0
0.0882,2,-1,WAIT_RELEASE,0,0,0,400000000000,-1,0
0.0882,3,-1,WAIT_RELEASE,0,0,0,400000000000,-1,0
0.08822,0,0,INJECTING,3100941984,3100782048,7510451818,320000000000,-1,0
0.08822,1,-1,WAIT_RELEASE,0,0,0,400000000000,-1,0
0.08822,2,-1,WAIT_RELEASE,0,0,0,400000000000,-1,0
0.08822,3,-1,WAIT_RELEASE,0,0,0,400000000000,-1,0
0.08824,0,0,INJECTING,3101735000,3101575064,7510451818,320000000000,-1,0
0.08824,1,-1,WAIT_RELEASE,0,0,0,400000000000,-1,0
0.08824,2,-1,WAIT_RELEASE,0,0,0,400000000000,-1,0
0.08824,3,-1,WAIT_RELEASE,0,0,0,400000000000,-1,0
0.08826,0,0,INJECTING,3102528968,3102368080,7510451818,320000000000,-1,0
0.08826,1,-1,WAIT_RELEASE,0,0,0,400000000000,-1,0
0.08826,2,-1,WAIT_RELEASE,0,0,0,400000000000,-1,0
0.08826,3,-1,WAIT_RELEASE,0,0,0,400000000000,-1,0
0.08828,0,0,INJECTING,3103321984,3103162048,7510451818,320000000000,-1,0
0.08828,1,-1,WAIT_RELEASE,0,0,0,400000000000,-1,0
0.08828,2,-1,WAIT_RELEASE,0,0,0,400000000000,-1,0
0.08828,3,-1,WAIT_RELEASE,0,0,0,400000000000,-1,0
0.0883,0,0,INJECTING,3104115000,3103955064,7510451818,320000000000,-1,0
0.0883,1,-1,WAIT_RELEASE,0,0,0,400000000000,-1,0
0.0883,2,-1,WAIT_RELEASE,0,0,0,400000000000,-1,0
0.0883,3,-1,WAIT_RELEASE,0,0,0,400000000000,-1,0
0.08832,0,0,INJECTING,3104908968,3104748080,7510451818,320000000000,-1,0
0.08832,1,-1,WAIT_RELEASE,0,0,0,400000000000,-1,0
0.08832,2,-1,WAIT_RELEASE,0,0,0,400000000000,-1,0
0.08832,3,-1,WAIT_RELEASE,0,0,0,400000000000,-1,0
0.08834,0,0,INJECTING,3105701984,3105542048,7510451818,320000000000,-1,0
0.08834,1,-1,WAIT_RELEASE,0,0,0,400000000000,-1,0
0.08834,2,-1,WAIT_RELEASE,0,0,0,400000000000,-1,0
0.08834,3,-1,WAIT_RELEASE,0,0,0,400000000000,-1,0
0.08836,0,0,INJECTING,3106495000,3106335064,7510451818,320000000000,-1,0
0.08836,1,-1,WAIT_RELEASE,0,0,0,400000000000,-1,0
0.08836,2,-1,WAIT_RELEASE,0,0,0,400000000000,-1,0
0.08836,3,-1,WAIT_RELEASE,0,0,0,400000000000,-1,0
0.08838,0,0,INJECTING,3107288968,3107128080,7510451818,320000000000,-1,0
0.08838,1,-1,WAIT_RELEASE,0,0,0,400000000000,-1,0
0.08838,2,-1,WAIT_RELEASE,0,0,0,400000000000,-1,0
0.08838,3,-1,WAIT_RELEASE,0,0,0,400000000000,-1,0
0.0884,0,0,INJECTING,3108081984,3107922048,7510451818,320000000000,-1,0
0.0884,1,-1,WAIT_RELEASE,0,0,0,400000000000,-1,0
0.0884,2,-1,WAIT_RELEASE,0,0,0,400000000000,-1,0
0.0884,3,-1,WAIT_RELEASE,0,0,0,400000000000,-1,0
0.08842,0,0,INJECTING,3108875000,3108715064,7510451818,320000000000,-1,0
0.08842,1,-1,WAIT_RELEASE,0,0,0,400000000000,-1,0
0.08842,2,-1,WAIT_RELEASE,0,0,0,400000000000,-1,0
0.08842,3,-1,WAIT_RELEASE,0,0,0,400000000000,-1,0
0.08844,0,0,INJECTING,3109668968,3109508080,7510451818,320000000000,-1,0
0.08844,1,-1,WAIT_RELEASE,0,0,0,400000000000,-1,0
0.08844,2,-1,WAIT_RELEASE,0,0,0,400000000000,-1,0
0.08844,3,-1,WAIT_RELEASE,0,0,0,400000000000,-1,0
0.08846,0,0,INJECTING,3110461984,3110302048,7510451818,320000000000,-1,0
0.08846,1,-1,WAIT_RELEASE,0,0,0,400000000000,-1,0
0.08846,2,-1,WAIT_RELEASE,0,0,0,400000000000,-1,0
0.08846,3,-1,WAIT_RELEASE,0,0,0,400000000000,-1,0
0.08848,0,0,INJECTING,3111255000,3111095064,7510451818,320000000000,-1,0
0.08848,1,-1,WAIT_RELEASE,0,0,0,400000000000,-1,0
0.08848,2,-1,WAIT_RELEASE,0,0,0,400000000000,-1,0
0.08848,3,-1,WAIT_RELEASE,0,0,0,400000000000,-1,0
0.0885,0,0,INJECTING,3112048968,3111888080,7510451818,320000000000,-1,0
0.0885,1,-1,WAIT_RELEASE,0,0,0,400000000000,-1,0
0.0885,2,-1,WAIT_RELEASE,0,0,0,400000000000,-1,0
0.0885,3,-1,WAIT_RELEASE,0,0,0,400000000000,-1,0
0.08852,0,0,INJECTING,3112841984,3112682048,7510451818,320000000000,-1,0
0.08852,1,-1,WAIT_RELEASE,0,0,0,400000000000,-1,0
0.08852,2,-1,WAIT_RELEASE,0,0,0,400000000000,-1,0
0.08852,3,-1,WAIT_RELEASE,0,0,0,400000000000,-1,0
0.08854,0,0,INJECTING,3113635000,3113475064,7510451818,320000000000,-1,0
0.08854,1,-1,WAIT_RELEASE,0,0,0,400000000000,-1,0
0.08854,2,-1,WAIT_RELEASE,0,0,0,400000000000,-1,0
0.08854,3,-1,WAIT_RELEASE,0,0,0,400000000000,-1,0
0.08856,0,0,INJECTING,3114428968,3114268080,7510451818,320000000000,-1,0
0.08856,1,-1,WAIT_RELEASE,0,0,0,400000000000,-1,0
0.08856,2,-1,WAIT_RELEASE,0,0,0,400000000000,-1,0
0.08856,3,-1,WAIT_RELEASE,0,0,0,400000000000,-1,0
0.08858,0,0,INJECTING,3115221984,3115062048,7510451818,320000000000,-1,0
0.08858,1,-1,WAIT_RELEASE,0,0,0,400000000000,-1,0
0.08858,2,-1,WAIT_RELEASE,0,0,0,400000000000,-1,0
0.08858,3,-1,WAIT_RELEASE,0,0,0,400000000000,-1,0
0.0886,0,0,INJECTING,3116015000,3115855064,7510451818,320000000000,-1,0
0.0886,1,-1,WAIT_RELEASE,0,0,0,400000000000,-1,0
0.0886,2,-1,WAIT_RELEASE,0,0,0,400000000000,-1,0
0.0886,3,-1,WAIT_RELEASE,0,0,0,400000000000,-1,0
0.08862,0,0,INJECTING,3116808968,3116648080,7510451818,320000000000,-1,0
0.08862,1,-1,WAIT_RELEASE,0,0,0,400000000000,-1,0
0.08862,2,-1,WAIT_RELEASE,0,0,0,400000000000,-1,0
0.08862,3,-1,WAIT_RELEASE,0,0,0,400000000000,-1,0
0.08864,0,0,INJECTING,3117601984,3117442048,7510451818,320000000000,-1,0
0.08864,1,-1,WAIT_RELEASE,0,0,0,400000000000,-1,0
0.08864,2,-1,WAIT_RELEASE,0,0,0,400000000000,-1,0
0.08864,3,-1,WAIT_RELEASE,0,0,0,400000000000,-1,0
0.08866,0,0,INJECTING,3118395000,3118235064,7510451818,320000000000,-1,0
0.08866,1,-1,WAIT_RELEASE,0,0,0,400000000000,-1,0
0.08866,2,-1,WAIT_RELEASE,0,0,0,400000000000,-1,0
0.08866,3,-1,WAIT_RELEASE,0,0,0,400000000000,-1,0
0.08868,0,0,INJECTING,3119188968,3119028080,7510451818,320000000000,-1,0
0.08868,1,-1,WAIT_RELEASE,0,0,0,400000000000,-1,0
0.08868,2,-1,WAIT_RELEASE,0,0,0,400000000000,-1,0
0.08868,3,-1,WAIT_RELEASE,0,0,0,400000000000,-1,0
0.0887,0,0,INJECTING,3119981984,3119822048,7510451818,320000000000,-1,0
0.0887,1,-1,WAIT_RELEASE,0,0,0,400000000000,-1,0
0.0887,2,-1,WAIT_RELEASE,0,0,0,400000000000,-1,0
0.0887,3,-1,WAIT_RELEASE,0,0,0,400000000000,-1,0
0.08872,0,0,INJECTING,3120775000,3120615064,7510451818,320000000000,-1,0
0.08872,1,-1,WAIT_RELEASE,0,0,0,400000000000,-1,0
0.08872,2,-1,WAIT_RELEASE,0,0,0,400000000000,-1,0
0.08872,3,-1,WAIT_RELEASE,0,0,0,400000000000,-1,0
0.08874,0,0,INJECTING,3121568968,3121408080,7510451818,320000000000,-1,0
0.08874,1,-1,WAIT_RELEASE,0,0,0,400000000000,-1,0
0.08874,2,-1,WAIT_RELEASE,0,0,0,400000000000,-1,0
0.08874,3,-1,WAIT_RELEASE,0,0,0,400000000000,-1,0
0.08876,0,0,INJECTING,3122361984,3122202048,7510451818,320000000000,-1,0
0.08876,1,-1,WAIT_RELEASE,0,0,0,400000000000,-1,0
0.08876,2,-1,WAIT_RELEASE,0,0,0,400000000000,-1,0
0.08876,3,-1,WAIT_RELEASE,0,0,0,400000000000,-1,0
0.08878,0,0,INJECTING,3123155000,3122995064,7510451818,320000000000,-1,0
0.08878,1,-1,WAIT_RELEASE,0,0,0,400000000000,-1,0
0.08878,2,-1,WAIT_RELEASE,0,0,0,400000000000,-1,0
0.08878,3,-1,WAIT_RELEASE,0,0,0,400000000000,-1,0
0.0888,0,0,INJECTING,3123948968,3123788080,7510451818,320000000000,-1,0
0.0888,1,-1,WAIT_RELEASE,0,0,0,400000000000,-1,0
0.0888,2,-1,WAIT_RELEASE,0,0,0,400000000000,-1,0
0.0888,3,-1,WAIT_RELEASE,0,0,0,400000000000,-1,0
0.08882,0,0,INJECTING,3124741984,3124582048,7510451818,320000000000,-1,0
0.08882,1,-1,WAIT_RELEASE,0,0,0,400000000000,-1,0
0.08882,2,-1,WAIT_RELEASE,0,0,0,400000000000,-1,0
0.08882,3,-1,WAIT_RELEASE,0,0,0,400000000000,-1,0
0.08884,0,0,INJECTING,3125535000,3125375064,7510451818,320000000000,-1,0
0.08884,1,-1,WAIT_RELEASE,0,0,0,400000000000,-1,0
0.08884,2,-1,WAIT_RELEASE,0,0,0,400000000000,-1,0
0.08884,3,-1,WAIT_RELEASE,0,0,0,400000000000,-1,0
0.08886,0,0,INJECTING,3126328968,3126168080,7510451818,320000000000,-1,0
0.08886,1,-1,WAIT_RELEASE,0,0,0,400000000000,-1,0
0.08886,2,-1,WAIT_RELEASE,0,0,0,400000000000,-1,0
0.08886,3,-1,WAIT_RELEASE,0,0,0,400000000000,-1,0
0.08888,0,0,INJECTING,3127121984,3126962048,7510451818,320000000000,-1,0
0.08888,1,-1,WAIT_RELEASE,0,0,0,400000000000,-1,0
0.08888,2,-1,WAIT_RELEASE,0,0,0,400000000000,-1,0
0.08888,3,-1,WAIT_RELEASE,0,0,0,400000000000,-1,0
0.0889,0,0,INJECTING,3127915000,3127755064,7510451818,320000000000,-1,0
0.0889,1,-1,WAIT_RELEASE,0,0,0,400000000000,-1,0
0.0889,2,-1,WAIT_RELEASE,0,0,0,400000000000,-1,0
0.0889,3,-1,WAIT_RELEASE,0,0,0,400000000000,-1,0
0.08892,0,0,INJECTING,3128708968,3128548080,7510451818,320000000000,-1,0
0.08892,1,-1,WAIT_RELEASE,0,0,0,400000000000,-1,0
0.08892,2,-1,WAIT_RELEASE,0,0,0,400000000000,-1,0
0.08892,3,-1,WAIT_RELEASE,0,0,0,400000000000,-1,0
0.08894,0,0,INJECTING,3129501984,3129342048,7510451818,320000000000,-1,0
0.08894,1,-1,WAIT_RELEASE,0,0,0,400000000000,-1,0
0.08894,2,-1,WAIT_RELEASE,0,0,0,400000000000,-1,0
0.08894,3,-1,WAIT_RELEASE,0,0,0,400000000000,-1,0
0.08896,0,0,INJECTING,3130295000,3130135064,7510451818,320000000000,-1,0
0.08896,1,-1,WAIT_RELEASE,0,0,0,400000000000,-1,0
0.08896,2,-1,WAIT_RELEASE,0,0,0,400000000000,-1,0
0.08896,3,-1,WAIT_RELEASE,0,0,0,400000000000,-1,0
0.08898,0,0,INJECTING,3131088968,3130928080,7510451818,320000000000,-1,0
0.08898,1,-1,WAIT_RELEASE,0,0,0,400000000000,-1,0
0.08898,2,-1,WAIT_RELEASE,0,0,0,400000000000,-1,0
0.08898,3,-1,WAIT_RELEASE,0,0,0,400000000000,-1,0
0.089,0,0,INJECTING,3131881984,3131722048,7510451818,320000000000,-1,0
0.089,1,-1,WAIT_RELEASE,0,0,0,400000000000,-1,0
0.089,2,-1,WAIT_RELEASE,0,0,0,400000000000,-1,0
0.089,3,-1,WAIT_RELEASE,0,0,0,400000000000,-1,0
0.08902,0,0,INJECTING,3132675000,3132515064,7510451818,320000000000,-1,0
0.08902,1,-1,WAIT_RELEASE,0,0,0,400000000000,-1,0
0.08902,2,-1,WAIT_RELEASE,0,0,0,400000000000,-1,0
0.08902,3,-1,WAIT_RELEASE,0,0,0,400000000000,-1,0
0.08904,0,0,INJECTING,3133468968,3133308080,7510451818,320000000000,-1,0
0.08904,1,-1,WAIT_RELEASE,0,0,0,400000000000,-1,0
0.08904,2,-1,WAIT_RELEASE,0,0,0,400000000000,-1,0
0.08904,3,-1,WAIT_RELEASE,0,0,0,400000000000,-1,0
0.08906,0,0,INJECTING,3134261984,3134102048,7510451818,320000000000,-1,0
0.08906,1,-1,WAIT_RELEASE,0,0,0,400000000000,-1,0
0.08906,2,-1,WAIT_RELEASE,0,0,0,400000000000,-1,0
0.08906,3,-1,WAIT_RELEASE,0,0,0,400000000000,-1,0
0.08908,0,0,INJECTING,3135055000,3134895064,7510451818,320000000000,-1,0
0.08908,1,-1,WAIT_RELEASE,0,0,0,400000000000,-1,0
0.08908,2,-1,WAIT_RELEASE,0,0,0,400000000000,-1,0
0.08908,3,-1,WAIT_RELEASE,0,0,0,400000000000,-1,0
0.0891,0,0,INJECTING,3135848968,3135688080,7510451818,320000000000,-1,0
0.0891,1,-1,WAIT_RELEASE,0,0,0,400000000000,-1,0
0.0891,2,-1,WAIT_RELEASE,0,0,0,400000000000,-1,0
0.0891,3,-1,WAIT_RELEASE,0,0,0,400000000000,-1,0
0.08912,0,0,INJECTING,3136641984,3136482048,7510451818,320000000000,-1,0
0.08912,1,-1,WAIT_RELEASE,0,0,0,400000000000,-1,0
0.08912,2,-1,WAIT_RELEASE,0,0,0,400000000000,-1,0
0.08912,3,-1,WAIT_RELEASE,0,0,0,400000000000,-1,0
0.08914,0,0,INJECTING,3137435000,3137275064,7510451818,320000000000,-1,0
0.08914,1,-1,WAIT_RELEASE,0,0,0,400000000000,-1,0
0.08914,2,-1,WAIT_RELEASE,0,0,0,400000000000,-1,0
0.08914,3,-1,WAIT_RELEASE,0,0,0,400000000000,-1,0
0.08916,0,0,INJECTING,3138228968,3138068080,7510451818,320000000000,-1,0
0.08916,1,-1,WAIT_RELEASE,0,0,0,400000000000,-1,0
0.08916,2,-1,WAIT_RELEASE,0,0,0,400000000000,-1,0
0.08916,3,-1,WAIT_RELEASE,0,0,0,400000000000,-1,0
0.08918,0,0,INJECTING,3139021984,3138862048,7510451818,320000000000,-1,0
0.08918,1,-1,WAIT_RELEASE,0,0,0,400000000000,-1,0
0.08918,2,-1,WAIT_RELEASE,0,0,0,400000000000,-1,0
0.08918,3,-1,WAIT_RELEASE,0,0,0,400000000000,-1,0
0.0892,0,0,INJECTING,3139815000,3139655064,7510451818,320000000000,-1,0
0.0892,1,-1,WAIT_RELEASE,0,0,0,400000000000,-1,0
0.0892,2,-1,WAIT_RELEASE,0,0,0,400000000000,-1,0
0.0892,3,-1,WAIT_RELEASE,0,0,0,400000000000,-1,0
0.08922,0,0,INJECTING,3140608968,3140448080,7510451818,320000000000,-1,0
0.08922,1,-1,WAIT_RELEASE,0,0,0,400000000000,-1,0
0.08922,2,-1,WAIT_RELEASE,0,0,0,400000000000,-1,0
0.08922,3,-1,WAIT_RELEASE,0,0,0,400000000000,-1,0
0.08924,0,0,INJECTING,3141401984,3141242048,7510451818,320000000000,-1,0
0.08924,1,-1,WAIT_RELEASE,0,0,0,400000000000,-1,0
0.08924,2,-1,WAIT_RELEASE,0,0,0,400000000000,-1,0
0.08924,3,-1,WAIT_RELEASE,0,0,0,400000000000,-1,0
0.08926,0,0,INJECTING,3142195000,3142035064,7510451818,320000000000,-1,0
0.08926,1,-1,WAIT_RELEASE,0,0,0,400000000000,-1,0
0.08926,2,-1,WAIT_RELEASE,0,0,0,400000000000,-1,0
0.08926,3,-1,WAIT_RELEASE,0,0,0,400000000000,-1,0
0.08928,0,0,INJECTING,3142988968,3142828080,7510451818,320000000000,-1,0
0.08928,1,-1,WAIT_RELEASE,0,0,0,400000000000,-1,0
0.08928,2,-1,WAIT_RELEASE,0,0,0,400000000000,-1,0
0.08928,3,-1,WAIT_RELEASE,0,0,0,400000000000,-1,0
0.0893,0,0,INJECTING,3143781984,3143622048,7510451818,320000000000,-1,0
0.0893,1,-1,WAIT_RELEASE,0,0,0,400000000000,-1,0
0.0893,2,-1,WAIT_RELEASE,0,0,0,400000000000,-1,0
0.0893,3,-1,WAIT_RELEASE,0,0,0,400000000000,-1,0
0.08932,0,0,INJECTING,3144575000,3144415064,7510451818,320000000000,-1,0
0.08932,1,-1,WAIT_RELEASE,0,0,0,400000000000,-1,0
0.08932,2,-1,WAIT_RELEASE,0,0,0,400000000000,-1,0
0.08932,3,-1,WAIT_RELEASE,0,0,0,400000000000,-1,0
0.08934,0,0,INJECTING,3145368968,3145208080,7510451818,320000000000,-1,0
0.08934,1,-1,WAIT_RELEASE,0,0,0,400000000000,-1,0
0.08934,2,-1,WAIT_RELEASE,0,0,0,400000000000,-1,0
0.08934,3,-1,WAIT_RELEASE,0,0,0,400000000000,-1,0
0.08936,0,0,INJECTING,3146161984,3146002048,7510451818,320000000000,-1,0
0.08936,1,-1,WAIT_RELEASE,0,0,0,400000000000,-1,0
0.08936,2,-1,WAIT_RELEASE,0,0,0,400000000000,-1,0
0.08936,3,-1,WAIT_RELEASE,0,0,0,400000000000,-1,0
0.08938,0,0,INJECTING,3146955000,3146795064,7510451818,320000000000,-1,0
0.08938,1,-1,WAIT_RELEASE,0,0,0,400000000000,-1,0
0.08938,2,-1,WAIT_RELEASE,0,0,0,400000000000,-1,0
0.08938,3,-1,WAIT_RELEASE,0,0,0,400000000000,-1,0
0.0894,0,0,INJECTING,3147748968,3147588080,7510451818,320000000000,-1,0
0.0894,1,-1,WAIT_RELEASE,0,0,0,400000000000,-1,0
0.0894,2,-1,WAIT_RELEASE,0,0,0,400000000000,-1,0
0.0894,3,-1,WAIT_RELEASE,0,0,0,400000000000,-1,0
0.08942,0,0,INJECTING,3148541984,3148382048,7510451818,320000000000,-1,0
0.08942,1,-1,WAIT_RELEASE,0,0,0,400000000000,-1,0
0.08942,2,-1,WAIT_RELEASE,0,0,0,400000000000,-1,0
0.08942,3,-1,WAIT_RELEASE,0,0,0,400000000000,-1,0
0.08944,0,0,INJECTING,3149335000,3149175064,7510451818,320000000000,-1,0
0.08944,1,-1,WAIT_RELEASE,0,0,0,400000000000,-1,0
0.08944,2,-1,WAIT_RELEASE,0,0,0,400000000000,-1,0
0.08944,3,-1,WAIT_RELEASE,0,0,0,400000000000,-1,0
0.08946,0,0,INJECTING,3150128968,3149968080,7510451818,320000000000,-1,0
0.08946,1,-1,WAIT_RELEASE,0,0,0,400000000000,-1,0
0.08946,2,-1,WAIT_RELEASE,0,0,0,400000000000,-1,0
0.08946,3,-1,WAIT_RELEASE,0,0,0,400000000000,-1,0
0.08948,0,0,INJECTING,3150921984,3150762048,7510451818,320000000000,-1,0
0.08948,1,-1,WAIT_RELEASE,0,0,0,400000000000,-1,0
0.08948,2,-1,WAIT_RELEASE,0,0,0,400000000000,-1,0
0.08948,3,-1,WAIT_RELEASE,0,0,0,400000000000,-1,0
0.0895,0,0,INJECTING,3151715000,3151555064,7510451818,320000000000,-1,0
0.0895,1,-1,WAIT_RELEASE,0,0,0,400000000000,-1,0
0.0895,2,-1,WAIT_RELEASE,0,0,0,400000000000,-1,0
0.0895,3,-1,WAIT_RELEASE,0,0,0,400000000000,-1,0
0.08952,0,0,INJECTING,3152508968,3152348080,7510451818,320000000000,-1,0
0.08952,1,-1,WAIT_RELEASE,0,0,0,400000000000,-1,0
0.08952,2,-1,WAIT_RELEASE,0,0,0,400000000000,-1,0
0.08952,3,-1,WAIT_RELEASE,0,0,0,400000000000,-1,0
0.08954,0,0,INJECTING,3153301984,3153142048,7510451818,320000000000,-1,0
0.08954,1,-1,WAIT_RELEASE,0,0,0,400000000000,-1,0
0.08954,2,-1,WAIT_RELEASE,0,0,0,400000000000,-1,0
0.08954,3,-1,WAIT_RELEASE,0,0,0,400000000000,-1,0
0.08956,0,0,INJECTING,3154095000,3153935064,7510451818,320000000000,-1,0
0.08956,1,-1,WAIT_RELEASE,0,0,0,400000000000,-1,0
0.08956,2,-1,WAIT_RELEASE,0,0,0,400000000000,-1,0
0.08956,3,-1,WAIT_RELEASE,0,0,0,400000000000,-1,0
0.08958,0,0,INJECTING,3154888968,3154728080,7510451818,320000000000,-1,0
0.08958,1,-1,WAIT_RELEASE,0,0,0,400000000000,-1,0
0.08958,2,-1,WAIT_RELEASE,0,0,0,400000000000,-1,0
0.08958,3,-1,WAIT_RELEASE,0,0,0,400000000000,-1,0
0.0896,0,0,INJECTING,3155681984,3155522048,7510451818,320000000000,-1,0
0.0896,1,-1,WAIT_RELEASE,0,0,0,400000000000,-1,0
0.0896,2,-1,WAIT_RELEASE,0,0,0,400000000000,-1,0
0.0896,3,-1,WAIT_RELEASE,0,0,0,400000000000,-1,0
0.08962,0,0,INJECTING,3156475000,3156315064,7510451818,320000000000,-1,0
0.08962,1,-1,WAIT_RELEASE,0,0,0,400000000000,-1,0
0.08962,2,-1,WAIT_RELEASE,0,0,0,400000000000,-1,0
0.08962,3,-1,WAIT_RELEASE,0,0,0,400000000000,-1,0
0.08964,0,0,INJECTING,3157268968,3157108080,7510451818,320000000000,-1,0
0.08964,1,-1,WAIT_RELEASE,0,0,0,400000000000,-1,0
0.08964,2,-1,WAIT_RELEASE,0,0,0,400000000000,-1,0
0.08964,3,-1,WAIT_RELEASE,0,0,0,400000000000,-1,0
0.08966,0,0,INJECTING,3158061984,3157902048,7510451818,320000000000,-1,0
0.08966,1,-1,WAIT_RELEASE,0,0,0,400000000000,-1,0
0.08966,2,-1,WAIT_RELEASE,0,0,0,400000000000,-1,0
0.08966,3,-1,WAIT_RELEASE,0,0,0,400000000000,-1,0
0.08968,0,0,INJECTING,3158855000,3158695064,7510451818,320000000000,-1,0
0.08968,1,-1,WAIT_RELEASE,0,0,0,400000000000,-1,0
0.08968,2,-1,WAIT_RELEASE,0,0,0,400000000000,-1,0
0.08968,3,-1,WAIT_RELEASE,0,0,0,400000000000,-1,0
0.0897,0,0,INJECTING,3159648968,3159488080,7510451818,320000000000,-1,0
0.0897,1,-1,WAIT_RELEASE,0,0,0,400000000000,-1,0
0.0897,2,-1,WAIT_RELEASE,0,0,0,400000000000,-1,0
0.0897,3,-1,WAIT_RELEASE,0,0,0,400000000000,-1,0
0.08972,0,0,INJECTING,3160441984,3160282048,7510451818,320000000000,-1,0
0.08972,1,-1,WAIT_RELEASE,0,0,0,400000000000,-1,0
0.08972,2,-1,WAIT_RELEASE,0,0,0,400000000000,-1,0
0.08972,3,-1,WAIT_RELEASE,0,0,0,400000000000,-1,0
0.08974,0,0,INJECTING,3161235000,3161075064,7510451818,320000000000,-1,0
0.08974,1,-1,WAIT_RELEASE,0,0,0,400000000000,-1,0
0.08974,2,-1,WAIT_RELEASE,0,0,0,400000000000,-1,0
0.08974,3,-1,WAIT_RELEASE,0,0,0,400000000000,-1,0
0.08976,0,0,INJECTING,3162028968,3161868080,7510451818,320000000000,-1,0
0.08976,1,-1,WAIT_RELEASE,0,0,0,400000000000,-1,0
0.08976,2,-1,WAIT_RELEASE,0,0,0,400000000000,-1,0
0.08976,3,-1,WAIT_RELEASE,0,0,0,400000000000,-1,0
0.08978,0,0,INJECTING,3162821984,3162662048,7510451818,320000000000,-1,0
0.08978,1,-1,WAIT_RELEASE,0,0,0,400000000000,-1,0
0.08978,2,-1,WAIT_RELEASE,0,0,0,400000000000,-1,0
0.08978,3,-1,WAIT_RELEASE,0,0,0,400000000000,-1,0
0.0898,0,0,INJECTING,3163615000,3163455064,7510451818,320000000000,-1,0
0.0898,1,-1,WAIT_RELEASE,0,0,0,400000000000,-1,0
0.0898,2,-1,WAIT_RELEASE,0,0,0,400000000000,-1,0
0.0898,3,-1,WAIT_RELEASE,0,0,0,400000000000,-1,0
0.08982,0,0,INJECTING,3164408968,3164248080,7510451818,320000000000,-1,0
0.08982,1,-1,WAIT_RELEASE,0,0,0,400000000000,-1,0
0.08982,2,-1,WAIT_RELEASE,0,0,0,400000000000,-1,0
0.08982,3,-1,WAIT_RELEASE,0,0,0,400000000000,-1,0
0.08984,0,0,INJECTING,3165201984,3165042048,7510451818,320000000000,-1,0
0.08984,1,-1,WAIT_RELEASE,0,0,0,400000000000,-1,0
0.08984,2,-1,WAIT_RELEASE,0,0,0,400000000000,-1,0
0.08984,3,-1,WAIT_RELEASE,0,0,0,400000000000,-1,0
0.08986,0,0,INJECTING,3165995000,3165835064,7510451818,320000000000,-1,0
0.08986,1,-1,WAIT_RELEASE,0,0,0,400000000000,-1,0
0.08986,2,-1,WAIT_RELEASE,0,0,0,400000000000,-1,0
0.08986,3,-1,WAIT_RELEASE,0,0,0,400000000000,-1,0
0.08988,0,0,INJECTING,3166788968,3166628080,7510451818,320000000000,-1,0
0.08988,1,-1,WAIT_RELEASE,0,0,0,400000000000,-1,0
0.08988,2,-1,WAIT_RELEASE,0,0,0,400000000000,-1,0
0.08988,3,-1,WAIT_RELEASE,0,0,0,400000000000,-1,0
0.0899,0,0,INJECTING,3167581984,3167422048,7510451818,320000000000,-1,0
0.0899,1,-1,WAIT_RELEASE,0,0,0,400000000000,-1,0
0.0899,2,-1,WAIT_RELEASE,0,0,0,400000000000,-1,0
0.0899,3,-1,WAIT_RELEASE,0,0,0,400000000000,-1,0
0.08992,0,0,INJECTING,3168375000,3168215064,7510451818,320000000000,-1,0
0.08992,1,-1,WAIT_RELEASE,0,0,0,400000000000,-1,0
0.08992,2,-1,WAIT_RELEASE,0,0,0,400000000000,-1,0
0.08992,3,-1,WAIT_RELEASE,0,0,0,400000000000,-1,0
0.08994,0,0,INJECTING,3169168968,3169008080,7510451818,320000000000,-1,0
0.08994,1,-1,WAIT_RELEASE,0,0,0,400000000000,-1,0
0.08994,2,-1,WAIT_RELEASE,0,0,0,400000000000,-1,0
0.08994,3,-1,WAIT_RELEASE,0,0,0,400000000000,-1,0
0.08996,0,0,INJECTING,3169961984,3169802048,7510451818,320000000000,-1,0
0.08996,1,-1,WAIT_RELEASE,0,0,0,400000000000,-1,0
0.08996,2,-1,WAIT_RELEASE,0,0,0,400000000000,-1,0
0.08996,3,-1,WAIT_RELEASE,0,0,0,400000000000,-1,0
0.08998,0,0,INJECTING,3170755000,3170595064,7510451818,320000000000,-1,0
0.08998,1,-1,WAIT_RELEASE,0,0,0,400000000000,-1,0
0.08998,2,-1,WAIT_RELEASE,0,0,0,400000000000,-1,0
0.08998,3,-1,WAIT_RELEASE,0,0,0,400000000000,-1,0
0.09,0,0,INJECTING,3171548968,3171388080,7510451818,320000000000,-1,0
0.09,1,-1,WAIT_RELEASE,0,0,0,400000000000,-1,0
0.09,2,-1,WAIT_RELEASE,0,0,0,400000000000,-1,0
0.09,3,-1,WAIT_RELEASE,0,0,0,400000000000,-1,0
0.09002,0,0,INJECTING,3172341984,3172182048,7510451818,320000000000,-1,0
0.09002,1,-1,WAIT_RELEASE,0,0,0,400000000000,-1,0
0.09002,2,-1,WAIT_RELEASE,0,0,0,400000000000,-1,0
0.09002,3,-1,WAIT_RELEASE,0,0,0,400000000000,-1,0
0.09004,0,0,INJECTING,3173135000,3172975064,7510451818,320000000000,-1,0
0.09004,1,-1,WAIT_RELEASE,0,0,0,400000000000,-1,0
0.09004,2,-1,WAIT_RELEASE,0,0,0,400000000000,-1,0
0.09004,3,-1,WAIT_RELEASE,0,0,0,400000000000,-1,0
0.09006,0,0,INJECTING,3173928968,3173768080,7510451818,320000000000,-1,0
0.09006,1,-1,WAIT_RELEASE,0,0,0,400000000000,-1,0
0.09006,2,-1,WAIT_RELEASE,0,0,0,400000000000,-1,0
0.09006,3,-1,WAIT_RELEASE,0,0,0,400000000000,-1,0
0.09008,0,0,INJECTING,3174721984,3174562048,7510451818,320000000000,-1,0
0.09008,1,-1,WAIT_RELEASE,0,0,0,400000000000,-1,0
0.09008,2,-1,WAIT_RELEASE,0,0,0,400000000000,-1,0
0.09008,3,-1,WAIT_RELEASE,0,0,0,400000000000,-1,0
0.0901,0,0,INJECTING,3175515000,3175355064,7510451818,320000000000,-1,0
0.0901,1,-1,WAIT_RELEASE,0,0,0,400000000000,-1,0
0.0901,2,-1,WAIT_RELEASE,0,0,0,400000000000,-1,0
0.0901,3,-1,WAIT_RELEASE,0,0,0,400000000000,-1,0
0.09012,0,0,INJECTING,3176308968,3176148080,7510451818,320000000000,-1,0
0.09012,1,-1,WAIT_RELEASE,0,0,0,400000000000,-1,0
0.09012,2,-1,WAIT_RELEASE,0,0,0,400000000000,-1,0
0.09012,3,-1,WAIT_RELEASE,0,0,0,400000000000,-1,0
0.09014,0,0,INJECTING,3177101984,3176942048,7510451818,320000000000,-1,0
0.09014,1,-1,WAIT_RELEASE,0,0,0,400000000000,-1,0
0.09014,2,-1,WAIT_RELEASE,0,0,0,400000000000,-1,0
0.09014,3,-1,WAIT_RELEASE,0,0,0,400000000000,-1,0
0.09016,0,0,INJECTING,3177895000,3177735064,7510451818,320000000000,-1,0
0.09016,1,-1,WAIT_RELEASE,0,0,0,400000000000,-1,0
0.09016,2,-1,WAIT_RELEASE,0,0,0,400000000000,-1,0
0.09016,3,-1,WAIT_RELEASE,0,0,0,400000000000,-1,0
0.09018,0,0,INJECTING,3178688968,3178528080,7510451818,320000000000,-1,0
0.09018,1,-1,WAIT_RELEASE,0,0,0,400000000000,-1,0
0.09018,2,-1,WAIT_RELEASE,0,0,0,400000000000,-1,0
0.09018,3,-1,WAIT_RELEASE,0,0,0,400000000000,-1,0
0.0902,0,0,INJECTING,3179481984,3179322048,7510451818,320000000000,-1,0
0.0902,1,-1,WAIT_RELEASE,0,0,0,400000000000,-1,0
0.0902,2,-1,WAIT_RELEASE,0,0,0,400000000000,-1,0
0.0902,3,-1,WAIT_RELEASE,0,0,0,400000000000,-1,0
0.09022,0,0,INJECTING,3180275000,3180115064,7510451818,320000000000,-1,0
0.09022,1,-1,WAIT_RELEASE,0,0,0,400000000000,-1,0
0.09022,2,-1,WAIT_RELEASE,0,0,0,400000000000,-1,0
0.09022,3,-1,WAIT_RELEASE,0,0,0,400000000000,-1,0
0.09024,0,0,INJECTING,3181068968,3180908080,7510451818,320000000000,-1,0
0.09024,1,-1,WAIT_RELEASE,0,0,0,400000000000,-1,0
0.09024,2,-1,WAIT_RELEASE,0,0,0,400000000000,-1,0
0.09024,3,-1,WAIT_RELEASE,0,0,0,400000000000,-1,0
0.09026,0,0,INJECTING,3181861984,3181702048,7510451818,320000000000,-1,0
0.09026,1,-1,WAIT_RELEASE,0,0,0,400000000000,-1,0
0.09026,2,-1,WAIT_RELEASE,0,0,0,400000000000,-1,0
0.09026,3,-1,WAIT_RELEASE,0,0,0,400000000000,-1,0
0.09028,0,0,INJECTING,3182655000,3182495064,7510451818,320000000000,-1,0
0.09028,1,-1,WAIT_RELEASE,0,0,0,400000000000,-1,0
0.09028,2,-1,WAIT_RELEASE,0,0,0,400000000000,-1,0
0.09028,3,-1,WAIT_RELEASE,0,0,0,400000000000,-1,0
0.0903,0,0,INJECTING,3183448968,3183288080,7510451818,320000000000,-1,0
0.0903,1,-1,WAIT_RELEASE,0,0,0,400000000000,-1,0
0.0903,2,-1,WAIT_RELEASE,0,0,0,400000000000,-1,0
0.0903,3,-1,WAIT_RELEASE,0,0,0,400000000000,-1,0
0.09032,0,0,INJECTING,3184241984,3184082048,7510451818,320000000000,-1,0
0.09032,1,-1,WAIT_RELEASE,0,0,0,400000000000,-1,0
0.09032,2,-1,WAIT_RELEASE,0,0,0,400000000000,-1,0
0.09032,3,-1,WAIT_RELEASE,0,0,0,400000000000,-1,0
0.09034,0,0,INJECTING,3185035000,3184875064,7510451818,320000000000,-1,0
0.09034,1,-1,WAIT_RELEASE,0,0,0,400000000000,-1,0
0.09034,2,-1,WAIT_RELEASE,0,0,0,400000000000,-1,0
0.09034,3,-1,WAIT_RELEASE,0,0,0,400000000000,-1,0
0.09036,0,0,INJECTING,3185828968,3185668080,7510451818,320000000000,-1,0
0.09036,1,-1,WAIT_RELEASE,0,0,0,400000000000,-1,0
0.09036,2,-1,WAIT_RELEASE,0,0,0,400000000000,-1,0
0.09036,3,-1,WAIT_RELEASE,0,0,0,400000000000,-1,0
0.09038,0,0,INJECTING,3186621984,3186462048,7510451818,320000000000,-1,0
0.09038,1,-1,WAIT_RELEASE,0,0,0,400000000000,-1,0
0.09038,2,-1,WAIT_RELEASE,0,0,0,400000000000,-1,0
0.09038,3,-1,WAIT_RELEASE,0,0,0,400000000000,-1,0
0.0904,0,0,INJECTING,3187415000,3187255064,7510451818,320000000000,-1,0
0.0904,1,-1,WAIT_RELEASE,0,0,0,400000000000,-1,0
0.0904,2,-1,WAIT_RELEASE,0,0,0,400000000000,-1,0
0.0904,3,-1,WAIT_RELEASE,0,0,0,400000000000,-1,0
0.09042,0,0,INJECTING,3188208968,3188048080,7510451818,320000000000,-1,0
0.09042,1,-1,WAIT_RELEASE,0,0,0,400000000000,-1,0
0.09042,2,-1,WAIT_RELEASE,0,0,0,400000000000,-1,0
0.09042,3,-1,WAIT_RELEASE,0,0,0,400000000000,-1,0
0.09044,0,0,INJECTING,3189001984,3188842048,7510451818,320000000000,-1,0
0.09044,1,-1,WAIT_RELEASE,0,0,0,400000000000,-1,0
0.09044,2,-1,WAIT_RELEASE,0,0,0,400000000000,-1,0
0.09044,3,-1,WAIT_RELEASE,0,0,0,400000000000,-1,0
0.09046,0,0,INJECTING,3189795000,3189635064,7510451818,320000000000,-1,0
0.09046,1,-1,WAIT_RELEASE,0,0,0,400000000000,-1,0
0.09046,2,-1,WAIT_RELEASE,0,0,0,400000000000,-1,0
0.09046,3,-1,WAIT_RELEASE,0,0,0,400000000000,-1,0
0.09048,0,0,INJECTING,3190588968,3190428080,7510451818,320000000000,-1,0
0.09048,1,-1,WAIT_RELEASE,0,0,0,400000000000,-1,0
0.09048,2,-1,WAIT_RELEASE,0,0,0,400000000000,-1,0
0.09048,3,-1,WAIT_RELEASE,0,0,0,400000000000,-1,0
0.0905,0,0,INJECTING,3191381984,3191222048,7510451818,320000000000,-1,0
0.0905,1,-1,WAIT_RELEASE,0,0,0,400000000000,-1,0
0.0905,2,-1,WAIT_RELEASE,0,0,0,400000000000,-1,0
0.0905,3,-1,WAIT_RELEASE,0,0,0,400000000000,-1,0
0.09052,0,0,INJECTING,3192175000,3192015064,7510451818,320000000000,-1,0
0.09052,1,-1,WAIT_RELEASE,0,0,0,400000000000,-1,0
0.09052,2,-1,WAIT_RELEASE,0,0,0,400000000000,-1,0
0.09052,3,-1,WAIT_RELEASE,0,0,0,400000000000,-1,0
0.09054,0,0,INJECTING,3192968968,3192808080,7510451818,320000000000,-1,0
0.09054,1,-1,WAIT_RELEASE,0,0,0,400000000000,-1,0
0.09054,2,-1,WAIT_RELEASE,0,0,0,400000000000,-1,0
0.09054,3,-1,WAIT_RELEASE,0,0,0,400000000000,-1,0
0.09056,0,0,INJECTING,3193761984,3193602048,7510451818,320000000000,-1,0
0.09056,1,-1,WAIT_RELEASE,0,0,0,400000000000,-1,0
0.09056,2,-1,WAIT_RELEASE,0,0,0,400000000000,-1,0
0.09056,3,-1,WAIT_RELEASE,0,0,0,400000000000,-1,0
0.09058,0,0,INJECTING,3194555000,3194395064,7510451818,320000000000,-1,0
0.09058,1,-1,WAIT_RELEASE,0,0,0,400000000000,-1,0
0.09058,2,-1,WAIT_RELEASE,0,0,0,400000000000,-1,0
0.09058,3,-1,WAIT_RELEASE,0,0,0,400000000000,-1,0
0.0906,0,0,INJECTING,3195348968,3195188080,7510451818,320000000000,-1,0
0.0906,1,-1,WAIT_RELEASE,0,0,0,400000000000,-1,0
0.0906,2,-1,WAIT_RELEASE,0,0,0,400000000000,-1,0
0.0906,3,-1,WAIT_RELEASE,0,0,0,400000000000,-1,0
0.09062,0,0,INJECTING,3196141984,3195982048,7510451818,320000000000,-1,0
0.09062,1,-1,WAIT_RELEASE,0,0,0,400000000000,-1,0
0.09062,2,-1,WAIT_RELEASE,0,0,0,400000000000,-1,0
0.09062,3,-1,WAIT_RELEASE,0,0,0,400000000000,-1,0
0.09064,0,0,INJECTING,3196935000,3196775064,7510451818,320000000000,-1,0
0.09064,1,-1,WAIT_RELEASE,0,0,0,400000000000,-1,0
0.09064,2,-1,WAIT_RELEASE,0,0,0,400000000000,-1,0
0.09064,3,-1,WAIT_RELEASE,0,0,0,400000000000,-1,0
0.09066,0,0,INJECTING,3197728968,3197568080,7510451818,320000000000,-1,0
0.09066,1,-1,WAIT_RELEASE,0,0,0,400000000000,-1,0
0.09066,2,-1,WAIT_RELEASE,0,0,0,400000000000,-1,0
0.09066,3,-1,WAIT_RELEASE,0,0,0,400000000000,-1,0
0.09068,0,0,INJECTING,3198521984,3198362048,7510451818,320000000000,-1,0
0.09068,1,-1,WAIT_RELEASE,0,0,0,400000000000,-1,0
0.09068,2,-1,WAIT_RELEASE,0,0,0,400000000000,-1,0
0.09068,3,-1,WAIT_RELEASE,0,0,0,400000000000,-1,0
0.0907,0,0,INJECTING,3199315000,3199155064,7510451818,320000000000,-1,0
0.0907,1,-1,WAIT_RELEASE,0,0,0,400000000000,-1,0
0.0907,2,-1,WAIT_RELEASE,0,0,0,400000000000,-1,0
0.0907,3,-1,WAIT_RELEASE,0,0,0,400000000000,-1,0
0.09072,0,0,INJECTING,3200108968,3199948080,7510451818,320000000000,-1,0
0.09072,1,-1,WAIT_RELEASE,0,0,0,400000000000,-1,0
0.09072,2,-1,WAIT_RELEASE,0,0,0,400000000000,-1,0
0.09072,3,-1,WAIT_RELEASE,0,0,0,400000000000,-1,0
0.09074,0,0,INJECTING,3200901984,3200742048,7510451818,320000000000,-1,0
0.09074,1,-1,WAIT_RELEASE,0,0,0,400000000000,-1,0
0.09074,2,-1,WAIT_RELEASE,0,0,0,400000000000,-1,0
0.09074,3,-1,WAIT_RELEASE,0,0,0,400000000000,-1,0
0.09076,0,0,INJECTING,3201695000,3201535064,7510451818,320000000000,-1,0
0.09076,1,-1,WAIT_RELEASE,0,0,0,400000000000,-1,0
0.09076,2,-1,WAIT_RELEASE,0,0,0,400000000000,-1,0
0.09076,3,-1,WAIT_RELEASE,0,0,0,400000000000,-1,0
0.09078,0,0,INJECTING,3202488968,3202328080,7510451818,320000000000,-1,0
0.09078,1,-1,WAIT_RELEASE,0,0,0,400000000000,-1,0
0.09078,2,-1,WAIT_RELEASE,0,0,0,400000000000,-1,0
0.09078,3,-1,WAIT_RELEASE,0,0,0,400000000000,-1,0
0.0908,0,0,INJECTING,3203281984,3203122048,7510451818,320000000000,-1,0
0.0908,1,-1,WAIT_RELEASE,0,0,0,400000000000,-1,0
0.0908,2,-1,WAIT_RELEASE,0,0,0,400000000000,-1,0
0.0908,3,-1,WAIT_RELEASE,0,0,0,400000000000,-1,0
0.09082,0,0,INJECTING,3204075000,3203915064,7510451818,320000000000,-1,0
0.09082,1,-1,WAIT_RELEASE,0,0,0,400000000000,-1,0
0.09082,2,-1,WAIT_RELEASE,0,0,0,400000000000,-1,0
0.09082,3,-1,WAIT_RELEASE,0,0,0,400000000000,-1,0
0.09084,0,0,INJECTING,3204868968,3204708080,7510451818,320000000000,-1,0
0.09084,1,-1,WAIT_RELEASE,0,0,0,400000000000,-1,0
0.09084,2,-1,WAIT_RELEASE,0,0,0,400000000000,-1,0
0.09084,3,-1,WAIT_RELEASE,0,0,0,400000000000,-1,0
0.09086,0,0,INJECTING,3205661984,3205502048,7510451818,320000000000,-1,0
0.09086,1,-1,WAIT_RELEASE,0,0,0,400000000000,-1,0
0.09086,2,-1,WAIT_RELEASE,0,0,0,400000000000,-1,0
0.09086,3,-1,WAIT_RELEASE,0,0,0,400000000000,-1,0
0.09088,0,0,INJECTING,3206455000,3206295064,7510451818,320000000000,-1,0
0.09088,1,-1,WAIT_RELEASE,0,0,0,400000000000,-1,0
0.09088,2,-1,WAIT_RELEASE,0,0,0,400000000000,-1,0
0.09088,3,-1,WAIT_RELEASE,0,0,0,400000000000,-1,0
0.0909,0,0,INJECTING,3207248968,3207088080,7510451818,320000000000,-1,0
0.0909,1,-1,WAIT_RELEASE,0,0,0,400000000000,-1,0
0.0909,2,-1,WAIT_RELEASE,0,0,0,400000000000,-1,0
0.0909,3,-1,WAIT_RELEASE,0,0,0,400000000000,-1,0
0.09092,0,0,INJECTING,3208041984,3207882048,7510451818,320000000000,-1,0
0.09092,1,-1,WAIT_RELEASE,0,0,0,400000000000,-1,0
0.09092,2,-1,WAIT_RELEASE,0,0,0,400000000000,-1,0
0.09092,3,-1,WAIT_RELEASE,0,0,0,400000000000,-1,0
0.09094,0,0,INJECTING,3208835000,3208675064,7510451818,320000000000,-1,0
0.09094,1,-1,WAIT_RELEASE,0,0,0,400000000000,-1,0
0.09094,2,-1,WAIT_RELEASE,0,0,0,400000000000,-1,0
0.09094,3,-1,WAIT_RELEASE,0,0,0,400000000000,-1,0
0.09096,0,0,INJECTING,3209628968,3209468080,7510451818,320000000000,-1,0
0.09096,1,-1,WAIT_RELEASE,0,0,0,400000000000,-1,0
0.09096,2,-1,WAIT_RELEASE,0,0,0,400000000000,-1,0
0.09096,3,-1,WAIT_RELEASE,0,0,0,400000000000,-1,0
0.09098,0,0,INJECTING,3210421984,3210262048,7510451818,320000000000,-1,0
0.09098,1,-1,WAIT_RELEASE,0,0,0,400000000000,-1,0
0.09098,2,-1,WAIT_RELEASE,0,0,0,400000000000,-1,0
0.09098,3,-1,WAIT_RELEASE,0,0,0,400000000000,-1,0
0.091,0,0,INJECTING,3211215000,3211055064,7510451818,320000000000,-1,0
0.091,1,-1,WAIT_RELEASE,0,0,0,400000000000,-1,0
0.091,2,-1,WAIT_RELEASE,0,0,0,400000000000,-1,0
0.091,3,-1,WAIT_RELEASE,0,0,0,400000000000,-1,0
0.09102,0,0,INJECTING,3212008968,3211848080,7510451818,320000000000,-1,0
0.09102,1,-1,WAIT_RELEASE,0,0,0,400000000000,-1,0
0.09102,2,-1,WAIT_RELEASE,0,0,0,400000000000,-1,0
0.09102,3,-1,WAIT_RELEASE,0,0,0,400000000000,-1,0
0.09104,0,0,INJECTING,3212801984,3212642048,7510451818,320000000000,-1,0
0.09104,1,-1,WAIT_RELEASE,0,0,0,400000000000,-1,0
0.09104,2,-1,WAIT_RELEASE,0,0,0,400000000000,-1,0
0.09104,3,-1,WAIT_RELEASE,0,0,0,400000000000,-1,0
0.09106,0,0,INJECTING,3213595000,3213435064,7510451818,320000000000,-1,0
0.09106,1,-1,WAIT_RELEASE,0,0,0,400000000000,-1,0
0.09106,2,-1,WAIT_RELEASE,0,0,0,400000000000,-1,0
0.09106,3,-1,WAIT_RELEASE,0,0,0,400000000000,-1,0
0.09108,0,0,INJECTING,3214388968,3214228080,7510451818,320000000000,-1,0
0.09108,1,-1,WAIT_RELEASE,0,0,0,400000000000,-1,0
0.09108,2,-1,WAIT_RELEASE,0,0,0,400000000000,-1,0
0.09108,3,-1,WAIT_RELEASE,0,0,0,400000000000,-1,0
0.0911,0,0,INJECTING,3215181984,3215022048,7510451818,320000000000,-1,0
0.0911,1,-1,WAIT_RELEASE,0,0,0,400000000000,-1,0
0.0911,2,-1,WAIT_RELEASE,0,0,0,400000000000,-1,0
0.0911,3,-1,WAIT_RELEASE,0,0,0,400000000000,-1,0
0.09112,0,0,INJECTING,3215484522,3215484522,7510451818,320000000000,-1,0
0.09112,1,-1,WAIT_RELEASE,0,0,0,400000000000,-1,0
0.09112,2,-1,WAIT_RELEASE,0,0,0,400000000000,-1,0
0.09112,3,-1,WAIT_RELEASE,0,0,0,400000000000,-1,0
0.09114,0,0,INJECTING,3215484522,3215484522,7510451818,320000000000,-1,0
0.09114,1,-1,WAIT_RELEASE,0,0,0,400000000000,-1,0
0.09114,2,-1,WAIT_RELEASE,0,0,0,400000000000,-1,0
0.09114,3,-1,WAIT_RELEASE,0,0,0,400000000000,-1,0
0.09116,0,0,INJECTING,3215484522,3215484522,7510451818,320000000000,-1,0
0.09116,1,-1,WAIT_RELEASE,0,0,0,400000000000,-1,0
0.09116,2,-1,WAIT_RELEASE,0,0,0,400000000000,-1,0
0.09116,3,-1,WAIT_RELEASE,0,0,0,400000000000,-1,0
0.09118,0,0,INJECTING,3215484522,3215484522,7510451818,320000000000,-1,0
0.09118,1,-1,WAIT_RELEASE,0,0,0,400000000000,-1,0
0.09118,2,-1,WAIT_RELEASE,0,0,0,400000000000,-1,0
0.09118,3,-1,WAIT_RELEASE,0,0,0,400000000000,-1,0
0.0912,0,0,INJECTING,3215484522,3215484522,7510451818,320000000000,-1,0
0.0912,1,-1,WAIT_RELEASE,0,0,0,400000000000,-1,0
0.0912,2,-1,WAIT_RELEASE,0,0,0,400000000000,-1,0
0.0912,3,-1,WAIT_RELEASE,0,0,0,400000000000,-1,0
0.09122,0,0,INJECTING,3215484522,3215484522,7510451818,320000000000,-1,0
0.09122,1,-1,WAIT_RELEASE,0,0,0,400000000000,-1,0
0.09122,2,-1,WAIT_RELEASE,0,0,0,400000000000,-1,0
0.09122,3,-1,WAIT_RELEASE,0,0,0,400000000000,-1,0
0.09124,0,0,INJECTING,3215484522,3215484522,7510451818,320000000000,-1,0
0.09124,1,-1,WAIT_RELEASE,0,0,0,400000000000,-1,0
0.09124,2,-1,WAIT_RELEASE,0,0,0,400000000000,-1,0
0.09124,3,-1,WAIT_RELEASE,0,0,0,400000000000,-1,0
0.09126,0,0,INJECTING,3215484522,3215484522,7510451818,320000000000,-1,0
0.09126,1,-1,WAIT_RELEASE,0,0,0,400000000000,-1,0
0.09126,2,-1,WAIT_RELEASE,0,0,0,400000000000,-1,0
0.09126,3,-1,WAIT_RELEASE,0,0,0,400000000000,-1,0
0.09128,0,0,INJECTING,3215484522,3215484522,7510451818,320000000000,-1,0
0.09128,1,-1,WAIT_RELEASE,0,0,0,400000000000,-1,0
0.09128,2,-1,WAIT_RELEASE,0,0,0,400000000000,-1,0
0.09128,3,-1,WAIT_RELEASE,0,0,0,400000000000,-1,0
0.0913,0,0,INJECTING,3215484522,3215484522,7510451818,320000000000,-1,0
0.0913,1,-1,WAIT_RELEASE,0,0,0,400000000000,-1,0
0.0913,2,-1,WAIT_RELEASE,0,0,0,400000000000,-1,0
0.0913,3,-1,WAIT_RELEASE,0,0,0,400000000000,-1,0
0.09132,0,0,INJECTING,3215484522,3215484522,7510451818,320000000000,-1,0
0.09132,1,-1,WAIT_RELEASE,0,0,0,400000000000,-1,0
0.09132,2,-1,WAIT_RELEASE,0,0,0,400000000000,-1,0
0.09132,3,-1,WAIT_RELEASE,0,0,0,400000000000,-1,0
0.09134,0,0,INJECTING,3215484522,3215484522,7510451818,320000000000,-1,0
0.09134,1,-1,WAIT_RELEASE,0,0,0,400000000000,-1,0
0.09134,2,-1,WAIT_RELEASE,0,0,0,400000000000,-1,0
0.09134,3,-1,WAIT_RELEASE,0,0,0,400000000000,-1,0
0.09136,0,0,INJECTING,3215484522,3215484522,7510451818,320000000000,-1,0
0.09136,1,-1,WAIT_RELEASE,0,0,0,400000000000,-1,0
0.09136,2,-1,WAIT_RELEASE,0,0,0,400000000000,-1,0
0.09136,3,-1,WAIT_RELEASE,0,0,0,400000000000,-1,0
0.09138,0,0,INJECTING,3215484522,3215484522,7510451818,320000000000,-1,0
0.09138,1,-1,WAIT_RELEASE,0,0,0,400000000000,-1,0
0.09138,2,-1,WAIT_RELEASE,0,0,0,400000000000,-1,0
0.09138,3,-1,WAIT_RELEASE,0,0,0,400000000000,-1,0
0.0914,0,0,INJECTING,3215484522,3215484522,7510451818,320000000000,-1,0
0.0914,1,-1,WAIT_RELEASE,0,0,0,400000000000,-1,0
0.0914,2,-1,WAIT_RELEASE,0,0,0,400000000000,-1,0
0.0914,3,-1,WAIT_RELEASE,0,0,0,400000000000,-1,0
0.09142,0,0,INJECTING,3215484522,3215484522,7510451818,320000000000,-1,0
0.09142,1,-1,WAIT_RELEASE,0,0,0,400000000000,-1,0
0.09142,2,-1,WAIT_RELEASE,0,0,0,400000000000,-1,0
0.09142,3,-1,WAIT_RELEASE,0,0,0,400000000000,-1,0
0.09144,0,0,INJECTING,3215484522,3215484522,7510451818,320000000000,-1,0
0.09144,1,-1,WAIT_RELEASE,0,0,0,400000000000,-1,0
0.09144,2,-1,WAIT_RELEASE,0,0,0,400000000000,-1,0
0.09144,3,-1,WAIT_RELEASE,0,0,0,400000000000,-1,0
0.09146,0,0,INJECTING,3215484522,3215484522,7510451818,320000000000,-1,0
0.09146,1,-1,WAIT_RELEASE,0,0,0,400000000000,-1,0
0.09146,2,-1,WAIT_RELEASE,0,0,0,400000000000,-1,0
0.09146,3,-1,WAIT_RELEASE,0,0,0,400000000000,-1,0
0.09148,0,0,INJECTING,3215484522,3215484522,7510451818,320000000000,-1,0
0.09148,1,-1,WAIT_RELEASE,0,0,0,400000000000,-1,0
0.09148,2,-1,WAIT_RELEASE,0,0,0,400000000000,-1,0
0.09148,3,-1,WAIT_RELEASE,0,0,0,400000000000,-1,0
0.0915,0,0,INJECTING,3215484522,3215484522,7510451818,320000000000,-1,0
0.0915,1,-1,WAIT_RELEASE,0,0,0,400000000000,-1,0
0.0915,2,-1,WAIT_RELEASE,0,0,0,400000000000,-1,0
0.0915,3,-1,WAIT_RELEASE,0,0,0,400000000000,-1,0
0.09152,0,0,INJECTING,3215484522,3215484522,7510451818,320000000000,-1,0
0.09152,1,-1,WAIT_RELEASE,0,0,0,400000000000,-1,0
0.09152,2,-1,WAIT_RELEASE,0,0,0,400000000000,-1,0
0.09152,3,-1,WAIT_RELEASE,0,0,0,400000000000,-1,0
0.09154,0,0,INJECTING,3215484522,3215484522,7510451818,320000000000,-1,0
0.09154,1,-1,WAIT_RELEASE,0,0,0,400000000000,-1,0
0.09154,2,-1,WAIT_RELEASE,0,0,0,400000000000,-1,0
0.09154,3,-1,WAIT_RELEASE,0,0,0,400000000000,-1,0
0.09156,0,0,INJECTING,3215484522,3215484522,7510451818,320000000000,-1,0
0.09156,1,-1,WAIT_RELEASE,0,0,0,400000000000,-1,0
0.09156,2,-1,WAIT_RELEASE,0,0,0,400000000000,-1,0
0.09156,3,-1,WAIT_RELEASE,0,0,0,400000000000,-1,0
0.09158,0,0,INJECTING,3215484522,3215484522,7510451818,320000000000,-1,0
0.09158,1,-1,WAIT_RELEASE,0,0,0,400000000000,-1,0
0.09158,2,-1,WAIT_RELEASE,0,0,0,400000000000,-1,0
0.09158,3,-1,WAIT_RELEASE,0,0,0,400000000000,-1,0
0.0916,0,0,INJECTING,3215484522,3215484522,7510451818,320000000000,-1,0
0.0916,1,-1,WAIT_RELEASE,0,0,0,400000000000,-1,0
0.0916,2,-1,WAIT_RELEASE,0,0,0,400000000000,-1,0
0.0916,3,-1,WAIT_RELEASE,0,0,0,400000000000,-1,0
0.09162,0,0,INJECTING,3215484522,3215484522,7510451818,320000000000,-1,0
0.09162,1,-1,WAIT_RELEASE,0,0,0,400000000000,-1,0
0.09162,2,-1,WAIT_RELEASE,0,0,0,400000000000,-1,0
0.09162,3,-1,WAIT_RELEASE,0,0,0,400000000000,-1,0
0.09164,0,0,INJECTING,3215484522,3215484522,7510451818,320000000000,-1,0
0.09164,1,-1,WAIT_RELEASE,0,0,0,400000000000,-1,0
0.09164,2,-1,WAIT_RELEASE,0,0,0,400000000000,-1,0
0.09164,3,-1,WAIT_RELEASE,0,0,0,400000000000,-1,0
0.09166,0,0,INJECTING,3215484522,3215484522,7510451818,320000000000,-1,0
0.09166,1,-1,WAIT_RELEASE,0,0,0,400000000000,-1,0
0.09166,2,-1,WAIT_RELEASE,0,0,0,400000000000,-1,0
0.09166,3,-1,WAIT_RELEASE,0,0,0,400000000000,-1,0
0.09168,0,0,INJECTING,3215484522,3215484522,7510451818,320000000000,-1,0
0.09168,1,-1,WAIT_RELEASE,0,0,0,400000000000,-1,0
0.09168,2,-1,WAIT_RELEASE,0,0,0,400000000000,-1,0
0.09168,3,-1,WAIT_RELEASE,0,0,0,400000000000,-1,0
0.0917,0,0,INJECTING,3215484522,3215484522,7510451818,320000000000,-1,0
0.0917,1,-1,WAIT_RELEASE,0,0,0,400000000000,-1,0
0.0917,2,-1,WAIT_RELEASE,0,0,0,400000000000,-1,0
0.0917,3,-1,WAIT_RELEASE,0,0,0,400000000000,-1,0
0.09172,0,0,INJECTING,3215484522,3215484522,7510451818,320000000000,-1,0
0.09172,1,-1,WAIT_RELEASE,0,0,0,400000000000,-1,0
0.09172,2,-1,WAIT_RELEASE,0,0,0,400000000000,-1,0
0.09172,3,-1,WAIT_RELEASE,0,0,0,400000000000,-1,0
0.09174,0,0,INJECTING,3215484522,3215484522,7510451818,320000000000,-1,0
0.09174,1,-1,WAIT_RELEASE,0,0,0,400000000000,-1,0
0.09174,2,-1,WAIT_RELEASE,0,0,0,400000000000,-1,0
0.09174,3,-1,WAIT_RELEASE,0,0,0,400000000000,-1,0
0.09176,0,0,INJECTING,3215484522,3215484522,7510451818,320000000000,-1,0
0.09176,1,-1,WAIT_RELEASE,0,0,0,400000000000,-1,0
0.09176,2,-1,WAIT_RELEASE,0,0,0,400000000000,-1,0
0.09176,3,-1,WAIT_RELEASE,0,0,0,400000000000,-1,0
0.09178,0,0,INJECTING,3215484522,3215484522,7510451818,320000000000,-1,0
0.09178,1,-1,WAIT_RELEASE,0,0,0,400000000000,-1,0
0.09178,2,-1,WAIT_RELEASE,0,0,0,400000000000,-1,0
0.09178,3,-1,WAIT_RELEASE,0,0,0,400000000000,-1,0
0.0918,0,0,INJECTING,3215484522,3215484522,7510451818,320000000000,-1,0
0.0918,1,-1,WAIT_RELEASE,0,0,0,400000000000,-1,0
0.0918,2,-1,WAIT_RELEASE,0,0,0,400000000000,-1,0
0.0918,3,-1,WAIT_RELEASE,0,0,0,400000000000,-1,0
0.09182,0,0,INJECTING,3215484522,3215484522,7510451818,320000000000,-1,0
0.09182,1,-1,WAIT_RELEASE,0,0,0,400000000000,-1,0
0.09182,2,-1,WAIT_RELEASE,0,0,0,400000000000,-1,0
0.09182,3,-1,WAIT_RELEASE,0,0,0,400000000000,-1,0
0.09184,0,0,INJECTING,3215484522,3215484522,7510451818,320000000000,-1,0
0.09184,1,-1,WAIT_RELEASE,0,0,0,400000000000,-1,0
0.09184,2,-1,WAIT_RELEASE,0,0,0,400000000000,-1,0
0.09184,3,-1,WAIT_RELEASE,0,0,0,400000000000,-1,0
0.09186,0,0,INJECTING,3215484522,3215484522,7510451818,320000000000,-1,0
0.09186,1,-1,WAIT_RELEASE,0,0,0,400000000000,-1,0
0.09186,2,-1,WAIT_RELEASE,0,0,0,400000000000,-1,0
0.09186,3,-1,WAIT_RELEASE,0,0,0,400000000000,-1,0
0.09188,0,0,INJECTING,3215484522,3215484522,7510451818,320000000000,-1,0
0.09188,1,-1,WAIT_RELEASE,0,0,0,400000000000,-1,0
0.09188,2,-1,WAIT_RELEASE,0,0,0,400000000000,-1,0
0.09188,3,-1,WAIT_RELEASE,0,0,0,400000000000,-1,0
0.0919,0,0,INJECTING,3215484522,3215484522,7510451818,320000000000,-1,0
0.0919,1,-1,WAIT_RELEASE,0,0,0,400000000000,-1,0
0.0919,2,-1,WAIT_RELEASE,0,0,0,400000000000,-1,0
0.0919,3,-1,WAIT_RELEASE,0,0,0,400000000000,-1,0
0.09192,0,0,INJECTING,3215484522,3215484522,7510451818,320000000000,-1,0
0.09192,1,-1,WAIT_RELEASE,0,0,0,400000000000,-1,0
0.09192,2,-1,WAIT_RELEASE,0,0,0,400000000000,-1,0
0.09192,3,-1,WAIT_RELEASE,0,0,0,400000000000,-1,0
0.09194,0,0,INJECTING,3215484522,3215484522,7510451818,320000000000,-1,0
0.09194,1,-1,WAIT_RELEASE,0,0,0,400000000000,-1,0
0.09194,2,-1,WAIT_RELEASE,0,0,0,400000000000,-1,0
0.09194,3,-1,WAIT_RELEASE,0,0,0,400000000000,-1,0
0.09196,0,0,INJECTING,3215484522,3215484522,7510451818,320000000000,-1,0
0.09196,1,-1,WAIT_RELEASE,0,0,0,400000000000,-1,0
0.09196,2,-1,WAIT_RELEASE,0,0,0,400000000000,-1,0
0.09196,3,-1,WAIT_RELEASE,0,0,0,400000000000,-1,0
0.09198,0,0,INJECTING,3215484522,3215484522,7510451818,320000000000,-1,0
0.09198,1,-1,WAIT_RELEASE,0,0,0,400000000000,-1,0
0.09198,2,-1,WAIT_RELEASE,0,0,0,400000000000,-1,0
0.09198,3,-1,WAIT_RELEASE,0,0,0,400000000000,-1,0
0.092,0,0,INJECTING,3215484522,3215484522,7510451818,320000000000,-1,0
0.092,1,-1,WAIT_RELEASE,0,0,0,400000000000,-1,0
0.092,2,-1,WAIT_RELEASE,0,0,0,400000000000,-1,0
0.092,3,-1,WAIT_RELEASE,0,0,0,400000000000,-1,0
0.09202,0,0,INJECTING,3215484522,3215484522,7510451818,320000000000,-1,0
0.09202,1,-1,WAIT_RELEASE,0,0,0,400000000000,-1,0
0.09202,2,-1,WAIT_RELEASE,0,0,0,400000000000,-1,0
0.09202,3,-1,WAIT_RELEASE,0,0,0,400000000000,-1,0
0.09204,0,0,INJECTING,3215484522,3215484522,7510451818,320000000000,-1,0
0.09204,1,-1,WAIT_RELEASE,0,0,0,400000000000,-1,0
0.09204,2,-1,WAIT_RELEASE,0,0,0,400000000000,-1,0
0.09204,3,-1,WAIT_RELEASE,0,0,0,400000000000,-1,0
0.09206,0,0,INJECTING,3215484522,3215484522,7510451818,320000000000,-1,0
0.09206,1,-1,WAIT_RELEASE,0,0,0,400000000000,-1,0
0.09206,2,-1,WAIT_RELEASE,0,0,0,400000000000,-1,0
0.09206,3,-1,WAIT_RELEASE,0,0,0,400000000000,-1,0
0.09208,0,0,INJECTING,3215484522,3215484522,7510451818,320000000000,-1,0
0.09208,1,-1,WAIT_RELEASE,0,0,0,400000000000,-1,0
0.09208,2,-1,WAIT_RELEASE,0,0,0,400000000000,-1,0
0.09208,3,-1,WAIT_RELEASE,0,0,0,400000000000,-1,0
0.0921,0,0,INJECTING,3215484522,3215484522,7510451818,320000000000,-1,0
0.0921,1,-1,WAIT_RELEASE,0,0,0,400000000000,-1,0
0.0921,2,-1,WAIT_RELEASE,0,0,0,400000000000,-1,0
0.0921,3,-1,WAIT_RELEASE,0,0,0,400000000000,-1,0
0.09212,0,0,INJECTING,3215484522,3215484522,7510451818,320000000000,-1,0
0.09212,1,-1,WAIT_RELEASE,0,0,0,400000000000,-1,0
0.09212,2,-1,WAIT_RELEASE,0,0,0,400000000000,-1,0
0.09212,3,-1,WAIT_RELEASE,0,0,0,400000000000,-1,0
0.09214,0,0,INJECTING,3215484522,3215484522,7510451818,320000000000,-1,0
0.09214,1,-1,WAIT_RELEASE,0,0,0,400000000000,-1,0
0.09214,2,-1,WAIT_RELEASE,0,0,0,400000000000,-1,0
0.09214,3,-1,WAIT_RELEASE,0,0,0,400000000000,-1,0
0.09216,0,0,INJECTING,3215484522,3215484522,7510451818,320000000000,-1,0
0.09216,1,-1,WAIT_RELEASE,0,0,0,400000000000,-1,0
0.09216,2,-1,WAIT_RELEASE,0,0,0,400000000000,-1,0
0.09216,3,-1,WAIT_RELEASE,0,0,0,400000000000,-1,0
0.09218,0,0,INJECTING,3215484522,3215484522,7510451818,320000000000,-1,0
0.09218,1,-1,WAIT_RELEASE,0,0,0,400000000000,-1,0
0.09218,2,-1,WAIT_RELEASE,0,0,0,400000000000,-1,0
0.09218,3,-1,WAIT_RELEASE,0,0,0,400000000000,-1,0
0.0922,0,0,INJECTING,3215484522,3215484522,7510451818,320000000000,-1,0
0.0922,1,-1,WAIT_RELEASE,0,0,0,400000000000,-1,0
0.0922,2,-1,WAIT_RELEASE,0,0,0,400000000000,-1,0
0.0922,3,-1,WAIT_RELEASE,0,0,0,400000000000,-1,0
0.09222,0,0,INJECTING,3215484522,3215484522,7510451818,320000000000,-1,0
0.09222,1,-1,WAIT_RELEASE,0,0,0,400000000000,-1,0
0.09222,2,-1,WAIT_RELEASE,0,0,0,400000000000,-1,0
0.09222,3,-1,WAIT_RELEASE,0,0,0,400000000000,-1,0
0.09224,0,0,INJECTING,3215484522,3215484522,7510451818,320000000000,-1,0
0.09224,1,-1,WAIT_RELEASE,0,0,0,400000000000,-1,0
0.09224,2,-1,WAIT_RELEASE,0,0,0,400000000000,-1,0
0.09224,3,-1,WAIT_RELEASE,0,0,0,400000000000,-1,0
0.09226,0,0,INJECTING,3215484522,3215484522,7510451818,320000000000,-1,0
0.09226,1,-1,WAIT_RELEASE,0,0,0,400000000000,-1,0
0.09226,2,-1,WAIT_RELEASE,0,0,0,400000000000,-1,0
0.09226,3,-1,WAIT_RELEASE,0,0,0,400000000000,-1,0
0.09228,0,0,INJECTING,3215484522,3215484522,7510451818,320000000000,-1,0
0.09228,1,-1,WAIT_RELEASE,0,0,0,400000000000,-1,0
0.09228,2,-1,WAIT_RELEASE,0,0,0,400000000000,-1,0
0.09228,3,-1,WAIT_RELEASE,0,0,0,400000000000,-1,0
0.0923,0,0,INJECTING,3215484522,3215484522,7510451818,320000000000,-1,0
0.0923,1,-1,WAIT_RELEASE,0,0,0,400000000000,-1,0
0.0923,2,-1,WAIT_RELEASE,0,0,0,400000000000,-1,0
0.0923,3,-1,WAIT_RELEASE,0,0,0,400000000000,-1,0
0.09232,0,0,INJECTING,3215484522,3215484522,7510451818,320000000000,-1,0
0.09232,1,-1,WAIT_RELEASE,0,0,0,400000000000,-1,0
0.09232,2,-1,WAIT_RELEASE,0,0,0,400000000000,-1,0
0.09232,3,-1,WAIT_RELEASE,0,0,0,400000000000,-1,0
0.09234,0,0,INJECTING,3215484522,3215484522,7510451818,320000000000,-1,0
0.09234,1,-1,WAIT_RELEASE,0,0,0,400000000000,-1,0
0.09234,2,-1,WAIT_RELEASE,0,0,0,400000000000,-1,0
0.09234,3,-1,WAIT_RELEASE,0,0,0,400000000000,-1,0
0.09236,0,0,INJECTING,3215484522,3215484522,7510451818,320000000000,-1,0
0.09236,1,-1,WAIT_RELEASE,0,0,0,400000000000,-1,0
0.09236,2,-1,WAIT_RELEASE,0,0,0,400000000000,-1,0
0.09236,3,-1,WAIT_RELEASE,0,0,0,400000000000,-1,0
0.09238,0,0,INJECTING,3215484522,3215484522,7510451818,320000000000,-1,0
0.09238,1,-1,WAIT_RELEASE,0,0,0,400000000000,-1,0
0.09238,2,-1,WAIT_RELEASE,0,0,0,400000000000,-1,0
0.09238,3,-1,WAIT_RELEASE,0,0,0,400000000000,-1,0
0.0924,0,0,INJECTING,3215484522,3215484522,7510451818,320000000000,-1,0
0.0924,1,-1,WAIT_RELEASE,0,0,0,400000000000,-1,0
0.0924,2,-1,WAIT_RELEASE,0,0,0,400000000000,-1,0
0.0924,3,-1,WAIT_RELEASE,0,0,0,400000000000,-1,0
0.09242,0,0,INJECTING,3215484522,3215484522,7510451818,320000000000,-1,0
0.09242,1,-1,WAIT_RELEASE,0,0,0,400000000000,-1,0
0.09242,2,-1,WAIT_RELEASE,0,0,0,400000000000,-1,0
0.09242,3,-1,WAIT_RELEASE,0,0,0,400000000000,-1,0
0.09244,0,0,INJECTING,3215484522,3215484522,7510451818,320000000000,-1,0
0.09244,1,-1,WAIT_RELEASE,0,0,0,400000000000,-1,0
0.09244,2,-1,WAIT_RELEASE,0,0,0,400000000000,-1,0
0.09244,3,-1,WAIT_RELEASE,0,0,0,400000000000,-1,0
0.09246,0,0,INJECTING,3215484522,3215484522,7510451818,320000000000,-1,0
0.09246,1,-1,WAIT_RELEASE,0,0,0,400000000000,-1,0
0.09246,2,-1,WAIT_RELEASE,0,0,0,400000000000,-1,0
0.09246,3,-1,WAIT_RELEASE,0,0,0,400000000000,-1,0
0.09248,0,0,INJECTING,3215484522,3215484522,7510451818,320000000000,-1,0
0.09248,1,-1,WAIT_RELEASE,0,0,0,400000000000,-1,0
0.09248,2,-1,WAIT_RELEASE,0,0,0,400000000000,-1,0
0.09248,3,-1,WAIT_RELEASE,0,0,0,400000000000,-1,0
0.0925,0,0,INJECTING,3215484522,3215484522,7510451818,320000000000,-1,0
0.0925,1,-1,WAIT_RELEASE,0,0,0,400000000000,-1,0
0.0925,2,-1,WAIT_RELEASE,0,0,0,400000000000,-1,0
0.0925,3,-1,WAIT_RELEASE,0,0,0,400000000000,-1,0
0.09252,0,0,INJECTING,3215484522,3215484522,7510451818,320000000000,-1,0
0.09252,1,-1,WAIT_RELEASE,0,0,0,400000000000,-1,0
0.09252,2,-1,WAIT_RELEASE,0,0,0,400000000000,-1,0
0.09252,3,-1,WAIT_RELEASE,0,0,0,400000000000,-1,0
0.09254,0,0,INJECTING,3215484522,3215484522,7510451818,320000000000,-1,0
0.09254,1,-1,WAIT_RELEASE,0,0,0,400000000000,-1,0
0.09254,2,-1,WAIT_RELEASE,0,0,0,400000000000,-1,0
0.09254,3,-1,WAIT_RELEASE,0,0,0,400000000000,-1,0
0.09256,0,0,INJECTING,3215484522,3215484522,7510451818,320000000000,-1,0
0.09256,1,-1,WAIT_RELEASE,0,0,0,400000000000,-1,0
0.09256,2,-1,WAIT_RELEASE,0,0,0,400000000000,-1,0
0.09256,3,-1,WAIT_RELEASE,0,0,0,400000000000,-1,0
0.09258,0,0,INJECTING,3215484522,3215484522,7510451818,320000000000,-1,0
0.09258,1,-1,WAIT_RELEASE,0,0,0,400000000000,-1,0
0.09258,2,-1,WAIT_RELEASE,0,0,0,400000000000,-1,0
0.09258,3,-1,WAIT_RELEASE,0,0,0,400000000000,-1,0
0.0926,0,0,INJECTING,3215484522,3215484522,7510451818,320000000000,-1,0
0.0926,1,-1,WAIT_RELEASE,0,0,0,400000000000,-1,0
0.0926,2,-1,WAIT_RELEASE,0,0,0,400000000000,-1,0
0.0926,3,-1,WAIT_RELEASE,0,0,0,400000000000,-1,0
0.09262,0,0,INJECTING,3215484522,3215484522,7510451818,320000000000,-1,0
0.09262,1,-1,WAIT_RELEASE,0,0,0,400000000000,-1,0
0.09262,2,-1,WAIT_RELEASE,0,0,0,400000000000,-1,0
0.09262,3,-1,WAIT_RELEASE,0,0,0,400000000000,-1,0
0.09264,0,0,INJECTING,3215484522,3215484522,7510451818,320000000000,-1,0
0.09264,1,-1,WAIT_RELEASE,0,0,0,400000000000,-1,0
0.09264,2,-1,WAIT_RELEASE,0,0,0,400000000000,-1,0
0.09264,3,-1,WAIT_RELEASE,0,0,0,400000000000,-1,0
0.09266,0,0,INJECTING,3215484522,3215484522,7510451818,320000000000,-1,0
0.09266,1,-1,WAIT_RELEASE,0,0,0,400000000000,-1,0
0.09266,2,-1,WAIT_RELEASE,0,0,0,400000000000,-1,0
0.09266,3,-1,WAIT_RELEASE,0,0,0,400000000000,-1,0
0.09268,0,0,INJECTING,3215484522,3215484522,7510451818,320000000000,-1,0
0.09268,1,-1,WAIT_RELEASE,0,0,0,400000000000,-1,0
0.09268,2,-1,WAIT_RELEASE,0,0,0,400000000000,-1,0
0.09268,3,-1,WAIT_RELEASE,0,0,0,400000000000,-1,0
0.0927,0,0,INJECTING,3215484522,3215484522,7510451818,320000000000,-1,0
0.0927,1,-1,WAIT_RELEASE,0,0,0,400000000000,-1,0
0.0927,2,-1,WAIT_RELEASE,0,0,0,400000000000,-1,0
0.0927,3,-1,WAIT_RELEASE,0,0,0,400000000000,-1,0
0.09272,0,0,INJECTING,3215484522,3215484522,7510451818,320000000000,-1,0
0.09272,1,-1,WAIT_RELEASE,0,0,0,400000000000,-1,0
0.09272,2,-1,WAIT_RELEASE,0,0,0,400000000000,-1,0
0.09272,3,-1,WAIT_RELEASE,0,0,0,400000000000,-1,0
0.09274,0,0,INJECTING,3215484522,3215484522,7510451818,320000000000,-1,0
0.09274,1,-1,WAIT_RELEASE,0,0,0,400000000000,-1,0
0.09274,2,-1,WAIT_RELEASE,0,0,0,400000000000,-1,0
0.09274,3,-1,WAIT_RELEASE,0,0,0,400000000000,-1,0
0.09276,0,0,INJECTING,3215484522,3215484522,7510451818,320000000000,-1,0
0.09276,1,-1,WAIT_RELEASE,0,0,0,400000000000,-1,0
0.09276,2,-1,WAIT_RELEASE,0,0,0,400000000000,-1,0
0.09276,3,-1,WAIT_RELEASE,0,0,0,400000000000,-1,0
0.09278,0,0,INJECTING,3215484522,3215484522,7510451818,320000000000,-1,0
0.09278,1,-1,WAIT_RELEASE,0,0,0,400000000000,-1,0
0.09278,2,-1,WAIT_RELEASE,0,0,0,400000000000,-1,0
0.09278,3,-1,WAIT_RELEASE,0,0,0,400000000000,-1,0
0.0928,0,0,INJECTING,3215484522,3215484522,7510451818,320000000000,-1,0
0.0928,1,-1,WAIT_RELEASE,0,0,0,400000000000,-1,0
0.0928,2,-1,WAIT_RELEASE,0,0,0,400000000000,-1,0
0.0928,3,-1,WAIT_RELEASE,0,0,0,400000000000,-1,0
0.09282,0,0,INJECTING,3215484522,3215484522,7510451818,320000000000,-1,0
0.09282,1,-1,WAIT_RELEASE,0,0,0,400000000000,-1,0
0.09282,2,-1,WAIT_RELEASE,0,0,0,400000000000,-1,0
0.09282,3,-1,WAIT_RELEASE,0,0,0,400000000000,-1,0
0.09284,0,0,INJECTING,3215484522,3215484522,7510451818,320000000000,-1,0
0.09284,1,-1,WAIT_RELEASE,0,0,0,400000000000,-1,0
0.09284,2,-1,WAIT_RELEASE,0,0,0,400000000000,-1,0
0.09284,3,-1,WAIT_RELEASE,0,0,0,400000000000,-1,0
0.09286,0,0,INJECTING,3215484522,3215484522,7510451818,320000000000,-1,0
0.09286,1,-1,WAIT_RELEASE,0,0,0,400000000000,-1,0
0.09286,2,-1,WAIT_RELEASE,0,0,0,400000000000,-1,0
0.09286,3,-1,WAIT_RELEASE,0,0,0,400000000000,-1,0
0.09288,0,0,INJECTING,3215484522,3215484522,7510451818,320000000000,-1,0
0.09288,1,-1,WAIT_RELEASE,0,0,0,400000000000,-1,0
0.09288,2,-1,WAIT_RELEASE,0,0,0,400000000000,-1,0
0.09288,3,-1,WAIT_RELEASE,0,0,0,400000000000,-1,0
0.0929,0,0,INJECTING,3215484522,3215484522,7510451818,320000000000,-1,0
0.0929,1,-1,WAIT_RELEASE,0,0,0,400000000000,-1,0
0.0929,2,-1,WAIT_RELEASE,0,0,0,400000000000,-1,0
0.0929,3,-1,WAIT_RELEASE,0,0,0,400000000000,-1,0
0.09292,0,0,INJECTING,3215484522,3215484522,7510451818,320000000000,-1,0
0.09292,1,-1,WAIT_RELEASE,0,0,0,400000000000,-1,0
0.09292,2,-1,WAIT_RELEASE,0,0,0,400000000000,-1,0
0.09292,3,-1,WAIT_RELEASE,0,0,0,400000000000,-1,0
0.09294,0,0,INJECTING,3215484522,3215484522,7510451818,320000000000,-1,0
0.09294,1,-1,WAIT_RELEASE,0,0,0,400000000000,-1,0
0.09294,2,-1,WAIT_RELEASE,0,0,0,400000000000,-1,0
0.09294,3,-1,WAIT_RELEASE,0,0,0,400000000000,-1,0
0.09296,0,0,INJECTING,3215484522,3215484522,7510451818,320000000000,-1,0
0.09296,1,-1,WAIT_RELEASE,0,0,0,400000000000,-1,0
0.09296,2,-1,WAIT_RELEASE,0,0,0,400000000000,-1,0
0.09296,3,-1,WAIT_RELEASE,0,0,0,400000000000,-1,0
0.09298,0,0,INJECTING,3215484522,3215484522,7510451818,320000000000,-1,0
0.09298,1,-1,WAIT_RELEASE,0,0,0,400000000000,-1,0
0.09298,2,-1,WAIT_RELEASE,0,0,0,400000000000,-1,0
0.09298,3,-1,WAIT_RELEASE,0,0,0,400000000000,-1,0
0.093,0,0,INJECTING,3215484522,3215484522,7510451818,320000000000,-1,0
0.093,1,-1,WAIT_RELEASE,0,0,0,400000000000,-1,0
0.093,2,-1,WAIT_RELEASE,0,0,0,400000000000,-1,0
0.093,3,-1,WAIT_RELEASE,0,0,0,400000000000,-1,0
0.09302,0,0,INJECTING,3215484522,3215484522,7510451818,320000000000,-1,0
0.09302,1,-1,WAIT_RELEASE,0,0,0,400000000000,-1,0
0.09302,2,-1,WAIT_RELEASE,0,0,0,400000000000,-1,0
0.09302,3,-1,WAIT_RELEASE,0,0,0,400000000000,-1,0
0.09304,0,0,INJECTING,3215484522,3215484522,7510451818,320000000000,-1,0
0.09304,1,-1,WAIT_RELEASE,0,0,0,400000000000,-1,0
0.09304,2,-1,WAIT_RELEASE,0,0,0,400000000000,-1,0
0.09304,3,-1,WAIT_RELEASE,0,0,0,400000000000,-1,0
0.09306,0,0,INJECTING,3215484522,3215484522,7510451818,320000000000,-1,0
0.09306,1,-1,WAIT_RELEASE,0,0,0,400000000000,-1,0
0.09306,2,-1,WAIT_RELEASE,0,0,0,400000000000,-1,0
0.09306,3,-1,WAIT_RELEASE,0,0,0,400000000000,-1,0
0.09308,0,0,INJECTING,3215484522,3215484522,7510451818,320000000000,-1,0
0.09308,1,-1,WAIT_RELEASE,0,0,0,400000000000,-1,0
0.09308,2,-1,WAIT_RELEASE,0,0,0,400000000000,-1,0
0.09308,3,-1,WAIT_RELEASE,0,0,0,400000000000,-1,0
0.0931,0,0,INJECTING,3215484522,3215484522,7510451818,320000000000,-1,0
0.0931,1,-1,WAIT_RELEASE,0,0,0,400000000000,-1,0
0.0931,2,-1,WAIT_RELEASE,0,0,0,400000000000,-1,0
0.0931,3,-1,WAIT_RELEASE,0,0,0,400000000000,-1,0
0.09312,0,0,INJECTING,3215484522,3215484522,7510451818,320000000000,-1,0
0.09312,1,-1,WAIT_RELEASE,0,0,0,400000000000,-1,0
0.09312,2,-1,WAIT_RELEASE,0,0,0,400000000000,-1,0
0.09312,3,-1,WAIT_RELEASE,0,0,0,400000000000,-1,0
0.09314,0,0,INJECTING,3215484522,3215484522,7510451818,320000000000,-1,0
0.09314,1,-1,WAIT_RELEASE,0,0,0,400000000000,-1,0
0.09314,2,-1,WAIT_RELEASE,0,0,0,400000000000,-1,0
0.09314,3,-1,WAIT_RELEASE,0,0,0,400000000000,-1,0
0.09316,0,0,INJECTING,3215484522,3215484522,7510451818,320000000000,-1,0
0.09316,1,-1,WAIT_RELEASE,0,0,0,400000000000,-1,0
0.09316,2,-1,WAIT_RELEASE,0,0,0,400000000000,-1,0
0.09316,3,-1,WAIT_RELEASE,0,0,0,400000000000,-1,0
0.09318,0,0,INJECTING,3215484522,3215484522,7510451818,320000000000,-1,0
0.09318,1,-1,WAIT_RELEASE,0,0,0,400000000000,-1,0
0.09318,2,-1,WAIT_RELEASE,0,0,0,400000000000,-1,0
0.09318,3,-1,WAIT_RELEASE,0,0,0,400000000000,-1,0
0.0932,0,0,INJECTING,3215484522,3215484522,7510451818,320000000000,-1,0
0.0932,1,-1,WAIT_RELEASE,0,0,0,400000000000,-1,0
0.0932,2,-1,WAIT_RELEASE,0,0,0,400000000000,-1,0
0.0932,3,-1,WAIT_RELEASE,0,0,0,400000000000,-1,0
0.09322,0,0,INJECTING,3215484522,3215484522,7510451818,320000000000,-1,0
0.09322,1,-1,WAIT_RELEASE,0,0,0,400000000000,-1,0
0.09322,2,-1,WAIT_RELEASE,0,0,0,400000000000,-1,0
0.09322,3,-1,WAIT_RELEASE,0,0,0,400000000000,-1,0
0.09324,0,0,INJECTING,3215484522,3215484522,7510451818,320000000000,-1,0
0.09324,1,-1,WAIT_RELEASE,0,0,0,400000000000,-1,0
0.09324,2,-1,WAIT_RELEASE,0,0,0,400000000000,-1,0
0.09324,3,-1,WAIT_RELEASE,0,0,0,400000000000,-1,0
0.09326,0,0,INJECTING,3215484522,3215484522,7510451818,320000000000,-1,0
0.09326,1,-1,WAIT_RELEASE,0,0,0,400000000000,-1,0
0.09326,2,-1,WAIT_RELEASE,0,0,0,400000000000,-1,0
0.09326,3,-1,WAIT_RELEASE,0,0,0,400000000000,-1,0
0.09328,0,0,INJECTING,3215484522,3215484522,7510451818,320000000000,-1,0
0.09328,1,-1,WAIT_RELEASE,0,0,0,400000000000,-1,0
0.09328,2,-1,WAIT_RELEASE,0,0,0,400000000000,-1,0
0.09328,3,-1,WAIT_RELEASE,0,0,0,400000000000,-1,0
0.0933,0,0,INJECTING,3215484522,3215484522,7510451818,320000000000,-1,0
0.0933,1,-1,WAIT_RELEASE,0,0,0,400000000000,-1,0
0.0933,2,-1,WAIT_RELEASE,0,0,0,400000000000,-1,0
0.0933,3,-1,WAIT_RELEASE,0,0,0,400000000000,-1,0
0.09332,0,0,INJECTING,3215484522,3215484522,7510451818,320000000000,-1,0
0.09332,1,-1,WAIT_RELEASE,0,0,0,400000000000,-1,0
0.09332,2,-1,WAIT_RELEASE,0,0,0,400000000000,-1,0
0.09332,3,-1,WAIT_RELEASE,0,0,0,400000000000,-1,0
0.09334,0,0,INJECTING,3215484522,3215484522,7510451818,320000000000,-1,0
0.09334,1,-1,WAIT_RELEASE,0,0,0,400000000000,-1,0
0.09334,2,-1,WAIT_RELEASE,0,0,0,400000000000,-1,0
0.09334,3,-1,WAIT_RELEASE,0,0,0,400000000000,-1,0
0.09336,0,0,INJECTING,3215484522,3215484522,7510451818,320000000000,-1,0
0.09336,1,-1,WAIT_RELEASE,0,0,0,400000000000,-1,0
0.09336,2,-1,WAIT_RELEASE,0,0,0,400000000000,-1,0
0.09336,3,-1,WAIT_RELEASE,0,0,0,400000000000,-1,0
0.09338,0,0,INJECTING,3215484522,3215484522,7510451818,320000000000,-1,0
0.09338,1,-1,WAIT_RELEASE,0,0,0,400000000000,-1,0
0.09338,2,-1,WAIT_RELEASE,0,0,0,400000000000,-1,0
0.09338,3,-1,WAIT_RELEASE,0,0,0,400000000000,-1,0
0.0934,0,0,INJECTING,3215484522,3215484522,7510451818,320000000000,-1,0
0.0934,1,-1,WAIT_RELEASE,0,0,0,400000000000,-1,0
0.0934,2,-1,WAIT_RELEASE,0,0,0,400000000000,-1,0
0.0934,3,-1,WAIT_RELEASE,0,0,0,400000000000,-1,0
0.09342,0,0,INJECTING,3215484522,3215484522,7510451818,320000000000,-1,0
0.09342,1,-1,WAIT_RELEASE,0,0,0,400000000000,-1,0
0.09342,2,-1,WAIT_RELEASE,0,0,0,400000000000,-1,0
0.09342,3,-1,WAIT_RELEASE,0,0,0,400000000000,-1,0
0.09344,0,0,INJECTING,3215484522,3215484522,7510451818,320000000000,-1,0
0.09344,1,-1,WAIT_RELEASE,0,0,0,400000000000,-1,0
0.09344,2,-1,WAIT_RELEASE,0,0,0,400000000000,-1,0
0.09344,3,-1,WAIT_RELEASE,0,0,0,400000000000,-1,0
0.09346,0,0,INJECTING,3215484522,3215484522,7510451818,320000000000,-1,0
0.09346,1,-1,WAIT_RELEASE,0,0,0,400000000000,-1,0
0.09346,2,-1,WAIT_RELEASE,0,0,0,400000000000,-1,0
0.09346,3,-1,WAIT_RELEASE,0,0,0,400000000000,-1,0
0.09348,0,0,INJECTING,3215484522,3215484522,7510451818,320000000000,-1,0
0.09348,1,-1,WAIT_RELEASE,0,0,0,400000000000,-1,0
0.09348,2,-1,WAIT_RELEASE,0,0,0,400000000000,-1,0
0.09348,3,-1,WAIT_RELEASE,0,0,0,400000000000,-1,0
0.0935,0,0,INJECTING,3215484522,3215484522,7510451818,320000000000,-1,0
0.0935,1,-1,WAIT_RELEASE,0,0,0,400000000000,-1,0
0.0935,2,-1,WAIT_RELEASE,0,0,0,400000000000,-1,0
0.0935,3,-1,WAIT_RELEASE,0,0,0,400000000000,-1,0
0.09352,0,0,INJECTING,3215484522,3215484522,7510451818,320000000000,-1,0
0.09352,1,-1,WAIT_RELEASE,0,0,0,400000000000,-1,0
0.09352,2,-1,WAIT_RELEASE,0,0,0,400000000000,-1,0
0.09352,3,-1,WAIT_RELEASE,0,0,0,400000000000,-1,0
0.09354,0,0,INJECTING,3215484522,3215484522,7510451818,320000000000,-1,0
0.09354,1,-1,WAIT_RELEASE,0,0,0,400000000000,-1,0
0.09354,2,-1,WAIT_RELEASE,0,0,0,400000000000,-1,0
0.09354,3,-1,WAIT_RELEASE,0,0,0,400000000000,-1,0
0.09356,0,0,INJECTING,3215484522,3215484522,7510451818,320000000000,-1,0
0.09356,1,-1,WAIT_RELEASE,0,0,0,400000000000,-1,0
0.09356,2,-1,WAIT_RELEASE,0,0,0,400000000000,-1,0
0.09356,3,-1,WAIT_RELEASE,0,0,0,400000000000,-1,0
0.09358,0,0,INJECTING,3215484522,3215484522,7510451818,320000000000,-1,0
0.09358,1,-1,WAIT_RELEASE,0,0,0,400000000000,-1,0
0.09358,2,-1,WAIT_RELEASE,0,0,0,400000000000,-1,0
0.09358,3,-1,WAIT_RELEASE,0,0,0,400000000000,-1,0
0.0936,0,0,INJECTING,3215484522,3215484522,7510451818,320000000000,-1,0
0.0936,1,-1,WAIT_RELEASE,0,0,0,400000000000,-1,0
0.0936,2,-1,WAIT_RELEASE,0,0,0,400000000000,-1,0
0.0936,3,-1,WAIT_RELEASE,0,0,0,400000000000,-1,0
0.09362,0,0,INJECTING,3215484522,3215484522,7510451818,320000000000,-1,0
0.09362,1,-1,WAIT_RELEASE,0,0,0,400000000000,-1,0
0.09362,2,-1,WAIT_RELEASE,0,0,0,400000000000,-1,0
0.09362,3,-1,WAIT_RELEASE,0,0,0,400000000000,-1,0
0.09364,0,0,INJECTING,3215484522,3215484522,7510451818,320000000000,-1,0
0.09364,1,-1,WAIT_RELEASE,0,0,0,400000000000,-1,0
0.09364,2,-1,WAIT_RELEASE,0,0,0,400000000000,-1,0
0.09364,3,-1,WAIT_RELEASE,0,0,0,400000000000,-1,0
0.09366,0,0,INJECTING,3215484522,3215484522,7510451818,320000000000,-1,0
0.09366,1,-1,WAIT_RELEASE,0,0,0,400000000000,-1,0
0.09366,2,-1,WAIT_RELEASE,0,0,0,400000000000,-1,0
0.09366,3,-1,WAIT_RELEASE,0,0,0,400000000000,-1,0
0.09368,0,0,INJECTING,3215484522,3215484522,7510451818,320000000000,-1,0
0.09368,1,-1,WAIT_RELEASE,0,0,0,400000000000,-1,0
0.09368,2,-1,WAIT_RELEASE,0,0,0,400000000000,-1,0
0.09368,3,-1,WAIT_RELEASE,0,0,0,400000000000,-1,0
0.0937,0,0,INJECTING,3215484522,3215484522,7510451818,320000000000,-1,0
0.0937,1,-1,WAIT_RELEASE,0,0,0,400000000000,-1,0
0.0937,2,-1,WAIT_RELEASE,0,0,0,400000000000,-1,0
0.0937,3,-1,WAIT_RELEASE,0,0,0,400000000000,-1,0
0.09372,0,0,INJECTING,3215484522,3215484522,7510451818,320000000000,-1,0
0.09372,1,-1,WAIT_RELEASE,0,0,0,400000000000,-1,0
0.09372,2,-1,WAIT_RELEASE,0,0,0,400000000000,-1,0
0.09372,3,-1,WAIT_RELEASE,0,0,0,400000000000,-1,0
0.09374,0,0,INJECTING,3215484522,3215484522,7510451818,320000000000,-1,0
0.09374,1,-1,WAIT_RELEASE,0,0,0,400000000000,-1,0
0.09374,2,-1,WAIT_RELEASE,0,0,0,400000000000,-1,0
0.09374,3,-1,WAIT_RELEASE,0,0,0,400000000000,-1,0
0.09376,0,0,INJECTING,3215484522,3215484522,7510451818,320000000000,-1,0
0.09376,1,-1,WAIT_RELEASE,0,0,0,400000000000,-1,0
0.09376,2,-1,WAIT_RELEASE,0,0,0,400000000000,-1,0
0.09376,3,-1,WAIT_RELEASE,0,0,0,400000000000,-1,0
0.09378,0,0,INJECTING,3215484522,3215484522,7510451818,320000000000,-1,0
0.09378,1,-1,WAIT_RELEASE,0,0,0,400000000000,-1,0
0.09378,2,-1,WAIT_RELEASE,0,0,0,400000000000,-1,0
0.09378,3,-1,WAIT_RELEASE,0,0,0,400000000000,-1,0
0.0938,0,0,INJECTING,3215484522,3215484522,7510451818,320000000000,-1,0
0.0938,1,-1,WAIT_RELEASE,0,0,0,400000000000,-1,0
0.0938,2,-1,WAIT_RELEASE,0,0,0,400000000000,-1,0
0.0938,3,-1,WAIT_RELEASE,0,0,0,400000000000,-1,0
0.09382,0,0,INJECTING,3215484522,3215484522,7510451818,320000000000,-1,0
0.09382,1,-1,WAIT_RELEASE,0,0,0,400000000000,-1,0
0.09382,2,-1,WAIT_RELEASE,0,0,0,400000000000,-1,0
0.09382,3,-1,WAIT_RELEASE,0,0,0,400000000000,-1,0
0.09384,0,0,INJECTING,3215484522,3215484522,7510451818,320000000000,-1,0
0.09384,1,-1,WAIT_RELEASE,0,0,0,400000000000,-1,0
0.09384,2,-1,WAIT_RELEASE,0,0,0,400000000000,-1,0
0.09384,3,-1,WAIT_RELEASE,0,0,0,400000000000,-1,0
0.09386,0,0,INJECTING,3215484522,3215484522,7510451818,320000000000,-1,0
0.09386,1,-1,WAIT_RELEASE,0,0,0,400000000000,-1,0
0.09386,2,-1,WAIT_RELEASE,0,0,0,400000000000,-1,0
0.09386,3,-1,WAIT_RELEASE,0,0,0,400000000000,-1,0
0.09388,0,0,INJECTING,3215484522,3215484522,7510451818,320000000000,-1,0
0.09388,1,-1,WAIT_RELEASE,0,0,0,400000000000,-1,0
0.09388,2,-1,WAIT_RELEASE,0,0,0,400000000000,-1,0
0.09388,3,-1,WAIT_RELEASE,0,0,0,400000000000,-1,0
0.0939,0,0,INJECTING,3215484522,3215484522,7510451818,320000000000,-1,0
0.0939,1,-1,WAIT_RELEASE,0,0,0,400000000000,-1,0
0.0939,2,-1,WAIT_RELEASE,0,0,0,400000000000,-1,0
0.0939,3,-1,WAIT_RELEASE,0,0,0,400000000000,-1,0
0.09392,0,0,INJECTING,3215484522,3215484522,7510451818,320000000000,-1,0
0.09392,1,-1,WAIT_RELEASE,0,0,0,400000000000,-1,0
0.09392,2,-1,WAIT_RELEASE,0,0,0,400000000000,-1,0
0.09392,3,-1,WAIT_RELEASE,0,0,0,400000000000,-1,0
0.09394,0,0,INJECTING,3215484522,3215484522,7510451818,320000000000,-1,0
0.09394,1,-1,WAIT_RELEASE,0,0,0,400000000000,-1,0
0.09394,2,-1,WAIT_RELEASE,0,0,0,400000000000,-1,0
0.09394,3,-1,WAIT_RELEASE,0,0,0,400000000000,-1,0
0.09396,0,0,INJECTING,3215484522,3215484522,7510451818,320000000000,-1,0
0.09396,1,-1,WAIT_RELEASE,0,0,0,400000000000,-1,0
0.09396,2,-1,WAIT_RELEASE,0,0,0,400000000000,-1,0
0.09396,3,-1,WAIT_RELEASE,0,0,0,400000000000,-1,0
0.09398,0,0,INJECTING,3215484522,3215484522,7510451818,320000000000,-1,0
0.09398,1,-1,WAIT_RELEASE,0,0,0,400000000000,-1,0
0.09398,2,-1,WAIT_RELEASE,0,0,0,400000000000,-1,0
0.09398,3,-1,WAIT_RELEASE,0,0,0,400000000000,-1,0
0.094,0,0,INJECTING,3215484522,3215484522,7510451818,320000000000,-1,0
0.094,1,-1,WAIT_RELEASE,0,0,0,400000000000,-1,0
0.094,2,-1,WAIT_RELEASE,0,0,0,400000000000,-1,0
0.094,3,-1,WAIT_RELEASE,0,0,0,400000000000,-1,0
0.09402,0,0,INJECTING,3215484522,3215484522,7510451818,320000000000,-1,0
0.09402,1,-1,WAIT_RELEASE,0,0,0,400000000000,-1,0
0.09402,2,-1,WAIT_RELEASE,0,0,0,400000000000,-1,0
0.09402,3,-1,WAIT_RELEASE,0,0,0,400000000000,-1,0
0.09404,0,0,INJECTING,3215484522,3215484522,7510451818,320000000000,-1,0
0.09404,1,-1,WAIT_RELEASE,0,0,0,400000000000,-1,0
0.09404,2,-1,WAIT_RELEASE,0,0,0,400000000000,-1,0
0.09404,3,-1,WAIT_RELEASE,0,0,0,400000000000,-1,0
0.09406,0,0,INJECTING,3215484522,3215484522,7510451818,320000000000,-1,0
0.09406,1,-1,WAIT_RELEASE,0,0,0,400000000000,-1,0
0.09406,2,-1,WAIT_RELEASE,0,0,0,400000000000,-1,0
0.09406,3,-1,WAIT_RELEASE,0,0,0,400000000000,-1,0
0.09408,0,0,INJECTING,3215484522,3215484522,7510451818,320000000000,-1,0
0.09408,1,-1,WAIT_RELEASE,0,0,0,400000000000,-1,0
0.09408,2,-1,WAIT_RELEASE,0,0,0,400000000000,-1,0
0.09408,3,-1,WAIT_RELEASE,0,0,0,400000000000,-1,0
0.0941,0,0,INJECTING,3215484522,3215484522,7510451818,320000000000,-1,0
0.0941,1,-1,WAIT_RELEASE,0,0,0,400000000000,-1,0
0.0941,2,-1,WAIT_RELEASE,0,0,0,400000000000,-1,0
0.0941,3,-1,WAIT_RELEASE,0,0,0,400000000000,-1,0
0.09412,0,0,INJECTING,3215484522,3215484522,7510451818,320000000000,-1,0
0.09412,1,-1,WAIT_RELEASE,0,0,0,400000000000,-1,0
0.09412,2,-1,WAIT_RELEASE,0,0,0,400000000000,-1,0
0.09412,3,-1,WAIT_RELEASE,0,0,0,400000000000,-1,0
0.09414,0,0,INJECTING,3215484522,3215484522,7510451818,320000000000,-1,0
0.09414,1,-1,WAIT_RELEASE,0,0,0,400000000000,-1,0
0.09414,2,-1,WAIT_RELEASE,0,0,0,400000000000,-1,0
0.09414,3,-1,WAIT_RELEASE,0,0,0,400000000000,-1,0
0.09416,0,0,INJECTING,3215484522,3215484522,7510451818,320000000000,-1,0
0.09416,1,-1,WAIT_RELEASE,0,0,0,400000000000,-1,0
0.09416,2,-1,WAIT_RELEASE,0,0,0,400000000000,-1,0
0.09416,3,-1,WAIT_RELEASE,0,0,0,400000000000,-1,0
0.09418,0,0,INJECTING,3215484522,3215484522,7510451818,320000000000,-1,0
0.09418,1,-1,WAIT_RELEASE,0,0,0,400000000000,-1,0
0.09418,2,-1,WAIT_RELEASE,0,0,0,400000000000,-1,0
0.09418,3,-1,WAIT_RELEASE,0,0,0,400000000000,-1,0
0.0942,0,0,INJECTING,3215484522,3215484522,7510451818,320000000000,-1,0
0.0942,1,-1,WAIT_RELEASE,0,0,0,400000000000,-1,0
0.0942,2,-1,WAIT_RELEASE,0,0,0,400000000000,-1,0
0.0942,3,-1,WAIT_RELEASE,0,0,0,400000000000,-1,0
0.09422,0,0,INJECTING,3215484522,3215484522,7510451818,320000000000,-1,0
0.09422,1,-1,WAIT_RELEASE,0,0,0,400000000000,-1,0
0.09422,2,-1,WAIT_RELEASE,0,0,0,400000000000,-1,0
0.09422,3,-1,WAIT_RELEASE,0,0,0,400000000000,-1,0
0.09424,0,0,INJECTING,3215484522,3215484522,7510451818,320000000000,-1,0
0.09424,1,-1,WAIT_RELEASE,0,0,0,400000000000,-1,0
0.09424,2,-1,WAIT_RELEASE,0,0,0,400000000000,-1,0
0.09424,3,-1,WAIT_RELEASE,0,0,0,400000000000,-1,0
0.09426,0,0,INJECTING,3215484522,3215484522,7510451818,320000000000,-1,0
0.09426,1,-1,WAIT_RELEASE,0,0,0,400000000000,-1,0
0.09426,2,-1,WAIT_RELEASE,0,0,0,400000000000,-1,0
0.09426,3,-1,WAIT_RELEASE,0,0,0,400000000000,-1,0
0.09428,0,0,INJECTING,3215484522,3215484522,7510451818,320000000000,-1,0
0.09428,1,-1,WAIT_RELEASE,0,0,0,400000000000,-1,0
0.09428,2,-1,WAIT_RELEASE,0,0,0,400000000000,-1,0
0.09428,3,-1,WAIT_RELEASE,0,0,0,400000000000,-1,0
0.0943,0,0,INJECTING,3215484522,3215484522,7510451818,320000000000,-1,0
0.0943,1,-1,WAIT_RELEASE,0,0,0,400000000000,-1,0
0.0943,2,-1,WAIT_RELEASE,0,0,0,400000000000,-1,0
0.0943,3,-1,WAIT_RELEASE,0,0,0,400000000000,-1,0
0.09432,0,0,INJECTING,3215484522,3215484522,7510451818,320000000000,-1,0
0.09432,1,-1,WAIT_RELEASE,0,0,0,400000000000,-1,0
0.09432,2,-1,WAIT_RELEASE,0,0,0,400000000000,-1,0
0.09432,3,-1,WAIT_RELEASE,0,0,0,400000000000,-1,0
0.09434,0,0,INJECTING,3215484522,3215484522,7510451818,320000000000,-1,0
0.09434,1,-1,WAIT_RELEASE,0,0,0,400000000000,-1,0
0.09434,2,-1,WAIT_RELEASE,0,0,0,400000000000,-1,0
0.09434,3,-1,WAIT_RELEASE,0,0,0,400000000000,-1,0
0.09436,0,0,INJECTING,3215484522,3215484522,7510451818,320000000000,-1,0
0.09436,1,-1,WAIT_RELEASE,0,0,0,400000000000,-1,0
0.09436,2,-1,WAIT_RELEASE,0,0,0,400000000000,-1,0
0.09436,3,-1,WAIT_RELEASE,0,0,0,400000000000,-1,0
0.09438,0,0,INJECTING,3215484522,3215484522,7510451818,320000000000,-1,0
0.09438,1,-1,WAIT_RELEASE,0,0,0,400000000000,-1,0
0.09438,2,-1,WAIT_RELEASE,0,0,0,400000000000,-1,0
0.09438,3,-1,WAIT_RELEASE,0,0,0,400000000000,-1,0
0.0944,0,0,INJECTING,3215484522,3215484522,7510451818,320000000000,-1,0
0.0944,1,-1,WAIT_RELEASE,0,0,0,400000000000,-1,0
0.0944,2,-1,WAIT_RELEASE,0,0,0,400000000000,-1,0
0.0944,3,-1,WAIT_RELEASE,0,0,0,400000000000,-1,0
0.09442,0,0,INJECTING,3215484522,3215484522,7510451818,320000000000,-1,0
0.09442,1,-1,WAIT_RELEASE,0,0,0,400000000000,-1,0
0.09442,2,-1,WAIT_RELEASE,0,0,0,400000000000,-1,0
0.09442,3,-1,WAIT_RELEASE,0,0,0,400000000000,-1,0
0.09444,0,0,INJECTING,3215484522,3215484522,7510451818,320000000000,-1,0
0.09444,1,-1,WAIT_RELEASE,0,0,0,400000000000,-1,0
0.09444,2,-1,WAIT_RELEASE,0,0,0,400000000000,-1,0
0.09444,3,-1,WAIT_RELEASE,0,0,0,400000000000,-1,0
0.09446,0,0,INJECTING,3215484522,3215484522,7510451818,320000000000,-1,0
0.09446,1,-1,WAIT_RELEASE,0,0,0,400000000000,-1,0
0.09446,2,-1,WAIT_RELEASE,0,0,0,400000000000,-1,0
0.09446,3,-1,WAIT_RELEASE,0,0,0,400000000000,-1,0
0.09448,0,0,INJECTING,3215484522,3215484522,7510451818,320000000000,-1,0
0.09448,1,-1,WAIT_RELEASE,0,0,0,400000000000,-1,0
0.09448,2,-1,WAIT_RELEASE,0,0,0,400000000000,-1,0
0.09448,3,-1,WAIT_RELEASE,0,0,0,400000000000,-1,0
0.0945,0,0,INJECTING,3215484522,3215484522,7510451818,320000000000,-1,0
0.0945,1,-1,WAIT_RELEASE,0,0,0,400000000000,-1,0
0.0945,2,-1,WAIT_RELEASE,0,0,0,400000000000,-1,0
0.0945,3,-1,WAIT_RELEASE,0,0,0,400000000000,-1,0
0.09452,0,0,INJECTING,3215484522,3215484522,7510451818,320000000000,-1,0
0.09452,1,-1,WAIT_RELEASE,0,0,0,400000000000,-1,0
0.09452,2,-1,WAIT_RELEASE,0,0,0,400000000000,-1,0
0.09452,3,-1,WAIT_RELEASE,0,0,0,400000000000,-1,0
0.09454,0,0,INJECTING,3215484522,3215484522,7510451818,320000000000,-1,0
0.09454,1,-1,WAIT_RELEASE,0,0,0,400000000000,-1,0
0.09454,2,-1,WAIT_RELEASE,0,0,0,400000000000,-1,0
0.09454,3,-1,WAIT_RELEASE,0,0,0,400000000000,-1,0
0.09456,0,0,INJECTING,3215484522,3215484522,7510451818,320000000000,-1,0
0.09456,1,-1,WAIT_RELEASE,0,0,0,400000000000,-1,0
0.09456,2,-1,WAIT_RELEASE,0,0,0,400000000000,-1,0
0.09456,3,-1,WAIT_RELEASE,0,0,0,400000000000,-1,0
0.09458,0,0,INJECTING,3215484522,3215484522,7510451818,320000000000,-1,0
0.09458,1,-1,WAIT_RELEASE,0,0,0,400000000000,-1,0
0.09458,2,-1,WAIT_RELEASE,0,0,0,400000000000,-1,0
0.09458,3,-1,WAIT_RELEASE,0,0,0,400000000000,-1,0
0.0946,0,0,INJECTING,3215484522,3215484522,7510451818,320000000000,-1,0
0.0946,1,-1,WAIT_RELEASE,0,0,0,400000000000,-1,0
0.0946,2,-1,WAIT_RELEASE,0,0,0,400000000000,-1,0
0.0946,3,-1,WAIT_RELEASE,0,0,0,400000000000,-1,0
0.09462,0,0,INJECTING,3215484522,3215484522,7510451818,320000000000,-1,0
0.09462,1,-1,WAIT_RELEASE,0,0,0,400000000000,-1,0
0.09462,2,-1,WAIT_RELEASE,0,0,0,400000000000,-1,0
0.09462,3,-1,WAIT_RELEASE,0,0,0,400000000000,-1,0
0.09464,0,0,INJECTING,3215484522,3215484522,7510451818,320000000000,-1,0
0.09464,1,-1,WAIT_RELEASE,0,0,0,400000000000,-1,0
0.09464,2,-1,WAIT_RELEASE,0,0,0,400000000000,-1,0
0.09464,3,-1,WAIT_RELEASE,0,0,0,400000000000,-1,0
0.09466,0,0,INJECTING,3215484522,3215484522,7510451818,320000000000,-1,0
0.09466,1,-1,WAIT_RELEASE,0,0,0,400000000000,-1,0
0.09466,2,-1,WAIT_RELEASE,0,0,0,400000000000,-1,0
0.09466,3,-1,WAIT_RELEASE,0,0,0,400000000000,-1,0
0.09468,0,0,INJECTING,3215484522,3215484522,7510451818,320000000000,-1,0
0.09468,1,-1,WAIT_RELEASE,0,0,0,400000000000,-1,0
0.09468,2,-1,WAIT_RELEASE,0,0,0,400000000000,-1,0
0.09468,3,-1,WAIT_RELEASE,0,0,0,400000000000,-1,0
0.0947,0,0,INJECTING,3215484522,3215484522,7510451818,320000000000,-1,0
0.0947,1,-1,WAIT_RELEASE,0,0,0,400000000000,-1,0
0.0947,2,-1,WAIT_RELEASE,0,0,0,400000000000,-1,0
0.0947,3,-1,WAIT_RELEASE,0,0,0,400000000000,-1,0
0.09472,0,0,INJECTING,3215484522,3215484522,7510451818,320000000000,-1,0
0.09472,1,-1,WAIT_RELEASE,0,0,0,400000000000,-1,0
0.09472,2,-1,WAIT_RELEASE,0,0,0,400000000000,-1,0
0.09472,3,-1,WAIT_RELEASE,0,0,0,400000000000,-1,0
0.09474,0,0,INJECTING,3215484522,3215484522,7510451818,320000000000,-1,0
0.09474,1,-1,WAIT_RELEASE,0,0,0,400000000000,-1,0
0.09474,2,-1,WAIT_RELEASE,0,0,0,400000000000,-1,0
0.09474,3,-1,WAIT_RELEASE,0,0,0,400000000000,-1,0
0.09476,0,0,INJECTING,3215484522,3215484522,7510451818,320000000000,-1,0
0.09476,1,-1,WAIT_RELEASE,0,0,0,400000000000,-1,0
0.09476,2,-1,WAIT_RELEASE,0,0,0,400000000000,-1,0
0.09476,3,-1,WAIT_RELEASE,0,0,0,400000000000,-1,0
0.09478,0,0,INJECTING,3215484522,3215484522,7510451818,320000000000,-1,0
0.09478,1,-1,WAIT_RELEASE,0,0,0,400000000000,-1,0
0.09478,2,-1,WAIT_RELEASE,0,0,0,400000000000,-1,0
0.09478,3,-1,WAIT_RELEASE,0,0,0,400000000000,-1,0
0.0948,0,0,INJECTING,3215484522,3215484522,7510451818,320000000000,-1,0
0.0948,1,-1,WAIT_RELEASE,0,0,0,400000000000,-1,0
0.0948,2,-1,WAIT_RELEASE,0,0,0,400000000000,-1,0
0.0948,3,-1,WAIT_RELEASE,0,0,0,400000000000,-1,0
0.09482,0,0,INJECTING,3215484522,3215484522,7510451818,320000000000,-1,0
0.09482,1,-1,WAIT_RELEASE,0,0,0,400000000000,-1,0
0.09482,2,-1,WAIT_RELEASE,0,0,0,400000000000,-1,0
0.09482,3,-1,WAIT_RELEASE,0,0,0,400000000000,-1,0
0.09484,0,0,INJECTING,3215484522,3215484522,7510451818,320000000000,-1,0
0.09484,1,-1,WAIT_RELEASE,0,0,0,400000000000,-1,0
0.09484,2,-1,WAIT_RELEASE,0,0,0,400000000000,-1,0
0.09484,3,-1,WAIT_RELEASE,0,0,0,400000000000,-1,0
0.09486,0,0,INJECTING,3215484522,3215484522,7510451818,320000000000,-1,0
0.09486,1,-1,WAIT_RELEASE,0,0,0,400000000000,-1,0
0.09486,2,-1,WAIT_RELEASE,0,0,0,400000000000,-1,0
0.09486,3,-1,WAIT_RELEASE,0,0,0,400000000000,-1,0
0.09488,0,0,INJECTING,3215484522,3215484522,7510451818,320000000000,-1,0
0.09488,1,-1,WAIT_RELEASE,0,0,0,400000000000,-1,0
0.09488,2,-1,WAIT_RELEASE,0,0,0,400000000000,-1,0
0.09488,3,-1,WAIT_RELEASE,0,0,0,400000000000,-1,0
0.0949,0,0,INJECTING,3215484522,3215484522,7510451818,320000000000,-1,0
0.0949,1,-1,WAIT_RELEASE,0,0,0,400000000000,-1,0
0.0949,2,-1,WAIT_RELEASE,0,0,0,400000000000,-1,0
0.0949,3,-1,WAIT_RELEASE,0,0,0,400000000000,-1,0
0.09492,0,0,INJECTING,3215484522,3215484522,7510451818,320000000000,-1,0
0.09492,1,-1,WAIT_RELEASE,0,0,0,400000000000,-1,0
0.09492,2,-1,WAIT_RELEASE,0,0,0,400000000000,-1,0
0.09492,3,-1,WAIT_RELEASE,0,0,0,400000000000,-1,0
0.09494,0,0,INJECTING,3215484522,3215484522,7510451818,320000000000,-1,0
0.09494,1,-1,WAIT_RELEASE,0,0,0,400000000000,-1,0
0.09494,2,-1,WAIT_RELEASE,0,0,0,400000000000,-1,0
0.09494,3,-1,WAIT_RELEASE,0,0,0,400000000000,-1,0
0.09496,0,0,INJECTING,3215484522,3215484522,7510451818,320000000000,-1,0
0.09496,1,-1,WAIT_RELEASE,0,0,0,400000000000,-1,0
0.09496,2,-1,WAIT_RELEASE,0,0,0,400000000000,-1,0
0.09496,3,-1,WAIT_RELEASE,0,0,0,400000000000,-1,0
0.09498,0,0,INJECTING,3215484522,3215484522,7510451818,320000000000,-1,0
0.09498,1,-1,WAIT_RELEASE,0,0,0,400000000000,-1,0
0.09498,2,-1,WAIT_RELEASE,0,0,0,400000000000,-1,0
0.09498,3,-1,WAIT_RELEASE,0,0,0,400000000000,-1,0
0.095,0,0,INJECTING,3215484522,3215484522,7510451818,320000000000,-1,0
0.095,1,-1,WAIT_RELEASE,0,0,0,400000000000,-1,0
0.095,2,-1,WAIT_RELEASE,0,0,0,400000000000,-1,0
0.095,3,-1,WAIT_RELEASE,0,0,0,400000000000,-1,0
0.09502,0,0,INJECTING,3215484522,3215484522,7510451818,320000000000,-1,0
0.09502,1,-1,WAIT_RELEASE,0,0,0,400000000000,-1,0
0.09502,2,-1,WAIT_RELEASE,0,0,0,400000000000,-1,0
0.09502,3,-1,WAIT_RELEASE,0,0,0,400000000000,-1,0
0.09504,0,0,INJECTING,3215484522,3215484522,7510451818,320000000000,-1,0
0.09504,1,-1,WAIT_RELEASE,0,0,0,400000000000,-1,0
0.09504,2,-1,WAIT_RELEASE,0,0,0,400000000000,-1,0
0.09504,3,-1,WAIT_RELEASE,0,0,0,400000000000,-1,0
0.09506,0,0,INJECTING,3215484522,3215484522,7510451818,320000000000,-1,0
0.09506,1,-1,WAIT_RELEASE,0,0,0,400000000000,-1,0
0.09506,2,-1,WAIT_RELEASE,0,0,0,400000000000,-1,0
0.09506,3,-1,WAIT_RELEASE,0,0,0,400000000000,-1,0
0.09508,0,0,INJECTING,3215484522,3215484522,7510451818,320000000000,-1,0
0.09508,1,-1,WAIT_RELEASE,0,0,0,400000000000,-1,0
0.09508,2,-1,WAIT_RELEASE,0,0,0,400000000000,-1,0
0.09508,3,-1,WAIT_RELEASE,0,0,0,400000000000,-1,0
0.0951,0,0,INJECTING,3215484522,3215484522,7510451818,320000000000,-1,0
0.0951,1,-1,WAIT_RELEASE,0,0,0,400000000000,-1,0
0.0951,2,-1,WAIT_RELEASE,0,0,0,400000000000,-1,0
0.0951,3,-1,WAIT_RELEASE,0,0,0,400000000000,-1,0
0.09512,0,0,INJECTING,3215484522,3215484522,7510451818,320000000000,-1,0
0.09512,1,-1,WAIT_RELEASE,0,0,0,400000000000,-1,0
0.09512,2,-1,WAIT_RELEASE,0,0,0,400000000000,-1,0
0.09512,3,-1,WAIT_RELEASE,0,0,0,400000000000,-1,0
0.09514,0,0,INJECTING,3215484522,3215484522,7510451818,320000000000,-1,0
0.09514,1,-1,WAIT_RELEASE,0,0,0,400000000000,-1,0
0.09514,2,-1,WAIT_RELEASE,0,0,0,400000000000,-1,0
0.09514,3,-1,WAIT_RELEASE,0,0,0,400000000000,-1,0
0.09516,0,0,INJECTING,3215484522,3215484522,7510451818,320000000000,-1,0
0.09516,1,-1,WAIT_RELEASE,0,0,0,400000000000,-1,0
0.09516,2,-1,WAIT_RELEASE,0,0,0,400000000000,-1,0
0.09516,3,-1,WAIT_RELEASE,0,0,0,400000000000,-1,0
0.09518,0,0,INJECTING,3215484522,3215484522,7510451818,320000000000,-1,0
0.09518,1,-1,WAIT_RELEASE,0,0,0,400000000000,-1,0
0.09518,2,-1,WAIT_RELEASE,0,0,0,400000000000,-1,0
0.09518,3,-1,WAIT_RELEASE,0,0,0,400000000000,-1,0
0.0952,0,0,INJECTING,3215484522,3215484522,7510451818,320000000000,-1,0
0.0952,1,-1,WAIT_RELEASE,0,0,0,400000000000,-1,0
0.0952,2,-1,WAIT_RELEASE,0,0,0,400000000000,-1,0
0.0952,3,-1,WAIT_RELEASE,0,0,0,400000000000,-1,0
0.09522,0,0,INJECTING,3215484522,3215484522,7510451818,320000000000,-1,0
0.09522,1,-1,WAIT_RELEASE,0,0,0,400000000000,-1,0
0.09522,2,-1,WAIT_RELEASE,0,0,0,400000000000,-1,0
0.09522,3,-1,WAIT_RELEASE,0,0,0,400000000000,-1,0
0.09524,0,0,INJECTING,3215484522,3215484522,7510451818,320000000000,-1,0
0.09524,1,-1,WAIT_RELEASE,0,0,0,400000000000,-1,0
0.09524,2,-1,WAIT_RELEASE,0,0,0,400000000000,-1,0
0.09524,3,-1,WAIT_RELEASE,0,0,0,400000000000,-1,0
0.09526,0,0,INJECTING,3215484522,3215484522,7510451818,320000000000,-1,0
0.09526,1,-1,WAIT_RELEASE,0,0,0,400000000000,-1,0
0.09526,2,-1,WAIT_RELEASE,0,0,0,400000000000,-1,0
0.09526,3,-1,WAIT_RELEASE,0,0,0,400000000000,-1,0
0.09528,0,0,INJECTING,3215484522,3215484522,7510451818,320000000000,-1,0
0.09528,1,-1,WAIT_RELEASE,0,0,0,400000000000,-1,0
0.09528,2,-1,WAIT_RELEASE,0,0,0,400000000000,-1,0
0.09528,3,-1,WAIT_RELEASE,0,0,0,400000000000,-1,0
0.0953,0,0,INJECTING,3215484522,3215484522,7510451818,320000000000,-1,0
0.0953,1,-1,WAIT_RELEASE,0,0,0,400000000000,-1,0
0.0953,2,-1,WAIT_RELEASE,0,0,0,400000000000,-1,0
0.0953,3,-1,WAIT_RELEASE,0,0,0,400000000000,-1,0
0.09532,0,0,INJECTING,3215484522,3215484522,7510451818,320000000000,-1,0
0.09532,1,-1,WAIT_RELEASE,0,0,0,400000000000,-1,0
0.09532,2,-1,WAIT_RELEASE,0,0,0,400000000000,-1,0
0.09532,3,-1,WAIT_RELEASE,0,0,0,400000000000,-1,0
0.09534,0,0,INJECTING,3215484522,3215484522,7510451818,320000000000,-1,0
0.09534,1,-1,WAIT_RELEASE,0,0,0,400000000000,-1,0
0.09534,2,-1,WAIT_RELEASE,0,0,0,400000000000,-1,0
0.09534,3,-1,WAIT_RELEASE,0,0,0,400000000000,-1,0
0.09536,0,0,INJECTING,3215484522,3215484522,7510451818,320000000000,-1,0
0.09536,1,-1,WAIT_RELEASE,0,0,0,400000000000,-1,0
0.09536,2,-1,WAIT_RELEASE,0,0,0,400000000000,-1,0
0.09536,3,-1,WAIT_RELEASE,0,0,0,400000000000,-1,0
0.09538,0,0,INJECTING,3215484522,3215484522,7510451818,320000000000,-1,0
0.09538,1,-1,WAIT_RELEASE,0,0,0,400000000000,-1,0
0.09538,2,-1,WAIT_RELEASE,0,0,0,400000000000,-1,0
0.09538,3,-1,WAIT_RELEASE,0,0,0,400000000000,-1,0
0.0954,0,0,INJECTING,3215484522,3215484522,7510451818,320000000000,-1,0
0.0954,1,-1,WAIT_RELEASE,0,0,0,400000000000,-1,0
0.0954,2,-1,WAIT_RELEASE,0,0,0,400000000000,-1,0
0.0954,3,-1,WAIT_RELEASE,0,0,0,400000000000,-1,0
0.09542,0,0,INJECTING,3215484522,3215484522,7510451818,320000000000,-1,0
0.09542,1,-1,WAIT_RELEASE,0,0,0,400000000000,-1,0
0.09542,2,-1,WAIT_RELEASE,0,0,0,400000000000,-1,0
0.09542,3,-1,WAIT_RELEASE,0,0,0,400000000000,-1,0
0.09544,0,0,INJECTING,3215484522,3215484522,7510451818,320000000000,-1,0
0.09544,1,-1,WAIT_RELEASE,0,0,0,400000000000,-1,0
0.09544,2,-1,WAIT_RELEASE,0,0,0,400000000000,-1,0
0.09544,3,-1,WAIT_RELEASE,0,0,0,400000000000,-1,0
0.09546,0,0,INJECTING,3215484522,3215484522,7510451818,320000000000,-1,0
0.09546,1,-1,WAIT_RELEASE,0,0,0,400000000000,-1,0
0.09546,2,-1,WAIT_RELEASE,0,0,0,400000000000,-1,0
0.09546,3,-1,WAIT_RELEASE,0,0,0,400000000000,-1,0
0.09548,0,0,INJECTING,3215484522,3215484522,7510451818,320000000000,-1,0
0.09548,1,-1,WAIT_RELEASE,0,0,0,400000000000,-1,0
0.09548,2,-1,WAIT_RELEASE,0,0,0,400000000000,-1,0
0.09548,3,-1,WAIT_RELEASE,0,0,0,400000000000,-1,0
0.0955,0,0,INJECTING,3215484522,3215484522,7510451818,320000000000,-1,0
0.0955,1,-1,WAIT_RELEASE,0,0,0,400000000000,-1,0
0.0955,2,-1,WAIT_RELEASE,0,0,0,400000000000,-1,0
0.0955,3,-1,WAIT_RELEASE,0,0,0,400000000000,-1,0
0.09552,0,0,INJECTING,3215484522,3215484522,7510451818,320000000000,-1,0
0.09552,1,-1,WAIT_RELEASE,0,0,0,400000000000,-1,0
0.09552,2,-1,WAIT_RELEASE,0,0,0,400000000000,-1,0
0.09552,3,-1,WAIT_RELEASE,0,0,0,400000000000,-1,0
0.09554,0,0,INJECTING,3215484522,3215484522,7510451818,320000000000,-1,0
0.09554,1,-1,WAIT_RELEASE,0,0,0,400000000000,-1,0
0.09554,2,-1,WAIT_RELEASE,0,0,0,400000000000,-1,0
0.09554,3,-1,WAIT_RELEASE,0,0,0,400000000000,-1,0
0.09556,0,0,INJECTING,3215484522,3215484522,7510451818,320000000000,-1,0
0.09556,1,-1,WAIT_RELEASE,0,0,0,400000000000,-1,0
0.09556,2,-1,WAIT_RELEASE,0,0,0,400000000000,-1,0
0.09556,3,-1,WAIT_RELEASE,0,0,0,400000000000,-1,0
0.09558,0,0,INJECTING,3215484522,3215484522,7510451818,320000000000,-1,0
0.09558,1,-1,WAIT_RELEASE,0,0,0,400000000000,-1,0
0.09558,2,-1,WAIT_RELEASE,0,0,0,400000000000,-1,0
0.09558,3,-1,WAIT_RELEASE,0,0,0,400000000000,-1,0
0.0956,0,0,INJECTING,3215484522,3215484522,7510451818,320000000000,-1,0
0.0956,1,-1,WAIT_RELEASE,0,0,0,400000000000,-1,0
0.0956,2,-1,WAIT_RELEASE,0,0,0,400000000000,-1,0
0.0956,3,-1,WAIT_RELEASE,0,0,0,400000000000,-1,0
0.09562,0,0,INJECTING,3215484522,3215484522,7510451818,320000000000,-1,0
0.09562,1,-1,WAIT_RELEASE,0,0,0,400000000000,-1,0
0.09562,2,-1,WAIT_RELEASE,0,0,0,400000000000,-1,0
0.09562,3,-1,WAIT_RELEASE,0,0,0,400000000000,-1,0
0.09564,0,0,INJECTING,3215484522,3215484522,7510451818,320000000000,-1,0
0.09564,1,-1,WAIT_RELEASE,0,0,0,400000000000,-1,0
0.09564,2,-1,WAIT_RELEASE,0,0,0,400000000000,-1,0
0.09564,3,-1,WAIT_RELEASE,0,0,0,400000000000,-1,0
0.09566,0,0,INJECTING,3215484522,3215484522,7510451818,320000000000,-1,0
0.09566,1,-1,WAIT_RELEASE,0,0,0,400000000000,-1,0
0.09566,2,-1,WAIT_RELEASE,0,0,0,400000000000,-1,0
0.09566,3,-1,WAIT_RELEASE,0,0,0,400000000000,-1,0
0.09568,0,0,INJECTING,3215484522,3215484522,7510451818,320000000000,-1,0
0.09568,1,-1,WAIT_RELEASE,0,0,0,400000000000,-1,0
0.09568,2,-1,WAIT_RELEASE,0,0,0,400000000000,-1,0
0.09568,3,-1,WAIT_RELEASE,0,0,0,400000000000,-1,0
0.0957,0,0,INJECTING,3215484522,3215484522,7510451818,320000000000,-1,0
0.0957,1,-1,WAIT_RELEASE,0,0,0,400000000000,-1,0
0.0957,2,-1,WAIT_RELEASE,0,0,0,400000000000,-1,0
0.0957,3,-1,WAIT_RELEASE,0,0,0,400000000000,-1,0
0.09572,0,0,INJECTING,3215484522,3215484522,7510451818,320000000000,-1,0
0.09572,1,-1,WAIT_RELEASE,0,0,0,400000000000,-1,0
0.09572,2,-1,WAIT_RELEASE,0,0,0,400000000000,-1,0
0.09572,3,-1,WAIT_RELEASE,0,0,0,400000000000,-1,0
0.09574,0,0,INJECTING,3215484522,3215484522,7510451818,320000000000,-1,0
0.09574,1,-1,WAIT_RELEASE,0,0,0,400000000000,-1,0
0.09574,2,-1,WAIT_RELEASE,0,0,0,400000000000,-1,0
0.09574,3,-1,WAIT_RELEASE,0,0,0,400000000000,-1,0
0.09576,0,0,INJECTING,3215484522,3215484522,7510451818,320000000000,-1,0
0.09576,1,-1,WAIT_RELEASE,0,0,0,400000000000,-1,0
0.09576,2,-1,WAIT_RELEASE,0,0,0,400000000000,-1,0
0.09576,3,-1,WAIT_RELEASE,0,0,0,400000000000,-1,0
0.09578,0,0,INJECTING,3215484522,3215484522,7510451818,320000000000,-1,0
0.09578,1,-1,WAIT_RELEASE,0,0,0,400000000000,-1,0
0.09578,2,-1,WAIT_RELEASE,0,0,0,400000000000,-1,0
0.09578,3,-1,WAIT_RELEASE,0,0,0,400000000000,-1,0
0.0958,0,0,INJECTING,3215484522,3215484522,7510451818,320000000000,-1,0
0.0958,1,-1,WAIT_RELEASE,0,0,0,400000000000,-1,0
0.0958,2,-1,WAIT_RELEASE,0,0,0,400000000000,-1,0
0.0958,3,-1,WAIT_RELEASE,0,0,0,400000000000,-1,0
0.09582,0,0,INJECTING,3215484522,3215484522,7510451818,320000000000,-1,0
0.09582,1,-1,WAIT_RELEASE,0,0,0,400000000000,-1,0
0.09582,2,-1,WAIT_RELEASE,0,0,0,400000000000,-1,0
0.09582,3,-1,WAIT_RELEASE,0,0,0,400000000000,-1,0
0.09584,0,0,INJECTING,3215484522,3215484522,7510451818,320000000000,-1,0
0.09584,1,-1,WAIT_RELEASE,0,0,0,400000000000,-1,0
0.09584,2,-1,WAIT_RELEASE,0,0,0,400000000000,-1,0
0.09584,3,-1,WAIT_RELEASE,0,0,0,400000000000,-1,0
0.09586,0,0,INJECTING,3215484522,3215484522,7510451818,320000000000,-1,0
0.09586,1,-1,WAIT_RELEASE,0,0,0,400000000000,-1,0
0.09586,2,-1,WAIT_RELEASE,0,0,0,400000000000,-1,0
0.09586,3,-1,WAIT_RELEASE,0,0,0,400000000000,-1,0
0.09588,0,0,INJECTING,3215484522,3215484522,7510451818,320000000000,-1,0
0.09588,1,-1,WAIT_RELEASE,0,0,0,400000000000,-1,0
0.09588,2,-1,WAIT_RELEASE,0,0,0,400000000000,-1,0
0.09588,3,-1,WAIT_RELEASE,0,0,0,400000000000,-1,0
0.0959,0,0,INJECTING,3215484522,3215484522,7510451818,320000000000,-1,0
0.0959,1,-1,WAIT_RELEASE,0,0,0,400000000000,-1,0
0.0959,2,-1,WAIT_RELEASE,0,0,0,400000000000,-1,0
0.0959,3,-1,WAIT_RELEASE,0,0,0,400000000000,-1,0
0.09592,0,0,INJECTING,3215484522,3215484522,7510451818,320000000000,-1,0
0.09592,1,-1,WAIT_RELEASE,0,0,0,400000000000,-1,0
0.09592,2,-1,WAIT_RELEASE,0,0,0,400000000000,-1,0
0.09592,3,-1,WAIT_RELEASE,0,0,0,400000000000,-1,0
0.09594,0,0,INJECTING,3215484522,3215484522,7510451818,320000000000,-1,0
0.09594,1,-1,WAIT_RELEASE,0,0,0,400000000000,-1,0
0.09594,2,-1,WAIT_RELEASE,0,0,0,400000000000,-1,0
0.09594,3,-1,WAIT_RELEASE,0,0,0,400000000000,-1,0
0.09596,0,0,INJECTING,3215484522,3215484522,7510451818,320000000000,-1,0
0.09596,1,-1,WAIT_RELEASE,0,0,0,400000000000,-1,0
0.09596,2,-1,WAIT_RELEASE,0,0,0,400000000000,-1,0
0.09596,3,-1,WAIT_RELEASE,0,0,0,400000000000,-1,0
0.09598,0,0,INJECTING,3215484522,3215484522,7510451818,320000000000,-1,0
0.09598,1,-1,WAIT_RELEASE,0,0,0,400000000000,-1,0
0.09598,2,-1,WAIT_RELEASE,0,0,0,400000000000,-1,0
0.09598,3,-1,WAIT_RELEASE,0,0,0,400000000000,-1,0
0.096,0,0,INJECTING,3215484522,3215484522,7510451818,320000000000,-1,0
0.096,1,-1,WAIT_RELEASE,0,0,0,400000000000,-1,0
0.096,2,-1,WAIT_RELEASE,0,0,0,400000000000,-1,0
0.096,3,-1,WAIT_RELEASE,0,0,0,400000000000,-1,0
0.09602,0,0,INJECTING,3215484522,3215484522,7510451818,320000000000,-1,0
0.09602,1,-1,WAIT_RELEASE,0,0,0,400000000000,-1,0
0.09602,2,-1,WAIT_RELEASE,0,0,0,400000000000,-1,0
0.09602,3,-1,WAIT_RELEASE,0,0,0,400000000000,-1,0
0.09604,0,0,INJECTING,3215484522,3215484522,7510451818,320000000000,-1,0
0.09604,1,-1,WAIT_RELEASE,0,0,0,400000000000,-1,0
0.09604,2,-1,WAIT_RELEASE,0,0,0,400000000000,-1,0
0.09604,3,-1,WAIT_RELEASE,0,0,0,400000000000,-1,0
0.09606,0,0,INJECTING,3215484522,3215484522,7510451818,320000000000,-1,0
0.09606,1,-1,WAIT_RELEASE,0,0,0,400000000000,-1,0
0.09606,2,-1,WAIT_RELEASE,0,0,0,400000000000,-1,0
0.09606,3,-1,WAIT_RELEASE,0,0,0,400000000000,-1,0
0.09608,0,0,INJECTING,3215484522,3215484522,7510451818,320000000000,-1,0
0.09608,1,-1,WAIT_RELEASE,0,0,0,400000000000,-1,0
0.09608,2,-1,WAIT_RELEASE,0,0,0,400000000000,-1,0
0.09608,3,-1,WAIT_RELEASE,0,0,0,400000000000,-1,0
0.0961,0,0,INJECTING,3215484522,3215484522,7510451818,320000000000,-1,0
0.0961,1,-1,WAIT_RELEASE,0,0,0,400000000000,-1,0
0.0961,2,-1,WAIT_RELEASE,0,0,0,400000000000,-1,0
0.0961,3,-1,WAIT_RELEASE,0,0,0,400000000000,-1,0
0.09612,0,0,INJECTING,3215484522,3215484522,7510451818,320000000000,-1,0
0.09612,1,-1,WAIT_RELEASE,0,0,0,400000000000,-1,0
0.09612,2,-1,WAIT_RELEASE,0,0,0,400000000000,-1,0
0.09612,3,-1,WAIT_RELEASE,0,0,0,400000000000,-1,0
0.09614,0,0,INJECTING,3215484522,3215484522,7510451818,320000000000,-1,0
0.09614,1,-1,WAIT_RELEASE,0,0,0,400000000000,-1,0
0.09614,2,-1,WAIT_RELEASE,0,0,0,400000000000,-1,0
0.09614,3,-1,WAIT_RELEASE,0,0,0,400000000000,-1,0
0.09616,0,0,INJECTING,3215484522,3215484522,7510451818,320000000000,-1,0
0.09616,1,-1,WAIT_RELEASE,0,0,0,400000000000,-1,0
0.09616,2,-1,WAIT_RELEASE,0,0,0,400000000000,-1,0
0.09616,3,-1,WAIT_RELEASE,0,0,0,400000000000,-1,0
0.09618,0,0,INJECTING,3215484522,3215484522,7510451818,320000000000,-1,0
0.09618,1,-1,WAIT_RELEASE,0,0,0,400000000000,-1,0
0.09618,2,-1,WAIT_RELEASE,0,0,0,400000000000,-1,0
0.09618,3,-1,WAIT_RELEASE,0,0,0,400000000000,-1,0
0.0962,0,0,INJECTING,3215484522,3215484522,7510451818,320000000000,-1,0
0.0962,1,-1,WAIT_RELEASE,0,0,0,400000000000,-1,0
0.0962,2,-1,WAIT_RELEASE,0,0,0,400000000000,-1,0
0.0962,3,-1,WAIT_RELEASE,0,0,0,400000000000,-1,0
0.09622,0,0,INJECTING,3215484522,3215484522,7510451818,320000000000,-1,0
0.09622,1,-1,WAIT_RELEASE,0,0,0,400000000000,-1,0
0.09622,2,-1,WAIT_RELEASE,0,0,0,400000000000,-1,0
0.09622,3,-1,WAIT_RELEASE,0,0,0,400000000000,-1,0
0.09624,0,0,INJECTING,3215484522,3215484522,7510451818,320000000000,-1,0
0.09624,1,-1,WAIT_RELEASE,0,0,0,400000000000,-1,0
0.09624,2,-1,WAIT_RELEASE,0,0,0,400000000000,-1,0
0.09624,3,-1,WAIT_RELEASE,0,0,0,400000000000,-1,0
0.09626,0,0,INJECTING,3215484522,3215484522,7510451818,320000000000,-1,0
0.09626,1,-1,WAIT_RELEASE,0,0,0,400000000000,-1,0
0.09626,2,-1,WAIT_RELEASE,0,0,0,400000000000,-1,0
0.09626,3,-1,WAIT_RELEASE,0,0,0,400000000000,-1,0
0.09628,0,0,INJECTING,3215484522,3215484522,7510451818,320000000000,-1,0
0.09628,1,-1,WAIT_RELEASE,0,0,0,400000000000,-1,0
0.09628,2,-1,WAIT_RELEASE,0,0,0,400000000000,-1,0
0.09628,3,-1,WAIT_RELEASE,0,0,0,400000000000,-1,0
0.0963,0,0,INJECTING,3215484522,3215484522,7510451818,320000000000,-1,0
0.0963,1,-1,WAIT_RELEASE,0,0,0,400000000000,-1,0
0.0963,2,-1,WAIT_RELEASE,0,0,0,400000000000,-1,0
0.0963,3,-1,WAIT_RELEASE,0,0,0,400000000000,-1,0
0.09632,0,0,INJECTING,3215484522,3215484522,7510451818,320000000000,-1,0
0.09632,1,-1,WAIT_RELEASE,0,0,0,400000000000,-1,0
0.09632,2,-1,WAIT_RELEASE,0,0,0,400000000000,-1,0
0.09632,3,-1,WAIT_RELEASE,0,0,0,400000000000,-1,0
0.09634,0,0,INJECTING,3215484522,3215484522,7510451818,320000000000,-1,0
0.09634,1,-1,WAIT_RELEASE,0,0,0,400000000000,-1,0
0.09634,2,-1,WAIT_RELEASE,0,0,0,400000000000,-1,0
0.09634,3,-1,WAIT_RELEASE,0,0,0,400000000000,-1,0
0.09636,0,0,INJECTING,3215484522,3215484522,7510451818,320000000000,-1,0
0.09636,1,-1,WAIT_RELEASE,0,0,0,400000000000,-1,0
0.09636,2,-1,WAIT_RELEASE,0,0,0,400000000000,-1,0
0.09636,3,-1,WAIT_RELEASE,0,0,0,400000000000,-1,0
0.09638,0,0,INJECTING,3215484522,3215484522,7510451818,320000000000,-1,0
0.09638,1,-1,WAIT_RELEASE,0,0,0,400000000000,-1,0
0.09638,2,-1,WAIT_RELEASE,0,0,0,400000000000,-1,0
0.09638,3,-1,WAIT_RELEASE,0,0,0,400000000000,-1,0
0.0964,0,0,INJECTING,3215484522,3215484522,7510451818,320000000000,-1,0
0.0964,1,-1,WAIT_RELEASE,0,0,0,400000000000,-1,0
0.0964,2,-1,WAIT_RELEASE,0,0,0,400000000000,-1,0
0.0964,3,-1,WAIT_RELEASE,0,0,0,400000000000,-1,0
0.09642,0,0,INJECTING,3215484522,3215484522,7510451818,320000000000,-1,0
0.09642,1,-1,WAIT_RELEASE,0,0,0,400000000000,-1,0
0.09642,2,-1,WAIT_RELEASE,0,0,0,400000000000,-1,0
0.09642,3,-1,WAIT_RELEASE,0,0,0,400000000000,-1,0
0.09644,0,0,INJECTING,3215484522,3215484522,7510451818,320000000000,-1,0
0.09644,1,-1,WAIT_RELEASE,0,0,0,400000000000,-1,0
0.09644,2,-1,WAIT_RELEASE,0,0,0,400000000000,-1,0
0.09644,3,-1,WAIT_RELEASE,0,0,0,400000000000,-1,0
0.09646,0,0,INJECTING,3215484522,3215484522,7510451818,320000000000,-1,0
0.09646,1,-1,WAIT_RELEASE,0,0,0,400000000000,-1,0
0.09646,2,-1,WAIT_RELEASE,0,0,0,400000000000,-1,0
0.09646,3,-1,WAIT_RELEASE,0,0,0,400000000000,-1,0
0.09648,0,0,INJECTING,3215484522,3215484522,7510451818,320000000000,-1,0
0.09648,1,-1,WAIT_RELEASE,0,0,0,400000000000,-1,0
0.09648,2,-1,WAIT_RELEASE,0,0,0,400000000000,-1,0
0.09648,3,-1,WAIT_RELEASE,0,0,0,400000000000,-1,0
0.0965,0,0,INJECTING,3215484522,3215484522,7510451818,320000000000,-1,0
0.0965,1,-1,WAIT_RELEASE,0,0,0,400000000000,-1,0
0.0965,2,-1,WAIT_RELEASE,0,0,0,400000000000,-1,0
0.0965,3,-1,WAIT_RELEASE,0,0,0,400000000000,-1,0
0.09652,0,0,INJECTING,3215484522,3215484522,7510451818,320000000000,-1,0
0.09652,1,-1,WAIT_RELEASE,0,0,0,400000000000,-1,0
0.09652,2,-1,WAIT_RELEASE,0,0,0,400000000000,-1,0
0.09652,3,-1,WAIT_RELEASE,0,0,0,400000000000,-1,0
0.09654,0,0,INJECTING,3215484522,3215484522,7510451818,320000000000,-1,0
0.09654,1,-1,WAIT_RELEASE,0,0,0,400000000000,-1,0
0.09654,2,-1,WAIT_RELEASE,0,0,0,400000000000,-1,0
0.09654,3,-1,WAIT_RELEASE,0,0,0,400000000000,-1,0
0.09656,0,0,INJECTING,3215484522,3215484522,7510451818,320000000000,-1,0
0.09656,1,-1,WAIT_RELEASE,0,0,0,400000000000,-1,0
0.09656,2,-1,WAIT_RELEASE,0,0,0,400000000000,-1,0
0.09656,3,-1,WAIT_RELEASE,0,0,0,400000000000,-1,0
0.09658,0,0,INJECTING,3215484522,3215484522,7510451818,320000000000,-1,0
0.09658,1,-1,WAIT_RELEASE,0,0,0,400000000000,-1,0
0.09658,2,-1,WAIT_RELEASE,0,0,0,400000000000,-1,0
0.09658,3,-1,WAIT_RELEASE,0,0,0,400000000000,-1,0
0.0966,0,0,INJECTING,3215484522,3215484522,7510451818,320000000000,-1,0
0.0966,1,-1,WAIT_RELEASE,0,0,0,400000000000,-1,0
0.0966,2,-1,WAIT_RELEASE,0,0,0,400000000000,-1,0
0.0966,3,-1,WAIT_RELEASE,0,0,0,400000000000,-1,0
0.09662,0,0,INJECTING,3215484522,3215484522,7510451818,320000000000,-1,0
0.09662,1,-1,WAIT_RELEASE,0,0,0,400000000000,-1,0
0.09662,2,-1,WAIT_RELEASE,0,0,0,400000000000,-1,0
0.09662,3,-1,WAIT_RELEASE,0,0,0,400000000000,-1,0
0.09664,0,0,INJECTING,3215484522,3215484522,7510451818,320000000000,-1,0
0.09664,1,-1,WAIT_RELEASE,0,0,0,400000000000,-1,0
0.09664,2,-1,WAIT_RELEASE,0,0,0,400000000000,-1,0
0.09664,3,-1,WAIT_RELEASE,0,0,0,400000000000,-1,0
0.09666,0,0,INJECTING,3215484522,3215484522,7510451818,320000000000,-1,0
0.09666,1,-1,WAIT_RELEASE,0,0,0,400000000000,-1,0
0.09666,2,-1,WAIT_RELEASE,0,0,0,400000000000,-1,0
0.09666,3,-1,WAIT_RELEASE,0,0,0,400000000000,-1,0
0.09668,0,0,INJECTING,3215484522,3215484522,7510451818,320000000000,-1,0
0.09668,1,-1,WAIT_RELEASE,0,0,0,400000000000,-1,0
0.09668,2,-1,WAIT_RELEASE,0,0,0,400000000000,-1,0
0.09668,3,-1,WAIT_RELEASE,0,0,0,400000000000,-1,0
0.0967,0,0,INJECTING,3215484522,3215484522,7510451818,320000000000,-1,0
0.0967,1,-1,WAIT_RELEASE,0,0,0,400000000000,-1,0
0.0967,2,-1,WAIT_RELEASE,0,0,0,400000000000,-1,0
0.0967,3,-1,WAIT_RELEASE,0,0,0,400000000000,-1,0
0.09672,0,0,INJECTING,3215484522,3215484522,7510451818,320000000000,-1,0
0.09672,1,-1,WAIT_RELEASE,0,0,0,400000000000,-1,0
0.09672,2,-1,WAIT_RELEASE,0,0,0,400000000000,-1,0
0.09672,3,-1,WAIT_RELEASE,0,0,0,400000000000,-1,0
0.09674,0,0,INJECTING,3215484522,3215484522,7510451818,320000000000,-1,0
0.09674,1,-1,WAIT_RELEASE,0,0,0,400000000000,-1,0
0.09674,2,-1,WAIT_RELEASE,0,0,0,400000000000,-1,0
0.09674,3,-1,WAIT_RELEASE,0,0,0,400000000000,-1,0
0.09676,0,0,INJECTING,3215484522,3215484522,7510451818,320000000000,-1,0
0.09676,1,-1,WAIT_RELEASE,0,0,0,400000000000,-1,0
0.09676,2,-1,WAIT_RELEASE,0,0,0,400000000000,-1,0
0.09676,3,-1,WAIT_RELEASE,0,0,0,400000000000,-1,0
0.09678,0,0,INJECTING,3215484522,3215484522,7510451818,320000000000,-1,0
0.09678,1,-1,WAIT_RELEASE,0,0,0,400000000000,-1,0
0.09678,2,-1,WAIT_RELEASE,0,0,0,400000000000,-1,0
0.09678,3,-1,WAIT_RELEASE,0,0,0,400000000000,-1,0
0.0968,0,0,INJECTING,3215484522,3215484522,7510451818,320000000000,-1,0
0.0968,1,-1,WAIT_RELEASE,0,0,0,400000000000,-1,0
0.0968,2,-1,WAIT_RELEASE,0,0,0,400000000000,-1,0
0.0968,3,-1,WAIT_RELEASE,0,0,0,400000000000,-1,0
0.09682,0,0,INJECTING,3215484522,3215484522,7510451818,320000000000,-1,0
0.09682,1,-1,WAIT_RELEASE,0,0,0,400000000000,-1,0
0.09682,2,-1,WAIT_RELEASE,0,0,0,400000000000,-1,0
0.09682,3,-1,WAIT_RELEASE,0,0,0,400000000000,-1,0
0.09684,0,0,INJECTING,3215484522,3215484522,7510451818,320000000000,-1,0
0.09684,1,-1,WAIT_RELEASE,0,0,0,400000000000,-1,0
0.09684,2,-1,WAIT_RELEASE,0,0,0,400000000000,-1,0
0.09684,3,-1,WAIT_RELEASE,0,0,0,400000000000,-1,0
0.09686,0,0,INJECTING,3215484522,3215484522,7510451818,320000000000,-1,0
0.09686,1,-1,WAIT_RELEASE,0,0,0,400000000000,-1,0
0.09686,2,-1,WAIT_RELEASE,0,0,0,400000000000,-1,0
0.09686,3,-1,WAIT_RELEASE,0,0,0,400000000000,-1,0
0.09688,0,0,INJECTING,3215484522,3215484522,7510451818,320000000000,-1,0
0.09688,1,-1,WAIT_RELEASE,0,0,0,400000000000,-1,0
0.09688,2,-1,WAIT_RELEASE,0,0,0,400000000000,-1,0
0.09688,3,-1,WAIT_RELEASE,0,0,0,400000000000,-1,0
0.0969,0,0,INJECTING,3215484522,3215484522,7510451818,320000000000,-1,0
0.0969,1,-1,WAIT_RELEASE,0,0,0,400000000000,-1,0
0.0969,2,-1,WAIT_RELEASE,0,0,0,400000000000,-1,0
0.0969,3,-1,WAIT_RELEASE,0,0,0,400000000000,-1,0
0.09692,0,0,INJECTING,3215484522,3215484522,7510451818,320000000000,-1,0
0.09692,1,-1,WAIT_RELEASE,0,0,0,400000000000,-1,0
0.09692,2,-1,WAIT_RELEASE,0,0,0,400000000000,-1,0
0.09692,3,-1,WAIT_RELEASE,0,0,0,400000000000,-1,0
0.09694,0,0,INJECTING,3215484522,3215484522,7510451818,320000000000,-1,0
0.09694,1,-1,WAIT_RELEASE,0,0,0,400000000000,-1,0
0.09694,2,-1,WAIT_RELEASE,0,0,0,400000000000,-1,0
0.09694,3,-1,WAIT_RELEASE,0,0,0,400000000000,-1,0
0.09696,0,0,INJECTING,3215484522,3215484522,7510451818,320000000000,-1,0
0.09696,1,-1,WAIT_RELEASE,0,0,0,400000000000,-1,0
0.09696,2,-1,WAIT_RELEASE,0,0,0,400000000000,-1,0
0.09696,3,-1,WAIT_RELEASE,0,0,0,400000000000,-1,0
0.09698,0,0,INJECTING,3215484522,3215484522,7510451818,320000000000,-1,0
0.09698,1,-1,WAIT_RELEASE,0,0,0,400000000000,-1,0
0.09698,2,-1,WAIT_RELEASE,0,0,0,400000000000,-1,0
0.09698,3,-1,WAIT_RELEASE,0,0,0,400000000000,-1,0
0.097,0,0,INJECTING,3215484522,3215484522,7510451818,320000000000,-1,0
0.097,1,-1,WAIT_RELEASE,0,0,0,400000000000,-1,0
0.097,2,-1,WAIT_RELEASE,0,0,0,400000000000,-1,0
0.097,3,-1,WAIT_RELEASE,0,0,0,400000000000,-1,0
0.09702,0,0,INJECTING,3215484522,3215484522,7510451818,320000000000,-1,0
0.09702,1,-1,WAIT_RELEASE,0,0,0,400000000000,-1,0
0.09702,2,-1,WAIT_RELEASE,0,0,0,400000000000,-1,0
0.09702,3,-1,WAIT_RELEASE,0,0,0,400000000000,-1,0
0.09704,0,0,INJECTING,3215484522,3215484522,7510451818,320000000000,-1,0
0.09704,1,-1,WAIT_RELEASE,0,0,0,400000000000,-1,0
0.09704,2,-1,WAIT_RELEASE,0,0,0,400000000000,-1,0
0.09704,3,-1,WAIT_RELEASE,0,0,0,400000000000,-1,0
0.09706,0,0,INJECTING,3215484522,3215484522,7510451818,320000000000,-1,0
0.09706,1,-1,WAIT_RELEASE,0,0,0,400000000000,-1,0
0.09706,2,-1,WAIT_RELEASE,0,0,0,400000000000,-1,0
0.09706,3,-1,WAIT_RELEASE,0,0,0,400000000000,-1,0
0.09708,0,0,INJECTING,3215484522,3215484522,7510451818,320000000000,-1,0
0.09708,1,-1,WAIT_RELEASE,0,0,0,400000000000,-1,0
0.09708,2,-1,WAIT_RELEASE,0,0,0,400000000000,-1,0
0.09708,3,-1,WAIT_RELEASE,0,0,0,400000000000,-1,0
0.0971,0,0,INJECTING,3215484522,3215484522,7510451818,320000000000,-1,0
0.0971,1,-1,WAIT_RELEASE,0,0,0,400000000000,-1,0
0.0971,2,-1,WAIT_RELEASE,0,0,0,400000000000,-1,0
0.0971,3,-1,WAIT_RELEASE,0,0,0,400000000000,-1,0
0.09712,0,0,INJECTING,3215484522,3215484522,7510451818,320000000000,-1,0
0.09712,1,-1,WAIT_RELEASE,0,0,0,400000000000,-1,0
0.09712,2,-1,WAIT_RELEASE,0,0,0,400000000000,-1,0
0.09712,3,-1,WAIT_RELEASE,0,0,0,400000000000,-1,0
0.09714,0,0,INJECTING,3215484522,3215484522,7510451818,320000000000,-1,0
0.09714,1,-1,WAIT_RELEASE,0,0,0,400000000000,-1,0
0.09714,2,-1,WAIT_RELEASE,0,0,0,400000000000,-1,0
0.09714,3,-1,WAIT_RELEASE,0,0,0,400000000000,-1,0
0.09716,0,0,INJECTING,3215484522,3215484522,7510451818,320000000000,-1,0
0.09716,1,-1,WAIT_RELEASE,0,0,0,400000000000,-1,0
0.09716,2,-1,WAIT_RELEASE,0,0,0,400000000000,-1,0
0.09716,3,-1,WAIT_RELEASE,0,0,0,400000000000,-1,0
0.09718,0,0,INJECTING,3215484522,3215484522,7510451818,320000000000,-1,0
0.09718,1,-1,WAIT_RELEASE,0,0,0,400000000000,-1,0
0.09718,2,-1,WAIT_RELEASE,0,0,0,400000000000,-1,0
0.09718,3,-1,WAIT_RELEASE,0,0,0,400000000000,-1,0
0.0972,0,0,INJECTING,3215484522,3215484522,7510451818,320000000000,-1,0
0.0972,1,-1,WAIT_RELEASE,0,0,0,400000000000,-1,0
0.0972,2,-1,WAIT_RELEASE,0,0,0,400000000000,-1,0
0.0972,3,-1,WAIT_RELEASE,0,0,0,400000000000,-1,0
0.09722,0,0,INJECTING,3215484522,3215484522,7510451818,320000000000,-1,0
0.09722,1,-1,WAIT_RELEASE,0,0,0,400000000000,-1,0
0.09722,2,-1,WAIT_RELEASE,0,0,0,400000000000,-1,0
0.09722,3,-1,WAIT_RELEASE,0,0,0,400000000000,-1,0
0.09724,0,0,INJECTING,3215484522,3215484522,7510451818,320000000000,-1,0
0.09724,1,-1,WAIT_RELEASE,0,0,0,400000000000,-1,0
0.09724,2,-1,WAIT_RELEASE,0,0,0,400000000000,-1,0
0.09724,3,-1,WAIT_RELEASE,0,0,0,400000000000,-1,0
0.09726,0,0,INJECTING,3215484522,3215484522,7510451818,320000000000,-1,0
0.09726,1,-1,WAIT_RELEASE,0,0,0,400000000000,-1,0
0.09726,2,-1,WAIT_RELEASE,0,0,0,400000000000,-1,0
0.09726,3,-1,WAIT_RELEASE,0,0,0,400000000000,-1,0
0.09728,0,0,INJECTING,3215484522,3215484522,7510451818,320000000000,-1,0
0.09728,1,-1,WAIT_RELEASE,0,0,0,400000000000,-1,0
0.09728,2,-1,WAIT_RELEASE,0,0,0,400000000000,-1,0
0.09728,3,-1,WAIT_RELEASE,0,0,0,400000000000,-1,0
0.0973,0,0,INJECTING,3215484522,3215484522,7510451818,320000000000,-1,0
0.0973,1,-1,WAIT_RELEASE,0,0,0,400000000000,-1,0
0.0973,2,-1,WAIT_RELEASE,0,0,0,400000000000,-1,0
0.0973,3,-1,WAIT_RELEASE,0,0,0,400000000000,-1,0
0.09732,0,0,INJECTING,3215484522,3215484522,7510451818,320000000000,-1,0
0.09732,1,-1,WAIT_RELEASE,0,0,0,400000000000,-1,0
0.09732,2,-1,WAIT_RELEASE,0,0,0,400000000000,-1,0
0.09732,3,-1,WAIT_RELEASE,0,0,0,400000000000,-1,0
0.09734,0,0,INJECTING,3215484522,3215484522,7510451818,320000000000,-1,0
0.09734,1,-1,WAIT_RELEASE,0,0,0,400000000000,-1,0
0.09734,2,-1,WAIT_RELEASE,0,0,0,400000000000,-1,0
0.09734,3,-1,WAIT_RELEASE,0,0,0,400000000000,-1,0
0.09736,0,0,INJECTING,3215484522,3215484522,7510451818,320000000000,-1,0
0.09736,1,-1,WAIT_RELEASE,0,0,0,400000000000,-1,0
0.09736,2,-1,WAIT_RELEASE,0,0,0,400000000000,-1,0
0.09736,3,-1,WAIT_RELEASE,0,0,0,400000000000,-1,0
0.09738,0,0,INJECTING,3215484522,3215484522,7510451818,320000000000,-1,0
0.09738,1,-1,WAIT_RELEASE,0,0,0,400000000000,-1,0
0.09738,2,-1,WAIT_RELEASE,0,0,0,400000000000,-1,0
0.09738,3,-1,WAIT_RELEASE,0,0,0,400000000000,-1,0
0.0974,0,0,INJECTING,3215484522,3215484522,7510451818,320000000000,-1,0
0.0974,1,-1,WAIT_RELEASE,0,0,0,400000000000,-1,0
0.0974,2,-1,WAIT_RELEASE,0,0,0,400000000000,-1,0
0.0974,3,-1,WAIT_RELEASE,0,0,0,400000000000,-1,0
0.09742,0,0,INJECTING,3215484522,3215484522,7510451818,320000000000,-1,0
0.09742,1,-1,WAIT_RELEASE,0,0,0,400000000000,-1,0
0.09742,2,-1,WAIT_RELEASE,0,0,0,400000000000,-1,0
0.09742,3,-1,WAIT_RELEASE,0,0,0,400000000000,-1,0
0.09744,0,0,INJECTING,3215484522,3215484522,7510451818,320000000000,-1,0
0.09744,1,-1,WAIT_RELEASE,0,0,0,400000000000,-1,0
0.09744,2,-1,WAIT_RELEASE,0,0,0,400000000000,-1,0
0.09744,3,-1,WAIT_RELEASE,0,0,0,400000000000,-1,0
0.09746,0,0,INJECTING,3215484522,3215484522,7510451818,320000000000,-1,0
0.09746,1,-1,WAIT_RELEASE,0,0,0,400000000000,-1,0
0.09746,2,-1,WAIT_RELEASE,0,0,0,400000000000,-1,0
0.09746,3,-1,WAIT_RELEASE,0,0,0,400000000000,-1,0
0.09748,0,0,INJECTING,3215484522,3215484522,7510451818,320000000000,-1,0
0.09748,1,-1,WAIT_RELEASE,0,0,0,400000000000,-1,0
0.09748,2,-1,WAIT_RELEASE,0,0,0,400000000000,-1,0
0.09748,3,-1,WAIT_RELEASE,0,0,0,400000000000,-1,0
0.0975,0,0,INJECTING,3215484522,3215484522,7510451818,320000000000,-1,0
0.0975,1,-1,WAIT_RELEASE,0,0,0,400000000000,-1,0
0.0975,2,-1,WAIT_RELEASE,0,0,0,400000000000,-1,0
0.0975,3,-1,WAIT_RELEASE,0,0,0,400000000000,-1,0
0.09752,0,0,INJECTING,3215484522,3215484522,7510451818,320000000000,-1,0
0.09752,1,-1,WAIT_RELEASE,0,0,0,400000000000,-1,0
0.09752,2,-1,WAIT_RELEASE,0,0,0,400000000000,-1,0
0.09752,3,-1,WAIT_RELEASE,0,0,0,400000000000,-1,0
0.09754,0,0,INJECTING,3215484522,3215484522,7510451818,320000000000,-1,0
0.09754,1,-1,WAIT_RELEASE,0,0,0,400000000000,-1,0
0.09754,2,-1,WAIT_RELEASE,0,0,0,400000000000,-1,0
0.09754,3,-1,WAIT_RELEASE,0,0,0,400000000000,-1,0
0.09756,0,0,INJECTING,3215484522,3215484522,7510451818,320000000000,-1,0
0.09756,1,-1,WAIT_RELEASE,0,0,0,400000000000,-1,0
0.09756,2,-1,WAIT_RELEASE,0,0,0,400000000000,-1,0
0.09756,3,-1,WAIT_RELEASE,0,0,0,400000000000,-1,0
0.09758,0,0,INJECTING,3215484522,3215484522,7510451818,320000000000,-1,0
0.09758,1,-1,WAIT_RELEASE,0,0,0,400000000000,-1,0
0.09758,2,-1,WAIT_RELEASE,0,0,0,400000000000,-1,0
0.09758,3,-1,WAIT_RELEASE,0,0,0,400000000000,-1,0
0.0976,0,0,INJECTING,3215484522,3215484522,7510451818,320000000000,-1,0
0.0976,1,-1,WAIT_RELEASE,0,0,0,400000000000,-1,0
0.0976,2,-1,WAIT_RELEASE,0,0,0,400000000000,-1,0
0.0976,3,-1,WAIT_RELEASE,0,0,0,400000000000,-1,0
0.09762,0,0,INJECTING,3215484522,3215484522,7510451818,320000000000,-1,0
0.09762,1,-1,WAIT_RELEASE,0,0,0,400000000000,-1,0
0.09762,2,-1,WAIT_RELEASE,0,0,0,400000000000,-1,0
0.09762,3,-1,WAIT_RELEASE,0,0,0,400000000000,-1,0
0.09764,0,0,INJECTING,3215484522,3215484522,7510451818,320000000000,-1,0
0.09764,1,-1,WAIT_RELEASE,0,0,0,400000000000,-1,0
0.09764,2,-1,WAIT_RELEASE,0,0,0,400000000000,-1,0
0.09764,3,-1,WAIT_RELEASE,0,0,0,400000000000,-1,0
0.09766,0,0,INJECTING,3215484522,3215484522,7510451818,320000000000,-1,0
0.09766,1,-1,WAIT_RELEASE,0,0,0,400000000000,-1,0
0.09766,2,-1,WAIT_RELEASE,0,0,0,400000000000,-1,0
0.09766,3,-1,WAIT_RELEASE,0,0,0,400000000000,-1,0
0.09768,0,0,INJECTING,3215484522,3215484522,7510451818,320000000000,-1,0
0.09768,1,-1,WAIT_RELEASE,0,0,0,400000000000,-1,0
0.09768,2,-1,WAIT_RELEASE,0,0,0,400000000000,-1,0
0.09768,3,-1,WAIT_RELEASE,0,0,0,400000000000,-1,0
0.0977,0,0,INJECTING,3215484522,3215484522,7510451818,320000000000,-1,0
0.0977,1,-1,WAIT_RELEASE,0,0,0,400000000000,-1,0
0.0977,2,-1,WAIT_RELEASE,0,0,0,400000000000,-1,0
0.0977,3,-1,WAIT_RELEASE,0,0,0,400000000000,-1,0
0.09772,0,0,INJECTING,3215484522,3215484522,7510451818,320000000000,-1,0
0.09772,1,-1,WAIT_RELEASE,0,0,0,400000000000,-1,0
0.09772,2,-1,WAIT_RELEASE,0,0,0,400000000000,-1,0
0.09772,3,-1,WAIT_RELEASE,0,0,0,400000000000,-1,0
0.09774,0,0,INJECTING,3215484522,3215484522,7510451818,320000000000,-1,0
0.09774,1,-1,WAIT_RELEASE,0,0,0,400000000000,-1,0
0.09774,2,-1,WAIT_RELEASE,0,0,0,400000000000,-1,0
0.09774,3,-1,WAIT_RELEASE,0,0,0,400000000000,-1,0
0.09776,0,0,INJECTING,3215484522,3215484522,7510451818,320000000000,-1,0
0.09776,1,-1,WAIT_RELEASE,0,0,0,400000000000,-1,0
0.09776,2,-1,WAIT_RELEASE,0,0,0,400000000000,-1,0
0.09776,3,-1,WAIT_RELEASE,0,0,0,400000000000,-1,0
0.09778,0,0,INJECTING,3215484522,3215484522,7510451818,320000000000,-1,0
0.09778,1,-1,WAIT_RELEASE,0,0,0,400000000000,-1,0
0.09778,2,-1,WAIT_RELEASE,0,0,0,400000000000,-1,0
0.09778,3,-1,WAIT_RELEASE,0,0,0,400000000000,-1,0
0.0978,0,0,INJECTING,3215484522,3215484522,7510451818,320000000000,-1,0
0.0978,1,-1,WAIT_RELEASE,0,0,0,400000000000,-1,0
0.0978,2,-1,WAIT_RELEASE,0,0,0,400000000000,-1,0
0.0978,3,-1,WAIT_RELEASE,0,0,0,400000000000,-1,0
0.09782,0,0,INJECTING,3215484522,3215484522,7510451818,320000000000,-1,0
0.09782,1,-1,WAIT_RELEASE,0,0,0,400000000000,-1,0
0.09782,2,-1,WAIT_RELEASE,0,0,0,400000000000,-1,0
0.09782,3,-1,WAIT_RELEASE,0,0,0,400000000000,-1,0
0.09784,0,0,INJECTING,3215484522,3215484522,7510451818,320000000000,-1,0
0.09784,1,-1,WAIT_RELEASE,0,0,0,400000000000,-1,0
0.09784,2,-1,WAIT_RELEASE,0,0,0,400000000000,-1,0
0.09784,3,-1,WAIT_RELEASE,0,0,0,400000000000,-1,0
0.09786,0,0,INJECTING,3215484522,3215484522,7510451818,320000000000,-1,0
0.09786,1,-1,WAIT_RELEASE,0,0,0,400000000000,-1,0
0.09786,2,-1,WAIT_RELEASE,0,0,0,400000000000,-1,0
0.09786,3,-1,WAIT_RELEASE,0,0,0,400000000000,-1,0
0.09788,0,0,INJECTING,3215484522,3215484522,7510451818,320000000000,-1,0
0.09788,1,-1,WAIT_RELEASE,0,0,0,400000000000,-1,0
0.09788,2,-1,WAIT_RELEASE,0,0,0,400000000000,-1,0
0.09788,3,-1,WAIT_RELEASE,0,0,0,400000000000,-1,0
0.0979,0,0,INJECTING,3215484522,3215484522,7510451818,320000000000,-1,0
0.0979,1,-1,WAIT_RELEASE,0,0,0,400000000000,-1,0
0.0979,2,-1,WAIT_RELEASE,0,0,0,400000000000,-1,0
0.0979,3,-1,WAIT_RELEASE,0,0,0,400000000000,-1,0
0.09792,0,0,INJECTING,3215484522,3215484522,7510451818,320000000000,-1,0
0.09792,1,-1,WAIT_RELEASE,0,0,0,400000000000,-1,0
0.09792,2,-1,WAIT_RELEASE,0,0,0,400000000000,-1,0
0.09792,3,-1,WAIT_RELEASE,0,0,0,400000000000,-1,0
0.09794,0,0,INJECTING,3215484522,3215484522,7510451818,320000000000,-1,0
0.09794,1,-1,WAIT_RELEASE,0,0,0,400000000000,-1,0
0.09794,2,-1,WAIT_RELEASE,0,0,0,400000000000,-1,0
0.09794,3,-1,WAIT_RELEASE,0,0,0,400000000000,-1,0
0.09796,0,0,INJECTING,3215484522,3215484522,7510451818,320000000000,-1,0
0.09796,1,-1,WAIT_RELEASE,0,0,0,400000000000,-1,0
0.09796,2,-1,WAIT_RELEASE,0,0,0,400000000000,-1,0
0.09796,3,-1,WAIT_RELEASE,0,0,0,400000000000,-1,0
0.09798,0,0,INJECTING,3215484522,3215484522,7510451818,320000000000,-1,0
0.09798,1,-1,WAIT_RELEASE,0,0,0,400000000000,-1,0
0.09798,2,-1,WAIT_RELEASE,0,0,0,400000000000,-1,0
0.09798,3,-1,WAIT_RELEASE,0,0,0,400000000000,-1,0
0.098,0,0,INJECTING,3215484522,3215484522,7510451818,320000000000,-1,0
0.098,1,-1,WAIT_RELEASE,0,0,0,400000000000,-1,0
0.098,2,-1,WAIT_RELEASE,0,0,0,400000000000,-1,0
0.098,3,-1,WAIT_RELEASE,0,0,0,400000000000,-1,0
0.09802,0,0,INJECTING,3215484522,3215484522,7510451818,320000000000,-1,0
0.09802,1,-1,WAIT_RELEASE,0,0,0,400000000000,-1,0
0.09802,2,-1,WAIT_RELEASE,0,0,0,400000000000,-1,0
0.09802,3,-1,WAIT_RELEASE,0,0,0,400000000000,-1,0
0.09804,0,0,INJECTING,3215484522,3215484522,7510451818,320000000000,-1,0
0.09804,1,-1,WAIT_RELEASE,0,0,0,400000000000,-1,0
0.09804,2,-1,WAIT_RELEASE,0,0,0,400000000000,-1,0
0.09804,3,-1,WAIT_RELEASE,0,0,0,400000000000,-1,0
0.09806,0,0,INJECTING,3215484522,3215484522,7510451818,320000000000,-1,0
0.09806,1,-1,WAIT_RELEASE,0,0,0,400000000000,-1,0
0.09806,2,-1,WAIT_RELEASE,0,0,0,400000000000,-1,0
0.09806,3,-1,WAIT_RELEASE,0,0,0,400000000000,-1,0
0.09808,0,0,INJECTING,3215484522,3215484522,7510451818,320000000000,-1,0
0.09808,1,-1,WAIT_RELEASE,0,0,0,400000000000,-1,0
0.09808,2,-1,WAIT_RELEASE,0,0,0,400000000000,-1,0
0.09808,3,-1,WAIT_RELEASE,0,0,0,400000000000,-1,0
0.0981,0,0,INJECTING,3215484522,3215484522,7510451818,320000000000,-1,0
0.0981,1,-1,WAIT_RELEASE,0,0,0,400000000000,-1,0
0.0981,2,-1,WAIT_RELEASE,0,0,0,400000000000,-1,0
0.0981,3,-1,WAIT_RELEASE,0,0,0,400000000000,-1,0
0.09812,0,0,INJECTING,3215484522,3215484522,7510451818,320000000000,-1,0
0.09812,1,-1,WAIT_RELEASE,0,0,0,400000000000,-1,0
0.09812,2,-1,WAIT_RELEASE,0,0,0,400000000000,-1,0
0.09812,3,-1,WAIT_RELEASE,0,0,0,400000000000,-1,0
0.09814,0,0,INJECTING,3215484522,3215484522,7510451818,320000000000,-1,0
0.09814,1,-1,WAIT_RELEASE,0,0,0,400000000000,-1,0
0.09814,2,-1,WAIT_RELEASE,0,0,0,400000000000,-1,0
0.09814,3,-1,WAIT_RELEASE,0,0,0,400000000000,-1,0
0.09816,0,0,INJECTING,3215484522,3215484522,7510451818,320000000000,-1,0
0.09816,1,-1,WAIT_RELEASE,0,0,0,400000000000,-1,0
0.09816,2,-1,WAIT_RELEASE,0,0,0,400000000000,-1,0
0.09816,3,-1,WAIT_RELEASE,0,0,0,400000000000,-1,0
0.09818,0,0,INJECTING,3215484522,3215484522,7510451818,320000000000,-1,0
0.09818,1,-1,WAIT_RELEASE,0,0,0,400000000000,-1,0
0.09818,2,-1,WAIT_RELEASE,0,0,0,400000000000,-1,0
0.09818,3,-1,WAIT_RELEASE,0,0,0,400000000000,-1,0
0.0982,0,0,INJECTING,3215484522,3215484522,7510451818,320000000000,-1,0
0.0982,1,-1,WAIT_RELEASE,0,0,0,400000000000,-1,0
0.0982,2,-1,WAIT_RELEASE,0,0,0,400000000000,-1,0
0.0982,3,-1,WAIT_RELEASE,0,0,0,400000000000,-1,0
0.09822,0,0,INJECTING,3215484522,3215484522,7510451818,320000000000,-1,0
0.09822,1,-1,WAIT_RELEASE,0,0,0,400000000000,-1,0
0.09822,2,-1,WAIT_RELEASE,0,0,0,400000000000,-1,0
0.09822,3,-1,WAIT_RELEASE,0,0,0,400000000000,-1,0
0.09824,0,0,INJECTING,3215484522,3215484522,7510451818,320000000000,-1,0
0.09824,1,-1,WAIT_RELEASE,0,0,0,400000000000,-1,0
0.09824,2,-1,WAIT_RELEASE,0,0,0,400000000000,-1,0
0.09824,3,-1,WAIT_RELEASE,0,0,0,400000000000,-1,0
0.09826,0,0,INJECTING,3215484522,3215484522,7510451818,320000000000,-1,0
0.09826,1,-1,WAIT_RELEASE,0,0,0,400000000000,-1,0
0.09826,2,-1,WAIT_RELEASE,0,0,0,400000000000,-1,0
0.09826,3,-1,WAIT_RELEASE,0,0,0,400000000000,-1,0
0.09828,0,0,INJECTING,3215484522,3215484522,7510451818,320000000000,-1,0
0.09828,1,-1,WAIT_RELEASE,0,0,0,400000000000,-1,0
0.09828,2,-1,WAIT_RELEASE,0,0,0,400000000000,-1,0
0.09828,3,-1,WAIT_RELEASE,0,0,0,400000000000,-1,0
0.0983,0,0,INJECTING,3215484522,3215484522,7510451818,320000000000,-1,0
0.0983,1,-1,WAIT_RELEASE,0,0,0,400000000000,-1,0
0.0983,2,-1,WAIT_RELEASE,0,0,0,400000000000,-1,0
0.0983,3,-1,WAIT_RELEASE,0,0,0,400000000000,-1,0
0.09832,0,0,INJECTING,3215484522,3215484522,7510451818,320000000000,-1,0
0.09832,1,-1,WAIT_RELEASE,0,0,0,400000000000,-1,0
0.09832,2,-1,WAIT_RELEASE,0,0,0,400000000000,-1,0
0.09832,3,-1,WAIT_RELEASE,0,0,0,400000000000,-1,0
0.09834,0,0,INJECTING,3215484522,3215484522,7510451818,320000000000,-1,0
0.09834,1,-1,WAIT_RELEASE,0,0,0,400000000000,-1,0
0.09834,2,-1,WAIT_RELEASE,0,0,0,400000000000,-1,0
0.09834,3,-1,WAIT_RELEASE,0,0,0,400000000000,-1,0
0.09836,0,0,INJECTING,3215484522,3215484522,7510451818,320000000000,-1,0
0.09836,1,-1,WAIT_RELEASE,0,0,0,400000000000,-1,0
0.09836,2,-1,WAIT_RELEASE,0,0,0,400000000000,-1,0
0.09836,3,-1,WAIT_RELEASE,0,0,0,400000000000,-1,0
0.09838,0,0,INJECTING,3215484522,3215484522,7510451818,320000000000,-1,0
0.09838,1,-1,WAIT_RELEASE,0,0,0,400000000000,-1,0
0.09838,2,-1,WAIT_RELEASE,0,0,0,400000000000,-1,0
0.09838,3,-1,WAIT_RELEASE,0,0,0,400000000000,-1,0
0.0984,0,0,INJECTING,3215484522,3215484522,7510451818,320000000000,-1,0
0.0984,1,-1,WAIT_RELEASE,0,0,0,400000000000,-1,0
0.0984,2,-1,WAIT_RELEASE,0,0,0,400000000000,-1,0
0.0984,3,-1,WAIT_RELEASE,0,0,0,400000000000,-1,0
0.09842,0,0,INJECTING,3215484522,3215484522,7510451818,320000000000,-1,0
0.09842,1,-1,WAIT_RELEASE,0,0,0,400000000000,-1,0
0.09842,2,-1,WAIT_RELEASE,0,0,0,400000000000,-1,0
0.09842,3,-1,WAIT_RELEASE,0,0,0,400000000000,-1,0
0.09844,0,0,INJECTING,3215484522,3215484522,7510451818,320000000000,-1,0
0.09844,1,-1,WAIT_RELEASE,0,0,0,400000000000,-1,0
0.09844,2,-1,WAIT_RELEASE,0,0,0,400000000000,-1,0
0.09844,3,-1,WAIT_RELEASE,0,0,0,400000000000,-1,0
0.09846,0,0,INJECTING,3215484522,3215484522,7510451818,320000000000,-1,0
0.09846,1,-1,WAIT_RELEASE,0,0,0,400000000000,-1,0
0.09846,2,-1,WAIT_RELEASE,0,0,0,400000000000,-1,0
0.09846,3,-1,WAIT_RELEASE,0,0,0,400000000000,-1,0
0.09848,0,0,INJECTING,3215484522,3215484522,7510451818,320000000000,-1,0
0.09848,1,-1,WAIT_RELEASE,0,0,0,400000000000,-1,0
0.09848,2,-1,WAIT_RELEASE,0,0,0,400000000000,-1,0
0.09848,3,-1,WAIT_RELEASE,0,0,0,400000000000,-1,0
0.0985,0,0,INJECTING,3215484522,3215484522,7510451818,320000000000,-1,0
0.0985,1,-1,WAIT_RELEASE,0,0,0,400000000000,-1,0
0.0985,2,-1,WAIT_RELEASE,0,0,0,400000000000,-1,0
0.0985,3,-1,WAIT_RELEASE,0,0,0,400000000000,-1,0
0.09852,0,0,INJECTING,3215484522,3215484522,7510451818,320000000000,-1,0
0.09852,1,-1,WAIT_RELEASE,0,0,0,400000000000,-1,0
0.09852,2,-1,WAIT_RELEASE,0,0,0,400000000000,-1,0
0.09852,3,-1,WAIT_RELEASE,0,0,0,400000000000,-1,0
0.09854,0,0,INJECTING,3215484522,3215484522,7510451818,320000000000,-1,0
0.09854,1,-1,WAIT_RELEASE,0,0,0,400000000000,-1,0
0.09854,2,-1,WAIT_RELEASE,0,0,0,400000000000,-1,0
0.09854,3,-1,WAIT_RELEASE,0,0,0,400000000000,-1,0
0.09856,0,0,INJECTING,3215484522,3215484522,7510451818,320000000000,-1,0
0.09856,1,-1,WAIT_RELEASE,0,0,0,400000000000,-1,0
0.09856,2,-1,WAIT_RELEASE,0,0,0,400000000000,-1,0
0.09856,3,-1,WAIT_RELEASE,0,0,0,400000000000,-1,0
0.09858,0,0,INJECTING,3215484522,3215484522,7510451818,320000000000,-1,0
0.09858,1,-1,WAIT_RELEASE,0,0,0,400000000000,-1,0
0.09858,2,-1,WAIT_RELEASE,0,0,0,400000000000,-1,0
0.09858,3,-1,WAIT_RELEASE,0,0,0,400000000000,-1,0
0.0986,0,0,INJECTING,3215484522,3215484522,7510451818,320000000000,-1,0
0.0986,1,-1,WAIT_RELEASE,0,0,0,400000000000,-1,0
0.0986,2,-1,WAIT_RELEASE,0,0,0,400000000000,-1,0
0.0986,3,-1,WAIT_RELEASE,0,0,0,400000000000,-1,0
0.09862,0,0,INJECTING,3215484522,3215484522,7510451818,320000000000,-1,0
0.09862,1,-1,WAIT_RELEASE,0,0,0,400000000000,-1,0
0.09862,2,-1,WAIT_RELEASE,0,0,0,400000000000,-1,0
0.09862,3,-1,WAIT_RELEASE,0,0,0,400000000000,-1,0
0.09864,0,0,INJECTING,3215484522,3215484522,7510451818,320000000000,-1,0
0.09864,1,-1,WAIT_RELEASE,0,0,0,400000000000,-1,0
0.09864,2,-1,WAIT_RELEASE,0,0,0,400000000000,-1,0
0.09864,3,-1,WAIT_RELEASE,0,0,0,400000000000,-1,0
0.09866,0,0,INJECTING,3215484522,3215484522,7510451818,320000000000,-1,0
0.09866,1,-1,WAIT_RELEASE,0,0,0,400000000000,-1,0
0.09866,2,-1,WAIT_RELEASE,0,0,0,400000000000,-1,0
0.09866,3,-1,WAIT_RELEASE,0,0,0,400000000000,-1,0
0.09868,0,0,INJECTING,3215484522,3215484522,7510451818,320000000000,-1,0
0.09868,1,-1,WAIT_RELEASE,0,0,0,400000000000,-1,0
0.09868,2,-1,WAIT_RELEASE,0,0,0,400000000000,-1,0
0.09868,3,-1,WAIT_RELEASE,0,0,0,400000000000,-1,0
0.0987,0,0,INJECTING,3215484522,3215484522,7510451818,320000000000,-1,0
0.0987,1,-1,WAIT_RELEASE,0,0,0,400000000000,-1,0
0.0987,2,-1,WAIT_RELEASE,0,0,0,400000000000,-1,0
0.0987,3,-1,WAIT_RELEASE,0,0,0,400000000000,-1,0
0.09872,0,0,INJECTING,3215484522,3215484522,7510451818,320000000000,-1,0
0.09872,1,-1,WAIT_RELEASE,0,0,0,400000000000,-1,0
0.09872,2,-1,WAIT_RELEASE,0,0,0,400000000000,-1,0
0.09872,3,-1,WAIT_RELEASE,0,0,0,400000000000,-1,0
0.09874,0,0,INJECTING,3215484522,3215484522,7510451818,320000000000,-1,0
0.09874,1,-1,WAIT_RELEASE,0,0,0,400000000000,-1,0
0.09874,2,-1,WAIT_RELEASE,0,0,0,400000000000,-1,0
0.09874,3,-1,WAIT_RELEASE,0,0,0,400000000000,-1,0
0.09876,0,0,INJECTING,3215484522,3215484522,7510451818,320000000000,-1,0
0.09876,1,-1,WAIT_RELEASE,0,0,0,400000000000,-1,0
0.09876,2,-1,WAIT_RELEASE,0,0,0,400000000000,-1,0
0.09876,3,-1,WAIT_RELEASE,0,0,0,400000000000,-1,0
0.09878,0,0,INJECTING,3215484522,3215484522,7510451818,320000000000,-1,0
0.09878,1,-1,WAIT_RELEASE,0,0,0,400000000000,-1,0
0.09878,2,-1,WAIT_RELEASE,0,0,0,400000000000,-1,0
0.09878,3,-1,WAIT_RELEASE,0,0,0,400000000000,-1,0
0.0988,0,0,INJECTING,3215484522,3215484522,7510451818,320000000000,-1,0
0.0988,1,-1,WAIT_RELEASE,0,0,0,400000000000,-1,0
0.0988,2,-1,WAIT_RELEASE,0,0,0,400000000000,-1,0
0.0988,3,-1,WAIT_RELEASE,0,0,0,400000000000,-1,0
0.09882,0,0,INJECTING,3215484522,3215484522,7510451818,320000000000,-1,0
0.09882,1,-1,WAIT_RELEASE,0,0,0,400000000000,-1,0
0.09882,2,-1,WAIT_RELEASE,0,0,0,400000000000,-1,0
0.09882,3,-1,WAIT_RELEASE,0,0,0,400000000000,-1,0
0.09884,0,0,INJECTING,3215484522,3215484522,7510451818,320000000000,-1,0
0.09884,1,-1,WAIT_RELEASE,0,0,0,400000000000,-1,0
0.09884,2,-1,WAIT_RELEASE,0,0,0,400000000000,-1,0
0.09884,3,-1,WAIT_RELEASE,0,0,0,400000000000,-1,0
0.09886,0,0,INJECTING,3215484522,3215484522,7510451818,320000000000,-1,0
0.09886,1,-1,WAIT_RELEASE,0,0,0,400000000000,-1,0
0.09886,2,-1,WAIT_RELEASE,0,0,0,400000000000,-1,0
0.09886,3,-1,WAIT_RELEASE,0,0,0,400000000000,-1,0
0.09888,0,0,INJECTING,3215484522,3215484522,7510451818,320000000000,-1,0
0.09888,1,-1,WAIT_RELEASE,0,0,0,400000000000,-1,0
0.09888,2,-1,WAIT_RELEASE,0,0,0,400000000000,-1,0
0.09888,3,-1,WAIT_RELEASE,0,0,0,400000000000,-1,0
0.0989,0,0,INJECTING,3215484522,3215484522,7510451818,320000000000,-1,0
0.0989,1,-1,WAIT_RELEASE,0,0,0,400000000000,-1,0
0.0989,2,-1,WAIT_RELEASE,0,0,0,400000000000,-1,0
0.0989,3,-1,WAIT_RELEASE,0,0,0,400000000000,-1,0
0.09892,0,0,INJECTING,3215484522,3215484522,7510451818,320000000000,-1,0
0.09892,1,-1,WAIT_RELEASE,0,0,0,400000000000,-1,0
0.09892,2,-1,WAIT_RELEASE,0,0,0,400000000000,-1,0
0.09892,3,-1,WAIT_RELEASE,0,0,0,400000000000,-1,0
0.09894,0,0,INJECTING,3215484522,3215484522,7510451818,320000000000,-1,0
0.09894,1,-1,WAIT_RELEASE,0,0,0,400000000000,-1,0
0.09894,2,-1,WAIT_RELEASE,0,0,0,400000000000,-1,0
0.09894,3,-1,WAIT_RELEASE,0,0,0,400000000000,-1,0
0.09896,0,0,INJECTING,3215484522,3215484522,7510451818,320000000000,-1,0
0.09896,1,-1,WAIT_RELEASE,0,0,0,400000000000,-1,0
0.09896,2,-1,WAIT_RELEASE,0,0,0,400000000000,-1,0
0.09896,3,-1,WAIT_RELEASE,0,0,0,400000000000,-1,0
0.09898,0,0,INJECTING,3215484522,3215484522,7510451818,320000000000,-1,0
0.09898,1,-1,WAIT_RELEASE,0,0,0,400000000000,-1,0
0.09898,2,-1,WAIT_RELEASE,0,0,0,400000000000,-1,0
0.09898,3,-1,WAIT_RELEASE,0,0,0,400000000000,-1,0
0.099,0,0,INJECTING,3215484522,3215484522,7510451818,320000000000,-1,0
0.099,1,-1,WAIT_RELEASE,0,0,0,400000000000,-1,0
0.099,2,-1,WAIT_RELEASE,0,0,0,400000000000,-1,0
0.099,3,-1,WAIT_RELEASE,0,0,0,400000000000,-1,0
0.09902,0,0,INJECTING,3215484522,3215484522,7510451818,320000000000,-1,0
0.09902,1,-1,WAIT_RELEASE,0,0,0,400000000000,-1,0
0.09902,2,-1,WAIT_RELEASE,0,0,0,400000000000,-1,0
0.09902,3,-1,WAIT_RELEASE,0,0,0,400000000000,-1,0
0.09904,0,0,INJECTING,3215484522,3215484522,7510451818,320000000000,-1,0
0.09904,1,-1,WAIT_RELEASE,0,0,0,400000000000,-1,0
0.09904,2,-1,WAIT_RELEASE,0,0,0,400000000000,-1,0
0.09904,3,-1,WAIT_RELEASE,0,0,0,400000000000,-1,0
0.09906,0,0,INJECTING,3215484522,3215484522,7510451818,320000000000,-1,0
0.09906,1,-1,WAIT_RELEASE,0,0,0,400000000000,-1,0
0.09906,2,-1,WAIT_RELEASE,0,0,0,400000000000,-1,0
0.09906,3,-1,WAIT_RELEASE,0,0,0,400000000000,-1,0
0.09908,0,0,INJECTING,3215484522,3215484522,7510451818,320000000000,-1,0
0.09908,1,-1,WAIT_RELEASE,0,0,0,400000000000,-1,0
0.09908,2,-1,WAIT_RELEASE,0,0,0,400000000000,-1,0
0.09908,3,-1,WAIT_RELEASE,0,0,0,400000000000,-1,0
0.0991,0,0,INJECTING,3215484522,3215484522,7510451818,320000000000,-1,0
0.0991,1,-1,WAIT_RELEASE,0,0,0,400000000000,-1,0
0.0991,2,-1,WAIT_RELEASE,0,0,0,400000000000,-1,0
0.0991,3,-1,WAIT_RELEASE,0,0,0,400000000000,-1,0
0.09912,0,0,INJECTING,3215484522,3215484522,7510451818,320000000000,-1,0
0.09912,1,-1,WAIT_RELEASE,0,0,0,400000000000,-1,0
0.09912,2,-1,WAIT_RELEASE,0,0,0,400000000000,-1,0
0.09912,3,-1,WAIT_RELEASE,0,0,0,400000000000,-1,0
0.09914,0,0,INJECTING,3215484522,3215484522,7510451818,320000000000,-1,0
0.09914,1,-1,WAIT_RELEASE,0,0,0,400000000000,-1,0
0.09914,2,-1,WAIT_RELEASE,0,0,0,400000000000,-1,0
0.09914,3,-1,WAIT_RELEASE,0,0,0,400000000000,-1,0
0.09916,0,0,INJECTING,3215484522,3215484522,7510451818,320000000000,-1,0
0.09916,1,-1,WAIT_RELEASE,0,0,0,400000000000,-1,0
0.09916,2,-1,WAIT_RELEASE,0,0,0,400000000000,-1,0
0.09916,3,-1,WAIT_RELEASE,0,0,0,400000000000,-1,0
0.09918,0,0,INJECTING,3215484522,3215484522,7510451818,320000000000,-1,0
0.09918,1,-1,WAIT_RELEASE,0,0,0,400000000000,-1,0
0.09918,2,-1,WAIT_RELEASE,0,0,0,400000000000,-1,0
0.09918,3,-1,WAIT_RELEASE,0,0,0,400000000000,-1,0
0.0992,0,0,INJECTING,3215484522,3215484522,7510451818,320000000000,-1,0
0.0992,1,-1,WAIT_RELEASE,0,0,0,400000000000,-1,0
0.0992,2,-1,WAIT_RELEASE,0,0,0,400000000000,-1,0
0.0992,3,-1,WAIT_RELEASE,0,0,0,400000000000,-1,0
0.09922,0,0,INJECTING,3215484522,3215484522,7510451818,320000000000,-1,0
0.09922,1,-1,WAIT_RELEASE,0,0,0,400000000000,-1,0
0.09922,2,-1,WAIT_RELEASE,0,0,0,400000000000,-1,0
0.09922,3,-1,WAIT_RELEASE,0,0,0,400000000000,-1,0
0.09924,0,0,INJECTING,3215484522,3215484522,7510451818,320000000000,-1,0
0.09924,1,-1,WAIT_RELEASE,0,0,0,400000000000,-1,0
0.09924,2,-1,WAIT_RELEASE,0,0,0,400000000000,-1,0
0.09924,3,-1,WAIT_RELEASE,0,0,0,400000000000,-1,0
0.09926,0,0,INJECTING,3215484522,3215484522,7510451818,320000000000,-1,0
0.09926,1,-1,WAIT_RELEASE,0,0,0,400000000000,-1,0
0.09926,2,-1,WAIT_RELEASE,0,0,0,400000000000,-1,0
0.09926,3,-1,WAIT_RELEASE,0,0,0,400000000000,-1,0
0.09928,0,0,INJECTING,3215484522,3215484522,7510451818,320000000000,-1,0
0.09928,1,-1,WAIT_RELEASE,0,0,0,400000000000,-1,0
0.09928,2,-1,WAIT_RELEASE,0,0,0,400000000000,-1,0
0.09928,3,-1,WAIT_RELEASE,0,0,0,400000000000,-1,0
0.0993,0,0,INJECTING,3215484522,3215484522,7510451818,320000000000,-1,0
0.0993,1,-1,WAIT_RELEASE,0,0,0,400000000000,-1,0
0.0993,2,-1,WAIT_RELEASE,0,0,0,400000000000,-1,0
0.0993,3,-1,WAIT_RELEASE,0,0,0,400000000000,-1,0
0.09932,0,0,INJECTING,3215484522,3215484522,7510451818,320000000000,-1,0
0.09932,1,-1,WAIT_RELEASE,0,0,0,400000000000,-1,0
0.09932,2,-1,WAIT_RELEASE,0,0,0,400000000000,-1,0
0.09932,3,-1,WAIT_RELEASE,0,0,0,400000000000,-1,0
0.09934,0,0,INJECTING,3215484522,3215484522,7510451818,320000000000,-1,0
0.09934,1,-1,WAIT_RELEASE,0,0,0,400000000000,-1,0
0.09934,2,-1,WAIT_RELEASE,0,0,0,400000000000,-1,0
0.09934,3,-1,WAIT_RELEASE,0,0,0,400000000000,-1,0
0.09936,0,0,INJECTING,3215484522,3215484522,7510451818,320000000000,-1,0
0.09936,1,-1,WAIT_RELEASE,0,0,0,400000000000,-1,0
0.09936,2,-1,WAIT_RELEASE,0,0,0,400000000000,-1,0
0.09936,3,-1,WAIT_RELEASE,0,0,0,400000000000,-1,0
0.09938,0,0,INJECTING,3215484522,3215484522,7510451818,320000000000,-1,0
0.09938,1,-1,WAIT_RELEASE,0,0,0,400000000000,-1,0
0.09938,2,-1,WAIT_RELEASE,0,0,0,400000000000,-1,0
0.09938,3,-1,WAIT_RELEASE,0,0,0,400000000000,-1,0
0.0994,0,0,INJECTING,3215484522,3215484522,7510451818,320000000000,-1,0
0.0994,1,-1,WAIT_RELEASE,0,0,0,400000000000,-1,0
0.0994,2,-1,WAIT_RELEASE,0,0,0,400000000000,-1,0
0.0994,3,-1,WAIT_RELEASE,0,0,0,400000000000,-1,0
0.09942,0,0,INJECTING,3215484522,3215484522,7510451818,320000000000,-1,0
0.09942,1,-1,WAIT_RELEASE,0,0,0,400000000000,-1,0
0.09942,2,-1,WAIT_RELEASE,0,0,0,400000000000,-1,0
0.09942,3,-1,WAIT_RELEASE,0,0,0,400000000000,-1,0
0.09944,0,0,INJECTING,3215484522,3215484522,7510451818,320000000000,-1,0
0.09944,1,-1,WAIT_RELEASE,0,0,0,400000000000,-1,0
0.09944,2,-1,WAIT_RELEASE,0,0,0,400000000000,-1,0
0.09944,3,-1,WAIT_RELEASE,0,0,0,400000000000,-1,0
0.09946,0,0,INJECTING,3215484522,3215484522,7510451818,320000000000,-1,0
0.09946,1,-1,WAIT_RELEASE,0,0,0,400000000000,-1,0
0.09946,2,-1,WAIT_RELEASE,0,0,0,400000000000,-1,0
0.09946,3,-1,WAIT_RELEASE,0,0,0,400000000000,-1,0
0.09948,0,0,INJECTING,3215484522,3215484522,7510451818,320000000000,-1,0
0.09948,1,-1,WAIT_RELEASE,0,0,0,400000000000,-1,0
0.09948,2,-1,WAIT_RELEASE,0,0,0,400000000000,-1,0
0.09948,3,-1,WAIT_RELEASE,0,0,0,400000000000,-1,0
0.0995,0,0,INJECTING,3215484522,3215484522,7510451818,320000000000,-1,0
0.0995,1,-1,WAIT_RELEASE,0,0,0,400000000000,-1,0
0.0995,2,-1,WAIT_RELEASE,0,0,0,400000000000,-1,0
0.0995,3,-1,WAIT_RELEASE,0,0,0,400000000000,-1,0
0.09952,0,0,INJECTING,3215484522,3215484522,7510451818,320000000000,-1,0
0.09952,1,-1,WAIT_RELEASE,0,0,0,400000000000,-1,0
0.09952,2,-1,WAIT_RELEASE,0,0,0,400000000000,-1,0
0.09952,3,-1,WAIT_RELEASE,0,0,0,400000000000,-1,0
0.09954,0,0,INJECTING,3215484522,3215484522,7510451818,320000000000,-1,0
0.09954,1,-1,WAIT_RELEASE,0,0,0,400000000000,-1,0
0.09954,2,-1,WAIT_RELEASE,0,0,0,400000000000,-1,0
0.09954,3,-1,WAIT_RELEASE,0,0,0,400000000000,-1,0
0.09956,0,0,INJECTING,3215484522,3215484522,7510451818,320000000000,-1,0
0.09956,1,-1,WAIT_RELEASE,0,0,0,400000000000,-1,0
0.09956,2,-1,WAIT_RELEASE,0,0,0,400000000000,-1,0
0.09956,3,-1,WAIT_RELEASE,0,0,0,400000000000,-1,0
0.09958,0,0,INJECTING,3215484522,3215484522,7510451818,320000000000,-1,0
0.09958,1,-1,WAIT_RELEASE,0,0,0,400000000000,-1,0
0.09958,2,-1,WAIT_RELEASE,0,0,0,400000000000,-1,0
0.09958,3,-1,WAIT_RELEASE,0,0,0,400000000000,-1,0
0.0996,0,0,INJECTING,3215484522,3215484522,7510451818,320000000000,-1,0
0.0996,1,-1,WAIT_RELEASE,0,0,0,400000000000,-1,0
0.0996,2,-1,WAIT_RELEASE,0,0,0,400000000000,-1,0
0.0996,3,-1,WAIT_RELEASE,0,0,0,400000000000,-1,0
0.09962,0,0,INJECTING,3215484522,3215484522,7510451818,320000000000,-1,0
0.09962,1,-1,WAIT_RELEASE,0,0,0,400000000000,-1,0
0.09962,2,-1,WAIT_RELEASE,0,0,0,400000000000,-1,0
0.09962,3,-1,WAIT_RELEASE,0,0,0,400000000000,-1,0
0.09964,0,0,INJECTING,3215484522,3215484522,7510451818,320000000000,-1,0
0.09964,1,-1,WAIT_RELEASE,0,0,0,400000000000,-1,0
0.09964,2,-1,WAIT_RELEASE,0,0,0,400000000000,-1,0
0.09964,3,-1,WAIT_RELEASE,0,0,0,400000000000,-1,0
0.09966,0,0,INJECTING,3215484522,3215484522,7510451818,320000000000,-1,0
0.09966,1,-1,WAIT_RELEASE,0,0,0,400000000000,-1,0
0.09966,2,-1,WAIT_RELEASE,0,0,0,400000000000,-1,0
0.09966,3,-1,WAIT_RELEASE,0,0,0,400000000000,-1,0
0.09968,0,0,INJECTING,3215484522,3215484522,7510451818,320000000000,-1,0
0.09968,1,-1,WAIT_RELEASE,0,0,0,400000000000,-1,0
0.09968,2,-1,WAIT_RELEASE,0,0,0,400000000000,-1,0
0.09968,3,-1,WAIT_RELEASE,0,0,0,400000000000,-1,0
0.0997,0,0,INJECTING,3215484522,3215484522,7510451818,320000000000,-1,0
0.0997,1,-1,WAIT_RELEASE,0,0,0,400000000000,-1,0
0.0997,2,-1,WAIT_RELEASE,0,0,0,400000000000,-1,0
0.0997,3,-1,WAIT_RELEASE,0,0,0,400000000000,-1,0
0.09972,0,0,INJECTING,3215484522,3215484522,7510451818,320000000000,-1,0
0.09972,1,-1,WAIT_RELEASE,0,0,0,400000000000,-1,0
0.09972,2,-1,WAIT_RELEASE,0,0,0,400000000000,-1,0
0.09972,3,-1,WAIT_RELEASE,0,0,0,400000000000,-1,0
0.09974,0,0,INJECTING,3215484522,3215484522,7510451818,320000000000,-1,0
0.09974,1,-1,WAIT_RELEASE,0,0,0,400000000000,-1,0
0.09974,2,-1,WAIT_RELEASE,0,0,0,400000000000,-1,0
0.09974,3,-1,WAIT_RELEASE,0,0,0,400000000000,-1,0
0.09976,0,0,INJECTING,3215484522,3215484522,7510451818,320000000000,-1,0
0.09976,1,-1,WAIT_RELEASE,0,0,0,400000000000,-1,0
0.09976,2,-1,WAIT_RELEASE,0,0,0,400000000000,-1,0
0.09976,3,-1,WAIT_RELEASE,0,0,0,400000000000,-1,0
0.09978,0,0,INJECTING,3215484522,3215484522,7510451818,320000000000,-1,0
0.09978,1,-1,WAIT_RELEASE,0,0,0,400000000000,-1,0
0.09978,2,-1,WAIT_RELEASE,0,0,0,400000000000,-1,0
0.09978,3,-1,WAIT_RELEASE,0,0,0,400000000000,-1,0
0.0998,0,0,INJECTING,3215484522,3215484522,7510451818,320000000000,-1,0
0.0998,1,-1,WAIT_RELEASE,0,0,0,400000000000,-1,0
0.0998,2,-1,WAIT_RELEASE,0,0,0,400000000000,-1,0
0.0998,3,-1,WAIT_RELEASE,0,0,0,400000000000,-1,0
0.09982,0,0,INJECTING,3215484522,3215484522,7510451818,320000000000,-1,0
0.09982,1,-1,WAIT_RELEASE,0,0,0,400000000000,-1,0
0.09982,2,-1,WAIT_RELEASE,0,0,0,400000000000,-1,0
0.09982,3,-1,WAIT_RELEASE,0,0,0,400000000000,-1,0
0.09984,0,0,INJECTING,3215484522,3215484522,7510451818,320000000000,-1,0
0.09984,1,-1,WAIT_RELEASE,0,0,0,400000000000,-1,0
0.09984,2,-1,WAIT_RELEASE,0,0,0,400000000000,-1,0
0.09984,3,-1,WAIT_RELEASE,0,0,0,400000000000,-1,0
0.09986,0,0,INJECTING,3215484522,3215484522,7510451818,320000000000,-1,0
0.09986,1,-1,WAIT_RELEASE,0,0,0,400000000000,-1,0
0.09986,2,-1,WAIT_RELEASE,0,0,0,400000000000,-1,0
0.09986,3,-1,WAIT_RELEASE,0,0,0,400000000000,-1,0
0.09988,0,0,INJECTING,3215484522,3215484522,7510451818,320000000000,-1,0
0.09988,1,-1,WAIT_RELEASE,0,0,0,400000000000,-1,0
0.09988,2,-1,WAIT_RELEASE,0,0,0,400000000000,-1,0
0.09988,3,-1,WAIT_RELEASE,0,0,0,400000000000,-1,0
0.0999,0,0,INJECTING,3215484522,3215484522,7510451818,320000000000,-1,0
0.0999,1,-1,WAIT_RELEASE,0,0,0,400000000000,-1,0
0.0999,2,-1,WAIT_RELEASE,0,0,0,400000000000,-1,0
0.0999,3,-1,WAIT_RELEASE,0,0,0,400000000000,-1,0
0.09992,0,0,INJECTING,3215484522,3215484522,7510451818,320000000000,-1,0
0.09992,1,-1,WAIT_RELEASE,0,0,0,400000000000,-1,0
0.09992,2,-1,WAIT_RELEASE,0,0,0,400000000000,-1,0
0.09992,3,-1,WAIT_RELEASE,0,0,0,400000000000,-1,0
0.09994,0,0,INJECTING,3215484522,3215484522,7510451818,320000000000,-1,0
0.09994,1,-1,WAIT_RELEASE,0,0,0,400000000000,-1,0
0.09994,2,-1,WAIT_RELEASE,0,0,0,400000000000,-1,0
0.09994,3,-1,WAIT_RELEASE,0,0,0,400000000000,-1,0
0.09996,0,0,INJECTING,3215484522,3215484522,7510451818,320000000000,-1,0
0.09996,1,-1,WAIT_RELEASE,0,0,0,400000000000,-1,0
0.09996,2,-1,WAIT_RELEASE,0,0,0,400000000000,-1,0
0.09996,3,-1,WAIT_RELEASE,0,0,0,400000000000,-1,0
0.09998,0,0,INJECTING,3215484522,3215484522,7510451818,320000000000,-1,0
0.09998,1,-1,WAIT_RELEASE,0,0,0,400000000000,-1,0
0.09998,2,-1,WAIT_RELEASE,0,0,0,400000000000,-1,0
0.09998,3,-1,WAIT_RELEASE,0,0,0,400000000000,-1,0
0.1,0,0,INJECTING,3215484522,3215484522,7510451818,320000000000,-1,0
0.1,1,-1,WAIT_RELEASE,0,0,0,5750000000,-1,0
0.1,2,-1,WAIT_RELEASE,0,0,0,5750000000,-1,0
0.1,3,-1,WAIT_RELEASE,0,0,0,5750000000,-1,0
0.10002,0,0,INJECTING,3215484522,3215484522,7510451818,173119999999,-1,0
0.10002,1,0,INJECTING,7616,1904,262144,4201680672,-1,0
0.10002,2,0,INJECTING,7616,1904,262144,4201680672,-1,0
0.10002,3,0,INJECTING,7616,1904,262144,4201680672,-1,0
0.10004,0,0,INJECTING,3215484522,3215484522,7510451818,65882911999,-1,0
0.10004,1,0,INJECTING,19992,12376,262144,5299992574,-1,0
0.10004,2,0,INJECTING,19040,12376,262144,5299992574,-1,0
0.10004,3,0,INJECTING,19040,12376,262144,5299992574,-1,0
0.10006,0,0,INJECTING,3215484522,3215484522,7510451818,40135287170,-1,0
0.10006,1,0,INJECTING,33320,24752,262144,5872886137,-1,0
0.10006,2,0,INJECTING,33320,24752,262144,5872886137,-1,0
0.10006,3,0,INJECTING,33320,24752,262144,5872886137,-1,0
0.10008,0,0,INJECTING,3215484522,3215484522,7510451818,33953282448,-1,0
0.10008,1,0,INJECTING,47600,39032,262144,5969479961,-1,0
0.10008,2,0,INJECTING,47600,39032,262144,5969479961,-1,0
0.10008,3,0,INJECTING,47600,39032,262144,5969479961,-1,0
0.1001,0,0,INJECTING,3215484522,3215484522,7510451818,11191783115,-1,0
0.1001,1,0,INJECTING,61880,53312,262144,6197060568,-1,0
0.1001,2,0,INJECTING,61880,53312,262144,6197060568,-1,0
0.1001,3,0,INJECTING,61880,53312,262144,6197060568,-1,0
0.10012,0,0,INJECTING,3215484522,3215484522,7510451818,5726747125,-1,0
0.10012,1,0,INJECTING,77112,67592,262144,6269643077,-1,0
0.10012,2,0,INJECTING,77112,67592,262144,6269643077,-1,0
0.10012,3,0,INJECTING,77112,67592,262144,6269643077,-1,0
0.10014,0,0,INJECTING,3215484522,3215484522,7510451818,4414591984,-1,0
0.10014,1,0,INJECTING,91392,82824,262144,6435820138,-1,0
0.10014,2,0,INJECTING,91392,82824,262144,6435820138,-1,0
0.10014,3,0,INJECTING,91392,82824,262144,6435820138,-1,0
0.10016,0,0,INJECTING,3215484522,3215484522,7510451818,4099543534,-1,0
0.10016,1,0,INJECTING,107576,98056,262144,6459153176,-1,0
0.10016,2,0,INJECTING,106624,98056,262144,6459153176,-1,0
0.10016,3,0,INJECTING,106624,98056,262144,6459153176,-1,0
0.10018,0,0,INJECTING,3215484522,3215484522,7510451818,4034143431,-1,0
0.10018,1,0,INJECTING,121856,113288,262144,6186966508,-1,0
0.10018,2,0,INJECTING,121856,113288,262144,6186966508,-1,0
0.10018,3,0,INJECTING,121856,113288,262144,6186966508,-1,0
0.1002,0,0,INJECTING,3215484522,3215484522,7510451818,4034143431,-1,0
0.1002,1,0,INJECTING,137088,127568,262144,6186966508,-1,0
0.1002,2,0,INJECTING,137088,127568,262144,6186966508,-1,0
0.1002,3,0,INJECTING,137088,127568,262144,6186966508,-1,0
0.10022,0,0,INJECTING,3215484522,3215484522,7510451818,4034143431,-1,0
0.10022,1,0,INJECTING,152320,142800,262144,6436966508,-1,0
0.10022,2,0,INJECTING,152320,142800,262144,6436966508,-1,0
0.10022,3,0,INJECTING,152320,142800,262144,6436966508,-1,0
0.10024,0,0,INJECTING,3215484522,3215484522,7510451818,4034143431,-1,0
0.10024,1,0,INJECTING,167552,158032,262144,6436966508,-1,0
0.10024,2,0,INJECTING,167552,158032,262144,6436966508,-1,0
0.10024,3,0,INJECTING,167552,158032,262144,6436966508,-1,0
0.10026,0,0,INJECTING,3215484522,3215484522,7510451818,4034143431,-1,0
0.10026,1,0,INJECTING,181832,173264,262144,6186966508,-1,0
0.10026,2,0,INJECTING,181832,173264,262144,6186966508,-1,0
0.10026,3,0,INJECTING,181832,173264,262144,6186966508,-1,0
0.10028,0,0,INJECTING,3215484522,3215484522,7510451818,4034143431,-1,0
0.10028,1,0,INJECTING,197064,188496,262144,6186966508,-1,0
0.10028,2,0,INJECTING,197064,187544,262144,6186966508,-1,0
0.10028,3,0,INJECTING,197064,187544,262144,6186966508,-1,0
0.1003,0,0,INJECTING,3215484522,3215484522,7510451818,4034143431,-1,0
0.1003,1,0,INJECTING,212296,202776,262144,6436966508,-1,0
0.1003,2,0,INJECTING,212296,202776,262144,6436966508,-1,0
0.1003,3,0,INJECTING,212296,202776,262144,6436966508,-1,0
0.10032,0,0,INJECTING,3215484522,3215484522,7510451818,4034143431,-1,0
0.10032,1,0,INJECTING,227528,218008,262144,6436966508,-1,0
0.10032,2,0,INJECTING,227528,218008,262144,6436966508,-1,0
0.10032,3,0,INJECTING,227528,218008,262144,6436966508,-1,0
0.10034,0,0,INJECTING,3215484522,3215484522,7510451818,4034143431,-1,0
0.10034,1,0,INJECTING,242760,233240,262144,6186966508,-1,0
0.10034,2,0,INJECTING,241808,233240,262144,6186966508,-1,0
0.10034,3,0,INJECTING,241808,233240,262144,6186966508,-1,0
0.10036,0,0,INJECTING,3215484522,3215484522,7510451818,4034143431,-1,0
0.10036,1,0,INJECTING,257040,248472,262144,6186966508,-1,0
0.10036,2,0,INJECTING,257040,248472,262144,6186966508,-1,0
0.10036,3,0,INJECTING,257040,248472,262144,6186966508,-1,0
0.10038,0,0,INJECTING,3215484522,3215484522,7510451818,4034143431,-1,0
0.10038,1,0,DONE,262144,262144,262144,4201680672,-1,0
0.10038,2,0,DONE,262144,262144,262144,4201680672,-1,0
0.10038,3,0,DONE,262144,262144,262144,4201680672,-1,0
0.1004,0,0,INJECTING,3215484522,3215484522,7510451818,253441253996,-1,0
0.1004,1,0,DONE,262144,262144,262144,4201680672,-1,0
0.1004,2,0,DONE,262144,262144,262144,4201680672,-1,0
0.1004,3,0,DONE,262144,262144,262144,4201680672,-1,0
0.10042,0,0,INJECTING,3215484522,3215484522,7510451818,311657946053,-1,0
0.10042,1,0,DONE,262144,262144,262144,4201680672,-1,0
0.10042,2,0,DONE,262144,262144,262144,4201680672,-1,0
0.10042,3,0,DONE,262144,262144,262144,4201680672,-1,0
0.10044,0,0,INJECTING,3215484522,3215484522,7510451818,317046704351,-1,0
0.10044,1,0,DONE,262144,262144,262144,4201680672,-1,0
0.10044,2,0,DONE,262144,262144,262144,4201680672,-1,0
0.10044,3,0,DONE,262144,262144,262144,4201680672,-1,0
0.10046,0,0,INJECTING,3215484522,3215484522,7510451818,317046704351,-1,0
0.10046,1,0,DONE,262144,262144,262144,4201680672,-1,0
0.10046,2,0,DONE,262144,262144,262144,4201680672,-1,0
0.10046,3,0,DONE,262144,262144,262144,4201680672,-1,0
0.10048,0,0,INJECTING,3215484522,3215484522,7510451818,317046704351,-1,0
0.10048,1,0,DONE,262144,262144,262144,4201680672,-1,0
0.10048,2,0,DONE,262144,262144,262144,4201680672,-1,0
0.10048,3,0,DONE,262144,262144,262144,4201680672,-1,0
0.1005,0,0,INJECTING,3215484522,3215484522,7510451818,317046704351,-1,0
0.1005,1,0,DONE,262144,262144,262144,4201680672,-1,0
0.1005,2,0,DONE,262144,262144,262144,4201680672,-1,0
0.1005,3,0,DONE,262144,262144,262144,4201680672,-1,0
0.10052,0,0,INJECTING,3215484522,3215484522,7510451818,317046704351,-1,0
0.10052,1,0,DONE,262144,262144,262144,4201680672,-1,0
0.10052,2,0,DONE,262144,262144,262144,4201680672,-1,0
0.10052,3,0,DONE,262144,262144,262144,4201680672,-1,0
0.10054,0,0,INJECTING,3215484522,3215484522,7510451818,317046704351,-1,0
0.10054,1,0,DONE,262144,262144,262144,4201680672,-1,0
0.10054,2,0,DONE,262144,262144,262144,4201680672,-1,0
0.10054,3,0,DONE,262144,262144,262144,4201680672,-1,0
0.10056,0,0,INJECTING,3215484522,3215484522,7510451818,317046704351,-1,0
0.10056,1,0,DONE,262144,262144,262144,4201680672,-1,0
0.10056,2,0,DONE,262144,262144,262144,4201680672,-1,0
0.10056,3,0,DONE,262144,262144,262144,4201680672,-1,0
0.10058,0,0,INJECTING,3215484522,3215484522,7510451818,317046704351,-1,0
0.10058,1,0,DONE,262144,262144,262144,4201680672,-1,0
0.10058,2,0,DONE,262144,262144,262144,4201680672,-1,0
0.10058,3,0,DONE,262144,262144,262144,4201680672,-1,0
0.1006,0,0,INJECTING,3215484522,3215484522,7510451818,317046704351,-1,0
0.1006,1,0,DONE,262144,262144,262144,4201680672,-1,0
0.1006,2,0,DONE,262144,262144,262144,4201680672,-1,0
0.1006,3,0,DONE,262144,262144,262144,4201680672,-1,0
0.10062,0,0,INJECTING,3215484522,3215484522,7510451818,317046704351,-1,0
0.10062,1,0,DONE,262144,262144,262144,4201680672,-1,0
0.10062,2,0,DONE,262144,262144,262144,4201680672,-1,0
0.10062,3,0,DONE,262144,262144,262144,4201680672,-1,0
0.10064,0,0,INJECTING,3215484522,3215484522,7510451818,317046704351,-1,0
0.10064,1,0,DONE,262144,262144,262144,4201680672,-1,0
0.10064,2,0,DONE,262144,262144,262144,4201680672,-1,0
0.10064,3,0,DONE,262144,262144,262144,4201680672,-1,0
0.10066,0,0,INJECTING,3215484522,3215484522,7510451818,317046704351,-1,0
0.10066,1,0,DONE,262144,262144,262144,4201680672,-1,0
0.10066,2,0,DONE,262144,262144,262144,4201680672,-1,0
0.10066,3,0,DONE,262144,262144,262144,4201680672,-1,0
0.10068,0,0,INJECTING,3215484522,3215484522,7510451818,317046704351,-1,0
0.10068,1,0,DONE,262144,262144,262144,4201680672,-1,0
0.10068,2,0,DONE,262144,262144,262144,4201680672,-1,0
0.10068,3,0,DONE,262144,262144,262144,4201680672,-1,0
0.1007,0,0,INJECTING,3215484522,3215484522,7510451818,317046704351,-1,0
0.1007,1,0,DONE,262144,262144,262144,4201680672,-1,0
0.1007,2,0,DONE,262144,262144,262144,4201680672,-1,0
0.1007,3,0,DONE,262144,262144,262144,4201680672,-1,0
0.10072,0,0,INJECTING,3215484522,3215484522,7510451818,317046704351,-1,0
0.10072,1,0,DONE,262144,262144,262144,4201680672,-1,0
0.10072,2,0,DONE,262144,262144,262144,4201680672,-1,0
0.10072,3,0,DONE,262144,262144,262144,4201680672,-1,0
0.10074,0,0,INJECTING,3215484522,3215484522,7510451818,317046704351,-1,0
0.10074,1,0,DONE,262144,262144,262144,4201680672,-1,0
0.10074,2,0,DONE,262144,262144,262144,4201680672,-1,0
0.10074,3,0,DONE,262144,262144,262144,4201680672,-1,0
0.10076,0,0,INJECTING,3215484522,3215484522,7510451818,317046704351,-1,0
0.10076,1,0,DONE,262144,262144,262144,4201680672,-1,0
0.10076,2,0,DONE,262144,262144,262144,4201680672,-1,0
0.10076,3,0,DONE,262144,262144,262144,4201680672,-1,0
0.10078,0,0,INJECTING,3215484522,3215484522,7510451818,317046704351,-1,0
0.10078,1,0,DONE,262144,262144,262144,4201680672,-1,0
0.10078,2,0,DONE,262144,262144,262144,4201680672,-1,0
0.10078,3,0,DONE,262144,262144,262144,4201680672,-1,0
0.1008,0,0,INJECTING,3215484522,3215484522,7510451818,317046704351,-1,0
0.1008,1,0,DONE,262144,262144,262144,4201680672,-1,0
0.1008,2,0,DONE,262144,262144,262144,4201680672,-1,0
0.1008,3,0,DONE,262144,262144,262144,4201680672,-1,0
0.10082,0,0,INJECTING,3215484522,3215484522,7510451818,317046704351,-1,0
0.10082,1,0,DONE,262144,262144,262144,4201680672,-1,0
0.10082,2,0,DONE,262144,262144,262144,4201680672,-1,0
0.10082,3,0,DONE,262144,262144,262144,4201680672,-1,0
0.10084,0,0,INJECTING,3215484522,3215484522,7510451818,317046704351,-1,0
0.10084,1,0,DONE,262144,262144,262144,4201680672,-1,0
0.10084,2,0,DONE,262144,262144,262144,4201680672,-1,0
0.10084,3,0,DONE,262144,262144,262144,4201680672,-1,0
0.10086,0,0,INJECTING,3215484522,3215484522,7510451818,317046704351,-1,0
0.10086,1,0,DONE,262144,262144,262144,4201680672,-1,0
0.10086,2,0,DONE,262144,262144,262144,4201680672,-1,0
0.10086,3,0,DONE,262144,262144,262144,4201680672,-1,0
0.10088,0,0,INJECTING,3215484522,3215484522,7510451818,317046704351,-1,0
0.10088,1,0,DONE,262144,262144,262144,4201680672,-1,0
0.10088,2,0,DONE,262144,262144,262144,4201680672,-1,0
0.10088,3,0,DONE,262144,262144,262144,4201680672,-1,0
0.1009,0,0,INJECTING,3215484522,3215484522,7510451818,317046704351,-1,0
0.1009,1,0,DONE,262144,262144,262144,4201680672,-1,0
0.1009,2,0,DONE,262144,262144,262144,4201680672,-1,0
0.1009,3,0,DONE,262144,262144,262144,4201680672,-1,0
0.10092,0,0,INJECTING,3215484522,3215484522,7510451818,317046704351,-1,0
0.10092,1,0,DONE,262144,262144,262144,4201680672,-1,0
0.10092,2,0,DONE,262144,262144,262144,4201680672,-1,0
0.10092,3,0,DONE,262144,262144,262144,4201680672,-1,0
0.10094,0,0,INJECTING,3215484522,3215484522,7510451818,317046704351,-1,0
0.10094,1,0,DONE,262144,262144,262144,4201680672,-1,0
0.10094,2,0,DONE,262144,262144,262144,4201680672,-1,0
0.10094,3,0,DONE,262144,262144,262144,4201680672,-1,0
0.10096,0,0,INJECTING,3215484522,3215484522,7510451818,317046704351,-1,0
0.10096,1,0,DONE,262144,262144,262144,4201680672,-1,0
0.10096,2,0,DONE,262144,262144,262144,4201680672,-1,0
0.10096,3,0,DONE,262144,262144,262144,4201680672,-1,0
0.10098,0,0,INJECTING,3215484522,3215484522,7510451818,317046704351,-1,0
0.10098,1,0,DONE,262144,262144,262144,4201680672,-1,0
0.10098,2,0,DONE,262144,262144,262144,4201680672,-1,0
0.10098,3,0,DONE,262144,262144,262144,4201680672,-1,0
0.101,0,0,INJECTING,3215484522,3215484522,7510451818,317046704351,-1,0
0.101,1,0,DONE,262144,262144,262144,4201680672,-1,0
0.101,2,0,DONE,262144,262144,262144,4201680672,-1,0
0.101,3,0,DONE,262144,262144,262144,4201680672,-1,0
0.10102,0,0,INJECTING,3215484522,3215484522,7510451818,317046704351,-1,0
0.10102,1,0,DONE,262144,262144,262144,4201680672,-1,0
0.10102,2,0,DONE,262144,262144,262144,4201680672,-1,0
0.10102,3,0,DONE,262144,262144,262144,4201680672,-1,0
0.10104,0,0,INJECTING,3215484522,3215484522,7510451818,317046704351,-1,0
0.10104,1,0,DONE,262144,262144,262144,4201680672,-1,0
0.10104,2,0,DONE,262144,262144,262144,4201680672,-1,0
0.10104,3,0,DONE,262144,262144,262144,4201680672,-1,0
0.10106,0,0,INJECTING,3215484522,3215484522,7510451818,317046704351,-1,0
0.10106,1,0,DONE,262144,262144,262144,4201680672,-1,0
0.10106,2,0,DONE,262144,262144,262144,4201680672,-1,0
0.10106,3,0,DONE,262144,262144,262144,4201680672,-1,0
0.10108,0,0,INJECTING,3215484522,3215484522,7510451818,317046704351,-1,0
0.10108,1,0,DONE,262144,262144,262144,4201680672,-1,0
0.10108,2,0,DONE,262144,262144,262144,4201680672,-1,0
0.10108,3,0,DONE,262144,262144,262144,4201680672,-1,0
0.1011,0,0,INJECTING,3215484522,3215484522,7510451818,317046704351,-1,0
0.1011,1,0,DONE,262144,262144,262144,4201680672,-1,0
0.1011,2,0,DONE,262144,262144,262144,4201680672,-1,0
0.1011,3,0,DONE,262144,262144,262144,4201680672,-1,0
0.10112,0,0,INJECTING,3215484522,3215484522,7510451818,317046704351,-1,0
0.10112,1,0,DONE,262144,262144,262144,4201680672,-1,0
0.10112,2,0,DONE,262144,262144,262144,4201680672,-1,0
0.10112,3,0,DONE,262144,262144,262144,4201680672,-1,0
0.10114,0,0,INJECTING,3215484522,3215484522,7510451818,317046704351,-1,0
0.10114,1,0,DONE,262144,262144,262144,4201680672,-1,0
0.10114,2,0,DONE,262144,262144,262144,4201680672,-1,0
0.10114,3,0,DONE,262144,262144,262144,4201680672,-1,0
0.10116,0,0,INJECTING,3215484522,3215484522,7510451818,317046704351,-1,0
0.10116,1,0,DONE,262144,262144,262144,4201680672,-1,0
0.10116,2,0,DONE,262144,262144,262144,4201680672,-1,0
0.10116,3,0,DONE,262144,262144,262144,4201680672,-1,0
0.10118,0,0,INJECTING,3215484522,3215484522,7510451818,317046704351,-1,0
0.10118,1,0,DONE,262144,262144,262144,4201680672,-1,0
0.10118,2,0,DONE,262144,262144,262144,4201680672,-1,0
0.10118,3,0,DONE,262144,262144,262144,4201680672,-1,0
0.1012,0,0,INJECTING,3215484522,3215484522,7510451818,317046704351,-1,0
0.1012,1,0,DONE,262144,262144,262144,4201680672,-1,0
0.1012,2,0,DONE,262144,262144,262144,4201680672,-1,0
0.1012,3,0,DONE,262144,262144,262144,4201680672,-1,0
0.10122,0,0,INJECTING,3215484522,3215484522,7510451818,317046704351,-1,0
0.10122,1,0,DONE,262144,262144,262144,4201680672,-1,0
0.10122,2,0,DONE,262144,262144,262144,4201680672,-1,0
0.10122,3,0,DONE,262144,262144,262144,4201680672,-1,0
0.10124,0,0,INJECTING,3215484522,3215484522,7510451818,317046704351,-1,0
0.10124,1,0,DONE,262144,262144,262144,4201680672,-1,0
0.10124,2,0,DONE,262144,262144,262144,4201680672,-1,0
0.10124,3,0,DONE,262144,262144,262144,4201680672,-1,0
0.10126,0,0,INJECTING,3215484522,3215484522,7510451818,317046704351,-1,0
0.10126,1,0,DONE,262144,262144,262144,4201680672,-1,0
0.10126,2,0,DONE,262144,262144,262144,4201680672,-1,0
0.10126,3,0,DONE,262144,262144,262144,4201680672,-1,0
0.10128,0,0,INJECTING,3215484522,3215484522,7510451818,317046704351,-1,0
0.10128,1,0,DONE,262144,262144,262144,4201680672,-1,0
0.10128,2,0,DONE,262144,262144,262144,4201680672,-1,0
0.10128,3,0,DONE,262144,262144,262144,4201680672,-1,0
0.1013,0,0,INJECTING,3215484522,3215484522,7510451818,317046704351,-1,0
0.1013,1,0,DONE,262144,262144,262144,4201680672,-1,0
0.1013,2,0,DONE,262144,262144,262144,4201680672,-1,0
0.1013,3,0,DONE,262144,262144,262144,4201680672,-1,0
0.10132,0,0,INJECTING,3215484522,3215484522,7510451818,317046704351,-1,0
0.10132,1,0,DONE,262144,262144,262144,4201680672,-1,0
0.10132,2,0,DONE,262144,262144,262144,4201680672,-1,0
0.10132,3,0,DONE,262144,262144,262144,4201680672,-1,0
0.10134,0,0,INJECTING,3215484522,3215484522,7510451818,317046704351,-1,0
0.10134,1,0,DONE,262144,262144,262144,4201680672,-1,0
0.10134,2,0,DONE,262144,262144,262144,4201680672,-1,0
0.10134,3,0,DONE,262144,262144,262144,4201680672,-1,0
0.10136,0,0,INJECTING,3215484522,3215484522,7510451818,317046704351,-1,0
0.10136,1,0,DONE,262144,262144,262144,4201680672,-1,0
0.10136,2,0,DONE,262144,262144,262144,4201680672,-1,0
0.10136,3,0,DONE,262144,262144,262144,4201680672,-1,0
0.10138,0,0,INJECTING,3215484522,3215484522,7510451818,317046704351,-1,0
0.10138,1,0,DONE,262144,262144,262144,4201680672,-1,0
0.10138,2,0,DONE,262144,262144,262144,4201680672,-1,0
0.10138,3,0,DONE,262144,262144,262144,4201680672,-1,0
0.1014,0,0,INJECTING,3215484522,3215484522,7510451818,317046704351,-1,0
0.1014,1,0,DONE,262144,262144,262144,4201680672,-1,0
0.1014,2,0,DONE,262144,262144,262144,4201680672,-1,0
0.1014,3,0,DONE,262144,262144,262144,4201680672,-1,0
0.10142,0,0,INJECTING,3215484522,3215484522,7510451818,317046704351,-1,0
0.10142,1,0,DONE,262144,262144,262144,4201680672,-1,0
0.10142,2,0,DONE,262144,262144,262144,4201680672,-1,0
0.10142,3,0,DONE,262144,262144,262144,4201680672,-1,0
0.10144,0,0,INJECTING,3215484522,3215484522,7510451818,317046704351,-1,0
0.10144,1,0,DONE,262144,262144,262144,4201680672,-1,0
0.10144,2,0,DONE,262144,262144,262144,4201680672,-1,0
0.10144,3,0,DONE,262144,262144,262144,4201680672,-1,0
0.10146,0,0,INJECTING,3215484522,3215484522,7510451818,317046704351,-1,0
0.10146,1,0,DONE,262144,262144,262144,4201680672,-1,0
0.10146,2,0,DONE,262144,262144,262144,4201680672,-1,0
0.10146,3,0,DONE,262144,262144,262144,4201680672,-1,0
0.10148,0,0,INJECTING,3215484522,3215484522,7510451818,317046704351,-1,0
0.10148,1,0,DONE,262144,262144,262144,4201680672,-1,0
0.10148,2,0,DONE,262144,262144,262144,4201680672,-1,0
0.10148,3,0,DONE,262144,262144,262144,4201680672,-1,0
0.1015,0,0,INJECTING,3215484522,3215484522,7510451818,317046704351,-1,0
0.1015,1,0,DONE,262144,262144,262144,4201680672,-1,0
0.1015,2,0,DONE,262144,262144,262144,4201680672,-1,0
0.1015,3,0,DONE,262144,262144,262144,4201680672,-1,0
0.10152,0,0,INJECTING,3215484522,3215484522,7510451818,317046704351,-1,0
0.10152,1,0,DONE,262144,262144,262144,4201680672,-1,0
0.10152,2,0,DONE,262144,262144,262144,4201680672,-1,0
0.10152,3,0,DONE,262144,262144,262144,4201680672,-1,0
0.10154,0,0,INJECTING,3215484522,3215484522,7510451818,317046704351,-1,0
0.10154,1,0,DONE,262144,262144,262144,4201680672,-1,0
0.10154,2,0,DONE,262144,262144,262144,4201680672,-1,0
0.10154,3,0,DONE,262144,262144,262144,4201680672,-1,0
0.10156,0,0,INJECTING,3215484522,3215484522,7510451818,317046704351,-1,0
0.10156,1,0,DONE,262144,262144,262144,4201680672,-1,0
0.10156,2,0,DONE,262144,262144,262144,4201680672,-1,0
0.10156,3,0,DONE,262144,262144,262144,4201680672,-1,0
0.10158,0,0,INJECTING,3215484522,3215484522,7510451818,317046704351,-1,0
0.10158,1,0,DONE,262144,262144,262144,4201680672,-1,0
0.10158,2,0,DONE,262144,262144,262144,4201680672,-1,0
0.10158,3,0,DONE,262144,262144,262144,4201680672,-1,0
0.1016,0,0,INJECTING,3215484522,3215484522,7510451818,317046704351,-1,0
0.1016,1,0,DONE,262144,262144,262144,4201680672,-1,0
0.1016,2,0,DONE,262144,262144,262144,4201680672,-1,0
0.1016,3,0,DONE,262144,262144,262144,4201680672,-1,0
0.10162,0,0,INJECTING,3215484522,3215484522,7510451818,317046704351,-1,0
0.10162,1,0,DONE,262144,262144,262144,4201680672,-1,0
0.10162,2,0,DONE,262144,262144,262144,4201680672,-1,0
0.10162,3,0,DONE,262144,262144,262144,4201680672,-1,0
0.10164,0,0,INJECTING,3215484522,3215484522,7510451818,317046704351,-1,0
0.10164,1,0,DONE,262144,262144,262144,4201680672,-1,0
0.10164,2,0,DONE,262144,262144,262144,4201680672,-1,0
0.10164,3,0,DONE,262144,262144,262144,4201680672,-1,0
0.10166,0,0,INJECTING,3215484522,3215484522,7510451818,317046704351,-1,0
0.10166,1,0,DONE,262144,262144,262144,4201680672,-1,0
0.10166,2,0,DONE,262144,262144,262144,4201680672,-1,0
0.10166,3,0,DONE,262144,262144,262144,4201680672,-1,0
0.10168,0,0,INJECTING,3215484522,3215484522,7510451818,317046704351,-1,0
0.10168,1,0,DONE,262144,262144,262144,4201680672,-1,0
0.10168,2,0,DONE,262144,262144,262144,4201680672,-1,0
0.10168,3,0,DONE,262144,262144,262144,4201680672,-1,0
0.1017,0,0,INJECTING,3215484522,3215484522,7510451818,317046704351,-1,0
0.1017,1,0,DONE,262144,262144,262144,4201680672,-1,0
0.1017,2,0,DONE,262144,262144,262144,4201680672,-1,0
0.1017,3,0,DONE,262144,262144,262144,4201680672,-1,0
0.10172,0,0,INJECTING,3215484522,3215484522,7510451818,317046704351,-1,0
0.10172,1,0,DONE,262144,262144,262144,4201680672,-1,0
0.10172,2,0,DONE,262144,262144,262144,4201680672,-1,0
0.10172,3,0,DONE,262144,262144,262144,4201680672,-1,0
0.10174,0,0,INJECTING,3215484522,3215484522,7510451818,317046704351,-1,0
0.10174,1,0,DONE,262144,262144,262144,4201680672,-1,0
0.10174,2,0,DONE,262144,262144,262144,4201680672,-1,0
0.10174,3,0,DONE,262144,262144,262144,4201680672,-1,0
0.10176,0,0,INJECTING,3215484522,3215484522,7510451818,317046704351,-1,0
0.10176,1,0,DONE,262144,262144,262144,4201680672,-1,0
0.10176,2,0,DONE,262144,262144,262144,4201680672,-1,0
0.10176,3,0,DONE,262144,262144,262144,4201680672,-1,0
0.10178,0,0,INJECTING,3215484522,3215484522,7510451818,317046704351,-1,0
0.10178,1,0,DONE,262144,262144,262144,4201680672,-1,0
0.10178,2,0,DONE,262144,262144,262144,4201680672,-1,0
0.10178,3,0,DONE,262144,262144,262144,4201680672,-1,0
0.1018,0,0,INJECTING,3215484522,3215484522,7510451818,317046704351,-1,0
0.1018,1,0,DONE,262144,262144,262144,4201680672,-1,0
0.1018,2,0,DONE,262144,262144,262144,4201680672,-1,0
0.1018,3,0,DONE,262144,262144,262144,4201680672,-1,0
0.10182,0,0,INJECTING,3215484522,3215484522,7510451818,317046704351,-1,0
0.10182,1,0,DONE,262144,262144,262144,4201680672,-1,0
0.10182,2,0,DONE,262144,262144,262144,4201680672,-1,0
0.10182,3,0,DONE,262144,262144,262144,4201680672,-1,0
0.10184,0,0,INJECTING,3215484522,3215484522,7510451818,317046704351,-1,0
0.10184,1,0,DONE,262144,262144,262144,4201680672,-1,0
0.10184,2,0,DONE,262144,262144,262144,4201680672,-1,0
0.10184,3,0,DONE,262144,262144,262144,4201680672,-1,0
0.10186,0,0,INJECTING,3215484522,3215484522,7510451818,317046704351,-1,0
0.10186,1,0,DONE,262144,262144,262144,4201680672,-1,0
0.10186,2,0,DONE,262144,262144,262144,4201680672,-1,0
0.10186,3,0,DONE,262144,262144,262144,4201680672,-1,0
0.10188,0,0,INJECTING,3215484522,3215484522,7510451818,317046704351,-1,0
0.10188,1,0,DONE,262144,262144,262144,4201680672,-1,0
0.10188,2,0,DONE,262144,262144,262144,4201680672,-1,0
0.10188,3,0,DONE,262144,262144,262144,4201680672,-1,0
0.1019,0,0,INJECTING,3215484522,3215484522,7510451818,317046704351,-1,0
0.1019,1,0,DONE,262144,262144,262144,4201680672,-1,0
0.1019,2,0,DONE,262144,262144,262144,4201680672,-1,0
0.1019,3,0,DONE,262144,262144,262144,4201680672,-1,0
0.10192,0,0,INJECTING,3215484522,3215484522,7510451818,317046704351,-1,0
0.10192,1,0,DONE,262144,262144,262144,4201680672,-1,0
0.10192,2,0,DONE,262144,262144,262144,4201680672,-1,0
0.10192,3,0,DONE,262144,262144,262144,4201680672,-1,0
0.10194,0,0,INJECTING,3215484522,3215484522,7510451818,317046704351,-1,0
0.10194,1,0,DONE,262144,262144,262144,4201680672,-1,0
0.10194,2,0,DONE,262144,262144,262144,4201680672,-1,0
0.10194,3,0,DONE,262144,262144,262144,4201680672,-1,0
0.10196,0,0,INJECTING,3215484522,3215484522,7510451818,317046704351,-1,0
0.10196,1,0,DONE,262144,262144,262144,4201680672,-1,0
0.10196,2,0,DONE,262144,262144,262144,4201680672,-1,0
0.10196,3,0,DONE,262144,262144,262144,4201680672,-1,0
0.10198,0,0,INJECTING,3215484522,3215484522,7510451818,317046704351,-1,0
0.10198,1,0,DONE,262144,262144,262144,4201680672,-1,0
0.10198,2,0,DONE,262144,262144,262144,4201680672,-1,0
0.10198,3,0,DONE,262144,262144,262144,4201680672,-1,0
0.102,0,0,INJECTING,3215484522,3215484522,7510451818,317046704351,-1,0
0.102,1,0,DONE,262144,262144,262144,4201680672,-1,0
0.102,2,0,DONE,262144,262144,262144,4201680672,-1,0
0.102,3,0,DONE,262144,262144,262144,4201680672,-1,0
0.10202,0,0,INJECTING,3215484522,3215484522,7510451818,317046704351,-1,0
0.10202,1,0,DONE,262144,262144,262144,4201680672,-1,0
0.10202,2,0,DONE,262144,262144,262144,4201680672,-1,0
0.10202,3,0,DONE,262144,262144,262144,4201680672,-1,0
0.10204,0,0,INJECTING,3215484522,3215484522,7510451818,317046704351,-1,0
0.10204,1,0,DONE,262144,262144,262144,4201680672,-1,0
0.10204,2,0,DONE,262144,262144,262144,4201680672,-1,0
0.10204,3,0,DONE,262144,262144,262144,4201680672,-1,0
0.10206,0,0,INJECTING,3215484522,3215484522,7510451818,317046704351,-1,0
0.10206,1,0,DONE,262144,262144,262144,4201680672,-1,0
0.10206,2,0,DONE,262144,262144,262144,4201680672,-1,0
0.10206,3,0,DONE,262144,262144,262144,4201680672,-1,0
0.10208,0,0,INJECTING,3215484522,3215484522,7510451818,317046704351,-1,0
0.10208,1,0,DONE,262144,262144,262144,4201680672,-1,0
0.10208,2,0,DONE,262144,262144,262144,4201680672,-1,0
0.10208,3,0,DONE,262144,262144,262144,4201680672,-1,0
0.1021,0,0,INJECTING,3215484522,3215484522,7510451818,317046704351,-1,0
0.1021,1,0,DONE,262144,262144,262144,4201680672,-1,0
0.1021,2,0,DONE,262144,262144,262144,4201680672,-1,0
0.1021,3,0,DONE,262144,262144,262144,4201680672,-1,0
0.10212,0,0,INJECTING,3215484522,3215484522,7510451818,317046704351,-1,0
0.10212,1,0,DONE,262144,262144,262144,4201680672,-1,0
0.10212,2,0,DONE,262144,262144,262144,4201680672,-1,0
0.10212,3,0,DONE,262144,262144,262144,4201680672,-1,0
0.10214,0,0,INJECTING,3215484522,3215484522,7510451818,317046704351,-1,0
0.10214,1,0,DONE,262144,262144,262144,4201680672,-1,0
0.10214,2,0,DONE,262144,262144,262144,4201680672,-1,0
0.10214,3,0,DONE,262144,262144,262144,4201680672,-1,0
0.10216,0,0,INJECTING,3215484522,3215484522,7510451818,317046704351,-1,0
0.10216,1,0,DONE,262144,262144,262144,4201680672,-1,0
0.10216,2,0,DONE,262144,262144,262144,4201680672,-1,0
0.10216,3,0,DONE,262144,262144,262144,4201680672,-1,0
0.10218,0,0,INJECTING,3215484522,3215484522,7510451818,317046704351,-1,0
0.10218,1,0,DONE,262144,262144,262144,4201680672,-1,0
0.10218,2,0,DONE,262144,262144,262144,4201680672,-1,0
0.10218,3,0,DONE,262144,262144,262144,4201680672,-1,0
0.1022,0,0,INJECTING,3215484522,3215484522,7510451818,317046704351,-1,0
0.1022,1,0,DONE,262144,262144,262144,4201680672,-1,0
0.1022,2,0,DONE,262144,262144,262144,4201680672,-1,0
0.1022,3,0,DONE,262144,262144,262144,4201680672,-1,0
0.10222,0,0,INJECTING,3215484522,3215484522,7510451818,317046704351,-1,0
0.10222,1,0,DONE,262144,262144,262144,4201680672,-1,0
0.10222,2,0,DONE,262144,262144,262144,4201680672,-1,0
0.10222,3,0,DONE,262144,262144,262144,4201680672,-1,0
0.10224,0,0,INJECTING,3215484522,3215484522,7510451818,317046704351,-1,0
0.10224,1,0,DONE,262144,262144,262144,4201680672,-1,0
0.10224,2,0,DONE,262144,262144,262144,4201680672,-1,0
0.10224,3,0,DONE,262144,262144,262144,4201680672,-1,0
0.10226,0,0,INJECTING,3215484522,3215484522,7510451818,317046704351,-1,0
0.10226,1,0,DONE,262144,262144,262144,4201680672,-1,0
0.10226,2,0,DONE,262144,262144,262144,4201680672,-1,0
0.10226,3,0,DONE,262144,262144,262144,4201680672,-1,0
0.10228,0,0,INJECTING,3215484522,3215484522,7510451818,317046704351,-1,0
0.10228,1,0,DONE,262144,262144,262144,4201680672,-1,0
0.10228,2,0,DONE,262144,262144,262144,4201680672,-1,0
0.10228,3,0,DONE,262144,262144,262144,4201680672,-1,0
0.1023,0,0,INJECTING,3215484522,3215484522,7510451818,317046704351,-1,0
0.1023,1,0,DONE,262144,262144,262144,4201680672,-1,0
0.1023,2,0,DONE,262144,262144,262144,4201680672,-1,0
0.1023,3,0,DONE,262144,262144,262144,4201680672,-1,0
0.10232,0,0,INJECTING,3215484522,3215484522,7510451818,317046704351,-1,0
0.10232,1,0,DONE,262144,262144,262144,4201680672,-1,0
0.10232,2,0,DONE,262144,262144,262144,4201680672,-1,0
0.10232,3,0,DONE,262144,262144,262144,4201680672,-1,0
0.10234,0,0,INJECTING,3215484522,3215484522,7510451818,317046704351,-1,0
0.10234,1,0,DONE,262144,262144,262144,4201680672,-1,0
0.10234,2,0,DONE,262144,262144,262144,4201680672,-1,0
0.10234,3,0,DONE,262144,262144,262144,4201680672,-1,0
0.10236,0,0,INJECTING,3215484522,3215484522,7510451818,317046704351,-1,0
0.10236,1,0,DONE,262144,262144,262144,4201680672,-1,0
0.10236,2,0,DONE,262144,262144,262144,4201680672,-1,0
0.10236,3,0,DONE,262144,262144,262144,4201680672,-1,0
0.10238,0,0,INJECTING,3215484522,3215484522,7510451818,317046704351,-1,0
0.10238,1,0,DONE,262144,262144,262144,4201680672,-1,0
0.10238,2,0,DONE,262144,262144,262144,4201680672,-1,0
0.10238,3,0,DONE,262144,262144,262144,4201680672,-1,0
0.1024,0,0,INJECTING,3215484522,3215484522,7510451818,317046704351,-1,0
0.1024,1,0,DONE,262144,262144,262144,4201680672,-1,0
0.1024,2,0,DONE,262144,262144,262144,4201680672,-1,0
0.1024,3,0,DONE,262144,262144,262144,4201680672,-1,0
0.10242,0,0,INJECTING,3215484522,3215484522,7510451818,317046704351,-1,0
0.10242,1,0,DONE,262144,262144,262144,4201680672,-1,0
0.10242,2,0,DONE,262144,262144,262144,4201680672,-1,0
0.10242,3,0,DONE,262144,262144,262144,4201680672,-1,0
0.10244,0,0,INJECTING,3215484522,3215484522,7510451818,317046704351,-1,0
0.10244,1,0,DONE,262144,262144,262144,4201680672,-1,0
0.10244,2,0,DONE,262144,262144,262144,4201680672,-1,0
0.10244,3,0,DONE,262144,262144,262144,4201680672,-1,0
0.10246,0,0,INJECTING,3215484522,3215484522,7510451818,317046704351,-1,0
0.10246,1,0,DONE,262144,262144,262144,4201680672,-1,0
0.10246,2,0,DONE,262144,262144,262144,4201680672,-1,0
0.10246,3,0,DONE,262144,262144,262144,4201680672,-1,0
0.10248,0,0,INJECTING,3215484522,3215484522,7510451818,317046704351,-1,0
0.10248,1,0,DONE,262144,262144,262144,4201680672,-1,0
0.10248,2,0,DONE,262144,262144,262144,4201680672,-1,0
0.10248,3,0,DONE,262144,262144,262144,4201680672,-1,0
0.1025,0,0,INJECTING,3215484522,3215484522,7510451818,317046704351,-1,0
0.1025,1,0,DONE,262144,262144,262144,4201680672,-1,0
0.1025,2,0,DONE,262144,262144,262144,4201680672,-1,0
0.1025,3,0,DONE,262144,262144,262144,4201680672,-1,0
0.10252,0,0,INJECTING,3215484522,3215484522,7510451818,317046704351,-1,0
0.10252,1,0,DONE,262144,262144,262144,4201680672,-1,0
0.10252,2,0,DONE,262144,262144,262144,4201680672,-1,0
0.10252,3,0,DONE,262144,262144,262144,4201680672,-1,0
0.10254,0,0,INJECTING,3215484522,3215484522,7510451818,317046704351,-1,0
0.10254,1,0,DONE,262144,262144,262144,4201680672,-1,0
0.10254,2,0,DONE,262144,262144,262144,4201680672,-1,0
0.10254,3,0,DONE,262144,262144,262144,4201680672,-1,0
0.10256,0,0,INJECTING,3215484522,3215484522,7510451818,317046704351,-1,0
0.10256,1,0,DONE,262144,262144,262144,4201680672,-1,0
0.10256,2,0,DONE,262144,262144,262144,4201680672,-1,0
0.10256,3,0,DONE,262144,262144,262144,4201680672,-1,0
0.10258,0,0,INJECTING,3215484522,3215484522,7510451818,317046704351,-1,0
0.10258,1,0,DONE,262144,262144,262144,4201680672,-1,0
0.10258,2,0,DONE,262144,262144,262144,4201680672,-1,0
0.10258,3,0,DONE,262144,262144,262144,4201680672,-1,0
0.1026,0,0,INJECTING,3215484522,3215484522,7510451818,317046704351,-1,0
0.1026,1,0,DONE,262144,262144,262144,4201680672,-1,0
0.1026,2,0,DONE,262144,262144,262144,4201680672,-1,0
0.1026,3,0,DONE,262144,262144,262144,4201680672,-1,0
0.10262,0,0,INJECTING,3215484522,3215484522,7510451818,317046704351,-1,0
0.10262,1,0,DONE,262144,262144,262144,4201680672,-1,0
0.10262,2,0,DONE,262144,262144,262144,4201680672,-1,0
0.10262,3,0,DONE,262144,262144,262144,4201680672,-1,0
0.10264,0,0,INJECTING,3215484522,3215484522,7510451818,317046704351,-1,0
0.10264,1,0,DONE,262144,262144,262144,4201680672,-1,0
0.10264,2,0,DONE,262144,262144,262144,4201680672,-1,0
0.10264,3,0,DONE,262144,262144,262144,4201680672,-1,0
0.10266,0,0,INJECTING,3215484522,3215484522,7510451818,317046704351,-1,0
0.10266,1,0,DONE,262144,262144,262144,4201680672,-1,0
0.10266,2,0,DONE,262144,262144,262144,4201680672,-1,0
0.10266,3,0,DONE,262144,262144,262144,4201680672,-1,0
0.10268,0,0,INJECTING,3215484522,3215484522,7510451818,317046704351,-1,0
0.10268,1,0,DONE,262144,262144,262144,4201680672,-1,0
0.10268,2,0,DONE,262144,262144,262144,4201680672,-1,0
0.10268,3,0,DONE,262144,262144,262144,4201680672,-1,0
0.1027,0,0,INJECTING,3215484522,3215484522,7510451818,317046704351,-1,0
0.1027,1,0,DONE,262144,262144,262144,4201680672,-1,0
0.1027,2,0,DONE,262144,262144,262144,4201680672,-1,0
0.1027,3,0,DONE,262144,262144,262144,4201680672,-1,0
0.10272,0,0,INJECTING,3215484522,3215484522,7510451818,317046704351,-1,0
0.10272,1,0,DONE,262144,262144,262144,4201680672,-1,0
0.10272,2,0,DONE,262144,262144,262144,4201680672,-1,0
0.10272,3,0,DONE,262144,262144,262144,4201680672,-1,0
0.10274,0,0,INJECTING,3215484522,3215484522,7510451818,317046704351,-1,0
0.10274,1,0,DONE,262144,262144,262144,4201680672,-1,0
0.10274,2,0,DONE,262144,262144,262144,4201680672,-1,0
0.10274,3,0,DONE,262144,262144,262144,4201680672,-1,0
0.10276,0,0,INJECTING,3215484522,3215484522,7510451818,317046704351,-1,0
0.10276,1,0,DONE,262144,262144,262144,4201680672,-1,0
0.10276,2,0,DONE,262144,262144,262144,4201680672,-1,0
0.10276,3,0,DONE,262144,262144,262144,4201680672,-1,0
0.10278,0,0,INJECTING,3215484522,3215484522,7510451818,317046704351,-1,0
0.10278,1,0,DONE,262144,262144,262144,4201680672,-1,0
0.10278,2,0,DONE,262144,262144,262144,4201680672,-1,0
0.10278,3,0,DONE,262144,262144,262144,4201680672,-1,0
0.1028,0,0,INJECTING,3215484522,3215484522,7510451818,317046704351,-1,0
0.1028,1,0,DONE,262144,262144,262144,4201680672,-1,0
0.1028,2,0,DONE,262144,262144,262144,4201680672,-1,0
0.1028,3,0,DONE,262144,262144,262144,4201680672,-1,0
0.10282,0,0,INJECTING,3215484522,3215484522,7510451818,317046704351,-1,0
0.10282,1,0,DONE,262144,262144,262144,4201680672,-1,0
0.10282,2,0,DONE,262144,262144,262144,4201680672,-1,0
0.10282,3,0,DONE,262144,262144,262144,4201680672,-1,0
0.10284,0,0,INJECTING,3215484522,3215484522,7510451818,317046704351,-1,0
0.10284,1,0,DONE,262144,262144,262144,4201680672,-1,0
0.10284,2,0,DONE,262144,262144,262144,4201680672,-1,0
0.10284,3,0,DONE,262144,262144,262144,4201680672,-1,0
0.10286,0,0,INJECTING,3215484522,3215484522,7510451818,317046704351,-1,0
0.10286,1,0,DONE,262144,262144,262144,4201680672,-1,0
0.10286,2,0,DONE,262144,262144,262144,4201680672,-1,0
0.10286,3,0,DONE,262144,262144,262144,4201680672,-1,0
0.10288,0,0,INJECTING,3215484522,3215484522,7510451818,317046704351,-1,0
0.10288,1,0,DONE,262144,262144,262144,4201680672,-1,0
0.10288,2,0,DONE,262144,262144,262144,4201680672,-1,0
0.10288,3,0,DONE,262144,262144,262144,4201680672,-1,0
0.1029,0,0,INJECTING,3215484522,3215484522,7510451818,317046704351,-1,0
0.1029,1,0,DONE,262144,262144,262144,4201680672,-1,0
0.1029,2,0,DONE,262144,262144,262144,4201680672,-1,0
0.1029,3,0,DONE,262144,262144,262144,4201680672,-1,0
0.10292,0,0,INJECTING,3215484522,3215484522,7510451818,317046704351,-1,0
0.10292,1,0,DONE,262144,262144,262144,4201680672,-1,0
0.10292,2,0,DONE,262144,262144,262144,4201680672,-1,0
0.10292,3,0,DONE,262144,262144,262144,4201680672,-1,0
0.10294,0,0,INJECTING,3215484522,3215484522,7510451818,317046704351,-1,0
0.10294,1,0,DONE,262144,262144,262144,4201680672,-1,0
0.10294,2,0,DONE,262144,262144,262144,4201680672,-1,0
0.10294,3,0,DONE,262144,262144,262144,4201680672,-1,0
0.10296,0,0,INJECTING,3215484522,3215484522,7510451818,317046704351,-1,0
0.10296,1,0,DONE,262144,262144,262144,4201680672,-1,0
0.10296,2,0,DONE,262144,262144,262144,4201680672,-1,0
0.10296,3,0,DONE,262144,262144,262144,4201680672,-1,0
0.10298,0,0,INJECTING,3215484522,3215484522,7510451818,317046704351,-1,0
0.10298,1,0,DONE,262144,262144,262144,4201680672,-1,0
0.10298,2,0,DONE,262144,262144,262144,4201680672,-1,0
0.10298,3,0,DONE,262144,262144,262144,4201680672,-1,0
0.103,0,0,INJECTING,3215484522,3215484522,7510451818,317046704351,-1,0
0.103,1,0,DONE,262144,262144,262144,4201680672,-1,0
0.103,2,0,DONE,262144,262144,262144,4201680672,-1,0
0.103,3,0,DONE,262144,262144,262144,4201680672,-1,0
0.10302,0,0,INJECTING,3215484522,3215484522,7510451818,317046704351,-1,0
0.10302,1,0,DONE,262144,262144,262144,4201680672,-1,0
0.10302,2,0,DONE,262144,262144,262144,4201680672,-1,0
0.10302,3,0,DONE,262144,262144,262144,4201680672,-1,0
0.10304,0,0,INJECTING,3215484522,3215484522,7510451818,317046704351,-1,0
0.10304,1,0,DONE,262144,262144,262144,4201680672,-1,0
0.10304,2,0,DONE,262144,262144,262144,4201680672,-1,0
0.10304,3,0,DONE,262144,262144,262144,4201680672,-1,0
0.10306,0,0,INJECTING,3215484522,3215484522,7510451818,317046704351,-1,0
0.10306,1,0,DONE,262144,262144,262144,4201680672,-1,0
0.10306,2,0,DONE,262144,262144,262144,4201680672,-1,0
0.10306,3,0,DONE,262144,262144,262144,4201680672,-1,0
0.10308,0,0,INJECTING,3215484522,3215484522,7510451818,317046704351,-1,0
0.10308,1,0,DONE,262144,262144,262144,4201680672,-1,0
0.10308,2,0,DONE,262144,262144,262144,4201680672,-1,0
0.10308,3,0,DONE,262144,262144,262144,4201680672,-1,0
0.1031,0,0,INJECTING,3215484522,3215484522,7510451818,317046704351,-1,0
0.1031,1,0,DONE,262144,262144,262144,4201680672,-1,0
0.1031,2,0,DONE,262144,262144,262144,4201680672,-1,0
0.1031,3,0,DONE,262144,262144,262144,4201680672,-1,0
0.10312,0,0,INJECTING,3215484522,3215484522,7510451818,317046704351,-1,0
0.10312,1,0,DONE,262144,262144,262144,4201680672,-1,0
0.10312,2,0,DONE,262144,262144,262144,4201680672,-1,0
0.10312,3,0,DONE,262144,262144,262144,4201680672,-1,0
0.10314,0,0,INJECTING,3215484522,3215484522,7510451818,317046704351,-1,0
0.10314,1,0,DONE,262144,262144,262144,4201680672,-1,0
0.10314,2,0,DONE,262144,262144,262144,4201680672,-1,0
0.10314,3,0,DONE,262144,262144,262144,4201680672,-1,0
0.10316,0,0,INJECTING,3215484522,3215484522,7510451818,317046704351,-1,0
0.10316,1,0,DONE,262144,262144,262144,4201680672,-1,0
0.10316,2,0,DONE,262144,262144,262144,4201680672,-1,0
0.10316,3,0,DONE,262144,262144,262144,4201680672,-1,0
0.10318,0,0,INJECTING,3215484522,3215484522,7510451818,317046704351,-1,0
0.10318,1,0,DONE,262144,262144,262144,4201680672,-1,0
0.10318,2,0,DONE,262144,262144,262144,4201680672,-1,0
0.10318,3,0,DONE,262144,262144,262144,4201680672,-1,0
0.1032,0,0,INJECTING,3215484522,3215484522,7510451818,317046704351,-1,0
0.1032,1,0,DONE,262144,262144,262144,4201680672,-1,0
0.1032,2,0,DONE,262144,262144,262144,4201680672,-1,0
0.1032,3,0,DONE,262144,262144,262144,4201680672,-1,0
0.10322,0,0,INJECTING,3215484522,3215484522,7510451818,317046704351,-1,0
0.10322,1,0,DONE,262144,262144,262144,4201680672,-1,0
0.10322,2,0,DONE,262144,262144,262144,4201680672,-1,0
0.10322,3,0,DONE,262144,262144,262144,4201680672,-1,0
0.10324,0,0,INJECTING,3215484522,3215484522,7510451818,317046704351,-1,0
0.10324,1,0,DONE,262144,262144,262144,4201680672,-1,0
0.10324,2,0,DONE,262144,262144,262144,4201680672,-1,0
0.10324,3,0,DONE,262144,262144,262144,4201680672,-1,0
0.10326,0,0,INJECTING,3215484522,3215484522,7510451818,317046704351,-1,0
0.10326,1,0,DONE,262144,262144,262144,4201680672,-1,0
0.10326,2,0,DONE,262144,262144,262144,4201680672,-1,0
0.10326,3,0,DONE,262144,262144,262144,4201680672,-1,0
0.10328,0,0,INJECTING,3215484522,3215484522,7510451818,317046704351,-1,0
0.10328,1,0,DONE,262144,262144,262144,4201680672,-1,0
0.10328,2,0,DONE,262144,262144,262144,4201680672,-1,0
0.10328,3,0,DONE,262144,262144,262144,4201680672,-1,0
0.1033,0,0,INJECTING,3215484522,3215484522,7510451818,317046704351,-1,0
0.1033,1,0,DONE,262144,262144,262144,4201680672,-1,0
0.1033,2,0,DONE,262144,262144,262144,4201680672,-1,0
0.1033,3,0,DONE,262144,262144,262144,4201680672,-1,0
0.10332,0,0,INJECTING,3215484522,3215484522,7510451818,317046704351,-1,0
0.10332,1,0,DONE,262144,262144,262144,4201680672,-1,0
0.10332,2,0,DONE,262144,262144,262144,4201680672,-1,0
0.10332,3,0,DONE,262144,262144,262144,4201680672,-1,0
0.10334,0,0,INJECTING,3215484522,3215484522,7510451818,317046704351,-1,0
0.10334,1,0,DONE,262144,262144,262144,4201680672,-1,0
0.10334,2,0,DONE,262144,262144,262144,4201680672,-1,0
0.10334,3,0,DONE,262144,262144,262144,4201680672,-1,0
0.10336,0,0,INJECTING,3215484522,3215484522,7510451818,317046704351,-1,0
0.10336,1,0,DONE,262144,262144,262144,4201680672,-1,0
0.10336,2,0,DONE,262144,262144,262144,4201680672,-1,0
0.10336,3,0,DONE,262144,262144,262144,4201680672,-1,0
0.10338,0,0,INJECTING,3215484522,3215484522,7510451818,317046704351,-1,0
0.10338,1,0,DONE,262144,262144,262144,4201680672,-1,0
0.10338,2,0,DONE,262144,262144,262144,4201680672,-1,0
0.10338,3,0,DONE,262144,262144,262144,4201680672,-1,0
0.1034,0,0,INJECTING,3215484522,3215484522,7510451818,317046704351,-1,0
0.1034,1,0,DONE,262144,262144,262144,4201680672,-1,0
0.1034,2,0,DONE,262144,262144,262144,4201680672,-1,0
0.1034,3,0,DONE,262144,262144,262144,4201680672,-1,0
0.10342,0,0,INJECTING,3215484522,3215484522,7510451818,317046704351,-1,0
0.10342,1,0,DONE,262144,262144,262144,4201680672,-1,0
0.10342,2,0,DONE,262144,262144,262144,4201680672,-1,0
0.10342,3,0,DONE,262144,262144,262144,4201680672,-1,0
0.10344,0,0,INJECTING,3215484522,3215484522,7510451818,317046704351,-1,0
0.10344,1,0,DONE,262144,262144,262144,4201680672,-1,0
0.10344,2,0,DONE,262144,262144,262144,4201680672,-1,0
0.10344,3,0,DONE,262144,262144,262144,4201680672,-1,0
0.10346,0,0,INJECTING,3215484522,3215484522,7510451818,317046704351,-1,0
0.10346,1,0,DONE,262144,262144,262144,4201680672,-1,0
0.10346,2,0,DONE,262144,262144,262144,4201680672,-1,0
0.10346,3,0,DONE,262144,262144,262144,4201680672,-1,0
0.10348,0,0,INJECTING,3215484522,3215484522,7510451818,317046704351,-1,0
0.10348,1,0,DONE,262144,262144,262144,4201680672,-1,0
0.10348,2,0,DONE,262144,262144,262144,4201680672,-1,0
0.10348,3,0,DONE,262144,262144,262144,4201680672,-1,0
0.1035,0,0,INJECTING,3215484522,3215484522,7510451818,317046704351,-1,0
0.1035,1,0,DONE,262144,262144,262144,4201680672,-1,0
0.1035,2,0,DONE,262144,262144,262144,4201680672,-1,0
0.1035,3,0,DONE,262144,262144,262144,4201680672,-1,0
0.10352,0,0,INJECTING,3215484522,3215484522,7510451818,317046704351,-1,0
0.10352,1,0,DONE,262144,262144,262144,4201680672,-1,0
0.10352,2,0,DONE,262144,262144,262144,4201680672,-1,0
0.10352,3,0,DONE,262144,262144,262144,4201680672,-1,0
0.10354,0,0,INJECTING,3215484522,3215484522,7510451818,317046704351,-1,0
0.10354,1,0,DONE,262144,262144,262144,4201680672,-1,0
0.10354,2,0,DONE,262144,262144,262144,4201680672,-1,0
0.10354,3,0,DONE,262144,262144,262144,4201680672,-1,0
0.10356,0,0,INJECTING,3215484522,3215484522,7510451818,317046704351,-1,0
0.10356,1,0,DONE,262144,262144,262144,4201680672,-1,0
0.10356,2,0,DONE,262144,262144,262144,4201680672,-1,0
0.10356,3,0,DONE,262144,262144,262144,4201680672,-1,0
0.10358,0,0,INJECTING,3215484522,3215484522,7510451818,317046704351,-1,0
0.10358,1,0,DONE,262144,262144,262144,4201680672,-1,0
0.10358,2,0,DONE,262144,262144,262144,4201680672,-1,0
0.10358,3,0,DONE,262144,262144,262144,4201680672,-1,0
0.1036,0,0,INJECTING,3215484522,3215484522,7510451818,317046704351,-1,0
0.1036,1,0,DONE,262144,262144,262144,4201680672,-1,0
0.1036,2,0,DONE,262144,262144,262144,4201680672,-1,0
0.1036,3,0,DONE,262144,262144,262144,4201680672,-1,0
0.10362,0,0,INJECTING,3215484522,3215484522,7510451818,317046704351,-1,0
0.10362,1,0,DONE,262144,262144,262144,4201680672,-1,0
0.10362,2,0,DONE,262144,262144,262144,4201680672,-1,0
0.10362,3,0,DONE,262144,262144,262144,4201680672,-1,0
0.10364,0,0,INJECTING,3215484522,3215484522,7510451818,317046704351,-1,0
0.10364,1,0,DONE,262144,262144,262144,4201680672,-1,0
0.10364,2,0,DONE,262144,262144,262144,4201680672,-1,0
0.10364,3,0,DONE,262144,262144,262144,4201680672,-1,0
0.10366,0,0,INJECTING,3215484522,3215484522,7510451818,317046704351,-1,0
0.10366,1,0,DONE,262144,262144,262144,4201680672,-1,0
0.10366,2,0,DONE,262144,262144,262144,4201680672,-1,0
0.10366,3,0,DONE,262144,262144,262144,4201680672,-1,0
0.10368,0,0,INJECTING,3215484522,3215484522,7510451818,317046704351,-1,0
0.10368,1,0,DONE,262144,262144,262144,4201680672,-1,0
0.10368,2,0,DONE,262144,262144,262144,4201680672,-1,0
0.10368,3,0,DONE,262144,262144,262144,4201680672,-1,0
0.1037,0,0,INJECTING,3215484522,3215484522,7510451818,317046704351,-1,0
0.1037,1,0,DONE,262144,262144,262144,4201680672,-1,0
0.1037,2,0,DONE,262144,262144,262144,4201680672,-1,0
0.1037,3,0,DONE,262144,262144,262144,4201680672,-1,0
0.10372,0,0,INJECTING,3215484522,3215484522,7510451818,317046704351,-1,0
0.10372,1,0,DONE,262144,262144,262144,4201680672,-1,0
0.10372,2,0,DONE,262144,262144,262144,4201680672,-1,0
0.10372,3,0,DONE,262144,262144,262144,4201680672,-1,0
0.10374,0,0,INJECTING,3215484522,3215484522,7510451818,317046704351,-1,0
0.10374,1,0,DONE,262144,262144,262144,4201680672,-1,0
0.10374,2,0,DONE,262144,262144,262144,4201680672,-1,0
0.10374,3,0,DONE,262144,262144,262144,4201680672,-1,0
0.10376,0,0,INJECTING,3215484522,3215484522,7510451818,317046704351,-1,0
0.10376,1,0,DONE,262144,262144,262144,4201680672,-1,0
0.10376,2,0,DONE,262144,262144,262144,4201680672,-1,0
0.10376,3,0,DONE,262144,262144,262144,4201680672,-1,0
0.10378,0,0,INJECTING,3215484522,3215484522,7510451818,317046704351,-1,0
0.10378,1,0,DONE,262144,262144,262144,4201680672,-1,0
0.10378,2,0,DONE,262144,262144,262144,4201680672,-1,0
0.10378,3,0,DONE,262144,262144,262144,4201680672,-1,0
0.1038,0,0,INJECTING,3215484522,3215484522,7510451818,317046704351,-1,0
0.1038,1,0,DONE,262144,262144,262144,4201680672,-1,0
0.1038,2,0,DONE,262144,262144,262144,4201680672,-1,0
0.1038,3,0,DONE,262144,262144,262144,4201680672,-1,0
0.10382,0,0,INJECTING,3215484522,3215484522,7510451818,317046704351,-1,0
0.10382,1,0,DONE,262144,262144,262144,4201680672,-1,0
0.10382,2,0,DONE,262144,262144,262144,4201680672,-1,0
0.10382,3,0,DONE,262144,262144,262144,4201680672,-1,0
0.10384,0,0,INJECTING,3215484522,3215484522,7510451818,317046704351,-1,0
0.10384,1,0,DONE,262144,262144,262144,4201680672,-1,0
0.10384,2,0,DONE,262144,262144,262144,4201680672,-1,0
0.10384,3,0,DONE,262144,262144,262144,4201680672,-1,0
0.10386,0,0,INJECTING,3215484522,3215484522,7510451818,317046704351,-1,0
0.10386,1,0,DONE,262144,262144,262144,4201680672,-1,0
0.10386,2,0,DONE,262144,262144,262144,4201680672,-1,0
0.10386,3,0,DONE,262144,262144,262144,4201680672,-1,0
0.10388,0,0,INJECTING,3215484522,3215484522,7510451818,317046704351,-1,0
0.10388,1,0,DONE,262144,262144,262144,4201680672,-1,0
0.10388,2,0,DONE,262144,262144,262144,4201680672,-1,0
0.10388,3,0,DONE,262144,262144,262144,4201680672,-1,0
0.1039,0,0,INJECTING,3215484522,3215484522,7510451818,317046704351,-1,0
0.1039,1,0,DONE,262144,262144,262144,4201680672,-1,0
0.1039,2,0,DONE,262144,262144,262144,4201680672,-1,0
0.1039,3,0,DONE,262144,262144,262144,4201680672,-1,0
0.10392,0,0,INJECTING,3215484522,3215484522,7510451818,317046704351,-1,0
0.10392,1,0,DONE,262144,262144,262144,4201680672,-1,0
0.10392,2,0,DONE,262144,262144,262144,4201680672,-1,0
0.10392,3,0,DONE,262144,262144,262144,4201680672,-1,0
0.10394,0,0,INJECTING,3215484522,3215484522,7510451818,317046704351,-1,0
0.10394,1,0,DONE,262144,262144,262144,4201680672,-1,0
0.10394,2,0,DONE,262144,262144,262144,4201680672,-1,0
0.10394,3,0,DONE,262144,262144,262144,4201680672,-1,0
0.10396,0,0,INJECTING,3215484522,3215484522,7510451818,317046704351,-1,0
0.10396,1,0,DONE,262144,262144,262144,4201680672,-1,0
0.10396,2,0,DONE,262144,262144,262144,4201680672,-1,0
0.10396,3,0,DONE,262144,262144,262144,4201680672,-1,0
0.10398,0,0,INJECTING,3215484522,3215484522,7510451818,317046704351,-1,0
0.10398,1,0,DONE,262144,262144,262144,4201680672,-1,0
0.10398,2,0,DONE,262144,262144,262144,4201680672,-1,0
0.10398,3,0,DONE,262144,262144,262144,4201680672,-1,0
0.104,0,0,INJECTING,3215484522,3215484522,7510451818,317046704351,-1,0
0.104,1,0,DONE,262144,262144,262144,4201680672,-1,0
0.104,2,0,DONE,262144,262144,262144,4201680672,-1,0
0.104,3,0,DONE,262144,262144,262144,4201680672,-1,0
0.10402,0,0,INJECTING,3215484522,3215484522,7510451818,317046704351,-1,0
0.10402,1,0,DONE,262144,262144,262144,4201680672,-1,0
0.10402,2,0,DONE,262144,262144,262144,4201680672,-1,0
0.10402,3,0,DONE,262144,262144,262144,4201680672,-1,0
0.10404,0,0,INJECTING,3215484522,3215484522,7510451818,317046704351,-1,0
0.10404,1,0,DONE,262144,262144,262144,4201680672,-1,0
0.10404,2,0,DONE,262144,262144,262144,4201680672,-1,0
0.10404,3,0,DONE,262144,262144,262144,4201680672,-1,0
0.10406,0,0,INJECTING,3215484522,3215484522,7510451818,317046704351,-1,0
0.10406,1,0,DONE,262144,262144,262144,4201680672,-1,0
0.10406,2,0,DONE,262144,262144,262144,4201680672,-1,0
0.10406,3,0,DONE,262144,262144,262144,4201680672,-1,0
0.10408,0,0,INJECTING,3215484522,3215484522,7510451818,317046704351,-1,0
0.10408,1,0,DONE,262144,262144,262144,4201680672,-1,0
0.10408,2,0,DONE,262144,262144,262144,4201680672,-1,0
0.10408,3,0,DONE,262144,262144,262144,4201680672,-1,0
0.1041,0,0,INJECTING,3215484522,3215484522,7510451818,317046704351,-1,0
0.1041,1,0,DONE,262144,262144,262144,4201680672,-1,0
0.1041,2,0,DONE,262144,262144,262144,4201680672,-1,0
0.1041,3,0,DONE,262144,262144,262144,4201680672,-1,0
0.10412,0,0,INJECTING,3215484522,3215484522,7510451818,317046704351,-1,0
0.10412,1,0,DONE,262144,262144,262144,4201680672,-1,0
0.10412,2,0,DONE,262144,262144,262144,4201680672,-1,0
0.10412,3,0,DONE,262144,262144,262144,4201680672,-1,0
0.10414,0,0,INJECTING,3215484522,3215484522,7510451818,317046704351,-1,0
0.10414,1,0,DONE,262144,262144,262144,4201680672,-1,0
0.10414,2,0,DONE,262144,262144,262144,4201680672,-1,0
0.10414,3,0,DONE,262144,262144,262144,4201680672,-1,0
0.10416,0,0,INJECTING,3215484522,3215484522,7510451818,317046704351,-1,0
0.10416,1,0,DONE,262144,262144,262144,4201680672,-1,0
0.10416,2,0,DONE,262144,262144,262144,4201680672,-1,0
0.10416,3,0,DONE,262144,262144,262144,4201680672,-1,0
0.10418,0,0,INJECTING,3215484522,3215484522,7510451818,317046704351,-1,0
0.10418,1,0,DONE,262144,262144,262144,4201680672,-1,0
0.10418,2,0,DONE,262144,262144,262144,4201680672,-1,0
0.10418,3,0,DONE,262144,262144,262144,4201680672,-1,0
0.1042,0,0,INJECTING,3215484522,3215484522,7510451818,317046704351,-1,0
0.1042,1,0,DONE,262144,262144,262144,4201680672,-1,0
0.1042,2,0,DONE,262144,262144,262144,4201680672,-1,0
0.1042,3,0,DONE,262144,262144,262144,4201680672,-1,0
0.10422,0,0,INJECTING,3215484522,3215484522,7510451818,317046704351,-1,0
0.10422,1,0,DONE,262144,262144,262144,4201680672,-1,0
0.10422,2,0,DONE,262144,262144,262144,4201680672,-1,0
0.10422,3,0,DONE,262144,262144,262144,4201680672,-1,0
0.10424,0,0,INJECTING,3215484522,3215484522,7510451818,317046704351,-1,0
0.10424,1,0,DONE,262144,262144,262144,4201680672,-1,0
0.10424,2,0,DONE,262144,262144,262144,4201680672,-1,0
0.10424,3,0,DONE,262144,262144,262144,4201680672,-1,0
0.10426,0,0,INJECTING,3215484522,3215484522,7510451818,317046704351,-1,0
0.10426,1,0,DONE,262144,262144,262144,4201680672,-1,0
0.10426,2,0,DONE,262144,262144,262144,4201680672,-1,0
0.10426,3,0,DONE,262144,262144,262144,4201680672,-1,0
0.10428,0,0,INJECTING,3215484522,3215484522,7510451818,317046704351,-1,0
0.10428,1,0,DONE,262144,262144,262144,4201680672,-1,0
0.10428,2,0,DONE,262144,262144,262144,4201680672,-1,0
0.10428,3,0,DONE,262144,262144,262144,4201680672,-1,0
0.1043,0,0,INJECTING,3215484522,3215484522,7510451818,317046704351,-1,0
0.1043,1,0,DONE,262144,262144,262144,4201680672,-1,0
0.1043,2,0,DONE,262144,262144,262144,4201680672,-1,0
0.1043,3,0,DONE,262144,262144,262144,4201680672,-1,0
0.10432,0,0,INJECTING,3215484522,3215484522,7510451818,317046704351,-1,0
0.10432,1,0,DONE,262144,262144,262144,4201680672,-1,0
0.10432,2,0,DONE,262144,262144,262144,4201680672,-1,0
0.10432,3,0,DONE,262144,262144,262144,4201680672,-1,0
0.10434,0,0,INJECTING,3215484522,3215484522,7510451818,317046704351,-1,0
0.10434,1,0,DONE,262144,262144,262144,4201680672,-1,0
0.10434,2,0,DONE,262144,262144,262144,4201680672,-1,0
0.10434,3,0,DONE,262144,262144,262144,4201680672,-1,0
0.10436,0,0,INJECTING,3215484522,3215484522,7510451818,317046704351,-1,0
0.10436,1,0,DONE,262144,262144,262144,4201680672,-1,0
0.10436,2,0,DONE,262144,262144,262144,4201680672,-1,0
0.10436,3,0,DONE,262144,262144,262144,4201680672,-1,0
0.10438,0,0,INJECTING,3215484522,3215484522,7510451818,317046704351,-1,0
0.10438,1,0,DONE,262144,262144,262144,4201680672,-1,0
0.10438,2,0,DONE,262144,262144,262144,4201680672,-1,0
0.10438,3,0,DONE,262144,262144,262144,4201680672,-1,0
0.1044,0,0,INJECTING,3215484522,3215484522,7510451818,317046704351,-1,0
0.1044,1,0,DONE,262144,262144,262144,4201680672,-1,0
0.1044,2,0,DONE,262144,262144,262144,4201680672,-1,0
0.1044,3,0,DONE,262144,262144,262144,4201680672,-1,0
0.10442,0,0,INJECTING,3215484522,3215484522,7510451818,317046704351,-1,0
0.10442,1,0,DONE,262144,262144,262144,4201680672,-1,0
0.10442,2,0,DONE,262144,262144,262144,4201680672,-1,0
0.10442,3,0,DONE,262144,262144,262144,4201680672,-1,0
0.10444,0,0,INJECTING,3215484522,3215484522,7510451818,317046704351,-1,0
0.10444,1,0,DONE,262144,262144,262144,4201680672,-1,0
0.10444,2,0,DONE,262144,262144,262144,4201680672,-1,0
0.10444,3,0,DONE,262144,262144,262144,4201680672,-1,0
0.10446,0,0,INJECTING,3215484522,3215484522,7510451818,317046704351,-1,0
0.10446,1,0,DONE,262144,262144,262144,4201680672,-1,0
0.10446,2,0,DONE,262144,262144,262144,4201680672,-1,0
0.10446,3,0,DONE,262144,262144,262144,4201680672,-1,0
0.10448,0,0,INJECTING,3215484522,3215484522,7510451818,317046704351,-1,0
0.10448,1,0,DONE,262144,262144,262144,4201680672,-1,0
0.10448,2,0,DONE,262144,262144,262144,4201680672,-1,0
0.10448,3,0,DONE,262144,262144,262144,4201680672,-1,0
0.1045,0,0,INJECTING,3215484522,3215484522,7510451818,317046704351,-1,0
0.1045,1,0,DONE,262144,262144,262144,4201680672,-1,0
0.1045,2,0,DONE,262144,262144,262144,4201680672,-1,0
0.1045,3,0,DONE,262144,262144,262144,4201680672,-1,0
0.10452,0,0,INJECTING,3215484522,3215484522,7510451818,317046704351,-1,0
0.10452,1,0,DONE,262144,262144,262144,4201680672,-1,0
0.10452,2,0,DONE,262144,262144,262144,4201680672,-1,0
0.10452,3,0,DONE,262144,262144,262144,4201680672,-1,0
0.10454,0,0,INJECTING,3215484522,3215484522,7510451818,317046704351,-1,0
0.10454,1,0,DONE,262144,262144,262144,4201680672,-1,0
0.10454,2,0,DONE,262144,262144,262144,4201680672,-1,0
0.10454,3,0,DONE,262144,262144,262144,4201680672,-1,0
0.10456,0,0,INJECTING,3215484522,3215484522,7510451818,317046704351,-1,0
0.10456,1,0,DONE,262144,262144,262144,4201680672,-1,0
0.10456,2,0,DONE,262144,262144,262144,4201680672,-1,0
0.10456,3,0,DONE,262144,262144,262144,4201680672,-1,0
0.10458,0,0,INJECTING,3215484522,3215484522,7510451818,317046704351,-1,0
0.10458,1,0,DONE,262144,262144,262144,4201680672,-1,0
0.10458,2,0,DONE,262144,262144,262144,4201680672,-1,0
0.10458,3,0,DONE,262144,262144,262144,4201680672,-1,0
0.1046,0,0,INJECTING,3215484522,3215484522,7510451818,317046704351,-1,0
0.1046,1,0,DONE,262144,262144,262144,4201680672,-1,0
0.1046,2,0,DONE,262144,262144,262144,4201680672,-1,0
0.1046,3,0,DONE,262144,262144,262144,4201680672,-1,0
0.10462,0,0,INJECTING,3215484522,3215484522,7510451818,317046704351,-1,0
0.10462,1,0,DONE,262144,262144,262144,4201680672,-1,0
0.10462,2,0,DONE,262144,262144,262144,4201680672,-1,0
0.10462,3,0,DONE,262144,262144,262144,4201680672,-1,0
0.10464,0,0,INJECTING,3215484522,3215484522,7510451818,317046704351,-1,0
0.10464,1,0,DONE,262144,262144,262144,4201680672,-1,0
0.10464,2,0,DONE,262144,262144,262144,4201680672,-1,0
0.10464,3,0,DONE,262144,262144,262144,4201680672,-1,0
0.10466,0,0,INJECTING,3215484522,3215484522,7510451818,317046704351,-1,0
0.10466,1,0,DONE,262144,262144,262144,4201680672,-1,0
0.10466,2,0,DONE,262144,262144,262144,4201680672,-1,0
0.10466,3,0,DONE,262144,262144,262144,4201680672,-1,0
0.10468,0,0,INJECTING,3215484522,3215484522,7510451818,317046704351,-1,0
0.10468,1,0,DONE,262144,262144,262144,4201680672,-1,0
0.10468,2,0,DONE,262144,262144,262144,4201680672,-1,0
0.10468,3,0,DONE,262144,262144,262144,4201680672,-1,0
0.1047,0,0,INJECTING,3215484522,3215484522,7510451818,317046704351,-1,0
0.1047,1,0,DONE,262144,262144,262144,4201680672,-1,0
0.1047,2,0,DONE,262144,262144,262144,4201680672,-1,0
0.1047,3,0,DONE,262144,262144,262144,4201680672,-1,0
0.10472,0,0,INJECTING,3215484522,3215484522,7510451818,317046704351,-1,0
0.10472,1,0,DONE,262144,262144,262144,4201680672,-1,0
0.10472,2,0,DONE,262144,262144,262144,4201680672,-1,0
0.10472,3,0,DONE,262144,262144,262144,4201680672,-1,0
0.10474,0,0,INJECTING,3215484522,3215484522,7510451818,317046704351,-1,0
0.10474,1,0,DONE,262144,262144,262144,4201680672,-1,0
0.10474,2,0,DONE,262144,262144,262144,4201680672,-1,0
0.10474,3,0,DONE,262144,262144,262144,4201680672,-1,0
0.10476,0,0,INJECTING,3215484522,3215484522,7510451818,317046704351,-1,0
0.10476,1,0,DONE,262144,262144,262144,4201680672,-1,0
0.10476,2,0,DONE,262144,262144,262144,4201680672,-1,0
0.10476,3,0,DONE,262144,262144,262144,4201680672,-1,0
0.10478,0,0,INJECTING,3215484522,3215484522,7510451818,317046704351,-1,0
0.10478,1,0,DONE,262144,262144,262144,4201680672,-1,0
0.10478,2,0,DONE,262144,262144,262144,4201680672,-1,0
0.10478,3,0,DONE,262144,262144,262144,4201680672,-1,0
0.1048,0,0,INJECTING,3215484522,3215484522,7510451818,317046704351,-1,0
0.1048,1,0,DONE,262144,262144,262144,4201680672,-1,0
0.1048,2,0,DONE,262144,262144,262144,4201680672,-1,0
0.1048,3,0,DONE,262144,262144,262144,4201680672,-1,0
0.10482,0,0,INJECTING,3215484522,3215484522,7510451818,317046704351,-1,0
0.10482,1,0,DONE,262144,262144,262144,4201680672,-1,0
0.10482,2,0,DONE,262144,262144,262144,4201680672,-1,0
0.10482,3,0,DONE,262144,262144,262144,4201680672,-1,0
0.10484,0,0,INJECTING,3215484522,3215484522,7510451818,317046704351,-1,0
0.10484,1,0,DONE,262144,262144,262144,4201680672,-1,0
0.10484,2,0,DONE,262144,262144,262144,4201680672,-1,0
0.10484,3,0,DONE,262144,262144,262144,4201680672,-1,0
0.10486,0,0,INJECTING,3215484522,3215484522,7510451818,317046704351,-1,0
0.10486,1,0,DONE,262144,262144,262144,4201680672,-1,0
0.10486,2,0,DONE,262144,262144,262144,4201680672,-1,0
0.10486,3,0,DONE,262144,262144,262144,4201680672,-1,0
0.10488,0,0,INJECTING,3215484522,3215484522,7510451818,317046704351,-1,0
0.10488,1,0,DONE,262144,262144,262144,4201680672,-1,0
0.10488,2,0,DONE,262144,262144,262144,4201680672,-1,0
0.10488,3,0,DONE,262144,262144,262144,4201680672,-1,0
0.1049,0,0,INJECTING,3215484522,3215484522,7510451818,317046704351,-1,0
0.1049,1,0,DONE,262144,262144,262144,4201680672,-1,0
0.1049,2,0,DONE,262144,262144,262144,4201680672,-1,0
0.1049,3,0,DONE,262144,262144,262144,4201680672,-1,0
0.10492,0,0,INJECTING,3215484522,3215484522,7510451818,317046704351,-1,0
0.10492,1,0,DONE,262144,262144,262144,4201680672,-1,0
0.10492,2,0,DONE,262144,262144,262144,4201680672,-1,0
0.10492,3,0,DONE,262144,262144,262144,4201680672,-1,0
0.10494,0,0,INJECTING,3215484522,3215484522,7510451818,317046704351,-1,0
0.10494,1,0,DONE,262144,262144,262144,4201680672,-1,0
0.10494,2,0,DONE,262144,262144,262144,4201680672,-1,0
0.10494,3,0,DONE,262144,262144,262144,4201680672,-1,0
0.10496,0,0,INJECTING,3215484522,3215484522,7510451818,317046704351,-1,0
0.10496,1,0,DONE,262144,262144,262144,4201680672,-1,0
0.10496,2,0,DONE,262144,262144,262144,4201680672,-1,0
0.10496,3,0,DONE,262144,262144,262144,4201680672,-1,0
0.10498,0,0,INJECTING,3215484522,3215484522,7510451818,317046704351,-1,0
0.10498,1,0,DONE,262144,262144,262144,4201680672,-1,0
0.10498,2,0,DONE,262144,262144,262144,4201680672,-1,0
0.10498,3,0,DONE,262144,262144,262144,4201680672,-1,0
0.105,0,0,INJECTING,3215484522,3215484522,7510451818,317046704351,-1,0
0.105,1,0,DONE,262144,262144,262144,4201680672,-1,0
0.105,2,0,DONE,262144,262144,262144,4201680672,-1,0
0.105,3,0,DONE,262144,262144,262144,4201680672,-1,0
0.10502,0,0,INJECTING,3215484522,3215484522,7510451818,317046704351,-1,0
0.10502,1,0,DONE,262144,262144,262144,4201680672,-1,0
0.10502,2,0,DONE,262144,262144,262144,4201680672,-1,0
0.10502,3,0,DONE,262144,262144,262144,4201680672,-1,0
0.10504,0,0,INJECTING,3215484522,3215484522,7510451818,317046704351,-1,0
0.10504,1,0,DONE,262144,262144,262144,4201680672,-1,0
0.10504,2,0,DONE,262144,262144,262144,4201680672,-1,0
0.10504,3,0,DONE,262144,262144,262144,4201680672,-1,0
0.10506,0,0,INJECTING,3215484522,3215484522,7510451818,317046704351,-1,0
0.10506,1,0,DONE,262144,262144,262144,4201680672,-1,0
0.10506,2,0,DONE,262144,262144,262144,4201680672,-1,0
0.10506,3,0,DONE,262144,262144,262144,4201680672,-1,0
0.10508,0,0,INJECTING,3215484522,3215484522,7510451818,317046704351,-1,0
0.10508,1,0,DONE,262144,262144,262144,4201680672,-1,0
0.10508,2,0,DONE,262144,262144,262144,4201680672,-1,0
0.10508,3,0,DONE,262144,262144,262144,4201680672,-1,0
0.1051,0,0,INJECTING,3215484522,3215484522,7510451818,317046704351,-1,0
0.1051,1,0,DONE,262144,262144,262144,4201680672,-1,0
0.1051,2,0,DONE,262144,262144,262144,4201680672,-1,0
0.1051,3,0,DONE,262144,262144,262144,4201680672,-1,0
0.10512,0,0,INJECTING,3215484522,3215484522,7510451818,317046704351,-1,0
0.10512,1,0,DONE,262144,262144,262144,4201680672,-1,0
0.10512,2,0,DONE,262144,262144,262144,4201680672,-1,0
0.10512,3,0,DONE,262144,262144,262144,4201680672,-1,0
0.10514,0,0,INJECTING,3215484522,3215484522,7510451818,317046704351,-1,0
0.10514,1,0,DONE,262144,262144,262144,4201680672,-1,0
0.10514,2,0,DONE,262144,262144,262144,4201680672,-1,0
0.10514,3,0,DONE,262144,262144,262144,4201680672,-1,0
0.10516,0,0,INJECTING,3215484522,3215484522,7510451818,317046704351,-1,0
0.10516,1,0,DONE,262144,262144,262144,4201680672,-1,0
0.10516,2,0,DONE,262144,262144,262144,4201680672,-1,0
0.10516,3,0,DONE,262144,262144,262144,4201680672,-1,0
0.10518,0,0,INJECTING,3215484522,3215484522,7510451818,317046704351,-1,0
0.10518,1,0,DONE,262144,262144,262144,4201680672,-1,0
0.10518,2,0,DONE,262144,262144,262144,4201680672,-1,0
0.10518,3,0,DONE,262144,262144,262144,4201680672,-1,0
0.1052,0,0,INJECTING,3215484522,3215484522,7510451818,317046704351,-1,0
0.1052,1,0,DONE,262144,262144,262144,4201680672,-1,0
0.1052,2,0,DONE,262144,262144,262144,4201680672,-1,0
0.1052,3,0,DONE,262144,262144,262144,4201680672,-1,0
0.10522,0,0,INJECTING,3215484522,3215484522,7510451818,317046704351,-1,0
0.10522,1,0,DONE,262144,262144,262144,4201680672,-1,0
0.10522,2,0,DONE,262144,262144,262144,4201680672,-1,0
0.10522,3,0,DONE,262144,262144,262144,4201680672,-1,0
0.10524,0,0,INJECTING,3215484522,3215484522,7510451818,317046704351,-1,0
0.10524,1,0,DONE,262144,262144,262144,4201680672,-1,0
0.10524,2,0,DONE,262144,262144,262144,4201680672,-1,0
0.10524,3,0,DONE,262144,262144,262144,4201680672,-1,0
0.10526,0,0,INJECTING,3215484522,3215484522,7510451818,317046704351,-1,0
0.10526,1,0,DONE,262144,262144,262144,4201680672,-1,0
0.10526,2,0,DONE,262144,262144,262144,4201680672,-1,0
0.10526,3,0,DONE,262144,262144,262144,4201680672,-1,0
0.10528,0,0,INJECTING,3215484522,3215484522,7510451818,317046704351,-1,0
0.10528,1,0,DONE,262144,262144,262144,4201680672,-1,0
0.10528,2,0,DONE,262144,262144,262144,4201680672,-1,0
0.10528,3,0,DONE,262144,262144,262144,4201680672,-1,0
0.1053,0,0,INJECTING,3215484522,3215484522,7510451818,317046704351,-1,0
0.1053,1,0,DONE,262144,262144,262144,4201680672,-1,0
0.1053,2,0,DONE,262144,262144,262144,4201680672,-1,0
0.1053,3,0,DONE,262144,262144,262144,4201680672,-1,0
0.10532,0,0,INJECTING,3215484522,3215484522,7510451818,317046704351,-1,0
0.10532,1,0,DONE,262144,262144,262144,4201680672,-1,0
0.10532,2,0,DONE,262144,262144,262144,4201680672,-1,0
0.10532,3,0,DONE,262144,262144,262144,4201680672,-1,0
0.10534,0,0,INJECTING,3215484522,3215484522,7510451818,317046704351,-1,0
0.10534,1,0,DONE,262144,262144,262144,4201680672,-1,0
0.10534,2,0,DONE,262144,262144,262144,4201680672,-1,0
0.10534,3,0,DONE,262144,262144,262144,4201680672,-1,0
0.10536,0,0,INJECTING,3215484522,3215484522,7510451818,317046704351,-1,0
0.10536,1,0,DONE,262144,262144,262144,4201680672,-1,0
0.10536,2,0,DONE,262144,262144,262144,4201680672,-1,0
0.10536,3,0,DONE,262144,262144,262144,4201680672,-1,0
0.10538,0,0,INJECTING,3215484522,3215484522,7510451818,317046704351,-1,0
0.10538,1,0,DONE,262144,262144,262144,4201680672,-1,0
0.10538,2,0,DONE,262144,262144,262144,4201680672,-1,0
0.10538,3,0,DONE,262144,262144,262144,4201680672,-1,0
0.1054,0,0,INJECTING,3215484522,3215484522,7510451818,317046704351,-1,0
0.1054,1,0,DONE,262144,262144,262144,4201680672,-1,0
0.1054,2,0,DONE,262144,262144,262144,4201680672,-1,0
0.1054,3,0,DONE,262144,262144,262144,4201680672,-1,0
0.10542,0,0,INJECTING,3215484522,3215484522,7510451818,317046704351,-1,0
0.10542,1,0,DONE,262144,262144,262144,4201680672,-1,0
0.10542,2,0,DONE,262144,262144,262144,4201680672,-1,0
0.10542,3,0,DONE,262144,262144,262144,4201680672,-1,0
0.10544,0,0,INJECTING,3215484522,3215484522,7510451818,317046704351,-1,0
0.10544,1,0,DONE,262144,262144,262144,4201680672,-1,0
0.10544,2,0,DONE,262144,262144,262144,4201680672,-1,0
0.10544,3,0,DONE,262144,262144,262144,4201680672,-1,0
0.10546,0,0,INJECTING,3215484522,3215484522,7510451818,317046704351,-1,0
0.10546,1,0,DONE,262144,262144,262144,4201680672,-1,0
0.10546,2,0,DONE,262144,262144,262144,4201680672,-1,0
0.10546,3,0,DONE,262144,262144,262144,4201680672,-1,0
0.10548,0,0,INJECTING,3215484522,3215484522,7510451818,317046704351,-1,0
0.10548,1,0,DONE,262144,262144,262144,4201680672,-1,0
0.10548,2,0,DONE,262144,262144,262144,4201680672,-1,0
0.10548,3,0,DONE,262144,262144,262144,4201680672,-1,0
0.1055,0,0,INJECTING,3215484522,3215484522,7510451818,317046704351,-1,0
0.1055,1,0,DONE,262144,262144,262144,4201680672,-1,0
0.1055,2,0,DONE,262144,262144,262144,4201680672,-1,0
0.1055,3,0,DONE,262144,262144,262144,4201680672,-1,0
0.10552,0,0,INJECTING,3215484522,3215484522,7510451818,317046704351,-1,0
0.10552,1,0,DONE,262144,262144,262144,4201680672,-1,0
0.10552,2,0,DONE,262144,262144,262144,4201680672,-1,0
0.10552,3,0,DONE,262144,262144,262144,4201680672,-1,0
0.10554,0,0,INJECTING,3215484522,3215484522,7510451818,317046704351,-1,0
0.10554,1,0,DONE,262144,262144,262144,4201680672,-1,0
0.10554,2,0,DONE,262144,262144,262144,4201680672,-1,0
0.10554,3,0,DONE,262144,262144,262144,4201680672,-1,0
0.10556,0,0,INJECTING,3215484522,3215484522,7510451818,317046704351,-1,0
0.10556,1,0,DONE,262144,262144,262144,4201680672,-1,0
0.10556,2,0,DONE,262144,262144,262144,4201680672,-1,0
0.10556,3,0,DONE,262144,262144,262144,4201680672,-1,0
0.10558,0,0,INJECTING,3215484522,3215484522,7510451818,317046704351,-1,0
0.10558,1,0,DONE,262144,262144,262144,4201680672,-1,0
0.10558,2,0,DONE,262144,262144,262144,4201680672,-1,0
0.10558,3,0,DONE,262144,262144,262144,4201680672,-1,0
0.1056,0,0,INJECTING,3215484522,3215484522,7510451818,317046704351,-1,0
0.1056,1,0,DONE,262144,262144,262144,4201680672,-1,0
0.1056,2,0,DONE,262144,262144,262144,4201680672,-1,0
0.1056,3,0,DONE,262144,262144,262144,4201680672,-1,0
0.10562,0,0,INJECTING,3215484522,3215484522,7510451818,317046704351,-1,0
0.10562,1,0,DONE,262144,262144,262144,4201680672,-1,0
0.10562,2,0,DONE,262144,262144,262144,4201680672,-1,0
0.10562,3,0,DONE,262144,262144,262144,4201680672,-1,0
0.10564,0,0,INJECTING,3215484522,3215484522,7510451818,317046704351,-1,0
0.10564,1,0,DONE,262144,262144,262144,4201680672,-1,0
0.10564,2,0,DONE,262144,262144,262144,4201680672,-1,0
0.10564,3,0,DONE,262144,262144,262144,4201680672,-1,0
0.10566,0,0,INJECTING,3215484522,3215484522,7510451818,317046704351,-1,0
0.10566,1,0,DONE,262144,262144,262144,4201680672,-1,0
0.10566,2,0,DONE,262144,262144,262144,4201680672,-1,0
0.10566,3,0,DONE,262144,262144,262144,4201680672,-1,0
0.10568,0,0,INJECTING,3215484522,3215484522,7510451818,317046704351,-1,0
0.10568,1,0,DONE,262144,262144,262144,4201680672,-1,0
0.10568,2,0,DONE,262144,262144,262144,4201680672,-1,0
0.10568,3,0,DONE,262144,262144,262144,4201680672,-1,0
0.1057,0,0,INJECTING,3215484522,3215484522,7510451818,317046704351,-1,0
0.1057,1,0,DONE,262144,262144,262144,4201680672,-1,0
0.1057,2,0,DONE,262144,262144,262144,4201680672,-1,0
0.1057,3,0,DONE,262144,262144,262144,4201680672,-1,0
0.10572,0,0,INJECTING,3215484522,3215484522,7510451818,317046704351,-1,0
0.10572,1,0,DONE,262144,262144,262144,4201680672,-1,0
0.10572,2,0,DONE,262144,262144,262144,4201680672,-1,0
0.10572,3,0,DONE,262144,262144,262144,4201680672,-1,0
0.10574,0,0,INJECTING,3215484522,3215484522,7510451818,317046704351,-1,0
0.10574,1,0,DONE,262144,262144,262144,4201680672,-1,0
0.10574,2,0,DONE,262144,262144,262144,4201680672,-1,0
0.10574,3,0,DONE,262144,262144,262144,4201680672,-1,0
0.10576,0,0,INJECTING,3215484522,3215484522,7510451818,317046704351,-1,0
0.10576,1,0,DONE,262144,262144,262144,4201680672,-1,0
0.10576,2,0,DONE,262144,262144,262144,4201680672,-1,0
0.10576,3,0,DONE,262144,262144,262144,4201680672,-1,0
0.10578,0,0,INJECTING,3215484522,3215484522,7510451818,317046704351,-1,0
0.10578,1,0,DONE,262144,262144,262144,4201680672,-1,0
0.10578,2,0,DONE,262144,262144,262144,4201680672,-1,0
0.10578,3,0,DONE,262144,262144,262144,4201680672,-1,0
0.1058,0,0,INJECTING,3215484522,3215484522,7510451818,317046704351,-1,0
0.1058,1,0,DONE,262144,262144,262144,4201680672,-1,0
0.1058,2,0,DONE,262144,262144,262144,4201680672,-1,0
0.1058,3,0,DONE,262144,262144,262144,4201680672,-1,0
0.10582,0,0,INJECTING,3215484522,3215484522,7510451818,317046704351,-1,0
0.10582,1,0,DONE,262144,262144,262144,4201680672,-1,0
0.10582,2,0,DONE,262144,262144,262144,4201680672,-1,0
0.10582,3,0,DONE,262144,262144,262144,4201680672,-1,0
0.10584,0,0,INJECTING,3215484522,3215484522,7510451818,317046704351,-1,0
0.10584,1,0,DONE,262144,262144,262144,4201680672,-1,0
0.10584,2,0,DONE,262144,262144,262144,4201680672,-1,0
0.10584,3,0,DONE,262144,262144,262144,4201680672,-1,0
0.10586,0,0,INJECTING,3215484522,3215484522,7510451818,317046704351,-1,0
0.10586,1,0,DONE,262144,262144,262144,4201680672,-1,0
0.10586,2,0,DONE,262144,262144,262144,4201680672,-1,0
0.10586,3,0,DONE,262144,262144,262144,4201680672,-1,0
0.10588,0,0,INJECTING,3215484522,3215484522,7510451818,317046704351,-1,0
0.10588,1,0,DONE,262144,262144,262144,4201680672,-1,0
0.10588,2,0,DONE,262144,262144,262144,4201680672,-1,0
0.10588,3,0,DONE,262144,262144,262144,4201680672,-1,0
0.1059,0,0,INJECTING,3215484522,3215484522,7510451818,317046704351,-1,0
0.1059,1,0,DONE,262144,262144,262144,4201680672,-1,0
0.1059,2,0,DONE,262144,262144,262144,4201680672,-1,0
0.1059,3,0,DONE,262144,262144,262144,4201680672,-1,0
0.10592,0,0,INJECTING,3215484522,3215484522,7510451818,317046704351,-1,0
0.10592,1,0,DONE,262144,262144,262144,4201680672,-1,0
0.10592,2,0,DONE,262144,262144,262144,4201680672,-1,0
0.10592,3,0,DONE,262144,262144,262144,4201680672,-1,0
0.10594,0,0,INJECTING,3215484522,3215484522,7510451818,317046704351,-1,0
0.10594,1,0,DONE,262144,262144,262144,4201680672,-1,0
0.10594,2,0,DONE,262144,262144,262144,4201680672,-1,0
0.10594,3,0,DONE,262144,262144,262144,4201680672,-1,0
0.10596,0,0,INJECTING,3215484522,3215484522,7510451818,317046704351,-1,0
0.10596,1,0,DONE,262144,262144,262144,4201680672,-1,0
0.10596,2,0,DONE,262144,262144,262144,4201680672,-1,0
0.10596,3,0,DONE,262144,262144,262144,4201680672,-1,0
0.10598,0,0,INJECTING,3215484522,3215484522,7510451818,317046704351,-1,0
0.10598,1,0,DONE,262144,262144,262144,4201680672,-1,0
0.10598,2,0,DONE,262144,262144,262144,4201680672,-1,0
0.10598,3,0,DONE,262144,262144,262144,4201680672,-1,0
0.106,0,0,INJECTING,3215484522,3215484522,7510451818,317046704351,-1,0
0.106,1,0,DONE,262144,262144,262144,4201680672,-1,0
0.106,2,0,DONE,262144,262144,262144,4201680672,-1,0
0.106,3,0,DONE,262144,262144,262144,4201680672,-1,0
0.10602,0,0,INJECTING,3215484522,3215484522,7510451818,317046704351,-1,0
0.10602,1,0,DONE,262144,262144,262144,4201680672,-1,0
0.10602,2,0,DONE,262144,262144,262144,4201680672,-1,0
0.10602,3,0,DONE,262144,262144,262144,4201680672,-1,0
0.10604,0,0,INJECTING,3215484522,3215484522,7510451818,317046704351,-1,0
0.10604,1,0,DONE,262144,262144,262144,4201680672,-1,0
0.10604,2,0,DONE,262144,262144,262144,4201680672,-1,0
0.10604,3,0,DONE,262144,262144,262144,4201680672,-1,0
0.10606,0,0,INJECTING,3215484522,3215484522,7510451818,317046704351,-1,0
0.10606,1,0,DONE,262144,262144,262144,4201680672,-1,0
0.10606,2,0,DONE,262144,262144,262144,4201680672,-1,0
0.10606,3,0,DONE,262144,262144,262144,4201680672,-1,0
0.10608,0,0,INJECTING,3215484522,3215484522,7510451818,317046704351,-1,0
0.10608,1,0,DONE,262144,262144,262144,4201680672,-1,0
0.10608,2,0,DONE,262144,262144,262144,4201680672,-1,0
0.10608,3,0,DONE,262144,262144,262144,4201680672,-1,0
0.1061,0,0,INJECTING,3215484522,3215484522,7510451818,317046704351,-1,0
0.1061,1,0,DONE,262144,262144,262144,4201680672,-1,0
0.1061,2,0,DONE,262144,262144,262144,4201680672,-1,0
0.1061,3,0,DONE,262144,262144,262144,4201680672,-1,0
0.10612,0,0,INJECTING,3215484522,3215484522,7510451818,317046704351,-1,0
0.10612,1,0,DONE,262144,262144,262144,4201680672,-1,0
0.10612,2,0,DONE,262144,262144,262144,4201680672,-1,0
0.10612,3,0,DONE,262144,262144,262144,4201680672,-1,0
0.10614,0,0,INJECTING,3215484522,3215484522,7510451818,317046704351,-1,0
0.10614,1,0,DONE,262144,262144,262144,4201680672,-1,0
0.10614,2,0,DONE,262144,262144,262144,4201680672,-1,0
0.10614,3,0,DONE,262144,262144,262144,4201680672,-1,0
0.10616,0,0,INJECTING,3215484522,3215484522,7510451818,317046704351,-1,0
0.10616,1,0,DONE,262144,262144,262144,4201680672,-1,0
0.10616,2,0,DONE,262144,262144,262144,4201680672,-1,0
0.10616,3,0,DONE,262144,262144,262144,4201680672,-1,0
0.10618,0,0,INJECTING,3215484522,3215484522,7510451818,317046704351,-1,0
0.10618,1,0,DONE,262144,262144,262144,4201680672,-1,0
0.10618,2,0,DONE,262144,262144,262144,4201680672,-1,0
0.10618,3,0,DONE,262144,262144,262144,4201680672,-1,0
0.1062,0,0,INJECTING,3215484522,3215484522,7510451818,317046704351,-1,0
0.1062,1,0,DONE,262144,262144,262144,4201680672,-1,0
0.1062,2,0,DONE,262144,262144,262144,4201680672,-1,0
0.1062,3,0,DONE,262144,262144,262144,4201680672,-1,0
0.10622,0,0,INJECTING,3215484522,3215484522,7510451818,317046704351,-1,0
0.10622,1,0,DONE,262144,262144,262144,4201680672,-1,0
0.10622,2,0,DONE,262144,262144,262144,4201680672,-1,0
0.10622,3,0,DONE,262144,262144,262144,4201680672,-1,0
0.10624,0,0,INJECTING,3215484522,3215484522,7510451818,317046704351,-1,0
0.10624,1,0,DONE,262144,262144,262144,4201680672,-1,0
0.10624,2,0,DONE,262144,262144,262144,4201680672,-1,0
0.10624,3,0,DONE,262144,262144,262144,4201680672,-1,0
0.10626,0,0,INJECTING,3215484522,3215484522,7510451818,317046704351,-1,0
0.10626,1,0,DONE,262144,262144,262144,4201680672,-1,0
0.10626,2,0,DONE,262144,262144,262144,4201680672,-1,0
0.10626,3,0,DONE,262144,262144,262144,4201680672,-1,0
0.10628,0,0,INJECTING,3215484522,3215484522,7510451818,317046704351,-1,0
0.10628,1,0,DONE,262144,262144,262144,4201680672,-1,0
0.10628,2,0,DONE,262144,262144,262144,4201680672,-1,0
0.10628,3,0,DONE,262144,262144,262144,4201680672,-1,0
0.1063,0,0,INJECTING,3215484522,3215484522,7510451818,317046704351,-1,0
0.1063,1,0,DONE,262144,262144,262144,4201680672,-1,0
0.1063,2,0,DONE,262144,262144,262144,4201680672,-1,0
0.1063,3,0,DONE,262144,262144,262144,4201680672,-1,0
0.10632,0,0,INJECTING,3215484522,3215484522,7510451818,317046704351,-1,0
0.10632,1,0,DONE,262144,262144,262144,4201680672,-1,0
0.10632,2,0,DONE,262144,262144,262144,4201680672,-1,0
0.10632,3,0,DONE,262144,262144,262144,4201680672,-1,0
0.10634,0,0,INJECTING,3215484522,3215484522,7510451818,317046704351,-1,0
0.10634,1,0,DONE,262144,262144,262144,4201680672,-1,0
0.10634,2,0,DONE,262144,262144,262144,4201680672,-1,0
0.10634,3,0,DONE,262144,262144,262144,4201680672,-1,0
0.10636,0,0,INJECTING,3215484522,3215484522,7510451818,317046704351,-1,0
0.10636,1,0,DONE,262144,262144,262144,4201680672,-1,0
0.10636,2,0,DONE,262144,262144,262144,4201680672,-1,0
0.10636,3,0,DONE,262144,262144,262144,4201680672,-1,0
0.10638,0,0,INJECTING,3215484522,3215484522,7510451818,317046704351,-1,0
0.10638,1,0,DONE,262144,262144,262144,4201680672,-1,0
0.10638,2,0,DONE,262144,262144,262144,4201680672,-1,0
0.10638,3,0,DONE,262144,262144,262144,4201680672,-1,0
0.1064,0,0,INJECTING,3215484522,3215484522,7510451818,317046704351,-1,0
0.1064,1,0,DONE,262144,262144,262144,4201680672,-1,0
0.1064,2,0,DONE,262144,262144,262144,4201680672,-1,0
0.1064,3,0,DONE,262144,262144,262144,4201680672,-1,0
0.10642,0,0,INJECTING,3215484522,3215484522,7510451818,317046704351,-1,0
0.10642,1,0,DONE,262144,262144,262144,4201680672,-1,0
0.10642,2,0,DONE,262144,262144,262144,4201680672,-1,0
0.10642,3,0,DONE,262144,262144,262144,4201680672,-1,0
0.10644,0,0,INJECTING,3215484522,3215484522,7510451818,317046704351,-1,0
0.10644,1,0,DONE,262144,262144,262144,4201680672,-1,0
0.10644,2,0,DONE,262144,262144,262144,4201680672,-1,0
0.10644,3,0,DONE,262144,262144,262144,4201680672,-1,0
0.10646,0,0,INJECTING,3215484522,3215484522,7510451818,317046704351,-1,0
0.10646,1,0,DONE,262144,262144,262144,4201680672,-1,0
0.10646,2,0,DONE,262144,262144,262144,4201680672,-1,0
0.10646,3,0,DONE,262144,262144,262144,4201680672,-1,0
0.10648,0,0,INJECTING,3215484522,3215484522,7510451818,317046704351,-1,0
0.10648,1,0,DONE,262144,262144,262144,4201680672,-1,0
0.10648,2,0,DONE,262144,262144,262144,4201680672,-1,0
0.10648,3,0,DONE,262144,262144,262144,4201680672,-1,0
0.1065,0,0,INJECTING,3215484522,3215484522,7510451818,317046704351,-1,0
0.1065,1,0,DONE,262144,262144,262144,4201680672,-1,0
0.1065,2,0,DONE,262144,262144,262144,4201680672,-1,0
0.1065,3,0,DONE,262144,262144,262144,4201680672,-1,0
0.10652,0,0,INJECTING,3215484522,3215484522,7510451818,317046704351,-1,0
0.10652,1,0,DONE,262144,262144,262144,4201680672,-1,0
0.10652,2,0,DONE,262144,262144,262144,4201680672,-1,0
0.10652,3,0,DONE,262144,262144,262144,4201680672,-1,0
0.10654,0,0,INJECTING,3215484522,3215484522,7510451818,317046704351,-1,0
0.10654,1,0,DONE,262144,262144,262144,4201680672,-1,0
0.10654,2,0,DONE,262144,262144,262144,4201680672,-1,0
0.10654,3,0,DONE,262144,262144,262144,4201680672,-1,0
0.10656,0,0,INJECTING,3215484522,3215484522,7510451818,317046704351,-1,0
0.10656,1,0,DONE,262144,262144,262144,4201680672,-1,0
0.10656,2,0,DONE,262144,262144,262144,4201680672,-1,0
0.10656,3,0,DONE,262144,262144,262144,4201680672,-1,0
0.10658,0,0,INJECTING,3215484522,3215484522,7510451818,317046704351,-1,0
0.10658,1,0,DONE,262144,262144,262144,4201680672,-1,0
0.10658,2,0,DONE,262144,262144,262144,4201680672,-1,0
0.10658,3,0,DONE,262144,262144,262144,4201680672,-1,0
0.1066,0,0,INJECTING,3215484522,3215484522,7510451818,317046704351,-1,0
0.1066,1,0,DONE,262144,262144,262144,4201680672,-1,0
0.1066,2,0,DONE,262144,262144,262144,4201680672,-1,0
0.1066,3,0,DONE,262144,262144,262144,4201680672,-1,0
0.10662,0,0,INJECTING,3215484522,3215484522,7510451818,317046704351,-1,0
0.10662,1,0,DONE,262144,262144,262144,4201680672,-1,0
0.10662,2,0,DONE,262144,262144,262144,4201680672,-1,0
0.10662,3,0,DONE,262144,262144,262144,4201680672,-1,0
0.10664,0,0,INJECTING,3215484522,3215484522,7510451818,317046704351,-1,0
0.10664,1,0,DONE,262144,262144,262144,4201680672,-1,0
0.10664,2,0,DONE,262144,262144,262144,4201680672,-1,0
0.10664,3,0,DONE,262144,262144,262144,4201680672,-1,0
0.10666,0,0,INJECTING,3215484522,3215484522,7510451818,317046704351,-1,0
0.10666,1,0,DONE,262144,262144,262144,4201680672,-1,0
0.10666,2,0,DONE,262144,262144,262144,4201680672,-1,0
0.10666,3,0,DONE,262144,262144,262144,4201680672,-1,0
0.10668,0,0,INJECTING,3215484522,3215484522,7510451818,317046704351,-1,0
0.10668,1,0,DONE,262144,262144,262144,4201680672,-1,0
0.10668,2,0,DONE,262144,262144,262144,4201680672,-1,0
0.10668,3,0,DONE,262144,262144,262144,4201680672,-1,0
0.1067,0,0,INJECTING,3215484522,3215484522,7510451818,317046704351,-1,0
0.1067,1,0,DONE,262144,262144,262144,4201680672,-1,0
0.1067,2,0,DONE,262144,262144,262144,4201680672,-1,0
0.1067,3,0,DONE,262144,262144,262144,4201680672,-1,0
0.10672,0,0,INJECTING,3215484522,3215484522,7510451818,317046704351,-1,0
0.10672,1,0,DONE,262144,262144,262144,4201680672,-1,0
0.10672,2,0,DONE,262144,262144,262144,4201680672,-1,0
0.10672,3,0,DONE,262144,262144,262144,4201680672,-1,0
0.10674,0,0,INJECTING,3215484522,3215484522,7510451818,317046704351,-1,0
0.10674,1,0,DONE,262144,262144,262144,4201680672,-1,0
0.10674,2,0,DONE,262144,262144,262144,4201680672,-1,0
0.10674,3,0,DONE,262144,262144,262144,4201680672,-1,0
0.10676,0,0,INJECTING,3215484522,3215484522,7510451818,317046704351,-1,0
0.10676,1,0,DONE,262144,262144,262144,4201680672,-1,0
0.10676,2,0,DONE,262144,262144,262144,4201680672,-1,0
0.10676,3,0,DONE,262144,262144,262144,4201680672,-1,0
0.10678,0,0,INJECTING,3215484522,3215484522,7510451818,317046704351,-1,0
0.10678,1,0,DONE,262144,262144,262144,4201680672,-1,0
0.10678,2,0,DONE,262144,262144,262144,4201680672,-1,0
0.10678,3,0,DONE,262144,262144,262144,4201680672,-1,0
0.1068,0,0,INJECTING,3215484522,3215484522,7510451818,317046704351,-1,0
0.1068,1,0,DONE,262144,262144,262144,4201680672,-1,0
0.1068,2,0,DONE,262144,262144,262144,4201680672,-1,0
0.1068,3,0,DONE,262144,262144,262144,4201680672,-1,0
0.10682,0,0,INJECTING,3215484522,3215484522,7510451818,317046704351,-1,0
0.10682,1,0,DONE,262144,262144,262144,4201680672,-1,0
0.10682,2,0,DONE,262144,262144,262144,4201680672,-1,0
0.10682,3,0,DONE,262144,262144,262144,4201680672,-1,0
0.10684,0,0,INJECTING,3215484522,3215484522,7510451818,317046704351,-1,0
0.10684,1,0,DONE,262144,262144,262144,4201680672,-1,0
0.10684,2,0,DONE,262144,262144,262144,4201680672,-1,0
0.10684,3,0,DONE,262144,262144,262144,4201680672,-1,0
0.10686,0,0,INJECTING,3215484522,3215484522,7510451818,317046704351,-1,0
0.10686,1,0,DONE,262144,262144,262144,4201680672,-1,0
0.10686,2,0,DONE,262144,262144,262144,4201680672,-1,0
0.10686,3,0,DONE,262144,262144,262144,4201680672,-1,0
0.10688,0,0,INJECTING,3215484522,3215484522,7510451818,317046704351,-1,0
0.10688,1,0,DONE,262144,262144,262144,4201680672,-1,0
0.10688,2,0,DONE,262144,262144,262144,4201680672,-1,0
0.10688,3,0,DONE,262144,262144,262144,4201680672,-1,0
0.1069,0,0,INJECTING,3215484522,3215484522,7510451818,317046704351,-1,0
0.1069,1,0,DONE,262144,262144,262144,4201680672,-1,0
0.1069,2,0,DONE,262144,262144,262144,4201680672,-1,0
0.1069,3,0,DONE,262144,262144,262144,4201680672,-1,0
0.10692,0,0,INJECTING,3215484522,3215484522,7510451818,317046704351,-1,0
0.10692,1,0,DONE,262144,262144,262144,4201680672,-1,0
0.10692,2,0,DONE,262144,262144,262144,4201680672,-1,0
0.10692,3,0,DONE,262144,262144,262144,4201680672,-1,0
0.10694,0,0,INJECTING,3215484522,3215484522,7510451818,317046704351,-1,0
0.10694,1,0,DONE,262144,262144,262144,4201680672,-1,0
0.10694,2,0,DONE,262144,262144,262144,4201680672,-1,0
0.10694,3,0,DONE,262144,262144,262144,4201680672,-1,0
0.10696,0,0,INJECTING,3215484522,3215484522,7510451818,317046704351,-1,0
0.10696,1,0,DONE,262144,262144,262144,4201680672,-1,0
0.10696,2,0,DONE,262144,262144,262144,4201680672,-1,0
0.10696,3,0,DONE,262144,262144,262144,4201680672,-1,0
0.10698,0,0,INJECTING,3215484522,3215484522,7510451818,317046704351,-1,0
0.10698,1,0,DONE,262144,262144,262144,4201680672,-1,0
0.10698,2,0,DONE,262144,262144,262144,4201680672,-1,0
0.10698,3,0,DONE,262144,262144,262144,4201680672,-1,0
0.107,0,0,INJECTING,3215484522,3215484522,7510451818,317046704351,-1,0
0.107,1,0,DONE,262144,262144,262144,4201680672,-1,0
0.107,2,0,DONE,262144,262144,262144,4201680672,-1,0
0.107,3,0,DONE,262144,262144,262144,4201680672,-1,0
0.10702,0,0,INJECTING,3215484522,3215484522,7510451818,317046704351,-1,0
0.10702,1,0,DONE,262144,262144,262144,4201680672,-1,0
0.10702,2,0,DONE,262144,262144,262144,4201680672,-1,0
0.10702,3,0,DONE,262144,262144,262144,4201680672,-1,0
0.10704,0,0,INJECTING,3215484522,3215484522,7510451818,317046704351,-1,0
0.10704,1,0,DONE,262144,262144,262144,4201680672,-1,0
0.10704,2,0,DONE,262144,262144,262144,4201680672,-1,0
0.10704,3,0,DONE,262144,262144,262144,4201680672,-1,0
0.10706,0,0,INJECTING,3215484522,3215484522,7510451818,317046704351,-1,0
0.10706,1,0,DONE,262144,262144,262144,4201680672,-1,0
0.10706,2,0,DONE,262144,262144,262144,4201680672,-1,0
0.10706,3,0,DONE,262144,262144,262144,4201680672,-1,0
0.10708,0,0,INJECTING,3215484522,3215484522,7510451818,317046704351,-1,0
0.10708,1,0,DONE,262144,262144,262144,4201680672,-1,0
0.10708,2,0,DONE,262144,262144,262144,4201680672,-1,0
0.10708,3,0,DONE,262144,262144,262144,4201680672,-1,0
0.1071,0,0,INJECTING,3215484522,3215484522,7510451818,317046704351,-1,0
0.1071,1,0,DONE,262144,262144,262144,4201680672,-1,0
0.1071,2,0,DONE,262144,262144,262144,4201680672,-1,0
0.1071,3,0,DONE,262144,262144,262144,4201680672,-1,0
0.10712,0,0,INJECTING,3215484522,3215484522,7510451818,317046704351,-1,0
0.10712,1,0,DONE,262144,262144,262144,4201680672,-1,0
0.10712,2,0,DONE,262144,262144,262144,4201680672,-1,0
0.10712,3,0,DONE,262144,262144,262144,4201680672,-1,0
0.10714,0,0,INJECTING,3215484522,3215484522,7510451818,317046704351,-1,0
0.10714,1,0,DONE,262144,262144,262144,4201680672,-1,0
0.10714,2,0,DONE,262144,262144,262144,4201680672,-1,0
0.10714,3,0,DONE,262144,262144,262144,4201680672,-1,0
0.10716,0,0,INJECTING,3215484522,3215484522,7510451818,317046704351,-1,0
0.10716,1,0,DONE,262144,262144,262144,4201680672,-1,0
0.10716,2,0,DONE,262144,262144,262144,4201680672,-1,0
0.10716,3,0,DONE,262144,262144,262144,4201680672,-1,0
0.10718,0,0,INJECTING,3215484522,3215484522,7510451818,317046704351,-1,0
0.10718,1,0,DONE,262144,262144,262144,4201680672,-1,0
0.10718,2,0,DONE,262144,262144,262144,4201680672,-1,0
0.10718,3,0,DONE,262144,262144,262144,4201680672,-1,0
0.1072,0,0,INJECTING,3215484522,3215484522,7510451818,317046704351,-1,0
0.1072,1,0,DONE,262144,262144,262144,4201680672,-1,0
0.1072,2,0,DONE,262144,262144,262144,4201680672,-1,0
0.1072,3,0,DONE,262144,262144,262144,4201680672,-1,0
0.10722,0,0,INJECTING,3215484522,3215484522,7510451818,317046704351,-1,0
0.10722,1,0,DONE,262144,262144,262144,4201680672,-1,0
0.10722,2,0,DONE,262144,262144,262144,4201680672,-1,0
0.10722,3,0,DONE,262144,262144,262144,4201680672,-1,0
0.10724,0,0,INJECTING,3215484522,3215484522,7510451818,317046704351,-1,0
0.10724,1,0,DONE,262144,262144,262144,4201680672,-1,0
0.10724,2,0,DONE,262144,262144,262144,4201680672,-1,0
0.10724,3,0,DONE,262144,262144,262144,4201680672,-1,0
0.10726,0,0,INJECTING,3215484522,3215484522,7510451818,317046704351,-1,0
0.10726,1,0,DONE,262144,262144,262144,4201680672,-1,0
0.10726,2,0,DONE,262144,262144,262144,4201680672,-1,0
0.10726,3,0,DONE,262144,262144,262144,4201680672,-1,0
0.10728,0,0,INJECTING,3215484522,3215484522,7510451818,317046704351,-1,0
0.10728,1,0,DONE,262144,262144,262144,4201680672,-1,0
0.10728,2,0,DONE,262144,262144,262144,4201680672,-1,0
0.10728,3,0,DONE,262144,262144,262144,4201680672,-1,0
0.1073,0,0,INJECTING,3215484522,3215484522,7510451818,317046704351,-1,0
0.1073,1,0,DONE,262144,262144,262144,4201680672,-1,0
0.1073,2,0,DONE,262144,262144,262144,4201680672,-1,0
0.1073,3,0,DONE,262144,262144,262144,4201680672,-1,0
0.10732,0,0,INJECTING,3215484522,3215484522,7510451818,317046704351,-1,0
0.10732,1,0,DONE,262144,262144,262144,4201680672,-1,0
0.10732,2,0,DONE,262144,262144,262144,4201680672,-1,0
0.10732,3,0,DONE,262144,262144,262144,4201680672,-1,0
0.10734,0,0,INJECTING,3215484522,3215484522,7510451818,317046704351,-1,0
0.10734,1,0,DONE,262144,262144,262144,4201680672,-1,0
0.10734,2,0,DONE,262144,262144,262144,4201680672,-1,0
0.10734,3,0,DONE,262144,262144,262144,4201680672,-1,0
0.10736,0,0,INJECTING,3215484522,3215484522,7510451818,317046704351,-1,0
0.10736,1,0,DONE,262144,262144,262144,4201680672,-1,0
0.10736,2,0,DONE,262144,262144,262144,4201680672,-1,0
0.10736,3,0,DONE,262144,262144,262144,4201680672,-1,0
0.10738,0,0,INJECTING,3215484522,3215484522,7510451818,317046704351,-1,0
0.10738,1,0,DONE,262144,262144,262144,4201680672,-1,0
0.10738,2,0,DONE,262144,262144,262144,4201680672,-1,0
0.10738,3,0,DONE,262144,262144,262144,4201680672,-1,0
0.1074,0,0,INJECTING,3215484522,3215484522,7510451818,317046704351,-1,0
0.1074,1,0,DONE,262144,262144,262144,4201680672,-1,0
0.1074,2,0,DONE,262144,262144,262144,4201680672,-1,0
0.1074,3,0,DONE,262144,262144,262144,4201680672,-1,0
0.10742,0,0,INJECTING,3215484522,3215484522,7510451818,317046704351,-1,0
0.10742,1,0,DONE,262144,262144,262144,4201680672,-1,0
0.10742,2,0,DONE,262144,262144,262144,4201680672,-1,0
0.10742,3,0,DONE,262144,262144,262144,4201680672,-1,0
0.10744,0,0,INJECTING,3215484522,3215484522,7510451818,317046704351,-1,0
0.10744,1,0,DONE,262144,262144,262144,4201680672,-1,0
0.10744,2,0,DONE,262144,262144,262144,4201680672,-1,0
0.10744,3,0,DONE,262144,262144,262144,4201680672,-1,0
0.10746,0,0,INJECTING,3215484522,3215484522,7510451818,317046704351,-1,0
0.10746,1,0,DONE,262144,262144,262144,4201680672,-1,0
0.10746,2,0,DONE,262144,262144,262144,4201680672,-1,0
0.10746,3,0,DONE,262144,262144,262144,4201680672,-1,0
0.10748,0,0,INJECTING,3215484522,3215484522,7510451818,317046704351,-1,0
0.10748,1,0,DONE,262144,262144,262144,4201680672,-1,0
0.10748,2,0,DONE,262144,262144,262144,4201680672,-1,0
0.10748,3,0,DONE,262144,262144,262144,4201680672,-1,0
0.1075,0,0,INJECTING,3215484522,3215484522,7510451818,317046704351,-1,0
0.1075,1,0,DONE,262144,262144,262144,4201680672,-1,0
0.1075,2,0,DONE,262144,262144,262144,4201680672,-1,0
0.1075,3,0,DONE,262144,262144,262144,4201680672,-1,0
0.10752,0,0,INJECTING,3215484522,3215484522,7510451818,317046704351,-1,0
0.10752,1,0,DONE,262144,262144,262144,4201680672,-1,0
0.10752,2,0,DONE,262144,262144,262144,4201680672,-1,0
0.10752,3,0,DONE,262144,262144,262144,4201680672,-1,0
0.10754,0,0,INJECTING,3215484522,3215484522,7510451818,317046704351,-1,0
0.10754,1,0,DONE,262144,262144,262144,4201680672,-1,0
0.10754,2,0,DONE,262144,262144,262144,4201680672,-1,0
0.10754,3,0,DONE,262144,262144,262144,4201680672,-1,0
0.10756,0,0,INJECTING,3215484522,3215484522,7510451818,317046704351,-1,0
0.10756,1,0,DONE,262144,262144,262144,4201680672,-1,0
0.10756,2,0,DONE,262144,262144,262144,4201680672,-1,0
0.10756,3,0,DONE,262144,262144,262144,4201680672,-1,0
0.10758,0,0,INJECTING,3215484522,3215484522,7510451818,317046704351,-1,0
0.10758,1,0,DONE,262144,262144,262144,4201680672,-1,0
0.10758,2,0,DONE,262144,262144,262144,4201680672,-1,0
0.10758,3,0,DONE,262144,262144,262144,4201680672,-1,0
0.1076,0,0,INJECTING,3215484522,3215484522,7510451818,317046704351,-1,0
0.1076,1,0,DONE,262144,262144,262144,4201680672,-1,0
0.1076,2,0,DONE,262144,262144,262144,4201680672,-1,0
0.1076,3,0,DONE,262144,262144,262144,4201680672,-1,0
0.10762,0,0,INJECTING,3215484522,3215484522,7510451818,317046704351,-1,0
0.10762,1,0,DONE,262144,262144,262144,4201680672,-1,0
0.10762,2,0,DONE,262144,262144,262144,4201680672,-1,0
0.10762,3,0,DONE,262144,262144,262144,4201680672,-1,0
0.10764,0,0,INJECTING,3215484522,3215484522,7510451818,317046704351,-1,0
0.10764,1,0,DONE,262144,262144,262144,4201680672,-1,0
0.10764,2,0,DONE,262144,262144,262144,4201680672,-1,0
0.10764,3,0,DONE,262144,262144,262144,4201680672,-1,0
0.10766,0,0,INJECTING,3215484522,3215484522,7510451818,317046704351,-1,0
0.10766,1,0,DONE,262144,262144,262144,4201680672,-1,0
0.10766,2,0,DONE,262144,262144,262144,4201680672,-1,0
0.10766,3,0,DONE,262144,262144,262144,4201680672,-1,0
0.10768,0,0,INJECTING,3215484522,3215484522,7510451818,317046704351,-1,0
0.10768,1,0,DONE,262144,262144,262144,4201680672,-1,0
0.10768,2,0,DONE,262144,262144,262144,4201680672,-1,0
0.10768,3,0,DONE,262144,262144,262144,4201680672,-1,0
0.1077,0,0,INJECTING,3215484522,3215484522,7510451818,317046704351,-1,0
0.1077,1,0,DONE,262144,262144,262144,4201680672,-1,0
0.1077,2,0,DONE,262144,262144,262144,4201680672,-1,0
0.1077,3,0,DONE,262144,262144,262144,4201680672,-1,0
0.10772,0,0,INJECTING,3215484522,3215484522,7510451818,317046704351,-1,0
0.10772,1,0,DONE,262144,262144,262144,4201680672,-1,0
0.10772,2,0,DONE,262144,262144,262144,4201680672,-1,0
0.10772,3,0,DONE,262144,262144,262144,4201680672,-1,0
0.10774,0,0,INJECTING,3215484522,3215484522,7510451818,317046704351,-1,0
0.10774,1,0,DONE,262144,262144,262144,4201680672,-1,0
0.10774,2,0,DONE,262144,262144,262144,4201680672,-1,0
0.10774,3,0,DONE,262144,262144,262144,4201680672,-1,0
0.10776,0,0,INJECTING,3215484522,3215484522,7510451818,317046704351,-1,0
0.10776,1,0,DONE,262144,262144,262144,4201680672,-1,0
0.10776,2,0,DONE,262144,262144,262144,4201680672,-1,0
0.10776,3,0,DONE,262144,262144,262144,4201680672,-1,0
0.10778,0,0,INJECTING,3215484522,3215484522,7510451818,317046704351,-1,0
0.10778,1,0,DONE,262144,262144,262144,4201680672,-1,0
0.10778,2,0,DONE,262144,262144,262144,4201680672,-1,0
0.10778,3,0,DONE,262144,262144,262144,4201680672,-1,0
0.1078,0,0,INJECTING,3215484522,3215484522,7510451818,317046704351,-1,0
0.1078,1,0,DONE,262144,262144,262144,4201680672,-1,0
0.1078,2,0,DONE,262144,262144,262144,4201680672,-1,0
0.1078,3,0,DONE,262144,262144,262144,4201680672,-1,0
0.10782,0,0,INJECTING,3215484522,3215484522,7510451818,317046704351,-1,0
0.10782,1,0,DONE,262144,262144,262144,4201680672,-1,0
0.10782,2,0,DONE,262144,262144,262144,4201680672,-1,0
0.10782,3,0,DONE,262144,262144,262144,4201680672,-1,0
0.10784,0,0,INJECTING,3215484522,3215484522,7510451818,317046704351,-1,0
0.10784,1,0,DONE,262144,262144,262144,4201680672,-1,0
0.10784,2,0,DONE,262144,262144,262144,4201680672,-1,0
0.10784,3,0,DONE,262144,262144,262144,4201680672,-1,0
0.10786,0,0,INJECTING,3215484522,3215484522,7510451818,317046704351,-1,0
0.10786,1,0,DONE,262144,262144,262144,4201680672,-1,0
0.10786,2,0,DONE,262144,262144,262144,4201680672,-1,0
0.10786,3,0,DONE,262144,262144,262144,4201680672,-1,0
0.10788,0,0,INJECTING,3215484522,3215484522,7510451818,317046704351,-1,0
0.10788,1,0,DONE,262144,262144,262144,4201680672,-1,0
0.10788,2,0,DONE,262144,262144,262144,4201680672,-1,0
0.10788,3,0,DONE,262144,262144,262144,4201680672,-1,0
0.1079,0,0,INJECTING,3215484522,3215484522,7510451818,317046704351,-1,0
0.1079,1,0,DONE,262144,262144,262144,4201680672,-1,0
0.1079,2,0,DONE,262144,262144,262144,4201680672,-1,0
0.1079,3,0,DONE,262144,262144,262144,4201680672,-1,0
0.10792,0,0,INJECTING,3215484522,3215484522,7510451818,317046704351,-1,0
0.10792,1,0,DONE,262144,262144,262144,4201680672,-1,0
0.10792,2,0,DONE,262144,262144,262144,4201680672,-1,0
0.10792,3,0,DONE,262144,262144,262144,4201680672,-1,0
0.10794,0,0,INJECTING,3215484522,3215484522,7510451818,317046704351,-1,0
0.10794,1,0,DONE,262144,262144,262144,4201680672,-1,0
0.10794,2,0,DONE,262144,262144,262144,4201680672,-1,0
0.10794,3,0,DONE,262144,262144,262144,4201680672,-1,0
0.10796,0,0,INJECTING,3215484522,3215484522,7510451818,317046704351,-1,0
0.10796,1,0,DONE,262144,262144,262144,4201680672,-1,0
0.10796,2,0,DONE,262144,262144,262144,4201680672,-1,0
0.10796,3,0,DONE,262144,262144,262144,4201680672,-1,0
0.10798,0,0,INJECTING,3215484522,3215484522,7510451818,317046704351,-1,0
0.10798,1,0,DONE,262144,262144,262144,4201680672,-1,0
0.10798,2,0,DONE,262144,262144,262144,4201680672,-1,0
0.10798,3,0,DONE,262144,262144,262144,4201680672,-1,0
0.108,0,0,INJECTING,3215484522,3215484522,7510451818,317046704351,-1,0
0.108,1,0,DONE,262144,262144,262144,4201680672,-1,0
0.108,2,0,DONE,262144,262144,262144,4201680672,-1,0
0.108,3,0,DONE,262144,262144,262144,4201680672,-1,0
0.10802,0,0,INJECTING,3215484522,3215484522,7510451818,317046704351,-1,0
0.10802,1,0,DONE,262144,262144,262144,4201680672,-1,0
0.10802,2,0,DONE,262144,262144,262144,4201680672,-1,0
0.10802,3,0,DONE,262144,262144,262144,4201680672,-1,0
0.10804,0,0,INJECTING,3215484522,3215484522,7510451818,317046704351,-1,0
0.10804,1,0,DONE,262144,262144,262144,4201680672,-1,0
0.10804,2,0,DONE,262144,262144,262144,4201680672,-1,0
0.10804,3,0,DONE,262144,262144,262144,4201680672,-1,0
0.10806,0,0,INJECTING,3215484522,3215484522,7510451818,317046704351,-1,0
0.10806,1,0,DONE,262144,262144,262144,4201680672,-1,0
0.10806,2,0,DONE,262144,262144,262144,4201680672,-1,0
0.10806,3,0,DONE,262144,262144,262144,4201680672,-1,0
0.10808,0,0,INJECTING,3215484522,3215484522,7510451818,317046704351,-1,0
0.10808,1,0,DONE,262144,262144,262144,4201680672,-1,0
0.10808,2,0,DONE,262144,262144,262144,4201680672,-1,0
0.10808,3,0,DONE,262144,262144,262144,4201680672,-1,0
0.1081,0,0,INJECTING,3215484522,3215484522,7510451818,317046704351,-1,0
0.1081,1,0,DONE,262144,262144,262144,4201680672,-1,0
0.1081,2,0,DONE,262144,262144,262144,4201680672,-1,0
0.1081,3,0,DONE,262144,262144,262144,4201680672,-1,0
0.10812,0,0,INJECTING,3215484522,3215484522,7510451818,317046704351,-1,0
0.10812,1,0,DONE,262144,262144,262144,4201680672,-1,0
0.10812,2,0,DONE,262144,262144,262144,4201680672,-1,0
0.10812,3,0,DONE,262144,262144,262144,4201680672,-1,0
0.10814,0,0,INJECTING,3215484522,3215484522,7510451818,317046704351,-1,0
0.10814,1,0,DONE,262144,262144,262144,4201680672,-1,0
0.10814,2,0,DONE,262144,262144,262144,4201680672,-1,0
0.10814,3,0,DONE,262144,262144,262144,4201680672,-1,0
0.10816,0,0,INJECTING,3215484522,3215484522,7510451818,317046704351,-1,0
0.10816,1,0,DONE,262144,262144,262144,4201680672,-1,0
0.10816,2,0,DONE,262144,262144,262144,4201680672,-1,0
0.10816,3,0,DONE,262144,262144,262144,4201680672,-1,0
0.10818,0,0,INJECTING,3215484522,3215484522,7510451818,317046704351,-1,0
0.10818,1,0,DONE,262144,262144,262144,4201680672,-1,0
0.10818,2,0,DONE,262144,262144,262144,4201680672,-1,0
0.10818,3,0,DONE,262144,262144,262144,4201680672,-1,0
0.1082,0,0,INJECTING,3215484522,3215484522,7510451818,317046704351,-1,0
0.1082,1,0,DONE,262144,262144,262144,4201680672,-1,0
0.1082,2,0,DONE,262144,262144,262144,4201680672,-1,0
0.1082,3,0,DONE,262144,262144,262144,4201680672,-1,0
0.10822,0,0,INJECTING,3215484522,3215484522,7510451818,317046704351,-1,0
0.10822,1,0,DONE,262144,262144,262144,4201680672,-1,0
0.10822,2,0,DONE,262144,262144,262144,4201680672,-1,0
0.10822,3,0,DONE,262144,262144,262144,4201680672,-1,0
0.10824,0,0,INJECTING,3215484522,3215484522,7510451818,317046704351,-1,0
0.10824,1,0,DONE,262144,262144,262144,4201680672,-1,0
0.10824,2,0,DONE,262144,262144,262144,4201680672,-1,0
0.10824,3,0,DONE,262144,262144,262144,4201680672,-1,0
0.10826,0,0,INJECTING,3215484522,3215484522,7510451818,317046704351,-1,0
0.10826,1,0,DONE,262144,262144,262144,4201680672,-1,0
0.10826,2,0,DONE,262144,262144,262144,4201680672,-1,0
0.10826,3,0,DONE,262144,262144,262144,4201680672,-1,0
0.10828,0,0,INJECTING,3215484522,3215484522,7510451818,317046704351,-1,0
0.10828,1,0,DONE,262144,262144,262144,4201680672,-1,0
0.10828,2,0,DONE,262144,262144,262144,4201680672,-1,0
0.10828,3,0,DONE,262144,262144,262144,4201680672,-1,0
0.1083,0,0,INJECTING,3215484522,3215484522,7510451818,317046704351,-1,0
0.1083,1,0,DONE,262144,262144,262144,4201680672,-1,0
0.1083,2,0,DONE,262144,262144,262144,4201680672,-1,0
0.1083,3,0,DONE,262144,262144,262144,4201680672,-1,0
0.10832,0,0,INJECTING,3215484522,3215484522,7510451818,317046704351,-1,0
0.10832,1,0,DONE,262144,262144,262144,4201680672,-1,0
0.10832,2,0,DONE,262144,262144,262144,4201680672,-1,0
0.10832,3,0,DONE,262144,262144,262144,4201680672,-1,0
0.10834,0,0,INJECTING,3215484522,3215484522,7510451818,317046704351,-1,0
0.10834,1,0,DONE,262144,262144,262144,4201680672,-1,0
0.10834,2,0,DONE,262144,262144,262144,4201680672,-1,0
0.10834,3,0,DONE,262144,262144,262144,4201680672,-1,0
0.10836,0,0,INJECTING,3215484522,3215484522,7510451818,317046704351,-1,0
0.10836,1,0,DONE,262144,262144,262144,4201680672,-1,0
0.10836,2,0,DONE,262144,262144,262144,4201680672,-1,0
0.10836,3,0,DONE,262144,262144,262144,4201680672,-1,0
0.10838,0,0,INJECTING,3215484522,3215484522,7510451818,317046704351,-1,0
0.10838,1,0,DONE,262144,262144,262144,4201680672,-1,0
0.10838,2,0,DONE,262144,262144,262144,4201680672,-1,0
0.10838,3,0,DONE,262144,262144,262144,4201680672,-1,0
0.1084,0,0,INJECTING,3215484522,3215484522,7510451818,317046704351,-1,0
0.1084,1,0,DONE,262144,262144,262144,4201680672,-1,0
0.1084,2,0,DONE,262144,262144,262144,4201680672,-1,0
0.1084,3,0,DONE,262144,262144,262144,4201680672,-1,0
0.10842,0,0,INJECTING,3215484522,3215484522,7510451818,317046704351,-1,0
0.10842,1,0,DONE,262144,262144,262144,4201680672,-1,0
0.10842,2,0,DONE,262144,262144,262144,4201680672,-1,0
0.10842,3,0,DONE,262144,262144,262144,4201680672,-1,0
0.10844,0,0,INJECTING,3215484522,3215484522,7510451818,317046704351,-1,0
0.10844,1,0,DONE,262144,262144,262144,4201680672,-1,0
0.10844,2,0,DONE,262144,262144,262144,4201680672,-1,0
0.10844,3,0,DONE,262144,262144,262144,4201680672,-1,0
0.10846,0,0,INJECTING,3215484522,3215484522,7510451818,317046704351,-1,0
0.10846,1,0,DONE,262144,262144,262144,4201680672,-1,0
0.10846,2,0,DONE,262144,262144,262144,4201680672,-1,0
0.10846,3,0,DONE,262144,262144,262144,4201680672,-1,0
0.10848,0,0,INJECTING,3215484522,3215484522,7510451818,317046704351,-1,0
0.10848,1,0,DONE,262144,262144,262144,4201680672,-1,0
0.10848,2,0,DONE,262144,262144,262144,4201680672,-1,0
0.10848,3,0,DONE,262144,262144,262144,4201680672,-1,0
0.1085,0,0,INJECTING,3215484522,3215484522,7510451818,317046704351,-1,0
0.1085,1,0,DONE,262144,262144,262144,4201680672,-1,0
0.1085,2,0,DONE,262144,262144,262144,4201680672,-1,0
0.1085,3,0,DONE,262144,262144,262144,4201680672,-1,0
0.10852,0,0,INJECTING,3215484522,3215484522,7510451818,317046704351,-1,0
0.10852,1,0,DONE,262144,262144,262144,4201680672,-1,0
0.10852,2,0,DONE,262144,262144,262144,4201680672,-1,0
0.10852,3,0,DONE,262144,262144,262144,4201680672,-1,0
0.10854,0,0,INJECTING,3215484522,3215484522,7510451818,317046704351,-1,0
0.10854,1,0,DONE,262144,262144,262144,4201680672,-1,0
0.10854,2,0,DONE,262144,262144,262144,4201680672,-1,0
0.10854,3,0,DONE,262144,262144,262144,4201680672,-1,0
0.10856,0,0,INJECTING,3215484522,3215484522,7510451818,317046704351,-1,0
0.10856,1,0,DONE,262144,262144,262144,4201680672,-1,0
0.10856,2,0,DONE,262144,262144,262144,4201680672,-1,0
0.10856,3,0,DONE,262144,262144,262144,4201680672,-1,0
0.10858,0,0,INJECTING,3215484522,3215484522,7510451818,317046704351,-1,0
0.10858,1,0,DONE,262144,262144,262144,4201680672,-1,0
0.10858,2,0,DONE,262144,262144,262144,4201680672,-1,0
0.10858,3,0,DONE,262144,262144,262144,4201680672,-1,0
0.1086,0,0,INJECTING,3215484522,3215484522,7510451818,317046704351,-1,0
0.1086,1,0,DONE,262144,262144,262144,4201680672,-1,0
0.1086,2,0,DONE,262144,262144,262144,4201680672,-1,0
0.1086,3,0,DONE,262144,262144,262144,4201680672,-1,0
0.10862,0,0,INJECTING,3215484522,3215484522,7510451818,317046704351,-1,0
0.10862,1,0,DONE,262144,262144,262144,4201680672,-1,0
0.10862,2,0,DONE,262144,262144,262144,4201680672,-1,0
0.10862,3,0,DONE,262144,262144,262144,4201680672,-1,0
0.10864,0,0,INJECTING,3215484522,3215484522,7510451818,317046704351,-1,0
0.10864,1,0,DONE,262144,262144,262144,4201680672,-1,0
0.10864,2,0,DONE,262144,262144,262144,4201680672,-1,0
0.10864,3,0,DONE,262144,262144,262144,4201680672,-1,0
0.10866,0,0,INJECTING,3215484522,3215484522,7510451818,317046704351,-1,0
0.10866,1,0,DONE,262144,262144,262144,4201680672,-1,0
0.10866,2,0,DONE,262144,262144,262144,4201680672,-1,0
0.10866,3,0,DONE,262144,262144,262144,4201680672,-1,0
0.10868,0,0,INJECTING,3215484522,3215484522,7510451818,317046704351,-1,0
0.10868,1,0,DONE,262144,262144,262144,4201680672,-1,0
0.10868,2,0,DONE,262144,262144,262144,4201680672,-1,0
0.10868,3,0,DONE,262144,262144,262144,4201680672,-1,0
0.1087,0,0,INJECTING,3215484522,3215484522,7510451818,317046704351,-1,0
0.1087,1,0,DONE,262144,262144,262144,4201680672,-1,0
0.1087,2,0,DONE,262144,262144,262144,4201680672,-1,0
0.1087,3,0,DONE,262144,262144,262144,4201680672,-1,0
0.10872,0,0,INJECTING,3215484522,3215484522,7510451818,317046704351,-1,0
0.10872,1,0,DONE,262144,262144,262144,4201680672,-1,0
0.10872,2,0,DONE,262144,262144,262144,4201680672,-1,0
0.10872,3,0,DONE,262144,262144,262144,4201680672,-1,0
0.10874,0,0,INJECTING,3215484522,3215484522,7510451818,317046704351,-1,0
0.10874,1,0,DONE,262144,262144,262144,4201680672,-1,0
0.10874,2,0,DONE,262144,262144,262144,4201680672,-1,0
0.10874,3,0,DONE,262144,262144,262144,4201680672,-1,0
0.10876,0,0,INJECTING,3215484522,3215484522,7510451818,317046704351,-1,0
0.10876,1,0,DONE,262144,262144,262144,4201680672,-1,0
0.10876,2,0,DONE,262144,262144,262144,4201680672,-1,0
0.10876,3,0,DONE,262144,262144,262144,4201680672,-1,0
0.10878,0,0,INJECTING,3215484522,3215484522,7510451818,317046704351,-1,0
0.10878,1,0,DONE,262144,262144,262144,4201680672,-1,0
0.10878,2,0,DONE,262144,262144,262144,4201680672,-1,0
0.10878,3,0,DONE,262144,262144,262144,4201680672,-1,0
0.1088,0,0,INJECTING,3215484522,3215484522,7510451818,317046704351,-1,0
0.1088,1,0,DONE,262144,262144,262144,4201680672,-1,0
0.1088,2,0,DONE,262144,262144,262144,4201680672,-1,0
0.1088,3,0,DONE,262144,262144,262144,4201680672,-1,0
0.10882,0,0,INJECTING,3215484522,3215484522,7510451818,317046704351,-1,0
0.10882,1,0,DONE,262144,262144,262144,4201680672,-1,0
0.10882,2,0,DONE,262144,262144,262144,4201680672,-1,0
0.10882,3,0,DONE,262144,262144,262144,4201680672,-1,0
0.10884,0,0,INJECTING,3215484522,3215484522,7510451818,317046704351,-1,0
0.10884,1,0,DONE,262144,262144,262144,4201680672,-1,0
0.10884,2,0,DONE,262144,262144,262144,4201680672,-1,0
0.10884,3,0,DONE,262144,262144,262144,4201680672,-1,0
0.10886,0,0,INJECTING,3215484522,3215484522,7510451818,317046704351,-1,0
0.10886,1,0,DONE,262144,262144,262144,4201680672,-1,0
0.10886,2,0,DONE,262144,262144,262144,4201680672,-1,0
0.10886,3,0,DONE,262144,262144,262144,4201680672,-1,0
0.10888,0,0,INJECTING,3215484522,3215484522,7510451818,317046704351,-1,0
0.10888,1,0,DONE,262144,262144,262144,4201680672,-1,0
0.10888,2,0,DONE,262144,262144,262144,4201680672,-1,0
0.10888,3,0,DONE,262144,262144,262144,4201680672,-1,0
0.1089,0,0,INJECTING,3215484522,3215484522,7510451818,317046704351,-1,0
0.1089,1,0,DONE,262144,262144,262144,4201680672,-1,0
0.1089,2,0,DONE,262144,262144,262144,4201680672,-1,0
0.1089,3,0,DONE,262144,262144,262144,4201680672,-1,0
0.10892,0,0,INJECTING,3215484522,3215484522,7510451818,317046704351,-1,0
0.10892,1,0,DONE,262144,262144,262144,4201680672,-1,0
0.10892,2,0,DONE,262144,262144,262144,4201680672,-1,0
0.10892,3,0,DONE,262144,262144,262144,4201680672,-1,0
0.10894,0,0,INJECTING,3215484522,3215484522,7510451818,317046704351,-1,0
0.10894,1,0,DONE,262144,262144,262144,4201680672,-1,0
0.10894,2,0,DONE,262144,262144,262144,4201680672,-1,0
0.10894,3,0,DONE,262144,262144,262144,4201680672,-1,0
0.10896,0,0,INJECTING,3215484522,3215484522,7510451818,317046704351,-1,0
0.10896,1,0,DONE,262144,262144,262144,4201680672,-1,0
0.10896,2,0,DONE,262144,262144,262144,4201680672,-1,0
0.10896,3,0,DONE,262144,262144,262144,4201680672,-1,0
0.10898,0,0,INJECTING,3215484522,3215484522,7510451818,317046704351,-1,0
0.10898,1,0,DONE,262144,262144,262144,4201680672,-1,0
0.10898,2,0,DONE,262144,262144,262144,4201680672,-1,0
0.10898,3,0,DONE,262144,262144,262144,4201680672,-1,0
0.109,0,0,INJECTING,3215484522,3215484522,7510451818,317046704351,-1,0
0.109,1,0,DONE,262144,262144,262144,4201680672,-1,0
0.109,2,0,DONE,262144,262144,262144,4201680672,-1,0
0.109,3,0,DONE,262144,262144,262144,4201680672,-1,0
0.10902,0,0,INJECTING,3215484522,3215484522,7510451818,317046704351,-1,0
0.10902,1,0,DONE,262144,262144,262144,4201680672,-1,0
0.10902,2,0,DONE,262144,262144,262144,4201680672,-1,0
0.10902,3,0,DONE,262144,262144,262144,4201680672,-1,0
0.10904,0,0,INJECTING,3215484522,3215484522,7510451818,317046704351,-1,0
0.10904,1,0,DONE,262144,262144,262144,4201680672,-1,0
0.10904,2,0,DONE,262144,262144,262144,4201680672,-1,0
0.10904,3,0,DONE,262144,262144,262144,4201680672,-1,0
0.10906,0,0,INJECTING,3215484522,3215484522,7510451818,317046704351,-1,0
0.10906,1,0,DONE,262144,262144,262144,4201680672,-1,0
0.10906,2,0,DONE,262144,262144,262144,4201680672,-1,0
0.10906,3,0,DONE,262144,262144,262144,4201680672,-1,0
0.10908,0,0,INJECTING,3215484522,3215484522,7510451818,317046704351,-1,0
0.10908,1,0,DONE,262144,262144,262144,4201680672,-1,0
0.10908,2,0,DONE,262144,262144,262144,4201680672,-1,0
0.10908,3,0,DONE,262144,262144,262144,4201680672,-1,0
0.1091,0,0,INJECTING,3215484522,3215484522,7510451818,317046704351,-1,0
0.1091,1,0,DONE,262144,262144,262144,4201680672,-1,0
0.1091,2,0,DONE,262144,262144,262144,4201680672,-1,0
0.1091,3,0,DONE,262144,262144,262144,4201680672,-1,0
0.10912,0,0,INJECTING,3215484522,3215484522,7510451818,317046704351,-1,0
0.10912,1,0,DONE,262144,262144,262144,4201680672,-1,0
0.10912,2,0,DONE,262144,262144,262144,4201680672,-1,0
0.10912,3,0,DONE,262144,262144,262144,4201680672,-1,0
0.10914,0,0,INJECTING,3215484522,3215484522,7510451818,317046704351,-1,0
0.10914,1,0,DONE,262144,262144,262144,4201680672,-1,0
0.10914,2,0,DONE,262144,262144,262144,4201680672,-1,0
0.10914,3,0,DONE,262144,262144,262144,4201680672,-1,0
0.10916,0,0,INJECTING,3215484522,3215484522,7510451818,317046704351,-1,0
0.10916,1,0,DONE,262144,262144,262144,4201680672,-1,0
0.10916,2,0,DONE,262144,262144,262144,4201680672,-1,0
0.10916,3,0,DONE,262144,262144,262144,4201680672,-1,0
0.10918,0,0,INJECTING,3215484522,3215484522,7510451818,317046704351,-1,0
0.10918,1,0,DONE,262144,262144,262144,4201680672,-1,0
0.10918,2,0,DONE,262144,262144,262144,4201680672,-1,0
0.10918,3,0,DONE,262144,262144,262144,4201680672,-1,0
0.1092,0,0,INJECTING,3215484522,3215484522,7510451818,317046704351,-1,0
0.1092,1,0,DONE,262144,262144,262144,4201680672,-1,0
0.1092,2,0,DONE,262144,262144,262144,4201680672,-1,0
0.1092,3,0,DONE,262144,262144,262144,4201680672,-1,0
0.10922,0,0,INJECTING,3215484522,3215484522,7510451818,317046704351,-1,0
0.10922,1,0,DONE,262144,262144,262144,4201680672,-1,0
0.10922,2,0,DONE,262144,262144,262144,4201680672,-1,0
0.10922,3,0,DONE,262144,262144,262144,4201680672,-1,0
0.10924,0,0,INJECTING,3215484522,3215484522,7510451818,317046704351,-1,0
0.10924,1,0,DONE,262144,262144,262144,4201680672,-1,0
0.10924,2,0,DONE,262144,262144,262144,4201680672,-1,0
0.10924,3,0,DONE,262144,262144,262144,4201680672,-1,0
0.10926,0,0,INJECTING,3215484522,3215484522,7510451818,317046704351,-1,0
0.10926,1,0,DONE,262144,262144,262144,4201680672,-1,0
0.10926,2,0,DONE,262144,262144,262144,4201680672,-1,0
0.10926,3,0,DONE,262144,262144,262144,4201680672,-1,0
0.10928,0,0,INJECTING,3215484522,3215484522,7510451818,317046704351,-1,0
0.10928,1,0,DONE,262144,262144,262144,4201680672,-1,0
0.10928,2,0,DONE,262144,262144,262144,4201680672,-1,0
0.10928,3,0,DONE,262144,262144,262144,4201680672,-1,0
0.1093,0,0,INJECTING,3215484522,3215484522,7510451818,317046704351,-1,0
0.1093,1,0,DONE,262144,262144,262144,4201680672,-1,0
0.1093,2,0,DONE,262144,262144,262144,4201680672,-1,0
0.1093,3,0,DONE,262144,262144,262144,4201680672,-1,0
0.10932,0,0,INJECTING,3215484522,3215484522,7510451818,317046704351,-1,0
0.10932,1,0,DONE,262144,262144,262144,4201680672,-1,0
0.10932,2,0,DONE,262144,262144,262144,4201680672,-1,0
0.10932,3,0,DONE,262144,262144,262144,4201680672,-1,0
0.10934,0,0,INJECTING,3215484522,3215484522,7510451818,317046704351,-1,0
0.10934,1,0,DONE,262144,262144,262144,4201680672,-1,0
0.10934,2,0,DONE,262144,262144,262144,4201680672,-1,0
0.10934,3,0,DONE,262144,262144,262144,4201680672,-1,0
0.10936,0,0,INJECTING,3215484522,3215484522,7510451818,317046704351,-1,0
0.10936,1,0,DONE,262144,262144,262144,4201680672,-1,0
0.10936,2,0,DONE,262144,262144,262144,4201680672,-1,0
0.10936,3,0,DONE,262144,262144,262144,4201680672,-1,0
0.10938,0,0,INJECTING,3215484522,3215484522,7510451818,317046704351,-1,0
0.10938,1,0,DONE,262144,262144,262144,4201680672,-1,0
0.10938,2,0,DONE,262144,262144,262144,4201680672,-1,0
0.10938,3,0,DONE,262144,262144,262144,4201680672,-1,0
0.1094,0,0,INJECTING,3215484522,3215484522,7510451818,317046704351,-1,0
0.1094,1,0,DONE,262144,262144,262144,4201680672,-1,0
0.1094,2,0,DONE,262144,262144,262144,4201680672,-1,0
0.1094,3,0,DONE,262144,262144,262144,4201680672,-1,0
0.10942,0,0,INJECTING,3215484522,3215484522,7510451818,317046704351,-1,0
0.10942,1,0,DONE,262144,262144,262144,4201680672,-1,0
0.10942,2,0,DONE,262144,262144,262144,4201680672,-1,0
0.10942,3,0,DONE,262144,262144,262144,4201680672,-1,0
0.10944,0,0,INJECTING,3215484522,3215484522,7510451818,317046704351,-1,0
0.10944,1,0,DONE,262144,262144,262144,4201680672,-1,0
0.10944,2,0,DONE,262144,262144,262144,4201680672,-1,0
0.10944,3,0,DONE,262144,262144,262144,4201680672,-1,0
0.10946,0,0,INJECTING,3215484522,3215484522,7510451818,317046704351,-1,0
0.10946,1,0,DONE,262144,262144,262144,4201680672,-1,0
0.10946,2,0,DONE,262144,262144,262144,4201680672,-1,0
0.10946,3,0,DONE,262144,262144,262144,4201680672,-1,0
0.10948,0,0,INJECTING,3215484522,3215484522,7510451818,317046704351,-1,0
0.10948,1,0,DONE,262144,262144,262144,4201680672,-1,0
0.10948,2,0,DONE,262144,262144,262144,4201680672,-1,0
0.10948,3,0,DONE,262144,262144,262144,4201680672,-1,0
0.1095,0,0,INJECTING,3215484522,3215484522,7510451818,317046704351,-1,0
0.1095,1,0,DONE,262144,262144,262144,4201680672,-1,0
0.1095,2,0,DONE,262144,262144,262144,4201680672,-1,0
0.1095,3,0,DONE,262144,262144,262144,4201680672,-1,0
0.10952,0,0,INJECTING,3215484522,3215484522,7510451818,317046704351,-1,0
0.10952,1,0,DONE,262144,262144,262144,4201680672,-1,0
0.10952,2,0,DONE,262144,262144,262144,4201680672,-1,0
0.10952,3,0,DONE,262144,262144,262144,4201680672,-1,0
0.10954,0,0,INJECTING,3215484522,3215484522,7510451818,317046704351,-1,0
0.10954,1,0,DONE,262144,262144,262144,4201680672,-1,0
0.10954,2,0,DONE,262144,262144,262144,4201680672,-1,0
0.10954,3,0,DONE,262144,262144,262144,4201680672,-1,0
0.10956,0,0,INJECTING,3215484522,3215484522,7510451818,317046704351,-1,0
0.10956,1,0,DONE,262144,262144,262144,4201680672,-1,0
0.10956,2,0,DONE,262144,262144,262144,4201680672,-1,0
0.10956,3,0,DONE,262144,262144,262144,4201680672,-1,0
0.10958,0,0,INJECTING,3215484522,3215484522,7510451818,317046704351,-1,0
0.10958,1,0,DONE,262144,262144,262144,4201680672,-1,0
0.10958,2,0,DONE,262144,262144,262144,4201680672,-1,0
0.10958,3,0,DONE,262144,262144,262144,4201680672,-1,0
0.1096,0,0,INJECTING,3215484522,3215484522,7510451818,317046704351,-1,0
0.1096,1,0,DONE,262144,262144,262144,4201680672,-1,0
0.1096,2,0,DONE,262144,262144,262144,4201680672,-1,0
0.1096,3,0,DONE,262144,262144,262144,4201680672,-1,0
0.10962,0,0,INJECTING,3215484522,3215484522,7510451818,317046704351,-1,0
0.10962,1,0,DONE,262144,262144,262144,4201680672,-1,0
0.10962,2,0,DONE,262144,262144,262144,4201680672,-1,0
0.10962,3,0,DONE,262144,262144,262144,4201680672,-1,0
0.10964,0,0,INJECTING,3215484522,3215484522,7510451818,317046704351,-1,0
0.10964,1,0,DONE,262144,262144,262144,4201680672,-1,0
0.10964,2,0,DONE,262144,262144,262144,4201680672,-1,0
0.10964,3,0,DONE,262144,262144,262144,4201680672,-1,0
0.10966,0,0,INJECTING,3215484522,3215484522,7510451818,317046704351,-1,0
0.10966,1,0,DONE,262144,262144,262144,4201680672,-1,0
0.10966,2,0,DONE,262144,262144,262144,4201680672,-1,0
0.10966,3,0,DONE,262144,262144,262144,4201680672,-1,0
0.10968,0,0,INJECTING,3215484522,3215484522,7510451818,317046704351,-1,0
0.10968,1,0,DONE,262144,262144,262144,4201680672,-1,0
0.10968,2,0,DONE,262144,262144,262144,4201680672,-1,0
0.10968,3,0,DONE,262144,262144,262144,4201680672,-1,0
0.1097,0,0,INJECTING,3215484522,3215484522,7510451818,317046704351,-1,0
0.1097,1,0,DONE,262144,262144,262144,4201680672,-1,0
0.1097,2,0,DONE,262144,262144,262144,4201680672,-1,0
0.1097,3,0,DONE,262144,262144,262144,4201680672,-1,0
0.10972,0,0,INJECTING,3215484522,3215484522,7510451818,317046704351,-1,0
0.10972,1,0,DONE,262144,262144,262144,4201680672,-1,0
0.10972,2,0,DONE,262144,262144,262144,4201680672,-1,0
0.10972,3,0,DONE,262144,262144,262144,4201680672,-1,0
0.10974,0,0,INJECTING,3215484522,3215484522,7510451818,317046704351,-1,0
0.10974,1,0,DONE,262144,262144,262144,4201680672,-1,0
0.10974,2,0,DONE,262144,262144,262144,4201680672,-1,0
0.10974,3,0,DONE,262144,262144,262144,4201680672,-1,0
0.10976,0,0,INJECTING,3215484522,3215484522,7510451818,317046704351,-1,0
0.10976,1,0,DONE,262144,262144,262144,4201680672,-1,0
0.10976,2,0,DONE,262144,262144,262144,4201680672,-1,0
0.10976,3,0,DONE,262144,262144,262144,4201680672,-1,0
0.10978,0,0,INJECTING,3215484522,3215484522,7510451818,317046704351,-1,0
0.10978,1,0,DONE,262144,262144,262144,4201680672,-1,0
0.10978,2,0,DONE,262144,262144,262144,4201680672,-1,0
0.10978,3,0,DONE,262144,262144,262144,4201680672,-1,0
0.1098,0,0,INJECTING,3215484522,3215484522,7510451818,317046704351,-1,0
0.1098,1,0,DONE,262144,262144,262144,4201680672,-1,0
0.1098,2,0,DONE,262144,262144,262144,4201680672,-1,0
0.1098,3,0,DONE,262144,262144,262144,4201680672,-1,0
0.10982,0,0,INJECTING,3215484522,3215484522,7510451818,317046704351,-1,0
0.10982,1,0,DONE,262144,262144,262144,4201680672,-1,0
0.10982,2,0,DONE,262144,262144,262144,4201680672,-1,0
0.10982,3,0,DONE,262144,262144,262144,4201680672,-1,0
0.10984,0,0,INJECTING,3215484522,3215484522,7510451818,317046704351,-1,0
0.10984,1,0,DONE,262144,262144,262144,4201680672,-1,0
0.10984,2,0,DONE,262144,262144,262144,4201680672,-1,0
0.10984,3,0,DONE,262144,262144,262144,4201680672,-1,0
0.10986,0,0,INJECTING,3215484522,3215484522,7510451818,317046704351,-1,0
0.10986,1,0,DONE,262144,262144,262144,4201680672,-1,0
0.10986,2,0,DONE,262144,262144,262144,4201680672,-1,0
0.10986,3,0,DONE,262144,262144,262144,4201680672,-1,0
0.10988,0,0,INJECTING,3215484522,3215484522,7510451818,317046704351,-1,0
0.10988,1,0,DONE,262144,262144,262144,4201680672,-1,0
0.10988,2,0,DONE,262144,262144,262144,4201680672,-1,0
0.10988,3,0,DONE,262144,262144,262144,4201680672,-1,0
0.1099,0,0,INJECTING,3215484522,3215484522,7510451818,317046704351,-1,0
0.1099,1,0,DONE,262144,262144,262144,4201680672,-1,0
0.1099,2,0,DONE,262144,262144,262144,4201680672,-1,0
0.1099,3,0,DONE,262144,262144,262144,4201680672,-1,0
0.10992,0,0,INJECTING,3215484522,3215484522,7510451818,317046704351,-1,0
0.10992,1,0,DONE,262144,262144,262144,4201680672,-1,0
0.10992,2,0,DONE,262144,262144,262144,4201680672,-1,0
0.10992,3,0,DONE,262144,262144,262144,4201680672,-1,0
0.10994,0,0,INJECTING,3215484522,3215484522,7510451818,317046704351,-1,0
0.10994,1,0,DONE,262144,262144,262144,4201680672,-1,0
0.10994,2,0,DONE,262144,262144,262144,4201680672,-1,0
0.10994,3,0,DONE,262144,262144,262144,4201680672,-1,0
0.10996,0,0,INJECTING,3215484522,3215484522,7510451818,317046704351,-1,0
0.10996,1,0,DONE,262144,262144,262144,4201680672,-1,0
0.10996,2,0,DONE,262144,262144,262144,4201680672,-1,0
0.10996,3,0,DONE,262144,262144,262144,4201680672,-1,0
0.10998,0,0,INJECTING,3215484522,3215484522,7510451818,317046704351,-1,0
0.10998,1,0,DONE,262144,262144,262144,4201680672,-1,0
0.10998,2,0,DONE,262144,262144,262144,4201680672,-1,0
0.10998,3,0,DONE,262144,262144,262144,4201680672,-1,0
0.11,0,0,INJECTING,3215484522,3215484522,7510451818,317046704351,-1,0
0.11,1,0,DONE,262144,262144,262144,4201680672,-1,0
0.11,2,0,DONE,262144,262144,262144,4201680672,-1,0
0.11,3,0,DONE,262144,262144,262144,4201680672,-1,0
0.11002,0,0,INJECTING,3215484522,3215484522,7510451818,317046704351,-1,0
0.11002,1,0,DONE,262144,262144,262144,4201680672,-1,0
0.11002,2,0,DONE,262144,262144,262144,4201680672,-1,0
0.11002,3,0,DONE,262144,262144,262144,4201680672,-1,0
0.11004,0,0,INJECTING,3215484522,3215484522,7510451818,317046704351,-1,0
0.11004,1,0,DONE,262144,262144,262144,4201680672,-1,0
0.11004,2,0,DONE,262144,262144,262144,4201680672,-1,0
0.11004,3,0,DONE,262144,262144,262144,4201680672,-1,0
0.11006,0,0,INJECTING,3215484522,3215484522,7510451818,317046704351,-1,0
0.11006,1,0,DONE,262144,262144,262144,4201680672,-1,0
0.11006,2,0,DONE,262144,262144,262144,4201680672,-1,0
0.11006,3,0,DONE,262144,262144,262144,4201680672,-1,0
0.11008,0,0,INJECTING,3215484522,3215484522,7510451818,317046704351,-1,0
0.11008,1,0,DONE,262144,262144,262144,4201680672,-1,0
0.11008,2,0,DONE,262144,262144,262144,4201680672,-1,0
0.11008,3,0,DONE,262144,262144,262144,4201680672,-1,0
0.1101,0,0,INJECTING,3215484522,3215484522,7510451818,317046704351,-1,0
0.1101,1,0,DONE,262144,262144,262144,4201680672,-1,0
0.1101,2,0,DONE,262144,262144,262144,4201680672,-1,0
0.1101,3,0,DONE,262144,262144,262144,4201680672,-1,0
0.11012,0,0,INJECTING,3215484522,3215484522,7510451818,317046704351,-1,0
0.11012,1,0,DONE,262144,262144,262144,4201680672,-1,0
0.11012,2,0,DONE,262144,262144,262144,4201680672,-1,0
0.11012,3,0,DONE,262144,262144,262144,4201680672,-1,0
0.11014,0,0,INJECTING,3215484522,3215484522,7510451818,317046704351,-1,0
0.11014,1,0,DONE,262144,262144,262144,4201680672,-1,0
0.11014,2,0,DONE,262144,262144,262144,4201680672,-1,0
0.11014,3,0,DONE,262144,262144,262144,4201680672,-1,0
0.11016,0,0,INJECTING,3215484522,3215484522,7510451818,317046704351,-1,0
0.11016,1,0,DONE,262144,262144,262144,4201680672,-1,0
0.11016,2,0,DONE,262144,262144,262144,4201680672,-1,0
0.11016,3,0,DONE,262144,262144,262144,4201680672,-1,0
0.11018,0,0,INJECTING,3215484522,3215484522,7510451818,317046704351,-1,0
0.11018,1,0,DONE,262144,262144,262144,4201680672,-1,0
0.11018,2,0,DONE,262144,262144,262144,4201680672,-1,0
0.11018,3,0,DONE,262144,262144,262144,4201680672,-1,0
0.1102,0,0,INJECTING,3215484522,3215484522,7510451818,317046704351,-1,0
0.1102,1,0,DONE,262144,262144,262144,4201680672,-1,0
0.1102,2,0,DONE,262144,262144,262144,4201680672,-1,0
0.1102,3,0,DONE,262144,262144,262144,4201680672,-1,0
0.11022,0,0,INJECTING,3215484522,3215484522,7510451818,317046704351,-1,0
0.11022,1,0,DONE,262144,262144,262144,4201680672,-1,0
0.11022,2,0,DONE,262144,262144,262144,4201680672,-1,0
0.11022,3,0,DONE,262144,262144,262144,4201680672,-1,0
0.11024,0,0,INJECTING,3215484522,3215484522,7510451818,317046704351,-1,0
0.11024,1,0,DONE,262144,262144,262144,4201680672,-1,0
0.11024,2,0,DONE,262144,262144,262144,4201680672,-1,0
0.11024,3,0,DONE,262144,262144,262144,4201680672,-1,0
0.11026,0,0,INJECTING,3215484522,3215484522,7510451818,317046704351,-1,0
0.11026,1,0,DONE,262144,262144,262144,4201680672,-1,0
0.11026,2,0,DONE,262144,262144,262144,4201680672,-1,0
0.11026,3,0,DONE,262144,262144,262144,4201680672,-1,0
0.11028,0,0,INJECTING,3215484522,3215484522,7510451818,317046704351,-1,0
0.11028,1,0,DONE,262144,262144,262144,4201680672,-1,0
0.11028,2,0,DONE,262144,262144,262144,4201680672,-1,0
0.11028,3,0,DONE,262144,262144,262144,4201680672,-1,0
0.1103,0,0,INJECTING,3215484522,3215484522,7510451818,317046704351,-1,0
0.1103,1,0,DONE,262144,262144,262144,4201680672,-1,0
0.1103,2,0,DONE,262144,262144,262144,4201680672,-1,0
0.1103,3,0,DONE,262144,262144,262144,4201680672,-1,0
0.11032,0,0,INJECTING,3215484522,3215484522,7510451818,317046704351,-1,0
0.11032,1,0,DONE,262144,262144,262144,4201680672,-1,0
0.11032,2,0,DONE,262144,262144,262144,4201680672,-1,0
0.11032,3,0,DONE,262144,262144,262144,4201680672,-1,0
0.11034,0,0,INJECTING,3215484522,3215484522,7510451818,317046704351,-1,0
0.11034,1,0,DONE,262144,262144,262144,4201680672,-1,0
0.11034,2,0,DONE,262144,262144,262144,4201680672,-1,0
0.11034,3,0,DONE,262144,262144,262144,4201680672,-1,0
0.11036,0,0,INJECTING,3215484522,3215484522,7510451818,317046704351,-1,0
0.11036,1,0,DONE,262144,262144,262144,4201680672,-1,0
0.11036,2,0,DONE,262144,262144,262144,4201680672,-1,0
0.11036,3,0,DONE,262144,262144,262144,4201680672,-1,0
0.11038,0,0,INJECTING,3215484522,3215484522,7510451818,317046704351,-1,0
0.11038,1,0,DONE,262144,262144,262144,4201680672,-1,0
0.11038,2,0,DONE,262144,262144,262144,4201680672,-1,0
0.11038,3,0,DONE,262144,262144,262144,4201680672,-1,0
0.1104,0,0,INJECTING,3215484522,3215484522,7510451818,317046704351,-1,0
0.1104,1,0,DONE,262144,262144,262144,4201680672,-1,0
0.1104,2,0,DONE,262144,262144,262144,4201680672,-1,0
0.1104,3,0,DONE,262144,262144,262144,4201680672,-1,0
0.11042,0,0,INJECTING,3215484522,3215484522,7510451818,317046704351,-1,0
0.11042,1,0,DONE,262144,262144,262144,4201680672,-1,0
0.11042,2,0,DONE,262144,262144,262144,4201680672,-1,0
0.11042,3,0,DONE,262144,262144,262144,4201680672,-1,0
0.11044,0,0,INJECTING,3215484522,3215484522,7510451818,317046704351,-1,0
0.11044,1,0,DONE,262144,262144,262144,4201680672,-1,0
0.11044,2,0,DONE,262144,262144,262144,4201680672,-1,0
0.11044,3,0,DONE,262144,262144,262144,4201680672,-1,0
0.11046,0,0,INJECTING,3215484522,3215484522,7510451818,317046704351,-1,0
0.11046,1,0,DONE,262144,262144,262144,4201680672,-1,0
0.11046,2,0,DONE,262144,262144,262144,4201680672,-1,0
0.11046,3,0,DONE,262144,262144,262144,4201680672,-1,0
0.11048,0,0,INJECTING,3215484522,3215484522,7510451818,317046704351,-1,0
0.11048,1,0,DONE,262144,262144,262144,4201680672,-1,0
0.11048,2,0,DONE,262144,262144,262144,4201680672,-1,0
0.11048,3,0,DONE,262144,262144,262144,4201680672,-1,0
0.1105,0,0,INJECTING,3215484522,3215484522,7510451818,317046704351,-1,0
0.1105,1,0,DONE,262144,262144,262144,4201680672,-1,0
0.1105,2,0,DONE,262144,262144,262144,4201680672,-1,0
0.1105,3,0,DONE,262144,262144,262144,4201680672,-1,0
0.11052,0,0,INJECTING,3215484522,3215484522,7510451818,317046704351,-1,0
0.11052,1,0,DONE,262144,262144,262144,4201680672,-1,0
0.11052,2,0,DONE,262144,262144,262144,4201680672,-1,0
0.11052,3,0,DONE,262144,262144,262144,4201680672,-1,0
0.11054,0,0,INJECTING,3215484522,3215484522,7510451818,317046704351,-1,0
0.11054,1,0,DONE,262144,262144,262144,4201680672,-1,0
0.11054,2,0,DONE,262144,262144,262144,4201680672,-1,0
0.11054,3,0,DONE,262144,262144,262144,4201680672,-1,0
0.11056,0,0,INJECTING,3215484522,3215484522,7510451818,317046704351,-1,0
0.11056,1,0,DONE,262144,262144,262144,4201680672,-1,0
0.11056,2,0,DONE,262144,262144,262144,4201680672,-1,0
0.11056,3,0,DONE,262144,262144,262144,4201680672,-1,0
0.11058,0,0,INJECTING,3215484522,3215484522,7510451818,317046704351,-1,0
0.11058,1,0,DONE,262144,262144,262144,4201680672,-1,0
0.11058,2,0,DONE,262144,262144,262144,4201680672,-1,0
0.11058,3,0,DONE,262144,262144,262144,4201680672,-1,0
0.1106,0,0,INJECTING,3215484522,3215484522,7510451818,317046704351,-1,0
0.1106,1,0,DONE,262144,262144,262144,4201680672,-1,0
0.1106,2,0,DONE,262144,262144,262144,4201680672,-1,0
0.1106,3,0,DONE,262144,262144,262144,4201680672,-1,0
0.11062,0,0,INJECTING,3215484522,3215484522,7510451818,317046704351,-1,0
0.11062,1,0,DONE,262144,262144,262144,4201680672,-1,0
0.11062,2,0,DONE,262144,262144,262144,4201680672,-1,0
0.11062,3,0,DONE,262144,262144,262144,4201680672,-1,0
0.11064,0,0,INJECTING,3215484522,3215484522,7510451818,317046704351,-1,0
0.11064,1,0,DONE,262144,262144,262144,4201680672,-1,0
0.11064,2,0,DONE,262144,262144,262144,4201680672,-1,0
0.11064,3,0,DONE,262144,262144,262144,4201680672,-1,0
0.11066,0,0,INJECTING,3215484522,3215484522,7510451818,317046704351,-1,0
0.11066,1,0,DONE,262144,262144,262144,4201680672,-1,0
0.11066,2,0,DONE,262144,262144,262144,4201680672,-1,0
0.11066,3,0,DONE,262144,262144,262144,4201680672,-1,0
0.11068,0,0,INJECTING,3215484522,3215484522,7510451818,317046704351,-1,0
0.11068,1,0,DONE,262144,262144,262144,4201680672,-1,0
0.11068,2,0,DONE,262144,262144,262144,4201680672,-1,0
0.11068,3,0,DONE,262144,262144,262144,4201680672,-1,0
0.1107,0,0,INJECTING,3215484522,3215484522,7510451818,317046704351,-1,0
0.1107,1,0,DONE,262144,262144,262144,4201680672,-1,0
0.1107,2,0,DONE,262144,262144,262144,4201680672,-1,0
0.1107,3,0,DONE,262144,262144,262144,4201680672,-1,0
0.11072,0,0,INJECTING,3215484522,3215484522,7510451818,317046704351,-1,0
0.11072,1,0,DONE,262144,262144,262144,4201680672,-1,0
0.11072,2,0,DONE,262144,262144,262144,4201680672,-1,0
0.11072,3,0,DONE,262144,262144,262144,4201680672,-1,0
0.11074,0,0,INJECTING,3215484522,3215484522,7510451818,317046704351,-1,0
0.11074,1,0,DONE,262144,262144,262144,4201680672,-1,0
0.11074,2,0,DONE,262144,262144,262144,4201680672,-1,0
0.11074,3,0,DONE,262144,262144,262144,4201680672,-1,0
0.11076,0,0,INJECTING,3215484522,3215484522,7510451818,317046704351,-1,0
0.11076,1,0,DONE,262144,262144,262144,4201680672,-1,0
0.11076,2,0,DONE,262144,262144,262144,4201680672,-1,0
0.11076,3,0,DONE,262144,262144,262144,4201680672,-1,0
0.11078,0,0,INJECTING,3215484522,3215484522,7510451818,317046704351,-1,0
0.11078,1,0,DONE,262144,262144,262144,4201680672,-1,0
0.11078,2,0,DONE,262144,262144,262144,4201680672,-1,0
0.11078,3,0,DONE,262144,262144,262144,4201680672,-1,0
0.1108,0,0,INJECTING,3215484522,3215484522,7510451818,317046704351,-1,0
0.1108,1,0,DONE,262144,262144,262144,4201680672,-1,0
0.1108,2,0,DONE,262144,262144,262144,4201680672,-1,0
0.1108,3,0,DONE,262144,262144,262144,4201680672,-1,0
0.11082,0,0,INJECTING,3215484522,3215484522,7510451818,317046704351,-1,0
0.11082,1,0,DONE,262144,262144,262144,4201680672,-1,0
0.11082,2,0,DONE,262144,262144,262144,4201680672,-1,0
0.11082,3,0,DONE,262144,262144,262144,4201680672,-1,0
0.11084,0,0,INJECTING,3215484522,3215484522,7510451818,317046704351,-1,0
0.11084,1,0,DONE,262144,262144,262144,4201680672,-1,0
0.11084,2,0,DONE,262144,262144,262144,4201680672,-1,0
0.11084,3,0,DONE,262144,262144,262144,4201680672,-1,0
0.11086,0,0,INJECTING,3215484522,3215484522,7510451818,317046704351,-1,0
0.11086,1,0,DONE,262144,262144,262144,4201680672,-1,0
0.11086,2,0,DONE,262144,262144,262144,4201680672,-1,0
0.11086,3,0,DONE,262144,262144,262144,4201680672,-1,0
0.11088,0,0,INJECTING,3215484522,3215484522,7510451818,317046704351,-1,0
0.11088,1,0,DONE,262144,262144,262144,4201680672,-1,0
0.11088,2,0,DONE,262144,262144,262144,4201680672,-1,0
0.11088,3,0,DONE,262144,262144,262144,4201680672,-1,0
0.1109,0,0,INJECTING,3215484522,3215484522,7510451818,317046704351,-1,0
0.1109,1,0,DONE,262144,262144,262144,4201680672,-1,0
0.1109,2,0,DONE,262144,262144,262144,4201680672,-1,0
0.1109,3,0,DONE,262144,262144,262144,4201680672,-1,0
0.11092,0,0,INJECTING,3215484522,3215484522,7510451818,317046704351,-1,0
0.11092,1,0,DONE,262144,262144,262144,4201680672,-1,0
0.11092,2,0,DONE,262144,262144,262144,4201680672,-1,0
0.11092,3,0,DONE,262144,262144,262144,4201680672,-1,0
0.11094,0,0,INJECTING,3215484522,3215484522,7510451818,317046704351,-1,0
0.11094,1,0,DONE,262144,262144,262144,4201680672,-1,0
0.11094,2,0,DONE,262144,262144,262144,4201680672,-1,0
0.11094,3,0,DONE,262144,262144,262144,4201680672,-1,0
0.11096,0,0,INJECTING,3215484522,3215484522,7510451818,317046704351,-1,0
0.11096,1,0,DONE,262144,262144,262144,4201680672,-1,0
0.11096,2,0,DONE,262144,262144,262144,4201680672,-1,0
0.11096,3,0,DONE,262144,262144,262144,4201680672,-1,0
0.11098,0,0,INJECTING,3215484522,3215484522,7510451818,317046704351,-1,0
0.11098,1,0,DONE,262144,262144,262144,4201680672,-1,0
0.11098,2,0,DONE,262144,262144,262144,4201680672,-1,0
0.11098,3,0,DONE,262144,262144,262144,4201680672,-1,0
0.111,0,0,INJECTING,3215484522,3215484522,7510451818,317046704351,-1,0
0.111,1,0,DONE,262144,262144,262144,4201680672,-1,0
0.111,2,0,DONE,262144,262144,262144,4201680672,-1,0
0.111,3,0,DONE,262144,262144,262144,4201680672,-1,0
0.11102,0,0,INJECTING,3215484522,3215484522,7510451818,317046704351,-1,0
0.11102,1,0,DONE,262144,262144,262144,4201680672,-1,0
0.11102,2,0,DONE,262144,262144,262144,4201680672,-1,0
0.11102,3,0,DONE,262144,262144,262144,4201680672,-1,0
0.11104,0,0,INJECTING,3215484522,3215484522,7510451818,317046704351,-1,0
0.11104,1,0,DONE,262144,262144,262144,4201680672,-1,0
0.11104,2,0,DONE,262144,262144,262144,4201680672,-1,0
0.11104,3,0,DONE,262144,262144,262144,4201680672,-1,0
0.11106,0,0,INJECTING,3215484522,3215484522,7510451818,317046704351,-1,0
0.11106,1,0,DONE,262144,262144,262144,4201680672,-1,0
0.11106,2,0,DONE,262144,262144,262144,4201680672,-1,0
0.11106,3,0,DONE,262144,262144,262144,4201680672,-1,0
0.11108,0,0,INJECTING,3215484522,3215484522,7510451818,317046704351,-1,0
0.11108,1,0,DONE,262144,262144,262144,4201680672,-1,0
0.11108,2,0,DONE,262144,262144,262144,4201680672,-1,0
0.11108,3,0,DONE,262144,262144,262144,4201680672,-1,0
0.1111,0,0,INJECTING,3215484522,3215484522,7510451818,317046704351,-1,0
0.1111,1,0,DONE,262144,262144,262144,4201680672,-1,0
0.1111,2,0,DONE,262144,262144,262144,4201680672,-1,0
0.1111,3,0,DONE,262144,262144,262144,4201680672,-1,0
0.11112,0,0,INJECTING,3215484522,3215484522,7510451818,317046704351,-1,0
0.11112,1,0,DONE,262144,262144,262144,4201680672,-1,0
0.11112,2,0,DONE,262144,262144,262144,4201680672,-1,0
0.11112,3,0,DONE,262144,262144,262144,4201680672,-1,0
0.11114,0,0,INJECTING,3215484522,3215484522,7510451818,317046704351,-1,0
0.11114,1,0,DONE,262144,262144,262144,4201680672,-1,0
0.11114,2,0,DONE,262144,262144,262144,4201680672,-1,0
0.11114,3,0,DONE,262144,262144,262144,4201680672,-1,0
0.11116,0,0,INJECTING,3215484522,3215484522,7510451818,317046704351,-1,0
0.11116,1,0,DONE,262144,262144,262144,4201680672,-1,0
0.11116,2,0,DONE,262144,262144,262144,4201680672,-1,0
0.11116,3,0,DONE,262144,262144,262144,4201680672,-1,0
0.11118,0,0,INJECTING,3215484522,3215484522,7510451818,317046704351,-1,0
0.11118,1,0,DONE,262144,262144,262144,4201680672,-1,0
0.11118,2,0,DONE,262144,262144,262144,4201680672,-1,0
0.11118,3,0,DONE,262144,262144,262144,4201680672,-1,0
0.1112,0,0,INJECTING,3215484522,3215484522,7510451818,317046704351,-1,0
0.1112,1,0,DONE,262144,262144,262144,4201680672,-1,0
0.1112,2,0,DONE,262144,262144,262144,4201680672,-1,0
0.1112,3,0,DONE,262144,262144,262144,4201680672,-1,0
0.11122,0,0,INJECTING,3215484522,3215484522,7510451818,317046704351,-1,0
0.11122,1,0,DONE,262144,262144,262144,4201680672,-1,0
0.11122,2,0,DONE,262144,262144,262144,4201680672,-1,0
0.11122,3,0,DONE,262144,262144,262144,4201680672,-1,0
0.11124,0,0,INJECTING,3215484522,3215484522,7510451818,317046704351,-1,0
0.11124,1,0,DONE,262144,262144,262144,4201680672,-1,0
0.11124,2,0,DONE,262144,262144,262144,4201680672,-1,0
0.11124,3,0,DONE,262144,262144,262144,4201680672,-1,0
0.11126,0,0,INJECTING,3215484522,3215484522,7510451818,317046704351,-1,0
0.11126,1,0,DONE,262144,262144,262144,4201680672,-1,0
0.11126,2,0,DONE,262144,262144,262144,4201680672,-1,0
0.11126,3,0,DONE,262144,262144,262144,4201680672,-1,0
0.11128,0,0,INJECTING,3215484522,3215484522,7510451818,317046704351,-1,0
0.11128,1,0,DONE,262144,262144,262144,4201680672,-1,0
0.11128,2,0,DONE,262144,262144,262144,4201680672,-1,0
0.11128,3,0,DONE,262144,262144,262144,4201680672,-1,0
0.1113,0,0,INJECTING,3215484522,3215484522,7510451818,317046704351,-1,0
0.1113,1,0,DONE,262144,262144,262144,4201680672,-1,0
0.1113,2,0,DONE,262144,262144,262144,4201680672,-1,0
0.1113,3,0,DONE,262144,262144,262144,4201680672,-1,0
0.11132,0,0,INJECTING,3215484522,3215484522,7510451818,317046704351,-1,0
0.11132,1,0,DONE,262144,262144,262144,4201680672,-1,0
0.11132,2,0,DONE,262144,262144,262144,4201680672,-1,0
0.11132,3,0,DONE,262144,262144,262144,4201680672,-1,0
0.11134,0,0,INJECTING,3215484522,3215484522,7510451818,317046704351,-1,0
0.11134,1,0,DONE,262144,262144,262144,4201680672,-1,0
0.11134,2,0,DONE,262144,262144,262144,4201680672,-1,0
0.11134,3,0,DONE,262144,262144,262144,4201680672,-1,0
0.11136,0,0,INJECTING,3215484522,3215484522,7510451818,317046704351,-1,0
0.11136,1,0,DONE,262144,262144,262144,4201680672,-1,0
0.11136,2,0,DONE,262144,262144,262144,4201680672,-1,0
0.11136,3,0,DONE,262144,262144,262144,4201680672,-1,0
0.11138,0,0,INJECTING,3215484522,3215484522,7510451818,317046704351,-1,0
0.11138,1,0,DONE,262144,262144,262144,4201680672,-1,0
0.11138,2,0,DONE,262144,262144,262144,4201680672,-1,0
0.11138,3,0,DONE,262144,262144,262144,4201680672,-1,0
0.1114,0,0,INJECTING,3215484522,3215484522,7510451818,317046704351,-1,0
0.1114,1,0,DONE,262144,262144,262144,4201680672,-1,0
0.1114,2,0,DONE,262144,262144,262144,4201680672,-1,0
0.1114,3,0,DONE,262144,262144,262144,4201680672,-1,0
0.11142,0,0,INJECTING,3215484522,3215484522,7510451818,317046704351,-1,0
0.11142,1,0,DONE,262144,262144,262144,4201680672,-1,0
0.11142,2,0,DONE,262144,262144,262144,4201680672,-1,0
0.11142,3,0,DONE,262144,262144,262144,4201680672,-1,0
0.11144,0,0,INJECTING,3215484522,3215484522,7510451818,317046704351,-1,0
0.11144,1,0,DONE,262144,262144,262144,4201680672,-1,0
0.11144,2,0,DONE,262144,262144,262144,4201680672,-1,0
0.11144,3,0,DONE,262144,262144,262144,4201680672,-1,0
0.11146,0,0,INJECTING,3215484522,3215484522,7510451818,317046704351,-1,0
0.11146,1,0,DONE,262144,262144,262144,4201680672,-1,0
0.11146,2,0,DONE,262144,262144,262144,4201680672,-1,0
0.11146,3,0,DONE,262144,262144,262144,4201680672,-1,0
0.11148,0,0,INJECTING,3215484522,3215484522,7510451818,317046704351,-1,0
0.11148,1,0,DONE,262144,262144,262144,4201680672,-1,0
0.11148,2,0,DONE,262144,262144,262144,4201680672,-1,0
0.11148,3,0,DONE,262144,262144,262144,4201680672,-1,0
0.1115,0,0,INJECTING,3215484522,3215484522,7510451818,317046704351,-1,0
0.1115,1,0,DONE,262144,262144,262144,4201680672,-1,0
0.1115,2,0,DONE,262144,262144,262144,4201680672,-1,0
0.1115,3,0,DONE,262144,262144,262144,4201680672,-1,0
0.11152,0,0,INJECTING,3215484522,3215484522,7510451818,317046704351,-1,0
0.11152,1,0,DONE,262144,262144,262144,4201680672,-1,0
0.11152,2,0,DONE,262144,262144,262144,4201680672,-1,0
0.11152,3,0,DONE,262144,262144,262144,4201680672,-1,0
0.11154,0,0,INJECTING,3215484522,3215484522,7510451818,317046704351,-1,0
0.11154,1,0,DONE,262144,262144,262144,4201680672,-1,0
0.11154,2,0,DONE,262144,262144,262144,4201680672,-1,0
0.11154,3,0,DONE,262144,262144,262144,4201680672,-1,0
0.11156,0,0,INJECTING,3215484522,3215484522,7510451818,317046704351,-1,0
0.11156,1,0,DONE,262144,262144,262144,4201680672,-1,0
0.11156,2,0,DONE,262144,262144,262144,4201680672,-1,0
0.11156,3,0,DONE,262144,262144,262144,4201680672,-1,0
0.11158,0,0,INJECTING,3215484522,3215484522,7510451818,317046704351,-1,0
0.11158,1,0,DONE,262144,262144,262144,4201680672,-1,0
0.11158,2,0,DONE,262144,262144,262144,4201680672,-1,0
0.11158,3,0,DONE,262144,262144,262144,4201680672,-1,0
0.1116,0,0,INJECTING,3215484522,3215484522,7510451818,317046704351,-1,0
0.1116,1,0,DONE,262144,262144,262144,4201680672,-1,0
0.1116,2,0,DONE,262144,262144,262144,4201680672,-1,0
0.1116,3,0,DONE,262144,262144,262144,4201680672,-1,0
0.11162,0,0,INJECTING,3215484522,3215484522,7510451818,317046704351,-1,0
0.11162,1,0,DONE,262144,262144,262144,4201680672,-1,0
0.11162,2,0,DONE,262144,262144,262144,4201680672,-1,0
0.11162,3,0,DONE,262144,262144,262144,4201680672,-1,0
0.11164,0,0,INJECTING,3215484522,3215484522,7510451818,317046704351,-1,0
0.11164,1,0,DONE,262144,262144,262144,4201680672,-1,0
0.11164,2,0,DONE,262144,262144,262144,4201680672,-1,0
0.11164,3,0,DONE,262144,262144,262144,4201680672,-1,0
0.11166,0,0,INJECTING,3215484522,3215484522,7510451818,317046704351,-1,0
0.11166,1,0,DONE,262144,262144,262144,4201680672,-1,0
0.11166,2,0,DONE,262144,262144,262144,4201680672,-1,0
0.11166,3,0,DONE,262144,262144,262144,4201680672,-1,0
0.11168,0,0,INJECTING,3215484522,3215484522,7510451818,317046704351,-1,0
0.11168,1,0,DONE,262144,262144,262144,4201680672,-1,0
0.11168,2,0,DONE,262144,262144,262144,4201680672,-1,0
0.11168,3,0,DONE,262144,262144,262144,4201680672,-1,0
0.1117,0,0,INJECTING,3215484522,3215484522,7510451818,317046704351,-1,0
0.1117,1,0,DONE,262144,262144,262144,4201680672,-1,0
0.1117,2,0,DONE,262144,262144,262144,4201680672,-1,0
0.1117,3,0,DONE,262144,262144,262144,4201680672,-1,0
0.11172,0,0,INJECTING,3215484522,3215484522,7510451818,317046704351,-1,0
0.11172,1,0,DONE,262144,262144,262144,4201680672,-1,0
0.11172,2,0,DONE,262144,262144,262144,4201680672,-1,0
0.11172,3,0,DONE,262144,262144,262144,4201680672,-1,0
0.11174,0,0,INJECTING,3215484522,3215484522,7510451818,317046704351,-1,0
0.11174,1,0,DONE,262144,262144,262144,4201680672,-1,0
0.11174,2,0,DONE,262144,262144,262144,4201680672,-1,0
0.11174,3,0,DONE,262144,262144,262144,4201680672,-1,0
0.11176,0,0,INJECTING,3215484522,3215484522,7510451818,317046704351,-1,0
0.11176,1,0,DONE,262144,262144,262144,4201680672,-1,0
0.11176,2,0,DONE,262144,262144,262144,4201680672,-1,0
0.11176,3,0,DONE,262144,262144,262144,4201680672,-1,0
0.11178,0,0,INJECTING,3215484522,3215484522,7510451818,317046704351,-1,0
0.11178,1,0,DONE,262144,262144,262144,4201680672,-1,0
0.11178,2,0,DONE,262144,262144,262144,4201680672,-1,0
0.11178,3,0,DONE,262144,262144,262144,4201680672,-1,0
0.1118,0,0,INJECTING,3215484522,3215484522,7510451818,317046704351,-1,0
0.1118,1,0,DONE,262144,262144,262144,4201680672,-1,0
0.1118,2,0,DONE,262144,262144,262144,4201680672,-1,0
0.1118,3,0,DONE,262144,262144,262144,4201680672,-1,0
0.11182,0,0,INJECTING,3215484522,3215484522,7510451818,317046704351,-1,0
0.11182,1,0,DONE,262144,262144,262144,4201680672,-1,0
0.11182,2,0,DONE,262144,262144,262144,4201680672,-1,0
0.11182,3,0,DONE,262144,262144,262144,4201680672,-1,0
0.11184,0,0,INJECTING,3215484522,3215484522,7510451818,317046704351,-1,0
0.11184,1,0,DONE,262144,262144,262144,4201680672,-1,0
0.11184,2,0,DONE,262144,262144,262144,4201680672,-1,0
0.11184,3,0,DONE,262144,262144,262144,4201680672,-1,0
0.11186,0,0,INJECTING,3215484522,3215484522,7510451818,317046704351,-1,0
0.11186,1,0,DONE,262144,262144,262144,4201680672,-1,0
0.11186,2,0,DONE,262144,262144,262144,4201680672,-1,0
0.11186,3,0,DONE,262144,262144,262144,4201680672,-1,0
0.11188,0,0,INJECTING,3215484522,3215484522,7510451818,317046704351,-1,0
0.11188,1,0,DONE,262144,262144,262144,4201680672,-1,0
0.11188,2,0,DONE,262144,262144,262144,4201680672,-1,0
0.11188,3,0,DONE,262144,262144,262144,4201680672,-1,0
0.1119,0,0,INJECTING,3215484522,3215484522,7510451818,317046704351,-1,0
0.1119,1,0,DONE,262144,262144,262144,4201680672,-1,0
0.1119,2,0,DONE,262144,262144,262144,4201680672,-1,0
0.1119,3,0,DONE,262144,262144,262144,4201680672,-1,0
0.11192,0,0,INJECTING,3215484522,3215484522,7510451818,317046704351,-1,0
0.11192,1,0,DONE,262144,262144,262144,4201680672,-1,0
0.11192,2,0,DONE,262144,262144,262144,4201680672,-1,0
0.11192,3,0,DONE,262144,262144,262144,4201680672,-1,0
0.11194,0,0,INJECTING,3215484522,3215484522,7510451818,317046704351,-1,0
0.11194,1,0,DONE,262144,262144,262144,4201680672,-1,0
0.11194,2,0,DONE,262144,262144,262144,4201680672,-1,0
0.11194,3,0,DONE,262144,262144,262144,4201680672,-1,0
0.11196,0,0,INJECTING,3215484522,3215484522,7510451818,317046704351,-1,0
0.11196,1,0,DONE,262144,262144,262144,4201680672,-1,0
0.11196,2,0,DONE,262144,262144,262144,4201680672,-1,0
0.11196,3,0,DONE,262144,262144,262144,4201680672,-1,0
0.11198,0,0,INJECTING,3215484522,3215484522,7510451818,317046704351,-1,0
0.11198,1,0,DONE,262144,262144,262144,4201680672,-1,0
0.11198,2,0,DONE,262144,262144,262144,4201680672,-1,0
0.11198,3,0,DONE,262144,262144,262144,4201680672,-1,0
0.112,0,0,INJECTING,3215484522,3215484522,7510451818,317046704351,-1,0
0.112,1,0,DONE,262144,262144,262144,4201680672,-1,0
0.112,2,0,DONE,262144,262144,262144,4201680672,-1,0
0.112,3,0,DONE,262144,262144,262144,4201680672,-1,0
0.11202,0,0,INJECTING,3215484522,3215484522,7510451818,317046704351,-1,0
0.11202,1,0,DONE,262144,262144,262144,4201680672,-1,0
0.11202,2,0,DONE,262144,262144,262144,4201680672,-1,0
0.11202,3,0,DONE,262144,262144,262144,4201680672,-1,0
0.11204,0,0,INJECTING,3215484522,3215484522,7510451818,317046704351,-1,0
0.11204,1,0,DONE,262144,262144,262144,4201680672,-1,0
0.11204,2,0,DONE,262144,262144,262144,4201680672,-1,0
0.11204,3,0,DONE,262144,262144,262144,4201680672,-1,0
0.11206,0,0,INJECTING,3215484522,3215484522,7510451818,317046704351,-1,0
0.11206,1,0,DONE,262144,262144,262144,4201680672,-1,0
0.11206,2,0,DONE,262144,262144,262144,4201680672,-1,0
0.11206,3,0,DONE,262144,262144,262144,4201680672,-1,0
0.11208,0,0,INJECTING,3215484522,3215484522,7510451818,317046704351,-1,0
0.11208,1,0,DONE,262144,262144,262144,4201680672,-1,0
0.11208,2,0,DONE,262144,262144,262144,4201680672,-1,0
0.11208,3,0,DONE,262144,262144,262144,4201680672,-1,0
0.1121,0,0,INJECTING,3215484522,3215484522,7510451818,317046704351,-1,0
0.1121,1,0,DONE,262144,262144,262144,4201680672,-1,0
0.1121,2,0,DONE,262144,262144,262144,4201680672,-1,0
0.1121,3,0,DONE,262144,262144,262144,4201680672,-1,0
0.11212,0,0,INJECTING,3215484522,3215484522,7510451818,317046704351,-1,0
0.11212,1,0,DONE,262144,262144,262144,4201680672,-1,0
0.11212,2,0,DONE,262144,262144,262144,4201680672,-1,0
0.11212,3,0,DONE,262144,262144,262144,4201680672,-1,0
0.11214,0,0,INJECTING,3215484522,3215484522,7510451818,317046704351,-1,0
0.11214,1,0,DONE,262144,262144,262144,4201680672,-1,0
0.11214,2,0,DONE,262144,262144,262144,4201680672,-1,0
0.11214,3,0,DONE,262144,262144,262144,4201680672,-1,0
0.11216,0,0,INJECTING,3215484522,3215484522,7510451818,317046704351,-1,0
0.11216,1,0,DONE,262144,262144,262144,4201680672,-1,0
0.11216,2,0,DONE,262144,262144,262144,4201680672,-1,0
0.11216,3,0,DONE,262144,262144,262144,4201680672,-1,0
0.11218,0,0,INJECTING,3215484522,3215484522,7510451818,317046704351,-1,0
0.11218,1,0,DONE,262144,262144,262144,4201680672,-1,0
0.11218,2,0,DONE,262144,262144,262144,4201680672,-1,0
0.11218,3,0,DONE,262144,262144,262144,4201680672,-1,0
0.1122,0,0,INJECTING,3215484522,3215484522,7510451818,317046704351,-1,0
0.1122,1,0,DONE,262144,262144,262144,4201680672,-1,0
0.1122,2,0,DONE,262144,262144,262144,4201680672,-1,0
0.1122,3,0,DONE,262144,262144,262144,4201680672,-1,0
0.11222,0,0,INJECTING,3215484522,3215484522,7510451818,317046704351,-1,0
0.11222,1,0,DONE,262144,262144,262144,4201680672,-1,0
0.11222,2,0,DONE,262144,262144,262144,4201680672,-1,0
0.11222,3,0,DONE,262144,262144,262144,4201680672,-1,0
0.11224,0,0,INJECTING,3215484522,3215484522,7510451818,317046704351,-1,0
0.11224,1,0,DONE,262144,262144,262144,4201680672,-1,0
0.11224,2,0,DONE,262144,262144,262144,4201680672,-1,0
0.11224,3,0,DONE,262144,262144,262144,4201680672,-1,0
0.11226,0,0,INJECTING,3215484522,3215484522,7510451818,317046704351,-1,0
0.11226,1,0,DONE,262144,262144,262144,4201680672,-1,0
0.11226,2,0,DONE,262144,262144,262144,4201680672,-1,0
0.11226,3,0,DONE,262144,262144,262144,4201680672,-1,0
0.11228,0,0,INJECTING,3215484522,3215484522,7510451818,317046704351,-1,0
0.11228,1,0,DONE,262144,262144,262144,4201680672,-1,0
0.11228,2,0,DONE,262144,262144,262144,4201680672,-1,0
0.11228,3,0,DONE,262144,262144,262144,4201680672,-1,0
0.1123,0,0,INJECTING,3215484522,3215484522,7510451818,317046704351,-1,0
0.1123,1,0,DONE,262144,262144,262144,4201680672,-1,0
0.1123,2,0,DONE,262144,262144,262144,4201680672,-1,0
0.1123,3,0,DONE,262144,262144,262144,4201680672,-1,0
0.11232,0,0,INJECTING,3215484522,3215484522,7510451818,317046704351,-1,0
0.11232,1,0,DONE,262144,262144,262144,4201680672,-1,0
0.11232,2,0,DONE,262144,262144,262144,4201680672,-1,0
0.11232,3,0,DONE,262144,262144,262144,4201680672,-1,0
0.11234,0,0,INJECTING,3215484522,3215484522,7510451818,317046704351,-1,0
0.11234,1,0,DONE,262144,262144,262144,4201680672,-1,0
0.11234,2,0,DONE,262144,262144,262144,4201680672,-1,0
0.11234,3,0,DONE,262144,262144,262144,4201680672,-1,0
0.11236,0,0,INJECTING,3215484522,3215484522,7510451818,317046704351,-1,0
0.11236,1,0,DONE,262144,262144,262144,4201680672,-1,0
0.11236,2,0,DONE,262144,262144,262144,4201680672,-1,0
0.11236,3,0,DONE,262144,262144,262144,4201680672,-1,0
0.11238,0,0,INJECTING,3215484522,3215484522,7510451818,317046704351,-1,0
0.11238,1,0,DONE,262144,262144,262144,4201680672,-1,0
0.11238,2,0,DONE,262144,262144,262144,4201680672,-1,0
0.11238,3,0,DONE,262144,262144,262144,4201680672,-1,0
0.1124,0,0,INJECTING,3215484522,3215484522,7510451818,317046704351,-1,0
0.1124,1,0,DONE,262144,262144,262144,4201680672,-1,0
0.1124,2,0,DONE,262144,262144,262144,4201680672,-1,0
0.1124,3,0,DONE,262144,262144,262144,4201680672,-1,0
0.11242,0,0,INJECTING,3215484522,3215484522,7510451818,317046704351,-1,0
0.11242,1,0,DONE,262144,262144,262144,4201680672,-1,0
0.11242,2,0,DONE,262144,262144,262144,4201680672,-1,0
0.11242,3,0,DONE,262144,262144,262144,4201680672,-1,0
0.11244,0,0,INJECTING,3215484522,3215484522,7510451818,317046704351,-1,0
0.11244,1,0,DONE,262144,262144,262144,4201680672,-1,0
0.11244,2,0,DONE,262144,262144,262144,4201680672,-1,0
0.11244,3,0,DONE,262144,262144,262144,4201680672,-1,0
0.11246,0,0,INJECTING,3215484522,3215484522,7510451818,317046704351,-1,0
0.11246,1,0,DONE,262144,262144,262144,4201680672,-1,0
0.11246,2,0,DONE,262144,262144,262144,4201680672,-1,0
0.11246,3,0,DONE,262144,262144,262144,4201680672,-1,0
0.11248,0,0,INJECTING,3215484522,3215484522,7510451818,317046704351,-1,0
0.11248,1,0,DONE,262144,262144,262144,4201680672,-1,0
0.11248,2,0,DONE,262144,262144,262144,4201680672,-1,0
0.11248,3,0,DONE,262144,262144,262144,4201680672,-1,0
0.1125,0,0,INJECTING,3215484522,3215484522,7510451818,317046704351,-1,0
0.1125,1,0,DONE,262144,262144,262144,4201680672,-1,0
0.1125,2,0,DONE,262144,262144,262144,4201680672,-1,0
0.1125,3,0,DONE,262144,262144,262144,4201680672,-1,0
0.11252,0,0,INJECTING,3215484522,3215484522,7510451818,317046704351,-1,0
0.11252,1,0,DONE,262144,262144,262144,4201680672,-1,0
0.11252,2,0,DONE,262144,262144,262144,4201680672,-1,0
0.11252,3,0,DONE,262144,262144,262144,4201680672,-1,0
0.11254,0,0,INJECTING,3215484522,3215484522,7510451818,317046704351,-1,0
0.11254,1,0,DONE,262144,262144,262144,4201680672,-1,0
0.11254,2,0,DONE,262144,262144,262144,4201680672,-1,0
0.11254,3,0,DONE,262144,262144,262144,4201680672,-1,0
0.11256,0,0,INJECTING,3215484522,3215484522,7510451818,317046704351,-1,0
0.11256,1,0,DONE,262144,262144,262144,4201680672,-1,0
0.11256,2,0,DONE,262144,262144,262144,4201680672,-1,0
0.11256,3,0,DONE,262144,262144,262144,4201680672,-1,0
0.11258,0,0,INJECTING,3215484522,3215484522,7510451818,317046704351,-1,0
0.11258,1,0,DONE,262144,262144,262144,4201680672,-1,0
0.11258,2,0,DONE,262144,262144,262144,4201680672,-1,0
0.11258,3,0,DONE,262144,262144,262144,4201680672,-1,0
0.1126,0,0,INJECTING,3215484522,3215484522,7510451818,317046704351,-1,0
0.1126,1,0,DONE,262144,262144,262144,4201680672,-1,0
0.1126,2,0,DONE,262144,262144,262144,4201680672,-1,0
0.1126,3,0,DONE,262144,262144,262144,4201680672,-1,0
0.11262,0,0,INJECTING,3215484522,3215484522,7510451818,317046704351,-1,0
0.11262,1,0,DONE,262144,262144,262144,4201680672,-1,0
0.11262,2,0,DONE,262144,262144,262144,4201680672,-1,0
0.11262,3,0,DONE,262144,262144,262144,4201680672,-1,0
0.11264,0,0,INJECTING,3215484522,3215484522,7510451818,317046704351,-1,0
0.11264,1,0,DONE,262144,262144,262144,4201680672,-1,0
0.11264,2,0,DONE,262144,262144,262144,4201680672,-1,0
0.11264,3,0,DONE,262144,262144,262144,4201680672,-1,0
0.11266,0,0,INJECTING,3215484522,3215484522,7510451818,317046704351,-1,0
0.11266,1,0,DONE,262144,262144,262144,4201680672,-1,0
0.11266,2,0,DONE,262144,262144,262144,4201680672,-1,0
0.11266,3,0,DONE,262144,262144,262144,4201680672,-1,0
0.11268,0,0,INJECTING,3215484522,3215484522,7510451818,317046704351,-1,0
0.11268,1,0,DONE,262144,262144,262144,4201680672,-1,0
0.11268,2,0,DONE,262144,262144,262144,4201680672,-1,0
0.11268,3,0,DONE,262144,262144,262144,4201680672,-1,0
0.1127,0,0,INJECTING,3215484522,3215484522,7510451818,317046704351,-1,0
0.1127,1,0,DONE,262144,262144,262144,4201680672,-1,0
0.1127,2,0,DONE,262144,262144,262144,4201680672,-1,0
0.1127,3,0,DONE,262144,262144,262144,4201680672,-1,0
0.11272,0,0,INJECTING,3215484522,3215484522,7510451818,317046704351,-1,0
0.11272,1,0,DONE,262144,262144,262144,4201680672,-1,0
0.11272,2,0,DONE,262144,262144,262144,4201680672,-1,0
0.11272,3,0,DONE,262144,262144,262144,4201680672,-1,0
0.11274,0,0,INJECTING,3215484522,3215484522,7510451818,317046704351,-1,0
0.11274,1,0,DONE,262144,262144,262144,4201680672,-1,0
0.11274,2,0,DONE,262144,262144,262144,4201680672,-1,0
0.11274,3,0,DONE,262144,262144,262144,4201680672,-1,0
0.11276,0,0,INJECTING,3215484522,3215484522,7510451818,317046704351,-1,0
0.11276,1,0,DONE,262144,262144,262144,4201680672,-1,0
0.11276,2,0,DONE,262144,262144,262144,4201680672,-1,0
0.11276,3,0,DONE,262144,262144,262144,4201680672,-1,0
0.11278,0,0,INJECTING,3215484522,3215484522,7510451818,317046704351,-1,0
0.11278,1,0,DONE,262144,262144,262144,4201680672,-1,0
0.11278,2,0,DONE,262144,262144,262144,4201680672,-1,0
0.11278,3,0,DONE,262144,262144,262144,4201680672,-1,0
0.1128,0,0,INJECTING,3215484522,3215484522,7510451818,317046704351,-1,0
0.1128,1,0,DONE,262144,262144,262144,4201680672,-1,0
0.1128,2,0,DONE,262144,262144,262144,4201680672,-1,0
0.1128,3,0,DONE,262144,262144,262144,4201680672,-1,0
0.11282,0,0,INJECTING,3215484522,3215484522,7510451818,317046704351,-1,0
0.11282,1,0,DONE,262144,262144,262144,4201680672,-1,0
0.11282,2,0,DONE,262144,262144,262144,4201680672,-1,0
0.11282,3,0,DONE,262144,262144,262144,4201680672,-1,0
0.11284,0,0,INJECTING,3215484522,3215484522,7510451818,317046704351,-1,0
0.11284,1,0,DONE,262144,262144,262144,4201680672,-1,0
0.11284,2,0,DONE,262144,262144,262144,4201680672,-1,0
0.11284,3,0,DONE,262144,262144,262144,4201680672,-1,0
0.11286,0,0,INJECTING,3215484522,3215484522,7510451818,317046704351,-1,0
0.11286,1,0,DONE,262144,262144,262144,4201680672,-1,0
0.11286,2,0,DONE,262144,262144,262144,4201680672,-1,0
0.11286,3,0,DONE,262144,262144,262144,4201680672,-1,0
0.11288,0,0,INJECTING,3215484522,3215484522,7510451818,317046704351,-1,0
0.11288,1,0,DONE,262144,262144,262144,4201680672,-1,0
0.11288,2,0,DONE,262144,262144,262144,4201680672,-1,0
0.11288,3,0,DONE,262144,262144,262144,4201680672,-1,0
0.1129,0,0,INJECTING,3215484522,3215484522,7510451818,317046704351,-1,0
0.1129,1,0,DONE,262144,262144,262144,4201680672,-1,0
0.1129,2,0,DONE,262144,262144,262144,4201680672,-1,0
0.1129,3,0,DONE,262144,262144,262144,4201680672,-1,0
0.11292,0,0,INJECTING,3215484522,3215484522,7510451818,317046704351,-1,0
0.11292,1,0,DONE,262144,262144,262144,4201680672,-1,0
0.11292,2,0,DONE,262144,262144,262144,4201680672,-1,0
0.11292,3,0,DONE,262144,262144,262144,4201680672,-1,0
0.11294,0,0,INJECTING,3215484522,3215484522,7510451818,317046704351,-1,0
0.11294,1,0,DONE,262144,262144,262144,4201680672,-1,0
0.11294,2,0,DONE,262144,262144,262144,4201680672,-1,0
0.11294,3,0,DONE,262144,262144,262144,4201680672,-1,0
0.11296,0,0,INJECTING,3215484522,3215484522,7510451818,317046704351,-1,0
0.11296,1,0,DONE,262144,262144,262144,4201680672,-1,0
0.11296,2,0,DONE,262144,262144,262144,4201680672,-1,0
0.11296,3,0,DONE,262144,262144,262144,4201680672,-1,0
0.11298,0,0,INJECTING,3215484522,3215484522,7510451818,317046704351,-1,0
0.11298,1,0,DONE,262144,262144,262144,4201680672,-1,0
0.11298,2,0,DONE,262144,262144,262144,4201680672,-1,0
0.11298,3,0,DONE,262144,262144,262144,4201680672,-1,0
0.113,0,0,INJECTING,3215484522,3215484522,7510451818,317046704351,-1,0
0.113,1,0,DONE,262144,262144,262144,4201680672,-1,0
0.113,2,0,DONE,262144,262144,262144,4201680672,-1,0
0.113,3,0,DONE,262144,262144,262144,4201680672,-1,0
0.11302,0,0,INJECTING,3215484522,3215484522,7510451818,317046704351,-1,0
0.11302,1,0,DONE,262144,262144,262144,4201680672,-1,0
0.11302,2,0,DONE,262144,262144,262144,4201680672,-1,0
0.11302,3,0,DONE,262144,262144,262144,4201680672,-1,0
0.11304,0,0,INJECTING,3215484522,3215484522,7510451818,317046704351,-1,0
0.11304,1,0,DONE,262144,262144,262144,4201680672,-1,0
0.11304,2,0,DONE,262144,262144,262144,4201680672,-1,0
0.11304,3,0,DONE,262144,262144,262144,4201680672,-1,0
0.11306,0,0,INJECTING,3215484522,3215484522,7510451818,317046704351,-1,0
0.11306,1,0,DONE,262144,262144,262144,4201680672,-1,0
0.11306,2,0,DONE,262144,262144,262144,4201680672,-1,0
0.11306,3,0,DONE,262144,262144,262144,4201680672,-1,0
0.11308,0,0,INJECTING,3215484522,3215484522,7510451818,317046704351,-1,0
0.11308,1,0,DONE,262144,262144,262144,4201680672,-1,0
0.11308,2,0,DONE,262144,262144,262144,4201680672,-1,0
0.11308,3,0,DONE,262144,262144,262144,4201680672,-1,0
0.1131,0,0,INJECTING,3215484522,3215484522,7510451818,317046704351,-1,0
0.1131,1,0,DONE,262144,262144,262144,4201680672,-1,0
0.1131,2,0,DONE,262144,262144,262144,4201680672,-1,0
0.1131,3,0,DONE,262144,262144,262144,4201680672,-1,0
0.11312,0,0,INJECTING,3215484522,3215484522,7510451818,317046704351,-1,0
0.11312,1,0,DONE,262144,262144,262144,4201680672,-1,0
0.11312,2,0,DONE,262144,262144,262144,4201680672,-1,0
0.11312,3,0,DONE,262144,262144,262144,4201680672,-1,0
0.11314,0,0,INJECTING,3215484522,3215484522,7510451818,317046704351,-1,0
0.11314,1,0,DONE,262144,262144,262144,4201680672,-1,0
0.11314,2,0,DONE,262144,262144,262144,4201680672,-1,0
0.11314,3,0,DONE,262144,262144,262144,4201680672,-1,0
0.11316,0,0,INJECTING,3215484522,3215484522,7510451818,317046704351,-1,0
0.11316,1,0,DONE,262144,262144,262144,4201680672,-1,0
0.11316,2,0,DONE,262144,262144,262144,4201680672,-1,0
0.11316,3,0,DONE,262144,262144,262144,4201680672,-1,0
0.11318,0,0,INJECTING,3215484522,3215484522,7510451818,317046704351,-1,0
0.11318,1,0,DONE,262144,262144,262144,4201680672,-1,0
0.11318,2,0,DONE,262144,262144,262144,4201680672,-1,0
0.11318,3,0,DONE,262144,262144,262144,4201680672,-1,0
0.1132,0,0,INJECTING,3215484522,3215484522,7510451818,317046704351,-1,0
0.1132,1,0,DONE,262144,262144,262144,4201680672,-1,0
0.1132,2,0,DONE,262144,262144,262144,4201680672,-1,0
0.1132,3,0,DONE,262144,262144,262144,4201680672,-1,0
0.11322,0,0,INJECTING,3215484522,3215484522,7510451818,317046704351,-1,0
0.11322,1,0,DONE,262144,262144,262144,4201680672,-1,0
0.11322,2,0,DONE,262144,262144,262144,4201680672,-1,0
0.11322,3,0,DONE,262144,262144,262144,4201680672,-1,0
0.11324,0,0,INJECTING,3215484522,3215484522,7510451818,317046704351,-1,0
0.11324,1,0,DONE,262144,262144,262144,4201680672,-1,0
0.11324,2,0,DONE,262144,262144,262144,4201680672,-1,0
0.11324,3,0,DONE,262144,262144,262144,4201680672,-1,0
0.11326,0,0,INJECTING,3215484522,3215484522,7510451818,317046704351,-1,0
0.11326,1,0,DONE,262144,262144,262144,4201680672,-1,0
0.11326,2,0,DONE,262144,262144,262144,4201680672,-1,0
0.11326,3,0,DONE,262144,262144,262144,4201680672,-1,0
0.11328,0,0,INJECTING,3215484522,3215484522,7510451818,317046704351,-1,0
0.11328,1,0,DONE,262144,262144,262144,4201680672,-1,0
0.11328,2,0,DONE,262144,262144,262144,4201680672,-1,0
0.11328,3,0,DONE,262144,262144,262144,4201680672,-1,0
0.1133,0,0,INJECTING,3215484522,3215484522,7510451818,317046704351,-1,0
0.1133,1,0,DONE,262144,262144,262144,4201680672,-1,0
0.1133,2,0,DONE,262144,262144,262144,4201680672,-1,0
0.1133,3,0,DONE,262144,262144,262144,4201680672,-1,0
0.11332,0,0,INJECTING,3215484522,3215484522,7510451818,317046704351,-1,0
0.11332,1,0,DONE,262144,262144,262144,4201680672,-1,0
0.11332,2,0,DONE,262144,262144,262144,4201680672,-1,0
0.11332,3,0,DONE,262144,262144,262144,4201680672,-1,0
0.11334,0,0,INJECTING,3215484522,3215484522,7510451818,317046704351,-1,0
0.11334,1,0,DONE,262144,262144,262144,4201680672,-1,0
0.11334,2,0,DONE,262144,262144,262144,4201680672,-1,0
0.11334,3,0,DONE,262144,262144,262144,4201680672,-1,0
0.11336,0,0,INJECTING,3215484522,3215484522,7510451818,317046704351,-1,0
0.11336,1,0,DONE,262144,262144,262144,4201680672,-1,0
0.11336,2,0,DONE,262144,262144,262144,4201680672,-1,0
0.11336,3,0,DONE,262144,262144,262144,4201680672,-1,0
0.11338,0,0,INJECTING,3215484522,3215484522,7510451818,317046704351,-1,0
0.11338,1,0,DONE,262144,262144,262144,4201680672,-1,0
0.11338,2,0,DONE,262144,262144,262144,4201680672,-1,0
0.11338,3,0,DONE,262144,262144,262144,4201680672,-1,0
0.1134,0,0,INJECTING,3215484522,3215484522,7510451818,317046704351,-1,0
0.1134,1,0,DONE,262144,262144,262144,4201680672,-1,0
0.1134,2,0,DONE,262144,262144,262144,4201680672,-1,0
0.1134,3,0,DONE,262144,262144,262144,4201680672,-1,0
0.11342,0,0,INJECTING,3215484522,3215484522,7510451818,317046704351,-1,0
0.11342,1,0,DONE,262144,262144,262144,4201680672,-1,0
0.11342,2,0,DONE,262144,262144,262144,4201680672,-1,0
0.11342,3,0,DONE,262144,262144,262144,4201680672,-1,0
0.11344,0,0,INJECTING,3215484522,3215484522,7510451818,317046704351,-1,0
0.11344,1,0,DONE,262144,262144,262144,4201680672,-1,0
0.11344,2,0,DONE,262144,262144,262144,4201680672,-1,0
0.11344,3,0,DONE,262144,262144,262144,4201680672,-1,0
0.11346,0,0,INJECTING,3215484522,3215484522,7510451818,317046704351,-1,0
0.11346,1,0,DONE,262144,262144,262144,4201680672,-1,0
0.11346,2,0,DONE,262144,262144,262144,4201680672,-1,0
0.11346,3,0,DONE,262144,262144,262144,4201680672,-1,0
0.11348,0,0,INJECTING,3215484522,3215484522,7510451818,317046704351,-1,0
0.11348,1,0,DONE,262144,262144,262144,4201680672,-1,0
0.11348,2,0,DONE,262144,262144,262144,4201680672,-1,0
0.11348,3,0,DONE,262144,262144,262144,4201680672,-1,0
0.1135,0,0,INJECTING,3215484522,3215484522,7510451818,317046704351,-1,0
0.1135,1,0,DONE,262144,262144,262144,4201680672,-1,0
0.1135,2,0,DONE,262144,262144,262144,4201680672,-1,0
0.1135,3,0,DONE,262144,262144,262144,4201680672,-1,0
0.11352,0,0,INJECTING,3215484522,3215484522,7510451818,317046704351,-1,0
0.11352,1,0,DONE,262144,262144,262144,4201680672,-1,0
0.11352,2,0,DONE,262144,262144,262144,4201680672,-1,0
0.11352,3,0,DONE,262144,262144,262144,4201680672,-1,0
0.11354,0,0,INJECTING,3215484522,3215484522,7510451818,317046704351,-1,0
0.11354,1,0,DONE,262144,262144,262144,4201680672,-1,0
0.11354,2,0,DONE,262144,262144,262144,4201680672,-1,0
0.11354,3,0,DONE,262144,262144,262144,4201680672,-1,0
0.11356,0,0,INJECTING,3215484522,3215484522,7510451818,317046704351,-1,0
0.11356,1,0,DONE,262144,262144,262144,4201680672,-1,0
0.11356,2,0,DONE,262144,262144,262144,4201680672,-1,0
0.11356,3,0,DONE,262144,262144,262144,4201680672,-1,0
0.11358,0,0,INJECTING,3215484522,3215484522,7510451818,317046704351,-1,0
0.11358,1,0,DONE,262144,262144,262144,4201680672,-1,0
0.11358,2,0,DONE,262144,262144,262144,4201680672,-1,0
0.11358,3,0,DONE,262144,262144,262144,4201680672,-1,0
0.1136,0,0,INJECTING,3215484522,3215484522,7510451818,317046704351,-1,0
0.1136,1,0,DONE,262144,262144,262144,4201680672,-1,0
0.1136,2,0,DONE,262144,262144,262144,4201680672,-1,0
0.1136,3,0,DONE,262144,262144,262144,4201680672,-1,0
0.11362,0,0,INJECTING,3215484522,3215484522,7510451818,317046704351,-1,0
0.11362,1,0,DONE,262144,262144,262144,4201680672,-1,0
0.11362,2,0,DONE,262144,262144,262144,4201680672,-1,0
0.11362,3,0,DONE,262144,262144,262144,4201680672,-1,0
0.11364,0,0,INJECTING,3215484522,3215484522,7510451818,317046704351,-1,0
0.11364,1,0,DONE,262144,262144,262144,4201680672,-1,0
0.11364,2,0,DONE,262144,262144,262144,4201680672,-1,0
0.11364,3,0,DONE,262144,262144,262144,4201680672,-1,0
0.11366,0,0,INJECTING,3215484522,3215484522,7510451818,317046704351,-1,0
0.11366,1,0,DONE,262144,262144,262144,4201680672,-1,0
0.11366,2,0,DONE,262144,262144,262144,4201680672,-1,0
0.11366,3,0,DONE,262144,262144,262144,4201680672,-1,0
0.11368,0,0,INJECTING,3215484522,3215484522,7510451818,317046704351,-1,0
0.11368,1,0,DONE,262144,262144,262144,4201680672,-1,0
0.11368,2,0,DONE,262144,262144,262144,4201680672,-1,0
0.11368,3,0,DONE,262144,262144,262144,4201680672,-1,0
0.1137,0,0,INJECTING,3215484522,3215484522,7510451818,317046704351,-1,0
0.1137,1,0,DONE,262144,262144,262144,4201680672,-1,0
0.1137,2,0,DONE,262144,262144,262144,4201680672,-1,0
0.1137,3,0,DONE,262144,262144,262144,4201680672,-1,0
0.11372,0,0,INJECTING,3215484522,3215484522,7510451818,317046704351,-1,0
0.11372,1,0,DONE,262144,262144,262144,4201680672,-1,0
0.11372,2,0,DONE,262144,262144,262144,4201680672,-1,0
0.11372,3,0,DONE,262144,262144,262144,4201680672,-1,0
0.11374,0,0,INJECTING,3215484522,3215484522,7510451818,317046704351,-1,0
0.11374,1,0,DONE,262144,262144,262144,4201680672,-1,0
0.11374,2,0,DONE,262144,262144,262144,4201680672,-1,0
0.11374,3,0,DONE,262144,262144,262144,4201680672,-1,0
0.11376,0,0,INJECTING,3215484522,3215484522,7510451818,317046704351,-1,0
0.11376,1,0,DONE,262144,262144,262144,4201680672,-1,0
0.11376,2,0,DONE,262144,262144,262144,4201680672,-1,0
0.11376,3,0,DONE,262144,262144,262144,4201680672,-1,0
0.11378,0,0,INJECTING,3215484522,3215484522,7510451818,317046704351,-1,0
0.11378,1,0,DONE,262144,262144,262144,4201680672,-1,0
0.11378,2,0,DONE,262144,262144,262144,4201680672,-1,0
0.11378,3,0,DONE,262144,262144,262144,4201680672,-1,0
0.1138,0,0,INJECTING,3215484522,3215484522,7510451818,317046704351,-1,0
0.1138,1,0,DONE,262144,262144,262144,4201680672,-1,0
0.1138,2,0,DONE,262144,262144,262144,4201680672,-1,0
0.1138,3,0,DONE,262144,262144,262144,4201680672,-1,0
0.11382,0,0,INJECTING,3215484522,3215484522,7510451818,317046704351,-1,0
0.11382,1,0,DONE,262144,262144,262144,4201680672,-1,0
0.11382,2,0,DONE,262144,262144,262144,4201680672,-1,0
0.11382,3,0,DONE,262144,262144,262144,4201680672,-1,0
0.11384,0,0,INJECTING,3215484522,3215484522,7510451818,317046704351,-1,0
0.11384,1,0,DONE,262144,262144,262144,4201680672,-1,0
0.11384,2,0,DONE,262144,262144,262144,4201680672,-1,0
0.11384,3,0,DONE,262144,262144,262144,4201680672,-1,0
0.11386,0,0,INJECTING,3215484522,3215484522,7510451818,317046704351,-1,0
0.11386,1,0,DONE,262144,262144,262144,4201680672,-1,0
0.11386,2,0,DONE,262144,262144,262144,4201680672,-1,0
0.11386,3,0,DONE,262144,262144,262144,4201680672,-1,0
0.11388,0,0,INJECTING,3215484522,3215484522,7510451818,317046704351,-1,0
0.11388,1,0,DONE,262144,262144,262144,4201680672,-1,0
0.11388,2,0,DONE,262144,262144,262144,4201680672,-1,0
0.11388,3,0,DONE,262144,262144,262144,4201680672,-1,0
0.1139,0,0,INJECTING,3215484522,3215484522,7510451818,317046704351,-1,0
0.1139,1,0,DONE,262144,262144,262144,4201680672,-1,0
0.1139,2,0,DONE,262144,262144,262144,4201680672,-1,0
0.1139,3,0,DONE,262144,262144,262144,4201680672,-1,0
0.11392,0,0,INJECTING,3215484522,3215484522,7510451818,317046704351,-1,0
0.11392,1,0,DONE,262144,262144,262144,4201680672,-1,0
0.11392,2,0,DONE,262144,262144,262144,4201680672,-1,0
0.11392,3,0,DONE,262144,262144,262144,4201680672,-1,0
0.11394,0,0,INJECTING,3215484522,3215484522,7510451818,317046704351,-1,0
0.11394,1,0,DONE,262144,262144,262144,4201680672,-1,0
0.11394,2,0,DONE,262144,262144,262144,4201680672,-1,0
0.11394,3,0,DONE,262144,262144,262144,4201680672,-1,0
0.11396,0,0,INJECTING,3215484522,3215484522,7510451818,317046704351,-1,0
0.11396,1,0,DONE,262144,262144,262144,4201680672,-1,0
0.11396,2,0,DONE,262144,262144,262144,4201680672,-1,0
0.11396,3,0,DONE,262144,262144,262144,4201680672,-1,0
0.11398,0,0,INJECTING,3215484522,3215484522,7510451818,317046704351,-1,0
0.11398,1,0,DONE,262144,262144,262144,4201680672,-1,0
0.11398,2,0,DONE,262144,262144,262144,4201680672,-1,0
0.11398,3,0,DONE,262144,262144,262144,4201680672,-1,0
0.114,0,0,INJECTING,3215484522,3215484522,7510451818,317046704351,-1,0
0.114,1,0,DONE,262144,262144,262144,4201680672,-1,0
0.114,2,0,DONE,262144,262144,262144,4201680672,-1,0
0.114,3,0,DONE,262144,262144,262144,4201680672,-1,0
0.11402,0,0,INJECTING,3215484522,3215484522,7510451818,317046704351,-1,0
0.11402,1,0,DONE,262144,262144,262144,4201680672,-1,0
0.11402,2,0,DONE,262144,262144,262144,4201680672,-1,0
0.11402,3,0,DONE,262144,262144,262144,4201680672,-1,0
0.11404,0,0,INJECTING,3215484522,3215484522,7510451818,317046704351,-1,0
0.11404,1,0,DONE,262144,262144,262144,4201680672,-1,0
0.11404,2,0,DONE,262144,262144,262144,4201680672,-1,0
0.11404,3,0,DONE,262144,262144,262144,4201680672,-1,0
0.11406,0,0,INJECTING,3215484522,3215484522,7510451818,317046704351,-1,0
0.11406,1,0,DONE,262144,262144,262144,4201680672,-1,0
0.11406,2,0,DONE,262144,262144,262144,4201680672,-1,0
0.11406,3,0,DONE,262144,262144,262144,4201680672,-1,0
0.11408,0,0,INJECTING,3215484522,3215484522,7510451818,317046704351,-1,0
0.11408,1,0,DONE,262144,262144,262144,4201680672,-1,0
0.11408,2,0,DONE,262144,262144,262144,4201680672,-1,0
0.11408,3,0,DONE,262144,262144,262144,4201680672,-1,0
0.1141,0,0,INJECTING,3215484522,3215484522,7510451818,317046704351,-1,0
0.1141,1,0,DONE,262144,262144,262144,4201680672,-1,0
0.1141,2,0,DONE,262144,262144,262144,4201680672,-1,0
0.1141,3,0,DONE,262144,262144,262144,4201680672,-1,0
0.11412,0,0,INJECTING,3215484522,3215484522,7510451818,317046704351,-1,0
0.11412,1,0,DONE,262144,262144,262144,4201680672,-1,0
0.11412,2,0,DONE,262144,262144,262144,4201680672,-1,0
0.11412,3,0,DONE,262144,262144,262144,4201680672,-1,0
0.11414,0,0,INJECTING,3215484522,3215484522,7510451818,317046704351,-1,0
0.11414,1,0,DONE,262144,262144,262144,4201680672,-1,0
0.11414,2,0,DONE,262144,262144,262144,4201680672,-1,0
0.11414,3,0,DONE,262144,262144,262144,4201680672,-1,0
0.11416,0,0,INJECTING,3215484522,3215484522,7510451818,317046704351,-1,0
0.11416,1,0,DONE,262144,262144,262144,4201680672,-1,0
0.11416,2,0,DONE,262144,262144,262144,4201680672,-1,0
0.11416,3,0,DONE,262144,262144,262144,4201680672,-1,0
0.11418,0,0,INJECTING,3215484522,3215484522,7510451818,317046704351,-1,0
0.11418,1,0,DONE,262144,262144,262144,4201680672,-1,0
0.11418,2,0,DONE,262144,262144,262144,4201680672,-1,0
0.11418,3,0,DONE,262144,262144,262144,4201680672,-1,0
0.1142,0,0,INJECTING,3215484522,3215484522,7510451818,317046704351,-1,0
0.1142,1,0,DONE,262144,262144,262144,4201680672,-1,0
0.1142,2,0,DONE,262144,262144,262144,4201680672,-1,0
0.1142,3,0,DONE,262144,262144,262144,4201680672,-1,0
0.11422,0,0,INJECTING,3215484522,3215484522,7510451818,317046704351,-1,0
0.11422,1,0,DONE,262144,262144,262144,4201680672,-1,0
0.11422,2,0,DONE,262144,262144,262144,4201680672,-1,0
0.11422,3,0,DONE,262144,262144,262144,4201680672,-1,0
0.11424,0,0,INJECTING,3215484522,3215484522,7510451818,317046704351,-1,0
0.11424,1,0,DONE,262144,262144,262144,4201680672,-1,0
0.11424,2,0,DONE,262144,262144,262144,4201680672,-1,0
0.11424,3,0,DONE,262144,262144,262144,4201680672,-1,0
0.11426,0,0,INJECTING,3215484522,3215484522,7510451818,317046704351,-1,0
0.11426,1,0,DONE,262144,262144,262144,4201680672,-1,0
0.11426,2,0,DONE,262144,262144,262144,4201680672,-1,0
0.11426,3,0,DONE,262144,262144,262144,4201680672,-1,0
0.11428,0,0,INJECTING,3215484522,3215484522,7510451818,317046704351,-1,0
0.11428,1,0,DONE,262144,262144,262144,4201680672,-1,0
0.11428,2,0,DONE,262144,262144,262144,4201680672,-1,0
0.11428,3,0,DONE,262144,262144,262144,4201680672,-1,0
0.1143,0,0,INJECTING,3215484522,3215484522,7510451818,317046704351,-1,0
0.1143,1,0,DONE,262144,262144,262144,4201680672,-1,0
0.1143,2,0,DONE,262144,262144,262144,4201680672,-1,0
0.1143,3,0,DONE,262144,262144,262144,4201680672,-1,0
0.11432,0,0,INJECTING,3215484522,3215484522,7510451818,317046704351,-1,0
0.11432,1,0,DONE,262144,262144,262144,4201680672,-1,0
0.11432,2,0,DONE,262144,262144,262144,4201680672,-1,0
0.11432,3,0,DONE,262144,262144,262144,4201680672,-1,0
0.11434,0,0,INJECTING,3215484522,3215484522,7510451818,317046704351,-1,0
0.11434,1,0,DONE,262144,262144,262144,4201680672,-1,0
0.11434,2,0,DONE,262144,262144,262144,4201680672,-1,0
0.11434,3,0,DONE,262144,262144,262144,4201680672,-1,0
0.11436,0,0,INJECTING,3215484522,3215484522,7510451818,317046704351,-1,0
0.11436,1,0,DONE,262144,262144,262144,4201680672,-1,0
0.11436,2,0,DONE,262144,262144,262144,4201680672,-1,0
0.11436,3,0,DONE,262144,262144,262144,4201680672,-1,0
0.11438,0,0,INJECTING,3215484522,3215484522,7510451818,317046704351,-1,0
0.11438,1,0,DONE,262144,262144,262144,4201680672,-1,0
0.11438,2,0,DONE,262144,262144,262144,4201680672,-1,0
0.11438,3,0,DONE,262144,262144,262144,4201680672,-1,0
0.1144,0,0,INJECTING,3215484522,3215484522,7510451818,317046704351,-1,0
0.1144,1,0,DONE,262144,262144,262144,4201680672,-1,0
0.1144,2,0,DONE,262144,262144,262144,4201680672,-1,0
0.1144,3,0,DONE,262144,262144,262144,4201680672,-1,0
0.11442,0,0,INJECTING,3215484522,3215484522,7510451818,317046704351,-1,0
0.11442,1,0,DONE,262144,262144,262144,4201680672,-1,0
0.11442,2,0,DONE,262144,262144,262144,4201680672,-1,0
0.11442,3,0,DONE,262144,262144,262144,4201680672,-1,0
0.11444,0,0,INJECTING,3215484522,3215484522,7510451818,317046704351,-1,0
0.11444,1,0,DONE,262144,262144,262144,4201680672,-1,0
0.11444,2,0,DONE,262144,262144,262144,4201680672,-1,0
0.11444,3,0,DONE,262144,262144,262144,4201680672,-1,0
0.11446,0,0,INJECTING,3215484522,3215484522,7510451818,317046704351,-1,0
0.11446,1,0,DONE,262144,262144,262144,4201680672,-1,0
0.11446,2,0,DONE,262144,262144,262144,4201680672,-1,0
0.11446,3,0,DONE,262144,262144,262144,4201680672,-1,0
0.11448,0,0,INJECTING,3215484522,3215484522,7510451818,317046704351,-1,0
0.11448,1,0,DONE,262144,262144,262144,4201680672,-1,0
0.11448,2,0,DONE,262144,262144,262144,4201680672,-1,0
0.11448,3,0,DONE,262144,262144,262144,4201680672,-1,0
0.1145,0,0,INJECTING,3215484522,3215484522,7510451818,317046704351,-1,0
0.1145,1,0,DONE,262144,262144,262144,4201680672,-1,0
0.1145,2,0,DONE,262144,262144,262144,4201680672,-1,0
0.1145,3,0,DONE,262144,262144,262144,4201680672,-1,0
0.11452,0,0,INJECTING,3215484522,3215484522,7510451818,317046704351,-1,0
0.11452,1,0,DONE,262144,262144,262144,4201680672,-1,0
0.11452,2,0,DONE,262144,262144,262144,4201680672,-1,0
0.11452,3,0,DONE,262144,262144,262144,4201680672,-1,0
0.11454,0,0,INJECTING,3215484522,3215484522,7510451818,317046704351,-1,0
0.11454,1,0,DONE,262144,262144,262144,4201680672,-1,0
0.11454,2,0,DONE,262144,262144,262144,4201680672,-1,0
0.11454,3,0,DONE,262144,262144,262144,4201680672,-1,0
0.11456,0,0,INJECTING,3215484522,3215484522,7510451818,317046704351,-1,0
0.11456,1,0,DONE,262144,262144,262144,4201680672,-1,0
0.11456,2,0,DONE,262144,262144,262144,4201680672,-1,0
0.11456,3,0,DONE,262144,262144,262144,4201680672,-1,0
0.11458,0,0,INJECTING,3215484522,3215484522,7510451818,317046704351,-1,0
0.11458,1,0,DONE,262144,262144,262144,4201680672,-1,0
0.11458,2,0,DONE,262144,262144,262144,4201680672,-1,0
0.11458,3,0,DONE,262144,262144,262144,4201680672,-1,0
0.1146,0,0,INJECTING,3215484522,3215484522,7510451818,317046704351,-1,0
0.1146,1,0,DONE,262144,262144,262144,4201680672,-1,0
0.1146,2,0,DONE,262144,262144,262144,4201680672,-1,0
0.1146,3,0,DONE,262144,262144,262144,4201680672,-1,0
0.11462,0,0,INJECTING,3215484522,3215484522,7510451818,317046704351,-1,0
0.11462,1,0,DONE,262144,262144,262144,4201680672,-1,0
0.11462,2,0,DONE,262144,262144,262144,4201680672,-1,0
0.11462,3,0,DONE,262144,262144,262144,4201680672,-1,0
0.11464,0,0,INJECTING,3215484522,3215484522,7510451818,317046704351,-1,0
0.11464,1,0,DONE,262144,262144,262144,4201680672,-1,0
0.11464,2,0,DONE,262144,262144,262144,4201680672,-1,0
0.11464,3,0,DONE,262144,262144,262144,4201680672,-1,0
0.11466,0,0,INJECTING,3215484522,3215484522,7510451818,317046704351,-1,0
0.11466,1,0,DONE,262144,262144,262144,4201680672,-1,0
0.11466,2,0,DONE,262144,262144,262144,4201680672,-1,0
0.11466,3,0,DONE,262144,262144,262144,4201680672,-1,0
0.11468,0,0,INJECTING,3215484522,3215484522,7510451818,317046704351,-1,0
0.11468,1,0,DONE,262144,262144,262144,4201680672,-1,0
0.11468,2,0,DONE,262144,262144,262144,4201680672,-1,0
0.11468,3,0,DONE,262144,262144,262144,4201680672,-1,0
0.1147,0,0,INJECTING,3215484522,3215484522,7510451818,317046704351,-1,0
0.1147,1,0,DONE,262144,262144,262144,4201680672,-1,0
0.1147,2,0,DONE,262144,262144,262144,4201680672,-1,0
0.1147,3,0,DONE,262144,262144,262144,4201680672,-1,0
0.11472,0,0,INJECTING,3215484522,3215484522,7510451818,317046704351,-1,0
0.11472,1,0,DONE,262144,262144,262144,4201680672,-1,0
0.11472,2,0,DONE,262144,262144,262144,4201680672,-1,0
0.11472,3,0,DONE,262144,262144,262144,4201680672,-1,0
0.11474,0,0,INJECTING,3215484522,3215484522,7510451818,317046704351,-1,0
0.11474,1,0,DONE,262144,262144,262144,4201680672,-1,0
0.11474,2,0,DONE,262144,262144,262144,4201680672,-1,0
0.11474,3,0,DONE,262144,262144,262144,4201680672,-1,0
0.11476,0,0,INJECTING,3215484522,3215484522,7510451818,317046704351,-1,0
0.11476,1,0,DONE,262144,262144,262144,4201680672,-1,0
0.11476,2,0,DONE,262144,262144,262144,4201680672,-1,0
0.11476,3,0,DONE,262144,262144,262144,4201680672,-1,0
0.11478,0,0,INJECTING,3215484522,3215484522,7510451818,317046704351,-1,0
0.11478,1,0,DONE,262144,262144,262144,4201680672,-1,0
0.11478,2,0,DONE,262144,262144,262144,4201680672,-1,0
0.11478,3,0,DONE,262144,262144,262144,4201680672,-1,0
0.1148,0,0,INJECTING,3215484522,3215484522,7510451818,317046704351,-1,0
0.1148,1,0,DONE,262144,262144,262144,4201680672,-1,0
0.1148,2,0,DONE,262144,262144,262144,4201680672,-1,0
0.1148,3,0,DONE,262144,262144,262144,4201680672,-1,0
0.11482,0,0,INJECTING,3215484522,3215484522,7510451818,317046704351,-1,0
0.11482,1,0,DONE,262144,262144,262144,4201680672,-1,0
0.11482,2,0,DONE,262144,262144,262144,4201680672,-1,0
0.11482,3,0,DONE,262144,262144,262144,4201680672,-1,0
0.11484,0,0,INJECTING,3215484522,3215484522,7510451818,317046704351,-1,0
0.11484,1,0,DONE,262144,262144,262144,4201680672,-1,0
0.11484,2,0,DONE,262144,262144,262144,4201680672,-1,0
0.11484,3,0,DONE,262144,262144,262144,4201680672,-1,0
0.11486,0,0,INJECTING,3215484522,3215484522,7510451818,317046704351,-1,0
0.11486,1,0,DONE,262144,262144,262144,4201680672,-1,0
0.11486,2,0,DONE,262144,262144,262144,4201680672,-1,0
0.11486,3,0,DONE,262144,262144,262144,4201680672,-1,0
0.11488,0,0,INJECTING,3215484522,3215484522,7510451818,317046704351,-1,0
0.11488,1,0,DONE,262144,262144,262144,4201680672,-1,0
0.11488,2,0,DONE,262144,262144,262144,4201680672,-1,0
0.11488,3,0,DONE,262144,262144,262144,4201680672,-1,0
0.1149,0,0,INJECTING,3215484522,3215484522,7510451818,317046704351,-1,0
0.1149,1,0,DONE,262144,262144,262144,4201680672,-1,0
0.1149,2,0,DONE,262144,262144,262144,4201680672,-1,0
0.1149,3,0,DONE,262144,262144,262144,4201680672,-1,0
0.11492,0,0,INJECTING,3215484522,3215484522,7510451818,317046704351,-1,0
0.11492,1,0,DONE,262144,262144,262144,4201680672,-1,0
0.11492,2,0,DONE,262144,262144,262144,4201680672,-1,0
0.11492,3,0,DONE,262144,262144,262144,4201680672,-1,0
0.11494,0,0,INJECTING,3215484522,3215484522,7510451818,317046704351,-1,0
0.11494,1,0,DONE,262144,262144,262144,4201680672,-1,0
0.11494,2,0,DONE,262144,262144,262144,4201680672,-1,0
0.11494,3,0,DONE,262144,262144,262144,4201680672,-1,0
0.11496,0,0,INJECTING,3215484522,3215484522,7510451818,317046704351,-1,0
0.11496,1,0,DONE,262144,262144,262144,4201680672,-1,0
0.11496,2,0,DONE,262144,262144,262144,4201680672,-1,0
0.11496,3,0,DONE,262144,262144,262144,4201680672,-1,0
0.11498,0,0,INJECTING,3215484522,3215484522,7510451818,317046704351,-1,0
0.11498,1,0,DONE,262144,262144,262144,4201680672,-1,0
0.11498,2,0,DONE,262144,262144,262144,4201680672,-1,0
0.11498,3,0,DONE,262144,262144,262144,4201680672,-1,0
0.115,0,0,INJECTING,3215484522,3215484522,7510451818,317046704351,-1,0
0.115,1,0,DONE,262144,262144,262144,4201680672,-1,0
0.115,2,0,DONE,262144,262144,262144,4201680672,-1,0
0.115,3,0,DONE,262144,262144,262144,4201680672,-1,0
0.11502,0,0,INJECTING,3215484522,3215484522,7510451818,317046704351,-1,0
0.11502,1,0,DONE,262144,262144,262144,4201680672,-1,0
0.11502,2,0,DONE,262144,262144,262144,4201680672,-1,0
0.11502,3,0,DONE,262144,262144,262144,4201680672,-1,0
0.11504,0,0,INJECTING,3215484522,3215484522,7510451818,317046704351,-1,0
0.11504,1,0,DONE,262144,262144,262144,4201680672,-1,0
0.11504,2,0,DONE,262144,262144,262144,4201680672,-1,0
0.11504,3,0,DONE,262144,262144,262144,4201680672,-1,0
0.11506,0,0,INJECTING,3215484522,3215484522,7510451818,317046704351,-1,0
0.11506,1,0,DONE,262144,262144,262144,4201680672,-1,0
0.11506,2,0,DONE,262144,262144,262144,4201680672,-1,0
0.11506,3,0,DONE,262144,262144,262144,4201680672,-1,0
0.11508,0,0,INJECTING,3215484522,3215484522,7510451818,317046704351,-1,0
0.11508,1,0,DONE,262144,262144,262144,4201680672,-1,0
0.11508,2,0,DONE,262144,262144,262144,4201680672,-1,0
0.11508,3,0,DONE,262144,262144,262144,4201680672,-1,0
0.1151,0,0,INJECTING,3215484522,3215484522,7510451818,317046704351,-1,0
0.1151,1,0,DONE,262144,262144,262144,4201680672,-1,0
0.1151,2,0,DONE,262144,262144,262144,4201680672,-1,0
0.1151,3,0,DONE,262144,262144,262144,4201680672,-1,0
0.11512,0,0,INJECTING,3215484522,3215484522,7510451818,317046704351,-1,0
0.11512,1,0,DONE,262144,262144,262144,4201680672,-1,0
0.11512,2,0,DONE,262144,262144,262144,4201680672,-1,0
0.11512,3,0,DONE,262144,262144,262144,4201680672,-1,0
0.11514,0,0,INJECTING,3215484522,3215484522,7510451818,317046704351,-1,0
0.11514,1,0,DONE,262144,262144,262144,4201680672,-1,0
0.11514,2,0,DONE,262144,262144,262144,4201680672,-1,0
0.11514,3,0,DONE,262144,262144,262144,4201680672,-1,0
0.11516,0,0,INJECTING,3215484522,3215484522,7510451818,317046704351,-1,0
0.11516,1,0,DONE,262144,262144,262144,4201680672,-1,0
0.11516,2,0,DONE,262144,262144,262144,4201680672,-1,0
0.11516,3,0,DONE,262144,262144,262144,4201680672,-1,0
0.11518,0,0,INJECTING,3215484522,3215484522,7510451818,317046704351,-1,0
0.11518,1,0,DONE,262144,262144,262144,4201680672,-1,0
0.11518,2,0,DONE,262144,262144,262144,4201680672,-1,0
0.11518,3,0,DONE,262144,262144,262144,4201680672,-1,0
0.1152,0,0,INJECTING,3215484522,3215484522,7510451818,317046704351,-1,0
0.1152,1,0,DONE,262144,262144,262144,4201680672,-1,0
0.1152,2,0,DONE,262144,262144,262144,4201680672,-1,0
0.1152,3,0,DONE,262144,262144,262144,4201680672,-1,0
0.11522,0,0,INJECTING,3215484522,3215484522,7510451818,317046704351,-1,0
0.11522,1,0,DONE,262144,262144,262144,4201680672,-1,0
0.11522,2,0,DONE,262144,262144,262144,4201680672,-1,0
0.11522,3,0,DONE,262144,262144,262144,4201680672,-1,0
0.11524,0,0,INJECTING,3215484522,3215484522,7510451818,317046704351,-1,0
0.11524,1,0,DONE,262144,262144,262144,4201680672,-1,0
0.11524,2,0,DONE,262144,262144,262144,4201680672,-1,0
0.11524,3,0,DONE,262144,262144,262144,4201680672,-1,0
0.11526,0,0,INJECTING,3215484522,3215484522,7510451818,317046704351,-1,0
0.11526,1,0,DONE,262144,262144,262144,4201680672,-1,0
0.11526,2,0,DONE,262144,262144,262144,4201680672,-1,0
0.11526,3,0,DONE,262144,262144,262144,4201680672,-1,0
0.11528,0,0,INJECTING,3215484522,3215484522,7510451818,317046704351,-1,0
0.11528,1,0,DONE,262144,262144,262144,4201680672,-1,0
0.11528,2,0,DONE,262144,262144,262144,4201680672,-1,0
0.11528,3,0,DONE,262144,262144,262144,4201680672,-1,0
0.1153,0,0,INJECTING,3215484522,3215484522,7510451818,317046704351,-1,0
0.1153,1,0,DONE,262144,262144,262144,4201680672,-1,0
0.1153,2,0,DONE,262144,262144,262144,4201680672,-1,0
0.1153,3,0,DONE,262144,262144,262144,4201680672,-1,0
0.11532,0,0,INJECTING,3215484522,3215484522,7510451818,317046704351,-1,0
0.11532,1,0,DONE,262144,262144,262144,4201680672,-1,0
0.11532,2,0,DONE,262144,262144,262144,4201680672,-1,0
0.11532,3,0,DONE,262144,262144,262144,4201680672,-1,0
0.11534,0,0,INJECTING,3215484522,3215484522,7510451818,317046704351,-1,0
0.11534,1,0,DONE,262144,262144,262144,4201680672,-1,0
0.11534,2,0,DONE,262144,262144,262144,4201680672,-1,0
0.11534,3,0,DONE,262144,262144,262144,4201680672,-1,0
0.11536,0,0,INJECTING,3215484522,3215484522,7510451818,317046704351,-1,0
0.11536,1,0,DONE,262144,262144,262144,4201680672,-1,0
0.11536,2,0,DONE,262144,262144,262144,4201680672,-1,0
0.11536,3,0,DONE,262144,262144,262144,4201680672,-1,0
0.11538,0,0,INJECTING,3215484522,3215484522,7510451818,317046704351,-1,0
0.11538,1,0,DONE,262144,262144,262144,4201680672,-1,0
0.11538,2,0,DONE,262144,262144,262144,4201680672,-1,0
0.11538,3,0,DONE,262144,262144,262144,4201680672,-1,0
0.1154,0,0,INJECTING,3215484522,3215484522,7510451818,317046704351,-1,0
0.1154,1,0,DONE,262144,262144,262144,4201680672,-1,0
0.1154,2,0,DONE,262144,262144,262144,4201680672,-1,0
0.1154,3,0,DONE,262144,262144,262144,4201680672,-1,0
0.11542,0,0,INJECTING,3215484522,3215484522,7510451818,317046704351,-1,0
0.11542,1,0,DONE,262144,262144,262144,4201680672,-1,0
0.11542,2,0,DONE,262144,262144,262144,4201680672,-1,0
0.11542,3,0,DONE,262144,262144,262144,4201680672,-1,0
0.11544,0,0,INJECTING,3215484522,3215484522,7510451818,317046704351,-1,0
0.11544,1,0,DONE,262144,262144,262144,4201680672,-1,0
0.11544,2,0,DONE,262144,262144,262144,4201680672,-1,0
0.11544,3,0,DONE,262144,262144,262144,4201680672,-1,0
0.11546,0,0,INJECTING,3215484522,3215484522,7510451818,317046704351,-1,0
0.11546,1,0,DONE,262144,262144,262144,4201680672,-1,0
0.11546,2,0,DONE,262144,262144,262144,4201680672,-1,0
0.11546,3,0,DONE,262144,262144,262144,4201680672,-1,0
0.11548,0,0,INJECTING,3215484522,3215484522,7510451818,317046704351,-1,0
0.11548,1,0,DONE,262144,262144,262144,4201680672,-1,0
0.11548,2,0,DONE,262144,262144,262144,4201680672,-1,0
0.11548,3,0,DONE,262144,262144,262144,4201680672,-1,0
0.1155,0,0,INJECTING,3215484522,3215484522,7510451818,317046704351,-1,0
0.1155,1,0,DONE,262144,262144,262144,4201680672,-1,0
0.1155,2,0,DONE,262144,262144,262144,4201680672,-1,0
0.1155,3,0,DONE,262144,262144,262144,4201680672,-1,0
0.11552,0,0,INJECTING,3215484522,3215484522,7510451818,317046704351,-1,0
0.11552,1,0,DONE,262144,262144,262144,4201680672,-1,0
0.11552,2,0,DONE,262144,262144,262144,4201680672,-1,0
0.11552,3,0,DONE,262144,262144,262144,4201680672,-1,0
0.11554,0,0,INJECTING,3215484522,3215484522,7510451818,317046704351,-1,0
0.11554,1,0,DONE,262144,262144,262144,4201680672,-1,0
0.11554,2,0,DONE,262144,262144,262144,4201680672,-1,0
0.11554,3,0,DONE,262144,262144,262144,4201680672,-1,0
0.11556,0,0,INJECTING,3215484522,3215484522,7510451818,317046704351,-1,0
0.11556,1,0,DONE,262144,262144,262144,4201680672,-1,0
0.11556,2,0,DONE,262144,262144,262144,4201680672,-1,0
0.11556,3,0,DONE,262144,262144,262144,4201680672,-1,0
0.11558,0,0,INJECTING,3215484522,3215484522,7510451818,317046704351,-1,0
0.11558,1,0,DONE,262144,262144,262144,4201680672,-1,0
0.11558,2,0,DONE,262144,262144,262144,4201680672,-1,0
0.11558,3,0,DONE,262144,262144,262144,4201680672,-1,0
0.1156,0,0,INJECTING,3215484522,3215484522,7510451818,317046704351,-1,0
0.1156,1,0,DONE,262144,262144,262144,4201680672,-1,0
0.1156,2,0,DONE,262144,262144,262144,4201680672,-1,0
0.1156,3,0,DONE,262144,262144,262144,4201680672,-1,0
0.11562,0,0,INJECTING,3215484522,3215484522,7510451818,317046704351,-1,0
0.11562,1,0,DONE,262144,262144,262144,4201680672,-1,0
0.11562,2,0,DONE,262144,262144,262144,4201680672,-1,0
0.11562,3,0,DONE,262144,262144,262144,4201680672,-1,0
0.11564,0,0,INJECTING,3215484522,3215484522,7510451818,317046704351,-1,0
0.11564,1,0,DONE,262144,262144,262144,4201680672,-1,0
0.11564,2,0,DONE,262144,262144,262144,4201680672,-1,0
0.11564,3,0,DONE,262144,262144,262144,4201680672,-1,0
0.11566,0,0,INJECTING,3215484522,3215484522,7510451818,317046704351,-1,0
0.11566,1,0,DONE,262144,262144,262144,4201680672,-1,0
0.11566,2,0,DONE,262144,262144,262144,4201680672,-1,0
0.11566,3,0,DONE,262144,262144,262144,4201680672,-1,0
0.11568,0,0,INJECTING,3215484522,3215484522,7510451818,317046704351,-1,0
0.11568,1,0,DONE,262144,262144,262144,4201680672,-1,0
0.11568,2,0,DONE,262144,262144,262144,4201680672,-1,0
0.11568,3,0,DONE,262144,262144,262144,4201680672,-1,0
0.1157,0,0,INJECTING,3215484522,3215484522,7510451818,317046704351,-1,0
0.1157,1,0,DONE,262144,262144,262144,4201680672,-1,0
0.1157,2,0,DONE,262144,262144,262144,4201680672,-1,0
0.1157,3,0,DONE,262144,262144,262144,4201680672,-1,0
0.11572,0,0,INJECTING,3215484522,3215484522,7510451818,317046704351,-1,0
0.11572,1,0,DONE,262144,262144,262144,4201680672,-1,0
0.11572,2,0,DONE,262144,262144,262144,4201680672,-1,0
0.11572,3,0,DONE,262144,262144,262144,4201680672,-1,0
0.11574,0,0,INJECTING,3215484522,3215484522,7510451818,317046704351,-1,0
0.11574,1,0,DONE,262144,262144,262144,4201680672,-1,0
0.11574,2,0,DONE,262144,262144,262144,4201680672,-1,0
0.11574,3,0,DONE,262144,262144,262144,4201680672,-1,0
0.11576,0,0,INJECTING,3215484522,3215484522,7510451818,317046704351,-1,0
0.11576,1,0,DONE,262144,262144,262144,4201680672,-1,0
0.11576,2,0,DONE,262144,262144,262144,4201680672,-1,0
0.11576,3,0,DONE,262144,262144,262144,4201680672,-1,0
0.11578,0,0,INJECTING,3215484522,3215484522,7510451818,317046704351,-1,0
0.11578,1,0,DONE,262144,262144,262144,4201680672,-1,0
0.11578,2,0,DONE,262144,262144,262144,4201680672,-1,0
0.11578,3,0,DONE,262144,262144,262144,4201680672,-1,0
0.1158,0,0,INJECTING,3215484522,3215484522,7510451818,317046704351,-1,0
0.1158,1,0,DONE,262144,262144,262144,4201680672,-1,0
0.1158,2,0,DONE,262144,262144,262144,4201680672,-1,0
0.1158,3,0,DONE,262144,262144,262144,4201680672,-1,0
0.11582,0,0,INJECTING,3215484522,3215484522,7510451818,317046704351,-1,0
0.11582,1,0,DONE,262144,262144,262144,4201680672,-1,0
0.11582,2,0,DONE,262144,262144,262144,4201680672,-1,0
0.11582,3,0,DONE,262144,262144,262144,4201680672,-1,0
0.11584,0,0,INJECTING,3215484522,3215484522,7510451818,317046704351,-1,0
0.11584,1,0,DONE,262144,262144,262144,4201680672,-1,0
0.11584,2,0,DONE,262144,262144,262144,4201680672,-1,0
0.11584,3,0,DONE,262144,262144,262144,4201680672,-1,0
0.11586,0,0,INJECTING,3215484522,3215484522,7510451818,317046704351,-1,0
0.11586,1,0,DONE,262144,262144,262144,4201680672,-1,0
0.11586,2,0,DONE,262144,262144,262144,4201680672,-1,0
0.11586,3,0,DONE,262144,262144,262144,4201680672,-1,0
0.11588,0,0,INJECTING,3215484522,3215484522,7510451818,317046704351,-1,0
0.11588,1,0,DONE,262144,262144,262144,4201680672,-1,0
0.11588,2,0,DONE,262144,262144,262144,4201680672,-1,0
0.11588,3,0,DONE,262144,262144,262144,4201680672,-1,0
0.1159,0,0,INJECTING,3215484522,3215484522,7510451818,317046704351,-1,0
0.1159,1,0,DONE,262144,262144,262144,4201680672,-1,0
0.1159,2,0,DONE,262144,262144,262144,4201680672,-1,0
0.1159,3,0,DONE,262144,262144,262144,4201680672,-1,0
0.11592,0,0,INJECTING,3215484522,3215484522,7510451818,317046704351,-1,0
0.11592,1,0,DONE,262144,262144,262144,4201680672,-1,0
0.11592,2,0,DONE,262144,262144,262144,4201680672,-1,0
0.11592,3,0,DONE,262144,262144,262144,4201680672,-1,0
0.11594,0,0,INJECTING,3215484522,3215484522,7510451818,317046704351,-1,0
0.11594,1,0,DONE,262144,262144,262144,4201680672,-1,0
0.11594,2,0,DONE,262144,262144,262144,4201680672,-1,0
0.11594,3,0,DONE,262144,262144,262144,4201680672,-1,0
0.11596,0,0,INJECTING,3215484522,3215484522,7510451818,317046704351,-1,0
0.11596,1,0,DONE,262144,262144,262144,4201680672,-1,0
0.11596,2,0,DONE,262144,262144,262144,4201680672,-1,0
0.11596,3,0,DONE,262144,262144,262144,4201680672,-1,0
0.11598,0,0,INJECTING,3215484522,3215484522,7510451818,317046704351,-1,0
0.11598,1,0,DONE,262144,262144,262144,4201680672,-1,0
0.11598,2,0,DONE,262144,262144,262144,4201680672,-1,0
0.11598,3,0,DONE,262144,262144,262144,4201680672,-1,0
0.116,0,0,INJECTING,3215484522,3215484522,7510451818,317046704351,-1,0
0.116,1,0,DONE,262144,262144,262144,4201680672,-1,0
0.116,2,0,DONE,262144,262144,262144,4201680672,-1,0
0.116,3,0,DONE,262144,262144,262144,4201680672,-1,0
0.11602,0,0,INJECTING,3215484522,3215484522,7510451818,317046704351,-1,0
0.11602,1,0,DONE,262144,262144,262144,4201680672,-1,0
0.11602,2,0,DONE,262144,262144,262144,4201680672,-1,0
0.11602,3,0,DONE,262144,262144,262144,4201680672,-1,0
0.11604,0,0,INJECTING,3215484522,3215484522,7510451818,317046704351,-1,0
0.11604,1,0,DONE,262144,262144,262144,4201680672,-1,0
0.11604,2,0,DONE,262144,262144,262144,4201680672,-1,0
0.11604,3,0,DONE,262144,262144,262144,4201680672,-1,0
0.11606,0,0,INJECTING,3215484522,3215484522,7510451818,317046704351,-1,0
0.11606,1,0,DONE,262144,262144,262144,4201680672,-1,0
0.11606,2,0,DONE,262144,262144,262144,4201680672,-1,0
0.11606,3,0,DONE,262144,262144,262144,4201680672,-1,0
0.11608,0,0,INJECTING,3215484522,3215484522,7510451818,317046704351,-1,0
0.11608,1,0,DONE,262144,262144,262144,4201680672,-1,0
0.11608,2,0,DONE,262144,262144,262144,4201680672,-1,0
0.11608,3,0,DONE,262144,262144,262144,4201680672,-1,0
0.1161,0,0,INJECTING,3215484522,3215484522,7510451818,317046704351,-1,0
0.1161,1,0,DONE,262144,262144,262144,4201680672,-1,0
0.1161,2,0,DONE,262144,262144,262144,4201680672,-1,0
0.1161,3,0,DONE,262144,262144,262144,4201680672,-1,0
0.11612,0,0,INJECTING,3215484522,3215484522,7510451818,317046704351,-1,0
0.11612,1,0,DONE,262144,262144,262144,4201680672,-1,0
0.11612,2,0,DONE,262144,262144,262144,4201680672,-1,0
0.11612,3,0,DONE,262144,262144,262144,4201680672,-1,0
0.11614,0,0,INJECTING,3215484522,3215484522,7510451818,317046704351,-1,0
0.11614,1,0,DONE,262144,262144,262144,4201680672,-1,0
0.11614,2,0,DONE,262144,262144,262144,4201680672,-1,0
0.11614,3,0,DONE,262144,262144,262144,4201680672,-1,0
0.11616,0,0,INJECTING,3215484522,3215484522,7510451818,317046704351,-1,0
0.11616,1,0,DONE,262144,262144,262144,4201680672,-1,0
0.11616,2,0,DONE,262144,262144,262144,4201680672,-1,0
0.11616,3,0,DONE,262144,262144,262144,4201680672,-1,0
0.11618,0,0,INJECTING,3215484522,3215484522,7510451818,317046704351,-1,0
0.11618,1,0,DONE,262144,262144,262144,4201680672,-1,0
0.11618,2,0,DONE,262144,262144,262144,4201680672,-1,0
0.11618,3,0,DONE,262144,262144,262144,4201680672,-1,0
0.1162,0,0,INJECTING,3215484522,3215484522,7510451818,317046704351,-1,0
0.1162,1,0,DONE,262144,262144,262144,4201680672,-1,0
0.1162,2,0,DONE,262144,262144,262144,4201680672,-1,0
0.1162,3,0,DONE,262144,262144,262144,4201680672,-1,0
0.11622,0,0,INJECTING,3215484522,3215484522,7510451818,317046704351,-1,0
0.11622,1,0,DONE,262144,262144,262144,4201680672,-1,0
0.11622,2,0,DONE,262144,262144,262144,4201680672,-1,0
0.11622,3,0,DONE,262144,262144,262144,4201680672,-1,0
0.11624,0,0,INJECTING,3215484522,3215484522,7510451818,317046704351,-1,0
0.11624,1,0,DONE,262144,262144,262144,4201680672,-1,0
0.11624,2,0,DONE,262144,262144,262144,4201680672,-1,0
0.11624,3,0,DONE,262144,262144,262144,4201680672,-1,0
0.11626,0,0,INJECTING,3215484522,3215484522,7510451818,317046704351,-1,0
0.11626,1,0,DONE,262144,262144,262144,4201680672,-1,0
0.11626,2,0,DONE,262144,262144,262144,4201680672,-1,0
0.11626,3,0,DONE,262144,262144,262144,4201680672,-1,0
0.11628,0,0,INJECTING,3215484522,3215484522,7510451818,317046704351,-1,0
0.11628,1,0,DONE,262144,262144,262144,4201680672,-1,0
0.11628,2,0,DONE,262144,262144,262144,4201680672,-1,0
0.11628,3,0,DONE,262144,262144,262144,4201680672,-1,0
0.1163,0,0,INJECTING,3215484522,3215484522,7510451818,317046704351,-1,0
0.1163,1,0,DONE,262144,262144,262144,4201680672,-1,0
0.1163,2,0,DONE,262144,262144,262144,4201680672,-1,0
0.1163,3,0,DONE,262144,262144,262144,4201680672,-1,0
0.11632,0,0,INJECTING,3215484522,3215484522,7510451818,317046704351,-1,0
0.11632,1,0,DONE,262144,262144,262144,4201680672,-1,0
0.11632,2,0,DONE,262144,262144,262144,4201680672,-1,0
0.11632,3,0,DONE,262144,262144,262144,4201680672,-1,0
0.11634,0,0,INJECTING,3215484522,3215484522,7510451818,317046704351,-1,0
0.11634,1,0,DONE,262144,262144,262144,4201680672,-1,0
0.11634,2,0,DONE,262144,262144,262144,4201680672,-1,0
0.11634,3,0,DONE,262144,262144,262144,4201680672,-1,0
0.11636,0,0,INJECTING,3215484522,3215484522,7510451818,317046704351,-1,0
0.11636,1,0,DONE,262144,262144,262144,4201680672,-1,0
0.11636,2,0,DONE,262144,262144,262144,4201680672,-1,0
0.11636,3,0,DONE,262144,262144,262144,4201680672,-1,0
0.11638,0,0,INJECTING,3215484522,3215484522,7510451818,317046704351,-1,0
0.11638,1,0,DONE,262144,262144,262144,4201680672,-1,0
0.11638,2,0,DONE,262144,262144,262144,4201680672,-1,0
0.11638,3,0,DONE,262144,262144,262144,4201680672,-1,0
0.1164,0,0,INJECTING,3215484522,3215484522,7510451818,317046704351,-1,0
0.1164,1,0,DONE,262144,262144,262144,4201680672,-1,0
0.1164,2,0,DONE,262144,262144,262144,4201680672,-1,0
0.1164,3,0,DONE,262144,262144,262144,4201680672,-1,0
0.11642,0,0,INJECTING,3215484522,3215484522,7510451818,317046704351,-1,0
0.11642,1,0,DONE,262144,262144,262144,4201680672,-1,0
0.11642,2,0,DONE,262144,262144,262144,4201680672,-1,0
0.11642,3,0,DONE,262144,262144,262144,4201680672,-1,0
0.11644,0,0,INJECTING,3215484522,3215484522,7510451818,317046704351,-1,0
0.11644,1,0,DONE,262144,262144,262144,4201680672,-1,0
0.11644,2,0,DONE,262144,262144,262144,4201680672,-1,0
0.11644,3,0,DONE,262144,262144,262144,4201680672,-1,0
0.11646,0,0,INJECTING,3215484522,3215484522,7510451818,317046704351,-1,0
0.11646,1,0,DONE,262144,262144,262144,4201680672,-1,0
0.11646,2,0,DONE,262144,262144,262144,4201680672,-1,0
0.11646,3,0,DONE,262144,262144,262144,4201680672,-1,0
0.11648,0,0,INJECTING,3215484522,3215484522,7510451818,317046704351,-1,0
0.11648,1,0,DONE,262144,262144,262144,4201680672,-1,0
0.11648,2,0,DONE,262144,262144,262144,4201680672,-1,0
0.11648,3,0,DONE,262144,262144,262144,4201680672,-1,0
0.1165,0,0,INJECTING,3215484522,3215484522,7510451818,317046704351,-1,0
0.1165,1,0,DONE,262144,262144,262144,4201680672,-1,0
0.1165,2,0,DONE,262144,262144,262144,4201680672,-1,0
0.1165,3,0,DONE,262144,262144,262144,4201680672,-1,0
0.11652,0,0,INJECTING,3215484522,3215484522,7510451818,317046704351,-1,0
0.11652,1,0,DONE,262144,262144,262144,4201680672,-1,0
0.11652,2,0,DONE,262144,262144,262144,4201680672,-1,0
0.11652,3,0,DONE,262144,262144,262144,4201680672,-1,0
0.11654,0,0,INJECTING,3215484522,3215484522,7510451818,317046704351,-1,0
0.11654,1,0,DONE,262144,262144,262144,4201680672,-1,0
0.11654,2,0,DONE,262144,262144,262144,4201680672,-1,0
0.11654,3,0,DONE,262144,262144,262144,4201680672,-1,0
0.11656,0,0,INJECTING,3215484522,3215484522,7510451818,317046704351,-1,0
0.11656,1,0,DONE,262144,262144,262144,4201680672,-1,0
0.11656,2,0,DONE,262144,262144,262144,4201680672,-1,0
0.11656,3,0,DONE,262144,262144,262144,4201680672,-1,0
0.11658,0,0,INJECTING,3215484522,3215484522,7510451818,317046704351,-1,0
0.11658,1,0,DONE,262144,262144,262144,4201680672,-1,0
0.11658,2,0,DONE,262144,262144,262144,4201680672,-1,0
0.11658,3,0,DONE,262144,262144,262144,4201680672,-1,0
0.1166,0,0,INJECTING,3215484522,3215484522,7510451818,317046704351,-1,0
0.1166,1,0,DONE,262144,262144,262144,4201680672,-1,0
0.1166,2,0,DONE,262144,262144,262144,4201680672,-1,0
0.1166,3,0,DONE,262144,262144,262144,4201680672,-1,0
0.11662,0,0,INJECTING,3215484522,3215484522,7510451818,317046704351,-1,0
0.11662,1,0,DONE,262144,262144,262144,4201680672,-1,0
0.11662,2,0,DONE,262144,262144,262144,4201680672,-1,0
0.11662,3,0,DONE,262144,262144,262144,4201680672,-1,0
0.11664,0,0,INJECTING,3215484522,3215484522,7510451818,317046704351,-1,0
0.11664,1,0,DONE,262144,262144,262144,4201680672,-1,0
0.11664,2,0,DONE,262144,262144,262144,4201680672,-1,0
0.11664,3,0,DONE,262144,262144,262144,4201680672,-1,0
0.11666,0,0,INJECTING,3215484522,3215484522,7510451818,317046704351,-1,0
0.11666,1,0,DONE,262144,262144,262144,4201680672,-1,0
0.11666,2,0,DONE,262144,262144,262144,4201680672,-1,0
0.11666,3,0,DONE,262144,262144,262144,4201680672,-1,0
0.11668,0,0,INJECTING,3215484522,3215484522,7510451818,317046704351,-1,0
0.11668,1,0,DONE,262144,262144,262144,4201680672,-1,0
0.11668,2,0,DONE,262144,262144,262144,4201680672,-1,0
0.11668,3,0,DONE,262144,262144,262144,4201680672,-1,0
0.1167,0,0,INJECTING,3215484522,3215484522,7510451818,317046704351,-1,0
0.1167,1,0,DONE,262144,262144,262144,4201680672,-1,0
0.1167,2,0,DONE,262144,262144,262144,4201680672,-1,0
0.1167,3,0,DONE,262144,262144,262144,4201680672,-1,0
0.11672,0,0,INJECTING,3215484522,3215484522,7510451818,317046704351,-1,0
0.11672,1,0,DONE,262144,262144,262144,4201680672,-1,0
0.11672,2,0,DONE,262144,262144,262144,4201680672,-1,0
0.11672,3,0,DONE,262144,262144,262144,4201680672,-1,0
0.11674,0,0,INJECTING,3215484522,3215484522,7510451818,317046704351,-1,0
0.11674,1,0,DONE,262144,262144,262144,4201680672,-1,0
0.11674,2,0,DONE,262144,262144,262144,4201680672,-1,0
0.11674,3,0,DONE,262144,262144,262144,4201680672,-1,0
0.11676,0,0,INJECTING,3215484522,3215484522,7510451818,317046704351,-1,0
0.11676,1,0,DONE,262144,262144,262144,4201680672,-1,0
0.11676,2,0,DONE,262144,262144,262144,4201680672,-1,0
0.11676,3,0,DONE,262144,262144,262144,4201680672,-1,0
0.11678,0,0,INJECTING,3215484522,3215484522,7510451818,317046704351,-1,0
0.11678,1,0,DONE,262144,262144,262144,4201680672,-1,0
0.11678,2,0,DONE,262144,262144,262144,4201680672,-1,0
0.11678,3,0,DONE,262144,262144,262144,4201680672,-1,0
0.1168,0,0,INJECTING,3215484522,3215484522,7510451818,317046704351,-1,0
0.1168,1,0,DONE,262144,262144,262144,4201680672,-1,0
0.1168,2,0,DONE,262144,262144,262144,4201680672,-1,0
0.1168,3,0,DONE,262144,262144,262144,4201680672,-1,0
0.11682,0,0,INJECTING,3215484522,3215484522,7510451818,317046704351,-1,0
0.11682,1,0,DONE,262144,262144,262144,4201680672,-1,0
0.11682,2,0,DONE,262144,262144,262144,4201680672,-1,0
0.11682,3,0,DONE,262144,262144,262144,4201680672,-1,0
0.11684,0,0,INJECTING,3215484522,3215484522,7510451818,317046704351,-1,0
0.11684,1,0,DONE,262144,262144,262144,4201680672,-1,0
0.11684,2,0,DONE,262144,262144,262144,4201680672,-1,0
0.11684,3,0,DONE,262144,262144,262144,4201680672,-1,0
0.11686,0,0,INJECTING,3215484522,3215484522,7510451818,317046704351,-1,0
0.11686,1,0,DONE,262144,262144,262144,4201680672,-1,0
0.11686,2,0,DONE,262144,262144,262144,4201680672,-1,0
0.11686,3,0,DONE,262144,262144,262144,4201680672,-1,0
0.11688,0,0,INJECTING,3215484522,3215484522,7510451818,317046704351,-1,0
0.11688,1,0,DONE,262144,262144,262144,4201680672,-1,0
0.11688,2,0,DONE,262144,262144,262144,4201680672,-1,0
0.11688,3,0,DONE,262144,262144,262144,4201680672,-1,0
0.1169,0,0,INJECTING,3215484522,3215484522,7510451818,317046704351,-1,0
0.1169,1,0,DONE,262144,262144,262144,4201680672,-1,0
0.1169,2,0,DONE,262144,262144,262144,4201680672,-1,0
0.1169,3,0,DONE,262144,262144,262144,4201680672,-1,0
0.11692,0,0,INJECTING,3215484522,3215484522,7510451818,317046704351,-1,0
0.11692,1,0,DONE,262144,262144,262144,4201680672,-1,0
0.11692,2,0,DONE,262144,262144,262144,4201680672,-1,0
0.11692,3,0,DONE,262144,262144,262144,4201680672,-1,0
0.11694,0,0,INJECTING,3215484522,3215484522,7510451818,317046704351,-1,0
0.11694,1,0,DONE,262144,262144,262144,4201680672,-1,0
0.11694,2,0,DONE,262144,262144,262144,4201680672,-1,0
0.11694,3,0,DONE,262144,262144,262144,4201680672,-1,0
0.11696,0,0,INJECTING,3215484522,3215484522,7510451818,317046704351,-1,0
0.11696,1,0,DONE,262144,262144,262144,4201680672,-1,0
0.11696,2,0,DONE,262144,262144,262144,4201680672,-1,0
0.11696,3,0,DONE,262144,262144,262144,4201680672,-1,0
0.11698,0,0,INJECTING,3215484522,3215484522,7510451818,317046704351,-1,0
0.11698,1,0,DONE,262144,262144,262144,4201680672,-1,0
0.11698,2,0,DONE,262144,262144,262144,4201680672,-1,0
0.11698,3,0,DONE,262144,262144,262144,4201680672,-1,0
0.117,0,0,INJECTING,3215484522,3215484522,7510451818,317046704351,-1,0
0.117,1,0,DONE,262144,262144,262144,4201680672,-1,0
0.117,2,0,DONE,262144,262144,262144,4201680672,-1,0
0.117,3,0,DONE,262144,262144,262144,4201680672,-1,0
0.11702,0,0,INJECTING,3215484522,3215484522,7510451818,317046704351,-1,0
0.11702,1,0,DONE,262144,262144,262144,4201680672,-1,0
0.11702,2,0,DONE,262144,262144,262144,4201680672,-1,0
0.11702,3,0,DONE,262144,262144,262144,4201680672,-1,0
0.11704,0,0,INJECTING,3215484522,3215484522,7510451818,317046704351,-1,0
0.11704,1,0,DONE,262144,262144,262144,4201680672,-1,0
0.11704,2,0,DONE,262144,262144,262144,4201680672,-1,0
0.11704,3,0,DONE,262144,262144,262144,4201680672,-1,0
0.11706,0,0,INJECTING,3215484522,3215484522,7510451818,317046704351,-1,0
0.11706,1,0,DONE,262144,262144,262144,4201680672,-1,0
0.11706,2,0,DONE,262144,262144,262144,4201680672,-1,0
0.11706,3,0,DONE,262144,262144,262144,4201680672,-1,0
0.11708,0,0,INJECTING,3215484522,3215484522,7510451818,317046704351,-1,0
0.11708,1,0,DONE,262144,262144,262144,4201680672,-1,0
0.11708,2,0,DONE,262144,262144,262144,4201680672,-1,0
0.11708,3,0,DONE,262144,262144,262144,4201680672,-1,0
0.1171,0,0,INJECTING,3215484522,3215484522,7510451818,317046704351,-1,0
0.1171,1,0,DONE,262144,262144,262144,4201680672,-1,0
0.1171,2,0,DONE,262144,262144,262144,4201680672,-1,0
0.1171,3,0,DONE,262144,262144,262144,4201680672,-1,0
0.11712,0,0,INJECTING,3215484522,3215484522,7510451818,317046704351,-1,0
0.11712,1,0,DONE,262144,262144,262144,4201680672,-1,0
0.11712,2,0,DONE,262144,262144,262144,4201680672,-1,0
0.11712,3,0,DONE,262144,262144,262144,4201680672,-1,0
0.11714,0,0,INJECTING,3215484522,3215484522,7510451818,317046704351,-1,0
0.11714,1,0,DONE,262144,262144,262144,4201680672,-1,0
0.11714,2,0,DONE,262144,262144,262144,4201680672,-1,0
0.11714,3,0,DONE,262144,262144,262144,4201680672,-1,0
0.11716,0,0,INJECTING,3215484522,3215484522,7510451818,317046704351,-1,0
0.11716,1,0,DONE,262144,262144,262144,4201680672,-1,0
0.11716,2,0,DONE,262144,262144,262144,4201680672,-1,0
0.11716,3,0,DONE,262144,262144,262144,4201680672,-1,0
0.11718,0,0,INJECTING,3215484522,3215484522,7510451818,317046704351,-1,0
0.11718,1,0,DONE,262144,262144,262144,4201680672,-1,0
0.11718,2,0,DONE,262144,262144,262144,4201680672,-1,0
0.11718,3,0,DONE,262144,262144,262144,4201680672,-1,0
0.1172,0,0,INJECTING,3215484522,3215484522,7510451818,317046704351,-1,0
0.1172,1,0,DONE,262144,262144,262144,4201680672,-1,0
0.1172,2,0,DONE,262144,262144,262144,4201680672,-1,0
0.1172,3,0,DONE,262144,262144,262144,4201680672,-1,0
0.11722,0,0,INJECTING,3215484522,3215484522,7510451818,317046704351,-1,0
0.11722,1,0,DONE,262144,262144,262144,4201680672,-1,0
0.11722,2,0,DONE,262144,262144,262144,4201680672,-1,0
0.11722,3,0,DONE,262144,262144,262144,4201680672,-1,0
0.11724,0,0,INJECTING,3215484522,3215484522,7510451818,317046704351,-1,0
0.11724,1,0,DONE,262144,262144,262144,4201680672,-1,0
0.11724,2,0,DONE,262144,262144,262144,4201680672,-1,0
0.11724,3,0,DONE,262144,262144,262144,4201680672,-1,0
0.11726,0,0,INJECTING,3215484522,3215484522,7510451818,317046704351,-1,0
0.11726,1,0,DONE,262144,262144,262144,4201680672,-1,0
0.11726,2,0,DONE,262144,262144,262144,4201680672,-1,0
0.11726,3,0,DONE,262144,262144,262144,4201680672,-1,0
0.11728,0,0,INJECTING,3215484522,3215484522,7510451818,317046704351,-1,0
0.11728,1,0,DONE,262144,262144,262144,4201680672,-1,0
0.11728,2,0,DONE,262144,262144,262144,4201680672,-1,0
0.11728,3,0,DONE,262144,262144,262144,4201680672,-1,0
0.1173,0,0,INJECTING,3215484522,3215484522,7510451818,317046704351,-1,0
0.1173,1,0,DONE,262144,262144,262144,4201680672,-1,0
0.1173,2,0,DONE,262144,262144,262144,4201680672,-1,0
0.1173,3,0,DONE,262144,262144,262144,4201680672,-1,0
0.11732,0,0,INJECTING,3215484522,3215484522,7510451818,317046704351,-1,0
0.11732,1,0,DONE,262144,262144,262144,4201680672,-1,0
0.11732,2,0,DONE,262144,262144,262144,4201680672,-1,0
0.11732,3,0,DONE,262144,262144,262144,4201680672,-1,0
0.11734,0,0,INJECTING,3215484522,3215484522,7510451818,317046704351,-1,0
0.11734,1,0,DONE,262144,262144,262144,4201680672,-1,0
0.11734,2,0,DONE,262144,262144,262144,4201680672,-1,0
0.11734,3,0,DONE,262144,262144,262144,4201680672,-1,0
0.11736,0,0,INJECTING,3215484522,3215484522,7510451818,317046704351,-1,0
0.11736,1,0,DONE,262144,262144,262144,4201680672,-1,0
0.11736,2,0,DONE,262144,262144,262144,4201680672,-1,0
0.11736,3,0,DONE,262144,262144,262144,4201680672,-1,0
0.11738,0,0,INJECTING,3215484522,3215484522,7510451818,317046704351,-1,0
0.11738,1,0,DONE,262144,262144,262144,4201680672,-1,0
0.11738,2,0,DONE,262144,262144,262144,4201680672,-1,0
0.11738,3,0,DONE,262144,262144,262144,4201680672,-1,0
0.1174,0,0,INJECTING,3215484522,3215484522,7510451818,317046704351,-1,0
0.1174,1,0,DONE,262144,262144,262144,4201680672,-1,0
0.1174,2,0,DONE,262144,262144,262144,4201680672,-1,0
0.1174,3,0,DONE,262144,262144,262144,4201680672,-1,0
0.11742,0,0,INJECTING,3215484522,3215484522,7510451818,317046704351,-1,0
0.11742,1,0,DONE,262144,262144,262144,4201680672,-1,0
0.11742,2,0,DONE,262144,262144,262144,4201680672,-1,0
0.11742,3,0,DONE,262144,262144,262144,4201680672,-1,0
0.11744,0,0,INJECTING,3215484522,3215484522,7510451818,317046704351,-1,0
0.11744,1,0,DONE,262144,262144,262144,4201680672,-1,0
0.11744,2,0,DONE,262144,262144,262144,4201680672,-1,0
0.11744,3,0,DONE,262144,262144,262144,4201680672,-1,0
0.11746,0,0,INJECTING,3215484522,3215484522,7510451818,317046704351,-1,0
0.11746,1,0,DONE,262144,262144,262144,4201680672,-1,0
0.11746,2,0,DONE,262144,262144,262144,4201680672,-1,0
0.11746,3,0,DONE,262144,262144,262144,4201680672,-1,0
0.11748,0,0,INJECTING,3215484522,3215484522,7510451818,317046704351,-1,0
0.11748,1,0,DONE,262144,262144,262144,4201680672,-1,0
0.11748,2,0,DONE,262144,262144,262144,4201680672,-1,0
0.11748,3,0,DONE,262144,262144,262144,4201680672,-1,0
0.1175,0,0,INJECTING,3215484522,3215484522,7510451818,317046704351,-1,0
0.1175,1,0,DONE,262144,262144,262144,4201680672,-1,0
0.1175,2,0,DONE,262144,262144,262144,4201680672,-1,0
0.1175,3,0,DONE,262144,262144,262144,4201680672,-1,0
0.11752,0,0,INJECTING,3215484522,3215484522,7510451818,317046704351,-1,0
0.11752,1,0,DONE,262144,262144,262144,4201680672,-1,0
0.11752,2,0,DONE,262144,262144,262144,4201680672,-1,0
0.11752,3,0,DONE,262144,262144,262144,4201680672,-1,0
0.11754,0,0,INJECTING,3215484522,3215484522,7510451818,317046704351,-1,0
0.11754,1,0,DONE,262144,262144,262144,4201680672,-1,0
0.11754,2,0,DONE,262144,262144,262144,4201680672,-1,0
0.11754,3,0,DONE,262144,262144,262144,4201680672,-1,0
0.11756,0,0,INJECTING,3215484522,3215484522,7510451818,317046704351,-1,0
0.11756,1,0,DONE,262144,262144,262144,4201680672,-1,0
0.11756,2,0,DONE,262144,262144,262144,4201680672,-1,0
0.11756,3,0,DONE,262144,262144,262144,4201680672,-1,0
0.11758,0,0,INJECTING,3215484522,3215484522,7510451818,317046704351,-1,0
0.11758,1,0,DONE,262144,262144,262144,4201680672,-1,0
0.11758,2,0,DONE,262144,262144,262144,4201680672,-1,0
0.11758,3,0,DONE,262144,262144,262144,4201680672,-1,0
0.1176,0,0,INJECTING,3215484522,3215484522,7510451818,317046704351,-1,0
0.1176,1,0,DONE,262144,262144,262144,4201680672,-1,0
0.1176,2,0,DONE,262144,262144,262144,4201680672,-1,0
0.1176,3,0,DONE,262144,262144,262144,4201680672,-1,0
0.11762,0,0,INJECTING,3215484522,3215484522,7510451818,317046704351,-1,0
0.11762,1,0,DONE,262144,262144,262144,4201680672,-1,0
0.11762,2,0,DONE,262144,262144,262144,4201680672,-1,0
0.11762,3,0,DONE,262144,262144,262144,4201680672,-1,0
0.11764,0,0,INJECTING,3215484522,3215484522,7510451818,317046704351,-1,0
0.11764,1,0,DONE,262144,262144,262144,4201680672,-1,0
0.11764,2,0,DONE,262144,262144,262144,4201680672,-1,0
0.11764,3,0,DONE,262144,262144,262144,4201680672,-1,0
0.11766,0,0,INJECTING,3215484522,3215484522,7510451818,317046704351,-1,0
0.11766,1,0,DONE,262144,262144,262144,4201680672,-1,0
0.11766,2,0,DONE,262144,262144,262144,4201680672,-1,0
0.11766,3,0,DONE,262144,262144,262144,4201680672,-1,0
0.11768,0,0,INJECTING,3215484522,3215484522,7510451818,317046704351,-1,0
0.11768,1,0,DONE,262144,262144,262144,4201680672,-1,0
0.11768,2,0,DONE,262144,262144,262144,4201680672,-1,0
0.11768,3,0,DONE,262144,262144,262144,4201680672,-1,0
0.1177,0,0,INJECTING,3215484522,3215484522,7510451818,317046704351,-1,0
0.1177,1,0,DONE,262144,262144,262144,4201680672,-1,0
0.1177,2,0,DONE,262144,262144,262144,4201680672,-1,0
0.1177,3,0,DONE,262144,262144,262144,4201680672,-1,0
0.11772,0,0,INJECTING,3215484522,3215484522,7510451818,317046704351,-1,0
0.11772,1,0,DONE,262144,262144,262144,4201680672,-1,0
0.11772,2,0,DONE,262144,262144,262144,4201680672,-1,0
0.11772,3,0,DONE,262144,262144,262144,4201680672,-1,0
0.11774,0,0,INJECTING,3215484522,3215484522,7510451818,317046704351,-1,0
0.11774,1,0,DONE,262144,262144,262144,4201680672,-1,0
0.11774,2,0,DONE,262144,262144,262144,4201680672,-1,0
0.11774,3,0,DONE,262144,262144,262144,4201680672,-1,0
0.11776,0,0,INJECTING,3215484522,3215484522,7510451818,317046704351,-1,0
0.11776,1,0,DONE,262144,262144,262144,4201680672,-1,0
0.11776,2,0,DONE,262144,262144,262144,4201680672,-1,0
0.11776,3,0,DONE,262144,262144,262144,4201680672,-1,0
0.11778,0,0,INJECTING,3215484522,3215484522,7510451818,317046704351,-1,0
0.11778,1,0,DONE,262144,262144,262144,4201680672,-1,0
0.11778,2,0,DONE,262144,262144,262144,4201680672,-1,0
0.11778,3,0,DONE,262144,262144,262144,4201680672,-1,0
0.1178,0,0,INJECTING,3215484522,3215484522,7510451818,317046704351,-1,0
0.1178,1,0,DONE,262144,262144,262144,4201680672,-1,0
0.1178,2,0,DONE,262144,262144,262144,4201680672,-1,0
0.1178,3,0,DONE,262144,262144,262144,4201680672,-1,0
0.11782,0,0,INJECTING,3215484522,3215484522,7510451818,317046704351,-1,0
0.11782,1,0,DONE,262144,262144,262144,4201680672,-1,0
0.11782,2,0,DONE,262144,262144,262144,4201680672,-1,0
0.11782,3,0,DONE,262144,262144,262144,4201680672,-1,0
0.11784,0,0,INJECTING,3215484522,3215484522,7510451818,317046704351,-1,0
0.11784,1,0,DONE,262144,262144,262144,4201680672,-1,0
0.11784,2,0,DONE,262144,262144,262144,4201680672,-1,0
0.11784,3,0,DONE,262144,262144,262144,4201680672,-1,0
0.11786,0,0,INJECTING,3215484522,3215484522,7510451818,317046704351,-1,0
0.11786,1,0,DONE,262144,262144,262144,4201680672,-1,0
0.11786,2,0,DONE,262144,262144,262144,4201680672,-1,0
0.11786,3,0,DONE,262144,262144,262144,4201680672,-1,0
0.11788,0,0,INJECTING,3215484522,3215484522,7510451818,317046704351,-1,0
0.11788,1,0,DONE,262144,262144,262144,4201680672,-1,0
0.11788,2,0,DONE,262144,262144,262144,4201680672,-1,0
0.11788,3,0,DONE,262144,262144,262144,4201680672,-1,0
0.1179,0,0,INJECTING,3215484522,3215484522,7510451818,317046704351,-1,0
0.1179,1,0,DONE,262144,262144,262144,4201680672,-1,0
0.1179,2,0,DONE,262144,262144,262144,4201680672,-1,0
0.1179,3,0,DONE,262144,262144,262144,4201680672,-1,0
0.11792,0,0,INJECTING,3215484522,3215484522,7510451818,317046704351,-1,0
0.11792,1,0,DONE,262144,262144,262144,4201680672,-1,0
0.11792,2,0,DONE,262144,262144,262144,4201680672,-1,0
0.11792,3,0,DONE,262144,262144,262144,4201680672,-1,0
0.11794,0,0,INJECTING,3215484522,3215484522,7510451818,317046704351,-1,0
0.11794,1,0,DONE,262144,262144,262144,4201680672,-1,0
0.11794,2,0,DONE,262144,262144,262144,4201680672,-1,0
0.11794,3,0,DONE,262144,262144,262144,4201680672,-1,0
0.11796,0,0,INJECTING,3215484522,3215484522,7510451818,317046704351,-1,0
0.11796,1,0,DONE,262144,262144,262144,4201680672,-1,0
0.11796,2,0,DONE,262144,262144,262144,4201680672,-1,0
0.11796,3,0,DONE,262144,262144,262144,4201680672,-1,0
0.11798,0,0,INJECTING,3215484522,3215484522,7510451818,317046704351,-1,0
0.11798,1,0,DONE,262144,262144,262144,4201680672,-1,0
0.11798,2,0,DONE,262144,262144,262144,4201680672,-1,0
0.11798,3,0,DONE,262144,262144,262144,4201680672,-1,0
0.118,0,0,INJECTING,3215484522,3215484522,7510451818,317046704351,-1,0
0.118,1,0,DONE,262144,262144,262144,4201680672,-1,0
0.118,2,0,DONE,262144,262144,262144,4201680672,-1,0
0.118,3,0,DONE,262144,262144,262144,4201680672,-1,0
0.11802,0,0,INJECTING,3215484522,3215484522,7510451818,317046704351,-1,0
0.11802,1,0,DONE,262144,262144,262144,4201680672,-1,0
0.11802,2,0,DONE,262144,262144,262144,4201680672,-1,0
0.11802,3,0,DONE,262144,262144,262144,4201680672,-1,0
0.11804,0,0,INJECTING,3215484522,3215484522,7510451818,317046704351,-1,0
0.11804,1,0,DONE,262144,262144,262144,4201680672,-1,0
0.11804,2,0,DONE,262144,262144,262144,4201680672,-1,0
0.11804,3,0,DONE,262144,262144,262144,4201680672,-1,0
0.11806,0,0,INJECTING,3215484522,3215484522,7510451818,317046704351,-1,0
0.11806,1,0,DONE,262144,262144,262144,4201680672,-1,0
0.11806,2,0,DONE,262144,262144,262144,4201680672,-1,0
0.11806,3,0,DONE,262144,262144,262144,4201680672,-1,0
0.11808,0,0,INJECTING,3215484522,3215484522,7510451818,317046704351,-1,0
0.11808,1,0,DONE,262144,262144,262144,4201680672,-1,0
0.11808,2,0,DONE,262144,262144,262144,4201680672,-1,0
0.11808,3,0,DONE,262144,262144,262144,4201680672,-1,0
0.1181,0,0,INJECTING,3215484522,3215484522,7510451818,317046704351,-1,0
0.1181,1,0,DONE,262144,262144,262144,4201680672,-1,0
0.1181,2,0,DONE,262144,262144,262144,4201680672,-1,0
0.1181,3,0,DONE,262144,262144,262144,4201680672,-1,0
0.11812,0,0,INJECTING,3215484522,3215484522,7510451818,317046704351,-1,0
0.11812,1,0,DONE,262144,262144,262144,4201680672,-1,0
0.11812,2,0,DONE,262144,262144,262144,4201680672,-1,0
0.11812,3,0,DONE,262144,262144,262144,4201680672,-1,0
0.11814,0,0,INJECTING,3215484522,3215484522,7510451818,317046704351,-1,0
0.11814,1,0,DONE,262144,262144,262144,4201680672,-1,0
0.11814,2,0,DONE,262144,262144,262144,4201680672,-1,0
0.11814,3,0,DONE,262144,262144,262144,4201680672,-1,0
0.11816,0,0,INJECTING,3215484522,3215484522,7510451818,317046704351,-1,0
0.11816,1,0,DONE,262144,262144,262144,4201680672,-1,0
0.11816,2,0,DONE,262144,262144,262144,4201680672,-1,0
0.11816,3,0,DONE,262144,262144,262144,4201680672,-1,0
0.11818,0,0,INJECTING,3215484522,3215484522,7510451818,317046704351,-1,0
0.11818,1,0,DONE,262144,262144,262144,4201680672,-1,0
0.11818,2,0,DONE,262144,262144,262144,4201680672,-1,0
0.11818,3,0,DONE,262144,262144,262144,4201680672,-1,0
0.1182,0,0,INJECTING,3215484522,3215484522,7510451818,317046704351,-1,0
0.1182,1,0,DONE,262144,262144,262144,4201680672,-1,0
0.1182,2,0,DONE,262144,262144,262144,4201680672,-1,0
0.1182,3,0,DONE,262144,262144,262144,4201680672,-1,0
0.11822,0,0,INJECTING,3215484522,3215484522,7510451818,317046704351,-1,0
0.11822,1,0,DONE,262144,262144,262144,4201680672,-1,0
0.11822,2,0,DONE,262144,262144,262144,4201680672,-1,0
0.11822,3,0,DONE,262144,262144,262144,4201680672,-1,0
0.11824,0,0,INJECTING,3215484522,3215484522,7510451818,317046704351,-1,0
0.11824,1,0,DONE,262144,262144,262144,4201680672,-1,0
0.11824,2,0,DONE,262144,262144,262144,4201680672,-1,0
0.11824,3,0,DONE,262144,262144,262144,4201680672,-1,0
0.11826,0,0,INJECTING,3215484522,3215484522,7510451818,317046704351,-1,0
0.11826,1,0,DONE,262144,262144,262144,4201680672,-1,0
0.11826,2,0,DONE,262144,262144,262144,4201680672,-1,0
0.11826,3,0,DONE,262144,262144,262144,4201680672,-1,0
0.11828,0,0,INJECTING,3215484522,3215484522,7510451818,317046704351,-1,0
0.11828,1,0,DONE,262144,262144,262144,4201680672,-1,0
0.11828,2,0,DONE,262144,262144,262144,4201680672,-1,0
0.11828,3,0,DONE,262144,262144,262144,4201680672,-1,0
0.1183,0,0,INJECTING,3215484522,3215484522,7510451818,317046704351,-1,0
0.1183,1,0,DONE,262144,262144,262144,4201680672,-1,0
0.1183,2,0,DONE,262144,262144,262144,4201680672,-1,0
0.1183,3,0,DONE,262144,262144,262144,4201680672,-1,0
0.11832,0,0,INJECTING,3215484522,3215484522,7510451818,317046704351,-1,0
0.11832,1,0,DONE,262144,262144,262144,4201680672,-1,0
0.11832,2,0,DONE,262144,262144,262144,4201680672,-1,0
0.11832,3,0,DONE,262144,262144,262144,4201680672,-1,0
0.11834,0,0,INJECTING,3215484522,3215484522,7510451818,317046704351,-1,0
0.11834,1,0,DONE,262144,262144,262144,4201680672,-1,0
0.11834,2,0,DONE,262144,262144,262144,4201680672,-1,0
0.11834,3,0,DONE,262144,262144,262144,4201680672,-1,0
0.11836,0,0,INJECTING,3215484522,3215484522,7510451818,317046704351,-1,0
0.11836,1,0,DONE,262144,262144,262144,4201680672,-1,0
0.11836,2,0,DONE,262144,262144,262144,4201680672,-1,0
0.11836,3,0,DONE,262144,262144,262144,4201680672,-1,0
0.11838,0,0,INJECTING,3215484522,3215484522,7510451818,317046704351,-1,0
0.11838,1,0,DONE,262144,262144,262144,4201680672,-1,0
0.11838,2,0,DONE,262144,262144,262144,4201680672,-1,0
0.11838,3,0,DONE,262144,262144,262144,4201680672,-1,0
0.1184,0,0,INJECTING,3215484522,3215484522,7510451818,317046704351,-1,0
0.1184,1,0,DONE,262144,262144,262144,4201680672,-1,0
0.1184,2,0,DONE,262144,262144,262144,4201680672,-1,0
0.1184,3,0,DONE,262144,262144,262144,4201680672,-1,0
0.11842,0,0,INJECTING,3215484522,3215484522,7510451818,317046704351,-1,0
0.11842,1,0,DONE,262144,262144,262144,4201680672,-1,0
0.11842,2,0,DONE,262144,262144,262144,4201680672,-1,0
0.11842,3,0,DONE,262144,262144,262144,4201680672,-1,0
0.11844,0,0,INJECTING,3215484522,3215484522,7510451818,317046704351,-1,0
0.11844,1,0,DONE,262144,262144,262144,4201680672,-1,0
0.11844,2,0,DONE,262144,262144,262144,4201680672,-1,0
0.11844,3,0,DONE,262144,262144,262144,4201680672,-1,0
0.11846,0,0,INJECTING,3215484522,3215484522,7510451818,317046704351,-1,0
0.11846,1,0,DONE,262144,262144,262144,4201680672,-1,0
0.11846,2,0,DONE,262144,262144,262144,4201680672,-1,0
0.11846,3,0,DONE,262144,262144,262144,4201680672,-1,0
0.11848,0,0,INJECTING,3215484522,3215484522,7510451818,317046704351,-1,0
0.11848,1,0,DONE,262144,262144,262144,4201680672,-1,0
0.11848,2,0,DONE,262144,262144,262144,4201680672,-1,0
0.11848,3,0,DONE,262144,262144,262144,4201680672,-1,0
0.1185,0,0,INJECTING,3215484522,3215484522,7510451818,317046704351,-1,0
0.1185,1,0,DONE,262144,262144,262144,4201680672,-1,0
0.1185,2,0,DONE,262144,262144,262144,4201680672,-1,0
0.1185,3,0,DONE,262144,262144,262144,4201680672,-1,0
0.11852,0,0,INJECTING,3215484522,3215484522,7510451818,317046704351,-1,0
0.11852,1,0,DONE,262144,262144,262144,4201680672,-1,0
0.11852,2,0,DONE,262144,262144,262144,4201680672,-1,0
0.11852,3,0,DONE,262144,262144,262144,4201680672,-1,0
0.11854,0,0,INJECTING,3215484522,3215484522,7510451818,317046704351,-1,0
0.11854,1,0,DONE,262144,262144,262144,4201680672,-1,0
0.11854,2,0,DONE,262144,262144,262144,4201680672,-1,0
0.11854,3,0,DONE,262144,262144,262144,4201680672,-1,0
0.11856,0,0,INJECTING,3215484522,3215484522,7510451818,317046704351,-1,0
0.11856,1,0,DONE,262144,262144,262144,4201680672,-1,0
0.11856,2,0,DONE,262144,262144,262144,4201680672,-1,0
0.11856,3,0,DONE,262144,262144,262144,4201680672,-1,0
0.11858,0,0,INJECTING,3215484522,3215484522,7510451818,317046704351,-1,0
0.11858,1,0,DONE,262144,262144,262144,4201680672,-1,0
0.11858,2,0,DONE,262144,262144,262144,4201680672,-1,0
0.11858,3,0,DONE,262144,262144,262144,4201680672,-1,0
0.1186,0,0,INJECTING,3215484522,3215484522,7510451818,317046704351,-1,0
0.1186,1,0,DONE,262144,262144,262144,4201680672,-1,0
0.1186,2,0,DONE,262144,262144,262144,4201680672,-1,0
0.1186,3,0,DONE,262144,262144,262144,4201680672,-1,0
0.11862,0,0,INJECTING,3215484522,3215484522,7510451818,317046704351,-1,0
0.11862,1,0,DONE,262144,262144,262144,4201680672,-1,0
0.11862,2,0,DONE,262144,262144,262144,4201680672,-1,0
0.11862,3,0,DONE,262144,262144,262144,4201680672,-1,0
0.11864,0,0,INJECTING,3215484522,3215484522,7510451818,317046704351,-1,0
0.11864,1,0,DONE,262144,262144,262144,4201680672,-1,0
0.11864,2,0,DONE,262144,262144,262144,4201680672,-1,0
0.11864,3,0,DONE,262144,262144,262144,4201680672,-1,0
0.11866,0,0,INJECTING,3215484522,3215484522,7510451818,317046704351,-1,0
0.11866,1,0,DONE,262144,262144,262144,4201680672,-1,0
0.11866,2,0,DONE,262144,262144,262144,4201680672,-1,0
0.11866,3,0,DONE,262144,262144,262144,4201680672,-1,0
0.11868,0,0,INJECTING,3215484522,3215484522,7510451818,317046704351,-1,0
0.11868,1,0,DONE,262144,262144,262144,4201680672,-1,0
0.11868,2,0,DONE,262144,262144,262144,4201680672,-1,0
0.11868,3,0,DONE,262144,262144,262144,4201680672,-1,0
0.1187,0,0,INJECTING,3215484522,3215484522,7510451818,317046704351,-1,0
0.1187,1,0,DONE,262144,262144,262144,4201680672,-1,0
0.1187,2,0,DONE,262144,262144,262144,4201680672,-1,0
0.1187,3,0,DONE,262144,262144,262144,4201680672,-1,0
0.11872,0,0,INJECTING,3215484522,3215484522,7510451818,317046704351,-1,0
0.11872,1,0,DONE,262144,262144,262144,4201680672,-1,0
0.11872,2,0,DONE,262144,262144,262144,4201680672,-1,0
0.11872,3,0,DONE,262144,262144,262144,4201680672,-1,0
0.11874,0,0,INJECTING,3215484522,3215484522,7510451818,317046704351,-1,0
0.11874,1,0,DONE,262144,262144,262144,4201680672,-1,0
0.11874,2,0,DONE,262144,262144,262144,4201680672,-1,0
0.11874,3,0,DONE,262144,262144,262144,4201680672,-1,0
0.11876,0,0,INJECTING,3215484522,3215484522,7510451818,317046704351,-1,0
0.11876,1,0,DONE,262144,262144,262144,4201680672,-1,0
0.11876,2,0,DONE,262144,262144,262144,4201680672,-1,0
0.11876,3,0,DONE,262144,262144,262144,4201680672,-1,0
0.11878,0,0,INJECTING,3215484522,3215484522,7510451818,317046704351,-1,0
0.11878,1,0,DONE,262144,262144,262144,4201680672,-1,0
0.11878,2,0,DONE,262144,262144,262144,4201680672,-1,0
0.11878,3,0,DONE,262144,262144,262144,4201680672,-1,0
0.1188,0,0,INJECTING,3215484522,3215484522,7510451818,317046704351,-1,0
0.1188,1,0,DONE,262144,262144,262144,4201680672,-1,0
0.1188,2,0,DONE,262144,262144,262144,4201680672,-1,0
0.1188,3,0,DONE,262144,262144,262144,4201680672,-1,0
0.11882,0,0,INJECTING,3215484522,3215484522,7510451818,317046704351,-1,0
0.11882,1,0,DONE,262144,262144,262144,4201680672,-1,0
0.11882,2,0,DONE,262144,262144,262144,4201680672,-1,0
0.11882,3,0,DONE,262144,262144,262144,4201680672,-1,0
0.11884,0,0,INJECTING,3215484522,3215484522,7510451818,317046704351,-1,0
0.11884,1,0,DONE,262144,262144,262144,4201680672,-1,0
0.11884,2,0,DONE,262144,262144,262144,4201680672,-1,0
0.11884,3,0,DONE,262144,262144,262144,4201680672,-1,0
0.11886,0,0,INJECTING,3215484522,3215484522,7510451818,317046704351,-1,0
0.11886,1,0,DONE,262144,262144,262144,4201680672,-1,0
0.11886,2,0,DONE,262144,262144,262144,4201680672,-1,0
0.11886,3,0,DONE,262144,262144,262144,4201680672,-1,0
0.11888,0,0,INJECTING,3215484522,3215484522,7510451818,317046704351,-1,0
0.11888,1,0,DONE,262144,262144,262144,4201680672,-1,0
0.11888,2,0,DONE,262144,262144,262144,4201680672,-1,0
0.11888,3,0,DONE,262144,262144,262144,4201680672,-1,0
0.1189,0,0,INJECTING,3215484522,3215484522,7510451818,317046704351,-1,0
0.1189,1,0,DONE,262144,262144,262144,4201680672,-1,0
0.1189,2,0,DONE,262144,262144,262144,4201680672,-1,0
0.1189,3,0,DONE,262144,262144,262144,4201680672,-1,0
0.11892,0,0,INJECTING,3215484522,3215484522,7510451818,317046704351,-1,0
0.11892,1,0,DONE,262144,262144,262144,4201680672,-1,0
0.11892,2,0,DONE,262144,262144,262144,4201680672,-1,0
0.11892,3,0,DONE,262144,262144,262144,4201680672,-1,0
0.11894,0,0,INJECTING,3215484522,3215484522,7510451818,317046704351,-1,0
0.11894,1,0,DONE,262144,262144,262144,4201680672,-1,0
0.11894,2,0,DONE,262144,262144,262144,4201680672,-1,0
0.11894,3,0,DONE,262144,262144,262144,4201680672,-1,0
0.11896,0,0,INJECTING,3215484522,3215484522,7510451818,317046704351,-1,0
0.11896,1,0,DONE,262144,262144,262144,4201680672,-1,0
0.11896,2,0,DONE,262144,262144,262144,4201680672,-1,0
0.11896,3,0,DONE,262144,262144,262144,4201680672,-1,0
0.11898,0,0,INJECTING,3215484522,3215484522,7510451818,317046704351,-1,0
0.11898,1,0,DONE,262144,262144,262144,4201680672,-1,0
0.11898,2,0,DONE,262144,262144,262144,4201680672,-1,0
0.11898,3,0,DONE,262144,262144,262144,4201680672,-1,0
0.119,0,0,INJECTING,3215484522,3215484522,7510451818,317046704351,-1,0
0.119,1,0,DONE,262144,262144,262144,4201680672,-1,0
0.119,2,0,DONE,262144,262144,262144,4201680672,-1,0
0.119,3,0,DONE,262144,262144,262144,4201680672,-1,0
0.11902,0,0,INJECTING,3215484522,3215484522,7510451818,317046704351,-1,0
0.11902,1,0,DONE,262144,262144,262144,4201680672,-1,0
0.11902,2,0,DONE,262144,262144,262144,4201680672,-1,0
0.11902,3,0,DONE,262144,262144,262144,4201680672,-1,0
0.11904,0,0,INJECTING,3215484522,3215484522,7510451818,317046704351,-1,0
0.11904,1,0,DONE,262144,262144,262144,4201680672,-1,0
0.11904,2,0,DONE,262144,262144,262144,4201680672,-1,0
0.11904,3,0,DONE,262144,262144,262144,4201680672,-1,0
0.11906,0,0,INJECTING,3215484522,3215484522,7510451818,317046704351,-1,0
0.11906,1,0,DONE,262144,262144,262144,4201680672,-1,0
0.11906,2,0,DONE,262144,262144,262144,4201680672,-1,0
0.11906,3,0,DONE,262144,262144,262144,4201680672,-1,0
0.11908,0,0,INJECTING,3215484522,3215484522,7510451818,317046704351,-1,0
0.11908,1,0,DONE,262144,262144,262144,4201680672,-1,0
0.11908,2,0,DONE,262144,262144,262144,4201680672,-1,0
0.11908,3,0,DONE,262144,262144,262144,4201680672,-1,0
0.1191,0,0,INJECTING,3215484522,3215484522,7510451818,317046704351,-1,0
0.1191,1,0,DONE,262144,262144,262144,4201680672,-1,0
0.1191,2,0,DONE,262144,262144,262144,4201680672,-1,0
0.1191,3,0,DONE,262144,262144,262144,4201680672,-1,0
0.11912,0,0,INJECTING,3215484522,3215484522,7510451818,317046704351,-1,0
0.11912,1,0,DONE,262144,262144,262144,4201680672,-1,0
0.11912,2,0,DONE,262144,262144,262144,4201680672,-1,0
0.11912,3,0,DONE,262144,262144,262144,4201680672,-1,0
0.11914,0,0,INJECTING,3215484522,3215484522,7510451818,317046704351,-1,0
0.11914,1,0,DONE,262144,262144,262144,4201680672,-1,0
0.11914,2,0,DONE,262144,262144,262144,4201680672,-1,0
0.11914,3,0,DONE,262144,262144,262144,4201680672,-1,0
0.11916,0,0,INJECTING,3215484522,3215484522,7510451818,317046704351,-1,0
0.11916,1,0,DONE,262144,262144,262144,4201680672,-1,0
0.11916,2,0,DONE,262144,262144,262144,4201680672,-1,0
0.11916,3,0,DONE,262144,262144,262144,4201680672,-1,0
0.11918,0,0,INJECTING,3215484522,3215484522,7510451818,317046704351,-1,0
0.11918,1,0,DONE,262144,262144,262144,4201680672,-1,0
0.11918,2,0,DONE,262144,262144,262144,4201680672,-1,0
0.11918,3,0,DONE,262144,262144,262144,4201680672,-1,0
0.1192,0,0,INJECTING,3215484522,3215484522,7510451818,317046704351,-1,0
0.1192,1,0,DONE,262144,262144,262144,4201680672,-1,0
0.1192,2,0,DONE,262144,262144,262144,4201680672,-1,0
0.1192,3,0,DONE,262144,262144,262144,4201680672,-1,0
0.11922,0,0,INJECTING,3215484522,3215484522,7510451818,317046704351,-1,0
0.11922,1,0,DONE,262144,262144,262144,4201680672,-1,0
0.11922,2,0,DONE,262144,262144,262144,4201680672,-1,0
0.11922,3,0,DONE,262144,262144,262144,4201680672,-1,0
0.11924,0,0,INJECTING,3215484522,3215484522,7510451818,317046704351,-1,0
0.11924,1,0,DONE,262144,262144,262144,4201680672,-1,0
0.11924,2,0,DONE,262144,262144,262144,4201680672,-1,0
0.11924,3,0,DONE,262144,262144,262144,4201680672,-1,0
0.11926,0,0,INJECTING,3215484522,3215484522,7510451818,317046704351,-1,0
0.11926,1,0,DONE,262144,262144,262144,4201680672,-1,0
0.11926,2,0,DONE,262144,262144,262144,4201680672,-1,0
0.11926,3,0,DONE,262144,262144,262144,4201680672,-1,0
0.11928,0,0,INJECTING,3215484522,3215484522,7510451818,317046704351,-1,0
0.11928,1,0,DONE,262144,262144,262144,4201680672,-1,0
0.11928,2,0,DONE,262144,262144,262144,4201680672,-1,0
0.11928,3,0,DONE,262144,262144,262144,4201680672,-1,0
0.1193,0,0,INJECTING,3215484522,3215484522,7510451818,317046704351,-1,0
0.1193,1,0,DONE,262144,262144,262144,4201680672,-1,0
0.1193,2,0,DONE,262144,262144,262144,4201680672,-1,0
0.1193,3,0,DONE,262144,262144,262144,4201680672,-1,0
0.11932,0,0,INJECTING,3215484522,3215484522,7510451818,317046704351,-1,0
0.11932,1,0,DONE,262144,262144,262144,4201680672,-1,0
0.11932,2,0,DONE,262144,262144,262144,4201680672,-1,0
0.11932,3,0,DONE,262144,262144,262144,4201680672,-1,0
0.11934,0,0,INJECTING,3215484522,3215484522,7510451818,317046704351,-1,0
0.11934,1,0,DONE,262144,262144,262144,4201680672,-1,0
0.11934,2,0,DONE,262144,262144,262144,4201680672,-1,0
0.11934,3,0,DONE,262144,262144,262144,4201680672,-1,0
0.11936,0,0,INJECTING,3215484522,3215484522,7510451818,317046704351,-1,0
0.11936,1,0,DONE,262144,262144,262144,4201680672,-1,0
0.11936,2,0,DONE,262144,262144,262144,4201680672,-1,0
0.11936,3,0,DONE,262144,262144,262144,4201680672,-1,0
0.11938,0,0,INJECTING,3215484522,3215484522,7510451818,317046704351,-1,0
0.11938,1,0,DONE,262144,262144,262144,4201680672,-1,0
0.11938,2,0,DONE,262144,262144,262144,4201680672,-1,0
0.11938,3,0,DONE,262144,262144,262144,4201680672,-1,0
0.1194,0,0,INJECTING,3215484522,3215484522,7510451818,317046704351,-1,0
0.1194,1,0,DONE,262144,262144,262144,4201680672,-1,0
0.1194,2,0,DONE,262144,262144,262144,4201680672,-1,0
0.1194,3,0,DONE,262144,262144,262144,4201680672,-1,0
0.11942,0,0,INJECTING,3215484522,3215484522,7510451818,317046704351,-1,0
0.11942,1,0,DONE,262144,262144,262144,4201680672,-1,0
0.11942,2,0,DONE,262144,262144,262144,4201680672,-1,0
0.11942,3,0,DONE,262144,262144,262144,4201680672,-1,0
0.11944,0,0,INJECTING,3215484522,3215484522,7510451818,317046704351,-1,0
0.11944,1,0,DONE,262144,262144,262144,4201680672,-1,0
0.11944,2,0,DONE,262144,262144,262144,4201680672,-1,0
0.11944,3,0,DONE,262144,262144,262144,4201680672,-1,0
0.11946,0,0,INJECTING,3215484522,3215484522,7510451818,317046704351,-1,0
0.11946,1,0,DONE,262144,262144,262144,4201680672,-1,0
0.11946,2,0,DONE,262144,262144,262144,4201680672,-1,0
0.11946,3,0,DONE,262144,262144,262144,4201680672,-1,0
0.11948,0,0,INJECTING,3215484522,3215484522,7510451818,317046704351,-1,0
0.11948,1,0,DONE,262144,262144,262144,4201680672,-1,0
0.11948,2,0,DONE,262144,262144,262144,4201680672,-1,0
0.11948,3,0,DONE,262144,262144,262144,4201680672,-1,0
0.1195,0,0,INJECTING,3215484522,3215484522,7510451818,317046704351,-1,0
0.1195,1,0,DONE,262144,262144,262144,4201680672,-1,0
0.1195,2,0,DONE,262144,262144,262144,4201680672,-1,0
0.1195,3,0,DONE,262144,262144,262144,4201680672,-1,0
0.11952,0,0,INJECTING,3215484522,3215484522,7510451818,317046704351,-1,0
0.11952,1,0,DONE,262144,262144,262144,4201680672,-1,0
0.11952,2,0,DONE,262144,262144,262144,4201680672,-1,0
0.11952,3,0,DONE,262144,262144,262144,4201680672,-1,0
0.11954,0,0,INJECTING,3215484522,3215484522,7510451818,317046704351,-1,0
0.11954,1,0,DONE,262144,262144,262144,4201680672,-1,0
0.11954,2,0,DONE,262144,262144,262144,4201680672,-1,0
0.11954,3,0,DONE,262144,262144,262144,4201680672,-1,0
0.11956,0,0,INJECTING,3215484522,3215484522,7510451818,317046704351,-1,0
0.11956,1,0,DONE,262144,262144,262144,4201680672,-1,0
0.11956,2,0,DONE,262144,262144,262144,4201680672,-1,0
0.11956,3,0,DONE,262144,262144,262144,4201680672,-1,0
0.11958,0,0,INJECTING,3215484522,3215484522,7510451818,317046704351,-1,0
0.11958,1,0,DONE,262144,262144,262144,4201680672,-1,0
0.11958,2,0,DONE,262144,262144,262144,4201680672,-1,0
0.11958,3,0,DONE,262144,262144,262144,4201680672,-1,0
0.1196,0,0,INJECTING,3215484522,3215484522,7510451818,317046704351,-1,0
0.1196,1,0,DONE,262144,262144,262144,4201680672,-1,0
0.1196,2,0,DONE,262144,262144,262144,4201680672,-1,0
0.1196,3,0,DONE,262144,262144,262144,4201680672,-1,0
0.11962,0,0,INJECTING,3215484522,3215484522,7510451818,317046704351,-1,0
0.11962,1,0,DONE,262144,262144,262144,4201680672,-1,0
0.11962,2,0,DONE,262144,262144,262144,4201680672,-1,0
0.11962,3,0,DONE,262144,262144,262144,4201680672,-1,0
0.11964,0,0,INJECTING,3215484522,3215484522,7510451818,317046704351,-1,0
0.11964,1,0,DONE,262144,262144,262144,4201680672,-1,0
0.11964,2,0,DONE,262144,262144,262144,4201680672,-1,0
0.11964,3,0,DONE,262144,262144,262144,4201680672,-1,0
0.11966,0,0,INJECTING,3215484522,3215484522,7510451818,317046704351,-1,0
0.11966,1,0,DONE,262144,262144,262144,4201680672,-1,0
0.11966,2,0,DONE,262144,262144,262144,4201680672,-1,0
0.11966,3,0,DONE,262144,262144,262144,4201680672,-1,0
0.11968,0,0,INJECTING,3215484522,3215484522,7510451818,317046704351,-1,0
0.11968,1,0,DONE,262144,262144,262144,4201680672,-1,0
0.11968,2,0,DONE,262144,262144,262144,4201680672,-1,0
0.11968,3,0,DONE,262144,262144,262144,4201680672,-1,0
0.1197,0,0,INJECTING,3215484522,3215484522,7510451818,317046704351,-1,0
0.1197,1,0,DONE,262144,262144,262144,4201680672,-1,0
0.1197,2,0,DONE,262144,262144,262144,4201680672,-1,0
0.1197,3,0,DONE,262144,262144,262144,4201680672,-1,0
0.11972,0,0,INJECTING,3215484522,3215484522,7510451818,317046704351,-1,0
0.11972,1,0,DONE,262144,262144,262144,4201680672,-1,0
0.11972,2,0,DONE,262144,262144,262144,4201680672,-1,0
0.11972,3,0,DONE,262144,262144,262144,4201680672,-1,0
0.11974,0,0,INJECTING,3215484522,3215484522,7510451818,317046704351,-1,0
0.11974,1,0,DONE,262144,262144,262144,4201680672,-1,0
0.11974,2,0,DONE,262144,262144,262144,4201680672,-1,0
0.11974,3,0,DONE,262144,262144,262144,4201680672,-1,0
0.11976,0,0,INJECTING,3215484522,3215484522,7510451818,317046704351,-1,0
0.11976,1,0,DONE,262144,262144,262144,4201680672,-1,0
0.11976,2,0,DONE,262144,262144,262144,4201680672,-1,0
0.11976,3,0,DONE,262144,262144,262144,4201680672,-1,0
0.11978,0,0,INJECTING,3215484522,3215484522,7510451818,317046704351,-1,0
0.11978,1,0,DONE,262144,262144,262144,4201680672,-1,0
0.11978,2,0,DONE,262144,262144,262144,4201680672,-1,0
0.11978,3,0,DONE,262144,262144,262144,4201680672,-1,0
0.1198,0,0,INJECTING,3215484522,3215484522,7510451818,317046704351,-1,0
0.1198,1,0,DONE,262144,262144,262144,4201680672,-1,0
0.1198,2,0,DONE,262144,262144,262144,4201680672,-1,0
0.1198,3,0,DONE,262144,262144,262144,4201680672,-1,0
0.11982,0,0,INJECTING,3215484522,3215484522,7510451818,317046704351,-1,0
0.11982,1,0,DONE,262144,262144,262144,4201680672,-1,0
0.11982,2,0,DONE,262144,262144,262144,4201680672,-1,0
0.11982,3,0,DONE,262144,262144,262144,4201680672,-1,0
0.11984,0,0,INJECTING,3215484522,3215484522,7510451818,317046704351,-1,0
0.11984,1,0,DONE,262144,262144,262144,4201680672,-1,0
0.11984,2,0,DONE,262144,262144,262144,4201680672,-1,0
0.11984,3,0,DONE,262144,262144,262144,4201680672,-1,0
0.11986,0,0,INJECTING,3215484522,3215484522,7510451818,317046704351,-1,0
0.11986,1,0,DONE,262144,262144,262144,4201680672,-1,0
0.11986,2,0,DONE,262144,262144,262144,4201680672,-1,0
0.11986,3,0,DONE,262144,262144,262144,4201680672,-1,0
0.11988,0,0,INJECTING,3215484522,3215484522,7510451818,317046704351,-1,0
0.11988,1,0,DONE,262144,262144,262144,4201680672,-1,0
0.11988,2,0,DONE,262144,262144,262144,4201680672,-1,0
0.11988,3,0,DONE,262144,262144,262144,4201680672,-1,0
0.1199,0,0,INJECTING,3215484522,3215484522,7510451818,317046704351,-1,0
0.1199,1,0,DONE,262144,262144,262144,4201680672,-1,0
0.1199,2,0,DONE,262144,262144,262144,4201680672,-1,0
0.1199,3,0,DONE,262144,262144,262144,4201680672,-1,0
0.11992,0,0,INJECTING,3215484522,3215484522,7510451818,317046704351,-1,0
0.11992,1,0,DONE,262144,262144,262144,4201680672,-1,0
0.11992,2,0,DONE,262144,262144,262144,4201680672,-1,0
0.11992,3,0,DONE,262144,262144,262144,4201680672,-1,0
0.11994,0,0,INJECTING,3215484522,3215484522,7510451818,317046704351,-1,0
0.11994,1,0,DONE,262144,262144,262144,4201680672,-1,0
0.11994,2,0,DONE,262144,262144,262144,4201680672,-1,0
0.11994,3,0,DONE,262144,262144,262144,4201680672,-1,0
0.11996,0,0,INJECTING,3215484522,3215484522,7510451818,317046704351,-1,0
0.11996,1,0,DONE,262144,262144,262144,4201680672,-1,0
0.11996,2,0,DONE,262144,262144,262144,4201680672,-1,0
0.11996,3,0,DONE,262144,262144,262144,4201680672,-1,0
0.11998,0,0,INJECTING,3215484522,3215484522,7510451818,317046704351,-1,0
0.11998,1,0,DONE,262144,262144,262144,4201680672,-1,0
0.11998,2,0,DONE,262144,262144,262144,4201680672,-1,0
0.11998,3,0,DONE,262144,262144,262144,4201680672,-1,0
0.12,0,0,INJECTING,3215484522,3215484522,7510451818,317046704351,-1,0
0.12,1,0,DONE,262144,262144,262144,4201680672,-1,0
0.12,2,0,DONE,262144,262144,262144,4201680672,-1,0
0.12,3,0,DONE,262144,262144,262144,4201680672,-1,0
0.12002,0,0,INJECTING,3215484522,3215484522,7510451818,317046704351,-1,0
0.12002,1,0,DONE,262144,262144,262144,4201680672,-1,0
0.12002,2,0,DONE,262144,262144,262144,4201680672,-1,0
0.12002,3,0,DONE,262144,262144,262144,4201680672,-1,0
0.12004,0,0,INJECTING,3215484522,3215484522,7510451818,317046704351,-1,0
0.12004,1,0,DONE,262144,262144,262144,4201680672,-1,0
0.12004,2,0,DONE,262144,262144,262144,4201680672,-1,0
0.12004,3,0,DONE,262144,262144,262144,4201680672,-1,0
0.12006,0,0,INJECTING,3215484522,3215484522,7510451818,317046704351,-1,0
0.12006,1,0,DONE,262144,262144,262144,4201680672,-1,0
0.12006,2,0,DONE,262144,262144,262144,4201680672,-1,0
0.12006,3,0,DONE,262144,262144,262144,4201680672,-1,0
0.12008,0,0,INJECTING,3215484522,3215484522,7510451818,317046704351,-1,0
0.12008,1,0,DONE,262144,262144,262144,4201680672,-1,0
0.12008,2,0,DONE,262144,262144,262144,4201680672,-1,0
0.12008,3,0,DONE,262144,262144,262144,4201680672,-1,0
0.1201,0,0,INJECTING,3215484522,3215484522,7510451818,317046704351,-1,0
0.1201,1,0,DONE,262144,262144,262144,4201680672,-1,0
0.1201,2,0,DONE,262144,262144,262144,4201680672,-1,0
0.1201,3,0,DONE,262144,262144,262144,4201680672,-1,0
0.12012,0,0,INJECTING,3215484522,3215484522,7510451818,317046704351,-1,0
0.12012,1,0,DONE,262144,262144,262144,4201680672,-1,0
0.12012,2,0,DONE,262144,262144,262144,4201680672,-1,0
0.12012,3,0,DONE,262144,262144,262144,4201680672,-1,0
0.12014,0,0,INJECTING,3215484522,3215484522,7510451818,317046704351,-1,0
0.12014,1,0,DONE,262144,262144,262144,4201680672,-1,0
0.12014,2,0,DONE,262144,262144,262144,4201680672,-1,0
0.12014,3,0,DONE,262144,262144,262144,4201680672,-1,0
0.12016,0,0,INJECTING,3215484522,3215484522,7510451818,317046704351,-1,0
0.12016,1,0,DONE,262144,262144,262144,4201680672,-1,0
0.12016,2,0,DONE,262144,262144,262144,4201680672,-1,0
0.12016,3,0,DONE,262144,262144,262144,4201680672,-1,0
0.12018,0,0,INJECTING,3215484522,3215484522,7510451818,317046704351,-1,0
0.12018,1,0,DONE,262144,262144,262144,4201680672,-1,0
0.12018,2,0,DONE,262144,262144,262144,4201680672,-1,0
0.12018,3,0,DONE,262144,262144,262144,4201680672,-1,0
0.1202,0,0,INJECTING,3215484522,3215484522,7510451818,317046704351,-1,0
0.1202,1,0,DONE,262144,262144,262144,4201680672,-1,0
0.1202,2,0,DONE,262144,262144,262144,4201680672,-1,0
0.1202,3,0,DONE,262144,262144,262144,4201680672,-1,0
0.12022,0,0,INJECTING,3215484522,3215484522,7510451818,317046704351,-1,0
0.12022,1,0,DONE,262144,262144,262144,4201680672,-1,0
0.12022,2,0,DONE,262144,262144,262144,4201680672,-1,0
0.12022,3,0,DONE,262144,262144,262144,4201680672,-1,0
0.12024,0,0,INJECTING,3215484522,3215484522,7510451818,317046704351,-1,0
0.12024,1,0,DONE,262144,262144,262144,4201680672,-1,0
0.12024,2,0,DONE,262144,262144,262144,4201680672,-1,0
0.12024,3,0,DONE,262144,262144,262144,4201680672,-1,0
0.12026,0,0,INJECTING,3215484522,3215484522,7510451818,317046704351,-1,0
0.12026,1,0,DONE,262144,262144,262144,4201680672,-1,0
0.12026,2,0,DONE,262144,262144,262144,4201680672,-1,0
0.12026,3,0,DONE,262144,262144,262144,4201680672,-1,0
0.12028,0,0,INJECTING,3215484522,3215484522,7510451818,317046704351,-1,0
0.12028,1,0,DONE,262144,262144,262144,4201680672,-1,0
0.12028,2,0,DONE,262144,262144,262144,4201680672,-1,0
0.12028,3,0,DONE,262144,262144,262144,4201680672,-1,0
0.1203,0,0,INJECTING,3215484522,3215484522,7510451818,317046704351,-1,0
0.1203,1,0,DONE,262144,262144,262144,4201680672,-1,0
0.1203,2,0,DONE,262144,262144,262144,4201680672,-1,0
0.1203,3,0,DONE,262144,262144,262144,4201680672,-1,0
0.12032,0,0,INJECTING,3215484522,3215484522,7510451818,317046704351,-1,0
0.12032,1,0,DONE,262144,262144,262144,4201680672,-1,0
0.12032,2,0,DONE,262144,262144,262144,4201680672,-1,0
0.12032,3,0,DONE,262144,262144,262144,4201680672,-1,0
0.12034,0,0,INJECTING,3215484522,3215484522,7510451818,317046704351,-1,0
0.12034,1,0,DONE,262144,262144,262144,4201680672,-1,0
0.12034,2,0,DONE,262144,262144,262144,4201680672,-1,0
0.12034,3,0,DONE,262144,262144,262144,4201680672,-1,0
0.12036,0,0,INJECTING,3215484522,3215484522,7510451818,317046704351,-1,0
0.12036,1,0,DONE,262144,262144,262144,4201680672,-1,0
0.12036,2,0,DONE,262144,262144,262144,4201680672,-1,0
0.12036,3,0,DONE,262144,262144,262144,4201680672,-1,0
0.12038,0,0,INJECTING,3215484522,3215484522,7510451818,317046704351,-1,0
0.12038,1,0,DONE,262144,262144,262144,4201680672,-1,0
0.12038,2,0,DONE,262144,262144,262144,4201680672,-1,0
0.12038,3,0,DONE,262144,262144,262144,4201680672,-1,0
0.1204,0,0,INJECTING,3215484522,3215484522,7510451818,317046704351,-1,0
0.1204,1,0,DONE,262144,262144,262144,4201680672,-1,0
0.1204,2,0,DONE,262144,262144,262144,4201680672,-1,0
0.1204,3,0,DONE,262144,262144,262144,4201680672,-1,0
0.12042,0,0,INJECTING,3215484522,3215484522,7510451818,317046704351,-1,0
0.12042,1,0,DONE,262144,262144,262144,4201680672,-1,0
0.12042,2,0,DONE,262144,262144,262144,4201680672,-1,0
0.12042,3,0,DONE,262144,262144,262144,4201680672,-1,0
0.12044,0,0,INJECTING,3215484522,3215484522,7510451818,317046704351,-1,0
0.12044,1,0,DONE,262144,262144,262144,4201680672,-1,0
0.12044,2,0,DONE,262144,262144,262144,4201680672,-1,0
0.12044,3,0,DONE,262144,262144,262144,4201680672,-1,0
0.12046,0,0,INJECTING,3215484522,3215484522,7510451818,317046704351,-1,0
0.12046,1,0,DONE,262144,262144,262144,4201680672,-1,0
0.12046,2,0,DONE,262144,262144,262144,4201680672,-1,0
0.12046,3,0,DONE,262144,262144,262144,4201680672,-1,0
0.12048,0,0,INJECTING,3215484522,3215484522,7510451818,317046704351,-1,0
0.12048,1,0,DONE,262144,262144,262144,4201680672,-1,0
0.12048,2,0,DONE,262144,262144,262144,4201680672,-1,0
0.12048,3,0,DONE,262144,262144,262144,4201680672,-1,0
0.1205,0,0,INJECTING,3215484522,3215484522,7510451818,317046704351,-1,0
0.1205,1,0,DONE,262144,262144,262144,4201680672,-1,0
0.1205,2,0,DONE,262144,262144,262144,4201680672,-1,0
0.1205,3,0,DONE,262144,262144,262144,4201680672,-1,0
0.12052,0,0,INJECTING,3215484522,3215484522,7510451818,317046704351,-1,0
0.12052,1,0,DONE,262144,262144,262144,4201680672,-1,0
0.12052,2,0,DONE,262144,262144,262144,4201680672,-1,0
0.12052,3,0,DONE,262144,262144,262144,4201680672,-1,0
0.12054,0,0,INJECTING,3215484522,3215484522,7510451818,317046704351,-1,0
0.12054,1,0,DONE,262144,262144,262144,4201680672,-1,0
0.12054,2,0,DONE,262144,262144,262144,4201680672,-1,0
0.12054,3,0,DONE,262144,262144,262144,4201680672,-1,0
0.12056,0,0,INJECTING,3215484522,3215484522,7510451818,317046704351,-1,0
0.12056,1,0,DONE,262144,262144,262144,4201680672,-1,0
0.12056,2,0,DONE,262144,262144,262144,4201680672,-1,0
0.12056,3,0,DONE,262144,262144,262144,4201680672,-1,0
0.12058,0,0,INJECTING,3215484522,3215484522,7510451818,317046704351,-1,0
0.12058,1,0,DONE,262144,262144,262144,4201680672,-1,0
0.12058,2,0,DONE,262144,262144,262144,4201680672,-1,0
0.12058,3,0,DONE,262144,262144,262144,4201680672,-1,0
0.1206,0,0,INJECTING,3215484522,3215484522,7510451818,317046704351,-1,0
0.1206,1,0,DONE,262144,262144,262144,4201680672,-1,0
0.1206,2,0,DONE,262144,262144,262144,4201680672,-1,0
0.1206,3,0,DONE,262144,262144,262144,4201680672,-1,0
0.12062,0,0,INJECTING,3215484522,3215484522,7510451818,317046704351,-1,0
0.12062,1,0,DONE,262144,262144,262144,4201680672,-1,0
0.12062,2,0,DONE,262144,262144,262144,4201680672,-1,0
0.12062,3,0,DONE,262144,262144,262144,4201680672,-1,0
0.12064,0,0,INJECTING,3215484522,3215484522,7510451818,317046704351,-1,0
0.12064,1,0,DONE,262144,262144,262144,4201680672,-1,0
0.12064,2,0,DONE,262144,262144,262144,4201680672,-1,0
0.12064,3,0,DONE,262144,262144,262144,4201680672,-1,0
0.12066,0,0,INJECTING,3215484522,3215484522,7510451818,317046704351,-1,0
0.12066,1,0,DONE,262144,262144,262144,4201680672,-1,0
0.12066,2,0,DONE,262144,262144,262144,4201680672,-1,0
0.12066,3,0,DONE,262144,262144,262144,4201680672,-1,0
0.12068,0,0,INJECTING,3215484522,3215484522,7510451818,317046704351,-1,0
0.12068,1,0,DONE,262144,262144,262144,4201680672,-1,0
0.12068,2,0,DONE,262144,262144,262144,4201680672,-1,0
0.12068,3,0,DONE,262144,262144,262144,4201680672,-1,0
0.1207,0,0,INJECTING,3215484522,3215484522,7510451818,317046704351,-1,0
0.1207,1,0,DONE,262144,262144,262144,4201680672,-1,0
0.1207,2,0,DONE,262144,262144,262144,4201680672,-1,0
0.1207,3,0,DONE,262144,262144,262144,4201680672,-1,0
0.12072,0,0,INJECTING,3215484522,3215484522,7510451818,317046704351,-1,0
0.12072,1,0,DONE,262144,262144,262144,4201680672,-1,0
0.12072,2,0,DONE,262144,262144,262144,4201680672,-1,0
0.12072,3,0,DONE,262144,262144,262144,4201680672,-1,0
0.12074,0,0,INJECTING,3215484522,3215484522,7510451818,317046704351,-1,0
0.12074,1,0,DONE,262144,262144,262144,4201680672,-1,0
0.12074,2,0,DONE,262144,262144,262144,4201680672,-1,0
0.12074,3,0,DONE,262144,262144,262144,4201680672,-1,0
0.12076,0,0,INJECTING,3215484522,3215484522,7510451818,317046704351,-1,0
0.12076,1,0,DONE,262144,262144,262144,4201680672,-1,0
0.12076,2,0,DONE,262144,262144,262144,4201680672,-1,0
0.12076,3,0,DONE,262144,262144,262144,4201680672,-1,0
0.12078,0,0,INJECTING,3215484522,3215484522,7510451818,317046704351,-1,0
0.12078,1,0,DONE,262144,262144,262144,4201680672,-1,0
0.12078,2,0,DONE,262144,262144,262144,4201680672,-1,0
0.12078,3,0,DONE,262144,262144,262144,4201680672,-1,0
0.1208,0,0,INJECTING,3215484522,3215484522,7510451818,317046704351,-1,0
0.1208,1,0,DONE,262144,262144,262144,4201680672,-1,0
0.1208,2,0,DONE,262144,262144,262144,4201680672,-1,0
0.1208,3,0,DONE,262144,262144,262144,4201680672,-1,0
0.12082,0,0,INJECTING,3215484522,3215484522,7510451818,317046704351,-1,0
0.12082,1,0,DONE,262144,262144,262144,4201680672,-1,0
0.12082,2,0,DONE,262144,262144,262144,4201680672,-1,0
0.12082,3,0,DONE,262144,262144,262144,4201680672,-1,0
0.12084,0,0,INJECTING,3215484522,3215484522,7510451818,317046704351,-1,0
0.12084,1,0,DONE,262144,262144,262144,4201680672,-1,0
0.12084,2,0,DONE,262144,262144,262144,4201680672,-1,0
0.12084,3,0,DONE,262144,262144,262144,4201680672,-1,0
0.12086,0,0,INJECTING,3215484522,3215484522,7510451818,317046704351,-1,0
0.12086,1,0,DONE,262144,262144,262144,4201680672,-1,0
0.12086,2,0,DONE,262144,262144,262144,4201680672,-1,0
0.12086,3,0,DONE,262144,262144,262144,4201680672,-1,0
0.12088,0,0,INJECTING,3215484522,3215484522,7510451818,317046704351,-1,0
0.12088,1,0,DONE,262144,262144,262144,4201680672,-1,0
0.12088,2,0,DONE,262144,262144,262144,4201680672,-1,0
0.12088,3,0,DONE,262144,262144,262144,4201680672,-1,0
0.1209,0,0,INJECTING,3215484522,3215484522,7510451818,317046704351,-1,0
0.1209,1,0,DONE,262144,262144,262144,4201680672,-1,0
0.1209,2,0,DONE,262144,262144,262144,4201680672,-1,0
0.1209,3,0,DONE,262144,262144,262144,4201680672,-1,0
0.12092,0,0,INJECTING,3215484522,3215484522,7510451818,317046704351,-1,0
0.12092,1,0,DONE,262144,262144,262144,4201680672,-1,0
0.12092,2,0,DONE,262144,262144,262144,4201680672,-1,0
0.12092,3,0,DONE,262144,262144,262144,4201680672,-1,0
0.12094,0,0,INJECTING,3215484522,3215484522,7510451818,317046704351,-1,0
0.12094,1,0,DONE,262144,262144,262144,4201680672,-1,0
0.12094,2,0,DONE,262144,262144,262144,4201680672,-1,0
0.12094,3,0,DONE,262144,262144,262144,4201680672,-1,0
0.12096,0,0,INJECTING,3215484522,3215484522,7510451818,317046704351,-1,0
0.12096,1,0,DONE,262144,262144,262144,4201680672,-1,0
0.12096,2,0,DONE,262144,262144,262144,4201680672,-1,0
0.12096,3,0,DONE,262144,262144,262144,4201680672,-1,0
0.12098,0,0,INJECTING,3215484522,3215484522,7510451818,317046704351,-1,0
0.12098,1,0,DONE,262144,262144,262144,4201680672,-1,0
0.12098,2,0,DONE,262144,262144,262144,4201680672,-1,0
0.12098,3,0,DONE,262144,262144,262144,4201680672,-1,0
0.121,0,0,INJECTING,3215484522,3215484522,7510451818,317046704351,-1,0
0.121,1,0,DONE,262144,262144,262144,4201680672,-1,0
0.121,2,0,DONE,262144,262144,262144,4201680672,-1,0
0.121,3,0,DONE,262144,262144,262144,4201680672,-1,0
0.12102,0,0,INJECTING,3215484522,3215484522,7510451818,317046704351,-1,0
0.12102,1,0,DONE,262144,262144,262144,4201680672,-1,0
0.12102,2,0,DONE,262144,262144,262144,4201680672,-1,0
0.12102,3,0,DONE,262144,262144,262144,4201680672,-1,0
0.12104,0,0,INJECTING,3215484522,3215484522,7510451818,317046704351,-1,0
0.12104,1,0,DONE,262144,262144,262144,4201680672,-1,0
0.12104,2,0,DONE,262144,262144,262144,4201680672,-1,0
0.12104,3,0,DONE,262144,262144,262144,4201680672,-1,0
0.12106,0,0,INJECTING,3215484522,3215484522,7510451818,317046704351,-1,0
0.12106,1,0,DONE,262144,262144,262144,4201680672,-1,0
0.12106,2,0,DONE,262144,262144,262144,4201680672,-1,0
0.12106,3,0,DONE,262144,262144,262144,4201680672,-1,0
0.12108,0,0,INJECTING,3215484522,3215484522,7510451818,317046704351,-1,0
0.12108,1,0,DONE,262144,262144,262144,4201680672,-1,0
0.12108,2,0,DONE,262144,262144,262144,4201680672,-1,0
0.12108,3,0,DONE,262144,262144,262144,4201680672,-1,0
0.1211,0,0,INJECTING,3215484522,3215484522,7510451818,317046704351,-1,0
0.1211,1,0,DONE,262144,262144,262144,4201680672,-1,0
0.1211,2,0,DONE,262144,262144,262144,4201680672,-1,0
0.1211,3,0,DONE,262144,262144,262144,4201680672,-1,0
0.12112,0,0,INJECTING,3215484522,3215484522,7510451818,317046704351,-1,0
0.12112,1,0,DONE,262144,262144,262144,4201680672,-1,0
0.12112,2,0,DONE,262144,262144,262144,4201680672,-1,0
0.12112,3,0,DONE,262144,262144,262144,4201680672,-1,0
0.12114,0,0,INJECTING,3215484522,3215484522,7510451818,317046704351,-1,0
0.12114,1,0,DONE,262144,262144,262144,4201680672,-1,0
0.12114,2,0,DONE,262144,262144,262144,4201680672,-1,0
0.12114,3,0,DONE,262144,262144,262144,4201680672,-1,0
0.12116,0,0,INJECTING,3215484522,3215484522,7510451818,317046704351,-1,0
0.12116,1,0,DONE,262144,262144,262144,4201680672,-1,0
0.12116,2,0,DONE,262144,262144,262144,4201680672,-1,0
0.12116,3,0,DONE,262144,262144,262144,4201680672,-1,0
0.12118,0,0,INJECTING,3215484522,3215484522,7510451818,317046704351,-1,0
0.12118,1,0,DONE,262144,262144,262144,4201680672,-1,0
0.12118,2,0,DONE,262144,262144,262144,4201680672,-1,0
0.12118,3,0,DONE,262144,262144,262144,4201680672,-1,0
0.1212,0,0,INJECTING,3215484522,3215484522,7510451818,317046704351,-1,0
0.1212,1,0,DONE,262144,262144,262144,4201680672,-1,0
0.1212,2,0,DONE,262144,262144,262144,4201680672,-1,0
0.1212,3,0,DONE,262144,262144,262144,4201680672,-1,0
0.12122,0,0,INJECTING,3215484522,3215484522,7510451818,317046704351,-1,0
0.12122,1,0,DONE,262144,262144,262144,4201680672,-1,0
0.12122,2,0,DONE,262144,262144,262144,4201680672,-1,0
0.12122,3,0,DONE,262144,262144,262144,4201680672,-1,0
0.12124,0,0,INJECTING,3215484522,3215484522,7510451818,317046704351,-1,0
0.12124,1,0,DONE,262144,262144,262144,4201680672,-1,0
0.12124,2,0,DONE,262144,262144,262144,4201680672,-1,0
0.12124,3,0,DONE,262144,262144,262144,4201680672,-1,0
0.12126,0,0,INJECTING,3215484522,3215484522,7510451818,317046704351,-1,0
0.12126,1,0,DONE,262144,262144,262144,4201680672,-1,0
0.12126,2,0,DONE,262144,262144,262144,4201680672,-1,0
0.12126,3,0,DONE,262144,262144,262144,4201680672,-1,0
0.12128,0,0,INJECTING,3215484522,3215484522,7510451818,317046704351,-1,0
0.12128,1,0,DONE,262144,262144,262144,4201680672,-1,0
0.12128,2,0,DONE,262144,262144,262144,4201680672,-1,0
0.12128,3,0,DONE,262144,262144,262144,4201680672,-1,0
0.1213,0,0,INJECTING,3215484522,3215484522,7510451818,317046704351,-1,0
0.1213,1,0,DONE,262144,262144,262144,4201680672,-1,0
0.1213,2,0,DONE,262144,262144,262144,4201680672,-1,0
0.1213,3,0,DONE,262144,262144,262144,4201680672,-1,0
0.12132,0,0,INJECTING,3215484522,3215484522,7510451818,317046704351,-1,0
0.12132,1,0,DONE,262144,262144,262144,4201680672,-1,0
0.12132,2,0,DONE,262144,262144,262144,4201680672,-1,0
0.12132,3,0,DONE,262144,262144,262144,4201680672,-1,0
0.12134,0,0,INJECTING,3215484522,3215484522,7510451818,317046704351,-1,0
0.12134,1,0,DONE,262144,262144,262144,4201680672,-1,0
0.12134,2,0,DONE,262144,262144,262144,4201680672,-1,0
0.12134,3,0,DONE,262144,262144,262144,4201680672,-1,0
0.12136,0,0,INJECTING,3215484522,3215484522,7510451818,317046704351,-1,0
0.12136,1,0,DONE,262144,262144,262144,4201680672,-1,0
0.12136,2,0,DONE,262144,262144,262144,4201680672,-1,0
0.12136,3,0,DONE,262144,262144,262144,4201680672,-1,0
0.12138,0,0,INJECTING,3215484522,3215484522,7510451818,317046704351,-1,0
0.12138,1,0,DONE,262144,262144,262144,4201680672,-1,0
0.12138,2,0,DONE,262144,262144,262144,4201680672,-1,0
0.12138,3,0,DONE,262144,262144,262144,4201680672,-1,0
0.1214,0,0,INJECTING,3215484522,3215484522,7510451818,317046704351,-1,0
0.1214,1,0,DONE,262144,262144,262144,4201680672,-1,0
0.1214,2,0,DONE,262144,262144,262144,4201680672,-1,0
0.1214,3,0,DONE,262144,262144,262144,4201680672,-1,0
0.12142,0,0,INJECTING,3215484522,3215484522,7510451818,317046704351,-1,0
0.12142,1,0,DONE,262144,262144,262144,4201680672,-1,0
0.12142,2,0,DONE,262144,262144,262144,4201680672,-1,0
0.12142,3,0,DONE,262144,262144,262144,4201680672,-1,0
0.12144,0,0,INJECTING,3215484522,3215484522,7510451818,317046704351,-1,0
0.12144,1,0,DONE,262144,262144,262144,4201680672,-1,0
0.12144,2,0,DONE,262144,262144,262144,4201680672,-1,0
0.12144,3,0,DONE,262144,262144,262144,4201680672,-1,0
0.12146,0,0,INJECTING,3215484522,3215484522,7510451818,317046704351,-1,0
0.12146,1,0,DONE,262144,262144,262144,4201680672,-1,0
0.12146,2,0,DONE,262144,262144,262144,4201680672,-1,0
0.12146,3,0,DONE,262144,262144,262144,4201680672,-1,0
0.12148,0,0,INJECTING,3215484522,3215484522,7510451818,317046704351,-1,0
0.12148,1,0,DONE,262144,262144,262144,4201680672,-1,0
0.12148,2,0,DONE,262144,262144,262144,4201680672,-1,0
0.12148,3,0,DONE,262144,262144,262144,4201680672,-1,0
0.1215,0,0,INJECTING,3215484522,3215484522,7510451818,317046704351,-1,0
0.1215,1,0,DONE,262144,262144,262144,4201680672,-1,0
0.1215,2,0,DONE,262144,262144,262144,4201680672,-1,0
0.1215,3,0,DONE,262144,262144,262144,4201680672,-1,0
0.12152,0,0,INJECTING,3215484522,3215484522,7510451818,317046704351,-1,0
0.12152,1,0,DONE,262144,262144,262144,4201680672,-1,0
0.12152,2,0,DONE,262144,262144,262144,4201680672,-1,0
0.12152,3,0,DONE,262144,262144,262144,4201680672,-1,0
0.12154,0,0,INJECTING,3215484522,3215484522,7510451818,317046704351,-1,0
0.12154,1,0,DONE,262144,262144,262144,4201680672,-1,0
0.12154,2,0,DONE,262144,262144,262144,4201680672,-1,0
0.12154,3,0,DONE,262144,262144,262144,4201680672,-1,0
0.12156,0,0,INJECTING,3215484522,3215484522,7510451818,317046704351,-1,0
0.12156,1,0,DONE,262144,262144,262144,4201680672,-1,0
0.12156,2,0,DONE,262144,262144,262144,4201680672,-1,0
0.12156,3,0,DONE,262144,262144,262144,4201680672,-1,0
0.12