time,flow_id,round_id,phase,snd_nxt,snd_una,released_bytes,current_rate,feedback_origin_round,feedback_class
0.002,0,-1,WAIT_RELEASE,0,0,0,0,-1,0
0.00202,0,-1,WAIT_RELEASE,0,0,0,400000000000,-1,0
0.00204,0,-1,WAIT_RELEASE,0,0,0,400000000000,-1,0
0.00206,0,-1,WAIT_RELEASE,0,0,0,400000000000,-1,0
0.00208,0,-1,WAIT_RELEASE,0,0,0,400000000000,-1,0
0.0021,0,-1,WAIT_RELEASE,0,0,0,400000000000,-1,0
0.00212,0,-1,WAIT_RELEASE,0,0,0,400000000000,-1,0
0.00214,0,-1,WAIT_RELEASE,0,0,0,400000000000,-1,0
0.00216,0,-1,WAIT_RELEASE,0,0,0,400000000000,-1,0
0.00218,0,-1,WAIT_RELEASE,0,0,0,400000000000,-1,0
0.0022,0,-1,WAIT_RELEASE,0,0,0,400000000000,-1,0
0.00222,0,-1,WAIT_RELEASE,0,0,0,400000000000,-1,0
0.00224,0,-1,WAIT_RELEASE,0,0,0,400000000000,-1,0
0.00226,0,-1,WAIT_RELEASE,0,0,0,400000000000,-1,0
0.00228,0,-1,WAIT_RELEASE,0,0,0,400000000000,-1,0
0.0023,0,-1,WAIT_RELEASE,0,0,0,400000000000,-1,0
0.00232,0,-1,WAIT_RELEASE,0,0,0,400000000000,-1,0
0.00234,0,-1,WAIT_RELEASE,0,0,0,400000000000,-1,0
0.00236,0,-1,WAIT_RELEASE,0,0,0,400000000000,-1,0
0.00238,0,-1,WAIT_RELEASE,0,0,0,400000000000,-1,0
0.0024,0,-1,WAIT_RELEASE,0,0,0,400000000000,-1,0
0.00242,0,-1,WAIT_RELEASE,0,0,0,400000000000,-1,0
0.00244,0,-1,WAIT_RELEASE,0,0,0,400000000000,-1,0
0.00246,0,-1,WAIT_RELEASE,0,0,0,400000000000,-1,0
0.00248,0,-1,WAIT_RELEASE,0,0,0,400000000000,-1,0
0.0025,0,-1,WAIT_RELEASE,0,0,0,400000000000,-1,0
0.00252,0,-1,WAIT_RELEASE,0,0,0,400000000000,-1,0
0.00254,0,-1,WAIT_RELEASE,0,0,0,400000000000,-1,0
0.00256,0,-1,WAIT_RELEASE,0,0,0,400000000000,-1,0
0.00258,0,-1,WAIT_RELEASE,0,0,0,400000000000,-1,0
0.0026,0,-1,WAIT_RELEASE,0,0,0,400000000000,-1,0
0.00262,0,-1,WAIT_RELEASE,0,0,0,400000000000,-1,0
0.00264,0,-1,WAIT_RELEASE,0,0,0,400000000000,-1,0
0.00266,0,-1,WAIT_RELEASE,0,0,0,400000000000,-1,0
0.00268,0,-1,WAIT_RELEASE,0,0,0,400000000000,-1,0
0.0027,0,-1,WAIT_RELEASE,0,0,0,400000000000,-1,0
0.00272,0,-1,WAIT_RELEASE,0,0,0,400000000000,-1,0
0.00274,0,-1,WAIT_RELEASE,0,0,0,400000000000,-1,0
0.00276,0,-1,WAIT_RELEASE,0,0,0,400000000000,-1,0
0.00278,0,-1,WAIT_RELEASE,0,0,0,400000000000,-1,0
0.0028,0,-1,WAIT_RELEASE,0,0,0,400000000000,-1,0
0.00282,0,-1,WAIT_RELEASE,0,0,0,400000000000,-1,0
0.00284,0,-1,WAIT_RELEASE,0,0,0,400000000000,-1,0
0.00286,0,-1,WAIT_RELEASE,0,0,0,400000000000,-1,0
0.00288,0,-1,WAIT_RELEASE,0,0,0,400000000000,-1,0
0.0029,0,-1,WAIT_RELEASE,0,0,0,400000000000,-1,0
0.00292,0,-1,WAIT_RELEASE,0,0,0,400000000000,-1,0
0.00294,0,-1,WAIT_RELEASE,0,0,0,400000000000,-1,0
0.00296,0,-1,WAIT_RELEASE,0,0,0,400000000000,-1,0
0.00298,0,-1,WAIT_RELEASE,0,0,0,400000000000,-1,0
0.003,0,-1,WAIT_RELEASE,0,0,0,400000000000,-1,0
0.00302,0,-1,WAIT_RELEASE,0,0,0,400000000000,-1,0
0.00304,0,-1,WAIT_RELEASE,0,0,0,400000000000,-1,0
0.00306,0,-1,WAIT_RELEASE,0,0,0,400000000000,-1,0
0.00308,0,-1,WAIT_RELEASE,0,0,0,400000000000,-1,0
0.0031,0,-1,WAIT_RELEASE,0,0,0,400000000000,-1,0
0.00312,0,-1,WAIT_RELEASE,0,0,0,400000000000,-1,0
0.00314,0,-1,WAIT_RELEASE,0,0,0,400000000000,-1,0
0.00316,0,-1,WAIT_RELEASE,0,0,0,400000000000,-1,0
0.00318,0,-1,WAIT_RELEASE,0,0,0,400000000000,-1,0
0.0032,0,-1,WAIT_RELEASE,0,0,0,400000000000,-1,0
0.00322,0,-1,WAIT_RELEASE,0,0,0,400000000000,-1,0
0.00324,0,-1,WAIT_RELEASE,0,0,0,400000000000,-1,0
0.00326,0,-1,WAIT_RELEASE,0,0,0,400000000000,-1,0
0.00328,0,-1,WAIT_RELEASE,0,0,0,400000000000,-1,0
0.0033,0,-1,WAIT_RELEASE,0,0,0,400000000000,-1,0
0.00332,0,-1,WAIT_RELEASE,0,0,0,400000000000,-1,0
0.00334,0,-1,WAIT_RELEASE,0,0,0,400000000000,-1,0
0.00336,0,-1,WAIT_RELEASE,0,0,0,400000000000,-1,0
0.00338,0,-1,WAIT_RELEASE,0,0,0,400000000000,-1,0
0.0034,0,-1,WAIT_RELEASE,0,0,0,400000000000,-1,0
0.00342,0,-1,WAIT_RELEASE,0,0,0,400000000000,-1,0
0.00344,0,-1,WAIT_RELEASE,0,0,0,400000000000,-1,0
0.00346,0,-1,WAIT_RELEASE,0,0,0,400000000000,-1,0
0.00348,0,-1,WAIT_RELEASE,0,0,0,400000000000,-1,0
0.0035,0,-1,WAIT_RELEASE,0,0,0,400000000000,-1,0
0.00352,0,-1,WAIT_RELEASE,0,0,0,400000000000,-1,0
0.00354,0,-1,WAIT_RELEASE,0,0,0,400000000000,-1,0
0.00356,0,-1,WAIT_RELEASE,0,0,0,400000000000,-1,0
0.00358,0,-1,WAIT_RELEASE,0,0,0,400000000000,-1,0
0.0036,0,-1,WAIT_RELEASE,0,0,0,400000000000,-1,0
0.00362,0,-1,WAIT_RELEASE,0,0,0,400000000000,-1,0
0.00364,0,-1,WAIT_RELEASE,0,0,0,400000000000,-1,0
0.00366,0,-1,WAIT_RELEASE,0,0,0,400000000000,-1,0
0.00368,0,-1,WAIT_RELEASE,0,0,0,400000000000,-1,0
0.0037,0,-1,WAIT_RELEASE,0,0,0,400000000000,-1,0
0.00372,0,-1,WAIT_RELEASE,0,0,0,400000000000,-1,0
0.00374,0,-1,WAIT_RELEASE,0,0,0,400000000000,-1,0
0.00376,0,-1,WAIT_RELEASE,0,0,0,400000000000,-1,0
0.00378,0,-1,WAIT_RELEASE,0,0,0,400000000000,-1,0
0.0038,0,-1,WAIT_RELEASE,0,0,0,400000000000,-1,0
0.00382,0,-1,WAIT_RELEASE,0,0,0,400000000000,-1,0
0.00384,0,-1,WAIT_RELEASE,0,0,0,400000000000,-1,0
0.00386,0,-1,WAIT_RELEASE,0,0,0,400000000000,-1,0
0.00388,0,-1,WAIT_RELEASE,0,0,0,400000000000,-1,0
0.0039,0,-1,WAIT_RELEASE,0,0,0,400000000000,-1,0
0.00392,0,-1,WAIT_RELEASE,0,0,0,400000000000,-1,0
0.00394,0,-1,WAIT_RELEASE,0,0,0,400000000000,-1,0
0.00396,0,-1,WAIT_RELEASE,0,0,0,400000000000,-1,0
0.00398,0,-1,WAIT_RELEASE,0,0,0,400000000000,-1,0
0.004,0,-1,WAIT_RELEASE,0,0,0,400000000000,-1,0
0.00402,0,-1,WAIT_RELEASE,0,0,0,400000000000,-1,0
0.00404,0,-1,WAIT_RELEASE,0,0,0,400000000000,-1,0
0.00406,0,-1,WAIT_RELEASE,0,0,0,400000000000,-1,0
0.00408,0,-1,WAIT_RELEASE,0,0,0,400000000000,-1,0
0.0041,0,-1,WAIT_RELEASE,0,0,0,400000000000,-1,0
0.00412,0,-1,WAIT_RELEASE,0,0,0,400000000000,-1,0
0.00414,0,-1,WAIT_RELEASE,0,0,0,400000000000,-1,0
0.00416,0,-1,WAIT_RELEASE,0,0,0,400000000000,-1,0
0.00418,0,-1,WAIT_RELEASE,0,0,0,400000000000,-1,0
0.0042,0,-1,WAIT_RELEASE,0,0,0,400000000000,-1,0
0.00422,0,-1,WAIT_RELEASE,0,0,0,400000000000,-1,0
0.00424,0,-1,WAIT_RELEASE,0,0,0,400000000000,-1,0
0.00426,0,-1,WAIT_RELEASE,0,0,0,400000000000,-1,0
0.00428,0,-1,WAIT_RELEASE,0,0,0,400000000000,-1,0
0.0043,0,-1,WAIT_RELEASE,0,0,0,400000000000,-1,0
0.00432,0,-1,WAIT_RELEASE,0,0,0,400000000000,-1,0
0.00434,0,-1,WAIT_RELEASE,0,0,0,400000000000,-1,0
0.00436,0,-1,WAIT_RELEASE,0,0,0,400000000000,-1,0
0.00438,0,-1,WAIT_RELEASE,0,0,0,400000000000,-1,0
0.0044,0,-1,WAIT_RELEASE,0,0,0,400000000000,-1,0
0.00442,0,-1,WAIT_RELEASE,0,0,0,400000000000,-1,0
0.00444,0,-1,WAIT_RELEASE,0,0,0,400000000000,-1,0
0.00446,0,-1,WAIT_RELEASE,0,0,0,400000000000,-1,0
0.00448,0,-1,WAIT_RELEASE,0,0,0,400000000000,-1,0
0.0045,0,-1,WAIT_RELEASE,0,0,0,400000000000,-1,0
0.00452,0,-1,WAIT_RELEASE,0,0,0,400000000000,-1,0
0.00454,0,-1,WAIT_RELEASE,0,0,0,400000000000,-1,0
0.00456,0,-1,WAIT_RELEASE,0,0,0,400000000000,-1,0
0.00458,0,-1,WAIT_RELEASE,0,0,0,400000000000,-1,0
0.0046,0,-1,WAIT_RELEASE,0,0,0,400000000000,-1,0
0.00462,0,-1,WAIT_RELEASE,0,0,0,400000000000,-1,0
0.00464,0,-1,WAIT_RELEASE,0,0,0,400000000000,-1,0
0.00466,0,-1,WAIT_RELEASE,0,0,0,400000000000,-1,0
0.00468,0,-1,WAIT_RELEASE,0,0,0,400000000000,-1,0
0.0047,0,-1,WAIT_RELEASE,0,0,0,400000000000,-1,0
0.00472,0,-1,WAIT_RELEASE,0,0,0,400000000000,-1,0
0.00474,0,-1,WAIT_RELEASE,0,0,0,400000000000,-1,0
0.00476,0,-1,WAIT_RELEASE,0,0,0,400000000000,-1,0
0.00478,0,-1,WAIT_RELEASE,0,0,0,400000000000,-1,0
0.0048,0,-1,WAIT_RELEASE,0,0,0,400000000000,-1,0
0.00482,0,-1,WAIT_RELEASE,0,0,0,400000000000,-1,0
0.00484,0,-1,WAIT_RELEASE,0,0,0,400000000000,-1,0
0.00486,0,-1,WAIT_RELEASE,0,0,0,400000000000,-1,0
0.00488,0,-1,WAIT_RELEASE,0,0,0,400000000000,-1,0
0.0049,0,-1,WAIT_RELEASE,0,0,0,400000000000,-1,0
0.00492,0,-1,WAIT_RELEASE,0,0,0,400000000000,-1,0
0.00494,0,-1,WAIT_RELEASE,0,0,0,400000000000,-1,0
0.00496,0,-1,WAIT_RELEASE,0,0,0,400000000000,-1,0
0.00498,0,-1,WAIT_RELEASE,0,0,0,400000000000,-1,0
0.005,0,-1,WAIT_RELEASE,0,0,0,400000000000,-1,0
0.00502,0,-1,WAIT_RELEASE,0,0,0,400000000000,-1,0
0.00504,0,-1,WAIT_RELEASE,0,0,0,400000000000,-1,0
0.00506,0,-1,WAIT_RELEASE,0,0,0,400000000000,-1,0
0.00508,0,-1,WAIT_RELEASE,0,0,0,400000000000,-1,0
0.0051,0,-1,WAIT_RELEASE,0,0,0,400000000000,-1,0
0.00512,0,-1,WAIT_RELEASE,0,0,0,400000000000,-1,0
0.00514,0,-1,WAIT_RELEASE,0,0,0,400000000000,-1,0
0.00516,0,-1,WAIT_RELEASE,0,0,0,400000000000,-1,0
0.00518,0,-1,WAIT_RELEASE,0,0,0,400000000000,-1,0
0.0052,0,-1,WAIT_RELEASE,0,0,0,400000000000,-1,0
0.00522,0,-1,WAIT_RELEASE,0,0,0,400000000000,-1,0
0.00524,0,-1,WAIT_RELEASE,0,0,0,400000000000,-1,0
0.00526,0,-1,WAIT_RELEASE,0,0,0,400000000000,-1,0
0.00528,0,-1,WAIT_RELEASE,0,0,0,400000000000,-1,0
0.0053,0,-1,WAIT_RELEASE,0,0,0,400000000000,-1,0
0.00532,0,-1,WAIT_RELEASE,0,0,0,400000000000,-1,0
0.00534,0,-1,WAIT_RELEASE,0,0,0,400000000000,-1,0
0.00536,0,-1,WAIT_RELEASE,0,0,0,400000000000,-1,0
0.00538,0,-1,WAIT_RELEASE,0,0,0,400000000000,-1,0
0.0054,0,-1,WAIT_RELEASE,0,0,0,400000000000,-1,0
0.00542,0,-1,WAIT_RELEASE,0,0,0,400000000000,-1,0
0.00544,0,-1,WAIT_RELEASE,0,0,0,400000000000,-1,0
0.00546,0,-1,WAIT_RELEASE,0,0,0,400000000000,-1,0
0.00548,0,-1,WAIT_RELEASE,0,0,0,400000000000,-1,0
0.0055,0,-1,WAIT_RELEASE,0,0,0,400000000000,-1,0
0.00552,0,-1,WAIT_RELEASE,0,0,0,400000000000,-1,0
0.00554,0,-1,WAIT_RELEASE,0,0,0,400000000000,-1,0
0.00556,0,-1,WAIT_RELEASE,0,0,0,400000000000,-1,0
0.00558,0,-1,WAIT_RELEASE,0,0,0,400000000000,-1,0
0.0056,0,-1,WAIT_RELEASE,0,0,0,400000000000,-1,0
0.00562,0,-1,WAIT_RELEASE,0,0,0,400000000000,-1,0
0.00564,0,-1,WAIT_RELEASE,0,0,0,400000000000,-1,0
0.00566,0,-1,WAIT_RELEASE,0,0,0,400000000000,-1,0
0.00568,0,-1,WAIT_RELEASE,0,0,0,400000000000,-1,0
0.0057,0,-1,WAIT_RELEASE,0,0,0,400000000000,-1,0
0.00572,0,-1,WAIT_RELEASE,0,0,0,400000000000,-1,0
0.00574,0,-1,WAIT_RELEASE,0,0,0,400000000000,-1,0
0.00576,0,-1,WAIT_RELEASE,0,0,0,400000000000,-1,0
0.00578,0,-1,WAIT_RELEASE,0,0,0,400000000000,-1,0
0.0058,0,-1,WAIT_RELEASE,0,0,0,400000000000,-1,0
0.00582,0,-1,WAIT_RELEASE,0,0,0,400000000000,-1,0
0.00584,0,-1,WAIT_RELEASE,0,0,0,400000000000,-1,0
0.00586,0,-1,WAIT_RELEASE,0,0,0,400000000000,-1,0
0.00588,0,-1,WAIT_RELEASE,0,0,0,400000000000,-1,0
0.0059,0,-1,WAIT_RELEASE,0,0,0,400000000000,-1,0
0.00592,0,-1,WAIT_RELEASE,0,0,0,400000000000,-1,0
0.00594,0,-1,WAIT_RELEASE,0,0,0,400000000000,-1,0
0.00596,0,-1,WAIT_RELEASE,0,0,0,400000000000,-1,0
0.00598,0,-1,WAIT_RELEASE,0,0,0,400000000000,-1,0
0.006,0,-1,WAIT_RELEASE,0,0,0,400000000000,-1,0
0.00602,0,-1,WAIT_RELEASE,0,0,0,400000000000,-1,0
0.00604,0,-1,WAIT_RELEASE,0,0,0,400000000000,-1,0
0.00606,0,-1,WAIT_RELEASE,0,0,0,400000000000,-1,0
0.00608,0,-1,WAIT_RELEASE,0,0,0,400000000000,-1,0
0.0061,0,-1,WAIT_RELEASE,0,0,0,400000000000,-1,0
0.00612,0,-1,WAIT_RELEASE,0,0,0,400000000000,-1,0
0.00614,0,-1,WAIT_RELEASE,0,0,0,400000000000,-1,0
0.00616,0,-1,WAIT_RELEASE,0,0,0,400000000000,-1,0
0.00618,0,-1,WAIT_RELEASE,0,0,0,400000000000,-1,0
0.0062,0,-1,WAIT_RELEASE,0,0,0,400000000000,-1,0
0.00622,0,-1,WAIT_RELEASE,0,0,0,400000000000,-1,0
0.00624,0,-1,WAIT_RELEASE,0,0,0,400000000000,-1,0
0.00626,0,-1,WAIT_RELEASE,0,0,0,400000000000,-1,0
0.00628,0,-1,WAIT_RELEASE,0,0,0,400000000000,-1,0
0.0063,0,-1,WAIT_RELEASE,0,0,0,400000000000,-1,0
0.00632,0,-1,WAIT_RELEASE,0,0,0,400000000000,-1,0
0.00634,0,-1,WAIT_RELEASE,0,0,0,400000000000,-1,0
0.00636,0,-1,WAIT_RELEASE,0,0,0,400000000000,-1,0
0.00638,0,-1,WAIT_RELEASE,0,0,0,400000000000,-1,0
0.0064,0,-1,WAIT_RELEASE,0,0,0,400000000000,-1,0
0.00642,0,-1,WAIT_RELEASE,0,0,0,400000000000,-1,0
0.00644,0,-1,WAIT_RELEASE,0,0,0,400000000000,-1,0
0.00646,0,-1,WAIT_RELEASE,0,0,0,400000000000,-1,0
0.00648,0,-1,WAIT_RELEASE,0,0,0,400000000000,-1,0
0.0065,0,-1,WAIT_RELEASE,0,0,0,400000000000,-1,0
0.00652,0,-1,WAIT_RELEASE,0,0,0,400000000000,-1,0
0.00654,0,-1,WAIT_RELEASE,0,0,0,400000000000,-1,0
0.00656,0,-1,WAIT_RELEASE,0,0,0,400000000000,-1,0
0.00658,0,-1,WAIT_RELEASE,0,0,0,400000000000,-1,0
0.0066,0,-1,WAIT_RELEASE,0,0,0,400000000000,-1,0
0.00662,0,-1,WAIT_RELEASE,0,0,0,400000000000,-1,0
0.00664,0,-1,WAIT_RELEASE,0,0,0,400000000000,-1,0
0.00666,0,-1,WAIT_RELEASE,0,0,0,400000000000,-1,0
0.00668,0,-1,WAIT_RELEASE,0,0,0,400000000000,-1,0
0.0067,0,-1,WAIT_RELEASE,0,0,0,400000000000,-1,0
0.00672,0,-1,WAIT_RELEASE,0,0,0,400000000000,-1,0
0.00674,0,-1,WAIT_RELEASE,0,0,0,400000000000,-1,0
0.00676,0,-1,WAIT_RELEASE,0,0,0,400000000000,-1,0
0.00678,0,-1,WAIT_RELEASE,0,0,0,400000000000,-1,0
0.0068,0,-1,WAIT_RELEASE,0,0,0,400000000000,-1,0
0.00682,0,-1,WAIT_RELEASE,0,0,0,400000000000,-1,0
0.00684,0,-1,WAIT_RELEASE,0,0,0,400000000000,-1,0
0.00686,0,-1,WAIT_RELEASE,0,0,0,400000000000,-1,0
0.00688,0,-1,WAIT_RELEASE,0,0,0,400000000000,-1,0
0.0069,0,-1,WAIT_RELEASE,0,0,0,400000000000,-1,0
0.00692,0,-1,WAIT_RELEASE,0,0,0,400000000000,-1,0
0.00694,0,-1,WAIT_RELEASE,0,0,0,400000000000,-1,0
0.00696,0,-1,WAIT_RELEASE,0,0,0,400000000000,-1,0
0.00698,0,-1,WAIT_RELEASE,0,0,0,400000000000,-1,0
0.007,0,-1,WAIT_RELEASE,0,0,0,400000000000,-1,0
0.00702,0,-1,WAIT_RELEASE,0,0,0,400000000000,-1,0
0.00704,0,-1,WAIT_RELEASE,0,0,0,400000000000,-1,0
0.00706,0,-1,WAIT_RELEASE,0,0,0,400000000000,-1,0
0.00708,0,-1,WAIT_RELEASE,0,0,0,400000000000,-1,0
0.0071,0,-1,WAIT_RELEASE,0,0,0,400000000000,-1,0
0.00712,0,-1,WAIT_RELEASE,0,0,0,400000000000,-1,0
0.00714,0,-1,WAIT_RELEASE,0,0,0,400000000000,-1,0
0.00716,0,-1,WAIT_RELEASE,0,0,0,400000000000,-1,0
0.00718,0,-1,WAIT_RELEASE,0,0,0,400000000000,-1,0
0.0072,0,-1,WAIT_RELEASE,0,0,0,400000000000,-1,0
0.00722,0,-1,WAIT_RELEASE,0,0,0,400000000000,-1,0
0.00724,0,-1,WAIT_RELEASE,0,0,0,400000000000,-1,0
0.00726,0,-1,WAIT_RELEASE,0,0,0,400000000000,-1,0
0.00728,0,-1,WAIT_RELEASE,0,0,0,400000000000,-1,0
0.0073,0,-1,WAIT_RELEASE,0,0,0,400000000000,-1,0
0.00732,0,-1,WAIT_RELEASE,0,0,0,400000000000,-1,0
0.00734,0,-1,WAIT_RELEASE,0,0,0,400000000000,-1,0
0.00736,0,-1,WAIT_RELEASE,0,0,0,400000000000,-1,0
0.00738,0,-1,WAIT_RELEASE,0,0,0,400000000000,-1,0
0.0074,0,-1,WAIT_RELEASE,0,0,0,400000000000,-1,0
0.00742,0,-1,WAIT_RELEASE,0,0,0,400000000000,-1,0
0.00744,0,-1,WAIT_RELEASE,0,0,0,400000000000,-1,0
0.00746,0,-1,WAIT_RELEASE,0,0,0,400000000000,-1,0
0.00748,0,-1,WAIT_RELEASE,0,0,0,400000000000,-1,0
0.0075,0,-1,WAIT_RELEASE,0,0,0,400000000000,-1,0
0.00752,0,-1,WAIT_RELEASE,0,0,0,400000000000,-1,0
0.00754,0,-1,WAIT_RELEASE,0,0,0,400000000000,-1,0
0.00756,0,-1,WAIT_RELEASE,0,0,0,400000000000,-1,0
0.00758,0,-1,WAIT_RELEASE,0,0,0,400000000000,-1,0
0.0076,0,-1,WAIT_RELEASE,0,0,0,400000000000,-1,0
0.00762,0,-1,WAIT_RELEASE,0,0,0,400000000000,-1,0
0.00764,0,-1,WAIT_RELEASE,0,0,0,400000000000,-1,0
0.00766,0,-1,WAIT_RELEASE,0,0,0,400000000000,-1,0
0.00768,0,-1,WAIT_RELEASE,0,0,0,400000000000,-1,0
0.0077,0,-1,WAIT_RELEASE,0,0,0,400000000000,-1,0
0.00772,0,-1,WAIT_RELEASE,0,0,0,400000000000,-1,0
0.00774,0,-1,WAIT_RELEASE,0,0,0,400000000000,-1,0
0.00776,0,-1,WAIT_RELEASE,0,0,0,400000000000,-1,0
0.00778,0,-1,WAIT_RELEASE,0,0,0,400000000000,-1,0
0.0078,0,-1,WAIT_RELEASE,0,0,0,400000000000,-1,0
0.00782,0,-1,WAIT_RELEASE,0,0,0,400000000000,-1,0
0.00784,0,-1,WAIT_RELEASE,0,0,0,400000000000,-1,0
0.00786,0,-1,WAIT_RELEASE,0,0,0,400000000000,-1,0
0.00788,0,-1,WAIT_RELEASE,0,0,0,400000000000,-1,0
0.0079,0,-1,WAIT_RELEASE,0,0,0,400000000000,-1,0
0.00792,0,-1,WAIT_RELEASE,0,0,0,400000000000,-1,0
0.00794,0,-1,WAIT_RELEASE,0,0,0,400000000000,-1,0
0.00796,0,-1,WAIT_RELEASE,0,0,0,400000000000,-1,0
0.00798,0,-1,WAIT_RELEASE,0,0,0,400000000000,-1,0
0.008,0,-1,WAIT_RELEASE,0,0,0,400000000000,-1,0
0.00802,0,-1,WAIT_RELEASE,0,0,0,400000000000,-1,0
0.00804,0,-1,WAIT_RELEASE,0,0,0,400000000000,-1,0
0.00806,0,-1,WAIT_RELEASE,0,0,0,400000000000,-1,0
0.00808,0,-1,WAIT_RELEASE,0,0,0,400000000000,-1,0
0.0081,0,-1,WAIT_RELEASE,0,0,0,400000000000,-1,0
0.00812,0,-1,WAIT_RELEASE,0,0,0,400000000000,-1,0
0.00814,0,-1,WAIT_RELEASE,0,0,0,400000000000,-1,0
0.00816,0,-1,WAIT_RELEASE,0,0,0,400000000000,-1,0
0.00818,0,-1,WAIT_RELEASE,0,0,0,400000000000,-1,0
0.0082,0,-1,WAIT_RELEASE,0,0,0,400000000000,-1,0
0.00822,0,-1,WAIT_RELEASE,0,0,0,400000000000,-1,0
0.00824,0,-1,WAIT_RELEASE,0,0,0,400000000000,-1,0
0.00826,0,-1,WAIT_RELEASE,0,0,0,400000000000,-1,0
0.00828,0,-1,WAIT_RELEASE,0,0,0,400000000000,-1,0
0.0083,0,-1,WAIT_RELEASE,0,0,0,400000000000,-1,0
0.00832,0,-1,WAIT_RELEASE,0,0,0,400000000000,-1,0
0.00834,0,-1,WAIT_RELEASE,0,0,0,400000000000,-1,0
0.00836,0,-1,WAIT_RELEASE,0,0,0,400000000000,-1,0
0.00838,0,-1,WAIT_RELEASE,0,0,0,400000000000,-1,0
0.0084,0,-1,WAIT_RELEASE,0,0,0,400000000000,-1,0
0.00842,0,-1,WAIT_RELEASE,0,0,0,400000000000,-1,0
0.00844,0,-1,WAIT_RELEASE,0,0,0,400000000000,-1,0
0.00846,0,-1,WAIT_RELEASE,0,0,0,400000000000,-1,0
0.00848,0,-1,WAIT_RELEASE,0,0,0,400000000000,-1,0
0.0085,0,-1,WAIT_RELEASE,0,0,0,400000000000,-1,0
0.00852,0,-1,WAIT_RELEASE,0,0,0,400000000000,-1,0
0.00854,0,-1,WAIT_RELEASE,0,0,0,400000000000,-1,0
0.00856,0,-1,WAIT_RELEASE,0,0,0,400000000000,-1,0
0.00858,0,-1,WAIT_RELEASE,0,0,0,400000000000,-1,0
0.0086,0,-1,WAIT_RELEASE,0,0,0,400000000000,-1,0
0.00862,0,-1,WAIT_RELEASE,0,0,0,400000000000,-1,0
0.00864,0,-1,WAIT_RELEASE,0,0,0,400000000000,-1,0
0.00866,0,-1,WAIT_RELEASE,0,0,0,400000000000,-1,0
0.00868,0,-1,WAIT_RELEASE,0,0,0,400000000000,-1,0
0.0087,0,-1,WAIT_RELEASE,0,0,0,400000000000,-1,0
0.00872,0,-1,WAIT_RELEASE,0,0,0,400000000000,-1,0
0.00874,0,-1,WAIT_RELEASE,0,0,0,400000000000,-1,0
0.00876,0,-1,WAIT_RELEASE,0,0,0,400000000000,-1,0
0.00878,0,-1,WAIT_RELEASE,0,0,0,400000000000,-1,0
0.0088,0,-1,WAIT_RELEASE,0,0,0,400000000000,-1,0
0.00882,0,-1,WAIT_RELEASE,0,0,0,400000000000,-1,0
0.00884,0,-1,WAIT_RELEASE,0,0,0,400000000000,-1,0
0.00886,0,-1,WAIT_RELEASE,0,0,0,400000000000,-1,0
0.00888,0,-1,WAIT_RELEASE,0,0,0,400000000000,-1,0
0.0089,0,-1,WAIT_RELEASE,0,0,0,400000000000,-1,0
0.00892,0,-1,WAIT_RELEASE,0,0,0,400000000000,-1,0
0.00894,0,-1,WAIT_RELEASE,0,0,0,400000000000,-1,0
0.00896,0,-1,WAIT_RELEASE,0,0,0,400000000000,-1,0
0.00898,0,-1,WAIT_RELEASE,0,0,0,400000000000,-1,0
0.009,0,-1,WAIT_RELEASE,0,0,0,400000000000,-1,0
0.00902,0,-1,WAIT_RELEASE,0,0,0,400000000000,-1,0
0.00904,0,-1,WAIT_RELEASE,0,0,0,400000000000,-1,0
0.00906,0,-1,WAIT_RELEASE,0,0,0,400000000000,-1,0
0.00908,0,-1,WAIT_RELEASE,0,0,0,400000000000,-1,0
0.0091,0,-1,WAIT_RELEASE,0,0,0,400000000000,-1,0
0.00912,0,-1,WAIT_RELEASE,0,0,0,400000000000,-1,0
0.00914,0,-1,WAIT_RELEASE,0,0,0,400000000000,-1,0
0.00916,0,-1,WAIT_RELEASE,0,0,0,400000000000,-1,0
0.00918,0,-1,WAIT_RELEASE,0,0,0,400000000000,-1,0
0.0092,0,-1,WAIT_RELEASE,0,0,0,400000000000,-1,0
0.00922,0,-1,WAIT_RELEASE,0,0,0,400000000000,-1,0
0.00924,0,-1,WAIT_RELEASE,0,0,0,400000000000,-1,0
0.00926,0,-1,WAIT_RELEASE,0,0,0,400000000000,-1,0
0.00928,0,-1,WAIT_RELEASE,0,0,0,400000000000,-1,0
0.0093,0,-1,WAIT_RELEASE,0,0,0,400000000000,-1,0
0.00932,0,-1,WAIT_RELEASE,0,0,0,400000000000,-1,0
0.00934,0,-1,WAIT_RELEASE,0,0,0,400000000000,-1,0
0.00936,0,-1,WAIT_RELEASE,0,0,0,400000000000,-1,0
0.00938,0,-1,WAIT_RELEASE,0,0,0,400000000000,-1,0
0.0094,0,-1,WAIT_RELEASE,0,0,0,400000000000,-1,0
0.00942,0,-1,WAIT_RELEASE,0,0,0,400000000000,-1,0
0.00944,0,-1,WAIT_RELEASE,0,0,0,400000000000,-1,0
0.00946,0,-1,WAIT_RELEASE,0,0,0,400000000000,-1,0
0.00948,0,-1,WAIT_RELEASE,0,0,0,400000000000,-1,0
0.0095,0,-1,WAIT_RELEASE,0,0,0,400000000000,-1,0
0.00952,0,-1,WAIT_RELEASE,0,0,0,400000000000,-1,0
0.00954,0,-1,WAIT_RELEASE,0,0,0,400000000000,-1,0
0.00956,0,-1,WAIT_RELEASE,0,0,0,400000000000,-1,0
0.00958,0,-1,WAIT_RELEASE,0,0,0,400000000000,-1,0
0.0096,0,-1,WAIT_RELEASE,0,0,0,400000000000,-1,0
0.00962,0,-1,WAIT_RELEASE,0,0,0,400000000000,-1,0
0.00964,0,-1,WAIT_RELEASE,0,0,0,400000000000,-1,0
0.00966,0,-1,WAIT_RELEASE,0,0,0,400000000000,-1,0
0.00968,0,-1,WAIT_RELEASE,0,0,0,400000000000,-1,0
0.0097,0,-1,WAIT_RELEASE,0,0,0,400000000000,-1,0
0.00972,0,-1,WAIT_RELEASE,0,0,0,400000000000,-1,0
0.00974,0,-1,WAIT_RELEASE,0,0,0,400000000000,-1,0
0.00976,0,-1,WAIT_RELEASE,0,0,0,400000000000,-1,0
0.00978,0,-1,WAIT_RELEASE,0,0,0,400000000000,-1,0
0.0098,0,-1,WAIT_RELEASE,0,0,0,400000000000,-1,0
0.00982,0,-1,WAIT_RELEASE,0,0,0,400000000000,-1,0
0.00984,0,-1,WAIT_RELEASE,0,0,0,400000000000,-1,0
0.00986,0,-1,WAIT_RELEASE,0,0,0,400000000000,-1,0
0.00988,0,-1,WAIT_RELEASE,0,0,0,400000000000,-1,0
0.0099,0,-1,WAIT_RELEASE,0,0,0,400000000000,-1,0
0.00992,0,-1,WAIT_RELEASE,0,0,0,400000000000,-1,0
0.00994,0,-1,WAIT_RELEASE,0,0,0,400000000000,-1,0
0.00996,0,-1,WAIT_RELEASE,0,0,0,400000000000,-1,0
0.00998,0,-1,WAIT_RELEASE,0,0,0,400000000000,-1,0
0.01,0,-1,WAIT_RELEASE,0,0,0,320000000000,-1,0
0.01002,0,0,INJECTING,571200,417928,5027229095,320000000000,-1,0
0.01004,0,0,INJECTING,1332800,1179528,5027229095,320000000000,-1,0
0.01006,0,0,INJECTING,2094400,1941128,5027229095,320000000000,-1,0
0.01008,0,0,INJECTING,2856000,2702728,5027229095,320000000000,-1,0
0.0101,0,0,INJECTING,3617600,3464328,5027229095,320000000000,-1,0
0.01012,0,0,INJECTING,4379200,4225928,5027229095,320000000000,-1,0
0.01014,0,0,INJECTING,5140800,4987528,5027229095,320000000000,-1,0
0.01016,0,0,INJECTING,5902400,5749128,5027229095,320000000000,-1,0
0.01018,0,0,INJECTING,6664000,6510728,5027229095,320000000000,-1,0
0.0102,0,0,INJECTING,7425600,7272328,5027229095,320000000000,-1,0
0.01022,0,0,INJECTING,8187200,8033928,5027229095,320000000000,-1,0
0.01024,0,0,INJECTING,8948800,8795528,5027229095,320000000000,-1,0
0.01026,0,0,INJECTING,9710400,9557128,5027229095,320000000000,-1,0
0.01028,0,0,INJECTING,10472000,10318728,5027229095,320000000000,-1,0
0.0103,0,0,INJECTING,11233600,11080328,5027229095,320000000000,-1,0
0.01032,0,0,INJECTING,11995200,11841928,5027229095,320000000000,-1,0
0.01034,0,0,INJECTING,12756800,12603528,5027229095,320000000000,-1,0
0.01036,0,0,INJECTING,13518400,13365128,5027229095,320000000000,-1,0
0.01038,0,0,INJECTING,14280000,14126728,5027229095,320000000000,-1,0
0.0104,0,0,INJECTING,15041600,14888328,5027229095,320000000000,-1,0
0.01042,0,0,INJECTING,15803200,15649928,5027229095,320000000000,-1,0
0.01044,0,0,INJECTING,16564800,16411528,5027229095,320000000000,-1,0
0.01046,0,0,INJECTING,17326400,17173128,5027229095,320000000000,-1,0
0.01048,0,0,INJECTING,18088000,17934728,5027229095,320000000000,-1,0
0.0105,0,0,INJECTING,18849600,18696328,5027229095,320000000000,-1,0
0.01052,0,0,INJECTING,19611200,19457928,5027229095,320000000000,-1,0
0.01054,0,0,INJECTING,20372800,20219528,5027229095,320000000000,-1,0
0.01056,0,0,INJECTING,21134400,20981128,5027229095,320000000000,-1,0
0.01058,0,0,INJECTING,21896000,21742728,5027229095,320000000000,-1,0
0.0106,0,0,INJECTING,22657600,22504328,5027229095,320000000000,-1,0
0.01062,0,0,INJECTING,23419200,23265928,5027229095,320000000000,-1,0
0.01064,0,0,INJECTING,24180800,24027528,5027229095,320000000000,-1,0
0.01066,0,0,INJECTING,24942400,24789128,5027229095,320000000000,-1,0
0.01068,0,0,INJECTING,25704000,25550728,5027229095,320000000000,-1,0
0.0107,0,0,INJECTING,26465600,26312328,5027229095,320000000000,-1,0
0.01072,0,0,INJECTING,27227200,27073928,5027229095,320000000000,-1,0
0.01074,0,0,INJECTING,27988800,27835528,5027229095,320000000000,-1,0
0.01076,0,0,INJECTING,28750400,28597128,5027229095,320000000000,-1,0
0.01078,0,0,INJECTING,29512000,29358728,5027229095,320000000000,-1,0
0.0108,0,0,INJECTING,30273600,30120328,5027229095,320000000000,-1,0
0.01082,0,0,INJECTING,31035200,30881928,5027229095,320000000000,-1,0
0.01084,0,0,INJECTING,31796800,31643528,5027229095,320000000000,-1,0
0.01086,0,0,INJECTING,32558400,32405128,5027229095,320000000000,-1,0
0.01088,0,0,INJECTING,33320000,33166728,5027229095,320000000000,-1,0
0.0109,0,0,INJECTING,34081600,33928328,5027229095,320000000000,-1,0
0.01092,0,0,INJECTING,34843200,34689928,5027229095,320000000000,-1,0
0.01094,0,0,INJECTING,35604800,35451528,5027229095,320000000000,-1,0
0.01096,0,0,INJECTING,36366400,36213128,5027229095,320000000000,-1,0
0.01098,0,0,INJECTING,37128000,36974728,5027229095,320000000000,-1,0
0.011,0,0,INJECTING,37889600,37736328,5027229095,320000000000,-1,0
0.01102,0,0,INJECTING,38651200,38497928,5027229095,320000000000,-1,0
0.01104,0,0,INJECTING,39412800,39259528,5027229095,320000000000,-1,0
0.01106,0,0,INJECTING,40174400,40021128,5027229095,320000000000,-1,0
0.01108,0,0,INJECTING,40936000,40782728,5027229095,320000000000,-1,0
0.0111,0,0,INJECTING,41697600,41544328,5027229095,320000000000,-1,0
0.01112,0,0,INJECTING,42459200,42305928,5027229095,320000000000,-1,0
0.01114,0,0,INJECTING,43220800,43067528,5027229095,320000000000,-1,0
0.01116,0,0,INJECTING,43982400,43829128,5027229095,320000000000,-1,0
0.01118,0,0,INJECTING,44744000,44590728,5027229095,320000000000,-1,0
0.0112,0,0,INJECTING,45505600,45352328,5027229095,320000000000,-1,0
0.01122,0,0,INJECTING,46267200,46113928,5027229095,320000000000,-1,0
0.01124,0,0,INJECTING,47028800,46875528,5027229095,320000000000,-1,0
0.01126,0,0,INJECTING,47790400,47637128,5027229095,320000000000,-1,0
0.01128,0,0,INJECTING,48552000,48398728,5027229095,320000000000,-1,0
0.0113,0,0,INJECTING,49313600,49160328,5027229095,320000000000,-1,0
0.01132,0,0,INJECTING,50075200,49921928,5027229095,320000000000,-1,0
0.01134,0,0,INJECTING,50836800,50683528,5027229095,320000000000,-1,0
0.01136,0,0,INJECTING,51598400,51445128,5027229095,320000000000,-1,0
0.01138,0,0,INJECTING,52360000,52206728,5027229095,320000000000,-1,0
0.0114,0,0,INJECTING,53121600,52968328,5027229095,320000000000,-1,0
0.01142,0,0,INJECTING,53883200,53729928,5027229095,320000000000,-1,0
0.01144,0,0,INJECTING,54644800,54491528,5027229095,320000000000,-1,0
0.01146,0,0,INJECTING,55406400,55253128,5027229095,320000000000,-1,0
0.01148,0,0,INJECTING,56168000,56014728,5027229095,320000000000,-1,0
0.0115,0,0,INJECTING,56929600,56776328,5027229095,320000000000,-1,0
0.01152,0,0,INJECTING,57691200,57537928,5027229095,320000000000,-1,0
0.01154,0,0,INJECTING,58452800,58299528,5027229095,320000000000,-1,0
0.01156,0,0,INJECTING,59214400,59061128,5027229095,320000000000,-1,0
0.01158,0,0,INJECTING,59976000,59822728,5027229095,320000000000,-1,0
0.0116,0,0,INJECTING,60737600,60584328,5027229095,320000000000,-1,0
0.01162,0,0,INJECTING,61499200,61345928,5027229095,320000000000,-1,0
0.01164,0,0,INJECTING,62260800,62107528,5027229095,320000000000,-1,0
0.01166,0,0,INJECTING,63022400,62869128,5027229095,320000000000,-1,0
0.01168,0,0,INJECTING,63784000,63630728,5027229095,320000000000,-1,0
0.0117,0,0,INJECTING,64545600,64392328,5027229095,320000000000,-1,0
0.01172,0,0,INJECTING,65307200,65153928,5027229095,320000000000,-1,0
0.01174,0,0,INJECTING,66068800,65915528,5027229095,320000000000,-1,0
0.01176,0,0,INJECTING,66830400,66677128,5027229095,320000000000,-1,0
0.01178,0,0,INJECTING,67592000,67438728,5027229095,320000000000,-1,0
0.0118,0,0,INJECTING,68353600,68200328,5027229095,320000000000,-1,0
0.01182,0,0,INJECTING,69115200,68961928,5027229095,320000000000,-1,0
0.01184,0,0,INJECTING,69876800,69723528,5027229095,320000000000,-1,0
0.01186,0,0,INJECTING,70638400,70485128,5027229095,320000000000,-1,0
0.01188,0,0,INJECTING,71400000,71246728,5027229095,320000000000,-1,0
0.0119,0,0,INJECTING,72161600,72008328,5027229095,320000000000,-1,0
0.01192,0,0,INJECTING,72923200,72769928,5027229095,320000000000,-1,0
0.01194,0,0,INJECTING,73684800,73531528,5027229095,320000000000,-1,0
0.01196,0,0,INJECTING,74446400,74293128,5027229095,320000000000,-1,0
0.01198,0,0,INJECTING,75208000,75054728,5027229095,320000000000,-1,0
0.012,0,0,INJECTING,75969600,75816328,5027229095,320000000000,-1,0
0.01202,0,0,INJECTING,76731200,76577928,5027229095,320000000000,-1,0
0.01204,0,0,INJECTING,77492800,77339528,5027229095,320000000000,-1,0
0.01206,0,0,INJECTING,78254400,78101128,5027229095,320000000000,-1,0
0.01208,0,0,INJECTING,79016000,78862728,5027229095,320000000000,-1,0
0.0121,0,0,INJECTING,79777600,79624328,5027229095,320000000000,-1,0
0.01212,0,0,INJECTING,80539200,80385928,5027229095,320000000000,-1,0
0.01214,0,0,INJECTING,81300800,81147528,5027229095,320000000000,-1,0
0.01216,0,0,INJECTING,82062400,81909128,5027229095,320000000000,-1,0
0.01218,0,0,INJECTING,82824000,82670728,5027229095,320000000000,-1,0
0.0122,0,0,INJECTING,83585600,83432328,5027229095,320000000000,-1,0
0.01222,0,0,INJECTING,84347200,84193928,5027229095,320000000000,-1,0
0.01224,0,0,INJECTING,85108800,84955528,5027229095,320000000000,-1,0
0.01226,0,0,INJECTING,85870400,85717128,5027229095,320000000000,-1,0
0.01228,0,0,INJECTING,86632000,86478728,5027229095,320000000000,-1,0
0.0123,0,0,INJECTING,87393600,87240328,5027229095,320000000000,-1,0
0.01232,0,0,INJECTING,88155200,88001928,5027229095,320000000000,-1,0
0.01234,0,0,INJECTING,88916800,88763528,5027229095,320000000000,-1,0
0.01236,0,0,INJECTING,89678400,89525128,5027229095,320000000000,-1,0
0.01238,0,0,INJECTING,90440000,90286728,5027229095,320000000000,-1,0
0.0124,0,0,INJECTING,91201600,91048328,5027229095,320000000000,-1,0
0.01242,0,0,INJECTING,91963200,91809928,5027229095,320000000000,-1,0
0.01244,0,0,INJECTING,92724800,92571528,5027229095,320000000000,-1,0
0.01246,0,0,INJECTING,93486400,93333128,5027229095,320000000000,-1,0
0.01248,0,0,INJECTING,94248000,94094728,5027229095,320000000000,-1,0
0.0125,0,0,INJECTING,95009600,94856328,5027229095,320000000000,-1,0
0.01252,0,0,INJECTING,95771200,95617928,5027229095,320000000000,-1,0
0.01254,0,0,INJECTING,96532800,96379528,5027229095,320000000000,-1,0
0.01256,0,0,INJECTING,97294400,97141128,5027229095,320000000000,-1,0
0.01258,0,0,INJECTING,98056000,97902728,5027229095,320000000000,-1,0
0.0126,0,0,INJECTING,98817600,98664328,5027229095,320000000000,-1,0
0.01262,0,0,INJECTING,99579200,99425928,5027229095,320000000000,-1,0
0.01264,0,0,INJECTING,100340800,100187528,5027229095,320000000000,-1,0
0.01266,0,0,INJECTING,101102400,100949128,5027229095,320000000000,-1,0
0.01268,0,0,INJECTING,101864000,101710728,5027229095,320000000000,-1,0
0.0127,0,0,INJECTING,102625600,102472328,5027229095,320000000000,-1,0
0.01272,0,0,INJECTING,103387200,103233928,5027229095,320000000000,-1,0
0.01274,0,0,INJECTING,104148800,103995528,5027229095,320000000000,-1,0
0.01276,0,0,INJECTING,104910400,104757128,5027229095,320000000000,-1,0
0.01278,0,0,INJECTING,105672000,105518728,5027229095,320000000000,-1,0
0.0128,0,0,INJECTING,106433600,106280328,5027229095,320000000000,-1,0
0.01282,0,0,INJECTING,107195200,107041928,5027229095,320000000000,-1,0
0.01284,0,0,INJECTING,107956800,107803528,5027229095,320000000000,-1,0
0.01286,0,0,INJECTING,108718400,108565128,5027229095,320000000000,-1,0
0.01288,0,0,INJECTING,109480000,109326728,5027229095,320000000000,-1,0
0.0129,0,0,INJECTING,110241600,110088328,5027229095,320000000000,-1,0
0.01292,0,0,INJECTING,111003200,110849928,5027229095,320000000000,-1,0
0.01294,0,0,INJECTING,111764800,111611528,5027229095,320000000000,-1,0
0.01296,0,0,INJECTING,112526400,112373128,5027229095,320000000000,-1,0
0.01298,0,0,INJECTING,113288000,113134728,5027229095,320000000000,-1,0
0.013,0,0,INJECTING,114049600,113896328,5027229095,320000000000,-1,0
0.01302,0,0,INJECTING,114811200,114657928,5027229095,320000000000,-1,0
0.01304,0,0,INJECTING,115572800,115419528,5027229095,320000000000,-1,0
0.01306,0,0,INJECTING,116334400,116181128,5027229095,320000000000,-1,0
0.01308,0,0,INJECTING,117096000,116942728,5027229095,320000000000,-1,0
0.0131,0,0,INJECTING,117857600,117704328,5027229095,320000000000,-1,0
0.01312,0,0,INJECTING,118619200,118465928,5027229095,320000000000,-1,0
0.01314,0,0,INJECTING,119380800,119227528,5027229095,320000000000,-1,0
0.01316,0,0,INJECTING,120142400,119989128,5027229095,320000000000,-1,0
0.01318,0,0,INJECTING,120904000,120750728,5027229095,320000000000,-1,0
0.0132,0,0,INJECTING,121665600,121512328,5027229095,320000000000,-1,0
0.01322,0,0,INJECTING,122427200,122273928,5027229095,320000000000,-1,0
0.01324,0,0,INJECTING,123188800,123035528,5027229095,320000000000,-1,0
0.01326,0,0,INJECTING,123950400,123797128,5027229095,320000000000,-1,0
0.01328,0,0,INJECTING,124712000,124558728,5027229095,320000000000,-1,0
0.0133,0,0,INJECTING,125473600,125320328,5027229095,320000000000,-1,0
0.01332,0,0,INJECTING,126235200,126081928,5027229095,320000000000,-1,0
0.01334,0,0,INJECTING,126996800,126843528,5027229095,320000000000,-1,0
0.01336,0,0,INJECTING,127758400,127605128,5027229095,320000000000,-1,0
0.01338,0,0,INJECTING,128520000,128366728,5027229095,320000000000,-1,0
0.0134,0,0,INJECTING,129281600,129128328,5027229095,320000000000,-1,0
0.01342,0,0,INJECTING,130043200,129889928,5027229095,320000000000,-1,0
0.01344,0,0,INJECTING,130804800,130651528,5027229095,320000000000,-1,0
0.01346,0,0,INJECTING,131566400,131413128,5027229095,320000000000,-1,0
0.01348,0,0,INJECTING,132328000,132174728,5027229095,320000000000,-1,0
0.0135,0,0,INJECTING,133089600,132936328,5027229095,320000000000,-1,0
0.01352,0,0,INJECTING,133851200,133697928,5027229095,320000000000,-1,0
0.01354,0,0,INJECTING,134612800,134459528,5027229095,320000000000,-1,0
0.01356,0,0,INJECTING,135374400,135221128,5027229095,320000000000,-1,0
0.01358,0,0,INJECTING,136136000,135982728,5027229095,320000000000,-1,0
0.0136,0,0,INJECTING,136897600,136744328,5027229095,320000000000,-1,0
0.01362,0,0,INJECTING,137659200,137505928,5027229095,320000000000,-1,0
0.01364,0,0,INJECTING,138420800,138267528,5027229095,320000000000,-1,0
0.01366,0,0,INJECTING,139182400,139029128,5027229095,320000000000,-1,0
0.01368,0,0,INJECTING,139944000,139790728,5027229095,320000000000,-1,0
0.0137,0,0,INJECTING,140705600,140552328,5027229095,320000000000,-1,0
0.01372,0,0,INJECTING,141467200,141313928,5027229095,320000000000,-1,0
0.01374,0,0,INJECTING,142228800,142075528,5027229095,320000000000,-1,0
0.01376,0,0,INJECTING,142990400,142837128,5027229095,320000000000,-1,0
0.01378,0,0,INJECTING,143752000,143598728,5027229095,320000000000,-1,0
0.0138,0,0,INJECTING,144513600,144360328,5027229095,320000000000,-1,0
0.01382,0,0,INJECTING,145275200,145121928,5027229095,320000000000,-1,0
0.01384,0,0,INJECTING,146036800,145883528,5027229095,320000000000,-1,0
0.01386,0,0,INJECTING,146798400,146645128,5027229095,320000000000,-1,0
0.01388,0,0,INJECTING,147560000,147406728,5027229095,320000000000,-1,0
0.0139,0,0,INJECTING,148321600,148168328,5027229095,320000000000,-1,0
0.01392,0,0,INJECTING,149083200,148929928,5027229095,320000000000,-1,0
0.01394,0,0,INJECTING,149844800,149691528,5027229095,320000000000,-1,0
0.01396,0,0,INJECTING,150606400,150453128,5027229095,320000000000,-1,0
0.01398,0,0,INJECTING,151368000,151214728,5027229095,320000000000,-1,0
0.014,0,0,INJECTING,152129600,151976328,5027229095,320000000000,-1,0
0.01402,0,0,INJECTING,152891200,152737928,5027229095,320000000000,-1,0
0.01404,0,0,INJECTING,153652800,153499528,5027229095,320000000000,-1,0
0.01406,0,0,INJECTING,154414400,154261128,5027229095,320000000000,-1,0
0.01408,0,0,INJECTING,155176000,155022728,5027229095,320000000000,-1,0
0.0141,0,0,INJECTING,155937600,155784328,5027229095,320000000000,-1,0
0.01412,0,0,INJECTING,156699200,156545928,5027229095,320000000000,-1,0
0.01414,0,0,INJECTING,157460800,157307528,5027229095,320000000000,-1,0
0.01416,0,0,INJECTING,158222400,158069128,5027229095,320000000000,-1,0
0.01418,0,0,INJECTING,158984000,158830728,5027229095,320000000000,-1,0
0.0142,0,0,INJECTING,159745600,159592328,5027229095,320000000000,-1,0
0.01422,0,0,INJECTING,160507200,160353928,5027229095,320000000000,-1,0
0.01424,0,0,INJECTING,161268800,161115528,5027229095,320000000000,-1,0
0.01426,0,0,INJECTING,162030400,161877128,5027229095,320000000000,-1,0
0.01428,0,0,INJECTING,162792000,162638728,5027229095,320000000000,-1,0
0.0143,0,0,INJECTING,163553600,163400328,5027229095,320000000000,-1,0
0.01432,0,0,INJECTING,164315200,164161928,5027229095,320000000000,-1,0
0.01434,0,0,INJECTING,165076800,164923528,5027229095,320000000000,-1,0
0.01436,0,0,INJECTING,165838400,165685128,5027229095,320000000000,-1,0
0.01438,0,0,INJECTING,166600000,166446728,5027229095,320000000000,-1,0
0.0144,0,0,INJECTING,167361600,167208328,5027229095,320000000000,-1,0
0.01442,0,0,INJECTING,168123200,167969928,5027229095,320000000000,-1,0
0.01444,0,0,INJECTING,168884800,168731528,5027229095,320000000000,-1,0
0.01446,0,0,INJECTING,169646400,169493128,5027229095,320000000000,-1,0
0.01448,0,0,INJECTING,170408000,170254728,5027229095,320000000000,-1,0
0.0145,0,0,INJECTING,171169600,171016328,5027229095,320000000000,-1,0
0.01452,0,0,INJECTING,171931200,171777928,5027229095,320000000000,-1,0
0.01454,0,0,INJECTING,172692800,172539528,5027229095,320000000000,-1,0
0.01456,0,0,INJECTING,173454400,173301128,5027229095,320000000000,-1,0
0.01458,0,0,INJECTING,174216000,174062728,5027229095,320000000000,-1,0
0.0146,0,0,INJECTING,174977600,174824328,5027229095,320000000000,-1,0
0.01462,0,0,INJECTING,175739200,175585928,5027229095,320000000000,-1,0
0.01464,0,0,INJECTING,176500800,176347528,5027229095,320000000000,-1,0
0.01466,0,0,INJECTING,177262400,177109128,5027229095,320000000000,-1,0
0.01468,0,0,INJECTING,178024000,177870728,5027229095,320000000000,-1,0
0.0147,0,0,INJECTING,178785600,178632328,5027229095,320000000000,-1,0
0.01472,0,0,INJECTING,179547200,179393928,5027229095,320000000000,-1,0
0.01474,0,0,INJECTING,180308800,180155528,5027229095,320000000000,-1,0
0.01476,0,0,INJECTING,181070400,180917128,5027229095,320000000000,-1,0
0.01478,0,0,INJECTING,181832000,181678728,5027229095,320000000000,-1,0
0.0148,0,0,INJECTING,182593600,182440328,5027229095,320000000000,-1,0
0.01482,0,0,INJECTING,183355200,183201928,5027229095,320000000000,-1,0
0.01484,0,0,INJECTING,184116800,183963528,5027229095,320000000000,-1,0
0.01486,0,0,INJECTING,184878400,184725128,5027229095,320000000000,-1,0
0.01488,0,0,INJECTING,185640000,185486728,5027229095,320000000000,-1,0
0.0149,0,0,INJECTING,186401600,186248328,5027229095,320000000000,-1,0
0.01492,0,0,INJECTING,187163200,187009928,5027229095,320000000000,-1,0
0.01494,0,0,INJECTING,187924800,187771528,5027229095,320000000000,-1,0
0.01496,0,0,INJECTING,188686400,188533128,5027229095,320000000000,-1,0
0.01498,0,0,INJECTING,189448000,189294728,5027229095,320000000000,-1,0
0.015,0,0,INJECTING,190209600,190056328,5027229095,320000000000,-1,0
0.01502,0,0,INJECTING,190971200,190817928,5027229095,320000000000,-1,0
0.01504,0,0,INJECTING,191732800,191579528,5027229095,320000000000,-1,0
0.01506,0,0,INJECTING,192494400,192341128,5027229095,320000000000,-1,0
0.01508,0,0,INJECTING,193256000,193102728,5027229095,320000000000,-1,0
0.0151,0,0,INJECTING,194017600,193864328,5027229095,320000000000,-1,0
0.01512,0,0,INJECTING,194779200,194625928,5027229095,320000000000,-1,0
0.01514,0,0,INJECTING,195540800,195387528,5027229095,320000000000,-1,0
0.01516,0,0,INJECTING,196302400,196149128,5027229095,320000000000,-1,0
0.01518,0,0,INJECTING,197064000,196910728,5027229095,320000000000,-1,0
0.0152,0,0,INJECTING,197825600,197672328,5027229095,320000000000,-1,0
0.01522,0,0,INJECTING,198587200,198433928,5027229095,320000000000,-1,0
0.01524,0,0,INJECTING,199348800,199195528,5027229095,320000000000,-1,0
0.01526,0,0,INJECTING,200110400,199957128,5027229095,320000000000,-1,0
0.01528,0,0,INJECTING,200872000,200718728,5027229095,320000000000,-1,0
0.0153,0,0,INJECTING,201633600,201480328,5027229095,320000000000,-1,0
0.01532,0,0,INJECTING,202395200,202241928,5027229095,320000000000,-1,0
0.01534,0,0,INJECTING,203156800,203003528,5027229095,320000000000,-1,0
0.01536,0,0,INJECTING,203918400,203765128,5027229095,320000000000,-1,0
0.01538,0,0,INJECTING,204680000,204526728,5027229095,320000000000,-1,0
0.0154,0,0,INJECTING,205441600,205288328,5027229095,320000000000,-1,0
0.01542,0,0,INJECTING,206203200,206049928,5027229095,320000000000,-1,0
0.01544,0,0,INJECTING,206964800,206811528,5027229095,320000000000,-1,0
0.01546,0,0,INJECTING,207726400,207573128,5027229095,320000000000,-1,0
0.01548,0,0,INJECTING,208488000,208334728,5027229095,320000000000,-1,0
0.0155,0,0,INJECTING,209249600,209096328,5027229095,320000000000,-1,0
0.01552,0,0,INJECTING,210011200,209857928,5027229095,320000000000,-1,0
0.01554,0,0,INJECTING,210772800,210619528,5027229095,320000000000,-1,0
0.01556,0,0,INJECTING,211534400,211381128,5027229095,320000000000,-1,0
0.01558,0,0,INJECTING,212296000,212142728,5027229095,320000000000,-1,0
0.0156,0,0,INJECTING,213057600,212904328,5027229095,320000000000,-1,0
0.01562,0,0,INJECTING,213819200,213665928,5027229095,320000000000,-1,0
0.01564,0,0,INJECTING,214580800,214427528,5027229095,320000000000,-1,0
0.01566,0,0,INJECTING,215342400,215189128,5027229095,320000000000,-1,0
0.01568,0,0,INJECTING,216104000,215950728,5027229095,320000000000,-1,0
0.0157,0,0,INJECTING,216865600,216712328,5027229095,320000000000,-1,0
0.01572,0,0,INJECTING,217627200,217473928,5027229095,320000000000,-1,0
0.01574,0,0,INJECTING,218388800,218235528,5027229095,320000000000,-1,0
0.01576,0,0,INJECTING,219150400,218997128,5027229095,320000000000,-1,0
0.01578,0,0,INJECTING,219912000,219758728,5027229095,320000000000,-1,0
0.0158,0,0,INJECTING,220673600,220520328,5027229095,320000000000,-1,0
0.01582,0,0,INJECTING,221435200,221281928,5027229095,320000000000,-1,0
0.01584,0,0,INJECTING,222196800,222043528,5027229095,320000000000,-1,0
0.01586,0,0,INJECTING,222958400,222805128,5027229095,320000000000,-1,0
0.01588,0,0,INJECTING,223720000,223566728,5027229095,320000000000,-1,0
0.0159,0,0,INJECTING,224481600,224328328,5027229095,320000000000,-1,0
0.01592,0,0,INJECTING,225243200,225089928,5027229095,320000000000,-1,0
0.01594,0,0,INJECTING,226004800,225851528,5027229095,320000000000,-1,0
0.01596,0,0,INJECTING,226766400,226613128,5027229095,320000000000,-1,0
0.01598,0,0,INJECTING,227528000,227374728,5027229095,320000000000,-1,0
0.016,0,0,INJECTING,228289600,228136328,5027229095,320000000000,-1,0
0.01602,0,0,INJECTING,229051200,228897928,5027229095,320000000000,-1,0
0.01604,0,0,INJECTING,229812800,229659528,5027229095,320000000000,-1,0
0.01606,0,0,INJECTING,230574400,230421128,5027229095,320000000000,-1,0
0.01608,0,0,INJECTING,231336000,231182728,5027229095,320000000000,-1,0
0.0161,0,0,INJECTING,232097600,231944328,5027229095,320000000000,-1,0
0.01612,0,0,INJECTING,232859200,232705928,5027229095,320000000000,-1,0
0.01614,0,0,INJECTING,233620800,233467528,5027229095,320000000000,-1,0
0.01616,0,0,INJECTING,234382400,234229128,5027229095,320000000000,-1,0
0.01618,0,0,INJECTING,235144000,234990728,5027229095,320000000000,-1,0
0.0162,0,0,INJECTING,235905600,235752328,5027229095,320000000000,-1,0
0.01622,0,0,INJECTING,236667200,236513928,5027229095,320000000000,-1,0
0.01624,0,0,INJECTING,237428800,237275528,5027229095,320000000000,-1,0
0.01626,0,0,INJECTING,238190400,238037128,5027229095,320000000000,-1,0
0.01628,0,0,INJECTING,238952000,238798728,5027229095,320000000000,-1,0
0.0163,0,0,INJECTING,239713600,239560328,5027229095,320000000000,-1,0
0.01632,0,0,INJECTING,240475200,240321928,5027229095,320000000000,-1,0
0.01634,0,0,INJECTING,241236800,241083528,5027229095,320000000000,-1,0
0.01636,0,0,INJECTING,241998400,241845128,5027229095,320000000000,-1,0
0.01638,0,0,INJECTING,242760000,242606728,5027229095,320000000000,-1,0
0.0164,0,0,INJECTING,243521600,243368328,5027229095,320000000000,-1,0
0.01642,0,0,INJECTING,244283200,244129928,5027229095,320000000000,-1,0
0.01644,0,0,INJECTING,245044800,244891528,5027229095,320000000000,-1,0
0.01646,0,0,INJECTING,245806400,245653128,5027229095,320000000000,-1,0
0.01648,0,0,INJECTING,246568000,246414728,5027229095,320000000000,-1,0
0.0165,0,0,INJECTING,247329600,247176328,5027229095,320000000000,-1,0
0.01652,0,0,INJECTING,248091200,247937928,5027229095,320000000000,-1,0
0.01654,0,0,INJECTING,248852800,248699528,5027229095,320000000000,-1,0
0.01656,0,0,INJECTING,249614400,249461128,5027229095,320000000000,-1,0
0.01658,0,0,INJECTING,250376000,250222728,5027229095,320000000000,-1,0
0.0166,0,0,INJECTING,251137600,250984328,5027229095,320000000000,-1,0
0.01662,0,0,INJECTING,251899200,251745928,5027229095,320000000000,-1,0
0.01664,0,0,INJECTING,252660800,252507528,5027229095,320000000000,-1,0
0.01666,0,0,INJECTING,253422400,253269128,5027229095,320000000000,-1,0
0.01668,0,0,INJECTING,254184000,254030728,5027229095,320000000000,-1,0
0.0167,0,0,INJECTING,254945600,254792328,5027229095,320000000000,-1,0
0.01672,0,0,INJECTING,255707200,255553928,5027229095,320000000000,-1,0
0.01674,0,0,INJECTING,256468800,256315528,5027229095,320000000000,-1,0
0.01676,0,0,INJECTING,257230400,257077128,5027229095,320000000000,-1,0
0.01678,0,0,INJECTING,257992000,257838728,5027229095,320000000000,-1,0
0.0168,0,0,INJECTING,258753600,258600328,5027229095,320000000000,-1,0
0.01682,0,0,INJECTING,259515200,259361928,5027229095,320000000000,-1,0
0.01684,0,0,INJECTING,260276800,260123528,5027229095,320000000000,-1,0
0.01686,0,0,INJECTING,261038400,260885128,5027229095,320000000000,-1,0
0.01688,0,0,INJECTING,261800000,261646728,5027229095,320000000000,-1,0
0.0169,0,0,INJECTING,262561600,262408328,5027229095,320000000000,-1,0
0.01692,0,0,INJECTING,263323200,263169928,5027229095,320000000000,-1,0
0.01694,0,0,INJECTING,264084800,263931528,5027229095,320000000000,-1,0
0.01696,0,0,INJECTING,264846400,264693128,5027229095,320000000000,-1,0
0.01698,0,0,INJECTING,265608000,265454728,5027229095,320000000000,-1,0
0.017,0,0,INJECTING,266369600,266216328,5027229095,320000000000,-1,0
0.01702,0,0,INJECTING,267131200,266977928,5027229095,320000000000,-1,0
0.01704,0,0,INJECTING,267892800,267739528,5027229095,320000000000,-1,0
0.01706,0,0,INJECTING,268654400,268501128,5027229095,320000000000,-1,0
0.01708,0,0,INJECTING,269416000,269262728,5027229095,320000000000,-1,0
0.0171,0,0,INJECTING,270177600,270024328,5027229095,320000000000,-1,0
0.01712,0,0,INJECTING,270939200,270785928,5027229095,320000000000,-1,0
0.01714,0,0,INJECTING,271700800,271547528,5027229095,320000000000,-1,0
0.01716,0,0,INJECTING,272462400,272309128,5027229095,320000000000,-1,0
0.01718,0,0,INJECTING,273224000,273070728,5027229095,320000000000,-1,0
0.0172,0,0,INJECTING,273985600,273832328,5027229095,320000000000,-1,0
0.01722,0,0,INJECTING,274747200,274593928,5027229095,320000000000,-1,0
0.01724,0,0,INJECTING,275508800,275355528,5027229095,320000000000,-1,0
0.01726,0,0,INJECTING,276270400,276117128,5027229095,320000000000,-1,0
0.01728,0,0,INJECTING,277032000,276878728,5027229095,320000000000,-1,0
0.0173,0,0,INJECTING,277793600,277640328,5027229095,320000000000,-1,0
0.01732,0,0,INJECTING,278555200,278401928,5027229095,320000000000,-1,0
0.01734,0,0,INJECTING,279316800,279163528,5027229095,320000000000,-1,0
0.01736,0,0,INJECTING,280078400,279925128,5027229095,320000000000,-1,0
0.01738,0,0,INJECTING,280840000,280686728,5027229095,320000000000,-1,0
0.0174,0,0,INJECTING,281601600,281448328,5027229095,320000000000,-1,0
0.01742,0,0,INJECTING,282363200,282209928,5027229095,320000000000,-1,0
0.01744,0,0,INJECTING,283124800,282971528,5027229095,320000000000,-1,0
0.01746,0,0,INJECTING,283886400,283733128,5027229095,320000000000,-1,0
0.01748,0,0,INJECTING,284648000,284494728,5027229095,320000000000,-1,0
0.0175,0,0,INJECTING,285409600,285256328,5027229095,320000000000,-1,0
0.01752,0,0,INJECTING,286171200,286017928,5027229095,320000000000,-1,0
0.01754,0,0,INJECTING,286932800,286779528,5027229095,320000000000,-1,0
0.01756,0,0,INJECTING,287694400,287541128,5027229095,320000000000,-1,0
0.01758,0,0,INJECTING,288456000,288302728,5027229095,320000000000,-1,0
0.0176,0,0,INJECTING,289217600,289064328,5027229095,320000000000,-1,0
0.01762,0,0,INJECTING,289979200,289825928,5027229095,320000000000,-1,0
0.01764,0,0,INJECTING,290740800,290587528,5027229095,320000000000,-1,0
0.01766,0,0,INJECTING,291502400,291349128,5027229095,320000000000,-1,0
0.01768,0,0,INJECTING,292264000,292110728,5027229095,320000000000,-1,0
0.0177,0,0,INJECTING,293025600,292872328,5027229095,320000000000,-1,0
0.01772,0,0,INJECTING,293787200,293633928,5027229095,320000000000,-1,0
0.01774,0,0,INJECTING,294548800,294395528,5027229095,320000000000,-1,0
0.01776,0,0,INJECTING,295310400,295157128,5027229095,320000000000,-1,0
0.01778,0,0,INJECTING,296072000,295918728,5027229095,320000000000,-1,0
0.0178,0,0,INJECTING,296833600,296680328,5027229095,320000000000,-1,0
0.01782,0,0,INJECTING,297595200,297441928,5027229095,320000000000,-1,0
0.01784,0,0,INJECTING,298356800,298203528,5027229095,320000000000,-1,0
0.01786,0,0,INJECTING,299118400,298965128,5027229095,320000000000,-1,0
0.01788,0,0,INJECTING,299880000,299726728,5027229095,320000000000,-1,0
0.0179,0,0,INJECTING,300641600,300488328,5027229095,320000000000,-1,0
0.01792,0,0,INJECTING,301403200,301249928,5027229095,320000000000,-1,0
0.01794,0,0,INJECTING,302164800,302011528,5027229095,320000000000,-1,0
0.01796,0,0,INJECTING,302926400,302773128,5027229095,320000000000,-1,0
0.01798,0,0,INJECTING,303688000,303534728,5027229095,320000000000,-1,0
0.018,0,0,INJECTING,304449600,304296328,5027229095,320000000000,-1,0
0.01802,0,0,INJECTING,305211200,305057928,5027229095,320000000000,-1,0
0.01804,0,0,INJECTING,305972800,305819528,5027229095,320000000000,-1,0
0.01806,0,0,INJECTING,306734400,306581128,5027229095,320000000000,-1,0
0.01808,0,0,INJECTING,307496000,307342728,5027229095,320000000000,-1,0
0.0181,0,0,INJECTING,308257600,308104328,5027229095,320000000000,-1,0
0.01812,0,0,INJECTING,309019200,308865928,5027229095,320000000000,-1,0
0.01814,0,0,INJECTING,309780800,309627528,5027229095,320000000000,-1,0
0.01816,0,0,INJECTING,310542400,310389128,5027229095,320000000000,-1,0
0.01818,0,0,INJECTING,311304000,311150728,5027229095,320000000000,-1,0
0.0182,0,0,INJECTING,312065600,311912328,5027229095,320000000000,-1,0
0.01822,0,0,INJECTING,312827200,312673928,5027229095,320000000000,-1,0
0.01824,0,0,INJECTING,313588800,313435528,5027229095,320000000000,-1,0
0.01826,0,0,INJECTING,314350400,314197128,5027229095,320000000000,-1,0
0.01828,0,0,INJECTING,315112000,314958728,5027229095,320000000000,-1,0
0.0183,0,0,INJECTING,315873600,315720328,5027229095,320000000000,-1,0
0.01832,0,0,INJECTING,316635200,316481928,5027229095,320000000000,-1,0
0.01834,0,0,INJECTING,317396800,317243528,5027229095,320000000000,-1,0
0.01836,0,0,INJECTING,318158400,318005128,5027229095,320000000000,-1,0
0.01838,0,0,INJECTING,318920000,318766728,5027229095,320000000000,-1,0
0.0184,0,0,INJECTING,319681600,319528328,5027229095,320000000000,-1,0
0.01842,0,0,INJECTING,320443200,320289928,5027229095,320000000000,-1,0
0.01844,0,0,INJECTING,321204800,321051528,5027229095,320000000000,-1,0
0.01846,0,0,INJECTING,321966400,321813128,5027229095,320000000000,-1,0
0.01848,0,0,INJECTING,322728000,322574728,5027229095,320000000000,-1,0
0.0185,0,0,INJECTING,323489600,323336328,5027229095,320000000000,-1,0
0.01852,0,0,INJECTING,324251200,324097928,5027229095,320000000000,-1,0
0.01854,0,0,INJECTING,325012800,324859528,5027229095,320000000000,-1,0
0.01856,0,0,INJECTING,325774400,325621128,5027229095,320000000000,-1,0
0.01858,0,0,INJECTING,326536000,326382728,5027229095,320000000000,-1,0
0.0186,0,0,INJECTING,327297600,327144328,5027229095,320000000000,-1,0
0.01862,0,0,INJECTING,328059200,327905928,5027229095,320000000000,-1,0
0.01864,0,0,INJECTING,328820800,328667528,5027229095,320000000000,-1,0
0.01866,0,0,INJECTING,329582400,329429128,5027229095,320000000000,-1,0
0.01868,0,0,INJECTING,330344000,330190728,5027229095,320000000000,-1,0
0.0187,0,0,INJECTING,331105600,330952328,5027229095,320000000000,-1,0
0.01872,0,0,INJECTING,331867200,331713928,5027229095,320000000000,-1,0
0.01874,0,0,INJECTING,332628800,332475528,5027229095,320000000000,-1,0
0.01876,0,0,INJECTING,333390400,333237128,5027229095,320000000000,-1,0
0.01878,0,0,INJECTING,334152000,333998728,5027229095,320000000000,-1,0
0.0188,0,0,INJECTING,334913600,334760328,5027229095,320000000000,-1,0
0.01882,0,0,INJECTING,335675200,335521928,5027229095,320000000000,-1,0
0.01884,0,0,INJECTING,336436800,336283528,5027229095,320000000000,-1,0
0.01886,0,0,INJECTING,337198400,337045128,5027229095,320000000000,-1,0
0.01888,0,0,INJECTING,337960000,337806728,5027229095,320000000000,-1,0
0.0189,0,0,INJECTING,338721600,338568328,5027229095,320000000000,-1,0
0.01892,0,0,INJECTING,339483200,339329928,5027229095,320000000000,-1,0
0.01894,0,0,INJECTING,340244800,340091528,5027229095,320000000000,-1,0
0.01896,0,0,INJECTING,341006400,340853128,5027229095,320000000000,-1,0
0.01898,0,0,INJECTING,341768000,341614728,5027229095,320000000000,-1,0
0.019,0,0,INJECTING,342529600,342376328,5027229095,320000000000,-1,0
0.01902,0,0,INJECTING,343291200,343137928,5027229095,320000000000,-1,0
0.01904,0,0,INJECTING,344052800,343899528,5027229095,320000000000,-1,0
0.01906,0,0,INJECTING,344814400,344661128,5027229095,320000000000,-1,0
0.01908,0,0,INJECTING,345576000,345422728,5027229095,320000000000,-1,0
0.0191,0,0,INJECTING,346337600,346184328,5027229095,320000000000,-1,0
0.01912,0,0,INJECTING,347099200,346945928,5027229095,320000000000,-1,0
0.01914,0,0,INJECTING,347860800,347707528,5027229095,320000000000,-1,0
0.01916,0,0,INJECTING,348622400,348469128,5027229095,320000000000,-1,0
0.01918,0,0,INJECTING,349384000,349230728,5027229095,320000000000,-1,0
0.0192,0,0,INJECTING,350145600,349992328,5027229095,320000000000,-1,0
0.01922,0,0,INJECTING,350907200,350753928,5027229095,320000000000,-1,0
0.01924,0,0,INJECTING,351668800,351515528,5027229095,320000000000,-1,0
0.01926,0,0,INJECTING,352430400,352277128,5027229095,320000000000,-1,0
0.01928,0,0,INJECTING,353192000,353038728,5027229095,320000000000,-1,0
0.0193,0,0,INJECTING,353953600,353800328,5027229095,320000000000,-1,0
0.01932,0,0,INJECTING,354715200,354561928,5027229095,320000000000,-1,0
0.01934,0,0,INJECTING,355476800,355323528,5027229095,320000000000,-1,0
0.01936,0,0,INJECTING,356238400,356085128,5027229095,320000000000,-1,0
0.01938,0,0,INJECTING,357000000,356846728,5027229095,320000000000,-1,0
0.0194,0,0,INJECTING,357761600,357608328,5027229095,320000000000,-1,0
0.01942,0,0,INJECTING,358523200,358369928,5027229095,320000000000,-1,0
0.01944,0,0,INJECTING,359284800,359131528,5027229095,320000000000,-1,0
0.01946,0,0,INJECTING,360046400,359893128,5027229095,320000000000,-1,0
0.01948,0,0,INJECTING,360808000,360654728,5027229095,320000000000,-1,0
0.0195,0,0,INJECTING,361569600,361416328,5027229095,320000000000,-1,0
0.01952,0,0,INJECTING,362331200,362177928,5027229095,320000000000,-1,0
0.01954,0,0,INJECTING,363092800,362939528,5027229095,320000000000,-1,0
0.01956,0,0,INJECTING,363854400,363701128,5027229095,320000000000,-1,0
0.01958,0,0,INJECTING,364616000,364462728,5027229095,320000000000,-1,0
0.0196,0,0,INJECTING,365377600,365224328,5027229095,320000000000,-1,0
0.01962,0,0,INJECTING,366139200,365985928,5027229095,320000000000,-1,0
0.01964,0,0,INJECTING,366900800,366747528,5027229095,320000000000,-1,0
0.01966,0,0,INJECTING,367662400,367509128,5027229095,320000000000,-1,0
0.01968,0,0,INJECTING,368424000,368270728,5027229095,320000000000,-1,0
0.0197,0,0,INJECTING,369185600,369032328,5027229095,320000000000,-1,0
0.01972,0,0,INJECTING,369947200,369793928,5027229095,320000000000,-1,0
0.01974,0,0,INJECTING,370708800,370555528,5027229095,320000000000,-1,0
0.01976,0,0,INJECTING,371470400,371317128,5027229095,320000000000,-1,0
0.01978,0,0,INJECTING,372232000,372078728,5027229095,320000000000,-1,0
0.0198,0,0,INJECTING,372993600,372840328,5027229095,320000000000,-1,0
0.01982,0,0,INJECTING,373755200,373601928,5027229095,320000000000,-1,0
0.01984,0,0,INJECTING,374516800,374363528,5027229095,320000000000,-1,0
0.01986,0,0,INJECTING,375278400,375125128,5027229095,320000000000,-1,0
0.01988,0,0,INJECTING,376040000,375886728,5027229095,320000000000,-1,0
0.0199,0,0,INJECTING,376801600,376648328,5027229095,320000000000,-1,0
0.01992,0,0,INJECTING,377563200,377409928,5027229095,320000000000,-1,0
0.01994,0,0,INJECTING,378324800,378171528,5027229095,320000000000,-1,0
0.01996,0,0,INJECTING,379086400,378933128,5027229095,320000000000,-1,0
0.01998,0,0,INJECTING,379848000,379694728,5027229095,320000000000,-1,0
0.02,0,0,INJECTING,380609600,380456328,5027229095,320000000000,-1,0
0.02,1,-1,WAIT_RELEASE,0,0,0,0,-1,0
0.02,2,-1,WAIT_RELEASE,0,0,0,0,-1,0
0.02,3,-1,WAIT_RELEASE,0,0,0,0,-1,0
0.02002,0,0,INJECTING,381371200,381217928,5027229095,320000000000,-1,0
0.02002,1,-1,WAIT_RELEASE,0,0,0,400000000000,-1,0
0.02002,2,-1,WAIT_RELEASE,0,0,0,400000000000,-1,0
0.02002,3,-1,WAIT_RELEASE,0,0,0,400000000000,-1,0
0.02004,0,0,INJECTING,382132800,381979528,5027229095,320000000000,-1,0
0.02004,1,-1,WAIT_RELEASE,0,0,0,400000000000,-1,0
0.02004,2,-1,WAIT_RELEASE,0,0,0,400000000000,-1,0
0.02004,3,-1,WAIT_RELEASE,0,0,0,400000000000,-1,0
0.02006,0,0,INJECTING,382894400,382741128,5027229095,320000000000,-1,0
0.02006,1,-1,WAIT_RELEASE,0,0,0,400000000000,-1,0
0.02006,2,-1,WAIT_RELEASE,0,0,0,400000000000,-1,0
0.02006,3,-1,WAIT_RELEASE,0,0,0,400000000000,-1,0
0.02008,0,0,INJECTING,383656000,383502728,5027229095,320000000000,-1,0
0.02008,1,-1,WAIT_RELEASE,0,0,0,400000000000,-1,0
0.02008,2,-1,WAIT_RELEASE,0,0,0,400000000000,-1,0
0.02008,3,-1,WAIT_RELEASE,0,0,0,400000000000,-1,0
0.0201,0,0,INJECTING,384417600,384264328,5027229095,320000000000,-1,0
0.0201,1,-1,WAIT_RELEASE,0,0,0,400000000000,-1,0
0.0201,2,-1,WAIT_RELEASE,0,0,0,400000000000,-1,0
0.0201,3,-1,WAIT_RELEASE,0,0,0,400000000000,-1,0
0.02012,0,0,INJECTING,385179200,385025928,5027229095,320000000000,-1,0
0.02012,1,-1,WAIT_RELEASE,0,0,0,400000000000,-1,0
0.02012,2,-1,WAIT_RELEASE,0,0,0,400000000000,-1,0
0.02012,3,-1,WAIT_RELEASE,0,0,0,400000000000,-1,0
0.02014,0,0,INJECTING,385940800,385787528,5027229095,320000000000,-1,0
0.02014,1,-1,WAIT_RELEASE,0,0,0,400000000000,-1,0
0.02014,2,-1,WAIT_RELEASE,0,0,0,400000000000,-1,0
0.02014,3,-1,WAIT_RELEASE,0,0,0,400000000000,-1,0
0.02016,0,0,INJECTING,386702400,386549128,5027229095,320000000000,-1,0
0.02016,1,-1,WAIT_RELEASE,0,0,0,400000000000,-1,0
0.02016,2,-1,WAIT_RELEASE,0,0,0,400000000000,-1,0
0.02016,3,-1,WAIT_RELEASE,0,0,0,400000000000,-1,0
0.02018,0,0,INJECTING,387464000,387310728,5027229095,320000000000,-1,0
0.02018,1,-1,WAIT_RELEASE,0,0,0,400000000000,-1,0
0.02018,2,-1,WAIT_RELEASE,0,0,0,400000000000,-1,0
0.02018,3,-1,WAIT_RELEASE,0,0,0,400000000000,-1,0
0.0202,0,0,INJECTING,388225600,388072328,5027229095,320000000000,-1,0
0.0202,1,-1,WAIT_RELEASE,0,0,0,400000000000,-1,0
0.0202,2,-1,WAIT_RELEASE,0,0,0,400000000000,-1,0
0.0202,3,-1,WAIT_RELEASE,0,0,0,400000000000,-1,0
0.02022,0,0,INJECTING,388987200,388833928,5027229095,320000000000,-1,0
0.02022,1,-1,WAIT_RELEASE,0,0,0,400000000000,-1,0
0.02022,2,-1,WAIT_RELEASE,0,0,0,400000000000,-1,0
0.02022,3,-1,WAIT_RELEASE,0,0,0,400000000000,-1,0
0.02024,0,0,INJECTING,389748800,389595528,5027229095,320000000000,-1,0
0.02024,1,-1,WAIT_RELEASE,0,0,0,400000000000,-1,0
0.02024,2,-1,WAIT_RELEASE,0,0,0,400000000000,-1,0
0.02024,3,-1,WAIT_RELEASE,0,0,0,400000000000,-1,0
0.02026,0,0,INJECTING,390510400,390357128,5027229095,320000000000,-1,0
0.02026,1,-1,WAIT_RELEASE,0,0,0,400000000000,-1,0
0.02026,2,-1,WAIT_RELEASE,0,0,0,400000000000,-1,0
0.02026,3,-1,WAIT_RELEASE,0,0,0,400000000000,-1,0
0.02028,0,0,INJECTING,391272000,391118728,5027229095,320000000000,-1,0
0.02028,1,-1,WAIT_RELEASE,0,0,0,400000000000,-1,0
0.02028,2,-1,WAIT_RELEASE,0,0,0,400000000000,-1,0
0.02028,3,-1,WAIT_RELEASE,0,0,0,400000000000,-1,0
0.0203,0,0,INJECTING,392033600,391880328,5027229095,320000000000,-1,0
0.0203,1,-1,WAIT_RELEASE,0,0,0,400000000000,-1,0
0.0203,2,-1,WAIT_RELEASE,0,0,0,400000000000,-1,0
0.0203,3,-1,WAIT_RELEASE,0,0,0,400000000000,-1,0
0.02032,0,0,INJECTING,392795200,392641928,5027229095,320000000000,-1,0
0.02032,1,-1,WAIT_RELEASE,0,0,0,400000000000,-1,0
0.02032,2,-1,WAIT_RELEASE,0,0,0,400000000000,-1,0
0.02032,3,-1,WAIT_RELEASE,0,0,0,400000000000,-1,0
0.02034,0,0,INJECTING,393556800,393403528,5027229095,320000000000,-1,0
0.02034,1,-1,WAIT_RELEASE,0,0,0,400000000000,-1,0
0.02034,2,-1,WAIT_RELEASE,0,0,0,400000000000,-1,0
0.02034,3,-1,WAIT_RELEASE,0,0,0,400000000000,-1,0
0.02036,0,0,INJECTING,394318400,394165128,5027229095,320000000000,-1,0
0.02036,1,-1,WAIT_RELEASE,0,0,0,400000000000,-1,0
0.02036,2,-1,WAIT_RELEASE,0,0,0,400000000000,-1,0
0.02036,3,-1,WAIT_RELEASE,0,0,0,400000000000,-1,0
0.02038,0,0,INJECTING,395080000,394926728,5027229095,320000000000,-1,0
0.02038,1,-1,WAIT_RELEASE,0,0,0,400000000000,-1,0
0.02038,2,-1,WAIT_RELEASE,0,0,0,400000000000,-1,0
0.02038,3,-1,WAIT_RELEASE,0,0,0,400000000000,-1,0
0.0204,0,0,INJECTING,395841600,395688328,5027229095,320000000000,-1,0
0.0204,1,-1,WAIT_RELEASE,0,0,0,400000000000,-1,0
0.0204,2,-1,WAIT_RELEASE,0,0,0,400000000000,-1,0
0.0204,3,-1,WAIT_RELEASE,0,0,0,400000000000,-1,0
0.02042,0,0,INJECTING,396603200,396449928,5027229095,320000000000,-1,0
0.02042,1,-1,WAIT_RELEASE,0,0,0,400000000000,-1,0
0.02042,2,-1,WAIT_RELEASE,0,0,0,400000000000,-1,0
0.02042,3,-1,WAIT_RELEASE,0,0,0,400000000000,-1,0
0.02044,0,0,INJECTING,397364800,397211528,5027229095,320000000000,-1,0
0.02044,1,-1,WAIT_RELEASE,0,0,0,400000000000,-1,0
0.02044,2,-1,WAIT_RELEASE,0,0,0,400000000000,-1,0
0.02044,3,-1,WAIT_RELEASE,0,0,0,400000000000,-1,0
0.02046,0,0,INJECTING,398126400,397973128,5027229095,320000000000,-1,0
0.02046,1,-1,WAIT_RELEASE,0,0,0,400000000000,-1,0
0.02046,2,-1,WAIT_RELEASE,0,0,0,400000000000,-1,0
0.02046,3,-1,WAIT_RELEASE,0,0,0,400000000000,-1,0
0.02048,0,0,INJECTING,398888000,398734728,5027229095,320000000000,-1,0
0.02048,1,-1,WAIT_RELEASE,0,0,0,400000000000,-1,0
0.02048,2,-1,WAIT_RELEASE,0,0,0,400000000000,-1,0
0.02048,3,-1,WAIT_RELEASE,0,0,0,400000000000,-1,0
0.0205,0,0,INJECTING,399649600,399496328,5027229095,320000000000,-1,0
0.0205,1,-1,WAIT_RELEASE,0,0,0,400000000000,-1,0
0.0205,2,-1,WAIT_RELEASE,0,0,0,400000000000,-1,0
0.0205,3,-1,WAIT_RELEASE,0,0,0,400000000000,-1,0
0.02052,0,0,INJECTING,400411200,400257928,5027229095,320000000000,-1,0
0.02052,1,-1,WAIT_RELEASE,0,0,0,400000000000,-1,0
0.02052,2,-1,WAIT_RELEASE,0,0,0,400000000000,-1,0
0.02052,3,-1,WAIT_RELEASE,0,0,0,400000000000,-1,0
0.02054,0,0,INJECTING,401172800,401019528,5027229095,320000000000,-1,0
0.02054,1,-1,WAIT_RELEASE,0,0,0,400000000000,-1,0
0.02054,2,-1,WAIT_RELEASE,0,0,0,400000000000,-1,0
0.02054,3,-1,WAIT_RELEASE,0,0,0,400000000000,-1,0
0.02056,0,0,INJECTING,401934400,401781128,5027229095,320000000000,-1,0
0.02056,1,-1,WAIT_RELEASE,0,0,0,400000000000,-1,0
0.02056,2,-1,WAIT_RELEASE,0,0,0,400000000000,-1,0
0.02056,3,-1,WAIT_RELEASE,0,0,0,400000000000,-1,0
0.02058,0,0,INJECTING,402696000,402542728,5027229095,320000000000,-1,0
0.02058,1,-1,WAIT_RELEASE,0,0,0,400000000000,-1,0
0.02058,2,-1,WAIT_RELEASE,0,0,0,400000000000,-1,0
0.02058,3,-1,WAIT_RELEASE,0,0,0,400000000000,-1,0
0.0206,0,0,INJECTING,403457600,403304328,5027229095,320000000000,-1,0
0.0206,1,-1,WAIT_RELEASE,0,0,0,400000000000,-1,0
0.0206,2,-1,WAIT_RELEASE,0,0,0,400000000000,-1,0
0.0206,3,-1,WAIT_RELEASE,0,0,0,400000000000,-1,0
0.02062,0,0,INJECTING,404219200,404065928,5027229095,320000000000,-1,0
0.02062,1,-1,WAIT_RELEASE,0,0,0,400000000000,-1,0
0.02062,2,-1,WAIT_RELEASE,0,0,0,400000000000,-1,0
0.02062,3,-1,WAIT_RELEASE,0,0,0,400000000000,-1,0
0.02064,0,0,INJECTING,404980800,404827528,5027229095,320000000000,-1,0
0.02064,1,-1,WAIT_RELEASE,0,0,0,400000000000,-1,0
0.02064,2,-1,WAIT_RELEASE,0,0,0,400000000000,-1,0
0.02064,3,-1,WAIT_RELEASE,0,0,0,400000000000,-1,0
0.02066,0,0,INJECTING,405742400,405589128,5027229095,320000000000,-1,0
0.02066,1,-1,WAIT_RELEASE,0,0,0,400000000000,-1,0
0.02066,2,-1,WAIT_RELEASE,0,0,0,400000000000,-1,0
0.02066,3,-1,WAIT_RELEASE,0,0,0,400000000000,-1,0
0.02068,0,0,INJECTING,406504000,406350728,5027229095,320000000000,-1,0
0.02068,1,-1,WAIT_RELEASE,0,0,0,400000000000,-1,0
0.02068,2,-1,WAIT_RELEASE,0,0,0,400000000000,-1,0
0.02068,3,-1,WAIT_RELEASE,0,0,0,400000000000,-1,0
0.0207,0,0,INJECTING,407265600,407112328,5027229095,320000000000,-1,0
0.0207,1,-1,WAIT_RELEASE,0,0,0,400000000000,-1,0
0.0207,2,-1,WAIT_RELEASE,0,0,0,400000000000,-1,0
0.0207,3,-1,WAIT_RELEASE,0,0,0,400000000000,-1,0
0.02072,0,0,INJECTING,408027200,407873928,5027229095,320000000000,-1,0
0.02072,1,-1,WAIT_RELEASE,0,0,0,400000000000,-1,0
0.02072,2,-1,WAIT_RELEASE,0,0,0,400000000000,-1,0
0.02072,3,-1,WAIT_RELEASE,0,0,0,400000000000,-1,0
0.02074,0,0,INJECTING,408788800,408635528,5027229095,320000000000,-1,0
0.02074,1,-1,WAIT_RELEASE,0,0,0,400000000000,-1,0
0.02074,2,-1,WAIT_RELEASE,0,0,0,400000000000,-1,0
0.02074,3,-1,WAIT_RELEASE,0,0,0,400000000000,-1,0
0.02076,0,0,INJECTING,409550400,409397128,5027229095,320000000000,-1,0
0.02076,1,-1,WAIT_RELEASE,0,0,0,400000000000,-1,0
0.02076,2,-1,WAIT_RELEASE,0,0,0,400000000000,-1,0
0.02076,3,-1,WAIT_RELEASE,0,0,0,400000000000,-1,0
0.02078,0,0,INJECTING,410312000,410158728,5027229095,320000000000,-1,0
0.02078,1,-1,WAIT_RELEASE,0,0,0,400000000000,-1,0
0.02078,2,-1,WAIT_RELEASE,0,0,0,400000000000,-1,0
0.02078,3,-1,WAIT_RELEASE,0,0,0,400000000000,-1,0
0.0208,0,0,INJECTING,411073600,410920328,5027229095,320000000000,-1,0
0.0208,1,-1,WAIT_RELEASE,0,0,0,400000000000,-1,0
0.0208,2,-1,WAIT_RELEASE,0,0,0,400000000000,-1,0
0.0208,3,-1,WAIT_RELEASE,0,0,0,400000000000,-1,0
0.02082,0,0,INJECTING,411835200,411681928,5027229095,320000000000,-1,0
0.02082,1,-1,WAIT_RELEASE,0,0,0,400000000000,-1,0
0.02082,2,-1,WAIT_RELEASE,0,0,0,400000000000,-1,0
0.02082,3,-1,WAIT_RELEASE,0,0,0,400000000000,-1,0
0.02084,0,0,INJECTING,412596800,412443528,5027229095,320000000000,-1,0
0.02084,1,-1,WAIT_RELEASE,0,0,0,400000000000,-1,0
0.02084,2,-1,WAIT_RELEASE,0,0,0,400000000000,-1,0
0.02084,3,-1,WAIT_RELEASE,0,0,0,400000000000,-1,0
0.02086,0,0,INJECTING,413358400,413205128,5027229095,320000000000,-1,0
0.02086,1,-1,WAIT_RELEASE,0,0,0,400000000000,-1,0
0.02086,2,-1,WAIT_RELEASE,0,0,0,400000000000,-1,0
0.02086,3,-1,WAIT_RELEASE,0,0,0,400000000000,-1,0
0.02088,0,0,INJECTING,414120000,413966728,5027229095,320000000000,-1,0
0.02088,1,-1,WAIT_RELEASE,0,0,0,400000000000,-1,0
0.02088,2,-1,WAIT_RELEASE,0,0,0,400000000000,-1,0
0.02088,3,-1,WAIT_RELEASE,0,0,0,400000000000,-1,0
0.0209,0,0,INJECTING,414881600,414728328,5027229095,320000000000,-1,0
0.0209,1,-1,WAIT_RELEASE,0,0,0,400000000000,-1,0
0.0209,2,-1,WAIT_RELEASE,0,0,0,400000000000,-1,0
0.0209,3,-1,WAIT_RELEASE,0,0,0,400000000000,-1,0
0.02092,0,0,INJECTING,415643200,415489928,5027229095,320000000000,-1,0
0.02092,1,-1,WAIT_RELEASE,0,0,0,400000000000,-1,0
0.02092,2,-1,WAIT_RELEASE,0,0,0,400000000000,-1,0
0.02092,3,-1,WAIT_RELEASE,0,0,0,400000000000,-1,0
0.02094,0,0,INJECTING,416404800,416251528,5027229095,320000000000,-1,0
0.02094,1,-1,WAIT_RELEASE,0,0,0,400000000000,-1,0
0.02094,2,-1,WAIT_RELEASE,0,0,0,400000000000,-1,0
0.02094,3,-1,WAIT_RELEASE,0,0,0,400000000000,-1,0
0.02096,0,0,INJECTING,417166400,417013128,5027229095,320000000000,-1,0
0.02096,1,-1,WAIT_RELEASE,0,0,0,400000000000,-1,0
0.02096,2,-1,WAIT_RELEASE,0,0,0,400000000000,-1,0
0.02096,3,-1,WAIT_RELEASE,0,0,0,400000000000,-1,0
0.02098,0,0,INJECTING,417928000,417774728,5027229095,320000000000,-1,0
0.02098,1,-1,WAIT_RELEASE,0,0,0,400000000000,-1,0
0.02098,2,-1,WAIT_RELEASE,0,0,0,400000000000,-1,0
0.02098,3,-1,WAIT_RELEASE,0,0,0,400000000000,-1,0
0.021,0,0,INJECTING,418689600,418536328,5027229095,320000000000,-1,0
0.021,1,-1,WAIT_RELEASE,0,0,0,400000000000,-1,0
0.021,2,-1,WAIT_RELEASE,0,0,0,400000000000,-1,0
0.021,3,-1,WAIT_RELEASE,0,0,0,400000000000,-1,0
0.02102,0,0,INJECTING,419451200,419297928,5027229095,320000000000,-1,0
0.02102,1,-1,WAIT_RELEASE,0,0,0,400000000000,-1,0
0.02102,2,-1,WAIT_RELEASE,0,0,0,400000000000,-1,0
0.02102,3,-1,WAIT_RELEASE,0,0,0,400000000000,-1,0
0.02104,0,0,INJECTING,420212800,420059528,5027229095,320000000000,-1,0
0.02104,1,-1,WAIT_RELEASE,0,0,0,400000000000,-1,0
0.02104,2,-1,WAIT_RELEASE,0,0,0,400000000000,-1,0
0.02104,3,-1,WAIT_RELEASE,0,0,0,400000000000,-1,0
0.02106,0,0,INJECTING,420974400,420821128,5027229095,320000000000,-1,0
0.02106,1,-1,WAIT_RELEASE,0,0,0,400000000000,-1,0
0.02106,2,-1,WAIT_RELEASE,0,0,0,400000000000,-1,0
0.02106,3,-1,WAIT_RELEASE,0,0,0,400000000000,-1,0
0.02108,0,0,INJECTING,421736000,421582728,5027229095,320000000000,-1,0
0.02108,1,-1,WAIT_RELEASE,0,0,0,400000000000,-1,0
0.02108,2,-1,WAIT_RELEASE,0,0,0,400000000000,-1,0
0.02108,3,-1,WAIT_RELEASE,0,0,0,400000000000,-1,0
0.0211,0,0,INJECTING,422497600,422344328,5027229095,320000000000,-1,0
0.0211,1,-1,WAIT_RELEASE,0,0,0,400000000000,-1,0
0.0211,2,-1,WAIT_RELEASE,0,0,0,400000000000,-1,0
0.0211,3,-1,WAIT_RELEASE,0,0,0,400000000000,-1,0
0.02112,0,0,INJECTING,423259200,423105928,5027229095,320000000000,-1,0
0.02112,1,-1,WAIT_RELEASE,0,0,0,400000000000,-1,0
0.02112,2,-1,WAIT_RELEASE,0,0,0,400000000000,-1,0
0.02112,3,-1,WAIT_RELEASE,0,0,0,400000000000,-1,0
0.02114,0,0,INJECTING,424020800,423867528,5027229095,320000000000,-1,0
0.02114,1,-1,WAIT_RELEASE,0,0,0,400000000000,-1,0
0.02114,2,-1,WAIT_RELEASE,0,0,0,400000000000,-1,0
0.02114,3,-1,WAIT_RELEASE,0,0,0,400000000000,-1,0
0.02116,0,0,INJECTING,424782400,424629128,5027229095,320000000000,-1,0
0.02116,1,-1,WAIT_RELEASE,0,0,0,400000000000,-1,0
0.02116,2,-1,WAIT_RELEASE,0,0,0,400000000000,-1,0
0.02116,3,-1,WAIT_RELEASE,0,0,0,400000000000,-1,0
0.02118,0,0,INJECTING,425544000,425390728,5027229095,320000000000,-1,0
0.02118,1,-1,WAIT_RELEASE,0,0,0,400000000000,-1,0
0.02118,2,-1,WAIT_RELEASE,0,0,0,400000000000,-1,0
0.02118,3,-1,WAIT_RELEASE,0,0,0,400000000000,-1,0
0.0212,0,0,INJECTING,426305600,426152328,5027229095,320000000000,-1,0
0.0212,1,-1,WAIT_RELEASE,0,0,0,400000000000,-1,0
0.0212,2,-1,WAIT_RELEASE,0,0,0,400000000000,-1,0
0.0212,3,-1,WAIT_RELEASE,0,0,0,400000000000,-1,0
0.02122,0,0,INJECTING,427067200,426913928,5027229095,320000000000,-1,0
0.02122,1,-1,WAIT_RELEASE,0,0,0,400000000000,-1,0
0.02122,2,-1,WAIT_RELEASE,0,0,0,400000000000,-1,0
0.02122,3,-1,WAIT_RELEASE,0,0,0,400000000000,-1,0
0.02124,0,0,INJECTING,427828800,427675528,5027229095,320000000000,-1,0
0.02124,1,-1,WAIT_RELEASE,0,0,0,400000000000,-1,0
0.02124,2,-1,WAIT_RELEASE,0,0,0,400000000000,-1,0
0.02124,3,-1,WAIT_RELEASE,0,0,0,400000000000,-1,0
0.02126,0,0,INJECTING,428590400,428437128,5027229095,320000000000,-1,0
0.02126,1,-1,WAIT_RELEASE,0,0,0,400000000000,-1,0
0.02126,2,-1,WAIT_RELEASE,0,0,0,400000000000,-1,0
0.02126,3,-1,WAIT_RELEASE,0,0,0,400000000000,-1,0
0.02128,0,0,INJECTING,429352000,429198728,5027229095,320000000000,-1,0
0.02128,1,-1,WAIT_RELEASE,0,0,0,400000000000,-1,0
0.02128,2,-1,WAIT_RELEASE,0,0,0,400000000000,-1,0
0.02128,3,-1,WAIT_RELEASE,0,0,0,400000000000,-1,0
0.0213,0,0,INJECTING,430113600,429960328,5027229095,320000000000,-1,0
0.0213,1,-1,WAIT_RELEASE,0,0,0,400000000000,-1,0
0.0213,2,-1,WAIT_RELEASE,0,0,0,400000000000,-1,0
0.0213,3,-1,WAIT_RELEASE,0,0,0,400000000000,-1,0
0.02132,0,0,INJECTING,430875200,430721928,5027229095,320000000000,-1,0
0.02132,1,-1,WAIT_RELEASE,0,0,0,400000000000,-1,0
0.02132,2,-1,WAIT_RELEASE,0,0,0,400000000000,-1,0
0.02132,3,-1,WAIT_RELEASE,0,0,0,400000000000,-1,0
0.02134,0,0,INJECTING,431636800,431483528,5027229095,320000000000,-1,0
0.02134,1,-1,WAIT_RELEASE,0,0,0,400000000000,-1,0
0.02134,2,-1,WAIT_RELEASE,0,0,0,400000000000,-1,0
0.02134,3,-1,WAIT_RELEASE,0,0,0,400000000000,-1,0
0.02136,0,0,INJECTING,432398400,432245128,5027229095,320000000000,-1,0
0.02136,1,-1,WAIT_RELEASE,0,0,0,400000000000,-1,0
0.02136,2,-1,WAIT_RELEASE,0,0,0,400000000000,-1,0
0.02136,3,-1,WAIT_RELEASE,0,0,0,400000000000,-1,0
0.02138,0,0,INJECTING,433160000,433006728,5027229095,320000000000,-1,0
0.02138,1,-1,WAIT_RELEASE,0,0,0,400000000000,-1,0
0.02138,2,-1,WAIT_RELEASE,0,0,0,400000000000,-1,0
0.02138,3,-1,WAIT_RELEASE,0,0,0,400000000000,-1,0
0.0214,0,0,INJECTING,433921600,433768328,5027229095,320000000000,-1,0
0.0214,1,-1,WAIT_RELEASE,0,0,0,400000000000,-1,0
0.0214,2,-1,WAIT_RELEASE,0,0,0,400000000000,-1,0
0.0214,3,-1,WAIT_RELEASE,0,0,0,400000000000,-1,0
0.02142,0,0,INJECTING,434683200,434529928,5027229095,320000000000,-1,0
0.02142,1,-1,WAIT_RELEASE,0,0,0,400000000000,-1,0
0.02142,2,-1,WAIT_RELEASE,0,0,0,400000000000,-1,0
0.02142,3,-1,WAIT_RELEASE,0,0,0,400000000000,-1,0
0.02144,0,0,INJECTING,435444800,435291528,5027229095,320000000000,-1,0
0.02144,1,-1,WAIT_RELEASE,0,0,0,400000000000,-1,0
0.02144,2,-1,WAIT_RELEASE,0,0,0,400000000000,-1,0
0.02144,3,-1,WAIT_RELEASE,0,0,0,400000000000,-1,0
0.02146,0,0,INJECTING,436206400,436053128,5027229095,320000000000,-1,0
0.02146,1,-1,WAIT_RELEASE,0,0,0,400000000000,-1,0
0.02146,2,-1,WAIT_RELEASE,0,0,0,400000000000,-1,0
0.02146,3,-1,WAIT_RELEASE,0,0,0,400000000000,-1,0
0.02148,0,0,INJECTING,436968000,436814728,5027229095,320000000000,-1,0
0.02148,1,-1,WAIT_RELEASE,0,0,0,400000000000,-1,0
0.02148,2,-1,WAIT_RELEASE,0,0,0,400000000000,-1,0
0.02148,3,-1,WAIT_RELEASE,0,0,0,400000000000,-1,0
0.0215,0,0,INJECTING,437729600,437576328,5027229095,320000000000,-1,0
0.0215,1,-1,WAIT_RELEASE,0,0,0,400000000000,-1,0
0.0215,2,-1,WAIT_RELEASE,0,0,0,400000000000,-1,0
0.0215,3,-1,WAIT_RELEASE,0,0,0,400000000000,-1,0
0.02152,0,0,INJECTING,438491200,438337928,5027229095,320000000000,-1,0
0.02152,1,-1,WAIT_RELEASE,0,0,0,400000000000,-1,0
0.02152,2,-1,WAIT_RELEASE,0,0,0,400000000000,-1,0
0.02152,3,-1,WAIT_RELEASE,0,0,0,400000000000,-1,0
0.02154,0,0,INJECTING,439252800,439099528,5027229095,320000000000,-1,0
0.02154,1,-1,WAIT_RELEASE,0,0,0,400000000000,-1,0
0.02154,2,-1,WAIT_RELEASE,0,0,0,400000000000,-1,0
0.02154,3,-1,WAIT_RELEASE,0,0,0,400000000000,-1,0
0.02156,0,0,INJECTING,440014400,439861128,5027229095,320000000000,-1,0
0.02156,1,-1,WAIT_RELEASE,0,0,0,400000000000,-1,0
0.02156,2,-1,WAIT_RELEASE,0,0,0,400000000000,-1,0
0.02156,3,-1,WAIT_RELEASE,0,0,0,400000000000,-1,0
0.02158,0,0,INJECTING,440776000,440622728,5027229095,320000000000,-1,0
0.02158,1,-1,WAIT_RELEASE,0,0,0,400000000000,-1,0
0.02158,2,-1,WAIT_RELEASE,0,0,0,400000000000,-1,0
0.02158,3,-1,WAIT_RELEASE,0,0,0,400000000000,-1,0
0.0216,0,0,INJECTING,441537600,441384328,5027229095,320000000000,-1,0
0.0216,1,-1,WAIT_RELEASE,0,0,0,400000000000,-1,0
0.0216,2,-1,WAIT_RELEASE,0,0,0,400000000000,-1,0
0.0216,3,-1,WAIT_RELEASE,0,0,0,400000000000,-1,0
0.02162,0,0,INJECTING,442299200,442145928,5027229095,320000000000,-1,0
0.02162,1,-1,WAIT_RELEASE,0,0,0,400000000000,-1,0
0.02162,2,-1,WAIT_RELEASE,0,0,0,400000000000,-1,0
0.02162,3,-1,WAIT_RELEASE,0,0,0,400000000000,-1,0
0.02164,0,0,INJECTING,443060800,442907528,5027229095,320000000000,-1,0
0.02164,1,-1,WAIT_RELEASE,0,0,0,400000000000,-1,0
0.02164,2,-1,WAIT_RELEASE,0,0,0,400000000000,-1,0
0.02164,3,-1,WAIT_RELEASE,0,0,0,400000000000,-1,0
0.02166,0,0,INJECTING,443822400,443669128,5027229095,320000000000,-1,0
0.02166,1,-1,WAIT_RELEASE,0,0,0,400000000000,-1,0
0.02166,2,-1,WAIT_RELEASE,0,0,0,400000000000,-1,0
0.02166,3,-1,WAIT_RELEASE,0,0,0,400000000000,-1,0
0.02168,0,0,INJECTING,444584000,444430728,5027229095,320000000000,-1,0
0.02168,1,-1,WAIT_RELEASE,0,0,0,400000000000,-1,0
0.02168,2,-1,WAIT_RELEASE,0,0,0,400000000000,-1,0
0.02168,3,-1,WAIT_RELEASE,0,0,0,400000000000,-1,0
0.0217,0,0,INJECTING,445345600,445192328,5027229095,320000000000,-1,0
0.0217,1,-1,WAIT_RELEASE,0,0,0,400000000000,-1,0
0.0217,2,-1,WAIT_RELEASE,0,0,0,400000000000,-1,0
0.0217,3,-1,WAIT_RELEASE,0,0,0,400000000000,-1,0
0.02172,0,0,INJECTING,446107200,445953928,5027229095,320000000000,-1,0
0.02172,1,-1,WAIT_RELEASE,0,0,0,400000000000,-1,0
0.02172,2,-1,WAIT_RELEASE,0,0,0,400000000000,-1,0
0.02172,3,-1,WAIT_RELEASE,0,0,0,400000000000,-1,0
0.02174,0,0,INJECTING,446868800,446715528,5027229095,320000000000,-1,0
0.02174,1,-1,WAIT_RELEASE,0,0,0,400000000000,-1,0
0.02174,2,-1,WAIT_RELEASE,0,0,0,400000000000,-1,0
0.02174,3,-1,WAIT_RELEASE,0,0,0,400000000000,-1,0
0.02176,0,0,INJECTING,447630400,447477128,5027229095,320000000000,-1,0
0.02176,1,-1,WAIT_RELEASE,0,0,0,400000000000,-1,0
0.02176,2,-1,WAIT_RELEASE,0,0,0,400000000000,-1,0
0.02176,3,-1,WAIT_RELEASE,0,0,0,400000000000,-1,0
0.02178,0,0,INJECTING,448392000,448238728,5027229095,320000000000,-1,0
0.02178,1,-1,WAIT_RELEASE,0,0,0,400000000000,-1,0
0.02178,2,-1,WAIT_RELEASE,0,0,0,400000000000,-1,0
0.02178,3,-1,WAIT_RELEASE,0,0,0,400000000000,-1,0
0.0218,0,0,INJECTING,449153600,449000328,5027229095,320000000000,-1,0
0.0218,1,-1,WAIT_RELEASE,0,0,0,400000000000,-1,0
0.0218,2,-1,WAIT_RELEASE,0,0,0,400000000000,-1,0
0.0218,3,-1,WAIT_RELEASE,0,0,0,400000000000,-1,0
0.02182,0,0,INJECTING,449915200,449761928,5027229095,320000000000,-1,0
0.02182,1,-1,WAIT_RELEASE,0,0,0,400000000000,-1,0
0.02182,2,-1,WAIT_RELEASE,0,0,0,400000000000,-1,0
0.02182,3,-1,WAIT_RELEASE,0,0,0,400000000000,-1,0
0.02184,0,0,INJECTING,450676800,450523528,5027229095,320000000000,-1,0
0.02184,1,-1,WAIT_RELEASE,0,0,0,400000000000,-1,0
0.02184,2,-1,WAIT_RELEASE,0,0,0,400000000000,-1,0
0.02184,3,-1,WAIT_RELEASE,0,0,0,400000000000,-1,0
0.02186,0,0,INJECTING,451438400,451285128,5027229095,320000000000,-1,0
0.02186,1,-1,WAIT_RELEASE,0,0,0,400000000000,-1,0
0.02186,2,-1,WAIT_RELEASE,0,0,0,400000000000,-1,0
0.02186,3,-1,WAIT_RELEASE,0,0,0,400000000000,-1,0
0.02188,0,0,INJECTING,452200000,452046728,5027229095,320000000000,-1,0
0.02188,1,-1,WAIT_RELEASE,0,0,0,400000000000,-1,0
0.02188,2,-1,WAIT_RELEASE,0,0,0,400000000000,-1,0
0.02188,3,-1,WAIT_RELEASE,0,0,0,400000000000,-1,0
0.0219,0,0,INJECTING,452961600,452808328,5027229095,320000000000,-1,0
0.0219,1,-1,WAIT_RELEASE,0,0,0,400000000000,-1,0
0.0219,2,-1,WAIT_RELEASE,0,0,0,400000000000,-1,0
0.0219,3,-1,WAIT_RELEASE,0,0,0,400000000000,-1,0
0.02192,0,0,INJECTING,453723200,453569928,5027229095,320000000000,-1,0
0.02192,1,-1,WAIT_RELEASE,0,0,0,400000000000,-1,0
0.02192,2,-1,WAIT_RELEASE,0,0,0,400000000000,-1,0
0.02192,3,-1,WAIT_RELEASE,0,0,0,400000000000,-1,0
0.02194,0,0,INJECTING,454484800,454331528,5027229095,320000000000,-1,0
0.02194,1,-1,WAIT_RELEASE,0,0,0,400000000000,-1,0
0.02194,2,-1,WAIT_RELEASE,0,0,0,400000000000,-1,0
0.02194,3,-1,WAIT_RELEASE,0,0,0,400000000000,-1,0
0.02196,0,0,INJECTING,455246400,455093128,5027229095,320000000000,-1,0
0.02196,1,-1,WAIT_RELEASE,0,0,0,400000000000,-1,0
0.02196,2,-1,WAIT_RELEASE,0,0,0,400000000000,-1,0
0.02196,3,-1,WAIT_RELEASE,0,0,0,400000000000,-1,0
0.02198,0,0,INJECTING,456008000,455854728,5027229095,320000000000,-1,0
0.02198,1,-1,WAIT_RELEASE,0,0,0,400000000000,-1,0
0.02198,2,-1,WAIT_RELEASE,0,0,0,400000000000,-1,0
0.02198,3,-1,WAIT_RELEASE,0,0,0,400000000000,-1,0
0.022,0,0,INJECTING,456769600,456616328,5027229095,320000000000,-1,0
0.022,1,-1,WAIT_RELEASE,0,0,0,400000000000,-1,0
0.022,2,-1,WAIT_RELEASE,0,0,0,400000000000,-1,0
0.022,3,-1,WAIT_RELEASE,0,0,0,400000000000,-1,0
0.02202,0,0,INJECTING,457531200,457377928,5027229095,320000000000,-1,0
0.02202,1,-1,WAIT_RELEASE,0,0,0,400000000000,-1,0
0.02202,2,-1,WAIT_RELEASE,0,0,0,400000000000,-1,0
0.02202,3,-1,WAIT_RELEASE,0,0,0,400000000000,-1,0
0.02204,0,0,INJECTING,458292800,458139528,5027229095,320000000000,-1,0
0.02204,1,-1,WAIT_RELEASE,0,0,0,400000000000,-1,0
0.02204,2,-1,WAIT_RELEASE,0,0,0,400000000000,-1,0
0.02204,3,-1,WAIT_RELEASE,0,0,0,400000000000,-1,0
0.02206,0,0,INJECTING,459054400,458901128,5027229095,320000000000,-1,0
0.02206,1,-1,WAIT_RELEASE,0,0,0,400000000000,-1,0
0.02206,2,-1,WAIT_RELEASE,0,0,0,400000000000,-1,0
0.02206,3,-1,WAIT_RELEASE,0,0,0,400000000000,-1,0
0.02208,0,0,INJECTING,459816000,459662728,5027229095,320000000000,-1,0
0.02208,1,-1,WAIT_RELEASE,0,0,0,400000000000,-1,0
0.02208,2,-1,WAIT_RELEASE,0,0,0,400000000000,-1,0
0.02208,3,-1,WAIT_RELEASE,0,0,0,400000000000,-1,0
0.0221,0,0,INJECTING,460577600,460424328,5027229095,320000000000,-1,0
0.0221,1,-1,WAIT_RELEASE,0,0,0,400000000000,-1,0
0.0221,2,-1,WAIT_RELEASE,0,0,0,400000000000,-1,0
0.0221,3,-1,WAIT_RELEASE,0,0,0,400000000000,-1,0
0.02212,0,0,INJECTING,461339200,461185928,5027229095,320000000000,-1,0
0.02212,1,-1,WAIT_RELEASE,0,0,0,400000000000,-1,0
0.02212,2,-1,WAIT_RELEASE,0,0,0,400000000000,-1,0
0.02212,3,-1,WAIT_RELEASE,0,0,0,400000000000,-1,0
0.02214,0,0,INJECTING,462100800,461947528,5027229095,320000000000,-1,0
0.02214,1,-1,WAIT_RELEASE,0,0,0,400000000000,-1,0
0.02214,2,-1,WAIT_RELEASE,0,0,0,400000000000,-1,0
0.02214,3,-1,WAIT_RELEASE,0,0,0,400000000000,-1,0
0.02216,0,0,INJECTING,462862400,462709128,5027229095,320000000000,-1,0
0.02216,1,-1,WAIT_RELEASE,0,0,0,400000000000,-1,0
0.02216,2,-1,WAIT_RELEASE,0,0,0,400000000000,-1,0
0.02216,3,-1,WAIT_RELEASE,0,0,0,400000000000,-1,0
0.02218,0,0,INJECTING,463624000,463470728,5027229095,320000000000,-1,0
0.02218,1,-1,WAIT_RELEASE,0,0,0,400000000000,-1,0
0.02218,2,-1,WAIT_RELEASE,0,0,0,400000000000,-1,0
0.02218,3,-1,WAIT_RELEASE,0,0,0,400000000000,-1,0
0.0222,0,0,INJECTING,464385600,464232328,5027229095,320000000000,-1,0
0.0222,1,-1,WAIT_RELEASE,0,0,0,400000000000,-1,0
0.0222,2,-1,WAIT_RELEASE,0,0,0,400000000000,-1,0
0.0222,3,-1,WAIT_RELEASE,0,0,0,400000000000,-1,0
0.02222,0,0,INJECTING,465147200,464993928,5027229095,320000000000,-1,0
0.02222,1,-1,WAIT_RELEASE,0,0,0,400000000000,-1,0
0.02222,2,-1,WAIT_RELEASE,0,0,0,400000000000,-1,0
0.02222,3,-1,WAIT_RELEASE,0,0,0,400000000000,-1,0
0.02224,0,0,INJECTING,465908800,465755528,5027229095,320000000000,-1,0
0.02224,1,-1,WAIT_RELEASE,0,0,0,400000000000,-1,0
0.02224,2,-1,WAIT_RELEASE,0,0,0,400000000000,-1,0
0.02224,3,-1,WAIT_RELEASE,0,0,0,400000000000,-1,0
0.02226,0,0,INJECTING,466670400,466517128,5027229095,320000000000,-1,0
0.02226,1,-1,WAIT_RELEASE,0,0,0,400000000000,-1,0
0.02226,2,-1,WAIT_RELEASE,0,0,0,400000000000,-1,0
0.02226,3,-1,WAIT_RELEASE,0,0,0,400000000000,-1,0
0.02228,0,0,INJECTING,467432000,467278728,5027229095,320000000000,-1,0
0.02228,1,-1,WAIT_RELEASE,0,0,0,400000000000,-1,0
0.02228,2,-1,WAIT_RELEASE,0,0,0,400000000000,-1,0
0.02228,3,-1,WAIT_RELEASE,0,0,0,400000000000,-1,0
0.0223,0,0,INJECTING,468193600,468040328,5027229095,320000000000,-1,0
0.0223,1,-1,WAIT_RELEASE,0,0,0,400000000000,-1,0
0.0223,2,-1,WAIT_RELEASE,0,0,0,400000000000,-1,0
0.0223,3,-1,WAIT_RELEASE,0,0,0,400000000000,-1,0
0.02232,0,0,INJECTING,468955200,468801928,5027229095,320000000000,-1,0
0.02232,1,-1,WAIT_RELEASE,0,0,0,400000000000,-1,0
0.02232,2,-1,WAIT_RELEASE,0,0,0,400000000000,-1,0
0.02232,3,-1,WAIT_RELEASE,0,0,0,400000000000,-1,0
0.02234,0,0,INJECTING,469716800,469563528,5027229095,320000000000,-1,0
0.02234,1,-1,WAIT_RELEASE,0,0,0,400000000000,-1,0
0.02234,2,-1,WAIT_RELEASE,0,0,0,400000000000,-1,0
0.02234,3,-1,WAIT_RELEASE,0,0,0,400000000000,-1,0
0.02236,0,0,INJECTING,470478400,470325128,5027229095,320000000000,-1,0
0.02236,1,-1,WAIT_RELEASE,0,0,0,400000000000,-1,0
0.02236,2,-1,WAIT_RELEASE,0,0,0,400000000000,-1,0
0.02236,3,-1,WAIT_RELEASE,0,0,0,400000000000,-1,0
0.02238,0,0,INJECTING,471240000,471086728,5027229095,320000000000,-1,0
0.02238,1,-1,WAIT_RELEASE,0,0,0,400000000000,-1,0
0.02238,2,-1,WAIT_RELEASE,0,0,0,400000000000,-1,0
0.02238,3,-1,WAIT_RELEASE,0,0,0,400000000000,-1,0
0.0224,0,0,INJECTING,472001600,471848328,5027229095,320000000000,-1,0
0.0224,1,-1,WAIT_RELEASE,0,0,0,400000000000,-1,0
0.0224,2,-1,WAIT_RELEASE,0,0,0,400000000000,-1,0
0.0224,3,-1,WAIT_RELEASE,0,0,0,400000000000,-1,0
0.02242,0,0,INJECTING,472763200,472609928,5027229095,320000000000,-1,0
0.02242,1,-1,WAIT_RELEASE,0,0,0,400000000000,-1,0
0.02242,2,-1,WAIT_RELEASE,0,0,0,400000000000,-1,0
0.02242,3,-1,WAIT_RELEASE,0,0,0,400000000000,-1,0
0.02244,0,0,INJECTING,473524800,473371528,5027229095,320000000000,-1,0
0.02244,1,-1,WAIT_RELEASE,0,0,0,400000000000,-1,0
0.02244,2,-1,WAIT_RELEASE,0,0,0,400000000000,-1,0
0.02244,3,-1,WAIT_RELEASE,0,0,0,400000000000,-1,0
0.02246,0,0,INJECTING,474286400,474133128,5027229095,320000000000,-1,0
0.02246,1,-1,WAIT_RELEASE,0,0,0,400000000000,-1,0
0.02246,2,-1,WAIT_RELEASE,0,0,0,400000000000,-1,0
0.02246,3,-1,WAIT_RELEASE,0,0,0,400000000000,-1,0
0.02248,0,0,INJECTING,475048000,474894728,5027229095,320000000000,-1,0
0.02248,1,-1,WAIT_RELEASE,0,0,0,400000000000,-1,0
0.02248,2,-1,WAIT_RELEASE,0,0,0,400000000000,-1,0
0.02248,3,-1,WAIT_RELEASE,0,0,0,400000000000,-1,0
0.0225,0,0,INJECTING,475809600,475656328,5027229095,320000000000,-1,0
0.0225,1,-1,WAIT_RELEASE,0,0,0,400000000000,-1,0
0.0225,2,-1,WAIT_RELEASE,0,0,0,400000000000,-1,0
0.0225,3,-1,WAIT_RELEASE,0,0,0,400000000000,-1,0
0.02252,0,0,INJECTING,476571200,476417928,5027229095,320000000000,-1,0
0.02252,1,-1,WAIT_RELEASE,0,0,0,400000000000,-1,0
0.02252,2,-1,WAIT_RELEASE,0,0,0,400000000000,-1,0
0.02252,3,-1,WAIT_RELEASE,0,0,0,400000000000,-1,0
0.02254,0,0,INJECTING,477332800,477179528,5027229095,320000000000,-1,0
0.02254,1,-1,WAIT_RELEASE,0,0,0,400000000000,-1,0
0.02254,2,-1,WAIT_RELEASE,0,0,0,400000000000,-1,0
0.02254,3,-1,WAIT_RELEASE,0,0,0,400000000000,-1,0
0.02256,0,0,INJECTING,478094400,477941128,5027229095,320000000000,-1,0
0.02256,1,-1,WAIT_RELEASE,0,0,0,400000000000,-1,0
0.02256,2,-1,WAIT_RELEASE,0,0,0,400000000000,-1,0
0.02256,3,-1,WAIT_RELEASE,0,0,0,400000000000,-1,0
0.02258,0,0,INJECTING,478856000,478702728,5027229095,320000000000,-1,0
0.02258,1,-1,WAIT_RELEASE,0,0,0,400000000000,-1,0
0.02258,2,-1,WAIT_RELEASE,0,0,0,400000000000,-1,0
0.02258,3,-1,WAIT_RELEASE,0,0,0,400000000000,-1,0
0.0226,0,0,INJECTING,479617600,479464328,5027229095,320000000000,-1,0
0.0226,1,-1,WAIT_RELEASE,0,0,0,400000000000,-1,0
0.0226,2,-1,WAIT_RELEASE,0,0,0,400000000000,-1,0
0.0226,3,-1,WAIT_RELEASE,0,0,0,400000000000,-1,0
0.02262,0,0,INJECTING,480379200,480225928,5027229095,320000000000,-1,0
0.02262,1,-1,WAIT_RELEASE,0,0,0,400000000000,-1,0
0.02262,2,-1,WAIT_RELEASE,0,0,0,400000000000,-1,0
0.02262,3,-1,WAIT_RELEASE,0,0,0,400000000000,-1,0
0.02264,0,0,INJECTING,481140800,480987528,5027229095,320000000000,-1,0
0.02264,1,-1,WAIT_RELEASE,0,0,0,400000000000,-1,0
0.02264,2,-1,WAIT_RELEASE,0,0,0,400000000000,-1,0
0.02264,3,-1,WAIT_RELEASE,0,0,0,400000000000,-1,0
0.02266,0,0,INJECTING,481902400,481749128,5027229095,320000000000,-1,0
0.02266,1,-1,WAIT_RELEASE,0,0,0,400000000000,-1,0
0.02266,2,-1,WAIT_RELEASE,0,0,0,400000000000,-1,0
0.02266,3,-1,WAIT_RELEASE,0,0,0,400000000000,-1,0
0.02268,0,0,INJECTING,482664000,482510728,5027229095,320000000000,-1,0
0.02268,1,-1,WAIT_RELEASE,0,0,0,400000000000,-1,0
0.02268,2,-1,WAIT_RELEASE,0,0,0,400000000000,-1,0
0.02268,3,-1,WAIT_RELEASE,0,0,0,400000000000,-1,0
0.0227,0,0,INJECTING,483425600,483272328,5027229095,320000000000,-1,0
0.0227,1,-1,WAIT_RELEASE,0,0,0,400000000000,-1,0
0.0227,2,-1,WAIT_RELEASE,0,0,0,400000000000,-1,0
0.0227,3,-1,WAIT_RELEASE,0,0,0,400000000000,-1,0
0.02272,0,0,INJECTING,484187200,484033928,5027229095,320000000000,-1,0
0.02272,1,-1,WAIT_RELEASE,0,0,0,400000000000,-1,0
0.02272,2,-1,WAIT_RELEASE,0,0,0,400000000000,-1,0
0.02272,3,-1,WAIT_RELEASE,0,0,0,400000000000,-1,0
0.02274,0,0,INJECTING,484948800,484795528,5027229095,320000000000,-1,0
0.02274,1,-1,WAIT_RELEASE,0,0,0,400000000000,-1,0
0.02274,2,-1,WAIT_RELEASE,0,0,0,400000000000,-1,0
0.02274,3,-1,WAIT_RELEASE,0,0,0,400000000000,-1,0
0.02276,0,0,INJECTING,485710400,485557128,5027229095,320000000000,-1,0
0.02276,1,-1,WAIT_RELEASE,0,0,0,400000000000,-1,0
0.02276,2,-1,WAIT_RELEASE,0,0,0,400000000000,-1,0
0.02276,3,-1,WAIT_RELEASE,0,0,0,400000000000,-1,0
0.02278,0,0,INJECTING,486472000,486318728,5027229095,320000000000,-1,0
0.02278,1,-1,WAIT_RELEASE,0,0,0,400000000000,-1,0
0.02278,2,-1,WAIT_RELEASE,0,0,0,400000000000,-1,0
0.02278,3,-1,WAIT_RELEASE,0,0,0,400000000000,-1,0
0.0228,0,0,INJECTING,487233600,487080328,5027229095,320000000000,-1,0
0.0228,1,-1,WAIT_RELEASE,0,0,0,400000000000,-1,0
0.0228,2,-1,WAIT_RELEASE,0,0,0,400000000000,-1,0
0.0228,3,-1,WAIT_RELEASE,0,0,0,400000000000,-1,0
0.02282,0,0,INJECTING,487995200,487841928,5027229095,320000000000,-1,0
0.02282,1,-1,WAIT_RELEASE,0,0,0,400000000000,-1,0
0.02282,2,-1,WAIT_RELEASE,0,0,0,400000000000,-1,0
0.02282,3,-1,WAIT_RELEASE,0,0,0,400000000000,-1,0
0.02284,0,0,INJECTING,488756800,488603528,5027229095,320000000000,-1,0
0.02284,1,-1,WAIT_RELEASE,0,0,0,400000000000,-1,0
0.02284,2,-1,WAIT_RELEASE,0,0,0,400000000000,-1,0
0.02284,3,-1,WAIT_RELEASE,0,0,0,400000000000,-1,0
0.02286,0,0,INJECTING,489518400,489365128,5027229095,320000000000,-1,0
0.02286,1,-1,WAIT_RELEASE,0,0,0,400000000000,-1,0
0.02286,2,-1,WAIT_RELEASE,0,0,0,400000000000,-1,0
0.02286,3,-1,WAIT_RELEASE,0,0,0,400000000000,-1,0
0.02288,0,0,INJECTING,490280000,490126728,5027229095,320000000000,-1,0
0.02288,1,-1,WAIT_RELEASE,0,0,0,400000000000,-1,0
0.02288,2,-1,WAIT_RELEASE,0,0,0,400000000000,-1,0
0.02288,3,-1,WAIT_RELEASE,0,0,0,400000000000,-1,0
0.0229,0,0,INJECTING,491041600,490888328,5027229095,320000000000,-1,0
0.0229,1,-1,WAIT_RELEASE,0,0,0,400000000000,-1,0
0.0229,2,-1,WAIT_RELEASE,0,0,0,400000000000,-1,0
0.0229,3,-1,WAIT_RELEASE,0,0,0,400000000000,-1,0
0.02292,0,0,INJECTING,491803200,491649928,5027229095,320000000000,-1,0
0.02292,1,-1,WAIT_RELEASE,0,0,0,400000000000,-1,0
0.02292,2,-1,WAIT_RELEASE,0,0,0,400000000000,-1,0
0.02292,3,-1,WAIT_RELEASE,0,0,0,400000000000,-1,0
0.02294,0,0,INJECTING,492564800,492411528,5027229095,320000000000,-1,0
0.02294,1,-1,WAIT_RELEASE,0,0,0,400000000000,-1,0
0.02294,2,-1,WAIT_RELEASE,0,0,0,400000000000,-1,0
0.02294,3,-1,WAIT_RELEASE,0,0,0,400000000000,-1,0
0.02296,0,0,INJECTING,493326400,493173128,5027229095,320000000000,-1,0
0.02296,1,-1,WAIT_RELEASE,0,0,0,400000000000,-1,0
0.02296,2,-1,WAIT_RELEASE,0,0,0,400000000000,-1,0
0.02296,3,-1,WAIT_RELEASE,0,0,0,400000000000,-1,0
0.02298,0,0,INJECTING,494088000,493934728,5027229095,320000000000,-1,0
0.02298,1,-1,WAIT_RELEASE,0,0,0,400000000000,-1,0
0.02298,2,-1,WAIT_RELEASE,0,0,0,400000000000,-1,0
0.02298,3,-1,WAIT_RELEASE,0,0,0,400000000000,-1,0
0.023,0,0,INJECTING,494849600,494696328,5027229095,320000000000,-1,0
0.023,1,-1,WAIT_RELEASE,0,0,0,400000000000,-1,0
0.023,2,-1,WAIT_RELEASE,0,0,0,400000000000,-1,0
0.023,3,-1,WAIT_RELEASE,0,0,0,400000000000,-1,0
0.02302,0,0,INJECTING,495611200,495457928,5027229095,320000000000,-1,0
0.02302,1,-1,WAIT_RELEASE,0,0,0,400000000000,-1,0
0.02302,2,-1,WAIT_RELEASE,0,0,0,400000000000,-1,0
0.02302,3,-1,WAIT_RELEASE,0,0,0,400000000000,-1,0
0.02304,0,0,INJECTING,496372800,496219528,5027229095,320000000000,-1,0
0.02304,1,-1,WAIT_RELEASE,0,0,0,400000000000,-1,0
0.02304,2,-1,WAIT_RELEASE,0,0,0,400000000000,-1,0
0.02304,3,-1,WAIT_RELEASE,0,0,0,400000000000,-1,0
0.02306,0,0,INJECTING,497134400,496981128,5027229095,320000000000,-1,0
0.02306,1,-1,WAIT_RELEASE,0,0,0,400000000000,-1,0
0.02306,2,-1,WAIT_RELEASE,0,0,0,400000000000,-1,0
0.02306,3,-1,WAIT_RELEASE,0,0,0,400000000000,-1,0
0.02308,0,0,INJECTING,497896000,497742728,5027229095,320000000000,-1,0
0.02308,1,-1,WAIT_RELEASE,0,0,0,400000000000,-1,0
0.02308,2,-1,WAIT_RELEASE,0,0,0,400000000000,-1,0
0.02308,3,-1,WAIT_RELEASE,0,0,0,400000000000,-1,0
0.0231,0,0,INJECTING,498657600,498504328,5027229095,320000000000,-1,0
0.0231,1,-1,WAIT_RELEASE,0,0,0,400000000000,-1,0
0.0231,2,-1,WAIT_RELEASE,0,0,0,400000000000,-1,0
0.0231,3,-1,WAIT_RELEASE,0,0,0,400000000000,-1,0
0.02312,0,0,INJECTING,499419200,499265928,5027229095,320000000000,-1,0
0.02312,1,-1,WAIT_RELEASE,0,0,0,400000000000,-1,0
0.02312,2,-1,WAIT_RELEASE,0,0,0,400000000000,-1,0
0.02312,3,-1,WAIT_RELEASE,0,0,0,400000000000,-1,0
0.02314,0,0,INJECTING,500180800,500027528,5027229095,320000000000,-1,0
0.02314,1,-1,WAIT_RELEASE,0,0,0,400000000000,-1,0
0.02314,2,-1,WAIT_RELEASE,0,0,0,400000000000,-1,0
0.02314,3,-1,WAIT_RELEASE,0,0,0,400000000000,-1,0
0.02316,0,0,INJECTING,500942400,500789128,5027229095,320000000000,-1,0
0.02316,1,-1,WAIT_RELEASE,0,0,0,400000000000,-1,0
0.02316,2,-1,WAIT_RELEASE,0,0,0,400000000000,-1,0
0.02316,3,-1,WAIT_RELEASE,0,0,0,400000000000,-1,0
0.02318,0,0,INJECTING,501704000,501550728,5027229095,320000000000,-1,0
0.02318,1,-1,WAIT_RELEASE,0,0,0,400000000000,-1,0
0.02318,2,-1,WAIT_RELEASE,0,0,0,400000000000,-1,0
0.02318,3,-1,WAIT_RELEASE,0,0,0,400000000000,-1,0
0.0232,0,0,INJECTING,502465600,502312328,5027229095,320000000000,-1,0
0.0232,1,-1,WAIT_RELEASE,0,0,0,400000000000,-1,0
0.0232,2,-1,WAIT_RELEASE,0,0,0,400000000000,-1,0
0.0232,3,-1,WAIT_RELEASE,0,0,0,400000000000,-1,0
0.02322,0,0,INJECTING,503227200,503073928,5027229095,320000000000,-1,0
0.02322,1,-1,WAIT_RELEASE,0,0,0,400000000000,-1,0
0.02322,2,-1,WAIT_RELEASE,0,0,0,400000000000,-1,0
0.02322,3,-1,WAIT_RELEASE,0,0,0,400000000000,-1,0
0.02324,0,0,INJECTING,503988800,503835528,5027229095,320000000000,-1,0
0.02324,1,-1,WAIT_RELEASE,0,0,0,400000000000,-1,0
0.02324,2,-1,WAIT_RELEASE,0,0,0,400000000000,-1,0
0.02324,3,-1,WAIT_RELEASE,0,0,0,400000000000,-1,0
0.02326,0,0,INJECTING,504750400,504597128,5027229095,320000000000,-1,0
0.02326,1,-1,WAIT_RELEASE,0,0,0,400000000000,-1,0
0.02326,2,-1,WAIT_RELEASE,0,0,0,400000000000,-1,0
0.02326,3,-1,WAIT_RELEASE,0,0,0,400000000000,-1,0
0.02328,0,0,INJECTING,505512000,505358728,5027229095,320000000000,-1,0
0.02328,1,-1,WAIT_RELEASE,0,0,0,400000000000,-1,0
0.02328,2,-1,WAIT_RELEASE,0,0,0,400000000000,-1,0
0.02328,3,-1,WAIT_RELEASE,0,0,0,400000000000,-1,0
0.0233,0,0,INJECTING,506273600,506120328,5027229095,320000000000,-1,0
0.0233,1,-1,WAIT_RELEASE,0,0,0,400000000000,-1,0
0.0233,2,-1,WAIT_RELEASE,0,0,0,400000000000,-1,0
0.0233,3,-1,WAIT_RELEASE,0,0,0,400000000000,-1,0
0.02332,0,0,INJECTING,507035200,506881928,5027229095,320000000000,-1,0
0.02332,1,-1,WAIT_RELEASE,0,0,0,400000000000,-1,0
0.02332,2,-1,WAIT_RELEASE,0,0,0,400000000000,-1,0
0.02332,3,-1,WAIT_RELEASE,0,0,0,400000000000,-1,0
0.02334,0,0,INJECTING,507796800,507643528,5027229095,320000000000,-1,0
0.02334,1,-1,WAIT_RELEASE,0,0,0,400000000000,-1,0
0.02334,2,-1,WAIT_RELEASE,0,0,0,400000000000,-1,0
0.02334,3,-1,WAIT_RELEASE,0,0,0,400000000000,-1,0
0.02336,0,0,INJECTING,508558400,508405128,5027229095,320000000000,-1,0
0.02336,1,-1,WAIT_RELEASE,0,0,0,400000000000,-1,0
0.02336,2,-1,WAIT_RELEASE,0,0,0,400000000000,-1,0
0.02336,3,-1,WAIT_RELEASE,0,0,0,400000000000,-1,0
0.02338,0,0,INJECTING,509320000,509166728,5027229095,320000000000,-1,0
0.02338,1,-1,WAIT_RELEASE,0,0,0,400000000000,-1,0
0.02338,2,-1,WAIT_RELEASE,0,0,0,400000000000,-1,0
0.02338,3,-1,WAIT_RELEASE,0,0,0,400000000000,-1,0
0.0234,0,0,INJECTING,510081600,509928328,5027229095,320000000000,-1,0
0.0234,1,-1,WAIT_RELEASE,0,0,0,400000000000,-1,0
0.0234,2,-1,WAIT_RELEASE,0,0,0,400000000000,-1,0
0.0234,3,-1,WAIT_RELEASE,0,0,0,400000000000,-1,0
0.02342,0,0,INJECTING,510843200,510689928,5027229095,320000000000,-1,0
0.02342,1,-1,WAIT_RELEASE,0,0,0,400000000000,-1,0
0.02342,2,-1,WAIT_RELEASE,0,0,0,400000000000,-1,0
0.02342,3,-1,WAIT_RELEASE,0,0,0,400000000000,-1,0
0.02344,0,0,INJECTING,511604800,511451528,5027229095,320000000000,-1,0
0.02344,1,-1,WAIT_RELEASE,0,0,0,400000000000,-1,0
0.02344,2,-1,WAIT_RELEASE,0,0,0,400000000000,-1,0
0.02344,3,-1,WAIT_RELEASE,0,0,0,400000000000,-1,0
0.02346,0,0,INJECTING,512366400,512213128,5027229095,320000000000,-1,0
0.02346,1,-1,WAIT_RELEASE,0,0,0,400000000000,-1,0
0.02346,2,-1,WAIT_RELEASE,0,0,0,400000000000,-1,0
0.02346,3,-1,WAIT_RELEASE,0,0,0,400000000000,-1,0
0.02348,0,0,INJECTING,513128000,512974728,5027229095,320000000000,-1,0
0.02348,1,-1,WAIT_RELEASE,0,0,0,400000000000,-1,0
0.02348,2,-1,WAIT_RELEASE,0,0,0,400000000000,-1,0
0.02348,3,-1,WAIT_RELEASE,0,0,0,400000000000,-1,0
0.0235,0,0,INJECTING,513889600,513736328,5027229095,320000000000,-1,0
0.0235,1,-1,WAIT_RELEASE,0,0,0,400000000000,-1,0
0.0235,2,-1,WAIT_RELEASE,0,0,0,400000000000,-1,0
0.0235,3,-1,WAIT_RELEASE,0,0,0,400000000000,-1,0
0.02352,0,0,INJECTING,514651200,514497928,5027229095,320000000000,-1,0
0.02352,1,-1,WAIT_RELEASE,0,0,0,400000000000,-1,0
0.02352,2,-1,WAIT_RELEASE,0,0,0,400000000000,-1,0
0.02352,3,-1,WAIT_RELEASE,0,0,0,400000000000,-1,0
0.02354,0,0,INJECTING,515412800,515259528,5027229095,320000000000,-1,0
0.02354,1,-1,WAIT_RELEASE,0,0,0,400000000000,-1,0
0.02354,2,-1,WAIT_RELEASE,0,0,0,400000000000,-1,0
0.02354,3,-1,WAIT_RELEASE,0,0,0,400000000000,-1,0
0.02356,0,0,INJECTING,516174400,516021128,5027229095,320000000000,-1,0
0.02356,1,-1,WAIT_RELEASE,0,0,0,400000000000,-1,0
0.02356,2,-1,WAIT_RELEASE,0,0,0,400000000000,-1,0
0.02356,3,-1,WAIT_RELEASE,0,0,0,400000000000,-1,0
0.02358,0,0,INJECTING,516936000,516782728,5027229095,320000000000,-1,0
0.02358,1,-1,WAIT_RELEASE,0,0,0,400000000000,-1,0
0.02358,2,-1,WAIT_RELEASE,0,0,0,400000000000,-1,0
0.02358,3,-1,WAIT_RELEASE,0,0,0,400000000000,-1,0
0.0236,0,0,INJECTING,517697600,517544328,5027229095,320000000000,-1,0
0.0236,1,-1,WAIT_RELEASE,0,0,0,400000000000,-1,0
0.0236,2,-1,WAIT_RELEASE,0,0,0,400000000000,-1,0
0.0236,3,-1,WAIT_RELEASE,0,0,0,400000000000,-1,0
0.02362,0,0,INJECTING,518459200,518305928,5027229095,320000000000,-1,0
0.02362,1,-1,WAIT_RELEASE,0,0,0,400000000000,-1,0
0.02362,2,-1,WAIT_RELEASE,0,0,0,400000000000,-1,0
0.02362,3,-1,WAIT_RELEASE,0,0,0,400000000000,-1,0
0.02364,0,0,INJECTING,519220800,519067528,5027229095,320000000000,-1,0
0.02364,1,-1,WAIT_RELEASE,0,0,0,400000000000,-1,0
0.02364,2,-1,WAIT_RELEASE,0,0,0,400000000000,-1,0
0.02364,3,-1,WAIT_RELEASE,0,0,0,400000000000,-1,0
0.02366,0,0,INJECTING,519982400,519829128,5027229095,320000000000,-1,0
0.02366,1,-1,WAIT_RELEASE,0,0,0,400000000000,-1,0
0.02366,2,-1,WAIT_RELEASE,0,0,0,400000000000,-1,0
0.02366,3,-1,WAIT_RELEASE,0,0,0,400000000000,-1,0
0.02368,0,0,INJECTING,520744000,520590728,5027229095,320000000000,-1,0
0.02368,1,-1,WAIT_RELEASE,0,0,0,400000000000,-1,0
0.02368,2,-1,WAIT_RELEASE,0,0,0,400000000000,-1,0
0.02368,3,-1,WAIT_RELEASE,0,0,0,400000000000,-1,0
0.0237,0,0,INJECTING,521505600,521352328,5027229095,320000000000,-1,0
0.0237,1,-1,WAIT_RELEASE,0,0,0,400000000000,-1,0
0.0237,2,-1,WAIT_RELEASE,0,0,0,400000000000,-1,0
0.0237,3,-1,WAIT_RELEASE,0,0,0,400000000000,-1,0
0.02372,0,0,INJECTING,522267200,522113928,5027229095,320000000000,-1,0
0.02372,1,-1,WAIT_RELEASE,0,0,0,400000000000,-1,0
0.02372,2,-1,WAIT_RELEASE,0,0,0,400000000000,-1,0
0.02372,3,-1,WAIT_RELEASE,0,0,0,400000000000,-1,0
0.02374,0,0,INJECTING,523028800,522875528,5027229095,320000000000,-1,0
0.02374,1,-1,WAIT_RELEASE,0,0,0,400000000000,-1,0
0.02374,2,-1,WAIT_RELEASE,0,0,0,400000000000,-1,0
0.02374,3,-1,WAIT_RELEASE,0,0,0,400000000000,-1,0
0.02376,0,0,INJECTING,523790400,523637128,5027229095,320000000000,-1,0
0.02376,1,-1,WAIT_RELEASE,0,0,0,400000000000,-1,0
0.02376,2,-1,WAIT_RELEASE,0,0,0,400000000000,-1,0
0.02376,3,-1,WAIT_RELEASE,0,0,0,400000000000,-1,0
0.02378,0,0,INJECTING,524552000,524398728,5027229095,320000000000,-1,0
0.02378,1,-1,WAIT_RELEASE,0,0,0,400000000000,-1,0
0.02378,2,-1,WAIT_RELEASE,0,0,0,400000000000,-1,0
0.02378,3,-1,WAIT_RELEASE,0,0,0,400000000000,-1,0
0.0238,0,0,INJECTING,525313600,525160328,5027229095,320000000000,-1,0
0.0238,1,-1,WAIT_RELEASE,0,0,0,400000000000,-1,0
0.0238,2,-1,WAIT_RELEASE,0,0,0,400000000000,-1,0
0.0238,3,-1,WAIT_RELEASE,0,0,0,400000000000,-1,0
0.02382,0,0,INJECTING,526075200,525921928,5027229095,320000000000,-1,0
0.02382,1,-1,WAIT_RELEASE,0,0,0,400000000000,-1,0
0.02382,2,-1,WAIT_RELEASE,0,0,0,400000000000,-1,0
0.02382,3,-1,WAIT_RELEASE,0,0,0,400000000000,-1,0
0.02384,0,0,INJECTING,526836800,526683528,5027229095,320000000000,-1,0
0.02384,1,-1,WAIT_RELEASE,0,0,0,400000000000,-1,0
0.02384,2,-1,WAIT_RELEASE,0,0,0,400000000000,-1,0
0.02384,3,-1,WAIT_RELEASE,0,0,0,400000000000,-1,0
0.02386,0,0,INJECTING,527598400,527445128,5027229095,320000000000,-1,0
0.02386,1,-1,WAIT_RELEASE,0,0,0,400000000000,-1,0
0.02386,2,-1,WAIT_RELEASE,0,0,0,400000000000,-1,0
0.02386,3,-1,WAIT_RELEASE,0,0,0,400000000000,-1,0
0.02388,0,0,INJECTING,528360000,528206728,5027229095,320000000000,-1,0
0.02388,1,-1,WAIT_RELEASE,0,0,0,400000000000,-1,0
0.02388,2,-1,WAIT_RELEASE,0,0,0,400000000000,-1,0
0.02388,3,-1,WAIT_RELEASE,0,0,0,400000000000,-1,0
0.0239,0,0,INJECTING,529121600,528968328,5027229095,320000000000,-1,0
0.0239,1,-1,WAIT_RELEASE,0,0,0,400000000000,-1,0
0.0239,2,-1,WAIT_RELEASE,0,0,0,400000000000,-1,0
0.0239,3,-1,WAIT_RELEASE,0,0,0,400000000000,-1,0
0.02392,0,0,INJECTING,529883200,529729928,5027229095,320000000000,-1,0
0.02392,1,-1,WAIT_RELEASE,0,0,0,400000000000,-1,0
0.02392,2,-1,WAIT_RELEASE,0,0,0,400000000000,-1,0
0.02392,3,-1,WAIT_RELEASE,0,0,0,400000000000,-1,0
0.02394,0,0,INJECTING,530644800,530491528,5027229095,320000000000,-1,0
0.02394,1,-1,WAIT_RELEASE,0,0,0,400000000000,-1,0
0.02394,2,-1,WAIT_RELEASE,0,0,0,400000000000,-1,0
0.02394,3,-1,WAIT_RELEASE,0,0,0,400000000000,-1,0
0.02396,0,0,INJECTING,531406400,531253128,5027229095,320000000000,-1,0
0.02396,1,-1,WAIT_RELEASE,0,0,0,400000000000,-1,0
0.02396,2,-1,WAIT_RELEASE,0,0,0,400000000000,-1,0
0.02396,3,-1,WAIT_RELEASE,0,0,0,400000000000,-1,0
0.02398,0,0,INJECTING,532168000,532014728,5027229095,320000000000,-1,0
0.02398,1,-1,WAIT_RELEASE,0,0,0,400000000000,-1,0
0.02398,2,-1,WAIT_RELEASE,0,0,0,400000000000,-1,0
0.02398,3,-1,WAIT_RELEASE,0,0,0,400000000000,-1,0
0.024,0,0,INJECTING,532929600,532776328,5027229095,320000000000,-1,0
0.024,1,-1,WAIT_RELEASE,0,0,0,400000000000,-1,0
0.024,2,-1,WAIT_RELEASE,0,0,0,400000000000,-1,0
0.024,3,-1,WAIT_RELEASE,0,0,0,400000000000,-1,0
0.02402,0,0,INJECTING,533691200,533537928,5027229095,320000000000,-1,0
0.02402,1,-1,WAIT_RELEASE,0,0,0,400000000000,-1,0
0.02402,2,-1,WAIT_RELEASE,0,0,0,400000000000,-1,0
0.02402,3,-1,WAIT_RELEASE,0,0,0,400000000000,-1,0
0.02404,0,0,INJECTING,534452800,534299528,5027229095,320000000000,-1,0
0.02404,1,-1,WAIT_RELEASE,0,0,0,400000000000,-1,0
0.02404,2,-1,WAIT_RELEASE,0,0,0,400000000000,-1,0
0.02404,3,-1,WAIT_RELEASE,0,0,0,400000000000,-1,0
0.02406,0,0,INJECTING,535214400,535061128,5027229095,320000000000,-1,0
0.02406,1,-1,WAIT_RELEASE,0,0,0,400000000000,-1,0
0.02406,2,-1,WAIT_RELEASE,0,0,0,400000000000,-1,0
0.02406,3,-1,WAIT_RELEASE,0,0,0,400000000000,-1,0
0.02408,0,0,INJECTING,535976000,535822728,5027229095,320000000000,-1,0
0.02408,1,-1,WAIT_RELEASE,0,0,0,400000000000,-1,0
0.02408,2,-1,WAIT_RELEASE,0,0,0,400000000000,-1,0
0.02408,3,-1,WAIT_RELEASE,0,0,0,400000000000,-1,0
0.0241,0,0,INJECTING,536737600,536584328,5027229095,320000000000,-1,0
0.0241,1,-1,WAIT_RELEASE,0,0,0,400000000000,-1,0
0.0241,2,-1,WAIT_RELEASE,0,0,0,400000000000,-1,0
0.0241,3,-1,WAIT_RELEASE,0,0,0,400000000000,-1,0
0.02412,0,0,INJECTING,537499200,537345928,5027229095,320000000000,-1,0
0.02412,1,-1,WAIT_RELEASE,0,0,0,400000000000,-1,0
0.02412,2,-1,WAIT_RELEASE,0,0,0,400000000000,-1,0
0.02412,3,-1,WAIT_RELEASE,0,0,0,400000000000,-1,0
0.02414,0,0,INJECTING,538260800,538107528,5027229095,320000000000,-1,0
0.02414,1,-1,WAIT_RELEASE,0,0,0,400000000000,-1,0
0.02414,2,-1,WAIT_RELEASE,0,0,0,400000000000,-1,0
0.02414,3,-1,WAIT_RELEASE,0,0,0,400000000000,-1,0
0.02416,0,0,INJECTING,539022400,538869128,5027229095,320000000000,-1,0
0.02416,1,-1,WAIT_RELEASE,0,0,0,400000000000,-1,0
0.02416,2,-1,WAIT_RELEASE,0,0,0,400000000000,-1,0
0.02416,3,-1,WAIT_RELEASE,0,0,0,400000000000,-1,0
0.02418,0,0,INJECTING,539784000,539630728,5027229095,320000000000,-1,0
0.02418,1,-1,WAIT_RELEASE,0,0,0,400000000000,-1,0
0.02418,2,-1,WAIT_RELEASE,0,0,0,400000000000,-1,0
0.02418,3,-1,WAIT_RELEASE,0,0,0,400000000000,-1,0
0.0242,0,0,INJECTING,540545600,540392328,5027229095,320000000000,-1,0
0.0242,1,-1,WAIT_RELEASE,0,0,0,400000000000,-1,0
0.0242,2,-1,WAIT_RELEASE,0,0,0,400000000000,-1,0
0.0242,3,-1,WAIT_RELEASE,0,0,0,400000000000,-1,0
0.02422,0,0,INJECTING,541307200,541153928,5027229095,320000000000,-1,0
0.02422,1,-1,WAIT_RELEASE,0,0,0,400000000000,-1,0
0.02422,2,-1,WAIT_RELEASE,0,0,0,400000000000,-1,0
0.02422,3,-1,WAIT_RELEASE,0,0,0,400000000000,-1,0
0.02424,0,0,INJECTING,542068800,541915528,5027229095,320000000000,-1,0
0.02424,1,-1,WAIT_RELEASE,0,0,0,400000000000,-1,0
0.02424,2,-1,WAIT_RELEASE,0,0,0,400000000000,-1,0
0.02424,3,-1,WAIT_RELEASE,0,0,0,400000000000,-1,0
0.02426,0,0,INJECTING,542830400,542677128,5027229095,320000000000,-1,0
0.02426,1,-1,WAIT_RELEASE,0,0,0,400000000000,-1,0
0.02426,2,-1,WAIT_RELEASE,0,0,0,400000000000,-1,0
0.02426,3,-1,WAIT_RELEASE,0,0,0,400000000000,-1,0
0.02428,0,0,INJECTING,543592000,543438728,5027229095,320000000000,-1,0
0.02428,1,-1,WAIT_RELEASE,0,0,0,400000000000,-1,0
0.02428,2,-1,WAIT_RELEASE,0,0,0,400000000000,-1,0
0.02428,3,-1,WAIT_RELEASE,0,0,0,400000000000,-1,0
0.0243,0,0,INJECTING,544353600,544200328,5027229095,320000000000,-1,0
0.0243,1,-1,WAIT_RELEASE,0,0,0,400000000000,-1,0
0.0243,2,-1,WAIT_RELEASE,0,0,0,400000000000,-1,0
0.0243,3,-1,WAIT_RELEASE,0,0,0,400000000000,-1,0
0.02432,0,0,INJECTING,545115200,544961928,5027229095,320000000000,-1,0
0.02432,1,-1,WAIT_RELEASE,0,0,0,400000000000,-1,0
0.02432,2,-1,WAIT_RELEASE,0,0,0,400000000000,-1,0
0.02432,3,-1,WAIT_RELEASE,0,0,0,400000000000,-1,0
0.02434,0,0,INJECTING,545876800,545723528,5027229095,320000000000,-1,0
0.02434,1,-1,WAIT_RELEASE,0,0,0,400000000000,-1,0
0.02434,2,-1,WAIT_RELEASE,0,0,0,400000000000,-1,0
0.02434,3,-1,WAIT_RELEASE,0,0,0,400000000000,-1,0
0.02436,0,0,INJECTING,546638400,546485128,5027229095,320000000000,-1,0
0.02436,1,-1,WAIT_RELEASE,0,0,0,400000000000,-1,0
0.02436,2,-1,WAIT_RELEASE,0,0,0,400000000000,-1,0
0.02436,3,-1,WAIT_RELEASE,0,0,0,400000000000,-1,0
0.02438,0,0,INJECTING,547400000,547246728,5027229095,320000000000,-1,0
0.02438,1,-1,WAIT_RELEASE,0,0,0,400000000000,-1,0
0.02438,2,-1,WAIT_RELEASE,0,0,0,400000000000,-1,0
0.02438,3,-1,WAIT_RELEASE,0,0,0,400000000000,-1,0
0.0244,0,0,INJECTING,548161600,548008328,5027229095,320000000000,-1,0
0.0244,1,-1,WAIT_RELEASE,0,0,0,400000000000,-1,0
0.0244,2,-1,WAIT_RELEASE,0,0,0,400000000000,-1,0
0.0244,3,-1,WAIT_RELEASE,0,0,0,400000000000,-1,0
0.02442,0,0,INJECTING,548923200,548769928,5027229095,320000000000,-1,0
0.02442,1,-1,WAIT_RELEASE,0,0,0,400000000000,-1,0
0.02442,2,-1,WAIT_RELEASE,0,0,0,400000000000,-1,0
0.02442,3,-1,WAIT_RELEASE,0,0,0,400000000000,-1,0
0.02444,0,0,INJECTING,549684800,549531528,5027229095,320000000000,-1,0
0.02444,1,-1,WAIT_RELEASE,0,0,0,400000000000,-1,0
0.02444,2,-1,WAIT_RELEASE,0,0,0,400000000000,-1,0
0.02444,3,-1,WAIT_RELEASE,0,0,0,400000000000,-1,0
0.02446,0,0,INJECTING,550446400,550293128,5027229095,320000000000,-1,0
0.02446,1,-1,WAIT_RELEASE,0,0,0,400000000000,-1,0
0.02446,2,-1,WAIT_RELEASE,0,0,0,400000000000,-1,0
0.02446,3,-1,WAIT_RELEASE,0,0,0,400000000000,-1,0
0.02448,0,0,INJECTING,551208000,551054728,5027229095,320000000000,-1,0
0.02448,1,-1,WAIT_RELEASE,0,0,0,400000000000,-1,0
0.02448,2,-1,WAIT_RELEASE,0,0,0,400000000000,-1,0
0.02448,3,-1,WAIT_RELEASE,0,0,0,400000000000,-1,0
0.0245,0,0,INJECTING,551969600,551816328,5027229095,320000000000,-1,0
0.0245,1,-1,WAIT_RELEASE,0,0,0,400000000000,-1,0
0.0245,2,-1,WAIT_RELEASE,0,0,0,400000000000,-1,0
0.0245,3,-1,WAIT_RELEASE,0,0,0,400000000000,-1,0
0.02452,0,0,INJECTING,552731200,552577928,5027229095,320000000000,-1,0
0.02452,1,-1,WAIT_RELEASE,0,0,0,400000000000,-1,0
0.02452,2,-1,WAIT_RELEASE,0,0,0,400000000000,-1,0
0.02452,3,-1,WAIT_RELEASE,0,0,0,400000000000,-1,0
0.02454,0,0,INJECTING,553492800,553339528,5027229095,320000000000,-1,0
0.02454,1,-1,WAIT_RELEASE,0,0,0,400000000000,-1,0
0.02454,2,-1,WAIT_RELEASE,0,0,0,400000000000,-1,0
0.02454,3,-1,WAIT_RELEASE,0,0,0,400000000000,-1,0
0.02456,0,0,INJECTING,554254400,554101128,5027229095,320000000000,-1,0
0.02456,1,-1,WAIT_RELEASE,0,0,0,400000000000,-1,0
0.02456,2,-1,WAIT_RELEASE,0,0,0,400000000000,-1,0
0.02456,3,-1,WAIT_RELEASE,0,0,0,400000000000,-1,0
0.02458,0,0,INJECTING,555016000,554862728,5027229095,320000000000,-1,0
0.02458,1,-1,WAIT_RELEASE,0,0,0,400000000000,-1,0
0.02458,2,-1,WAIT_RELEASE,0,0,0,400000000000,-1,0
0.02458,3,-1,WAIT_RELEASE,0,0,0,400000000000,-1,0
0.0246,0,0,INJECTING,555777600,555624328,5027229095,320000000000,-1,0
0.0246,1,-1,WAIT_RELEASE,0,0,0,400000000000,-1,0
0.0246,2,-1,WAIT_RELEASE,0,0,0,400000000000,-1,0
0.0246,3,-1,WAIT_RELEASE,0,0,0,400000000000,-1,0
0.02462,0,0,INJECTING,556539200,556385928,5027229095,320000000000,-1,0
0.02462,1,-1,WAIT_RELEASE,0,0,0,400000000000,-1,0
0.02462,2,-1,WAIT_RELEASE,0,0,0,400000000000,-1,0
0.02462,3,-1,WAIT_RELEASE,0,0,0,400000000000,-1,0
0.02464,0,0,INJECTING,557300800,557147528,5027229095,320000000000,-1,0
0.02464,1,-1,WAIT_RELEASE,0,0,0,400000000000,-1,0
0.02464,2,-1,WAIT_RELEASE,0,0,0,400000000000,-1,0
0.02464,3,-1,WAIT_RELEASE,0,0,0,400000000000,-1,0
0.02466,0,0,INJECTING,558062400,557909128,5027229095,320000000000,-1,0
0.02466,1,-1,WAIT_RELEASE,0,0,0,400000000000,-1,0
0.02466,2,-1,WAIT_RELEASE,0,0,0,400000000000,-1,0
0.02466,3,-1,WAIT_RELEASE,0,0,0,400000000000,-1,0
0.02468,0,0,INJECTING,558824000,558670728,5027229095,320000000000,-1,0
0.02468,1,-1,WAIT_RELEASE,0,0,0,400000000000,-1,0
0.02468,2,-1,WAIT_RELEASE,0,0,0,400000000000,-1,0
0.02468,3,-1,WAIT_RELEASE,0,0,0,400000000000,-1,0
0.0247,0,0,INJECTING,559585600,559432328,5027229095,320000000000,-1,0
0.0247,1,-1,WAIT_RELEASE,0,0,0,400000000000,-1,0
0.0247,2,-1,WAIT_RELEASE,0,0,0,400000000000,-1,0
0.0247,3,-1,WAIT_RELEASE,0,0,0,400000000000,-1,0
0.02472,0,0,INJECTING,560347200,560193928,5027229095,320000000000,-1,0
0.02472,1,-1,WAIT_RELEASE,0,0,0,400000000000,-1,0
0.02472,2,-1,WAIT_RELEASE,0,0,0,400000000000,-1,0
0.02472,3,-1,WAIT_RELEASE,0,0,0,400000000000,-1,0
0.02474,0,0,INJECTING,561108800,560955528,5027229095,320000000000,-1,0
0.02474,1,-1,WAIT_RELEASE,0,0,0,400000000000,-1,0
0.02474,2,-1,WAIT_RELEASE,0,0,0,400000000000,-1,0
0.02474,3,-1,WAIT_RELEASE,0,0,0,400000000000,-1,0
0.02476,0,0,INJECTING,561870400,561717128,5027229095,320000000000,-1,0
0.02476,1,-1,WAIT_RELEASE,0,0,0,400000000000,-1,0
0.02476,2,-1,WAIT_RELEASE,0,0,0,400000000000,-1,0
0.02476,3,-1,WAIT_RELEASE,0,0,0,400000000000,-1,0
0.02478,0,0,INJECTING,562632000,562478728,5027229095,320000000000,-1,0
0.02478,1,-1,WAIT_RELEASE,0,0,0,400000000000,-1,0
0.02478,2,-1,WAIT_RELEASE,0,0,0,400000000000,-1,0
0.02478,3,-1,WAIT_RELEASE,0,0,0,400000000000,-1,0
0.0248,0,0,INJECTING,563393600,563240328,5027229095,320000000000,-1,0
0.0248,1,-1,WAIT_RELEASE,0,0,0,400000000000,-1,0
0.0248,2,-1,WAIT_RELEASE,0,0,0,400000000000,-1,0
0.0248,3,-1,WAIT_RELEASE,0,0,0,400000000000,-1,0
0.02482,0,0,INJECTING,564155200,564001928,5027229095,320000000000,-1,0
0.02482,1,-1,WAIT_RELEASE,0,0,0,400000000000,-1,0
0.02482,2,-1,WAIT_RELEASE,0,0,0,400000000000,-1,0
0.02482,3,-1,WAIT_RELEASE,0,0,0,400000000000,-1,0
0.02484,0,0,INJECTING,564916800,564763528,5027229095,320000000000,-1,0
0.02484,1,-1,WAIT_RELEASE,0,0,0,400000000000,-1,0
0.02484,2,-1,WAIT_RELEASE,0,0,0,400000000000,-1,0
0.02484,3,-1,WAIT_RELEASE,0,0,0,400000000000,-1,0
0.02486,0,0,INJECTING,565678400,565525128,5027229095,320000000000,-1,0
0.02486,1,-1,WAIT_RELEASE,0,0,0,400000000000,-1,0
0.02486,2,-1,WAIT_RELEASE,0,0,0,400000000000,-1,0
0.02486,3,-1,WAIT_RELEASE,0,0,0,400000000000,-1,0
0.02488,0,0,INJECTING,566440000,566286728,5027229095,320000000000,-1,0
0.02488,1,-1,WAIT_RELEASE,0,0,0,400000000000,-1,0
0.02488,2,-1,WAIT_RELEASE,0,0,0,400000000000,-1,0
0.02488,3,-1,WAIT_RELEASE,0,0,0,400000000000,-1,0
0.0249,0,0,INJECTING,567201600,567048328,5027229095,320000000000,-1,0
0.0249,1,-1,WAIT_RELEASE,0,0,0,400000000000,-1,0
0.0249,2,-1,WAIT_RELEASE,0,0,0,400000000000,-1,0
0.0249,3,-1,WAIT_RELEASE,0,0,0,400000000000,-1,0
0.02492,0,0,INJECTING,567963200,567809928,5027229095,320000000000,-1,0
0.02492,1,-1,WAIT_RELEASE,0,0,0,400000000000,-1,0
0.02492,2,-1,WAIT_RELEASE,0,0,0,400000000000,-1,0
0.02492,3,-1,WAIT_RELEASE,0,0,0,400000000000,-1,0
0.02494,0,0,INJECTING,568724800,568571528,5027229095,320000000000,-1,0
0.02494,1,-1,WAIT_RELEASE,0,0,0,400000000000,-1,0
0.02494,2,-1,WAIT_RELEASE,0,0,0,400000000000,-1,0
0.02494,3,-1,WAIT_RELEASE,0,0,0,400000000000,-1,0
0.02496,0,0,INJECTING,569486400,569333128,5027229095,320000000000,-1,0
0.02496,1,-1,WAIT_RELEASE,0,0,0,400000000000,-1,0
0.02496,2,-1,WAIT_RELEASE,0,0,0,400000000000,-1,0
0.02496,3,-1,WAIT_RELEASE,0,0,0,400000000000,-1,0
0.02498,0,0,INJECTING,570248000,570094728,5027229095,320000000000,-1,0
0.02498,1,-1,WAIT_RELEASE,0,0,0,400000000000,-1,0
0.02498,2,-1,WAIT_RELEASE,0,0,0,400000000000,-1,0
0.02498,3,-1,WAIT_RELEASE,0,0,0,400000000000,-1,0
0.025,0,0,INJECTING,571009600,570856328,5027229095,320000000000,-1,0
0.025,1,-1,WAIT_RELEASE,0,0,0,400000000000,-1,0
0.025,2,-1,WAIT_RELEASE,0,0,0,400000000000,-1,0
0.025,3,-1,WAIT_RELEASE,0,0,0,400000000000,-1,0
0.02502,0,0,INJECTING,571771200,571617928,5027229095,320000000000,-1,0
0.02502,1,-1,WAIT_RELEASE,0,0,0,400000000000,-1,0
0.02502,2,-1,WAIT_RELEASE,0,0,0,400000000000,-1,0
0.02502,3,-1,WAIT_RELEASE,0,0,0,400000000000,-1,0
0.02504,0,0,INJECTING,572532800,572379528,5027229095,320000000000,-1,0
0.02504,1,-1,WAIT_RELEASE,0,0,0,400000000000,-1,0
0.02504,2,-1,WAIT_RELEASE,0,0,0,400000000000,-1,0
0.02504,3,-1,WAIT_RELEASE,0,0,0,400000000000,-1,0
0.02506,0,0,INJECTING,573294400,573141128,5027229095,320000000000,-1,0
0.02506,1,-1,WAIT_RELEASE,0,0,0,400000000000,-1,0
0.02506,2,-1,WAIT_RELEASE,0,0,0,400000000000,-1,0
0.02506,3,-1,WAIT_RELEASE,0,0,0,400000000000,-1,0
0.02508,0,0,INJECTING,574056000,573902728,5027229095,320000000000,-1,0
0.02508,1,-1,WAIT_RELEASE,0,0,0,400000000000,-1,0
0.02508,2,-1,WAIT_RELEASE,0,0,0,400000000000,-1,0
0.02508,3,-1,WAIT_RELEASE,0,0,0,400000000000,-1,0
0.0251,0,0,INJECTING,574817600,574664328,5027229095,320000000000,-1,0
0.0251,1,-1,WAIT_RELEASE,0,0,0,400000000000,-1,0
0.0251,2,-1,WAIT_RELEASE,0,0,0,400000000000,-1,0
0.0251,3,-1,WAIT_RELEASE,0,0,0,400000000000,-1,0
0.02512,0,0,INJECTING,575579200,575425928,5027229095,320000000000,-1,0
0.02512,1,-1,WAIT_RELEASE,0,0,0,400000000000,-1,0
0.02512,2,-1,WAIT_RELEASE,0,0,0,400000000000,-1,0
0.02512,3,-1,WAIT_RELEASE,0,0,0,400000000000,-1,0
0.02514,0,0,INJECTING,576340800,576187528,5027229095,320000000000,-1,0
0.02514,1,-1,WAIT_RELEASE,0,0,0,400000000000,-1,0
0.02514,2,-1,WAIT_RELEASE,0,0,0,400000000000,-1,0
0.02514,3,-1,WAIT_RELEASE,0,0,0,400000000000,-1,0
0.02516,0,0,INJECTING,577102400,576949128,5027229095,320000000000,-1,0
0.02516,1,-1,WAIT_RELEASE,0,0,0,400000000000,-1,0
0.02516,2,-1,WAIT_RELEASE,0,0,0,400000000000,-1,0
0.02516,3,-1,WAIT_RELEASE,0,0,0,400000000000,-1,0
0.02518,0,0,INJECTING,577864000,577710728,5027229095,320000000000,-1,0
0.02518,1,-1,WAIT_RELEASE,0,0,0,400000000000,-1,0
0.02518,2,-1,WAIT_RELEASE,0,0,0,400000000000,-1,0
0.02518,3,-1,WAIT_RELEASE,0,0,0,400000000000,-1,0
0.0252,0,0,INJECTING,578625600,578472328,5027229095,320000000000,-1,0
0.0252,1,-1,WAIT_RELEASE,0,0,0,400000000000,-1,0
0.0252,2,-1,WAIT_RELEASE,0,0,0,400000000000,-1,0
0.0252,3,-1,WAIT_RELEASE,0,0,0,400000000000,-1,0
0.02522,0,0,INJECTING,579387200,579233928,5027229095,320000000000,-1,0
0.02522,1,-1,WAIT_RELEASE,0,0,0,400000000000,-1,0
0.02522,2,-1,WAIT_RELEASE,0,0,0,400000000000,-1,0
0.02522,3,-1,WAIT_RELEASE,0,0,0,400000000000,-1,0
0.02524,0,0,INJECTING,580148800,579995528,5027229095,320000000000,-1,0
0.02524,1,-1,WAIT_RELEASE,0,0,0,400000000000,-1,0
0.02524,2,-1,WAIT_RELEASE,0,0,0,400000000000,-1,0
0.02524,3,-1,WAIT_RELEASE,0,0,0,400000000000,-1,0
0.02526,0,0,INJECTING,580910400,580757128,5027229095,320000000000,-1,0
0.02526,1,-1,WAIT_RELEASE,0,0,0,400000000000,-1,0
0.02526,2,-1,WAIT_RELEASE,0,0,0,400000000000,-1,0
0.02526,3,-1,WAIT_RELEASE,0,0,0,400000000000,-1,0
0.02528,0,0,INJECTING,581672000,581518728,5027229095,320000000000,-1,0
0.02528,1,-1,WAIT_RELEASE,0,0,0,400000000000,-1,0
0.02528,2,-1,WAIT_RELEASE,0,0,0,400000000000,-1,0
0.02528,3,-1,WAIT_RELEASE,0,0,0,400000000000,-1,0
0.0253,0,0,INJECTING,582433600,582280328,5027229095,320000000000,-1,0
0.0253,1,-1,WAIT_RELEASE,0,0,0,400000000000,-1,0
0.0253,2,-1,WAIT_RELEASE,0,0,0,400000000000,-1,0
0.0253,3,-1,WAIT_RELEASE,0,0,0,400000000000,-1,0
0.02532,0,0,INJECTING,583195200,583041928,5027229095,320000000000,-1,0
0.02532,1,-1,WAIT_RELEASE,0,0,0,400000000000,-1,0
0.02532,2,-1,WAIT_RELEASE,0,0,0,400000000000,-1,0
0.02532,3,-1,WAIT_RELEASE,0,0,0,400000000000,-1,0
0.02534,0,0,INJECTING,583956800,583803528,5027229095,320000000000,-1,0
0.02534,1,-1,WAIT_RELEASE,0,0,0,400000000000,-1,0
0.02534,2,-1,WAIT_RELEASE,0,0,0,400000000000,-1,0
0.02534,3,-1,WAIT_RELEASE,0,0,0,400000000000,-1,0
0.02536,0,0,INJECTING,584718400,584565128,5027229095,320000000000,-1,0
0.02536,1,-1,WAIT_RELEASE,0,0,0,400000000000,-1,0
0.02536,2,-1,WAIT_RELEASE,0,0,0,400000000000,-1,0
0.02536,3,-1,WAIT_RELEASE,0,0,0,400000000000,-1,0
0.02538,0,0,INJECTING,585480000,585326728,5027229095,320000000000,-1,0
0.02538,1,-1,WAIT_RELEASE,0,0,0,400000000000,-1,0
0.02538,2,-1,WAIT_RELEASE,0,0,0,400000000000,-1,0
0.02538,3,-1,WAIT_RELEASE,0,0,0,400000000000,-1,0
0.0254,0,0,INJECTING,586241600,586088328,5027229095,320000000000,-1,0
0.0254,1,-1,WAIT_RELEASE,0,0,0,400000000000,-1,0
0.0254,2,-1,WAIT_RELEASE,0,0,0,400000000000,-1,0
0.0254,3,-1,WAIT_RELEASE,0,0,0,400000000000,-1,0
0.02542,0,0,INJECTING,587003200,586849928,5027229095,320000000000,-1,0
0.02542,1,-1,WAIT_RELEASE,0,0,0,400000000000,-1,0
0.02542,2,-1,WAIT_RELEASE,0,0,0,400000000000,-1,0
0.02542,3,-1,WAIT_RELEASE,0,0,0,400000000000,-1,0
0.02544,0,0,INJECTING,587764800,587611528,5027229095,320000000000,-1,0
0.02544,1,-1,WAIT_RELEASE,0,0,0,400000000000,-1,0
0.02544,2,-1,WAIT_RELEASE,0,0,0,400000000000,-1,0
0.02544,3,-1,WAIT_RELEASE,0,0,0,400000000000,-1,0
0.02546,0,0,INJECTING,588526400,588373128,5027229095,320000000000,-1,0
0.02546,1,-1,WAIT_RELEASE,0,0,0,400000000000,-1,0
0.02546,2,-1,WAIT_RELEASE,0,0,0,400000000000,-1,0
0.02546,3,-1,WAIT_RELEASE,0,0,0,400000000000,-1,0
0.02548,0,0,INJECTING,589288000,589134728,5027229095,320000000000,-1,0
0.02548,1,-1,WAIT_RELEASE,0,0,0,400000000000,-1,0
0.02548,2,-1,WAIT_RELEASE,0,0,0,400000000000,-1,0
0.02548,3,-1,WAIT_RELEASE,0,0,0,400000000000,-1,0
0.0255,0,0,INJECTING,590049600,589896328,5027229095,320000000000,-1,0
0.0255,1,-1,WAIT_RELEASE,0,0,0,400000000000,-1,0
0.0255,2,-1,WAIT_RELEASE,0,0,0,400000000000,-1,0
0.0255,3,-1,WAIT_RELEASE,0,0,0,400000000000,-1,0
0.02552,0,0,INJECTING,590811200,590657928,5027229095,320000000000,-1,0
0.02552,1,-1,WAIT_RELEASE,0,0,0,400000000000,-1,0
0.02552,2,-1,WAIT_RELEASE,0,0,0,400000000000,-1,0
0.02552,3,-1,WAIT_RELEASE,0,0,0,400000000000,-1,0
0.02554,0,0,INJECTING,591572800,591419528,5027229095,320000000000,-1,0
0.02554,1,-1,WAIT_RELEASE,0,0,0,400000000000,-1,0
0.02554,2,-1,WAIT_RELEASE,0,0,0,400000000000,-1,0
0.02554,3,-1,WAIT_RELEASE,0,0,0,400000000000,-1,0
0.02556,0,0,INJECTING,592334400,592181128,5027229095,320000000000,-1,0
0.02556,1,-1,WAIT_RELEASE,0,0,0,400000000000,-1,0
0.02556,2,-1,WAIT_RELEASE,0,0,0,400000000000,-1,0
0.02556,3,-1,WAIT_RELEASE,0,0,0,400000000000,-1,0
0.02558,0,0,INJECTING,593096000,592942728,5027229095,320000000000,-1,0
0.02558,1,-1,WAIT_RELEASE,0,0,0,400000000000,-1,0
0.02558,2,-1,WAIT_RELEASE,0,0,0,400000000000,-1,0
0.02558,3,-1,WAIT_RELEASE,0,0,0,400000000000,-1,0
0.0256,0,0,INJECTING,593857600,593704328,5027229095,320000000000,-1,0
0.0256,1,-1,WAIT_RELEASE,0,0,0,400000000000,-1,0
0.0256,2,-1,WAIT_RELEASE,0,0,0,400000000000,-1,0
0.0256,3,-1,WAIT_RELEASE,0,0,0,400000000000,-1,0
0.02562,0,0,INJECTING,594619200,594465928,5027229095,320000000000,-1,0
0.02562,1,-1,WAIT_RELEASE,0,0,0,400000000000,-1,0
0.02562,2,-1,WAIT_RELEASE,0,0,0,400000000000,-1,0
0.02562,3,-1,WAIT_RELEASE,0,0,0,400000000000,-1,0
0.02564,0,0,INJECTING,595380800,595227528,5027229095,320000000000,-1,0
0.02564,1,-1,WAIT_RELEASE,0,0,0,400000000000,-1,0
0.02564,2,-1,WAIT_RELEASE,0,0,0,400000000000,-1,0
0.02564,3,-1,WAIT_RELEASE,0,0,0,400000000000,-1,0
0.02566,0,0,INJECTING,596142400,595989128,5027229095,320000000000,-1,0
0.02566,1,-1,WAIT_RELEASE,0,0,0,400000000000,-1,0
0.02566,2,-1,WAIT_RELEASE,0,0,0,400000000000,-1,0
0.02566,3,-1,WAIT_RELEASE,0,0,0,400000000000,-1,0
0.02568,0,0,INJECTING,596904000,596750728,5027229095,320000000000,-1,0
0.02568,1,-1,WAIT_RELEASE,0,0,0,400000000000,-1,0
0.02568,2,-1,WAIT_RELEASE,0,0,0,400000000000,-1,0
0.02568,3,-1,WAIT_RELEASE,0,0,0,400000000000,-1,0
0.0257,0,0,INJECTING,597665600,597512328,5027229095,320000000000,-1,0
0.0257,1,-1,WAIT_RELEASE,0,0,0,400000000000,-1,0
0.0257,2,-1,WAIT_RELEASE,0,0,0,400000000000,-1,0
0.0257,3,-1,WAIT_RELEASE,0,0,0,400000000000,-1,0
0.02572,0,0,INJECTING,598427200,598273928,5027229095,320000000000,-1,0
0.02572,1,-1,WAIT_RELEASE,0,0,0,400000000000,-1,0
0.02572,2,-1,WAIT_RELEASE,0,0,0,400000000000,-1,0
0.02572,3,-1,WAIT_RELEASE,0,0,0,400000000000,-1,0
0.02574,0,0,INJECTING,599188800,599035528,5027229095,320000000000,-1,0
0.02574,1,-1,WAIT_RELEASE,0,0,0,400000000000,-1,0
0.02574,2,-1,WAIT_RELEASE,0,0,0,400000000000,-1,0
0.02574,3,-1,WAIT_RELEASE,0,0,0,400000000000,-1,0
0.02576,0,0,INJECTING,599950400,599797128,5027229095,320000000000,-1,0
0.02576,1,-1,WAIT_RELEASE,0,0,0,400000000000,-1,0
0.02576,2,-1,WAIT_RELEASE,0,0,0,400000000000,-1,0
0.02576,3,-1,WAIT_RELEASE,0,0,0,400000000000,-1,0
0.02578,0,0,INJECTING,600712000,600558728,5027229095,320000000000,-1,0
0.02578,1,-1,WAIT_RELEASE,0,0,0,400000000000,-1,0
0.02578,2,-1,WAIT_RELEASE,0,0,0,400000000000,-1,0
0.02578,3,-1,WAIT_RELEASE,0,0,0,400000000000,-1,0
0.0258,0,0,INJECTING,601473600,601320328,5027229095,320000000000,-1,0
0.0258,1,-1,WAIT_RELEASE,0,0,0,400000000000,-1,0
0.0258,2,-1,WAIT_RELEASE,0,0,0,400000000000,-1,0
0.0258,3,-1,WAIT_RELEASE,0,0,0,400000000000,-1,0
0.02582,0,0,INJECTING,602235200,602081928,5027229095,320000000000,-1,0
0.02582,1,-1,WAIT_RELEASE,0,0,0,400000000000,-1,0
0.02582,2,-1,WAIT_RELEASE,0,0,0,400000000000,-1,0
0.02582,3,-1,WAIT_RELEASE,0,0,0,400000000000,-1,0
0.02584,0,0,INJECTING,602996800,602843528,5027229095,320000000000,-1,0
0.02584,1,-1,WAIT_RELEASE,0,0,0,400000000000,-1,0
0.02584,2,-1,WAIT_RELEASE,0,0,0,400000000000,-1,0
0.02584,3,-1,WAIT_RELEASE,0,0,0,400000000000,-1,0
0.02586,0,0,INJECTING,603758400,603605128,5027229095,320000000000,-1,0
0.02586,1,-1,WAIT_RELEASE,0,0,0,400000000000,-1,0
0.02586,2,-1,WAIT_RELEASE,0,0,0,400000000000,-1,0
0.02586,3,-1,WAIT_RELEASE,0,0,0,400000000000,-1,0
0.02588,0,0,INJECTING,604520000,604366728,5027229095,320000000000,-1,0
0.02588,1,-1,WAIT_RELEASE,0,0,0,400000000000,-1,0
0.02588,2,-1,WAIT_RELEASE,0,0,0,400000000000,-1,0
0.02588,3,-1,WAIT_RELEASE,0,0,0,400000000000,-1,0
0.0259,0,0,INJECTING,605281600,605128328,5027229095,320000000000,-1,0
0.0259,1,-1,WAIT_RELEASE,0,0,0,400000000000,-1,0
0.0259,2,-1,WAIT_RELEASE,0,0,0,400000000000,-1,0
0.0259,3,-1,WAIT_RELEASE,0,0,0,400000000000,-1,0
0.02592,0,0,INJECTING,606043200,605889928,5027229095,320000000000,-1,0
0.02592,1,-1,WAIT_RELEASE,0,0,0,400000000000,-1,0
0.02592,2,-1,WAIT_RELEASE,0,0,0,400000000000,-1,0
0.02592,3,-1,WAIT_RELEASE,0,0,0,400000000000,-1,0
0.02594,0,0,INJECTING,606804800,606651528,5027229095,320000000000,-1,0
0.02594,1,-1,WAIT_RELEASE,0,0,0,400000000000,-1,0
0.02594,2,-1,WAIT_RELEASE,0,0,0,400000000000,-1,0
0.02594,3,-1,WAIT_RELEASE,0,0,0,400000000000,-1,0
0.02596,0,0,INJECTING,607566400,607413128,5027229095,320000000000,-1,0
0.02596,1,-1,WAIT_RELEASE,0,0,0,400000000000,-1,0
0.02596,2,-1,WAIT_RELEASE,0,0,0,400000000000,-1,0
0.02596,3,-1,WAIT_RELEASE,0,0,0,400000000000,-1,0
0.02598,0,0,INJECTING,608328000,608174728,5027229095,320000000000,-1,0
0.02598,1,-1,WAIT_RELEASE,0,0,0,400000000000,-1,0
0.02598,2,-1,WAIT_RELEASE,0,0,0,400000000000,-1,0
0.02598,3,-1,WAIT_RELEASE,0,0,0,400000000000,-1,0
0.026,0,0,INJECTING,609089600,608936328,5027229095,320000000000,-1,0
0.026,1,-1,WAIT_RELEASE,0,0,0,400000000000,-1,0
0.026,2,-1,WAIT_RELEASE,0,0,0,400000000000,-1,0
0.026,3,-1,WAIT_RELEASE,0,0,0,400000000000,-1,0
0.02602,0,0,INJECTING,609851200,609697928,5027229095,320000000000,-1,0
0.02602,1,-1,WAIT_RELEASE,0,0,0,400000000000,-1,0
0.02602,2,-1,WAIT_RELEASE,0,0,0,400000000000,-1,0
0.02602,3,-1,WAIT_RELEASE,0,0,0,400000000000,-1,0
0.02604,0,0,INJECTING,610612800,610459528,5027229095,320000000000,-1,0
0.02604,1,-1,WAIT_RELEASE,0,0,0,400000000000,-1,0
0.02604,2,-1,WAIT_RELEASE,0,0,0,400000000000,-1,0
0.02604,3,-1,WAIT_RELEASE,0,0,0,400000000000,-1,0
0.02606,0,0,INJECTING,611374400,611221128,5027229095,320000000000,-1,0
0.02606,1,-1,WAIT_RELEASE,0,0,0,400000000000,-1,0
0.02606,2,-1,WAIT_RELEASE,0,0,0,400000000000,-1,0
0.02606,3,-1,WAIT_RELEASE,0,0,0,400000000000,-1,0
0.02608,0,0,INJECTING,612136000,611982728,5027229095,320000000000,-1,0
0.02608,1,-1,WAIT_RELEASE,0,0,0,400000000000,-1,0
0.02608,2,-1,WAIT_RELEASE,0,0,0,400000000000,-1,0
0.02608,3,-1,WAIT_RELEASE,0,0,0,400000000000,-1,0
0.0261,0,0,INJECTING,612897600,612744328,5027229095,320000000000,-1,0
0.0261,1,-1,WAIT_RELEASE,0,0,0,400000000000,-1,0
0.0261,2,-1,WAIT_RELEASE,0,0,0,400000000000,-1,0
0.0261,3,-1,WAIT_RELEASE,0,0,0,400000000000,-1,0
0.02612,0,0,INJECTING,613659200,613505928,5027229095,320000000000,-1,0
0.02612,1,-1,WAIT_RELEASE,0,0,0,400000000000,-1,0
0.02612,2,-1,WAIT_RELEASE,0,0,0,400000000000,-1,0
0.02612,3,-1,WAIT_RELEASE,0,0,0,400000000000,-1,0
0.02614,0,0,INJECTING,614420800,614267528,5027229095,320000000000,-1,0
0.02614,1,-1,WAIT_RELEASE,0,0,0,400000000000,-1,0
0.02614,2,-1,WAIT_RELEASE,0,0,0,400000000000,-1,0
0.02614,3,-1,WAIT_RELEASE,0,0,0,400000000000,-1,0
0.02616,0,0,INJECTING,615182400,615029128,5027229095,320000000000,-1,0
0.02616,1,-1,WAIT_RELEASE,0,0,0,400000000000,-1,0
0.02616,2,-1,WAIT_RELEASE,0,0,0,400000000000,-1,0
0.02616,3,-1,WAIT_RELEASE,0,0,0,400000000000,-1,0
0.02618,0,0,INJECTING,615944000,615790728,5027229095,320000000000,-1,0
0.02618,1,-1,WAIT_RELEASE,0,0,0,400000000000,-1,0
0.02618,2,-1,WAIT_RELEASE,0,0,0,400000000000,-1,0
0.02618,3,-1,WAIT_RELEASE,0,0,0,400000000000,-1,0
0.0262,0,0,INJECTING,616705600,616552328,5027229095,320000000000,-1,0
0.0262,1,-1,WAIT_RELEASE,0,0,0,400000000000,-1,0
0.0262,2,-1,WAIT_RELEASE,0,0,0,400000000000,-1,0
0.0262,3,-1,WAIT_RELEASE,0,0,0,400000000000,-1,0
0.02622,0,0,INJECTING,617467200,617313928,5027229095,320000000000,-1,0
0.02622,1,-1,WAIT_RELEASE,0,0,0,400000000000,-1,0
0.02622,2,-1,WAIT_RELEASE,0,0,0,400000000000,-1,0
0.02622,3,-1,WAIT_RELEASE,0,0,0,400000000000,-1,0
0.02624,0,0,INJECTING,618228800,618075528,5027229095,320000000000,-1,0
0.02624,1,-1,WAIT_RELEASE,0,0,0,400000000000,-1,0
0.02624,2,-1,WAIT_RELEASE,0,0,0,400000000000,-1,0
0.02624,3,-1,WAIT_RELEASE,0,0,0,400000000000,-1,0
0.02626,0,0,INJECTING,618990400,618837128,5027229095,320000000000,-1,0
0.02626,1,-1,WAIT_RELEASE,0,0,0,400000000000,-1,0
0.02626,2,-1,WAIT_RELEASE,0,0,0,400000000000,-1,0
0.02626,3,-1,WAIT_RELEASE,0,0,0,400000000000,-1,0
0.02628,0,0,INJECTING,619752000,619598728,5027229095,320000000000,-1,0
0.02628,1,-1,WAIT_RELEASE,0,0,0,400000000000,-1,0
0.02628,2,-1,WAIT_RELEASE,0,0,0,400000000000,-1,0
0.02628,3,-1,WAIT_RELEASE,0,0,0,400000000000,-1,0
0.0263,0,0,INJECTING,620513600,620360328,5027229095,320000000000,-1,0
0.0263,1,-1,WAIT_RELEASE,0,0,0,400000000000,-1,0
0.0263,2,-1,WAIT_RELEASE,0,0,0,400000000000,-1,0
0.0263,3,-1,WAIT_RELEASE,0,0,0,400000000000,-1,0
0.02632,0,0,INJECTING,621275200,621121928,5027229095,320000000000,-1,0
0.02632,1,-1,WAIT_RELEASE,0,0,0,400000000000,-1,0
0.02632,2,-1,WAIT_RELEASE,0,0,0,400000000000,-1,0
0.02632,3,-1,WAIT_RELEASE,0,0,0,400000000000,-1,0
0.02634,0,0,INJECTING,622036800,621883528,5027229095,320000000000,-1,0
0.02634,1,-1,WAIT_RELEASE,0,0,0,400000000000,-1,0
0.02634,2,-1,WAIT_RELEASE,0,0,0,400000000000,-1,0
0.02634,3,-1,WAIT_RELEASE,0,0,0,400000000000,-1,0
0.02636,0,0,INJECTING,622798400,622645128,5027229095,320000000000,-1,0
0.02636,1,-1,WAIT_RELEASE,0,0,0,400000000000,-1,0
0.02636,2,-1,WAIT_RELEASE,0,0,0,400000000000,-1,0
0.02636,3,-1,WAIT_RELEASE,0,0,0,400000000000,-1,0
0.02638,0,0,INJECTING,623560000,623406728,5027229095,320000000000,-1,0
0.02638,1,-1,WAIT_RELEASE,0,0,0,400000000000,-1,0
0.02638,2,-1,WAIT_RELEASE,0,0,0,400000000000,-1,0
0.02638,3,-1,WAIT_RELEASE,0,0,0,400000000000,-1,0
0.0264,0,0,INJECTING,624321600,624168328,5027229095,320000000000,-1,0
0.0264,1,-1,WAIT_RELEASE,0,0,0,400000000000,-1,0
0.0264,2,-1,WAIT_RELEASE,0,0,0,400000000000,-1,0
0.0264,3,-1,WAIT_RELEASE,0,0,0,400000000000,-1,0
0.02642,0,0,INJECTING,625083200,624929928,5027229095,320000000000,-1,0
0.02642,1,-1,WAIT_RELEASE,0,0,0,400000000000,-1,0
0.02642,2,-1,WAIT_RELEASE,0,0,0,400000000000,-1,0
0.02642,3,-1,WAIT_RELEASE,0,0,0,400000000000,-1,0
0.02644,0,0,INJECTING,625844800,625691528,5027229095,320000000000,-1,0
0.02644,1,-1,WAIT_RELEASE,0,0,0,400000000000,-1,0
0.02644,2,-1,WAIT_RELEASE,0,0,0,400000000000,-1,0
0.02644,3,-1,WAIT_RELEASE,0,0,0,400000000000,-1,0
0.02646,0,0,INJECTING,626606400,626453128,5027229095,320000000000,-1,0
0.02646,1,-1,WAIT_RELEASE,0,0,0,400000000000,-1,0
0.02646,2,-1,WAIT_RELEASE,0,0,0,400000000000,-1,0
0.02646,3,-1,WAIT_RELEASE,0,0,0,400000000000,-1,0
0.02648,0,0,INJECTING,627368000,627214728,5027229095,320000000000,-1,0
0.02648,1,-1,WAIT_RELEASE,0,0,0,400000000000,-1,0
0.02648,2,-1,WAIT_RELEASE,0,0,0,400000000000,-1,0
0.02648,3,-1,WAIT_RELEASE,0,0,0,400000000000,-1,0
0.0265,0,0,INJECTING,628129600,627976328,5027229095,320000000000,-1,0
0.0265,1,-1,WAIT_RELEASE,0,0,0,400000000000,-1,0
0.0265,2,-1,WAIT_RELEASE,0,0,0,400000000000,-1,0
0.0265,3,-1,WAIT_RELEASE,0,0,0,400000000000,-1,0
0.02652,0,0,INJECTING,628891200,628737928,5027229095,320000000000,-1,0
0.02652,1,-1,WAIT_RELEASE,0,0,0,400000000000,-1,0
0.02652,2,-1,WAIT_RELEASE,0,0,0,400000000000,-1,0
0.02652,3,-1,WAIT_RELEASE,0,0,0,400000000000,-1,0
0.02654,0,0,INJECTING,629652800,629499528,5027229095,320000000000,-1,0
0.02654,1,-1,WAIT_RELEASE,0,0,0,400000000000,-1,0
0.02654,2,-1,WAIT_RELEASE,0,0,0,400000000000,-1,0
0.02654,3,-1,WAIT_RELEASE,0,0,0,400000000000,-1,0
0.02656,0,0,INJECTING,630414400,630261128,5027229095,320000000000,-1,0
0.02656,1,-1,WAIT_RELEASE,0,0,0,400000000000,-1,0
0.02656,2,-1,WAIT_RELEASE,0,0,0,400000000000,-1,0
0.02656,3,-1,WAIT_RELEASE,0,0,0,400000000000,-1,0
0.02658,0,0,INJECTING,631176000,631022728,5027229095,320000000000,-1,0
0.02658,1,-1,WAIT_RELEASE,0,0,0,400000000000,-1,0
0.02658,2,-1,WAIT_RELEASE,0,0,0,400000000000,-1,0
0.02658,3,-1,WAIT_RELEASE,0,0,0,400000000000,-1,0
0.0266,0,0,INJECTING,631937600,631784328,5027229095,320000000000,-1,0
0.0266,1,-1,WAIT_RELEASE,0,0,0,400000000000,-1,0
0.0266,2,-1,WAIT_RELEASE,0,0,0,400000000000,-1,0
0.0266,3,-1,WAIT_RELEASE,0,0,0,400000000000,-1,0
0.02662,0,0,INJECTING,632699200,632545928,5027229095,320000000000,-1,0
0.02662,1,-1,WAIT_RELEASE,0,0,0,400000000000,-1,0
0.02662,2,-1,WAIT_RELEASE,0,0,0,400000000000,-1,0
0.02662,3,-1,WAIT_RELEASE,0,0,0,400000000000,-1,0
0.02664,0,0,INJECTING,633460800,633307528,5027229095,320000000000,-1,0
0.02664,1,-1,WAIT_RELEASE,0,0,0,400000000000,-1,0
0.02664,2,-1,WAIT_RELEASE,0,0,0,400000000000,-1,0
0.02664,3,-1,WAIT_RELEASE,0,0,0,400000000000,-1,0
0.02666,0,0,INJECTING,634222400,634069128,5027229095,320000000000,-1,0
0.02666,1,-1,WAIT_RELEASE,0,0,0,400000000000,-1,0
0.02666,2,-1,WAIT_RELEASE,0,0,0,400000000000,-1,0
0.02666,3,-1,WAIT_RELEASE,0,0,0,400000000000,-1,0
0.02668,0,0,INJECTING,634984000,634830728,5027229095,320000000000,-1,0
0.02668,1,-1,WAIT_RELEASE,0,0,0,400000000000,-1,0
0.02668,2,-1,WAIT_RELEASE,0,0,0,400000000000,-1,0
0.02668,3,-1,WAIT_RELEASE,0,0,0,400000000000,-1,0
0.0267,0,0,INJECTING,635745600,635592328,5027229095,320000000000,-1,0
0.0267,1,-1,WAIT_RELEASE,0,0,0,400000000000,-1,0
0.0267,2,-1,WAIT_RELEASE,0,0,0,400000000000,-1,0
0.0267,3,-1,WAIT_RELEASE,0,0,0,400000000000,-1,0
0.02672,0,0,INJECTING,636507200,636353928,5027229095,320000000000,-1,0
0.02672,1,-1,WAIT_RELEASE,0,0,0,400000000000,-1,0
0.02672,2,-1,WAIT_RELEASE,0,0,0,400000000000,-1,0
0.02672,3,-1,WAIT_RELEASE,0,0,0,400000000000,-1,0
0.02674,0,0,INJECTING,637268800,637115528,5027229095,320000000000,-1,0
0.02674,1,-1,WAIT_RELEASE,0,0,0,400000000000,-1,0
0.02674,2,-1,WAIT_RELEASE,0,0,0,400000000000,-1,0
0.02674,3,-1,WAIT_RELEASE,0,0,0,400000000000,-1,0
0.02676,0,0,INJECTING,638030400,637877128,5027229095,320000000000,-1,0
0.02676,1,-1,WAIT_RELEASE,0,0,0,400000000000,-1,0
0.02676,2,-1,WAIT_RELEASE,0,0,0,400000000000,-1,0
0.02676,3,-1,WAIT_RELEASE,0,0,0,400000000000,-1,0
0.02678,0,0,INJECTING,638792000,638638728,5027229095,320000000000,-1,0
0.02678,1,-1,WAIT_RELEASE,0,0,0,400000000000,-1,0
0.02678,2,-1,WAIT_RELEASE,0,0,0,400000000000,-1,0
0.02678,3,-1,WAIT_RELEASE,0,0,0,400000000000,-1,0
0.0268,0,0,INJECTING,639553600,639400328,5027229095,320000000000,-1,0
0.0268,1,-1,WAIT_RELEASE,0,0,0,400000000000,-1,0
0.0268,2,-1,WAIT_RELEASE,0,0,0,400000000000,-1,0
0.0268,3,-1,WAIT_RELEASE,0,0,0,400000000000,-1,0
0.02682,0,0,INJECTING,640315200,640161928,5027229095,320000000000,-1,0
0.02682,1,-1,WAIT_RELEASE,0,0,0,400000000000,-1,0
0.02682,2,-1,WAIT_RELEASE,0,0,0,400000000000,-1,0
0.02682,3,-1,WAIT_RELEASE,0,0,0,400000000000,-1,0
0.02684,0,0,INJECTING,641076800,640923528,5027229095,320000000000,-1,0
0.02684,1,-1,WAIT_RELEASE,0,0,0,400000000000,-1,0
0.02684,2,-1,WAIT_RELEASE,0,0,0,400000000000,-1,0
0.02684,3,-1,WAIT_RELEASE,0,0,0,400000000000,-1,0
0.02686,0,0,INJECTING,641838400,641685128,5027229095,320000000000,-1,0
0.02686,1,-1,WAIT_RELEASE,0,0,0,400000000000,-1,0
0.02686,2,-1,WAIT_RELEASE,0,0,0,400000000000,-1,0
0.02686,3,-1,WAIT_RELEASE,0,0,0,400000000000,-1,0
0.02688,0,0,INJECTING,642600000,642446728,5027229095,320000000000,-1,0
0.02688,1,-1,WAIT_RELEASE,0,0,0,400000000000,-1,0
0.02688,2,-1,WAIT_RELEASE,0,0,0,400000000000,-1,0
0.02688,3,-1,WAIT_RELEASE,0,0,0,400000000000,-1,0
0.0269,0,0,INJECTING,643361600,643208328,5027229095,320000000000,-1,0
0.0269,1,-1,WAIT_RELEASE,0,0,0,400000000000,-1,0
0.0269,2,-1,WAIT_RELEASE,0,0,0,400000000000,-1,0
0.0269,3,-1,WAIT_RELEASE,0,0,0,400000000000,-1,0
0.02692,0,0,INJECTING,644123200,643969928,5027229095,320000000000,-1,0
0.02692,1,-1,WAIT_RELEASE,0,0,0,400000000000,-1,0
0.02692,2,-1,WAIT_RELEASE,0,0,0,400000000000,-1,0
0.02692,3,-1,WAIT_RELEASE,0,0,0,400000000000,-1,0
0.02694,0,0,INJECTING,644884800,644731528,5027229095,320000000000,-1,0
0.02694,1,-1,WAIT_RELEASE,0,0,0,400000000000,-1,0
0.02694,2,-1,WAIT_RELEASE,0,0,0,400000000000,-1,0
0.02694,3,-1,WAIT_RELEASE,0,0,0,400000000000,-1,0
0.02696,0,0,INJECTING,645646400,645493128,5027229095,320000000000,-1,0
0.02696,1,-1,WAIT_RELEASE,0,0,0,400000000000,-1,0
0.02696,2,-1,WAIT_RELEASE,0,0,0,400000000000,-1,0
0.02696,3,-1,WAIT_RELEASE,0,0,0,400000000000,-1,0
0.02698,0,0,INJECTING,646408000,646254728,5027229095,320000000000,-1,0
0.02698,1,-1,WAIT_RELEASE,0,0,0,400000000000,-1,0
0.02698,2,-1,WAIT_RELEASE,0,0,0,400000000000,-1,0
0.02698,3,-1,WAIT_RELEASE,0,0,0,400000000000,-1,0
0.027,0,0,INJECTING,647169600,647016328,5027229095,320000000000,-1,0
0.027,1,-1,WAIT_RELEASE,0,0,0,400000000000,-1,0
0.027,2,-1,WAIT_RELEASE,0,0,0,400000000000,-1,0
0.027,3,-1,WAIT_RELEASE,0,0,0,400000000000,-1,0
0.02702,0,0,INJECTING,647931200,647777928,5027229095,320000000000,-1,0
0.02702,1,-1,WAIT_RELEASE,0,0,0,400000000000,-1,0
0.02702,2,-1,WAIT_RELEASE,0,0,0,400000000000,-1,0
0.02702,3,-1,WAIT_RELEASE,0,0,0,400000000000,-1,0
0.02704,0,0,INJECTING,648692800,648539528,5027229095,320000000000,-1,0
0.02704,1,-1,WAIT_RELEASE,0,0,0,400000000000,-1,0
0.02704,2,-1,WAIT_RELEASE,0,0,0,400000000000,-1,0
0.02704,3,-1,WAIT_RELEASE,0,0,0,400000000000,-1,0
0.02706,0,0,INJECTING,649454400,649301128,5027229095,320000000000,-1,0
0.02706,1,-1,WAIT_RELEASE,0,0,0,400000000000,-1,0
0.02706,2,-1,WAIT_RELEASE,0,0,0,400000000000,-1,0
0.02706,3,-1,WAIT_RELEASE,0,0,0,400000000000,-1,0
0.02708,0,0,INJECTING,650216000,650062728,5027229095,320000000000,-1,0
0.02708,1,-1,WAIT_RELEASE,0,0,0,400000000000,-1,0
0.02708,2,-1,WAIT_RELEASE,0,0,0,400000000000,-1,0
0.02708,3,-1,WAIT_RELEASE,0,0,0,400000000000,-1,0
0.0271,0,0,INJECTING,650977600,650824328,5027229095,320000000000,-1,0
0.0271,1,-1,WAIT_RELEASE,0,0,0,400000000000,-1,0
0.0271,2,-1,WAIT_RELEASE,0,0,0,400000000000,-1,0
0.0271,3,-1,WAIT_RELEASE,0,0,0,400000000000,-1,0
0.02712,0,0,INJECTING,651739200,651585928,5027229095,320000000000,-1,0
0.02712,1,-1,WAIT_RELEASE,0,0,0,400000000000,-1,0
0.02712,2,-1,WAIT_RELEASE,0,0,0,400000000000,-1,0
0.02712,3,-1,WAIT_RELEASE,0,0,0,400000000000,-1,0
0.02714,0,0,INJECTING,652500800,652347528,5027229095,320000000000,-1,0
0.02714,1,-1,WAIT_RELEASE,0,0,0,400000000000,-1,0
0.02714,2,-1,WAIT_RELEASE,0,0,0,400000000000,-1,0
0.02714,3,-1,WAIT_RELEASE,0,0,0,400000000000,-1,0
0.02716,0,0,INJECTING,653262400,653109128,5027229095,320000000000,-1,0
0.02716,1,-1,WAIT_RELEASE,0,0,0,400000000000,-1,0
0.02716,2,-1,WAIT_RELEASE,0,0,0,400000000000,-1,0
0.02716,3,-1,WAIT_RELEASE,0,0,0,400000000000,-1,0
0.02718,0,0,INJECTING,654024000,653870728,5027229095,320000000000,-1,0
0.02718,1,-1,WAIT_RELEASE,0,0,0,400000000000,-1,0
0.02718,2,-1,WAIT_RELEASE,0,0,0,400000000000,-1,0
0.02718,3,-1,WAIT_RELEASE,0,0,0,400000000000,-1,0
0.0272,0,0,INJECTING,654785600,654632328,5027229095,320000000000,-1,0
0.0272,1,-1,WAIT_RELEASE,0,0,0,400000000000,-1,0
0.0272,2,-1,WAIT_RELEASE,0,0,0,400000000000,-1,0
0.0272,3,-1,WAIT_RELEASE,0,0,0,400000000000,-1,0
0.02722,0,0,INJECTING,655547200,655393928,5027229095,320000000000,-1,0
0.02722,1,-1,WAIT_RELEASE,0,0,0,400000000000,-1,0
0.02722,2,-1,WAIT_RELEASE,0,0,0,400000000000,-1,0
0.02722,3,-1,WAIT_RELEASE,0,0,0,400000000000,-1,0
0.02724,0,0,INJECTING,656308800,656155528,5027229095,320000000000,-1,0
0.02724,1,-1,WAIT_RELEASE,0,0,0,400000000000,-1,0
0.02724,2,-1,WAIT_RELEASE,0,0,0,400000000000,-1,0
0.02724,3,-1,WAIT_RELEASE,0,0,0,400000000000,-1,0
0.02726,0,0,INJECTING,657070400,656917128,5027229095,320000000000,-1,0
0.02726,1,-1,WAIT_RELEASE,0,0,0,400000000000,-1,0
0.02726,2,-1,WAIT_RELEASE,0,0,0,400000000000,-1,0
0.02726,3,-1,WAIT_RELEASE,0,0,0,400000000000,-1,0
0.02728,0,0,INJECTING,657832000,657678728,5027229095,320000000000,-1,0
0.02728,1,-1,WAIT_RELEASE,0,0,0,400000000000,-1,0
0.02728,2,-1,WAIT_RELEASE,0,0,0,400000000000,-1,0
0.02728,3,-1,WAIT_RELEASE,0,0,0,400000000000,-1,0
0.0273,0,0,INJECTING,658593600,658440328,5027229095,320000000000,-1,0
0.0273,1,-1,WAIT_RELEASE,0,0,0,400000000000,-1,0
0.0273,2,-1,WAIT_RELEASE,0,0,0,400000000000,-1,0
0.0273,3,-1,WAIT_RELEASE,0,0,0,400000000000,-1,0
0.02732,0,0,INJECTING,659355200,659201928,5027229095,320000000000,-1,0
0.02732,1,-1,WAIT_RELEASE,0,0,0,400000000000,-1,0
0.02732,2,-1,WAIT_RELEASE,0,0,0,400000000000,-1,0
0.02732,3,-1,WAIT_RELEASE,0,0,0,400000000000,-1,0
0.02734,0,0,INJECTING,660116800,659963528,5027229095,320000000000,-1,0
0.02734,1,-1,WAIT_RELEASE,0,0,0,400000000000,-1,0
0.02734,2,-1,WAIT_RELEASE,0,0,0,400000000000,-1,0
0.02734,3,-1,WAIT_RELEASE,0,0,0,400000000000,-1,0
0.02736,0,0,INJECTING,660878400,660725128,5027229095,320000000000,-1,0
0.02736,1,-1,WAIT_RELEASE,0,0,0,400000000000,-1,0
0.02736,2,-1,WAIT_RELEASE,0,0,0,400000000000,-1,0
0.02736,3,-1,WAIT_RELEASE,0,0,0,400000000000,-1,0
0.02738,0,0,INJECTING,661640000,661486728,5027229095,320000000000,-1,0
0.02738,1,-1,WAIT_RELEASE,0,0,0,400000000000,-1,0
0.02738,2,-1,WAIT_RELEASE,0,0,0,400000000000,-1,0
0.02738,3,-1,WAIT_RELEASE,0,0,0,400000000000,-1,0
0.0274,0,0,INJECTING,662401600,662248328,5027229095,320000000000,-1,0
0.0274,1,-1,WAIT_RELEASE,0,0,0,400000000000,-1,0
0.0274,2,-1,WAIT_RELEASE,0,0,0,400000000000,-1,0
0.0274,3,-1,WAIT_RELEASE,0,0,0,400000000000,-1,0
0.02742,0,0,INJECTING,663163200,663009928,5027229095,320000000000,-1,0
0.02742,1,-1,WAIT_RELEASE,0,0,0,400000000000,-1,0
0.02742,2,-1,WAIT_RELEASE,0,0,0,400000000000,-1,0
0.02742,3,-1,WAIT_RELEASE,0,0,0,400000000000,-1,0
0.02744,0,0,INJECTING,663924800,663771528,5027229095,320000000000,-1,0
0.02744,1,-1,WAIT_RELEASE,0,0,0,400000000000,-1,0
0.02744,2,-1,WAIT_RELEASE,0,0,0,400000000000,-1,0
0.02744,3,-1,WAIT_RELEASE,0,0,0,400000000000,-1,0
0.02746,0,0,INJECTING,664686400,664533128,5027229095,320000000000,-1,0
0.02746,1,-1,WAIT_RELEASE,0,0,0,400000000000,-1,0
0.02746,2,-1,WAIT_RELEASE,0,0,0,400000000000,-1,0
0.02746,3,-1,WAIT_RELEASE,0,0,0,400000000000,-1,0
0.02748,0,0,INJECTING,665448000,665294728,5027229095,320000000000,-1,0
0.02748,1,-1,WAIT_RELEASE,0,0,0,400000000000,-1,0
0.02748,2,-1,WAIT_RELEASE,0,0,0,400000000000,-1,0
0.02748,3,-1,WAIT_RELEASE,0,0,0,400000000000,-1,0
0.0275,0,0,INJECTING,666209600,666056328,5027229095,320000000000,-1,0
0.0275,1,-1,WAIT_RELEASE,0,0,0,400000000000,-1,0
0.0275,2,-1,WAIT_RELEASE,0,0,0,400000000000,-1,0
0.0275,3,-1,WAIT_RELEASE,0,0,0,400000000000,-1,0
0.02752,0,0,INJECTING,666971200,666817928,5027229095,320000000000,-1,0
0.02752,1,-1,WAIT_RELEASE,0,0,0,400000000000,-1,0
0.02752,2,-1,WAIT_RELEASE,0,0,0,400000000000,-1,0
0.02752,3,-1,WAIT_RELEASE,0,0,0,400000000000,-1,0
0.02754,0,0,INJECTING,667732800,667579528,5027229095,320000000000,-1,0
0.02754,1,-1,WAIT_RELEASE,0,0,0,400000000000,-1,0
0.02754,2,-1,WAIT_RELEASE,0,0,0,400000000000,-1,0
0.02754,3,-1,WAIT_RELEASE,0,0,0,400000000000,-1,0
0.02756,0,0,INJECTING,668494400,668341128,5027229095,320000000000,-1,0
0.02756,1,-1,WAIT_RELEASE,0,0,0,400000000000,-1,0
0.02756,2,-1,WAIT_RELEASE,0,0,0,400000000000,-1,0
0.02756,3,-1,WAIT_RELEASE,0,0,0,400000000000,-1,0
0.02758,0,0,INJECTING,669256000,669102728,5027229095,320000000000,-1,0
0.02758,1,-1,WAIT_RELEASE,0,0,0,400000000000,-1,0
0.02758,2,-1,WAIT_RELEASE,0,0,0,400000000000,-1,0
0.02758,3,-1,WAIT_RELEASE,0,0,0,400000000000,-1,0
0.0276,0,0,INJECTING,670017600,669864328,5027229095,320000000000,-1,0
0.0276,1,-1,WAIT_RELEASE,0,0,0,400000000000,-1,0
0.0276,2,-1,WAIT_RELEASE,0,0,0,400000000000,-1,0
0.0276,3,-1,WAIT_RELEASE,0,0,0,400000000000,-1,0
0.02762,0,0,INJECTING,670779200,670625928,5027229095,320000000000,-1,0
0.02762,1,-1,WAIT_RELEASE,0,0,0,400000000000,-1,0
0.02762,2,-1,WAIT_RELEASE,0,0,0,400000000000,-1,0
0.02762,3,-1,WAIT_RELEASE,0,0,0,400000000000,-1,0
0.02764,0,0,INJECTING,671540800,671387528,5027229095,320000000000,-1,0
0.02764,1,-1,WAIT_RELEASE,0,0,0,400000000000,-1,0
0.02764,2,-1,WAIT_RELEASE,0,0,0,400000000000,-1,0
0.02764,3,-1,WAIT_RELEASE,0,0,0,400000000000,-1,0
0.02766,0,0,INJECTING,672302400,672149128,5027229095,320000000000,-1,0
0.02766,1,-1,WAIT_RELEASE,0,0,0,400000000000,-1,0
0.02766,2,-1,WAIT_RELEASE,0,0,0,400000000000,-1,0
0.02766,3,-1,WAIT_RELEASE,0,0,0,400000000000,-1,0
0.02768,0,0,INJECTING,673064000,672910728,5027229095,320000000000,-1,0
0.02768,1,-1,WAIT_RELEASE,0,0,0,400000000000,-1,0
0.02768,2,-1,WAIT_RELEASE,0,0,0,400000000000,-1,0
0.02768,3,-1,WAIT_RELEASE,0,0,0,400000000000,-1,0
0.0277,0,0,INJECTING,673825600,673672328,5027229095,320000000000,-1,0
0.0277,1,-1,WAIT_RELEASE,0,0,0,400000000000,-1,0
0.0277,2,-1,WAIT_RELEASE,0,0,0,400000000000,-1,0
0.0277,3,-1,WAIT_RELEASE,0,0,0,400000000000,-1,0
0.02772,0,0,INJECTING,674587200,674433928,5027229095,320000000000,-1,0
0.02772,1,-1,WAIT_RELEASE,0,0,0,400000000000,-1,0
0.02772,2,-1,WAIT_RELEASE,0,0,0,400000000000,-1,0
0.02772,3,-1,WAIT_RELEASE,0,0,0,400000000000,-1,0
0.02774,0,0,INJECTING,675348800,675195528,5027229095,320000000000,-1,0
0.02774,1,-1,WAIT_RELEASE,0,0,0,400000000000,-1,0
0.02774,2,-1,WAIT_RELEASE,0,0,0,400000000000,-1,0
0.02774,3,-1,WAIT_RELEASE,0,0,0,400000000000,-1,0
0.02776,0,0,INJECTING,676110400,675957128,5027229095,320000000000,-1,0
0.02776,1,-1,WAIT_RELEASE,0,0,0,400000000000,-1,0
0.02776,2,-1,WAIT_RELEASE,0,0,0,400000000000,-1,0
0.02776,3,-1,WAIT_RELEASE,0,0,0,400000000000,-1,0
0.02778,0,0,INJECTING,676872000,676718728,5027229095,320000000000,-1,0
0.02778,1,-1,WAIT_RELEASE,0,0,0,400000000000,-1,0
0.02778,2,-1,WAIT_RELEASE,0,0,0,400000000000,-1,0
0.02778,3,-1,WAIT_RELEASE,0,0,0,400000000000,-1,0
0.0278,0,0,INJECTING,677633600,677480328,5027229095,320000000000,-1,0
0.0278,1,-1,WAIT_RELEASE,0,0,0,400000000000,-1,0
0.0278,2,-1,WAIT_RELEASE,0,0,0,400000000000,-1,0
0.0278,3,-1,WAIT_RELEASE,0,0,0,400000000000,-1,0
0.02782,0,0,INJECTING,678395200,678241928,5027229095,320000000000,-1,0
0.02782,1,-1,WAIT_RELEASE,0,0,0,400000000000,-1,0
0.02782,2,-1,WAIT_RELEASE,0,0,0,400000000000,-1,0
0.02782,3,-1,WAIT_RELEASE,0,0,0,400000000000,-1,0
0.02784,0,0,INJECTING,679156800,679003528,5027229095,320000000000,-1,0
0.02784,1,-1,WAIT_RELEASE,0,0,0,400000000000,-1,0
0.02784,2,-1,WAIT_RELEASE,0,0,0,400000000000,-1,0
0.02784,3,-1,WAIT_RELEASE,0,0,0,400000000000,-1,0
0.02786,0,0,INJECTING,679918400,679765128,5027229095,320000000000,-1,0
0.02786,1,-1,WAIT_RELEASE,0,0,0,400000000000,-1,0
0.02786,2,-1,WAIT_RELEASE,0,0,0,400000000000,-1,0
0.02786,3,-1,WAIT_RELEASE,0,0,0,400000000000,-1,0
0.02788,0,0,INJECTING,680680000,680526728,5027229095,320000000000,-1,0
0.02788,1,-1,WAIT_RELEASE,0,0,0,400000000000,-1,0
0.02788,2,-1,WAIT_RELEASE,0,0,0,400000000000,-1,0
0.02788,3,-1,WAIT_RELEASE,0,0,0,400000000000,-1,0
0.0279,0,0,INJECTING,681441600,681288328,5027229095,320000000000,-1,0
0.0279,1,-1,WAIT_RELEASE,0,0,0,400000000000,-1,0
0.0279,2,-1,WAIT_RELEASE,0,0,0,400000000000,-1,0
0.0279,3,-1,WAIT_RELEASE,0,0,0,400000000000,-1,0
0.02792,0,0,INJECTING,682203200,682049928,5027229095,320000000000,-1,0
0.02792,1,-1,WAIT_RELEASE,0,0,0,400000000000,-1,0
0.02792,2,-1,WAIT_RELEASE,0,0,0,400000000000,-1,0
0.02792,3,-1,WAIT_RELEASE,0,0,0,400000000000,-1,0
0.02794,0,0,INJECTING,682964800,682811528,5027229095,320000000000,-1,0
0.02794,1,-1,WAIT_RELEASE,0,0,0,400000000000,-1,0
0.02794,2,-1,WAIT_RELEASE,0,0,0,400000000000,-1,0
0.02794,3,-1,WAIT_RELEASE,0,0,0,400000000000,-1,0
0.02796,0,0,INJECTING,683726400,683573128,5027229095,320000000000,-1,0
0.02796,1,-1,WAIT_RELEASE,0,0,0,400000000000,-1,0
0.02796,2,-1,WAIT_RELEASE,0,0,0,400000000000,-1,0
0.02796,3,-1,WAIT_RELEASE,0,0,0,400000000000,-1,0
0.02798,0,0,INJECTING,684488000,684334728,5027229095,320000000000,-1,0
0.02798,1,-1,WAIT_RELEASE,0,0,0,400000000000,-1,0
0.02798,2,-1,WAIT_RELEASE,0,0,0,400000000000,-1,0
0.02798,3,-1,WAIT_RELEASE,0,0,0,400000000000,-1,0
0.028,0,0,INJECTING,685249600,685096328,5027229095,320000000000,-1,0
0.028,1,-1,WAIT_RELEASE,0,0,0,400000000000,-1,0
0.028,2,-1,WAIT_RELEASE,0,0,0,400000000000,-1,0
0.028,3,-1,WAIT_RELEASE,0,0,0,400000000000,-1,0
0.02802,0,0,INJECTING,686011200,685857928,5027229095,320000000000,-1,0
0.02802,1,-1,WAIT_RELEASE,0,0,0,400000000000,-1,0
0.02802,2,-1,WAIT_RELEASE,0,0,0,400000000000,-1,0
0.02802,3,-1,WAIT_RELEASE,0,0,0,400000000000,-1,0
0.02804,0,0,INJECTING,686772800,686619528,5027229095,320000000000,-1,0
0.02804,1,-1,WAIT_RELEASE,0,0,0,400000000000,-1,0
0.02804,2,-1,WAIT_RELEASE,0,0,0,400000000000,-1,0
0.02804,3,-1,WAIT_RELEASE,0,0,0,400000000000,-1,0
0.02806,0,0,INJECTING,687534400,687381128,5027229095,320000000000,-1,0
0.02806,1,-1,WAIT_RELEASE,0,0,0,400000000000,-1,0
0.02806,2,-1,WAIT_RELEASE,0,0,0,400000000000,-1,0
0.02806,3,-1,WAIT_RELEASE,0,0,0,400000000000,-1,0
0.02808,0,0,INJECTING,688296000,688142728,5027229095,320000000000,-1,0
0.02808,1,-1,WAIT_RELEASE,0,0,0,400000000000,-1,0
0.02808,2,-1,WAIT_RELEASE,0,0,0,400000000000,-1,0
0.02808,3,-1,WAIT_RELEASE,0,0,0,400000000000,-1,0
0.0281,0,0,INJECTING,689057600,688904328,5027229095,320000000000,-1,0
0.0281,1,-1,WAIT_RELEASE,0,0,0,400000000000,-1,0
0.0281,2,-1,WAIT_RELEASE,0,0,0,400000000000,-1,0
0.0281,3,-1,WAIT_RELEASE,0,0,0,400000000000,-1,0
0.02812,0,0,INJECTING,689819200,689665928,5027229095,320000000000,-1,0
0.02812,1,-1,WAIT_RELEASE,0,0,0,400000000000,-1,0
0.02812,2,-1,WAIT_RELEASE,0,0,0,400000000000,-1,0
0.02812,3,-1,WAIT_RELEASE,0,0,0,400000000000,-1,0
0.02814,0,0,INJECTING,690580800,690427528,5027229095,320000000000,-1,0
0.02814,1,-1,WAIT_RELEASE,0,0,0,400000000000,-1,0
0.02814,2,-1,WAIT_RELEASE,0,0,0,400000000000,-1,0
0.02814,3,-1,WAIT_RELEASE,0,0,0,400000000000,-1,0
0.02816,0,0,INJECTING,691342400,691189128,5027229095,320000000000,-1,0
0.02816,1,-1,WAIT_RELEASE,0,0,0,400000000000,-1,0
0.02816,2,-1,WAIT_RELEASE,0,0,0,400000000000,-1,0
0.02816,3,-1,WAIT_RELEASE,0,0,0,400000000000,-1,0
0.02818,0,0,INJECTING,692104000,691950728,5027229095,320000000000,-1,0
0.02818,1,-1,WAIT_RELEASE,0,0,0,400000000000,-1,0
0.02818,2,-1,WAIT_RELEASE,0,0,0,400000000000,-1,0
0.02818,3,-1,WAIT_RELEASE,0,0,0,400000000000,-1,0
0.0282,0,0,INJECTING,692865600,692712328,5027229095,320000000000,-1,0
0.0282,1,-1,WAIT_RELEASE,0,0,0,400000000000,-1,0
0.0282,2,-1,WAIT_RELEASE,0,0,0,400000000000,-1,0
0.0282,3,-1,WAIT_RELEASE,0,0,0,400000000000,-1,0
0.02822,0,0,INJECTING,693627200,693473928,5027229095,320000000000,-1,0
0.02822,1,-1,WAIT_RELEASE,0,0,0,400000000000,-1,0
0.02822,2,-1,WAIT_RELEASE,0,0,0,400000000000,-1,0
0.02822,3,-1,WAIT_RELEASE,0,0,0,400000000000,-1,0
0.02824,0,0,INJECTING,694388800,694235528,5027229095,320000000000,-1,0
0.02824,1,-1,WAIT_RELEASE,0,0,0,400000000000,-1,0
0.02824,2,-1,WAIT_RELEASE,0,0,0,400000000000,-1,0
0.02824,3,-1,WAIT_RELEASE,0,0,0,400000000000,-1,0
0.02826,0,0,INJECTING,695150400,694997128,5027229095,320000000000,-1,0
0.02826,1,-1,WAIT_RELEASE,0,0,0,400000000000,-1,0
0.02826,2,-1,WAIT_RELEASE,0,0,0,400000000000,-1,0
0.02826,3,-1,WAIT_RELEASE,0,0,0,400000000000,-1,0
0.02828,0,0,INJECTING,695912000,695758728,5027229095,320000000000,-1,0
0.02828,1,-1,WAIT_RELEASE,0,0,0,400000000000,-1,0
0.02828,2,-1,WAIT_RELEASE,0,0,0,400000000000,-1,0
0.02828,3,-1,WAIT_RELEASE,0,0,0,400000000000,-1,0
0.0283,0,0,INJECTING,696673600,696520328,5027229095,320000000000,-1,0
0.0283,1,-1,WAIT_RELEASE,0,0,0,400000000000,-1,0
0.0283,2,-1,WAIT_RELEASE,0,0,0,400000000000,-1,0
0.0283,3,-1,WAIT_RELEASE,0,0,0,400000000000,-1,0
0.02832,0,0,INJECTING,697435200,697281928,5027229095,320000000000,-1,0
0.02832,1,-1,WAIT_RELEASE,0,0,0,400000000000,-1,0
0.02832,2,-1,WAIT_RELEASE,0,0,0,400000000000,-1,0
0.02832,3,-1,WAIT_RELEASE,0,0,0,400000000000,-1,0
0.02834,0,0,INJECTING,698196800,698043528,5027229095,320000000000,-1,0
0.02834,1,-1,WAIT_RELEASE,0,0,0,400000000000,-1,0
0.02834,2,-1,WAIT_RELEASE,0,0,0,400000000000,-1,0
0.02834,3,-1,WAIT_RELEASE,0,0,0,400000000000,-1,0
0.02836,0,0,INJECTING,698958400,698805128,5027229095,320000000000,-1,0
0.02836,1,-1,WAIT_RELEASE,0,0,0,400000000000,-1,0
0.02836,2,-1,WAIT_RELEASE,0,0,0,400000000000,-1,0
0.02836,3,-1,WAIT_RELEASE,0,0,0,400000000000,-1,0
0.02838,0,0,INJECTING,699720000,699566728,5027229095,320000000000,-1,0
0.02838,1,-1,WAIT_RELEASE,0,0,0,400000000000,-1,0
0.02838,2,-1,WAIT_RELEASE,0,0,0,400000000000,-1,0
0.02838,3,-1,WAIT_RELEASE,0,0,0,400000000000,-1,0
0.0284,0,0,INJECTING,700481600,700328328,5027229095,320000000000,-1,0
0.0284,1,-1,WAIT_RELEASE,0,0,0,400000000000,-1,0
0.0284,2,-1,WAIT_RELEASE,0,0,0,400000000000,-1,0
0.0284,3,-1,WAIT_RELEASE,0,0,0,400000000000,-1,0
0.02842,0,0,INJECTING,701243200,701089928,5027229095,320000000000,-1,0
0.02842,1,-1,WAIT_RELEASE,0,0,0,400000000000,-1,0
0.02842,2,-1,WAIT_RELEASE,0,0,0,400000000000,-1,0
0.02842,3,-1,WAIT_RELEASE,0,0,0,400000000000,-1,0
0.02844,0,0,INJECTING,702004800,701851528,5027229095,320000000000,-1,0
0.02844,1,-1,WAIT_RELEASE,0,0,0,400000000000,-1,0
0.02844,2,-1,WAIT_RELEASE,0,0,0,400000000000,-1,0
0.02844,3,-1,WAIT_RELEASE,0,0,0,400000000000,-1,0
0.02846,0,0,INJECTING,702766400,702613128,5027229095,320000000000,-1,0
0.02846,1,-1,WAIT_RELEASE,0,0,0,400000000000,-1,0
0.02846,2,-1,WAIT_RELEASE,0,0,0,400000000000,-1,0
0.02846,3,-1,WAIT_RELEASE,0,0,0,400000000000,-1,0
0.02848,0,0,INJECTING,703528000,703374728,5027229095,320000000000,-1,0
0.02848,1,-1,WAIT_RELEASE,0,0,0,400000000000,-1,0
0.02848,2,-1,WAIT_RELEASE,0,0,0,400000000000,-1,0
0.02848,3,-1,WAIT_RELEASE,0,0,0,400000000000,-1,0
0.0285,0,0,INJECTING,704289600,704136328,5027229095,320000000000,-1,0
0.0285,1,-1,WAIT_RELEASE,0,0,0,400000000000,-1,0
0.0285,2,-1,WAIT_RELEASE,0,0,0,400000000000,-1,0
0.0285,3,-1,WAIT_RELEASE,0,0,0,400000000000,-1,0
0.02852,0,0,INJECTING,705051200,704897928,5027229095,320000000000,-1,0
0.02852,1,-1,WAIT_RELEASE,0,0,0,400000000000,-1,0
0.02852,2,-1,WAIT_RELEASE,0,0,0,400000000000,-1,0
0.02852,3,-1,WAIT_RELEASE,0,0,0,400000000000,-1,0
0.02854,0,0,INJECTING,705812800,705659528,5027229095,320000000000,-1,0
0.02854,1,-1,WAIT_RELEASE,0,0,0,400000000000,-1,0
0.02854,2,-1,WAIT_RELEASE,0,0,0,400000000000,-1,0
0.02854,3,-1,WAIT_RELEASE,0,0,0,400000000000,-1,0
0.02856,0,0,INJECTING,706574400,706421128,5027229095,320000000000,-1,0
0.02856,1,-1,WAIT_RELEASE,0,0,0,400000000000,-1,0
0.02856,2,-1,WAIT_RELEASE,0,0,0,400000000000,-1,0
0.02856,3,-1,WAIT_RELEASE,0,0,0,400000000000,-1,0
0.02858,0,0,INJECTING,707336000,707182728,5027229095,320000000000,-1,0
0.02858,1,-1,WAIT_RELEASE,0,0,0,400000000000,-1,0
0.02858,2,-1,WAIT_RELEASE,0,0,0,400000000000,-1,0
0.02858,3,-1,WAIT_RELEASE,0,0,0,400000000000,-1,0
0.0286,0,0,INJECTING,708097600,707944328,5027229095,320000000000,-1,0
0.0286,1,-1,WAIT_RELEASE,0,0,0,400000000000,-1,0
0.0286,2,-1,WAIT_RELEASE,0,0,0,400000000000,-1,0
0.0286,3,-1,WAIT_RELEASE,0,0,0,400000000000,-1,0
0.02862,0,0,INJECTING,708859200,708705928,5027229095,320000000000,-1,0
0.02862,1,-1,WAIT_RELEASE,0,0,0,400000000000,-1,0
0.02862,2,-1,WAIT_RELEASE,0,0,0,400000000000,-1,0
0.02862,3,-1,WAIT_RELEASE,0,0,0,400000000000,-1,0
0.02864,0,0,INJECTING,709620800,709467528,5027229095,320000000000,-1,0
0.02864,1,-1,WAIT_RELEASE,0,0,0,400000000000,-1,0
0.02864,2,-1,WAIT_RELEASE,0,0,0,400000000000,-1,0
0.02864,3,-1,WAIT_RELEASE,0,0,0,400000000000,-1,0
0.02866,0,0,INJECTING,710382400,710229128,5027229095,320000000000,-1,0
0.02866,1,-1,WAIT_RELEASE,0,0,0,400000000000,-1,0
0.02866,2,-1,WAIT_RELEASE,0,0,0,400000000000,-1,0
0.02866,3,-1,WAIT_RELEASE,0,0,0,400000000000,-1,0
0.02868,0,0,INJECTING,711144000,710990728,5027229095,320000000000,-1,0
0.02868,1,-1,WAIT_RELEASE,0,0,0,400000000000,-1,0
0.02868,2,-1,WAIT_RELEASE,0,0,0,400000000000,-1,0
0.02868,3,-1,WAIT_RELEASE,0,0,0,400000000000,-1,0
0.0287,0,0,INJECTING,711905600,711752328,5027229095,320000000000,-1,0
0.0287,1,-1,WAIT_RELEASE,0,0,0,400000000000,-1,0
0.0287,2,-1,WAIT_RELEASE,0,0,0,400000000000,-1,0
0.0287,3,-1,WAIT_RELEASE,0,0,0,400000000000,-1,0
0.02872,0,0,INJECTING,712667200,712513928,5027229095,320000000000,-1,0
0.02872,1,-1,WAIT_RELEASE,0,0,0,400000000000,-1,0
0.02872,2,-1,WAIT_RELEASE,0,0,0,400000000000,-1,0
0.02872,3,-1,WAIT_RELEASE,0,0,0,400000000000,-1,0
0.02874,0,0,INJECTING,713428800,713275528,5027229095,320000000000,-1,0
0.02874,1,-1,WAIT_RELEASE,0,0,0,400000000000,-1,0
0.02874,2,-1,WAIT_RELEASE,0,0,0,400000000000,-1,0
0.02874,3,-1,WAIT_RELEASE,0,0,0,400000000000,-1,0
0.02876,0,0,INJECTING,714190400,714037128,5027229095,320000000000,-1,0
0.02876,1,-1,WAIT_RELEASE,0,0,0,400000000000,-1,0
0.02876,2,-1,WAIT_RELEASE,0,0,0,400000000000,-1,0
0.02876,3,-1,WAIT_RELEASE,0,0,0,400000000000,-1,0
0.02878,0,0,INJECTING,714952000,714798728,5027229095,320000000000,-1,0
0.02878,1,-1,WAIT_RELEASE,0,0,0,400000000000,-1,0
0.02878,2,-1,WAIT_RELEASE,0,0,0,400000000000,-1,0
0.02878,3,-1,WAIT_RELEASE,0,0,0,400000000000,-1,0
0.0288,0,0,INJECTING,715713600,715560328,5027229095,320000000000,-1,0
0.0288,1,-1,WAIT_RELEASE,0,0,0,400000000000,-1,0
0.0288,2,-1,WAIT_RELEASE,0,0,0,400000000000,-1,0
0.0288,3,-1,WAIT_RELEASE,0,0,0,400000000000,-1,0
0.02882,0,0,INJECTING,716475200,716321928,5027229095,320000000000,-1,0
0.02882,1,-1,WAIT_RELEASE,0,0,0,400000000000,-1,0
0.02882,2,-1,WAIT_RELEASE,0,0,0,400000000000,-1,0
0.02882,3,-1,WAIT_RELEASE,0,0,0,400000000000,-1,0
0.02884,0,0,INJECTING,717236800,717083528,5027229095,320000000000,-1,0
0.02884,1,-1,WAIT_RELEASE,0,0,0,400000000000,-1,0
0.02884,2,-1,WAIT_RELEASE,0,0,0,400000000000,-1,0
0.02884,3,-1,WAIT_RELEASE,0,0,0,400000000000,-1,0
0.02886,0,0,INJECTING,717998400,717845128,5027229095,320000000000,-1,0
0.02886,1,-1,WAIT_RELEASE,0,0,0,400000000000,-1,0
0.02886,2,-1,WAIT_RELEASE,0,0,0,400000000000,-1,0
0.02886,3,-1,WAIT_RELEASE,0,0,0,400000000000,-1,0
0.02888,0,0,INJECTING,718760000,718606728,5027229095,320000000000,-1,0
0.02888,1,-1,WAIT_RELEASE,0,0,0,400000000000,-1,0
0.02888,2,-1,WAIT_RELEASE,0,0,0,400000000000,-1,0
0.02888,3,-1,WAIT_RELEASE,0,0,0,400000000000,-1,0
0.0289,0,0,INJECTING,719521600,719368328,5027229095,320000000000,-1,0
0.0289,1,-1,WAIT_RELEASE,0,0,0,400000000000,-1,0
0.0289,2,-1,WAIT_RELEASE,0,0,0,400000000000,-1,0
0.0289,3,-1,WAIT_RELEASE,0,0,0,400000000000,-1,0
0.02892,0,0,INJECTING,720283200,720129928,5027229095,320000000000,-1,0
0.02892,1,-1,WAIT_RELEASE,0,0,0,400000000000,-1,0
0.02892,2,-1,WAIT_RELEASE,0,0,0,400000000000,-1,0
0.02892,3,-1,WAIT_RELEASE,0,0,0,400000000000,-1,0
0.02894,0,0,INJECTING,721044800,720891528,5027229095,320000000000,-1,0
0.02894,1,-1,WAIT_RELEASE,0,0,0,400000000000,-1,0
0.02894,2,-1,WAIT_RELEASE,0,0,0,400000000000,-1,0
0.02894,3,-1,WAIT_RELEASE,0,0,0,400000000000,-1,0
0.02896,0,0,INJECTING,721806400,721653128,5027229095,320000000000,-1,0
0.02896,1,-1,WAIT_RELEASE,0,0,0,400000000000,-1,0
0.02896,2,-1,WAIT_RELEASE,0,0,0,400000000000,-1,0
0.02896,3,-1,WAIT_RELEASE,0,0,0,400000000000,-1,0
0.02898,0,0,INJECTING,722568000,722414728,5027229095,320000000000,-1,0
0.02898,1,-1,WAIT_RELEASE,0,0,0,400000000000,-1,0
0.02898,2,-1,WAIT_RELEASE,0,0,0,400000000000,-1,0
0.02898,3,-1,WAIT_RELEASE,0,0,0,400000000000,-1,0
0.029,0,0,INJECTING,723329600,723176328,5027229095,320000000000,-1,0
0.029,1,-1,WAIT_RELEASE,0,0,0,400000000000,-1,0
0.029,2,-1,WAIT_RELEASE,0,0,0,400000000000,-1,0
0.029,3,-1,WAIT_RELEASE,0,0,0,400000000000,-1,0
0.02902,0,0,INJECTING,724091200,723937928,5027229095,320000000000,-1,0
0.02902,1,-1,WAIT_RELEASE,0,0,0,400000000000,-1,0
0.02902,2,-1,WAIT_RELEASE,0,0,0,400000000000,-1,0
0.02902,3,-1,WAIT_RELEASE,0,0,0,400000000000,-1,0
0.02904,0,0,INJECTING,724852800,724699528,5027229095,320000000000,-1,0
0.02904,1,-1,WAIT_RELEASE,0,0,0,400000000000,-1,0
0.02904,2,-1,WAIT_RELEASE,0,0,0,400000000000,-1,0
0.02904,3,-1,WAIT_RELEASE,0,0,0,400000000000,-1,0
0.02906,0,0,INJECTING,725614400,725461128,5027229095,320000000000,-1,0
0.02906,1,-1,WAIT_RELEASE,0,0,0,400000000000,-1,0
0.02906,2,-1,WAIT_RELEASE,0,0,0,400000000000,-1,0
0.02906,3,-1,WAIT_RELEASE,0,0,0,400000000000,-1,0
0.02908,0,0,INJECTING,726376000,726222728,5027229095,320000000000,-1,0
0.02908,1,-1,WAIT_RELEASE,0,0,0,400000000000,-1,0
0.02908,2,-1,WAIT_RELEASE,0,0,0,400000000000,-1,0
0.02908,3,-1,WAIT_RELEASE,0,0,0,400000000000,-1,0
0.0291,0,0,INJECTING,727137600,726984328,5027229095,320000000000,-1,0
0.0291,1,-1,WAIT_RELEASE,0,0,0,400000000000,-1,0
0.0291,2,-1,WAIT_RELEASE,0,0,0,400000000000,-1,0
0.0291,3,-1,WAIT_RELEASE,0,0,0,400000000000,-1,0
0.02912,0,0,INJECTING,727899200,727745928,5027229095,320000000000,-1,0
0.02912,1,-1,WAIT_RELEASE,0,0,0,400000000000,-1,0
0.02912,2,-1,WAIT_RELEASE,0,0,0,400000000000,-1,0
0.02912,3,-1,WAIT_RELEASE,0,0,0,400000000000,-1,0
0.02914,0,0,INJECTING,728660800,728507528,5027229095,320000000000,-1,0
0.02914,1,-1,WAIT_RELEASE,0,0,0,400000000000,-1,0
0.02914,2,-1,WAIT_RELEASE,0,0,0,400000000000,-1,0
0.02914,3,-1,WAIT_RELEASE,0,0,0,400000000000,-1,0
0.02916,0,0,INJECTING,729422400,729269128,5027229095,320000000000,-1,0
0.02916,1,-1,WAIT_RELEASE,0,0,0,400000000000,-1,0
0.02916,2,-1,WAIT_RELEASE,0,0,0,400000000000,-1,0
0.02916,3,-1,WAIT_RELEASE,0,0,0,400000000000,-1,0
0.02918,0,0,INJECTING,730184000,730030728,5027229095,320000000000,-1,0
0.02918,1,-1,WAIT_RELEASE,0,0,0,400000000000,-1,0
0.02918,2,-1,WAIT_RELEASE,0,0,0,400000000000,-1,0
0.02918,3,-1,WAIT_RELEASE,0,0,0,400000000000,-1,0
0.0292,0,0,INJECTING,730945600,730792328,5027229095,320000000000,-1,0
0.0292,1,-1,WAIT_RELEASE,0,0,0,400000000000,-1,0
0.0292,2,-1,WAIT_RELEASE,0,0,0,400000000000,-1,0
0.0292,3,-1,WAIT_RELEASE,0,0,0,400000000000,-1,0
0.02922,0,0,INJECTING,731707200,731553928,5027229095,320000000000,-1,0
0.02922,1,-1,WAIT_RELEASE,0,0,0,400000000000,-1,0
0.02922,2,-1,WAIT_RELEASE,0,0,0,400000000000,-1,0
0.02922,3,-1,WAIT_RELEASE,0,0,0,400000000000,-1,0
0.02924,0,0,INJECTING,732261799,732261799,5027229095,320000000000,-1,0
0.02924,1,-1,WAIT_RELEASE,0,0,0,400000000000,-1,0
0.02924,2,-1,WAIT_RELEASE,0,0,0,400000000000,-1,0
0.02924,3,-1,WAIT_RELEASE,0,0,0,400000000000,-1,0
0.02926,0,0,INJECTING,732261799,732261799,5027229095,320000000000,-1,0
0.02926,1,-1,WAIT_RELEASE,0,0,0,400000000000,-1,0
0.02926,2,-1,WAIT_RELEASE,0,0,0,400000000000,-1,0
0.02926,3,-1,WAIT_RELEASE,0,0,0,400000000000,-1,0
0.02928,0,0,INJECTING,732261799,732261799,5027229095,320000000000,-1,0
0.02928,1,-1,WAIT_RELEASE,0,0,0,400000000000,-1,0
0.02928,2,-1,WAIT_RELEASE,0,0,0,400000000000,-1,0
0.02928,3,-1,WAIT_RELEASE,0,0,0,400000000000,-1,0
0.0293,0,0,INJECTING,732261799,732261799,5027229095,320000000000,-1,0
0.0293,1,-1,WAIT_RELEASE,0,0,0,400000000000,-1,0
0.0293,2,-1,WAIT_RELEASE,0,0,0,400000000000,-1,0
0.0293,3,-1,WAIT_RELEASE,0,0,0,400000000000,-1,0
0.02932,0,0,INJECTING,732261799,732261799,5027229095,320000000000,-1,0
0.02932,1,-1,WAIT_RELEASE,0,0,0,400000000000,-1,0
0.02932,2,-1,WAIT_RELEASE,0,0,0,400000000000,-1,0
0.02932,3,-1,WAIT_RELEASE,0,0,0,400000000000,-1,0
0.02934,0,0,INJECTING,732261799,732261799,5027229095,320000000000,-1,0
0.02934,1,-1,WAIT_RELEASE,0,0,0,400000000000,-1,0
0.02934,2,-1,WAIT_RELEASE,0,0,0,400000000000,-1,0
0.02934,3,-1,WAIT_RELEASE,0,0,0,400000000000,-1,0
0.02936,0,0,INJECTING,732261799,732261799,5027229095,320000000000,-1,0
0.02936,1,-1,WAIT_RELEASE,0,0,0,400000000000,-1,0
0.02936,2,-1,WAIT_RELEASE,0,0,0,400000000000,-1,0
0.02936,3,-1,WAIT_RELEASE,0,0,0,400000000000,-1,0
0.02938,0,0,INJECTING,732261799,732261799,5027229095,320000000000,-1,0
0.02938,1,-1,WAIT_RELEASE,0,0,0,400000000000,-1,0
0.02938,2,-1,WAIT_RELEASE,0,0,0,400000000000,-1,0
0.02938,3,-1,WAIT_RELEASE,0,0,0,400000000000,-1,0
0.0294,0,0,INJECTING,732261799,732261799,5027229095,320000000000,-1,0
0.0294,1,-1,WAIT_RELEASE,0,0,0,400000000000,-1,0
0.0294,2,-1,WAIT_RELEASE,0,0,0,400000000000,-1,0
0.0294,3,-1,WAIT_RELEASE,0,0,0,400000000000,-1,0
0.02942,0,0,INJECTING,732261799,732261799,5027229095,320000000000,-1,0
0.02942,1,-1,WAIT_RELEASE,0,0,0,400000000000,-1,0
0.02942,2,-1,WAIT_RELEASE,0,0,0,400000000000,-1,0
0.02942,3,-1,WAIT_RELEASE,0,0,0,400000000000,-1,0
0.02944,0,0,INJECTING,732261799,732261799,5027229095,320000000000,-1,0
0.02944,1,-1,WAIT_RELEASE,0,0,0,400000000000,-1,0
0.02944,2,-1,WAIT_RELEASE,0,0,0,400000000000,-1,0
0.02944,3,-1,WAIT_RELEASE,0,0,0,400000000000,-1,0
0.02946,0,0,INJECTING,732261799,732261799,5027229095,320000000000,-1,0
0.02946,1,-1,WAIT_RELEASE,0,0,0,400000000000,-1,0
0.02946,2,-1,WAIT_RELEASE,0,0,0,400000000000,-1,0
0.02946,3,-1,WAIT_RELEASE,0,0,0,400000000000,-1,0
0.02948,0,0,INJECTING,732261799,732261799,5027229095,320000000000,-1,0
0.02948,1,-1,WAIT_RELEASE,0,0,0,400000000000,-1,0
0.02948,2,-1,WAIT_RELEASE,0,0,0,400000000000,-1,0
0.02948,3,-1,WAIT_RELEASE,0,0,0,400000000000,-1,0
0.0295,0,0,INJECTING,732261799,732261799,5027229095,320000000000,-1,0
0.0295,1,-1,WAIT_RELEASE,0,0,0,400000000000,-1,0
0.0295,2,-1,WAIT_RELEASE,0,0,0,400000000000,-1,0
0.0295,3,-1,WAIT_RELEASE,0,0,0,400000000000,-1,0
0.02952,0,0,INJECTING,732261799,732261799,5027229095,320000000000,-1,0
0.02952,1,-1,WAIT_RELEASE,0,0,0,400000000000,-1,0
0.02952,2,-1,WAIT_RELEASE,0,0,0,400000000000,-1,0
0.02952,3,-1,WAIT_RELEASE,0,0,0,400000000000,-1,0
0.02954,0,0,INJECTING,732261799,732261799,5027229095,320000000000,-1,0
0.02954,1,-1,WAIT_RELEASE,0,0,0,400000000000,-1,0
0.02954,2,-1,WAIT_RELEASE,0,0,0,400000000000,-1,0
0.02954,3,-1,WAIT_RELEASE,0,0,0,400000000000,-1,0
0.02956,0,0,INJECTING,732261799,732261799,5027229095,320000000000,-1,0
0.02956,1,-1,WAIT_RELEASE,0,0,0,400000000000,-1,0
0.02956,2,-1,WAIT_RELEASE,0,0,0,400000000000,-1,0
0.02956,3,-1,WAIT_RELEASE,0,0,0,400000000000,-1,0
0.02958,0,0,INJECTING,732261799,732261799,5027229095,320000000000,-1,0
0.02958,1,-1,WAIT_RELEASE,0,0,0,400000000000,-1,0
0.02958,2,-1,WAIT_RELEASE,0,0,0,400000000000,-1,0
0.02958,3,-1,WAIT_RELEASE,0,0,0,400000000000,-1,0
0.0296,0,0,INJECTING,732261799,732261799,5027229095,320000000000,-1,0
0.0296,1,-1,WAIT_RELEASE,0,0,0,400000000000,-1,0
0.0296,2,-1,WAIT_RELEASE,0,0,0,400000000000,-1,0
0.0296,3,-1,WAIT_RELEASE,0,0,0,400000000000,-1,0
0.02962,0,0,INJECTING,732261799,732261799,5027229095,320000000000,-1,0
0.02962,1,-1,WAIT_RELEASE,0,0,0,400000000000,-1,0
0.02962,2,-1,WAIT_RELEASE,0,0,0,400000000000,-1,0
0.02962,3,-1,WAIT_RELEASE,0,0,0,400000000000,-1,0
0.02964,0,0,INJECTING,732261799,732261799,5027229095,320000000000,-1,0
0.02964,1,-1,WAIT_RELEASE,0,0,0,400000000000,-1,0
0.02964,2,-1,WAIT_RELEASE,0,0,0,400000000000,-1,0
0.02964,3,-1,WAIT_RELEASE,0,0,0,400000000000,-1,0
0.02966,0,0,INJECTING,732261799,732261799,5027229095,320000000000,-1,0
0.02966,1,-1,WAIT_RELEASE,0,0,0,400000000000,-1,0
0.02966,2,-1,WAIT_RELEASE,0,0,0,400000000000,-1,0
0.02966,3,-1,WAIT_RELEASE,0,0,0,400000000000,-1,0
0.02968,0,0,INJECTING,732261799,732261799,5027229095,320000000000,-1,0
0.02968,1,-1,WAIT_RELEASE,0,0,0,400000000000,-1,0
0.02968,2,-1,WAIT_RELEASE,0,0,0,400000000000,-1,0
0.02968,3,-1,WAIT_RELEASE,0,0,0,400000000000,-1,0
0.0297,0,0,INJECTING,732261799,732261799,5027229095,320000000000,-1,0
0.0297,1,-1,WAIT_RELEASE,0,0,0,400000000000,-1,0
0.0297,2,-1,WAIT_RELEASE,0,0,0,400000000000,-1,0
0.0297,3,-1,WAIT_RELEASE,0,0,0,400000000000,-1,0
0.02972,0,0,INJECTING,732261799,732261799,5027229095,320000000000,-1,0
0.02972,1,-1,WAIT_RELEASE,0,0,0,400000000000,-1,0
0.02972,2,-1,WAIT_RELEASE,0,0,0,400000000000,-1,0
0.02972,3,-1,WAIT_RELEASE,0,0,0,400000000000,-1,0
0.02974,0,0,INJECTING,732261799,732261799,5027229095,320000000000,-1,0
0.02974,1,-1,WAIT_RELEASE,0,0,0,400000000000,-1,0
0.02974,2,-1,WAIT_RELEASE,0,0,0,400000000000,-1,0
0.02974,3,-1,WAIT_RELEASE,0,0,0,400000000000,-1,0
0.02976,0,0,INJECTING,732261799,732261799,5027229095,320000000000,-1,0
0.02976,1,-1,WAIT_RELEASE,0,0,0,400000000000,-1,0
0.02976,2,-1,WAIT_RELEASE,0,0,0,400000000000,-1,0
0.02976,3,-1,WAIT_RELEASE,0,0,0,400000000000,-1,0
0.02978,0,0,INJECTING,732261799,732261799,5027229095,320000000000,-1,0
0.02978,1,-1,WAIT_RELEASE,0,0,0,400000000000,-1,0
0.02978,2,-1,WAIT_RELEASE,0,0,0,400000000000,-1,0
0.02978,3,-1,WAIT_RELEASE,0,0,0,400000000000,-1,0
0.0298,0,0,INJECTING,732261799,732261799,5027229095,320000000000,-1,0
0.0298,1,-1,WAIT_RELEASE,0,0,0,400000000000,-1,0
0.0298,2,-1,WAIT_RELEASE,0,0,0,400000000000,-1,0
0.0298,3,-1,WAIT_RELEASE,0,0,0,400000000000,-1,0
0.02982,0,0,INJECTING,732261799,732261799,5027229095,320000000000,-1,0
0.02982,1,-1,WAIT_RELEASE,0,0,0,400000000000,-1,0
0.02982,2,-1,WAIT_RELEASE,0,0,0,400000000000,-1,0
0.02982,3,-1,WAIT_RELEASE,0,0,0,400000000000,-1,0
0.02984,0,0,INJECTING,732261799,732261799,5027229095,320000000000,-1,0
0.02984,1,-1,WAIT_RELEASE,0,0,0,400000000000,-1,0
0.02984,2,-1,WAIT_RELEASE,0,0,0,400000000000,-1,0
0.02984,3,-1,WAIT_RELEASE,0,0,0,400000000000,-1,0
0.02986,0,0,INJECTING,732261799,732261799,5027229095,320000000000,-1,0
0.02986,1,-1,WAIT_RELEASE,0,0,0,400000000000,-1,0
0.02986,2,-1,WAIT_RELEASE,0,0,0,400000000000,-1,0
0.02986,3,-1,WAIT_RELEASE,0,0,0,400000000000,-1,0
0.02988,0,0,INJECTING,732261799,732261799,5027229095,320000000000,-1,0
0.02988,1,-1,WAIT_RELEASE,0,0,0,400000000000,-1,0
0.02988,2,-1,WAIT_RELEASE,0,0,0,400000000000,-1,0
0.02988,3,-1,WAIT_RELEASE,0,0,0,400000000000,-1,0
0.0299,0,0,INJECTING,732261799,732261799,5027229095,320000000000,-1,0
0.0299,1,-1,WAIT_RELEASE,0,0,0,400000000000,-1,0
0.0299,2,-1,WAIT_RELEASE,0,0,0,400000000000,-1,0
0.0299,3,-1,WAIT_RELEASE,0,0,0,400000000000,-1,0
0.02992,0,0,INJECTING,732261799,732261799,5027229095,320000000000,-1,0
0.02992,1,-1,WAIT_RELEASE,0,0,0,400000000000,-1,0
0.02992,2,-1,WAIT_RELEASE,0,0,0,400000000000,-1,0
0.02992,3,-1,WAIT_RELEASE,0,0,0,400000000000,-1,0
0.02994,0,0,INJECTING,732261799,732261799,5027229095,320000000000,-1,0
0.02994,1,-1,WAIT_RELEASE,0,0,0,400000000000,-1,0
0.02994,2,-1,WAIT_RELEASE,0,0,0,400000000000,-1,0
0.02994,3,-1,WAIT_RELEASE,0,0,0,400000000000,-1,0
0.02996,0,0,INJECTING,732261799,732261799,5027229095,320000000000,-1,0
0.02996,1,-1,WAIT_RELEASE,0,0,0,400000000000,-1,0
0.02996,2,-1,WAIT_RELEASE,0,0,0,400000000000,-1,0
0.02996,3,-1,WAIT_RELEASE,0,0,0,400000000000,-1,0
0.02998,0,0,INJECTING,732261799,732261799,5027229095,320000000000,-1,0
0.02998,1,-1,WAIT_RELEASE,0,0,0,400000000000,-1,0
0.02998,2,-1,WAIT_RELEASE,0,0,0,400000000000,-1,0
0.02998,3,-1,WAIT_RELEASE,0,0,0,400000000000,-1,0
0.03,0,0,INJECTING,732261799,732261799,5027229095,320000000000,-1,0
0.03,1,-1,WAIT_RELEASE,0,0,0,5750000000,-1,0
0.03,2,-1,WAIT_RELEASE,0,0,0,5750000000,-1,0
0.03,3,-1,WAIT_RELEASE,0,0,0,5750000000,-1,0
0.03002,0,0,INJECTING,732261799,732261799,5027229095,173119999999,-1,0
0.03002,1,0,INJECTING,7616,1904,4194304,4201680672,-1,0
0.03002,2,0,INJECTING,7616,1904,4194304,4201680672,-1,0
0.03002,3,0,INJECTING,7616,1904,4194304,4201680672,-1,0
0.03004,0,0,INJECTING,732261799,732261799,5027229095,65882911999,-1,0
0.03004,1,0,INJECTING,19992,11424,4194304,5595579500,-1,0
0.03004,2,0,INJECTING,19992,11424,4194304,5595579500,-1,0
0.03004,3,0,INJECTING,19992,10472,4194304,5595579500,-1,0
0.03006,0,0,INJECTING,732261799,732261799,5027229095,40135287170,-1,0
0.03006,1,0,INJECTING,33320,23800,4194304,5997886137,-1,0
0.03006,2,0,INJECTING,33320,23800,4194304,5997886137,-1,0
0.03006,3,0,INJECTING,33320,23800,4194304,5997886137,-1,0
0.03008,0,0,INJECTING,732261799,732261799,5027229095,33953282448,-1,0
0.03008,1,0,INJECTING,47600,37128,4194304,5724057967,-1,0
0.03008,2,0,INJECTING,47600,37128,4194304,5724057967,-1,0
0.03008,3,0,INJECTING,47600,37128,4194304,5724057967,-1,0
0.0301,0,0,INJECTING,732261799,732261799,5027229095,11191783115,-1,0
0.0301,1,0,INJECTING,62832,50456,4194304,6450128388,-1,0
0.0301,2,0,INJECTING,62832,50456,4194304,6450128388,-1,0
0.0301,3,0,INJECTING,62832,50456,4194304,6450128388,-1,0
0.03012,0,0,INJECTING,732261799,732261799,5027229095,5726747125,-1,0
0.03012,1,0,INJECTING,77112,64736,4194304,6535519576,-1,0
0.03012,2,0,INJECTING,77112,64736,4194304,6535519576,-1,0
0.03012,3,0,INJECTING,77112,64736,4194304,6535519576,-1,0
0.03014,0,0,INJECTING,732261799,732261799,5027229095,4414591984,-1,0
0.03014,1,0,INJECTING,92344,79968,4194304,6181022000,-1,0
0.03014,2,0,INJECTING,92344,79968,4194304,6181022000,-1,0
0.03014,3,0,INJECTING,92344,79968,4194304,6181022000,-1,0
0.03016,0,0,INJECTING,732261799,732261799,5027229095,4099543534,-1,0
0.03016,1,0,INJECTING,108528,94248,4194304,6579178358,-1,0
0.03016,2,0,INJECTING,107576,94248,4194304,6579178358,-1,0
0.03016,3,0,INJECTING,107576,94248,4194304,6579178358,-1,0
0.03018,0,0,INJECTING,732261799,732261799,5027229095,4034143431,-1,0
0.03018,1,0,INJECTING,122808,109480,4194304,6561966508,-1,0
0.03018,2,0,INJECTING,122808,109480,4194304,6561966508,-1,0
0.03018,3,0,INJECTING,122808,109480,4194304,6561966508,-1,0
0.0302,0,0,INJECTING,732261799,732261799,5027229095,4034143431,-1,0
0.0302,1,0,INJECTING,138040,123760,4194304,6186966508,-1,0
0.0302,2,0,INJECTING,138040,123760,4194304,6186966508,-1,0
0.0302,3,0,INJECTING,138040,123760,4194304,6186966508,-1,0
0.03022,0,0,INJECTING,732261799,732261799,5027229095,4034143431,-1,0
0.03022,1,0,INJECTING,153272,138992,4194304,6561966508,-1,0
0.03022,2,0,INJECTING,153272,138992,4194304,6561966508,-1,0
0.03022,3,0,INJECTING,153272,138992,4194304,6561966508,-1,0
0.03024,0,0,INJECTING,732261799,732261799,5027229095,4034143431,-1,0
0.03024,1,0,INJECTING,168504,153272,4194304,6561966508,-1,0
0.03024,2,0,INJECTING,168504,153272,4194304,6561966508,-1,0
0.03024,3,0,INJECTING,168504,153272,4194304,6561966508,-1,0
0.03026,0,0,INJECTING,732261799,732261799,5027229095,4000000000,-1,0
0.03026,1,0,INJECTING,183736,168504,4194304,6186966508,-1,0
0.03026,2,0,INJECTING,183736,168504,4194304,6186966508,-1,0
0.03026,3,0,INJECTING,183736,167552,4194304,6186966508,-1,0
0.03028,0,0,INJECTING,732261799,732261799,5027229095,4000000000,-1,0
0.03028,1,0,INJECTING,199920,182784,4194304,7215686274,-1,0
0.03028,2,0,INJECTING,195160,182784,4194304,4000000000,-1,0
0.03028,3,0,INJECTING,199920,182784,4194304,7215686274,-1,0
0.0303,0,0,INJECTING,732261799,732261799,5027229095,4000000000,-1,0
0.0303,1,0,INJECTING,216104,198016,4194304,7581532665,-1,0
0.0303,2,0,INJECTING,204680,194208,4194304,4000000000,-1,0
0.0303,3,0,INJECTING,216104,198016,4194304,7581532665,-1,0
0.03032,0,0,INJECTING,732261799,732261799,5027229095,4000000000,-1,0
0.03032,1,0,INJECTING,236096,215152,4194304,8394114935,-1,0
0.03032,2,0,INJECTING,214200,203728,4194304,4000000000,-1,0
0.03032,3,0,INJECTING,236096,214200,4194304,8394114935,-1,0
0.03034,0,0,INJECTING,732261799,732261799,5027229095,4000000000,-1,0
0.03034,1,0,INJECTING,260848,233240,4194304,11281596481,-1,0
0.03034,2,0,INJECTING,223720,213248,4194304,4000000000,-1,0
0.03034,3,0,INJECTING,259896,233240,4194304,11281596481,-1,0
0.03036,0,0,INJECTING,732261799,732261799,5027229095,4000000000,-1,0
0.03036,1,0,INJECTING,292264,256088,4194304,17664237879,-1,0
0.03036,2,0,INJECTING,233240,221816,4194304,4000000000,-1,0
0.03036,3,0,INJECTING,292264,256088,4194304,17664237879,-1,0
0.03038,0,0,INJECTING,732261799,732261799,5027229095,4000000000,-1,0
0.03038,1,0,INJECTING,346528,285600,4194304,38626990202,-1,0
0.03038,2,0,INJECTING,242760,231336,4194304,4000000000,-1,0
0.03038,3,0,INJECTING,331296,285600,4194304,7959552587,-1,0
0.0304,0,0,INJECTING,732261799,732261799,5027229095,4000000000,-1,0
0.0304,1,0,INJECTING,575960,330344,4194304,120123775844,-1,0
0.0304,2,0,INJECTING,252280,240856,4194304,4000000000,-1,0
0.0304,3,0,INJECTING,345576,325584,4194304,4000000000,-1,0
0.03042,0,0,INJECTING,732261799,732261799,5027229095,4000000000,-1,0
0.03042,1,0,INJECTING,773024,529312,4194304,16845532669,-1,0
0.03042,2,0,INJECTING,261800,250376,4194304,4000000000,-1,0
0.03042,3,0,INJECTING,355096,344624,4194304,4000000000,-1,0
0.03044,0,0,INJECTING,732261799,732261799,5027229095,4000000000,-1,0
0.03044,1,0,INJECTING,793016,768264,4194304,4244284346,-1,0
0.03044,2,0,INJECTING,271320,260848,4194304,4000000000,-1,0
0.03044,3,0,INJECTING,364616,354144,4194304,4000000000,-1,0
0.03046,0,0,INJECTING,732261799,732261799,5027229095,4000000000,-1,0
0.03046,1,0,INJECTING,802536,796824,4194304,4244284346,-1,0
0.03046,2,0,INJECTING,280840,275128,4194304,4000000000,-1,0
0.03046,3,0,INJECTING,374136,368424,4194304,4000000000,-1,0
0.03048,0,0,INJECTING,732261799,732261799,5027229095,4000000000,-1,0
0.03048,1,0,INJECTING,813008,806344,4194304,4244284346,-1,0
0.03048,2,0,INJECTING,290360,284648,4194304,4000000000,-1,0
0.03048,3,0,INJECTING,383656,377944,4194304,4000000000,-1,0
0.0305,0,0,INJECTING,732261799,732261799,5027229095,4000000000,-1,0
0.0305,1,0,INJECTING,822528,816816,4194304,4244284346,-1,0
0.0305,2,0,INJECTING,299880,294168,4194304,4000000000,-1,0
0.0305,3,0,INJECTING,393176,387464,4194304,4000000000,-1,0
0.03052,0,0,INJECTING,732261799,732261799,5027229095,4000000000,-1,0
0.03052,1,0,INJECTING,833000,827288,4194304,4244284346,-1,0
0.03052,2,0,INJECTING,309400,303688,4194304,4000000000,-1,0
0.03052,3,0,INJECTING,402696,396984,4194304,4000000000,-1,0
0.03054,0,0,INJECTING,732261799,732261799,5027229095,4000000000,-1,0
0.03054,1,0,INJECTING,843472,836808,4194304,4244284346,-1,0
0.03054,2,0,INJECTING,318920,313208,4194304,4000000000,-1,0
0.03054,3,0,INJECTING,412216,406504,4194304,4000000000,-1,0
0.03056,0,0,INJECTING,732261799,732261799,5027229095,4000000000,-1,0
0.03056,1,0,INJECTING,852992,847280,4194304,4244284346,-1,0
0.03056,2,0,INJECTING,328440,322728,4194304,4000000000,-1,0
0.03056,3,0,INJECTING,421736,416024,4194304,4000000000,-1,0
0.03058,0,0,INJECTING,732261799,732261799,5027229095,4000000000,-1,0
0.03058,1,0,INJECTING,863464,856800,4194304,4244284346,-1,0
0.03058,2,0,INJECTING,337960,332248,4194304,4000000000,-1,0
0.03058,3,0,INJECTING,431256,425544,4194304,4000000000,-1,0
0.0306,0,0,INJECTING,732261799,732261799,5027229095,4000000000,-1,0
0.0306,1,0,INJECTING,873936,867272,4194304,4244284346,-1,0
0.0306,2,0,INJECTING,348432,341768,4194304,5111992503,-1,0
0.0306,3,0,INJECTING,440776,435064,4194304,4000000000,-1,0
0.03062,0,0,INJECTING,732261799,732261799,5027229095,4000000000,-1,0
0.03062,1,0,INJECTING,883456,877744,4194304,4244284346,-1,0
0.03062,2,0,INJECTING,359856,353192,4194304,5111992503,-1,0
0.03062,3,0,INJECTING,450296,444584,4194304,4000000000,-1,0
0.03064,0,0,INJECTING,732261799,732261799,5027229095,4000000000,-1,0
0.03064,1,0,INJECTING,893928,887264,4194304,4244284346,-1,0
0.03064,2,0,INJECTING,372232,364616,4194304,5111992503,-1,0
0.03064,3,0,INJECTING,459816,454104,4194304,4000000000,-1,0
0.03066,0,0,INJECTING,732261799,732261799,5027229095,4000000000,-1,0
0.03066,1,0,INJECTING,903448,897736,4194304,4244284346,-1,0
0.03066,2,0,INJECTING,384608,376992,4194304,5111992503,-1,0
0.03066,3,0,INJECTING,469336,463624,4194304,4000000000,-1,0
0.03068,0,0,INJECTING,732261799,732261799,5027229095,4000000000,-1,0
0.03068,1,0,INJECTING,913920,908208,4194304,4244284346,-1,0
0.03068,2,0,INJECTING,396984,389368,4194304,5111992503,-1,0
0.03068,3,0,INJECTING,478856,473144,4194304,4000000000,-1,0
0.0307,0,0,INJECTING,732261799,732261799,5027229095,4000000000,-1,0
0.0307,1,0,INJECTING,924392,917728,4194304,4244284346,-1,0
0.0307,2,0,INJECTING,408408,401744,4194304,5111992503,-1,0
0.0307,3,0,INJECTING,488376,482664,4194304,4000000000,-1,0
0.03072,0,0,INJECTING,732261799,732261799,5027229095,4000000000,-1,0
0.03072,1,0,INJECTING,933912,928200,4194304,4244284346,-1,0
0.03072,2,0,INJECTING,420784,413168,4194304,5111992503,-1,0
0.03072,3,0,INJECTING,497896,492184,4194304,4000000000,-1,0
0.03074,0,0,INJECTING,732261799,732261799,5027229095,4017071715,-1,0
0.03074,1,0,INJECTING,1006264,937720,4194304,68720767598,-1,0
0.03074,2,0,INJECTING,433160,425544,4194304,5111992503,-1,0
0.03074,3,0,INJECTING,514080,501704,4194304,9959552587,-1,0
0.03076,0,0,INJECTING,732261799,732261799,5027229095,4017071715,-1,0
0.03076,1,0,INJECTING,1170960,1035776,4194304,68720767598,-1,0
0.03076,2,0,INJECTING,445536,435064,4194304,5111992503,-1,0
0.03076,3,0,INJECTING,537880,518840,4194304,9959552587,-1,0
0.03078,0,0,INJECTING,732261799,732261799,5027229095,4000000000,-1,0
0.03078,1,0,INJECTING,1334704,1162392,4194304,68720767598,-1,0
0.03078,2,0,INJECTING,457912,444584,4194304,5111992503,-1,0
0.03078,3,0,INJECTING,561680,536928,4194304,9959552587,-1,0
0.0308,0,0,INJECTING,732261799,732261799,5027229095,4000000000,-1,0
0.0308,1,0,INJECTING,1424192,1289008,4194304,10530522108,-1,0
0.0308,2,0,INJECTING,469336,454104,4194304,5111992503,-1,0
0.0308,3,0,INJECTING,575960,555016,4194304,5354505302,-1,0
0.03082,0,0,INJECTING,732261799,732261799,5027229095,4000000000,-1,0
0.03082,1,0,INJECTING,1437520,1394680,4194304,4000000000,-1,0
0.03082,2,0,INJECTING,481712,463624,4194304,5111992503,-1,0
0.03082,3,0,INJECTING,586432,570248,4194304,4000000000,-1,0
0.03084,0,0,INJECTING,732261799,732261799,5027229095,4000000000,-1,0
0.03084,1,0,INJECTING,1447040,1434664,4194304,4000000000,-1,0
0.03084,2,0,INJECTING,494088,477904,4194304,5111992503,-1,0
0.03084,3,0,INJECTING,595952,582624,4194304,4000000000,-1,0
0.03086,0,0,INJECTING,732261799,732261799,5027229095,4000000000,-1,0
0.03086,1,0,INJECTING,1456560,1447992,4194304,4000000000,-1,0
0.03086,2,0,INJECTING,506464,495040,4194304,5111992503,-1,0
0.03086,3,0,INJECTING,605472,596904,4194304,4000000000,-1,0
0.03088,0,0,INJECTING,732261799,732261799,5027229095,4000000000,-1,0
0.03088,1,0,INJECTING,1466080,1460368,4194304,4000000000,-1,0
0.03088,2,0,INJECTING,517888,511224,4194304,5111992503,-1,0
0.03088,3,0,INJECTING,614992,609280,4194304,4000000000,-1,0
0.0309,0,0,INJECTING,732261799,732261799,5027229095,4000000000,-1,0
0.0309,1,0,INJECTING,1475600,1469888,4194304,4000000000,-1,0
0.0309,2,0,INJECTING,530264,522648,4194304,5667988754,-1,0
0.0309,3,0,INJECTING,624512,618800,4194304,4000000000,-1,0
0.03092,0,0,INJECTING,732261799,732261799,5027229095,4000000000,-1,0
0.03092,1,0,INJECTING,1485120,1479408,4194304,4000000000,-1,0
0.03092,2,0,INJECTING,544544,535976,4194304,5667988754,-1,0
0.03092,3,0,INJECTING,634032,628320,4194304,4000000000,-1,0
0.03094,0,0,INJECTING,732261799,732261799,5027229095,4000000000,-1,0
0.03094,1,0,INJECTING,1494640,1488928,4194304,4000000000,-1,0
0.03094,2,0,INJECTING,557872,549304,4194304,5667988754,-1,0
0.03094,3,0,INJECTING,643552,637840,4194304,4000000000,-1,0
0.03096,0,0,INJECTING,732261799,732261799,5027229095,4000000000,-1,0
0.03096,1,0,INJECTING,1504160,1498448,4194304,4000000000,-1,0
0.03096,2,0,INJECTING,571200,562632,4194304,5667988754,-1,0
0.03096,3,0,INJECTING,653072,647360,4194304,4000000000,-1,0
0.03098,0,0,INJECTING,732261799,732261799,5027229095,4000000000,-1,0
0.03098,1,0,INJECTING,1513680,1507968,4194304,4000000000,-1,0
0.03098,2,0,INJECTING,584528,576912,4194304,5667988754,-1,0
0.03098,3,0,INJECTING,662592,656880,4194304,4000000000,-1,0
0.031,0,0,INJECTING,732261799,732261799,5027229095,4000000000,-1,0
0.031,1,0,INJECTING,1523200,1517488,4194304,4000000000,-1,0
0.031,2,0,INJECTING,597856,590240,4194304,5667988754,-1,0
0.031,3,0,INJECTING,672112,666400,4194304,4000000000,-1,0
0.03102,0,0,INJECTING,732261799,732261799,5027229095,4000000000,-1,0
0.03102,1,0,INJECTING,1532720,1527008,4194304,4000000000,-1,0
0.03102,2,0,INJECTING,611184,603568,4194304,5667988754,-1,0
0.03102,3,0,INJECTING,681632,675920,4194304,4000000000,-1,0
0.03104,0,0,INJECTING,732261799,732261799,5027229095,4000000000,-1,0
0.03104,1,0,INJECTING,1542240,1536528,4194304,4000000000,-1,0
0.03104,2,0,INJECTING,625464,616896,4194304,5667988754,-1,0
0.03104,3,0,INJECTING,691152,685440,4194304,4000000000,-1,0
0.03106,0,0,INJECTING,732261799,732261799,5027229095,4000000000,-1,0
0.03106,1,0,INJECTING,1551760,1546048,4194304,4000000000,-1,0
0.03106,2,0,INJECTING,638792,630224,4194304,5667988754,-1,0
0.03106,3,0,INJECTING,700672,694960,4194304,4000000000,-1,0
0.03108,0,0,INJECTING,732261799,732261799,5027229095,4000000000,-1,0
0.03108,1,0,INJECTING,1561280,1555568,4194304,4000000000,-1,0
0.03108,2,0,INJECTING,652120,643552,4194304,5667988754,-1,0
0.03108,3,0,INJECTING,710192,704480,4194304,4000000000,-1,0
0.0311,0,0,INJECTING,732261799,732261799,5027229095,4000000000,-1,0
0.0311,1,0,INJECTING,1570800,1565088,4194304,4000000000,-1,0
0.0311,2,0,INJECTING,665448,657832,4194304,5667988754,-1,0
0.0311,3,0,INJECTING,719712,714000,4194304,4000000000,-1,0
0.03112,0,0,INJECTING,732261799,732261799,5027229095,4000000000,-1,0
0.03112,1,0,INJECTING,1580320,1574608,4194304,4000000000,-1,0
0.03112,2,0,INJECTING,678776,671160,4194304,5667988754,-1,0
0.03112,3,0,INJECTING,729232,723520,4194304,4000000000,-1,0
0.03114,0,0,INJECTING,732261799,732261799,5027229095,4008535857,-1,0
0.03114,1,0,INJECTING,1620304,1584128,4194304,36360383799,-1,0
0.03114,2,0,INJECTING,692104,684488,4194304,5667988754,-1,0
0.03114,3,0,INJECTING,738752,733040,4194304,4000000000,-1,0
0.03116,0,0,INJECTING,732261799,732261799,5027229095,4008535857,-1,0
0.03116,1,0,INJECTING,1706936,1654576,4194304,36360383799,-1,0
0.03116,2,0,INJECTING,706384,697816,4194304,5667988754,-1,0
0.03116,3,0,INJECTING,753984,743512,4194304,6979776293,-1,0
0.03118,0,0,INJECTING,732261799,732261799,5027229095,4008535857,-1,0
0.03118,1,0,INJECTING,1793568,1740256,4194304,36360383799,-1,0
0.03118,2,0,INJECTING,719712,711144,4194304,5667988754,-1,0
0.03118,3,0,INJECTING,770168,759696,4194304,6979776293,-1,0
0.0312,0,0,INJECTING,732261799,732261799,5027229095,4008535857,-1,0
0.0312,1,0,INJECTING,1880200,1826888,4194304,36360383799,-1,0
0.0312,2,0,INJECTING,733040,724472,4194304,5945986880,-1,0
0.0312,3,0,INJECTING,787304,776832,4194304,6979776293,-1,0
0.03122,0,0,INJECTING,732261799,732261799,5027229095,4008535857,-1,0
0.03122,1,0,INJECTING,1966832,1913520,4194304,36360383799,-1,0
0.03122,2,0,INJECTING,747320,738752,4194304,5945986880,-1,0
0.03122,3,0,INJECTING,803488,793016,4194304,6979776293,-1,0
0.03124,0,0,INJECTING,732261799,732261799,5027229095,4008535857,-1,0
0.03124,1,0,INJECTING,2053464,2000152,4194304,36360383799,-1,0
0.03124,2,0,INJECTING,761600,753032,4194304,5945986880,-1,0
0.03124,3,0,INJECTING,820624,810152,4194304,6979776293,-1,0
0.03126,0,0,INJECTING,732261799,732261799,5027229095,4008535857,-1,0
0.03126,1,0,INJECTING,2140096,2086784,4194304,36360383799,-1,0
0.03126,2,0,INJECTING,775880,767312,4194304,5945986880,-1,0
0.03126,3,0,INJECTING,836808,826336,4194304,6979776293,-1,0
0.03128,0,0,INJECTING,732261799,732261799,5027229095,4008535857,-1,0
0.03128,1,0,INJECTING,2225776,2173416,4194304,36360383799,-1,0
0.03128,2,0,INJECTING,790160,781592,4194304,5945986880,-1,0
0.03128,3,0,INJECTING,852992,843472,4194304,6979776293,-1,0
0.0313,0,0,INJECTING,732261799,732261799,5027229095,4008535857,-1,0
0.0313,1,0,INJECTING,2312408,2260048,4194304,36360383799,-1,0
0.0313,2,0,INJECTING,803488,794920,4194304,5945986880,-1,0
0.0313,3,0,INJECTING,870128,859656,4194304,6979776293,-1,0
0.03132,0,0,INJECTING,732261799,732261799,5027229095,4008535857,-1,0
0.03132,1,0,INJECTING,2399040,2346680,4194304,36360383799,-1,0
0.03132,2,0,INJECTING,817768,809200,4194304,5945986880,-1,0
0.03132,3,0,INJECTING,886312,876792,4194304,6979776293,-1,0
0.03134,0,0,INJECTING,732261799,732261799,5027229095,4008535857,-1,0
0.03134,1,0,INJECTING,2485672,2433312,4194304,36360383799,-1,0
0.03134,2,0,INJECTING,832048,823480,4194304,5945986880,-1,0
0.03134,3,0,INJECTING,903448,892976,4194304,6979776293,-1,0
0.03136,0,0,INJECTING,732261799,732261799,5027229095,4008535857,-1,0
0.03136,1,0,INJECTING,2572304,2518992,4194304,36360383799,-1,0
0.03136,2,0,INJECTING,846328,837760,4194304,5945986880,-1,0
0.03136,3,0,INJECTING,919632,910112,4194304,6979776293,-1,0
0.03138,0,0,INJECTING,732261799,732261799,5027229095,4008535857,-1,0
0.03138,1,0,INJECTING,2658936,2606576,4194304,36360383799,-1,0
0.03138,2,0,INJECTING,860608,852040,4194304,5945986880,-1,0
0.03138,3,0,INJECTING,936768,926296,4194304,6979776293,-1,0
0.0314,0,0,INJECTING,732261799,732261799,5027229095,4008535857,-1,0
0.0314,1,0,INJECTING,2745568,2693208,4194304,36360383799,-1,0
0.0314,2,0,INJECTING,874888,866320,4194304,5945986880,-1,0
0.0314,3,0,INJECTING,952952,943432,4194304,6979776293,-1,0
0.03142,0,0,INJECTING,732261799,732261799,5027229095,4008535857,-1,0
0.03142,1,0,INJECTING,2832200,2777936,4194304,36360383799,-1,0
0.03142,2,0,INJECTING,889168,879648,4194304,5945986880,-1,0
0.03142,3,0,INJECTING,970088,959616,4194304,6979776293,-1,0
0.03144,0,0,INJECTING,732261799,732261799,5027229095,4012803785,-1,0
0.03144,1,0,INJECTING,2935016,2861712,4194304,52540575698,-1,0
0.03144,2,0,INJECTING,903448,893928,4194304,5945986880,-1,0
0.03144,3,0,INJECTING,986272,975800,4194304,6979776293,-1,0
0.03146,0,0,INJECTING,732261799,732261799,5027229095,4012803785,-1,0
0.03146,1,0,INJECTING,3060680,2965480,4194304,52540575698,-1,0
0.03146,2,0,INJECTING,916776,906304,4194304,5945986880,-1,0
0.03146,3,0,INJECTING,1006264,991032,4194304,8469664439,-1,0
0.03148,0,0,INJECTING,732261799,732261799,5027229095,4012803785,-1,0
0.03148,1,0,INJECTING,3185392,3074008,4194304,52540575698,-1,0
0.03148,2,0,INJECTING,931056,918680,4194304,5945986880,-1,0
0.03148,3,0,INJECTING,1026256,1008168,4194304,8469664439,-1,0
0.0315,0,0,INJECTING,732261799,732261799,5027229095,4000000000,-1,0
0.0315,1,0,INJECTING,3309152,3182536,4194304,31255574900,-1,0
0.0315,2,0,INJECTING,945336,931056,4194304,6084985943,-1,0
0.0315,3,0,INJECTING,1046248,1025304,4194304,8469664439,-1,0
0.03152,0,0,INJECTING,732261799,732261799,5027229095,4000000000,-1,0
0.03152,1,0,INJECTING,3349136,3291064,4194304,4000000000,-1,0
0.03152,2,0,INJECTING,959616,943432,4194304,6084985943,-1,0
0.03152,3,0,INJECTING,1066240,1043392,4194304,8469664439,-1,0
0.03154,0,0,INJECTING,732261799,732261799,5027229095,4000000000,-1,0
0.03154,1,0,INJECTING,3358656,3345328,4194304,4000000000,-1,0
0.03154,2,0,INJECTING,972944,956760,4194304,4000000000,-1,0
0.03154,3,0,INJECTING,1086232,1062432,4194304,5104638810,-1,0
0.03156,0,0,INJECTING,732261799,732261799,5027229095,4000000000,-1,0
0.03156,1,0,INJECTING,3368176,3357704,4194304,4000000000,-1,0
0.03156,2,0,INJECTING,982464,971992,4194304,4000000000,-1,0
0.03156,3,0,INJECTING,1098608,1085280,4194304,5104638810,-1,0
0.03158,0,0,INJECTING,732261799,732261799,5027229095,4000000000,-1,0
0.03158,1,0,INJECTING,3377696,3370080,4194304,4000000000,-1,0
0.03158,2,0,INJECTING,991984,984368,4194304,4000000000,-1,0
0.03158,3,0,INJECTING,1110984,1101464,4194304,5104638810,-1,0
0.0316,0,0,INJECTING,732261799,732261799,5027229095,4000000000,-1,0
0.0316,1,0,INJECTING,3387216,3381504,4194304,4000000000,-1,0
0.0316,2,0,INJECTING,1001504,995792,4194304,4000000000,-1,0
0.0316,3,0,INJECTING,1122408,1115744,4194304,5104638810,-1,0
0.03162,0,0,INJECTING,732261799,732261799,5027229095,4000000000,-1,0
0.03162,1,0,INJECTING,3396736,3391024,4194304,4000000000,-1,0
0.03162,2,0,INJECTING,1011024,1005312,4194304,4000000000,-1,0
0.03162,3,0,INJECTING,1134784,1127168,4194304,5104638810,-1,0
0.03164,0,0,INJECTING,732261799,732261799,5027229095,4000000000,-1,0
0.03164,1,0,INJECTING,3406256,3400544,4194304,4000000000,-1,0
0.03164,2,0,INJECTING,1020544,1014832,4194304,4000000000,-1,0
0.03164,3,0,INJECTING,1147160,1139544,4194304,5104638810,-1,0
0.03166,0,0,INJECTING,732261799,732261799,5027229095,4000000000,-1,0
0.03166,1,0,INJECTING,3415776,3410064,4194304,4000000000,-1,0
0.03166,2,0,INJECTING,1030064,1023400,4194304,4000000000,-1,0
0.03166,3,0,INJECTING,1159536,1151920,4194304,5104638810,-1,0
0.03168,0,0,INJECTING,732261799,732261799,5027229095,4000000000,-1,0
0.03168,1,0,INJECTING,3425296,3419584,4194304,4000000000,-1,0
0.03168,2,0,INJECTING,1039584,1033872,4194304,4000000000,-1,0
0.03168,3,0,INJECTING,1170960,1164296,4194304,5104638810,-1,0
0.0317,0,0,INJECTING,732261799,732261799,5027229095,4000000000,-1,0
0.0317,1,0,INJECTING,3434816,3429104,4194304,4000000000,-1,0
0.0317,2,0,INJECTING,1049104,1042440,4194304,4000000000,-1,0
0.0317,3,0,INJECTING,1183336,1175720,4194304,5104638810,-1,0
0.03172,0,0,INJECTING,732261799,732261799,5027229095,4000000000,-1,0
0.03172,1,0,INJECTING,3444336,3438624,4194304,4000000000,-1,0
0.03172,2,0,INJECTING,1058624,1052912,4194304,4000000000,-1,0
0.03172,3,0,INJECTING,1195712,1188096,4194304,5104638810,-1,0
0.03174,0,0,INJECTING,732261799,732261799,5027229095,4000000000,-1,0
0.03174,1,0,INJECTING,3453856,3448144,4194304,4000000000,-1,0
0.03174,2,0,INJECTING,1068144,1061480,4194304,4000000000,-1,0
0.03174,3,0,INJECTING,1208088,1200472,4194304,5104638810,-1,0
0.03176,0,0,INJECTING,732261799,732261799,5027229095,4000000000,-1,0
0.03176,1,0,INJECTING,3463376,3457664,4194304,4000000000,-1,0
0.03176,2,0,INJECTING,1077664,1071952,4194304,4000000000,-1,0
0.03176,3,0,INJECTING,1219512,1212848,4194304,5104638810,-1,0
0.03178,0,0,INJECTING,732261799,732261799,5027229095,4000000000,-1,0
0.03178,1,0,INJECTING,3472896,3467184,4194304,4000000000,-1,0
0.03178,2,0,INJECTING,1087184,1080520,4194304,4000000000,-1,0
0.03178,3,0,INJECTING,1231888,1224272,4194304,5104638810,-1,0
0.0318,0,0,INJECTING,732261799,732261799,5027229095,4000000000,-1,0
0.0318,1,0,INJECTING,3482416,3476704,4194304,4000000000,-1,0
0.0318,2,0,INJECTING,1096704,1090992,4194304,4000000000,-1,0
0.0318,3,0,INJECTING,1244264,1236648,4194304,5104638810,-1,0
0.03182,0,0,INJECTING,732261799,732261799,5027229095,4000000000,-1,0
0.03182,1,0,INJECTING,3491936,3486224,4194304,4000000000,-1,0
0.03182,2,0,INJECTING,1106224,1100512,4194304,4000000000,-1,0
0.03182,3,0,INJECTING,1256640,1249024,4194304,5104638810,-1,0
0.03184,0,0,INJECTING,732261799,732261799,5027229095,4006401892,-1,0
0.03184,1,0,INJECTING,3549056,3508120,4194304,28270287849,-1,0
0.03184,2,0,INJECTING,1115744,1110032,4194304,5042492971,-1,0
0.03184,3,0,INJECTING,1268064,1261400,4194304,6787151624,-1,0
0.03186,0,0,INJECTING,732261799,732261799,5027229095,4006401892,-1,0
0.03186,1,0,INJECTING,3615696,3574760,4194304,28270287849,-1,0
0.03186,2,0,INJECTING,1128120,1120504,4194304,5042492971,-1,0
0.03186,3,0,INJECTING,1284248,1274728,4194304,6787151624,-1,0
0.03188,0,0,INJECTING,732261799,732261799,5027229095,4006401892,-1,0
0.03188,1,0,INJECTING,3683288,3642352,4194304,28270287849,-1,0
0.03188,2,0,INJECTING,1139544,1132880,4194304,5042492971,-1,0
0.03188,3,0,INJECTING,1300432,1290912,4194304,6787151624,-1,0
0.0319,0,0,INJECTING,732261799,732261799,5027229095,4006401892,-1,0
0.0319,1,0,INJECTING,3750880,3709944,4194304,28270287849,-1,0
0.0319,2,0,INJECTING,1151920,1144304,4194304,5042492971,-1,0
0.0319,3,0,INJECTING,1316616,1307096,4194304,6787151624,-1,0
0.03192,0,0,INJECTING,732261799,732261799,5027229095,4006401892,-1,0
0.03192,1,0,INJECTING,3817520,3776584,4194304,28270287849,-1,0
0.03192,2,0,INJECTING,1163344,1156680,4194304,5042492971,-1,0
0.03192,3,0,INJECTING,1332800,1323280,4194304,6787151624,-1,0
0.03194,0,0,INJECTING,732261799,732261799,5027229095,4006401892,-1,0
0.03194,1,0,INJECTING,3885112,3844176,4194304,28270287849,-1,0
0.03194,2,0,INJECTING,1175720,1168104,4194304,5042492971,-1,0
0.03194,3,0,INJECTING,1348984,1339464,4194304,6787151624,-1,0
0.03196,0,0,INJECTING,732261799,732261799,5027229095,4006401892,-1,0
0.03196,1,0,INJECTING,3952704,3911768,4194304,28270287849,-1,0
0.03196,2,0,INJECTING,1188096,1180480,4194304,5042492971,-1,0
0.03196,3,0,INJECTING,1365168,1355648,4194304,6787151624,-1,0
0.03198,0,0,INJECTING,732261799,732261799,5027229095,4006401892,-1,0
0.03198,1,0,INJECTING,4019344,3978408,4194304,28270287849,-1,0
0.03198,2,0,INJECTING,1199520,1192856,4194304,5042492971,-1,0
0.03198,3,0,INJECTING,1381352,1371832,4194304,6787151624,-1,0
0.032,0,0,INJECTING,732261799,732261799,5027229095,4006401892,-1,0
0.032,1,0,INJECTING,4086936,4046000,4194304,28270287849,-1,0
0.032,2,0,INJECTING,1211896,1204280,4194304,5042492971,-1,0
0.032,3,0,INJECTING,1397536,1388016,4194304,6787151624,-1,0
0.03202,0,0,INJECTING,732261799,732261799,5027229095,4006401892,-1,0
0.03202,1,0,INJECTING,4154528,4113592,4194304,28270287849,-1,0
0.03202,2,0,INJECTING,1224272,1216656,4194304,5042492971,-1,0
0.03202,3,0,INJECTING,1413720,1404200,4194304,6787151624,-1,0
0.03204,0,0,INJECTING,732261799,732261799,5027229095,4006401892,-1,0
0.03204,1,0,WAIT_ACK,4194304,4180232,4194304,28270287849,-1,0
0.03204,2,0,INJECTING,1235696,1228080,4194304,5042492971,-1,0
0.03204,3,0,INJECTING,1429904,1420384,4194304,6787151624,-1,0
0.03206,0,0,INJECTING,732261799,732261799,5027229095,4004481324,-1,0
0.03206,1,0,DONE,4194304,4194304,4194304,28270287849,-1,0
0.03206,2,0,INJECTING,1249024,1240456,4194304,6068934072,-1,0
0.03206,3,0,INJECTING,1446088,1436568,4194304,6495243473,-1,0
0.03208,0,0,INJECTING,732261799,732261799,5027229095,4004481324,-1,0
0.03208,1,0,DONE,4194304,4194304,4194304,28270287849,-1,0
0.03208,2,0,INJECTING,1264256,1254736,4194304,6285148630,-1,0
0.03208,3,0,INJECTING,1461320,1451800,4194304,6395118977,-1,0
0.0321,0,0,INJECTING,732261799,732261799,5027229095,4004481324,-1,0
0.0321,1,0,DONE,4194304,4194304,4194304,28270287849,-1,0
0.0321,2,0,INJECTING,1279488,1269968,4194304,6285148630,-1,0
0.0321,3,0,INJECTING,1476552,1467032,4194304,6395118977,-1,0
0.03212,0,0,INJECTING,732261799,732261799,5027229095,4004481324,-1,0
0.03212,1,0,DONE,4194304,4194304,4194304,28270287849,-1,0
0.03212,2,0,INJECTING,1293768,1285200,4194304,6285148630,-1,0
0.03212,3,0,INJECTING,1491784,1482264,4194304,6395118977,-1,0
0.03214,0,0,INJECTING,732261799,732261799,5027229095,4004481324,-1,0
0.03214,1,0,DONE,4194304,4194304,4194304,28270287849,-1,0
0.03214,2,0,INJECTING,1309000,1299480,4194304,6285148630,-1,0
0.03214,3,0,INJECTING,1507016,1497496,4194304,6395118977,-1,0
0.03216,0,0,INJECTING,732261799,732261799,5027229095,4004481324,-1,0
0.03216,1,0,DONE,4194304,4194304,4194304,28270287849,-1,0
0.03216,2,0,INJECTING,1324232,1314712,4194304,6285148630,-1,0
0.03216,3,0,INJECTING,1522248,1511776,4194304,6395118977,-1,0
0.03218,0,0,INJECTING,732261799,732261799,5027229095,4004481324,-1,0
0.03218,1,0,DONE,4194304,4194304,4194304,28270287849,-1,0
0.03218,2,0,INJECTING,1339464,1328992,4194304,6285148630,-1,0
0.03218,3,0,INJECTING,1537480,1527008,4194304,6395118977,-1,0
0.0322,0,0,INJECTING,732261799,732261799,5027229095,4004481324,-1,0
0.0322,1,0,DONE,4194304,4194304,4194304,28270287849,-1,0
0.0322,2,0,INJECTING,1353744,1344224,4194304,6285148630,-1,0
0.0322,3,0,INJECTING,1552712,1542240,4194304,6395118977,-1,0
0.03222,0,0,INJECTING,732261799,732261799,5027229095,4004481324,-1,0
0.03222,1,0,DONE,4194304,4194304,4194304,28270287849,-1,0
0.03222,2,0,INJECTING,1368976,1359456,4194304,6285148630,-1,0
0.03222,3,0,INJECTING,1567944,1557472,4194304,6395118977,-1,0
0.03224,0,0,INJECTING,732261799,732261799,5027229095,4004481324,-1,0
0.03224,1,0,DONE,4194304,4194304,4194304,28270287849,-1,0
0.03224,2,0,INJECTING,1384208,1373736,4194304,6285148630,-1,0
0.03224,3,0,INJECTING,1583176,1572704,4194304,6395118977,-1,0
0.03226,0,0,INJECTING,732261799,732261799,5027229095,4004481324,-1,0
0.03226,1,0,DONE,4194304,4194304,4194304,28270287849,-1,0
0.03226,2,0,INJECTING,1398488,1388968,4194304,6285148630,-1,0
0.03226,3,0,INJECTING,1598408,1587936,4194304,6395118977,-1,0
0.03228,0,0,INJECTING,732261799,732261799,5027229095,4004481324,-1,0
0.03228,1,0,DONE,4194304,4194304,4194304,28270287849,-1,0
0.03228,2,0,INJECTING,1413720,1404200,4194304,6285148630,-1,0
0.03228,3,0,INJECTING,1613640,1603168,4194304,6395118977,-1,0
0.0323,0,0,INJECTING,732261799,732261799,5027229095,4004481324,-1,0
0.0323,1,0,DONE,4194304,4194304,4194304,28270287849,-1,0
0.0323,2,0,INJECTING,1428952,1418480,4194304,6285148630,-1,0
0.0323,3,0,INJECTING,1627920,1618400,4194304,6395118977,-1,0
0.03232,0,0,INJECTING,732261799,732261799,5027229095,4004481324,-1,0
0.03232,1,0,DONE,4194304,4194304,4194304,28270287849,-1,0
0.03232,2,0,INJECTING,1443232,1433712,4194304,6285148630,-1,0
0.03232,3,0,INJECTING,1643152,1633632,4194304,6395118977,-1,0
0.03234,0,0,INJECTING,732261799,732261799,5027229095,4004481324,-1,0
0.03234,1,0,DONE,4194304,4194304,4194304,28270287849,-1,0
0.03234,2,0,INJECTING,1458464,1447992,4194304,6285148630,-1,0
0.03234,3,0,INJECTING,1658384,1648864,4194304,6395118977,-1,0
0.03236,0,0,INJECTING,732261799,732261799,5027229095,4004481324,-1,0
0.03236,1,0,DONE,4194304,4194304,4194304,28270287849,-1,0
0.03236,2,0,INJECTING,1473696,1463224,4194304,6285148630,-1,0
0.03236,3,0,INJECTING,1673616,1663144,4194304,6395118977,-1,0
0.03238,0,0,INJECTING,732261799,732261799,5027229095,4004481324,-1,0
0.03238,1,0,DONE,4194304,4194304,4194304,28270287849,-1,0
0.03238,2,0,INJECTING,1488928,1478456,4194304,6285148630,-1,0
0.03238,3,0,INJECTING,1688848,1678376,4194304,6395118977,-1,0
0.0324,0,0,INJECTING,732261799,732261799,5027229095,4004481324,-1,0
0.0324,1,0,DONE,4194304,4194304,4194304,28270287849,-1,0
0.0324,2,0,INJECTING,1503208,1492736,4194304,6285148630,-1,0
0.0324,3,0,INJECTING,1704080,1693608,4194304,6395118977,-1,0
0.03242,0,0,INJECTING,732261799,732261799,5027229095,4004481324,-1,0
0.03242,1,0,DONE,4194304,4194304,4194304,28270287849,-1,0
0.03242,2,0,INJECTING,1518440,1507968,4194304,6285148630,-1,0
0.03242,3,0,INJECTING,1719312,1708840,4194304,6395118977,-1,0
0.03244,0,0,INJECTING,732261799,732261799,5027229095,4004481324,-1,0
0.03244,1,0,DONE,4194304,4194304,4194304,28270287849,-1,0
0.03244,2,0,INJECTING,1533672,1523200,4194304,6285148630,-1,0
0.03244,3,0,INJECTING,1734544,1724072,4194304,6395118977,-1,0
0.03246,0,0,INJECTING,732261799,732261799,5027229095,4004481324,-1,0
0.03246,1,0,DONE,4194304,4194304,4194304,28270287849,-1,0
0.03246,2,0,INJECTING,1547952,1537480,4194304,6285148630,-1,0
0.03246,3,0,INJECTING,1749776,1739304,4194304,6395118977,-1,0
0.03248,0,0,INJECTING,732261799,732261799,5027229095,4004481324,-1,0
0.03248,1,0,DONE,4194304,4194304,4194304,28270287849,-1,0
0.03248,2,0,INJECTING,1563184,1552712,4194304,6285148630,-1,0
0.03248,3,0,INJECTING,1765008,1754536,4194304,6395118977,-1,0
0.0325,0,0,INJECTING,732261799,732261799,5027229095,4004481324,-1,0
0.0325,1,0,DONE,4194304,4194304,4194304,28270287849,-1,0
0.0325,2,0,INJECTING,1578416,1566992,4194304,6285148630,-1,0
0.0325,3,0,INJECTING,1780240,1769768,4194304,6395118977,-1,0
0.03252,0,0,INJECTING,732261799,732261799,5027229095,4004481324,-1,0
0.03252,1,0,DONE,4194304,4194304,4194304,28270287849,-1,0
0.03252,2,0,INJECTING,1593648,1582224,4194304,6285148630,-1,0
0.03252,3,0,INJECTING,1795472,1785000,4194304,6395118977,-1,0
0.03254,0,0,INJECTING,732261799,732261799,5027229095,4004481324,-1,0
0.03254,1,0,DONE,4194304,4194304,4194304,28270287849,-1,0
0.03254,2,0,INJECTING,1607928,1597456,4194304,6285148630,-1,0
0.03254,3,0,INJECTING,1810704,1800232,4194304,6395118977,-1,0
0.03256,0,0,INJECTING,732261799,732261799,5027229095,4004481324,-1,0
0.03256,1,0,DONE,4194304,4194304,4194304,28270287849,-1,0
0.03256,2,0,INJECTING,1623160,1611736,4194304,6285148630,-1,0
0.03256,3,0,INJECTING,1825936,1814512,4194304,6395118977,-1,0
0.03258,0,0,INJECTING,732261799,732261799,5027229095,4004481324,-1,0
0.03258,1,0,DONE,4194304,4194304,4194304,28270287849,-1,0
0.03258,2,0,INJECTING,1638392,1626968,4194304,6285148630,-1,0
0.03258,3,0,INJECTING,1841168,1829744,4194304,6395118977,-1,0
0.0326,0,0,INJECTING,732261799,732261799,5027229095,4004481324,-1,0
0.0326,1,0,DONE,4194304,4194304,4194304,28270287849,-1,0
0.0326,2,0,INJECTING,1652672,1642200,4194304,6285148630,-1,0
0.0326,3,0,INJECTING,1856400,1844976,4194304,6395118977,-1,0
0.03262,0,0,INJECTING,732261799,732261799,5027229095,4004481324,-1,0
0.03262,1,0,DONE,4194304,4194304,4194304,28270287849,-1,0
0.03262,2,0,INJECTING,1667904,1656480,4194304,6285148630,-1,0
0.03262,3,0,INJECTING,1871632,1860208,4194304,6395118977,-1,0
0.03264,0,0,INJECTING,732261799,732261799,5027229095,4004481324,-1,0
0.03264,1,0,DONE,4194304,4194304,4194304,28270287849,-1,0
0.03264,2,0,INJECTING,1683136,1671712,4194304,6285148630,-1,0
0.03264,3,0,INJECTING,1886864,1875440,4194304,6395118977,-1,0
0.03266,0,0,INJECTING,732261799,732261799,5027229095,4004481324,-1,0
0.03266,1,0,DONE,4194304,4194304,4194304,28270287849,-1,0
0.03266,2,0,INJECTING,1698368,1686944,4194304,6285148630,-1,0
0.03266,3,0,INJECTING,1902096,1890672,4194304,6395118977,-1,0
0.03268,0,0,INJECTING,732261799,732261799,5027229095,4004481324,-1,0
0.03268,1,0,DONE,4194304,4194304,4194304,28270287849,-1,0
0.03268,2,0,INJECTING,1712648,1701224,4194304,6285148630,-1,0
0.03268,3,0,INJECTING,1917328,1905904,4194304,6395118977,-1,0
0.0327,0,0,INJECTING,732261799,732261799,5027229095,4004481324,-1,0
0.0327,1,0,DONE,4194304,4194304,4194304,28270287849,-1,0
0.0327,2,0,INJECTING,1727880,1716456,4194304,6285148630,-1,0
0.0327,3,0,INJECTING,1932560,1921136,4194304,6395118977,-1,0
0.03272,0,0,INJECTING,732261799,732261799,5027229095,4004481324,-1,0
0.03272,1,0,DONE,4194304,4194304,4194304,28270287849,-1,0
0.03272,2,0,INJECTING,1743112,1730736,4194304,6285148630,-1,0
0.03272,3,0,INJECTING,1947792,1936368,4194304,6395118977,-1,0
0.03274,0,0,INJECTING,732261799,732261799,5027229095,4004481324,-1,0
0.03274,1,0,DONE,4194304,4194304,4194304,28270287849,-1,0
0.03274,2,0,INJECTING,1757392,1745968,4194304,6285148630,-1,0
0.03274,3,0,INJECTING,1963024,1951600,4194304,6395118977,-1,0
0.03276,0,0,INJECTING,732261799,732261799,5027229095,4004481324,-1,0
0.03276,1,0,DONE,4194304,4194304,4194304,28270287849,-1,0
0.03276,2,0,INJECTING,1772624,1761200,4194304,6285148630,-1,0
0.03276,3,0,INJECTING,1978256,1966832,4194304,6395118977,-1,0
0.03278,0,0,INJECTING,732261799,732261799,5027229095,4004481324,-1,0
0.03278,1,0,DONE,4194304,4194304,4194304,28270287849,-1,0
0.03278,2,0,INJECTING,1787856,1775480,4194304,6285148630,-1,0
0.03278,3,0,INJECTING,1993488,1981112,4194304,6395118977,-1,0
0.0328,0,0,INJECTING,732261799,732261799,5027229095,4004481324,-1,0
0.0328,1,0,DONE,4194304,4194304,4194304,28270287849,-1,0
0.0328,2,0,INJECTING,1803088,1790712,4194304,6285148630,-1,0
0.0328,3,0,INJECTING,2008720,1996344,4194304,6395118977,-1,0
0.03282,0,0,INJECTING,732261799,732261799,5027229095,4004481324,-1,0
0.03282,1,0,DONE,4194304,4194304,4194304,28270287849,-1,0
0.03282,2,0,INJECTING,1817368,1804992,4194304,6285148630,-1,0
0.03282,3,0,INJECTING,2023952,2011576,4194304,6395118977,-1,0
0.03284,0,0,INJECTING,732261799,732261799,5027229095,4004481324,-1,0
0.03284,1,0,DONE,4194304,4194304,4194304,28270287849,-1,0
0.03284,2,0,INJECTING,1832600,1820224,4194304,6285148630,-1,0
0.03284,3,0,INJECTING,2039184,2026808,4194304,6395118977,-1,0
0.03286,0,0,INJECTING,732261799,732261799,5027229095,4004481324,-1,0
0.03286,1,0,DONE,4194304,4194304,4194304,28270287849,-1,0
0.03286,2,0,INJECTING,1847832,1835456,4194304,6285148630,-1,0
0.03286,3,0,INJECTING,2054416,2042040,4194304,6395118977,-1,0
0.03288,0,0,INJECTING,732261799,732261799,5027229095,4004481324,-1,0
0.03288,1,0,DONE,4194304,4194304,4194304,28270287849,-1,0
0.03288,2,0,INJECTING,1862112,1849736,4194304,6285148630,-1,0
0.03288,3,0,INJECTING,2069648,2057272,4194304,6395118977,-1,0
0.0329,0,0,INJECTING,732261799,732261799,5027229095,4004481324,-1,0
0.0329,1,0,DONE,4194304,4194304,4194304,28270287849,-1,0
0.0329,2,0,INJECTING,1877344,1864968,4194304,6285148630,-1,0
0.0329,3,0,INJECTING,2084880,2072504,4194304,6395118977,-1,0
0.03292,0,0,INJECTING,732261799,732261799,5027229095,4004481324,-1,0
0.03292,1,0,DONE,4194304,4194304,4194304,28270287849,-1,0
0.03292,2,0,INJECTING,1892576,1880200,4194304,6285148630,-1,0
0.03292,3,0,INJECTING,2100112,2087736,4194304,6395118977,-1,0
0.03294,0,0,INJECTING,732261799,732261799,5027229095,4004481324,-1,0
0.03294,1,0,DONE,4194304,4194304,4194304,28270287849,-1,0
0.03294,2,0,INJECTING,1907808,1894480,4194304,6285148630,-1,0
0.03294,3,0,INJECTING,2115344,2102968,4194304,6395118977,-1,0
0.03296,0,0,INJECTING,732261799,732261799,5027229095,4004481324,-1,0
0.03296,1,0,DONE,4194304,4194304,4194304,28270287849,-1,0
0.03296,2,0,INJECTING,1922088,1909712,4194304,6285148630,-1,0
0.03296,3,0,INJECTING,2130576,2118200,4194304,6395118977,-1,0
0.03298,0,0,INJECTING,732261799,732261799,5027229095,4004481324,-1,0
0.03298,1,0,DONE,4194304,4194304,4194304,28270287849,-1,0
0.03298,2,0,INJECTING,1937320,1924944,4194304,6285148630,-1,0
0.03298,3,0,INJECTING,2145808,2132480,4194304,6395118977,-1,0
0.033,0,0,INJECTING,732261799,732261799,5027229095,4004481324,-1,0
0.033,1,0,DONE,4194304,4194304,4194304,28270287849,-1,0
0.033,2,0,INJECTING,1952552,1939224,4194304,6285148630,-1,0
0.033,3,0,INJECTING,2161040,2147712,4194304,6395118977,-1,0
0.03302,0,0,INJECTING,732261799,732261799,5027229095,4004481324,-1,0
0.03302,1,0,DONE,4194304,4194304,4194304,28270287849,-1,0
0.03302,2,0,INJECTING,1966832,1954456,4194304,6285148630,-1,0
0.03302,3,0,INJECTING,2176272,2162944,4194304,6395118977,-1,0
0.03304,0,0,INJECTING,732261799,732261799,5027229095,4004481324,-1,0
0.03304,1,0,DONE,4194304,4194304,4194304,28270287849,-1,0
0.03304,2,0,INJECTING,1982064,1968736,4194304,6285148630,-1,0
0.03304,3,0,INJECTING,2191504,2178176,4194304,6395118977,-1,0
0.03306,0,0,INJECTING,732261799,732261799,5027229095,4004481324,-1,0
0.03306,1,0,DONE,4194304,4194304,4194304,28270287849,-1,0
0.03306,2,0,INJECTING,1997296,1983968,4194304,6285148630,-1,0
0.03306,3,0,INJECTING,2206736,2193408,4194304,6395118977,-1,0
0.03308,0,0,INJECTING,732261799,732261799,5027229095,4004481324,-1,0
0.03308,1,0,DONE,4194304,4194304,4194304,28270287849,-1,0
0.03308,2,0,INJECTING,2012528,1999200,4194304,6285148630,-1,0
0.03308,3,0,INJECTING,2221968,2208640,4194304,6395118977,-1,0
0.0331,0,0,INJECTING,732261799,732261799,5027229095,4004481324,-1,0
0.0331,1,0,DONE,4194304,4194304,4194304,28270287849,-1,0
0.0331,2,0,INJECTING,2026808,2013480,4194304,6285148630,-1,0
0.0331,3,0,INJECTING,2237200,2223872,4194304,6395118977,-1,0
0.03312,0,0,INJECTING,732261799,732261799,5027229095,4004481324,-1,0
0.03312,1,0,DONE,4194304,4194304,4194304,28270287849,-1,0
0.03312,2,0,INJECTING,2042040,2028712,4194304,6285148630,-1,0
0.03312,3,0,INJECTING,2252432,2239104,4194304,6395118977,-1,0
0.03314,0,0,INJECTING,732261799,732261799,5027229095,4004481324,-1,0
0.03314,1,0,DONE,4194304,4194304,4194304,28270287849,-1,0
0.03314,2,0,INJECTING,2057272,2043944,4194304,6285148630,-1,0
0.03314,3,0,INJECTING,2267664,2254336,4194304,6395118977,-1,0
0.03316,0,0,INJECTING,732261799,732261799,5027229095,4004481324,-1,0
0.03316,1,0,DONE,4194304,4194304,4194304,28270287849,-1,0
0.03316,2,0,INJECTING,2071552,2058224,4194304,6285148630,-1,0
0.03316,3,0,INJECTING,2282896,2269568,4194304,6395118977,-1,0
0.03318,0,0,INJECTING,732261799,732261799,5027229095,4004481324,-1,0
0.03318,1,0,DONE,4194304,4194304,4194304,28270287849,-1,0
0.03318,2,0,INJECTING,2086784,2073456,4194304,6285148630,-1,0
0.03318,3,0,INJECTING,2298128,2283848,4194304,6395118977,-1,0
0.0332,0,0,INJECTING,732261799,732261799,5027229095,4004481324,-1,0
0.0332,1,0,DONE,4194304,4194304,4194304,28270287849,-1,0
0.0332,2,0,INJECTING,2102016,2087736,4194304,6285148630,-1,0
0.0332,3,0,INJECTING,2313360,2299080,4194304,6395118977,-1,0
0.03322,0,0,INJECTING,732261799,732261799,5027229095,4004481324,-1,0
0.03322,1,0,DONE,4194304,4194304,4194304,28270287849,-1,0
0.03322,2,0,INJECTING,2116296,2102968,4194304,6285148630,-1,0
0.03322,3,0,INJECTING,2328592,2314312,4194304,6395118977,-1,0
0.03324,0,0,INJECTING,732261799,732261799,5027229095,4004481324,-1,0
0.03324,1,0,DONE,4194304,4194304,4194304,28270287849,-1,0
0.03324,2,0,INJECTING,2131528,2118200,4194304,6285148630,-1,0
0.03324,3,0,INJECTING,2343824,2329544,4194304,6395118977,-1,0
0.03326,0,0,INJECTING,732261799,732261799,5027229095,4004481324,-1,0
0.03326,1,0,DONE,4194304,4194304,4194304,28270287849,-1,0
0.03326,2,0,INJECTING,2146760,2132480,4194304,6285148630,-1,0
0.03326,3,0,INJECTING,2359056,2344776,4194304,6395118977,-1,0
0.03328,0,0,INJECTING,732261799,732261799,5027229095,4004481324,-1,0
0.03328,1,0,DONE,4194304,4194304,4194304,28270287849,-1,0
0.03328,2,0,INJECTING,2161992,2147712,4194304,6285148630,-1,0
0.03328,3,0,INJECTING,2374288,2360008,4194304,6395118977,-1,0
0.0333,0,0,INJECTING,732261799,732261799,5027229095,4004481324,-1,0
0.0333,1,0,DONE,4194304,4194304,4194304,28270287849,-1,0
0.0333,2,0,INJECTING,2176272,2162944,4194304,6285148630,-1,0
0.0333,3,0,INJECTING,2389520,2375240,4194304,6395118977,-1,0
0.03332,0,0,INJECTING,732261799,732261799,5027229095,4004481324,-1,0
0.03332,1,0,DONE,4194304,4194304,4194304,28270287849,-1,0
0.03332,2,0,INJECTING,2191504,2177224,4194304,6285148630,-1,0
0.03332,3,0,INJECTING,2404752,2390472,4194304,6395118977,-1,0
0.03334,0,0,INJECTING,732261799,732261799,5027229095,4004481324,-1,0
0.03334,1,0,DONE,4194304,4194304,4194304,28270287849,-1,0
0.03334,2,0,INJECTING,2206736,2192456,4194304,6285148630,-1,0
0.03334,3,0,INJECTING,2419984,2405704,4194304,6395118977,-1,0
0.03336,0,0,INJECTING,732261799,732261799,5027229095,4004481324,-1,0
0.03336,1,0,DONE,4194304,4194304,4194304,28270287849,-1,0
0.03336,2,0,INJECTING,2221016,2206736,4194304,6285148630,-1,0
0.03336,3,0,INJECTING,2435216,2419984,4194304,6395118977,-1,0
0.03338,0,0,INJECTING,732261799,732261799,5027229095,4004481324,-1,0
0.03338,1,0,DONE,4194304,4194304,4194304,28270287849,-1,0
0.03338,2,0,INJECTING,2236248,2221968,4194304,6285148630,-1,0
0.03338,3,0,INJECTING,2450448,2435216,4194304,6395118977,-1,0
0.0334,0,0,INJECTING,732261799,732261799,5027229095,4004481324,-1,0
0.0334,1,0,DONE,4194304,4194304,4194304,28270287849,-1,0
0.0334,2,0,INJECTING,2251480,2237200,4194304,6285148630,-1,0
0.0334,3,0,INJECTING,2465680,2450448,4194304,6395118977,-1,0
0.03342,0,0,INJECTING,732261799,732261799,5027229095,4004481324,-1,0
0.03342,1,0,DONE,4194304,4194304,4194304,28270287849,-1,0
0.03342,2,0,INJECTING,2266712,2251480,4194304,6285148630,-1,0
0.03342,3,0,INJECTING,2480912,2465680,4194304,6395118977,-1,0
0.03344,0,0,INJECTING,732261799,732261799,5027229095,4004481324,-1,0
0.03344,1,0,DONE,4194304,4194304,4194304,28270287849,-1,0
0.03344,2,0,INJECTING,2280992,2266712,4194304,6285148630,-1,0
0.03344,3,0,INJECTING,2496144,2480912,4194304,6395118977,-1,0
0.03346,0,0,INJECTING,732261799,732261799,5027229095,4004481324,-1,0
0.03346,1,0,DONE,4194304,4194304,4194304,28270287849,-1,0
0.03346,2,0,INJECTING,2296224,2281944,4194304,6285148630,-1,0
0.03346,3,0,INJECTING,2511376,2496144,4194304,6395118977,-1,0
0.03348,0,0,INJECTING,732261799,732261799,5027229095,4004481324,-1,0
0.03348,1,0,DONE,4194304,4194304,4194304,28270287849,-1,0
0.03348,2,0,INJECTING,2311456,2296224,4194304,6285148630,-1,0
0.03348,3,0,INJECTING,2526608,2511376,4194304,6395118977,-1,0
0.0335,0,0,INJECTING,732261799,732261799,5027229095,4004481324,-1,0
0.0335,1,0,DONE,4194304,4194304,4194304,28270287849,-1,0
0.0335,2,0,INJECTING,2325736,2311456,4194304,6285148630,-1,0
0.0335,3,0,INJECTING,2541840,2526608,4194304,6395118977,-1,0
0.03352,0,0,INJECTING,732261799,732261799,5027229095,4004481324,-1,0
0.03352,1,0,DONE,4194304,4194304,4194304,28270287849,-1,0
0.03352,2,0,INJECTING,2340968,2325736,4194304,6285148630,-1,0
0.03352,3,0,INJECTING,2557072,2541840,4194304,6395118977,-1,0
0.03354,0,0,INJECTING,732261799,732261799,5027229095,4004481324,-1,0
0.03354,1,0,DONE,4194304,4194304,4194304,28270287849,-1,0
0.03354,2,0,INJECTING,2356200,2340968,4194304,6285148630,-1,0
0.03354,3,0,INJECTING,2572304,2557072,4194304,6395118977,-1,0
0.03356,0,0,INJECTING,732261799,732261799,5027229095,4004481324,-1,0
0.03356,1,0,DONE,4194304,4194304,4194304,28270287849,-1,0
0.03356,2,0,INJECTING,2371432,2356200,4194304,6285148630,-1,0
0.03356,3,0,INJECTING,2587536,2572304,4194304,6395118977,-1,0
0.03358,0,0,INJECTING,732261799,732261799,5027229095,4004481324,-1,0
0.03358,1,0,DONE,4194304,4194304,4194304,28270287849,-1,0
0.03358,2,0,INJECTING,2385712,2370480,4194304,6285148630,-1,0
0.03358,3,0,INJECTING,2602768,2586584,4194304,6395118977,-1,0
0.0336,0,0,INJECTING,732261799,732261799,5027229095,4004481324,-1,0
0.0336,1,0,DONE,4194304,4194304,4194304,28270287849,-1,0
0.0336,2,0,INJECTING,2400944,2385712,4194304,6285148630,-1,0
0.0336,3,0,INJECTING,2618000,2601816,4194304,6395118977,-1,0
0.03362,0,0,INJECTING,732261799,732261799,5027229095,4004481324,-1,0
0.03362,1,0,DONE,4194304,4194304,4194304,28270287849,-1,0
0.03362,2,0,INJECTING,2416176,2400944,4194304,6285148630,-1,0
0.03362,3,0,INJECTING,2633232,2617048,4194304,6395118977,-1,0
0.03364,0,0,INJECTING,732261799,732261799,5027229095,4004481324,-1,0
0.03364,1,0,DONE,4194304,4194304,4194304,28270287849,-1,0
0.03364,2,0,INJECTING,2430456,2415224,4194304,6285148630,-1,0
0.03364,3,0,INJECTING,2648464,2632280,4194304,6395118977,-1,0
0.03366,0,0,INJECTING,732261799,732261799,5027229095,4004481324,-1,0
0.03366,1,0,DONE,4194304,4194304,4194304,28270287849,-1,0
0.03366,2,0,INJECTING,2445688,2430456,4194304,6285148630,-1,0
0.03366,3,0,INJECTING,2663696,2647512,4194304,6395118977,-1,0
0.03368,0,0,INJECTING,732261799,732261799,5027229095,4004481324,-1,0
0.03368,1,0,DONE,4194304,4194304,4194304,28270287849,-1,0
0.03368,2,0,INJECTING,2460920,2444736,4194304,6285148630,-1,0
0.03368,3,0,INJECTING,2678928,2662744,4194304,6395118977,-1,0
0.0337,0,0,INJECTING,732261799,732261799,5027229095,4004481324,-1,0
0.0337,1,0,DONE,4194304,4194304,4194304,28270287849,-1,0
0.0337,2,0,INJECTING,2476152,2459968,4194304,6285148630,-1,0
0.0337,3,0,INJECTING,2694160,2677976,4194304,6395118977,-1,0
0.03372,0,0,INJECTING,732261799,732261799,5027229095,4004481324,-1,0
0.03372,1,0,DONE,4194304,4194304,4194304,28270287849,-1,0
0.03372,2,0,INJECTING,2490432,2475200,4194304,6285148630,-1,0
0.03372,3,0,INJECTING,2709392,2693208,4194304,6395118977,-1,0
0.03374,0,0,INJECTING,732261799,732261799,5027229095,4004481324,-1,0
0.03374,1,0,DONE,4194304,4194304,4194304,28270287849,-1,0
0.03374,2,0,INJECTING,2505664,2489480,4194304,6285148630,-1,0
0.03374,3,0,INJECTING,2724624,2708440,4194304,6395118977,-1,0
0.03376,0,0,INJECTING,732261799,732261799,5027229095,4004481324,-1,0
0.03376,1,0,DONE,4194304,4194304,4194304,28270287849,-1,0
0.03376,2,0,INJECTING,2520896,2504712,4194304,6285148630,-1,0
0.03376,3,0,INJECTING,2739856,2723672,4194304,6395118977,-1,0
0.03378,0,0,INJECTING,732261799,732261799,5027229095,4004481324,-1,0
0.03378,1,0,DONE,4194304,4194304,4194304,28270287849,-1,0
0.03378,2,0,INJECTING,2535176,2519944,4194304,6285148630,-1,0
0.03378,3,0,INJECTING,2755088,2737952,4194304,6395118977,-1,0
0.0338,0,0,INJECTING,732261799,732261799,5027229095,4004481324,-1,0
0.0338,1,0,DONE,4194304,4194304,4194304,28270287849,-1,0
0.0338,2,0,INJECTING,2550408,2534224,4194304,6285148630,-1,0
0.0338,3,0,INJECTING,2770320,2753184,4194304,6395118977,-1,0
0.03382,0,0,INJECTING,732261799,732261799,5027229095,4004481324,-1,0
0.03382,1,0,DONE,4194304,4194304,4194304,28270287849,-1,0
0.03382,2,0,INJECTING,2565640,2549456,4194304,6285148630,-1,0
0.03382,3,0,INJECTING,2785552,2768416,4194304,6395118977,-1,0
0.03384,0,0,INJECTING,732261799,732261799,5027229095,4004481324,-1,0
0.03384,1,0,DONE,4194304,4194304,4194304,28270287849,-1,0
0.03384,2,0,INJECTING,2580872,2563736,4194304,6285148630,-1,0
0.03384,3,0,INJECTING,2800784,2783648,4194304,6395118977,-1,0
0.03386,0,0,INJECTING,732261799,732261799,5027229095,4004481324,-1,0
0.03386,1,0,DONE,4194304,4194304,4194304,28270287849,-1,0
0.03386,2,0,INJECTING,2595152,2578968,4194304,6285148630,-1,0
0.03386,3,0,INJECTING,2816016,2798880,4194304,6395118977,-1,0
0.03388,0,0,INJECTING,732261799,732261799,5027229095,4004481324,-1,0
0.03388,1,0,DONE,4194304,4194304,4194304,28270287849,-1,0
0.03388,2,0,INJECTING,2610384,2594200,4194304,6285148630,-1,0
0.03388,3,0,INJECTING,2830296,2814112,4194304,6395118977,-1,0
0.0339,0,0,INJECTING,732261799,732261799,5027229095,4004481324,-1,0
0.0339,1,0,DONE,4194304,4194304,4194304,28270287849,-1,0
0.0339,2,0,INJECTING,2625616,2608480,4194304,6285148630,-1,0
0.0339,3,0,INJECTING,2845528,2829344,4194304,6395118977,-1,0
0.03392,0,0,INJECTING,732261799,732261799,5027229095,4004481324,-1,0
0.03392,1,0,DONE,4194304,4194304,4194304,28270287849,-1,0
0.03392,2,0,INJECTING,2639896,2623712,4194304,6285148630,-1,0
0.03392,3,0,INJECTING,2860760,2844576,4194304,6395118977,-1,0
0.03394,0,0,INJECTING,732261799,732261799,5027229095,4004481324,-1,0
0.03394,1,0,DONE,4194304,4194304,4194304,28270287849,-1,0
0.03394,2,0,INJECTING,2655128,2638944,4194304,6285148630,-1,0
0.03394,3,0,INJECTING,2875992,2859808,4194304,6395118977,-1,0
0.03396,0,0,INJECTING,732261799,732261799,5027229095,4004481324,-1,0
0.03396,1,0,DONE,4194304,4194304,4194304,28270287849,-1,0
0.03396,2,0,INJECTING,2670360,2653224,4194304,6285148630,-1,0
0.03396,3,0,INJECTING,2891224,2875040,4194304,6395118977,-1,0
0.03398,0,0,INJECTING,732261799,732261799,5027229095,4004481324,-1,0
0.03398,1,0,DONE,4194304,4194304,4194304,28270287849,-1,0
0.03398,2,0,INJECTING,2684640,2668456,4194304,6285148630,-1,0
0.03398,3,0,INJECTING,2906456,2889320,4194304,6395118977,-1,0
0.034,0,0,INJECTING,732261799,732261799,5027229095,4004481324,-1,0
0.034,1,0,DONE,4194304,4194304,4194304,28270287849,-1,0
0.034,2,0,INJECTING,2699872,2682736,4194304,6285148630,-1,0
0.034,3,0,INJECTING,2921688,2904552,4194304,6395118977,-1,0
0.03402,0,0,INJECTING,732261799,732261799,5027229095,4004481324,-1,0
0.03402,1,0,DONE,4194304,4194304,4194304,28270287849,-1,0
0.03402,2,0,INJECTING,2715104,2697968,4194304,6285148630,-1,0
0.03402,3,0,INJECTING,2936920,2919784,4194304,6395118977,-1,0
0.03404,0,0,INJECTING,732261799,732261799,5027229095,4004481324,-1,0
0.03404,1,0,DONE,4194304,4194304,4194304,28270287849,-1,0
0.03404,2,0,INJECTING,2730336,2713200,4194304,6285148630,-1,0
0.03404,3,0,INJECTING,2952152,2935016,4194304,6395118977,-1,0
0.03406,0,0,INJECTING,732261799,732261799,5027229095,4004481324,-1,0
0.03406,1,0,DONE,4194304,4194304,4194304,28270287849,-1,0
0.03406,2,0,INJECTING,2744616,2727480,4194304,6285148630,-1,0
0.03406,3,0,INJECTING,2967384,2950248,4194304,6395118977,-1,0
0.03408,0,0,INJECTING,732261799,732261799,5027229095,4004481324,-1,0
0.03408,1,0,DONE,4194304,4194304,4194304,28270287849,-1,0
0.03408,2,0,INJECTING,2759848,2742712,4194304,6285148630,-1,0
0.03408,3,0,INJECTING,2982616,2965480,4194304,6395118977,-1,0
0.0341,0,0,INJECTING,732261799,732261799,5027229095,4004481324,-1,0
0.0341,1,0,DONE,4194304,4194304,4194304,28270287849,-1,0
0.0341,2,0,INJECTING,2775080,2757944,4194304,6285148630,-1,0
0.0341,3,0,INJECTING,2997848,2980712,4194304,6395118977,-1,0
0.03412,0,0,INJECTING,732261799,732261799,5027229095,4004481324,-1,0
0.03412,1,0,DONE,4194304,4194304,4194304,28270287849,-1,0
0.03412,2,0,INJECTING,2789360,2772224,4194304,6285148630,-1,0
0.03412,3,0,INJECTING,3013080,2995944,4194304,6395118977,-1,0
0.03414,0,0,INJECTING,732261799,732261799,5027229095,4004481324,-1,0
0.03414,1,0,DONE,4194304,4194304,4194304,28270287849,-1,0
0.03414,2,0,INJECTING,2804592,2787456,4194304,6285148630,-1,0
0.03414,3,0,INJECTING,3028312,3011176,4194304,6395118977,-1,0
0.03416,0,0,INJECTING,732261799,732261799,5027229095,4004481324,-1,0
0.03416,1,0,DONE,4194304,4194304,4194304,28270287849,-1,0
0.03416,2,0,INJECTING,2819824,2801736,4194304,6285148630,-1,0
0.03416,3,0,INJECTING,3043544,3026408,4194304,6395118977,-1,0
0.03418,0,0,INJECTING,732261799,732261799,5027229095,4004481324,-1,0
0.03418,1,0,DONE,4194304,4194304,4194304,28270287849,-1,0
0.03418,2,0,INJECTING,2835056,2816968,4194304,6285148630,-1,0
0.03418,3,0,INJECTING,3058776,3040688,4194304,6395118977,-1,0
0.0342,0,0,INJECTING,732261799,732261799,5027229095,4004481324,-1,0
0.0342,1,0,DONE,4194304,4194304,4194304,28270287849,-1,0
0.0342,2,0,INJECTING,2849336,2832200,4194304,6285148630,-1,0
0.0342,3,0,INJECTING,3074008,3055920,4194304,6395118977,-1,0
0.03422,0,0,INJECTING,732261799,732261799,5027229095,4004481324,-1,0
0.03422,1,0,DONE,4194304,4194304,4194304,28270287849,-1,0
0.03422,2,0,INJECTING,2864568,2846480,4194304,6285148630,-1,0
0.03422,3,0,INJECTING,3089240,3071152,4194304,6395118977,-1,0
0.03424,0,0,INJECTING,732261799,732261799,5027229095,4004481324,-1,0
0.03424,1,0,DONE,4194304,4194304,4194304,28270287849,-1,0
0.03424,2,0,INJECTING,2879800,2861712,4194304,6285148630,-1,0
0.03424,3,0,INJECTING,3104472,3086384,4194304,6395118977,-1,0
0.03426,0,0,INJECTING,732261799,732261799,5027229095,4004481324,-1,0
0.03426,1,0,DONE,4194304,4194304,4194304,28270287849,-1,0
0.03426,2,0,INJECTING,2894080,2876944,4194304,6285148630,-1,0
0.03426,3,0,INJECTING,3119704,3101616,4194304,6395118977,-1,0
0.03428,0,0,INJECTING,732261799,732261799,5027229095,4004481324,-1,0
0.03428,1,0,DONE,4194304,4194304,4194304,28270287849,-1,0
0.03428,2,0,INJECTING,2909312,2891224,4194304,6285148630,-1,0
0.03428,3,0,INJECTING,3134936,3116848,4194304,6395118977,-1,0
0.0343,0,0,INJECTING,732261799,732261799,5027229095,4004481324,-1,0
0.0343,1,0,DONE,4194304,4194304,4194304,28270287849,-1,0
0.0343,2,0,INJECTING,2924544,2906456,4194304,6285148630,-1,0
0.0343,3,0,INJECTING,3150168,3132080,4194304,6395118977,-1,0
0.03432,0,0,INJECTING,732261799,732261799,5027229095,4004481324,-1,0
0.03432,1,0,DONE,4194304,4194304,4194304,28270287849,-1,0
0.03432,2,0,INJECTING,2939776,2920736,4194304,6285148630,-1,0
0.03432,3,0,INJECTING,3165400,3147312,4194304,6395118977,-1,0
0.03434,0,0,INJECTING,732261799,732261799,5027229095,4004481324,-1,0
0.03434,1,0,DONE,4194304,4194304,4194304,28270287849,-1,0
0.03434,2,0,INJECTING,2954056,2935968,4194304,6285148630,-1,0
0.03434,3,0,INJECTING,3180632,3162544,4194304,6395118977,-1,0
0.03436,0,0,INJECTING,732261799,732261799,5027229095,4004481324,-1,0
0.03436,1,0,DONE,4194304,4194304,4194304,28270287849,-1,0
0.03436,2,0,INJECTING,2969288,2951200,4194304,6285148630,-1,0
0.03436,3,0,INJECTING,3195864,3177776,4194304,6395118977,-1,0
0.03438,0,0,INJECTING,732261799,732261799,5027229095,4004481324,-1,0
0.03438,1,0,DONE,4194304,4194304,4194304,28270287849,-1,0
0.03438,2,0,INJECTING,2984520,2965480,4194304,6285148630,-1,0
0.03438,3,0,INJECTING,3211096,3192056,4194304,6395118977,-1,0
0.0344,0,0,INJECTING,732261799,732261799,5027229095,4004481324,-1,0
0.0344,1,0,DONE,4194304,4194304,4194304,28270287849,-1,0
0.0344,2,0,INJECTING,2998800,2980712,4194304,6285148630,-1,0
0.0344,3,0,INJECTING,3226328,3207288,4194304,6395118977,-1,0
0.03442,0,0,INJECTING,732261799,732261799,5027229095,4004481324,-1,0
0.03442,1,0,DONE,4194304,4194304,4194304,28270287849,-1,0
0.03442,2,0,INJECTING,3014032,2995944,4194304,6285148630,-1,0
0.03442,3,0,INJECTING,3241560,3222520,4194304,6395118977,-1,0
0.03444,0,0,INJECTING,732261799,732261799,5027229095,4004481324,-1,0
0.03444,1,0,DONE,4194304,4194304,4194304,28270287849,-1,0
0.03444,2,0,INJECTING,3029264,3010224,4194304,6285148630,-1,0
0.03444,3,0,INJECTING,3256792,3237752,4194304,6395118977,-1,0
0.03446,0,0,INJECTING,732261799,732261799,5027229095,4004481324,-1,0
0.03446,1,0,DONE,4194304,4194304,4194304,28270287849,-1,0
0.03446,2,0,INJECTING,3044496,3025456,4194304,6285148630,-1,0
0.03446,3,0,INJECTING,3272024,3252984,4194304,6395118977,-1,0
0.03448,0,0,INJECTING,732261799,732261799,5027229095,4004481324,-1,0
0.03448,1,0,DONE,4194304,4194304,4194304,28270287849,-1,0
0.03448,2,0,INJECTING,3058776,3039736,4194304,6285148630,-1,0
0.03448,3,0,INJECTING,3287256,3268216,4194304,6395118977,-1,0
0.0345,0,0,INJECTING,732261799,732261799,5027229095,4004481324,-1,0
0.0345,1,0,DONE,4194304,4194304,4194304,28270287849,-1,0
0.0345,2,0,INJECTING,3074008,3054968,4194304,6285148630,-1,0
0.0345,3,0,INJECTING,3302488,3283448,4194304,6395118977,-1,0
0.03452,0,0,INJECTING,732261799,732261799,5027229095,4004481324,-1,0
0.03452,1,0,DONE,4194304,4194304,4194304,28270287849,-1,0
0.03452,2,0,INJECTING,3089240,3070200,4194304,6285148630,-1,0
0.03452,3,0,INJECTING,3317720,3298680,4194304,6395118977,-1,0
0.03454,0,0,INJECTING,732261799,732261799,5027229095,4004481324,-1,0
0.03454,1,0,DONE,4194304,4194304,4194304,28270287849,-1,0
0.03454,2,0,INJECTING,3103520,3084480,4194304,6285148630,-1,0
0.03454,3,0,INJECTING,3332952,3313912,4194304,6395118977,-1,0
0.03456,0,0,INJECTING,732261799,732261799,5027229095,4004481324,-1,0
0.03456,1,0,DONE,4194304,4194304,4194304,28270287849,-1,0
0.03456,2,0,INJECTING,3118752,3099712,4194304,6285148630,-1,0
0.03456,3,0,INJECTING,3348184,3329144,4194304,6395118977,-1,0
0.03458,0,0,INJECTING,732261799,732261799,5027229095,4004481324,-1,0
0.03458,1,0,DONE,4194304,4194304,4194304,28270287849,-1,0
0.03458,2,0,INJECTING,3133984,3114944,4194304,6285148630,-1,0
0.03458,3,0,INJECTING,3363416,3344376,4194304,6395118977,-1,0
0.0346,0,0,INJECTING,732261799,732261799,5027229095,4004481324,-1,0
0.0346,1,0,DONE,4194304,4194304,4194304,28270287849,-1,0
0.0346,2,0,INJECTING,3149216,3129224,4194304,6285148630,-1,0
0.0346,3,0,INJECTING,3378648,3358656,4194304,6395118977,-1,0
0.03462,0,0,INJECTING,732261799,732261799,5027229095,4004481324,-1,0
0.03462,1,0,DONE,4194304,4194304,4194304,28270287849,-1,0
0.03462,2,0,INJECTING,3163496,3144456,4194304,6285148630,-1,0
0.03462,3,0,INJECTING,3393880,3373888,4194304,6395118977,-1,0
0.03464,0,0,INJECTING,732261799,732261799,5027229095,4004481324,-1,0
0.03464,1,0,DONE,4194304,4194304,4194304,28270287849,-1,0
0.03464,2,0,INJECTING,3178728,3159688,4194304,6285148630,-1,0
0.03464,3,0,INJECTING,3409112,3389120,4194304,6395118977,-1,0
0.03466,0,0,INJECTING,732261799,732261799,5027229095,4004481324,-1,0
0.03466,1,0,DONE,4194304,4194304,4194304,28270287849,-1,0
0.03466,2,0,INJECTING,3193960,3173968,4194304,6285148630,-1,0
0.03466,3,0,INJECTING,3424344,3404352,4194304,6395118977,-1,0
0.03468,0,0,INJECTING,732261799,732261799,5027229095,4004481324,-1,0
0.03468,1,0,DONE,4194304,4194304,4194304,28270287849,-1,0
0.03468,2,0,INJECTING,3208240,3189200,4194304,6285148630,-1,0
0.03468,3,0,INJECTING,3439576,3419584,4194304,6395118977,-1,0
0.0347,0,0,INJECTING,732261799,732261799,5027229095,4004481324,-1,0
0.0347,1,0,DONE,4194304,4194304,4194304,28270287849,-1,0
0.0347,2,0,INJECTING,3223472,3203480,4194304,6285148630,-1,0
0.0347,3,0,INJECTING,3454808,3434816,4194304,6395118977,-1,0
0.03472,0,0,INJECTING,732261799,732261799,5027229095,4004481324,-1,0
0.03472,1,0,DONE,4194304,4194304,4194304,28270287849,-1,0
0.03472,2,0,INJECTING,3238704,3218712,4194304,6285148630,-1,0
0.03472,3,0,INJECTING,3470040,3450048,4194304,6395118977,-1,0
0.03474,0,0,INJECTING,732261799,732261799,5027229095,4004481324,-1,0
0.03474,1,0,DONE,4194304,4194304,4194304,28270287849,-1,0
0.03474,2,0,INJECTING,3253936,3233944,4194304,6285148630,-1,0
0.03474,3,0,INJECTING,3485272,3465280,4194304,6395118977,-1,0
0.03476,0,0,INJECTING,732261799,732261799,5027229095,4004481324,-1,0
0.03476,1,0,DONE,4194304,4194304,4194304,28270287849,-1,0
0.03476,2,0,INJECTING,3268216,3248224,4194304,6285148630,-1,0
0.03476,3,0,INJECTING,3500504,3480512,4194304,6395118977,-1,0
0.03478,0,0,INJECTING,732261799,732261799,5027229095,4004481324,-1,0
0.03478,1,0,DONE,4194304,4194304,4194304,28270287849,-1,0
0.03478,2,0,INJECTING,3283448,3263456,4194304,6285148630,-1,0
0.03478,3,0,INJECTING,3515736,3494792,4194304,6395118977,-1,0
0.0348,0,0,INJECTING,732261799,732261799,5027229095,4004481324,-1,0
0.0348,1,0,DONE,4194304,4194304,4194304,28270287849,-1,0
0.0348,2,0,INJECTING,3298680,3277736,4194304,6285148630,-1,0
0.0348,3,0,INJECTING,3530968,3510024,4194304,6395118977,-1,0
0.03482,0,0,INJECTING,732261799,732261799,5027229095,4004481324,-1,0
0.03482,1,0,DONE,4194304,4194304,4194304,28270287849,-1,0
0.03482,2,0,INJECTING,3312960,3292968,4194304,6285148630,-1,0
0.03482,3,0,INJECTING,3546200,3525256,4194304,6395118977,-1,0
0.03484,0,0,INJECTING,732261799,732261799,5027229095,4004481324,-1,0
0.03484,1,0,DONE,4194304,4194304,4194304,28270287849,-1,0
0.03484,2,0,INJECTING,3328192,3308200,4194304,6285148630,-1,0
0.03484,3,0,INJECTING,3561432,3540488,4194304,6395118977,-1,0
0.03486,0,0,INJECTING,732261799,732261799,5027229095,4004481324,-1,0
0.03486,1,0,DONE,4194304,4194304,4194304,28270287849,-1,0
0.03486,2,0,INJECTING,3343424,3322480,4194304,6285148630,-1,0
0.03486,3,0,INJECTING,3576664,3555720,4194304,6395118977,-1,0
0.03488,0,0,INJECTING,732261799,732261799,5027229095,4004481324,-1,0
0.03488,1,0,DONE,4194304,4194304,4194304,28270287849,-1,0
0.03488,2,0,INJECTING,3357704,3337712,4194304,6285148630,-1,0
0.03488,3,0,INJECTING,3591896,3570952,4194304,6395118977,-1,0
0.0349,0,0,INJECTING,732261799,732261799,5027229095,4004481324,-1,0
0.0349,1,0,DONE,4194304,4194304,4194304,28270287849,-1,0
0.0349,2,0,INJECTING,3372936,3352944,4194304,6285148630,-1,0
0.0349,3,0,INJECTING,3607128,3586184,4194304,6395118977,-1,0
0.03492,0,0,INJECTING,732261799,732261799,5027229095,4004481324,-1,0
0.03492,1,0,DONE,4194304,4194304,4194304,28270287849,-1,0
0.03492,2,0,INJECTING,3388168,3367224,4194304,6285148630,-1,0
0.03492,3,0,INJECTING,3622360,3601416,4194304,6395118977,-1,0
0.03494,0,0,INJECTING,732261799,732261799,5027229095,4004481324,-1,0
0.03494,1,0,DONE,4194304,4194304,4194304,28270287849,-1,0
0.03494,2,0,INJECTING,3403400,3382456,4194304,6285148630,-1,0
0.03494,3,0,INJECTING,3637592,3616648,4194304,6395118977,-1,0
0.03496,0,0,INJECTING,732261799,732261799,5027229095,4002195848,-1,0
0.03496,1,0,DONE,4194304,4194304,4194304,28270287849,-1,0
0.03496,2,0,INJECTING,3418632,3397688,4194304,6415151798,-1,0
0.03496,3,0,INJECTING,3652824,3631880,4194304,6456242595,-1,0
0.03498,0,0,INJECTING,732261799,732261799,5027229095,4002195848,-1,0
0.03498,1,0,DONE,4194304,4194304,4194304,28270287849,-1,0
0.03498,2,0,INJECTING,3433864,3412920,4194304,6493844809,-1,0
0.03498,3,0,INJECTING,3668056,3647112,4194304,6489529551,-1,0
0.035,0,0,INJECTING,732261799,732261799,5027229095,4002195848,-1,0
0.035,1,0,DONE,4194304,4194304,4194304,28270287849,-1,0
0.035,2,0,INJECTING,3449096,3428152,4194304,6493844809,-1,0
0.035,3,0,INJECTING,3683288,3663296,4194304,6489529551,-1,0
0.03502,0,0,INJECTING,732261799,732261799,5027229095,4002195848,-1,0
0.03502,1,0,DONE,4194304,4194304,4194304,28270287849,-1,0
0.03502,2,0,INJECTING,3464328,3443384,4194304,6493844809,-1,0
0.03502,3,0,INJECTING,3699472,3678528,4194304,6489529551,-1,0
0.03504,0,0,INJECTING,732261799,732261799,5027229095,4002195848,-1,0
0.03504,1,0,DONE,4194304,4194304,4194304,28270287849,-1,0
0.03504,2,0,INJECTING,3479560,3459568,4194304,6493844809,-1,0
0.03504,3,0,INJECTING,3714704,3693760,4194304,6489529551,-1,0
0.03506,0,0,INJECTING,732261799,732261799,5027229095,4002195848,-1,0
0.03506,1,0,DONE,4194304,4194304,4194304,28270287849,-1,0
0.03506,2,0,INJECTING,3495744,3474800,4194304,6493844809,-1,0
0.03506,3,0,INJECTING,3729936,3708992,4194304,6489529551,-1,0
0.03508,0,0,INJECTING,732261799,732261799,5027229095,4002195848,-1,0
0.03508,1,0,DONE,4194304,4194304,4194304,28270287849,-1,0
0.03508,2,0,INJECTING,3510976,3490032,4194304,6493844809,-1,0
0.03508,3,0,INJECTING,3745168,3724224,4194304,6489529551,-1,0
0.0351,0,0,INJECTING,732261799,732261799,5027229095,4002195848,-1,0
0.0351,1,0,DONE,4194304,4194304,4194304,28270287849,-1,0
0.0351,2,0,INJECTING,3526208,3505264,4194304,6493844809,-1,0
0.0351,3,0,INJECTING,3760400,3740408,4194304,6489529551,-1,0
0.03512,0,0,INJECTING,732261799,732261799,5027229095,4002195848,-1,0
0.03512,1,0,DONE,4194304,4194304,4194304,28270287849,-1,0
0.03512,2,0,INJECTING,3541440,3521448,4194304,6493844809,-1,0
0.03512,3,0,INJECTING,3776584,3755640,4194304,6489529551,-1,0
0.03514,0,0,INJECTING,732261799,732261799,5027229095,4002195848,-1,0
0.03514,1,0,DONE,4194304,4194304,4194304,28270287849,-1,0
0.03514,2,0,INJECTING,3557624,3536680,4194304,6493844809,-1,0
0.03514,3,0,INJECTING,3791816,3770872,4194304,6489529551,-1,0
0.03516,0,0,INJECTING,732261799,732261799,5027229095,4002195848,-1,0
0.03516,1,0,DONE,4194304,4194304,4194304,28270287849,-1,0
0.03516,2,0,INJECTING,3572856,3551912,4194304,6493844809,-1,0
0.03516,3,0,INJECTING,3807048,3786104,4194304,6489529551,-1,0
0.03518,0,0,INJECTING,732261799,732261799,5027229095,4002195848,-1,0
0.03518,1,0,DONE,4194304,4194304,4194304,28270287849,-1,0
0.03518,2,0,INJECTING,3588088,3567144,4194304,6493844809,-1,0
0.03518,3,0,INJECTING,3822280,3802288,4194304,6489529551,-1,0
0.0352,0,0,INJECTING,732261799,732261799,5027229095,4002195848,-1,0
0.0352,1,0,DONE,4194304,4194304,4194304,28270287849,-1,0
0.0352,2,0,INJECTING,3603320,3582376,4194304,6493844809,-1,0
0.0352,3,0,INJECTING,3838464,3817520,4194304,6489529551,-1,0
0.03522,0,0,INJECTING,732261799,732261799,5027229095,4002195848,-1,0
0.03522,1,0,DONE,4194304,4194304,4194304,28270287849,-1,0
0.03522,2,0,INJECTING,3619504,3598560,4194304,6493844809,-1,0
0.03522,3,0,INJECTING,3853696,3832752,4194304,6489529551,-1,0
0.03524,0,0,INJECTING,732261799,732261799,5027229095,4002195848,-1,0
0.03524,1,0,DONE,4194304,4194304,4194304,28270287849,-1,0
0.03524,2,0,INJECTING,3634736,3613792,4194304,6493844809,-1,0
0.03524,3,0,INJECTING,3868928,3847984,4194304,6489529551,-1,0
0.03526,0,0,INJECTING,732261799,732261799,5027229095,4002195848,-1,0
0.03526,1,0,DONE,4194304,4194304,4194304,28270287849,-1,0
0.03526,2,0,INJECTING,3649968,3629024,4194304,6493844809,-1,0
0.03526,3,0,INJECTING,3884160,3863216,4194304,6489529551,-1,0
0.03528,0,0,INJECTING,732261799,732261799,5027229095,4001537093,-1,0
0.03528,1,0,DONE,4194304,4194304,4194304,28270287849,-1,0
0.03528,2,0,INJECTING,3665200,3644256,4194304,6587273469,-1,0
0.03528,3,0,INJECTING,3899392,3879400,4194304,6583799686,-1,0
0.0353,0,0,INJECTING,732261799,732261799,5027229095,4001537093,-1,0
0.0353,1,0,DONE,4194304,4194304,4194304,28270287849,-1,0
0.0353,2,0,INJECTING,3681384,3660440,4194304,6810999749,-1,0
0.0353,3,0,INJECTING,3915576,3894632,4194304,6809540982,-1,0
0.03532,0,0,INJECTING,732261799,732261799,5027229095,4001537093,-1,0
0.03532,1,0,DONE,4194304,4194304,4194304,28270287849,-1,0
0.03532,2,0,INJECTING,3697568,3675672,4194304,6904950559,-1,0
0.03532,3,0,INJECTING,3932712,3910816,4194304,6904337969,-1,0
0.03534,0,0,INJECTING,732261799,732261799,5027229095,4001537093,-1,0
0.03534,1,0,DONE,4194304,4194304,4194304,28270287849,-1,0
0.03534,2,0,INJECTING,3714704,3691856,4194304,6904950559,-1,0
0.03534,3,0,INJECTING,3948896,3926048,4194304,6904337969,-1,0
0.03536,0,0,INJECTING,732261799,732261799,5027229095,4001537093,-1,0
0.03536,1,0,DONE,4194304,4194304,4194304,28270287849,-1,0
0.03536,2,0,INJECTING,3730888,3707088,4194304,6904950559,-1,0
0.03536,3,0,INJECTING,3965080,3942232,4194304,6904337969,-1,0
0.03538,0,0,INJECTING,732261799,732261799,5027229095,4001537093,-1,0
0.03538,1,0,DONE,4194304,4194304,4194304,28270287849,-1,0
0.03538,2,0,INJECTING,3747072,3723272,4194304,6904950559,-1,0
0.03538,3,0,INJECTING,3981264,3957464,4194304,6904337969,-1,0
0.0354,0,0,INJECTING,732261799,732261799,5027229095,4001537093,-1,0
0.0354,1,0,DONE,4194304,4194304,4194304,28270287849,-1,0
0.0354,2,0,INJECTING,3763256,3738504,4194304,6904950559,-1,0
0.0354,3,0,INJECTING,3998400,3973648,4194304,6904337969,-1,0
0.03542,0,0,INJECTING,732261799,732261799,5027229095,4001075965,-1,0
0.03542,1,0,DONE,4194304,4194304,4194304,28270287849,-1,0
0.03542,2,0,INJECTING,3780392,3754688,4194304,6865329016,-1,0
0.03542,3,0,INJECTING,4014584,3988880,4194304,6864900203,-1,0
0.03544,0,0,INJECTING,732261799,732261799,5027229095,4001075965,-1,0
0.03544,1,0,DONE,4194304,4194304,4194304,28270287849,-1,0
0.03544,2,0,INJECTING,3796576,3770872,4194304,6837593936,-1,0
0.03544,3,0,INJECTING,4030768,4005064,4194304,6837293767,-1,0
0.03546,0,0,INJECTING,732261799,732261799,5027229095,4001075965,-1,0
0.03546,1,0,DONE,4194304,4194304,4194304,28270287849,-1,0
0.03546,2,0,INJECTING,3812760,3787056,4194304,6837593936,-1,0
0.03546,3,0,INJECTING,4046952,4021248,4194304,6837293767,-1,0
0.03548,0,0,INJECTING,732261799,732261799,5027229095,4001075965,-1,0
0.03548,1,0,DONE,4194304,4194304,4194304,28270287849,-1,0
0.03548,2,0,INJECTING,3828944,3802288,4194304,6837593936,-1,0
0.03548,3,0,INJECTING,4063136,4036480,4194304,6837293767,-1,0
0.0355,0,0,INJECTING,732261799,732261799,5027229095,4000753175,-1,0
0.0355,1,0,DONE,4194304,4194304,4194304,28270287849,-1,0
0.0355,2,0,INJECTING,3845128,3818472,4194304,6847745515,-1,0
0.0355,3,0,INJECTING,4079320,4053616,4194304,6847503879,-1,0
0.03552,0,0,INJECTING,732261799,732261799,5027229095,4000753175,-1,0
0.03552,1,0,DONE,4194304,4194304,4194304,28270287849,-1,0
0.03552,2,0,INJECTING,3861312,3834656,4194304,6847745515,-1,0
0.03552,3,0,INJECTING,4095504,4069800,4194304,6847503879,-1,0
0.03554,0,0,INJECTING,732261799,732261799,5027229095,4000527222,-1,0
0.03554,1,0,DONE,4194304,4194304,4194304,28270287849,-1,0
0.03554,2,0,INJECTING,3877496,3851792,4194304,6942167964,-1,0
0.03554,3,0,INJECTING,4112640,4085984,4194304,6942066493,-1,0
0.03556,0,0,INJECTING,732261799,732261799,5027229095,4000527222,-1,0
0.03556,1,0,DONE,4194304,4194304,4194304,28270287849,-1,0
0.03556,2,0,INJECTING,3894632,3867976,4194304,6942167964,-1,0
0.03556,3,0,INJECTING,4128824,4102168,4194304,6942066493,-1,0
0.03558,0,0,INJECTING,732261799,732261799,5027229095,4000527222,-1,0
0.03558,1,0,DONE,4194304,4194304,4194304,28270287849,-1,0
0.03558,2,0,INJECTING,3910816,3885112,4194304,6942167964,-1,0
0.03558,3,0,INJECTING,4145008,4119304,4194304,6942066493,-1,0
0.0356,0,0,INJECTING,732261799,732261799,5027229095,4000369055,-1,0
0.0356,1,0,DONE,4194304,4194304,4194304,28270287849,-1,0
0.0356,2,0,INJECTING,3927952,3901296,4194304,7034748436,-1,0
0.0356,3,0,INJECTING,4162144,4135488,4194304,7034695502,-1,0
0.03562,0,0,INJECTING,732261799,732261799,5027229095,4000258338,-1,0
0.03562,1,0,DONE,4194304,4194304,4194304,28270287849,-1,0
0.03562,2,0,INJECTING,3944136,3918432,4194304,7161806154,-1,0
0.03562,3,0,INJECTING,4179280,4152624,4194304,7161778540,-1,0
0.03564,0,0,INJECTING,732261799,732261799,5027229095,4000258338,-1,0
0.03564,1,0,DONE,4194304,4194304,4194304,28270287849,-1,0
0.03564,2,0,INJECTING,3962224,3936520,4194304,7380963340,-1,0
0.03564,3,0,WAIT_ACK,4194304,4170712,4194304,7380951743,-1,0
0.03566,0,0,INJECTING,732261799,732261799,5027229095,4000258338,-1,0
0.03566,1,0,DONE,4194304,4194304,4194304,28270287849,-1,0
0.03566,2,0,INJECTING,3979360,3953656,4194304,7472995420,-1,0
0.03566,3,0,WAIT_ACK,4194304,4188800,4194304,7472990551,-1,0
0.03568,0,0,INJECTING,732261799,732261799,5027229095,4000180836,-1,0
0.03568,1,0,DONE,4194304,4194304,4194304,28270287849,-1,0
0.03568,2,0,INJECTING,3997448,3971744,4194304,7547480181,-1,0
0.03568,3,0,DONE,4194304,4194304,4194304,7472990551,-1,0
0.0357,0,0,INJECTING,732261799,732261799,5027229095,4000088609,-1,0
0.0357,1,0,DONE,4194304,4194304,4194304,28270287849,-1,0
0.0357,2,0,INJECTING,4015536,3990784,4194304,7729660412,-1,0
0.0357,3,0,DONE,4194304,4194304,4194304,7472990551,-1,0
0.03572,0,0,INJECTING,732261799,732261799,5027229095,4000088609,-1,0
0.03572,1,0,DONE,4194304,4194304,4194304,28270287849,-1,0
0.03572,2,0,INJECTING,4034576,4009824,4194304,7881833909,-1,0
0.03572,3,0,DONE,4194304,4194304,4194304,7472990551,-1,0
0.03574,0,0,INJECTING,732261799,732261799,5027229095,4000088609,-1,0
0.03574,1,0,DONE,4194304,4194304,4194304,28270287849,-1,0
0.03574,2,0,INJECTING,4053616,4027912,4194304,7920609529,-1,0
0.03574,3,0,DONE,4194304,4194304,4194304,7472990551,-1,0
0.03576,0,0,INJECTING,732261799,732261799,5027229095,4000088609,-1,0
0.03576,1,0,DONE,4194304,4194304,4194304,28270287849,-1,0
0.03576,2,0,INJECTING,4071704,4046952,4194304,7920609529,-1,0
0.03576,3,0,DONE,4194304,4194304,4194304,7472990551,-1,0
0.03578,0,0,INJECTING,732261799,732261799,5027229095,4000088609,-1,0
0.03578,1,0,DONE,4194304,4194304,4194304,28270287849,-1,0
0.03578,2,0,INJECTING,4090744,4065992,4194304,7920609529,-1,0
0.03578,3,0,DONE,4194304,4194304,4194304,7472990551,-1,0
0.0358,0,0,INJECTING,732261799,732261799,5027229095,4000062026,-1,0
0.0358,1,0,DONE,4194304,4194304,4194304,28270287849,-1,0
0.0358,2,0,INJECTING,4109784,4085032,4194304,8032776560,-1,0
0.0358,3,0,DONE,4194304,4194304,4194304,7472990551,-1,0
0.03582,0,0,INJECTING,732261799,732261799,5027229095,4000030392,-1,0
0.03582,1,0,DONE,4194304,4194304,4194304,28270287849,-1,0
0.03582,2,0,INJECTING,4129776,4105024,4194304,8582132426,-1,0
0.03582,3,0,DONE,4194304,4194304,4194304,7472990551,-1,0
0.03584,0,0,INJECTING,732261799,732261799,5027229095,4000021274,-1,0
0.03584,1,0,DONE,4194304,4194304,4194304,28270287849,-1,0
0.03584,2,0,INJECTING,4150720,4125016,4194304,8870133503,-1,0
0.03584,3,0,DONE,4194304,4194304,4194304,7472990551,-1,0
0.03586,0,0,INJECTING,732261799,732261799,5027229095,4000021274,-1,0
0.03586,1,0,DONE,4194304,4194304,4194304,28270287849,-1,0
0.03586,2,0,INJECTING,4172616,4145960,4194304,9066521043,-1,0
0.03586,3,0,DONE,4194304,4194304,4194304,7472990551,-1,0
0.03588,0,0,INJECTING,732261799,732261799,5027229095,4000007296,-1,0
0.03588,1,0,DONE,4194304,4194304,4194304,28270287849,-1,0
0.03588,2,0,WAIT_ACK,4194304,4167856,4194304,9401359070,-1,0
0.03588,3,0,DONE,4194304,4194304,4194304,7472990551,-1,0
0.0359,0,0,INJECTING,732261799,732261799,5027229095,4000005107,-1,0
0.0359,1,0,DONE,4194304,4194304,4194304,28270287849,-1,0
0.0359,2,0,WAIT_ACK,4194304,4190704,4194304,9765984199,-1,0
0.0359,3,0,DONE,4194304,4194304,4194304,7472990551,-1,0
0.03592,0,0,INJECTING,732261799,732261799,5027229095,4000002501,-1,0
0.03592,1,0,DONE,4194304,4194304,4194304,28270287849,-1,0
0.03592,2,0,DONE,4194304,4194304,4194304,10035354119,-1,0
0.03592,3,0,DONE,4194304,4194304,4194304,7472990551,-1,0
0.03594,0,0,INJECTING,732261799,732261799,5027229095,4000001225,-1,0
0.03594,1,0,DONE,4194304,4194304,4194304,28270287849,-1,0
0.03594,2,0,DONE,4194304,4194304,4194304,10035354119,-1,0
0.03594,3,0,DONE,4194304,4194304,4194304,7472990551,-1,0
0.03596,0,0,INJECTING,732261799,732261799,5027229095,4000000293,-1,0
0.03596,1,0,DONE,4194304,4194304,4194304,28270287849,-1,0
0.03596,2,0,DONE,4194304,4194304,4194304,10035354119,-1,0
0.03596,3,0,DONE,4194304,4194304,4194304,7472990551,-1,0
0.03598,0,0,INJECTING,732261799,732261799,5027229095,4000000070,-1,0
0.03598,1,0,DONE,4194304,4194304,4194304,28270287849,-1,0
0.03598,2,0,DONE,4194304,4194304,4194304,10035354119,-1,0
0.03598,3,0,DONE,4194304,4194304,4194304,7472990551,-1,0
0.036,0,0,INJECTING,732261799,732261799,5027229095,253436219510,-1,0
0.036,1,0,DONE,4194304,4194304,4194304,28270287849,-1,0
0.036,2,0,DONE,4194304,4194304,4194304,10035354119,-1,0
0.036,3,0,DONE,4194304,4194304,4194304,7472990551,-1,0
0.03602,0,0,INJECTING,732261799,732261799,5027229095,311657315062,-1,0
0.03602,1,0,DONE,4194304,4194304,4194304,28270287849,-1,0
0.03602,2,0,DONE,4194304,4194304,4194304,10035354119,-1,0
0.03602,3,0,DONE,4194304,4194304,4194304,7472990551,-1,0
0.03604,0,0,INJECTING,732261799,732261799,5027229095,317046480964,-1,0
0.03604,1,0,DONE,4194304,4194304,4194304,28270287849,-1,0
0.03604,2,0,DONE,4194304,4194304,4194304,10035354119,-1,0
0.03604,3,0,DONE,4194304,4194304,4194304,7472990551,-1,0
0.03606,0,0,INJECTING,732261799,732261799,5027229095,317046480964,-1,0
0.03606,1,0,DONE,4194304,4194304,4194304,28270287849,-1,0
0.03606,2,0,DONE,4194304,4194304,4194304,10035354119,-1,0
0.03606,3,0,DONE,4194304,4194304,4194304,7472990551,-1,0
0.03608,0,0,INJECTING,732261799,732261799,5027229095,317046480964,-1,0
0.03608,1,0,DONE,4194304,4194304,4194304,28270287849,-1,0
0.03608,2,0,DONE,4194304,4194304,4194304,10035354119,-1,0
0.03608,3,0,DONE,4194304,4194304,4194304,7472990551,-1,0
0.0361,0,0,INJECTING,732261799,732261799,5027229095,317046480964,-1,0
0.0361,1,0,DONE,4194304,4194304,4194304,28270287849,-1,0
0.0361,2,0,DONE,4194304,4194304,4194304,10035354119,-1,0
0.0361,3,0,DONE,4194304,4194304,4194304,7472990551,-1,0
0.03612,0,0,INJECTING,732261799,732261799,5027229095,317046480964,-1,0
0.03612,1,0,DONE,4194304,4194304,4194304,28270287849,-1,0
0.03612,2,0,DONE,4194304,4194304,4194304,10035354119,-1,0
0.03612,3,0,DONE,4194304,4194304,4194304,7472990551,-1,0
0.03614,0,0,INJECTING,732261799,732261799,5027229095,317046480964,-1,0
0.03614,1,0,DONE,4194304,4194304,4194304,28270287849,-1,0
0.03614,2,0,DONE,4194304,4194304,4194304,10035354119,-1,0
0.03614,3,0,DONE,4194304,4194304,4194304,7472990551,-1,0
0.03616,0,0,INJECTING,732261799,732261799,5027229095,317046480964,-1,0
0.03616,1,0,DONE,4194304,4194304,4194304,28270287849,-1,0
0.03616,2,0,DONE,4194304,4194304,4194304,10035354119,-1,0
0.03616,3,0,DONE,4194304,4194304,4194304,7472990551,-1,0
0.03618,0,0,INJECTING,732261799,732261799,5027229095,317046480964,-1,0
0.03618,1,0,DONE,4194304,4194304,4194304,28270287849,-1,0
0.03618,2,0,DONE,4194304,4194304,4194304,10035354119,-1,0
0.03618,3,0,DONE,4194304,4194304,4194304,7472990551,-1,0
0.0362,0,0,INJECTING,732261799,732261799,5027229095,317046480964,-1,0
0.0362,1,0,DONE,4194304,4194304,4194304,28270287849,-1,0
0.0362,2,0,DONE,4194304,4194304,4194304,10035354119,-1,0
0.0362,3,0,DONE,4194304,4194304,4194304,7472990551,-1,0
0.03622,0,0,INJECTING,732261799,732261799,5027229095,317046480964,-1,0
0.03622,1,0,DONE,4194304,4194304,4194304,28270287849,-1,0
0.03622,2,0,DONE,4194304,4194304,4194304,10035354119,-1,0
0.03622,3,0,DONE,4194304,4194304,4194304,7472990551,-1,0
0.03624,0,0,INJECTING,732261799,732261799,5027229095,317046480964,-1,0
0.03624,1,0,DONE,4194304,4194304,4194304,28270287849,-1,0
0.03624,2,0,DONE,4194304,4194304,4194304,10035354119,-1,0
0.03624,3,0,DONE,4194304,4194304,4194304,7472990551,-1,0
0.03626,0,0,INJECTING,732261799,732261799,5027229095,317046480964,-1,0
0.03626,1,0,DONE,4194304,4194304,4194304,28270287849,-1,0
0.03626,2,0,DONE,4194304,4194304,4194304,10035354119,-1,0
0.03626,3,0,DONE,4194304,4194304,4194304,7472990551,-1,0
0.03628,0,0,INJECTING,732261799,732261799,5027229095,317046480964,-1,0
0.03628,1,0,DONE,4194304,4194304,4194304,28270287849,-1,0
0.03628,2,0,DONE,4194304,4194304,4194304,10035354119,-1,0
0.03628,3,0,DONE,4194304,4194304,4194304,7472990551,-1,0
0.0363,0,0,INJECTING,732261799,732261799,5027229095,317046480964,-1,0
0.0363,1,0,DONE,4194304,4194304,4194304,28270287849,-1,0
0.0363,2,0,DONE,4194304,4194304,4194304,10035354119,-1,0
0.0363,3,0,DONE,4194304,4194304,4194304,7472990551,-1,0
0.03632,0,0,INJECTING,732261799,732261799,5027229095,317046480964,-1,0
0.03632,1,0,DONE,4194304,4194304,4194304,28270287849,-1,0
0.03632,2,0,DONE,4194304,4194304,4194304,10035354119,-1,0
0.03632,3,0,DONE,4194304,4194304,4194304,7472990551,-1,0
0.03634,0,0,INJECTING,732261799,732261799,5027229095,317046480964,-1,0
0.03634,1,0,DONE,4194304,4194304,4194304,28270287849,-1,0
0.03634,2,0,DONE,4194304,4194304,4194304,10035354119,-1,0
0.03634,3,0,DONE,4194304,4194304,4194304,7472990551,-1,0
0.03636,0,0,INJECTING,732261799,732261799,5027229095,317046480964,-1,0
0.03636,1,0,DONE,4194304,4194304,4194304,28270287849,-1,0
0.03636,2,0,DONE,4194304,4194304,4194304,10035354119,-1,0
0.03636,3,0,DONE,4194304,4194304,4194304,7472990551,-1,0
0.03638,0,0,INJECTING,732261799,732261799,5027229095,317046480964,-1,0
0.03638,1,0,DONE,4194304,4194304,4194304,28270287849,-1,0
0.03638,2,0,DONE,4194304,4194304,4194304,10035354119,-1,0
0.03638,3,0,DONE,4194304,4194304,4194304,7472990551,-1,0
0.0364,0,0,INJECTING,732261799,732261799,5027229095,317046480964,-1,0
0.0364,1,0,DONE,4194304,4194304,4194304,28270287849,-1,0
0.0364,2,0,DONE,4194304,4194304,4194304,10035354119,-1,0
0.0364,3,0,DONE,4194304,4194304,4194304,7472990551,-1,0
0.03642,0,0,INJECTING,732261799,732261799,5027229095,317046480964,-1,0
0.03642,1,0,DONE,4194304,4194304,4194304,28270287849,-1,0
0.03642,2,0,DONE,4194304,4194304,4194304,10035354119,-1,0
0.03642,3,0,DONE,4194304,4194304,4194304,7472990551,-1,0
0.03644,0,0,INJECTING,732261799,732261799,5027229095,317046480964,-1,0
0.03644,1,0,DONE,4194304,4194304,4194304,28270287849,-1,0
0.03644,2,0,DONE,4194304,4194304,4194304,10035354119,-1,0
0.03644,3,0,DONE,4194304,4194304,4194304,7472990551,-1,0
0.03646,0,0,INJECTING,732261799,732261799,5027229095,317046480964,-1,0
0.03646,1,0,DONE,4194304,4194304,4194304,28270287849,-1,0
0.03646,2,0,DONE,4194304,4194304,4194304,10035354119,-1,0
0.03646,3,0,DONE,4194304,4194304,4194304,7472990551,-1,0
0.03648,0,0,INJECTING,732261799,732261799,5027229095,317046480964,-1,0
0.03648,1,0,DONE,4194304,4194304,4194304,28270287849,-1,0
0.03648,2,0,DONE,4194304,4194304,4194304,10035354119,-1,0
0.03648,3,0,DONE,4194304,4194304,4194304,7472990551,-1,0
0.0365,0,0,INJECTING,732261799,732261799,5027229095,317046480964,-1,0
0.0365,1,0,DONE,4194304,4194304,4194304,28270287849,-1,0
0.0365,2,0,DONE,4194304,4194304,4194304,10035354119,-1,0
0.0365,3,0,DONE,4194304,4194304,4194304,7472990551,-1,0
0.03652,0,0,INJECTING,732261799,732261799,5027229095,317046480964,-1,0
0.03652,1,0,DONE,4194304,4194304,4194304,28270287849,-1,0
0.03652,2,0,DONE,4194304,4194304,4194304,10035354119,-1,0
0.03652,3,0,DONE,4194304,4194304,4194304,7472990551,-1,0
0.03654,0,0,INJECTING,732261799,732261799,5027229095,317046480964,-1,0
0.03654,1,0,DONE,4194304,4194304,4194304,28270287849,-1,0
0.03654,2,0,DONE,4194304,4194304,4194304,10035354119,-1,0
0.03654,3,0,DONE,4194304,4194304,4194304,7472990551,-1,0
0.03656,0,0,INJECTING,732261799,732261799,5027229095,317046480964,-1,0
0.03656,1,0,DONE,4194304,4194304,4194304,28270287849,-1,0
0.03656,2,0,DONE,4194304,4194304,4194304,10035354119,-1,0
0.03656,3,0,DONE,4194304,4194304,4194304,7472990551,-1,0
0.03658,0,0,INJECTING,732261799,732261799,5027229095,317046480964,-1,0
0.03658,1,0,DONE,4194304,4194304,4194304,28270287849,-1,0
0.03658,2,0,DONE,4194304,4194304,4194304,10035354119,-1,0
0.03658,3,0,DONE,4194304,4194304,4194304,7472990551,-1,0
0.0366,0,0,INJECTING,732261799,732261799,5027229095,317046480964,-1,0
0.0366,1,0,DONE,4194304,4194304,4194304,28270287849,-1,0
0.0366,2,0,DONE,4194304,4194304,4194304,10035354119,-1,0
0.0366,3,0,DONE,4194304,4194304,4194304,7472990551,-1,0
0.03662,0,0,INJECTING,732261799,732261799,5027229095,317046480964,-1,0
0.03662,1,0,DONE,4194304,4194304,4194304,28270287849,-1,0
0.03662,2,0,DONE,4194304,4194304,4194304,10035354119,-1,0
0.03662,3,0,DONE,4194304,4194304,4194304,7472990551,-1,0
0.03664,0,0,INJECTING,732261799,732261799,5027229095,317046480964,-1,0
0.03664,1,0,DONE,4194304,4194304,4194304,28270287849,-1,0
0.03664,2,0,DONE,4194304,4194304,4194304,10035354119,-1,0
0.03664,3,0,DONE,4194304,4194304,4194304,7472990551,-1,0
0.03666,0,0,INJECTING,732261799,732261799,5027229095,317046480964,-1,0
0.03666,1,0,DONE,4194304,4194304,4194304,28270287849,-1,0
0.03666,2,0,DONE,4194304,4194304,4194304,10035354119,-1,0
0.03666,3,0,DONE,4194304,4194304,4194304,7472990551,-1,0
0.03668,0,0,INJECTING,732261799,732261799,5027229095,317046480964,-1,0
0.03668,1,0,DONE,4194304,4194304,4194304,28270287849,-1,0
0.03668,2,0,DONE,4194304,4194304,4194304,10035354119,-1,0
0.03668,3,0,DONE,4194304,4194304,4194304,7472990551,-1,0
0.0367,0,0,INJECTING,732261799,732261799,5027229095,317046480964,-1,0
0.0367,1,0,DONE,4194304,4194304,4194304,28270287849,-1,0
0.0367,2,0,DONE,4194304,4194304,4194304,10035354119,-1,0
0.0367,3,0,DONE,4194304,4194304,4194304,7472990551,-1,0
0.03672,0,0,INJECTING,732261799,732261799,5027229095,317046480964,-1,0
0.03672,1,0,DONE,4194304,4194304,4194304,28270287849,-1,0
0.03672,2,0,DONE,4194304,4194304,4194304,10035354119,-1,0
0.03672,3,0,DONE,4194304,4194304,4194304,7472990551,-1,0
0.03674,0,0,INJECTING,732261799,732261799,5027229095,317046480964,-1,0
0.03674,1,0,DONE,4194304,4194304,4194304,28270287849,-1,0
0.03674,2,0,DONE,4194304,4194304,4194304,10035354119,-1,0
0.03674,3,0,DONE,4194304,4194304,4194304,7472990551,-1,0
0.03676,0,0,INJECTING,732261799,732261799,5027229095,317046480964,-1,0
0.03676,1,0,DONE,4194304,4194304,4194304,28270287849,-1,0
0.03676,2,0,DONE,4194304,4194304,4194304,10035354119,-1,0
0.03676,3,0,DONE,4194304,4194304,4194304,7472990551,-1,0
0.03678,0,0,INJECTING,732261799,732261799,5027229095,317046480964,-1,0
0.03678,1,0,DONE,4194304,4194304,4194304,28270287849,-1,0
0.03678,2,0,DONE,4194304,4194304,4194304,10035354119,-1,0
0.03678,3,0,DONE,4194304,4194304,4194304,7472990551,-1,0
0.0368,0,0,INJECTING,732261799,732261799,5027229095,317046480964,-1,0
0.0368,1,0,DONE,4194304,4194304,4194304,28270287849,-1,0
0.0368,2,0,DONE,4194304,4194304,4194304,10035354119,-1,0
0.0368,3,0,DONE,4194304,4194304,4194304,7472990551,-1,0
0.03682,0,0,INJECTING,732261799,732261799,5027229095,317046480964,-1,0
0.03682,1,0,DONE,4194304,4194304,4194304,28270287849,-1,0
0.03682,2,0,DONE,4194304,4194304,4194304,10035354119,-1,0
0.03682,3,0,DONE,4194304,4194304,4194304,7472990551,-1,0
0.03684,0,0,INJECTING,732261799,732261799,5027229095,317046480964,-1,0
0.03684,1,0,DONE,4194304,4194304,4194304,28270287849,-1,0
0.03684,2,0,DONE,4194304,4194304,4194304,10035354119,-1,0
0.03684,3,0,DONE,4194304,4194304,4194304,7472990551,-1,0
0.03686,0,0,INJECTING,732261799,732261799,5027229095,317046480964,-1,0
0.03686,1,0,DONE,4194304,4194304,4194304,28270287849,-1,0
0.03686,2,0,DONE,4194304,4194304,4194304,10035354119,-1,0
0.03686,3,0,DONE,4194304,4194304,4194304,7472990551,-1,0
0.03688,0,0,INJECTING,732261799,732261799,5027229095,317046480964,-1,0
0.03688,1,0,DONE,4194304,4194304,4194304,28270287849,-1,0
0.03688,2,0,DONE,4194304,4194304,4194304,10035354119,-1,0
0.03688,3,0,DONE,4194304,4194304,4194304,7472990551,-1,0
0.0369,0,0,INJECTING,732261799,732261799,5027229095,317046480964,-1,0
0.0369,1,0,DONE,4194304,4194304,4194304,28270287849,-1,0
0.0369,2,0,DONE,4194304,4194304,4194304,10035354119,-1,0
0.0369,3,0,DONE,4194304,4194304,4194304,7472990551,-1,0
0.03692,0,0,INJECTING,732261799,732261799,5027229095,317046480964,-1,0
0.03692,1,0,DONE,4194304,4194304,4194304,28270287849,-1,0
0.03692,2,0,DONE,4194304,4194304,4194304,10035354119,-1,0
0.03692,3,0,DONE,4194304,4194304,4194304,7472990551,-1,0
0.03694,0,0,INJECTING,732261799,732261799,5027229095,317046480964,-1,0
0.03694,1,0,DONE,4194304,4194304,4194304,28270287849,-1,0
0.03694,2,0,DONE,4194304,4194304,4194304,10035354119,-1,0
0.03694,3,0,DONE,4194304,4194304,4194304,7472990551,-1,0
0.03696,0,0,INJECTING,732261799,732261799,5027229095,317046480964,-1,0
0.03696,1,0,DONE,4194304,4194304,4194304,28270287849,-1,0
0.03696,2,0,DONE,4194304,4194304,4194304,10035354119,-1,0
0.03696,3,0,DONE,4194304,4194304,4194304,7472990551,-1,0
0.03698,0,0,INJECTING,732261799,732261799,5027229095,317046480964,-1,0
0.03698,1,0,DONE,4194304,4194304,4194304,28270287849,-1,0
0.03698,2,0,DONE,4194304,4194304,4194304,10035354119,-1,0
0.03698,3,0,DONE,4194304,4194304,4194304,7472990551,-1,0
0.037,0,0,INJECTING,732261799,732261799,5027229095,317046480964,-1,0
0.037,1,0,DONE,4194304,4194304,4194304,28270287849,-1,0
0.037,2,0,DONE,4194304,4194304,4194304,10035354119,-1,0
0.037,3,0,DONE,4194304,4194304,4194304,7472990551,-1,0
0.03702,0,0,INJECTING,732261799,732261799,5027229095,317046480964,-1,0
0.03702,1,0,DONE,4194304,4194304,4194304,28270287849,-1,0
0.03702,2,0,DONE,4194304,4194304,4194304,10035354119,-1,0
0.03702,3,0,DONE,4194304,4194304,4194304,7472990551,-1,0
0.03704,0,0,INJECTING,732261799,732261799,5027229095,317046480964,-1,0
0.03704,1,0,DONE,4194304,4194304,4194304,28270287849,-1,0
0.03704,2,0,DONE,4194304,4194304,4194304,10035354119,-1,0
0.03704,3,0,DONE,4194304,4194304,4194304,7472990551,-1,0
0.03706,0,0,INJECTING,732261799,732261799,5027229095,317046480964,-1,0
0.03706,1,0,DONE,4194304,4194304,4194304,28270287849,-1,0
0.03706,2,0,DONE,4194304,4194304,4194304,10035354119,-1,0
0.03706,3,0,DONE,4194304,4194304,4194304,7472990551,-1,0
0.03708,0,0,INJECTING,732261799,732261799,5027229095,317046480964,-1,0
0.03708,1,0,DONE,4194304,4194304,4194304,28270287849,-1,0
0.03708,2,0,DONE,4194304,4194304,4194304,10035354119,-1,0
0.03708,3,0,DONE,4194304,4194304,4194304,7472990551,-1,0
0.0371,0,0,INJECTING,732261799,732261799,5027229095,317046480964,-1,0
0.0371,1,0,DONE,4194304,4194304,4194304,28270287849,-1,0
0.0371,2,0,DONE,4194304,4194304,4194304,10035354119,-1,0
0.0371,3,0,DONE,4194304,4194304,4194304,7472990551,-1,0
0.03712,0,0,INJECTING,732261799,732261799,5027229095,317046480964,-1,0
0.03712,1,0,DONE,4194304,4194304,4194304,28270287849,-1,0
0.03712,2,0,DONE,4194304,4194304,4194304,10035354119,-1,0
0.03712,3,0,DONE,4194304,4194304,4194304,7472990551,-1,0
0.03714,0,0,INJECTING,732261799,732261799,5027229095,317046480964,-1,0
0.03714,1,0,DONE,4194304,4194304,4194304,28270287849,-1,0
0.03714,2,0,DONE,4194304,4194304,4194304,10035354119,-1,0
0.03714,3,0,DONE,4194304,4194304,4194304,7472990551,-1,0
0.03716,0,0,INJECTING,732261799,732261799,5027229095,317046480964,-1,0
0.03716,1,0,DONE,4194304,4194304,4194304,28270287849,-1,0
0.03716,2,0,DONE,4194304,4194304,4194304,10035354119,-1,0
0.03716,3,0,DONE,4194304,4194304,4194304,7472990551,-1,0
0.03718,0,0,INJECTING,732261799,732261799,5027229095,317046480964,-1,0
0.03718,1,0,DONE,4194304,4194304,4194304,28270287849,-1,0
0.03718,2,0,DONE,4194304,4194304,4194304,10035354119,-1,0
0.03718,3,0,DONE,4194304,4194304,4194304,7472990551,-1,0
0.0372,0,0,INJECTING,732261799,732261799,5027229095,317046480964,-1,0
0.0372,1,0,DONE,4194304,4194304,4194304,28270287849,-1,0
0.0372,2,0,DONE,4194304,4194304,4194304,10035354119,-1,0
0.0372,3,0,DONE,4194304,4194304,4194304,7472990551,-1,0
0.03722,0,0,INJECTING,732261799,732261799,5027229095,317046480964,-1,0
0.03722,1,0,DONE,4194304,4194304,4194304,28270287849,-1,0
0.03722,2,0,DONE,4194304,4194304,4194304,10035354119,-1,0
0.03722,3,0,DONE,4194304,4194304,4194304,7472990551,-1,0
0.03724,0,0,INJECTING,732261799,732261799,5027229095,317046480964,-1,0
0.03724,1,0,DONE,4194304,4194304,4194304,28270287849,-1,0
0.03724,2,0,DONE,4194304,4194304,4194304,10035354119,-1,0
0.03724,3,0,DONE,4194304,4194304,4194304,7472990551,-1,0
0.03726,0,0,INJECTING,732261799,732261799,5027229095,317046480964,-1,0
0.03726,1,0,DONE,4194304,4194304,4194304,28270287849,-1,0
0.03726,2,0,DONE,4194304,4194304,4194304,10035354119,-1,0
0.03726,3,0,DONE,4194304,4194304,4194304,7472990551,-1,0
0.03728,0,0,INJECTING,732261799,732261799,5027229095,317046480964,-1,0
0.03728,1,0,DONE,4194304,4194304,4194304,28270287849,-1,0
0.03728,2,0,DONE,4194304,4194304,4194304,10035354119,-1,0
0.03728,3,0,DONE,4194304,4194304,4194304,7472990551,-1,0
0.0373,0,0,INJECTING,732261799,732261799,5027229095,317046480964,-1,0
0.0373,1,0,DONE,4194304,4194304,4194304,28270287849,-1,0
0.0373,2,0,DONE,4194304,4194304,4194304,10035354119,-1,0
0.0373,3,0,DONE,4194304,4194304,4194304,7472990551,-1,0
0.03732,0,0,INJECTING,732261799,732261799,5027229095,317046480964,-1,0
0.03732,1,0,DONE,4194304,4194304,4194304,28270287849,-1,0
0.03732,2,0,DONE,4194304,4194304,4194304,10035354119,-1,0
0.03732,3,0,DONE,4194304,4194304,4194304,7472990551,-1,0
0.03734,0,0,INJECTING,732261799,732261799,5027229095,317046480964,-1,0
0.03734,1,0,DONE,4194304,4194304,4194304,28270287849,-1,0
0.03734,2,0,DONE,4194304,4194304,4194304,10035354119,-1,0
0.03734,3,0,DONE,4194304,4194304,4194304,7472990551,-1,0
0.03736,0,0,INJECTING,732261799,732261799,5027229095,317046480964,-1,0
0.03736,1,0,DONE,4194304,4194304,4194304,28270287849,-1,0
0.03736,2,0,DONE,4194304,4194304,4194304,10035354119,-1,0
0.03736,3,0,DONE,4194304,4194304,4194304,7472990551,-1,0
0.03738,0,0,INJECTING,732261799,732261799,5027229095,317046480964,-1,0
0.03738,1,0,DONE,4194304,4194304,4194304,28270287849,-1,0
0.03738,2,0,DONE,4194304,4194304,4194304,10035354119,-1,0
0.03738,3,0,DONE,4194304,4194304,4194304,7472990551,-1,0
0.0374,0,0,INJECTING,732261799,732261799,5027229095,317046480964,-1,0
0.0374,1,0,DONE,4194304,4194304,4194304,28270287849,-1,0
0.0374,2,0,DONE,4194304,4194304,4194304,10035354119,-1,0
0.0374,3,0,DONE,4194304,4194304,4194304,7472990551,-1,0
0.03742,0,0,INJECTING,732261799,732261799,5027229095,317046480964,-1,0
0.03742,1,0,DONE,4194304,4194304,4194304,28270287849,-1,0
0.03742,2,0,DONE,4194304,4194304,4194304,10035354119,-1,0
0.03742,3,0,DONE,4194304,4194304,4194304,7472990551,-1,0
0.03744,0,0,INJECTING,732261799,732261799,5027229095,317046480964,-1,0
0.03744,1,0,DONE,4194304,4194304,4194304,28270287849,-1,0
0.03744,2,0,DONE,4194304,4194304,4194304,10035354119,-1,0
0.03744,3,0,DONE,4194304,4194304,4194304,7472990551,-1,0
0.03746,0,0,INJECTING,732261799,732261799,5027229095,317046480964,-1,0
0.03746,1,0,DONE,4194304,4194304,4194304,28270287849,-1,0
0.03746,2,0,DONE,4194304,4194304,4194304,10035354119,-1,0
0.03746,3,0,DONE,4194304,4194304,4194304,7472990551,-1,0
0.03748,0,0,INJECTING,732261799,732261799,5027229095,317046480964,-1,0
0.03748,1,0,DONE,4194304,4194304,4194304,28270287849,-1,0
0.03748,2,0,DONE,4194304,4194304,4194304,10035354119,-1,0
0.03748,3,0,DONE,4194304,4194304,4194304,7472990551,-1,0
0.0375,0,0,INJECTING,732261799,732261799,5027229095,317046480964,-1,0
0.0375,1,0,DONE,4194304,4194304,4194304,28270287849,-1,0
0.0375,2,0,DONE,4194304,4194304,4194304,10035354119,-1,0
0.0375,3,0,DONE,4194304,4194304,4194304,7472990551,-1,0
0.03752,0,0,INJECTING,732261799,732261799,5027229095,317046480964,-1,0
0.03752,1,0,DONE,4194304,4194304,4194304,28270287849,-1,0
0.03752,2,0,DONE,4194304,4194304,4194304,10035354119,-1,0
0.03752,3,0,DONE,4194304,4194304,4194304,7472990551,-1,0
0.03754,0,0,INJECTING,732261799,732261799,5027229095,317046480964,-1,0
0.03754,1,0,DONE,4194304,4194304,4194304,28270287849,-1,0
0.03754,2,0,DONE,4194304,4194304,4194304,10035354119,-1,0
0.03754,3,0,DONE,4194304,4194304,4194304,7472990551,-1,0
0.03756,0,0,INJECTING,732261799,732261799,5027229095,317046480964,-1,0
0.03756,1,0,DONE,4194304,4194304,4194304,28270287849,-1,0
0.03756,2,0,DONE,4194304,4194304,4194304,10035354119,-1,0
0.03756,3,0,DONE,4194304,4194304,4194304,7472990551,-1,0
0.03758,0,0,INJECTING,732261799,732261799,5027229095,317046480964,-1,0
0.03758,1,0,DONE,4194304,4194304,4194304,28270287849,-1,0
0.03758,2,0,DONE,4194304,4194304,4194304,10035354119,-1,0
0.03758,3,0,DONE,4194304,4194304,4194304,7472990551,-1,0
0.0376,0,0,INJECTING,732261799,732261799,5027229095,317046480964,-1,0
0.0376,1,0,DONE,4194304,4194304,4194304,28270287849,-1,0
0.0376,2,0,DONE,4194304,4194304,4194304,10035354119,-1,0
0.0376,3,0,DONE,4194304,4194304,4194304,7472990551,-1,0
0.03762,0,0,INJECTING,732261799,732261799,5027229095,317046480964,-1,0
0.03762,1,0,DONE,4194304,4194304,4194304,28270287849,-1,0
0.03762,2,0,DONE,4194304,4194304,4194304,10035354119,-1,0
0.03762,3,0,DONE,4194304,4194304,4194304,7472990551,-1,0
0.03764,0,0,INJECTING,732261799,732261799,5027229095,317046480964,-1,0
0.03764,1,0,DONE,4194304,4194304,4194304,28270287849,-1,0
0.03764,2,0,DONE,4194304,4194304,4194304,10035354119,-1,0
0.03764,3,0,DONE,4194304,4194304,4194304,7472990551,-1,0
0.03766,0,0,INJECTING,732261799,732261799,5027229095,317046480964,-1,0
0.03766,1,0,DONE,4194304,4194304,4194304,28270287849,-1,0
0.03766,2,0,DONE,4194304,4194304,4194304,10035354119,-1,0
0.03766,3,0,DONE,4194304,4194304,4194304,7472990551,-1,0
0.03768,0,0,INJECTING,732261799,732261799,5027229095,317046480964,-1,0
0.03768,1,0,DONE,4194304,4194304,4194304,28270287849,-1,0
0.03768,2,0,DONE,4194304,4194304,4194304,10035354119,-1,0
0.03768,3,0,DONE,4194304,4194304,4194304,7472990551,-1,0
0.0377,0,0,INJECTING,732261799,732261799,5027229095,317046480964,-1,0
0.0377,1,0,DONE,4194304,4194304,4194304,28270287849,-1,0
0.0377,2,0,DONE,4194304,4194304,4194304,10035354119,-1,0
0.0377,3,0,DONE,4194304,4194304,4194304,7472990551,-1,0
0.03772,0,0,INJECTING,732261799,732261799,5027229095,317046480964,-1,0
0.03772,1,0,DONE,4194304,4194304,4194304,28270287849,-1,0
0.03772,2,0,DONE,4194304,4194304,4194304,10035354119,-1,0
0.03772,3,0,DONE,4194304,4194304,4194304,7472990551,-1,0
0.03774,0,0,INJECTING,732261799,732261799,5027229095,317046480964,-1,0
0.03774,1,0,DONE,4194304,4194304,4194304,28270287849,-1,0
0.03774,2,0,DONE,4194304,4194304,4194304,10035354119,-1,0
0.03774,3,0,DONE,4194304,4194304,4194304,7472990551,-1,0
0.03776,0,0,INJECTING,732261799,732261799,5027229095,317046480964,-1,0
0.03776,1,0,DONE,4194304,4194304,4194304,28270287849,-1,0
0.03776,2,0,DONE,4194304,4194304,4194304,10035354119,-1,0
0.03776,3,0,DONE,4194304,4194304,4194304,7472990551,-1,0
0.03778,0,0,INJECTING,732261799,732261799,5027229095,317046480964,-1,0
0.03778,1,0,DONE,4194304,4194304,4194304,28270287849,-1,0
0.03778,2,0,DONE,4194304,4194304,4194304,10035354119,-1,0
0.03778,3,0,DONE,4194304,4194304,4194304,7472990551,-1,0
0.0378,0,0,INJECTING,732261799,732261799,5027229095,317046480964,-1,0
0.0378,1,0,DONE,4194304,4194304,4194304,28270287849,-1,0
0.0378,2,0,DONE,4194304,4194304,4194304,10035354119,-1,0
0.0378,3,0,DONE,4194304,4194304,4194304,7472990551,-1,0
0.03782,0,0,INJECTING,732261799,732261799,5027229095,317046480964,-1,0
0.03782,1,0,DONE,4194304,4194304,4194304,28270287849,-1,0
0.03782,2,0,DONE,4194304,4194304,4194304,10035354119,-1,0
0.03782,3,0,DONE,4194304,4194304,4194304,7472990551,-1,0
0.03784,0,0,INJECTING,732261799,732261799,5027229095,317046480964,-1,0
0.03784,1,0,DONE,4194304,4194304,4194304,28270287849,-1,0
0.03784,2,0,DONE,4194304,4194304,4194304,10035354119,-1,0
0.03784,3,0,DONE,4194304,4194304,4194304,7472990551,-1,0
0.03786,0,0,INJECTING,732261799,732261799,5027229095,317046480964,-1,0
0.03786,1,0,DONE,4194304,4194304,4194304,28270287849,-1,0
0.03786,2,0,DONE,4194304,4194304,4194304,10035354119,-1,0
0.03786,3,0,DONE,4194304,4194304,4194304,7472990551,-1,0
0.03788,0,0,INJECTING,732261799,732261799,5027229095,317046480964,-1,0
0.03788,1,0,DONE,4194304,4194304,4194304,28270287849,-1,0
0.03788,2,0,DONE,4194304,4194304,4194304,10035354119,-1,0
0.03788,3,0,DONE,4194304,4194304,4194304,7472990551,-1,0
0.0379,0,0,INJECTING,732261799,732261799,5027229095,317046480964,-1,0
0.0379,1,0,DONE,4194304,4194304,4194304,28270287849,-1,0
0.0379,2,0,DONE,4194304,4194304,4194304,10035354119,-1,0
0.0379,3,0,DONE,4194304,4194304,4194304,7472990551,-1,0
0.03792,0,0,INJECTING,732261799,732261799,5027229095,317046480964,-1,0
0.03792,1,0,DONE,4194304,4194304,4194304,28270287849,-1,0
0.03792,2,0,DONE,4194304,4194304,4194304,10035354119,-1,0
0.03792,3,0,DONE,4194304,4194304,4194304,7472990551,-1,0
0.03794,0,0,INJECTING,732261799,732261799,5027229095,317046480964,-1,0
0.03794,1,0,DONE,4194304,4194304,4194304,28270287849,-1,0
0.03794,2,0,DONE,4194304,4194304,4194304,10035354119,-1,0
0.03794,3,0,DONE,4194304,4194304,4194304,7472990551,-1,0
0.03796,0,0,INJECTING,732261799,732261799,5027229095,317046480964,-1,0
0.03796,1,0,DONE,4194304,4194304,4194304,28270287849,-1,0
0.03796,2,0,DONE,4194304,4194304,4194304,10035354119,-1,0
0.03796,3,0,DONE,4194304,4194304,4194304,7472990551,-1,0
0.03798,0,0,INJECTING,732261799,732261799,5027229095,317046480964,-1,0
0.03798,1,0,DONE,4194304,4194304,4194304,28270287849,-1,0
0.03798,2,0,DONE,4194304,4194304,4194304,10035354119,-1,0
0.03798,3,0,DONE,4194304,4194304,4194304,7472990551,-1,0
0.038,0,0,INJECTING,732261799,732261799,5027229095,317046480964,-1,0
0.038,1,0,DONE,4194304,4194304,4194304,28270287849,-1,0
0.038,2,0,DONE,4194304,4194304,4194304,10035354119,-1,0
0.038,3,0,DONE,4194304,4194304,4194304,7472990551,-1,0
0.03802,0,0,INJECTING,732261799,732261799,5027229095,317046480964,-1,0
0.03802,1,0,DONE,4194304,4194304,4194304,28270287849,-1,0
0.03802,2,0,DONE,4194304,4194304,4194304,10035354119,-1,0
0.03802,3,0,DONE,4194304,4194304,4194304,7472990551,-1,0
0.03804,0,0,INJECTING,732261799,732261799,5027229095,317046480964,-1,0
0.03804,1,0,DONE,4194304,4194304,4194304,28270287849,-1,0
0.03804,2,0,DONE,4194304,4194304,4194304,10035354119,-1,0
0.03804,3,0,DONE,4194304,4194304,4194304,7472990551,-1,0
0.03806,0,0,INJECTING,732261799,732261799,5027229095,317046480964,-1,0
0.03806,1,0,DONE,4194304,4194304,4194304,28270287849,-1,0
0.03806,2,0,DONE,4194304,4194304,4194304,10035354119,-1,0
0.03806,3,0,DONE,4194304,4194304,4194304,7472990551,-1,0
0.03808,0,0,INJECTING,732261799,732261799,5027229095,317046480964,-1,0
0.03808,1,0,DONE,4194304,4194304,4194304,28270287849,-1,0
0.03808,2,0,DONE,4194304,4194304,4194304,10035354119,-1,0
0.03808,3,0,DONE,4194304,4194304,4194304,7472990551,-1,0
0.0381,0,0,INJECTING,732261799,732261799,5027229095,317046480964,-1,0
0.0381,1,0,DONE,4194304,4194304,4194304,28270287849,-1,0
0.0381,2,0,DONE,4194304,4194304,4194304,10035354119,-1,0
0.0381,3,0,DONE,4194304,4194304,4194304,7472990551,-1,0
0.03812,0,0,INJECTING,732261799,732261799,5027229095,317046480964,-1,0
0.03812,1,0,DONE,4194304,4194304,4194304,28270287849,-1,0
0.03812,2,0,DONE,4194304,4194304,4194304,10035354119,-1,0
0.03812,3,0,DONE,4194304,4194304,4194304,7472990551,-1,0
0.03814,0,0,INJECTING,732261799,732261799,5027229095,317046480964,-1,0
0.03814,1,0,DONE,4194304,4194304,4194304,28270287849,-1,0
0.03814,2,0,DONE,4194304,4194304,4194304,10035354119,-1,0
0.03814,3,0,DONE,4194304,4194304,4194304,7472990551,-1,0
0.03816,0,0,INJECTING,732261799,732261799,5027229095,317046480964,-1,0
0.03816,1,0,DONE,4194304,4194304,4194304,28270287849,-1,0
0.03816,2,0,DONE,4194304,4194304,4194304,10035354119,-1,0
0.03816,3,0,DONE,4194304,4194304,4194304,7472990551,-1,0
0.03818,0,0,INJECTING,732261799,732261799,5027229095,317046480964,-1,0
0.03818,1,0,DONE,4194304,4194304,4194304,28270287849,-1,0
0.03818,2,0,DONE,4194304,4194304,4194304,10035354119,-1,0
0.03818,3,0,DONE,4194304,4194304,4194304,7472990551,-1,0
0.0382,0,0,INJECTING,732261799,732261799,5027229095,317046480964,-1,0
0.0382,1,0,DONE,4194304,4194304,4194304,28270287849,-1,0
0.0382,2,0,DONE,4194304,4194304,4194304,10035354119,-1,0
0.0382,3,0,DONE,4194304,4194304,4194304,7472990551,-1,0
0.03822,0,0,INJECTING,732261799,732261799,5027229095,317046480964,-1,0
0.03822,1,0,DONE,4194304,4194304,4194304,28270287849,-1,0
0.03822,2,0,DONE,4194304,4194304,4194304,10035354119,-1,0
0.03822,3,0,DONE,4194304,4194304,4194304,7472990551,-1,0
0.03824,0,0,INJECTING,732261799,732261799,5027229095,317046480964,-1,0
0.03824,1,0,DONE,4194304,4194304,4194304,28270287849,-1,0
0.03824,2,0,DONE,4194304,4194304,4194304,10035354119,-1,0
0.03824,3,0,DONE,4194304,4194304,4194304,7472990551,-1,0
0.03826,0,0,INJECTING,732261799,732261799,5027229095,317046480964,-1,0
0.03826,1,0,DONE,4194304,4194304,4194304,28270287849,-1,0
0.03826,2,0,DONE,4194304,4194304,4194304,10035354119,-1,0
0.03826,3,0,DONE,4194304,4194304,4194304,7472990551,-1,0
0.03828,0,0,INJECTING,732261799,732261799,5027229095,317046480964,-1,0
0.03828,1,0,DONE,4194304,4194304,4194304,28270287849,-1,0
0.03828,2,0,DONE,4194304,4194304,4194304,10035354119,-1,0
0.03828,3,0,DONE,4194304,4194304,4194304,7472990551,-1,0
0.0383,0,0,INJECTING,732261799,732261799,5027229095,317046480964,-1,0
0.0383,1,0,DONE,4194304,4194304,4194304,28270287849,-1,0
0.0383,2,0,DONE,4194304,4194304,4194304,10035354119,-1,0
0.0383,3,0,DONE,4194304,4194304,4194304,7472990551,-1,0
0.03832,0,0,INJECTING,732261799,732261799,5027229095,317046480964,-1,0
0.03832,1,0,DONE,4194304,4194304,4194304,28270287849,-1,0
0.03832,2,0,DONE,4194304,4194304,4194304,10035354119,-1,0
0.03832,3,0,DONE,4194304,4194304,4194304,7472990551,-1,0
0.03834,0,0,INJECTING,732261799,732261799,5027229095,317046480964,-1,0
0.03834,1,0,DONE,4194304,4194304,4194304,28270287849,-1,0
0.03834,2,0,DONE,4194304,4194304,4194304,10035354119,-1,0
0.03834,3,0,DONE,4194304,4194304,4194304,7472990551,-1,0
0.03836,0,0,INJECTING,732261799,732261799,5027229095,317046480964,-1,0
0.03836,1,0,DONE,4194304,4194304,4194304,28270287849,-1,0
0.03836,2,0,DONE,4194304,4194304,4194304,10035354119,-1,0
0.03836,3,0,DONE,4194304,4194304,4194304,7472990551,-1,0
0.03838,0,0,INJECTING,732261799,732261799,5027229095,317046480964,-1,0
0.03838,1,0,DONE,4194304,4194304,4194304,28270287849,-1,0
0.03838,2,0,DONE,4194304,4194304,4194304,10035354119,-1,0
0.03838,3,0,DONE,4194304,4194304,4194304,7472990551,-1,0
0.0384,0,0,INJECTING,732261799,732261799,5027229095,317046480964,-1,0
0.0384,1,0,DONE,4194304,4194304,4194304,28270287849,-1,0
0.0384,2,0,DONE,4194304,4194304,4194304,10035354119,-1,0
0.0384,3,0,DONE,4194304,4194304,4194304,7472990551,-1,0
0.03842,0,0,INJECTING,732261799,732261799,5027229095,317046480964,-1,0
0.03842,1,0,DONE,4194304,4194304,4194304,28270287849,-1,0
0.03842,2,0,DONE,4194304,4194304,4194304,10035354119,-1,0
0.03842,3,0,DONE,4194304,4194304,4194304,7472990551,-1,0
0.03844,0,0,INJECTING,732261799,732261799,5027229095,317046480964,-1,0
0.03844,1,0,DONE,4194304,4194304,4194304,28270287849,-1,0
0.03844,2,0,DONE,4194304,4194304,4194304,10035354119,-1,0
0.03844,3,0,DONE,4194304,4194304,4194304,7472990551,-1,0
0.03846,0,0,INJECTING,732261799,732261799,5027229095,317046480964,-1,0
0.03846,1,0,DONE,4194304,4194304,4194304,28270287849,-1,0
0.03846,2,0,DONE,4194304,4194304,4194304,10035354119,-1,0
0.03846,3,0,DONE,4194304,4194304,4194304,7472990551,-1,0
0.03848,0,0,INJECTING,732261799,732261799,5027229095,317046480964,-1,0
0.03848,1,0,DONE,4194304,4194304,4194304,28270287849,-1,0
0.03848,2,0,DONE,4194304,4194304,4194304,10035354119,-1,0
0.03848,3,0,DONE,4194304,4194304,4194304,7472990551,-1,0
0.0385,0,0,INJECTING,732261799,732261799,5027229095,317046480964,-1,0
0.0385,1,0,DONE,4194304,4194304,4194304,28270287849,-1,0
0.0385,2,0,DONE,4194304,4194304,4194304,10035354119,-1,0
0.0385,3,0,DONE,4194304,4194304,4194304,7472990551,-1,0
0.03852,0,0,INJECTING,732261799,732261799,5027229095,317046480964,-1,0
0.03852,1,0,DONE,4194304,4194304,4194304,28270287849,-1,0
0.03852,2,0,DONE,4194304,4194304,4194304,10035354119,-1,0
0.03852,3,0,DONE,4194304,4194304,4194304,7472990551,-1,0
0.03854,0,0,INJECTING,732261799,732261799,5027229095,317046480964,-1,0
0.03854,1,0,DONE,4194304,4194304,4194304,28270287849,-1,0
0.03854,2,0,DONE,4194304,4194304,4194304,10035354119,-1,0
0.03854,3,0,DONE,4194304,4194304,4194304,7472990551,-1,0
0.03856,0,0,INJECTING,732261799,732261799,5027229095,317046480964,-1,0
0.03856,1,0,DONE,4194304,4194304,4194304,28270287849,-1,0
0.03856,2,0,DONE,4194304,4194304,4194304,10035354119,-1,0
0.03856,3,0,DONE,4194304,4194304,4194304,7472990551,-1,0
0.03858,0,0,INJECTING,732261799,732261799,5027229095,317046480964,-1,0
0.03858,1,0,DONE,4194304,4194304,4194304,28270287849,-1,0
0.03858,2,0,DONE,4194304,4194304,4194304,10035354119,-1,0
0.03858,3,0,DONE,4194304,4194304,4194304,7472990551,-1,0
0.0386,0,0,INJECTING,732261799,732261799,5027229095,317046480964,-1,0
0.0386,1,0,DONE,4194304,4194304,4194304,28270287849,-1,0
0.0386,2,0,DONE,4194304,4194304,4194304,10035354119,-1,0
0.0386,3,0,DONE,4194304,4194304,4194304,7472990551,-1,0
0.03862,0,0,INJECTING,732261799,732261799,5027229095,317046480964,-1,0
0.03862,1,0,DONE,4194304,4194304,4194304,28270287849,-1,0
0.03862,2,0,DONE,4194304,4194304,4194304,10035354119,-1,0
0.03862,3,0,DONE,4194304,4194304,4194304,7472990551,-1,0
0.03864,0,0,INJECTING,732261799,732261799,5027229095,317046480964,-1,0
0.03864,1,0,DONE,4194304,4194304,4194304,28270287849,-1,0
0.03864,2,0,DONE,4194304,4194304,4194304,10035354119,-1,0
0.03864,3,0,DONE,4194304,4194304,4194304,7472990551,-1,0
0.03866,0,0,INJECTING,732261799,732261799,5027229095,317046480964,-1,0
0.03866,1,0,DONE,4194304,4194304,4194304,28270287849,-1,0
0.03866,2,0,DONE,4194304,4194304,4194304,10035354119,-1,0
0.03866,3,0,DONE,4194304,4194304,4194304,7472990551,-1,0
0.03868,0,0,INJECTING,732261799,732261799,5027229095,317046480964,-1,0
0.03868,1,0,DONE,4194304,4194304,4194304,28270287849,-1,0
0.03868,2,0,DONE,4194304,4194304,4194304,10035354119,-1,0
0.03868,3,0,DONE,4194304,4194304,4194304,7472990551,-1,0
0.0387,0,0,INJECTING,732261799,732261799,5027229095,317046480964,-1,0
0.0387,1,0,DONE,4194304,4194304,4194304,28270287849,-1,0
0.0387,2,0,DONE,4194304,4194304,4194304,10035354119,-1,0
0.0387,3,0,DONE,4194304,4194304,4194304,7472990551,-1,0
0.03872,0,0,INJECTING,732261799,732261799,5027229095,317046480964,-1,0
0.03872,1,0,DONE,4194304,4194304,4194304,28270287849,-1,0
0.03872,2,0,DONE,4194304,4194304,4194304,10035354119,-1,0
0.03872,3,0,DONE,4194304,4194304,4194304,7472990551,-1,0
0.03874,0,0,INJECTING,732261799,732261799,5027229095,317046480964,-1,0
0.03874,1,0,DONE,4194304,4194304,4194304,28270287849,-1,0
0.03874,2,0,DONE,4194304,4194304,4194304,10035354119,-1,0
0.03874,3,0,DONE,4194304,4194304,4194304,7472990551,-1,0
0.03876,0,0,INJECTING,732261799,732261799,5027229095,317046480964,-1,0
0.03876,1,0,DONE,4194304,4194304,4194304,28270287849,-1,0
0.03876,2,0,DONE,4194304,4194304,4194304,10035354119,-1,0
0.03876,3,0,DONE,4194304,4194304,4194304,7472990551,-1,0
0.03878,0,0,INJECTING,732261799,732261799,5027229095,317046480964,-1,0
0.03878,1,0,DONE,4194304,4194304,4194304,28270287849,-1,0
0.03878,2,0,DONE,4194304,4194304,4194304,10035354119,-1,0
0.03878,3,0,DONE,4194304,4194304,4194304,7472990551,-1,0
0.0388,0,0,INJECTING,732261799,732261799,5027229095,317046480964,-1,0
0.0388,1,0,DONE,4194304,4194304,4194304,28270287849,-1,0
0.0388,2,0,DONE,4194304,4194304,4194304,10035354119,-1,0
0.0388,3,0,DONE,4194304,4194304,4194304,7472990551,-1,0
0.03882,0,0,INJECTING,732261799,732261799,5027229095,317046480964,-1,0
0.03882,1,0,DONE,4194304,4194304,4194304,28270287849,-1,0
0.03882,2,0,DONE,4194304,4194304,4194304,10035354119,-1,0
0.03882,3,0,DONE,4194304,4194304,4194304,7472990551,-1,0
0.03884,0,0,INJECTING,732261799,732261799,5027229095,317046480964,-1,0
0.03884,1,0,DONE,4194304,4194304,4194304,28270287849,-1,0
0.03884,2,0,DONE,4194304,4194304,4194304,10035354119,-1,0
0.03884,3,0,DONE,4194304,4194304,4194304,7472990551,-1,0
0.03886,0,0,INJECTING,732261799,732261799,5027229095,317046480964,-1,0
0.03886,1,0,DONE,4194304,4194304,4194304,28270287849,-1,0
0.03886,2,0,DONE,4194304,4194304,4194304,10035354119,-1,0
0.03886,3,0,DONE,4194304,4194304,4194304,7472990551,-1,0
0.03888,0,0,INJECTING,732261799,732261799,5027229095,317046480964,-1,0
0.03888,1,0,DONE,4194304,4194304,4194304,28270287849,-1,0
0.03888,2,0,DONE,4194304,4194304,4194304,10035354119,-1,0
0.03888,3,0,DONE,4194304,4194304,4194304,7472990551,-1,0
0.0389,0,0,INJECTING,732261799,732261799,5027229095,317046480964,-1,0
0.0389,1,0,DONE,4194304,4194304,4194304,28270287849,-1,0
0.0389,2,0,DONE,4194304,4194304,4194304,10035354119,-1,0
0.0389,3,0,DONE,4194304,4194304,4194304,7472990551,-1,0
0.03892,0,0,INJECTING,732261799,732261799,5027229095,317046480964,-1,0
0.03892,1,0,DONE,4194304,4194304,4194304,28270287849,-1,0
0.03892,2,0,DONE,4194304,4194304,4194304,10035354119,-1,0
0.03892,3,0,DONE,4194304,4194304,4194304,7472990551,-1,0
0.03894,0,0,INJECTING,732261799,732261799,5027229095,317046480964,-1,0
0.03894,1,0,DONE,4194304,4194304,4194304,28270287849,-1,0
0.03894,2,0,DONE,4194304,4194304,4194304,10035354119,-1,0
0.03894,3,0,DONE,4194304,4194304,4194304,7472990551,-1,0
0.03896,0,0,INJECTING,732261799,732261799,5027229095,317046480964,-1,0
0.03896,1,0,DONE,4194304,4194304,4194304,28270287849,-1,0
0.03896,2,0,DONE,4194304,4194304,4194304,10035354119,-1,0
0.03896,3,0,DONE,4194304,4194304,4194304,7472990551,-1,0
0.03898,0,0,INJECTING,732261799,732261799,5027229095,317046480964,-1,0
0.03898,1,0,DONE,4194304,4194304,4194304,28270287849,-1,0
0.03898,2,0,DONE,4194304,4194304,4194304,10035354119,-1,0
0.03898,3,0,DONE,4194304,4194304,4194304,7472990551,-1,0
0.039,0,0,INJECTING,732261799,732261799,5027229095,317046480964,-1,0
0.039,1,0,DONE,4194304,4194304,4194304,28270287849,-1,0
0.039,2,0,DONE,4194304,4194304,4194304,10035354119,-1,0
0.039,3,0,DONE,4194304,4194304,4194304,7472990551,-1,0
0.03902,0,0,INJECTING,732261799,732261799,5027229095,317046480964,-1,0
0.03902,1,0,DONE,4194304,4194304,4194304,28270287849,-1,0
0.03902,2,0,DONE,4194304,4194304,4194304,10035354119,-1,0
0.03902,3,0,DONE,4194304,4194304,4194304,7472990551,-1,0
0.03904,0,0,INJECTING,732261799,732261799,5027229095,317046480964,-1,0
0.03904,1,0,DONE,4194304,4194304,4194304,28270287849,-1,0
0.03904,2,0,DONE,4194304,4194304,4194304,10035354119,-1,0
0.03904,3,0,DONE,4194304,4194304,4194304,7472990551,-1,0
0.03906,0,0,INJECTING,732261799,732261799,5027229095,317046480964,-1,0
0.03906,1,0,DONE,4194304,4194304,4194304,28270287849,-1,0
0.03906,2,0,DONE,4194304,4194304,4194304,10035354119,-1,0
0.03906,3,0,DONE,4194304,4194304,4194304,7472990551,-1,0
0.03908,0,0,INJECTING,732261799,732261799,5027229095,317046480964,-1,0
0.03908,1,0,DONE,4194304,4194304,4194304,28270287849,-1,0
0.03908,2,0,DONE,4194304,4194304,4194304,10035354119,-1,0
0.03908,3,0,DONE,4194304,4194304,4194304,7472990551,-1,0
0.0391,0,0,INJECTING,732261799,732261799,5027229095,317046480964,-1,0
0.0391,1,0,DONE,4194304,4194304,4194304,28270287849,-1,0
0.0391,2,0,DONE,4194304,4194304,4194304,10035354119,-1,0
0.0391,3,0,DONE,4194304,4194304,4194304,7472990551,-1,0
0.03912,0,0,INJECTING,732261799,732261799,5027229095,317046480964,-1,0
0.03912,1,0,DONE,4194304,4194304,4194304,28270287849,-1,0
0.03912,2,0,DONE,4194304,4194304,4194304,10035354119,-1,0
0.03912,3,0,DONE,4194304,4194304,4194304,7472990551,-1,0
0.03914,0,0,INJECTING,732261799,732261799,5027229095,317046480964,-1,0
0.03914,1,0,DONE,4194304,4194304,4194304,28270287849,-1,0
0.03914,2,0,DONE,4194304,4194304,4194304,10035354119,-1,0
0.03914,3,0,DONE,4194304,4194304,4194304,7472990551,-1,0
0.03916,0,0,INJECTING,732261799,732261799,5027229095,317046480964,-1,0
0.03916,1,0,DONE,4194304,4194304,4194304,28270287849,-1,0
0.03916,2,0,DONE,4194304,4194304,4194304,10035354119,-1,0
0.03916,3,0,DONE,4194304,4194304,4194304,7472990551,-1,0
0.03918,0,0,INJECTING,732261799,732261799,5027229095,317046480964,-1,0
0.03918,1,0,DONE,4194304,4194304,4194304,28270287849,-1,0
0.03918,2,0,DONE,4194304,4194304,4194304,10035354119,-1,0
0.03918,3,0,DONE,4194304,4194304,4194304,7472990551,-1,0
0.0392,0,0,INJECTING,732261799,732261799,5027229095,317046480964,-1,0
0.0392,1,0,DONE,4194304,4194304,4194304,28270287849,-1,0
0.0392,2,0,DONE,4194304,4194304,4194304,10035354119,-1,0
0.0392,3,0,DONE,4194304,4194304,4194304,7472990551,-1,0
0.03922,0,0,INJECTING,732261799,732261799,5027229095,317046480964,-1,0
0.03922,1,0,DONE,4194304,4194304,4194304,28270287849,-1,0
0.03922,2,0,DONE,4194304,4194304,4194304,10035354119,-1,0
0.03922,3,0,DONE,4194304,4194304,4194304,7472990551,-1,0
0.03924,0,0,INJECTING,732261799,732261799,5027229095,317046480964,-1,0
0.03924,1,0,DONE,4194304,4194304,4194304,28270287849,-1,0
0.03924,2,0,DONE,4194304,4194304,4194304,10035354119,-1,0
0.03924,3,0,DONE,4194304,4194304,4194304,7472990551,-1,0
0.03926,0,0,INJECTING,732261799,732261799,5027229095,317046480964,-1,0
0.03926,1,0,DONE,4194304,4194304,4194304,28270287849,-1,0
0.03926,2,0,DONE,4194304,4194304,4194304,10035354119,-1,0
0.03926,3,0,DONE,4194304,4194304,4194304,7472990551,-1,0
0.03928,0,0,INJECTING,732261799,732261799,5027229095,317046480964,-1,0
0.03928,1,0,DONE,4194304,4194304,4194304,28270287849,-1,0
0.03928,2,0,DONE,4194304,4194304,4194304,10035354119,-1,0
0.03928,3,0,DONE,4194304,4194304,4194304,7472990551,-1,0
0.0393,0,0,INJECTING,732261799,732261799,5027229095,317046480964,-1,0
0.0393,1,0,DONE,4194304,4194304,4194304,28270287849,-1,0
0.0393,2,0,DONE,4194304,4194304,4194304,10035354119,-1,0
0.0393,3,0,DONE,4194304,4194304,4194304,7472990551,-1,0
0.03932,0,0,INJECTING,732261799,732261799,5027229095,317046480964,-1,0
0.03932,1,0,DONE,4194304,4194304,4194304,28270287849,-1,0
0.03932,2,0,DONE,4194304,4194304,4194304,10035354119,-1,0
0.03932,3,0,DONE,4194304,4194304,4194304,7472990551,-1,0
0.03934,0,0,INJECTING,732261799,732261799,5027229095,317046480964,-1,0
0.03934,1,0,DONE,4194304,4194304,4194304,28270287849,-1,0
0.03934,2,0,DONE,4194304,4194304,4194304,10035354119,-1,0
0.03934,3,0,DONE,4194304,4194304,4194304,7472990551,-1,0
0.03936,0,0,INJECTING,732261799,732261799,5027229095,317046480964,-1,0
0.03936,1,0,DONE,4194304,4194304,4194304,28270287849,-1,0
0.03936,2,0,DONE,4194304,4194304,4194304,10035354119,-1,0
0.03936,3,0,DONE,4194304,4194304,4194304,7472990551,-1,0
0.03938,0,0,INJECTING,732261799,732261799,5027229095,317046480964,-1,0
0.03938,1,0,DONE,4194304,4194304,4194304,28270287849,-1,0
0.03938,2,0,DONE,4194304,4194304,4194304,10035354119,-1,0
0.03938,3,0,DONE,4194304,4194304,4194304,7472990551,-1,0
0.0394,0,0,INJECTING,732261799,732261799,5027229095,317046480964,-1,0
0.0394,1,0,DONE,4194304,4194304,4194304,28270287849,-1,0
0.0394,2,0,DONE,4194304,4194304,4194304,10035354119,-1,0
0.0394,3,0,DONE,4194304,4194304,4194304,7472990551,-1,0
0.03942,0,0,INJECTING,732261799,732261799,5027229095,317046480964,-1,0
0.03942,1,0,DONE,4194304,4194304,4194304,28270287849,-1,0
0.03942,2,0,DONE,4194304,4194304,4194304,10035354119,-1,0
0.03942,3,0,DONE,4194304,4194304,4194304,7472990551,-1,0
0.03944,0,0,INJECTING,732261799,732261799,5027229095,317046480964,-1,0
0.03944,1,0,DONE,4194304,4194304,4194304,28270287849,-1,0
0.03944,2,0,DONE,4194304,4194304,4194304,10035354119,-1,0
0.03944,3,0,DONE,4194304,4194304,4194304,7472990551,-1,0
0.03946,0,0,INJECTING,732261799,732261799,5027229095,317046480964,-1,0
0.03946,1,0,DONE,4194304,4194304,4194304,28270287849,-1,0
0.03946,2,0,DONE,4194304,4194304,4194304,10035354119,-1,0
0.03946,3,0,DONE,4194304,4194304,4194304,7472990551,-1,0
0.03948,0,0,INJECTING,732261799,732261799,5027229095,317046480964,-1,0
0.03948,1,0,DONE,4194304,4194304,4194304,28270287849,-1,0
0.03948,2,0,DONE,4194304,4194304,4194304,10035354119,-1,0
0.03948,3,0,DONE,4194304,4194304,4194304,7472990551,-1,0
0.0395,0,0,INJECTING,732261799,732261799,5027229095,317046480964,-1,0
0.0395,1,0,DONE,4194304,4194304,4194304,28270287849,-1,0
0.0395,2,0,DONE,4194304,4194304,4194304,10035354119,-1,0
0.0395,3,0,DONE,4194304,4194304,4194304,7472990551,-1,0
0.03952,0,0,INJECTING,732261799,732261799,5027229095,317046480964,-1,0
0.03952,1,0,DONE,4194304,4194304,4194304,28270287849,-1,0
0.03952,2,0,DONE,4194304,4194304,4194304,10035354119,-1,0
0.03952,3,0,DONE,4194304,4194304,4194304,7472990551,-1,0
0.03954,0,0,INJECTING,732261799,732261799,5027229095,317046480964,-1,0
0.03954,1,0,DONE,4194304,4194304,4194304,28270287849,-1,0
0.03954,2,0,DONE,4194304,4194304,4194304,10035354119,-1,0
0.03954,3,0,DONE,4194304,4194304,4194304,7472990551,-1,0
0.03956,0,0,INJECTING,732261799,732261799,5027229095,317046480964,-1,0
0.03956,1,0,DONE,4194304,4194304,4194304,28270287849,-1,0
0.03956,2,0,DONE,4194304,4194304,4194304,10035354119,-1,0
0.03956,3,0,DONE,4194304,4194304,4194304,7472990551,-1,0
0.03958,0,0,INJECTING,732261799,732261799,5027229095,317046480964,-1,0
0.03958,1,0,DONE,4194304,4194304,4194304,28270287849,-1,0
0.03958,2,0,DONE,4194304,4194304,4194304,10035354119,-1,0
0.03958,3,0,DONE,4194304,4194304,4194304,7472990551,-1,0
0.0396,0,0,INJECTING,732261799,732261799,5027229095,317046480964,-1,0
0.0396,1,0,DONE,4194304,4194304,4194304,28270287849,-1,0
0.0396,2,0,DONE,4194304,4194304,4194304,10035354119,-1,0
0.0396,3,0,DONE,4194304,4194304,4194304,7472990551,-1,0
0.03962,0,0,INJECTING,732261799,732261799,5027229095,317046480964,-1,0
0.03962,1,0,DONE,4194304,4194304,4194304,28270287849,-1,0
0.03962,2,0,DONE,4194304,4194304,4194304,10035354119,-1,0
0.03962,3,0,DONE,4194304,4194304,4194304,7472990551,-1,0
0.03964,0,0,INJECTING,732261799,732261799,5027229095,317046480964,-1,0
0.03964,1,0,DONE,4194304,4194304,4194304,28270287849,-1,0
0.03964,2,0,DONE,4194304,4194304,4194304,10035354119,-1,0
0.03964,3,0,DONE,4194304,4194304,4194304,7472990551,-1,0
0.03966,0,0,INJECTING,732261799,732261799,5027229095,317046480964,-1,0
0.03966,1,0,DONE,4194304,4194304,4194304,28270287849,-1,0
0.03966,2,0,DONE,4194304,4194304,4194304,10035354119,-1,0
0.03966,3,0,DONE,4194304,4194304,4194304,7472990551,-1,0
0.03968,0,0,INJECTING,732261799,732261799,5027229095,317046480964,-1,0
0.03968,1,0,DONE,4194304,4194304,4194304,28270287849,-1,0
0.03968,2,0,DONE,4194304,4194304,4194304,10035354119,-1,0
0.03968,3,0,DONE,4194304,4194304,4194304,7472990551,-1,0
0.0397,0,0,INJECTING,732261799,732261799,5027229095,317046480964,-1,0
0.0397,1,0,DONE,4194304,4194304,4194304,28270287849,-1,0
0.0397,2,0,DONE,4194304,4194304,4194304,10035354119,-1,0
0.0397,3,0,DONE,4194304,4194304,4194304,7472990551,-1,0
0.03972,0,0,INJECTING,732261799,732261799,5027229095,317046480964,-1,0
0.03972,1,0,DONE,4194304,4194304,4194304,28270287849,-1,0
0.03972,2,0,DONE,4194304,4194304,4194304,10035354119,-1,0
0.03972,3,0,DONE,4194304,4194304,4194304,7472990551,-1,0
0.03974,0,0,INJECTING,732261799,732261799,5027229095,317046480964,-1,0
0.03974,1,0,DONE,4194304,4194304,4194304,28270287849,-1,0
0.03974,2,0,DONE,4194304,4194304,4194304,10035354119,-1,0
0.03974,3,0,DONE,4194304,4194304,4194304,7472990551,-1,0
0.03976,0,0,INJECTING,732261799,732261799,5027229095,317046480964,-1,0
0.03976,1,0,DONE,4194304,4194304,4194304,28270287849,-1,0
0.03976,2,0,DONE,4194304,4194304,4194304,10035354119,-1,0
0.03976,3,0,DONE,4194304,4194304,4194304,7472990551,-1,0
0.03978,0,0,INJECTING,732261799,732261799,5027229095,317046480964,-1,0
0.03978,1,0,DONE,4194304,4194304,4194304,28270287849,-1,0
0.03978,2,0,DONE,4194304,4194304,4194304,10035354119,-1,0
0.03978,3,0,DONE,4194304,4194304,4194304,7472990551,-1,0
0.0398,0,0,INJECTING,732261799,732261799,5027229095,317046480964,-1,0
0.0398,1,0,DONE,4194304,4194304,4194304,28270287849,-1,0
0.0398,2,0,DONE,4194304,4194304,4194304,10035354119,-1,0
0.0398,3,0,DONE,4194304,4194304,4194304,7472990551,-1,0
0.03982,0,0,INJECTING,732261799,732261799,5027229095,317046480964,-1,0
0.03982,1,0,DONE,4194304,4194304,4194304,28270287849,-1,0
0.03982,2,0,DONE,4194304,4194304,4194304,10035354119,-1,0
0.03982,3,0,DONE,4194304,4194304,4194304,7472990551,-1,0
0.03984,0,0,INJECTING,732261799,732261799,5027229095,317046480964,-1,0
0.03984,1,0,DONE,4194304,4194304,4194304,28270287849,-1,0
0.03984,2,0,DONE,4194304,4194304,4194304,10035354119,-1,0
0.03984,3,0,DONE,4194304,4194304,4194304,7472990551,-1,0
0.03986,0,0,INJECTING,732261799,732261799,5027229095,317046480964,-1,0
0.03986,1,0,DONE,4194304,4194304,4194304,28270287849,-1,0
0.03986,2,0,DONE,4194304,4194304,4194304,10035354119,-1,0
0.03986,3,0,DONE,4194304,4194304,4194304,7472990551,-1,0
0.03988,0,0,INJECTING,732261799,732261799,5027229095,317046480964,-1,0
0.03988,1,0,DONE,4194304,4194304,4194304,28270287849,-1,0
0.03988,2,0,DONE,4194304,4194304,4194304,10035354119,-1,0
0.03988,3,0,DONE,4194304,4194304,4194304,7472990551,-1,0
0.0399,0,0,INJECTING,732261799,732261799,5027229095,317046480964,-1,0
0.0399,1,0,DONE,4194304,4194304,4194304,28270287849,-1,0
0.0399,2,0,DONE,4194304,4194304,4194304,10035354119,-1,0
0.0399,3,0,DONE,4194304,4194304,4194304,7472990551,-1,0
0.03992,0,0,INJECTING,732261799,732261799,5027229095,317046480964,-1,0
0.03992,1,0,DONE,4194304,4194304,4194304,28270287849,-1,0
0.03992,2,0,DONE,4194304,4194304,4194304,10035354119,-1,0
0.03992,3,0,DONE,4194304,4194304,4194304,7472990551,-1,0
0.03994,0,0,INJECTING,732261799,732261799,5027229095,317046480964,-1,0
0.03994,1,0,DONE,4194304,4194304,4194304,28270287849,-1,0
0.03994,2,0,DONE,4194304,4194304,4194304,10035354119,-1,0
0.03994,3,0,DONE,4194304,4194304,4194304,7472990551,-1,0
0.03996,0,0,INJECTING,732261799,732261799,5027229095,317046480964,-1,0
0.03996,1,0,DONE,4194304,4194304,4194304,28270287849,-1,0
0.03996,2,0,DONE,4194304,4194304,4194304,10035354119,-1,0
0.03996,3,0,DONE,4194304,4194304,4194304,7472990551,-1,0
0.03998,0,0,INJECTING,732261799,732261799,5027229095,317046480964,-1,0
0.03998,1,0,DONE,4194304,4194304,4194304,28270287849,-1,0
0.03998,2,0,DONE,4194304,4194304,4194304,10035354119,-1,0
0.03998,3,0,DONE,4194304,4194304,4194304,7472990551,-1,0
0.04,0,0,INJECTING,732261799,732261799,5027229095,317046480964,-1,0
0.04,1,0,DONE,4194304,4194304,4194304,28270287849,-1,0
0.04,2,0,DONE,4194304,4194304,4194304,10035354119,-1,0
0.04,3,0,DONE,4194304,4194304,4194304,7472990551,-1,0
0.04002,0,0,INJECTING,732261799,732261799,5027229095,317046480964,-1,0
0.04002,1,0,DONE,4194304,4194304,4194304,28270287849,-1,0
0.04002,2,0,DONE,4194304,4194304,4194304,10035354119,-1,0
0.04002,3,0,DONE,4194304,4194304,4194304,7472990551,-1,0
0.04004,0,0,INJECTING,732261799,732261799,5027229095,317046480964,-1,0
0.04004,1,0,DONE,4194304,4194304,4194304,28270287849,-1,0
0.04004,2,0,DONE,4194304,4194304,4194304,10035354119,-1,0
0.04004,3,0,DONE,4194304,4194304,4194304,7472990551,-1,0
0.04006,0,0,INJECTING,732261799,732261799,5027229095,317046480964,-1,0
0.04006,1,0,DONE,4194304,4194304,4194304,28270287849,-1,0
0.04006,2,0,DONE,4194304,4194304,4194304,10035354119,-1,0
0.04006,3,0,DONE,4194304,4194304,4194304,7472990551,-1,0
0.04008,0,0,INJECTING,732261799,732261799,5027229095,317046480964,-1,0
0.04008,1,0,DONE,4194304,4194304,4194304,28270287849,-1,0
0.04008,2,0,DONE,4194304,4194304,4194304,10035354119,-1,0
0.04008,3,0,DONE,4194304,4194304,4194304,7472990551,-1,0
0.0401,0,0,INJECTING,732261799,732261799,5027229095,317046480964,-1,0
0.0401,1,0,DONE,4194304,4194304,4194304,28270287849,-1,0
0.0401,2,0,DONE,4194304,4194304,4194304,10035354119,-1,0
0.0401,3,0,DONE,4194304,4194304,4194304,7472990551,-1,0
0.04012,0,0,INJECTING,732261799,732261799,5027229095,317046480964,-1,0
0.04012,1,0,DONE,4194304,4194304,4194304,28270287849,-1,0
0.04012,2,0,DONE,4194304,4194304,4194304,10035354119,-1,0
0.04012,3,0,DONE,4194304,4194304,4194304,7472990551,-1,0
0.04014,0,0,INJECTING,732261799,732261799,5027229095,317046480964,-1,0
0.04014,1,0,DONE,4194304,4194304,4194304,28270287849,-1,0
0.04014,2,0,DONE,4194304,4194304,4194304,10035354119,-1,0
0.04014,3,0,DONE,4194304,4194304,4194304,7472990551,-1,0
0.04016,0,0,INJECTING,732261799,732261799,5027229095,317046480964,-1,0
0.04016,1,0,DONE,4194304,4194304,4194304,28270287849,-1,0
0.04016,2,0,DONE,4194304,4194304,4194304,10035354119,-1,0
0.04016,3,0,DONE,4194304,4194304,4194304,7472990551,-1,0
0.04018,0,0,INJECTING,732261799,732261799,5027229095,317046480964,-1,0
0.04018,1,0,DONE,4194304,4194304,4194304,28270287849,-1,0
0.04018,2,0,DONE,4194304,4194304,4194304,10035354119,-1,0
0.04018,3,0,DONE,4194304,4194304,4194304,7472990551,-1,0
0.0402,0,0,INJECTING,732261799,732261799,5027229095,317046480964,-1,0
0.0402,1,0,DONE,4194304,4194304,4194304,28270287849,-1,0
0.0402,2,0,DONE,4194304,4194304,4194304,10035354119,-1,0
0.0402,3,0,DONE,4194304,4194304,4194304,7472990551,-1,0
0.04022,0,0,INJECTING,732261799,732261799,5027229095,317046480964,-1,0
0.04022,1,0,DONE,4194304,4194304,4194304,28270287849,-1,0
0.04022,2,0,DONE,4194304,4194304,4194304,10035354119,-1,0
0.04022,3,0,DONE,4194304,4194304,4194304,7472990551,-1,0
0.04024,0,0,INJECTING,732261799,732261799,5027229095,317046480964,-1,0
0.04024,1,0,DONE,4194304,4194304,4194304,28270287849,-1,0
0.04024,2,0,DONE,4194304,4194304,4194304,10035354119,-1,0
0.04024,3,0,DONE,4194304,4194304,4194304,7472990551,-1,0
0.04026,0,0,INJECTING,732261799,732261799,5027229095,317046480964,-1,0
0.04026,1,0,DONE,4194304,4194304,4194304,28270287849,-1,0
0.04026,2,0,DONE,4194304,4194304,4194304,10035354119,-1,0
0.04026,3,0,DONE,4194304,4194304,4194304,7472990551,-1,0
0.04028,0,0,INJECTING,732261799,732261799,5027229095,317046480964,-1,0
0.04028,1,0,DONE,4194304,4194304,4194304,28270287849,-1,0
0.04028,2,0,DONE,4194304,4194304,4194304,10035354119,-1,0
0.04028,3,0,DONE,4194304,4194304,4194304,7472990551,-1,0
0.0403,0,0,INJECTING,732261799,732261799,5027229095,317046480964,-1,0
0.0403,1,0,DONE,4194304,4194304,4194304,28270287849,-1,0
0.0403,2,0,DONE,4194304,4194304,4194304,10035354119,-1,0
0.0403,3,0,DONE,4194304,4194304,4194304,7472990551,-1,0
0.04032,0,0,INJECTING,732261799,732261799,5027229095,317046480964,-1,0
0.04032,1,0,DONE,4194304,4194304,4194304,28270287849,-1,0
0.04032,2,0,DONE,4194304,4194304,4194304,10035354119,-1,0
0.04032,3,0,DONE,4194304,4194304,4194304,7472990551,-1,0
0.04034,0,0,INJECTING,732261799,732261799,5027229095,317046480964,-1,0
0.04034,1,0,DONE,4194304,4194304,4194304,28270287849,-1,0
0.04034,2,0,DONE,4194304,4194304,4194304,10035354119,-1,0
0.04034,3,0,DONE,4194304,4194304,4194304,7472990551,-1,0
0.04036,0,0,INJECTING,732261799,732261799,5027229095,317046480964,-1,0
0.04036,1,0,DONE,4194304,4194304,4194304,28270287849,-1,0
0.04036,2,0,DONE,4194304,4194304,4194304,10035354119,-1,0
0.04036,3,0,DONE,4194304,4194304,4194304,7472990551,-1,0
0.04038,0,0,INJECTING,732261799,732261799,5027229095,317046480964,-1,0
0.04038,1,0,DONE,4194304,4194304,4194304,28270287849,-1,0
0.04038,2,0,DONE,4194304,4194304,4194304,10035354119,-1,0
0.04038,3,0,DONE,4194304,4194304,4194304,7472990551,-1,0
0.0404,0,0,INJECTING,732261799,732261799,5027229095,317046480964,-1,0
0.0404,1,0,DONE,4194304,4194304,4194304,28270287849,-1,0
0.0404,2,0,DONE,4194304,4194304,4194304,10035354119,-1,0
0.0404,3,0,DONE,4194304,4194304,4194304,7472990551,-1,0
0.04042,0,0,INJECTING,732261799,732261799,5027229095,317046480964,-1,0
0.04042,1,0,DONE,4194304,4194304,4194304,28270287849,-1,0
0.04042,2,0,DONE,4194304,4194304,4194304,10035354119,-1,0
0.04042,3,0,DONE,4194304,4194304,4194304,7472990551,-1,0
0.04044,0,0,INJECTING,732261799,732261799,5027229095,317046480964,-1,0
0.04044,1,0,DONE,4194304,4194304,4194304,28270287849,-1,0
0.04044,2,0,DONE,4194304,4194304,4194304,10035354119,-1,0
0.04044,3,0,DONE,4194304,4194304,4194304,7472990551,-1,0
0.04046,0,0,INJECTING,732261799,732261799,5027229095,317046480964,-1,0
0.04046,1,0,DONE,4194304,4194304,4194304,28270287849,-1,0
0.04046,2,0,DONE,4194304,4194304,4194304,10035354119,-1,0
0.04046,3,0,DONE,4194304,4194304,4194304,7472990551,-1,0
0.04048,0,0,INJECTING,732261799,732261799,5027229095,317046480964,-1,0
0.04048,1,0,DONE,4194304,4194304,4194304,28270287849,-1,0
0.04048,2,0,DONE,4194304,4194304,4194304,10035354119,-1,0
0.04048,3,0,DONE,4194304,4194304,4194304,7472990551,-1,0
0.0405,0,0,INJECTING,732261799,732261799,5027229095,317046480964,-1,0
0.0405,1,0,DONE,4194304,4194304,4194304,28270287849,-1,0
0.0405,2,0,DONE,4194304,4194304,4194304,10035354119,-1,0
0.0405,3,0,DONE,4194304,4194304,4194304,7472990551,-1,0
0.04052,0,0,INJECTING,732261799,732261799,5027229095,317046480964,-1,0
0.04052,1,0,DONE,4194304,4194304,4194304,28270287849,-1,0
0.04052,2,0,DONE,4194304,4194304,4194304,10035354119,-1,0
0.04052,3,0,DONE,4194304,4194304,4194304,7472990551,-1,0
0.04054,0,0,INJECTING,732261799,732261799,5027229095,317046480964,-1,0
0.04054,1,0,DONE,4194304,4194304,4194304,28270287849,-1,0
0.04054,2,0,DONE,4194304,4194304,4194304,10035354119,-1,0
0.04054,3,0,DONE,4194304,4194304,4194304,7472990551,-1,0
0.04056,0,0,INJECTING,732261799,732261799,5027229095,317046480964,-1,0
0.04056,1,0,DONE,4194304,4194304,4194304,28270287849,-1,0
0.04056,2,0,DONE,4194304,4194304,4194304,10035354119,-1,0
0.04056,3,0,DONE,4194304,4194304,4194304,7472990551,-1,0
0.04058,0,0,INJECTING,732261799,732261799,5027229095,317046480964,-1,0
0.04058,1,0,DONE,4194304,4194304,4194304,28270287849,-1,0
0.04058,2,0,DONE,4194304,4194304,4194304,10035354119,-1,0
0.04058,3,0,DONE,4194304,4194304,4194304,7472990551,-1,0
0.0406,0,0,INJECTING,732261799,732261799,5027229095,317046480964,-1,0
0.0406,1,0,DONE,4194304,4194304,4194304,28270287849,-1,0
0.0406,2,0,DONE,4194304,4194304,4194304,10035354119,-1,0
0.0406,3,0,DONE,4194304,4194304,4194304,7472990551,-1,0
0.04062,0,0,INJECTING,732261799,732261799,5027229095,317046480964,-1,0
0.04062,1,0,DONE,4194304,4194304,4194304,28270287849,-1,0
0.04062,2,0,DONE,4194304,4194304,4194304,10035354119,-1,0
0.04062,3,0,DONE,4194304,4194304,4194304,7472990551,-1,0
0.04064,0,0,INJECTING,732261799,732261799,5027229095,317046480964,-1,0
0.04064,1,0,DONE,4194304,4194304,4194304,28270287849,-1,0
0.04064,2,0,DONE,4194304,4194304,4194304,10035354119,-1,0
0.04064,3,0,DONE,4194304,4194304,4194304,7472990551,-1,0
0.04066,0,0,INJECTING,732261799,732261799,5027229095,317046480964,-1,0
0.04066,1,0,DONE,4194304,4194304,4194304,28270287849,-1,0
0.04066,2,0,DONE,4194304,4194304,4194304,10035354119,-1,0
0.04066,3,0,DONE,4194304,4194304,4194304,7472990551,-1,0
0.04068,0,0,INJECTING,732261799,732261799,5027229095,317046480964,-1,0
0.04068,1,0,DONE,4194304,4194304,4194304,28270287849,-1,0
0.04068,2,0,DONE,4194304,4194304,4194304,10035354119,-1,0
0.04068,3,0,DONE,4194304,4194304,4194304,7472990551,-1,0
0.0407,0,0,INJECTING,732261799,732261799,5027229095,317046480964,-1,0
0.0407,1,0,DONE,4194304,4194304,4194304,28270287849,-1,0
0.0407,2,0,DONE,4194304,4194304,4194304,10035354119,-1,0
0.0407,3,0,DONE,4194304,4194304,4194304,7472990551,-1,0
0.04072,0,0,INJECTING,732261799,732261799,5027229095,317046480964,-1,0
0.04072,1,0,DONE,4194304,4194304,4194304,28270287849,-1,0
0.04072,2,0,DONE,4194304,4194304,4194304,10035354119,-1,0
0.04072,3,0,DONE,4194304,4194304,4194304,7472990551,-1,0
0.04074,0,0,INJECTING,732261799,732261799,5027229095,317046480964,-1,0
0.04074,1,0,DONE,4194304,4194304,4194304,28270287849,-1,0
0.04074,2,0,DONE,4194304,4194304,4194304,10035354119,-1,0
0.04074,3,0,DONE,4194304,4194304,4194304,7472990551,-1,0
0.04076,0,0,INJECTING,732261799,732261799,5027229095,317046480964,-1,0
0.04076,1,0,DONE,4194304,4194304,4194304,28270287849,-1,0
0.04076,2,0,DONE,4194304,4194304,4194304,10035354119,-1,0
0.04076,3,0,DONE,4194304,4194304,4194304,7472990551,-1,0
0.04078,0,0,INJECTING,732261799,732261799,5027229095,317046480964,-1,0
0.04078,1,0,DONE,4194304,4194304,4194304,28270287849,-1,0
0.04078,2,0,DONE,4194304,4194304,4194304,10035354119,-1,0
0.04078,3,0,DONE,4194304,4194304,4194304,7472990551,-1,0
0.0408,0,0,INJECTING,732261799,732261799,5027229095,317046480964,-1,0
0.0408,1,0,DONE,4194304,4194304,4194304,28270287849,-1,0
0.0408,2,0,DONE,4194304,4194304,4194304,10035354119,-1,0
0.0408,3,0,DONE,4194304,4194304,4194304,7472990551,-1,0
0.04082,0,0,INJECTING,732261799,732261799,5027229095,317046480964,-1,0
0.04082,1,0,DONE,4194304,4194304,4194304,28270287849,-1,0
0.04082,2,0,DONE,4194304,4194304,4194304,10035354119,-1,0
0.04082,3,0,DONE,4194304,4194304,4194304,7472990551,-1,0
0.04084,0,0,INJECTING,732261799,732261799,5027229095,317046480964,-1,0
0.04084,1,0,DONE,4194304,4194304,4194304,28270287849,-1,0
0.04084,2,0,DONE,4194304,4194304,4194304,10035354119,-1,0
0.04084,3,0,DONE,4194304,4194304,4194304,7472990551,-1,0
0.04086,0,0,INJECTING,732261799,732261799,5027229095,317046480964,-1,0
0.04086,1,0,DONE,4194304,4194304,4194304,28270287849,-1,0
0.04086,2,0,DONE,4194304,4194304,4194304,10035354119,-1,0
0.04086,3,0,DONE,4194304,4194304,4194304,7472990551,-1,0
0.04088,0,0,INJECTING,732261799,732261799,5027229095,317046480964,-1,0
0.04088,1,0,DONE,4194304,4194304,4194304,28270287849,-1,0
0.04088,2,0,DONE,4194304,4194304,4194304,10035354119,-1,0
0.04088,3,0,DONE,4194304,4194304,4194304,7472990551,-1,0
0.0409,0,0,INJECTING,732261799,732261799,5027229095,317046480964,-1,0
0.0409,1,0,DONE,4194304,4194304,4194304,28270287849,-1,0
0.0409,2,0,DONE,4194304,4194304,4194304,10035354119,-1,0
0.0409,3,0,DONE,4194304,4194304,4194304,7472990551,-1,0
0.04092,0,0,INJECTING,732261799,732261799,5027229095,317046480964,-1,0
0.04092,1,0,DONE,4194304,4194304,4194304,28270287849,-1,0
0.04092,2,0,DONE,4194304,4194304,4194304,10035354119,-1,0
0.04092,3,0,DONE,4194304,4194304,4194304,7472990551,-1,0
0.04094,0,0,INJECTING,732261799,732261799,5027229095,317046480964,-1,0
0.04094,1,0,DONE,4194304,4194304,4194304,28270287849,-1,0
0.04094,2,0,DONE,4194304,4194304,4194304,10035354119,-1,0
0.04094,3,0,DONE,4194304,4194304,4194304,7472990551,-1,0
0.04096,0,0,INJECTING,732261799,732261799,5027229095,317046480964,-1,0
0.04096,1,0,DONE,4194304,4194304,4194304,28270287849,-1,0
0.04096,2,0,DONE,4194304,4194304,4194304,10035354119,-1,0
0.04096,3,0,DONE,4194304,4194304,4194304,7472990551,-1,0
0.04098,0,0,INJECTING,732261799,732261799,5027229095,317046480964,-1,0
0.04098,1,0,DONE,4194304,4194304,4194304,28270287849,-1,0
0.04098,2,0,DONE,4194304,4194304,4194304,10035354119,-1,0
0.04098,3,0,DONE,4194304,4194304,4194304,7472990551,-1,0
0.041,0,0,INJECTING,732261799,732261799,5027229095,317046480964,-1,0
0.041,1,0,DONE,4194304,4194304,4194304,28270287849,-1,0
0.041,2,0,DONE,4194304,4194304,4194304,10035354119,-1,0
0.041,3,0,DONE,4194304,4194304,4194304,7472990551,-1,0
0.04102,0,0,INJECTING,732261799,732261799,5027229095,317046480964,-1,0
0.04102,1,0,DONE,4194304,4194304,4194304,28270287849,-1,0
0.04102,2,0,DONE,4194304,4194304,4194304,10035354119,-1,0
0.04102,3,0,DONE,4194304,4194304,4194304,7472990551,-1,0
0.04104,0,0,INJECTING,732261799,732261799,5027229095,317046480964,-1,0
0.04104,1,0,DONE,4194304,4194304,4194304,28270287849,-1,0
0.04104,2,0,DONE,4194304,4194304,4194304,10035354119,-1,0
0.04104,3,0,DONE,4194304,4194304,4194304,7472990551,-1,0
0.04106,0,0,INJECTING,732261799,732261799,5027229095,317046480964,-1,0
0.04106,1,0,DONE,4194304,4194304,4194304,28270287849,-1,0
0.04106,2,0,DONE,4194304,4194304,4194304,10035354119,-1,0
0.04106,3,0,DONE,4194304,4194304,4194304,7472990551,-1,0
0.04108,0,0,INJECTING,732261799,732261799,5027229095,317046480964,-1,0
0.04108,1,0,DONE,4194304,4194304,4194304,28270287849,-1,0
0.04108,2,0,DONE,4194304,4194304,4194304,10035354119,-1,0
0.04108,3,0,DONE,4194304,4194304,4194304,7472990551,-1,0
0.0411,0,0,INJECTING,732261799,732261799,5027229095,317046480964,-1,0
0.0411,1,0,DONE,4194304,4194304,4194304,28270287849,-1,0
0.0411,2,0,DONE,4194304,4194304,4194304,10035354119,-1,0
0.0411,3,0,DONE,4194304,4194304,4194304,7472990551,-1,0
0.04112,0,0,INJECTING,732261799,732261799,5027229095,317046480964,-1,0
0.04112,1,0,DONE,4194304,4194304,4194304,28270287849,-1,0
0.04112,2,0,DONE,4194304,4194304,4194304,10035354119,-1,0
0.04112,3,0,DONE,4194304,4194304,4194304,7472990551,-1,0
0.04114,0,0,INJECTING,732261799,732261799,5027229095,317046480964,-1,0
0.04114,1,0,DONE,4194304,4194304,4194304,28270287849,-1,0
0.04114,2,0,DONE,4194304,4194304,4194304,10035354119,-1,0
0.04114,3,0,DONE,4194304,4194304,4194304,7472990551,-1,0
0.04116,0,0,INJECTING,732261799,732261799,5027229095,317046480964,-1,0
0.04116,1,0,DONE,4194304,4194304,4194304,28270287849,-1,0
0.04116,2,0,DONE,4194304,4194304,4194304,10035354119,-1,0
0.04116,3,0,DONE,4194304,4194304,4194304,7472990551,-1,0
0.04118,0,0,INJECTING,732261799,732261799,5027229095,317046480964,-1,0
0.04118,1,0,DONE,4194304,4194304,4194304,28270287849,-1,0
0.04118,2,0,DONE,4194304,4194304,4194304,10035354119,-1,0
0.04118,3,0,DONE,4194304,4194304,4194304,7472990551,-1,0
0.0412,0,0,INJECTING,732261799,732261799,5027229095,317046480964,-1,0
0.0412,1,0,DONE,4194304,4194304,4194304,28270287849,-1,0
0.0412,2,0,DONE,4194304,4194304,4194304,10035354119,-1,0
0.0412,3,0,DONE,4194304,4194304,4194304,7472990551,-1,0
0.04122,0,0,INJECTING,732261799,732261799,5027229095,317046480964,-1,0
0.04122,1,0,DONE,4194304,4194304,4194304,28270287849,-1,0
0.04122,2,0,DONE,4194304,4194304,4194304,10035354119,-1,0
0.04122,3,0,DONE,4194304,4194304,4194304,7472990551,-1,0
0.04124,0,0,INJECTING,732261799,732261799,5027229095,317046480964,-1,0
0.04124,1,0,DONE,4194304,4194304,4194304,28270287849,-1,0
0.04124,2,0,DONE,4194304,4194304,4194304,10035354119,-1,0
0.04124,3,0,DONE,4194304,4194304,4194304,7472990551,-1,0
0.04126,0,0,INJECTING,732261799,732261799,5027229095,317046480964,-1,0
0.04126,1,0,DONE,4194304,4194304,4194304,28270287849,-1,0
0.04126,2,0,DONE,4194304,4194304,4194304,10035354119,-1,0
0.04126,3,0,DONE,4194304,4194304,4194304,7472990551,-1,0
0.04128,0,0,INJECTING,732261799,732261799,5027229095,317046480964,-1,0
0.04128,1,0,DONE,4194304,4194304,4194304,28270287849,-1,0
0.04128,2,0,DONE,4194304,4194304,4194304,10035354119,-1,0
0.04128,3,0,DONE,4194304,4194304,4194304,7472990551,-1,0
0.0413,0,0,INJECTING,732261799,732261799,5027229095,317046480964,-1,0
0.0413,1,0,DONE,4194304,4194304,4194304,28270287849,-1,0
0.0413,2,0,DONE,4194304,4194304,4194304,10035354119,-1,0
0.0413,3,0,DONE,4194304,4194304,4194304,7472990551,-1,0
0.04132,0,0,INJECTING,732261799,732261799,5027229095,317046480964,-1,0
0.04132,1,0,DONE,4194304,4194304,4194304,28270287849,-1,0
0.04132,2,0,DONE,4194304,4194304,4194304,10035354119,-1,0
0.04132,3,0,DONE,4194304,4194304,4194304,7472990551,-1,0
0.04134,0,0,INJECTING,732261799,732261799,5027229095,317046480964,-1,0
0.04134,1,0,DONE,4194304,4194304,4194304,28270287849,-1,0
0.04134,2,0,DONE,4194304,4194304,4194304,10035354119,-1,0
0.04134,3,0,DONE,4194304,4194304,4194304,7472990551,-1,0
0.04136,0,0,INJECTING,732261799,732261799,5027229095,317046480964,-1,0
0.04136,1,0,DONE,4194304,4194304,4194304,28270287849,-1,0
0.04136,2,0,DONE,4194304,4194304,4194304,10035354119,-1,0
0.04136,3,0,DONE,4194304,4194304,4194304,7472990551,-1,0
0.04138,0,0,INJECTING,732261799,732261799,5027229095,317046480964,-1,0
0.04138,1,0,DONE,4194304,4194304,4194304,28270287849,-1,0
0.04138,2,0,DONE,4194304,4194304,4194304,10035354119,-1,0
0.04138,3,0,DONE,4194304,4194304,4194304,7472990551,-1,0
0.0414,0,0,INJECTING,732261799,732261799,5027229095,317046480964,-1,0
0.0414,1,0,DONE,4194304,4194304,4194304,28270287849,-1,0
0.0414,2,0,DONE,4194304,4194304,4194304,10035354119,-1,0
0.0414,3,0,DONE,4194304,4194304,4194304,7472990551,-1,0
0.04142,0,0,INJECTING,732261799,732261799,5027229095,317046480964,-1,0
0.04142,1,0,DONE,4194304,4194304,4194304,28270287849,-1,0
0.04142,2,0,DONE,4194304,4194304,4194304,10035354119,-1,0
0.04142,3,0,DONE,4194304,4194304,4194304,7472990551,-1,0
0.04144,0,0,INJECTING,732261799,732261799,5027229095,317046480964,-1,0
0.04144,1,0,DONE,4194304,4194304,4194304,28270287849,-1,0
0.04144,2,0,DONE,4194304,4194304,4194304,10035354119,-1,0
0.04144,3,0,DONE,4194304,4194304,4194304,7472990551,-1,0
0.04146,0,0,INJECTING,732261799,732261799,5027229095,317046480964,-1,0
0.04146,1,0,DONE,4194304,4194304,4194304,28270287849,-1,0
0.04146,2,0,DONE,4194304,4194304,4194304,10035354119,-1,0
0.04146,3,0,DONE,4194304,4194304,4194304,7472990551,-1,0
0.04148,0,0,INJECTING,732261799,732261799,5027229095,317046480964,-1,0
0.04148,1,0,DONE,4194304,4194304,4194304,28270287849,-1,0
0.04148,2,0,DONE,4194304,4194304,4194304,10035354119,-1,0
0.04148,3,0,DONE,4194304,4194304,4194304,7472990551,-1,0
0.0415,0,0,INJECTING,732261799,732261799,5027229095,317046480964,-1,0
0.0415,1,0,DONE,4194304,4194304,4194304,28270287849,-1,0
0.0415,2,0,DONE,4194304,4194304,4194304,10035354119,-1,0
0.0415,3,0,DONE,4194304,4194304,4194304,7472990551,-1,0
0.04152,0,0,INJECTING,732261799,732261799,5027229095,317046480964,-1,0
0.04152,1,0,DONE,4194304,4194304,4194304,28270287849,-1,0
0.04152,2,0,DONE,4194304,4194304,4194304,10035354119,-1,0
0.04152,3,0,DONE,4194304,4194304,4194304,7472990551,-1,0
0.04154,0,0,INJECTING,732261799,732261799,5027229095,317046480964,-1,0
0.04154,1,0,DONE,4194304,4194304,4194304,28270287849,-1,0
0.04154,2,0,DONE,4194304,4194304,4194304,10035354119,-1,0
0.04154,3,0,DONE,4194304,4194304,4194304,7472990551,-1,0
0.04156,0,0,INJECTING,732261799,732261799,5027229095,317046480964,-1,0
0.04156,1,0,DONE,4194304,4194304,4194304,28270287849,-1,0
0.04156,2,0,DONE,4194304,4194304,4194304,10035354119,-1,0
0.04156,3,0,DONE,4194304,4194304,4194304,7472990551,-1,0
0.04158,0,0,INJECTING,732261799,732261799,5027229095,317046480964,-1,0
0.04158,1,0,DONE,4194304,4194304,4194304,28270287849,-1,0
0.04158,2,0,DONE,4194304,4194304,4194304,10035354119,-1,0
0.04158,3,0,DONE,4194304,4194304,4194304,7472990551,-1,0
0.0416,0,0,INJECTING,732261799,732261799,5027229095,317046480964,-1,0
0.0416,1,0,DONE,4194304,4194304,4194304,28270287849,-1,0
0.0416,2,0,DONE,4194304,4194304,4194304,10035354119,-1,0
0.0416,3,0,DONE,4194304,4194304,4194304,7472990551,-1,0
0.04162,0,0,INJECTING,732261799,732261799,5027229095,317046480964,-1,0
0.04162,1,0,DONE,4194304,4194304,4194304,28270287849,-1,0
0.04162,2,0,DONE,4194304,4194304,4194304,10035354119,-1,0
0.04162,3,0,DONE,4194304,4194304,4194304,7472990551,-1,0
0.04164,0,0,INJECTING,732261799,732261799,5027229095,317046480964,-1,0
0.04164,1,0,DONE,4194304,4194304,4194304,28270287849,-1,0
0.04164,2,0,DONE,4194304,4194304,4194304,10035354119,-1,0
0.04164,3,0,DONE,4194304,4194304,4194304,7472990551,-1,0
0.04166,0,0,INJECTING,732261799,732261799,5027229095,317046480964,-1,0
0.04166,1,0,DONE,4194304,4194304,4194304,28270287849,-1,0
0.04166,2,0,DONE,4194304,4194304,4194304,10035354119,-1,0
0.04166,3,0,DONE,4194304,4194304,4194304,7472990551,-1,0
0.04168,0,0,INJECTING,732261799,732261799,5027229095,317046480964,-1,0
0.04168,1,0,DONE,4194304,4194304,4194304,28270287849,-1,0
0.04168,2,0,DONE,4194304,4194304,4194304,10035354119,-1,0
0.04168,3,0,DONE,4194304,4194304,4194304,7472990551,-1,0
0.0417,0,0,INJECTING,732261799,732261799,5027229095,317046480964,-1,0
0.0417,1,0,DONE,4194304,4194304,4194304,28270287849,-1,0
0.0417,2,0,DONE,4194304,4194304,4194304,10035354119,-1,0
0.0417,3,0,DONE,4194304,4194304,4194304,7472990551,-1,0
0.04172,0,0,INJECTING,732261799,732261799,5027229095,317046480964,-1,0
0.04172,1,0,DONE,4194304,4194304,4194304,28270287849,-1,0
0.04172,2,0,DONE,4194304,4194304,4194304,10035354119,-1,0
0.04172,3,0,DONE,4194304,4194304,4194304,7472990551,-1,0
0.04174,0,0,INJECTING,732261799,732261799,5027229095,317046480964,-1,0
0.04174,1,0,DONE,4194304,4194304,4194304,28270287849,-1,0
0.04174,2,0,DONE,4194304,4194304,4194304,10035354119,-1,0
0.04174,3,0,DONE,4194304,4194304,4194304,7472990551,-1,0
0.04176,0,0,INJECTING,732261799,732261799,5027229095,317046480964,-1,0
0.04176,1,0,DONE,4194304,4194304,4194304,28270287849,-1,0
0.04176,2,0,DONE,4194304,4194304,4194304,10035354119,-1,0
0.04176,3,0,DONE,4194304,4194304,4194304,7472990551,-1,0
0.04178,0,0,INJECTING,732261799,732261799,5027229095,317046480964,-1,0
0.04178,1,0,DONE,4194304,4194304,4194304,28270287849,-1,0
0.04178,2,0,DONE,4194304,4194304,4194304,10035354119,-1,0
0.04178,3,0,DONE,4194304,4194304,4194304,7472990551,-1,0
0.0418,0,0,INJECTING,732261799,732261799,5027229095,317046480964,-1,0
0.0418,1,0,DONE,4194304,4194304,4194304,28270287849,-1,0
0.0418,2,0,DONE,4194304,4194304,4194304,10035354119,-1,0
0.0418,3,0,DONE,4194304,4194304,4194304,7472990551,-1,0
0.04182,0,0,INJECTING,732261799,732261799,5027229095,317046480964,-1,0
0.04182,1,0,DONE,4194304,4194304,4194304,28270287849,-1,0
0.04182,2,0,DONE,4194304,4194304,4194304,10035354119,-1,0
0.04182,3,0,DONE,4194304,4194304,4194304,7472990551,-1,0
0.04184,0,0,INJECTING,732261799,732261799,5027229095,317046480964,-1,0
0.04184,1,0,DONE,4194304,4194304,4194304,28270287849,-1,0
0.04184,2,0,DONE,4194304,4194304,4194304,10035354119,-1,0
0.04184,3,0,DONE,4194304,4194304,4194304,7472990551,-1,0
0.04186,0,0,INJECTING,732261799,732261799,5027229095,317046480964,-1,0
0.04186,1,0,DONE,4194304,4194304,4194304,28270287849,-1,0
0.04186,2,0,DONE,4194304,4194304,4194304,10035354119,-1,0
0.04186,3,0,DONE,4194304,4194304,4194304,7472990551,-1,0
0.04188,0,0,INJECTING,732261799,732261799,5027229095,317046480964,-1,0
0.04188,1,0,DONE,4194304,4194304,4194304,28270287849,-1,0
0.04188,2,0,DONE,4194304,4194304,4194304,10035354119,-1,0
0.04188,3,0,DONE,4194304,4194304,4194304,7472990551,-1,0
0.0419,0,0,INJECTING,732261799,732261799,5027229095,317046480964,-1,0
0.0419,1,0,DONE,4194304,4194304,4194304,28270287849,-1,0
0.0419,2,0,DONE,4194304,4194304,4194304,10035354119,-1,0
0.0419,3,0,DONE,4194304,4194304,4194304,7472990551,-1,0
0.04192,0,0,INJECTING,732261799,732261799,5027229095,317046480964,-1,0
0.04192,1,0,DONE,4194304,4194304,4194304,28270287849,-1,0
0.04192,2,0,DONE,4194304,4194304,4194304,10035354119,-1,0
0.04192,3,0,DONE,4194304,4194304,4194304,7472990551,-1,0
0.04194,0,0,INJECTING,732261799,732261799,5027229095,317046480964,-1,0
0.04194,1,0,DONE,4194304,4194304,4194304,28270287849,-1,0
0.04194,2,0,DONE,4194304,4194304,4194304,10035354119,-1,0
0.04194,3,0,DONE,4194304,4194304,4194304,7472990551,-1,0
0.04196,0,0,INJECTING,732261799,732261799,5027229095,317046480964,-1,0
0.04196,1,0,DONE,4194304,4194304,4194304,28270287849,-1,0
0.04196,2,0,DONE,4194304,4194304,4194304,10035354119,-1,0
0.04196,3,0,DONE,4194304,4194304,4194304,7472990551,-1,0
0.04198,0,0,INJECTING,732261799,732261799,5027229095,317046480964,-1,0
0.04198,1,0,DONE,4194304,4194304,4194304,28270287849,-1,0
0.04198,2,0,DONE,4194304,4194304,4194304,10035354119,-1,0
0.04198,3,0,DONE,4194304,4194304,4194304,7472990551,-1,0
0.042,0,0,INJECTING,732261799,732261799,5027229095,317046480964,-1,0
0.042,1,0,DONE,4194304,4194304,4194304,28270287849,-1,0
0.042,2,0,DONE,4194304,4194304,4194304,10035354119,-1,0
0.042,3,0,DONE,4194304,4194304,4194304,7472990551,-1,0
0.04202,0,0,INJECTING,732261799,732261799,5027229095,317046480964,-1,0
0.04202,1,0,DONE,4194304,4194304,4194304,28270287849,-1,0
0.04202,2,0,DONE,4194304,4194304,4194304,10035354119,-1,0
0.04202,3,0,DONE,4194304,4194304,4194304,7472990551,-1,0
0.04204,0,0,INJECTING,732261799,732261799,5027229095,317046480964,-1,0
0.04204,1,0,DONE,4194304,4194304,4194304,28270287849,-1,0
0.04204,2,0,DONE,4194304,4194304,4194304,10035354119,-1,0
0.04204,3,0,DONE,4194304,4194304,4194304,7472990551,-1,0
0.04206,0,0,INJECTING,732261799,732261799,5027229095,317046480964,-1,0
0.04206,1,0,DONE,4194304,4194304,4194304,28270287849,-1,0
0.04206,2,0,DONE,4194304,4194304,4194304,10035354119,-1,0
0.04206,3,0,DONE,4194304,4194304,4194304,7472990551,-1,0
0.04208,0,0,INJECTING,732261799,732261799,5027229095,317046480964,-1,0
0.04208,1,0,DONE,4194304,4194304,4194304,28270287849,-1,0
0.04208,2,0,DONE,4194304,4194304,4194304,10035354119,-1,0
0.04208,3,0,DONE,4194304,4194304,4194304,7472990551,-1,0
0.0421,0,0,INJECTING,732261799,732261799,5027229095,317046480964,-1,0
0.0421,1,0,DONE,4194304,4194304,4194304,28270287849,-1,0
0.0421,2,0,DONE,4194304,4194304,4194304,10035354119,-1,0
0.0421,3,0,DONE,4194304,4194304,4194304,7472990551,-1,0
0.04212,0,0,INJECTING,732261799,732261799,5027229095,317046480964,-1,0
0.04212,1,0,DONE,4194304,4194304,4194304,28270287849,-1,0
0.04212,2,0,DONE,4194304,4194304,4194304,10035354119,-1,0
0.04212,3,0,DONE,4194304,4194304,4194304,7472990551,-1,0
0.04214,0,0,INJECTING,732261799,732261799,5027229095,317046480964,-1,0
0.04214,1,0,DONE,4194304,4194304,4194304,28270287849,-1,0
0.04214,2,0,DONE,4194304,4194304,4194304,10035354119,-1,0
0.04214,3,0,DONE,4194304,4194304,4194304,7472990551,-1,0
0.04216,0,0,INJECTING,732261799,732261799,5027229095,317046480964,-1,0
0.04216,1,0,DONE,4194304,4194304,4194304,28270287849,-1,0
0.04216,2,0,DONE,4194304,4194304,4194304,10035354119,-1,0
0.04216,3,0,DONE,4194304,4194304,4194304,7472990551,-1,0
0.04218,0,0,INJECTING,732261799,732261799,5027229095,317046480964,-1,0
0.04218,1,0,DONE,4194304,4194304,4194304,28270287849,-1,0
0.04218,2,0,DONE,4194304,4194304,4194304,10035354119,-1,0
0.04218,3,0,DONE,4194304,4194304,4194304,7472990551,-1,0
0.0422,0,0,INJECTING,732261799,732261799,5027229095,317046480964,-1,0
0.0422,1,0,DONE,4194304,4194304,4194304,28270287849,-1,0
0.0422,2,0,DONE,4194304,4194304,4194304,10035354119,-1,0
0.0422,3,0,DONE,4194304,4194304,4194304,7472990551,-1,0
0.04222,0,0,INJECTING,732261799,732261799,5027229095,317046480964,-1,0
0.04222,1,0,DONE,4194304,4194304,4194304,28270287849,-1,0
0.04222,2,0,DONE,4194304,4194304,4194304,10035354119,-1,0
0.04222,3,0,DONE,4194304,4194304,4194304,7472990551,-1,0
0.04224,0,0,INJECTING,732261799,732261799,5027229095,317046480964,-1,0
0.04224,1,0,DONE,4194304,4194304,4194304,28270287849,-1,0
0.04224,2,0,DONE,4194304,4194304,4194304,10035354119,-1,0
0.04224,3,0,DONE,4194304,4194304,4194304,7472990551,-1,0
0.04226,0,0,INJECTING,732261799,732261799,5027229095,317046480964,-1,0
0.04226,1,0,DONE,4194304,4194304,4194304,28270287849,-1,0
0.04226,2,0,DONE,4194304,4194304,4194304,10035354119,-1,0
0.04226,3,0,DONE,4194304,4194304,4194304,7472990551,-1,0
0.04228,0,0,INJECTING,732261799,732261799,5027229095,317046480964,-1,0
0.04228,1,0,DONE,4194304,4194304,4194304,28270287849,-1,0
0.04228,2,0,DONE,4194304,4194304,4194304,10035354119,-1,0
0.04228,3,0,DONE,4194304,4194304,4194304,7472990551,-1,0
0.0423,0,0,INJECTING,732261799,732261799,5027229095,317046480964,-1,0
0.0423,1,0,DONE,4194304,4194304,4194304,28270287849,-1,0
0.0423,2,0,DONE,4194304,4194304,4194304,10035354119,-1,0
0.0423,3,0,DONE,4194304,4194304,4194304,7472990551,-1,0
0.04232,0,0,INJECTING,732261799,732261799,5027229095,317046480964,-1,0
0.04232,1,0,DONE,4194304,4194304,4194304,28270287849,-1,0
0.04232,2,0,DONE,4194304,4194304,4194304,10035354119,-1,0
0.04232,3,0,DONE,4194304,4194304,4194304,7472990551,-1,0
0.04234,0,0,INJECTING,732261799,732261799,5027229095,317046480964,-1,0
0.04234,1,0,DONE,4194304,4194304,4194304,28270287849,-1,0
0.04234,2,0,DONE,4194304,4194304,4194304,10035354119,-1,0
0.04234,3,0,DONE,4194304,4194304,4194304,7472990551,-1,0
0.04236,0,0,INJECTING,732261799,732261799,5027229095,317046480964,-1,0
0.04236,1,0,DONE,4194304,4194304,4194304,28270287849,-1,0
0.04236,2,0,DONE,4194304,4194304,4194304,10035354119,-1,0
0.04236,3,0,DONE,4194304,4194304,4194304,7472990551,-1,0
0.04238,0,0,INJECTING,732261799,732261799,5027229095,317046480964,-1,0
0.04238,1,0,DONE,4194304,4194304,4194304,28270287849,-1,0
0.04238,2,0,DONE,4194304,4194304,4194304,10035354119,-1,0
0.04238,3,0,DONE,4194304,4194304,4194304,7472990551,-1,0
0.0424,0,0,INJECTING,732261799,732261799,5027229095,317046480964,-1,0
0.0424,1,0,DONE,4194304,4194304,4194304,28270287849,-1,0
0.0424,2,0,DONE,4194304,4194304,4194304,10035354119,-1,0
0.0424,3,0,DONE,4194304,4194304,4194304,7472990551,-1,0
0.04242,0,0,INJECTING,732261799,732261799,5027229095,317046480964,-1,0
0.04242,1,0,DONE,4194304,4194304,4194304,28270287849,-1,0
0.04242,2,0,DONE,4194304,4194304,4194304,10035354119,-1,0
0.04242,3,0,DONE,4194304,4194304,4194304,7472990551,-1,0
0.04244,0,0,INJECTING,732261799,732261799,5027229095,317046480964,-1,0
0.04244,1,0,DONE,4194304,4194304,4194304,28270287849,-1,0
0.04244,2,0,DONE,4194304,4194304,4194304,10035354119,-1,0
0.04244,3,0,DONE,4194304,4194304,4194304,7472990551,-1,0
0.04246,0,0,INJECTING,732261799,732261799,5027229095,317046480964,-1,0
0.04246,1,0,DONE,4194304,4194304,4194304,28270287849,-1,0
0.04246,2,0,DONE,4194304,4194304,4194304,10035354119,-1,0
0.04246,3,0,DONE,4194304,4194304,4194304,7472990551,-1,0
0.04248,0,0,INJECTING,732261799,732261799,5027229095,317046480964,-1,0
0.04248,1,0,DONE,4194304,4194304,4194304,28270287849,-1,0
0.04248,2,0,DONE,4194304,4194304,4194304,10035354119,-1,0
0.04248,3,0,DONE,4194304,4194304,4194304,7472990551,-1,0
0.0425,0,0,INJECTING,732261799,732261799,5027229095,317046480964,-1,0
0.0425,1,0,DONE,4194304,4194304,4194304,28270287849,-1,0
0.0425,2,0,DONE,4194304,4194304,4194304,10035354119,-1,0
0.0425,3,0,DONE,4194304,4194304,4194304,7472990551,-1,0
0.04252,0,0,INJECTING,732261799,732261799,5027229095,317046480964,-1,0
0.04252,1,0,DONE,4194304,4194304,4194304,28270287849,-1,0
0.04252,2,0,DONE,4194304,4194304,4194304,10035354119,-1,0
0.04252,3,0,DONE,4194304,4194304,4194304,7472990551,-1,0
0.04254,0,0,INJECTING,732261799,732261799,5027229095,317046480964,-1,0
0.04254,1,0,DONE,4194304,4194304,4194304,28270287849,-1,0
0.04254,2,0,DONE,4194304,4194304,4194304,10035354119,-1,0
0.04254,3,0,DONE,4194304,4194304,4194304,7472990551,-1,0
0.04256,0,0,INJECTING,732261799,732261799,5027229095,317046480964,-1,0
0.04256,1,0,DONE,4194304,4194304,4194304,28270287849,-1,0
0.04256,2,0,DONE,4194304,4194304,4194304,10035354119,-1,0
0.04256,3,0,DONE,4194304,4194304,4194304,7472990551,-1,0
0.04258,0,0,INJECTING,732261799,732261799,5027229095,317046480964,-1,0
0.04258,1,0,DONE,4194304,4194304,4194304,28270287849,-1,0
0.04258,2,0,DONE,4194304,4194304,4194304,10035354119,-1,0
0.04258,3,0,DONE,4194304,4194304,4194304,7472990551,-1,0
0.0426,0,0,INJECTING,732261799,732261799,5027229095,317046480964,-1,0
0.0426,1,0,DONE,4194304,4194304,4194304,28270287849,-1,0
0.0426,2,0,DONE,4194304,4194304,4194304,10035354119,-1,0
0.0426,3,0,DONE,4194304,4194304,4194304,7472990551,-1,0
0.04262,0,0,INJECTING,732261799,732261799,5027229095,317046480964,-1,0
0.04262,1,0,DONE,4194304,4194304,4194304,28270287849,-1,0
0.04262,2,0,DONE,4194304,4194304,4194304,10035354119,-1,0
0.04262,3,0,DONE,4194304,4194304,4194304,7472990551,-1,0
0.04264,0,0,INJECTING,732261799,732261799,5027229095,317046480964,-1,0
0.04264,1,0,DONE,4194304,4194304,4194304,28270287849,-1,0
0.04264,2,0,DONE,4194304,4194304,4194304,10035354119,-1,0
0.04264,3,0,DONE,4194304,4194304,4194304,7472990551,-1,0
0.04266,0,0,INJECTING,732261799,732261799,5027229095,317046480964,-1,0
0.04266,1,0,DONE,4194304,4194304,4194304,28270287849,-1,0
0.04266,2,0,DONE,4194304,4194304,4194304,10035354119,-1,0
0.04266,3,0,DONE,4194304,4194304,4194304,7472990551,-1,0
0.04268,0,0,INJECTING,732261799,732261799,5027229095,317046480964,-1,0
0.04268,1,0,DONE,4194304,4194304,4194304,28270287849,-1,0
0.04268,2,0,DONE,4194304,4194304,4194304,10035354119,-1,0
0.04268,3,0,DONE,4194304,4194304,4194304,7472990551,-1,0
0.0427,0,0,INJECTING,732261799,732261799,5027229095,317046480964,-1,0
0.0427,1,0,DONE,4194304,4194304,4194304,28270287849,-1,0
0.0427,2,0,DONE,4194304,4194304,4194304,10035354119,-1,0
0.0427,3,0,DONE,4194304,4194304,4194304,7472990551,-1,0
0.04272,0,0,INJECTING,732261799,732261799,5027229095,317046480964,-1,0
0.04272,1,0,DONE,4194304,4194304,4194304,28270287849,-1,0
0.04272,2,0,DONE,4194304,4194304,4194304,10035354119,-1,0
0.04272,3,0,DONE,4194304,4194304,4194304,7472990551,-1,0
0.04274,0,0,INJECTING,732261799,732261799,5027229095,317046480964,-1,0
0.04274,1,0,DONE,4194304,4194304,4194304,28270287849,-1,0
0.04274,2,0,DONE,4194304,4194304,4194304,10035354119,-1,0
0.04274,3,0,DONE,4194304,4194304,4194304,7472990551,-1,0
0.04276,0,0,INJECTING,732261799,732261799,5027229095,317046480964,-1,0
0.04276,1,0,DONE,4194304,4194304,4194304,28270287849,-1,0
0.04276,2,0,DONE,4194304,4194304,4194304,10035354119,-1,0
0.04276,3,0,DONE,4194304,4194304,4194304,7472990551,-1,0
0.04278,0,0,INJECTING,732261799,732261799,5027229095,317046480964,-1,0
0.04278,1,0,DONE,4194304,4194304,4194304,28270287849,-1,0
0.04278,2,0,DONE,4194304,4194304,4194304,10035354119,-1,0
0.04278,3,0,DONE,4194304,4194304,4194304,7472990551,-1,0
0.0428,0,0,INJECTING,732261799,732261799,5027229095,317046480964,-1,0
0.0428,1,0,DONE,4194304,4194304,4194304,28270287849,-1,0
0.0428,2,0,DONE,4194304,4194304,4194304,10035354119,-1,0
0.0428,3,0,DONE,4194304,4194304,4194304,7472990551,-1,0
0.04282,0,0,INJECTING,732261799,732261799,5027229095,317046480964,-1,0
0.04282,1,0,DONE,4194304,4194304,4194304,28270287849,-1,0
0.04282,2,0,DONE,4194304,4194304,4194304,10035354119,-1,0
0.04282,3,0,DONE,4194304,4194304,4194304,7472990551,-1,0
0.04284,0,0,INJECTING,732261799,732261799,5027229095,317046480964,-1,0
0.04284,1,0,DONE,4194304,4194304,4194304,28270287849,-1,0
0.04284,2,0,DONE,4194304,4194304,4194304,10035354119,-1,0
0.04284,3,0,DONE,4194304,4194304,4194304,7472990551,-1,0
0.04286,0,0,INJECTING,732261799,732261799,5027229095,317046480964,-1,0
0.04286,1,0,DONE,4194304,4194304,4194304,28270287849,-1,0
0.04286,2,0,DONE,4194304,4194304,4194304,10035354119,-1,0
0.04286,3,0,DONE,4194304,4194304,4194304,7472990551,-1,0
0.04288,0,0,INJECTING,732261799,732261799,5027229095,317046480964,-1,0
0.04288,1,0,DONE,4194304,4194304,4194304,28270287849,-1,0
0.04288,2,0,DONE,4194304,4194304,4194304,10035354119,-1,0
0.04288,3,0,DONE,4194304,4194304,4194304,7472990551,-1,0
0.0429,0,0,INJECTING,732261799,732261799,5027229095,317046480964,-1,0
0.0429,1,0,DONE,4194304,4194304,4194304,28270287849,-1,0
0.0429,2,0,DONE,4194304,4194304,4194304,10035354119,-1,0
0.0429,3,0,DONE,4194304,4194304,4194304,7472990551,-1,0
0.04292,0,0,INJECTING,732261799,732261799,5027229095,317046480964,-1,0
0.04292,1,0,DONE,4194304,4194304,4194304,28270287849,-1,0
0.04292,2,0,DONE,4194304,4194304,4194304,10035354119,-1,0
0.04292,3,0,DONE,4194304,4194304,4194304,7472990551,-1,0
0.04294,0,0,INJECTING,732261799,732261799,5027229095,317046480964,-1,0
0.04294,1,0,DONE,4194304,4194304,4194304,28270287849,-1,0
0.04294,2,0,DONE,4194304,4194304,4194304,10035354119,-1,0
0.04294,3,0,DONE,4194304,4194304,4194304,7472990551,-1,0
0.04296,0,0,INJECTING,732261799,732261799,5027229095,317046480964,-1,0
0.04296,1,0,DONE,4194304,4194304,4194304,28270287849,-1,0
0.04296,2,0,DONE,4194304,4194304,4194304,10035354119,-1,0
0.04296,3,0,DONE,4194304,4194304,4194304,7472990551,-1,0
0.04298,0,0,INJECTING,732261799,732261799,5027229095,317046480964,-1,0
0.04298,1,0,DONE,4194304,4194304,4194304,28270287849,-1,0
0.04298,2,0,DONE,4194304,4194304,4194304,10035354119,-1,0
0.04298,3,0,DONE,4194304,4194304,4194304,7472990551,-1,0
0.043,0,0,INJECTING,732261799,732261799,5027229095,317046480964,-1,0
0.043,1,0,DONE,4194304,4194304,4194304,28270287849,-1,0
0.043,2,0,DONE,4194304,4194304,4194304,10035354119,-1,0
0.043,3,0,DONE,4194304,4194304,4194304,7472990551,-1,0
0.04302,0,0,INJECTING,732261799,732261799,5027229095,317046480964,-1,0
0.04302,1,0,DONE,4194304,4194304,4194304,28270287849,-1,0
0.04302,2,0,DONE,4194304,4194304,4194304,10035354119,-1,0
0.04302,3,0,DONE,4194304,4194304,4194304,7472990551,-1,0
0.04304,0,0,INJECTING,732261799,732261799,5027229095,317046480964,-1,0
0.04304,1,0,DONE,4194304,4194304,4194304,28270287849,-1,0
0.04304,2,0,DONE,4194304,4194304,4194304,10035354119,-1,0
0.04304,3,0,DONE,4194304,4194304,4194304,7472990551,-1,0
0.04306,0,0,INJECTING,732261799,732261799,5027229095,317046480964,-1,0
0.04306,1,0,DONE,4194304,4194304,4194304,28270287849,-1,0
0.04306,2,0,DONE,4194304,4194304,4194304,10035354119,-1,0
0.04306,3,0,DONE,4194304,4194304,4194304,7472990551,-1,0
0.04308,0,0,INJECTING,732261799,732261799,5027229095,317046480964,-1,0
0.04308,1,0,DONE,4194304,4194304,4194304,28270287849,-1,0
0.04308,2,0,DONE,4194304,4194304,4194304,10035354119,-1,0
0.04308,3,0,DONE,4194304,4194304,4194304,7472990551,-1,0
0.0431,0,0,INJECTING,732261799,732261799,5027229095,317046480964,-1,0
0.0431,1,0,DONE,4194304,4194304,4194304,28270287849,-1,0
0.0431,2,0,DONE,4194304,4194304,4194304,10035354119,-1,0
0.0431,3,0,DONE,4194304,4194304,4194304,7472990551,-1,0
0.04312,0,0,INJECTING,732261799,732261799,5027229095,317046480964,-1,0
0.04312,1,0,DONE,4194304,4194304,4194304,28270287849,-1,0
0.04312,2,0,DONE,4194304,4194304,4194304,10035354119,-1,0
0.04312,3,0,DONE,4194304,4194304,4194304,7472990551,-1,0
0.04314,0,0,INJECTING,732261799,732261799,5027229095,317046480964,-1,0
0.04314,1,0,DONE,4194304,4194304,4194304,28270287849,-1,0
0.04314,2,0,DONE,4194304,4194304,4194304,10035354119,-1,0
0.04314,3,0,DONE,4194304,4194304,4194304,7472990551,-1,0
0.04316,0,0,INJECTING,732261799,732261799,5027229095,317046480964,-1,0
0.04316,1,0,DONE,4194304,4194304,4194304,28270287849,-1,0
0.04316,2,0,DONE,4194304,4194304,4194304,10035354119,-1,0
0.04316,3,0,DONE,4194304,4194304,4194304,7472990551,-1,0
0.04318,0,0,INJECTING,732261799,732261799,5027229095,317046480964,-1,0
0.04318,1,0,DONE,4194304,4194304,4194304,28270287849,-1,0
0.04318,2,0,DONE,4194304,4194304,4194304,10035354119,-1,0
0.04318,3,0,DONE,4194304,4194304,4194304,7472990551,-1,0
0.0432,0,0,INJECTING,732261799,732261799,5027229095,317046480964,-1,0
0.0432,1,0,DONE,4194304,4194304,4194304,28270287849,-1,0
0.0432,2,0,DONE,4194304,4194304,4194304,10035354119,-1,0
0.0432,3,0,DONE,4194304,4194304,4194304,7472990551,-1,0
0.04322,0,0,INJECTING,732261799,732261799,5027229095,317046480964,-1,0
0.04322,1,0,DONE,4194304,4194304,4194304,28270287849,-1,0
0.04322,2,0,DONE,4194304,4194304,4194304,10035354119,-1,0
0.04322,3,0,DONE,4194304,4194304,4194304,7472990551,-1,0
0.04324,0,0,INJECTING,732261799,732261799,5027229095,317046480964,-1,0
0.04324,1,0,DONE,4194304,4194304,4194304,28270287849,-1,0
0.04324,2,0,DONE,4194304,4194304,4194304,10035354119,-1,0
0.04324,3,0,DONE,4194304,4194304,4194304,7472990551,-1,0
0.04326,0,0,INJECTING,732261799,732261799,5027229095,317046480964,-1,0
0.04326,1,0,DONE,4194304,4194304,4194304,28270287849,-1,0
0.04326,2,0,DONE,4194304,4194304,4194304,10035354119,-1,0
0.04326,3,0,DONE,4194304,4194304,4194304,7472990551,-1,0
0.04328,0,0,INJECTING,732261799,732261799,5027229095,317046480964,-1,0
0.04328,1,0,DONE,4194304,4194304,4194304,28270287849,-1,0
0.04328,2,0,DONE,4194304,4194304,4194304,10035354119,-1,0
0.04328,3,0,DONE,4194304,4194304,4194304,7472990551,-1,0
0.0433,0,0,INJECTING,732261799,732261799,5027229095,317046480964,-1,0
0.0433,1,0,DONE,4194304,4194304,4194304,28270287849,-1,0
0.0433,2,0,DONE,4194304,4194304,4194304,10035354119,-1,0
0.0433,3,0,DONE,4194304,4194304,4194304,7472990551,-1,0
0.04332,0,0,INJECTING,732261799,732261799,5027229095,317046480964,-1,0
0.04332,1,0,DONE,4194304,4194304,4194304,28270287849,-1,0
0.04332,2,0,DONE,4194304,4194304,4194304,10035354119,-1,0
0.04332,3,0,DONE,4194304,4194304,4194304,7472990551,-1,0
0.04334,0,0,INJECTING,732261799,732261799,5027229095,317046480964,-1,0
0.04334,1,0,DONE,4194304,4194304,4194304,28270287849,-1,0
0.04334,2,0,DONE,4194304,4194304,4194304,10035354119,-1,0
0.04334,3,0,DONE,4194304,4194304,4194304,7472990551,-1,0
0.04336,0,0,INJECTING,732261799,732261799,5027229095,317046480964,-1,0
0.04336,1,0,DONE,4194304,4194304,4194304,28270287849,-1,0
0.04336,2,0,DONE,4194304,4194304,4194304,10035354119,-1,0
0.04336,3,0,DONE,4194304,4194304,4194304,7472990551,-1,0
0.04338,0,0,INJECTING,732261799,732261799,5027229095,317046480964,-1,0
0.04338,1,0,DONE,4194304,4194304,4194304,28270287849,-1,0
0.04338,2,0,DONE,4194304,4194304,4194304,10035354119,-1,0
0.04338,3,0,DONE,4194304,4194304,4194304,7472990551,-1,0
0.0434,0,0,INJECTING,732261799,732261799,5027229095,317046480964,-1,0
0.0434,1,0,DONE,4194304,4194304,4194304,28270287849,-1,0
0.0434,2,0,DONE,4194304,4194304,4194304,10035354119,-1,0
0.0434,3,0,DONE,4194304,4194304,4194304,7472990551,-1,0
0.04342,0,0,INJECTING,732261799,732261799,5027229095,317046480964,-1,0
0.04342,1,0,DONE,4194304,4194304,4194304,28270287849,-1,0
0.04342,2,0,DONE,4194304,4194304,4194304,10035354119,-1,0
0.04342,3,0,DONE,4194304,4194304,4194304,7472990551,-1,0
0.04344,0,0,INJECTING,732261799,732261799,5027229095,317046480964,-1,0
0.04344,1,0,DONE,4194304,4194304,4194304,28270287849,-1,0
0.04344,2,0,DONE,4194304,4194304,4194304,10035354119,-1,0
0.04344,3,0,DONE,4194304,4194304,4194304,7472990551,-1,0
0.04346,0,0,INJECTING,732261799,732261799,5027229095,317046480964,-1,0
0.04346,1,0,DONE,4194304,4194304,4194304,28270287849,-1,0
0.04346,2,0,DONE,4194304,4194304,4194304,10035354119,-1,0
0.04346,3,0,DONE,4194304,4194304,4194304,7472990551,-1,0
0.04348,0,0,INJECTING,732261799,732261799,5027229095,317046480964,-1,0
0.04348,1,0,DONE,4194304,4194304,4194304,28270287849,-1,0
0.04348,2,0,DONE,4194304,4194304,4194304,10035354119,-1,0
0.04348,3,0,DONE,4194304,4194304,4194304,7472990551,-1,0
0.0435,0,0,INJECTING,732261799,732261799,5027229095,317046480964,-1,0
0.0435,1,0,DONE,4194304,4194304,4194304,28270287849,-1,0
0.0435,2,0,DONE,4194304,4194304,4194304,10035354119,-1,0
0.0435,3,0,DONE,4194304,4194304,4194304,7472990551,-1,0
0.04352,0,0,INJECTING,732261799,732261799,5027229095,317046480964,-1,0
0.04352,1,0,DONE,4194304,4194304,4194304,28270287849,-1,0
0.04352,2,0,DONE,4194304,4194304,4194304,10035354119,-1,0
0.04352,3,0,DONE,4194304,4194304,4194304,7472990551,-1,0
0.04354,0,0,INJECTING,732261799,732261799,5027229095,317046480964,-1,0
0.04354,1,0,DONE,4194304,4194304,4194304,28270287849,-1,0
0.04354,2,0,DONE,4194304,4194304,4194304,10035354119,-1,0
0.04354,3,0,DONE,4194304,4194304,4194304,7472990551,-1,0
0.04356,0,0,INJECTING,732261799,732261799,5027229095,317046480964,-1,0
0.04356,1,0,DONE,4194304,4194304,4194304,28270287849,-1,0
0.04356,2,0,DONE,4194304,4194304,4194304,10035354119,-1,0
0.04356,3,0,DONE,4194304,4194304,4194304,7472990551,-1,0
0.04358,0,0,INJECTING,732261799,732261799,5027229095,317046480964,-1,0
0.04358,1,0,DONE,4194304,4194304,4194304,28270287849,-1,0
0.04358,2,0,DONE,4194304,4194304,4194304,10035354119,-1,0
0.04358,3,0,DONE,4194304,4194304,4194304,7472990551,-1,0
0.0436,0,0,INJECTING,732261799,732261799,5027229095,317046480964,-1,0
0.0436,1,0,DONE,4194304,4194304,4194304,28270287849,-1,0
0.0436,2,0,DONE,4194304,4194304,4194304,10035354119,-1,0
0.0436,3,0,DONE,4194304,4194304,4194304,7472990551,-1,0
0.04362,0,0,INJECTING,732261799,732261799,5027229095,317046480964,-1,0
0.04362,1,0,DONE,4194304,4194304,4194304,28270287849,-1,0
0.04362,2,0,DONE,4194304,4194304,4194304,10035354119,-1,0
0.04362,3,0,DONE,4194304,4194304,4194304,7472990551,-1,0
0.04364,0,0,INJECTING,732261799,732261799,5027229095,317046480964,-1,0
0.04364,1,0,DONE,4194304,4194304,4194304,28270287849,-1,0
0.04364,2,0,DONE,4194304,4194304,4194304,10035354119,-1,0
0.04364,3,0,DONE,4194304,4194304,4194304,7472990551,-1,0
0.04366,0,0,INJECTING,732261799,732261799,5027229095,317046480964,-1,0
0.04366,1,0,DONE,4194304,4194304,4194304,28270287849,-1,0
0.04366,2,0,DONE,4194304,4194304,4194304,10035354119,-1,0
0.04366,3,0,DONE,4194304,4194304,4194304,7472990551,-1,0
0.04368,0,0,INJECTING,732261799,732261799,5027229095,317046480964,-1,0
0.04368,1,0,DONE,4194304,4194304,4194304,28270287849,-1,0
0.04368,2,0,DONE,4194304,4194304,4194304,10035354119,-1,0
0.04368,3,0,DONE,4194304,4194304,4194304,7472990551,-1,0
0.0437,0,0,INJECTING,732261799,732261799,5027229095,317046480964,-1,0
0.0437,1,0,DONE,4194304,4194304,4194304,28270287849,-1,0
0.0437,2,0,DONE,4194304,4194304,4194304,10035354119,-1,0
0.0437,3,0,DONE,4194304,4194304,4194304,7472990551,-1,0
0.04372,0,0,INJECTING,732261799,732261799,5027229095,317046480964,-1,0
0.04372,1,0,DONE,4194304,4194304,4194304,28270287849,-1,0
0.04372,2,0,DONE,4194304,4194304,4194304,10035354119,-1,0
0.04372,3,0,DONE,4194304,4194304,4194304,7472990551,-1,0
0.04374,0,0,INJECTING,732261799,732261799,5027229095,317046480964,-1,0
0.04374,1,0,DONE,4194304,4194304,4194304,28270287849,-1,0
0.04374,2,0,DONE,4194304,4194304,4194304,10035354119,-1,0
0.04374,3,0,DONE,4194304,4194304,4194304,7472990551,-1,0
0.04376,0,0,INJECTING,732261799,732261799,5027229095,317046480964,-1,0
0.04376,1,0,DONE,4194304,4194304,4194304,28270287849,-1,0
0.04376,2,0,DONE,4194304,4194304,4194304,10035354119,-1,0
0.04376,3,0,DONE,4194304,4194304,4194304,7472990551,-1,0
0.04378,0,0,INJECTING,732261799,732261799,5027229095,317046480964,-1,0
0.04378,1,0,DONE,4194304,4194304,4194304,28270287849,-1,0
0.04378,2,0,DONE,4194304,4194304,4194304,10035354119,-1,0
0.04378,3,0,DONE,4194304,4194304,4194304,7472990551,-1,0
0.0438,0,0,INJECTING,732261799,732261799,5027229095,317046480964,-1,0
0.0438,1,0,DONE,4194304,4194304,4194304,28270287849,-1,0
0.0438,2,0,DONE,4194304,4194304,4194304,10035354119,-1,0
0.0438,3,0,DONE,4194304,4194304,4194304,7472990551,-1,0
0.04382,0,0,INJECTING,732261799,732261799,5027229095,317046480964,-1,0
0.04382,1,0,DONE,4194304,4194304,4194304,28270287849,-1,0
0.04382,2,0,DONE,4194304,4194304,4194304,10035354119,-1,0
0.04382,3,0,DONE,4194304,4194304,4194304,7472990551,-1,0
0.04384,0,0,INJECTING,732261799,732261799,5027229095,317046480964,-1,0
0.04384,1,0,DONE,4194304,4194304,4194304,28270287849,-1,0
0.04384,2,0,DONE,4194304,4194304,4194304,10035354119,-1,0
0.04384,3,0,DONE,4194304,4194304,4194304,7472990551,-1,0
0.04386,0,0,INJECTING,732261799,732261799,5027229095,317046480964,-1,0
0.04386,1,0,DONE,4194304,4194304,4194304,28270287849,-1,0
0.04386,2,0,DONE,4194304,4194304,4194304,10035354119,-1,0
0.04386,3,0,DONE,4194304,4194304,4194304,7472990551,-1,0
0.04388,0,0,INJECTING,732261799,732261799,5027229095,317046480964,-1,0
0.04388,1,0,DONE,4194304,4194304,4194304,28270287849,-1,0
0.04388,2,0,DONE,4194304,4194304,4194304,10035354119,-1,0
0.04388,3,0,DONE,4194304,4194304,4194304,7472990551,-1,0
0.0439,0,0,INJECTING,732261799,732261799,5027229095,317046480964,-1,0
0.0439,1,0,DONE,4194304,4194304,4194304,28270287849,-1,0
0.0439,2,0,DONE,4194304,4194304,4194304,10035354119,-1,0
0.0439,3,0,DONE,4194304,4194304,4194304,7472990551,-1,0
0.04392,0,0,INJECTING,732261799,732261799,5027229095,317046480964,-1,0
0.04392,1,0,DONE,4194304,4194304,4194304,28270287849,-1,0
0.04392,2,0,DONE,4194304,4194304,4194304,10035354119,-1,0
0.04392,3,0,DONE,4194304,4194304,4194304,7472990551,-1,0
0.04394,0,0,INJECTING,732261799,732261799,5027229095,317046480964,-1,0
0.04394,1,0,DONE,4194304,4194304,4194304,28270287849,-1,0
0.04394,2,0,DONE,4194304,4194304,4194304,10035354119,-1,0
0.04394,3,0,DONE,4194304,4194304,4194304,7472990551,-1,0
0.04396,0,0,INJECTING,732261799,732261799,5027229095,317046480964,-1,0
0.04396,1,0,DONE,4194304,4194304,4194304,28270287849,-1,0
0.04396,2,0,DONE,4194304,4194304,4194304,10035354119,-1,0
0.04396,3,0,DONE,4194304,4194304,4194304,7472990551,-1,0
0.04398,0,0,INJECTING,732261799,732261799,5027229095,317046480964,-1,0
0.04398,1,0,DONE,4194304,4194304,4194304,28270287849,-1,0
0.04398,2,0,DONE,4194304,4194304,4194304,10035354119,-1,0
0.04398,3,0,DONE,4194304,4194304,4194304,7472990551,-1,0
0.044,0,0,INJECTING,732261799,732261799,5027229095,317046480964,-1,0
0.044,1,0,DONE,4194304,4194304,4194304,28270287849,-1,0
0.044,2,0,DONE,4194304,4194304,4194304,10035354119,-1,0
0.044,3,0,DONE,4194304,4194304,4194304,7472990551,-1,0
0.04402,0,0,INJECTING,732261799,732261799,5027229095,317046480964,-1,0
0.04402,1,0,DONE,4194304,4194304,4194304,28270287849,-1,0
0.04402,2,0,DONE,4194304,4194304,4194304,10035354119,-1,0
0.04402,3,0,DONE,4194304,4194304,4194304,7472990551,-1,0
0.04404,0,0,INJECTING,732261799,732261799,5027229095,317046480964,-1,0
0.04404,1,0,DONE,4194304,4194304,4194304,28270287849,-1,0
0.04404,2,0,DONE,4194304,4194304,4194304,10035354119,-1,0
0.04404,3,0,DONE,4194304,4194304,4194304,7472990551,-1,0
0.04406,0,0,INJECTING,732261799,732261799,5027229095,317046480964,-1,0
0.04406,1,0,DONE,4194304,4194304,4194304,28270287849,-1,0
0.04406,2,0,DONE,4194304,4194304,4194304,10035354119,-1,0
0.04406,3,0,DONE,4194304,4194304,4194304,7472990551,-1,0
0.04408,0,0,INJECTING,732261799,732261799,5027229095,317046480964,-1,0
0.04408,1,0,DONE,4194304,4194304,4194304,28270287849,-1,0
0.04408,2,0,DONE,4194304,4194304,4194304,10035354119,-1,0
0.04408,3,0,DONE,4194304,4194304,4194304,7472990551,-1,0
0.0441,0,0,INJECTING,732261799,732261799,5027229095,317046480964,-1,0
0.0441,1,0,DONE,4194304,4194304,4194304,28270287849,-1,0
0.0441,2,0,DONE,4194304,4194304,4194304,10035354119,-1,0
0.0441,3,0,DONE,4194304,4194304,4194304,7472990551,-1,0
0.04412,0,0,INJECTING,732261799,732261799,5027229095,317046480964,-1,0
0.04412,1,0,DONE,4194304,4194304,4194304,28270287849,-1,0
0.04412,2,0,DONE,4194304,4194304,4194304,10035354119,-1,0
0.04412,3,0,DONE,4194304,4194304,4194304,7472990551,-1,0
0.04414,0,0,INJECTING,732261799,732261799,5027229095,317046480964,-1,0
0.04414,1,0,DONE,4194304,4194304,4194304,28270287849,-1,0
0.04414,2,0,DONE,4194304,4194304,4194304,10035354119,-1,0
0.04414,3,0,DONE,4194304,4194304,4194304,7472990551,-1,0
0.04416,0,0,INJECTING,732261799,732261799,5027229095,317046480964,-1,0
0.04416,1,0,DONE,4194304,4194304,4194304,28270287849,-1,0
0.04416,2,0,DONE,4194304,4194304,4194304,10035354119,-1,0
0.04416,3,0,DONE,4194304,4194304,4194304,7472990551,-1,0
0.04418,0,0,INJECTING,732261799,732261799,5027229095,317046480964,-1,0
0.04418,1,0,DONE,4194304,4194304,4194304,28270287849,-1,0
0.04418,2,0,DONE,4194304,4194304,4194304,10035354119,-1,0
0.04418,3,0,DONE,4194304,4194304,4194304,7472990551,-1,0
0.0442,0,0,INJECTING,732261799,732261799,5027229095,317046480964,-1,0
0.0442,1,0,DONE,4194304,4194304,4194304,28270287849,-1,0
0.0442,2,0,DONE,4194304,4194304,4194304,10035354119,-1,0
0.0442,3,0,DONE,4194304,4194304,4194304,7472990551,-1,0
0.04422,0,0,INJECTING,732261799,732261799,5027229095,317046480964,-1,0
0.04422,1,0,DONE,4194304,4194304,4194304,28270287849,-1,0
0.04422,2,0,DONE,4194304,4194304,4194304,10035354119,-1,0
0.04422,3,0,DONE,4194304,4194304,4194304,7472990551,-1,0
0.04424,0,0,INJECTING,732261799,732261799,5027229095,317046480964,-1,0
0.04424,1,0,DONE,4194304,4194304,4194304,28270287849,-1,0
0.04424,2,0,DONE,4194304,4194304,4194304,10035354119,-1,0
0.04424,3,0,DONE,4194304,4194304,4194304,7472990551,-1,0
0.04426,0,0,INJECTING,732261799,732261799,5027229095,317046480964,-1,0
0.04426,1,0,DONE,4194304,4194304,4194304,28270287849,-1,0
0.04426,2,0,DONE,4194304,4194304,4194304,10035354119,-1,0
0.04426,3,0,DONE,4194304,4194304,4194304,7472990551,-1,0
0.04428,0,0,INJECTING,732261799,732261799,5027229095,317046480964,-1,0
0.04428,1,0,DONE,4194304,4194304,4194304,28270287849,-1,0
0.04428,2,0,DONE,4194304,4194304,4194304,10035354119,-1,0
0.04428,3,0,DONE,4194304,4194304,4194304,7472990551,-1,0
0.0443,0,0,INJECTING,732261799,732261799,5027229095,317046480964,-1,0
0.0443,1,0,DONE,4194304,4194304,4194304,28270287849,-1,0
0.0443,2,0,DONE,4194304,4194304,4194304,10035354119,-1,0
0.0443,3,0,DONE,4194304,4194304,4194304,7472990551,-1,0
0.04432,0,0,INJECTING,732261799,732261799,5027229095,317046480964,-1,0
0.04432,1,0,DONE,4194304,4194304,4194304,28270287849,-1,0
0.04432,2,0,DONE,4194304,4194304,4194304,10035354119,-1,0
0.04432,3,0,DONE,4194304,4194304,4194304,7472990551,-1,0
0.04434,0,0,INJECTING,732261799,732261799,5027229095,317046480964,-1,0
0.04434,1,0,DONE,4194304,4194304,4194304,28270287849,-1,0
0.04434,2,0,DONE,4194304,4194304,4194304,10035354119,-1,0
0.04434,3,0,DONE,4194304,4194304,4194304,7472990551,-1,0
0.04436,0,0,INJECTING,732261799,732261799,5027229095,317046480964,-1,0
0.04436,1,0,DONE,4194304,4194304,4194304,28270287849,-1,0
0.04436,2,0,DONE,4194304,4194304,4194304,10035354119,-1,0
0.04436,3,0,DONE,4194304,4194304,4194304,7472990551,-1,0
0.04438,0,0,INJECTING,732261799,732261799,5027229095,317046480964,-1,0
0.04438,1,0,DONE,4194304,4194304,4194304,28270287849,-1,0
0.04438,2,0,DONE,4194304,4194304,4194304,10035354119,-1,0
0.04438,3,0,DONE,4194304,4194304,4194304,7472990551,-1,0
0.0444,0,0,INJECTING,732261799,732261799,5027229095,317046480964,-1,0
0.0444,1,0,DONE,4194304,4194304,4194304,28270287849,-1,0
0.0444,2,0,DONE,4194304,4194304,4194304,10035354119,-1,0
0.0444,3,0,DONE,4194304,4194304,4194304,7472990551,-1,0
0.04442,0,0,INJECTING,732261799,732261799,5027229095,317046480964,-1,0
0.04442,1,0,DONE,4194304,4194304,4194304,28270287849,-1,0
0.04442,2,0,DONE,4194304,4194304,4194304,10035354119,-1,0
0.04442,3,0,DONE,4194304,4194304,4194304,7472990551,-1,0
0.04444,0,0,INJECTING,732261799,732261799,5027229095,317046480964,-1,0
0.04444,1,0,DONE,4194304,4194304,4194304,28270287849,-1,0
0.04444,2,0,DONE,4194304,4194304,4194304,10035354119,-1,0
0.04444,3,0,DONE,4194304,4194304,4194304,7472990551,-1,0
0.04446,0,0,INJECTING,732261799,732261799,5027229095,317046480964,-1,0
0.04446,1,0,DONE,4194304,4194304,4194304,28270287849,-1,0
0.04446,2,0,DONE,4194304,4194304,4194304,10035354119,-1,0
0.04446,3,0,DONE,4194304,4194304,4194304,7472990551,-1,0
0.04448,0,0,INJECTING,732261799,732261799,5027229095,317046480964,-1,0
0.04448,1,0,DONE,4194304,4194304,4194304,28270287849,-1,0
0.04448,2,0,DONE,4194304,4194304,4194304,10035354119,-1,0
0.04448,3,0,DONE,4194304,4194304,4194304,7472990551,-1,0
0.0445,0,0,INJECTING,732261799,732261799,5027229095,317046480964,-1,0
0.0445,1,0,DONE,4194304,4194304,4194304,28270287849,-1,0
0.0445,2,0,DONE,4194304,4194304,4194304,10035354119,-1,0
0.0445,3,0,DONE,4194304,4194304,4194304,7472990551,-1,0
0.04452,0,0,INJECTING,732261799,732261799,5027229095,317046480964,-1,0
0.04452,1,0,DONE,4194304,4194304,4194304,28270287849,-1,0
0.04452,2,0,DONE,4194304,4194304,4194304,10035354119,-1,0
0.04452,3,0,DONE,4194304,4194304,4194304,7472990551,-1,0
0.04454,0,0,INJECTING,732261799,732261799,5027229095,317046480964,-1,0
0.04454,1,0,DONE,4194304,4194304,4194304,28270287849,-1,0
0.04454,2,0,DONE,4194304,4194304,4194304,10035354119,-1,0
0.04454,3,0,DONE,4194304,4194304,4194304,7472990551,-1,0
0.04456,0,0,INJECTING,732261799,732261799,5027229095,317046480964,-1,0
0.04456,1,0,DONE,4194304,4194304,4194304,28270287849,-1,0
0.04456,2,0,DONE,4194304,4194304,4194304,10035354119,-1,0
0.04456,3,0,DONE,4194304,4194304,4194304,7472990551,-1,0
0.04458,0,0,INJECTING,732261799,732261799,5027229095,317046480964,-1,0
0.04458,1,0,DONE,4194304,4194304,4194304,28270287849,-1,0
0.04458,2,0,DONE,4194304,4194304,4194304,10035354119,-1,0
0.04458,3,0,DONE,4194304,4194304,4194304,7472990551,-1,0
0.0446,0,0,INJECTING,732261799,732261799,5027229095,317046480964,-1,0
0.0446,1,0,DONE,4194304,4194304,4194304,28270287849,-1,0
0.0446,2,0,DONE,4194304,4194304,4194304,10035354119,-1,0
0.0446,3,0,DONE,4194304,4194304,4194304,7472990551,-1,0
0.04462,0,0,INJECTING,732261799,732261799,5027229095,317046480964,-1,0
0.04462,1,0,DONE,4194304,4194304,4194304,28270287849,-1,0
0.04462,2,0,DONE,4194304,4194304,4194304,10035354119,-1,0
0.04462,3,0,DONE,4194304,4194304,4194304,7472990551,-1,0
0.04464,0,0,INJECTING,732261799,732261799,5027229095,317046480964,-1,0
0.04464,1,0,DONE,4194304,4194304,4194304,28270287849,-1,0
0.04464,2,0,DONE,4194304,4194304,4194304,10035354119,-1,0
0.04464,3,0,DONE,4194304,4194304,4194304,7472990551,-1,0
0.04466,0,0,INJECTING,732261799,732261799,5027229095,317046480964,-1,0
0.04466,1,0,DONE,4194304,4194304,4194304,28270287849,-1,0
0.04466,2,0,DONE,4194304,4194304,4194304,10035354119,-1,0
0.04466,3,0,DONE,4194304,4194304,4194304,7472990551,-1,0
0.04468,0,0,INJECTING,732261799,732261799,5027229095,317046480964,-1,0
0.04468,1,0,DONE,4194304,4194304,4194304,28270287849,-1,0
0.04468,2,0,DONE,4194304,4194304,4194304,10035354119,-1,0
0.04468,3,0,DONE,4194304,4194304,4194304,7472990551,-1,0
0.0447,0,0,INJECTING,732261799,732261799,5027229095,317046480964,-1,0
0.0447,1,0,DONE,4194304,4194304,4194304,28270287849,-1,0
0.0447,2,0,DONE,4194304,4194304,4194304,10035354119,-1,0
0.0447,3,0,DONE,4194304,4194304,4194304,7472990551,-1,0
0.04472,0,0,INJECTING,732261799,732261799,5027229095,317046480964,-1,0
0.04472,1,0,DONE,4194304,4194304,4194304,28270287849,-1,0
0.04472,2,0,DONE,4194304,4194304,4194304,10035354119,-1,0
0.04472,3,0,DONE,4194304,4194304,4194304,7472990551,-1,0
0.04474,0,0,INJECTING,732261799,732261799,5027229095,317046480964,-1,0
0.04474,1,0,DONE,4194304,4194304,4194304,28270287849,-1,0
0.04474,2,0,DONE,4194304,4194304,4194304,10035354119,-1,0
0.04474,3,0,DONE,4194304,4194304,4194304,7472990551,-1,0
0.04476,0,0,INJECTING,732261799,732261799,5027229095,317046480964,-1,0
0.04476,1,0,DONE,4194304,4194304,4194304,28270287849,-1,0
0.04476,2,0,DONE,4194304,4194304,4194304,10035354119,-1,0
0.04476,3,0,DONE,4194304,4194304,4194304,7472990551,-1,0
0.04478,0,0,INJECTING,732261799,732261799,5027229095,317046480964,-1,0
0.04478,1,0,DONE,4194304,4194304,4194304,28270287849,-1,0
0.04478,2,0,DONE,4194304,4194304,4194304,10035354119,-1,0
0.04478,3,0,DONE,4194304,4194304,4194304,7472990551,-1,0
0.0448,0,0,INJECTING,732261799,732261799,5027229095,317046480964,-1,0
0.0448,1,0,DONE,4194304,4194304,4194304,28270287849,-1,0
0.0448,2,0,DONE,4194304,4194304,4194304,10035354119,-1,0
0.0448,3,0,DONE,4194304,4194304,4194304,7472990551,-1,0
0.04482,0,0,INJECTING,732261799,732261799,5027229095,317046480964,-1,0
0.04482,1,0,DONE,4194304,4194304,4194304,28270287849,-1,0
0.04482,2,0,DONE,4194304,4194304,4194304,10035354119,-1,0
0.04482,3,0,DONE,4194304,4194304,4194304,7472990551,-1,0
0.04484,0,0,INJECTING,732261799,732261799,5027229095,317046480964,-1,0
0.04484,1,0,DONE,4194304,4194304,4194304,28270287849,-1,0
0.04484,2,0,DONE,4194304,4194304,4194304,10035354119,-1,0
0.04484,3,0,DONE,4194304,4194304,4194304,7472990551,-1,0
0.04486,0,0,INJECTING,732261799,732261799,5027229095,317046480964,-1,0
0.04486,1,0,DONE,4194304,4194304,4194304,28270287849,-1,0
0.04486,2,0,DONE,4194304,4194304,4194304,10035354119,-1,0
0.04486,3,0,DONE,4194304,4194304,4194304,7472990551,-1,0
0.04488,0,0,INJECTING,732261799,732261799,5027229095,317046480964,-1,0
0.04488,1,0,DONE,4194304,4194304,4194304,28270287849,-1,0
0.04488,2,0,DONE,4194304,4194304,4194304,10035354119,-1,0
0.04488,3,0,DONE,4194304,4194304,4194304,7472990551,-1,0
0.0449,0,0,INJECTING,732261799,732261799,5027229095,317046480964,-1,0
0.0449,1,0,DONE,4194304,4194304,4194304,28270287849,-1,0
0.0449,2,0,DONE,4194304,4194304,4194304,10035354119,-1,0
0.0449,3,0,DONE,4194304,4194304,4194304,7472990551,-1,0
0.04492,0,0,INJECTING,732261799,732261799,5027229095,317046480964,-1,0
0.04492,1,0,DONE,4194304,4194304,4194304,28270287849,-1,0
0.04492,2,0,DONE,4194304,4194304,4194304,10035354119,-1,0
0.04492,3,0,DONE,4194304,4194304,4194304,7472990551,-1,0
0.04494,0,0,INJECTING,732261799,732261799,5027229095,317046480964,-1,0
0.04494,1,0,DONE,4194304,4194304,4194304,28270287849,-1,0
0.04494,2,0,DONE,4194304,4194304,4194304,10035354119,-1,0
0.04494,3,0,DONE,4194304,4194304,4194304,7472990551,-1,0
0.04496,0,0,INJECTING,732261799,732261799,5027229095,317046480964,-1,0
0.04496,1,0,DONE,4194304,4194304,4194304,28270287849,-1,0
0.04496,2,0,DONE,4194304,4194304,4194304,10035354119,-1,0
0.04496,3,0,DONE,4194304,4194304,4194304,7472990551,-1,0
0.04498,0,0,INJECTING,732261799,732261799,5027229095,317046480964,-1,0
0.04498,1,0,DONE,4194304,4194304,4194304,28270287849,-1,0
0.04498,2,0,DONE,4194304,4194304,4194304,10035354119,-1,0
0.04498,3,0,DONE,4194304,4194304,4194304,7472990551,-1,0
0.045,0,0,INJECTING,732261799,732261799,5027229095,317046480964,-1,0
0.045,1,0,DONE,4194304,4194304,4194304,28270287849,-1,0
0.045,2,0,DONE,4194304,4194304,4194304,10035354119,-1,0
0.045,3,0,DONE,4194304,4194304,4194304,7472990551,-1,0
0.04502,0,0,INJECTING,732261799,732261799,5027229095,317046480964,-1,0
0.04502,1,0,DONE,4194304,4194304,4194304,28270287849,-1,0
0.04502,2,0,DONE,4194304,4194304,4194304,10035354119,-1,0
0.04502,3,0,DONE,4194304,4194304,4194304,7472990551,-1,0
0.04504,0,0,INJECTING,732261799,732261799,5027229095,317046480964,-1,0
0.04504,1,0,DONE,4194304,4194304,4194304,28270287849,-1,0
0.04504,2,0,DONE,4194304,4194304,4194304,10035354119,-1,0
0.04504,3,0,DONE,4194304,4194304,4194304,7472990551,-1,0
0.04506,0,0,INJECTING,732261799,732261799,5027229095,317046480964,-1,0
0.04506,1,0,DONE,4194304,4194304,4194304,28270287849,-1,0
0.04506,2,0,DONE,4194304,4194304,4194304,10035354119,-1,0
0.04506,3,0,DONE,4194304,4194304,4194304,7472990551,-1,0
0.04508,0,0,INJECTING,732261799,732261799,5027229095,317046480964,-1,0
0.04508,1,0,DONE,4194304,4194304,4194304,28270287849,-1,0
0.04508,2,0,DONE,4194304,4194304,4194304,10035354119,-1,0
0.04508,3,0,DONE,4194304,4194304,4194304,7472990551,-1,0
0.0451,0,0,INJECTING,732261799,732261799,5027229095,317046480964,-1,0
0.0451,1,0,DONE,4194304,4194304,4194304,28270287849,-1,0
0.0451,2,0,DONE,4194304,4194304,4194304,10035354119,-1,0
0.0451,3,0,DONE,4194304,4194304,4194304,7472990551,-1,0
0.04512,0,0,INJECTING,732261799,732261799,5027229095,317046480964,-1,0
0.04512,1,0,DONE,4194304,4194304,4194304,28270287849,-1,0
0.04512,2,0,DONE,4194304,4194304,4194304,10035354119,-1,0
0.04512,3,0,DONE,4194304,4194304,4194304,7472990551,-1,0
0.04514,0,0,INJECTING,732261799,732261799,5027229095,317046480964,-1,0
0.04514,1,0,DONE,4194304,4194304,4194304,28270287849,-1,0
0.04514,2,0,DONE,4194304,4194304,4194304,10035354119,-1,0
0.04514,3,0,DONE,4194304,4194304,4194304,7472990551,-1,0
0.04516,0,0,INJECTING,732261799,732261799,5027229095,317046480964,-1,0
0.04516,1,0,DONE,4194304,4194304,4194304,28270287849,-1,0
0.04516,2,0,DONE,4194304,4194304,4194304,10035354119,-1,0
0.04516,3,0,DONE,4194304,4194304,4194304,7472990551,-1,0
0.04518,0,0,INJECTING,732261799,732261799,5027229095,317046480964,-1,0
0.04518,1,0,DONE,4194304,4194304,4194304,28270287849,-1,0
0.04518,2,0,DONE,4194304,4194304,4194304,10035354119,-1,0
0.04518,3,0,DONE,4194304,4194304,4194304,7472990551,-1,0
0.0452,0,0,INJECTING,732261799,732261799,5027229095,317046480964,-1,0
0.0452,1,0,DONE,4194304,4194304,4194304,28270287849,-1,0
0.0452,2,0,DONE,4194304,4194304,4194304,10035354119,-1,0
0.0452,3,0,DONE,4194304,4194304,4194304,7472990551,-1,0
0.04522,0,0,INJECTING,732261799,732261799,5027229095,317046480964,-1,0
0.04522,1,0,DONE,4194304,4194304,4194304,28270287849,-1,0
0.04522,2,0,DONE,4194304,4194304,4194304,10035354119,-1,0
0.04522,3,0,DONE,4194304,4194304,4194304,7472990551,-1,0
0.04524,0,0,INJECTING,732261799,732261799,5027229095,317046480964,-1,0
0.04524,1,0,DONE,4194304,4194304,4194304,28270287849,-1,0
0.04524,2,0,DONE,4194304,4194304,4194304,10035354119,-1,0
0.04524,3,0,DONE,4194304,4194304,4194304,7472990551,-1,0
0.04526,0,0,INJECTING,732261799,732261799,5027229095,317046480964,-1,0
0.04526,1,0,DONE,4194304,4194304,4194304,28270287849,-1,0
0.04526,2,0,DONE,4194304,4194304,4194304,10035354119,-1,0
0.04526,3,0,DONE,4194304,4194304,4194304,7472990551,-1,0
0.04528,0,0,INJECTING,732261799,732261799,5027229095,317046480964,-1,0
0.04528,1,0,DONE,4194304,4194304,4194304,28270287849,-1,0
0.04528,2,0,DONE,4194304,4194304,4194304,10035354119,-1,0
0.04528,3,0,DONE,4194304,4194304,4194304,7472990551,-1,0
0.0453,0,0,INJECTING,732261799,732261799,5027229095,317046480964,-1,0
0.0453,1,0,DONE,4194304,4194304,4194304,28270287849,-1,0
0.0453,2,0,DONE,4194304,4194304,4194304,10035354119,-1,0
0.0453,3,0,DONE,4194304,4194304,4194304,7472990551,-1,0
0.04532,0,0,INJECTING,732261799,732261799,5027229095,317046480964,-1,0
0.04532,1,0,DONE,4194304,4194304,4194304,28270287849,-1,0
0.04532,2,0,DONE,4194304,4194304,4194304,10035354119,-1,0
0.04532,3,0,DONE,4194304,4194304,4194304,7472990551,-1,0
0.04534,0,0,INJECTING,732261799,732261799,5027229095,317046480964,-1,0
0.04534,1,0,DONE,4194304,4194304,4194304,28270287849,-1,0
0.04534,2,0,DONE,4194304,4194304,4194304,10035354119,-1,0
0.04534,3,0,DONE,4194304,4194304,4194304,7472990551,-1,0
0.04536,0,0,INJECTING,732261799,732261799,5027229095,317046480964,-1,0
0.04536,1,0,DONE,4194304,4194304,4194304,28270287849,-1,0
0.04536,2,0,DONE,4194304,4194304,4194304,10035354119,-1,0
0.04536,3,0,DONE,4194304,4194304,4194304,7472990551,-1,0
0.04538,0,0,INJECTING,732261799,732261799,5027229095,317046480964,-1,0
0.04538,1,0,DONE,4194304,4194304,4194304,28270287849,-1,0
0.04538,2,0,DONE,4194304,4194304,4194304,10035354119,-1,0
0.04538,3,0,DONE,4194304,4194304,4194304,7472990551,-1,0
0.0454,0,0,INJECTING,732261799,732261799,5027229095,317046480964,-1,0
0.0454,1,0,DONE,4194304,4194304,4194304,28270287849,-1,0
0.0454,2,0,DONE,4194304,4194304,4194304,10035354119,-1,0
0.0454,3,0,DONE,4194304,4194304,4194304,7472990551,-1,0
0.04542,0,0,INJECTING,732261799,732261799,5027229095,317046480964,-1,0
0.04542,1,0,DONE,4194304,4194304,4194304,28270287849,-1,0
0.04542,2,0,DONE,4194304,4194304,4194304,10035354119,-1,0
0.04542,3,0,DONE,4194304,4194304,4194304,7472990551,-1,0
0.04544,0,0,INJECTING,732261799,732261799,5027229095,317046480964,-1,0
0.04544,1,0,DONE,4194304,4194304,4194304,28270287849,-1,0
0.04544,2,0,DONE,4194304,4194304,4194304,10035354119,-1,0
0.04544,3,0,DONE,4194304,4194304,4194304,7472990551,-1,0
0.04546,0,0,INJECTING,732261799,732261799,5027229095,317046480964,-1,0
0.04546,1,0,DONE,4194304,4194304,4194304,28270287849,-1,0
0.04546,2,0,DONE,4194304,4194304,4194304,10035354119,-1,0
0.04546,3,0,DONE,4194304,4194304,4194304,7472990551,-1,0
0.04548,0,0,INJECTING,732261799,732261799,5027229095,317046480964,-1,0
0.04548,1,0,DONE,4194304,4194304,4194304,28270287849,-1,0
0.04548,2,0,DONE,4194304,4194304,4194304,10035354119,-1,0
0.04548,3,0,DONE,4194304,4194304,4194304,7472990551,-1,0
0.0455,0,0,INJECTING,732261799,732261799,5027229095,317046480964,-1,0
0.0455,1,0,DONE,4194304,4194304,4194304,28270287849,-1,0
0.0455,2,0,DONE,4194304,4194304,4194304,10035354119,-1,0
0.0455,3,0,DONE,4194304,4194304,4194304,7472990551,-1,0
0.04552,0,0,INJECTING,732261799,732261799,5027229095,317046480964,-1,0
0.04552,1,0,DONE,4194304,4194304,4194304,28270287849,-1,0
0.04552,2,0,DONE,4194304,4194304,4194304,10035354119,-1,0
0.04552,3,0,DONE,4194304,4194304,4194304,7472990551,-1,0
0.04554,0,0,INJECTING,732261799,732261799,5027229095,317046480964,-1,0
0.04554,1,0,DONE,4194304,4194304,4194304,28270287849,-1,0
0.04554,2,0,DONE,4194304,4194304,4194304,10035354119,-1,0
0.04554,3,0,DONE,4194304,4194304,4194304,7472990551,-1,0
0.04556,0,0,INJECTING,732261799,732261799,5027229095,317046480964,-1,0
0.04556,1,0,DONE,4194304,4194304,4194304,28270287849,-1,0
0.04556,2,0,DONE,4194304,4194304,4194304,10035354119,-1,0
0.04556,3,0,DONE,4194304,4194304,4194304,7472990551,-1,0
0.04558,0,0,INJECTING,732261799,732261799,5027229095,317046480964,-1,0
0.04558,1,0,DONE,4194304,4194304,4194304,28270287849,-1,0
0.04558,2,0,DONE,4194304,4194304,4194304,10035354119,-1,0
0.04558,3,0,DONE,4194304,4194304,4194304,7472990551,-1,0
0.0456,0,0,INJECTING,732261799,732261799,5027229095,317046480964,-1,0
0.0456,1,0,DONE,4194304,4194304,4194304,28270287849,-1,0
0.0456,2,0,DONE,4194304,4194304,4194304,10035354119,-1,0
0.0456,3,0,DONE,4194304,4194304,4194304,7472990551,-1,0
0.04562,0,0,INJECTING,732261799,732261799,5027229095,317046480964,-1,0
0.04562,1,0,DONE,4194304,4194304,4194304,28270287849,-1,0
0.04562,2,0,DONE,4194304,4194304,4194304,10035354119,-1,0
0.04562,3,0,DONE,4194304,4194304,4194304,7472990551,-1,0
0.04564,0,0,INJECTING,732261799,732261799,5027229095,317046480964,-1,0
0.04564,1,0,DONE,4194304,4194304,4194304,28270287849,-1,0
0.04564,2,0,DONE,4194304,4194304,4194304,10035354119,-1,0
0.04564,3,0,DONE,4194304,4194304,4194304,7472990551,-1,0
0.04566,0,0,INJECTING,732261799,732261799,5027229095,317046480964,-1,0
0.04566,1,0,DONE,4194304,4194304,4194304,28270287849,-1,0
0.04566,2,0,DONE,4194304,4194304,4194304,10035354119,-1,0
0.04566,3,0,DONE,4194304,4194304,4194304,7472990551,-1,0
0.04568,0,0,INJECTING,732261799,732261799,5027229095,317046480964,-1,0
0.04568,1,0,DONE,4194304,4194304,4194304,28270287849,-1,0
0.04568,2,0,DONE,4194304,4194304,4194304,10035354119,-1,0
0.04568,3,0,DONE,4194304,4194304,4194304,7472990551,-1,0
0.0457,0,0,INJECTING,732261799,732261799,5027229095,317046480964,-1,0
0.0457,1,0,DONE,4194304,4194304,4194304,28270287849,-1,0
0.0457,2,0,DONE,4194304,4194304,4194304,10035354119,-1,0
0.0457,3,0,DONE,4194304,4194304,4194304,7472990551,-1,0
0.04572,0,0,INJECTING,732261799,732261799,5027229095,317046480964,-1,0
0.04572,1,0,DONE,4194304,4194304,4194304,28270287849,-1,0
0.04572,2,0,DONE,4194304,4194304,4194304,10035354119,-1,0
0.04572,3,0,DONE,4194304,4194304,4194304,7472990551,-1,0
0.04574,0,0,INJECTING,732261799,732261799,5027229095,317046480964,-1,0
0.04574,1,0,DONE,4194304,4194304,4194304,28270287849,-1,0
0.04574,2,0,DONE,4194304,4194304,4194304,10035354119,-1,0
0.04574,3,0,DONE,4194304,4194304,4194304,7472990551,-1,0
0.04576,0,0,INJECTING,732261799,732261799,5027229095,317046480964,-1,0
0.04576,1,0,DONE,4194304,4194304,4194304,28270287849,-1,0
0.04576,2,0,DONE,4194304,4194304,4194304,10035354119,-1,0
0.04576,3,0,DONE,4194304,4194304,4194304,7472990551,-1,0
0.04578,0,0,INJECTING,732261799,732261799,5027229095,317046480964,-1,0
0.04578,1,0,DONE,4194304,4194304,4194304,28270287849,-1,0
0.04578,2,0,DONE,4194304,4194304,4194304,10035354119,-1,0
0.04578,3,0,DONE,4194304,4194304,4194304,7472990551,-1,0
0.0458,0,0,INJECTING,732261799,732261799,5027229095,317046480964,-1,0
0.0458,1,0,DONE,4194304,4194304,4194304,28270287849,-1,0
0.0458,2,0,DONE,4194304,4194304,4194304,10035354119,-1,0
0.0458,3,0,DONE,4194304,4194304,4194304,7472990551,-1,0
0.04582,0,0,INJECTING,732261799,732261799,5027229095,317046480964,-1,0
0.04582,1,0,DONE,4194304,4194304,4194304,28270287849,-1,0
0.04582,2,0,DONE,4194304,4194304,4194304,10035354119,-1,0
0.04582,3,0,DONE,4194304,4194304,4194304,7472990551,-1,0
0.04584,0,0,INJECTING,732261799,732261799,5027229095,317046480964,-1,0
0.04584,1,0,DONE,4194304,4194304,4194304,28270287849,-1,0
0.04584,2,0,DONE,4194304,4194304,4194304,10035354119,-1,0
0.04584,3,0,DONE,4194304,4194304,4194304,7472990551,-1,0
0.04586,0,0,INJECTING,732261799,732261799,5027229095,317046480964,-1,0
0.04586,1,0,DONE,4194304,4194304,4194304,28270287849,-1,0
0.04586,2,0,DONE,4194304,4194304,4194304,10035354119,-1,0
0.04586,3,0,DONE,4194304,4194304,4194304,7472990551,-1,0
0.04588,0,0,INJECTING,732261799,732261799,5027229095,317046480964,-1,0
0.04588,1,0,DONE,4194304,4194304,4194304,28270287849,-1,0
0.04588,2,0,DONE,4194304,4194304,4194304,10035354119,-1,0
0.04588,3,0,DONE,4194304,4194304,4194304,7472990551,-1,0
0.0459,0,0,INJECTING,732261799,732261799,5027229095,317046480964,-1,0
0.0459,1,0,DONE,4194304,4194304,4194304,28270287849,-1,0
0.0459,2,0,DONE,4194304,4194304,4194304,10035354119,-1,0
0.0459,3,0,DONE,4194304,4194304,4194304,7472990551,-1,0
0.04592,0,0,INJECTING,732261799,732261799,5027229095,317046480964,-1,0
0.04592,1,0,DONE,4194304,4194304,4194304,28270287849,-1,0
0.04592,2,0,DONE,4194304,4194304,4194304,10035354119,-1,0
0.04592,3,0,DONE,4194304,4194304,4194304,7472990551,-1,0
0.04594,0,0,INJECTING,732261799,732261799,5027229095,317046480964,-1,0
0.04594,1,0,DONE,4194304,4194304,4194304,28270287849,-1,0
0.04594,2,0,DONE,4194304,4194304,4194304,10035354119,-1,0
0.04594,3,0,DONE,4194304,4194304,4194304,7472990551,-1,0
0.04596,0,0,INJECTING,732261799,732261799,5027229095,317046480964,-1,0
0.04596,1,0,DONE,4194304,4194304,4194304,28270287849,-1,0
0.04596,2,0,DONE,4194304,4194304,4194304,10035354119,-1,0
0.04596,3,0,DONE,4194304,4194304,4194304,7472990551,-1,0
0.04598,0,0,INJECTING,732261799,732261799,5027229095,317046480964,-1,0
0.04598,1,0,DONE,4194304,4194304,4194304,28270287849,-1,0
0.04598,2,0,DONE,4194304,4194304,4194304,10035354119,-1,0
0.04598,3,0,DONE,4194304,4194304,4194304,7472990551,-1,0
0.046,0,0,INJECTING,732261799,732261799,5027229095,317046480964,-1,0
0.046,1,0,DONE,4194304,4194304,4194304,28270287849,-1,0
0.046,2,0,DONE,4194304,4194304,4194304,10035354119,-1,0
0.046,3,0,DONE,4194304,4194304,4194304,7472990551,-1,0
0.04602,0,0,INJECTING,732261799,732261799,5027229095,317046480964,-1,0
0.04602,1,0,DONE,4194304,4194304,4194304,28270287849,-1,0
0.04602,2,0,DONE,4194304,4194304,4194304,10035354119,-1,0
0.04602,3,0,DONE,4194304,4194304,4194304,7472990551,-1,0
0.04604,0,0,INJECTING,732261799,732261799,5027229095,317046480964,-1,0
0.04604,1,0,DONE,4194304,4194304,4194304,28270287849,-1,0
0.04604,2,0,DONE,4194304,4194304,4194304,10035354119,-1,0
0.04604,3,0,DONE,4194304,4194304,4194304,7472990551,-1,0
0.04606,0,0,INJECTING,732261799,732261799,5027229095,317046480964,-1,0
0.04606,1,0,DONE,4194304,4194304,4194304,28270287849,-1,0
0.04606,2,0,DONE,4194304,4194304,4194304,10035354119,-1,0
0.04606,3,0,DONE,4194304,4194304,4194304,7472990551,-1,0
0.04608,0,0,INJECTING,732261799,732261799,5027229095,317046480964,-1,0
0.04608,1,0,DONE,4194304,4194304,4194304,28270287849,-1,0
0.04608,2,0,DONE,4194304,4194304,4194304,10035354119,-1,0
0.04608,3,0,DONE,4194304,4194304,4194304,7472990551,-1,0
0.0461,0,0,INJECTING,732261799,732261799,5027229095,317046480964,-1,0
0.0461,1,0,DONE,4194304,4194304,4194304,28270287849,-1,0
0.0461,2,0,DONE,4194304,4194304,4194304,10035354119,-1,0
0.0461,3,0,DONE,4194304,4194304,4194304,7472990551,-1,0
0.04612,0,0,INJECTING,732261799,732261799,5027229095,317046480964,-1,0
0.04612,1,0,DONE,4194304,4194304,4194304,28270287849,-1,0
0.04612,2,0,DONE,4194304,4194304,4194304,10035354119,-1,0
0.04612,3,0,DONE,4194304,4194304,4194304,7472990551,-1,0
0.04614,0,0,INJECTING,732261799,732261799,5027229095,317046480964,-1,0
0.04614,1,0,DONE,4194304,4194304,4194304,28270287849,-1,0
0.04614,2,0,DONE,4194304,4194304,4194304,10035354119,-1,0
0.04614,3,0,DONE,4194304,4194304,4194304,7472990551,-1,0
0.04616,0,0,INJECTING,732261799,732261799,5027229095,317046480964,-1,0
0.04616,1,0,DONE,4194304,4194304,4194304,28270287849,-1,0
0.04616,2,0,DONE,4194304,4194304,4194304,10035354119,-1,0
0.04616,3,0,DONE,4194304,4194304,4194304,7472990551,-1,0
0.04618,0,0,INJECTING,732261799,732261799,5027229095,317046480964,-1,0
0.04618,1,0,DONE,4194304,4194304,4194304,28270287849,-1,0
0.04618,2,0,DONE,4194304,4194304,4194304,10035354119,-1,0
0.04618,3,0,DONE,4194304,4194304,4194304,7472990551,-1,0
0.0462,0,0,INJECTING,732261799,732261799,5027229095,317046480964,-1,0
0.0462,1,0,DONE,4194304,4194304,4194304,28270287849,-1,0
0.0462,2,0,DONE,4194304,4194304,4194304,10035354119,-1,0
0.0462,3,0,DONE,4194304,4194304,4194304,7472990551,-1,0
0.04622,0,0,INJECTING,732261799,732261799,5027229095,317046480964,-1,0
0.04622,1,0,DONE,4194304,4194304,4194304,28270287849,-1,0
0.04622,2,0,DONE,4194304,4194304,4194304,10035354119,-1,0
0.04622,3,0,DONE,4194304,4194304,4194304,7472990551,-1,0
0.04624,0,0,INJECTING,732261799,732261799,5027229095,317046480964,-1,0
0.04624,1,0,DONE,4194304,4194304,4194304,28270287849,-1,0
0.04624,2,0,DONE,4194304,4194304,4194304,10035354119,-1,0
0.04624,3,0,DONE,4194304,4194304,4194304,7472990551,-1,0
0.04626,0,0,INJECTING,732261799,732261799,5027229095,317046480964,-1,0
0.04626,1,0,DONE,4194304,4194304,4194304,28270287849,-1,0
0.04626,2,0,DONE,4194304,4194304,4194304,10035354119,-1,0
0.04626,3,0,DONE,4194304,4194304,4194304,7472990551,-1,0
0.04628,0,0,INJECTING,732261799,732261799,5027229095,317046480964,-1,0
0.04628,1,0,DONE,4194304,4194304,4194304,28270287849,-1,0
0.04628,2,0,DONE,4194304,4194304,4194304,10035354119,-1,0
0.04628,3,0,DONE,4194304,4194304,4194304,7472990551,-1,0
0.0463,0,0,INJECTING,732261799,732261799,5027229095,317046480964,-1,0
0.0463,1,0,DONE,4194304,4194304,4194304,28270287849,-1,0
0.0463,2,0,DONE,4194304,4194304,4194304,10035354119,-1,0
0.0463,3,0,DONE,4194304,4194304,4194304,7472990551,-1,0
0.04632,0,0,INJECTING,732261799,732261799,5027229095,317046480964,-1,0
0.04632,1,0,DONE,4194304,4194304,4194304,28270287849,-1,0
0.04632,2,0,DONE,4194304,4194304,4194304,10035354119,-1,0
0.04632,3,0,DONE,4194304,4194304,4194304,7472990551,-1,0
0.04634,0,0,INJECTING,732261799,732261799,5027229095,317046480964,-1,0
0.04634,1,0,DONE,4194304,4194304,4194304,28270287849,-1,0
0.04634,2,0,DONE,4194304,4194304,4194304,10035354119,-1,0
0.04634,3,0,DONE,4194304,4194304,4194304,7472990551,-1,0
0.04636,0,0,INJECTING,732261799,732261799,5027229095,317046480964,-1,0
0.04636,1,0,DONE,4194304,4194304,4194304,28270287849,-1,0
0.04636,2,0,DONE,4194304,4194304,4194304,10035354119,-1,0
0.04636,3,0,DONE,4194304,4194304,4194304,7472990551,-1,0
0.04638,0,0,INJECTING,732261799,732261799,5027229095,317046480964,-1,0
0.04638,1,0,DONE,4194304,4194304,4194304,28270287849,-1,0
0.04638,2,0,DONE,4194304,4194304,4194304,10035354119,-1,0
0.04638,3,0,DONE,4194304,4194304,4194304,7472990551,-1,0
0.0464,0,0,INJECTING,732261799,732261799,5027229095,317046480964,-1,0
0.0464,1,0,DONE,4194304,4194304,4194304,28270287849,-1,0
0.0464,2,0,DONE,4194304,4194304,4194304,10035354119,-1,0
0.0464,3,0,DONE,4194304,4194304,4194304,7472990551,-1,0
0.04642,0,0,INJECTING,732261799,732261799,5027229095,317046480964,-1,0
0.04642,1,0,DONE,4194304,4194304,4194304,28270287849,-1,0
0.04642,2,0,DONE,4194304,4194304,4194304,10035354119,-1,0
0.04642,3,0,DONE,4194304,4194304,4194304,7472990551,-1,0
0.04644,0,0,INJECTING,732261799,732261799,5027229095,317046480964,-1,0
0.04644,1,0,DONE,4194304,4194304,4194304,28270287849,-1,0
0.04644,2,0,DONE,4194304,4194304,4194304,10035354119,-1,0
0.04644,3,0,DONE,4194304,4194304,4194304,7472990551,-1,0
0.04646,0,0,INJECTING,732261799,732261799,5027229095,317046480964,-1,0
0.04646,1,0,DONE,4194304,4194304,4194304,28270287849,-1,0
0.04646,2,0,DONE,4194304,4194304,4194304,10035354119,-1,0
0.04646,3,0,DONE,4194304,4194304,4194304,7472990551,-1,0
0.04648,0,0,INJECTING,732261799,732261799,5027229095,317046480964,-1,0
0.04648,1,0,DONE,4194304,4194304,4194304,28270287849,-1,0
0.04648,2,0,DONE,4194304,4194304,4194304,10035354119,-1,0
0.04648,3,0,DONE,4194304,4194304,4194304,7472990551,-1,0
0.0465,0,0,INJECTING,732261799,732261799,5027229095,317046480964,-1,0
0.0465,1,0,DONE,4194304,4194304,4194304,28270287849,-1,0
0.0465,2,0,DONE,4194304,4194304,4194304,10035354119,-1,0
0.0465,3,0,DONE,4194304,4194304,4194304,7472990551,-1,0
0.04652,0,0,INJECTING,732261799,732261799,5027229095,317046480964,-1,0
0.04652,1,0,DONE,4194304,4194304,4194304,28270287849,-1,0
0.04652,2,0,DONE,4194304,4194304,4194304,10035354119,-1,0
0.04652,3,0,DONE,4194304,4194304,4194304,7472990551,-1,0
0.04654,0,0,INJECTING,732261799,732261799,5027229095,317046480964,-1,0
0.04654,1,0,DONE,4194304,4194304,4194304,28270287849,-1,0
0.04654,2,0,DONE,4194304,4194304,4194304,10035354119,-1,0
0.04654,3,0,DONE,4194304,4194304,4194304,7472990551,-1,0
0.04656,0,0,INJECTING,732261799,732261799,5027229095,317046480964,-1,0
0.04656,1,0,DONE,4194304,4194304,4194304,28270287849,-1,0
0.04656,2,0,DONE,4194304,4194304,4194304,10035354119,-1,0
0.04656,3,0,DONE,4194304,4194304,4194304,7472990551,-1,0
0.04658,0,0,INJECTING,732261799,732261799,5027229095,317046480964,-1,0
0.04658,1,0,DONE,4194304,4194304,4194304,28270287849,-1,0
0.04658,2,0,DONE,4194304,4194304,4194304,10035354119,-1,0
0.04658,3,0,DONE,4194304,4194304,4194304,7472990551,-1,0
0.0466,0,0,INJECTING,732261799,732261799,5027229095,317046480964,-1,0
0.0466,1,0,DONE,4194304,4194304,4194304,28270287849,-1,0
0.0466,2,0,DONE,4194304,4194304,4194304,10035354119,-1,0
0.0466,3,0,DONE,4194304,4194304,4194304,7472990551,-1,0
0.04662,0,0,INJECTING,732261799,732261799,5027229095,317046480964,-1,0
0.04662,1,0,DONE,4194304,4194304,4194304,28270287849,-1,0
0.04662,2,0,DONE,4194304,4194304,4194304,10035354119,-1,0
0.04662,3,0,DONE,4194304,4194304,4194304,7472990551,-1,0
0.04664,0,0,INJECTING,732261799,732261799,5027229095,317046480964,-1,0
0.04664,1,0,DONE,4194304,4194304,4194304,28270287849,-1,0
0.04664,2,0,DONE,4194304,4194304,4194304,10035354119,-1,0
0.04664,3,0,DONE,4194304,4194304,4194304,7472990551,-1,0
0.04666,0,0,INJECTING,732261799,732261799,5027229095,317046480964,-1,0
0.04666,1,0,DONE,4194304,4194304,4194304,28270287849,-1,0
0.04666,2,0,DONE,4194304,4194304,4194304,10035354119,-1,0
0.04666,3,0,DONE,4194304,4194304,4194304,7472990551,-1,0
0.04668,0,0,INJECTING,732261799,732261799,5027229095,317046480964,-1,0
0.04668,1,0,DONE,4194304,4194304,4194304,28270287849,-1,0
0.04668,2,0,DONE,4194304,4194304,4194304,10035354119,-1,0
0.04668,3,0,DONE,4194304,4194304,4194304,7472990551,-1,0
0.0467,0,0,INJECTING,732261799,732261799,5027229095,317046480964,-1,0
0.0467,1,0,DONE,4194304,4194304,4194304,28270287849,-1,0
0.0467,2,0,DONE,4194304,4194304,4194304,10035354119,-1,0
0.0467,3,0,DONE,4194304,4194304,4194304,7472990551,-1,0
0.04672,0,0,INJECTING,732261799,732261799,5027229095,317046480964,-1,0
0.04672,1,0,DONE,4194304,4194304,4194304,28270287849,-1,0
0.04672,2,0,DONE,4194304,4194304,4194304,10035354119,-1,0
0.04672,3,0,DONE,4194304,4194304,4194304,7472990551,-1,0
0.04674,0,0,INJECTING,732261799,732261799,5027229095,317046480964,-1,0
0.04674,1,0,DONE,4194304,4194304,4194304,28270287849,-1,0
0.04674,2,0,DONE,4194304,4194304,4194304,10035354119,-1,0
0.04674,3,0,DONE,4194304,4194304,4194304,7472990551,-1,0
0.04676,0,0,INJECTING,732261799,732261799,5027229095,317046480964,-1,0
0.04676,1,0,DONE,4194304,4194304,4194304,28270287849,-1,0
0.04676,2,0,DONE,4194304,4194304,4194304,10035354119,-1,0
0.04676,3,0,DONE,4194304,4194304,4194304,7472990551,-1,0
0.04678,0,0,INJECTING,732261799,732261799,5027229095,317046480964,-1,0
0.04678,1,0,DONE,4194304,4194304,4194304,28270287849,-1,0
0.04678,2,0,DONE,4194304,4194304,4194304,10035354119,-1,0
0.04678,3,0,DONE,4194304,4194304,4194304,7472990551,-1,0
0.0468,0,0,INJECTING,732261799,732261799,5027229095,317046480964,-1,0
0.0468,1,0,DONE,4194304,4194304,4194304,28270287849,-1,0
0.0468,2,0,DONE,4194304,4194304,4194304,10035354119,-1,0
0.0468,3,0,DONE,4194304,4194304,4194304,7472990551,-1,0
0.04682,0,0,INJECTING,732261799,732261799,5027229095,317046480964,-1,0
0.04682,1,0,DONE,4194304,4194304,4194304,28270287849,-1,0
0.04682,2,0,DONE,4194304,4194304,4194304,10035354119,-1,0
0.04682,3,0,DONE,4194304,4194304,4194304,7472990551,-1,0
0.04684,0,0,INJECTING,732261799,732261799,5027229095,317046480964,-1,0
0.04684,1,0,DONE,4194304,4194304,4194304,28270287849,-1,0
0.04684,2,0,DONE,4194304,4194304,4194304,10035354119,-1,0
0.04684,3,0,DONE,4194304,4194304,4194304,7472990551,-1,0
0.04686,0,0,INJECTING,732261799,732261799,5027229095,317046480964,-1,0
0.04686,1,0,DONE,4194304,4194304,4194304,28270287849,-1,0
0.04686,2,0,DONE,4194304,4194304,4194304,10035354119,-1,0
0.04686,3,0,DONE,4194304,4194304,4194304,7472990551,-1,0
0.04688,0,0,INJECTING,732261799,732261799,5027229095,317046480964,-1,0
0.04688,1,0,DONE,4194304,4194304,4194304,28270287849,-1,0
0.04688,2,0,DONE,4194304,4194304,4194304,10035354119,-1,0
0.04688,3,0,DONE,4194304,4194304,4194304,7472990551,-1,0
0.0469,0,0,INJECTING,732261799,732261799,5027229095,317046480964,-1,0
0.0469,1,0,DONE,4194304,4194304,4194304,28270287849,-1,0
0.0469,2,0,DONE,4194304,4194304,4194304,10035354119,-1,0
0.0469,3,0,DONE,4194304,4194304,4194304,7472990551,-1,0
0.04692,0,0,INJECTING,732261799,732261799,5027229095,317046480964,-1,0
0.04692,1,0,DONE,4194304,4194304,4194304,28270287849,-1,0
0.04692,2,0,DONE,4194304,4194304,4194304,10035354119,-1,0
0.04692,3,0,DONE,4194304,4194304,4194304,7472990551,-1,0
0.04694,0,0,INJECTING,732261799,732261799,5027229095,317046480964,-1,0
0.04694,1,0,DONE,4194304,4194304,4194304,28270287849,-1,0
0.04694,2,0,DONE,4194304,4194304,4194304,10035354119,-1,0
0.04694,3,0,DONE,4194304,4194304,4194304,7472990551,-1,0
0.04696,0,0,INJECTING,732261799,732261799,5027229095,317046480964,-1,0
0.04696,1,0,DONE,4194304,4194304,4194304,28270287849,-1,0
0.04696,2,0,DONE,4194304,4194304,4194304,10035354119,-1,0
0.04696,3,0,DONE,4194304,4194304,4194304,7472990551,-1,0
0.04698,0,0,INJECTING,732261799,732261799,5027229095,317046480964,-1,0
0.04698,1,0,DONE,4194304,4194304,4194304,28270287849,-1,0
0.04698,2,0,DONE,4194304,4194304,4194304,10035354119,-1,0
0.04698,3,0,DONE,4194304,4194304,4194304,7472990551,-1,0
0.047,0,0,INJECTING,732261799,732261799,5027229095,317046480964,-1,0
0.047,1,0,DONE,4194304,4194304,4194304,28270287849,-1,0
0.047,2,0,DONE,4194304,4194304,4194304,10035354119,-1,0
0.047,3,0,DONE,4194304,4194304,4194304,7472990551,-1,0
0.04702,0,0,INJECTING,732261799,732261799,5027229095,317046480964,-1,0
0.04702,1,0,DONE,4194304,4194304,4194304,28270287849,-1,0
0.04702,2,0,DONE,4194304,4194304,4194304,10035354119,-1,0
0.04702,3,0,DONE,4194304,4194304,4194304,7472990551,-1,0
0.04704,0,0,INJECTING,732261799,732261799,5027229095,317046480964,-1,0
0.04704,1,0,DONE,4194304,4194304,4194304,28270287849,-1,0
0.04704,2,0,DONE,4194304,4194304,4194304,10035354119,-1,0
0.04704,3,0,DONE,4194304,4194304,4194304,7472990551,-1,0
0.04706,0,0,INJECTING,732261799,732261799,5027229095,317046480964,-1,0
0.04706,1,0,DONE,4194304,4194304,4194304,28270287849,-1,0
0.04706,2,0,DONE,4194304,4194304,4194304,10035354119,-1,0
0.04706,3,0,DONE,4194304,4194304,4194304,7472990551,-1,0
0.04708,0,0,INJECTING,732261799,732261799,5027229095,317046480964,-1,0
0.04708,1,0,DONE,4194304,4194304,4194304,28270287849,-1,0
0.04708,2,0,DONE,4194304,4194304,4194304,10035354119,-1,0
0.04708,3,0,DONE,4194304,4194304,4194304,7472990551,-1,0
0.0471,0,0,INJECTING,732261799,732261799,5027229095,317046480964,-1,0
0.0471,1,0,DONE,4194304,4194304,4194304,28270287849,-1,0
0.0471,2,0,DONE,4194304,4194304,4194304,10035354119,-1,0
0.0471,3,0,DONE,4194304,4194304,4194304,7472990551,-1,0
0.04712,0,0,INJECTING,732261799,732261799,5027229095,317046480964,-1,0
0.04712,1,0,DONE,4194304,4194304,4194304,28270287849,-1,0
0.04712,2,0,DONE,4194304,4194304,4194304,10035354119,-1,0
0.04712,3,0,DONE,4194304,4194304,4194304,7472990551,-1,0
0.04714,0,0,INJECTING,732261799,732261799,5027229095,317046480964,-1,0
0.04714,1,0,DONE,4194304,4194304,4194304,28270287849,-1,0
0.04714,2,0,DONE,4194304,4194304,4194304,10035354119,-1,0
0.04714,3,0,DONE,4194304,4194304,4194304,7472990551,-1,0
0.04716,0,0,INJECTING,732261799,732261799,5027229095,317046480964,-1,0
0.04716,1,0,DONE,4194304,4194304,4194304,28270287849,-1,0
0.04716,2,0,DONE,4194304,4194304,4194304,10035354119,-1,0
0.04716,3,0,DONE,4194304,4194304,4194304,7472990551,-1,0
0.04718,0,0,INJECTING,732261799,732261799,5027229095,317046480964,-1,0
0.04718,1,0,DONE,4194304,4194304,4194304,28270287849,-1,0
0.04718,2,0,DONE,4194304,4194304,4194304,10035354119,-1,0
0.04718,3,0,DONE,4194304,4194304,4194304,7472990551,-1,0
0.0472,0,0,INJECTING,732261799,732261799,5027229095,317046480964,-1,0
0.0472,1,0,DONE,4194304,4194304,4194304,28270287849,-1,0
0.0472,2,0,DONE,4194304,4194304,4194304,10035354119,-1,0
0.0472,3,0,DONE,4194304,4194304,4194304,7472990551,-1,0
0.04722,0,0,INJECTING,732261799,732261799,5027229095,317046480964,-1,0
0.04722,1,0,DONE,4194304,4194304,4194304,28270287849,-1,0
0.04722,2,0,DONE,4194304,4194304,4194304,10035354119,-1,0
0.04722,3,0,DONE,4194304,4194304,4194304,7472990551,-1,0
0.04724,0,0,INJECTING,732261799,732261799,5027229095,317046480964,-1,0
0.04724,1,0,DONE,4194304,4194304,4194304,28270287849,-1,0
0.04724,2,0,DONE,4194304,4194304,4194304,10035354119,-1,0
0.04724,3,0,DONE,4194304,4194304,4194304,7472990551,-1,0
0.04726,0,0,INJECTING,732261799,732261799,5027229095,317046480964,-1,0
0.04726,1,0,DONE,4194304,4194304,4194304,28270287849,-1,0
0.04726,2,0,DONE,4194304,4194304,4194304,10035354119,-1,0
0.04726,3,0,DONE,4194304,4194304,4194304,7472990551,-1,0
0.04728,0,0,INJECTING,732261799,732261799,5027229095,317046480964,-1,0
0.04728,1,0,DONE,4194304,4194304,4194304,28270287849,-1,0
0.04728,2,0,DONE,4194304,4194304,4194304,10035354119,-1,0
0.04728,3,0,DONE,4194304,4194304,4194304,7472990551,-1,0
0.0473,0,0,INJECTING,732261799,732261799,5027229095,317046480964,-1,0
0.0473,1,0,DONE,4194304,4194304,4194304,28270287849,-1,0
0.0473,2,0,DONE,4194304,4194304,4194304,10035354119,-1,0
0.0473,3,0,DONE,4194304,4194304,4194304,7472990551,-1,0
0.04732,0,0,INJECTING,732261799,732261799,5027229095,317046480964,-1,0
0.04732,1,0,DONE,4194304,4194304,4194304,28270287849,-1,0
0.04732,2,0,DONE,4194304,4194304,4194304,10035354119,-1,0
0.04732,3,0,DONE,4194304,4194304,4194304,7472990551,-1,0
0.04734,0,0,INJECTING,732261799,732261799,5027229095,317046480964,-1,0
0.04734,1,0,DONE,4194304,4194304,4194304,28270287849,-1,0
0.04734,2,0,DONE,4194304,4194304,4194304,10035354119,-1,0
0.04734,3,0,DONE,4194304,4194304,4194304,7472990551,-1,0
0.04736,0,0,INJECTING,732261799,732261799,5027229095,317046480964,-1,0
0.04736,1,0,DONE,4194304,4194304,4194304,28270287849,-1,0
0.04736,2,0,DONE,4194304,4194304,4194304,10035354119,-1,0
0.04736,3,0,DONE,4194304,4194304,4194304,7472990551,-1,0
0.04738,0,0,INJECTING,732261799,732261799,5027229095,317046480964,-1,0
0.04738,1,0,DONE,4194304,4194304,4194304,28270287849,-1,0
0.04738,2,0,DONE,4194304,4194304,4194304,10035354119,-1,0
0.04738,3,0,DONE,4194304,4194304,4194304,7472990551,-1,0
0.0474,0,0,INJECTING,732261799,732261799,5027229095,317046480964,-1,0
0.0474,1,0,DONE,4194304,4194304,4194304,28270287849,-1,0
0.0474,2,0,DONE,4194304,4194304,4194304,10035354119,-1,0
0.0474,3,0,DONE,4194304,4194304,4194304,7472990551,-1,0
0.04742,0,0,INJECTING,732261799,732261799,5027229095,317046480964,-1,0
0.04742,1,0,DONE,4194304,4194304,4194304,28270287849,-1,0
0.04742,2,0,DONE,4194304,4194304,4194304,10035354119,-1,0
0.04742,3,0,DONE,4194304,4194304,4194304,7472990551,-1,0
0.04744,0,0,INJECTING,732261799,732261799,5027229095,317046480964,-1,0
0.04744,1,0,DONE,4194304,4194304,4194304,28270287849,-1,0
0.04744,2,0,DONE,4194304,4194304,4194304,10035354119,-1,0
0.04744,3,0,DONE,4194304,4194304,4194304,7472990551,-1,0
0.04746,0,0,INJECTING,732261799,732261799,5027229095,317046480964,-1,0
0.04746,1,0,DONE,4194304,4194304,4194304,28270287849,-1,0
0.04746,2,0,DONE,4194304,4194304,4194304,10035354119,-1,0
0.04746,3,0,DONE,4194304,4194304,4194304,7472990551,-1,0
0.04748,0,0,INJECTING,732261799,732261799,5027229095,317046480964,-1,0
0.04748,1,0,DONE,4194304,4194304,4194304,28270287849,-1,0
0.04748,2,0,DONE,4194304,4194304,4194304,10035354119,-1,0
0.04748,3,0,DONE,4194304,4194304,4194304,7472990551,-1,0
0.0475,0,0,INJECTING,732261799,732261799,5027229095,317046480964,-1,0
0.0475,1,0,DONE,4194304,4194304,4194304,28270287849,-1,0
0.0475,2,0,DONE,4194304,4194304,4194304,10035354119,-1,0
0.0475,3,0,DONE,4194304,4194304,4194304,7472990551,-1,0
0.04752,0,0,INJECTING,732261799,732261799,5027229095,317046480964,-1,0
0.04752,1,0,DONE,4194304,4194304,4194304,28270287849,-1,0
0.04752,2,0,DONE,4194304,4194304,4194304,10035354119,-1,0
0.04752,3,0,DONE,4194304,4194304,4194304,7472990551,-1,0
0.04754,0,0,INJECTING,732261799,732261799,5027229095,317046480964,-1,0
0.04754,1,0,DONE,4194304,4194304,4194304,28270287849,-1,0
0.04754,2,0,DONE,4194304,4194304,4194304,10035354119,-1,0
0.04754,3,0,DONE,4194304,4194304,4194304,7472990551,-1,0
0.04756,0,0,INJECTING,732261799,732261799,5027229095,317046480964,-1,0
0.04756,1,0,DONE,4194304,4194304,4194304,28270287849,-1,0
0.04756,2,0,DONE,4194304,4194304,4194304,10035354119,-1,0
0.04756,3,0,DONE,4194304,4194304,4194304,7472990551,-1,0
0.04758,0,0,INJECTING,732261799,732261799,5027229095,317046480964,-1,0
0.04758,1,0,DONE,4194304,4194304,4194304,28270287849,-1,0
0.04758,2,0,DONE,4194304,4194304,4194304,10035354119,-1,0
0.04758,3,0,DONE,4194304,4194304,4194304,7472990551,-1,0
0.0476,0,0,INJECTING,732261799,732261799,5027229095,317046480964,-1,0
0.0476,1,0,DONE,4194304,4194304,4194304,28270287849,-1,0
0.0476,2,0,DONE,4194304,4194304,4194304,10035354119,-1,0
0.0476,3,0,DONE,4194304,4194304,4194304,7472990551,-1,0
0.04762,0,0,INJECTING,732261799,732261799,5027229095,317046480964,-1,0
0.04762,1,0,DONE,4194304,4194304,4194304,28270287849,-1,0
0.04762,2,0,DONE,4194304,4194304,4194304,10035354119,-1,0
0.04762,3,0,DONE,4194304,4194304,4194304,7472990551,-1,0
0.04764,0,0,INJECTING,732261799,732261799,5027229095,317046480964,-1,0
0.04764,1,0,DONE,4194304,4194304,4194304,28270287849,-1,0
0.04764,2,0,DONE,4194304,4194304,4194304,10035354119,-1,0
0.04764,3,0,DONE,4194304,4194304,4194304,7472990551,-1,0
0.04766,0,0,INJECTING,732261799,732261799,5027229095,317046480964,-1,0
0.04766,1,0,DONE,4194304,4194304,4194304,28270287849,-1,0
0.04766,2,0,DONE,4194304,4194304,4194304,10035354119,-1,0
0.04766,3,0,DONE,4194304,4194304,4194304,7472990551,-1,0
0.04768,0,0,INJECTING,732261799,732261799,5027229095,317046480964,-1,0
0.04768,1,0,DONE,4194304,4194304,4194304,28270287849,-1,0
0.04768,2,0,DONE,4194304,4194304,4194304,10035354119,-1,0
0.04768,3,0,DONE,4194304,4194304,4194304,7472990551,-1,0
0.0477,0,0,INJECTING,732261799,732261799,5027229095,317046480964,-1,0
0.0477,1,0,DONE,4194304,4194304,4194304,28270287849,-1,0
0.0477,2,0,DONE,4194304,4194304,4194304,10035354119,-1,0
0.0477,3,0,DONE,4194304,4194304,4194304,7472990551,-1,0
0.04772,0,0,INJECTING,732261799,732261799,5027229095,317046480964,-1,0
0.04772,1,0,DONE,4194304,4194304,4194304,28270287849,-1,0
0.04772,2,0,DONE,4194304,4194304,4194304,10035354119,-1,0
0.04772,3,0,DONE,4194304,4194304,4194304,7472990551,-1,0
0.04774,0,0,INJECTING,732261799,732261799,5027229095,317046480964,-1,0
0.04774,1,0,DONE,4194304,4194304,4194304,28270287849,-1,0
0.04774,2,0,DONE,4194304,4194304,4194304,10035354119,-1,0
0.04774,3,0,DONE,4194304,4194304,4194304,7472990551,-1,0
0.04776,0,0,INJECTING,732261799,732261799,5027229095,317046480964,-1,0
0.04776,1,0,DONE,4194304,4194304,4194304,28270287849,-1,0
0.04776,2,0,DONE,4194304,4194304,4194304,10035354119,-1,0
0.04776,3,0,DONE,4194304,4194304,4194304,7472990551,-1,0
0.04778,0,0,INJECTING,732261799,732261799,5027229095,317046480964,-1,0
0.04778,1,0,DONE,4194304,4194304,4194304,28270287849,-1,0
0.04778,2,0,DONE,4194304,4194304,4194304,10035354119,-1,0
0.04778,3,0,DONE,4194304,4194304,4194304,7472990551,-1,0
0.0478,0,0,INJECTING,732261799,732261799,5027229095,317046480964,-1,0
0.0478,1,0,DONE,4194304,4194304,4194304,28270287849,-1,0
0.0478,2,0,DONE,4194304,4194304,4194304,10035354119,-1,0
0.0478,3,0,DONE,4194304,4194304,4194304,7472990551,-1,0
0.04782,0,0,INJECTING,732261799,732261799,5027229095,317046480964,-1,0
0.04782,1,0,DONE,4194304,4194304,4194304,28270287849,-1,0
0.04782,2,0,DONE,4194304,4194304,4194304,10035354119,-1,0
0.04782,3,0,DONE,4194304,4194304,4194304,7472990551,-1,0
0.04784,0,0,INJECTING,732261799,732261799,5027229095,317046480964,-1,0
0.04784,1,0,DONE,4194304,4194304,4194304,28270287849,-1,0
0.04784,2,0,DONE,4194304,4194304,4194304,10035354119,-1,0
0.04784,3,0,DONE,4194304,4194304,4194304,7472990551,-1,0
0.04786,0,0,INJECTING,732261799,732261799,5027229095,317046480964,-1,0
0.04786,1,0,DONE,4194304,4194304,4194304,28270287849,-1,0
0.04786,2,0,DONE,4194304,4194304,4194304,10035354119,-1,0
0.04786,3,0,DONE,4194304,4194304,4194304,7472990551,-1,0
0.04788,0,0,INJECTING,732261799,732261799,5027229095,317046480964,-1,0
0.04788,1,0,DONE,4194304,4194304,4194304,28270287849,-1,0
0.04788,2,0,DONE,4194304,4194304,4194304,10035354119,-1,0
0.04788,3,0,DONE,4194304,4194304,4194304,7472990551,-1,0
0.0479,0,0,INJECTING,732261799,732261799,5027229095,317046480964,-1,0
0.0479,1,0,DONE,4194304,4194304,4194304,28270287849,-1,0
0.0479,2,0,DONE,4194304,4194304,4194304,10035354119,-1,0
0.0479,3,0,DONE,4194304,4194304,4194304,7472990551,-1,0
0.04792,0,0,INJECTING,732261799,732261799,5027229095,317046480964,-1,0
0.04792,1,0,DONE,4194304,4194304,4194304,28270287849,-1,0
0.04792,2,0,DONE,4194304,4194304,4194304,10035354119,-1,0
0.04792,3,0,DONE,4194304,4194304,4194304,7472990551,-1,0
0.04794,0,0,INJECTING,732261799,732261799,5027229095,317046480964,-1,0
0.04794,1,0,DONE,4194304,4194304,4194304,28270287849,-1,0
0.04794,2,0,DONE,4194304,4194304,4194304,10035354119,-1,0
0.04794,3,0,DONE,4194304,4194304,4194304,7472990551,-1,0
0.04796,0,0,INJECTING,732261799,732261799,5027229095,317046480964,-1,0
0.04796,1,0,DONE,4194304,4194304,4194304,28270287849,-1,0
0.04796,2,0,DONE,4194304,4194304,4194304,10035354119,-1,0
0.04796,3,0,DONE,4194304,4194304,4194304,7472990551,-1,0
0.04798,0,0,INJECTING,732261799,732261799,5027229095,317046480964,-1,0
0.04798,1,0,DONE,4194304,4194304,4194304,28270287849,-1,0
0.04798,2,0,DONE,4194304,4194304,4194304,10035354119,-1,0
0.04798,3,0,DONE,4194304,4194304,4194304,7472990551,-1,0
0.048,0,0,INJECTING,732261799,732261799,5027229095,317046480964,-1,0
0.048,1,0,DONE,4194304,4194304,4194304,28270287849,-1,0
0.048,2,0,DONE,4194304,4194304,4194304,10035354119,-1,0
0.048,3,0,DONE,4194304,4194304,4194304,7472990551,-1,0
0.04802,0,0,INJECTING,732261799,732261799,5027229095,317046480964,-1,0
0.04802,1,0,DONE,4194304,4194304,4194304,28270287849,-1,0
0.04802,2,0,DONE,4194304,4194304,4194304,10035354119,-1,0
0.04802,3,0,DONE,4194304,4194304,4194304,7472990551,-1,0
0.04804,0,0,INJECTING,732261799,732261799,5027229095,317046480964,-1,0
0.04804,1,0,DONE,4194304,4194304,4194304,28270287849,-1,0
0.04804,2,0,DONE,4194304,4194304,4194304,10035354119,-1,0
0.04804,3,0,DONE,4194304,4194304,4194304,7472990551,-1,0
0.04806,0,0,INJECTING,732261799,732261799,5027229095,317046480964,-1,0
0.04806,1,0,DONE,4194304,4194304,4194304,28270287849,-1,0
0.04806,2,0,DONE,4194304,4194304,4194304,10035354119,-1,0
0.04806,3,0,DONE,4194304,4194304,4194304,7472990551,-1,0
0.04808,0,0,INJECTING,732261799,732261799,5027229095,317046480964,-1,0
0.04808,1,0,DONE,4194304,4194304,4194304,28270287849,-1,0
0.04808,2,0,DONE,4194304,4194304,4194304,10035354119,-1,0
0.04808,3,0,DONE,4194304,4194304,4194304,7472990551,-1,0
0.0481,0,0,INJECTING,732261799,732261799,5027229095,317046480964,-1,0
0.0481,1,0,DONE,4194304,4194304,4194304,28270287849,-1,0
0.0481,2,0,DONE,4194304,4194304,4194304,10035354119,-1,0
0.0481,3,0,DONE,4194304,4194304,4194304,7472990551,-1,0
0.04812,0,0,INJECTING,732261799,732261799,5027229095,317046480964,-1,0
0.04812,1,0,DONE,4194304,4194304,4194304,28270287849,-1,0
0.04812,2,0,DONE,4194304,4194304,4194304,10035354119,-1,0
0.04812,3,0,DONE,4194304,4194304,4194304,7472990551,-1,0
0.04814,0,0,INJECTING,732261799,732261799,5027229095,317046480964,-1,0
0.04814,1,0,DONE,4194304,4194304,4194304,28270287849,-1,0
0.04814,2,0,DONE,4194304,4194304,4194304,10035354119,-1,0
0.04814,3,0,DONE,4194304,4194304,4194304,7472990551,-1,0
0.04816,0,0,INJECTING,732261799,732261799,5027229095,317046480964,-1,0
0.04816,1,0,DONE,4194304,4194304,4194304,28270287849,-1,0
0.04816,2,0,DONE,4194304,4194304,4194304,10035354119,-1,0
0.04816,3,0,DONE,4194304,4194304,4194304,7472990551,-1,0
0.04818,0,0,INJECTING,732261799,732261799,5027229095,317046480964,-1,0
0.04818,1,0,DONE,4194304,4194304,4194304,28270287849,-1,0
0.04818,2,0,DONE,4194304,4194304,4194304,10035354119,-1,0
0.04818,3,0,DONE,4194304,4194304,4194304,7472990551,-1,0
0.0482,0,0,INJECTING,732261799,732261799,5027229095,317046480964,-1,0
0.0482,1,0,DONE,4194304,4194304,4194304,28270287849,-1,0
0.0482,2,0,DONE,4194304,4194304,4194304,10035354119,-1,0
0.0482,3,0,DONE,4194304,4194304,4194304,7472990551,-1,0
0.04822,0,0,INJECTING,732261799,732261799,5027229095,317046480964,-1,0
0.04822,1,0,DONE,4194304,4194304,4194304,28270287849,-1,0
0.04822,2,0,DONE,4194304,4194304,4194304,10035354119,-1,0
0.04822,3,0,DONE,4194304,4194304,4194304,7472990551,-1,0
0.04824,0,0,INJECTING,732261799,732261799,5027229095,317046480964,-1,0
0.04824,1,0,DONE,4194304,4194304,4194304,28270287849,-1,0
0.04824,2,0,DONE,4194304,4194304,4194304,10035354119,-1,0
0.04824,3,0,DONE,4194304,4194304,4194304,7472990551,-1,0
0.04826,0,0,INJECTING,732261799,732261799,5027229095,317046480964,-1,0
0.04826,1,0,DONE,4194304,4194304,4194304,28270287849,-1,0
0.04826,2,0,DONE,4194304,4194304,4194304,10035354119,-1,0
0.04826,3,0,DONE,4194304,4194304,4194304,7472990551,-1,0
0.04828,0,0,INJECTING,732261799,732261799,5027229095,317046480964,-1,0
0.04828,1,0,DONE,4194304,4194304,4194304,28270287849,-1,0
0.04828,2,0,DONE,4194304,4194304,4194304,10035354119,-1,0
0.04828,3,0,DONE,4194304,4194304,4194304,7472990551,-1,0
0.0483,0,0,INJECTING,732261799,732261799,5027229095,317046480964,-1,0
0.0483,1,0,DONE,4194304,4194304,4194304,28270287849,-1,0
0.0483,2,0,DONE,4194304,4194304,4194304,10035354119,-1,0
0.0483,3,0,DONE,4194304,4194304,4194304,7472990551,-1,0
0.04832,0,0,INJECTING,732261799,732261799,5027229095,317046480964,-1,0
0.04832,1,0,DONE,4194304,4194304,4194304,28270287849,-1,0
0.04832,2,0,DONE,4194304,4194304,4194304,10035354119,-1,0
0.04832,3,0,DONE,4194304,4194304,4194304,7472990551,-1,0
0.04834,0,0,INJECTING,732261799,732261799,5027229095,317046480964,-1,0
0.04834,1,0,DONE,4194304,4194304,4194304,28270287849,-1,0
0.04834,2,0,DONE,4194304,4194304,4194304,10035354119,-1,0
0.04834,3,0,DONE,4194304,4194304,4194304,7472990551,-1,0
0.04836,0,0,INJECTING,732261799,732261799,5027229095,317046480964,-1,0
0.04836,1,0,DONE,4194304,4194304,4194304,28270287849,-1,0
0.04836,2,0,DONE,4194304,4194304,4194304,10035354119,-1,0
0.04836,3,0,DONE,4194304,4194304,4194304,7472990551,-1,0
0.04838,0,0,INJECTING,732261799,732261799,5027229095,317046480964,-1,0
0.04838,1,0,DONE,4194304,4194304,4194304,28270287849,-1,0
0.04838,2,0,DONE,4194304,4194304,4194304,10035354119,-1,0
0.04838,3,0,DONE,4194304,4194304,4194304,7472990551,-1,0
0.0484,0,0,INJECTING,732261799,732261799,5027229095,317046480964,-1,0
0.0484,1,0,DONE,4194304,4194304,4194304,28270287849,-1,0
0.0484,2,0,DONE,4194304,4194304,4194304,10035354119,-1,0
0.0484,3,0,DONE,4194304,4194304,4194304,7472990551,-1,0
0.04842,0,0,INJECTING,732261799,732261799,5027229095,317046480964,-1,0
0.04842,1,0,DONE,4194304,4194304,4194304,28270287849,-1,0
0.04842,2,0,DONE,4194304,4194304,4194304,10035354119,-1,0
0.04842,3,0,DONE,4194304,4194304,4194304,7472990551,-1,0
0.04844,0,0,INJECTING,732261799,732261799,5027229095,317046480964,-1,0
0.04844,1,0,DONE,4194304,4194304,4194304,28270287849,-1,0
0.04844,2,0,DONE,4194304,4194304,4194304,10035354119,-1,0
0.04844,3,0,DONE,4194304,4194304,4194304,7472990551,-1,0
0.04846,0,0,INJECTING,732261799,732261799,5027229095,317046480964,-1,0
0.04846,1,0,DONE,4194304,4194304,4194304,28270287849,-1,0
0.04846,2,0,DONE,4194304,4194304,4194304,10035354119,-1,0
0.04846,3,0,DONE,4194304,4194304,4194304,7472990551,-1,0
0.04848,0,0,INJECTING,732261799,732261799,5027229095,317046480964,-1,0
0.04848,1,0,DONE,4194304,4194304,4194304,28270287849,-1,0
0.04848,2,0,DONE,4194304,4194304,4194304,10035354119,-1,0
0.04848,3,0,DONE,4194304,4194304,4194304,7472990551,-1,0
0.0485,0,0,INJECTING,732261799,732261799,5027229095,317046480964,-1,0
0.0485,1,0,DONE,4194304,4194304,4194304,28270287849,-1,0
0.0485,2,0,DONE,4194304,4194304,4194304,10035354119,-1,0
0.0485,3,0,DONE,4194304,4194304,4194304,7472990551,-1,0
0.04852,0,0,INJECTING,732261799,732261799,5027229095,317046480964,-1,0
0.04852,1,0,DONE,4194304,4194304,4194304,28270287849,-1,0
0.04852,2,0,DONE,4194304,4194304,4194304,10035354119,-1,0
0.04852,3,0,DONE,4194304,4194304,4194304,7472990551,-1,0
0.04854,0,0,INJECTING,732261799,732261799,5027229095,317046480964,-1,0
0.04854,1,0,DONE,4194304,4194304,4194304,28270287849,-1,0
0.04854,2,0,DONE,4194304,4194304,4194304,10035354119,-1,0
0.04854,3,0,DONE,4194304,4194304,4194304,7472990551,-1,0
0.04856,0,0,INJECTING,732261799,732261799,5027229095,317046480964,-1,0
0.04856,1,0,DONE,4194304,4194304,4194304,28270287849,-1,0
0.04856,2,0,DONE,4194304,4194304,4194304,10035354119,-1,0
0.04856,3,0,DONE,4194304,4194304,4194304,7472990551,-1,0
0.04858,0,0,INJECTING,732261799,732261799,5027229095,317046480964,-1,0
0.04858,1,0,DONE,4194304,4194304,4194304,28270287849,-1,0
0.04858,2,0,DONE,4194304,4194304,4194304,10035354119,-1,0
0.04858,3,0,DONE,4194304,4194304,4194304,7472990551,-1,0
0.0486,0,0,INJECTING,732261799,732261799,5027229095,317046480964,-1,0
0.0486,1,0,DONE,4194304,4194304,4194304,28270287849,-1,0
0.0486,2,0,DONE,4194304,4194304,4194304,10035354119,-1,0
0.0486,3,0,DONE,4194304,4194304,4194304,7472990551,-1,0
0.04862,0,0,INJECTING,732261799,732261799,5027229095,317046480964,-1,0
0.04862,1,0,DONE,4194304,4194304,4194304,28270287849,-1,0
0.04862,2,0,DONE,4194304,4194304,4194304,10035354119,-1,0
0.04862,3,0,DONE,4194304,4194304,4194304,7472990551,-1,0
0.04864,0,0,INJECTING,732261799,732261799,5027229095,317046480964,-1,0
0.04864,1,0,DONE,4194304,4194304,4194304,28270287849,-1,0
0.04864,2,0,DONE,4194304,4194304,4194304,10035354119,-1,0
0.04864,3,0,DONE,4194304,4194304,4194304,7472990551,-1,0
0.04866,0,0,INJECTING,732261799,732261799,5027229095,317046480964,-1,0
0.04866,1,0,DONE,4194304,4194304,4194304,28270287849,-1,0
0.04866,2,0,DONE,4194304,4194304,4194304,10035354119,-1,0
0.04866,3,0,DONE,4194304,4194304,4194304,7472990551,-1,0
0.04868,0,0,INJECTING,732261799,732261799,5027229095,317046480964,-1,0
0.04868,1,0,DONE,4194304,4194304,4194304,28270287849,-1,0
0.04868,2,0,DONE,4194304,4194304,4194304,10035354119,-1,0
0.04868,3,0,DONE,4194304,4194304,4194304,7472990551,-1,0
0.0487,0,0,INJECTING,732261799,732261799,5027229095,317046480964,-1,0
0.0487,1,0,DONE,4194304,4194304,4194304,28270287849,-1,0
0.0487,2,0,DONE,4194304,4194304,4194304,10035354119,-1,0
0.0487,3,0,DONE,4194304,4194304,4194304,7472990551,-1,0
0.04872,0,0,INJECTING,732261799,732261799,5027229095,317046480964,-1,0
0.04872,1,0,DONE,4194304,4194304,4194304,28270287849,-1,0
0.04872,2,0,DONE,4194304,4194304,4194304,10035354119,-1,0
0.04872,3,0,DONE,4194304,4194304,4194304,7472990551,-1,0
0.04874,0,0,INJECTING,732261799,732261799,5027229095,317046480964,-1,0
0.04874,1,0,DONE,4194304,4194304,4194304,28270287849,-1,0
0.04874,2,0,DONE,4194304,4194304,4194304,10035354119,-1,0
0.04874,3,0,DONE,4194304,4194304,4194304,7472990551,-1,0
0.04876,0,0,INJECTING,732261799,732261799,5027229095,317046480964,-1,0
0.04876,1,0,DONE,4194304,4194304,4194304,28270287849,-1,0
0.04876,2,0,DONE,4194304,4194304,4194304,10035354119,-1,0
0.04876,3,0,DONE,4194304,4194304,4194304,7472990551,-1,0
0.04878,0,0,INJECTING,732261799,732261799,5027229095,317046480964,-1,0
0.04878,1,0,DONE,4194304,4194304,4194304,28270287849,-1,0
0.04878,2,0,DONE,4194304,4194304,4194304,10035354119,-1,0
0.04878,3,0,DONE,4194304,4194304,4194304,7472990551,-1,0
0.0488,0,0,INJECTING,732261799,732261799,5027229095,317046480964,-1,0
0.0488,1,0,DONE,4194304,4194304,4194304,28270287849,-1,0
0.0488,2,0,DONE,4194304,4194304,4194304,10035354119,-1,0
0.0488,3,0,DONE,4194304,4194304,4194304,7472990551,-1,0
0.04882,0,0,INJECTING,732261799,732261799,5027229095,317046480964,-1,0
0.04882,1,0,DONE,4194304,4194304,4194304,28270287849,-1,0
0.04882,2,0,DONE,4194304,4194304,4194304,10035354119,-1,0
0.04882,3,0,DONE,4194304,4194304,4194304,7472990551,-1,0
0.04884,0,0,INJECTING,732261799,732261799,5027229095,317046480964,-1,0
0.04884,1,0,DONE,4194304,4194304,4194304,28270287849,-1,0
0.04884,2,0,DONE,4194304,4194304,4194304,10035354119,-1,0
0.04884,3,0,DONE,4194304,4194304,4194304,7472990551,-1,0
0.04886,0,0,INJECTING,732261799,732261799,5027229095,317046480964,-1,0
0.04886,1,0,DONE,4194304,4194304,4194304,28270287849,-1,0
0.04886,2,0,DONE,4194304,4194304,4194304,10035354119,-1,0
0.04886,3,0,DONE,4194304,4194304,4194304,7472990551,-1,0
0.04888,0,0,INJECTING,732261799,732261799,5027229095,317046480964,-1,0
0.04888,1,0,DONE,4194304,4194304,4194304,28270287849,-1,0
0.04888,2,0,DONE,4194304,4194304,4194304,10035354119,-1,0
0.04888,3,0,DONE,4194304,4194304,4194304,7472990551,-1,0
0.0489,0,0,INJECTING,732261799,732261799,5027229095,317046480964,-1,0
0.0489,1,0,DONE,4194304,4194304,4194304,28270287849,-1,0
0.0489,2,0,DONE,4194304,4194304,4194304,10035354119,-1,0
0.0489,3,0,DONE,4194304,4194304,4194304,7472990551,-1,0
0.04892,0,0,INJECTING,732261799,732261799,5027229095,317046480964,-1,0
0.04892,1,0,DONE,4194304,4194304,4194304,28270287849,-1,0
0.04892,2,0,DONE,4194304,4194304,4194304,10035354119,-1,0
0.04892,3,0,DONE,4194304,4194304,4194304,7472990551,-1,0
0.04894,0,0,INJECTING,732261799,732261799,5027229095,317046480964,-1,0
0.04894,1,0,DONE,4194304,4194304,4194304,28270287849,-1,0
0.04894,2,0,DONE,4194304,4194304,4194304,10035354119,-1,0
0.04894,3,0,DONE,4194304,4194304,4194304,7472990551,-1,0
0.04896,0,0,INJECTING,732261799,732261799,5027229095,317046480964,-1,0
0.04896,1,0,DONE,4194304,4194304,4194304,28270287849,-1,0
0.04896,2,0,DONE,4194304,4194304,4194304,10035354119,-1,0
0.04896,3,0,DONE,4194304,4194304,4194304,7472990551,-1,0
0.04898,0,0,INJECTING,732261799,732261799,5027229095,317046480964,-1,0
0.04898,1,0,DONE,4194304,4194304,4194304,28270287849,-1,0
0.04898,2,0,DONE,4194304,4194304,4194304,10035354119,-1,0
0.04898,3,0,DONE,4194304,4194304,4194304,7472990551,-1,0
0.049,0,0,INJECTING,732261799,732261799,5027229095,317046480964,-1,0
0.049,1,0,DONE,4194304,4194304,4194304,28270287849,-1,0
0.049,2,0,DONE,4194304,4194304,4194304,10035354119,-1,0
0.049,3,0,DONE,4194304,4194304,4194304,7472990551,-1,0
0.04902,0,0,INJECTING,732261799,732261799,5027229095,317046480964,-1,0
0.04902,1,0,DONE,4194304,4194304,4194304,28270287849,-1,0
0.04902,2,0,DONE,4194304,4194304,4194304,10035354119,-1,0
0.04902,3,0,DONE,4194304,4194304,4194304,7472990551,-1,0
0.04904,0,0,INJECTING,732261799,732261799,5027229095,317046480964,-1,0
0.04904,1,0,DONE,4194304,4194304,4194304,28270287849,-1,0
0.04904,2,0,DONE,4194304,4194304,4194304,10035354119,-1,0
0.04904,3,0,DONE,4194304,4194304,4194304,7472990551,-1,0
0.04906,0,0,INJECTING,732261799,732261799,5027229095,317046480964,-1,0
0.04906,1,0,DONE,4194304,4194304,4194304,28270287849,-1,0
0.04906,2,0,DONE,4194304,4194304,4194304,10035354119,-1,0
0.04906,3,0,DONE,4194304,4194304,4194304,7472990551,-1,0
0.04908,0,0,INJECTING,732261799,732261799,5027229095,317046480964,-1,0
0.04908,1,0,DONE,4194304,4194304,4194304,28270287849,-1,0
0.04908,2,0,DONE,4194304,4194304,4194304,10035354119,-1,0
0.04908,3,0,DONE,4194304,4194304,4194304,7472990551,-1,0
0.0491,0,0,INJECTING,732261799,732261799,5027229095,317046480964,-1,0
0.0491,1,0,DONE,4194304,4194304,4194304,28270287849,-1,0
0.0491,2,0,DONE,4194304,4194304,4194304,10035354119,-1,0
0.0491,3,0,DONE,4194304,4194304,4194304,7472990551,-1,0
0.04912,0,0,INJECTING,732261799,732261799,5027229095,317046480964,-1,0
0.04912,1,0,DONE,4194304,4194304,4194304,28270287849,-1,0
0.04912,2,0,DONE,4194304,4194304,4194304,10035354119,-1,0
0.04912,3,0,DONE,4194304,4194304,4194304,7472990551,-1,0
0.04914,0,0,INJECTING,732261799,732261799,5027229095,317046480964,-1,0
0.04914,1,0,DONE,4194304,4194304,4194304,28270287849,-1,0
0.04914,2,0,DONE,4194304,4194304,4194304,10035354119,-1,0
0.04914,3,0,DONE,4194304,4194304,4194304,7472990551,-1,0
0.04916,0,0,INJECTING,732261799,732261799,5027229095,317046480964,-1,0
0.04916,1,0,DONE,4194304,4194304,4194304,28270287849,-1,0
0.04916,2,0,DONE,4194304,4194304,4194304,10035354119,-1,0
0.04916,3,0,DONE,4194304,4194304,4194304,7472990551,-1,0
0.04918,0,0,INJECTING,732261799,732261799,5027229095,317046480964,-1,0
0.04918,1,0,DONE,4194304,4194304,4194304,28270287849,-1,0
0.04918,2,0,DONE,4194304,4194304,4194304,10035354119,-1,0
0.04918,3,0,DONE,4194304,4194304,4194304,7472990551,-1,0
0.0492,0,0,INJECTING,732261799,732261799,5027229095,317046480964,-1,0
0.0492,1,0,DONE,4194304,4194304,4194304,28270287849,-1,0
0.0492,2,0,DONE,4194304,4194304,4194304,10035354119,-1,0
0.0492,3,0,DONE,4194304,4194304,4194304,7472990551,-1,0
0.04922,0,0,INJECTING,732261799,732261799,5027229095,317046480964,-1,0
0.04922,1,0,DONE,4194304,4194304,4194304,28270287849,-1,0
0.04922,2,0,DONE,4194304,4194304,4194304,10035354119,-1,0
0.04922,3,0,DONE,4194304,4194304,4194304,7472990551,-1,0
0.04924,0,0,INJECTING,732261799,732261799,5027229095,317046480964,-1,0
0.04924,1,0,DONE,4194304,4194304,4194304,28270287849,-1,0
0.04924,2,0,DONE,4194304,4194304,4194304,10035354119,-1,0
0.04924,3,0,DONE,4194304,4194304,4194304,7472990551,-1,0
0.04926,0,0,INJECTING,732261799,732261799,5027229095,317046480964,-1,0
0.04926,1,0,DONE,4194304,4194304,4194304,28270287849,-1,0
0.04926,2,0,DONE,4194304,4194304,4194304,10035354119,-1,0
0.04926,3,0,DONE,4194304,4194304,4194304,7472990551,-1,0
0.04928,0,0,INJECTING,732261799,732261799,5027229095,317046480964,-1,0
0.04928,1,0,DONE,4194304,4194304,4194304,28270287849,-1,0
0.04928,2,0,DONE,4194304,4194304,4194304,10035354119,-1,0
0.04928,3,0,DONE,4194304,4194304,4194304,7472990551,-1,0
0.0493,0,0,INJECTING,732261799,732261799,5027229095,317046480964,-1,0
0.0493,1,0,DONE,4194304,4194304,4194304,28270287849,-1,0
0.0493,2,0,DONE,4194304,4194304,4194304,10035354119,-1,0
0.0493,3,0,DONE,4194304,4194304,4194304,7472990551,-1,0
0.04932,0,0,INJECTING,732261799,732261799,5027229095,317046480964,-1,0
0.04932,1,0,DONE,4194304,4194304,4194304,28270287849,-1,0
0.04932,2,0,DONE,4194304,4194304,4194304,10035354119,-1,0
0.04932,3,0,DONE,4194304,4194304,4194304,7472990551,-1,0
0.04934,0,0,INJECTING,732261799,732261799,5027229095,317046480964,-1,0
0.04934,1,0,DONE,4194304,4194304,4194304,28270287849,-1,0
0.04934,2,0,DONE,4194304,4194304,4194304,10035354119,-1,0
0.04934,3,0,DONE,4194304,4194304,4194304,7472990551,-1,0
0.04936,0,0,INJECTING,732261799,732261799,5027229095,317046480964,-1,0
0.04936,1,0,DONE,4194304,4194304,4194304,28270287849,-1,0
0.04936,2,0,DONE,4194304,4194304,4194304,10035354119,-1,0
0.04936,3,0,DONE,4194304,4194304,4194304,7472990551,-1,0
0.04938,0,0,INJECTING,732261799,732261799,5027229095,317046480964,-1,0
0.04938,1,0,DONE,4194304,4194304,4194304,28270287849,-1,0
0.04938,2,0,DONE,4194304,4194304,4194304,10035354119,-1,0
0.04938,3,0,DONE,4194304,4194304,4194304,7472990551,-1,0
0.0494,0,0,INJECTING,732261799,732261799,5027229095,317046480964,-1,0
0.0494,1,0,DONE,4194304,4194304,4194304,28270287849,-1,0
0.0494,2,0,DONE,4194304,4194304,4194304,10035354119,-1,0
0.0494,3,0,DONE,4194304,4194304,4194304,7472990551,-1,0
0.04942,0,0,INJECTING,732261799,732261799,5027229095,317046480964,-1,0
0.04942,1,0,DONE,4194304,4194304,4194304,28270287849,-1,0
0.04942,2,0,DONE,4194304,4194304,4194304,10035354119,-1,0
0.04942,3,0,DONE,4194304,4194304,4194304,7472990551,-1,0
0.04944,0,0,INJECTING,732261799,732261799,5027229095,317046480964,-1,0
0.04944,1,0,DONE,4194304,4194304,4194304,28270287849,-1,0
0.04944,2,0,DONE,4194304,4194304,4194304,10035354119,-1,0
0.04944,3,0,DONE,4194304,4194304,4194304,7472990551,-1,0
0.04946,0,0,INJECTING,732261799,732261799,5027229095,317046480964,-1,0
0.04946,1,0,DONE,4194304,4194304,4194304,28270287849,-1,0
0.04946,2,0,DONE,4194304,4194304,4194304,10035354119,-1,0
0.04946,3,0,DONE,4194304,4194304,4194304,7472990551,-1,0
0.04948,0,0,INJECTING,732261799,732261799,5027229095,317046480964,-1,0
0.04948,1,0,DONE,4194304,4194304,4194304,28270287849,-1,0
0.04948,2,0,DONE,4194304,4194304,4194304,10035354119,-1,0
0.04948,3,0,DONE,4194304,4194304,4194304,7472990551,-1,0
0.0495,0,0,INJECTING,732261799,732261799,5027229095,317046480964,-1,0
0.0495,1,0,DONE,4194304,4194304,4194304,28270287849,-1,0
0.0495,2,0,DONE,4194304,4194304,4194304,10035354119,-1,0
0.0495,3,0,DONE,4194304,4194304,4194304,7472990551,-1,0
0.04952,0,0,INJECTING,732261799,732261799,5027229095,317046480964,-1,0
0.04952,1,0,DONE,4194304,4194304,4194304,28270287849,-1,0
0.04952,2,0,DONE,4194304,4194304,4194304,10035354119,-1,0
0.04952,3,0,DONE,4194304,4194304,4194304,7472990551,-1,0
0.04954,0,0,INJECTING,732261799,732261799,5027229095,317046480964,-1,0
0.04954,1,0,DONE,4194304,4194304,4194304,28270287849,-1,0
0.04954,2,0,DONE,4194304,4194304,4194304,10035354119,-1,0
0.04954,3,0,DONE,4194304,4194304,4194304,7472990551,-1,0
0.04956,0,0,INJECTING,732261799,732261799,5027229095,317046480964,-1,0
0.04956,1,0,DONE,4194304,4194304,4194304,28270287849,-1,0
0.04956,2,0,DONE,4194304,4194304,4194304,10035354119,-1,0
0.04956,3,0,DONE,4194304,4194304,4194304,7472990551,-1,0
0.04958,0,0,INJECTING,732261799,732261799,5027229095,317046480964,-1,0
0.04958,1,0,DONE,4194304,4194304,4194304,28270287849,-1,0
0.04958,2,0,DONE,4194304,4194304,4194304,10035354119,-1,0
0.04958,3,0,DONE,4194304,4194304,4194304,7472990551,-1,0
0.0496,0,0,INJECTING,732261799,732261799,5027229095,317046480964,-1,0
0.0496,1,0,DONE,4194304,4194304,4194304,28270287849,-1,0
0.0496,2,0,DONE,4194304,4194304,4194304,10035354119,-1,0
0.0496,3,0,DONE,4194304,4194304,4194304,7472990551,-1,0
0.04962,0,0,INJECTING,732261799,732261799,5027229095,317046480964,-1,0
0.04962,1,0,DONE,4194304,4194304,4194304,28270287849,-1,0
0.04962,2,0,DONE,4194304,4194304,4194304,10035354119,-1,0
0.04962,3,0,DONE,4194304,4194304,4194304,7472990551,-1,0
0.04964,0,0,INJECTING,732261799,732261799,5027229095,317046480964,-1,0
0.04964,1,0,DONE,4194304,4194304,4194304,28270287849,-1,0
0.04964,2,0,DONE,4194304,4194304,4194304,10035354119,-1,0
0.04964,3,0,DONE,4194304,4194304,4194304,7472990551,-1,0
0.04966,0,0,INJECTING,732261799,732261799,5027229095,317046480964,-1,0
0.04966,1,0,DONE,4194304,4194304,4194304,28270287849,-1,0
0.04966,2,0,DONE,4194304,4194304,4194304,10035354119,-1,0
0.04966,3,0,DONE,4194304,4194304,4194304,7472990551,-1,0
0.04968,0,0,INJECTING,732261799,732261799,5027229095,317046480964,-1,0
0.04968,1,0,DONE,4194304,4194304,4194304,28270287849,-1,0
0.04968,2,0,DONE,4194304,4194304,4194304,10035354119,-1,0
0.04968,3,0,DONE,4194304,4194304,4194304,7472990551,-1,0
0.0497,0,0,INJECTING,732261799,732261799,5027229095,317046480964,-1,0
0.0497,1,0,DONE,4194304,4194304,4194304,28270287849,-1,0
0.0497,2,0,DONE,4194304,4194304,4194304,10035354119,-1,0
0.0497,3,0,DONE,4194304,4194304,4194304,7472990551,-1,0
0.04972,0,0,INJECTING,732261799,732261799,5027229095,317046480964,-1,0
0.04972,1,0,DONE,4194304,4194304,4194304,28270287849,-1,0
0.04972,2,0,DONE,4194304,4194304,4194304,10035354119,-1,0
0.04972,3,0,DONE,4194304,4194304,4194304,7472990551,-1,0
0.04974,0,0,INJECTING,732261799,732261799,5027229095,317046480964,-1,0
0.04974,1,0,DONE,4194304,4194304,4194304,28270287849,-1,0
0.04974,2,0,DONE,4194304,4194304,4194304,10035354119,-1,0
0.04974,3,0,DONE,4194304,4194304,4194304,7472990551,-1,0
0.04976,0,0,INJECTING,732261799,732261799,5027229095,317046480964,-1,0
0.04976,1,0,DONE,4194304,4194304,4194304,28270287849,-1,0
0.04976,2,0,DONE,4194304,4194304,4194304,10035354119,-1,0
0.04976,3,0,DONE,4194304,4194304,4194304,7472990551,-1,0
0.04978,0,0,INJECTING,732261799,732261799,5027229095,317046480964,-1,0
0.04978,1,0,DONE,4194304,4194304,4194304,28270287849,-1,0
0.04978,2,0,DONE,4194304,4194304,4194304,10035354119,-1,0
0.04978,3,0,DONE,4194304,4194304,4194304,7472990551,-1,0
0.0498,0,0,INJECTING,732261799,732261799,5027229095,317046480964,-1,0
0.0498,1,0,DONE,4194304,4194304,4194304,28270287849,-1,0
0.0498,2,0,DONE,4194304,4194304,4194304,10035354119,-1,0
0.0498,3,0,DONE,4194304,4194304,4194304,7472990551,-1,0
0.04982,0,0,INJECTING,732261799,732261799,5027229095,317046480964,-1,0
0.04982,1,0,DONE,4194304,4194304,4194304,28270287849,-1,0
0.04982,2,0,DONE,4194304,4194304,4194304,10035354119,-1,0
0.04982,3,0,DONE,4194304,4194304,4194304,7472990551,-1,0
0.04984,0,0,INJECTING,732261799,732261799,5027229095,317046480964,-1,0
0.04984,1,0,DONE,4194304,4194304,4194304,28270287849,-1,0
0.04984,2,0,DONE,4194304,4194304,4194304,10035354119,-1,0
0.04984,3,0,DONE,4194304,4194304,4194304,7472990551,-1,0
0.04986,0,0,INJECTING,732261799,732261799,5027229095,317046480964,-1,0
0.04986,1,0,DONE,4194304,4194304,4194304,28270287849,-1,0
0.04986,2,0,DONE,4194304,4194304,4194304,10035354119,-1,0
0.04986,3,0,DONE,4194304,4194304,4194304,7472990551,-1,0
0.04988,0,0,INJECTING,732261799,732261799,5027229095,317046480964,-1,0
0.04988,1,0,DONE,4194304,4194304,4194304,28270287849,-1,0
0.04988,2,0,DONE,4194304,4194304,4194304,10035354119,-1,0
0.04988,3,0,DONE,4194304,4194304,4194304,7472990551,-1,0
0.0499,0,0,INJECTING,732261799,732261799,5027229095,317046480964,-1,0
0.0499,1,0,DONE,4194304,4194304,4194304,28270287849,-1,0
0.0499,2,0,DONE,4194304,4194304,4194304,10035354119,-1,0
0.0499,3,0,DONE,4194304,4194304,4194304,7472990551,-1,0
0.04992,0,0,INJECTING,732261799,732261799,5027229095,317046480964,-1,0
0.04992,1,0,DONE,4194304,4194304,4194304,28270287849,-1,0
0.04992,2,0,DONE,4194304,4194304,4194304,10035354119,-1,0
0.04992,3,0,DONE,4194304,4194304,4194304,7472990551,-1,0
0.04994,0,0,INJECTING,732261799,732261799,5027229095,317046480964,-1,0
0.04994,1,0,DONE,4194304,4194304,4194304,28270287849,-1,0
0.04994,2,0,DONE,4194304,4194304,4194304,10035354119,-1,0
0.04994,3,0,DONE,4194304,4194304,4194304,7472990551,-1,0
0.04996,0,0,INJECTING,732261799,732261799,5027229095,317046480964,-1,0
0.04996,1,0,DONE,4194304,4194304,4194304,28270287849,-1,0
0.04996,2,0,DONE,4194304,4194304,4194304,10035354119,-1,0
0.04996,3,0,DONE,4194304,4194304,4194304,7472990551,-1,0
0.04998,0,0,INJECTING,732261799,732261799,5027229095,317046480964,-1,0
0.04998,1,0,DONE,4194304,4194304,4194304,28270287849,-1,0
0.04998,2,0,DONE,4194304,4194304,4194304,10035354119,-1,0
0.04998,3,0,DONE,4194304,4194304,4194304,7472990551,-1,0
0.05,0,0,INJECTING,732261799,732261799,5027229095,317046480964,-1,0
0.05,1,0,DONE,4194304,4194304,4194304,28270287849,-1,0
0.05,2,0,DONE,4194304,4194304,4194304,10035354119,-1,0
0.05,3,0,DONE,4194304,4194304,4194304,7472990551,-1,0
0.05002,0,0,INJECTING,732261799,732261799,5027229095,317046480964,-1,0
0.05002,1,0,DONE,4194304,4194304,4194304,28270287849,-1,0
0.05002,2,0,DONE,4194304,4194304,4194304,10035354119,-1,0
0.05002,3,0,DONE,4194304,4194304,4194304,7472990551,-1,0
0.05004,0,0,INJECTING,732261799,732261799,5027229095,317046480964,-1,0
0.05004,1,0,DONE,4194304,4194304,4194304,28270287849,-1,0
0.05004,2,0,DONE,4194304,4194304,4194304,10035354119,-1,0
0.05004,3,0,DONE,4194304,4194304,4194304,7472990551,-1,0
0.05006,0,0,INJECTING,732261799,732261799,5027229095,317046480964,-1,0
0.05006,1,0,DONE,4194304,4194304,4194304,28270287849,-1,0
0.05006,2,0,DONE,4194304,4194304,4194304,10035354119,-1,0
0.05006,3,0,DONE,4194304,4194304,4194304,7472990551,-1,0
0.05008,0,0,INJECTING,732261799,732261799,5027229095,317046480964,-1,0
0.05008,1,0,DONE,4194304,4194304,4194304,28270287849,-1,0
0.05008,2,0,DONE,4194304,4194304,4194304,10035354119,-1,0
0.05008,3,0,DONE,4194304,4194304,4194304,7472990551,-1,0
0.0501,0,0,INJECTING,732261799,732261799,5027229095,317046480964,-1,0
0.0501,1,0,DONE,4194304,4194304,4194304,28270287849,-1,0
0.0501,2,0,DONE,4194304,4194304,4194304,10035354119,-1,0
0.0501,3,0,DONE,4194304,4194304,4194304,7472990551,-1,0
0.05012,0,0,INJECTING,732261799,732261799,5027229095,317046480964,-1,0
0.05012,1,0,DONE,4194304,4194304,4194304,28270287849,-1,0
0.05012,2,0,DONE,4194304,4194304,4194304,10035354119,-1,0
0.05012,3,0,DONE,4194304,4194304,4194304,7472990551,-1,0
0.05014,0,0,INJECTING,732261799,732261799,5027229095,317046480964,-1,0
0.05014,1,0,DONE,4194304,4194304,4194304,28270287849,-1,0
0.05014,2,0,DONE,4194304,4194304,4194304,10035354119,-1,0
0.05014,3,0,DONE,4194304,4194304,4194304,7472990551,-1,0
0.05016,0,0,INJECTING,732261799,732261799,5027229095,317046480964,-1,0
0.05016,1,0,DONE,4194304,4194304,4194304,28270287849,-1,0
0.05016,2,0,DONE,4194304,4194304,4194304,10035354119,-1,0
0.05016,3,0,DONE,4194304,4194304,4194304,7472990551,-1,0
0.05018,0,0,INJECTING,732261799,732261799,5027229095,317046480964,-1,0
0.05018,1,0,DONE,4194304,4194304,4194304,28270287849,-1,0
0.05018,2,0,DONE,4194304,4194304,4194304,10035354119,-1,0
0.05018,3,0,DONE,4194304,4194304,4194304,7472990551,-1,0
0.0502,0,0,INJECTING,732261799,732261799,5027229095,317046480964,-1,0
0.0502,1,0,DONE,4194304,4194304,4194304,28270287849,-1,0
0.0502,2,0,DONE,4194304,4194304,4194304,10035354119,-1,0
0.0502,3,0,DONE,4194304,4194304,4194304,7472990551,-1,0
0.05022,0,0,INJECTING,732261799,732261799,5027229095,317046480964,-1,0
0.05022,1,0,DONE,4194304,4194304,4194304,28270287849,-1,0
0.05022,2,0,DONE,4194304,4194304,4194304,10035354119,-1,0
0.05022,3,0,DONE,4194304,4194304,4194304,7472990551,-1,0
0.05024,0,0,INJECTING,732261799,732261799,5027229095,317046480964,-1,0
0.05024,1,0,DONE,4194304,4194304,4194304,28270287849,-1,0
0.05024,2,0,DONE,4194304,4194304,4194304,10035354119,-1,0
0.05024,3,0,DONE,4194304,4194304,4194304,7472990551,-1,0
0.05026,0,0,INJECTING,732261799,732261799,5027229095,317046480964,-1,0
0.05026,1,0,DONE,4194304,4194304,4194304,28270287849,-1,0
0.05026,2,0,DONE,4194304,4194304,4194304,10035354119,-1,0
0.05026,3,0,DONE,4194304,4194304,4194304,7472990551,-1,0
0.05028,0,0,INJECTING,732261799,732261799,5027229095,317046480964,-1,0
0.05028,1,0,DONE,4194304,4194304,4194304,28270287849,-1,0
0.05028,2,0,DONE,4194304,4194304,4194304,10035354119,-1,0
0.05028,3,0,DONE,4194304,4194304,4194304,7472990551,-1,0
0.0503,0,0,INJECTING,732261799,732261799,5027229095,317046480964,-1,0
0.0503,1,0,DONE,4194304,4194304,4194304,28270287849,-1,0
0.0503,2,0,DONE,4194304,4194304,4194304,10035354119,-1,0
0.0503,3,0,DONE,4194304,4194304,4194304,7472990551,-1,0
0.05032,0,0,INJECTING,732261799,732261799,5027229095,317046480964,-1,0
0.05032,1,0,DONE,4194304,4194304,4194304,28270287849,-1,0
0.05032,2,0,DONE,4194304,4194304,4194304,10035354119,-1,0
0.05032,3,0,DONE,4194304,4194304,4194304,7472990551,-1,0
0.05034,0,0,INJECTING,732261799,732261799,5027229095,317046480964,-1,0
0.05034,1,0,DONE,4194304,4194304,4194304,28270287849,-1,0
0.05034,2,0,DONE,4194304,4194304,4194304,10035354119,-1,0
0.05034,3,0,DONE,4194304,4194304,4194304,7472990551,-1,0
0.05036,0,0,INJECTING,732261799,732261799,5027229095,317046480964,-1,0
0.05036,1,0,DONE,4194304,4194304,4194304,28270287849,-1,0
0.05036,2,0,DONE,4194304,4194304,4194304,10035354119,-1,0
0.05036,3,0,DONE,4194304,4194304,4194304,7472990551,-1,0
0.05038,0,0,INJECTING,732261799,732261799,5027229095,317046480964,-1,0
0.05038,1,0,DONE,4194304,4194304,4194304,28270287849,-1,0
0.05038,2,0,DONE,4194304,4194304,4194304,10035354119,-1,0
0.05038,3,0,DONE,4194304,4194304,4194304,7472990551,-1,0
0.0504,0,0,INJECTING,732261799,732261799,5027229095,317046480964,-1,0
0.0504,1,0,DONE,4194304,4194304,4194304,28270287849,-1,0
0.0504,2,0,DONE,4194304,4194304,4194304,10035354119,-1,0
0.0504,3,0,DONE,4194304,4194304,4194304,7472990551,-1,0
0.05042,0,0,INJECTING,732261799,732261799,5027229095,317046480964,-1,0
0.05042,1,0,DONE,4194304,4194304,4194304,28270287849,-1,0
0.05042,2,0,DONE,4194304,4194304,4194304,10035354119,-1,0
0.05042,3,0,DONE,4194304,4194304,4194304,7472990551,-1,0
0.05044,0,0,INJECTING,732261799,732261799,5027229095,317046480964,-1,0
0.05044,1,0,DONE,4194304,4194304,4194304,28270287849,-1,0
0.05044,2,0,DONE,4194304,4194304,4194304,10035354119,-1,0
0.05044,3,0,DONE,4194304,4194304,4194304,7472990551,-1,0
0.05046,0,0,INJECTING,732261799,732261799,5027229095,317046480964,-1,0
0.05046,1,0,DONE,4194304,4194304,4194304,28270287849,-1,0
0.05046,2,0,DONE,4194304,4194304,4194304,10035354119,-1,0
0.05046,3,0,DONE,4194304,4194304,4194304,7472990551,-1,0
0.05048,0,0,INJECTING,732261799,732261799,5027229095,317046480964,-1,0
0.05048,1,0,DONE,4194304,4194304,4194304,28270287849,-1,0
0.05048,2,0,DONE,4194304,4194304,4194304,10035354119,-1,0
0.05048,3,0,DONE,4194304,4194304,4194304,7472990551,-1,0
0.0505,0,0,INJECTING,732261799,732261799,5027229095,317046480964,-1,0
0.0505,1,0,DONE,4194304,4194304,4194304,28270287849,-1,0
0.0505,2,0,DONE,4194304,4194304,4194304,10035354119,-1,0
0.0505,3,0,DONE,4194304,4194304,4194304,7472990551,-1,0
0.05052,0,0,INJECTING,732261799,732261799,5027229095,317046480964,-1,0
0.05052,1,0,DONE,4194304,4194304,4194304,28270287849,-1,0
0.05052,2,0,DONE,4194304,4194304,4194304,10035354119,-1,0
0.05052,3,0,DONE,4194304,4194304,4194304,7472990551,-1,0
0.05054,0,0,INJECTING,732261799,732261799,5027229095,317046480964,-1,0
0.05054,1,0,DONE,4194304,4194304,4194304,28270287849,-1,0
0.05054,2,0,DONE,4194304,4194304,4194304,10035354119,-1,0
0.05054,3,0,DONE,4194304,4194304,4194304,7472990551,-1,0
0.05056,0,0,INJECTING,732261799,732261799,5027229095,317046480964,-1,0
0.05056,1,0,DONE,4194304,4194304,4194304,28270287849,-1,0
0.05056,2,0,DONE,4194304,4194304,4194304,10035354119,-1,0
0.05056,3,0,DONE,4194304,4194304,4194304,7472990551,-1,0
0.05058,0,0,INJECTING,732261799,732261799,5027229095,317046480964,-1,0
0.05058,1,0,DONE,4194304,4194304,4194304,28270287849,-1,0
0.05058,2,0,DONE,4194304,4194304,4194304,10035354119,-1,0
0.05058,3,0,DONE,4194304,4194304,4194304,7472990551,-1,0
0.0506,0,0,INJECTING,732261799,732261799,5027229095,317046480964,-1,0
0.0506,1,0,DONE,4194304,4194304,4194304,28270287849,-1,0
0.0506,2,0,DONE,4194304,4194304,4194304,10035354119,-1,0
0.0506,3,0,DONE,4194304,4194304,4194304,7472990551,-1,0
0.05062,0,0,INJECTING,732261799,732261799,5027229095,317046480964,-1,0
0.05062,1,0,DONE,4194304,4194304,4194304,28270287849,-1,0
0.05062,2,0,DONE,4194304,4194304,4194304,10035354119,-1,0
0.05062,3,0,DONE,4194304,4194304,4194304,7472990551,-1,0
0.05064,0,0,INJECTING,732261799,732261799,5027229095,317046480964,-1,0
0.05064,1,0,DONE,4194304,4194304,4194304,28270287849,-1,0
0.05064,2,0,DONE,4194304,4194304,4194304,10035354119,-1,0
0.05064,3,0,DONE,4194304,4194304,4194304,7472990551,-1,0
0.05066,0,0,INJECTING,732261799,732261799,5027229095,317046480964,-1,0
0.05066,1,0,DONE,4194304,4194304,4194304,28270287849,-1,0
0.05066,2,0,DONE,4194304,4194304,4194304,10035354119,-1,0
0.05066,3,0,DONE,4194304,4194304,4194304,7472990551,-1,0
0.05068,0,0,INJECTING,732261799,732261799,5027229095,317046480964,-1,0
0.05068,1,0,DONE,4194304,4194304,4194304,28270287849,-1,0
0.05068,2,0,DONE,4194304,4194304,4194304,10035354119,-1,0
0.05068,3,0,DONE,4194304,4194304,4194304,7472990551,-1,0
0.0507,0,0,INJECTING,732261799,732261799,5027229095,317046480964,-1,0
0.0507,1,0,DONE,4194304,4194304,4194304,28270287849,-1,0
0.0507,2,0,DONE,4194304,4194304,4194304,10035354119,-1,0
0.0507,3,0,DONE,4194304,4194304,4194304,7472990551,-1,0
0.05072,0,0,INJECTING,732261799,732261799,5027229095,317046480964,-1,0
0.05072,1,0,DONE,4194304,4194304,4194304,28270287849,-1,0
0.05072,2,0,DONE,4194304,4194304,4194304,10035354119,-1,0
0.05072,3,0,DONE,4194304,4194304,4194304,7472990551,-1,0
0.05074,0,0,INJECTING,732261799,732261799,5027229095,317046480964,-1,0
0.05074,1,0,DONE,4194304,4194304,4194304,28270287849,-1,0
0.05074,2,0,DONE,4194304,4194304,4194304,10035354119,-1,0
0.05074,3,0,DONE,4194304,4194304,4194304,7472990551,-1,0
0.05076,0,0,INJECTING,732261799,732261799,5027229095,317046480964,-1,0
0.05076,1,0,DONE,4194304,4194304,4194304,28270287849,-1,0
0.05076,2,0,DONE,4194304,4194304,4194304,10035354119,-1,0
0.05076,3,0,DONE,4194304,4194304,4194304,7472990551,-1,0
0.05078,0,0,INJECTING,732261799,732261799,5027229095,317046480964,-1,0
0.05078,1,0,DONE,4194304,4194304,4194304,28270287849,-1,0
0.05078,2,0,DONE,4194304,4194304,4194304,10035354119,-1,0
0.05078,3,0,DONE,4194304,4194304,4194304,7472990551,-1,0
0.0508,0,0,INJECTING,732261799,732261799,5027229095,317046480964,-1,0
0.0508,1,0,DONE,4194304,4194304,4194304,28270287849,-1,0
0.0508,2,0,DONE,4194304,4194304,4194304,10035354119,-1,0
0.0508,3,0,DONE,4194304,4194304,4194304,7472990551,-1,0
0.05082,0,0,INJECTING,732261799,732261799,5027229095,317046480964,-1,0
0.05082,1,0,DONE,4194304,4194304,4194304,28270287849,-1,0
0.05082,2,0,DONE,4194304,4194304,4194304,10035354119,-1,0
0.05082,3,0,DONE,4194304,4194304,4194304,7472990551,-1,0
0.05084,0,0,INJECTING,732261799,732261799,5027229095,317046480964,-1,0
0.05084,1,0,DONE,4194304,4194304,4194304,28270287849,-1,0
0.05084,2,0,DONE,4194304,4194304,4194304,10035354119,-1,0
0.05084,3,0,DONE,4194304,4194304,4194304,7472990551,-1,0
0.05086,0,0,INJECTING,732261799,732261799,5027229095,317046480964,-1,0
0.05086,1,0,DONE,4194304,4194304,4194304,28270287849,-1,0
0.05086,2,0,DONE,4194304,4194304,4194304,10035354119,-1,0
0.05086,3,0,DONE,4194304,4194304,4194304,7472990551,-1,0
0.05088,0,0,INJECTING,732261799,732261799,5027229095,317046480964,-1,0
0.05088,1,0,DONE,4194304,4194304,4194304,28270287849,-1,0
0.05088,2,0,DONE,4194304,4194304,4194304,10035354119,-1,0
0.05088,3,0,DONE,4194304,4194304,4194304,7472990551,-1,0
0.0509,0,0,INJECTING,732261799,732261799,5027229095,317046480964,-1,0
0.0509,1,0,DONE,4194304,4194304,4194304,28270287849,-1,0
0.0509,2,0,DONE,4194304,4194304,4194304,10035354119,-1,0
0.0509,3,0,DONE,4194304,4194304,4194304,7472990551,-1,0
0.05092,0,0,INJECTING,732261799,732261799,5027229095,317046480964,-1,0
0.05092,1,0,DONE,4194304,4194304,4194304,28270287849,-1,0
0.05092,2,0,DONE,4194304,4194304,4194304,10035354119,-1,0
0.05092,3,0,DONE,4194304,4194304,4194304,7472990551,-1,0
0.05094,0,0,INJECTING,732261799,732261799,5027229095,317046480964,-1,0
0.05094,1,0,DONE,4194304,4194304,4194304,28270287849,-1,0
0.05094,2,0,DONE,4194304,4194304,4194304,10035354119,-1,0
0.05094,3,0,DONE,4194304,4194304,4194304,7472990551,-1,0
0.05096,0,0,INJECTING,732261799,732261799,5027229095,317046480964,-1,0
0.05096,1,0,DONE,4194304,4194304,4194304,28270287849,-1,0
0.05096,2,0,DONE,4194304,4194304,4194304,10035354119,-1,0
0.05096,3,0,DONE,4194304,4194304,4194304,7472990551,-1,0
0.05098,0,0,INJECTING,732261799,732261799,5027229095,317046480964,-1,0
0.05098,1,0,DONE,4194304,4194304,4194304,28270287849,-1,0
0.05098,2,0,DONE,4194304,4194304,4194304,10035354119,-1,0
0.05098,3,0,DONE,4194304,4194304,4194304,7472990551,-1,0
0.051,0,0,INJECTING,732261799,732261799,5027229095,317046480964,-1,0
0.051,1,0,DONE,4194304,4194304,4194304,28270287849,-1,0
0.051,2,0,DONE,4194304,4194304,4194304,10035354119,-1,0
0.051,3,0,DONE,4194304,4194304,4194304,7472990551,-1,0
0.05102,0,0,INJECTING,732261799,732261799,5027229095,317046480964,-1,0
0.05102,1,0,DONE,4194304,4194304,4194304,28270287849,-1,0
0.05102,2,0,DONE,4194304,4194304,4194304,10035354119,-1,0
0.05102,3,0,DONE,4194304,4194304,4194304,7472990551,-1,0
0.05104,0,0,INJECTING,732261799,732261799,5027229095,317046480964,-1,0
0.05104,1,0,DONE,4194304,4194304,4194304,28270287849,-1,0
0.05104,2,0,DONE,4194304,4194304,4194304,10035354119,-1,0
0.05104,3,0,DONE,4194304,4194304,4194304,7472990551,-1,0
0.05106,0,0,INJECTING,732261799,732261799,5027229095,317046480964,-1,0
0.05106,1,0,DONE,4194304,4194304,4194304,28270287849,-1,0
0.05106,2,0,DONE,4194304,4194304,4194304,10035354119,-1,0
0.05106,3,0,DONE,4194304,4194304,4194304,7472990551,-1,0
0.05108,0,0,INJECTING,732261799,732261799,5027229095,317046480964,-1,0
0.05108,1,0,DONE,4194304,4194304,4194304,28270287849,-1,0
0.05108,2,0,DONE,4194304,4194304,4194304,10035354119,-1,0
0.05108,3,0,DONE,4194304,4194304,4194304,7472990551,-1,0
0.0511,0,0,INJECTING,732261799,732261799,5027229095,317046480964,-1,0
0.0511,1,0,DONE,4194304,4194304,4194304,28270287849,-1,0
0.0511,2,0,DONE,4194304,4194304,4194304,10035354119,-1,0
0.0511,3,0,DONE,4194304,4194304,4194304,7472990551,-1,0
0.05112,0,0,INJECTING,732261799,732261799,5027229095,317046480964,-1,0
0.05112,1,0,DONE,4194304,4194304,4194304,28270287849,-1,0
0.05112,2,0,DONE,4194304,4194304,4194304,10035354119,-1,0
0.05112,3,0,DONE,4194304,4194304,4194304,7472990551,-1,0
0.05114,0,0,INJECTING,732261799,732261799,5027229095,317046480964,-1,0
0.05114,1,0,DONE,4194304,4194304,4194304,28270287849,-1,0
0.05114,2,0,DONE,4194304,4194304,4194304,10035354119,-1,0
0.05114,3,0,DONE,4194304,4194304,4194304,7472990551,-1,0
0.05116,0,0,INJECTING,732261799,732261799,5027229095,317046480964,-1,0
0.05116,1,0,DONE,4194304,4194304,4194304,28270287849,-1,0
0.05116,2,0,DONE,4194304,4194304,4194304,10035354119,-1,0
0.05116,3,0,DONE,4194304,4194304,4194304,7472990551,-1,0
0.05118,0,0,INJECTING,732261799,732261799,5027229095,317046480964,-1,0
0.05118,1,0,DONE,4194304,4194304,4194304,28270287849,-1,0
0.05118,2,0,DONE,4194304,4194304,4194304,10035354119,-1,0
0.05118,3,0,DONE,4194304,4194304,4194304,7472990551,-1,0
0.0512,0,0,INJECTING,732261799,732261799,5027229095,317046480964,-1,0
0.0512,1,0,DONE,4194304,4194304,4194304,28270287849,-1,0
0.0512,2,0,DONE,4194304,4194304,4194304,10035354119,-1,0
0.0512,3,0,DONE,4194304,4194304,4194304,7472990551,-1,0
0.05122,0,0,INJECTING,732261799,732261799,5027229095,317046480964,-1,0
0.05122,1,0,DONE,4194304,4194304,4194304,28270287849,-1,0
0.05122,2,0,DONE,4194304,4194304,4194304,10035354119,-1,0
0.05122,3,0,DONE,4194304,4194304,4194304,7472990551,-1,0
0.05124,0,0,INJECTING,732261799,732261799,5027229095,317046480964,-1,0
0.05124,1,0,DONE,4194304,4194304,4194304,28270287849,-1,0
0.05124,2,0,DONE,4194304,4194304,4194304,10035354119,-1,0
0.05124,3,0,DONE,4194304,4194304,4194304,7472990551,-1,0
0.05126,0,0,INJECTING,732261799,732261799,5027229095,317046480964,-1,0
0.05126,1,0,DONE,4194304,4194304,4194304,28270287849,-1,0
0.05126,2,0,DONE,4194304,4194304,4194304,10035354119,-1,0
0.05126,3,0,DONE,4194304,4194304,4194304,7472990551,-1,0
0.05128,0,0,INJECTING,732261799,732261799,5027229095,317046480964,-1,0
0.05128,1,0,DONE,4194304,4194304,4194304,28270287849,-1,0
0.05128,2,0,DONE,4194304,4194304,4194304,10035354119,-1,0
0.05128,3,0,DONE,4194304,4194304,4194304,7472990551,-1,0
0.0513,0,0,INJECTING,732261799,732261799,5027229095,317046480964,-1,0
0.0513,1,0,DONE,4194304,4194304,4194304,28270287849,-1,0
0.0513,2,0,DONE,4194304,4194304,4194304,10035354119,-1,0
0.0513,3,0,DONE,4194304,4194304,4194304,7472990551,-1,0
0.05132,0,0,INJECTING,732261799,732261799,5027229095,317046480964,-1,0
0.05132,1,0,DONE,4194304,4194304,4194304,28270287849,-1,0
0.05132,2,0,DONE,4194304,4194304,4194304,10035354119,-1,0
0.05132,3,0,DONE,4194304,4194304,4194304,7472990551,-1,0
0.05134,0,0,INJECTING,732261799,732261799,5027229095,317046480964,-1,0
0.05134,1,0,DONE,4194304,4194304,4194304,28270287849,-1,0
0.05134,2,0,DONE,4194304,4194304,4194304,10035354119,-1,0
0.05134,3,0,DONE,4194304,4194304,4194304,7472990551,-1,0
0.05136,0,0,INJECTING,732261799,732261799,5027229095,317046480964,-1,0
0.05136,1,0,DONE,4194304,4194304,4194304,28270287849,-1,0
0.05136,2,0,DONE,4194304,4194304,4194304,10035354119,-1,0
0.05136,3,0,DONE,4194304,4194304,4194304,7472990551,-1,0
0.05138,0,0,INJECTING,732261799,732261799,5027229095,317046480964,-1,0
0.05138,1,0,DONE,4194304,4194304,4194304,28270287849,-1,0
0.05138,2,0,DONE,4194304,4194304,4194304,10035354119,-1,0
0.05138,3,0,DONE,4194304,4194304,4194304,7472990551,-1,0
0.0514,0,0,INJECTING,732261799,732261799,5027229095,317046480964,-1,0
0.0514,1,0,DONE,4194304,4194304,4194304,28270287849,-1,0
0.0514,2,0,DONE,4194304,4194304,4194304,10035354119,-1,0
0.0514,3,0,DONE,4194304,4194304,4194304,7472990551,-1,0
0.05142,0,0,INJECTING,732261799,732261799,5027229095,317046480964,-1,0
0.05142,1,0,DONE,4194304,4194304,4194304,28270287849,-1,0
0.05142,2,0,DONE,4194304,4194304,4194304,10035354119,-1,0
0.05142,3,0,DONE,4194304,4194304,4194304,7472990551,-1,0
0.05144,0,0,INJECTING,732261799,732261799,5027229095,317046480964,-1,0
0.05144,1,0,DONE,4194304,4194304,4194304,28270287849,-1,0
0.05144,2,0,DONE,4194304,4194304,4194304,10035354119,-1,0
0.05144,3,0,DONE,4194304,4194304,4194304,7472990551,-1,0
0.05146,0,0,INJECTING,732261799,732261799,5027229095,317046480964,-1,0
0.05146,1,0,DONE,4194304,4194304,4194304,28270287849,-1,0
0.05146,2,0,DONE,4194304,4194304,4194304,10035354119,-1,0
0.05146,3,0,DONE,4194304,4194304,4194304,7472990551,-1,0
0.05148,0,0,INJECTING,732261799,732261799,5027229095,317046480964,-1,0
0.05148,1,0,DONE,4194304,4194304,4194304,28270287849,-1,0
0.05148,2,0,DONE,4194304,4194304,4194304,10035354119,-1,0
0.05148,3,0,DONE,4194304,4194304,4194304,7472990551,-1,0
0.0515,0,0,INJECTING,732261799,732261799,5027229095,317046480964,-1,0
0.0515,1,0,DONE,4194304,4194304,4194304,28270287849,-1,0
0.0515,2,0,DONE,4194304,4194304,4194304,10035354119,-1,0
0.0515,3,0,DONE,4194304,4194304,4194304,7472990551,-1,0
0.05152,0,0,INJECTING,732261799,732261799,5027229095,317046480964,-1,0
0.05152,1,0,DONE,4194304,4194304,4194304,28270287849,-1,0
0.05152,2,0,DONE,4194304,4194304,4194304,10035354119,-1,0
0.05152,3,0,DONE,4194304,4194304,4194304,7472990551,-1,0
0.05154,0,0,INJECTING,732261799,732261799,5027229095,317046480964,-1,0
0.05154,1,0,DONE,4194304,4194304,4194304,28270287849,-1,0
0.05154,2,0,DONE,4194304,4194304,4194304,10035354119,-1,0
0.05154,3,0,DONE,4194304,4194304,4194304,7472990551,-1,0
0.05156,0,0,INJECTING,732261799,732261799,5027229095,317046480964,-1,0
0.05156,1,0,DONE,4194304,4194304,4194304,28270287849,-1,0
0.05156,2,0,DONE,4194304,4194304,4194304,10035354119,-1,0
0.05156,3,0,DONE,4194304,4194304,4194304,7472990551,-1,0
0.05158,0,0,INJECTING,732261799,732261799,5027229095,317046480964,-1,0
0.05158,1,0,DONE,4194304,4194304,4194304,28270287849,-1,0
0.05158,2,0,DONE,4194304,4194304,4194304,10035354119,-1,0
0.05158,3,0,DONE,4194304,4194304,4194304,7472990551,-1,0
0.0516,0,0,INJECTING,732261799,732261799,5027229095,317046480964,-1,0
0.0516,1,0,DONE,4194304,4194304,4194304,28270287849,-1,0
0.0516,2,0,DONE,4194304,4194304,4194304,10035354119,-1,0
0.0516,3,0,DONE,4194304,4194304,4194304,7472990551,-1,0
0.05162,0,0,INJECTING,732261799,732261799,5027229095,317046480964,-1,0
0.05162,1,0,DONE,4194304,4194304,4194304,28270287849,-1,0
0.05162,2,0,DONE,4194304,4194304,4194304,10035354119,-1,0
0.05162,3,0,DONE,4194304,4194304,4194304,7472990551,-1,0
0.05164,0,0,INJECTING,732261799,732261799,5027229095,317046480964,-1,0
0.05164,1,0,DONE,4194304,4194304,4194304,28270287849,-1,0
0.05164,2,0,DONE,4194304,4194304,4194304,10035354119,-1,0
0.05164,3,0,DONE,4194304,4194304,4194304,7472990551,-1,0
0.05166,0,0,INJECTING,732261799,732261799,5027229095,317046480964,-1,0
0.05166,1,0,DONE,4194304,4194304,4194304,28270287849,-1,0
0.05166,2,0,DONE,4194304,4194304,4194304,10035354119,-1,0
0.05166,3,0,DONE,4194304,4194304,4194304,7472990551,-1,0
0.05168,0,0,INJECTING,732261799,732261799,5027229095,317046480964,-1,0
0.05168,1,0,DONE,4194304,4194304,4194304,28270287849,-1,0
0.05168,2,0,DONE,4194304,4194304,4194304,10035354119,-1,0
0.05168,3,0,DONE,4194304,4194304,4194304,7472990551,-1,0
0.0517,0,0,INJECTING,732261799,732261799,5027229095,317046480964,-1,0
0.0517,1,0,DONE,4194304,4194304,4194304,28270287849,-1,0
0.0517,2,0,DONE,4194304,4194304,4194304,10035354119,-1,0
0.0517,3,0,DONE,4194304,4194304,4194304,7472990551,-1,0
0.05172,0,0,INJECTING,732261799,732261799,5027229095,317046480964,-1,0
0.05172,1,0,DONE,4194304,4194304,4194304,28270287849,-1,0
0.05172,2,0,DONE,4194304,4194304,4194304,10035354119,-1,0
0.05172,3,0,DONE,4194304,4194304,4194304,7472990551,-1,0
0.05174,0,0,INJECTING,732261799,732261799,5027229095,317046480964,-1,0
0.05174,1,0,DONE,4194304,4194304,4194304,28270287849,-1,0
0.05174,2,0,DONE,4194304,4194304,4194304,10035354119,-1,0
0.05174,3,0,DONE,4194304,4194304,4194304,7472990551,-1,0
0.05176,0,0,INJECTING,732261799,732261799,5027229095,317046480964,-1,0
0.05176,1,0,DONE,4194304,4194304,4194304,28270287849,-1,0
0.05176,2,0,DONE,4194304,4194304,4194304,10035354119,-1,0
0.05176,3,0,DONE,4194304,4194304,4194304,7472990551,-1,0
0.05178,0,0,INJECTING,732261799,732261799,5027229095,317046480964,-1,0
0.05178,1,0,DONE,4194304,4194304,4194304,28270287849,-1,0
0.05178,2,0,DONE,4194304,4194304,4194304,10035354119,-1,0
0.05178,3,0,DONE,4194304,4194304,4194304,7472990551,-1,0
0.0518,0,0,INJECTING,732261799,732261799,5027229095,317046480964,-1,0
0.0518,1,0,DONE,4194304,4194304,4194304,28270287849,-1,0
0.0518,2,0,DONE,4194304,4194304,4194304,10035354119,-1,0
0.0518,3,0,DONE,4194304,4194304,4194304,7472990551,-1,0
0.05182,0,0,INJECTING,732261799,732261799,5027229095,317046480964,-1,0
0.05182,1,0,DONE,4194304,4194304,4194304,28270287849,-1,0
0.05182,2,0,DONE,4194304,4194304,4194304,10035354119,-1,0
0.05182,3,0,DONE,4194304,4194304,4194304,7472990551,-1,0
0.05184,0,0,INJECTING,732261799,732261799,5027229095,317046480964,-1,0
0.05184,1,0,DONE,4194304,4194304,4194304,28270287849,-1,0
0.05184,2,0,DONE,4194304,4194304,4194304,10035354119,-1,0
0.05184,3,0,DONE,4194304,4194304,4194304,7472990551,-1,0
0.05186,0,0,INJECTING,732261799,732261799,5027229095,317046480964,-1,0
0.05186,1,0,DONE,4194304,4194304,4194304,28270287849,-1,0
0.05186,2,0,DONE,4194304,4194304,4194304,10035354119,-1,0
0.05186,3,0,DONE,4194304,4194304,4194304,7472990551,-1,0
0.05188,0,0,INJECTING,732261799,732261799,5027229095,317046480964,-1,0
0.05188,1,0,DONE,4194304,4194304,4194304,28270287849,-1,0
0.05188,2,0,DONE,4194304,4194304,4194304,10035354119,-1,0
0.05188,3,0,DONE,4194304,4194304,4194304,7472990551,-1,0
0.0519,0,0,INJECTING,732261799,732261799,5027229095,317046480964,-1,0
0.0519,1,0,DONE,4194304,4194304,4194304,28270287849,-1,0
0.0519,2,0,DONE,4194304,4194304,4194304,10035354119,-1,0
0.0519,3,0,DONE,4194304,4194304,4194304,7472990551,-1,0
0.05192,0,0,INJECTING,732261799,732261799,5027229095,317046480964,-1,0
0.05192,1,0,DONE,4194304,4194304,4194304,28270287849,-1,0
0.05192,2,0,DONE,4194304,4194304,4194304,10035354119,-1,0
0.05192,3,0,DONE,4194304,4194304,4194304,7472990551,-1,0
0.05194,0,0,INJECTING,732261799,732261799,5027229095,317046480964,-1,0
0.05194,1,0,DONE,4194304,4194304,4194304,28270287849,-1,0
0.05194,2,0,DONE,4194304,4194304,4194304,10035354119,-1,0
0.05194,3,0,DONE,4194304,4194304,4194304,7472990551,-1,0
0.05196,0,0,INJECTING,732261799,732261799,5027229095,317046480964,-1,0
0.05196,1,0,DONE,4194304,4194304,4194304,28270287849,-1,0
0.05196,2,0,DONE,4194304,4194304,4194304,10035354119,-1,0
0.05196,3,0,DONE,4194304,4194304,4194304,7472990551,-1,0
0.05198,0,0,INJECTING,732261799,732261799,5027229095,317046480964,-1,0
0.05198,1,0,DONE,4194304,4194304,4194304,28270287849,-1,0
0.05198,2,0,DONE,4194304,4194304,4194304,10035354119,-1,0
0.05198,3,0,DONE,4194304,4194304,4194304,7472990551,-1,0
0.052,0,0,INJECTING,732261799,732261799,5027229095,317046480964,-1,0
0.052,1,0,DONE,4194304,4194304,4194304,28270287849,-1,0
0.052,2,0,DONE,4194304,4194304,4194304,10035354119,-1,0
0.052,3,0,DONE,4194304,4194304,4194304,7472990551,-1,0
0.05202,0,0,INJECTING,732261799,732261799,5027229095,317046480964,-1,0
0.05202,1,0,DONE,4194304,4194304,4194304,28270287849,-1,0
0.05202,2,0,DONE,4194304,4194304,4194304,10035354119,-1,0
0.05202,3,0,DONE,4194304,4194304,4194304,7472990551,-1,0
0.05204,0,0,INJECTING,732261799,732261799,5027229095,317046480964,-1,0
0.05204,1,0,DONE,4194304,4194304,4194304,28270287849,-1,0
0.05204,2,0,DONE,4194304,4194304,4194304,10035354119,-1,0
0.05204,3,0,DONE,4194304,4194304,4194304,7472990551,-1,0
0.05206,0,0,INJECTING,732261799,732261799,5027229095,317046480964,-1,0
0.05206,1,0,DONE,4194304,4194304,4194304,28270287849,-1,0
0.05206,2,0,DONE,4194304,4194304,4194304,10035354119,-1,0
0.05206,3,0,DONE,4194304,4194304,4194304,7472990551,-1,0
0.05208,0,0,INJECTING,732261799,732261799,5027229095,317046480964,-1,0
0.05208,1,0,DONE,4194304,4194304,4194304,28270287849,-1,0
0.05208,2,0,DONE,4194304,4194304,4194304,10035354119,-1,0
0.05208,3,0,DONE,4194304,4194304,4194304,7472990551,-1,0
0.0521,0,0,INJECTING,732261799,732261799,5027229095,317046480964,-1,0
0.0521,1,0,DONE,4194304,4194304,4194304,28270287849,-1,0
0.0521,2,0,DONE,4194304,4194304,4194304,10035354119,-1,0
0.0521,3,0,DONE,4194304,4194304,4194304,7472990551,-1,0
0.05212,0,0,INJECTING,732261799,732261799,5027229095,317046480964,-1,0
0.05212,1,0,DONE,4194304,4194304,4194304,28270287849,-1,0
0.05212,2,0,DONE,4194304,4194304,4194304,10035354119,-1,0
0.05212,3,0,DONE,4194304,4194304,4194304,7472990551,-1,0
0.05214,0,0,INJECTING,732261799,732261799,5027229095,317046480964,-1,0
0.05214,1,0,DONE,4194304,4194304,4194304,28270287849,-1,0
0.05214,2,0,DONE,4194304,4194304,4194304,10035354119,-1,0
0.05214,3,0,DONE,4194304,4194304,4194304,7472990551,-1,0
0.05216,0,0,INJECTING,732261799,732261799,5027229095,317046480964,-1,0
0.05216,1,0,DONE,4194304,4194304,4194304,28270287849,-1,0
0.05216,2,0,DONE,4194304,4194304,4194304,10035354119,-1,0
0.05216,3,0,DONE,4194304,4194304,4194304,7472990551,-1,0
0.05218,0,0,INJECTING,732261799,732261799,5027229095,317046480964,-1,0
0.05218,1,0,DONE,4194304,4194304,4194304,28270287849,-1,0
0.05218,2,0,DONE,4194304,4194304,4194304,10035354119,-1,0
0.05218,3,0,DONE,4194304,4194304,4194304,7472990551,-1,0
0.0522,0,0,INJECTING,732261799,732261799,5027229095,317046480964,-1,0
0.0522,1,0,DONE,4194304,4194304,4194304,28270287849,-1,0
0.0522,2,0,DONE,4194304,4194304,4194304,10035354119,-1,0
0.0522,3,0,DONE,4194304,4194304,4194304,7472990551,-1,0
0.05222,0,0,INJECTING,732261799,732261799,5027229095,317046480964,-1,0
0.05222,1,0,DONE,4194304,4194304,4194304,28270287849,-1,0
0.05222,2,0,DONE,4194304,4194304,4194304,10035354119,-1,0
0.05222,3,0,DONE,4194304,4194304,4194304,7472990551,-1,0
0.05224,0,0,INJECTING,732261799,732261799,5027229095,317046480964,-1,0
0.05224,1,0,DONE,4194304,4194304,4194304,28270287849,-1,0
0.05224,2,0,DONE,4194304,4194304,4194304,10035354119,-1,0
0.05224,3,0,DONE,4194304,4194304,4194304,7472990551,-1,0
0.05226,0,0,INJECTING,732261799,732261799,5027229095,317046480964,-1,0
0.05226,1,0,DONE,4194304,4194304,4194304,28270287849,-1,0
0.05226,2,0,DONE,4194304,4194304,4194304,10035354119,-1,0
0.05226,3,0,DONE,4194304,4194304,4194304,7472990551,-1,0
0.05228,0,0,INJECTING,732261799,732261799,5027229095,317046480964,-1,0
0.05228,1,0,DONE,4194304,4194304,4194304,28270287849,-1,0
0.05228,2,0,DONE,4194304,4194304,4194304,10035354119,-1,0
0.05228,3,0,DONE,4194304,4194304,4194304,7472990551,-1,0
0.0523,0,0,INJECTING,732261799,732261799,5027229095,317046480964,-1,0
0.0523,1,0,DONE,4194304,4194304,4194304,28270287849,-1,0
0.0523,2,0,DONE,4194304,4194304,4194304,10035354119,-1,0
0.0523,3,0,DONE,4194304,4194304,4194304,7472990551,-1,0
0.05232,0,0,INJECTING,732261799,732261799,5027229095,317046480964,-1,0
0.05232,1,0,DONE,4194304,4194304,4194304,28270287849,-1,0
0.05232,2,0,DONE,4194304,4194304,4194304,10035354119,-1,0
0.05232,3,0,DONE,4194304,4194304,4194304,7472990551,-1,0
0.05234,0,0,INJECTING,732261799,732261799,5027229095,317046480964,-1,0
0.05234,1,0,DONE,4194304,4194304,4194304,28270287849,-1,0
0.05234,2,0,DONE,4194304,4194304,4194304,10035354119,-1,0
0.05234,3,0,DONE,4194304,4194304,4194304,7472990551,-1,0
0.05236,0,0,INJECTING,732261799,732261799,5027229095,317046480964,-1,0
0.05236,1,0,DONE,4194304,4194304,4194304,28270287849,-1,0
0.05236,2,0,DONE,4194304,4194304,4194304,10035354119,-1,0
0.05236,3,0,DONE,4194304,4194304,4194304,7472990551,-1,0
0.05238,0,0,INJECTING,732261799,732261799,5027229095,317046480964,-1,0
0.05238,1,0,DONE,4194304,4194304,4194304,28270287849,-1,0
0.05238,2,0,DONE,4194304,4194304,4194304,10035354119,-1,0
0.05238,3,0,DONE,4194304,4194304,4194304,7472990551,-1,0
0.0524,0,0,INJECTING,732261799,732261799,5027229095,317046480964,-1,0
0.0524,1,0,DONE,4194304,4194304,4194304,28270287849,-1,0
0.0524,2,0,DONE,4194304,4194304,4194304,10035354119,-1,0
0.0524,3,0,DONE,4194304,4194304,4194304,7472990551,-1,0
0.05242,0,0,INJECTING,732261799,732261799,5027229095,317046480964,-1,0
0.05242,1,0,DONE,4194304,4194304,4194304,28270287849,-1,0
0.05242,2,0,DONE,4194304,4194304,4194304,10035354119,-1,0
0.05242,3,0,DONE,4194304,4194304,4194304,7472990551,-1,0
0.05244,0,0,INJECTING,732261799,732261799,5027229095,317046480964,-1,0
0.05244,1,0,DONE,4194304,4194304,4194304,28270287849,-1,0
0.05244,2,0,DONE,4194304,4194304,4194304,10035354119,-1,0
0.05244,3,0,DONE,4194304,4194304,4194304,7472990551,-1,0
0.05246,0,0,INJECTING,732261799,732261799,5027229095,317046480964,-1,0
0.05246,1,0,DONE,4194304,4194304,4194304,28270287849,-1,0
0.05246,2,0,DONE,4194304,4194304,4194304,10035354119,-1,0
0.05246,3,0,DONE,4194304,4194304,4194304,7472990551,-1,0
0.05248,0,0,INJECTING,732261799,732261799,5027229095,317046480964,-1,0
0.05248,1,0,DONE,4194304,4194304,4194304,28270287849,-1,0
0.05248,2,0,DONE,4194304,4194304,4194304,10035354119,-1,0
0.05248,3,0,DONE,4194304,4194304,4194304,7472990551,-1,0
0.0525,0,0,INJECTING,732261799,732261799,5027229095,317046480964,-1,0
0.0525,1,0,DONE,4194304,4194304,4194304,28270287849,-1,0
0.0525,2,0,DONE,4194304,4194304,4194304,10035354119,-1,0
0.0525,3,0,DONE,4194304,4194304,4194304,7472990551,-1,0
0.05252,0,0,INJECTING,732261799,732261799,5027229095,317046480964,-1,0
0.05252,1,0,DONE,4194304,4194304,4194304,28270287849,-1,0
0.05252,2,0,DONE,4194304,4194304,4194304,10035354119,-1,0
0.05252,3,0,DONE,4194304,4194304,4194304,7472990551,-1,0
0.05254,0,0,INJECTING,732261799,732261799,5027229095,317046480964,-1,0
0.05254,1,0,DONE,4194304,4194304,4194304,28270287849,-1,0
0.05254,2,0,DONE,4194304,4194304,4194304,10035354119,-1,0
0.05254,3,0,DONE,4194304,4194304,4194304,7472990551,-1,0
0.05256,0,0,INJECTING,732261799,732261799,5027229095,317046480964,-1,0
0.05256,1,0,DONE,4194304,4194304,4194304,28270287849,-1,0
0.05256,2,0,DONE,4194304,4194304,4194304,10035354119,-1,0
0.05256,3,0,DONE,4194304,4194304,4194304,7472990551,-1,0
0.05258,0,0,INJECTING,732261799,732261799,5027229095,317046480964,-1,0
0.05258,1,0,DONE,4194304,4194304,4194304,28270287849,-1,0
0.05258,2,0,DONE,4194304,4194304,4194304,10035354119,-1,0
0.05258,3,0,DONE,4194304,4194304,4194304,7472990551,-1,0
0.0526,0,0,INJECTING,732261799,732261799,5027229095,317046480964,-1,0
0.0526,1,0,DONE,4194304,4194304,4194304,28270287849,-1,0
0.0526,2,0,DONE,4194304,4194304,4194304,10035354119,-1,0
0.0526,3,0,DONE,4194304,4194304,4194304,7472990551,-1,0
0.05262,0,0,INJECTING,732261799,732261799,5027229095,317046480964,-1,0
0.05262,1,0,DONE,4194304,4194304,4194304,28270287849,-1,0
0.05262,2,0,DONE,4194304,4194304,4194304,10035354119,-1,0
0.05262,3,0,DONE,4194304,4194304,4194304,7472990551,-1,0
0.05264,0,0,INJECTING,732261799,732261799,5027229095,317046480964,-1,0
0.05264,1,0,DONE,4194304,4194304,4194304,28270287849,-1,0
0.05264,2,0,DONE,4194304,4194304,4194304,10035354119,-1,0
0.05264,3,0,DONE,4194304,4194304,4194304,7472990551,-1,0
0.05266,0,0,INJECTING,732261799,732261799,5027229095,317046480964,-1,0
0.05266,1,0,DONE,4194304,4194304,4194304,28270287849,-1,0
0.05266,2,0,DONE,4194304,4194304,4194304,10035354119,-1,0
0.05266,3,0,DONE,4194304,4194304,4194304,7472990551,-1,0
0.05268,0,0,INJECTING,732261799,732261799,5027229095,317046480964,-1,0
0.05268,1,0,DONE,4194304,4194304,4194304,28270287849,-1,0
0.05268,2,0,DONE,4194304,4194304,4194304,10035354119,-1,0
0.05268,3,0,DONE,4194304,4194304,4194304,7472990551,-1,0
0.0527,0,0,INJECTING,732261799,732261799,5027229095,317046480964,-1,0
0.0527,1,0,DONE,4194304,4194304,4194304,28270287849,-1,0
0.0527,2,0,DONE,4194304,4194304,4194304,10035354119,-1,0
0.0527,3,0,DONE,4194304,4194304,4194304,7472990551,-1,0
0.05272,0,0,INJECTING,732261799,732261799,5027229095,317046480964,-1,0
0.05272,1,0,DONE,4194304,4194304,4194304,28270287849,-1,0
0.05272,2,0,DONE,4194304,4194304,4194304,10035354119,-1,0
0.05272,3,0,DONE,4194304,4194304,4194304,7472990551,-1,0
0.05274,0,0,INJECTING,732261799,732261799,5027229095,317046480964,-1,0
0.05274,1,0,DONE,4194304,4194304,4194304,28270287849,-1,0
0.05274,2,0,DONE,4194304,4194304,4194304,10035354119,-1,0
0.05274,3,0,DONE,4194304,4194304,4194304,7472990551,-1,0
0.05276,0,0,INJECTING,732261799,732261799,5027229095,317046480964,-1,0
0.05276,1,0,DONE,4194304,4194304,4194304,28270287849,-1,0
0.05276,2,0,DONE,4194304,4194304,4194304,10035354119,-1,0
0.05276,3,0,DONE,4194304,4194304,4194304,7472990551,-1,0
0.05278,0,0,INJECTING,732261799,732261799,5027229095,317046480964,-1,0
0.05278,1,0,DONE,4194304,4194304,4194304,28270287849,-1,0
0.05278,2,0,DONE,4194304,4194304,4194304,10035354119,-1,0
0.05278,3,0,DONE,4194304,4194304,4194304,7472990551,-1,0
0.0528,0,0,INJECTING,732261799,732261799,5027229095,317046480964,-1,0
0.0528,1,0,DONE,4194304,4194304,4194304,28270287849,-1,0
0.0528,2,0,DONE,4194304,4194304,4194304,10035354119,-1,0
0.0528,3,0,DONE,4194304,4194304,4194304,7472990551,-1,0
0.05282,0,0,INJECTING,732261799,732261799,5027229095,317046480964,-1,0
0.05282,1,0,DONE,4194304,4194304,4194304,28270287849,-1,0
0.05282,2,0,DONE,4194304,4194304,4194304,10035354119,-1,0
0.05282,3,0,DONE,4194304,4194304,4194304,7472990551,-1,0
0.05284,0,0,INJECTING,732261799,732261799,5027229095,317046480964,-1,0
0.05284,1,0,DONE,4194304,4194304,4194304,28270287849,-1,0
0.05284,2,0,DONE,4194304,4194304,4194304,10035354119,-1,0
0.05284,3,0,DONE,4194304,4194304,4194304,7472990551,-1,0
0.05286,0,0,INJECTING,732261799,732261799,5027229095,317046480964,-1,0
0.05286,1,0,DONE,4194304,4194304,4194304,28270287849,-1,0
0.05286,2,0,DONE,4194304,4194304,4194304,10035354119,-1,0
0.05286,3,0,DONE,4194304,4194304,4194304,7472990551,-1,0
0.05288,0,0,INJECTING,732261799,732261799,5027229095,317046480964,-1,0
0.05288,1,0,DONE,4194304,4194304,4194304,28270287849,-1,0
0.05288,2,0,DONE,4194304,4194304,4194304,10035354119,-1,0
0.05288,3,0,DONE,4194304,4194304,4194304,7472990551,-1,0
0.0529,0,0,INJECTING,732261799,732261799,5027229095,317046480964,-1,0
0.0529,1,0,DONE,4194304,4194304,4194304,28270287849,-1,0
0.0529,2,0,DONE,4194304,4194304,4194304,10035354119,-1,0
0.0529,3,0,DONE,4194304,4194304,4194304,7472990551,-1,0
0.05292,0,0,INJECTING,732261799,732261799,5027229095,317046480964,-1,0
0.05292,1,0,DONE,4194304,4194304,4194304,28270287849,-1,0
0.05292,2,0,DONE,4194304,4194304,4194304,10035354119,-1,0
0.05292,3,0,DONE,4194304,4194304,4194304,7472990551,-1,0
0.05294,0,0,INJECTING,732261799,732261799,5027229095,317046480964,-1,0
0.05294,1,0,DONE,4194304,4194304,4194304,28270287849,-1,0
0.05294,2,0,DONE,4194304,4194304,4194304,10035354119,-1,0
0.05294,3,0,DONE,4194304,4194304,4194304,7472990551,-1,0
0.05296,0,0,INJECTING,732261799,732261799,5027229095,317046480964,-1,0
0.05296,1,0,DONE,4194304,4194304,4194304,28270287849,-1,0
0.05296,2,0,DONE,4194304,4194304,4194304,10035354119,-1,0
0.05296,3,0,DONE,4194304,4194304,4194304,7472990551,-1,0
0.05298,0,0,INJECTING,732261799,732261799,5027229095,317046480964,-1,0
0.05298,1,0,DONE,4194304,4194304,4194304,28270287849,-1,0
0.05298,2,0,DONE,4194304,4194304,4194304,10035354119,-1,0
0.05298,3,0,DONE,4194304,4194304,4194304,7472990551,-1,0
0.053,0,0,INJECTING,732261799,732261799,5027229095,317046480964,-1,0
0.053,1,0,DONE,4194304,4194304,4194304,28270287849,-1,0
0.053,2,0,DONE,4194304,4194304,4194304,10035354119,-1,0
0.053,3,0,DONE,4194304,4194304,4194304,7472990551,-1,0
0.05302,0,0,INJECTING,732261799,732261799,5027229095,317046480964,-1,0
0.05302,1,0,DONE,4194304,4194304,4194304,28270287849,-1,0
0.05302,2,0,DONE,4194304,4194304,4194304,10035354119,-1,0
0.05302,3,0,DONE,4194304,4194304,4194304,7472990551,-1,0
0.05304,0,0,INJECTING,732261799,732261799,5027229095,317046480964,-1,0
0.05304,1,0,DONE,4194304,4194304,4194304,28270287849,-1,0
0.05304,2,0,DONE,4194304,4194304,4194304,10035354119,-1,0
0.05304,3,0,DONE,4194304,4194304,4194304,7472990551,-1,0
0.05306,0,0,INJECTING,732261799,732261799,5027229095,317046480964,-1,0
0.05306,1,0,DONE,4194304,4194304,4194304,28270287849,-1,0
0.05306,2,0,DONE,4194304,4194304,4194304,10035354119,-1,0
0.05306,3,0,DONE,4194304,4194304,4194304,7472990551,-1,0
0.05308,0,0,INJECTING,732261799,732261799,5027229095,317046480964,-1,0
0.05308,1,0,DONE,4194304,4194304,4194304,28270287849,-1,0
0.05308,2,0,DONE,4194304,4194304,4194304,10035354119,-1,0
0.05308,3,0,DONE,4194304,4194304,4194304,7472990551,-1,0
0.0531,0,0,INJECTING,732261799,732261799,5027229095,317046480964,-1,0
0.0531,1,0,DONE,4194304,4194304,4194304,28270287849,-1,0
0.0531,2,0,DONE,4194304,4194304,4194304,10035354119,-1,0
0.0531,3,0,DONE,4194304,4194304,4194304,7472990551,-1,0
0.05312,0,0,INJECTING,732261799,732261799,5027229095,317046480964,-1,0
0.05312,1,0,DONE,4194304,4194304,4194304,28270287849,-1,0
0.05312,2,0,DONE,4194304,4194304,4194304,10035354119,-1,0
0.05312,3,0,DONE,4194304,4194304,4194304,7472990551,-1,0
0.05314,0,0,INJECTING,732261799,732261799,5027229095,317046480964,-1,0
0.05314,1,0,DONE,4194304,4194304,4194304,28270287849,-1,0
0.05314,2,0,DONE,4194304,4194304,4194304,10035354119,-1,0
0.05314,3,0,DONE,4194304,4194304,4194304,7472990551,-1,0
0.05316,0,0,INJECTING,732261799,732261799,5027229095,317046480964,-1,0
0.05316,1,0,DONE,4194304,4194304,4194304,28270287849,-1,0
0.05316,2,0,DONE,4194304,4194304,4194304,10035354119,-1,0
0.05316,3,0,DONE,4194304,4194304,4194304,7472990551,-1,0
0.05318,0,0,INJECTING,732261799,732261799,5027229095,317046480964,-1,0
0.05318,1,0,DONE,4194304,4194304,4194304,28270287849,-1,0
0.05318,2,0,DONE,4194304,4194304,4194304,10035354119,-1,0
0.05318,3,0,DONE,4194304,4194304,4194304,7472990551,-1,0
0.0532,0,0,INJECTING,732261799,732261799,5027229095,317046480964,-1,0
0.0532,1,0,DONE,4194304,4194304,4194304,28270287849,-1,0
0.0532,2,0,DONE,4194304,4194304,4194304,10035354119,-1,0
0.0532,3,0,DONE,4194304,4194304,4194304,7472990551,-1,0
0.05322,0,0,INJECTING,732261799,732261799,5027229095,317046480964,-1,0
0.05322,1,0,DONE,4194304,4194304,4194304,28270287849,-1,0
0.05322,2,0,DONE,4194304,4194304,4194304,10035354119,-1,0
0.05322,3,0,DONE,4194304,4194304,4194304,7472990551,-1,0
0.05324,0,0,INJECTING,732261799,732261799,5027229095,317046480964,-1,0
0.05324,1,0,DONE,4194304,4194304,4194304,28270287849,-1,0
0.05324,2,0,DONE,4194304,4194304,4194304,10035354119,-1,0
0.05324,3,0,DONE,4194304,4194304,4194304,7472990551,-1,0
0.05326,0,0,INJECTING,732261799,732261799,5027229095,317046480964,-1,0
0.05326,1,0,DONE,4194304,4194304,4194304,28270287849,-1,0
0.05326,2,0,DONE,4194304,4194304,4194304,10035354119,-1,0
0.05326,3,0,DONE,4194304,4194304,4194304,7472990551,-1,0
0.05328,0,0,INJECTING,732261799,732261799,5027229095,317046480964,-1,0
0.05328,1,0,DONE,4194304,4194304,4194304,28270287849,-1,0
0.05328,2,0,DONE,4194304,4194304,4194304,10035354119,-1,0
0.05328,3,0,DONE,4194304,4194304,4194304,7472990551,-1,0
0.0533,0,0,INJECTING,732261799,732261799,5027229095,317046480964,-1,0
0.0533,1,0,DONE,4194304,4194304,4194304,28270287849,-1,0
0.0533,2,0,DONE,4194304,4194304,4194304,10035354119,-1,0
0.0533,3,0,DONE,4194304,4194304,4194304,7472990551,-1,0
0.05332,0,0,INJECTING,732261799,732261799,5027229095,317046480964,-1,0
0.05332,1,0,DONE,4194304,4194304,4194304,28270287849,-1,0
0.05332,2,0,DONE,4194304,4194304,4194304,10035354119,-1,0
0.05332,3,0,DONE,4194304,4194304,4194304,7472990551,-1,0
0.05334,0,0,INJECTING,732261799,732261799,5027229095,317046480964,-1,0
0.05334,1,0,DONE,4194304,4194304,4194304,28270287849,-1,0
0.05334,2,0,DONE,4194304,4194304,4194304,10035354119,-1,0
0.05334,3,0,DONE,4194304,4194304,4194304,7472990551,-1,0
0.05336,0,0,INJECTING,732261799,732261799,5027229095,317046480964,-1,0
0.05336,1,0,DONE,4194304,4194304,4194304,28270287849,-1,0
0.05336,2,0,DONE,4194304,4194304,4194304,10035354119,-1,0
0.05336,3,0,DONE,4194304,4194304,4194304,7472990551,-1,0
0.05338,0,0,INJECTING,732261799,732261799,5027229095,317046480964,-1,0
0.05338,1,0,DONE,4194304,4194304,4194304,28270287849,-1,0
0.05338,2,0,DONE,4194304,4194304,4194304,10035354119,-1,0
0.05338,3,0,DONE,4194304,4194304,4194304,7472990551,-1,0
0.0534,0,0,INJECTING,732261799,732261799,5027229095,317046480964,-1,0
0.0534,1,0,DONE,4194304,4194304,4194304,28270287849,-1,0
0.0534,2,0,DONE,4194304,4194304,4194304,10035354119,-1,0
0.0534,3,0,DONE,4194304,4194304,4194304,7472990551,-1,0
0.05342,0,0,INJECTING,732261799,732261799,5027229095,317046480964,-1,0
0.05342,1,0,DONE,4194304,4194304,4194304,28270287849,-1,0
0.05342,2,0,DONE,4194304,4194304,4194304,10035354119,-1,0
0.05342,3,0,DONE,4194304,4194304,4194304,7472990551,-1,0
0.05344,0,0,INJECTING,732261799,732261799,5027229095,317046480964,-1,0
0.05344,1,0,DONE,4194304,4194304,4194304,28270287849,-1,0
0.05344,2,0,DONE,4194304,4194304,4194304,10035354119,-1,0
0.05344,3,0,DONE,4194304,4194304,4194304,7472990551,-1,0
0.05346,0,0,INJECTING,732261799,732261799,5027229095,317046480964,-1,0
0.05346,1,0,DONE,4194304,4194304,4194304,28270287849,-1,0
0.05346,2,0,DONE,4194304,4194304,4194304,10035354119,-1,0
0.05346,3,0,DONE,4194304,4194304,4194304,7472990551,-1,0
0.05348,0,0,INJECTING,732261799,732261799,5027229095,317046480964,-1,0
0.05348,1,0,DONE,4194304,4194304,4194304,28270287849,-1,0
0.05348,2,0,DONE,4194304,4194304,4194304,10035354119,-1,0
0.05348,3,0,DONE,4194304,4194304,4194304,7472990551,-1,0
0.0535,0,0,INJECTING,732261799,732261799,5027229095,317046480964,-1,0
0.0535,1,0,DONE,4194304,4194304,4194304,28270287849,-1,0
0.0535,2,0,DONE,4194304,4194304,4194304,10035354119,-1,0
0.0535,3,0,DONE,4194304,4194304,4194304,7472990551,-1,0
0.05352,0,0,INJECTING,732261799,732261799,5027229095,317046480964,-1,0
0.05352,1,0,DONE,4194304,4194304,4194304,28270287849,-1,0
0.05352,2,0,DONE,4194304,4194304,4194304,10035354119,-1,0
0.05352,3,0,DONE,4194304,4194304,4194304,7472990551,-1,0
0.05354,0,0,INJECTING,732261799,732261799,5027229095,317046480964,-1,0
0.05354,1,0,DONE,4194304,4194304,4194304,28270287849,-1,0
0.05354,2,0,DONE,4194304,4194304,4194304,10035354119,-1,0
0.05354,3,0,DONE,4194304,4194304,4194304,7472990551,-1,0
0.05356,0,0,INJECTING,732261799,732261799,5027229095,317046480964,-1,0
0.05356,1,0,DONE,4194304,4194304,4194304,28270287849,-1,0
0.05356,2,0,DONE,4194304,4194304,4194304,10035354119,-1,0
0.05356,3,0,DONE,4194304,4194304,4194304,7472990551,-1,0
0.05358,0,0,INJECTING,732261799,732261799,5027229095,317046480964,-1,0
0.05358,1,0,DONE,4194304,4194304,4194304,28270287849,-1,0
0.05358,2,0,DONE,4194304,4194304,4194304,10035354119,-1,0
0.05358,3,0,DONE,4194304,4194304,4194304,7472990551,-1,0
0.0536,0,0,INJECTING,732261799,732261799,5027229095,317046480964,-1,0
0.0536,1,0,DONE,4194304,4194304,4194304,28270287849,-1,0
0.0536,2,0,DONE,4194304,4194304,4194304,10035354119,-1,0
0.0536,3,0,DONE,4194304,4194304,4194304,7472990551,-1,0
0.05362,0,0,INJECTING,732261799,732261799,5027229095,317046480964,-1,0
0.05362,1,0,DONE,4194304,4194304,4194304,28270287849,-1,0
0.05362,2,0,DONE,4194304,4194304,4194304,10035354119,-1,0
0.05362,3,0,DONE,4194304,4194304,4194304,7472990551,-1,0
0.05364,0,0,INJECTING,732261799,732261799,5027229095,317046480964,-1,0
0.05364,1,0,DONE,4194304,4194304,4194304,28270287849,-1,0
0.05364,2,0,DONE,4194304,4194304,4194304,10035354119,-1,0
0.05364,3,0,DONE,4194304,4194304,4194304,7472990551,-1,0
0.05366,0,0,INJECTING,732261799,732261799,5027229095,317046480964,-1,0
0.05366,1,0,DONE,4194304,4194304,4194304,28270287849,-1,0
0.05366,2,0,DONE,4194304,4194304,4194304,10035354119,-1,0
0.05366,3,0,DONE,4194304,4194304,4194304,7472990551,-1,0
0.05368,0,0,INJECTING,732261799,732261799,5027229095,317046480964,-1,0
0.05368,1,0,DONE,4194304,4194304,4194304,28270287849,-1,0
0.05368,2,0,DONE,4194304,4194304,4194304,10035354119,-1,0
0.05368,3,0,DONE,4194304,4194304,4194304,7472990551,-1,0
0.0537,0,0,INJECTING,732261799,732261799,5027229095,317046480964,-1,0
0.0537,1,0,DONE,4194304,4194304,4194304,28270287849,-1,0
0.0537,2,0,DONE,4194304,4194304,4194304,10035354119,-1,0
0.0537,3,0,DONE,4194304,4194304,4194304,7472990551,-1,0
0.05372,0,0,INJECTING,732261799,732261799,5027229095,317046480964,-1,0
0.05372,1,0,DONE,4194304,4194304,4194304,28270287849,-1,0
0.05372,2,0,DONE,4194304,4194304,4194304,10035354119,-1,0
0.05372,3,0,DONE,4194304,4194304,4194304,7472990551,-1,0
0.05374,0,0,INJECTING,732261799,732261799,5027229095,317046480964,-1,0
0.05374,1,0,DONE,4194304,4194304,4194304,28270287849,-1,0
0.05374,2,0,DONE,4194304,4194304,4194304,10035354119,-1,0
0.05374,3,0,DONE,4194304,4194304,4194304,7472990551,-1,0
0.05376,0,0,INJECTING,732261799,732261799,5027229095,317046480964,-1,0
0.05376,1,0,DONE,4194304,4194304,4194304,28270287849,-1,0
0.05376,2,0,DONE,4194304,4194304,4194304,10035354119,-1,0
0.05376,3,0,DONE,4194304,4194304,4194304,7472990551,-1,0
0.05378,0,0,INJECTING,732261799,732261799,5027229095,317046480964,-1,0
0.05378,1,0,DONE,4194304,4194304,4194304,28270287849,-1,0
0.05378,2,0,DONE,4194304,4194304,4194304,10035354119,-1,0
0.05378,3,0,DONE,4194304,4194304,4194304,7472990551,-1,0
0.0538,0,0,INJECTING,732261799,732261799,5027229095,317046480964,-1,0
0.0538,1,0,DONE,4194304,4194304,4194304,28270287849,-1,0
0.0538,2,0,DONE,4194304,4194304,4194304,10035354119,-1,0
0.0538,3,0,DONE,4194304,4194304,4194304,7472990551,-1,0
0.05382,0,0,INJECTING,732261799,732261799,5027229095,317046480964,-1,0
0.05382,1,0,DONE,4194304,4194304,4194304,28270287849,-1,0
0.05382,2,0,DONE,4194304,4194304,4194304,10035354119,-1,0
0.05382,3,0,DONE,4194304,4194304,4194304,7472990551,-1,0
0.05384,0,0,INJECTING,732261799,732261799,5027229095,317046480964,-1,0
0.05384,1,0,DONE,4194304,4194304,4194304,28270287849,-1,0
0.05384,2,0,DONE,4194304,4194304,4194304,10035354119,-1,0
0.05384,3,0,DONE,4194304,4194304,4194304,7472990551,-1,0
0.05386,0,0,INJECTING,732261799,732261799,5027229095,317046480964,-1,0
0.05386,1,0,DONE,4194304,4194304,4194304,28270287849,-1,0
0.05386,2,0,DONE,4194304,4194304,4194304,10035354119,-1,0
0.05386,3,0,DONE,4194304,4194304,4194304,7472990551,-1,0
0.05388,0,0,INJECTING,732261799,732261799,5027229095,317046480964,-1,0
0.05388,1,0,DONE,4194304,4194304,4194304,28270287849,-1,0
0.05388,2,0,DONE,4194304,4194304,4194304,10035354119,-1,0
0.05388,3,0,DONE,4194304,4194304,4194304,7472990551,-1,0
0.0539,0,0,INJECTING,732261799,732261799,5027229095,317046480964,-1,0
0.0539,1,0,DONE,4194304,4194304,4194304,28270287849,-1,0
0.0539,2,0,DONE,4194304,4194304,4194304,10035354119,-1,0
0.0539,3,0,DONE,4194304,4194304,4194304,7472990551,-1,0
0.05392,0,0,INJECTING,732261799,732261799,5027229095,317046480964,-1,0
0.05392,1,0,DONE,4194304,4194304,4194304,28270287849,-1,0
0.05392,2,0,DONE,4194304,4194304,4194304,10035354119,-1,0
0.05392,3,0,DONE,4194304,4194304,4194304,7472990551,-1,0
0.05394,0,0,INJECTING,732261799,732261799,5027229095,317046480964,-1,0
0.05394,1,0,DONE,4194304,4194304,4194304,28270287849,-1,0
0.05394,2,0,DONE,4194304,4194304,4194304,10035354119,-1,0
0.05394,3,0,DONE,4194304,4194304,4194304,7472990551,-1,0
0.05396,0,0,INJECTING,732261799,732261799,5027229095,317046480964,-1,0
0.05396,1,0,DONE,4194304,4194304,4194304,28270287849,-1,0
0.05396,2,0,DONE,4194304,4194304,4194304,10035354119,-1,0
0.05396,3,0,DONE,4194304,4194304,4194304,7472990551,-1,0
0.05398,0,0,INJECTING,732261799,732261799,5027229095,317046480964,-1,0
0.05398,1,0,DONE,4194304,4194304,4194304,28270287849,-1,0
0.05398,2,0,DONE,4194304,4194304,4194304,10035354119,-1,0
0.05398,3,0,DONE,4194304,4194304,4194304,7472990551,-1,0
0.054,0,0,INJECTING,732261799,732261799,5027229095,317046480964,-1,0
0.054,1,0,DONE,4194304,4194304,4194304,28270287849,-1,0
0.054,2,0,DONE,4194304,4194304,4194304,10035354119,-1,0
0.054,3,0,DONE,4194304,4194304,4194304,7472990551,-1,0
0.05402,0,0,INJECTING,732261799,732261799,5027229095,317046480964,-1,0
0.05402,1,0,DONE,4194304,4194304,4194304,28270287849,-1,0
0.05402,2,0,DONE,4194304,4194304,4194304,10035354119,-1,0
0.05402,3,0,DONE,4194304,4194304,4194304,7472990551,-1,0
0.05404,0,0,INJECTING,732261799,732261799,5027229095,317046480964,-1,0
0.05404,1,0,DONE,4194304,4194304,4194304,28270287849,-1,0
0.05404,2,0,DONE,4194304,4194304,4194304,10035354119,-1,0
0.05404,3,0,DONE,4194304,4194304,4194304,7472990551,-1,0
0.05406,0,0,INJECTING,732261799,732261799,5027229095,317046480964,-1,0
0.05406,1,0,DONE,4194304,4194304,4194304,28270287849,-1,0
0.05406,2,0,DONE,4194304,4194304,4194304,10035354119,-1,0
0.05406,3,0,DONE,4194304,4194304,4194304,7472990551,-1,0
0.05408,0,0,INJECTING,732261799,732261799,5027229095,317046480964,-1,0
0.05408,1,0,DONE,4194304,4194304,4194304,28270287849,-1,0
0.05408,2,0,DONE,4194304,4194304,4194304,10035354119,-1,0
0.05408,3,0,DONE,4194304,4194304,4194304,7472990551,-1,0
0.0541,0,0,INJECTING,732261799,732261799,5027229095,317046480964,-1,0
0.0541,1,0,DONE,4194304,4194304,4194304,28270287849,-1,0
0.0541,2,0,DONE,4194304,4194304,4194304,10035354119,-1,0
0.0541,3,0,DONE,4194304,4194304,4194304,7472990551,-1,0
0.05412,0,0,INJECTING,732261799,732261799,5027229095,317046480964,-1,0
0.05412,1,0,DONE,4194304,4194304,4194304,28270287849,-1,0
0.05412,2,0,DONE,4194304,4194304,4194304,10035354119,-1,0
0.05412,3,0,DONE,4194304,4194304,4194304,7472990551,-1,0
0.05414,0,0,INJECTING,732261799,732261799,5027229095,317046480964,-1,0
0.05414,1,0,DONE,4194304,4194304,4194304,28270287849,-1,0
0.05414,2,0,DONE,4194304,4194304,4194304,10035354119,-1,0
0.05414,3,0,DONE,4194304,4194304,4194304,7472990551,-1,0
0.05416,0,0,INJECTING,732261799,732261799,5027229095,317046480964,-1,0
0.05416,1,0,DONE,4194304,4194304,4194304,28270287849,-1,0
0.05416,2,0,DONE,4194304,4194304,4194304,10035354119,-1,0
0.05416,3,0,DONE,4194304,4194304,4194304,7472990551,-1,0
0.05418,0,0,INJECTING,732261799,732261799,5027229095,317046480964,-1,0
0.05418,1,0,DONE,4194304,4194304,4194304,28270287849,-1,0
0.05418,2,0,DONE,4194304,4194304,4194304,10035354119,-1,0
0.05418,3,0,DONE,4194304,4194304,4194304,7472990551,-1,0
0.0542,0,0,INJECTING,732261799,732261799,5027229095,317046480964,-1,0
0.0542,1,0,DONE,4194304,4194304,4194304,28270287849,-1,0
0.0542,2,0,DONE,4194304,4194304,4194304,10035354119,-1,0
0.0542,3,0,DONE,4194304,4194304,4194304,7472990551,-1,0
0.05422,0,0,INJECTING,732261799,732261799,5027229095,317046480964,-1,0
0.05422,1,0,DONE,4194304,4194304,4194304,28270287849,-1,0
0.05422,2,0,DONE,4194304,4194304,4194304,10035354119,-1,0
0.05422,3,0,DONE,4194304,4194304,4194304,7472990551,-1,0
0.05424,0,0,INJECTING,732261799,732261799,5027229095,317046480964,-1,0
0.05424,1,0,DONE,4194304,4194304,4194304,28270287849,-1,0
0.05424,2,0,DONE,4194304,4194304,4194304,10035354119,-1,0
0.05424,3,0,DONE,4194304,4194304,4194304,7472990551,-1,0
0.05426,0,0,INJECTING,732261799,732261799,5027229095,317046480964,-1,0
0.05426,1,0,DONE,4194304,4194304,4194304,28270287849,-1,0
0.05426,2,0,DONE,4194304,4194304,4194304,10035354119,-1,0
0.05426,3,0,DONE,4194304,4194304,4194304,7472990551,-1,0
0.05428,0,0,INJECTING,732261799,732261799,5027229095,317046480964,-1,0
0.05428,1,0,DONE,4194304,4194304,4194304,28270287849,-1,0
0.05428,2,0,DONE,4194304,4194304,4194304,10035354119,-1,0
0.05428,3,0,DONE,4194304,4194304,4194304,7472990551,-1,0
0.0543,0,0,INJECTING,732261799,732261799,5027229095,317046480964,-1,0
0.0543,1,0,DONE,4194304,4194304,4194304,28270287849,-1,0
0.0543,2,0,DONE,4194304,4194304,4194304,10035354119,-1,0
0.0543,3,0,DONE,4194304,4194304,4194304,7472990551,-1,0
0.05432,0,0,INJECTING,732261799,732261799,5027229095,317046480964,-1,0
0.05432,1,0,DONE,4194304,4194304,4194304,28270287849,-1,0
0.05432,2,0,DONE,4194304,4194304,4194304,10035354119,-1,0
0.05432,3,0,DONE,4194304,4194304,4194304,7472990551,-1,0
0.05434,0,0,INJECTING,732261799,732261799,5027229095,317046480964,-1,0
0.05434,1,0,DONE,4194304,4194304,4194304,28270287849,-1,0
0.05434,2,0,DONE,4194304,4194304,4194304,10035354119,-1,0
0.05434,3,0,DONE,4194304,4194304,4194304,7472990551,-1,0
0.05436,0,0,INJECTING,732261799,732261799,5027229095,317046480964,-1,0
0.05436,1,0,DONE,4194304,4194304,4194304,28270287849,-1,0
0.05436,2,0,DONE,4194304,4194304,4194304,10035354119,-1,0
0.05436,3,0,DONE,4194304,4194304,4194304,7472990551,-1,0
0.05438,0,0,INJECTING,732261799,732261799,5027229095,317046480964,-1,0
0.05438,1,0,DONE,4194304,4194304,4194304,28270287849,-1,0
0.05438,2,0,DONE,4194304,4194304,4194304,10035354119,-1,0
0.05438,3,0,DONE,4194304,4194304,4194304,7472990551,-1,0
0.0544,0,0,INJECTING,732261799,732261799,5027229095,317046480964,-1,0
0.0544,1,0,DONE,4194304,4194304,4194304,28270287849,-1,0
0.0544,2,0,DONE,4194304,4194304,4194304,10035354119,-1,0
0.0544,3,0,DONE,4194304,4194304,4194304,7472990551,-1,0
0.05442,0,0,INJECTING,732261799,732261799,5027229095,317046480964,-1,0
0.05442,1,0,DONE,4194304,4194304,4194304,28270287849,-1,0
0.05442,2,0,DONE,4194304,4194304,4194304,10035354119,-1,0
0.05442,3,0,DONE,4194304,4194304,4194304,7472990551,-1,0
0.05444,0,0,INJECTING,732261799,732261799,5027229095,317046480964,-1,0
0.05444,1,0,DONE,4194304,4194304,4194304,28270287849,-1,0
0.05444,2,0,DONE,4194304,4194304,4194304,10035354119,-1,0
0.05444,3,0,DONE,4194304,4194304,4194304,7472990551,-1,0
0.05446,0,0,INJECTING,732261799,732261799,5027229095,317046480964,-1,0
0.05446,1,0,DONE,4194304,4194304,4194304,28270287849,-1,0
0.05446,2,0,DONE,4194304,4194304,4194304,10035354119,-1,0
0.05446,3,0,DONE,4194304,4194304,4194304,7472990551,-1,0
0.05448,0,0,INJECTING,732261799,732261799,5027229095,317046480964,-1,0
0.05448,1,0,DONE,4194304,4194304,4194304,28270287849,-1,0
0.05448,2,0,DONE,4194304,4194304,4194304,10035354119,-1,0
0.05448,3,0,DONE,4194304,4194304,4194304,7472990551,-1,0
0.0545,0,0,INJECTING,732261799,732261799,5027229095,317046480964,-1,0
0.0545,1,0,DONE,4194304,4194304,4194304,28270287849,-1,0
0.0545,2,0,DONE,4194304,4194304,4194304,10035354119,-1,0
0.0545,3,0,DONE,4194304,4194304,4194304,7472990551,-1,0
0.05452,0,0,INJECTING,732261799,732261799,5027229095,317046480964,-1,0
0.05452,1,0,DONE,4194304,4194304,4194304,28270287849,-1,0
0.05452,2,0,DONE,4194304,4194304,4194304,10035354119,-1,0
0.05452,3,0,DONE,4194304,4194304,4194304,7472990551,-1,0
0.05454,0,0,INJECTING,732261799,732261799,5027229095,317046480964,-1,0
0.05454,1,0,DONE,4194304,4194304,4194304,28270287849,-1,0
0.05454,2,0,DONE,4194304,4194304,4194304,10035354119,-1,0
0.05454,3,0,DONE,4194304,4194304,4194304,7472990551,-1,0
0.05456,0,0,INJECTING,732261799,732261799,5027229095,317046480964,-1,0
0.05456,1,0,DONE,4194304,4194304,4194304,28270287849,-1,0
0.05456,2,0,DONE,4194304,4194304,4194304,10035354119,-1,0
0.05456,3,0,DONE,4194304,4194304,4194304,7472990551,-1,0
0.05458,0,0,INJECTING,732261799,732261799,5027229095,317046480964,-1,0
0.05458,1,0,DONE,4194304,4194304,4194304,28270287849,-1,0
0.05458,2,0,DONE,4194304,4194304,4194304,10035354119,-1,0
0.05458,3,0,DONE,4194304,4194304,4194304,7472990551,-1,0
0.0546,0,0,INJECTING,732261799,732261799,5027229095,317046480964,-1,0
0.0546,1,0,DONE,4194304,4194304,4194304,28270287849,-1,0
0.0546,2,0,DONE,4194304,4194304,4194304,10035354119,-1,0
0.0546,3,0,DONE,4194304,4194304,4194304,7472990551,-1,0
0.05462,0,0,INJECTING,732261799,732261799,5027229095,317046480964,-1,0
0.05462,1,0,DONE,4194304,4194304,4194304,28270287849,-1,0
0.05462,2,0,DONE,4194304,4194304,4194304,10035354119,-1,0
0.05462,3,0,DONE,4194304,4194304,4194304,7472990551,-1,0
0.05464,0,0,INJECTING,732261799,732261799,5027229095,317046480964,-1,0
0.05464,1,0,DONE,4194304,4194304,4194304,28270287849,-1,0
0.05464,2,0,DONE,4194304,4194304,4194304,10035354119,-1,0
0.05464,3,0,DONE,4194304,4194304,4194304,7472990551,-1,0
0.05466,0,0,INJECTING,732261799,732261799,5027229095,317046480964,-1,0
0.05466,1,0,DONE,4194304,4194304,4194304,28270287849,-1,0
0.05466,2,0,DONE,4194304,4194304,4194304,10035354119,-1,0
0.05466,3,0,DONE,4194304,4194304,4194304,7472990551,-1,0
0.05468,0,0,INJECTING,732261799,732261799,5027229095,317046480964,-1,0
0.05468,1,0,DONE,4194304,4194304,4194304,28270287849,-1,0
0.05468,2,0,DONE,4194304,4194304,4194304,10035354119,-1,0
0.05468,3,0,DONE,4194304,4194304,4194304,7472990551,-1,0
0.0547,0,0,INJECTING,732261799,732261799,5027229095,317046480964,-1,0
0.0547,1,0,DONE,4194304,4194304,4194304,28270287849,-1,0
0.0547,2,0,DONE,4194304,4194304,4194304,10035354119,-1,0
0.0547,3,0,DONE,4194304,4194304,4194304,7472990551,-1,0
0.05472,0,0,INJECTING,732261799,732261799,5027229095,317046480964,-1,0
0.05472,1,0,DONE,4194304,4194304,4194304,28270287849,-1,0
0.05472,2,0,DONE,4194304,4194304,4194304,10035354119,-1,0
0.05472,3,0,DONE,4194304,4194304,4194304,7472990551,-1,0
0.05474,0,0,INJECTING,732261799,732261799,5027229095,317046480964,-1,0
0.05474,1,0,DONE,4194304,4194304,4194304,28270287849,-1,0
0.05474,2,0,DONE,4194304,4194304,4194304,10035354119,-1,0
0.05474,3,0,DONE,4194304,4194304,4194304,7472990551,-1,0
0.05476,0,0,INJECTING,732261799,732261799,5027229095,317046480964,-1,0
0.05476,1,0,DONE,4194304,4194304,4194304,28270287849,-1,0
0.05476,2,0,DONE,4194304,4194304,4194304,10035354119,-1,0
0.05476,3,0,DONE,4194304,4194304,4194304,7472990551,-1,0
0.05478,0,0,INJECTING,732261799,732261799,5027229095,317046480964,-1,0
0.05478,1,0,DONE,4194304,4194304,4194304,28270287849,-1,0
0.05478,2,0,DONE,4194304,4194304,4194304,10035354119,-1,0
0.05478,3,0,DONE,4194304,4194304,4194304,7472990551,-1,0
0.0548,0,0,INJECTING,732261799,732261799,5027229095,317046480964,-1,0
0.0548,1,0,DONE,4194304,4194304,4194304,28270287849,-1,0
0.0548,2,0,DONE,4194304,4194304,4194304,10035354119,-1,0
0.0548,3,0,DONE,4194304,4194304,4194304,7472990551,-1,0
0.05482,0,0,INJECTING,732261799,732261799,5027229095,317046480964,-1,0
0.05482,1,0,DONE,4194304,4194304,4194304,28270287849,-1,0
0.05482,2,0,DONE,4194304,4194304,4194304,10035354119,-1,0
0.05482,3,0,DONE,4194304,4194304,4194304,7472990551,-1,0
0.05484,0,0,INJECTING,732261799,732261799,5027229095,317046480964,-1,0
0.05484,1,0,DONE,4194304,4194304,4194304,28270287849,-1,0
0.05484,2,0,DONE,4194304,4194304,4194304,10035354119,-1,0
0.05484,3,0,DONE,4194304,4194304,4194304,7472990551,-1,0
0.05486,0,0,INJECTING,732261799,732261799,5027229095,317046480964,-1,0
0.05486,1,0,DONE,4194304,4194304,4194304,28270287849,-1,0
0.05486,2,0,DONE,4194304,4194304,4194304,10035354119,-1,0
0.05486,3,0,DONE,4194304,4194304,4194304,7472990551,-1,0
0.05488,0,0,INJECTING,732261799,732261799,5027229095,317046480964,-1,0
0.05488,1,0,DONE,4194304,4194304,4194304,28270287849,-1,0
0.05488,2,0,DONE,4194304,4194304,4194304,10035354119,-1,0
0.05488,3,0,DONE,4194304,4194304,4194304,7472990551,-1,0
0.0549,0,0,INJECTING,732261799,732261799,5027229095,317046480964,-1,0
0.0549,1,0,DONE,4194304,4194304,4194304,28270287849,-1,0
0.0549,2,0,DONE,4194304,4194304,4194304,10035354119,-1,0
0.0549,3,0,DONE,4194304,4194304,4194304,7472990551,-1,0
0.05492,0,0,INJECTING,732261799,732261799,5027229095,317046480964,-1,0
0.05492,1,0,DONE,4194304,4194304,4194304,28270287849,-1,0
0.05492,2,0,DONE,4194304,4194304,4194304,10035354119,-1,0
0.05492,3,0,DONE,4194304,4194304,4194304,7472990551,-1,0
0.05494,0,0,INJECTING,732261799,732261799,5027229095,317046480964,-1,0
0.05494,1,0,DONE,4194304,4194304,4194304,28270287849,-1,0
0.05494,2,0,DONE,4194304,4194304,4194304,10035354119,-1,0
0.05494,3,0,DONE,4194304,4194304,4194304,7472990551,-1,0
0.05496,0,0,INJECTING,732261799,732261799,5027229095,317046480964,-1,0
0.05496,1,0,DONE,4194304,4194304,4194304,28270287849,-1,0
0.05496,2,0,DONE,4194304,4194304,4194304,10035354119,-1,0
0.05496,3,0,DONE,4194304,4194304,4194304,7472990551,-1,0
0.05498,0,0,INJECTING,732261799,732261799,5027229095,317046480964,-1,0
0.05498,1,0,DONE,4194304,4194304,4194304,28270287849,-1,0
0.05498,2,0,DONE,4194304,4194304,4194304,10035354119,-1,0
0.05498,3,0,DONE,4194304,4194304,4194304,7472990551,-1,0
0.055,0,0,INJECTING,732261799,732261799,5027229095,317046480964,-1,0
0.055,1,0,DONE,4194304,4194304,4194304,28270287849,-1,0
0.055,2,0,DONE,4194304,4194304,4194304,10035354119,-1,0
0.055,3,0,DONE,4194304,4194304,4194304,7472990551,-1,0
0.05502,0,0,INJECTING,732261799,732261799,5027229095,317046480964,-1,0
0.05502,1,0,DONE,4194304,4194304,4194304,28270287849,-1,0
0.05502,2,0,DONE,4194304,4194304,4194304,10035354119,-1,0
0.05502,3,0,DONE,4194304,4194304,4194304,7472990551,-1,0
0.05504,0,0,INJECTING,732261799,732261799,5027229095,317046480964,-1,0
0.05504,1,0,DONE,4194304,4194304,4194304,28270287849,-1,0
0.05504,2,0,DONE,4194304,4194304,4194304,10035354119,-1,0
0.05504,3,0,DONE,4194304,4194304,4194304,7472990551,-1,0
0.05506,0,0,INJECTING,732261799,732261799,5027229095,317046480964,-1,0
0.05506,1,0,DONE,4194304,4194304,4194304,28270287849,-1,0
0.05506,2,0,DONE,4194304,4194304,4194304,10035354119,-1,0
0.05506,3,0,DONE,4194304,4194304,4194304,7472990551,-1,0
0.05508,0,0,INJECTING,732261799,732261799,5027229095,317046480964,-1,0
0.05508,1,0,DONE,4194304,4194304,4194304,28270287849,-1,0
0.05508,2,0,DONE,4194304,4194304,4194304,10035354119,-1,0
0.05508,3,0,DONE,4194304,4194304,4194304,7472990551,-1,0
0.0551,0,0,INJECTING,732261799,732261799,5027229095,317046480964,-1,0
0.0551,1,0,DONE,4194304,4194304,4194304,28270287849,-1,0
0.0551,2,0,DONE,4194304,4194304,4194304,10035354119,-1,0
0.0551,3,0,DONE,4194304,4194304,4194304,7472990551,-1,0
0.05512,0,0,INJECTING,732261799,732261799,5027229095,317046480964,-1,0
0.05512,1,0,DONE,4194304,4194304,4194304,28270287849,-1,0
0.05512,2,0,DONE,4194304,4194304,4194304,10035354119,-1,0
0.05512,3,0,DONE,4194304,4194304,4194304,7472990551,-1,0
0.05514,0,0,INJECTING,732261799,732261799,5027229095,317046480964,-1,0
0.05514,1,0,DONE,4194304,4194304,4194304,28270287849,-1,0
0.05514,2,0,DONE,4194304,4194304,4194304,10035354119,-1,0
0.05514,3,0,DONE,4194304,4194304,4194304,7472990551,-1,0
0.05516,0,0,INJECTING,732261799,732261799,5027229095,317046480964,-1,0
0.05516,1,0,DONE,4194304,4194304,4194304,28270287849,-1,0
0.05516,2,0,DONE,4194304,4194304,4194304,10035354119,-1,0
0.05516,3,0,DONE,4194304,4194304,4194304,7472990551,-1,0
0.05518,0,0,INJECTING,732261799,732261799,5027229095,317046480964,-1,0
0.05518,1,0,DONE,4194304,4194304,4194304,28270287849,-1,0
0.05518,2,0,DONE,4194304,4194304,4194304,10035354119,-1,0
0.05518,3,0,DONE,4194304,4194304,4194304,7472990551,-1,0
0.0552,0,0,INJECTING,732261799,732261799,5027229095,317046480964,-1,0
0.0552,1,0,DONE,4194304,4194304,4194304,28270287849,-1,0
0.0552,2,0,DONE,4194304,4194304,4194304,10035354119,-1,0
0.0552,3,0,DONE,4194304,4194304,4194304,7472990551,-1,0
0.05522,0,0,INJECTING,732261799,732261799,5027229095,317046480964,-1,0
0.05522,1,0,DONE,4194304,4194304,4194304,28270287849,-1,0
0.05522,2,0,DONE,4194304,4194304,4194304,10035354119,-1,0
0.05522,3,0,DONE,4194304,4194304,4194304,7472990551,-1,0
0.05524,0,0,INJECTING,732261799,732261799,5027229095,317046480964,-1,0
0.05524,1,0,DONE,4194304,4194304,4194304,28270287849,-1,0
0.05524,2,0,DONE,4194304,4194304,4194304,10035354119,-1,0
0.05524,3,0,DONE,4194304,4194304,4194304,7472990551,-1,0
0.05526,0,0,INJECTING,732261799,732261799,5027229095,317046480964,-1,0
0.05526,1,0,DONE,4194304,4194304,4194304,28270287849,-1,0
0.05526,2,0,DONE,4194304,4194304,4194304,10035354119,-1,0
0.05526,3,0,DONE,4194304,4194304,4194304,7472990551,-1,0
0.05528,0,0,INJECTING,732261799,732261799,5027229095,317046480964,-1,0
0.05528,1,0,DONE,4194304,4194304,4194304,28270287849,-1,0
0.05528,2,0,DONE,4194304,4194304,4194304,10035354119,-1,0
0.05528,3,0,DONE,4194304,4194304,4194304,7472990551,-1,0
0.0553,0,0,INJECTING,732261799,732261799,5027229095,317046480964,-1,0
0.0553,1,0,DONE,4194304,4194304,4194304,28270287849,-1,0
0.0553,2,0,DONE,4194304,4194304,4194304,10035354119,-1,0
0.0553,3,0,DONE,4194304,4194304,4194304,7472990551,-1,0
0.05532,0,0,INJECTING,732261799,732261799,5027229095,317046480964,-1,0
0.05532,1,0,DONE,4194304,4194304,4194304,28270287849,-1,0
0.05532,2,0,DONE,4194304,4194304,4194304,10035354119,-1,0
0.05532,3,0,DONE,4194304,4194304,4194304,7472990551,-1,0
0.05534,0,0,INJECTING,732261799,732261799,5027229095,317046480964,-1,0
0.05534,1,0,DONE,4194304,4194304,4194304,28270287849,-1,0
0.05534,2,0,DONE,4194304,4194304,4194304,10035354119,-1,0
0.05534,3,0,DONE,4194304,4194304,4194304,7472990551,-1,0
0.05536,0,0,INJECTING,732261799,732261799,5027229095,317046480964,-1,0
0.05536,1,0,DONE,4194304,4194304,4194304,28270287849,-1,0
0.05536,2,0,DONE,4194304,4194304,4194304,10035354119,-1,0
0.05536,3,0,DONE,4194304,4194304,4194304,7472990551,-1,0
0.05538,0,0,INJECTING,732261799,732261799,5027229095,317046480964,-1,0
0.05538,1,0,DONE,4194304,4194304,4194304,28270287849,-1,0
0.05538,2,0,DONE,4194304,4194304,4194304,10035354119,-1,0
0.05538,3,0,DONE,4194304,4194304,4194304,7472990551,-1,0
0.0554,0,0,INJECTING,732261799,732261799,5027229095,317046480964,-1,0
0.0554,1,0,DONE,4194304,4194304,4194304,28270287849,-1,0
0.0554,2,0,DONE,4194304,4194304,4194304,10035354119,-1,0
0.0554,3,0,DONE,4194304,4194304,4194304,7472990551,-1,0
0.05542,0,0,INJECTING,732261799,732261799,5027229095,317046480964,-1,0
0.05542,1,0,DONE,4194304,4194304,4194304,28270287849,-1,0
0.05542,2,0,DONE,4194304,4194304,4194304,10035354119,-1,0
0.05542,3,0,DONE,4194304,4194304,4194304,7472990551,-1,0
0.05544,0,0,INJECTING,732261799,732261799,5027229095,317046480964,-1,0
0.05544,1,0,DONE,4194304,4194304,4194304,28270287849,-1,0
0.05544,2,0,DONE,4194304,4194304,4194304,10035354119,-1,0
0.05544,3,0,DONE,4194304,4194304,4194304,7472990551,-1,0
0.05546,0,0,INJECTING,732261799,732261799,5027229095,317046480964,-1,0
0.05546,1,0,DONE,4194304,4194304,4194304,28270287849,-1,0
0.05546,2,0,DONE,4194304,4194304,4194304,10035354119,-1,0
0.05546,3,0,DONE,4194304,4194304,4194304,7472990551,-1,0
0.05548,0,0,INJECTING,732261799,732261799,5027229095,317046480964,-1,0
0.05548,1,0,DONE,4194304,4194304,4194304,28270287849,-1,0
0.05548,2,0,DONE,4194304,4194304,4194304,10035354119,-1,0
0.05548,3,0,DONE,4194304,4194304,4194304,7472990551,-1,0
0.0555,0,0,INJECTING,732261799,732261799,5027229095,317046480964,-1,0
0.0555,1,0,DONE,4194304,4194304,4194304,28270287849,-1,0
0.0555,2,0,DONE,4194304,4194304,4194304,10035354119,-1,0
0.0555,3,0,DONE,4194304,4194304,4194304,7472990551,-1,0
0.05552,0,0,INJECTING,732261799,732261799,5027229095,317046480964,-1,0
0.05552,1,0,DONE,4194304,4194304,4194304,28270287849,-1,0
0.05552,2,0,DONE,4194304,4194304,4194304,10035354119,-1,0
0.05552,3,0,DONE,4194304,4194304,4194304,7472990551,-1,0
0.05554,0,0,INJECTING,732261799,732261799,5027229095,317046480964,-1,0
0.05554,1,0,DONE,4194304,4194304,4194304,28270287849,-1,0
0.05554,2,0,DONE,4194304,4194304,4194304,10035354119,-1,0
0.05554,3,0,DONE,4194304,4194304,4194304,7472990551,-1,0
0.05556,0,0,INJECTING,732261799,732261799,5027229095,317046480964,-1,0
0.05556,1,0,DONE,4194304,4194304,4194304,28270287849,-1,0
0.05556,2,0,DONE,4194304,4194304,4194304,10035354119,-1,0
0.05556,3,0,DONE,4194304,4194304,4194304,7472990551,-1,0
0.05558,0,0,INJECTING,732261799,732261799,5027229095,317046480964,-1,0
0.05558,1,0,DONE,4194304,4194304,4194304,28270287849,-1,0
0.05558,2,0,DONE,4194304,4194304,4194304,10035354119,-1,0
0.05558,3,0,DONE,4194304,4194304,4194304,7472990551,-1,0
0.0556,0,0,INJECTING,732261799,732261799,5027229095,317046480964,-1,0
0.0556,1,0,DONE,4194304,4194304,4194304,28270287849,-1,0
0.0556,2,0,DONE,4194304,4194304,4194304,10035354119,-1,0
0.0556,3,0,DONE,4194304,4194304,4194304,7472990551,-1,0
0.05562,0,0,INJECTING,732261799,732261799,5027229095,317046480964,-1,0
0.05562,1,0,DONE,4194304,4194304,4194304,28270287849,-1,0
0.05562,2,0,DONE,4194304,4194304,4194304,10035354119,-1,0
0.05562,3,0,DONE,4194304,4194304,4194304,7472990551,-1,0
0.05564,0,0,INJECTING,732261799,732261799,5027229095,317046480964,-1,0
0.05564,1,0,DONE,4194304,4194304,4194304,28270287849,-1,0
0.05564,2,0,DONE,4194304,4194304,4194304,10035354119,-1,0
0.05564,3,0,DONE,4194304,4194304,4194304,7472990551,-1,0
0.05566,0,0,INJECTING,732261799,732261799,5027229095,317046480964,-1,0
0.05566,1,0,DONE,4194304,4194304,4194304,28270287849,-1,0
0.05566,2,0,DONE,4194304,4194304,4194304,10035354119,-1,0
0.05566,3,0,DONE,4194304,4194304,4194304,7472990551,-1,0
0.05568,0,0,INJECTING,732261799,732261799,5027229095,317046480964,-1,0
0.05568,1,0,DONE,4194304,4194304,4194304,28270287849,-1,0
0.05568,2,0,DONE,4194304,4194304,4194304,10035354119,-1,0
0.05568,3,0,DONE,4194304,4194304,4194304,7472990551,-1,0
0.0557,0,0,INJECTING,732261799,732261799,5027229095,317046480964,-1,0
0.0557,1,0,DONE,4194304,4194304,4194304,28270287849,-1,0
0.0557,2,0,DONE,4194304,4194304,4194304,10035354119,-1,0
0.0557,3,0,DONE,4194304,4194304,4194304,7472990551,-1,0
0.05572,0,0,INJECTING,732261799,732261799,5027229095,317046480964,-1,0
0.05572,1,0,DONE,4194304,4194304,4194304,28270287849,-1,0
0.05572,2,0,DONE,4194304,4194304,4194304,10035354119,-1,0
0.05572,3,0,DONE,4194304,4194304,4194304,7472990551,-1,0
0.05574,0,0,INJECTING,732261799,732261799,5027229095,317046480964,-1,0
0.05574,1,0,DONE,4194304,4194304,4194304,28270287849,-1,0
0.05574,2,0,DONE,4194304,4194304,4194304,10035354119,-1,0
0.05574,3,0,DONE,4194304,4194304,4194304,7472990551,-1,0
0.05576,0,0,INJECTING,732261799,732261799,5027229095,317046480964,-1,0
0.05576,1,0,DONE,4194304,4194304,4194304,28270287849,-1,0
0.05576,2,0,DONE,4194304,4194304,4194304,10035354119,-1,0
0.05576,3,0,DONE,4194304,4194304,4194304,7472990551,-1,0
0.05578,0,0,INJECTING,732261799,732261799,5027229095,317046480964,-1,0
0.05578,1,0,DONE,4194304,4194304,4194304,28270287849,-1,0
0.05578,2,0,DONE,4194304,4194304,4194304,10035354119,-1,0
0.05578,3,0,DONE,4194304,4194304,4194304,7472990551,-1,0
0.0558,0,0,INJECTING,732261799,732261799,5027229095,317046480964,-1,0
0.0558,1,0,DONE,4194304,4194304,4194304,28270287849,-1,0
0.0558,2,0,DONE,4194304,4194304,4194304,10035354119,-1,0
0.0558,3,0,DONE,4194304,4194304,4194304,7472990551,-1,0
0.05582,0,0,INJECTING,732261799,732261799,5027229095,317046480964,-1,0
0.05582,1,0,DONE,4194304,4194304,4194304,28270287849,-1,0
0.05582,2,0,DONE,4194304,4194304,4194304,10035354119,-1,0
0.05582,3,0,DONE,4194304,4194304,4194304,7472990551,-1,0
0.05584,0,0,INJECTING,732261799,732261799,5027229095,317046480964,-1,0
0.05584,1,0,DONE,4194304,4194304,4194304,28270287849,-1,0
0.05584,2,0,DONE,4194304,4194304,4194304,10035354119,-1,0
0.05584,3,0,DONE,4194304,4194304,4194304,7472990551,-1,0
0.05586,0,0,INJECTING,732261799,732261799,5027229095,317046480964,-1,0
0.05586,1,0,DONE,4194304,4194304,4194304,28270287849,-1,0
0.05586,2,0,DONE,4194304,4194304,4194304,10035354119,-1,0
0.05586,3,0,DONE,4194304,4194304,4194304,7472990551,-1,0
0.05588,0,0,INJECTING,732261799,732261799,5027229095,317046480964,-1,0
0.05588,1,0,DONE,4194304,4194304,4194304,28270287849,-1,0
0.05588,2,0,DONE,4194304,4194304,4194304,10035354119,-1,0
0.05588,3,0,DONE,4194304,4194304,4194304,7472990551,-1,0
0.0559,0,0,INJECTING,732261799,732261799,5027229095,317046480964,-1,0
0.0559,1,0,DONE,4194304,4194304,4194304,28270287849,-1,0
0.0559,2,0,DONE,4194304,4194304,4194304,10035354119,-1,0
0.0559,3,0,DONE,4194304,4194304,4194304,7472990551,-1,0
0.05592,0,0,INJECTING,732261799,732261799,5027229095,317046480964,-1,0
0.05592,1,0,DONE,4194304,4194304,4194304,28270287849,-1,0
0.05592,2,0,DONE,4194304,4194304,4194304,10035354119,-1,0
0.05592,3,0,DONE,4194304,4194304,4194304,7472990551,-1,0
0.05594,0,0,INJECTING,732261799,732261799,5027229095,317046480964,-1,0
0.05594,1,0,DONE,4194304,4194304,4194304,28270287849,-1,0
0.05594,2,0,DONE,4194304,4194304,4194304,10035354119,-1,0
0.05594,3,0,DONE,4194304,4194304,4194304,7472990551,-1,0
0.05596,0,0,INJECTING,732261799,732261799,5027229095,317046480964,-1,0
0.05596,1,0,DONE,4194304,4194304,4194304,28270287849,-1,0
0.05596,2,0,DONE,4194304,4194304,4194304,10035354119,-1,0
0.05596,3,0,DONE,4194304,4194304,4194304,7472990551,-1,0
0.05598,0,0,INJECTING,732261799,732261799,5027229095,317046480964,-1,0
0.05598,1,0,DONE,4194304,4194304,4194304,28270287849,-1,0
0.05598,2,0,DONE,4194304,4194304,4194304,10035354119,-1,0
0.05598,3,0,DONE,4194304,4194304,4194304,7472990551,-1,0
0.056,0,0,INJECTING,732261799,732261799,5027229095,317046480964,-1,0
0.056,1,0,DONE,4194304,4194304,4194304,28270287849,-1,0
0.056,2,0,DONE,4194304,4194304,4194304,10035354119,-1,0
0.056,3,0,DONE,4194304,4194304,4194304,7472990551,-1,0
0.05602,0,0,INJECTING,732261799,732261799,5027229095,317046480964,-1,0
0.05602,1,0,DONE,4194304,4194304,4194304,28270287849,-1,0
0.05602,2,0,DONE,4194304,4194304,4194304,10035354119,-1,0
0.05602,3,0,DONE,4194304,4194304,4194304,7472990551,-1,0
0.05604,0,0,INJECTING,732261799,732261799,5027229095,317046480964,-1,0
0.05604,1,0,DONE,4194304,4194304,4194304,28270287849,-1,0
0.05604,2,0,DONE,4194304,4194304,4194304,10035354119,-1,0
0.05604,3,0,DONE,4194304,4194304,4194304,7472990551,-1,0
0.05606,0,0,INJECTING,732261799,732261799,5027229095,317046480964,-1,0
0.05606,1,0,DONE,4194304,4194304,4194304,28270287849,-1,0
0.05606,2,0,DONE,4194304,4194304,4194304,10035354119,-1,0
0.05606,3,0,DONE,4194304,4194304,4194304,7472990551,-1,0
0.05608,0,0,INJECTING,732261799,732261799,5027229095,317046480964,-1,0
0.05608,1,0,DONE,4194304,4194304,4194304,28270287849,-1,0
0.05608,2,0,DONE,4194304,4194304,4194304,10035354119,-1,0
0.05608,3,0,DONE,4194304,4194304,4194304,7472990551,-1,0
0.0561,0,0,INJECTING,732261799,732261799,5027229095,317046480964,-1,0
0.0561,1,0,DONE,4194304,4194304,4194304,28270287849,-1,0
0.0561,2,0,DONE,4194304,4194304,4194304,10035354119,-1,0
0.0561,3,0,DONE,4194304,4194304,4194304,7472990551,-1,0
0.05612,0,0,INJECTING,732261799,732261799,5027229095,317046480964,-1,0
0.05612,1,0,DONE,4194304,4194304,4194304,28270287849,-1,0
0.05612,2,0,DONE,4194304,4194304,4194304,10035354119,-1,0
0.05612,3,0,DONE,4194304,4194304,4194304,7472990551,-1,0
0.05614,0,0,INJECTING,732261799,732261799,5027229095,317046480964,-1,0
0.05614,1,0,DONE,4194304,4194304,4194304,28270287849,-1,0
0.05614,2,0,DONE,4194304,4194304,4194304,10035354119,-1,0
0.05614,3,0,DONE,4194304,4194304,4194304,7472990551,-1,0
0.05616,0,0,INJECTING,732261799,732261799,5027229095,317046480964,-1,0
0.05616,1,0,DONE,4194304,4194304,4194304,28270287849,-1,0
0.05616,2,0,DONE,4194304,4194304,4194304,10035354119,-1,0
0.05616,3,0,DONE,4194304,4194304,4194304,7472990551,-1,0
0.05618,0,0,INJECTING,732261799,732261799,5027229095,317046480964,-1,0
0.05618,1,0,DONE,4194304,4194304,4194304,28270287849,-1,0
0.05618,2,0,DONE,4194304,4194304,4194304,10035354119,-1,0
0.05618,3,0,DONE,4194304,4194304,4194304,7472990551,-1,0
0.0562,0,0,INJECTING,732261799,732261799,5027229095,317046480964,-1,0
0.0562,1,0,DONE,4194304,4194304,4194304,28270287849,-1,0
0.0562,2,0,DONE,4194304,4194304,4194304,10035354119,-1,0
0.0562,3,0,DONE,4194304,4194304,4194304,7472990551,-1,0
0.05622,0,0,INJECTING,732261799,732261799,5027229095,317046480964,-1,0
0.05622,1,0,DONE,4194304,4194304,4194304,28270287849,-1,0
0.05622,2,0,DONE,4194304,4194304,4194304,10035354119,-1,0
0.05622,3,0,DONE,4194304,4194304,4194304,7472990551,-1,0
0.05624,0,0,INJECTING,732261799,732261799,5027229095,317046480964,-1,0
0.05624,1,0,DONE,4194304,4194304,4194304,28270287849,-1,0
0.05624,2,0,DONE,4194304,4194304,4194304,10035354119,-1,0
0.05624,3,0,DONE,4194304,4194304,4194304,7472990551,-1,0
0.05626,0,0,INJECTING,732261799,732261799,5027229095,317046480964,-1,0
0.05626,1,0,DONE,4194304,4194304,4194304,28270287849,-1,0
0.05626,2,0,DONE,4194304,4194304,4194304,10035354119,-1,0
0.05626,3,0,DONE,4194304,4194304,4194304,7472990551,-1,0
0.05628,0,0,INJECTING,732261799,732261799,5027229095,317046480964,-1,0
0.05628,1,0,DONE,4194304,4194304,4194304,28270287849,-1,0
0.05628,2,0,DONE,4194304,4194304,4194304,10035354119,-1,0
0.05628,3,0,DONE,4194304,4194304,4194304,7472990551,-1,0
0.0563,0,0,INJECTING,732261799,732261799,5027229095,317046480964,-1,0
0.0563,1,0,DONE,4194304,4194304,4194304,28270287849,-1,0
0.0563,2,0,DONE,4194304,4194304,4194304,10035354119,-1,0
0.0563,3,0,DONE,4194304,4194304,4194304,7472990551,-1,0
0.05632,0,0,INJECTING,732261799,732261799,5027229095,317046480964,-1,0
0.05632,1,0,DONE,4194304,4194304,4194304,28270287849,-1,0
0.05632,2,0,DONE,4194304,4194304,4194304,10035354119,-1,0
0.05632,3,0,DONE,4194304,4194304,4194304,7472990551,-1,0
0.05634,0,0,INJECTING,732261799,732261799,5027229095,317046480964,-1,0
0.05634,1,0,DONE,4194304,4194304,4194304,28270287849,-1,0
0.05634,2,0,DONE,4194304,4194304,4194304,10035354119,-1,0
0.05634,3,0,DONE,4194304,4194304,4194304,7472990551,-1,0
0.05636,0,0,INJECTING,732261799,732261799,5027229095,317046480964,-1,0
0.05636,1,0,DONE,4194304,4194304,4194304,28270287849,-1,0
0.05636,2,0,DONE,4194304,4194304,4194304,10035354119,-1,0
0.05636,3,0,DONE,4194304,4194304,4194304,7472990551,-1,0
0.05638,0,0,INJECTING,732261799,732261799,5027229095,317046480964,-1,0
0.05638,1,0,DONE,4194304,4194304,4194304,28270287849,-1,0
0.05638,2,0,DONE,4194304,4194304,4194304,10035354119,-1,0
0.05638,3,0,DONE,4194304,4194304,4194304,7472990551,-1,0
0.0564,0,0,INJECTING,732261799,732261799,5027229095,317046480964,-1,0
0.0564,1,0,DONE,4194304,4194304,4194304,28270287849,-1,0
0.0564,2,0,DONE,4194304,4194304,4194304,10035354119,-1,0
0.0564,3,0,DONE,4194304,4194304,4194304,7472990551,-1,0
0.05642,0,0,INJECTING,732261799,732261799,5027229095,317046480964,-1,0
0.05642,1,0,DONE,4194304,4194304,4194304,28270287849,-1,0
0.05642,2,0,DONE,4194304,4194304,4194304,10035354119,-1,0
0.05642,3,0,DONE,4194304,4194304,4194304,7472990551,-1,0
0.05644,0,0,INJECTING,732261799,732261799,5027229095,317046480964,-1,0
0.05644,1,0,DONE,4194304,4194304,4194304,28270287849,-1,0
0.05644,2,0,DONE,4194304,4194304,4194304,10035354119,-1,0
0.05644,3,0,DONE,4194304,4194304,4194304,7472990551,-1,0
0.05646,0,0,INJECTING,732261799,732261799,5027229095,317046480964,-1,0
0.05646,1,0,DONE,4194304,4194304,4194304,28270287849,-1,0
0.05646,2,0,DONE,4194304,4194304,4194304,10035354119,-1,0
0.05646,3,0,DONE,4194304,4194304,4194304,7472990551,-1,0
0.05648,0,0,INJECTING,732261799,732261799,5027229095,317046480964,-1,0
0.05648,1,0,DONE,4194304,4194304,4194304,28270287849,-1,0
0.05648,2,0,DONE,4194304,4194304,4194304,10035354119,-1,0
0.05648,3,0,DONE,4194304,4194304,4194304,7472990551,-1,0
0.0565,0,0,INJECTING,732261799,732261799,5027229095,317046480964,-1,0
0.0565,1,0,DONE,4194304,4194304,4194304,28270287849,-1,0
0.0565,2,0,DONE,4194304,4194304,4194304,10035354119,-1,0
0.0565,3,0,DONE,4194304,4194304,4194304,7472990551,-1,0
0.05652,0,0,INJECTING,732261799,732261799,5027229095,317046480964,-1,0
0.05652,1,0,DONE,4194304,4194304,4194304,28270287849,-1,0
0.05652,2,0,DONE,4194304,4194304,4194304,10035354119,-1,0
0.05652,3,0,DONE,4194304,4194304,4194304,7472990551,-1,0
0.05654,0,0,INJECTING,732261799,732261799,5027229095,317046480964,-1,0
0.05654,1,0,DONE,4194304,4194304,4194304,28270287849,-1,0
0.05654,2,0,DONE,4194304,4194304,4194304,10035354119,-1,0
0.05654,3,0,DONE,4194304,4194304,4194304,7472990551,-1,0
0.05656,0,0,INJECTING,732261799,732261799,5027229095,317046480964,-1,0
0.05656,1,0,DONE,4194304,4194304,4194304,28270287849,-1,0
0.05656,2,0,DONE,4194304,4194304,4194304,10035354119,-1,0
0.05656,3,0,DONE,4194304,4194304,4194304,7472990551,-1,0
0.05658,0,0,INJECTING,732261799,732261799,5027229095,317046480964,-1,0
0.05658,1,0,DONE,4194304,4194304,4194304,28270287849,-1,0
0.05658,2,0,DONE,4194304,4194304,4194304,10035354119,-1,0
0.05658,3,0,DONE,4194304,4194304,4194304,7472990551,-1,0
0.0566,0,0,INJECTING,732261799,732261799,5027229095,317046480964,-1,0
0.0566,1,0,DONE,4194304,4194304,4194304,28270287849,-1,0
0.0566,2,0,DONE,4194304,4194304,4194304,10035354119,-1,0
0.0566,3,0,DONE,4194304,4194304,4194304,7472990551,-1,0
0.05662,0,0,INJECTING,732261799,732261799,5027229095,317046480964,-1,0
0.05662,1,0,DONE,4194304,4194304,4194304,28270287849,-1,0
0.05662,2,0,DONE,4194304,4194304,4194304,10035354119,-1,0
0.05662,3,0,DONE,4194304,4194304,4194304,7472990551,-1,0
0.05664,0,0,INJECTING,732261799,732261799,5027229095,317046480964,-1,0
0.05664,1,0,DONE,4194304,4194304,4194304,28270287849,-1,0
0.05664,2,0,DONE,4194304,4194304,4194304,10035354119,-1,0
0.05664,3,0,DONE,4194304,4194304,4194304,7472990551,-1,0
0.05666,0,0,INJECTING,732261799,732261799,5027229095,317046480964,-1,0
0.05666,1,0,DONE,4194304,4194304,4194304,28270287849,-1,0
0.05666,2,0,DONE,4194304,4194304,4194304,10035354119,-1,0
0.05666,3,0,DONE,4194304,4194304,4194304,7472990551,-1,0
0.05668,0,0,INJECTING,732261799,732261799,5027229095,317046480964,-1,0
0.05668,1,0,DONE,4194304,4194304,4194304,28270287849,-1,0
0.05668,2,0,DONE,4194304,4194304,4194304,10035354119,-1,0
0.05668,3,0,DONE,4194304,4194304,4194304,7472990551,-1,0
0.0567,0,0,INJECTING,732261799,732261799,5027229095,317046480964,-1,0
0.0567,1,0,DONE,4194304,4194304,4194304,28270287849,-1,0
0.0567,2,0,DONE,4194304,4194304,4194304,10035354119,-1,0
0.0567,3,0,DONE,4194304,4194304,4194304,7472990551,-1,0
0.05672,0,0,INJECTING,732261799,732261799,5027229095,317046480964,-1,0
0.05672,1,0,DONE,4194304,4194304,4194304,28270287849,-1,0
0.05672,2,0,DONE,4194304,4194304,4194304,10035354119,-1,0
0.05672,3,0,DONE,4194304,4194304,4194304,7472990551,-1,0
0.05674,0,0,INJECTING,732261799,732261799,5027229095,317046480964,-1,0
0.05674,1,0,DONE,4194304,4194304,4194304,28270287849,-1,0
0.05674,2,0,DONE,4194304,4194304,4194304,10035354119,-1,0
0.05674,3,0,DONE,4194304,4194304,4194304,7472990551,-1,0
0.05676,0,0,INJECTING,732261799,732261799,5027229095,317046480964,-1,0
0.05676,1,0,DONE,4194304,4194304,4194304,28270287849,-1,0
0.05676,2,0,DONE,4194304,4194304,4194304,10035354119,-1,0
0.05676,3,0,DONE,4194304,4194304,4194304,7472990551,-1,0
0.05678,0,0,INJECTING,732261799,732261799,5027229095,317046480964,-1,0
0.05678,1,0,DONE,4194304,4194304,4194304,28270287849,-1,0
0.05678,2,0,DONE,4194304,4194304,4194304,10035354119,-1,0
0.05678,3,0,DONE,4194304,4194304,4194304,7472990551,-1,0
0.0568,0,0,INJECTING,732261799,732261799,5027229095,317046480964,-1,0
0.0568,1,0,DONE,4194304,4194304,4194304,28270287849,-1,0
0.0568,2,0,DONE,4194304,4194304,4194304,10035354119,-1,0
0.0568,3,0,DONE,4194304,4194304,4194304,7472990551,-1,0
0.05682,0,0,INJECTING,732261799,732261799,5027229095,317046480964,-1,0
0.05682,1,0,DONE,4194304,4194304,4194304,28270287849,-1,0
0.05682,2,0,DONE,4194304,4194304,4194304,10035354119,-1,0
0.05682,3,0,DONE,4194304,4194304,4194304,7472990551,-1,0
0.05684,0,0,INJECTING,732261799,732261799,5027229095,317046480964,-1,0
0.05684,1,0,DONE,4194304,4194304,4194304,28270287849,-1,0
0.05684,2,0,DONE,4194304,4194304,4194304,10035354119,-1,0
0.05684,3,0,DONE,4194304,4194304,4194304,7472990551,-1,0
0.05686,0,0,INJECTING,732261799,732261799,5027229095,317046480964,-1,0
0.05686,1,0,DONE,4194304,4194304,4194304,28270287849,-1,0
0.05686,2,0,DONE,4194304,4194304,4194304,10035354119,-1,0
0.05686,3,0,DONE,4194304,4194304,4194304,7472990551,-1,0
0.05688,0,0,INJECTING,732261799,732261799,5027229095,317046480964,-1,0
0.05688,1,0,DONE,4194304,4194304,4194304,28270287849,-1,0
0.05688,2,0,DONE,4194304,4194304,4194304,10035354119,-1,0
0.05688,3,0,DONE,4194304,4194304,4194304,7472990551,-1,0
0.0569,0,0,INJECTING,732261799,732261799,5027229095,317046480964,-1,0
0.0569,1,0,DONE,4194304,4194304,4194304,28270287849,-1,0
0.0569,2,0,DONE,4194304,4194304,4194304,10035354119,-1,0
0.0569,3,0,DONE,4194304,4194304,4194304,7472990551,-1,0
0.05692,0,0,INJECTING,732261799,732261799,5027229095,317046480964,-1,0
0.05692,1,0,DONE,4194304,4194304,4194304,28270287849,-1,0
0.05692,2,0,DONE,4194304,4194304,4194304,10035354119,-1,0
0.05692,3,0,DONE,4194304,4194304,4194304,7472990551,-1,0
0.05694,0,0,INJECTING,732261799,732261799,5027229095,317046480964,-1,0
0.05694,1,0,DONE,4194304,4194304,4194304,28270287849,-1,0
0.05694,2,0,DONE,4194304,4194304,4194304,10035354119,-1,0
0.05694,3,0,DONE,4194304,4194304,4194304,7472990551,-1,0
0.05696,0,0,INJECTING,732261799,732261799,5027229095,317046480964,-1,0
0.05696,1,0,DONE,4194304,4194304,4194304,28270287849,-1,0
0.05696,2,0,DONE,4194304,4194304,4194304,10035354119,-1,0
0.05696,3,0,DONE,4194304,4194304,4194304,7472990551,-1,0
0.05698,0,0,INJECTING,732261799,732261799,5027229095,317046480964,-1,0
0.05698,1,0,DONE,4194304,4194304,4194304,28270287849,-1,0
0.05698,2,0,DONE,4194304,4194304,4194304,10035354119,-1,0
0.05698,3,0,DONE,4194304,4194304,4194304,7472990551,-1,0
0.057,0,0,INJECTING,732261799,732261799,5027229095,317046480964,-1,0
0.057,1,0,DONE,4194304,4194304,4194304,28270287849,-1,0
0.057,2,0,DONE,4194304,4194304,4194304,10035354119,-1,0
0.057,3,0,DONE,4194304,4194304,4194304,7472990551,-1,0
0.05702,0,0,INJECTING,732261799,732261799,5027229095,317046480964,-1,0
0.05702,1,0,DONE,4194304,4194304,4194304,28270287849,-1,0
0.05702,2,0,DONE,4194304,4194304,4194304,10035354119,-1,0
0.05702,3,0,DONE,4194304,4194304,4194304,7472990551,-1,0
0.05704,0,0,INJECTING,732261799,732261799,5027229095,317046480964,-1,0
0.05704,1,0,DONE,4194304,4194304,4194304,28270287849,-1,0
0.05704,2,0,DONE,4194304,4194304,4194304,10035354119,-1,0
0.05704,3,0,DONE,4194304,4194304,4194304,7472990551,-1,0
0.05706,0,0,INJECTING,732261799,732261799,5027229095,317046480964,-1,0
0.05706,1,0,DONE,4194304,4194304,4194304,28270287849,-1,0
0.05706,2,0,DONE,4194304,4194304,4194304,10035354119,-1,0
0.05706,3,0,DONE,4194304,4194304,4194304,7472990551,-1,0
0.05708,0,0,INJECTING,732261799,732261799,5027229095,317046480964,-1,0
0.05708,1,0,DONE,4194304,4194304,4194304,28270287849,-1,0
0.05708,2,0,DONE,4194304,4194304,4194304,10035354119,-1,0
0.05708,3,0,DONE,4194304,4194304,4194304,7472990551,-1,0
0.0571,0,0,INJECTING,732261799,732261799,5027229095,317046480964,-1,0
0.0571,1,0,DONE,4194304,4194304,4194304,28270287849,-1,0
0.0571,2,0,DONE,4194304,4194304,4194304,10035354119,-1,0
0.0571,3,0,DONE,4194304,4194304,4194304,7472990551,-1,0
0.05712,0,0,INJECTING,732261799,732261799,5027229095,317046480964,-1,0
0.05712,1,0,DONE,4194304,4194304,4194304,28270287849,-1,0
0.05712,2,0,DONE,4194304,4194304,4194304,10035354119,-1,0
0.05712,3,0,DONE,4194304,4194304,4194304,7472990551,-1,0
0.05714,0,0,INJECTING,732261799,732261799,5027229095,317046480964,-1,0
0.05714,1,0,DONE,4194304,4194304,4194304,28270287849,-1,0
0.05714,2,0,DONE,4194304,4194304,4194304,10035354119,-1,0
0.05714,3,0,DONE,4194304,4194304,4194304,7472990551,-1,0
0.05716,0,0,INJECTING,732261799,732261799,5027229095,317046480964,-1,0
0.05716,1,0,DONE,4194304,4194304,4194304,28270287849,-1,0
0.05716,2,0,DONE,4194304,4194304,4194304,10035354119,-1,0
0.05716,3,0,DONE,4194304,4194304,4194304,7472990551,-1,0
0.05718,0,0,INJECTING,732261799,732261799,5027229095,317046480964,-1,0
0.05718,1,0,DONE,4194304,4194304,4194304,28270287849,-1,0
0.05718,2,0,DONE,4194304,4194304,4194304,10035354119,-1,0
0.05718,3,0,DONE,4194304,4194304,4194304,7472990551,-1,0
0.0572,0,0,INJECTING,732261799,732261799,5027229095,317046480964,-1,0
0.0572,1,0,DONE,4194304,4194304,4194304,28270287849,-1,0
0.0572,2,0,DONE,4194304,4194304,4194304,10035354119,-1,0
0.0572,3,0,DONE,4194304,4194304,4194304,7472990551,-1,0
0.05722,0,0,INJECTING,732261799,732261799,5027229095,317046480964,-1,0
0.05722,1,0,DONE,4194304,4194304,4194304,28270287849,-1,0
0.05722,2,0,DONE,4194304,4194304,4194304,10035354119,-1,0
0.05722,3,0,DONE,4194304,4194304,4194304,7472990551,-1,0
0.05724,0,0,INJECTING,732261799,732261799,5027229095,317046480964,-1,0
0.05724,1,0,DONE,4194304,4194304,4194304,28270287849,-1,0
0.05724,2,0,DONE,4194304,4194304,4194304,10035354119,-1,0
0.05724,3,0,DONE,4194304,4194304,4194304,7472990551,-1,0
0.05726,0,0,INJECTING,732261799,732261799,5027229095,317046480964,-1,0
0.05726,1,0,DONE,4194304,4194304,4194304,28270287849,-1,0
0.05726,2,0,DONE,4194304,4194304,4194304,10035354119,-1,0
0.05726,3,0,DONE,4194304,4194304,4194304,7472990551,-1,0
0.05728,0,0,INJECTING,732261799,732261799,5027229095,317046480964,-1,0
0.05728,1,0,DONE,4194304,4194304,4194304,28270287849,-1,0
0.05728,2,0,DONE,4194304,4194304,4194304,10035354119,-1,0
0.05728,3,0,DONE,4194304,4194304,4194304,7472990551,-1,0
0.0573,0,0,INJECTING,732261799,732261799,5027229095,317046480964,-1,0
0.0573,1,0,DONE,4194304,4194304,4194304,28270287849,-1,0
0.0573,2,0,DONE,4194304,4194304,4194304,10035354119,-1,0
0.0573,3,0,DONE,4194304,4194304,4194304,7472990551,-1,0
0.05732,0,0,INJECTING,732261799,732261799,5027229095,317046480964,-1,0
0.05732,1,0,DONE,4194304,4194304,4194304,28270287849,-1,0
0.05732,2,0,DONE,4194304,4194304,4194304,10035354119,-1,0
0.05732,3,0,DONE,4194304,4194304,4194304,7472990551,-1,0
0.05734,0,0,INJECTING,732261799,732261799,5027229095,317046480964,-1,0
0.05734,1,0,DONE,4194304,4194304,4194304,28270287849,-1,0
0.05734,2,0,DONE,4194304,4194304,4194304,10035354119,-1,0
0.05734,3,0,DONE,4194304,4194304,4194304,7472990551,-1,0
0.05736,0,0,INJECTING,732261799,732261799,5027229095,317046480964,-1,0
0.05736,1,0,DONE,4194304,4194304,4194304,28270287849,-1,0
0.05736,2,0,DONE,4194304,4194304,4194304,10035354119,-1,0
0.05736,3,0,DONE,4194304,4194304,4194304,7472990551,-1,0
0.05738,0,0,INJECTING,732261799,732261799,5027229095,317046480964,-1,0
0.05738,1,0,DONE,4194304,4194304,4194304,28270287849,-1,0
0.05738,2,0,DONE,4194304,4194304,4194304,10035354119,-1,0
0.05738,3,0,DONE,4194304,4194304,4194304,7472990551,-1,0
0.0574,0,0,INJECTING,732261799,732261799,5027229095,317046480964,-1,0
0.0574,1,0,DONE,4194304,4194304,4194304,28270287849,-1,0
0.0574,2,0,DONE,4194304,4194304,4194304,10035354119,-1,0
0.0574,3,0,DONE,4194304,4194304,4194304,7472990551,-1,0
0.05742,0,0,INJECTING,732261799,732261799,5027229095,317046480964,-1,0
0.05742,1,0,DONE,4194304,4194304,4194304,28270287849,-1,0
0.05742,2,0,DONE,4194304,4194304,4194304,10035354119,-1,0
0.05742,3,0,DONE,4194304,4194304,4194304,7472990551,-1,0
0.05744,0,0,INJECTING,732261799,732261799,5027229095,317046480964,-1,0
0.05744,1,0,DONE,4194304,4194304,4194304,28270287849,-1,0
0.05744,2,0,DONE,4194304,4194304,4194304,10035354119,-1,0
0.05744,3,0,DONE,4194304,4194304,4194304,7472990551,-1,0
0.05746,0,0,INJECTING,732261799,732261799,5027229095,317046480964,-1,0
0.05746,1,0,DONE,4194304,4194304,4194304,28270287849,-1,0
0.05746,2,0,DONE,4194304,4194304,4194304,10035354119,-1,0
0.05746,3,0,DONE,4194304,4194304,4194304,7472990551,-1,0
0.05748,0,0,INJECTING,732261799,732261799,5027229095,317046480964,-1,0
0.05748,1,0,DONE,4194304,4194304,4194304,28270287849,-1,0
0.05748,2,0,DONE,4194304,4194304,4194304,10035354119,-1,0
0.05748,3,0,DONE,4194304,4194304,4194304,7472990551,-1,0
0.0575,0,0,INJECTING,732261799,732261799,5027229095,317046480964,-1,0
0.0575,1,0,DONE,4194304,4194304,4194304,28270287849,-1,0
0.0575,2,0,DONE,4194304,4194304,4194304,10035354119,-1,0
0.0575,3,0,DONE,4194304,4194304,4194304,7472990551,-1,0
0.05752,0,0,INJECTING,732261799,732261799,5027229095,317046480964,-1,0
0.05752,1,0,DONE,4194304,4194304,4194304,28270287849,-1,0
0.05752,2,0,DONE,4194304,4194304,4194304,10035354119,-1,0
0.05752,3,0,DONE,4194304,4194304,4194304,7472990551,-1,0
0.05754,0,0,INJECTING,732261799,732261799,5027229095,317046480964,-1,0
0.05754,1,0,DONE,4194304,4194304,4194304,28270287849,-1,0
0.05754,2,0,DONE,4194304,4194304,4194304,10035354119,-1,0
0.05754,3,0,DONE,4194304,4194304,4194304,7472990551,-1,0
0.05756,0,0,INJECTING,732261799,732261799,5027229095,317046480964,-1,0
0.05756,1,0,DONE,4194304,4194304,4194304,28270287849,-1,0
0.05756,2,0,DONE,4194304,4194304,4194304,10035354119,-1,0
0.05756,3,0,DONE,4194304,4194304,4194304,7472990551,-1,0
0.05758,0,0,INJECTING,732261799,732261799,5027229095,317046480964,-1,0
0.05758,1,0,DONE,4194304,4194304,4194304,28270287849,-1,0
0.05758,2,0,DONE,4194304,4194304,4194304,10035354119,-1,0
0.05758,3,0,DONE,4194304,4194304,4194304,7472990551,-1,0
0.0576,0,0,INJECTING,732261799,732261799,5027229095,317046480964,-1,0
0.0576,1,0,DONE,4194304,4194304,4194304,28270287849,-1,0
0.0576,2,0,DONE,4194304,4194304,4194304,10035354119,-1,0
0.0576,3,0,DONE,4194304,4194304,4194304,7472990551,-1,0
0.05762,0,0,INJECTING,732261799,732261799,5027229095,317046480964,-1,0
0.05762,1,0,DONE,4194304,4194304,4194304,28270287849,-1,0
0.05762,2,0,DONE,4194304,4194304,4194304,10035354119,-1,0
0.05762,3,0,DONE,4194304,4194304,4194304,7472990551,-1,0
0.05764,0,0,INJECTING,732261799,732261799,5027229095,317046480964,-1,0
0.05764,1,0,DONE,4194304,4194304,4194304,28270287849,-1,0
0.05764,2,0,DONE,4194304,4194304,4194304,10035354119,-1,0
0.05764,3,0,DONE,4194304,4194304,4194304,7472990551,-1,0
0.05766,0,0,INJECTING,732261799,732261799,5027229095,317046480964,-1,0
0.05766,1,0,DONE,4194304,4194304,4194304,28270287849,-1,0
0.05766,2,0,DONE,4194304,4194304,4194304,10035354119,-1,0
0.05766,3,0,DONE,4194304,4194304,4194304,7472990551,-1,0
0.05768,0,0,INJECTING,732261799,732261799,5027229095,317046480964,-1,0
0.05768,1,0,DONE,4194304,4194304,4194304,28270287849,-1,0
0.05768,2,0,DONE,4194304,4194304,4194304,10035354119,-1,0
0.05768,3,0,DONE,4194304,4194304,4194304,7472990551,-1,0
0.0577,0,0,INJECTING,732261799,732261799,5027229095,317046480964,-1,0
0.0577,1,0,DONE,4194304,4194304,4194304,28270287849,-1,0
0.0577,2,0,DONE,4194304,4194304,4194304,10035354119,-1,0
0.0577,3,0,DONE,4194304,4194304,4194304,7472990551,-1,0
0.05772,0,0,INJECTING,732261799,732261799,5027229095,317046480964,-1,0
0.05772,1,0,DONE,4194304,4194304,4194304,28270287849,-1,0
0.05772,2,0,DONE,4194304,4194304,4194304,10035354119,-1,0
0.05772,3,0,DONE,4194304,4194304,4194304,7472990551,-1,0
0.05774,0,0,INJECTING,732261799,732261799,5027229095,317046480964,-1,0
0.05774,1,0,DONE,4194304,4194304,4194304,28270287849,-1,0
0.05774,2,0,DONE,4194304,4194304,4194304,10035354119,-1,0
0.05774,3,0,DONE,4194304,4194304,4194304,7472990551,-1,0
0.05776,0,0,INJECTING,732261799,732261799,5027229095,317046480964,-1,0
0.05776,1,0,DONE,4194304,4194304,4194304,28270287849,-1,0
0.05776,2,0,DONE,4194304,4194304,4194304,10035354119,-1,0
0.05776,3,0,DONE,4194304,4194304,4194304,7472990551,-1,0
0.05778,0,0,INJECTING,732261799,732261799,5027229095,317046480964,-1,0
0.05778,1,0,DONE,4194304,4194304,4194304,28270287849,-1,0
0.05778,2,0,DONE,4194304,4194304,4194304,10035354119,-1,0
0.05778,3,0,DONE,4194304,4194304,4194304,7472990551,-1,0
0.0578,0,0,INJECTING,732261799,732261799,5027229095,317046480964,-1,0
0.0578,1,0,DONE,4194304,4194304,4194304,28270287849,-1,0
0.0578,2,0,DONE,4194304,4194304,4194304,10035354119,-1,0
0.0578,3,0,DONE,4194304,4194304,4194304,7472990551,-1,0
0.05782,0,0,INJECTING,732261799,732261799,5027229095,317046480964,-1,0
0.05782,1,0,DONE,4194304,4194304,4194304,28270287849,-1,0
0.05782,2,0,DONE,4194304,4194304,4194304,10035354119,-1,0
0.05782,3,0,DONE,4194304,4194304,4194304,7472990551,-1,0
0.05784,0,0,INJECTING,732261799,732261799,5027229095,317046480964,-1,0
0.05784,1,0,DONE,4194304,4194304,4194304,28270287849,-1,0
0.05784,2,0,DONE,4194304,4194304,4194304,10035354119,-1,0
0.05784,3,0,DONE,4194304,4194304,4194304,7472990551,-1,0
0.05786,0,0,INJECTING,732261799,732261799,5027229095,317046480964,-1,0
0.05786,1,0,DONE,4194304,4194304,4194304,28270287849,-1,0
0.05786,2,0,DONE,4194304,4194304,4194304,10035354119,-1,0
0.05786,3,0,DONE,4194304,4194304,4194304,7472990551,-1,0
0.05788,0,0,INJECTING,732261799,732261799,5027229095,317046480964,-1,0
0.05788,1,0,DONE,4194304,4194304,4194304,28270287849,-1,0
0.05788,2,0,DONE,4194304,4194304,4194304,10035354119,-1,0
0.05788,3,0,DONE,4194304,4194304,4194304,7472990551,-1,0
0.0579,0,0,INJECTING,732261799,732261799,5027229095,317046480964,-1,0
0.0579,1,0,DONE,4194304,4194304,4194304,28270287849,-1,0
0.0579,2,0,DONE,4194304,4194304,4194304,10035354119,-1,0
0.0579,3,0,DONE,4194304,4194304,4194304,7472990551,-1,0
0.05792,0,0,INJECTING,732261799,732261799,5027229095,317046480964,-1,0
0.05792,1,0,DONE,4194304,4194304,4194304,28270287849,-1,0
0.05792,2,0,DONE,4194304,4194304,4194304,10035354119,-1,0
0.05792,3,0,DONE,4194304,4194304,4194304,7472990551,-1,0
0.05794,0,0,INJECTING,732261799,732261799,5027229095,317046480964,-1,0
0.05794,1,0,DONE,4194304,4194304,4194304,28270287849,-1,0
0.05794,2,0,DONE,4194304,4194304,4194304,10035354119,-1,0
0.05794,3,0,DONE,4194304,4194304,4194304,7472990551,-1,0
0.05796,0,0,INJECTING,732261799,732261799,5027229095,317046480964,-1,0
0.05796,1,0,DONE,4194304,4194304,4194304,28270287849,-1,0
0.05796,2,0,DONE,4194304,4194304,4194304,10035354119,-1,0
0.05796,3,0,DONE,4194304,4194304,4194304,7472990551,-1,0
0.05798,0,0,INJECTING,732261799,732261799,5027229095,317046480964,-1,0
0.05798,1,0,DONE,4194304,4194304,4194304,28270287849,-1,0
0.05798,2,0,DONE,4194304,4194304,4194304,10035354119,-1,0
0.05798,3,0,DONE,4194304,4194304,4194304,7472990551,-1,0
0.058,0,0,INJECTING,732261799,732261799,5027229095,317046480964,-1,0
0.058,1,0,DONE,4194304,4194304,4194304,28270287849,-1,0
0.058,2,0,DONE,4194304,4194304,4194304,10035354119,-1,0
0.058,3,0,DONE,4194304,4194304,4194304,7472990551,-1,0
0.05802,0,0,INJECTING,732261799,732261799,5027229095,317046480964,-1,0
0.05802,1,0,DONE,4194304,4194304,4194304,28270287849,-1,0
0.05802,2,0,DONE,4194304,4194304,4194304,10035354119,-1,0
0.05802,3,0,DONE,4194304,4194304,4194304,7472990551,-1,0
0.05804,0,0,INJECTING,732261799,732261799,5027229095,317046480964,-1,0
0.05804,1,0,DONE,4194304,4194304,4194304,28270287849,-1,0
0.05804,2,0,DONE,4194304,4194304,4194304,10035354119,-1,0
0.05804,3,0,DONE,4194304,4194304,4194304,7472990551,-1,0
0.05806,0,0,INJECTING,732261799,732261799,5027229095,317046480964,-1,0
0.05806,1,0,DONE,4194304,4194304,4194304,28270287849,-1,0
0.05806,2,0,DONE,4194304,4194304,4194304,10035354119,-1,0
0.05806,3,0,DONE,4194304,4194304,4194304,7472990551,-1,0
0.05808,0,0,INJECTING,732261799,732261799,5027229095,317046480964,-1,0
0.05808,1,0,DONE,4194304,4194304,4194304,28270287849,-1,0
0.05808,2,0,DONE,4194304,4194304,4194304,10035354119,-1,0
0.05808,3,0,DONE,4194304,4194304,4194304,7472990551,-1,0
0.0581,0,0,INJECTING,732261799,732261799,5027229095,317046480964,-1,0
0.0581,1,0,DONE,4194304,4194304,4194304,28270287849,-1,0
0.0581,2,0,DONE,4194304,4194304,4194304,10035354119,-1,0
0.0581,3,0,DONE,4194304,4194304,4194304,7472990551,-1,0
0.05812,0,0,INJECTING,732261799,732261799,5027229095,317046480964,-1,0
0.05812,1,0,DONE,4194304,4194304,4194304,28270287849,-1,0
0.05812,2,0,DONE,4194304,4194304,4194304,10035354119,-1,0
0.05812,3,0,DONE,4194304,4194304,4194304,7472990551,-1,0
0.05814,0,0,INJECTING,732261799,732261799,5027229095,317046480964,-1,0
0.05814,1,0,DONE,4194304,4194304,4194304,28270287849,-1,0
0.05814,2,0,DONE,4194304,4194304,4194304,10035354119,-1,0
0.05814,3,0,DONE,4194304,4194304,4194304,7472990551,-1,0
0.05816,0,0,INJECTING,732261799,732261799,5027229095,317046480964,-1,0
0.05816,1,0,DONE,4194304,4194304,4194304,28270287849,-1,0
0.05816,2,0,DONE,4194304,4194304,4194304,10035354119,-1,0
0.05816,3,0,DONE,4194304,4194304,4194304,7472990551,-1,0
0.05818,0,0,INJECTING,732261799,732261799,5027229095,317046480964,-1,0
0.05818,1,0,DONE,4194304,4194304,4194304,28270287849,-1,0
0.05818,2,0,DONE,4194304,4194304,4194304,10035354119,-1,0
0.05818,3,0,DONE,4194304,4194304,4194304,7472990551,-1,0
0.0582,0,0,INJECTING,732261799,732261799,5027229095,317046480964,-1,0
0.0582,1,0,DONE,4194304,4194304,4194304,28270287849,-1,0
0.0582,2,0,DONE,4194304,4194304,4194304,10035354119,-1,0
0.0582,3,0,DONE,4194304,4194304,4194304,7472990551,-1,0
0.05822,0,0,INJECTING,732261799,732261799,5027229095,317046480964,-1,0
0.05822,1,0,DONE,4194304,4194304,4194304,28270287849,-1,0
0.05822,2,0,DONE,4194304,4194304,4194304,10035354119,-1,0
0.05822,3,0,DONE,4194304,4194304,4194304,7472990551,-1,0
0.05824,0,0,INJECTING,732261799,732261799,5027229095,317046480964,-1,0
0.05824,1,0,DONE,4194304,4194304,4194304,28270287849,-1,0
0.05824,2,0,DONE,4194304,4194304,4194304,10035354119,-1,0
0.05824,3,0,DONE,4194304,4194304,4194304,7472990551,-1,0
0.05826,0,0,INJECTING,732261799,732261799,5027229095,317046480964,-1,0
0.05826,1,0,DONE,4194304,4194304,4194304,28270287849,-1,0
0.05826,2,0,DONE,4194304,4194304,4194304,10035354119,-1,0
0.05826,3,0,DONE,4194304,4194304,4194304,7472990551,-1,0
0.05828,0,0,INJECTING,732261799,732261799,5027229095,317046480964,-1,0
0.05828,1,0,DONE,4194304,4194304,4194304,28270287849,-1,0
0.05828,2,0,DONE,4194304,4194304,4194304,10035354119,-1,0
0.05828,3,0,DONE,4194304,4194304,4194304,7472990551,-1,0
0.0583,0,0,INJECTING,732261799,732261799,5027229095,317046480964,-1,0
0.0583,1,0,DONE,4194304,4194304,4194304,28270287849,-1,0
0.0583,2,0,DONE,4194304,4194304,4194304,10035354119,-1,0
0.0583,3,0,DONE,4194304,4194304,4194304,7472990551,-1,0
0.05832,0,0,INJECTING,732261799,732261799,5027229095,317046480964,-1,0
0.05832,1,0,DONE,4194304,4194304,4194304,28270287849,-1,0
0.05832,2,0,DONE,4194304,4194304,4194304,10035354119,-1,0
0.05832,3,0,DONE,4194304,4194304,4194304,7472990551,-1,0
0.05834,0,0,INJECTING,732261799,732261799,5027229095,317046480964,-1,0
0.05834,1,0,DONE,4194304,4194304,4194304,28270287849,-1,0
0.05834,2,0,DONE,4194304,4194304,4194304,10035354119,-1,0
0.05834,3,0,DONE,4194304,4194304,4194304,7472990551,-1,0
0.05836,0,0,INJECTING,732261799,732261799,5027229095,317046480964,-1,0
0.05836,1,0,DONE,4194304,4194304,4194304,28270287849,-1,0
0.05836,2,0,DONE,4194304,4194304,4194304,10035354119,-1,0
0.05836,3,0,DONE,4194304,4194304,4194304,7472990551,-1,0
0.05838,0,0,INJECTING,732261799,732261799,5027229095,317046480964,-1,0
0.05838,1,0,DONE,4194304,4194304,4194304,28270287849,-1,0
0.05838,2,0,DONE,4194304,4194304,4194304,10035354119,-1,0
0.05838,3,0,DONE,4194304,4194304,4194304,7472990551,-1,0
0.0584,0,0,INJECTING,732261799,732261799,5027229095,317046480964,-1,0
0.0584,1,0,DONE,4194304,4194304,4194304,28270287849,-1,0
0.0584,2,0,DONE,4194304,4194304,4194304,10035354119,-1,0
0.0584,3,0,DONE,4194304,4194304,4194304,7472990551,-1,0
0.05842,0,0,INJECTING,732261799,732261799,5027229095,317046480964,-1,0
0.05842,1,0,DONE,4194304,4194304,4194304,28270287849,-1,0
0.05842,2,0,DONE,4194304,4194304,4194304,10035354119,-1,0
0.05842,3,0,DONE,4194304,4194304,4194304,7472990551,-1,0
0.05844,0,0,INJECTING,732261799,732261799,5027229095,317046480964,-1,0
0.05844,1,0,DONE,4194304,4194304,4194304,28270287849,-1,0
0.05844,2,0,DONE,4194304,4194304,4194304,10035354119,-1,0
0.05844,3,0,DONE,4194304,4194304,4194304,7472990551,-1,0
0.05846,0,0,INJECTING,732261799,732261799,5027229095,317046480964,-1,0
0.05846,1,0,DONE,4194304,4194304,4194304,28270287849,-1,0
0.05846,2,0,DONE,4194304,4194304,4194304,10035354119,-1,0
0.05846,3,0,DONE,4194304,4194304,4194304,7472990551,-1,0
0.05848,0,0,INJECTING,732261799,732261799,5027229095,317046480964,-1,0
0.05848,1,0,DONE,4194304,4194304,4194304,28270287849,-1,0
0.05848,2,0,DONE,4194304,4194304,4194304,10035354119,-1,0
0.05848,3,0,DONE,4194304,4194304,4194304,7472990551,-1,0
0.0585,0,0,INJECTING,732261799,732261799,5027229095,317046480964,-1,0
0.0585,1,0,DONE,4194304,4194304,4194304,28270287849,-1,0
0.0585,2,0,DONE,4194304,4194304,4194304,10035354119,-1,0
0.0585,3,0,DONE,4194304,4194304,4194304,7472990551,-1,0
0.05852,0,0,INJECTING,732261799,732261799,5027229095,317046480964,-1,0
0.05852,1,0,DONE,4194304,4194304,4194304,28270287849,-1,0
0.05852,2,0,DONE,4194304,4194304,4194304,10035354119,-1,0
0.05852,3,0,DONE,4194304,4194304,4194304,7472990551,-1,0
0.05854,0,0,INJECTING,732261799,732261799,5027229095,317046480964,-1,0
0.05854,1,0,DONE,4194304,4194304,4194304,28270287849,-1,0
0.05854,2,0,DONE,4194304,4194304,4194304,10035354119,-1,0
0.05854,3,0,DONE,4194304,4194304,4194304,7472990551,-1,0
0.05856,0,0,INJECTING,732261799,732261799,5027229095,317046480964,-1,0
0.05856,1,0,DONE,4194304,4194304,4194304,28270287849,-1,0
0.05856,2,0,DONE,4194304,4194304,4194304,10035354119,-1,0
0.05856,3,0,DONE,4194304,4194304,4194304,7472990551,-1,0
0.05858,0,0,INJECTING,732261799,732261799,5027229095,317046480964,-1,0
0.05858,1,0,DONE,4194304,4194304,4194304,28270287849,-1,0
0.05858,2,0,DONE,4194304,4194304,4194304,10035354119,-1,0
0.05858,3,0,DONE,4194304,4194304,4194304,7472990551,-1,0
0.0586,0,0,INJECTING,732261799,732261799,5027229095,317046480964,-1,0
0.0586,1,0,DONE,4194304,4194304,4194304,28270287849,-1,0
0.0586,2,0,DONE,4194304,4194304,4194304,10035354119,-1,0
0.0586,3,0,DONE,4194304,4194304,4194304,7472990551,-1,0
0.05862,0,0,INJECTING,732261799,732261799,5027229095,317046480964,-1,0
0.05862,1,0,DONE,4194304,4194304,4194304,28270287849,-1,0
0.05862,2,0,DONE,4194304,4194304,4194304,10035354119,-1,0
0.05862,3,0,DONE,4194304,4194304,4194304,7472990551,-1,0
0.05864,0,0,INJECTING,732261799,732261799,5027229095,317046480964,-1,0
0.05864,1,0,DONE,4194304,4194304,4194304,28270287849,-1,0
0.05864,2,0,DONE,4194304,4194304,4194304,10035354119,-1,0
0.05864,3,0,DONE,4194304,4194304,4194304,7472990551,-1,0
0.05866,0,0,INJECTING,732261799,732261799,5027229095,317046480964,-1,0
0.05866,1,0,DONE,4194304,4194304,4194304,28270287849,-1,0
0.05866,2,0,DONE,4194304,4194304,4194304,10035354119,-1,0
0.05866,3,0,DONE,4194304,4194304,4194304,7472990551,-1,0
0.05868,0,0,INJECTING,732261799,732261799,5027229095,317046480964,-1,0
0.05868,1,0,DONE,4194304,4194304,4194304,28270287849,-1,0
0.05868,2,0,DONE,4194304,4194304,4194304,10035354119,-1,0
0.05868,3,0,DONE,4194304,4194304,4194304,7472990551,-1,0
0.0587,0,0,INJECTING,732261799,732261799,5027229095,317046480964,-1,0
0.0587,1,0,DONE,4194304,4194304,4194304,28270287849,-1,0
0.0587,2,0,DONE,4194304,4194304,4194304,10035354119,-1,0
0.0587,3,0,DONE,4194304,4194304,4194304,7472990551,-1,0
0.05872,0,0,INJECTING,732261799,732261799,5027229095,317046480964,-1,0
0.05872,1,0,DONE,4194304,4194304,4194304,28270287849,-1,0
0.05872,2,0,DONE,4194304,4194304,4194304,10035354119,-1,0
0.05872,3,0,DONE,4194304,4194304,4194304,7472990551,-1,0
0.05874,0,0,INJECTING,732261799,732261799,5027229095,317046480964,-1,0
0.05874,1,0,DONE,4194304,4194304,4194304,28270287849,-1,0
0.05874,2,0,DONE,4194304,4194304,4194304,10035354119,-1,0
0.05874,3,0,DONE,4194304,4194304,4194304,7472990551,-1,0
0.05876,0,0,INJECTING,732261799,732261799,5027229095,317046480964,-1,0
0.05876,1,0,DONE,4194304,4194304,4194304,28270287849,-1,0
0.05876,2,0,DONE,4194304,4194304,4194304,10035354119,-1,0
0.05876,3,0,DONE,4194304,4194304,4194304,7472990551,-1,0
0.05878,0,0,INJECTING,732261799,732261799,5027229095,317046480964,-1,0
0.05878,1,0,DONE,4194304,4194304,4194304,28270287849,-1,0
0.05878,2,0,DONE,4194304,4194304,4194304,10035354119,-1,0
0.05878,3,0,DONE,4194304,4194304,4194304,7472990551,-1,0
0.0588,0,0,INJECTING,732261799,732261799,5027229095,317046480964,-1,0
0.0588,1,0,DONE,4194304,4194304,4194304,28270287849,-1,0
0.0588,2,0,DONE,4194304,4194304,4194304,10035354119,-1,0
0.0588,3,0,DONE,4194304,4194304,4194304,7472990551,-1,0
0.05882,0,0,INJECTING,732261799,732261799,5027229095,317046480964,-1,0
0.05882,1,0,DONE,4194304,4194304,4194304,28270287849,-1,0
0.05882,2,0,DONE,4194304,4194304,4194304,10035354119,-1,0
0.05882,3,0,DONE,4194304,4194304,4194304,7472990551,-1,0
0.05884,0,0,INJECTING,732261799,732261799,5027229095,317046480964,-1,0
0.05884,1,0,DONE,4194304,4194304,4194304,28270287849,-1,0
0.05884,2,0,DONE,4194304,4194304,4194304,10035354119,-1,0
0.05884,3,0,DONE,4194304,4194304,4194304,7472990551,-1,0
0.05886,0,0,INJECTING,732261799,732261799,5027229095,317046480964,-1,0
0.05886,1,0,DONE,4194304,4194304,4194304,28270287849,-1,0
0.05886,2,0,DONE,4194304,4194304,4194304,10035354119,-1,0
0.05886,3,0,DONE,4194304,4194304,4194304,7472990551,-1,0
0.05888,0,0,INJECTING,732261799,732261799,5027229095,317046480964,-1,0
0.05888,1,0,DONE,4194304,4194304,4194304,28270287849,-1,0
0.05888,2,0,DONE,4194304,4194304,4194304,10035354119,-1,0
0.05888,3,0,DONE,4194304,4194304,4194304,7472990551,-1,0
0.0589,0,0,INJECTING,732261799,732261799,5027229095,317046480964,-1,0
0.0589,1,0,DONE,4194304,4194304,4194304,28270287849,-1,0
0.0589,2,0,DONE,4194304,4194304,4194304,10035354119,-1,0
0.0589,3,0,DONE,4194304,4194304,4194304,7472990551,-1,0
0.05892,0,0,INJECTING,732261799,732261799,5027229095,317046480964,-1,0
0.05892,1,0,DONE,4194304,4194304,4194304,28270287849,-1,0
0.05892,2,0,DONE,4194304,4194304,4194304,10035354119,-1,0
0.05892,3,0,DONE,4194304,4194304,4194304,7472990551,-1,0
0.05894,0,0,INJECTING,732261799,732261799,5027229095,317046480964,-1,0
0.05894,1,0,DONE,4194304,4194304,4194304,28270287849,-1,0
0.05894,2,0,DONE,4194304,4194304,4194304,10035354119,-1,0
0.05894,3,0,DONE,4194304,4194304,4194304,7472990551,-1,0
0.05896,0,0,INJECTING,732261799,732261799,5027229095,317046480964,-1,0
0.05896,1,0,DONE,4194304,4194304,4194304,28270287849,-1,0
0.05896,2,0,DONE,4194304,4194304,4194304,10035354119,-1,0
0.05896,3,0,DONE,4194304,4194304,4194304,7472990551,-1,0
0.05898,0,0,INJECTING,732261799,732261799,5027229095,317046480964,-1,0
0.05898,1,0,DONE,4194304,4194304,4194304,28270287849,-1,0
0.05898,2,0,DONE,4194304,4194304,4194304,10035354119,-1,0
0.05898,3,0,DONE,4194304,4194304,4194304,7472990551,-1,0
0.059,0,0,INJECTING,732261799,732261799,5027229095,317046480964,-1,0
0.059,1,0,DONE,4194304,4194304,4194304,28270287849,-1,0
0.059,2,0,DONE,4194304,4194304,4194304,10035354119,-1,0
0.059,3,0,DONE,4194304,4194304,4194304,7472990551,-1,0
0.05902,0,0,INJECTING,732261799,732261799,5027229095,317046480964,-1,0
0.05902,1,0,DONE,4194304,4194304,4194304,28270287849,-1,0
0.05902,2,0,DONE,4194304,4194304,4194304,10035354119,-1,0
0.05902,3,0,DONE,4194304,4194304,4194304,7472990551,-1,0
0.05904,0,0,INJECTING,732261799,732261799,5027229095,317046480964,-1,0
0.05904,1,0,DONE,4194304,4194304,4194304,28270287849,-1,0
0.05904,2,0,DONE,4194304,4194304,4194304,10035354119,-1,0
0.05904,3,0,DONE,4194304,4194304,4194304,7472990551,-1,0
0.05906,0,0,INJECTING,732261799,732261799,5027229095,317046480964,-1,0
0.05906,1,0,DONE,4194304,4194304,4194304,28270287849,-1,0
0.05906,2,0,DONE,4194304,4194304,4194304,10035354119,-1,0
0.05906,3,0,DONE,4194304,4194304,4194304,7472990551,-1,0
0.05908,0,0,INJECTING,732261799,732261799,5027229095,317046480964,-1,0
0.05908,1,0,DONE,4194304,4194304,4194304,28270287849,-1,0
0.05908,2,0,DONE,4194304,4194304,4194304,10035354119,-1,0
0.05908,3,0,DONE,4194304,4194304,4194304,7472990551,-1,0
0.0591,0,0,INJECTING,732261799,732261799,5027229095,317046480964,-1,0
0.0591,1,0,DONE,4194304,4194304,4194304,28270287849,-1,0
0.0591,2,0,DONE,4194304,4194304,4194304,10035354119,-1,0
0.0591,3,0,DONE,4194304,4194304,4194304,7472990551,-1,0
0.05912,0,0,INJECTING,732261799,732261799,5027229095,317046480964,-1,0
0.05912,1,0,DONE,4194304,4194304,4194304,28270287849,-1,0
0.05912,2,0,DONE,4194304,4194304,4194304,10035354119,-1,0
0.05912,3,0,DONE,4194304,4194304,4194304,7472990551,-1,0
0.05914,0,0,INJECTING,732261799,732261799,5027229095,317046480964,-1,0
0.05914,1,0,DONE,4194304,4194304,4194304,28270287849,-1,0
0.05914,2,0,DONE,4194304,4194304,4194304,10035354119,-1,0
0.05914,3,0,DONE,4194304,4194304,4194304,7472990551,-1,0
0.05916,0,0,INJECTING,732261799,732261799,5027229095,317046480964,-1,0
0.05916,1,0,DONE,4194304,4194304,4194304,28270287849,-1,0
0.05916,2,0,DONE,4194304,4194304,4194304,10035354119,-1,0
0.05916,3,0,DONE,4194304,4194304,4194304,7472990551,-1,0
0.05918,0,0,INJECTING,732261799,732261799,5027229095,317046480964,-1,0
0.05918,1,0,DONE,4194304,4194304,4194304,28270287849,-1,0
0.05918,2,0,DONE,4194304,4194304,4194304,10035354119,-1,0
0.05918,3,0,DONE,4194304,4194304,4194304,7472990551,-1,0
0.0592,0,0,INJECTING,732261799,732261799,5027229095,317046480964,-1,0
0.0592,1,0,DONE,4194304,4194304,4194304,28270287849,-1,0
0.0592,2,0,DONE,4194304,4194304,4194304,10035354119,-1,0
0.0592,3,0,DONE,4194304,4194304,4194304,7472990551,-1,0
0.05922,0,0,INJECTING,732261799,732261799,5027229095,317046480964,-1,0
0.05922,1,0,DONE,4194304,4194304,4194304,28270287849,-1,0
0.05922,2,0,DONE,4194304,4194304,4194304,10035354119,-1,0
0.05922,3,0,DONE,4194304,4194304,4194304,7472990551,-1,0
0.05924,0,0,INJECTING,732261799,732261799,5027229095,317046480964,-1,0
0.05924,1,0,DONE,4194304,4194304,4194304,28270287849,-1,0
0.05924,2,0,DONE,4194304,4194304,4194304,10035354119,-1,0
0.05924,3,0,DONE,4194304,4194304,4194304,7472990551,-1,0
0.05926,0,0,INJECTING,732261799,732261799,5027229095,317046480964,-1,0
0.05926,1,0,DONE,4194304,4194304,4194304,28270287849,-1,0
0.05926,2,0,DONE,4194304,4194304,4194304,10035354119,-1,0
0.05926,3,0,DONE,4194304,4194304,4194304,7472990551,-1,0
0.05928,0,0,INJECTING,732261799,732261799,5027229095,317046480964,-1,0
0.05928,1,0,DONE,4194304,4194304,4194304,28270287849,-1,0
0.05928,2,0,DONE,4194304,4194304,4194304,10035354119,-1,0
0.05928,3,0,DONE,4194304,4194304,4194304,7472990551,-1,0
0.0593,0,0,INJECTING,732261799,732261799,5027229095,317046480964,-1,0
0.0593,1,0,DONE,4194304,4194304,4194304,28270287849,-1,0
0.0593,2,0,DONE,4194304,4194304,4194304,10035354119,-1,0
0.0593,3,0,DONE,4194304,4194304,4194304,7472990551,-1,0
0.05932,0,0,INJECTING,732261799,732261799,5027229095,317046480964,-1,0
0.05932,1,0,DONE,4194304,4194304,4194304,28270287849,-1,0
0.05932,2,0,DONE,4194304,4194304,4194304,10035354119,-1,0
0.05932,3,0,DONE,4194304,4194304,4194304,7472990551,-1,0
0.05934,0,0,INJECTING,732261799,732261799,5027229095,317046480964,-1,0
0.05934,1,0,DONE,4194304,4194304,4194304,28270287849,-1,0
0.05934,2,0,DONE,4194304,4194304,4194304,10035354119,-1,0
0.05934,3,0,DONE,4194304,4194304,4194304,7472990551,-1,0
0.05936,0,0,INJECTING,732261799,732261799,5027229095,317046480964,-1,0
0.05936,1,0,DONE,4194304,4194304,4194304,28270287849,-1,0
0.05936,2,0,DONE,4194304,4194304,4194304,10035354119,-1,0
0.05936,3,0,DONE,4194304,4194304,4194304,7472990551,-1,0
0.05938,0,0,INJECTING,732261799,732261799,5027229095,317046480964,-1,0
0.05938,1,0,DONE,4194304,4194304,4194304,28270287849,-1,0
0.05938,2,0,DONE,4194304,4194304,4194304,10035354119,-1,0
0.05938,3,0,DONE,4194304,4194304,4194304,7472990551,-1,0
0.0594,0,0,INJECTING,732261799,732261799,5027229095,317046480964,-1,0
0.0594,1,0,DONE,4194304,4194304,4194304,28270287849,-1,0
0.0594,2,0,DONE,4194304,4194304,4194304,10035354119,-1,0
0.0594,3,0,DONE,4194304,4194304,4194304,7472990551,-1,0
0.05942,0,0,INJECTING,732261799,732261799,5027229095,317046480964,-1,0
0.05942,1,0,DONE,4194304,4194304,4194304,28270287849,-1,0
0.05942,2,0,DONE,4194304,4194304,4194304,10035354119,-1,0
0.05942,3,0,DONE,4194304,4194304,4194304,7472990551,-1,0
0.05944,0,0,INJECTING,732261799,732261799,5027229095,317046480964,-1,0
0.05944,1,0,DONE,4194304,4194304,4194304,28270287849,-1,0
0.05944,2,0,DONE,4194304,4194304,4194304,10035354119,-1,0
0.05944,3,0,DONE,4194304,4194304,4194304,7472990551,-1,0
0.05946,0,0,INJECTING,732261799,732261799,5027229095,317046480964,-1,0
0.05946,1,0,DONE,4194304,4194304,4194304,28270287849,-1,0
0.05946,2,0,DONE,4194304,4194304,4194304,10035354119,-1,0
0.05946,3,0,DONE,4194304,4194304,4194304,7472990551,-1,0
0.05948,0,0,INJECTING,732261799,732261799,5027229095,317046480964,-1,0
0.05948,1,0,DONE,4194304,4194304,4194304,28270287849,-1,0
0.05948,2,0,DONE,4194304,4194304,4194304,10035354119,-1,0
0.05948,3,0,DONE,4194304,4194304,4194304,7472990551,-1,0
0.0595,0,0,INJECTING,732261799,732261799,5027229095,317046480964,-1,0
0.0595,1,0,DONE,4194304,4194304,4194304,28270287849,-1,0
0.0595,2,0,DONE,4194304,4194304,4194304,10035354119,-1,0
0.0595,3,0,DONE,4194304,4194304,4194304,7472990551,-1,0
0.05952,0,0,INJECTING,732261799,732261799,5027229095,317046480964,-1,0
0.05952,1,0,DONE,4194304,4194304,4194304,28270287849,-1,0
0.05952,2,0,DONE,4194304,4194304,4194304,10035354119,-1,0
0.05952,3,0,DONE,4194304,4194304,4194304,7472990551,-1,0
0.05954,0,0,INJECTING,732261799,732261799,5027229095,317046480964,-1,0
0.05954,1,0,DONE,4194304,4194304,4194304,28270287849,-1,0
0.05954,2,0,DONE,4194304,4194304,4194304,10035354119,-1,0
0.05954,3,0,DONE,4194304,4194304,4194304,7472990551,-1,0
0.05956,0,0,INJECTING,732261799,732261799,5027229095,317046480964,-1,0
0.05956,1,0,DONE,4194304,4194304,4194304,28270287849,-1,0
0.05956,2,0,DONE,4194304,4194304,4194304,10035354119,-1,0
0.05956,3,0,DONE,4194304,4194304,4194304,7472990551,-1,0
0.05958,0,0,INJECTING,732261799,732261799,5027229095,317046480964,-1,0
0.05958,1,0,DONE,4194304,4194304,4194304,28270287849,-1,0
0.05958,2,0,DONE,4194304,4194304,4194304,10035354119,-1,0
0.05958,3,0,DONE,4194304,4194304,4194304,7472990551,-1,0
0.0596,0,0,INJECTING,732261799,732261799,5027229095,317046480964,-1,0
0.0596,1,0,DONE,4194304,4194304,4194304,28270287849,-1,0
0.0596,2,0,DONE,4194304,4194304,4194304,10035354119,-1,0
0.0596,3,0,DONE,4194304,4194304,4194304,7472990551,-1,0
0.05962,0,0,INJECTING,732261799,732261799,5027229095,317046480964,-1,0
0.05962,1,0,DONE,4194304,4194304,4194304,28270287849,-1,0
0.05962,2,0,DONE,4194304,4194304,4194304,10035354119,-1,0
0.05962,3,0,DONE,4194304,4194304,4194304,7472990551,-1,0
0.05964,0,0,INJECTING,732261799,732261799,5027229095,317046480964,-1,0
0.05964,1,0,DONE,4194304,4194304,4194304,28270287849,-1,0
0.05964,2,0,DONE,4194304,4194304,4194304,10035354119,-1,0
0.05964,3,0,DONE,4194304,4194304,4194304,7472990551,-1,0
0.05966,0,0,INJECTING,732261799,732261799,5027229095,317046480964,-1,0
0.05966,1,0,DONE,4194304,4194304,4194304,28270287849,-1,0
0.05966,2,0,DONE,4194304,4194304,4194304,10035354119,-1,0
0.05966,3,0,DONE,4194304,4194304,4194304,7472990551,-1,0
0.05968,0,0,INJECTING,732261799,732261799,5027229095,317046480964,-1,0
0.05968,1,0,DONE,4194304,4194304,4194304,28270287849,-1,0
0.05968,2,0,DONE,4194304,4194304,4194304,10035354119,-1,0
0.05968,3,0,DONE,4194304,4194304,4194304,7472990551,-1,0
0.0597,0,0,INJECTING,732261799,732261799,5027229095,317046480964,-1,0
0.0597,1,0,DONE,4194304,4194304,4194304,28270287849,-1,0
0.0597,2,0,DONE,4194304,4194304,4194304,10035354119,-1,0
0.0597,3,0,DONE,4194304,4194304,4194304,7472990551,-1,0
0.05972,0,0,INJECTING,732261799,732261799,5027229095,317046480964,-1,0
0.05972,1,0,DONE,4194304,4194304,4194304,28270287849,-1,0
0.05972,2,0,DONE,4194304,4194304,4194304,10035354119,-1,0
0.05972,3,0,DONE,4194304,4194304,4194304,7472990551,-1,0
0.05974,0,0,INJECTING,732261799,732261799,5027229095,317046480964,-1,0
0.05974,1,0,DONE,4194304,4194304,4194304,28270287849,-1,0
0.05974,2,0,DONE,4194304,4194304,4194304,10035354119,-1,0
0.05974,3,0,DONE,4194304,4194304,4194304,7472990551,-1,0
0.05976,0,0,INJECTING,732261799,732261799,5027229095,317046480964,-1,0
0.05976,1,0,DONE,4194304,4194304,4194304,28270287849,-1,0
0.05976,2,0,DONE,4194304,4194304,4194304,10035354119,-1,0
0.05976,3,0,DONE,4194304,4194304,4194304,7472990551,-1,0
0.05978,0,0,INJECTING,732261799,732261799,5027229095,317046480964,-1,0
0.05978,1,0,DONE,4194304,4194304,4194304,28270287849,-1,0
0.05978,2,0,DONE,4194304,4194304,4194304,10035354119,-1,0
0.05978,3,0,DONE,4194304,4194304,4194304,7472990551,-1,0
0.0598,0,0,INJECTING,732261799,732261799,5027229095,317046480964,-1,0
0.0598,1,0,DONE,4194304,4194304,4194304,28270287849,-1,0
0.0598,2,0,DONE,4194304,4194304,4194304,10035354119,-1,0
0.0598,3,0,DONE,4194304,4194304,4194304,7472990551,-1,0
0.05982,0,0,INJECTING,732261799,732261799,5027229095,317046480964,-1,0
0.05982,1,0,DONE,4194304,4194304,4194304,28270287849,-1,0
0.05982,2,0,DONE,4194304,4194304,4194304,10035354119,-1,0
0.05982,3,0,DONE,4194304,4194304,4194304,7472990551,-1,0
0.05984,0,0,INJECTING,732261799,732261799,5027229095,317046480964,-1,0
0.05984,1,0,DONE,4194304,4194304,4194304,28270287849,-1,0
0.05984,2,0,DONE,4194304,4194304,4194304,10035354119,-1,0
0.05984,3,0,DONE,4194304,4194304,4194304,7472990551,-1,0
0.05986,0,0,INJECTING,732261799,732261799,5027229095,317046480964,-1,0
0.05986,1,0,DONE,4194304,4194304,4194304,28270287849,-1,0
0.05986,2,0,DONE,4194304,4194304,4194304,10035354119,-1,0
0.05986,3,0,DONE,4194304,4194304,4194304,7472990551,-1,0
0.05988,0,0,INJECTING,732261799,732261799,5027229095,317046480964,-1,0
0.05988,1,0,DONE,4194304,4194304,4194304,28270287849,-1,0
0.05988,2,0,DONE,4194304,4194304,4194304,10035354119,-1,0
0.05988,3,0,DONE,4194304,4194304,4194304,7472990551,-1,0
0.0599,0,0,INJECTING,732261799,732261799,5027229095,317046480964,-1,0
0.0599,1,0,DONE,4194304,4194304,4194304,28270287849,-1,0
0.0599,2,0,DONE,4194304,4194304,4194304,10035354119,-1,0
0.0599,3,0,DONE,4194304,4194304,4194304,7472990551,-1,0
0.05992,0,0,INJECTING,732261799,732261799,5027229095,317046480964,-1,0
0.05992,1,0,DONE,4194304,4194304,4194304,28270287849,-1,0
0.05992,2,0,DONE,4194304,4194304,4194304,10035354119,-1,0
0.05992,3,0,DONE,4194304,4194304,4194304,7472990551,-1,0
0.05994,0,0,INJECTING,732261799,732261799,5027229095,317046480964,-1,0
0.05994,1,0,DONE,4194304,4194304,4194304,28270287849,-1,0
0.05994,2,0,DONE,4194304,4194304,4194304,10035354119,-1,0
0.05994,3,0,DONE,4194304,4194304,4194304,7472990551,-1,0
0.05996,0,0,INJECTING,732261799,732261799,5027229095,317046480964,-1,0
0.05996,1,0,DONE,4194304,4194304,4194304,28270287849,-1,0
0.05996,2,0,DONE,4194304,4194304,4194304,10035354119,-1,0
0.05996,3,0,DONE,4194304,4194304,4194304,7472990551,-1,0
0.05998,0,0,INJECTING,732261799,732261799,5027229095,317046480964,-1,0
0.05998,1,0,DONE,4194304,4194304,4194304,28270287849,-1,0
0.05998,2,0,DONE,4194304,4194304,4194304,10035354119,-1,0
0.05998,3,0,DONE,4194304,4194304,4194304,7472990551,-1,0
0.06,0,0,INJECTING,732261799,732261799,5027229095,317046480964,-1,0
0.06,1,0,DONE,4194304,4194304,4194304,28270287849,-1,0
0.06,2,0,DONE,4194304,4194304,4194304,10035354119,-1,0
0.06,3,0,DONE,4194304,4194304,4194304,7472990551,-1,0
0.06002,0,0,INJECTING,732261799,732261799,5027229095,317046480964,-1,0
0.06002,1,0,DONE,4194304,4194304,4194304,28270287849,-1,0
0.06002,2,0,DONE,4194304,4194304,4194304,10035354119,-1,0
0.06002,3,0,DONE,4194304,4194304,4194304,7472990551,-1,0
0.06004,0,0,INJECTING,732261799,732261799,5027229095,317046480964,-1,0
0.06004,1,0,DONE,4194304,4194304,4194304,28270287849,-1,0
0.06004,2,0,DONE,4194304,4194304,4194304,10035354119,-1,0
0.06004,3,0,DONE,4194304,4194304,4194304,7472990551,-1,0
0.06006,0,0,INJECTING,732261799,732261799,5027229095,317046480964,-1,0
0.06006,1,0,DONE,4194304,4194304,4194304,28270287849,-1,0
0.06006,2,0,DONE,4194304,4194304,4194304,10035354119,-1,0
0.06006,3,0,DONE,4194304,4194304,4194304,7472990551,-1,0
0.06008,0,0,INJECTING,732261799,732261799,5027229095,317046480964,-1,0
0.06008,1,0,DONE,4194304,4194304,4194304,28270287849,-1,0
0.06008,2,0,DONE,4194304,4194304,4194304,10035354119,-1,0
0.06008,3,0,DONE,4194304,4194304,4194304,7472990551,-1,0
0.0601,0,0,INJECTING,732261799,732261799,5027229095,317046480964,-1,0
0.0601,1,0,DONE,4194304,4194304,4194304,28270287849,-1,0
0.0601,2,0,DONE,4194304,4194304,4194304,10035354119,-1,0
0.0601,3,0,DONE,4194304,4194304,4194304,7472990551,-1,0
0.06012,0,0,INJECTING,732261799,732261799,5027229095,317046480964,-1,0
0.06012,1,0,DONE,4194304,4194304,4194304,28270287849,-1,0
0.06012,2,0,DONE,4194304,4194304,4194304,10035354119,-1,0
0.06012,3,0,DONE,4194304,4194304,4194304,7472990551,-1,0
0.06014,0,0,INJECTING,732261799,732261799,5027229095,317046480964,-1,0
0.06014,1,0,DONE,4194304,4194304,4194304,28270287849,-1,0
0.06014,2,0,DONE,4194304,4194304,4194304,10035354119,-1,0
0.06014,3,0,DONE,4194304,4194304,4194304,7472990551,-1,0
0.06016,0,0,INJECTING,732261799,732261799,5027229095,317046480964,-1,0
0.06016,1,0,DONE,4194304,4194304,4194304,28270287849,-1,0
0.06016,2,0,DONE,4194304,4194304,4194304,10035354119,-1,0
0.06016,3,0,DONE,4194304,4194304,4194304,7472990551,-1,0
0.06018,0,0,INJECTING,732261799,732261799,5027229095,317046480964,-1,0
0.06018,1,0,DONE,4194304,4194304,4194304,28270287849,-1,0
0.06018,2,0,DONE,4194304,4194304,4194304,10035354119,-1,0
0.06018,3,0,DONE,4194304,4194304,4194304,7472990551,-1,0
0.0602,0,0,INJECTING,732261799,732261799,5027229095,317046480964,-1,0
0.0602,1,0,DONE,4194304,4194304,4194304,28270287849,-1,0
0.0602,2,0,DONE,4194304,4194304,4194304,10035354119,-1,0
0.0602,3,0,DONE,4194304,4194304,4194304,7472990551,-1,0
0.06022,0,0,INJECTING,732261799,732261799,5027229095,317046480964,-1,0
0.06022,1,0,DONE,4194304,4194304,4194304,28270287849,-1,0
0.06022,2,0,DONE,4194304,4194304,4194304,10035354119,-1,0
0.06022,3,0,DONE,4194304,4194304,4194304,7472990551,-1,0
0.06024,0,0,INJECTING,732261799,732261799,5027229095,317046480964,-1,0
0.06024,1,0,DONE,4194304,4194304,4194304,28270287849,-1,0
0.06024,2,0,DONE,4194304,4194304,4194304,10035354119,-1,0
0.06024,3,0,DONE,4194304,4194304,4194304,7472990551,-1,0
0.06026,0,0,INJECTING,732261799,732261799,5027229095,317046480964,-1,0
0.06026,1,0,DONE,4194304,4194304,4194304,28270287849,-1,0
0.06026,2,0,DONE,4194304,4194304,4194304,10035354119,-1,0
0.06026,3,0,DONE,4194304,4194304,4194304,7472990551,-1,0
0.06028,0,0,INJECTING,732261799,732261799,5027229095,317046480964,-1,0
0.06028,1,0,DONE,4194304,4194304,4194304,28270287849,-1,0
0.06028,2,0,DONE,4194304,4194304,4194304,10035354119,-1,0
0.06028,3,0,DONE,4194304,4194304,4194304,7472990551,-1,0
0.0603,0,0,INJECTING,732261799,732261799,5027229095,317046480964,-1,0
0.0603,1,0,DONE,4194304,4194304,4194304,28270287849,-1,0
0.0603,2,0,DONE,4194304,4194304,4194304,10035354119,-1,0
0.0603,3,0,DONE,4194304,4194304,4194304,7472990551,-1,0
0.06032,0,0,INJECTING,732261799,732261799,5027229095,317046480964,-1,0
0.06032,1,0,DONE,4194304,4194304,4194304,28270287849,-1,0
0.06032,2,0,DONE,4194304,4194304,4194304,10035354119,-1,0
0.06032,3,0,DONE,4194304,4194304,4194304,7472990551,-1,0
0.06034,0,0,INJECTING,732261799,732261799,5027229095,317046480964,-1,0
0.06034,1,0,DONE,4194304,4194304,4194304,28270287849,-1,0
0.06034,2,0,DONE,4194304,4194304,4194304,10035354119,-1,0
0.06034,3,0,DONE,4194304,4194304,4194304,7472990551,-1,0
0.06036,0,0,INJECTING,732261799,732261799,5027229095,317046480964,-1,0
0.06036,1,0,DONE,4194304,4194304,4194304,28270287849,-1,0
0.06036,2,0,DONE,4194304,4194304,4194304,10035354119,-1,0
0.06036,3,0,DONE,4194304,4194304,4194304,7472990551,-1,0
0.06038,0,0,INJECTING,732261799,732261799,5027229095,317046480964,-1,0
0.06038,1,0,DONE,4194304,4194304,4194304,28270287849,-1,0
0.06038,2,0,DONE,4194304,4194304,4194304,10035354119,-1,0
0.06038,3,0,DONE,4194304,4194304,4194304,7472990551,-1,0
0.0604,0,0,INJECTING,732261799,732261799,5027229095,317046480964,-1,0
0.0604,1,0,DONE,4194304,4194304,4194304,28270287849,-1,0
0.0604,2,0,DONE,4194304,4194304,4194304,10035354119,-1,0
0.0604,3,0,DONE,4194304,4194304,4194304,7472990551,-1,0
0.06042,0,0,INJECTING,732261799,732261799,5027229095,317046480964,-1,0
0.06042,1,0,DONE,4194304,4194304,4194304,28270287849,-1,0
0.06042,2,0,DONE,4194304,4194304,4194304,10035354119,-1,0
0.06042,3,0,DONE,4194304,4194304,4194304,7472990551,-1,0
0.06044,0,0,INJECTING,732261799,732261799,5027229095,317046480964,-1,0
0.06044,1,0,DONE,4194304,4194304,4194304,28270287849,-1,0
0.06044,2,0,DONE,4194304,4194304,4194304,10035354119,-1,0
0.06044,3,0,DONE,4194304,4194304,4194304,7472990551,-1,0
0.06046,0,0,INJECTING,732261799,732261799,5027229095,317046480964,-1,0
0.06046,1,0,DONE,4194304,4194304,4194304,28270287849,-1,0
0.06046,2,0,DONE,4194304,4194304,4194304,10035354119,-1,0
0.06046,3,0,DONE,4194304,4194304,4194304,7472990551,-1,0
0.06048,0,0,INJECTING,732261799,732261799,5027229095,317046480964,-1,0
0.06048,1,0,DONE,4194304,4194304,4194304,28270287849,-1,0
0.06048,2,0,DONE,4194304,4194304,4194304,10035354119,-1,0
0.06048,3,0,DONE,4194304,4194304,4194304,7472990551,-1,0
0.0605,0,0,INJECTING,732261799,732261799,5027229095,317046480964,-1,0
0.0605,1,0,DONE,4194304,4194304,4194304,28270287849,-1,0
0.0605,2,0,DONE,4194304,4194304,4194304,10035354119,-1,0
0.0605,3,0,DONE,4194304,4194304,4194304,7472990551,-1,0
0.06052,0,0,INJECTING,732261799,732261799,5027229095,317046480964,-1,0
0.06052,1,0,DONE,4194304,4194304,4194304,28270287849,-1,0
0.06052,2,0,DONE,4194304,4194304,4194304,10035354119,-1,0
0.06052,3,0,DONE,4194304,4194304,4194304,7472990551,-1,0
0.06054,0,0,INJECTING,732261799,732261799,5027229095,317046480964,-1,0
0.06054,1,0,DONE,4194304,4194304,4194304,28270287849,-1,0
0.06054,2,0,DONE,4194304,4194304,4194304,10035354119,-1,0
0.06054,3,0,DONE,4194304,4194304,4194304,7472990551,-1,0
0.06056,0,0,INJECTING,732261799,732261799,5027229095,317046480964,-1,0
0.06056,1,0,DONE,4194304,4194304,4194304,28270287849,-1,0
0.06056,2,0,DONE,4194304,4194304,4194304,10035354119,-1,0
0.06056,3,0,DONE,4194304,4194304,4194304,7472990551,-1,0
0.06058,0,0,INJECTING,732261799,732261799,5027229095,317046480964,-1,0
0.06058,1,0,DONE,4194304,4194304,4194304,28270287849,-1,0
0.06058,2,0,DONE,4194304,4194304,4194304,10035354119,-1,0
0.06058,3,0,DONE,4194304,4194304,4194304,7472990551,-1,0
0.0606,0,0,INJECTING,732261799,732261799,5027229095,317046480964,-1,0
0.0606,1,0,DONE,4194304,4194304,4194304,28270287849,-1,0
0.0606,2,0,DONE,4194304,4194304,4194304,10035354119,-1,0
0.0606,3,0,DONE,4194304,4194304,4194304,7472990551,-1,0
0.06062,0,0,INJECTING,732261799,732261799,5027229095,317046480964,-1,0
0.06062,1,0,DONE,4194304,4194304,4194304,28270287849,-1,0
0.06062,2,0,DONE,4194304,4194304,4194304,10035354119,-1,0
0.06062,3,0,DONE,4194304,4194304,4194304,7472990551,-1,0
0.06064,0,0,INJECTING,732261799,732261799,5027229095,317046480964,-1,0
0.06064,1,0,DONE,4194304,4194304,4194304,28270287849,-1,0
0.06064,2,0,DONE,4194304,4194304,4194304,10035354119,-1,0
0.06064,3,0,DONE,4194304,4194304,4194304,7472990551,-1,0
0.06066,0,0,INJECTING,732261799,732261799,5027229095,317046480964,-1,0
0.06066,1,0,DONE,4194304,4194304,4194304,28270287849,-1,0
0.06066,2,0,DONE,4194304,4194304,4194304,10035354119,-1,0
0.06066,3,0,DONE,4194304,4194304,4194304,7472990551,-1,0
0.06068,0,0,INJECTING,732261799,732261799,5027229095,317046480964,-1,0
0.06068,1,0,DONE,4194304,4194304,4194304,28270287849,-1,0
0.06068,2,0,DONE,4194304,4194304,4194304,10035354119,-1,0
0.06068,3,0,DONE,4194304,4194304,4194304,7472990551,-1,0
0.0607,0,0,INJECTING,732261799,732261799,5027229095,317046480964,-1,0
0.0607,1,0,DONE,4194304,4194304,4194304,28270287849,-1,0
0.0607,2,0,DONE,4194304,4194304,4194304,10035354119,-1,0
0.0607,3,0,DONE,4194304,4194304,4194304,7472990551,-1,0
0.06072,0,0,INJECTING,732261799,732261799,5027229095,317046480964,-1,0
0.06072,1,0,DONE,4194304,4194304,4194304,28270287849,-1,0
0.06072,2,0,DONE,4194304,4194304,4194304,10035354119,-1,0
0.06072,3,0,DONE,4194304,4194304,4194304,7472990551,-1,0
0.06074,0,0,INJECTING,732261799,732261799,5027229095,317046480964,-1,0
0.06074,1,0,DONE,4194304,4194304,4194304,28270287849,-1,0
0.06074,2,0,DONE,4194304,4194304,4194304,10035354119,-1,0
0.06074,3,0,DONE,4194304,4194304,4194304,7472990551,-1,0
0.06076,0,0,INJECTING,732261799,732261799,5027229095,317046480964,-1,0
0.06076,1,0,DONE,4194304,4194304,4194304,28270287849,-1,0
0.06076,2,0,DONE,4194304,4194304,4194304,10035354119,-1,0
0.06076,3,0,DONE,4194304,4194304,4194304,7472990551,-1,0
0.06078,0,0,INJECTING,732261799,732261799,5027229095,317046480964,-1,0
0.06078,1,0,DONE,4194304,4194304,4194304,28270287849,-1,0
0.06078,2,0,DONE,4194304,4194304,4194304,10035354119,-1,0
0.06078,3,0,DONE,4194304,4194304,4194304,7472990551,-1,0
0.0608,0,0,INJECTING,732261799,732261799,5027229095,317046480964,-1,0
0.0608,1,0,DONE,4194304,4194304,4194304,28270287849,-1,0
0.0608,2,0,DONE,4194304,4194304,4194304,10035354119,-1,0
0.0608,3,0,DONE,4194304,4194304,4194304,7472990551,-1,0
0.06082,0,0,INJECTING,732261799,732261799,5027229095,317046480964,-1,0
0.06082,1,0,DONE,4194304,4194304,4194304,28270287849,-1,0
0.06082,2,0,DONE,4194304,4194304,4194304,10035354119,-1,0
0.06082,3,0,DONE,4194304,4194304,4194304,7472990551,-1,0
0.06084,0,0,INJECTING,732261799,732261799,5027229095,317046480964,-1,0
0.06084,1,0,DONE,4194304,4194304,4194304,28270287849,-1,0
0.06084,2,0,DONE,4194304,4194304,4194304,10035354119,-1,0
0.06084,3,0,DONE,4194304,4194304,4194304,7472990551,-1,0
0.06086,0,0,INJECTING,732261799,732261799,5027229095,317046480964,-1,0
0.06086,1,0,DONE,4194304,4194304,4194304,28270287849,-1,0
0.06086,2,0,DONE,4194304,4194304,4194304,10035354119,-1,0
0.06086,3,0,DONE,4194304,4194304,4194304,7472990551,-1,0
0.06088,0,0,INJECTING,732261799,732261799,5027229095,317046480964,-1,0
0.06088,1,0,DONE,4194304,4194304,4194304,28270287849,-1,0
0.06088,2,0,DONE,4194304,4194304,4194304,10035354119,-1,0
0.06088,3,0,DONE,4194304,4194304,4194304,7472990551,-1,0
0.0609,0,0,INJECTING,732261799,732261799,5027229095,317046480964,-1,0
0.0609,1,0,DONE,4194304,4194304,4194304,28270287849,-1,0
0.0609,2,0,DONE,4194304,4194304,4194304,10035354119,-1,0
0.0609,3,0,DONE,4194304,4194304,4194304,7472990551,-1,0
0.06092,0,0,INJECTING,732261799,732261799,5027229095,317046480964,-1,0
0.06092,1,0,DONE,4194304,4194304,4194304,28270287849,-1,0
0.06092,2,0,DONE,4194304,4194304,4194304,10035354119,-1,0
0.06092,3,0,DONE,4194304,4194304,4194304,7472990551,-1,0
0.06094,0,0,INJECTING,732261799,732261799,5027229095,317046480964,-1,0
0.06094,1,0,DONE,4194304,4194304,4194304,28270287849,-1,0
0.06094,2,0,DONE,4194304,4194304,4194304,10035354119,-1,0
0.06094,3,0,DONE,4194304,4194304,4194304,7472990551,-1,0
0.06096,0,0,INJECTING,732261799,732261799,5027229095,317046480964,-1,0
0.06096,1,0,DONE,4194304,4194304,4194304,28270287849,-1,0
0.06096,2,0,DONE,4194304,4194304,4194304,10035354119,-1,0
0.06096,3,0,DONE,4194304,4194304,4194304,7472990551,-1,0
0.06098,0,0,INJECTING,732261799,732261799,5027229095,317046480964,-1,0
0.06098,1,0,DONE,4194304,4194304,4194304,28270287849,-1,0
0.06098,2,0,DONE,4194304,4194304,4194304,10035354119,-1,0
0.06098,3,0,DONE,4194304,4194304,4194304,7472990551,-1,0
0.061,0,0,INJECTING,732261799,732261799,5027229095,317046480964,-1,0
0.061,1,0,DONE,4194304,4194304,4194304,28270287849,-1,0
0.061,2,0,DONE,4194304,4194304,4194304,10035354119,-1,0
0.061,3,0,DONE,4194304,4194304,4194304,7472990551,-1,0
0.06102,0,0,INJECTING,732261799,732261799,5027229095,317046480964,-1,0
0.06102,1,0,DONE,4194304,4194304,4194304,28270287849,-1,0
0.06102,2,0,DONE,4194304,4194304,4194304,10035354119,-1,0
0.06102,3,0,DONE,4194304,4194304,4194304,7472990551,-1,0
0.06104,0,0,INJECTING,732261799,732261799,5027229095,317046480964,-1,0
0.06104,1,0,DONE,4194304,4194304,4194304,28270287849,-1,0
0.06104,2,0,DONE,4194304,4194304,4194304,10035354119,-1,0
0.06104,3,0,DONE,4194304,4194304,4194304,7472990551,-1,0
0.06106,0,0,INJECTING,732261799,732261799,5027229095,317046480964,-1,0
0.06106,1,0,DONE,4194304,4194304,4194304,28270287849,-1,0
0.06106,2,0,DONE,4194304,4194304,4194304,10035354119,-1,0
0.06106,3,0,DONE,4194304,4194304,4194304,7472990551,-1,0
0.06108,0,0,INJECTING,732261799,732261799,5027229095,317046480964,-1,0
0.06108,1,0,DONE,4194304,4194304,4194304,28270287849,-1,0
0.06108,2,0,DONE,4194304,4194304,4194304,10035354119,-1,0
0.06108,3,0,DONE,4194304,4194304,4194304,7472990551,-1,0
0.0611,0,0,INJECTING,732261799,732261799,5027229095,317046480964,-1,0
0.0611,1,0,DONE,4194304,4194304,4194304,28270287849,-1,0
0.0611,2,0,DONE,4194304,4194304,4194304,10035354119,-1,0
0.0611,3,0,DONE,4194304,4194304,4194304,7472990551,-1,0
0.06112,0,0,INJECTING,732261799,732261799,5027229095,317046480964,-1,0
0.06112,1,0,DONE,4194304,4194304,4194304,28270287849,-1,0
0.06112,2,0,DONE,4194304,4194304,4194304,10035354119,-1,0
0.06112,3,0,DONE,4194304,4194304,4194304,7472990551,-1,0
0.06114,0,0,INJECTING,732261799,732261799,5027229095,317046480964,-1,0
0.06114,1,0,DONE,4194304,4194304,4194304,28270287849,-1,0
0.06114,2,0,DONE,4194304,4194304,4194304,10035354119,-1,0
0.06114,3,0,DONE,4194304,4194304,4194304,7472990551,-1,0
0.06116,0,0,INJECTING,732261799,732261799,5027229095,317046480964,-1,0
0.06116,1,0,DONE,4194304,4194304,4194304,28270287849,-1,0
0.06116,2,0,DONE,4194304,4194304,4194304,10035354119,-1,0
0.06116,3,0,DONE,4194304,4194304,4194304,7472990551,-1,0
0.06118,0,0,INJECTING,732261799,732261799,5027229095,317046480964,-1,0
0.06118,1,0,DONE,4194304,4194304,4194304,28270287849,-1,0
0.06118,2,0,DONE,4194304,4194304,4194304,10035354119,-1,0
0.06118,3,0,DONE,4194304,4194304,4194304,7472990551,-1,0
0.0612,0,0,INJECTING,732261799,732261799,5027229095,317046480964,-1,0
0.0612,1,0,DONE,4194304,4194304,4194304,28270287849,-1,0
0.0612,2,0,DONE,4194304,4194304,4194304,10035354119,-1,0
0.0612,3,0,DONE,4194304,4194304,4194304,7472990551,-1,0
0.06122,0,0,INJECTING,732261799,732261799,5027229095,317046480964,-1,0
0.06122,1,0,DONE,4194304,4194304,4194304,28270287849,-1,0
0.06122,2,0,DONE,4194304,4194304,4194304,10035354119,-1,0
0.06122,3,0,DONE,4194304,4194304,4194304,7472990551,-1,0
0.06124,0,0,INJECTING,732261799,732261799,5027229095,317046480964,-1,0
0.06124,1,0,DONE,4194304,4194304,4194304,28270287849,-1,0
0.06124,2,0,DONE,4194304,4194304,4194304,10035354119,-1,0
0.06124,3,0,DONE,4194304,4194304,4194304,7472990551,-1,0
0.06126,0,0,INJECTING,732261799,732261799,5027229095,317046480964,-1,0
0.06126,1,0,DONE,4194304,4194304,4194304,28270287849,-1,0
0.06126,2,0,DONE,4194304,4194304,4194304,10035354119,-1,0
0.06126,3,0,DONE,4194304,4194304,4194304,7472990551,-1,0
0.06128,0,0,INJECTING,732261799,732261799,5027229095,317046480964,-1,0
0.06128,1,0,DONE,4194304,4194304,4194304,28270287849,-1,0
0.06128,2,0,DONE,4194304,4194304,4194304,10035354119,-1,0
0.06128,3,0,DONE,4194304,4194304,4194304,7472990551,-1,0
0.0613,0,0,INJECTING,732261799,732261799,5027229095,317046480964,-1,0
0.0613,1,0,DONE,4194304,4194304,4194304,28270287849,-1,0
0.0613,2,0,DONE,4194304,4194304,4194304,10035354119,-1,0
0.0613,3,0,DONE,4194304,4194304,4194304,7472990551,-1,0
0.06132,0,0,INJECTING,732261799,732261799,5027229095,317046480964,-1,0
0.06132,1,0,DONE,4194304,4194304,4194304,28270287849,-1,0
0.06132,2,0,DONE,4194304,4194304,4194304,10035354119,-1,0
0.06132,3,0,DONE,4194304,4194304,4194304,7472990551,-1,0
0.06134,0,0,INJECTING,732261799,732261799,5027229095,317046480964,-1,0
0.06134,1,0,DONE,4194304,4194304,4194304,28270287849,-1,0
0.06134,2,0,DONE,4194304,4194304,4194304,10035354119,-1,0
0.06134,3,0,DONE,4194304,4194304,4194304,7472990551,-1,0
0.06136,0,0,INJECTING,732261799,732261799,5027229095,317046480964,-1,0
0.06136,1,0,DONE,4194304,4194304,4194304,28270287849,-1,0
0.06136,2,0,DONE,4194304,4194304,4194304,10035354119,-1,0
0.06136,3,0,DONE,4194304,4194304,4194304,7472990551,-1,0
0.06138,0,0,INJECTING,732261799,732261799,5027229095,317046480964,-1,0
0.06138,1,0,DONE,4194304,4194304,4194304,28270287849,-1,0
0.06138,2,0,DONE,4194304,4194304,4194304,10035354119,-1,0
0.06138,3,0,DONE,4194304,4194304,4194304,7472990551,-1,0
0.0614,0,0,INJECTING,732261799,732261799,5027229095,317046480964,-1,0
0.0614,1,0,DONE,4194304,4194304,4194304,28270287849,-1,0
0.0614,2,0,DONE,4194304,4194304,4194304,10035354119,-1,0
0.0614,3,0,DONE,4194304,4194304,4194304,7472990551,-1,0
0.06142,0,0,INJECTING,732261799,732261799,5027229095,317046480964,-1,0
0.06142,1,0,DONE,4194304,4194304,4194304,28270287849,-1,0
0.06142,2,0,DONE,4194304,4194304,4194304,10035354119,-1,0
0.06142,3,0,DONE,4194304,4194304,4194304,7472990551,-1,0
0.06144,0,0,INJECTING,732261799,732261799,5027229095,317046480964,-1,0
0.06144,1,0,DONE,4194304,4194304,4194304,28270287849,-1,0
0.06144,2,0,DONE,4194304,4194304,4194304,10035354119,-1,0
0.06144,3,0,DONE,4194304,4194304,4194304,7472990551,-1,0
0.06146,0,0,INJECTING,732261799,732261799,5027229095,317046480964,-1,0
0.06146,1,0,DONE,4194304,4194304,4194304,28270287849,-1,0
0.06146,2,0,DONE,4194304,4194304,4194304,10035354119,-1,0
0.06146,3,0,DONE,4194304,4194304,4194304,7472990551,-1,0
0.06148,0,0,INJECTING,732261799,732261799,5027229095,317046480964,-1,0
0.06148,1,0,DONE,4194304,4194304,4194304,28270287849,-1,0
0.06148,2,0,DONE,4194304,4194304,4194304,10035354119,-1,0
0.06148,3,0,DONE,4194304,4194304,4194304,7472990551,-1,0
0.0615,0,0,INJECTING,732261799,732261799,5027229095,317046480964,-1,0
0.0615,1,0,DONE,4194304,4194304,4194304,28270287849,-1,0
0.0615,2,0,DONE,4194304,4194304,4194304,10035354119,-1,0
0.0615,3,0,DONE,4194304,4194304,4194304,7472990551,-1,0
0.06152,0,0,INJECTING,732261799,732261799,5027229095,317046480964,-1,0
0.06152,1,0,DONE,4194304,4194304,4194304,28270287849,-1,0
0.06152,2,0,DONE,4194304,4194304,4194304,10035354119,-1,0
0.06152,3,0,DONE,4194304,4194304,4194304,7472990551,-1,0
0.06154,0,0,INJECTING,732261799,732261799,5027229095,317046480964,-1,0
0.06154,1,0,DONE,4194304,4194304,4194304,28270287849,-1,0
0.06154,2,0,DONE,4194304,4194304,4194304,10035354119,-1,0
0.06154,3,0,DONE,4194304,4194304,4194304,7472990551,-1,0
0.06156,0,0,INJECTING,732261799,732261799,5027229095,317046480964,-1,0
0.06156,1,0,DONE,4194304,4194304,4194304,28270287849,-1,0
0.06156,2,0,DONE,4194304,4194304,4194304,10035354119,-1,0
0.06156,3,0,DONE,4194304,4194304,4194304,7472990551,-1,0
0.06158,0,0,INJECTING,732261799,732261799,5027229095,317046480964,-1,0
0.06158,1,0,DONE,4194304,4194304,4194304,28270287849,-1,0
0.06158,2,0,DONE,4194304,4194304,4194304,10035354119,-1,0
0.06158,3,0,DONE,4194304,4194304,4194304,7472990551,-1,0
0.0616,0,0,INJECTING,732261799,732261799,5027229095,317046480964,-1,0
0.0616,1,0,DONE,4194304,4194304,4194304,28270287849,-1,0
0.0616,2,0,DONE,4194304,4194304,4194304,10035354119,-1,0
0.0616,3,0,DONE,4194304,4194304,4194304,7472990551,-1,0
0.06162,0,0,INJECTING,732261799,732261799,5027229095,317046480964,-1,0
0.06162,1,0,DONE,4194304,4194304,4194304,28270287849,-1,0
0.06162,2,0,DONE,4194304,4194304,4194304,10035354119,-1,0
0.06162,3,0,DONE,4194304,4194304,4194304,7472990551,-1,0
0.06164,0,0,INJECTING,732261799,732261799,5027229095,317046480964,-1,0
0.06164,1,0,DONE,4194304,4194304,4194304,28270287849,-1,0
0.06164,2,0,DONE,4194304,4194304,4194304,10035354119,-1,0
0.06164,3,0,DONE,4194304,4194304,4194304,7472990551,-1,0
0.06166,0,0,INJECTING,732261799,732261799,5027229095,317046480964,-1,0
0.06166,1,0,DONE,4194304,4194304,4194304,28270287849,-1,0
0.06166,2,0,DONE,4194304,4194304,4194304,10035354119,-1,0
0.06166,3,0,DONE,4194304,4194304,4194304,7472990551,-1,0
0.06168,0,0,INJECTING,732261799,732261799,5027229095,317046480964,-1,0
0.06168,1,0,DONE,4194304,4194304,4194304,28270287849,-1,0
0.06168,2,0,DONE,4194304,4194304,4194304,10035354119,-1,0
0.06168,3,0,DONE,4194304,4194304,4194304,7472990551,-1,0
0.0617,0,0,INJECTING,732261799,732261799,5027229095,317046480964,-1,0
0.0617,1,0,DONE,4194304,4194304,4194304,28270287849,-1,0
0.0617,2,0,DONE,4194304,4194304,4194304,10035354119,-1,0
0.0617,3,0,DONE,4194304,4194304,4194304,7472990551,-1,0
0.06172,0,0,INJECTING,732261799,732261799,5027229095,317046480964,-1,0
0.06172,1,0,DONE,4194304,4194304,4194304,28270287849,-1,0
0.06172,2,0,DONE,4194304,4194304,4194304,10035354119,-1,0
0.06172,3,0,DONE,4194304,4194304,4194304,7472990551,-1,0
0.06174,0,0,INJECTING,732261799,732261799,5027229095,317046480964,-1,0
0.06174,1,0,DONE,4194304,4194304,4194304,28270287849,-1,0
0.06174,2,0,DONE,4194304,4194304,4194304,10035354119,-1,0
0.06174,3,0,DONE,4194304,4194304,4194304,7472990551,-1,0
0.06176,0,0,INJECTING,732261799,732261799,5027229095,317046480964,-1,0
0.06176,1,0,DONE,4194304,4194304,4194304,28270287849,-1,0
0.06176,2,0,DONE,4194304,4194304,4194304,10035354119,-1,0
0.06176,3,0,DONE,4194304,4194304,4194304,7472990551,-1,0
0.06178,0,0,INJECTING,732261799,732261799,5027229095,317046480964,-1,0
0.06178,1,0,DONE,4194304,4194304,4194304,28270287849,-1,0
0.06178,2,0,DONE,4194304,4194304,4194304,10035354119,-1,0
0.06178,3,0,DONE,4194304,4194304,4194304,7472990551,-1,0
0.0618,0,0,INJECTING,732261799,732261799,5027229095,317046480964,-1,0
0.0618,1,0,DONE,4194304,4194304,4194304,28270287849,-1,0
0.0618,2,0,DONE,4194304,4194304,4194304,10035354119,-1,0
0.0618,3,0,DONE,4194304,4194304,4194304,7472990551,-1,0
0.06182,0,0,INJECTING,732261799,732261799,5027229095,317046480964,-1,0
0.06182,1,0,DONE,4194304,4194304,4194304,28270287849,-1,0
0.06182,2,0,DONE,4194304,4194304,4194304,10035354119,-1,0
0.06182,3,0,DONE,4194304,4194304,4194304,7472990551,-1,0
0.06184,0,0,INJECTING,732261799,732261799,5027229095,317046480964,-1,0
0.06184,1,0,DONE,4194304,4194304,4194304,28270287849,-1,0
0.06184,2,0,DONE,4194304,4194304,4194304,10035354119,-1,0
0.06184,3,0,DONE,4194304,4194304,4194304,7472990551,-1,0
0.06186,0,0,INJECTING,732261799,732261799,5027229095,317046480964,-1,0
0.06186,1,0,DONE,4194304,4194304,4194304,28270287849,-1,0
0.06186,2,0,DONE,4194304,4194304,4194304,10035354119,-1,0
0.06186,3,0,DONE,4194304,4194304,4194304,7472990551,-1,0
0.06188,0,0,INJECTING,732261799,732261799,5027229095,317046480964,-1,0
0.06188,1,0,DONE,4194304,4194304,4194304,28270287849,-1,0
0.06188,2,0,DONE,4194304,4194304,4194304,10035354119,-1,0
0.06188,3,0,DONE,4194304,4194304,4194304,7472990551,-1,0
0.0619,0,0,INJECTING,732261799,732261799,5027229095,317046480964,-1,0
0.0619,1,0,DONE,4194304,4194304,4194304,28270287849,-1,0
0.0619,2,0,DONE,4194304,4194304,4194304,10035354119,-1,0
0.0619,3,0,DONE,4194304,4194304,4194304,7472990551,-1,0
0.06192,0,0,INJECTING,732261799,732261799,5027229095,317046480964,-1,0
0.06192,1,0,DONE,4194304,4194304,4194304,28270287849,-1,0
0.06192,2,0,DONE,4194304,4194304,4194304,10035354119,-1,0
0.06192,3,0,DONE,4194304,4194304,4194304,7472990551,-1,0
0.06194,0,0,INJECTING,732261799,732261799,5027229095,317046480964,-1,0
0.06194,1,0,DONE,4194304,4194304,4194304,28270287849,-1,0
0.06194,2,0,DONE,4194304,4194304,4194304,10035354119,-1,0
0.06194,3,0,DONE,4194304,4194304,4194304,7472990551,-1,0
0.06196,0,0,INJECTING,732261799,732261799,5027229095,317046480964,-1,0
0.06196,1,0,DONE,4194304,4194304,4194304,28270287849,-1,0
0.06196,2,0,DONE,4194304,4194304,4194304,10035354119,-1,0
0.06196,3,0,DONE,4194304,4194304,4194304,7472990551,-1,0
0.06198,0,0,INJECTING,732261799,732261799,5027229095,317046480964,-1,0
0.06198,1,0,DONE,4194304,4194304,4194304,28270287849,-1,0
0.06198,2,0,DONE,4194304,4194304,4194304,10035354119,-1,0
0.06198,3,0,DONE,4194304,4194304,4194304,7472990551,-1,0
0.062,0,0,INJECTING,732261799,732261799,5027229095,317046480964,-1,0
0.062,1,0,DONE,4194304,4194304,4194304,28270287849,-1,0
0.062,2,0,DONE,4194304,4194304,4194304,10035354119,-1,0
0.062,3,0,DONE,4194304,4194304,4194304,7472990551,-1,0
0.06202,0,0,INJECTING,732261799,732261799,5027229095,317046480964,-1,0
0.06202,1,0,DONE,4194304,4194304,4194304,28270287849,-1,0
0.06202,2,0,DONE,4194304,4194304,4194304,10035354119,-1,0
0.06202,3,0,DONE,4194304,4194304,4194304,7472990551,-1,0
0.06204,0,0,INJECTING,732261799,732261799,5027229095,317046480964,-1,0
0.06204,1,0,DONE,4194304,4194304,4194304,28270287849,-1,0
0.06204,2,0,DONE,4194304,4194304,4194304,10035354119,-1,0
0.06204,3,0,DONE,4194304,4194304,4194304,7472990551,-1,0
0.06206,0,0,INJECTING,732261799,732261799,5027229095,317046480964,-1,0
0.06206,1,0,DONE,4194304,4194304,4194304,28270287849,-1,0
0.06206,2,0,DONE,4194304,4194304,4194304,10035354119,-1,0
0.06206,3,0,DONE,4194304,4194304,4194304,7472990551,-1,0
0.06208,0,0,INJECTING,732261799,732261799,5027229095,317046480964,-1,0
0.06208,1,0,DONE,4194304,4194304,4194304,28270287849,-1,0
0.06208,2,0,DONE,4194304,4194304,4194304,10035354119,-1,0
0.06208,3,0,DONE,4194304,4194304,4194304,7472990551,-1,0
0.0621,0,0,INJECTING,732261799,732261799,5027229095,317046480964,-1,0
0.0621,1,0,DONE,4194304,4194304,4194304,28270287849,-1,0
0.0621,2,0,DONE,4194304,4194304,4194304,10035354119,-1,0
0.0621,3,0,DONE,4194304,4194304,4194304,7472990551,-1,0
0.06212,0,0,INJECTING,732261799,732261799,5027229095,317046480964,-1,0
0.06212,1,0,DONE,4194304,4194304,4194304,28270287849,-1,0
0.06212,2,0,DONE,4194304,4194304,4194304,10035354119,-1,0
0.06212,3,0,DONE,4194304,4194304,4194304,7472990551,-1,0
0.06214,0,0,INJECTING,732261799,732261799,5027229095,317046480964,-1,0
0.06214,1,0,DONE,4194304,4194304,4194304,28270287849,-1,0
0.06214,2,0,DONE,4194304,4194304,4194304,10035354119,-1,0
0.06214,3,0,DONE,4194304,4194304,4194304,7472990551,-1,0
0.06216,0,0,INJECTING,732261799,732261799,5027229095,317046480964,-1,0
0.06216,1,0,DONE,4194304,4194304,4194304,28270287849,-1,0
0.06216,2,0,DONE,4194304,4194304,4194304,10035354119,-1,0
0.06216,3,0,DONE,4194304,4194304,4194304,7472990551,-1,0
0.06218,0,0,INJECTING,732261799,732261799,5027229095,317046480964,-1,0
0.06218,1,0,DONE,4194304,4194304,4194304,28270287849,-1,0
0.06218,2,0,DONE,4194304,4194304,4194304,10035354119,-1,0
0.06218,3,0,DONE,4194304,4194304,4194304,7472990551,-1,0
0.0622,0,0,INJECTING,732261799,732261799,5027229095,317046480964,-1,0
0.0622,1,0,DONE,4194304,4194304,4194304,28270287849,-1,0
0.0622,2,0,DONE,4194304,4194304,4194304,10035354119,-1,0
0.0622,3,0,DONE,4194304,4194304,4194304,7472990551,-1,0
0.06222,0,0,INJECTING,732261799,732261799,5027229095,317046480964,-1,0
0.06222,1,0,DONE,4194304,4194304,4194304,28270287849,-1,0
0.06222,2,0,DONE,4194304,4194304,4194304,10035354119,-1,0
0.06222,3,0,DONE,4194304,4194304,4194304,7472990551,-1,0
0.06224,0,0,INJECTING,732261799,732261799,5027229095,317046480964,-1,0
0.06224,1,0,DONE,4194304,4194304,4194304,28270287849,-1,0
0.06224,2,0,DONE,4194304,4194304,4194304,10035354119,-1,0
0.06224,3,0,DONE,4194304,4194304,4194304,7472990551,-1,0
0.06226,0,0,INJECTING,732261799,732261799,5027229095,317046480964,-1,0
0.06226,1,0,DONE,4194304,4194304,4194304,28270287849,-1,0
0.06226,2,0,DONE,4194304,4194304,4194304,10035354119,-1,0
0.06226,3,0,DONE,4194304,4194304,4194304,7472990551,-1,0
0.06228,0,0,INJECTING,732261799,732261799,5027229095,317046480964,-1,0
0.06228,1,0,DONE,4194304,4194304,4194304,28270287849,-1,0
0.06228,2,0,DONE,4194304,4194304,4194304,10035354119,-1,0
0.06228,3,0,DONE,4194304,4194304,4194304,7472990551,-1,0
0.0623,0,0,INJECTING,732261799,732261799,5027229095,317046480964,-1,0
0.0623,1,0,DONE,4194304,4194304,4194304,28270287849,-1,0
0.0623,2,0,DONE,4194304,4194304,4194304,10035354119,-1,0
0.0623,3,0,DONE,4194304,4194304,4194304,7472990551,-1,0
0.06232,0,0,INJECTING,732261799,732261799,5027229095,317046480964,-1,0
0.06232,1,0,DONE,4194304,4194304,4194304,28270287849,-1,0
0.06232,2,0,DONE,4194304,4194304,4194304,10035354119,-1,0
0.06232,3,0,DONE,4194304,4194304,4194304,7472990551,-1,0
0.06234,0,0,INJECTING,732261799,732261799,5027229095,317046480964,-1,0
0.06234,1,0,DONE,4194304,4194304,4194304,28270287849,-1,0
0.06234,2,0,DONE,4194304,4194304,4194304,10035354119,-1,0
0.06234,3,0,DONE,4194304,4194304,4194304,7472990551,-1,0
0.06236,0,0,INJECTING,732261799,732261799,5027229095,317046480964,-1,0
0.06236,1,0,DONE,4194304,4194304,4194304,28270287849,-1,0
0.06236,2,0,DONE,4194304,4194304,4194304,10035354119,-1,0
0.06236,3,0,DONE,4194304,4194304,4194304,7472990551,-1,0
0.06238,0,0,INJECTING,732261799,732261799,5027229095,317046480964,-1,0
0.06238,1,0,DONE,4194304,4194304,4194304,28270287849,-1,0
0.06238,2,0,DONE,4194304,4194304,4194304,10035354119,-1,0
0.06238,3,0,DONE,4194304,4194304,4194304,7472990551,-1,0
0.0624,0,0,INJECTING,732261799,732261799,5027229095,317046480964,-1,0
0.0624,1,0,DONE,4194304,4194304,4194304,28270287849,-1,0
0.0624,2,0,DONE,4194304,4194304,4194304,10035354119,-1,0
0.0624,3,0,DONE,4194304,4194304,4194304,7472990551,-1,0
0.06242,0,0,INJECTING,732261799,732261799,5027229095,317046480964,-1,0
0.06242,1,0,DONE,4194304,4194304,4194304,28270287849,-1,0
0.06242,2,0,DONE,4194304,4194304,4194304,10035354119,-1,0
0.06242,3,0,DONE,4194304,4194304,4194304,7472990551,-1,0
0.06244,0,0,INJECTING,732261799,732261799,5027229095,317046480964,-1,0
0.06244,1,0,DONE,4194304,4194304,4194304,28270287849,-1,0
0.06244,2,0,DONE,4194304,4194304,4194304,10035354119,-1,0
0.06244,3,0,DONE,4194304,4194304,4194304,7472990551,-1,0
0.06246,0,0,INJECTING,732261799,732261799,5027229095,317046480964,-1,0
0.06246,1,0,DONE,4194304,4194304,4194304,28270287849,-1,0
0.06246,2,0,DONE,4194304,4194304,4194304,10035354119,-1,0
0.06246,3,0,DONE,4194304,4194304,4194304,7472990551,-1,0
0.06248,0,0,INJECTING,732261799,732261799,5027229095,317046480964,-1,0
0.06248,1,0,DONE,4194304,4194304,4194304,28270287849,-1,0
0.06248,2,0,DONE,4194304,4194304,4194304,10035354119,-1,0
0.06248,3,0,DONE,4194304,4194304,4194304,7472990551,-1,0
0.0625,0,0,INJECTING,732261799,732261799,5027229095,317046480964,-1,0
0.0625,1,0,DONE,4194304,4194304,4194304,28270287849,-1,0
0.0625,2,0,DONE,4194304,4194304,4194304,10035354119,-1,0
0.0625,3,0,DONE,4194304,4194304,4194304,7472990551,-1,0
0.06252,0,0,INJECTING,732261799,732261799,5027229095,317046480964,-1,0
0.06252,1,0,DONE,4194304,4194304,4194304,28270287849,-1,0
0.06252,2,0,DONE,4194304,4194304,4194304,10035354119,-1,0
0.06252,3,0,DONE,4194304,4194304,4194304,7472990551,-1,0
0.06254,0,0,INJECTING,732261799,732261799,5027229095,317046480964,-1,0
0.06254,1,0,DONE,4194304,4194304,4194304,28270287849,-1,0
0.06254,2,0,DONE,4194304,4194304,4194304,10035354119,-1,0
0.06254,3,0,DONE,4194304,4194304,4194304,7472990551,-1,0
0.06256,0,0,INJECTING,732261799,732261799,5027229095,317046480964,-1,0
0.06256,1,0,DONE,4194304,4194304,4194304,28270287849,-1,0
0.06256,2,0,DONE,4194304,4194304,4194304,10035354119,-1,0
0.06256,3,0,DONE,4194304,4194304,4194304,7472990551,-1,0
0.06258,0,0,INJECTING,732261799,732261799,5027229095,317046480964,-1,0
0.06258,1,0,DONE,4194304,4194304,4194304,28270287849,-1,0
0.06258,2,0,DONE,4194304,4194304,4194304,10035354119,-1,0
0.06258,3,0,DONE,4194304,4194304,4194304,7472990551,-1,0
0.0626,0,0,INJECTING,732261799,732261799,5027229095,317046480964,-1,0
0.0626,1,0,DONE,4194304,4194304,4194304,28270287849,-1,0
0.0626,2,0,DONE,4194304,4194304,4194304,10035354119,-1,0
0.0626,3,0,DONE,4194304,4194304,4194304,7472990551,-1,0
0.06262,0,0,INJECTING,732261799,732261799,5027229095,317046480964,-1,0
0.06262,1,0,DONE,4194304,4194304,4194304,28270287849,-1,0
0.06262,2,0,DONE,4194304,4194304,4194304,10035354119,-1,0
0.06262,3,0,DONE,4194304,4194304,4194304,7472990551,-1,0
0.06264,0,0,INJECTING,732261799,732261799,5027229095,317046480964,-1,0
0.06264,1,0,DONE,4194304,4194304,4194304,28270287849,-1,0
0.06264,2,0,DONE,4194304,4194304,4194304,10035354119,-1,0
0.06264,3,0,DONE,4194304,4194304,4194304,7472990551,-1,0
0.06266,0,0,INJECTING,732261799,732261799,5027229095,317046480964,-1,0
0.06266,1,0,DONE,4194304,4194304,4194304,28270287849,-1,0
0.06266,2,0,DONE,4194304,4194304,4194304,10035354119,-1,0
0.06266,3,0,DONE,4194304,4194304,4194304,7472990551,-1,0
0.06268,0,0,INJECTING,732261799,732261799,5027229095,317046480964,-1,0
0.06268,1,0,DONE,4194304,4194304,4194304,28270287849,-1,0
0.06268,2,0,DONE,4194304,4194304,4194304,10035354119,-1,0
0.06268,3,0,DONE,4194304,4194304,4194304,7472990551,-1,0
0.0627,0,0,INJECTING,732261799,732261799,5027229095,317046480964,-1,0
0.0627,1,0,DONE,4194304,4194304,4194304,28270287849,-1,0
0.0627,2,0,DONE,4194304,4194304,4194304,10035354119,-1,0
0.0627,3,0,DONE,4194304,4194304,4194304,7472990551,-1,0
0.06272,0,0,INJECTING,732261799,732261799,5027229095,317046480964,-1,0
0.06272,1,0,DONE,4194304,4194304,4194304,28270287849,-1,0
0.06272,2,0,DONE,4194304,4194304,4194304,10035354119,-1,0
0.06272,3,0,DONE,4194304,4194304,4194304,7472990551,-1,0
0.06274,0,0,INJECTING,732261799,732261799,5027229095,317046480964,-1,0
0.06274,1,0,DONE,4194304,4194304,4194304,28270287849,-1,0
0.06274,2,0,DONE,4194304,4194304,4194304,10035354119,-1,0
0.06274,3,0,DONE,4194304,4194304,4194304,7472990551,-1,0
0.06276,0,0,INJECTING,732261799,732261799,5027229095,317046480964,-1,0
0.06276,1,0,DONE,4194304,4194304,4194304,28270287849,-1,0
0.06276,2,0,DONE,4194304,4194304,4194304,10035354119,-1,0
0.06276,3,0,DONE,4194304,4194304,4194304,7472990551,-1,0
0.06278,0,0,INJECTING,732261799,732261799,5027229095,317046480964,-1,0
0.06278,1,0,DONE,4194304,4194304,4194304,28270287849,-1,0
0.06278,2,0,DONE,4194304,4194304,4194304,10035354119,-1,0
0.06278,3,0,DONE,4194304,4194304,4194304,7472990551,-1,0
0.0628,0,0,INJECTING,732261799,732261799,5027229095,317046480964,-1,0
0.0628,1,0,DONE,4194304,4194304,4194304,28270287849,-1,0
0.0628,2,0,DONE,4194304,4194304,4194304,10035354119,-1,0
0.0628,3,0,DONE,4194304,4194304,4194304,7472990551,-1,0
0.06282,0,0,INJECTING,732261799,732261799,5027229095,317046480964,-1,0
0.06282,1,0,DONE,4194304,4194304,4194304,28270287849,-1,0
0.06282,2,0,DONE,4194304,4194304,4194304,10035354119,-1,0
0.06282,3,0,DONE,4194304,4194304,4194304,7472990551,-1,0
0.06284,0,0,INJECTING,732261799,732261799,5027229095,317046480964,-1,0
0.06284,1,0,DONE,4194304,4194304,4194304,28270287849,-1,0
0.06284,2,0,DONE,4194304,4194304,4194304,10035354119,-1,0
0.06284,3,0,DONE,4194304,4194304,4194304,7472990551,-1,0
0.06286,0,0,INJECTING,732261799,732261799,5027229095,317046480964,-1,0
0.06286,1,0,DONE,4194304,4194304,4194304,28270287849,-1,0
0.06286,2,0,DONE,4194304,4194304,4194304,10035354119,-1,0
0.06286,3,0,DONE,4194304,4194304,4194304,7472990551,-1,0
0.06288,0,0,INJECTING,732261799,732261799,5027229095,317046480964,-1,0
0.06288,1,0,DONE,4194304,4194304,4194304,28270287849,-1,0
0.06288,2,0,DONE,4194304,4194304,4194304,10035354119,-1,0
0.06288,3,0,DONE,4194304,4194304,4194304,7472990551,-1,0
0.0629,0,0,INJECTING,732261799,732261799,5027229095,317046480964,-1,0
0.0629,1,0,DONE,4194304,4194304,4194304,28270287849,-1,0
0.0629,2,0,DONE,4194304,4194304,4194304,10035354119,-1,0
0.0629,3,0,DONE,4194304,4194304,4194304,7472990551,-1,0
0.06292,0,0,INJECTING,732261799,732261799,5027229095,317046480964,-1,0
0.06292,1,0,DONE,4194304,4194304,4194304,28270287849,-1,0
0.06292,2,0,DONE,4194304,4194304,4194304,10035354119,-1,0
0.06292,3,0,DONE,4194304,4194304,4194304,7472990551,-1,0
0.06294,0,0,INJECTING,732261799,732261799,5027229095,317046480964,-1,0
0.06294,1,0,DONE,4194304,4194304,4194304,28270287849,-1,0
0.06294,2,0,DONE,4194304,4194304,4194304,10035354119,-1,0
0.06294,3,0,DONE,4194304,4194304,4194304,7472990551,-1,0
0.06296,0,0,INJECTING,732261799,732261799,5027229095,317046480964,-1,0
0.06296,1,0,DONE,4194304,4194304,4194304,28270287849,-1,0
0.06296,2,0,DONE,4194304,4194304,4194304,10035354119,-1,0
0.06296,3,0,DONE,4194304,4194304,4194304,7472990551,-1,0
0.06298,0,0,INJECTING,732261799,732261799,5027229095,317046480964,-1,0
0.06298,1,0,DONE,4194304,4194304,4194304,28270287849,-1,0
0.06298,2,0,DONE,4194304,4194304,4194304,10035354119,-1,0
0.06298,3,0,DONE,4194304,4194304,4194304,7472990551,-1,0
0.063,0,0,INJECTING,732261799,732261799,5027229095,317046480964,-1,0
0.063,1,0,DONE,4194304,4194304,4194304,28270287849,-1,0
0.063,2,0,DONE,4194304,4194304,4194304,10035354119,-1,0
0.063,3,0,DONE,4194304,4194304,4194304,7472990551,-1,0
0.06302,0,0,INJECTING,732261799,732261799,5027229095,317046480964,-1,0
0.06302,1,0,DONE,4194304,4194304,4194304,28270287849,-1,0
0.06302,2,0,DONE,4194304,4194304,4194304,10035354119,-1,0
0.06302,3,0,DONE,4194304,4194304,4194304,7472990551,-1,0
0.06304,0,0,INJECTING,732261799,732261799,5027229095,317046480964,-1,0
0.06304,1,0,DONE,4194304,4194304,4194304,28270287849,-1,0
0.06304,2,0,DONE,4194304,4194304,4194304,10035354119,-1,0
0.06304,3,0,DONE,4194304,4194304,4194304,7472990551,-1,0
0.06306,0,0,INJECTING,732261799,732261799,5027229095,317046480964,-1,0
0.06306,1,0,DONE,4194304,4194304,4194304,28270287849,-1,0
0.06306,2,0,DONE,4194304,4194304,4194304,10035354119,-1,0
0.06306,3,0,DONE,4194304,4194304,4194304,7472990551,-1,0
0.06308,0,0,INJECTING,732261799,732261799,5027229095,317046480964,-1,0
0.06308,1,0,DONE,4194304,4194304,4194304,28270287849,-1,0
0.06308,2,0,DONE,4194304,4194304,4194304,10035354119,-1,0
0.06308,3,0,DONE,4194304,4194304,4194304,7472990551,-1,0
0.0631,0,0,INJECTING,732261799,732261799,5027229095,317046480964,-1,0
0.0631,1,0,DONE,4194304,4194304,4194304,28270287849,-1,0
0.0631,2,0,DONE,4194304,4194304,4194304,10035354119,-1,0
0.0631,3,0,DONE,4194304,4194304,4194304,7472990551,-1,0
0.06312,0,0,INJECTING,732261799,732261799,5027229095,317046480964,-1,0
0.06312,1,0,DONE,4194304,4194304,4194304,28270287849,-1,0
0.06312,2,0,DONE,4194304,4194304,4194304,10035354119,-1,0
0.06312,3,0,DONE,4194304,4194304,4194304,7472990551,-1,0
0.06314,0,0,INJECTING,732261799,732261799,5027229095,317046480964,-1,0
0.06314,1,0,DONE,4194304,4194304,4194304,28270287849,-1,0
0.06314,2,0,DONE,4194304,4194304,4194304,10035354119,-1,0
0.06314,3,0,DONE,4194304,4194304,4194304,7472990551,-1,0
0.06316,0,0,INJECTING,732261799,732261799,5027229095,317046480964,-1,0
0.06316,1,0,DONE,4194304,4194304,4194304,28270287849,-1,0
0.06316,2,0,DONE,4194304,4194304,4194304,10035354119,-1,0
0.06316,3,0,DONE,4194304,4194304,4194304,7472990551,-1,0
0.06318,0,0,INJECTING,732261799,732261799,5027229095,317046480964,-1,0
0.06318,1,0,DONE,4194304,4194304,4194304,28270287849,-1,0
0.06318,2,0,DONE,4194304,4194304,4194304,10035354119,-1,0
0.06318,3,0,DONE,4194304,4194304,4194304,7472990551,-1,0
0.0632,0,0,INJECTING,732261799,732261799,5027229095,317046480964,-1,0
0.0632,1,0,DONE,4194304,4194304,4194304,28270287849,-1,0
0.0632,2,0,DONE,4194304,4194304,4194304,10035354119,-1,0
0.0632,3,0,DONE,4194304,4194304,4194304,7472990551,-1,0
0.06322,0,0,INJECTING,732261799,732261799,5027229095,317046480964,-1,0
0.06322,1,0,DONE,4194304,4194304,4194304,28270287849,-1,0
0.06322,2,0,DONE,4194304,4194304,4194304,10035354119,-1,0
0.06322,3,0,DONE,4194304,4194304,4194304,7472990551,-1,0
0.06324,0,0,INJECTING,732261799,732261799,5027229095,317046480964,-1,0
0.06324,1,0,DONE,4194304,4194304,4194304,28270287849,-1,0
0.06324,2,0,DONE,4194304,4194304,4194304,10035354119,-1,0
0.06324,3,0,DONE,4194304,4194304,4194304,7472990551,-1,0
0.06326,0,0,INJECTING,732261799,732261799,5027229095,317046480964,-1,0
0.06326,1,0,DONE,4194304,4194304,4194304,28270287849,-1,0
0.06326,2,0,DONE,4194304,4194304,4194304,10035354119,-1,0
0.06326,3,0,DONE,4194304,4194304,4194304,7472990551,-1,0
0.06328,0,0,INJECTING,732261799,732261799,5027229095,317046480964,-1,0
0.06328,1,0,DONE,4194304,4194304,4194304,28270287849,-1,0
0.06328,2,0,DONE,4194304,4194304,4194304,10035354119,-1,0
0.06328,3,0,DONE,4194304,4194304,4194304,7472990551,-1,0
0.0633,0,0,INJECTING,732261799,732261799,5027229095,317046480964,-1,0
0.0633,1,0,DONE,4194304,4194304,4194304,28270287849,-1,0
0.0633,2,0,DONE,4194304,4194304,4194304,10035354119,-1,0
0.0633,3,0,DONE,4194304,4194304,4194304,7472990551,-1,0
0.06332,0,0,INJECTING,732261799,732261799,5027229095,317046480964,-1,0
0.06332,1,0,DONE,4194304,4194304,4194304,28270287849,-1,0
0.06332,2,0,DONE,4194304,4194304,4194304,10035354119,-1,0
0.06332,3,0,DONE,4194304,4194304,4194304,7472990551,-1,0
0.06334,0,0,INJECTING,732261799,732261799,5027229095,317046480964,-1,0
0.06334,1,0,DONE,4194304,4194304,4194304,28270287849,-1,0
0.06334,2,0,DONE,4194304,4194304,4194304,10035354119,-1,0
0.06334,3,0,DONE,4194304,4194304,4194304,7472990551,-1,0
0.06336,0,0,INJECTING,732261799,732261799,5027229095,317046480964,-1,0
0.06336,1,0,DONE,4194304,4194304,4194304,28270287849,-1,0
0.06336,2,0,DONE,4194304,4194304,4194304,10035354119,-1,0
0.06336,3,0,DONE,4194304,4194304,4194304,7472990551,-1,0
0.06338,0,0,INJECTING,732261799,732261799,5027229095,317046480964,-1,0
0.06338,1,0,DONE,4194304,4194304,4194304,28270287849,-1,0
0.06338,2,0,DONE,4194304,4194304,4194304,10035354119,-1,0
0.06338,3,0,DONE,4194304,4194304,4194304,7472990551,-1,0
0.0634,0,0,INJECTING,732261799,732261799,5027229095,317046480964,-1,0
0.0634,1,0,DONE,4194304,4194304,4194304,28270287849,-1,0
0.0634,2,0,DONE,4194304,4194304,4194304,10035354119,-1,0
0.0634,3,0,DONE,4194304,4194304,4194304,7472990551,-1,0
0.06342,0,0,INJECTING,732261799,732261799,5027229095,317046480964,-1,0
0.06342,1,0,DONE,4194304,4194304,4194304,28270287849,-1,0
0.06342,2,0,DONE,4194304,4194304,4194304,10035354119,-1,0
0.06342,3,0,DONE,4194304,4194304,4194304,7472990551,-1,0
0.06344,0,0,INJECTING,732261799,732261799,5027229095,317046480964,-1,0
0.06344,1,0,DONE,4194304,4194304,4194304,28270287849,-1,0
0.06344,2,0,DONE,4194304,4194304,4194304,10035354119,-1,0
0.06344,3,0,DONE,4194304,4194304,4194304,7472990551,-1,0
0.06346,0,0,INJECTING,732261799,732261799,5027229095,317046480964,-1,0
0.06346,1,0,DONE,4194304,4194304,4194304,28270287849,-1,0
0.06346,2,0,DONE,4194304,4194304,4194304,10035354119,-1,0
0.06346,3,0,DONE,4194304,4194304,4194304,7472990551,-1,0
0.06348,0,0,INJECTING,732261799,732261799,5027229095,317046480964,-1,0
0.06348,1,0,DONE,4194304,4194304,4194304,28270287849,-1,0
0.06348,2,0,DONE,4194304,4194304,4194304,10035354119,-1,0
0.06348,3,0,DONE,4194304,4194304,4194304,7472990551,-1,0
0.0635,0,0,INJECTING,732261799,732261799,5027229095,317046480964,-1,0
0.0635,1,0,DONE,4194304,4194304,4194304,28270287849,-1,0
0.0635,2,0,DONE,4194304,4194304,4194304,10035354119,-1,0
0.0635,3,0,DONE,4194304,4194304,4194304,7472990551,-1,0
0.06352,0,0,INJECTING,732261799,732261799,5027229095,317046480964,-1,0
0.06352,1,0,DONE,4194304,4194304,4194304,28270287849,-1,0
0.06352,2,0,DONE,4194304,4194304,4194304,10035354119,-1,0
0.06352,3,0,DONE,4194304,4194304,4194304,7472990551,-1,0
0.06354,0,0,INJECTING,732261799,732261799,5027229095,317046480964,-1,0
0.06354,1,0,DONE,4194304,4194304,4194304,28270287849,-1,0
0.06354,2,0,DONE,4194304,4194304,4194304,10035354119,-1,0
0.06354,3,0,DONE,4194304,4194304,4194304,7472990551,-1,0
0.06356,0,0,INJECTING,732261799,732261799,5027229095,317046480964,-1,0
0.06356,1,0,DONE,4194304,4194304,4194304,28270287849,-1,0
0.06356,2,0,DONE,4194304,4194304,4194304,10035354119,-1,0
0.06356,3,0,DONE,4194304,4194304,4194304,7472990551,-1,0
0.06358,0,0,INJECTING,732261799,732261799,5027229095,317046480964,-1,0
0.06358,1,0,DONE,4194304,4194304,4194304,28270287849,-1,0
0.06358,2,0,DONE,4194304,4194304,4194304,10035354119,-1,0
0.06358,3,0,DONE,4194304,4194304,4194304,7472990551,-1,0
0.0636,0,0,INJECTING,732261799,732261799,5027229095,317046480964,-1,0
0.0636,1,0,DONE,4194304,4194304,4194304,28270287849,-1,0
0.0636,2,0,DONE,4194304,4194304,4194304,10035354119,-1,0
0.0636,3,0,DONE,4194304,4194304,4194304,7472990551,-1,0
0.06362,0,0,INJECTING,732261799,732261799,5027229095,317046480964,-1,0
0.06362,1,0,DONE,4194304,4194304,4194304,28270287849,-1,0
0.06362,2,0,DONE,4194304,4194304,4194304,10035354119,-1,0
0.06362,3,0,DONE,4194304,4194304,4194304,7472990551,-1,0
0.06364,0,0,INJECTING,732261799,732261799,5027229095,317046480964,-1,0
0.06364,1,0,DONE,4194304,4194304,4194304,28270287849,-1,0
0.06364,2,0,DONE,4194304,4194304,4194304,10035354119,-1,0
0.06364,3,0,DONE,4194304,4194304,4194304,7472990551,-1,0
0.06366,0,0,INJECTING,732261799,732261799,5027229095,317046480964,-1,0
0.06366,1,0,DONE,4194304,4194304,4194304,28270287849,-1,0
0.06366,2,0,DONE,4194304,4194304,4194304,10035354119,-1,0
0.06366,3,0,DONE,4194304,4194304,4194304,7472990551,-1,0
0.06368,0,0,INJECTING,732261799,732261799,5027229095,317046480964,-1,0
0.06368,1,0,DONE,4194304,4194304,4194304,28270287849,-1,0
0.06368,2,0,DONE,4194304,4194304,4194304,10035354119,-1,0
0.06368,3,0,DONE,4194304,4194304,4194304,7472990551,-1,0
0.0637,0,0,INJECTING,732261799,732261799,5027229095,317046480964,-1,0
0.0637,1,0,DONE,4194304,4194304,4194304,28270287849,-1,0
0.0637,2,0,DONE,4194304,4194304,4194304,10035354119,-1,0
0.0637,3,0,DONE,4194304,4194304,4194304,7472990551,-1,0
0.06372,0,0,INJECTING,732261799,732261799,5027229095,317046480964,-1,0
0.06372,1,0,DONE,4194304,4194304,4194304,28270287849,-1,0
0.06372,2,0,DONE,4194304,4194304,4194304,10035354119,-1,0
0.06372,3,0,DONE,4194304,4194304,4194304,7472990551,-1,0
0.06374,0,0,INJECTING,732261799,732261799,5027229095,317046480964,-1,0
0.06374,1,0,DONE,4194304,4194304,4194304,28270287849,-1,0
0.06374,2,0,DONE,4194304,4194304,4194304,10035354119,-1,0
0.06374,3,0,DONE,4194304,4194304,4194304,7472990551,-1,0
0.06376,0,0,INJECTING,732261799,732261799,5027229095,317046480964,-1,0
0.06376,1,0,DONE,4194304,4194304,4194304,28270287849,-1,0
0.06376,2,0,DONE,4194304,4194304,4194304,10035354119,-1,0
0.06376,3,0,DONE,4194304,4194304,4194304,7472990551,-1,0
0.06378,0,0,INJECTING,732261799,732261799,5027229095,317046480964,-1,0
0.06378,1,0,DONE,4194304,4194304,4194304,28270287849,-1,0
0.06378,2,0,DONE,4194304,4194304,4194304,10035354119,-1,0
0.06378,3,0,DONE,4194304,4194304,4194304,7472990551,-1,0
0.0638,0,0,INJECTING,732261799,732261799,5027229095,317046480964,-1,0
0.0638,1,0,DONE,4194304,4194304,4194304,28270287849,-1,0
0.0638,2,0,DONE,4194304,4194304,4194304,10035354119,-1,0
0.0638,3,0,DONE,4194304,4194304,4194304,7472990551,-1,0
0.06382,0,0,INJECTING,732261799,732261799,5027229095,317046480964,-1,0
0.06382,1,0,DONE,4194304,4194304,4194304,28270287849,-1,0
0.06382,2,0,DONE,4194304,4194304,4194304,10035354119,-1,0
0.06382,3,0,DONE,4194304,4194304,4194304,7472990551,-1,0
0.06384,0,0,INJECTING,732261799,732261799,5027229095,317046480964,-1,0
0.06384,1,0,DONE,4194304,4194304,4194304,28270287849,-1,0
0.06384,2,0,DONE,4194304,4194304,4194304,10035354119,-1,0
0.06384,3,0,DONE,4194304,4194304,4194304,7472990551,-1,0
0.06386,0,0,INJECTING,732261799,732261799,5027229095,317046480964,-1,0
0.06386,1,0,DONE,4194304,4194304,4194304,28270287849,-1,0
0.06386,2,0,DONE,4194304,4194304,4194304,10035354119,-1,0
0.06386,3,0,DONE,4194304,4194304,4194304,7472990551,-1,0
0.06388,0,0,INJECTING,732261799,732261799,5027229095,317046480964,-1,0
0.06388,1,0,DONE,4194304,4194304,4194304,28270287849,-1,0
0.06388,2,0,DONE,4194304,4194304,4194304,10035354119,-1,0
0.06388,3,0,DONE,4194304,4194304,4194304,7472990551,-1,0
0.0639,0,0,INJECTING,732261799,732261799,5027229095,317046480964,-1,0
0.0639,1,0,DONE,4194304,4194304,4194304,28270287849,-1,0
0.0639,2,0,DONE,4194304,4194304,4194304,10035354119,-1,0
0.0639,3,0,DONE,4194304,4194304,4194304,7472990551,-1,0
0.06392,0,0,INJECTING,732261799,732261799,5027229095,317046480964,-1,0
0.06392,1,0,DONE,4194304,4194304,4194304,28270287849,-1,0
0.06392,2,0,DONE,4194304,4194304,4194304,10035354119,-1,0
0.06392,3,0,DONE,4194304,4194304,4194304,7472990551,-1,0
0.06394,0,0,INJECTING,732261799,732261799,5027229095,317046480964,-1,0
0.06394,1,0,DONE,4194304,4194304,4194304,28270287849,-1,0
0.06394,2,0,DONE,4194304,4194304,4194304,10035354119,-1,0
0.06394,3,0,DONE,4194304,4194304,4194304,7472990551,-1,0
0.06396,0,0,INJECTING,732261799,732261799,5027229095,317046480964,-1,0
0.06396,1,0,DONE,4194304,4194304,4194304,28270287849,-1,0
0.06396,2,0,DONE,4194304,4194304,4194304,10035354119,-1,0
0.06396,3,0,DONE,4194304,4194304,4194304,7472990551,-1,0
0.06398,0,0,INJECTING,732261799,732261799,5027229095,317046480964,-1,0
0.06398,1,0,DONE,4194304,4194304,4194304,28270287849,-1,0
0.06398,2,0,DONE,4194304,4194304,4194304,10035354119,-1,0
0.06398,3,0,DONE,4194304,4194304,4194304,7472990551,-1,0
0.064,0,0,INJECTING,732261799,732261799,5027229095,317046480964,-1,0
0.064,1,0,DONE,4194304,4194304,4194304,28270287849,-1,0
0.064,2,0,DONE,4194304,4194304,4194304,10035354119,-1,0
0.064,3,0,DONE,4194304,4194304,4194304,7472990551,-1,0
0.06402,0,0,INJECTING,732261799,732261799,5027229095,317046480964,-1,0
0.06402,1,0,DONE,4194304,4194304,4194304,28270287849,-1,0
0.06402,2,0,DONE,4194304,4194304,4194304,10035354119,-1,0
0.06402,3,0,DONE,4194304,4194304,4194304,7472990551,-1,0
0.06404,0,0,INJECTING,732261799,732261799,5027229095,317046480964,-1,0
0.06404,1,0,DONE,4194304,4194304,4194304,28270287849,-1,0
0.06404,2,0,DONE,4194304,4194304,4194304,10035354119,-1,0
0.06404,3,0,DONE,4194304,4194304,4194304,7472990551,-1,0
0.06406,0,0,INJECTING,732261799,732261799,5027229095,317046480964,-1,0
0.06406,1,0,DONE,4194304,4194304,4194304,28270287849,-1,0
0.06406,2,0,DONE,4194304,4194304,4194304,10035354119,-1,0
0.06406,3,0,DONE,4194304,4194304,4194304,7472990551,-1,0
0.06408,0,0,INJECTING,732261799,732261799,5027229095,317046480964,-1,0
0.06408,1,0,DONE,4194304,4194304,4194304,28270287849,-1,0
0.06408,2,0,DONE,4194304,4194304,4194304,10035354119,-1,0
0.06408,3,0,DONE,4194304,4194304,4194304,7472990551,-1,0
0.0641,0,0,INJECTING,732261799,732261799,5027229095,317046480964,-1,0
0.0641,1,0,DONE,4194304,4194304,4194304,28270287849,-1,0
0.0641,2,0,DONE,4194304,4194304,4194304,10035354119,-1,0
0.0641,3,0,DONE,4194304,4194304,4194304,7472990551,-1,0
0.06412,0,0,INJECTING,732261799,732261799,5027229095,317046480964,-1,0
0.06412,1,0,DONE,4194304,4194304,4194304,28270287849,-1,0
0.06412,2,0,DONE,4194304,4194304,4194304,10035354119,-1,0
0.06412,3,0,DONE,4194304,4194304,4194304,7472990551,-1,0
0.06414,0,0,INJECTING,732261799,732261799,5027229095,317046480964,-1,0
0.06414,1,0,DONE,4194304,4194304,4194304,28270287849,-1,0
0.06414,2,0,DONE,4194304,4194304,4194304,10035354119,-1,0
0.06414,3,0,DONE,4194304,4194304,4194304,7472990551,-1,0
0.06416,0,0,INJECTING,732261799,732261799,5027229095,317046480964,-1,0
0.06416,1,0,DONE,4194304,4194304,4194304,28270287849,-1,0
0.06416,2,0,DONE,4194304,4194304,4194304,10035354119,-1,0
0.06416,3,0,DONE,4194304,4194304,4194304,7472990551,-1,0
0.06418,0,0,INJECTING,732261799,732261799,5027229095,317046480964,-1,0
0.06418,1,0,DONE,4194304,4194304,4194304,28270287849,-1,0
0.06418,2,0,DONE,4194304,4194304,4194304,10035354119,-1,0
0.06418,3,0,DONE,4194304,4194304,4194304,7472990551,-1,0
0.0642,0,0,INJECTING,732261799,732261799,5027229095,317046480964,-1,0
0.0642,1,0,DONE,4194304,4194304,4194304,28270287849,-1,0
0.0642,2,0,DONE,4194304,4194304,4194304,10035354119,-1,0
0.0642,3,0,DONE,4194304,4194304,4194304,7472990551,-1,0
0.06422,0,0,INJECTING,732261799,732261799,5027229095,317046480964,-1,0
0.06422,1,0,DONE,4194304,4194304,4194304,28270287849,-1,0
0.06422,2,0,DONE,4194304,4194304,4194304,10035354119,-1,0
0.06422,3,0,DONE,4194304,4194304,4194304,7472990551,-1,0
0.06424,0,0,INJECTING,732261799,732261799,5027229095,317046480964,-1,0
0.06424,1,0,DONE,4194304,4194304,4194304,28270287849,-1,0
0.06424,2,0,DONE,4194304,4194304,4194304,10035354119,-1,0
0.06424,3,0,DONE,4194304,4194304,4194304,7472990551,-1,0
0.06426,0,0,INJECTING,732261799,732261799,5027229095,317046480964,-1,0
0.06426,1,0,DONE,4194304,4194304,4194304,28270287849,-1,0
0.06426,2,0,DONE,4194304,4194304,4194304,10035354119,-1,0
0.06426,3,0,DONE,4194304,4194304,4194304,7472990551,-1,0
0.06428,0,0,INJECTING,732261799,732261799,5027229095,317046480964,-1,0
0.06428,1,0,DONE,4194304,4194304,4194304,28270287849,-1,0
0.06428,2,0,DONE,4194304,4194304,4194304,10035354119,-1,0
0.06428,3,0,DONE,4194304,4194304,4194304,7472990551,-1,0
0.0643,0,0,INJECTING,732261799,732261799,5027229095,317046480964,-1,0
0.0643,1,0,DONE,4194304,4194304,4194304,28270287849,-1,0
0.0643,2,0,DONE,4194304,4194304,4194304,10035354119,-1,0
0.0643,3,0,DONE,4194304,4194304,4194304,7472990551,-1,0
0.06432,0,0,INJECTING,732261799,732261799,5027229095,317046480964,-1,0
0.06432,1,0,DONE,4194304,4194304,4194304,28270287849,-1,0
0.06432,2,0,DONE,4194304,4194304,4194304,10035354119,-1,0
0.06432,3,0,DONE,4194304,4194304,4194304,7472990551,-1,0
0.06434,0,0,INJECTING,732261799,732261799,5027229095,317046480964,-1,0
0.06434,1,0,DONE,4194304,4194304,4194304,28270287849,-1,0
0.06434,2,0,DONE,4194304,4194304,4194304,10035354119,-1,0
0.06434,3,0,DONE,4194304,4194304,4194304,7472990551,-1,0
0.06436,0,0,INJECTING,732261799,732261799,5027229095,317046480964,-1,0
0.06436,1,0,DONE,4194304,4194304,4194304,28270287849,-1,0
0.06436,2,0,DONE,4194304,4194304,4194304,10035354119,-1,0
0.06436,3,0,DONE,4194304,4194304,4194304,7472990551,-1,0
0.06438,0,0,INJECTING,732261799,732261799,5027229095,317046480964,-1,0
0.06438,1,0,DONE,4194304,4194304,4194304,28270287849,-1,0
0.06438,2,0,DONE,4194304,4194304,4194304,10035354119,-1,0
0.06438,3,0,DONE,4194304,4194304,4194304,7472990551,-1,0
0.0644,0,0,INJECTING,732261799,732261799,5027229095,317046480964,-1,0
0.0644,1,0,DONE,4194304,4194304,4194304,28270287849,-1,0
0.0644,2,0,DONE,4194304,4194304,4194304,10035354119,-1,0
0.0644,3,0,DONE,4194304,4194304,4194304,7472990551,-1,0
0.06442,0,0,INJECTING,732261799,732261799,5027229095,317046480964,-1,0
0.06442,1,0,DONE,4194304,4194304,4194304,28270287849,-1,0
0.06442,2,0,DONE,4194304,4194304,4194304,10035354119,-1,0
0.06442,3,0,DONE,4194304,4194304,4194304,7472990551,-1,0
0.06444,0,0,INJECTING,732261799,732261799,5027229095,317046480964,-1,0
0.06444,1,0,DONE,4194304,4194304,4194304,28270287849,-1,0
0.06444,2,0,DONE,4194304,4194304,4194304,10035354119,-1,0
0.06444,3,0,DONE,4194304,4194304,4194304,7472990551,-1,0
0.06446,0,0,INJECTING,732261799,732261799,5027229095,317046480964,-1,0
0.06446,1,0,DONE,4194304,4194304,4194304,28270287849,-1,0
0.06446,2,0,DONE,4194304,4194304,4194304,10035354119,-1,0
0.06446,3,0,DONE,4194304,4194304,4194304,7472990551,-1,0
0.06448,0,0,INJECTING,732261799,732261799,5027229095,317046480964,-1,0
0.06448,1,0,DONE,4194304,4194304,4194304,28270287849,-1,0
0.06448,2,0,DONE,4194304,4194304,4194304,10035354119,-1,0
0.06448,3,0,DONE,4194304,4194304,4194304,7472990551,-1,0
0.0645,0,0,INJECTING,732261799,732261799,5027229095,317046480964,-1,0
0.0645,1,0,DONE,4194304,4194304,4194304,28270287849,-1,0
0.0645,2,0,DONE,4194304,4194304,4194304,10035354119,-1,0
0.0645,3,0,DONE,4194304,4194304,4194304,7472990551,-1,0
0.06452,0,0,INJECTING,732261799,732261799,5027229095,317046480964,-1,0
0.06452,1,0,DONE,4194304,4194304,4194304,28270287849,-1,0
0.06452,2,0,DONE,4194304,4194304,4194304,10035354119,-1,0
0.06452,3,0,DONE,4194304,4194304,4194304,7472990551,-1,0
0.06454,0,0,INJECTING,732261799,732261799,5027229095,317046480964,-1,0
0.06454,1,0,DONE,4194304,4194304,4194304,28270287849,-1,0
0.06454,2,0,DONE,4194304,4194304,4194304,10035354119,-1,0
0.06454,3,0,DONE,4194304,4194304,4194304,7472990551,-1,0
0.06456,0,0,INJECTING,732261799,732261799,5027229095,317046480964,-1,0
0.06456,1,0,DONE,4194304,4194304,4194304,28270287849,-1,0
0.06456,2,0,DONE,4194304,4194304,4194304,10035354119,-1,0
0.06456,3,0,DONE,4194304,4194304,4194304,7472990551,-1,0
0.06458,0,0,INJECTING,732261799,732261799,5027229095,317046480964,-1,0
0.06458,1,0,DONE,4194304,4194304,4194304,28270287849,-1,0
0.06458,2,0,DONE,4194304,4194304,4194304,10035354119,-1,0
0.06458,3,0,DONE,4194304,4194304,4194304,7472990551,-1,0
0.0646,0,0,INJECTING,732261799,732261799,5027229095,317046480964,-1,0
0.0646,1,0,DONE,4194304,4194304,4194304,28270287849,-1,0
0.0646,2,0,DONE,4194304,4194304,4194304,10035354119,-1,0
0.0646,3,0,DONE,4194304,4194304,4194304,7472990551,-1,0
0.06462,0,0,INJECTING,732261799,732261799,5027229095,317046480964,-1,0
0.06462,1,0,DONE,4194304,4194304,4194304,28270287849,-1,0
0.06462,2,0,DONE,4194304,4194304,4194304,10035354119,-1,0
0.06462,3,0,DONE,4194304,4194304,4194304,7472990551,-1,0
0.06464,0,0,INJECTING,732261799,732261799,5027229095,317046480964,-1,0
0.06464,1,0,DONE,4194304,4194304,4194304,28270287849,-1,0
0.06464,2,0,DONE,4194304,4194304,4194304,10035354119,-1,0
0.06464,3,0,DONE,4194304,4194304,4194304,7472990551,-1,0
0.06466,0,0,INJECTING,732261799,732261799,5027229095,317046480964,-1,0
0.06466,1,0,DONE,4194304,4194304,4194304,28270287849,-1,0
0.06466,2,0,DONE,4194304,4194304,4194304,10035354119,-1,0
0.06466,3,0,DONE,4194304,4194304,4194304,7472990551,-1,0
0.06468,0,0,INJECTING,732261799,732261799,5027229095,317046480964,-1,0
0.06468,1,0,DONE,4194304,4194304,4194304,28270287849,-1,0
0.06468,2,0,DONE,4194304,4194304,4194304,10035354119,-1,0
0.06468,3,0,DONE,4194304,4194304,4194304,7472990551,-1,0
0.0647,0,0,INJECTING,732261799,732261799,5027229095,317046480964,-1,0
0.0647,1,0,DONE,4194304,4194304,4194304,28270287849,-1,0
0.0647,2,0,DONE,4194304,4194304,4194304,10035354119,-1,0
0.0647,3,0,DONE,4194304,4194304,4194304,7472990551,-1,0
0.06472,0,0,INJECTING,732261799,732261799,5027229095,317046480964,-1,0
0.06472,1,0,DONE,4194304,4194304,4194304,28270287849,-1,0
0.06472,2,0,DONE,4194304,4194304,4194304,10035354119,-1,0
0.06472,3,0,DONE,4194304,4194304,4194304,7472990551,-1,0
0.06474,0,0,INJECTING,732261799,732261799,5027229095,317046480964,-1,0
0.06474,1,0,DONE,4194304,4194304,4194304,28270287849,-1,0
0.06474,2,0,DONE,4194304,4194304,4194304,10035354119,-1,0
0.06474,3,0,DONE,4194304,4194304,4194304,7472990551,-1,0
0.06476,0,0,INJECTING,732261799,732261799,5027229095,317046480964,-1,0
0.06476,1,0,DONE,4194304,4194304,4194304,28270287849,-1,0
0.06476,2,0,DONE,4194304,4194304,4194304,10035354119,-1,0
0.06476,3,0,DONE,4194304,4194304,4194304,7472990551,-1,0
0.06478,0,0,INJECTING,732261799,732261799,5027229095,317046480964,-1,0
0.06478,1,0,DONE,4194304,4194304,4194304,28270287849,-1,0
0.06478,2,0,DONE,4194304,4194304,4194304,10035354119,-1,0
0.06478,3,0,DONE,4194304,4194304,4194304,7472990551,-1,0
0.0648,0,0,INJECTING,732261799,732261799,5027229095,317046480964,-1,0
0.0648,1,0,DONE,4194304,4194304,4194304,28270287849,-1,0
0.0648,2,0,DONE,4194304,4194304,4194304,10035354119,-1,0
0.0648,3,0,DONE,4194304,4194304,4194304,7472990551,-1,0
0.06482,0,0,INJECTING,732261799,732261799,5027229095,317046480964,-1,0
0.06482,1,0,DONE,4194304,4194304,4194304,28270287849,-1,0
0.06482,2,0,DONE,4194304,4194304,4194304,10035354119,-1,0
0.06482,3,0,DONE,4194304,4194304,4194304,7472990551,-1,0
0.06484,0,0,INJECTING,732261799,732261799,5027229095,317046480964,-1,0
0.06484,1,0,DONE,4194304,4194304,4194304,28270287849,-1,0
0.06484,2,0,DONE,4194304,4194304,4194304,10035354119,-1,0
0.06484,3,0,DONE,4194304,4194304,4194304,7472990551,-1,0
0.06486,0,0,INJECTING,732261799,732261799,5027229095,317046480964,-1,0
0.06486,1,0,DONE,4194304,4194304,4194304,28270287849,-1,0
0.06486,2,0,DONE,4194304,4194304,4194304,10035354119,-1,0
0.06486,3,0,DONE,4194304,4194304,4194304,7472990551,-1,0
0.06488,0,0,INJECTING,732261799,732261799,5027229095,317046480964,-1,0
0.06488,1,0,DONE,4194304,4194304,4194304,28270287849,-1,0
0.06488,2,0,DONE,4194304,4194304,4194304,10035354119,-1,0
0.06488,3,0,DONE,4194304,4194304,4194304,7472990551,-1,0
0.0649,0,0,INJECTING,732261799,732261799,5027229095,317046480964,-1,0
0.0649,1,0,DONE,4194304,4194304,4194304,28270287849,-1,0
0.0649,2,0,DONE,4194304,4194304,4194304,10035354119,-1,0
0.0649,3,0,DONE,4194304,4194304,4194304,7472990551,-1,0
0.06492,0,0,INJECTING,732261799,732261799,5027229095,317046480964,-1,0
0.06492,1,0,DONE,4194304,4194304,4194304,28270287849,-1,0
0.06492,2,0,DONE,4194304,4194304,4194304,10035354119,-1,0
0.06492,3,0,DONE,4194304,4194304,4194304,7472990551,-1,0
0.06494,0,0,INJECTING,732261799,732261799,5027229095,317046480964,-1,0
0.06494,1,0,DONE,4194304,4194304,4194304,28270287849,-1,0
0.06494,2,0,DONE,4194304,4194304,4194304,10035354119,-1,0
0.06494,3,0,DONE,4194304,4194304,4194304,7472990551,-1,0
0.06496,0,0,INJECTING,732261799,732261799,5027229095,317046480964,-1,0
0.06496,1,0,DONE,4194304,4194304,4194304,28270287849,-1,0
0.06496,2,0,DONE,4194304,4194304,4194304,10035354119,-1,0
0.06496,3,0,DONE,4194304,4194304,4194304,7472990551,-1,0
0.06498,0,0,INJECTING,732261799,732261799,5027229095,317046480964,-1,0
0.06498,1,0,DONE,4194304,4194304,4194304,28270287849,-1,0
0.06498,2,0,DONE,4194304,4194304,4194304,10035354119,-1,0
0.06498,3,0,DONE,4194304,4194304,4194304,7472990551,-1,0
0.065,0,0,INJECTING,732261799,732261799,5027229095,317046480964,-1,0
0.065,1,0,DONE,4194304,4194304,4194304,28270287849,-1,0
0.065,2,0,DONE,4194304,4194304,4194304,10035354119,-1,0
0.065,3,0,DONE,4194304,4194304,4194304,7472990551,-1,0
0.06502,0,0,INJECTING,732261799,732261799,5027229095,317046480964,-1,0
0.06502,1,0,DONE,4194304,4194304,4194304,28270287849,-1,0
0.06502,2,0,DONE,4194304,4194304,4194304,10035354119,-1,0
0.06502,3,0,DONE,4194304,4194304,4194304,7472990551,-1,0
0.06504,0,0,INJECTING,732261799,732261799,5027229095,317046480964,-1,0
0.06504,1,0,DONE,4194304,4194304,4194304,28270287849,-1,0
0.06504,2,0,DONE,4194304,4194304,4194304,10035354119,-1,0
0.06504,3,0,DONE,4194304,4194304,4194304,7472990551,-1,0
0.06506,0,0,INJECTING,732261799,732261799,5027229095,317046480964,-1,0
0.06506,1,0,DONE,4194304,4194304,4194304,28270287849,-1,0
0.06506,2,0,DONE,4194304,4194304,4194304,10035354119,-1,0
0.06506,3,0,DONE,4194304,4194304,4194304,7472990551,-1,0
0.06508,0,0,INJECTING,732261799,732261799,5027229095,317046480964,-1,0
0.06508,1,0,DONE,4194304,4194304,4194304,28270287849,-1,0
0.06508,2,0,DONE,4194304,4194304,4194304,10035354119,-1,0
0.06508,3,0,DONE,4194304,4194304,4194304,7472990551,-1,0
0.0651,0,0,INJECTING,732261799,732261799,5027229095,317046480964,-1,0
0.0651,1,0,DONE,4194304,4194304,4194304,28270287849,-1,0
0.0651,2,0,DONE,4194304,4194304,4194304,10035354119,-1,0
0.0651,3,0,DONE,4194304,4194304,4194304,7472990551,-1,0
0.06512,0,0,INJECTING,732261799,732261799,5027229095,317046480964,-1,0
0.06512,1,0,DONE,4194304,4194304,4194304,28270287849,-1,0
0.06512,2,0,DONE,4194304,4194304,4194304,10035354119,-1,0
0.06512,3,0,DONE,4194304,4194304,4194304,7472990551,-1,0
0.06514,0,0,INJECTING,732261799,732261799,5027229095,317046480964,-1,0
0.06514,1,0,DONE,4194304,4194304,4194304,28270287849,-1,0
0.06514,2,0,DONE,4194304,4194304,4194304,10035354119,-1,0
0.06514,3,0,DONE,4194304,4194304,4194304,7472990551,-1,0
0.06516,0,0,INJECTING,732261799,732261799,5027229095,317046480964,-1,0
0.06516,1,0,DONE,4194304,4194304,4194304,28270287849,-1,0
0.06516,2,0,DONE,4194304,4194304,4194304,10035354119,-1,0
0.06516,3,0,DONE,4194304,4194304,4194304,7472990551,-1,0
0.06518,0,0,INJECTING,732261799,732261799,5027229095,317046480964,-1,0
0.06518,1,0,DONE,4194304,4194304,4194304,28270287849,-1,0
0.06518,2,0,DONE,4194304,4194304,4194304,10035354119,-1,0
0.06518,3,0,DONE,4194304,4194304,4194304,7472990551,-1,0
0.0652,0,0,INJECTING,732261799,732261799,5027229095,317046480964,-1,0
0.0652,1,0,DONE,4194304,4194304,4194304,28270287849,-1,0
0.0652,2,0,DONE,4194304,4194304,4194304,10035354119,-1,0
0.0652,3,0,DONE,4194304,4194304,4194304,7472990551,-1,0
0.06522,0,0,INJECTING,732261799,732261799,5027229095,317046480964,-1,0
0.06522,1,0,DONE,4194304,4194304,4194304,28270287849,-1,0
0.06522,2,0,DONE,4194304,4194304,4194304,10035354119,-1,0
0.06522,3,0,DONE,4194304,4194304,4194304,7472990551,-1,0
0.06524,0,0,INJECTING,732261799,732261799,5027229095,317046480964,-1,0
0.06524,1,0,DONE,4194304,4194304,4194304,28270287849,-1,0
0.06524,2,0,DONE,4194304,4194304,4194304,10035354119,-1,0
0.06524,3,0,DONE,4194304,4194304,4194304,7472990551,-1,0
0.06526,0,0,INJECTING,732261799,732261799,5027229095,317046480964,-1,0
0.06526,1,0,DONE,4194304,4194304,4194304,28270287849,-1,0
0.06526,2,0,DONE,4194304,4194304,4194304,10035354119,-1,0
0.06526,3,0,DONE,4194304,4194304,4194304,7472990551,-1,0
0.06528,0,0,INJECTING,732261799,732261799,5027229095,317046480964,-1,0
0.06528,1,0,DONE,4194304,4194304,4194304,28270287849,-1,0
0.06528,2,0,DONE,4194304,4194304,4194304,10035354119,-1,0
0.06528,3,0,DONE,4194304,4194304,4194304,7472990551,-1,0
0.0653,0,0,INJECTING,732261799,732261799,5027229095,317046480964,-1,0
0.0653,1,0,DONE,4194304,4194304,4194304,28270287849,-1,0
0.0653,2,0,DONE,4194304,4194304,4194304,10035354119,-1,0
0.0653,3,0,DONE,4194304,4194304,4194304,7472990551,-1,0
0.06532,0,0,INJECTING,732261799,732261799,5027229095,317046480964,-1,0
0.06532,1,0,DONE,4194304,4194304,4194304,28270287849,-1,0
0.06532,2,0,DONE,4194304,4194304,4194304,10035354119,-1,0
0.06532,3,0,DONE,4194304,4194304,4194304,7472990551,-1,0
0.06534,0,0,INJECTING,732261799,732261799,5027229095,317046480964,-1,0
0.06534,1,0,DONE,4194304,4194304,4194304,28270287849,-1,0
0.06534,2,0,DONE,4194304,4194304,4194304,10035354119,-1,0
0.06534,3,0,DONE,4194304,4194304,4194304,7472990551,-1,0
0.06536,0,0,INJECTING,732261799,732261799,5027229095,317046480964,-1,0
0.06536,1,0,DONE,4194304,4194304,4194304,28270287849,-1,0
0.06536,2,0,DONE,4194304,4194304,4194304,10035354119,-1,0
0.06536,3,0,DONE,4194304,4194304,4194304,7472990551,-1,0
0.06538,0,0,INJECTING,732261799,732261799,5027229095,317046480964,-1,0
0.06538,1,0,DONE,4194304,4194304,4194304,28270287849,-1,0
0.06538,2,0,DONE,4194304,4194304,4194304,10035354119,-1,0
0.06538,3,0,DONE,4194304,4194304,4194304,7472990551,-1,0
0.0654,0,0,INJECTING,732261799,732261799,5027229095,317046480964,-1,0
0.0654,1,0,DONE,4194304,4194304,4194304,28270287849,-1,0
0.0654,2,0,DONE,4194304,4194304,4194304,10035354119,-1,0
0.0654,3,0,DONE,4194304,4194304,4194304,7472990551,-1,0
0.06542,0,0,INJECTING,732261799,732261799,5027229095,317046480964,-1,0
0.06542,1,0,DONE,4194304,4194304,4194304,28270287849,-1,0
0.06542,2,0,DONE,4194304,4194304,4194304,10035354119,-1,0
0.06542,3,0,DONE,4194304,4194304,4194304,7472990551,-1,0
0.06544,0,0,INJECTING,732261799,732261799,5027229095,317046480964,-1,0
0.06544,1,0,DONE,4194304,4194304,4194304,28270287849,-1,0
0.06544,2,0,DONE,4194304,4194304,4194304,10035354119,-1,0
0.06544,3,0,DONE,4194304,4194304,4194304,7472990551,-1,0
0.06546,0,0,INJECTING,732261799,732261799,5027229095,317046480964,-1,0
0.06546,1,0,DONE,4194304,4194304,4194304,28270287849,-1,0
0.06546,2,0,DONE,4194304,4194304,4194304,10035354119,-1,0
0.06546,3,0,DONE,4194304,4194304,4194304,7472990551,-1,0
0.06548,0,0,INJECTING,732261799,732261799,5027229095,317046480964,-1,0
0.06548,1,0,DONE,4194304,4194304,4194304,28270287849,-1,0
0.06548,2,0,DONE,4194304,4194304,4194304,10035354119,-1,0
0.06548,3,0,DONE,4194304,4194304,4194304,7472990551,-1,0
0.0655,0,0,INJECTING,732261799,732261799,5027229095,317046480964,-1,0
0.0655,1,0,DONE,4194304,4194304,4194304,28270287849,-1,0
0.0655,2,0,DONE,4194304,4194304,4194304,10035354119,-1,0
0.0655,3,0,DONE,4194304,4194304,4194304,7472990551,-1,0
0.06552,0,0,INJECTING,732261799,732261799,5027229095,317046480964,-1,0
0.06552,1,0,DONE,4194304,4194304,4194304,28270287849,-1,0
0.06552,2,0,DONE,4194304,4194304,4194304,10035354119,-1,0
0.06552,3,0,DONE,4194304,4194304,4194304,7472990551,-1,0
0.06554,0,0,INJECTING,732261799,732261799,5027229095,317046480964,-1,0
0.06554,1,0,DONE,4194304,4194304,4194304,28270287849,-1,0
0.06554,2,0,DONE,4194304,4194304,4194304,10035354119,-1,0
0.06554,3,0,DONE,4194304,4194304,4194304,7472990551,-1,0
0.06556,0,0,INJECTING,732261799,732261799,5027229095,317046480964,-1,0
0.06556,1,0,DONE,4194304,4194304,4194304,28270287849,-1,0
0.06556,2,0,DONE,4194304,4194304,4194304,10035354119,-1,0
0.06556,3,0,DONE,4194304,4194304,4194304,7472990551,-1,0
0.06558,0,0,INJECTING,732261799,732261799,5027229095,317046480964,-1,0
0.06558,1,0,DONE,4194304,4194304,4194304,28270287849,-1,0
0.06558,2,0,DONE,4194304,4194304,4194304,10035354119,-1,0
0.06558,3,0,DONE,4194304,4194304,4194304,7472990551,-1,0
0.0656,0,0,INJECTING,732261799,732261799,5027229095,317046480964,-1,0
0.0656,1,0,DONE,4194304,4194304,4194304,28270287849,-1,0
0.0656,2,0,DONE,4194304,4194304,4194304,10035354119,-1,0
0.0656,3,0,DONE,4194304,4194304,4194304,7472990551,-1,0
0.06562,0,0,INJECTING,732261799,732261799,5027229095,317046480964,-1,0
0.06562,1,0,DONE,4194304,4194304,4194304,28270287849,-1,0
0.06562,2,0,DONE,4194304,4194304,4194304,10035354119,-1,0
0.06562,3,0,DONE,4194304,4194304,4194304,7472990551,-1,0
0.06564,0,0,INJECTING,732261799,732261799,5027229095,317046480964,-1,0
0.06564,1,0,DONE,4194304,4194304,4194304,28270287849,-1,0
0.06564,2,0,DONE,4194304,4194304,4194304,10035354119,-1,0
0.06564,3,0,DONE,4194304,4194304,4194304,7472990551,-1,0
0.06566,0,0,INJECTING,732261799,732261799,5027229095,317046480964,-1,0
0.06566,1,0,DONE,4194304,4194304,4194304,28270287849,-1,0
0.06566,2,0,DONE,4194304,4194304,4194304,10035354119,-1,0
0.06566,3,0,DONE,4194304,4194304,4194304,7472990551,-1,0
0.06568,0,0,INJECTING,732261799,732261799,5027229095,317046480964,-1,0
0.06568,1,0,DONE,4194304,4194304,4194304,28270287849,-1,0
0.06568,2,0,DONE,4194304,4194304,4194304,10035354119,-1,0
0.06568,3,0,DONE,4194304,4194304,4194304,7472990551,-1,0
0.0657,0,0,INJECTING,732261799,732261799,5027229095,317046480964,-1,0
0.0657,1,0,DONE,4194304,4194304,4194304,28270287849,-1,0
0.0657,2,0,DONE,4194304,4194304,4194304,10035354119,-1,0
0.0657,3,0,DONE,4194304,4194304,4194304,7472990551,-1,0
0.06572,0,0,INJECTING,732261799,732261799,5027229095,317046480964,-1,0
0.06572,1,0,DONE,4194304,4194304,4194304,28270287849,-1,0
0.06572,2,0,DONE,4194304,4194304,4194304,10035354119,-1,0
0.06572,3,0,DONE,4194304,4194304,4194304,7472990551,-1,0
0.06574,0,0,INJECTING,732261799,732261799,5027229095,317046480964,-1,0
0.06574,1,0,DONE,4194304,4194304,4194304,28270287849,-1,0
0.06574,2,0,DONE,4194304,4194304,4194304,10035354119,-1,0
0.06574,3,0,DONE,4194304,4194304,4194304,7472990551,-1,0
0.06576,0,0,INJECTING,732261799,732261799,5027229095,317046480964,-1,0
0.06576,1,0,DONE,4194304,4194304,4194304,28270287849,-1,0
0.06576,2,0,DONE,4194304,4194304,4194304,10035354119,-1,0
0.06576,3,0,DONE,4194304,4194304,4194304,7472990551,-1,0
0.06578,0,0,INJECTING,732261799,732261799,5027229095,317046480964,-1,0
0.06578,1,0,DONE,4194304,4194304,4194304,28270287849,-1,0
0.06578,2,0,DONE,4194304,4194304,4194304,10035354119,-1,0
0.06578,3,0,DONE,4194304,4194304,4194304,7472990551,-1,0
0.0658,0,0,INJECTING,732261799,732261799,5027229095,317046480964,-1,0
0.0658,1,0,DONE,4194304,4194304,4194304,28270287849,-1,0
0.0658,2,0,DONE,4194304,4194304,4194304,10035354119,-1,0
0.0658,3,0,DONE,4194304,4194304,4194304,7472990551,-1,0
0.06582,0,0,INJECTING,732261799,732261799,5027229095,317046480964,-1,0
0.06582,1,0,DONE,4194304,4194304,4194304,28270287849,-1,0
0.06582,2,0,DONE,4194304,4194304,4194304,10035354119,-1,0
0.06582,3,0,DONE,4194304,4194304,4194304,7472990551,-1,0
0.06584,0,0,INJECTING,732261799,732261799,5027229095,317046480964,-1,0
0.06584,1,0,DONE,4194304,4194304,4194304,28270287849,-1,0
0.06584,2,0,DONE,4194304,4194304,4194304,10035354119,-1,0
0.06584,3,0,DONE,4194304,4194304,4194304,7472990551,-1,0
0.06586,0,0,INJECTING,732261799,732261799,5027229095,317046480964,-1,0
0.06586,1,0,DONE,4194304,4194304,4194304,28270287849,-1,0
0.06586,2,0,DONE,4194304,4194304,4194304,10035354119,-1,0
0.06586,3,0,DONE,4194304,4194304,4194304,7472990551,-1,0
0.06588,0,0,INJECTING,732261799,732261799,5027229095,317046480964,-1,0
0.06588,1,0,DONE,4194304,4194304,4194304,28270287849,-1,0
0.06588,2,0,DONE,4194304,4194304,4194304,10035354119,-1,0
0.06588,3,0,DONE,4194304,4194304,4194304,7472990551,-1,0
0.0659,0,0,INJECTING,732261799,732261799,5027229095,317046480964,-1,0
0.0659,1,0,DONE,4194304,4194304,4194304,28270287849,-1,0
0.0659,2,0,DONE,4194304,4194304,4194304,10035354119,-1,0
0.0659,3,0,DONE,4194304,4194304,4194304,7472990551,-1,0
0.06592,0,0,INJECTING,732261799,732261799,5027229095,317046480964,-1,0
0.06592,1,0,DONE,4194304,4194304,4194304,28270287849,-1,0
0.06592,2,0,DONE,4194304,4194304,4194304,10035354119,-1,0
0.06592,3,0,DONE,4194304,4194304,4194304,7472990551,-1,0
0.06594,0,0,INJECTING,732261799,732261799,5027229095,317046480964,-1,0
0.06594,1,0,DONE,4194304,4194304,4194304,28270287849,-1,0
0.06594,2,0,DONE,4194304,4194304,4194304,10035354119,-1,0
0.06594,3,0,DONE,4194304,4194304,4194304,7472990551,-1,0
0.06596,0,0,INJECTING,732261799,732261799,5027229095,317046480964,-1,0
0.06596,1,0,DONE,4194304,4194304,4194304,28270287849,-1,0
0.06596,2,0,DONE,4194304,4194304,4194304,10035354119,-1,0
0.06596,3,0,DONE,4194304,4194304,4194304,7472990551,-1,0
0.06598,0,0,INJECTING,732261799,732261799,5027229095,317046480964,-1,0
0.06598,1,0,DONE,4194304,4194304,4194304,28270287849,-1,0
0.06598,2,0,DONE,4194304,4194304,4194304,10035354119,-1,0
0.06598,3,0,DONE,4194304,4194304,4194304,7472990551,-1,0
0.066,0,0,INJECTING,732261799,732261799,5027229095,317046480964,-1,0
0.066,1,0,DONE,4194304,4194304,4194304,28270287849,-1,0
0.066,2,0,DONE,4194304,4194304,4194304,10035354119,-1,0
0.066,3,0,DONE,4194304,4194304,4194304,7472990551,-1,0
0.06602,0,0,INJECTING,732261799,732261799,5027229095,317046480964,-1,0
0.06602,1,0,DONE,4194304,4194304,4194304,28270287849,-1,0
0.06602,2,0,DONE,4194304,4194304,4194304,10035354119,-1,0
0.06602,3,0,DONE,4194304,4194304,4194304,7472990551,-1,0
0.06604,0,0,INJECTING,732261799,732261799,5027229095,317046480964,-1,0
0.06604,1,0,DONE,4194304,4194304,4194304,28270287849,-1,0
0.06604,2,0,DONE,4194304,4194304,4194304,10035354119,-1,0
0.06604,3,0,DONE,4194304,4194304,4194304,7472990551,-1,0
0.06606,0,0,INJECTING,732261799,732261799,5027229095,317046480964,-1,0
0.06606,1,0,DONE,4194304,4194304,4194304,28270287849,-1,0
0.06606,2,0,DONE,4194304,4194304,4194304,10035354119,-1,0
0.06606,3,0,DONE,4194304,4194304,4194304,7472990551,-1,0
0.06608,0,0,INJECTING,732261799,732261799,5027229095,317046480964,-1,0
0.06608,1,0,DONE,4194304,4194304,4194304,28270287849,-1,0
0.06608,2,0,DONE,4194304,4194304,4194304,10035354119,-1,0
0.06608,3,0,DONE,4194304,4194304,4194304,7472990551,-1,0
0.0661,0,0,INJECTING,732261799,732261799,5027229095,317046480964,-1,0
0.0661,1,0,DONE,4194304,4194304,4194304,28270287849,-1,0
0.0661,2,0,DONE,4194304,4194304,4194304,10035354119,-1,0
0.0661,3,0,DONE,4194304,4194304,4194304,7472990551,-1,0
0.06612,0,0,INJECTING,732261799,732261799,5027229095,317046480964,-1,0
0.06612,1,0,DONE,4194304,4194304,4194304,28270287849,-1,0
0.06612,2,0,DONE,4194304,4194304,4194304,10035354119,-1,0
0.06612,3,0,DONE,4194304,4194304,4194304,7472990551,-1,0
0.06614,0,0,INJECTING,732261799,732261799,5027229095,317046480964,-1,0
0.06614,1,0,DONE,4194304,4194304,4194304,28270287849,-1,0
0.06614,2,0,DONE,4194304,4194304,4194304,10035354119,-1,0
0.06614,3,0,DONE,4194304,4194304,4194304,7472990551,-1,0
0.06616,0,0,INJECTING,732261799,732261799,5027229095,317046480964,-1,0
0.06616,1,0,DONE,4194304,4194304,4194304,28270287849,-1,0
0.06616,2,0,DONE,4194304,4194304,4194304,10035354119,-1,0
0.06616,3,0,DONE,4194304,4194304,4194304,7472990551,-1,0
0.06618,0,0,INJECTING,732261799,732261799,5027229095,317046480964,-1,0
0.06618,1,0,DONE,4194304,4194304,4194304,28270287849,-1,0
0.06618,2,0,DONE,4194304,4194304,4194304,10035354119,-1,0
0.06618,3,0,DONE,4194304,4194304,4194304,7472990551,-1,0
0.0662,0,0,INJECTING,732261799,732261799,5027229095,317046480964,-1,0
0.0662,1,0,DONE,4194304,4194304,4194304,28270287849,-1,0
0.0662,2,0,DONE,4194304,4194304,4194304,10035354119,-1,0
0.0662,3,0,DONE,4194304,4194304,4194304,7472990551,-1,0
0.06622,0,0,INJECTING,732261799,732261799,5027229095,317046480964,-1,0
0.06622,1,0,DONE,4194304,4194304,4194304,28270287849,-1,0
0.06622,2,0,DONE,4194304,4194304,4194304,10035354119,-1,0
0.06622,3,0,DONE,4194304,4194304,4194304,7472990551,-1,0
0.06624,0,0,INJECTING,732261799,732261799,5027229095,317046480964,-1,0
0.06624,1,0,DONE,4194304,4194304,4194304,28270287849,-1,0
0.06624,2,0,DONE,4194304,4194304,4194304,10035354119,-1,0
0.06624,3,0,DONE,4194304,4194304,4194304,7472990551,-1,0
0.06626,0,0,INJECTING,732261799,732261799,5027229095,317046480964,-1,0
0.06626,1,0,DONE,4194304,4194304,4194304,28270287849,-1,0
0.06626,2,0,DONE,4194304,4194304,4194304,10035354119,-1,0
0.06626,3,0,DONE,4194304,4194304,4194304,7472990551,-1,0
0.06628,0,0,INJECTING,732261799,732261799,5027229095,317046480964,-1,0
0.06628,1,0,DONE,4194304,4194304,4194304,28270287849,-1,0
0.06628,2,0,DONE,4194304,4194304,4194304,10035354119,-1,0
0.06628,3,0,DONE,4194304,4194304,4194304,7472990551,-1,0
0.0663,0,0,INJECTING,732261799,732261799,5027229095,317046480964,-1,0
0.0663,1,0,DONE,4194304,4194304,4194304,28270287849,-1,0
0.0663,2,0,DONE,4194304,4194304,4194304,10035354119,-1,0
0.0663,3,0,DONE,4194304,4194304,4194304,7472990551,-1,0
0.06632,0,0,INJECTING,732261799,732261799,5027229095,317046480964,-1,0
0.06632,1,0,DONE,4194304,4194304,4194304,28270287849,-1,0
0.06632,2,0,DONE,4194304,4194304,4194304,10035354119,-1,0
0.06632,3,0,DONE,4194304,4194304,4194304,7472990551,-1,0
0.06634,0,0,INJECTING,732261799,732261799,5027229095,317046480964,-1,0
0.06634,1,0,DONE,4194304,4194304,4194304,28270287849,-1,0
0.06634,2,0,DONE,4194304,4194304,4194304,10035354119,-1,0
0.06634,3,0,DONE,4194304,4194304,4194304,7472990551,-1,0
0.06636,0,0,INJECTING,732261799,732261799,5027229095,317046480964,-1,0
0.06636,1,0,DONE,4194304,4194304,4194304,28270287849,-1,0
0.06636,2,0,DONE,4194304,4194304,4194304,10035354119,-1,0
0.06636,3,0,DONE,4194304,4194304,4194304,7472990551,-1,0
0.06638,0,0,INJECTING,732261799,732261799,5027229095,317046480964,-1,0
0.06638,1,0,DONE,4194304,4194304,4194304,28270287849,-1,0
0.06638,2,0,DONE,4194304,4194304,4194304,10035354119,-1,0
0.06638,3,0,DONE,4194304,4194304,4194304,7472990551,-1,0
0.0664,0,0,INJECTING,732261799,732261799,5027229095,317046480964,-1,0
0.0664,1,0,DONE,4194304,4194304,4194304,28270287849,-1,0
0.0664,2,0,DONE,4194304,4194304,4194304,10035354119,-1,0
0.0664,3,0,DONE,4194304,4194304,4194304,7472990551,-1,0
0.06642,0,0,INJECTING,732261799,732261799,5027229095,317046480964,-1,0
0.06642,1,0,DONE,4194304,4194304,4194304,28270287849,-1,0
0.06642,2,0,DONE,4194304,4194304,4194304,10035354119,-1,0
0.06642,3,0,DONE,4194304,4194304,4194304,7472990551,-1,0
0.06644,0,0,INJECTING,732261799,732261799,5027229095,317046480964,-1,0
0.06644,1,0,DONE,4194304,4194304,4194304,28270287849,-1,0
0.06644,2,0,DONE,4194304,4194304,4194304,10035354119,-1,0
0.06644,3,0,DONE,4194304,4194304,4194304,7472990551,-1,0
0.06646,0,0,INJECTING,732261799,732261799,5027229095,317046480964,-1,0
0.06646,1,0,DONE,4194304,4194304,4194304,28270287849,-1,0
0.06646,2,0,DONE,4194304,4194304,4194304,10035354119,-1,0
0.06646,3,0,DONE,4194304,4194304,4194304,7472990551,-1,0
0.06648,0,0,INJECTING,732261799,732261799,5027229095,317046480964,-1,0
0.06648,1,0,DONE,4194304,4194304,4194304,28270287849,-1,0
0.06648,2,0,DONE,4194304,4194304,4194304,10035354119,-1,0
0.06648,3,0,DONE,4194304,4194304,4194304,7472990551,-1,0
0.0665,0,0,INJECTING,732261799,732261799,5027229095,317046480964,-1,0
0.0665,1,0,DONE,4194304,4194304,4194304,28270287849,-1,0
0.0665,2,0,DONE,4194304,4194304,4194304,10035354119,-1,0
0.0665,3,0,DONE,4194304,4194304,4194304,7472990551,-1,0
0.06652,0,0,INJECTING,732261799,732261799,5027229095,317046480964,-1,0
0.06652,1,0,DONE,4194304,4194304,4194304,28270287849,-1,0
0.06652,2,0,DONE,4194304,4194304,4194304,10035354119,-1,0
0.06652,3,0,DONE,4194304,4194304,4194304,7472990551,-1,0
0.06654,0,0,INJECTING,732261799,732261799,5027229095,317046480964,-1,0
0.06654,1,0,DONE,4194304,4194304,4194304,28270287849,-1,0
0.06654,2,0,DONE,4194304,4194304,4194304,10035354119,-1,0
0.06654,3,0,DONE,4194304,4194304,4194304,7472990551,-1,0
0.06656,0,0,INJECTING,732261799,732261799,5027229095,317046480964,-1,0
0.06656,1,0,DONE,4194304,4194304,4194304,28270287849,-1,0
0.06656,2,0,DONE,4194304,4194304,4194304,10035354119,-1,0
0.06656,3,0,DONE,4194304,4194304,4194304,7472990551,-1,0
0.06658,0,0,INJECTING,732261799,732261799,5027229095,317046480964,-1,0
0.06658,1,0,DONE,4194304,4194304,4194304,28270287849,-1,0
0.06658,2,0,DONE,4194304,4194304,4194304,10035354119,-1,0
0.06658,3,0,DONE,4194304,4194304,4194304,7472990551,-1,0
0.0666,0,0,INJECTING,732261799,732261799,5027229095,317046480964,-1,0
0.0666,1,0,DONE,4194304,4194304,4194304,28270287849,-1,0
0.0666,2,0,DONE,4194304,4194304,4194304,10035354119,-1,0
0.0666,3,0,DONE,4194304,4194304,4194304,7472990551,-1,0
0.06662,0,0,INJECTING,732261799,732261799,5027229095,317046480964,-1,0
0.06662,1,0,DONE,4194304,4194304,4194304,28270287849,-1,0
0.06662,2,0,DONE,4194304,4194304,4194304,10035354119,-1,0
0.06662,3,0,DONE,4194304,4194304,4194304,7472990551,-1,0
0.06664,0,0,INJECTING,732261799,732261799,5027229095,317046480964,-1,0
0.06664,1,0,DONE,4194304,4194304,4194304,28270287849,-1,0
0.06664,2,0,DONE,4194304,4194304,4194304,10035354119,-1,0
0.06664,3,0,DONE,4194304,4194304,4194304,7472990551,-1,0
0.06666,0,0,INJECTING,732261799,732261799,5027229095,317046480964,-1,0
0.06666,1,0,DONE,4194304,4194304,4194304,28270287849,-1,0
0.06666,2,0,DONE,4194304,4194304,4194304,10035354119,-1,0
0.06666,3,0,DONE,4194304,4194304,4194304,7472990551,-1,0
0.06668,0,0,INJECTING,732261799,732261799,5027229095,317046480964,-1,0
0.06668,1,0,DONE,4194304,4194304,4194304,28270287849,-1,0
0.06668,2,0,DONE,4194304,4194304,4194304,10035354119,-1,0
0.06668,3,0,DONE,4194304,4194304,4194304,7472990551,-1,0
0.0667,0,0,INJECTING,732261799,732261799,5027229095,317046480964,-1,0
0.0667,1,0,DONE,4194304,4194304,4194304,28270287849,-1,0
0.0667,2,0,DONE,4194304,4194304,4194304,10035354119,-1,0
0.0667,3,0,DONE,4194304,4194304,4194304,7472990551,-1,0
0.06672,0,0,INJECTING,732261799,732261799,5027229095,317046480964,-1,0
0.06672,1,0,DONE,4194304,4194304,4194304,28270287849,-1,0
0.06672,2,0,DONE,4194304,4194304,4194304,10035354119,-1,0
0.06672,3,0,DONE,4194304,4194304,4194304,7472990551,-1,0
0.06674,0,0,INJECTING,732261799,732261799,5027229095,317046480964,-1,0
0.06674,1,0,DONE,4194304,4194304,4194304,28270287849,-1,0
0.06674,2,0,DONE,4194304,4194304,4194304,10035354119,-1,0
0.06674,3,0,DONE,4194304,4194304,4194304,7472990551,-1,0
0.06676,0,0,INJECTING,732261799,732261799,5027229095,317046480964,-1,0
0.06676,1,0,DONE,4194304,4194304,4194304,28270287849,-1,0
0.06676,2,0,DONE,4194304,4194304,4194304,10035354119,-1,0
0.06676,3,0,DONE,4194304,4194304,4194304,7472990551,-1,0
0.06678,0,0,INJECTING,732261799,732261799,5027229095,317046480964,-1,0
0.06678,1,0,DONE,4194304,4194304,4194304,28270287849,-1,0
0.06678,2,0,DONE,4194304,4194304,4194304,10035354119,-1,0
0.06678,3,0,DONE,4194304,4194304,4194304,7472990551,-1,0
0.0668,0,0,INJECTING,732261799,732261799,5027229095,317046480964,-1,0
0.0668,1,0,DONE,4194304,4194304,4194304,28270287849,-1,0
0.0668,2,0,DONE,4194304,4194304,4194304,10035354119,-1,0
0.0668,3,0,DONE,4194304,4194304,4194304,7472990551,-1,0
0.06682,0,0,INJECTING,732261799,732261799,5027229095,317046480964,-1,0
0.06682,1,0,DONE,4194304,4194304,4194304,28270287849,-1,0
0.06682,2,0,DONE,4194304,4194304,4194304,10035354119,-1,0
0.06682,3,0,DONE,4194304,4194304,4194304,7472990551,-1,0
0.06684,0,0,INJECTING,732261799,732261799,5027229095,317046480964,-1,0
0.06684,1,0,DONE,4194304,4194304,4194304,28270287849,-1,0
0.06684,2,0,DONE,4194304,4194304,4194304,10035354119,-1,0
0.06684,3,0,DONE,4194304,4194304,4194304,7472990551,-1,0
0.06686,0,0,INJECTING,732261799,732261799,5027229095,317046480964,-1,0
0.06686,1,0,DONE,4194304,4194304,4194304,28270287849,-1,0
0.06686,2,0,DONE,4194304,4194304,4194304,10035354119,-1,0
0.06686,3,0,DONE,4194304,4194304,4194304,7472990551,-1,0
0.06688,0,0,INJECTING,732261799,732261799,5027229095,317046480964,-1,0
0.06688,1,0,DONE,4194304,4194304,4194304,28270287849,-1,0
0.06688,2,0,DONE,4194304,4194304,4194304,10035354119,-1,0
0.06688,3,0,DONE,4194304,4194304,4194304,7472990551,-1,0
0.0669,0,0,INJECTING,732261799,732261799,5027229095,317046480964,-1,0
0.0669,1,0,DONE,4194304,4194304,4194304,28270287849,-1,0
0.0669,2,0,DONE,4194304,4194304,4194304,10035354119,-1,0
0.0669,3,0,DONE,4194304,4194304,4194304,7472990551,-1,0
0.06692,0,0,INJECTING,732261799,732261799,5027229095,317046480964,-1,0
0.06692,1,0,DONE,4194304,4194304,4194304,28270287849,-1,0
0.06692,2,0,DONE,4194304,4194304,4194304,10035354119,-1,0
0.06692,3,0,DONE,4194304,4194304,4194304,7472990551,-1,0
0.06694,0,0,INJECTING,732261799,732261799,5027229095,317046480964,-1,0
0.06694,1,0,DONE,4194304,4194304,4194304,28270287849,-1,0
0.06694,2,0,DONE,4194304,4194304,4194304,10035354119,-1,0
0.06694,3,0,DONE,4194304,4194304,4194304,7472990551,-1,0
0.06696,0,0,INJECTING,732261799,732261799,5027229095,317046480964,-1,0
0.06696,1,0,DONE,4194304,4194304,4194304,28270287849,-1,0
0.06696,2,0,DONE,4194304,4194304,4194304,10035354119,-1,0
0.06696,3,0,DONE,4194304,4194304,4194304,7472990551,-1,0
0.06698,0,0,INJECTING,732261799,732261799,5027229095,317046480964,-1,0
0.06698,1,0,DONE,4194304,4194304,4194304,28270287849,-1,0
0.06698,2,0,DONE,4194304,4194304,4194304,10035354119,-1,0
0.06698,3,0,DONE,4194304,4194304,4194304,7472990551,-1,0
0.067,0,0,INJECTING,732261799,732261799,5027229095,317046480964,-1,0
0.067,1,0,DONE,4194304,4194304,4194304,28270287849,-1,0
0.067,2,0,DONE,4194304,4194304,4194304,10035354119,-1,0
0.067,3,0,DONE,4194304,4194304,4194304,7472990551,-1,0
0.06702,0,0,INJECTING,732261799,732261799,5027229095,317046480964,-1,0
0.06702,1,0,DONE,4194304,4194304,4194304,28270287849,-1,0
0.06702,2,0,DONE,4194304,4194304,4194304,10035354119,-1,0
0.06702,3,0,DONE,4194304,4194304,4194304,7472990551,-1,0
0.06704,0,0,INJECTING,732261799,732261799,5027229095,317046480964,-1,0
0.06704,1,0,DONE,4194304,4194304,4194304,28270287849,-1,0
0.06704,2,0,DONE,4194304,4194304,4194304,10035354119,-1,0
0.06704,3,0,DONE,4194304,4194304,4194304,7472990551,-1,0
0.06706,0,0,INJECTING,732261799,732261799,5027229095,317046480964,-1,0
0.06706,1,0,DONE,4194304,4194304,4194304,28270287849,-1,0
0.06706,2,0,DONE,4194304,4194304,4194304,10035354119,-1,0
0.06706,3,0,DONE,4194304,4194304,4194304,7472990551,-1,0
0.06708,0,0,INJECTING,732261799,732261799,5027229095,317046480964,-1,0
0.06708,1,0,DONE,4194304,4194304,4194304,28270287849,-1,0
0.06708,2,0,DONE,4194304,4194304,4194304,10035354119,-1,0
0.06708,3,0,DONE,4194304,4194304,4194304,7472990551,-1,0
0.0671,0,0,INJECTING,732261799,732261799,5027229095,317046480964,-1,0
0.0671,1,0,DONE,4194304,4194304,4194304,28270287849,-1,0
0.0671,2,0,DONE,4194304,4194304,4194304,10035354119,-1,0
0.0671,3,0,DONE,4194304,4194304,4194304,7472990551,-1,0
0.06712,0,0,INJECTING,732261799,732261799,5027229095,317046480964,-1,0
0.06712,1,0,DONE,4194304,4194304,4194304,28270287849,-1,0
0.06712,2,0,DONE,4194304,4194304,4194304,10035354119,-1,0
0.06712,3,0,DONE,4194304,4194304,4194304,7472990551,-1,0
0.06714,0,0,INJECTING,732261799,732261799,5027229095,317046480964,-1,0
0.06714,1,0,DONE,4194304,4194304,4194304,28270287849,-1,0
0.06714,2,0,DONE,4194304,4194304,4194304,10035354119,-1,0
0.06714,3,0,DONE,4194304,4194304,4194304,7472990551,-1,0
0.06716,0,0,INJECTING,732261799,732261799,5027229095,317046480964,-1,0
0.06716,1,0,DONE,4194304,4194304,4194304,28270287849,-1,0
0.06716,2,0,DONE,4194304,4194304,4194304,10035354119,-1,0
0.06716,3,0,DONE,4194304,4194304,4194304,7472990551,-1,0
0.06718,0,0,INJECTING,732261799,732261799,5027229095,317046480964,-1,0
0.06718,1,0,DONE,4194304,4194304,4194304,28270287849,-1,0
0.06718,2,0,DONE,4194304,4194304,4194304,10035354119,-1,0
0.06718,3,0,DONE,4194304,4194304,4194304,7472990551,-1,0
0.0672,0,0,INJECTING,732261799,732261799,5027229095,317046480964,-1,0
0.0672,1,0,DONE,4194304,4194304,4194304,28270287849,-1,0
0.0672,2,0,DONE,4194304,4194304,4194304,10035354119,-1,0
0.0672,3,0,DONE,4194304,4194304,4194304,7472990551,-1,0
0.06722,0,0,INJECTING,732261799,732261799,5027229095,317046480964,-1,0
0.06722,1,0,DONE,4194304,4194304,4194304,28270287849,-1,0
0.06722,2,0,DONE,4194304,4194304,4194304,10035354119,-1,0
0.06722,3,0,DONE,4194304,4194304,4194304,7472990551,-1,0
0.06724,0,0,INJECTING,732261799,732261799,5027229095,317046480964,-1,0
0.06724,1,0,DONE,4194304,4194304,4194304,28270287849,-1,0
0.06724,2,0,DONE,4194304,4194304,4194304,10035354119,-1,0
0.06724,3,0,DONE,4194304,4194304,4194304,7472990551,-1,0
0.06726,0,0,INJECTING,732261799,732261799,5027229095,317046480964,-1,0
0.06726,1,0,DONE,4194304,4194304,4194304,28270287849,-1,0
0.06726,2,0,DONE,4194304,4194304,4194304,10035354119,-1,0
0.06726,3,0,DONE,4194304,4194304,4194304,7472990551,-1,0
0.06728,0,0,INJECTING,732261799,732261799,5027229095,317046480964,-1,0
0.06728,1,0,DONE,4194304,4194304,4194304,28270287849,-1,0
0.06728,2,0,DONE,4194304,4194304,4194304,10035354119,-1,0
0.06728,3,0,DONE,4194304,4194304,4194304,7472990551,-1,0
0.0673,0,0,INJECTING,732261799,732261799,5027229095,317046480964,-1,0
0.0673,1,0,DONE,4194304,4194304,4194304,28270287849,-1,0
0.0673,2,0,DONE,4194304,4194304,4194304,10035354119,-1,0
0.0673,3,0,DONE,4194304,4194304,4194304,7472990551,-1,0
0.06732,0,0,INJECTING,732261799,732261799,5027229095,317046480964,-1,0
0.06732,1,0,DONE,4194304,4194304,4194304,28270287849,-1,0
0.06732,2,0,DONE,4194304,4194304,4194304,10035354119,-1,0
0.06732,3,0,DONE,4194304,4194304,4194304,7472990551,-1,0
0.06734,0,0,INJECTING,732261799,732261799,5027229095,317046480964,-1,0
0.06734,1,0,DONE,4194304,4194304,4194304,28270287849,-1,0
0.06734,2,0,DONE,4194304,4194304,4194304,10035354119,-1,0
0.06734,3,0,DONE,4194304,4194304,4194304,7472990551,-1,0
0.06736,0,0,INJECTING,732261799,732261799,5027229095,317046480964,-1,0
0.06736,1,0,DONE,4194304,4194304,4194304,28270287849,-1,0
0.06736,2,0,DONE,4194304,4194304,4194304,10035354119,-1,0
0.06736,3,0,DONE,4194304,4194304,4194304,7472990551,-1,0
0.06738,0,0,INJECTING,732261799,732261799,5027229095,317046480964,-1,0
0.06738,1,0,DONE,4194304,4194304,4194304,28270287849,-1,0
0.06738,2,0,DONE,4194304,4194304,4194304,10035354119,-1,0
0.06738,3,0,DONE,4194304,4194304,4194304,7472990551,-1,0
0.0674,0,0,INJECTING,732261799,732261799,5027229095,317046480964,-1,0
0.0674,1,0,DONE,4194304,4194304,4194304,28270287849,-1,0
0.0674,2,0,DONE,4194304,4194304,4194304,10035354119,-1,0
0.0674,3,0,DONE,4194304,4194304,4194304,7472990551,-1,0
0.06742,0,0,INJECTING,732261799,732261799,5027229095,317046480964,-1,0
0.06742,1,0,DONE,4194304,4194304,4194304,28270287849,-1,0
0.06742,2,0,DONE,4194304,4194304,4194304,10035354119,-1,0
0.06742,3,0,DONE,4194304,4194304,4194304,7472990551,-1,0
0.06744,0,0,INJECTING,732261799,732261799,5027229095,317046480964,-1,0
0.06744,1,0,DONE,4194304,4194304,4194304,28270287849,-1,0
0.06744,2,0,DONE,4194304,4194304,4194304,10035354119,-1,0
0.06744,3,0,DONE,4194304,4194304,4194304,7472990551,-1,0
0.06746,0,0,INJECTING,732261799,732261799,5027229095,317046480964,-1,0
0.06746,1,0,DONE,4194304,4194304,4194304,28270287849,-1,0
0.06746,2,0,DONE,4194304,4194304,4194304,10035354119,-1,0
0.06746,3,0,DONE,4194304,4194304,4194304,7472990551,-1,0
0.06748,0,0,INJECTING,732261799,732261799,5027229095,317046480964,-1,0
0.06748,1,0,DONE,4194304,4194304,4194304,28270287849,-1,0
0.06748,2,0,DONE,4194304,4194304,4194304,10035354119,-1,0
0.06748,3,0,DONE,4194304,4194304,4194304,7472990551,-1,0
0.0675,0,0,INJECTING,732261799,732261799,5027229095,317046480964,-1,0
0.0675,1,0,DONE,4194304,4194304,4194304,28270287849,-1,0
0.0675,2,0,DONE,4194304,4194304,4194304,10035354119,-1,0
0.0675,3,0,DONE,4194304,4194304,4194304,7472990551,-1,0
0.06752,0,0,INJECTING,732261799,732261799,5027229095,317046480964,-1,0
0.06752,1,0,DONE,4194304,4194304,4194304,28270287849,-1,0
0.06752,2,0,DONE,4194304,4194304,4194304,10035354119,-1,0
0.06752,3,0,DONE,4194304,4194304,4194304,7472990551,-1,0
0.06754,0,0,INJECTING,732261799,732261799,5027229095,317046480964,-1,0
0.06754,1,0,DONE,4194304,4194304,4194304,28270287849,-1,0
0.06754,2,0,DONE,4194304,4194304,4194304,10035354119,-1,0
0.06754,3,0,DONE,4194304,4194304,4194304,7472990551,-1,0
0.06756,0,0,INJECTING,732261799,732261799,5027229095,317046480964,-1,0
0.06756,1,0,DONE,4194304,4194304,4194304,28270287849,-1,0
0.06756,2,0,DONE,4194304,4194304,4194304,10035354119,-1,0
0.06756,3,0,DONE,4194304,4194304,4194304,7472990551,-1,0
0.06758,0,0,INJECTING,732261799,732261799,5027229095,317046480964,-1,0
0.06758,1,0,DONE,4194304,4194304,4194304,28270287849,-1,0
0.06758,2,0,DONE,4194304,4194304,4194304,10035354119,-1,0
0.06758,3,0,DONE,4194304,4194304,4194304,7472990551,-1,0
0.0676,0,0,INJECTING,732261799,732261799,5027229095,317046480964,-1,0
0.0676,1,0,DONE,4194304,4194304,4194304,28270287849,-1,0
0.0676,2,0,DONE,4194304,4194304,4194304,10035354119,-1,0
0.0676,3,0,DONE,4194304,4194304,4194304,7472990551,-1,0
0.06762,0,0,INJECTING,732261799,732261799,5027229095,317046480964,-1,0
0.06762,1,0,DONE,4194304,4194304,4194304,28270287849,-1,0
0.06762,2,0,DONE,4194304,4194304,4194304,10035354119,-1,0
0.06762,3,0,DONE,4194304,4194304,4194304,7472990551,-1,0
0.06764,0,0,INJECTING,732261799,732261799,5027229095,317046480964,-1,0
0.06764,1,0,DONE,4194304,4194304,4194304,28270287849,-1,0
0.06764,2,0,DONE,4194304,4194304,4194304,10035354119,-1,0
0.06764,3,0,DONE,4194304,4194304,4194304,7472990551,-1,0
0.06766,0,0,INJECTING,732261799,732261799,5027229095,317046480964,-1,0
0.06766,1,0,DONE,4194304,4194304,4194304,28270287849,-1,0
0.06766,2,0,DONE,4194304,4194304,4194304,10035354119,-1,0
0.06766,3,0,DONE,4194304,4194304,4194304,7472990551,-1,0
0.06768,0,0,INJECTING,732261799,732261799,5027229095,317046480964,-1,0
0.06768,1,0,DONE,4194304,4194304,4194304,28270287849,-1,0
0.06768,2,0,DONE,4194304,4194304,4194304,10035354119,-1,0
0.06768,3,0,DONE,4194304,4194304,4194304,7472990551,-1,0
0.0677,0,0,INJECTING,732261799,732261799,5027229095,317046480964,-1,0
0.0677,1,0,DONE,4194304,4194304,4194304,28270287849,-1,0
0.0677,2,0,DONE,4194304,4194304,4194304,10035354119,-1,0
0.0677,3,0,DONE,4194304,4194304,4194304,7472990551,-1,0
0.06772,0,0,INJECTING,732261799,732261799,5027229095,317046480964,-1,0
0.06772,1,0,DONE,4194304,4194304,4194304,28270287849,-1,0
0.06772,2,0,DONE,4194304,4194304,4194304,10035354119,-1,0
0.06772,3,0,DONE,4194304,4194304,4194304,7472990551,-1,0
0.06774,0,0,INJECTING,732261799,732261799,5027229095,317046480964,-1,0
0.06774,1,0,DONE,4194304,4194304,4194304,28270287849,-1,0
0.06774,2,0,DONE,4194304,4194304,4194304,10035354119,-1,0
0.06774,3,0,DONE,4194304,4194304,4194304,7472990551,-1,0
0.06776,0,0,INJECTING,732261799,732261799,5027229095,317046480964,-1,0
0.06776,1,0,DONE,4194304,4194304,4194304,28270287849,-1,0
0.06776,2,0,DONE,4194304,4194304,4194304,10035354119,-1,0
0.06776,3,0,DONE,4194304,4194304,4194304,7472990551,-1,0
0.06778,0,0,INJECTING,732261799,732261799,5027229095,317046480964,-1,0
0.06778,1,0,DONE,4194304,4194304,4194304,28270287849,-1,0
0.06778,2,0,DONE,4194304,4194304,4194304,10035354119,-1,0
0.06778,3,0,DONE,4194304,4194304,4194304,7472990551,-1,0
0.0678,0,0,INJECTING,732261799,732261799,5027229095,317046480964,-1,0
0.0678,1,0,DONE,4194304,4194304,4194304,28270287849,-1,0
0.0678,2,0,DONE,4194304,4194304,4194304,10035354119,-1,0
0.0678,3,0,DONE,4194304,4194304,4194304,7472990551,-1,0
0.06782,0,0,INJECTING,732261799,732261799,5027229095,317046480964,-1,0
0.06782,1,0,DONE,4194304,4194304,4194304,28270287849,-1,0
0.06782,2,0,DONE,4194304,4194304,4194304,10035354119,-1,0
0.06782,3,0,DONE,4194304,4194304,4194304,7472990551,-1,0
0.06784,0,0,INJECTING,732261799,732261799,5027229095,317046480964,-1,0
0.06784,1,0,DONE,4194304,4194304,4194304,28270287849,-1,0
0.06784,2,0,DONE,4194304,4194304,4194304,10035354119,-1,0
0.06784,3,0,DONE,4194304,4194304,4194304,7472990551,-1,0
0.06786,0,0,INJECTING,732261799,732261799,5027229095,317046480964,-1,0
0.06786,1,0,DONE,4194304,4194304,4194304,28270287849,-1,0
0.06786,2,0,DONE,4194304,4194304,4194304,10035354119,-1,0
0.06786,3,0,DONE,4194304,4194304,4194304,7472990551,-1,0
0.06788,0,0,INJECTING,732261799,732261799,5027229095,317046480964,-1,0
0.06788,1,0,DONE,4194304,4194304,4194304,28270287849,-1,0
0.06788,2,0,DONE,4194304,4194304,4194304,10035354119,-1,0
0.06788,3,0,DONE,4194304,4194304,4194304,7472990551,-1,0
0.0679,0,0,INJECTING,732261799,732261799,5027229095,317046480964,-1,0
0.0679,1,0,DONE,4194304,4194304,4194304,28270287849,-1,0
0.0679,2,0,DONE,4194304,4194304,4194304,10035354119,-1,0
0.0679,3,0,DONE,4194304,4194304,4194304,7472990551,-1,0
0.06792,0,0,INJECTING,732261799,732261799,5027229095,317046480964,-1,0
0.06792,1,0,DONE,4194304,4194304,4194304,28270287849,-1,0
0.06792,2,0,DONE,4194304,4194304,4194304,10035354119,-1,0
0.06792,3,0,DONE,4194304,4194304,4194304,7472990551,-1,0
0.06794,0,0,INJECTING,732261799,732261799,5027229095,317046480964,-1,0
0.06794,1,0,DONE,4194304,4194304,4194304,28270287849,-1,0
0.06794,2,0,DONE,4194304,4194304,4194304,10035354119,-1,0
0.06794,3,0,DONE,4194304,4194304,4194304,7472990551,-1,0
0.06796,0,0,INJECTING,732261799,732261799,5027229095,317046480964,-1,0
0.06796,1,0,DONE,4194304,4194304,4194304,28270287849,-1,0
0.06796,2,0,DONE,4194304,4194304,4194304,10035354119,-1,0
0.06796,3,0,DONE,4194304,4194304,4194304,7472990551,-1,0
0.06798,0,0,INJECTING,732261799,732261799,5027229095,317046480964,-1,0
0.06798,1,0,DONE,4194304,4194304,4194304,28270287849,-1,0
0.06798,2,0,DONE,4194304,4194304,4194304,10035354119,-1,0
0.06798,3,0,DONE,4194304,4194304,4194304,7472990551,-1,0
0.068,0,0,INJECTING,732261799,732261799,5027229095,317046480964,-1,0
0.068,1,0,DONE,4194304,4194304,4194304,28270287849,-1,0
0.068,2,0,DONE,4194304,4194304,4194304,10035354119,-1,0
0.068,3,0,DONE,4194304,4194304,4194304,7472990551,-1,0
0.06802,0,0,INJECTING,732261799,732261799,5027229095,317046480964,-1,0
0.06802,1,0,DONE,4194304,4194304,4194304,28270287849,-1,0
0.06802,2,0,DONE,4194304,4194304,4194304,10035354119,-1,0
0.06802,3,0,DONE,4194304,4194304,4194304,7472990551,-1,0
0.06804,0,0,INJECTING,732261799,732261799,5027229095,317046480964,-1,0
0.06804,1,0,DONE,4194304,4194304,4194304,28270287849,-1,0
0.06804,2,0,DONE,4194304,4194304,4194304,10035354119,-1,0
0.06804,3,0,DONE,4194304,4194304,4194304,7472990551,-1,0
0.06806,0,0,INJECTING,732261799,732261799,5027229095,317046480964,-1,0
0.06806,1,0,DONE,4194304,4194304,4194304,28270287849,-1,0
0.06806,2,0,DONE,4194304,4194304,4194304,10035354119,-1,0
0.06806,3,0,DONE,4194304,4194304,4194304,7472990551,-1,0
0.06808,0,0,INJECTING,732261799,732261799,5027229095,317046480964,-1,0
0.06808,1,0,DONE,4194304,4194304,4194304,28270287849,-1,0
0.06808,2,0,DONE,4194304,4194304,4194304,10035354119,-1,0
0.06808,3,0,DONE,4194304,4194304,4194304,7472990551,-1,0
0.0681,0,0,INJECTING,732261799,732261799,5027229095,317046480964,-1,0
0.0681,1,0,DONE,4194304,4194304,4194304,28270287849,-1,0
0.0681,2,0,DONE,4194304,4194304,4194304,10035354119,-1,0
0.0681,3,0,DONE,4194304,4194304,4194304,7472990551,-1,0
0.06812,0,0,INJECTING,732261799,732261799,5027229095,317046480964,-1,0
0.06812,1,0,DONE,4194304,4194304,4194304,28270287849,-1,0
0.06812,2,0,DONE,4194304,4194304,4194304,10035354119,-1,0
0.06812,3,0,DONE,4194304,4194304,4194304,7472990551,-1,0
0.06814,0,0,INJECTING,732261799,732261799,5027229095,317046480964,-1,0
0.06814,1,0,DONE,4194304,4194304,4194304,28270287849,-1,0
0.06814,2,0,DONE,4194304,4194304,4194304,10035354119,-1,0
0.06814,3,0,DONE,4194304,4194304,4194304,7472990551,-1,0
0.06816,0,0,INJECTING,732261799,732261799,5027229095,317046480964,-1,0
0.06816,1,0,DONE,4194304,4194304,4194304,28270287849,-1,0
0.06816,2,0,DONE,4194304,4194304,4194304,10035354119,-1,0
0.06816,3,0,DONE,4194304,4194304,4194304,7472990551,-1,0
0.06818,0,0,INJECTING,732261799,732261799,5027229095,317046480964,-1,0
0.06818,1,0,DONE,4194304,4194304,4194304,28270287849,-1,0
0.06818,2,0,DONE,4194304,4194304,4194304,10035354119,-1,0
0.06818,3,0,DONE,4194304,4194304,4194304,7472990551,-1,0
0.0682,0,0,INJECTING,732261799,732261799,5027229095,317046480964,-1,0
0.0682,1,0,DONE,4194304,4194304,4194304,28270287849,-1,0
0.0682,2,0,DONE,4194304,4194304,4194304,10035354119,-1,0
0.0682,3,0,DONE,4194304,4194304,4194304,7472990551,-1,0
0.06822,0,0,INJECTING,732261799,732261799,5027229095,317046480964,-1,0
0.06822,1,0,DONE,4194304,4194304,4194304,28270287849,-1,0
0.06822,2,0,DONE,4194304,4194304,4194304,10035354119,-1,0
0.06822,3,0,DONE,4194304,4194304,4194304,7472990551,-1,0
0.06824,0,0,INJECTING,732261799,732261799,5027229095,317046480964,-1,0
0.06824,1,0,DONE,4194304,4194304,4194304,28270287849,-1,0
0.06824,2,0,DONE,4194304,4194304,4194304,10035354119,-1,0
0.06824,3,0,DONE,4194304,4194304,4194304,7472990551,-1,0
0.06826,0,0,INJECTING,732261799,732261799,5027229095,317046480964,-1,0
0.06826,1,0,DONE,4194304,4194304,4194304,28270287849,-1,0
0.06826,2,0,DONE,4194304,4194304,4194304,10035354119,-1,0
0.06826,3,0,DONE,4194304,4194304,4194304,7472990551,-1,0
0.06828,0,0,INJECTING,732261799,732261799,5027229095,317046480964,-1,0
0.06828,1,0,DONE,4194304,4194304,4194304,28270287849,-1,0
0.06828,2,0,DONE,4194304,4194304,4194304,10035354119,-1,0
0.06828,3,0,DONE,4194304,4194304,4194304,7472990551,-1,0
0.0683,0,0,INJECTING,732261799,732261799,5027229095,317046480964,-1,0
0.0683,1,0,DONE,4194304,4194304,4194304,28270287849,-1,0
0.0683,2,0,DONE,4194304,4194304,4194304,10035354119,-1,0
0.0683,3,0,DONE,4194304,4194304,4194304,7472990551,-1,0
0.06832,0,0,INJECTING,732261799,732261799,5027229095,317046480964,-1,0
0.06832,1,0,DONE,4194304,4194304,4194304,28270287849,-1,0
0.06832,2,0,DONE,4194304,4194304,4194304,10035354119,-1,0
0.06832,3,0,DONE,4194304,4194304,4194304,7472990551,-1,0
0.06834,0,0,INJECTING,732261799,732261799,5027229095,317046480964,-1,0
0.06834,1,0,DONE,4194304,4194304,4194304,28270287849,-1,0
0.06834,2,0,DONE,4194304,4194304,4194304,10035354119,-1,0
0.06834,3,0,DONE,4194304,4194304,4194304,7472990551,-1,0
0.06836,0,0,INJECTING,732261799,732261799,5027229095,317046480964,-1,0
0.06836,1,0,DONE,4194304,4194304,4194304,28270287849,-1,0
0.06836,2,0,DONE,4194304,4194304,4194304,10035354119,-1,0
0.06836,3,0,DONE,4194304,4194304,4194304,7472990551,-1,0
0.06838,0,0,INJECTING,732261799,732261799,5027229095,317046480964,-1,0
0.06838,1,0,DONE,4194304,4194304,4194304,28270287849,-1,0
0.06838,2,0,DONE,4194304,4194304,4194304,10035354119,-1,0
0.06838,3,0,DONE,4194304,4194304,4194304,7472990551,-1,0
0.0684,0,0,INJECTING,732261799,732261799,5027229095,317046480964,-1,0
0.0684,1,0,DONE,4194304,4194304,4194304,28270287849,-1,0
0.0684,2,0,DONE,4194304,4194304,4194304,10035354119,-1,0
0.0684,3,0,DONE,4194304,4194304,4194304,7472990551,-1,0
0.06842,0,0,INJECTING,732261799,732261799,5027229095,317046480964,-1,0
0.06842,1,0,DONE,4194304,4194304,4194304,28270287849,-1,0
0.06842,2,0,DONE,4194304,4194304,4194304,10035354119,-1,0
0.06842,3,0,DONE,4194304,4194304,4194304,7472990551,-1,0
0.06844,0,0,INJECTING,732261799,732261799,5027229095,317046480964,-1,0
0.06844,1,0,DONE,4194304,4194304,4194304,28270287849,-1,0
0.06844,2,0,DONE,4194304,4194304,4194304,10035354119,-1,0
0.06844,3,0,DONE,4194304,4194304,4194304,7472990551,-1,0
0.06846,0,0,INJECTING,732261799,732261799,5027229095,317046480964,-1,0
0.06846,1,0,DONE,4194304,4194304,4194304,28270287849,-1,0
0.06846,2,0,DONE,4194304,4194304,4194304,10035354119,-1,0
0.06846,3,0,DONE,4194304,4194304,4194304,7472990551,-1,0
0.06848,0,0,INJECTING,732261799,732261799,5027229095,317046480964,-1,0
0.06848,1,0,DONE,4194304,4194304,4194304,28270287849,-1,0
0.06848,2,0,DONE,4194304,4194304,4194304,10035354119,-1,0
0.06848,3,0,DONE,4194304,4194304,4194304,7472990551,-1,0
0.0685,0,0,INJECTING,732261799,732261799,5027229095,317046480964,-1,0
0.0685,1,0,DONE,4194304,4194304,4194304,28270287849,-1,0
0.0685,2,0,DONE,4194304,4194304,4194304,10035354119,-1,0
0.0685,3,0,DONE,4194304,4194304,4194304,7472990551,-1,0
0.06852,0,0,INJECTING,732261799,732261799,5027229095,317046480964,-1,0
0.06852,1,0,DONE,4194304,4194304,4194304,28270287849,-1,0
0.06852,2,0,DONE,4194304,4194304,4194304,10035354119,-1,0
0.06852,3,0,DONE,4194304,4194304,4194304,7472990551,-1,0
0.06854,0,0,INJECTING,732261799,732261799,5027229095,317046480964,-1,0
0.06854,1,0,DONE,4194304,4194304,4194304,28270287849,-1,0
0.06854,2,0,DONE,4194304,4194304,4194304,10035354119,-1,0
0.06854,3,0,DONE,4194304,4194304,4194304,7472990551,-1,0
0.06856,0,0,INJECTING,732261799,732261799,5027229095,317046480964,-1,0
0.06856,1,0,DONE,4194304,4194304,4194304,28270287849,-1,0
0.06856,2,0,DONE,4194304,4194304,4194304,10035354119,-1,0
0.06856,3,0,DONE,4194304,4194304,4194304,7472990551,-1,0
0.06858,0,0,INJECTING,732261799,732261799,5027229095,317046480964,-1,0
0.06858,1,0,DONE,4194304,4194304,4194304,28270287849,-1,0
0.06858,2,0,DONE,4194304,4194304,4194304,10035354119,-1,0
0.06858,3,0,DONE,4194304,4194304,4194304,7472990551,-1,0
0.0686,0,0,INJECTING,732261799,732261799,5027229095,317046480964,-1,0
0.0686,1,0,DONE,4194304,4194304,4194304,28270287849,-1,0
0.0686,2,0,DONE,4194304,4194304,4194304,10035354119,-1,0
0.0686,3,0,DONE,4194304,4194304,4194304,7472990551,-1,0
0.06862,0,0,INJECTING,732261799,732261799,5027229095,317046480964,-1,0
0.06862,1,0,DONE,4194304,4194304,4194304,28270287849,-1,0
0.06862,2,0,DONE,4194304,4194304,4194304,10035354119,-1,0
0.06862,3,0,DONE,4194304,4194304,4194304,7472990551,-1,0
0.06864,0,0,INJECTING,732261799,732261799,5027229095,317046480964,-1,0
0.06864,1,0,DONE,4194304,4194304,4194304,28270287849,-1,0
0.06864,2,0,DONE,4194304,4194304,4194304,10035354119,-1,0
0.06864,3,0,DONE,4194304,4194304,4194304,7472990551,-1,0
0.06866,0,0,INJECTING,732261799,732261799,5027229095,317046480964,-1,0
0.06866,1,0,DONE,4194304,4194304,4194304,28270287849,-1,0
0.06866,2,0,DONE,4194304,4194304,4194304,10035354119,-1,0
0.06866,3,0,DONE,4194304,4194304,4194304,7472990551,-1,0
0.06868,0,0,INJECTING,732261799,732261799,5027229095,317046480964,-1,0
0.06868,1,0,DONE,4194304,4194304,4194304,28270287849,-1,0
0.06868,2,0,DONE,4194304,4194304,4194304,10035354119,-1,0
0.06868,3,0,DONE,4194304,4194304,4194304,7472990551,-1,0
0.0687,0,0,INJECTING,732261799,732261799,5027229095,317046480964,-1,0
0.0687,1,0,DONE,4194304,4194304,4194304,28270287849,-1,0
0.0687,2,0,DONE,4194304,4194304,4194304,10035354119,-1,0
0.0687,3,0,DONE,4194304,4194304,4194304,7472990551,-1,0
0.06872,0,0,INJECTING,732261799,732261799,5027229095,317046480964,-1,0
0.06872,1,0,DONE,4194304,4194304,4194304,28270287849,-1,0
0.06872,2,0,DONE,4194304,4194304,4194304,10035354119,-1,0
0.06872,3,0,DONE,4194304,4194304,4194304,7472990551,-1,0
0.06874,0,0,INJECTING,732261799,732261799,5027229095,317046480964,-1,0
0.06874,1,0,DONE,4194304,4194304,4194304,28270287849,-1,0
0.06874,2,0,DONE,4194304,4194304,4194304,10035354119,-1,0
0.06874,3,0,DONE,4194304,4194304,4194304,7472990551,-1,0
0.06876,0,0,INJECTING,732261799,732261799,5027229095,317046480964,-1,0
0.06876,1,0,DONE,4194304,4194304,4194304,28270287849,-1,0
0.06876,2,0,DONE,4194304,4194304,4194304,10035354119,-1,0
0.06876,3,0,DONE,4194304,4194304,4194304,7472990551,-1,0
0.06878,0,0,INJECTING,732261799,732261799,5027229095,317046480964,-1,0
0.06878,1,0,DONE,4194304,4194304,4194304,28270287849,-1,0
0.06878,2,0,DONE,4194304,4194304,4194304,10035354119,-1,0
0.06878,3,0,DONE,4194304,4194304,4194304,7472990551,-1,0
0.0688,0,0,INJECTING,732261799,732261799,5027229095,317046480964,-1,0
0.0688,1,0,DONE,4194304,4194304,4194304,28270287849,-1,0
0.0688,2,0,DONE,4194304,4194304,4194304,10035354119,-1,0
0.0688,3,0,DONE,4194304,4194304,4194304,7472990551,-1,0
0.06882,0,0,INJECTING,732261799,732261799,5027229095,317046480964,-1,0
0.06882,1,0,DONE,4194304,4194304,4194304,28270287849,-1,0
0.06882,2,0,DONE,4194304,4194304,4194304,10035354119,-1,0
0.06882,3,0,DONE,4194304,4194304,4194304,7472990551,-1,0
0.06884,0,0,INJECTING,732261799,732261799,5027229095,317046480964,-1,0
0.06884,1,0,DONE,4194304,4194304,4194304,28270287849,-1,0
0.06884,2,0,DONE,4194304,4194304,4194304,10035354119,-1,0
0.06884,3,0,DONE,4194304,4194304,4194304,7472990551,-1,0
0.06886,0,0,INJECTING,732261799,732261799,5027229095,317046480964,-1,0
0.06886,1,0,DONE,4194304,4194304,4194304,28270287849,-1,0
0.06886,2,0,DONE,4194304,4194304,4194304,10035354119,-1,0
0.06886,3,0,DONE,4194304,4194304,4194304,7472990551,-1,0
0.06888,0,0,INJECTING,732261799,732261799,5027229095,317046480964,-1,0
0.06888,1,0,DONE,4194304,4194304,4194304,28270287849,-1,0
0.06888,2,0,DONE,4194304,4194304,4194304,10035354119,-1,0
0.06888,3,0,DONE,4194304,4194304,4194304,7472990551,-1,0
0.0689,0,0,INJECTING,732261799,732261799,5027229095,317046480964,-1,0
0.0689,1,0,DONE,4194304,4194304,4194304,28270287849,-1,0
0.0689,2,0,DONE,4194304,4194304,4194304,10035354119,-1,0
0.0689,3,0,DONE,4194304,4194304,4194304,7472990551,-1,0
0.06892,0,0,INJECTING,732261799,732261799,5027229095,317046480964,-1,0
0.06892,1,0,DONE,4194304,4194304,4194304,28270287849,-1,0
0.06892,2,0,DONE,4194304,4194304,4194304,10035354119,-1,0
0.06892,3,0,DONE,4194304,4194304,4194304,7472990551,-1,0
0.06894,0,0,INJECTING,732261799,732261799,5027229095,317046480964,-1,0
0.06894,1,0,DONE,4194304,4194304,4194304,28270287849,-1,0
0.06894,2,0,DONE,4194304,4194304,4194304,10035354119,-1,0
0.06894,3,0,DONE,4194304,4194304,4194304,7472990551,-1,0
0.06896,0,0,INJECTING,732261799,732261799,5027229095,317046480964,-1,0
0.06896,1,0,DONE,4194304,4194304,4194304,28270287849,-1,0
0.06896,2,0,DONE,4194304,4194304,4194304,10035354119,-1,0
0.06896,3,0,DONE,4194304,4194304,4194304,7472990551,-1,0
0.06898,0,0,INJECTING,732261799,732261799,5027229095,317046480964,-1,0
0.06898,1,0,DONE,4194304,4194304,4194304,28270287849,-1,0
0.06898,2,0,DONE,4194304,4194304,4194304,10035354119,-1,0
0.06898,3,0,DONE,4194304,4194304,4194304,7472990551,-1,0
0.069,0,0,INJECTING,732261799,732261799,5027229095,317046480964,-1,0
0.069,1,0,DONE,4194304,4194304,4194304,28270287849,-1,0
0.069,2,0,DONE,4194304,4194304,4194304,10035354119,-1,0
0.069,3,0,DONE,4194304,4194304,4194304,7472990551,-1,0
0.06902,0,0,INJECTING,732261799,732261799,5027229095,317046480964,-1,0
0.06902,1,0,DONE,4194304,4194304,4194304,28270287849,-1,0
0.06902,2,0,DONE,4194304,4194304,4194304,10035354119,-1,0
0.06902,3,0,DONE,4194304,4194304,4194304,7472990551,-1,0
0.06904,0,0,INJECTING,732261799,732261799,5027229095,317046480964,-1,0
0.06904,1,0,DONE,4194304,4194304,4194304,28270287849,-1,0
0.06904,2,0,DONE,4194304,4194304,4194304,10035354119,-1,0
0.06904,3,0,DONE,4194304,4194304,4194304,7472990551,-1,0
0.06906,0,0,INJECTING,732261799,732261799,5027229095,317046480964,-1,0
0.06906,1,0,DONE,4194304,4194304,4194304,28270287849,-1,0
0.06906,2,0,DONE,4194304,4194304,4194304,10035354119,-1,0
0.06906,3,0,DONE,4194304,4194304,4194304,7472990551,-1,0
0.06908,0,0,INJECTING,732261799,732261799,5027229095,317046480964,-1,0
0.06908,1,0,DONE,4194304,4194304,4194304,28270287849,-1,0
0.06908,2,0,DONE,4194304,4194304,4194304,10035354119,-1,0
0.06908,3,0,DONE,4194304,4194304,4194304,7472990551,-1,0
0.0691,0,0,INJECTING,732261799,732261799,5027229095,317046480964,-1,0
0.0691,1,0,DONE,4194304,4194304,4194304,28270287849,-1,0
0.0691,2,0,DONE,4194304,4194304,4194304,10035354119,-1,0
0.0691,3,0,DONE,4194304,4194304,4194304,7472990551,-1,0
0.06912,0,0,INJECTING,732261799,732261799,5027229095,317046480964,-1,0
0.06912,1,0,DONE,4194304,4194304,4194304,28270287849,-1,0
0.06912,2,0,DONE,4194304,4194304,4194304,10035354119,-1,0
0.06912,3,0,DONE,4194304,4194304,4194304,7472990551,-1,0
0.06914,0,0,INJECTING,732261799,732261799,5027229095,317046480964,-1,0
0.06914,1,0,DONE,4194304,4194304,4194304,28270287849,-1,0
0.06914,2,0,DONE,4194304,4194304,4194304,10035354119,-1,0
0.06914,3,0,DONE,4194304,4194304,4194304,7472990551,-1,0
0.06916,0,0,INJECTING,732261799,732261799,5027229095,317046480964,-1,0
0.06916,1,0,DONE,4194304,4194304,4194304,28270287849,-1,0
0.06916,2,0,DONE,4194304,4194304,4194304,10035354119,-1,0
0.06916,3,0,DONE,4194304,4194304,4194304,7472990551,-1,0
0.06918,0,0,INJECTING,732261799,732261799,5027229095,317046480964,-1,0
0.06918,1,0,DONE,4194304,4194304,4194304,28270287849,-1,0
0.06918,2,0,DONE,4194304,4194304,4194304,10035354119,-1,0
0.06918,3,0,DONE,4194304,4194304,4194304,7472990551,-1,0
0.0692,0,0,INJECTING,732261799,732261799,5027229095,317046480964,-1,0
0.0692,1,0,DONE,4194304,4194304,4194304,28270287849,-1,0
0.0692,2,0,DONE,4194304,4194304,4194304,10035354119,-1,0
0.0692,3,0,DONE,4194304,4194304,4194304,7472990551,-1,0
0.06922,0,0,INJECTING,732261799,732261799,5027229095,317046480964,-1,0
0.06922,1,0,DONE,4194304,4194304,4194304,28270287849,-1,0
0.06922,2,0,DONE,4194304,4194304,4194304,10035354119,-1,0
0.06922,3,0,DONE,4194304,4194304,4194304,7472990551,-1,0
0.06924,0,0,INJECTING,732261799,732261799,5027229095,317046480964,-1,0
0.06924,1,0,DONE,4194304,4194304,4194304,28270287849,-1,0
0.06924,2,0,DONE,4194304,4194304,4194304,10035354119,-1,0
0.06924,3,0,DONE,4194304,4194304,4194304,7472990551,-1,0
0.06926,0,0,INJECTING,732261799,732261799,5027229095,317046480964,-1,0
0.06926,1,0,DONE,4194304,4194304,4194304,28270287849,-1,0
0.06926,2,0,DONE,4194304,4194304,4194304,10035354119,-1,0
0.06926,3,0,DONE,4194304,4194304,4194304,7472990551,-1,0
0.06928,0,0,INJECTING,732261799,732261799,5027229095,317046480964,-1,0
0.06928,1,0,DONE,4194304,4194304,4194304,28270287849,-1,0
0.06928,2,0,DONE,4194304,4194304,4194304,10035354119,-1,0
0.06928,3,0,DONE,4194304,4194304,4194304,7472990551,-1,0
0.0693,0,0,INJECTING,732261799,732261799,5027229095,317046480964,-1,0
0.0693,1,0,DONE,4194304,4194304,4194304,28270287849,-1,0
0.0693,2,0,DONE,4194304,4194304,4194304,10035354119,-1,0
0.0693,3,0,DONE,4194304,4194304,4194304,7472990551,-1,0
0.06932,0,0,INJECTING,732261799,732261799,5027229095,317046480964,-1,0
0.06932,1,0,DONE,4194304,4194304,4194304,28270287849,-1,0
0.06932,2,0,DONE,4194304,4194304,4194304,10035354119,-1,0
0.06932,3,0,DONE,4194304,4194304,4194304,7472990551,-1,0
0.06934,0,0,INJECTING,732261799,732261799,5027229095,317046480964,-1,0
0.06934,1,0,DONE,4194304,4194304,4194304,28270287849,-1,0
0.06934,2,0,DONE,4194304,4194304,4194304,10035354119,-1,0
0.06934,3,0,DONE,4194304,4194304,4194304,7472990551,-1,0
0.06936,0,0,INJECTING,732261799,732261799,5027229095,317046480964,-1,0
0.06936,1,0,DONE,4194304,4194304,4194304,28270287849,-1,0
0.06936,2,0,DONE,4194304,4194304,4194304,10035354119,-1,0
0.06936,3,0,DONE,4194304,4194304,4194304,7472990551,-1,0
0.06938,0,0,INJECTING,732261799,732261799,5027229095,317046480964,-1,0
0.06938,1,0,DONE,4194304,4194304,4194304,28270287849,-1,0
0.06938,2,0,DONE,4194304,4194304,4194304,10035354119,-1,0
0.06938,3,0,DONE,4194304,4194304,4194304,7472990551,-1,0
0.0694,0,0,INJECTING,732261799,732261799,5027229095,317046480964,-1,0
0.0694,1,0,DONE,4194304,4194304,4194304,28270287849,-1,0
0.0694,2,0,DONE,4194304,4194304,4194304,10035354119,-1,0
0.0694,3,0,DONE,4194304,4194304,4194304,7472990551,-1,0
0.06942,0,0,INJECTING,732261799,732261799,5027229095,317046480964,-1,0
0.06942,1,0,DONE,4194304,4194304,4194304,28270287849,-1,0
0.06942,2,0,DONE,4194304,4194304,4194304,10035354119,-1,0
0.06942,3,0,DONE,4194304,4194304,4194304,7472990551,-1,0
0.06944,0,0,INJECTING,732261799,732261799,5027229095,317046480964,-1,0
0.06944,1,0,DONE,4194304,4194304,4194304,28270287849,-1,0
0.06944,2,0,DONE,4194304,4194304,4194304,10035354119,-1,0
0.06944,3,0,DONE,4194304,4194304,4194304,7472990551,-1,0
0.06946,0,0,INJECTING,732261799,732261799,5027229095,317046480964,-1,0
0.06946,1,0,DONE,4194304,4194304,4194304,28270287849,-1,0
0.06946,2,0,DONE,4194304,4194304,4194304,10035354119,-1,0
0.06946,3,0,DONE,4194304,4194304,4194304,7472990551,-1,0
0.06948,0,0,INJECTING,732261799,732261799,5027229095,317046480964,-1,0
0.06948,1,0,DONE,4194304,4194304,4194304,28270287849,-1,0
0.06948,2,0,DONE,4194304,4194304,4194304,10035354119,-1,0
0.06948,3,0,DONE,4194304,4194304,4194304,7472990551,-1,0
0.0695,0,0,INJECTING,732261799,732261799,5027229095,317046480964,-1,0
0.0695,1,0,DONE,4194304,4194304,4194304,28270287849,-1,0
0.0695,2,0,DONE,4194304,4194304,4194304,10035354119,-1,0
0.0695,3,0,DONE,4194304,4194304,4194304,7472990551,-1,0
0.06952,0,0,INJECTING,732261799,732261799,5027229095,317046480964,-1,0
0.06952,1,0,DONE,4194304,4194304,4194304,28270287849,-1,0
0.06952,2,0,DONE,4194304,4194304,4194304,10035354119,-1,0
0.06952,3,0,DONE,4194304,4194304,4194304,7472990551,-1,0
0.06954,0,0,INJECTING,732261799,732261799,5027229095,317046480964,-1,0
0.06954,1,0,DONE,4194304,4194304,4194304,28270287849,-1,0
0.06954,2,0,DONE,4194304,4194304,4194304,10035354119,-1,0
0.06954,3,0,DONE,4194304,4194304,4194304,7472990551,-1,0
0.06956,0,0,INJECTING,732261799,732261799,5027229095,317046480964,-1,0
0.06956,1,0,DONE,4194304,4194304,4194304,28270287849,-1,0
0.06956,2,0,DONE,4194304,4194304,4194304,10035354119,-1,0
0.06956,3,0,DONE,4194304,4194304,4194304,7472990551,-1,0
0.06958,0,0,INJECTING,732261799,732261799,5027229095,317046480964,-1,0
0.06958,1,0,DONE,4194304,4194304,4194304,28270287849,-1,0
0.06958,2,0,DONE,4194304,4194304,4194304,10035354119,-1,0
0.06958,3,0,DONE,4194304,4194304,4194304,7472990551,-1,0
0.0696,0,0,INJECTING,732261799,732261799,5027229095,317046480964,-1,0
0.0696,1,0,DONE,4194304,4194304,4194304,28270287849,-1,0
0.0696,2,0,DONE,4194304,4194304,4194304,10035354119,-1,0
0.0696,3,0,DONE,4194304,4194304,4194304,7472990551,-1,0
0.06962,0,0,INJECTING,732261799,732261799,5027229095,317046480964,-1,0
0.06962,1,0,DONE,4194304,4194304,4194304,28270287849,-1,0
0.06962,2,0,DONE,4194304,4194304,4194304,10035354119,-1,0
0.06962,3,0,DONE,4194304,4194304,4194304,7472990551,-1,0
0.06964,0,0,INJECTING,732261799,732261799,5027229095,317046480964,-1,0
0.06964,1,0,DONE,4194304,4194304,4194304,28270287849,-1,0
0.06964,2,0,DONE,4194304,4194304,4194304,10035354119,-1,0
0.06964,3,0,DONE,4194304,4194304,4194304,7472990551,-1,0
0.06966,0,0,INJECTING,732261799,732261799,5027229095,317046480964,-1,0
0.06966,1,0,DONE,4194304,4194304,4194304,28270287849,-1,0
0.06966,2,0,DONE,4194304,4194304,4194304,10035354119,-1,0
0.06966,3,0,DONE,4194304,4194304,4194304,7472990551,-1,0
0.06968,0,0,INJECTING,732261799,732261799,5027229095,317046480964,-1,0
0.06968,1,0,DONE,4194304,4194304,4194304,28270287849,-1,0
0.06968,2,0,DONE,4194304,4194304,4194304,10035354119,-1,0
0.06968,3,0,DONE,4194304,4194304,4194304,7472990551,-1,0
0.0697,0,0,INJECTING,732261799,732261799,5027229095,317046480964,-1,0
0.0697,1,0,DONE,4194304,4194304,4194304,28270287849,-1,0
0.0697,2,0,DONE,4194304,4194304,4194304,10035354119,-1,0
0.0697,3,0,DONE,4194304,4194304,4194304,7472990551,-1,0
0.06972,0,0,INJECTING,732261799,732261799,5027229095,317046480964,-1,0
0.06972,1,0,DONE,4194304,4194304,4194304,28270287849,-1,0
0.06972,2,0,DONE,4194304,4194304,4194304,10035354119,-1,0
0.06972,3,0,DONE,4194304,4194304,4194304,7472990551,-1,0
0.06974,0,0,INJECTING,732261799,732261799,5027229095,317046480964,-1,0
0.06974,1,0,DONE,4194304,4194304,4194304,28270287849,-1,0
0.06974,2,0,DONE,4194304,4194304,4194304,10035354119,-1,0
0.06974,3,0,DONE,4194304,4194304,4194304,7472990551,-1,0
0.06976,0,0,INJECTING,732261799,732261799,5027229095,317046480964,-1,0
0.06976,1,0,DONE,4194304,4194304,4194304,28270287849,-1,0
0.06976,2,0,DONE,4194304,4194304,4194304,10035354119,-1,0
0.06976,3,0,DONE,4194304,4194304,4194304,7472990551,-1,0
0.06978,0,0,INJECTING,732261799,732261799,5027229095,317046480964,-1,0
0.06978,1,0,DONE,4194304,4194304,4194304,28270287849,-1,0
0.06978,2,0,DONE,4194304,4194304,4194304,10035354119,-1,0
0.06978,3,0,DONE,4194304,4194304,4194304,7472990551,-1,0
0.0698,0,0,INJECTING,732261799,732261799,5027229095,317046480964,-1,0
0.0698,1,0,DONE,4194304,4194304,4194304,28270287849,-1,0
0.0698,2,0,DONE,4194304,4194304,4194304,10035354119,-1,0
0.0698,3,0,DONE,4194304,4194304,4194304,7472990551,-1,0
0.06982,0,0,INJECTING,732261799,732261799,5027229095,317046480964,-1,0
0.06982,1,0,DONE,4194304,4194304,4194304,28270287849,-1,0
0.06982,2,0,DONE,4194304,4194304,4194304,10035354119,-1,0
0.06982,3,0,DONE,4194304,4194304,4194304,7472990551,-1,0
0.06984,0,0,INJECTING,732261799,732261799,5027229095,317046480964,-1,0
0.06984,1,0,DONE,4194304,4194304,4194304,28270287849,-1,0
0.06984,2,0,DONE,4194304,4194304,4194304,10035354119,-1,0
0.06984,3,0,DONE,4194304,4194304,4194304,7472990551,-1,0
0.06986,0,0,INJECTING,732261799,732261799,5027229095,317046480964,-1,0
0.06986,1,0,DONE,4194304,4194304,4194304,28270287849,-1,0
0.06986,2,0,DONE,4194304,4194304,4194304,10035354119,-1,0
0.06986,3,0,DONE,4194304,4194304,4194304,7472990551,-1,0
0.06988,0,0,INJECTING,732261799,732261799,5027229095,317046480964,-1,0
0.06988,1,0,DONE,4194304,4194304,4194304,28270287849,-1,0
0.06988,2,0,DONE,4194304,4194304,4194304,10035354119,-1,0
0.06988,3,0,DONE,4194304,4194304,4194304,7472990551,-1,0
0.0699,0,0,INJECTING,732261799,732261799,5027229095,317046480964,-1,0
0.0699,1,0,DONE,4194304,4194304,4194304,28270287849,-1,0
0.0699,2,0,DONE,4194304,4194304,4194304,10035354119,-1,0
0.0699,3,0,DONE,4194304,4194304,4194304,7472990551,-1,0
0.06992,0,0,INJECTING,732261799,732261799,5027229095,317046480964,-1,0
0.06992,1,0,DONE,4194304,4194304,4194304,28270287849,-1,0
0.06992,2,0,DONE,4194304,4194304,4194304,10035354119,-1,0
0.06992,3,0,DONE,4194304,4194304,4194304,7472990551,-1,0
0.06994,0,0,INJECTING,732261799,732261799,5027229095,317046480964,-1,0
0.06994,1,0,DONE,4194304,4194304,4194304,28270287849,-1,0
0.06994,2,0,DONE,4194304,4194304,4194304,10035354119,-1,0
0.06994,3,0,DONE,4194304,4194304,4194304,7472990551,-1,0
0.06996,0,0,INJECTING,732261799,732261799,5027229095,317046480964,-1,0
0.06996,1,0,DONE,4194304,4194304,4194304,28270287849,-1,0
0.06996,2,0,DONE,4194304,4194304,4194304,10035354119,-1,0
0.06996,3,0,DONE,4194304,4194304,4194304,7472990551,-1,0
0.06998,0,0,INJECTING,732261799,732261799,5027229095,317046480964,-1,0
0.06998,1,0,DONE,4194304,4194304,4194304,28270287849,-1,0
0.06998,2,0,DONE,4194304,4194304,4194304,10035354119,-1,0
0.06998,3,0,DONE,4194304,4194304,4194304,7472990551,-1,0
0.07,0,0,INJECTING,732261799,732261799,5027229095,317046480964,-1,0
0.07,1,0,DONE,4194304,4194304,4194304,28270287849,-1,0
0.07,2,0,DONE,4194304,4194304,4194304,10035354119,-1,0
0.07,3,0,DONE,4194304,4194304,4194304,7472990551,-1,0
0.07002,0,0,INJECTING,732261799,732261799,5027229095,317046480964,-1,0
0.07002,1,0,DONE,4194304,4194304,4194304,28270287849,-1,0
0.07002,2,0,DONE,4194304,4194304,4194304,10035354119,-1,0
0.07002,3,0,DONE,4194304,4194304,4194304,7472990551,-1,0
0.07004,0,0,INJECTING,732261799,732261799,5027229095,317046480964,-1,0
0.07004,1,0,DONE,4194304,4194304,4194304,28270287849,-1,0
0.07004,2,0,DONE,4194304,4194304,4194304,10035354119,-1,0
0.07004,3,0,DONE,4194304,4194304,4194304,7472990551,-1,0
0.07006,0,0,INJECTING,732261799,732261799,5027229095,317046480964,-1,0
0.07006,1,0,DONE,4194304,4194304,4194304,28270287849,-1,0
0.07006,2,0,DONE,4194304,4194304,4194304,10035354119,-1,0
0.07006,3,0,DONE,4194304,4194304,4194304,7472990551,-1,0
0.07008,0,0,INJECTING,732261799,732261799,5027229095,317046480964,-1,0
0.07008,1,0,DONE,4194304,4194304,4194304,28270287849,-1,0
0.07008,2,0,DONE,4194304,4194304,4194304,10035354119,-1,0
0.07008,3,0,DONE,4194304,4194304,4194304,7472990551,-1,0
0.0701,0,0,INJECTING,732261799,732261799,5027229095,317046480964,-1,0
0.0701,1,0,DONE,4194304,4194304,4194304,28270287849,-1,0
0.0701,2,0,DONE,4194304,4194304,4194304,10035354119,-1,0
0.0701,3,0,DONE,4194304,4194304,4194304,7472990551,-1,0
0.07012,0,0,INJECTING,732261799,732261799,5027229095,317046480964,-1,0
0.07012,1,0,DONE,4194304,4194304,4194304,28270287849,-1,0
0.07012,2,0,DONE,4194304,4194304,4194304,10035354119,-1,0
0.07012,3,0,DONE,4194304,4194304,4194304,7472990551,-1,0
0.07014,0,0,INJECTING,732261799,732261799,5027229095,317046480964,-1,0
0.07014,1,0,DONE,4194304,4194304,4194304,28270287849,-1,0
0.07014,2,0,DONE,4194304,4194304,4194304,10035354119,-1,0
0.07014,3,0,DONE,4194304,4194304,4194304,7472990551,-1,0
0.07016,0,0,INJECTING,732261799,732261799,5027229095,317046480964,-1,0
0.07016,1,0,DONE,4194304,4194304,4194304,28270287849,-1,0
0.07016,2,0,DONE,4194304,4194304,4194304,10035354119,-1,0
0.07016,3,0,DONE,4194304,4194304,4194304,7472990551,-1,0
0.07018,0,0,INJECTING,732261799,732261799,5027229095,317046480964,-1,0
0.07018,1,0,DONE,4194304,4194304,4194304,28270287849,-1,0
0.07018,2,0,DONE,4194304,4194304,4194304,10035354119,-1,0
0.07018,3,0,DONE,4194304,4194304,4194304,7472990551,-1,0
0.0702,0,0,INJECTING,732261799,732261799,5027229095,317046480964,-1,0
0.0702,1,0,DONE,4194304,4194304,4194304,28270287849,-1,0
0.0702,2,0,DONE,4194304,4194304,4194304,10035354119,-1,0
0.0702,3,0,DONE,4194304,4194304,4194304,7472990551,-1,0
0.07022,0,0,INJECTING,732261799,732261799,5027229095,317046480964,-1,0
0.07022,1,0,DONE,4194304,4194304,4194304,28270287849,-1,0
0.07022,2,0,DONE,4194304,4194304,4194304,10035354119,-1,0
0.07022,3,0,DONE,4194304,4194304,4194304,7472990551,-1,0
0.07024,0,0,INJECTING,732261799,732261799,5027229095,317046480964,-1,0
0.07024,1,0,DONE,4194304,4194304,4194304,28270287849,-1,0
0.07024,2,0,DONE,4194304,4194304,4194304,10035354119,-1,0
0.07024,3,0,DONE,4194304,4194304,4194304,7472990551,-1,0
0.07026,0,0,INJECTING,732261799,732261799,5027229095,317046480964,-1,0
0.07026,1,0,DONE,4194304,4194304,4194304,28270287849,-1,0
0.07026,2,0,DONE,4194304,4194304,4194304,10035354119,-1,0
0.07026,3,0,DONE,4194304,4194304,4194304,7472990551,-1,0
0.07028,0,0,INJECTING,732261799,732261799,5027229095,317046480964,-1,0
0.07028,1,0,DONE,4194304,4194304,4194304,28270287849,-1,0
0.07028,2,0,DONE,4194304,4194304,4194304,10035354119,-1,0
0.07028,3,0,DONE,4194304,4194304,4194304,7472990551,-1,0
0.0703,0,0,INJECTING,732261799,732261799,5027229095,317046480964,-1,0
0.0703,1,0,DONE,4194304,4194304,4194304,28270287849,-1,0
0.0703,2,0,DONE,4194304,4194304,4194304,10035354119,-1,0
0.0703,3,0,DONE,4194304,4194304,4194304,7472990551,-1,0
0.07032,0,0,INJECTING,732261799,732261799,5027229095,317046480964,-1,0
0.07032,1,0,DONE,4194304,4194304,4194304,28270287849,-1,0
0.07032,2,0,DONE,4194304,4194304,4194304,10035354119,-1,0
0.07032,3,0,DONE,4194304,4194304,4194304,7472990551,-1,0
0.07034,0,0,INJECTING,732261799,732261799,5027229095,317046480964,-1,0
0.07034,1,0,DONE,4194304,4194304,4194304,28270287849,-1,0
0.07034,2,0,DONE,4194304,4194304,4194304,10035354119,-1,0
0.07034,3,0,DONE,4194304,4194304,4194304,7472990551,-1,0
0.07036,0,0,INJECTING,732261799,732261799,5027229095,317046480964,-1,0
0.07036,1,0,DONE,4194304,4194304,4194304,28270287849,-1,0
0.07036,2,0,DONE,4194304,4194304,4194304,10035354119,-1,0
0.07036,3,0,DONE,4194304,4194304,4194304,7472990551,-1,0
0.07038,0,0,INJECTING,732261799,732261799,5027229095,317046480964,-1,0
0.07038,1,0,DONE,4194304,4194304,4194304,28270287849,-1,0
0.07038,2,0,DONE,4194304,4194304,4194304,10035354119,-1,0
0.07038,3,0,DONE,4194304,4194304,4194304,7472990551,-1,0
0.0704,0,0,INJECTING,732261799,732261799,5027229095,317046480964,-1,0
0.0704,1,0,DONE,4194304,4194304,4194304,28270287849,-1,0
0.0704,2,0,DONE,4194304,4194304,4194304,10035354119,-1,0
0.0704,3,0,DONE,4194304,4194304,4194304,7472990551,-1,0
0.07042,0,0,INJECTING,732261799,732261799,5027229095,317046480964,-1,0
0.07042,1,0,DONE,4194304,4194304,4194304,28270287849,-1,0
0.07042,2,0,DONE,4194304,4194304,4194304,10035354119,-1,0
0.07042,3,0,DONE,4194304,4194304,4194304,7472990551,-1,0
0.07044,0,0,INJECTING,732261799,732261799,5027229095,317046480964,-1,0
0.07044,1,0,DONE,4194304,4194304,4194304,28270287849,-1,0
0.07044,2,0,DONE,4194304,4194304,4194304,10035354119,-1,0
0.07044,3,0,DONE,4194304,4194304,4194304,7472990551,-1,0
0.07046,0,0,INJECTING,732261799,732261799,5027229095,317046480964,-1,0
0.07046,1,0,DONE,4194304,4194304,4194304,28270287849,-1,0
0.07046,2,0,DONE,4194304,4194304,4194304,10035354119,-1,0
0.07046,3,0,DONE,4194304,4194304,4194304,7472990551,-1,0
0.07048,0,0,INJECTING,732261799,732261799,5027229095,317046480964,-1,0
0.07048,1,0,DONE,4194304,4194304,4194304,28270287849,-1,0
0.07048,2,0,DONE,4194304,4194304,4194304,10035354119,-1,0
0.07048,3,0,DONE,4194304,4194304,4194304,7472990551,-1,0
0.0705,0,0,INJECTING,732261799,732261799,5027229095,317046480964,-1,0
0.0705,1,0,DONE,4194304,4194304,4194304,28270287849,-1,0
0.0705,2,0,DONE,4194304,4194304,4194304,10035354119,-1,0
0.0705,3,0,DONE,4194304,4194304,4194304,7472990551,-1,0
0.07052,0,0,INJECTING,732261799,732261799,5027229095,317046480964,-1,0
0.07052,1,0,DONE,4194304,4194304,4194304,28270287849,-1,0
0.07052,2,0,DONE,4194304,4194304,4194304,10035354119,-1,0
0.07052,3,0,DONE,4194304,4194304,4194304,7472990551,-1,0
0.07054,0,0,INJECTING,732261799,732261799,5027229095,317046480964,-1,0
0.07054,1,0,DONE,4194304,4194304,4194304,28270287849,-1,0
0.07054,2,0,DONE,4194304,4194304,4194304,10035354119,-1,0
0.07054,3,0,DONE,4194304,4194304,4194304,7472990551,-1,0
0.07056,0,0,INJECTING,732261799,732261799,5027229095,317046480964,-1,0
0.07056,1,0,DONE,4194304,4194304,4194304,28270287849,-1,0
0.07056,2,0,DONE,4194304,4194304,4194304,10035354119,-1,0
0.07056,3,0,DONE,4194304,4194304,4194304,7472990551,-1,0
0.07058,0,0,INJECTING,732261799,732261799,5027229095,317046480964,-1,0
0.07058,1,0,DONE,4194304,4194304,4194304,28270287849,-1,0
0.07058,2,0,DONE,4194304,4194304,4194304,10035354119,-1,0
0.07058,3,0,DONE,4194304,4194304,4194304,7472990551,-1,0
0.0706,0,0,INJECTING,732261799,732261799,5027229095,317046480964,-1,0
0.0706,1,0,DONE,4194304,4194304,4194304,28270287849,-1,0
0.0706,2,0,DONE,4194304,4194304,4194304,10035354119,-1,0
0.0706,3,0,DONE,4194304,4194304,4194304,7472990551,-1,0
0.07062,0,0,INJECTING,732261799,732261799,5027229095,317046480964,-1,0
0.07062,1,0,DONE,4194304,4194304,4194304,28270287849,-1,0
0.07062,2,0,DONE,4194304,4194304,4194304,10035354119,-1,0
0.07062,3,0,DONE,4194304,4194304,4194304,7472990551,-1,0
0.07064,0,0,INJECTING,732261799,732261799,5027229095,317046480964,-1,0
0.07064,1,0,DONE,4194304,4194304,4194304,28270287849,-1,0
0.07064,2,0,DONE,4194304,4194304,4194304,10035354119,-1,0
0.07064,3,0,DONE,4194304,4194304,4194304,7472990551,-1,0
0.07066,0,0,INJECTING,732261799,732261799,5027229095,317046480964,-1,0
0.07066,1,0,DONE,4194304,4194304,4194304,28270287849,-1,0
0.07066,2,0,DONE,4194304,4194304,4194304,10035354119,-1,0
0.07066,3,0,DONE,4194304,4194304,4194304,7472990551,-1,0
0.07068,0,0,INJECTING,732261799,732261799,5027229095,317046480964,-1,0
0.07068,1,0,DONE,4194304,4194304,4194304,28270287849,-1,0
0.07068,2,0,DONE,4194304,4194304,4194304,10035354119,-1,0
0.07068,3,0,DONE,4194304,4194304,4194304,7472990551,-1,0
0.0707,0,0,INJECTING,732261799,732261799,5027229095,317046480964,-1,0
0.0707,1,0,DONE,4194304,4194304,4194304,28270287849,-1,0
0.0707,2,0,DONE,4194304,4194304,4194304,10035354119,-1,0
0.0707,3,0,DONE,4194304,4194304,4194304,7472990551,-1,0
0.07072,0,0,INJECTING,732261799,732261799,5027229095,317046480964,-1,0
0.07072,1,0,DONE,4194304,4194304,4194304,28270287849,-1,0
0.07072,2,0,DONE,4194304,4194304,4194304,10035354119,-1,0
0.07072,3,0,DONE,4194304,4194304,4194304,7472990551,-1,0
0.07074,0,0,INJECTING,732261799,732261799,5027229095,317046480964,-1,0
0.07074,1,0,DONE,4194304,4194304,4194304,28270287849,-1,0
0.07074,2,0,DONE,4194304,4194304,4194304,10035354119,-1,0
0.07074,3,0,DONE,4194304,4194304,4194304,7472990551,-1,0
0.07076,0,0,INJECTING,732261799,732261799,5027229095,317046480964,-1,0
0.07076,1,0,DONE,4194304,4194304,4194304,28270287849,-1,0
0.07076,2,0,DONE,4194304,4194304,4194304,10035354119,-1,0
0.07076,3,0,DONE,4194304,4194304,4194304,7472990551,-1,0
0.07078,0,0,INJECTING,732261799,732261799,5027229095,317046480964,-1,0
0.07078,1,0,DONE,4194304,4194304,4194304,28270287849,-1,0
0.07078,2,0,DONE,4194304,4194304,4194304,10035354119,-1,0
0.07078,3,0,DONE,4194304,4194304,4194304,7472990551,-1,0
0.0708,0,0,INJECTING,732261799,732261799,5027229095,317046480964,-1,0
0.0708,1,0,DONE,4194304,4194304,4194304,28270287849,-1,0
0.0708,2,0,DONE,4194304,4194304,4194304,10035354119,-1,0
0.0708,3,0,DONE,4194304,4194304,4194304,7472990551,-1,0
0.07082,0,0,INJECTING,732261799,732261799,5027229095,317046480964,-1,0
0.07082,1,0,DONE,4194304,4194304,4194304,28270287849,-1,0
0.07082,2,0,DONE,4194304,4194304,4194304,10035354119,-1,0
0.07082,3,0,DONE,4194304,4194304,4194304,7472990551,-1,0
0.07084,0,0,INJECTING,732261799,732261799,5027229095,317046480964,-1,0
0.07084,1,0,DONE,4194304,4194304,4194304,28270287849,-1,0
0.07084,2,0,DONE,4194304,4194304,4194304,10035354119,-1,0
0.07084,3,0,DONE,4194304,4194304,4194304,7472990551,-1,0
0.07086,0,0,INJECTING,732261799,732261799,5027229095,317046480964,-1,0
0.07086,1,0,DONE,4194304,4194304,4194304,28270287849,-1,0
0.07086,2,0,DONE,4194304,4194304,4194304,10035354119,-1,0
0.07086,3,0,DONE,4194304,4194304,4194304,7472990551,-1,0
0.07088,0,0,INJECTING,732261799,732261799,5027229095,317046480964,-1,0
0.07088,1,0,DONE,4194304,4194304,4194304,28270287849,-1,0
0.07088,2,0,DONE,4194304,4194304,4194304,10035354119,-1,0
0.07088,3,0,DONE,4194304,4194304,4194304,7472990551,-1,0
0.0709,0,0,INJECTING,732261799,732261799,5027229095,317046480964,-1,0
0.0709,1,0,DONE,4194304,4194304,4194304,28270287849,-1,0
0.0709,2,0,DONE,4194304,4194304,4194304,10035354119,-1,0
0.0709,3,0,DONE,4194304,4194304,4194304,7472990551,-1,0
0.07092,0,0,INJECTING,732261799,732261799,5027229095,317046480964,-1,0
0.07092,1,0,DONE,4194304,4194304,4194304,28270287849,-1,0
0.07092,2,0,DONE,4194304,4194304,4194304,10035354119,-1,0
0.07092,3,0,DONE,4194304,4194304,4194304,7472990551,-1,0
0.07094,0,0,INJECTING,732261799,732261799,5027229095,317046480964,-1,0
0.07094,1,0,DONE,4194304,4194304,4194304,28270287849,-1,0
0.07094,2,0,DONE,4194304,4194304,4194304,10035354119,-1,0
0.07094,3,0,DONE,4194304,4194304,4194304,7472990551,-1,0
0.07096,0,0,INJECTING,732261799,732261799,5027229095,317046480964,-1,0
0.07096,1,0,DONE,4194304,4194304,4194304,28270287849,-1,0
0.07096,2,0,DONE,4194304,4194304,4194304,10035354119,-1,0
0.07096,3,0,DONE,4194304,4194304,4194304,7472990551,-1,0
0.07098,0,0,INJECTING,732261799,732261799,5027229095,317046480964,-1,0
0.07098,1,0,DONE,4194304,4194304,4194304,28270287849,-1,0
0.07098,2,0,DONE,4194304,4194304,4194304,10035354119,-1,0
0.07098,3,0,DONE,4194304,4194304,4194304,7472990551,-1,0
0.071,0,0,INJECTING,732261799,732261799,5027229095,317046480964,-1,0
0.071,1,0,DONE,4194304,4194304,4194304,28270287849,-1,0
0.071,2,0,DONE,4194304,4194304,4194304,10035354119,-1,0
0.071,3,0,DONE,4194304,4194304,4194304,7472990551,-1,0
0.07102,0,0,INJECTING,732261799,732261799,5027229095,317046480964,-1,0
0.07102,1,0,DONE,4194304,4194304,4194304,28270287849,-1,0
0.07102,2,0,DONE,4194304,4194304,4194304,10035354119,-1,0
0.07102,3,0,DONE,4194304,4194304,4194304,7472990551,-1,0
0.07104,0,0,INJECTING,732261799,732261799,5027229095,317046480964,-1,0
0.07104,1,0,DONE,4194304,4194304,4194304,28270287849,-1,0
0.07104,2,0,DONE,4194304,4194304,4194304,10035354119,-1,0
0.07104,3,0,DONE,4194304,4194304,4194304,7472990551,-1,0
0.07106,0,0,INJECTING,732261799,732261799,5027229095,317046480964,-1,0
0.07106,1,0,DONE,4194304,4194304,4194304,28270287849,-1,0
0.07106,2,0,DONE,4194304,4194304,4194304,10035354119,-1,0
0.07106,3,0,DONE,4194304,4194304,4194304,7472990551,-1,0
0.07108,0,0,INJECTING,732261799,732261799,5027229095,317046480964,-1,0
0.07108,1,0,DONE,4194304,4194304,4194304,28270287849,-1,0
0.07108,2,0,DONE,4194304,4194304,4194304,10035354119,-1,0
0.07108,3,0,DONE,4194304,4194304,4194304,7472990551,-1,0
0.0711,0,0,INJECTING,732261799,732261799,5027229095,317046480964,-1,0
0.0711,1,0,DONE,4194304,4194304,4194304,28270287849,-1,0
0.0711,2,0,DONE,4194304,4194304,4194304,10035354119,-1,0
0.0711,3,0,DONE,4194304,4194304,4194304,7472990551,-1,0
0.07112,0,0,INJECTING,732261799,732261799,5027229095,317046480964,-1,0
0.07112,1,0,DONE,4194304,4194304,4194304,28270287849,-1,0
0.07112,2,0,DONE,4194304,4194304,4194304,10035354119,-1,0
0.07112,3,0,DONE,4194304,4194304,4194304,7472990551,-1,0
0.07114,0,0,INJECTING,732261799,732261799,5027229095,317046480964,-1,0
0.07114,1,0,DONE,4194304,4194304,4194304,28270287849,-1,0
0.07114,2,0,DONE,4194304,4194304,4194304,10035354119,-1,0
0.07114,3,0,DONE,4194304,4194304,4194304,7472990551,-1,0
0.07116,0,0,INJECTING,732261799,732261799,5027229095,317046480964,-1,0
0.07116,1,0,DONE,4194304,4194304,4194304,28270287849,-1,0
0.07116,2,0,DONE,4194304,4194304,4194304,10035354119,-1,0
0.07116,3,0,DONE,4194304,4194304,4194304,7472990551,-1,0
0.07118,0,0,INJECTING,732261799,732261799,5027229095,317046480964,-1,0
0.07118,1,0,DONE,4194304,4194304,4194304,28270287849,-1,0
0.07118,2,0,DONE,4194304,4194304,4194304,10035354119,-1,0
0.07118,3,0,DONE,4194304,4194304,4194304,7472990551,-1,0
0.0712,0,0,INJECTING,732261799,732261799,5027229095,317046480964,-1,0
0.0712,1,0,DONE,4194304,4194304,4194304,28270287849,-1,0
0.0712,2,0,DONE,4194304,4194304,4194304,10035354119,-1,0
0.0712,3,0,DONE,4194304,4194304,4194304,7472990551,-1,0
0.07122,0,0,INJECTING,732261799,732261799,5027229095,317046480964,-1,0
0.07122,1,0,DONE,4194304,4194304,4194304,28270287849,-1,0
0.07122,2,0,DONE,4194304,4194304,4194304,10035354119,-1,0
0.07122,3,0,DONE,4194304,4194304,4194304,7472990551,-1,0
0.07124,0,0,INJECTING,732261799,732261799,5027229095,317046480964,-1,0
0.07124,1,0,DONE,4194304,4194304,4194304,28270287849,-1,0
0.07124,2,0,DONE,4194304,4194304,4194304,10035354119,-1,0
0.07124,3,0,DONE,4194304,4194304,4194304,7472990551,-1,0
0.07126,0,0,INJECTING,732261799,732261799,5027229095,317046480964,-1,0
0.07126,1,0,DONE,4194304,4194304,4194304,28270287849,-1,0
0.07126,2,0,DONE,4194304,4194304,4194304,10035354119,-1,0
0.07126,3,0,DONE,4194304,4194304,4194304,7472990551,-1,0
0.07128,0,0,INJECTING,732261799,732261799,5027229095,317046480964,-1,0
0.07128,1,0,DONE,4194304,4194304,4194304,28270287849,-1,0
0.07128,2,0,DONE,4194304,4194304,4194304,10035354119,-1,0
0.07128,3,0,DONE,4194304,4194304,4194304,7472990551,-1,0
0.0713,0,0,INJECTING,732261799,732261799,5027229095,317046480964,-1,0
0.0713,1,0,DONE,4194304,4194304,4194304,28270287849,-1,0
0.0713,2,0,DONE,4194304,4194304,4194304,10035354119,-1,0
0.0713,3,0,DONE,4194304,4194304,4194304,7472990551,-1,0
0.07132,0,0,INJECTING,732261799,732261799,5027229095,317046480964,-1,0
0.07132,1,0,DONE,4194304,4194304,4194304,28270287849,-1,0
0.07132,2,0,DONE,4194304,4194304,4194304,10035354119,-1,0
0.07132,3,0,DONE,4194304,4194304,4194304,7472990551,-1,0
0.07134,0,0,INJECTING,732261799,732261799,5027229095,317046480964,-1,0
0.07134,1,0,DONE,4194304,4194304,4194304,28270287849,-1,0
0.07134,2,0,DONE,4194304,4194304,4194304,10035354119,-1,0
0.07134,3,0,DONE,4194304,4194304,4194304,7472990551,-1,0
0.07136,0,0,INJECTING,732261799,732261799,5027229095,317046480964,-1,0
0.07136,1,0,DONE,4194304,4194304,4194304,28270287849,-1,0
0.07136,2,0,DONE,4194304,4194304,4194304,10035354119,-1,0
0.07136,3,0,DONE,4194304,4194304,4194304,7472990551,-1,0
0.07138,0,0,INJECTING,732261799,732261799,5027229095,317046480964,-1,0
0.07138,1,0,DONE,4194304,4194304,4194304,28270287849,-1,0
0.07138,2,0,DONE,4194304,4194304,4194304,10035354119,-1,0
0.07138,3,0,DONE,4194304,4194304,4194304,7472990551,-1,0
0.0714,0,0,INJECTING,732261799,732261799,5027229095,317046480964,-1,0
0.0714,1,0,DONE,4194304,4194304,4194304,28270287849,-1,0
0.0714,2,0,DONE,4194304,4194304,4194304,10035354119,-1,0
0.0714,3,0,DONE,4194304,4194304,4194304,7472990551,-1,0
0.07142,0,0,INJECTING,732261799,732261799,5027229095,317046480964,-1,0
0.07142,1,0,DONE,4194304,4194304,4194304,28270287849,-1,0
0.07142,2,0,DONE,4194304,4194304,4194304,10035354119,-1,0
0.07142,3,0,DONE,4194304,4194304,4194304,7472990551,-1,0
0.07144,0,0,INJECTING,732261799,732261799,5027229095,317046480964,-1,0
0.07144,1,0,DONE,4194304,4194304,4194304,28270287849,-1,0
0.07144,2,0,DONE,4194304,4194304,4194304,10035354119,-1,0
0.07144,3,0,DONE,4194304,4194304,4194304,7472990551,-1,0
0.07146,0,0,INJECTING,732261799,732261799,5027229095,317046480964,-1,0
0.07146,1,0,DONE,4194304,4194304,4194304,28270287849,-1,0
0.07146,2,0,DONE,4194304,4194304,4194304,10035354119,-1,0
0.07146,3,0,DONE,4194304,4194304,4194304,7472990551,-1,0
0.07148,0,0,INJECTING,732261799,732261799,5027229095,317046480964,-1,0
0.07148,1,0,DONE,4194304,4194304,4194304,28270287849,-1,0
0.07148,2,0,DONE,4194304,4194304,4194304,10035354119,-1,0
0.07148,3,0,DONE,4194304,4194304,4194304,7472990551,-1,0
0.0715,0,0,INJECTING,732261799,732261799,5027229095,317046480964,-1,0
0.0715,1,0,DONE,4194304,4194304,4194304,28270287849,-1,0
0.0715,2,0,DONE,4194304,4194304,4194304,10035354119,-1,0
0.0715,3,0,DONE,4194304,4194304,4194304,7472990551,-1,0
0.07152,0,0,INJECTING,732261799,732261799,5027229095,317046480964,-1,0
0.07152,1,0,DONE,4194304,4194304,4194304,28270287849,-1,0
0.07152,2,0,DONE,4194304,4194304,4194304,10035354119,-1,0
0.07152,3,0,DONE,4194304,4194304,4194304,7472990551,-1,0
0.07154,0,0,INJECTING,732261799,732261799,5027229095,317046480964,-1,0
0.07154,1,0,DONE,4194304,4194304,4194304,28270287849,-1,0
0.07154,2,0,DONE,4194304,4194304,4194304,10035354119,-1,0
0.07154,3,0,DONE,4194304,4194304,4194304,7472990551,-1,0
0.07156,0,0,INJECTING,732261799,732261799,5027229095,317046480964,-1,0
0.07156,1,0,DONE,4194304,4194304,4194304,28270287849,-1,0
0.07156,2,0,DONE,4194304,4194304,4194304,10035354119,-1,0
0.07156,3,0,DONE,4194304,4194304,4194304,7472990551,-1,0
0.07158,0,0,INJECTING,732261799,732261799,5027229095,317046480964,-1,0
0.07158,1,0,DONE,4194304,4194304,4194304,28270287849,-1,0
0.07158,2,0,DONE,4194304,4194304,4194304,10035354119,-1,0
0.07158,3,0,DONE,4194304,4194304,4194304,7472990551,-1,0
0.0716,0,0,INJECTING,732261799,732261799,5027229095,317046480964,-1,0
0.0716,1,0,DONE,4194304,4194304,4194304,28270287849,-1,0
0.0716,2,0,DONE,4194304,4194304,4194304,10035354119,-1,0
0.0716,3,0,DONE,4194304,4194304,4194304,7472990551,-1,0
0.07162,0,0,INJECTING,732261799,732261799,5027229095,317046480964,-1,0
0.07162,1,0,DONE,4194304,4194304,4194304,28270287849,-1,0
0.07162,2,0,DONE,4194304,4194304,4194304,10035354119,-1,0
0.07162,3,0,DONE,4194304,4194304,4194304,7472990551,-1,0
0.07164,0,0,INJECTING,732261799,732261799,5027229095,317046480964,-1,0
0.07164,1,0,DONE,4194304,4194304,4194304,28270287849,-1,0
0.07164,2,0,DONE,4194304,4194304,4194304,10035354119,-1,0
0.07164,3,0,DONE,4194304,4194304,4194304,7472990551,-1,0
0.07166,0,0,INJECTING,732261799,732261799,5027229095,317046480964,-1,0
0.07166,1,0,DONE,4194304,4194304,4194304,28270287849,-1,0
0.07166,2,0,DONE,4194304,4194304,4194304,10035354119,-1,0
0.07166,3,0,DONE,4194304,4194304,4194304,7472990551,-1,0
0.07168,0,0,INJECTING,732261799,732261799,5027229095,317046480964,-1,0
0.07168,1,0,DONE,4194304,4194304,4194304,28270287849,-1,0
0.07168,2,0,DONE,4194304,4194304,4194304,10035354119,-1,0
0.07168,3,0,DONE,4194304,4194304,4194304,7472990551,-1,0
0.0717,0,0,INJECTING,732261799,732261799,5027229095,317046480964,-1,0
0.0717,1,0,DONE,4194304,4194304,4194304,28270287849,-1,0
0.0717,2,0,DONE,4194304,4194304,4194304,10035354119,-1,0
0.0717,3,0,DONE,4194304,4194304,4194304,7472990551,-1,0
0.07172,0,0,INJECTING,732261799,732261799,5027229095,317046480964,-1,0
0.07172,1,0,DONE,4194304,4194304,4194304,28270287849,-1,0
0.07172,2,0,DONE,4194304,4194304,4194304,10035354119,-1,0
0.07172,3,0,DONE,4194304,4194304,4194304,7472990551,-1,0
0.07174,0,0,INJECTING,732261799,732261799,5027229095,317046480964,-1,0
0.07174,1,0,DONE,4194304,4194304,4194304,28270287849,-1,0
0.07174,2,0,DONE,4194304,4194304,4194304,10035354119,-1,0
0.07174,3,0,DONE,4194304,4194304,4194304,7472990551,-1,0
0.07176,0,0,INJECTING,732261799,732261799,5027229095,317046480964,-1,0
0.07176,1,0,DONE,4194304,4194304,4194304,28270287849,-1,0
0.07176,2,0,DONE,4194304,4194304,4194304,10035354119,-1,0
0.07176,3,0,DONE,4194304,4194304,4194304,7472990551,-1,0
0.07178,0,0,INJECTING,732261799,732261799,5027229095,317046480964,-1,0
0.07178,1,0,DONE,4194304,4194304,4194304,28270287849,-1,0
0.07178,2,0,DONE,4194304,4194304,4194304,10035354119,-1,0
0.07178,3,0,DONE,4194304,4194304,4194304,7472990551,-1,0
0.0718,0,0,INJECTING,732261799,732261799,5027229095,317046480964,-1,0
0.0718,1,0,DONE,4194304,4194304,4194304,28270287849,-1,0
0.0718,2,0,DONE,4194304,4194304,4194304,10035354119,-1,0
0.0718,3,0,DONE,4194304,4194304,4194304,7472990551,-1,0
0.07182,0,0,INJECTING,732261799,732261799,5027229095,317046480964,-1,0
0.07182,1,0,DONE,4194304,4194304,4194304,28270287849,-1,0
0.07182,2,0,DONE,4194304,4194304,4194304,10035354119,-1,0
0.07182,3,0,DONE,4194304,4194304,4194304,7472990551,-1,0
0.07184,0,0,INJECTING,732261799,732261799,5027229095,317046480964,-1,0
0.07184,1,0,DONE,4194304,4194304,4194304,28270287849,-1,0
0.07184,2,0,DONE,4194304,4194304,4194304,10035354119,-1,0
0.07184,3,0,DONE,4194304,4194304,4194304,7472990551,-1,0
0.07186,0,0,INJECTING,732261799,732261799,5027229095,317046480964,-1,0
0.07186,1,0,DONE,4194304,4194304,4194304,28270287849,-1,0
0.07186,2,0,DONE,4194304,4194304,4194304,10035354119,-1,0
0.07186,3,0,DONE,4194304,4194304,4194304,7472990551,-1,0
0.07188,0,0,INJECTING,732261799,732261799,5027229095,317046480964,-1,0
0.07188,1,0,DONE,4194304,4194304,4194304,28270287849,-1,0
0.07188,2,0,DONE,4194304,4194304,4194304,10035354119,-1,0
0.07188,3,0,DONE,4194304,4194304,4194304,7472990551,-1,0
0.0719,0,0,INJECTING,732261799,732261799,5027229095,317046480964,-1,0
0.0719,1,0,DONE,4194304,4194304,4194304,28270287849,-1,0
0.0719,2,0,DONE,4194304,4194304,4194304,10035354119,-1,0
0.0719,3,0,DONE,4194304,4194304,4194304,7472990551,-1,0
0.07192,0,0,INJECTING,732261799,732261799,5027229095,317046480964,-1,0
0.07192,1,0,DONE,4194304,4194304,4194304,28270287849,-1,0
0.07192,2,0,DONE,4194304,4194304,4194304,10035354119,-1,0
0.07192,3,0,DONE,4194304,4194304,4194304,7472990551,-1,0
0.07194,0,0,INJECTING,732261799,732261799,5027229095,317046480964,-1,0
0.07194,1,0,DONE,4194304,4194304,4194304,28270287849,-1,0
0.07194,2,0,DONE,4194304,4194304,4194304,10035354119,-1,0
0.07194,3,0,DONE,4194304,4194304,4194304,7472990551,-1,0
0.07196,0,0,INJECTING,732261799,732261799,5027229095,317046480964,-1,0
0.07196,1,0,DONE,4194304,4194304,4194304,28270287849,-1,0
0.07196,2,0,DONE,4194304,4194304,4194304,10035354119,-1,0
0.07196,3,0,DONE,4194304,4194304,4194304,7472990551,-1,0
0.07198,0,0,INJECTING,732261799,732261799,5027229095,317046480964,-1,0
0.07198,1,0,DONE,4194304,4194304,4194304,28270287849,-1,0
0.07198,2,0,DONE,4194304,4194304,4194304,10035354119,-1,0
0.07198,3,0,DONE,4194304,4194304,4194304,7472990551,-1,0
0.072,0,0,INJECTING,732261799,732261799,5027229095,317046480964,-1,0
0.072,1,0,DONE,4194304,4194304,4194304,28270287849,-1,0
0.072,2,0,DONE,4194304,4194304,4194304,10035354119,-1,0
0.072,3,0,DONE,4194304,4194304,4194304,7472990551,-1,0
0.07202,0,0,INJECTING,732261799,732261799,5027229095,317046480964,-1,0
0.07202,1,0,DONE,4194304,4194304,4194304,28270287849,-1,0
0.07202,2,0,DONE,4194304,4194304,4194304,10035354119,-1,0
0.07202,3,0,DONE,4194304,4194304,4194304,7472990551,-1,0
0.07204,0,0,INJECTING,732261799,732261799,5027229095,317046480964,-1,0
0.07204,1,0,DONE,4194304,4194304,4194304,28270287849,-1,0
0.07204,2,0,DONE,4194304,4194304,4194304,10035354119,-1,0
0.07204,3,0,DONE,4194304,4194304,4194304,7472990551,-1,0
0.07206,0,0,INJECTING,732261799,732261799,5027229095,317046480964,-1,0
0.07206,1,0,DONE,4194304,4194304,4194304,28270287849,-1,0
0.07206,2,0,DONE,4194304,4194304,4194304,10035354119,-1,0
0.07206,3,0,DONE,4194304,4194304,4194304,7472990551,-1,0
0.07208,0,0,INJECTING,732261799,732261799,5027229095,317046480964,-1,0
0.07208,1,0,DONE,4194304,4194304,4194304,28270287849,-1,0
0.07208,2,0,DONE,4194304,4194304,4194304,10035354119,-1,0
0.07208,3,0,DONE,4194304,4194304,4194304,7472990551,-1,0
0.0721,0,0,INJECTING,732261799,732261799,5027229095,317046480964,-1,0
0.0721,1,0,DONE,4194304,4194304,4194304,28270287849,-1,0
0.0721,2,0,DONE,4194304,4194304,4194304,10035354119,-1,0
0.0721,3,0,DONE,4194304,4194304,4194304,7472990551,-1,0
0.07212,0,0,INJECTING,732261799,732261799,5027229095,317046480964,-1,0
0.07212,1,0,DONE,4194304,4194304,4194304,28270287849,-1,0
0.07212,2,0,DONE,4194304,4194304,4194304,10035354119,-1,0
0.07212,3,0,DONE,4194304,4194304,4194304,7472990551,-1,0
0.07214,0,0,INJECTING,732261799,732261799,5027229095,317046480964,-1,0
0.07214,1,0,DONE,4194304,4194304,4194304,28270287849,-1,0
0.07214,2,0,DONE,4194304,4194304,4194304,10035354119,-1,0
0.07214,3,0,DONE,4194304,4194304,4194304,7472990551,-1,0
0.07216,0,0,INJECTING,732261799,732261799,5027229095,317046480964,-1,0
0.07216,1,0,DONE,4194304,4194304,4194304,28270287849,-1,0
0.07216,2,0,DONE,4194304,4194304,4194304,10035354119,-1,0
0.07216,3,0,DONE,4194304,4194304,4194304,7472990551,-1,0
0.07218,0,0,INJECTING,732261799,732261799,5027229095,317046480964,-1,0
0.07218,1,0,DONE,4194304,4194304,4194304,28270287849,-1,0
0.07218,2,0,DONE,4194304,4194304,4194304,10035354119,-1,0
0.07218,3,0,DONE,4194304,4194304,4194304,7472990551,-1,0
0.0722,0,0,INJECTING,732261799,732261799,5027229095,317046480964,-1,0
0.0722,1,0,DONE,4194304,4194304,4194304,28270287849,-1,0
0.0722,2,0,DONE,4194304,4194304,4194304,10035354119,-1,0
0.0722,3,0,DONE,4194304,4194304,4194304,7472990551,-1,0
0.07222,0,0,INJECTING,732261799,732261799,5027229095,317046480964,-1,0
0.07222,1,0,DONE,4194304,4194304,4194304,28270287849,-1,0
0.07222,2,0,DONE,4194304,4194304,4194304,10035354119,-1,0
0.07222,3,0,DONE,4194304,4194304,4194304,7472990551,-1,0
0.07224,0,0,INJECTING,732261799,732261799,5027229095,317046480964,-1,0
0.07224,1,0,DONE,4194304,4194304,4194304,28270287849,-1,0
0.07224,2,0,DONE,4194304,4194304,4194304,10035354119,-1,0
0.07224,3,0,DONE,4194304,4194304,4194304,7472990551,-1,0
0.07226,0,0,INJECTING,732261799,732261799,5027229095,317046480964,-1,0
0.07226,1,0,DONE,4194304,4194304,4194304,28270287849,-1,0
0.07226,2,0,DONE,4194304,4194304,4194304,10035354119,-1,0
0.07226,3,0,DONE,4194304,4194304,4194304,7472990551,-1,0
0.07228,0,0,INJECTING,732261799,732261799,5027229095,317046480964,-1,0
0.07228,1,0,DONE,4194304,4194304,4194304,28270287849,-1,0
0.07228,2,0,DONE,4194304,4194304,4194304,10035354119,-1,0
0.07228,3,0,DONE,4194304,4194304,4194304,7472990551,-1,0
0.0723,0,0,INJECTING,732261799,732261799,5027229095,317046480964,-1,0
0.0723,1,0,DONE,4194304,4194304,4194304,28270287849,-1,0
0.0723,2,0,DONE,4194304,4194304,4194304,10035354119,-1,0
0.0723,3,0,DONE,4194304,4194304,4194304,7472990551,-1,0
0.07232,0,0,INJECTING,732261799,732261799,5027229095,317046480964,-1,0
0.07232,1,0,DONE,4194304,4194304,4194304,28270287849,-1,0
0.07232,2,0,DONE,4194304,4194304,4194304,10035354119,-1,0
0.07232,3,0,DONE,4194304,4194304,4194304,7472990551,-1,0
0.07234,0,0,INJECTING,732261799,732261799,5027229095,317046480964,-1,0
0.07234,1,0,DONE,4194304,4194304,4194304,28270287849,-1,0
0.07234,2,0,DONE,4194304,4194304,4194304,10035354119,-1,0
0.07234,3,0,DONE,4194304,4194304,4194304,7472990551,-1,0
0.07236,0,0,INJECTING,732261799,732261799,5027229095,317046480964,-1,0
0.07236,1,0,DONE,4194304,4194304,4194304,28270287849,-1,0
0.07236,2,0,DONE,4194304,4194304,4194304,10035354119,-1,0
0.07236,3,0,DONE,4194304,4194304,4194304,7472990551,-1,0
0.07238,0,0,INJECTING,732261799,732261799,5027229095,317046480964,-1,0
0.07238,1,0,DONE,4194304,4194304,4194304,28270287849,-1,0
0.07238,2,0,DONE,4194304,4194304,4194304,10035354119,-1,0
0.07238,3,0,DONE,4194304,4194304,4194304,7472990551,-1,0
0.0724,0,0,INJECTING,732261799,732261799,5027229095,317046480964,-1,0
0.0724,1,0,DONE,4194304,4194304,4194304,28270287849,-1,0
0.0724,2,0,DONE,4194304,4194304,4194304,10035354119,-1,0
0.0724,3,0,DONE,4194304,4194304,4194304,7472990551,-1,0
0.07242,0,0,INJECTING,732261799,732261799,5027229095,317046480964,-1,0
0.07242,1,0,DONE,4194304,4194304,4194304,28270287849,-1,0
0.07242,2,0,DONE,4194304,4194304,4194304,10035354119,-1,0
0.07242,3,0,DONE,4194304,4194304,4194304,7472990551,-1,0
0.07244,0,0,INJECTING,732261799,732261799,5027229095,317046480964,-1,0
0.07244,1,0,DONE,4194304,4194304,4194304,28270287849,-1,0
0.07244,2,0,DONE,4194304,4194304,4194304,10035354119,-1,0
0.07244,3,0,DONE,4194304,4194304,4194304,7472990551,-1,0
0.07246,0,0,INJECTING,732261799,732261799,5027229095,317046480964,-1,0
0.07246,1,0,DONE,4194304,4194304,4194304,28270287849,-1,0
0.07246,2,0,DONE,4194304,4194304,4194304,10035354119,-1,0
0.07246,3,0,DONE,4194304,4194304,4194304,7472990551,-1,0
0.07248,0,0,INJECTING,732261799,732261799,5027229095,317046480964,-1,0
0.07248,1,0,DONE,4194304,4194304,4194304,28270287849,-1,0
0.07248,2,0,DONE,4194304,4194304,4194304,10035354119,-1,0
0.07248,3,0,DONE,4194304,4194304,4194304,7472990551,-1,0
0.0725,0,0,INJECTING,732261799,732261799,5027229095,317046480964,-1,0
0.0725,1,0,DONE,4194304,4194304,4194304,28270287849,-1,0
0.0725,2,0,DONE,4194304,4194304,4194304,10035354119,-1,0
0.0725,3,0,DONE,4194304,4194304,4194304,7472990551,-1,0
0.07252,0,0,INJECTING,732261799,732261799,5027229095,317046480964,-1,0
0.07252,1,0,DONE,4194304,4194304,4194304,28270287849,-1,0
0.07252,2,0,DONE,4194304,4194304,4194304,10035354119,-1,0
0.07252,3,0,DONE,4194304,4194304,4194304,7472990551,-1,0
0.07254,0,0,INJECTING,732261799,732261799,5027229095,317046480964,-1,0
0.07254,1,0,DONE,4194304,4194304,4194304,28270287849,-1,0
0.07254,2,0,DONE,4194304,4194304,4194304,10035354119,-1,0
0.07254,3,0,DONE,4194304,4194304,4194304,7472990551,-1,0
0.07256,0,0,INJECTING,732261799,732261799,5027229095,317046480964,-1,0
0.07256,1,0,DONE,4194304,4194304,4194304,28270287849,-1,0
0.07256,2,0,DONE,4194304,4194304,4194304,10035354119,-1,0
0.07256,3,0,DONE,4194304,4194304,4194304,7472990551,-1,0
0.07258,0,0,INJECTING,732261799,732261799,5027229095,317046480964,-1,0
0.07258,1,0,DONE,4194304,4194304,4194304,28270287849,-1,0
0.07258,2,0,DONE,4194304,4194304,4194304,10035354119,-1,0
0.07258,3,0,DONE,4194304,4194304,4194304,7472990551,-1,0
0.0726,0,0,INJECTING,732261799,732261799,5027229095,317046480964,-1,0
0.0726,1,0,DONE,4194304,4194304,4194304,28270287849,-1,0
0.0726,2,0,DONE,4194304,4194304,4194304,10035354119,-1,0
0.0726,3,0,DONE,4194304,4194304,4194304,7472990551,-1,0
0.07262,0,0,INJECTING,732261799,732261799,5027229095,317046480964,-1,0
0.07262,1,0,DONE,4194304,4194304,4194304,28270287849,-1,0
0.07262,2,0,DONE,4194304,4194304,4194304,10035354119,-1,0
0.07262,3,0,DONE,4194304,4194304,4194304,7472990551,-1,0
0.07264,0,0,INJECTING,732261799,732261799,5027229095,317046480964,-1,0
0.07264,1,0,DONE,4194304,4194304,4194304,28270287849,-1,0
0.07264,2,0,DONE,4194304,4194304,4194304,10035354119,-1,0
0.07264,3,0,DONE,4194304,4194304,4194304,7472990551,-1,0
0.07266,0,0,INJECTING,732261799,732261799,5027229095,317046480964,-1,0
0.07266,1,0,DONE,4194304,4194304,4194304,28270287849,-1,0
0.07266,2,0,DONE,4194304,4194304,4194304,10035354119,-1,0
0.07266,3,0,DONE,4194304,4194304,4194304,7472990551,-1,0
0.07268,0,0,INJECTING,732261799,732261799,5027229095,317046480964,-1,0
0.07268,1,0,DONE,4194304,4194304,4194304,28270287849,-1,0
0.07268,2,0,DONE,4194304,4194304,4194304,10035354119,-1,0
0.07268,3,0,DONE,4194304,4194304,4194304,7472990551,-1,0
0.0727,0,0,INJECTING,732261799,732261799,5027229095,317046480964,-1,0
0.0727,1,0,DONE,4194304,4194304,4194304,28270287849,-1,0
0.0727,2,0,DONE,4194304,4194304,4194304,10035354119,-1,0
0.0727,3,0,DONE,4194304,4194304,4194304,7472990551,-1,0
0.07272,0,0,INJECTING,732261799,732261799,5027229095,317046480964,-1,0
0.07272,1,0,DONE,4194304,4194304,4194304,28270287849,-1,0
0.07272,2,0,DONE,4194304,4194304,4194304,10035354119,-1,0
0.07272,3,0,DONE,4194304,4194304,4194304,7472990551,-1,0
0.07274,0,0,INJECTING,732261799,732261799,5027229095,317046480964,-1,0
0.07274,1,0,DONE,4194304,4194304,4194304,28270287849,-1,0
0.07274,2,0,DONE,4194304,4194304,4194304,10035354119,-1,0
0.07274,3,0,DONE,4194304,4194304,4194304,7472990551,-1,0
0.07276,0,0,INJECTING,732261799,732261799,5027229095,317046480964,-1,0
0.07276,1,0,DONE,4194304,4194304,4194304,28270287849,-1,0
0.07276,2,0,DONE,4194304,4194304,4194304,10035354119,-1,0
0.07276,3,0,DONE,4194304,4194304,4194304,7472990551,-1,0
0.07278,0,0,INJECTING,732261799,732261799,5027229095,317046480964,-1,0
0.07278,1,0,DONE,4194304,4194304,4194304,28270287849,-1,0
0.07278,2,0,DONE,4194304,4194304,4194304,10035354119,-1,0
0.07278,3,0,DONE,4194304,4194304,4194304,7472990551,-1,0
0.0728,0,0,INJECTING,732261799,732261799,5027229095,317046480964,-1,0
0.0728,1,0,DONE,4194304,4194304,4194304,28270287849,-1,0
0.0728,2,0,DONE,4194304,4194304,4194304,10035354119,-1,0
0.0728,3,0,DONE,4194304,4194304,4194304,7472990551,-1,0
0.07282,0,0,INJECTING,732261799,732261799,5027229095,317046480964,-1,0
0.07282,1,0,DONE,4194304,4194304,4194304,28270287849,-1,0
0.07282,2,0,DONE,4194304,4194304,4194304,10035354119,-1,0
0.07282,3,0,DONE,4194304,4194304,4194304,7472990551,-1,0
0.07284,0,0,INJECTING,732261799,732261799,5027229095,317046480964,-1,0
0.07284,1,0,DONE,4194304,4194304,4194304,28270287849,-1,0
0.07284,2,0,DONE,4194304,4194304,4194304,10035354119,-1,0
0.07284,3,0,DONE,4194304,4194304,4194304,7472990551,-1,0
0.07286,0,0,INJECTING,732261799,732261799,5027229095,317046480964,-1,0
0.07286,1,0,DONE,4194304,4194304,4194304,28270287849,-1,0
0.07286,2,0,DONE,4194304,4194304,4194304,10035354119,-1,0
0.07286,3,0,DONE,4194304,4194304,4194304,7472990551,-1,0
0.07288,0,0,INJECTING,732261799,732261799,5027229095,317046480964,-1,0
0.07288,1,0,DONE,4194304,4194304,4194304,28270287849,-1,0
0.07288,2,0,DONE,4194304,4194304,4194304,10035354119,-1,0
0.07288,3,0,DONE,4194304,4194304,4194304,7472990551,-1,0
0.0729,0,0,INJECTING,732261799,732261799,5027229095,317046480964,-1,0
0.0729,1,0,DONE,4194304,4194304,4194304,28270287849,-1,0
0.0729,2,0,DONE,4194304,4194304,4194304,10035354119,-1,0
0.0729,3,0,DONE,4194304,4194304,4194304,7472990551,-1,0
0.07292,0,0,INJECTING,732261799,732261799,5027229095,317046480964,-1,0
0.07292,1,0,DONE,4194304,4194304,4194304,28270287849,-1,0
0.07292,2,0,DONE,4194304,4194304,4194304,10035354119,-1,0
0.07292,3,0,DONE,4194304,4194304,4194304,7472990551,-1,0
0.07294,0,0,INJECTING,732261799,732261799,5027229095,317046480964,-1,0
0.07294,1,0,DONE,4194304,4194304,4194304,28270287849,-1,0
0.07294,2,0,DONE,4194304,4194304,4194304,10035354119,-1,0
0.07294,3,0,DONE,4194304,4194304,4194304,7472990551,-1,0
0.07296,0,0,INJECTING,732261799,732261799,5027229095,317046480964,-1,0
0.07296,1,0,DONE,4194304,4194304,4194304,28270287849,-1,0
0.07296,2,0,DONE,4194304,4194304,4194304,10035354119,-1,0
0.07296,3,0,DONE,4194304,4194304,4194304,7472990551,-1,0
0.07298,0,0,INJECTING,732261799,732261799,5027229095,317046480964,-1,0
0.07298,1,0,DONE,4194304,4194304,4194304,28270287849,-1,0
0.07298,2,0,DONE,4194304,4194304,4194304,10035354119,-1,0
0.07298,3,0,DONE,4194304,4194304,4194304,7472990551,-1,0
0.073,0,0,INJECTING,732261799,732261799,5027229095,317046480964,-1,0
0.073,1,0,DONE,4194304,4194304,4194304,28270287849,-1,0
0.073,2,0,DONE,4194304,4194304,4194304,10035354119,-1,0
0.073,3,0,DONE,4194304,4194304,4194304,7472990551,-1,0
0.07302,0,0,INJECTING,732261799,732261799,5027229095,317046480964,-1,0
0.07302,1,0,DONE,4194304,4194304,4194304,28270287849,-1,0
0.07302,2,0,DONE,4194304,4194304,4194304,10035354119,-1,0
0.07302,3,0,DONE,4194304,4194304,4194304,7472990551,-1,0
0.07304,0,0,INJECTING,732261799,732261799,5027229095,317046480964,-1,0
0.07304,1,0,DONE,4194304,4194304,4194304,28270287849,-1,0
0.07304,2,0,DONE,4194304,4194304,4194304,10035354119,-1,0
0.07304,3,0,DONE,4194304,4194304,4194304,7472990551,-1,0
0.07306,0,0,INJECTING,732261799,732261799,5027229095,317046480964,-1,0
0.07306,1,0,DONE,4194304,4194304,4194304,28270287849,-1,0
0.07306,2,0,DONE,4194304,4194304,4194304,10035354119,-1,0
0.07306,3,0,DONE,4194304,4194304,4194304,7472990551,-1,0
0.07308,0,0,INJECTING,732261799,732261799,5027229095,317046480964,-1,0
0.07308,1,0,DONE,4194304,4194304,4194304,28270287849,-1,0
0.07308,2,0,DONE,4194304,4194304,4194304,10035354119,-1,0
0.07308,3,0,DONE,4194304,4194304,4194304,7472990551,-1,0
0.0731,0,0,INJECTING,732261799,732261799,5027229095,317046480964,-1,0
0.0731,1,0,DONE,4194304,4194304,4194304,28270287849,-1,0
0.0731,2,0,DONE,4194304,4194304,4194304,10035354119,-1,0
0.0731,3,0,DONE,4194304,4194304,4194304,7472990551,-1,0
0.07312,0,0,INJECTING,732261799,732261799,5027229095,317046480964,-1,0
0.07312,1,0,DONE,4194304,4194304,4194304,28270287849,-1,0
0.07312,2,0,DONE,4194304,4194304,4194304,10035354119,-1,0
0.07312,3,0,DONE,4194304,4194304,4194304,7472990551,-1,0
0.07314,0,0,INJECTING,732261799,732261799,5027229095,317046480964,-1,0
0.07314,1,0,DONE,4194304,4194304,4194304,28270287849,-1,0
0.07314,2,0,DONE,4194304,4194304,4194304,10035354119,-1,0
0.07314,3,0,DONE,4194304,4194304,4194304,7472990551,-1,0
0.07316,0,0,INJECTING,732261799,732261799,5027229095,317046480964,-1,0
0.07316,1,0,DONE,4194304,4194304,4194304,28270287849,-1,0
0.07316,2,0,DONE,4194304,4194304,4194304,10035354119,-1,0
0.07316,3,0,DONE,4194304,4194304,4194304,7472990551,-1,0
0.07318,0,0,INJECTING,732261799,732261799,5027229095,317046480964,-1,0
0.07318,1,0,DONE,4194304,4194304,4194304,28270287849,-1,0
0.07318,2,0,DONE,4194304,4194304,4194304,10035354119,-1,0
0.07318,3,0,DONE,4194304,4194304,4194304,7472990551,-1,0
0.0732,0,0,INJECTING,732261799,732261799,5027229095,317046480964,-1,0
0.0732,1,0,DONE,4194304,4194304,4194304,28270287849,-1,0
0.0732,2,0,DONE,4194304,4194304,4194304,10035354119,-1,0
0.0732,3,0,DONE,4194304,4194304,4194304,7472990551,-1,0
0.07322,0,0,INJECTING,732261799,732261799,5027229095,317046480964,-1,0
0.07322,1,0,DONE,4194304,4194304,4194304,28270287849,-1,0
0.07322,2,0,DONE,4194304,4194304,4194304,10035354119,-1,0
0.07322,3,0,DONE,4194304,4194304,4194304,7472990551,-1,0
0.07324,0,0,INJECTING,732261799,732261799,5027229095,317046480964,-1,0
0.07324,1,0,DONE,4194304,4194304,4194304,28270287849,-1,0
0.07324,2,0,DONE,4194304,4194304,4194304,10035354119,-1,0
0.07324,3,0,DONE,4194304,4194304,4194304,7472990551,-1,0
0.07326,0,0,INJECTING,732261799,732261799,5027229095,317046480964,-1,0
0.07326,1,0,DONE,4194304,4194304,4194304,28270287849,-1,0
0.07326,2,0,DONE,4194304,4194304,4194304,10035354119,-1,0
0.07326,3,0,DONE,4194304,4194304,4194304,7472990551,-1,0
0.07328,0,0,INJECTING,732261799,732261799,5027229095,317046480964,-1,0
0.07328,1,0,DONE,4194304,4194304,4194304,28270287849,-1,0
0.07328,2,0,DONE,4194304,4194304,4194304,10035354119,-1,0
0.07328,3,0,DONE,4194304,4194304,4194304,7472990551,-1,0
0.0733,0,0,INJECTING,732261799,732261799,5027229095,317046480964,-1,0
0.0733,1,0,DONE,4194304,4194304,4194304,28270287849,-1,0
0.0733,2,0,DONE,4194304,4194304,4194304,10035354119,-1,0
0.0733,3,0,DONE,4194304,4194304,4194304,7472990551,-1,0
0.07332,0,0,INJECTING,732261799,732261799,5027229095,317046480964,-1,0
0.07332,1,0,DONE,4194304,4194304,4194304,28270287849,-1,0
0.07332,2,0,DONE,4194304,4194304,4194304,10035354119,-1,0
0.07332,3,0,DONE,4194304,4194304,4194304,7472990551,-1,0
0.07334,0,0,INJECTING,732261799,732261799,5027229095,317046480964,-1,0
0.07334,1,0,DONE,4194304,4194304,4194304,28270287849,-1,0
0.07334,2,0,DONE,4194304,4194304,4194304,10035354119,-1,0
0.07334,3,0,DONE,4194304,4194304,4194304,7472990551,-1,0
0.07336,0,0,INJECTING,732261799,732261799,5027229095,317046480964,-1,0
0.07336,1,0,DONE,4194304,4194304,4194304,28270287849,-1,0
0.07336,2,0,DONE,4194304,4194304,4194304,10035354119,-1,0
0.07336,3,0,DONE,4194304,4194304,4194304,7472990551,-1,0
0.07338,0,0,INJECTING,732261799,732261799,5027229095,317046480964,-1,0
0.07338,1,0,DONE,4194304,4194304,4194304,28270287849,-1,0
0.07338,2,0,DONE,4194304,4194304,4194304,10035354119,-1,0
0.07338,3,0,DONE,4194304,4194304,4194304,7472990551,-1,0
0.0734,0,0,INJECTING,732261799,732261799,5027229095,317046480964,-1,0
0.0734,1,0,DONE,4194304,4194304,4194304,28270287849,-1,0
0.0734,2,0,DONE,4194304,4194304,4194304,10035354119,-1,0
0.0734,3,0,DONE,4194304,4194304,4194304,7472990551,-1,0
0.07342,0,0,INJECTING,732261799,732261799,5027229095,317046480964,-1,0
0.07342,1,0,DONE,4194304,4194304,4194304,28270287849,-1,0
0.07342,2,0,DONE,4194304,4194304,4194304,10035354119,-1,0
0.07342,3,0,DONE,4194304,4194304,4194304,7472990551,-1,0
0.07344,0,0,INJECTING,732261799,732261799,5027229095,317046480964,-1,0
0.07344,1,0,DONE,4194304,4194304,4194304,28270287849,-1,0
0.07344,2,0,DONE,4194304,4194304,4194304,10035354119,-1,0
0.07344,3,0,DONE,4194304,4194304,4194304,7472990551,-1,0
0.07346,0,0,INJECTING,732261799,732261799,5027229095,317046480964,-1,0
0.07346,1,0,DONE,4194304,4194304,4194304,28270287849,-1,0
0.07346,2,0,DONE,4194304,4194304,4194304,10035354119,-1,0
0.07346,3,0,DONE,4194304,4194304,4194304,7472990551,-1,0
0.07348,0,0,INJECTING,732261799,732261799,5027229095,317046480964,-1,0
0.07348,1,0,DONE,4194304,4194304,4194304,28270287849,-1,0
0.07348,2,0,DONE,4194304,4194304,4194304,10035354119,-1,0
0.07348,3,0,DONE,4194304,4194304,4194304,7472990551,-1,0
0.0735,0,0,INJECTING,732261799,732261799,5027229095,317046480964,-1,0
0.0735,1,0,DONE,4194304,4194304,4194304,28270287849,-1,0
0.0735,2,0,DONE,4194304,4194304,4194304,10035354119,-1,0
0.0735,3,0,DONE,4194304,4194304,4194304,7472990551,-1,0
0.07352,0,0,INJECTING,732261799,732261799,5027229095,317046480964,-1,0
0.07352,1,0,DONE,4194304,4194304,4194304,28270287849,-1,0
0.07352,2,0,DONE,4194304,4194304,4194304,10035354119,-1,0
0.07352,3,0,DONE,4194304,4194304,4194304,7472990551,-1,0
0.07354,0,0,INJECTING,732261799,732261799,5027229095,317046480964,-1,0
0.07354,1,0,DONE,4194304,4194304,4194304,28270287849,-1,0
0.07354,2,0,DONE,4194304,4194304,4194304,10035354119,-1,0
0.07354,3,0,DONE,4194304,4194304,4194304,7472990551,-1,0
0.07356,0,0,INJECTING,732261799,732261799,5027229095,317046480964,-1,0
0.07356,1,0,DONE,4194304,4194304,4194304,28270287849,-1,0
0.07356,2,0,DONE,4194304,4194304,4194304,10035354119,-1,0
0.07356,3,0,DONE,4194304,4194304,4194304,7472990551,-1,0
0.07358,0,0,INJECTING,732261799,732261799,5027229095,317046480964,-1,0
0.07358,1,0,DONE,4194304,4194304,4194304,28270287849,-1,0
0.07358,2,0,DONE,4194304,4194304,4194304,10035354119,-1,0
0.07358,3,0,DONE,4194304,4194304,4194304,7472990551,-1,0
0.0736,0,0,INJECTING,732261799,732261799,5027229095,317046480964,-1,0
0.0736,1,0,DONE,4194304,4194304,4194304,28270287849,-1,0
0.0736,2,0,DONE,4194304,4194304,4194304,10035354119,-1,0
0.0736,3,0,DONE,4194304,4194304,4194304,7472990551,-1,0
0.07362,0,0,INJECTING,732261799,732261799,5027229095,317046480964,-1,0
0.07362,1,0,DONE,4194304,4194304,4194304,28270287849,-1,0
0.07362,2,0,DONE,4194304,4194304,4194304,10035354119,-1,0
0.07362,3,0,DONE,4194304,4194304,4194304,7472990551,-1,0
0.07364,0,0,INJECTING,732261799,732261799,5027229095,317046480964,-1,0
0.07364,1,0,DONE,4194304,4194304,4194304,28270287849,-1,0
0.07364,2,0,DONE,4194304,4194304,4194304,10035354119,-1,0
0.07364,3,0,DONE,4194304,4194304,4194304,7472990551,-1,0
0.07366,0,0,INJECTING,732261799,732261799,5027229095,317046480964,-1,0
0.07366,1,0,DONE,4194304,4194304,4194304,28270287849,-1,0
0.07366,2,0,DONE,4194304,4194304,4194304,10035354119,-1,0
0.07366,3,0,DONE,4194304,4194304,4194304,7472990551,-1,0
0.07368,0,0,INJECTING,732261799,732261799,5027229095,317046480964,-1,0
0.07368,1,0,DONE,4194304,4194304,4194304,28270287849,-1,0
0.07368,2,0,DONE,4194304,4194304,4194304,10035354119,-1,0
0.07368,3,0,DONE,4194304,4194304,4194304,7472990551,-1,0
0.0737,0,0,INJECTING,732261799,732261799,5027229095,317046480964,-1,0
0.0737,1,0,DONE,4194304,4194304,4194304,28270287849,-1,0
0.0737,2,0,DONE,4194304,4194304,4194304,10035354119,-1,0
0.0737,3,0,DONE,4194304,4194304,4194304,7472990551,-1,0
0.07372,0,0,INJECTING,732261799,732261799,5027229095,317046480964,-1,0
0.07372,1,0,DONE,4194304,4194304,4194304,28270287849,-1,0
0.07372,2,0,DONE,4194304,4194304,4194304,10035354119,-1,0
0.07372,3,0,DONE,4194304,4194304,4194304,7472990551,-1,0
0.07374,0,0,INJECTING,732261799,732261799,5027229095,317046480964,-1,0
0.07374,1,0,DONE,4194304,4194304,4194304,28270287849,-1,0
0.07374,2,0,DONE,4194304,4194304,4194304,10035354119,-1,0
0.07374,3,0,DONE,4194304,4194304,4194304,7472990551,-1,0
0.07376,0,0,INJECTING,732261799,732261799,5027229095,317046480964,-1,0
0.07376,1,0,DONE,4194304,4194304,4194304,28270287849,-1,0
0.07376,2,0,DONE,4194304,4194304,4194304,10035354119,-1,0
0.07376,3,0,DONE,4194304,4194304,4194304,7472990551,-1,0
0.07378,0,0,INJECTING,732261799,732261799,5027229095,317046480964,-1,0
0.07378,1,0,DONE,4194304,4194304,4194304,28270287849,-1,0
0.07378,2,0,DONE,4194304,4194304,4194304,10035354119,-1,0
0.07378,3,0,DONE,4194304,4194304,4194304,7472990551,-1,0
0.0738,0,0,INJECTING,732261799,732261799,5027229095,317046480964,-1,0
0.0738,1,0,DONE,4194304,4194304,4194304,28270287849,-1,0
0.0738,2,0,DONE,4194304,4194304,4194304,10035354119,-1,0
0.0738,3,0,DONE,4194304,4194304,4194304,7472990551,-1,0
0.07382,0,0,INJECTING,732261799,732261799,5027229095,317046480964,-1,0
0.07382,1,0,DONE,4194304,4194304,4194304,28270287849,-1,0
0.07382,2,0,DONE,4194304,4194304,4194304,10035354119,-1,0
0.07382,3,0,DONE,4194304,4194304,4194304,7472990551,-1,0
0.07384,0,0,INJECTING,732261799,732261799,5027229095,317046480964,-1,0
0.07384,1,0,DONE,4194304,4194304,4194304,28270287849,-1,0
0.07384,2,0,DONE,4194304,4194304,4194304,10035354119,-1,0
0.07384,3,0,DONE,4194304,4194304,4194304,7472990551,-1,0
0.07386,0,0,INJECTING,732261799,732261799,5027229095,317046480964,-1,0
0.07386,1,0,DONE,4194304,4194304,4194304,28270287849,-1,0
0.07386,2,0,DONE,4194304,4194304,4194304,10035354119,-1,0
0.07386,3,0,DONE,4194304,4194304,4194304,7472990551,-1,0
0.07388,0,0,INJECTING,732261799,732261799,5027229095,317046480964,-1,0
0.07388,1,0,DONE,4194304,4194304,4194304,28270287849,-1,0
0.07388,2,0,DONE,4194304,4194304,4194304,10035354119,-1,0
0.07388,3,0,DONE,4194304,4194304,4194304,7472990551,-1,0
0.0739,0,0,INJECTING,732261799,732261799,5027229095,317046480964,-1,0
0.0739,1,0,DONE,4194304,4194304,4194304,28270287849,-1,0
0.0739,2,0,DONE,4194304,4194304,4194304,10035354119,-1,0
0.0739,3,0,DONE,4194304,4194304,4194304,7472990551,-1,0
0.07392,0,0,INJECTING,732261799,732261799,5027229095,317046480964,-1,0
0.07392,1,0,DONE,4194304,4194304,4194304,28270287849,-1,0
0.07392,2,0,DONE,4194304,4194304,4194304,10035354119,-1,0
0.07392,3,0,DONE,4194304,4194304,4194304,7472990551,-1,0
0.07394,0,0,INJECTING,732261799,732261799,5027229095,317046480964,-1,0
0.07394,1,0,DONE,4194304,4194304,4194304,28270287849,-1,0
0.07394,2,0,DONE,4194304,4194304,4194304,10035354119,-1,0
0.07394,3,0,DONE,4194304,4194304,4194304,7472990551,-1,0
0.07396,0,0,INJECTING,732261799,732261799,5027229095,317046480964,-1,0
0.07396,1,0,DONE,4194304,4194304,4194304,28270287849,-1,0
0.07396,2,0,DONE,4194304,4194304,4194304,10035354119,-1,0
0.07396,3,0,DONE,4194304,4194304,4194304,7472990551,-1,0
0.07398,0,0,INJECTING,732261799,732261799,5027229095,317046480964,-1,0
0.07398,1,0,DONE,4194304,4194304,4194304,28270287849,-1,0
0.07398,2,0,DONE,4194304,4194304,4194304,10035354119,-1,0
0.07398,3,0,DONE,4194304,4194304,4194304,7472990551,-1,0
0.074,0,0,INJECTING,732261799,732261799,5027229095,317046480964,-1,0
0.074,1,0,DONE,4194304,4194304,4194304,28270287849,-1,0
0.074,2,0,DONE,4194304,4194304,4194304,10035354119,-1,0
0.074,3,0,DONE,4194304,4194304,4194304,7472990551,-1,0
0.07402,0,0,INJECTING,732261799,732261799,5027229095,317046480964,-1,0
0.07402,1,0,DONE,4194304,4194304,4194304,28270287849,-1,0
0.07402,2,0,DONE,4194304,4194304,4194304,10035354119,-1,0
0.07402,3,0,DONE,4194304,4194304,4194304,7472990551,-1,0
0.07404,0,0,INJECTING,732261799,732261799,5027229095,317046480964,-1,0
0.07404,1,0,DONE,4194304,4194304,4194304,28270287849,-1,0
0.07404,2,0,DONE,4194304,4194304,4194304,10035354119,-1,0
0.07404,3,0,DONE,4194304,4194304,4194304,7472990551,-1,0
0.07406,0,0,INJECTING,732261799,732261799,5027229095,317046480964,-1,0
0.07406,1,0,DONE,4194304,4194304,4194304,28270287849,-1,0
0.07406,2,0,DONE,4194304,4194304,4194304,10035354119,-1,0
0.07406,3,0,DONE,4194304,4194304,4194304,7472990551,-1,0
0.07408,0,0,INJECTING,732261799,732261799,5027229095,317046480964,-1,0
0.07408,1,0,DONE,4194304,4194304,4194304,28270287849,-1,0
0.07408,2,0,DONE,4194304,4194304,4194304,10035354119,-1,0
0.07408,3,0,DONE,4194304,4194304,4194304,7472990551,-1,0
0.0741,0,0,INJECTING,732261799,732261799,5027229095,317046480964,-1,0
0.0741,1,0,DONE,4194304,4194304,4194304,28270287849,-1,0
0.0741,2,0,DONE,4194304,4194304,4194304,10035354119,-1,0
0.0741,3,0,DONE,4194304,4194304,4194304,7472990551,-1,0
0.07412,0,0,INJECTING,732261799,732261799,5027229095,317046480964,-1,0
0.07412,1,0,DONE,4194304,4194304,4194304,28270287849,-1,0
0.07412,2,0,DONE,4194304,4194304,4194304,10035354119,-1,0
0.07412,3,0,DONE,4194304,4194304,4194304,7472990551,-1,0
0.07414,0,0,INJECTING,732261799,732261799,5027229095,317046480964,-1,0
0.07414,1,0,DONE,4194304,4194304,4194304,28270287849,-1,0
0.07414,2,0,DONE,4194304,4194304,4194304,10035354119,-1,0
0.07414,3,0,DONE,4194304,4194304,4194304,7472990551,-1,0
0.07416,0,0,INJECTING,732261799,732261799,5027229095,317046480964,-1,0
0.07416,1,0,DONE,4194304,4194304,4194304,28270287849,-1,0
0.07416,2,0,DONE,4194304,4194304,4194304,10035354119,-1,0
0.07416,3,0,DONE,4194304,4194304,4194304,7472990551,-1,0
0.07418,0,0,INJECTING,732261799,732261799,5027229095,317046480964,-1,0
0.07418,1,0,DONE,4194304,4194304,4194304,28270287849,-1,0
0.07418,2,0,DONE,4194304,4194304,4194304,10035354119,-1,0
0.07418,3,0,DONE,4194304,4194304,4194304,7472990551,-1,0
0.0742,0,0,INJECTING,732261799,732261799,5027229095,317046480964,-1,0
0.0742,1,0,DONE,4194304,4194304,4194304,28270287849,-1,0
0.0742,2,0,DONE,4194304,4194304,4194304,10035354119,-1,0
0.0742,3,0,DONE,4194304,4194304,4194304,7472990551,-1,0
0.07422,0,0,INJECTING,732261799,732261799,5027229095,317046480964,-1,0
0.07422,1,0,DONE,4194304,4194304,4194304,28270287849,-1,0
0.07422,2,0,DONE,4194304,4194304,4194304,10035354119,-1,0
0.07422,3,0,DONE,4194304,4194304,4194304,7472990551,-1,0
0.07424,0,0,INJECTING,732261799,732261799,5027229095,317046480964,-1,0
0.07424,1,0,DONE,4194304,4194304,4194304,28270287849,-1,0
0.07424,2,0,DONE,4194304,4194304,4194304,10035354119,-1,0
0.07424,3,0,DONE,4194304,4194304,4194304,7472990551,-1,0
0.07426,0,0,INJECTING,732261799,732261799,5027229095,317046480964,-1,0
0.07426,1,0,DONE,4194304,4194304,4194304,28270287849,-1,0
0.07426,2,0,DONE,4194304,4194304,4194304,10035354119,-1,0
0.07426,3,0,DONE,4194304,4194304,4194304,7472990551,-1,0
0.07428,0,0,INJECTING,732261799,732261799,5027229095,317046480964,-1,0
0.07428,1,0,DONE,4194304,4194304,4194304,28270287849,-1,0
0.07428,2,0,DONE,4194304,4194304,4194304,10035354119,-1,0
0.07428,3,0,DONE,4194304,4194304,4194304,7472990551,-1,0
0.0743,0,0,INJECTING,732261799,732261799,5027229095,317046480964,-1,0
0.0743,1,0,DONE,4194304,4194304,4194304,28270287849,-1,0
0.0743,2,0,DONE,4194304,4194304,4194304,10035354119,-1,0
0.0743,3,0,DONE,4194304,4194304,4194304,7472990551,-1,0
0.07432,0,0,INJECTING,732261799,732261799,5027229095,317046480964,-1,0
0.07432,1,0,DONE,4194304,4194304,4194304,28270287849,-1,0
0.07432,2,0,DONE,4194304,4194304,4194304,10035354119,-1,0
0.07432,3,0,DONE,4194304,4194304,4194304,7472990551,-1,0
0.07434,0,0,INJECTING,732261799,732261799,5027229095,317046480964,-1,0
0.07434,1,0,DONE,4194304,4194304,4194304,28270287849,-1,0
0.07434,2,0,DONE,4194304,4194304,4194304,10035354119,-1,0
0.07434,3,0,DONE,4194304,4194304,4194304,7472990551,-1,0
0.07436,0,0,INJECTING,732261799,732261799,5027229095,317046480964,-1,0
0.07436,1,0,DONE,4194304,4194304,4194304,28270287849,-1,0
0.07436,2,0,DONE,4194304,4194304,4194304,10035354119,-1,0
0.07436,3,0,DONE,4194304,4194304,4194304,7472990551,-1,0
0.07438,0,0,INJECTING,732261799,732261799,5027229095,317046480964,-1,0
0.07438,1,0,DONE,4194304,4194304,4194304,28270287849,-1,0
0.07438,2,0,DONE,4194304,4194304,4194304,10035354119,-1,0
0.07438,3,0,DONE,4194304,4194304,4194304,7472990551,-1,0
0.0744,0,0,INJECTING,732261799,732261799,5027229095,317046480964,-1,0
0.0744,1,0,DONE,4194304,4194304,4194304,28270287849,-1,0
0.0744,2,0,DONE,4194304,4194304,4194304,10035354119,-1,0
0.0744,3,0,DONE,4194304,4194304,4194304,7472990551,-1,0
0.07442,0,0,INJECTING,732261799,732261799,5027229095,317046480964,-1,0
0.07442,1,0,DONE,4194304,4194304,4194304,28270287849,-1,0
0.07442,2,0,DONE,4194304,4194304,4194304,10035354119,-1,0
0.07442,3,0,DONE,4194304,4194304,4194304,7472990551,-1,0
0.07444,0,0,INJECTING,732261799,732261799,5027229095,317046480964,-1,0
0.07444,1,0,DONE,4194304,4194304,4194304,28270287849,-1,0
0.07444,2,0,DONE,4194304,4194304,4194304,10035354119,-1,0
0.07444,3,0,DONE,4194304,4194304,4194304,7472990551,-1,0
0.07446,0,0,INJECTING,732261799,732261799,5027229095,317046480964,-1,0
0.07446,1,0,DONE,4194304,4194304,4194304,28270287849,-1,0
0.07446,2,0,DONE,4194304,4194304,4194304,10035354119,-1,0
0.07446,3,0,DONE,4194304,4194304,4194304,7472990551,-1,0
0.07448,0,0,INJECTING,732261799,732261799,5027229095,317046480964,-1,0
0.07448,1,0,DONE,4194304,4194304,4194304,28270287849,-1,0
0.07448,2,0,DONE,4194304,4194304,4194304,10035354119,-1,0
0.07448,3,0,DONE,4194304,4194304,4194304,7472990551,-1,0
0.0745,0,0,INJECTING,732261799,732261799,5027229095,317046480964,-1,0
0.0745,1,0,DONE,4194304,4194304,4194304,28270287849,-1,0
0.0745,2,0,DONE,4194304,4194304,4194304,10035354119,-1,0
0.0745,3,0,DONE,4194304,4194304,4194304,7472990551,-1,0
0.07452,0,0,INJECTING,732261799,732261799,5027229095,317046480964,-1,0
0.07452,1,0,DONE,4194304,4194304,4194304,28270287849,-1,0
0.07452,2,0,DONE,4194304,4194304,4194304,10035354119,-1,0
0.07452,3,0,DONE,4194304,4194304,4194304,7472990551,-1,0
0.07454,0,0,INJECTING,732261799,732261799,5027229095,317046480964,-1,0
0.07454,1,0,DONE,4194304,4194304,4194304,28270287849,-1,0
0.07454,2,0,DONE,4194304,4194304,4194304,10035354119,-1,0
0.07454,3,0,DONE,4194304,4194304,4194304,7472990551,-1,0
0.07456,0,0,INJECTING,732261799,732261799,5027229095,317046480964,-1,0
0.07456,1,0,DONE,4194304,4194304,4194304,28270287849,-1,0
0.07456,2,0,DONE,4194304,4194304,4194304,10035354119,-1,0
0.07456,3,0,DONE,4194304,4194304,4194304,7472990551,-1,0
0.07458,0,0,INJECTING,732261799,732261799,5027229095,317046480964,-1,0
0.07458,1,0,DONE,4194304,4194304,4194304,28270287849,-1,0
0.07458,2,0,DONE,4194304,4194304,4194304,10035354119,-1,0
0.07458,3,0,DONE,4194304,4194304,4194304,7472990551,-1,0
0.0746,0,0,INJECTING,732261799,732261799,5027229095,317046480964,-1,0
0.0746,1,0,DONE,4194304,4194304,4194304,28270287849,-1,0
0.0746,2,0,DONE,4194304,4194304,4194304,10035354119,-1,0
0.0746,3,0,DONE,4194304,4194304,4194304,7472990551,-1,0
0.07462,0,0,INJECTING,732261799,732261799,5027229095,317046480964,-1,0
0.07462,1,0,DONE,4194304,4194304,4194304,28270287849,-1,0
0.07462,2,0,DONE,4194304,4194304,4194304,10035354119,-1,0
0.07462,3,0,DONE,4194304,4194304,4194304,7472990551,-1,0
0.07464,0,0,INJECTING,732261799,732261799,5027229095,317046480964,-1,0
0.07464,1,0,DONE,4194304,4194304,4194304,28270287849,-1,0
0.07464,2,0,DONE,4194304,4194304,4194304,10035354119,-1,0
0.07464,3,0,DONE,4194304,4194304,4194304,7472990551,-1,0
0.07466,0,0,INJECTING,732261799,732261799,5027229095,317046480964,-1,0
0.07466,1,0,DONE,4194304,4194304,4194304,28270287849,-1,0
0.07466,2,0,DONE,4194304,4194304,4194304,10035354119,-1,0
0.07466,3,0,DONE,4194304,4194304,4194304,7472990551,-1,0
0.07468,0,0,INJECTING,732261799,732261799,5027229095,317046480964,-1,0
0.07468,1,0,DONE,4194304,4194304,4194304,28270287849,-1,0
0.07468,2,0,DONE,4194304,4194304,4194304,10035354119,-1,0
0.07468,3,0,DONE,4194304,4194304,4194304,7472990551,-1,0
0.0747,0,0,INJECTING,732261799,732261799,5027229095,317046480964,-1,0
0.0747,1,0,DONE,4194304,4194304,4194304,28270287849,-1,0
0.0747,2,0,DONE,4194304,4194304,4194304,10035354119,-1,0
0.0747,3,0,DONE,4194304,4194304,4194304,7472990551,-1,0
0.07472,0,0,INJECTING,732261799,732261799,5027229095,317046480964,-1,0
0.07472,1,0,DONE,4194304,4194304,4194304,28270287849,-1,0
0.07472,2,0,DONE,4194304,4194304,4194304,10035354119,-1,0
0.07472,3,0,DONE,4194304,4194304,4194304,7472990551,-1,0
0.07474,0,0,INJECTING,732261799,732261799,5027229095,317046480964,-1,0
0.07474,1,0,DONE,4194304,4194304,4194304,28270287849,-1,0
0.07474,2,0,DONE,4194304,4194304,4194304,10035354119,-1,0
0.07474,3,0,DONE,4194304,4194304,4194304,7472990551,-1,0
0.07476,0,0,INJECTING,732261799,732261799,5027229095,317046480964,-1,0
0.07476,1,0,DONE,4194304,4194304,4194304,28270287849,-1,0
0.07476,2,0,DONE,4194304,4194304,4194304,10035354119,-1,0
0.07476,3,0,DONE,4194304,4194304,4194304,7472990551,-1,0
0.07478,0,0,INJECTING,732261799,732261799,5027229095,317046480964,-1,0
0.07478,1,0,DONE,4194304,4194304,4194304,28270287849,-1,0
0.07478,2,0,DONE,4194304,4194304,4194304,10035354119,-1,0
0.07478,3,0,DONE,4194304,4194304,4194304,7472990551,-1,0
0.0748,0,0,INJECTING,732261799,732261799,5027229095,317046480964,-1,0
0.0748,1,0,DONE,4194304,4194304,4194304,28270287849,-1,0
0.0748,2,0,DONE,4194304,4194304,4194304,10035354119,-1,0
0.0748,3,0,DONE,4194304,4194304,4194304,7472990551,-1,0
0.07482,0,0,INJECTING,732261799,732261799,5027229095,317046480964,-1,0
0.07482,1,0,DONE,4194304,4194304,4194304,28270287849,-1,0
0.07482,2,0,DONE,4194304,4194304,4194304,10035354119,-1,0
0.07482,3,0,DONE,4194304,4194304,4194304,7472990551,-1,0
0.07484,0,0,INJECTING,732261799,732261799,5027229095,317046480964,-1,0
0.07484,1,0,DONE,4194304,4194304,4194304,28270287849,-1,0
0.07484,2,0,DONE,4194304,4194304,4194304,10035354119,-1,0
0.07484,3,0,DONE,4194304,4194304,4194304,7472990551,-1,0
0.07486,0,0,INJECTING,732261799,732261799,5027229095,317046480964,-1,0
0.07486,1,0,DONE,4194304,4194304,4194304,28270287849,-1,0
0.07486,2,0,DONE,4194304,4194304,4194304,10035354119,-1,0
0.07486,3,0,DONE,4194304,4194304,4194304,7472990551,-1,0
0.07488,0,0,INJECTING,732261799,732261799,5027229095,317046480964,-1,0
0.07488,1,0,DONE,4194304,4194304,4194304,28270287849,-1,0
0.07488,2,0,DONE,4194304,4194304,4194304,10035354119,-1,0
0.07488,3,0,DONE,4194304,4194304,4194304,7472990551,-1,0
0.0749,0,0,INJECTING,732261799,732261799,5027229095,317046480964,-1,0
0.0749,1,0,DONE,4194304,4194304,4194304,28270287849,-1,0
0.0749,2,0,DONE,4194304,4194304,4194304,10035354119,-1,0
0.0749,3,0,DONE,4194304,4194304,4194304,7472990551,-1,0
0.07492,0,0,INJECTING,732261799,732261799,5027229095,317046480964,-1,0
0.07492,1,0,DONE,4194304,4194304,4194304,28270287849,-1,0
0.07492,2,0,DONE,4194304,4194304,4194304,10035354119,-1,0
0.07492,3,0,DONE,4194304,4194304,4194304,7472990551,-1,0
0.07494,0,0,INJECTING,732261799,732261799,5027229095,317046480964,-1,0
0.07494,1,0,DONE,4194304,4194304,4194304,28270287849,-1,0
0.07494,2,0,DONE,4194304,4194304,4194304,10035354119,-1,0
0.07494,3,0,DONE,4194304,4194304,4194304,7472990551,-1,0
0.07496,0,0,INJECTING,732261799,732261799,5027229095,317046480964,-1,0
0.07496,1,0,DONE,4194304,4194304,4194304,28270287849,-1,0
0.07496,2,0,DONE,4194304,4194304,4194304,10035354119,-1,0
0.07496,3,0,DONE,4194304,4194304,4194304,7472990551,-1,0
0.07498,0,0,INJECTING,732261799,732261799,5027229095,317046480964,-1,0
0.07498,1,0,DONE,4194304,4194304,4194304,28270287849,-1,0
0.07498,2,0,DONE,4194304,4194304,4194304,10035354119,-1,0
0.07498,3,0,DONE,4194304,4194304,4194304,7472990551,-1,0
0.075,0,0,INJECTING,732261799,732261799,5027229095,317046480964,-1,0
0.075,1,0,DONE,4194304,4194304,4194304,28270287849,-1,0
0.075,2,0,DONE,4194304,4194304,4194304,10035354119,-1,0
0.075,3,0,DONE,4194304,4194304,4194304,7472990551,-1,0
0.07502,0,0,INJECTING,732261799,732261799,5027229095,317046480964,-1,0
0.07502,1,0,DONE,4194304,4194304,4194304,28270287849,-1,0
0.07502,2,0,DONE,4194304,4194304,4194304,10035354119,-1,0
0.07502,3,0,DONE,4194304,4194304,4194304,7472990551,-1,0
0.07504,0,0,INJECTING,732261799,732261799,5027229095,317046480964,-1,0
0.07504,1,0,DONE,4194304,4194304,4194304,28270287849,-1,0
0.07504,2,0,DONE,4194304,4194304,4194304,10035354119,-1,0
0.07504,3,0,DONE,4194304,4194304,4194304,7472990551,-1,0
0.07506,0,0,INJECTING,732261799,732261799,5027229095,317046480964,-1,0
0.07506,1,0,DONE,4194304,4194304,4194304,28270287849,-1,0
0.07506,2,0,DONE,4194304,4194304,4194304,10035354119,-1,0
0.07506,3,0,DONE,4194304,4194304,4194304,7472990551,-1,0
0.07508,0,0,INJECTING,732261799,732261799,5027229095,317046480964,-1,0
0.07508,1,0,DONE,4194304,4194304,4194304,28270287849,-1,0
0.07508,2,0,DONE,4194304,4194304,4194304,10035354119,-1,0
0.07508,3,0,DONE,4194304,4194304,4194304,7472990551,-1,0
0.0751,0,0,INJECTING,732261799,732261799,5027229095,317046480964,-1,0
0.0751,1,0,DONE,4194304,4194304,4194304,28270287849,-1,0
0.0751,2,0,DONE,4194304,4194304,4194304,10035354119,-1,0
0.0751,3,0,DONE,4194304,4194304,4194304,7472990551,-1,0
0.07512,0,0,INJECTING,732261799,732261799,5027229095,317046480964,-1,0
0.07512,1,0,DONE,4194304,4194304,4194304,28270287849,-1,0
0.07512,2,0,DONE,4194304,4194304,4194304,10035354119,-1,0
0.07512,3,0,DONE,4194304,4194304,4194304,7472990551,-1,0
0.07514,0,0,INJECTING,732261799,732261799,5027229095,317046480964,-1,0
0.07514,1,0,DONE,4194304,4194304,4194304,28270287849,-1,0
0.07514,2,0,DONE,4194304,4194304,4194304,10035354119,-1,0
0.07514,3,0,DONE,4194304,4194304,4194304,7472990551,-1,0
0.07516,0,0,INJECTING,732261799,732261799,5027229095,317046480964,-1,0
0.07516,1,0,DONE,4194304,4194304,4194304,28270287849,-1,0
0.07516,2,0,DONE,4194304,4194304,4194304,10035354119,-1,0
0.07516,3,0,DONE,4194304,4194304,4194304,7472990551,-1,0
0.07518,0,0,INJECTING,732261799,732261799,5027229095,317046480964,-1,0
0.07518,1,0,DONE,4194304,4194304,4194304,28270287849,-1,0
0.07518,2,0,DONE,4194304,4194304,4194304,10035354119,-1,0
0.07518,3,0,DONE,4194304,4194304,4194304,7472990551,-1,0
0.0752,0,0,INJECTING,732261799,732261799,5027229095,317046480964,-1,0
0.0752,1,0,DONE,4194304,4194304,4194304,28270287849,-1,0
0.0752,2,0,DONE,4194304,4194304,4194304,10035354119,-1,0
0.0752,3,0,DONE,4194304,4194304,4194304,7472990551,-1,0
0.07522,0,0,INJECTING,732261799,732261799,5027229095,317046480964,-1,0
0.07522,1,0,DONE,4194304,4194304,4194304,28270287849,-1,0
0.07522,2,0,DONE,4194304,4194304,4194304,10035354119,-1,0
0.07522,3,0,DONE,4194304,4194304,4194304,7472990551,-1,0
0.07524,0,0,INJECTING,732261799,732261799,5027229095,317046480964,-1,0
0.07524,1,0,DONE,4194304,4194304,4194304,28270287849,-1,0
0.07524,2,0,DONE,4194304,4194304,4194304,10035354119,-1,0
0.07524,3,0,DONE,4194304,4194304,4194304,7472990551,-1,0
0.07526,0,0,INJECTING,732261799,732261799,5027229095,317046480964,-1,0
0.07526,1,0,DONE,4194304,4194304,4194304,28270287849,-1,0
0.07526,2,0,DONE,4194304,4194304,4194304,10035354119,-1,0
0.07526,3,0,DONE,4194304,4194304,4194304,7472990551,-1,0
0.07528,0,0,INJECTING,732261799,732261799,5027229095,317046480964,-1,0
0.07528,1,0,DONE,4194304,4194304,4194304,28270287849,-1,0
0.07528,2,0,DONE,4194304,4194304,4194304,10035354119,-1,0
0.07528,3,0,DONE,4194304,4194304,4194304,7472990551,-1,0
0.0753,0,0,INJECTING,732261799,732261799,5027229095,317046480964,-1,0
0.0753,1,0,DONE,4194304,4194304,4194304,28270287849,-1,0
0.0753,2,0,DONE,4194304,4194304,4194304,10035354119,-1,0
0.0753,3,0,DONE,4194304,4194304,4194304,7472990551,-1,0
0.07532,0,0,INJECTING,732261799,732261799,5027229095,317046480964,-1,0
0.07532,1,0,DONE,4194304,4194304,4194304,28270287849,-1,0
0.07532,2,0,DONE,4194304,4194304,4194304,10035354119,-1,0
0.07532,3,0,DONE,4194304,4194304,4194304,7472990551,-1,0
0.07534,0,0,INJECTING,732261799,732261799,5027229095,317046480964,-1,0
0.07534,1,0,DONE,4194304,4194304,4194304,28270287849,-1,0
0.07534,2,0,DONE,4194304,4194304,4194304,10035354119,-1,0
0.07534,3,0,DONE,4194304,4194304,4194304,7472990551,-1,0
0.07536,0,0,INJECTING,732261799,732261799,5027229095,317046480964,-1,0
0.07536,1,0,DONE,4194304,4194304,4194304,28270287849,-1,0
0.07536,2,0,DONE,4194304,4194304,4194304,10035354119,-1,0
0.07536,3,0,DONE,4194304,4194304,4194304,7472990551,-1,0
0.07538,0,0,INJECTING,732261799,732261799,5027229095,317046480964,-1,0
0.07538,1,0,DONE,4194304,4194304,4194304,28270287849,-1,0
0.07538,2,0,DONE,4194304,4194304,4194304,10035354119,-1,0
0.07538,3,0,DONE,4194304,4194304,4194304,7472990551,-1,0
0.0754,0,0,INJECTING,732261799,732261799,5027229095,317046480964,-1,0
0.0754,1,0,DONE,4194304,4194304,4194304,28270287849,-1,0
0.0754,2,0,DONE,4194304,4194304,4194304,10035354119,-1,0
0.0754,3,0,DONE,4194304,4194304,4194304,7472990551,-1,0
0.07542,0,0,INJECTING,732261799,732261799,5027229095,317046480964,-1,0
0.07542,1,0,DONE,4194304,4194304,4194304,28270287849,-1,0
0.07542,2,0,DONE,4194304,4194304,4194304,10035354119,-1,0
0.07542,3,0,DONE,4194304,4194304,4194304,7472990551,-1,0
0.07544,0,0,INJECTING,732261799,732261799,5027229095,317046480964,-1,0
0.07544,1,0,DONE,4194304,4194304,4194304,28270287849,-1,0
0.07544,2,0,DONE,4194304,4194304,4194304,10035354119,-1,0
0.07544,3,0,DONE,4194304,4194304,4194304,7472990551,-1,0
0.07546,0,0,INJECTING,732261799,732261799,5027229095,317046480964,-1,0
0.07546,1,0,DONE,4194304,4194304,4194304,28270287849,-1,0
0.07546,2,0,DONE,4194304,4194304,4194304,10035354119,-1,0
0.07546,3,0,DONE,4194304,4194304,4194304,7472990551,-1,0
0.07548,0,0,INJECTING,732261799,732261799,5027229095,317046480964,-1,0
0.07548,1,0,DONE,4194304,4194304,4194304,28270287849,-1,0
0.07548,2,0,DONE,4194304,4194304,4194304,10035354119,-1,0
0.07548,3,0,DONE,4194304,4194304,4194304,7472990551,-1,0
0.0755,0,0,INJECTING,732261799,732261799,5027229095,317046480964,-1,0
0.0755,1,0,DONE,4194304,4194304,4194304,28270287849,-1,0
0.0755,2,0,DONE,4194304,4194304,4194304,10035354119,-1,0
0.0755,3,0,DONE,4194304,4194304,4194304,7472990551,-1,0
0.07552,0,0,INJECTING,732261799,732261799,5027229095,317046480964,-1,0
0.07552,1,0,DONE,4194304,4194304,4194304,28270287849,-1,0
0.07552,2,0,DONE,4194304,4194304,4194304,10035354119,-1,0
0.07552,3,0,DONE,4194304,4194304,4194304,7472990551,-1,0
0.07554,0,0,INJECTING,732261799,732261799,5027229095,317046480964,-1,0
0.07554,1,0,DONE,4194304,4194304,4194304,28270287849,-1,0
0.07554,2,0,DONE,4194304,4194304,4194304,10035354119,-1,0
0.07554,3,0,DONE,4194304,4194304,4194304,7472990551,-1,0
0.07556,0,0,INJECTING,732261799,732261799,5027229095,317046480964,-1,0
0.07556,1,0,DONE,4194304,4194304,4194304,28270287849,-1,0
0.07556,2,0,DONE,4194304,4194304,4194304,10035354119,-1,0
0.07556,3,0,DONE,4194304,4194304,4194304,7472990551,-1,0
0.07558,0,0,INJECTING,732261799,732261799,5027229095,317046480964,-1,0
0.07558,1,0,DONE,4194304,4194304,4194304,28270287849,-1,0
0.07558,2,0,DONE,4194304,4194304,4194304,10035354119,-1,0
0.07558,3,0,DONE,4194304,4194304,4194304,7472990551,-1,0
0.0756,0,0,INJECTING,732261799,732261799,5027229095,317046480964,-1,0
0.0756,1,0,DONE,4194304,4194304,4194304,28270287849,-1,0
0.0756,2,0,DONE,4194304,4194304,4194304,10035354119,-1,0
0.0756,3,0,DONE,4194304,4194304,4194304,7472990551,-1,0
0.07562,0,0,INJECTING,732261799,732261799,5027229095,317046480964,-1,0
0.07562,1,0,DONE,4194304,4194304,4194304,28270287849,-1,0
0.07562,2,0,DONE,4194304,4194304,4194304,10035354119,-1,0
0.07562,3,0,DONE,4194304,4194304,4194304,7472990551,-1,0
0.07564,0,0,INJECTING,732261799,732261799,5027229095,317046480964,-1,0
0.07564,1,0,DONE,4194304,4194304,4194304,28270287849,-1,0
0.07564,2,0,DONE,4194304,4194304,4194304,10035354119,-1,0
0.07564,3,0,DONE,4194304,4194304,4194304,7472990551,-1,0
0.07566,0,0,INJECTING,732261799,732261799,5027229095,317046480964,-1,0
0.07566,1,0,DONE,4194304,4194304,4194304,28270287849,-1,0
0.07566,2,0,DONE,4194304,4194304,4194304,10035354119,-1,0
0.07566,3,0,DONE,4194304,4194304,4194304,7472990551,-1,0
0.07568,0,0,INJECTING,732261799,732261799,5027229095,317046480964,-1,0
0.07568,1,0,DONE,4194304,4194304,4194304,28270287849,-1,0
0.07568,2,0,DONE,4194304,4194304,4194304,10035354119,-1,0
0.07568,3,0,DONE,4194304,4194304,4194304,7472990551,-1,0
0.0757,0,0,INJECTING,732261799,732261799,5027229095,317046480964,-1,0
0.0757,1,0,DONE,4194304,4194304,4194304,28270287849,-1,0
0.0757,2,0,DONE,4194304,4194304,4194304,10035354119,-1,0
0.0757,3,0,DONE,4194304,4194304,4194304,7472990551,-1,0
0.07572,0,0,INJECTING,732261799,732261799,5027229095,317046480964,-1,0
0.07572,1,0,DONE,4194304,4194304,4194304,28270287849,-1,0
0.07572,2,0,DONE,4194304,4194304,4194304,10035354119,-1,0
0.07572,3,0,DONE,4194304,4194304,4194304,7472990551,-1,0
0.07574,0,0,INJECTING,732261799,732261799,5027229095,317046480964,-1,0
0.07574,1,0,DONE,4194304,4194304,4194304,28270287849,-1,0
0.07574,2,0,DONE,4194304,4194304,4194304,10035354119,-1,0
0.07574,3,0,DONE,4194304,4194304,4194304,7472990551,-1,0
0.07576,0,0,INJECTING,732261799,732261799,5027229095,317046480964,-1,0
0.07576,1,0,DONE,4194304,4194304,4194304,28270287849,-1,0
0.07576,2,0,DONE,4194304,4194304,4194304,10035354119,-1,0
0.07576,3,0,DONE,4194304,4194304,4194304,7472990551,-1,0
0.07578,0,0,INJECTING,732261799,732261799,5027229095,317046480964,-1,0
0.07578,1,0,DONE,4194304,4194304,4194304,28270287849,-1,0
0.07578,2,0,DONE,4194304,4194304,4194304,10035354119,-1,0
0.07578,3,0,DONE,4194304,4194304,4194304,7472990551,-1,0
0.0758,0,0,INJECTING,732261799,732261799,5027229095,317046480964,-1,0
0.0758,1,0,DONE,4194304,4194304,4194304,28270287849,-1,0
0.0758,2,0,DONE,4194304,4194304,4194304,10035354119,-1,0
0.0758,3,0,DONE,4194304,4194304,4194304,7472990551,-1,0
0.07582,0,0,INJECTING,732261799,732261799,5027229095,317046480964,-1,0
0.07582,1,0,DONE,4194304,4194304,4194304,28270287849,-1,0
0.07582,2,0,DONE,4194304,4194304,4194304,10035354119,-1,0
0.07582,3,0,DONE,4194304,4194304,4194304,7472990551,-1,0
0.07584,0,0,INJECTING,732261799,732261799,5027229095,317046480964,-1,0
0.07584,1,0,DONE,4194304,4194304,4194304,28270287849,-1,0
0.07584,2,0,DONE,4194304,4194304,4194304,10035354119,-1,0
0.07584,3,0,DONE,4194304,4194304,4194304,7472990551,-1,0
0.07586,0,0,INJECTING,732261799,732261799,5027229095,317046480964,-1,0
0.07586,1,0,DONE,4194304,4194304,4194304,28270287849,-1,0
0.07586,2,0,DONE,4194304,4194304,4194304,10035354119,-1,0
0.07586,3,0,DONE,4194304,4194304,4194304,7472990551,-1,0
0.07588,0,0,INJECTING,732261799,732261799,5027229095,317046480964,-1,0
0.07588,1,0,DONE,4194304,4194304,4194304,28270287849,-1,0
0.07588,2,0,DONE,4194304,4194304,4194304,10035354119,-1,0
0.07588,3,0,DONE,4194304,4194304,4194304,7472990551,-1,0
0.0759,0,0,INJECTING,732261799,732261799,5027229095,317046480964,-1,0
0.0759,1,0,DONE,4194304,4194304,4194304,28270287849,-1,0
0.0759,2,0,DONE,4194304,4194304,4194304,10035354119,-1,0
0.0759,3,0,DONE,4194304,4194304,4194304,7472990551,-1,0
0.07592,0,0,INJECTING,732261799,732261799,5027229095,317046480964,-1,0
0.07592,1,0,DONE,4194304,4194304,4194304,28270287849,-1,0
0.07592,2,0,DONE,4194304,4194304,4194304,10035354119,-1,0
0.07592,3,0,DONE,4194304,4194304,4194304,7472990551,-1,0
0.07594,0,0,INJECTING,732261799,732261799,5027229095,317046480964,-1,0
0.07594,1,0,DONE,4194304,4194304,4194304,28270287849,-1,0
0.07594,2,0,DONE,4194304,4194304,4194304,10035354119,-1,0
0.07594,3,0,DONE,4194304,4194304,4194304,7472990551,-1,0
0.07596,0,0,INJECTING,732261799,732261799,5027229095,317046480964,-1,0
0.07596,1,0,DONE,4194304,4194304,4194304,28270287849,-1,0
0.07596,2,0,DONE,4194304,4194304,4194304,10035354119,-1,0
0.07596,3,0,DONE,4194304,4194304,4194304,7472990551,-1,0
0.07598,0,0,INJECTING,732261799,732261799,5027229095,317046480964,-1,0
0.07598,1,0,DONE,4194304,4194304,4194304,28270287849,-1,0
0.07598,2,0,DONE,4194304,4194304,4194304,10035354119,-1,0
0.07598,3,0,DONE,4194304,4194304,4194304,7472990551,-1,0
0.076,0,0,INJECTING,732261799,732261799,5027229095,317046480964,-1,0
0.076,1,0,DONE,4194304,4194304,4194304,28270287849,-1,0
0.076,2,0,DONE,4194304,4194304,4194304,10035354119,-1,0
0.076,3,0,DONE,4194304,4194304,4194304,7472990551,-1,0
0.07602,0,0,INJECTING,732261799,732261799,5027229095,317046480964,-1,0
0.07602,1,0,DONE,4194304,4194304,4194304,28270287849,-1,0
0.07602,2,0,DONE,4194304,4194304,4194304,10035354119,-1,0
0.07602,3,0,DONE,4194304,4194304,4194304,7472990551,-1,0
0.07604,0,0,INJECTING,732261799,732261799,5027229095,317046480964,-1,0
0.07604,1,0,DONE,4194304,4194304,4194304,28270287849,-1,0
0.07604,2,0,DONE,4194304,4194304,4194304,10035354119,-1,0
0.07604,3,0,DONE,4194304,4194304,4194304,7472990551,-1,0
0.07606,0,0,INJECTING,732261799,732261799,5027229095,317046480964,-1,0
0.07606,1,0,DONE,4194304,4194304,4194304,28270287849,-1,0
0.07606,2,0,DONE,4194304,4194304,4194304,10035354119,-1,0
0.07606,3,0,DONE,4194304,4194304,4194304,7472990551,-1,0
0.07608,0,0,INJECTING,732261799,732261799,5027229095,317046480964,-1,0
0.07608,1,0,DONE,4194304,4194304,4194304,28270287849,-1,0
0.07608,2,0,DONE,4194304,4194304,4194304,10035354119,-1,0
0.07608,3,0,DONE,4194304,4194304,4194304,7472990551,-1,0
0.0761,0,0,INJECTING,732261799,732261799,5027229095,317046480964,-1,0
0.0761,1,0,DONE,4194304,4194304,4194304,28270287849,-1,0
0.0761,2,0,DONE,4194304,4194304,4194304,10035354119,-1,0
0.0761,3,0,DONE,4194304,4194304,4194304,7472990551,-1,0
0.07612,0,0,INJECTING,732261799,732261799,5027229095,317046480964,-1,0
0.07612,1,0,DONE,4194304,4194304,4194304,28270287849,-1,0
0.07612,2,0,DONE,4194304,4194304,4194304,10035354119,-1,0
0.07612,3,0,DONE,4194304,4194304,4194304,7472990551,-1,0
0.07614,0,0,INJECTING,732261799,732261799,5027229095,317046480964,-1,0
0.07614,1,0,DONE,4194304,4194304,4194304,28270287849,-1,0
0.07614,2,0,DONE,4194304,4194304,4194304,10035354119,-1,0
0.07614,3,0,DONE,4194304,4194304,4194304,7472990551,-1,0
0.07616,0,0,INJECTING,732261799,732261799,5027229095,317046480964,-1,0
0.07616,1,0,DONE,4194304,4194304,4194304,28270287849,-1,0
0.07616,2,0,DONE,4194304,4194304,4194304,10035354119,-1,0
0.07616,3,0,DONE,4194304,4194304,4194304,7472990551,-1,0
0.07618,0,0,INJECTING,732261799,732261799,5027229095,317046480964,-1,0
0.07618,1,0,DONE,4194304,4194304,4194304,28270287849,-1,0
0.07618,2,0,DONE,4194304,4194304,4194304,10035354119,-1,0
0.07618,3,0,DONE,4194304,4194304,4194304,7472990551,-1,0
0.0762,0,0,INJECTING,732261799,732261799,5027229095,317046480964,-1,0
0.0762,1,0,DONE,4194304,4194304,4194304,28270287849,-1,0
0.0762,2,0,DONE,4194304,4194304,4194304,10035354119,-1,0
0.0762,3,0,DONE,4194304,4194304,4194304,7472990551,-1,0
0.07622,0,0,INJECTING,732261799,732261799,5027229095,317046480964,-1,0
0.07622,1,0,DONE,4194304,4194304,4194304,28270287849,-1,0
0.07622,2,0,DONE,4194304,4194304,4194304,10035354119,-1,0
0.07622,3,0,DONE,4194304,4194304,4194304,7472990551,-1,0
0.07624,0,0,INJECTING,732261799,732261799,5027229095,317046480964,-1,0
0.07624,1,0,DONE,4194304,4194304,4194304,28270287849,-1,0
0.07624,2,0,DONE,4194304,4194304,4194304,10035354119,-1,0
0.07624,3,0,DONE,4194304,4194304,4194304,7472990551,-1,0
0.07626,0,0,INJECTING,732261799,732261799,5027229095,317046480964,-1,0
0.07626,1,0,DONE,4194304,4194304,4194304,28270287849,-1,0
0.07626,2,0,DONE,4194304,4194304,4194304,10035354119,-1,0
0.07626,3,0,DONE,4194304,4194304,4194304,7472990551,-1,0
0.07628,0,0,INJECTING,732261799,732261799,5027229095,317046480964,-1,0
0.07628,1,0,DONE,4194304,4194304,4194304,28270287849,-1,0
0.07628,2,0,DONE,4194304,4194304,4194304,10035354119,-1,0
0.07628,3,0,DONE,4194304,4194304,4194304,7472990551,-1,0
0.0763,0,0,INJECTING,732261799,732261799,5027229095,317046480964,-1,0
0.0763,1,0,DONE,4194304,4194304,4194304,28270287849,-1,0
0.0763,2,0,DONE,4194304,4194304,4194304,10035354119,-1,0
0.0763,3,0,DONE,4194304,4194304,4194304,7472990551,-1,0
0.07632,0,0,INJECTING,732261799,732261799,5027229095,317046480964,-1,0
0.07632,1,0,DONE,4194304,4194304,4194304,28270287849,-1,0
0.07632,2,0,DONE,4194304,4194304,4194304,10035354119,-1,0
0.07632,3,0,DONE,4194304,4194304,4194304,7472990551,-1,0
0.07634,0,0,INJECTING,732261799,732261799,5027229095,317046480964,-1,0
0.07634,1,0,DONE,4194304,4194304,4194304,28270287849,-1,0
0.07634,2,0,DONE,4194304,4194304,4194304,10035354119,-1,0
0.07634,3,0,DONE,4194304,4194304,4194304,7472990551,-1,0
0.07636,0,0,INJECTING,732261799,732261799,5027229095,317046480964,-1,0
0.07636,1,0,DONE,4194304,4194304,4194304,28270287849,-1,0
0.07636,2,0,DONE,4194304,4194304,4194304,10035354119,-1,0
0.07636,3,0,DONE,4194304,4194304,4194304,7472990551,-1,0
0.07638,0,0,INJECTING,732261799,732261799,5027229095,317046480964,-1,0
0.07638,1,0,DONE,4194304,4194304,4194304,28270287849,-1,0
0.07638,2,0,DONE,4194304,4194304,4194304,10035354119,-1,0
0.07638,3,0,DONE,4194304,4194304,4194304,7472990551,-1,0
0.0764,0,0,INJECTING,732261799,732261799,5027229095,317046480964,-1,0
0.0764,1,0,DONE,4194304,4194304,4194304,28270287849,-1,0
0.0764,2,0,DONE,4194304,4194304,4194304,10035354119,-1,0
0.0764,3,0,DONE,4194304,4194304,4194304,7472990551,-1,0
0.07642,0,0,INJECTING,732261799,732261799,5027229095,317046480964,-1,0
0.07642,1,0,DONE,4194304,4194304,4194304,28270287849,-1,0
0.07642,2,0,DONE,4194304,4194304,4194304,10035354119,-1,0
0.07642,3,0,DONE,4194304,4194304,4194304,7472990551,-1,0
0.07644,0,0,INJECTING,732261799,732261799,5027229095,317046480964,-1,0
0.07644,1,0,DONE,4194304,4194304,4194304,28270287849,-1,0
0.07644,2,0,DONE,4194304,4194304,4194304,10035354119,-1,0
0.07644,3,0,DONE,4194304,4194304,4194304,7472990551,-1,0
0.07646,0,0,INJECTING,732261799,732261799,5027229095,317046480964,-1,0
0.07646,1,0,DONE,4194304,4194304,4194304,28270287849,-1,0
0.07646,2,0,DONE,4194304,4194304,4194304,10035354119,-1,0
0.07646,3,0,DONE,4194304,4194304,4194304,7472990551,-1,0
0.07648,0,0,INJECTING,732261799,732261799,5027229095,317046480964,-1,0
0.07648,1,0,DONE,4194304,4194304,4194304,28270287849,-1,0
0.07648,2,0,DONE,4194304,4194304,4194304,10035354119,-1,0
0.07648,3,0,DONE,4194304,4194304,4194304,7472990551,-1,0
0.0765,0,0,INJECTING,732261799,732261799,5027229095,317046480964,-1,0
0.0765,1,0,DONE,4194304,4194304,4194304,28270287849,-1,0
0.0765,2,0,DONE,4194304,4194304,4194304,10035354119,-1,0
0.0765,3,0,DONE,4194304,4194304,4194304,7472990551,-1,0
0.07652,0,0,INJECTING,732261799,732261799,5027229095,317046480964,-1,0
0.07652,1,0,DONE,4194304,4194304,4194304,28270287849,-1,0
0.07652,2,0,DONE,4194304,4194304,4194304,10035354119,-1,0
0.07652,3,0,DONE,4194304,4194304,4194304,7472990551,-1,0
0.07654,0,0,INJECTING,732261799,732261799,5027229095,317046480964,-1,0
0.07654,1,0,DONE,4194304,4194304,4194304,28270287849,-1,0
0.07654,2,0,DONE,4194304,4194304,4194304,10035354119,-1,0
0.07654,3,0,DONE,4194304,4194304,4194304,7472990551,-1,0
0.07656,0,0,INJECTING,732261799,732261799,5027229095,317046480964,-1,0
0.07656,1,0,DONE,4194304,4194304,4194304,28270287849,-1,0
0.07656,2,0,DONE,4194304,4194304,4194304,10035354119,-1,0
0.07656,3,0,DONE,4194304,4194304,4194304,7472990551,-1,0
0.07658,0,0,INJECTING,732261799,732261799,5027229095,317046480964,-1,0
0.07658,1,0,DONE,4194304,4194304,4194304,28270287849,-1,0
0.07658,2,0,DONE,4194304,4194304,4194304,10035354119,-1,0
0.07658,3,0,DONE,4194304,4194304,4194304,7472990551,-1,0
0.0766,0,0,INJECTING,732261799,732261799,5027229095,317046480964,-1,0
0.0766,1,0,DONE,4194304,4194304,4194304,28270287849,-1,0
0.0766,2,0,DONE,4194304,4194304,4194304,10035354119,-1,0
0.0766,3,0,DONE,4194304,4194304,4194304,7472990551,-1,0
0.07662,0,0,INJECTING,732261799,732261799,5027229095,317046480964,-1,0
0.07662,1,0,DONE,4194304,4194304,4194304,28270287849,-1,0
0.07662,2,0,DONE,4194304,4194304,4194304,10035354119,-1,0
0.07662,3,0,DONE,4194304,4194304,4194304,7472990551,-1,0
0.07664,0,0,INJECTING,732261799,732261799,5027229095,317046480964,-1,0
0.07664,1,0,DONE,4194304,4194304,4194304,28270287849,-1,0
0.07664,2,0,DONE,4194304,4194304,4194304,10035354119,-1,0
0.07664,3,0,DONE,4194304,4194304,4194304,7472990551,-1,0
0.07666,0,0,INJECTING,732261799,732261799,5027229095,317046480964,-1,0
0.07666,1,0,DONE,4194304,4194304,4194304,28270287849,-1,0
0.07666,2,0,DONE,4194304,4194304,4194304,10035354119,-1,0
0.07666,3,0,DONE,4194304,4194304,4194304,7472990551,-1,0
0.07668,0,0,INJECTING,732261799,732261799,5027229095,317046480964,-1,0
0.07668,1,0,DONE,4194304,4194304,4194304,28270287849,-1,0
0.07668,2,0,DONE,4194304,4194304,4194304,10035354119,-1,0
0.07668,3,0,DONE,4194304,4194304,4194304,7472990551,-1,0
0.0767,0,0,INJECTING,732261799,732261799,5027229095,317046480964,-1,0
0.0767,1,0,DONE,4194304,4194304,4194304,28270287849,-1,0
0.0767,2,0,DONE,4194304,4194304,4194304,10035354119,-1,0
0.0767,3,0,DONE,4194304,4194304,4194304,7472990551,-1,0
0.07672,0,0,INJECTING,732261799,732261799,5027229095,317046480964,-1,0
0.07672,1,0,DONE,4194304,4194304,4194304,28270287849,-1,0
0.07672,2,0,DONE,4194304,4194304,4194304,10035354119,-1,0
0.07672,3,0,DONE,4194304,4194304,4194304,7472990551,-1,0
0.07674,0,0,INJECTING,732261799,732261799,5027229095,317046480964,-1,0
0.07674,1,0,DONE,4194304,4194304,4194304,28270287849,-1,0
0.07674,2,0,DONE,4194304,4194304,4194304,10035354119,-1,0
0.07674,3,0,DONE,4194304,4194304,4194304,7472990551,-1,0
0.07676,0,0,INJECTING,732261799,732261799,5027229095,317046480964,-1,0
0.07676,1,0,DONE,4194304,4194304,4194304,28270287849,-1,0
0.07676,2,0,DONE,4194304,4194304,4194304,10035354119,-1,0
0.07676,3,0,DONE,4194304,4194304,4194304,7472990551,-1,0
0.07678,0,0,INJECTING,732261799,732261799,5027229095,317046480964,-1,0
0.07678,1,0,DONE,4194304,4194304,4194304,28270287849,-1,0
0.07678,2,0,DONE,4194304,4194304,4194304,10035354119,-1,0
0.07678,3,0,DONE,4194304,4194304,4194304,7472990551,-1,0
0.0768,0,0,INJECTING,732261799,732261799,5027229095,317046480964,-1,0
0.0768,1,0,DONE,4194304,4194304,4194304,28270287849,-1,0
0.0768,2,0,DONE,4194304,4194304,4194304,10035354119,-1,0
0.0768,3,0,DONE,4194304,4194304,4194304,7472990551,-1,0
0.07682,0,0,INJECTING,732261799,732261799,5027229095,317046480964,-1,0
0.07682,1,0,DONE,4194304,4194304,4194304,28270287849,-1,0
0.07682,2,0,DONE,4194304,4194304,4194304,10035354119,-1,0
0.07682,3,0,DONE,4194304,4194304,4194304,7472990551,-1,0
0.07684,0,0,INJECTING,732261799,732261799,5027229095,317046480964,-1,0
0.07684,1,0,DONE,4194304,4194304,4194304,28270287849,-1,0
0.07684,2,0,DONE,4194304,4194304,4194304,10035354119,-1,0
0.07684,3,0,DONE,4194304,4194304,4194304,7472990551,-1,0
0.07686,0,0,INJECTING,732261799,732261799,5027229095,317046480964,-1,0
0.07686,1,0,DONE,4194304,4194304,4194304,28270287849,-1,0
0.07686,2,0,DONE,4194304,4194304,4194304,10035354119,-1,0
0.07686,3,0,DONE,4194304,4194304,4194304,7472990551,-1,0
0.07688,0,0,INJECTING,732261799,732261799,5027229095,317046480964,-1,0
0.07688,1,0,DONE,4194304,4194304,4194304,28270287849,-1,0
0.07688,2,0,DONE,4194304,4194304,4194304,10035354119,-1,0
0.07688,3,0,DONE,4194304,4194304,4194304,7472990551,-1,0
0.0769,0,0,INJECTING,732261799,732261799,5027229095,317046480964,-1,0
0.0769,1,0,DONE,4194304,4194304,4194304,28270287849,-1,0
0.0769,2,0,DONE,4194304,4194304,4194304,10035354119,-1,0
0.0769,3,0,DONE,4194304,4194304,4194304,7472990551,-1,0
0.07692,0,0,INJECTING,732261799,732261799,5027229095,317046480964,-1,0
0.07692,1,0,DONE,4194304,4194304,4194304,28270287849,-1,0
0.07692,2,0,DONE,4194304,4194304,4194304,10035354119,-1,0
0.07692,3,0,DONE,4194304,4194304,4194304,7472990551,-1,0
0.07694,0,0,INJECTING,732261799,732261799,5027229095,317046480964,-1,0
0.07694,1,0,DONE,4194304,4194304,4194304,28270287849,-1,0
0.07694,2,0,DONE,4194304,4194304,4194304,10035354119,-1,0
0.07694,3,0,DONE,4194304,4194304,4194304,7472990551,-1,0
0.07696,0,0,INJECTING,732261799,732261799,5027229095,317046480964,-1,0
0.07696,1,0,DONE,4194304,4194304,4194304,28270287849,-1,0
0.07696,2,0,DONE,4194304,4194304,4194304,10035354119,-1,0
0.07696,3,0,DONE,4194304,4194304,4194304,7472990551,-1,0
0.07698,0,0,INJECTING,732261799,732261799,5027229095,317046480964,-1,0
0.07698,1,0,DONE,4194304,4194304,4194304,28270287849,-1,0
0.07698,2,0,DONE,4194304,4194304,4194304,10035354119,-1,0
0.07698,3,0,DONE,4194304,4194304,4194304,7472990551,-1,0
0.077,0,0,INJECTING,732261799,732261799,5027229095,317046480964,-1,0
0.077,1,0,DONE,4194304,4194304,4194304,28270287849,-1,0
0.077,2,0,DONE,4194304,4194304,4194304,10035354119,-1,0
0.077,3,0,DONE,4194304,4194304,4194304,7472990551,-1,0
0.07702,0,0,INJECTING,732261799,732261799,5027229095,317046480964,-1,0
0.07702,1,0,DONE,4194304,4194304,4194304,28270287849,-1,0
0.07702,2,0,DONE,4194304,4194304,4194304,10035354119,-1,0
0.07702,3,0,DONE,4194304,4194304,4194304,7472990551,-1,0
0.07704,0,0,INJECTING,732261799,732261799,5027229095,317046480964,-1,0
0.07704,1,0,DONE,4194304,4194304,4194304,28270287849,-1,0
0.07704,2,0,DONE,4194304,4194304,4194304,10035354119,-1,0
0.07704,3,0,DONE,4194304,4194304,4194304,7472990551,-1,0
0.07706,0,0,INJECTING,732261799,732261799,5027229095,317046480964,-1,0
0.07706,1,0,DONE,4194304,4194304,4194304,28270287849,-1,0
0.07706,2,0,DONE,4194304,4194304,4194304,10035354119,-1,0
0.07706,3,0,DONE,4194304,4194304,4194304,7472990551,-1,0
0.07708,0,0,INJECTING,732261799,732261799,5027229095,317046480964,-1,0
0.07708,1,0,DONE,4194304,4194304,4194304,28270287849,-1,0
0.07708,2,0,DONE,4194304,4194304,4194304,10035354119,-1,0
0.07708,3,0,DONE,4194304,4194304,4194304,7472990551,-1,0
0.0771,0,0,INJECTING,732261799,732261799,5027229095,317046480964,-1,0
0.0771,1,0,DONE,4194304,4194304,4194304,28270287849,-1,0
0.0771,2,0,DONE,4194304,4194304,4194304,10035354119,-1,0
0.0771,3,0,DONE,4194304,4194304,4194304,7472990551,-1,0
0.07712,0,0,INJECTING,732261799,732261799,5027229095,317046480964,-1,0
0.07712,1,0,DONE,4194304,4194304,4194304,28270287849,-1,0
0.07712,2,0,DONE,4194304,4194304,4194304,10035354119,-1,0
0.07712,3,0,DONE,4194304,4194304,4194304,7472990551,-1,0
0.07714,0,0,INJECTING,732261799,732261799,5027229095,317046480964,-1,0
0.07714,1,0,DONE,4194304,4194304,4194304,28270287849,-1,0
0.07714,2,0,DONE,4194304,4194304,4194304,10035354119,-1,0
0.07714,3,0,DONE,4194304,4194304,4194304,7472990551,-1,0
0.07716,0,0,INJECTING,732261799,732261799,5027229095,317046480964,-1,0
0.07716,1,0,DONE,4194304,4194304,4194304,28270287849,-1,0
0.07716,2,0,DONE,4194304,4194304,4194304,10035354119,-1,0
0.07716,3,0,DONE,4194304,4194304,4194304,7472990551,-1,0
0.07718,0,0,INJECTING,732261799,732261799,5027229095,317046480964,-1,0
0.07718,1,0,DONE,4194304,4194304,4194304,28270287849,-1,0
0.07718,2,0,DONE,4194304,4194304,4194304,10035354119,-1,0
0.07718,3,0,DONE,4194304,4194304,4194304,7472990551,-1,0
0.0772,0,0,INJECTING,732261799,732261799,5027229095,317046480964,-1,0
0.0772,1,0,DONE,4194304,4194304,4194304,28270287849,-1,0
0.0772,2,0,DONE,4194304,4194304,4194304,10035354119,-1,0
0.0772,3,0,DONE,4194304,4194304,4194304,7472990551,-1,0
0.07722,0,0,INJECTING,732261799,732261799,5027229095,317046480964,-1,0
0.07722,1,0,DONE,4194304,4194304,4194304,28270287849,-1,0
0.07722,2,0,DONE,4194304,4194304,4194304,10035354119,-1,0
0.07722,3,0,DONE,4194304,4194304,4194304,7472990551,-1,0
0.07724,0,0,INJECTING,732261799,732261799,5027229095,317046480964,-1,0
0.07724,1,0,DONE,4194304,4194304,4194304,28270287849,-1,0
0.07724,2,0,DONE,4194304,4194304,4194304,10035354119,-1,0
0.07724,3,0,DONE,4194304,4194304,4194304,7472990551,-1,0
0.07726,0,0,INJECTING,732261799,732261799,5027229095,317046480964,-1,0
0.07726,1,0,DONE,4194304,4194304,4194304,28270287849,-1,0
0.07726,2,0,DONE,4194304,4194304,4194304,10035354119,-1,0
0.07726,3,0,DONE,4194304,4194304,4194304,7472990551,-1,0
0.07728,0,0,INJECTING,732261799,732261799,5027229095,317046480964,-1,0
0.07728,1,0,DONE,4194304,4194304,4194304,28270287849,-1,0
0.07728,2,0,DONE,4194304,4194304,4194304,10035354119,-1,0
0.07728,3,0,DONE,4194304,4194304,4194304,7472990551,-1,0
0.0773,0,0,INJECTING,732261799,732261799,5027229095,317046480964,-1,0
0.0773,1,0,DONE,4194304,4194304,4194304,28270287849,-1,0
0.0773,2,0,DONE,4194304,4194304,4194304,10035354119,-1,0
0.0773,3,0,DONE,4194304,4194304,4194304,7472990551,-1,0
0.07732,0,0,INJECTING,732261799,732261799,5027229095,317046480964,-1,0
0.07732,1,0,DONE,4194304,4194304,4194304,28270287849,-1,0
0.07732,2,0,DONE,4194304,4194304,4194304,10035354119,-1,0
0.07732,3,0,DONE,4194304,4194304,4194304,7472990551,-1,0
0.07734,0,0,INJECTING,732261799,732261799,5027229095,317046480964,-1,0
0.07734,1,0,DONE,4194304,4194304,4194304,28270287849,-1,0
0.07734,2,0,DONE,4194304,4194304,4194304,10035354119,-1,0
0.07734,3,0,DONE,4194304,4194304,4194304,7472990551,-1,0
0.07736,0,0,INJECTING,732261799,732261799,5027229095,317046480964,-1,0
0.07736,1,0,DONE,4194304,4194304,4194304,28270287849,-1,0
0.07736,2,0,DONE,4194304,4194304,4194304,10035354119,-1,0
0.07736,3,0,DONE,4194304,4194304,4194304,7472990551,-1,0
0.07738,0,0,INJECTING,732261799,732261799,5027229095,317046480964,-1,0
0.07738,1,0,DONE,4194304,4194304,4194304,28270287849,-1,0
0.07738,2,0,DONE,4194304,4194304,4194304,10035354119,-1,0
0.07738,3,0,DONE,4194304,4194304,4194304,7472990551,-1,0
0.0774,0,0,INJECTING,732261799,732261799,5027229095,317046480964,-1,0
0.0774,1,0,DONE,4194304,4194304,4194304,28270287849,-1,0
0.0774,2,0,DONE,4194304,4194304,4194304,10035354119,-1,0
0.0774,3,0,DONE,4194304,4194304,4194304,7472990551,-1,0
0.07742,0,0,INJECTING,732261799,732261799,5027229095,317046480964,-1,0
0.07742,1,0,DONE,4194304,4194304,4194304,28270287849,-1,0
0.07742,2,0,DONE,4194304,4194304,4194304,10035354119,-1,0
0.07742,3,0,DONE,4194304,4194304,4194304,7472990551,-1,0
0.07744,0,0,INJECTING,732261799,732261799,5027229095,317046480964,-1,0
0.07744,1,0,DONE,4194304,4194304,4194304,28270287849,-1,0
0.07744,2,0,DONE,4194304,4194304,4194304,10035354119,-1,0
0.07744,3,0,DONE,4194304,4194304,4194304,7472990551,-1,0
0.07746,0,0,INJECTING,732261799,732261799,5027229095,317046480964,-1,0
0.07746,1,0,DONE,4194304,4194304,4194304,28270287849,-1,0
0.07746,2,0,DONE,4194304,4194304,4194304,10035354119,-1,0
0.07746,3,0,DONE,4194304,4194304,4194304,7472990551,-1,0
0.07748,0,0,INJECTING,732261799,732261799,5027229095,317046480964,-1,0
0.07748,1,0,DONE,4194304,4194304,4194304,28270287849,-1,0
0.07748,2,0,DONE,4194304,4194304,4194304,10035354119,-1,0
0.07748,3,0,DONE,4194304,4194304,4194304,7472990551,-1,0
0.0775,0,0,INJECTING,732261799,732261799,5027229095,317046480964,-1,0
0.0775,1,0,DONE,4194304,4194304,4194304,28270287849,-1,0
0.0775,2,0,DONE,4194304,4194304,4194304,10035354119,-1,0
0.0775,3,0,DONE,4194304,4194304,4194304,7472990551,-1,0
0.07752,0,0,INJECTING,732261799,732261799,5027229095,317046480964,-1,0
0.07752,1,0,DONE,4194304,4194304,4194304,28270287849,-1,0
0.07752,2,0,DONE,4194304,4194304,4194304,10035354119,-1,0
0.07752,3,0,DONE,4194304,4194304,4194304,7472990551,-1,0
0.07754,0,0,INJECTING,732261799,732261799,5027229095,317046480964,-1,0
0.07754,1,0,DONE,4194304,4194304,4194304,28270287849,-1,0
0.07754,2,0,DONE,4194304,4194304,4194304,10035354119,-1,0
0.07754,3,0,DONE,4194304,4194304,4194304,7472990551,-1,0
0.07756,0,0,INJECTING,732261799,732261799,5027229095,317046480964,-1,0
0.07756,1,0,DONE,4194304,4194304,4194304,28270287849,-1,0
0.07756,2,0,DONE,4194304,4194304,4194304,10035354119,-1,0
0.07756,3,0,DONE,4194304,4194304,4194304,7472990551,-1,0
0.07758,0,0,INJECTING,732261799,732261799,5027229095,317046480964,-1,0
0.07758,1,0,DONE,4194304,4194304,4194304,28270287849,-1,0
0.07758,2,0,DONE,4194304,4194304,4194304,10035354119,-1,0
0.07758,3,0,DONE,4194304,4194304,4194304,7472990551,-1,0
0.0776,0,0,INJECTING,732261799,732261799,5027229095,317046480964,-1,0
0.0776,1,0,DONE,4194304,4194304,4194304,28270287849,-1,0
0.0776,2,0,DONE,4194304,4194304,4194304,10035354119,-1,0
0.0776,3,0,DONE,4194304,4194304,4194304,7472990551,-1,0
0.07762,0,0,INJECTING,732261799,732261799,5027229095,317046480964,-1,0
0.07762,1,0,DONE,4194304,4194304,4194304,28270287849,-1,0
0.07762,2,0,DONE,4194304,4194304,4194304,10035354119,-1,0
0.07762,3,0,DONE,4194304,4194304,4194304,7472990551,-1,0
0.07764,0,0,INJECTING,732261799,732261799,5027229095,317046480964,-1,0
0.07764,1,0,DONE,4194304,4194304,4194304,28270287849,-1,0
0.07764,2,0,DONE,4194304,4194304,4194304,10035354119,-1,0
0.07764,3,0,DONE,4194304,4194304,4194304,7472990551,-1,0
0.07766,0,0,INJECTING,732261799,732261799,5027229095,317046480964,-1,0
0.07766,1,0,DONE,4194304,4194304,4194304,28270287849,-1,0
0.07766,2,0,DONE,4194304,4194304,4194304,10035354119,-1,0
0.07766,3,0,DONE,4194304,4194304,4194304,7472990551,-1,0
0.07768,0,0,INJECTING,732261799,732261799,5027229095,317046480964,-1,0
0.07768,1,0,DONE,4194304,4194304,4194304,28270287849,-1,0
0.07768,2,0,DONE,4194304,4194304,4194304,10035354119,-1,0
0.07768,3,0,DONE,4194304,4194304,4194304,7472990551,-1,0
0.0777,0,0,INJECTING,732261799,732261799,5027229095,317046480964,-1,0
0.0777,1,0,DONE,4194304,4194304,4194304,28270287849,-1,0
0.0777,2,0,DONE,4194304,4194304,4194304,10035354119,-1,0
0.0777,3,0,DONE,4194304,4194304,4194304,7472990551,-1,0
0.07772,0,0,INJECTING,732261799,732261799,5027229095,317046480964,-1,0
0.07772,1,0,DONE,4194304,4194304,4194304,28270287849,-1,0
0.07772,2,0,DONE,4194304,4194304,4194304,10035354119,-1,0
0.07772,3,0,DONE,4194304,4194304,4194304,7472990551,-1,0
0.07774,0,0,INJECTING,732261799,732261799,5027229095,317046480964,-1,0
0.07774,1,0,DONE,4194304,4194304,4194304,28270287849,-1,0
0.07774,2,0,DONE,4194304,4194304,4194304,10035354119,-1,0
0.07774,3,0,DONE,4194304,4194304,4194304,7472990551,-1,0
0.07776,0,0,INJECTING,732261799,732261799,5027229095,317046480964,-1,0
0.07776,1,0,DONE,4194304,4194304,4194304,28270287849,-1,0
0.07776,2,0,DONE,4194304,4194304,4194304,10035354119,-1,0
0.07776,3,0,DONE,4194304,4194304,4194304,7472990551,-1,0
0.07778,0,0,INJECTING,732261799,732261799,5027229095,317046480964,-1,0
0.07778,1,0,DONE,4194304,4194304,4194304,28270287849,-1,0
0.07778,2,0,DONE,4194304,4194304,4194304,10035354119,-1,0
0.07778,3,0,DONE,4194304,4194304,4194304,7472990551,-1,0
0.0778,0,0,INJECTING,732261799,732261799,5027229095,317046480964,-1,0
0.0778,1,0,DONE,4194304,4194304,4194304,28270287849,-1,0
0.0778,2,0,DONE,4194304,4194304,4194304,10035354119,-1,0
0.0778,3,0,DONE,4194304,4194304,4194304,7472990551,-1,0
0.07782,0,0,INJECTING,732261799,732261799,5027229095,317046480964,-1,0
0.07782,1,0,DONE,4194304,4194304,4194304,28270287849,-1,0
0.07782,2,0,DONE,4194304,4194304,4194304,10035354119,-1,0
0.07782,3,0,DONE,4194304,4194304,4194304,7472990551,-1,0
0.07784,0,0,INJECTING,732261799,732261799,5027229095,317046480964,-1,0
0.07784,1,0,DONE,4194304,4194304,4194304,28270287849,-1,0
0.07784,2,0,DONE,4194304,4194304,4194304,10035354119,-1,0
0.07784,3,0,DONE,4194304,4194304,4194304,7472990551,-1,0
0.07786,0,0,INJECTING,732261799,732261799,5027229095,317046480964,-1,0
0.07786,1,0,DONE,4194304,4194304,4194304,28270287849,-1,0
0.07786,2,0,DONE,4194304,4194304,4194304,10035354119,-1,0
0.07786,3,0,DONE,4194304,4194304,4194304,7472990551,-1,0
0.07788,0,0,INJECTING,732261799,732261799,5027229095,317046480964,-1,0
0.07788,1,0,DONE,4194304,4194304,4194304,28270287849,-1,0
0.07788,2,0,DONE,4194304,4194304,4194304,10035354119,-1,0
0.07788,3,0,DONE,4194304,4194304,4194304,7472990551,-1,0
0.0779,0,0,INJECTING,732261799,732261799,5027229095,317046480964,-1,0
0.0779,1,0,DONE,4194304,4194304,4194304,28270287849,-1,0
0.0779,2,0,DONE,4194304,4194304,4194304,10035354119,-1,0
0.0779,3,0,DONE,4194304,4194304,4194304,7472990551,-1,0
0.07792,0,0,INJECTING,732261799,732261799,5027229095,317046480964,-1,0
0.07792,1,0,DONE,4194304,4194304,4194304,28270287849,-1,0
0.07792,2,0,DONE,4194304,4194304,4194304,10035354119,-1,0
0.07792,3,0,DONE,4194304,4194304,4194304,7472990551,-1,0
0.07794,0,0,INJECTING,732261799,732261799,5027229095,317046480964,-1,0
0.07794,1,0,DONE,4194304,4194304,4194304,28270287849,-1,0
0.07794,2,0,DONE,4194304,4194304,4194304,10035354119,-1,0
0.07794,3,0,DONE,4194304,4194304,4194304,7472990551,-1,0
0.07796,0,0,INJECTING,732261799,732261799,5027229095,317046480964,-1,0
0.07796,1,0,DONE,4194304,4194304,4194304,28270287849,-1,0
0.07796,2,0,DONE,4194304,4194304,4194304,10035354119,-1,0
0.07796,3,0,DONE,4194304,4194304,4194304,7472990551,-1,0
0.07798,0,0,INJECTING,732261799,732261799,5027229095,317046480964,-1,0
0.07798,1,0,DONE,4194304,4194304,4194304,28270287849,-1,0
0.07798,2,0,DONE,4194304,4194304,4194304,10035354119,-1,0
0.07798,3,0,DONE,4194304,4194304,4194304,7472990551,-1,0
0.078,0,0,INJECTING,732261799,732261799,5027229095,317046480964,-1,0
0.078,1,0,DONE,4194304,4194304,4194304,28270287849,-1,0
0.078,2,0,DONE,4194304,4194304,4194304,10035354119,-1,0
0.078,3,0,DONE,4194304,4194304,4194304,7472990551,-1,0
0.07802,0,0,INJECTING,732261799,732261799,5027229095,317046480964,-1,0
0.07802,1,0,DONE,4194304,4194304,4194304,28270287849,-1,0
0.07802,2,0,DONE,4194304,4194304,4194304,10035354119,-1,0
0.07802,3,0,DONE,4194304,4194304,4194304,7472990551,-1,0
0.07804,0,0,INJECTING,732261799,732261799,5027229095,317046480964,-1,0
0.07804,1,0,DONE,4194304,4194304,4194304,28270287849,-1,0
0.07804,2,0,DONE,4194304,4194304,4194304,10035354119,-1,0
0.07804,3,0,DONE,4194304,4194304,4194304,7472990551,-1,0
0.07806,0,0,INJECTING,732261799,732261799,5027229095,317046480964,-1,0
0.07806,1,0,DONE,4194304,4194304,4194304,28270287849,-1,0
0.07806,2,0,DONE,4194304,4194304,4194304,10035354119,-1,0
0.07806,3,0,DONE,4194304,4194304,4194304,7472990551,-1,0
0.07808,0,0,INJECTING,732261799,732261799,5027229095,317046480964,-1,0
0.07808,1,0,DONE,4194304,4194304,4194304,28270287849,-1,0
0.07808,2,0,DONE,4194304,4194304,4194304,10035354119,-1,0
0.07808,3,0,DONE,4194304,4194304,4194304,7472990551,-1,0
0.0781,0,0,INJECTING,732261799,732261799,5027229095,317046480964,-1,0
0.0781,1,0,DONE,4194304,4194304,4194304,28270287849,-1,0
0.0781,2,0,DONE,4194304,4194304,4194304,10035354119,-1,0
0.0781,3,0,DONE,4194304,4194304,4194304,7472990551,-1,0
0.07812,0,0,INJECTING,732261799,732261799,5027229095,317046480964,-1,0
0.07812,1,0,DONE,4194304,4194304,4194304,28270287849,-1,0
0.07812,2,0,DONE,4194304,4194304,4194304,10035354119,-1,0
0.07812,3,0,DONE,4194304,4194304,4194304,7472990551,-1,0
0.07814,0,0,INJECTING,732261799,732261799,5027229095,317046480964,-1,0
0.07814,1,0,DONE,4194304,4194304,4194304,28270287849,-1,0
0.07814,2,0,DONE,4194304,4194304,4194304,10035354119,-1,0
0.07814,3,0,DONE,4194304,4194304,4194304,7472990551,-1,0
0.07816,0,0,INJECTING,732261799,732261799,5027229095,317046480964,-1,0
0.07816,1,0,DONE,4194304,4194304,4194304,28270287849,-1,0
0.07816,2,0,DONE,4194304,4194304,4194304,10035354119,-1,0
0.07816,3,0,DONE,4194304,4194304,4194304,7472990551,-1,0
0.07818,0,0,INJECTING,732261799,732261799,5027229095,317046480964,-1,0
0.07818,1,0,DONE,4194304,4194304,4194304,28270287849,-1,0
0.07818,2,0,DONE,4194304,4194304,4194304,10035354119,-1,0
0.07818,3,0,DONE,4194304,4194304,4194304,7472990551,-1,0
0.0782,0,0,INJECTING,732261799,732261799,5027229095,317046480964,-1,0
0.0782,1,0,DONE,4194304,4194304,4194304,28270287849,-1,0
0.0782,2,0,DONE,4194304,4194304,4194304,10035354119,-1,0
0.0782,3,0,DONE,4194304,4194304,4194304,7472990551,-1,0
0.07822,0,0,INJECTING,732261799,732261799,5027229095,317046480964,-1,0
0.07822,1,0,DONE,4194304,4194304,4194304,28270287849,-1,0
0.07822,2,0,DONE,4194304,4194304,4194304,10035354119,-1,0
0.07822,3,0,DONE,4194304,4194304,4194304,7472990551,-1,0
0.07824,0,0,INJECTING,732261799,732261799,5027229095,317046480964,-1,0
0.07824,1,0,DONE,4194304,4194304,4194304,28270287849,-1,0
0.07824,2,0,DONE,4194304,4194304,4194304,10035354119,-1,0
0.07824,3,0,DONE,4194304,4194304,4194304,7472990551,-1,0
0.07826,0,0,INJECTING,732261799,732261799,5027229095,317046480964,-1,0
0.07826,1,0,DONE,4194304,4194304,4194304,28270287849,-1,0
0.07826,2,0,DONE,4194304,4194304,4194304,10035354119,-1,0
0.07826,3,0,DONE,4194304,4194304,4194304,7472990551,-1,0
0.07828,0,0,INJECTING,732261799,732261799,5027229095,317046480964,-1,0
0.07828,1,0,DONE,4194304,4194304,4194304,28270287849,-1,0
0.07828,2,0,DONE,4194304,4194304,4194304,10035354119,-1,0
0.07828,3,0,DONE,4194304,4194304,4194304,7472990551,-1,0
0.0783,0,0,INJECTING,732261799,732261799,5027229095,317046480964,-1,0
0.0783,1,0,DONE,4194304,4194304,4194304,28270287849,-1,0
0.0783,2,0,DONE,4194304,4194304,4194304,10035354119,-1,0
0.0783,3,0,DONE,4194304,4194304,4194304,7472990551,-1,0
0.07832,0,0,INJECTING,732261799,732261799,5027229095,317046480964,-1,0
0.07832,1,0,DONE,4194304,4194304,4194304,28270287849,-1,0
0.07832,2,0,DONE,4194304,4194304,4194304,10035354119,-1,0
0.07832,3,0,DONE,4194304,4194304,4194304,7472990551,-1,0
0.07834,0,0,INJECTING,732261799,732261799,5027229095,317046480964,-1,0
0.07834,1,0,DONE,4194304,4194304,4194304,28270287849,-1,0
0.07834,2,0,DONE,4194304,4194304,4194304,10035354119,-1,0
0.07834,3,0,DONE,4194304,4194304,4194304,7472990551,-1,0
0.07836,0,0,INJECTING,732261799,732261799,5027229095,317046480964,-1,0
0.07836,1,0,DONE,4194304,4194304,4194304,28270287849,-1,0
0.07836,2,0,DONE,4194304,4194304,4194304,10035354119,-1,0
0.07836,3,0,DONE,4194304,4194304,4194304,7472990551,-1,0
0.07838,0,0,INJECTING,732261799,732261799,5027229095,317046480964,-1,0
0.07838,1,0,DONE,4194304,4194304,4194304,28270287849,-1,0
0.07838,2,0,DONE,4194304,4194304,4194304,10035354119,-1,0
0.07838,3,0,DONE,4194304,4194304,4194304,7472990551,-1,0
0.0784,0,0,INJECTING,732261799,732261799,5027229095,317046480964,-1,0
0.0784,1,0,DONE,4194304,4194304,4194304,28270287849,-1,0
0.0784,2,0,DONE,4194304,4194304,4194304,10035354119,-1,0
0.0784,3,0,DONE,4194304,4194304,4194304,7472990551,-1,0
0.07842,0,0,INJECTING,732261799,732261799,5027229095,317046480964,-1,0
0.07842,1,0,DONE,4194304,4194304,4194304,28270287849,-1,0
0.07842,2,0,DONE,4194304,4194304,4194304,10035354119,-1,0
0.07842,3,0,DONE,4194304,4194304,4194304,7472990551,-1,0
0.07844,0,0,INJECTING,732261799,732261799,5027229095,317046480964,-1,0
0.07844,1,0,DONE,4194304,4194304,4194304,28270287849,-1,0
0.07844,2,0,DONE,4194304,4194304,4194304,10035354119,-1,0
0.07844,3,0,DONE,4194304,4194304,4194304,7472990551,-1,0
0.07846,0,0,INJECTING,732261799,732261799,5027229095,317046480964,-1,0
0.07846,1,0,DONE,4194304,4194304,4194304,28270287849,-1,0
0.07846,2,0,DONE,4194304,4194304,4194304,10035354119,-1,0
0.07846,3,0,DONE,4194304,4194304,4194304,7472990551,-1,0
0.07848,0,0,INJECTING,732261799,732261799,5027229095,317046480964,-1,0
0.07848,1,0,DONE,4194304,4194304,4194304,28270287849,-1,0
0.07848,2,0,DONE,4194304,4194304,4194304,10035354119,-1,0
0.07848,3,0,DONE,4194304,4194304,4194304,7472990551,-1,0
0.0785,0,0,INJECTING,732261799,732261799,5027229095,317046480964,-1,0
0.0785,1,0,DONE,4194304,4194304,4194304,28270287849,-1,0
0.0785,2,0,DONE,4194304,4194304,4194304,10035354119,-1,0
0.0785,3,0,DONE,4194304,4194304,4194304,7472990551,-1,0
0.07852,0,0,INJECTING,732261799,732261799,5027229095,317046480964,-1,0
0.07852,1,0,DONE,4194304,4194304,4194304,28270287849,-1,0
0.07852,2,0,DONE,4194304,4194304,4194304,10035354119,-1,0
0.07852,3,0,DONE,4194304,4194304,4194304,7472990551,-1,0
0.07854,0,0,INJECTING,732261799,732261799,5027229095,317046480964,-1,0
0.07854,1,0,DONE,4194304,4194304,4194304,28270287849,-1,0
0.07854,2,0,DONE,4194304,4194304,4194304,10035354119,-1,0
0.07854,3,0,DONE,4194304,4194304,4194304,7472990551,-1,0
0.07856,0,0,INJECTING,732261799,732261799,5027229095,317046480964,-1,0
0.07856,1,0,DONE,4194304,4194304,4194304,28270287849,-1,0
0.07856,2,0,DONE,4194304,4194304,4194304,10035354119,-1,0
0.07856,3,0,DONE,4194304,4194304,4194304,7472990551,-1,0
0.07858,0,0,INJECTING,732261799,732261799,5027229095,317046480964,-1,0
0.07858,1,0,DONE,4194304,4194304,4194304,28270287849,-1,0
0.07858,2,0,DONE,4194304,4194304,4194304,10035354119,-1,0
0.07858,3,0,DONE,4194304,4194304,4194304,7472990551,-1,0
0.0786,0,0,INJECTING,732261799,732261799,5027229095,317046480964,-1,0
0.0786,1,0,DONE,4194304,4194304,4194304,28270287849,-1,0
0.0786,2,0,DONE,4194304,4194304,4194304,10035354119,-1,0
0.0786,3,0,DONE,4194304,4194304,4194304,7472990551,-1,0
0.07862,0,0,INJECTING,732261799,732261799,5027229095,317046480964,-1,0
0.07862,1,0,DONE,4194304,4194304,4194304,28270287849,-1,0
0.07862,2,0,DONE,4194304,4194304,4194304,10035354119,-1,0
0.07862,3,0,DONE,4194304,4194304,4194304,7472990551,-1,0
0.07864,0,0,INJECTING,732261799,732261799,5027229095,317046480964,-1,0
0.07864,1,0,DONE,4194304,4194304,4194304,28270287849,-1,0
0.07864,2,0,DONE,4194304,4194304,4194304,10035354119,-1,0
0.07864,3,0,DONE,4194304,4194304,4194304,7472990551,-1,0
0.07866,0,0,INJECTING,732261799,732261799,5027229095,317046480964,-1,0
0.07866,1,0,DONE,4194304,4194304,4194304,28270287849,-1,0
0.07866,2,0,DONE,4194304,4194304,4194304,10035354119,-1,0
0.07866,3,0,DONE,4194304,4194304,4194304,7472990551,-1,0
0.07868,0,0,INJECTING,732261799,732261799,5027229095,317046480964,-1,0
0.07868,1,0,DONE,4194304,4194304,4194304,28270287849,-1,0
0.07868,2,0,DONE,4194304,4194304,4194304,10035354119,-1,0
0.07868,3,0,DONE,4194304,4194304,4194304,7472990551,-1,0
0.0787,0,0,INJECTING,732261799,732261799,5027229095,317046480964,-1,0
0.0787,1,0,DONE,4194304,4194304,4194304,28270287849,-1,0
0.0787,2,0,DONE,4194304,4194304,4194304,10035354119,-1,0
0.0787,3,0,DONE,4194304,4194304,4194304,7472990551,-1,0
0.07872,0,0,INJECTING,732261799,732261799,5027229095,317046480964,-1,0
0.07872,1,0,DONE,4194304,4194304,4194304,28270287849,-1,0
0.07872,2,0,DONE,4194304,4194304,4194304,10035354119,-1,0
0.07872,3,0,DONE,4194304,4194304,4194304,7472990551,-1,0
0.07874,0,0,INJECTING,732261799,732261799,5027229095,317046480964,-1,0
0.07874,1,0,DONE,4194304,4194304,4194304,28270287849,-1,0
0.07874,2,0,DONE,4194304,4194304,4194304,10035354119,-1,0
0.07874,3,0,DONE,4194304,4194304,4194304,7472990551,-1,0
0.07876,0,0,INJECTING,732261799,732261799,5027229095,317046480964,-1,0
0.07876,1,0,DONE,4194304,4194304,4194304,28270287849,-1,0
0.07876,2,0,DONE,4194304,4194304,4194304,10035354119,-1,0
0.07876,3,0,DONE,4194304,4194304,4194304,7472990551,-1,0
0.07878,0,0,INJECTING,732261799,732261799,5027229095,317046480964,-1,0
0.07878,1,0,DONE,4194304,4194304,4194304,28270287849,-1,0
0.07878,2,0,DONE,4194304,4194304,4194304,10035354119,-1,0
0.07878,3,0,DONE,4194304,4194304,4194304,7472990551,-1,0
0.0788,0,0,INJECTING,732261799,732261799,5027229095,317046480964,-1,0
0.0788,1,0,DONE,4194304,4194304,4194304,28270287849,-1,0
0.0788,2,0,DONE,4194304,4194304,4194304,10035354119,-1,0
0.0788,3,0,DONE,4194304,4194304,4194304,7472990551,-1,0
0.07882,0,0,INJECTING,732261799,732261799,5027229095,317046480964,-1,0
0.07882,1,0,DONE,4194304,4194304,4194304,28270287849,-1,0
0.07882,2,0,DONE,4194304,4194304,4194304,10035354119,-1,0
0.07882,3,0,DONE,4194304,4194304,4194304,7472990551,-1,0
0.07884,0,0,INJECTING,732261799,732261799,5027229095,317046480964,-1,0
0.07884,1,0,DONE,4194304,4194304,4194304,28270287849,-1,0
0.07884,2,0,DONE,4194304,4194304,4194304,10035354119,-1,0
0.07884,3,0,DONE,4194304,4194304,4194304,7472990551,-1,0
0.07886,0,0,INJECTING,732261799,732261799,5027229095,317046480964,-1,0
0.07886,1,0,DONE,4194304,4194304,4194304,28270287849,-1,0
0.07886,2,0,DONE,4194304,4194304,4194304,10035354119,-1,0
0.07886,3,0,DONE,4194304,4194304,4194304,7472990551,-1,0
0.07888,0,0,INJECTING,732261799,732261799,5027229095,317046480964,-1,0
0.07888,1,0,DONE,4194304,4194304,4194304,28270287849,-1,0
0.07888,2,0,DONE,4194304,4194304,4194304,10035354119,-1,0
0.07888,3,0,DONE,4194304,4194304,4194304,7472990551,-1,0
0.0789,0,0,INJECTING,732261799,732261799,5027229095,317046480964,-1,0
0.0789,1,0,DONE,4194304,4194304,4194304,28270287849,-1,0
0.0789,2,0,DONE,4194304,4194304,4194304,10035354119,-1,0
0.0789,3,0,DONE,4194304,4194304,4194304,7472990551,-1,0
0.07892,0,0,INJECTING,732261799,732261799,5027229095,317046480964,-1,0
0.07892,1,0,DONE,4194304,4194304,4194304,28270287849,-1,0
0.07892,2,0,DONE,4194304,4194304,4194304,10035354119,-1,0
0.07892,3,0,DONE,4194304,4194304,4194304,7472990551,-1,0
0.07894,0,0,INJECTING,732261799,732261799,5027229095,317046480964,-1,0
0.07894,1,0,DONE,4194304,4194304,4194304,28270287849,-1,0
0.07894,2,0,DONE,4194304,4194304,4194304,10035354119,-1,0
0.07894,3,0,DONE,4194304,4194304,4194304,7472990551,-1,0
0.07896,0,0,INJECTING,732261799,732261799,5027229095,317046480964,-1,0
0.07896,1,0,DONE,4194304,4194304,4194304,28270287849,-1,0
0.07896,2,0,DONE,4194304,4194304,4194304,10035354119,-1,0
0.07896,3,0,DONE,4194304,4194304,4194304,7472990551,-1,0
0.07898,0,0,INJECTING,732261799,732261799,5027229095,317046480964,-1,0
0.07898,1,0,DONE,4194304,4194304,4194304,28270287849,-1,0
0.07898,2,0,DONE,4194304,4194304,4194304,10035354119,-1,0
0.07898,3,0,DONE,4194304,4194304,4194304,7472990551,-1,0
0.079,0,0,INJECTING,732261799,732261799,5027229095,317046480964,-1,0
0.079,1,0,DONE,4194304,4194304,4194304,28270287849,-1,0
0.079,2,0,DONE,4194304,4194304,4194304,10035354119,-1,0
0.079,3,0,DONE,4194304,4194304,4194304,7472990551,-1,0
0.07902,0,0,INJECTING,732261799,732261799,5027229095,317046480964,-1,0
0.07902,1,0,DONE,4194304,4194304,4194304,28270287849,-1,0
0.07902,2,0,DONE,4194304,4194304,4194304,10035354119,-1,0
0.07902,3,0,DONE,4194304,4194304,4194304,7472990551,-1,0
0.07904,0,0,INJECTING,732261799,732261799,5027229095,317046480964,-1,0
0.07904,1,0,DONE,4194304,4194304,4194304,28270287849,-1,0
0.07904,2,0,DONE,4194304,4194304,4194304,10035354119,-1,0
0.07904,3,0,DONE,4194304,4194304,4194304,7472990551,-1,0
0.07906,0,0,INJECTING,732261799,732261799,5027229095,317046480964,-1,0
0.07906,1,0,DONE,4194304,4194304,4194304,28270287849,-1,0
0.07906,2,0,DONE,4194304,4194304,4194304,10035354119,-1,0
0.07906,3,0,DONE,4194304,4194304,4194304,7472990551,-1,0
0.07908,0,0,INJECTING,732261799,732261799,5027229095,317046480964,-1,0
0.07908,1,0,DONE,4194304,4194304,4194304,28270287849,-1,0
0.07908,2,0,DONE,4194304,4194304,4194304,10035354119,-1,0
0.07908,3,0,DONE,4194304,4194304,4194304,7472990551,-1,0
0.0791,0,0,INJECTING,732261799,732261799,5027229095,317046480964,-1,0
0.0791,1,0,DONE,4194304,4194304,4194304,28270287849,-1,0
0.0791,2,0,DONE,4194304,4194304,4194304,10035354119,-1,0
0.0791,3,0,DONE,4194304,4194304,4194304,7472990551,-1,0
0.07912,0,0,INJECTING,732261799,732261799,5027229095,317046480964,-1,0
0.07912,1,0,DONE,4194304,4194304,4194304,28270287849,-1,0
0.07912,2,0,DONE,4194304,4194304,4194304,10035354119,-1,0
0.07912,3,0,DONE,4194304,4194304,4194304,7472990551,-1,0
0.07914,0,0,INJECTING,732261799,732261799,5027229095,317046480964,-1,0
0.07914,1,0,DONE,4194304,4194304,4194304,28270287849,-1,0
0.07914,2,0,DONE,4194304,4194304,4194304,10035354119,-1,0
0.07914,3,0,DONE,4194304,4194304,4194304,7472990551,-1,0
0.07916,0,0,INJECTING,732261799,732261799,5027229095,317046480964,-1,0
0.07916,1,0,DONE,4194304,4194304,4194304,28270287849,-1,0
0.07916,2,0,DONE,4194304,4194304,4194304,10035354119,-1,0
0.07916,3,0,DONE,4194304,4194304,4194304,7472990551,-1,0
0.07918,0,0,INJECTING,732261799,732261799,5027229095,317046480964,-1,0
0.07918,1,0,DONE,4194304,4194304,4194304,28270287849,-1,0
0.07918,2,0,DONE,4194304,4194304,4194304,10035354119,-1,0
0.07918,3,0,DONE,4194304,4194304,4194304,7472990551,-1,0
0.0792,0,0,INJECTING,732261799,732261799,5027229095,317046480964,-1,0
0.0792,1,0,DONE,4194304,4194304,4194304,28270287849,-1,0
0.0792,2,0,DONE,4194304,4194304,4194304,10035354119,-1,0
0.0792,3,0,DONE,4194304,4194304,4194304,7472990551,-1,0
0.07922,0,0,INJECTING,732261799,732261799,5027229095,317046480964,-1,0
0.07922,1,0,DONE,4194304,4194304,4194304,28270287849,-1,0
0.07922,2,0,DONE,4194304,4194304,4194304,10035354119,-1,0
0.07922,3,0,DONE,4194304,4194304,4194304,7472990551,-1,0
0.07924,0,0,INJECTING,732261799,732261799,5027229095,317046480964,-1,0
0.07924,1,0,DONE,4194304,4194304,4194304,28270287849,-1,0
0.07924,2,0,DONE,4194304,4194304,4194304,10035354119,-1,0
0.07924,3,0,DONE,4194304,4194304,4194304,7472990551,-1,0
0.07926,0,0,INJECTING,732261799,732261799,5027229095,317046480964,-1,0
0.07926,1,0,DONE,4194304,4194304,4194304,28270287849,-1,0
0.07926,2,0,DONE,4194304,4194304,4194304,10035354119,-1,0
0.07926,3,0,DONE,4194304,4194304,4194304,7472990551,-1,0
0.07928,0,0,INJECTING,732261799,732261799,5027229095,317046480964,-1,0
0.07928,1,0,DONE,4194304,4194304,4194304,28270287849,-1,0
0.07928,2,0,DONE,4194304,4194304,4194304,10035354119,-1,0
0.07928,3,0,DONE,4194304,4194304,4194304,7472990551,-1,0
0.0793,0,0,INJECTING,732261799,732261799,5027229095,317046480964,-1,0
0.0793,1,0,DONE,4194304,4194304,4194304,28270287849,-1,0
0.0793,2,0,DONE,4194304,4194304,4194304,10035354119,-1,0
0.0793,3,0,DONE,4194304,4194304,4194304,7472990551,-1,0
0.07932,0,0,INJECTING,732261799,732261799,5027229095,317046480964,-1,0
0.07932,1,0,DONE,4194304,4194304,4194304,28270287849,-1,0
0.07932,2,0,DONE,4194304,4194304,4194304,10035354119,-1,0
0.07932,3,0,DONE,4194304,4194304,4194304,7472990551,-1,0
0.07934,0,0,INJECTING,732261799,732261799,5027229095,317046480964,-1,0
0.07934,1,0,DONE,4194304,4194304,4194304,28270287849,-1,0
0.07934,2,0,DONE,4194304,4194304,4194304,10035354119,-1,0
0.07934,3,0,DONE,4194304,4194304,4194304,7472990551,-1,0
0.07936,0,0,INJECTING,732261799,732261799,5027229095,317046480964,-1,0
0.07936,1,0,DONE,4194304,4194304,4194304,28270287849,-1,0
0.07936,2,0,DONE,4194304,4194304,4194304,10035354119,-1,0
0.07936,3,0,DONE,4194304,4194304,4194304,7472990551,-1,0
0.07938,0,0,INJECTING,732261799,732261799,5027229095,317046480964,-1,0
0.07938,1,0,DONE,4194304,4194304,4194304,28270287849,-1,0
0.07938,2,0,DONE,4194304,4194304,4194304,10035354119,-1,0
0.07938,3,0,DONE,4194304,4194304,4194304,7472990551,-1,0
0.0794,0,0,INJECTING,732261799,732261799,5027229095,317046480964,-1,0
0.0794,1,0,DONE,4194304,4194304,4194304,28270287849,-1,0
0.0794,2,0,DONE,4194304,4194304,4194304,10035354119,-1,0
0.0794,3,0,DONE,4194304,4194304,4194304,7472990551,-1,0
0.07942,0,0,INJECTING,732261799,732261799,5027229095,317046480964,-1,0
0.07942,1,0,DONE,4194304,4194304,4194304,28270287849,-1,0
0.07942,2,0,DONE,4194304,4194304,4194304,10035354119,-1,0
0.07942,3,0,DONE,4194304,4194304,4194304,7472990551,-1,0
0.07944,0,0,INJECTING,732261799,732261799,5027229095,317046480964,-1,0
0.07944,1,0,DONE,4194304,4194304,4194304,28270287849,-1,0
0.07944,2,0,DONE,4194304,4194304,4194304,10035354119,-1,0
0.07944,3,0,DONE,4194304,4194304,4194304,7472990551,-1,0
0.07946,0,0,INJECTING,732261799,732261799,5027229095,317046480964,-1,0
0.07946,1,0,DONE,4194304,4194304,4194304,28270287849,-1,0
0.07946,2,0,DONE,4194304,4194304,4194304,10035354119,-1,0
0.07946,3,0,DONE,4194304,4194304,4194304,7472990551,-1,0
0.07948,0,0,INJECTING,732261799,732261799,5027229095,317046480964,-1,0
0.07948,1,0,DONE,4194304,4194304,4194304,28270287849,-1,0
0.07948,2,0,DONE,4194304,4194304,4194304,10035354119,-1,0
0.07948,3,0,DONE,4194304,4194304,4194304,7472990551,-1,0
0.0795,0,0,INJECTING,732261799,732261799,5027229095,317046480964,-1,0
0.0795,1,0,DONE,4194304,4194304,4194304,28270287849,-1,0
0.0795,2,0,DONE,4194304,4194304,4194304,10035354119,-1,0
0.0795,3,0,DONE,4194304,4194304,4194304,7472990551,-1,0
0.07952,0,0,INJECTING,732261799,732261799,5027229095,317046480964,-1,0
0.07952,1,0,DONE,4194304,4194304,4194304,28270287849,-1,0
0.07952,2,0,DONE,4194304,4194304,4194304,10035354119,-1,0
0.07952,3,0,DONE,4194304,4194304,4194304,7472990551,-1,0
0.07954,0,0,INJECTING,732261799,732261799,5027229095,317046480964,-1,0
0.07954,1,0,DONE,4194304,4194304,4194304,28270287849,-1,0
0.07954,2,0,DONE,4194304,4194304,4194304,10035354119,-1,0
0.07954,3,0,DONE,4194304,4194304,4194304,7472990551,-1,0
0.07956,0,0,INJECTING,732261799,732261799,5027229095,317046480964,-1,0
0.07956,1,0,DONE,4194304,4194304,4194304,28270287849,-1,0
0.07956,2,0,DONE,4194304,4194304,4194304,10035354119,-1,0
0.07956,3,0,DONE,4194304,4194304,4194304,7472990551,-1,0
0.07958,0,0,INJECTING,732261799,732261799,5027229095,317046480964,-1,0
0.07958,1,0,DONE,4194304,4194304,4194304,28270287849,-1,0
0.07958,2,0,DONE,4194304,4194304,4194304,10035354119,-1,0
0.07958,3,0,DONE,4194304,4194304,4194304,7472990551,-1,0
0.0796,0,0,INJECTING,732261799,732261799,5027229095,317046480964,-1,0
0.0796,1,0,DONE,4194304,4194304,4194304,28270287849,-1,0
0.0796,2,0,DONE,4194304,4194304,4194304,10035354119,-1,0
0.0796,3,0,DONE,4194304,4194304,4194304,7472990551,-1,0
0.07962,0,0,INJECTING,732261799,732261799,5027229095,317046480964,-1,0
0.07962,1,0,DONE,4194304,4194304,4194304,28270287849,-1,0
0.07962,2,0,DONE,4194304,4194304,4194304,10035354119,-1,0
0.07962,3,0,DONE,4194304,4194304,4194304,7472990551,-1,0
0.07964,0,0,INJECTING,732261799,732261799,5027229095,317046480964,-1,0
0.07964,1,0,DONE,4194304,4194304,4194304,28270287849,-1,0
0.07964,2,0,DONE,4194304,4194304,4194304,10035354119,-1,0
0.07964,3,0,DONE,4194304,4194304,4194304,7472990551,-1,0
0.07966,0,0,INJECTING,732261799,732261799,5027229095,317046480964,-1,0
0.07966,1,0,DONE,4194304,4194304,4194304,28270287849,-1,0
0.07966,2,0,DONE,4194304,4194304,4194304,10035354119,-1,0
0.07966,3,0,DONE,4194304,4194304,4194304,7472990551,-1,0
0.07968,0,0,INJECTING,732261799,732261799,5027229095,317046480964,-1,0
0.07968,1,0,DONE,4194304,4194304,4194304,28270287849,-1,0
0.07968,2,0,DONE,4194304,4194304,4194304,10035354119,-1,0
0.07968,3,0,DONE,4194304,4194304,4194304,7472990551,-1,0
0.0797,0,0,INJECTING,732261799,732261799,5027229095,317046480964,-1,0
0.0797,1,0,DONE,4194304,4194304,4194304,28270287849,-1,0
0.0797,2,0,DONE,4194304,4194304,4194304,10035354119,-1,0
0.0797,3,0,DONE,4194304,4194304,4194304,7472990551,-1,0
0.07972,0,0,INJECTING,732261799,732261799,5027229095,317046480964,-1,0
0.07972,1,0,DONE,4194304,4194304,4194304,28270287849,-1,0
0.07972,2,0,DONE,4194304,4194304,4194304,10035354119,-1,0
0.07972,3,0,DONE,4194304,4194304,4194304,7472990551,-1,0
0.07974,0,0,INJECTING,732261799,732261799,5027229095,317046480964,-1,0
0.07974,1,0,DONE,4194304,4194304,4194304,28270287849,-1,0
0.07974,2,0,DONE,4194304,4194304,4194304,10035354119,-1,0
0.07974,3,0,DONE,4194304,4194304,4194304,7472990551,-1,0
0.07976,0,0,INJECTING,732261799,732261799,5027229095,317046480964,-1,0
0.07976,1,0,DONE,4194304,4194304,4194304,28270287849,-1,0
0.07976,2,0,DONE,4194304,4194304,4194304,10035354119,-1,0
0.07976,3,0,DONE,4194304,4194304,4194304,7472990551,-1,0
0.07978,0,0,INJECTING,732261799,732261799,5027229095,317046480964,-1,0
0.07978,1,0,DONE,4194304,4194304,4194304,28270287849,-1,0
0.07978,2,0,DONE,4194304,4194304,4194304,10035354119,-1,0
0.07978,3,0,DONE,4194304,4194304,4194304,7472990551,-1,0
0.0798,0,0,INJECTING,732261799,732261799,5027229095,317046480964,-1,0
0.0798,1,0,DONE,4194304,4194304,4194304,28270287849,-1,0
0.0798,2,0,DONE,4194304,4194304,4194304,10035354119,-1,0
0.0798,3,0,DONE,4194304,4194304,4194304,7472990551,-1,0
0.07982,0,0,INJECTING,732261799,732261799,5027229095,317046480964,-1,0
0.07982,1,0,DONE,4194304,4194304,4194304,28270287849,-1,0
0.07982,2,0,DONE,4194304,4194304,4194304,10035354119,-1,0
0.07982,3,0,DONE,4194304,4194304,4194304,7472990551,-1,0
0.07984,0,0,INJECTING,732261799,732261799,5027229095,317046480964,-1,0
0.07984,1,0,DONE,4194304,4194304,4194304,28270287849,-1,0
0.07984,2,0,DONE,4194304,4194304,4194304,10035354119,-1,0
0.07984,3,0,DONE,4194304,4194304,4194304,7472990551,-1,0
0.07986,0,0,INJECTING,732261799,732261799,5027229095,317046480964,-1,0
0.07986,1,0,DONE,4194304,4194304,4194304,28270287849,-1,0
0.07986,2,0,DONE,4194304,4194304,4194304,10035354119,-1,0
0.07986,3,0,DONE,4194304,4194304,4194304,7472990551,-1,0
0.07988,0,0,INJECTING,732261799,732261799,5027229095,317046480964,-1,0
0.07988,1,0,DONE,4194304,4194304,4194304,28270287849,-1,0
0.07988,2,0,DONE,4194304,4194304,4194304,10035354119,-1,0
0.07988,3,0,DONE,4194304,4194304,4194304,7472990551,-1,0
0.0799,0,0,INJECTING,732261799,732261799,5027229095,317046480964,-1,0
0.0799,1,0,DONE,4194304,4194304,4194304,28270287849,-1,0
0.0799,2,0,DONE,4194304,4194304,4194304,10035354119,-1,0
0.0799,3,0,DONE,4194304,4194304,4194304,7472990551,-1,0
0.07992,0,0,INJECTING,732261799,732261799,5027229095,317046480964,-1,0
0.07992,1,0,DONE,4194304,4194304,4194304,28270287849,-1,0
0.07992,2,0,DONE,4194304,4194304,4194304,10035354119,-1,0
0.07992,3,0,DONE,4194304,4194304,4194304,7472990551,-1,0
0.07994,0,0,INJECTING,732261799,732261799,5027229095,317046480964,-1,0
0.07994,1,0,DONE,4194304,4194304,4194304,28270287849,-1,0
0.07994,2,0,DONE,4194304,4194304,4194304,10035354119,-1,0
0.07994,3,0,DONE,4194304,4194304,4194304,7472990551,-1,0
0.07996,0,0,INJECTING,732261799,732261799,5027229095,317046480964,-1,0
0.07996,1,0,DONE,4194304,4194304,4194304,28270287849,-1,0
0.07996,2,0,DONE,4194304,4194304,4194304,10035354119,-1,0
0.07996,3,0,DONE,4194304,4194304,4194304,7472990551,-1,0
0.07998,0,0,INJECTING,732261799,732261799,5027229095,317046480964,-1,0
0.07998,1,0,DONE,4194304,4194304,4194304,28270287849,-1,0
0.07998,2,0,DONE,4194304,4194304,4194304,10035354119,-1,0
0.07998,3,0,DONE,4194304,4194304,4194304,7472990551,-1,0
0.08,0,0,INJECTING,732261799,732261799,5027229095,317046480964,-1,0
0.08,1,0,DONE,4194304,4194304,4194304,28270287849,-1,0
0.08,2,0,DONE,4194304,4194304,4194304,10035354119,-1,0
0.08,3,0,DONE,4194304,4194304,4194304,7472990551,-1,0
0.08002,0,0,INJECTING,732261799,732261799,5027229095,317046480964,-1,0
0.08002,1,0,DONE,4194304,4194304,4194304,28270287849,-1,0
0.08002,2,0,DONE,4194304,4194304,4194304,10035354119,-1,0
0.08002,3,0,DONE,4194304,4194304,4194304,7472990551,-1,0
0.08004,0,0,INJECTING,732261799,732261799,5027229095,317046480964,-1,0
0.08004,1,0,DONE,4194304,4194304,4194304,28270287849,-1,0
0.08004,2,0,DONE,4194304,4194304,4194304,10035354119,-1,0
0.08004,3,0,DONE,4194304,4194304,4194304,7472990551,-1,0
0.08006,0,0,INJECTING,732261799,732261799,5027229095,317046480964,-1,0
0.08006,1,0,DONE,4194304,4194304,4194304,28270287849,-1,0
0.08006,2,0,DONE,4194304,4194304,4194304,10035354119,-1,0
0.08006,3,0,DONE,4194304,4194304,4194304,7472990551,-1,0
0.08008,0,0,INJECTING,732261799,732261799,5027229095,317046480964,-1,0
0.08008,1,0,DONE,4194304,4194304,4194304,28270287849,-1,0
0.08008,2,0,DONE,4194304,4194304,4194304,10035354119,-1,0
0.08008,3,0,DONE,4194304,4194304,4194304,7472990551,-1,0
0.0801,0,0,INJECTING,732261799,732261799,5027229095,317046480964,-1,0
0.0801,1,0,DONE,4194304,4194304,4194304,28270287849,-1,0
0.0801,2,0,DONE,4194304,4194304,4194304,10035354119,-1,0
0.0801,3,0,DONE,4194304,4194304,4194304,7472990551,-1,0
0.08012,0,0,INJECTING,732261799,732261799,5027229095,317046480964,-1,0
0.08012,1,0,DONE,4194304,4194304,4194304,28270287849,-1,0
0.08012,2,0,DONE,4194304,4194304,4194304,10035354119,-1,0
0.08012,3,0,DONE,4194304,4194304,4194304,7472990551,-1,0
0.08014,0,0,INJECTING,732261799,732261799,5027229095,317046480964,-1,0
0.08014,1,0,DONE,4194304,4194304,4194304,28270287849,-1,0
0.08014,2,0,DONE,4194304,4194304,4194304,10035354119,-1,0
0.08014,3,0,DONE,4194304,4194304,4194304,7472990551,-1,0
0.08016,0,0,INJECTING,732261799,732261799,5027229095,317046480964,-1,0
0.08016,1,0,DONE,4194304,4194304,4194304,28270287849,-1,0
0.08016,2,0,DONE,4194304,4194304,4194304,10035354119,-1,0
0.08016,3,0,DONE,4194304,4194304,4194304,7472990551,-1,0
0.08018,0,0,INJECTING,732261799,732261799,5027229095,317046480964,-1,0
0.08018,1,0,DONE,4194304,4194304,4194304,28270287849,-1,0
0.08018,2,0,DONE,4194304,4194304,4194304,10035354119,-1,0
0.08018,3,0,DONE,4194304,4194304,4194304,7472990551,-1,0
0.0802,0,0,INJECTING,732261799,732261799,5027229095,317046480964,-1,0
0.0802,1,0,DONE,4194304,4194304,4194304,28270287849,-1,0
0.0802,2,0,DONE,4194304,4194304,4194304,10035354119,-1,0
0.0802,3,0,DONE,4194304,4194304,4194304,7472990551,-1,0
0.08022,0,0,INJECTING,732261799,732261799,5027229095,317046480964,-1,0
0.08022,1,0,DONE,4194304,4194304,4194304,28270287849,-1,0
0.08022,2,0,DONE,4194304,4194304,4194304,10035354119,-1,0
0.08022,3,0,DONE,4194304,4194304,4194304,7472990551,-1,0
0.08024,0,0,INJECTING,732261799,732261799,5027229095,317046480964,-1,0
0.08024,1,0,DONE,4194304,4194304,4194304,28270287849,-1,0
0.08024,2,0,DONE,4194304,4194304,4194304,10035354119,-1,0
0.08024,3,0,DONE,4194304,4194304,4194304,7472990551,-1,0
0.08026,0,0,INJECTING,732261799,732261799,5027229095,317046480964,-1,0
0.08026,1,0,DONE,4194304,4194304,4194304,28270287849,-1,0
0.08026,2,0,DONE,4194304,4194304,4194304,10035354119,-1,0
0.08026,3,0,DONE,4194304,4194304,4194304,7472990551,-1,0
0.08028,0,0,INJECTING,732261799,732261799,5027229095,317046480964,-1,0
0.08028,1,0,DONE,4194304,4194304,4194304,28270287849,-1,0
0.08028,2,0,DONE,4194304,4194304,4194304,10035354119,-1,0
0.08028,3,0,DONE,4194304,4194304,4194304,7472990551,-1,0
0.0803,0,0,INJECTING,732261799,732261799,5027229095,317046480964,-1,0
0.0803,1,0,DONE,4194304,4194304,4194304,28270287849,-1,0
0.0803,2,0,DONE,4194304,4194304,4194304,10035354119,-1,0
0.0803,3,0,DONE,4194304,4194304,4194304,7472990551,-1,0
0.08032,0,0,INJECTING,732261799,732261799,5027229095,317046480964,-1,0
0.08032,1,0,DONE,4194304,4194304,4194304,28270287849,-1,0
0.08032,2,0,DONE,4194304,4194304,4194304,10035354119,-1,0
0.08032,3,0,DONE,4194304,4194304,4194304,7472990551,-1,0
0.08034,0,0,INJECTING,732261799,732261799,5027229095,317046480964,-1,0
0.08034,1,0,DONE,4194304,4194304,4194304,28270287849,-1,0
0.08034,2,0,DONE,4194304,4194304,4194304,10035354119,-1,0
0.08034,3,0,DONE,4194304,4194304,4194304,7472990551,-1,0
0.08036,0,0,INJECTING,732261799,732261799,5027229095,317046480964,-1,0
0.08036,1,0,DONE,4194304,4194304,4194304,28270287849,-1,0
0.08036,2,0,DONE,4194304,4194304,4194304,10035354119,-1,0
0.08036,3,0,DONE,4194304,4194304,4194304,7472990551,-1,0
0.08038,0,0,INJECTING,732261799,732261799,5027229095,317046480964,-1,0
0.08038,1,0,DONE,4194304,4194304,4194304,28270287849,-1,0
0.08038,2,0,DONE,4194304,4194304,4194304,10035354119,-1,0
0.08038,3,0,DONE,4194304,4194304,4194304,7472990551,-1,0
0.0804,0,0,INJECTING,732261799,732261799,5027229095,317046480964,-1,0
0.0804,1,0,DONE,4194304,4194304,4194304,28270287849,-1,0
0.0804,2,0,DONE,4194304,4194304,4194304,10035354119,-1,0
0.0804,3,0,DONE,4194304,4194304,4194304,7472990551,-1,0
0.08042,0,0,INJECTING,732261799,732261799,5027229095,317046480964,-1,0
0.08042,1,0,DONE,4194304,4194304,4194304,28270287849,-1,0
0.08042,2,0,DONE,4194304,4194304,4194304,10035354119,-1,0
0.08042,3,0,DONE,4194304,4194304,4194304,7472990551,-1,0
0.08044,0,0,INJECTING,732261799,732261799,5027229095,317046480964,-1,0
0.08044,1,0,DONE,4194304,4194304,4194304,28270287849,-1,0
0.08044,2,0,DONE,4194304,4194304,4194304,10035354119,-1,0
0.08044,3,0,DONE,4194304,4194304,4194304,7472990551,-1,0
0.08046,0,0,INJECTING,732261799,732261799,5027229095,317046480964,-1,0
0.08046,1,0,DONE,4194304,4194304,4194304,28270287849,-1,0
0.08046,2,0,DONE,4194304,4194304,4194304,10035354119,-1,0
0.08046,3,0,DONE,4194304,4194304,4194304,7472990551,-1,0
0.08048,0,0,INJECTING,732261799,732261799,5027229095,317046480964,-1,0
0.08048,1,0,DONE,4194304,4194304,4194304,28270287849,-1,0
0.08048,2,0,DONE,4194304,4194304,4194304,10035354119,-1,0
0.08048,3,0,DONE,4194304,4194304,4194304,7472990551,-1,0
0.0805,0,0,INJECTING,732261799,732261799,5027229095,317046480964,-1,0
0.0805,1,0,DONE,4194304,4194304,4194304,28270287849,-1,0
0.0805,2,0,DONE,4194304,4194304,4194304,10035354119,-1,0
0.0805,3,0,DONE,4194304,4194304,4194304,7472990551,-1,0
0.08052,0,0,INJECTING,732261799,732261799,5027229095,317046480964,-1,0
0.08052,1,0,DONE,4194304,4194304,4194304,28270287849,-1,0
0.08052,2,0,DONE,4194304,4194304,4194304,10035354119,-1,0
0.08052,3,0,DONE,4194304,4194304,4194304,7472990551,-1,0
0.08054,0,0,INJECTING,732261799,732261799,5027229095,317046480964,-1,0
0.08054,1,0,DONE,4194304,4194304,4194304,28270287849,-1,0
0.08054,2,0,DONE,4194304,4194304,4194304,10035354119,-1,0
0.08054,3,0,DONE,4194304,4194304,4194304,7472990551,-1,0
0.08056,0,0,INJECTING,732261799,732261799,5027229095,317046480964,-1,0
0.08056,1,0,DONE,4194304,4194304,4194304,28270287849,-1,0
0.08056,2,0,DONE,4194304,4194304,4194304,10035354119,-1,0
0.08056,3,0,DONE,4194304,4194304,4194304,7472990551,-1,0
0.08058,0,0,INJECTING,732261799,732261799,5027229095,317046480964,-1,0
0.08058,1,0,DONE,4194304,4194304,4194304,28270287849,-1,0
0.08058,2,0,DONE,4194304,4194304,4194304,10035354119,-1,0
0.08058,3,0,DONE,4194304,4194304,4194304,7472990551,-1,0
0.0806,0,0,INJECTING,732261799,732261799,5027229095,317046480964,-1,0
0.0806,1,0,DONE,4194304,4194304,4194304,28270287849,-1,0
0.0806,2,0,DONE,4194304,4194304,4194304,10035354119,-1,0
0.0806,3,0,DONE,4194304,4194304,4194304,7472990551,-1,0
0.08062,0,0,INJECTING,732261799,732261799,5027229095,317046480964,-1,0
0.08062,1,0,DONE,4194304,4194304,4194304,28270287849,-1,0
0.08062,2,0,DONE,4194304,4194304,4194304,10035354119,-1,0
0.08062,3,0,DONE,4194304,4194304,4194304,7472990551,-1,0
0.08064,0,0,INJECTING,732261799,732261799,5027229095,317046480964,-1,0
0.08064,1,0,DONE,4194304,4194304,4194304,28270287849,-1,0
0.08064,2,0,DONE,4194304,4194304,4194304,10035354119,-1,0
0.08064,3,0,DONE,4194304,4194304,4194304,7472990551,-1,0
0.08066,0,0,INJECTING,732261799,732261799,5027229095,317046480964,-1,0
0.08066,1,0,DONE,4194304,4194304,4194304,28270287849,-1,0
0.08066,2,0,DONE,4194304,4194304,4194304,10035354119,-1,0
0.08066,3,0,DONE,4194304,4194304,4194304,7472990551,-1,0
0.08068,0,0,INJECTING,732261799,732261799,5027229095,317046480964,-1,0
0.08068,1,0,DONE,4194304,4194304,4194304,28270287849,-1,0
0.08068,2,0,DONE,4194304,4194304,4194304,10035354119,-1,0
0.08068,3,0,DONE,4194304,4194304,4194304,7472990551,-1,0
0.0807,0,0,INJECTING,732261799,732261799,5027229095,317046480964,-1,0
0.0807,1,0,DONE,4194304,4194304,4194304,28270287849,-1,0
0.0807,2,0,DONE,4194304,4194304,4194304,10035354119,-1,0
0.0807,3,0,DONE,4194304,4194304,4194304,7472990551,-1,0
0.08072,0,0,INJECTING,732261799,732261799,5027229095,317046480964,-1,0
0.08072,1,0,DONE,4194304,4194304,4194304,28270287849,-1,0
0.08072,2,0,DONE,4194304,4194304,4194304,10035354119,-1,0
0.08072,3,0,DONE,4194304,4194304,4194304,7472990551,-1,0
0.08074,0,0,INJECTING,732261799,732261799,5027229095,317046480964,-1,0
0.08074,1,0,DONE,4194304,4194304,4194304,28270287849,-1,0
0.08074,2,0,DONE,4194304,4194304,4194304,10035354119,-1,0
0.08074,3,0,DONE,4194304,4194304,4194304,7472990551,-1,0
0.08076,0,0,INJECTING,732261799,732261799,5027229095,317046480964,-1,0
0.08076,1,0,DONE,4194304,4194304,4194304,28270287849,-1,0
0.08076,2,0,DONE,4194304,4194304,4194304,10035354119,-1,0
0.08076,3,0,DONE,4194304,4194304,4194304,7472990551,-1,0
0.08078,0,0,INJECTING,732261799,732261799,5027229095,317046480964,-1,0
0.08078,1,0,DONE,4194304,4194304,4194304,28270287849,-1,0
0.08078,2,0,DONE,4194304,4194304,4194304,10035354119,-1,0
0.08078,3,0,DONE,4194304,4194304,4194304,7472990551,-1,0
0.0808,0,0,INJECTING,732261799,732261799,5027229095,317046480964,-1,0
0.0808,1,0,DONE,4194304,4194304,4194304,28270287849,-1,0
0.0808,2,0,DONE,4194304,4194304,4194304,10035354119,-1,0
0.0808,3,0,DONE,4194304,4194304,4194304,7472990551,-1,0
0.08082,0,0,INJECTING,732261799,732261799,5027229095,317046480964,-1,0
0.08082,1,0,DONE,4194304,4194304,4194304,28270287849,-1,0
0.08082,2,0,DONE,4194304,4194304,4194304,10035354119,-1,0
0.08082,3,0,DONE,4194304,4194304,4194304,7472990551,-1,0
0.08084,0,0,INJECTING,732261799,732261799,5027229095,317046480964,-1,0
0.08084,1,0,DONE,4194304,4194304,4194304,28270287849,-1,0
0.08084,2,0,DONE,4194304,4194304,4194304,10035354119,-1,0
0.08084,3,0,DONE,4194304,4194304,4194304,7472990551,-1,0
0.08086,0,0,INJECTING,732261799,732261799,5027229095,317046480964,-1,0
0.08086,1,0,DONE,4194304,4194304,4194304,28270287849,-1,0
0.08086,2,0,DONE,4194304,4194304,4194304,10035354119,-1,0
0.08086,3,0,DONE,4194304,4194304,4194304,7472990551,-1,0
0.08088,0,0,INJECTING,732261799,732261799,5027229095,317046480964,-1,0
0.08088,1,0,DONE,4194304,4194304,4194304,28270287849,-1,0
0.08088,2,0,DONE,4194304,4194304,4194304,10035354119,-1,0
0.08088,3,0,DONE,4194304,4194304,4194304,7472990551,-1,0
0.0809,0,0,INJECTING,732261799,732261799,5027229095,317046480964,-1,0
0.0809,1,0,DONE,4194304,4194304,4194304,28270287849,-1,0
0.0809,2,0,DONE,4194304,4194304,4194304,10035354119,-1,0
0.0809,3,0,DONE,4194304,4194304,4194304,7472990551,-1,0
0.08092,0,0,INJECTING,732261799,732261799,5027229095,317046480964,-1,0
0.08092,1,0,DONE,4194304,4194304,4194304,28270287849,-1,0
0.08092,2,0,DONE,4194304,4194304,4194304,10035354119,-1,0
0.08092,3,0,DONE,4194304,4194304,4194304,7472990551,-1,0
0.08094,0,0,INJECTING,732261799,732261799,5027229095,317046480964,-1,0
0.08094,1,0,DONE,4194304,4194304,4194304,28270287849,-1,0
0.08094,2,0,DONE,4194304,4194304,4194304,10035354119,-1,0
0.08094,3,0,DONE,4194304,4194304,4194304,7472990551,-1,0
0.08096,0,0,INJECTING,732261799,732261799,5027229095,317046480964,-1,0
0.08096,1,0,DONE,4194304,4194304,4194304,28270287849,-1,0
0.08096,2,0,DONE,4194304,4194304,4194304,10035354119,-1,0
0.08096,3,0,DONE,4194304,4194304,4194304,7472990551,-1,0
0.08098,0,0,INJECTING,732261799,732261799,5027229095,317046480964,-1,0
0.08098,1,0,DONE,4194304,4194304,4194304,28270287849,-1,0
0.08098,2,0,DONE,4194304,4194304,4194304,10035354119,-1,0
0.08098,3,0,DONE,4194304,4194304,4194304,7472990551,-1,0
0.081,0,0,INJECTING,732261799,732261799,5027229095,317046480964,-1,0
0.081,1,0,DONE,4194304,4194304,4194304,28270287849,-1,0
0.081,2,0,DONE,4194304,4194304,4194304,10035354119,-1,0
0.081,3,0,DONE,4194304,4194304,4194304,7472990551,-1,0
0.08102,0,0,INJECTING,732261799,732261799,5027229095,317046480964,-1,0
0.08102,1,0,DONE,4194304,4194304,4194304,28270287849,-1,0
0.08102,2,0,DONE,4194304,4194304,4194304,10035354119,-1,0
0.08102,3,0,DONE,4194304,4194304,4194304,7472990551,-1,0
0.08104,0,0,INJECTING,732261799,732261799,5027229095,317046480964,-1,0
0.08104,1,0,DONE,4194304,4194304,4194304,28270287849,-1,0
0.08104,2,0,DONE,4194304,4194304,4194304,10035354119,-1,0
0.08104,3,0,DONE,4194304,4194304,4194304,7472990551,-1,0
0.08106,0,0,INJECTING,732261799,732261799,5027229095,317046480964,-1,0
0.08106,1,0,DONE,4194304,4194304,4194304,28270287849,-1,0
0.08106,2,0,DONE,4194304,4194304,4194304,10035354119,-1,0
0.08106,3,0,DONE,4194304,4194304,4194304,7472990551,-1,0
0.08108,0,0,INJECTING,732261799,732261799,5027229095,317046480964,-1,0
0.08108,1,0,DONE,4194304,4194304,4194304,28270287849,-1,0
0.08108,2,0,DONE,4194304,4194304,4194304,10035354119,-1,0
0.08108,3,0,DONE,4194304,4194304,4194304,7472990551,-1,0
0.0811,0,0,INJECTING,732261799,732261799,5027229095,317046480964,-1,0
0.0811,1,0,DONE,4194304,4194304,4194304,28270287849,-1,0
0.0811,2,0,DONE,4194304,4194304,4194304,10035354119,-1,0
0.0811,3,0,DONE,4194304,4194304,4194304,7472990551,-1,0
0.08112,0,0,INJECTING,732261799,732261799,5027229095,317046480964,-1,0
0.08112,1,0,DONE,4194304,4194304,4194304,28270287849,-1,0
0.08112,2,0,DONE,4194304,4194304,4194304,10035354119,-1,0
0.08112,3,0,DONE,4194304,4194304,4194304,7472990551,-1,0
0.08114,0,0,INJECTING,732261799,732261799,5027229095,317046480964,-1,0
0.08114,1,0,DONE,4194304,4194304,4194304,28270287849,-1,0
0.08114,2,0,DONE,4194304,4194304,4194304,10035354119,-1,0
0.08114,3,0,DONE,4194304,4194304,4194304,7472990551,-1,0
0.08116,0,0,INJECTING,732261799,732261799,5027229095,317046480964,-1,0
0.08116,1,0,DONE,4194304,4194304,4194304,28270287849,-1,0
0.08116,2,0,DONE,4194304,4194304,4194304,10035354119,-1,0
0.08116,3,0,DONE,4194304,4194304,4194304,7472990551,-1,0
0.08118,0,0,INJECTING,732261799,732261799,5027229095,317046480964,-1,0
0.08118,1,0,DONE,4194304,4194304,4194304,28270287849,-1,0
0.08118,2,0,DONE,4194304,4194304,4194304,10035354119,-1,0
0.08118,3,0,DONE,4194304,4194304,4194304,7472990551,-1,0
0.0812,0,0,INJECTING,732261799,732261799,5027229095,317046480964,-1,0
0.0812,1,0,DONE,4194304,4194304,4194304,28270287849,-1,0
0.0812,2,0,DONE,4194304,4194304,4194304,10035354119,-1,0
0.0812,3,0,DONE,4194304,4194304,4194304,7472990551,-1,0
0.08122,0,0,INJECTING,732261799,732261799,5027229095,317046480964,-1,0
0.08122,1,0,DONE,4194304,4194304,4194304,28270287849,-1,0
0.08122,2,0,DONE,4194304,4194304,4194304,10035354119,-1,0
0.08122,3,0,DONE,4194304,4194304,4194304,7472990551,-1,0
0.08124,0,0,INJECTING,732261799,732261799,5027229095,317046480964,-1,0
0.08124,1,0,DONE,4194304,4194304,4194304,28270287849,-1,0
0.08124,2,0,DONE,4194304,4194304,4194304,10035354119,-1,0
0.08124,3,0,DONE,4194304,4194304,4194304,7472990551,-1,0
0.08126,0,0,INJECTING,732261799,732261799,5027229095,317046480964,-1,0
0.08126,1,0,DONE,4194304,4194304,4194304,28270287849,-1,0
0.08126,2,0,DONE,4194304,4194304,4194304,10035354119,-1,0
0.08126,3,0,DONE,4194304,4194304,4194304,7472990551,-1,0
0.08128,0,0,INJECTING,732261799,732261799,5027229095,317046480964,-1,0
0.08128,1,0,DONE,4194304,4194304,4194304,28270287849,-1,0
0.08128,2,0,DONE,4194304,4194304,4194304,10035354119,-1,0
0.08128,3,0,DONE,4194304,4194304,4194304,7472990551,-1,0
0.0813,0,0,INJECTING,732261799,732261799,5027229095,317046480964,-1,0
0.0813,1,0,DONE,4194304,4194304,4194304,28270287849,-1,0
0.0813,2,0,DONE,4194304,4194304,4194304,10035354119,-1,0
0.0813,3,0,DONE,4194304,4194304,4194304,7472990551,-1,0
0.08132,0,0,INJECTING,732261799,732261799,5027229095,317046480964,-1,0
0.08132,1,0,DONE,4194304,4194304,4194304,28270287849,-1,0
0.08132,2,0,DONE,4194304,4194304,4194304,10035354119,-1,0
0.08132,3,0,DONE,4194304,4194304,4194304,7472990551,-1,0
0.08134,0,0,INJECTING,732261799,732261799,5027229095,317046480964,-1,0
0.08134,1,0,DONE,4194304,4194304,4194304,28270287849,-1,0
0.08134,2,0,DONE,4194304,4194304,4194304,10035354119,-1,0
0.08134,3,0,DONE,4194304,4194304,4194304,7472990551,-1,0
0.08136,0,0,INJECTING,732261799,732261799,5027229095,317046480964,-1,0
0.08136,1,0,DONE,4194304,4194304,4194304,28270287849,-1,0
0.08136,2,0,DONE,4194304,4194304,4194304,10035354119,-1,0
0.08136,3,0,DONE,4194304,4194304,4194304,7472990551,-1,0
0.08138,0,0,INJECTING,732261799,732261799,5027229095,317046480964,-1,0
0.08138,1,0,DONE,4194304,4194304,4194304,28270287849,-1,0
0.08138,2,0,DONE,4194304,4194304,4194304,10035354119,-1,0
0.08138,3,0,DONE,4194304,4194304,4194304,7472990551,-1,0
0.0814,0,0,INJECTING,732261799,732261799,5027229095,317046480964,-1,0
0.0814,1,0,DONE,4194304,4194304,4194304,28270287849,-1,0
0.0814,2,0,DONE,4194304,4194304,4194304,10035354119,-1,0
0.0814,3,0,DONE,4194304,4194304,4194304,7472990551,-1,0
0.08142,0,0,INJECTING,732261799,732261799,5027229095,317046480964,-1,0
0.08142,1,0,DONE,4194304,4194304,4194304,28270287849,-1,0
0.08142,2,0,DONE,4194304,4194304,4194304,10035354119,-1,0
0.08142,3,0,DONE,4194304,4194304,4194304,7472990551,-1,0
0.08144,0,0,INJECTING,732261799,732261799,5027229095,317046480964,-1,0
0.08144,1,0,DONE,4194304,4194304,4194304,28270287849,-1,0
0.08144,2,0,DONE,4194304,4194304,4194304,10035354119,-1,0
0.08144,3,0,DONE,4194304,4194304,4194304,7472990551,-1,0
0.08146,0,0,INJECTING,732261799,732261799,5027229095,317046480964,-1,0
0.08146,1,0,DONE,4194304,4194304,4194304,28270287849,-1,0
0.08146,2,0,DONE,4194304,4194304,4194304,10035354119,-1,0
0.08146,3,0,DONE,4194304,4194304,4194304,7472990551,-1,0
0.08148,0,0,INJECTING,732261799,732261799,5027229095,317046480964,-1,0
0.08148,1,0,DONE,4194304,4194304,4194304,28270287849,-1,0
0.08148,2,0,DONE,4194304,4194304,4194304,10035354119,-1,0
0.08148,3,0,DONE,4194304,4194304,4194304,7472990551,-1,0
0.0815,0,0,INJECTING,732261799,732261799,5027229095,317046480964,-1,0
0.0815,1,0,DONE,4194304,4194304,4194304,28270287849,-1,0
0.0815,2,0,DONE,4194304,4194304,4194304,10035354119,-1,0
0.0815,3,0,DONE,4194304,4194304,4194304,7472990551,-1,0
0.08152,0,0,INJECTING,732261799,732261799,5027229095,317046480964,-1,0
0.08152,1,0,DONE,4194304,4194304,4194304,28270287849,-1,0
0.08152,2,0,DONE,4194304,4194304,4194304,10035354119,-1,0
0.08152,3,0,DONE,4194304,4194304,4194304,7472990551,-1,0
0.08154,0,0,INJECTING,732261799,732261799,5027229095,317046480964,-1,0
0.08154,1,0,DONE,4194304,4194304,4194304,28270287849,-1,0
0.08154,2,0,DONE,4194304,4194304,4194304,10035354119,-1,0
0.08154,3,0,DONE,4194304,4194304,4194304,7472990551,-1,0
0.08156,0,0,INJECTING,732261799,732261799,5027229095,317046480964,-1,0
0.08156,1,0,DONE,4194304,4194304,4194304,28270287849,-1,0
0.08156,2,0,DONE,4194304,4194304,4194304,10035354119,-1,0
0.08156,3,0,DONE,4194304,4194304,4194304,7472990551,-1,0
0.08158,0,0,INJECTING,732261799,732261799,5027229095,317046480964,-1,0
0.08158,1,0,DONE,4194304,4194304,4194304,28270287849,-1,0
0.08158,2,0,DONE,4194304,4194304,4194304,10035354119,-1,0
0.08158,3,0,DONE,4194304,4194304,4194304,7472990551,-1,0
0.0816,0,0,INJECTING,732261799,732261799,5027229095,317046480964,-1,0
0.0816,1,0,DONE,4194304,4194304,4194304,28270287849,-1,0
0.0816,2,0,DONE,4194304,4194304,4194304,10035354119,-1,0
0.0816,3,0,DONE,4194304,4194304,4194304,7472990551,-1,0
0.08162,0,0,INJECTING,732261799,732261799,5027229095,317046480964,-1,0
0.08162,1,0,DONE,4194304,4194304,4194304,28270287849,-1,0
0.08162,2,0,DONE,4194304,4194304,4194304,10035354119,-1,0
0.08162,3,0,DONE,4194304,4194304,4194304,7472990551,-1,0
0.08164,0,0,INJECTING,732261799,732261799,5027229095,317046480964,-1,0
0.08164,1,0,DONE,4194304,4194304,4194304,28270287849,-1,0
0.08164,2,0,DONE,4194304,4194304,4194304,10035354119,-1,0
0.08164,3,0,DONE,4194304,4194304,4194304,7472990551,-1,0
0.08166,0,0,INJECTING,732261799,732261799,5027229095,317046480964,-1,0
0.08166,1,0,DONE,4194304,4194304,4194304,28270287849,-1,0
0.08166,2,0,DONE,4194304,4194304,4194304,10035354119,-1,0
0.08166,3,0,DONE,4194304,4194304,4194304,7472990551,-1,0
0.08168,0,0,INJECTING,732261799,732261799,5027229095,317046480964,-1,0
0.08168,1,0,DONE,4194304,4194304,4194304,28270287849,-1,0
0.08168,2,0,DONE,4194304,4194304,4194304,10035354119,-1,0
0.08168,3,0,DONE,4194304,4194304,4194304,7472990551,-1,0
0.0817,0,0,INJECTING,732261799,732261799,5027229095,317046480964,-1,0
0.0817,1,0,DONE,4194304,4194304,4194304,28270287849,-1,0
0.0817,2,0,DONE,4194304,4194304,4194304,10035354119,-1,0
0.0817,3,0,DONE,4194304,4194304,4194304,7472990551,-1,0
0.08172,0,0,INJECTING,732261799,732261799,5027229095,317046480964,-1,0
0.08172,1,0,DONE,4194304,4194304,4194304,28270287849,-1,0
0.08172,2,0,DONE,4194304,4194304,4194304,10035354119,-1,0
0.08172,3,0,DONE,4194304,4194304,4194304,7472990551,-1,0
0.08174,0,0,INJECTING,732261799,732261799,5027229095,317046480964,-1,0
0.08174,1,0,DONE,4194304,4194304,4194304,28270287849,-1,0
0.08174,2,0,DONE,4194304,4194304,4194304,10035354119,-1,0
0.08174,3,0,DONE,4194304,4194304,4194304,7472990551,-1,0
0.08176,0,0,INJECTING,732261799,732261799,5027229095,317046480964,-1,0
0.08176,1,0,DONE,4194304,4194304,4194304,28270287849,-1,0
0.08176,2,0,DONE,4194304,4194304,4194304,10035354119,-1,0
0.08176,3,0,DONE,4194304,4194304,4194304,7472990551,-1,0
0.08178,0,0,INJECTING,732261799,732261799,5027229095,317046480964,-1,0
0.08178,1,0,DONE,4194304,4194304,4194304,28270287849,-1,0
0.08178,2,0,DONE,4194304,4194304,4194304,10035354119,-1,0
0.08178,3,0,DONE,4194304,4194304,4194304,7472990551,-1,0
0.0818,0,0,INJECTING,732261799,732261799,5027229095,317046480964,-1,0
0.0818,1,0,DONE,4194304,4194304,4194304,28270287849,-1,0
0.0818,2,0,DONE,4194304,4194304,4194304,10035354119,-1,0
0.0818,3,0,DONE,4194304,4194304,4194304,7472990551,-1,0
0.08182,0,0,INJECTING,732261799,732261799,5027229095,317046480964,-1,0
0.08182,1,0,DONE,4194304,4194304,4194304,28270287849,-1,0
0.08182,2,0,DONE,4194304,4194304,4194304,10035354119,-1,0
0.08182,3,0,DONE,4194304,4194304,4194304,7472990551,-1,0
0.08184,0,0,INJECTING,732261799,732261799,5027229095,317046480964,-1,0
0.08184,1,0,DONE,4194304,4194304,4194304,28270287849,-1,0
0.08184,2,0,DONE,4194304,4194304,4194304,10035354119,-1,0
0.08184,3,0,DONE,4194304,4194304,4194304,7472990551,-1,0
0.08186,0,0,INJECTING,732261799,732261799,5027229095,317046480964,-1,0
0.08186,1,0,DONE,4194304,4194304,4194304,28270287849,-1,0
0.08186,2,0,DONE,4194304,4194304,4194304,10035354119,-1,0
0.08186,3,0,DONE,4194304,4194304,4194304,7472990551,-1,0
0.08188,0,0,INJECTING,732261799,732261799,5027229095,317046480964,-1,0
0.08188,1,0,DONE,4194304,4194304,4194304,28270287849,-1,0
0.08188,2,0,DONE,4194304,4194304,4194304,10035354119,-1,0
0.08188,3,0,DONE,4194304,4194304,4194304,7472990551,-1,0
0.0819,0,0,INJECTING,732261799,732261799,5027229095,317046480964,-1,0
0.0819,1,0,DONE,4194304,4194304,4194304,28270287849,-1,0
0.0819,2,0,DONE,4194304,4194304,4194304,10035354119,-1,0
0.0819,3,0,DONE,4194304,4194304,4194304,7472990551,-1,0
0.08192,0,0,INJECTING,732261799,732261799,5027229095,317046480964,-1,0
0.08192,1,0,DONE,4194304,4194304,4194304,28270287849,-1,0
0.08192,2,0,DONE,4194304,4194304,4194304,10035354119,-1,0
0.08192,3,0,DONE,4194304,4194304,4194304,7472990551,-1,0
0.08194,0,0,INJECTING,732261799,732261799,5027229095,317046480964,-1,0
0.08194,1,0,DONE,4194304,4194304,4194304,28270287849,-1,0
0.08194,2,0,DONE,4194304,4194304,4194304,10035354119,-1,0
0.08194,3,0,DONE,4194304,4194304,4194304,7472990551,-1,0
0.08196,0,0,INJECTING,732261799,732261799,5027229095,317046480964,-1,0
0.08196,1,0,DONE,4194304,4194304,4194304,28270287849,-1,0
0.08196,2,0,DONE,4194304,4194304,4194304,10035354119,-1,0
0.08196,3,0,DONE,4194304,4194304,4194304,7472990551,-1,0
0.08198,0,0,INJECTING,732261799,732261799,5027229095,317046480964,-1,0
0.08198,1,0,DONE,4194304,4194304,4194304,28270287849,-1,0
0.08198,2,0,DONE,4194304,4194304,4194304,10035354119,-1,0
0.08198,3,0,DONE,4194304,4194304,4194304,7472990551,-1,0
0.082,0,0,INJECTING,732261799,732261799,5027229095,317046480964,-1,0
0.082,1,0,DONE,4194304,4194304,4194304,28270287849,-1,0
0.082,2,0,DONE,4194304,4194304,4194304,10035354119,-1,0
0.082,3,0,DONE,4194304,4194304,4194304,7472990551,-1,0
0.08202,0,0,INJECTING,732261799,732261799,5027229095,317046480964,-1,0
0.08202,1,0,DONE,4194304,4194304,4194304,28270287849,-1,0
0.08202,2,0,DONE,4194304,4194304,4194304,10035354119,-1,0
0.08202,3,0,DONE,4194304,4194304,4194304,7472990551,-1,0
0.08204,0,0,INJECTING,732261799,732261799,5027229095,317046480964,-1,0
0.08204,1,0,DONE,4194304,4194304,4194304,28270287849,-1,0
0.08204,2,0,DONE,4194304,4194304,4194304,10035354119,-1,0
0.08204,3,0,DONE,4194304,4194304,4194304,7472990551,-1,0
0.08206,0,0,INJECTING,732261799,732261799,5027229095,317046480964,-1,0
0.08206,1,0,DONE,4194304,4194304,4194304,28270287849,-1,0
0.08206,2,0,DONE,4194304,4194304,4194304,10035354119,-1,0
0.08206,3,0,DONE,4194304,4194304,4194304,7472990551,-1,0
0.08208,0,0,INJECTING,732261799,732261799,5027229095,317046480964,-1,0
0.08208,1,0,DONE,4194304,4194304,4194304,28270287849,-1,0
0.08208,2,0,DONE,4194304,4194304,4194304,10035354119,-1,0
0.08208,3,0,DONE,4194304,4194304,4194304,7472990551,-1,0
0.0821,0,0,INJECTING,732261799,732261799,5027229095,317046480964,-1,0
0.0821,1,0,DONE,4194304,4194304,4194304,28270287849,-1,0
0.0821,2,0,DONE,4194304,4194304,4194304,10035354119,-1,0
0.0821,3,0,DONE,4194304,4194304,4194304,7472990551,-1,0
0.08212,0,0,INJECTING,732261799,732261799,5027229095,317046480964,-1,0
0.08212,1,0,DONE,4194304,4194304,4194304,28270287849,-1,0
0.08212,2,0,DONE,4194304,4194304,4194304,10035354119,-1,0
0.08212,3,0,DONE,4194304,4194304,4194304,7472990551,-1,0
0.08214,0,0,INJECTING,732261799,732261799,5027229095,317046480964,-1,0
0.08214,1,0,DONE,4194304,4194304,4194304,28270287849,-1,0
0.08214,2,0,DONE,4194304,4194304,4194304,10035354119,-1,0
0.08214,3,0,DONE,4194304,4194304,4194304,7472990551,-1,0
0.08216,0,0,INJECTING,732261799,732261799,5027229095,317046480964,-1,0
0.08216,1,0,DONE,4194304,4194304,4194304,28270287849,-1,0
0.08216,2,0,DONE,4194304,4194304,4194304,10035354119,-1,0
0.08216,3,0,DONE,4194304,4194304,4194304,7472990551,-1,0
0.08218,0,0,INJECTING,732261799,732261799,5027229095,317046480964,-1,0
0.08218,1,0,DONE,4194304,4194304,4194304,28270287849,-1,0
0.08218,2,0,DONE,4194304,4194304,4194304,10035354119,-1,0
0.08218,3,0,DONE,4194304,4194304,4194304,7472990551,-1,0
0.0822,0,0,INJECTING,732261799,732261799,5027229095,317046480964,-1,0
0.0822,1,0,DONE,4194304,4194304,4194304,28270287849,-1,0
0.0822,2,0,DONE,4194304,4194304,4194304,10035354119,-1,0
0.0822,3,0,DONE,4194304,4194304,4194304,7472990551,-1,0
0.08222,0,0,INJECTING,732261799,732261799,5027229095,317046480964,-1,0
0.08222,1,0,DONE,4194304,4194304,4194304,28270287849,-1,0
0.08222,2,0,DONE,4194304,4194304,4194304,10035354119,-1,0
0.08222,3,0,DONE,4194304,4194304,4194304,7472990551,-1,0
0.08224,0,0,INJECTING,732261799,732261799,5027229095,317046480964,-1,0
0.08224,1,0,DONE,4194304,4194304,4194304,28270287849,-1,0
0.08224,2,0,DONE,4194304,4194304,4194304,10035354119,-1,0
0.08224,3,0,DONE,4194304,4194304,4194304,7472990551,-1,0
0.08226,0,0,INJECTING,732261799,732261799,5027229095,317046480964,-1,0
0.08226,1,0,DONE,4194304,4194304,4194304,28270287849,-1,0
0.08226,2,0,DONE,4194304,4194304,4194304,10035354119,-1,0
0.08226,3,0,DONE,4194304,4194304,4194304,7472990551,-1,0
0.08228,0,0,INJECTING,732261799,732261799,5027229095,317046480964,-1,0
0.08228,1,0,DONE,4194304,4194304,4194304,28270287849,-1,0
0.08228,2,0,DONE,4194304,4194304,4194304,10035354119,-1,0
0.08228,3,0,DONE,4194304,4194304,4194304,7472990551,-1,0
0.0823,0,0,INJECTING,732261799,732261799,5027229095,317046480964,-1,0
0.0823,1,0,DONE,4194304,4194304,4194304,28270287849,-1,0
0.0823,2,0,DONE,4194304,4194304,4194304,10035354119,-1,0
0.0823,3,0,DONE,4194304,4194304,4194304,7472990551,-1,0
0.08232,0,0,INJECTING,732261799,732261799,5027229095,317046480964,-1,0
0.08232,1,0,DONE,4194304,4194304,4194304,28270287849,-1,0
0.08232,2,0,DONE,4194304,4194304,4194304,10035354119,-1,0
0.08232,3,0,DONE,4194304,4194304,4194304,7472990551,-1,0
0.08234,0,0,INJECTING,732261799,732261799,5027229095,317046480964,-1,0
0.08234,1,0,DONE,4194304,4194304,4194304,28270287849,-1,0
0.08234,2,0,DONE,4194304,4194304,4194304,10035354119,-1,0
0.08234,3,0,DONE,4194304,4194304,4194304,7472990551,-1,0
0.08236,0,0,INJECTING,732261799,732261799,5027229095,317046480964,-1,0
0.08236,1,0,DONE,4194304,4194304,4194304,28270287849,-1,0
0.08236,2,0,DONE,4194304,4194304,4194304,10035354119,-1,0
0.08236,3,0,DONE,4194304,4194304,4194304,7472990551,-1,0
0.08238,0,0,INJECTING,732261799,732261799,5027229095,317046480964,-1,0
0.08238,1,0,DONE,4194304,4194304,4194304,28270287849,-1,0
0.08238,2,0,DONE,4194304,4194304,4194304,10035354119,-1,0
0.08238,3,0,DONE,4194304,4194304,4194304,7472990551,-1,0
0.0824,0,0,INJECTING,732261799,732261799,5027229095,317046480964,-1,0
0.0824,1,0,DONE,4194304,4194304,4194304,28270287849,-1,0
0.0824,2,0,DONE,4194304,4194304,4194304,10035354119,-1,0
0.0824,3,0,DONE,4194304,4194304,4194304,7472990551,-1,0
0.08242,0,0,INJECTING,732261799,732261799,5027229095,317046480964,-1,0
0.08242,1,0,DONE,4194304,4194304,4194304,28270287849,-1,0
0.08242,2,0,DONE,4194304,4194304,4194304,10035354119,-1,0
0.08242,3,0,DONE,4194304,4194304,4194304,7472990551,-1,0
0.08244,0,0,INJECTING,732261799,732261799,5027229095,317046480964,-1,0
0.08244,1,0,DONE,4194304,4194304,4194304,28270287849,-1,0
0.08244,2,0,DONE,4194304,4194304,4194304,10035354119,-1,0
0.08244,3,0,DONE,4194304,4194304,4194304,7472990551,-1,0
0.08246,0,0,INJECTING,732261799,732261799,5027229095,317046480964,-1,0
0.08246,1,0,DONE,4194304,4194304,4194304,28270287849,-1,0
0.08246,2,0,DONE,4194304,4194304,4194304,10035354119,-1,0
0.08246,3,0,DONE,4194304,4194304,4194304,7472990551,-1,0
0.08248,0,0,INJECTING,732261799,732261799,5027229095,317046480964,-1,0
0.08248,1,0,DONE,4194304,4194304,4194304,28270287849,-1,0
0.08248,2,0,DONE,4194304,4194304,4194304,10035354119,-1,0
0.08248,3,0,DONE,4194304,4194304,4194304,7472990551,-1,0
0.0825,0,0,INJECTING,732261799,732261799,5027229095,317046480964,-1,0
0.0825,1,0,DONE,4194304,4194304,4194304,28270287849,-1,0
0.0825,2,0,DONE,4194304,4194304,4194304,10035354119,-1,0
0.0825,3,0,DONE,4194304,4194304,4194304,7472990551,-1,0
0.08252,0,0,INJECTING,732261799,732261799,5027229095,317046480964,-1,0
0.08252,1,0,DONE,4194304,4194304,4194304,28270287849,-1,0
0.08252,2,0,DONE,4194304,4194304,4194304,10035354119,-1,0
0.08252,3,0,DONE,4194304,4194304,4194304,7472990551,-1,0
0.08254,0,0,INJECTING,732261799,732261799,5027229095,317046480964,-1,0
0.08254,1,0,DONE,4194304,4194304,4194304,28270287849,-1,0
0.08254,2,0,DONE,4194304,4194304,4194304,10035354119,-1,0
0.08254,3,0,DONE,4194304,4194304,4194304,7472990551,-1,0
0.08256,0,0,INJECTING,732261799,732261799,5027229095,317046480964,-1,0
0.08256,1,0,DONE,4194304,4194304,4194304,28270287849,-1,0
0.08256,2,0,DONE,4194304,4194304,4194304,10035354119,-1,0
0.08256,3,0,DONE,4194304,4194304,4194304,7472990551,-1,0
0.08258,0,0,INJECTING,732261799,732261799,5027229095,317046480964,-1,0
0.08258,1,0,DONE,4194304,4194304,4194304,28270287849,-1,0
0.08258,2,0,DONE,4194304,4194304,4194304,10035354119,-1,0
0.08258,3,0,DONE,4194304,4194304,4194304,7472990551,-1,0
0.0826,0,0,INJECTING,732261799,732261799,5027229095,317046480964,-1,0
0.0826,1,0,DONE,4194304,4194304,4194304,28270287849,-1,0
0.0826,2,0,DONE,4194304,4194304,4194304,10035354119,-1,0
0.0826,3,0,DONE,4194304,4194304,4194304,7472990551,-1,0
0.08262,0,0,INJECTING,732261799,732261799,5027229095,317046480964,-1,0
0.08262,1,0,DONE,4194304,4194304,4194304,28270287849,-1,0
0.08262,2,0,DONE,4194304,4194304,4194304,10035354119,-1,0
0.08262,3,0,DONE,4194304,4194304,4194304,7472990551,-1,0
0.08264,0,0,INJECTING,732261799,732261799,5027229095,317046480964,-1,0
0.08264,1,0,DONE,4194304,4194304,4194304,28270287849,-1,0
0.08264,2,0,DONE,4194304,4194304,4194304,10035354119,-1,0
0.08264,3,0,DONE,4194304,4194304,4194304,7472990551,-1,0
0.08266,0,0,INJECTING,732261799,732261799,5027229095,317046480964,-1,0
0.08266,1,0,DONE,4194304,4194304,4194304,28270287849,-1,0
0.08266,2,0,DONE,4194304,4194304,4194304,10035354119,-1,0
0.08266,3,0,DONE,4194304,4194304,4194304,7472990551,-1,0
0.08268,0,0,INJECTING,732261799,732261799,5027229095,317046480964,-1,0
0.08268,1,0,DONE,4194304,4194304,4194304,28270287849,-1,0
0.08268,2,0,DONE,4194304,4194304,4194304,10035354119,-1,0
0.08268,3,0,DONE,4194304,4194304,4194304,7472990551,-1,0
0.0827,0,0,INJECTING,732261799,732261799,5027229095,317046480964,-1,0
0.0827,1,0,DONE,4194304,4194304,4194304,28270287849,-1,0
0.0827,2,0,DONE,4194304,4194304,4194304,10035354119,-1,0
0.0827,3,0,DONE,4194304,4194304,4194304,7472990551,-1,0
0.08272,0,0,INJECTING,732261799,732261799,5027229095,317046480964,-1,0
0.08272,1,0,DONE,4194304,4194304,4194304,28270287849,-1,0
0.08272,2,0,DONE,4194304,4194304,4194304,10035354119,-1,0
0.08272,3,0,DONE,4194304,4194304,4194304,7472990551,-1,0
0.08274,0,0,INJECTING,732261799,732261799,5027229095,317046480964,-1,0
0.08274,1,0,DONE,4194304,4194304,4194304,28270287849,-1,0
0.08274,2,0,DONE,4194304,4194304,4194304,10035354119,-1,0
0.08274,3,0,DONE,4194304,4194304,4194304,7472990551,-1,0
0.08276,0,0,INJECTING,732261799,732261799,5027229095,317046480964,-1,0
0.08276,1,0,DONE,4194304,4194304,4194304,28270287849,-1,0
0.08276,2,0,DONE,4194304,4194304,4194304,10035354119,-1,0
0.08276,3,0,DONE,4194304,4194304,4194304,7472990551,-1,0
0.08278,0,0,INJECTING,732261799,732261799,5027229095,317046480964,-1,0
0.08278,1,0,DONE,4194304,4194304,4194304,28270287849,-1,0
0.08278,2,0,DONE,4194304,4194304,4194304,10035354119,-1,0
0.08278,3,0,DONE,4194304,4194304,4194304,7472990551,-1,0
0.0828,0,0,INJECTING,732261799,732261799,5027229095,317046480964,-1,0
0.0828,1,0,DONE,4194304,4194304,4194304,28270287849,-1,0
0.0828,2,0,DONE,4194304,4194304,4194304,10035354119,-1,0
0.0828,3,0,DONE,4194304,4194304,4194304,7472990551,-1,0
0.08282,0,0,INJECTING,732261799,732261799,5027229095,317046480964,-1,0
0.08282,1,0,DONE,4194304,4194304,4194304,28270287849,-1,0
0.08282,2,0,DONE,4194304,4194304,4194304,10035354119,-1,0
0.08282,3,0,DONE,4194304,4194304,4194304,7472990551,-1,0
0.08284,0,0,INJECTING,732261799,732261799,5027229095,317046480964,-1,0
0.08284,1,0,DONE,4194304,4194304,4194304,28270287849,-1,0
0.08284,2,0,DONE,4194304,4194304,4194304,10035354119,-1,0
0.08284,3,0,DONE,4194304,4194304,4194304,7472990551,-1,0
0.08286,0,0,INJECTING,732261799,732261799,5027229095,317046480964,-1,0
0.08286,1,0,DONE,4194304,4194304,4194304,28270287849,-1,0
0.08286,2,0,DONE,4194304,4194304,4194304,10035354119,-1,0
0.08286,3,0,DONE,4194304,4194304,4194304,7472990551,-1,0
0.08288,0,0,INJECTING,732261799,732261799,5027229095,317046480964,-1,0
0.08288,1,0,DONE,4194304,4194304,4194304,28270287849,-1,0
0.08288,2,0,DONE,4194304,4194304,4194304,10035354119,-1,0
0.08288,3,0,DONE,4194304,4194304,4194304,7472990551,-1,0
0.0829,0,0,INJECTING,732261799,732261799,5027229095,317046480964,-1,0
0.0829,1,0,DONE,4194304,4194304,4194304,28270287849,-1,0
0.0829,2,0,DONE,4194304,4194304,4194304,10035354119,-1,0
0.0829,3,0,DONE,4194304,4194304,4194304,7472990551,-1,0
0.08292,0,0,INJECTING,732261799,732261799,5027229095,317046480964,-1,0
0.08292,1,0,DONE,4194304,4194304,4194304,28270287849,-1,0
0.08292,2,0,DONE,4194304,4194304,4194304,10035354119,-1,0
0.08292,3,0,DONE,4194304,4194304,4194304,7472990551,-1,0
0.08294,0,0,INJECTING,732261799,732261799,5027229095,317046480964,-1,0
0.08294,1,0,DONE,4194304,4194304,4194304,28270287849,-1,0
0.08294,2,0,DONE,4194304,4194304,4194304,10035354119,-1,0
0.08294,3,0,DONE,4194304,4194304,4194304,7472990551,-1,0
0.08296,0,0,INJECTING,732261799,732261799,5027229095,317046480964,-1,0
0.08296,1,0,DONE,4194304,4194304,4194304,28270287849,-1,0
0.08296,2,0,DONE,4194304,4194304,4194304,10035354119,-1,0
0.08296,3,0,DONE,4194304,4194304,4194304,7472990551,-1,0
0.08298,0,0,INJECTING,732261799,732261799,5027229095,317046480964,-1,0
0.08298,1,0,DONE,4194304,4194304,4194304,28270287849,-1,0
0.08298,2,0,DONE,4194304,4194304,4194304,10035354119,-1,0
0.08298,3,0,DONE,4194304,4194304,4194304,7472990551,-1,0
0.083,0,0,INJECTING,732261799,732261799,5027229095,317046480964,-1,0
0.083,1,0,DONE,4194304,4194304,4194304,28270287849,-1,0
0.083,2,0,DONE,4194304,4194304,4194304,10035354119,-1,0
0.083,3,0,DONE,4194304,4194304,4194304,7472990551,-1,0
0.08302,0,0,INJECTING,732261799,732261799,5027229095,317046480964,-1,0
0.08302,1,0,DONE,4194304,4194304,4194304,28270287849,-1,0
0.08302,2,0,DONE,4194304,4194304,4194304,10035354119,-1,0
0.08302,3,0,DONE,4194304,4194304,4194304,7472990551,-1,0
0.08304,0,0,INJECTING,732261799,732261799,5027229095,317046480964,-1,0
0.08304,1,0,DONE,4194304,4194304,4194304,28270287849,-1,0
0.08304,2,0,DONE,4194304,4194304,4194304,10035354119,-1,0
0.08304,3,0,DONE,4194304,4194304,4194304,7472990551,-1,0
0.08306,0,0,INJECTING,732261799,732261799,5027229095,317046480964,-1,0
0.08306,1,0,DONE,4194304,4194304,4194304,28270287849,-1,0
0.08306,2,0,DONE,4194304,4194304,4194304,10035354119,-1,0
0.08306,3,0,DONE,4194304,4194304,4194304,7472990551,-1,0
0.08308,0,0,INJECTING,732261799,732261799,5027229095,317046480964,-1,0
0.08308,1,0,DONE,4194304,4194304,4194304,28270287849,-1,0
0.08308,2,0,DONE,4194304,4194304,4194304,10035354119,-1,0
0.08308,3,0,DONE,4194304,4194304,4194304,7472990551,-1,0
0.0831,0,0,INJECTING,732261799,732261799,5027229095,317046480964,-1,0
0.0831,1,0,DONE,4194304,4194304,4194304,28270287849,-1,0
0.0831,2,0,DONE,4194304,4194304,4194304,10035354119,-1,0
0.0831,3,0,DONE,4194304,4194304,4194304,7472990551,-1,0
0.08312,0,0,INJECTING,732261799,732261799,5027229095,317046480964,-1,0
0.08312,1,0,DONE,4194304,4194304,4194304,28270287849,-1,0
0.08312,2,0,DONE,4194304,4194304,4194304,10035354119,-1,0
0.08312,3,0,DONE,4194304,4194304,4194304,7472990551,-1,0
0.08314,0,0,INJECTING,732261799,732261799,5027229095,317046480964,-1,0
0.08314,1,0,DONE,4194304,4194304,4194304,28270287849,-1,0
0.08314,2,0,DONE,4194304,4194304,4194304,10035354119,-1,0
0.08314,3,0,DONE,4194304,4194304,4194304,7472990551,-1,0
0.08316,0,0,INJECTING,732261799,732261799,5027229095,317046480964,-1,0
0.08316,1,0,DONE,4194304,4194304,4194304,28270287849,-1,0
0.08316,2,0,DONE,4194304,4194304,4194304,10035354119,-1,0
0.08316,3,0,DONE,4194304,4194304,4194304,7472990551,-1,0
0.08318,0,0,INJECTING,732261799,732261799,5027229095,317046480964,-1,0
0.08318,1,0,DONE,4194304,4194304,4194304,28270287849,-1,0
0.08318,2,0,DONE,4194304,4194304,4194304,10035354119,-1,0
0.08318,3,0,DONE,4194304,4194304,4194304,7472990551,-1,0
0.0832,0,0,INJECTING,732261799,732261799,5027229095,317046480964,-1,0
0.0832,1,0,DONE,4194304,4194304,4194304,28270287849,-1,0
0.0832,2,0,DONE,4194304,4194304,4194304,10035354119,-1,0
0.0832,3,0,DONE,4194304,4194304,4194304,7472990551,-1,0
0.08322,0,0,INJECTING,732261799,732261799,5027229095,317046480964,-1,0
0.08322,1,0,DONE,4194304,4194304,4194304,28270287849,-1,0
0.08322,2,0,DONE,4194304,4194304,4194304,10035354119,-1,0
0.08322,3,0,DONE,4194304,4194304,4194304,7472990551,-1,0
0.08324,0,0,INJECTING,732261799,732261799,5027229095,317046480964,-1,0
0.08324,1,0,DONE,4194304,4194304,4194304,28270287849,-1,0
0.08324,2,0,DONE,4194304,4194304,4194304,10035354119,-1,0
0.08324,3,0,DONE,4194304,4194304,4194304,7472990551,-1,0
0.08326,0,0,INJECTING,732261799,732261799,5027229095,317046480964,-1,0
0.08326,1,0,DONE,4194304,4194304,4194304,28270287849,-1,0
0.08326,2,0,DONE,4194304,4194304,4194304,10035354119,-1,0
0.08326,3,0,DONE,4194304,4194304,4194304,7472990551,-1,0
0.08328,0,0,INJECTING,732261799,732261799,5027229095,317046480964,-1,0
0.08328,1,0,DONE,4194304,4194304,4194304,28270287849,-1,0
0.08328,2,0,DONE,4194304,4194304,4194304,10035354119,-1,0
0.08328,3,0,DONE,4194304,4194304,4194304,7472990551,-1,0
0.0833,0,0,INJECTING,732261799,732261799,5027229095,317046480964,-1,0
0.0833,1,0,DONE,4194304,4194304,4194304,28270287849,-1,0
0.0833,2,0,DONE,4194304,4194304,4194304,10035354119,-1,0
0.0833,3,0,DONE,4194304,4194304,4194304,7472990551,-1,0
0.08332,0,0,INJECTING,732261799,732261799,5027229095,317046480964,-1,0
0.08332,1,0,DONE,4194304,4194304,4194304,28270287849,-1,0
0.08332,2,0,DONE,4194304,4194304,4194304,10035354119,-1,0
0.08332,3,0,DONE,4194304,4194304,4194304,7472990551,-1,0
0.08334,0,0,INJECTING,732261799,732261799,5027229095,317046480964,-1,0
0.08334,1,0,DONE,4194304,4194304,4194304,28270287849,-1,0
0.08334,2,0,DONE,4194304,4194304,4194304,10035354119,-1,0
0.08334,3,0,DONE,4194304,4194304,4194304,7472990551,-1,0
0.08336,0,0,INJECTING,732261799,732261799,5027229095,317046480964,-1,0
0.08336,1,0,DONE,4194304,4194304,4194304,28270287849,-1,0
0.08336,2,0,DONE,4194304,4194304,4194304,10035354119,-1,0
0.08336,3,0,DONE,4194304,4194304,4194304,7472990551,-1,0
0.08338,0,0,INJECTING,732261799,732261799,5027229095,317046480964,-1,0
0.08338,1,0,DONE,4194304,4194304,4194304,28270287849,-1,0
0.08338,2,0,DONE,4194304,4194304,4194304,10035354119,-1,0
0.08338,3,0,DONE,4194304,4194304,4194304,7472990551,-1,0
0.0834,0,0,INJECTING,732261799,732261799,5027229095,317046480964,-1,0
0.0834,1,0,DONE,4194304,4194304,4194304,28270287849,-1,0
0.0834,2,0,DONE,4194304,4194304,4194304,10035354119,-1,0
0.0834,3,0,DONE,4194304,4194304,4194304,7472990551,-1,0
0.08342,0,0,INJECTING,732261799,732261799,5027229095,317046480964,-1,0
0.08342,1,0,DONE,4194304,4194304,4194304,28270287849,-1,0
0.08342,2,0,DONE,4194304,4194304,4194304,10035354119,-1,0
0.08342,3,0,DONE,4194304,4194304,4194304,7472990551,-1,0
0.08344,0,0,INJECTING,732261799,732261799,5027229095,317046480964,-1,0
0.08344,1,0,DONE,4194304,4194304,4194304,28270287849,-1,0
0.08344,2,0,DONE,4194304,4194304,4194304,10035354119,-1,0
0.08344,3,0,DONE,4194304,4194304,4194304,7472990551,-1,0
0.08346,0,0,INJECTING,732261799,732261799,5027229095,317046480964,-1,0
0.08346,1,0,DONE,4194304,4194304,4194304,28270287849,-1,0
0.08346,2,0,DONE,4194304,4194304,4194304,10035354119,-1,0
0.08346,3,0,DONE,4194304,4194304,4194304,7472990551,-1,0
0.08348,0,0,INJECTING,732261799,732261799,5027229095,317046480964,-1,0
0.08348,1,0,DONE,4194304,4194304,4194304,28270287849,-1,0
0.08348,2,0,DONE,4194304,4194304,4194304,10035354119,-1,0
0.08348,3,0,DONE,4194304,4194304,4194304,7472990551,-1,0
0.0835,0,0,INJECTING,732261799,732261799,5027229095,317046480964,-1,0
0.0835,1,0,DONE,4194304,4194304,4194304,28270287849,-1,0
0.0835,2,0,DONE,4194304,4194304,4194304,10035354119,-1,0
0.0835,3,0,DONE,4194304,4194304,4194304,7472990551,-1,0
0.08352,0,0,INJECTING,732261799,732261799,5027229095,317046480964,-1,0
0.08352,1,0,DONE,4194304,4194304,4194304,28270287849,-1,0
0.08352,2,0,DONE,4194304,4194304,4194304,10035354119,-1,0
0.08352,3,0,DONE,4194304,4194304,4194304,7472990551,-1,0
0.08354,0,0,INJECTING,732261799,732261799,5027229095,317046480964,-1,0
0.08354,1,0,DONE,4194304,4194304,4194304,28270287849,-1,0
0.08354,2,0,DONE,4194304,4194304,4194304,10035354119,-1,0
0.08354,3,0,DONE,4194304,4194304,4194304,7472990551,-1,0
0.08356,0,0,INJECTING,732261799,732261799,5027229095,317046480964,-1,0
0.08356,1,0,DONE,4194304,4194304,4194304,28270287849,-1,0
0.08356,2,0,DONE,4194304,4194304,4194304,10035354119,-1,0
0.08356,3,0,DONE,4194304,4194304,4194304,7472990551,-1,0
0.08358,0,0,INJECTING,732261799,732261799,5027229095,317046480964,-1,0
0.08358,1,0,DONE,4194304,4194304,4194304,28270287849,-1,0
0.08358,2,0,DONE,4194304,4194304,4194304,10035354119,-1,0
0.08358,3,0,DONE,4194304,4194304,4194304,7472990551,-1,0
0.0836,0,0,INJECTING,732261799,732261799,5027229095,317046480964,-1,0
0.0836,1,0,DONE,4194304,4194304,4194304,28270287849,-1,0
0.0836,2,0,DONE,4194304,4194304,4194304,10035354119,-1,0
0.0836,3,0,DONE,4194304,4194304,4194304,7472990551,-1,0
0.08362,0,0,INJECTING,732261799,732261799,5027229095,317046480964,-1,0
0.08362,1,0,DONE,4194304,4194304,4194304,28270287849,-1,0
0.08362,2,0,DONE,4194304,4194304,4194304,10035354119,-1,0
0.08362,3,0,DONE,4194304,4194304,4194304,7472990551,-1,0
0.08364,0,0,INJECTING,732261799,732261799,5027229095,317046480964,-1,0
0.08364,1,0,DONE,4194304,4194304,4194304,28270287849,-1,0
0.08364,2,0,DONE,4194304,4194304,4194304,10035354119,-1,0
0.08364,3,0,DONE,4194304,4194304,4194304,7472990551,-1,0
0.08366,0,0,INJECTING,732261799,732261799,5027229095,317046480964,-1,0
0.08366,1,0,DONE,4194304,4194304,4194304,28270287849,-1,0
0.08366,2,0,DONE,4194304,4194304,4194304,10035354119,-1,0
0.08366,3,0,DONE,4194304,4194304,4194304,7472990551,-1,0
0.08368,0,0,INJECTING,732261799,732261799,5027229095,317046480964,-1,0
0.08368,1,0,DONE,4194304,4194304,4194304,28270287849,-1,0
0.08368,2,0,DONE,4194304,4194304,4194304,10035354119,-1,0
0.08368,3,0,DONE,4194304,4194304,4194304,7472990551,-1,0
0.0837,0,0,INJECTING,732261799,732261799,5027229095,317046480964,-1,0
0.0837,1,0,DONE,4194304,4194304,4194304,28270287849,-1,0
0.0837,2,0,DONE,4194304,4194304,4194304,10035354119,-1,0
0.0837,3,0,DONE,4194304,4194304,4194304,7472990551,-1,0
0.08372,0,0,INJECTING,732261799,732261799,5027229095,317046480964,-1,0
0.08372,1,0,DONE,4194304,4194304,4194304,28270287849,-1,0
0.08372,2,0,DONE,4194304,4194304,4194304,10035354119,-1,0
0.08372,3,0,DONE,4194304,4194304,4194304,7472990551,-1,0
0.08374,0,0,INJECTING,732261799,732261799,5027229095,317046480964,-1,0
0.08374,1,0,DONE,4194304,4194304,4194304,28270287849,-1,0
0.08374,2,0,DONE,4194304,4194304,4194304,10035354119,-1,0
0.08374,3,0,DONE,4194304,4194304,4194304,7472990551,-1,0
0.08376,0,0,INJECTING,732261799,732261799,5027229095,317046480964,-1,0
0.08376,1,0,DONE,4194304,4194304,4194304,28270287849,-1,0
0.08376,2,0,DONE,4194304,4194304,4194304,10035354119,-1,0
0.08376,3,0,DONE,4194304,4194304,4194304,7472990551,-1,0
0.08378,0,0,INJECTING,732261799,732261799,5027229095,317046480964,-1,0
0.08378,1,0,DONE,4194304,4194304,4194304,28270287849,-1,0
0.08378,2,0,DONE,4194304,4194304,4194304,10035354119,-1,0
0.08378,3,0,DONE,4194304,4194304,4194304,7472990551,-1,0
0.0838,0,0,INJECTING,732261799,732261799,5027229095,317046480964,-1,0
0.0838,1,0,DONE,4194304,4194304,4194304,28270287849,-1,0
0.0838,2,0,DONE,4194304,4194304,4194304,10035354119,-1,0
0.0838,3,0,DONE,4194304,4194304,4194304,7472990551,-1,0
0.08382,0,0,INJECTING,732261799,732261799,5027229095,317046480964,-1,0
0.08382,1,0,DONE,4194304,4194304,4194304,28270287849,-1,0
0.08382,2,0,DONE,4194304,4194304,4194304,10035354119,-1,0
0.08382,3,0,DONE,4194304,4194304,4194304,7472990551,-1,0
0.08384,0,0,INJECTING,732261799,732261799,5027229095,317046480964,-1,0
0.08384,1,0,DONE,4194304,4194304,4194304,28270287849,-1,0
0.08384,2,0,DONE,4194304,4194304,4194304,10035354119,-1,0
0.08384,3,0,DONE,4194304,4194304,4194304,7472990551,-1,0
0.08386,0,0,INJECTING,732261799,732261799,5027229095,317046480964,-1,0
0.08386,1,0,DONE,4194304,4194304,4194304,28270287849,-1,0
0.08386,2,0,DONE,4194304,4194304,4194304,10035354119,-1,0
0.08386,3,0,DONE,4194304,4194304,4194304,7472990551,-1,0
0.08388,0,0,INJECTING,732261799,732261799,5027229095,317046480964,-1,0
0.08388,1,0,DONE,4194304,4194304,4194304,28270287849,-1,0
0.08388,2,0,DONE,4194304,4194304,4194304,10035354119,-1,0
0.08388,3,0,DONE,4194304,4194304,4194304,7472990551,-1,0
0.0839,0,0,INJECTING,732261799,732261799,5027229095,317046480964,-1,0
0.0839,1,0,DONE,4194304,4194304,4194304,28270287849,-1,0
0.0839,2,0,DONE,4194304,4194304,4194304,10035354119,-1,0
0.0839,3,0,DONE,4194304,4194304,4194304,7472990551,-1,0
0.08392,0,0,INJECTING,732261799,732261799,5027229095,317046480964,-1,0
0.08392,1,0,DONE,4194304,4194304,4194304,28270287849,-1,0
0.08392,2,0,DONE,4194304,4194304,4194304,10035354119,-1,0
0.08392,3,0,DONE,4194304,4194304,4194304,7472990551,-1,0
0.08394,0,0,INJECTING,732261799,732261799,5027229095,317046480964,-1,0
0.08394,1,0,DONE,4194304,4194304,4194304,28270287849,-1,0
0.08394,2,0,DONE,4194304,4194304,4194304,10035354119,-1,0
0.08394,3,0,DONE,4194304,4194304,4194304,7472990551,-1,0
0.08396,0,0,INJECTING,732261799,732261799,5027229095,317046480964,-1,0
0.08396,1,0,DONE,4194304,4194304,4194304,28270287849,-1,0
0.08396,2,0,DONE,4194304,4194304,4194304,10035354119,-1,0
0.08396,3,0,DONE,4194304,4194304,4194304,7472990551,-1,0
0.08398,0,0,INJECTING,732261799,732261799,5027229095,317046480964,-1,0
0.08398,1,0,DONE,4194304,4194304,4194304,28270287849,-1,0
0.08398,2,0,DONE,4194304,4194304,4194304,10035354119,-1,0
0.08398,3,0,DONE,4194304,4194304,4194304,7472990551,-1,0
0.084,0,0,INJECTING,732261799,732261799,5027229095,317046480964,-1,0
0.084,1,0,DONE,4194304,4194304,4194304,28270287849,-1,0
0.084,2,0,DONE,4194304,4194304,4194304,10035354119,-1,0
0.084,3,0,DONE,4194304,4194304,4194304,7472990551,-1,0
0.08402,0,0,INJECTING,732261799,732261799,5027229095,317046480964,-1,0
0.08402,1,0,DONE,4194304,4194304,4194304,28270287849,-1,0
0.08402,2,0,DONE,4194304,4194304,4194304,10035354119,-1,0
0.08402,3,0,DONE,4194304,4194304,4194304,7472990551,-1,0
0.08404,0,0,INJECTING,732261799,732261799,5027229095,317046480964,-1,0
0.08404,1,0,DONE,4194304,4194304,4194304,28270287849,-1,0
0.08404,2,0,DONE,4194304,4194304,4194304,10035354119,-1,0
0.08404,3,0,DONE,4194304,4194304,4194304,7472990551,-1,0
0.08406,0,0,INJECTING,732261799,732261799,5027229095,317046480964,-1,0
0.08406,1,0,DONE,4194304,4194304,4194304,28270287849,-1,0
0.08406,2,0,DONE,4194304,4194304,4194304,10035354119,-1,0
0.08406,3,0,DONE,4194304,4194304,4194304,7472990551,-1,0
0.08408,0,0,INJECTING,732261799,732261799,5027229095,317046480964,-1,0
0.08408,1,0,DONE,4194304,4194304,4194304,28270287849,-1,0
0.08408,2,0,DONE,4194304,4194304,4194304,10035354119,-1,0
0.08408,3,0,DONE,4194304,4194304,4194304,7472990551,-1,0
0.0841,0,0,INJECTING,732261799,732261799,5027229095,317046480964,-1,0
0.0841,1,0,DONE,4194304,4194304,4194304,28270287849,-1,0
0.0841,2,0,DONE,4194304,4194304,4194304,10035354119,-1,0
0.0841,3,0,DONE,4194304,4194304,4194304,7472990551,-1,0
0.08412,0,0,INJECTING,732261799,732261799,5027229095,317046480964,-1,0
0.08412,1,0,DONE,4194304,4194304,4194304,28270287849,-1,0
0.08412,2,0,DONE,4194304,4194304,4194304,10035354119,-1,0
0.08412,3,0,DONE,4194304,4194304,4194304,7472990551,-1,0
0.08414,0,0,INJECTING,732261799,732261799,5027229095,317046480964,-1,0
0.08414,1,0,DONE,4194304,4194304,4194304,28270287849,-1,0
0.08414,2,0,DONE,4194304,4194304,4194304,10035354119,-1,0
0.08414,3,0,DONE,4194304,4194304,4194304,7472990551,-1,0
0.08416,0,0,INJECTING,732261799,732261799,5027229095,317046480964,-1,0
0.08416,1,0,DONE,4194304,4194304,4194304,28270287849,-1,0
0.08416,2,0,DONE,4194304,4194304,4194304,10035354119,-1,0
0.08416,3,0,DONE,4194304,4194304,4194304,7472990551,-1,0
0.08418,0,0,INJECTING,732261799,732261799,5027229095,317046480964,-1,0
0.08418,1,0,DONE,4194304,4194304,4194304,28270287849,-1,0
0.08418,2,0,DONE,4194304,4194304,4194304,10035354119,-1,0
0.08418,3,0,DONE,4194304,4194304,4194304,7472990551,-1,0
0.0842,0,0,INJECTING,732261799,732261799,5027229095,317046480964,-1,0
0.0842,1,0,DONE,4194304,4194304,4194304,28270287849,-1,0
0.0842,2,0,DONE,4194304,4194304,4194304,10035354119,-1,0
0.0842,3,0,DONE,4194304,4194304,4194304,7472990551,-1,0
0.08422,0,0,INJECTING,732261799,732261799,5027229095,317046480964,-1,0
0.08422,1,0,DONE,4194304,4194304,4194304,28270287849,-1,0
0.08422,2,0,DONE,4194304,4194304,4194304,10035354119,-1,0
0.08422,3,0,DONE,4194304,4194304,4194304,7472990551,-1,0
0.08424,0,0,INJECTING,732261799,732261799,5027229095,317046480964,-1,0
0.08424,1,0,DONE,4194304,4194304,4194304,28270287849,-1,0
0.08424,2,0,DONE,4194304,4194304,4194304,10035354119,-1,0
0.08424,3,0,DONE,4194304,4194304,4194304,7472990551,-1,0
0.08426,0,0,INJECTING,732261799,732261799,5027229095,317046480964,-1,0
0.08426,1,0,DONE,4194304,4194304,4194304,28270287849,-1,0
0.08426,2,0,DONE,4194304,4194304,4194304,10035354119,-1,0
0.08426,3,0,DONE,4194304,4194304,4194304,7472990551,-1,0
0.08428,0,0,INJECTING,732261799,732261799,5027229095,317046480964,-1,0
0.08428,1,0,DONE,4194304,4194304,4194304,28270287849,-1,0
0.08428,2,0,DONE,4194304,4194304,4194304,10035354119,-1,0
0.08428,3,0,DONE,4194304,4194304,4194304,7472990551,-1,0
0.0843,0,0,INJECTING,732261799,732261799,5027229095,317046480964,-1,0
0.0843,1,0,DONE,4194304,4194304,4194304,28270287849,-1,0
0.0843,2,0,DONE,4194304,4194304,4194304,10035354119,-1,0
0.0843,3,0,DONE,4194304,4194304,4194304,7472990551,-1,0
0.08432,0,0,INJECTING,732261799,732261799,5027229095,317046480964,-1,0
0.08432,1,0,DONE,4194304,4194304,4194304,28270287849,-1,0
0.08432,2,0,DONE,4194304,4194304,4194304,10035354119,-1,0
0.08432,3,0,DONE,4194304,4194304,4194304,7472990551,-1,0
0.08434,0,0,INJECTING,732261799,732261799,5027229095,317046480964,-1,0
0.08434,1,0,DONE,4194304,4194304,4194304,28270287849,-1,0
0.08434,2,0,DONE,4194304,4194304,4194304,10035354119,-1,0
0.08434,3,0,DONE,4194304,4194304,4194304,7472990551,-1,0
0.08436,0,0,INJECTING,732261799,732261799,5027229095,317046480964,-1,0
0.08436,1,0,DONE,4194304,4194304,4194304,28270287849,-1,0
0.08436,2,0,DONE,4194304,4194304,4194304,10035354119,-1,0
0.08436,3,0,DONE,4194304,4194304,4194304,7472990551,-1,0
0.08438,0,0,INJECTING,732261799,732261799,5027229095,317046480964,-1,0
0.08438,1,0,DONE,4194304,4194304,4194304,28270287849,-1,0
0.08438,2,0,DONE,4194304,4194304,4194304,10035354119,-1,0
0.08438,3,0,DONE,4194304,4194304,4194304,7472990551,-1,0
0.0844,0,0,INJECTING,732261799,732261799,5027229095,317046480964,-1,0
0.0844,1,0,DONE,4194304,4194304,4194304,28270287849,-1,0
0.0844,2,0,DONE,4194304,4194304,4194304,10035354119,-1,0
0.0844,3,0,DONE,4194304,4194304,4194304,7472990551,-1,0
0.08442,0,0,INJECTING,732261799,732261799,5027229095,317046480964,-1,0
0.08442,1,0,DONE,4194304,4194304,4194304,28270287849,-1,0
0.08442,2,0,DONE,4194304,4194304,4194304,10035354119,-1,0
0.08442,3,0,DONE,4194304,4194304,4194304,7472990551,-1,0
0.08444,0,0,INJECTING,732261799,732261799,5027229095,317046480964,-1,0
0.08444,1,0,DONE,4194304,4194304,4194304,28270287849,-1,0
0.08444,2,0,DONE,4194304,4194304,4194304,10035354119,-1,0
0.08444,3,0,DONE,4194304,4194304,4194304,7472990551,-1,0
0.08446,0,0,INJECTING,732261799,732261799,5027229095,317046480964,-1,0
0.08446,1,0,DONE,4194304,4194304,4194304,28270287849,-1,0
0.08446,2,0,DONE,4194304,4194304,4194304,10035354119,-1,0
0.08446,3,0,DONE,4194304,4194304,4194304,7472990551,-1,0
0.08448,0,0,INJECTING,732261799,732261799,5027229095,317046480964,-1,0
0.08448,1,0,DONE,4194304,4194304,4194304,28270287849,-1,0
0.08448,2,0,DONE,4194304,4194304,4194304,10035354119,-1,0
0.08448,3,0,DONE,4194304,4194304,4194304,7472990551,-1,0
0.0845,0,0,INJECTING,732261799,732261799,5027229095,317046480964,-1,0
0.0845,1,0,DONE,4194304,4194304,4194304,28270287849,-1,0
0.0845,2,0,DONE,4194304,4194304,4194304,10035354119,-1,0
0.0845,3,0,DONE,4194304,4194304,4194304,7472990551,-1,0
0.08452,0,0,INJECTING,732261799,732261799,5027229095,317046480964,-1,0
0.08452,1,0,DONE,4194304,4194304,4194304,28270287849,-1,0
0.08452,2,0,DONE,4194304,4194304,4194304,10035354119,-1,0
0.08452,3,0,DONE,4194304,4194304,4194304,7472990551,-1,0
0.08454,0,0,INJECTING,732261799,732261799,5027229095,317046480964,-1,0
0.08454,1,0,DONE,4194304,4194304,4194304,28270287849,-1,0
0.08454,2,0,DONE,4194304,4194304,4194304,10035354119,-1,0
0.08454,3,0,DONE,4194304,4194304,4194304,7472990551,-1,0
0.08456,0,0,INJECTING,732261799,732261799,5027229095,317046480964,-1,0
0.08456,1,0,DONE,4194304,4194304,4194304,28270287849,-1,0
0.08456,2,0,DONE,4194304,4194304,4194304,10035354119,-1,0
0.08456,3,0,DONE,4194304,4194304,4194304,7472990551,-1,0
0.08458,0,0,INJECTING,732261799,732261799,5027229095,317046480964,-1,0
0.08458,1,0,DONE,4194304,4194304,4194304,28270287849,-1,0
0.08458,2,0,DONE,4194304,4194304,4194304,10035354119,-1,0
0.08458,3,0,DONE,4194304,4194304,4194304,7472990551,-1,0
0.0846,0,0,INJECTING,732261799,732261799,5027229095,317046480964,-1,0
0.0846,1,0,DONE,4194304,4194304,4194304,28270287849,-1,0
0.0846,2,0,DONE,4194304,4194304,4194304,10035354119,-1,0
0.0846,3,0,DONE,4194304,4194304,4194304,7472990551,-1,0
0.08462,0,0,INJECTING,732261799,732261799,5027229095,317046480964,-1,0
0.08462,1,0,DONE,4194304,4194304,4194304,28270287849,-1,0
0.08462,2,0,DONE,4194304,4194304,4194304,10035354119,-1,0
0.08462,3,0,DONE,4194304,4194304,4194304,7472990551,-1,0
0.08464,0,0,INJECTING,732261799,732261799,5027229095,317046480964,-1,0
0.08464,1,0,DONE,4194304,4194304,4194304,28270287849,-1,0
0.08464,2,0,DONE,4194304,4194304,4194304,10035354119,-1,0
0.08464,3,0,DONE,4194304,4194304,4194304,7472990551,-1,0
0.08466,0,0,INJECTING,732261799,732261799,5027229095,317046480964,-1,0
0.08466,1,0,DONE,4194304,4194304,4194304,28270287849,-1,0
0.08466,2,0,DONE,4194304,4194304,4194304,10035354119,-1,0
0.08466,3,0,DONE,4194304,4194304,4194304,7472990551,-1,0
0.08468,0,0,INJECTING,732261799,732261799,5027229095,317046480964,-1,0
0.08468,1,0,DONE,4194304,4194304,4194304,28270287849,-1,0
0.08468,2,0,DONE,4194304,4194304,4194304,10035354119,-1,0
0.08468,3,0,DONE,4194304,4194304,4194304,7472990551,-1,0
0.0847,0,0,INJECTING,732261799,732261799,5027229095,317046480964,-1,0
0.0847,1,0,DONE,4194304,4194304,4194304,28270287849,-1,0
0.0847,2,0,DONE,4194304,4194304,4194304,10035354119,-1,0
0.0847,3,0,DONE,4194304,4194304,4194304,7472990551,-1,0
0.08472,0,0,INJECTING,732261799,732261799,5027229095,317046480964,-1,0
0.08472,1,0,DONE,4194304,4194304,4194304,28270287849,-1,0
0.08472,2,0,DONE,4194304,4194304,4194304,10035354119,-1,0
0.08472,3,0,DONE,4194304,4194304,4194304,7472990551,-1,0
0.08474,0,0,INJECTING,732261799,732261799,5027229095,317046480964,-1,0
0.08474,1,0,DONE,4194304,4194304,4194304,28270287849,-1,0
0.08474,2,0,DONE,4194304,4194304,4194304,10035354119,-1,0
0.08474,3,0,DONE,4194304,4194304,4194304,7472990551,-1,0
0.08476,0,0,INJECTING,732261799,732261799,5027229095,317046480964,-1,0
0.08476,1,0,DONE,4194304,4194304,4194304,28270287849,-1,0
0.08476,2,0,DONE,4194304,4194304,4194304,10035354119,-1,0
0.08476,3,0,DONE,4194304,4194304,4194304,7472990551,-1,0
0.08478,0,0,INJECTING,732261799,732261799,5027229095,317046480964,-1,0
0.08478,1,0,DONE,4194304,4194304,4194304,28270287849,-1,0
0.08478,2,0,DONE,4194304,4194304,4194304,10035354119,-1,0
0.08478,3,0,DONE,4194304,4194304,4194304,7472990551,-1,0
0.0848,0,0,INJECTING,732261799,732261799,5027229095,317046480964,-1,0
0.0848,1,0,DONE,4194304,4194304,4194304,28270287849,-1,0
0.0848,2,0,DONE,4194304,4194304,4194304,10035354119,-1,0
0.0848,3,0,DONE,4194304,4194304,4194304,7472990551,-1,0
0.08482,0,0,INJECTING,732261799,732261799,5027229095,317046480964,-1,0
0.08482,1,0,DONE,4194304,4194304,4194304,28270287849,-1,0
0.08482,2,0,DONE,4194304,4194304,4194304,10035354119,-1,0
0.08482,3,0,DONE,4194304,4194304,4194304,7472990551,-1,0
0.08484,0,0,INJECTING,732261799,732261799,5027229095,317046480964,-1,0
0.08484,1,0,DONE,4194304,4194304,4194304,28270287849,-1,0
0.08484,2,0,DONE,4194304,4194304,4194304,10035354119,-1,0
0.08484,3,0,DONE,4194304,4194304,4194304,7472990551,-1,0
0.08486,0,0,INJECTING,732261799,732261799,5027229095,317046480964,-1,0
0.08486,1,0,DONE,4194304,4194304,4194304,28270287849,-1,0
0.08486,2,0,DONE,4194304,4194304,4194304,10035354119,-1,0
0.08486,3,0,DONE,4194304,4194304,4194304,7472990551,-1,0
0.08488,0,0,INJECTING,732261799,732261799,5027229095,317046480964,-1,0
0.08488,1,0,DONE,4194304,4194304,4194304,28270287849,-1,0
0.08488,2,0,DONE,4194304,4194304,4194304,10035354119,-1,0
0.08488,3,0,DONE,4194304,4194304,4194304,7472990551,-1,0
0.0849,0,0,INJECTING,732261799,732261799,5027229095,317046480964,-1,0
0.0849,1,0,DONE,4194304,4194304,4194304,28270287849,-1,0
0.0849,2,0,DONE,4194304,4194304,4194304,10035354119,-1,0
0.0849,3,0,DONE,4194304,4194304,4194304,7472990551,-1,0
0.08492,0,0,INJECTING,732261799,732261799,5027229095,317046480964,-1,0
0.08492,1,0,DONE,4194304,4194304,4194304,28270287849,-1,0
0.08492,2,0,DONE,4194304,4194304,4194304,10035354119,-1,0
0.08492,3,0,DONE,4194304,4194304,4194304,7472990551,-1,0
0.08494,0,0,INJECTING,732261799,732261799,5027229095,317046480964,-1,0
0.08494,1,0,DONE,4194304,4194304,4194304,28270287849,-1,0
0.08494,2,0,DONE,4194304,4194304,4194304,10035354119,-1,0
0.08494,3,0,DONE,4194304,4194304,4194304,7472990551,-1,0
0.08496,0,0,INJECTING,732261799,732261799,5027229095,317046480964,-1,0
0.08496,1,0,DONE,4194304,4194304,4194304,28270287849,-1,0
0.08496,2,0,DONE,4194304,4194304,4194304,10035354119,-1,0
0.08496,3,0,DONE,4194304,4194304,4194304,7472990551,-1,0
0.08498,0,0,INJECTING,732261799,732261799,5027229095,317046480964,-1,0
0.08498,1,0,DONE,4194304,4194304,4194304,28270287849,-1,0
0.08498,2,0,DONE,4194304,4194304,4194304,10035354119,-1,0
0.08498,3,0,DONE,4194304,4194304,4194304,7472990551,-1,0
0.085,0,0,INJECTING,732261799,732261799,5027229095,317046480964,-1,0
0.085,1,0,DONE,4194304,4194304,4194304,28270287849,-1,0
0.085,2,0,DONE,4194304,4194304,4194304,10035354119,-1,0
0.085,3,0,DONE,4194304,4194304,4194304,7472990551,-1,0
0.08502,0,0,INJECTING,732261799,732261799,5027229095,317046480964,-1,0
0.08502,1,0,DONE,4194304,4194304,4194304,28270287849,-1,0
0.08502,2,0,DONE,4194304,4194304,4194304,10035354119,-1,0
0.08502,3,0,DONE,4194304,4194304,4194304,7472990551,-1,0
0.08504,0,0,INJECTING,732261799,732261799,5027229095,317046480964,-1,0
0.08504,1,0,DONE,4194304,4194304,4194304,28270287849,-1,0
0.08504,2,0,DONE,4194304,4194304,4194304,10035354119,-1,0
0.08504,3,0,DONE,4194304,4194304,4194304,7472990551,-1,0
0.08506,0,0,INJECTING,732261799,732261799,5027229095,317046480964,-1,0
0.08506,1,0,DONE,4194304,4194304,4194304,28270287849,-1,0
0.08506,2,0,DONE,4194304,4194304,4194304,10035354119,-1,0
0.08506,3,0,DONE,4194304,4194304,4194304,7472990551,-1,0
0.08508,0,0,INJECTING,732261799,732261799,5027229095,317046480964,-1,0
0.08508,1,0,DONE,4194304,4194304,4194304,28270287849,-1,0
0.08508,2,0,DONE,4194304,4194304,4194304,10035354119,-1,0
0.08508,3,0,DONE,4194304,4194304,4194304,7472990551,-1,0
0.0851,0,0,INJECTING,732261799,732261799,5027229095,317046480964,-1,0
0.0851,1,0,DONE,4194304,4194304,4194304,28270287849,-1,0
0.0851,2,0,DONE,4194304,4194304,4194304,10035354119,-1,0
0.0851,3,0,DONE,4194304,4194304,4194304,7472990551,-1,0
0.08512,0,0,INJECTING,732261799,732261799,5027229095,317046480964,-1,0
0.08512,1,0,DONE,4194304,4194304,4194304,28270287849,-1,0
0.08512,2,0,DONE,4194304,4194304,4194304,10035354119,-1,0
0.08512,3,0,DONE,4194304,4194304,4194304,7472990551,-1,0
0.08514,0,0,INJECTING,732261799,732261799,5027229095,317046480964,-1,0
0.08514,1,0,DONE,4194304,4194304,4194304,28270287849,-1,0
0.08514,2,0,DONE,4194304,4194304,4194304,10035354119,-1,0
0.08514,3,0,DONE,4194304,4194304,4194304,7472990551,-1,0
0.08516,0,0,INJECTING,732261799,732261799,5027229095,317046480964,-1,0
0.08516,1,0,DONE,4194304,4194304,4194304,28270287849,-1,0
0.08516,2,0,DONE,4194304,4194304,4194304,10035354119,-1,0
0.08516,3,0,DONE,4194304,4194304,4194304,7472990551,-1,0
0.08518,0,0,INJECTING,732261799,732261799,5027229095,317046480964,-1,0
0.08518,1,0,DONE,4194304,4194304,4194304,28270287849,-1,0
0.08518,2,0,DONE,4194304,4194304,4194304,10035354119,-1,0
0.08518,3,0,DONE,4194304,4194304,4194304,7472990551,-1,0
0.0852,0,0,INJECTING,732261799,732261799,5027229095,317046480964,-1,0
0.0852,1,0,DONE,4194304,4194304,4194304,28270287849,-1,0
0.0852,2,0,DONE,4194304,4194304,4194304,10035354119,-1,0
0.0852,3,0,DONE,4194304,4194304,4194304,7472990551,-1,0
0.08522,0,0,INJECTING,732261799,732261799,5027229095,317046480964,-1,0
0.08522,1,0,DONE,4194304,4194304,4194304,28270287849,-1,0
0.08522,2,0,DONE,4194304,4194304,4194304,10035354119,-1,0
0.08522,3,0,DONE,4194304,4194304,4194304,7472990551,-1,0
0.08524,0,0,INJECTING,732261799,732261799,5027229095,317046480964,-1,0
0.08524,1,0,DONE,4194304,4194304,4194304,28270287849,-1,0
0.08524,2,0,DONE,4194304,4194304,4194304,10035354119,-1,0
0.08524,3,0,DONE,4194304,4194304,4194304,7472990551,-1,0
0.08526,0,0,INJECTING,732261799,732261799,5027229095,317046480964,-1,0
0.08526,1,0,DONE,4194304,4194304,4194304,28270287849,-1,0
0.08526,2,0,DONE,4194304,4194304,4194304,10035354119,-1,0
0.08526,3,0,DONE,4194304,4194304,4194304,7472990551,-1,0
0.08528,0,0,INJECTING,732261799,732261799,5027229095,317046480964,-1,0
0.08528,1,0,DONE,4194304,4194304,4194304,28270287849,-1,0
0.08528,2,0,DONE,4194304,4194304,4194304,10035354119,-1,0
0.08528,3,0,DONE,4194304,4194304,4194304,7472990551,-1,0
0.0853,0,0,INJECTING,732261799,732261799,5027229095,317046480964,-1,0
0.0853,1,0,DONE,4194304,4194304,4194304,28270287849,-1,0
0.0853,2,0,DONE,4194304,4194304,4194304,10035354119,-1,0
0.0853,3,0,DONE,4194304,4194304,4194304,7472990551,-1,0
0.08532,0,0,INJECTING,732261799,732261799,5027229095,317046480964,-1,0
0.08532,1,0,DONE,4194304,4194304,4194304,28270287849,-1,0
0.08532,2,0,DONE,4194304,4194304,4194304,10035354119,-1,0
0.08532,3,0,DONE,4194304,4194304,4194304,7472990551,-1,0
0.08534,0,0,INJECTING,732261799,732261799,5027229095,317046480964,-1,0
0.08534,1,0,DONE,4194304,4194304,4194304,28270287849,-1,0
0.08534,2,0,DONE,4194304,4194304,4194304,10035354119,-1,0
0.08534,3,0,DONE,4194304,4194304,4194304,7472990551,-1,0
0.08536,0,0,INJECTING,732261799,732261799,5027229095,317046480964,-1,0
0.08536,1,0,DONE,4194304,4194304,4194304,28270287849,-1,0
0.08536,2,0,DONE,4194304,4194304,4194304,10035354119,-1,0
0.08536,3,0,DONE,4194304,4194304,4194304,7472990551,-1,0
0.08538,0,0,INJECTING,732261799,732261799,5027229095,317046480964,-1,0
0.08538,1,0,DONE,4194304,4194304,4194304,28270287849,-1,0
0.08538,2,0,DONE,4194304,4194304,4194304,10035354119,-1,0
0.08538,3,0,DONE,4194304,4194304,4194304,7472990551,-1,0
0.0854,0,0,INJECTING,732261799,732261799,5027229095,317046480964,-1,0
0.0854,1,0,DONE,4194304,4194304,4194304,28270287849,-1,0
0.0854,2,0,DONE,4194304,4194304,4194304,10035354119,-1,0
0.0854,3,0,DONE,4194304,4194304,4194304,7472990551,-1,0
0.08542,0,0,INJECTING,732261799,732261799,5027229095,317046480964,-1,0
0.08542,1,0,DONE,4194304,4194304,4194304,28270287849,-1,0
0.08542,2,0,DONE,4194304,4194304,4194304,10035354119,-1,0
0.08542,3,0,DONE,4194304,4194304,4194304,7472990551,-1,0
0.08544,0,0,INJECTING,732261799,732261799,5027229095,317046480964,-1,0
0.08544,1,0,DONE,4194304,4194304,4194304,28270287849,-1,0
0.08544,2,0,DONE,4194304,4194304,4194304,10035354119,-1,0
0.08544,3,0,DONE,4194304,4194304,4194304,7472990551,-1,0
0.08546,0,0,INJECTING,732261799,732261799,5027229095,317046480964,-1,0
0.08546,1,0,DONE,4194304,4194304,4194304,28270287849,-1,0
0.08546,2,0,DONE,4194304,4194304,4194304,10035354119,-1,0
0.08546,3,0,DONE,4194304,4194304,4194304,7472990551,-1,0
0.08548,0,0,INJECTING,732261799,732261799,5027229095,317046480964,-1,0
0.08548,1,0,DONE,4194304,4194304,4194304,28270287849,-1,0
0.08548,2,0,DONE,4194304,4194304,4194304,10035354119,-1,0
0.08548,3,0,DONE,4194304,4194304,4194304,7472990551,-1,0
0.0855,0,0,INJECTING,732261799,732261799,5027229095,317046480964,-1,0
0.0855,1,0,DONE,4194304,4194304,4194304,28270287849,-1,0
0.0855,2,0,DONE,4194304,4194304,4194304,10035354119,-1,0
0.0855,3,0,DONE,4194304,4194304,4194304,7472990551,-1,0
0.08552,0,0,INJECTING,732261799,732261799,5027229095,317046480964,-1,0
0.08552,1,0,DONE,4194304,4194304,4194304,28270287849,-1,0
0.08552,2,0,DONE,4194304,4194304,4194304,10035354119,-1,0
0.08552,3,0,DONE,4194304,4194304,4194304,7472990551,-1,0
0.08554,0,0,INJECTING,732261799,732261799,5027229095,317046480964,-1,0
0.08554,1,0,DONE,4194304,4194304,4194304,28270287849,-1,0
0.08554,2,0,DONE,4194304,4194304,4194304,10035354119,-1,0
0.08554,3,0,DONE,4194304,4194304,4194304,7472990551,-1,0
0.08556,0,0,INJECTING,732261799,732261799,5027229095,317046480964,-1,0
0.08556,1,0,DONE,4194304,4194304,4194304,28270287849,-1,0
0.08556,2,0,DONE,4194304,4194304,4194304,10035354119,-1,0
0.08556,3,0,DONE,4194304,4194304,4194304,7472990551,-1,0
0.08558,0,0,INJECTING,732261799,732261799,5027229095,317046480964,-1,0
0.08558,1,0,DONE,4194304,4194304,4194304,28270287849,-1,0
0.08558,2,0,DONE,4194304,4194304,4194304,10035354119,-1,0
0.08558,3,0,DONE,4194304,4194304,4194304,7472990551,-1,0
0.0856,0,0,INJECTING,732261799,732261799,5027229095,317046480964,-1,0
0.0856,1,0,DONE,4194304,4194304,4194304,28270287849,-1,0
0.0856,2,0,DONE,4194304,4194304,4194304,10035354119,-1,0
0.0856,3,0,DONE,4194304,4194304,4194304,7472990551,-1,0
0.08562,0,0,INJECTING,732261799,732261799,5027229095,317046480964,-1,0
0.08562,1,0,DONE,4194304,4194304,4194304,28270287849,-1,0
0.08562,2,0,DONE,4194304,4194304,4194304,10035354119,-1,0
0.08562,3,0,DONE,4194304,4194304,4194304,7472990551,-1,0
0.08564,0,0,INJECTING,732261799,732261799,5027229095,317046480964,-1,0
0.08564,1,0,DONE,4194304,4194304,4194304,28270287849,-1,0
0.08564,2,0,DONE,4194304,4194304,4194304,10035354119,-1,0
0.08564,3,0,DONE,4194304,4194304,4194304,7472990551,-1,0
0.08566,0,0,INJECTING,732261799,732261799,5027229095,317046480964,-1,0
0.08566,1,0,DONE,4194304,4194304,4194304,28270287849,-1,0
0.08566,2,0,DONE,4194304,4194304,4194304,10035354119,-1,0
0.08566,3,0,DONE,4194304,4194304,4194304,7472990551,-1,0
0.08568,0,0,INJECTING,732261799,732261799,5027229095,317046480964,-1,0
0.08568,1,0,DONE,4194304,4194304,4194304,28270287849,-1,0
0.08568,2,0,DONE,4194304,4194304,4194304,10035354119,-1,0
0.08568,3,0,DONE,4194304,4194304,4194304,7472990551,-1,0
0.0857,0,0,INJECTING,732261799,732261799,5027229095,317046480964,-1,0
0.0857,1,0,DONE,4194304,4194304,4194304,28270287849,-1,0
0.0857,2,0,DONE,4194304,4194304,4194304,10035354119,-1,0
0.0857,3,0,DONE,4194304,4194304,4194304,7472990551,-1,0
0.08572,0,0,INJECTING,732261799,732261799,5027229095,317046480964,-1,0
0.08572,1,0,DONE,4194304,4194304,4194304,28270287849,-1,0
0.08572,2,0,DONE,4194304,4194304,4194304,10035354119,-1,0
0.08572,3,0,DONE,4194304,4194304,4194304,7472990551,-1,0
0.08574,0,0,INJECTING,732261799,732261799,5027229095,317046480964,-1,0
0.08574,1,0,DONE,4194304,4194304,4194304,28270287849,-1,0
0.08574,2,0,DONE,4194304,4194304,4194304,10035354119,-1,0
0.08574,3,0,DONE,4194304,4194304,4194304,7472990551,-1,0
0.08576,0,0,INJECTING,732261799,732261799,5027229095,317046480964,-1,0
0.08576,1,0,DONE,4194304,4194304,4194304,28270287849,-1,0
0.08576,2,0,DONE,4194304,4194304,4194304,10035354119,-1,0
0.08576,3,0,DONE,4194304,4194304,4194304,7472990551,-1,0
0.08578,0,0,INJECTING,732261799,732261799,5027229095,317046480964,-1,0
0.08578,1,0,DONE,4194304,4194304,4194304,28270287849,-1,0
0.08578,2,0,DONE,4194304,4194304,4194304,10035354119,-1,0
0.08578,3,0,DONE,4194304,4194304,4194304,7472990551,-1,0
0.0858,0,0,INJECTING,732261799,732261799,5027229095,317046480964,-1,0
0.0858,1,0,DONE,4194304,4194304,4194304,28270287849,-1,0
0.0858,2,0,DONE,4194304,4194304,4194304,10035354119,-1,0
0.0858,3,0,DONE,4194304,4194304,4194304,7472990551,-1,0
0.08582,0,0,INJECTING,732261799,732261799,5027229095,317046480964,-1,0
0.08582,1,0,DONE,4194304,4194304,4194304,28270287849,-1,0
0.08582,2,0,DONE,4194304,4194304,4194304,10035354119,-1,0
0.08582,3,0,DONE,4194304,4194304,4194304,7472990551,-1,0
0.08584,0,0,INJECTING,732261799,732261799,5027229095,317046480964,-1,0
0.08584,1,0,DONE,4194304,4194304,4194304,28270287849,-1,0
0.08584,2,0,DONE,4194304,4194304,4194304,10035354119,-1,0
0.08584,3,0,DONE,4194304,4194304,4194304,7472990551,-1,0
0.08586,0,0,INJECTING,732261799,732261799,5027229095,317046480964,-1,0
0.08586,1,0,DONE,4194304,4194304,4194304,28270287849,-1,0
0.08586,2,0,DONE,4194304,4194304,4194304,10035354119,-1,0
0.08586,3,0,DONE,4194304,4194304,4194304,7472990551,-1,0
0.08588,0,0,INJECTING,732261799,732261799,5027229095,317046480964,-1,0
0.08588,1,0,DONE,4194304,4194304,4194304,28270287849,-1,0
0.08588,2,0,DONE,4194304,4194304,4194304,10035354119,-1,0
0.08588,3,0,DONE,4194304,4194304,4194304,7472990551,-1,0
0.0859,0,0,INJECTING,732261799,732261799,5027229095,317046480964,-1,0
0.0859,1,0,DONE,4194304,4194304,4194304,28270287849,-1,0
0.0859,2,0,DONE,4194304,4194304,4194304,10035354119,-1,0
0.0859,3,0,DONE,4194304,4194304,4194304,7472990551,-1,0
0.08592,0,0,INJECTING,732261799,732261799,5027229095,317046480964,-1,0
0.08592,1,0,DONE,4194304,4194304,4194304,28270287849,-1,0
0.08592,2,0,DONE,4194304,4194304,4194304,10035354119,-1,0
0.08592,3,0,DONE,4194304,4194304,4194304,7472990551,-1,0
0.08594,0,0,INJECTING,732261799,732261799,5027229095,317046480964,-1,0
0.08594,1,0,DONE,4194304,4194304,4194304,28270287849,-1,0
0.08594,2,0,DONE,4194304,4194304,4194304,10035354119,-1,0
0.08594,3,0,DONE,4194304,4194304,4194304,7472990551,-1,0
0.08596,0,0,INJECTING,732261799,732261799,5027229095,317046480964,-1,0
0.08596,1,0,DONE,4194304,4194304,4194304,28270287849,-1,0
0.08596,2,0,DONE,4194304,4194304,4194304,10035354119,-1,0
0.08596,3,0,DONE,4194304,4194304,4194304,7472990551,-1,0
0.08598,0,0,INJECTING,732261799,732261799,5027229095,317046480964,-1,0
0.08598,1,0,DONE,4194304,4194304,4194304,28270287849,-1,0
0.08598,2,0,DONE,4194304,4194304,4194304,10035354119,-1,0
0.08598,3,0,DONE,4194304,4194304,4194304,7472990551,-1,0
0.086,0,0,INJECTING,732261799,732261799,5027229095,317046480964,-1,0
0.086,1,0,DONE,4194304,4194304,4194304,28270287849,-1,0
0.086,2,0,DONE,4194304,4194304,4194304,10035354119,-1,0
0.086,3,0,DONE,4194304,4194304,4194304,7472990551,-1,0
0.08602,0,0,INJECTING,732261799,732261799,5027229095,317046480964,-1,0
0.08602,1,0,DONE,4194304,4194304,4194304,28270287849,-1,0
0.08602,2,0,DONE,4194304,4194304,4194304,10035354119,-1,0
0.08602,3,0,DONE,4194304,4194304,4194304,7472990551,-1,0
0.08604,0,0,INJECTING,732261799,732261799,5027229095,317046480964,-1,0
0.08604,1,0,DONE,4194304,4194304,4194304,28270287849,-1,0
0.08604,2,0,DONE,4194304,4194304,4194304,10035354119,-1,0
0.08604,3,0,DONE,4194304,4194304,4194304,7472990551,-1,0
0.08606,0,0,INJECTING,732261799,732261799,5027229095,317046480964,-1,0
0.08606,1,0,DONE,4194304,4194304,4194304,28270287849,-1,0
0.08606,2,0,DONE,4194304,4194304,4194304,10035354119,-1,0
0.08606,3,0,DONE,4194304,4194304,4194304,7472990551,-1,0
0.08608,0,0,INJECTING,732261799,732261799,5027229095,317046480964,-1,0
0.08608,1,0,DONE,4194304,4194304,4194304,28270287849,-1,0
0.08608,2,0,DONE,4194304,4194304,4194304,10035354119,-1,0
0.08608,3,0,DONE,4194304,4194304,4194304,7472990551,-1,0
0.0861,0,0,INJECTING,732261799,732261799,5027229095,317046480964,-1,0
0.0861,1,0,DONE,4194304,4194304,4194304,28270287849,-1,0
0.0861,2,0,DONE,4194304,4194304,4194304,10035354119,-1,0
0.0861,3,0,DONE,4194304,4194304,4194304,7472990551,-1,0
0.08612,0,0,INJECTING,732261799,732261799,5027229095,317046480964,-1,0
0.08612,1,0,DONE,4194304,4194304,4194304,28270287849,-1,0
0.08612,2,0,DONE,4194304,4194304,4194304,10035354119,-1,0
0.08612,3,0,DONE,4194304,4194304,4194304,7472990551,-1,0
0.08614,0,0,INJECTING,732261799,732261799,5027229095,317046480964,-1,0
0.08614,1,0,DONE,4194304,4194304,4194304,28270287849,-1,0
0.08614,2,0,DONE,4194304,4194304,4194304,10035354119,-1,0
0.08614,3,0,DONE,4194304,4194304,4194304,7472990551,-1,0
0.08616,0,0,INJECTING,732261799,732261799,5027229095,317046480964,-1,0
0.08616,1,0,DONE,4194304,4194304,4194304,28270287849,-1,0
0.08616,2,0,DONE,4194304,4194304,4194304,10035354119,-1,0
0.08616,3,0,DONE,4194304,4194304,4194304,7472990551,-1,0
0.08618,0,0,INJECTING,732261799,732261799,5027229095,317046480964,-1,0
0.08618,1,0,DONE,4194304,4194304,4194304,28270287849,-1,0
0.08618,2,0,DONE,4194304,4194304,4194304,10035354119,-1,0
0.08618,3,0,DONE,4194304,4194304,4194304,7472990551,-1,0
0.0862,0,0,INJECTING,732261799,732261799,5027229095,317046480964,-1,0
0.0862,1,0,DONE,4194304,4194304,4194304,28270287849,-1,0
0.0862,2,0,DONE,4194304,4194304,4194304,10035354119,-1,0
0.0862,3,0,DONE,4194304,4194304,4194304,7472990551,-1,0
0.08622,0,0,INJECTING,732261799,732261799,5027229095,317046480964,-1,0
0.08622,1,0,DONE,4194304,4194304,4194304,28270287849,-1,0
0.08622,2,0,DONE,4194304,4194304,4194304,10035354119,-1,0
0.08622,3,0,DONE,4194304,4194304,4194304,7472990551,-1,0
0.08624,0,0,INJECTING,732261799,732261799,5027229095,317046480964,-1,0
0.08624,1,0,DONE,4194304,4194304,4194304,28270287849,-1,0
0.08624,2,0,DONE,4194304,4194304,4194304,10035354119,-1,0
0.08624,3,0,DONE,4194304,4194304,4194304,7472990551,-1,0
0.08626,0,0,INJECTING,732261799,732261799,5027229095,317046480964,-1,0
0.08626,1,0,DONE,4194304,4194304,4194304,28270287849,-1,0
0.08626,2,0,DONE,4194304,4194304,4194304,10035354119,-1,0
0.08626,3,0,DONE,4194304,4194304,4194304,7472990551,-1,0
0.08628,0,0,INJECTING,732261799,732261799,5027229095,317046480964,-1,0
0.08628,1,0,DONE,4194304,4194304,4194304,28270287849,-1,0
0.08628,2,0,DONE,4194304,4194304,4194304,10035354119,-1,0
0.08628,3,0,DONE,4194304,4194304,4194304,7472990551,-1,0
0.0863,0,0,INJECTING,732261799,732261799,5027229095,317046480964,-1,0
0.0863,1,0,DONE,4194304,4194304,4194304,28270287849,-1,0
0.0863,2,0,DONE,4194304,4194304,4194304,10035354119,-1,0
0.0863,3,0,DONE,4194304,4194304,4194304,7472990551,-1,0
0.08632,0,0,INJECTING,732261799,732261799,5027229095,317046480964,-1,0
0.08632,1,0,DONE,4194304,4194304,4194304,28270287849,-1,0
0.08632,2,0,DONE,4194304,4194304,4194304,10035354119,-1,0
0.08632,3,0,DONE,4194304,4194304,4194304,7472990551,-1,0
0.08634,0,0,INJECTING,732261799,732261799,5027229095,317046480964,-1,0
0.08634,1,0,DONE,4194304,4194304,4194304,28270287849,-1,0
0.08634,2,0,DONE,4194304,4194304,4194304,10035354119,-1,0
0.08634,3,0,DONE,4194304,4194304,4194304,7472990551,-1,0
0.08636,0,0,INJECTING,732261799,732261799,5027229095,317046480964,-1,0
0.08636,1,0,DONE,4194304,4194304,4194304,28270287849,-1,0
0.08636,2,0,DONE,4194304,4194304,4194304,10035354119,-1,0
0.08636,3,0,DONE,4194304,4194304,4194304,7472990551,-1,0
0.08638,0,0,INJECTING,732261799,732261799,5027229095,317046480964,-1,0
0.08638,1,0,DONE,4194304,4194304,4194304,28270287849,-1,0
0.08638,2,0,DONE,4194304,4194304,4194304,10035354119,-1,0
0.08638,3,0,DONE,4194304,4194304,4194304,7472990551,-1,0
0.0864,0,0,INJECTING,732261799,732261799,5027229095,317046480964,-1,0
0.0864,1,0,DONE,4194304,4194304,4194304,28270287849,-1,0
0.0864,2,0,DONE,4194304,4194304,4194304,10035354119,-1,0
0.0864,3,0,DONE,4194304,4194304,4194304,7472990551,-1,0
0.08642,0,0,INJECTING,732261799,732261799,5027229095,317046480964,-1,0
0.08642,1,0,DONE,4194304,4194304,4194304,28270287849,-1,0
0.08642,2,0,DONE,4194304,4194304,4194304,10035354119,-1,0
0.08642,3,0,DONE,4194304,4194304,4194304,7472990551,-1,0
0.08644,0,0,INJECTING,732261799,732261799,5027229095,317046480964,-1,0
0.08644,1,0,DONE,4194304,4194304,4194304,28270287849,-1,0
0.08644,2,0,DONE,4194304,4194304,4194304,10035354119,-1,0
0.08644,3,0,DONE,4194304,4194304,4194304,7472990551,-1,0
0.08646,0,0,INJECTING,732261799,732261799,5027229095,317046480964,-1,0
0.08646,1,0,DONE,4194304,4194304,4194304,28270287849,-1,0
0.08646,2,0,DONE,4194304,4194304,4194304,10035354119,-1,0
0.08646,3,0,DONE,4194304,4194304,4194304,7472990551,-1,0
0.08648,0,0,INJECTING,732261799,732261799,5027229095,317046480964,-1,0
0.08648,1,0,DONE,4194304,4194304,4194304,28270287849,-1,0
0.08648,2,0,DONE,4194304,4194304,4194304,10035354119,-1,0
0.08648,3,0,DONE,4194304,4194304,4194304,7472990551,-1,0
0.0865,0,0,INJECTING,732261799,732261799,5027229095,317046480964,-1,0
0.0865,1,0,DONE,4194304,4194304,4194304,28270287849,-1,0
0.0865,2,0,DONE,4194304,4194304,4194304,10035354119,-1,0
0.0865,3,0,DONE,4194304,4194304,4194304,7472990551,-1,0
0.08652,0,0,INJECTING,732261799,732261799,5027229095,317046480964,-1,0
0.08652,1,0,DONE,4194304,4194304,4194304,28270287849,-1,0
0.08652,2,0,DONE,4194304,4194304,4194304,10035354119,-1,0
0.08652,3,0,DONE,4194304,4194304,4194304,7472990551,-1,0
0.08654,0,0,INJECTING,732261799,732261799,5027229095,317046480964,-1,0
0.08654,1,0,DONE,4194304,4194304,4194304,28270287849,-1,0
0.08654,2,0,DONE,4194304,4194304,4194304,10035354119,-1,0
0.08654,3,0,DONE,4194304,4194304,4194304,7472990551,-1,0
0.08656,0,0,INJECTING,732261799,732261799,5027229095,317046480964,-1,0
0.08656,1,0,DONE,4194304,4194304,4194304,28270287849,-1,0
0.08656,2,0,DONE,4194304,4194304,4194304,10035354119,-1,0
0.08656,3,0,DONE,4194304,4194304,4194304,7472990551,-1,0
0.08658,0,0,INJECTING,732261799,732261799,5027229095,317046480964,-1,0
0.08658,1,0,DONE,4194304,4194304,4194304,28270287849,-1,0
0.08658,2,0,DONE,4194304,4194304,4194304,10035354119,-1,0
0.08658,3,0,DONE,4194304,4194304,4194304,7472990551,-1,0
0.0866,0,0,INJECTING,732261799,732261799,5027229095,317046480964,-1,0
0.0866,1,0,DONE,4194304,4194304,4194304,28270287849,-1,0
0.0866,2,0,DONE,4194304,4194304,4194304,10035354119,-1,0
0.0866,3,0,DONE,4194304,4194304,4194304,7472990551,-1,0
0.08662,0,0,INJECTING,732261799,732261799,5027229095,317046480964,-1,0
0.08662,1,0,DONE,4194304,4194304,4194304,28270287849,-1,0
0.08662,2,0,DONE,4194304,4194304,4194304,10035354119,-1,0
0.08662,3,0,DONE,4194304,4194304,4194304,7472990551,-1,0
0.08664,0,0,INJECTING,732261799,732261799,5027229095,317046480964,-1,0
0.08664,1,0,DONE,4194304,4194304,4194304,28270287849,-1,0
0.08664,2,0,DONE,4194304,4194304,4194304,10035354119,-1,0
0.08664,3,0,DONE,4194304,4194304,4194304,7472990551,-1,0
0.08666,0,0,INJECTING,732261799,732261799,5027229095,317046480964,-1,0
0.08666,1,0,DONE,4194304,4194304,4194304,28270287849,-1,0
0.08666,2,0,DONE,4194304,4194304,4194304,10035354119,-1,0
0.08666,3,0,DONE,4194304,4194304,4194304,7472990551,-1,0
0.08668,0,0,INJECTING,732261799,732261799,5027229095,317046480964,-1,0
0.08668,1,0,DONE,4194304,4194304,4194304,28270287849,-1,0
0.08668,2,0,DONE,4194304,4194304,4194304,10035354119,-1,0
0.08668,3,0,DONE,4194304,4194304,4194304,7472990551,-1,0
0.0867,0,0,INJECTING,732261799,732261799,5027229095,317046480964,-1,0
0.0867,1,0,DONE,4194304,4194304,4194304,28270287849,-1,0
0.0867,2,0,DONE,4194304,4194304,4194304,10035354119,-1,0
0.0867,3,0,DONE,4194304,4194304,4194304,7472990551,-1,0
0.08672,0,0,INJECTING,732261799,732261799,5027229095,317046480964,-1,0
0.08672,1,0,DONE,4194304,4194304,4194304,28270287849,-1,0
0.08672,2,0,DONE,4194304,4194304,4194304,10035354119,-1,0
0.08672,3,0,DONE,4194304,4194304,4194304,7472990551,-1,0
0.08674,0,0,INJECTING,732261799,732261799,5027229095,317046480964,-1,0
0.08674,1,0,DONE,4194304,4194304,4194304,28270287849,-1,0
0.08674,2,0,DONE,4194304,4194304,4194304,10035354119,-1,0
0.08674,3,0,DONE,4194304,4194304,4194304,7472990551,-1,0
0.08676,0,0,INJECTING,732261799,732261799,5027229095,317046480964,-1,0
0.08676,1,0,DONE,4194304,4194304,4194304,28270287849,-1,0
0.08676,2,0,DONE,4194304,4194304,4194304,10035354119,-1,0
0.08676,3,0,DONE,4194304,4194304,4194304,7472990551,-1,0
0.08678,0,0,INJECTING,732261799,732261799,5027229095,317046480964,-1,0
0.08678,1,0,DONE,4194304,4194304,4194304,28270287849,-1,0
0.08678,2,0,DONE,4194304,4194304,4194304,10035354119,-1,0
0.08678,3,0,DONE,4194304,4194304,4194304,7472990551,-1,0
0.0868,0,0,INJECTING,732261799,732261799,5027229095,317046480964,-1,0
0.0868,1,0,DONE,4194304,4194304,4194304,28270287849,-1,0
0.0868,2,0,DONE,4194304,4194304,4194304,10035354119,-1,0
0.0868,3,0,DONE,4194304,4194304,4194304,7472990551,-1,0
0.08682,0,0,INJECTING,732261799,732261799,5027229095,317046480964,-1,0
0.08682,1,0,DONE,4194304,4194304,4194304,28270287849,-1,0
0.08682,2,0,DONE,4194304,4194304,4194304,10035354119,-1,0
0.08682,3,0,DONE,4194304,4194304,4194304,7472990551,-1,0
0.08684,0,0,INJECTING,732261799,732261799,5027229095,317046480964,-1,0
0.08684,1,0,DONE,4194304,4194304,4194304,28270287849,-1,0
0.08684,2,0,DONE,4194304,4194304,4194304,10035354119,-1,0
0.08684,3,0,DONE,4194304,4194304,4194304,7472990551,-1,0
0.08686,0,0,INJECTING,732261799,732261799,5027229095,317046480964,-1,0
0.08686,1,0,DONE,4194304,4194304,4194304,28270287849,-1,0
0.08686,2,0,DONE,4194304,4194304,4194304,10035354119,-1,0
0.08686,3,0,DONE,4194304,4194304,4194304,7472990551,-1,0
0.08688,0,0,INJECTING,732261799,732261799,5027229095,317046480964,-1,0
0.08688,1,0,DONE,4194304,4194304,4194304,28270287849,-1,0
0.08688,2,0,DONE,4194304,4194304,4194304,10035354119,-1,0
0.08688,3,0,DONE,4194304,4194304,4194304,7472990551,-1,0
0.0869,0,0,INJECTING,732261799,732261799,5027229095,317046480964,-1,0
0.0869,1,0,DONE,4194304,4194304,4194304,28270287849,-1,0
0.0869,2,0,DONE,4194304,4194304,4194304,10035354119,-1,0
0.0869,3,0,DONE,4194304,4194304,4194304,7472990551,-1,0
0.08692,0,0,INJECTING,732261799,732261799,5027229095,317046480964,-1,0
0.08692,1,0,DONE,4194304,4194304,4194304,28270287849,-1,0
0.08692,2,0,DONE,4194304,4194304,4194304,10035354119,-1,0
0.08692,3,0,DONE,4194304,4194304,4194304,7472990551,-1,0
0.08694,0,0,INJECTING,732261799,732261799,5027229095,317046480964,-1,0
0.08694,1,0,DONE,4194304,4194304,4194304,28270287849,-1,0
0.08694,2,0,DONE,4194304,4194304,4194304,10035354119,-1,0
0.08694,3,0,DONE,4194304,4194304,4194304,7472990551,-1,0
0.08696,0,0,INJECTING,732261799,732261799,5027229095,317046480964,-1,0
0.08696,1,0,DONE,4194304,4194304,4194304,28270287849,-1,0
0.08696,2,0,DONE,4194304,4194304,4194304,10035354119,-1,0
0.08696,3,0,DONE,4194304,4194304,4194304,7472990551,-1,0
0.08698,0,0,INJECTING,732261799,732261799,5027229095,317046480964,-1,0
0.08698,1,0,DONE,4194304,4194304,4194304,28270287849,-1,0
0.08698,2,0,DONE,4194304,4194304,4194304,10035354119,-1,0
0.08698,3,0,DONE,4194304,4194304,4194304,7472990551,-1,0
0.087,0,0,INJECTING,732261799,732261799,5027229095,317046480964,-1,0
0.087,1,0,DONE,4194304,4194304,4194304,28270287849,-1,0
0.087,2,0,DONE,4194304,4194304,4194304,10035354119,-1,0
0.087,3,0,DONE,4194304,4194304,4194304,7472990551,-1,0
0.08702,0,0,INJECTING,732261799,732261799,5027229095,317046480964,-1,0
0.08702,1,0,DONE,4194304,4194304,4194304,28270287849,-1,0
0.08702,2,0,DONE,4194304,4194304,4194304,10035354119,-1,0
0.08702,3,0,DONE,4194304,4194304,4194304,7472990551,-1,0
0.08704,0,0,INJECTING,732261799,732261799,5027229095,317046480964,-1,0
0.08704,1,0,DONE,4194304,4194304,4194304,28270287849,-1,0
0.08704,2,0,DONE,4194304,4194304,4194304,10035354119,-1,0
0.08704,3,0,DONE,4194304,4194304,4194304,7472990551,-1,0
0.08706,0,0,INJECTING,732261799,732261799,5027229095,317046480964,-1,0
0.08706,1,0,DONE,4194304,4194304,4194304,28270287849,-1,0
0.08706,2,0,DONE,4194304,4194304,4194304,10035354119,-1,0
0.08706,3,0,DONE,4194304,4194304,4194304,7472990551,-1,0
0.08708,0,0,INJECTING,732261799,732261799,5027229095,317046480964,-1,0
0.08708,1,0,DONE,4194304,4194304,4194304,28270287849,-1,0
0.08708,2,0,DONE,4194304,4194304,4194304,10035354119,-1,0
0.08708,3,0,DONE,4194304,4194304,4194304,7472990551,-1,0
0.0871,0,0,INJECTING,732261799,732261799,5027229095,317046480964,-1,0
0.0871,1,0,DONE,4194304,4194304,4194304,28270287849,-1,0
0.0871,2,0,DONE,4194304,4194304,4194304,10035354119,-1,0
0.0871,3,0,DONE,4194304,4194304,4194304,7472990551,-1,0
0.08712,0,0,INJECTING,732261799,732261799,5027229095,317046480964,-1,0
0.08712,1,0,DONE,4194304,4194304,4194304,28270287849,-1,0
0.08712,2,0,DONE,4194304,4194304,4194304,10035354119,-1,0
0.08712,3,0,DONE,4194304,4194304,4194304,7472990551,-1,0
0.08714,0,0,INJECTING,732261799,732261799,5027229095,317046480964,-1,0
0.08714,1,0,DONE,4194304,4194304,4194304,28270287849,-1,0
0.08714,2,0,DONE,4194304,4194304,4194304,10035354119,-1,0
0.08714,3,0,DONE,4194304,4194304,4194304,7472990551,-1,0
0.08716,0,0,INJECTING,732261799,732261799,5027229095,317046480964,-1,0
0.08716,1,0,DONE,4194304,4194304,4194304,28270287849,-1,0
0.08716,2,0,DONE,4194304,4194304,4194304,10035354119,-1,0
0.08716,3,0,DONE,4194304,4194304,4194304,7472990551,-1,0
0.08718,0,0,INJECTING,732261799,732261799,5027229095,317046480964,-1,0
0.08718,1,0,DONE,4194304,4194304,4194304,28270287849,-1,0
0.08718,2,0,DONE,4194304,4194304,4194304,10035354119,-1,0
0.08718,3,0,DONE,4194304,4194304,4194304,7472990551,-1,0
0.0872,0,0,INJECTING,732261799,732261799,5027229095,317046480964,-1,0
0.0872,1,0,DONE,4194304,4194304,4194304,28270287849,-1,0
0.0872,2,0,DONE,4194304,4194304,4194304,10035354119,-1,0
0.0872,3,0,DONE,4194304,4194304,4194304,7472990551,-1,0
0.08722,0,0,INJECTING,732261799,732261799,5027229095,317046480964,-1,0
0.08722,1,0,DONE,4194304,4194304,4194304,28270287849,-1,0
0.08722,2,0,DONE,4194304,4194304,4194304,10035354119,-1,0
0.08722,3,0,DONE,4194304,4194304,4194304,7472990551,-1,0
0.08724,0,0,INJECTING,732261799,732261799,5027229095,317046480964,-1,0
0.08724,1,0,DONE,4194304,4194304,4194304,28270287849,-1,0
0.08724,2,0,DONE,4194304,4194304,4194304,10035354119,-1,0
0.08724,3,0,DONE,4194304,4194304,4194304,7472990551,-1,0
0.08726,0,0,INJECTING,732261799,732261799,5027229095,317046480964,-1,0
0.08726,1,0,DONE,4194304,4194304,4194304,28270287849,-1,0
0.08726,2,0,DONE,4194304,4194304,4194304,10035354119,-1,0
0.08726,3,0,DONE,4194304,4194304,4194304,7472990551,-1,0
0.08728,0,0,INJECTING,732261799,732261799,5027229095,317046480964,-1,0
0.08728,1,0,DONE,4194304,4194304,4194304,28270287849,-1,0
0.08728,2,0,DONE,4194304,4194304,4194304,10035354119,-1,0
0.08728,3,0,DONE,4194304,4194304,4194304,7472990551,-1,0
0.0873,0,0,INJECTING,732261799,732261799,5027229095,317046480964,-1,0
0.0873,1,0,DONE,4194304,4194304,4194304,28270287849,-1,0
0.0873,2,0,DONE,4194304,4194304,4194304,10035354119,-1,0
0.0873,3,0,DONE,4194304,4194304,4194304,7472990551,-1,0
0.08732,0,0,INJECTING,732261799,732261799,5027229095,317046480964,-1,0
0.08732,1,0,DONE,4194304,4194304,4194304,28270287849,-1,0
0.08732,2,0,DONE,4194304,4194304,4194304,10035354119,-1,0
0.08732,3,0,DONE,4194304,4194304,4194304,7472990551,-1,0
0.08734,0,0,INJECTING,732261799,732261799,5027229095,317046480964,-1,0
0.08734,1,0,DONE,4194304,4194304,4194304,28270287849,-1,0
0.08734,2,0,DONE,4194304,4194304,4194304,10035354119,-1,0
0.08734,3,0,DONE,4194304,4194304,4194304,7472990551,-1,0
0.08736,0,0,INJECTING,732261799,732261799,5027229095,317046480964,-1,0
0.08736,1,0,DONE,4194304,4194304,4194304,28270287849,-1,0
0.08736,2,0,DONE,4194304,4194304,4194304,10035354119,-1,0
0.08736,3,0,DONE,4194304,4194304,4194304,7472990551,-1,0
0.08738,0,0,INJECTING,732261799,732261799,5027229095,317046480964,-1,0
0.08738,1,0,DONE,4194304,4194304,4194304,28270287849,-1,0
0.08738,2,0,DONE,4194304,4194304,4194304,10035354119,-1,0
0.08738,3,0,DONE,4194304,4194304,4194304,7472990551,-1,0
0.0874,0,0,INJECTING,732261799,732261799,5027229095,317046480964,-1,0
0.0874,1,0,DONE,4194304,4194304,4194304,28270287849,-1,0
0.0874,2,0,DONE,4194304,4194304,4194304,10035354119,-1,0
0.0874,3,0,DONE,4194304,4194304,4194304,7472990551,-1,0
0.08742,0,0,INJECTING,732261799,732261799,5027229095,317046480964,-1,0
0.08742,1,0,DONE,4194304,4194304,4194304,28270287849,-1,0
0.08742,2,0,DONE,4194304,4194304,4194304,10035354119,-1,0
0.08742,3,0,DONE,4194304,4194304,4194304,7472990551,-1,0
0.08744,0,0,INJECTING,732261799,732261799,5027229095,317046480964,-1,0
0.08744,1,0,DONE,4194304,4194304,4194304,28270287849,-1,0
0.08744,2,0,DONE,4194304,4194304,4194304,10035354119,-1,0
0.08744,3,0,DONE,4194304,4194304,4194304,7472990551,-1,0
0.08746,0,0,INJECTING,732261799,732261799,5027229095,317046480964,-1,0
0.08746,1,0,DONE,4194304,4194304,4194304,28270287849,-1,0
0.08746,2,0,DONE,4194304,4194304,4194304,10035354119,-1,0
0.08746,3,0,DONE,4194304,4194304,4194304,7472990551,-1,0
0.08748,0,0,INJECTING,732261799,732261799,5027229095,317046480964,-1,0
0.08748,1,0,DONE,4194304,4194304,4194304,28270287849,-1,0
0.08748,2,0,DONE,4194304,4194304,4194304,10035354119,-1,0
0.08748,3,0,DONE,4194304,4194304,4194304,7472990551,-1,0
0.0875,0,0,INJECTING,732261799,732261799,5027229095,317046480964,-1,0
0.0875,1,0,DONE,4194304,4194304,4194304,28270287849,-1,0
0.0875,2,0,DONE,4194304,4194304,4194304,10035354119,-1,0
0.0875,3,0,DONE,4194304,4194304,4194304,7472990551,-1,0
0.08752,0,0,INJECTING,732261799,732261799,5027229095,317046480964,-1,0
0.08752,1,0,DONE,4194304,4194304,4194304,28270287849,-1,0
0.08752,2,0,DONE,4194304,4194304,4194304,10035354119,-1,0
0.08752,3,0,DONE,4194304,4194304,4194304,7472990551,-1,0
0.08754,0,0,INJECTING,732261799,732261799,5027229095,317046480964,-1,0
0.08754,1,0,DONE,4194304,4194304,4194304,28270287849,-1,0
0.08754,2,0,DONE,4194304,4194304,4194304,10035354119,-1,0
0.08754,3,0,DONE,4194304,4194304,4194304,7472990551,-1,0
0.08756,0,0,INJECTING,732261799,732261799,5027229095,317046480964,-1,0
0.08756,1,0,DONE,4194304,4194304,4194304,28270287849,-1,0
0.08756,2,0,DONE,4194304,4194304,4194304,10035354119,-1,0
0.08756,3,0,DONE,4194304,4194304,4194304,7472990551,-1,0
0.08758,0,0,INJECTING,732261799,732261799,5027229095,317046480964,-1,0
0.08758,1,0,DONE,4194304,4194304,4194304,28270287849,-1,0
0.08758,2,0,DONE,4194304,4194304,4194304,10035354119,-1,0
0.08758,3,0,DONE,4194304,4194304,4194304,7472990551,-1,0
0.0876,0,0,INJECTING,732261799,732261799,5027229095,317046480964,-1,0
0.0876,1,0,DONE,4194304,4194304,4194304,28270287849,-1,0
0.0876,2,0,DONE,4194304,4194304,4194304,10035354119,-1,0
0.0876,3,0,DONE,4194304,4194304,4194304,7472990551,-1,0
0.08762,0,0,INJECTING,732261799,732261799,5027229095,317046480964,-1,0
0.08762,1,0,DONE,4194304,4194304,4194304,28270287849,-1,0
0.08762,2,0,DONE,4194304,4194304,4194304,10035354119,-1,0
0.08762,3,0,DONE,4194304,4194304,4194304,7472990551,-1,0
0.08764,0,0,INJECTING,732261799,732261799,5027229095,317046480964,-1,0
0.08764,1,0,DONE,4194304,4194304,4194304,28270287849,-1,0
0.08764,2,0,DONE,4194304,4194304,4194304,10035354119,-1,0
0.08764,3,0,DONE,4194304,4194304,4194304,7472990551,-1,0
0.08766,0,0,INJECTING,732261799,732261799,5027229095,317046480964,-1,0
0.08766,1,0,DONE,4194304,4194304,4194304,28270287849,-1,0
0.08766,2,0,DONE,4194304,4194304,4194304,10035354119,-1,0
0.08766,3,0,DONE,4194304,4194304,4194304,7472990551,-1,0
0.08768,0,0,INJECTING,732261799,732261799,5027229095,317046480964,-1,0
0.08768,1,0,DONE,4194304,4194304,4194304,28270287849,-1,0
0.08768,2,0,DONE,4194304,4194304,4194304,10035354119,-1,0
0.08768,3,0,DONE,4194304,4194304,4194304,7472990551,-1,0
0.0877,0,0,INJECTING,732261799,732261799,5027229095,317046480964,-1,0
0.0877,1,0,DONE,4194304,4194304,4194304,28270287849,-1,0
0.0877,2,0,DONE,4194304,4194304,4194304,10035354119,-1,0
0.0877,3,0,DONE,4194304,4194304,4194304,7472990551,-1,0
0.08772,0,0,INJECTING,732261799,732261799,5027229095,317046480964,-1,0
0.08772,1,0,DONE,4194304,4194304,4194304,28270287849,-1,0
0.08772,2,0,DONE,4194304,4194304,4194304,10035354119,-1,0
0.08772,3,0,DONE,4194304,4194304,4194304,7472990551,-1,0
0.08774,0,0,INJECTING,732261799,732261799,5027229095,317046480964,-1,0
0.08774,1,0,DONE,4194304,4194304,4194304,28270287849,-1,0
0.08774,2,0,DONE,4194304,4194304,4194304,10035354119,-1,0
0.08774,3,0,DONE,4194304,4194304,4194304,7472990551,-1,0
0.08776,0,0,INJECTING,732261799,732261799,5027229095,317046480964,-1,0
0.08776,1,0,DONE,4194304,4194304,4194304,28270287849,-1,0
0.08776,2,0,DONE,4194304,4194304,4194304,10035354119,-1,0
0.08776,3,0,DONE,4194304,4194304,4194304,7472990551,-1,0
0.08778,0,0,INJECTING,732261799,732261799,5027229095,317046480964,-1,0
0.08778,1,0,DONE,4194304,4194304,4194304,28270287849,-1,0
0.08778,2,0,DONE,4194304,4194304,4194304,10035354119,-1,0
0.08778,3,0,DONE,4194304,4194304,4194304,7472990551,-1,0
0.0878,0,0,INJECTING,732261799,732261799,5027229095,317046480964,-1,0
0.0878,1,0,DONE,4194304,4194304,4194304,28270287849,-1,0
0.0878,2,0,DONE,4194304,4194304,4194304,10035354119,-1,0
0.0878,3,0,DONE,4194304,4194304,4194304,7472990551,-1,0
0.08782,0,0,INJECTING,732261799,732261799,5027229095,317046480964,-1,0
0.08782,1,0,DONE,4194304,4194304,4194304,28270287849,-1,0
0.08782,2,0,DONE,4194304,4194304,4194304,10035354119,-1,0
0.08782,3,0,DONE,4194304,4194304,4194304,7472990551,-1,0
0.08784,0,0,INJECTING,732261799,732261799,5027229095,317046480964,-1,0
0.08784,1,0,DONE,4194304,4194304,4194304,28270287849,-1,0
0.08784,2,0,DONE,4194304,4194304,4194304,10035354119,-1,0
0.08784,3,0,DONE,4194304,4194304,4194304,7472990551,-1,0
0.08786,0,0,INJECTING,732261799,732261799,5027229095,317046480964,-1,0
0.08786,1,0,DONE,4194304,4194304,4194304,28270287849,-1,0
0.08786,2,0,DONE,4194304,4194304,4194304,10035354119,-1,0
0.08786,3,0,DONE,4194304,4194304,4194304,7472990551,-1,0
0.08788,0,0,INJECTING,732261799,732261799,5027229095,317046480964,-1,0
0.08788,1,0,DONE,4194304,4194304,4194304,28270287849,-1,0
0.08788,2,0,DONE,4194304,4194304,4194304,10035354119,-1,0
0.08788,3,0,DONE,4194304,4194304,4194304,7472990551,-1,0
0.0879,0,0,INJECTING,732261799,732261799,5027229095,317046480964,-1,0
0.0879,1,0,DONE,4194304,4194304,4194304,28270287849,-1,0
0.0879,2,0,DONE,4194304,4194304,4194304,10035354119,-1,0
0.0879,3,0,DONE,4194304,4194304,4194304,7472990551,-1,0
0.08792,0,0,INJECTING,732261799,732261799,5027229095,317046480964,-1,0
0.08792,1,0,DONE,4194304,4194304,4194304,28270287849,-1,0
0.08792,2,0,DONE,4194304,4194304,4194304,10035354119,-1,0
0.08792,3,0,DONE,4194304,4194304,4194304,7472990551,-1,0
0.08794,0,0,INJECTING,732261799,732261799,5027229095,317046480964,-1,0
0.08794,1,0,DONE,4194304,4194304,4194304,28270287849,-1,0
0.08794,2,0,DONE,4194304,4194304,4194304,10035354119,-1,0
0.08794,3,0,DONE,4194304,4194304,4194304,7472990551,-1,0
0.08796,0,0,INJECTING,732261799,732261799,5027229095,317046480964,-1,0
0.08796,1,0,DONE,4194304,4194304,4194304,28270287849,-1,0
0.08796,2,0,DONE,4194304,4194304,4194304,10035354119,-1,0
0.08796,3,0,DONE,4194304,4194304,4194304,7472990551,-1,0
0.08798,0,0,INJECTING,732261799,732261799,5027229095,317046480964,-1,0
0.08798,1,0,DONE,4194304,4194304,4194304,28270287849,-1,0
0.08798,2,0,DONE,4194304,4194304,4194304,10035354119,-1,0
0.08798,3,0,DONE,4194304,4194304,4194304,7472990551,-1,0
